<?xml version="1.0"?>
<!-- Copyright 2005-2006 Ferdinand Prantl <prantl@users.sourceforge.net> -->
<!-- Copyright 2001-2004 The Apache Software Foundation -->
<!-- All rights reserved. -->
<!-- -->
<!-- Licensed under the Apache License, Version 2.0 (the "License"); -->
<!-- you may not use this file except in compliance with the License. -->
<!-- You may obtain a copy of the License at -->
<!-- -->
<!-- http://www.apache.org/licenses/LICENSE-2.0 -->
<!-- -->
<!-- Unless required by applicable law or agreed to in writing, software -->
<!-- distributed under the License is distributed on an "AS IS" BASIS, -->
<!-- WITHOUT WARRANTIES OR CONDITIONS OF ANY KIND, either express or implied. -->
<!-- See the License for the specific language governing permissions and -->
<!-- limitations under the License. -->
<!-- -->
<!-- See http://ant-eclipse.sourceforge.net for the most recent version -->
<!-- and more information. -->

<project name="ant-eclipse" default="eclipse" basedir=".">

  <property environment="env" /> 

  <taskdef name="eclipse" classname="prantl.ant.eclipse.EclipseTask" classpath="lib/ant-eclipse-1.0-jvm1.2.jar" />

  <target name="eclipse">
    <eclipse mode="java">
      <settings>
        <jdtcore compilercompliance="1.3" />
      </settings>
      <project />
      <classpath>
        <source path="src" />
        <source path="tst" />
        <variable path="JUNIT_HOME/junit.jar" source="/JUNIT_SRC_HOME" />
        <library path="${env.ANT_HOME}/lib/ant.jar" source="${env.ANT_HOME}/src.jar" javadoc="file:/${env.ANT_HOME}/docs/manual/api/" />
        <output path="bin" />
      </classpath>
    </eclipse>
  </target>

</project>
