set define off;
DELETE CNT_FIELD_DEFINITION WHERE PARENT_ID = (SELECT ID FROM CNT_ENTITY_DEFINITION WHERE ENTITY_NAME = 'BriefAttachment' AND ENTITY_VERSION = 1);
DELETE CNT_ENTITY_DEFINITION WHERE ENTITY_NAME = 'BriefAttachment' AND ENTITY_VERSION = 1;
DELETE CNT_FIELD_DEFINITION WHERE PARENT_ID = (SELECT ID FROM CNT_ENTITY_DEFINITION WHERE ENTITY_NAME = 'BriefSourAgent' AND ENTITY_VERSION = 1);
DELETE CNT_ENTITY_DEFINITION WHERE ENTITY_NAME = 'BriefSourAgent' AND ENTITY_VERSION = 1;
DELETE CNT_FIELD_DEFINITION WHERE PARENT_ID = (SELECT ID FROM CNT_ENTITY_DEFINITION WHERE ENTITY_NAME = 'BriefImage' AND ENTITY_VERSION = 1);
DELETE CNT_ENTITY_DEFINITION WHERE ENTITY_NAME = 'BriefImage' AND ENTITY_VERSION = 1;
DELETE CNT_FIELD_DEFINITION WHERE PARENT_ID = (SELECT ID FROM CNT_ENTITY_DEFINITION WHERE ENTITY_NAME = 'BriefVendor' AND ENTITY_VERSION = 1);
DELETE CNT_ENTITY_DEFINITION WHERE ENTITY_NAME = 'BriefVendor' AND ENTITY_VERSION = 1;
DELETE CNT_FIELD_DEFINITION WHERE PARENT_ID = (SELECT ID FROM CNT_ENTITY_DEFINITION WHERE ENTITY_NAME = 'BriefHistory' AND ENTITY_VERSION = 1);
DELETE CNT_ENTITY_DEFINITION WHERE ENTITY_NAME = 'BriefHistory' AND ENTITY_VERSION = 1;
DELETE CNT_FIELD_DEFINITION WHERE PARENT_ID = (SELECT ID FROM CNT_ENTITY_DEFINITION WHERE ENTITY_NAME = 'Brief' AND ENTITY_VERSION = 1);
DELETE CNT_ENTITY_DEFINITION WHERE ENTITY_NAME = 'Brief' AND ENTITY_VERSION = 1;
DELETE CNT_FIELD_DEFINITION WHERE PARENT_ID = (SELECT ID FROM CNT_ENTITY_DEFINITION WHERE ENTITY_NAME = 'BriefCust' AND ENTITY_VERSION = 1);
DELETE CNT_ENTITY_DEFINITION WHERE ENTITY_NAME = 'BriefCust' AND ENTITY_VERSION = 1;
INSERT INTO CNT_ENTITY_DEFINITION
 (ID, REVISION, ENTITY_NAME, ENTITY_VERSION, PRODUCT_TABLE_NAME, CUSTOM_TABLE_NAME, REPORT_TABLE_NAME, MODULE, TYPE, REVISION_TRACKING, VERSION_TRACKING, HISTORY_ENTITY_NAME, REF_PATTERN, SYSTEM_ENTITY, CREATE_USER, CREATED_ON, IS_FOR_EXTERNAL)
VALUES ('ece8fb0ca5f345bc87e6ef59420d0c1c', 0, 'BriefAttachment', 1, 'CNT_BRIEF_ATTACHMENT', 'CTM_BRIEF', 'BRIEF_ATTACHMENT', 'brief', 'inner', '', 'ALL', '', '', 0, 'system', systimestamp, 0);
INSERT INTO CNT_FIELD_DEFINITION
 (ID, REVISION, PARENT_ID, FIELD_ID, COLUMN_NAME, COLUMN_TYPE, REPORT_COLUMN_NAME, PRODUCT_FIELD, FIELD_TYPE, ENTITY_LOOKUP, ENTITY_LOOKUP_KEY, ORDER_BY, GENERATOR, REFER_TABLE, KEY_COLUMN, LOOKUP_COLUMN, MANDATORY, MIN_LENGTH, MAX_LENGTH, MIN_VALUE, MAX_VALUE, CONSTANT_VALUE, UNIQUE_KEY, CREATE_USER, CREATED_ON, LINE_NO, MANAGED, FIELD_PATH, DATA_TYPE, DATA1, DATA2, TRANSITIVE_FIELDS, FORMULA, ENTITY_LOOKUP_TYPE)
VALUES ('cda99c358ba544dc9bf2d1f79ff5c3ff', 0, 'ece8fb0ca5f345bc87e6ef59420d0c1c', 'id', 'ID', 'CHAR(32)', '', 1, 'id', '', '', '', 'com.core.cbx.data.generator.UUIDGenerator', '', '', '', 0, 32, 32, NULL, NULL, '', '', 'system', systimestamp, '0', 0, 'entity.briefAttachment.id', '', '', '', '', '', '');
INSERT INTO CNT_FIELD_DEFINITION
 (ID, REVISION, PARENT_ID, FIELD_ID, COLUMN_NAME, COLUMN_TYPE, REPORT_COLUMN_NAME, PRODUCT_FIELD, FIELD_TYPE, ENTITY_LOOKUP, ENTITY_LOOKUP_KEY, ORDER_BY, GENERATOR, REFER_TABLE, KEY_COLUMN, LOOKUP_COLUMN, MANDATORY, MIN_LENGTH, MAX_LENGTH, MIN_VALUE, MAX_VALUE, CONSTANT_VALUE, UNIQUE_KEY, CREATE_USER, CREATED_ON, LINE_NO, MANAGED, FIELD_PATH, DATA_TYPE, DATA1, DATA2, TRANSITIVE_FIELDS, FORMULA, ENTITY_LOOKUP_TYPE)
VALUES ('66547d780b3c4485a5f9abdaed64c52a', 0, 'ece8fb0ca5f345bc87e6ef59420d0c1c', 'revision', 'REVISION', 'NUMBER(20, 0)', '', 1, 'integer', '', '', '', '', '', '', '', 0, NULL, 18, NULL, NULL, '', '', 'system', systimestamp, '1', 0, 'entity.briefAttachment.revision', '', '', '', '', '', '');
INSERT INTO CNT_FIELD_DEFINITION
 (ID, REVISION, PARENT_ID, FIELD_ID, COLUMN_NAME, COLUMN_TYPE, REPORT_COLUMN_NAME, PRODUCT_FIELD, FIELD_TYPE, ENTITY_LOOKUP, ENTITY_LOOKUP_KEY, ORDER_BY, GENERATOR, REFER_TABLE, KEY_COLUMN, LOOKUP_COLUMN, MANDATORY, MIN_LENGTH, MAX_LENGTH, MIN_VALUE, MAX_VALUE, CONSTANT_VALUE, UNIQUE_KEY, CREATE_USER, CREATED_ON, LINE_NO, MANAGED, FIELD_PATH, DATA_TYPE, DATA1, DATA2, TRANSITIVE_FIELDS, FORMULA, ENTITY_LOOKUP_TYPE)
VALUES ('48169a1f030f47ab9570d34c6593d906', 0, 'ece8fb0ca5f345bc87e6ef59420d0c1c', 'entityVersion', 'ENTITY_VERSION', 'NUMBER(20, 0)', '', 1, 'integer', '', '', '', '', '', '', '', 0, NULL, 18, NULL, NULL, '', '', 'system', systimestamp, '2', 0, 'entity.briefAttachment.entityVersion', '', '', '', '', '', '');
INSERT INTO CNT_FIELD_DEFINITION
 (ID, REVISION, PARENT_ID, FIELD_ID, COLUMN_NAME, COLUMN_TYPE, REPORT_COLUMN_NAME, PRODUCT_FIELD, FIELD_TYPE, ENTITY_LOOKUP, ENTITY_LOOKUP_KEY, ORDER_BY, GENERATOR, REFER_TABLE, KEY_COLUMN, LOOKUP_COLUMN, MANDATORY, MIN_LENGTH, MAX_LENGTH, MIN_VALUE, MAX_VALUE, CONSTANT_VALUE, UNIQUE_KEY, CREATE_USER, CREATED_ON, LINE_NO, MANAGED, FIELD_PATH, DATA_TYPE, DATA1, DATA2, TRANSITIVE_FIELDS, FORMULA, ENTITY_LOOKUP_TYPE)
VALUES ('9f84928cffea40ecb25c6d456996f473', 0, 'ece8fb0ca5f345bc87e6ef59420d0c1c', 'domainId', 'DOMAIN_ID', 'NVARCHAR2(400)', '', 1, 'string-m', '', '', '', '', '', '', '', 0, NULL, 400, NULL, NULL, '', '', 'system', systimestamp, '3', 0, 'entity.briefAttachment.domainId', '', '', '', '', '', '');
INSERT INTO CNT_FIELD_DEFINITION
 (ID, REVISION, PARENT_ID, FIELD_ID, COLUMN_NAME, COLUMN_TYPE, REPORT_COLUMN_NAME, PRODUCT_FIELD, FIELD_TYPE, ENTITY_LOOKUP, ENTITY_LOOKUP_KEY, ORDER_BY, GENERATOR, REFER_TABLE, KEY_COLUMN, LOOKUP_COLUMN, MANDATORY, MIN_LENGTH, MAX_LENGTH, MIN_VALUE, MAX_VALUE, CONSTANT_VALUE, UNIQUE_KEY, CREATE_USER, CREATED_ON, LINE_NO, MANAGED, FIELD_PATH, DATA_TYPE, DATA1, DATA2, TRANSITIVE_FIELDS, FORMULA, ENTITY_LOOKUP_TYPE)
VALUES ('3609ce610dae495cb8552858b0420319', 0, 'ece8fb0ca5f345bc87e6ef59420d0c1c', 'hubDomainId', 'HUB_DOMAIN_ID', 'NVARCHAR2(400)', '', 1, 'string-m', '', '', '', '', '', '', '', 0, NULL, 400, NULL, NULL, '', '', 'system', systimestamp, '4', 0, 'entity.briefAttachment.hubDomainId', '', '', '', '', '', '');
INSERT INTO CNT_FIELD_DEFINITION
 (ID, REVISION, PARENT_ID, FIELD_ID, COLUMN_NAME, COLUMN_TYPE, REPORT_COLUMN_NAME, PRODUCT_FIELD, FIELD_TYPE, ENTITY_LOOKUP, ENTITY_LOOKUP_KEY, ORDER_BY, GENERATOR, REFER_TABLE, KEY_COLUMN, LOOKUP_COLUMN, MANDATORY, MIN_LENGTH, MAX_LENGTH, MIN_VALUE, MAX_VALUE, CONSTANT_VALUE, UNIQUE_KEY, CREATE_USER, CREATED_ON, LINE_NO, MANAGED, FIELD_PATH, DATA_TYPE, DATA1, DATA2, TRANSITIVE_FIELDS, FORMULA, ENTITY_LOOKUP_TYPE)
VALUES ('48de9ac5b5284f00b40bbf1514aa7965', 0, 'ece8fb0ca5f345bc87e6ef59420d0c1c', 'isForReference', 'IS_FOR_REFERENCE', 'NUMBER(1,0)', '', 1, 'boolean', '', '', '', '', '', '', '', 0, NULL, NULL, NULL, NULL, '', '', 'system', systimestamp, '5', 0, 'entity.briefAttachment.isForReference', '', '', '', '', '', '');
INSERT INTO CNT_FIELD_DEFINITION
 (ID, REVISION, PARENT_ID, FIELD_ID, COLUMN_NAME, COLUMN_TYPE, REPORT_COLUMN_NAME, PRODUCT_FIELD, FIELD_TYPE, ENTITY_LOOKUP, ENTITY_LOOKUP_KEY, ORDER_BY, GENERATOR, REFER_TABLE, KEY_COLUMN, LOOKUP_COLUMN, MANDATORY, MIN_LENGTH, MAX_LENGTH, MIN_VALUE, MAX_VALUE, CONSTANT_VALUE, UNIQUE_KEY, CREATE_USER, CREATED_ON, LINE_NO, MANAGED, FIELD_PATH, DATA_TYPE, DATA1, DATA2, TRANSITIVE_FIELDS, FORMULA, ENTITY_LOOKUP_TYPE)
VALUES ('2bf852d18e294204bc016093070e13e3', 0, 'ece8fb0ca5f345bc87e6ef59420d0c1c', 'internalSeqNo', 'INTERNAL_SEQ_NO', 'NUMBER(20, 0)', 'n/a', 1, 'integer', '', '', '', '', '', '', '', 0, NULL, 18, NULL, NULL, '', '', 'system', systimestamp, '6', 0, 'entity.briefAttachment.internalSeqNo', '', '', '', '', '', '');
INSERT INTO CNT_FIELD_DEFINITION
 (ID, REVISION, PARENT_ID, FIELD_ID, COLUMN_NAME, COLUMN_TYPE, REPORT_COLUMN_NAME, PRODUCT_FIELD, FIELD_TYPE, ENTITY_LOOKUP, ENTITY_LOOKUP_KEY, ORDER_BY, GENERATOR, REFER_TABLE, KEY_COLUMN, LOOKUP_COLUMN, MANDATORY, MIN_LENGTH, MAX_LENGTH, MIN_VALUE, MAX_VALUE, CONSTANT_VALUE, UNIQUE_KEY, CREATE_USER, CREATED_ON, LINE_NO, MANAGED, FIELD_PATH, DATA_TYPE, DATA1, DATA2, TRANSITIVE_FIELDS, FORMULA, ENTITY_LOOKUP_TYPE)
VALUES ('0873e4d6def643819986dda11a5ce962', 0, 'ece8fb0ca5f345bc87e6ef59420d0c1c', 'briefId', 'BRIEF_ID', 'CHAR(32)', 'BRIEF_SYS_ID', 1, 'id', '', '', '', '', '', '', '', 1, 32, 32, NULL, NULL, '', '', 'system', systimestamp, '7', 0, 'entity.briefAttachment.briefId', '', '', '', '', '', '');
INSERT INTO CNT_FIELD_DEFINITION
 (ID, REVISION, PARENT_ID, FIELD_ID, COLUMN_NAME, COLUMN_TYPE, REPORT_COLUMN_NAME, PRODUCT_FIELD, FIELD_TYPE, ENTITY_LOOKUP, ENTITY_LOOKUP_KEY, ORDER_BY, GENERATOR, REFER_TABLE, KEY_COLUMN, LOOKUP_COLUMN, MANDATORY, MIN_LENGTH, MAX_LENGTH, MIN_VALUE, MAX_VALUE, CONSTANT_VALUE, UNIQUE_KEY, CREATE_USER, CREATED_ON, LINE_NO, MANAGED, FIELD_PATH, DATA_TYPE, DATA1, DATA2, TRANSITIVE_FIELDS, FORMULA, ENTITY_LOOKUP_TYPE)
VALUES ('dc73f95e73cb47398d8502f081ceafc2', 0, 'ece8fb0ca5f345bc87e6ef59420d0c1c', 'description', 'DESCRIPTION', 'NVARCHAR2(1000)', 'DESCRIPTION', 1, 'string-l', '', '', '', '', '', '', '', 0, NULL, 1000, NULL, NULL, '', '', 'system', systimestamp, '8', 0, 'entity.briefAttachment.description', '', '', '', '', '', '');
INSERT INTO CNT_FIELD_DEFINITION
 (ID, REVISION, PARENT_ID, FIELD_ID, COLUMN_NAME, COLUMN_TYPE, REPORT_COLUMN_NAME, PRODUCT_FIELD, FIELD_TYPE, ENTITY_LOOKUP, ENTITY_LOOKUP_KEY, ORDER_BY, GENERATOR, REFER_TABLE, KEY_COLUMN, LOOKUP_COLUMN, MANDATORY, MIN_LENGTH, MAX_LENGTH, MIN_VALUE, MAX_VALUE, CONSTANT_VALUE, UNIQUE_KEY, CREATE_USER, CREATED_ON, LINE_NO, MANAGED, FIELD_PATH, DATA_TYPE, DATA1, DATA2, TRANSITIVE_FIELDS, FORMULA, ENTITY_LOOKUP_TYPE)
VALUES ('3e216af99ae54f63a595ee23736bc584', 0, 'ece8fb0ca5f345bc87e6ef59420d0c1c', 'fileId', 'FILE_ID', 'CHAR(32)', 'ATTACHMENT_SYS_ID', 1, 'entity', 'Attachment', 'id', '', '', '', '', '', 0, 32, 32, NULL, NULL, '', '', 'system', systimestamp, '9', 0, 'entity.briefAttachment.fileId', '', '', '', '', '', '');
INSERT INTO CNT_FIELD_DEFINITION
 (ID, REVISION, PARENT_ID, FIELD_ID, COLUMN_NAME, COLUMN_TYPE, REPORT_COLUMN_NAME, PRODUCT_FIELD, FIELD_TYPE, ENTITY_LOOKUP, ENTITY_LOOKUP_KEY, ORDER_BY, GENERATOR, REFER_TABLE, KEY_COLUMN, LOOKUP_COLUMN, MANDATORY, MIN_LENGTH, MAX_LENGTH, MIN_VALUE, MAX_VALUE, CONSTANT_VALUE, UNIQUE_KEY, CREATE_USER, CREATED_ON, LINE_NO, MANAGED, FIELD_PATH, DATA_TYPE, DATA1, DATA2, TRANSITIVE_FIELDS, FORMULA, ENTITY_LOOKUP_TYPE)
VALUES ('4ea59d127c884d34b042489656a0be5d', 0, 'ece8fb0ca5f345bc87e6ef59420d0c1c', 'attachTypeId', 'ATTACH_TYPE_ID', '', '', 1, 'selection', 'SelectionField', 'parentId', '', '', '', '', '', 0, NULL, NULL, NULL, NULL, '', '', 'system', systimestamp, '10', 0, 'entity.briefAttachment.attachTypeId', 'selection-codelist', 'ATTACHMENT_TYPE', '', '', '', '');
INSERT INTO CNT_FIELD_DEFINITION
 (ID, REVISION, PARENT_ID, FIELD_ID, COLUMN_NAME, COLUMN_TYPE, REPORT_COLUMN_NAME, PRODUCT_FIELD, FIELD_TYPE, ENTITY_LOOKUP, ENTITY_LOOKUP_KEY, ORDER_BY, GENERATOR, REFER_TABLE, KEY_COLUMN, LOOKUP_COLUMN, MANDATORY, MIN_LENGTH, MAX_LENGTH, MIN_VALUE, MAX_VALUE, CONSTANT_VALUE, UNIQUE_KEY, CREATE_USER, CREATED_ON, LINE_NO, MANAGED, FIELD_PATH, DATA_TYPE, DATA1, DATA2, TRANSITIVE_FIELDS, FORMULA, ENTITY_LOOKUP_TYPE)
VALUES ('0c025192ec7d490e97b665704ad2a7c5', 0, 'ece8fb0ca5f345bc87e6ef59420d0c1c', 'custText1', 'CUST_TEXT1', 'NVARCHAR2(1000)', 'CUSTOM_FIELD_TEXT1', 0, 'string-l', '', '', '', '', '', '', '', 0, NULL, 1000, NULL, NULL, '', '', 'system', systimestamp, '11', 0, 'entity.briefAttachment.custText1', '', '', '', '', '', '');
INSERT INTO CNT_FIELD_DEFINITION
 (ID, REVISION, PARENT_ID, FIELD_ID, COLUMN_NAME, COLUMN_TYPE, REPORT_COLUMN_NAME, PRODUCT_FIELD, FIELD_TYPE, ENTITY_LOOKUP, ENTITY_LOOKUP_KEY, ORDER_BY, GENERATOR, REFER_TABLE, KEY_COLUMN, LOOKUP_COLUMN, MANDATORY, MIN_LENGTH, MAX_LENGTH, MIN_VALUE, MAX_VALUE, CONSTANT_VALUE, UNIQUE_KEY, CREATE_USER, CREATED_ON, LINE_NO, MANAGED, FIELD_PATH, DATA_TYPE, DATA1, DATA2, TRANSITIVE_FIELDS, FORMULA, ENTITY_LOOKUP_TYPE)
VALUES ('19c3e0eea23c42118e41c09e33f20d0b', 0, 'ece8fb0ca5f345bc87e6ef59420d0c1c', 'custText2', 'CUST_TEXT2', 'NVARCHAR2(1000)', 'CUSTOM_FIELD_TEXT2', 0, 'string-l', '', '', '', '', '', '', '', 0, NULL, 1000, NULL, NULL, '', '', 'system', systimestamp, '12', 0, 'entity.briefAttachment.custText2', '', '', '', '', '', '');
INSERT INTO CNT_FIELD_DEFINITION
 (ID, REVISION, PARENT_ID, FIELD_ID, COLUMN_NAME, COLUMN_TYPE, REPORT_COLUMN_NAME, PRODUCT_FIELD, FIELD_TYPE, ENTITY_LOOKUP, ENTITY_LOOKUP_KEY, ORDER_BY, GENERATOR, REFER_TABLE, KEY_COLUMN, LOOKUP_COLUMN, MANDATORY, MIN_LENGTH, MAX_LENGTH, MIN_VALUE, MAX_VALUE, CONSTANT_VALUE, UNIQUE_KEY, CREATE_USER, CREATED_ON, LINE_NO, MANAGED, FIELD_PATH, DATA_TYPE, DATA1, DATA2, TRANSITIVE_FIELDS, FORMULA, ENTITY_LOOKUP_TYPE)
VALUES ('abd487e166ff417e9f66313f56e9088b', 0, 'ece8fb0ca5f345bc87e6ef59420d0c1c', 'custText3', 'CUST_TEXT3', 'NVARCHAR2(1000)', 'CUSTOM_FIELD_TEXT3', 0, 'string-l', '', '', '', '', '', '', '', 0, NULL, 1000, NULL, NULL, '', '', 'system', systimestamp, '13', 0, 'entity.briefAttachment.custText3', '', '', '', '', '', '');
INSERT INTO CNT_FIELD_DEFINITION
 (ID, REVISION, PARENT_ID, FIELD_ID, COLUMN_NAME, COLUMN_TYPE, REPORT_COLUMN_NAME, PRODUCT_FIELD, FIELD_TYPE, ENTITY_LOOKUP, ENTITY_LOOKUP_KEY, ORDER_BY, GENERATOR, REFER_TABLE, KEY_COLUMN, LOOKUP_COLUMN, MANDATORY, MIN_LENGTH, MAX_LENGTH, MIN_VALUE, MAX_VALUE, CONSTANT_VALUE, UNIQUE_KEY, CREATE_USER, CREATED_ON, LINE_NO, MANAGED, FIELD_PATH, DATA_TYPE, DATA1, DATA2, TRANSITIVE_FIELDS, FORMULA, ENTITY_LOOKUP_TYPE)
VALUES ('ac48051bfb594aecba47a39645a0848b', 0, 'ece8fb0ca5f345bc87e6ef59420d0c1c', 'custText4', 'CUST_TEXT4', 'NVARCHAR2(1000)', 'CUSTOM_FIELD_TEXT4', 0, 'string-l', '', '', '', '', '', '', '', 0, NULL, 1000, NULL, NULL, '', '', 'system', systimestamp, '14', 0, 'entity.briefAttachment.custText4', '', '', '', '', '', '');
INSERT INTO CNT_FIELD_DEFINITION
 (ID, REVISION, PARENT_ID, FIELD_ID, COLUMN_NAME, COLUMN_TYPE, REPORT_COLUMN_NAME, PRODUCT_FIELD, FIELD_TYPE, ENTITY_LOOKUP, ENTITY_LOOKUP_KEY, ORDER_BY, GENERATOR, REFER_TABLE, KEY_COLUMN, LOOKUP_COLUMN, MANDATORY, MIN_LENGTH, MAX_LENGTH, MIN_VALUE, MAX_VALUE, CONSTANT_VALUE, UNIQUE_KEY, CREATE_USER, CREATED_ON, LINE_NO, MANAGED, FIELD_PATH, DATA_TYPE, DATA1, DATA2, TRANSITIVE_FIELDS, FORMULA, ENTITY_LOOKUP_TYPE)
VALUES ('c00ecee263b448b7a1d0dbb48de6b9a8', 0, 'ece8fb0ca5f345bc87e6ef59420d0c1c', 'custText5', 'CUST_TEXT5', 'NVARCHAR2(1000)', 'CUSTOM_FIELD_TEXT5', 0, 'string-l', '', '', '', '', '', '', '', 0, NULL, 1000, NULL, NULL, '', '', 'system', systimestamp, '15', 0, 'entity.briefAttachment.custText5', '', '', '', '', '', '');
INSERT INTO CNT_FIELD_DEFINITION
 (ID, REVISION, PARENT_ID, FIELD_ID, COLUMN_NAME, COLUMN_TYPE, REPORT_COLUMN_NAME, PRODUCT_FIELD, FIELD_TYPE, ENTITY_LOOKUP, ENTITY_LOOKUP_KEY, ORDER_BY, GENERATOR, REFER_TABLE, KEY_COLUMN, LOOKUP_COLUMN, MANDATORY, MIN_LENGTH, MAX_LENGTH, MIN_VALUE, MAX_VALUE, CONSTANT_VALUE, UNIQUE_KEY, CREATE_USER, CREATED_ON, LINE_NO, MANAGED, FIELD_PATH, DATA_TYPE, DATA1, DATA2, TRANSITIVE_FIELDS, FORMULA, ENTITY_LOOKUP_TYPE)
VALUES ('2f125e27b4644acda1786e075e1bb497', 0, 'ece8fb0ca5f345bc87e6ef59420d0c1c', 'custText6', 'CUST_TEXT6', 'NVARCHAR2(1000)', 'CUSTOM_FIELD_TEXT6', 0, 'string-l', '', '', '', '', '', '', '', 0, NULL, 1000, NULL, NULL, '', '', 'system', systimestamp, '16', 0, 'entity.briefAttachment.custText6', '', '', '', '', '', '');
INSERT INTO CNT_FIELD_DEFINITION
 (ID, REVISION, PARENT_ID, FIELD_ID, COLUMN_NAME, COLUMN_TYPE, REPORT_COLUMN_NAME, PRODUCT_FIELD, FIELD_TYPE, ENTITY_LOOKUP, ENTITY_LOOKUP_KEY, ORDER_BY, GENERATOR, REFER_TABLE, KEY_COLUMN, LOOKUP_COLUMN, MANDATORY, MIN_LENGTH, MAX_LENGTH, MIN_VALUE, MAX_VALUE, CONSTANT_VALUE, UNIQUE_KEY, CREATE_USER, CREATED_ON, LINE_NO, MANAGED, FIELD_PATH, DATA_TYPE, DATA1, DATA2, TRANSITIVE_FIELDS, FORMULA, ENTITY_LOOKUP_TYPE)
VALUES ('2c674788da9c443faf3d0f6ab79821ff', 0, 'ece8fb0ca5f345bc87e6ef59420d0c1c', 'custText7', 'CUST_TEXT7', 'NVARCHAR2(1000)', 'CUSTOM_FIELD_TEXT7', 0, 'string-l', '', '', '', '', '', '', '', 0, NULL, 1000, NULL, NULL, '', '', 'system', systimestamp, '17', 0, 'entity.briefAttachment.custText7', '', '', '', '', '', '');
INSERT INTO CNT_FIELD_DEFINITION
 (ID, REVISION, PARENT_ID, FIELD_ID, COLUMN_NAME, COLUMN_TYPE, REPORT_COLUMN_NAME, PRODUCT_FIELD, FIELD_TYPE, ENTITY_LOOKUP, ENTITY_LOOKUP_KEY, ORDER_BY, GENERATOR, REFER_TABLE, KEY_COLUMN, LOOKUP_COLUMN, MANDATORY, MIN_LENGTH, MAX_LENGTH, MIN_VALUE, MAX_VALUE, CONSTANT_VALUE, UNIQUE_KEY, CREATE_USER, CREATED_ON, LINE_NO, MANAGED, FIELD_PATH, DATA_TYPE, DATA1, DATA2, TRANSITIVE_FIELDS, FORMULA, ENTITY_LOOKUP_TYPE)
VALUES ('62db8c3c267b4fc7a26d87ecb20aaf61', 0, 'ece8fb0ca5f345bc87e6ef59420d0c1c', 'custDate1', 'CUST_DATE1', 'DATE', 'CUSTOM_FIELD_DATE1', 0, 'date', '', '', '', '', '', '', '', 0, NULL, NULL, NULL, NULL, '', '', 'system', systimestamp, '18', 0, 'entity.briefAttachment.custDate1', '', '', '', '', '', '');
INSERT INTO CNT_FIELD_DEFINITION
 (ID, REVISION, PARENT_ID, FIELD_ID, COLUMN_NAME, COLUMN_TYPE, REPORT_COLUMN_NAME, PRODUCT_FIELD, FIELD_TYPE, ENTITY_LOOKUP, ENTITY_LOOKUP_KEY, ORDER_BY, GENERATOR, REFER_TABLE, KEY_COLUMN, LOOKUP_COLUMN, MANDATORY, MIN_LENGTH, MAX_LENGTH, MIN_VALUE, MAX_VALUE, CONSTANT_VALUE, UNIQUE_KEY, CREATE_USER, CREATED_ON, LINE_NO, MANAGED, FIELD_PATH, DATA_TYPE, DATA1, DATA2, TRANSITIVE_FIELDS, FORMULA, ENTITY_LOOKUP_TYPE)
VALUES ('9e3c204753ff48e58a68a79008466a7b', 0, 'ece8fb0ca5f345bc87e6ef59420d0c1c', 'custDate2', 'CUST_DATE2', 'DATE', 'CUSTOM_FIELD_DATE2', 0, 'date', '', '', '', '', '', '', '', 0, NULL, NULL, NULL, NULL, '', '', 'system', systimestamp, '19', 0, 'entity.briefAttachment.custDate2', '', '', '', '', '', '');
INSERT INTO CNT_FIELD_DEFINITION
 (ID, REVISION, PARENT_ID, FIELD_ID, COLUMN_NAME, COLUMN_TYPE, REPORT_COLUMN_NAME, PRODUCT_FIELD, FIELD_TYPE, ENTITY_LOOKUP, ENTITY_LOOKUP_KEY, ORDER_BY, GENERATOR, REFER_TABLE, KEY_COLUMN, LOOKUP_COLUMN, MANDATORY, MIN_LENGTH, MAX_LENGTH, MIN_VALUE, MAX_VALUE, CONSTANT_VALUE, UNIQUE_KEY, CREATE_USER, CREATED_ON, LINE_NO, MANAGED, FIELD_PATH, DATA_TYPE, DATA1, DATA2, TRANSITIVE_FIELDS, FORMULA, ENTITY_LOOKUP_TYPE)
VALUES ('75ee3adcb2b34be99e00db41824f2365', 0, 'ece8fb0ca5f345bc87e6ef59420d0c1c', 'custDate3', 'CUST_DATE3', 'DATE', 'CUSTOM_FIELD_DATE3', 0, 'date', '', '', '', '', '', '', '', 0, NULL, NULL, NULL, NULL, '', '', 'system', systimestamp, '20', 0, 'entity.briefAttachment.custDate3', '', '', '', '', '', '');
INSERT INTO CNT_FIELD_DEFINITION
 (ID, REVISION, PARENT_ID, FIELD_ID, COLUMN_NAME, COLUMN_TYPE, REPORT_COLUMN_NAME, PRODUCT_FIELD, FIELD_TYPE, ENTITY_LOOKUP, ENTITY_LOOKUP_KEY, ORDER_BY, GENERATOR, REFER_TABLE, KEY_COLUMN, LOOKUP_COLUMN, MANDATORY, MIN_LENGTH, MAX_LENGTH, MIN_VALUE, MAX_VALUE, CONSTANT_VALUE, UNIQUE_KEY, CREATE_USER, CREATED_ON, LINE_NO, MANAGED, FIELD_PATH, DATA_TYPE, DATA1, DATA2, TRANSITIVE_FIELDS, FORMULA, ENTITY_LOOKUP_TYPE)
VALUES ('aae6d9e18d4b4ae3b26a5f164d93da10', 0, 'ece8fb0ca5f345bc87e6ef59420d0c1c', 'custDate4', 'CUST_DATE4', 'DATE', 'CUSTOM_FIELD_DATE4', 0, 'date', '', '', '', '', '', '', '', 0, NULL, NULL, NULL, NULL, '', '', 'system', systimestamp, '21', 0, 'entity.briefAttachment.custDate4', '', '', '', '', '', '');
INSERT INTO CNT_FIELD_DEFINITION
 (ID, REVISION, PARENT_ID, FIELD_ID, COLUMN_NAME, COLUMN_TYPE, REPORT_COLUMN_NAME, PRODUCT_FIELD, FIELD_TYPE, ENTITY_LOOKUP, ENTITY_LOOKUP_KEY, ORDER_BY, GENERATOR, REFER_TABLE, KEY_COLUMN, LOOKUP_COLUMN, MANDATORY, MIN_LENGTH, MAX_LENGTH, MIN_VALUE, MAX_VALUE, CONSTANT_VALUE, UNIQUE_KEY, CREATE_USER, CREATED_ON, LINE_NO, MANAGED, FIELD_PATH, DATA_TYPE, DATA1, DATA2, TRANSITIVE_FIELDS, FORMULA, ENTITY_LOOKUP_TYPE)
VALUES ('d7c622640d4a4afdb0ef148734d922a5', 0, 'ece8fb0ca5f345bc87e6ef59420d0c1c', 'custDate5', 'CUST_DATE5', 'DATE', 'CUSTOM_FIELD_DATE5', 0, 'date', '', '', '', '', '', '', '', 0, NULL, NULL, NULL, NULL, '', '', 'system', systimestamp, '22', 0, 'entity.briefAttachment.custDate5', '', '', '', '', '', '');
INSERT INTO CNT_FIELD_DEFINITION
 (ID, REVISION, PARENT_ID, FIELD_ID, COLUMN_NAME, COLUMN_TYPE, REPORT_COLUMN_NAME, PRODUCT_FIELD, FIELD_TYPE, ENTITY_LOOKUP, ENTITY_LOOKUP_KEY, ORDER_BY, GENERATOR, REFER_TABLE, KEY_COLUMN, LOOKUP_COLUMN, MANDATORY, MIN_LENGTH, MAX_LENGTH, MIN_VALUE, MAX_VALUE, CONSTANT_VALUE, UNIQUE_KEY, CREATE_USER, CREATED_ON, LINE_NO, MANAGED, FIELD_PATH, DATA_TYPE, DATA1, DATA2, TRANSITIVE_FIELDS, FORMULA, ENTITY_LOOKUP_TYPE)
VALUES ('0f670f618f5c4f2289589a25e0fd7ab6', 0, 'ece8fb0ca5f345bc87e6ef59420d0c1c', 'custDate6', 'CUST_DATE6', 'DATE', 'CUSTOM_FIELD_DATE6', 0, 'date', '', '', '', '', '', '', '', 0, NULL, NULL, NULL, NULL, '', '', 'system', systimestamp, '23', 0, 'entity.briefAttachment.custDate6', '', '', '', '', '', '');
INSERT INTO CNT_FIELD_DEFINITION
 (ID, REVISION, PARENT_ID, FIELD_ID, COLUMN_NAME, COLUMN_TYPE, REPORT_COLUMN_NAME, PRODUCT_FIELD, FIELD_TYPE, ENTITY_LOOKUP, ENTITY_LOOKUP_KEY, ORDER_BY, GENERATOR, REFER_TABLE, KEY_COLUMN, LOOKUP_COLUMN, MANDATORY, MIN_LENGTH, MAX_LENGTH, MIN_VALUE, MAX_VALUE, CONSTANT_VALUE, UNIQUE_KEY, CREATE_USER, CREATED_ON, LINE_NO, MANAGED, FIELD_PATH, DATA_TYPE, DATA1, DATA2, TRANSITIVE_FIELDS, FORMULA, ENTITY_LOOKUP_TYPE)
VALUES ('2bfe08f72e0e4f40a5876d364975ef94', 0, 'ece8fb0ca5f345bc87e6ef59420d0c1c', 'custDate7', 'CUST_DATE7', 'DATE', 'CUSTOM_FIELD_DATE7', 0, 'date', '', '', '', '', '', '', '', 0, NULL, NULL, NULL, NULL, '', '', 'system', systimestamp, '24', 0, 'entity.briefAttachment.custDate7', '', '', '', '', '', '');
INSERT INTO CNT_FIELD_DEFINITION
 (ID, REVISION, PARENT_ID, FIELD_ID, COLUMN_NAME, COLUMN_TYPE, REPORT_COLUMN_NAME, PRODUCT_FIELD, FIELD_TYPE, ENTITY_LOOKUP, ENTITY_LOOKUP_KEY, ORDER_BY, GENERATOR, REFER_TABLE, KEY_COLUMN, LOOKUP_COLUMN, MANDATORY, MIN_LENGTH, MAX_LENGTH, MIN_VALUE, MAX_VALUE, CONSTANT_VALUE, UNIQUE_KEY, CREATE_USER, CREATED_ON, LINE_NO, MANAGED, FIELD_PATH, DATA_TYPE, DATA1, DATA2, TRANSITIVE_FIELDS, FORMULA, ENTITY_LOOKUP_TYPE)
VALUES ('663134e6ed974483b7949dc6236c76b3', 0, 'ece8fb0ca5f345bc87e6ef59420d0c1c', 'custNumber1', 'CUST_NUMBER1', 'NUMBER(20, 0)', 'CUSTOM_FIELD_NUMBER1', 0, 'integer', '', '', '', '', '', '', '', 0, NULL, 18, NULL, NULL, '', '', 'system', systimestamp, '25', 0, 'entity.briefAttachment.custNumber1', '', '', '', '', '', '');
INSERT INTO CNT_FIELD_DEFINITION
 (ID, REVISION, PARENT_ID, FIELD_ID, COLUMN_NAME, COLUMN_TYPE, REPORT_COLUMN_NAME, PRODUCT_FIELD, FIELD_TYPE, ENTITY_LOOKUP, ENTITY_LOOKUP_KEY, ORDER_BY, GENERATOR, REFER_TABLE, KEY_COLUMN, LOOKUP_COLUMN, MANDATORY, MIN_LENGTH, MAX_LENGTH, MIN_VALUE, MAX_VALUE, CONSTANT_VALUE, UNIQUE_KEY, CREATE_USER, CREATED_ON, LINE_NO, MANAGED, FIELD_PATH, DATA_TYPE, DATA1, DATA2, TRANSITIVE_FIELDS, FORMULA, ENTITY_LOOKUP_TYPE)
VALUES ('ac63c6333d794c3488fc506a807dee91', 0, 'ece8fb0ca5f345bc87e6ef59420d0c1c', 'custNumber2', 'CUST_NUMBER2', 'NUMBER(20, 0)', 'CUSTOM_FIELD_NUMBER2', 0, 'integer', '', '', '', '', '', '', '', 0, NULL, 18, NULL, NULL, '', '', 'system', systimestamp, '26', 0, 'entity.briefAttachment.custNumber2', '', '', '', '', '', '');
INSERT INTO CNT_FIELD_DEFINITION
 (ID, REVISION, PARENT_ID, FIELD_ID, COLUMN_NAME, COLUMN_TYPE, REPORT_COLUMN_NAME, PRODUCT_FIELD, FIELD_TYPE, ENTITY_LOOKUP, ENTITY_LOOKUP_KEY, ORDER_BY, GENERATOR, REFER_TABLE, KEY_COLUMN, LOOKUP_COLUMN, MANDATORY, MIN_LENGTH, MAX_LENGTH, MIN_VALUE, MAX_VALUE, CONSTANT_VALUE, UNIQUE_KEY, CREATE_USER, CREATED_ON, LINE_NO, MANAGED, FIELD_PATH, DATA_TYPE, DATA1, DATA2, TRANSITIVE_FIELDS, FORMULA, ENTITY_LOOKUP_TYPE)
VALUES ('588d82ac3ee84b5cbade0506837dbe6c', 0, 'ece8fb0ca5f345bc87e6ef59420d0c1c', 'custNumber3', 'CUST_NUMBER3', 'NUMBER(20, 0)', 'CUSTOM_FIELD_NUMBER3', 0, 'integer', '', '', '', '', '', '', '', 0, NULL, 18, NULL, NULL, '', '', 'system', systimestamp, '27', 0, 'entity.briefAttachment.custNumber3', '', '', '', '', '', '');
INSERT INTO CNT_FIELD_DEFINITION
 (ID, REVISION, PARENT_ID, FIELD_ID, COLUMN_NAME, COLUMN_TYPE, REPORT_COLUMN_NAME, PRODUCT_FIELD, FIELD_TYPE, ENTITY_LOOKUP, ENTITY_LOOKUP_KEY, ORDER_BY, GENERATOR, REFER_TABLE, KEY_COLUMN, LOOKUP_COLUMN, MANDATORY, MIN_LENGTH, MAX_LENGTH, MIN_VALUE, MAX_VALUE, CONSTANT_VALUE, UNIQUE_KEY, CREATE_USER, CREATED_ON, LINE_NO, MANAGED, FIELD_PATH, DATA_TYPE, DATA1, DATA2, TRANSITIVE_FIELDS, FORMULA, ENTITY_LOOKUP_TYPE)
VALUES ('fafbc53328364b2986a9e4644416dd30', 0, 'ece8fb0ca5f345bc87e6ef59420d0c1c', 'custNumber4', 'CUST_NUMBER4', 'NUMBER(20, 0)', 'CUSTOM_FIELD_NUMBER4', 0, 'integer', '', '', '', '', '', '', '', 0, NULL, 18, NULL, NULL, '', '', 'system', systimestamp, '28', 0, 'entity.briefAttachment.custNumber4', '', '', '', '', '', '');
INSERT INTO CNT_FIELD_DEFINITION
 (ID, REVISION, PARENT_ID, FIELD_ID, COLUMN_NAME, COLUMN_TYPE, REPORT_COLUMN_NAME, PRODUCT_FIELD, FIELD_TYPE, ENTITY_LOOKUP, ENTITY_LOOKUP_KEY, ORDER_BY, GENERATOR, REFER_TABLE, KEY_COLUMN, LOOKUP_COLUMN, MANDATORY, MIN_LENGTH, MAX_LENGTH, MIN_VALUE, MAX_VALUE, CONSTANT_VALUE, UNIQUE_KEY, CREATE_USER, CREATED_ON, LINE_NO, MANAGED, FIELD_PATH, DATA_TYPE, DATA1, DATA2, TRANSITIVE_FIELDS, FORMULA, ENTITY_LOOKUP_TYPE)
VALUES ('113dd03ba3804bc0a83cfbad492b8817', 0, 'ece8fb0ca5f345bc87e6ef59420d0c1c', 'custNumber5', 'CUST_NUMBER5', 'NUMBER(20, 0)', 'CUSTOM_FIELD_NUMBER5', 0, 'integer', '', '', '', '', '', '', '', 0, NULL, 18, NULL, NULL, '', '', 'system', systimestamp, '29', 0, 'entity.briefAttachment.custNumber5', '', '', '', '', '', '');
INSERT INTO CNT_FIELD_DEFINITION
 (ID, REVISION, PARENT_ID, FIELD_ID, COLUMN_NAME, COLUMN_TYPE, REPORT_COLUMN_NAME, PRODUCT_FIELD, FIELD_TYPE, ENTITY_LOOKUP, ENTITY_LOOKUP_KEY, ORDER_BY, GENERATOR, REFER_TABLE, KEY_COLUMN, LOOKUP_COLUMN, MANDATORY, MIN_LENGTH, MAX_LENGTH, MIN_VALUE, MAX_VALUE, CONSTANT_VALUE, UNIQUE_KEY, CREATE_USER, CREATED_ON, LINE_NO, MANAGED, FIELD_PATH, DATA_TYPE, DATA1, DATA2, TRANSITIVE_FIELDS, FORMULA, ENTITY_LOOKUP_TYPE)
VALUES ('109d0bee24264bb4b8d8db8ef108b7b8', 0, 'ece8fb0ca5f345bc87e6ef59420d0c1c', 'custNumber6', 'CUST_NUMBER6', 'NUMBER(20, 0)', 'CUSTOM_FIELD_NUMBER6', 0, 'integer', '', '', '', '', '', '', '', 0, NULL, 18, NULL, NULL, '', '', 'system', systimestamp, '30', 0, 'entity.briefAttachment.custNumber6', '', '', '', '', '', '');
INSERT INTO CNT_FIELD_DEFINITION
 (ID, REVISION, PARENT_ID, FIELD_ID, COLUMN_NAME, COLUMN_TYPE, REPORT_COLUMN_NAME, PRODUCT_FIELD, FIELD_TYPE, ENTITY_LOOKUP, ENTITY_LOOKUP_KEY, ORDER_BY, GENERATOR, REFER_TABLE, KEY_COLUMN, LOOKUP_COLUMN, MANDATORY, MIN_LENGTH, MAX_LENGTH, MIN_VALUE, MAX_VALUE, CONSTANT_VALUE, UNIQUE_KEY, CREATE_USER, CREATED_ON, LINE_NO, MANAGED, FIELD_PATH, DATA_TYPE, DATA1, DATA2, TRANSITIVE_FIELDS, FORMULA, ENTITY_LOOKUP_TYPE)
VALUES ('c56b5342809449e9ac3f0a6cc4b1242b', 0, 'ece8fb0ca5f345bc87e6ef59420d0c1c', 'custNumber7', 'CUST_NUMBER7', 'NUMBER(20, 0)', 'CUSTOM_FIELD_NUMBER7', 0, 'integer', '', '', '', '', '', '', '', 0, NULL, 18, NULL, NULL, '', '', 'system', systimestamp, '31', 0, 'entity.briefAttachment.custNumber7', '', '', '', '', '', '');
INSERT INTO CNT_FIELD_DEFINITION
 (ID, REVISION, PARENT_ID, FIELD_ID, COLUMN_NAME, COLUMN_TYPE, REPORT_COLUMN_NAME, PRODUCT_FIELD, FIELD_TYPE, ENTITY_LOOKUP, ENTITY_LOOKUP_KEY, ORDER_BY, GENERATOR, REFER_TABLE, KEY_COLUMN, LOOKUP_COLUMN, MANDATORY, MIN_LENGTH, MAX_LENGTH, MIN_VALUE, MAX_VALUE, CONSTANT_VALUE, UNIQUE_KEY, CREATE_USER, CREATED_ON, LINE_NO, MANAGED, FIELD_PATH, DATA_TYPE, DATA1, DATA2, TRANSITIVE_FIELDS, FORMULA, ENTITY_LOOKUP_TYPE)
VALUES ('b10faa93bb214f6d870780dfdebeb16d', 0, 'ece8fb0ca5f345bc87e6ef59420d0c1c', 'custDecimal1', 'CUST_DECIMAL1', 'NUMBER(25, 5)', 'CUSTOM_FIELD_DECIMAL1', 0, 'decimal-rate', '', '', '', '', '', '', '', 0, NULL, 20, NULL, NULL, '', '', 'system', systimestamp, '32', 0, 'entity.briefAttachment.custDecimal1', '', '', '', '', '', '');
INSERT INTO CNT_FIELD_DEFINITION
 (ID, REVISION, PARENT_ID, FIELD_ID, COLUMN_NAME, COLUMN_TYPE, REPORT_COLUMN_NAME, PRODUCT_FIELD, FIELD_TYPE, ENTITY_LOOKUP, ENTITY_LOOKUP_KEY, ORDER_BY, GENERATOR, REFER_TABLE, KEY_COLUMN, LOOKUP_COLUMN, MANDATORY, MIN_LENGTH, MAX_LENGTH, MIN_VALUE, MAX_VALUE, CONSTANT_VALUE, UNIQUE_KEY, CREATE_USER, CREATED_ON, LINE_NO, MANAGED, FIELD_PATH, DATA_TYPE, DATA1, DATA2, TRANSITIVE_FIELDS, FORMULA, ENTITY_LOOKUP_TYPE)
VALUES ('c5bd13213e774b3184c31108677bbe45', 0, 'ece8fb0ca5f345bc87e6ef59420d0c1c', 'custDecimal2', 'CUST_DECIMAL2', 'NUMBER(25, 5)', 'CUSTOM_FIELD_DECIMAL2', 0, 'decimal-rate', '', '', '', '', '', '', '', 0, NULL, 20, NULL, NULL, '', '', 'system', systimestamp, '33', 0, 'entity.briefAttachment.custDecimal2', '', '', '', '', '', '');
INSERT INTO CNT_FIELD_DEFINITION
 (ID, REVISION, PARENT_ID, FIELD_ID, COLUMN_NAME, COLUMN_TYPE, REPORT_COLUMN_NAME, PRODUCT_FIELD, FIELD_TYPE, ENTITY_LOOKUP, ENTITY_LOOKUP_KEY, ORDER_BY, GENERATOR, REFER_TABLE, KEY_COLUMN, LOOKUP_COLUMN, MANDATORY, MIN_LENGTH, MAX_LENGTH, MIN_VALUE, MAX_VALUE, CONSTANT_VALUE, UNIQUE_KEY, CREATE_USER, CREATED_ON, LINE_NO, MANAGED, FIELD_PATH, DATA_TYPE, DATA1, DATA2, TRANSITIVE_FIELDS, FORMULA, ENTITY_LOOKUP_TYPE)
VALUES ('54d6d49cbba9415c9e5ed2b6371ab087', 0, 'ece8fb0ca5f345bc87e6ef59420d0c1c', 'custDecimal3', 'CUST_DECIMAL3', 'NUMBER(25, 5)', 'CUSTOM_FIELD_DECIMAL3', 0, 'decimal-rate', '', '', '', '', '', '', '', 0, NULL, 20, NULL, NULL, '', '', 'system', systimestamp, '34', 0, 'entity.briefAttachment.custDecimal3', '', '', '', '', '', '');
INSERT INTO CNT_FIELD_DEFINITION
 (ID, REVISION, PARENT_ID, FIELD_ID, COLUMN_NAME, COLUMN_TYPE, REPORT_COLUMN_NAME, PRODUCT_FIELD, FIELD_TYPE, ENTITY_LOOKUP, ENTITY_LOOKUP_KEY, ORDER_BY, GENERATOR, REFER_TABLE, KEY_COLUMN, LOOKUP_COLUMN, MANDATORY, MIN_LENGTH, MAX_LENGTH, MIN_VALUE, MAX_VALUE, CONSTANT_VALUE, UNIQUE_KEY, CREATE_USER, CREATED_ON, LINE_NO, MANAGED, FIELD_PATH, DATA_TYPE, DATA1, DATA2, TRANSITIVE_FIELDS, FORMULA, ENTITY_LOOKUP_TYPE)
VALUES ('65d1f8c6b3544dd5a3d01bd772801ce1', 0, 'ece8fb0ca5f345bc87e6ef59420d0c1c', 'custDecimal4', 'CUST_DECIMAL4', 'NUMBER(25, 5)', 'CUSTOM_FIELD_DECIMAL4', 0, 'decimal-rate', '', '', '', '', '', '', '', 0, NULL, 20, NULL, NULL, '', '', 'system', systimestamp, '35', 0, 'entity.briefAttachment.custDecimal4', '', '', '', '', '', '');
INSERT INTO CNT_FIELD_DEFINITION
 (ID, REVISION, PARENT_ID, FIELD_ID, COLUMN_NAME, COLUMN_TYPE, REPORT_COLUMN_NAME, PRODUCT_FIELD, FIELD_TYPE, ENTITY_LOOKUP, ENTITY_LOOKUP_KEY, ORDER_BY, GENERATOR, REFER_TABLE, KEY_COLUMN, LOOKUP_COLUMN, MANDATORY, MIN_LENGTH, MAX_LENGTH, MIN_VALUE, MAX_VALUE, CONSTANT_VALUE, UNIQUE_KEY, CREATE_USER, CREATED_ON, LINE_NO, MANAGED, FIELD_PATH, DATA_TYPE, DATA1, DATA2, TRANSITIVE_FIELDS, FORMULA, ENTITY_LOOKUP_TYPE)
VALUES ('ae26b8aa0b1647d5abb3029b5c254d5d', 0, 'ece8fb0ca5f345bc87e6ef59420d0c1c', 'custDecimal5', 'CUST_DECIMAL5', 'NUMBER(25, 5)', 'CUSTOM_FIELD_DECIMAL5', 0, 'decimal-rate', '', '', '', '', '', '', '', 0, NULL, 20, NULL, NULL, '', '', 'system', systimestamp, '36', 0, 'entity.briefAttachment.custDecimal5', '', '', '', '', '', '');
INSERT INTO CNT_FIELD_DEFINITION
 (ID, REVISION, PARENT_ID, FIELD_ID, COLUMN_NAME, COLUMN_TYPE, REPORT_COLUMN_NAME, PRODUCT_FIELD, FIELD_TYPE, ENTITY_LOOKUP, ENTITY_LOOKUP_KEY, ORDER_BY, GENERATOR, REFER_TABLE, KEY_COLUMN, LOOKUP_COLUMN, MANDATORY, MIN_LENGTH, MAX_LENGTH, MIN_VALUE, MAX_VALUE, CONSTANT_VALUE, UNIQUE_KEY, CREATE_USER, CREATED_ON, LINE_NO, MANAGED, FIELD_PATH, DATA_TYPE, DATA1, DATA2, TRANSITIVE_FIELDS, FORMULA, ENTITY_LOOKUP_TYPE)
VALUES ('833c1c19f654404287e484bfb60f522f', 0, 'ece8fb0ca5f345bc87e6ef59420d0c1c', 'custDecimal6', 'CUST_DECIMAL6', 'NUMBER(25, 5)', 'CUSTOM_FIELD_DECIMAL6', 0, 'decimal-rate', '', '', '', '', '', '', '', 0, NULL, 20, NULL, NULL, '', '', 'system', systimestamp, '37', 0, 'entity.briefAttachment.custDecimal6', '', '', '', '', '', '');
INSERT INTO CNT_FIELD_DEFINITION
 (ID, REVISION, PARENT_ID, FIELD_ID, COLUMN_NAME, COLUMN_TYPE, REPORT_COLUMN_NAME, PRODUCT_FIELD, FIELD_TYPE, ENTITY_LOOKUP, ENTITY_LOOKUP_KEY, ORDER_BY, GENERATOR, REFER_TABLE, KEY_COLUMN, LOOKUP_COLUMN, MANDATORY, MIN_LENGTH, MAX_LENGTH, MIN_VALUE, MAX_VALUE, CONSTANT_VALUE, UNIQUE_KEY, CREATE_USER, CREATED_ON, LINE_NO, MANAGED, FIELD_PATH, DATA_TYPE, DATA1, DATA2, TRANSITIVE_FIELDS, FORMULA, ENTITY_LOOKUP_TYPE)
VALUES ('a66b9fee760d45cfb0fd3c526ce5970f', 0, 'ece8fb0ca5f345bc87e6ef59420d0c1c', 'custDecimal7', 'CUST_DECIMAL7', 'NUMBER(25, 5)', 'CUSTOM_FIELD_DECIMAL7', 0, 'decimal-rate', '', '', '', '', '', '', '', 0, NULL, 20, NULL, NULL, '', '', 'system', systimestamp, '38', 0, 'entity.briefAttachment.custDecimal7', '', '', '', '', '', '');
INSERT INTO CNT_FIELD_DEFINITION
 (ID, REVISION, PARENT_ID, FIELD_ID, COLUMN_NAME, COLUMN_TYPE, REPORT_COLUMN_NAME, PRODUCT_FIELD, FIELD_TYPE, ENTITY_LOOKUP, ENTITY_LOOKUP_KEY, ORDER_BY, GENERATOR, REFER_TABLE, KEY_COLUMN, LOOKUP_COLUMN, MANDATORY, MIN_LENGTH, MAX_LENGTH, MIN_VALUE, MAX_VALUE, CONSTANT_VALUE, UNIQUE_KEY, CREATE_USER, CREATED_ON, LINE_NO, MANAGED, FIELD_PATH, DATA_TYPE, DATA1, DATA2, TRANSITIVE_FIELDS, FORMULA, ENTITY_LOOKUP_TYPE)
VALUES ('d4b650bca3ae4ae3919d56675836754e', 0, 'ece8fb0ca5f345bc87e6ef59420d0c1c', 'custCodelist1', 'CUST_CODELIST1', 'NVARCHAR2(400)', 'CUSTOM_FIELD_CODE_LIST_CODE1', 0, 'string-m', '', '', '', '', '', '', '', 0, NULL, 400, NULL, NULL, '', '', 'system', systimestamp, '39', 0, 'entity.briefAttachment.custCodelist1', 'codelist', '', '', '', '', '');
INSERT INTO CNT_FIELD_DEFINITION
 (ID, REVISION, PARENT_ID, FIELD_ID, COLUMN_NAME, COLUMN_TYPE, REPORT_COLUMN_NAME, PRODUCT_FIELD, FIELD_TYPE, ENTITY_LOOKUP, ENTITY_LOOKUP_KEY, ORDER_BY, GENERATOR, REFER_TABLE, KEY_COLUMN, LOOKUP_COLUMN, MANDATORY, MIN_LENGTH, MAX_LENGTH, MIN_VALUE, MAX_VALUE, CONSTANT_VALUE, UNIQUE_KEY, CREATE_USER, CREATED_ON, LINE_NO, MANAGED, FIELD_PATH, DATA_TYPE, DATA1, DATA2, TRANSITIVE_FIELDS, FORMULA, ENTITY_LOOKUP_TYPE)
VALUES ('b35e76eb85414aa5816767445630d96d', 0, 'ece8fb0ca5f345bc87e6ef59420d0c1c', 'custCodelist2', 'CUST_CODELIST2', 'NVARCHAR2(400)', 'CUSTOM_FIELD_CODE_LIST_CODE2', 0, 'string-m', '', '', '', '', '', '', '', 0, NULL, 400, NULL, NULL, '', '', 'system', systimestamp, '40', 0, 'entity.briefAttachment.custCodelist2', 'codelist', '', '', '', '', '');
INSERT INTO CNT_FIELD_DEFINITION
 (ID, REVISION, PARENT_ID, FIELD_ID, COLUMN_NAME, COLUMN_TYPE, REPORT_COLUMN_NAME, PRODUCT_FIELD, FIELD_TYPE, ENTITY_LOOKUP, ENTITY_LOOKUP_KEY, ORDER_BY, GENERATOR, REFER_TABLE, KEY_COLUMN, LOOKUP_COLUMN, MANDATORY, MIN_LENGTH, MAX_LENGTH, MIN_VALUE, MAX_VALUE, CONSTANT_VALUE, UNIQUE_KEY, CREATE_USER, CREATED_ON, LINE_NO, MANAGED, FIELD_PATH, DATA_TYPE, DATA1, DATA2, TRANSITIVE_FIELDS, FORMULA, ENTITY_LOOKUP_TYPE)
VALUES ('336323c2c63849d5baf26e5a6b14f7fc', 0, 'ece8fb0ca5f345bc87e6ef59420d0c1c', 'custCodelist3', 'CUST_CODELIST3', 'NVARCHAR2(400)', 'CUSTOM_FIELD_CODE_LIST_CODE3', 0, 'string-m', '', '', '', '', '', '', '', 0, NULL, 400, NULL, NULL, '', '', 'system', systimestamp, '41', 0, 'entity.briefAttachment.custCodelist3', 'codelist', '', '', '', '', '');
INSERT INTO CNT_FIELD_DEFINITION
 (ID, REVISION, PARENT_ID, FIELD_ID, COLUMN_NAME, COLUMN_TYPE, REPORT_COLUMN_NAME, PRODUCT_FIELD, FIELD_TYPE, ENTITY_LOOKUP, ENTITY_LOOKUP_KEY, ORDER_BY, GENERATOR, REFER_TABLE, KEY_COLUMN, LOOKUP_COLUMN, MANDATORY, MIN_LENGTH, MAX_LENGTH, MIN_VALUE, MAX_VALUE, CONSTANT_VALUE, UNIQUE_KEY, CREATE_USER, CREATED_ON, LINE_NO, MANAGED, FIELD_PATH, DATA_TYPE, DATA1, DATA2, TRANSITIVE_FIELDS, FORMULA, ENTITY_LOOKUP_TYPE)
VALUES ('74fc05d3458846cd8e487e5cdbf5115f', 0, 'ece8fb0ca5f345bc87e6ef59420d0c1c', 'custCodelist4', 'CUST_CODELIST4', 'NVARCHAR2(400)', 'CUSTOM_FIELD_CODE_LIST_CODE4', 0, 'string-m', '', '', '', '', '', '', '', 0, NULL, 400, NULL, NULL, '', '', 'system', systimestamp, '42', 0, 'entity.briefAttachment.custCodelist4', 'codelist', '', '', '', '', '');
INSERT INTO CNT_FIELD_DEFINITION
 (ID, REVISION, PARENT_ID, FIELD_ID, COLUMN_NAME, COLUMN_TYPE, REPORT_COLUMN_NAME, PRODUCT_FIELD, FIELD_TYPE, ENTITY_LOOKUP, ENTITY_LOOKUP_KEY, ORDER_BY, GENERATOR, REFER_TABLE, KEY_COLUMN, LOOKUP_COLUMN, MANDATORY, MIN_LENGTH, MAX_LENGTH, MIN_VALUE, MAX_VALUE, CONSTANT_VALUE, UNIQUE_KEY, CREATE_USER, CREATED_ON, LINE_NO, MANAGED, FIELD_PATH, DATA_TYPE, DATA1, DATA2, TRANSITIVE_FIELDS, FORMULA, ENTITY_LOOKUP_TYPE)
VALUES ('cd48a9847f0e426194e286153cfcbd93', 0, 'ece8fb0ca5f345bc87e6ef59420d0c1c', 'custCodelist5', 'CUST_CODELIST5', 'NVARCHAR2(400)', 'CUSTOM_FIELD_CODE_LIST_CODE5', 0, 'string-m', '', '', '', '', '', '', '', 0, NULL, 400, NULL, NULL, '', '', 'system', systimestamp, '43', 0, 'entity.briefAttachment.custCodelist5', 'codelist', '', '', '', '', '');
INSERT INTO CNT_FIELD_DEFINITION
 (ID, REVISION, PARENT_ID, FIELD_ID, COLUMN_NAME, COLUMN_TYPE, REPORT_COLUMN_NAME, PRODUCT_FIELD, FIELD_TYPE, ENTITY_LOOKUP, ENTITY_LOOKUP_KEY, ORDER_BY, GENERATOR, REFER_TABLE, KEY_COLUMN, LOOKUP_COLUMN, MANDATORY, MIN_LENGTH, MAX_LENGTH, MIN_VALUE, MAX_VALUE, CONSTANT_VALUE, UNIQUE_KEY, CREATE_USER, CREATED_ON, LINE_NO, MANAGED, FIELD_PATH, DATA_TYPE, DATA1, DATA2, TRANSITIVE_FIELDS, FORMULA, ENTITY_LOOKUP_TYPE)
VALUES ('e0c3e550773b47e695712c956c1ff868', 0, 'ece8fb0ca5f345bc87e6ef59420d0c1c', 'custCodelist6', 'CUST_CODELIST6', 'NVARCHAR2(400)', 'CUSTOM_FIELD_CODE_LIST_CODE6', 0, 'string-m', '', '', '', '', '', '', '', 0, NULL, 400, NULL, NULL, '', '', 'system', systimestamp, '44', 0, 'entity.briefAttachment.custCodelist6', 'codelist', '', '', '', '', '');
INSERT INTO CNT_FIELD_DEFINITION
 (ID, REVISION, PARENT_ID, FIELD_ID, COLUMN_NAME, COLUMN_TYPE, REPORT_COLUMN_NAME, PRODUCT_FIELD, FIELD_TYPE, ENTITY_LOOKUP, ENTITY_LOOKUP_KEY, ORDER_BY, GENERATOR, REFER_TABLE, KEY_COLUMN, LOOKUP_COLUMN, MANDATORY, MIN_LENGTH, MAX_LENGTH, MIN_VALUE, MAX_VALUE, CONSTANT_VALUE, UNIQUE_KEY, CREATE_USER, CREATED_ON, LINE_NO, MANAGED, FIELD_PATH, DATA_TYPE, DATA1, DATA2, TRANSITIVE_FIELDS, FORMULA, ENTITY_LOOKUP_TYPE)
VALUES ('7d94292e45474d7090d0a80e547631b7', 0, 'ece8fb0ca5f345bc87e6ef59420d0c1c', 'custCodelist7', 'CUST_CODELIST7', 'NVARCHAR2(400)', 'CUSTOM_FIELD_CODE_LIST_CODE7', 0, 'string-m', '', '', '', '', '', '', '', 0, NULL, 400, NULL, NULL, '', '', 'system', systimestamp, '45', 0, 'entity.briefAttachment.custCodelist7', 'codelist', '', '', '', '', '');
INSERT INTO CNT_FIELD_DEFINITION
 (ID, REVISION, PARENT_ID, FIELD_ID, COLUMN_NAME, COLUMN_TYPE, REPORT_COLUMN_NAME, PRODUCT_FIELD, FIELD_TYPE, ENTITY_LOOKUP, ENTITY_LOOKUP_KEY, ORDER_BY, GENERATOR, REFER_TABLE, KEY_COLUMN, LOOKUP_COLUMN, MANDATORY, MIN_LENGTH, MAX_LENGTH, MIN_VALUE, MAX_VALUE, CONSTANT_VALUE, UNIQUE_KEY, CREATE_USER, CREATED_ON, LINE_NO, MANAGED, FIELD_PATH, DATA_TYPE, DATA1, DATA2, TRANSITIVE_FIELDS, FORMULA, ENTITY_LOOKUP_TYPE)
VALUES ('b185be13df584ad5bf0c2f687d9fb0e4', 0, 'ece8fb0ca5f345bc87e6ef59420d0c1c', 'custMemoText1', 'CUST_MEMO_TEXT1', 'NVARCHAR2(1000)', 'CUSTOM_FIELD_MEMO_TEXT1', 0, 'string-l', '', '', '', '', '', '', '', 0, NULL, 1000, NULL, NULL, '', '', 'system', systimestamp, '46', 0, 'entity.briefAttachment.custMemoText1', '', '', '', '', '', '');
INSERT INTO CNT_FIELD_DEFINITION
 (ID, REVISION, PARENT_ID, FIELD_ID, COLUMN_NAME, COLUMN_TYPE, REPORT_COLUMN_NAME, PRODUCT_FIELD, FIELD_TYPE, ENTITY_LOOKUP, ENTITY_LOOKUP_KEY, ORDER_BY, GENERATOR, REFER_TABLE, KEY_COLUMN, LOOKUP_COLUMN, MANDATORY, MIN_LENGTH, MAX_LENGTH, MIN_VALUE, MAX_VALUE, CONSTANT_VALUE, UNIQUE_KEY, CREATE_USER, CREATED_ON, LINE_NO, MANAGED, FIELD_PATH, DATA_TYPE, DATA1, DATA2, TRANSITIVE_FIELDS, FORMULA, ENTITY_LOOKUP_TYPE)
VALUES ('d8520c6b0bdb46fba2ca94abf1115171', 0, 'ece8fb0ca5f345bc87e6ef59420d0c1c', 'custMemoText2', 'CUST_MEMO_TEXT2', 'NVARCHAR2(1000)', 'CUSTOM_FIELD_MEMO_TEXT2', 0, 'string-l', '', '', '', '', '', '', '', 0, NULL, 1000, NULL, NULL, '', '', 'system', systimestamp, '47', 0, 'entity.briefAttachment.custMemoText2', '', '', '', '', '', '');
INSERT INTO CNT_FIELD_DEFINITION
 (ID, REVISION, PARENT_ID, FIELD_ID, COLUMN_NAME, COLUMN_TYPE, REPORT_COLUMN_NAME, PRODUCT_FIELD, FIELD_TYPE, ENTITY_LOOKUP, ENTITY_LOOKUP_KEY, ORDER_BY, GENERATOR, REFER_TABLE, KEY_COLUMN, LOOKUP_COLUMN, MANDATORY, MIN_LENGTH, MAX_LENGTH, MIN_VALUE, MAX_VALUE, CONSTANT_VALUE, UNIQUE_KEY, CREATE_USER, CREATED_ON, LINE_NO, MANAGED, FIELD_PATH, DATA_TYPE, DATA1, DATA2, TRANSITIVE_FIELDS, FORMULA, ENTITY_LOOKUP_TYPE)
VALUES ('4c8ee5ebd110438db779b2276e468545', 0, 'ece8fb0ca5f345bc87e6ef59420d0c1c', 'custMemoText3', 'CUST_MEMO_TEXT3', 'NVARCHAR2(1000)', 'CUSTOM_FIELD_MEMO_TEXT3', 0, 'string-l', '', '', '', '', '', '', '', 0, NULL, 1000, NULL, NULL, '', '', 'system', systimestamp, '48', 0, 'entity.briefAttachment.custMemoText3', '', '', '', '', '', '');
INSERT INTO CNT_FIELD_DEFINITION
 (ID, REVISION, PARENT_ID, FIELD_ID, COLUMN_NAME, COLUMN_TYPE, REPORT_COLUMN_NAME, PRODUCT_FIELD, FIELD_TYPE, ENTITY_LOOKUP, ENTITY_LOOKUP_KEY, ORDER_BY, GENERATOR, REFER_TABLE, KEY_COLUMN, LOOKUP_COLUMN, MANDATORY, MIN_LENGTH, MAX_LENGTH, MIN_VALUE, MAX_VALUE, CONSTANT_VALUE, UNIQUE_KEY, CREATE_USER, CREATED_ON, LINE_NO, MANAGED, FIELD_PATH, DATA_TYPE, DATA1, DATA2, TRANSITIVE_FIELDS, FORMULA, ENTITY_LOOKUP_TYPE)
VALUES ('27d238356d294ef1bf1f281bf78ac551', 0, 'ece8fb0ca5f345bc87e6ef59420d0c1c', 'custMemoText4', 'CUST_MEMO_TEXT4', 'NVARCHAR2(1000)', 'CUSTOM_FIELD_MEMO_TEXT4', 0, 'string-l', '', '', '', '', '', '', '', 0, NULL, 1000, NULL, NULL, '', '', 'system', systimestamp, '49', 0, 'entity.briefAttachment.custMemoText4', '', '', '', '', '', '');
INSERT INTO CNT_FIELD_DEFINITION
 (ID, REVISION, PARENT_ID, FIELD_ID, COLUMN_NAME, COLUMN_TYPE, REPORT_COLUMN_NAME, PRODUCT_FIELD, FIELD_TYPE, ENTITY_LOOKUP, ENTITY_LOOKUP_KEY, ORDER_BY, GENERATOR, REFER_TABLE, KEY_COLUMN, LOOKUP_COLUMN, MANDATORY, MIN_LENGTH, MAX_LENGTH, MIN_VALUE, MAX_VALUE, CONSTANT_VALUE, UNIQUE_KEY, CREATE_USER, CREATED_ON, LINE_NO, MANAGED, FIELD_PATH, DATA_TYPE, DATA1, DATA2, TRANSITIVE_FIELDS, FORMULA, ENTITY_LOOKUP_TYPE)
VALUES ('12f16217eeea43b6989ab7290f17997f', 0, 'ece8fb0ca5f345bc87e6ef59420d0c1c', 'custMemoText5', 'CUST_MEMO_TEXT5', 'NVARCHAR2(1000)', 'CUSTOM_FIELD_MEMO_TEXT5', 0, 'string-l', '', '', '', '', '', '', '', 0, NULL, 1000, NULL, NULL, '', '', 'system', systimestamp, '50', 0, 'entity.briefAttachment.custMemoText5', '', '', '', '', '', '');
INSERT INTO CNT_FIELD_DEFINITION
 (ID, REVISION, PARENT_ID, FIELD_ID, COLUMN_NAME, COLUMN_TYPE, REPORT_COLUMN_NAME, PRODUCT_FIELD, FIELD_TYPE, ENTITY_LOOKUP, ENTITY_LOOKUP_KEY, ORDER_BY, GENERATOR, REFER_TABLE, KEY_COLUMN, LOOKUP_COLUMN, MANDATORY, MIN_LENGTH, MAX_LENGTH, MIN_VALUE, MAX_VALUE, CONSTANT_VALUE, UNIQUE_KEY, CREATE_USER, CREATED_ON, LINE_NO, MANAGED, FIELD_PATH, DATA_TYPE, DATA1, DATA2, TRANSITIVE_FIELDS, FORMULA, ENTITY_LOOKUP_TYPE)
VALUES ('623dcc0a80c944c796ad3c236941fc52', 0, 'ece8fb0ca5f345bc87e6ef59420d0c1c', 'custMemoText6', 'CUST_MEMO_TEXT6', 'NVARCHAR2(1000)', 'CUSTOM_FIELD_MEMO_TEXT6', 0, 'string-l', '', '', '', '', '', '', '', 0, NULL, 1000, NULL, NULL, '', '', 'system', systimestamp, '51', 0, 'entity.briefAttachment.custMemoText6', '', '', '', '', '', '');
INSERT INTO CNT_FIELD_DEFINITION
 (ID, REVISION, PARENT_ID, FIELD_ID, COLUMN_NAME, COLUMN_TYPE, REPORT_COLUMN_NAME, PRODUCT_FIELD, FIELD_TYPE, ENTITY_LOOKUP, ENTITY_LOOKUP_KEY, ORDER_BY, GENERATOR, REFER_TABLE, KEY_COLUMN, LOOKUP_COLUMN, MANDATORY, MIN_LENGTH, MAX_LENGTH, MIN_VALUE, MAX_VALUE, CONSTANT_VALUE, UNIQUE_KEY, CREATE_USER, CREATED_ON, LINE_NO, MANAGED, FIELD_PATH, DATA_TYPE, DATA1, DATA2, TRANSITIVE_FIELDS, FORMULA, ENTITY_LOOKUP_TYPE)
VALUES ('ddff268d689a423885795a3225e0008d', 0, 'ece8fb0ca5f345bc87e6ef59420d0c1c', 'custMemoText7', 'CUST_MEMO_TEXT7', 'NVARCHAR2(1000)', 'CUSTOM_FIELD_MEMO_TEXT7', 0, 'string-l', '', '', '', '', '', '', '', 0, NULL, 1000, NULL, NULL, '', '', 'system', systimestamp, '52', 0, 'entity.briefAttachment.custMemoText7', '', '', '', '', '', '');
INSERT INTO CNT_FIELD_DEFINITION
 (ID, REVISION, PARENT_ID, FIELD_ID, COLUMN_NAME, COLUMN_TYPE, REPORT_COLUMN_NAME, PRODUCT_FIELD, FIELD_TYPE, ENTITY_LOOKUP, ENTITY_LOOKUP_KEY, ORDER_BY, GENERATOR, REFER_TABLE, KEY_COLUMN, LOOKUP_COLUMN, MANDATORY, MIN_LENGTH, MAX_LENGTH, MIN_VALUE, MAX_VALUE, CONSTANT_VALUE, UNIQUE_KEY, CREATE_USER, CREATED_ON, LINE_NO, MANAGED, FIELD_PATH, DATA_TYPE, DATA1, DATA2, TRANSITIVE_FIELDS, FORMULA, ENTITY_LOOKUP_TYPE)
VALUES ('7d01c75ba17b4785ad46bd5fcd363e3d', 0, 'ece8fb0ca5f345bc87e6ef59420d0c1c', 'custHcl1', 'CUST_HCL1_ID', 'CHAR(32)', 'CUSTOM_FIELD_HCL_CODE_SYS_ID1', 0, 'entity', 'HclNode', 'id', '', '', '', '', '', 0, 32, 32, NULL, NULL, '', '', 'system', systimestamp, '53', 0, 'entity.briefAttachment.custHcl1', '', '', '', '', '', '');
INSERT INTO CNT_FIELD_DEFINITION
 (ID, REVISION, PARENT_ID, FIELD_ID, COLUMN_NAME, COLUMN_TYPE, REPORT_COLUMN_NAME, PRODUCT_FIELD, FIELD_TYPE, ENTITY_LOOKUP, ENTITY_LOOKUP_KEY, ORDER_BY, GENERATOR, REFER_TABLE, KEY_COLUMN, LOOKUP_COLUMN, MANDATORY, MIN_LENGTH, MAX_LENGTH, MIN_VALUE, MAX_VALUE, CONSTANT_VALUE, UNIQUE_KEY, CREATE_USER, CREATED_ON, LINE_NO, MANAGED, FIELD_PATH, DATA_TYPE, DATA1, DATA2, TRANSITIVE_FIELDS, FORMULA, ENTITY_LOOKUP_TYPE)
VALUES ('7e1e915b6d5c4e379228dd615e351dda', 0, 'ece8fb0ca5f345bc87e6ef59420d0c1c', 'custHcl2', 'CUST_HCL2_ID', 'CHAR(32)', 'CUSTOM_FIELD_HCL_CODE_SYS_ID2', 0, 'entity', 'HclNode', 'id', '', '', '', '', '', 0, 32, 32, NULL, NULL, '', '', 'system', systimestamp, '54', 0, 'entity.briefAttachment.custHcl2', '', '', '', '', '', '');
INSERT INTO CNT_FIELD_DEFINITION
 (ID, REVISION, PARENT_ID, FIELD_ID, COLUMN_NAME, COLUMN_TYPE, REPORT_COLUMN_NAME, PRODUCT_FIELD, FIELD_TYPE, ENTITY_LOOKUP, ENTITY_LOOKUP_KEY, ORDER_BY, GENERATOR, REFER_TABLE, KEY_COLUMN, LOOKUP_COLUMN, MANDATORY, MIN_LENGTH, MAX_LENGTH, MIN_VALUE, MAX_VALUE, CONSTANT_VALUE, UNIQUE_KEY, CREATE_USER, CREATED_ON, LINE_NO, MANAGED, FIELD_PATH, DATA_TYPE, DATA1, DATA2, TRANSITIVE_FIELDS, FORMULA, ENTITY_LOOKUP_TYPE)
VALUES ('95c7717f0efe4ecca0d30ba447fc725e', 0, 'ece8fb0ca5f345bc87e6ef59420d0c1c', 'custHcl3', 'CUST_HCL3_ID', 'CHAR(32)', 'CUSTOM_FIELD_HCL_CODE_SYS_ID3', 0, 'entity', 'HclNode', 'id', '', '', '', '', '', 0, 32, 32, NULL, NULL, '', '', 'system', systimestamp, '55', 0, 'entity.briefAttachment.custHcl3', '', '', '', '', '', '');
INSERT INTO CNT_FIELD_DEFINITION
 (ID, REVISION, PARENT_ID, FIELD_ID, COLUMN_NAME, COLUMN_TYPE, REPORT_COLUMN_NAME, PRODUCT_FIELD, FIELD_TYPE, ENTITY_LOOKUP, ENTITY_LOOKUP_KEY, ORDER_BY, GENERATOR, REFER_TABLE, KEY_COLUMN, LOOKUP_COLUMN, MANDATORY, MIN_LENGTH, MAX_LENGTH, MIN_VALUE, MAX_VALUE, CONSTANT_VALUE, UNIQUE_KEY, CREATE_USER, CREATED_ON, LINE_NO, MANAGED, FIELD_PATH, DATA_TYPE, DATA1, DATA2, TRANSITIVE_FIELDS, FORMULA, ENTITY_LOOKUP_TYPE)
VALUES ('45e557d8cae64e03ac29d9e757d580de', 0, 'ece8fb0ca5f345bc87e6ef59420d0c1c', 'custHcl4', 'CUST_HCL4_ID', 'CHAR(32)', 'CUSTOM_FIELD_HCL_CODE_SYS_ID4', 0, 'entity', 'HclNode', 'id', '', '', '', '', '', 0, 32, 32, NULL, NULL, '', '', 'system', systimestamp, '56', 0, 'entity.briefAttachment.custHcl4', '', '', '', '', '', '');
INSERT INTO CNT_FIELD_DEFINITION
 (ID, REVISION, PARENT_ID, FIELD_ID, COLUMN_NAME, COLUMN_TYPE, REPORT_COLUMN_NAME, PRODUCT_FIELD, FIELD_TYPE, ENTITY_LOOKUP, ENTITY_LOOKUP_KEY, ORDER_BY, GENERATOR, REFER_TABLE, KEY_COLUMN, LOOKUP_COLUMN, MANDATORY, MIN_LENGTH, MAX_LENGTH, MIN_VALUE, MAX_VALUE, CONSTANT_VALUE, UNIQUE_KEY, CREATE_USER, CREATED_ON, LINE_NO, MANAGED, FIELD_PATH, DATA_TYPE, DATA1, DATA2, TRANSITIVE_FIELDS, FORMULA, ENTITY_LOOKUP_TYPE)
VALUES ('720f6afb798b42fd8f7f322b9e8f068f', 0, 'ece8fb0ca5f345bc87e6ef59420d0c1c', 'custHcl5', 'CUST_HCL5_ID', 'CHAR(32)', 'CUSTOM_FIELD_HCL_CODE_SYS_ID5', 0, 'entity', 'HclNode', 'id', '', '', '', '', '', 0, 32, 32, NULL, NULL, '', '', 'system', systimestamp, '57', 0, 'entity.briefAttachment.custHcl5', '', '', '', '', '', '');
INSERT INTO CNT_FIELD_DEFINITION
 (ID, REVISION, PARENT_ID, FIELD_ID, COLUMN_NAME, COLUMN_TYPE, REPORT_COLUMN_NAME, PRODUCT_FIELD, FIELD_TYPE, ENTITY_LOOKUP, ENTITY_LOOKUP_KEY, ORDER_BY, GENERATOR, REFER_TABLE, KEY_COLUMN, LOOKUP_COLUMN, MANDATORY, MIN_LENGTH, MAX_LENGTH, MIN_VALUE, MAX_VALUE, CONSTANT_VALUE, UNIQUE_KEY, CREATE_USER, CREATED_ON, LINE_NO, MANAGED, FIELD_PATH, DATA_TYPE, DATA1, DATA2, TRANSITIVE_FIELDS, FORMULA, ENTITY_LOOKUP_TYPE)
VALUES ('2b0efa9027a44618a26ea12c6a2e4178', 0, 'ece8fb0ca5f345bc87e6ef59420d0c1c', 'fileRef', 'FILE_REF', 'NVARCHAR2(1000)', 'N/A', 1, 'string-l', '', '', '', '', '', '', '', 0, NULL, 1000, NULL, NULL, '', '', 'system', systimestamp, '58', 0, 'entity.briefAttachment.fileRef', '', '', '', '', '', '');
INSERT INTO CNT_FIELD_DEFINITION
 (ID, REVISION, PARENT_ID, FIELD_ID, COLUMN_NAME, COLUMN_TYPE, REPORT_COLUMN_NAME, PRODUCT_FIELD, FIELD_TYPE, ENTITY_LOOKUP, ENTITY_LOOKUP_KEY, ORDER_BY, GENERATOR, REFER_TABLE, KEY_COLUMN, LOOKUP_COLUMN, MANDATORY, MIN_LENGTH, MAX_LENGTH, MIN_VALUE, MAX_VALUE, CONSTANT_VALUE, UNIQUE_KEY, CREATE_USER, CREATED_ON, LINE_NO, MANAGED, FIELD_PATH, DATA_TYPE, DATA1, DATA2, TRANSITIVE_FIELDS, FORMULA, ENTITY_LOOKUP_TYPE)
VALUES ('b30d72282d104e17be83c2bb774fe005', 0, 'ece8fb0ca5f345bc87e6ef59420d0c1c', 'fileVer', 'FILE_VER', 'NUMBER(20, 0)', 'N/A', 1, 'integer', '', '', '', '', '', '', '', 0, NULL, 18, NULL, NULL, '', '', 'system', systimestamp, '59', 0, 'entity.briefAttachment.fileVer', '', '', '', '', '', '');
INSERT INTO CNT_FIELD_DEFINITION
 (ID, REVISION, PARENT_ID, FIELD_ID, COLUMN_NAME, COLUMN_TYPE, REPORT_COLUMN_NAME, PRODUCT_FIELD, FIELD_TYPE, ENTITY_LOOKUP, ENTITY_LOOKUP_KEY, ORDER_BY, GENERATOR, REFER_TABLE, KEY_COLUMN, LOOKUP_COLUMN, MANDATORY, MIN_LENGTH, MAX_LENGTH, MIN_VALUE, MAX_VALUE, CONSTANT_VALUE, UNIQUE_KEY, CREATE_USER, CREATED_ON, LINE_NO, MANAGED, FIELD_PATH, DATA_TYPE, DATA1, DATA2, TRANSITIVE_FIELDS, FORMULA, ENTITY_LOOKUP_TYPE)
VALUES ('97aa57c80ce249f39c19c148979e7ca0', 0, 'ece8fb0ca5f345bc87e6ef59420d0c1c', 'fileRef2', 'FILE_REF2', 'NVARCHAR2(1000)', 'N/A', 1, 'string-l', '', '', '', '', '', '', '', 0, NULL, 1000, NULL, NULL, '', '', 'system', systimestamp, '60', 0, 'entity.briefAttachment.fileRef2', '', '', '', '', '', '');
INSERT INTO CNT_FIELD_DEFINITION
 (ID, REVISION, PARENT_ID, FIELD_ID, COLUMN_NAME, COLUMN_TYPE, REPORT_COLUMN_NAME, PRODUCT_FIELD, FIELD_TYPE, ENTITY_LOOKUP, ENTITY_LOOKUP_KEY, ORDER_BY, GENERATOR, REFER_TABLE, KEY_COLUMN, LOOKUP_COLUMN, MANDATORY, MIN_LENGTH, MAX_LENGTH, MIN_VALUE, MAX_VALUE, CONSTANT_VALUE, UNIQUE_KEY, CREATE_USER, CREATED_ON, LINE_NO, MANAGED, FIELD_PATH, DATA_TYPE, DATA1, DATA2, TRANSITIVE_FIELDS, FORMULA, ENTITY_LOOKUP_TYPE)
VALUES ('0454f869f2ec4b488202afe576452855', 0, 'ece8fb0ca5f345bc87e6ef59420d0c1c', 'attachTypeIdValue', 'ATTACH_TYPE_ID_VALUE', 'NVARCHAR2(1000)', 'N/A', 1, 'string-l', '', '', '', '', '', '', '', 0, NULL, 1000, NULL, NULL, '', '', 'system', systimestamp, '61', 0, 'entity.briefAttachment.attachTypeIdValue', '', '', '', '', '', '');
INSERT INTO CNT_FIELD_DEFINITION
 (ID, REVISION, PARENT_ID, FIELD_ID, COLUMN_NAME, COLUMN_TYPE, REPORT_COLUMN_NAME, PRODUCT_FIELD, FIELD_TYPE, ENTITY_LOOKUP, ENTITY_LOOKUP_KEY, ORDER_BY, GENERATOR, REFER_TABLE, KEY_COLUMN, LOOKUP_COLUMN, MANDATORY, MIN_LENGTH, MAX_LENGTH, MIN_VALUE, MAX_VALUE, CONSTANT_VALUE, UNIQUE_KEY, CREATE_USER, CREATED_ON, LINE_NO, MANAGED, FIELD_PATH, DATA_TYPE, DATA1, DATA2, TRANSITIVE_FIELDS, FORMULA, ENTITY_LOOKUP_TYPE)
VALUES ('ccd1ba691a90470b8a8a4152251c9533', 0, 'ece8fb0ca5f345bc87e6ef59420d0c1c', 'custCodelist1Name', 'CUST_CODELIST1_NAME', 'NVARCHAR2(400)', 'N/A', 0, 'string-m', '', '', '', '', '', '', '', 0, NULL, 400, NULL, NULL, '', '', 'system', systimestamp, '62', 0, 'entity.briefAttachment.custCodelist1Name', '', '', '', '', '', '');
INSERT INTO CNT_FIELD_DEFINITION
 (ID, REVISION, PARENT_ID, FIELD_ID, COLUMN_NAME, COLUMN_TYPE, REPORT_COLUMN_NAME, PRODUCT_FIELD, FIELD_TYPE, ENTITY_LOOKUP, ENTITY_LOOKUP_KEY, ORDER_BY, GENERATOR, REFER_TABLE, KEY_COLUMN, LOOKUP_COLUMN, MANDATORY, MIN_LENGTH, MAX_LENGTH, MIN_VALUE, MAX_VALUE, CONSTANT_VALUE, UNIQUE_KEY, CREATE_USER, CREATED_ON, LINE_NO, MANAGED, FIELD_PATH, DATA_TYPE, DATA1, DATA2, TRANSITIVE_FIELDS, FORMULA, ENTITY_LOOKUP_TYPE)
VALUES ('8876a96635074c1c9e3f21fbb966ec7e', 0, 'ece8fb0ca5f345bc87e6ef59420d0c1c', 'custCodelist2Name', 'CUST_CODELIST2_NAME', 'NVARCHAR2(400)', 'N/A', 0, 'string-m', '', '', '', '', '', '', '', 0, NULL, 400, NULL, NULL, '', '', 'system', systimestamp, '63', 0, 'entity.briefAttachment.custCodelist2Name', '', '', '', '', '', '');
INSERT INTO CNT_FIELD_DEFINITION
 (ID, REVISION, PARENT_ID, FIELD_ID, COLUMN_NAME, COLUMN_TYPE, REPORT_COLUMN_NAME, PRODUCT_FIELD, FIELD_TYPE, ENTITY_LOOKUP, ENTITY_LOOKUP_KEY, ORDER_BY, GENERATOR, REFER_TABLE, KEY_COLUMN, LOOKUP_COLUMN, MANDATORY, MIN_LENGTH, MAX_LENGTH, MIN_VALUE, MAX_VALUE, CONSTANT_VALUE, UNIQUE_KEY, CREATE_USER, CREATED_ON, LINE_NO, MANAGED, FIELD_PATH, DATA_TYPE, DATA1, DATA2, TRANSITIVE_FIELDS, FORMULA, ENTITY_LOOKUP_TYPE)
VALUES ('b31a04e5b8524d66b4168ef3e4adee85', 0, 'ece8fb0ca5f345bc87e6ef59420d0c1c', 'custCodelist3Name', 'CUST_CODELIST3_NAME', 'NVARCHAR2(400)', 'N/A', 0, 'string-m', '', '', '', '', '', '', '', 0, NULL, 400, NULL, NULL, '', '', 'system', systimestamp, '64', 0, 'entity.briefAttachment.custCodelist3Name', '', '', '', '', '', '');
INSERT INTO CNT_FIELD_DEFINITION
 (ID, REVISION, PARENT_ID, FIELD_ID, COLUMN_NAME, COLUMN_TYPE, REPORT_COLUMN_NAME, PRODUCT_FIELD, FIELD_TYPE, ENTITY_LOOKUP, ENTITY_LOOKUP_KEY, ORDER_BY, GENERATOR, REFER_TABLE, KEY_COLUMN, LOOKUP_COLUMN, MANDATORY, MIN_LENGTH, MAX_LENGTH, MIN_VALUE, MAX_VALUE, CONSTANT_VALUE, UNIQUE_KEY, CREATE_USER, CREATED_ON, LINE_NO, MANAGED, FIELD_PATH, DATA_TYPE, DATA1, DATA2, TRANSITIVE_FIELDS, FORMULA, ENTITY_LOOKUP_TYPE)
VALUES ('f2be63f12065457fb86e41c06db1f020', 0, 'ece8fb0ca5f345bc87e6ef59420d0c1c', 'custCodelist4Name', 'CUST_CODELIST4_NAME', 'NVARCHAR2(400)', 'N/A', 0, 'string-m', '', '', '', '', '', '', '', 0, NULL, 400, NULL, NULL, '', '', 'system', systimestamp, '65', 0, 'entity.briefAttachment.custCodelist4Name', '', '', '', '', '', '');
INSERT INTO CNT_FIELD_DEFINITION
 (ID, REVISION, PARENT_ID, FIELD_ID, COLUMN_NAME, COLUMN_TYPE, REPORT_COLUMN_NAME, PRODUCT_FIELD, FIELD_TYPE, ENTITY_LOOKUP, ENTITY_LOOKUP_KEY, ORDER_BY, GENERATOR, REFER_TABLE, KEY_COLUMN, LOOKUP_COLUMN, MANDATORY, MIN_LENGTH, MAX_LENGTH, MIN_VALUE, MAX_VALUE, CONSTANT_VALUE, UNIQUE_KEY, CREATE_USER, CREATED_ON, LINE_NO, MANAGED, FIELD_PATH, DATA_TYPE, DATA1, DATA2, TRANSITIVE_FIELDS, FORMULA, ENTITY_LOOKUP_TYPE)
VALUES ('0a6ae36362cd40ef88a4c7e4c174f1be', 0, 'ece8fb0ca5f345bc87e6ef59420d0c1c', 'custCodelist5Name', 'CUST_CODELIST5_NAME', 'NVARCHAR2(400)', 'N/A', 0, 'string-m', '', '', '', '', '', '', '', 0, NULL, 400, NULL, NULL, '', '', 'system', systimestamp, '66', 0, 'entity.briefAttachment.custCodelist5Name', '', '', '', '', '', '');
INSERT INTO CNT_FIELD_DEFINITION
 (ID, REVISION, PARENT_ID, FIELD_ID, COLUMN_NAME, COLUMN_TYPE, REPORT_COLUMN_NAME, PRODUCT_FIELD, FIELD_TYPE, ENTITY_LOOKUP, ENTITY_LOOKUP_KEY, ORDER_BY, GENERATOR, REFER_TABLE, KEY_COLUMN, LOOKUP_COLUMN, MANDATORY, MIN_LENGTH, MAX_LENGTH, MIN_VALUE, MAX_VALUE, CONSTANT_VALUE, UNIQUE_KEY, CREATE_USER, CREATED_ON, LINE_NO, MANAGED, FIELD_PATH, DATA_TYPE, DATA1, DATA2, TRANSITIVE_FIELDS, FORMULA, ENTITY_LOOKUP_TYPE)
VALUES ('13ce8f8bc5044075a01cbcd15e42a540', 0, 'ece8fb0ca5f345bc87e6ef59420d0c1c', 'custCodelist6Name', 'CUST_CODELIST6_NAME', 'NVARCHAR2(400)', 'N/A', 0, 'string-m', '', '', '', '', '', '', '', 0, NULL, 400, NULL, NULL, '', '', 'system', systimestamp, '67', 0, 'entity.briefAttachment.custCodelist6Name', '', '', '', '', '', '');
INSERT INTO CNT_FIELD_DEFINITION
 (ID, REVISION, PARENT_ID, FIELD_ID, COLUMN_NAME, COLUMN_TYPE, REPORT_COLUMN_NAME, PRODUCT_FIELD, FIELD_TYPE, ENTITY_LOOKUP, ENTITY_LOOKUP_KEY, ORDER_BY, GENERATOR, REFER_TABLE, KEY_COLUMN, LOOKUP_COLUMN, MANDATORY, MIN_LENGTH, MAX_LENGTH, MIN_VALUE, MAX_VALUE, CONSTANT_VALUE, UNIQUE_KEY, CREATE_USER, CREATED_ON, LINE_NO, MANAGED, FIELD_PATH, DATA_TYPE, DATA1, DATA2, TRANSITIVE_FIELDS, FORMULA, ENTITY_LOOKUP_TYPE)
VALUES ('6c144cbdf0994daba8514eaa1bbf47ce', 0, 'ece8fb0ca5f345bc87e6ef59420d0c1c', 'custCodelist7Name', 'CUST_CODELIST7_NAME', 'NVARCHAR2(400)', 'N/A', 0, 'string-m', '', '', '', '', '', '', '', 0, NULL, 400, NULL, NULL, '', '', 'system', systimestamp, '68', 0, 'entity.briefAttachment.custCodelist7Name', '', '', '', '', '', '');
INSERT INTO CNT_FIELD_DEFINITION
 (ID, REVISION, PARENT_ID, FIELD_ID, COLUMN_NAME, COLUMN_TYPE, REPORT_COLUMN_NAME, PRODUCT_FIELD, FIELD_TYPE, ENTITY_LOOKUP, ENTITY_LOOKUP_KEY, ORDER_BY, GENERATOR, REFER_TABLE, KEY_COLUMN, LOOKUP_COLUMN, MANDATORY, MIN_LENGTH, MAX_LENGTH, MIN_VALUE, MAX_VALUE, CONSTANT_VALUE, UNIQUE_KEY, CREATE_USER, CREATED_ON, LINE_NO, MANAGED, FIELD_PATH, DATA_TYPE, DATA1, DATA2, TRANSITIVE_FIELDS, FORMULA, ENTITY_LOOKUP_TYPE)
VALUES ('364016246dc646eeba8f327532f83eaa', 0, 'ece8fb0ca5f345bc87e6ef59420d0c1c', 'custHcl1Ref', 'CUST_HCL1_REF', 'NVARCHAR2(1000)', 'N/A', 0, 'string-l', '', '', '', '', '', '', '', 0, NULL, 1000, NULL, NULL, '', '', 'system', systimestamp, '69', 0, 'entity.briefAttachment.custHcl1Ref', '', '', '', '', '', '');
INSERT INTO CNT_FIELD_DEFINITION
 (ID, REVISION, PARENT_ID, FIELD_ID, COLUMN_NAME, COLUMN_TYPE, REPORT_COLUMN_NAME, PRODUCT_FIELD, FIELD_TYPE, ENTITY_LOOKUP, ENTITY_LOOKUP_KEY, ORDER_BY, GENERATOR, REFER_TABLE, KEY_COLUMN, LOOKUP_COLUMN, MANDATORY, MIN_LENGTH, MAX_LENGTH, MIN_VALUE, MAX_VALUE, CONSTANT_VALUE, UNIQUE_KEY, CREATE_USER, CREATED_ON, LINE_NO, MANAGED, FIELD_PATH, DATA_TYPE, DATA1, DATA2, TRANSITIVE_FIELDS, FORMULA, ENTITY_LOOKUP_TYPE)
VALUES ('c00206d2fe334816ae67528e3816cc12', 0, 'ece8fb0ca5f345bc87e6ef59420d0c1c', 'custHcl1Ver', 'CUST_HCL1_VER', 'NUMBER(20, 0)', 'N/A', 0, 'integer', '', '', '', '', '', '', '', 0, NULL, 18, NULL, NULL, '', '', 'system', systimestamp, '70', 0, 'entity.briefAttachment.custHcl1Ver', '', '', '', '', '', '');
INSERT INTO CNT_FIELD_DEFINITION
 (ID, REVISION, PARENT_ID, FIELD_ID, COLUMN_NAME, COLUMN_TYPE, REPORT_COLUMN_NAME, PRODUCT_FIELD, FIELD_TYPE, ENTITY_LOOKUP, ENTITY_LOOKUP_KEY, ORDER_BY, GENERATOR, REFER_TABLE, KEY_COLUMN, LOOKUP_COLUMN, MANDATORY, MIN_LENGTH, MAX_LENGTH, MIN_VALUE, MAX_VALUE, CONSTANT_VALUE, UNIQUE_KEY, CREATE_USER, CREATED_ON, LINE_NO, MANAGED, FIELD_PATH, DATA_TYPE, DATA1, DATA2, TRANSITIVE_FIELDS, FORMULA, ENTITY_LOOKUP_TYPE)
VALUES ('0292fa3b6dc9408f8c48fb00a7c52692', 0, 'ece8fb0ca5f345bc87e6ef59420d0c1c', 'custHcl1Ref2', 'CUST_HCL1_REF2', 'NVARCHAR2(1000)', 'N/A', 0, 'string-l', '', '', '', '', '', '', '', 0, NULL, 1000, NULL, NULL, '', '', 'system', systimestamp, '71', 0, 'entity.briefAttachment.custHcl1Ref2', '', '', '', '', '', '');
INSERT INTO CNT_FIELD_DEFINITION
 (ID, REVISION, PARENT_ID, FIELD_ID, COLUMN_NAME, COLUMN_TYPE, REPORT_COLUMN_NAME, PRODUCT_FIELD, FIELD_TYPE, ENTITY_LOOKUP, ENTITY_LOOKUP_KEY, ORDER_BY, GENERATOR, REFER_TABLE, KEY_COLUMN, LOOKUP_COLUMN, MANDATORY, MIN_LENGTH, MAX_LENGTH, MIN_VALUE, MAX_VALUE, CONSTANT_VALUE, UNIQUE_KEY, CREATE_USER, CREATED_ON, LINE_NO, MANAGED, FIELD_PATH, DATA_TYPE, DATA1, DATA2, TRANSITIVE_FIELDS, FORMULA, ENTITY_LOOKUP_TYPE)
VALUES ('843064fccd56409aa710e6019cbe2306', 0, 'ece8fb0ca5f345bc87e6ef59420d0c1c', 'custHcl1FullLineage', 'CUST_HCL1_FULL_LINEAGE', 'NVARCHAR2(1000)', 'N/A', 0, 'string-l', '', '', '', '', '', '', '', 0, NULL, 1000, NULL, NULL, '', '', 'system', systimestamp, '72', 0, 'entity.briefAttachment.custHcl1FullLineage', '', '', '', '', '', '');
INSERT INTO CNT_FIELD_DEFINITION
 (ID, REVISION, PARENT_ID, FIELD_ID, COLUMN_NAME, COLUMN_TYPE, REPORT_COLUMN_NAME, PRODUCT_FIELD, FIELD_TYPE, ENTITY_LOOKUP, ENTITY_LOOKUP_KEY, ORDER_BY, GENERATOR, REFER_TABLE, KEY_COLUMN, LOOKUP_COLUMN, MANDATORY, MIN_LENGTH, MAX_LENGTH, MIN_VALUE, MAX_VALUE, CONSTANT_VALUE, UNIQUE_KEY, CREATE_USER, CREATED_ON, LINE_NO, MANAGED, FIELD_PATH, DATA_TYPE, DATA1, DATA2, TRANSITIVE_FIELDS, FORMULA, ENTITY_LOOKUP_TYPE)
VALUES ('1aa8b81d68b9468998c61ad33d2b04fe', 0, 'ece8fb0ca5f345bc87e6ef59420d0c1c', 'custHcl2Ref', 'CUST_HCL2_REF', 'NVARCHAR2(1000)', 'N/A', 0, 'string-l', '', '', '', '', '', '', '', 0, NULL, 1000, NULL, NULL, '', '', 'system', systimestamp, '73', 0, 'entity.briefAttachment.custHcl2Ref', '', '', '', '', '', '');
INSERT INTO CNT_FIELD_DEFINITION
 (ID, REVISION, PARENT_ID, FIELD_ID, COLUMN_NAME, COLUMN_TYPE, REPORT_COLUMN_NAME, PRODUCT_FIELD, FIELD_TYPE, ENTITY_LOOKUP, ENTITY_LOOKUP_KEY, ORDER_BY, GENERATOR, REFER_TABLE, KEY_COLUMN, LOOKUP_COLUMN, MANDATORY, MIN_LENGTH, MAX_LENGTH, MIN_VALUE, MAX_VALUE, CONSTANT_VALUE, UNIQUE_KEY, CREATE_USER, CREATED_ON, LINE_NO, MANAGED, FIELD_PATH, DATA_TYPE, DATA1, DATA2, TRANSITIVE_FIELDS, FORMULA, ENTITY_LOOKUP_TYPE)
VALUES ('cce0459fe72a4fb68bd6eccabe9d33b4', 0, 'ece8fb0ca5f345bc87e6ef59420d0c1c', 'custHcl2Ver', 'CUST_HCL2_VER', 'NUMBER(20, 0)', 'N/A', 0, 'integer', '', '', '', '', '', '', '', 0, NULL, 18, NULL, NULL, '', '', 'system', systimestamp, '74', 0, 'entity.briefAttachment.custHcl2Ver', '', '', '', '', '', '');
INSERT INTO CNT_FIELD_DEFINITION
 (ID, REVISION, PARENT_ID, FIELD_ID, COLUMN_NAME, COLUMN_TYPE, REPORT_COLUMN_NAME, PRODUCT_FIELD, FIELD_TYPE, ENTITY_LOOKUP, ENTITY_LOOKUP_KEY, ORDER_BY, GENERATOR, REFER_TABLE, KEY_COLUMN, LOOKUP_COLUMN, MANDATORY, MIN_LENGTH, MAX_LENGTH, MIN_VALUE, MAX_VALUE, CONSTANT_VALUE, UNIQUE_KEY, CREATE_USER, CREATED_ON, LINE_NO, MANAGED, FIELD_PATH, DATA_TYPE, DATA1, DATA2, TRANSITIVE_FIELDS, FORMULA, ENTITY_LOOKUP_TYPE)
VALUES ('50ba53fbadb949c2b98f07130e29e95a', 0, 'ece8fb0ca5f345bc87e6ef59420d0c1c', 'custHcl2Ref2', 'CUST_HCL2_REF2', 'NVARCHAR2(1000)', 'N/A', 0, 'string-l', '', '', '', '', '', '', '', 0, NULL, 1000, NULL, NULL, '', '', 'system', systimestamp, '75', 0, 'entity.briefAttachment.custHcl2Ref2', '', '', '', '', '', '');
INSERT INTO CNT_FIELD_DEFINITION
 (ID, REVISION, PARENT_ID, FIELD_ID, COLUMN_NAME, COLUMN_TYPE, REPORT_COLUMN_NAME, PRODUCT_FIELD, FIELD_TYPE, ENTITY_LOOKUP, ENTITY_LOOKUP_KEY, ORDER_BY, GENERATOR, REFER_TABLE, KEY_COLUMN, LOOKUP_COLUMN, MANDATORY, MIN_LENGTH, MAX_LENGTH, MIN_VALUE, MAX_VALUE, CONSTANT_VALUE, UNIQUE_KEY, CREATE_USER, CREATED_ON, LINE_NO, MANAGED, FIELD_PATH, DATA_TYPE, DATA1, DATA2, TRANSITIVE_FIELDS, FORMULA, ENTITY_LOOKUP_TYPE)
VALUES ('f755c4613e4248f1b19404ab4141d066', 0, 'ece8fb0ca5f345bc87e6ef59420d0c1c', 'custHcl2FullLineage', 'CUST_HCL2_FULL_LINEAGE', 'NVARCHAR2(1000)', 'N/A', 0, 'string-l', '', '', '', '', '', '', '', 0, NULL, 1000, NULL, NULL, '', '', 'system', systimestamp, '76', 0, 'entity.briefAttachment.custHcl2FullLineage', '', '', '', '', '', '');
INSERT INTO CNT_FIELD_DEFINITION
 (ID, REVISION, PARENT_ID, FIELD_ID, COLUMN_NAME, COLUMN_TYPE, REPORT_COLUMN_NAME, PRODUCT_FIELD, FIELD_TYPE, ENTITY_LOOKUP, ENTITY_LOOKUP_KEY, ORDER_BY, GENERATOR, REFER_TABLE, KEY_COLUMN, LOOKUP_COLUMN, MANDATORY, MIN_LENGTH, MAX_LENGTH, MIN_VALUE, MAX_VALUE, CONSTANT_VALUE, UNIQUE_KEY, CREATE_USER, CREATED_ON, LINE_NO, MANAGED, FIELD_PATH, DATA_TYPE, DATA1, DATA2, TRANSITIVE_FIELDS, FORMULA, ENTITY_LOOKUP_TYPE)
VALUES ('81f4d88142fd45208f57682b33e042fc', 0, 'ece8fb0ca5f345bc87e6ef59420d0c1c', 'custHcl3Ref', 'CUST_HCL3_REF', 'NVARCHAR2(1000)', 'N/A', 0, 'string-l', '', '', '', '', '', '', '', 0, NULL, 1000, NULL, NULL, '', '', 'system', systimestamp, '77', 0, 'entity.briefAttachment.custHcl3Ref', '', '', '', '', '', '');
INSERT INTO CNT_FIELD_DEFINITION
 (ID, REVISION, PARENT_ID, FIELD_ID, COLUMN_NAME, COLUMN_TYPE, REPORT_COLUMN_NAME, PRODUCT_FIELD, FIELD_TYPE, ENTITY_LOOKUP, ENTITY_LOOKUP_KEY, ORDER_BY, GENERATOR, REFER_TABLE, KEY_COLUMN, LOOKUP_COLUMN, MANDATORY, MIN_LENGTH, MAX_LENGTH, MIN_VALUE, MAX_VALUE, CONSTANT_VALUE, UNIQUE_KEY, CREATE_USER, CREATED_ON, LINE_NO, MANAGED, FIELD_PATH, DATA_TYPE, DATA1, DATA2, TRANSITIVE_FIELDS, FORMULA, ENTITY_LOOKUP_TYPE)
VALUES ('742dbdbd8d30472aa65754c09b22c07a', 0, 'ece8fb0ca5f345bc87e6ef59420d0c1c', 'custHcl3Ver', 'CUST_HCL3_VER', 'NUMBER(20, 0)', 'N/A', 0, 'integer', '', '', '', '', '', '', '', 0, NULL, 18, NULL, NULL, '', '', 'system', systimestamp, '78', 0, 'entity.briefAttachment.custHcl3Ver', '', '', '', '', '', '');
INSERT INTO CNT_FIELD_DEFINITION
 (ID, REVISION, PARENT_ID, FIELD_ID, COLUMN_NAME, COLUMN_TYPE, REPORT_COLUMN_NAME, PRODUCT_FIELD, FIELD_TYPE, ENTITY_LOOKUP, ENTITY_LOOKUP_KEY, ORDER_BY, GENERATOR, REFER_TABLE, KEY_COLUMN, LOOKUP_COLUMN, MANDATORY, MIN_LENGTH, MAX_LENGTH, MIN_VALUE, MAX_VALUE, CONSTANT_VALUE, UNIQUE_KEY, CREATE_USER, CREATED_ON, LINE_NO, MANAGED, FIELD_PATH, DATA_TYPE, DATA1, DATA2, TRANSITIVE_FIELDS, FORMULA, ENTITY_LOOKUP_TYPE)
VALUES ('63e5f708fe2d487e8c109bed3ddbdbec', 0, 'ece8fb0ca5f345bc87e6ef59420d0c1c', 'custHcl3Ref2', 'CUST_HCL3_REF2', 'NVARCHAR2(1000)', 'N/A', 0, 'string-l', '', '', '', '', '', '', '', 0, NULL, 1000, NULL, NULL, '', '', 'system', systimestamp, '79', 0, 'entity.briefAttachment.custHcl3Ref2', '', '', '', '', '', '');
INSERT INTO CNT_FIELD_DEFINITION
 (ID, REVISION, PARENT_ID, FIELD_ID, COLUMN_NAME, COLUMN_TYPE, REPORT_COLUMN_NAME, PRODUCT_FIELD, FIELD_TYPE, ENTITY_LOOKUP, ENTITY_LOOKUP_KEY, ORDER_BY, GENERATOR, REFER_TABLE, KEY_COLUMN, LOOKUP_COLUMN, MANDATORY, MIN_LENGTH, MAX_LENGTH, MIN_VALUE, MAX_VALUE, CONSTANT_VALUE, UNIQUE_KEY, CREATE_USER, CREATED_ON, LINE_NO, MANAGED, FIELD_PATH, DATA_TYPE, DATA1, DATA2, TRANSITIVE_FIELDS, FORMULA, ENTITY_LOOKUP_TYPE)
VALUES ('d596a1f623384bb2aec5ab00cdc907a6', 0, 'ece8fb0ca5f345bc87e6ef59420d0c1c', 'custHcl3FullLineage', 'CUST_HCL3_FULL_LINEAGE', 'NVARCHAR2(1000)', 'N/A', 0, 'string-l', '', '', '', '', '', '', '', 0, NULL, 1000, NULL, NULL, '', '', 'system', systimestamp, '80', 0, 'entity.briefAttachment.custHcl3FullLineage', '', '', '', '', '', '');
INSERT INTO CNT_FIELD_DEFINITION
 (ID, REVISION, PARENT_ID, FIELD_ID, COLUMN_NAME, COLUMN_TYPE, REPORT_COLUMN_NAME, PRODUCT_FIELD, FIELD_TYPE, ENTITY_LOOKUP, ENTITY_LOOKUP_KEY, ORDER_BY, GENERATOR, REFER_TABLE, KEY_COLUMN, LOOKUP_COLUMN, MANDATORY, MIN_LENGTH, MAX_LENGTH, MIN_VALUE, MAX_VALUE, CONSTANT_VALUE, UNIQUE_KEY, CREATE_USER, CREATED_ON, LINE_NO, MANAGED, FIELD_PATH, DATA_TYPE, DATA1, DATA2, TRANSITIVE_FIELDS, FORMULA, ENTITY_LOOKUP_TYPE)
VALUES ('81d5cffb44784020a89bcdec7c3abcb3', 0, 'ece8fb0ca5f345bc87e6ef59420d0c1c', 'custHcl4Ref', 'CUST_HCL4_REF', 'NVARCHAR2(1000)', 'N/A', 0, 'string-l', '', '', '', '', '', '', '', 0, NULL, 1000, NULL, NULL, '', '', 'system', systimestamp, '81', 0, 'entity.briefAttachment.custHcl4Ref', '', '', '', '', '', '');
INSERT INTO CNT_FIELD_DEFINITION
 (ID, REVISION, PARENT_ID, FIELD_ID, COLUMN_NAME, COLUMN_TYPE, REPORT_COLUMN_NAME, PRODUCT_FIELD, FIELD_TYPE, ENTITY_LOOKUP, ENTITY_LOOKUP_KEY, ORDER_BY, GENERATOR, REFER_TABLE, KEY_COLUMN, LOOKUP_COLUMN, MANDATORY, MIN_LENGTH, MAX_LENGTH, MIN_VALUE, MAX_VALUE, CONSTANT_VALUE, UNIQUE_KEY, CREATE_USER, CREATED_ON, LINE_NO, MANAGED, FIELD_PATH, DATA_TYPE, DATA1, DATA2, TRANSITIVE_FIELDS, FORMULA, ENTITY_LOOKUP_TYPE)
VALUES ('d8d70e73d3094e36af9ac911fb0969e7', 0, 'ece8fb0ca5f345bc87e6ef59420d0c1c', 'custHcl4Ver', 'CUST_HCL4_VER', 'NUMBER(20, 0)', 'N/A', 0, 'integer', '', '', '', '', '', '', '', 0, NULL, 18, NULL, NULL, '', '', 'system', systimestamp, '82', 0, 'entity.briefAttachment.custHcl4Ver', '', '', '', '', '', '');
INSERT INTO CNT_FIELD_DEFINITION
 (ID, REVISION, PARENT_ID, FIELD_ID, COLUMN_NAME, COLUMN_TYPE, REPORT_COLUMN_NAME, PRODUCT_FIELD, FIELD_TYPE, ENTITY_LOOKUP, ENTITY_LOOKUP_KEY, ORDER_BY, GENERATOR, REFER_TABLE, KEY_COLUMN, LOOKUP_COLUMN, MANDATORY, MIN_LENGTH, MAX_LENGTH, MIN_VALUE, MAX_VALUE, CONSTANT_VALUE, UNIQUE_KEY, CREATE_USER, CREATED_ON, LINE_NO, MANAGED, FIELD_PATH, DATA_TYPE, DATA1, DATA2, TRANSITIVE_FIELDS, FORMULA, ENTITY_LOOKUP_TYPE)
VALUES ('10312178c05348199be362341bbf4e9a', 0, 'ece8fb0ca5f345bc87e6ef59420d0c1c', 'custHcl4Ref2', 'CUST_HCL4_REF2', 'NVARCHAR2(1000)', 'N/A', 0, 'string-l', '', '', '', '', '', '', '', 0, NULL, 1000, NULL, NULL, '', '', 'system', systimestamp, '83', 0, 'entity.briefAttachment.custHcl4Ref2', '', '', '', '', '', '');
INSERT INTO CNT_FIELD_DEFINITION
 (ID, REVISION, PARENT_ID, FIELD_ID, COLUMN_NAME, COLUMN_TYPE, REPORT_COLUMN_NAME, PRODUCT_FIELD, FIELD_TYPE, ENTITY_LOOKUP, ENTITY_LOOKUP_KEY, ORDER_BY, GENERATOR, REFER_TABLE, KEY_COLUMN, LOOKUP_COLUMN, MANDATORY, MIN_LENGTH, MAX_LENGTH, MIN_VALUE, MAX_VALUE, CONSTANT_VALUE, UNIQUE_KEY, CREATE_USER, CREATED_ON, LINE_NO, MANAGED, FIELD_PATH, DATA_TYPE, DATA1, DATA2, TRANSITIVE_FIELDS, FORMULA, ENTITY_LOOKUP_TYPE)
VALUES ('e20141f277e143708402660c1b13a2dc', 0, 'ece8fb0ca5f345bc87e6ef59420d0c1c', 'custHcl4FullLineage', 'CUST_HCL4_FULL_LINEAGE', 'NVARCHAR2(1000)', 'N/A', 0, 'string-l', '', '', '', '', '', '', '', 0, NULL, 1000, NULL, NULL, '', '', 'system', systimestamp, '84', 0, 'entity.briefAttachment.custHcl4FullLineage', '', '', '', '', '', '');
INSERT INTO CNT_FIELD_DEFINITION
 (ID, REVISION, PARENT_ID, FIELD_ID, COLUMN_NAME, COLUMN_TYPE, REPORT_COLUMN_NAME, PRODUCT_FIELD, FIELD_TYPE, ENTITY_LOOKUP, ENTITY_LOOKUP_KEY, ORDER_BY, GENERATOR, REFER_TABLE, KEY_COLUMN, LOOKUP_COLUMN, MANDATORY, MIN_LENGTH, MAX_LENGTH, MIN_VALUE, MAX_VALUE, CONSTANT_VALUE, UNIQUE_KEY, CREATE_USER, CREATED_ON, LINE_NO, MANAGED, FIELD_PATH, DATA_TYPE, DATA1, DATA2, TRANSITIVE_FIELDS, FORMULA, ENTITY_LOOKUP_TYPE)
VALUES ('77ed1eed599f4d55a204e52a309fc551', 0, 'ece8fb0ca5f345bc87e6ef59420d0c1c', 'custHcl5Ref', 'CUST_HCL5_REF', 'NVARCHAR2(1000)', 'N/A', 0, 'string-l', '', '', '', '', '', '', '', 0, NULL, 1000, NULL, NULL, '', '', 'system', systimestamp, '85', 0, 'entity.briefAttachment.custHcl5Ref', '', '', '', '', '', '');
INSERT INTO CNT_FIELD_DEFINITION
 (ID, REVISION, PARENT_ID, FIELD_ID, COLUMN_NAME, COLUMN_TYPE, REPORT_COLUMN_NAME, PRODUCT_FIELD, FIELD_TYPE, ENTITY_LOOKUP, ENTITY_LOOKUP_KEY, ORDER_BY, GENERATOR, REFER_TABLE, KEY_COLUMN, LOOKUP_COLUMN, MANDATORY, MIN_LENGTH, MAX_LENGTH, MIN_VALUE, MAX_VALUE, CONSTANT_VALUE, UNIQUE_KEY, CREATE_USER, CREATED_ON, LINE_NO, MANAGED, FIELD_PATH, DATA_TYPE, DATA1, DATA2, TRANSITIVE_FIELDS, FORMULA, ENTITY_LOOKUP_TYPE)
VALUES ('ef2c09878f1c43bdb8e72cff9136b452', 0, 'ece8fb0ca5f345bc87e6ef59420d0c1c', 'custHcl5Ver', 'CUST_HCL5_VER', 'NUMBER(20, 0)', 'N/A', 0, 'integer', '', '', '', '', '', '', '', 0, NULL, 18, NULL, NULL, '', '', 'system', systimestamp, '86', 0, 'entity.briefAttachment.custHcl5Ver', '', '', '', '', '', '');
INSERT INTO CNT_FIELD_DEFINITION
 (ID, REVISION, PARENT_ID, FIELD_ID, COLUMN_NAME, COLUMN_TYPE, REPORT_COLUMN_NAME, PRODUCT_FIELD, FIELD_TYPE, ENTITY_LOOKUP, ENTITY_LOOKUP_KEY, ORDER_BY, GENERATOR, REFER_TABLE, KEY_COLUMN, LOOKUP_COLUMN, MANDATORY, MIN_LENGTH, MAX_LENGTH, MIN_VALUE, MAX_VALUE, CONSTANT_VALUE, UNIQUE_KEY, CREATE_USER, CREATED_ON, LINE_NO, MANAGED, FIELD_PATH, DATA_TYPE, DATA1, DATA2, TRANSITIVE_FIELDS, FORMULA, ENTITY_LOOKUP_TYPE)
VALUES ('20c8a16d20874d7e8462c0db0c5bc29e', 0, 'ece8fb0ca5f345bc87e6ef59420d0c1c', 'custHcl5Ref2', 'CUST_HCL5_REF2', 'NVARCHAR2(1000)', 'N/A', 0, 'string-l', '', '', '', '', '', '', '', 0, NULL, 1000, NULL, NULL, '', '', 'system', systimestamp, '87', 0, 'entity.briefAttachment.custHcl5Ref2', '', '', '', '', '', '');
INSERT INTO CNT_FIELD_DEFINITION
 (ID, REVISION, PARENT_ID, FIELD_ID, COLUMN_NAME, COLUMN_TYPE, REPORT_COLUMN_NAME, PRODUCT_FIELD, FIELD_TYPE, ENTITY_LOOKUP, ENTITY_LOOKUP_KEY, ORDER_BY, GENERATOR, REFER_TABLE, KEY_COLUMN, LOOKUP_COLUMN, MANDATORY, MIN_LENGTH, MAX_LENGTH, MIN_VALUE, MAX_VALUE, CONSTANT_VALUE, UNIQUE_KEY, CREATE_USER, CREATED_ON, LINE_NO, MANAGED, FIELD_PATH, DATA_TYPE, DATA1, DATA2, TRANSITIVE_FIELDS, FORMULA, ENTITY_LOOKUP_TYPE)
VALUES ('41b6a1dc7c9745449d846856cb0f92e8', 0, 'ece8fb0ca5f345bc87e6ef59420d0c1c', 'custHcl5FullLineage', 'CUST_HCL5_FULL_LINEAGE', 'NVARCHAR2(1000)', 'N/A', 0, 'string-l', '', '', '', '', '', '', '', 0, NULL, 1000, NULL, NULL, '', '', 'system', systimestamp, '88', 0, 'entity.briefAttachment.custHcl5FullLineage', '', '', '', '', '', '');
INSERT INTO CNT_ENTITY_DEFINITION
 (ID, REVISION, ENTITY_NAME, ENTITY_VERSION, PRODUCT_TABLE_NAME, CUSTOM_TABLE_NAME, REPORT_TABLE_NAME, MODULE, TYPE, REVISION_TRACKING, VERSION_TRACKING, HISTORY_ENTITY_NAME, REF_PATTERN, SYSTEM_ENTITY, CREATE_USER, CREATED_ON, IS_FOR_EXTERNAL)
VALUES ('d92f4fa756e5460ea374810edbbbe4ca', 0, 'BriefSourAgent', 1, 'CNT_BRIEF_SOUR_AGENT', 'CTM_BRIEF', 'BRIEF_PARTY_SOURCING_AGENTS', 'brief', 'inner', '', 'ALL', '', '${agentId.name}', 0, 'system', systimestamp, 0);
INSERT INTO CNT_FIELD_DEFINITION
 (ID, REVISION, PARENT_ID, FIELD_ID, COLUMN_NAME, COLUMN_TYPE, REPORT_COLUMN_NAME, PRODUCT_FIELD, FIELD_TYPE, ENTITY_LOOKUP, ENTITY_LOOKUP_KEY, ORDER_BY, GENERATOR, REFER_TABLE, KEY_COLUMN, LOOKUP_COLUMN, MANDATORY, MIN_LENGTH, MAX_LENGTH, MIN_VALUE, MAX_VALUE, CONSTANT_VALUE, UNIQUE_KEY, CREATE_USER, CREATED_ON, LINE_NO, MANAGED, FIELD_PATH, DATA_TYPE, DATA1, DATA2, TRANSITIVE_FIELDS, FORMULA, ENTITY_LOOKUP_TYPE)
VALUES ('d28464ffc821433d86c34d601fa9e3d6', 0, 'd92f4fa756e5460ea374810edbbbe4ca', 'id', 'ID', 'CHAR(32)', '', 1, 'id', '', '', '', 'com.core.cbx.data.generator.UUIDGenerator', '', '', '', 0, 32, 32, NULL, NULL, '', '', 'system', systimestamp, '0', 0, 'entity.briefSourAgent.id', '', '', '', '', '', '');
INSERT INTO CNT_FIELD_DEFINITION
 (ID, REVISION, PARENT_ID, FIELD_ID, COLUMN_NAME, COLUMN_TYPE, REPORT_COLUMN_NAME, PRODUCT_FIELD, FIELD_TYPE, ENTITY_LOOKUP, ENTITY_LOOKUP_KEY, ORDER_BY, GENERATOR, REFER_TABLE, KEY_COLUMN, LOOKUP_COLUMN, MANDATORY, MIN_LENGTH, MAX_LENGTH, MIN_VALUE, MAX_VALUE, CONSTANT_VALUE, UNIQUE_KEY, CREATE_USER, CREATED_ON, LINE_NO, MANAGED, FIELD_PATH, DATA_TYPE, DATA1, DATA2, TRANSITIVE_FIELDS, FORMULA, ENTITY_LOOKUP_TYPE)
VALUES ('b2d6909ee8244f689fe272a7b04dd053', 0, 'd92f4fa756e5460ea374810edbbbe4ca', 'revision', 'REVISION', 'NUMBER(20, 0)', '', 1, 'integer', '', '', '', '', '', '', '', 0, NULL, 18, NULL, NULL, '', '', 'system', systimestamp, '1', 0, 'entity.briefSourAgent.revision', '', '', '', '', '', '');
INSERT INTO CNT_FIELD_DEFINITION
 (ID, REVISION, PARENT_ID, FIELD_ID, COLUMN_NAME, COLUMN_TYPE, REPORT_COLUMN_NAME, PRODUCT_FIELD, FIELD_TYPE, ENTITY_LOOKUP, ENTITY_LOOKUP_KEY, ORDER_BY, GENERATOR, REFER_TABLE, KEY_COLUMN, LOOKUP_COLUMN, MANDATORY, MIN_LENGTH, MAX_LENGTH, MIN_VALUE, MAX_VALUE, CONSTANT_VALUE, UNIQUE_KEY, CREATE_USER, CREATED_ON, LINE_NO, MANAGED, FIELD_PATH, DATA_TYPE, DATA1, DATA2, TRANSITIVE_FIELDS, FORMULA, ENTITY_LOOKUP_TYPE)
VALUES ('3cc4674879a94d0ab143ba174695c091', 0, 'd92f4fa756e5460ea374810edbbbe4ca', 'entityVersion', 'ENTITY_VERSION', 'NUMBER(20, 0)', '', 1, 'integer', '', '', '', '', '', '', '', 0, NULL, 18, NULL, NULL, '', '', 'system', systimestamp, '2', 0, 'entity.briefSourAgent.entityVersion', '', '', '', '', '', '');
INSERT INTO CNT_FIELD_DEFINITION
 (ID, REVISION, PARENT_ID, FIELD_ID, COLUMN_NAME, COLUMN_TYPE, REPORT_COLUMN_NAME, PRODUCT_FIELD, FIELD_TYPE, ENTITY_LOOKUP, ENTITY_LOOKUP_KEY, ORDER_BY, GENERATOR, REFER_TABLE, KEY_COLUMN, LOOKUP_COLUMN, MANDATORY, MIN_LENGTH, MAX_LENGTH, MIN_VALUE, MAX_VALUE, CONSTANT_VALUE, UNIQUE_KEY, CREATE_USER, CREATED_ON, LINE_NO, MANAGED, FIELD_PATH, DATA_TYPE, DATA1, DATA2, TRANSITIVE_FIELDS, FORMULA, ENTITY_LOOKUP_TYPE)
VALUES ('c09a4394f5cd432fa02f54b2cff75fe1', 0, 'd92f4fa756e5460ea374810edbbbe4ca', 'domainId', 'DOMAIN_ID', 'NVARCHAR2(400)', '', 1, 'string-m', '', '', '', '', '', '', '', 0, NULL, 400, NULL, NULL, '', '', 'system', systimestamp, '3', 0, 'entity.briefSourAgent.domainId', '', '', '', '', '', '');
INSERT INTO CNT_FIELD_DEFINITION
 (ID, REVISION, PARENT_ID, FIELD_ID, COLUMN_NAME, COLUMN_TYPE, REPORT_COLUMN_NAME, PRODUCT_FIELD, FIELD_TYPE, ENTITY_LOOKUP, ENTITY_LOOKUP_KEY, ORDER_BY, GENERATOR, REFER_TABLE, KEY_COLUMN, LOOKUP_COLUMN, MANDATORY, MIN_LENGTH, MAX_LENGTH, MIN_VALUE, MAX_VALUE, CONSTANT_VALUE, UNIQUE_KEY, CREATE_USER, CREATED_ON, LINE_NO, MANAGED, FIELD_PATH, DATA_TYPE, DATA1, DATA2, TRANSITIVE_FIELDS, FORMULA, ENTITY_LOOKUP_TYPE)
VALUES ('a64d395657704ad19ec38a4e90795ac5', 0, 'd92f4fa756e5460ea374810edbbbe4ca', 'hubDomainId', 'HUB_DOMAIN_ID', 'NVARCHAR2(400)', '', 1, 'string-m', '', '', '', '', '', '', '', 0, NULL, 400, NULL, NULL, '', '', 'system', systimestamp, '4', 0, 'entity.briefSourAgent.hubDomainId', '', '', '', '', '', '');
INSERT INTO CNT_FIELD_DEFINITION
 (ID, REVISION, PARENT_ID, FIELD_ID, COLUMN_NAME, COLUMN_TYPE, REPORT_COLUMN_NAME, PRODUCT_FIELD, FIELD_TYPE, ENTITY_LOOKUP, ENTITY_LOOKUP_KEY, ORDER_BY, GENERATOR, REFER_TABLE, KEY_COLUMN, LOOKUP_COLUMN, MANDATORY, MIN_LENGTH, MAX_LENGTH, MIN_VALUE, MAX_VALUE, CONSTANT_VALUE, UNIQUE_KEY, CREATE_USER, CREATED_ON, LINE_NO, MANAGED, FIELD_PATH, DATA_TYPE, DATA1, DATA2, TRANSITIVE_FIELDS, FORMULA, ENTITY_LOOKUP_TYPE)
VALUES ('3bee7eb9bd164985954dc78c7ffae0ea', 0, 'd92f4fa756e5460ea374810edbbbe4ca', 'isForReference', 'IS_FOR_REFERENCE', 'NUMBER(1,0)', '', 1, 'boolean', '', '', '', '', '', '', '', 0, NULL, NULL, NULL, NULL, '', '', 'system', systimestamp, '5', 0, 'entity.briefSourAgent.isForReference', '', '', '', '', '', '');
INSERT INTO CNT_FIELD_DEFINITION
 (ID, REVISION, PARENT_ID, FIELD_ID, COLUMN_NAME, COLUMN_TYPE, REPORT_COLUMN_NAME, PRODUCT_FIELD, FIELD_TYPE, ENTITY_LOOKUP, ENTITY_LOOKUP_KEY, ORDER_BY, GENERATOR, REFER_TABLE, KEY_COLUMN, LOOKUP_COLUMN, MANDATORY, MIN_LENGTH, MAX_LENGTH, MIN_VALUE, MAX_VALUE, CONSTANT_VALUE, UNIQUE_KEY, CREATE_USER, CREATED_ON, LINE_NO, MANAGED, FIELD_PATH, DATA_TYPE, DATA1, DATA2, TRANSITIVE_FIELDS, FORMULA, ENTITY_LOOKUP_TYPE)
VALUES ('4b0d9c7f34394a49ae915d5ada11df52', 0, 'd92f4fa756e5460ea374810edbbbe4ca', 'internalSeqNo', 'INTERNAL_SEQ_NO', 'NUMBER(20, 0)', 'n/a', 1, 'integer', '', '', '', '', '', '', '', 0, NULL, 18, NULL, NULL, '', '', 'system', systimestamp, '6', 0, 'entity.briefSourAgent.internalSeqNo', '', '', '', '', '', '');
INSERT INTO CNT_FIELD_DEFINITION
 (ID, REVISION, PARENT_ID, FIELD_ID, COLUMN_NAME, COLUMN_TYPE, REPORT_COLUMN_NAME, PRODUCT_FIELD, FIELD_TYPE, ENTITY_LOOKUP, ENTITY_LOOKUP_KEY, ORDER_BY, GENERATOR, REFER_TABLE, KEY_COLUMN, LOOKUP_COLUMN, MANDATORY, MIN_LENGTH, MAX_LENGTH, MIN_VALUE, MAX_VALUE, CONSTANT_VALUE, UNIQUE_KEY, CREATE_USER, CREATED_ON, LINE_NO, MANAGED, FIELD_PATH, DATA_TYPE, DATA1, DATA2, TRANSITIVE_FIELDS, FORMULA, ENTITY_LOOKUP_TYPE)
VALUES ('be5666e43cf34b13828d1145cb0f40f9', 0, 'd92f4fa756e5460ea374810edbbbe4ca', 'briefId', 'BRIEF_ID', 'CHAR(32)', 'BRIEF_SYS_ID', 1, 'id', '', '', '', '', '', '', '', 1, 32, 32, NULL, NULL, '', '', 'system', systimestamp, '7', 0, 'entity.briefSourAgent.briefId', '', '', '', '', '', '');
INSERT INTO CNT_FIELD_DEFINITION
 (ID, REVISION, PARENT_ID, FIELD_ID, COLUMN_NAME, COLUMN_TYPE, REPORT_COLUMN_NAME, PRODUCT_FIELD, FIELD_TYPE, ENTITY_LOOKUP, ENTITY_LOOKUP_KEY, ORDER_BY, GENERATOR, REFER_TABLE, KEY_COLUMN, LOOKUP_COLUMN, MANDATORY, MIN_LENGTH, MAX_LENGTH, MIN_VALUE, MAX_VALUE, CONSTANT_VALUE, UNIQUE_KEY, CREATE_USER, CREATED_ON, LINE_NO, MANAGED, FIELD_PATH, DATA_TYPE, DATA1, DATA2, TRANSITIVE_FIELDS, FORMULA, ENTITY_LOOKUP_TYPE)
VALUES ('bbbefa2877a64ef59e322d0c3b5bbd80', 0, 'd92f4fa756e5460ea374810edbbbe4ca', 'agentId', 'AGENT_ID', 'CHAR(32)', 'AGENT_SYS_ID', 1, 'entity', 'Codelist', 'id', '', '', '', '', '', 0, 32, 32, NULL, NULL, '', '', 'system', systimestamp, '8', 0, 'entity.briefSourAgent.agentId', '', '', '', '', '', '');
INSERT INTO CNT_FIELD_DEFINITION
 (ID, REVISION, PARENT_ID, FIELD_ID, COLUMN_NAME, COLUMN_TYPE, REPORT_COLUMN_NAME, PRODUCT_FIELD, FIELD_TYPE, ENTITY_LOOKUP, ENTITY_LOOKUP_KEY, ORDER_BY, GENERATOR, REFER_TABLE, KEY_COLUMN, LOOKUP_COLUMN, MANDATORY, MIN_LENGTH, MAX_LENGTH, MIN_VALUE, MAX_VALUE, CONSTANT_VALUE, UNIQUE_KEY, CREATE_USER, CREATED_ON, LINE_NO, MANAGED, FIELD_PATH, DATA_TYPE, DATA1, DATA2, TRANSITIVE_FIELDS, FORMULA, ENTITY_LOOKUP_TYPE)
VALUES ('1679228c93b74d60b6ce12600941e41d', 0, 'd92f4fa756e5460ea374810edbbbe4ca', 'refNo', 'REF_NO', 'NVARCHAR2(1000)', '', 1, 'string-l', '', '', '', '', '', '', '', 0, NULL, 1000, NULL, NULL, '', '', 'system', systimestamp, '9', 0, 'entity.briefSourAgent.refNo', '', '', '', '', '', '');
INSERT INTO CNT_FIELD_DEFINITION
 (ID, REVISION, PARENT_ID, FIELD_ID, COLUMN_NAME, COLUMN_TYPE, REPORT_COLUMN_NAME, PRODUCT_FIELD, FIELD_TYPE, ENTITY_LOOKUP, ENTITY_LOOKUP_KEY, ORDER_BY, GENERATOR, REFER_TABLE, KEY_COLUMN, LOOKUP_COLUMN, MANDATORY, MIN_LENGTH, MAX_LENGTH, MIN_VALUE, MAX_VALUE, CONSTANT_VALUE, UNIQUE_KEY, CREATE_USER, CREATED_ON, LINE_NO, MANAGED, FIELD_PATH, DATA_TYPE, DATA1, DATA2, TRANSITIVE_FIELDS, FORMULA, ENTITY_LOOKUP_TYPE)
VALUES ('aa3e8094058b42e49b02e7cb503cec84', 0, 'd92f4fa756e5460ea374810edbbbe4ca', 'custText1', 'CUST_TEXT1', 'NVARCHAR2(1000)', 'CUSTOM_FIELD_TEXT1', 0, 'string-l', '', '', '', '', '', '', '', 0, NULL, 1000, NULL, NULL, '', '', 'system', systimestamp, '10', 0, 'entity.briefSourAgent.custText1', '', '', '', '', '', '');
INSERT INTO CNT_FIELD_DEFINITION
 (ID, REVISION, PARENT_ID, FIELD_ID, COLUMN_NAME, COLUMN_TYPE, REPORT_COLUMN_NAME, PRODUCT_FIELD, FIELD_TYPE, ENTITY_LOOKUP, ENTITY_LOOKUP_KEY, ORDER_BY, GENERATOR, REFER_TABLE, KEY_COLUMN, LOOKUP_COLUMN, MANDATORY, MIN_LENGTH, MAX_LENGTH, MIN_VALUE, MAX_VALUE, CONSTANT_VALUE, UNIQUE_KEY, CREATE_USER, CREATED_ON, LINE_NO, MANAGED, FIELD_PATH, DATA_TYPE, DATA1, DATA2, TRANSITIVE_FIELDS, FORMULA, ENTITY_LOOKUP_TYPE)
VALUES ('bb23d76576f74ae296093554248f021b', 0, 'd92f4fa756e5460ea374810edbbbe4ca', 'custText2', 'CUST_TEXT2', 'NVARCHAR2(1000)', 'CUSTOM_FIELD_TEXT2', 0, 'string-l', '', '', '', '', '', '', '', 0, NULL, 1000, NULL, NULL, '', '', 'system', systimestamp, '11', 0, 'entity.briefSourAgent.custText2', '', '', '', '', '', '');
INSERT INTO CNT_FIELD_DEFINITION
 (ID, REVISION, PARENT_ID, FIELD_ID, COLUMN_NAME, COLUMN_TYPE, REPORT_COLUMN_NAME, PRODUCT_FIELD, FIELD_TYPE, ENTITY_LOOKUP, ENTITY_LOOKUP_KEY, ORDER_BY, GENERATOR, REFER_TABLE, KEY_COLUMN, LOOKUP_COLUMN, MANDATORY, MIN_LENGTH, MAX_LENGTH, MIN_VALUE, MAX_VALUE, CONSTANT_VALUE, UNIQUE_KEY, CREATE_USER, CREATED_ON, LINE_NO, MANAGED, FIELD_PATH, DATA_TYPE, DATA1, DATA2, TRANSITIVE_FIELDS, FORMULA, ENTITY_LOOKUP_TYPE)
VALUES ('7bc46e9595284edb93e42380afd80c7d', 0, 'd92f4fa756e5460ea374810edbbbe4ca', 'custText3', 'CUST_TEXT3', 'NVARCHAR2(1000)', 'CUSTOM_FIELD_TEXT3', 0, 'string-l', '', '', '', '', '', '', '', 0, NULL, 1000, NULL, NULL, '', '', 'system', systimestamp, '12', 0, 'entity.briefSourAgent.custText3', '', '', '', '', '', '');
INSERT INTO CNT_FIELD_DEFINITION
 (ID, REVISION, PARENT_ID, FIELD_ID, COLUMN_NAME, COLUMN_TYPE, REPORT_COLUMN_NAME, PRODUCT_FIELD, FIELD_TYPE, ENTITY_LOOKUP, ENTITY_LOOKUP_KEY, ORDER_BY, GENERATOR, REFER_TABLE, KEY_COLUMN, LOOKUP_COLUMN, MANDATORY, MIN_LENGTH, MAX_LENGTH, MIN_VALUE, MAX_VALUE, CONSTANT_VALUE, UNIQUE_KEY, CREATE_USER, CREATED_ON, LINE_NO, MANAGED, FIELD_PATH, DATA_TYPE, DATA1, DATA2, TRANSITIVE_FIELDS, FORMULA, ENTITY_LOOKUP_TYPE)
VALUES ('ff2562c395db44b89695bb343f7c7303', 0, 'd92f4fa756e5460ea374810edbbbe4ca', 'custText4', 'CUST_TEXT4', 'NVARCHAR2(1000)', 'CUSTOM_FIELD_TEXT4', 0, 'string-l', '', '', '', '', '', '', '', 0, NULL, 1000, NULL, NULL, '', '', 'system', systimestamp, '13', 0, 'entity.briefSourAgent.custText4', '', '', '', '', '', '');
INSERT INTO CNT_FIELD_DEFINITION
 (ID, REVISION, PARENT_ID, FIELD_ID, COLUMN_NAME, COLUMN_TYPE, REPORT_COLUMN_NAME, PRODUCT_FIELD, FIELD_TYPE, ENTITY_LOOKUP, ENTITY_LOOKUP_KEY, ORDER_BY, GENERATOR, REFER_TABLE, KEY_COLUMN, LOOKUP_COLUMN, MANDATORY, MIN_LENGTH, MAX_LENGTH, MIN_VALUE, MAX_VALUE, CONSTANT_VALUE, UNIQUE_KEY, CREATE_USER, CREATED_ON, LINE_NO, MANAGED, FIELD_PATH, DATA_TYPE, DATA1, DATA2, TRANSITIVE_FIELDS, FORMULA, ENTITY_LOOKUP_TYPE)
VALUES ('77a8ac2ccf5d42e5b2c28fd173f8872d', 0, 'd92f4fa756e5460ea374810edbbbe4ca', 'custText5', 'CUST_TEXT5', 'NVARCHAR2(1000)', 'CUSTOM_FIELD_TEXT5', 0, 'string-l', '', '', '', '', '', '', '', 0, NULL, 1000, NULL, NULL, '', '', 'system', systimestamp, '14', 0, 'entity.briefSourAgent.custText5', '', '', '', '', '', '');
INSERT INTO CNT_FIELD_DEFINITION
 (ID, REVISION, PARENT_ID, FIELD_ID, COLUMN_NAME, COLUMN_TYPE, REPORT_COLUMN_NAME, PRODUCT_FIELD, FIELD_TYPE, ENTITY_LOOKUP, ENTITY_LOOKUP_KEY, ORDER_BY, GENERATOR, REFER_TABLE, KEY_COLUMN, LOOKUP_COLUMN, MANDATORY, MIN_LENGTH, MAX_LENGTH, MIN_VALUE, MAX_VALUE, CONSTANT_VALUE, UNIQUE_KEY, CREATE_USER, CREATED_ON, LINE_NO, MANAGED, FIELD_PATH, DATA_TYPE, DATA1, DATA2, TRANSITIVE_FIELDS, FORMULA, ENTITY_LOOKUP_TYPE)
VALUES ('acdcbb7a54f34b9190b1b1ec4a8e73fe', 0, 'd92f4fa756e5460ea374810edbbbe4ca', 'custText6', 'CUST_TEXT6', 'NVARCHAR2(1000)', 'CUSTOM_FIELD_TEXT6', 0, 'string-l', '', '', '', '', '', '', '', 0, NULL, 1000, NULL, NULL, '', '', 'system', systimestamp, '15', 0, 'entity.briefSourAgent.custText6', '', '', '', '', '', '');
INSERT INTO CNT_FIELD_DEFINITION
 (ID, REVISION, PARENT_ID, FIELD_ID, COLUMN_NAME, COLUMN_TYPE, REPORT_COLUMN_NAME, PRODUCT_FIELD, FIELD_TYPE, ENTITY_LOOKUP, ENTITY_LOOKUP_KEY, ORDER_BY, GENERATOR, REFER_TABLE, KEY_COLUMN, LOOKUP_COLUMN, MANDATORY, MIN_LENGTH, MAX_LENGTH, MIN_VALUE, MAX_VALUE, CONSTANT_VALUE, UNIQUE_KEY, CREATE_USER, CREATED_ON, LINE_NO, MANAGED, FIELD_PATH, DATA_TYPE, DATA1, DATA2, TRANSITIVE_FIELDS, FORMULA, ENTITY_LOOKUP_TYPE)
VALUES ('3c23077f671f417591dee3ad78d32110', 0, 'd92f4fa756e5460ea374810edbbbe4ca', 'custText7', 'CUST_TEXT7', 'NVARCHAR2(1000)', 'CUSTOM_FIELD_TEXT7', 0, 'string-l', '', '', '', '', '', '', '', 0, NULL, 1000, NULL, NULL, '', '', 'system', systimestamp, '16', 0, 'entity.briefSourAgent.custText7', '', '', '', '', '', '');
INSERT INTO CNT_FIELD_DEFINITION
 (ID, REVISION, PARENT_ID, FIELD_ID, COLUMN_NAME, COLUMN_TYPE, REPORT_COLUMN_NAME, PRODUCT_FIELD, FIELD_TYPE, ENTITY_LOOKUP, ENTITY_LOOKUP_KEY, ORDER_BY, GENERATOR, REFER_TABLE, KEY_COLUMN, LOOKUP_COLUMN, MANDATORY, MIN_LENGTH, MAX_LENGTH, MIN_VALUE, MAX_VALUE, CONSTANT_VALUE, UNIQUE_KEY, CREATE_USER, CREATED_ON, LINE_NO, MANAGED, FIELD_PATH, DATA_TYPE, DATA1, DATA2, TRANSITIVE_FIELDS, FORMULA, ENTITY_LOOKUP_TYPE)
VALUES ('43d4356e82f1448fbf1f2c11749161ef', 0, 'd92f4fa756e5460ea374810edbbbe4ca', 'custDate1', 'CUST_DATE1', 'DATE', 'CUSTOM_FIELD_DATE1', 0, 'date', '', '', '', '', '', '', '', 0, NULL, NULL, NULL, NULL, '', '', 'system', systimestamp, '17', 0, 'entity.briefSourAgent.custDate1', '', '', '', '', '', '');
INSERT INTO CNT_FIELD_DEFINITION
 (ID, REVISION, PARENT_ID, FIELD_ID, COLUMN_NAME, COLUMN_TYPE, REPORT_COLUMN_NAME, PRODUCT_FIELD, FIELD_TYPE, ENTITY_LOOKUP, ENTITY_LOOKUP_KEY, ORDER_BY, GENERATOR, REFER_TABLE, KEY_COLUMN, LOOKUP_COLUMN, MANDATORY, MIN_LENGTH, MAX_LENGTH, MIN_VALUE, MAX_VALUE, CONSTANT_VALUE, UNIQUE_KEY, CREATE_USER, CREATED_ON, LINE_NO, MANAGED, FIELD_PATH, DATA_TYPE, DATA1, DATA2, TRANSITIVE_FIELDS, FORMULA, ENTITY_LOOKUP_TYPE)
VALUES ('7e8b30a813b04b56bb4690ccd0d25304', 0, 'd92f4fa756e5460ea374810edbbbe4ca', 'custDate2', 'CUST_DATE2', 'DATE', 'CUSTOM_FIELD_DATE2', 0, 'date', '', '', '', '', '', '', '', 0, NULL, NULL, NULL, NULL, '', '', 'system', systimestamp, '18', 0, 'entity.briefSourAgent.custDate2', '', '', '', '', '', '');
INSERT INTO CNT_FIELD_DEFINITION
 (ID, REVISION, PARENT_ID, FIELD_ID, COLUMN_NAME, COLUMN_TYPE, REPORT_COLUMN_NAME, PRODUCT_FIELD, FIELD_TYPE, ENTITY_LOOKUP, ENTITY_LOOKUP_KEY, ORDER_BY, GENERATOR, REFER_TABLE, KEY_COLUMN, LOOKUP_COLUMN, MANDATORY, MIN_LENGTH, MAX_LENGTH, MIN_VALUE, MAX_VALUE, CONSTANT_VALUE, UNIQUE_KEY, CREATE_USER, CREATED_ON, LINE_NO, MANAGED, FIELD_PATH, DATA_TYPE, DATA1, DATA2, TRANSITIVE_FIELDS, FORMULA, ENTITY_LOOKUP_TYPE)
VALUES ('b93cf472b9624897ae523e1e85150ba2', 0, 'd92f4fa756e5460ea374810edbbbe4ca', 'custDate3', 'CUST_DATE3', 'DATE', 'CUSTOM_FIELD_DATE3', 0, 'date', '', '', '', '', '', '', '', 0, NULL, NULL, NULL, NULL, '', '', 'system', systimestamp, '19', 0, 'entity.briefSourAgent.custDate3', '', '', '', '', '', '');
INSERT INTO CNT_FIELD_DEFINITION
 (ID, REVISION, PARENT_ID, FIELD_ID, COLUMN_NAME, COLUMN_TYPE, REPORT_COLUMN_NAME, PRODUCT_FIELD, FIELD_TYPE, ENTITY_LOOKUP, ENTITY_LOOKUP_KEY, ORDER_BY, GENERATOR, REFER_TABLE, KEY_COLUMN, LOOKUP_COLUMN, MANDATORY, MIN_LENGTH, MAX_LENGTH, MIN_VALUE, MAX_VALUE, CONSTANT_VALUE, UNIQUE_KEY, CREATE_USER, CREATED_ON, LINE_NO, MANAGED, FIELD_PATH, DATA_TYPE, DATA1, DATA2, TRANSITIVE_FIELDS, FORMULA, ENTITY_LOOKUP_TYPE)
VALUES ('2f8ef85888b64abd98284e3439492956', 0, 'd92f4fa756e5460ea374810edbbbe4ca', 'custDate4', 'CUST_DATE4', 'DATE', 'CUSTOM_FIELD_DATE4', 0, 'date', '', '', '', '', '', '', '', 0, NULL, NULL, NULL, NULL, '', '', 'system', systimestamp, '20', 0, 'entity.briefSourAgent.custDate4', '', '', '', '', '', '');
INSERT INTO CNT_FIELD_DEFINITION
 (ID, REVISION, PARENT_ID, FIELD_ID, COLUMN_NAME, COLUMN_TYPE, REPORT_COLUMN_NAME, PRODUCT_FIELD, FIELD_TYPE, ENTITY_LOOKUP, ENTITY_LOOKUP_KEY, ORDER_BY, GENERATOR, REFER_TABLE, KEY_COLUMN, LOOKUP_COLUMN, MANDATORY, MIN_LENGTH, MAX_LENGTH, MIN_VALUE, MAX_VALUE, CONSTANT_VALUE, UNIQUE_KEY, CREATE_USER, CREATED_ON, LINE_NO, MANAGED, FIELD_PATH, DATA_TYPE, DATA1, DATA2, TRANSITIVE_FIELDS, FORMULA, ENTITY_LOOKUP_TYPE)
VALUES ('d06ed04625c64208a28b17217107bea0', 0, 'd92f4fa756e5460ea374810edbbbe4ca', 'custDate5', 'CUST_DATE5', 'DATE', 'CUSTOM_FIELD_DATE5', 0, 'date', '', '', '', '', '', '', '', 0, NULL, NULL, NULL, NULL, '', '', 'system', systimestamp, '21', 0, 'entity.briefSourAgent.custDate5', '', '', '', '', '', '');
INSERT INTO CNT_FIELD_DEFINITION
 (ID, REVISION, PARENT_ID, FIELD_ID, COLUMN_NAME, COLUMN_TYPE, REPORT_COLUMN_NAME, PRODUCT_FIELD, FIELD_TYPE, ENTITY_LOOKUP, ENTITY_LOOKUP_KEY, ORDER_BY, GENERATOR, REFER_TABLE, KEY_COLUMN, LOOKUP_COLUMN, MANDATORY, MIN_LENGTH, MAX_LENGTH, MIN_VALUE, MAX_VALUE, CONSTANT_VALUE, UNIQUE_KEY, CREATE_USER, CREATED_ON, LINE_NO, MANAGED, FIELD_PATH, DATA_TYPE, DATA1, DATA2, TRANSITIVE_FIELDS, FORMULA, ENTITY_LOOKUP_TYPE)
VALUES ('661dbeed0dea4e8a8e268ec44a5b1112', 0, 'd92f4fa756e5460ea374810edbbbe4ca', 'custDate6', 'CUST_DATE6', 'DATE', 'CUSTOM_FIELD_DATE6', 0, 'date', '', '', '', '', '', '', '', 0, NULL, NULL, NULL, NULL, '', '', 'system', systimestamp, '22', 0, 'entity.briefSourAgent.custDate6', '', '', '', '', '', '');
INSERT INTO CNT_FIELD_DEFINITION
 (ID, REVISION, PARENT_ID, FIELD_ID, COLUMN_NAME, COLUMN_TYPE, REPORT_COLUMN_NAME, PRODUCT_FIELD, FIELD_TYPE, ENTITY_LOOKUP, ENTITY_LOOKUP_KEY, ORDER_BY, GENERATOR, REFER_TABLE, KEY_COLUMN, LOOKUP_COLUMN, MANDATORY, MIN_LENGTH, MAX_LENGTH, MIN_VALUE, MAX_VALUE, CONSTANT_VALUE, UNIQUE_KEY, CREATE_USER, CREATED_ON, LINE_NO, MANAGED, FIELD_PATH, DATA_TYPE, DATA1, DATA2, TRANSITIVE_FIELDS, FORMULA, ENTITY_LOOKUP_TYPE)
VALUES ('dd41fac9c26d4fcb8208038d30432551', 0, 'd92f4fa756e5460ea374810edbbbe4ca', 'custDate7', 'CUST_DATE7', 'DATE', 'CUSTOM_FIELD_DATE7', 0, 'date', '', '', '', '', '', '', '', 0, NULL, NULL, NULL, NULL, '', '', 'system', systimestamp, '23', 0, 'entity.briefSourAgent.custDate7', '', '', '', '', '', '');
INSERT INTO CNT_FIELD_DEFINITION
 (ID, REVISION, PARENT_ID, FIELD_ID, COLUMN_NAME, COLUMN_TYPE, REPORT_COLUMN_NAME, PRODUCT_FIELD, FIELD_TYPE, ENTITY_LOOKUP, ENTITY_LOOKUP_KEY, ORDER_BY, GENERATOR, REFER_TABLE, KEY_COLUMN, LOOKUP_COLUMN, MANDATORY, MIN_LENGTH, MAX_LENGTH, MIN_VALUE, MAX_VALUE, CONSTANT_VALUE, UNIQUE_KEY, CREATE_USER, CREATED_ON, LINE_NO, MANAGED, FIELD_PATH, DATA_TYPE, DATA1, DATA2, TRANSITIVE_FIELDS, FORMULA, ENTITY_LOOKUP_TYPE)
VALUES ('312fb7da06ae4b9fb89974ccd4c3ee7a', 0, 'd92f4fa756e5460ea374810edbbbe4ca', 'custNumber1', 'CUST_NUMBER1', 'NUMBER(20, 0)', 'CUSTOM_FIELD_NUMBER1', 0, 'integer', '', '', '', '', '', '', '', 0, NULL, 18, NULL, NULL, '', '', 'system', systimestamp, '24', 0, 'entity.briefSourAgent.custNumber1', '', '', '', '', '', '');
INSERT INTO CNT_FIELD_DEFINITION
 (ID, REVISION, PARENT_ID, FIELD_ID, COLUMN_NAME, COLUMN_TYPE, REPORT_COLUMN_NAME, PRODUCT_FIELD, FIELD_TYPE, ENTITY_LOOKUP, ENTITY_LOOKUP_KEY, ORDER_BY, GENERATOR, REFER_TABLE, KEY_COLUMN, LOOKUP_COLUMN, MANDATORY, MIN_LENGTH, MAX_LENGTH, MIN_VALUE, MAX_VALUE, CONSTANT_VALUE, UNIQUE_KEY, CREATE_USER, CREATED_ON, LINE_NO, MANAGED, FIELD_PATH, DATA_TYPE, DATA1, DATA2, TRANSITIVE_FIELDS, FORMULA, ENTITY_LOOKUP_TYPE)
VALUES ('fe95a116adf441a18ebd1ddd8f726c3c', 0, 'd92f4fa756e5460ea374810edbbbe4ca', 'custNumber2', 'CUST_NUMBER2', 'NUMBER(20, 0)', 'CUSTOM_FIELD_NUMBER2', 0, 'integer', '', '', '', '', '', '', '', 0, NULL, 18, NULL, NULL, '', '', 'system', systimestamp, '25', 0, 'entity.briefSourAgent.custNumber2', '', '', '', '', '', '');
INSERT INTO CNT_FIELD_DEFINITION
 (ID, REVISION, PARENT_ID, FIELD_ID, COLUMN_NAME, COLUMN_TYPE, REPORT_COLUMN_NAME, PRODUCT_FIELD, FIELD_TYPE, ENTITY_LOOKUP, ENTITY_LOOKUP_KEY, ORDER_BY, GENERATOR, REFER_TABLE, KEY_COLUMN, LOOKUP_COLUMN, MANDATORY, MIN_LENGTH, MAX_LENGTH, MIN_VALUE, MAX_VALUE, CONSTANT_VALUE, UNIQUE_KEY, CREATE_USER, CREATED_ON, LINE_NO, MANAGED, FIELD_PATH, DATA_TYPE, DATA1, DATA2, TRANSITIVE_FIELDS, FORMULA, ENTITY_LOOKUP_TYPE)
VALUES ('607ca9c5db6d4226ab21f00ebe49b7b0', 0, 'd92f4fa756e5460ea374810edbbbe4ca', 'custNumber3', 'CUST_NUMBER3', 'NUMBER(20, 0)', 'CUSTOM_FIELD_NUMBER3', 0, 'integer', '', '', '', '', '', '', '', 0, NULL, 18, NULL, NULL, '', '', 'system', systimestamp, '26', 0, 'entity.briefSourAgent.custNumber3', '', '', '', '', '', '');
INSERT INTO CNT_FIELD_DEFINITION
 (ID, REVISION, PARENT_ID, FIELD_ID, COLUMN_NAME, COLUMN_TYPE, REPORT_COLUMN_NAME, PRODUCT_FIELD, FIELD_TYPE, ENTITY_LOOKUP, ENTITY_LOOKUP_KEY, ORDER_BY, GENERATOR, REFER_TABLE, KEY_COLUMN, LOOKUP_COLUMN, MANDATORY, MIN_LENGTH, MAX_LENGTH, MIN_VALUE, MAX_VALUE, CONSTANT_VALUE, UNIQUE_KEY, CREATE_USER, CREATED_ON, LINE_NO, MANAGED, FIELD_PATH, DATA_TYPE, DATA1, DATA2, TRANSITIVE_FIELDS, FORMULA, ENTITY_LOOKUP_TYPE)
VALUES ('e16c53a812454e8c9aacf35e2c15bd26', 0, 'd92f4fa756e5460ea374810edbbbe4ca', 'custNumber4', 'CUST_NUMBER4', 'NUMBER(20, 0)', 'CUSTOM_FIELD_NUMBER4', 0, 'integer', '', '', '', '', '', '', '', 0, NULL, 18, NULL, NULL, '', '', 'system', systimestamp, '27', 0, 'entity.briefSourAgent.custNumber4', '', '', '', '', '', '');
INSERT INTO CNT_FIELD_DEFINITION
 (ID, REVISION, PARENT_ID, FIELD_ID, COLUMN_NAME, COLUMN_TYPE, REPORT_COLUMN_NAME, PRODUCT_FIELD, FIELD_TYPE, ENTITY_LOOKUP, ENTITY_LOOKUP_KEY, ORDER_BY, GENERATOR, REFER_TABLE, KEY_COLUMN, LOOKUP_COLUMN, MANDATORY, MIN_LENGTH, MAX_LENGTH, MIN_VALUE, MAX_VALUE, CONSTANT_VALUE, UNIQUE_KEY, CREATE_USER, CREATED_ON, LINE_NO, MANAGED, FIELD_PATH, DATA_TYPE, DATA1, DATA2, TRANSITIVE_FIELDS, FORMULA, ENTITY_LOOKUP_TYPE)
VALUES ('a5ab996a4f8b4fe2a1598afe7937438c', 0, 'd92f4fa756e5460ea374810edbbbe4ca', 'custNumber5', 'CUST_NUMBER5', 'NUMBER(20, 0)', 'CUSTOM_FIELD_NUMBER5', 0, 'integer', '', '', '', '', '', '', '', 0, NULL, 18, NULL, NULL, '', '', 'system', systimestamp, '28', 0, 'entity.briefSourAgent.custNumber5', '', '', '', '', '', '');
INSERT INTO CNT_FIELD_DEFINITION
 (ID, REVISION, PARENT_ID, FIELD_ID, COLUMN_NAME, COLUMN_TYPE, REPORT_COLUMN_NAME, PRODUCT_FIELD, FIELD_TYPE, ENTITY_LOOKUP, ENTITY_LOOKUP_KEY, ORDER_BY, GENERATOR, REFER_TABLE, KEY_COLUMN, LOOKUP_COLUMN, MANDATORY, MIN_LENGTH, MAX_LENGTH, MIN_VALUE, MAX_VALUE, CONSTANT_VALUE, UNIQUE_KEY, CREATE_USER, CREATED_ON, LINE_NO, MANAGED, FIELD_PATH, DATA_TYPE, DATA1, DATA2, TRANSITIVE_FIELDS, FORMULA, ENTITY_LOOKUP_TYPE)
VALUES ('be601057c2414bbe93ad40b16b007aa4', 0, 'd92f4fa756e5460ea374810edbbbe4ca', 'custNumber6', 'CUST_NUMBER6', 'NUMBER(20, 0)', 'CUSTOM_FIELD_NUMBER6', 0, 'integer', '', '', '', '', '', '', '', 0, NULL, 18, NULL, NULL, '', '', 'system', systimestamp, '29', 0, 'entity.briefSourAgent.custNumber6', '', '', '', '', '', '');
INSERT INTO CNT_FIELD_DEFINITION
 (ID, REVISION, PARENT_ID, FIELD_ID, COLUMN_NAME, COLUMN_TYPE, REPORT_COLUMN_NAME, PRODUCT_FIELD, FIELD_TYPE, ENTITY_LOOKUP, ENTITY_LOOKUP_KEY, ORDER_BY, GENERATOR, REFER_TABLE, KEY_COLUMN, LOOKUP_COLUMN, MANDATORY, MIN_LENGTH, MAX_LENGTH, MIN_VALUE, MAX_VALUE, CONSTANT_VALUE, UNIQUE_KEY, CREATE_USER, CREATED_ON, LINE_NO, MANAGED, FIELD_PATH, DATA_TYPE, DATA1, DATA2, TRANSITIVE_FIELDS, FORMULA, ENTITY_LOOKUP_TYPE)
VALUES ('af255c5568f345648a1def939287dcd8', 0, 'd92f4fa756e5460ea374810edbbbe4ca', 'custNumber7', 'CUST_NUMBER7', 'NUMBER(20, 0)', 'CUSTOM_FIELD_NUMBER7', 0, 'integer', '', '', '', '', '', '', '', 0, NULL, 18, NULL, NULL, '', '', 'system', systimestamp, '30', 0, 'entity.briefSourAgent.custNumber7', '', '', '', '', '', '');
INSERT INTO CNT_FIELD_DEFINITION
 (ID, REVISION, PARENT_ID, FIELD_ID, COLUMN_NAME, COLUMN_TYPE, REPORT_COLUMN_NAME, PRODUCT_FIELD, FIELD_TYPE, ENTITY_LOOKUP, ENTITY_LOOKUP_KEY, ORDER_BY, GENERATOR, REFER_TABLE, KEY_COLUMN, LOOKUP_COLUMN, MANDATORY, MIN_LENGTH, MAX_LENGTH, MIN_VALUE, MAX_VALUE, CONSTANT_VALUE, UNIQUE_KEY, CREATE_USER, CREATED_ON, LINE_NO, MANAGED, FIELD_PATH, DATA_TYPE, DATA1, DATA2, TRANSITIVE_FIELDS, FORMULA, ENTITY_LOOKUP_TYPE)
VALUES ('cd98eabef3054df5baa0b2750f515c04', 0, 'd92f4fa756e5460ea374810edbbbe4ca', 'custDecimal1', 'CUST_DECIMAL1', 'NUMBER(25, 5)', 'CUSTOM_FIELD_DECIMAL1', 0, 'decimal-rate', '', '', '', '', '', '', '', 0, NULL, 20, NULL, NULL, '', '', 'system', systimestamp, '31', 0, 'entity.briefSourAgent.custDecimal1', '', '', '', '', '', '');
INSERT INTO CNT_FIELD_DEFINITION
 (ID, REVISION, PARENT_ID, FIELD_ID, COLUMN_NAME, COLUMN_TYPE, REPORT_COLUMN_NAME, PRODUCT_FIELD, FIELD_TYPE, ENTITY_LOOKUP, ENTITY_LOOKUP_KEY, ORDER_BY, GENERATOR, REFER_TABLE, KEY_COLUMN, LOOKUP_COLUMN, MANDATORY, MIN_LENGTH, MAX_LENGTH, MIN_VALUE, MAX_VALUE, CONSTANT_VALUE, UNIQUE_KEY, CREATE_USER, CREATED_ON, LINE_NO, MANAGED, FIELD_PATH, DATA_TYPE, DATA1, DATA2, TRANSITIVE_FIELDS, FORMULA, ENTITY_LOOKUP_TYPE)
VALUES ('065b4fb114774e4cb69a4c41bd26dd50', 0, 'd92f4fa756e5460ea374810edbbbe4ca', 'custDecimal2', 'CUST_DECIMAL2', 'NUMBER(25, 5)', 'CUSTOM_FIELD_DECIMAL2', 0, 'decimal-rate', '', '', '', '', '', '', '', 0, NULL, 20, NULL, NULL, '', '', 'system', systimestamp, '32', 0, 'entity.briefSourAgent.custDecimal2', '', '', '', '', '', '');
INSERT INTO CNT_FIELD_DEFINITION
 (ID, REVISION, PARENT_ID, FIELD_ID, COLUMN_NAME, COLUMN_TYPE, REPORT_COLUMN_NAME, PRODUCT_FIELD, FIELD_TYPE, ENTITY_LOOKUP, ENTITY_LOOKUP_KEY, ORDER_BY, GENERATOR, REFER_TABLE, KEY_COLUMN, LOOKUP_COLUMN, MANDATORY, MIN_LENGTH, MAX_LENGTH, MIN_VALUE, MAX_VALUE, CONSTANT_VALUE, UNIQUE_KEY, CREATE_USER, CREATED_ON, LINE_NO, MANAGED, FIELD_PATH, DATA_TYPE, DATA1, DATA2, TRANSITIVE_FIELDS, FORMULA, ENTITY_LOOKUP_TYPE)
VALUES ('c49df00088e74e9bb3fcdd434d19e009', 0, 'd92f4fa756e5460ea374810edbbbe4ca', 'custDecimal3', 'CUST_DECIMAL3', 'NUMBER(25, 5)', 'CUSTOM_FIELD_DECIMAL3', 0, 'decimal-rate', '', '', '', '', '', '', '', 0, NULL, 20, NULL, NULL, '', '', 'system', systimestamp, '33', 0, 'entity.briefSourAgent.custDecimal3', '', '', '', '', '', '');
INSERT INTO CNT_FIELD_DEFINITION
 (ID, REVISION, PARENT_ID, FIELD_ID, COLUMN_NAME, COLUMN_TYPE, REPORT_COLUMN_NAME, PRODUCT_FIELD, FIELD_TYPE, ENTITY_LOOKUP, ENTITY_LOOKUP_KEY, ORDER_BY, GENERATOR, REFER_TABLE, KEY_COLUMN, LOOKUP_COLUMN, MANDATORY, MIN_LENGTH, MAX_LENGTH, MIN_VALUE, MAX_VALUE, CONSTANT_VALUE, UNIQUE_KEY, CREATE_USER, CREATED_ON, LINE_NO, MANAGED, FIELD_PATH, DATA_TYPE, DATA1, DATA2, TRANSITIVE_FIELDS, FORMULA, ENTITY_LOOKUP_TYPE)
VALUES ('62f4358fabe940d4b6eb837a2322b9c5', 0, 'd92f4fa756e5460ea374810edbbbe4ca', 'custDecimal4', 'CUST_DECIMAL4', 'NUMBER(25, 5)', 'CUSTOM_FIELD_DECIMAL4', 0, 'decimal-rate', '', '', '', '', '', '', '', 0, NULL, 20, NULL, NULL, '', '', 'system', systimestamp, '34', 0, 'entity.briefSourAgent.custDecimal4', '', '', '', '', '', '');
INSERT INTO CNT_FIELD_DEFINITION
 (ID, REVISION, PARENT_ID, FIELD_ID, COLUMN_NAME, COLUMN_TYPE, REPORT_COLUMN_NAME, PRODUCT_FIELD, FIELD_TYPE, ENTITY_LOOKUP, ENTITY_LOOKUP_KEY, ORDER_BY, GENERATOR, REFER_TABLE, KEY_COLUMN, LOOKUP_COLUMN, MANDATORY, MIN_LENGTH, MAX_LENGTH, MIN_VALUE, MAX_VALUE, CONSTANT_VALUE, UNIQUE_KEY, CREATE_USER, CREATED_ON, LINE_NO, MANAGED, FIELD_PATH, DATA_TYPE, DATA1, DATA2, TRANSITIVE_FIELDS, FORMULA, ENTITY_LOOKUP_TYPE)
VALUES ('78c4e0ab19634d208517632bc83ec18e', 0, 'd92f4fa756e5460ea374810edbbbe4ca', 'custDecimal5', 'CUST_DECIMAL5', 'NUMBER(25, 5)', 'CUSTOM_FIELD_DECIMAL5', 0, 'decimal-rate', '', '', '', '', '', '', '', 0, NULL, 20, NULL, NULL, '', '', 'system', systimestamp, '35', 0, 'entity.briefSourAgent.custDecimal5', '', '', '', '', '', '');
INSERT INTO CNT_FIELD_DEFINITION
 (ID, REVISION, PARENT_ID, FIELD_ID, COLUMN_NAME, COLUMN_TYPE, REPORT_COLUMN_NAME, PRODUCT_FIELD, FIELD_TYPE, ENTITY_LOOKUP, ENTITY_LOOKUP_KEY, ORDER_BY, GENERATOR, REFER_TABLE, KEY_COLUMN, LOOKUP_COLUMN, MANDATORY, MIN_LENGTH, MAX_LENGTH, MIN_VALUE, MAX_VALUE, CONSTANT_VALUE, UNIQUE_KEY, CREATE_USER, CREATED_ON, LINE_NO, MANAGED, FIELD_PATH, DATA_TYPE, DATA1, DATA2, TRANSITIVE_FIELDS, FORMULA, ENTITY_LOOKUP_TYPE)
VALUES ('e305dab3158c4c92bc80ff444ea25970', 0, 'd92f4fa756e5460ea374810edbbbe4ca', 'custDecimal6', 'CUST_DECIMAL6', 'NUMBER(25, 5)', 'CUSTOM_FIELD_DECIMAL6', 0, 'decimal-rate', '', '', '', '', '', '', '', 0, NULL, 20, NULL, NULL, '', '', 'system', systimestamp, '36', 0, 'entity.briefSourAgent.custDecimal6', '', '', '', '', '', '');
INSERT INTO CNT_FIELD_DEFINITION
 (ID, REVISION, PARENT_ID, FIELD_ID, COLUMN_NAME, COLUMN_TYPE, REPORT_COLUMN_NAME, PRODUCT_FIELD, FIELD_TYPE, ENTITY_LOOKUP, ENTITY_LOOKUP_KEY, ORDER_BY, GENERATOR, REFER_TABLE, KEY_COLUMN, LOOKUP_COLUMN, MANDATORY, MIN_LENGTH, MAX_LENGTH, MIN_VALUE, MAX_VALUE, CONSTANT_VALUE, UNIQUE_KEY, CREATE_USER, CREATED_ON, LINE_NO, MANAGED, FIELD_PATH, DATA_TYPE, DATA1, DATA2, TRANSITIVE_FIELDS, FORMULA, ENTITY_LOOKUP_TYPE)
VALUES ('0e99ce012e424915865bc7cd690e49c5', 0, 'd92f4fa756e5460ea374810edbbbe4ca', 'custDecimal7', 'CUST_DECIMAL7', 'NUMBER(25, 5)', 'CUSTOM_FIELD_DECIMAL7', 0, 'decimal-rate', '', '', '', '', '', '', '', 0, NULL, 20, NULL, NULL, '', '', 'system', systimestamp, '37', 0, 'entity.briefSourAgent.custDecimal7', '', '', '', '', '', '');
INSERT INTO CNT_FIELD_DEFINITION
 (ID, REVISION, PARENT_ID, FIELD_ID, COLUMN_NAME, COLUMN_TYPE, REPORT_COLUMN_NAME, PRODUCT_FIELD, FIELD_TYPE, ENTITY_LOOKUP, ENTITY_LOOKUP_KEY, ORDER_BY, GENERATOR, REFER_TABLE, KEY_COLUMN, LOOKUP_COLUMN, MANDATORY, MIN_LENGTH, MAX_LENGTH, MIN_VALUE, MAX_VALUE, CONSTANT_VALUE, UNIQUE_KEY, CREATE_USER, CREATED_ON, LINE_NO, MANAGED, FIELD_PATH, DATA_TYPE, DATA1, DATA2, TRANSITIVE_FIELDS, FORMULA, ENTITY_LOOKUP_TYPE)
VALUES ('e553af7ee2374162a9bc328426ddb4ec', 0, 'd92f4fa756e5460ea374810edbbbe4ca', 'custCodelist1', 'CUST_CODELIST1', 'NVARCHAR2(400)', 'CUSTOM_FIELD_CODE_LIST_CODE1', 0, 'string-m', '', '', '', '', '', '', '', 0, NULL, 400, NULL, NULL, '', '', 'system', systimestamp, '38', 0, 'entity.briefSourAgent.custCodelist1', 'codelist', '', '', '', '', '');
INSERT INTO CNT_FIELD_DEFINITION
 (ID, REVISION, PARENT_ID, FIELD_ID, COLUMN_NAME, COLUMN_TYPE, REPORT_COLUMN_NAME, PRODUCT_FIELD, FIELD_TYPE, ENTITY_LOOKUP, ENTITY_LOOKUP_KEY, ORDER_BY, GENERATOR, REFER_TABLE, KEY_COLUMN, LOOKUP_COLUMN, MANDATORY, MIN_LENGTH, MAX_LENGTH, MIN_VALUE, MAX_VALUE, CONSTANT_VALUE, UNIQUE_KEY, CREATE_USER, CREATED_ON, LINE_NO, MANAGED, FIELD_PATH, DATA_TYPE, DATA1, DATA2, TRANSITIVE_FIELDS, FORMULA, ENTITY_LOOKUP_TYPE)
VALUES ('1deb058a417646589c4fa07780383457', 0, 'd92f4fa756e5460ea374810edbbbe4ca', 'custCodelist2', 'CUST_CODELIST2', 'NVARCHAR2(400)', 'CUSTOM_FIELD_CODE_LIST_CODE2', 0, 'string-m', '', '', '', '', '', '', '', 0, NULL, 400, NULL, NULL, '', '', 'system', systimestamp, '39', 0, 'entity.briefSourAgent.custCodelist2', 'codelist', '', '', '', '', '');
INSERT INTO CNT_FIELD_DEFINITION
 (ID, REVISION, PARENT_ID, FIELD_ID, COLUMN_NAME, COLUMN_TYPE, REPORT_COLUMN_NAME, PRODUCT_FIELD, FIELD_TYPE, ENTITY_LOOKUP, ENTITY_LOOKUP_KEY, ORDER_BY, GENERATOR, REFER_TABLE, KEY_COLUMN, LOOKUP_COLUMN, MANDATORY, MIN_LENGTH, MAX_LENGTH, MIN_VALUE, MAX_VALUE, CONSTANT_VALUE, UNIQUE_KEY, CREATE_USER, CREATED_ON, LINE_NO, MANAGED, FIELD_PATH, DATA_TYPE, DATA1, DATA2, TRANSITIVE_FIELDS, FORMULA, ENTITY_LOOKUP_TYPE)
VALUES ('229e89fde9574b16b5648345920b28f2', 0, 'd92f4fa756e5460ea374810edbbbe4ca', 'custCodelist3', 'CUST_CODELIST3', 'NVARCHAR2(400)', 'CUSTOM_FIELD_CODE_LIST_CODE3', 0, 'string-m', '', '', '', '', '', '', '', 0, NULL, 400, NULL, NULL, '', '', 'system', systimestamp, '40', 0, 'entity.briefSourAgent.custCodelist3', 'codelist', '', '', '', '', '');
INSERT INTO CNT_FIELD_DEFINITION
 (ID, REVISION, PARENT_ID, FIELD_ID, COLUMN_NAME, COLUMN_TYPE, REPORT_COLUMN_NAME, PRODUCT_FIELD, FIELD_TYPE, ENTITY_LOOKUP, ENTITY_LOOKUP_KEY, ORDER_BY, GENERATOR, REFER_TABLE, KEY_COLUMN, LOOKUP_COLUMN, MANDATORY, MIN_LENGTH, MAX_LENGTH, MIN_VALUE, MAX_VALUE, CONSTANT_VALUE, UNIQUE_KEY, CREATE_USER, CREATED_ON, LINE_NO, MANAGED, FIELD_PATH, DATA_TYPE, DATA1, DATA2, TRANSITIVE_FIELDS, FORMULA, ENTITY_LOOKUP_TYPE)
VALUES ('d8d34d0e1b8c4ccdbce94e475483bcb6', 0, 'd92f4fa756e5460ea374810edbbbe4ca', 'custCodelist4', 'CUST_CODELIST4', 'NVARCHAR2(400)', 'CUSTOM_FIELD_CODE_LIST_CODE4', 0, 'string-m', '', '', '', '', '', '', '', 0, NULL, 400, NULL, NULL, '', '', 'system', systimestamp, '41', 0, 'entity.briefSourAgent.custCodelist4', 'codelist', '', '', '', '', '');
INSERT INTO CNT_FIELD_DEFINITION
 (ID, REVISION, PARENT_ID, FIELD_ID, COLUMN_NAME, COLUMN_TYPE, REPORT_COLUMN_NAME, PRODUCT_FIELD, FIELD_TYPE, ENTITY_LOOKUP, ENTITY_LOOKUP_KEY, ORDER_BY, GENERATOR, REFER_TABLE, KEY_COLUMN, LOOKUP_COLUMN, MANDATORY, MIN_LENGTH, MAX_LENGTH, MIN_VALUE, MAX_VALUE, CONSTANT_VALUE, UNIQUE_KEY, CREATE_USER, CREATED_ON, LINE_NO, MANAGED, FIELD_PATH, DATA_TYPE, DATA1, DATA2, TRANSITIVE_FIELDS, FORMULA, ENTITY_LOOKUP_TYPE)
VALUES ('5488f2674e7d4ef8bb609b2d261965a0', 0, 'd92f4fa756e5460ea374810edbbbe4ca', 'custCodelist5', 'CUST_CODELIST5', 'NVARCHAR2(400)', 'CUSTOM_FIELD_CODE_LIST_CODE5', 0, 'string-m', '', '', '', '', '', '', '', 0, NULL, 400, NULL, NULL, '', '', 'system', systimestamp, '42', 0, 'entity.briefSourAgent.custCodelist5', 'codelist', '', '', '', '', '');
INSERT INTO CNT_FIELD_DEFINITION
 (ID, REVISION, PARENT_ID, FIELD_ID, COLUMN_NAME, COLUMN_TYPE, REPORT_COLUMN_NAME, PRODUCT_FIELD, FIELD_TYPE, ENTITY_LOOKUP, ENTITY_LOOKUP_KEY, ORDER_BY, GENERATOR, REFER_TABLE, KEY_COLUMN, LOOKUP_COLUMN, MANDATORY, MIN_LENGTH, MAX_LENGTH, MIN_VALUE, MAX_VALUE, CONSTANT_VALUE, UNIQUE_KEY, CREATE_USER, CREATED_ON, LINE_NO, MANAGED, FIELD_PATH, DATA_TYPE, DATA1, DATA2, TRANSITIVE_FIELDS, FORMULA, ENTITY_LOOKUP_TYPE)
VALUES ('9183c09db1a8439bbc051c28118d719f', 0, 'd92f4fa756e5460ea374810edbbbe4ca', 'custCodelist6', 'CUST_CODELIST6', 'NVARCHAR2(400)', 'CUSTOM_FIELD_CODE_LIST_CODE6', 0, 'string-m', '', '', '', '', '', '', '', 0, NULL, 400, NULL, NULL, '', '', 'system', systimestamp, '43', 0, 'entity.briefSourAgent.custCodelist6', 'codelist', '', '', '', '', '');
INSERT INTO CNT_FIELD_DEFINITION
 (ID, REVISION, PARENT_ID, FIELD_ID, COLUMN_NAME, COLUMN_TYPE, REPORT_COLUMN_NAME, PRODUCT_FIELD, FIELD_TYPE, ENTITY_LOOKUP, ENTITY_LOOKUP_KEY, ORDER_BY, GENERATOR, REFER_TABLE, KEY_COLUMN, LOOKUP_COLUMN, MANDATORY, MIN_LENGTH, MAX_LENGTH, MIN_VALUE, MAX_VALUE, CONSTANT_VALUE, UNIQUE_KEY, CREATE_USER, CREATED_ON, LINE_NO, MANAGED, FIELD_PATH, DATA_TYPE, DATA1, DATA2, TRANSITIVE_FIELDS, FORMULA, ENTITY_LOOKUP_TYPE)
VALUES ('c6040d36a6bc407b9fa4135a0856fe99', 0, 'd92f4fa756e5460ea374810edbbbe4ca', 'custCodelist7', 'CUST_CODELIST7', 'NVARCHAR2(400)', 'CUSTOM_FIELD_CODE_LIST_CODE7', 0, 'string-m', '', '', '', '', '', '', '', 0, NULL, 400, NULL, NULL, '', '', 'system', systimestamp, '44', 0, 'entity.briefSourAgent.custCodelist7', 'codelist', '', '', '', '', '');
INSERT INTO CNT_FIELD_DEFINITION
 (ID, REVISION, PARENT_ID, FIELD_ID, COLUMN_NAME, COLUMN_TYPE, REPORT_COLUMN_NAME, PRODUCT_FIELD, FIELD_TYPE, ENTITY_LOOKUP, ENTITY_LOOKUP_KEY, ORDER_BY, GENERATOR, REFER_TABLE, KEY_COLUMN, LOOKUP_COLUMN, MANDATORY, MIN_LENGTH, MAX_LENGTH, MIN_VALUE, MAX_VALUE, CONSTANT_VALUE, UNIQUE_KEY, CREATE_USER, CREATED_ON, LINE_NO, MANAGED, FIELD_PATH, DATA_TYPE, DATA1, DATA2, TRANSITIVE_FIELDS, FORMULA, ENTITY_LOOKUP_TYPE)
VALUES ('23b3810459d64873a641fc31dbd92f90', 0, 'd92f4fa756e5460ea374810edbbbe4ca', 'custMemoText1', 'CUST_MEMO_TEXT1', 'NVARCHAR2(1000)', 'CUSTOM_FIELD_MEMO_TEXT1', 0, 'string-l', '', '', '', '', '', '', '', 0, NULL, 1000, NULL, NULL, '', '', 'system', systimestamp, '45', 0, 'entity.briefSourAgent.custMemoText1', '', '', '', '', '', '');
INSERT INTO CNT_FIELD_DEFINITION
 (ID, REVISION, PARENT_ID, FIELD_ID, COLUMN_NAME, COLUMN_TYPE, REPORT_COLUMN_NAME, PRODUCT_FIELD, FIELD_TYPE, ENTITY_LOOKUP, ENTITY_LOOKUP_KEY, ORDER_BY, GENERATOR, REFER_TABLE, KEY_COLUMN, LOOKUP_COLUMN, MANDATORY, MIN_LENGTH, MAX_LENGTH, MIN_VALUE, MAX_VALUE, CONSTANT_VALUE, UNIQUE_KEY, CREATE_USER, CREATED_ON, LINE_NO, MANAGED, FIELD_PATH, DATA_TYPE, DATA1, DATA2, TRANSITIVE_FIELDS, FORMULA, ENTITY_LOOKUP_TYPE)
VALUES ('8f7385c1027c492ca543d8d6deca28c9', 0, 'd92f4fa756e5460ea374810edbbbe4ca', 'custMemoText2', 'CUST_MEMO_TEXT2', 'NVARCHAR2(1000)', 'CUSTOM_FIELD_MEMO_TEXT2', 0, 'string-l', '', '', '', '', '', '', '', 0, NULL, 1000, NULL, NULL, '', '', 'system', systimestamp, '46', 0, 'entity.briefSourAgent.custMemoText2', '', '', '', '', '', '');
INSERT INTO CNT_FIELD_DEFINITION
 (ID, REVISION, PARENT_ID, FIELD_ID, COLUMN_NAME, COLUMN_TYPE, REPORT_COLUMN_NAME, PRODUCT_FIELD, FIELD_TYPE, ENTITY_LOOKUP, ENTITY_LOOKUP_KEY, ORDER_BY, GENERATOR, REFER_TABLE, KEY_COLUMN, LOOKUP_COLUMN, MANDATORY, MIN_LENGTH, MAX_LENGTH, MIN_VALUE, MAX_VALUE, CONSTANT_VALUE, UNIQUE_KEY, CREATE_USER, CREATED_ON, LINE_NO, MANAGED, FIELD_PATH, DATA_TYPE, DATA1, DATA2, TRANSITIVE_FIELDS, FORMULA, ENTITY_LOOKUP_TYPE)
VALUES ('c5c4669b9fb843a699f022076e4a8b6a', 0, 'd92f4fa756e5460ea374810edbbbe4ca', 'custMemoText3', 'CUST_MEMO_TEXT3', 'NVARCHAR2(1000)', 'CUSTOM_FIELD_MEMO_TEXT3', 0, 'string-l', '', '', '', '', '', '', '', 0, NULL, 1000, NULL, NULL, '', '', 'system', systimestamp, '47', 0, 'entity.briefSourAgent.custMemoText3', '', '', '', '', '', '');
INSERT INTO CNT_FIELD_DEFINITION
 (ID, REVISION, PARENT_ID, FIELD_ID, COLUMN_NAME, COLUMN_TYPE, REPORT_COLUMN_NAME, PRODUCT_FIELD, FIELD_TYPE, ENTITY_LOOKUP, ENTITY_LOOKUP_KEY, ORDER_BY, GENERATOR, REFER_TABLE, KEY_COLUMN, LOOKUP_COLUMN, MANDATORY, MIN_LENGTH, MAX_LENGTH, MIN_VALUE, MAX_VALUE, CONSTANT_VALUE, UNIQUE_KEY, CREATE_USER, CREATED_ON, LINE_NO, MANAGED, FIELD_PATH, DATA_TYPE, DATA1, DATA2, TRANSITIVE_FIELDS, FORMULA, ENTITY_LOOKUP_TYPE)
VALUES ('7d9d48b7e63342cfb0da7a228d5906fd', 0, 'd92f4fa756e5460ea374810edbbbe4ca', 'custMemoText4', 'CUST_MEMO_TEXT4', 'NVARCHAR2(1000)', 'CUSTOM_FIELD_MEMO_TEXT4', 0, 'string-l', '', '', '', '', '', '', '', 0, NULL, 1000, NULL, NULL, '', '', 'system', systimestamp, '48', 0, 'entity.briefSourAgent.custMemoText4', '', '', '', '', '', '');
INSERT INTO CNT_FIELD_DEFINITION
 (ID, REVISION, PARENT_ID, FIELD_ID, COLUMN_NAME, COLUMN_TYPE, REPORT_COLUMN_NAME, PRODUCT_FIELD, FIELD_TYPE, ENTITY_LOOKUP, ENTITY_LOOKUP_KEY, ORDER_BY, GENERATOR, REFER_TABLE, KEY_COLUMN, LOOKUP_COLUMN, MANDATORY, MIN_LENGTH, MAX_LENGTH, MIN_VALUE, MAX_VALUE, CONSTANT_VALUE, UNIQUE_KEY, CREATE_USER, CREATED_ON, LINE_NO, MANAGED, FIELD_PATH, DATA_TYPE, DATA1, DATA2, TRANSITIVE_FIELDS, FORMULA, ENTITY_LOOKUP_TYPE)
VALUES ('173956ac104142e49279f6768b2ed0f4', 0, 'd92f4fa756e5460ea374810edbbbe4ca', 'custMemoText5', 'CUST_MEMO_TEXT5', 'NVARCHAR2(1000)', 'CUSTOM_FIELD_MEMO_TEXT5', 0, 'string-l', '', '', '', '', '', '', '', 0, NULL, 1000, NULL, NULL, '', '', 'system', systimestamp, '49', 0, 'entity.briefSourAgent.custMemoText5', '', '', '', '', '', '');
INSERT INTO CNT_FIELD_DEFINITION
 (ID, REVISION, PARENT_ID, FIELD_ID, COLUMN_NAME, COLUMN_TYPE, REPORT_COLUMN_NAME, PRODUCT_FIELD, FIELD_TYPE, ENTITY_LOOKUP, ENTITY_LOOKUP_KEY, ORDER_BY, GENERATOR, REFER_TABLE, KEY_COLUMN, LOOKUP_COLUMN, MANDATORY, MIN_LENGTH, MAX_LENGTH, MIN_VALUE, MAX_VALUE, CONSTANT_VALUE, UNIQUE_KEY, CREATE_USER, CREATED_ON, LINE_NO, MANAGED, FIELD_PATH, DATA_TYPE, DATA1, DATA2, TRANSITIVE_FIELDS, FORMULA, ENTITY_LOOKUP_TYPE)
VALUES ('8ce93ccc198943e58fe24a8bf5aa3c6a', 0, 'd92f4fa756e5460ea374810edbbbe4ca', 'custMemoText6', 'CUST_MEMO_TEXT6', 'NVARCHAR2(1000)', 'CUSTOM_FIELD_MEMO_TEXT6', 0, 'string-l', '', '', '', '', '', '', '', 0, NULL, 1000, NULL, NULL, '', '', 'system', systimestamp, '50', 0, 'entity.briefSourAgent.custMemoText6', '', '', '', '', '', '');
INSERT INTO CNT_FIELD_DEFINITION
 (ID, REVISION, PARENT_ID, FIELD_ID, COLUMN_NAME, COLUMN_TYPE, REPORT_COLUMN_NAME, PRODUCT_FIELD, FIELD_TYPE, ENTITY_LOOKUP, ENTITY_LOOKUP_KEY, ORDER_BY, GENERATOR, REFER_TABLE, KEY_COLUMN, LOOKUP_COLUMN, MANDATORY, MIN_LENGTH, MAX_LENGTH, MIN_VALUE, MAX_VALUE, CONSTANT_VALUE, UNIQUE_KEY, CREATE_USER, CREATED_ON, LINE_NO, MANAGED, FIELD_PATH, DATA_TYPE, DATA1, DATA2, TRANSITIVE_FIELDS, FORMULA, ENTITY_LOOKUP_TYPE)
VALUES ('7adb7079b2fc4430a4c815707106a59e', 0, 'd92f4fa756e5460ea374810edbbbe4ca', 'custMemoText7', 'CUST_MEMO_TEXT7', 'NVARCHAR2(1000)', 'CUSTOM_FIELD_MEMO_TEXT7', 0, 'string-l', '', '', '', '', '', '', '', 0, NULL, 1000, NULL, NULL, '', '', 'system', systimestamp, '51', 0, 'entity.briefSourAgent.custMemoText7', '', '', '', '', '', '');
INSERT INTO CNT_FIELD_DEFINITION
 (ID, REVISION, PARENT_ID, FIELD_ID, COLUMN_NAME, COLUMN_TYPE, REPORT_COLUMN_NAME, PRODUCT_FIELD, FIELD_TYPE, ENTITY_LOOKUP, ENTITY_LOOKUP_KEY, ORDER_BY, GENERATOR, REFER_TABLE, KEY_COLUMN, LOOKUP_COLUMN, MANDATORY, MIN_LENGTH, MAX_LENGTH, MIN_VALUE, MAX_VALUE, CONSTANT_VALUE, UNIQUE_KEY, CREATE_USER, CREATED_ON, LINE_NO, MANAGED, FIELD_PATH, DATA_TYPE, DATA1, DATA2, TRANSITIVE_FIELDS, FORMULA, ENTITY_LOOKUP_TYPE)
VALUES ('fff5278a5d6a4526931a8f74b47393d4', 0, 'd92f4fa756e5460ea374810edbbbe4ca', 'custHcl1', 'CUST_HCL1_ID', 'CHAR(32)', 'CUSTOM_FIELD_HCL_CODE_SYS_ID1', 0, 'entity', 'HclNode', 'id', '', '', '', '', '', 0, 32, 32, NULL, NULL, '', '', 'system', systimestamp, '52', 0, 'entity.briefSourAgent.custHcl1', '', '', '', '', '', '');
INSERT INTO CNT_FIELD_DEFINITION
 (ID, REVISION, PARENT_ID, FIELD_ID, COLUMN_NAME, COLUMN_TYPE, REPORT_COLUMN_NAME, PRODUCT_FIELD, FIELD_TYPE, ENTITY_LOOKUP, ENTITY_LOOKUP_KEY, ORDER_BY, GENERATOR, REFER_TABLE, KEY_COLUMN, LOOKUP_COLUMN, MANDATORY, MIN_LENGTH, MAX_LENGTH, MIN_VALUE, MAX_VALUE, CONSTANT_VALUE, UNIQUE_KEY, CREATE_USER, CREATED_ON, LINE_NO, MANAGED, FIELD_PATH, DATA_TYPE, DATA1, DATA2, TRANSITIVE_FIELDS, FORMULA, ENTITY_LOOKUP_TYPE)
VALUES ('b0728557e84343b389d66e2fb2b735ec', 0, 'd92f4fa756e5460ea374810edbbbe4ca', 'custHcl2', 'CUST_HCL2_ID', 'CHAR(32)', 'CUSTOM_FIELD_HCL_CODE_SYS_ID2', 0, 'entity', 'HclNode', 'id', '', '', '', '', '', 0, 32, 32, NULL, NULL, '', '', 'system', systimestamp, '53', 0, 'entity.briefSourAgent.custHcl2', '', '', '', '', '', '');
INSERT INTO CNT_FIELD_DEFINITION
 (ID, REVISION, PARENT_ID, FIELD_ID, COLUMN_NAME, COLUMN_TYPE, REPORT_COLUMN_NAME, PRODUCT_FIELD, FIELD_TYPE, ENTITY_LOOKUP, ENTITY_LOOKUP_KEY, ORDER_BY, GENERATOR, REFER_TABLE, KEY_COLUMN, LOOKUP_COLUMN, MANDATORY, MIN_LENGTH, MAX_LENGTH, MIN_VALUE, MAX_VALUE, CONSTANT_VALUE, UNIQUE_KEY, CREATE_USER, CREATED_ON, LINE_NO, MANAGED, FIELD_PATH, DATA_TYPE, DATA1, DATA2, TRANSITIVE_FIELDS, FORMULA, ENTITY_LOOKUP_TYPE)
VALUES ('722c26446e1e49fc9e1d1b339699cc50', 0, 'd92f4fa756e5460ea374810edbbbe4ca', 'custHcl3', 'CUST_HCL3_ID', 'CHAR(32)', 'CUSTOM_FIELD_HCL_CODE_SYS_ID3', 0, 'entity', 'HclNode', 'id', '', '', '', '', '', 0, 32, 32, NULL, NULL, '', '', 'system', systimestamp, '54', 0, 'entity.briefSourAgent.custHcl3', '', '', '', '', '', '');
INSERT INTO CNT_FIELD_DEFINITION
 (ID, REVISION, PARENT_ID, FIELD_ID, COLUMN_NAME, COLUMN_TYPE, REPORT_COLUMN_NAME, PRODUCT_FIELD, FIELD_TYPE, ENTITY_LOOKUP, ENTITY_LOOKUP_KEY, ORDER_BY, GENERATOR, REFER_TABLE, KEY_COLUMN, LOOKUP_COLUMN, MANDATORY, MIN_LENGTH, MAX_LENGTH, MIN_VALUE, MAX_VALUE, CONSTANT_VALUE, UNIQUE_KEY, CREATE_USER, CREATED_ON, LINE_NO, MANAGED, FIELD_PATH, DATA_TYPE, DATA1, DATA2, TRANSITIVE_FIELDS, FORMULA, ENTITY_LOOKUP_TYPE)
VALUES ('cb970a3ad27c43fb91338781fe034372', 0, 'd92f4fa756e5460ea374810edbbbe4ca', 'custHcl4', 'CUST_HCL4_ID', 'CHAR(32)', 'CUSTOM_FIELD_HCL_CODE_SYS_ID4', 0, 'entity', 'HclNode', 'id', '', '', '', '', '', 0, 32, 32, NULL, NULL, '', '', 'system', systimestamp, '55', 0, 'entity.briefSourAgent.custHcl4', '', '', '', '', '', '');
INSERT INTO CNT_FIELD_DEFINITION
 (ID, REVISION, PARENT_ID, FIELD_ID, COLUMN_NAME, COLUMN_TYPE, REPORT_COLUMN_NAME, PRODUCT_FIELD, FIELD_TYPE, ENTITY_LOOKUP, ENTITY_LOOKUP_KEY, ORDER_BY, GENERATOR, REFER_TABLE, KEY_COLUMN, LOOKUP_COLUMN, MANDATORY, MIN_LENGTH, MAX_LENGTH, MIN_VALUE, MAX_VALUE, CONSTANT_VALUE, UNIQUE_KEY, CREATE_USER, CREATED_ON, LINE_NO, MANAGED, FIELD_PATH, DATA_TYPE, DATA1, DATA2, TRANSITIVE_FIELDS, FORMULA, ENTITY_LOOKUP_TYPE)
VALUES ('69f13777f3ac4e0ba99803a6e6c63b9c', 0, 'd92f4fa756e5460ea374810edbbbe4ca', 'custHcl5', 'CUST_HCL5_ID', 'CHAR(32)', 'CUSTOM_FIELD_HCL_CODE_SYS_ID5', 0, 'entity', 'HclNode', 'id', '', '', '', '', '', 0, 32, 32, NULL, NULL, '', '', 'system', systimestamp, '56', 0, 'entity.briefSourAgent.custHcl5', '', '', '', '', '', '');
INSERT INTO CNT_FIELD_DEFINITION
 (ID, REVISION, PARENT_ID, FIELD_ID, COLUMN_NAME, COLUMN_TYPE, REPORT_COLUMN_NAME, PRODUCT_FIELD, FIELD_TYPE, ENTITY_LOOKUP, ENTITY_LOOKUP_KEY, ORDER_BY, GENERATOR, REFER_TABLE, KEY_COLUMN, LOOKUP_COLUMN, MANDATORY, MIN_LENGTH, MAX_LENGTH, MIN_VALUE, MAX_VALUE, CONSTANT_VALUE, UNIQUE_KEY, CREATE_USER, CREATED_ON, LINE_NO, MANAGED, FIELD_PATH, DATA_TYPE, DATA1, DATA2, TRANSITIVE_FIELDS, FORMULA, ENTITY_LOOKUP_TYPE)
VALUES ('82df02020d9f44f6935143ca9aa82a63', 0, 'd92f4fa756e5460ea374810edbbbe4ca', 'agentRef', 'AGENT_REF', 'NVARCHAR2(1000)', 'N/A', 1, 'string-l', '', '', '', '', '', '', '', 0, NULL, 1000, NULL, NULL, '', '', 'system', systimestamp, '57', 0, 'entity.briefSourAgent.agentRef', '', '', '', '', '', '');
INSERT INTO CNT_FIELD_DEFINITION
 (ID, REVISION, PARENT_ID, FIELD_ID, COLUMN_NAME, COLUMN_TYPE, REPORT_COLUMN_NAME, PRODUCT_FIELD, FIELD_TYPE, ENTITY_LOOKUP, ENTITY_LOOKUP_KEY, ORDER_BY, GENERATOR, REFER_TABLE, KEY_COLUMN, LOOKUP_COLUMN, MANDATORY, MIN_LENGTH, MAX_LENGTH, MIN_VALUE, MAX_VALUE, CONSTANT_VALUE, UNIQUE_KEY, CREATE_USER, CREATED_ON, LINE_NO, MANAGED, FIELD_PATH, DATA_TYPE, DATA1, DATA2, TRANSITIVE_FIELDS, FORMULA, ENTITY_LOOKUP_TYPE)
VALUES ('6a6ebb702dfa4c67ad5e45d31d1a3eaa', 0, 'd92f4fa756e5460ea374810edbbbe4ca', 'agentVer', 'AGENT_VER', 'NUMBER(20, 0)', 'N/A', 1, 'integer', '', '', '', '', '', '', '', 0, NULL, 18, NULL, NULL, '', '', 'system', systimestamp, '58', 0, 'entity.briefSourAgent.agentVer', '', '', '', '', '', '');
INSERT INTO CNT_FIELD_DEFINITION
 (ID, REVISION, PARENT_ID, FIELD_ID, COLUMN_NAME, COLUMN_TYPE, REPORT_COLUMN_NAME, PRODUCT_FIELD, FIELD_TYPE, ENTITY_LOOKUP, ENTITY_LOOKUP_KEY, ORDER_BY, GENERATOR, REFER_TABLE, KEY_COLUMN, LOOKUP_COLUMN, MANDATORY, MIN_LENGTH, MAX_LENGTH, MIN_VALUE, MAX_VALUE, CONSTANT_VALUE, UNIQUE_KEY, CREATE_USER, CREATED_ON, LINE_NO, MANAGED, FIELD_PATH, DATA_TYPE, DATA1, DATA2, TRANSITIVE_FIELDS, FORMULA, ENTITY_LOOKUP_TYPE)
VALUES ('0e1fe145708d4d56a4a61ee2cff5ec4b', 0, 'd92f4fa756e5460ea374810edbbbe4ca', 'agentRef2', 'AGENT_REF2', 'NVARCHAR2(1000)', 'N/A', 1, 'string-l', '', '', '', '', '', '', '', 0, NULL, 1000, NULL, NULL, '', '', 'system', systimestamp, '59', 0, 'entity.briefSourAgent.agentRef2', '', '', '', '', '', '');
INSERT INTO CNT_FIELD_DEFINITION
 (ID, REVISION, PARENT_ID, FIELD_ID, COLUMN_NAME, COLUMN_TYPE, REPORT_COLUMN_NAME, PRODUCT_FIELD, FIELD_TYPE, ENTITY_LOOKUP, ENTITY_LOOKUP_KEY, ORDER_BY, GENERATOR, REFER_TABLE, KEY_COLUMN, LOOKUP_COLUMN, MANDATORY, MIN_LENGTH, MAX_LENGTH, MIN_VALUE, MAX_VALUE, CONSTANT_VALUE, UNIQUE_KEY, CREATE_USER, CREATED_ON, LINE_NO, MANAGED, FIELD_PATH, DATA_TYPE, DATA1, DATA2, TRANSITIVE_FIELDS, FORMULA, ENTITY_LOOKUP_TYPE)
VALUES ('a6d89019cf774120b83e4d4a95b2efe9', 0, 'd92f4fa756e5460ea374810edbbbe4ca', 'custCodelist1Name', 'CUST_CODELIST1_NAME', 'NVARCHAR2(400)', 'N/A', 0, 'string-m', '', '', '', '', '', '', '', 0, NULL, 400, NULL, NULL, '', '', 'system', systimestamp, '60', 0, 'entity.briefSourAgent.custCodelist1Name', '', '', '', '', '', '');
INSERT INTO CNT_FIELD_DEFINITION
 (ID, REVISION, PARENT_ID, FIELD_ID, COLUMN_NAME, COLUMN_TYPE, REPORT_COLUMN_NAME, PRODUCT_FIELD, FIELD_TYPE, ENTITY_LOOKUP, ENTITY_LOOKUP_KEY, ORDER_BY, GENERATOR, REFER_TABLE, KEY_COLUMN, LOOKUP_COLUMN, MANDATORY, MIN_LENGTH, MAX_LENGTH, MIN_VALUE, MAX_VALUE, CONSTANT_VALUE, UNIQUE_KEY, CREATE_USER, CREATED_ON, LINE_NO, MANAGED, FIELD_PATH, DATA_TYPE, DATA1, DATA2, TRANSITIVE_FIELDS, FORMULA, ENTITY_LOOKUP_TYPE)
VALUES ('21a3399967704a18a2a032368d9165dc', 0, 'd92f4fa756e5460ea374810edbbbe4ca', 'custCodelist2Name', 'CUST_CODELIST2_NAME', 'NVARCHAR2(400)', 'N/A', 0, 'string-m', '', '', '', '', '', '', '', 0, NULL, 400, NULL, NULL, '', '', 'system', systimestamp, '61', 0, 'entity.briefSourAgent.custCodelist2Name', '', '', '', '', '', '');
INSERT INTO CNT_FIELD_DEFINITION
 (ID, REVISION, PARENT_ID, FIELD_ID, COLUMN_NAME, COLUMN_TYPE, REPORT_COLUMN_NAME, PRODUCT_FIELD, FIELD_TYPE, ENTITY_LOOKUP, ENTITY_LOOKUP_KEY, ORDER_BY, GENERATOR, REFER_TABLE, KEY_COLUMN, LOOKUP_COLUMN, MANDATORY, MIN_LENGTH, MAX_LENGTH, MIN_VALUE, MAX_VALUE, CONSTANT_VALUE, UNIQUE_KEY, CREATE_USER, CREATED_ON, LINE_NO, MANAGED, FIELD_PATH, DATA_TYPE, DATA1, DATA2, TRANSITIVE_FIELDS, FORMULA, ENTITY_LOOKUP_TYPE)
VALUES ('aac056873b7a40599534f1228bd64cc0', 0, 'd92f4fa756e5460ea374810edbbbe4ca', 'custCodelist3Name', 'CUST_CODELIST3_NAME', 'NVARCHAR2(400)', 'N/A', 0, 'string-m', '', '', '', '', '', '', '', 0, NULL, 400, NULL, NULL, '', '', 'system', systimestamp, '62', 0, 'entity.briefSourAgent.custCodelist3Name', '', '', '', '', '', '');
INSERT INTO CNT_FIELD_DEFINITION
 (ID, REVISION, PARENT_ID, FIELD_ID, COLUMN_NAME, COLUMN_TYPE, REPORT_COLUMN_NAME, PRODUCT_FIELD, FIELD_TYPE, ENTITY_LOOKUP, ENTITY_LOOKUP_KEY, ORDER_BY, GENERATOR, REFER_TABLE, KEY_COLUMN, LOOKUP_COLUMN, MANDATORY, MIN_LENGTH, MAX_LENGTH, MIN_VALUE, MAX_VALUE, CONSTANT_VALUE, UNIQUE_KEY, CREATE_USER, CREATED_ON, LINE_NO, MANAGED, FIELD_PATH, DATA_TYPE, DATA1, DATA2, TRANSITIVE_FIELDS, FORMULA, ENTITY_LOOKUP_TYPE)
VALUES ('682c7f1974854c38a7603f25168c2ee0', 0, 'd92f4fa756e5460ea374810edbbbe4ca', 'custCodelist4Name', 'CUST_CODELIST4_NAME', 'NVARCHAR2(400)', 'N/A', 0, 'string-m', '', '', '', '', '', '', '', 0, NULL, 400, NULL, NULL, '', '', 'system', systimestamp, '63', 0, 'entity.briefSourAgent.custCodelist4Name', '', '', '', '', '', '');
INSERT INTO CNT_FIELD_DEFINITION
 (ID, REVISION, PARENT_ID, FIELD_ID, COLUMN_NAME, COLUMN_TYPE, REPORT_COLUMN_NAME, PRODUCT_FIELD, FIELD_TYPE, ENTITY_LOOKUP, ENTITY_LOOKUP_KEY, ORDER_BY, GENERATOR, REFER_TABLE, KEY_COLUMN, LOOKUP_COLUMN, MANDATORY, MIN_LENGTH, MAX_LENGTH, MIN_VALUE, MAX_VALUE, CONSTANT_VALUE, UNIQUE_KEY, CREATE_USER, CREATED_ON, LINE_NO, MANAGED, FIELD_PATH, DATA_TYPE, DATA1, DATA2, TRANSITIVE_FIELDS, FORMULA, ENTITY_LOOKUP_TYPE)
VALUES ('c75d11f826e24821b886e067923444e0', 0, 'd92f4fa756e5460ea374810edbbbe4ca', 'custCodelist5Name', 'CUST_CODELIST5_NAME', 'NVARCHAR2(400)', 'N/A', 0, 'string-m', '', '', '', '', '', '', '', 0, NULL, 400, NULL, NULL, '', '', 'system', systimestamp, '64', 0, 'entity.briefSourAgent.custCodelist5Name', '', '', '', '', '', '');
INSERT INTO CNT_FIELD_DEFINITION
 (ID, REVISION, PARENT_ID, FIELD_ID, COLUMN_NAME, COLUMN_TYPE, REPORT_COLUMN_NAME, PRODUCT_FIELD, FIELD_TYPE, ENTITY_LOOKUP, ENTITY_LOOKUP_KEY, ORDER_BY, GENERATOR, REFER_TABLE, KEY_COLUMN, LOOKUP_COLUMN, MANDATORY, MIN_LENGTH, MAX_LENGTH, MIN_VALUE, MAX_VALUE, CONSTANT_VALUE, UNIQUE_KEY, CREATE_USER, CREATED_ON, LINE_NO, MANAGED, FIELD_PATH, DATA_TYPE, DATA1, DATA2, TRANSITIVE_FIELDS, FORMULA, ENTITY_LOOKUP_TYPE)
VALUES ('9cd06725e1ee417f8445bbe02721b9aa', 0, 'd92f4fa756e5460ea374810edbbbe4ca', 'custCodelist6Name', 'CUST_CODELIST6_NAME', 'NVARCHAR2(400)', 'N/A', 0, 'string-m', '', '', '', '', '', '', '', 0, NULL, 400, NULL, NULL, '', '', 'system', systimestamp, '65', 0, 'entity.briefSourAgent.custCodelist6Name', '', '', '', '', '', '');
INSERT INTO CNT_FIELD_DEFINITION
 (ID, REVISION, PARENT_ID, FIELD_ID, COLUMN_NAME, COLUMN_TYPE, REPORT_COLUMN_NAME, PRODUCT_FIELD, FIELD_TYPE, ENTITY_LOOKUP, ENTITY_LOOKUP_KEY, ORDER_BY, GENERATOR, REFER_TABLE, KEY_COLUMN, LOOKUP_COLUMN, MANDATORY, MIN_LENGTH, MAX_LENGTH, MIN_VALUE, MAX_VALUE, CONSTANT_VALUE, UNIQUE_KEY, CREATE_USER, CREATED_ON, LINE_NO, MANAGED, FIELD_PATH, DATA_TYPE, DATA1, DATA2, TRANSITIVE_FIELDS, FORMULA, ENTITY_LOOKUP_TYPE)
VALUES ('ebb01dd500a84598b7d19ad8db52cd6f', 0, 'd92f4fa756e5460ea374810edbbbe4ca', 'custCodelist7Name', 'CUST_CODELIST7_NAME', 'NVARCHAR2(400)', 'N/A', 0, 'string-m', '', '', '', '', '', '', '', 0, NULL, 400, NULL, NULL, '', '', 'system', systimestamp, '66', 0, 'entity.briefSourAgent.custCodelist7Name', '', '', '', '', '', '');
INSERT INTO CNT_FIELD_DEFINITION
 (ID, REVISION, PARENT_ID, FIELD_ID, COLUMN_NAME, COLUMN_TYPE, REPORT_COLUMN_NAME, PRODUCT_FIELD, FIELD_TYPE, ENTITY_LOOKUP, ENTITY_LOOKUP_KEY, ORDER_BY, GENERATOR, REFER_TABLE, KEY_COLUMN, LOOKUP_COLUMN, MANDATORY, MIN_LENGTH, MAX_LENGTH, MIN_VALUE, MAX_VALUE, CONSTANT_VALUE, UNIQUE_KEY, CREATE_USER, CREATED_ON, LINE_NO, MANAGED, FIELD_PATH, DATA_TYPE, DATA1, DATA2, TRANSITIVE_FIELDS, FORMULA, ENTITY_LOOKUP_TYPE)
VALUES ('a29e5013450a4710bae8f626fc324e99', 0, 'd92f4fa756e5460ea374810edbbbe4ca', 'custHcl1Ref', 'CUST_HCL1_REF', 'NVARCHAR2(1000)', 'N/A', 0, 'string-l', '', '', '', '', '', '', '', 0, NULL, 1000, NULL, NULL, '', '', 'system', systimestamp, '67', 0, 'entity.briefSourAgent.custHcl1Ref', '', '', '', '', '', '');
INSERT INTO CNT_FIELD_DEFINITION
 (ID, REVISION, PARENT_ID, FIELD_ID, COLUMN_NAME, COLUMN_TYPE, REPORT_COLUMN_NAME, PRODUCT_FIELD, FIELD_TYPE, ENTITY_LOOKUP, ENTITY_LOOKUP_KEY, ORDER_BY, GENERATOR, REFER_TABLE, KEY_COLUMN, LOOKUP_COLUMN, MANDATORY, MIN_LENGTH, MAX_LENGTH, MIN_VALUE, MAX_VALUE, CONSTANT_VALUE, UNIQUE_KEY, CREATE_USER, CREATED_ON, LINE_NO, MANAGED, FIELD_PATH, DATA_TYPE, DATA1, DATA2, TRANSITIVE_FIELDS, FORMULA, ENTITY_LOOKUP_TYPE)
VALUES ('fe98c386e5b34a0e93fc3dd5838cd4b8', 0, 'd92f4fa756e5460ea374810edbbbe4ca', 'custHcl1Ver', 'CUST_HCL1_VER', 'NUMBER(20, 0)', 'N/A', 0, 'integer', '', '', '', '', '', '', '', 0, NULL, 18, NULL, NULL, '', '', 'system', systimestamp, '68', 0, 'entity.briefSourAgent.custHcl1Ver', '', '', '', '', '', '');
INSERT INTO CNT_FIELD_DEFINITION
 (ID, REVISION, PARENT_ID, FIELD_ID, COLUMN_NAME, COLUMN_TYPE, REPORT_COLUMN_NAME, PRODUCT_FIELD, FIELD_TYPE, ENTITY_LOOKUP, ENTITY_LOOKUP_KEY, ORDER_BY, GENERATOR, REFER_TABLE, KEY_COLUMN, LOOKUP_COLUMN, MANDATORY, MIN_LENGTH, MAX_LENGTH, MIN_VALUE, MAX_VALUE, CONSTANT_VALUE, UNIQUE_KEY, CREATE_USER, CREATED_ON, LINE_NO, MANAGED, FIELD_PATH, DATA_TYPE, DATA1, DATA2, TRANSITIVE_FIELDS, FORMULA, ENTITY_LOOKUP_TYPE)
VALUES ('e8968175c5604661bbece42fb9696385', 0, 'd92f4fa756e5460ea374810edbbbe4ca', 'custHcl1Ref2', 'CUST_HCL1_REF2', 'NVARCHAR2(1000)', 'N/A', 0, 'string-l', '', '', '', '', '', '', '', 0, NULL, 1000, NULL, NULL, '', '', 'system', systimestamp, '69', 0, 'entity.briefSourAgent.custHcl1Ref2', '', '', '', '', '', '');
INSERT INTO CNT_FIELD_DEFINITION
 (ID, REVISION, PARENT_ID, FIELD_ID, COLUMN_NAME, COLUMN_TYPE, REPORT_COLUMN_NAME, PRODUCT_FIELD, FIELD_TYPE, ENTITY_LOOKUP, ENTITY_LOOKUP_KEY, ORDER_BY, GENERATOR, REFER_TABLE, KEY_COLUMN, LOOKUP_COLUMN, MANDATORY, MIN_LENGTH, MAX_LENGTH, MIN_VALUE, MAX_VALUE, CONSTANT_VALUE, UNIQUE_KEY, CREATE_USER, CREATED_ON, LINE_NO, MANAGED, FIELD_PATH, DATA_TYPE, DATA1, DATA2, TRANSITIVE_FIELDS, FORMULA, ENTITY_LOOKUP_TYPE)
VALUES ('975307ba92384452bb319850b1ca6a65', 0, 'd92f4fa756e5460ea374810edbbbe4ca', 'custHcl1FullLineage', 'CUST_HCL1_FULL_LINEAGE', 'NVARCHAR2(1000)', 'N/A', 0, 'string-l', '', '', '', '', '', '', '', 0, NULL, 1000, NULL, NULL, '', '', 'system', systimestamp, '70', 0, 'entity.briefSourAgent.custHcl1FullLineage', '', '', '', '', '', '');
INSERT INTO CNT_FIELD_DEFINITION
 (ID, REVISION, PARENT_ID, FIELD_ID, COLUMN_NAME, COLUMN_TYPE, REPORT_COLUMN_NAME, PRODUCT_FIELD, FIELD_TYPE, ENTITY_LOOKUP, ENTITY_LOOKUP_KEY, ORDER_BY, GENERATOR, REFER_TABLE, KEY_COLUMN, LOOKUP_COLUMN, MANDATORY, MIN_LENGTH, MAX_LENGTH, MIN_VALUE, MAX_VALUE, CONSTANT_VALUE, UNIQUE_KEY, CREATE_USER, CREATED_ON, LINE_NO, MANAGED, FIELD_PATH, DATA_TYPE, DATA1, DATA2, TRANSITIVE_FIELDS, FORMULA, ENTITY_LOOKUP_TYPE)
VALUES ('881f6f0102bc417db51feb27051ffb5e', 0, 'd92f4fa756e5460ea374810edbbbe4ca', 'custHcl2Ref', 'CUST_HCL2_REF', 'NVARCHAR2(1000)', 'N/A', 0, 'string-l', '', '', '', '', '', '', '', 0, NULL, 1000, NULL, NULL, '', '', 'system', systimestamp, '71', 0, 'entity.briefSourAgent.custHcl2Ref', '', '', '', '', '', '');
INSERT INTO CNT_FIELD_DEFINITION
 (ID, REVISION, PARENT_ID, FIELD_ID, COLUMN_NAME, COLUMN_TYPE, REPORT_COLUMN_NAME, PRODUCT_FIELD, FIELD_TYPE, ENTITY_LOOKUP, ENTITY_LOOKUP_KEY, ORDER_BY, GENERATOR, REFER_TABLE, KEY_COLUMN, LOOKUP_COLUMN, MANDATORY, MIN_LENGTH, MAX_LENGTH, MIN_VALUE, MAX_VALUE, CONSTANT_VALUE, UNIQUE_KEY, CREATE_USER, CREATED_ON, LINE_NO, MANAGED, FIELD_PATH, DATA_TYPE, DATA1, DATA2, TRANSITIVE_FIELDS, FORMULA, ENTITY_LOOKUP_TYPE)
VALUES ('e226d186c775416b92d8ad441c14609f', 0, 'd92f4fa756e5460ea374810edbbbe4ca', 'custHcl2Ver', 'CUST_HCL2_VER', 'NUMBER(20, 0)', 'N/A', 0, 'integer', '', '', '', '', '', '', '', 0, NULL, 18, NULL, NULL, '', '', 'system', systimestamp, '72', 0, 'entity.briefSourAgent.custHcl2Ver', '', '', '', '', '', '');
INSERT INTO CNT_FIELD_DEFINITION
 (ID, REVISION, PARENT_ID, FIELD_ID, COLUMN_NAME, COLUMN_TYPE, REPORT_COLUMN_NAME, PRODUCT_FIELD, FIELD_TYPE, ENTITY_LOOKUP, ENTITY_LOOKUP_KEY, ORDER_BY, GENERATOR, REFER_TABLE, KEY_COLUMN, LOOKUP_COLUMN, MANDATORY, MIN_LENGTH, MAX_LENGTH, MIN_VALUE, MAX_VALUE, CONSTANT_VALUE, UNIQUE_KEY, CREATE_USER, CREATED_ON, LINE_NO, MANAGED, FIELD_PATH, DATA_TYPE, DATA1, DATA2, TRANSITIVE_FIELDS, FORMULA, ENTITY_LOOKUP_TYPE)
VALUES ('87024df442c84c8d997f2fbbb3fabd79', 0, 'd92f4fa756e5460ea374810edbbbe4ca', 'custHcl2Ref2', 'CUST_HCL2_REF2', 'NVARCHAR2(1000)', 'N/A', 0, 'string-l', '', '', '', '', '', '', '', 0, NULL, 1000, NULL, NULL, '', '', 'system', systimestamp, '73', 0, 'entity.briefSourAgent.custHcl2Ref2', '', '', '', '', '', '');
INSERT INTO CNT_FIELD_DEFINITION
 (ID, REVISION, PARENT_ID, FIELD_ID, COLUMN_NAME, COLUMN_TYPE, REPORT_COLUMN_NAME, PRODUCT_FIELD, FIELD_TYPE, ENTITY_LOOKUP, ENTITY_LOOKUP_KEY, ORDER_BY, GENERATOR, REFER_TABLE, KEY_COLUMN, LOOKUP_COLUMN, MANDATORY, MIN_LENGTH, MAX_LENGTH, MIN_VALUE, MAX_VALUE, CONSTANT_VALUE, UNIQUE_KEY, CREATE_USER, CREATED_ON, LINE_NO, MANAGED, FIELD_PATH, DATA_TYPE, DATA1, DATA2, TRANSITIVE_FIELDS, FORMULA, ENTITY_LOOKUP_TYPE)
VALUES ('924ef3d48ab244c7977113e14173366f', 0, 'd92f4fa756e5460ea374810edbbbe4ca', 'custHcl2FullLineage', 'CUST_HCL2_FULL_LINEAGE', 'NVARCHAR2(1000)', 'N/A', 0, 'string-l', '', '', '', '', '', '', '', 0, NULL, 1000, NULL, NULL, '', '', 'system', systimestamp, '74', 0, 'entity.briefSourAgent.custHcl2FullLineage', '', '', '', '', '', '');
INSERT INTO CNT_FIELD_DEFINITION
 (ID, REVISION, PARENT_ID, FIELD_ID, COLUMN_NAME, COLUMN_TYPE, REPORT_COLUMN_NAME, PRODUCT_FIELD, FIELD_TYPE, ENTITY_LOOKUP, ENTITY_LOOKUP_KEY, ORDER_BY, GENERATOR, REFER_TABLE, KEY_COLUMN, LOOKUP_COLUMN, MANDATORY, MIN_LENGTH, MAX_LENGTH, MIN_VALUE, MAX_VALUE, CONSTANT_VALUE, UNIQUE_KEY, CREATE_USER, CREATED_ON, LINE_NO, MANAGED, FIELD_PATH, DATA_TYPE, DATA1, DATA2, TRANSITIVE_FIELDS, FORMULA, ENTITY_LOOKUP_TYPE)
VALUES ('9890c8d09a1043c0810dc4a55fc367fe', 0, 'd92f4fa756e5460ea374810edbbbe4ca', 'custHcl3Ref', 'CUST_HCL3_REF', 'NVARCHAR2(1000)', 'N/A', 0, 'string-l', '', '', '', '', '', '', '', 0, NULL, 1000, NULL, NULL, '', '', 'system', systimestamp, '75', 0, 'entity.briefSourAgent.custHcl3Ref', '', '', '', '', '', '');
INSERT INTO CNT_FIELD_DEFINITION
 (ID, REVISION, PARENT_ID, FIELD_ID, COLUMN_NAME, COLUMN_TYPE, REPORT_COLUMN_NAME, PRODUCT_FIELD, FIELD_TYPE, ENTITY_LOOKUP, ENTITY_LOOKUP_KEY, ORDER_BY, GENERATOR, REFER_TABLE, KEY_COLUMN, LOOKUP_COLUMN, MANDATORY, MIN_LENGTH, MAX_LENGTH, MIN_VALUE, MAX_VALUE, CONSTANT_VALUE, UNIQUE_KEY, CREATE_USER, CREATED_ON, LINE_NO, MANAGED, FIELD_PATH, DATA_TYPE, DATA1, DATA2, TRANSITIVE_FIELDS, FORMULA, ENTITY_LOOKUP_TYPE)
VALUES ('68775b4c710f4aef97628d73e20211e8', 0, 'd92f4fa756e5460ea374810edbbbe4ca', 'custHcl3Ver', 'CUST_HCL3_VER', 'NUMBER(20, 0)', 'N/A', 0, 'integer', '', '', '', '', '', '', '', 0, NULL, 18, NULL, NULL, '', '', 'system', systimestamp, '76', 0, 'entity.briefSourAgent.custHcl3Ver', '', '', '', '', '', '');
INSERT INTO CNT_FIELD_DEFINITION
 (ID, REVISION, PARENT_ID, FIELD_ID, COLUMN_NAME, COLUMN_TYPE, REPORT_COLUMN_NAME, PRODUCT_FIELD, FIELD_TYPE, ENTITY_LOOKUP, ENTITY_LOOKUP_KEY, ORDER_BY, GENERATOR, REFER_TABLE, KEY_COLUMN, LOOKUP_COLUMN, MANDATORY, MIN_LENGTH, MAX_LENGTH, MIN_VALUE, MAX_VALUE, CONSTANT_VALUE, UNIQUE_KEY, CREATE_USER, CREATED_ON, LINE_NO, MANAGED, FIELD_PATH, DATA_TYPE, DATA1, DATA2, TRANSITIVE_FIELDS, FORMULA, ENTITY_LOOKUP_TYPE)
VALUES ('92967eadd0d2413da222ec6466e4fb1b', 0, 'd92f4fa756e5460ea374810edbbbe4ca', 'custHcl3Ref2', 'CUST_HCL3_REF2', 'NVARCHAR2(1000)', 'N/A', 0, 'string-l', '', '', '', '', '', '', '', 0, NULL, 1000, NULL, NULL, '', '', 'system', systimestamp, '77', 0, 'entity.briefSourAgent.custHcl3Ref2', '', '', '', '', '', '');
INSERT INTO CNT_FIELD_DEFINITION
 (ID, REVISION, PARENT_ID, FIELD_ID, COLUMN_NAME, COLUMN_TYPE, REPORT_COLUMN_NAME, PRODUCT_FIELD, FIELD_TYPE, ENTITY_LOOKUP, ENTITY_LOOKUP_KEY, ORDER_BY, GENERATOR, REFER_TABLE, KEY_COLUMN, LOOKUP_COLUMN, MANDATORY, MIN_LENGTH, MAX_LENGTH, MIN_VALUE, MAX_VALUE, CONSTANT_VALUE, UNIQUE_KEY, CREATE_USER, CREATED_ON, LINE_NO, MANAGED, FIELD_PATH, DATA_TYPE, DATA1, DATA2, TRANSITIVE_FIELDS, FORMULA, ENTITY_LOOKUP_TYPE)
VALUES ('66c74660cde647babbed7d61b61446fc', 0, 'd92f4fa756e5460ea374810edbbbe4ca', 'custHcl3FullLineage', 'CUST_HCL3_FULL_LINEAGE', 'NVARCHAR2(1000)', 'N/A', 0, 'string-l', '', '', '', '', '', '', '', 0, NULL, 1000, NULL, NULL, '', '', 'system', systimestamp, '78', 0, 'entity.briefSourAgent.custHcl3FullLineage', '', '', '', '', '', '');
INSERT INTO CNT_FIELD_DEFINITION
 (ID, REVISION, PARENT_ID, FIELD_ID, COLUMN_NAME, COLUMN_TYPE, REPORT_COLUMN_NAME, PRODUCT_FIELD, FIELD_TYPE, ENTITY_LOOKUP, ENTITY_LOOKUP_KEY, ORDER_BY, GENERATOR, REFER_TABLE, KEY_COLUMN, LOOKUP_COLUMN, MANDATORY, MIN_LENGTH, MAX_LENGTH, MIN_VALUE, MAX_VALUE, CONSTANT_VALUE, UNIQUE_KEY, CREATE_USER, CREATED_ON, LINE_NO, MANAGED, FIELD_PATH, DATA_TYPE, DATA1, DATA2, TRANSITIVE_FIELDS, FORMULA, ENTITY_LOOKUP_TYPE)
VALUES ('295eee8b47e7478cbab75d829bdb72c0', 0, 'd92f4fa756e5460ea374810edbbbe4ca', 'custHcl4Ref', 'CUST_HCL4_REF', 'NVARCHAR2(1000)', 'N/A', 0, 'string-l', '', '', '', '', '', '', '', 0, NULL, 1000, NULL, NULL, '', '', 'system', systimestamp, '79', 0, 'entity.briefSourAgent.custHcl4Ref', '', '', '', '', '', '');
INSERT INTO CNT_FIELD_DEFINITION
 (ID, REVISION, PARENT_ID, FIELD_ID, COLUMN_NAME, COLUMN_TYPE, REPORT_COLUMN_NAME, PRODUCT_FIELD, FIELD_TYPE, ENTITY_LOOKUP, ENTITY_LOOKUP_KEY, ORDER_BY, GENERATOR, REFER_TABLE, KEY_COLUMN, LOOKUP_COLUMN, MANDATORY, MIN_LENGTH, MAX_LENGTH, MIN_VALUE, MAX_VALUE, CONSTANT_VALUE, UNIQUE_KEY, CREATE_USER, CREATED_ON, LINE_NO, MANAGED, FIELD_PATH, DATA_TYPE, DATA1, DATA2, TRANSITIVE_FIELDS, FORMULA, ENTITY_LOOKUP_TYPE)
VALUES ('4d047046d16f4408b6809d659a7be86f', 0, 'd92f4fa756e5460ea374810edbbbe4ca', 'custHcl4Ver', 'CUST_HCL4_VER', 'NUMBER(20, 0)', 'N/A', 0, 'integer', '', '', '', '', '', '', '', 0, NULL, 18, NULL, NULL, '', '', 'system', systimestamp, '80', 0, 'entity.briefSourAgent.custHcl4Ver', '', '', '', '', '', '');
INSERT INTO CNT_FIELD_DEFINITION
 (ID, REVISION, PARENT_ID, FIELD_ID, COLUMN_NAME, COLUMN_TYPE, REPORT_COLUMN_NAME, PRODUCT_FIELD, FIELD_TYPE, ENTITY_LOOKUP, ENTITY_LOOKUP_KEY, ORDER_BY, GENERATOR, REFER_TABLE, KEY_COLUMN, LOOKUP_COLUMN, MANDATORY, MIN_LENGTH, MAX_LENGTH, MIN_VALUE, MAX_VALUE, CONSTANT_VALUE, UNIQUE_KEY, CREATE_USER, CREATED_ON, LINE_NO, MANAGED, FIELD_PATH, DATA_TYPE, DATA1, DATA2, TRANSITIVE_FIELDS, FORMULA, ENTITY_LOOKUP_TYPE)
VALUES ('1df3d339e6594b30961be82c007fc248', 0, 'd92f4fa756e5460ea374810edbbbe4ca', 'custHcl4Ref2', 'CUST_HCL4_REF2', 'NVARCHAR2(1000)', 'N/A', 0, 'string-l', '', '', '', '', '', '', '', 0, NULL, 1000, NULL, NULL, '', '', 'system', systimestamp, '81', 0, 'entity.briefSourAgent.custHcl4Ref2', '', '', '', '', '', '');
INSERT INTO CNT_FIELD_DEFINITION
 (ID, REVISION, PARENT_ID, FIELD_ID, COLUMN_NAME, COLUMN_TYPE, REPORT_COLUMN_NAME, PRODUCT_FIELD, FIELD_TYPE, ENTITY_LOOKUP, ENTITY_LOOKUP_KEY, ORDER_BY, GENERATOR, REFER_TABLE, KEY_COLUMN, LOOKUP_COLUMN, MANDATORY, MIN_LENGTH, MAX_LENGTH, MIN_VALUE, MAX_VALUE, CONSTANT_VALUE, UNIQUE_KEY, CREATE_USER, CREATED_ON, LINE_NO, MANAGED, FIELD_PATH, DATA_TYPE, DATA1, DATA2, TRANSITIVE_FIELDS, FORMULA, ENTITY_LOOKUP_TYPE)
VALUES ('78382b515801426586dcc2402842a31d', 0, 'd92f4fa756e5460ea374810edbbbe4ca', 'custHcl4FullLineage', 'CUST_HCL4_FULL_LINEAGE', 'NVARCHAR2(1000)', 'N/A', 0, 'string-l', '', '', '', '', '', '', '', 0, NULL, 1000, NULL, NULL, '', '', 'system', systimestamp, '82', 0, 'entity.briefSourAgent.custHcl4FullLineage', '', '', '', '', '', '');
INSERT INTO CNT_FIELD_DEFINITION
 (ID, REVISION, PARENT_ID, FIELD_ID, COLUMN_NAME, COLUMN_TYPE, REPORT_COLUMN_NAME, PRODUCT_FIELD, FIELD_TYPE, ENTITY_LOOKUP, ENTITY_LOOKUP_KEY, ORDER_BY, GENERATOR, REFER_TABLE, KEY_COLUMN, LOOKUP_COLUMN, MANDATORY, MIN_LENGTH, MAX_LENGTH, MIN_VALUE, MAX_VALUE, CONSTANT_VALUE, UNIQUE_KEY, CREATE_USER, CREATED_ON, LINE_NO, MANAGED, FIELD_PATH, DATA_TYPE, DATA1, DATA2, TRANSITIVE_FIELDS, FORMULA, ENTITY_LOOKUP_TYPE)
VALUES ('0a4ba2e8e46d44f789bc606be52960de', 0, 'd92f4fa756e5460ea374810edbbbe4ca', 'custHcl5Ref', 'CUST_HCL5_REF', 'NVARCHAR2(1000)', 'N/A', 0, 'string-l', '', '', '', '', '', '', '', 0, NULL, 1000, NULL, NULL, '', '', 'system', systimestamp, '83', 0, 'entity.briefSourAgent.custHcl5Ref', '', '', '', '', '', '');
INSERT INTO CNT_FIELD_DEFINITION
 (ID, REVISION, PARENT_ID, FIELD_ID, COLUMN_NAME, COLUMN_TYPE, REPORT_COLUMN_NAME, PRODUCT_FIELD, FIELD_TYPE, ENTITY_LOOKUP, ENTITY_LOOKUP_KEY, ORDER_BY, GENERATOR, REFER_TABLE, KEY_COLUMN, LOOKUP_COLUMN, MANDATORY, MIN_LENGTH, MAX_LENGTH, MIN_VALUE, MAX_VALUE, CONSTANT_VALUE, UNIQUE_KEY, CREATE_USER, CREATED_ON, LINE_NO, MANAGED, FIELD_PATH, DATA_TYPE, DATA1, DATA2, TRANSITIVE_FIELDS, FORMULA, ENTITY_LOOKUP_TYPE)
VALUES ('5c4e83d90d5c41e98913e12f1ea5d5b4', 0, 'd92f4fa756e5460ea374810edbbbe4ca', 'custHcl5Ver', 'CUST_HCL5_VER', 'NUMBER(20, 0)', 'N/A', 0, 'integer', '', '', '', '', '', '', '', 0, NULL, 18, NULL, NULL, '', '', 'system', systimestamp, '84', 0, 'entity.briefSourAgent.custHcl5Ver', '', '', '', '', '', '');
INSERT INTO CNT_FIELD_DEFINITION
 (ID, REVISION, PARENT_ID, FIELD_ID, COLUMN_NAME, COLUMN_TYPE, REPORT_COLUMN_NAME, PRODUCT_FIELD, FIELD_TYPE, ENTITY_LOOKUP, ENTITY_LOOKUP_KEY, ORDER_BY, GENERATOR, REFER_TABLE, KEY_COLUMN, LOOKUP_COLUMN, MANDATORY, MIN_LENGTH, MAX_LENGTH, MIN_VALUE, MAX_VALUE, CONSTANT_VALUE, UNIQUE_KEY, CREATE_USER, CREATED_ON, LINE_NO, MANAGED, FIELD_PATH, DATA_TYPE, DATA1, DATA2, TRANSITIVE_FIELDS, FORMULA, ENTITY_LOOKUP_TYPE)
VALUES ('4ec169fb7c5a4908b8f301b707682484', 0, 'd92f4fa756e5460ea374810edbbbe4ca', 'custHcl5Ref2', 'CUST_HCL5_REF2', 'NVARCHAR2(1000)', 'N/A', 0, 'string-l', '', '', '', '', '', '', '', 0, NULL, 1000, NULL, NULL, '', '', 'system', systimestamp, '85', 0, 'entity.briefSourAgent.custHcl5Ref2', '', '', '', '', '', '');
INSERT INTO CNT_FIELD_DEFINITION
 (ID, REVISION, PARENT_ID, FIELD_ID, COLUMN_NAME, COLUMN_TYPE, REPORT_COLUMN_NAME, PRODUCT_FIELD, FIELD_TYPE, ENTITY_LOOKUP, ENTITY_LOOKUP_KEY, ORDER_BY, GENERATOR, REFER_TABLE, KEY_COLUMN, LOOKUP_COLUMN, MANDATORY, MIN_LENGTH, MAX_LENGTH, MIN_VALUE, MAX_VALUE, CONSTANT_VALUE, UNIQUE_KEY, CREATE_USER, CREATED_ON, LINE_NO, MANAGED, FIELD_PATH, DATA_TYPE, DATA1, DATA2, TRANSITIVE_FIELDS, FORMULA, ENTITY_LOOKUP_TYPE)
VALUES ('815917d989094d189dfc11467ac71b51', 0, 'd92f4fa756e5460ea374810edbbbe4ca', 'custHcl5FullLineage', 'CUST_HCL5_FULL_LINEAGE', 'NVARCHAR2(1000)', 'N/A', 0, 'string-l', '', '', '', '', '', '', '', 0, NULL, 1000, NULL, NULL, '', '', 'system', systimestamp, '86', 0, 'entity.briefSourAgent.custHcl5FullLineage', '', '', '', '', '', '');
INSERT INTO CNT_ENTITY_DEFINITION
 (ID, REVISION, ENTITY_NAME, ENTITY_VERSION, PRODUCT_TABLE_NAME, CUSTOM_TABLE_NAME, REPORT_TABLE_NAME, MODULE, TYPE, REVISION_TRACKING, VERSION_TRACKING, HISTORY_ENTITY_NAME, REF_PATTERN, SYSTEM_ENTITY, CREATE_USER, CREATED_ON, IS_FOR_EXTERNAL)
VALUES ('33cd168d3a1448cdabf8e2224315d651', 0, 'BriefImage', 1, 'CNT_BRIEF_IMAGE', 'CTM_BRIEF', 'BRIEF_IMAGE', 'brief', 'inner', '', 'ALL', '', '', 0, 'system', systimestamp, 0);
INSERT INTO CNT_FIELD_DEFINITION
 (ID, REVISION, PARENT_ID, FIELD_ID, COLUMN_NAME, COLUMN_TYPE, REPORT_COLUMN_NAME, PRODUCT_FIELD, FIELD_TYPE, ENTITY_LOOKUP, ENTITY_LOOKUP_KEY, ORDER_BY, GENERATOR, REFER_TABLE, KEY_COLUMN, LOOKUP_COLUMN, MANDATORY, MIN_LENGTH, MAX_LENGTH, MIN_VALUE, MAX_VALUE, CONSTANT_VALUE, UNIQUE_KEY, CREATE_USER, CREATED_ON, LINE_NO, MANAGED, FIELD_PATH, DATA_TYPE, DATA1, DATA2, TRANSITIVE_FIELDS, FORMULA, ENTITY_LOOKUP_TYPE)
VALUES ('fb90834b3548467ea8a057f70d7dedb9', 0, '33cd168d3a1448cdabf8e2224315d651', 'id', 'ID', 'CHAR(32)', '', 1, 'id', '', '', '', 'com.core.cbx.data.generator.UUIDGenerator', '', '', '', 0, 32, 32, NULL, NULL, '', '', 'system', systimestamp, '0', 0, 'entity.briefImage.id', '', '', '', '', '', '');
INSERT INTO CNT_FIELD_DEFINITION
 (ID, REVISION, PARENT_ID, FIELD_ID, COLUMN_NAME, COLUMN_TYPE, REPORT_COLUMN_NAME, PRODUCT_FIELD, FIELD_TYPE, ENTITY_LOOKUP, ENTITY_LOOKUP_KEY, ORDER_BY, GENERATOR, REFER_TABLE, KEY_COLUMN, LOOKUP_COLUMN, MANDATORY, MIN_LENGTH, MAX_LENGTH, MIN_VALUE, MAX_VALUE, CONSTANT_VALUE, UNIQUE_KEY, CREATE_USER, CREATED_ON, LINE_NO, MANAGED, FIELD_PATH, DATA_TYPE, DATA1, DATA2, TRANSITIVE_FIELDS, FORMULA, ENTITY_LOOKUP_TYPE)
VALUES ('bfef1da5bb6c466eaa7b277e76357155', 0, '33cd168d3a1448cdabf8e2224315d651', 'revision', 'REVISION', 'NUMBER(20, 0)', '', 1, 'integer', '', '', '', '', '', '', '', 0, NULL, 18, NULL, NULL, '', '', 'system', systimestamp, '1', 0, 'entity.briefImage.revision', '', '', '', '', '', '');
INSERT INTO CNT_FIELD_DEFINITION
 (ID, REVISION, PARENT_ID, FIELD_ID, COLUMN_NAME, COLUMN_TYPE, REPORT_COLUMN_NAME, PRODUCT_FIELD, FIELD_TYPE, ENTITY_LOOKUP, ENTITY_LOOKUP_KEY, ORDER_BY, GENERATOR, REFER_TABLE, KEY_COLUMN, LOOKUP_COLUMN, MANDATORY, MIN_LENGTH, MAX_LENGTH, MIN_VALUE, MAX_VALUE, CONSTANT_VALUE, UNIQUE_KEY, CREATE_USER, CREATED_ON, LINE_NO, MANAGED, FIELD_PATH, DATA_TYPE, DATA1, DATA2, TRANSITIVE_FIELDS, FORMULA, ENTITY_LOOKUP_TYPE)
VALUES ('13b92effaad04b02b4ff97b4af1aec33', 0, '33cd168d3a1448cdabf8e2224315d651', 'entityVersion', 'ENTITY_VERSION', 'NUMBER(20, 0)', '', 1, 'integer', '', '', '', '', '', '', '', 0, NULL, 18, NULL, NULL, '', '', 'system', systimestamp, '2', 0, 'entity.briefImage.entityVersion', '', '', '', '', '', '');
INSERT INTO CNT_FIELD_DEFINITION
 (ID, REVISION, PARENT_ID, FIELD_ID, COLUMN_NAME, COLUMN_TYPE, REPORT_COLUMN_NAME, PRODUCT_FIELD, FIELD_TYPE, ENTITY_LOOKUP, ENTITY_LOOKUP_KEY, ORDER_BY, GENERATOR, REFER_TABLE, KEY_COLUMN, LOOKUP_COLUMN, MANDATORY, MIN_LENGTH, MAX_LENGTH, MIN_VALUE, MAX_VALUE, CONSTANT_VALUE, UNIQUE_KEY, CREATE_USER, CREATED_ON, LINE_NO, MANAGED, FIELD_PATH, DATA_TYPE, DATA1, DATA2, TRANSITIVE_FIELDS, FORMULA, ENTITY_LOOKUP_TYPE)
VALUES ('c4b15a172ca140caa8c8f2e2fa329563', 0, '33cd168d3a1448cdabf8e2224315d651', 'domainId', 'DOMAIN_ID', 'NVARCHAR2(400)', '', 1, 'string-m', '', '', '', '', '', '', '', 0, NULL, 400, NULL, NULL, '', '', 'system', systimestamp, '3', 0, 'entity.briefImage.domainId', '', '', '', '', '', '');
INSERT INTO CNT_FIELD_DEFINITION
 (ID, REVISION, PARENT_ID, FIELD_ID, COLUMN_NAME, COLUMN_TYPE, REPORT_COLUMN_NAME, PRODUCT_FIELD, FIELD_TYPE, ENTITY_LOOKUP, ENTITY_LOOKUP_KEY, ORDER_BY, GENERATOR, REFER_TABLE, KEY_COLUMN, LOOKUP_COLUMN, MANDATORY, MIN_LENGTH, MAX_LENGTH, MIN_VALUE, MAX_VALUE, CONSTANT_VALUE, UNIQUE_KEY, CREATE_USER, CREATED_ON, LINE_NO, MANAGED, FIELD_PATH, DATA_TYPE, DATA1, DATA2, TRANSITIVE_FIELDS, FORMULA, ENTITY_LOOKUP_TYPE)
VALUES ('7bf9f720a75842eb98fbe853e7f1f798', 0, '33cd168d3a1448cdabf8e2224315d651', 'hubDomainId', 'HUB_DOMAIN_ID', 'NVARCHAR2(400)', '', 1, 'string-m', '', '', '', '', '', '', '', 0, NULL, 400, NULL, NULL, '', '', 'system', systimestamp, '4', 0, 'entity.briefImage.hubDomainId', '', '', '', '', '', '');
INSERT INTO CNT_FIELD_DEFINITION
 (ID, REVISION, PARENT_ID, FIELD_ID, COLUMN_NAME, COLUMN_TYPE, REPORT_COLUMN_NAME, PRODUCT_FIELD, FIELD_TYPE, ENTITY_LOOKUP, ENTITY_LOOKUP_KEY, ORDER_BY, GENERATOR, REFER_TABLE, KEY_COLUMN, LOOKUP_COLUMN, MANDATORY, MIN_LENGTH, MAX_LENGTH, MIN_VALUE, MAX_VALUE, CONSTANT_VALUE, UNIQUE_KEY, CREATE_USER, CREATED_ON, LINE_NO, MANAGED, FIELD_PATH, DATA_TYPE, DATA1, DATA2, TRANSITIVE_FIELDS, FORMULA, ENTITY_LOOKUP_TYPE)
VALUES ('72699703036b423db405f1c08f277ee3', 0, '33cd168d3a1448cdabf8e2224315d651', 'isForReference', 'IS_FOR_REFERENCE', 'NUMBER(1,0)', '', 1, 'boolean', '', '', '', '', '', '', '', 0, NULL, NULL, NULL, NULL, '', '', 'system', systimestamp, '5', 0, 'entity.briefImage.isForReference', '', '', '', '', '', '');
INSERT INTO CNT_FIELD_DEFINITION
 (ID, REVISION, PARENT_ID, FIELD_ID, COLUMN_NAME, COLUMN_TYPE, REPORT_COLUMN_NAME, PRODUCT_FIELD, FIELD_TYPE, ENTITY_LOOKUP, ENTITY_LOOKUP_KEY, ORDER_BY, GENERATOR, REFER_TABLE, KEY_COLUMN, LOOKUP_COLUMN, MANDATORY, MIN_LENGTH, MAX_LENGTH, MIN_VALUE, MAX_VALUE, CONSTANT_VALUE, UNIQUE_KEY, CREATE_USER, CREATED_ON, LINE_NO, MANAGED, FIELD_PATH, DATA_TYPE, DATA1, DATA2, TRANSITIVE_FIELDS, FORMULA, ENTITY_LOOKUP_TYPE)
VALUES ('6e3249bedd094338964f08da9e5ad7e7', 0, '33cd168d3a1448cdabf8e2224315d651', 'internalSeqNo', 'INTERNAL_SEQ_NO', 'NUMBER(20, 0)', 'n/a', 1, 'integer', '', '', '', '', '', '', '', 0, NULL, 18, NULL, NULL, '', '', 'system', systimestamp, '6', 0, 'entity.briefImage.internalSeqNo', '', '', '', '', '', '');
INSERT INTO CNT_FIELD_DEFINITION
 (ID, REVISION, PARENT_ID, FIELD_ID, COLUMN_NAME, COLUMN_TYPE, REPORT_COLUMN_NAME, PRODUCT_FIELD, FIELD_TYPE, ENTITY_LOOKUP, ENTITY_LOOKUP_KEY, ORDER_BY, GENERATOR, REFER_TABLE, KEY_COLUMN, LOOKUP_COLUMN, MANDATORY, MIN_LENGTH, MAX_LENGTH, MIN_VALUE, MAX_VALUE, CONSTANT_VALUE, UNIQUE_KEY, CREATE_USER, CREATED_ON, LINE_NO, MANAGED, FIELD_PATH, DATA_TYPE, DATA1, DATA2, TRANSITIVE_FIELDS, FORMULA, ENTITY_LOOKUP_TYPE)
VALUES ('8407a77c4b5749138b5f1de27664d746', 0, '33cd168d3a1448cdabf8e2224315d651', 'briefId', 'BRIEF_ID', 'CHAR(32)', 'BRIEF_SYS_ID', 1, 'id', '', '', '', '', '', '', '', 1, 32, 32, NULL, NULL, '', '', 'system', systimestamp, '7', 0, 'entity.briefImage.briefId', '', '', '', '', '', '');
INSERT INTO CNT_FIELD_DEFINITION
 (ID, REVISION, PARENT_ID, FIELD_ID, COLUMN_NAME, COLUMN_TYPE, REPORT_COLUMN_NAME, PRODUCT_FIELD, FIELD_TYPE, ENTITY_LOOKUP, ENTITY_LOOKUP_KEY, ORDER_BY, GENERATOR, REFER_TABLE, KEY_COLUMN, LOOKUP_COLUMN, MANDATORY, MIN_LENGTH, MAX_LENGTH, MIN_VALUE, MAX_VALUE, CONSTANT_VALUE, UNIQUE_KEY, CREATE_USER, CREATED_ON, LINE_NO, MANAGED, FIELD_PATH, DATA_TYPE, DATA1, DATA2, TRANSITIVE_FIELDS, FORMULA, ENTITY_LOOKUP_TYPE)
VALUES ('b4b22db414df48969f005caba15117bf', 0, '33cd168d3a1448cdabf8e2224315d651', 'isDefault', 'IS_DEFAULT', 'NUMBER(1,0)', 'IS_DEFAULT', 1, 'boolean', '', '', '', '', '', '', '', 0, NULL, NULL, NULL, NULL, '', '', 'system', systimestamp, '8', 0, 'entity.briefImage.isDefault', '', '', '', '', '', '');
INSERT INTO CNT_FIELD_DEFINITION
 (ID, REVISION, PARENT_ID, FIELD_ID, COLUMN_NAME, COLUMN_TYPE, REPORT_COLUMN_NAME, PRODUCT_FIELD, FIELD_TYPE, ENTITY_LOOKUP, ENTITY_LOOKUP_KEY, ORDER_BY, GENERATOR, REFER_TABLE, KEY_COLUMN, LOOKUP_COLUMN, MANDATORY, MIN_LENGTH, MAX_LENGTH, MIN_VALUE, MAX_VALUE, CONSTANT_VALUE, UNIQUE_KEY, CREATE_USER, CREATED_ON, LINE_NO, MANAGED, FIELD_PATH, DATA_TYPE, DATA1, DATA2, TRANSITIVE_FIELDS, FORMULA, ENTITY_LOOKUP_TYPE)
VALUES ('b3f7bff2d3e743dbb88da6cf71d56b74', 0, '33cd168d3a1448cdabf8e2224315d651', 'description', 'DESCRIPTION', 'NVARCHAR2(1000)', 'DESCRIPTION', 1, 'string-l', '', '', '', '', '', '', '', 0, NULL, 1000, NULL, NULL, '', '', 'system', systimestamp, '9', 0, 'entity.briefImage.description', '', '', '', '', '', '');
INSERT INTO CNT_FIELD_DEFINITION
 (ID, REVISION, PARENT_ID, FIELD_ID, COLUMN_NAME, COLUMN_TYPE, REPORT_COLUMN_NAME, PRODUCT_FIELD, FIELD_TYPE, ENTITY_LOOKUP, ENTITY_LOOKUP_KEY, ORDER_BY, GENERATOR, REFER_TABLE, KEY_COLUMN, LOOKUP_COLUMN, MANDATORY, MIN_LENGTH, MAX_LENGTH, MIN_VALUE, MAX_VALUE, CONSTANT_VALUE, UNIQUE_KEY, CREATE_USER, CREATED_ON, LINE_NO, MANAGED, FIELD_PATH, DATA_TYPE, DATA1, DATA2, TRANSITIVE_FIELDS, FORMULA, ENTITY_LOOKUP_TYPE)
VALUES ('a0b37219009845d581f78763bc87f602', 0, '33cd168d3a1448cdabf8e2224315d651', 'fileId', 'FILE_ID', 'CHAR(32)', 'IMAGE_SYS_ID', 1, 'entity', 'Image', 'id', '', '', '', '', '', 0, 32, 32, NULL, NULL, '', '', 'system', systimestamp, '10', 0, 'entity.briefImage.fileId', '', '', '', '', '', '');
INSERT INTO CNT_FIELD_DEFINITION
 (ID, REVISION, PARENT_ID, FIELD_ID, COLUMN_NAME, COLUMN_TYPE, REPORT_COLUMN_NAME, PRODUCT_FIELD, FIELD_TYPE, ENTITY_LOOKUP, ENTITY_LOOKUP_KEY, ORDER_BY, GENERATOR, REFER_TABLE, KEY_COLUMN, LOOKUP_COLUMN, MANDATORY, MIN_LENGTH, MAX_LENGTH, MIN_VALUE, MAX_VALUE, CONSTANT_VALUE, UNIQUE_KEY, CREATE_USER, CREATED_ON, LINE_NO, MANAGED, FIELD_PATH, DATA_TYPE, DATA1, DATA2, TRANSITIVE_FIELDS, FORMULA, ENTITY_LOOKUP_TYPE)
VALUES ('7c753018fac14326b78cff0fc37d7bac', 0, '33cd168d3a1448cdabf8e2224315d651', 'imageTypeId', 'IMAGE_TYPE_ID', '', '', 1, 'selection', 'SelectionField', 'parentId', '', '', '', '', '', 0, NULL, NULL, NULL, NULL, '', '', 'system', systimestamp, '11', 0, 'entity.briefImage.imageTypeId', 'selection-codelist', 'IMAGE_TYPE', '', '', '', '');
INSERT INTO CNT_FIELD_DEFINITION
 (ID, REVISION, PARENT_ID, FIELD_ID, COLUMN_NAME, COLUMN_TYPE, REPORT_COLUMN_NAME, PRODUCT_FIELD, FIELD_TYPE, ENTITY_LOOKUP, ENTITY_LOOKUP_KEY, ORDER_BY, GENERATOR, REFER_TABLE, KEY_COLUMN, LOOKUP_COLUMN, MANDATORY, MIN_LENGTH, MAX_LENGTH, MIN_VALUE, MAX_VALUE, CONSTANT_VALUE, UNIQUE_KEY, CREATE_USER, CREATED_ON, LINE_NO, MANAGED, FIELD_PATH, DATA_TYPE, DATA1, DATA2, TRANSITIVE_FIELDS, FORMULA, ENTITY_LOOKUP_TYPE)
VALUES ('7d529918cbfa45ffb437bb209c5c2aa2', 0, '33cd168d3a1448cdabf8e2224315d651', 'custText1', 'CUST_TEXT1', 'NVARCHAR2(1000)', 'CUSTOM_FIELD_TEXT1', 0, 'string-l', '', '', '', '', '', '', '', 0, NULL, 1000, NULL, NULL, '', '', 'system', systimestamp, '12', 0, 'entity.briefImage.custText1', '', '', '', '', '', '');
INSERT INTO CNT_FIELD_DEFINITION
 (ID, REVISION, PARENT_ID, FIELD_ID, COLUMN_NAME, COLUMN_TYPE, REPORT_COLUMN_NAME, PRODUCT_FIELD, FIELD_TYPE, ENTITY_LOOKUP, ENTITY_LOOKUP_KEY, ORDER_BY, GENERATOR, REFER_TABLE, KEY_COLUMN, LOOKUP_COLUMN, MANDATORY, MIN_LENGTH, MAX_LENGTH, MIN_VALUE, MAX_VALUE, CONSTANT_VALUE, UNIQUE_KEY, CREATE_USER, CREATED_ON, LINE_NO, MANAGED, FIELD_PATH, DATA_TYPE, DATA1, DATA2, TRANSITIVE_FIELDS, FORMULA, ENTITY_LOOKUP_TYPE)
VALUES ('fa7b3720136f44628e83f502255fadf3', 0, '33cd168d3a1448cdabf8e2224315d651', 'custText2', 'CUST_TEXT2', 'NVARCHAR2(1000)', 'CUSTOM_FIELD_TEXT2', 0, 'string-l', '', '', '', '', '', '', '', 0, NULL, 1000, NULL, NULL, '', '', 'system', systimestamp, '13', 0, 'entity.briefImage.custText2', '', '', '', '', '', '');
INSERT INTO CNT_FIELD_DEFINITION
 (ID, REVISION, PARENT_ID, FIELD_ID, COLUMN_NAME, COLUMN_TYPE, REPORT_COLUMN_NAME, PRODUCT_FIELD, FIELD_TYPE, ENTITY_LOOKUP, ENTITY_LOOKUP_KEY, ORDER_BY, GENERATOR, REFER_TABLE, KEY_COLUMN, LOOKUP_COLUMN, MANDATORY, MIN_LENGTH, MAX_LENGTH, MIN_VALUE, MAX_VALUE, CONSTANT_VALUE, UNIQUE_KEY, CREATE_USER, CREATED_ON, LINE_NO, MANAGED, FIELD_PATH, DATA_TYPE, DATA1, DATA2, TRANSITIVE_FIELDS, FORMULA, ENTITY_LOOKUP_TYPE)
VALUES ('6786ebcfe93f4538859df44716080858', 0, '33cd168d3a1448cdabf8e2224315d651', 'custText3', 'CUST_TEXT3', 'NVARCHAR2(1000)', 'CUSTOM_FIELD_TEXT3', 0, 'string-l', '', '', '', '', '', '', '', 0, NULL, 1000, NULL, NULL, '', '', 'system', systimestamp, '14', 0, 'entity.briefImage.custText3', '', '', '', '', '', '');
INSERT INTO CNT_FIELD_DEFINITION
 (ID, REVISION, PARENT_ID, FIELD_ID, COLUMN_NAME, COLUMN_TYPE, REPORT_COLUMN_NAME, PRODUCT_FIELD, FIELD_TYPE, ENTITY_LOOKUP, ENTITY_LOOKUP_KEY, ORDER_BY, GENERATOR, REFER_TABLE, KEY_COLUMN, LOOKUP_COLUMN, MANDATORY, MIN_LENGTH, MAX_LENGTH, MIN_VALUE, MAX_VALUE, CONSTANT_VALUE, UNIQUE_KEY, CREATE_USER, CREATED_ON, LINE_NO, MANAGED, FIELD_PATH, DATA_TYPE, DATA1, DATA2, TRANSITIVE_FIELDS, FORMULA, ENTITY_LOOKUP_TYPE)
VALUES ('5eb673b74cea43bb8ae9b48c2817575b', 0, '33cd168d3a1448cdabf8e2224315d651', 'custText4', 'CUST_TEXT4', 'NVARCHAR2(1000)', 'CUSTOM_FIELD_TEXT4', 0, 'string-l', '', '', '', '', '', '', '', 0, NULL, 1000, NULL, NULL, '', '', 'system', systimestamp, '15', 0, 'entity.briefImage.custText4', '', '', '', '', '', '');
INSERT INTO CNT_FIELD_DEFINITION
 (ID, REVISION, PARENT_ID, FIELD_ID, COLUMN_NAME, COLUMN_TYPE, REPORT_COLUMN_NAME, PRODUCT_FIELD, FIELD_TYPE, ENTITY_LOOKUP, ENTITY_LOOKUP_KEY, ORDER_BY, GENERATOR, REFER_TABLE, KEY_COLUMN, LOOKUP_COLUMN, MANDATORY, MIN_LENGTH, MAX_LENGTH, MIN_VALUE, MAX_VALUE, CONSTANT_VALUE, UNIQUE_KEY, CREATE_USER, CREATED_ON, LINE_NO, MANAGED, FIELD_PATH, DATA_TYPE, DATA1, DATA2, TRANSITIVE_FIELDS, FORMULA, ENTITY_LOOKUP_TYPE)
VALUES ('fb23f81d4b9c44ce846f9ee3357932ee', 0, '33cd168d3a1448cdabf8e2224315d651', 'custText5', 'CUST_TEXT5', 'NVARCHAR2(1000)', 'CUSTOM_FIELD_TEXT5', 0, 'string-l', '', '', '', '', '', '', '', 0, NULL, 1000, NULL, NULL, '', '', 'system', systimestamp, '16', 0, 'entity.briefImage.custText5', '', '', '', '', '', '');
INSERT INTO CNT_FIELD_DEFINITION
 (ID, REVISION, PARENT_ID, FIELD_ID, COLUMN_NAME, COLUMN_TYPE, REPORT_COLUMN_NAME, PRODUCT_FIELD, FIELD_TYPE, ENTITY_LOOKUP, ENTITY_LOOKUP_KEY, ORDER_BY, GENERATOR, REFER_TABLE, KEY_COLUMN, LOOKUP_COLUMN, MANDATORY, MIN_LENGTH, MAX_LENGTH, MIN_VALUE, MAX_VALUE, CONSTANT_VALUE, UNIQUE_KEY, CREATE_USER, CREATED_ON, LINE_NO, MANAGED, FIELD_PATH, DATA_TYPE, DATA1, DATA2, TRANSITIVE_FIELDS, FORMULA, ENTITY_LOOKUP_TYPE)
VALUES ('7405ed15ba114bab9cd2b16a4cd629bd', 0, '33cd168d3a1448cdabf8e2224315d651', 'custText6', 'CUST_TEXT6', 'NVARCHAR2(1000)', 'CUSTOM_FIELD_TEXT6', 0, 'string-l', '', '', '', '', '', '', '', 0, NULL, 1000, NULL, NULL, '', '', 'system', systimestamp, '17', 0, 'entity.briefImage.custText6', '', '', '', '', '', '');
INSERT INTO CNT_FIELD_DEFINITION
 (ID, REVISION, PARENT_ID, FIELD_ID, COLUMN_NAME, COLUMN_TYPE, REPORT_COLUMN_NAME, PRODUCT_FIELD, FIELD_TYPE, ENTITY_LOOKUP, ENTITY_LOOKUP_KEY, ORDER_BY, GENERATOR, REFER_TABLE, KEY_COLUMN, LOOKUP_COLUMN, MANDATORY, MIN_LENGTH, MAX_LENGTH, MIN_VALUE, MAX_VALUE, CONSTANT_VALUE, UNIQUE_KEY, CREATE_USER, CREATED_ON, LINE_NO, MANAGED, FIELD_PATH, DATA_TYPE, DATA1, DATA2, TRANSITIVE_FIELDS, FORMULA, ENTITY_LOOKUP_TYPE)
VALUES ('1be9ced79fa242209be46c2a8921f77c', 0, '33cd168d3a1448cdabf8e2224315d651', 'custText7', 'CUST_TEXT7', 'NVARCHAR2(1000)', 'CUSTOM_FIELD_TEXT7', 0, 'string-l', '', '', '', '', '', '', '', 0, NULL, 1000, NULL, NULL, '', '', 'system', systimestamp, '18', 0, 'entity.briefImage.custText7', '', '', '', '', '', '');
INSERT INTO CNT_FIELD_DEFINITION
 (ID, REVISION, PARENT_ID, FIELD_ID, COLUMN_NAME, COLUMN_TYPE, REPORT_COLUMN_NAME, PRODUCT_FIELD, FIELD_TYPE, ENTITY_LOOKUP, ENTITY_LOOKUP_KEY, ORDER_BY, GENERATOR, REFER_TABLE, KEY_COLUMN, LOOKUP_COLUMN, MANDATORY, MIN_LENGTH, MAX_LENGTH, MIN_VALUE, MAX_VALUE, CONSTANT_VALUE, UNIQUE_KEY, CREATE_USER, CREATED_ON, LINE_NO, MANAGED, FIELD_PATH, DATA_TYPE, DATA1, DATA2, TRANSITIVE_FIELDS, FORMULA, ENTITY_LOOKUP_TYPE)
VALUES ('653fba012906412c88161a8ae905b8ed', 0, '33cd168d3a1448cdabf8e2224315d651', 'custDate1', 'CUST_DATE1', 'DATE', 'CUSTOM_FIELD_DATE1', 0, 'date', '', '', '', '', '', '', '', 0, NULL, NULL, NULL, NULL, '', '', 'system', systimestamp, '19', 0, 'entity.briefImage.custDate1', '', '', '', '', '', '');
INSERT INTO CNT_FIELD_DEFINITION
 (ID, REVISION, PARENT_ID, FIELD_ID, COLUMN_NAME, COLUMN_TYPE, REPORT_COLUMN_NAME, PRODUCT_FIELD, FIELD_TYPE, ENTITY_LOOKUP, ENTITY_LOOKUP_KEY, ORDER_BY, GENERATOR, REFER_TABLE, KEY_COLUMN, LOOKUP_COLUMN, MANDATORY, MIN_LENGTH, MAX_LENGTH, MIN_VALUE, MAX_VALUE, CONSTANT_VALUE, UNIQUE_KEY, CREATE_USER, CREATED_ON, LINE_NO, MANAGED, FIELD_PATH, DATA_TYPE, DATA1, DATA2, TRANSITIVE_FIELDS, FORMULA, ENTITY_LOOKUP_TYPE)
VALUES ('aa7f92ef204b4fbdb4e38780f824ba58', 0, '33cd168d3a1448cdabf8e2224315d651', 'custDate2', 'CUST_DATE2', 'DATE', 'CUSTOM_FIELD_DATE2', 0, 'date', '', '', '', '', '', '', '', 0, NULL, NULL, NULL, NULL, '', '', 'system', systimestamp, '20', 0, 'entity.briefImage.custDate2', '', '', '', '', '', '');
INSERT INTO CNT_FIELD_DEFINITION
 (ID, REVISION, PARENT_ID, FIELD_ID, COLUMN_NAME, COLUMN_TYPE, REPORT_COLUMN_NAME, PRODUCT_FIELD, FIELD_TYPE, ENTITY_LOOKUP, ENTITY_LOOKUP_KEY, ORDER_BY, GENERATOR, REFER_TABLE, KEY_COLUMN, LOOKUP_COLUMN, MANDATORY, MIN_LENGTH, MAX_LENGTH, MIN_VALUE, MAX_VALUE, CONSTANT_VALUE, UNIQUE_KEY, CREATE_USER, CREATED_ON, LINE_NO, MANAGED, FIELD_PATH, DATA_TYPE, DATA1, DATA2, TRANSITIVE_FIELDS, FORMULA, ENTITY_LOOKUP_TYPE)
VALUES ('0b739a2707744dd496e64aacf351e53e', 0, '33cd168d3a1448cdabf8e2224315d651', 'custDate3', 'CUST_DATE3', 'DATE', 'CUSTOM_FIELD_DATE3', 0, 'date', '', '', '', '', '', '', '', 0, NULL, NULL, NULL, NULL, '', '', 'system', systimestamp, '21', 0, 'entity.briefImage.custDate3', '', '', '', '', '', '');
INSERT INTO CNT_FIELD_DEFINITION
 (ID, REVISION, PARENT_ID, FIELD_ID, COLUMN_NAME, COLUMN_TYPE, REPORT_COLUMN_NAME, PRODUCT_FIELD, FIELD_TYPE, ENTITY_LOOKUP, ENTITY_LOOKUP_KEY, ORDER_BY, GENERATOR, REFER_TABLE, KEY_COLUMN, LOOKUP_COLUMN, MANDATORY, MIN_LENGTH, MAX_LENGTH, MIN_VALUE, MAX_VALUE, CONSTANT_VALUE, UNIQUE_KEY, CREATE_USER, CREATED_ON, LINE_NO, MANAGED, FIELD_PATH, DATA_TYPE, DATA1, DATA2, TRANSITIVE_FIELDS, FORMULA, ENTITY_LOOKUP_TYPE)
VALUES ('6e9c684f6ae7423ea7f8c101ec6ddc08', 0, '33cd168d3a1448cdabf8e2224315d651', 'custDate4', 'CUST_DATE4', 'DATE', 'CUSTOM_FIELD_DATE4', 0, 'date', '', '', '', '', '', '', '', 0, NULL, NULL, NULL, NULL, '', '', 'system', systimestamp, '22', 0, 'entity.briefImage.custDate4', '', '', '', '', '', '');
INSERT INTO CNT_FIELD_DEFINITION
 (ID, REVISION, PARENT_ID, FIELD_ID, COLUMN_NAME, COLUMN_TYPE, REPORT_COLUMN_NAME, PRODUCT_FIELD, FIELD_TYPE, ENTITY_LOOKUP, ENTITY_LOOKUP_KEY, ORDER_BY, GENERATOR, REFER_TABLE, KEY_COLUMN, LOOKUP_COLUMN, MANDATORY, MIN_LENGTH, MAX_LENGTH, MIN_VALUE, MAX_VALUE, CONSTANT_VALUE, UNIQUE_KEY, CREATE_USER, CREATED_ON, LINE_NO, MANAGED, FIELD_PATH, DATA_TYPE, DATA1, DATA2, TRANSITIVE_FIELDS, FORMULA, ENTITY_LOOKUP_TYPE)
VALUES ('67fd36b42cf9419992bf2a4774ddbd41', 0, '33cd168d3a1448cdabf8e2224315d651', 'custDate5', 'CUST_DATE5', 'DATE', 'CUSTOM_FIELD_DATE5', 0, 'date', '', '', '', '', '', '', '', 0, NULL, NULL, NULL, NULL, '', '', 'system', systimestamp, '23', 0, 'entity.briefImage.custDate5', '', '', '', '', '', '');
INSERT INTO CNT_FIELD_DEFINITION
 (ID, REVISION, PARENT_ID, FIELD_ID, COLUMN_NAME, COLUMN_TYPE, REPORT_COLUMN_NAME, PRODUCT_FIELD, FIELD_TYPE, ENTITY_LOOKUP, ENTITY_LOOKUP_KEY, ORDER_BY, GENERATOR, REFER_TABLE, KEY_COLUMN, LOOKUP_COLUMN, MANDATORY, MIN_LENGTH, MAX_LENGTH, MIN_VALUE, MAX_VALUE, CONSTANT_VALUE, UNIQUE_KEY, CREATE_USER, CREATED_ON, LINE_NO, MANAGED, FIELD_PATH, DATA_TYPE, DATA1, DATA2, TRANSITIVE_FIELDS, FORMULA, ENTITY_LOOKUP_TYPE)
VALUES ('7fa19d6aa46d4175ae87b1e614fcfe9f', 0, '33cd168d3a1448cdabf8e2224315d651', 'custDate6', 'CUST_DATE6', 'DATE', 'CUSTOM_FIELD_DATE6', 0, 'date', '', '', '', '', '', '', '', 0, NULL, NULL, NULL, NULL, '', '', 'system', systimestamp, '24', 0, 'entity.briefImage.custDate6', '', '', '', '', '', '');
INSERT INTO CNT_FIELD_DEFINITION
 (ID, REVISION, PARENT_ID, FIELD_ID, COLUMN_NAME, COLUMN_TYPE, REPORT_COLUMN_NAME, PRODUCT_FIELD, FIELD_TYPE, ENTITY_LOOKUP, ENTITY_LOOKUP_KEY, ORDER_BY, GENERATOR, REFER_TABLE, KEY_COLUMN, LOOKUP_COLUMN, MANDATORY, MIN_LENGTH, MAX_LENGTH, MIN_VALUE, MAX_VALUE, CONSTANT_VALUE, UNIQUE_KEY, CREATE_USER, CREATED_ON, LINE_NO, MANAGED, FIELD_PATH, DATA_TYPE, DATA1, DATA2, TRANSITIVE_FIELDS, FORMULA, ENTITY_LOOKUP_TYPE)
VALUES ('f0330b4cecdf4cdeb03a1b185fba925c', 0, '33cd168d3a1448cdabf8e2224315d651', 'custDate7', 'CUST_DATE7', 'DATE', 'CUSTOM_FIELD_DATE7', 0, 'date', '', '', '', '', '', '', '', 0, NULL, NULL, NULL, NULL, '', '', 'system', systimestamp, '25', 0, 'entity.briefImage.custDate7', '', '', '', '', '', '');
INSERT INTO CNT_FIELD_DEFINITION
 (ID, REVISION, PARENT_ID, FIELD_ID, COLUMN_NAME, COLUMN_TYPE, REPORT_COLUMN_NAME, PRODUCT_FIELD, FIELD_TYPE, ENTITY_LOOKUP, ENTITY_LOOKUP_KEY, ORDER_BY, GENERATOR, REFER_TABLE, KEY_COLUMN, LOOKUP_COLUMN, MANDATORY, MIN_LENGTH, MAX_LENGTH, MIN_VALUE, MAX_VALUE, CONSTANT_VALUE, UNIQUE_KEY, CREATE_USER, CREATED_ON, LINE_NO, MANAGED, FIELD_PATH, DATA_TYPE, DATA1, DATA2, TRANSITIVE_FIELDS, FORMULA, ENTITY_LOOKUP_TYPE)
VALUES ('571e7135938140f2913d9d2a7a7bd8a1', 0, '33cd168d3a1448cdabf8e2224315d651', 'custNumber1', 'CUST_NUMBER1', 'NUMBER(20, 0)', 'CUSTOM_FIELD_NUMBER1', 0, 'integer', '', '', '', '', '', '', '', 0, NULL, 18, NULL, NULL, '', '', 'system', systimestamp, '26', 0, 'entity.briefImage.custNumber1', '', '', '', '', '', '');
INSERT INTO CNT_FIELD_DEFINITION
 (ID, REVISION, PARENT_ID, FIELD_ID, COLUMN_NAME, COLUMN_TYPE, REPORT_COLUMN_NAME, PRODUCT_FIELD, FIELD_TYPE, ENTITY_LOOKUP, ENTITY_LOOKUP_KEY, ORDER_BY, GENERATOR, REFER_TABLE, KEY_COLUMN, LOOKUP_COLUMN, MANDATORY, MIN_LENGTH, MAX_LENGTH, MIN_VALUE, MAX_VALUE, CONSTANT_VALUE, UNIQUE_KEY, CREATE_USER, CREATED_ON, LINE_NO, MANAGED, FIELD_PATH, DATA_TYPE, DATA1, DATA2, TRANSITIVE_FIELDS, FORMULA, ENTITY_LOOKUP_TYPE)
VALUES ('1a45752805ba43f0912a640079970387', 0, '33cd168d3a1448cdabf8e2224315d651', 'custNumber2', 'CUST_NUMBER2', 'NUMBER(20, 0)', 'CUSTOM_FIELD_NUMBER2', 0, 'integer', '', '', '', '', '', '', '', 0, NULL, 18, NULL, NULL, '', '', 'system', systimestamp, '27', 0, 'entity.briefImage.custNumber2', '', '', '', '', '', '');
INSERT INTO CNT_FIELD_DEFINITION
 (ID, REVISION, PARENT_ID, FIELD_ID, COLUMN_NAME, COLUMN_TYPE, REPORT_COLUMN_NAME, PRODUCT_FIELD, FIELD_TYPE, ENTITY_LOOKUP, ENTITY_LOOKUP_KEY, ORDER_BY, GENERATOR, REFER_TABLE, KEY_COLUMN, LOOKUP_COLUMN, MANDATORY, MIN_LENGTH, MAX_LENGTH, MIN_VALUE, MAX_VALUE, CONSTANT_VALUE, UNIQUE_KEY, CREATE_USER, CREATED_ON, LINE_NO, MANAGED, FIELD_PATH, DATA_TYPE, DATA1, DATA2, TRANSITIVE_FIELDS, FORMULA, ENTITY_LOOKUP_TYPE)
VALUES ('3fd87f55745942dca2d5a3688fbed95d', 0, '33cd168d3a1448cdabf8e2224315d651', 'custNumber3', 'CUST_NUMBER3', 'NUMBER(20, 0)', 'CUSTOM_FIELD_NUMBER3', 0, 'integer', '', '', '', '', '', '', '', 0, NULL, 18, NULL, NULL, '', '', 'system', systimestamp, '28', 0, 'entity.briefImage.custNumber3', '', '', '', '', '', '');
INSERT INTO CNT_FIELD_DEFINITION
 (ID, REVISION, PARENT_ID, FIELD_ID, COLUMN_NAME, COLUMN_TYPE, REPORT_COLUMN_NAME, PRODUCT_FIELD, FIELD_TYPE, ENTITY_LOOKUP, ENTITY_LOOKUP_KEY, ORDER_BY, GENERATOR, REFER_TABLE, KEY_COLUMN, LOOKUP_COLUMN, MANDATORY, MIN_LENGTH, MAX_LENGTH, MIN_VALUE, MAX_VALUE, CONSTANT_VALUE, UNIQUE_KEY, CREATE_USER, CREATED_ON, LINE_NO, MANAGED, FIELD_PATH, DATA_TYPE, DATA1, DATA2, TRANSITIVE_FIELDS, FORMULA, ENTITY_LOOKUP_TYPE)
VALUES ('a647a76622f94ab4bbd212743d36b252', 0, '33cd168d3a1448cdabf8e2224315d651', 'custNumber4', 'CUST_NUMBER4', 'NUMBER(20, 0)', 'CUSTOM_FIELD_NUMBER4', 0, 'integer', '', '', '', '', '', '', '', 0, NULL, 18, NULL, NULL, '', '', 'system', systimestamp, '29', 0, 'entity.briefImage.custNumber4', '', '', '', '', '', '');
INSERT INTO CNT_FIELD_DEFINITION
 (ID, REVISION, PARENT_ID, FIELD_ID, COLUMN_NAME, COLUMN_TYPE, REPORT_COLUMN_NAME, PRODUCT_FIELD, FIELD_TYPE, ENTITY_LOOKUP, ENTITY_LOOKUP_KEY, ORDER_BY, GENERATOR, REFER_TABLE, KEY_COLUMN, LOOKUP_COLUMN, MANDATORY, MIN_LENGTH, MAX_LENGTH, MIN_VALUE, MAX_VALUE, CONSTANT_VALUE, UNIQUE_KEY, CREATE_USER, CREATED_ON, LINE_NO, MANAGED, FIELD_PATH, DATA_TYPE, DATA1, DATA2, TRANSITIVE_FIELDS, FORMULA, ENTITY_LOOKUP_TYPE)
VALUES ('5bd199f863f24cd2b1b6fb24af38efcc', 0, '33cd168d3a1448cdabf8e2224315d651', 'custNumber5', 'CUST_NUMBER5', 'NUMBER(20, 0)', 'CUSTOM_FIELD_NUMBER5', 0, 'integer', '', '', '', '', '', '', '', 0, NULL, 18, NULL, NULL, '', '', 'system', systimestamp, '30', 0, 'entity.briefImage.custNumber5', '', '', '', '', '', '');
INSERT INTO CNT_FIELD_DEFINITION
 (ID, REVISION, PARENT_ID, FIELD_ID, COLUMN_NAME, COLUMN_TYPE, REPORT_COLUMN_NAME, PRODUCT_FIELD, FIELD_TYPE, ENTITY_LOOKUP, ENTITY_LOOKUP_KEY, ORDER_BY, GENERATOR, REFER_TABLE, KEY_COLUMN, LOOKUP_COLUMN, MANDATORY, MIN_LENGTH, MAX_LENGTH, MIN_VALUE, MAX_VALUE, CONSTANT_VALUE, UNIQUE_KEY, CREATE_USER, CREATED_ON, LINE_NO, MANAGED, FIELD_PATH, DATA_TYPE, DATA1, DATA2, TRANSITIVE_FIELDS, FORMULA, ENTITY_LOOKUP_TYPE)
VALUES ('e04c83701a254622b4c2b308e356e548', 0, '33cd168d3a1448cdabf8e2224315d651', 'custNumber6', 'CUST_NUMBER6', 'NUMBER(20, 0)', 'CUSTOM_FIELD_NUMBER6', 0, 'integer', '', '', '', '', '', '', '', 0, NULL, 18, NULL, NULL, '', '', 'system', systimestamp, '31', 0, 'entity.briefImage.custNumber6', '', '', '', '', '', '');
INSERT INTO CNT_FIELD_DEFINITION
 (ID, REVISION, PARENT_ID, FIELD_ID, COLUMN_NAME, COLUMN_TYPE, REPORT_COLUMN_NAME, PRODUCT_FIELD, FIELD_TYPE, ENTITY_LOOKUP, ENTITY_LOOKUP_KEY, ORDER_BY, GENERATOR, REFER_TABLE, KEY_COLUMN, LOOKUP_COLUMN, MANDATORY, MIN_LENGTH, MAX_LENGTH, MIN_VALUE, MAX_VALUE, CONSTANT_VALUE, UNIQUE_KEY, CREATE_USER, CREATED_ON, LINE_NO, MANAGED, FIELD_PATH, DATA_TYPE, DATA1, DATA2, TRANSITIVE_FIELDS, FORMULA, ENTITY_LOOKUP_TYPE)
VALUES ('d4bc7adff29a4f29a3cd392e668a971e', 0, '33cd168d3a1448cdabf8e2224315d651', 'custNumber7', 'CUST_NUMBER7', 'NUMBER(20, 0)', 'CUSTOM_FIELD_NUMBER7', 0, 'integer', '', '', '', '', '', '', '', 0, NULL, 18, NULL, NULL, '', '', 'system', systimestamp, '32', 0, 'entity.briefImage.custNumber7', '', '', '', '', '', '');
INSERT INTO CNT_FIELD_DEFINITION
 (ID, REVISION, PARENT_ID, FIELD_ID, COLUMN_NAME, COLUMN_TYPE, REPORT_COLUMN_NAME, PRODUCT_FIELD, FIELD_TYPE, ENTITY_LOOKUP, ENTITY_LOOKUP_KEY, ORDER_BY, GENERATOR, REFER_TABLE, KEY_COLUMN, LOOKUP_COLUMN, MANDATORY, MIN_LENGTH, MAX_LENGTH, MIN_VALUE, MAX_VALUE, CONSTANT_VALUE, UNIQUE_KEY, CREATE_USER, CREATED_ON, LINE_NO, MANAGED, FIELD_PATH, DATA_TYPE, DATA1, DATA2, TRANSITIVE_FIELDS, FORMULA, ENTITY_LOOKUP_TYPE)
VALUES ('f6a5d6cd66fc4f45a6dd5fc712bb9617', 0, '33cd168d3a1448cdabf8e2224315d651', 'custDecimal1', 'CUST_DECIMAL1', 'NUMBER(25, 5)', 'CUSTOM_FIELD_DECIMAL1', 0, 'decimal-rate', '', '', '', '', '', '', '', 0, NULL, 20, NULL, NULL, '', '', 'system', systimestamp, '33', 0, 'entity.briefImage.custDecimal1', '', '', '', '', '', '');
INSERT INTO CNT_FIELD_DEFINITION
 (ID, REVISION, PARENT_ID, FIELD_ID, COLUMN_NAME, COLUMN_TYPE, REPORT_COLUMN_NAME, PRODUCT_FIELD, FIELD_TYPE, ENTITY_LOOKUP, ENTITY_LOOKUP_KEY, ORDER_BY, GENERATOR, REFER_TABLE, KEY_COLUMN, LOOKUP_COLUMN, MANDATORY, MIN_LENGTH, MAX_LENGTH, MIN_VALUE, MAX_VALUE, CONSTANT_VALUE, UNIQUE_KEY, CREATE_USER, CREATED_ON, LINE_NO, MANAGED, FIELD_PATH, DATA_TYPE, DATA1, DATA2, TRANSITIVE_FIELDS, FORMULA, ENTITY_LOOKUP_TYPE)
VALUES ('dea2ed29e57e4766b078f3dc89853e5e', 0, '33cd168d3a1448cdabf8e2224315d651', 'custDecimal2', 'CUST_DECIMAL2', 'NUMBER(25, 5)', 'CUSTOM_FIELD_DECIMAL2', 0, 'decimal-rate', '', '', '', '', '', '', '', 0, NULL, 20, NULL, NULL, '', '', 'system', systimestamp, '34', 0, 'entity.briefImage.custDecimal2', '', '', '', '', '', '');
INSERT INTO CNT_FIELD_DEFINITION
 (ID, REVISION, PARENT_ID, FIELD_ID, COLUMN_NAME, COLUMN_TYPE, REPORT_COLUMN_NAME, PRODUCT_FIELD, FIELD_TYPE, ENTITY_LOOKUP, ENTITY_LOOKUP_KEY, ORDER_BY, GENERATOR, REFER_TABLE, KEY_COLUMN, LOOKUP_COLUMN, MANDATORY, MIN_LENGTH, MAX_LENGTH, MIN_VALUE, MAX_VALUE, CONSTANT_VALUE, UNIQUE_KEY, CREATE_USER, CREATED_ON, LINE_NO, MANAGED, FIELD_PATH, DATA_TYPE, DATA1, DATA2, TRANSITIVE_FIELDS, FORMULA, ENTITY_LOOKUP_TYPE)
VALUES ('b877b4167f7645a5a9ae79cf2abc948a', 0, '33cd168d3a1448cdabf8e2224315d651', 'custDecimal3', 'CUST_DECIMAL3', 'NUMBER(25, 5)', 'CUSTOM_FIELD_DECIMAL3', 0, 'decimal-rate', '', '', '', '', '', '', '', 0, NULL, 20, NULL, NULL, '', '', 'system', systimestamp, '35', 0, 'entity.briefImage.custDecimal3', '', '', '', '', '', '');
INSERT INTO CNT_FIELD_DEFINITION
 (ID, REVISION, PARENT_ID, FIELD_ID, COLUMN_NAME, COLUMN_TYPE, REPORT_COLUMN_NAME, PRODUCT_FIELD, FIELD_TYPE, ENTITY_LOOKUP, ENTITY_LOOKUP_KEY, ORDER_BY, GENERATOR, REFER_TABLE, KEY_COLUMN, LOOKUP_COLUMN, MANDATORY, MIN_LENGTH, MAX_LENGTH, MIN_VALUE, MAX_VALUE, CONSTANT_VALUE, UNIQUE_KEY, CREATE_USER, CREATED_ON, LINE_NO, MANAGED, FIELD_PATH, DATA_TYPE, DATA1, DATA2, TRANSITIVE_FIELDS, FORMULA, ENTITY_LOOKUP_TYPE)
VALUES ('d714337b14bf44f29fde1718d0085709', 0, '33cd168d3a1448cdabf8e2224315d651', 'custDecimal4', 'CUST_DECIMAL4', 'NUMBER(25, 5)', 'CUSTOM_FIELD_DECIMAL4', 0, 'decimal-rate', '', '', '', '', '', '', '', 0, NULL, 20, NULL, NULL, '', '', 'system', systimestamp, '36', 0, 'entity.briefImage.custDecimal4', '', '', '', '', '', '');
INSERT INTO CNT_FIELD_DEFINITION
 (ID, REVISION, PARENT_ID, FIELD_ID, COLUMN_NAME, COLUMN_TYPE, REPORT_COLUMN_NAME, PRODUCT_FIELD, FIELD_TYPE, ENTITY_LOOKUP, ENTITY_LOOKUP_KEY, ORDER_BY, GENERATOR, REFER_TABLE, KEY_COLUMN, LOOKUP_COLUMN, MANDATORY, MIN_LENGTH, MAX_LENGTH, MIN_VALUE, MAX_VALUE, CONSTANT_VALUE, UNIQUE_KEY, CREATE_USER, CREATED_ON, LINE_NO, MANAGED, FIELD_PATH, DATA_TYPE, DATA1, DATA2, TRANSITIVE_FIELDS, FORMULA, ENTITY_LOOKUP_TYPE)
VALUES ('b051a354fbde4ff6876ae30d54e0ffd4', 0, '33cd168d3a1448cdabf8e2224315d651', 'custDecimal5', 'CUST_DECIMAL5', 'NUMBER(25, 5)', 'CUSTOM_FIELD_DECIMAL5', 0, 'decimal-rate', '', '', '', '', '', '', '', 0, NULL, 20, NULL, NULL, '', '', 'system', systimestamp, '37', 0, 'entity.briefImage.custDecimal5', '', '', '', '', '', '');
INSERT INTO CNT_FIELD_DEFINITION
 (ID, REVISION, PARENT_ID, FIELD_ID, COLUMN_NAME, COLUMN_TYPE, REPORT_COLUMN_NAME, PRODUCT_FIELD, FIELD_TYPE, ENTITY_LOOKUP, ENTITY_LOOKUP_KEY, ORDER_BY, GENERATOR, REFER_TABLE, KEY_COLUMN, LOOKUP_COLUMN, MANDATORY, MIN_LENGTH, MAX_LENGTH, MIN_VALUE, MAX_VALUE, CONSTANT_VALUE, UNIQUE_KEY, CREATE_USER, CREATED_ON, LINE_NO, MANAGED, FIELD_PATH, DATA_TYPE, DATA1, DATA2, TRANSITIVE_FIELDS, FORMULA, ENTITY_LOOKUP_TYPE)
VALUES ('e033e3b120c54429bd88759b528e1716', 0, '33cd168d3a1448cdabf8e2224315d651', 'custDecimal6', 'CUST_DECIMAL6', 'NUMBER(25, 5)', 'CUSTOM_FIELD_DECIMAL6', 0, 'decimal-rate', '', '', '', '', '', '', '', 0, NULL, 20, NULL, NULL, '', '', 'system', systimestamp, '38', 0, 'entity.briefImage.custDecimal6', '', '', '', '', '', '');
INSERT INTO CNT_FIELD_DEFINITION
 (ID, REVISION, PARENT_ID, FIELD_ID, COLUMN_NAME, COLUMN_TYPE, REPORT_COLUMN_NAME, PRODUCT_FIELD, FIELD_TYPE, ENTITY_LOOKUP, ENTITY_LOOKUP_KEY, ORDER_BY, GENERATOR, REFER_TABLE, KEY_COLUMN, LOOKUP_COLUMN, MANDATORY, MIN_LENGTH, MAX_LENGTH, MIN_VALUE, MAX_VALUE, CONSTANT_VALUE, UNIQUE_KEY, CREATE_USER, CREATED_ON, LINE_NO, MANAGED, FIELD_PATH, DATA_TYPE, DATA1, DATA2, TRANSITIVE_FIELDS, FORMULA, ENTITY_LOOKUP_TYPE)
VALUES ('23f29b9abe1e44dbab5372d82216c11c', 0, '33cd168d3a1448cdabf8e2224315d651', 'custDecimal7', 'CUST_DECIMAL7', 'NUMBER(25, 5)', 'CUSTOM_FIELD_DECIMAL7', 0, 'decimal-rate', '', '', '', '', '', '', '', 0, NULL, 20, NULL, NULL, '', '', 'system', systimestamp, '39', 0, 'entity.briefImage.custDecimal7', '', '', '', '', '', '');
INSERT INTO CNT_FIELD_DEFINITION
 (ID, REVISION, PARENT_ID, FIELD_ID, COLUMN_NAME, COLUMN_TYPE, REPORT_COLUMN_NAME, PRODUCT_FIELD, FIELD_TYPE, ENTITY_LOOKUP, ENTITY_LOOKUP_KEY, ORDER_BY, GENERATOR, REFER_TABLE, KEY_COLUMN, LOOKUP_COLUMN, MANDATORY, MIN_LENGTH, MAX_LENGTH, MIN_VALUE, MAX_VALUE, CONSTANT_VALUE, UNIQUE_KEY, CREATE_USER, CREATED_ON, LINE_NO, MANAGED, FIELD_PATH, DATA_TYPE, DATA1, DATA2, TRANSITIVE_FIELDS, FORMULA, ENTITY_LOOKUP_TYPE)
VALUES ('d1ce2824463b4a2c8ea22659c9339c30', 0, '33cd168d3a1448cdabf8e2224315d651', 'custCodelist1', 'CUST_CODELIST1', 'NVARCHAR2(400)', 'CUSTOM_FIELD_CODE_LIST_CODE1', 0, 'string-m', '', '', '', '', '', '', '', 0, NULL, 400, NULL, NULL, '', '', 'system', systimestamp, '40', 0, 'entity.briefImage.custCodelist1', 'codelist', '', '', '', '', '');
INSERT INTO CNT_FIELD_DEFINITION
 (ID, REVISION, PARENT_ID, FIELD_ID, COLUMN_NAME, COLUMN_TYPE, REPORT_COLUMN_NAME, PRODUCT_FIELD, FIELD_TYPE, ENTITY_LOOKUP, ENTITY_LOOKUP_KEY, ORDER_BY, GENERATOR, REFER_TABLE, KEY_COLUMN, LOOKUP_COLUMN, MANDATORY, MIN_LENGTH, MAX_LENGTH, MIN_VALUE, MAX_VALUE, CONSTANT_VALUE, UNIQUE_KEY, CREATE_USER, CREATED_ON, LINE_NO, MANAGED, FIELD_PATH, DATA_TYPE, DATA1, DATA2, TRANSITIVE_FIELDS, FORMULA, ENTITY_LOOKUP_TYPE)
VALUES ('94d0c05eb7374411a8c2e3dff421e14f', 0, '33cd168d3a1448cdabf8e2224315d651', 'custCodelist2', 'CUST_CODELIST2', 'NVARCHAR2(400)', 'CUSTOM_FIELD_CODE_LIST_CODE2', 0, 'string-m', '', '', '', '', '', '', '', 0, NULL, 400, NULL, NULL, '', '', 'system', systimestamp, '41', 0, 'entity.briefImage.custCodelist2', 'codelist', '', '', '', '', '');
INSERT INTO CNT_FIELD_DEFINITION
 (ID, REVISION, PARENT_ID, FIELD_ID, COLUMN_NAME, COLUMN_TYPE, REPORT_COLUMN_NAME, PRODUCT_FIELD, FIELD_TYPE, ENTITY_LOOKUP, ENTITY_LOOKUP_KEY, ORDER_BY, GENERATOR, REFER_TABLE, KEY_COLUMN, LOOKUP_COLUMN, MANDATORY, MIN_LENGTH, MAX_LENGTH, MIN_VALUE, MAX_VALUE, CONSTANT_VALUE, UNIQUE_KEY, CREATE_USER, CREATED_ON, LINE_NO, MANAGED, FIELD_PATH, DATA_TYPE, DATA1, DATA2, TRANSITIVE_FIELDS, FORMULA, ENTITY_LOOKUP_TYPE)
VALUES ('ebb5c29ed7324eb6bbe55357eff4c011', 0, '33cd168d3a1448cdabf8e2224315d651', 'custCodelist3', 'CUST_CODELIST3', 'NVARCHAR2(400)', 'CUSTOM_FIELD_CODE_LIST_CODE3', 0, 'string-m', '', '', '', '', '', '', '', 0, NULL, 400, NULL, NULL, '', '', 'system', systimestamp, '42', 0, 'entity.briefImage.custCodelist3', 'codelist', '', '', '', '', '');
INSERT INTO CNT_FIELD_DEFINITION
 (ID, REVISION, PARENT_ID, FIELD_ID, COLUMN_NAME, COLUMN_TYPE, REPORT_COLUMN_NAME, PRODUCT_FIELD, FIELD_TYPE, ENTITY_LOOKUP, ENTITY_LOOKUP_KEY, ORDER_BY, GENERATOR, REFER_TABLE, KEY_COLUMN, LOOKUP_COLUMN, MANDATORY, MIN_LENGTH, MAX_LENGTH, MIN_VALUE, MAX_VALUE, CONSTANT_VALUE, UNIQUE_KEY, CREATE_USER, CREATED_ON, LINE_NO, MANAGED, FIELD_PATH, DATA_TYPE, DATA1, DATA2, TRANSITIVE_FIELDS, FORMULA, ENTITY_LOOKUP_TYPE)
VALUES ('8e5a3a1d5fe4426582eb2ee0a5b4caa4', 0, '33cd168d3a1448cdabf8e2224315d651', 'custCodelist4', 'CUST_CODELIST4', 'NVARCHAR2(400)', 'CUSTOM_FIELD_CODE_LIST_CODE4', 0, 'string-m', '', '', '', '', '', '', '', 0, NULL, 400, NULL, NULL, '', '', 'system', systimestamp, '43', 0, 'entity.briefImage.custCodelist4', 'codelist', '', '', '', '', '');
INSERT INTO CNT_FIELD_DEFINITION
 (ID, REVISION, PARENT_ID, FIELD_ID, COLUMN_NAME, COLUMN_TYPE, REPORT_COLUMN_NAME, PRODUCT_FIELD, FIELD_TYPE, ENTITY_LOOKUP, ENTITY_LOOKUP_KEY, ORDER_BY, GENERATOR, REFER_TABLE, KEY_COLUMN, LOOKUP_COLUMN, MANDATORY, MIN_LENGTH, MAX_LENGTH, MIN_VALUE, MAX_VALUE, CONSTANT_VALUE, UNIQUE_KEY, CREATE_USER, CREATED_ON, LINE_NO, MANAGED, FIELD_PATH, DATA_TYPE, DATA1, DATA2, TRANSITIVE_FIELDS, FORMULA, ENTITY_LOOKUP_TYPE)
VALUES ('8fc870d3e06e43aeb25db05d9a918b27', 0, '33cd168d3a1448cdabf8e2224315d651', 'custCodelist5', 'CUST_CODELIST5', 'NVARCHAR2(400)', 'CUSTOM_FIELD_CODE_LIST_CODE5', 0, 'string-m', '', '', '', '', '', '', '', 0, NULL, 400, NULL, NULL, '', '', 'system', systimestamp, '44', 0, 'entity.briefImage.custCodelist5', 'codelist', '', '', '', '', '');
INSERT INTO CNT_FIELD_DEFINITION
 (ID, REVISION, PARENT_ID, FIELD_ID, COLUMN_NAME, COLUMN_TYPE, REPORT_COLUMN_NAME, PRODUCT_FIELD, FIELD_TYPE, ENTITY_LOOKUP, ENTITY_LOOKUP_KEY, ORDER_BY, GENERATOR, REFER_TABLE, KEY_COLUMN, LOOKUP_COLUMN, MANDATORY, MIN_LENGTH, MAX_LENGTH, MIN_VALUE, MAX_VALUE, CONSTANT_VALUE, UNIQUE_KEY, CREATE_USER, CREATED_ON, LINE_NO, MANAGED, FIELD_PATH, DATA_TYPE, DATA1, DATA2, TRANSITIVE_FIELDS, FORMULA, ENTITY_LOOKUP_TYPE)
VALUES ('ba69afa940da40dd852d126062796b33', 0, '33cd168d3a1448cdabf8e2224315d651', 'custCodelist6', 'CUST_CODELIST6', 'NVARCHAR2(400)', 'CUSTOM_FIELD_CODE_LIST_CODE6', 0, 'string-m', '', '', '', '', '', '', '', 0, NULL, 400, NULL, NULL, '', '', 'system', systimestamp, '45', 0, 'entity.briefImage.custCodelist6', 'codelist', '', '', '', '', '');
INSERT INTO CNT_FIELD_DEFINITION
 (ID, REVISION, PARENT_ID, FIELD_ID, COLUMN_NAME, COLUMN_TYPE, REPORT_COLUMN_NAME, PRODUCT_FIELD, FIELD_TYPE, ENTITY_LOOKUP, ENTITY_LOOKUP_KEY, ORDER_BY, GENERATOR, REFER_TABLE, KEY_COLUMN, LOOKUP_COLUMN, MANDATORY, MIN_LENGTH, MAX_LENGTH, MIN_VALUE, MAX_VALUE, CONSTANT_VALUE, UNIQUE_KEY, CREATE_USER, CREATED_ON, LINE_NO, MANAGED, FIELD_PATH, DATA_TYPE, DATA1, DATA2, TRANSITIVE_FIELDS, FORMULA, ENTITY_LOOKUP_TYPE)
VALUES ('6c99e7e4210d4c91a5d8b497df5f928e', 0, '33cd168d3a1448cdabf8e2224315d651', 'custCodelist7', 'CUST_CODELIST7', 'NVARCHAR2(400)', 'CUSTOM_FIELD_CODE_LIST_CODE7', 0, 'string-m', '', '', '', '', '', '', '', 0, NULL, 400, NULL, NULL, '', '', 'system', systimestamp, '46', 0, 'entity.briefImage.custCodelist7', 'codelist', '', '', '', '', '');
INSERT INTO CNT_FIELD_DEFINITION
 (ID, REVISION, PARENT_ID, FIELD_ID, COLUMN_NAME, COLUMN_TYPE, REPORT_COLUMN_NAME, PRODUCT_FIELD, FIELD_TYPE, ENTITY_LOOKUP, ENTITY_LOOKUP_KEY, ORDER_BY, GENERATOR, REFER_TABLE, KEY_COLUMN, LOOKUP_COLUMN, MANDATORY, MIN_LENGTH, MAX_LENGTH, MIN_VALUE, MAX_VALUE, CONSTANT_VALUE, UNIQUE_KEY, CREATE_USER, CREATED_ON, LINE_NO, MANAGED, FIELD_PATH, DATA_TYPE, DATA1, DATA2, TRANSITIVE_FIELDS, FORMULA, ENTITY_LOOKUP_TYPE)
VALUES ('94beb61eff2f47c0ae87adff267d3d15', 0, '33cd168d3a1448cdabf8e2224315d651', 'custMemoText1', 'CUST_MEMO_TEXT1', 'NVARCHAR2(1000)', 'CUSTOM_FIELD_MEMO_TEXT1', 0, 'string-l', '', '', '', '', '', '', '', 0, NULL, 1000, NULL, NULL, '', '', 'system', systimestamp, '47', 0, 'entity.briefImage.custMemoText1', '', '', '', '', '', '');
INSERT INTO CNT_FIELD_DEFINITION
 (ID, REVISION, PARENT_ID, FIELD_ID, COLUMN_NAME, COLUMN_TYPE, REPORT_COLUMN_NAME, PRODUCT_FIELD, FIELD_TYPE, ENTITY_LOOKUP, ENTITY_LOOKUP_KEY, ORDER_BY, GENERATOR, REFER_TABLE, KEY_COLUMN, LOOKUP_COLUMN, MANDATORY, MIN_LENGTH, MAX_LENGTH, MIN_VALUE, MAX_VALUE, CONSTANT_VALUE, UNIQUE_KEY, CREATE_USER, CREATED_ON, LINE_NO, MANAGED, FIELD_PATH, DATA_TYPE, DATA1, DATA2, TRANSITIVE_FIELDS, FORMULA, ENTITY_LOOKUP_TYPE)
VALUES ('ecd1d8461dd4400bb72925924315771e', 0, '33cd168d3a1448cdabf8e2224315d651', 'custMemoText2', 'CUST_MEMO_TEXT2', 'NVARCHAR2(1000)', 'CUSTOM_FIELD_MEMO_TEXT2', 0, 'string-l', '', '', '', '', '', '', '', 0, NULL, 1000, NULL, NULL, '', '', 'system', systimestamp, '48', 0, 'entity.briefImage.custMemoText2', '', '', '', '', '', '');
INSERT INTO CNT_FIELD_DEFINITION
 (ID, REVISION, PARENT_ID, FIELD_ID, COLUMN_NAME, COLUMN_TYPE, REPORT_COLUMN_NAME, PRODUCT_FIELD, FIELD_TYPE, ENTITY_LOOKUP, ENTITY_LOOKUP_KEY, ORDER_BY, GENERATOR, REFER_TABLE, KEY_COLUMN, LOOKUP_COLUMN, MANDATORY, MIN_LENGTH, MAX_LENGTH, MIN_VALUE, MAX_VALUE, CONSTANT_VALUE, UNIQUE_KEY, CREATE_USER, CREATED_ON, LINE_NO, MANAGED, FIELD_PATH, DATA_TYPE, DATA1, DATA2, TRANSITIVE_FIELDS, FORMULA, ENTITY_LOOKUP_TYPE)
VALUES ('49ebf4a6551042e3aa14b8c52537293b', 0, '33cd168d3a1448cdabf8e2224315d651', 'custMemoText3', 'CUST_MEMO_TEXT3', 'NVARCHAR2(1000)', 'CUSTOM_FIELD_MEMO_TEXT3', 0, 'string-l', '', '', '', '', '', '', '', 0, NULL, 1000, NULL, NULL, '', '', 'system', systimestamp, '49', 0, 'entity.briefImage.custMemoText3', '', '', '', '', '', '');
INSERT INTO CNT_FIELD_DEFINITION
 (ID, REVISION, PARENT_ID, FIELD_ID, COLUMN_NAME, COLUMN_TYPE, REPORT_COLUMN_NAME, PRODUCT_FIELD, FIELD_TYPE, ENTITY_LOOKUP, ENTITY_LOOKUP_KEY, ORDER_BY, GENERATOR, REFER_TABLE, KEY_COLUMN, LOOKUP_COLUMN, MANDATORY, MIN_LENGTH, MAX_LENGTH, MIN_VALUE, MAX_VALUE, CONSTANT_VALUE, UNIQUE_KEY, CREATE_USER, CREATED_ON, LINE_NO, MANAGED, FIELD_PATH, DATA_TYPE, DATA1, DATA2, TRANSITIVE_FIELDS, FORMULA, ENTITY_LOOKUP_TYPE)
VALUES ('fd3944f911ca467596f62bd1d9e57369', 0, '33cd168d3a1448cdabf8e2224315d651', 'custMemoText4', 'CUST_MEMO_TEXT4', 'NVARCHAR2(1000)', 'CUSTOM_FIELD_MEMO_TEXT4', 0, 'string-l', '', '', '', '', '', '', '', 0, NULL, 1000, NULL, NULL, '', '', 'system', systimestamp, '50', 0, 'entity.briefImage.custMemoText4', '', '', '', '', '', '');
INSERT INTO CNT_FIELD_DEFINITION
 (ID, REVISION, PARENT_ID, FIELD_ID, COLUMN_NAME, COLUMN_TYPE, REPORT_COLUMN_NAME, PRODUCT_FIELD, FIELD_TYPE, ENTITY_LOOKUP, ENTITY_LOOKUP_KEY, ORDER_BY, GENERATOR, REFER_TABLE, KEY_COLUMN, LOOKUP_COLUMN, MANDATORY, MIN_LENGTH, MAX_LENGTH, MIN_VALUE, MAX_VALUE, CONSTANT_VALUE, UNIQUE_KEY, CREATE_USER, CREATED_ON, LINE_NO, MANAGED, FIELD_PATH, DATA_TYPE, DATA1, DATA2, TRANSITIVE_FIELDS, FORMULA, ENTITY_LOOKUP_TYPE)
VALUES ('cefa1725a9bb4fa4905dba4a9ac46e1e', 0, '33cd168d3a1448cdabf8e2224315d651', 'custMemoText5', 'CUST_MEMO_TEXT5', 'NVARCHAR2(1000)', 'CUSTOM_FIELD_MEMO_TEXT5', 0, 'string-l', '', '', '', '', '', '', '', 0, NULL, 1000, NULL, NULL, '', '', 'system', systimestamp, '51', 0, 'entity.briefImage.custMemoText5', '', '', '', '', '', '');
INSERT INTO CNT_FIELD_DEFINITION
 (ID, REVISION, PARENT_ID, FIELD_ID, COLUMN_NAME, COLUMN_TYPE, REPORT_COLUMN_NAME, PRODUCT_FIELD, FIELD_TYPE, ENTITY_LOOKUP, ENTITY_LOOKUP_KEY, ORDER_BY, GENERATOR, REFER_TABLE, KEY_COLUMN, LOOKUP_COLUMN, MANDATORY, MIN_LENGTH, MAX_LENGTH, MIN_VALUE, MAX_VALUE, CONSTANT_VALUE, UNIQUE_KEY, CREATE_USER, CREATED_ON, LINE_NO, MANAGED, FIELD_PATH, DATA_TYPE, DATA1, DATA2, TRANSITIVE_FIELDS, FORMULA, ENTITY_LOOKUP_TYPE)
VALUES ('0a72c366515c466bb15f2453a58b5799', 0, '33cd168d3a1448cdabf8e2224315d651', 'custMemoText6', 'CUST_MEMO_TEXT6', 'NVARCHAR2(1000)', 'CUSTOM_FIELD_MEMO_TEXT6', 0, 'string-l', '', '', '', '', '', '', '', 0, NULL, 1000, NULL, NULL, '', '', 'system', systimestamp, '52', 0, 'entity.briefImage.custMemoText6', '', '', '', '', '', '');
INSERT INTO CNT_FIELD_DEFINITION
 (ID, REVISION, PARENT_ID, FIELD_ID, COLUMN_NAME, COLUMN_TYPE, REPORT_COLUMN_NAME, PRODUCT_FIELD, FIELD_TYPE, ENTITY_LOOKUP, ENTITY_LOOKUP_KEY, ORDER_BY, GENERATOR, REFER_TABLE, KEY_COLUMN, LOOKUP_COLUMN, MANDATORY, MIN_LENGTH, MAX_LENGTH, MIN_VALUE, MAX_VALUE, CONSTANT_VALUE, UNIQUE_KEY, CREATE_USER, CREATED_ON, LINE_NO, MANAGED, FIELD_PATH, DATA_TYPE, DATA1, DATA2, TRANSITIVE_FIELDS, FORMULA, ENTITY_LOOKUP_TYPE)
VALUES ('8e14a5e3add446119f45c3c2aae7f408', 0, '33cd168d3a1448cdabf8e2224315d651', 'custMemoText7', 'CUST_MEMO_TEXT7', 'NVARCHAR2(1000)', 'CUSTOM_FIELD_MEMO_TEXT7', 0, 'string-l', '', '', '', '', '', '', '', 0, NULL, 1000, NULL, NULL, '', '', 'system', systimestamp, '53', 0, 'entity.briefImage.custMemoText7', '', '', '', '', '', '');
INSERT INTO CNT_FIELD_DEFINITION
 (ID, REVISION, PARENT_ID, FIELD_ID, COLUMN_NAME, COLUMN_TYPE, REPORT_COLUMN_NAME, PRODUCT_FIELD, FIELD_TYPE, ENTITY_LOOKUP, ENTITY_LOOKUP_KEY, ORDER_BY, GENERATOR, REFER_TABLE, KEY_COLUMN, LOOKUP_COLUMN, MANDATORY, MIN_LENGTH, MAX_LENGTH, MIN_VALUE, MAX_VALUE, CONSTANT_VALUE, UNIQUE_KEY, CREATE_USER, CREATED_ON, LINE_NO, MANAGED, FIELD_PATH, DATA_TYPE, DATA1, DATA2, TRANSITIVE_FIELDS, FORMULA, ENTITY_LOOKUP_TYPE)
VALUES ('19bafac0d61d42b98a282905f86ed2e8', 0, '33cd168d3a1448cdabf8e2224315d651', 'custHcl1', 'CUST_HCL1_ID', 'CHAR(32)', 'CUSTOM_FIELD_HCL_CODE_SYS_ID1', 0, 'entity', 'HclNode', 'id', '', '', '', '', '', 0, 32, 32, NULL, NULL, '', '', 'system', systimestamp, '54', 0, 'entity.briefImage.custHcl1', '', '', '', '', '', '');
INSERT INTO CNT_FIELD_DEFINITION
 (ID, REVISION, PARENT_ID, FIELD_ID, COLUMN_NAME, COLUMN_TYPE, REPORT_COLUMN_NAME, PRODUCT_FIELD, FIELD_TYPE, ENTITY_LOOKUP, ENTITY_LOOKUP_KEY, ORDER_BY, GENERATOR, REFER_TABLE, KEY_COLUMN, LOOKUP_COLUMN, MANDATORY, MIN_LENGTH, MAX_LENGTH, MIN_VALUE, MAX_VALUE, CONSTANT_VALUE, UNIQUE_KEY, CREATE_USER, CREATED_ON, LINE_NO, MANAGED, FIELD_PATH, DATA_TYPE, DATA1, DATA2, TRANSITIVE_FIELDS, FORMULA, ENTITY_LOOKUP_TYPE)
VALUES ('68a1bd7d503d4c44bac932175fb852af', 0, '33cd168d3a1448cdabf8e2224315d651', 'custHcl2', 'CUST_HCL2_ID', 'CHAR(32)', 'CUSTOM_FIELD_HCL_CODE_SYS_ID2', 0, 'entity', 'HclNode', 'id', '', '', '', '', '', 0, 32, 32, NULL, NULL, '', '', 'system', systimestamp, '55', 0, 'entity.briefImage.custHcl2', '', '', '', '', '', '');
INSERT INTO CNT_FIELD_DEFINITION
 (ID, REVISION, PARENT_ID, FIELD_ID, COLUMN_NAME, COLUMN_TYPE, REPORT_COLUMN_NAME, PRODUCT_FIELD, FIELD_TYPE, ENTITY_LOOKUP, ENTITY_LOOKUP_KEY, ORDER_BY, GENERATOR, REFER_TABLE, KEY_COLUMN, LOOKUP_COLUMN, MANDATORY, MIN_LENGTH, MAX_LENGTH, MIN_VALUE, MAX_VALUE, CONSTANT_VALUE, UNIQUE_KEY, CREATE_USER, CREATED_ON, LINE_NO, MANAGED, FIELD_PATH, DATA_TYPE, DATA1, DATA2, TRANSITIVE_FIELDS, FORMULA, ENTITY_LOOKUP_TYPE)
VALUES ('0dcdd7d7365a42a78c273e8018f16449', 0, '33cd168d3a1448cdabf8e2224315d651', 'custHcl3', 'CUST_HCL3_ID', 'CHAR(32)', 'CUSTOM_FIELD_HCL_CODE_SYS_ID3', 0, 'entity', 'HclNode', 'id', '', '', '', '', '', 0, 32, 32, NULL, NULL, '', '', 'system', systimestamp, '56', 0, 'entity.briefImage.custHcl3', '', '', '', '', '', '');
INSERT INTO CNT_FIELD_DEFINITION
 (ID, REVISION, PARENT_ID, FIELD_ID, COLUMN_NAME, COLUMN_TYPE, REPORT_COLUMN_NAME, PRODUCT_FIELD, FIELD_TYPE, ENTITY_LOOKUP, ENTITY_LOOKUP_KEY, ORDER_BY, GENERATOR, REFER_TABLE, KEY_COLUMN, LOOKUP_COLUMN, MANDATORY, MIN_LENGTH, MAX_LENGTH, MIN_VALUE, MAX_VALUE, CONSTANT_VALUE, UNIQUE_KEY, CREATE_USER, CREATED_ON, LINE_NO, MANAGED, FIELD_PATH, DATA_TYPE, DATA1, DATA2, TRANSITIVE_FIELDS, FORMULA, ENTITY_LOOKUP_TYPE)
VALUES ('596c945314064c7cb1a82f324b9fff82', 0, '33cd168d3a1448cdabf8e2224315d651', 'custHcl4', 'CUST_HCL4_ID', 'CHAR(32)', 'CUSTOM_FIELD_HCL_CODE_SYS_ID4', 0, 'entity', 'HclNode', 'id', '', '', '', '', '', 0, 32, 32, NULL, NULL, '', '', 'system', systimestamp, '57', 0, 'entity.briefImage.custHcl4', '', '', '', '', '', '');
INSERT INTO CNT_FIELD_DEFINITION
 (ID, REVISION, PARENT_ID, FIELD_ID, COLUMN_NAME, COLUMN_TYPE, REPORT_COLUMN_NAME, PRODUCT_FIELD, FIELD_TYPE, ENTITY_LOOKUP, ENTITY_LOOKUP_KEY, ORDER_BY, GENERATOR, REFER_TABLE, KEY_COLUMN, LOOKUP_COLUMN, MANDATORY, MIN_LENGTH, MAX_LENGTH, MIN_VALUE, MAX_VALUE, CONSTANT_VALUE, UNIQUE_KEY, CREATE_USER, CREATED_ON, LINE_NO, MANAGED, FIELD_PATH, DATA_TYPE, DATA1, DATA2, TRANSITIVE_FIELDS, FORMULA, ENTITY_LOOKUP_TYPE)
VALUES ('be4d088a193140c4990aa2aadb9106eb', 0, '33cd168d3a1448cdabf8e2224315d651', 'custHcl5', 'CUST_HCL5_ID', 'CHAR(32)', 'CUSTOM_FIELD_HCL_CODE_SYS_ID5', 0, 'entity', 'HclNode', 'id', '', '', '', '', '', 0, 32, 32, NULL, NULL, '', '', 'system', systimestamp, '58', 0, 'entity.briefImage.custHcl5', '', '', '', '', '', '');
INSERT INTO CNT_FIELD_DEFINITION
 (ID, REVISION, PARENT_ID, FIELD_ID, COLUMN_NAME, COLUMN_TYPE, REPORT_COLUMN_NAME, PRODUCT_FIELD, FIELD_TYPE, ENTITY_LOOKUP, ENTITY_LOOKUP_KEY, ORDER_BY, GENERATOR, REFER_TABLE, KEY_COLUMN, LOOKUP_COLUMN, MANDATORY, MIN_LENGTH, MAX_LENGTH, MIN_VALUE, MAX_VALUE, CONSTANT_VALUE, UNIQUE_KEY, CREATE_USER, CREATED_ON, LINE_NO, MANAGED, FIELD_PATH, DATA_TYPE, DATA1, DATA2, TRANSITIVE_FIELDS, FORMULA, ENTITY_LOOKUP_TYPE)
VALUES ('350dbc1cef9e40c097e25126549c9a70', 0, '33cd168d3a1448cdabf8e2224315d651', 'fileRef', 'FILE_REF', 'NVARCHAR2(1000)', 'N/A', 1, 'string-l', '', '', '', '', '', '', '', 0, NULL, 1000, NULL, NULL, '', '', 'system', systimestamp, '59', 0, 'entity.briefImage.fileRef', '', '', '', '', '', '');
INSERT INTO CNT_FIELD_DEFINITION
 (ID, REVISION, PARENT_ID, FIELD_ID, COLUMN_NAME, COLUMN_TYPE, REPORT_COLUMN_NAME, PRODUCT_FIELD, FIELD_TYPE, ENTITY_LOOKUP, ENTITY_LOOKUP_KEY, ORDER_BY, GENERATOR, REFER_TABLE, KEY_COLUMN, LOOKUP_COLUMN, MANDATORY, MIN_LENGTH, MAX_LENGTH, MIN_VALUE, MAX_VALUE, CONSTANT_VALUE, UNIQUE_KEY, CREATE_USER, CREATED_ON, LINE_NO, MANAGED, FIELD_PATH, DATA_TYPE, DATA1, DATA2, TRANSITIVE_FIELDS, FORMULA, ENTITY_LOOKUP_TYPE)
VALUES ('80de557c2639441489350989f6933247', 0, '33cd168d3a1448cdabf8e2224315d651', 'fileVer', 'FILE_VER', 'NUMBER(20, 0)', 'N/A', 1, 'integer', '', '', '', '', '', '', '', 0, NULL, 18, NULL, NULL, '', '', 'system', systimestamp, '60', 0, 'entity.briefImage.fileVer', '', '', '', '', '', '');
INSERT INTO CNT_FIELD_DEFINITION
 (ID, REVISION, PARENT_ID, FIELD_ID, COLUMN_NAME, COLUMN_TYPE, REPORT_COLUMN_NAME, PRODUCT_FIELD, FIELD_TYPE, ENTITY_LOOKUP, ENTITY_LOOKUP_KEY, ORDER_BY, GENERATOR, REFER_TABLE, KEY_COLUMN, LOOKUP_COLUMN, MANDATORY, MIN_LENGTH, MAX_LENGTH, MIN_VALUE, MAX_VALUE, CONSTANT_VALUE, UNIQUE_KEY, CREATE_USER, CREATED_ON, LINE_NO, MANAGED, FIELD_PATH, DATA_TYPE, DATA1, DATA2, TRANSITIVE_FIELDS, FORMULA, ENTITY_LOOKUP_TYPE)
VALUES ('1135bc4828fd4537af2ecd3d577a95eb', 0, '33cd168d3a1448cdabf8e2224315d651', 'fileRef2', 'FILE_REF2', 'NVARCHAR2(1000)', 'N/A', 1, 'string-l', '', '', '', '', '', '', '', 0, NULL, 1000, NULL, NULL, '', '', 'system', systimestamp, '61', 0, 'entity.briefImage.fileRef2', '', '', '', '', '', '');
INSERT INTO CNT_FIELD_DEFINITION
 (ID, REVISION, PARENT_ID, FIELD_ID, COLUMN_NAME, COLUMN_TYPE, REPORT_COLUMN_NAME, PRODUCT_FIELD, FIELD_TYPE, ENTITY_LOOKUP, ENTITY_LOOKUP_KEY, ORDER_BY, GENERATOR, REFER_TABLE, KEY_COLUMN, LOOKUP_COLUMN, MANDATORY, MIN_LENGTH, MAX_LENGTH, MIN_VALUE, MAX_VALUE, CONSTANT_VALUE, UNIQUE_KEY, CREATE_USER, CREATED_ON, LINE_NO, MANAGED, FIELD_PATH, DATA_TYPE, DATA1, DATA2, TRANSITIVE_FIELDS, FORMULA, ENTITY_LOOKUP_TYPE)
VALUES ('c8a97bdd8449492a868178ca70990199', 0, '33cd168d3a1448cdabf8e2224315d651', 'imageTypeIdValue', 'IMAGE_TYPE_ID_VALUE', 'NVARCHAR2(1000)', 'N/A', 1, 'string-l', '', '', '', '', '', '', '', 0, NULL, 1000, NULL, NULL, '', '', 'system', systimestamp, '62', 0, 'entity.briefImage.imageTypeIdValue', '', '', '', '', '', '');
INSERT INTO CNT_FIELD_DEFINITION
 (ID, REVISION, PARENT_ID, FIELD_ID, COLUMN_NAME, COLUMN_TYPE, REPORT_COLUMN_NAME, PRODUCT_FIELD, FIELD_TYPE, ENTITY_LOOKUP, ENTITY_LOOKUP_KEY, ORDER_BY, GENERATOR, REFER_TABLE, KEY_COLUMN, LOOKUP_COLUMN, MANDATORY, MIN_LENGTH, MAX_LENGTH, MIN_VALUE, MAX_VALUE, CONSTANT_VALUE, UNIQUE_KEY, CREATE_USER, CREATED_ON, LINE_NO, MANAGED, FIELD_PATH, DATA_TYPE, DATA1, DATA2, TRANSITIVE_FIELDS, FORMULA, ENTITY_LOOKUP_TYPE)
VALUES ('7403bbd671154b90aa8ce5836baed7d4', 0, '33cd168d3a1448cdabf8e2224315d651', 'custCodelist1Name', 'CUST_CODELIST1_NAME', 'NVARCHAR2(400)', 'N/A', 0, 'string-m', '', '', '', '', '', '', '', 0, NULL, 400, NULL, NULL, '', '', 'system', systimestamp, '63', 0, 'entity.briefImage.custCodelist1Name', '', '', '', '', '', '');
INSERT INTO CNT_FIELD_DEFINITION
 (ID, REVISION, PARENT_ID, FIELD_ID, COLUMN_NAME, COLUMN_TYPE, REPORT_COLUMN_NAME, PRODUCT_FIELD, FIELD_TYPE, ENTITY_LOOKUP, ENTITY_LOOKUP_KEY, ORDER_BY, GENERATOR, REFER_TABLE, KEY_COLUMN, LOOKUP_COLUMN, MANDATORY, MIN_LENGTH, MAX_LENGTH, MIN_VALUE, MAX_VALUE, CONSTANT_VALUE, UNIQUE_KEY, CREATE_USER, CREATED_ON, LINE_NO, MANAGED, FIELD_PATH, DATA_TYPE, DATA1, DATA2, TRANSITIVE_FIELDS, FORMULA, ENTITY_LOOKUP_TYPE)
VALUES ('f9a779aaf44a4cdf9010009e44688993', 0, '33cd168d3a1448cdabf8e2224315d651', 'custCodelist2Name', 'CUST_CODELIST2_NAME', 'NVARCHAR2(400)', 'N/A', 0, 'string-m', '', '', '', '', '', '', '', 0, NULL, 400, NULL, NULL, '', '', 'system', systimestamp, '64', 0, 'entity.briefImage.custCodelist2Name', '', '', '', '', '', '');
INSERT INTO CNT_FIELD_DEFINITION
 (ID, REVISION, PARENT_ID, FIELD_ID, COLUMN_NAME, COLUMN_TYPE, REPORT_COLUMN_NAME, PRODUCT_FIELD, FIELD_TYPE, ENTITY_LOOKUP, ENTITY_LOOKUP_KEY, ORDER_BY, GENERATOR, REFER_TABLE, KEY_COLUMN, LOOKUP_COLUMN, MANDATORY, MIN_LENGTH, MAX_LENGTH, MIN_VALUE, MAX_VALUE, CONSTANT_VALUE, UNIQUE_KEY, CREATE_USER, CREATED_ON, LINE_NO, MANAGED, FIELD_PATH, DATA_TYPE, DATA1, DATA2, TRANSITIVE_FIELDS, FORMULA, ENTITY_LOOKUP_TYPE)
VALUES ('e7a80bbeded0488ebc4fc94de09eb202', 0, '33cd168d3a1448cdabf8e2224315d651', 'custCodelist3Name', 'CUST_CODELIST3_NAME', 'NVARCHAR2(400)', 'N/A', 0, 'string-m', '', '', '', '', '', '', '', 0, NULL, 400, NULL, NULL, '', '', 'system', systimestamp, '65', 0, 'entity.briefImage.custCodelist3Name', '', '', '', '', '', '');
INSERT INTO CNT_FIELD_DEFINITION
 (ID, REVISION, PARENT_ID, FIELD_ID, COLUMN_NAME, COLUMN_TYPE, REPORT_COLUMN_NAME, PRODUCT_FIELD, FIELD_TYPE, ENTITY_LOOKUP, ENTITY_LOOKUP_KEY, ORDER_BY, GENERATOR, REFER_TABLE, KEY_COLUMN, LOOKUP_COLUMN, MANDATORY, MIN_LENGTH, MAX_LENGTH, MIN_VALUE, MAX_VALUE, CONSTANT_VALUE, UNIQUE_KEY, CREATE_USER, CREATED_ON, LINE_NO, MANAGED, FIELD_PATH, DATA_TYPE, DATA1, DATA2, TRANSITIVE_FIELDS, FORMULA, ENTITY_LOOKUP_TYPE)
VALUES ('78b26f0f5da44c39b1a4bdb5b8ac2f75', 0, '33cd168d3a1448cdabf8e2224315d651', 'custCodelist4Name', 'CUST_CODELIST4_NAME', 'NVARCHAR2(400)', 'N/A', 0, 'string-m', '', '', '', '', '', '', '', 0, NULL, 400, NULL, NULL, '', '', 'system', systimestamp, '66', 0, 'entity.briefImage.custCodelist4Name', '', '', '', '', '', '');
INSERT INTO CNT_FIELD_DEFINITION
 (ID, REVISION, PARENT_ID, FIELD_ID, COLUMN_NAME, COLUMN_TYPE, REPORT_COLUMN_NAME, PRODUCT_FIELD, FIELD_TYPE, ENTITY_LOOKUP, ENTITY_LOOKUP_KEY, ORDER_BY, GENERATOR, REFER_TABLE, KEY_COLUMN, LOOKUP_COLUMN, MANDATORY, MIN_LENGTH, MAX_LENGTH, MIN_VALUE, MAX_VALUE, CONSTANT_VALUE, UNIQUE_KEY, CREATE_USER, CREATED_ON, LINE_NO, MANAGED, FIELD_PATH, DATA_TYPE, DATA1, DATA2, TRANSITIVE_FIELDS, FORMULA, ENTITY_LOOKUP_TYPE)
VALUES ('790aa9ab6032429a96dd661f6b0b7dfb', 0, '33cd168d3a1448cdabf8e2224315d651', 'custCodelist5Name', 'CUST_CODELIST5_NAME', 'NVARCHAR2(400)', 'N/A', 0, 'string-m', '', '', '', '', '', '', '', 0, NULL, 400, NULL, NULL, '', '', 'system', systimestamp, '67', 0, 'entity.briefImage.custCodelist5Name', '', '', '', '', '', '');
INSERT INTO CNT_FIELD_DEFINITION
 (ID, REVISION, PARENT_ID, FIELD_ID, COLUMN_NAME, COLUMN_TYPE, REPORT_COLUMN_NAME, PRODUCT_FIELD, FIELD_TYPE, ENTITY_LOOKUP, ENTITY_LOOKUP_KEY, ORDER_BY, GENERATOR, REFER_TABLE, KEY_COLUMN, LOOKUP_COLUMN, MANDATORY, MIN_LENGTH, MAX_LENGTH, MIN_VALUE, MAX_VALUE, CONSTANT_VALUE, UNIQUE_KEY, CREATE_USER, CREATED_ON, LINE_NO, MANAGED, FIELD_PATH, DATA_TYPE, DATA1, DATA2, TRANSITIVE_FIELDS, FORMULA, ENTITY_LOOKUP_TYPE)
VALUES ('630db9bc7cce4cabba0d9adbe08a6c33', 0, '33cd168d3a1448cdabf8e2224315d651', 'custCodelist6Name', 'CUST_CODELIST6_NAME', 'NVARCHAR2(400)', 'N/A', 0, 'string-m', '', '', '', '', '', '', '', 0, NULL, 400, NULL, NULL, '', '', 'system', systimestamp, '68', 0, 'entity.briefImage.custCodelist6Name', '', '', '', '', '', '');
INSERT INTO CNT_FIELD_DEFINITION
 (ID, REVISION, PARENT_ID, FIELD_ID, COLUMN_NAME, COLUMN_TYPE, REPORT_COLUMN_NAME, PRODUCT_FIELD, FIELD_TYPE, ENTITY_LOOKUP, ENTITY_LOOKUP_KEY, ORDER_BY, GENERATOR, REFER_TABLE, KEY_COLUMN, LOOKUP_COLUMN, MANDATORY, MIN_LENGTH, MAX_LENGTH, MIN_VALUE, MAX_VALUE, CONSTANT_VALUE, UNIQUE_KEY, CREATE_USER, CREATED_ON, LINE_NO, MANAGED, FIELD_PATH, DATA_TYPE, DATA1, DATA2, TRANSITIVE_FIELDS, FORMULA, ENTITY_LOOKUP_TYPE)
VALUES ('fb320bb1ddec4fc0af80a3a502c8fbb8', 0, '33cd168d3a1448cdabf8e2224315d651', 'custCodelist7Name', 'CUST_CODELIST7_NAME', 'NVARCHAR2(400)', 'N/A', 0, 'string-m', '', '', '', '', '', '', '', 0, NULL, 400, NULL, NULL, '', '', 'system', systimestamp, '69', 0, 'entity.briefImage.custCodelist7Name', '', '', '', '', '', '');
INSERT INTO CNT_FIELD_DEFINITION
 (ID, REVISION, PARENT_ID, FIELD_ID, COLUMN_NAME, COLUMN_TYPE, REPORT_COLUMN_NAME, PRODUCT_FIELD, FIELD_TYPE, ENTITY_LOOKUP, ENTITY_LOOKUP_KEY, ORDER_BY, GENERATOR, REFER_TABLE, KEY_COLUMN, LOOKUP_COLUMN, MANDATORY, MIN_LENGTH, MAX_LENGTH, MIN_VALUE, MAX_VALUE, CONSTANT_VALUE, UNIQUE_KEY, CREATE_USER, CREATED_ON, LINE_NO, MANAGED, FIELD_PATH, DATA_TYPE, DATA1, DATA2, TRANSITIVE_FIELDS, FORMULA, ENTITY_LOOKUP_TYPE)
VALUES ('6f5d48a935b54bf086031ec9a8b70bea', 0, '33cd168d3a1448cdabf8e2224315d651', 'custHcl1Ref', 'CUST_HCL1_REF', 'NVARCHAR2(1000)', 'N/A', 0, 'string-l', '', '', '', '', '', '', '', 0, NULL, 1000, NULL, NULL, '', '', 'system', systimestamp, '70', 0, 'entity.briefImage.custHcl1Ref', '', '', '', '', '', '');
INSERT INTO CNT_FIELD_DEFINITION
 (ID, REVISION, PARENT_ID, FIELD_ID, COLUMN_NAME, COLUMN_TYPE, REPORT_COLUMN_NAME, PRODUCT_FIELD, FIELD_TYPE, ENTITY_LOOKUP, ENTITY_LOOKUP_KEY, ORDER_BY, GENERATOR, REFER_TABLE, KEY_COLUMN, LOOKUP_COLUMN, MANDATORY, MIN_LENGTH, MAX_LENGTH, MIN_VALUE, MAX_VALUE, CONSTANT_VALUE, UNIQUE_KEY, CREATE_USER, CREATED_ON, LINE_NO, MANAGED, FIELD_PATH, DATA_TYPE, DATA1, DATA2, TRANSITIVE_FIELDS, FORMULA, ENTITY_LOOKUP_TYPE)
VALUES ('f04d13989d4743a19f9a9a0391ea61b1', 0, '33cd168d3a1448cdabf8e2224315d651', 'custHcl1Ver', 'CUST_HCL1_VER', 'NUMBER(20, 0)', 'N/A', 0, 'integer', '', '', '', '', '', '', '', 0, NULL, 18, NULL, NULL, '', '', 'system', systimestamp, '71', 0, 'entity.briefImage.custHcl1Ver', '', '', '', '', '', '');
INSERT INTO CNT_FIELD_DEFINITION
 (ID, REVISION, PARENT_ID, FIELD_ID, COLUMN_NAME, COLUMN_TYPE, REPORT_COLUMN_NAME, PRODUCT_FIELD, FIELD_TYPE, ENTITY_LOOKUP, ENTITY_LOOKUP_KEY, ORDER_BY, GENERATOR, REFER_TABLE, KEY_COLUMN, LOOKUP_COLUMN, MANDATORY, MIN_LENGTH, MAX_LENGTH, MIN_VALUE, MAX_VALUE, CONSTANT_VALUE, UNIQUE_KEY, CREATE_USER, CREATED_ON, LINE_NO, MANAGED, FIELD_PATH, DATA_TYPE, DATA1, DATA2, TRANSITIVE_FIELDS, FORMULA, ENTITY_LOOKUP_TYPE)
VALUES ('a027aba634df4eefaf3db18470a4505f', 0, '33cd168d3a1448cdabf8e2224315d651', 'custHcl1Ref2', 'CUST_HCL1_REF2', 'NVARCHAR2(1000)', 'N/A', 0, 'string-l', '', '', '', '', '', '', '', 0, NULL, 1000, NULL, NULL, '', '', 'system', systimestamp, '72', 0, 'entity.briefImage.custHcl1Ref2', '', '', '', '', '', '');
INSERT INTO CNT_FIELD_DEFINITION
 (ID, REVISION, PARENT_ID, FIELD_ID, COLUMN_NAME, COLUMN_TYPE, REPORT_COLUMN_NAME, PRODUCT_FIELD, FIELD_TYPE, ENTITY_LOOKUP, ENTITY_LOOKUP_KEY, ORDER_BY, GENERATOR, REFER_TABLE, KEY_COLUMN, LOOKUP_COLUMN, MANDATORY, MIN_LENGTH, MAX_LENGTH, MIN_VALUE, MAX_VALUE, CONSTANT_VALUE, UNIQUE_KEY, CREATE_USER, CREATED_ON, LINE_NO, MANAGED, FIELD_PATH, DATA_TYPE, DATA1, DATA2, TRANSITIVE_FIELDS, FORMULA, ENTITY_LOOKUP_TYPE)
VALUES ('f9932ac17b684b39bb98faa42878f0a8', 0, '33cd168d3a1448cdabf8e2224315d651', 'custHcl1FullLineage', 'CUST_HCL1_FULL_LINEAGE', 'NVARCHAR2(1000)', 'N/A', 0, 'string-l', '', '', '', '', '', '', '', 0, NULL, 1000, NULL, NULL, '', '', 'system', systimestamp, '73', 0, 'entity.briefImage.custHcl1FullLineage', '', '', '', '', '', '');
INSERT INTO CNT_FIELD_DEFINITION
 (ID, REVISION, PARENT_ID, FIELD_ID, COLUMN_NAME, COLUMN_TYPE, REPORT_COLUMN_NAME, PRODUCT_FIELD, FIELD_TYPE, ENTITY_LOOKUP, ENTITY_LOOKUP_KEY, ORDER_BY, GENERATOR, REFER_TABLE, KEY_COLUMN, LOOKUP_COLUMN, MANDATORY, MIN_LENGTH, MAX_LENGTH, MIN_VALUE, MAX_VALUE, CONSTANT_VALUE, UNIQUE_KEY, CREATE_USER, CREATED_ON, LINE_NO, MANAGED, FIELD_PATH, DATA_TYPE, DATA1, DATA2, TRANSITIVE_FIELDS, FORMULA, ENTITY_LOOKUP_TYPE)
VALUES ('d3c886d91e2d418ca9b2a096ea754f7b', 0, '33cd168d3a1448cdabf8e2224315d651', 'custHcl2Ref', 'CUST_HCL2_REF', 'NVARCHAR2(1000)', 'N/A', 0, 'string-l', '', '', '', '', '', '', '', 0, NULL, 1000, NULL, NULL, '', '', 'system', systimestamp, '74', 0, 'entity.briefImage.custHcl2Ref', '', '', '', '', '', '');
INSERT INTO CNT_FIELD_DEFINITION
 (ID, REVISION, PARENT_ID, FIELD_ID, COLUMN_NAME, COLUMN_TYPE, REPORT_COLUMN_NAME, PRODUCT_FIELD, FIELD_TYPE, ENTITY_LOOKUP, ENTITY_LOOKUP_KEY, ORDER_BY, GENERATOR, REFER_TABLE, KEY_COLUMN, LOOKUP_COLUMN, MANDATORY, MIN_LENGTH, MAX_LENGTH, MIN_VALUE, MAX_VALUE, CONSTANT_VALUE, UNIQUE_KEY, CREATE_USER, CREATED_ON, LINE_NO, MANAGED, FIELD_PATH, DATA_TYPE, DATA1, DATA2, TRANSITIVE_FIELDS, FORMULA, ENTITY_LOOKUP_TYPE)
VALUES ('669cdac7ffc0484b9b50c7468715aefb', 0, '33cd168d3a1448cdabf8e2224315d651', 'custHcl2Ver', 'CUST_HCL2_VER', 'NUMBER(20, 0)', 'N/A', 0, 'integer', '', '', '', '', '', '', '', 0, NULL, 18, NULL, NULL, '', '', 'system', systimestamp, '75', 0, 'entity.briefImage.custHcl2Ver', '', '', '', '', '', '');
INSERT INTO CNT_FIELD_DEFINITION
 (ID, REVISION, PARENT_ID, FIELD_ID, COLUMN_NAME, COLUMN_TYPE, REPORT_COLUMN_NAME, PRODUCT_FIELD, FIELD_TYPE, ENTITY_LOOKUP, ENTITY_LOOKUP_KEY, ORDER_BY, GENERATOR, REFER_TABLE, KEY_COLUMN, LOOKUP_COLUMN, MANDATORY, MIN_LENGTH, MAX_LENGTH, MIN_VALUE, MAX_VALUE, CONSTANT_VALUE, UNIQUE_KEY, CREATE_USER, CREATED_ON, LINE_NO, MANAGED, FIELD_PATH, DATA_TYPE, DATA1, DATA2, TRANSITIVE_FIELDS, FORMULA, ENTITY_LOOKUP_TYPE)
VALUES ('6ef7ea8461f84b07bc78f33a161305b3', 0, '33cd168d3a1448cdabf8e2224315d651', 'custHcl2Ref2', 'CUST_HCL2_REF2', 'NVARCHAR2(1000)', 'N/A', 0, 'string-l', '', '', '', '', '', '', '', 0, NULL, 1000, NULL, NULL, '', '', 'system', systimestamp, '76', 0, 'entity.briefImage.custHcl2Ref2', '', '', '', '', '', '');
INSERT INTO CNT_FIELD_DEFINITION
 (ID, REVISION, PARENT_ID, FIELD_ID, COLUMN_NAME, COLUMN_TYPE, REPORT_COLUMN_NAME, PRODUCT_FIELD, FIELD_TYPE, ENTITY_LOOKUP, ENTITY_LOOKUP_KEY, ORDER_BY, GENERATOR, REFER_TABLE, KEY_COLUMN, LOOKUP_COLUMN, MANDATORY, MIN_LENGTH, MAX_LENGTH, MIN_VALUE, MAX_VALUE, CONSTANT_VALUE, UNIQUE_KEY, CREATE_USER, CREATED_ON, LINE_NO, MANAGED, FIELD_PATH, DATA_TYPE, DATA1, DATA2, TRANSITIVE_FIELDS, FORMULA, ENTITY_LOOKUP_TYPE)
VALUES ('2d454b9e28fc4fba9b6fe47f105f9ac1', 0, '33cd168d3a1448cdabf8e2224315d651', 'custHcl2FullLineage', 'CUST_HCL2_FULL_LINEAGE', 'NVARCHAR2(1000)', 'N/A', 0, 'string-l', '', '', '', '', '', '', '', 0, NULL, 1000, NULL, NULL, '', '', 'system', systimestamp, '77', 0, 'entity.briefImage.custHcl2FullLineage', '', '', '', '', '', '');
INSERT INTO CNT_FIELD_DEFINITION
 (ID, REVISION, PARENT_ID, FIELD_ID, COLUMN_NAME, COLUMN_TYPE, REPORT_COLUMN_NAME, PRODUCT_FIELD, FIELD_TYPE, ENTITY_LOOKUP, ENTITY_LOOKUP_KEY, ORDER_BY, GENERATOR, REFER_TABLE, KEY_COLUMN, LOOKUP_COLUMN, MANDATORY, MIN_LENGTH, MAX_LENGTH, MIN_VALUE, MAX_VALUE, CONSTANT_VALUE, UNIQUE_KEY, CREATE_USER, CREATED_ON, LINE_NO, MANAGED, FIELD_PATH, DATA_TYPE, DATA1, DATA2, TRANSITIVE_FIELDS, FORMULA, ENTITY_LOOKUP_TYPE)
VALUES ('46f5e4090cb2400e8413f7626873febe', 0, '33cd168d3a1448cdabf8e2224315d651', 'custHcl3Ref', 'CUST_HCL3_REF', 'NVARCHAR2(1000)', 'N/A', 0, 'string-l', '', '', '', '', '', '', '', 0, NULL, 1000, NULL, NULL, '', '', 'system', systimestamp, '78', 0, 'entity.briefImage.custHcl3Ref', '', '', '', '', '', '');
INSERT INTO CNT_FIELD_DEFINITION
 (ID, REVISION, PARENT_ID, FIELD_ID, COLUMN_NAME, COLUMN_TYPE, REPORT_COLUMN_NAME, PRODUCT_FIELD, FIELD_TYPE, ENTITY_LOOKUP, ENTITY_LOOKUP_KEY, ORDER_BY, GENERATOR, REFER_TABLE, KEY_COLUMN, LOOKUP_COLUMN, MANDATORY, MIN_LENGTH, MAX_LENGTH, MIN_VALUE, MAX_VALUE, CONSTANT_VALUE, UNIQUE_KEY, CREATE_USER, CREATED_ON, LINE_NO, MANAGED, FIELD_PATH, DATA_TYPE, DATA1, DATA2, TRANSITIVE_FIELDS, FORMULA, ENTITY_LOOKUP_TYPE)
VALUES ('37b96272516e44359f9bfa1674a9d4c4', 0, '33cd168d3a1448cdabf8e2224315d651', 'custHcl3Ver', 'CUST_HCL3_VER', 'NUMBER(20, 0)', 'N/A', 0, 'integer', '', '', '', '', '', '', '', 0, NULL, 18, NULL, NULL, '', '', 'system', systimestamp, '79', 0, 'entity.briefImage.custHcl3Ver', '', '', '', '', '', '');
INSERT INTO CNT_FIELD_DEFINITION
 (ID, REVISION, PARENT_ID, FIELD_ID, COLUMN_NAME, COLUMN_TYPE, REPORT_COLUMN_NAME, PRODUCT_FIELD, FIELD_TYPE, ENTITY_LOOKUP, ENTITY_LOOKUP_KEY, ORDER_BY, GENERATOR, REFER_TABLE, KEY_COLUMN, LOOKUP_COLUMN, MANDATORY, MIN_LENGTH, MAX_LENGTH, MIN_VALUE, MAX_VALUE, CONSTANT_VALUE, UNIQUE_KEY, CREATE_USER, CREATED_ON, LINE_NO, MANAGED, FIELD_PATH, DATA_TYPE, DATA1, DATA2, TRANSITIVE_FIELDS, FORMULA, ENTITY_LOOKUP_TYPE)
VALUES ('e90f2bedea0e4dab8422dbac7a8addde', 0, '33cd168d3a1448cdabf8e2224315d651', 'custHcl3Ref2', 'CUST_HCL3_REF2', 'NVARCHAR2(1000)', 'N/A', 0, 'string-l', '', '', '', '', '', '', '', 0, NULL, 1000, NULL, NULL, '', '', 'system', systimestamp, '80', 0, 'entity.briefImage.custHcl3Ref2', '', '', '', '', '', '');
INSERT INTO CNT_FIELD_DEFINITION
 (ID, REVISION, PARENT_ID, FIELD_ID, COLUMN_NAME, COLUMN_TYPE, REPORT_COLUMN_NAME, PRODUCT_FIELD, FIELD_TYPE, ENTITY_LOOKUP, ENTITY_LOOKUP_KEY, ORDER_BY, GENERATOR, REFER_TABLE, KEY_COLUMN, LOOKUP_COLUMN, MANDATORY, MIN_LENGTH, MAX_LENGTH, MIN_VALUE, MAX_VALUE, CONSTANT_VALUE, UNIQUE_KEY, CREATE_USER, CREATED_ON, LINE_NO, MANAGED, FIELD_PATH, DATA_TYPE, DATA1, DATA2, TRANSITIVE_FIELDS, FORMULA, ENTITY_LOOKUP_TYPE)
VALUES ('0456b1c5765d43a2bdcd2e30c0c504d6', 0, '33cd168d3a1448cdabf8e2224315d651', 'custHcl3FullLineage', 'CUST_HCL3_FULL_LINEAGE', 'NVARCHAR2(1000)', 'N/A', 0, 'string-l', '', '', '', '', '', '', '', 0, NULL, 1000, NULL, NULL, '', '', 'system', systimestamp, '81', 0, 'entity.briefImage.custHcl3FullLineage', '', '', '', '', '', '');
INSERT INTO CNT_FIELD_DEFINITION
 (ID, REVISION, PARENT_ID, FIELD_ID, COLUMN_NAME, COLUMN_TYPE, REPORT_COLUMN_NAME, PRODUCT_FIELD, FIELD_TYPE, ENTITY_LOOKUP, ENTITY_LOOKUP_KEY, ORDER_BY, GENERATOR, REFER_TABLE, KEY_COLUMN, LOOKUP_COLUMN, MANDATORY, MIN_LENGTH, MAX_LENGTH, MIN_VALUE, MAX_VALUE, CONSTANT_VALUE, UNIQUE_KEY, CREATE_USER, CREATED_ON, LINE_NO, MANAGED, FIELD_PATH, DATA_TYPE, DATA1, DATA2, TRANSITIVE_FIELDS, FORMULA, ENTITY_LOOKUP_TYPE)
VALUES ('2d615b4f746e45289cc96e224d028e97', 0, '33cd168d3a1448cdabf8e2224315d651', 'custHcl4Ref', 'CUST_HCL4_REF', 'NVARCHAR2(1000)', 'N/A', 0, 'string-l', '', '', '', '', '', '', '', 0, NULL, 1000, NULL, NULL, '', '', 'system', systimestamp, '82', 0, 'entity.briefImage.custHcl4Ref', '', '', '', '', '', '');
INSERT INTO CNT_FIELD_DEFINITION
 (ID, REVISION, PARENT_ID, FIELD_ID, COLUMN_NAME, COLUMN_TYPE, REPORT_COLUMN_NAME, PRODUCT_FIELD, FIELD_TYPE, ENTITY_LOOKUP, ENTITY_LOOKUP_KEY, ORDER_BY, GENERATOR, REFER_TABLE, KEY_COLUMN, LOOKUP_COLUMN, MANDATORY, MIN_LENGTH, MAX_LENGTH, MIN_VALUE, MAX_VALUE, CONSTANT_VALUE, UNIQUE_KEY, CREATE_USER, CREATED_ON, LINE_NO, MANAGED, FIELD_PATH, DATA_TYPE, DATA1, DATA2, TRANSITIVE_FIELDS, FORMULA, ENTITY_LOOKUP_TYPE)
VALUES ('1b5a6b1ec8d24ef4ad62b6e7c33f5d96', 0, '33cd168d3a1448cdabf8e2224315d651', 'custHcl4Ver', 'CUST_HCL4_VER', 'NUMBER(20, 0)', 'N/A', 0, 'integer', '', '', '', '', '', '', '', 0, NULL, 18, NULL, NULL, '', '', 'system', systimestamp, '83', 0, 'entity.briefImage.custHcl4Ver', '', '', '', '', '', '');
INSERT INTO CNT_FIELD_DEFINITION
 (ID, REVISION, PARENT_ID, FIELD_ID, COLUMN_NAME, COLUMN_TYPE, REPORT_COLUMN_NAME, PRODUCT_FIELD, FIELD_TYPE, ENTITY_LOOKUP, ENTITY_LOOKUP_KEY, ORDER_BY, GENERATOR, REFER_TABLE, KEY_COLUMN, LOOKUP_COLUMN, MANDATORY, MIN_LENGTH, MAX_LENGTH, MIN_VALUE, MAX_VALUE, CONSTANT_VALUE, UNIQUE_KEY, CREATE_USER, CREATED_ON, LINE_NO, MANAGED, FIELD_PATH, DATA_TYPE, DATA1, DATA2, TRANSITIVE_FIELDS, FORMULA, ENTITY_LOOKUP_TYPE)
VALUES ('41ff25e1a6f24741aa9df1b4290b8b45', 0, '33cd168d3a1448cdabf8e2224315d651', 'custHcl4Ref2', 'CUST_HCL4_REF2', 'NVARCHAR2(1000)', 'N/A', 0, 'string-l', '', '', '', '', '', '', '', 0, NULL, 1000, NULL, NULL, '', '', 'system', systimestamp, '84', 0, 'entity.briefImage.custHcl4Ref2', '', '', '', '', '', '');
INSERT INTO CNT_FIELD_DEFINITION
 (ID, REVISION, PARENT_ID, FIELD_ID, COLUMN_NAME, COLUMN_TYPE, REPORT_COLUMN_NAME, PRODUCT_FIELD, FIELD_TYPE, ENTITY_LOOKUP, ENTITY_LOOKUP_KEY, ORDER_BY, GENERATOR, REFER_TABLE, KEY_COLUMN, LOOKUP_COLUMN, MANDATORY, MIN_LENGTH, MAX_LENGTH, MIN_VALUE, MAX_VALUE, CONSTANT_VALUE, UNIQUE_KEY, CREATE_USER, CREATED_ON, LINE_NO, MANAGED, FIELD_PATH, DATA_TYPE, DATA1, DATA2, TRANSITIVE_FIELDS, FORMULA, ENTITY_LOOKUP_TYPE)
VALUES ('322bff4356154ca383d1d1d31fb86f34', 0, '33cd168d3a1448cdabf8e2224315d651', 'custHcl4FullLineage', 'CUST_HCL4_FULL_LINEAGE', 'NVARCHAR2(1000)', 'N/A', 0, 'string-l', '', '', '', '', '', '', '', 0, NULL, 1000, NULL, NULL, '', '', 'system', systimestamp, '85', 0, 'entity.briefImage.custHcl4FullLineage', '', '', '', '', '', '');
INSERT INTO CNT_FIELD_DEFINITION
 (ID, REVISION, PARENT_ID, FIELD_ID, COLUMN_NAME, COLUMN_TYPE, REPORT_COLUMN_NAME, PRODUCT_FIELD, FIELD_TYPE, ENTITY_LOOKUP, ENTITY_LOOKUP_KEY, ORDER_BY, GENERATOR, REFER_TABLE, KEY_COLUMN, LOOKUP_COLUMN, MANDATORY, MIN_LENGTH, MAX_LENGTH, MIN_VALUE, MAX_VALUE, CONSTANT_VALUE, UNIQUE_KEY, CREATE_USER, CREATED_ON, LINE_NO, MANAGED, FIELD_PATH, DATA_TYPE, DATA1, DATA2, TRANSITIVE_FIELDS, FORMULA, ENTITY_LOOKUP_TYPE)
VALUES ('840769372aec452aa4f4bf0df7eb96ab', 0, '33cd168d3a1448cdabf8e2224315d651', 'custHcl5Ref', 'CUST_HCL5_REF', 'NVARCHAR2(1000)', 'N/A', 0, 'string-l', '', '', '', '', '', '', '', 0, NULL, 1000, NULL, NULL, '', '', 'system', systimestamp, '86', 0, 'entity.briefImage.custHcl5Ref', '', '', '', '', '', '');
INSERT INTO CNT_FIELD_DEFINITION
 (ID, REVISION, PARENT_ID, FIELD_ID, COLUMN_NAME, COLUMN_TYPE, REPORT_COLUMN_NAME, PRODUCT_FIELD, FIELD_TYPE, ENTITY_LOOKUP, ENTITY_LOOKUP_KEY, ORDER_BY, GENERATOR, REFER_TABLE, KEY_COLUMN, LOOKUP_COLUMN, MANDATORY, MIN_LENGTH, MAX_LENGTH, MIN_VALUE, MAX_VALUE, CONSTANT_VALUE, UNIQUE_KEY, CREATE_USER, CREATED_ON, LINE_NO, MANAGED, FIELD_PATH, DATA_TYPE, DATA1, DATA2, TRANSITIVE_FIELDS, FORMULA, ENTITY_LOOKUP_TYPE)
VALUES ('9c98be4841c74afd912d0360eedde014', 0, '33cd168d3a1448cdabf8e2224315d651', 'custHcl5Ver', 'CUST_HCL5_VER', 'NUMBER(20, 0)', 'N/A', 0, 'integer', '', '', '', '', '', '', '', 0, NULL, 18, NULL, NULL, '', '', 'system', systimestamp, '87', 0, 'entity.briefImage.custHcl5Ver', '', '', '', '', '', '');
INSERT INTO CNT_FIELD_DEFINITION
 (ID, REVISION, PARENT_ID, FIELD_ID, COLUMN_NAME, COLUMN_TYPE, REPORT_COLUMN_NAME, PRODUCT_FIELD, FIELD_TYPE, ENTITY_LOOKUP, ENTITY_LOOKUP_KEY, ORDER_BY, GENERATOR, REFER_TABLE, KEY_COLUMN, LOOKUP_COLUMN, MANDATORY, MIN_LENGTH, MAX_LENGTH, MIN_VALUE, MAX_VALUE, CONSTANT_VALUE, UNIQUE_KEY, CREATE_USER, CREATED_ON, LINE_NO, MANAGED, FIELD_PATH, DATA_TYPE, DATA1, DATA2, TRANSITIVE_FIELDS, FORMULA, ENTITY_LOOKUP_TYPE)
VALUES ('016772bd4b5b4f6dad4d3756c26b086b', 0, '33cd168d3a1448cdabf8e2224315d651', 'custHcl5Ref2', 'CUST_HCL5_REF2', 'NVARCHAR2(1000)', 'N/A', 0, 'string-l', '', '', '', '', '', '', '', 0, NULL, 1000, NULL, NULL, '', '', 'system', systimestamp, '88', 0, 'entity.briefImage.custHcl5Ref2', '', '', '', '', '', '');
INSERT INTO CNT_FIELD_DEFINITION
 (ID, REVISION, PARENT_ID, FIELD_ID, COLUMN_NAME, COLUMN_TYPE, REPORT_COLUMN_NAME, PRODUCT_FIELD, FIELD_TYPE, ENTITY_LOOKUP, ENTITY_LOOKUP_KEY, ORDER_BY, GENERATOR, REFER_TABLE, KEY_COLUMN, LOOKUP_COLUMN, MANDATORY, MIN_LENGTH, MAX_LENGTH, MIN_VALUE, MAX_VALUE, CONSTANT_VALUE, UNIQUE_KEY, CREATE_USER, CREATED_ON, LINE_NO, MANAGED, FIELD_PATH, DATA_TYPE, DATA1, DATA2, TRANSITIVE_FIELDS, FORMULA, ENTITY_LOOKUP_TYPE)
VALUES ('86e55f4c57364db7ad2f1276432f25fb', 0, '33cd168d3a1448cdabf8e2224315d651', 'custHcl5FullLineage', 'CUST_HCL5_FULL_LINEAGE', 'NVARCHAR2(1000)', 'N/A', 0, 'string-l', '', '', '', '', '', '', '', 0, NULL, 1000, NULL, NULL, '', '', 'system', systimestamp, '89', 0, 'entity.briefImage.custHcl5FullLineage', '', '', '', '', '', '');
INSERT INTO CNT_ENTITY_DEFINITION
 (ID, REVISION, ENTITY_NAME, ENTITY_VERSION, PRODUCT_TABLE_NAME, CUSTOM_TABLE_NAME, REPORT_TABLE_NAME, MODULE, TYPE, REVISION_TRACKING, VERSION_TRACKING, HISTORY_ENTITY_NAME, REF_PATTERN, SYSTEM_ENTITY, CREATE_USER, CREATED_ON, IS_FOR_EXTERNAL)
VALUES ('68c84350a91e44c4b6b657ccb0ec3442', 0, 'BriefVendor', 1, 'CNT_BRIEF_VENDOR', 'CTM_BRIEF', 'BRIEF_PARTY_VENDORS', 'brief', 'inner', '', 'ALL', '', '${vendorId.businessName}', 0, 'system', systimestamp, 0);
INSERT INTO CNT_FIELD_DEFINITION
 (ID, REVISION, PARENT_ID, FIELD_ID, COLUMN_NAME, COLUMN_TYPE, REPORT_COLUMN_NAME, PRODUCT_FIELD, FIELD_TYPE, ENTITY_LOOKUP, ENTITY_LOOKUP_KEY, ORDER_BY, GENERATOR, REFER_TABLE, KEY_COLUMN, LOOKUP_COLUMN, MANDATORY, MIN_LENGTH, MAX_LENGTH, MIN_VALUE, MAX_VALUE, CONSTANT_VALUE, UNIQUE_KEY, CREATE_USER, CREATED_ON, LINE_NO, MANAGED, FIELD_PATH, DATA_TYPE, DATA1, DATA2, TRANSITIVE_FIELDS, FORMULA, ENTITY_LOOKUP_TYPE)
VALUES ('ca49d3bd7d9e49abb9c02bbc71c1fdc4', 0, '68c84350a91e44c4b6b657ccb0ec3442', 'id', 'ID', 'CHAR(32)', '', 1, 'id', '', '', '', 'com.core.cbx.data.generator.UUIDGenerator', '', '', '', 0, 32, 32, NULL, NULL, '', '', 'system', systimestamp, '0', 0, 'entity.briefVendor.id', '', '', '', '', '', '');
INSERT INTO CNT_FIELD_DEFINITION
 (ID, REVISION, PARENT_ID, FIELD_ID, COLUMN_NAME, COLUMN_TYPE, REPORT_COLUMN_NAME, PRODUCT_FIELD, FIELD_TYPE, ENTITY_LOOKUP, ENTITY_LOOKUP_KEY, ORDER_BY, GENERATOR, REFER_TABLE, KEY_COLUMN, LOOKUP_COLUMN, MANDATORY, MIN_LENGTH, MAX_LENGTH, MIN_VALUE, MAX_VALUE, CONSTANT_VALUE, UNIQUE_KEY, CREATE_USER, CREATED_ON, LINE_NO, MANAGED, FIELD_PATH, DATA_TYPE, DATA1, DATA2, TRANSITIVE_FIELDS, FORMULA, ENTITY_LOOKUP_TYPE)
VALUES ('25fff5086bbd4a5e81b0937dc7414ba0', 0, '68c84350a91e44c4b6b657ccb0ec3442', 'revision', 'REVISION', 'NUMBER(20, 0)', '', 1, 'integer', '', '', '', '', '', '', '', 0, NULL, 18, NULL, NULL, '', '', 'system', systimestamp, '1', 0, 'entity.briefVendor.revision', '', '', '', '', '', '');
INSERT INTO CNT_FIELD_DEFINITION
 (ID, REVISION, PARENT_ID, FIELD_ID, COLUMN_NAME, COLUMN_TYPE, REPORT_COLUMN_NAME, PRODUCT_FIELD, FIELD_TYPE, ENTITY_LOOKUP, ENTITY_LOOKUP_KEY, ORDER_BY, GENERATOR, REFER_TABLE, KEY_COLUMN, LOOKUP_COLUMN, MANDATORY, MIN_LENGTH, MAX_LENGTH, MIN_VALUE, MAX_VALUE, CONSTANT_VALUE, UNIQUE_KEY, CREATE_USER, CREATED_ON, LINE_NO, MANAGED, FIELD_PATH, DATA_TYPE, DATA1, DATA2, TRANSITIVE_FIELDS, FORMULA, ENTITY_LOOKUP_TYPE)
VALUES ('62987eeca8a54381b59b08a63c201b54', 0, '68c84350a91e44c4b6b657ccb0ec3442', 'entityVersion', 'ENTITY_VERSION', 'NUMBER(20, 0)', '', 1, 'integer', '', '', '', '', '', '', '', 0, NULL, 18, NULL, NULL, '', '', 'system', systimestamp, '2', 0, 'entity.briefVendor.entityVersion', '', '', '', '', '', '');
INSERT INTO CNT_FIELD_DEFINITION
 (ID, REVISION, PARENT_ID, FIELD_ID, COLUMN_NAME, COLUMN_TYPE, REPORT_COLUMN_NAME, PRODUCT_FIELD, FIELD_TYPE, ENTITY_LOOKUP, ENTITY_LOOKUP_KEY, ORDER_BY, GENERATOR, REFER_TABLE, KEY_COLUMN, LOOKUP_COLUMN, MANDATORY, MIN_LENGTH, MAX_LENGTH, MIN_VALUE, MAX_VALUE, CONSTANT_VALUE, UNIQUE_KEY, CREATE_USER, CREATED_ON, LINE_NO, MANAGED, FIELD_PATH, DATA_TYPE, DATA1, DATA2, TRANSITIVE_FIELDS, FORMULA, ENTITY_LOOKUP_TYPE)
VALUES ('33644647f7a741deb37ef0ad257ead6e', 0, '68c84350a91e44c4b6b657ccb0ec3442', 'domainId', 'DOMAIN_ID', 'NVARCHAR2(400)', '', 1, 'string-m', '', '', '', '', '', '', '', 0, NULL, 400, NULL, NULL, '', '', 'system', systimestamp, '3', 0, 'entity.briefVendor.domainId', '', '', '', '', '', '');
INSERT INTO CNT_FIELD_DEFINITION
 (ID, REVISION, PARENT_ID, FIELD_ID, COLUMN_NAME, COLUMN_TYPE, REPORT_COLUMN_NAME, PRODUCT_FIELD, FIELD_TYPE, ENTITY_LOOKUP, ENTITY_LOOKUP_KEY, ORDER_BY, GENERATOR, REFER_TABLE, KEY_COLUMN, LOOKUP_COLUMN, MANDATORY, MIN_LENGTH, MAX_LENGTH, MIN_VALUE, MAX_VALUE, CONSTANT_VALUE, UNIQUE_KEY, CREATE_USER, CREATED_ON, LINE_NO, MANAGED, FIELD_PATH, DATA_TYPE, DATA1, DATA2, TRANSITIVE_FIELDS, FORMULA, ENTITY_LOOKUP_TYPE)
VALUES ('e101a1be9ccf4b49b3678237db42defd', 0, '68c84350a91e44c4b6b657ccb0ec3442', 'hubDomainId', 'HUB_DOMAIN_ID', 'NVARCHAR2(400)', '', 1, 'string-m', '', '', '', '', '', '', '', 0, NULL, 400, NULL, NULL, '', '', 'system', systimestamp, '4', 0, 'entity.briefVendor.hubDomainId', '', '', '', '', '', '');
INSERT INTO CNT_FIELD_DEFINITION
 (ID, REVISION, PARENT_ID, FIELD_ID, COLUMN_NAME, COLUMN_TYPE, REPORT_COLUMN_NAME, PRODUCT_FIELD, FIELD_TYPE, ENTITY_LOOKUP, ENTITY_LOOKUP_KEY, ORDER_BY, GENERATOR, REFER_TABLE, KEY_COLUMN, LOOKUP_COLUMN, MANDATORY, MIN_LENGTH, MAX_LENGTH, MIN_VALUE, MAX_VALUE, CONSTANT_VALUE, UNIQUE_KEY, CREATE_USER, CREATED_ON, LINE_NO, MANAGED, FIELD_PATH, DATA_TYPE, DATA1, DATA2, TRANSITIVE_FIELDS, FORMULA, ENTITY_LOOKUP_TYPE)
VALUES ('4cc80cceced14baaadb4a64ca662112e', 0, '68c84350a91e44c4b6b657ccb0ec3442', 'isForReference', 'IS_FOR_REFERENCE', 'NUMBER(1,0)', '', 1, 'boolean', '', '', '', '', '', '', '', 0, NULL, NULL, NULL, NULL, '', '', 'system', systimestamp, '5', 0, 'entity.briefVendor.isForReference', '', '', '', '', '', '');
INSERT INTO CNT_FIELD_DEFINITION
 (ID, REVISION, PARENT_ID, FIELD_ID, COLUMN_NAME, COLUMN_TYPE, REPORT_COLUMN_NAME, PRODUCT_FIELD, FIELD_TYPE, ENTITY_LOOKUP, ENTITY_LOOKUP_KEY, ORDER_BY, GENERATOR, REFER_TABLE, KEY_COLUMN, LOOKUP_COLUMN, MANDATORY, MIN_LENGTH, MAX_LENGTH, MIN_VALUE, MAX_VALUE, CONSTANT_VALUE, UNIQUE_KEY, CREATE_USER, CREATED_ON, LINE_NO, MANAGED, FIELD_PATH, DATA_TYPE, DATA1, DATA2, TRANSITIVE_FIELDS, FORMULA, ENTITY_LOOKUP_TYPE)
VALUES ('4552ab112b1744cdb459ef6dcdbdbeec', 0, '68c84350a91e44c4b6b657ccb0ec3442', 'internalSeqNo', 'INTERNAL_SEQ_NO', 'NUMBER(20, 0)', 'n/a', 1, 'integer', '', '', '', '', '', '', '', 0, NULL, 18, NULL, NULL, '', '', 'system', systimestamp, '6', 0, 'entity.briefVendor.internalSeqNo', '', '', '', '', '', '');
INSERT INTO CNT_FIELD_DEFINITION
 (ID, REVISION, PARENT_ID, FIELD_ID, COLUMN_NAME, COLUMN_TYPE, REPORT_COLUMN_NAME, PRODUCT_FIELD, FIELD_TYPE, ENTITY_LOOKUP, ENTITY_LOOKUP_KEY, ORDER_BY, GENERATOR, REFER_TABLE, KEY_COLUMN, LOOKUP_COLUMN, MANDATORY, MIN_LENGTH, MAX_LENGTH, MIN_VALUE, MAX_VALUE, CONSTANT_VALUE, UNIQUE_KEY, CREATE_USER, CREATED_ON, LINE_NO, MANAGED, FIELD_PATH, DATA_TYPE, DATA1, DATA2, TRANSITIVE_FIELDS, FORMULA, ENTITY_LOOKUP_TYPE)
VALUES ('9296762b49c94b6aac4d26b5747eaf3c', 0, '68c84350a91e44c4b6b657ccb0ec3442', 'briefId', 'BRIEF_ID', 'CHAR(32)', 'BRIEF_SYS_ID', 1, 'id', '', '', '', '', '', '', '', 1, 32, 32, NULL, NULL, '', '', 'system', systimestamp, '7', 0, 'entity.briefVendor.briefId', '', '', '', '', '', '');
INSERT INTO CNT_FIELD_DEFINITION
 (ID, REVISION, PARENT_ID, FIELD_ID, COLUMN_NAME, COLUMN_TYPE, REPORT_COLUMN_NAME, PRODUCT_FIELD, FIELD_TYPE, ENTITY_LOOKUP, ENTITY_LOOKUP_KEY, ORDER_BY, GENERATOR, REFER_TABLE, KEY_COLUMN, LOOKUP_COLUMN, MANDATORY, MIN_LENGTH, MAX_LENGTH, MIN_VALUE, MAX_VALUE, CONSTANT_VALUE, UNIQUE_KEY, CREATE_USER, CREATED_ON, LINE_NO, MANAGED, FIELD_PATH, DATA_TYPE, DATA1, DATA2, TRANSITIVE_FIELDS, FORMULA, ENTITY_LOOKUP_TYPE)
VALUES ('154504383c8046b6b9d1098df0ff597a', 0, '68c84350a91e44c4b6b657ccb0ec3442', 'vendorId', 'VENDOR_ID', 'CHAR(32)', 'VENDOR_SYS_ID', 1, 'entity', 'Vendor', 'id', '', '', '', '', '', 0, 32, 32, NULL, NULL, '', '', 'system', systimestamp, '8', 0, 'entity.briefVendor.vendorId', '', '', '', '', '', 'Dynamic');
INSERT INTO CNT_FIELD_DEFINITION
 (ID, REVISION, PARENT_ID, FIELD_ID, COLUMN_NAME, COLUMN_TYPE, REPORT_COLUMN_NAME, PRODUCT_FIELD, FIELD_TYPE, ENTITY_LOOKUP, ENTITY_LOOKUP_KEY, ORDER_BY, GENERATOR, REFER_TABLE, KEY_COLUMN, LOOKUP_COLUMN, MANDATORY, MIN_LENGTH, MAX_LENGTH, MIN_VALUE, MAX_VALUE, CONSTANT_VALUE, UNIQUE_KEY, CREATE_USER, CREATED_ON, LINE_NO, MANAGED, FIELD_PATH, DATA_TYPE, DATA1, DATA2, TRANSITIVE_FIELDS, FORMULA, ENTITY_LOOKUP_TYPE)
VALUES ('d6277a264632444797377d8b08c95b2a', 0, '68c84350a91e44c4b6b657ccb0ec3442', 'status', 'STATUS', 'NVARCHAR2(400)', 'STATUS', 1, 'string-m', '', '', '', '', '', '', '', 0, NULL, 400, NULL, NULL, '', '', 'system', systimestamp, '9', 0, 'entity.briefVendor.status', 'codelist', 'BRIEF_VENDOR_STATUS', '', '', '', '');
INSERT INTO CNT_FIELD_DEFINITION
 (ID, REVISION, PARENT_ID, FIELD_ID, COLUMN_NAME, COLUMN_TYPE, REPORT_COLUMN_NAME, PRODUCT_FIELD, FIELD_TYPE, ENTITY_LOOKUP, ENTITY_LOOKUP_KEY, ORDER_BY, GENERATOR, REFER_TABLE, KEY_COLUMN, LOOKUP_COLUMN, MANDATORY, MIN_LENGTH, MAX_LENGTH, MIN_VALUE, MAX_VALUE, CONSTANT_VALUE, UNIQUE_KEY, CREATE_USER, CREATED_ON, LINE_NO, MANAGED, FIELD_PATH, DATA_TYPE, DATA1, DATA2, TRANSITIVE_FIELDS, FORMULA, ENTITY_LOOKUP_TYPE)
VALUES ('f6499678345041c78a518873664f3caf', 0, '68c84350a91e44c4b6b657ccb0ec3442', 'refNo', 'REF_NO', 'NVARCHAR2(1000)', '', 1, 'string-l', '', '', '', '', '', '', '', 0, NULL, 1000, NULL, NULL, '', '', 'system', systimestamp, '10', 0, 'entity.briefVendor.refNo', '', '', '', '', '', '');
INSERT INTO CNT_FIELD_DEFINITION
 (ID, REVISION, PARENT_ID, FIELD_ID, COLUMN_NAME, COLUMN_TYPE, REPORT_COLUMN_NAME, PRODUCT_FIELD, FIELD_TYPE, ENTITY_LOOKUP, ENTITY_LOOKUP_KEY, ORDER_BY, GENERATOR, REFER_TABLE, KEY_COLUMN, LOOKUP_COLUMN, MANDATORY, MIN_LENGTH, MAX_LENGTH, MIN_VALUE, MAX_VALUE, CONSTANT_VALUE, UNIQUE_KEY, CREATE_USER, CREATED_ON, LINE_NO, MANAGED, FIELD_PATH, DATA_TYPE, DATA1, DATA2, TRANSITIVE_FIELDS, FORMULA, ENTITY_LOOKUP_TYPE)
VALUES ('df9717b8473e4e23a7d1daa93029c517', 0, '68c84350a91e44c4b6b657ccb0ec3442', 'custText1', 'CUST_TEXT1', 'NVARCHAR2(1000)', 'CUSTOM_FIELD_TEXT1', 0, 'string-l', '', '', '', '', '', '', '', 0, NULL, 1000, NULL, NULL, '', '', 'system', systimestamp, '11', 0, 'entity.briefVendor.custText1', '', '', '', '', '', '');
INSERT INTO CNT_FIELD_DEFINITION
 (ID, REVISION, PARENT_ID, FIELD_ID, COLUMN_NAME, COLUMN_TYPE, REPORT_COLUMN_NAME, PRODUCT_FIELD, FIELD_TYPE, ENTITY_LOOKUP, ENTITY_LOOKUP_KEY, ORDER_BY, GENERATOR, REFER_TABLE, KEY_COLUMN, LOOKUP_COLUMN, MANDATORY, MIN_LENGTH, MAX_LENGTH, MIN_VALUE, MAX_VALUE, CONSTANT_VALUE, UNIQUE_KEY, CREATE_USER, CREATED_ON, LINE_NO, MANAGED, FIELD_PATH, DATA_TYPE, DATA1, DATA2, TRANSITIVE_FIELDS, FORMULA, ENTITY_LOOKUP_TYPE)
VALUES ('5a7bec8f18b44b1386491b6fd5534281', 0, '68c84350a91e44c4b6b657ccb0ec3442', 'custText2', 'CUST_TEXT2', 'NVARCHAR2(1000)', 'CUSTOM_FIELD_TEXT2', 0, 'string-l', '', '', '', '', '', '', '', 0, NULL, 1000, NULL, NULL, '', '', 'system', systimestamp, '12', 0, 'entity.briefVendor.custText2', '', '', '', '', '', '');
INSERT INTO CNT_FIELD_DEFINITION
 (ID, REVISION, PARENT_ID, FIELD_ID, COLUMN_NAME, COLUMN_TYPE, REPORT_COLUMN_NAME, PRODUCT_FIELD, FIELD_TYPE, ENTITY_LOOKUP, ENTITY_LOOKUP_KEY, ORDER_BY, GENERATOR, REFER_TABLE, KEY_COLUMN, LOOKUP_COLUMN, MANDATORY, MIN_LENGTH, MAX_LENGTH, MIN_VALUE, MAX_VALUE, CONSTANT_VALUE, UNIQUE_KEY, CREATE_USER, CREATED_ON, LINE_NO, MANAGED, FIELD_PATH, DATA_TYPE, DATA1, DATA2, TRANSITIVE_FIELDS, FORMULA, ENTITY_LOOKUP_TYPE)
VALUES ('08415c41450447eb8308760dad1cb9ba', 0, '68c84350a91e44c4b6b657ccb0ec3442', 'custText3', 'CUST_TEXT3', 'NVARCHAR2(1000)', 'CUSTOM_FIELD_TEXT3', 0, 'string-l', '', '', '', '', '', '', '', 0, NULL, 1000, NULL, NULL, '', '', 'system', systimestamp, '13', 0, 'entity.briefVendor.custText3', '', '', '', '', '', '');
INSERT INTO CNT_FIELD_DEFINITION
 (ID, REVISION, PARENT_ID, FIELD_ID, COLUMN_NAME, COLUMN_TYPE, REPORT_COLUMN_NAME, PRODUCT_FIELD, FIELD_TYPE, ENTITY_LOOKUP, ENTITY_LOOKUP_KEY, ORDER_BY, GENERATOR, REFER_TABLE, KEY_COLUMN, LOOKUP_COLUMN, MANDATORY, MIN_LENGTH, MAX_LENGTH, MIN_VALUE, MAX_VALUE, CONSTANT_VALUE, UNIQUE_KEY, CREATE_USER, CREATED_ON, LINE_NO, MANAGED, FIELD_PATH, DATA_TYPE, DATA1, DATA2, TRANSITIVE_FIELDS, FORMULA, ENTITY_LOOKUP_TYPE)
VALUES ('a0f89f26ad604d72b9e0d33b829a6281', 0, '68c84350a91e44c4b6b657ccb0ec3442', 'custText4', 'CUST_TEXT4', 'NVARCHAR2(1000)', 'CUSTOM_FIELD_TEXT4', 0, 'string-l', '', '', '', '', '', '', '', 0, NULL, 1000, NULL, NULL, '', '', 'system', systimestamp, '14', 0, 'entity.briefVendor.custText4', '', '', '', '', '', '');
INSERT INTO CNT_FIELD_DEFINITION
 (ID, REVISION, PARENT_ID, FIELD_ID, COLUMN_NAME, COLUMN_TYPE, REPORT_COLUMN_NAME, PRODUCT_FIELD, FIELD_TYPE, ENTITY_LOOKUP, ENTITY_LOOKUP_KEY, ORDER_BY, GENERATOR, REFER_TABLE, KEY_COLUMN, LOOKUP_COLUMN, MANDATORY, MIN_LENGTH, MAX_LENGTH, MIN_VALUE, MAX_VALUE, CONSTANT_VALUE, UNIQUE_KEY, CREATE_USER, CREATED_ON, LINE_NO, MANAGED, FIELD_PATH, DATA_TYPE, DATA1, DATA2, TRANSITIVE_FIELDS, FORMULA, ENTITY_LOOKUP_TYPE)
VALUES ('977b9bfc107247a1ab4c10554370b0b4', 0, '68c84350a91e44c4b6b657ccb0ec3442', 'custText5', 'CUST_TEXT5', 'NVARCHAR2(1000)', 'CUSTOM_FIELD_TEXT5', 0, 'string-l', '', '', '', '', '', '', '', 0, NULL, 1000, NULL, NULL, '', '', 'system', systimestamp, '15', 0, 'entity.briefVendor.custText5', '', '', '', '', '', '');
INSERT INTO CNT_FIELD_DEFINITION
 (ID, REVISION, PARENT_ID, FIELD_ID, COLUMN_NAME, COLUMN_TYPE, REPORT_COLUMN_NAME, PRODUCT_FIELD, FIELD_TYPE, ENTITY_LOOKUP, ENTITY_LOOKUP_KEY, ORDER_BY, GENERATOR, REFER_TABLE, KEY_COLUMN, LOOKUP_COLUMN, MANDATORY, MIN_LENGTH, MAX_LENGTH, MIN_VALUE, MAX_VALUE, CONSTANT_VALUE, UNIQUE_KEY, CREATE_USER, CREATED_ON, LINE_NO, MANAGED, FIELD_PATH, DATA_TYPE, DATA1, DATA2, TRANSITIVE_FIELDS, FORMULA, ENTITY_LOOKUP_TYPE)
VALUES ('5b9ba5d7cbde43c3a657a2a81c515cbe', 0, '68c84350a91e44c4b6b657ccb0ec3442', 'custText6', 'CUST_TEXT6', 'NVARCHAR2(1000)', 'CUSTOM_FIELD_TEXT6', 0, 'string-l', '', '', '', '', '', '', '', 0, NULL, 1000, NULL, NULL, '', '', 'system', systimestamp, '16', 0, 'entity.briefVendor.custText6', '', '', '', '', '', '');
INSERT INTO CNT_FIELD_DEFINITION
 (ID, REVISION, PARENT_ID, FIELD_ID, COLUMN_NAME, COLUMN_TYPE, REPORT_COLUMN_NAME, PRODUCT_FIELD, FIELD_TYPE, ENTITY_LOOKUP, ENTITY_LOOKUP_KEY, ORDER_BY, GENERATOR, REFER_TABLE, KEY_COLUMN, LOOKUP_COLUMN, MANDATORY, MIN_LENGTH, MAX_LENGTH, MIN_VALUE, MAX_VALUE, CONSTANT_VALUE, UNIQUE_KEY, CREATE_USER, CREATED_ON, LINE_NO, MANAGED, FIELD_PATH, DATA_TYPE, DATA1, DATA2, TRANSITIVE_FIELDS, FORMULA, ENTITY_LOOKUP_TYPE)
VALUES ('ad6aebafc80d485db1f64286fd3c3e92', 0, '68c84350a91e44c4b6b657ccb0ec3442', 'custText7', 'CUST_TEXT7', 'NVARCHAR2(1000)', 'CUSTOM_FIELD_TEXT7', 0, 'string-l', '', '', '', '', '', '', '', 0, NULL, 1000, NULL, NULL, '', '', 'system', systimestamp, '17', 0, 'entity.briefVendor.custText7', '', '', '', '', '', '');
INSERT INTO CNT_FIELD_DEFINITION
 (ID, REVISION, PARENT_ID, FIELD_ID, COLUMN_NAME, COLUMN_TYPE, REPORT_COLUMN_NAME, PRODUCT_FIELD, FIELD_TYPE, ENTITY_LOOKUP, ENTITY_LOOKUP_KEY, ORDER_BY, GENERATOR, REFER_TABLE, KEY_COLUMN, LOOKUP_COLUMN, MANDATORY, MIN_LENGTH, MAX_LENGTH, MIN_VALUE, MAX_VALUE, CONSTANT_VALUE, UNIQUE_KEY, CREATE_USER, CREATED_ON, LINE_NO, MANAGED, FIELD_PATH, DATA_TYPE, DATA1, DATA2, TRANSITIVE_FIELDS, FORMULA, ENTITY_LOOKUP_TYPE)
VALUES ('4a8e08fb53184d1fab1dbeb238d81701', 0, '68c84350a91e44c4b6b657ccb0ec3442', 'custDate1', 'CUST_DATE1', 'DATE', 'CUSTOM_FIELD_DATE1', 0, 'date', '', '', '', '', '', '', '', 0, NULL, NULL, NULL, NULL, '', '', 'system', systimestamp, '18', 0, 'entity.briefVendor.custDate1', '', '', '', '', '', '');
INSERT INTO CNT_FIELD_DEFINITION
 (ID, REVISION, PARENT_ID, FIELD_ID, COLUMN_NAME, COLUMN_TYPE, REPORT_COLUMN_NAME, PRODUCT_FIELD, FIELD_TYPE, ENTITY_LOOKUP, ENTITY_LOOKUP_KEY, ORDER_BY, GENERATOR, REFER_TABLE, KEY_COLUMN, LOOKUP_COLUMN, MANDATORY, MIN_LENGTH, MAX_LENGTH, MIN_VALUE, MAX_VALUE, CONSTANT_VALUE, UNIQUE_KEY, CREATE_USER, CREATED_ON, LINE_NO, MANAGED, FIELD_PATH, DATA_TYPE, DATA1, DATA2, TRANSITIVE_FIELDS, FORMULA, ENTITY_LOOKUP_TYPE)
VALUES ('33588abca0174223996ffde85a78cafa', 0, '68c84350a91e44c4b6b657ccb0ec3442', 'custDate2', 'CUST_DATE2', 'DATE', 'CUSTOM_FIELD_DATE2', 0, 'date', '', '', '', '', '', '', '', 0, NULL, NULL, NULL, NULL, '', '', 'system', systimestamp, '19', 0, 'entity.briefVendor.custDate2', '', '', '', '', '', '');
INSERT INTO CNT_FIELD_DEFINITION
 (ID, REVISION, PARENT_ID, FIELD_ID, COLUMN_NAME, COLUMN_TYPE, REPORT_COLUMN_NAME, PRODUCT_FIELD, FIELD_TYPE, ENTITY_LOOKUP, ENTITY_LOOKUP_KEY, ORDER_BY, GENERATOR, REFER_TABLE, KEY_COLUMN, LOOKUP_COLUMN, MANDATORY, MIN_LENGTH, MAX_LENGTH, MIN_VALUE, MAX_VALUE, CONSTANT_VALUE, UNIQUE_KEY, CREATE_USER, CREATED_ON, LINE_NO, MANAGED, FIELD_PATH, DATA_TYPE, DATA1, DATA2, TRANSITIVE_FIELDS, FORMULA, ENTITY_LOOKUP_TYPE)
VALUES ('54f2b3ebbd5e4b739b77250b3d64ed79', 0, '68c84350a91e44c4b6b657ccb0ec3442', 'custDate3', 'CUST_DATE3', 'DATE', 'CUSTOM_FIELD_DATE3', 0, 'date', '', '', '', '', '', '', '', 0, NULL, NULL, NULL, NULL, '', '', 'system', systimestamp, '20', 0, 'entity.briefVendor.custDate3', '', '', '', '', '', '');
INSERT INTO CNT_FIELD_DEFINITION
 (ID, REVISION, PARENT_ID, FIELD_ID, COLUMN_NAME, COLUMN_TYPE, REPORT_COLUMN_NAME, PRODUCT_FIELD, FIELD_TYPE, ENTITY_LOOKUP, ENTITY_LOOKUP_KEY, ORDER_BY, GENERATOR, REFER_TABLE, KEY_COLUMN, LOOKUP_COLUMN, MANDATORY, MIN_LENGTH, MAX_LENGTH, MIN_VALUE, MAX_VALUE, CONSTANT_VALUE, UNIQUE_KEY, CREATE_USER, CREATED_ON, LINE_NO, MANAGED, FIELD_PATH, DATA_TYPE, DATA1, DATA2, TRANSITIVE_FIELDS, FORMULA, ENTITY_LOOKUP_TYPE)
VALUES ('5f87da8d204f4ac098d0c4a8b1e6da99', 0, '68c84350a91e44c4b6b657ccb0ec3442', 'custDate4', 'CUST_DATE4', 'DATE', 'CUSTOM_FIELD_DATE4', 0, 'date', '', '', '', '', '', '', '', 0, NULL, NULL, NULL, NULL, '', '', 'system', systimestamp, '21', 0, 'entity.briefVendor.custDate4', '', '', '', '', '', '');
INSERT INTO CNT_FIELD_DEFINITION
 (ID, REVISION, PARENT_ID, FIELD_ID, COLUMN_NAME, COLUMN_TYPE, REPORT_COLUMN_NAME, PRODUCT_FIELD, FIELD_TYPE, ENTITY_LOOKUP, ENTITY_LOOKUP_KEY, ORDER_BY, GENERATOR, REFER_TABLE, KEY_COLUMN, LOOKUP_COLUMN, MANDATORY, MIN_LENGTH, MAX_LENGTH, MIN_VALUE, MAX_VALUE, CONSTANT_VALUE, UNIQUE_KEY, CREATE_USER, CREATED_ON, LINE_NO, MANAGED, FIELD_PATH, DATA_TYPE, DATA1, DATA2, TRANSITIVE_FIELDS, FORMULA, ENTITY_LOOKUP_TYPE)
VALUES ('001c0f471be7415c907b5dfc913a7526', 0, '68c84350a91e44c4b6b657ccb0ec3442', 'custDate5', 'CUST_DATE5', 'DATE', 'CUSTOM_FIELD_DATE5', 0, 'date', '', '', '', '', '', '', '', 0, NULL, NULL, NULL, NULL, '', '', 'system', systimestamp, '22', 0, 'entity.briefVendor.custDate5', '', '', '', '', '', '');
INSERT INTO CNT_FIELD_DEFINITION
 (ID, REVISION, PARENT_ID, FIELD_ID, COLUMN_NAME, COLUMN_TYPE, REPORT_COLUMN_NAME, PRODUCT_FIELD, FIELD_TYPE, ENTITY_LOOKUP, ENTITY_LOOKUP_KEY, ORDER_BY, GENERATOR, REFER_TABLE, KEY_COLUMN, LOOKUP_COLUMN, MANDATORY, MIN_LENGTH, MAX_LENGTH, MIN_VALUE, MAX_VALUE, CONSTANT_VALUE, UNIQUE_KEY, CREATE_USER, CREATED_ON, LINE_NO, MANAGED, FIELD_PATH, DATA_TYPE, DATA1, DATA2, TRANSITIVE_FIELDS, FORMULA, ENTITY_LOOKUP_TYPE)
VALUES ('64dec1bd15344a798e70ffca1df15b00', 0, '68c84350a91e44c4b6b657ccb0ec3442', 'custDate6', 'CUST_DATE6', 'DATE', 'CUSTOM_FIELD_DATE6', 0, 'date', '', '', '', '', '', '', '', 0, NULL, NULL, NULL, NULL, '', '', 'system', systimestamp, '23', 0, 'entity.briefVendor.custDate6', '', '', '', '', '', '');
INSERT INTO CNT_FIELD_DEFINITION
 (ID, REVISION, PARENT_ID, FIELD_ID, COLUMN_NAME, COLUMN_TYPE, REPORT_COLUMN_NAME, PRODUCT_FIELD, FIELD_TYPE, ENTITY_LOOKUP, ENTITY_LOOKUP_KEY, ORDER_BY, GENERATOR, REFER_TABLE, KEY_COLUMN, LOOKUP_COLUMN, MANDATORY, MIN_LENGTH, MAX_LENGTH, MIN_VALUE, MAX_VALUE, CONSTANT_VALUE, UNIQUE_KEY, CREATE_USER, CREATED_ON, LINE_NO, MANAGED, FIELD_PATH, DATA_TYPE, DATA1, DATA2, TRANSITIVE_FIELDS, FORMULA, ENTITY_LOOKUP_TYPE)
VALUES ('371f8e4fba374883bc2704b2775e96cc', 0, '68c84350a91e44c4b6b657ccb0ec3442', 'custDate7', 'CUST_DATE7', 'DATE', 'CUSTOM_FIELD_DATE7', 0, 'date', '', '', '', '', '', '', '', 0, NULL, NULL, NULL, NULL, '', '', 'system', systimestamp, '24', 0, 'entity.briefVendor.custDate7', '', '', '', '', '', '');
INSERT INTO CNT_FIELD_DEFINITION
 (ID, REVISION, PARENT_ID, FIELD_ID, COLUMN_NAME, COLUMN_TYPE, REPORT_COLUMN_NAME, PRODUCT_FIELD, FIELD_TYPE, ENTITY_LOOKUP, ENTITY_LOOKUP_KEY, ORDER_BY, GENERATOR, REFER_TABLE, KEY_COLUMN, LOOKUP_COLUMN, MANDATORY, MIN_LENGTH, MAX_LENGTH, MIN_VALUE, MAX_VALUE, CONSTANT_VALUE, UNIQUE_KEY, CREATE_USER, CREATED_ON, LINE_NO, MANAGED, FIELD_PATH, DATA_TYPE, DATA1, DATA2, TRANSITIVE_FIELDS, FORMULA, ENTITY_LOOKUP_TYPE)
VALUES ('93c6f4026df94d08b7d6748127f93800', 0, '68c84350a91e44c4b6b657ccb0ec3442', 'custNumber1', 'CUST_NUMBER1', 'NUMBER(20, 0)', 'CUSTOM_FIELD_NUMBER1', 0, 'integer', '', '', '', '', '', '', '', 0, NULL, 18, NULL, NULL, '', '', 'system', systimestamp, '25', 0, 'entity.briefVendor.custNumber1', '', '', '', '', '', '');
INSERT INTO CNT_FIELD_DEFINITION
 (ID, REVISION, PARENT_ID, FIELD_ID, COLUMN_NAME, COLUMN_TYPE, REPORT_COLUMN_NAME, PRODUCT_FIELD, FIELD_TYPE, ENTITY_LOOKUP, ENTITY_LOOKUP_KEY, ORDER_BY, GENERATOR, REFER_TABLE, KEY_COLUMN, LOOKUP_COLUMN, MANDATORY, MIN_LENGTH, MAX_LENGTH, MIN_VALUE, MAX_VALUE, CONSTANT_VALUE, UNIQUE_KEY, CREATE_USER, CREATED_ON, LINE_NO, MANAGED, FIELD_PATH, DATA_TYPE, DATA1, DATA2, TRANSITIVE_FIELDS, FORMULA, ENTITY_LOOKUP_TYPE)
VALUES ('462f6b0d77c44a61a5ebfae1da8e4822', 0, '68c84350a91e44c4b6b657ccb0ec3442', 'custNumber2', 'CUST_NUMBER2', 'NUMBER(20, 0)', 'CUSTOM_FIELD_NUMBER2', 0, 'integer', '', '', '', '', '', '', '', 0, NULL, 18, NULL, NULL, '', '', 'system', systimestamp, '26', 0, 'entity.briefVendor.custNumber2', '', '', '', '', '', '');
INSERT INTO CNT_FIELD_DEFINITION
 (ID, REVISION, PARENT_ID, FIELD_ID, COLUMN_NAME, COLUMN_TYPE, REPORT_COLUMN_NAME, PRODUCT_FIELD, FIELD_TYPE, ENTITY_LOOKUP, ENTITY_LOOKUP_KEY, ORDER_BY, GENERATOR, REFER_TABLE, KEY_COLUMN, LOOKUP_COLUMN, MANDATORY, MIN_LENGTH, MAX_LENGTH, MIN_VALUE, MAX_VALUE, CONSTANT_VALUE, UNIQUE_KEY, CREATE_USER, CREATED_ON, LINE_NO, MANAGED, FIELD_PATH, DATA_TYPE, DATA1, DATA2, TRANSITIVE_FIELDS, FORMULA, ENTITY_LOOKUP_TYPE)
VALUES ('91ab2be6bf9f459c84deb751ecc45a7e', 0, '68c84350a91e44c4b6b657ccb0ec3442', 'custNumber3', 'CUST_NUMBER3', 'NUMBER(20, 0)', 'CUSTOM_FIELD_NUMBER3', 0, 'integer', '', '', '', '', '', '', '', 0, NULL, 18, NULL, NULL, '', '', 'system', systimestamp, '27', 0, 'entity.briefVendor.custNumber3', '', '', '', '', '', '');
INSERT INTO CNT_FIELD_DEFINITION
 (ID, REVISION, PARENT_ID, FIELD_ID, COLUMN_NAME, COLUMN_TYPE, REPORT_COLUMN_NAME, PRODUCT_FIELD, FIELD_TYPE, ENTITY_LOOKUP, ENTITY_LOOKUP_KEY, ORDER_BY, GENERATOR, REFER_TABLE, KEY_COLUMN, LOOKUP_COLUMN, MANDATORY, MIN_LENGTH, MAX_LENGTH, MIN_VALUE, MAX_VALUE, CONSTANT_VALUE, UNIQUE_KEY, CREATE_USER, CREATED_ON, LINE_NO, MANAGED, FIELD_PATH, DATA_TYPE, DATA1, DATA2, TRANSITIVE_FIELDS, FORMULA, ENTITY_LOOKUP_TYPE)
VALUES ('d2f24cd4d9464db8af42da4f840fde74', 0, '68c84350a91e44c4b6b657ccb0ec3442', 'custNumber4', 'CUST_NUMBER4', 'NUMBER(20, 0)', 'CUSTOM_FIELD_NUMBER4', 0, 'integer', '', '', '', '', '', '', '', 0, NULL, 18, NULL, NULL, '', '', 'system', systimestamp, '28', 0, 'entity.briefVendor.custNumber4', '', '', '', '', '', '');
INSERT INTO CNT_FIELD_DEFINITION
 (ID, REVISION, PARENT_ID, FIELD_ID, COLUMN_NAME, COLUMN_TYPE, REPORT_COLUMN_NAME, PRODUCT_FIELD, FIELD_TYPE, ENTITY_LOOKUP, ENTITY_LOOKUP_KEY, ORDER_BY, GENERATOR, REFER_TABLE, KEY_COLUMN, LOOKUP_COLUMN, MANDATORY, MIN_LENGTH, MAX_LENGTH, MIN_VALUE, MAX_VALUE, CONSTANT_VALUE, UNIQUE_KEY, CREATE_USER, CREATED_ON, LINE_NO, MANAGED, FIELD_PATH, DATA_TYPE, DATA1, DATA2, TRANSITIVE_FIELDS, FORMULA, ENTITY_LOOKUP_TYPE)
VALUES ('c67b418789834b9b97950bc9c39b14a2', 0, '68c84350a91e44c4b6b657ccb0ec3442', 'custNumber5', 'CUST_NUMBER5', 'NUMBER(20, 0)', 'CUSTOM_FIELD_NUMBER5', 0, 'integer', '', '', '', '', '', '', '', 0, NULL, 18, NULL, NULL, '', '', 'system', systimestamp, '29', 0, 'entity.briefVendor.custNumber5', '', '', '', '', '', '');
INSERT INTO CNT_FIELD_DEFINITION
 (ID, REVISION, PARENT_ID, FIELD_ID, COLUMN_NAME, COLUMN_TYPE, REPORT_COLUMN_NAME, PRODUCT_FIELD, FIELD_TYPE, ENTITY_LOOKUP, ENTITY_LOOKUP_KEY, ORDER_BY, GENERATOR, REFER_TABLE, KEY_COLUMN, LOOKUP_COLUMN, MANDATORY, MIN_LENGTH, MAX_LENGTH, MIN_VALUE, MAX_VALUE, CONSTANT_VALUE, UNIQUE_KEY, CREATE_USER, CREATED_ON, LINE_NO, MANAGED, FIELD_PATH, DATA_TYPE, DATA1, DATA2, TRANSITIVE_FIELDS, FORMULA, ENTITY_LOOKUP_TYPE)
VALUES ('7a7cb3ce2d9d45b480a736c4cc62352e', 0, '68c84350a91e44c4b6b657ccb0ec3442', 'custNumber6', 'CUST_NUMBER6', 'NUMBER(20, 0)', 'CUSTOM_FIELD_NUMBER6', 0, 'integer', '', '', '', '', '', '', '', 0, NULL, 18, NULL, NULL, '', '', 'system', systimestamp, '30', 0, 'entity.briefVendor.custNumber6', '', '', '', '', '', '');
INSERT INTO CNT_FIELD_DEFINITION
 (ID, REVISION, PARENT_ID, FIELD_ID, COLUMN_NAME, COLUMN_TYPE, REPORT_COLUMN_NAME, PRODUCT_FIELD, FIELD_TYPE, ENTITY_LOOKUP, ENTITY_LOOKUP_KEY, ORDER_BY, GENERATOR, REFER_TABLE, KEY_COLUMN, LOOKUP_COLUMN, MANDATORY, MIN_LENGTH, MAX_LENGTH, MIN_VALUE, MAX_VALUE, CONSTANT_VALUE, UNIQUE_KEY, CREATE_USER, CREATED_ON, LINE_NO, MANAGED, FIELD_PATH, DATA_TYPE, DATA1, DATA2, TRANSITIVE_FIELDS, FORMULA, ENTITY_LOOKUP_TYPE)
VALUES ('d04d7e017a3344f1af9d139398fc0ddb', 0, '68c84350a91e44c4b6b657ccb0ec3442', 'custNumber7', 'CUST_NUMBER7', 'NUMBER(20, 0)', 'CUSTOM_FIELD_NUMBER7', 0, 'integer', '', '', '', '', '', '', '', 0, NULL, 18, NULL, NULL, '', '', 'system', systimestamp, '31', 0, 'entity.briefVendor.custNumber7', '', '', '', '', '', '');
INSERT INTO CNT_FIELD_DEFINITION
 (ID, REVISION, PARENT_ID, FIELD_ID, COLUMN_NAME, COLUMN_TYPE, REPORT_COLUMN_NAME, PRODUCT_FIELD, FIELD_TYPE, ENTITY_LOOKUP, ENTITY_LOOKUP_KEY, ORDER_BY, GENERATOR, REFER_TABLE, KEY_COLUMN, LOOKUP_COLUMN, MANDATORY, MIN_LENGTH, MAX_LENGTH, MIN_VALUE, MAX_VALUE, CONSTANT_VALUE, UNIQUE_KEY, CREATE_USER, CREATED_ON, LINE_NO, MANAGED, FIELD_PATH, DATA_TYPE, DATA1, DATA2, TRANSITIVE_FIELDS, FORMULA, ENTITY_LOOKUP_TYPE)
VALUES ('bc3595073a104768a8f4713a8d6fa0c6', 0, '68c84350a91e44c4b6b657ccb0ec3442', 'custDecimal1', 'CUST_DECIMAL1', 'NUMBER(25, 5)', 'CUSTOM_FIELD_DECIMAL1', 0, 'decimal-rate', '', '', '', '', '', '', '', 0, NULL, 20, NULL, NULL, '', '', 'system', systimestamp, '32', 0, 'entity.briefVendor.custDecimal1', '', '', '', '', '', '');
INSERT INTO CNT_FIELD_DEFINITION
 (ID, REVISION, PARENT_ID, FIELD_ID, COLUMN_NAME, COLUMN_TYPE, REPORT_COLUMN_NAME, PRODUCT_FIELD, FIELD_TYPE, ENTITY_LOOKUP, ENTITY_LOOKUP_KEY, ORDER_BY, GENERATOR, REFER_TABLE, KEY_COLUMN, LOOKUP_COLUMN, MANDATORY, MIN_LENGTH, MAX_LENGTH, MIN_VALUE, MAX_VALUE, CONSTANT_VALUE, UNIQUE_KEY, CREATE_USER, CREATED_ON, LINE_NO, MANAGED, FIELD_PATH, DATA_TYPE, DATA1, DATA2, TRANSITIVE_FIELDS, FORMULA, ENTITY_LOOKUP_TYPE)
VALUES ('ab89074065cb407880e1b8d3227aa6e1', 0, '68c84350a91e44c4b6b657ccb0ec3442', 'custDecimal2', 'CUST_DECIMAL2', 'NUMBER(25, 5)', 'CUSTOM_FIELD_DECIMAL2', 0, 'decimal-rate', '', '', '', '', '', '', '', 0, NULL, 20, NULL, NULL, '', '', 'system', systimestamp, '33', 0, 'entity.briefVendor.custDecimal2', '', '', '', '', '', '');
INSERT INTO CNT_FIELD_DEFINITION
 (ID, REVISION, PARENT_ID, FIELD_ID, COLUMN_NAME, COLUMN_TYPE, REPORT_COLUMN_NAME, PRODUCT_FIELD, FIELD_TYPE, ENTITY_LOOKUP, ENTITY_LOOKUP_KEY, ORDER_BY, GENERATOR, REFER_TABLE, KEY_COLUMN, LOOKUP_COLUMN, MANDATORY, MIN_LENGTH, MAX_LENGTH, MIN_VALUE, MAX_VALUE, CONSTANT_VALUE, UNIQUE_KEY, CREATE_USER, CREATED_ON, LINE_NO, MANAGED, FIELD_PATH, DATA_TYPE, DATA1, DATA2, TRANSITIVE_FIELDS, FORMULA, ENTITY_LOOKUP_TYPE)
VALUES ('cb21ff40d79b45eb81b6c9fa9bddab86', 0, '68c84350a91e44c4b6b657ccb0ec3442', 'custDecimal3', 'CUST_DECIMAL3', 'NUMBER(25, 5)', 'CUSTOM_FIELD_DECIMAL3', 0, 'decimal-rate', '', '', '', '', '', '', '', 0, NULL, 20, NULL, NULL, '', '', 'system', systimestamp, '34', 0, 'entity.briefVendor.custDecimal3', '', '', '', '', '', '');
INSERT INTO CNT_FIELD_DEFINITION
 (ID, REVISION, PARENT_ID, FIELD_ID, COLUMN_NAME, COLUMN_TYPE, REPORT_COLUMN_NAME, PRODUCT_FIELD, FIELD_TYPE, ENTITY_LOOKUP, ENTITY_LOOKUP_KEY, ORDER_BY, GENERATOR, REFER_TABLE, KEY_COLUMN, LOOKUP_COLUMN, MANDATORY, MIN_LENGTH, MAX_LENGTH, MIN_VALUE, MAX_VALUE, CONSTANT_VALUE, UNIQUE_KEY, CREATE_USER, CREATED_ON, LINE_NO, MANAGED, FIELD_PATH, DATA_TYPE, DATA1, DATA2, TRANSITIVE_FIELDS, FORMULA, ENTITY_LOOKUP_TYPE)
VALUES ('4b72e1ddf34046e9b2f8e8f30b632f87', 0, '68c84350a91e44c4b6b657ccb0ec3442', 'custDecimal4', 'CUST_DECIMAL4', 'NUMBER(25, 5)', 'CUSTOM_FIELD_DECIMAL4', 0, 'decimal-rate', '', '', '', '', '', '', '', 0, NULL, 20, NULL, NULL, '', '', 'system', systimestamp, '35', 0, 'entity.briefVendor.custDecimal4', '', '', '', '', '', '');
INSERT INTO CNT_FIELD_DEFINITION
 (ID, REVISION, PARENT_ID, FIELD_ID, COLUMN_NAME, COLUMN_TYPE, REPORT_COLUMN_NAME, PRODUCT_FIELD, FIELD_TYPE, ENTITY_LOOKUP, ENTITY_LOOKUP_KEY, ORDER_BY, GENERATOR, REFER_TABLE, KEY_COLUMN, LOOKUP_COLUMN, MANDATORY, MIN_LENGTH, MAX_LENGTH, MIN_VALUE, MAX_VALUE, CONSTANT_VALUE, UNIQUE_KEY, CREATE_USER, CREATED_ON, LINE_NO, MANAGED, FIELD_PATH, DATA_TYPE, DATA1, DATA2, TRANSITIVE_FIELDS, FORMULA, ENTITY_LOOKUP_TYPE)
VALUES ('162da9adb8744c46aae9eb82762a6ca3', 0, '68c84350a91e44c4b6b657ccb0ec3442', 'custDecimal5', 'CUST_DECIMAL5', 'NUMBER(25, 5)', 'CUSTOM_FIELD_DECIMAL5', 0, 'decimal-rate', '', '', '', '', '', '', '', 0, NULL, 20, NULL, NULL, '', '', 'system', systimestamp, '36', 0, 'entity.briefVendor.custDecimal5', '', '', '', '', '', '');
INSERT INTO CNT_FIELD_DEFINITION
 (ID, REVISION, PARENT_ID, FIELD_ID, COLUMN_NAME, COLUMN_TYPE, REPORT_COLUMN_NAME, PRODUCT_FIELD, FIELD_TYPE, ENTITY_LOOKUP, ENTITY_LOOKUP_KEY, ORDER_BY, GENERATOR, REFER_TABLE, KEY_COLUMN, LOOKUP_COLUMN, MANDATORY, MIN_LENGTH, MAX_LENGTH, MIN_VALUE, MAX_VALUE, CONSTANT_VALUE, UNIQUE_KEY, CREATE_USER, CREATED_ON, LINE_NO, MANAGED, FIELD_PATH, DATA_TYPE, DATA1, DATA2, TRANSITIVE_FIELDS, FORMULA, ENTITY_LOOKUP_TYPE)
VALUES ('7cd1aa4fa430484fad74e5ecb6333fb5', 0, '68c84350a91e44c4b6b657ccb0ec3442', 'custDecimal6', 'CUST_DECIMAL6', 'NUMBER(25, 5)', 'CUSTOM_FIELD_DECIMAL6', 0, 'decimal-rate', '', '', '', '', '', '', '', 0, NULL, 20, NULL, NULL, '', '', 'system', systimestamp, '37', 0, 'entity.briefVendor.custDecimal6', '', '', '', '', '', '');
INSERT INTO CNT_FIELD_DEFINITION
 (ID, REVISION, PARENT_ID, FIELD_ID, COLUMN_NAME, COLUMN_TYPE, REPORT_COLUMN_NAME, PRODUCT_FIELD, FIELD_TYPE, ENTITY_LOOKUP, ENTITY_LOOKUP_KEY, ORDER_BY, GENERATOR, REFER_TABLE, KEY_COLUMN, LOOKUP_COLUMN, MANDATORY, MIN_LENGTH, MAX_LENGTH, MIN_VALUE, MAX_VALUE, CONSTANT_VALUE, UNIQUE_KEY, CREATE_USER, CREATED_ON, LINE_NO, MANAGED, FIELD_PATH, DATA_TYPE, DATA1, DATA2, TRANSITIVE_FIELDS, FORMULA, ENTITY_LOOKUP_TYPE)
VALUES ('287e7191faf64b8595ded452ed041331', 0, '68c84350a91e44c4b6b657ccb0ec3442', 'custDecimal7', 'CUST_DECIMAL7', 'NUMBER(25, 5)', 'CUSTOM_FIELD_DECIMAL7', 0, 'decimal-rate', '', '', '', '', '', '', '', 0, NULL, 20, NULL, NULL, '', '', 'system', systimestamp, '38', 0, 'entity.briefVendor.custDecimal7', '', '', '', '', '', '');
INSERT INTO CNT_FIELD_DEFINITION
 (ID, REVISION, PARENT_ID, FIELD_ID, COLUMN_NAME, COLUMN_TYPE, REPORT_COLUMN_NAME, PRODUCT_FIELD, FIELD_TYPE, ENTITY_LOOKUP, ENTITY_LOOKUP_KEY, ORDER_BY, GENERATOR, REFER_TABLE, KEY_COLUMN, LOOKUP_COLUMN, MANDATORY, MIN_LENGTH, MAX_LENGTH, MIN_VALUE, MAX_VALUE, CONSTANT_VALUE, UNIQUE_KEY, CREATE_USER, CREATED_ON, LINE_NO, MANAGED, FIELD_PATH, DATA_TYPE, DATA1, DATA2, TRANSITIVE_FIELDS, FORMULA, ENTITY_LOOKUP_TYPE)
VALUES ('9a31ffebf3fa46a59fa7e0abd5f775da', 0, '68c84350a91e44c4b6b657ccb0ec3442', 'custCodelist1', 'CUST_CODELIST1', 'NVARCHAR2(400)', 'CUSTOM_FIELD_CODE_LIST_CODE1', 0, 'string-m', '', '', '', '', '', '', '', 0, NULL, 400, NULL, NULL, '', '', 'system', systimestamp, '39', 0, 'entity.briefVendor.custCodelist1', 'codelist', '', '', '', '', '');
INSERT INTO CNT_FIELD_DEFINITION
 (ID, REVISION, PARENT_ID, FIELD_ID, COLUMN_NAME, COLUMN_TYPE, REPORT_COLUMN_NAME, PRODUCT_FIELD, FIELD_TYPE, ENTITY_LOOKUP, ENTITY_LOOKUP_KEY, ORDER_BY, GENERATOR, REFER_TABLE, KEY_COLUMN, LOOKUP_COLUMN, MANDATORY, MIN_LENGTH, MAX_LENGTH, MIN_VALUE, MAX_VALUE, CONSTANT_VALUE, UNIQUE_KEY, CREATE_USER, CREATED_ON, LINE_NO, MANAGED, FIELD_PATH, DATA_TYPE, DATA1, DATA2, TRANSITIVE_FIELDS, FORMULA, ENTITY_LOOKUP_TYPE)
VALUES ('76798650dd764692b62ed85efb7e84d4', 0, '68c84350a91e44c4b6b657ccb0ec3442', 'custCodelist2', 'CUST_CODELIST2', 'NVARCHAR2(400)', 'CUSTOM_FIELD_CODE_LIST_CODE2', 0, 'string-m', '', '', '', '', '', '', '', 0, NULL, 400, NULL, NULL, '', '', 'system', systimestamp, '40', 0, 'entity.briefVendor.custCodelist2', 'codelist', '', '', '', '', '');
INSERT INTO CNT_FIELD_DEFINITION
 (ID, REVISION, PARENT_ID, FIELD_ID, COLUMN_NAME, COLUMN_TYPE, REPORT_COLUMN_NAME, PRODUCT_FIELD, FIELD_TYPE, ENTITY_LOOKUP, ENTITY_LOOKUP_KEY, ORDER_BY, GENERATOR, REFER_TABLE, KEY_COLUMN, LOOKUP_COLUMN, MANDATORY, MIN_LENGTH, MAX_LENGTH, MIN_VALUE, MAX_VALUE, CONSTANT_VALUE, UNIQUE_KEY, CREATE_USER, CREATED_ON, LINE_NO, MANAGED, FIELD_PATH, DATA_TYPE, DATA1, DATA2, TRANSITIVE_FIELDS, FORMULA, ENTITY_LOOKUP_TYPE)
VALUES ('e4b3cbbb477a47b7a7699c64df3d5edc', 0, '68c84350a91e44c4b6b657ccb0ec3442', 'custCodelist3', 'CUST_CODELIST3', 'NVARCHAR2(400)', 'CUSTOM_FIELD_CODE_LIST_CODE3', 0, 'string-m', '', '', '', '', '', '', '', 0, NULL, 400, NULL, NULL, '', '', 'system', systimestamp, '41', 0, 'entity.briefVendor.custCodelist3', 'codelist', '', '', '', '', '');
INSERT INTO CNT_FIELD_DEFINITION
 (ID, REVISION, PARENT_ID, FIELD_ID, COLUMN_NAME, COLUMN_TYPE, REPORT_COLUMN_NAME, PRODUCT_FIELD, FIELD_TYPE, ENTITY_LOOKUP, ENTITY_LOOKUP_KEY, ORDER_BY, GENERATOR, REFER_TABLE, KEY_COLUMN, LOOKUP_COLUMN, MANDATORY, MIN_LENGTH, MAX_LENGTH, MIN_VALUE, MAX_VALUE, CONSTANT_VALUE, UNIQUE_KEY, CREATE_USER, CREATED_ON, LINE_NO, MANAGED, FIELD_PATH, DATA_TYPE, DATA1, DATA2, TRANSITIVE_FIELDS, FORMULA, ENTITY_LOOKUP_TYPE)
VALUES ('42ad929d417240daba8fb731863b1de9', 0, '68c84350a91e44c4b6b657ccb0ec3442', 'custCodelist4', 'CUST_CODELIST4', 'NVARCHAR2(400)', 'CUSTOM_FIELD_CODE_LIST_CODE4', 0, 'string-m', '', '', '', '', '', '', '', 0, NULL, 400, NULL, NULL, '', '', 'system', systimestamp, '42', 0, 'entity.briefVendor.custCodelist4', 'codelist', '', '', '', '', '');
INSERT INTO CNT_FIELD_DEFINITION
 (ID, REVISION, PARENT_ID, FIELD_ID, COLUMN_NAME, COLUMN_TYPE, REPORT_COLUMN_NAME, PRODUCT_FIELD, FIELD_TYPE, ENTITY_LOOKUP, ENTITY_LOOKUP_KEY, ORDER_BY, GENERATOR, REFER_TABLE, KEY_COLUMN, LOOKUP_COLUMN, MANDATORY, MIN_LENGTH, MAX_LENGTH, MIN_VALUE, MAX_VALUE, CONSTANT_VALUE, UNIQUE_KEY, CREATE_USER, CREATED_ON, LINE_NO, MANAGED, FIELD_PATH, DATA_TYPE, DATA1, DATA2, TRANSITIVE_FIELDS, FORMULA, ENTITY_LOOKUP_TYPE)
VALUES ('ae68a8f7c27a4f5abcecc3a529d623be', 0, '68c84350a91e44c4b6b657ccb0ec3442', 'custCodelist5', 'CUST_CODELIST5', 'NVARCHAR2(400)', 'CUSTOM_FIELD_CODE_LIST_CODE5', 0, 'string-m', '', '', '', '', '', '', '', 0, NULL, 400, NULL, NULL, '', '', 'system', systimestamp, '43', 0, 'entity.briefVendor.custCodelist5', 'codelist', '', '', '', '', '');
INSERT INTO CNT_FIELD_DEFINITION
 (ID, REVISION, PARENT_ID, FIELD_ID, COLUMN_NAME, COLUMN_TYPE, REPORT_COLUMN_NAME, PRODUCT_FIELD, FIELD_TYPE, ENTITY_LOOKUP, ENTITY_LOOKUP_KEY, ORDER_BY, GENERATOR, REFER_TABLE, KEY_COLUMN, LOOKUP_COLUMN, MANDATORY, MIN_LENGTH, MAX_LENGTH, MIN_VALUE, MAX_VALUE, CONSTANT_VALUE, UNIQUE_KEY, CREATE_USER, CREATED_ON, LINE_NO, MANAGED, FIELD_PATH, DATA_TYPE, DATA1, DATA2, TRANSITIVE_FIELDS, FORMULA, ENTITY_LOOKUP_TYPE)
VALUES ('3e777795a82c407daadfbfdbb343fa5d', 0, '68c84350a91e44c4b6b657ccb0ec3442', 'custCodelist6', 'CUST_CODELIST6', 'NVARCHAR2(400)', 'CUSTOM_FIELD_CODE_LIST_CODE6', 0, 'string-m', '', '', '', '', '', '', '', 0, NULL, 400, NULL, NULL, '', '', 'system', systimestamp, '44', 0, 'entity.briefVendor.custCodelist6', 'codelist', '', '', '', '', '');
INSERT INTO CNT_FIELD_DEFINITION
 (ID, REVISION, PARENT_ID, FIELD_ID, COLUMN_NAME, COLUMN_TYPE, REPORT_COLUMN_NAME, PRODUCT_FIELD, FIELD_TYPE, ENTITY_LOOKUP, ENTITY_LOOKUP_KEY, ORDER_BY, GENERATOR, REFER_TABLE, KEY_COLUMN, LOOKUP_COLUMN, MANDATORY, MIN_LENGTH, MAX_LENGTH, MIN_VALUE, MAX_VALUE, CONSTANT_VALUE, UNIQUE_KEY, CREATE_USER, CREATED_ON, LINE_NO, MANAGED, FIELD_PATH, DATA_TYPE, DATA1, DATA2, TRANSITIVE_FIELDS, FORMULA, ENTITY_LOOKUP_TYPE)
VALUES ('29d76f495e5d4d85ae2050d9c045ecde', 0, '68c84350a91e44c4b6b657ccb0ec3442', 'custCodelist7', 'CUST_CODELIST7', 'NVARCHAR2(400)', 'CUSTOM_FIELD_CODE_LIST_CODE7', 0, 'string-m', '', '', '', '', '', '', '', 0, NULL, 400, NULL, NULL, '', '', 'system', systimestamp, '45', 0, 'entity.briefVendor.custCodelist7', 'codelist', '', '', '', '', '');
INSERT INTO CNT_FIELD_DEFINITION
 (ID, REVISION, PARENT_ID, FIELD_ID, COLUMN_NAME, COLUMN_TYPE, REPORT_COLUMN_NAME, PRODUCT_FIELD, FIELD_TYPE, ENTITY_LOOKUP, ENTITY_LOOKUP_KEY, ORDER_BY, GENERATOR, REFER_TABLE, KEY_COLUMN, LOOKUP_COLUMN, MANDATORY, MIN_LENGTH, MAX_LENGTH, MIN_VALUE, MAX_VALUE, CONSTANT_VALUE, UNIQUE_KEY, CREATE_USER, CREATED_ON, LINE_NO, MANAGED, FIELD_PATH, DATA_TYPE, DATA1, DATA2, TRANSITIVE_FIELDS, FORMULA, ENTITY_LOOKUP_TYPE)
VALUES ('7e532b9e8c214d1f93c7069438ea19d8', 0, '68c84350a91e44c4b6b657ccb0ec3442', 'custMemoText1', 'CUST_MEMO_TEXT1', 'NVARCHAR2(1000)', 'CUSTOM_FIELD_MEMO_TEXT1', 0, 'string-l', '', '', '', '', '', '', '', 0, NULL, 1000, NULL, NULL, '', '', 'system', systimestamp, '46', 0, 'entity.briefVendor.custMemoText1', '', '', '', '', '', '');
INSERT INTO CNT_FIELD_DEFINITION
 (ID, REVISION, PARENT_ID, FIELD_ID, COLUMN_NAME, COLUMN_TYPE, REPORT_COLUMN_NAME, PRODUCT_FIELD, FIELD_TYPE, ENTITY_LOOKUP, ENTITY_LOOKUP_KEY, ORDER_BY, GENERATOR, REFER_TABLE, KEY_COLUMN, LOOKUP_COLUMN, MANDATORY, MIN_LENGTH, MAX_LENGTH, MIN_VALUE, MAX_VALUE, CONSTANT_VALUE, UNIQUE_KEY, CREATE_USER, CREATED_ON, LINE_NO, MANAGED, FIELD_PATH, DATA_TYPE, DATA1, DATA2, TRANSITIVE_FIELDS, FORMULA, ENTITY_LOOKUP_TYPE)
VALUES ('e1ddb72f8b274344ac0e1fd05906ffc1', 0, '68c84350a91e44c4b6b657ccb0ec3442', 'custMemoText2', 'CUST_MEMO_TEXT2', 'NVARCHAR2(1000)', 'CUSTOM_FIELD_MEMO_TEXT2', 0, 'string-l', '', '', '', '', '', '', '', 0, NULL, 1000, NULL, NULL, '', '', 'system', systimestamp, '47', 0, 'entity.briefVendor.custMemoText2', '', '', '', '', '', '');
INSERT INTO CNT_FIELD_DEFINITION
 (ID, REVISION, PARENT_ID, FIELD_ID, COLUMN_NAME, COLUMN_TYPE, REPORT_COLUMN_NAME, PRODUCT_FIELD, FIELD_TYPE, ENTITY_LOOKUP, ENTITY_LOOKUP_KEY, ORDER_BY, GENERATOR, REFER_TABLE, KEY_COLUMN, LOOKUP_COLUMN, MANDATORY, MIN_LENGTH, MAX_LENGTH, MIN_VALUE, MAX_VALUE, CONSTANT_VALUE, UNIQUE_KEY, CREATE_USER, CREATED_ON, LINE_NO, MANAGED, FIELD_PATH, DATA_TYPE, DATA1, DATA2, TRANSITIVE_FIELDS, FORMULA, ENTITY_LOOKUP_TYPE)
VALUES ('930bb3f66f4e47cd99f701326561f550', 0, '68c84350a91e44c4b6b657ccb0ec3442', 'custMemoText3', 'CUST_MEMO_TEXT3', 'NVARCHAR2(1000)', 'CUSTOM_FIELD_MEMO_TEXT3', 0, 'string-l', '', '', '', '', '', '', '', 0, NULL, 1000, NULL, NULL, '', '', 'system', systimestamp, '48', 0, 'entity.briefVendor.custMemoText3', '', '', '', '', '', '');
INSERT INTO CNT_FIELD_DEFINITION
 (ID, REVISION, PARENT_ID, FIELD_ID, COLUMN_NAME, COLUMN_TYPE, REPORT_COLUMN_NAME, PRODUCT_FIELD, FIELD_TYPE, ENTITY_LOOKUP, ENTITY_LOOKUP_KEY, ORDER_BY, GENERATOR, REFER_TABLE, KEY_COLUMN, LOOKUP_COLUMN, MANDATORY, MIN_LENGTH, MAX_LENGTH, MIN_VALUE, MAX_VALUE, CONSTANT_VALUE, UNIQUE_KEY, CREATE_USER, CREATED_ON, LINE_NO, MANAGED, FIELD_PATH, DATA_TYPE, DATA1, DATA2, TRANSITIVE_FIELDS, FORMULA, ENTITY_LOOKUP_TYPE)
VALUES ('eedf8589e5e5460abc1b5ec90587a7ee', 0, '68c84350a91e44c4b6b657ccb0ec3442', 'custMemoText4', 'CUST_MEMO_TEXT4', 'NVARCHAR2(1000)', 'CUSTOM_FIELD_MEMO_TEXT4', 0, 'string-l', '', '', '', '', '', '', '', 0, NULL, 1000, NULL, NULL, '', '', 'system', systimestamp, '49', 0, 'entity.briefVendor.custMemoText4', '', '', '', '', '', '');
INSERT INTO CNT_FIELD_DEFINITION
 (ID, REVISION, PARENT_ID, FIELD_ID, COLUMN_NAME, COLUMN_TYPE, REPORT_COLUMN_NAME, PRODUCT_FIELD, FIELD_TYPE, ENTITY_LOOKUP, ENTITY_LOOKUP_KEY, ORDER_BY, GENERATOR, REFER_TABLE, KEY_COLUMN, LOOKUP_COLUMN, MANDATORY, MIN_LENGTH, MAX_LENGTH, MIN_VALUE, MAX_VALUE, CONSTANT_VALUE, UNIQUE_KEY, CREATE_USER, CREATED_ON, LINE_NO, MANAGED, FIELD_PATH, DATA_TYPE, DATA1, DATA2, TRANSITIVE_FIELDS, FORMULA, ENTITY_LOOKUP_TYPE)
VALUES ('bb6aab92244b4e78bc7fef1280413b62', 0, '68c84350a91e44c4b6b657ccb0ec3442', 'custMemoText5', 'CUST_MEMO_TEXT5', 'NVARCHAR2(1000)', 'CUSTOM_FIELD_MEMO_TEXT5', 0, 'string-l', '', '', '', '', '', '', '', 0, NULL, 1000, NULL, NULL, '', '', 'system', systimestamp, '50', 0, 'entity.briefVendor.custMemoText5', '', '', '', '', '', '');
INSERT INTO CNT_FIELD_DEFINITION
 (ID, REVISION, PARENT_ID, FIELD_ID, COLUMN_NAME, COLUMN_TYPE, REPORT_COLUMN_NAME, PRODUCT_FIELD, FIELD_TYPE, ENTITY_LOOKUP, ENTITY_LOOKUP_KEY, ORDER_BY, GENERATOR, REFER_TABLE, KEY_COLUMN, LOOKUP_COLUMN, MANDATORY, MIN_LENGTH, MAX_LENGTH, MIN_VALUE, MAX_VALUE, CONSTANT_VALUE, UNIQUE_KEY, CREATE_USER, CREATED_ON, LINE_NO, MANAGED, FIELD_PATH, DATA_TYPE, DATA1, DATA2, TRANSITIVE_FIELDS, FORMULA, ENTITY_LOOKUP_TYPE)
VALUES ('cac8fb351e7b4885991ab09294845762', 0, '68c84350a91e44c4b6b657ccb0ec3442', 'custMemoText6', 'CUST_MEMO_TEXT6', 'NVARCHAR2(1000)', 'CUSTOM_FIELD_MEMO_TEXT6', 0, 'string-l', '', '', '', '', '', '', '', 0, NULL, 1000, NULL, NULL, '', '', 'system', systimestamp, '51', 0, 'entity.briefVendor.custMemoText6', '', '', '', '', '', '');
INSERT INTO CNT_FIELD_DEFINITION
 (ID, REVISION, PARENT_ID, FIELD_ID, COLUMN_NAME, COLUMN_TYPE, REPORT_COLUMN_NAME, PRODUCT_FIELD, FIELD_TYPE, ENTITY_LOOKUP, ENTITY_LOOKUP_KEY, ORDER_BY, GENERATOR, REFER_TABLE, KEY_COLUMN, LOOKUP_COLUMN, MANDATORY, MIN_LENGTH, MAX_LENGTH, MIN_VALUE, MAX_VALUE, CONSTANT_VALUE, UNIQUE_KEY, CREATE_USER, CREATED_ON, LINE_NO, MANAGED, FIELD_PATH, DATA_TYPE, DATA1, DATA2, TRANSITIVE_FIELDS, FORMULA, ENTITY_LOOKUP_TYPE)
VALUES ('b5a28589c2c64267acadec2a60164b85', 0, '68c84350a91e44c4b6b657ccb0ec3442', 'custMemoText7', 'CUST_MEMO_TEXT7', 'NVARCHAR2(1000)', 'CUSTOM_FIELD_MEMO_TEXT7', 0, 'string-l', '', '', '', '', '', '', '', 0, NULL, 1000, NULL, NULL, '', '', 'system', systimestamp, '52', 0, 'entity.briefVendor.custMemoText7', '', '', '', '', '', '');
INSERT INTO CNT_FIELD_DEFINITION
 (ID, REVISION, PARENT_ID, FIELD_ID, COLUMN_NAME, COLUMN_TYPE, REPORT_COLUMN_NAME, PRODUCT_FIELD, FIELD_TYPE, ENTITY_LOOKUP, ENTITY_LOOKUP_KEY, ORDER_BY, GENERATOR, REFER_TABLE, KEY_COLUMN, LOOKUP_COLUMN, MANDATORY, MIN_LENGTH, MAX_LENGTH, MIN_VALUE, MAX_VALUE, CONSTANT_VALUE, UNIQUE_KEY, CREATE_USER, CREATED_ON, LINE_NO, MANAGED, FIELD_PATH, DATA_TYPE, DATA1, DATA2, TRANSITIVE_FIELDS, FORMULA, ENTITY_LOOKUP_TYPE)
VALUES ('b9752d65ea99421c92c90c8999518583', 0, '68c84350a91e44c4b6b657ccb0ec3442', 'custHcl1', 'CUST_HCL1_ID', 'CHAR(32)', 'CUSTOM_FIELD_HCL_CODE_SYS_ID1', 0, 'entity', 'HclNode', 'id', '', '', '', '', '', 0, 32, 32, NULL, NULL, '', '', 'system', systimestamp, '53', 0, 'entity.briefVendor.custHcl1', '', '', '', '', '', '');
INSERT INTO CNT_FIELD_DEFINITION
 (ID, REVISION, PARENT_ID, FIELD_ID, COLUMN_NAME, COLUMN_TYPE, REPORT_COLUMN_NAME, PRODUCT_FIELD, FIELD_TYPE, ENTITY_LOOKUP, ENTITY_LOOKUP_KEY, ORDER_BY, GENERATOR, REFER_TABLE, KEY_COLUMN, LOOKUP_COLUMN, MANDATORY, MIN_LENGTH, MAX_LENGTH, MIN_VALUE, MAX_VALUE, CONSTANT_VALUE, UNIQUE_KEY, CREATE_USER, CREATED_ON, LINE_NO, MANAGED, FIELD_PATH, DATA_TYPE, DATA1, DATA2, TRANSITIVE_FIELDS, FORMULA, ENTITY_LOOKUP_TYPE)
VALUES ('121faeb8e4d44a6bbecbd2a36e51ad67', 0, '68c84350a91e44c4b6b657ccb0ec3442', 'custHcl2', 'CUST_HCL2_ID', 'CHAR(32)', 'CUSTOM_FIELD_HCL_CODE_SYS_ID2', 0, 'entity', 'HclNode', 'id', '', '', '', '', '', 0, 32, 32, NULL, NULL, '', '', 'system', systimestamp, '54', 0, 'entity.briefVendor.custHcl2', '', '', '', '', '', '');
INSERT INTO CNT_FIELD_DEFINITION
 (ID, REVISION, PARENT_ID, FIELD_ID, COLUMN_NAME, COLUMN_TYPE, REPORT_COLUMN_NAME, PRODUCT_FIELD, FIELD_TYPE, ENTITY_LOOKUP, ENTITY_LOOKUP_KEY, ORDER_BY, GENERATOR, REFER_TABLE, KEY_COLUMN, LOOKUP_COLUMN, MANDATORY, MIN_LENGTH, MAX_LENGTH, MIN_VALUE, MAX_VALUE, CONSTANT_VALUE, UNIQUE_KEY, CREATE_USER, CREATED_ON, LINE_NO, MANAGED, FIELD_PATH, DATA_TYPE, DATA1, DATA2, TRANSITIVE_FIELDS, FORMULA, ENTITY_LOOKUP_TYPE)
VALUES ('56205cc3a78c4648ae35bbfc2cf960cf', 0, '68c84350a91e44c4b6b657ccb0ec3442', 'custHcl3', 'CUST_HCL3_ID', 'CHAR(32)', 'CUSTOM_FIELD_HCL_CODE_SYS_ID3', 0, 'entity', 'HclNode', 'id', '', '', '', '', '', 0, 32, 32, NULL, NULL, '', '', 'system', systimestamp, '55', 0, 'entity.briefVendor.custHcl3', '', '', '', '', '', '');
INSERT INTO CNT_FIELD_DEFINITION
 (ID, REVISION, PARENT_ID, FIELD_ID, COLUMN_NAME, COLUMN_TYPE, REPORT_COLUMN_NAME, PRODUCT_FIELD, FIELD_TYPE, ENTITY_LOOKUP, ENTITY_LOOKUP_KEY, ORDER_BY, GENERATOR, REFER_TABLE, KEY_COLUMN, LOOKUP_COLUMN, MANDATORY, MIN_LENGTH, MAX_LENGTH, MIN_VALUE, MAX_VALUE, CONSTANT_VALUE, UNIQUE_KEY, CREATE_USER, CREATED_ON, LINE_NO, MANAGED, FIELD_PATH, DATA_TYPE, DATA1, DATA2, TRANSITIVE_FIELDS, FORMULA, ENTITY_LOOKUP_TYPE)
VALUES ('6eb667b6dacb4820b997fad23af4c9a5', 0, '68c84350a91e44c4b6b657ccb0ec3442', 'custHcl4', 'CUST_HCL4_ID', 'CHAR(32)', 'CUSTOM_FIELD_HCL_CODE_SYS_ID4', 0, 'entity', 'HclNode', 'id', '', '', '', '', '', 0, 32, 32, NULL, NULL, '', '', 'system', systimestamp, '56', 0, 'entity.briefVendor.custHcl4', '', '', '', '', '', '');
INSERT INTO CNT_FIELD_DEFINITION
 (ID, REVISION, PARENT_ID, FIELD_ID, COLUMN_NAME, COLUMN_TYPE, REPORT_COLUMN_NAME, PRODUCT_FIELD, FIELD_TYPE, ENTITY_LOOKUP, ENTITY_LOOKUP_KEY, ORDER_BY, GENERATOR, REFER_TABLE, KEY_COLUMN, LOOKUP_COLUMN, MANDATORY, MIN_LENGTH, MAX_LENGTH, MIN_VALUE, MAX_VALUE, CONSTANT_VALUE, UNIQUE_KEY, CREATE_USER, CREATED_ON, LINE_NO, MANAGED, FIELD_PATH, DATA_TYPE, DATA1, DATA2, TRANSITIVE_FIELDS, FORMULA, ENTITY_LOOKUP_TYPE)
VALUES ('cc8c33db048341bdb30b5ef4352c278a', 0, '68c84350a91e44c4b6b657ccb0ec3442', 'custHcl5', 'CUST_HCL5_ID', 'CHAR(32)', 'CUSTOM_FIELD_HCL_CODE_SYS_ID5', 0, 'entity', 'HclNode', 'id', '', '', '', '', '', 0, 32, 32, NULL, NULL, '', '', 'system', systimestamp, '57', 0, 'entity.briefVendor.custHcl5', '', '', '', '', '', '');
INSERT INTO CNT_FIELD_DEFINITION
 (ID, REVISION, PARENT_ID, FIELD_ID, COLUMN_NAME, COLUMN_TYPE, REPORT_COLUMN_NAME, PRODUCT_FIELD, FIELD_TYPE, ENTITY_LOOKUP, ENTITY_LOOKUP_KEY, ORDER_BY, GENERATOR, REFER_TABLE, KEY_COLUMN, LOOKUP_COLUMN, MANDATORY, MIN_LENGTH, MAX_LENGTH, MIN_VALUE, MAX_VALUE, CONSTANT_VALUE, UNIQUE_KEY, CREATE_USER, CREATED_ON, LINE_NO, MANAGED, FIELD_PATH, DATA_TYPE, DATA1, DATA2, TRANSITIVE_FIELDS, FORMULA, ENTITY_LOOKUP_TYPE)
VALUES ('f2b02a781dd54bf381fdefd220dba36e', 0, '68c84350a91e44c4b6b657ccb0ec3442', 'vendorRef', 'VENDOR_REF', 'NVARCHAR2(1000)', 'N/A', 1, 'string-l', '', '', '', '', '', '', '', 0, NULL, 1000, NULL, NULL, '', '', 'system', systimestamp, '58', 0, 'entity.briefVendor.vendorRef', '', '', '', '', '', '');
INSERT INTO CNT_FIELD_DEFINITION
 (ID, REVISION, PARENT_ID, FIELD_ID, COLUMN_NAME, COLUMN_TYPE, REPORT_COLUMN_NAME, PRODUCT_FIELD, FIELD_TYPE, ENTITY_LOOKUP, ENTITY_LOOKUP_KEY, ORDER_BY, GENERATOR, REFER_TABLE, KEY_COLUMN, LOOKUP_COLUMN, MANDATORY, MIN_LENGTH, MAX_LENGTH, MIN_VALUE, MAX_VALUE, CONSTANT_VALUE, UNIQUE_KEY, CREATE_USER, CREATED_ON, LINE_NO, MANAGED, FIELD_PATH, DATA_TYPE, DATA1, DATA2, TRANSITIVE_FIELDS, FORMULA, ENTITY_LOOKUP_TYPE)
VALUES ('5d4792ca53ba41e7bc72f07897c45c42', 0, '68c84350a91e44c4b6b657ccb0ec3442', 'vendorVer', 'VENDOR_VER', 'NUMBER(20, 0)', 'N/A', 1, 'integer', '', '', '', '', '', '', '', 0, NULL, 18, NULL, NULL, '', '', 'system', systimestamp, '59', 0, 'entity.briefVendor.vendorVer', '', '', '', '', '', '');
INSERT INTO CNT_FIELD_DEFINITION
 (ID, REVISION, PARENT_ID, FIELD_ID, COLUMN_NAME, COLUMN_TYPE, REPORT_COLUMN_NAME, PRODUCT_FIELD, FIELD_TYPE, ENTITY_LOOKUP, ENTITY_LOOKUP_KEY, ORDER_BY, GENERATOR, REFER_TABLE, KEY_COLUMN, LOOKUP_COLUMN, MANDATORY, MIN_LENGTH, MAX_LENGTH, MIN_VALUE, MAX_VALUE, CONSTANT_VALUE, UNIQUE_KEY, CREATE_USER, CREATED_ON, LINE_NO, MANAGED, FIELD_PATH, DATA_TYPE, DATA1, DATA2, TRANSITIVE_FIELDS, FORMULA, ENTITY_LOOKUP_TYPE)
VALUES ('d866e426882241be9023ffe99469b58d', 0, '68c84350a91e44c4b6b657ccb0ec3442', 'statusName', 'STATUS_NAME', 'NVARCHAR2(400)', 'N/A', 1, 'string-m', '', '', '', '', '', '', '', 0, NULL, 400, NULL, NULL, '', '', 'system', systimestamp, '60', 0, 'entity.briefVendor.statusName', '', '', '', '', '', '');
INSERT INTO CNT_FIELD_DEFINITION
 (ID, REVISION, PARENT_ID, FIELD_ID, COLUMN_NAME, COLUMN_TYPE, REPORT_COLUMN_NAME, PRODUCT_FIELD, FIELD_TYPE, ENTITY_LOOKUP, ENTITY_LOOKUP_KEY, ORDER_BY, GENERATOR, REFER_TABLE, KEY_COLUMN, LOOKUP_COLUMN, MANDATORY, MIN_LENGTH, MAX_LENGTH, MIN_VALUE, MAX_VALUE, CONSTANT_VALUE, UNIQUE_KEY, CREATE_USER, CREATED_ON, LINE_NO, MANAGED, FIELD_PATH, DATA_TYPE, DATA1, DATA2, TRANSITIVE_FIELDS, FORMULA, ENTITY_LOOKUP_TYPE)
VALUES ('6fbefdc3fc934ae2985799c4c6ea4e36', 0, '68c84350a91e44c4b6b657ccb0ec3442', 'custCodelist1Name', 'CUST_CODELIST1_NAME', 'NVARCHAR2(400)', 'N/A', 0, 'string-m', '', '', '', '', '', '', '', 0, NULL, 400, NULL, NULL, '', '', 'system', systimestamp, '61', 0, 'entity.briefVendor.custCodelist1Name', '', '', '', '', '', '');
INSERT INTO CNT_FIELD_DEFINITION
 (ID, REVISION, PARENT_ID, FIELD_ID, COLUMN_NAME, COLUMN_TYPE, REPORT_COLUMN_NAME, PRODUCT_FIELD, FIELD_TYPE, ENTITY_LOOKUP, ENTITY_LOOKUP_KEY, ORDER_BY, GENERATOR, REFER_TABLE, KEY_COLUMN, LOOKUP_COLUMN, MANDATORY, MIN_LENGTH, MAX_LENGTH, MIN_VALUE, MAX_VALUE, CONSTANT_VALUE, UNIQUE_KEY, CREATE_USER, CREATED_ON, LINE_NO, MANAGED, FIELD_PATH, DATA_TYPE, DATA1, DATA2, TRANSITIVE_FIELDS, FORMULA, ENTITY_LOOKUP_TYPE)
VALUES ('34912f5dad4a4192888cde9085d86ffd', 0, '68c84350a91e44c4b6b657ccb0ec3442', 'custCodelist2Name', 'CUST_CODELIST2_NAME', 'NVARCHAR2(400)', 'N/A', 0, 'string-m', '', '', '', '', '', '', '', 0, NULL, 400, NULL, NULL, '', '', 'system', systimestamp, '62', 0, 'entity.briefVendor.custCodelist2Name', '', '', '', '', '', '');
INSERT INTO CNT_FIELD_DEFINITION
 (ID, REVISION, PARENT_ID, FIELD_ID, COLUMN_NAME, COLUMN_TYPE, REPORT_COLUMN_NAME, PRODUCT_FIELD, FIELD_TYPE, ENTITY_LOOKUP, ENTITY_LOOKUP_KEY, ORDER_BY, GENERATOR, REFER_TABLE, KEY_COLUMN, LOOKUP_COLUMN, MANDATORY, MIN_LENGTH, MAX_LENGTH, MIN_VALUE, MAX_VALUE, CONSTANT_VALUE, UNIQUE_KEY, CREATE_USER, CREATED_ON, LINE_NO, MANAGED, FIELD_PATH, DATA_TYPE, DATA1, DATA2, TRANSITIVE_FIELDS, FORMULA, ENTITY_LOOKUP_TYPE)
VALUES ('63cc93a1d5ef4113a8c13221fd24fb65', 0, '68c84350a91e44c4b6b657ccb0ec3442', 'custCodelist3Name', 'CUST_CODELIST3_NAME', 'NVARCHAR2(400)', 'N/A', 0, 'string-m', '', '', '', '', '', '', '', 0, NULL, 400, NULL, NULL, '', '', 'system', systimestamp, '63', 0, 'entity.briefVendor.custCodelist3Name', '', '', '', '', '', '');
INSERT INTO CNT_FIELD_DEFINITION
 (ID, REVISION, PARENT_ID, FIELD_ID, COLUMN_NAME, COLUMN_TYPE, REPORT_COLUMN_NAME, PRODUCT_FIELD, FIELD_TYPE, ENTITY_LOOKUP, ENTITY_LOOKUP_KEY, ORDER_BY, GENERATOR, REFER_TABLE, KEY_COLUMN, LOOKUP_COLUMN, MANDATORY, MIN_LENGTH, MAX_LENGTH, MIN_VALUE, MAX_VALUE, CONSTANT_VALUE, UNIQUE_KEY, CREATE_USER, CREATED_ON, LINE_NO, MANAGED, FIELD_PATH, DATA_TYPE, DATA1, DATA2, TRANSITIVE_FIELDS, FORMULA, ENTITY_LOOKUP_TYPE)
VALUES ('ef6392107192426e91f35fb210327651', 0, '68c84350a91e44c4b6b657ccb0ec3442', 'custCodelist4Name', 'CUST_CODELIST4_NAME', 'NVARCHAR2(400)', 'N/A', 0, 'string-m', '', '', '', '', '', '', '', 0, NULL, 400, NULL, NULL, '', '', 'system', systimestamp, '64', 0, 'entity.briefVendor.custCodelist4Name', '', '', '', '', '', '');
INSERT INTO CNT_FIELD_DEFINITION
 (ID, REVISION, PARENT_ID, FIELD_ID, COLUMN_NAME, COLUMN_TYPE, REPORT_COLUMN_NAME, PRODUCT_FIELD, FIELD_TYPE, ENTITY_LOOKUP, ENTITY_LOOKUP_KEY, ORDER_BY, GENERATOR, REFER_TABLE, KEY_COLUMN, LOOKUP_COLUMN, MANDATORY, MIN_LENGTH, MAX_LENGTH, MIN_VALUE, MAX_VALUE, CONSTANT_VALUE, UNIQUE_KEY, CREATE_USER, CREATED_ON, LINE_NO, MANAGED, FIELD_PATH, DATA_TYPE, DATA1, DATA2, TRANSITIVE_FIELDS, FORMULA, ENTITY_LOOKUP_TYPE)
VALUES ('e9d0995d6d3c447db74f587902150d09', 0, '68c84350a91e44c4b6b657ccb0ec3442', 'custCodelist5Name', 'CUST_CODELIST5_NAME', 'NVARCHAR2(400)', 'N/A', 0, 'string-m', '', '', '', '', '', '', '', 0, NULL, 400, NULL, NULL, '', '', 'system', systimestamp, '65', 0, 'entity.briefVendor.custCodelist5Name', '', '', '', '', '', '');
INSERT INTO CNT_FIELD_DEFINITION
 (ID, REVISION, PARENT_ID, FIELD_ID, COLUMN_NAME, COLUMN_TYPE, REPORT_COLUMN_NAME, PRODUCT_FIELD, FIELD_TYPE, ENTITY_LOOKUP, ENTITY_LOOKUP_KEY, ORDER_BY, GENERATOR, REFER_TABLE, KEY_COLUMN, LOOKUP_COLUMN, MANDATORY, MIN_LENGTH, MAX_LENGTH, MIN_VALUE, MAX_VALUE, CONSTANT_VALUE, UNIQUE_KEY, CREATE_USER, CREATED_ON, LINE_NO, MANAGED, FIELD_PATH, DATA_TYPE, DATA1, DATA2, TRANSITIVE_FIELDS, FORMULA, ENTITY_LOOKUP_TYPE)
VALUES ('0c85d4862d464428ae04703b64af591f', 0, '68c84350a91e44c4b6b657ccb0ec3442', 'custCodelist6Name', 'CUST_CODELIST6_NAME', 'NVARCHAR2(400)', 'N/A', 0, 'string-m', '', '', '', '', '', '', '', 0, NULL, 400, NULL, NULL, '', '', 'system', systimestamp, '66', 0, 'entity.briefVendor.custCodelist6Name', '', '', '', '', '', '');
INSERT INTO CNT_FIELD_DEFINITION
 (ID, REVISION, PARENT_ID, FIELD_ID, COLUMN_NAME, COLUMN_TYPE, REPORT_COLUMN_NAME, PRODUCT_FIELD, FIELD_TYPE, ENTITY_LOOKUP, ENTITY_LOOKUP_KEY, ORDER_BY, GENERATOR, REFER_TABLE, KEY_COLUMN, LOOKUP_COLUMN, MANDATORY, MIN_LENGTH, MAX_LENGTH, MIN_VALUE, MAX_VALUE, CONSTANT_VALUE, UNIQUE_KEY, CREATE_USER, CREATED_ON, LINE_NO, MANAGED, FIELD_PATH, DATA_TYPE, DATA1, DATA2, TRANSITIVE_FIELDS, FORMULA, ENTITY_LOOKUP_TYPE)
VALUES ('5403b9dcf0d64b73847be0aa438ce5b6', 0, '68c84350a91e44c4b6b657ccb0ec3442', 'custCodelist7Name', 'CUST_CODELIST7_NAME', 'NVARCHAR2(400)', 'N/A', 0, 'string-m', '', '', '', '', '', '', '', 0, NULL, 400, NULL, NULL, '', '', 'system', systimestamp, '67', 0, 'entity.briefVendor.custCodelist7Name', '', '', '', '', '', '');
INSERT INTO CNT_FIELD_DEFINITION
 (ID, REVISION, PARENT_ID, FIELD_ID, COLUMN_NAME, COLUMN_TYPE, REPORT_COLUMN_NAME, PRODUCT_FIELD, FIELD_TYPE, ENTITY_LOOKUP, ENTITY_LOOKUP_KEY, ORDER_BY, GENERATOR, REFER_TABLE, KEY_COLUMN, LOOKUP_COLUMN, MANDATORY, MIN_LENGTH, MAX_LENGTH, MIN_VALUE, MAX_VALUE, CONSTANT_VALUE, UNIQUE_KEY, CREATE_USER, CREATED_ON, LINE_NO, MANAGED, FIELD_PATH, DATA_TYPE, DATA1, DATA2, TRANSITIVE_FIELDS, FORMULA, ENTITY_LOOKUP_TYPE)
VALUES ('12d612579a634a03bf0aecd2bc80edfd', 0, '68c84350a91e44c4b6b657ccb0ec3442', 'custHcl1Ref', 'CUST_HCL1_REF', 'NVARCHAR2(1000)', 'N/A', 0, 'string-l', '', '', '', '', '', '', '', 0, NULL, 1000, NULL, NULL, '', '', 'system', systimestamp, '68', 0, 'entity.briefVendor.custHcl1Ref', '', '', '', '', '', '');
INSERT INTO CNT_FIELD_DEFINITION
 (ID, REVISION, PARENT_ID, FIELD_ID, COLUMN_NAME, COLUMN_TYPE, REPORT_COLUMN_NAME, PRODUCT_FIELD, FIELD_TYPE, ENTITY_LOOKUP, ENTITY_LOOKUP_KEY, ORDER_BY, GENERATOR, REFER_TABLE, KEY_COLUMN, LOOKUP_COLUMN, MANDATORY, MIN_LENGTH, MAX_LENGTH, MIN_VALUE, MAX_VALUE, CONSTANT_VALUE, UNIQUE_KEY, CREATE_USER, CREATED_ON, LINE_NO, MANAGED, FIELD_PATH, DATA_TYPE, DATA1, DATA2, TRANSITIVE_FIELDS, FORMULA, ENTITY_LOOKUP_TYPE)
VALUES ('511e64a27b1344029b11bfbdd3c9707f', 0, '68c84350a91e44c4b6b657ccb0ec3442', 'custHcl1Ver', 'CUST_HCL1_VER', 'NUMBER(20, 0)', 'N/A', 0, 'integer', '', '', '', '', '', '', '', 0, NULL, 18, NULL, NULL, '', '', 'system', systimestamp, '69', 0, 'entity.briefVendor.custHcl1Ver', '', '', '', '', '', '');
INSERT INTO CNT_FIELD_DEFINITION
 (ID, REVISION, PARENT_ID, FIELD_ID, COLUMN_NAME, COLUMN_TYPE, REPORT_COLUMN_NAME, PRODUCT_FIELD, FIELD_TYPE, ENTITY_LOOKUP, ENTITY_LOOKUP_KEY, ORDER_BY, GENERATOR, REFER_TABLE, KEY_COLUMN, LOOKUP_COLUMN, MANDATORY, MIN_LENGTH, MAX_LENGTH, MIN_VALUE, MAX_VALUE, CONSTANT_VALUE, UNIQUE_KEY, CREATE_USER, CREATED_ON, LINE_NO, MANAGED, FIELD_PATH, DATA_TYPE, DATA1, DATA2, TRANSITIVE_FIELDS, FORMULA, ENTITY_LOOKUP_TYPE)
VALUES ('1a2e65fbd3f04be49e0243ac90ca8759', 0, '68c84350a91e44c4b6b657ccb0ec3442', 'custHcl1Ref2', 'CUST_HCL1_REF2', 'NVARCHAR2(1000)', 'N/A', 0, 'string-l', '', '', '', '', '', '', '', 0, NULL, 1000, NULL, NULL, '', '', 'system', systimestamp, '70', 0, 'entity.briefVendor.custHcl1Ref2', '', '', '', '', '', '');
INSERT INTO CNT_FIELD_DEFINITION
 (ID, REVISION, PARENT_ID, FIELD_ID, COLUMN_NAME, COLUMN_TYPE, REPORT_COLUMN_NAME, PRODUCT_FIELD, FIELD_TYPE, ENTITY_LOOKUP, ENTITY_LOOKUP_KEY, ORDER_BY, GENERATOR, REFER_TABLE, KEY_COLUMN, LOOKUP_COLUMN, MANDATORY, MIN_LENGTH, MAX_LENGTH, MIN_VALUE, MAX_VALUE, CONSTANT_VALUE, UNIQUE_KEY, CREATE_USER, CREATED_ON, LINE_NO, MANAGED, FIELD_PATH, DATA_TYPE, DATA1, DATA2, TRANSITIVE_FIELDS, FORMULA, ENTITY_LOOKUP_TYPE)
VALUES ('cef708a1fcc045488c3116244834a23f', 0, '68c84350a91e44c4b6b657ccb0ec3442', 'custHcl1FullLineage', 'CUST_HCL1_FULL_LINEAGE', 'NVARCHAR2(1000)', 'N/A', 0, 'string-l', '', '', '', '', '', '', '', 0, NULL, 1000, NULL, NULL, '', '', 'system', systimestamp, '71', 0, 'entity.briefVendor.custHcl1FullLineage', '', '', '', '', '', '');
INSERT INTO CNT_FIELD_DEFINITION
 (ID, REVISION, PARENT_ID, FIELD_ID, COLUMN_NAME, COLUMN_TYPE, REPORT_COLUMN_NAME, PRODUCT_FIELD, FIELD_TYPE, ENTITY_LOOKUP, ENTITY_LOOKUP_KEY, ORDER_BY, GENERATOR, REFER_TABLE, KEY_COLUMN, LOOKUP_COLUMN, MANDATORY, MIN_LENGTH, MAX_LENGTH, MIN_VALUE, MAX_VALUE, CONSTANT_VALUE, UNIQUE_KEY, CREATE_USER, CREATED_ON, LINE_NO, MANAGED, FIELD_PATH, DATA_TYPE, DATA1, DATA2, TRANSITIVE_FIELDS, FORMULA, ENTITY_LOOKUP_TYPE)
VALUES ('530fd219464946f892fff5c5afe9d072', 0, '68c84350a91e44c4b6b657ccb0ec3442', 'custHcl2Ref', 'CUST_HCL2_REF', 'NVARCHAR2(1000)', 'N/A', 0, 'string-l', '', '', '', '', '', '', '', 0, NULL, 1000, NULL, NULL, '', '', 'system', systimestamp, '72', 0, 'entity.briefVendor.custHcl2Ref', '', '', '', '', '', '');
INSERT INTO CNT_FIELD_DEFINITION
 (ID, REVISION, PARENT_ID, FIELD_ID, COLUMN_NAME, COLUMN_TYPE, REPORT_COLUMN_NAME, PRODUCT_FIELD, FIELD_TYPE, ENTITY_LOOKUP, ENTITY_LOOKUP_KEY, ORDER_BY, GENERATOR, REFER_TABLE, KEY_COLUMN, LOOKUP_COLUMN, MANDATORY, MIN_LENGTH, MAX_LENGTH, MIN_VALUE, MAX_VALUE, CONSTANT_VALUE, UNIQUE_KEY, CREATE_USER, CREATED_ON, LINE_NO, MANAGED, FIELD_PATH, DATA_TYPE, DATA1, DATA2, TRANSITIVE_FIELDS, FORMULA, ENTITY_LOOKUP_TYPE)
VALUES ('f7b5c492f8b448e09008c1e999372d2c', 0, '68c84350a91e44c4b6b657ccb0ec3442', 'custHcl2Ver', 'CUST_HCL2_VER', 'NUMBER(20, 0)', 'N/A', 0, 'integer', '', '', '', '', '', '', '', 0, NULL, 18, NULL, NULL, '', '', 'system', systimestamp, '73', 0, 'entity.briefVendor.custHcl2Ver', '', '', '', '', '', '');
INSERT INTO CNT_FIELD_DEFINITION
 (ID, REVISION, PARENT_ID, FIELD_ID, COLUMN_NAME, COLUMN_TYPE, REPORT_COLUMN_NAME, PRODUCT_FIELD, FIELD_TYPE, ENTITY_LOOKUP, ENTITY_LOOKUP_KEY, ORDER_BY, GENERATOR, REFER_TABLE, KEY_COLUMN, LOOKUP_COLUMN, MANDATORY, MIN_LENGTH, MAX_LENGTH, MIN_VALUE, MAX_VALUE, CONSTANT_VALUE, UNIQUE_KEY, CREATE_USER, CREATED_ON, LINE_NO, MANAGED, FIELD_PATH, DATA_TYPE, DATA1, DATA2, TRANSITIVE_FIELDS, FORMULA, ENTITY_LOOKUP_TYPE)
VALUES ('e4dedf3325d64469950fb2501474755a', 0, '68c84350a91e44c4b6b657ccb0ec3442', 'custHcl2Ref2', 'CUST_HCL2_REF2', 'NVARCHAR2(1000)', 'N/A', 0, 'string-l', '', '', '', '', '', '', '', 0, NULL, 1000, NULL, NULL, '', '', 'system', systimestamp, '74', 0, 'entity.briefVendor.custHcl2Ref2', '', '', '', '', '', '');
INSERT INTO CNT_FIELD_DEFINITION
 (ID, REVISION, PARENT_ID, FIELD_ID, COLUMN_NAME, COLUMN_TYPE, REPORT_COLUMN_NAME, PRODUCT_FIELD, FIELD_TYPE, ENTITY_LOOKUP, ENTITY_LOOKUP_KEY, ORDER_BY, GENERATOR, REFER_TABLE, KEY_COLUMN, LOOKUP_COLUMN, MANDATORY, MIN_LENGTH, MAX_LENGTH, MIN_VALUE, MAX_VALUE, CONSTANT_VALUE, UNIQUE_KEY, CREATE_USER, CREATED_ON, LINE_NO, MANAGED, FIELD_PATH, DATA_TYPE, DATA1, DATA2, TRANSITIVE_FIELDS, FORMULA, ENTITY_LOOKUP_TYPE)
VALUES ('e095ecf597454f7b8518c5bdaaf5a449', 0, '68c84350a91e44c4b6b657ccb0ec3442', 'custHcl2FullLineage', 'CUST_HCL2_FULL_LINEAGE', 'NVARCHAR2(1000)', 'N/A', 0, 'string-l', '', '', '', '', '', '', '', 0, NULL, 1000, NULL, NULL, '', '', 'system', systimestamp, '75', 0, 'entity.briefVendor.custHcl2FullLineage', '', '', '', '', '', '');
INSERT INTO CNT_FIELD_DEFINITION
 (ID, REVISION, PARENT_ID, FIELD_ID, COLUMN_NAME, COLUMN_TYPE, REPORT_COLUMN_NAME, PRODUCT_FIELD, FIELD_TYPE, ENTITY_LOOKUP, ENTITY_LOOKUP_KEY, ORDER_BY, GENERATOR, REFER_TABLE, KEY_COLUMN, LOOKUP_COLUMN, MANDATORY, MIN_LENGTH, MAX_LENGTH, MIN_VALUE, MAX_VALUE, CONSTANT_VALUE, UNIQUE_KEY, CREATE_USER, CREATED_ON, LINE_NO, MANAGED, FIELD_PATH, DATA_TYPE, DATA1, DATA2, TRANSITIVE_FIELDS, FORMULA, ENTITY_LOOKUP_TYPE)
VALUES ('4b7b191b582b457681fe180c4a5354a2', 0, '68c84350a91e44c4b6b657ccb0ec3442', 'custHcl3Ref', 'CUST_HCL3_REF', 'NVARCHAR2(1000)', 'N/A', 0, 'string-l', '', '', '', '', '', '', '', 0, NULL, 1000, NULL, NULL, '', '', 'system', systimestamp, '76', 0, 'entity.briefVendor.custHcl3Ref', '', '', '', '', '', '');
INSERT INTO CNT_FIELD_DEFINITION
 (ID, REVISION, PARENT_ID, FIELD_ID, COLUMN_NAME, COLUMN_TYPE, REPORT_COLUMN_NAME, PRODUCT_FIELD, FIELD_TYPE, ENTITY_LOOKUP, ENTITY_LOOKUP_KEY, ORDER_BY, GENERATOR, REFER_TABLE, KEY_COLUMN, LOOKUP_COLUMN, MANDATORY, MIN_LENGTH, MAX_LENGTH, MIN_VALUE, MAX_VALUE, CONSTANT_VALUE, UNIQUE_KEY, CREATE_USER, CREATED_ON, LINE_NO, MANAGED, FIELD_PATH, DATA_TYPE, DATA1, DATA2, TRANSITIVE_FIELDS, FORMULA, ENTITY_LOOKUP_TYPE)
VALUES ('e991af116432427983b77645ad395772', 0, '68c84350a91e44c4b6b657ccb0ec3442', 'custHcl3Ver', 'CUST_HCL3_VER', 'NUMBER(20, 0)', 'N/A', 0, 'integer', '', '', '', '', '', '', '', 0, NULL, 18, NULL, NULL, '', '', 'system', systimestamp, '77', 0, 'entity.briefVendor.custHcl3Ver', '', '', '', '', '', '');
INSERT INTO CNT_FIELD_DEFINITION
 (ID, REVISION, PARENT_ID, FIELD_ID, COLUMN_NAME, COLUMN_TYPE, REPORT_COLUMN_NAME, PRODUCT_FIELD, FIELD_TYPE, ENTITY_LOOKUP, ENTITY_LOOKUP_KEY, ORDER_BY, GENERATOR, REFER_TABLE, KEY_COLUMN, LOOKUP_COLUMN, MANDATORY, MIN_LENGTH, MAX_LENGTH, MIN_VALUE, MAX_VALUE, CONSTANT_VALUE, UNIQUE_KEY, CREATE_USER, CREATED_ON, LINE_NO, MANAGED, FIELD_PATH, DATA_TYPE, DATA1, DATA2, TRANSITIVE_FIELDS, FORMULA, ENTITY_LOOKUP_TYPE)
VALUES ('dbcf617f14db4e28adc8c4acc144830c', 0, '68c84350a91e44c4b6b657ccb0ec3442', 'custHcl3Ref2', 'CUST_HCL3_REF2', 'NVARCHAR2(1000)', 'N/A', 0, 'string-l', '', '', '', '', '', '', '', 0, NULL, 1000, NULL, NULL, '', '', 'system', systimestamp, '78', 0, 'entity.briefVendor.custHcl3Ref2', '', '', '', '', '', '');
INSERT INTO CNT_FIELD_DEFINITION
 (ID, REVISION, PARENT_ID, FIELD_ID, COLUMN_NAME, COLUMN_TYPE, REPORT_COLUMN_NAME, PRODUCT_FIELD, FIELD_TYPE, ENTITY_LOOKUP, ENTITY_LOOKUP_KEY, ORDER_BY, GENERATOR, REFER_TABLE, KEY_COLUMN, LOOKUP_COLUMN, MANDATORY, MIN_LENGTH, MAX_LENGTH, MIN_VALUE, MAX_VALUE, CONSTANT_VALUE, UNIQUE_KEY, CREATE_USER, CREATED_ON, LINE_NO, MANAGED, FIELD_PATH, DATA_TYPE, DATA1, DATA2, TRANSITIVE_FIELDS, FORMULA, ENTITY_LOOKUP_TYPE)
VALUES ('9a2552abc3f041158dfc63505ef808ac', 0, '68c84350a91e44c4b6b657ccb0ec3442', 'custHcl3FullLineage', 'CUST_HCL3_FULL_LINEAGE', 'NVARCHAR2(1000)', 'N/A', 0, 'string-l', '', '', '', '', '', '', '', 0, NULL, 1000, NULL, NULL, '', '', 'system', systimestamp, '79', 0, 'entity.briefVendor.custHcl3FullLineage', '', '', '', '', '', '');
INSERT INTO CNT_FIELD_DEFINITION
 (ID, REVISION, PARENT_ID, FIELD_ID, COLUMN_NAME, COLUMN_TYPE, REPORT_COLUMN_NAME, PRODUCT_FIELD, FIELD_TYPE, ENTITY_LOOKUP, ENTITY_LOOKUP_KEY, ORDER_BY, GENERATOR, REFER_TABLE, KEY_COLUMN, LOOKUP_COLUMN, MANDATORY, MIN_LENGTH, MAX_LENGTH, MIN_VALUE, MAX_VALUE, CONSTANT_VALUE, UNIQUE_KEY, CREATE_USER, CREATED_ON, LINE_NO, MANAGED, FIELD_PATH, DATA_TYPE, DATA1, DATA2, TRANSITIVE_FIELDS, FORMULA, ENTITY_LOOKUP_TYPE)
VALUES ('7a6ea8f499524af4a1be30beab61695d', 0, '68c84350a91e44c4b6b657ccb0ec3442', 'custHcl4Ref', 'CUST_HCL4_REF', 'NVARCHAR2(1000)', 'N/A', 0, 'string-l', '', '', '', '', '', '', '', 0, NULL, 1000, NULL, NULL, '', '', 'system', systimestamp, '80', 0, 'entity.briefVendor.custHcl4Ref', '', '', '', '', '', '');
INSERT INTO CNT_FIELD_DEFINITION
 (ID, REVISION, PARENT_ID, FIELD_ID, COLUMN_NAME, COLUMN_TYPE, REPORT_COLUMN_NAME, PRODUCT_FIELD, FIELD_TYPE, ENTITY_LOOKUP, ENTITY_LOOKUP_KEY, ORDER_BY, GENERATOR, REFER_TABLE, KEY_COLUMN, LOOKUP_COLUMN, MANDATORY, MIN_LENGTH, MAX_LENGTH, MIN_VALUE, MAX_VALUE, CONSTANT_VALUE, UNIQUE_KEY, CREATE_USER, CREATED_ON, LINE_NO, MANAGED, FIELD_PATH, DATA_TYPE, DATA1, DATA2, TRANSITIVE_FIELDS, FORMULA, ENTITY_LOOKUP_TYPE)
VALUES ('ea00b8b1d41b4ac0af016a93d1750167', 0, '68c84350a91e44c4b6b657ccb0ec3442', 'custHcl4Ver', 'CUST_HCL4_VER', 'NUMBER(20, 0)', 'N/A', 0, 'integer', '', '', '', '', '', '', '', 0, NULL, 18, NULL, NULL, '', '', 'system', systimestamp, '81', 0, 'entity.briefVendor.custHcl4Ver', '', '', '', '', '', '');
INSERT INTO CNT_FIELD_DEFINITION
 (ID, REVISION, PARENT_ID, FIELD_ID, COLUMN_NAME, COLUMN_TYPE, REPORT_COLUMN_NAME, PRODUCT_FIELD, FIELD_TYPE, ENTITY_LOOKUP, ENTITY_LOOKUP_KEY, ORDER_BY, GENERATOR, REFER_TABLE, KEY_COLUMN, LOOKUP_COLUMN, MANDATORY, MIN_LENGTH, MAX_LENGTH, MIN_VALUE, MAX_VALUE, CONSTANT_VALUE, UNIQUE_KEY, CREATE_USER, CREATED_ON, LINE_NO, MANAGED, FIELD_PATH, DATA_TYPE, DATA1, DATA2, TRANSITIVE_FIELDS, FORMULA, ENTITY_LOOKUP_TYPE)
VALUES ('226be115b8a742648ffa14e640686f8a', 0, '68c84350a91e44c4b6b657ccb0ec3442', 'custHcl4Ref2', 'CUST_HCL4_REF2', 'NVARCHAR2(1000)', 'N/A', 0, 'string-l', '', '', '', '', '', '', '', 0, NULL, 1000, NULL, NULL, '', '', 'system', systimestamp, '82', 0, 'entity.briefVendor.custHcl4Ref2', '', '', '', '', '', '');
INSERT INTO CNT_FIELD_DEFINITION
 (ID, REVISION, PARENT_ID, FIELD_ID, COLUMN_NAME, COLUMN_TYPE, REPORT_COLUMN_NAME, PRODUCT_FIELD, FIELD_TYPE, ENTITY_LOOKUP, ENTITY_LOOKUP_KEY, ORDER_BY, GENERATOR, REFER_TABLE, KEY_COLUMN, LOOKUP_COLUMN, MANDATORY, MIN_LENGTH, MAX_LENGTH, MIN_VALUE, MAX_VALUE, CONSTANT_VALUE, UNIQUE_KEY, CREATE_USER, CREATED_ON, LINE_NO, MANAGED, FIELD_PATH, DATA_TYPE, DATA1, DATA2, TRANSITIVE_FIELDS, FORMULA, ENTITY_LOOKUP_TYPE)
VALUES ('86c5e78411f04798827d14e99b1cd22d', 0, '68c84350a91e44c4b6b657ccb0ec3442', 'custHcl4FullLineage', 'CUST_HCL4_FULL_LINEAGE', 'NVARCHAR2(1000)', 'N/A', 0, 'string-l', '', '', '', '', '', '', '', 0, NULL, 1000, NULL, NULL, '', '', 'system', systimestamp, '83', 0, 'entity.briefVendor.custHcl4FullLineage', '', '', '', '', '', '');
INSERT INTO CNT_FIELD_DEFINITION
 (ID, REVISION, PARENT_ID, FIELD_ID, COLUMN_NAME, COLUMN_TYPE, REPORT_COLUMN_NAME, PRODUCT_FIELD, FIELD_TYPE, ENTITY_LOOKUP, ENTITY_LOOKUP_KEY, ORDER_BY, GENERATOR, REFER_TABLE, KEY_COLUMN, LOOKUP_COLUMN, MANDATORY, MIN_LENGTH, MAX_LENGTH, MIN_VALUE, MAX_VALUE, CONSTANT_VALUE, UNIQUE_KEY, CREATE_USER, CREATED_ON, LINE_NO, MANAGED, FIELD_PATH, DATA_TYPE, DATA1, DATA2, TRANSITIVE_FIELDS, FORMULA, ENTITY_LOOKUP_TYPE)
VALUES ('b9d5d5dc15ce4cd9a399562bc75b8100', 0, '68c84350a91e44c4b6b657ccb0ec3442', 'custHcl5Ref', 'CUST_HCL5_REF', 'NVARCHAR2(1000)', 'N/A', 0, 'string-l', '', '', '', '', '', '', '', 0, NULL, 1000, NULL, NULL, '', '', 'system', systimestamp, '84', 0, 'entity.briefVendor.custHcl5Ref', '', '', '', '', '', '');
INSERT INTO CNT_FIELD_DEFINITION
 (ID, REVISION, PARENT_ID, FIELD_ID, COLUMN_NAME, COLUMN_TYPE, REPORT_COLUMN_NAME, PRODUCT_FIELD, FIELD_TYPE, ENTITY_LOOKUP, ENTITY_LOOKUP_KEY, ORDER_BY, GENERATOR, REFER_TABLE, KEY_COLUMN, LOOKUP_COLUMN, MANDATORY, MIN_LENGTH, MAX_LENGTH, MIN_VALUE, MAX_VALUE, CONSTANT_VALUE, UNIQUE_KEY, CREATE_USER, CREATED_ON, LINE_NO, MANAGED, FIELD_PATH, DATA_TYPE, DATA1, DATA2, TRANSITIVE_FIELDS, FORMULA, ENTITY_LOOKUP_TYPE)
VALUES ('9db8dcca897d460381065b0e484f2cba', 0, '68c84350a91e44c4b6b657ccb0ec3442', 'custHcl5Ver', 'CUST_HCL5_VER', 'NUMBER(20, 0)', 'N/A', 0, 'integer', '', '', '', '', '', '', '', 0, NULL, 18, NULL, NULL, '', '', 'system', systimestamp, '85', 0, 'entity.briefVendor.custHcl5Ver', '', '', '', '', '', '');
INSERT INTO CNT_FIELD_DEFINITION
 (ID, REVISION, PARENT_ID, FIELD_ID, COLUMN_NAME, COLUMN_TYPE, REPORT_COLUMN_NAME, PRODUCT_FIELD, FIELD_TYPE, ENTITY_LOOKUP, ENTITY_LOOKUP_KEY, ORDER_BY, GENERATOR, REFER_TABLE, KEY_COLUMN, LOOKUP_COLUMN, MANDATORY, MIN_LENGTH, MAX_LENGTH, MIN_VALUE, MAX_VALUE, CONSTANT_VALUE, UNIQUE_KEY, CREATE_USER, CREATED_ON, LINE_NO, MANAGED, FIELD_PATH, DATA_TYPE, DATA1, DATA2, TRANSITIVE_FIELDS, FORMULA, ENTITY_LOOKUP_TYPE)
VALUES ('96f2bd8a2db744d19d29e8f849c95a4b', 0, '68c84350a91e44c4b6b657ccb0ec3442', 'custHcl5Ref2', 'CUST_HCL5_REF2', 'NVARCHAR2(1000)', 'N/A', 0, 'string-l', '', '', '', '', '', '', '', 0, NULL, 1000, NULL, NULL, '', '', 'system', systimestamp, '86', 0, 'entity.briefVendor.custHcl5Ref2', '', '', '', '', '', '');
INSERT INTO CNT_FIELD_DEFINITION
 (ID, REVISION, PARENT_ID, FIELD_ID, COLUMN_NAME, COLUMN_TYPE, REPORT_COLUMN_NAME, PRODUCT_FIELD, FIELD_TYPE, ENTITY_LOOKUP, ENTITY_LOOKUP_KEY, ORDER_BY, GENERATOR, REFER_TABLE, KEY_COLUMN, LOOKUP_COLUMN, MANDATORY, MIN_LENGTH, MAX_LENGTH, MIN_VALUE, MAX_VALUE, CONSTANT_VALUE, UNIQUE_KEY, CREATE_USER, CREATED_ON, LINE_NO, MANAGED, FIELD_PATH, DATA_TYPE, DATA1, DATA2, TRANSITIVE_FIELDS, FORMULA, ENTITY_LOOKUP_TYPE)
VALUES ('e31357bb6b6448e7be503bb2d79a99d9', 0, '68c84350a91e44c4b6b657ccb0ec3442', 'custHcl5FullLineage', 'CUST_HCL5_FULL_LINEAGE', 'NVARCHAR2(1000)', 'N/A', 0, 'string-l', '', '', '', '', '', '', '', 0, NULL, 1000, NULL, NULL, '', '', 'system', systimestamp, '87', 0, 'entity.briefVendor.custHcl5FullLineage', '', '', '', '', '', '');
INSERT INTO CNT_ENTITY_DEFINITION
 (ID, REVISION, ENTITY_NAME, ENTITY_VERSION, PRODUCT_TABLE_NAME, CUSTOM_TABLE_NAME, REPORT_TABLE_NAME, MODULE, TYPE, REVISION_TRACKING, VERSION_TRACKING, HISTORY_ENTITY_NAME, REF_PATTERN, SYSTEM_ENTITY, CREATE_USER, CREATED_ON, IS_FOR_EXTERNAL)
VALUES ('2dd6622ec0af412998f4404219dce1fd', 0, 'BriefHistory', 1, 'CNT_BRIEF_H', '', '', 'brief', 'inner', '', '', '', '', 1, 'system', systimestamp, 0);
INSERT INTO CNT_FIELD_DEFINITION
 (ID, REVISION, PARENT_ID, FIELD_ID, COLUMN_NAME, COLUMN_TYPE, REPORT_COLUMN_NAME, PRODUCT_FIELD, FIELD_TYPE, ENTITY_LOOKUP, ENTITY_LOOKUP_KEY, ORDER_BY, GENERATOR, REFER_TABLE, KEY_COLUMN, LOOKUP_COLUMN, MANDATORY, MIN_LENGTH, MAX_LENGTH, MIN_VALUE, MAX_VALUE, CONSTANT_VALUE, UNIQUE_KEY, CREATE_USER, CREATED_ON, LINE_NO, MANAGED, FIELD_PATH, DATA_TYPE, DATA1, DATA2, TRANSITIVE_FIELDS, FORMULA, ENTITY_LOOKUP_TYPE)
VALUES ('636e758f7f41412991c647aee28dc4ea', 0, '2dd6622ec0af412998f4404219dce1fd', 'id', 'ID', 'CHAR(32)', '', 1, 'id', '', '', '', 'com.core.cbx.data.generator.UUIDGenerator', '', '', '', 0, 32, 32, NULL, NULL, '', '', 'system', systimestamp, '0', 0, 'entity.id', '', '', '', '', '', '');
INSERT INTO CNT_FIELD_DEFINITION
 (ID, REVISION, PARENT_ID, FIELD_ID, COLUMN_NAME, COLUMN_TYPE, REPORT_COLUMN_NAME, PRODUCT_FIELD, FIELD_TYPE, ENTITY_LOOKUP, ENTITY_LOOKUP_KEY, ORDER_BY, GENERATOR, REFER_TABLE, KEY_COLUMN, LOOKUP_COLUMN, MANDATORY, MIN_LENGTH, MAX_LENGTH, MIN_VALUE, MAX_VALUE, CONSTANT_VALUE, UNIQUE_KEY, CREATE_USER, CREATED_ON, LINE_NO, MANAGED, FIELD_PATH, DATA_TYPE, DATA1, DATA2, TRANSITIVE_FIELDS, FORMULA, ENTITY_LOOKUP_TYPE)
VALUES ('099116fd0c6f45788b9963d0e5bf89be', 0, '2dd6622ec0af412998f4404219dce1fd', 'revision', 'REVISION', 'NUMBER(20, 0)', '', 1, 'integer', '', '', '', '', '', '', '', 0, NULL, 18, NULL, NULL, '', '', 'system', systimestamp, '1', 0, 'entity.revision', '', '', '', '', '', '');
INSERT INTO CNT_FIELD_DEFINITION
 (ID, REVISION, PARENT_ID, FIELD_ID, COLUMN_NAME, COLUMN_TYPE, REPORT_COLUMN_NAME, PRODUCT_FIELD, FIELD_TYPE, ENTITY_LOOKUP, ENTITY_LOOKUP_KEY, ORDER_BY, GENERATOR, REFER_TABLE, KEY_COLUMN, LOOKUP_COLUMN, MANDATORY, MIN_LENGTH, MAX_LENGTH, MIN_VALUE, MAX_VALUE, CONSTANT_VALUE, UNIQUE_KEY, CREATE_USER, CREATED_ON, LINE_NO, MANAGED, FIELD_PATH, DATA_TYPE, DATA1, DATA2, TRANSITIVE_FIELDS, FORMULA, ENTITY_LOOKUP_TYPE)
VALUES ('8bc88c6cc6664996ac17450101bdfd61', 0, '2dd6622ec0af412998f4404219dce1fd', 'entityVersion', 'ENTITY_VERSION', 'NUMBER(20, 0)', '', 1, 'integer', '', '', '', '', '', '', '', 0, NULL, 18, NULL, NULL, '', '', 'system', systimestamp, '2', 0, 'entity.entityVersion', '', '', '', '', '', '');
INSERT INTO CNT_FIELD_DEFINITION
 (ID, REVISION, PARENT_ID, FIELD_ID, COLUMN_NAME, COLUMN_TYPE, REPORT_COLUMN_NAME, PRODUCT_FIELD, FIELD_TYPE, ENTITY_LOOKUP, ENTITY_LOOKUP_KEY, ORDER_BY, GENERATOR, REFER_TABLE, KEY_COLUMN, LOOKUP_COLUMN, MANDATORY, MIN_LENGTH, MAX_LENGTH, MIN_VALUE, MAX_VALUE, CONSTANT_VALUE, UNIQUE_KEY, CREATE_USER, CREATED_ON, LINE_NO, MANAGED, FIELD_PATH, DATA_TYPE, DATA1, DATA2, TRANSITIVE_FIELDS, FORMULA, ENTITY_LOOKUP_TYPE)
VALUES ('26b3e5fed2fb492fabdf21665740c4b7', 0, '2dd6622ec0af412998f4404219dce1fd', 'domainId', 'DOMAIN_ID', 'NVARCHAR2(400)', '', 1, 'string-m', '', '', '', '', '', '', '', 0, NULL, 400, NULL, NULL, '', '', 'system', systimestamp, '3', 0, 'entity.domainId', '', '', '', '', '', '');
INSERT INTO CNT_FIELD_DEFINITION
 (ID, REVISION, PARENT_ID, FIELD_ID, COLUMN_NAME, COLUMN_TYPE, REPORT_COLUMN_NAME, PRODUCT_FIELD, FIELD_TYPE, ENTITY_LOOKUP, ENTITY_LOOKUP_KEY, ORDER_BY, GENERATOR, REFER_TABLE, KEY_COLUMN, LOOKUP_COLUMN, MANDATORY, MIN_LENGTH, MAX_LENGTH, MIN_VALUE, MAX_VALUE, CONSTANT_VALUE, UNIQUE_KEY, CREATE_USER, CREATED_ON, LINE_NO, MANAGED, FIELD_PATH, DATA_TYPE, DATA1, DATA2, TRANSITIVE_FIELDS, FORMULA, ENTITY_LOOKUP_TYPE)
VALUES ('930f07ba24d843209b26e28b863cd72c', 0, '2dd6622ec0af412998f4404219dce1fd', 'hubDomainId', 'HUB_DOMAIN_ID', 'NVARCHAR2(400)', '', 1, 'string-m', '', '', '', '', '', '', '', 0, NULL, 400, NULL, NULL, '', '', 'system', systimestamp, '4', 0, 'entity.hubDomainId', '', '', '', '', '', '');
INSERT INTO CNT_FIELD_DEFINITION
 (ID, REVISION, PARENT_ID, FIELD_ID, COLUMN_NAME, COLUMN_TYPE, REPORT_COLUMN_NAME, PRODUCT_FIELD, FIELD_TYPE, ENTITY_LOOKUP, ENTITY_LOOKUP_KEY, ORDER_BY, GENERATOR, REFER_TABLE, KEY_COLUMN, LOOKUP_COLUMN, MANDATORY, MIN_LENGTH, MAX_LENGTH, MIN_VALUE, MAX_VALUE, CONSTANT_VALUE, UNIQUE_KEY, CREATE_USER, CREATED_ON, LINE_NO, MANAGED, FIELD_PATH, DATA_TYPE, DATA1, DATA2, TRANSITIVE_FIELDS, FORMULA, ENTITY_LOOKUP_TYPE)
VALUES ('5834b3a54a644e3fbe68f55913313c26', 0, '2dd6622ec0af412998f4404219dce1fd', 'isForReference', 'IS_FOR_REFERENCE', 'NUMBER(1,0)', '', 1, 'boolean', '', '', '', '', '', '', '', 0, NULL, NULL, NULL, NULL, '', '', 'system', systimestamp, '5', 0, 'entity.isForReference', '', '', '', '', '', '');
INSERT INTO CNT_FIELD_DEFINITION
 (ID, REVISION, PARENT_ID, FIELD_ID, COLUMN_NAME, COLUMN_TYPE, REPORT_COLUMN_NAME, PRODUCT_FIELD, FIELD_TYPE, ENTITY_LOOKUP, ENTITY_LOOKUP_KEY, ORDER_BY, GENERATOR, REFER_TABLE, KEY_COLUMN, LOOKUP_COLUMN, MANDATORY, MIN_LENGTH, MAX_LENGTH, MIN_VALUE, MAX_VALUE, CONSTANT_VALUE, UNIQUE_KEY, CREATE_USER, CREATED_ON, LINE_NO, MANAGED, FIELD_PATH, DATA_TYPE, DATA1, DATA2, TRANSITIVE_FIELDS, FORMULA, ENTITY_LOOKUP_TYPE)
VALUES ('518c3a90b4a54b329eeb7ee275d1ec91', 0, '2dd6622ec0af412998f4404219dce1fd', 'internalSeqNo', 'INTERNAL_SEQ_NO', 'NUMBER(20, 0)', 'n/a', 1, 'integer', '', '', '', '', '', '', '', 0, NULL, 18, NULL, NULL, '', '', 'system', systimestamp, '6', 0, 'entity.internalSeqNo', '', '', '', '', '', '');
INSERT INTO CNT_FIELD_DEFINITION
 (ID, REVISION, PARENT_ID, FIELD_ID, COLUMN_NAME, COLUMN_TYPE, REPORT_COLUMN_NAME, PRODUCT_FIELD, FIELD_TYPE, ENTITY_LOOKUP, ENTITY_LOOKUP_KEY, ORDER_BY, GENERATOR, REFER_TABLE, KEY_COLUMN, LOOKUP_COLUMN, MANDATORY, MIN_LENGTH, MAX_LENGTH, MIN_VALUE, MAX_VALUE, CONSTANT_VALUE, UNIQUE_KEY, CREATE_USER, CREATED_ON, LINE_NO, MANAGED, FIELD_PATH, DATA_TYPE, DATA1, DATA2, TRANSITIVE_FIELDS, FORMULA, ENTITY_LOOKUP_TYPE)
VALUES ('9fe8294261db403087087db5d4b50024', 0, '2dd6622ec0af412998f4404219dce1fd', 'parentId', 'PARENT_ID', 'NVARCHAR2(400)', '', 1, 'string-m', '', '', '', '', '', '', '', 0, NULL, 400, NULL, NULL, '', '', 'system', systimestamp, '7', 0, 'entity.parentId', '', '', '', '', '', '');
INSERT INTO CNT_FIELD_DEFINITION
 (ID, REVISION, PARENT_ID, FIELD_ID, COLUMN_NAME, COLUMN_TYPE, REPORT_COLUMN_NAME, PRODUCT_FIELD, FIELD_TYPE, ENTITY_LOOKUP, ENTITY_LOOKUP_KEY, ORDER_BY, GENERATOR, REFER_TABLE, KEY_COLUMN, LOOKUP_COLUMN, MANDATORY, MIN_LENGTH, MAX_LENGTH, MIN_VALUE, MAX_VALUE, CONSTANT_VALUE, UNIQUE_KEY, CREATE_USER, CREATED_ON, LINE_NO, MANAGED, FIELD_PATH, DATA_TYPE, DATA1, DATA2, TRANSITIVE_FIELDS, FORMULA, ENTITY_LOOKUP_TYPE)
VALUES ('c672984af11440aa93b27356100a464d', 0, '2dd6622ec0af412998f4404219dce1fd', 'docVersion', 'DOC_VERSION', 'NUMBER(20, 0)', '', 1, 'integer', '', '', '', '', '', '', '', 0, NULL, 18, NULL, NULL, '', '', 'system', systimestamp, '8', 0, 'entity.docVersion', '', '', '', '', '', '');
INSERT INTO CNT_FIELD_DEFINITION
 (ID, REVISION, PARENT_ID, FIELD_ID, COLUMN_NAME, COLUMN_TYPE, REPORT_COLUMN_NAME, PRODUCT_FIELD, FIELD_TYPE, ENTITY_LOOKUP, ENTITY_LOOKUP_KEY, ORDER_BY, GENERATOR, REFER_TABLE, KEY_COLUMN, LOOKUP_COLUMN, MANDATORY, MIN_LENGTH, MAX_LENGTH, MIN_VALUE, MAX_VALUE, CONSTANT_VALUE, UNIQUE_KEY, CREATE_USER, CREATED_ON, LINE_NO, MANAGED, FIELD_PATH, DATA_TYPE, DATA1, DATA2, TRANSITIVE_FIELDS, FORMULA, ENTITY_LOOKUP_TYPE)
VALUES ('217fe1e298424be4a4539813a2f386d4', 0, '2dd6622ec0af412998f4404219dce1fd', 'docRevision', 'DOC_REVISION', 'NUMBER(20, 0)', '', 1, 'integer', '', '', '', '', '', '', '', 0, NULL, 18, NULL, NULL, '', '', 'system', systimestamp, '9', 0, 'entity.docRevision', '', '', '', '', '', '');
INSERT INTO CNT_FIELD_DEFINITION
 (ID, REVISION, PARENT_ID, FIELD_ID, COLUMN_NAME, COLUMN_TYPE, REPORT_COLUMN_NAME, PRODUCT_FIELD, FIELD_TYPE, ENTITY_LOOKUP, ENTITY_LOOKUP_KEY, ORDER_BY, GENERATOR, REFER_TABLE, KEY_COLUMN, LOOKUP_COLUMN, MANDATORY, MIN_LENGTH, MAX_LENGTH, MIN_VALUE, MAX_VALUE, CONSTANT_VALUE, UNIQUE_KEY, CREATE_USER, CREATED_ON, LINE_NO, MANAGED, FIELD_PATH, DATA_TYPE, DATA1, DATA2, TRANSITIVE_FIELDS, FORMULA, ENTITY_LOOKUP_TYPE)
VALUES ('cce2832f102445cbb085d38be3943b3d', 0, '2dd6622ec0af412998f4404219dce1fd', 'itemId', 'ITEM_ID', 'NVARCHAR2(400)', '', 1, 'string-m', '', '', '', '', '', '', '', 0, NULL, 400, NULL, NULL, '', '', 'system', systimestamp, '10', 0, 'entity.itemId', '', '', '', '', '', '');
INSERT INTO CNT_FIELD_DEFINITION
 (ID, REVISION, PARENT_ID, FIELD_ID, COLUMN_NAME, COLUMN_TYPE, REPORT_COLUMN_NAME, PRODUCT_FIELD, FIELD_TYPE, ENTITY_LOOKUP, ENTITY_LOOKUP_KEY, ORDER_BY, GENERATOR, REFER_TABLE, KEY_COLUMN, LOOKUP_COLUMN, MANDATORY, MIN_LENGTH, MAX_LENGTH, MIN_VALUE, MAX_VALUE, CONSTANT_VALUE, UNIQUE_KEY, CREATE_USER, CREATED_ON, LINE_NO, MANAGED, FIELD_PATH, DATA_TYPE, DATA1, DATA2, TRANSITIVE_FIELDS, FORMULA, ENTITY_LOOKUP_TYPE)
VALUES ('142c67cf50e749d8afb20694c59be34c', 0, '2dd6622ec0af412998f4404219dce1fd', 'itemRevision', 'ITEM_REVISION', 'NUMBER(20, 0)', '', 1, 'integer', '', '', '', '', '', '', '', 0, NULL, 18, NULL, NULL, '', '', 'system', systimestamp, '11', 0, 'entity.itemRevision', '', '', '', '', '', '');
INSERT INTO CNT_FIELD_DEFINITION
 (ID, REVISION, PARENT_ID, FIELD_ID, COLUMN_NAME, COLUMN_TYPE, REPORT_COLUMN_NAME, PRODUCT_FIELD, FIELD_TYPE, ENTITY_LOOKUP, ENTITY_LOOKUP_KEY, ORDER_BY, GENERATOR, REFER_TABLE, KEY_COLUMN, LOOKUP_COLUMN, MANDATORY, MIN_LENGTH, MAX_LENGTH, MIN_VALUE, MAX_VALUE, CONSTANT_VALUE, UNIQUE_KEY, CREATE_USER, CREATED_ON, LINE_NO, MANAGED, FIELD_PATH, DATA_TYPE, DATA1, DATA2, TRANSITIVE_FIELDS, FORMULA, ENTITY_LOOKUP_TYPE)
VALUES ('90c415abd6b64d589d85cd7bf9b5a750', 0, '2dd6622ec0af412998f4404219dce1fd', 'itemEntityName', 'ITEM_ENTITY_NAME', 'NVARCHAR2(400)', '', 1, 'string-m', '', '', '', '', '', '', '', 0, NULL, 400, NULL, NULL, '', '', 'system', systimestamp, '12', 0, 'entity.itemEntityName', '', '', '', '', '', '');
INSERT INTO CNT_FIELD_DEFINITION
 (ID, REVISION, PARENT_ID, FIELD_ID, COLUMN_NAME, COLUMN_TYPE, REPORT_COLUMN_NAME, PRODUCT_FIELD, FIELD_TYPE, ENTITY_LOOKUP, ENTITY_LOOKUP_KEY, ORDER_BY, GENERATOR, REFER_TABLE, KEY_COLUMN, LOOKUP_COLUMN, MANDATORY, MIN_LENGTH, MAX_LENGTH, MIN_VALUE, MAX_VALUE, CONSTANT_VALUE, UNIQUE_KEY, CREATE_USER, CREATED_ON, LINE_NO, MANAGED, FIELD_PATH, DATA_TYPE, DATA1, DATA2, TRANSITIVE_FIELDS, FORMULA, ENTITY_LOOKUP_TYPE)
VALUES ('5218cbd6364e4068b45adda26aea29cc', 0, '2dd6622ec0af412998f4404219dce1fd', 'type', 'TYPE', 'NUMBER(20, 0)', '', 1, 'integer', '', '', '', '', '', '', '', 0, NULL, 18, NULL, NULL, '', '', 'system', systimestamp, '13', 0, 'entity.type', '', '', '', '', '', '');
INSERT INTO CNT_FIELD_DEFINITION
 (ID, REVISION, PARENT_ID, FIELD_ID, COLUMN_NAME, COLUMN_TYPE, REPORT_COLUMN_NAME, PRODUCT_FIELD, FIELD_TYPE, ENTITY_LOOKUP, ENTITY_LOOKUP_KEY, ORDER_BY, GENERATOR, REFER_TABLE, KEY_COLUMN, LOOKUP_COLUMN, MANDATORY, MIN_LENGTH, MAX_LENGTH, MIN_VALUE, MAX_VALUE, CONSTANT_VALUE, UNIQUE_KEY, CREATE_USER, CREATED_ON, LINE_NO, MANAGED, FIELD_PATH, DATA_TYPE, DATA1, DATA2, TRANSITIVE_FIELDS, FORMULA, ENTITY_LOOKUP_TYPE)
VALUES ('b469b3420a4b447aa8ed483e25c12470', 0, '2dd6622ec0af412998f4404219dce1fd', 'fieldId', 'FIELD_ID', 'NVARCHAR2(400)', '', 1, 'string-m', '', '', '', '', '', '', '', 0, NULL, 400, NULL, NULL, '', '', 'system', systimestamp, '14', 0, 'entity.fieldId', '', '', '', '', '', '');
INSERT INTO CNT_FIELD_DEFINITION
 (ID, REVISION, PARENT_ID, FIELD_ID, COLUMN_NAME, COLUMN_TYPE, REPORT_COLUMN_NAME, PRODUCT_FIELD, FIELD_TYPE, ENTITY_LOOKUP, ENTITY_LOOKUP_KEY, ORDER_BY, GENERATOR, REFER_TABLE, KEY_COLUMN, LOOKUP_COLUMN, MANDATORY, MIN_LENGTH, MAX_LENGTH, MIN_VALUE, MAX_VALUE, CONSTANT_VALUE, UNIQUE_KEY, CREATE_USER, CREATED_ON, LINE_NO, MANAGED, FIELD_PATH, DATA_TYPE, DATA1, DATA2, TRANSITIVE_FIELDS, FORMULA, ENTITY_LOOKUP_TYPE)
VALUES ('877c0de2ff184b57aa4405187464c093', 0, '2dd6622ec0af412998f4404219dce1fd', 'path', 'PATH', 'NVARCHAR2(1000)', '', 1, 'string-l', '', '', '', '', '', '', '', 0, NULL, 1000, NULL, NULL, '', '', 'system', systimestamp, '15', 0, 'entity.path', '', '', '', '', '', '');
INSERT INTO CNT_FIELD_DEFINITION
 (ID, REVISION, PARENT_ID, FIELD_ID, COLUMN_NAME, COLUMN_TYPE, REPORT_COLUMN_NAME, PRODUCT_FIELD, FIELD_TYPE, ENTITY_LOOKUP, ENTITY_LOOKUP_KEY, ORDER_BY, GENERATOR, REFER_TABLE, KEY_COLUMN, LOOKUP_COLUMN, MANDATORY, MIN_LENGTH, MAX_LENGTH, MIN_VALUE, MAX_VALUE, CONSTANT_VALUE, UNIQUE_KEY, CREATE_USER, CREATED_ON, LINE_NO, MANAGED, FIELD_PATH, DATA_TYPE, DATA1, DATA2, TRANSITIVE_FIELDS, FORMULA, ENTITY_LOOKUP_TYPE)
VALUES ('491a1a5f89a94811a4b199aa8e8c5764', 0, '2dd6622ec0af412998f4404219dce1fd', 'refValue', 'REF_VALUE', 'NVARCHAR2(400)', '', 1, 'string-m', '', '', '', '', '', '', '', 0, NULL, 400, NULL, NULL, '', '', 'system', systimestamp, '16', 0, 'entity.refValue', '', '', '', '', '', '');
INSERT INTO CNT_FIELD_DEFINITION
 (ID, REVISION, PARENT_ID, FIELD_ID, COLUMN_NAME, COLUMN_TYPE, REPORT_COLUMN_NAME, PRODUCT_FIELD, FIELD_TYPE, ENTITY_LOOKUP, ENTITY_LOOKUP_KEY, ORDER_BY, GENERATOR, REFER_TABLE, KEY_COLUMN, LOOKUP_COLUMN, MANDATORY, MIN_LENGTH, MAX_LENGTH, MIN_VALUE, MAX_VALUE, CONSTANT_VALUE, UNIQUE_KEY, CREATE_USER, CREATED_ON, LINE_NO, MANAGED, FIELD_PATH, DATA_TYPE, DATA1, DATA2, TRANSITIVE_FIELDS, FORMULA, ENTITY_LOOKUP_TYPE)
VALUES ('85bd41f3d2464a09b0957a09db68cf39', 0, '2dd6622ec0af412998f4404219dce1fd', 'operation', 'OPERATION', 'NVARCHAR2(400)', '', 1, 'string-m', '', '', '', '', '', '', '', 0, NULL, 400, NULL, NULL, '', '', 'system', systimestamp, '17', 0, 'entity.operation', '', '', '', '', '', '');
INSERT INTO CNT_FIELD_DEFINITION
 (ID, REVISION, PARENT_ID, FIELD_ID, COLUMN_NAME, COLUMN_TYPE, REPORT_COLUMN_NAME, PRODUCT_FIELD, FIELD_TYPE, ENTITY_LOOKUP, ENTITY_LOOKUP_KEY, ORDER_BY, GENERATOR, REFER_TABLE, KEY_COLUMN, LOOKUP_COLUMN, MANDATORY, MIN_LENGTH, MAX_LENGTH, MIN_VALUE, MAX_VALUE, CONSTANT_VALUE, UNIQUE_KEY, CREATE_USER, CREATED_ON, LINE_NO, MANAGED, FIELD_PATH, DATA_TYPE, DATA1, DATA2, TRANSITIVE_FIELDS, FORMULA, ENTITY_LOOKUP_TYPE)
VALUES ('d17b6772f0ba4501a6d9d66b2788af75', 0, '2dd6622ec0af412998f4404219dce1fd', 'valueBefore', 'VALUE_BEFORE', 'CLOB', '', 1, 'clob', '', '', '', '', '', '', '', 0, NULL, NULL, NULL, NULL, '', '', 'system', systimestamp, '18', 0, 'entity.valueBefore', '', '', '', '', '', '');
INSERT INTO CNT_FIELD_DEFINITION
 (ID, REVISION, PARENT_ID, FIELD_ID, COLUMN_NAME, COLUMN_TYPE, REPORT_COLUMN_NAME, PRODUCT_FIELD, FIELD_TYPE, ENTITY_LOOKUP, ENTITY_LOOKUP_KEY, ORDER_BY, GENERATOR, REFER_TABLE, KEY_COLUMN, LOOKUP_COLUMN, MANDATORY, MIN_LENGTH, MAX_LENGTH, MIN_VALUE, MAX_VALUE, CONSTANT_VALUE, UNIQUE_KEY, CREATE_USER, CREATED_ON, LINE_NO, MANAGED, FIELD_PATH, DATA_TYPE, DATA1, DATA2, TRANSITIVE_FIELDS, FORMULA, ENTITY_LOOKUP_TYPE)
VALUES ('20b645a6d7874160a625d86ffa2bd33c', 0, '2dd6622ec0af412998f4404219dce1fd', 'valueAfter', 'VALUE_AFTER', 'CLOB', '', 1, 'clob', '', '', '', '', '', '', '', 0, NULL, NULL, NULL, NULL, '', '', 'system', systimestamp, '19', 0, 'entity.valueAfter', '', '', '', '', '', '');
INSERT INTO CNT_FIELD_DEFINITION
 (ID, REVISION, PARENT_ID, FIELD_ID, COLUMN_NAME, COLUMN_TYPE, REPORT_COLUMN_NAME, PRODUCT_FIELD, FIELD_TYPE, ENTITY_LOOKUP, ENTITY_LOOKUP_KEY, ORDER_BY, GENERATOR, REFER_TABLE, KEY_COLUMN, LOOKUP_COLUMN, MANDATORY, MIN_LENGTH, MAX_LENGTH, MIN_VALUE, MAX_VALUE, CONSTANT_VALUE, UNIQUE_KEY, CREATE_USER, CREATED_ON, LINE_NO, MANAGED, FIELD_PATH, DATA_TYPE, DATA1, DATA2, TRANSITIVE_FIELDS, FORMULA, ENTITY_LOOKUP_TYPE)
VALUES ('adf28ddc133547bd85180095b1abaa0e', 0, '2dd6622ec0af412998f4404219dce1fd', 'createUser', 'CREATE_USER', 'NVARCHAR2(100)', '', 1, 'string-s', '', '', '', '', '', '', '', 0, NULL, 100, NULL, NULL, '', '', 'system', systimestamp, '20', 0, 'entity.createUser', '', '', '', '', '', '');
INSERT INTO CNT_FIELD_DEFINITION
 (ID, REVISION, PARENT_ID, FIELD_ID, COLUMN_NAME, COLUMN_TYPE, REPORT_COLUMN_NAME, PRODUCT_FIELD, FIELD_TYPE, ENTITY_LOOKUP, ENTITY_LOOKUP_KEY, ORDER_BY, GENERATOR, REFER_TABLE, KEY_COLUMN, LOOKUP_COLUMN, MANDATORY, MIN_LENGTH, MAX_LENGTH, MIN_VALUE, MAX_VALUE, CONSTANT_VALUE, UNIQUE_KEY, CREATE_USER, CREATED_ON, LINE_NO, MANAGED, FIELD_PATH, DATA_TYPE, DATA1, DATA2, TRANSITIVE_FIELDS, FORMULA, ENTITY_LOOKUP_TYPE)
VALUES ('e4487ee75bd045cca7a66076ea86b0f1', 0, '2dd6622ec0af412998f4404219dce1fd', 'createUserName', 'CREATE_USER_NAME', 'NVARCHAR2(100)', '', 1, 'string-s', '', '', '', '', '', '', '', 0, NULL, 100, NULL, NULL, '', '', 'system', systimestamp, '21', 0, 'entity.createUserName', '', '', '', '', '', '');
INSERT INTO CNT_FIELD_DEFINITION
 (ID, REVISION, PARENT_ID, FIELD_ID, COLUMN_NAME, COLUMN_TYPE, REPORT_COLUMN_NAME, PRODUCT_FIELD, FIELD_TYPE, ENTITY_LOOKUP, ENTITY_LOOKUP_KEY, ORDER_BY, GENERATOR, REFER_TABLE, KEY_COLUMN, LOOKUP_COLUMN, MANDATORY, MIN_LENGTH, MAX_LENGTH, MIN_VALUE, MAX_VALUE, CONSTANT_VALUE, UNIQUE_KEY, CREATE_USER, CREATED_ON, LINE_NO, MANAGED, FIELD_PATH, DATA_TYPE, DATA1, DATA2, TRANSITIVE_FIELDS, FORMULA, ENTITY_LOOKUP_TYPE)
VALUES ('dc704d305700484f88c9c18bde70635a', 0, '2dd6622ec0af412998f4404219dce1fd', 'createdOn', 'CREATED_ON', 'TIMESTAMP', '', 1, 'timestamp', '', '', '', '', '', '', '', 0, NULL, NULL, NULL, NULL, '', '', 'system', systimestamp, '22', 0, 'entity.createdOn', '', '', '', '', '', '');
INSERT INTO CNT_FIELD_DEFINITION
 (ID, REVISION, PARENT_ID, FIELD_ID, COLUMN_NAME, COLUMN_TYPE, REPORT_COLUMN_NAME, PRODUCT_FIELD, FIELD_TYPE, ENTITY_LOOKUP, ENTITY_LOOKUP_KEY, ORDER_BY, GENERATOR, REFER_TABLE, KEY_COLUMN, LOOKUP_COLUMN, MANDATORY, MIN_LENGTH, MAX_LENGTH, MIN_VALUE, MAX_VALUE, CONSTANT_VALUE, UNIQUE_KEY, CREATE_USER, CREATED_ON, LINE_NO, MANAGED, FIELD_PATH, DATA_TYPE, DATA1, DATA2, TRANSITIVE_FIELDS, FORMULA, ENTITY_LOOKUP_TYPE)
VALUES ('e9eb04dcf9134040b527b9fead3b5799', 0, '2dd6622ec0af412998f4404219dce1fd', 'trackingLevel', 'TRACKING_LEVEL', 'NUMBER(20, 0)', '', 1, 'integer', '', '', '', '', '', '', '', 0, NULL, 18, NULL, NULL, '', '', 'system', systimestamp, '23', 0, 'entity.trackingLevel', '', '', '', '', '', '');
INSERT INTO CNT_ENTITY_DEFINITION
 (ID, REVISION, ENTITY_NAME, ENTITY_VERSION, PRODUCT_TABLE_NAME, CUSTOM_TABLE_NAME, REPORT_TABLE_NAME, MODULE, TYPE, REVISION_TRACKING, VERSION_TRACKING, HISTORY_ENTITY_NAME, REF_PATTERN, SYSTEM_ENTITY, CREATE_USER, CREATED_ON, IS_FOR_EXTERNAL)
VALUES ('205f6b8eafda44fb847674c3435b5427', 0, 'Brief', 1, 'CNT_BRIEF', 'CTM_BRIEF', 'BRIEF', 'brief', 'main', '', 'ALL', 'BriefHistory', '${briefNo}', 0, 'system', systimestamp, 0);
INSERT INTO CNT_FIELD_DEFINITION
 (ID, REVISION, PARENT_ID, FIELD_ID, COLUMN_NAME, COLUMN_TYPE, REPORT_COLUMN_NAME, PRODUCT_FIELD, FIELD_TYPE, ENTITY_LOOKUP, ENTITY_LOOKUP_KEY, ORDER_BY, GENERATOR, REFER_TABLE, KEY_COLUMN, LOOKUP_COLUMN, MANDATORY, MIN_LENGTH, MAX_LENGTH, MIN_VALUE, MAX_VALUE, CONSTANT_VALUE, UNIQUE_KEY, CREATE_USER, CREATED_ON, LINE_NO, MANAGED, FIELD_PATH, DATA_TYPE, DATA1, DATA2, TRANSITIVE_FIELDS, FORMULA, ENTITY_LOOKUP_TYPE)
VALUES ('a693b31f92aa422fa88438b230218f2d', 0, '205f6b8eafda44fb847674c3435b5427', 'id', 'ID', 'CHAR(32)', '', 1, 'id', '', '', '', 'com.core.cbx.data.generator.UUIDGenerator', '', '', '', 0, 32, 32, NULL, NULL, '', '', 'system', systimestamp, '0', 0, 'entity.id', '', '', '', '', '', '');
INSERT INTO CNT_FIELD_DEFINITION
 (ID, REVISION, PARENT_ID, FIELD_ID, COLUMN_NAME, COLUMN_TYPE, REPORT_COLUMN_NAME, PRODUCT_FIELD, FIELD_TYPE, ENTITY_LOOKUP, ENTITY_LOOKUP_KEY, ORDER_BY, GENERATOR, REFER_TABLE, KEY_COLUMN, LOOKUP_COLUMN, MANDATORY, MIN_LENGTH, MAX_LENGTH, MIN_VALUE, MAX_VALUE, CONSTANT_VALUE, UNIQUE_KEY, CREATE_USER, CREATED_ON, LINE_NO, MANAGED, FIELD_PATH, DATA_TYPE, DATA1, DATA2, TRANSITIVE_FIELDS, FORMULA, ENTITY_LOOKUP_TYPE)
VALUES ('cf60e7d26eea4e55ba24bdf9469410d4', 0, '205f6b8eafda44fb847674c3435b5427', 'revision', 'REVISION', 'NUMBER(20, 0)', '', 1, 'integer', '', '', '', '', '', '', '', 0, NULL, 18, NULL, NULL, '', '', 'system', systimestamp, '1', 0, 'entity.revision', '', '', '', '', '', '');
INSERT INTO CNT_FIELD_DEFINITION
 (ID, REVISION, PARENT_ID, FIELD_ID, COLUMN_NAME, COLUMN_TYPE, REPORT_COLUMN_NAME, PRODUCT_FIELD, FIELD_TYPE, ENTITY_LOOKUP, ENTITY_LOOKUP_KEY, ORDER_BY, GENERATOR, REFER_TABLE, KEY_COLUMN, LOOKUP_COLUMN, MANDATORY, MIN_LENGTH, MAX_LENGTH, MIN_VALUE, MAX_VALUE, CONSTANT_VALUE, UNIQUE_KEY, CREATE_USER, CREATED_ON, LINE_NO, MANAGED, FIELD_PATH, DATA_TYPE, DATA1, DATA2, TRANSITIVE_FIELDS, FORMULA, ENTITY_LOOKUP_TYPE)
VALUES ('7e5aa321aed943f7badce4171c39888b', 0, '205f6b8eafda44fb847674c3435b5427', 'entityVersion', 'ENTITY_VERSION', 'NUMBER(20, 0)', '', 1, 'integer', '', '', '', '', '', '', '', 0, NULL, 18, NULL, NULL, '', '', 'system', systimestamp, '2', 0, 'entity.entityVersion', '', '', '', '', '', '');
INSERT INTO CNT_FIELD_DEFINITION
 (ID, REVISION, PARENT_ID, FIELD_ID, COLUMN_NAME, COLUMN_TYPE, REPORT_COLUMN_NAME, PRODUCT_FIELD, FIELD_TYPE, ENTITY_LOOKUP, ENTITY_LOOKUP_KEY, ORDER_BY, GENERATOR, REFER_TABLE, KEY_COLUMN, LOOKUP_COLUMN, MANDATORY, MIN_LENGTH, MAX_LENGTH, MIN_VALUE, MAX_VALUE, CONSTANT_VALUE, UNIQUE_KEY, CREATE_USER, CREATED_ON, LINE_NO, MANAGED, FIELD_PATH, DATA_TYPE, DATA1, DATA2, TRANSITIVE_FIELDS, FORMULA, ENTITY_LOOKUP_TYPE)
VALUES ('49e42bfc00a949d18ce41dd9168eef36', 0, '205f6b8eafda44fb847674c3435b5427', 'domainId', 'DOMAIN_ID', 'NVARCHAR2(400)', '', 1, 'string-m', '', '', '', '', '', '', '', 0, NULL, 400, NULL, NULL, '', '', 'system', systimestamp, '3', 0, 'entity.domainId', '', '', '', '', '', '');
INSERT INTO CNT_FIELD_DEFINITION
 (ID, REVISION, PARENT_ID, FIELD_ID, COLUMN_NAME, COLUMN_TYPE, REPORT_COLUMN_NAME, PRODUCT_FIELD, FIELD_TYPE, ENTITY_LOOKUP, ENTITY_LOOKUP_KEY, ORDER_BY, GENERATOR, REFER_TABLE, KEY_COLUMN, LOOKUP_COLUMN, MANDATORY, MIN_LENGTH, MAX_LENGTH, MIN_VALUE, MAX_VALUE, CONSTANT_VALUE, UNIQUE_KEY, CREATE_USER, CREATED_ON, LINE_NO, MANAGED, FIELD_PATH, DATA_TYPE, DATA1, DATA2, TRANSITIVE_FIELDS, FORMULA, ENTITY_LOOKUP_TYPE)
VALUES ('73290666d30c4b71a9bea78a26aa9e12', 0, '205f6b8eafda44fb847674c3435b5427', 'hubDomainId', 'HUB_DOMAIN_ID', 'NVARCHAR2(400)', '', 1, 'string-m', '', '', '', '', '', '', '', 0, NULL, 400, NULL, NULL, '', '', 'system', systimestamp, '4', 0, 'entity.hubDomainId', '', '', '', '', '', '');
INSERT INTO CNT_FIELD_DEFINITION
 (ID, REVISION, PARENT_ID, FIELD_ID, COLUMN_NAME, COLUMN_TYPE, REPORT_COLUMN_NAME, PRODUCT_FIELD, FIELD_TYPE, ENTITY_LOOKUP, ENTITY_LOOKUP_KEY, ORDER_BY, GENERATOR, REFER_TABLE, KEY_COLUMN, LOOKUP_COLUMN, MANDATORY, MIN_LENGTH, MAX_LENGTH, MIN_VALUE, MAX_VALUE, CONSTANT_VALUE, UNIQUE_KEY, CREATE_USER, CREATED_ON, LINE_NO, MANAGED, FIELD_PATH, DATA_TYPE, DATA1, DATA2, TRANSITIVE_FIELDS, FORMULA, ENTITY_LOOKUP_TYPE)
VALUES ('89d6a1cf15614b54b8555b0a8a71ff05', 0, '205f6b8eafda44fb847674c3435b5427', 'isForReference', 'IS_FOR_REFERENCE', 'NUMBER(1,0)', '', 1, 'boolean', '', '', '', '', '', '', '', 0, NULL, NULL, NULL, NULL, '', '', 'system', systimestamp, '5', 0, 'entity.isForReference', '', '', '', '', '', '');
INSERT INTO CNT_FIELD_DEFINITION
 (ID, REVISION, PARENT_ID, FIELD_ID, COLUMN_NAME, COLUMN_TYPE, REPORT_COLUMN_NAME, PRODUCT_FIELD, FIELD_TYPE, ENTITY_LOOKUP, ENTITY_LOOKUP_KEY, ORDER_BY, GENERATOR, REFER_TABLE, KEY_COLUMN, LOOKUP_COLUMN, MANDATORY, MIN_LENGTH, MAX_LENGTH, MIN_VALUE, MAX_VALUE, CONSTANT_VALUE, UNIQUE_KEY, CREATE_USER, CREATED_ON, LINE_NO, MANAGED, FIELD_PATH, DATA_TYPE, DATA1, DATA2, TRANSITIVE_FIELDS, FORMULA, ENTITY_LOOKUP_TYPE)
VALUES ('dd4cb86749ea406292f642c0758ac114', 0, '205f6b8eafda44fb847674c3435b5427', 'version', 'VERSION', 'NUMBER(20, 0)', '', 1, 'integer', '', '', '', '', '', '', '', 0, NULL, 18, NULL, NULL, '', '', 'system', systimestamp, '6', 0, 'entity.version', '', '', '', '', '', '');
INSERT INTO CNT_FIELD_DEFINITION
 (ID, REVISION, PARENT_ID, FIELD_ID, COLUMN_NAME, COLUMN_TYPE, REPORT_COLUMN_NAME, PRODUCT_FIELD, FIELD_TYPE, ENTITY_LOOKUP, ENTITY_LOOKUP_KEY, ORDER_BY, GENERATOR, REFER_TABLE, KEY_COLUMN, LOOKUP_COLUMN, MANDATORY, MIN_LENGTH, MAX_LENGTH, MIN_VALUE, MAX_VALUE, CONSTANT_VALUE, UNIQUE_KEY, CREATE_USER, CREATED_ON, LINE_NO, MANAGED, FIELD_PATH, DATA_TYPE, DATA1, DATA2, TRANSITIVE_FIELDS, FORMULA, ENTITY_LOOKUP_TYPE)
VALUES ('3facac25650e4aec802abf7bc1019e47', 0, '205f6b8eafda44fb847674c3435b5427', 'status', 'STATUS', 'NVARCHAR2(400)', '', 1, 'string-m', '', '', '', '', '', '', '', 0, NULL, 400, NULL, NULL, '', '', 'system', systimestamp, '7', 0, 'entity.status', '', '', '', '', '', '');
INSERT INTO CNT_FIELD_DEFINITION
 (ID, REVISION, PARENT_ID, FIELD_ID, COLUMN_NAME, COLUMN_TYPE, REPORT_COLUMN_NAME, PRODUCT_FIELD, FIELD_TYPE, ENTITY_LOOKUP, ENTITY_LOOKUP_KEY, ORDER_BY, GENERATOR, REFER_TABLE, KEY_COLUMN, LOOKUP_COLUMN, MANDATORY, MIN_LENGTH, MAX_LENGTH, MIN_VALUE, MAX_VALUE, CONSTANT_VALUE, UNIQUE_KEY, CREATE_USER, CREATED_ON, LINE_NO, MANAGED, FIELD_PATH, DATA_TYPE, DATA1, DATA2, TRANSITIVE_FIELDS, FORMULA, ENTITY_LOOKUP_TYPE)
VALUES ('41d90072333147f99164b4d977090ca8', 0, '205f6b8eafda44fb847674c3435b5427', 'docStatus', 'DOC_STATUS', 'NVARCHAR2(400)', '', 1, 'string-m', '', '', '', '', '', '', '', 0, NULL, 400, NULL, NULL, '', '', 'system', systimestamp, '8', 0, 'entity.docStatus', '', '', '', '', '', '');
INSERT INTO CNT_FIELD_DEFINITION
 (ID, REVISION, PARENT_ID, FIELD_ID, COLUMN_NAME, COLUMN_TYPE, REPORT_COLUMN_NAME, PRODUCT_FIELD, FIELD_TYPE, ENTITY_LOOKUP, ENTITY_LOOKUP_KEY, ORDER_BY, GENERATOR, REFER_TABLE, KEY_COLUMN, LOOKUP_COLUMN, MANDATORY, MIN_LENGTH, MAX_LENGTH, MIN_VALUE, MAX_VALUE, CONSTANT_VALUE, UNIQUE_KEY, CREATE_USER, CREATED_ON, LINE_NO, MANAGED, FIELD_PATH, DATA_TYPE, DATA1, DATA2, TRANSITIVE_FIELDS, FORMULA, ENTITY_LOOKUP_TYPE)
VALUES ('cc143941659b4d588be5a7771e7dde85', 0, '205f6b8eafda44fb847674c3435b5427', 'editingStatus', 'EDITING_STATUS', 'NVARCHAR2(400)', '', 1, 'string-m', '', '', '', '', '', '', '', 0, NULL, 400, NULL, NULL, '', '', 'system', systimestamp, '9', 0, 'entity.editingStatus', '', '', '', '', '', '');
INSERT INTO CNT_FIELD_DEFINITION
 (ID, REVISION, PARENT_ID, FIELD_ID, COLUMN_NAME, COLUMN_TYPE, REPORT_COLUMN_NAME, PRODUCT_FIELD, FIELD_TYPE, ENTITY_LOOKUP, ENTITY_LOOKUP_KEY, ORDER_BY, GENERATOR, REFER_TABLE, KEY_COLUMN, LOOKUP_COLUMN, MANDATORY, MIN_LENGTH, MAX_LENGTH, MIN_VALUE, MAX_VALUE, CONSTANT_VALUE, UNIQUE_KEY, CREATE_USER, CREATED_ON, LINE_NO, MANAGED, FIELD_PATH, DATA_TYPE, DATA1, DATA2, TRANSITIVE_FIELDS, FORMULA, ENTITY_LOOKUP_TYPE)
VALUES ('bd7d2bbe014b40ea8b0591ed919d7a4a', 0, '205f6b8eafda44fb847674c3435b5427', 'createUser', 'CREATE_USER', 'NVARCHAR2(100)', '', 1, 'string-s', '', '', '', '', '', '', '', 0, NULL, 100, NULL, NULL, '', '', 'system', systimestamp, '10', 0, 'entity.createUser', '', '', '', '', '', '');
INSERT INTO CNT_FIELD_DEFINITION
 (ID, REVISION, PARENT_ID, FIELD_ID, COLUMN_NAME, COLUMN_TYPE, REPORT_COLUMN_NAME, PRODUCT_FIELD, FIELD_TYPE, ENTITY_LOOKUP, ENTITY_LOOKUP_KEY, ORDER_BY, GENERATOR, REFER_TABLE, KEY_COLUMN, LOOKUP_COLUMN, MANDATORY, MIN_LENGTH, MAX_LENGTH, MIN_VALUE, MAX_VALUE, CONSTANT_VALUE, UNIQUE_KEY, CREATE_USER, CREATED_ON, LINE_NO, MANAGED, FIELD_PATH, DATA_TYPE, DATA1, DATA2, TRANSITIVE_FIELDS, FORMULA, ENTITY_LOOKUP_TYPE)
VALUES ('0428605a96ec43f09cf3317be7841427', 0, '205f6b8eafda44fb847674c3435b5427', 'createUserName', 'CREATE_USER_NAME', 'NVARCHAR2(100)', '', 1, 'string-s', '', '', '', '', '', '', '', 0, NULL, 100, NULL, NULL, '', '', 'system', systimestamp, '11', 0, 'entity.createUserName', '', '', '', '', '', '');
INSERT INTO CNT_FIELD_DEFINITION
 (ID, REVISION, PARENT_ID, FIELD_ID, COLUMN_NAME, COLUMN_TYPE, REPORT_COLUMN_NAME, PRODUCT_FIELD, FIELD_TYPE, ENTITY_LOOKUP, ENTITY_LOOKUP_KEY, ORDER_BY, GENERATOR, REFER_TABLE, KEY_COLUMN, LOOKUP_COLUMN, MANDATORY, MIN_LENGTH, MAX_LENGTH, MIN_VALUE, MAX_VALUE, CONSTANT_VALUE, UNIQUE_KEY, CREATE_USER, CREATED_ON, LINE_NO, MANAGED, FIELD_PATH, DATA_TYPE, DATA1, DATA2, TRANSITIVE_FIELDS, FORMULA, ENTITY_LOOKUP_TYPE)
VALUES ('f20ae55dc9544beabf9b07864d43ce90', 0, '205f6b8eafda44fb847674c3435b5427', 'updateUser', 'UPDATE_USER', 'NVARCHAR2(100)', '', 1, 'string-s', '', '', '', '', '', '', '', 0, NULL, 100, NULL, NULL, '', '', 'system', systimestamp, '12', 0, 'entity.updateUser', '', '', '', '', '', '');
INSERT INTO CNT_FIELD_DEFINITION
 (ID, REVISION, PARENT_ID, FIELD_ID, COLUMN_NAME, COLUMN_TYPE, REPORT_COLUMN_NAME, PRODUCT_FIELD, FIELD_TYPE, ENTITY_LOOKUP, ENTITY_LOOKUP_KEY, ORDER_BY, GENERATOR, REFER_TABLE, KEY_COLUMN, LOOKUP_COLUMN, MANDATORY, MIN_LENGTH, MAX_LENGTH, MIN_VALUE, MAX_VALUE, CONSTANT_VALUE, UNIQUE_KEY, CREATE_USER, CREATED_ON, LINE_NO, MANAGED, FIELD_PATH, DATA_TYPE, DATA1, DATA2, TRANSITIVE_FIELDS, FORMULA, ENTITY_LOOKUP_TYPE)
VALUES ('5891e6db609f473f8599b37d3dff1e23', 0, '205f6b8eafda44fb847674c3435b5427', 'updateUserName', 'UPDATE_USER_NAME', 'NVARCHAR2(100)', '', 1, 'string-s', '', '', '', '', '', '', '', 0, NULL, 100, NULL, NULL, '', '', 'system', systimestamp, '13', 0, 'entity.updateUserName', '', '', '', '', '', '');
INSERT INTO CNT_FIELD_DEFINITION
 (ID, REVISION, PARENT_ID, FIELD_ID, COLUMN_NAME, COLUMN_TYPE, REPORT_COLUMN_NAME, PRODUCT_FIELD, FIELD_TYPE, ENTITY_LOOKUP, ENTITY_LOOKUP_KEY, ORDER_BY, GENERATOR, REFER_TABLE, KEY_COLUMN, LOOKUP_COLUMN, MANDATORY, MIN_LENGTH, MAX_LENGTH, MIN_VALUE, MAX_VALUE, CONSTANT_VALUE, UNIQUE_KEY, CREATE_USER, CREATED_ON, LINE_NO, MANAGED, FIELD_PATH, DATA_TYPE, DATA1, DATA2, TRANSITIVE_FIELDS, FORMULA, ENTITY_LOOKUP_TYPE)
VALUES ('790501aaa44142b898c9f8647e72c81c', 0, '205f6b8eafda44fb847674c3435b5427', 'createdOn', 'CREATED_ON', 'TIMESTAMP', '', 1, 'timestamp', '', '', '', '', '', '', '', 0, NULL, NULL, NULL, NULL, '', '', 'system', systimestamp, '14', 0, 'entity.createdOn', '', '', '', '', '', '');
INSERT INTO CNT_FIELD_DEFINITION
 (ID, REVISION, PARENT_ID, FIELD_ID, COLUMN_NAME, COLUMN_TYPE, REPORT_COLUMN_NAME, PRODUCT_FIELD, FIELD_TYPE, ENTITY_LOOKUP, ENTITY_LOOKUP_KEY, ORDER_BY, GENERATOR, REFER_TABLE, KEY_COLUMN, LOOKUP_COLUMN, MANDATORY, MIN_LENGTH, MAX_LENGTH, MIN_VALUE, MAX_VALUE, CONSTANT_VALUE, UNIQUE_KEY, CREATE_USER, CREATED_ON, LINE_NO, MANAGED, FIELD_PATH, DATA_TYPE, DATA1, DATA2, TRANSITIVE_FIELDS, FORMULA, ENTITY_LOOKUP_TYPE)
VALUES ('eeff97fd43df4d69b99baeccaf6f0955', 0, '205f6b8eafda44fb847674c3435b5427', 'updatedOn', 'UPDATED_ON', 'TIMESTAMP', '', 1, 'timestamp', '', '', '', '', '', '', '', 0, NULL, NULL, NULL, NULL, '', '', 'system', systimestamp, '15', 0, 'entity.updatedOn', '', '', '', '', '', '');
INSERT INTO CNT_FIELD_DEFINITION
 (ID, REVISION, PARENT_ID, FIELD_ID, COLUMN_NAME, COLUMN_TYPE, REPORT_COLUMN_NAME, PRODUCT_FIELD, FIELD_TYPE, ENTITY_LOOKUP, ENTITY_LOOKUP_KEY, ORDER_BY, GENERATOR, REFER_TABLE, KEY_COLUMN, LOOKUP_COLUMN, MANDATORY, MIN_LENGTH, MAX_LENGTH, MIN_VALUE, MAX_VALUE, CONSTANT_VALUE, UNIQUE_KEY, CREATE_USER, CREATED_ON, LINE_NO, MANAGED, FIELD_PATH, DATA_TYPE, DATA1, DATA2, TRANSITIVE_FIELDS, FORMULA, ENTITY_LOOKUP_TYPE)
VALUES ('a2cfb752bf9e49db925c28c48473128a', 0, '205f6b8eafda44fb847674c3435b5427', 'integrationSource', 'INTEGRATION_SOURCE', 'NVARCHAR2(400)', '', 1, 'string-m', '', '', '', '', '', '', '', 0, NULL, 400, NULL, NULL, '', '', 'system', systimestamp, '16', 0, 'entity.integrationSource', '', '', '', '', '', '');
INSERT INTO CNT_FIELD_DEFINITION
 (ID, REVISION, PARENT_ID, FIELD_ID, COLUMN_NAME, COLUMN_TYPE, REPORT_COLUMN_NAME, PRODUCT_FIELD, FIELD_TYPE, ENTITY_LOOKUP, ENTITY_LOOKUP_KEY, ORDER_BY, GENERATOR, REFER_TABLE, KEY_COLUMN, LOOKUP_COLUMN, MANDATORY, MIN_LENGTH, MAX_LENGTH, MIN_VALUE, MAX_VALUE, CONSTANT_VALUE, UNIQUE_KEY, CREATE_USER, CREATED_ON, LINE_NO, MANAGED, FIELD_PATH, DATA_TYPE, DATA1, DATA2, TRANSITIVE_FIELDS, FORMULA, ENTITY_LOOKUP_TYPE)
VALUES ('0c2a1c667f084caaaa09d4367ddd2085', 0, '205f6b8eafda44fb847674c3435b5427', 'integrationStatus', 'INTEGRATION_STATUS', 'NVARCHAR2(400)', '', 1, 'string-m', '', '', '', '', '', '', '', 0, NULL, 400, NULL, NULL, '', '', 'system', systimestamp, '17', 0, 'entity.integrationStatus', '', '', '', '', '', '');
INSERT INTO CNT_FIELD_DEFINITION
 (ID, REVISION, PARENT_ID, FIELD_ID, COLUMN_NAME, COLUMN_TYPE, REPORT_COLUMN_NAME, PRODUCT_FIELD, FIELD_TYPE, ENTITY_LOOKUP, ENTITY_LOOKUP_KEY, ORDER_BY, GENERATOR, REFER_TABLE, KEY_COLUMN, LOOKUP_COLUMN, MANDATORY, MIN_LENGTH, MAX_LENGTH, MIN_VALUE, MAX_VALUE, CONSTANT_VALUE, UNIQUE_KEY, CREATE_USER, CREATED_ON, LINE_NO, MANAGED, FIELD_PATH, DATA_TYPE, DATA1, DATA2, TRANSITIVE_FIELDS, FORMULA, ENTITY_LOOKUP_TYPE)
VALUES ('81e0341b40fd4df4af851287ac819cd7', 0, '205f6b8eafda44fb847674c3435b5427', 'integrationNote', 'INTEGRATION_NOTE', 'NVARCHAR2(1000)', '', 1, 'string-l', '', '', '', '', '', '', '', 0, NULL, 1000, NULL, NULL, '', '', 'system', systimestamp, '18', 0, 'entity.integrationNote', '', '', '', '', '', '');
INSERT INTO CNT_FIELD_DEFINITION
 (ID, REVISION, PARENT_ID, FIELD_ID, COLUMN_NAME, COLUMN_TYPE, REPORT_COLUMN_NAME, PRODUCT_FIELD, FIELD_TYPE, ENTITY_LOOKUP, ENTITY_LOOKUP_KEY, ORDER_BY, GENERATOR, REFER_TABLE, KEY_COLUMN, LOOKUP_COLUMN, MANDATORY, MIN_LENGTH, MAX_LENGTH, MIN_VALUE, MAX_VALUE, CONSTANT_VALUE, UNIQUE_KEY, CREATE_USER, CREATED_ON, LINE_NO, MANAGED, FIELD_PATH, DATA_TYPE, DATA1, DATA2, TRANSITIVE_FIELDS, FORMULA, ENTITY_LOOKUP_TYPE)
VALUES ('82ba3bb8ccc543209f8d89353e78e804', 0, '205f6b8eafda44fb847674c3435b5427', 'isCpmInitialized', 'IS_CPM_INITIALIZED', 'NUMBER(1,0)', '', 1, 'boolean', '', '', '', '', '', '', '', 0, NULL, NULL, NULL, NULL, '', '', 'system', systimestamp, '19', 0, 'entity.isCpmInitialized', '', '', '', '', '', '');
INSERT INTO CNT_FIELD_DEFINITION
 (ID, REVISION, PARENT_ID, FIELD_ID, COLUMN_NAME, COLUMN_TYPE, REPORT_COLUMN_NAME, PRODUCT_FIELD, FIELD_TYPE, ENTITY_LOOKUP, ENTITY_LOOKUP_KEY, ORDER_BY, GENERATOR, REFER_TABLE, KEY_COLUMN, LOOKUP_COLUMN, MANDATORY, MIN_LENGTH, MAX_LENGTH, MIN_VALUE, MAX_VALUE, CONSTANT_VALUE, UNIQUE_KEY, CREATE_USER, CREATED_ON, LINE_NO, MANAGED, FIELD_PATH, DATA_TYPE, DATA1, DATA2, TRANSITIVE_FIELDS, FORMULA, ENTITY_LOOKUP_TYPE)
VALUES ('536976819f014c118a670f4e8f1be64e', 0, '205f6b8eafda44fb847674c3435b5427', 'isLatest', 'IS_LATEST', 'NUMBER(1,0)', '', 1, 'boolean', '', '', '', '', '', '', '', 0, NULL, NULL, NULL, NULL, '', '', 'system', systimestamp, '20', 0, 'entity.isLatest', '', '', '', '', '', '');
INSERT INTO CNT_FIELD_DEFINITION
 (ID, REVISION, PARENT_ID, FIELD_ID, COLUMN_NAME, COLUMN_TYPE, REPORT_COLUMN_NAME, PRODUCT_FIELD, FIELD_TYPE, ENTITY_LOOKUP, ENTITY_LOOKUP_KEY, ORDER_BY, GENERATOR, REFER_TABLE, KEY_COLUMN, LOOKUP_COLUMN, MANDATORY, MIN_LENGTH, MAX_LENGTH, MIN_VALUE, MAX_VALUE, CONSTANT_VALUE, UNIQUE_KEY, CREATE_USER, CREATED_ON, LINE_NO, MANAGED, FIELD_PATH, DATA_TYPE, DATA1, DATA2, TRANSITIVE_FIELDS, FORMULA, ENTITY_LOOKUP_TYPE)
VALUES ('23b2e94de4c54ac8a65c7b4a0c45bb0f', 0, '205f6b8eafda44fb847674c3435b5427', 'briefNo', 'BRIEF_NO', 'NVARCHAR2(400)', 'BRIEF_NO', 1, 'string-m', '', '', '', '', '', '', '', 0, NULL, 400, NULL, NULL, '', '', 'system', systimestamp, '21', 0, 'entity.briefNo', '', '', '', '', 'refNo', '');
INSERT INTO CNT_FIELD_DEFINITION
 (ID, REVISION, PARENT_ID, FIELD_ID, COLUMN_NAME, COLUMN_TYPE, REPORT_COLUMN_NAME, PRODUCT_FIELD, FIELD_TYPE, ENTITY_LOOKUP, ENTITY_LOOKUP_KEY, ORDER_BY, GENERATOR, REFER_TABLE, KEY_COLUMN, LOOKUP_COLUMN, MANDATORY, MIN_LENGTH, MAX_LENGTH, MIN_VALUE, MAX_VALUE, CONSTANT_VALUE, UNIQUE_KEY, CREATE_USER, CREATED_ON, LINE_NO, MANAGED, FIELD_PATH, DATA_TYPE, DATA1, DATA2, TRANSITIVE_FIELDS, FORMULA, ENTITY_LOOKUP_TYPE)
VALUES ('657f1722b635452db4bb17d16ced5e92', 0, '205f6b8eafda44fb847674c3435b5427', 'remarks', 'REMARKS', 'NVARCHAR2(1000)', 'REMARKS', 1, 'string-l', '', '', '', '', '', '', '', 0, NULL, 1000, NULL, NULL, '', '', 'system', systimestamp, '22', 0, 'entity.remarks', '', '', '', '', '', '');
INSERT INTO CNT_FIELD_DEFINITION
 (ID, REVISION, PARENT_ID, FIELD_ID, COLUMN_NAME, COLUMN_TYPE, REPORT_COLUMN_NAME, PRODUCT_FIELD, FIELD_TYPE, ENTITY_LOOKUP, ENTITY_LOOKUP_KEY, ORDER_BY, GENERATOR, REFER_TABLE, KEY_COLUMN, LOOKUP_COLUMN, MANDATORY, MIN_LENGTH, MAX_LENGTH, MIN_VALUE, MAX_VALUE, CONSTANT_VALUE, UNIQUE_KEY, CREATE_USER, CREATED_ON, LINE_NO, MANAGED, FIELD_PATH, DATA_TYPE, DATA1, DATA2, TRANSITIVE_FIELDS, FORMULA, ENTITY_LOOKUP_TYPE)
VALUES ('73fb76a21f8e4f95aaa326b0b07cd15c', 0, '205f6b8eafda44fb847674c3435b5427', 'isDefaultItem', 'IS_DEFAULT_ITEM', 'NUMBER(1,0)', 'IS_DEFAULT_ITEM', 1, 'boolean', '', '', '', '', '', '', '', 0, NULL, NULL, NULL, NULL, '', '', 'system', systimestamp, '23', 0, 'entity.isDefaultItem', '', '', '', '', '', '');
INSERT INTO CNT_FIELD_DEFINITION
 (ID, REVISION, PARENT_ID, FIELD_ID, COLUMN_NAME, COLUMN_TYPE, REPORT_COLUMN_NAME, PRODUCT_FIELD, FIELD_TYPE, ENTITY_LOOKUP, ENTITY_LOOKUP_KEY, ORDER_BY, GENERATOR, REFER_TABLE, KEY_COLUMN, LOOKUP_COLUMN, MANDATORY, MIN_LENGTH, MAX_LENGTH, MIN_VALUE, MAX_VALUE, CONSTANT_VALUE, UNIQUE_KEY, CREATE_USER, CREATED_ON, LINE_NO, MANAGED, FIELD_PATH, DATA_TYPE, DATA1, DATA2, TRANSITIVE_FIELDS, FORMULA, ENTITY_LOOKUP_TYPE)
VALUES ('a28e618f28e044c0ae7259d958d9c15d', 0, '205f6b8eafda44fb847674c3435b5427', 'season', 'SEASON', 'NVARCHAR2(400)', 'SEASON', 1, 'string-m', '', '', '', '', '', '', '', 0, NULL, 400, NULL, NULL, '', '', 'system', systimestamp, '24', 0, 'entity.season', 'codelist', 'SEASON', '', '', '', '');
INSERT INTO CNT_FIELD_DEFINITION
 (ID, REVISION, PARENT_ID, FIELD_ID, COLUMN_NAME, COLUMN_TYPE, REPORT_COLUMN_NAME, PRODUCT_FIELD, FIELD_TYPE, ENTITY_LOOKUP, ENTITY_LOOKUP_KEY, ORDER_BY, GENERATOR, REFER_TABLE, KEY_COLUMN, LOOKUP_COLUMN, MANDATORY, MIN_LENGTH, MAX_LENGTH, MIN_VALUE, MAX_VALUE, CONSTANT_VALUE, UNIQUE_KEY, CREATE_USER, CREATED_ON, LINE_NO, MANAGED, FIELD_PATH, DATA_TYPE, DATA1, DATA2, TRANSITIVE_FIELDS, FORMULA, ENTITY_LOOKUP_TYPE)
VALUES ('83ea308d349a403bad9c7c6b5b70c229', 0, '205f6b8eafda44fb847674c3435b5427', 'trackStatus', 'TRACK_STATUS', 'NVARCHAR2(400)', 'TRACK_STATUS', 1, 'string-m', '', '', '', '', '', '', '', 0, NULL, 400, NULL, NULL, '', '', 'system', systimestamp, '25', 0, 'entity.trackStatus', '', '', '', '', '', '');
INSERT INTO CNT_FIELD_DEFINITION
 (ID, REVISION, PARENT_ID, FIELD_ID, COLUMN_NAME, COLUMN_TYPE, REPORT_COLUMN_NAME, PRODUCT_FIELD, FIELD_TYPE, ENTITY_LOOKUP, ENTITY_LOOKUP_KEY, ORDER_BY, GENERATOR, REFER_TABLE, KEY_COLUMN, LOOKUP_COLUMN, MANDATORY, MIN_LENGTH, MAX_LENGTH, MIN_VALUE, MAX_VALUE, CONSTANT_VALUE, UNIQUE_KEY, CREATE_USER, CREATED_ON, LINE_NO, MANAGED, FIELD_PATH, DATA_TYPE, DATA1, DATA2, TRANSITIVE_FIELDS, FORMULA, ENTITY_LOOKUP_TYPE)
VALUES ('73a516ef571846c49d091f4ff5fe9a5a', 0, '205f6b8eafda44fb847674c3435b5427', 'instructions', 'INSTRUCTIONS', 'NVARCHAR2(1000)', 'INSTRUCTIONS', 1, 'string-l', '', '', '', '', '', '', '', 0, NULL, 1000, NULL, NULL, '', '', 'system', systimestamp, '26', 0, 'entity.instructions', '', '', '', '', '', '');
INSERT INTO CNT_FIELD_DEFINITION
 (ID, REVISION, PARENT_ID, FIELD_ID, COLUMN_NAME, COLUMN_TYPE, REPORT_COLUMN_NAME, PRODUCT_FIELD, FIELD_TYPE, ENTITY_LOOKUP, ENTITY_LOOKUP_KEY, ORDER_BY, GENERATOR, REFER_TABLE, KEY_COLUMN, LOOKUP_COLUMN, MANDATORY, MIN_LENGTH, MAX_LENGTH, MIN_VALUE, MAX_VALUE, CONSTANT_VALUE, UNIQUE_KEY, CREATE_USER, CREATED_ON, LINE_NO, MANAGED, FIELD_PATH, DATA_TYPE, DATA1, DATA2, TRANSITIVE_FIELDS, FORMULA, ENTITY_LOOKUP_TYPE)
VALUES ('ed0eaa7e58054faba8a5d455be28a73d', 0, '205f6b8eafda44fb847674c3435b5427', 'fileId', 'FILE_ID', 'CHAR(32)', 'IMAGE_SYS_ID', 1, 'entity', 'Image', 'id', '', '', '', '', '', 0, 32, 32, NULL, NULL, '', '', 'system', systimestamp, '27', 0, 'entity.fileId', '', '', '', '', '', '');
INSERT INTO CNT_FIELD_DEFINITION
 (ID, REVISION, PARENT_ID, FIELD_ID, COLUMN_NAME, COLUMN_TYPE, REPORT_COLUMN_NAME, PRODUCT_FIELD, FIELD_TYPE, ENTITY_LOOKUP, ENTITY_LOOKUP_KEY, ORDER_BY, GENERATOR, REFER_TABLE, KEY_COLUMN, LOOKUP_COLUMN, MANDATORY, MIN_LENGTH, MAX_LENGTH, MIN_VALUE, MAX_VALUE, CONSTANT_VALUE, UNIQUE_KEY, CREATE_USER, CREATED_ON, LINE_NO, MANAGED, FIELD_PATH, DATA_TYPE, DATA1, DATA2, TRANSITIVE_FIELDS, FORMULA, ENTITY_LOOKUP_TYPE)
VALUES ('e8e3ec39b0194d5d9b0d42f7b95f8603', 0, '205f6b8eafda44fb847674c3435b5427', 'itemId', 'ITEM_ID', 'CHAR(32)', 'ITEM_SYS_ID', 1, 'entity', 'Item', 'id', '', '', '', '', '', 0, 32, 32, NULL, NULL, '', '', 'system', systimestamp, '28', 0, 'entity.itemId', '', '', '', '', '', 'Dynamic');
INSERT INTO CNT_FIELD_DEFINITION
 (ID, REVISION, PARENT_ID, FIELD_ID, COLUMN_NAME, COLUMN_TYPE, REPORT_COLUMN_NAME, PRODUCT_FIELD, FIELD_TYPE, ENTITY_LOOKUP, ENTITY_LOOKUP_KEY, ORDER_BY, GENERATOR, REFER_TABLE, KEY_COLUMN, LOOKUP_COLUMN, MANDATORY, MIN_LENGTH, MAX_LENGTH, MIN_VALUE, MAX_VALUE, CONSTANT_VALUE, UNIQUE_KEY, CREATE_USER, CREATED_ON, LINE_NO, MANAGED, FIELD_PATH, DATA_TYPE, DATA1, DATA2, TRANSITIVE_FIELDS, FORMULA, ENTITY_LOOKUP_TYPE)
VALUES ('73541e2bb7da4dd5a8a0889bd3c0d7dc', 0, '205f6b8eafda44fb847674c3435b5427', 'itemNo', 'ITEM_NO', 'NVARCHAR2(400)', 'ITEM_NO', 1, 'string-m', '', '', '', '', '', '', '', 0, NULL, 400, NULL, NULL, '', '', 'system', systimestamp, '29', 0, 'entity.itemNo', '', '', '', '', '', '');
INSERT INTO CNT_FIELD_DEFINITION
 (ID, REVISION, PARENT_ID, FIELD_ID, COLUMN_NAME, COLUMN_TYPE, REPORT_COLUMN_NAME, PRODUCT_FIELD, FIELD_TYPE, ENTITY_LOOKUP, ENTITY_LOOKUP_KEY, ORDER_BY, GENERATOR, REFER_TABLE, KEY_COLUMN, LOOKUP_COLUMN, MANDATORY, MIN_LENGTH, MAX_LENGTH, MIN_VALUE, MAX_VALUE, CONSTANT_VALUE, UNIQUE_KEY, CREATE_USER, CREATED_ON, LINE_NO, MANAGED, FIELD_PATH, DATA_TYPE, DATA1, DATA2, TRANSITIVE_FIELDS, FORMULA, ENTITY_LOOKUP_TYPE)
VALUES ('7b6845dc74c245028963c97fd7508313', 0, '205f6b8eafda44fb847674c3435b5427', 'newItemLabel', 'NEW_ITEM_LABEL', 'NVARCHAR2(400)', 'ITEM_LABEL', 1, 'string-m', '', '', '', '', '', '', '', 0, NULL, 400, NULL, NULL, '', '', 'system', systimestamp, '30', 0, 'entity.newItemLabel', '', '', '', '', '', '');
INSERT INTO CNT_FIELD_DEFINITION
 (ID, REVISION, PARENT_ID, FIELD_ID, COLUMN_NAME, COLUMN_TYPE, REPORT_COLUMN_NAME, PRODUCT_FIELD, FIELD_TYPE, ENTITY_LOOKUP, ENTITY_LOOKUP_KEY, ORDER_BY, GENERATOR, REFER_TABLE, KEY_COLUMN, LOOKUP_COLUMN, MANDATORY, MIN_LENGTH, MAX_LENGTH, MIN_VALUE, MAX_VALUE, CONSTANT_VALUE, UNIQUE_KEY, CREATE_USER, CREATED_ON, LINE_NO, MANAGED, FIELD_PATH, DATA_TYPE, DATA1, DATA2, TRANSITIVE_FIELDS, FORMULA, ENTITY_LOOKUP_TYPE)
VALUES ('c9605e8e6009451ca28394bf89860e54', 0, '205f6b8eafda44fb847674c3435b5427', 'itemDesc', 'ITEM_DESC', 'NVARCHAR2(1000)', 'ITEM_DESC', 1, 'string-l', '', '', '', '', '', '', '', 0, NULL, 1000, NULL, NULL, '', '', 'system', systimestamp, '31', 0, 'entity.itemDesc', '', '', '', '', '', '');
INSERT INTO CNT_FIELD_DEFINITION
 (ID, REVISION, PARENT_ID, FIELD_ID, COLUMN_NAME, COLUMN_TYPE, REPORT_COLUMN_NAME, PRODUCT_FIELD, FIELD_TYPE, ENTITY_LOOKUP, ENTITY_LOOKUP_KEY, ORDER_BY, GENERATOR, REFER_TABLE, KEY_COLUMN, LOOKUP_COLUMN, MANDATORY, MIN_LENGTH, MAX_LENGTH, MIN_VALUE, MAX_VALUE, CONSTANT_VALUE, UNIQUE_KEY, CREATE_USER, CREATED_ON, LINE_NO, MANAGED, FIELD_PATH, DATA_TYPE, DATA1, DATA2, TRANSITIVE_FIELDS, FORMULA, ENTITY_LOOKUP_TYPE)
VALUES ('c2bb2ca94d9a4eb6807611be47c4a5b2', 0, '205f6b8eafda44fb847674c3435b5427', 'shortDesc', 'SHORT_DESC', 'NVARCHAR2(1000)', 'ITEM_DESC2', 1, 'string-l', '', '', '', '', '', '', '', 0, NULL, 1000, NULL, NULL, '', '', 'system', systimestamp, '32', 0, 'entity.shortDesc', '', '', '', '', '', '');
INSERT INTO CNT_FIELD_DEFINITION
 (ID, REVISION, PARENT_ID, FIELD_ID, COLUMN_NAME, COLUMN_TYPE, REPORT_COLUMN_NAME, PRODUCT_FIELD, FIELD_TYPE, ENTITY_LOOKUP, ENTITY_LOOKUP_KEY, ORDER_BY, GENERATOR, REFER_TABLE, KEY_COLUMN, LOOKUP_COLUMN, MANDATORY, MIN_LENGTH, MAX_LENGTH, MIN_VALUE, MAX_VALUE, CONSTANT_VALUE, UNIQUE_KEY, CREATE_USER, CREATED_ON, LINE_NO, MANAGED, FIELD_PATH, DATA_TYPE, DATA1, DATA2, TRANSITIVE_FIELDS, FORMULA, ENTITY_LOOKUP_TYPE)
VALUES ('3d59bbf73091495693ff908da399b267', 0, '205f6b8eafda44fb847674c3435b5427', 'ffDueDate', 'FF_DUE_DATE', 'DATE', 'FF_DUE_DATE', 1, 'date', '', '', '', '', '', '', '', 0, NULL, NULL, NULL, NULL, '', '', 'system', systimestamp, '33', 0, 'entity.ffDueDate', '', '', '', '', '', '');
INSERT INTO CNT_FIELD_DEFINITION
 (ID, REVISION, PARENT_ID, FIELD_ID, COLUMN_NAME, COLUMN_TYPE, REPORT_COLUMN_NAME, PRODUCT_FIELD, FIELD_TYPE, ENTITY_LOOKUP, ENTITY_LOOKUP_KEY, ORDER_BY, GENERATOR, REFER_TABLE, KEY_COLUMN, LOOKUP_COLUMN, MANDATORY, MIN_LENGTH, MAX_LENGTH, MIN_VALUE, MAX_VALUE, CONSTANT_VALUE, UNIQUE_KEY, CREATE_USER, CREATED_ON, LINE_NO, MANAGED, FIELD_PATH, DATA_TYPE, DATA1, DATA2, TRANSITIVE_FIELDS, FORMULA, ENTITY_LOOKUP_TYPE)
VALUES ('c6e0e4b110bd41b7a48625034e0b832e', 0, '205f6b8eafda44fb847674c3435b5427', 'shipBeforeDate', 'SHIP_BEFORE_DATE', 'DATE', 'DO_NOT_SHIP_BEFORE_DATE', 1, 'date', '', '', '', '', '', '', '', 0, NULL, NULL, NULL, NULL, '', '', 'system', systimestamp, '34', 0, 'entity.shipBeforeDate', '', '', '', '', '', '');
INSERT INTO CNT_FIELD_DEFINITION
 (ID, REVISION, PARENT_ID, FIELD_ID, COLUMN_NAME, COLUMN_TYPE, REPORT_COLUMN_NAME, PRODUCT_FIELD, FIELD_TYPE, ENTITY_LOOKUP, ENTITY_LOOKUP_KEY, ORDER_BY, GENERATOR, REFER_TABLE, KEY_COLUMN, LOOKUP_COLUMN, MANDATORY, MIN_LENGTH, MAX_LENGTH, MIN_VALUE, MAX_VALUE, CONSTANT_VALUE, UNIQUE_KEY, CREATE_USER, CREATED_ON, LINE_NO, MANAGED, FIELD_PATH, DATA_TYPE, DATA1, DATA2, TRANSITIVE_FIELDS, FORMULA, ENTITY_LOOKUP_TYPE)
VALUES ('58ed21cf9de94737ae5da755e9154b2a', 0, '205f6b8eafda44fb847674c3435b5427', 'specId', 'SPEC_ID', 'CHAR(32)', 'SPECIFICATION_SYS_ID', 1, 'entity', 'Spec', 'id', '', '', '', '', '', 0, 32, 32, NULL, NULL, '', '', 'system', systimestamp, '35', 0, 'entity.specId', '', '', '', '', '', 'Dynamic');
INSERT INTO CNT_FIELD_DEFINITION
 (ID, REVISION, PARENT_ID, FIELD_ID, COLUMN_NAME, COLUMN_TYPE, REPORT_COLUMN_NAME, PRODUCT_FIELD, FIELD_TYPE, ENTITY_LOOKUP, ENTITY_LOOKUP_KEY, ORDER_BY, GENERATOR, REFER_TABLE, KEY_COLUMN, LOOKUP_COLUMN, MANDATORY, MIN_LENGTH, MAX_LENGTH, MIN_VALUE, MAX_VALUE, CONSTANT_VALUE, UNIQUE_KEY, CREATE_USER, CREATED_ON, LINE_NO, MANAGED, FIELD_PATH, DATA_TYPE, DATA1, DATA2, TRANSITIVE_FIELDS, FORMULA, ENTITY_LOOKUP_TYPE)
VALUES ('00ddd0a0d3664be38e40563b7c2f3e13', 0, '205f6b8eafda44fb847674c3435b5427', 'specVersion', 'SPEC_VERSION', 'NUMBER(25, 5)', 'SPECIFICATION_VERSION', 1, 'decimal-rate', '', '', '', '', '', '', '', 0, NULL, 20, NULL, NULL, '', '', 'system', systimestamp, '36', 0, 'entity.specVersion', '', '', '', '', '', '');
INSERT INTO CNT_FIELD_DEFINITION
 (ID, REVISION, PARENT_ID, FIELD_ID, COLUMN_NAME, COLUMN_TYPE, REPORT_COLUMN_NAME, PRODUCT_FIELD, FIELD_TYPE, ENTITY_LOOKUP, ENTITY_LOOKUP_KEY, ORDER_BY, GENERATOR, REFER_TABLE, KEY_COLUMN, LOOKUP_COLUMN, MANDATORY, MIN_LENGTH, MAX_LENGTH, MIN_VALUE, MAX_VALUE, CONSTANT_VALUE, UNIQUE_KEY, CREATE_USER, CREATED_ON, LINE_NO, MANAGED, FIELD_PATH, DATA_TYPE, DATA1, DATA2, TRANSITIVE_FIELDS, FORMULA, ENTITY_LOOKUP_TYPE)
VALUES ('d5f0e8b06a454f6e9e4c9b2ed45c0f95', 0, '205f6b8eafda44fb847674c3435b5427', 'specSummary', 'SPEC_SUMMARY', 'NVARCHAR2(1000)', 'SPECIFICATION_SUMMARY', 1, 'string-l', '', '', '', '', '', '', '', 0, NULL, 1000, NULL, NULL, '', '', 'system', systimestamp, '37', 0, 'entity.specSummary', '', '', '', '', '', '');
INSERT INTO CNT_FIELD_DEFINITION
 (ID, REVISION, PARENT_ID, FIELD_ID, COLUMN_NAME, COLUMN_TYPE, REPORT_COLUMN_NAME, PRODUCT_FIELD, FIELD_TYPE, ENTITY_LOOKUP, ENTITY_LOOKUP_KEY, ORDER_BY, GENERATOR, REFER_TABLE, KEY_COLUMN, LOOKUP_COLUMN, MANDATORY, MIN_LENGTH, MAX_LENGTH, MIN_VALUE, MAX_VALUE, CONSTANT_VALUE, UNIQUE_KEY, CREATE_USER, CREATED_ON, LINE_NO, MANAGED, FIELD_PATH, DATA_TYPE, DATA1, DATA2, TRANSITIVE_FIELDS, FORMULA, ENTITY_LOOKUP_TYPE)
VALUES ('6406543f92604e8fa287dfc0be5113e2', 0, '205f6b8eafda44fb847674c3435b5427', 'shipDate', 'SHIP_DATE', 'DATE', 'SHIP_DATE', 1, 'date', '', '', '', '', '', '', '', 0, NULL, NULL, NULL, NULL, '', '', 'system', systimestamp, '38', 0, 'entity.shipDate', '', '', '', '', '', '');
INSERT INTO CNT_FIELD_DEFINITION
 (ID, REVISION, PARENT_ID, FIELD_ID, COLUMN_NAME, COLUMN_TYPE, REPORT_COLUMN_NAME, PRODUCT_FIELD, FIELD_TYPE, ENTITY_LOOKUP, ENTITY_LOOKUP_KEY, ORDER_BY, GENERATOR, REFER_TABLE, KEY_COLUMN, LOOKUP_COLUMN, MANDATORY, MIN_LENGTH, MAX_LENGTH, MIN_VALUE, MAX_VALUE, CONSTANT_VALUE, UNIQUE_KEY, CREATE_USER, CREATED_ON, LINE_NO, MANAGED, FIELD_PATH, DATA_TYPE, DATA1, DATA2, TRANSITIVE_FIELDS, FORMULA, ENTITY_LOOKUP_TYPE)
VALUES ('c6b8aded96a74d40a2bf021554070f8f', 0, '205f6b8eafda44fb847674c3435b5427', 'dcDueDate', 'DC_DUE_DATE', 'DATE', 'DC_DUE_DATE', 1, 'date', '', '', '', '', '', '', '', 0, NULL, NULL, NULL, NULL, '', '', 'system', systimestamp, '39', 0, 'entity.dcDueDate', '', '', '', '', '', '');
INSERT INTO CNT_FIELD_DEFINITION
 (ID, REVISION, PARENT_ID, FIELD_ID, COLUMN_NAME, COLUMN_TYPE, REPORT_COLUMN_NAME, PRODUCT_FIELD, FIELD_TYPE, ENTITY_LOOKUP, ENTITY_LOOKUP_KEY, ORDER_BY, GENERATOR, REFER_TABLE, KEY_COLUMN, LOOKUP_COLUMN, MANDATORY, MIN_LENGTH, MAX_LENGTH, MIN_VALUE, MAX_VALUE, CONSTANT_VALUE, UNIQUE_KEY, CREATE_USER, CREATED_ON, LINE_NO, MANAGED, FIELD_PATH, DATA_TYPE, DATA1, DATA2, TRANSITIVE_FIELDS, FORMULA, ENTITY_LOOKUP_TYPE)
VALUES ('197ff9f4eaba4292abc23ec2da815866', 0, '205f6b8eafda44fb847674c3435b5427', 'stockDate', 'STOCK_DATE', 'DATE', 'STOCK_DATE', 1, 'date', '', '', '', '', '', '', '', 0, NULL, NULL, NULL, NULL, '', '', 'system', systimestamp, '40', 0, 'entity.stockDate', '', '', '', '', '', '');
INSERT INTO CNT_FIELD_DEFINITION
 (ID, REVISION, PARENT_ID, FIELD_ID, COLUMN_NAME, COLUMN_TYPE, REPORT_COLUMN_NAME, PRODUCT_FIELD, FIELD_TYPE, ENTITY_LOOKUP, ENTITY_LOOKUP_KEY, ORDER_BY, GENERATOR, REFER_TABLE, KEY_COLUMN, LOOKUP_COLUMN, MANDATORY, MIN_LENGTH, MAX_LENGTH, MIN_VALUE, MAX_VALUE, CONSTANT_VALUE, UNIQUE_KEY, CREATE_USER, CREATED_ON, LINE_NO, MANAGED, FIELD_PATH, DATA_TYPE, DATA1, DATA2, TRANSITIVE_FIELDS, FORMULA, ENTITY_LOOKUP_TYPE)
VALUES ('17eea11e5fc0472aa10ee5f95c11c8b1', 0, '205f6b8eafda44fb847674c3435b5427', 'targetCurrency', 'TARGET_CURRENCY', 'NVARCHAR2(400)', 'EST_UNIT_COST_CURRENCY', 1, 'string-m', '', '', '', '', '', '', '', 0, NULL, 400, NULL, NULL, '', '', 'system', systimestamp, '41', 0, 'entity.targetCurrency', 'codelist', 'CURRENCY', '', '', '', '');
INSERT INTO CNT_FIELD_DEFINITION
 (ID, REVISION, PARENT_ID, FIELD_ID, COLUMN_NAME, COLUMN_TYPE, REPORT_COLUMN_NAME, PRODUCT_FIELD, FIELD_TYPE, ENTITY_LOOKUP, ENTITY_LOOKUP_KEY, ORDER_BY, GENERATOR, REFER_TABLE, KEY_COLUMN, LOOKUP_COLUMN, MANDATORY, MIN_LENGTH, MAX_LENGTH, MIN_VALUE, MAX_VALUE, CONSTANT_VALUE, UNIQUE_KEY, CREATE_USER, CREATED_ON, LINE_NO, MANAGED, FIELD_PATH, DATA_TYPE, DATA1, DATA2, TRANSITIVE_FIELDS, FORMULA, ENTITY_LOOKUP_TYPE)
VALUES ('61a1ca1399074535bdd77d0ac3297f35', 0, '205f6b8eafda44fb847674c3435b5427', 'targetUnitCost', 'TARGET_UNIT_COST', 'NUMBER(25, 5)', 'EST_UNIT_COST', 1, 'decimal-rate', '', '', '', '', '', '', '', 0, NULL, 20, NULL, NULL, '', '', 'system', systimestamp, '42', 0, 'entity.targetUnitCost', '', '', '', '', '', '');
INSERT INTO CNT_FIELD_DEFINITION
 (ID, REVISION, PARENT_ID, FIELD_ID, COLUMN_NAME, COLUMN_TYPE, REPORT_COLUMN_NAME, PRODUCT_FIELD, FIELD_TYPE, ENTITY_LOOKUP, ENTITY_LOOKUP_KEY, ORDER_BY, GENERATOR, REFER_TABLE, KEY_COLUMN, LOOKUP_COLUMN, MANDATORY, MIN_LENGTH, MAX_LENGTH, MIN_VALUE, MAX_VALUE, CONSTANT_VALUE, UNIQUE_KEY, CREATE_USER, CREATED_ON, LINE_NO, MANAGED, FIELD_PATH, DATA_TYPE, DATA1, DATA2, TRANSITIVE_FIELDS, FORMULA, ENTITY_LOOKUP_TYPE)
VALUES ('e3a53cf225964e658d0ce82698510b43', 0, '205f6b8eafda44fb847674c3435b5427', 'targetOfferPrice', 'TARGET_OFFER_PRICE', 'NUMBER(25, 5)', 'EST_OFFER_PRICE', 1, 'decimal-rate', '', '', '', '', '', '', '', 0, NULL, 20, NULL, NULL, '', '', 'system', systimestamp, '43', 0, 'entity.targetOfferPrice', '', '', '', '', '', '');
INSERT INTO CNT_FIELD_DEFINITION
 (ID, REVISION, PARENT_ID, FIELD_ID, COLUMN_NAME, COLUMN_TYPE, REPORT_COLUMN_NAME, PRODUCT_FIELD, FIELD_TYPE, ENTITY_LOOKUP, ENTITY_LOOKUP_KEY, ORDER_BY, GENERATOR, REFER_TABLE, KEY_COLUMN, LOOKUP_COLUMN, MANDATORY, MIN_LENGTH, MAX_LENGTH, MIN_VALUE, MAX_VALUE, CONSTANT_VALUE, UNIQUE_KEY, CREATE_USER, CREATED_ON, LINE_NO, MANAGED, FIELD_PATH, DATA_TYPE, DATA1, DATA2, TRANSITIVE_FIELDS, FORMULA, ENTITY_LOOKUP_TYPE)
VALUES ('11d145e6f4f3420eb9aa2a43173f7321', 0, '205f6b8eafda44fb847674c3435b5427', 'elcCurrency', 'ELC_CURRENCY', 'NVARCHAR2(400)', 'EST_ELC_CURRENCY', 1, 'string-m', '', '', '', '', '', '', '', 0, NULL, 400, NULL, NULL, '', '', 'system', systimestamp, '44', 0, 'entity.elcCurrency', 'codelist', 'CURRENCY', '', '', '', '');
INSERT INTO CNT_FIELD_DEFINITION
 (ID, REVISION, PARENT_ID, FIELD_ID, COLUMN_NAME, COLUMN_TYPE, REPORT_COLUMN_NAME, PRODUCT_FIELD, FIELD_TYPE, ENTITY_LOOKUP, ENTITY_LOOKUP_KEY, ORDER_BY, GENERATOR, REFER_TABLE, KEY_COLUMN, LOOKUP_COLUMN, MANDATORY, MIN_LENGTH, MAX_LENGTH, MIN_VALUE, MAX_VALUE, CONSTANT_VALUE, UNIQUE_KEY, CREATE_USER, CREATED_ON, LINE_NO, MANAGED, FIELD_PATH, DATA_TYPE, DATA1, DATA2, TRANSITIVE_FIELDS, FORMULA, ENTITY_LOOKUP_TYPE)
VALUES ('4e9bc25fe48b48cf923003aef68dfb6f', 0, '205f6b8eafda44fb847674c3435b5427', 'exRate', 'EX_RATE', 'NUMBER(25, 5)', 'EST_ELC_EXCHANGE_RATE', 1, 'decimal-rate', '', '', '', '', '', '', '', 0, NULL, 20, NULL, NULL, '', '', 'system', systimestamp, '45', 0, 'entity.exRate', '', '', '', '', '', '');
INSERT INTO CNT_FIELD_DEFINITION
 (ID, REVISION, PARENT_ID, FIELD_ID, COLUMN_NAME, COLUMN_TYPE, REPORT_COLUMN_NAME, PRODUCT_FIELD, FIELD_TYPE, ENTITY_LOOKUP, ENTITY_LOOKUP_KEY, ORDER_BY, GENERATOR, REFER_TABLE, KEY_COLUMN, LOOKUP_COLUMN, MANDATORY, MIN_LENGTH, MAX_LENGTH, MIN_VALUE, MAX_VALUE, CONSTANT_VALUE, UNIQUE_KEY, CREATE_USER, CREATED_ON, LINE_NO, MANAGED, FIELD_PATH, DATA_TYPE, DATA1, DATA2, TRANSITIVE_FIELDS, FORMULA, ENTITY_LOOKUP_TYPE)
VALUES ('646320c2846a4c4bad3f50e5b04e88bc', 0, '205f6b8eafda44fb847674c3435b5427', 'estLandedCost', 'EST_LANDED_COST', 'NUMBER(25, 5)', 'EST_LANDED_COST', 1, 'decimal-rate', '', '', '', '', '', '', '', 0, NULL, 20, NULL, NULL, '', '', 'system', systimestamp, '46', 0, 'entity.estLandedCost', '', '', '', '', '', '');
INSERT INTO CNT_FIELD_DEFINITION
 (ID, REVISION, PARENT_ID, FIELD_ID, COLUMN_NAME, COLUMN_TYPE, REPORT_COLUMN_NAME, PRODUCT_FIELD, FIELD_TYPE, ENTITY_LOOKUP, ENTITY_LOOKUP_KEY, ORDER_BY, GENERATOR, REFER_TABLE, KEY_COLUMN, LOOKUP_COLUMN, MANDATORY, MIN_LENGTH, MAX_LENGTH, MIN_VALUE, MAX_VALUE, CONSTANT_VALUE, UNIQUE_KEY, CREATE_USER, CREATED_ON, LINE_NO, MANAGED, FIELD_PATH, DATA_TYPE, DATA1, DATA2, TRANSITIVE_FIELDS, FORMULA, ENTITY_LOOKUP_TYPE)
VALUES ('2adc55329bc8429cb2a6397689917eb0', 0, '205f6b8eafda44fb847674c3435b5427', 'estSellPriceExc', 'EST_SELL_PRICE_EXC', 'NUMBER(25, 5)', 'EST_RETAIL_PRICE_EXC_TAX', 1, 'decimal-rate', '', '', '', '', '', '', '', 0, NULL, 20, NULL, NULL, '', '', 'system', systimestamp, '47', 0, 'entity.estSellPriceExc', '', '', '', '', '', '');
INSERT INTO CNT_FIELD_DEFINITION
 (ID, REVISION, PARENT_ID, FIELD_ID, COLUMN_NAME, COLUMN_TYPE, REPORT_COLUMN_NAME, PRODUCT_FIELD, FIELD_TYPE, ENTITY_LOOKUP, ENTITY_LOOKUP_KEY, ORDER_BY, GENERATOR, REFER_TABLE, KEY_COLUMN, LOOKUP_COLUMN, MANDATORY, MIN_LENGTH, MAX_LENGTH, MIN_VALUE, MAX_VALUE, CONSTANT_VALUE, UNIQUE_KEY, CREATE_USER, CREATED_ON, LINE_NO, MANAGED, FIELD_PATH, DATA_TYPE, DATA1, DATA2, TRANSITIVE_FIELDS, FORMULA, ENTITY_LOOKUP_TYPE)
VALUES ('bd0dad43159343ca8b201b056ab11705', 0, '205f6b8eafda44fb847674c3435b5427', 'estSellPriceInc', 'EST_SELL_PRICE_INC', 'NUMBER(25, 5)', 'EST_RETAIL_PRICE_INC_TAX', 1, 'decimal-rate', '', '', '', '', '', '', '', 0, NULL, 20, NULL, NULL, '', '', 'system', systimestamp, '48', 0, 'entity.estSellPriceInc', '', '', '', '', '', '');
INSERT INTO CNT_FIELD_DEFINITION
 (ID, REVISION, PARENT_ID, FIELD_ID, COLUMN_NAME, COLUMN_TYPE, REPORT_COLUMN_NAME, PRODUCT_FIELD, FIELD_TYPE, ENTITY_LOOKUP, ENTITY_LOOKUP_KEY, ORDER_BY, GENERATOR, REFER_TABLE, KEY_COLUMN, LOOKUP_COLUMN, MANDATORY, MIN_LENGTH, MAX_LENGTH, MIN_VALUE, MAX_VALUE, CONSTANT_VALUE, UNIQUE_KEY, CREATE_USER, CREATED_ON, LINE_NO, MANAGED, FIELD_PATH, DATA_TYPE, DATA1, DATA2, TRANSITIVE_FIELDS, FORMULA, ENTITY_LOOKUP_TYPE)
VALUES ('c53253253b15412c8a2d68d1ce4c0286', 0, '205f6b8eafda44fb847674c3435b5427', 'estTaxRate', 'EST_TAX_RATE', 'NUMBER(25, 5)', 'EST_TAX_RATE_PERCENTAGE', 1, 'decimal-rate', '', '', '', '', '', '', '', 0, NULL, 20, NULL, NULL, '', '', 'system', systimestamp, '49', 0, 'entity.estTaxRate', '', '', '', '', '', '');
INSERT INTO CNT_FIELD_DEFINITION
 (ID, REVISION, PARENT_ID, FIELD_ID, COLUMN_NAME, COLUMN_TYPE, REPORT_COLUMN_NAME, PRODUCT_FIELD, FIELD_TYPE, ENTITY_LOOKUP, ENTITY_LOOKUP_KEY, ORDER_BY, GENERATOR, REFER_TABLE, KEY_COLUMN, LOOKUP_COLUMN, MANDATORY, MIN_LENGTH, MAX_LENGTH, MIN_VALUE, MAX_VALUE, CONSTANT_VALUE, UNIQUE_KEY, CREATE_USER, CREATED_ON, LINE_NO, MANAGED, FIELD_PATH, DATA_TYPE, DATA1, DATA2, TRANSITIVE_FIELDS, FORMULA, ENTITY_LOOKUP_TYPE)
VALUES ('1b02a3a4c40c4796861a2244b52c5eb9', 0, '205f6b8eafda44fb847674c3435b5427', 'estMargin', 'EST_MARGIN', 'NUMBER(25, 5)', 'EST_MARGIN_PERCENTAGE', 1, 'decimal-rate', '', '', '', '', '', '', '', 0, NULL, 20, NULL, NULL, '', '', 'system', systimestamp, '50', 0, 'entity.estMargin', '', '', '', '', '', '');
INSERT INTO CNT_FIELD_DEFINITION
 (ID, REVISION, PARENT_ID, FIELD_ID, COLUMN_NAME, COLUMN_TYPE, REPORT_COLUMN_NAME, PRODUCT_FIELD, FIELD_TYPE, ENTITY_LOOKUP, ENTITY_LOOKUP_KEY, ORDER_BY, GENERATOR, REFER_TABLE, KEY_COLUMN, LOOKUP_COLUMN, MANDATORY, MIN_LENGTH, MAX_LENGTH, MIN_VALUE, MAX_VALUE, CONSTANT_VALUE, UNIQUE_KEY, CREATE_USER, CREATED_ON, LINE_NO, MANAGED, FIELD_PATH, DATA_TYPE, DATA1, DATA2, TRANSITIVE_FIELDS, FORMULA, ENTITY_LOOKUP_TYPE)
VALUES ('c38e28fd9cd843fd8ad592a6c3a50255', 0, '205f6b8eafda44fb847674c3435b5427', 'targetDelTerm', 'TARGET_DEL_TERM', 'NVARCHAR2(400)', 'PLANNED_DELIVERY_TERM', 1, 'string-m', '', '', '', '', '', '', '', 0, NULL, 400, NULL, NULL, '', '', 'system', systimestamp, '51', 0, 'entity.targetDelTerm', 'codelist', 'DELIVERY_TERM', '', '', '', '');
INSERT INTO CNT_FIELD_DEFINITION
 (ID, REVISION, PARENT_ID, FIELD_ID, COLUMN_NAME, COLUMN_TYPE, REPORT_COLUMN_NAME, PRODUCT_FIELD, FIELD_TYPE, ENTITY_LOOKUP, ENTITY_LOOKUP_KEY, ORDER_BY, GENERATOR, REFER_TABLE, KEY_COLUMN, LOOKUP_COLUMN, MANDATORY, MIN_LENGTH, MAX_LENGTH, MIN_VALUE, MAX_VALUE, CONSTANT_VALUE, UNIQUE_KEY, CREATE_USER, CREATED_ON, LINE_NO, MANAGED, FIELD_PATH, DATA_TYPE, DATA1, DATA2, TRANSITIVE_FIELDS, FORMULA, ENTITY_LOOKUP_TYPE)
VALUES ('60fc62913cdc41129457596f0425abc0', 0, '205f6b8eafda44fb847674c3435b5427', 'planMarket', 'PLAN_MARKET', 'NVARCHAR2(400)', 'PLANNED_MARKET', 1, 'string-m', '', '', '', '', '', '', '', 0, NULL, 400, NULL, NULL, '', '', 'system', systimestamp, '52', 0, 'entity.planMarket', '', '', '', '', '', '');
INSERT INTO CNT_FIELD_DEFINITION
 (ID, REVISION, PARENT_ID, FIELD_ID, COLUMN_NAME, COLUMN_TYPE, REPORT_COLUMN_NAME, PRODUCT_FIELD, FIELD_TYPE, ENTITY_LOOKUP, ENTITY_LOOKUP_KEY, ORDER_BY, GENERATOR, REFER_TABLE, KEY_COLUMN, LOOKUP_COLUMN, MANDATORY, MIN_LENGTH, MAX_LENGTH, MIN_VALUE, MAX_VALUE, CONSTANT_VALUE, UNIQUE_KEY, CREATE_USER, CREATED_ON, LINE_NO, MANAGED, FIELD_PATH, DATA_TYPE, DATA1, DATA2, TRANSITIVE_FIELDS, FORMULA, ENTITY_LOOKUP_TYPE)
VALUES ('d5fe7cce294f4d3a841f4dd77656c5a1', 0, '205f6b8eafda44fb847674c3435b5427', 'planDestination', 'PLAN_DESTINATION', 'NVARCHAR2(400)', 'PLANNED_DESTINATION', 1, 'string-m', '', '', '', '', '', '', '', 0, NULL, 400, NULL, NULL, '', '', 'system', systimestamp, '53', 0, 'entity.planDestination', '', '', '', '', '', '');
INSERT INTO CNT_FIELD_DEFINITION
 (ID, REVISION, PARENT_ID, FIELD_ID, COLUMN_NAME, COLUMN_TYPE, REPORT_COLUMN_NAME, PRODUCT_FIELD, FIELD_TYPE, ENTITY_LOOKUP, ENTITY_LOOKUP_KEY, ORDER_BY, GENERATOR, REFER_TABLE, KEY_COLUMN, LOOKUP_COLUMN, MANDATORY, MIN_LENGTH, MAX_LENGTH, MIN_VALUE, MAX_VALUE, CONSTANT_VALUE, UNIQUE_KEY, CREATE_USER, CREATED_ON, LINE_NO, MANAGED, FIELD_PATH, DATA_TYPE, DATA1, DATA2, TRANSITIVE_FIELDS, FORMULA, ENTITY_LOOKUP_TYPE)
VALUES ('ebbab000776c4accaab455e83d1df1f0', 0, '205f6b8eafda44fb847674c3435b5427', 'estInitialOrderQty', 'EST_INITIAL_ORDER_QTY', 'NUMBER(20, 0)', 'PLANNED_INITIAL_PO_QTY', 1, 'integer', '', '', '', '', '', '', '', 0, NULL, 18, NULL, NULL, '', '', 'system', systimestamp, '54', 0, 'entity.estInitialOrderQty', '', '', '', '', '', '');
INSERT INTO CNT_FIELD_DEFINITION
 (ID, REVISION, PARENT_ID, FIELD_ID, COLUMN_NAME, COLUMN_TYPE, REPORT_COLUMN_NAME, PRODUCT_FIELD, FIELD_TYPE, ENTITY_LOOKUP, ENTITY_LOOKUP_KEY, ORDER_BY, GENERATOR, REFER_TABLE, KEY_COLUMN, LOOKUP_COLUMN, MANDATORY, MIN_LENGTH, MAX_LENGTH, MIN_VALUE, MAX_VALUE, CONSTANT_VALUE, UNIQUE_KEY, CREATE_USER, CREATED_ON, LINE_NO, MANAGED, FIELD_PATH, DATA_TYPE, DATA1, DATA2, TRANSITIVE_FIELDS, FORMULA, ENTITY_LOOKUP_TYPE)
VALUES ('647a997820614fe58b17a3d485317755', 0, '205f6b8eafda44fb847674c3435b5427', 'estPlanDuration', 'EST_PLAN_DURATION', 'NUMBER(20, 0)', 'PLANNED_DURATION', 1, 'integer', '', '', '', '', '', '', '', 0, NULL, 18, NULL, NULL, '', '', 'system', systimestamp, '55', 0, 'entity.estPlanDuration', '', '', '', '', '', '');
INSERT INTO CNT_FIELD_DEFINITION
 (ID, REVISION, PARENT_ID, FIELD_ID, COLUMN_NAME, COLUMN_TYPE, REPORT_COLUMN_NAME, PRODUCT_FIELD, FIELD_TYPE, ENTITY_LOOKUP, ENTITY_LOOKUP_KEY, ORDER_BY, GENERATOR, REFER_TABLE, KEY_COLUMN, LOOKUP_COLUMN, MANDATORY, MIN_LENGTH, MAX_LENGTH, MIN_VALUE, MAX_VALUE, CONSTANT_VALUE, UNIQUE_KEY, CREATE_USER, CREATED_ON, LINE_NO, MANAGED, FIELD_PATH, DATA_TYPE, DATA1, DATA2, TRANSITIVE_FIELDS, FORMULA, ENTITY_LOOKUP_TYPE)
VALUES ('cd8fe0283fe247e894c178e2e11e605a', 0, '205f6b8eafda44fb847674c3435b5427', 'estTotalPlanQty', 'EST_TOTAL_PLAN_QTY', 'NUMBER(20, 0)', 'PLANNED_TOTAL_QTY', 1, 'integer', '', '', '', '', '', '', '', 0, NULL, 18, NULL, NULL, '', '', 'system', systimestamp, '56', 0, 'entity.estTotalPlanQty', '', '', '', '', '', '');
INSERT INTO CNT_FIELD_DEFINITION
 (ID, REVISION, PARENT_ID, FIELD_ID, COLUMN_NAME, COLUMN_TYPE, REPORT_COLUMN_NAME, PRODUCT_FIELD, FIELD_TYPE, ENTITY_LOOKUP, ENTITY_LOOKUP_KEY, ORDER_BY, GENERATOR, REFER_TABLE, KEY_COLUMN, LOOKUP_COLUMN, MANDATORY, MIN_LENGTH, MAX_LENGTH, MIN_VALUE, MAX_VALUE, CONSTANT_VALUE, UNIQUE_KEY, CREATE_USER, CREATED_ON, LINE_NO, MANAGED, FIELD_PATH, DATA_TYPE, DATA1, DATA2, TRANSITIVE_FIELDS, FORMULA, ENTITY_LOOKUP_TYPE)
VALUES ('8984448992a448329ff0134c46f2f420', 0, '205f6b8eafda44fb847674c3435b5427', 'estPackType', 'EST_PACK_TYPE', 'NVARCHAR2(400)', 'PLANNED_PACK_TYPE', 1, 'string-m', '', '', '', '', '', '', '', 0, NULL, 400, NULL, NULL, '', '', 'system', systimestamp, '57', 0, 'entity.estPackType', 'codelist', 'PACK_TYPE', '', '', '', '');
INSERT INTO CNT_FIELD_DEFINITION
 (ID, REVISION, PARENT_ID, FIELD_ID, COLUMN_NAME, COLUMN_TYPE, REPORT_COLUMN_NAME, PRODUCT_FIELD, FIELD_TYPE, ENTITY_LOOKUP, ENTITY_LOOKUP_KEY, ORDER_BY, GENERATOR, REFER_TABLE, KEY_COLUMN, LOOKUP_COLUMN, MANDATORY, MIN_LENGTH, MAX_LENGTH, MIN_VALUE, MAX_VALUE, CONSTANT_VALUE, UNIQUE_KEY, CREATE_USER, CREATED_ON, LINE_NO, MANAGED, FIELD_PATH, DATA_TYPE, DATA1, DATA2, TRANSITIVE_FIELDS, FORMULA, ENTITY_LOOKUP_TYPE)
VALUES ('13ce6e9b2e1a4fe0a67ca4172af728fe', 0, '205f6b8eafda44fb847674c3435b5427', 'estNoOfUnitPerCarton', 'EST_NO_OF_UNIT_PER_CARTON', 'NUMBER(20, 0)', 'PLANNED_UNIT_PER_CARTON', 1, 'integer', '', '', '', '', '', '', '', 0, NULL, 18, NULL, NULL, '', '', 'system', systimestamp, '58', 0, 'entity.estNoOfUnitPerCarton', '', '', '', '', '', '');
INSERT INTO CNT_FIELD_DEFINITION
 (ID, REVISION, PARENT_ID, FIELD_ID, COLUMN_NAME, COLUMN_TYPE, REPORT_COLUMN_NAME, PRODUCT_FIELD, FIELD_TYPE, ENTITY_LOOKUP, ENTITY_LOOKUP_KEY, ORDER_BY, GENERATOR, REFER_TABLE, KEY_COLUMN, LOOKUP_COLUMN, MANDATORY, MIN_LENGTH, MAX_LENGTH, MIN_VALUE, MAX_VALUE, CONSTANT_VALUE, UNIQUE_KEY, CREATE_USER, CREATED_ON, LINE_NO, MANAGED, FIELD_PATH, DATA_TYPE, DATA1, DATA2, TRANSITIVE_FIELDS, FORMULA, ENTITY_LOOKUP_TYPE)
VALUES ('9fed27582980433c9131f0ea14f9ff33', 0, '205f6b8eafda44fb847674c3435b5427', 'estNoOfCarton', 'EST_NO_OF_CARTON', 'NUMBER(20, 0)', 'PLANNED_CARTONS', 1, 'integer', '', '', '', '', '', '', '', 0, NULL, 18, NULL, NULL, '', '', 'system', systimestamp, '59', 0, 'entity.estNoOfCarton', '', '', '', '', '', '');
INSERT INTO CNT_FIELD_DEFINITION
 (ID, REVISION, PARENT_ID, FIELD_ID, COLUMN_NAME, COLUMN_TYPE, REPORT_COLUMN_NAME, PRODUCT_FIELD, FIELD_TYPE, ENTITY_LOOKUP, ENTITY_LOOKUP_KEY, ORDER_BY, GENERATOR, REFER_TABLE, KEY_COLUMN, LOOKUP_COLUMN, MANDATORY, MIN_LENGTH, MAX_LENGTH, MIN_VALUE, MAX_VALUE, CONSTANT_VALUE, UNIQUE_KEY, CREATE_USER, CREATED_ON, LINE_NO, MANAGED, FIELD_PATH, DATA_TYPE, DATA1, DATA2, TRANSITIVE_FIELDS, FORMULA, ENTITY_LOOKUP_TYPE)
VALUES ('fff598258ce444a6baaf38e5e4a2ee2c', 0, '205f6b8eafda44fb847674c3435b5427', 'isSet', 'IS_SET', 'NUMBER(1,0)', 'IS_SET', 1, 'boolean', '', '', '', '', '', '', '', 0, NULL, NULL, NULL, NULL, '', '', 'system', systimestamp, '60', 0, 'entity.isSet', '', '', '', '', '', '');
INSERT INTO CNT_FIELD_DEFINITION
 (ID, REVISION, PARENT_ID, FIELD_ID, COLUMN_NAME, COLUMN_TYPE, REPORT_COLUMN_NAME, PRODUCT_FIELD, FIELD_TYPE, ENTITY_LOOKUP, ENTITY_LOOKUP_KEY, ORDER_BY, GENERATOR, REFER_TABLE, KEY_COLUMN, LOOKUP_COLUMN, MANDATORY, MIN_LENGTH, MAX_LENGTH, MIN_VALUE, MAX_VALUE, CONSTANT_VALUE, UNIQUE_KEY, CREATE_USER, CREATED_ON, LINE_NO, MANAGED, FIELD_PATH, DATA_TYPE, DATA1, DATA2, TRANSITIVE_FIELDS, FORMULA, ENTITY_LOOKUP_TYPE)
VALUES ('0e2a42b05fd44a03b2e10396385cca72', 0, '205f6b8eafda44fb847674c3435b5427', 'appliedSpecification', 'APPLIED_SPECIFICATION', 'NVARCHAR2(400)', 'ITEM_APPLIED_SPECIFICATION_VER', 1, 'string-m', '', '', '', '', '', '', '', 0, NULL, 400, NULL, NULL, '', '', 'system', systimestamp, '61', 0, 'entity.appliedSpecification', '', '', '', '', '', '');
INSERT INTO CNT_FIELD_DEFINITION
 (ID, REVISION, PARENT_ID, FIELD_ID, COLUMN_NAME, COLUMN_TYPE, REPORT_COLUMN_NAME, PRODUCT_FIELD, FIELD_TYPE, ENTITY_LOOKUP, ENTITY_LOOKUP_KEY, ORDER_BY, GENERATOR, REFER_TABLE, KEY_COLUMN, LOOKUP_COLUMN, MANDATORY, MIN_LENGTH, MAX_LENGTH, MIN_VALUE, MAX_VALUE, CONSTANT_VALUE, UNIQUE_KEY, CREATE_USER, CREATED_ON, LINE_NO, MANAGED, FIELD_PATH, DATA_TYPE, DATA1, DATA2, TRANSITIVE_FIELDS, FORMULA, ENTITY_LOOKUP_TYPE)
VALUES ('e07fbd7bc93246b9ad1c1c689ef5b472', 0, '205f6b8eafda44fb847674c3435b5427', 'processing', 'PROCESSING', 'NVARCHAR2(400)', 'N/A', 1, 'string-m', '', '', '', '', '', '', '', 0, NULL, 400, NULL, NULL, '', '', 'system', systimestamp, '62', 0, 'entity.processing', 'codelist', 'PROCESS_STATUS', '', '', '', '');
INSERT INTO CNT_FIELD_DEFINITION
 (ID, REVISION, PARENT_ID, FIELD_ID, COLUMN_NAME, COLUMN_TYPE, REPORT_COLUMN_NAME, PRODUCT_FIELD, FIELD_TYPE, ENTITY_LOOKUP, ENTITY_LOOKUP_KEY, ORDER_BY, GENERATOR, REFER_TABLE, KEY_COLUMN, LOOKUP_COLUMN, MANDATORY, MIN_LENGTH, MAX_LENGTH, MIN_VALUE, MAX_VALUE, CONSTANT_VALUE, UNIQUE_KEY, CREATE_USER, CREATED_ON, LINE_NO, MANAGED, FIELD_PATH, DATA_TYPE, DATA1, DATA2, TRANSITIVE_FIELDS, FORMULA, ENTITY_LOOKUP_TYPE)
VALUES ('502450ce4d944bf091a0dc58bf793dfd', 0, '205f6b8eafda44fb847674c3435b5427', 'merchandiseHierarchy', 'MERCHANDISE_HIERARCHY_ID', 'CHAR(32)', 'MERCHANDISE_HIERARCHY', 1, 'entity', 'HclNode', 'id', '', '', '', '', '', 0, 32, 32, NULL, NULL, '', '', 'system', systimestamp, '63', 0, 'entity.merchandiseHierarchy', '', '', '', '', '', '');
INSERT INTO CNT_FIELD_DEFINITION
 (ID, REVISION, PARENT_ID, FIELD_ID, COLUMN_NAME, COLUMN_TYPE, REPORT_COLUMN_NAME, PRODUCT_FIELD, FIELD_TYPE, ENTITY_LOOKUP, ENTITY_LOOKUP_KEY, ORDER_BY, GENERATOR, REFER_TABLE, KEY_COLUMN, LOOKUP_COLUMN, MANDATORY, MIN_LENGTH, MAX_LENGTH, MIN_VALUE, MAX_VALUE, CONSTANT_VALUE, UNIQUE_KEY, CREATE_USER, CREATED_ON, LINE_NO, MANAGED, FIELD_PATH, DATA_TYPE, DATA1, DATA2, TRANSITIVE_FIELDS, FORMULA, ENTITY_LOOKUP_TYPE)
VALUES ('cd8e9daef9e2470b97acd92166cb6840', 0, '205f6b8eafda44fb847674c3435b5427', 'briefSourAgent', 'BRIEF_SOUR_AGENT', '', '', 1, 'collection', 'BriefSourAgent', 'briefId', '', '', '', '', '', 0, NULL, NULL, NULL, NULL, '', '', 'system', systimestamp, '64', 0, 'entity.briefSourAgent', '', '', '', '', '', '');
INSERT INTO CNT_FIELD_DEFINITION
 (ID, REVISION, PARENT_ID, FIELD_ID, COLUMN_NAME, COLUMN_TYPE, REPORT_COLUMN_NAME, PRODUCT_FIELD, FIELD_TYPE, ENTITY_LOOKUP, ENTITY_LOOKUP_KEY, ORDER_BY, GENERATOR, REFER_TABLE, KEY_COLUMN, LOOKUP_COLUMN, MANDATORY, MIN_LENGTH, MAX_LENGTH, MIN_VALUE, MAX_VALUE, CONSTANT_VALUE, UNIQUE_KEY, CREATE_USER, CREATED_ON, LINE_NO, MANAGED, FIELD_PATH, DATA_TYPE, DATA1, DATA2, TRANSITIVE_FIELDS, FORMULA, ENTITY_LOOKUP_TYPE)
VALUES ('f7273718b7d04f46b0837cd5f17fe954', 0, '205f6b8eafda44fb847674c3435b5427', 'briefCust', 'BRIEF_CUST', '', '', 1, 'collection', 'BriefCust', 'briefId', '', '', '', '', '', 0, NULL, NULL, NULL, NULL, '', '', 'system', systimestamp, '65', 0, 'entity.briefCust', '', '', '', '', '', '');
INSERT INTO CNT_FIELD_DEFINITION
 (ID, REVISION, PARENT_ID, FIELD_ID, COLUMN_NAME, COLUMN_TYPE, REPORT_COLUMN_NAME, PRODUCT_FIELD, FIELD_TYPE, ENTITY_LOOKUP, ENTITY_LOOKUP_KEY, ORDER_BY, GENERATOR, REFER_TABLE, KEY_COLUMN, LOOKUP_COLUMN, MANDATORY, MIN_LENGTH, MAX_LENGTH, MIN_VALUE, MAX_VALUE, CONSTANT_VALUE, UNIQUE_KEY, CREATE_USER, CREATED_ON, LINE_NO, MANAGED, FIELD_PATH, DATA_TYPE, DATA1, DATA2, TRANSITIVE_FIELDS, FORMULA, ENTITY_LOOKUP_TYPE)
VALUES ('c29e4d58f2f045b98ab113189d991944', 0, '205f6b8eafda44fb847674c3435b5427', 'briefVendor', 'BRIEF_VENDOR', '', '', 1, 'collection', 'BriefVendor', 'briefId', '', '', '', '', '', 0, NULL, NULL, NULL, NULL, '', '', 'system', systimestamp, '66', 0, 'entity.briefVendor', '', '', '', '', '', '');
INSERT INTO CNT_FIELD_DEFINITION
 (ID, REVISION, PARENT_ID, FIELD_ID, COLUMN_NAME, COLUMN_TYPE, REPORT_COLUMN_NAME, PRODUCT_FIELD, FIELD_TYPE, ENTITY_LOOKUP, ENTITY_LOOKUP_KEY, ORDER_BY, GENERATOR, REFER_TABLE, KEY_COLUMN, LOOKUP_COLUMN, MANDATORY, MIN_LENGTH, MAX_LENGTH, MIN_VALUE, MAX_VALUE, CONSTANT_VALUE, UNIQUE_KEY, CREATE_USER, CREATED_ON, LINE_NO, MANAGED, FIELD_PATH, DATA_TYPE, DATA1, DATA2, TRANSITIVE_FIELDS, FORMULA, ENTITY_LOOKUP_TYPE)
VALUES ('f60e022690474a2ea529ad190288689e', 0, '205f6b8eafda44fb847674c3435b5427', 'briefImage', 'BRIEF_IMAGE', '', '', 1, 'collection', 'BriefImage', 'briefId', '', '', '', '', '', 0, NULL, NULL, NULL, NULL, '', '', 'system', systimestamp, '67', 0, 'entity.briefImage', '', '', '', '', '', '');
INSERT INTO CNT_FIELD_DEFINITION
 (ID, REVISION, PARENT_ID, FIELD_ID, COLUMN_NAME, COLUMN_TYPE, REPORT_COLUMN_NAME, PRODUCT_FIELD, FIELD_TYPE, ENTITY_LOOKUP, ENTITY_LOOKUP_KEY, ORDER_BY, GENERATOR, REFER_TABLE, KEY_COLUMN, LOOKUP_COLUMN, MANDATORY, MIN_LENGTH, MAX_LENGTH, MIN_VALUE, MAX_VALUE, CONSTANT_VALUE, UNIQUE_KEY, CREATE_USER, CREATED_ON, LINE_NO, MANAGED, FIELD_PATH, DATA_TYPE, DATA1, DATA2, TRANSITIVE_FIELDS, FORMULA, ENTITY_LOOKUP_TYPE)
VALUES ('a491a32066004ed786579e8a5c18b8a7', 0, '205f6b8eafda44fb847674c3435b5427', 'briefAttachment', 'BRIEF_ATTACHMENT', '', '', 1, 'collection', 'BriefAttachment', 'briefId', '', '', '', '', '', 0, NULL, NULL, NULL, NULL, '', '', 'system', systimestamp, '68', 0, 'entity.briefAttachment', '', '', '', '', '', '');
INSERT INTO CNT_FIELD_DEFINITION
 (ID, REVISION, PARENT_ID, FIELD_ID, COLUMN_NAME, COLUMN_TYPE, REPORT_COLUMN_NAME, PRODUCT_FIELD, FIELD_TYPE, ENTITY_LOOKUP, ENTITY_LOOKUP_KEY, ORDER_BY, GENERATOR, REFER_TABLE, KEY_COLUMN, LOOKUP_COLUMN, MANDATORY, MIN_LENGTH, MAX_LENGTH, MIN_VALUE, MAX_VALUE, CONSTANT_VALUE, UNIQUE_KEY, CREATE_USER, CREATED_ON, LINE_NO, MANAGED, FIELD_PATH, DATA_TYPE, DATA1, DATA2, TRANSITIVE_FIELDS, FORMULA, ENTITY_LOOKUP_TYPE)
VALUES ('3cbac73102624e74b93db80aba976470', 0, '205f6b8eafda44fb847674c3435b5427', 'buyer', 'BUYER', '', '', 1, 'selection', 'SelectionField', 'parentId', '', '', '', '', '', 0, NULL, NULL, NULL, NULL, '', '', 'system', systimestamp, '69', 0, 'entity.buyer', 'selection-entity', 'User', '', '', '', '');
INSERT INTO CNT_FIELD_DEFINITION
 (ID, REVISION, PARENT_ID, FIELD_ID, COLUMN_NAME, COLUMN_TYPE, REPORT_COLUMN_NAME, PRODUCT_FIELD, FIELD_TYPE, ENTITY_LOOKUP, ENTITY_LOOKUP_KEY, ORDER_BY, GENERATOR, REFER_TABLE, KEY_COLUMN, LOOKUP_COLUMN, MANDATORY, MIN_LENGTH, MAX_LENGTH, MIN_VALUE, MAX_VALUE, CONSTANT_VALUE, UNIQUE_KEY, CREATE_USER, CREATED_ON, LINE_NO, MANAGED, FIELD_PATH, DATA_TYPE, DATA1, DATA2, TRANSITIVE_FIELDS, FORMULA, ENTITY_LOOKUP_TYPE)
VALUES ('a81396c066134c7aa29b106d3a96b183', 0, '205f6b8eafda44fb847674c3435b5427', 'planner', 'PLANNER', '', '', 1, 'selection', 'SelectionField', 'parentId', '', '', '', '', '', 0, NULL, NULL, NULL, NULL, '', '', 'system', systimestamp, '70', 0, 'entity.planner', 'selection-entity', 'User', '', '', '', '');
INSERT INTO CNT_FIELD_DEFINITION
 (ID, REVISION, PARENT_ID, FIELD_ID, COLUMN_NAME, COLUMN_TYPE, REPORT_COLUMN_NAME, PRODUCT_FIELD, FIELD_TYPE, ENTITY_LOOKUP, ENTITY_LOOKUP_KEY, ORDER_BY, GENERATOR, REFER_TABLE, KEY_COLUMN, LOOKUP_COLUMN, MANDATORY, MIN_LENGTH, MAX_LENGTH, MIN_VALUE, MAX_VALUE, CONSTANT_VALUE, UNIQUE_KEY, CREATE_USER, CREATED_ON, LINE_NO, MANAGED, FIELD_PATH, DATA_TYPE, DATA1, DATA2, TRANSITIVE_FIELDS, FORMULA, ENTITY_LOOKUP_TYPE)
VALUES ('f50ff6ae8edc4f029a1187811ccfaac4', 0, '205f6b8eafda44fb847674c3435b5427', 'productDeveloper', 'PRODUCT_DEVELOPER', '', '', 1, 'selection', 'SelectionField', 'parentId', '', '', '', '', '', 0, NULL, NULL, NULL, NULL, '', '', 'system', systimestamp, '71', 0, 'entity.productDeveloper', 'selection-entity', 'User', '', '', '', '');
INSERT INTO CNT_FIELD_DEFINITION
 (ID, REVISION, PARENT_ID, FIELD_ID, COLUMN_NAME, COLUMN_TYPE, REPORT_COLUMN_NAME, PRODUCT_FIELD, FIELD_TYPE, ENTITY_LOOKUP, ENTITY_LOOKUP_KEY, ORDER_BY, GENERATOR, REFER_TABLE, KEY_COLUMN, LOOKUP_COLUMN, MANDATORY, MIN_LENGTH, MAX_LENGTH, MIN_VALUE, MAX_VALUE, CONSTANT_VALUE, UNIQUE_KEY, CREATE_USER, CREATED_ON, LINE_NO, MANAGED, FIELD_PATH, DATA_TYPE, DATA1, DATA2, TRANSITIVE_FIELDS, FORMULA, ENTITY_LOOKUP_TYPE)
VALUES ('4a13826b94c4474db4340c64affc428a', 0, '205f6b8eafda44fb847674c3435b5427', 'designStylist', 'DESIGN_STYLIST', '', '', 1, 'selection', 'SelectionField', 'parentId', '', '', '', '', '', 0, NULL, NULL, NULL, NULL, '', '', 'system', systimestamp, '72', 0, 'entity.designStylist', 'selection-entity', 'User', '', '', '', '');
INSERT INTO CNT_FIELD_DEFINITION
 (ID, REVISION, PARENT_ID, FIELD_ID, COLUMN_NAME, COLUMN_TYPE, REPORT_COLUMN_NAME, PRODUCT_FIELD, FIELD_TYPE, ENTITY_LOOKUP, ENTITY_LOOKUP_KEY, ORDER_BY, GENERATOR, REFER_TABLE, KEY_COLUMN, LOOKUP_COLUMN, MANDATORY, MIN_LENGTH, MAX_LENGTH, MIN_VALUE, MAX_VALUE, CONSTANT_VALUE, UNIQUE_KEY, CREATE_USER, CREATED_ON, LINE_NO, MANAGED, FIELD_PATH, DATA_TYPE, DATA1, DATA2, TRANSITIVE_FIELDS, FORMULA, ENTITY_LOOKUP_TYPE)
VALUES ('8f31a00e311347e9b4fcd3672de88f40', 0, '205f6b8eafda44fb847674c3435b5427', 'technicalDesigner', 'TECHNICAL_DESIGNER', '', '', 1, 'selection', 'SelectionField', 'parentId', '', '', '', '', '', 0, NULL, NULL, NULL, NULL, '', '', 'system', systimestamp, '73', 0, 'entity.technicalDesigner', 'selection-entity', 'User', '', '', '', '');
INSERT INTO CNT_FIELD_DEFINITION
 (ID, REVISION, PARENT_ID, FIELD_ID, COLUMN_NAME, COLUMN_TYPE, REPORT_COLUMN_NAME, PRODUCT_FIELD, FIELD_TYPE, ENTITY_LOOKUP, ENTITY_LOOKUP_KEY, ORDER_BY, GENERATOR, REFER_TABLE, KEY_COLUMN, LOOKUP_COLUMN, MANDATORY, MIN_LENGTH, MAX_LENGTH, MIN_VALUE, MAX_VALUE, CONSTANT_VALUE, UNIQUE_KEY, CREATE_USER, CREATED_ON, LINE_NO, MANAGED, FIELD_PATH, DATA_TYPE, DATA1, DATA2, TRANSITIVE_FIELDS, FORMULA, ENTITY_LOOKUP_TYPE)
VALUES ('b16690fae48d40ca9c28a1ed3baa1e43', 0, '205f6b8eafda44fb847674c3435b5427', 'artworkDesigner', 'ARTWORK_DESIGNER', '', '', 1, 'selection', 'SelectionField', 'parentId', '', '', '', '', '', 0, NULL, NULL, NULL, NULL, '', '', 'system', systimestamp, '74', 0, 'entity.artworkDesigner', 'selection-entity', 'User', '', '', '', '');
INSERT INTO CNT_FIELD_DEFINITION
 (ID, REVISION, PARENT_ID, FIELD_ID, COLUMN_NAME, COLUMN_TYPE, REPORT_COLUMN_NAME, PRODUCT_FIELD, FIELD_TYPE, ENTITY_LOOKUP, ENTITY_LOOKUP_KEY, ORDER_BY, GENERATOR, REFER_TABLE, KEY_COLUMN, LOOKUP_COLUMN, MANDATORY, MIN_LENGTH, MAX_LENGTH, MIN_VALUE, MAX_VALUE, CONSTANT_VALUE, UNIQUE_KEY, CREATE_USER, CREATED_ON, LINE_NO, MANAGED, FIELD_PATH, DATA_TYPE, DATA1, DATA2, TRANSITIVE_FIELDS, FORMULA, ENTITY_LOOKUP_TYPE)
VALUES ('7c4a588980264fbd8de487f18164c59d', 0, '205f6b8eafda44fb847674c3435b5427', 'seniorMerchandiser', 'SENIOR_MERCHANDISER', '', '', 1, 'selection', 'SelectionField', 'parentId', '', '', '', '', '', 0, NULL, NULL, NULL, NULL, '', '', 'system', systimestamp, '75', 0, 'entity.seniorMerchandiser', 'selection-entity', 'User', '', '', '', '');
INSERT INTO CNT_FIELD_DEFINITION
 (ID, REVISION, PARENT_ID, FIELD_ID, COLUMN_NAME, COLUMN_TYPE, REPORT_COLUMN_NAME, PRODUCT_FIELD, FIELD_TYPE, ENTITY_LOOKUP, ENTITY_LOOKUP_KEY, ORDER_BY, GENERATOR, REFER_TABLE, KEY_COLUMN, LOOKUP_COLUMN, MANDATORY, MIN_LENGTH, MAX_LENGTH, MIN_VALUE, MAX_VALUE, CONSTANT_VALUE, UNIQUE_KEY, CREATE_USER, CREATED_ON, LINE_NO, MANAGED, FIELD_PATH, DATA_TYPE, DATA1, DATA2, TRANSITIVE_FIELDS, FORMULA, ENTITY_LOOKUP_TYPE)
VALUES ('70b370a1fe4a42e9a35cee6f675c3a82', 0, '205f6b8eafda44fb847674c3435b5427', 'merchandiser', 'MERCHANDISER', '', '', 1, 'selection', 'SelectionField', 'parentId', '', '', '', '', '', 0, NULL, NULL, NULL, NULL, '', '', 'system', systimestamp, '76', 0, 'entity.merchandiser', 'selection-entity', 'User', '', '', '', '');
INSERT INTO CNT_FIELD_DEFINITION
 (ID, REVISION, PARENT_ID, FIELD_ID, COLUMN_NAME, COLUMN_TYPE, REPORT_COLUMN_NAME, PRODUCT_FIELD, FIELD_TYPE, ENTITY_LOOKUP, ENTITY_LOOKUP_KEY, ORDER_BY, GENERATOR, REFER_TABLE, KEY_COLUMN, LOOKUP_COLUMN, MANDATORY, MIN_LENGTH, MAX_LENGTH, MIN_VALUE, MAX_VALUE, CONSTANT_VALUE, UNIQUE_KEY, CREATE_USER, CREATED_ON, LINE_NO, MANAGED, FIELD_PATH, DATA_TYPE, DATA1, DATA2, TRANSITIVE_FIELDS, FORMULA, ENTITY_LOOKUP_TYPE)
VALUES ('5c4138c3fa734f1089d70ba147eb8ae7', 0, '205f6b8eafda44fb847674c3435b5427', 'qaOfficer', 'QA_OFFICER', '', '', 1, 'selection', 'SelectionField', 'parentId', '', '', '', '', '', 0, NULL, NULL, NULL, NULL, '', '', 'system', systimestamp, '77', 0, 'entity.qaOfficer', 'selection-entity', 'User', '', '', '', '');
INSERT INTO CNT_FIELD_DEFINITION
 (ID, REVISION, PARENT_ID, FIELD_ID, COLUMN_NAME, COLUMN_TYPE, REPORT_COLUMN_NAME, PRODUCT_FIELD, FIELD_TYPE, ENTITY_LOOKUP, ENTITY_LOOKUP_KEY, ORDER_BY, GENERATOR, REFER_TABLE, KEY_COLUMN, LOOKUP_COLUMN, MANDATORY, MIN_LENGTH, MAX_LENGTH, MIN_VALUE, MAX_VALUE, CONSTANT_VALUE, UNIQUE_KEY, CREATE_USER, CREATED_ON, LINE_NO, MANAGED, FIELD_PATH, DATA_TYPE, DATA1, DATA2, TRANSITIVE_FIELDS, FORMULA, ENTITY_LOOKUP_TYPE)
VALUES ('4ec120b38c1a4938b4cf170dcfc9cd63', 0, '205f6b8eafda44fb847674c3435b5427', 'inspector', 'INSPECTOR', '', '', 1, 'selection', 'SelectionField', 'parentId', '', '', '', '', '', 0, NULL, NULL, NULL, NULL, '', '', 'system', systimestamp, '78', 0, 'entity.inspector', 'selection-entity', 'User', '', '', '', '');
INSERT INTO CNT_FIELD_DEFINITION
 (ID, REVISION, PARENT_ID, FIELD_ID, COLUMN_NAME, COLUMN_TYPE, REPORT_COLUMN_NAME, PRODUCT_FIELD, FIELD_TYPE, ENTITY_LOOKUP, ENTITY_LOOKUP_KEY, ORDER_BY, GENERATOR, REFER_TABLE, KEY_COLUMN, LOOKUP_COLUMN, MANDATORY, MIN_LENGTH, MAX_LENGTH, MIN_VALUE, MAX_VALUE, CONSTANT_VALUE, UNIQUE_KEY, CREATE_USER, CREATED_ON, LINE_NO, MANAGED, FIELD_PATH, DATA_TYPE, DATA1, DATA2, TRANSITIVE_FIELDS, FORMULA, ENTITY_LOOKUP_TYPE)
VALUES ('7ba953d905224b4ca4029357a659f7e6', 0, '205f6b8eafda44fb847674c3435b5427', 'refNo', 'REF_NO', 'NVARCHAR2(1000)', '', 1, 'string-l', '', '', '', 'com.core.cbx.data.generator.DomainPatternSeqGenerator("CBX_SEQ_BRIEF_CODE","system.pattern.briefNo","BRF#{Date:YYMM}-#{Seq:6}")', '', '', '', 0, NULL, 1000, NULL, NULL, '', '', 'system', systimestamp, '79', 0, 'entity.refNo', '', '', '', '', '', '');
INSERT INTO CNT_FIELD_DEFINITION
 (ID, REVISION, PARENT_ID, FIELD_ID, COLUMN_NAME, COLUMN_TYPE, REPORT_COLUMN_NAME, PRODUCT_FIELD, FIELD_TYPE, ENTITY_LOOKUP, ENTITY_LOOKUP_KEY, ORDER_BY, GENERATOR, REFER_TABLE, KEY_COLUMN, LOOKUP_COLUMN, MANDATORY, MIN_LENGTH, MAX_LENGTH, MIN_VALUE, MAX_VALUE, CONSTANT_VALUE, UNIQUE_KEY, CREATE_USER, CREATED_ON, LINE_NO, MANAGED, FIELD_PATH, DATA_TYPE, DATA1, DATA2, TRANSITIVE_FIELDS, FORMULA, ENTITY_LOOKUP_TYPE)
VALUES ('27ed7a49b1ca4ac599bdd04c53cb7e2b', 0, '205f6b8eafda44fb847674c3435b5427', 'custText1', 'CUST_TEXT1', 'NVARCHAR2(1000)', 'CUSTOM_FIELD_TEXT1', 0, 'string-l', '', '', '', '', '', '', '', 0, NULL, 1000, NULL, NULL, '', '', 'system', systimestamp, '80', 0, 'entity.custText1', '', '', '', '', '', '');
INSERT INTO CNT_FIELD_DEFINITION
 (ID, REVISION, PARENT_ID, FIELD_ID, COLUMN_NAME, COLUMN_TYPE, REPORT_COLUMN_NAME, PRODUCT_FIELD, FIELD_TYPE, ENTITY_LOOKUP, ENTITY_LOOKUP_KEY, ORDER_BY, GENERATOR, REFER_TABLE, KEY_COLUMN, LOOKUP_COLUMN, MANDATORY, MIN_LENGTH, MAX_LENGTH, MIN_VALUE, MAX_VALUE, CONSTANT_VALUE, UNIQUE_KEY, CREATE_USER, CREATED_ON, LINE_NO, MANAGED, FIELD_PATH, DATA_TYPE, DATA1, DATA2, TRANSITIVE_FIELDS, FORMULA, ENTITY_LOOKUP_TYPE)
VALUES ('f190c243e1884b3cafc55b9f1a7216e0', 0, '205f6b8eafda44fb847674c3435b5427', 'custText2', 'CUST_TEXT2', 'NVARCHAR2(1000)', 'CUSTOM_FIELD_TEXT2', 0, 'string-l', '', '', '', '', '', '', '', 0, NULL, 1000, NULL, NULL, '', '', 'system', systimestamp, '81', 0, 'entity.custText2', '', '', '', '', '', '');
INSERT INTO CNT_FIELD_DEFINITION
 (ID, REVISION, PARENT_ID, FIELD_ID, COLUMN_NAME, COLUMN_TYPE, REPORT_COLUMN_NAME, PRODUCT_FIELD, FIELD_TYPE, ENTITY_LOOKUP, ENTITY_LOOKUP_KEY, ORDER_BY, GENERATOR, REFER_TABLE, KEY_COLUMN, LOOKUP_COLUMN, MANDATORY, MIN_LENGTH, MAX_LENGTH, MIN_VALUE, MAX_VALUE, CONSTANT_VALUE, UNIQUE_KEY, CREATE_USER, CREATED_ON, LINE_NO, MANAGED, FIELD_PATH, DATA_TYPE, DATA1, DATA2, TRANSITIVE_FIELDS, FORMULA, ENTITY_LOOKUP_TYPE)
VALUES ('7696f8cfd5d84b8baadda741db478b8e', 0, '205f6b8eafda44fb847674c3435b5427', 'custText3', 'CUST_TEXT3', 'NVARCHAR2(1000)', 'CUSTOM_FIELD_TEXT3', 0, 'string-l', '', '', '', '', '', '', '', 0, NULL, 1000, NULL, NULL, '', '', 'system', systimestamp, '82', 0, 'entity.custText3', '', '', '', '', '', '');
INSERT INTO CNT_FIELD_DEFINITION
 (ID, REVISION, PARENT_ID, FIELD_ID, COLUMN_NAME, COLUMN_TYPE, REPORT_COLUMN_NAME, PRODUCT_FIELD, FIELD_TYPE, ENTITY_LOOKUP, ENTITY_LOOKUP_KEY, ORDER_BY, GENERATOR, REFER_TABLE, KEY_COLUMN, LOOKUP_COLUMN, MANDATORY, MIN_LENGTH, MAX_LENGTH, MIN_VALUE, MAX_VALUE, CONSTANT_VALUE, UNIQUE_KEY, CREATE_USER, CREATED_ON, LINE_NO, MANAGED, FIELD_PATH, DATA_TYPE, DATA1, DATA2, TRANSITIVE_FIELDS, FORMULA, ENTITY_LOOKUP_TYPE)
VALUES ('8ea8e72fd06140c3826d34fc58d73b64', 0, '205f6b8eafda44fb847674c3435b5427', 'custText4', 'CUST_TEXT4', 'NVARCHAR2(1000)', 'CUSTOM_FIELD_TEXT4', 0, 'string-l', '', '', '', '', '', '', '', 0, NULL, 1000, NULL, NULL, '', '', 'system', systimestamp, '83', 0, 'entity.custText4', '', '', '', '', '', '');
INSERT INTO CNT_FIELD_DEFINITION
 (ID, REVISION, PARENT_ID, FIELD_ID, COLUMN_NAME, COLUMN_TYPE, REPORT_COLUMN_NAME, PRODUCT_FIELD, FIELD_TYPE, ENTITY_LOOKUP, ENTITY_LOOKUP_KEY, ORDER_BY, GENERATOR, REFER_TABLE, KEY_COLUMN, LOOKUP_COLUMN, MANDATORY, MIN_LENGTH, MAX_LENGTH, MIN_VALUE, MAX_VALUE, CONSTANT_VALUE, UNIQUE_KEY, CREATE_USER, CREATED_ON, LINE_NO, MANAGED, FIELD_PATH, DATA_TYPE, DATA1, DATA2, TRANSITIVE_FIELDS, FORMULA, ENTITY_LOOKUP_TYPE)
VALUES ('e8dc232315ee4a3592e8910893dcfe66', 0, '205f6b8eafda44fb847674c3435b5427', 'custText5', 'CUST_TEXT5', 'NVARCHAR2(1000)', 'CUSTOM_FIELD_TEXT5', 0, 'string-l', '', '', '', '', '', '', '', 0, NULL, 1000, NULL, NULL, '', '', 'system', systimestamp, '84', 0, 'entity.custText5', '', '', '', '', '', '');
INSERT INTO CNT_FIELD_DEFINITION
 (ID, REVISION, PARENT_ID, FIELD_ID, COLUMN_NAME, COLUMN_TYPE, REPORT_COLUMN_NAME, PRODUCT_FIELD, FIELD_TYPE, ENTITY_LOOKUP, ENTITY_LOOKUP_KEY, ORDER_BY, GENERATOR, REFER_TABLE, KEY_COLUMN, LOOKUP_COLUMN, MANDATORY, MIN_LENGTH, MAX_LENGTH, MIN_VALUE, MAX_VALUE, CONSTANT_VALUE, UNIQUE_KEY, CREATE_USER, CREATED_ON, LINE_NO, MANAGED, FIELD_PATH, DATA_TYPE, DATA1, DATA2, TRANSITIVE_FIELDS, FORMULA, ENTITY_LOOKUP_TYPE)
VALUES ('31221d97f44b483b823c775e29364cc8', 0, '205f6b8eafda44fb847674c3435b5427', 'custText6', 'CUST_TEXT6', 'NVARCHAR2(1000)', 'CUSTOM_FIELD_TEXT6', 0, 'string-l', '', '', '', '', '', '', '', 0, NULL, 1000, NULL, NULL, '', '', 'system', systimestamp, '85', 0, 'entity.custText6', '', '', '', '', '', '');
INSERT INTO CNT_FIELD_DEFINITION
 (ID, REVISION, PARENT_ID, FIELD_ID, COLUMN_NAME, COLUMN_TYPE, REPORT_COLUMN_NAME, PRODUCT_FIELD, FIELD_TYPE, ENTITY_LOOKUP, ENTITY_LOOKUP_KEY, ORDER_BY, GENERATOR, REFER_TABLE, KEY_COLUMN, LOOKUP_COLUMN, MANDATORY, MIN_LENGTH, MAX_LENGTH, MIN_VALUE, MAX_VALUE, CONSTANT_VALUE, UNIQUE_KEY, CREATE_USER, CREATED_ON, LINE_NO, MANAGED, FIELD_PATH, DATA_TYPE, DATA1, DATA2, TRANSITIVE_FIELDS, FORMULA, ENTITY_LOOKUP_TYPE)
VALUES ('87f6062c8e614bae9ed00fdf10078bc3', 0, '205f6b8eafda44fb847674c3435b5427', 'custText7', 'CUST_TEXT7', 'NVARCHAR2(1000)', 'CUSTOM_FIELD_TEXT7', 0, 'string-l', '', '', '', '', '', '', '', 0, NULL, 1000, NULL, NULL, '', '', 'system', systimestamp, '86', 0, 'entity.custText7', '', '', '', '', '', '');
INSERT INTO CNT_FIELD_DEFINITION
 (ID, REVISION, PARENT_ID, FIELD_ID, COLUMN_NAME, COLUMN_TYPE, REPORT_COLUMN_NAME, PRODUCT_FIELD, FIELD_TYPE, ENTITY_LOOKUP, ENTITY_LOOKUP_KEY, ORDER_BY, GENERATOR, REFER_TABLE, KEY_COLUMN, LOOKUP_COLUMN, MANDATORY, MIN_LENGTH, MAX_LENGTH, MIN_VALUE, MAX_VALUE, CONSTANT_VALUE, UNIQUE_KEY, CREATE_USER, CREATED_ON, LINE_NO, MANAGED, FIELD_PATH, DATA_TYPE, DATA1, DATA2, TRANSITIVE_FIELDS, FORMULA, ENTITY_LOOKUP_TYPE)
VALUES ('b4ade6617cea4d4c9cdd05332c5e79dc', 0, '205f6b8eafda44fb847674c3435b5427', 'custDate1', 'CUST_DATE1', 'DATE', 'CUSTOM_FIELD_DATE1', 0, 'date', '', '', '', '', '', '', '', 0, NULL, NULL, NULL, NULL, '', '', 'system', systimestamp, '87', 0, 'entity.custDate1', '', '', '', '', '', '');
INSERT INTO CNT_FIELD_DEFINITION
 (ID, REVISION, PARENT_ID, FIELD_ID, COLUMN_NAME, COLUMN_TYPE, REPORT_COLUMN_NAME, PRODUCT_FIELD, FIELD_TYPE, ENTITY_LOOKUP, ENTITY_LOOKUP_KEY, ORDER_BY, GENERATOR, REFER_TABLE, KEY_COLUMN, LOOKUP_COLUMN, MANDATORY, MIN_LENGTH, MAX_LENGTH, MIN_VALUE, MAX_VALUE, CONSTANT_VALUE, UNIQUE_KEY, CREATE_USER, CREATED_ON, LINE_NO, MANAGED, FIELD_PATH, DATA_TYPE, DATA1, DATA2, TRANSITIVE_FIELDS, FORMULA, ENTITY_LOOKUP_TYPE)
VALUES ('3df5b1197a0b4fd2989792acf688c843', 0, '205f6b8eafda44fb847674c3435b5427', 'custDate2', 'CUST_DATE2', 'DATE', 'CUSTOM_FIELD_DATE2', 0, 'date', '', '', '', '', '', '', '', 0, NULL, NULL, NULL, NULL, '', '', 'system', systimestamp, '88', 0, 'entity.custDate2', '', '', '', '', '', '');
INSERT INTO CNT_FIELD_DEFINITION
 (ID, REVISION, PARENT_ID, FIELD_ID, COLUMN_NAME, COLUMN_TYPE, REPORT_COLUMN_NAME, PRODUCT_FIELD, FIELD_TYPE, ENTITY_LOOKUP, ENTITY_LOOKUP_KEY, ORDER_BY, GENERATOR, REFER_TABLE, KEY_COLUMN, LOOKUP_COLUMN, MANDATORY, MIN_LENGTH, MAX_LENGTH, MIN_VALUE, MAX_VALUE, CONSTANT_VALUE, UNIQUE_KEY, CREATE_USER, CREATED_ON, LINE_NO, MANAGED, FIELD_PATH, DATA_TYPE, DATA1, DATA2, TRANSITIVE_FIELDS, FORMULA, ENTITY_LOOKUP_TYPE)
VALUES ('095c985a2d5f4f829a757048736e38d3', 0, '205f6b8eafda44fb847674c3435b5427', 'custDate3', 'CUST_DATE3', 'DATE', 'CUSTOM_FIELD_DATE3', 0, 'date', '', '', '', '', '', '', '', 0, NULL, NULL, NULL, NULL, '', '', 'system', systimestamp, '89', 0, 'entity.custDate3', '', '', '', '', '', '');
INSERT INTO CNT_FIELD_DEFINITION
 (ID, REVISION, PARENT_ID, FIELD_ID, COLUMN_NAME, COLUMN_TYPE, REPORT_COLUMN_NAME, PRODUCT_FIELD, FIELD_TYPE, ENTITY_LOOKUP, ENTITY_LOOKUP_KEY, ORDER_BY, GENERATOR, REFER_TABLE, KEY_COLUMN, LOOKUP_COLUMN, MANDATORY, MIN_LENGTH, MAX_LENGTH, MIN_VALUE, MAX_VALUE, CONSTANT_VALUE, UNIQUE_KEY, CREATE_USER, CREATED_ON, LINE_NO, MANAGED, FIELD_PATH, DATA_TYPE, DATA1, DATA2, TRANSITIVE_FIELDS, FORMULA, ENTITY_LOOKUP_TYPE)
VALUES ('5ad38f737aa74c7394775e580b53fd4c', 0, '205f6b8eafda44fb847674c3435b5427', 'custDate4', 'CUST_DATE4', 'DATE', 'CUSTOM_FIELD_DATE4', 0, 'date', '', '', '', '', '', '', '', 0, NULL, NULL, NULL, NULL, '', '', 'system', systimestamp, '90', 0, 'entity.custDate4', '', '', '', '', '', '');
INSERT INTO CNT_FIELD_DEFINITION
 (ID, REVISION, PARENT_ID, FIELD_ID, COLUMN_NAME, COLUMN_TYPE, REPORT_COLUMN_NAME, PRODUCT_FIELD, FIELD_TYPE, ENTITY_LOOKUP, ENTITY_LOOKUP_KEY, ORDER_BY, GENERATOR, REFER_TABLE, KEY_COLUMN, LOOKUP_COLUMN, MANDATORY, MIN_LENGTH, MAX_LENGTH, MIN_VALUE, MAX_VALUE, CONSTANT_VALUE, UNIQUE_KEY, CREATE_USER, CREATED_ON, LINE_NO, MANAGED, FIELD_PATH, DATA_TYPE, DATA1, DATA2, TRANSITIVE_FIELDS, FORMULA, ENTITY_LOOKUP_TYPE)
VALUES ('ab977ade2b454455a8add54148c56517', 0, '205f6b8eafda44fb847674c3435b5427', 'custDate5', 'CUST_DATE5', 'DATE', 'CUSTOM_FIELD_DATE5', 0, 'date', '', '', '', '', '', '', '', 0, NULL, NULL, NULL, NULL, '', '', 'system', systimestamp, '91', 0, 'entity.custDate5', '', '', '', '', '', '');
INSERT INTO CNT_FIELD_DEFINITION
 (ID, REVISION, PARENT_ID, FIELD_ID, COLUMN_NAME, COLUMN_TYPE, REPORT_COLUMN_NAME, PRODUCT_FIELD, FIELD_TYPE, ENTITY_LOOKUP, ENTITY_LOOKUP_KEY, ORDER_BY, GENERATOR, REFER_TABLE, KEY_COLUMN, LOOKUP_COLUMN, MANDATORY, MIN_LENGTH, MAX_LENGTH, MIN_VALUE, MAX_VALUE, CONSTANT_VALUE, UNIQUE_KEY, CREATE_USER, CREATED_ON, LINE_NO, MANAGED, FIELD_PATH, DATA_TYPE, DATA1, DATA2, TRANSITIVE_FIELDS, FORMULA, ENTITY_LOOKUP_TYPE)
VALUES ('9b62e468e4284f2db996b769cb032ea0', 0, '205f6b8eafda44fb847674c3435b5427', 'custDate6', 'CUST_DATE6', 'DATE', 'CUSTOM_FIELD_DATE6', 0, 'date', '', '', '', '', '', '', '', 0, NULL, NULL, NULL, NULL, '', '', 'system', systimestamp, '92', 0, 'entity.custDate6', '', '', '', '', '', '');
INSERT INTO CNT_FIELD_DEFINITION
 (ID, REVISION, PARENT_ID, FIELD_ID, COLUMN_NAME, COLUMN_TYPE, REPORT_COLUMN_NAME, PRODUCT_FIELD, FIELD_TYPE, ENTITY_LOOKUP, ENTITY_LOOKUP_KEY, ORDER_BY, GENERATOR, REFER_TABLE, KEY_COLUMN, LOOKUP_COLUMN, MANDATORY, MIN_LENGTH, MAX_LENGTH, MIN_VALUE, MAX_VALUE, CONSTANT_VALUE, UNIQUE_KEY, CREATE_USER, CREATED_ON, LINE_NO, MANAGED, FIELD_PATH, DATA_TYPE, DATA1, DATA2, TRANSITIVE_FIELDS, FORMULA, ENTITY_LOOKUP_TYPE)
VALUES ('811622f2288f42cfb9f10cdeecd6d838', 0, '205f6b8eafda44fb847674c3435b5427', 'custDate7', 'CUST_DATE7', 'DATE', 'CUSTOM_FIELD_DATE7', 0, 'date', '', '', '', '', '', '', '', 0, NULL, NULL, NULL, NULL, '', '', 'system', systimestamp, '93', 0, 'entity.custDate7', '', '', '', '', '', '');
INSERT INTO CNT_FIELD_DEFINITION
 (ID, REVISION, PARENT_ID, FIELD_ID, COLUMN_NAME, COLUMN_TYPE, REPORT_COLUMN_NAME, PRODUCT_FIELD, FIELD_TYPE, ENTITY_LOOKUP, ENTITY_LOOKUP_KEY, ORDER_BY, GENERATOR, REFER_TABLE, KEY_COLUMN, LOOKUP_COLUMN, MANDATORY, MIN_LENGTH, MAX_LENGTH, MIN_VALUE, MAX_VALUE, CONSTANT_VALUE, UNIQUE_KEY, CREATE_USER, CREATED_ON, LINE_NO, MANAGED, FIELD_PATH, DATA_TYPE, DATA1, DATA2, TRANSITIVE_FIELDS, FORMULA, ENTITY_LOOKUP_TYPE)
VALUES ('904ae7fb1ac1483ab95c53aee6791cfa', 0, '205f6b8eafda44fb847674c3435b5427', 'custNumber1', 'CUST_NUMBER1', 'NUMBER(20, 0)', 'CUSTOM_FIELD_NUMBER1', 0, 'integer', '', '', '', '', '', '', '', 0, NULL, 18, NULL, NULL, '', '', 'system', systimestamp, '94', 0, 'entity.custNumber1', '', '', '', '', '', '');
INSERT INTO CNT_FIELD_DEFINITION
 (ID, REVISION, PARENT_ID, FIELD_ID, COLUMN_NAME, COLUMN_TYPE, REPORT_COLUMN_NAME, PRODUCT_FIELD, FIELD_TYPE, ENTITY_LOOKUP, ENTITY_LOOKUP_KEY, ORDER_BY, GENERATOR, REFER_TABLE, KEY_COLUMN, LOOKUP_COLUMN, MANDATORY, MIN_LENGTH, MAX_LENGTH, MIN_VALUE, MAX_VALUE, CONSTANT_VALUE, UNIQUE_KEY, CREATE_USER, CREATED_ON, LINE_NO, MANAGED, FIELD_PATH, DATA_TYPE, DATA1, DATA2, TRANSITIVE_FIELDS, FORMULA, ENTITY_LOOKUP_TYPE)
VALUES ('cc3e50bba2754d48b12417b8117d043d', 0, '205f6b8eafda44fb847674c3435b5427', 'custNumber2', 'CUST_NUMBER2', 'NUMBER(20, 0)', 'CUSTOM_FIELD_NUMBER2', 0, 'integer', '', '', '', '', '', '', '', 0, NULL, 18, NULL, NULL, '', '', 'system', systimestamp, '95', 0, 'entity.custNumber2', '', '', '', '', '', '');
INSERT INTO CNT_FIELD_DEFINITION
 (ID, REVISION, PARENT_ID, FIELD_ID, COLUMN_NAME, COLUMN_TYPE, REPORT_COLUMN_NAME, PRODUCT_FIELD, FIELD_TYPE, ENTITY_LOOKUP, ENTITY_LOOKUP_KEY, ORDER_BY, GENERATOR, REFER_TABLE, KEY_COLUMN, LOOKUP_COLUMN, MANDATORY, MIN_LENGTH, MAX_LENGTH, MIN_VALUE, MAX_VALUE, CONSTANT_VALUE, UNIQUE_KEY, CREATE_USER, CREATED_ON, LINE_NO, MANAGED, FIELD_PATH, DATA_TYPE, DATA1, DATA2, TRANSITIVE_FIELDS, FORMULA, ENTITY_LOOKUP_TYPE)
VALUES ('86f083c6985d4358a26523802715133c', 0, '205f6b8eafda44fb847674c3435b5427', 'custNumber3', 'CUST_NUMBER3', 'NUMBER(20, 0)', 'CUSTOM_FIELD_NUMBER3', 0, 'integer', '', '', '', '', '', '', '', 0, NULL, 18, NULL, NULL, '', '', 'system', systimestamp, '96', 0, 'entity.custNumber3', '', '', '', '', '', '');
INSERT INTO CNT_FIELD_DEFINITION
 (ID, REVISION, PARENT_ID, FIELD_ID, COLUMN_NAME, COLUMN_TYPE, REPORT_COLUMN_NAME, PRODUCT_FIELD, FIELD_TYPE, ENTITY_LOOKUP, ENTITY_LOOKUP_KEY, ORDER_BY, GENERATOR, REFER_TABLE, KEY_COLUMN, LOOKUP_COLUMN, MANDATORY, MIN_LENGTH, MAX_LENGTH, MIN_VALUE, MAX_VALUE, CONSTANT_VALUE, UNIQUE_KEY, CREATE_USER, CREATED_ON, LINE_NO, MANAGED, FIELD_PATH, DATA_TYPE, DATA1, DATA2, TRANSITIVE_FIELDS, FORMULA, ENTITY_LOOKUP_TYPE)
VALUES ('a31c61c4a07b44a7bf4df4b6555f4e58', 0, '205f6b8eafda44fb847674c3435b5427', 'custNumber4', 'CUST_NUMBER4', 'NUMBER(20, 0)', 'CUSTOM_FIELD_NUMBER4', 0, 'integer', '', '', '', '', '', '', '', 0, NULL, 18, NULL, NULL, '', '', 'system', systimestamp, '97', 0, 'entity.custNumber4', '', '', '', '', '', '');
INSERT INTO CNT_FIELD_DEFINITION
 (ID, REVISION, PARENT_ID, FIELD_ID, COLUMN_NAME, COLUMN_TYPE, REPORT_COLUMN_NAME, PRODUCT_FIELD, FIELD_TYPE, ENTITY_LOOKUP, ENTITY_LOOKUP_KEY, ORDER_BY, GENERATOR, REFER_TABLE, KEY_COLUMN, LOOKUP_COLUMN, MANDATORY, MIN_LENGTH, MAX_LENGTH, MIN_VALUE, MAX_VALUE, CONSTANT_VALUE, UNIQUE_KEY, CREATE_USER, CREATED_ON, LINE_NO, MANAGED, FIELD_PATH, DATA_TYPE, DATA1, DATA2, TRANSITIVE_FIELDS, FORMULA, ENTITY_LOOKUP_TYPE)
VALUES ('022bdee2cd2845f3902c3047baa61ce9', 0, '205f6b8eafda44fb847674c3435b5427', 'custNumber5', 'CUST_NUMBER5', 'NUMBER(20, 0)', 'CUSTOM_FIELD_NUMBER5', 0, 'integer', '', '', '', '', '', '', '', 0, NULL, 18, NULL, NULL, '', '', 'system', systimestamp, '98', 0, 'entity.custNumber5', '', '', '', '', '', '');
INSERT INTO CNT_FIELD_DEFINITION
 (ID, REVISION, PARENT_ID, FIELD_ID, COLUMN_NAME, COLUMN_TYPE, REPORT_COLUMN_NAME, PRODUCT_FIELD, FIELD_TYPE, ENTITY_LOOKUP, ENTITY_LOOKUP_KEY, ORDER_BY, GENERATOR, REFER_TABLE, KEY_COLUMN, LOOKUP_COLUMN, MANDATORY, MIN_LENGTH, MAX_LENGTH, MIN_VALUE, MAX_VALUE, CONSTANT_VALUE, UNIQUE_KEY, CREATE_USER, CREATED_ON, LINE_NO, MANAGED, FIELD_PATH, DATA_TYPE, DATA1, DATA2, TRANSITIVE_FIELDS, FORMULA, ENTITY_LOOKUP_TYPE)
VALUES ('e728ffa048274aaca25c1502ac1d5301', 0, '205f6b8eafda44fb847674c3435b5427', 'custNumber6', 'CUST_NUMBER6', 'NUMBER(20, 0)', 'CUSTOM_FIELD_NUMBER6', 0, 'integer', '', '', '', '', '', '', '', 0, NULL, 18, NULL, NULL, '', '', 'system', systimestamp, '99', 0, 'entity.custNumber6', '', '', '', '', '', '');
INSERT INTO CNT_FIELD_DEFINITION
 (ID, REVISION, PARENT_ID, FIELD_ID, COLUMN_NAME, COLUMN_TYPE, REPORT_COLUMN_NAME, PRODUCT_FIELD, FIELD_TYPE, ENTITY_LOOKUP, ENTITY_LOOKUP_KEY, ORDER_BY, GENERATOR, REFER_TABLE, KEY_COLUMN, LOOKUP_COLUMN, MANDATORY, MIN_LENGTH, MAX_LENGTH, MIN_VALUE, MAX_VALUE, CONSTANT_VALUE, UNIQUE_KEY, CREATE_USER, CREATED_ON, LINE_NO, MANAGED, FIELD_PATH, DATA_TYPE, DATA1, DATA2, TRANSITIVE_FIELDS, FORMULA, ENTITY_LOOKUP_TYPE)
VALUES ('bfa132b26f304f5c9b010e3afda0f6c6', 0, '205f6b8eafda44fb847674c3435b5427', 'custNumber7', 'CUST_NUMBER7', 'NUMBER(20, 0)', 'CUSTOM_FIELD_NUMBER7', 0, 'integer', '', '', '', '', '', '', '', 0, NULL, 18, NULL, NULL, '', '', 'system', systimestamp, '100', 0, 'entity.custNumber7', '', '', '', '', '', '');
INSERT INTO CNT_FIELD_DEFINITION
 (ID, REVISION, PARENT_ID, FIELD_ID, COLUMN_NAME, COLUMN_TYPE, REPORT_COLUMN_NAME, PRODUCT_FIELD, FIELD_TYPE, ENTITY_LOOKUP, ENTITY_LOOKUP_KEY, ORDER_BY, GENERATOR, REFER_TABLE, KEY_COLUMN, LOOKUP_COLUMN, MANDATORY, MIN_LENGTH, MAX_LENGTH, MIN_VALUE, MAX_VALUE, CONSTANT_VALUE, UNIQUE_KEY, CREATE_USER, CREATED_ON, LINE_NO, MANAGED, FIELD_PATH, DATA_TYPE, DATA1, DATA2, TRANSITIVE_FIELDS, FORMULA, ENTITY_LOOKUP_TYPE)
VALUES ('36fa0eded4654e17b4949b69c4a10272', 0, '205f6b8eafda44fb847674c3435b5427', 'custDecimal1', 'CUST_DECIMAL1', 'NUMBER(25, 5)', 'CUSTOM_FIELD_DECIMAL1', 0, 'decimal-rate', '', '', '', '', '', '', '', 0, NULL, 20, NULL, NULL, '', '', 'system', systimestamp, '101', 0, 'entity.custDecimal1', '', '', '', '', '', '');
INSERT INTO CNT_FIELD_DEFINITION
 (ID, REVISION, PARENT_ID, FIELD_ID, COLUMN_NAME, COLUMN_TYPE, REPORT_COLUMN_NAME, PRODUCT_FIELD, FIELD_TYPE, ENTITY_LOOKUP, ENTITY_LOOKUP_KEY, ORDER_BY, GENERATOR, REFER_TABLE, KEY_COLUMN, LOOKUP_COLUMN, MANDATORY, MIN_LENGTH, MAX_LENGTH, MIN_VALUE, MAX_VALUE, CONSTANT_VALUE, UNIQUE_KEY, CREATE_USER, CREATED_ON, LINE_NO, MANAGED, FIELD_PATH, DATA_TYPE, DATA1, DATA2, TRANSITIVE_FIELDS, FORMULA, ENTITY_LOOKUP_TYPE)
VALUES ('f4996d62c2a4491286ead226c0d0304e', 0, '205f6b8eafda44fb847674c3435b5427', 'custDecimal2', 'CUST_DECIMAL2', 'NUMBER(25, 5)', 'CUSTOM_FIELD_DECIMAL2', 0, 'decimal-rate', '', '', '', '', '', '', '', 0, NULL, 20, NULL, NULL, '', '', 'system', systimestamp, '102', 0, 'entity.custDecimal2', '', '', '', '', '', '');
INSERT INTO CNT_FIELD_DEFINITION
 (ID, REVISION, PARENT_ID, FIELD_ID, COLUMN_NAME, COLUMN_TYPE, REPORT_COLUMN_NAME, PRODUCT_FIELD, FIELD_TYPE, ENTITY_LOOKUP, ENTITY_LOOKUP_KEY, ORDER_BY, GENERATOR, REFER_TABLE, KEY_COLUMN, LOOKUP_COLUMN, MANDATORY, MIN_LENGTH, MAX_LENGTH, MIN_VALUE, MAX_VALUE, CONSTANT_VALUE, UNIQUE_KEY, CREATE_USER, CREATED_ON, LINE_NO, MANAGED, FIELD_PATH, DATA_TYPE, DATA1, DATA2, TRANSITIVE_FIELDS, FORMULA, ENTITY_LOOKUP_TYPE)
VALUES ('9332c3959351420da3bc5e306a20fe9c', 0, '205f6b8eafda44fb847674c3435b5427', 'custDecimal3', 'CUST_DECIMAL3', 'NUMBER(25, 5)', 'CUSTOM_FIELD_DECIMAL3', 0, 'decimal-rate', '', '', '', '', '', '', '', 0, NULL, 20, NULL, NULL, '', '', 'system', systimestamp, '103', 0, 'entity.custDecimal3', '', '', '', '', '', '');
INSERT INTO CNT_FIELD_DEFINITION
 (ID, REVISION, PARENT_ID, FIELD_ID, COLUMN_NAME, COLUMN_TYPE, REPORT_COLUMN_NAME, PRODUCT_FIELD, FIELD_TYPE, ENTITY_LOOKUP, ENTITY_LOOKUP_KEY, ORDER_BY, GENERATOR, REFER_TABLE, KEY_COLUMN, LOOKUP_COLUMN, MANDATORY, MIN_LENGTH, MAX_LENGTH, MIN_VALUE, MAX_VALUE, CONSTANT_VALUE, UNIQUE_KEY, CREATE_USER, CREATED_ON, LINE_NO, MANAGED, FIELD_PATH, DATA_TYPE, DATA1, DATA2, TRANSITIVE_FIELDS, FORMULA, ENTITY_LOOKUP_TYPE)
VALUES ('db4bd0058d8e476bb199a0158c5b0f8d', 0, '205f6b8eafda44fb847674c3435b5427', 'custDecimal4', 'CUST_DECIMAL4', 'NUMBER(25, 5)', 'CUSTOM_FIELD_DECIMAL4', 0, 'decimal-rate', '', '', '', '', '', '', '', 0, NULL, 20, NULL, NULL, '', '', 'system', systimestamp, '104', 0, 'entity.custDecimal4', '', '', '', '', '', '');
INSERT INTO CNT_FIELD_DEFINITION
 (ID, REVISION, PARENT_ID, FIELD_ID, COLUMN_NAME, COLUMN_TYPE, REPORT_COLUMN_NAME, PRODUCT_FIELD, FIELD_TYPE, ENTITY_LOOKUP, ENTITY_LOOKUP_KEY, ORDER_BY, GENERATOR, REFER_TABLE, KEY_COLUMN, LOOKUP_COLUMN, MANDATORY, MIN_LENGTH, MAX_LENGTH, MIN_VALUE, MAX_VALUE, CONSTANT_VALUE, UNIQUE_KEY, CREATE_USER, CREATED_ON, LINE_NO, MANAGED, FIELD_PATH, DATA_TYPE, DATA1, DATA2, TRANSITIVE_FIELDS, FORMULA, ENTITY_LOOKUP_TYPE)
VALUES ('a7ad0d78bbb140b9a1c0f0ed39f08c19', 0, '205f6b8eafda44fb847674c3435b5427', 'custDecimal5', 'CUST_DECIMAL5', 'NUMBER(25, 5)', 'CUSTOM_FIELD_DECIMAL5', 0, 'decimal-rate', '', '', '', '', '', '', '', 0, NULL, 20, NULL, NULL, '', '', 'system', systimestamp, '105', 0, 'entity.custDecimal5', '', '', '', '', '', '');
INSERT INTO CNT_FIELD_DEFINITION
 (ID, REVISION, PARENT_ID, FIELD_ID, COLUMN_NAME, COLUMN_TYPE, REPORT_COLUMN_NAME, PRODUCT_FIELD, FIELD_TYPE, ENTITY_LOOKUP, ENTITY_LOOKUP_KEY, ORDER_BY, GENERATOR, REFER_TABLE, KEY_COLUMN, LOOKUP_COLUMN, MANDATORY, MIN_LENGTH, MAX_LENGTH, MIN_VALUE, MAX_VALUE, CONSTANT_VALUE, UNIQUE_KEY, CREATE_USER, CREATED_ON, LINE_NO, MANAGED, FIELD_PATH, DATA_TYPE, DATA1, DATA2, TRANSITIVE_FIELDS, FORMULA, ENTITY_LOOKUP_TYPE)
VALUES ('895ff426d7964554af1c6a11fe903de0', 0, '205f6b8eafda44fb847674c3435b5427', 'custDecimal6', 'CUST_DECIMAL6', 'NUMBER(25, 5)', 'CUSTOM_FIELD_DECIMAL6', 0, 'decimal-rate', '', '', '', '', '', '', '', 0, NULL, 20, NULL, NULL, '', '', 'system', systimestamp, '106', 0, 'entity.custDecimal6', '', '', '', '', '', '');
INSERT INTO CNT_FIELD_DEFINITION
 (ID, REVISION, PARENT_ID, FIELD_ID, COLUMN_NAME, COLUMN_TYPE, REPORT_COLUMN_NAME, PRODUCT_FIELD, FIELD_TYPE, ENTITY_LOOKUP, ENTITY_LOOKUP_KEY, ORDER_BY, GENERATOR, REFER_TABLE, KEY_COLUMN, LOOKUP_COLUMN, MANDATORY, MIN_LENGTH, MAX_LENGTH, MIN_VALUE, MAX_VALUE, CONSTANT_VALUE, UNIQUE_KEY, CREATE_USER, CREATED_ON, LINE_NO, MANAGED, FIELD_PATH, DATA_TYPE, DATA1, DATA2, TRANSITIVE_FIELDS, FORMULA, ENTITY_LOOKUP_TYPE)
VALUES ('c9280cba4f3e40ffaf8a5314e18bf508', 0, '205f6b8eafda44fb847674c3435b5427', 'custDecimal7', 'CUST_DECIMAL7', 'NUMBER(25, 5)', 'CUSTOM_FIELD_DECIMAL7', 0, 'decimal-rate', '', '', '', '', '', '', '', 0, NULL, 20, NULL, NULL, '', '', 'system', systimestamp, '107', 0, 'entity.custDecimal7', '', '', '', '', '', '');
INSERT INTO CNT_FIELD_DEFINITION
 (ID, REVISION, PARENT_ID, FIELD_ID, COLUMN_NAME, COLUMN_TYPE, REPORT_COLUMN_NAME, PRODUCT_FIELD, FIELD_TYPE, ENTITY_LOOKUP, ENTITY_LOOKUP_KEY, ORDER_BY, GENERATOR, REFER_TABLE, KEY_COLUMN, LOOKUP_COLUMN, MANDATORY, MIN_LENGTH, MAX_LENGTH, MIN_VALUE, MAX_VALUE, CONSTANT_VALUE, UNIQUE_KEY, CREATE_USER, CREATED_ON, LINE_NO, MANAGED, FIELD_PATH, DATA_TYPE, DATA1, DATA2, TRANSITIVE_FIELDS, FORMULA, ENTITY_LOOKUP_TYPE)
VALUES ('801b7f310fad4dce8d84b404c24cf8b5', 0, '205f6b8eafda44fb847674c3435b5427', 'custCodelist1', 'CUST_CODELIST1', 'NVARCHAR2(400)', 'CUSTOM_FIELD_CODE_LIST_CODE1', 0, 'string-m', '', '', '', '', '', '', '', 0, NULL, 400, NULL, NULL, '', '', 'system', systimestamp, '108', 0, 'entity.custCodelist1', 'codelist', '', '', '', '', '');
INSERT INTO CNT_FIELD_DEFINITION
 (ID, REVISION, PARENT_ID, FIELD_ID, COLUMN_NAME, COLUMN_TYPE, REPORT_COLUMN_NAME, PRODUCT_FIELD, FIELD_TYPE, ENTITY_LOOKUP, ENTITY_LOOKUP_KEY, ORDER_BY, GENERATOR, REFER_TABLE, KEY_COLUMN, LOOKUP_COLUMN, MANDATORY, MIN_LENGTH, MAX_LENGTH, MIN_VALUE, MAX_VALUE, CONSTANT_VALUE, UNIQUE_KEY, CREATE_USER, CREATED_ON, LINE_NO, MANAGED, FIELD_PATH, DATA_TYPE, DATA1, DATA2, TRANSITIVE_FIELDS, FORMULA, ENTITY_LOOKUP_TYPE)
VALUES ('a0fcf25a4f614b10876adb46abf74f82', 0, '205f6b8eafda44fb847674c3435b5427', 'custCodelist2', 'CUST_CODELIST2', 'NVARCHAR2(400)', 'CUSTOM_FIELD_CODE_LIST_CODE2', 0, 'string-m', '', '', '', '', '', '', '', 0, NULL, 400, NULL, NULL, '', '', 'system', systimestamp, '109', 0, 'entity.custCodelist2', 'codelist', '', '', '', '', '');
INSERT INTO CNT_FIELD_DEFINITION
 (ID, REVISION, PARENT_ID, FIELD_ID, COLUMN_NAME, COLUMN_TYPE, REPORT_COLUMN_NAME, PRODUCT_FIELD, FIELD_TYPE, ENTITY_LOOKUP, ENTITY_LOOKUP_KEY, ORDER_BY, GENERATOR, REFER_TABLE, KEY_COLUMN, LOOKUP_COLUMN, MANDATORY, MIN_LENGTH, MAX_LENGTH, MIN_VALUE, MAX_VALUE, CONSTANT_VALUE, UNIQUE_KEY, CREATE_USER, CREATED_ON, LINE_NO, MANAGED, FIELD_PATH, DATA_TYPE, DATA1, DATA2, TRANSITIVE_FIELDS, FORMULA, ENTITY_LOOKUP_TYPE)
VALUES ('87e75620775c49b38a3ef92ebc5c6cb0', 0, '205f6b8eafda44fb847674c3435b5427', 'custCodelist3', 'CUST_CODELIST3', 'NVARCHAR2(400)', 'CUSTOM_FIELD_CODE_LIST_CODE3', 0, 'string-m', '', '', '', '', '', '', '', 0, NULL, 400, NULL, NULL, '', '', 'system', systimestamp, '110', 0, 'entity.custCodelist3', 'codelist', '', '', '', '', '');
INSERT INTO CNT_FIELD_DEFINITION
 (ID, REVISION, PARENT_ID, FIELD_ID, COLUMN_NAME, COLUMN_TYPE, REPORT_COLUMN_NAME, PRODUCT_FIELD, FIELD_TYPE, ENTITY_LOOKUP, ENTITY_LOOKUP_KEY, ORDER_BY, GENERATOR, REFER_TABLE, KEY_COLUMN, LOOKUP_COLUMN, MANDATORY, MIN_LENGTH, MAX_LENGTH, MIN_VALUE, MAX_VALUE, CONSTANT_VALUE, UNIQUE_KEY, CREATE_USER, CREATED_ON, LINE_NO, MANAGED, FIELD_PATH, DATA_TYPE, DATA1, DATA2, TRANSITIVE_FIELDS, FORMULA, ENTITY_LOOKUP_TYPE)
VALUES ('e74d6eadfa014156b0ceb186521bff1c', 0, '205f6b8eafda44fb847674c3435b5427', 'custCodelist4', 'CUST_CODELIST4', 'NVARCHAR2(400)', 'CUSTOM_FIELD_CODE_LIST_CODE4', 0, 'string-m', '', '', '', '', '', '', '', 0, NULL, 400, NULL, NULL, '', '', 'system', systimestamp, '111', 0, 'entity.custCodelist4', 'codelist', '', '', '', '', '');
INSERT INTO CNT_FIELD_DEFINITION
 (ID, REVISION, PARENT_ID, FIELD_ID, COLUMN_NAME, COLUMN_TYPE, REPORT_COLUMN_NAME, PRODUCT_FIELD, FIELD_TYPE, ENTITY_LOOKUP, ENTITY_LOOKUP_KEY, ORDER_BY, GENERATOR, REFER_TABLE, KEY_COLUMN, LOOKUP_COLUMN, MANDATORY, MIN_LENGTH, MAX_LENGTH, MIN_VALUE, MAX_VALUE, CONSTANT_VALUE, UNIQUE_KEY, CREATE_USER, CREATED_ON, LINE_NO, MANAGED, FIELD_PATH, DATA_TYPE, DATA1, DATA2, TRANSITIVE_FIELDS, FORMULA, ENTITY_LOOKUP_TYPE)
VALUES ('9e7e412162ba40f982abf44eebbd6c89', 0, '205f6b8eafda44fb847674c3435b5427', 'custCodelist5', 'CUST_CODELIST5', 'NVARCHAR2(400)', 'CUSTOM_FIELD_CODE_LIST_CODE5', 0, 'string-m', '', '', '', '', '', '', '', 0, NULL, 400, NULL, NULL, '', '', 'system', systimestamp, '112', 0, 'entity.custCodelist5', 'codelist', '', '', '', '', '');
INSERT INTO CNT_FIELD_DEFINITION
 (ID, REVISION, PARENT_ID, FIELD_ID, COLUMN_NAME, COLUMN_TYPE, REPORT_COLUMN_NAME, PRODUCT_FIELD, FIELD_TYPE, ENTITY_LOOKUP, ENTITY_LOOKUP_KEY, ORDER_BY, GENERATOR, REFER_TABLE, KEY_COLUMN, LOOKUP_COLUMN, MANDATORY, MIN_LENGTH, MAX_LENGTH, MIN_VALUE, MAX_VALUE, CONSTANT_VALUE, UNIQUE_KEY, CREATE_USER, CREATED_ON, LINE_NO, MANAGED, FIELD_PATH, DATA_TYPE, DATA1, DATA2, TRANSITIVE_FIELDS, FORMULA, ENTITY_LOOKUP_TYPE)
VALUES ('fbda049e3d474d6b9aac81a6f308ddb4', 0, '205f6b8eafda44fb847674c3435b5427', 'custCodelist6', 'CUST_CODELIST6', 'NVARCHAR2(400)', 'CUSTOM_FIELD_CODE_LIST_CODE6', 0, 'string-m', '', '', '', '', '', '', '', 0, NULL, 400, NULL, NULL, '', '', 'system', systimestamp, '113', 0, 'entity.custCodelist6', 'codelist', '', '', '', '', '');
INSERT INTO CNT_FIELD_DEFINITION
 (ID, REVISION, PARENT_ID, FIELD_ID, COLUMN_NAME, COLUMN_TYPE, REPORT_COLUMN_NAME, PRODUCT_FIELD, FIELD_TYPE, ENTITY_LOOKUP, ENTITY_LOOKUP_KEY, ORDER_BY, GENERATOR, REFER_TABLE, KEY_COLUMN, LOOKUP_COLUMN, MANDATORY, MIN_LENGTH, MAX_LENGTH, MIN_VALUE, MAX_VALUE, CONSTANT_VALUE, UNIQUE_KEY, CREATE_USER, CREATED_ON, LINE_NO, MANAGED, FIELD_PATH, DATA_TYPE, DATA1, DATA2, TRANSITIVE_FIELDS, FORMULA, ENTITY_LOOKUP_TYPE)
VALUES ('64e2473f281c4cef874ee03c85ea312f', 0, '205f6b8eafda44fb847674c3435b5427', 'custCodelist7', 'CUST_CODELIST7', 'NVARCHAR2(400)', 'CUSTOM_FIELD_CODE_LIST_CODE7', 0, 'string-m', '', '', '', '', '', '', '', 0, NULL, 400, NULL, NULL, '', '', 'system', systimestamp, '114', 0, 'entity.custCodelist7', 'codelist', '', '', '', '', '');
INSERT INTO CNT_FIELD_DEFINITION
 (ID, REVISION, PARENT_ID, FIELD_ID, COLUMN_NAME, COLUMN_TYPE, REPORT_COLUMN_NAME, PRODUCT_FIELD, FIELD_TYPE, ENTITY_LOOKUP, ENTITY_LOOKUP_KEY, ORDER_BY, GENERATOR, REFER_TABLE, KEY_COLUMN, LOOKUP_COLUMN, MANDATORY, MIN_LENGTH, MAX_LENGTH, MIN_VALUE, MAX_VALUE, CONSTANT_VALUE, UNIQUE_KEY, CREATE_USER, CREATED_ON, LINE_NO, MANAGED, FIELD_PATH, DATA_TYPE, DATA1, DATA2, TRANSITIVE_FIELDS, FORMULA, ENTITY_LOOKUP_TYPE)
VALUES ('fc897acde7f143b4b8ef0a7828d30c51', 0, '205f6b8eafda44fb847674c3435b5427', 'custMemoText1', 'CUST_MEMO_TEXT1', 'NVARCHAR2(1000)', 'CUSTOM_FIELD_MEMO_TEXT1', 0, 'string-l', '', '', '', '', '', '', '', 0, NULL, 1000, NULL, NULL, '', '', 'system', systimestamp, '115', 0, 'entity.custMemoText1', '', '', '', '', '', '');
INSERT INTO CNT_FIELD_DEFINITION
 (ID, REVISION, PARENT_ID, FIELD_ID, COLUMN_NAME, COLUMN_TYPE, REPORT_COLUMN_NAME, PRODUCT_FIELD, FIELD_TYPE, ENTITY_LOOKUP, ENTITY_LOOKUP_KEY, ORDER_BY, GENERATOR, REFER_TABLE, KEY_COLUMN, LOOKUP_COLUMN, MANDATORY, MIN_LENGTH, MAX_LENGTH, MIN_VALUE, MAX_VALUE, CONSTANT_VALUE, UNIQUE_KEY, CREATE_USER, CREATED_ON, LINE_NO, MANAGED, FIELD_PATH, DATA_TYPE, DATA1, DATA2, TRANSITIVE_FIELDS, FORMULA, ENTITY_LOOKUP_TYPE)
VALUES ('e1ca846c75ea4a13be4c19ef9cc104f2', 0, '205f6b8eafda44fb847674c3435b5427', 'custMemoText2', 'CUST_MEMO_TEXT2', 'NVARCHAR2(1000)', 'CUSTOM_FIELD_MEMO_TEXT2', 0, 'string-l', '', '', '', '', '', '', '', 0, NULL, 1000, NULL, NULL, '', '', 'system', systimestamp, '116', 0, 'entity.custMemoText2', '', '', '', '', '', '');
INSERT INTO CNT_FIELD_DEFINITION
 (ID, REVISION, PARENT_ID, FIELD_ID, COLUMN_NAME, COLUMN_TYPE, REPORT_COLUMN_NAME, PRODUCT_FIELD, FIELD_TYPE, ENTITY_LOOKUP, ENTITY_LOOKUP_KEY, ORDER_BY, GENERATOR, REFER_TABLE, KEY_COLUMN, LOOKUP_COLUMN, MANDATORY, MIN_LENGTH, MAX_LENGTH, MIN_VALUE, MAX_VALUE, CONSTANT_VALUE, UNIQUE_KEY, CREATE_USER, CREATED_ON, LINE_NO, MANAGED, FIELD_PATH, DATA_TYPE, DATA1, DATA2, TRANSITIVE_FIELDS, FORMULA, ENTITY_LOOKUP_TYPE)
VALUES ('4ed8024196764491be60d3100242ec66', 0, '205f6b8eafda44fb847674c3435b5427', 'custMemoText3', 'CUST_MEMO_TEXT3', 'NVARCHAR2(1000)', 'CUSTOM_FIELD_MEMO_TEXT3', 0, 'string-l', '', '', '', '', '', '', '', 0, NULL, 1000, NULL, NULL, '', '', 'system', systimestamp, '117', 0, 'entity.custMemoText3', '', '', '', '', '', '');
INSERT INTO CNT_FIELD_DEFINITION
 (ID, REVISION, PARENT_ID, FIELD_ID, COLUMN_NAME, COLUMN_TYPE, REPORT_COLUMN_NAME, PRODUCT_FIELD, FIELD_TYPE, ENTITY_LOOKUP, ENTITY_LOOKUP_KEY, ORDER_BY, GENERATOR, REFER_TABLE, KEY_COLUMN, LOOKUP_COLUMN, MANDATORY, MIN_LENGTH, MAX_LENGTH, MIN_VALUE, MAX_VALUE, CONSTANT_VALUE, UNIQUE_KEY, CREATE_USER, CREATED_ON, LINE_NO, MANAGED, FIELD_PATH, DATA_TYPE, DATA1, DATA2, TRANSITIVE_FIELDS, FORMULA, ENTITY_LOOKUP_TYPE)
VALUES ('b5fb0000f8b04bb98b4e42dd0ac50e93', 0, '205f6b8eafda44fb847674c3435b5427', 'custMemoText4', 'CUST_MEMO_TEXT4', 'NVARCHAR2(1000)', 'CUSTOM_FIELD_MEMO_TEXT4', 0, 'string-l', '', '', '', '', '', '', '', 0, NULL, 1000, NULL, NULL, '', '', 'system', systimestamp, '118', 0, 'entity.custMemoText4', '', '', '', '', '', '');
INSERT INTO CNT_FIELD_DEFINITION
 (ID, REVISION, PARENT_ID, FIELD_ID, COLUMN_NAME, COLUMN_TYPE, REPORT_COLUMN_NAME, PRODUCT_FIELD, FIELD_TYPE, ENTITY_LOOKUP, ENTITY_LOOKUP_KEY, ORDER_BY, GENERATOR, REFER_TABLE, KEY_COLUMN, LOOKUP_COLUMN, MANDATORY, MIN_LENGTH, MAX_LENGTH, MIN_VALUE, MAX_VALUE, CONSTANT_VALUE, UNIQUE_KEY, CREATE_USER, CREATED_ON, LINE_NO, MANAGED, FIELD_PATH, DATA_TYPE, DATA1, DATA2, TRANSITIVE_FIELDS, FORMULA, ENTITY_LOOKUP_TYPE)
VALUES ('2fb38a0841dc4bf490e5ca6d7e57c0b7', 0, '205f6b8eafda44fb847674c3435b5427', 'custMemoText5', 'CUST_MEMO_TEXT5', 'NVARCHAR2(1000)', 'CUSTOM_FIELD_MEMO_TEXT5', 0, 'string-l', '', '', '', '', '', '', '', 0, NULL, 1000, NULL, NULL, '', '', 'system', systimestamp, '119', 0, 'entity.custMemoText5', '', '', '', '', '', '');
INSERT INTO CNT_FIELD_DEFINITION
 (ID, REVISION, PARENT_ID, FIELD_ID, COLUMN_NAME, COLUMN_TYPE, REPORT_COLUMN_NAME, PRODUCT_FIELD, FIELD_TYPE, ENTITY_LOOKUP, ENTITY_LOOKUP_KEY, ORDER_BY, GENERATOR, REFER_TABLE, KEY_COLUMN, LOOKUP_COLUMN, MANDATORY, MIN_LENGTH, MAX_LENGTH, MIN_VALUE, MAX_VALUE, CONSTANT_VALUE, UNIQUE_KEY, CREATE_USER, CREATED_ON, LINE_NO, MANAGED, FIELD_PATH, DATA_TYPE, DATA1, DATA2, TRANSITIVE_FIELDS, FORMULA, ENTITY_LOOKUP_TYPE)
VALUES ('5a71c8c5bc3144b2af2e27e06ef3b367', 0, '205f6b8eafda44fb847674c3435b5427', 'custMemoText6', 'CUST_MEMO_TEXT6', 'NVARCHAR2(1000)', 'CUSTOM_FIELD_MEMO_TEXT6', 0, 'string-l', '', '', '', '', '', '', '', 0, NULL, 1000, NULL, NULL, '', '', 'system', systimestamp, '120', 0, 'entity.custMemoText6', '', '', '', '', '', '');
INSERT INTO CNT_FIELD_DEFINITION
 (ID, REVISION, PARENT_ID, FIELD_ID, COLUMN_NAME, COLUMN_TYPE, REPORT_COLUMN_NAME, PRODUCT_FIELD, FIELD_TYPE, ENTITY_LOOKUP, ENTITY_LOOKUP_KEY, ORDER_BY, GENERATOR, REFER_TABLE, KEY_COLUMN, LOOKUP_COLUMN, MANDATORY, MIN_LENGTH, MAX_LENGTH, MIN_VALUE, MAX_VALUE, CONSTANT_VALUE, UNIQUE_KEY, CREATE_USER, CREATED_ON, LINE_NO, MANAGED, FIELD_PATH, DATA_TYPE, DATA1, DATA2, TRANSITIVE_FIELDS, FORMULA, ENTITY_LOOKUP_TYPE)
VALUES ('102e602b2c0844efaf892019294ce236', 0, '205f6b8eafda44fb847674c3435b5427', 'custMemoText7', 'CUST_MEMO_TEXT7', 'NVARCHAR2(1000)', 'CUSTOM_FIELD_MEMO_TEXT7', 0, 'string-l', '', '', '', '', '', '', '', 0, NULL, 1000, NULL, NULL, '', '', 'system', systimestamp, '121', 0, 'entity.custMemoText7', '', '', '', '', '', '');
INSERT INTO CNT_FIELD_DEFINITION
 (ID, REVISION, PARENT_ID, FIELD_ID, COLUMN_NAME, COLUMN_TYPE, REPORT_COLUMN_NAME, PRODUCT_FIELD, FIELD_TYPE, ENTITY_LOOKUP, ENTITY_LOOKUP_KEY, ORDER_BY, GENERATOR, REFER_TABLE, KEY_COLUMN, LOOKUP_COLUMN, MANDATORY, MIN_LENGTH, MAX_LENGTH, MIN_VALUE, MAX_VALUE, CONSTANT_VALUE, UNIQUE_KEY, CREATE_USER, CREATED_ON, LINE_NO, MANAGED, FIELD_PATH, DATA_TYPE, DATA1, DATA2, TRANSITIVE_FIELDS, FORMULA, ENTITY_LOOKUP_TYPE)
VALUES ('fa142a43c11c4a269e8f0aa139174f55', 0, '205f6b8eafda44fb847674c3435b5427', 'custHcl1', 'CUST_HCL1_ID', 'CHAR(32)', 'CUSTOM_FIELD_HCL_CODE_SYS_ID1', 0, 'entity', 'HclNode', 'id', '', '', '', '', '', 0, 32, 32, NULL, NULL, '', '', 'system', systimestamp, '122', 0, 'entity.custHcl1', '', '', '', '', '', '');
INSERT INTO CNT_FIELD_DEFINITION
 (ID, REVISION, PARENT_ID, FIELD_ID, COLUMN_NAME, COLUMN_TYPE, REPORT_COLUMN_NAME, PRODUCT_FIELD, FIELD_TYPE, ENTITY_LOOKUP, ENTITY_LOOKUP_KEY, ORDER_BY, GENERATOR, REFER_TABLE, KEY_COLUMN, LOOKUP_COLUMN, MANDATORY, MIN_LENGTH, MAX_LENGTH, MIN_VALUE, MAX_VALUE, CONSTANT_VALUE, UNIQUE_KEY, CREATE_USER, CREATED_ON, LINE_NO, MANAGED, FIELD_PATH, DATA_TYPE, DATA1, DATA2, TRANSITIVE_FIELDS, FORMULA, ENTITY_LOOKUP_TYPE)
VALUES ('2fb3df36b2994a58999db41dae599a9a', 0, '205f6b8eafda44fb847674c3435b5427', 'custHcl2', 'CUST_HCL2_ID', 'CHAR(32)', 'CUSTOM_FIELD_HCL_CODE_SYS_ID2', 0, 'entity', 'HclNode', 'id', '', '', '', '', '', 0, 32, 32, NULL, NULL, '', '', 'system', systimestamp, '123', 0, 'entity.custHcl2', '', '', '', '', '', '');
INSERT INTO CNT_FIELD_DEFINITION
 (ID, REVISION, PARENT_ID, FIELD_ID, COLUMN_NAME, COLUMN_TYPE, REPORT_COLUMN_NAME, PRODUCT_FIELD, FIELD_TYPE, ENTITY_LOOKUP, ENTITY_LOOKUP_KEY, ORDER_BY, GENERATOR, REFER_TABLE, KEY_COLUMN, LOOKUP_COLUMN, MANDATORY, MIN_LENGTH, MAX_LENGTH, MIN_VALUE, MAX_VALUE, CONSTANT_VALUE, UNIQUE_KEY, CREATE_USER, CREATED_ON, LINE_NO, MANAGED, FIELD_PATH, DATA_TYPE, DATA1, DATA2, TRANSITIVE_FIELDS, FORMULA, ENTITY_LOOKUP_TYPE)
VALUES ('0d07714e8d924dfdb6e582856222d2cf', 0, '205f6b8eafda44fb847674c3435b5427', 'custHcl3', 'CUST_HCL3_ID', 'CHAR(32)', 'CUSTOM_FIELD_HCL_CODE_SYS_ID3', 0, 'entity', 'HclNode', 'id', '', '', '', '', '', 0, 32, 32, NULL, NULL, '', '', 'system', systimestamp, '124', 0, 'entity.custHcl3', '', '', '', '', '', '');
INSERT INTO CNT_FIELD_DEFINITION
 (ID, REVISION, PARENT_ID, FIELD_ID, COLUMN_NAME, COLUMN_TYPE, REPORT_COLUMN_NAME, PRODUCT_FIELD, FIELD_TYPE, ENTITY_LOOKUP, ENTITY_LOOKUP_KEY, ORDER_BY, GENERATOR, REFER_TABLE, KEY_COLUMN, LOOKUP_COLUMN, MANDATORY, MIN_LENGTH, MAX_LENGTH, MIN_VALUE, MAX_VALUE, CONSTANT_VALUE, UNIQUE_KEY, CREATE_USER, CREATED_ON, LINE_NO, MANAGED, FIELD_PATH, DATA_TYPE, DATA1, DATA2, TRANSITIVE_FIELDS, FORMULA, ENTITY_LOOKUP_TYPE)
VALUES ('6b932da5ea9e4b57806a009004695de0', 0, '205f6b8eafda44fb847674c3435b5427', 'custHcl4', 'CUST_HCL4_ID', 'CHAR(32)', 'CUSTOM_FIELD_HCL_CODE_SYS_ID4', 0, 'entity', 'HclNode', 'id', '', '', '', '', '', 0, 32, 32, NULL, NULL, '', '', 'system', systimestamp, '125', 0, 'entity.custHcl4', '', '', '', '', '', '');
INSERT INTO CNT_FIELD_DEFINITION
 (ID, REVISION, PARENT_ID, FIELD_ID, COLUMN_NAME, COLUMN_TYPE, REPORT_COLUMN_NAME, PRODUCT_FIELD, FIELD_TYPE, ENTITY_LOOKUP, ENTITY_LOOKUP_KEY, ORDER_BY, GENERATOR, REFER_TABLE, KEY_COLUMN, LOOKUP_COLUMN, MANDATORY, MIN_LENGTH, MAX_LENGTH, MIN_VALUE, MAX_VALUE, CONSTANT_VALUE, UNIQUE_KEY, CREATE_USER, CREATED_ON, LINE_NO, MANAGED, FIELD_PATH, DATA_TYPE, DATA1, DATA2, TRANSITIVE_FIELDS, FORMULA, ENTITY_LOOKUP_TYPE)
VALUES ('e2a467aa89b5493780dc4a2da0d3cccd', 0, '205f6b8eafda44fb847674c3435b5427', 'custHcl5', 'CUST_HCL5_ID', 'CHAR(32)', 'CUSTOM_FIELD_HCL_CODE_SYS_ID5', 0, 'entity', 'HclNode', 'id', '', '', '', '', '', 0, 32, 32, NULL, NULL, '', '', 'system', systimestamp, '126', 0, 'entity.custHcl5', '', '', '', '', '', '');
INSERT INTO CNT_FIELD_DEFINITION
 (ID, REVISION, PARENT_ID, FIELD_ID, COLUMN_NAME, COLUMN_TYPE, REPORT_COLUMN_NAME, PRODUCT_FIELD, FIELD_TYPE, ENTITY_LOOKUP, ENTITY_LOOKUP_KEY, ORDER_BY, GENERATOR, REFER_TABLE, KEY_COLUMN, LOOKUP_COLUMN, MANDATORY, MIN_LENGTH, MAX_LENGTH, MIN_VALUE, MAX_VALUE, CONSTANT_VALUE, UNIQUE_KEY, CREATE_USER, CREATED_ON, LINE_NO, MANAGED, FIELD_PATH, DATA_TYPE, DATA1, DATA2, TRANSITIVE_FIELDS, FORMULA, ENTITY_LOOKUP_TYPE)
VALUES ('c65a21d68df1453e912899543aba900d', 0, '205f6b8eafda44fb847674c3435b5427', 'seasonName', 'SEASON_NAME', 'NVARCHAR2(400)', 'N/A', 1, 'string-m', '', '', '', '', '', '', '', 0, NULL, 400, NULL, NULL, '', '', 'system', systimestamp, '127', 0, 'entity.seasonName', '', '', '', '', '', '');
INSERT INTO CNT_FIELD_DEFINITION
 (ID, REVISION, PARENT_ID, FIELD_ID, COLUMN_NAME, COLUMN_TYPE, REPORT_COLUMN_NAME, PRODUCT_FIELD, FIELD_TYPE, ENTITY_LOOKUP, ENTITY_LOOKUP_KEY, ORDER_BY, GENERATOR, REFER_TABLE, KEY_COLUMN, LOOKUP_COLUMN, MANDATORY, MIN_LENGTH, MAX_LENGTH, MIN_VALUE, MAX_VALUE, CONSTANT_VALUE, UNIQUE_KEY, CREATE_USER, CREATED_ON, LINE_NO, MANAGED, FIELD_PATH, DATA_TYPE, DATA1, DATA2, TRANSITIVE_FIELDS, FORMULA, ENTITY_LOOKUP_TYPE)
VALUES ('40056375cb024fc3a8e2d204390cd745', 0, '205f6b8eafda44fb847674c3435b5427', 'fileRef', 'FILE_REF', 'NVARCHAR2(1000)', 'N/A', 1, 'string-l', '', '', '', '', '', '', '', 0, NULL, 1000, NULL, NULL, '', '', 'system', systimestamp, '128', 0, 'entity.fileRef', '', '', '', '', '', '');
INSERT INTO CNT_FIELD_DEFINITION
 (ID, REVISION, PARENT_ID, FIELD_ID, COLUMN_NAME, COLUMN_TYPE, REPORT_COLUMN_NAME, PRODUCT_FIELD, FIELD_TYPE, ENTITY_LOOKUP, ENTITY_LOOKUP_KEY, ORDER_BY, GENERATOR, REFER_TABLE, KEY_COLUMN, LOOKUP_COLUMN, MANDATORY, MIN_LENGTH, MAX_LENGTH, MIN_VALUE, MAX_VALUE, CONSTANT_VALUE, UNIQUE_KEY, CREATE_USER, CREATED_ON, LINE_NO, MANAGED, FIELD_PATH, DATA_TYPE, DATA1, DATA2, TRANSITIVE_FIELDS, FORMULA, ENTITY_LOOKUP_TYPE)
VALUES ('76793f77f008412d8161e2ed734e0521', 0, '205f6b8eafda44fb847674c3435b5427', 'fileVer', 'FILE_VER', 'NUMBER(20, 0)', 'N/A', 1, 'integer', '', '', '', '', '', '', '', 0, NULL, 18, NULL, NULL, '', '', 'system', systimestamp, '129', 0, 'entity.fileVer', '', '', '', '', '', '');
INSERT INTO CNT_FIELD_DEFINITION
 (ID, REVISION, PARENT_ID, FIELD_ID, COLUMN_NAME, COLUMN_TYPE, REPORT_COLUMN_NAME, PRODUCT_FIELD, FIELD_TYPE, ENTITY_LOOKUP, ENTITY_LOOKUP_KEY, ORDER_BY, GENERATOR, REFER_TABLE, KEY_COLUMN, LOOKUP_COLUMN, MANDATORY, MIN_LENGTH, MAX_LENGTH, MIN_VALUE, MAX_VALUE, CONSTANT_VALUE, UNIQUE_KEY, CREATE_USER, CREATED_ON, LINE_NO, MANAGED, FIELD_PATH, DATA_TYPE, DATA1, DATA2, TRANSITIVE_FIELDS, FORMULA, ENTITY_LOOKUP_TYPE)
VALUES ('5a79cd9c18dd42f2a204e54c756e678f', 0, '205f6b8eafda44fb847674c3435b5427', 'fileRef2', 'FILE_REF2', 'NVARCHAR2(1000)', 'N/A', 1, 'string-l', '', '', '', '', '', '', '', 0, NULL, 1000, NULL, NULL, '', '', 'system', systimestamp, '130', 0, 'entity.fileRef2', '', '', '', '', '', '');
INSERT INTO CNT_FIELD_DEFINITION
 (ID, REVISION, PARENT_ID, FIELD_ID, COLUMN_NAME, COLUMN_TYPE, REPORT_COLUMN_NAME, PRODUCT_FIELD, FIELD_TYPE, ENTITY_LOOKUP, ENTITY_LOOKUP_KEY, ORDER_BY, GENERATOR, REFER_TABLE, KEY_COLUMN, LOOKUP_COLUMN, MANDATORY, MIN_LENGTH, MAX_LENGTH, MIN_VALUE, MAX_VALUE, CONSTANT_VALUE, UNIQUE_KEY, CREATE_USER, CREATED_ON, LINE_NO, MANAGED, FIELD_PATH, DATA_TYPE, DATA1, DATA2, TRANSITIVE_FIELDS, FORMULA, ENTITY_LOOKUP_TYPE)
VALUES ('8322fda6e2b7424885976107e7910743', 0, '205f6b8eafda44fb847674c3435b5427', 'itemRef', 'ITEM_REF', 'NVARCHAR2(1000)', 'N/A', 1, 'string-l', '', '', '', '', '', '', '', 0, NULL, 1000, NULL, NULL, '', '', 'system', systimestamp, '131', 0, 'entity.itemRef', '', '', '', '', '', '');
INSERT INTO CNT_FIELD_DEFINITION
 (ID, REVISION, PARENT_ID, FIELD_ID, COLUMN_NAME, COLUMN_TYPE, REPORT_COLUMN_NAME, PRODUCT_FIELD, FIELD_TYPE, ENTITY_LOOKUP, ENTITY_LOOKUP_KEY, ORDER_BY, GENERATOR, REFER_TABLE, KEY_COLUMN, LOOKUP_COLUMN, MANDATORY, MIN_LENGTH, MAX_LENGTH, MIN_VALUE, MAX_VALUE, CONSTANT_VALUE, UNIQUE_KEY, CREATE_USER, CREATED_ON, LINE_NO, MANAGED, FIELD_PATH, DATA_TYPE, DATA1, DATA2, TRANSITIVE_FIELDS, FORMULA, ENTITY_LOOKUP_TYPE)
VALUES ('1ff0a9a1ef0f459c949372d58337d92d', 0, '205f6b8eafda44fb847674c3435b5427', 'itemVer', 'ITEM_VER', 'NUMBER(20, 0)', 'N/A', 1, 'integer', '', '', '', '', '', '', '', 0, NULL, 18, NULL, NULL, '', '', 'system', systimestamp, '132', 0, 'entity.itemVer', '', '', '', '', '', '');
INSERT INTO CNT_FIELD_DEFINITION
 (ID, REVISION, PARENT_ID, FIELD_ID, COLUMN_NAME, COLUMN_TYPE, REPORT_COLUMN_NAME, PRODUCT_FIELD, FIELD_TYPE, ENTITY_LOOKUP, ENTITY_LOOKUP_KEY, ORDER_BY, GENERATOR, REFER_TABLE, KEY_COLUMN, LOOKUP_COLUMN, MANDATORY, MIN_LENGTH, MAX_LENGTH, MIN_VALUE, MAX_VALUE, CONSTANT_VALUE, UNIQUE_KEY, CREATE_USER, CREATED_ON, LINE_NO, MANAGED, FIELD_PATH, DATA_TYPE, DATA1, DATA2, TRANSITIVE_FIELDS, FORMULA, ENTITY_LOOKUP_TYPE)
VALUES ('c5fb8e38bfbb46c9987d70d948625c61', 0, '205f6b8eafda44fb847674c3435b5427', 'specRef', 'SPEC_REF', 'NVARCHAR2(1000)', 'N/A', 1, 'string-l', '', '', '', '', '', '', '', 0, NULL, 1000, NULL, NULL, '', '', 'system', systimestamp, '133', 0, 'entity.specRef', '', '', '', '', '', '');
INSERT INTO CNT_FIELD_DEFINITION
 (ID, REVISION, PARENT_ID, FIELD_ID, COLUMN_NAME, COLUMN_TYPE, REPORT_COLUMN_NAME, PRODUCT_FIELD, FIELD_TYPE, ENTITY_LOOKUP, ENTITY_LOOKUP_KEY, ORDER_BY, GENERATOR, REFER_TABLE, KEY_COLUMN, LOOKUP_COLUMN, MANDATORY, MIN_LENGTH, MAX_LENGTH, MIN_VALUE, MAX_VALUE, CONSTANT_VALUE, UNIQUE_KEY, CREATE_USER, CREATED_ON, LINE_NO, MANAGED, FIELD_PATH, DATA_TYPE, DATA1, DATA2, TRANSITIVE_FIELDS, FORMULA, ENTITY_LOOKUP_TYPE)
VALUES ('59571d0e03c74a23b06bd12da59b4cac', 0, '205f6b8eafda44fb847674c3435b5427', 'specVer', 'SPEC_VER', 'NUMBER(20, 0)', 'N/A', 1, 'integer', '', '', '', '', '', '', '', 0, NULL, 18, NULL, NULL, '', '', 'system', systimestamp, '134', 0, 'entity.specVer', '', '', '', '', '', '');
INSERT INTO CNT_FIELD_DEFINITION
 (ID, REVISION, PARENT_ID, FIELD_ID, COLUMN_NAME, COLUMN_TYPE, REPORT_COLUMN_NAME, PRODUCT_FIELD, FIELD_TYPE, ENTITY_LOOKUP, ENTITY_LOOKUP_KEY, ORDER_BY, GENERATOR, REFER_TABLE, KEY_COLUMN, LOOKUP_COLUMN, MANDATORY, MIN_LENGTH, MAX_LENGTH, MIN_VALUE, MAX_VALUE, CONSTANT_VALUE, UNIQUE_KEY, CREATE_USER, CREATED_ON, LINE_NO, MANAGED, FIELD_PATH, DATA_TYPE, DATA1, DATA2, TRANSITIVE_FIELDS, FORMULA, ENTITY_LOOKUP_TYPE)
VALUES ('1d80b3c808b4434884b5c7a360ff9a8c', 0, '205f6b8eafda44fb847674c3435b5427', 'targetCurrencyName', 'TARGET_CURRENCY_NAME', 'NVARCHAR2(400)', 'N/A', 1, 'string-m', '', '', '', '', '', '', '', 0, NULL, 400, NULL, NULL, '', '', 'system', systimestamp, '135', 0, 'entity.targetCurrencyName', '', '', '', '', '', '');
INSERT INTO CNT_FIELD_DEFINITION
 (ID, REVISION, PARENT_ID, FIELD_ID, COLUMN_NAME, COLUMN_TYPE, REPORT_COLUMN_NAME, PRODUCT_FIELD, FIELD_TYPE, ENTITY_LOOKUP, ENTITY_LOOKUP_KEY, ORDER_BY, GENERATOR, REFER_TABLE, KEY_COLUMN, LOOKUP_COLUMN, MANDATORY, MIN_LENGTH, MAX_LENGTH, MIN_VALUE, MAX_VALUE, CONSTANT_VALUE, UNIQUE_KEY, CREATE_USER, CREATED_ON, LINE_NO, MANAGED, FIELD_PATH, DATA_TYPE, DATA1, DATA2, TRANSITIVE_FIELDS, FORMULA, ENTITY_LOOKUP_TYPE)
VALUES ('d0c7252ca90742cda9812b846fe69092', 0, '205f6b8eafda44fb847674c3435b5427', 'elcCurrencyName', 'ELC_CURRENCY_NAME', 'NVARCHAR2(400)', 'N/A', 1, 'string-m', '', '', '', '', '', '', '', 0, NULL, 400, NULL, NULL, '', '', 'system', systimestamp, '136', 0, 'entity.elcCurrencyName', '', '', '', '', '', '');
INSERT INTO CNT_FIELD_DEFINITION
 (ID, REVISION, PARENT_ID, FIELD_ID, COLUMN_NAME, COLUMN_TYPE, REPORT_COLUMN_NAME, PRODUCT_FIELD, FIELD_TYPE, ENTITY_LOOKUP, ENTITY_LOOKUP_KEY, ORDER_BY, GENERATOR, REFER_TABLE, KEY_COLUMN, LOOKUP_COLUMN, MANDATORY, MIN_LENGTH, MAX_LENGTH, MIN_VALUE, MAX_VALUE, CONSTANT_VALUE, UNIQUE_KEY, CREATE_USER, CREATED_ON, LINE_NO, MANAGED, FIELD_PATH, DATA_TYPE, DATA1, DATA2, TRANSITIVE_FIELDS, FORMULA, ENTITY_LOOKUP_TYPE)
VALUES ('6494434adf8f42c791a07ea57089f9ff', 0, '205f6b8eafda44fb847674c3435b5427', 'targetDelTermName', 'TARGET_DEL_TERM_NAME', 'NVARCHAR2(400)', 'N/A', 1, 'string-m', '', '', '', '', '', '', '', 0, NULL, 400, NULL, NULL, '', '', 'system', systimestamp, '137', 0, 'entity.targetDelTermName', '', '', '', '', '', '');
INSERT INTO CNT_FIELD_DEFINITION
 (ID, REVISION, PARENT_ID, FIELD_ID, COLUMN_NAME, COLUMN_TYPE, REPORT_COLUMN_NAME, PRODUCT_FIELD, FIELD_TYPE, ENTITY_LOOKUP, ENTITY_LOOKUP_KEY, ORDER_BY, GENERATOR, REFER_TABLE, KEY_COLUMN, LOOKUP_COLUMN, MANDATORY, MIN_LENGTH, MAX_LENGTH, MIN_VALUE, MAX_VALUE, CONSTANT_VALUE, UNIQUE_KEY, CREATE_USER, CREATED_ON, LINE_NO, MANAGED, FIELD_PATH, DATA_TYPE, DATA1, DATA2, TRANSITIVE_FIELDS, FORMULA, ENTITY_LOOKUP_TYPE)
VALUES ('2b1f9c9b9ad64e289efb3614de5f4394', 0, '205f6b8eafda44fb847674c3435b5427', 'estPackTypeName', 'EST_PACK_TYPE_NAME', 'NVARCHAR2(400)', 'N/A', 1, 'string-m', '', '', '', '', '', '', '', 0, NULL, 400, NULL, NULL, '', '', 'system', systimestamp, '138', 0, 'entity.estPackTypeName', '', '', '', '', '', '');
INSERT INTO CNT_FIELD_DEFINITION
 (ID, REVISION, PARENT_ID, FIELD_ID, COLUMN_NAME, COLUMN_TYPE, REPORT_COLUMN_NAME, PRODUCT_FIELD, FIELD_TYPE, ENTITY_LOOKUP, ENTITY_LOOKUP_KEY, ORDER_BY, GENERATOR, REFER_TABLE, KEY_COLUMN, LOOKUP_COLUMN, MANDATORY, MIN_LENGTH, MAX_LENGTH, MIN_VALUE, MAX_VALUE, CONSTANT_VALUE, UNIQUE_KEY, CREATE_USER, CREATED_ON, LINE_NO, MANAGED, FIELD_PATH, DATA_TYPE, DATA1, DATA2, TRANSITIVE_FIELDS, FORMULA, ENTITY_LOOKUP_TYPE)
VALUES ('4478403da57547edb22b3652cf81e491', 0, '205f6b8eafda44fb847674c3435b5427', 'processingName', 'PROCESSING_NAME', 'NVARCHAR2(400)', 'N/A', 1, 'string-m', '', '', '', '', '', '', '', 0, NULL, 400, NULL, NULL, '', '', 'system', systimestamp, '139', 0, 'entity.processingName', '', '', '', '', '', '');
INSERT INTO CNT_FIELD_DEFINITION
 (ID, REVISION, PARENT_ID, FIELD_ID, COLUMN_NAME, COLUMN_TYPE, REPORT_COLUMN_NAME, PRODUCT_FIELD, FIELD_TYPE, ENTITY_LOOKUP, ENTITY_LOOKUP_KEY, ORDER_BY, GENERATOR, REFER_TABLE, KEY_COLUMN, LOOKUP_COLUMN, MANDATORY, MIN_LENGTH, MAX_LENGTH, MIN_VALUE, MAX_VALUE, CONSTANT_VALUE, UNIQUE_KEY, CREATE_USER, CREATED_ON, LINE_NO, MANAGED, FIELD_PATH, DATA_TYPE, DATA1, DATA2, TRANSITIVE_FIELDS, FORMULA, ENTITY_LOOKUP_TYPE)
VALUES ('d429fa31362749969182f9b08534fec8', 0, '205f6b8eafda44fb847674c3435b5427', 'merchandiseHierarchyRef', 'MERCHANDISE_HIERARCHY_REF', 'NVARCHAR2(1000)', 'N/A', 1, 'string-l', '', '', '', '', '', '', '', 0, NULL, 1000, NULL, NULL, '', '', 'system', systimestamp, '140', 0, 'entity.merchandiseHierarchyRef', '', '', '', '', '', '');
INSERT INTO CNT_FIELD_DEFINITION
 (ID, REVISION, PARENT_ID, FIELD_ID, COLUMN_NAME, COLUMN_TYPE, REPORT_COLUMN_NAME, PRODUCT_FIELD, FIELD_TYPE, ENTITY_LOOKUP, ENTITY_LOOKUP_KEY, ORDER_BY, GENERATOR, REFER_TABLE, KEY_COLUMN, LOOKUP_COLUMN, MANDATORY, MIN_LENGTH, MAX_LENGTH, MIN_VALUE, MAX_VALUE, CONSTANT_VALUE, UNIQUE_KEY, CREATE_USER, CREATED_ON, LINE_NO, MANAGED, FIELD_PATH, DATA_TYPE, DATA1, DATA2, TRANSITIVE_FIELDS, FORMULA, ENTITY_LOOKUP_TYPE)
VALUES ('3770473ab116428c984fe0e08a2fd710', 0, '205f6b8eafda44fb847674c3435b5427', 'merchandiseHierarchyVer', 'MERCHANDISE_HIERARCHY_VER', 'NUMBER(20, 0)', 'N/A', 1, 'integer', '', '', '', '', '', '', '', 0, NULL, 18, NULL, NULL, '', '', 'system', systimestamp, '141', 0, 'entity.merchandiseHierarchyVer', '', '', '', '', '', '');
INSERT INTO CNT_FIELD_DEFINITION
 (ID, REVISION, PARENT_ID, FIELD_ID, COLUMN_NAME, COLUMN_TYPE, REPORT_COLUMN_NAME, PRODUCT_FIELD, FIELD_TYPE, ENTITY_LOOKUP, ENTITY_LOOKUP_KEY, ORDER_BY, GENERATOR, REFER_TABLE, KEY_COLUMN, LOOKUP_COLUMN, MANDATORY, MIN_LENGTH, MAX_LENGTH, MIN_VALUE, MAX_VALUE, CONSTANT_VALUE, UNIQUE_KEY, CREATE_USER, CREATED_ON, LINE_NO, MANAGED, FIELD_PATH, DATA_TYPE, DATA1, DATA2, TRANSITIVE_FIELDS, FORMULA, ENTITY_LOOKUP_TYPE)
VALUES ('db536df830b4419e9b7481051485ec1e', 0, '205f6b8eafda44fb847674c3435b5427', 'merchandiseHierarchyRef2', 'MERCHANDISE_HIERARCHY_REF2', 'NVARCHAR2(1000)', 'N/A', 1, 'string-l', '', '', '', '', '', '', '', 0, NULL, 1000, NULL, NULL, '', '', 'system', systimestamp, '142', 0, 'entity.merchandiseHierarchyRef2', '', '', '', '', '', '');
INSERT INTO CNT_FIELD_DEFINITION
 (ID, REVISION, PARENT_ID, FIELD_ID, COLUMN_NAME, COLUMN_TYPE, REPORT_COLUMN_NAME, PRODUCT_FIELD, FIELD_TYPE, ENTITY_LOOKUP, ENTITY_LOOKUP_KEY, ORDER_BY, GENERATOR, REFER_TABLE, KEY_COLUMN, LOOKUP_COLUMN, MANDATORY, MIN_LENGTH, MAX_LENGTH, MIN_VALUE, MAX_VALUE, CONSTANT_VALUE, UNIQUE_KEY, CREATE_USER, CREATED_ON, LINE_NO, MANAGED, FIELD_PATH, DATA_TYPE, DATA1, DATA2, TRANSITIVE_FIELDS, FORMULA, ENTITY_LOOKUP_TYPE)
VALUES ('656507f6046a48bc9977685fbe648fe0', 0, '205f6b8eafda44fb847674c3435b5427', 'merchandiseHierarchFullLineage', 'MERCHANDISE_HIERARCH_FULL_L_0', 'NVARCHAR2(1000)', 'N/A', 1, 'string-l', '', '', '', '', '', '', '', 0, NULL, 1000, NULL, NULL, '', '', 'system', systimestamp, '143', 0, 'entity.merchandiseHierarchFullLineage', '', '', '', '', '', '');
INSERT INTO CNT_FIELD_DEFINITION
 (ID, REVISION, PARENT_ID, FIELD_ID, COLUMN_NAME, COLUMN_TYPE, REPORT_COLUMN_NAME, PRODUCT_FIELD, FIELD_TYPE, ENTITY_LOOKUP, ENTITY_LOOKUP_KEY, ORDER_BY, GENERATOR, REFER_TABLE, KEY_COLUMN, LOOKUP_COLUMN, MANDATORY, MIN_LENGTH, MAX_LENGTH, MIN_VALUE, MAX_VALUE, CONSTANT_VALUE, UNIQUE_KEY, CREATE_USER, CREATED_ON, LINE_NO, MANAGED, FIELD_PATH, DATA_TYPE, DATA1, DATA2, TRANSITIVE_FIELDS, FORMULA, ENTITY_LOOKUP_TYPE)
VALUES ('8a9358b9c1f141cc8beefd4ef7c983e0', 0, '205f6b8eafda44fb847674c3435b5427', 'buyerValue', 'BUYER_VALUE', 'NVARCHAR2(1000)', 'N/A', 1, 'string-l', '', '', '', '', '', '', '', 0, NULL, 1000, NULL, NULL, '', '', 'system', systimestamp, '144', 0, 'entity.buyerValue', '', '', '', '', '', '');
INSERT INTO CNT_FIELD_DEFINITION
 (ID, REVISION, PARENT_ID, FIELD_ID, COLUMN_NAME, COLUMN_TYPE, REPORT_COLUMN_NAME, PRODUCT_FIELD, FIELD_TYPE, ENTITY_LOOKUP, ENTITY_LOOKUP_KEY, ORDER_BY, GENERATOR, REFER_TABLE, KEY_COLUMN, LOOKUP_COLUMN, MANDATORY, MIN_LENGTH, MAX_LENGTH, MIN_VALUE, MAX_VALUE, CONSTANT_VALUE, UNIQUE_KEY, CREATE_USER, CREATED_ON, LINE_NO, MANAGED, FIELD_PATH, DATA_TYPE, DATA1, DATA2, TRANSITIVE_FIELDS, FORMULA, ENTITY_LOOKUP_TYPE)
VALUES ('8388c282570243d78749b7445426a474', 0, '205f6b8eafda44fb847674c3435b5427', 'plannerValue', 'PLANNER_VALUE', 'NVARCHAR2(1000)', 'N/A', 1, 'string-l', '', '', '', '', '', '', '', 0, NULL, 1000, NULL, NULL, '', '', 'system', systimestamp, '145', 0, 'entity.plannerValue', '', '', '', '', '', '');
INSERT INTO CNT_FIELD_DEFINITION
 (ID, REVISION, PARENT_ID, FIELD_ID, COLUMN_NAME, COLUMN_TYPE, REPORT_COLUMN_NAME, PRODUCT_FIELD, FIELD_TYPE, ENTITY_LOOKUP, ENTITY_LOOKUP_KEY, ORDER_BY, GENERATOR, REFER_TABLE, KEY_COLUMN, LOOKUP_COLUMN, MANDATORY, MIN_LENGTH, MAX_LENGTH, MIN_VALUE, MAX_VALUE, CONSTANT_VALUE, UNIQUE_KEY, CREATE_USER, CREATED_ON, LINE_NO, MANAGED, FIELD_PATH, DATA_TYPE, DATA1, DATA2, TRANSITIVE_FIELDS, FORMULA, ENTITY_LOOKUP_TYPE)
VALUES ('e5bdb4da9c1443d5a64b59fd6503c350', 0, '205f6b8eafda44fb847674c3435b5427', 'productDeveloperValue', 'PRODUCT_DEVELOPER_VALUE', 'NVARCHAR2(1000)', 'N/A', 1, 'string-l', '', '', '', '', '', '', '', 0, NULL, 1000, NULL, NULL, '', '', 'system', systimestamp, '146', 0, 'entity.productDeveloperValue', '', '', '', '', '', '');
INSERT INTO CNT_FIELD_DEFINITION
 (ID, REVISION, PARENT_ID, FIELD_ID, COLUMN_NAME, COLUMN_TYPE, REPORT_COLUMN_NAME, PRODUCT_FIELD, FIELD_TYPE, ENTITY_LOOKUP, ENTITY_LOOKUP_KEY, ORDER_BY, GENERATOR, REFER_TABLE, KEY_COLUMN, LOOKUP_COLUMN, MANDATORY, MIN_LENGTH, MAX_LENGTH, MIN_VALUE, MAX_VALUE, CONSTANT_VALUE, UNIQUE_KEY, CREATE_USER, CREATED_ON, LINE_NO, MANAGED, FIELD_PATH, DATA_TYPE, DATA1, DATA2, TRANSITIVE_FIELDS, FORMULA, ENTITY_LOOKUP_TYPE)
VALUES ('7728e5fc57174299b0eeb71b8139f0c2', 0, '205f6b8eafda44fb847674c3435b5427', 'designStylistValue', 'DESIGN_STYLIST_VALUE', 'NVARCHAR2(1000)', 'N/A', 1, 'string-l', '', '', '', '', '', '', '', 0, NULL, 1000, NULL, NULL, '', '', 'system', systimestamp, '147', 0, 'entity.designStylistValue', '', '', '', '', '', '');
INSERT INTO CNT_FIELD_DEFINITION
 (ID, REVISION, PARENT_ID, FIELD_ID, COLUMN_NAME, COLUMN_TYPE, REPORT_COLUMN_NAME, PRODUCT_FIELD, FIELD_TYPE, ENTITY_LOOKUP, ENTITY_LOOKUP_KEY, ORDER_BY, GENERATOR, REFER_TABLE, KEY_COLUMN, LOOKUP_COLUMN, MANDATORY, MIN_LENGTH, MAX_LENGTH, MIN_VALUE, MAX_VALUE, CONSTANT_VALUE, UNIQUE_KEY, CREATE_USER, CREATED_ON, LINE_NO, MANAGED, FIELD_PATH, DATA_TYPE, DATA1, DATA2, TRANSITIVE_FIELDS, FORMULA, ENTITY_LOOKUP_TYPE)
VALUES ('0ea8913f98284eb5bb165711fdf3b4a8', 0, '205f6b8eafda44fb847674c3435b5427', 'technicalDesignerValue', 'TECHNICAL_DESIGNER_VALUE', 'NVARCHAR2(1000)', 'N/A', 1, 'string-l', '', '', '', '', '', '', '', 0, NULL, 1000, NULL, NULL, '', '', 'system', systimestamp, '148', 0, 'entity.technicalDesignerValue', '', '', '', '', '', '');
INSERT INTO CNT_FIELD_DEFINITION
 (ID, REVISION, PARENT_ID, FIELD_ID, COLUMN_NAME, COLUMN_TYPE, REPORT_COLUMN_NAME, PRODUCT_FIELD, FIELD_TYPE, ENTITY_LOOKUP, ENTITY_LOOKUP_KEY, ORDER_BY, GENERATOR, REFER_TABLE, KEY_COLUMN, LOOKUP_COLUMN, MANDATORY, MIN_LENGTH, MAX_LENGTH, MIN_VALUE, MAX_VALUE, CONSTANT_VALUE, UNIQUE_KEY, CREATE_USER, CREATED_ON, LINE_NO, MANAGED, FIELD_PATH, DATA_TYPE, DATA1, DATA2, TRANSITIVE_FIELDS, FORMULA, ENTITY_LOOKUP_TYPE)
VALUES ('05298c293abe40e2af21f478670f750f', 0, '205f6b8eafda44fb847674c3435b5427', 'artworkDesignerValue', 'ARTWORK_DESIGNER_VALUE', 'NVARCHAR2(1000)', 'N/A', 1, 'string-l', '', '', '', '', '', '', '', 0, NULL, 1000, NULL, NULL, '', '', 'system', systimestamp, '149', 0, 'entity.artworkDesignerValue', '', '', '', '', '', '');
INSERT INTO CNT_FIELD_DEFINITION
 (ID, REVISION, PARENT_ID, FIELD_ID, COLUMN_NAME, COLUMN_TYPE, REPORT_COLUMN_NAME, PRODUCT_FIELD, FIELD_TYPE, ENTITY_LOOKUP, ENTITY_LOOKUP_KEY, ORDER_BY, GENERATOR, REFER_TABLE, KEY_COLUMN, LOOKUP_COLUMN, MANDATORY, MIN_LENGTH, MAX_LENGTH, MIN_VALUE, MAX_VALUE, CONSTANT_VALUE, UNIQUE_KEY, CREATE_USER, CREATED_ON, LINE_NO, MANAGED, FIELD_PATH, DATA_TYPE, DATA1, DATA2, TRANSITIVE_FIELDS, FORMULA, ENTITY_LOOKUP_TYPE)
VALUES ('e6116acf89c84d448f28bbf6fd953d24', 0, '205f6b8eafda44fb847674c3435b5427', 'seniorMerchandiserValue', 'SENIOR_MERCHANDISER_VALUE', 'NVARCHAR2(1000)', 'N/A', 1, 'string-l', '', '', '', '', '', '', '', 0, NULL, 1000, NULL, NULL, '', '', 'system', systimestamp, '150', 0, 'entity.seniorMerchandiserValue', '', '', '', '', '', '');
INSERT INTO CNT_FIELD_DEFINITION
 (ID, REVISION, PARENT_ID, FIELD_ID, COLUMN_NAME, COLUMN_TYPE, REPORT_COLUMN_NAME, PRODUCT_FIELD, FIELD_TYPE, ENTITY_LOOKUP, ENTITY_LOOKUP_KEY, ORDER_BY, GENERATOR, REFER_TABLE, KEY_COLUMN, LOOKUP_COLUMN, MANDATORY, MIN_LENGTH, MAX_LENGTH, MIN_VALUE, MAX_VALUE, CONSTANT_VALUE, UNIQUE_KEY, CREATE_USER, CREATED_ON, LINE_NO, MANAGED, FIELD_PATH, DATA_TYPE, DATA1, DATA2, TRANSITIVE_FIELDS, FORMULA, ENTITY_LOOKUP_TYPE)
VALUES ('0efb7d45ec33408f9fda857de1721902', 0, '205f6b8eafda44fb847674c3435b5427', 'merchandiserValue', 'MERCHANDISER_VALUE', 'NVARCHAR2(1000)', 'N/A', 1, 'string-l', '', '', '', '', '', '', '', 0, NULL, 1000, NULL, NULL, '', '', 'system', systimestamp, '151', 0, 'entity.merchandiserValue', '', '', '', '', '', '');
INSERT INTO CNT_FIELD_DEFINITION
 (ID, REVISION, PARENT_ID, FIELD_ID, COLUMN_NAME, COLUMN_TYPE, REPORT_COLUMN_NAME, PRODUCT_FIELD, FIELD_TYPE, ENTITY_LOOKUP, ENTITY_LOOKUP_KEY, ORDER_BY, GENERATOR, REFER_TABLE, KEY_COLUMN, LOOKUP_COLUMN, MANDATORY, MIN_LENGTH, MAX_LENGTH, MIN_VALUE, MAX_VALUE, CONSTANT_VALUE, UNIQUE_KEY, CREATE_USER, CREATED_ON, LINE_NO, MANAGED, FIELD_PATH, DATA_TYPE, DATA1, DATA2, TRANSITIVE_FIELDS, FORMULA, ENTITY_LOOKUP_TYPE)
VALUES ('3e3f7d39cd2e43608a7fff7073d2529c', 0, '205f6b8eafda44fb847674c3435b5427', 'qaOfficerValue', 'QA_OFFICER_VALUE', 'NVARCHAR2(1000)', 'N/A', 1, 'string-l', '', '', '', '', '', '', '', 0, NULL, 1000, NULL, NULL, '', '', 'system', systimestamp, '152', 0, 'entity.qaOfficerValue', '', '', '', '', '', '');
INSERT INTO CNT_FIELD_DEFINITION
 (ID, REVISION, PARENT_ID, FIELD_ID, COLUMN_NAME, COLUMN_TYPE, REPORT_COLUMN_NAME, PRODUCT_FIELD, FIELD_TYPE, ENTITY_LOOKUP, ENTITY_LOOKUP_KEY, ORDER_BY, GENERATOR, REFER_TABLE, KEY_COLUMN, LOOKUP_COLUMN, MANDATORY, MIN_LENGTH, MAX_LENGTH, MIN_VALUE, MAX_VALUE, CONSTANT_VALUE, UNIQUE_KEY, CREATE_USER, CREATED_ON, LINE_NO, MANAGED, FIELD_PATH, DATA_TYPE, DATA1, DATA2, TRANSITIVE_FIELDS, FORMULA, ENTITY_LOOKUP_TYPE)
VALUES ('3229c1963e0e47d9a8efcf575813e8be', 0, '205f6b8eafda44fb847674c3435b5427', 'inspectorValue', 'INSPECTOR_VALUE', 'NVARCHAR2(1000)', 'N/A', 1, 'string-l', '', '', '', '', '', '', '', 0, NULL, 1000, NULL, NULL, '', '', 'system', systimestamp, '153', 0, 'entity.inspectorValue', '', '', '', '', '', '');
INSERT INTO CNT_FIELD_DEFINITION
 (ID, REVISION, PARENT_ID, FIELD_ID, COLUMN_NAME, COLUMN_TYPE, REPORT_COLUMN_NAME, PRODUCT_FIELD, FIELD_TYPE, ENTITY_LOOKUP, ENTITY_LOOKUP_KEY, ORDER_BY, GENERATOR, REFER_TABLE, KEY_COLUMN, LOOKUP_COLUMN, MANDATORY, MIN_LENGTH, MAX_LENGTH, MIN_VALUE, MAX_VALUE, CONSTANT_VALUE, UNIQUE_KEY, CREATE_USER, CREATED_ON, LINE_NO, MANAGED, FIELD_PATH, DATA_TYPE, DATA1, DATA2, TRANSITIVE_FIELDS, FORMULA, ENTITY_LOOKUP_TYPE)
VALUES ('70acc36f44a3427c98380f891b21819b', 0, '205f6b8eafda44fb847674c3435b5427', 'custCodelist1Name', 'CUST_CODELIST1_NAME', 'NVARCHAR2(400)', 'N/A', 0, 'string-m', '', '', '', '', '', '', '', 0, NULL, 400, NULL, NULL, '', '', 'system', systimestamp, '154', 0, 'entity.custCodelist1Name', '', '', '', '', '', '');
INSERT INTO CNT_FIELD_DEFINITION
 (ID, REVISION, PARENT_ID, FIELD_ID, COLUMN_NAME, COLUMN_TYPE, REPORT_COLUMN_NAME, PRODUCT_FIELD, FIELD_TYPE, ENTITY_LOOKUP, ENTITY_LOOKUP_KEY, ORDER_BY, GENERATOR, REFER_TABLE, KEY_COLUMN, LOOKUP_COLUMN, MANDATORY, MIN_LENGTH, MAX_LENGTH, MIN_VALUE, MAX_VALUE, CONSTANT_VALUE, UNIQUE_KEY, CREATE_USER, CREATED_ON, LINE_NO, MANAGED, FIELD_PATH, DATA_TYPE, DATA1, DATA2, TRANSITIVE_FIELDS, FORMULA, ENTITY_LOOKUP_TYPE)
VALUES ('f34f75f4f7774b4ea836a534b7fcb2e2', 0, '205f6b8eafda44fb847674c3435b5427', 'custCodelist2Name', 'CUST_CODELIST2_NAME', 'NVARCHAR2(400)', 'N/A', 0, 'string-m', '', '', '', '', '', '', '', 0, NULL, 400, NULL, NULL, '', '', 'system', systimestamp, '155', 0, 'entity.custCodelist2Name', '', '', '', '', '', '');
INSERT INTO CNT_FIELD_DEFINITION
 (ID, REVISION, PARENT_ID, FIELD_ID, COLUMN_NAME, COLUMN_TYPE, REPORT_COLUMN_NAME, PRODUCT_FIELD, FIELD_TYPE, ENTITY_LOOKUP, ENTITY_LOOKUP_KEY, ORDER_BY, GENERATOR, REFER_TABLE, KEY_COLUMN, LOOKUP_COLUMN, MANDATORY, MIN_LENGTH, MAX_LENGTH, MIN_VALUE, MAX_VALUE, CONSTANT_VALUE, UNIQUE_KEY, CREATE_USER, CREATED_ON, LINE_NO, MANAGED, FIELD_PATH, DATA_TYPE, DATA1, DATA2, TRANSITIVE_FIELDS, FORMULA, ENTITY_LOOKUP_TYPE)
VALUES ('bcc0cf2fa21c432590c154db4c1c0bde', 0, '205f6b8eafda44fb847674c3435b5427', 'custCodelist3Name', 'CUST_CODELIST3_NAME', 'NVARCHAR2(400)', 'N/A', 0, 'string-m', '', '', '', '', '', '', '', 0, NULL, 400, NULL, NULL, '', '', 'system', systimestamp, '156', 0, 'entity.custCodelist3Name', '', '', '', '', '', '');
INSERT INTO CNT_FIELD_DEFINITION
 (ID, REVISION, PARENT_ID, FIELD_ID, COLUMN_NAME, COLUMN_TYPE, REPORT_COLUMN_NAME, PRODUCT_FIELD, FIELD_TYPE, ENTITY_LOOKUP, ENTITY_LOOKUP_KEY, ORDER_BY, GENERATOR, REFER_TABLE, KEY_COLUMN, LOOKUP_COLUMN, MANDATORY, MIN_LENGTH, MAX_LENGTH, MIN_VALUE, MAX_VALUE, CONSTANT_VALUE, UNIQUE_KEY, CREATE_USER, CREATED_ON, LINE_NO, MANAGED, FIELD_PATH, DATA_TYPE, DATA1, DATA2, TRANSITIVE_FIELDS, FORMULA, ENTITY_LOOKUP_TYPE)
VALUES ('09f86efd27084473ad946f440a2a4e66', 0, '205f6b8eafda44fb847674c3435b5427', 'custCodelist4Name', 'CUST_CODELIST4_NAME', 'NVARCHAR2(400)', 'N/A', 0, 'string-m', '', '', '', '', '', '', '', 0, NULL, 400, NULL, NULL, '', '', 'system', systimestamp, '157', 0, 'entity.custCodelist4Name', '', '', '', '', '', '');
INSERT INTO CNT_FIELD_DEFINITION
 (ID, REVISION, PARENT_ID, FIELD_ID, COLUMN_NAME, COLUMN_TYPE, REPORT_COLUMN_NAME, PRODUCT_FIELD, FIELD_TYPE, ENTITY_LOOKUP, ENTITY_LOOKUP_KEY, ORDER_BY, GENERATOR, REFER_TABLE, KEY_COLUMN, LOOKUP_COLUMN, MANDATORY, MIN_LENGTH, MAX_LENGTH, MIN_VALUE, MAX_VALUE, CONSTANT_VALUE, UNIQUE_KEY, CREATE_USER, CREATED_ON, LINE_NO, MANAGED, FIELD_PATH, DATA_TYPE, DATA1, DATA2, TRANSITIVE_FIELDS, FORMULA, ENTITY_LOOKUP_TYPE)
VALUES ('ab82fe2a43254912bda987c6adbbdede', 0, '205f6b8eafda44fb847674c3435b5427', 'custCodelist5Name', 'CUST_CODELIST5_NAME', 'NVARCHAR2(400)', 'N/A', 0, 'string-m', '', '', '', '', '', '', '', 0, NULL, 400, NULL, NULL, '', '', 'system', systimestamp, '158', 0, 'entity.custCodelist5Name', '', '', '', '', '', '');
INSERT INTO CNT_FIELD_DEFINITION
 (ID, REVISION, PARENT_ID, FIELD_ID, COLUMN_NAME, COLUMN_TYPE, REPORT_COLUMN_NAME, PRODUCT_FIELD, FIELD_TYPE, ENTITY_LOOKUP, ENTITY_LOOKUP_KEY, ORDER_BY, GENERATOR, REFER_TABLE, KEY_COLUMN, LOOKUP_COLUMN, MANDATORY, MIN_LENGTH, MAX_LENGTH, MIN_VALUE, MAX_VALUE, CONSTANT_VALUE, UNIQUE_KEY, CREATE_USER, CREATED_ON, LINE_NO, MANAGED, FIELD_PATH, DATA_TYPE, DATA1, DATA2, TRANSITIVE_FIELDS, FORMULA, ENTITY_LOOKUP_TYPE)
VALUES ('a95a529f89d44ab59a79136cb80af4c9', 0, '205f6b8eafda44fb847674c3435b5427', 'custCodelist6Name', 'CUST_CODELIST6_NAME', 'NVARCHAR2(400)', 'N/A', 0, 'string-m', '', '', '', '', '', '', '', 0, NULL, 400, NULL, NULL, '', '', 'system', systimestamp, '159', 0, 'entity.custCodelist6Name', '', '', '', '', '', '');
INSERT INTO CNT_FIELD_DEFINITION
 (ID, REVISION, PARENT_ID, FIELD_ID, COLUMN_NAME, COLUMN_TYPE, REPORT_COLUMN_NAME, PRODUCT_FIELD, FIELD_TYPE, ENTITY_LOOKUP, ENTITY_LOOKUP_KEY, ORDER_BY, GENERATOR, REFER_TABLE, KEY_COLUMN, LOOKUP_COLUMN, MANDATORY, MIN_LENGTH, MAX_LENGTH, MIN_VALUE, MAX_VALUE, CONSTANT_VALUE, UNIQUE_KEY, CREATE_USER, CREATED_ON, LINE_NO, MANAGED, FIELD_PATH, DATA_TYPE, DATA1, DATA2, TRANSITIVE_FIELDS, FORMULA, ENTITY_LOOKUP_TYPE)
VALUES ('67fd663abc77435781f227e0dce9a268', 0, '205f6b8eafda44fb847674c3435b5427', 'custCodelist7Name', 'CUST_CODELIST7_NAME', 'NVARCHAR2(400)', 'N/A', 0, 'string-m', '', '', '', '', '', '', '', 0, NULL, 400, NULL, NULL, '', '', 'system', systimestamp, '160', 0, 'entity.custCodelist7Name', '', '', '', '', '', '');
INSERT INTO CNT_FIELD_DEFINITION
 (ID, REVISION, PARENT_ID, FIELD_ID, COLUMN_NAME, COLUMN_TYPE, REPORT_COLUMN_NAME, PRODUCT_FIELD, FIELD_TYPE, ENTITY_LOOKUP, ENTITY_LOOKUP_KEY, ORDER_BY, GENERATOR, REFER_TABLE, KEY_COLUMN, LOOKUP_COLUMN, MANDATORY, MIN_LENGTH, MAX_LENGTH, MIN_VALUE, MAX_VALUE, CONSTANT_VALUE, UNIQUE_KEY, CREATE_USER, CREATED_ON, LINE_NO, MANAGED, FIELD_PATH, DATA_TYPE, DATA1, DATA2, TRANSITIVE_FIELDS, FORMULA, ENTITY_LOOKUP_TYPE)
VALUES ('81472f0c282f4074ae7f40810e381ef4', 0, '205f6b8eafda44fb847674c3435b5427', 'custHcl1Ref', 'CUST_HCL1_REF', 'NVARCHAR2(1000)', 'N/A', 0, 'string-l', '', '', '', '', '', '', '', 0, NULL, 1000, NULL, NULL, '', '', 'system', systimestamp, '161', 0, 'entity.custHcl1Ref', '', '', '', '', '', '');
INSERT INTO CNT_FIELD_DEFINITION
 (ID, REVISION, PARENT_ID, FIELD_ID, COLUMN_NAME, COLUMN_TYPE, REPORT_COLUMN_NAME, PRODUCT_FIELD, FIELD_TYPE, ENTITY_LOOKUP, ENTITY_LOOKUP_KEY, ORDER_BY, GENERATOR, REFER_TABLE, KEY_COLUMN, LOOKUP_COLUMN, MANDATORY, MIN_LENGTH, MAX_LENGTH, MIN_VALUE, MAX_VALUE, CONSTANT_VALUE, UNIQUE_KEY, CREATE_USER, CREATED_ON, LINE_NO, MANAGED, FIELD_PATH, DATA_TYPE, DATA1, DATA2, TRANSITIVE_FIELDS, FORMULA, ENTITY_LOOKUP_TYPE)
VALUES ('c99ddd9a5c5747cbb4cd468105ff56ec', 0, '205f6b8eafda44fb847674c3435b5427', 'custHcl1Ver', 'CUST_HCL1_VER', 'NUMBER(20, 0)', 'N/A', 0, 'integer', '', '', '', '', '', '', '', 0, NULL, 18, NULL, NULL, '', '', 'system', systimestamp, '162', 0, 'entity.custHcl1Ver', '', '', '', '', '', '');
INSERT INTO CNT_FIELD_DEFINITION
 (ID, REVISION, PARENT_ID, FIELD_ID, COLUMN_NAME, COLUMN_TYPE, REPORT_COLUMN_NAME, PRODUCT_FIELD, FIELD_TYPE, ENTITY_LOOKUP, ENTITY_LOOKUP_KEY, ORDER_BY, GENERATOR, REFER_TABLE, KEY_COLUMN, LOOKUP_COLUMN, MANDATORY, MIN_LENGTH, MAX_LENGTH, MIN_VALUE, MAX_VALUE, CONSTANT_VALUE, UNIQUE_KEY, CREATE_USER, CREATED_ON, LINE_NO, MANAGED, FIELD_PATH, DATA_TYPE, DATA1, DATA2, TRANSITIVE_FIELDS, FORMULA, ENTITY_LOOKUP_TYPE)
VALUES ('e20170b37a624c00b1ec7bb440d2951c', 0, '205f6b8eafda44fb847674c3435b5427', 'custHcl1Ref2', 'CUST_HCL1_REF2', 'NVARCHAR2(1000)', 'N/A', 0, 'string-l', '', '', '', '', '', '', '', 0, NULL, 1000, NULL, NULL, '', '', 'system', systimestamp, '163', 0, 'entity.custHcl1Ref2', '', '', '', '', '', '');
INSERT INTO CNT_FIELD_DEFINITION
 (ID, REVISION, PARENT_ID, FIELD_ID, COLUMN_NAME, COLUMN_TYPE, REPORT_COLUMN_NAME, PRODUCT_FIELD, FIELD_TYPE, ENTITY_LOOKUP, ENTITY_LOOKUP_KEY, ORDER_BY, GENERATOR, REFER_TABLE, KEY_COLUMN, LOOKUP_COLUMN, MANDATORY, MIN_LENGTH, MAX_LENGTH, MIN_VALUE, MAX_VALUE, CONSTANT_VALUE, UNIQUE_KEY, CREATE_USER, CREATED_ON, LINE_NO, MANAGED, FIELD_PATH, DATA_TYPE, DATA1, DATA2, TRANSITIVE_FIELDS, FORMULA, ENTITY_LOOKUP_TYPE)
VALUES ('ca087fcc130c46ce8d9cb7fe25eda01d', 0, '205f6b8eafda44fb847674c3435b5427', 'custHcl1FullLineage', 'CUST_HCL1_FULL_LINEAGE', 'NVARCHAR2(1000)', 'N/A', 0, 'string-l', '', '', '', '', '', '', '', 0, NULL, 1000, NULL, NULL, '', '', 'system', systimestamp, '164', 0, 'entity.custHcl1FullLineage', '', '', '', '', '', '');
INSERT INTO CNT_FIELD_DEFINITION
 (ID, REVISION, PARENT_ID, FIELD_ID, COLUMN_NAME, COLUMN_TYPE, REPORT_COLUMN_NAME, PRODUCT_FIELD, FIELD_TYPE, ENTITY_LOOKUP, ENTITY_LOOKUP_KEY, ORDER_BY, GENERATOR, REFER_TABLE, KEY_COLUMN, LOOKUP_COLUMN, MANDATORY, MIN_LENGTH, MAX_LENGTH, MIN_VALUE, MAX_VALUE, CONSTANT_VALUE, UNIQUE_KEY, CREATE_USER, CREATED_ON, LINE_NO, MANAGED, FIELD_PATH, DATA_TYPE, DATA1, DATA2, TRANSITIVE_FIELDS, FORMULA, ENTITY_LOOKUP_TYPE)
VALUES ('cb49c597e0464eefae558997c23b8fb9', 0, '205f6b8eafda44fb847674c3435b5427', 'custHcl2Ref', 'CUST_HCL2_REF', 'NVARCHAR2(1000)', 'N/A', 0, 'string-l', '', '', '', '', '', '', '', 0, NULL, 1000, NULL, NULL, '', '', 'system', systimestamp, '165', 0, 'entity.custHcl2Ref', '', '', '', '', '', '');
INSERT INTO CNT_FIELD_DEFINITION
 (ID, REVISION, PARENT_ID, FIELD_ID, COLUMN_NAME, COLUMN_TYPE, REPORT_COLUMN_NAME, PRODUCT_FIELD, FIELD_TYPE, ENTITY_LOOKUP, ENTITY_LOOKUP_KEY, ORDER_BY, GENERATOR, REFER_TABLE, KEY_COLUMN, LOOKUP_COLUMN, MANDATORY, MIN_LENGTH, MAX_LENGTH, MIN_VALUE, MAX_VALUE, CONSTANT_VALUE, UNIQUE_KEY, CREATE_USER, CREATED_ON, LINE_NO, MANAGED, FIELD_PATH, DATA_TYPE, DATA1, DATA2, TRANSITIVE_FIELDS, FORMULA, ENTITY_LOOKUP_TYPE)
VALUES ('2f7e3353e3fa42fd8942cc11358cc445', 0, '205f6b8eafda44fb847674c3435b5427', 'custHcl2Ver', 'CUST_HCL2_VER', 'NUMBER(20, 0)', 'N/A', 0, 'integer', '', '', '', '', '', '', '', 0, NULL, 18, NULL, NULL, '', '', 'system', systimestamp, '166', 0, 'entity.custHcl2Ver', '', '', '', '', '', '');
INSERT INTO CNT_FIELD_DEFINITION
 (ID, REVISION, PARENT_ID, FIELD_ID, COLUMN_NAME, COLUMN_TYPE, REPORT_COLUMN_NAME, PRODUCT_FIELD, FIELD_TYPE, ENTITY_LOOKUP, ENTITY_LOOKUP_KEY, ORDER_BY, GENERATOR, REFER_TABLE, KEY_COLUMN, LOOKUP_COLUMN, MANDATORY, MIN_LENGTH, MAX_LENGTH, MIN_VALUE, MAX_VALUE, CONSTANT_VALUE, UNIQUE_KEY, CREATE_USER, CREATED_ON, LINE_NO, MANAGED, FIELD_PATH, DATA_TYPE, DATA1, DATA2, TRANSITIVE_FIELDS, FORMULA, ENTITY_LOOKUP_TYPE)
VALUES ('d43014a16ec94199be8cc45805982f1a', 0, '205f6b8eafda44fb847674c3435b5427', 'custHcl2Ref2', 'CUST_HCL2_REF2', 'NVARCHAR2(1000)', 'N/A', 0, 'string-l', '', '', '', '', '', '', '', 0, NULL, 1000, NULL, NULL, '', '', 'system', systimestamp, '167', 0, 'entity.custHcl2Ref2', '', '', '', '', '', '');
INSERT INTO CNT_FIELD_DEFINITION
 (ID, REVISION, PARENT_ID, FIELD_ID, COLUMN_NAME, COLUMN_TYPE, REPORT_COLUMN_NAME, PRODUCT_FIELD, FIELD_TYPE, ENTITY_LOOKUP, ENTITY_LOOKUP_KEY, ORDER_BY, GENERATOR, REFER_TABLE, KEY_COLUMN, LOOKUP_COLUMN, MANDATORY, MIN_LENGTH, MAX_LENGTH, MIN_VALUE, MAX_VALUE, CONSTANT_VALUE, UNIQUE_KEY, CREATE_USER, CREATED_ON, LINE_NO, MANAGED, FIELD_PATH, DATA_TYPE, DATA1, DATA2, TRANSITIVE_FIELDS, FORMULA, ENTITY_LOOKUP_TYPE)
VALUES ('ed60c742e8fa475ead8d9f4dae40c0b2', 0, '205f6b8eafda44fb847674c3435b5427', 'custHcl2FullLineage', 'CUST_HCL2_FULL_LINEAGE', 'NVARCHAR2(1000)', 'N/A', 0, 'string-l', '', '', '', '', '', '', '', 0, NULL, 1000, NULL, NULL, '', '', 'system', systimestamp, '168', 0, 'entity.custHcl2FullLineage', '', '', '', '', '', '');
INSERT INTO CNT_FIELD_DEFINITION
 (ID, REVISION, PARENT_ID, FIELD_ID, COLUMN_NAME, COLUMN_TYPE, REPORT_COLUMN_NAME, PRODUCT_FIELD, FIELD_TYPE, ENTITY_LOOKUP, ENTITY_LOOKUP_KEY, ORDER_BY, GENERATOR, REFER_TABLE, KEY_COLUMN, LOOKUP_COLUMN, MANDATORY, MIN_LENGTH, MAX_LENGTH, MIN_VALUE, MAX_VALUE, CONSTANT_VALUE, UNIQUE_KEY, CREATE_USER, CREATED_ON, LINE_NO, MANAGED, FIELD_PATH, DATA_TYPE, DATA1, DATA2, TRANSITIVE_FIELDS, FORMULA, ENTITY_LOOKUP_TYPE)
VALUES ('becb0365513b4e6ab7c49972a8853388', 0, '205f6b8eafda44fb847674c3435b5427', 'custHcl3Ref', 'CUST_HCL3_REF', 'NVARCHAR2(1000)', 'N/A', 0, 'string-l', '', '', '', '', '', '', '', 0, NULL, 1000, NULL, NULL, '', '', 'system', systimestamp, '169', 0, 'entity.custHcl3Ref', '', '', '', '', '', '');
INSERT INTO CNT_FIELD_DEFINITION
 (ID, REVISION, PARENT_ID, FIELD_ID, COLUMN_NAME, COLUMN_TYPE, REPORT_COLUMN_NAME, PRODUCT_FIELD, FIELD_TYPE, ENTITY_LOOKUP, ENTITY_LOOKUP_KEY, ORDER_BY, GENERATOR, REFER_TABLE, KEY_COLUMN, LOOKUP_COLUMN, MANDATORY, MIN_LENGTH, MAX_LENGTH, MIN_VALUE, MAX_VALUE, CONSTANT_VALUE, UNIQUE_KEY, CREATE_USER, CREATED_ON, LINE_NO, MANAGED, FIELD_PATH, DATA_TYPE, DATA1, DATA2, TRANSITIVE_FIELDS, FORMULA, ENTITY_LOOKUP_TYPE)
VALUES ('f3a8493d1222488a9f2b4b31630c8892', 0, '205f6b8eafda44fb847674c3435b5427', 'custHcl3Ver', 'CUST_HCL3_VER', 'NUMBER(20, 0)', 'N/A', 0, 'integer', '', '', '', '', '', '', '', 0, NULL, 18, NULL, NULL, '', '', 'system', systimestamp, '170', 0, 'entity.custHcl3Ver', '', '', '', '', '', '');
INSERT INTO CNT_FIELD_DEFINITION
 (ID, REVISION, PARENT_ID, FIELD_ID, COLUMN_NAME, COLUMN_TYPE, REPORT_COLUMN_NAME, PRODUCT_FIELD, FIELD_TYPE, ENTITY_LOOKUP, ENTITY_LOOKUP_KEY, ORDER_BY, GENERATOR, REFER_TABLE, KEY_COLUMN, LOOKUP_COLUMN, MANDATORY, MIN_LENGTH, MAX_LENGTH, MIN_VALUE, MAX_VALUE, CONSTANT_VALUE, UNIQUE_KEY, CREATE_USER, CREATED_ON, LINE_NO, MANAGED, FIELD_PATH, DATA_TYPE, DATA1, DATA2, TRANSITIVE_FIELDS, FORMULA, ENTITY_LOOKUP_TYPE)
VALUES ('61f50da1088747b89ea4f40115b33eca', 0, '205f6b8eafda44fb847674c3435b5427', 'custHcl3Ref2', 'CUST_HCL3_REF2', 'NVARCHAR2(1000)', 'N/A', 0, 'string-l', '', '', '', '', '', '', '', 0, NULL, 1000, NULL, NULL, '', '', 'system', systimestamp, '171', 0, 'entity.custHcl3Ref2', '', '', '', '', '', '');
INSERT INTO CNT_FIELD_DEFINITION
 (ID, REVISION, PARENT_ID, FIELD_ID, COLUMN_NAME, COLUMN_TYPE, REPORT_COLUMN_NAME, PRODUCT_FIELD, FIELD_TYPE, ENTITY_LOOKUP, ENTITY_LOOKUP_KEY, ORDER_BY, GENERATOR, REFER_TABLE, KEY_COLUMN, LOOKUP_COLUMN, MANDATORY, MIN_LENGTH, MAX_LENGTH, MIN_VALUE, MAX_VALUE, CONSTANT_VALUE, UNIQUE_KEY, CREATE_USER, CREATED_ON, LINE_NO, MANAGED, FIELD_PATH, DATA_TYPE, DATA1, DATA2, TRANSITIVE_FIELDS, FORMULA, ENTITY_LOOKUP_TYPE)
VALUES ('74c24e10ed4242c690ea23370e55855c', 0, '205f6b8eafda44fb847674c3435b5427', 'custHcl3FullLineage', 'CUST_HCL3_FULL_LINEAGE', 'NVARCHAR2(1000)', 'N/A', 0, 'string-l', '', '', '', '', '', '', '', 0, NULL, 1000, NULL, NULL, '', '', 'system', systimestamp, '172', 0, 'entity.custHcl3FullLineage', '', '', '', '', '', '');
INSERT INTO CNT_FIELD_DEFINITION
 (ID, REVISION, PARENT_ID, FIELD_ID, COLUMN_NAME, COLUMN_TYPE, REPORT_COLUMN_NAME, PRODUCT_FIELD, FIELD_TYPE, ENTITY_LOOKUP, ENTITY_LOOKUP_KEY, ORDER_BY, GENERATOR, REFER_TABLE, KEY_COLUMN, LOOKUP_COLUMN, MANDATORY, MIN_LENGTH, MAX_LENGTH, MIN_VALUE, MAX_VALUE, CONSTANT_VALUE, UNIQUE_KEY, CREATE_USER, CREATED_ON, LINE_NO, MANAGED, FIELD_PATH, DATA_TYPE, DATA1, DATA2, TRANSITIVE_FIELDS, FORMULA, ENTITY_LOOKUP_TYPE)
VALUES ('b305067ec0dc49429b887dc328ae23c2', 0, '205f6b8eafda44fb847674c3435b5427', 'custHcl4Ref', 'CUST_HCL4_REF', 'NVARCHAR2(1000)', 'N/A', 0, 'string-l', '', '', '', '', '', '', '', 0, NULL, 1000, NULL, NULL, '', '', 'system', systimestamp, '173', 0, 'entity.custHcl4Ref', '', '', '', '', '', '');
INSERT INTO CNT_FIELD_DEFINITION
 (ID, REVISION, PARENT_ID, FIELD_ID, COLUMN_NAME, COLUMN_TYPE, REPORT_COLUMN_NAME, PRODUCT_FIELD, FIELD_TYPE, ENTITY_LOOKUP, ENTITY_LOOKUP_KEY, ORDER_BY, GENERATOR, REFER_TABLE, KEY_COLUMN, LOOKUP_COLUMN, MANDATORY, MIN_LENGTH, MAX_LENGTH, MIN_VALUE, MAX_VALUE, CONSTANT_VALUE, UNIQUE_KEY, CREATE_USER, CREATED_ON, LINE_NO, MANAGED, FIELD_PATH, DATA_TYPE, DATA1, DATA2, TRANSITIVE_FIELDS, FORMULA, ENTITY_LOOKUP_TYPE)
VALUES ('5051a6f0e61748249463c8ba6a717363', 0, '205f6b8eafda44fb847674c3435b5427', 'custHcl4Ver', 'CUST_HCL4_VER', 'NUMBER(20, 0)', 'N/A', 0, 'integer', '', '', '', '', '', '', '', 0, NULL, 18, NULL, NULL, '', '', 'system', systimestamp, '174', 0, 'entity.custHcl4Ver', '', '', '', '', '', '');
INSERT INTO CNT_FIELD_DEFINITION
 (ID, REVISION, PARENT_ID, FIELD_ID, COLUMN_NAME, COLUMN_TYPE, REPORT_COLUMN_NAME, PRODUCT_FIELD, FIELD_TYPE, ENTITY_LOOKUP, ENTITY_LOOKUP_KEY, ORDER_BY, GENERATOR, REFER_TABLE, KEY_COLUMN, LOOKUP_COLUMN, MANDATORY, MIN_LENGTH, MAX_LENGTH, MIN_VALUE, MAX_VALUE, CONSTANT_VALUE, UNIQUE_KEY, CREATE_USER, CREATED_ON, LINE_NO, MANAGED, FIELD_PATH, DATA_TYPE, DATA1, DATA2, TRANSITIVE_FIELDS, FORMULA, ENTITY_LOOKUP_TYPE)
VALUES ('5181f3e8c32f499f903fdeeaf5e5c903', 0, '205f6b8eafda44fb847674c3435b5427', 'custHcl4Ref2', 'CUST_HCL4_REF2', 'NVARCHAR2(1000)', 'N/A', 0, 'string-l', '', '', '', '', '', '', '', 0, NULL, 1000, NULL, NULL, '', '', 'system', systimestamp, '175', 0, 'entity.custHcl4Ref2', '', '', '', '', '', '');
INSERT INTO CNT_FIELD_DEFINITION
 (ID, REVISION, PARENT_ID, FIELD_ID, COLUMN_NAME, COLUMN_TYPE, REPORT_COLUMN_NAME, PRODUCT_FIELD, FIELD_TYPE, ENTITY_LOOKUP, ENTITY_LOOKUP_KEY, ORDER_BY, GENERATOR, REFER_TABLE, KEY_COLUMN, LOOKUP_COLUMN, MANDATORY, MIN_LENGTH, MAX_LENGTH, MIN_VALUE, MAX_VALUE, CONSTANT_VALUE, UNIQUE_KEY, CREATE_USER, CREATED_ON, LINE_NO, MANAGED, FIELD_PATH, DATA_TYPE, DATA1, DATA2, TRANSITIVE_FIELDS, FORMULA, ENTITY_LOOKUP_TYPE)
VALUES ('f2ad2ada32b04d65a2c014c17c505af2', 0, '205f6b8eafda44fb847674c3435b5427', 'custHcl4FullLineage', 'CUST_HCL4_FULL_LINEAGE', 'NVARCHAR2(1000)', 'N/A', 0, 'string-l', '', '', '', '', '', '', '', 0, NULL, 1000, NULL, NULL, '', '', 'system', systimestamp, '176', 0, 'entity.custHcl4FullLineage', '', '', '', '', '', '');
INSERT INTO CNT_FIELD_DEFINITION
 (ID, REVISION, PARENT_ID, FIELD_ID, COLUMN_NAME, COLUMN_TYPE, REPORT_COLUMN_NAME, PRODUCT_FIELD, FIELD_TYPE, ENTITY_LOOKUP, ENTITY_LOOKUP_KEY, ORDER_BY, GENERATOR, REFER_TABLE, KEY_COLUMN, LOOKUP_COLUMN, MANDATORY, MIN_LENGTH, MAX_LENGTH, MIN_VALUE, MAX_VALUE, CONSTANT_VALUE, UNIQUE_KEY, CREATE_USER, CREATED_ON, LINE_NO, MANAGED, FIELD_PATH, DATA_TYPE, DATA1, DATA2, TRANSITIVE_FIELDS, FORMULA, ENTITY_LOOKUP_TYPE)
VALUES ('645fab77f7d94fce85abd73ffc7e4903', 0, '205f6b8eafda44fb847674c3435b5427', 'custHcl5Ref', 'CUST_HCL5_REF', 'NVARCHAR2(1000)', 'N/A', 0, 'string-l', '', '', '', '', '', '', '', 0, NULL, 1000, NULL, NULL, '', '', 'system', systimestamp, '177', 0, 'entity.custHcl5Ref', '', '', '', '', '', '');
INSERT INTO CNT_FIELD_DEFINITION
 (ID, REVISION, PARENT_ID, FIELD_ID, COLUMN_NAME, COLUMN_TYPE, REPORT_COLUMN_NAME, PRODUCT_FIELD, FIELD_TYPE, ENTITY_LOOKUP, ENTITY_LOOKUP_KEY, ORDER_BY, GENERATOR, REFER_TABLE, KEY_COLUMN, LOOKUP_COLUMN, MANDATORY, MIN_LENGTH, MAX_LENGTH, MIN_VALUE, MAX_VALUE, CONSTANT_VALUE, UNIQUE_KEY, CREATE_USER, CREATED_ON, LINE_NO, MANAGED, FIELD_PATH, DATA_TYPE, DATA1, DATA2, TRANSITIVE_FIELDS, FORMULA, ENTITY_LOOKUP_TYPE)
VALUES ('3f97d7ed33f64f70b1414a10fade7ea7', 0, '205f6b8eafda44fb847674c3435b5427', 'custHcl5Ver', 'CUST_HCL5_VER', 'NUMBER(20, 0)', 'N/A', 0, 'integer', '', '', '', '', '', '', '', 0, NULL, 18, NULL, NULL, '', '', 'system', systimestamp, '178', 0, 'entity.custHcl5Ver', '', '', '', '', '', '');
INSERT INTO CNT_FIELD_DEFINITION
 (ID, REVISION, PARENT_ID, FIELD_ID, COLUMN_NAME, COLUMN_TYPE, REPORT_COLUMN_NAME, PRODUCT_FIELD, FIELD_TYPE, ENTITY_LOOKUP, ENTITY_LOOKUP_KEY, ORDER_BY, GENERATOR, REFER_TABLE, KEY_COLUMN, LOOKUP_COLUMN, MANDATORY, MIN_LENGTH, MAX_LENGTH, MIN_VALUE, MAX_VALUE, CONSTANT_VALUE, UNIQUE_KEY, CREATE_USER, CREATED_ON, LINE_NO, MANAGED, FIELD_PATH, DATA_TYPE, DATA1, DATA2, TRANSITIVE_FIELDS, FORMULA, ENTITY_LOOKUP_TYPE)
VALUES ('dca8319cdb004942aff36eba478941e3', 0, '205f6b8eafda44fb847674c3435b5427', 'custHcl5Ref2', 'CUST_HCL5_REF2', 'NVARCHAR2(1000)', 'N/A', 0, 'string-l', '', '', '', '', '', '', '', 0, NULL, 1000, NULL, NULL, '', '', 'system', systimestamp, '179', 0, 'entity.custHcl5Ref2', '', '', '', '', '', '');
INSERT INTO CNT_FIELD_DEFINITION
 (ID, REVISION, PARENT_ID, FIELD_ID, COLUMN_NAME, COLUMN_TYPE, REPORT_COLUMN_NAME, PRODUCT_FIELD, FIELD_TYPE, ENTITY_LOOKUP, ENTITY_LOOKUP_KEY, ORDER_BY, GENERATOR, REFER_TABLE, KEY_COLUMN, LOOKUP_COLUMN, MANDATORY, MIN_LENGTH, MAX_LENGTH, MIN_VALUE, MAX_VALUE, CONSTANT_VALUE, UNIQUE_KEY, CREATE_USER, CREATED_ON, LINE_NO, MANAGED, FIELD_PATH, DATA_TYPE, DATA1, DATA2, TRANSITIVE_FIELDS, FORMULA, ENTITY_LOOKUP_TYPE)
VALUES ('b9e2373d7663415e8953269ddaba4925', 0, '205f6b8eafda44fb847674c3435b5427', 'custHcl5FullLineage', 'CUST_HCL5_FULL_LINEAGE', 'NVARCHAR2(1000)', 'N/A', 0, 'string-l', '', '', '', '', '', '', '', 0, NULL, 1000, NULL, NULL, '', '', 'system', systimestamp, '180', 0, 'entity.custHcl5FullLineage', '', '', '', '', '', '');
INSERT INTO CNT_ENTITY_DEFINITION
 (ID, REVISION, ENTITY_NAME, ENTITY_VERSION, PRODUCT_TABLE_NAME, CUSTOM_TABLE_NAME, REPORT_TABLE_NAME, MODULE, TYPE, REVISION_TRACKING, VERSION_TRACKING, HISTORY_ENTITY_NAME, REF_PATTERN, SYSTEM_ENTITY, CREATE_USER, CREATED_ON, IS_FOR_EXTERNAL)
VALUES ('b219727f2ba841c98fb3833887169c4c', 0, 'BriefCust', 1, 'CNT_BRIEF_CUST', 'CTM_BRIEF', 'BRIEF_PARTY_CUSTOMERS', 'brief', 'inner', '', 'ALL', '', '${custId.businessName} / ${market.name} / ${channel.name}', 0, 'system', systimestamp, 0);
INSERT INTO CNT_FIELD_DEFINITION
 (ID, REVISION, PARENT_ID, FIELD_ID, COLUMN_NAME, COLUMN_TYPE, REPORT_COLUMN_NAME, PRODUCT_FIELD, FIELD_TYPE, ENTITY_LOOKUP, ENTITY_LOOKUP_KEY, ORDER_BY, GENERATOR, REFER_TABLE, KEY_COLUMN, LOOKUP_COLUMN, MANDATORY, MIN_LENGTH, MAX_LENGTH, MIN_VALUE, MAX_VALUE, CONSTANT_VALUE, UNIQUE_KEY, CREATE_USER, CREATED_ON, LINE_NO, MANAGED, FIELD_PATH, DATA_TYPE, DATA1, DATA2, TRANSITIVE_FIELDS, FORMULA, ENTITY_LOOKUP_TYPE)
VALUES ('86b22178831b4786a9a2c00b46fae055', 0, 'b219727f2ba841c98fb3833887169c4c', 'id', 'ID', 'CHAR(32)', '', 1, 'id', '', '', '', 'com.core.cbx.data.generator.UUIDGenerator', '', '', '', 0, 32, 32, NULL, NULL, '', '', 'system', systimestamp, '0', 0, 'entity.briefCust.id', '', '', '', '', '', '');
INSERT INTO CNT_FIELD_DEFINITION
 (ID, REVISION, PARENT_ID, FIELD_ID, COLUMN_NAME, COLUMN_TYPE, REPORT_COLUMN_NAME, PRODUCT_FIELD, FIELD_TYPE, ENTITY_LOOKUP, ENTITY_LOOKUP_KEY, ORDER_BY, GENERATOR, REFER_TABLE, KEY_COLUMN, LOOKUP_COLUMN, MANDATORY, MIN_LENGTH, MAX_LENGTH, MIN_VALUE, MAX_VALUE, CONSTANT_VALUE, UNIQUE_KEY, CREATE_USER, CREATED_ON, LINE_NO, MANAGED, FIELD_PATH, DATA_TYPE, DATA1, DATA2, TRANSITIVE_FIELDS, FORMULA, ENTITY_LOOKUP_TYPE)
VALUES ('e2a30eb609424baba4e490635ce77d65', 0, 'b219727f2ba841c98fb3833887169c4c', 'revision', 'REVISION', 'NUMBER(20, 0)', '', 1, 'integer', '', '', '', '', '', '', '', 0, NULL, 18, NULL, NULL, '', '', 'system', systimestamp, '1', 0, 'entity.briefCust.revision', '', '', '', '', '', '');
INSERT INTO CNT_FIELD_DEFINITION
 (ID, REVISION, PARENT_ID, FIELD_ID, COLUMN_NAME, COLUMN_TYPE, REPORT_COLUMN_NAME, PRODUCT_FIELD, FIELD_TYPE, ENTITY_LOOKUP, ENTITY_LOOKUP_KEY, ORDER_BY, GENERATOR, REFER_TABLE, KEY_COLUMN, LOOKUP_COLUMN, MANDATORY, MIN_LENGTH, MAX_LENGTH, MIN_VALUE, MAX_VALUE, CONSTANT_VALUE, UNIQUE_KEY, CREATE_USER, CREATED_ON, LINE_NO, MANAGED, FIELD_PATH, DATA_TYPE, DATA1, DATA2, TRANSITIVE_FIELDS, FORMULA, ENTITY_LOOKUP_TYPE)
VALUES ('ab27910fd17b450e8c41499b7a769054', 0, 'b219727f2ba841c98fb3833887169c4c', 'entityVersion', 'ENTITY_VERSION', 'NUMBER(20, 0)', '', 1, 'integer', '', '', '', '', '', '', '', 0, NULL, 18, NULL, NULL, '', '', 'system', systimestamp, '2', 0, 'entity.briefCust.entityVersion', '', '', '', '', '', '');
INSERT INTO CNT_FIELD_DEFINITION
 (ID, REVISION, PARENT_ID, FIELD_ID, COLUMN_NAME, COLUMN_TYPE, REPORT_COLUMN_NAME, PRODUCT_FIELD, FIELD_TYPE, ENTITY_LOOKUP, ENTITY_LOOKUP_KEY, ORDER_BY, GENERATOR, REFER_TABLE, KEY_COLUMN, LOOKUP_COLUMN, MANDATORY, MIN_LENGTH, MAX_LENGTH, MIN_VALUE, MAX_VALUE, CONSTANT_VALUE, UNIQUE_KEY, CREATE_USER, CREATED_ON, LINE_NO, MANAGED, FIELD_PATH, DATA_TYPE, DATA1, DATA2, TRANSITIVE_FIELDS, FORMULA, ENTITY_LOOKUP_TYPE)
VALUES ('fcb5d2dc6c6743ef8c3fbc26ea66b518', 0, 'b219727f2ba841c98fb3833887169c4c', 'domainId', 'DOMAIN_ID', 'NVARCHAR2(400)', '', 1, 'string-m', '', '', '', '', '', '', '', 0, NULL, 400, NULL, NULL, '', '', 'system', systimestamp, '3', 0, 'entity.briefCust.domainId', '', '', '', '', '', '');
INSERT INTO CNT_FIELD_DEFINITION
 (ID, REVISION, PARENT_ID, FIELD_ID, COLUMN_NAME, COLUMN_TYPE, REPORT_COLUMN_NAME, PRODUCT_FIELD, FIELD_TYPE, ENTITY_LOOKUP, ENTITY_LOOKUP_KEY, ORDER_BY, GENERATOR, REFER_TABLE, KEY_COLUMN, LOOKUP_COLUMN, MANDATORY, MIN_LENGTH, MAX_LENGTH, MIN_VALUE, MAX_VALUE, CONSTANT_VALUE, UNIQUE_KEY, CREATE_USER, CREATED_ON, LINE_NO, MANAGED, FIELD_PATH, DATA_TYPE, DATA1, DATA2, TRANSITIVE_FIELDS, FORMULA, ENTITY_LOOKUP_TYPE)
VALUES ('92f3c0e727b7466493307fa875322ce4', 0, 'b219727f2ba841c98fb3833887169c4c', 'hubDomainId', 'HUB_DOMAIN_ID', 'NVARCHAR2(400)', '', 1, 'string-m', '', '', '', '', '', '', '', 0, NULL, 400, NULL, NULL, '', '', 'system', systimestamp, '4', 0, 'entity.briefCust.hubDomainId', '', '', '', '', '', '');
INSERT INTO CNT_FIELD_DEFINITION
 (ID, REVISION, PARENT_ID, FIELD_ID, COLUMN_NAME, COLUMN_TYPE, REPORT_COLUMN_NAME, PRODUCT_FIELD, FIELD_TYPE, ENTITY_LOOKUP, ENTITY_LOOKUP_KEY, ORDER_BY, GENERATOR, REFER_TABLE, KEY_COLUMN, LOOKUP_COLUMN, MANDATORY, MIN_LENGTH, MAX_LENGTH, MIN_VALUE, MAX_VALUE, CONSTANT_VALUE, UNIQUE_KEY, CREATE_USER, CREATED_ON, LINE_NO, MANAGED, FIELD_PATH, DATA_TYPE, DATA1, DATA2, TRANSITIVE_FIELDS, FORMULA, ENTITY_LOOKUP_TYPE)
VALUES ('1e41f007f6854499ac4be5997be036f8', 0, 'b219727f2ba841c98fb3833887169c4c', 'isForReference', 'IS_FOR_REFERENCE', 'NUMBER(1,0)', '', 1, 'boolean', '', '', '', '', '', '', '', 0, NULL, NULL, NULL, NULL, '', '', 'system', systimestamp, '5', 0, 'entity.briefCust.isForReference', '', '', '', '', '', '');
INSERT INTO CNT_FIELD_DEFINITION
 (ID, REVISION, PARENT_ID, FIELD_ID, COLUMN_NAME, COLUMN_TYPE, REPORT_COLUMN_NAME, PRODUCT_FIELD, FIELD_TYPE, ENTITY_LOOKUP, ENTITY_LOOKUP_KEY, ORDER_BY, GENERATOR, REFER_TABLE, KEY_COLUMN, LOOKUP_COLUMN, MANDATORY, MIN_LENGTH, MAX_LENGTH, MIN_VALUE, MAX_VALUE, CONSTANT_VALUE, UNIQUE_KEY, CREATE_USER, CREATED_ON, LINE_NO, MANAGED, FIELD_PATH, DATA_TYPE, DATA1, DATA2, TRANSITIVE_FIELDS, FORMULA, ENTITY_LOOKUP_TYPE)
VALUES ('3fcf86f74d2d430493ec51707761baaf', 0, 'b219727f2ba841c98fb3833887169c4c', 'internalSeqNo', 'INTERNAL_SEQ_NO', 'NUMBER(20, 0)', 'n/a', 1, 'integer', '', '', '', '', '', '', '', 0, NULL, 18, NULL, NULL, '', '', 'system', systimestamp, '6', 0, 'entity.briefCust.internalSeqNo', '', '', '', '', '', '');
INSERT INTO CNT_FIELD_DEFINITION
 (ID, REVISION, PARENT_ID, FIELD_ID, COLUMN_NAME, COLUMN_TYPE, REPORT_COLUMN_NAME, PRODUCT_FIELD, FIELD_TYPE, ENTITY_LOOKUP, ENTITY_LOOKUP_KEY, ORDER_BY, GENERATOR, REFER_TABLE, KEY_COLUMN, LOOKUP_COLUMN, MANDATORY, MIN_LENGTH, MAX_LENGTH, MIN_VALUE, MAX_VALUE, CONSTANT_VALUE, UNIQUE_KEY, CREATE_USER, CREATED_ON, LINE_NO, MANAGED, FIELD_PATH, DATA_TYPE, DATA1, DATA2, TRANSITIVE_FIELDS, FORMULA, ENTITY_LOOKUP_TYPE)
VALUES ('72a435c3b1d9461783c380a15423b5fe', 0, 'b219727f2ba841c98fb3833887169c4c', 'briefId', 'BRIEF_ID', 'CHAR(32)', 'BRIEF_SYS_ID', 1, 'id', '', '', '', '', '', '', '', 1, 32, 32, NULL, NULL, '', '', 'system', systimestamp, '7', 0, 'entity.briefCust.briefId', '', '', '', '', '', '');
INSERT INTO CNT_FIELD_DEFINITION
 (ID, REVISION, PARENT_ID, FIELD_ID, COLUMN_NAME, COLUMN_TYPE, REPORT_COLUMN_NAME, PRODUCT_FIELD, FIELD_TYPE, ENTITY_LOOKUP, ENTITY_LOOKUP_KEY, ORDER_BY, GENERATOR, REFER_TABLE, KEY_COLUMN, LOOKUP_COLUMN, MANDATORY, MIN_LENGTH, MAX_LENGTH, MIN_VALUE, MAX_VALUE, CONSTANT_VALUE, UNIQUE_KEY, CREATE_USER, CREATED_ON, LINE_NO, MANAGED, FIELD_PATH, DATA_TYPE, DATA1, DATA2, TRANSITIVE_FIELDS, FORMULA, ENTITY_LOOKUP_TYPE)
VALUES ('98a2020a8e8a4eb89353552d0a448549', 0, 'b219727f2ba841c98fb3833887169c4c', 'custId', 'CUST_ID', 'CHAR(32)', 'CUSTOMER_SYS_ID', 1, 'entity', 'Cust', 'id', '', '', '', '', '', 0, 32, 32, NULL, NULL, '', '', 'system', systimestamp, '8', 0, 'entity.briefCust.custId', '', '', '', '', '', 'Dynamic');
INSERT INTO CNT_FIELD_DEFINITION
 (ID, REVISION, PARENT_ID, FIELD_ID, COLUMN_NAME, COLUMN_TYPE, REPORT_COLUMN_NAME, PRODUCT_FIELD, FIELD_TYPE, ENTITY_LOOKUP, ENTITY_LOOKUP_KEY, ORDER_BY, GENERATOR, REFER_TABLE, KEY_COLUMN, LOOKUP_COLUMN, MANDATORY, MIN_LENGTH, MAX_LENGTH, MIN_VALUE, MAX_VALUE, CONSTANT_VALUE, UNIQUE_KEY, CREATE_USER, CREATED_ON, LINE_NO, MANAGED, FIELD_PATH, DATA_TYPE, DATA1, DATA2, TRANSITIVE_FIELDS, FORMULA, ENTITY_LOOKUP_TYPE)
VALUES ('29ca281e6cc04d3faa47461403c9e33c', 0, 'b219727f2ba841c98fb3833887169c4c', 'market', 'MARKET', 'NVARCHAR2(400)', 'MARKET', 1, 'string-m', '', '', '', '', '', '', '', 0, NULL, 400, NULL, NULL, '', '', 'system', systimestamp, '9', 0, 'entity.briefCust.market', 'codelist', 'MARKET', '', '', '', '');
INSERT INTO CNT_FIELD_DEFINITION
 (ID, REVISION, PARENT_ID, FIELD_ID, COLUMN_NAME, COLUMN_TYPE, REPORT_COLUMN_NAME, PRODUCT_FIELD, FIELD_TYPE, ENTITY_LOOKUP, ENTITY_LOOKUP_KEY, ORDER_BY, GENERATOR, REFER_TABLE, KEY_COLUMN, LOOKUP_COLUMN, MANDATORY, MIN_LENGTH, MAX_LENGTH, MIN_VALUE, MAX_VALUE, CONSTANT_VALUE, UNIQUE_KEY, CREATE_USER, CREATED_ON, LINE_NO, MANAGED, FIELD_PATH, DATA_TYPE, DATA1, DATA2, TRANSITIVE_FIELDS, FORMULA, ENTITY_LOOKUP_TYPE)
VALUES ('ac0fe3d9780a4ef7a681f1e0d04567d1', 0, 'b219727f2ba841c98fb3833887169c4c', 'channel', 'CHANNEL', 'NVARCHAR2(400)', 'CHANNEL', 1, 'string-m', '', '', '', '', '', '', '', 0, NULL, 400, NULL, NULL, '', '', 'system', systimestamp, '10', 0, 'entity.briefCust.channel', 'codelist', 'CHANNEL', '', '', '', '');
INSERT INTO CNT_FIELD_DEFINITION
 (ID, REVISION, PARENT_ID, FIELD_ID, COLUMN_NAME, COLUMN_TYPE, REPORT_COLUMN_NAME, PRODUCT_FIELD, FIELD_TYPE, ENTITY_LOOKUP, ENTITY_LOOKUP_KEY, ORDER_BY, GENERATOR, REFER_TABLE, KEY_COLUMN, LOOKUP_COLUMN, MANDATORY, MIN_LENGTH, MAX_LENGTH, MIN_VALUE, MAX_VALUE, CONSTANT_VALUE, UNIQUE_KEY, CREATE_USER, CREATED_ON, LINE_NO, MANAGED, FIELD_PATH, DATA_TYPE, DATA1, DATA2, TRANSITIVE_FIELDS, FORMULA, ENTITY_LOOKUP_TYPE)
VALUES ('09736d5dc91b4ea79af16f28c8321326', 0, 'b219727f2ba841c98fb3833887169c4c', 'refNo', 'REF_NO', 'NVARCHAR2(1000)', '', 1, 'string-l', '', '', '', '', '', '', '', 0, NULL, 1000, NULL, NULL, '', '', 'system', systimestamp, '11', 0, 'entity.briefCust.refNo', '', '', '', '', '', '');
INSERT INTO CNT_FIELD_DEFINITION
 (ID, REVISION, PARENT_ID, FIELD_ID, COLUMN_NAME, COLUMN_TYPE, REPORT_COLUMN_NAME, PRODUCT_FIELD, FIELD_TYPE, ENTITY_LOOKUP, ENTITY_LOOKUP_KEY, ORDER_BY, GENERATOR, REFER_TABLE, KEY_COLUMN, LOOKUP_COLUMN, MANDATORY, MIN_LENGTH, MAX_LENGTH, MIN_VALUE, MAX_VALUE, CONSTANT_VALUE, UNIQUE_KEY, CREATE_USER, CREATED_ON, LINE_NO, MANAGED, FIELD_PATH, DATA_TYPE, DATA1, DATA2, TRANSITIVE_FIELDS, FORMULA, ENTITY_LOOKUP_TYPE)
VALUES ('029f6665e1f146b9ac5492ee15872c0a', 0, 'b219727f2ba841c98fb3833887169c4c', 'custText1', 'CUST_TEXT1', 'NVARCHAR2(1000)', 'CUSTOM_FIELD_TEXT1', 0, 'string-l', '', '', '', '', '', '', '', 0, NULL, 1000, NULL, NULL, '', '', 'system', systimestamp, '12', 0, 'entity.briefCust.custText1', '', '', '', '', '', '');
INSERT INTO CNT_FIELD_DEFINITION
 (ID, REVISION, PARENT_ID, FIELD_ID, COLUMN_NAME, COLUMN_TYPE, REPORT_COLUMN_NAME, PRODUCT_FIELD, FIELD_TYPE, ENTITY_LOOKUP, ENTITY_LOOKUP_KEY, ORDER_BY, GENERATOR, REFER_TABLE, KEY_COLUMN, LOOKUP_COLUMN, MANDATORY, MIN_LENGTH, MAX_LENGTH, MIN_VALUE, MAX_VALUE, CONSTANT_VALUE, UNIQUE_KEY, CREATE_USER, CREATED_ON, LINE_NO, MANAGED, FIELD_PATH, DATA_TYPE, DATA1, DATA2, TRANSITIVE_FIELDS, FORMULA, ENTITY_LOOKUP_TYPE)
VALUES ('ff90042fc7b0457aa121dd1c0adcf740', 0, 'b219727f2ba841c98fb3833887169c4c', 'custText2', 'CUST_TEXT2', 'NVARCHAR2(1000)', 'CUSTOM_FIELD_TEXT2', 0, 'string-l', '', '', '', '', '', '', '', 0, NULL, 1000, NULL, NULL, '', '', 'system', systimestamp, '13', 0, 'entity.briefCust.custText2', '', '', '', '', '', '');
INSERT INTO CNT_FIELD_DEFINITION
 (ID, REVISION, PARENT_ID, FIELD_ID, COLUMN_NAME, COLUMN_TYPE, REPORT_COLUMN_NAME, PRODUCT_FIELD, FIELD_TYPE, ENTITY_LOOKUP, ENTITY_LOOKUP_KEY, ORDER_BY, GENERATOR, REFER_TABLE, KEY_COLUMN, LOOKUP_COLUMN, MANDATORY, MIN_LENGTH, MAX_LENGTH, MIN_VALUE, MAX_VALUE, CONSTANT_VALUE, UNIQUE_KEY, CREATE_USER, CREATED_ON, LINE_NO, MANAGED, FIELD_PATH, DATA_TYPE, DATA1, DATA2, TRANSITIVE_FIELDS, FORMULA, ENTITY_LOOKUP_TYPE)
VALUES ('4387eb5a4773486b86ea9167c8bbf29a', 0, 'b219727f2ba841c98fb3833887169c4c', 'custText3', 'CUST_TEXT3', 'NVARCHAR2(1000)', 'CUSTOM_FIELD_TEXT3', 0, 'string-l', '', '', '', '', '', '', '', 0, NULL, 1000, NULL, NULL, '', '', 'system', systimestamp, '14', 0, 'entity.briefCust.custText3', '', '', '', '', '', '');
INSERT INTO CNT_FIELD_DEFINITION
 (ID, REVISION, PARENT_ID, FIELD_ID, COLUMN_NAME, COLUMN_TYPE, REPORT_COLUMN_NAME, PRODUCT_FIELD, FIELD_TYPE, ENTITY_LOOKUP, ENTITY_LOOKUP_KEY, ORDER_BY, GENERATOR, REFER_TABLE, KEY_COLUMN, LOOKUP_COLUMN, MANDATORY, MIN_LENGTH, MAX_LENGTH, MIN_VALUE, MAX_VALUE, CONSTANT_VALUE, UNIQUE_KEY, CREATE_USER, CREATED_ON, LINE_NO, MANAGED, FIELD_PATH, DATA_TYPE, DATA1, DATA2, TRANSITIVE_FIELDS, FORMULA, ENTITY_LOOKUP_TYPE)
VALUES ('87fd9072c87a47beb541880890d55b88', 0, 'b219727f2ba841c98fb3833887169c4c', 'custText4', 'CUST_TEXT4', 'NVARCHAR2(1000)', 'CUSTOM_FIELD_TEXT4', 0, 'string-l', '', '', '', '', '', '', '', 0, NULL, 1000, NULL, NULL, '', '', 'system', systimestamp, '15', 0, 'entity.briefCust.custText4', '', '', '', '', '', '');
INSERT INTO CNT_FIELD_DEFINITION
 (ID, REVISION, PARENT_ID, FIELD_ID, COLUMN_NAME, COLUMN_TYPE, REPORT_COLUMN_NAME, PRODUCT_FIELD, FIELD_TYPE, ENTITY_LOOKUP, ENTITY_LOOKUP_KEY, ORDER_BY, GENERATOR, REFER_TABLE, KEY_COLUMN, LOOKUP_COLUMN, MANDATORY, MIN_LENGTH, MAX_LENGTH, MIN_VALUE, MAX_VALUE, CONSTANT_VALUE, UNIQUE_KEY, CREATE_USER, CREATED_ON, LINE_NO, MANAGED, FIELD_PATH, DATA_TYPE, DATA1, DATA2, TRANSITIVE_FIELDS, FORMULA, ENTITY_LOOKUP_TYPE)
VALUES ('84893d0a36e34926ad5b5a44523655b1', 0, 'b219727f2ba841c98fb3833887169c4c', 'custText5', 'CUST_TEXT5', 'NVARCHAR2(1000)', 'CUSTOM_FIELD_TEXT5', 0, 'string-l', '', '', '', '', '', '', '', 0, NULL, 1000, NULL, NULL, '', '', 'system', systimestamp, '16', 0, 'entity.briefCust.custText5', '', '', '', '', '', '');
INSERT INTO CNT_FIELD_DEFINITION
 (ID, REVISION, PARENT_ID, FIELD_ID, COLUMN_NAME, COLUMN_TYPE, REPORT_COLUMN_NAME, PRODUCT_FIELD, FIELD_TYPE, ENTITY_LOOKUP, ENTITY_LOOKUP_KEY, ORDER_BY, GENERATOR, REFER_TABLE, KEY_COLUMN, LOOKUP_COLUMN, MANDATORY, MIN_LENGTH, MAX_LENGTH, MIN_VALUE, MAX_VALUE, CONSTANT_VALUE, UNIQUE_KEY, CREATE_USER, CREATED_ON, LINE_NO, MANAGED, FIELD_PATH, DATA_TYPE, DATA1, DATA2, TRANSITIVE_FIELDS, FORMULA, ENTITY_LOOKUP_TYPE)
VALUES ('83bb12167eb5464db1801d0766c5b41c', 0, 'b219727f2ba841c98fb3833887169c4c', 'custText6', 'CUST_TEXT6', 'NVARCHAR2(1000)', 'CUSTOM_FIELD_TEXT6', 0, 'string-l', '', '', '', '', '', '', '', 0, NULL, 1000, NULL, NULL, '', '', 'system', systimestamp, '17', 0, 'entity.briefCust.custText6', '', '', '', '', '', '');
INSERT INTO CNT_FIELD_DEFINITION
 (ID, REVISION, PARENT_ID, FIELD_ID, COLUMN_NAME, COLUMN_TYPE, REPORT_COLUMN_NAME, PRODUCT_FIELD, FIELD_TYPE, ENTITY_LOOKUP, ENTITY_LOOKUP_KEY, ORDER_BY, GENERATOR, REFER_TABLE, KEY_COLUMN, LOOKUP_COLUMN, MANDATORY, MIN_LENGTH, MAX_LENGTH, MIN_VALUE, MAX_VALUE, CONSTANT_VALUE, UNIQUE_KEY, CREATE_USER, CREATED_ON, LINE_NO, MANAGED, FIELD_PATH, DATA_TYPE, DATA1, DATA2, TRANSITIVE_FIELDS, FORMULA, ENTITY_LOOKUP_TYPE)
VALUES ('c271097ee06141469e670cce642c72bd', 0, 'b219727f2ba841c98fb3833887169c4c', 'custText7', 'CUST_TEXT7', 'NVARCHAR2(1000)', 'CUSTOM_FIELD_TEXT7', 0, 'string-l', '', '', '', '', '', '', '', 0, NULL, 1000, NULL, NULL, '', '', 'system', systimestamp, '18', 0, 'entity.briefCust.custText7', '', '', '', '', '', '');
INSERT INTO CNT_FIELD_DEFINITION
 (ID, REVISION, PARENT_ID, FIELD_ID, COLUMN_NAME, COLUMN_TYPE, REPORT_COLUMN_NAME, PRODUCT_FIELD, FIELD_TYPE, ENTITY_LOOKUP, ENTITY_LOOKUP_KEY, ORDER_BY, GENERATOR, REFER_TABLE, KEY_COLUMN, LOOKUP_COLUMN, MANDATORY, MIN_LENGTH, MAX_LENGTH, MIN_VALUE, MAX_VALUE, CONSTANT_VALUE, UNIQUE_KEY, CREATE_USER, CREATED_ON, LINE_NO, MANAGED, FIELD_PATH, DATA_TYPE, DATA1, DATA2, TRANSITIVE_FIELDS, FORMULA, ENTITY_LOOKUP_TYPE)
VALUES ('e4b1106878b64a7baef3b01b27e0ff0a', 0, 'b219727f2ba841c98fb3833887169c4c', 'custDate1', 'CUST_DATE1', 'DATE', 'CUSTOM_FIELD_DATE1', 0, 'date', '', '', '', '', '', '', '', 0, NULL, NULL, NULL, NULL, '', '', 'system', systimestamp, '19', 0, 'entity.briefCust.custDate1', '', '', '', '', '', '');
INSERT INTO CNT_FIELD_DEFINITION
 (ID, REVISION, PARENT_ID, FIELD_ID, COLUMN_NAME, COLUMN_TYPE, REPORT_COLUMN_NAME, PRODUCT_FIELD, FIELD_TYPE, ENTITY_LOOKUP, ENTITY_LOOKUP_KEY, ORDER_BY, GENERATOR, REFER_TABLE, KEY_COLUMN, LOOKUP_COLUMN, MANDATORY, MIN_LENGTH, MAX_LENGTH, MIN_VALUE, MAX_VALUE, CONSTANT_VALUE, UNIQUE_KEY, CREATE_USER, CREATED_ON, LINE_NO, MANAGED, FIELD_PATH, DATA_TYPE, DATA1, DATA2, TRANSITIVE_FIELDS, FORMULA, ENTITY_LOOKUP_TYPE)
VALUES ('04844c735b394a969494452d3c1a2af8', 0, 'b219727f2ba841c98fb3833887169c4c', 'custDate2', 'CUST_DATE2', 'DATE', 'CUSTOM_FIELD_DATE2', 0, 'date', '', '', '', '', '', '', '', 0, NULL, NULL, NULL, NULL, '', '', 'system', systimestamp, '20', 0, 'entity.briefCust.custDate2', '', '', '', '', '', '');
INSERT INTO CNT_FIELD_DEFINITION
 (ID, REVISION, PARENT_ID, FIELD_ID, COLUMN_NAME, COLUMN_TYPE, REPORT_COLUMN_NAME, PRODUCT_FIELD, FIELD_TYPE, ENTITY_LOOKUP, ENTITY_LOOKUP_KEY, ORDER_BY, GENERATOR, REFER_TABLE, KEY_COLUMN, LOOKUP_COLUMN, MANDATORY, MIN_LENGTH, MAX_LENGTH, MIN_VALUE, MAX_VALUE, CONSTANT_VALUE, UNIQUE_KEY, CREATE_USER, CREATED_ON, LINE_NO, MANAGED, FIELD_PATH, DATA_TYPE, DATA1, DATA2, TRANSITIVE_FIELDS, FORMULA, ENTITY_LOOKUP_TYPE)
VALUES ('dc805d9d064148d5811470755acb7ee9', 0, 'b219727f2ba841c98fb3833887169c4c', 'custDate3', 'CUST_DATE3', 'DATE', 'CUSTOM_FIELD_DATE3', 0, 'date', '', '', '', '', '', '', '', 0, NULL, NULL, NULL, NULL, '', '', 'system', systimestamp, '21', 0, 'entity.briefCust.custDate3', '', '', '', '', '', '');
INSERT INTO CNT_FIELD_DEFINITION
 (ID, REVISION, PARENT_ID, FIELD_ID, COLUMN_NAME, COLUMN_TYPE, REPORT_COLUMN_NAME, PRODUCT_FIELD, FIELD_TYPE, ENTITY_LOOKUP, ENTITY_LOOKUP_KEY, ORDER_BY, GENERATOR, REFER_TABLE, KEY_COLUMN, LOOKUP_COLUMN, MANDATORY, MIN_LENGTH, MAX_LENGTH, MIN_VALUE, MAX_VALUE, CONSTANT_VALUE, UNIQUE_KEY, CREATE_USER, CREATED_ON, LINE_NO, MANAGED, FIELD_PATH, DATA_TYPE, DATA1, DATA2, TRANSITIVE_FIELDS, FORMULA, ENTITY_LOOKUP_TYPE)
VALUES ('30891dbeccb843cfa7d7fe8c24f796ca', 0, 'b219727f2ba841c98fb3833887169c4c', 'custDate4', 'CUST_DATE4', 'DATE', 'CUSTOM_FIELD_DATE4', 0, 'date', '', '', '', '', '', '', '', 0, NULL, NULL, NULL, NULL, '', '', 'system', systimestamp, '22', 0, 'entity.briefCust.custDate4', '', '', '', '', '', '');
INSERT INTO CNT_FIELD_DEFINITION
 (ID, REVISION, PARENT_ID, FIELD_ID, COLUMN_NAME, COLUMN_TYPE, REPORT_COLUMN_NAME, PRODUCT_FIELD, FIELD_TYPE, ENTITY_LOOKUP, ENTITY_LOOKUP_KEY, ORDER_BY, GENERATOR, REFER_TABLE, KEY_COLUMN, LOOKUP_COLUMN, MANDATORY, MIN_LENGTH, MAX_LENGTH, MIN_VALUE, MAX_VALUE, CONSTANT_VALUE, UNIQUE_KEY, CREATE_USER, CREATED_ON, LINE_NO, MANAGED, FIELD_PATH, DATA_TYPE, DATA1, DATA2, TRANSITIVE_FIELDS, FORMULA, ENTITY_LOOKUP_TYPE)
VALUES ('6b764afba9654d729502fbf04b365438', 0, 'b219727f2ba841c98fb3833887169c4c', 'custDate5', 'CUST_DATE5', 'DATE', 'CUSTOM_FIELD_DATE5', 0, 'date', '', '', '', '', '', '', '', 0, NULL, NULL, NULL, NULL, '', '', 'system', systimestamp, '23', 0, 'entity.briefCust.custDate5', '', '', '', '', '', '');
INSERT INTO CNT_FIELD_DEFINITION
 (ID, REVISION, PARENT_ID, FIELD_ID, COLUMN_NAME, COLUMN_TYPE, REPORT_COLUMN_NAME, PRODUCT_FIELD, FIELD_TYPE, ENTITY_LOOKUP, ENTITY_LOOKUP_KEY, ORDER_BY, GENERATOR, REFER_TABLE, KEY_COLUMN, LOOKUP_COLUMN, MANDATORY, MIN_LENGTH, MAX_LENGTH, MIN_VALUE, MAX_VALUE, CONSTANT_VALUE, UNIQUE_KEY, CREATE_USER, CREATED_ON, LINE_NO, MANAGED, FIELD_PATH, DATA_TYPE, DATA1, DATA2, TRANSITIVE_FIELDS, FORMULA, ENTITY_LOOKUP_TYPE)
VALUES ('feeb60dc50a843d08954338a1f24ff72', 0, 'b219727f2ba841c98fb3833887169c4c', 'custDate6', 'CUST_DATE6', 'DATE', 'CUSTOM_FIELD_DATE6', 0, 'date', '', '', '', '', '', '', '', 0, NULL, NULL, NULL, NULL, '', '', 'system', systimestamp, '24', 0, 'entity.briefCust.custDate6', '', '', '', '', '', '');
INSERT INTO CNT_FIELD_DEFINITION
 (ID, REVISION, PARENT_ID, FIELD_ID, COLUMN_NAME, COLUMN_TYPE, REPORT_COLUMN_NAME, PRODUCT_FIELD, FIELD_TYPE, ENTITY_LOOKUP, ENTITY_LOOKUP_KEY, ORDER_BY, GENERATOR, REFER_TABLE, KEY_COLUMN, LOOKUP_COLUMN, MANDATORY, MIN_LENGTH, MAX_LENGTH, MIN_VALUE, MAX_VALUE, CONSTANT_VALUE, UNIQUE_KEY, CREATE_USER, CREATED_ON, LINE_NO, MANAGED, FIELD_PATH, DATA_TYPE, DATA1, DATA2, TRANSITIVE_FIELDS, FORMULA, ENTITY_LOOKUP_TYPE)
VALUES ('15548317135b4825bafc05eadcb10a48', 0, 'b219727f2ba841c98fb3833887169c4c', 'custDate7', 'CUST_DATE7', 'DATE', 'CUSTOM_FIELD_DATE7', 0, 'date', '', '', '', '', '', '', '', 0, NULL, NULL, NULL, NULL, '', '', 'system', systimestamp, '25', 0, 'entity.briefCust.custDate7', '', '', '', '', '', '');
INSERT INTO CNT_FIELD_DEFINITION
 (ID, REVISION, PARENT_ID, FIELD_ID, COLUMN_NAME, COLUMN_TYPE, REPORT_COLUMN_NAME, PRODUCT_FIELD, FIELD_TYPE, ENTITY_LOOKUP, ENTITY_LOOKUP_KEY, ORDER_BY, GENERATOR, REFER_TABLE, KEY_COLUMN, LOOKUP_COLUMN, MANDATORY, MIN_LENGTH, MAX_LENGTH, MIN_VALUE, MAX_VALUE, CONSTANT_VALUE, UNIQUE_KEY, CREATE_USER, CREATED_ON, LINE_NO, MANAGED, FIELD_PATH, DATA_TYPE, DATA1, DATA2, TRANSITIVE_FIELDS, FORMULA, ENTITY_LOOKUP_TYPE)
VALUES ('64b491adac9d4d8b8816f8511d6795bf', 0, 'b219727f2ba841c98fb3833887169c4c', 'custNumber1', 'CUST_NUMBER1', 'NUMBER(20, 0)', 'CUSTOM_FIELD_NUMBER1', 0, 'integer', '', '', '', '', '', '', '', 0, NULL, 18, NULL, NULL, '', '', 'system', systimestamp, '26', 0, 'entity.briefCust.custNumber1', '', '', '', '', '', '');
INSERT INTO CNT_FIELD_DEFINITION
 (ID, REVISION, PARENT_ID, FIELD_ID, COLUMN_NAME, COLUMN_TYPE, REPORT_COLUMN_NAME, PRODUCT_FIELD, FIELD_TYPE, ENTITY_LOOKUP, ENTITY_LOOKUP_KEY, ORDER_BY, GENERATOR, REFER_TABLE, KEY_COLUMN, LOOKUP_COLUMN, MANDATORY, MIN_LENGTH, MAX_LENGTH, MIN_VALUE, MAX_VALUE, CONSTANT_VALUE, UNIQUE_KEY, CREATE_USER, CREATED_ON, LINE_NO, MANAGED, FIELD_PATH, DATA_TYPE, DATA1, DATA2, TRANSITIVE_FIELDS, FORMULA, ENTITY_LOOKUP_TYPE)
VALUES ('eac841fe46df47b5b0aa2d2c12a60265', 0, 'b219727f2ba841c98fb3833887169c4c', 'custNumber2', 'CUST_NUMBER2', 'NUMBER(20, 0)', 'CUSTOM_FIELD_NUMBER2', 0, 'integer', '', '', '', '', '', '', '', 0, NULL, 18, NULL, NULL, '', '', 'system', systimestamp, '27', 0, 'entity.briefCust.custNumber2', '', '', '', '', '', '');
INSERT INTO CNT_FIELD_DEFINITION
 (ID, REVISION, PARENT_ID, FIELD_ID, COLUMN_NAME, COLUMN_TYPE, REPORT_COLUMN_NAME, PRODUCT_FIELD, FIELD_TYPE, ENTITY_LOOKUP, ENTITY_LOOKUP_KEY, ORDER_BY, GENERATOR, REFER_TABLE, KEY_COLUMN, LOOKUP_COLUMN, MANDATORY, MIN_LENGTH, MAX_LENGTH, MIN_VALUE, MAX_VALUE, CONSTANT_VALUE, UNIQUE_KEY, CREATE_USER, CREATED_ON, LINE_NO, MANAGED, FIELD_PATH, DATA_TYPE, DATA1, DATA2, TRANSITIVE_FIELDS, FORMULA, ENTITY_LOOKUP_TYPE)
VALUES ('2f73d0a7789b4737a046cf7092bf44cd', 0, 'b219727f2ba841c98fb3833887169c4c', 'custNumber3', 'CUST_NUMBER3', 'NUMBER(20, 0)', 'CUSTOM_FIELD_NUMBER3', 0, 'integer', '', '', '', '', '', '', '', 0, NULL, 18, NULL, NULL, '', '', 'system', systimestamp, '28', 0, 'entity.briefCust.custNumber3', '', '', '', '', '', '');
INSERT INTO CNT_FIELD_DEFINITION
 (ID, REVISION, PARENT_ID, FIELD_ID, COLUMN_NAME, COLUMN_TYPE, REPORT_COLUMN_NAME, PRODUCT_FIELD, FIELD_TYPE, ENTITY_LOOKUP, ENTITY_LOOKUP_KEY, ORDER_BY, GENERATOR, REFER_TABLE, KEY_COLUMN, LOOKUP_COLUMN, MANDATORY, MIN_LENGTH, MAX_LENGTH, MIN_VALUE, MAX_VALUE, CONSTANT_VALUE, UNIQUE_KEY, CREATE_USER, CREATED_ON, LINE_NO, MANAGED, FIELD_PATH, DATA_TYPE, DATA1, DATA2, TRANSITIVE_FIELDS, FORMULA, ENTITY_LOOKUP_TYPE)
VALUES ('cfcd6ba0836b4f788b278f895c89c454', 0, 'b219727f2ba841c98fb3833887169c4c', 'custNumber4', 'CUST_NUMBER4', 'NUMBER(20, 0)', 'CUSTOM_FIELD_NUMBER4', 0, 'integer', '', '', '', '', '', '', '', 0, NULL, 18, NULL, NULL, '', '', 'system', systimestamp, '29', 0, 'entity.briefCust.custNumber4', '', '', '', '', '', '');
INSERT INTO CNT_FIELD_DEFINITION
 (ID, REVISION, PARENT_ID, FIELD_ID, COLUMN_NAME, COLUMN_TYPE, REPORT_COLUMN_NAME, PRODUCT_FIELD, FIELD_TYPE, ENTITY_LOOKUP, ENTITY_LOOKUP_KEY, ORDER_BY, GENERATOR, REFER_TABLE, KEY_COLUMN, LOOKUP_COLUMN, MANDATORY, MIN_LENGTH, MAX_LENGTH, MIN_VALUE, MAX_VALUE, CONSTANT_VALUE, UNIQUE_KEY, CREATE_USER, CREATED_ON, LINE_NO, MANAGED, FIELD_PATH, DATA_TYPE, DATA1, DATA2, TRANSITIVE_FIELDS, FORMULA, ENTITY_LOOKUP_TYPE)
VALUES ('cc250f2b59b5487db31f17d860ba4d08', 0, 'b219727f2ba841c98fb3833887169c4c', 'custNumber5', 'CUST_NUMBER5', 'NUMBER(20, 0)', 'CUSTOM_FIELD_NUMBER5', 0, 'integer', '', '', '', '', '', '', '', 0, NULL, 18, NULL, NULL, '', '', 'system', systimestamp, '30', 0, 'entity.briefCust.custNumber5', '', '', '', '', '', '');
INSERT INTO CNT_FIELD_DEFINITION
 (ID, REVISION, PARENT_ID, FIELD_ID, COLUMN_NAME, COLUMN_TYPE, REPORT_COLUMN_NAME, PRODUCT_FIELD, FIELD_TYPE, ENTITY_LOOKUP, ENTITY_LOOKUP_KEY, ORDER_BY, GENERATOR, REFER_TABLE, KEY_COLUMN, LOOKUP_COLUMN, MANDATORY, MIN_LENGTH, MAX_LENGTH, MIN_VALUE, MAX_VALUE, CONSTANT_VALUE, UNIQUE_KEY, CREATE_USER, CREATED_ON, LINE_NO, MANAGED, FIELD_PATH, DATA_TYPE, DATA1, DATA2, TRANSITIVE_FIELDS, FORMULA, ENTITY_LOOKUP_TYPE)
VALUES ('a263ab40113c4bf5b993a5b9494e4388', 0, 'b219727f2ba841c98fb3833887169c4c', 'custNumber6', 'CUST_NUMBER6', 'NUMBER(20, 0)', 'CUSTOM_FIELD_NUMBER6', 0, 'integer', '', '', '', '', '', '', '', 0, NULL, 18, NULL, NULL, '', '', 'system', systimestamp, '31', 0, 'entity.briefCust.custNumber6', '', '', '', '', '', '');
INSERT INTO CNT_FIELD_DEFINITION
 (ID, REVISION, PARENT_ID, FIELD_ID, COLUMN_NAME, COLUMN_TYPE, REPORT_COLUMN_NAME, PRODUCT_FIELD, FIELD_TYPE, ENTITY_LOOKUP, ENTITY_LOOKUP_KEY, ORDER_BY, GENERATOR, REFER_TABLE, KEY_COLUMN, LOOKUP_COLUMN, MANDATORY, MIN_LENGTH, MAX_LENGTH, MIN_VALUE, MAX_VALUE, CONSTANT_VALUE, UNIQUE_KEY, CREATE_USER, CREATED_ON, LINE_NO, MANAGED, FIELD_PATH, DATA_TYPE, DATA1, DATA2, TRANSITIVE_FIELDS, FORMULA, ENTITY_LOOKUP_TYPE)
VALUES ('938269de7c5a4f249192566696caa8a2', 0, 'b219727f2ba841c98fb3833887169c4c', 'custNumber7', 'CUST_NUMBER7', 'NUMBER(20, 0)', 'CUSTOM_FIELD_NUMBER7', 0, 'integer', '', '', '', '', '', '', '', 0, NULL, 18, NULL, NULL, '', '', 'system', systimestamp, '32', 0, 'entity.briefCust.custNumber7', '', '', '', '', '', '');
INSERT INTO CNT_FIELD_DEFINITION
 (ID, REVISION, PARENT_ID, FIELD_ID, COLUMN_NAME, COLUMN_TYPE, REPORT_COLUMN_NAME, PRODUCT_FIELD, FIELD_TYPE, ENTITY_LOOKUP, ENTITY_LOOKUP_KEY, ORDER_BY, GENERATOR, REFER_TABLE, KEY_COLUMN, LOOKUP_COLUMN, MANDATORY, MIN_LENGTH, MAX_LENGTH, MIN_VALUE, MAX_VALUE, CONSTANT_VALUE, UNIQUE_KEY, CREATE_USER, CREATED_ON, LINE_NO, MANAGED, FIELD_PATH, DATA_TYPE, DATA1, DATA2, TRANSITIVE_FIELDS, FORMULA, ENTITY_LOOKUP_TYPE)
VALUES ('ecff46babb9c4acb86dbb37bd8de0a63', 0, 'b219727f2ba841c98fb3833887169c4c', 'custDecimal1', 'CUST_DECIMAL1', 'NUMBER(25, 5)', 'CUSTOM_FIELD_DECIMAL1', 0, 'decimal-rate', '', '', '', '', '', '', '', 0, NULL, 20, NULL, NULL, '', '', 'system', systimestamp, '33', 0, 'entity.briefCust.custDecimal1', '', '', '', '', '', '');
INSERT INTO CNT_FIELD_DEFINITION
 (ID, REVISION, PARENT_ID, FIELD_ID, COLUMN_NAME, COLUMN_TYPE, REPORT_COLUMN_NAME, PRODUCT_FIELD, FIELD_TYPE, ENTITY_LOOKUP, ENTITY_LOOKUP_KEY, ORDER_BY, GENERATOR, REFER_TABLE, KEY_COLUMN, LOOKUP_COLUMN, MANDATORY, MIN_LENGTH, MAX_LENGTH, MIN_VALUE, MAX_VALUE, CONSTANT_VALUE, UNIQUE_KEY, CREATE_USER, CREATED_ON, LINE_NO, MANAGED, FIELD_PATH, DATA_TYPE, DATA1, DATA2, TRANSITIVE_FIELDS, FORMULA, ENTITY_LOOKUP_TYPE)
VALUES ('4e252180a6a84930aad75d8303a090fa', 0, 'b219727f2ba841c98fb3833887169c4c', 'custDecimal2', 'CUST_DECIMAL2', 'NUMBER(25, 5)', 'CUSTOM_FIELD_DECIMAL2', 0, 'decimal-rate', '', '', '', '', '', '', '', 0, NULL, 20, NULL, NULL, '', '', 'system', systimestamp, '34', 0, 'entity.briefCust.custDecimal2', '', '', '', '', '', '');
INSERT INTO CNT_FIELD_DEFINITION
 (ID, REVISION, PARENT_ID, FIELD_ID, COLUMN_NAME, COLUMN_TYPE, REPORT_COLUMN_NAME, PRODUCT_FIELD, FIELD_TYPE, ENTITY_LOOKUP, ENTITY_LOOKUP_KEY, ORDER_BY, GENERATOR, REFER_TABLE, KEY_COLUMN, LOOKUP_COLUMN, MANDATORY, MIN_LENGTH, MAX_LENGTH, MIN_VALUE, MAX_VALUE, CONSTANT_VALUE, UNIQUE_KEY, CREATE_USER, CREATED_ON, LINE_NO, MANAGED, FIELD_PATH, DATA_TYPE, DATA1, DATA2, TRANSITIVE_FIELDS, FORMULA, ENTITY_LOOKUP_TYPE)
VALUES ('4dcdb80b49c94af29e2826a97bc7a674', 0, 'b219727f2ba841c98fb3833887169c4c', 'custDecimal3', 'CUST_DECIMAL3', 'NUMBER(25, 5)', 'CUSTOM_FIELD_DECIMAL3', 0, 'decimal-rate', '', '', '', '', '', '', '', 0, NULL, 20, NULL, NULL, '', '', 'system', systimestamp, '35', 0, 'entity.briefCust.custDecimal3', '', '', '', '', '', '');
INSERT INTO CNT_FIELD_DEFINITION
 (ID, REVISION, PARENT_ID, FIELD_ID, COLUMN_NAME, COLUMN_TYPE, REPORT_COLUMN_NAME, PRODUCT_FIELD, FIELD_TYPE, ENTITY_LOOKUP, ENTITY_LOOKUP_KEY, ORDER_BY, GENERATOR, REFER_TABLE, KEY_COLUMN, LOOKUP_COLUMN, MANDATORY, MIN_LENGTH, MAX_LENGTH, MIN_VALUE, MAX_VALUE, CONSTANT_VALUE, UNIQUE_KEY, CREATE_USER, CREATED_ON, LINE_NO, MANAGED, FIELD_PATH, DATA_TYPE, DATA1, DATA2, TRANSITIVE_FIELDS, FORMULA, ENTITY_LOOKUP_TYPE)
VALUES ('fee2da0583d04ba3b5d4b2c5443321bb', 0, 'b219727f2ba841c98fb3833887169c4c', 'custDecimal4', 'CUST_DECIMAL4', 'NUMBER(25, 5)', 'CUSTOM_FIELD_DECIMAL4', 0, 'decimal-rate', '', '', '', '', '', '', '', 0, NULL, 20, NULL, NULL, '', '', 'system', systimestamp, '36', 0, 'entity.briefCust.custDecimal4', '', '', '', '', '', '');
INSERT INTO CNT_FIELD_DEFINITION
 (ID, REVISION, PARENT_ID, FIELD_ID, COLUMN_NAME, COLUMN_TYPE, REPORT_COLUMN_NAME, PRODUCT_FIELD, FIELD_TYPE, ENTITY_LOOKUP, ENTITY_LOOKUP_KEY, ORDER_BY, GENERATOR, REFER_TABLE, KEY_COLUMN, LOOKUP_COLUMN, MANDATORY, MIN_LENGTH, MAX_LENGTH, MIN_VALUE, MAX_VALUE, CONSTANT_VALUE, UNIQUE_KEY, CREATE_USER, CREATED_ON, LINE_NO, MANAGED, FIELD_PATH, DATA_TYPE, DATA1, DATA2, TRANSITIVE_FIELDS, FORMULA, ENTITY_LOOKUP_TYPE)
VALUES ('3cd79f1ba42b499397a92e16f2fcb528', 0, 'b219727f2ba841c98fb3833887169c4c', 'custDecimal5', 'CUST_DECIMAL5', 'NUMBER(25, 5)', 'CUSTOM_FIELD_DECIMAL5', 0, 'decimal-rate', '', '', '', '', '', '', '', 0, NULL, 20, NULL, NULL, '', '', 'system', systimestamp, '37', 0, 'entity.briefCust.custDecimal5', '', '', '', '', '', '');
INSERT INTO CNT_FIELD_DEFINITION
 (ID, REVISION, PARENT_ID, FIELD_ID, COLUMN_NAME, COLUMN_TYPE, REPORT_COLUMN_NAME, PRODUCT_FIELD, FIELD_TYPE, ENTITY_LOOKUP, ENTITY_LOOKUP_KEY, ORDER_BY, GENERATOR, REFER_TABLE, KEY_COLUMN, LOOKUP_COLUMN, MANDATORY, MIN_LENGTH, MAX_LENGTH, MIN_VALUE, MAX_VALUE, CONSTANT_VALUE, UNIQUE_KEY, CREATE_USER, CREATED_ON, LINE_NO, MANAGED, FIELD_PATH, DATA_TYPE, DATA1, DATA2, TRANSITIVE_FIELDS, FORMULA, ENTITY_LOOKUP_TYPE)
VALUES ('3ee274c991054450b0ef8cef1b1c5f90', 0, 'b219727f2ba841c98fb3833887169c4c', 'custDecimal6', 'CUST_DECIMAL6', 'NUMBER(25, 5)', 'CUSTOM_FIELD_DECIMAL6', 0, 'decimal-rate', '', '', '', '', '', '', '', 0, NULL, 20, NULL, NULL, '', '', 'system', systimestamp, '38', 0, 'entity.briefCust.custDecimal6', '', '', '', '', '', '');
INSERT INTO CNT_FIELD_DEFINITION
 (ID, REVISION, PARENT_ID, FIELD_ID, COLUMN_NAME, COLUMN_TYPE, REPORT_COLUMN_NAME, PRODUCT_FIELD, FIELD_TYPE, ENTITY_LOOKUP, ENTITY_LOOKUP_KEY, ORDER_BY, GENERATOR, REFER_TABLE, KEY_COLUMN, LOOKUP_COLUMN, MANDATORY, MIN_LENGTH, MAX_LENGTH, MIN_VALUE, MAX_VALUE, CONSTANT_VALUE, UNIQUE_KEY, CREATE_USER, CREATED_ON, LINE_NO, MANAGED, FIELD_PATH, DATA_TYPE, DATA1, DATA2, TRANSITIVE_FIELDS, FORMULA, ENTITY_LOOKUP_TYPE)
VALUES ('0c07444ef4e54feb8fc640a6fa1f6fa2', 0, 'b219727f2ba841c98fb3833887169c4c', 'custDecimal7', 'CUST_DECIMAL7', 'NUMBER(25, 5)', 'CUSTOM_FIELD_DECIMAL7', 0, 'decimal-rate', '', '', '', '', '', '', '', 0, NULL, 20, NULL, NULL, '', '', 'system', systimestamp, '39', 0, 'entity.briefCust.custDecimal7', '', '', '', '', '', '');
INSERT INTO CNT_FIELD_DEFINITION
 (ID, REVISION, PARENT_ID, FIELD_ID, COLUMN_NAME, COLUMN_TYPE, REPORT_COLUMN_NAME, PRODUCT_FIELD, FIELD_TYPE, ENTITY_LOOKUP, ENTITY_LOOKUP_KEY, ORDER_BY, GENERATOR, REFER_TABLE, KEY_COLUMN, LOOKUP_COLUMN, MANDATORY, MIN_LENGTH, MAX_LENGTH, MIN_VALUE, MAX_VALUE, CONSTANT_VALUE, UNIQUE_KEY, CREATE_USER, CREATED_ON, LINE_NO, MANAGED, FIELD_PATH, DATA_TYPE, DATA1, DATA2, TRANSITIVE_FIELDS, FORMULA, ENTITY_LOOKUP_TYPE)
VALUES ('764c60c5c7d444f89569aaa38f8357fe', 0, 'b219727f2ba841c98fb3833887169c4c', 'custCodelist1', 'CUST_CODELIST1', 'NVARCHAR2(400)', 'CUSTOM_FIELD_CODE_LIST_CODE1', 0, 'string-m', '', '', '', '', '', '', '', 0, NULL, 400, NULL, NULL, '', '', 'system', systimestamp, '40', 0, 'entity.briefCust.custCodelist1', 'codelist', '', '', '', '', '');
INSERT INTO CNT_FIELD_DEFINITION
 (ID, REVISION, PARENT_ID, FIELD_ID, COLUMN_NAME, COLUMN_TYPE, REPORT_COLUMN_NAME, PRODUCT_FIELD, FIELD_TYPE, ENTITY_LOOKUP, ENTITY_LOOKUP_KEY, ORDER_BY, GENERATOR, REFER_TABLE, KEY_COLUMN, LOOKUP_COLUMN, MANDATORY, MIN_LENGTH, MAX_LENGTH, MIN_VALUE, MAX_VALUE, CONSTANT_VALUE, UNIQUE_KEY, CREATE_USER, CREATED_ON, LINE_NO, MANAGED, FIELD_PATH, DATA_TYPE, DATA1, DATA2, TRANSITIVE_FIELDS, FORMULA, ENTITY_LOOKUP_TYPE)
VALUES ('7cea4a6cbd10471794bf8ef24056849b', 0, 'b219727f2ba841c98fb3833887169c4c', 'custCodelist2', 'CUST_CODELIST2', 'NVARCHAR2(400)', 'CUSTOM_FIELD_CODE_LIST_CODE2', 0, 'string-m', '', '', '', '', '', '', '', 0, NULL, 400, NULL, NULL, '', '', 'system', systimestamp, '41', 0, 'entity.briefCust.custCodelist2', 'codelist', '', '', '', '', '');
INSERT INTO CNT_FIELD_DEFINITION
 (ID, REVISION, PARENT_ID, FIELD_ID, COLUMN_NAME, COLUMN_TYPE, REPORT_COLUMN_NAME, PRODUCT_FIELD, FIELD_TYPE, ENTITY_LOOKUP, ENTITY_LOOKUP_KEY, ORDER_BY, GENERATOR, REFER_TABLE, KEY_COLUMN, LOOKUP_COLUMN, MANDATORY, MIN_LENGTH, MAX_LENGTH, MIN_VALUE, MAX_VALUE, CONSTANT_VALUE, UNIQUE_KEY, CREATE_USER, CREATED_ON, LINE_NO, MANAGED, FIELD_PATH, DATA_TYPE, DATA1, DATA2, TRANSITIVE_FIELDS, FORMULA, ENTITY_LOOKUP_TYPE)
VALUES ('d4fe609f6d9b45148335d31543b3f409', 0, 'b219727f2ba841c98fb3833887169c4c', 'custCodelist3', 'CUST_CODELIST3', 'NVARCHAR2(400)', 'CUSTOM_FIELD_CODE_LIST_CODE3', 0, 'string-m', '', '', '', '', '', '', '', 0, NULL, 400, NULL, NULL, '', '', 'system', systimestamp, '42', 0, 'entity.briefCust.custCodelist3', 'codelist', '', '', '', '', '');
INSERT INTO CNT_FIELD_DEFINITION
 (ID, REVISION, PARENT_ID, FIELD_ID, COLUMN_NAME, COLUMN_TYPE, REPORT_COLUMN_NAME, PRODUCT_FIELD, FIELD_TYPE, ENTITY_LOOKUP, ENTITY_LOOKUP_KEY, ORDER_BY, GENERATOR, REFER_TABLE, KEY_COLUMN, LOOKUP_COLUMN, MANDATORY, MIN_LENGTH, MAX_LENGTH, MIN_VALUE, MAX_VALUE, CONSTANT_VALUE, UNIQUE_KEY, CREATE_USER, CREATED_ON, LINE_NO, MANAGED, FIELD_PATH, DATA_TYPE, DATA1, DATA2, TRANSITIVE_FIELDS, FORMULA, ENTITY_LOOKUP_TYPE)
VALUES ('06abead442fa4b27a13fa0dfe1468e90', 0, 'b219727f2ba841c98fb3833887169c4c', 'custCodelist4', 'CUST_CODELIST4', 'NVARCHAR2(400)', 'CUSTOM_FIELD_CODE_LIST_CODE4', 0, 'string-m', '', '', '', '', '', '', '', 0, NULL, 400, NULL, NULL, '', '', 'system', systimestamp, '43', 0, 'entity.briefCust.custCodelist4', 'codelist', '', '', '', '', '');
INSERT INTO CNT_FIELD_DEFINITION
 (ID, REVISION, PARENT_ID, FIELD_ID, COLUMN_NAME, COLUMN_TYPE, REPORT_COLUMN_NAME, PRODUCT_FIELD, FIELD_TYPE, ENTITY_LOOKUP, ENTITY_LOOKUP_KEY, ORDER_BY, GENERATOR, REFER_TABLE, KEY_COLUMN, LOOKUP_COLUMN, MANDATORY, MIN_LENGTH, MAX_LENGTH, MIN_VALUE, MAX_VALUE, CONSTANT_VALUE, UNIQUE_KEY, CREATE_USER, CREATED_ON, LINE_NO, MANAGED, FIELD_PATH, DATA_TYPE, DATA1, DATA2, TRANSITIVE_FIELDS, FORMULA, ENTITY_LOOKUP_TYPE)
VALUES ('0cf5d6a8a6764ac6b0860a057179f771', 0, 'b219727f2ba841c98fb3833887169c4c', 'custCodelist5', 'CUST_CODELIST5', 'NVARCHAR2(400)', 'CUSTOM_FIELD_CODE_LIST_CODE5', 0, 'string-m', '', '', '', '', '', '', '', 0, NULL, 400, NULL, NULL, '', '', 'system', systimestamp, '44', 0, 'entity.briefCust.custCodelist5', 'codelist', '', '', '', '', '');
INSERT INTO CNT_FIELD_DEFINITION
 (ID, REVISION, PARENT_ID, FIELD_ID, COLUMN_NAME, COLUMN_TYPE, REPORT_COLUMN_NAME, PRODUCT_FIELD, FIELD_TYPE, ENTITY_LOOKUP, ENTITY_LOOKUP_KEY, ORDER_BY, GENERATOR, REFER_TABLE, KEY_COLUMN, LOOKUP_COLUMN, MANDATORY, MIN_LENGTH, MAX_LENGTH, MIN_VALUE, MAX_VALUE, CONSTANT_VALUE, UNIQUE_KEY, CREATE_USER, CREATED_ON, LINE_NO, MANAGED, FIELD_PATH, DATA_TYPE, DATA1, DATA2, TRANSITIVE_FIELDS, FORMULA, ENTITY_LOOKUP_TYPE)
VALUES ('80fd533b8964440793ff97e8883b3f24', 0, 'b219727f2ba841c98fb3833887169c4c', 'custCodelist6', 'CUST_CODELIST6', 'NVARCHAR2(400)', 'CUSTOM_FIELD_CODE_LIST_CODE6', 0, 'string-m', '', '', '', '', '', '', '', 0, NULL, 400, NULL, NULL, '', '', 'system', systimestamp, '45', 0, 'entity.briefCust.custCodelist6', 'codelist', '', '', '', '', '');
INSERT INTO CNT_FIELD_DEFINITION
 (ID, REVISION, PARENT_ID, FIELD_ID, COLUMN_NAME, COLUMN_TYPE, REPORT_COLUMN_NAME, PRODUCT_FIELD, FIELD_TYPE, ENTITY_LOOKUP, ENTITY_LOOKUP_KEY, ORDER_BY, GENERATOR, REFER_TABLE, KEY_COLUMN, LOOKUP_COLUMN, MANDATORY, MIN_LENGTH, MAX_LENGTH, MIN_VALUE, MAX_VALUE, CONSTANT_VALUE, UNIQUE_KEY, CREATE_USER, CREATED_ON, LINE_NO, MANAGED, FIELD_PATH, DATA_TYPE, DATA1, DATA2, TRANSITIVE_FIELDS, FORMULA, ENTITY_LOOKUP_TYPE)
VALUES ('c5c381828ce04613b47f91562aef11ba', 0, 'b219727f2ba841c98fb3833887169c4c', 'custCodelist7', 'CUST_CODELIST7', 'NVARCHAR2(400)', 'CUSTOM_FIELD_CODE_LIST_CODE7', 0, 'string-m', '', '', '', '', '', '', '', 0, NULL, 400, NULL, NULL, '', '', 'system', systimestamp, '46', 0, 'entity.briefCust.custCodelist7', 'codelist', '', '', '', '', '');
INSERT INTO CNT_FIELD_DEFINITION
 (ID, REVISION, PARENT_ID, FIELD_ID, COLUMN_NAME, COLUMN_TYPE, REPORT_COLUMN_NAME, PRODUCT_FIELD, FIELD_TYPE, ENTITY_LOOKUP, ENTITY_LOOKUP_KEY, ORDER_BY, GENERATOR, REFER_TABLE, KEY_COLUMN, LOOKUP_COLUMN, MANDATORY, MIN_LENGTH, MAX_LENGTH, MIN_VALUE, MAX_VALUE, CONSTANT_VALUE, UNIQUE_KEY, CREATE_USER, CREATED_ON, LINE_NO, MANAGED, FIELD_PATH, DATA_TYPE, DATA1, DATA2, TRANSITIVE_FIELDS, FORMULA, ENTITY_LOOKUP_TYPE)
VALUES ('934d974c87b84dc5a617915259777001', 0, 'b219727f2ba841c98fb3833887169c4c', 'custMemoText1', 'CUST_MEMO_TEXT1', 'NVARCHAR2(1000)', 'CUSTOM_FIELD_MEMO_TEXT1', 0, 'string-l', '', '', '', '', '', '', '', 0, NULL, 1000, NULL, NULL, '', '', 'system', systimestamp, '47', 0, 'entity.briefCust.custMemoText1', '', '', '', '', '', '');
INSERT INTO CNT_FIELD_DEFINITION
 (ID, REVISION, PARENT_ID, FIELD_ID, COLUMN_NAME, COLUMN_TYPE, REPORT_COLUMN_NAME, PRODUCT_FIELD, FIELD_TYPE, ENTITY_LOOKUP, ENTITY_LOOKUP_KEY, ORDER_BY, GENERATOR, REFER_TABLE, KEY_COLUMN, LOOKUP_COLUMN, MANDATORY, MIN_LENGTH, MAX_LENGTH, MIN_VALUE, MAX_VALUE, CONSTANT_VALUE, UNIQUE_KEY, CREATE_USER, CREATED_ON, LINE_NO, MANAGED, FIELD_PATH, DATA_TYPE, DATA1, DATA2, TRANSITIVE_FIELDS, FORMULA, ENTITY_LOOKUP_TYPE)
VALUES ('65cc2ac3e12b4403bbca8fe64fd23c7c', 0, 'b219727f2ba841c98fb3833887169c4c', 'custMemoText2', 'CUST_MEMO_TEXT2', 'NVARCHAR2(1000)', 'CUSTOM_FIELD_MEMO_TEXT2', 0, 'string-l', '', '', '', '', '', '', '', 0, NULL, 1000, NULL, NULL, '', '', 'system', systimestamp, '48', 0, 'entity.briefCust.custMemoText2', '', '', '', '', '', '');
INSERT INTO CNT_FIELD_DEFINITION
 (ID, REVISION, PARENT_ID, FIELD_ID, COLUMN_NAME, COLUMN_TYPE, REPORT_COLUMN_NAME, PRODUCT_FIELD, FIELD_TYPE, ENTITY_LOOKUP, ENTITY_LOOKUP_KEY, ORDER_BY, GENERATOR, REFER_TABLE, KEY_COLUMN, LOOKUP_COLUMN, MANDATORY, MIN_LENGTH, MAX_LENGTH, MIN_VALUE, MAX_VALUE, CONSTANT_VALUE, UNIQUE_KEY, CREATE_USER, CREATED_ON, LINE_NO, MANAGED, FIELD_PATH, DATA_TYPE, DATA1, DATA2, TRANSITIVE_FIELDS, FORMULA, ENTITY_LOOKUP_TYPE)
VALUES ('9cad280974964a4abfc0ed859dfe4ac1', 0, 'b219727f2ba841c98fb3833887169c4c', 'custMemoText3', 'CUST_MEMO_TEXT3', 'NVARCHAR2(1000)', 'CUSTOM_FIELD_MEMO_TEXT3', 0, 'string-l', '', '', '', '', '', '', '', 0, NULL, 1000, NULL, NULL, '', '', 'system', systimestamp, '49', 0, 'entity.briefCust.custMemoText3', '', '', '', '', '', '');
INSERT INTO CNT_FIELD_DEFINITION
 (ID, REVISION, PARENT_ID, FIELD_ID, COLUMN_NAME, COLUMN_TYPE, REPORT_COLUMN_NAME, PRODUCT_FIELD, FIELD_TYPE, ENTITY_LOOKUP, ENTITY_LOOKUP_KEY, ORDER_BY, GENERATOR, REFER_TABLE, KEY_COLUMN, LOOKUP_COLUMN, MANDATORY, MIN_LENGTH, MAX_LENGTH, MIN_VALUE, MAX_VALUE, CONSTANT_VALUE, UNIQUE_KEY, CREATE_USER, CREATED_ON, LINE_NO, MANAGED, FIELD_PATH, DATA_TYPE, DATA1, DATA2, TRANSITIVE_FIELDS, FORMULA, ENTITY_LOOKUP_TYPE)
VALUES ('c1e8eb8f92b3415780f5ad35f16de30e', 0, 'b219727f2ba841c98fb3833887169c4c', 'custMemoText4', 'CUST_MEMO_TEXT4', 'NVARCHAR2(1000)', 'CUSTOM_FIELD_MEMO_TEXT4', 0, 'string-l', '', '', '', '', '', '', '', 0, NULL, 1000, NULL, NULL, '', '', 'system', systimestamp, '50', 0, 'entity.briefCust.custMemoText4', '', '', '', '', '', '');
INSERT INTO CNT_FIELD_DEFINITION
 (ID, REVISION, PARENT_ID, FIELD_ID, COLUMN_NAME, COLUMN_TYPE, REPORT_COLUMN_NAME, PRODUCT_FIELD, FIELD_TYPE, ENTITY_LOOKUP, ENTITY_LOOKUP_KEY, ORDER_BY, GENERATOR, REFER_TABLE, KEY_COLUMN, LOOKUP_COLUMN, MANDATORY, MIN_LENGTH, MAX_LENGTH, MIN_VALUE, MAX_VALUE, CONSTANT_VALUE, UNIQUE_KEY, CREATE_USER, CREATED_ON, LINE_NO, MANAGED, FIELD_PATH, DATA_TYPE, DATA1, DATA2, TRANSITIVE_FIELDS, FORMULA, ENTITY_LOOKUP_TYPE)
VALUES ('756ed7eb4112451db0f7e0812e5a7bd4', 0, 'b219727f2ba841c98fb3833887169c4c', 'custMemoText5', 'CUST_MEMO_TEXT5', 'NVARCHAR2(1000)', 'CUSTOM_FIELD_MEMO_TEXT5', 0, 'string-l', '', '', '', '', '', '', '', 0, NULL, 1000, NULL, NULL, '', '', 'system', systimestamp, '51', 0, 'entity.briefCust.custMemoText5', '', '', '', '', '', '');
INSERT INTO CNT_FIELD_DEFINITION
 (ID, REVISION, PARENT_ID, FIELD_ID, COLUMN_NAME, COLUMN_TYPE, REPORT_COLUMN_NAME, PRODUCT_FIELD, FIELD_TYPE, ENTITY_LOOKUP, ENTITY_LOOKUP_KEY, ORDER_BY, GENERATOR, REFER_TABLE, KEY_COLUMN, LOOKUP_COLUMN, MANDATORY, MIN_LENGTH, MAX_LENGTH, MIN_VALUE, MAX_VALUE, CONSTANT_VALUE, UNIQUE_KEY, CREATE_USER, CREATED_ON, LINE_NO, MANAGED, FIELD_PATH, DATA_TYPE, DATA1, DATA2, TRANSITIVE_FIELDS, FORMULA, ENTITY_LOOKUP_TYPE)
VALUES ('355998aa1fdf48e48c65c85c44e22a7c', 0, 'b219727f2ba841c98fb3833887169c4c', 'custMemoText6', 'CUST_MEMO_TEXT6', 'NVARCHAR2(1000)', 'CUSTOM_FIELD_MEMO_TEXT6', 0, 'string-l', '', '', '', '', '', '', '', 0, NULL, 1000, NULL, NULL, '', '', 'system', systimestamp, '52', 0, 'entity.briefCust.custMemoText6', '', '', '', '', '', '');
INSERT INTO CNT_FIELD_DEFINITION
 (ID, REVISION, PARENT_ID, FIELD_ID, COLUMN_NAME, COLUMN_TYPE, REPORT_COLUMN_NAME, PRODUCT_FIELD, FIELD_TYPE, ENTITY_LOOKUP, ENTITY_LOOKUP_KEY, ORDER_BY, GENERATOR, REFER_TABLE, KEY_COLUMN, LOOKUP_COLUMN, MANDATORY, MIN_LENGTH, MAX_LENGTH, MIN_VALUE, MAX_VALUE, CONSTANT_VALUE, UNIQUE_KEY, CREATE_USER, CREATED_ON, LINE_NO, MANAGED, FIELD_PATH, DATA_TYPE, DATA1, DATA2, TRANSITIVE_FIELDS, FORMULA, ENTITY_LOOKUP_TYPE)
VALUES ('e660c29e132241eb85dc3f2f33ffe071', 0, 'b219727f2ba841c98fb3833887169c4c', 'custMemoText7', 'CUST_MEMO_TEXT7', 'NVARCHAR2(1000)', 'CUSTOM_FIELD_MEMO_TEXT7', 0, 'string-l', '', '', '', '', '', '', '', 0, NULL, 1000, NULL, NULL, '', '', 'system', systimestamp, '53', 0, 'entity.briefCust.custMemoText7', '', '', '', '', '', '');
INSERT INTO CNT_FIELD_DEFINITION
 (ID, REVISION, PARENT_ID, FIELD_ID, COLUMN_NAME, COLUMN_TYPE, REPORT_COLUMN_NAME, PRODUCT_FIELD, FIELD_TYPE, ENTITY_LOOKUP, ENTITY_LOOKUP_KEY, ORDER_BY, GENERATOR, REFER_TABLE, KEY_COLUMN, LOOKUP_COLUMN, MANDATORY, MIN_LENGTH, MAX_LENGTH, MIN_VALUE, MAX_VALUE, CONSTANT_VALUE, UNIQUE_KEY, CREATE_USER, CREATED_ON, LINE_NO, MANAGED, FIELD_PATH, DATA_TYPE, DATA1, DATA2, TRANSITIVE_FIELDS, FORMULA, ENTITY_LOOKUP_TYPE)
VALUES ('3f6f9571e42546e5a5e7cbaa90a8abb4', 0, 'b219727f2ba841c98fb3833887169c4c', 'custHcl1', 'CUST_HCL1_ID', 'CHAR(32)', 'CUSTOM_FIELD_HCL_CODE_SYS_ID1', 0, 'entity', 'HclNode', 'id', '', '', '', '', '', 0, 32, 32, NULL, NULL, '', '', 'system', systimestamp, '54', 0, 'entity.briefCust.custHcl1', '', '', '', '', '', '');
INSERT INTO CNT_FIELD_DEFINITION
 (ID, REVISION, PARENT_ID, FIELD_ID, COLUMN_NAME, COLUMN_TYPE, REPORT_COLUMN_NAME, PRODUCT_FIELD, FIELD_TYPE, ENTITY_LOOKUP, ENTITY_LOOKUP_KEY, ORDER_BY, GENERATOR, REFER_TABLE, KEY_COLUMN, LOOKUP_COLUMN, MANDATORY, MIN_LENGTH, MAX_LENGTH, MIN_VALUE, MAX_VALUE, CONSTANT_VALUE, UNIQUE_KEY, CREATE_USER, CREATED_ON, LINE_NO, MANAGED, FIELD_PATH, DATA_TYPE, DATA1, DATA2, TRANSITIVE_FIELDS, FORMULA, ENTITY_LOOKUP_TYPE)
VALUES ('28afc3a0b660401d8dffe688537c5b5d', 0, 'b219727f2ba841c98fb3833887169c4c', 'custHcl2', 'CUST_HCL2_ID', 'CHAR(32)', 'CUSTOM_FIELD_HCL_CODE_SYS_ID2', 0, 'entity', 'HclNode', 'id', '', '', '', '', '', 0, 32, 32, NULL, NULL, '', '', 'system', systimestamp, '55', 0, 'entity.briefCust.custHcl2', '', '', '', '', '', '');
INSERT INTO CNT_FIELD_DEFINITION
 (ID, REVISION, PARENT_ID, FIELD_ID, COLUMN_NAME, COLUMN_TYPE, REPORT_COLUMN_NAME, PRODUCT_FIELD, FIELD_TYPE, ENTITY_LOOKUP, ENTITY_LOOKUP_KEY, ORDER_BY, GENERATOR, REFER_TABLE, KEY_COLUMN, LOOKUP_COLUMN, MANDATORY, MIN_LENGTH, MAX_LENGTH, MIN_VALUE, MAX_VALUE, CONSTANT_VALUE, UNIQUE_KEY, CREATE_USER, CREATED_ON, LINE_NO, MANAGED, FIELD_PATH, DATA_TYPE, DATA1, DATA2, TRANSITIVE_FIELDS, FORMULA, ENTITY_LOOKUP_TYPE)
VALUES ('930d4686331b424ea61f2b2d84db7c05', 0, 'b219727f2ba841c98fb3833887169c4c', 'custHcl3', 'CUST_HCL3_ID', 'CHAR(32)', 'CUSTOM_FIELD_HCL_CODE_SYS_ID3', 0, 'entity', 'HclNode', 'id', '', '', '', '', '', 0, 32, 32, NULL, NULL, '', '', 'system', systimestamp, '56', 0, 'entity.briefCust.custHcl3', '', '', '', '', '', '');
INSERT INTO CNT_FIELD_DEFINITION
 (ID, REVISION, PARENT_ID, FIELD_ID, COLUMN_NAME, COLUMN_TYPE, REPORT_COLUMN_NAME, PRODUCT_FIELD, FIELD_TYPE, ENTITY_LOOKUP, ENTITY_LOOKUP_KEY, ORDER_BY, GENERATOR, REFER_TABLE, KEY_COLUMN, LOOKUP_COLUMN, MANDATORY, MIN_LENGTH, MAX_LENGTH, MIN_VALUE, MAX_VALUE, CONSTANT_VALUE, UNIQUE_KEY, CREATE_USER, CREATED_ON, LINE_NO, MANAGED, FIELD_PATH, DATA_TYPE, DATA1, DATA2, TRANSITIVE_FIELDS, FORMULA, ENTITY_LOOKUP_TYPE)
VALUES ('48b881dc5d1a47d4bd5f54c63d837618', 0, 'b219727f2ba841c98fb3833887169c4c', 'custHcl4', 'CUST_HCL4_ID', 'CHAR(32)', 'CUSTOM_FIELD_HCL_CODE_SYS_ID4', 0, 'entity', 'HclNode', 'id', '', '', '', '', '', 0, 32, 32, NULL, NULL, '', '', 'system', systimestamp, '57', 0, 'entity.briefCust.custHcl4', '', '', '', '', '', '');
INSERT INTO CNT_FIELD_DEFINITION
 (ID, REVISION, PARENT_ID, FIELD_ID, COLUMN_NAME, COLUMN_TYPE, REPORT_COLUMN_NAME, PRODUCT_FIELD, FIELD_TYPE, ENTITY_LOOKUP, ENTITY_LOOKUP_KEY, ORDER_BY, GENERATOR, REFER_TABLE, KEY_COLUMN, LOOKUP_COLUMN, MANDATORY, MIN_LENGTH, MAX_LENGTH, MIN_VALUE, MAX_VALUE, CONSTANT_VALUE, UNIQUE_KEY, CREATE_USER, CREATED_ON, LINE_NO, MANAGED, FIELD_PATH, DATA_TYPE, DATA1, DATA2, TRANSITIVE_FIELDS, FORMULA, ENTITY_LOOKUP_TYPE)
VALUES ('ba1a86d57004448498f2d3e58423f2a9', 0, 'b219727f2ba841c98fb3833887169c4c', 'custHcl5', 'CUST_HCL5_ID', 'CHAR(32)', 'CUSTOM_FIELD_HCL_CODE_SYS_ID5', 0, 'entity', 'HclNode', 'id', '', '', '', '', '', 0, 32, 32, NULL, NULL, '', '', 'system', systimestamp, '58', 0, 'entity.briefCust.custHcl5', '', '', '', '', '', '');
INSERT INTO CNT_FIELD_DEFINITION
 (ID, REVISION, PARENT_ID, FIELD_ID, COLUMN_NAME, COLUMN_TYPE, REPORT_COLUMN_NAME, PRODUCT_FIELD, FIELD_TYPE, ENTITY_LOOKUP, ENTITY_LOOKUP_KEY, ORDER_BY, GENERATOR, REFER_TABLE, KEY_COLUMN, LOOKUP_COLUMN, MANDATORY, MIN_LENGTH, MAX_LENGTH, MIN_VALUE, MAX_VALUE, CONSTANT_VALUE, UNIQUE_KEY, CREATE_USER, CREATED_ON, LINE_NO, MANAGED, FIELD_PATH, DATA_TYPE, DATA1, DATA2, TRANSITIVE_FIELDS, FORMULA, ENTITY_LOOKUP_TYPE)
VALUES ('a9399703303840eea66d809d556fda6e', 0, 'b219727f2ba841c98fb3833887169c4c', 'custRef', 'CUST_REF', 'NVARCHAR2(1000)', 'N/A', 1, 'string-l', '', '', '', '', '', '', '', 0, NULL, 1000, NULL, NULL, '', '', 'system', systimestamp, '59', 0, 'entity.briefCust.custRef', '', '', '', '', '', '');
INSERT INTO CNT_FIELD_DEFINITION
 (ID, REVISION, PARENT_ID, FIELD_ID, COLUMN_NAME, COLUMN_TYPE, REPORT_COLUMN_NAME, PRODUCT_FIELD, FIELD_TYPE, ENTITY_LOOKUP, ENTITY_LOOKUP_KEY, ORDER_BY, GENERATOR, REFER_TABLE, KEY_COLUMN, LOOKUP_COLUMN, MANDATORY, MIN_LENGTH, MAX_LENGTH, MIN_VALUE, MAX_VALUE, CONSTANT_VALUE, UNIQUE_KEY, CREATE_USER, CREATED_ON, LINE_NO, MANAGED, FIELD_PATH, DATA_TYPE, DATA1, DATA2, TRANSITIVE_FIELDS, FORMULA, ENTITY_LOOKUP_TYPE)
VALUES ('b1a8d9ad84da4a278a1a08e287c0ece4', 0, 'b219727f2ba841c98fb3833887169c4c', 'custVer', 'CUST_VER', 'NUMBER(20, 0)', 'N/A', 1, 'integer', '', '', '', '', '', '', '', 0, NULL, 18, NULL, NULL, '', '', 'system', systimestamp, '60', 0, 'entity.briefCust.custVer', '', '', '', '', '', '');
INSERT INTO CNT_FIELD_DEFINITION
 (ID, REVISION, PARENT_ID, FIELD_ID, COLUMN_NAME, COLUMN_TYPE, REPORT_COLUMN_NAME, PRODUCT_FIELD, FIELD_TYPE, ENTITY_LOOKUP, ENTITY_LOOKUP_KEY, ORDER_BY, GENERATOR, REFER_TABLE, KEY_COLUMN, LOOKUP_COLUMN, MANDATORY, MIN_LENGTH, MAX_LENGTH, MIN_VALUE, MAX_VALUE, CONSTANT_VALUE, UNIQUE_KEY, CREATE_USER, CREATED_ON, LINE_NO, MANAGED, FIELD_PATH, DATA_TYPE, DATA1, DATA2, TRANSITIVE_FIELDS, FORMULA, ENTITY_LOOKUP_TYPE)
VALUES ('4558b03750974290868db1ed23edd2f8', 0, 'b219727f2ba841c98fb3833887169c4c', 'marketName', 'MARKET_NAME', 'NVARCHAR2(400)', 'N/A', 1, 'string-m', '', '', '', '', '', '', '', 0, NULL, 400, NULL, NULL, '', '', 'system', systimestamp, '61', 0, 'entity.briefCust.marketName', '', '', '', '', '', '');
INSERT INTO CNT_FIELD_DEFINITION
 (ID, REVISION, PARENT_ID, FIELD_ID, COLUMN_NAME, COLUMN_TYPE, REPORT_COLUMN_NAME, PRODUCT_FIELD, FIELD_TYPE, ENTITY_LOOKUP, ENTITY_LOOKUP_KEY, ORDER_BY, GENERATOR, REFER_TABLE, KEY_COLUMN, LOOKUP_COLUMN, MANDATORY, MIN_LENGTH, MAX_LENGTH, MIN_VALUE, MAX_VALUE, CONSTANT_VALUE, UNIQUE_KEY, CREATE_USER, CREATED_ON, LINE_NO, MANAGED, FIELD_PATH, DATA_TYPE, DATA1, DATA2, TRANSITIVE_FIELDS, FORMULA, ENTITY_LOOKUP_TYPE)
VALUES ('1cfe40a7b6c146828282e257c8fd6b46', 0, 'b219727f2ba841c98fb3833887169c4c', 'channelName', 'CHANNEL_NAME', 'NVARCHAR2(400)', 'N/A', 1, 'string-m', '', '', '', '', '', '', '', 0, NULL, 400, NULL, NULL, '', '', 'system', systimestamp, '62', 0, 'entity.briefCust.channelName', '', '', '', '', '', '');
INSERT INTO CNT_FIELD_DEFINITION
 (ID, REVISION, PARENT_ID, FIELD_ID, COLUMN_NAME, COLUMN_TYPE, REPORT_COLUMN_NAME, PRODUCT_FIELD, FIELD_TYPE, ENTITY_LOOKUP, ENTITY_LOOKUP_KEY, ORDER_BY, GENERATOR, REFER_TABLE, KEY_COLUMN, LOOKUP_COLUMN, MANDATORY, MIN_LENGTH, MAX_LENGTH, MIN_VALUE, MAX_VALUE, CONSTANT_VALUE, UNIQUE_KEY, CREATE_USER, CREATED_ON, LINE_NO, MANAGED, FIELD_PATH, DATA_TYPE, DATA1, DATA2, TRANSITIVE_FIELDS, FORMULA, ENTITY_LOOKUP_TYPE)
VALUES ('29c95925bb9444fe89a942aefda82dd6', 0, 'b219727f2ba841c98fb3833887169c4c', 'custCodelist1Name', 'CUST_CODELIST1_NAME', 'NVARCHAR2(400)', 'N/A', 0, 'string-m', '', '', '', '', '', '', '', 0, NULL, 400, NULL, NULL, '', '', 'system', systimestamp, '63', 0, 'entity.briefCust.custCodelist1Name', '', '', '', '', '', '');
INSERT INTO CNT_FIELD_DEFINITION
 (ID, REVISION, PARENT_ID, FIELD_ID, COLUMN_NAME, COLUMN_TYPE, REPORT_COLUMN_NAME, PRODUCT_FIELD, FIELD_TYPE, ENTITY_LOOKUP, ENTITY_LOOKUP_KEY, ORDER_BY, GENERATOR, REFER_TABLE, KEY_COLUMN, LOOKUP_COLUMN, MANDATORY, MIN_LENGTH, MAX_LENGTH, MIN_VALUE, MAX_VALUE, CONSTANT_VALUE, UNIQUE_KEY, CREATE_USER, CREATED_ON, LINE_NO, MANAGED, FIELD_PATH, DATA_TYPE, DATA1, DATA2, TRANSITIVE_FIELDS, FORMULA, ENTITY_LOOKUP_TYPE)
VALUES ('2c728fac3af54fcd851fda0afd16fc7e', 0, 'b219727f2ba841c98fb3833887169c4c', 'custCodelist2Name', 'CUST_CODELIST2_NAME', 'NVARCHAR2(400)', 'N/A', 0, 'string-m', '', '', '', '', '', '', '', 0, NULL, 400, NULL, NULL, '', '', 'system', systimestamp, '64', 0, 'entity.briefCust.custCodelist2Name', '', '', '', '', '', '');
INSERT INTO CNT_FIELD_DEFINITION
 (ID, REVISION, PARENT_ID, FIELD_ID, COLUMN_NAME, COLUMN_TYPE, REPORT_COLUMN_NAME, PRODUCT_FIELD, FIELD_TYPE, ENTITY_LOOKUP, ENTITY_LOOKUP_KEY, ORDER_BY, GENERATOR, REFER_TABLE, KEY_COLUMN, LOOKUP_COLUMN, MANDATORY, MIN_LENGTH, MAX_LENGTH, MIN_VALUE, MAX_VALUE, CONSTANT_VALUE, UNIQUE_KEY, CREATE_USER, CREATED_ON, LINE_NO, MANAGED, FIELD_PATH, DATA_TYPE, DATA1, DATA2, TRANSITIVE_FIELDS, FORMULA, ENTITY_LOOKUP_TYPE)
VALUES ('1972ba9329a5434782980459d2a6c52e', 0, 'b219727f2ba841c98fb3833887169c4c', 'custCodelist3Name', 'CUST_CODELIST3_NAME', 'NVARCHAR2(400)', 'N/A', 0, 'string-m', '', '', '', '', '', '', '', 0, NULL, 400, NULL, NULL, '', '', 'system', systimestamp, '65', 0, 'entity.briefCust.custCodelist3Name', '', '', '', '', '', '');
INSERT INTO CNT_FIELD_DEFINITION
 (ID, REVISION, PARENT_ID, FIELD_ID, COLUMN_NAME, COLUMN_TYPE, REPORT_COLUMN_NAME, PRODUCT_FIELD, FIELD_TYPE, ENTITY_LOOKUP, ENTITY_LOOKUP_KEY, ORDER_BY, GENERATOR, REFER_TABLE, KEY_COLUMN, LOOKUP_COLUMN, MANDATORY, MIN_LENGTH, MAX_LENGTH, MIN_VALUE, MAX_VALUE, CONSTANT_VALUE, UNIQUE_KEY, CREATE_USER, CREATED_ON, LINE_NO, MANAGED, FIELD_PATH, DATA_TYPE, DATA1, DATA2, TRANSITIVE_FIELDS, FORMULA, ENTITY_LOOKUP_TYPE)
VALUES ('c468c6d2feca4506b2b6e3a2303a2d22', 0, 'b219727f2ba841c98fb3833887169c4c', 'custCodelist4Name', 'CUST_CODELIST4_NAME', 'NVARCHAR2(400)', 'N/A', 0, 'string-m', '', '', '', '', '', '', '', 0, NULL, 400, NULL, NULL, '', '', 'system', systimestamp, '66', 0, 'entity.briefCust.custCodelist4Name', '', '', '', '', '', '');
INSERT INTO CNT_FIELD_DEFINITION
 (ID, REVISION, PARENT_ID, FIELD_ID, COLUMN_NAME, COLUMN_TYPE, REPORT_COLUMN_NAME, PRODUCT_FIELD, FIELD_TYPE, ENTITY_LOOKUP, ENTITY_LOOKUP_KEY, ORDER_BY, GENERATOR, REFER_TABLE, KEY_COLUMN, LOOKUP_COLUMN, MANDATORY, MIN_LENGTH, MAX_LENGTH, MIN_VALUE, MAX_VALUE, CONSTANT_VALUE, UNIQUE_KEY, CREATE_USER, CREATED_ON, LINE_NO, MANAGED, FIELD_PATH, DATA_TYPE, DATA1, DATA2, TRANSITIVE_FIELDS, FORMULA, ENTITY_LOOKUP_TYPE)
VALUES ('dabf2e129cce4fa9a0b12fefe12b78aa', 0, 'b219727f2ba841c98fb3833887169c4c', 'custCodelist5Name', 'CUST_CODELIST5_NAME', 'NVARCHAR2(400)', 'N/A', 0, 'string-m', '', '', '', '', '', '', '', 0, NULL, 400, NULL, NULL, '', '', 'system', systimestamp, '67', 0, 'entity.briefCust.custCodelist5Name', '', '', '', '', '', '');
INSERT INTO CNT_FIELD_DEFINITION
 (ID, REVISION, PARENT_ID, FIELD_ID, COLUMN_NAME, COLUMN_TYPE, REPORT_COLUMN_NAME, PRODUCT_FIELD, FIELD_TYPE, ENTITY_LOOKUP, ENTITY_LOOKUP_KEY, ORDER_BY, GENERATOR, REFER_TABLE, KEY_COLUMN, LOOKUP_COLUMN, MANDATORY, MIN_LENGTH, MAX_LENGTH, MIN_VALUE, MAX_VALUE, CONSTANT_VALUE, UNIQUE_KEY, CREATE_USER, CREATED_ON, LINE_NO, MANAGED, FIELD_PATH, DATA_TYPE, DATA1, DATA2, TRANSITIVE_FIELDS, FORMULA, ENTITY_LOOKUP_TYPE)
VALUES ('c21e7197c5f946a586baf597a20fd593', 0, 'b219727f2ba841c98fb3833887169c4c', 'custCodelist6Name', 'CUST_CODELIST6_NAME', 'NVARCHAR2(400)', 'N/A', 0, 'string-m', '', '', '', '', '', '', '', 0, NULL, 400, NULL, NULL, '', '', 'system', systimestamp, '68', 0, 'entity.briefCust.custCodelist6Name', '', '', '', '', '', '');
INSERT INTO CNT_FIELD_DEFINITION
 (ID, REVISION, PARENT_ID, FIELD_ID, COLUMN_NAME, COLUMN_TYPE, REPORT_COLUMN_NAME, PRODUCT_FIELD, FIELD_TYPE, ENTITY_LOOKUP, ENTITY_LOOKUP_KEY, ORDER_BY, GENERATOR, REFER_TABLE, KEY_COLUMN, LOOKUP_COLUMN, MANDATORY, MIN_LENGTH, MAX_LENGTH, MIN_VALUE, MAX_VALUE, CONSTANT_VALUE, UNIQUE_KEY, CREATE_USER, CREATED_ON, LINE_NO, MANAGED, FIELD_PATH, DATA_TYPE, DATA1, DATA2, TRANSITIVE_FIELDS, FORMULA, ENTITY_LOOKUP_TYPE)
VALUES ('0896ab5edbff4009bbd10f982189eb62', 0, 'b219727f2ba841c98fb3833887169c4c', 'custCodelist7Name', 'CUST_CODELIST7_NAME', 'NVARCHAR2(400)', 'N/A', 0, 'string-m', '', '', '', '', '', '', '', 0, NULL, 400, NULL, NULL, '', '', 'system', systimestamp, '69', 0, 'entity.briefCust.custCodelist7Name', '', '', '', '', '', '');
INSERT INTO CNT_FIELD_DEFINITION
 (ID, REVISION, PARENT_ID, FIELD_ID, COLUMN_NAME, COLUMN_TYPE, REPORT_COLUMN_NAME, PRODUCT_FIELD, FIELD_TYPE, ENTITY_LOOKUP, ENTITY_LOOKUP_KEY, ORDER_BY, GENERATOR, REFER_TABLE, KEY_COLUMN, LOOKUP_COLUMN, MANDATORY, MIN_LENGTH, MAX_LENGTH, MIN_VALUE, MAX_VALUE, CONSTANT_VALUE, UNIQUE_KEY, CREATE_USER, CREATED_ON, LINE_NO, MANAGED, FIELD_PATH, DATA_TYPE, DATA1, DATA2, TRANSITIVE_FIELDS, FORMULA, ENTITY_LOOKUP_TYPE)
VALUES ('feb6cbda04cd4a3abf70a01cf435920c', 0, 'b219727f2ba841c98fb3833887169c4c', 'custHcl1Ref', 'CUST_HCL1_REF', 'NVARCHAR2(1000)', 'N/A', 0, 'string-l', '', '', '', '', '', '', '', 0, NULL, 1000, NULL, NULL, '', '', 'system', systimestamp, '70', 0, 'entity.briefCust.custHcl1Ref', '', '', '', '', '', '');
INSERT INTO CNT_FIELD_DEFINITION
 (ID, REVISION, PARENT_ID, FIELD_ID, COLUMN_NAME, COLUMN_TYPE, REPORT_COLUMN_NAME, PRODUCT_FIELD, FIELD_TYPE, ENTITY_LOOKUP, ENTITY_LOOKUP_KEY, ORDER_BY, GENERATOR, REFER_TABLE, KEY_COLUMN, LOOKUP_COLUMN, MANDATORY, MIN_LENGTH, MAX_LENGTH, MIN_VALUE, MAX_VALUE, CONSTANT_VALUE, UNIQUE_KEY, CREATE_USER, CREATED_ON, LINE_NO, MANAGED, FIELD_PATH, DATA_TYPE, DATA1, DATA2, TRANSITIVE_FIELDS, FORMULA, ENTITY_LOOKUP_TYPE)
VALUES ('fcef1852184f42e1bf9b274c813eed4c', 0, 'b219727f2ba841c98fb3833887169c4c', 'custHcl1Ver', 'CUST_HCL1_VER', 'NUMBER(20, 0)', 'N/A', 0, 'integer', '', '', '', '', '', '', '', 0, NULL, 18, NULL, NULL, '', '', 'system', systimestamp, '71', 0, 'entity.briefCust.custHcl1Ver', '', '', '', '', '', '');
INSERT INTO CNT_FIELD_DEFINITION
 (ID, REVISION, PARENT_ID, FIELD_ID, COLUMN_NAME, COLUMN_TYPE, REPORT_COLUMN_NAME, PRODUCT_FIELD, FIELD_TYPE, ENTITY_LOOKUP, ENTITY_LOOKUP_KEY, ORDER_BY, GENERATOR, REFER_TABLE, KEY_COLUMN, LOOKUP_COLUMN, MANDATORY, MIN_LENGTH, MAX_LENGTH, MIN_VALUE, MAX_VALUE, CONSTANT_VALUE, UNIQUE_KEY, CREATE_USER, CREATED_ON, LINE_NO, MANAGED, FIELD_PATH, DATA_TYPE, DATA1, DATA2, TRANSITIVE_FIELDS, FORMULA, ENTITY_LOOKUP_TYPE)
VALUES ('0d2be5f179ca4089ac9abfce1162f06b', 0, 'b219727f2ba841c98fb3833887169c4c', 'custHcl1Ref2', 'CUST_HCL1_REF2', 'NVARCHAR2(1000)', 'N/A', 0, 'string-l', '', '', '', '', '', '', '', 0, NULL, 1000, NULL, NULL, '', '', 'system', systimestamp, '72', 0, 'entity.briefCust.custHcl1Ref2', '', '', '', '', '', '');
INSERT INTO CNT_FIELD_DEFINITION
 (ID, REVISION, PARENT_ID, FIELD_ID, COLUMN_NAME, COLUMN_TYPE, REPORT_COLUMN_NAME, PRODUCT_FIELD, FIELD_TYPE, ENTITY_LOOKUP, ENTITY_LOOKUP_KEY, ORDER_BY, GENERATOR, REFER_TABLE, KEY_COLUMN, LOOKUP_COLUMN, MANDATORY, MIN_LENGTH, MAX_LENGTH, MIN_VALUE, MAX_VALUE, CONSTANT_VALUE, UNIQUE_KEY, CREATE_USER, CREATED_ON, LINE_NO, MANAGED, FIELD_PATH, DATA_TYPE, DATA1, DATA2, TRANSITIVE_FIELDS, FORMULA, ENTITY_LOOKUP_TYPE)
VALUES ('eb1fed5ee75f494eb19578ee32756c0d', 0, 'b219727f2ba841c98fb3833887169c4c', 'custHcl1FullLineage', 'CUST_HCL1_FULL_LINEAGE', 'NVARCHAR2(1000)', 'N/A', 0, 'string-l', '', '', '', '', '', '', '', 0, NULL, 1000, NULL, NULL, '', '', 'system', systimestamp, '73', 0, 'entity.briefCust.custHcl1FullLineage', '', '', '', '', '', '');
INSERT INTO CNT_FIELD_DEFINITION
 (ID, REVISION, PARENT_ID, FIELD_ID, COLUMN_NAME, COLUMN_TYPE, REPORT_COLUMN_NAME, PRODUCT_FIELD, FIELD_TYPE, ENTITY_LOOKUP, ENTITY_LOOKUP_KEY, ORDER_BY, GENERATOR, REFER_TABLE, KEY_COLUMN, LOOKUP_COLUMN, MANDATORY, MIN_LENGTH, MAX_LENGTH, MIN_VALUE, MAX_VALUE, CONSTANT_VALUE, UNIQUE_KEY, CREATE_USER, CREATED_ON, LINE_NO, MANAGED, FIELD_PATH, DATA_TYPE, DATA1, DATA2, TRANSITIVE_FIELDS, FORMULA, ENTITY_LOOKUP_TYPE)
VALUES ('d866fc95b41947e198c6605d931d1721', 0, 'b219727f2ba841c98fb3833887169c4c', 'custHcl2Ref', 'CUST_HCL2_REF', 'NVARCHAR2(1000)', 'N/A', 0, 'string-l', '', '', '', '', '', '', '', 0, NULL, 1000, NULL, NULL, '', '', 'system', systimestamp, '74', 0, 'entity.briefCust.custHcl2Ref', '', '', '', '', '', '');
INSERT INTO CNT_FIELD_DEFINITION
 (ID, REVISION, PARENT_ID, FIELD_ID, COLUMN_NAME, COLUMN_TYPE, REPORT_COLUMN_NAME, PRODUCT_FIELD, FIELD_TYPE, ENTITY_LOOKUP, ENTITY_LOOKUP_KEY, ORDER_BY, GENERATOR, REFER_TABLE, KEY_COLUMN, LOOKUP_COLUMN, MANDATORY, MIN_LENGTH, MAX_LENGTH, MIN_VALUE, MAX_VALUE, CONSTANT_VALUE, UNIQUE_KEY, CREATE_USER, CREATED_ON, LINE_NO, MANAGED, FIELD_PATH, DATA_TYPE, DATA1, DATA2, TRANSITIVE_FIELDS, FORMULA, ENTITY_LOOKUP_TYPE)
VALUES ('d9b744f2adb84aa89728b09e86fba83e', 0, 'b219727f2ba841c98fb3833887169c4c', 'custHcl2Ver', 'CUST_HCL2_VER', 'NUMBER(20, 0)', 'N/A', 0, 'integer', '', '', '', '', '', '', '', 0, NULL, 18, NULL, NULL, '', '', 'system', systimestamp, '75', 0, 'entity.briefCust.custHcl2Ver', '', '', '', '', '', '');
INSERT INTO CNT_FIELD_DEFINITION
 (ID, REVISION, PARENT_ID, FIELD_ID, COLUMN_NAME, COLUMN_TYPE, REPORT_COLUMN_NAME, PRODUCT_FIELD, FIELD_TYPE, ENTITY_LOOKUP, ENTITY_LOOKUP_KEY, ORDER_BY, GENERATOR, REFER_TABLE, KEY_COLUMN, LOOKUP_COLUMN, MANDATORY, MIN_LENGTH, MAX_LENGTH, MIN_VALUE, MAX_VALUE, CONSTANT_VALUE, UNIQUE_KEY, CREATE_USER, CREATED_ON, LINE_NO, MANAGED, FIELD_PATH, DATA_TYPE, DATA1, DATA2, TRANSITIVE_FIELDS, FORMULA, ENTITY_LOOKUP_TYPE)
VALUES ('d4360260b65b497690f2cbfba6914866', 0, 'b219727f2ba841c98fb3833887169c4c', 'custHcl2Ref2', 'CUST_HCL2_REF2', 'NVARCHAR2(1000)', 'N/A', 0, 'string-l', '', '', '', '', '', '', '', 0, NULL, 1000, NULL, NULL, '', '', 'system', systimestamp, '76', 0, 'entity.briefCust.custHcl2Ref2', '', '', '', '', '', '');
INSERT INTO CNT_FIELD_DEFINITION
 (ID, REVISION, PARENT_ID, FIELD_ID, COLUMN_NAME, COLUMN_TYPE, REPORT_COLUMN_NAME, PRODUCT_FIELD, FIELD_TYPE, ENTITY_LOOKUP, ENTITY_LOOKUP_KEY, ORDER_BY, GENERATOR, REFER_TABLE, KEY_COLUMN, LOOKUP_COLUMN, MANDATORY, MIN_LENGTH, MAX_LENGTH, MIN_VALUE, MAX_VALUE, CONSTANT_VALUE, UNIQUE_KEY, CREATE_USER, CREATED_ON, LINE_NO, MANAGED, FIELD_PATH, DATA_TYPE, DATA1, DATA2, TRANSITIVE_FIELDS, FORMULA, ENTITY_LOOKUP_TYPE)
VALUES ('726468fcfd974a7a84582c0d5d5bb2f1', 0, 'b219727f2ba841c98fb3833887169c4c', 'custHcl2FullLineage', 'CUST_HCL2_FULL_LINEAGE', 'NVARCHAR2(1000)', 'N/A', 0, 'string-l', '', '', '', '', '', '', '', 0, NULL, 1000, NULL, NULL, '', '', 'system', systimestamp, '77', 0, 'entity.briefCust.custHcl2FullLineage', '', '', '', '', '', '');
INSERT INTO CNT_FIELD_DEFINITION
 (ID, REVISION, PARENT_ID, FIELD_ID, COLUMN_NAME, COLUMN_TYPE, REPORT_COLUMN_NAME, PRODUCT_FIELD, FIELD_TYPE, ENTITY_LOOKUP, ENTITY_LOOKUP_KEY, ORDER_BY, GENERATOR, REFER_TABLE, KEY_COLUMN, LOOKUP_COLUMN, MANDATORY, MIN_LENGTH, MAX_LENGTH, MIN_VALUE, MAX_VALUE, CONSTANT_VALUE, UNIQUE_KEY, CREATE_USER, CREATED_ON, LINE_NO, MANAGED, FIELD_PATH, DATA_TYPE, DATA1, DATA2, TRANSITIVE_FIELDS, FORMULA, ENTITY_LOOKUP_TYPE)
VALUES ('dee80e4f990d4d1aa65de1c45478a4c3', 0, 'b219727f2ba841c98fb3833887169c4c', 'custHcl3Ref', 'CUST_HCL3_REF', 'NVARCHAR2(1000)', 'N/A', 0, 'string-l', '', '', '', '', '', '', '', 0, NULL, 1000, NULL, NULL, '', '', 'system', systimestamp, '78', 0, 'entity.briefCust.custHcl3Ref', '', '', '', '', '', '');
INSERT INTO CNT_FIELD_DEFINITION
 (ID, REVISION, PARENT_ID, FIELD_ID, COLUMN_NAME, COLUMN_TYPE, REPORT_COLUMN_NAME, PRODUCT_FIELD, FIELD_TYPE, ENTITY_LOOKUP, ENTITY_LOOKUP_KEY, ORDER_BY, GENERATOR, REFER_TABLE, KEY_COLUMN, LOOKUP_COLUMN, MANDATORY, MIN_LENGTH, MAX_LENGTH, MIN_VALUE, MAX_VALUE, CONSTANT_VALUE, UNIQUE_KEY, CREATE_USER, CREATED_ON, LINE_NO, MANAGED, FIELD_PATH, DATA_TYPE, DATA1, DATA2, TRANSITIVE_FIELDS, FORMULA, ENTITY_LOOKUP_TYPE)
VALUES ('2e1bf5c3737f4b26994876d2bb377408', 0, 'b219727f2ba841c98fb3833887169c4c', 'custHcl3Ver', 'CUST_HCL3_VER', 'NUMBER(20, 0)', 'N/A', 0, 'integer', '', '', '', '', '', '', '', 0, NULL, 18, NULL, NULL, '', '', 'system', systimestamp, '79', 0, 'entity.briefCust.custHcl3Ver', '', '', '', '', '', '');
INSERT INTO CNT_FIELD_DEFINITION
 (ID, REVISION, PARENT_ID, FIELD_ID, COLUMN_NAME, COLUMN_TYPE, REPORT_COLUMN_NAME, PRODUCT_FIELD, FIELD_TYPE, ENTITY_LOOKUP, ENTITY_LOOKUP_KEY, ORDER_BY, GENERATOR, REFER_TABLE, KEY_COLUMN, LOOKUP_COLUMN, MANDATORY, MIN_LENGTH, MAX_LENGTH, MIN_VALUE, MAX_VALUE, CONSTANT_VALUE, UNIQUE_KEY, CREATE_USER, CREATED_ON, LINE_NO, MANAGED, FIELD_PATH, DATA_TYPE, DATA1, DATA2, TRANSITIVE_FIELDS, FORMULA, ENTITY_LOOKUP_TYPE)
VALUES ('002ff3f3acb64124b8b1549d8c8a11fb', 0, 'b219727f2ba841c98fb3833887169c4c', 'custHcl3Ref2', 'CUST_HCL3_REF2', 'NVARCHAR2(1000)', 'N/A', 0, 'string-l', '', '', '', '', '', '', '', 0, NULL, 1000, NULL, NULL, '', '', 'system', systimestamp, '80', 0, 'entity.briefCust.custHcl3Ref2', '', '', '', '', '', '');
INSERT INTO CNT_FIELD_DEFINITION
 (ID, REVISION, PARENT_ID, FIELD_ID, COLUMN_NAME, COLUMN_TYPE, REPORT_COLUMN_NAME, PRODUCT_FIELD, FIELD_TYPE, ENTITY_LOOKUP, ENTITY_LOOKUP_KEY, ORDER_BY, GENERATOR, REFER_TABLE, KEY_COLUMN, LOOKUP_COLUMN, MANDATORY, MIN_LENGTH, MAX_LENGTH, MIN_VALUE, MAX_VALUE, CONSTANT_VALUE, UNIQUE_KEY, CREATE_USER, CREATED_ON, LINE_NO, MANAGED, FIELD_PATH, DATA_TYPE, DATA1, DATA2, TRANSITIVE_FIELDS, FORMULA, ENTITY_LOOKUP_TYPE)
VALUES ('a09dd7b1065d42ce9935bb7a8ed74fe1', 0, 'b219727f2ba841c98fb3833887169c4c', 'custHcl3FullLineage', 'CUST_HCL3_FULL_LINEAGE', 'NVARCHAR2(1000)', 'N/A', 0, 'string-l', '', '', '', '', '', '', '', 0, NULL, 1000, NULL, NULL, '', '', 'system', systimestamp, '81', 0, 'entity.briefCust.custHcl3FullLineage', '', '', '', '', '', '');
INSERT INTO CNT_FIELD_DEFINITION
 (ID, REVISION, PARENT_ID, FIELD_ID, COLUMN_NAME, COLUMN_TYPE, REPORT_COLUMN_NAME, PRODUCT_FIELD, FIELD_TYPE, ENTITY_LOOKUP, ENTITY_LOOKUP_KEY, ORDER_BY, GENERATOR, REFER_TABLE, KEY_COLUMN, LOOKUP_COLUMN, MANDATORY, MIN_LENGTH, MAX_LENGTH, MIN_VALUE, MAX_VALUE, CONSTANT_VALUE, UNIQUE_KEY, CREATE_USER, CREATED_ON, LINE_NO, MANAGED, FIELD_PATH, DATA_TYPE, DATA1, DATA2, TRANSITIVE_FIELDS, FORMULA, ENTITY_LOOKUP_TYPE)
VALUES ('540ef2d9e8d44880ae187bbd2060282e', 0, 'b219727f2ba841c98fb3833887169c4c', 'custHcl4Ref', 'CUST_HCL4_REF', 'NVARCHAR2(1000)', 'N/A', 0, 'string-l', '', '', '', '', '', '', '', 0, NULL, 1000, NULL, NULL, '', '', 'system', systimestamp, '82', 0, 'entity.briefCust.custHcl4Ref', '', '', '', '', '', '');
INSERT INTO CNT_FIELD_DEFINITION
 (ID, REVISION, PARENT_ID, FIELD_ID, COLUMN_NAME, COLUMN_TYPE, REPORT_COLUMN_NAME, PRODUCT_FIELD, FIELD_TYPE, ENTITY_LOOKUP, ENTITY_LOOKUP_KEY, ORDER_BY, GENERATOR, REFER_TABLE, KEY_COLUMN, LOOKUP_COLUMN, MANDATORY, MIN_LENGTH, MAX_LENGTH, MIN_VALUE, MAX_VALUE, CONSTANT_VALUE, UNIQUE_KEY, CREATE_USER, CREATED_ON, LINE_NO, MANAGED, FIELD_PATH, DATA_TYPE, DATA1, DATA2, TRANSITIVE_FIELDS, FORMULA, ENTITY_LOOKUP_TYPE)
VALUES ('52a6f75cbba04fc1a0048e1ac5bb0c8b', 0, 'b219727f2ba841c98fb3833887169c4c', 'custHcl4Ver', 'CUST_HCL4_VER', 'NUMBER(20, 0)', 'N/A', 0, 'integer', '', '', '', '', '', '', '', 0, NULL, 18, NULL, NULL, '', '', 'system', systimestamp, '83', 0, 'entity.briefCust.custHcl4Ver', '', '', '', '', '', '');
INSERT INTO CNT_FIELD_DEFINITION
 (ID, REVISION, PARENT_ID, FIELD_ID, COLUMN_NAME, COLUMN_TYPE, REPORT_COLUMN_NAME, PRODUCT_FIELD, FIELD_TYPE, ENTITY_LOOKUP, ENTITY_LOOKUP_KEY, ORDER_BY, GENERATOR, REFER_TABLE, KEY_COLUMN, LOOKUP_COLUMN, MANDATORY, MIN_LENGTH, MAX_LENGTH, MIN_VALUE, MAX_VALUE, CONSTANT_VALUE, UNIQUE_KEY, CREATE_USER, CREATED_ON, LINE_NO, MANAGED, FIELD_PATH, DATA_TYPE, DATA1, DATA2, TRANSITIVE_FIELDS, FORMULA, ENTITY_LOOKUP_TYPE)
VALUES ('7d4949a6196347c6b5870b0b3b58368f', 0, 'b219727f2ba841c98fb3833887169c4c', 'custHcl4Ref2', 'CUST_HCL4_REF2', 'NVARCHAR2(1000)', 'N/A', 0, 'string-l', '', '', '', '', '', '', '', 0, NULL, 1000, NULL, NULL, '', '', 'system', systimestamp, '84', 0, 'entity.briefCust.custHcl4Ref2', '', '', '', '', '', '');
INSERT INTO CNT_FIELD_DEFINITION
 (ID, REVISION, PARENT_ID, FIELD_ID, COLUMN_NAME, COLUMN_TYPE, REPORT_COLUMN_NAME, PRODUCT_FIELD, FIELD_TYPE, ENTITY_LOOKUP, ENTITY_LOOKUP_KEY, ORDER_BY, GENERATOR, REFER_TABLE, KEY_COLUMN, LOOKUP_COLUMN, MANDATORY, MIN_LENGTH, MAX_LENGTH, MIN_VALUE, MAX_VALUE, CONSTANT_VALUE, UNIQUE_KEY, CREATE_USER, CREATED_ON, LINE_NO, MANAGED, FIELD_PATH, DATA_TYPE, DATA1, DATA2, TRANSITIVE_FIELDS, FORMULA, ENTITY_LOOKUP_TYPE)
VALUES ('7f5fe26a36374a7bbaefcb237fd8bc15', 0, 'b219727f2ba841c98fb3833887169c4c', 'custHcl4FullLineage', 'CUST_HCL4_FULL_LINEAGE', 'NVARCHAR2(1000)', 'N/A', 0, 'string-l', '', '', '', '', '', '', '', 0, NULL, 1000, NULL, NULL, '', '', 'system', systimestamp, '85', 0, 'entity.briefCust.custHcl4FullLineage', '', '', '', '', '', '');
INSERT INTO CNT_FIELD_DEFINITION
 (ID, REVISION, PARENT_ID, FIELD_ID, COLUMN_NAME, COLUMN_TYPE, REPORT_COLUMN_NAME, PRODUCT_FIELD, FIELD_TYPE, ENTITY_LOOKUP, ENTITY_LOOKUP_KEY, ORDER_BY, GENERATOR, REFER_TABLE, KEY_COLUMN, LOOKUP_COLUMN, MANDATORY, MIN_LENGTH, MAX_LENGTH, MIN_VALUE, MAX_VALUE, CONSTANT_VALUE, UNIQUE_KEY, CREATE_USER, CREATED_ON, LINE_NO, MANAGED, FIELD_PATH, DATA_TYPE, DATA1, DATA2, TRANSITIVE_FIELDS, FORMULA, ENTITY_LOOKUP_TYPE)
VALUES ('497865ea5f754d939eff949ae90f191e', 0, 'b219727f2ba841c98fb3833887169c4c', 'custHcl5Ref', 'CUST_HCL5_REF', 'NVARCHAR2(1000)', 'N/A', 0, 'string-l', '', '', '', '', '', '', '', 0, NULL, 1000, NULL, NULL, '', '', 'system', systimestamp, '86', 0, 'entity.briefCust.custHcl5Ref', '', '', '', '', '', '');
INSERT INTO CNT_FIELD_DEFINITION
 (ID, REVISION, PARENT_ID, FIELD_ID, COLUMN_NAME, COLUMN_TYPE, REPORT_COLUMN_NAME, PRODUCT_FIELD, FIELD_TYPE, ENTITY_LOOKUP, ENTITY_LOOKUP_KEY, ORDER_BY, GENERATOR, REFER_TABLE, KEY_COLUMN, LOOKUP_COLUMN, MANDATORY, MIN_LENGTH, MAX_LENGTH, MIN_VALUE, MAX_VALUE, CONSTANT_VALUE, UNIQUE_KEY, CREATE_USER, CREATED_ON, LINE_NO, MANAGED, FIELD_PATH, DATA_TYPE, DATA1, DATA2, TRANSITIVE_FIELDS, FORMULA, ENTITY_LOOKUP_TYPE)
VALUES ('b43186aff3c94066a50148d1383540eb', 0, 'b219727f2ba841c98fb3833887169c4c', 'custHcl5Ver', 'CUST_HCL5_VER', 'NUMBER(20, 0)', 'N/A', 0, 'integer', '', '', '', '', '', '', '', 0, NULL, 18, NULL, NULL, '', '', 'system', systimestamp, '87', 0, 'entity.briefCust.custHcl5Ver', '', '', '', '', '', '');
INSERT INTO CNT_FIELD_DEFINITION
 (ID, REVISION, PARENT_ID, FIELD_ID, COLUMN_NAME, COLUMN_TYPE, REPORT_COLUMN_NAME, PRODUCT_FIELD, FIELD_TYPE, ENTITY_LOOKUP, ENTITY_LOOKUP_KEY, ORDER_BY, GENERATOR, REFER_TABLE, KEY_COLUMN, LOOKUP_COLUMN, MANDATORY, MIN_LENGTH, MAX_LENGTH, MIN_VALUE, MAX_VALUE, CONSTANT_VALUE, UNIQUE_KEY, CREATE_USER, CREATED_ON, LINE_NO, MANAGED, FIELD_PATH, DATA_TYPE, DATA1, DATA2, TRANSITIVE_FIELDS, FORMULA, ENTITY_LOOKUP_TYPE)
VALUES ('8ac38ebd48084d6d8cb6dc3b63c01059', 0, 'b219727f2ba841c98fb3833887169c4c', 'custHcl5Ref2', 'CUST_HCL5_REF2', 'NVARCHAR2(1000)', 'N/A', 0, 'string-l', '', '', '', '', '', '', '', 0, NULL, 1000, NULL, NULL, '', '', 'system', systimestamp, '88', 0, 'entity.briefCust.custHcl5Ref2', '', '', '', '', '', '');
INSERT INTO CNT_FIELD_DEFINITION
 (ID, REVISION, PARENT_ID, FIELD_ID, COLUMN_NAME, COLUMN_TYPE, REPORT_COLUMN_NAME, PRODUCT_FIELD, FIELD_TYPE, ENTITY_LOOKUP, ENTITY_LOOKUP_KEY, ORDER_BY, GENERATOR, REFER_TABLE, KEY_COLUMN, LOOKUP_COLUMN, MANDATORY, MIN_LENGTH, MAX_LENGTH, MIN_VALUE, MAX_VALUE, CONSTANT_VALUE, UNIQUE_KEY, CREATE_USER, CREATED_ON, LINE_NO, MANAGED, FIELD_PATH, DATA_TYPE, DATA1, DATA2, TRANSITIVE_FIELDS, FORMULA, ENTITY_LOOKUP_TYPE)
VALUES ('1f50e98be20342f59d2445db7307ae79', 0, 'b219727f2ba841c98fb3833887169c4c', 'custHcl5FullLineage', 'CUST_HCL5_FULL_LINEAGE', 'NVARCHAR2(1000)', 'N/A', 0, 'string-l', '', '', '', '', '', '', '', 0, NULL, 1000, NULL, NULL, '', '', 'system', systimestamp, '89', 0, 'entity.briefCust.custHcl5FullLineage', '', '', '', '', '', '');



DELETE CNT_HISTORY_DEF_ITEM WHERE PARENT_ID IN (SELECT ID FROM CNT_HISTORY_DEF WHERE DOMAIN_ID = '/' AND APPLY_ENTITY = 'BriefAttachment' AND ENTITY_VERSION = 1);
DELETE CNT_HISTORY_DEF WHERE DOMAIN_ID = '/' AND APPLY_ENTITY = 'BriefAttachment' AND ENTITY_VERSION = 1;
DELETE CNT_HISTORY_DEF_ITEM WHERE PARENT_ID IN (SELECT ID FROM CNT_HISTORY_DEF WHERE DOMAIN_ID = '/' AND APPLY_ENTITY = 'BriefSourAgent' AND ENTITY_VERSION = 1);
DELETE CNT_HISTORY_DEF WHERE DOMAIN_ID = '/' AND APPLY_ENTITY = 'BriefSourAgent' AND ENTITY_VERSION = 1;
DELETE CNT_HISTORY_DEF_ITEM WHERE PARENT_ID IN (SELECT ID FROM CNT_HISTORY_DEF WHERE DOMAIN_ID = '/' AND APPLY_ENTITY = 'BriefImage' AND ENTITY_VERSION = 1);
DELETE CNT_HISTORY_DEF WHERE DOMAIN_ID = '/' AND APPLY_ENTITY = 'BriefImage' AND ENTITY_VERSION = 1;
DELETE CNT_HISTORY_DEF_ITEM WHERE PARENT_ID IN (SELECT ID FROM CNT_HISTORY_DEF WHERE DOMAIN_ID = '/' AND APPLY_ENTITY = 'BriefVendor' AND ENTITY_VERSION = 1);
DELETE CNT_HISTORY_DEF WHERE DOMAIN_ID = '/' AND APPLY_ENTITY = 'BriefVendor' AND ENTITY_VERSION = 1;
DELETE CNT_HISTORY_DEF_ITEM WHERE PARENT_ID IN (SELECT ID FROM CNT_HISTORY_DEF WHERE DOMAIN_ID = '/' AND APPLY_ENTITY = 'Brief' AND ENTITY_VERSION = 1);
DELETE CNT_HISTORY_DEF WHERE DOMAIN_ID = '/' AND APPLY_ENTITY = 'Brief' AND ENTITY_VERSION = 1;
DELETE CNT_HISTORY_DEF_ITEM WHERE PARENT_ID IN (SELECT ID FROM CNT_HISTORY_DEF WHERE DOMAIN_ID = '/' AND APPLY_ENTITY = 'BriefCust' AND ENTITY_VERSION = 1);
DELETE CNT_HISTORY_DEF WHERE DOMAIN_ID = '/' AND APPLY_ENTITY = 'BriefCust' AND ENTITY_VERSION = 1;
INSERT INTO CNT_HISTORY_DEF
 (ID, REVISION, APPLY_ENTITY, ENTITY_VERSION, DOMAIN_ID , GENERATED, CREATE_USER, CREATE_USER_NAME, CREATED_ON)
VALUES ('d7dff44288494aa7a10ec0626d64b2dd', 0, 'BriefAttachment', 1, '/', 1, 'system', 'system', systimestamp);
INSERT INTO CNT_HISTORY_DEF_ITEM
 (ID, REVISION, ENTITY_VERSION, DOMAIN_ID, PARENT_ID, LINE_NO, FIELD_ID, TRACKING_LEVEL, PATH_RENDERER_CLASS, DETAIL_RENDERER_CLASS)
VALUES ('bd69109465e0424e976dc97ddbe4c57e', 0, 1, '/', 'd7dff44288494aa7a10ec0626d64b2dd', '0', 'id', 1, 'PathRenderer', 'DetailRenderer');
INSERT INTO CNT_HISTORY_DEF_ITEM
 (ID, REVISION, ENTITY_VERSION, DOMAIN_ID, PARENT_ID, LINE_NO, FIELD_ID, TRACKING_LEVEL, PATH_RENDERER_CLASS, DETAIL_RENDERER_CLASS)
VALUES ('e2b108b347cb42e2b635462b97c7b58c', 0, 1, '/', 'd7dff44288494aa7a10ec0626d64b2dd', '1', 'revision', 1, 'PathRenderer', 'DetailRenderer');
INSERT INTO CNT_HISTORY_DEF_ITEM
 (ID, REVISION, ENTITY_VERSION, DOMAIN_ID, PARENT_ID, LINE_NO, FIELD_ID, TRACKING_LEVEL, PATH_RENDERER_CLASS, DETAIL_RENDERER_CLASS)
VALUES ('f0e703265c5440e28fb80269cb0d4d80', 0, 1, '/', 'd7dff44288494aa7a10ec0626d64b2dd', '2', 'entityVersion', 1, 'PathRenderer', 'DetailRenderer');
INSERT INTO CNT_HISTORY_DEF_ITEM
 (ID, REVISION, ENTITY_VERSION, DOMAIN_ID, PARENT_ID, LINE_NO, FIELD_ID, TRACKING_LEVEL, PATH_RENDERER_CLASS, DETAIL_RENDERER_CLASS)
VALUES ('4c1d6778e3824eab82e51b9dcf2d76c9', 0, 1, '/', 'd7dff44288494aa7a10ec0626d64b2dd', '3', 'domainId', 1, 'PathRenderer', 'DetailRenderer');
INSERT INTO CNT_HISTORY_DEF_ITEM
 (ID, REVISION, ENTITY_VERSION, DOMAIN_ID, PARENT_ID, LINE_NO, FIELD_ID, TRACKING_LEVEL, PATH_RENDERER_CLASS, DETAIL_RENDERER_CLASS)
VALUES ('22409c0f99fc47eb88c0c3a93a30c9b0', 0, 1, '/', 'd7dff44288494aa7a10ec0626d64b2dd', '4', 'hubDomainId', 1, 'PathRenderer', 'DetailRenderer');
INSERT INTO CNT_HISTORY_DEF_ITEM
 (ID, REVISION, ENTITY_VERSION, DOMAIN_ID, PARENT_ID, LINE_NO, FIELD_ID, TRACKING_LEVEL, PATH_RENDERER_CLASS, DETAIL_RENDERER_CLASS)
VALUES ('98456b223b4f4a5eabf24cba40586a07', 0, 1, '/', 'd7dff44288494aa7a10ec0626d64b2dd', '5', 'isForReference', 1, 'PathRenderer', 'DetailRenderer');
INSERT INTO CNT_HISTORY_DEF_ITEM
 (ID, REVISION, ENTITY_VERSION, DOMAIN_ID, PARENT_ID, LINE_NO, FIELD_ID, TRACKING_LEVEL, PATH_RENDERER_CLASS, DETAIL_RENDERER_CLASS)
VALUES ('547a31ba218941b9a77618fb7238b487', 0, 1, '/', 'd7dff44288494aa7a10ec0626d64b2dd', '6', 'internalSeqNo', 1, 'PathRenderer', 'DetailRenderer');
INSERT INTO CNT_HISTORY_DEF_ITEM
 (ID, REVISION, ENTITY_VERSION, DOMAIN_ID, PARENT_ID, LINE_NO, FIELD_ID, TRACKING_LEVEL, PATH_RENDERER_CLASS, DETAIL_RENDERER_CLASS)
VALUES ('b395ba428d964ca184443b8792562dbf', 0, 1, '/', 'd7dff44288494aa7a10ec0626d64b2dd', '7', 'briefId', 1, 'PathRenderer', 'DetailRenderer');
INSERT INTO CNT_HISTORY_DEF_ITEM
 (ID, REVISION, ENTITY_VERSION, DOMAIN_ID, PARENT_ID, LINE_NO, FIELD_ID, TRACKING_LEVEL, PATH_RENDERER_CLASS, DETAIL_RENDERER_CLASS)
VALUES ('ec2c09a88ac0427aa84a2af7f6c5b041', 0, 1, '/', 'd7dff44288494aa7a10ec0626d64b2dd', '8', 'description', 1, 'PathRenderer', 'DetailRenderer');
INSERT INTO CNT_HISTORY_DEF_ITEM
 (ID, REVISION, ENTITY_VERSION, DOMAIN_ID, PARENT_ID, LINE_NO, FIELD_ID, TRACKING_LEVEL, PATH_RENDERER_CLASS, DETAIL_RENDERER_CLASS)
VALUES ('0b1aedc88552410db787a98a49b154f3', 0, 1, '/', 'd7dff44288494aa7a10ec0626d64b2dd', '9', 'fileId', 1, 'PathRenderer', 'DetailRenderer');
INSERT INTO CNT_HISTORY_DEF_ITEM
 (ID, REVISION, ENTITY_VERSION, DOMAIN_ID, PARENT_ID, LINE_NO, FIELD_ID, TRACKING_LEVEL, PATH_RENDERER_CLASS, DETAIL_RENDERER_CLASS)
VALUES ('9de9d94bbddc440da67ddef5f949fd26', 0, 1, '/', 'd7dff44288494aa7a10ec0626d64b2dd', '10', 'attachTypeId', 1, 'PathRenderer', 'SelectionDetailRenderer');
INSERT INTO CNT_HISTORY_DEF_ITEM
 (ID, REVISION, ENTITY_VERSION, DOMAIN_ID, PARENT_ID, LINE_NO, FIELD_ID, TRACKING_LEVEL, PATH_RENDERER_CLASS, DETAIL_RENDERER_CLASS)
VALUES ('b58657a33c5941b38049182845c358a7', 0, 1, '/', 'd7dff44288494aa7a10ec0626d64b2dd', '11', 'custText1', 1, 'PathRenderer', 'DetailRenderer');
INSERT INTO CNT_HISTORY_DEF_ITEM
 (ID, REVISION, ENTITY_VERSION, DOMAIN_ID, PARENT_ID, LINE_NO, FIELD_ID, TRACKING_LEVEL, PATH_RENDERER_CLASS, DETAIL_RENDERER_CLASS)
VALUES ('ab15e96ccbb74e66843cd9e76b23061c', 0, 1, '/', 'd7dff44288494aa7a10ec0626d64b2dd', '12', 'custText2', 1, 'PathRenderer', 'DetailRenderer');
INSERT INTO CNT_HISTORY_DEF_ITEM
 (ID, REVISION, ENTITY_VERSION, DOMAIN_ID, PARENT_ID, LINE_NO, FIELD_ID, TRACKING_LEVEL, PATH_RENDERER_CLASS, DETAIL_RENDERER_CLASS)
VALUES ('45241befb73f4ad2a290519d71f14500', 0, 1, '/', 'd7dff44288494aa7a10ec0626d64b2dd', '13', 'custText3', 1, 'PathRenderer', 'DetailRenderer');
INSERT INTO CNT_HISTORY_DEF_ITEM
 (ID, REVISION, ENTITY_VERSION, DOMAIN_ID, PARENT_ID, LINE_NO, FIELD_ID, TRACKING_LEVEL, PATH_RENDERER_CLASS, DETAIL_RENDERER_CLASS)
VALUES ('b55fadc0130c4ad98edd22e56743c4eb', 0, 1, '/', 'd7dff44288494aa7a10ec0626d64b2dd', '14', 'custText4', 1, 'PathRenderer', 'DetailRenderer');
INSERT INTO CNT_HISTORY_DEF_ITEM
 (ID, REVISION, ENTITY_VERSION, DOMAIN_ID, PARENT_ID, LINE_NO, FIELD_ID, TRACKING_LEVEL, PATH_RENDERER_CLASS, DETAIL_RENDERER_CLASS)
VALUES ('5abf4340c4ce419992c35e2732872b7b', 0, 1, '/', 'd7dff44288494aa7a10ec0626d64b2dd', '15', 'custText5', 1, 'PathRenderer', 'DetailRenderer');
INSERT INTO CNT_HISTORY_DEF_ITEM
 (ID, REVISION, ENTITY_VERSION, DOMAIN_ID, PARENT_ID, LINE_NO, FIELD_ID, TRACKING_LEVEL, PATH_RENDERER_CLASS, DETAIL_RENDERER_CLASS)
VALUES ('e0673aea1f3649ad908070583ace4405', 0, 1, '/', 'd7dff44288494aa7a10ec0626d64b2dd', '16', 'custText6', 1, 'PathRenderer', 'DetailRenderer');
INSERT INTO CNT_HISTORY_DEF_ITEM
 (ID, REVISION, ENTITY_VERSION, DOMAIN_ID, PARENT_ID, LINE_NO, FIELD_ID, TRACKING_LEVEL, PATH_RENDERER_CLASS, DETAIL_RENDERER_CLASS)
VALUES ('1114f3241cba4490aee5410a793e651c', 0, 1, '/', 'd7dff44288494aa7a10ec0626d64b2dd', '17', 'custText7', 1, 'PathRenderer', 'DetailRenderer');
INSERT INTO CNT_HISTORY_DEF_ITEM
 (ID, REVISION, ENTITY_VERSION, DOMAIN_ID, PARENT_ID, LINE_NO, FIELD_ID, TRACKING_LEVEL, PATH_RENDERER_CLASS, DETAIL_RENDERER_CLASS)
VALUES ('3080c6584cff4414aea1a94cfaece41e', 0, 1, '/', 'd7dff44288494aa7a10ec0626d64b2dd', '18', 'custDate1', 1, 'PathRenderer', 'DetailRenderer');
INSERT INTO CNT_HISTORY_DEF_ITEM
 (ID, REVISION, ENTITY_VERSION, DOMAIN_ID, PARENT_ID, LINE_NO, FIELD_ID, TRACKING_LEVEL, PATH_RENDERER_CLASS, DETAIL_RENDERER_CLASS)
VALUES ('d101c94ad67646afad3f8d05029877ce', 0, 1, '/', 'd7dff44288494aa7a10ec0626d64b2dd', '19', 'custDate2', 1, 'PathRenderer', 'DetailRenderer');
INSERT INTO CNT_HISTORY_DEF_ITEM
 (ID, REVISION, ENTITY_VERSION, DOMAIN_ID, PARENT_ID, LINE_NO, FIELD_ID, TRACKING_LEVEL, PATH_RENDERER_CLASS, DETAIL_RENDERER_CLASS)
VALUES ('a0f59f014651445fbf172abb7c7abf49', 0, 1, '/', 'd7dff44288494aa7a10ec0626d64b2dd', '20', 'custDate3', 1, 'PathRenderer', 'DetailRenderer');
INSERT INTO CNT_HISTORY_DEF_ITEM
 (ID, REVISION, ENTITY_VERSION, DOMAIN_ID, PARENT_ID, LINE_NO, FIELD_ID, TRACKING_LEVEL, PATH_RENDERER_CLASS, DETAIL_RENDERER_CLASS)
VALUES ('af21a862df5344ae92a97feeb766b355', 0, 1, '/', 'd7dff44288494aa7a10ec0626d64b2dd', '21', 'custDate4', 1, 'PathRenderer', 'DetailRenderer');
INSERT INTO CNT_HISTORY_DEF_ITEM
 (ID, REVISION, ENTITY_VERSION, DOMAIN_ID, PARENT_ID, LINE_NO, FIELD_ID, TRACKING_LEVEL, PATH_RENDERER_CLASS, DETAIL_RENDERER_CLASS)
VALUES ('79ce039b22f74b1bb25cee6cd16d60bd', 0, 1, '/', 'd7dff44288494aa7a10ec0626d64b2dd', '22', 'custDate5', 1, 'PathRenderer', 'DetailRenderer');
INSERT INTO CNT_HISTORY_DEF_ITEM
 (ID, REVISION, ENTITY_VERSION, DOMAIN_ID, PARENT_ID, LINE_NO, FIELD_ID, TRACKING_LEVEL, PATH_RENDERER_CLASS, DETAIL_RENDERER_CLASS)
VALUES ('3f63ab99b3c7495bb600975ddd117864', 0, 1, '/', 'd7dff44288494aa7a10ec0626d64b2dd', '23', 'custDate6', 1, 'PathRenderer', 'DetailRenderer');
INSERT INTO CNT_HISTORY_DEF_ITEM
 (ID, REVISION, ENTITY_VERSION, DOMAIN_ID, PARENT_ID, LINE_NO, FIELD_ID, TRACKING_LEVEL, PATH_RENDERER_CLASS, DETAIL_RENDERER_CLASS)
VALUES ('f4ca0c81bf0b4acab8391822dfc636b6', 0, 1, '/', 'd7dff44288494aa7a10ec0626d64b2dd', '24', 'custDate7', 1, 'PathRenderer', 'DetailRenderer');
INSERT INTO CNT_HISTORY_DEF_ITEM
 (ID, REVISION, ENTITY_VERSION, DOMAIN_ID, PARENT_ID, LINE_NO, FIELD_ID, TRACKING_LEVEL, PATH_RENDERER_CLASS, DETAIL_RENDERER_CLASS)
VALUES ('23d9674af07e44fda043f7d59a61f290', 0, 1, '/', 'd7dff44288494aa7a10ec0626d64b2dd', '25', 'custNumber1', 1, 'PathRenderer', 'DetailRenderer');
INSERT INTO CNT_HISTORY_DEF_ITEM
 (ID, REVISION, ENTITY_VERSION, DOMAIN_ID, PARENT_ID, LINE_NO, FIELD_ID, TRACKING_LEVEL, PATH_RENDERER_CLASS, DETAIL_RENDERER_CLASS)
VALUES ('5464aa1543214aa1ba9b69f9e7562b71', 0, 1, '/', 'd7dff44288494aa7a10ec0626d64b2dd', '26', 'custNumber2', 1, 'PathRenderer', 'DetailRenderer');
INSERT INTO CNT_HISTORY_DEF_ITEM
 (ID, REVISION, ENTITY_VERSION, DOMAIN_ID, PARENT_ID, LINE_NO, FIELD_ID, TRACKING_LEVEL, PATH_RENDERER_CLASS, DETAIL_RENDERER_CLASS)
VALUES ('eac6fb49b66b4e7fa967e505d8f0242d', 0, 1, '/', 'd7dff44288494aa7a10ec0626d64b2dd', '27', 'custNumber3', 1, 'PathRenderer', 'DetailRenderer');
INSERT INTO CNT_HISTORY_DEF_ITEM
 (ID, REVISION, ENTITY_VERSION, DOMAIN_ID, PARENT_ID, LINE_NO, FIELD_ID, TRACKING_LEVEL, PATH_RENDERER_CLASS, DETAIL_RENDERER_CLASS)
VALUES ('71ab7045fd62453696cf125f1a6ee5ba', 0, 1, '/', 'd7dff44288494aa7a10ec0626d64b2dd', '28', 'custNumber4', 1, 'PathRenderer', 'DetailRenderer');
INSERT INTO CNT_HISTORY_DEF_ITEM
 (ID, REVISION, ENTITY_VERSION, DOMAIN_ID, PARENT_ID, LINE_NO, FIELD_ID, TRACKING_LEVEL, PATH_RENDERER_CLASS, DETAIL_RENDERER_CLASS)
VALUES ('a91013ed763a417ab0df1fd1c743a793', 0, 1, '/', 'd7dff44288494aa7a10ec0626d64b2dd', '29', 'custNumber5', 1, 'PathRenderer', 'DetailRenderer');
INSERT INTO CNT_HISTORY_DEF_ITEM
 (ID, REVISION, ENTITY_VERSION, DOMAIN_ID, PARENT_ID, LINE_NO, FIELD_ID, TRACKING_LEVEL, PATH_RENDERER_CLASS, DETAIL_RENDERER_CLASS)
VALUES ('4e7dd8f0428c435aa75cd57a4447f979', 0, 1, '/', 'd7dff44288494aa7a10ec0626d64b2dd', '30', 'custNumber6', 1, 'PathRenderer', 'DetailRenderer');
INSERT INTO CNT_HISTORY_DEF_ITEM
 (ID, REVISION, ENTITY_VERSION, DOMAIN_ID, PARENT_ID, LINE_NO, FIELD_ID, TRACKING_LEVEL, PATH_RENDERER_CLASS, DETAIL_RENDERER_CLASS)
VALUES ('7aec3c8171f948d5ac50851f663e4105', 0, 1, '/', 'd7dff44288494aa7a10ec0626d64b2dd', '31', 'custNumber7', 1, 'PathRenderer', 'DetailRenderer');
INSERT INTO CNT_HISTORY_DEF_ITEM
 (ID, REVISION, ENTITY_VERSION, DOMAIN_ID, PARENT_ID, LINE_NO, FIELD_ID, TRACKING_LEVEL, PATH_RENDERER_CLASS, DETAIL_RENDERER_CLASS)
VALUES ('35e7a93676f34380815b664a80882e37', 0, 1, '/', 'd7dff44288494aa7a10ec0626d64b2dd', '32', 'custDecimal1', 1, 'PathRenderer', 'DetailRenderer');
INSERT INTO CNT_HISTORY_DEF_ITEM
 (ID, REVISION, ENTITY_VERSION, DOMAIN_ID, PARENT_ID, LINE_NO, FIELD_ID, TRACKING_LEVEL, PATH_RENDERER_CLASS, DETAIL_RENDERER_CLASS)
VALUES ('6b0e1073c42943439fc7a72a61c0dbaa', 0, 1, '/', 'd7dff44288494aa7a10ec0626d64b2dd', '33', 'custDecimal2', 1, 'PathRenderer', 'DetailRenderer');
INSERT INTO CNT_HISTORY_DEF_ITEM
 (ID, REVISION, ENTITY_VERSION, DOMAIN_ID, PARENT_ID, LINE_NO, FIELD_ID, TRACKING_LEVEL, PATH_RENDERER_CLASS, DETAIL_RENDERER_CLASS)
VALUES ('e3b66d3ba1394e96ae02d346d7e86cd1', 0, 1, '/', 'd7dff44288494aa7a10ec0626d64b2dd', '34', 'custDecimal3', 1, 'PathRenderer', 'DetailRenderer');
INSERT INTO CNT_HISTORY_DEF_ITEM
 (ID, REVISION, ENTITY_VERSION, DOMAIN_ID, PARENT_ID, LINE_NO, FIELD_ID, TRACKING_LEVEL, PATH_RENDERER_CLASS, DETAIL_RENDERER_CLASS)
VALUES ('05287d0baefd45b2ad17992066dd430c', 0, 1, '/', 'd7dff44288494aa7a10ec0626d64b2dd', '35', 'custDecimal4', 1, 'PathRenderer', 'DetailRenderer');
INSERT INTO CNT_HISTORY_DEF_ITEM
 (ID, REVISION, ENTITY_VERSION, DOMAIN_ID, PARENT_ID, LINE_NO, FIELD_ID, TRACKING_LEVEL, PATH_RENDERER_CLASS, DETAIL_RENDERER_CLASS)
VALUES ('8a500c7f2fad40398357e570b81ee23f', 0, 1, '/', 'd7dff44288494aa7a10ec0626d64b2dd', '36', 'custDecimal5', 1, 'PathRenderer', 'DetailRenderer');
INSERT INTO CNT_HISTORY_DEF_ITEM
 (ID, REVISION, ENTITY_VERSION, DOMAIN_ID, PARENT_ID, LINE_NO, FIELD_ID, TRACKING_LEVEL, PATH_RENDERER_CLASS, DETAIL_RENDERER_CLASS)
VALUES ('f0502046d67f4290ade49e04a3b44080', 0, 1, '/', 'd7dff44288494aa7a10ec0626d64b2dd', '37', 'custDecimal6', 1, 'PathRenderer', 'DetailRenderer');
INSERT INTO CNT_HISTORY_DEF_ITEM
 (ID, REVISION, ENTITY_VERSION, DOMAIN_ID, PARENT_ID, LINE_NO, FIELD_ID, TRACKING_LEVEL, PATH_RENDERER_CLASS, DETAIL_RENDERER_CLASS)
VALUES ('c368fbde7d8e4fc88f968f1b059c34d3', 0, 1, '/', 'd7dff44288494aa7a10ec0626d64b2dd', '38', 'custDecimal7', 1, 'PathRenderer', 'DetailRenderer');
INSERT INTO CNT_HISTORY_DEF_ITEM
 (ID, REVISION, ENTITY_VERSION, DOMAIN_ID, PARENT_ID, LINE_NO, FIELD_ID, TRACKING_LEVEL, PATH_RENDERER_CLASS, DETAIL_RENDERER_CLASS)
VALUES ('8c9f211495c24980b27901504013172d', 0, 1, '/', 'd7dff44288494aa7a10ec0626d64b2dd', '39', 'custCodelist1', 1, 'PathRenderer', 'DetailRenderer');
INSERT INTO CNT_HISTORY_DEF_ITEM
 (ID, REVISION, ENTITY_VERSION, DOMAIN_ID, PARENT_ID, LINE_NO, FIELD_ID, TRACKING_LEVEL, PATH_RENDERER_CLASS, DETAIL_RENDERER_CLASS)
VALUES ('3969ff1d355e47c396288b80919b81b3', 0, 1, '/', 'd7dff44288494aa7a10ec0626d64b2dd', '40', 'custCodelist2', 1, 'PathRenderer', 'DetailRenderer');
INSERT INTO CNT_HISTORY_DEF_ITEM
 (ID, REVISION, ENTITY_VERSION, DOMAIN_ID, PARENT_ID, LINE_NO, FIELD_ID, TRACKING_LEVEL, PATH_RENDERER_CLASS, DETAIL_RENDERER_CLASS)
VALUES ('b82290d9faa54503957a858867493ad9', 0, 1, '/', 'd7dff44288494aa7a10ec0626d64b2dd', '41', 'custCodelist3', 1, 'PathRenderer', 'DetailRenderer');
INSERT INTO CNT_HISTORY_DEF_ITEM
 (ID, REVISION, ENTITY_VERSION, DOMAIN_ID, PARENT_ID, LINE_NO, FIELD_ID, TRACKING_LEVEL, PATH_RENDERER_CLASS, DETAIL_RENDERER_CLASS)
VALUES ('616e8090b90a48479209fda8bf2e4359', 0, 1, '/', 'd7dff44288494aa7a10ec0626d64b2dd', '42', 'custCodelist4', 1, 'PathRenderer', 'DetailRenderer');
INSERT INTO CNT_HISTORY_DEF_ITEM
 (ID, REVISION, ENTITY_VERSION, DOMAIN_ID, PARENT_ID, LINE_NO, FIELD_ID, TRACKING_LEVEL, PATH_RENDERER_CLASS, DETAIL_RENDERER_CLASS)
VALUES ('8f980656b9104ca9b3d2ef8f67b62fee', 0, 1, '/', 'd7dff44288494aa7a10ec0626d64b2dd', '43', 'custCodelist5', 1, 'PathRenderer', 'DetailRenderer');
INSERT INTO CNT_HISTORY_DEF_ITEM
 (ID, REVISION, ENTITY_VERSION, DOMAIN_ID, PARENT_ID, LINE_NO, FIELD_ID, TRACKING_LEVEL, PATH_RENDERER_CLASS, DETAIL_RENDERER_CLASS)
VALUES ('96e396a98c8542e0b71c26d9e73ebc3c', 0, 1, '/', 'd7dff44288494aa7a10ec0626d64b2dd', '44', 'custCodelist6', 1, 'PathRenderer', 'DetailRenderer');
INSERT INTO CNT_HISTORY_DEF_ITEM
 (ID, REVISION, ENTITY_VERSION, DOMAIN_ID, PARENT_ID, LINE_NO, FIELD_ID, TRACKING_LEVEL, PATH_RENDERER_CLASS, DETAIL_RENDERER_CLASS)
VALUES ('3f0ad84bceb74c7abf15ed510454d495', 0, 1, '/', 'd7dff44288494aa7a10ec0626d64b2dd', '45', 'custCodelist7', 1, 'PathRenderer', 'DetailRenderer');
INSERT INTO CNT_HISTORY_DEF_ITEM
 (ID, REVISION, ENTITY_VERSION, DOMAIN_ID, PARENT_ID, LINE_NO, FIELD_ID, TRACKING_LEVEL, PATH_RENDERER_CLASS, DETAIL_RENDERER_CLASS)
VALUES ('d181c21cfc7642f5a1688071d1420ce2', 0, 1, '/', 'd7dff44288494aa7a10ec0626d64b2dd', '46', 'custMemoText1', 1, 'PathRenderer', 'DetailRenderer');
INSERT INTO CNT_HISTORY_DEF_ITEM
 (ID, REVISION, ENTITY_VERSION, DOMAIN_ID, PARENT_ID, LINE_NO, FIELD_ID, TRACKING_LEVEL, PATH_RENDERER_CLASS, DETAIL_RENDERER_CLASS)
VALUES ('edf4190424334115b5d3c32400589ff5', 0, 1, '/', 'd7dff44288494aa7a10ec0626d64b2dd', '47', 'custMemoText2', 1, 'PathRenderer', 'DetailRenderer');
INSERT INTO CNT_HISTORY_DEF_ITEM
 (ID, REVISION, ENTITY_VERSION, DOMAIN_ID, PARENT_ID, LINE_NO, FIELD_ID, TRACKING_LEVEL, PATH_RENDERER_CLASS, DETAIL_RENDERER_CLASS)
VALUES ('97e8bd4cb3a44ea58b88aa57bc15f3c4', 0, 1, '/', 'd7dff44288494aa7a10ec0626d64b2dd', '48', 'custMemoText3', 1, 'PathRenderer', 'DetailRenderer');
INSERT INTO CNT_HISTORY_DEF_ITEM
 (ID, REVISION, ENTITY_VERSION, DOMAIN_ID, PARENT_ID, LINE_NO, FIELD_ID, TRACKING_LEVEL, PATH_RENDERER_CLASS, DETAIL_RENDERER_CLASS)
VALUES ('79a2ef0c4dc84abaa4667aaaec63bbc4', 0, 1, '/', 'd7dff44288494aa7a10ec0626d64b2dd', '49', 'custMemoText4', 1, 'PathRenderer', 'DetailRenderer');
INSERT INTO CNT_HISTORY_DEF_ITEM
 (ID, REVISION, ENTITY_VERSION, DOMAIN_ID, PARENT_ID, LINE_NO, FIELD_ID, TRACKING_LEVEL, PATH_RENDERER_CLASS, DETAIL_RENDERER_CLASS)
VALUES ('ccd69017e91e40a9aa8b89b962170b1a', 0, 1, '/', 'd7dff44288494aa7a10ec0626d64b2dd', '50', 'custMemoText5', 1, 'PathRenderer', 'DetailRenderer');
INSERT INTO CNT_HISTORY_DEF_ITEM
 (ID, REVISION, ENTITY_VERSION, DOMAIN_ID, PARENT_ID, LINE_NO, FIELD_ID, TRACKING_LEVEL, PATH_RENDERER_CLASS, DETAIL_RENDERER_CLASS)
VALUES ('e88bf543564d44b1b827c6bb732261f1', 0, 1, '/', 'd7dff44288494aa7a10ec0626d64b2dd', '51', 'custMemoText6', 1, 'PathRenderer', 'DetailRenderer');
INSERT INTO CNT_HISTORY_DEF_ITEM
 (ID, REVISION, ENTITY_VERSION, DOMAIN_ID, PARENT_ID, LINE_NO, FIELD_ID, TRACKING_LEVEL, PATH_RENDERER_CLASS, DETAIL_RENDERER_CLASS)
VALUES ('83b2c1371c87494ca251f7221bcae50c', 0, 1, '/', 'd7dff44288494aa7a10ec0626d64b2dd', '52', 'custMemoText7', 1, 'PathRenderer', 'DetailRenderer');
INSERT INTO CNT_HISTORY_DEF_ITEM
 (ID, REVISION, ENTITY_VERSION, DOMAIN_ID, PARENT_ID, LINE_NO, FIELD_ID, TRACKING_LEVEL, PATH_RENDERER_CLASS, DETAIL_RENDERER_CLASS)
VALUES ('4b3667559e184e64b9a28e4f4b0c3d32', 0, 1, '/', 'd7dff44288494aa7a10ec0626d64b2dd', '53', 'custHcl1', 1, 'PathRenderer', 'DetailRenderer');
INSERT INTO CNT_HISTORY_DEF_ITEM
 (ID, REVISION, ENTITY_VERSION, DOMAIN_ID, PARENT_ID, LINE_NO, FIELD_ID, TRACKING_LEVEL, PATH_RENDERER_CLASS, DETAIL_RENDERER_CLASS)
VALUES ('e412260b113e4b1c98abe02073fee356', 0, 1, '/', 'd7dff44288494aa7a10ec0626d64b2dd', '54', 'custHcl2', 1, 'PathRenderer', 'DetailRenderer');
INSERT INTO CNT_HISTORY_DEF_ITEM
 (ID, REVISION, ENTITY_VERSION, DOMAIN_ID, PARENT_ID, LINE_NO, FIELD_ID, TRACKING_LEVEL, PATH_RENDERER_CLASS, DETAIL_RENDERER_CLASS)
VALUES ('6fbdb4e999a84376b180481f0aa99366', 0, 1, '/', 'd7dff44288494aa7a10ec0626d64b2dd', '55', 'custHcl3', 1, 'PathRenderer', 'DetailRenderer');
INSERT INTO CNT_HISTORY_DEF_ITEM
 (ID, REVISION, ENTITY_VERSION, DOMAIN_ID, PARENT_ID, LINE_NO, FIELD_ID, TRACKING_LEVEL, PATH_RENDERER_CLASS, DETAIL_RENDERER_CLASS)
VALUES ('6afc3dd2672a47168ec303fa8043dba7', 0, 1, '/', 'd7dff44288494aa7a10ec0626d64b2dd', '56', 'custHcl4', 1, 'PathRenderer', 'DetailRenderer');
INSERT INTO CNT_HISTORY_DEF_ITEM
 (ID, REVISION, ENTITY_VERSION, DOMAIN_ID, PARENT_ID, LINE_NO, FIELD_ID, TRACKING_LEVEL, PATH_RENDERER_CLASS, DETAIL_RENDERER_CLASS)
VALUES ('12a96ec6dc8f4fbb9e624adc6143e445', 0, 1, '/', 'd7dff44288494aa7a10ec0626d64b2dd', '57', 'custHcl5', 1, 'PathRenderer', 'DetailRenderer');
INSERT INTO CNT_HISTORY_DEF_ITEM
 (ID, REVISION, ENTITY_VERSION, DOMAIN_ID, PARENT_ID, LINE_NO, FIELD_ID, TRACKING_LEVEL, PATH_RENDERER_CLASS, DETAIL_RENDERER_CLASS)
VALUES ('e1fb204eed2745b59a47f473253795c5', 0, 1, '/', 'd7dff44288494aa7a10ec0626d64b2dd', '58', 'fileRef', 0, 'PathRenderer', 'DetailRenderer');
INSERT INTO CNT_HISTORY_DEF_ITEM
 (ID, REVISION, ENTITY_VERSION, DOMAIN_ID, PARENT_ID, LINE_NO, FIELD_ID, TRACKING_LEVEL, PATH_RENDERER_CLASS, DETAIL_RENDERER_CLASS)
VALUES ('441e7a0b51f5408e878f360e9923669e', 0, 1, '/', 'd7dff44288494aa7a10ec0626d64b2dd', '59', 'fileVer', 0, 'PathRenderer', 'DetailRenderer');
INSERT INTO CNT_HISTORY_DEF_ITEM
 (ID, REVISION, ENTITY_VERSION, DOMAIN_ID, PARENT_ID, LINE_NO, FIELD_ID, TRACKING_LEVEL, PATH_RENDERER_CLASS, DETAIL_RENDERER_CLASS)
VALUES ('1c9624e86ac74bafb307f0351551ee7c', 0, 1, '/', 'd7dff44288494aa7a10ec0626d64b2dd', '60', 'fileRef2', 0, 'PathRenderer', 'DetailRenderer');
INSERT INTO CNT_HISTORY_DEF_ITEM
 (ID, REVISION, ENTITY_VERSION, DOMAIN_ID, PARENT_ID, LINE_NO, FIELD_ID, TRACKING_LEVEL, PATH_RENDERER_CLASS, DETAIL_RENDERER_CLASS)
VALUES ('bbc8deccdf834fcf89a6a1cd6a4e54eb', 0, 1, '/', 'd7dff44288494aa7a10ec0626d64b2dd', '61', 'attachTypeIdValue', 0, 'PathRenderer', 'DetailRenderer');
INSERT INTO CNT_HISTORY_DEF_ITEM
 (ID, REVISION, ENTITY_VERSION, DOMAIN_ID, PARENT_ID, LINE_NO, FIELD_ID, TRACKING_LEVEL, PATH_RENDERER_CLASS, DETAIL_RENDERER_CLASS)
VALUES ('52daadf48e3d4662b303e605fb73793c', 0, 1, '/', 'd7dff44288494aa7a10ec0626d64b2dd', '62', 'custCodelist1Name', 0, 'PathRenderer', 'DetailRenderer');
INSERT INTO CNT_HISTORY_DEF_ITEM
 (ID, REVISION, ENTITY_VERSION, DOMAIN_ID, PARENT_ID, LINE_NO, FIELD_ID, TRACKING_LEVEL, PATH_RENDERER_CLASS, DETAIL_RENDERER_CLASS)
VALUES ('243fe1c085f44aa7abada9b2fb818d1e', 0, 1, '/', 'd7dff44288494aa7a10ec0626d64b2dd', '63', 'custCodelist2Name', 0, 'PathRenderer', 'DetailRenderer');
INSERT INTO CNT_HISTORY_DEF_ITEM
 (ID, REVISION, ENTITY_VERSION, DOMAIN_ID, PARENT_ID, LINE_NO, FIELD_ID, TRACKING_LEVEL, PATH_RENDERER_CLASS, DETAIL_RENDERER_CLASS)
VALUES ('e9a47239deea4724b7e461b35fa45ac9', 0, 1, '/', 'd7dff44288494aa7a10ec0626d64b2dd', '64', 'custCodelist3Name', 0, 'PathRenderer', 'DetailRenderer');
INSERT INTO CNT_HISTORY_DEF_ITEM
 (ID, REVISION, ENTITY_VERSION, DOMAIN_ID, PARENT_ID, LINE_NO, FIELD_ID, TRACKING_LEVEL, PATH_RENDERER_CLASS, DETAIL_RENDERER_CLASS)
VALUES ('143c1708d0af4a23a0bb5a19b43fc82a', 0, 1, '/', 'd7dff44288494aa7a10ec0626d64b2dd', '65', 'custCodelist4Name', 0, 'PathRenderer', 'DetailRenderer');
INSERT INTO CNT_HISTORY_DEF_ITEM
 (ID, REVISION, ENTITY_VERSION, DOMAIN_ID, PARENT_ID, LINE_NO, FIELD_ID, TRACKING_LEVEL, PATH_RENDERER_CLASS, DETAIL_RENDERER_CLASS)
VALUES ('280a46ee2e704ba7a6070db4f33503f8', 0, 1, '/', 'd7dff44288494aa7a10ec0626d64b2dd', '66', 'custCodelist5Name', 0, 'PathRenderer', 'DetailRenderer');
INSERT INTO CNT_HISTORY_DEF_ITEM
 (ID, REVISION, ENTITY_VERSION, DOMAIN_ID, PARENT_ID, LINE_NO, FIELD_ID, TRACKING_LEVEL, PATH_RENDERER_CLASS, DETAIL_RENDERER_CLASS)
VALUES ('b5eea9266a4e40ff877be09fe9c545a3', 0, 1, '/', 'd7dff44288494aa7a10ec0626d64b2dd', '67', 'custCodelist6Name', 0, 'PathRenderer', 'DetailRenderer');
INSERT INTO CNT_HISTORY_DEF_ITEM
 (ID, REVISION, ENTITY_VERSION, DOMAIN_ID, PARENT_ID, LINE_NO, FIELD_ID, TRACKING_LEVEL, PATH_RENDERER_CLASS, DETAIL_RENDERER_CLASS)
VALUES ('03b6f296891b497ba87eab7e83039683', 0, 1, '/', 'd7dff44288494aa7a10ec0626d64b2dd', '68', 'custCodelist7Name', 0, 'PathRenderer', 'DetailRenderer');
INSERT INTO CNT_HISTORY_DEF_ITEM
 (ID, REVISION, ENTITY_VERSION, DOMAIN_ID, PARENT_ID, LINE_NO, FIELD_ID, TRACKING_LEVEL, PATH_RENDERER_CLASS, DETAIL_RENDERER_CLASS)
VALUES ('bfb636f4684a48fa9b0d1e32cec0bc4c', 0, 1, '/', 'd7dff44288494aa7a10ec0626d64b2dd', '69', 'custHcl1Ref', 0, 'PathRenderer', 'DetailRenderer');
INSERT INTO CNT_HISTORY_DEF_ITEM
 (ID, REVISION, ENTITY_VERSION, DOMAIN_ID, PARENT_ID, LINE_NO, FIELD_ID, TRACKING_LEVEL, PATH_RENDERER_CLASS, DETAIL_RENDERER_CLASS)
VALUES ('1831b3fc8f6e4620acddf88cefbefda4', 0, 1, '/', 'd7dff44288494aa7a10ec0626d64b2dd', '70', 'custHcl1Ver', 0, 'PathRenderer', 'DetailRenderer');
INSERT INTO CNT_HISTORY_DEF_ITEM
 (ID, REVISION, ENTITY_VERSION, DOMAIN_ID, PARENT_ID, LINE_NO, FIELD_ID, TRACKING_LEVEL, PATH_RENDERER_CLASS, DETAIL_RENDERER_CLASS)
VALUES ('f5815428097e4c6d8cd1ae45ddbca3e7', 0, 1, '/', 'd7dff44288494aa7a10ec0626d64b2dd', '71', 'custHcl1Ref2', 0, 'PathRenderer', 'DetailRenderer');
INSERT INTO CNT_HISTORY_DEF_ITEM
 (ID, REVISION, ENTITY_VERSION, DOMAIN_ID, PARENT_ID, LINE_NO, FIELD_ID, TRACKING_LEVEL, PATH_RENDERER_CLASS, DETAIL_RENDERER_CLASS)
VALUES ('e516c6c9e7384960be598c915be21c4c', 0, 1, '/', 'd7dff44288494aa7a10ec0626d64b2dd', '72', 'custHcl1FullLineage', 0, 'PathRenderer', 'DetailRenderer');
INSERT INTO CNT_HISTORY_DEF_ITEM
 (ID, REVISION, ENTITY_VERSION, DOMAIN_ID, PARENT_ID, LINE_NO, FIELD_ID, TRACKING_LEVEL, PATH_RENDERER_CLASS, DETAIL_RENDERER_CLASS)
VALUES ('634a763e0c85407ab954e91372ae5f6a', 0, 1, '/', 'd7dff44288494aa7a10ec0626d64b2dd', '73', 'custHcl2Ref', 0, 'PathRenderer', 'DetailRenderer');
INSERT INTO CNT_HISTORY_DEF_ITEM
 (ID, REVISION, ENTITY_VERSION, DOMAIN_ID, PARENT_ID, LINE_NO, FIELD_ID, TRACKING_LEVEL, PATH_RENDERER_CLASS, DETAIL_RENDERER_CLASS)
VALUES ('3b7a90f3b9de4abb94193c835a6b3b6e', 0, 1, '/', 'd7dff44288494aa7a10ec0626d64b2dd', '74', 'custHcl2Ver', 0, 'PathRenderer', 'DetailRenderer');
INSERT INTO CNT_HISTORY_DEF_ITEM
 (ID, REVISION, ENTITY_VERSION, DOMAIN_ID, PARENT_ID, LINE_NO, FIELD_ID, TRACKING_LEVEL, PATH_RENDERER_CLASS, DETAIL_RENDERER_CLASS)
VALUES ('e16d632a40774e1f92bec12ca34847ca', 0, 1, '/', 'd7dff44288494aa7a10ec0626d64b2dd', '75', 'custHcl2Ref2', 0, 'PathRenderer', 'DetailRenderer');
INSERT INTO CNT_HISTORY_DEF_ITEM
 (ID, REVISION, ENTITY_VERSION, DOMAIN_ID, PARENT_ID, LINE_NO, FIELD_ID, TRACKING_LEVEL, PATH_RENDERER_CLASS, DETAIL_RENDERER_CLASS)
VALUES ('14688bdb08514e1f9c98d9ee223c968b', 0, 1, '/', 'd7dff44288494aa7a10ec0626d64b2dd', '76', 'custHcl2FullLineage', 0, 'PathRenderer', 'DetailRenderer');
INSERT INTO CNT_HISTORY_DEF_ITEM
 (ID, REVISION, ENTITY_VERSION, DOMAIN_ID, PARENT_ID, LINE_NO, FIELD_ID, TRACKING_LEVEL, PATH_RENDERER_CLASS, DETAIL_RENDERER_CLASS)
VALUES ('32bb07e2597046cb933593043a9159f5', 0, 1, '/', 'd7dff44288494aa7a10ec0626d64b2dd', '77', 'custHcl3Ref', 0, 'PathRenderer', 'DetailRenderer');
INSERT INTO CNT_HISTORY_DEF_ITEM
 (ID, REVISION, ENTITY_VERSION, DOMAIN_ID, PARENT_ID, LINE_NO, FIELD_ID, TRACKING_LEVEL, PATH_RENDERER_CLASS, DETAIL_RENDERER_CLASS)
VALUES ('e326f2e7aac94954af6f1ed3ea42e99f', 0, 1, '/', 'd7dff44288494aa7a10ec0626d64b2dd', '78', 'custHcl3Ver', 0, 'PathRenderer', 'DetailRenderer');
INSERT INTO CNT_HISTORY_DEF_ITEM
 (ID, REVISION, ENTITY_VERSION, DOMAIN_ID, PARENT_ID, LINE_NO, FIELD_ID, TRACKING_LEVEL, PATH_RENDERER_CLASS, DETAIL_RENDERER_CLASS)
VALUES ('9a58d60b21c54b07bd8691376c3ab661', 0, 1, '/', 'd7dff44288494aa7a10ec0626d64b2dd', '79', 'custHcl3Ref2', 0, 'PathRenderer', 'DetailRenderer');
INSERT INTO CNT_HISTORY_DEF_ITEM
 (ID, REVISION, ENTITY_VERSION, DOMAIN_ID, PARENT_ID, LINE_NO, FIELD_ID, TRACKING_LEVEL, PATH_RENDERER_CLASS, DETAIL_RENDERER_CLASS)
VALUES ('8a41269768c64131988bb11f5de62676', 0, 1, '/', 'd7dff44288494aa7a10ec0626d64b2dd', '80', 'custHcl3FullLineage', 0, 'PathRenderer', 'DetailRenderer');
INSERT INTO CNT_HISTORY_DEF_ITEM
 (ID, REVISION, ENTITY_VERSION, DOMAIN_ID, PARENT_ID, LINE_NO, FIELD_ID, TRACKING_LEVEL, PATH_RENDERER_CLASS, DETAIL_RENDERER_CLASS)
VALUES ('8a6a364a56994051b2830c45f6a45df0', 0, 1, '/', 'd7dff44288494aa7a10ec0626d64b2dd', '81', 'custHcl4Ref', 0, 'PathRenderer', 'DetailRenderer');
INSERT INTO CNT_HISTORY_DEF_ITEM
 (ID, REVISION, ENTITY_VERSION, DOMAIN_ID, PARENT_ID, LINE_NO, FIELD_ID, TRACKING_LEVEL, PATH_RENDERER_CLASS, DETAIL_RENDERER_CLASS)
VALUES ('a7065319ad894d2f9e09cbcb4bec51d2', 0, 1, '/', 'd7dff44288494aa7a10ec0626d64b2dd', '82', 'custHcl4Ver', 0, 'PathRenderer', 'DetailRenderer');
INSERT INTO CNT_HISTORY_DEF_ITEM
 (ID, REVISION, ENTITY_VERSION, DOMAIN_ID, PARENT_ID, LINE_NO, FIELD_ID, TRACKING_LEVEL, PATH_RENDERER_CLASS, DETAIL_RENDERER_CLASS)
VALUES ('c8bda5dc73ef40da9217b0d77942b359', 0, 1, '/', 'd7dff44288494aa7a10ec0626d64b2dd', '83', 'custHcl4Ref2', 0, 'PathRenderer', 'DetailRenderer');
INSERT INTO CNT_HISTORY_DEF_ITEM
 (ID, REVISION, ENTITY_VERSION, DOMAIN_ID, PARENT_ID, LINE_NO, FIELD_ID, TRACKING_LEVEL, PATH_RENDERER_CLASS, DETAIL_RENDERER_CLASS)
VALUES ('0764f207f262437eae30ffd04d0bcceb', 0, 1, '/', 'd7dff44288494aa7a10ec0626d64b2dd', '84', 'custHcl4FullLineage', 0, 'PathRenderer', 'DetailRenderer');
INSERT INTO CNT_HISTORY_DEF_ITEM
 (ID, REVISION, ENTITY_VERSION, DOMAIN_ID, PARENT_ID, LINE_NO, FIELD_ID, TRACKING_LEVEL, PATH_RENDERER_CLASS, DETAIL_RENDERER_CLASS)
VALUES ('cb4f25e7529b4040a06ee035a0e809db', 0, 1, '/', 'd7dff44288494aa7a10ec0626d64b2dd', '85', 'custHcl5Ref', 0, 'PathRenderer', 'DetailRenderer');
INSERT INTO CNT_HISTORY_DEF_ITEM
 (ID, REVISION, ENTITY_VERSION, DOMAIN_ID, PARENT_ID, LINE_NO, FIELD_ID, TRACKING_LEVEL, PATH_RENDERER_CLASS, DETAIL_RENDERER_CLASS)
VALUES ('2604da59aa6047cabffaf1bdef7cc676', 0, 1, '/', 'd7dff44288494aa7a10ec0626d64b2dd', '86', 'custHcl5Ver', 0, 'PathRenderer', 'DetailRenderer');
INSERT INTO CNT_HISTORY_DEF_ITEM
 (ID, REVISION, ENTITY_VERSION, DOMAIN_ID, PARENT_ID, LINE_NO, FIELD_ID, TRACKING_LEVEL, PATH_RENDERER_CLASS, DETAIL_RENDERER_CLASS)
VALUES ('41a7703646fc4760a7b5b69edae6558c', 0, 1, '/', 'd7dff44288494aa7a10ec0626d64b2dd', '87', 'custHcl5Ref2', 0, 'PathRenderer', 'DetailRenderer');
INSERT INTO CNT_HISTORY_DEF_ITEM
 (ID, REVISION, ENTITY_VERSION, DOMAIN_ID, PARENT_ID, LINE_NO, FIELD_ID, TRACKING_LEVEL, PATH_RENDERER_CLASS, DETAIL_RENDERER_CLASS)
VALUES ('ba5f7e64b9304d2c8724c31d424667d6', 0, 1, '/', 'd7dff44288494aa7a10ec0626d64b2dd', '88', 'custHcl5FullLineage', 0, 'PathRenderer', 'DetailRenderer');
INSERT INTO CNT_HISTORY_DEF
 (ID, REVISION, APPLY_ENTITY, ENTITY_VERSION, DOMAIN_ID , GENERATED, CREATE_USER, CREATE_USER_NAME, CREATED_ON)
VALUES ('8d0e5f9b077749808f23f55bdde75ba8', 0, 'BriefSourAgent', 1, '/', 1, 'system', 'system', systimestamp);
INSERT INTO CNT_HISTORY_DEF_ITEM
 (ID, REVISION, ENTITY_VERSION, DOMAIN_ID, PARENT_ID, LINE_NO, FIELD_ID, TRACKING_LEVEL, PATH_RENDERER_CLASS, DETAIL_RENDERER_CLASS)
VALUES ('dc6665313a3741a69ef3d7a1ce0e339f', 0, 1, '/', '8d0e5f9b077749808f23f55bdde75ba8', '0', 'id', 1, 'PathRenderer', 'DetailRenderer');
INSERT INTO CNT_HISTORY_DEF_ITEM
 (ID, REVISION, ENTITY_VERSION, DOMAIN_ID, PARENT_ID, LINE_NO, FIELD_ID, TRACKING_LEVEL, PATH_RENDERER_CLASS, DETAIL_RENDERER_CLASS)
VALUES ('6d782f671fcb47989f1229aeb63124d8', 0, 1, '/', '8d0e5f9b077749808f23f55bdde75ba8', '1', 'revision', 1, 'PathRenderer', 'DetailRenderer');
INSERT INTO CNT_HISTORY_DEF_ITEM
 (ID, REVISION, ENTITY_VERSION, DOMAIN_ID, PARENT_ID, LINE_NO, FIELD_ID, TRACKING_LEVEL, PATH_RENDERER_CLASS, DETAIL_RENDERER_CLASS)
VALUES ('ddc99f4d4f5f47398cbe85782602d255', 0, 1, '/', '8d0e5f9b077749808f23f55bdde75ba8', '2', 'entityVersion', 1, 'PathRenderer', 'DetailRenderer');
INSERT INTO CNT_HISTORY_DEF_ITEM
 (ID, REVISION, ENTITY_VERSION, DOMAIN_ID, PARENT_ID, LINE_NO, FIELD_ID, TRACKING_LEVEL, PATH_RENDERER_CLASS, DETAIL_RENDERER_CLASS)
VALUES ('5685d3542d314f7e95b30527ef05d7ff', 0, 1, '/', '8d0e5f9b077749808f23f55bdde75ba8', '3', 'domainId', 1, 'PathRenderer', 'DetailRenderer');
INSERT INTO CNT_HISTORY_DEF_ITEM
 (ID, REVISION, ENTITY_VERSION, DOMAIN_ID, PARENT_ID, LINE_NO, FIELD_ID, TRACKING_LEVEL, PATH_RENDERER_CLASS, DETAIL_RENDERER_CLASS)
VALUES ('5787c3db828442ec998c65d01f3bc744', 0, 1, '/', '8d0e5f9b077749808f23f55bdde75ba8', '4', 'hubDomainId', 1, 'PathRenderer', 'DetailRenderer');
INSERT INTO CNT_HISTORY_DEF_ITEM
 (ID, REVISION, ENTITY_VERSION, DOMAIN_ID, PARENT_ID, LINE_NO, FIELD_ID, TRACKING_LEVEL, PATH_RENDERER_CLASS, DETAIL_RENDERER_CLASS)
VALUES ('ec08338c235045ecbe7f498d1f1e83e7', 0, 1, '/', '8d0e5f9b077749808f23f55bdde75ba8', '5', 'isForReference', 1, 'PathRenderer', 'DetailRenderer');
INSERT INTO CNT_HISTORY_DEF_ITEM
 (ID, REVISION, ENTITY_VERSION, DOMAIN_ID, PARENT_ID, LINE_NO, FIELD_ID, TRACKING_LEVEL, PATH_RENDERER_CLASS, DETAIL_RENDERER_CLASS)
VALUES ('ba1a81fcd6d1474495a9ac499a54cf7e', 0, 1, '/', '8d0e5f9b077749808f23f55bdde75ba8', '6', 'internalSeqNo', 1, 'PathRenderer', 'DetailRenderer');
INSERT INTO CNT_HISTORY_DEF_ITEM
 (ID, REVISION, ENTITY_VERSION, DOMAIN_ID, PARENT_ID, LINE_NO, FIELD_ID, TRACKING_LEVEL, PATH_RENDERER_CLASS, DETAIL_RENDERER_CLASS)
VALUES ('3c0f37ecb89840f49d6be30b7e73373e', 0, 1, '/', '8d0e5f9b077749808f23f55bdde75ba8', '7', 'briefId', 1, 'PathRenderer', 'DetailRenderer');
INSERT INTO CNT_HISTORY_DEF_ITEM
 (ID, REVISION, ENTITY_VERSION, DOMAIN_ID, PARENT_ID, LINE_NO, FIELD_ID, TRACKING_LEVEL, PATH_RENDERER_CLASS, DETAIL_RENDERER_CLASS)
VALUES ('e8f4bcd034674478802f4a88d6131406', 0, 1, '/', '8d0e5f9b077749808f23f55bdde75ba8', '8', 'agentId', 1, 'PathRenderer', 'DetailRenderer');
INSERT INTO CNT_HISTORY_DEF_ITEM
 (ID, REVISION, ENTITY_VERSION, DOMAIN_ID, PARENT_ID, LINE_NO, FIELD_ID, TRACKING_LEVEL, PATH_RENDERER_CLASS, DETAIL_RENDERER_CLASS)
VALUES ('c5475735a1b4477189e3ffe5270bb4b4', 0, 1, '/', '8d0e5f9b077749808f23f55bdde75ba8', '9', 'refNo', 0, 'PathRenderer', 'DetailRenderer');
INSERT INTO CNT_HISTORY_DEF_ITEM
 (ID, REVISION, ENTITY_VERSION, DOMAIN_ID, PARENT_ID, LINE_NO, FIELD_ID, TRACKING_LEVEL, PATH_RENDERER_CLASS, DETAIL_RENDERER_CLASS)
VALUES ('c6654ccba3a6428f97fc24b3e34bd749', 0, 1, '/', '8d0e5f9b077749808f23f55bdde75ba8', '10', 'custText1', 1, 'PathRenderer', 'DetailRenderer');
INSERT INTO CNT_HISTORY_DEF_ITEM
 (ID, REVISION, ENTITY_VERSION, DOMAIN_ID, PARENT_ID, LINE_NO, FIELD_ID, TRACKING_LEVEL, PATH_RENDERER_CLASS, DETAIL_RENDERER_CLASS)
VALUES ('24e6dd5812f34caba0ac4206f17cc763', 0, 1, '/', '8d0e5f9b077749808f23f55bdde75ba8', '11', 'custText2', 1, 'PathRenderer', 'DetailRenderer');
INSERT INTO CNT_HISTORY_DEF_ITEM
 (ID, REVISION, ENTITY_VERSION, DOMAIN_ID, PARENT_ID, LINE_NO, FIELD_ID, TRACKING_LEVEL, PATH_RENDERER_CLASS, DETAIL_RENDERER_CLASS)
VALUES ('1d4f5cdee0d348c08ba919d3e61d9e74', 0, 1, '/', '8d0e5f9b077749808f23f55bdde75ba8', '12', 'custText3', 1, 'PathRenderer', 'DetailRenderer');
INSERT INTO CNT_HISTORY_DEF_ITEM
 (ID, REVISION, ENTITY_VERSION, DOMAIN_ID, PARENT_ID, LINE_NO, FIELD_ID, TRACKING_LEVEL, PATH_RENDERER_CLASS, DETAIL_RENDERER_CLASS)
VALUES ('10acc779687f44cba63b71b33323cbdb', 0, 1, '/', '8d0e5f9b077749808f23f55bdde75ba8', '13', 'custText4', 1, 'PathRenderer', 'DetailRenderer');
INSERT INTO CNT_HISTORY_DEF_ITEM
 (ID, REVISION, ENTITY_VERSION, DOMAIN_ID, PARENT_ID, LINE_NO, FIELD_ID, TRACKING_LEVEL, PATH_RENDERER_CLASS, DETAIL_RENDERER_CLASS)
VALUES ('8f806fa05dd540958fb57c7c35bc0fac', 0, 1, '/', '8d0e5f9b077749808f23f55bdde75ba8', '14', 'custText5', 1, 'PathRenderer', 'DetailRenderer');
INSERT INTO CNT_HISTORY_DEF_ITEM
 (ID, REVISION, ENTITY_VERSION, DOMAIN_ID, PARENT_ID, LINE_NO, FIELD_ID, TRACKING_LEVEL, PATH_RENDERER_CLASS, DETAIL_RENDERER_CLASS)
VALUES ('4d4223a324fd4ba886fab0d0bd258fb9', 0, 1, '/', '8d0e5f9b077749808f23f55bdde75ba8', '15', 'custText6', 1, 'PathRenderer', 'DetailRenderer');
INSERT INTO CNT_HISTORY_DEF_ITEM
 (ID, REVISION, ENTITY_VERSION, DOMAIN_ID, PARENT_ID, LINE_NO, FIELD_ID, TRACKING_LEVEL, PATH_RENDERER_CLASS, DETAIL_RENDERER_CLASS)
VALUES ('9b97b8d12b7449cc951fbd52b461f2da', 0, 1, '/', '8d0e5f9b077749808f23f55bdde75ba8', '16', 'custText7', 1, 'PathRenderer', 'DetailRenderer');
INSERT INTO CNT_HISTORY_DEF_ITEM
 (ID, REVISION, ENTITY_VERSION, DOMAIN_ID, PARENT_ID, LINE_NO, FIELD_ID, TRACKING_LEVEL, PATH_RENDERER_CLASS, DETAIL_RENDERER_CLASS)
VALUES ('8734390440b64b95a3f0f8093f9bcbde', 0, 1, '/', '8d0e5f9b077749808f23f55bdde75ba8', '17', 'custDate1', 1, 'PathRenderer', 'DetailRenderer');
INSERT INTO CNT_HISTORY_DEF_ITEM
 (ID, REVISION, ENTITY_VERSION, DOMAIN_ID, PARENT_ID, LINE_NO, FIELD_ID, TRACKING_LEVEL, PATH_RENDERER_CLASS, DETAIL_RENDERER_CLASS)
VALUES ('55adbaab1c4745d294a926cedc6ae78c', 0, 1, '/', '8d0e5f9b077749808f23f55bdde75ba8', '18', 'custDate2', 1, 'PathRenderer', 'DetailRenderer');
INSERT INTO CNT_HISTORY_DEF_ITEM
 (ID, REVISION, ENTITY_VERSION, DOMAIN_ID, PARENT_ID, LINE_NO, FIELD_ID, TRACKING_LEVEL, PATH_RENDERER_CLASS, DETAIL_RENDERER_CLASS)
VALUES ('f6b72c2a92904dd188d437637c3c98b8', 0, 1, '/', '8d0e5f9b077749808f23f55bdde75ba8', '19', 'custDate3', 1, 'PathRenderer', 'DetailRenderer');
INSERT INTO CNT_HISTORY_DEF_ITEM
 (ID, REVISION, ENTITY_VERSION, DOMAIN_ID, PARENT_ID, LINE_NO, FIELD_ID, TRACKING_LEVEL, PATH_RENDERER_CLASS, DETAIL_RENDERER_CLASS)
VALUES ('6e16dbf6826146dbb037864a33faf8c4', 0, 1, '/', '8d0e5f9b077749808f23f55bdde75ba8', '20', 'custDate4', 1, 'PathRenderer', 'DetailRenderer');
INSERT INTO CNT_HISTORY_DEF_ITEM
 (ID, REVISION, ENTITY_VERSION, DOMAIN_ID, PARENT_ID, LINE_NO, FIELD_ID, TRACKING_LEVEL, PATH_RENDERER_CLASS, DETAIL_RENDERER_CLASS)
VALUES ('6a74cfeb4b1f40e8b500de0ee0f09a63', 0, 1, '/', '8d0e5f9b077749808f23f55bdde75ba8', '21', 'custDate5', 1, 'PathRenderer', 'DetailRenderer');
INSERT INTO CNT_HISTORY_DEF_ITEM
 (ID, REVISION, ENTITY_VERSION, DOMAIN_ID, PARENT_ID, LINE_NO, FIELD_ID, TRACKING_LEVEL, PATH_RENDERER_CLASS, DETAIL_RENDERER_CLASS)
VALUES ('d40b72259b14472082bfc430cbe8438d', 0, 1, '/', '8d0e5f9b077749808f23f55bdde75ba8', '22', 'custDate6', 1, 'PathRenderer', 'DetailRenderer');
INSERT INTO CNT_HISTORY_DEF_ITEM
 (ID, REVISION, ENTITY_VERSION, DOMAIN_ID, PARENT_ID, LINE_NO, FIELD_ID, TRACKING_LEVEL, PATH_RENDERER_CLASS, DETAIL_RENDERER_CLASS)
VALUES ('300c5a2491e5413db443d64f6a6f9744', 0, 1, '/', '8d0e5f9b077749808f23f55bdde75ba8', '23', 'custDate7', 1, 'PathRenderer', 'DetailRenderer');
INSERT INTO CNT_HISTORY_DEF_ITEM
 (ID, REVISION, ENTITY_VERSION, DOMAIN_ID, PARENT_ID, LINE_NO, FIELD_ID, TRACKING_LEVEL, PATH_RENDERER_CLASS, DETAIL_RENDERER_CLASS)
VALUES ('ec73e87f6b834c78a1c91f1d634cb659', 0, 1, '/', '8d0e5f9b077749808f23f55bdde75ba8', '24', 'custNumber1', 1, 'PathRenderer', 'DetailRenderer');
INSERT INTO CNT_HISTORY_DEF_ITEM
 (ID, REVISION, ENTITY_VERSION, DOMAIN_ID, PARENT_ID, LINE_NO, FIELD_ID, TRACKING_LEVEL, PATH_RENDERER_CLASS, DETAIL_RENDERER_CLASS)
VALUES ('e658d2ab4bae4942914978139d3d54be', 0, 1, '/', '8d0e5f9b077749808f23f55bdde75ba8', '25', 'custNumber2', 1, 'PathRenderer', 'DetailRenderer');
INSERT INTO CNT_HISTORY_DEF_ITEM
 (ID, REVISION, ENTITY_VERSION, DOMAIN_ID, PARENT_ID, LINE_NO, FIELD_ID, TRACKING_LEVEL, PATH_RENDERER_CLASS, DETAIL_RENDERER_CLASS)
VALUES ('28cdb87818d84a1cbd0568a0f7e9b96b', 0, 1, '/', '8d0e5f9b077749808f23f55bdde75ba8', '26', 'custNumber3', 1, 'PathRenderer', 'DetailRenderer');
INSERT INTO CNT_HISTORY_DEF_ITEM
 (ID, REVISION, ENTITY_VERSION, DOMAIN_ID, PARENT_ID, LINE_NO, FIELD_ID, TRACKING_LEVEL, PATH_RENDERER_CLASS, DETAIL_RENDERER_CLASS)
VALUES ('4cd23876874e45b79affc994a992c936', 0, 1, '/', '8d0e5f9b077749808f23f55bdde75ba8', '27', 'custNumber4', 1, 'PathRenderer', 'DetailRenderer');
INSERT INTO CNT_HISTORY_DEF_ITEM
 (ID, REVISION, ENTITY_VERSION, DOMAIN_ID, PARENT_ID, LINE_NO, FIELD_ID, TRACKING_LEVEL, PATH_RENDERER_CLASS, DETAIL_RENDERER_CLASS)
VALUES ('2e47ef192d464ca7b3e789ffe34efde5', 0, 1, '/', '8d0e5f9b077749808f23f55bdde75ba8', '28', 'custNumber5', 1, 'PathRenderer', 'DetailRenderer');
INSERT INTO CNT_HISTORY_DEF_ITEM
 (ID, REVISION, ENTITY_VERSION, DOMAIN_ID, PARENT_ID, LINE_NO, FIELD_ID, TRACKING_LEVEL, PATH_RENDERER_CLASS, DETAIL_RENDERER_CLASS)
VALUES ('0b40f09c0e60460886bbc3cf27ae1a77', 0, 1, '/', '8d0e5f9b077749808f23f55bdde75ba8', '29', 'custNumber6', 1, 'PathRenderer', 'DetailRenderer');
INSERT INTO CNT_HISTORY_DEF_ITEM
 (ID, REVISION, ENTITY_VERSION, DOMAIN_ID, PARENT_ID, LINE_NO, FIELD_ID, TRACKING_LEVEL, PATH_RENDERER_CLASS, DETAIL_RENDERER_CLASS)
VALUES ('99010a8a09fe4bedb5273851945452ea', 0, 1, '/', '8d0e5f9b077749808f23f55bdde75ba8', '30', 'custNumber7', 1, 'PathRenderer', 'DetailRenderer');
INSERT INTO CNT_HISTORY_DEF_ITEM
 (ID, REVISION, ENTITY_VERSION, DOMAIN_ID, PARENT_ID, LINE_NO, FIELD_ID, TRACKING_LEVEL, PATH_RENDERER_CLASS, DETAIL_RENDERER_CLASS)
VALUES ('2560bba1c51941a592d558734a28dcb1', 0, 1, '/', '8d0e5f9b077749808f23f55bdde75ba8', '31', 'custDecimal1', 1, 'PathRenderer', 'DetailRenderer');
INSERT INTO CNT_HISTORY_DEF_ITEM
 (ID, REVISION, ENTITY_VERSION, DOMAIN_ID, PARENT_ID, LINE_NO, FIELD_ID, TRACKING_LEVEL, PATH_RENDERER_CLASS, DETAIL_RENDERER_CLASS)
VALUES ('52f24d7e2b9b4693a8d45d5b257c36d2', 0, 1, '/', '8d0e5f9b077749808f23f55bdde75ba8', '32', 'custDecimal2', 1, 'PathRenderer', 'DetailRenderer');
INSERT INTO CNT_HISTORY_DEF_ITEM
 (ID, REVISION, ENTITY_VERSION, DOMAIN_ID, PARENT_ID, LINE_NO, FIELD_ID, TRACKING_LEVEL, PATH_RENDERER_CLASS, DETAIL_RENDERER_CLASS)
VALUES ('b2fe1d502b5e4b2db79b46cb6d173fc7', 0, 1, '/', '8d0e5f9b077749808f23f55bdde75ba8', '33', 'custDecimal3', 1, 'PathRenderer', 'DetailRenderer');
INSERT INTO CNT_HISTORY_DEF_ITEM
 (ID, REVISION, ENTITY_VERSION, DOMAIN_ID, PARENT_ID, LINE_NO, FIELD_ID, TRACKING_LEVEL, PATH_RENDERER_CLASS, DETAIL_RENDERER_CLASS)
VALUES ('0e8ffad512494a54903eb66b47148ea9', 0, 1, '/', '8d0e5f9b077749808f23f55bdde75ba8', '34', 'custDecimal4', 1, 'PathRenderer', 'DetailRenderer');
INSERT INTO CNT_HISTORY_DEF_ITEM
 (ID, REVISION, ENTITY_VERSION, DOMAIN_ID, PARENT_ID, LINE_NO, FIELD_ID, TRACKING_LEVEL, PATH_RENDERER_CLASS, DETAIL_RENDERER_CLASS)
VALUES ('b9a9d0ecb57f4bffadeb18ea0caa41a8', 0, 1, '/', '8d0e5f9b077749808f23f55bdde75ba8', '35', 'custDecimal5', 1, 'PathRenderer', 'DetailRenderer');
INSERT INTO CNT_HISTORY_DEF_ITEM
 (ID, REVISION, ENTITY_VERSION, DOMAIN_ID, PARENT_ID, LINE_NO, FIELD_ID, TRACKING_LEVEL, PATH_RENDERER_CLASS, DETAIL_RENDERER_CLASS)
VALUES ('0e04de779d92484fa68a64c95e567f1a', 0, 1, '/', '8d0e5f9b077749808f23f55bdde75ba8', '36', 'custDecimal6', 1, 'PathRenderer', 'DetailRenderer');
INSERT INTO CNT_HISTORY_DEF_ITEM
 (ID, REVISION, ENTITY_VERSION, DOMAIN_ID, PARENT_ID, LINE_NO, FIELD_ID, TRACKING_LEVEL, PATH_RENDERER_CLASS, DETAIL_RENDERER_CLASS)
VALUES ('8fc71462eea04c99b497508b023e0a81', 0, 1, '/', '8d0e5f9b077749808f23f55bdde75ba8', '37', 'custDecimal7', 1, 'PathRenderer', 'DetailRenderer');
INSERT INTO CNT_HISTORY_DEF_ITEM
 (ID, REVISION, ENTITY_VERSION, DOMAIN_ID, PARENT_ID, LINE_NO, FIELD_ID, TRACKING_LEVEL, PATH_RENDERER_CLASS, DETAIL_RENDERER_CLASS)
VALUES ('6ecd649abbd54047970b1239341a9c27', 0, 1, '/', '8d0e5f9b077749808f23f55bdde75ba8', '38', 'custCodelist1', 1, 'PathRenderer', 'DetailRenderer');
INSERT INTO CNT_HISTORY_DEF_ITEM
 (ID, REVISION, ENTITY_VERSION, DOMAIN_ID, PARENT_ID, LINE_NO, FIELD_ID, TRACKING_LEVEL, PATH_RENDERER_CLASS, DETAIL_RENDERER_CLASS)
VALUES ('0036bec5e8bb4a8db2ee10e20c76bf27', 0, 1, '/', '8d0e5f9b077749808f23f55bdde75ba8', '39', 'custCodelist2', 1, 'PathRenderer', 'DetailRenderer');
INSERT INTO CNT_HISTORY_DEF_ITEM
 (ID, REVISION, ENTITY_VERSION, DOMAIN_ID, PARENT_ID, LINE_NO, FIELD_ID, TRACKING_LEVEL, PATH_RENDERER_CLASS, DETAIL_RENDERER_CLASS)
VALUES ('64487381197e4e078bdb744fc9984caa', 0, 1, '/', '8d0e5f9b077749808f23f55bdde75ba8', '40', 'custCodelist3', 1, 'PathRenderer', 'DetailRenderer');
INSERT INTO CNT_HISTORY_DEF_ITEM
 (ID, REVISION, ENTITY_VERSION, DOMAIN_ID, PARENT_ID, LINE_NO, FIELD_ID, TRACKING_LEVEL, PATH_RENDERER_CLASS, DETAIL_RENDERER_CLASS)
VALUES ('eca53f7817c84b36b59feec424983c90', 0, 1, '/', '8d0e5f9b077749808f23f55bdde75ba8', '41', 'custCodelist4', 1, 'PathRenderer', 'DetailRenderer');
INSERT INTO CNT_HISTORY_DEF_ITEM
 (ID, REVISION, ENTITY_VERSION, DOMAIN_ID, PARENT_ID, LINE_NO, FIELD_ID, TRACKING_LEVEL, PATH_RENDERER_CLASS, DETAIL_RENDERER_CLASS)
VALUES ('9ddf189597814eb998535c10032eea04', 0, 1, '/', '8d0e5f9b077749808f23f55bdde75ba8', '42', 'custCodelist5', 1, 'PathRenderer', 'DetailRenderer');
INSERT INTO CNT_HISTORY_DEF_ITEM
 (ID, REVISION, ENTITY_VERSION, DOMAIN_ID, PARENT_ID, LINE_NO, FIELD_ID, TRACKING_LEVEL, PATH_RENDERER_CLASS, DETAIL_RENDERER_CLASS)
VALUES ('332dec939a984e2c90cfa4b839175fa2', 0, 1, '/', '8d0e5f9b077749808f23f55bdde75ba8', '43', 'custCodelist6', 1, 'PathRenderer', 'DetailRenderer');
INSERT INTO CNT_HISTORY_DEF_ITEM
 (ID, REVISION, ENTITY_VERSION, DOMAIN_ID, PARENT_ID, LINE_NO, FIELD_ID, TRACKING_LEVEL, PATH_RENDERER_CLASS, DETAIL_RENDERER_CLASS)
VALUES ('cd96dca4689d4fd5a292969cfe0842b1', 0, 1, '/', '8d0e5f9b077749808f23f55bdde75ba8', '44', 'custCodelist7', 1, 'PathRenderer', 'DetailRenderer');
INSERT INTO CNT_HISTORY_DEF_ITEM
 (ID, REVISION, ENTITY_VERSION, DOMAIN_ID, PARENT_ID, LINE_NO, FIELD_ID, TRACKING_LEVEL, PATH_RENDERER_CLASS, DETAIL_RENDERER_CLASS)
VALUES ('2fc98c69ca4e4084912813bca3fe8346', 0, 1, '/', '8d0e5f9b077749808f23f55bdde75ba8', '45', 'custMemoText1', 1, 'PathRenderer', 'DetailRenderer');
INSERT INTO CNT_HISTORY_DEF_ITEM
 (ID, REVISION, ENTITY_VERSION, DOMAIN_ID, PARENT_ID, LINE_NO, FIELD_ID, TRACKING_LEVEL, PATH_RENDERER_CLASS, DETAIL_RENDERER_CLASS)
VALUES ('f5fbf1ae97134899ac72a1133eb367b6', 0, 1, '/', '8d0e5f9b077749808f23f55bdde75ba8', '46', 'custMemoText2', 1, 'PathRenderer', 'DetailRenderer');
INSERT INTO CNT_HISTORY_DEF_ITEM
 (ID, REVISION, ENTITY_VERSION, DOMAIN_ID, PARENT_ID, LINE_NO, FIELD_ID, TRACKING_LEVEL, PATH_RENDERER_CLASS, DETAIL_RENDERER_CLASS)
VALUES ('953a6c3e60624611a46b753ee2417f4f', 0, 1, '/', '8d0e5f9b077749808f23f55bdde75ba8', '47', 'custMemoText3', 1, 'PathRenderer', 'DetailRenderer');
INSERT INTO CNT_HISTORY_DEF_ITEM
 (ID, REVISION, ENTITY_VERSION, DOMAIN_ID, PARENT_ID, LINE_NO, FIELD_ID, TRACKING_LEVEL, PATH_RENDERER_CLASS, DETAIL_RENDERER_CLASS)
VALUES ('b67051ee50ae4b07a2f2e355bc8d1db7', 0, 1, '/', '8d0e5f9b077749808f23f55bdde75ba8', '48', 'custMemoText4', 1, 'PathRenderer', 'DetailRenderer');
INSERT INTO CNT_HISTORY_DEF_ITEM
 (ID, REVISION, ENTITY_VERSION, DOMAIN_ID, PARENT_ID, LINE_NO, FIELD_ID, TRACKING_LEVEL, PATH_RENDERER_CLASS, DETAIL_RENDERER_CLASS)
VALUES ('21e42839725f4e3c8cf6d49797e6b1ce', 0, 1, '/', '8d0e5f9b077749808f23f55bdde75ba8', '49', 'custMemoText5', 1, 'PathRenderer', 'DetailRenderer');
INSERT INTO CNT_HISTORY_DEF_ITEM
 (ID, REVISION, ENTITY_VERSION, DOMAIN_ID, PARENT_ID, LINE_NO, FIELD_ID, TRACKING_LEVEL, PATH_RENDERER_CLASS, DETAIL_RENDERER_CLASS)
VALUES ('e401701762bd4cb1a5595f3399792b23', 0, 1, '/', '8d0e5f9b077749808f23f55bdde75ba8', '50', 'custMemoText6', 1, 'PathRenderer', 'DetailRenderer');
INSERT INTO CNT_HISTORY_DEF_ITEM
 (ID, REVISION, ENTITY_VERSION, DOMAIN_ID, PARENT_ID, LINE_NO, FIELD_ID, TRACKING_LEVEL, PATH_RENDERER_CLASS, DETAIL_RENDERER_CLASS)
VALUES ('882d50b7df2c4bba897473344366fc47', 0, 1, '/', '8d0e5f9b077749808f23f55bdde75ba8', '51', 'custMemoText7', 1, 'PathRenderer', 'DetailRenderer');
INSERT INTO CNT_HISTORY_DEF_ITEM
 (ID, REVISION, ENTITY_VERSION, DOMAIN_ID, PARENT_ID, LINE_NO, FIELD_ID, TRACKING_LEVEL, PATH_RENDERER_CLASS, DETAIL_RENDERER_CLASS)
VALUES ('0d8c4b6da28a44d0b842cfab0fe6cfb4', 0, 1, '/', '8d0e5f9b077749808f23f55bdde75ba8', '52', 'custHcl1', 1, 'PathRenderer', 'DetailRenderer');
INSERT INTO CNT_HISTORY_DEF_ITEM
 (ID, REVISION, ENTITY_VERSION, DOMAIN_ID, PARENT_ID, LINE_NO, FIELD_ID, TRACKING_LEVEL, PATH_RENDERER_CLASS, DETAIL_RENDERER_CLASS)
VALUES ('c7d99b3bb1e44e35807b3dc844adb7cf', 0, 1, '/', '8d0e5f9b077749808f23f55bdde75ba8', '53', 'custHcl2', 1, 'PathRenderer', 'DetailRenderer');
INSERT INTO CNT_HISTORY_DEF_ITEM
 (ID, REVISION, ENTITY_VERSION, DOMAIN_ID, PARENT_ID, LINE_NO, FIELD_ID, TRACKING_LEVEL, PATH_RENDERER_CLASS, DETAIL_RENDERER_CLASS)
VALUES ('c24b283486bf49b59f389c0e5d9b8283', 0, 1, '/', '8d0e5f9b077749808f23f55bdde75ba8', '54', 'custHcl3', 1, 'PathRenderer', 'DetailRenderer');
INSERT INTO CNT_HISTORY_DEF_ITEM
 (ID, REVISION, ENTITY_VERSION, DOMAIN_ID, PARENT_ID, LINE_NO, FIELD_ID, TRACKING_LEVEL, PATH_RENDERER_CLASS, DETAIL_RENDERER_CLASS)
VALUES ('de1dd36e3626485ea017d67cd1e24fc3', 0, 1, '/', '8d0e5f9b077749808f23f55bdde75ba8', '55', 'custHcl4', 1, 'PathRenderer', 'DetailRenderer');
INSERT INTO CNT_HISTORY_DEF_ITEM
 (ID, REVISION, ENTITY_VERSION, DOMAIN_ID, PARENT_ID, LINE_NO, FIELD_ID, TRACKING_LEVEL, PATH_RENDERER_CLASS, DETAIL_RENDERER_CLASS)
VALUES ('9849c41b70a44aeeb4da02596e74c3ec', 0, 1, '/', '8d0e5f9b077749808f23f55bdde75ba8', '56', 'custHcl5', 1, 'PathRenderer', 'DetailRenderer');
INSERT INTO CNT_HISTORY_DEF_ITEM
 (ID, REVISION, ENTITY_VERSION, DOMAIN_ID, PARENT_ID, LINE_NO, FIELD_ID, TRACKING_LEVEL, PATH_RENDERER_CLASS, DETAIL_RENDERER_CLASS)
VALUES ('08eeed32368742a1881a4fb338c64a59', 0, 1, '/', '8d0e5f9b077749808f23f55bdde75ba8', '57', 'agentRef', 0, 'PathRenderer', 'DetailRenderer');
INSERT INTO CNT_HISTORY_DEF_ITEM
 (ID, REVISION, ENTITY_VERSION, DOMAIN_ID, PARENT_ID, LINE_NO, FIELD_ID, TRACKING_LEVEL, PATH_RENDERER_CLASS, DETAIL_RENDERER_CLASS)
VALUES ('aa6b6ac485244f2ab8d48f562237f3de', 0, 1, '/', '8d0e5f9b077749808f23f55bdde75ba8', '58', 'agentVer', 0, 'PathRenderer', 'DetailRenderer');
INSERT INTO CNT_HISTORY_DEF_ITEM
 (ID, REVISION, ENTITY_VERSION, DOMAIN_ID, PARENT_ID, LINE_NO, FIELD_ID, TRACKING_LEVEL, PATH_RENDERER_CLASS, DETAIL_RENDERER_CLASS)
VALUES ('8896dc119693426d9e91f6ac65c97d24', 0, 1, '/', '8d0e5f9b077749808f23f55bdde75ba8', '59', 'agentRef2', 0, 'PathRenderer', 'DetailRenderer');
INSERT INTO CNT_HISTORY_DEF_ITEM
 (ID, REVISION, ENTITY_VERSION, DOMAIN_ID, PARENT_ID, LINE_NO, FIELD_ID, TRACKING_LEVEL, PATH_RENDERER_CLASS, DETAIL_RENDERER_CLASS)
VALUES ('157e04ee283847c6a93db7e6d5833451', 0, 1, '/', '8d0e5f9b077749808f23f55bdde75ba8', '60', 'custCodelist1Name', 0, 'PathRenderer', 'DetailRenderer');
INSERT INTO CNT_HISTORY_DEF_ITEM
 (ID, REVISION, ENTITY_VERSION, DOMAIN_ID, PARENT_ID, LINE_NO, FIELD_ID, TRACKING_LEVEL, PATH_RENDERER_CLASS, DETAIL_RENDERER_CLASS)
VALUES ('fe6ecd7a8777495f86bd3f7683c98d4b', 0, 1, '/', '8d0e5f9b077749808f23f55bdde75ba8', '61', 'custCodelist2Name', 0, 'PathRenderer', 'DetailRenderer');
INSERT INTO CNT_HISTORY_DEF_ITEM
 (ID, REVISION, ENTITY_VERSION, DOMAIN_ID, PARENT_ID, LINE_NO, FIELD_ID, TRACKING_LEVEL, PATH_RENDERER_CLASS, DETAIL_RENDERER_CLASS)
VALUES ('88bfecd9493442b2b9b7e0750ba602db', 0, 1, '/', '8d0e5f9b077749808f23f55bdde75ba8', '62', 'custCodelist3Name', 0, 'PathRenderer', 'DetailRenderer');
INSERT INTO CNT_HISTORY_DEF_ITEM
 (ID, REVISION, ENTITY_VERSION, DOMAIN_ID, PARENT_ID, LINE_NO, FIELD_ID, TRACKING_LEVEL, PATH_RENDERER_CLASS, DETAIL_RENDERER_CLASS)
VALUES ('95612473a6024bcaa7a1302141375914', 0, 1, '/', '8d0e5f9b077749808f23f55bdde75ba8', '63', 'custCodelist4Name', 0, 'PathRenderer', 'DetailRenderer');
INSERT INTO CNT_HISTORY_DEF_ITEM
 (ID, REVISION, ENTITY_VERSION, DOMAIN_ID, PARENT_ID, LINE_NO, FIELD_ID, TRACKING_LEVEL, PATH_RENDERER_CLASS, DETAIL_RENDERER_CLASS)
VALUES ('9483a37a087e4ab281ca2e631a3dea42', 0, 1, '/', '8d0e5f9b077749808f23f55bdde75ba8', '64', 'custCodelist5Name', 0, 'PathRenderer', 'DetailRenderer');
INSERT INTO CNT_HISTORY_DEF_ITEM
 (ID, REVISION, ENTITY_VERSION, DOMAIN_ID, PARENT_ID, LINE_NO, FIELD_ID, TRACKING_LEVEL, PATH_RENDERER_CLASS, DETAIL_RENDERER_CLASS)
VALUES ('3801ace47f2145719589cff4917dfc2b', 0, 1, '/', '8d0e5f9b077749808f23f55bdde75ba8', '65', 'custCodelist6Name', 0, 'PathRenderer', 'DetailRenderer');
INSERT INTO CNT_HISTORY_DEF_ITEM
 (ID, REVISION, ENTITY_VERSION, DOMAIN_ID, PARENT_ID, LINE_NO, FIELD_ID, TRACKING_LEVEL, PATH_RENDERER_CLASS, DETAIL_RENDERER_CLASS)
VALUES ('ee2a9facaedb487f846b10580c690363', 0, 1, '/', '8d0e5f9b077749808f23f55bdde75ba8', '66', 'custCodelist7Name', 0, 'PathRenderer', 'DetailRenderer');
INSERT INTO CNT_HISTORY_DEF_ITEM
 (ID, REVISION, ENTITY_VERSION, DOMAIN_ID, PARENT_ID, LINE_NO, FIELD_ID, TRACKING_LEVEL, PATH_RENDERER_CLASS, DETAIL_RENDERER_CLASS)
VALUES ('85f02bf6685f42a4ade5430f7b93c08c', 0, 1, '/', '8d0e5f9b077749808f23f55bdde75ba8', '67', 'custHcl1Ref', 0, 'PathRenderer', 'DetailRenderer');
INSERT INTO CNT_HISTORY_DEF_ITEM
 (ID, REVISION, ENTITY_VERSION, DOMAIN_ID, PARENT_ID, LINE_NO, FIELD_ID, TRACKING_LEVEL, PATH_RENDERER_CLASS, DETAIL_RENDERER_CLASS)
VALUES ('b6248a4df5e84e4fa92103f8c42b153e', 0, 1, '/', '8d0e5f9b077749808f23f55bdde75ba8', '68', 'custHcl1Ver', 0, 'PathRenderer', 'DetailRenderer');
INSERT INTO CNT_HISTORY_DEF_ITEM
 (ID, REVISION, ENTITY_VERSION, DOMAIN_ID, PARENT_ID, LINE_NO, FIELD_ID, TRACKING_LEVEL, PATH_RENDERER_CLASS, DETAIL_RENDERER_CLASS)
VALUES ('bbd1d07037264058b5056a246a2db0ba', 0, 1, '/', '8d0e5f9b077749808f23f55bdde75ba8', '69', 'custHcl1Ref2', 0, 'PathRenderer', 'DetailRenderer');
INSERT INTO CNT_HISTORY_DEF_ITEM
 (ID, REVISION, ENTITY_VERSION, DOMAIN_ID, PARENT_ID, LINE_NO, FIELD_ID, TRACKING_LEVEL, PATH_RENDERER_CLASS, DETAIL_RENDERER_CLASS)
VALUES ('e45bd2a4bdb44be3b764eb8ccf494e9a', 0, 1, '/', '8d0e5f9b077749808f23f55bdde75ba8', '70', 'custHcl1FullLineage', 0, 'PathRenderer', 'DetailRenderer');
INSERT INTO CNT_HISTORY_DEF_ITEM
 (ID, REVISION, ENTITY_VERSION, DOMAIN_ID, PARENT_ID, LINE_NO, FIELD_ID, TRACKING_LEVEL, PATH_RENDERER_CLASS, DETAIL_RENDERER_CLASS)
VALUES ('715e34429c9b42368f1d0fbd3a8602d8', 0, 1, '/', '8d0e5f9b077749808f23f55bdde75ba8', '71', 'custHcl2Ref', 0, 'PathRenderer', 'DetailRenderer');
INSERT INTO CNT_HISTORY_DEF_ITEM
 (ID, REVISION, ENTITY_VERSION, DOMAIN_ID, PARENT_ID, LINE_NO, FIELD_ID, TRACKING_LEVEL, PATH_RENDERER_CLASS, DETAIL_RENDERER_CLASS)
VALUES ('b90292d3413e42dc8318651c5b567187', 0, 1, '/', '8d0e5f9b077749808f23f55bdde75ba8', '72', 'custHcl2Ver', 0, 'PathRenderer', 'DetailRenderer');
INSERT INTO CNT_HISTORY_DEF_ITEM
 (ID, REVISION, ENTITY_VERSION, DOMAIN_ID, PARENT_ID, LINE_NO, FIELD_ID, TRACKING_LEVEL, PATH_RENDERER_CLASS, DETAIL_RENDERER_CLASS)
VALUES ('0a87c958a8354ce58d13a80529befda3', 0, 1, '/', '8d0e5f9b077749808f23f55bdde75ba8', '73', 'custHcl2Ref2', 0, 'PathRenderer', 'DetailRenderer');
INSERT INTO CNT_HISTORY_DEF_ITEM
 (ID, REVISION, ENTITY_VERSION, DOMAIN_ID, PARENT_ID, LINE_NO, FIELD_ID, TRACKING_LEVEL, PATH_RENDERER_CLASS, DETAIL_RENDERER_CLASS)
VALUES ('e5a87ca12ef24047bdb88ed93e171f71', 0, 1, '/', '8d0e5f9b077749808f23f55bdde75ba8', '74', 'custHcl2FullLineage', 0, 'PathRenderer', 'DetailRenderer');
INSERT INTO CNT_HISTORY_DEF_ITEM
 (ID, REVISION, ENTITY_VERSION, DOMAIN_ID, PARENT_ID, LINE_NO, FIELD_ID, TRACKING_LEVEL, PATH_RENDERER_CLASS, DETAIL_RENDERER_CLASS)
VALUES ('1bc6ce2648d042268675d9196a7e776c', 0, 1, '/', '8d0e5f9b077749808f23f55bdde75ba8', '75', 'custHcl3Ref', 0, 'PathRenderer', 'DetailRenderer');
INSERT INTO CNT_HISTORY_DEF_ITEM
 (ID, REVISION, ENTITY_VERSION, DOMAIN_ID, PARENT_ID, LINE_NO, FIELD_ID, TRACKING_LEVEL, PATH_RENDERER_CLASS, DETAIL_RENDERER_CLASS)
VALUES ('ddf3c53c4afb46e69cc8902615fc6dee', 0, 1, '/', '8d0e5f9b077749808f23f55bdde75ba8', '76', 'custHcl3Ver', 0, 'PathRenderer', 'DetailRenderer');
INSERT INTO CNT_HISTORY_DEF_ITEM
 (ID, REVISION, ENTITY_VERSION, DOMAIN_ID, PARENT_ID, LINE_NO, FIELD_ID, TRACKING_LEVEL, PATH_RENDERER_CLASS, DETAIL_RENDERER_CLASS)
VALUES ('db7e86e05a25405894d768152f4388a1', 0, 1, '/', '8d0e5f9b077749808f23f55bdde75ba8', '77', 'custHcl3Ref2', 0, 'PathRenderer', 'DetailRenderer');
INSERT INTO CNT_HISTORY_DEF_ITEM
 (ID, REVISION, ENTITY_VERSION, DOMAIN_ID, PARENT_ID, LINE_NO, FIELD_ID, TRACKING_LEVEL, PATH_RENDERER_CLASS, DETAIL_RENDERER_CLASS)
VALUES ('0e96bf93b6884a0da04e64a7eebd750c', 0, 1, '/', '8d0e5f9b077749808f23f55bdde75ba8', '78', 'custHcl3FullLineage', 0, 'PathRenderer', 'DetailRenderer');
INSERT INTO CNT_HISTORY_DEF_ITEM
 (ID, REVISION, ENTITY_VERSION, DOMAIN_ID, PARENT_ID, LINE_NO, FIELD_ID, TRACKING_LEVEL, PATH_RENDERER_CLASS, DETAIL_RENDERER_CLASS)
VALUES ('efddd647c48d4062bee50c08e8806c47', 0, 1, '/', '8d0e5f9b077749808f23f55bdde75ba8', '79', 'custHcl4Ref', 0, 'PathRenderer', 'DetailRenderer');
INSERT INTO CNT_HISTORY_DEF_ITEM
 (ID, REVISION, ENTITY_VERSION, DOMAIN_ID, PARENT_ID, LINE_NO, FIELD_ID, TRACKING_LEVEL, PATH_RENDERER_CLASS, DETAIL_RENDERER_CLASS)
VALUES ('e5c84a996e4548448a51c2d72310db53', 0, 1, '/', '8d0e5f9b077749808f23f55bdde75ba8', '80', 'custHcl4Ver', 0, 'PathRenderer', 'DetailRenderer');
INSERT INTO CNT_HISTORY_DEF_ITEM
 (ID, REVISION, ENTITY_VERSION, DOMAIN_ID, PARENT_ID, LINE_NO, FIELD_ID, TRACKING_LEVEL, PATH_RENDERER_CLASS, DETAIL_RENDERER_CLASS)
VALUES ('c8809f90a75c49d287287e13b541ca55', 0, 1, '/', '8d0e5f9b077749808f23f55bdde75ba8', '81', 'custHcl4Ref2', 0, 'PathRenderer', 'DetailRenderer');
INSERT INTO CNT_HISTORY_DEF_ITEM
 (ID, REVISION, ENTITY_VERSION, DOMAIN_ID, PARENT_ID, LINE_NO, FIELD_ID, TRACKING_LEVEL, PATH_RENDERER_CLASS, DETAIL_RENDERER_CLASS)
VALUES ('34115012669e446fba92a686ea179096', 0, 1, '/', '8d0e5f9b077749808f23f55bdde75ba8', '82', 'custHcl4FullLineage', 0, 'PathRenderer', 'DetailRenderer');
INSERT INTO CNT_HISTORY_DEF_ITEM
 (ID, REVISION, ENTITY_VERSION, DOMAIN_ID, PARENT_ID, LINE_NO, FIELD_ID, TRACKING_LEVEL, PATH_RENDERER_CLASS, DETAIL_RENDERER_CLASS)
VALUES ('6642ef1a5671497ea1ea02e9ab311d5e', 0, 1, '/', '8d0e5f9b077749808f23f55bdde75ba8', '83', 'custHcl5Ref', 0, 'PathRenderer', 'DetailRenderer');
INSERT INTO CNT_HISTORY_DEF_ITEM
 (ID, REVISION, ENTITY_VERSION, DOMAIN_ID, PARENT_ID, LINE_NO, FIELD_ID, TRACKING_LEVEL, PATH_RENDERER_CLASS, DETAIL_RENDERER_CLASS)
VALUES ('3803c82a9a0141a9b7b11803f9784394', 0, 1, '/', '8d0e5f9b077749808f23f55bdde75ba8', '84', 'custHcl5Ver', 0, 'PathRenderer', 'DetailRenderer');
INSERT INTO CNT_HISTORY_DEF_ITEM
 (ID, REVISION, ENTITY_VERSION, DOMAIN_ID, PARENT_ID, LINE_NO, FIELD_ID, TRACKING_LEVEL, PATH_RENDERER_CLASS, DETAIL_RENDERER_CLASS)
VALUES ('cfa5ec3b75244cbe938b13fa8e8f751c', 0, 1, '/', '8d0e5f9b077749808f23f55bdde75ba8', '85', 'custHcl5Ref2', 0, 'PathRenderer', 'DetailRenderer');
INSERT INTO CNT_HISTORY_DEF_ITEM
 (ID, REVISION, ENTITY_VERSION, DOMAIN_ID, PARENT_ID, LINE_NO, FIELD_ID, TRACKING_LEVEL, PATH_RENDERER_CLASS, DETAIL_RENDERER_CLASS)
VALUES ('0b2c4ecc3eea49f39615555108d5d93c', 0, 1, '/', '8d0e5f9b077749808f23f55bdde75ba8', '86', 'custHcl5FullLineage', 0, 'PathRenderer', 'DetailRenderer');
INSERT INTO CNT_HISTORY_DEF
 (ID, REVISION, APPLY_ENTITY, ENTITY_VERSION, DOMAIN_ID , GENERATED, CREATE_USER, CREATE_USER_NAME, CREATED_ON)
VALUES ('6bc486e86dea42ec9a76c9ecc93688aa', 0, 'BriefImage', 1, '/', 1, 'system', 'system', systimestamp);
INSERT INTO CNT_HISTORY_DEF_ITEM
 (ID, REVISION, ENTITY_VERSION, DOMAIN_ID, PARENT_ID, LINE_NO, FIELD_ID, TRACKING_LEVEL, PATH_RENDERER_CLASS, DETAIL_RENDERER_CLASS)
VALUES ('d02f2166aa1040dca7dade852f8e75c0', 0, 1, '/', '6bc486e86dea42ec9a76c9ecc93688aa', '0', 'id', 1, 'PathRenderer', 'DetailRenderer');
INSERT INTO CNT_HISTORY_DEF_ITEM
 (ID, REVISION, ENTITY_VERSION, DOMAIN_ID, PARENT_ID, LINE_NO, FIELD_ID, TRACKING_LEVEL, PATH_RENDERER_CLASS, DETAIL_RENDERER_CLASS)
VALUES ('f7049cf223de4a349773f94cd59cc300', 0, 1, '/', '6bc486e86dea42ec9a76c9ecc93688aa', '1', 'revision', 1, 'PathRenderer', 'DetailRenderer');
INSERT INTO CNT_HISTORY_DEF_ITEM
 (ID, REVISION, ENTITY_VERSION, DOMAIN_ID, PARENT_ID, LINE_NO, FIELD_ID, TRACKING_LEVEL, PATH_RENDERER_CLASS, DETAIL_RENDERER_CLASS)
VALUES ('42e9849c80eb4539a15c93070b9c7548', 0, 1, '/', '6bc486e86dea42ec9a76c9ecc93688aa', '2', 'entityVersion', 1, 'PathRenderer', 'DetailRenderer');
INSERT INTO CNT_HISTORY_DEF_ITEM
 (ID, REVISION, ENTITY_VERSION, DOMAIN_ID, PARENT_ID, LINE_NO, FIELD_ID, TRACKING_LEVEL, PATH_RENDERER_CLASS, DETAIL_RENDERER_CLASS)
VALUES ('48931eb6dd72450eb953e918caf12ffc', 0, 1, '/', '6bc486e86dea42ec9a76c9ecc93688aa', '3', 'domainId', 1, 'PathRenderer', 'DetailRenderer');
INSERT INTO CNT_HISTORY_DEF_ITEM
 (ID, REVISION, ENTITY_VERSION, DOMAIN_ID, PARENT_ID, LINE_NO, FIELD_ID, TRACKING_LEVEL, PATH_RENDERER_CLASS, DETAIL_RENDERER_CLASS)
VALUES ('f824579c71ac413db6e25110f49d176a', 0, 1, '/', '6bc486e86dea42ec9a76c9ecc93688aa', '4', 'hubDomainId', 1, 'PathRenderer', 'DetailRenderer');
INSERT INTO CNT_HISTORY_DEF_ITEM
 (ID, REVISION, ENTITY_VERSION, DOMAIN_ID, PARENT_ID, LINE_NO, FIELD_ID, TRACKING_LEVEL, PATH_RENDERER_CLASS, DETAIL_RENDERER_CLASS)
VALUES ('96d0c2193eb24b61bec04864152a4f8c', 0, 1, '/', '6bc486e86dea42ec9a76c9ecc93688aa', '5', 'isForReference', 1, 'PathRenderer', 'DetailRenderer');
INSERT INTO CNT_HISTORY_DEF_ITEM
 (ID, REVISION, ENTITY_VERSION, DOMAIN_ID, PARENT_ID, LINE_NO, FIELD_ID, TRACKING_LEVEL, PATH_RENDERER_CLASS, DETAIL_RENDERER_CLASS)
VALUES ('f5cc35d4537b4b71a8af76a092982514', 0, 1, '/', '6bc486e86dea42ec9a76c9ecc93688aa', '6', 'internalSeqNo', 1, 'PathRenderer', 'DetailRenderer');
INSERT INTO CNT_HISTORY_DEF_ITEM
 (ID, REVISION, ENTITY_VERSION, DOMAIN_ID, PARENT_ID, LINE_NO, FIELD_ID, TRACKING_LEVEL, PATH_RENDERER_CLASS, DETAIL_RENDERER_CLASS)
VALUES ('93fd208bc7c34e4797a0b407c356ad10', 0, 1, '/', '6bc486e86dea42ec9a76c9ecc93688aa', '7', 'briefId', 1, 'PathRenderer', 'DetailRenderer');
INSERT INTO CNT_HISTORY_DEF_ITEM
 (ID, REVISION, ENTITY_VERSION, DOMAIN_ID, PARENT_ID, LINE_NO, FIELD_ID, TRACKING_LEVEL, PATH_RENDERER_CLASS, DETAIL_RENDERER_CLASS)
VALUES ('d42ec3a03b394bfd91a38931ebe9b730', 0, 1, '/', '6bc486e86dea42ec9a76c9ecc93688aa', '8', 'isDefault', 1, 'PathRenderer', 'DetailRenderer');
INSERT INTO CNT_HISTORY_DEF_ITEM
 (ID, REVISION, ENTITY_VERSION, DOMAIN_ID, PARENT_ID, LINE_NO, FIELD_ID, TRACKING_LEVEL, PATH_RENDERER_CLASS, DETAIL_RENDERER_CLASS)
VALUES ('c5f8f9eab10e4346a71ea830e6580529', 0, 1, '/', '6bc486e86dea42ec9a76c9ecc93688aa', '9', 'description', 1, 'PathRenderer', 'DetailRenderer');
INSERT INTO CNT_HISTORY_DEF_ITEM
 (ID, REVISION, ENTITY_VERSION, DOMAIN_ID, PARENT_ID, LINE_NO, FIELD_ID, TRACKING_LEVEL, PATH_RENDERER_CLASS, DETAIL_RENDERER_CLASS)
VALUES ('7b24aa05ef934ceebd340fdf1e27051e', 0, 1, '/', '6bc486e86dea42ec9a76c9ecc93688aa', '10', 'fileId', 1, 'PathRenderer', 'DetailRenderer');
INSERT INTO CNT_HISTORY_DEF_ITEM
 (ID, REVISION, ENTITY_VERSION, DOMAIN_ID, PARENT_ID, LINE_NO, FIELD_ID, TRACKING_LEVEL, PATH_RENDERER_CLASS, DETAIL_RENDERER_CLASS)
VALUES ('e3b076e7af8e459b9df39aff0cc9bc3a', 0, 1, '/', '6bc486e86dea42ec9a76c9ecc93688aa', '11', 'imageTypeId', 1, 'PathRenderer', 'SelectionDetailRenderer');
INSERT INTO CNT_HISTORY_DEF_ITEM
 (ID, REVISION, ENTITY_VERSION, DOMAIN_ID, PARENT_ID, LINE_NO, FIELD_ID, TRACKING_LEVEL, PATH_RENDERER_CLASS, DETAIL_RENDERER_CLASS)
VALUES ('3bf278636f7d4989b2fbb69bf99abe2c', 0, 1, '/', '6bc486e86dea42ec9a76c9ecc93688aa', '12', 'custText1', 1, 'PathRenderer', 'DetailRenderer');
INSERT INTO CNT_HISTORY_DEF_ITEM
 (ID, REVISION, ENTITY_VERSION, DOMAIN_ID, PARENT_ID, LINE_NO, FIELD_ID, TRACKING_LEVEL, PATH_RENDERER_CLASS, DETAIL_RENDERER_CLASS)
VALUES ('7e56c3f4069d4a9eb690d7a1646ed740', 0, 1, '/', '6bc486e86dea42ec9a76c9ecc93688aa', '13', 'custText2', 1, 'PathRenderer', 'DetailRenderer');
INSERT INTO CNT_HISTORY_DEF_ITEM
 (ID, REVISION, ENTITY_VERSION, DOMAIN_ID, PARENT_ID, LINE_NO, FIELD_ID, TRACKING_LEVEL, PATH_RENDERER_CLASS, DETAIL_RENDERER_CLASS)
VALUES ('2cfcf8a734e647ca97a8c6d6dd71354d', 0, 1, '/', '6bc486e86dea42ec9a76c9ecc93688aa', '14', 'custText3', 1, 'PathRenderer', 'DetailRenderer');
INSERT INTO CNT_HISTORY_DEF_ITEM
 (ID, REVISION, ENTITY_VERSION, DOMAIN_ID, PARENT_ID, LINE_NO, FIELD_ID, TRACKING_LEVEL, PATH_RENDERER_CLASS, DETAIL_RENDERER_CLASS)
VALUES ('0ce9b87b720e40dd8b5b2eb8c1ee5bdc', 0, 1, '/', '6bc486e86dea42ec9a76c9ecc93688aa', '15', 'custText4', 1, 'PathRenderer', 'DetailRenderer');
INSERT INTO CNT_HISTORY_DEF_ITEM
 (ID, REVISION, ENTITY_VERSION, DOMAIN_ID, PARENT_ID, LINE_NO, FIELD_ID, TRACKING_LEVEL, PATH_RENDERER_CLASS, DETAIL_RENDERER_CLASS)
VALUES ('9f1b9b0c0efa403d8817903344807ef1', 0, 1, '/', '6bc486e86dea42ec9a76c9ecc93688aa', '16', 'custText5', 1, 'PathRenderer', 'DetailRenderer');
INSERT INTO CNT_HISTORY_DEF_ITEM
 (ID, REVISION, ENTITY_VERSION, DOMAIN_ID, PARENT_ID, LINE_NO, FIELD_ID, TRACKING_LEVEL, PATH_RENDERER_CLASS, DETAIL_RENDERER_CLASS)
VALUES ('be98369fee684d6194d06641434d9d51', 0, 1, '/', '6bc486e86dea42ec9a76c9ecc93688aa', '17', 'custText6', 1, 'PathRenderer', 'DetailRenderer');
INSERT INTO CNT_HISTORY_DEF_ITEM
 (ID, REVISION, ENTITY_VERSION, DOMAIN_ID, PARENT_ID, LINE_NO, FIELD_ID, TRACKING_LEVEL, PATH_RENDERER_CLASS, DETAIL_RENDERER_CLASS)
VALUES ('a25a3d28ee2c4b2abfd3fda5014f3ced', 0, 1, '/', '6bc486e86dea42ec9a76c9ecc93688aa', '18', 'custText7', 1, 'PathRenderer', 'DetailRenderer');
INSERT INTO CNT_HISTORY_DEF_ITEM
 (ID, REVISION, ENTITY_VERSION, DOMAIN_ID, PARENT_ID, LINE_NO, FIELD_ID, TRACKING_LEVEL, PATH_RENDERER_CLASS, DETAIL_RENDERER_CLASS)
VALUES ('58f78dc018cb491b98a8c44ecad60eff', 0, 1, '/', '6bc486e86dea42ec9a76c9ecc93688aa', '19', 'custDate1', 1, 'PathRenderer', 'DetailRenderer');
INSERT INTO CNT_HISTORY_DEF_ITEM
 (ID, REVISION, ENTITY_VERSION, DOMAIN_ID, PARENT_ID, LINE_NO, FIELD_ID, TRACKING_LEVEL, PATH_RENDERER_CLASS, DETAIL_RENDERER_CLASS)
VALUES ('31a5a9ba36544660a05da57a5acb8522', 0, 1, '/', '6bc486e86dea42ec9a76c9ecc93688aa', '20', 'custDate2', 1, 'PathRenderer', 'DetailRenderer');
INSERT INTO CNT_HISTORY_DEF_ITEM
 (ID, REVISION, ENTITY_VERSION, DOMAIN_ID, PARENT_ID, LINE_NO, FIELD_ID, TRACKING_LEVEL, PATH_RENDERER_CLASS, DETAIL_RENDERER_CLASS)
VALUES ('96a1cb7a78cd4b0697a959d031598bd2', 0, 1, '/', '6bc486e86dea42ec9a76c9ecc93688aa', '21', 'custDate3', 1, 'PathRenderer', 'DetailRenderer');
INSERT INTO CNT_HISTORY_DEF_ITEM
 (ID, REVISION, ENTITY_VERSION, DOMAIN_ID, PARENT_ID, LINE_NO, FIELD_ID, TRACKING_LEVEL, PATH_RENDERER_CLASS, DETAIL_RENDERER_CLASS)
VALUES ('666b0c6b1fc0413a88d7a9c556bbab7c', 0, 1, '/', '6bc486e86dea42ec9a76c9ecc93688aa', '22', 'custDate4', 1, 'PathRenderer', 'DetailRenderer');
INSERT INTO CNT_HISTORY_DEF_ITEM
 (ID, REVISION, ENTITY_VERSION, DOMAIN_ID, PARENT_ID, LINE_NO, FIELD_ID, TRACKING_LEVEL, PATH_RENDERER_CLASS, DETAIL_RENDERER_CLASS)
VALUES ('419e033bab9a40feb68940ede0cdc15d', 0, 1, '/', '6bc486e86dea42ec9a76c9ecc93688aa', '23', 'custDate5', 1, 'PathRenderer', 'DetailRenderer');
INSERT INTO CNT_HISTORY_DEF_ITEM
 (ID, REVISION, ENTITY_VERSION, DOMAIN_ID, PARENT_ID, LINE_NO, FIELD_ID, TRACKING_LEVEL, PATH_RENDERER_CLASS, DETAIL_RENDERER_CLASS)
VALUES ('698189cc9d094d9d805cc7c79572c3f2', 0, 1, '/', '6bc486e86dea42ec9a76c9ecc93688aa', '24', 'custDate6', 1, 'PathRenderer', 'DetailRenderer');
INSERT INTO CNT_HISTORY_DEF_ITEM
 (ID, REVISION, ENTITY_VERSION, DOMAIN_ID, PARENT_ID, LINE_NO, FIELD_ID, TRACKING_LEVEL, PATH_RENDERER_CLASS, DETAIL_RENDERER_CLASS)
VALUES ('58e3017c0212446f8c30e00be852904d', 0, 1, '/', '6bc486e86dea42ec9a76c9ecc93688aa', '25', 'custDate7', 1, 'PathRenderer', 'DetailRenderer');
INSERT INTO CNT_HISTORY_DEF_ITEM
 (ID, REVISION, ENTITY_VERSION, DOMAIN_ID, PARENT_ID, LINE_NO, FIELD_ID, TRACKING_LEVEL, PATH_RENDERER_CLASS, DETAIL_RENDERER_CLASS)
VALUES ('af39d5dcab2e4dfaae5bcd5dfe3c90bb', 0, 1, '/', '6bc486e86dea42ec9a76c9ecc93688aa', '26', 'custNumber1', 1, 'PathRenderer', 'DetailRenderer');
INSERT INTO CNT_HISTORY_DEF_ITEM
 (ID, REVISION, ENTITY_VERSION, DOMAIN_ID, PARENT_ID, LINE_NO, FIELD_ID, TRACKING_LEVEL, PATH_RENDERER_CLASS, DETAIL_RENDERER_CLASS)
VALUES ('88ca3a535a594a5e87c61c09158f4253', 0, 1, '/', '6bc486e86dea42ec9a76c9ecc93688aa', '27', 'custNumber2', 1, 'PathRenderer', 'DetailRenderer');
INSERT INTO CNT_HISTORY_DEF_ITEM
 (ID, REVISION, ENTITY_VERSION, DOMAIN_ID, PARENT_ID, LINE_NO, FIELD_ID, TRACKING_LEVEL, PATH_RENDERER_CLASS, DETAIL_RENDERER_CLASS)
VALUES ('a3f5dd2a2e4b41b9a86f15a35ae0cf17', 0, 1, '/', '6bc486e86dea42ec9a76c9ecc93688aa', '28', 'custNumber3', 1, 'PathRenderer', 'DetailRenderer');
INSERT INTO CNT_HISTORY_DEF_ITEM
 (ID, REVISION, ENTITY_VERSION, DOMAIN_ID, PARENT_ID, LINE_NO, FIELD_ID, TRACKING_LEVEL, PATH_RENDERER_CLASS, DETAIL_RENDERER_CLASS)
VALUES ('4009fbaa88ea4b00925a180b470bb9e2', 0, 1, '/', '6bc486e86dea42ec9a76c9ecc93688aa', '29', 'custNumber4', 1, 'PathRenderer', 'DetailRenderer');
INSERT INTO CNT_HISTORY_DEF_ITEM
 (ID, REVISION, ENTITY_VERSION, DOMAIN_ID, PARENT_ID, LINE_NO, FIELD_ID, TRACKING_LEVEL, PATH_RENDERER_CLASS, DETAIL_RENDERER_CLASS)
VALUES ('0152da89429d42cf8813b0c28a32cd20', 0, 1, '/', '6bc486e86dea42ec9a76c9ecc93688aa', '30', 'custNumber5', 1, 'PathRenderer', 'DetailRenderer');
INSERT INTO CNT_HISTORY_DEF_ITEM
 (ID, REVISION, ENTITY_VERSION, DOMAIN_ID, PARENT_ID, LINE_NO, FIELD_ID, TRACKING_LEVEL, PATH_RENDERER_CLASS, DETAIL_RENDERER_CLASS)
VALUES ('94027151974c47c5a50e7ea9d63bd932', 0, 1, '/', '6bc486e86dea42ec9a76c9ecc93688aa', '31', 'custNumber6', 1, 'PathRenderer', 'DetailRenderer');
INSERT INTO CNT_HISTORY_DEF_ITEM
 (ID, REVISION, ENTITY_VERSION, DOMAIN_ID, PARENT_ID, LINE_NO, FIELD_ID, TRACKING_LEVEL, PATH_RENDERER_CLASS, DETAIL_RENDERER_CLASS)
VALUES ('e01c3b257c9b4325918762b8d437a4df', 0, 1, '/', '6bc486e86dea42ec9a76c9ecc93688aa', '32', 'custNumber7', 1, 'PathRenderer', 'DetailRenderer');
INSERT INTO CNT_HISTORY_DEF_ITEM
 (ID, REVISION, ENTITY_VERSION, DOMAIN_ID, PARENT_ID, LINE_NO, FIELD_ID, TRACKING_LEVEL, PATH_RENDERER_CLASS, DETAIL_RENDERER_CLASS)
VALUES ('678d3ed229f14031ab40b6564903cae6', 0, 1, '/', '6bc486e86dea42ec9a76c9ecc93688aa', '33', 'custDecimal1', 1, 'PathRenderer', 'DetailRenderer');
INSERT INTO CNT_HISTORY_DEF_ITEM
 (ID, REVISION, ENTITY_VERSION, DOMAIN_ID, PARENT_ID, LINE_NO, FIELD_ID, TRACKING_LEVEL, PATH_RENDERER_CLASS, DETAIL_RENDERER_CLASS)
VALUES ('06adc76b35e24e88b6748879b85541da', 0, 1, '/', '6bc486e86dea42ec9a76c9ecc93688aa', '34', 'custDecimal2', 1, 'PathRenderer', 'DetailRenderer');
INSERT INTO CNT_HISTORY_DEF_ITEM
 (ID, REVISION, ENTITY_VERSION, DOMAIN_ID, PARENT_ID, LINE_NO, FIELD_ID, TRACKING_LEVEL, PATH_RENDERER_CLASS, DETAIL_RENDERER_CLASS)
VALUES ('80d165674af04f5094b0c5dc8f1e7c46', 0, 1, '/', '6bc486e86dea42ec9a76c9ecc93688aa', '35', 'custDecimal3', 1, 'PathRenderer', 'DetailRenderer');
INSERT INTO CNT_HISTORY_DEF_ITEM
 (ID, REVISION, ENTITY_VERSION, DOMAIN_ID, PARENT_ID, LINE_NO, FIELD_ID, TRACKING_LEVEL, PATH_RENDERER_CLASS, DETAIL_RENDERER_CLASS)
VALUES ('804feeb39566467eb14404dc82d27786', 0, 1, '/', '6bc486e86dea42ec9a76c9ecc93688aa', '36', 'custDecimal4', 1, 'PathRenderer', 'DetailRenderer');
INSERT INTO CNT_HISTORY_DEF_ITEM
 (ID, REVISION, ENTITY_VERSION, DOMAIN_ID, PARENT_ID, LINE_NO, FIELD_ID, TRACKING_LEVEL, PATH_RENDERER_CLASS, DETAIL_RENDERER_CLASS)
VALUES ('50b32c595491437082cd1a87effe4357', 0, 1, '/', '6bc486e86dea42ec9a76c9ecc93688aa', '37', 'custDecimal5', 1, 'PathRenderer', 'DetailRenderer');
INSERT INTO CNT_HISTORY_DEF_ITEM
 (ID, REVISION, ENTITY_VERSION, DOMAIN_ID, PARENT_ID, LINE_NO, FIELD_ID, TRACKING_LEVEL, PATH_RENDERER_CLASS, DETAIL_RENDERER_CLASS)
VALUES ('d919a9a779dc44a88666bb8f061f7879', 0, 1, '/', '6bc486e86dea42ec9a76c9ecc93688aa', '38', 'custDecimal6', 1, 'PathRenderer', 'DetailRenderer');
INSERT INTO CNT_HISTORY_DEF_ITEM
 (ID, REVISION, ENTITY_VERSION, DOMAIN_ID, PARENT_ID, LINE_NO, FIELD_ID, TRACKING_LEVEL, PATH_RENDERER_CLASS, DETAIL_RENDERER_CLASS)
VALUES ('68836a6639eb4e91ae8c0f501ba595db', 0, 1, '/', '6bc486e86dea42ec9a76c9ecc93688aa', '39', 'custDecimal7', 1, 'PathRenderer', 'DetailRenderer');
INSERT INTO CNT_HISTORY_DEF_ITEM
 (ID, REVISION, ENTITY_VERSION, DOMAIN_ID, PARENT_ID, LINE_NO, FIELD_ID, TRACKING_LEVEL, PATH_RENDERER_CLASS, DETAIL_RENDERER_CLASS)
VALUES ('ce17cb9fd79b43bda98edbe127133f2b', 0, 1, '/', '6bc486e86dea42ec9a76c9ecc93688aa', '40', 'custCodelist1', 1, 'PathRenderer', 'DetailRenderer');
INSERT INTO CNT_HISTORY_DEF_ITEM
 (ID, REVISION, ENTITY_VERSION, DOMAIN_ID, PARENT_ID, LINE_NO, FIELD_ID, TRACKING_LEVEL, PATH_RENDERER_CLASS, DETAIL_RENDERER_CLASS)
VALUES ('f75ffc35b5404d7fb3c4433d73bdaf06', 0, 1, '/', '6bc486e86dea42ec9a76c9ecc93688aa', '41', 'custCodelist2', 1, 'PathRenderer', 'DetailRenderer');
INSERT INTO CNT_HISTORY_DEF_ITEM
 (ID, REVISION, ENTITY_VERSION, DOMAIN_ID, PARENT_ID, LINE_NO, FIELD_ID, TRACKING_LEVEL, PATH_RENDERER_CLASS, DETAIL_RENDERER_CLASS)
VALUES ('cc47f136195446ccafda1b6af18e9159', 0, 1, '/', '6bc486e86dea42ec9a76c9ecc93688aa', '42', 'custCodelist3', 1, 'PathRenderer', 'DetailRenderer');
INSERT INTO CNT_HISTORY_DEF_ITEM
 (ID, REVISION, ENTITY_VERSION, DOMAIN_ID, PARENT_ID, LINE_NO, FIELD_ID, TRACKING_LEVEL, PATH_RENDERER_CLASS, DETAIL_RENDERER_CLASS)
VALUES ('b7781f03bffb4cb2b72e4e1e84c2b35c', 0, 1, '/', '6bc486e86dea42ec9a76c9ecc93688aa', '43', 'custCodelist4', 1, 'PathRenderer', 'DetailRenderer');
INSERT INTO CNT_HISTORY_DEF_ITEM
 (ID, REVISION, ENTITY_VERSION, DOMAIN_ID, PARENT_ID, LINE_NO, FIELD_ID, TRACKING_LEVEL, PATH_RENDERER_CLASS, DETAIL_RENDERER_CLASS)
VALUES ('16d345e8d102400c8d821062243cbfb1', 0, 1, '/', '6bc486e86dea42ec9a76c9ecc93688aa', '44', 'custCodelist5', 1, 'PathRenderer', 'DetailRenderer');
INSERT INTO CNT_HISTORY_DEF_ITEM
 (ID, REVISION, ENTITY_VERSION, DOMAIN_ID, PARENT_ID, LINE_NO, FIELD_ID, TRACKING_LEVEL, PATH_RENDERER_CLASS, DETAIL_RENDERER_CLASS)
VALUES ('290fb4240278490bbf4227bb23330d3c', 0, 1, '/', '6bc486e86dea42ec9a76c9ecc93688aa', '45', 'custCodelist6', 1, 'PathRenderer', 'DetailRenderer');
INSERT INTO CNT_HISTORY_DEF_ITEM
 (ID, REVISION, ENTITY_VERSION, DOMAIN_ID, PARENT_ID, LINE_NO, FIELD_ID, TRACKING_LEVEL, PATH_RENDERER_CLASS, DETAIL_RENDERER_CLASS)
VALUES ('f48ad7b22fb34b6089cedfba7fc2f3d3', 0, 1, '/', '6bc486e86dea42ec9a76c9ecc93688aa', '46', 'custCodelist7', 1, 'PathRenderer', 'DetailRenderer');
INSERT INTO CNT_HISTORY_DEF_ITEM
 (ID, REVISION, ENTITY_VERSION, DOMAIN_ID, PARENT_ID, LINE_NO, FIELD_ID, TRACKING_LEVEL, PATH_RENDERER_CLASS, DETAIL_RENDERER_CLASS)
VALUES ('5af10f70be984590a05b92560993597c', 0, 1, '/', '6bc486e86dea42ec9a76c9ecc93688aa', '47', 'custMemoText1', 1, 'PathRenderer', 'DetailRenderer');
INSERT INTO CNT_HISTORY_DEF_ITEM
 (ID, REVISION, ENTITY_VERSION, DOMAIN_ID, PARENT_ID, LINE_NO, FIELD_ID, TRACKING_LEVEL, PATH_RENDERER_CLASS, DETAIL_RENDERER_CLASS)
VALUES ('088b3be068304eb4b5c77207b52eccf6', 0, 1, '/', '6bc486e86dea42ec9a76c9ecc93688aa', '48', 'custMemoText2', 1, 'PathRenderer', 'DetailRenderer');
INSERT INTO CNT_HISTORY_DEF_ITEM
 (ID, REVISION, ENTITY_VERSION, DOMAIN_ID, PARENT_ID, LINE_NO, FIELD_ID, TRACKING_LEVEL, PATH_RENDERER_CLASS, DETAIL_RENDERER_CLASS)
VALUES ('8c7381fad0234316828511dc09ba8a74', 0, 1, '/', '6bc486e86dea42ec9a76c9ecc93688aa', '49', 'custMemoText3', 1, 'PathRenderer', 'DetailRenderer');
INSERT INTO CNT_HISTORY_DEF_ITEM
 (ID, REVISION, ENTITY_VERSION, DOMAIN_ID, PARENT_ID, LINE_NO, FIELD_ID, TRACKING_LEVEL, PATH_RENDERER_CLASS, DETAIL_RENDERER_CLASS)
VALUES ('51c7b61a0122499ea4d76d7365e2f563', 0, 1, '/', '6bc486e86dea42ec9a76c9ecc93688aa', '50', 'custMemoText4', 1, 'PathRenderer', 'DetailRenderer');
INSERT INTO CNT_HISTORY_DEF_ITEM
 (ID, REVISION, ENTITY_VERSION, DOMAIN_ID, PARENT_ID, LINE_NO, FIELD_ID, TRACKING_LEVEL, PATH_RENDERER_CLASS, DETAIL_RENDERER_CLASS)
VALUES ('6226ae146edb4170a738383bd610b45e', 0, 1, '/', '6bc486e86dea42ec9a76c9ecc93688aa', '51', 'custMemoText5', 1, 'PathRenderer', 'DetailRenderer');
INSERT INTO CNT_HISTORY_DEF_ITEM
 (ID, REVISION, ENTITY_VERSION, DOMAIN_ID, PARENT_ID, LINE_NO, FIELD_ID, TRACKING_LEVEL, PATH_RENDERER_CLASS, DETAIL_RENDERER_CLASS)
VALUES ('782163ff74ea4bfeb50dd4abbb892faa', 0, 1, '/', '6bc486e86dea42ec9a76c9ecc93688aa', '52', 'custMemoText6', 1, 'PathRenderer', 'DetailRenderer');
INSERT INTO CNT_HISTORY_DEF_ITEM
 (ID, REVISION, ENTITY_VERSION, DOMAIN_ID, PARENT_ID, LINE_NO, FIELD_ID, TRACKING_LEVEL, PATH_RENDERER_CLASS, DETAIL_RENDERER_CLASS)
VALUES ('9667a763437a4f4e86fbe7ec2d6c98cf', 0, 1, '/', '6bc486e86dea42ec9a76c9ecc93688aa', '53', 'custMemoText7', 1, 'PathRenderer', 'DetailRenderer');
INSERT INTO CNT_HISTORY_DEF_ITEM
 (ID, REVISION, ENTITY_VERSION, DOMAIN_ID, PARENT_ID, LINE_NO, FIELD_ID, TRACKING_LEVEL, PATH_RENDERER_CLASS, DETAIL_RENDERER_CLASS)
VALUES ('1e6c841346dd4c2198e732a955d75eb9', 0, 1, '/', '6bc486e86dea42ec9a76c9ecc93688aa', '54', 'custHcl1', 1, 'PathRenderer', 'DetailRenderer');
INSERT INTO CNT_HISTORY_DEF_ITEM
 (ID, REVISION, ENTITY_VERSION, DOMAIN_ID, PARENT_ID, LINE_NO, FIELD_ID, TRACKING_LEVEL, PATH_RENDERER_CLASS, DETAIL_RENDERER_CLASS)
VALUES ('547225d36ffc4990a5db63db351a827e', 0, 1, '/', '6bc486e86dea42ec9a76c9ecc93688aa', '55', 'custHcl2', 1, 'PathRenderer', 'DetailRenderer');
INSERT INTO CNT_HISTORY_DEF_ITEM
 (ID, REVISION, ENTITY_VERSION, DOMAIN_ID, PARENT_ID, LINE_NO, FIELD_ID, TRACKING_LEVEL, PATH_RENDERER_CLASS, DETAIL_RENDERER_CLASS)
VALUES ('38f0e6e2fa9f4056ab2a0aa4c19dc2cc', 0, 1, '/', '6bc486e86dea42ec9a76c9ecc93688aa', '56', 'custHcl3', 1, 'PathRenderer', 'DetailRenderer');
INSERT INTO CNT_HISTORY_DEF_ITEM
 (ID, REVISION, ENTITY_VERSION, DOMAIN_ID, PARENT_ID, LINE_NO, FIELD_ID, TRACKING_LEVEL, PATH_RENDERER_CLASS, DETAIL_RENDERER_CLASS)
VALUES ('c3118ffb25094f63a2f920642b91fd1d', 0, 1, '/', '6bc486e86dea42ec9a76c9ecc93688aa', '57', 'custHcl4', 1, 'PathRenderer', 'DetailRenderer');
INSERT INTO CNT_HISTORY_DEF_ITEM
 (ID, REVISION, ENTITY_VERSION, DOMAIN_ID, PARENT_ID, LINE_NO, FIELD_ID, TRACKING_LEVEL, PATH_RENDERER_CLASS, DETAIL_RENDERER_CLASS)
VALUES ('7e6fd1899b6d4871b72bbf70df14238a', 0, 1, '/', '6bc486e86dea42ec9a76c9ecc93688aa', '58', 'custHcl5', 1, 'PathRenderer', 'DetailRenderer');
INSERT INTO CNT_HISTORY_DEF_ITEM
 (ID, REVISION, ENTITY_VERSION, DOMAIN_ID, PARENT_ID, LINE_NO, FIELD_ID, TRACKING_LEVEL, PATH_RENDERER_CLASS, DETAIL_RENDERER_CLASS)
VALUES ('b6e775d2a0714aa7b17a4681bb920059', 0, 1, '/', '6bc486e86dea42ec9a76c9ecc93688aa', '59', 'fileRef', 0, 'PathRenderer', 'DetailRenderer');
INSERT INTO CNT_HISTORY_DEF_ITEM
 (ID, REVISION, ENTITY_VERSION, DOMAIN_ID, PARENT_ID, LINE_NO, FIELD_ID, TRACKING_LEVEL, PATH_RENDERER_CLASS, DETAIL_RENDERER_CLASS)
VALUES ('aabb2eb872324e2d8de375eeff3fc0ae', 0, 1, '/', '6bc486e86dea42ec9a76c9ecc93688aa', '60', 'fileVer', 0, 'PathRenderer', 'DetailRenderer');
INSERT INTO CNT_HISTORY_DEF_ITEM
 (ID, REVISION, ENTITY_VERSION, DOMAIN_ID, PARENT_ID, LINE_NO, FIELD_ID, TRACKING_LEVEL, PATH_RENDERER_CLASS, DETAIL_RENDERER_CLASS)
VALUES ('a883eef9d28545bcb91a499f1f1a9cad', 0, 1, '/', '6bc486e86dea42ec9a76c9ecc93688aa', '61', 'fileRef2', 0, 'PathRenderer', 'DetailRenderer');
INSERT INTO CNT_HISTORY_DEF_ITEM
 (ID, REVISION, ENTITY_VERSION, DOMAIN_ID, PARENT_ID, LINE_NO, FIELD_ID, TRACKING_LEVEL, PATH_RENDERER_CLASS, DETAIL_RENDERER_CLASS)
VALUES ('e39beb27d6164c50911d760af0083378', 0, 1, '/', '6bc486e86dea42ec9a76c9ecc93688aa', '62', 'imageTypeIdValue', 0, 'PathRenderer', 'DetailRenderer');
INSERT INTO CNT_HISTORY_DEF_ITEM
 (ID, REVISION, ENTITY_VERSION, DOMAIN_ID, PARENT_ID, LINE_NO, FIELD_ID, TRACKING_LEVEL, PATH_RENDERER_CLASS, DETAIL_RENDERER_CLASS)
VALUES ('8ffc81f55428455187f8e50b087e40f4', 0, 1, '/', '6bc486e86dea42ec9a76c9ecc93688aa', '63', 'custCodelist1Name', 0, 'PathRenderer', 'DetailRenderer');
INSERT INTO CNT_HISTORY_DEF_ITEM
 (ID, REVISION, ENTITY_VERSION, DOMAIN_ID, PARENT_ID, LINE_NO, FIELD_ID, TRACKING_LEVEL, PATH_RENDERER_CLASS, DETAIL_RENDERER_CLASS)
VALUES ('adaac7807dfe42f48f6db1b1e4ae0cb1', 0, 1, '/', '6bc486e86dea42ec9a76c9ecc93688aa', '64', 'custCodelist2Name', 0, 'PathRenderer', 'DetailRenderer');
INSERT INTO CNT_HISTORY_DEF_ITEM
 (ID, REVISION, ENTITY_VERSION, DOMAIN_ID, PARENT_ID, LINE_NO, FIELD_ID, TRACKING_LEVEL, PATH_RENDERER_CLASS, DETAIL_RENDERER_CLASS)
VALUES ('e8d96ee110a842bd8abcd1ef3f896722', 0, 1, '/', '6bc486e86dea42ec9a76c9ecc93688aa', '65', 'custCodelist3Name', 0, 'PathRenderer', 'DetailRenderer');
INSERT INTO CNT_HISTORY_DEF_ITEM
 (ID, REVISION, ENTITY_VERSION, DOMAIN_ID, PARENT_ID, LINE_NO, FIELD_ID, TRACKING_LEVEL, PATH_RENDERER_CLASS, DETAIL_RENDERER_CLASS)
VALUES ('c3ee555a11cd4eef9e863abef3fb2a9d', 0, 1, '/', '6bc486e86dea42ec9a76c9ecc93688aa', '66', 'custCodelist4Name', 0, 'PathRenderer', 'DetailRenderer');
INSERT INTO CNT_HISTORY_DEF_ITEM
 (ID, REVISION, ENTITY_VERSION, DOMAIN_ID, PARENT_ID, LINE_NO, FIELD_ID, TRACKING_LEVEL, PATH_RENDERER_CLASS, DETAIL_RENDERER_CLASS)
VALUES ('d837fe1809cb46e09ce305dfc8e4dd84', 0, 1, '/', '6bc486e86dea42ec9a76c9ecc93688aa', '67', 'custCodelist5Name', 0, 'PathRenderer', 'DetailRenderer');
INSERT INTO CNT_HISTORY_DEF_ITEM
 (ID, REVISION, ENTITY_VERSION, DOMAIN_ID, PARENT_ID, LINE_NO, FIELD_ID, TRACKING_LEVEL, PATH_RENDERER_CLASS, DETAIL_RENDERER_CLASS)
VALUES ('237bc1c00aec46d8a6f82fce2a1607ca', 0, 1, '/', '6bc486e86dea42ec9a76c9ecc93688aa', '68', 'custCodelist6Name', 0, 'PathRenderer', 'DetailRenderer');
INSERT INTO CNT_HISTORY_DEF_ITEM
 (ID, REVISION, ENTITY_VERSION, DOMAIN_ID, PARENT_ID, LINE_NO, FIELD_ID, TRACKING_LEVEL, PATH_RENDERER_CLASS, DETAIL_RENDERER_CLASS)
VALUES ('9d153da92ec642cf9579f6993696a979', 0, 1, '/', '6bc486e86dea42ec9a76c9ecc93688aa', '69', 'custCodelist7Name', 0, 'PathRenderer', 'DetailRenderer');
INSERT INTO CNT_HISTORY_DEF_ITEM
 (ID, REVISION, ENTITY_VERSION, DOMAIN_ID, PARENT_ID, LINE_NO, FIELD_ID, TRACKING_LEVEL, PATH_RENDERER_CLASS, DETAIL_RENDERER_CLASS)
VALUES ('34323d9474d24090b6e449622f2d52eb', 0, 1, '/', '6bc486e86dea42ec9a76c9ecc93688aa', '70', 'custHcl1Ref', 0, 'PathRenderer', 'DetailRenderer');
INSERT INTO CNT_HISTORY_DEF_ITEM
 (ID, REVISION, ENTITY_VERSION, DOMAIN_ID, PARENT_ID, LINE_NO, FIELD_ID, TRACKING_LEVEL, PATH_RENDERER_CLASS, DETAIL_RENDERER_CLASS)
VALUES ('d7979042b58346b1ada2f48a62df1e94', 0, 1, '/', '6bc486e86dea42ec9a76c9ecc93688aa', '71', 'custHcl1Ver', 0, 'PathRenderer', 'DetailRenderer');
INSERT INTO CNT_HISTORY_DEF_ITEM
 (ID, REVISION, ENTITY_VERSION, DOMAIN_ID, PARENT_ID, LINE_NO, FIELD_ID, TRACKING_LEVEL, PATH_RENDERER_CLASS, DETAIL_RENDERER_CLASS)
VALUES ('1014e475f76245098bb3b44eb54ef0b9', 0, 1, '/', '6bc486e86dea42ec9a76c9ecc93688aa', '72', 'custHcl1Ref2', 0, 'PathRenderer', 'DetailRenderer');
INSERT INTO CNT_HISTORY_DEF_ITEM
 (ID, REVISION, ENTITY_VERSION, DOMAIN_ID, PARENT_ID, LINE_NO, FIELD_ID, TRACKING_LEVEL, PATH_RENDERER_CLASS, DETAIL_RENDERER_CLASS)
VALUES ('cf8e2a729806439eada860b6a4bf69f0', 0, 1, '/', '6bc486e86dea42ec9a76c9ecc93688aa', '73', 'custHcl1FullLineage', 0, 'PathRenderer', 'DetailRenderer');
INSERT INTO CNT_HISTORY_DEF_ITEM
 (ID, REVISION, ENTITY_VERSION, DOMAIN_ID, PARENT_ID, LINE_NO, FIELD_ID, TRACKING_LEVEL, PATH_RENDERER_CLASS, DETAIL_RENDERER_CLASS)
VALUES ('f34684bbf3ec4684b3f60a63ec7eb833', 0, 1, '/', '6bc486e86dea42ec9a76c9ecc93688aa', '74', 'custHcl2Ref', 0, 'PathRenderer', 'DetailRenderer');
INSERT INTO CNT_HISTORY_DEF_ITEM
 (ID, REVISION, ENTITY_VERSION, DOMAIN_ID, PARENT_ID, LINE_NO, FIELD_ID, TRACKING_LEVEL, PATH_RENDERER_CLASS, DETAIL_RENDERER_CLASS)
VALUES ('d623e823d2db47f199996febdc077373', 0, 1, '/', '6bc486e86dea42ec9a76c9ecc93688aa', '75', 'custHcl2Ver', 0, 'PathRenderer', 'DetailRenderer');
INSERT INTO CNT_HISTORY_DEF_ITEM
 (ID, REVISION, ENTITY_VERSION, DOMAIN_ID, PARENT_ID, LINE_NO, FIELD_ID, TRACKING_LEVEL, PATH_RENDERER_CLASS, DETAIL_RENDERER_CLASS)
VALUES ('da8e9639bf0a48f1950b25dce5a65a6b', 0, 1, '/', '6bc486e86dea42ec9a76c9ecc93688aa', '76', 'custHcl2Ref2', 0, 'PathRenderer', 'DetailRenderer');
INSERT INTO CNT_HISTORY_DEF_ITEM
 (ID, REVISION, ENTITY_VERSION, DOMAIN_ID, PARENT_ID, LINE_NO, FIELD_ID, TRACKING_LEVEL, PATH_RENDERER_CLASS, DETAIL_RENDERER_CLASS)
VALUES ('df1898d7dc7f405c8c8fc8b34b30f58d', 0, 1, '/', '6bc486e86dea42ec9a76c9ecc93688aa', '77', 'custHcl2FullLineage', 0, 'PathRenderer', 'DetailRenderer');
INSERT INTO CNT_HISTORY_DEF_ITEM
 (ID, REVISION, ENTITY_VERSION, DOMAIN_ID, PARENT_ID, LINE_NO, FIELD_ID, TRACKING_LEVEL, PATH_RENDERER_CLASS, DETAIL_RENDERER_CLASS)
VALUES ('ef6255d52d5b4dc3b551b24873883761', 0, 1, '/', '6bc486e86dea42ec9a76c9ecc93688aa', '78', 'custHcl3Ref', 0, 'PathRenderer', 'DetailRenderer');
INSERT INTO CNT_HISTORY_DEF_ITEM
 (ID, REVISION, ENTITY_VERSION, DOMAIN_ID, PARENT_ID, LINE_NO, FIELD_ID, TRACKING_LEVEL, PATH_RENDERER_CLASS, DETAIL_RENDERER_CLASS)
VALUES ('bb0a253b0c034b30b474155ab96faee4', 0, 1, '/', '6bc486e86dea42ec9a76c9ecc93688aa', '79', 'custHcl3Ver', 0, 'PathRenderer', 'DetailRenderer');
INSERT INTO CNT_HISTORY_DEF_ITEM
 (ID, REVISION, ENTITY_VERSION, DOMAIN_ID, PARENT_ID, LINE_NO, FIELD_ID, TRACKING_LEVEL, PATH_RENDERER_CLASS, DETAIL_RENDERER_CLASS)
VALUES ('6449a2c1ccd445dda0f38a788dcfd47e', 0, 1, '/', '6bc486e86dea42ec9a76c9ecc93688aa', '80', 'custHcl3Ref2', 0, 'PathRenderer', 'DetailRenderer');
INSERT INTO CNT_HISTORY_DEF_ITEM
 (ID, REVISION, ENTITY_VERSION, DOMAIN_ID, PARENT_ID, LINE_NO, FIELD_ID, TRACKING_LEVEL, PATH_RENDERER_CLASS, DETAIL_RENDERER_CLASS)
VALUES ('429c9e6d129a4dad8c36a44ac179e0a8', 0, 1, '/', '6bc486e86dea42ec9a76c9ecc93688aa', '81', 'custHcl3FullLineage', 0, 'PathRenderer', 'DetailRenderer');
INSERT INTO CNT_HISTORY_DEF_ITEM
 (ID, REVISION, ENTITY_VERSION, DOMAIN_ID, PARENT_ID, LINE_NO, FIELD_ID, TRACKING_LEVEL, PATH_RENDERER_CLASS, DETAIL_RENDERER_CLASS)
VALUES ('2052d1c6c34c491e8123b889736243f6', 0, 1, '/', '6bc486e86dea42ec9a76c9ecc93688aa', '82', 'custHcl4Ref', 0, 'PathRenderer', 'DetailRenderer');
INSERT INTO CNT_HISTORY_DEF_ITEM
 (ID, REVISION, ENTITY_VERSION, DOMAIN_ID, PARENT_ID, LINE_NO, FIELD_ID, TRACKING_LEVEL, PATH_RENDERER_CLASS, DETAIL_RENDERER_CLASS)
VALUES ('c3de00f23f9344f1aec3b00c070e98c2', 0, 1, '/', '6bc486e86dea42ec9a76c9ecc93688aa', '83', 'custHcl4Ver', 0, 'PathRenderer', 'DetailRenderer');
INSERT INTO CNT_HISTORY_DEF_ITEM
 (ID, REVISION, ENTITY_VERSION, DOMAIN_ID, PARENT_ID, LINE_NO, FIELD_ID, TRACKING_LEVEL, PATH_RENDERER_CLASS, DETAIL_RENDERER_CLASS)
VALUES ('196ee3f956974eddb844c4cd4c474b7c', 0, 1, '/', '6bc486e86dea42ec9a76c9ecc93688aa', '84', 'custHcl4Ref2', 0, 'PathRenderer', 'DetailRenderer');
INSERT INTO CNT_HISTORY_DEF_ITEM
 (ID, REVISION, ENTITY_VERSION, DOMAIN_ID, PARENT_ID, LINE_NO, FIELD_ID, TRACKING_LEVEL, PATH_RENDERER_CLASS, DETAIL_RENDERER_CLASS)
VALUES ('4532351cce0e455fb304ec605d0a6b55', 0, 1, '/', '6bc486e86dea42ec9a76c9ecc93688aa', '85', 'custHcl4FullLineage', 0, 'PathRenderer', 'DetailRenderer');
INSERT INTO CNT_HISTORY_DEF_ITEM
 (ID, REVISION, ENTITY_VERSION, DOMAIN_ID, PARENT_ID, LINE_NO, FIELD_ID, TRACKING_LEVEL, PATH_RENDERER_CLASS, DETAIL_RENDERER_CLASS)
VALUES ('eaf2bb4f8c144ff3aba2fadf5ffbbb84', 0, 1, '/', '6bc486e86dea42ec9a76c9ecc93688aa', '86', 'custHcl5Ref', 0, 'PathRenderer', 'DetailRenderer');
INSERT INTO CNT_HISTORY_DEF_ITEM
 (ID, REVISION, ENTITY_VERSION, DOMAIN_ID, PARENT_ID, LINE_NO, FIELD_ID, TRACKING_LEVEL, PATH_RENDERER_CLASS, DETAIL_RENDERER_CLASS)
VALUES ('2a7f52970ab7434394ee0adf5dce8bb3', 0, 1, '/', '6bc486e86dea42ec9a76c9ecc93688aa', '87', 'custHcl5Ver', 0, 'PathRenderer', 'DetailRenderer');
INSERT INTO CNT_HISTORY_DEF_ITEM
 (ID, REVISION, ENTITY_VERSION, DOMAIN_ID, PARENT_ID, LINE_NO, FIELD_ID, TRACKING_LEVEL, PATH_RENDERER_CLASS, DETAIL_RENDERER_CLASS)
VALUES ('db7f28268f3c483db765f6e838f17818', 0, 1, '/', '6bc486e86dea42ec9a76c9ecc93688aa', '88', 'custHcl5Ref2', 0, 'PathRenderer', 'DetailRenderer');
INSERT INTO CNT_HISTORY_DEF_ITEM
 (ID, REVISION, ENTITY_VERSION, DOMAIN_ID, PARENT_ID, LINE_NO, FIELD_ID, TRACKING_LEVEL, PATH_RENDERER_CLASS, DETAIL_RENDERER_CLASS)
VALUES ('7b3113ac122e4a828f48bd70545a64dd', 0, 1, '/', '6bc486e86dea42ec9a76c9ecc93688aa', '89', 'custHcl5FullLineage', 0, 'PathRenderer', 'DetailRenderer');
INSERT INTO CNT_HISTORY_DEF
 (ID, REVISION, APPLY_ENTITY, ENTITY_VERSION, DOMAIN_ID , GENERATED, CREATE_USER, CREATE_USER_NAME, CREATED_ON)
VALUES ('8e5657e91a77448d8233f21b47039cf1', 0, 'BriefVendor', 1, '/', 1, 'system', 'system', systimestamp);
INSERT INTO CNT_HISTORY_DEF_ITEM
 (ID, REVISION, ENTITY_VERSION, DOMAIN_ID, PARENT_ID, LINE_NO, FIELD_ID, TRACKING_LEVEL, PATH_RENDERER_CLASS, DETAIL_RENDERER_CLASS)
VALUES ('3be0f5f64566471e9ca7035736bd776b', 0, 1, '/', '8e5657e91a77448d8233f21b47039cf1', '0', 'id', 1, 'PathRenderer', 'DetailRenderer');
INSERT INTO CNT_HISTORY_DEF_ITEM
 (ID, REVISION, ENTITY_VERSION, DOMAIN_ID, PARENT_ID, LINE_NO, FIELD_ID, TRACKING_LEVEL, PATH_RENDERER_CLASS, DETAIL_RENDERER_CLASS)
VALUES ('d9a1c956bd834166bbea686d9d5a3128', 0, 1, '/', '8e5657e91a77448d8233f21b47039cf1', '1', 'revision', 1, 'PathRenderer', 'DetailRenderer');
INSERT INTO CNT_HISTORY_DEF_ITEM
 (ID, REVISION, ENTITY_VERSION, DOMAIN_ID, PARENT_ID, LINE_NO, FIELD_ID, TRACKING_LEVEL, PATH_RENDERER_CLASS, DETAIL_RENDERER_CLASS)
VALUES ('6512401c0ed74cddb00670fbf173c100', 0, 1, '/', '8e5657e91a77448d8233f21b47039cf1', '2', 'entityVersion', 1, 'PathRenderer', 'DetailRenderer');
INSERT INTO CNT_HISTORY_DEF_ITEM
 (ID, REVISION, ENTITY_VERSION, DOMAIN_ID, PARENT_ID, LINE_NO, FIELD_ID, TRACKING_LEVEL, PATH_RENDERER_CLASS, DETAIL_RENDERER_CLASS)
VALUES ('23691019f9cd4548ac1b1f06a7d6f516', 0, 1, '/', '8e5657e91a77448d8233f21b47039cf1', '3', 'domainId', 1, 'PathRenderer', 'DetailRenderer');
INSERT INTO CNT_HISTORY_DEF_ITEM
 (ID, REVISION, ENTITY_VERSION, DOMAIN_ID, PARENT_ID, LINE_NO, FIELD_ID, TRACKING_LEVEL, PATH_RENDERER_CLASS, DETAIL_RENDERER_CLASS)
VALUES ('1fc3ed083f1e4c2399feffef86f62771', 0, 1, '/', '8e5657e91a77448d8233f21b47039cf1', '4', 'hubDomainId', 1, 'PathRenderer', 'DetailRenderer');
INSERT INTO CNT_HISTORY_DEF_ITEM
 (ID, REVISION, ENTITY_VERSION, DOMAIN_ID, PARENT_ID, LINE_NO, FIELD_ID, TRACKING_LEVEL, PATH_RENDERER_CLASS, DETAIL_RENDERER_CLASS)
VALUES ('5db654d2c03c456e88a0385c75d25f9f', 0, 1, '/', '8e5657e91a77448d8233f21b47039cf1', '5', 'isForReference', 1, 'PathRenderer', 'DetailRenderer');
INSERT INTO CNT_HISTORY_DEF_ITEM
 (ID, REVISION, ENTITY_VERSION, DOMAIN_ID, PARENT_ID, LINE_NO, FIELD_ID, TRACKING_LEVEL, PATH_RENDERER_CLASS, DETAIL_RENDERER_CLASS)
VALUES ('f6f09e99e26f4ed5b5ad57e69cd44dbc', 0, 1, '/', '8e5657e91a77448d8233f21b47039cf1', '6', 'internalSeqNo', 1, 'PathRenderer', 'DetailRenderer');
INSERT INTO CNT_HISTORY_DEF_ITEM
 (ID, REVISION, ENTITY_VERSION, DOMAIN_ID, PARENT_ID, LINE_NO, FIELD_ID, TRACKING_LEVEL, PATH_RENDERER_CLASS, DETAIL_RENDERER_CLASS)
VALUES ('bb9e263e188c46b7a39c414522a77b9d', 0, 1, '/', '8e5657e91a77448d8233f21b47039cf1', '7', 'briefId', 1, 'PathRenderer', 'DetailRenderer');
INSERT INTO CNT_HISTORY_DEF_ITEM
 (ID, REVISION, ENTITY_VERSION, DOMAIN_ID, PARENT_ID, LINE_NO, FIELD_ID, TRACKING_LEVEL, PATH_RENDERER_CLASS, DETAIL_RENDERER_CLASS)
VALUES ('217d7b1eb7a7459997792ca083d8a719', 0, 1, '/', '8e5657e91a77448d8233f21b47039cf1', '8', 'vendorId', 1, 'PathRenderer', 'DetailRenderer');
INSERT INTO CNT_HISTORY_DEF_ITEM
 (ID, REVISION, ENTITY_VERSION, DOMAIN_ID, PARENT_ID, LINE_NO, FIELD_ID, TRACKING_LEVEL, PATH_RENDERER_CLASS, DETAIL_RENDERER_CLASS)
VALUES ('e6b5232c026c42a6a22530dda561f269', 0, 1, '/', '8e5657e91a77448d8233f21b47039cf1', '9', 'status', 1, 'PathRenderer', 'DetailRenderer');
INSERT INTO CNT_HISTORY_DEF_ITEM
 (ID, REVISION, ENTITY_VERSION, DOMAIN_ID, PARENT_ID, LINE_NO, FIELD_ID, TRACKING_LEVEL, PATH_RENDERER_CLASS, DETAIL_RENDERER_CLASS)
VALUES ('cf93b00e539649f6a50fecbd6e52786d', 0, 1, '/', '8e5657e91a77448d8233f21b47039cf1', '10', 'refNo', 0, 'PathRenderer', 'DetailRenderer');
INSERT INTO CNT_HISTORY_DEF_ITEM
 (ID, REVISION, ENTITY_VERSION, DOMAIN_ID, PARENT_ID, LINE_NO, FIELD_ID, TRACKING_LEVEL, PATH_RENDERER_CLASS, DETAIL_RENDERER_CLASS)
VALUES ('1805e3b7b9444f139e2cdbf3cbafb56f', 0, 1, '/', '8e5657e91a77448d8233f21b47039cf1', '11', 'custText1', 1, 'PathRenderer', 'DetailRenderer');
INSERT INTO CNT_HISTORY_DEF_ITEM
 (ID, REVISION, ENTITY_VERSION, DOMAIN_ID, PARENT_ID, LINE_NO, FIELD_ID, TRACKING_LEVEL, PATH_RENDERER_CLASS, DETAIL_RENDERER_CLASS)
VALUES ('7a26af6a16d741c597a3e1f586847f56', 0, 1, '/', '8e5657e91a77448d8233f21b47039cf1', '12', 'custText2', 1, 'PathRenderer', 'DetailRenderer');
INSERT INTO CNT_HISTORY_DEF_ITEM
 (ID, REVISION, ENTITY_VERSION, DOMAIN_ID, PARENT_ID, LINE_NO, FIELD_ID, TRACKING_LEVEL, PATH_RENDERER_CLASS, DETAIL_RENDERER_CLASS)
VALUES ('299a78cfc9384e2996683bc310705f0b', 0, 1, '/', '8e5657e91a77448d8233f21b47039cf1', '13', 'custText3', 1, 'PathRenderer', 'DetailRenderer');
INSERT INTO CNT_HISTORY_DEF_ITEM
 (ID, REVISION, ENTITY_VERSION, DOMAIN_ID, PARENT_ID, LINE_NO, FIELD_ID, TRACKING_LEVEL, PATH_RENDERER_CLASS, DETAIL_RENDERER_CLASS)
VALUES ('0d5aac35b5744bf683244e482ff8ae00', 0, 1, '/', '8e5657e91a77448d8233f21b47039cf1', '14', 'custText4', 1, 'PathRenderer', 'DetailRenderer');
INSERT INTO CNT_HISTORY_DEF_ITEM
 (ID, REVISION, ENTITY_VERSION, DOMAIN_ID, PARENT_ID, LINE_NO, FIELD_ID, TRACKING_LEVEL, PATH_RENDERER_CLASS, DETAIL_RENDERER_CLASS)
VALUES ('220dd50735654d43a465d247650e8328', 0, 1, '/', '8e5657e91a77448d8233f21b47039cf1', '15', 'custText5', 1, 'PathRenderer', 'DetailRenderer');
INSERT INTO CNT_HISTORY_DEF_ITEM
 (ID, REVISION, ENTITY_VERSION, DOMAIN_ID, PARENT_ID, LINE_NO, FIELD_ID, TRACKING_LEVEL, PATH_RENDERER_CLASS, DETAIL_RENDERER_CLASS)
VALUES ('27cb6179d12e49f5b37b3dd5dd782064', 0, 1, '/', '8e5657e91a77448d8233f21b47039cf1', '16', 'custText6', 1, 'PathRenderer', 'DetailRenderer');
INSERT INTO CNT_HISTORY_DEF_ITEM
 (ID, REVISION, ENTITY_VERSION, DOMAIN_ID, PARENT_ID, LINE_NO, FIELD_ID, TRACKING_LEVEL, PATH_RENDERER_CLASS, DETAIL_RENDERER_CLASS)
VALUES ('242f986716f7452798e6ef556a80ebb7', 0, 1, '/', '8e5657e91a77448d8233f21b47039cf1', '17', 'custText7', 1, 'PathRenderer', 'DetailRenderer');
INSERT INTO CNT_HISTORY_DEF_ITEM
 (ID, REVISION, ENTITY_VERSION, DOMAIN_ID, PARENT_ID, LINE_NO, FIELD_ID, TRACKING_LEVEL, PATH_RENDERER_CLASS, DETAIL_RENDERER_CLASS)
VALUES ('1e226020cd8f4c6b8e2a17bddba21d29', 0, 1, '/', '8e5657e91a77448d8233f21b47039cf1', '18', 'custDate1', 1, 'PathRenderer', 'DetailRenderer');
INSERT INTO CNT_HISTORY_DEF_ITEM
 (ID, REVISION, ENTITY_VERSION, DOMAIN_ID, PARENT_ID, LINE_NO, FIELD_ID, TRACKING_LEVEL, PATH_RENDERER_CLASS, DETAIL_RENDERER_CLASS)
VALUES ('b6a384fecd524033baaa7786b5357c8d', 0, 1, '/', '8e5657e91a77448d8233f21b47039cf1', '19', 'custDate2', 1, 'PathRenderer', 'DetailRenderer');
INSERT INTO CNT_HISTORY_DEF_ITEM
 (ID, REVISION, ENTITY_VERSION, DOMAIN_ID, PARENT_ID, LINE_NO, FIELD_ID, TRACKING_LEVEL, PATH_RENDERER_CLASS, DETAIL_RENDERER_CLASS)
VALUES ('2b7b8bd5770444688b48a52bdbb93928', 0, 1, '/', '8e5657e91a77448d8233f21b47039cf1', '20', 'custDate3', 1, 'PathRenderer', 'DetailRenderer');
INSERT INTO CNT_HISTORY_DEF_ITEM
 (ID, REVISION, ENTITY_VERSION, DOMAIN_ID, PARENT_ID, LINE_NO, FIELD_ID, TRACKING_LEVEL, PATH_RENDERER_CLASS, DETAIL_RENDERER_CLASS)
VALUES ('fd144b3244a84a6b91bf85080237fa85', 0, 1, '/', '8e5657e91a77448d8233f21b47039cf1', '21', 'custDate4', 1, 'PathRenderer', 'DetailRenderer');
INSERT INTO CNT_HISTORY_DEF_ITEM
 (ID, REVISION, ENTITY_VERSION, DOMAIN_ID, PARENT_ID, LINE_NO, FIELD_ID, TRACKING_LEVEL, PATH_RENDERER_CLASS, DETAIL_RENDERER_CLASS)
VALUES ('18dc15751a9f474c9e4bc393942d52b2', 0, 1, '/', '8e5657e91a77448d8233f21b47039cf1', '22', 'custDate5', 1, 'PathRenderer', 'DetailRenderer');
INSERT INTO CNT_HISTORY_DEF_ITEM
 (ID, REVISION, ENTITY_VERSION, DOMAIN_ID, PARENT_ID, LINE_NO, FIELD_ID, TRACKING_LEVEL, PATH_RENDERER_CLASS, DETAIL_RENDERER_CLASS)
VALUES ('d93a57e4506d4760a728275d3946effd', 0, 1, '/', '8e5657e91a77448d8233f21b47039cf1', '23', 'custDate6', 1, 'PathRenderer', 'DetailRenderer');
INSERT INTO CNT_HISTORY_DEF_ITEM
 (ID, REVISION, ENTITY_VERSION, DOMAIN_ID, PARENT_ID, LINE_NO, FIELD_ID, TRACKING_LEVEL, PATH_RENDERER_CLASS, DETAIL_RENDERER_CLASS)
VALUES ('19a95d38ae7d4709b5761be77b8f7d45', 0, 1, '/', '8e5657e91a77448d8233f21b47039cf1', '24', 'custDate7', 1, 'PathRenderer', 'DetailRenderer');
INSERT INTO CNT_HISTORY_DEF_ITEM
 (ID, REVISION, ENTITY_VERSION, DOMAIN_ID, PARENT_ID, LINE_NO, FIELD_ID, TRACKING_LEVEL, PATH_RENDERER_CLASS, DETAIL_RENDERER_CLASS)
VALUES ('89c48e3526f9431793861cad7d9263da', 0, 1, '/', '8e5657e91a77448d8233f21b47039cf1', '25', 'custNumber1', 1, 'PathRenderer', 'DetailRenderer');
INSERT INTO CNT_HISTORY_DEF_ITEM
 (ID, REVISION, ENTITY_VERSION, DOMAIN_ID, PARENT_ID, LINE_NO, FIELD_ID, TRACKING_LEVEL, PATH_RENDERER_CLASS, DETAIL_RENDERER_CLASS)
VALUES ('7c86c9fdf2d24c2eb0897896555255ea', 0, 1, '/', '8e5657e91a77448d8233f21b47039cf1', '26', 'custNumber2', 1, 'PathRenderer', 'DetailRenderer');
INSERT INTO CNT_HISTORY_DEF_ITEM
 (ID, REVISION, ENTITY_VERSION, DOMAIN_ID, PARENT_ID, LINE_NO, FIELD_ID, TRACKING_LEVEL, PATH_RENDERER_CLASS, DETAIL_RENDERER_CLASS)
VALUES ('c703b94bc7b543e1bd2ec6dcde77be29', 0, 1, '/', '8e5657e91a77448d8233f21b47039cf1', '27', 'custNumber3', 1, 'PathRenderer', 'DetailRenderer');
INSERT INTO CNT_HISTORY_DEF_ITEM
 (ID, REVISION, ENTITY_VERSION, DOMAIN_ID, PARENT_ID, LINE_NO, FIELD_ID, TRACKING_LEVEL, PATH_RENDERER_CLASS, DETAIL_RENDERER_CLASS)
VALUES ('0c421cc21a094e9ea406f082eb7369a8', 0, 1, '/', '8e5657e91a77448d8233f21b47039cf1', '28', 'custNumber4', 1, 'PathRenderer', 'DetailRenderer');
INSERT INTO CNT_HISTORY_DEF_ITEM
 (ID, REVISION, ENTITY_VERSION, DOMAIN_ID, PARENT_ID, LINE_NO, FIELD_ID, TRACKING_LEVEL, PATH_RENDERER_CLASS, DETAIL_RENDERER_CLASS)
VALUES ('df1fc3442e264b769af1f00569e75b06', 0, 1, '/', '8e5657e91a77448d8233f21b47039cf1', '29', 'custNumber5', 1, 'PathRenderer', 'DetailRenderer');
INSERT INTO CNT_HISTORY_DEF_ITEM
 (ID, REVISION, ENTITY_VERSION, DOMAIN_ID, PARENT_ID, LINE_NO, FIELD_ID, TRACKING_LEVEL, PATH_RENDERER_CLASS, DETAIL_RENDERER_CLASS)
VALUES ('ce29c3a38fb94093a2bc24f462cf8c5a', 0, 1, '/', '8e5657e91a77448d8233f21b47039cf1', '30', 'custNumber6', 1, 'PathRenderer', 'DetailRenderer');
INSERT INTO CNT_HISTORY_DEF_ITEM
 (ID, REVISION, ENTITY_VERSION, DOMAIN_ID, PARENT_ID, LINE_NO, FIELD_ID, TRACKING_LEVEL, PATH_RENDERER_CLASS, DETAIL_RENDERER_CLASS)
VALUES ('a599c0f4217e49c9a44d7bd33f0433e0', 0, 1, '/', '8e5657e91a77448d8233f21b47039cf1', '31', 'custNumber7', 1, 'PathRenderer', 'DetailRenderer');
INSERT INTO CNT_HISTORY_DEF_ITEM
 (ID, REVISION, ENTITY_VERSION, DOMAIN_ID, PARENT_ID, LINE_NO, FIELD_ID, TRACKING_LEVEL, PATH_RENDERER_CLASS, DETAIL_RENDERER_CLASS)
VALUES ('c1ab172f464e4b3e991ff3f4a1260fda', 0, 1, '/', '8e5657e91a77448d8233f21b47039cf1', '32', 'custDecimal1', 1, 'PathRenderer', 'DetailRenderer');
INSERT INTO CNT_HISTORY_DEF_ITEM
 (ID, REVISION, ENTITY_VERSION, DOMAIN_ID, PARENT_ID, LINE_NO, FIELD_ID, TRACKING_LEVEL, PATH_RENDERER_CLASS, DETAIL_RENDERER_CLASS)
VALUES ('429c5ef4652d41f69c33743e19964876', 0, 1, '/', '8e5657e91a77448d8233f21b47039cf1', '33', 'custDecimal2', 1, 'PathRenderer', 'DetailRenderer');
INSERT INTO CNT_HISTORY_DEF_ITEM
 (ID, REVISION, ENTITY_VERSION, DOMAIN_ID, PARENT_ID, LINE_NO, FIELD_ID, TRACKING_LEVEL, PATH_RENDERER_CLASS, DETAIL_RENDERER_CLASS)
VALUES ('98f961d9b066477cbb4661690e5326b9', 0, 1, '/', '8e5657e91a77448d8233f21b47039cf1', '34', 'custDecimal3', 1, 'PathRenderer', 'DetailRenderer');
INSERT INTO CNT_HISTORY_DEF_ITEM
 (ID, REVISION, ENTITY_VERSION, DOMAIN_ID, PARENT_ID, LINE_NO, FIELD_ID, TRACKING_LEVEL, PATH_RENDERER_CLASS, DETAIL_RENDERER_CLASS)
VALUES ('4a0aa9c7047748b9a2808ae433f4048a', 0, 1, '/', '8e5657e91a77448d8233f21b47039cf1', '35', 'custDecimal4', 1, 'PathRenderer', 'DetailRenderer');
INSERT INTO CNT_HISTORY_DEF_ITEM
 (ID, REVISION, ENTITY_VERSION, DOMAIN_ID, PARENT_ID, LINE_NO, FIELD_ID, TRACKING_LEVEL, PATH_RENDERER_CLASS, DETAIL_RENDERER_CLASS)
VALUES ('3b262efd719f4156b0f3808cccaac489', 0, 1, '/', '8e5657e91a77448d8233f21b47039cf1', '36', 'custDecimal5', 1, 'PathRenderer', 'DetailRenderer');
INSERT INTO CNT_HISTORY_DEF_ITEM
 (ID, REVISION, ENTITY_VERSION, DOMAIN_ID, PARENT_ID, LINE_NO, FIELD_ID, TRACKING_LEVEL, PATH_RENDERER_CLASS, DETAIL_RENDERER_CLASS)
VALUES ('4c5d2bd2c97e45639d0d623318e5e0c3', 0, 1, '/', '8e5657e91a77448d8233f21b47039cf1', '37', 'custDecimal6', 1, 'PathRenderer', 'DetailRenderer');
INSERT INTO CNT_HISTORY_DEF_ITEM
 (ID, REVISION, ENTITY_VERSION, DOMAIN_ID, PARENT_ID, LINE_NO, FIELD_ID, TRACKING_LEVEL, PATH_RENDERER_CLASS, DETAIL_RENDERER_CLASS)
VALUES ('c98b40534e744bd887b5cbdafdd5f93d', 0, 1, '/', '8e5657e91a77448d8233f21b47039cf1', '38', 'custDecimal7', 1, 'PathRenderer', 'DetailRenderer');
INSERT INTO CNT_HISTORY_DEF_ITEM
 (ID, REVISION, ENTITY_VERSION, DOMAIN_ID, PARENT_ID, LINE_NO, FIELD_ID, TRACKING_LEVEL, PATH_RENDERER_CLASS, DETAIL_RENDERER_CLASS)
VALUES ('9c50cd04d57d4fffaebba9d938f0a777', 0, 1, '/', '8e5657e91a77448d8233f21b47039cf1', '39', 'custCodelist1', 1, 'PathRenderer', 'DetailRenderer');
INSERT INTO CNT_HISTORY_DEF_ITEM
 (ID, REVISION, ENTITY_VERSION, DOMAIN_ID, PARENT_ID, LINE_NO, FIELD_ID, TRACKING_LEVEL, PATH_RENDERER_CLASS, DETAIL_RENDERER_CLASS)
VALUES ('a2aafcf6bafa4e2080c45b31d67056f0', 0, 1, '/', '8e5657e91a77448d8233f21b47039cf1', '40', 'custCodelist2', 1, 'PathRenderer', 'DetailRenderer');
INSERT INTO CNT_HISTORY_DEF_ITEM
 (ID, REVISION, ENTITY_VERSION, DOMAIN_ID, PARENT_ID, LINE_NO, FIELD_ID, TRACKING_LEVEL, PATH_RENDERER_CLASS, DETAIL_RENDERER_CLASS)
VALUES ('2e9685d3498d419d99307077af3fa02a', 0, 1, '/', '8e5657e91a77448d8233f21b47039cf1', '41', 'custCodelist3', 1, 'PathRenderer', 'DetailRenderer');
INSERT INTO CNT_HISTORY_DEF_ITEM
 (ID, REVISION, ENTITY_VERSION, DOMAIN_ID, PARENT_ID, LINE_NO, FIELD_ID, TRACKING_LEVEL, PATH_RENDERER_CLASS, DETAIL_RENDERER_CLASS)
VALUES ('41edeeced8424b8da1d4c721c82b063a', 0, 1, '/', '8e5657e91a77448d8233f21b47039cf1', '42', 'custCodelist4', 1, 'PathRenderer', 'DetailRenderer');
INSERT INTO CNT_HISTORY_DEF_ITEM
 (ID, REVISION, ENTITY_VERSION, DOMAIN_ID, PARENT_ID, LINE_NO, FIELD_ID, TRACKING_LEVEL, PATH_RENDERER_CLASS, DETAIL_RENDERER_CLASS)
VALUES ('637db133d8724c839aa4631c6dc16dae', 0, 1, '/', '8e5657e91a77448d8233f21b47039cf1', '43', 'custCodelist5', 1, 'PathRenderer', 'DetailRenderer');
INSERT INTO CNT_HISTORY_DEF_ITEM
 (ID, REVISION, ENTITY_VERSION, DOMAIN_ID, PARENT_ID, LINE_NO, FIELD_ID, TRACKING_LEVEL, PATH_RENDERER_CLASS, DETAIL_RENDERER_CLASS)
VALUES ('ca35c07fb7c8480c90f9b639152ef8cc', 0, 1, '/', '8e5657e91a77448d8233f21b47039cf1', '44', 'custCodelist6', 1, 'PathRenderer', 'DetailRenderer');
INSERT INTO CNT_HISTORY_DEF_ITEM
 (ID, REVISION, ENTITY_VERSION, DOMAIN_ID, PARENT_ID, LINE_NO, FIELD_ID, TRACKING_LEVEL, PATH_RENDERER_CLASS, DETAIL_RENDERER_CLASS)
VALUES ('b512683b37a44a33b1d18248cb8c0d8e', 0, 1, '/', '8e5657e91a77448d8233f21b47039cf1', '45', 'custCodelist7', 1, 'PathRenderer', 'DetailRenderer');
INSERT INTO CNT_HISTORY_DEF_ITEM
 (ID, REVISION, ENTITY_VERSION, DOMAIN_ID, PARENT_ID, LINE_NO, FIELD_ID, TRACKING_LEVEL, PATH_RENDERER_CLASS, DETAIL_RENDERER_CLASS)
VALUES ('9f372064dd084e1a8bc15430d63f3d58', 0, 1, '/', '8e5657e91a77448d8233f21b47039cf1', '46', 'custMemoText1', 1, 'PathRenderer', 'DetailRenderer');
INSERT INTO CNT_HISTORY_DEF_ITEM
 (ID, REVISION, ENTITY_VERSION, DOMAIN_ID, PARENT_ID, LINE_NO, FIELD_ID, TRACKING_LEVEL, PATH_RENDERER_CLASS, DETAIL_RENDERER_CLASS)
VALUES ('f93ca3285c934631b598c38d25e5c03b', 0, 1, '/', '8e5657e91a77448d8233f21b47039cf1', '47', 'custMemoText2', 1, 'PathRenderer', 'DetailRenderer');
INSERT INTO CNT_HISTORY_DEF_ITEM
 (ID, REVISION, ENTITY_VERSION, DOMAIN_ID, PARENT_ID, LINE_NO, FIELD_ID, TRACKING_LEVEL, PATH_RENDERER_CLASS, DETAIL_RENDERER_CLASS)
VALUES ('68028874bedc434f9fd64b11f8f2d758', 0, 1, '/', '8e5657e91a77448d8233f21b47039cf1', '48', 'custMemoText3', 1, 'PathRenderer', 'DetailRenderer');
INSERT INTO CNT_HISTORY_DEF_ITEM
 (ID, REVISION, ENTITY_VERSION, DOMAIN_ID, PARENT_ID, LINE_NO, FIELD_ID, TRACKING_LEVEL, PATH_RENDERER_CLASS, DETAIL_RENDERER_CLASS)
VALUES ('ceb74aac71514e3a9e57bfce92ed5b3f', 0, 1, '/', '8e5657e91a77448d8233f21b47039cf1', '49', 'custMemoText4', 1, 'PathRenderer', 'DetailRenderer');
INSERT INTO CNT_HISTORY_DEF_ITEM
 (ID, REVISION, ENTITY_VERSION, DOMAIN_ID, PARENT_ID, LINE_NO, FIELD_ID, TRACKING_LEVEL, PATH_RENDERER_CLASS, DETAIL_RENDERER_CLASS)
VALUES ('5e96ca219cc149828c5625e07d06f30a', 0, 1, '/', '8e5657e91a77448d8233f21b47039cf1', '50', 'custMemoText5', 1, 'PathRenderer', 'DetailRenderer');
INSERT INTO CNT_HISTORY_DEF_ITEM
 (ID, REVISION, ENTITY_VERSION, DOMAIN_ID, PARENT_ID, LINE_NO, FIELD_ID, TRACKING_LEVEL, PATH_RENDERER_CLASS, DETAIL_RENDERER_CLASS)
VALUES ('425d87a7919649a990a0a543e29bf456', 0, 1, '/', '8e5657e91a77448d8233f21b47039cf1', '51', 'custMemoText6', 1, 'PathRenderer', 'DetailRenderer');
INSERT INTO CNT_HISTORY_DEF_ITEM
 (ID, REVISION, ENTITY_VERSION, DOMAIN_ID, PARENT_ID, LINE_NO, FIELD_ID, TRACKING_LEVEL, PATH_RENDERER_CLASS, DETAIL_RENDERER_CLASS)
VALUES ('e443edf60ece4568beeb14dadbf562f7', 0, 1, '/', '8e5657e91a77448d8233f21b47039cf1', '52', 'custMemoText7', 1, 'PathRenderer', 'DetailRenderer');
INSERT INTO CNT_HISTORY_DEF_ITEM
 (ID, REVISION, ENTITY_VERSION, DOMAIN_ID, PARENT_ID, LINE_NO, FIELD_ID, TRACKING_LEVEL, PATH_RENDERER_CLASS, DETAIL_RENDERER_CLASS)
VALUES ('71b21e12e7b441819f5ce02ba8de753e', 0, 1, '/', '8e5657e91a77448d8233f21b47039cf1', '53', 'custHcl1', 1, 'PathRenderer', 'DetailRenderer');
INSERT INTO CNT_HISTORY_DEF_ITEM
 (ID, REVISION, ENTITY_VERSION, DOMAIN_ID, PARENT_ID, LINE_NO, FIELD_ID, TRACKING_LEVEL, PATH_RENDERER_CLASS, DETAIL_RENDERER_CLASS)
VALUES ('68441bd925ef449b8b61f610d3dd3575', 0, 1, '/', '8e5657e91a77448d8233f21b47039cf1', '54', 'custHcl2', 1, 'PathRenderer', 'DetailRenderer');
INSERT INTO CNT_HISTORY_DEF_ITEM
 (ID, REVISION, ENTITY_VERSION, DOMAIN_ID, PARENT_ID, LINE_NO, FIELD_ID, TRACKING_LEVEL, PATH_RENDERER_CLASS, DETAIL_RENDERER_CLASS)
VALUES ('29595650774c44f1a1245246f8b2f32c', 0, 1, '/', '8e5657e91a77448d8233f21b47039cf1', '55', 'custHcl3', 1, 'PathRenderer', 'DetailRenderer');
INSERT INTO CNT_HISTORY_DEF_ITEM
 (ID, REVISION, ENTITY_VERSION, DOMAIN_ID, PARENT_ID, LINE_NO, FIELD_ID, TRACKING_LEVEL, PATH_RENDERER_CLASS, DETAIL_RENDERER_CLASS)
VALUES ('5bff11337de541dfb18b763438c4d538', 0, 1, '/', '8e5657e91a77448d8233f21b47039cf1', '56', 'custHcl4', 1, 'PathRenderer', 'DetailRenderer');
INSERT INTO CNT_HISTORY_DEF_ITEM
 (ID, REVISION, ENTITY_VERSION, DOMAIN_ID, PARENT_ID, LINE_NO, FIELD_ID, TRACKING_LEVEL, PATH_RENDERER_CLASS, DETAIL_RENDERER_CLASS)
VALUES ('d62ad3a9e01849e191a4f6138cd4d5ea', 0, 1, '/', '8e5657e91a77448d8233f21b47039cf1', '57', 'custHcl5', 1, 'PathRenderer', 'DetailRenderer');
INSERT INTO CNT_HISTORY_DEF_ITEM
 (ID, REVISION, ENTITY_VERSION, DOMAIN_ID, PARENT_ID, LINE_NO, FIELD_ID, TRACKING_LEVEL, PATH_RENDERER_CLASS, DETAIL_RENDERER_CLASS)
VALUES ('64ca208730964ab6985ae6e30db2ed88', 0, 1, '/', '8e5657e91a77448d8233f21b47039cf1', '58', 'vendorRef', 0, 'PathRenderer', 'DetailRenderer');
INSERT INTO CNT_HISTORY_DEF_ITEM
 (ID, REVISION, ENTITY_VERSION, DOMAIN_ID, PARENT_ID, LINE_NO, FIELD_ID, TRACKING_LEVEL, PATH_RENDERER_CLASS, DETAIL_RENDERER_CLASS)
VALUES ('ed0a0363742a4d4d9f09d6802e378737', 0, 1, '/', '8e5657e91a77448d8233f21b47039cf1', '59', 'vendorVer', 0, 'PathRenderer', 'DetailRenderer');
INSERT INTO CNT_HISTORY_DEF_ITEM
 (ID, REVISION, ENTITY_VERSION, DOMAIN_ID, PARENT_ID, LINE_NO, FIELD_ID, TRACKING_LEVEL, PATH_RENDERER_CLASS, DETAIL_RENDERER_CLASS)
VALUES ('ecc88bc056184e5a812f6ecc2c0becec', 0, 1, '/', '8e5657e91a77448d8233f21b47039cf1', '60', 'statusName', 0, 'PathRenderer', 'DetailRenderer');
INSERT INTO CNT_HISTORY_DEF_ITEM
 (ID, REVISION, ENTITY_VERSION, DOMAIN_ID, PARENT_ID, LINE_NO, FIELD_ID, TRACKING_LEVEL, PATH_RENDERER_CLASS, DETAIL_RENDERER_CLASS)
VALUES ('b111791e96bb406c867214021d1a36f7', 0, 1, '/', '8e5657e91a77448d8233f21b47039cf1', '61', 'custCodelist1Name', 0, 'PathRenderer', 'DetailRenderer');
INSERT INTO CNT_HISTORY_DEF_ITEM
 (ID, REVISION, ENTITY_VERSION, DOMAIN_ID, PARENT_ID, LINE_NO, FIELD_ID, TRACKING_LEVEL, PATH_RENDERER_CLASS, DETAIL_RENDERER_CLASS)
VALUES ('439276d1364f42d7b22222bf56fd07b7', 0, 1, '/', '8e5657e91a77448d8233f21b47039cf1', '62', 'custCodelist2Name', 0, 'PathRenderer', 'DetailRenderer');
INSERT INTO CNT_HISTORY_DEF_ITEM
 (ID, REVISION, ENTITY_VERSION, DOMAIN_ID, PARENT_ID, LINE_NO, FIELD_ID, TRACKING_LEVEL, PATH_RENDERER_CLASS, DETAIL_RENDERER_CLASS)
VALUES ('e3eb37f7a0594362a38cabe9e8a435d6', 0, 1, '/', '8e5657e91a77448d8233f21b47039cf1', '63', 'custCodelist3Name', 0, 'PathRenderer', 'DetailRenderer');
INSERT INTO CNT_HISTORY_DEF_ITEM
 (ID, REVISION, ENTITY_VERSION, DOMAIN_ID, PARENT_ID, LINE_NO, FIELD_ID, TRACKING_LEVEL, PATH_RENDERER_CLASS, DETAIL_RENDERER_CLASS)
VALUES ('b2cc88a1b02242518074cc0088d0f1f5', 0, 1, '/', '8e5657e91a77448d8233f21b47039cf1', '64', 'custCodelist4Name', 0, 'PathRenderer', 'DetailRenderer');
INSERT INTO CNT_HISTORY_DEF_ITEM
 (ID, REVISION, ENTITY_VERSION, DOMAIN_ID, PARENT_ID, LINE_NO, FIELD_ID, TRACKING_LEVEL, PATH_RENDERER_CLASS, DETAIL_RENDERER_CLASS)
VALUES ('5f601f3313d04e36b1ab19a63584b442', 0, 1, '/', '8e5657e91a77448d8233f21b47039cf1', '65', 'custCodelist5Name', 0, 'PathRenderer', 'DetailRenderer');
INSERT INTO CNT_HISTORY_DEF_ITEM
 (ID, REVISION, ENTITY_VERSION, DOMAIN_ID, PARENT_ID, LINE_NO, FIELD_ID, TRACKING_LEVEL, PATH_RENDERER_CLASS, DETAIL_RENDERER_CLASS)
VALUES ('c35b35d37df0496cbed5d1b6ef8f28c8', 0, 1, '/', '8e5657e91a77448d8233f21b47039cf1', '66', 'custCodelist6Name', 0, 'PathRenderer', 'DetailRenderer');
INSERT INTO CNT_HISTORY_DEF_ITEM
 (ID, REVISION, ENTITY_VERSION, DOMAIN_ID, PARENT_ID, LINE_NO, FIELD_ID, TRACKING_LEVEL, PATH_RENDERER_CLASS, DETAIL_RENDERER_CLASS)
VALUES ('11abc4e84ff44428af6006171f0b81be', 0, 1, '/', '8e5657e91a77448d8233f21b47039cf1', '67', 'custCodelist7Name', 0, 'PathRenderer', 'DetailRenderer');
INSERT INTO CNT_HISTORY_DEF_ITEM
 (ID, REVISION, ENTITY_VERSION, DOMAIN_ID, PARENT_ID, LINE_NO, FIELD_ID, TRACKING_LEVEL, PATH_RENDERER_CLASS, DETAIL_RENDERER_CLASS)
VALUES ('d000583a6a3242eb9e60e7d41c79f630', 0, 1, '/', '8e5657e91a77448d8233f21b47039cf1', '68', 'custHcl1Ref', 0, 'PathRenderer', 'DetailRenderer');
INSERT INTO CNT_HISTORY_DEF_ITEM
 (ID, REVISION, ENTITY_VERSION, DOMAIN_ID, PARENT_ID, LINE_NO, FIELD_ID, TRACKING_LEVEL, PATH_RENDERER_CLASS, DETAIL_RENDERER_CLASS)
VALUES ('744227b15cd944019f36239b63d488ca', 0, 1, '/', '8e5657e91a77448d8233f21b47039cf1', '69', 'custHcl1Ver', 0, 'PathRenderer', 'DetailRenderer');
INSERT INTO CNT_HISTORY_DEF_ITEM
 (ID, REVISION, ENTITY_VERSION, DOMAIN_ID, PARENT_ID, LINE_NO, FIELD_ID, TRACKING_LEVEL, PATH_RENDERER_CLASS, DETAIL_RENDERER_CLASS)
VALUES ('baa0eaf1e6714ec99f427332af2e5e84', 0, 1, '/', '8e5657e91a77448d8233f21b47039cf1', '70', 'custHcl1Ref2', 0, 'PathRenderer', 'DetailRenderer');
INSERT INTO CNT_HISTORY_DEF_ITEM
 (ID, REVISION, ENTITY_VERSION, DOMAIN_ID, PARENT_ID, LINE_NO, FIELD_ID, TRACKING_LEVEL, PATH_RENDERER_CLASS, DETAIL_RENDERER_CLASS)
VALUES ('6da99e3662354a209d7c8f82bc42f496', 0, 1, '/', '8e5657e91a77448d8233f21b47039cf1', '71', 'custHcl1FullLineage', 0, 'PathRenderer', 'DetailRenderer');
INSERT INTO CNT_HISTORY_DEF_ITEM
 (ID, REVISION, ENTITY_VERSION, DOMAIN_ID, PARENT_ID, LINE_NO, FIELD_ID, TRACKING_LEVEL, PATH_RENDERER_CLASS, DETAIL_RENDERER_CLASS)
VALUES ('9cff6da11d68405fa8102de0ca6f22ef', 0, 1, '/', '8e5657e91a77448d8233f21b47039cf1', '72', 'custHcl2Ref', 0, 'PathRenderer', 'DetailRenderer');
INSERT INTO CNT_HISTORY_DEF_ITEM
 (ID, REVISION, ENTITY_VERSION, DOMAIN_ID, PARENT_ID, LINE_NO, FIELD_ID, TRACKING_LEVEL, PATH_RENDERER_CLASS, DETAIL_RENDERER_CLASS)
VALUES ('039c10c6105844de992d3498d805ddfd', 0, 1, '/', '8e5657e91a77448d8233f21b47039cf1', '73', 'custHcl2Ver', 0, 'PathRenderer', 'DetailRenderer');
INSERT INTO CNT_HISTORY_DEF_ITEM
 (ID, REVISION, ENTITY_VERSION, DOMAIN_ID, PARENT_ID, LINE_NO, FIELD_ID, TRACKING_LEVEL, PATH_RENDERER_CLASS, DETAIL_RENDERER_CLASS)
VALUES ('1bf9d7206d6b4746bfa1376bbfe216b2', 0, 1, '/', '8e5657e91a77448d8233f21b47039cf1', '74', 'custHcl2Ref2', 0, 'PathRenderer', 'DetailRenderer');
INSERT INTO CNT_HISTORY_DEF_ITEM
 (ID, REVISION, ENTITY_VERSION, DOMAIN_ID, PARENT_ID, LINE_NO, FIELD_ID, TRACKING_LEVEL, PATH_RENDERER_CLASS, DETAIL_RENDERER_CLASS)
VALUES ('793867d11d0a4c9c85fc39574ce3f7c6', 0, 1, '/', '8e5657e91a77448d8233f21b47039cf1', '75', 'custHcl2FullLineage', 0, 'PathRenderer', 'DetailRenderer');
INSERT INTO CNT_HISTORY_DEF_ITEM
 (ID, REVISION, ENTITY_VERSION, DOMAIN_ID, PARENT_ID, LINE_NO, FIELD_ID, TRACKING_LEVEL, PATH_RENDERER_CLASS, DETAIL_RENDERER_CLASS)
VALUES ('72efcb3b4248415fbd64a317a69ac95a', 0, 1, '/', '8e5657e91a77448d8233f21b47039cf1', '76', 'custHcl3Ref', 0, 'PathRenderer', 'DetailRenderer');
INSERT INTO CNT_HISTORY_DEF_ITEM
 (ID, REVISION, ENTITY_VERSION, DOMAIN_ID, PARENT_ID, LINE_NO, FIELD_ID, TRACKING_LEVEL, PATH_RENDERER_CLASS, DETAIL_RENDERER_CLASS)
VALUES ('c6dba7238b0d4a6c9473d0eaeb5c08a7', 0, 1, '/', '8e5657e91a77448d8233f21b47039cf1', '77', 'custHcl3Ver', 0, 'PathRenderer', 'DetailRenderer');
INSERT INTO CNT_HISTORY_DEF_ITEM
 (ID, REVISION, ENTITY_VERSION, DOMAIN_ID, PARENT_ID, LINE_NO, FIELD_ID, TRACKING_LEVEL, PATH_RENDERER_CLASS, DETAIL_RENDERER_CLASS)
VALUES ('0570399601734e6685093573aad01590', 0, 1, '/', '8e5657e91a77448d8233f21b47039cf1', '78', 'custHcl3Ref2', 0, 'PathRenderer', 'DetailRenderer');
INSERT INTO CNT_HISTORY_DEF_ITEM
 (ID, REVISION, ENTITY_VERSION, DOMAIN_ID, PARENT_ID, LINE_NO, FIELD_ID, TRACKING_LEVEL, PATH_RENDERER_CLASS, DETAIL_RENDERER_CLASS)
VALUES ('c848d174f77445ed9171c50e4533ea4c', 0, 1, '/', '8e5657e91a77448d8233f21b47039cf1', '79', 'custHcl3FullLineage', 0, 'PathRenderer', 'DetailRenderer');
INSERT INTO CNT_HISTORY_DEF_ITEM
 (ID, REVISION, ENTITY_VERSION, DOMAIN_ID, PARENT_ID, LINE_NO, FIELD_ID, TRACKING_LEVEL, PATH_RENDERER_CLASS, DETAIL_RENDERER_CLASS)
VALUES ('0175a022a11e4a83a3c787999139c046', 0, 1, '/', '8e5657e91a77448d8233f21b47039cf1', '80', 'custHcl4Ref', 0, 'PathRenderer', 'DetailRenderer');
INSERT INTO CNT_HISTORY_DEF_ITEM
 (ID, REVISION, ENTITY_VERSION, DOMAIN_ID, PARENT_ID, LINE_NO, FIELD_ID, TRACKING_LEVEL, PATH_RENDERER_CLASS, DETAIL_RENDERER_CLASS)
VALUES ('af886a71e63248fdb2b18a8860e6bf33', 0, 1, '/', '8e5657e91a77448d8233f21b47039cf1', '81', 'custHcl4Ver', 0, 'PathRenderer', 'DetailRenderer');
INSERT INTO CNT_HISTORY_DEF_ITEM
 (ID, REVISION, ENTITY_VERSION, DOMAIN_ID, PARENT_ID, LINE_NO, FIELD_ID, TRACKING_LEVEL, PATH_RENDERER_CLASS, DETAIL_RENDERER_CLASS)
VALUES ('d2044a126e8e432caee417843fd15856', 0, 1, '/', '8e5657e91a77448d8233f21b47039cf1', '82', 'custHcl4Ref2', 0, 'PathRenderer', 'DetailRenderer');
INSERT INTO CNT_HISTORY_DEF_ITEM
 (ID, REVISION, ENTITY_VERSION, DOMAIN_ID, PARENT_ID, LINE_NO, FIELD_ID, TRACKING_LEVEL, PATH_RENDERER_CLASS, DETAIL_RENDERER_CLASS)
VALUES ('31837360dbdd4e91a0ab12a2a34bfddb', 0, 1, '/', '8e5657e91a77448d8233f21b47039cf1', '83', 'custHcl4FullLineage', 0, 'PathRenderer', 'DetailRenderer');
INSERT INTO CNT_HISTORY_DEF_ITEM
 (ID, REVISION, ENTITY_VERSION, DOMAIN_ID, PARENT_ID, LINE_NO, FIELD_ID, TRACKING_LEVEL, PATH_RENDERER_CLASS, DETAIL_RENDERER_CLASS)
VALUES ('1e12e1721b6846f191e9ee7406f851d0', 0, 1, '/', '8e5657e91a77448d8233f21b47039cf1', '84', 'custHcl5Ref', 0, 'PathRenderer', 'DetailRenderer');
INSERT INTO CNT_HISTORY_DEF_ITEM
 (ID, REVISION, ENTITY_VERSION, DOMAIN_ID, PARENT_ID, LINE_NO, FIELD_ID, TRACKING_LEVEL, PATH_RENDERER_CLASS, DETAIL_RENDERER_CLASS)
VALUES ('784edaf9a5044115ab05c5422f9abc8a', 0, 1, '/', '8e5657e91a77448d8233f21b47039cf1', '85', 'custHcl5Ver', 0, 'PathRenderer', 'DetailRenderer');
INSERT INTO CNT_HISTORY_DEF_ITEM
 (ID, REVISION, ENTITY_VERSION, DOMAIN_ID, PARENT_ID, LINE_NO, FIELD_ID, TRACKING_LEVEL, PATH_RENDERER_CLASS, DETAIL_RENDERER_CLASS)
VALUES ('c16fa154b5fe4ae8b4366431af98ab76', 0, 1, '/', '8e5657e91a77448d8233f21b47039cf1', '86', 'custHcl5Ref2', 0, 'PathRenderer', 'DetailRenderer');
INSERT INTO CNT_HISTORY_DEF_ITEM
 (ID, REVISION, ENTITY_VERSION, DOMAIN_ID, PARENT_ID, LINE_NO, FIELD_ID, TRACKING_LEVEL, PATH_RENDERER_CLASS, DETAIL_RENDERER_CLASS)
VALUES ('a88088fdd4a64906aefa17c6c59c30f8', 0, 1, '/', '8e5657e91a77448d8233f21b47039cf1', '87', 'custHcl5FullLineage', 0, 'PathRenderer', 'DetailRenderer');
INSERT INTO CNT_HISTORY_DEF
 (ID, REVISION, APPLY_ENTITY, ENTITY_VERSION, DOMAIN_ID , GENERATED, CREATE_USER, CREATE_USER_NAME, CREATED_ON)
VALUES ('eb6878409bc3439a9364e4b8c99b9d90', 0, 'Brief', 1, '/', 1, 'system', 'system', systimestamp);
INSERT INTO CNT_HISTORY_DEF_ITEM
 (ID, REVISION, ENTITY_VERSION, DOMAIN_ID, PARENT_ID, LINE_NO, FIELD_ID, TRACKING_LEVEL, PATH_RENDERER_CLASS, DETAIL_RENDERER_CLASS)
VALUES ('0ce8218073674da68f3fd5f0dae7522b', 0, 1, '/', 'eb6878409bc3439a9364e4b8c99b9d90', '0', 'id', 1, 'PathRenderer', 'DetailRenderer');
INSERT INTO CNT_HISTORY_DEF_ITEM
 (ID, REVISION, ENTITY_VERSION, DOMAIN_ID, PARENT_ID, LINE_NO, FIELD_ID, TRACKING_LEVEL, PATH_RENDERER_CLASS, DETAIL_RENDERER_CLASS)
VALUES ('01313e87ceb24f27ae510669a784c7a7', 0, 1, '/', 'eb6878409bc3439a9364e4b8c99b9d90', '1', 'revision', 1, 'PathRenderer', 'DetailRenderer');
INSERT INTO CNT_HISTORY_DEF_ITEM
 (ID, REVISION, ENTITY_VERSION, DOMAIN_ID, PARENT_ID, LINE_NO, FIELD_ID, TRACKING_LEVEL, PATH_RENDERER_CLASS, DETAIL_RENDERER_CLASS)
VALUES ('fa3e429618904fd0b4cef1f7063f076f', 0, 1, '/', 'eb6878409bc3439a9364e4b8c99b9d90', '2', 'entityVersion', 1, 'PathRenderer', 'DetailRenderer');
INSERT INTO CNT_HISTORY_DEF_ITEM
 (ID, REVISION, ENTITY_VERSION, DOMAIN_ID, PARENT_ID, LINE_NO, FIELD_ID, TRACKING_LEVEL, PATH_RENDERER_CLASS, DETAIL_RENDERER_CLASS)
VALUES ('adf9ef7fbaf64946a62b360964c9903d', 0, 1, '/', 'eb6878409bc3439a9364e4b8c99b9d90', '3', 'domainId', 1, 'PathRenderer', 'DetailRenderer');
INSERT INTO CNT_HISTORY_DEF_ITEM
 (ID, REVISION, ENTITY_VERSION, DOMAIN_ID, PARENT_ID, LINE_NO, FIELD_ID, TRACKING_LEVEL, PATH_RENDERER_CLASS, DETAIL_RENDERER_CLASS)
VALUES ('e2dcd879e601459bb5755deacda0ef34', 0, 1, '/', 'eb6878409bc3439a9364e4b8c99b9d90', '4', 'hubDomainId', 1, 'PathRenderer', 'DetailRenderer');
INSERT INTO CNT_HISTORY_DEF_ITEM
 (ID, REVISION, ENTITY_VERSION, DOMAIN_ID, PARENT_ID, LINE_NO, FIELD_ID, TRACKING_LEVEL, PATH_RENDERER_CLASS, DETAIL_RENDERER_CLASS)
VALUES ('e4597e6a5bfe40be9e1fb1b1333abc28', 0, 1, '/', 'eb6878409bc3439a9364e4b8c99b9d90', '5', 'isForReference', 1, 'PathRenderer', 'DetailRenderer');
INSERT INTO CNT_HISTORY_DEF_ITEM
 (ID, REVISION, ENTITY_VERSION, DOMAIN_ID, PARENT_ID, LINE_NO, FIELD_ID, TRACKING_LEVEL, PATH_RENDERER_CLASS, DETAIL_RENDERER_CLASS)
VALUES ('8dcc56b950cf4324835418bfab1ab373', 0, 1, '/', 'eb6878409bc3439a9364e4b8c99b9d90', '6', 'version', 1, 'PathRenderer', 'DetailRenderer');
INSERT INTO CNT_HISTORY_DEF_ITEM
 (ID, REVISION, ENTITY_VERSION, DOMAIN_ID, PARENT_ID, LINE_NO, FIELD_ID, TRACKING_LEVEL, PATH_RENDERER_CLASS, DETAIL_RENDERER_CLASS)
VALUES ('24d16093f5a244aba00f78f6355145d5', 0, 1, '/', 'eb6878409bc3439a9364e4b8c99b9d90', '7', 'status', 1, 'PathRenderer', 'DetailRenderer');
INSERT INTO CNT_HISTORY_DEF_ITEM
 (ID, REVISION, ENTITY_VERSION, DOMAIN_ID, PARENT_ID, LINE_NO, FIELD_ID, TRACKING_LEVEL, PATH_RENDERER_CLASS, DETAIL_RENDERER_CLASS)
VALUES ('9e2a5a4315c8465e8e34fa6448597103', 0, 1, '/', 'eb6878409bc3439a9364e4b8c99b9d90', '8', 'docStatus', 1, 'PathRenderer', 'DetailRenderer');
INSERT INTO CNT_HISTORY_DEF_ITEM
 (ID, REVISION, ENTITY_VERSION, DOMAIN_ID, PARENT_ID, LINE_NO, FIELD_ID, TRACKING_LEVEL, PATH_RENDERER_CLASS, DETAIL_RENDERER_CLASS)
VALUES ('7a4d8633852e408a84bde5c2bb26c0db', 0, 1, '/', 'eb6878409bc3439a9364e4b8c99b9d90', '9', 'editingStatus', 1, 'PathRenderer', 'DetailRenderer');
INSERT INTO CNT_HISTORY_DEF_ITEM
 (ID, REVISION, ENTITY_VERSION, DOMAIN_ID, PARENT_ID, LINE_NO, FIELD_ID, TRACKING_LEVEL, PATH_RENDERER_CLASS, DETAIL_RENDERER_CLASS)
VALUES ('7cbd199564ce4854a4ddafc23fc9dadd', 0, 1, '/', 'eb6878409bc3439a9364e4b8c99b9d90', '10', 'createUser', 1, 'PathRenderer', 'DetailRenderer');
INSERT INTO CNT_HISTORY_DEF_ITEM
 (ID, REVISION, ENTITY_VERSION, DOMAIN_ID, PARENT_ID, LINE_NO, FIELD_ID, TRACKING_LEVEL, PATH_RENDERER_CLASS, DETAIL_RENDERER_CLASS)
VALUES ('b87be6a4d8b44bcd946ebfcfd4709589', 0, 1, '/', 'eb6878409bc3439a9364e4b8c99b9d90', '11', 'createUserName', 1, 'PathRenderer', 'DetailRenderer');
INSERT INTO CNT_HISTORY_DEF_ITEM
 (ID, REVISION, ENTITY_VERSION, DOMAIN_ID, PARENT_ID, LINE_NO, FIELD_ID, TRACKING_LEVEL, PATH_RENDERER_CLASS, DETAIL_RENDERER_CLASS)
VALUES ('170fb0a7a9cc4af4b1b157ab615883ec', 0, 1, '/', 'eb6878409bc3439a9364e4b8c99b9d90', '12', 'updateUser', 1, 'PathRenderer', 'DetailRenderer');
INSERT INTO CNT_HISTORY_DEF_ITEM
 (ID, REVISION, ENTITY_VERSION, DOMAIN_ID, PARENT_ID, LINE_NO, FIELD_ID, TRACKING_LEVEL, PATH_RENDERER_CLASS, DETAIL_RENDERER_CLASS)
VALUES ('2459470802ad45d3a4d39dd85d47cbb6', 0, 1, '/', 'eb6878409bc3439a9364e4b8c99b9d90', '13', 'updateUserName', 1, 'PathRenderer', 'DetailRenderer');
INSERT INTO CNT_HISTORY_DEF_ITEM
 (ID, REVISION, ENTITY_VERSION, DOMAIN_ID, PARENT_ID, LINE_NO, FIELD_ID, TRACKING_LEVEL, PATH_RENDERER_CLASS, DETAIL_RENDERER_CLASS)
VALUES ('d4ac1e73982047ffb3d8d725f0e90584', 0, 1, '/', 'eb6878409bc3439a9364e4b8c99b9d90', '14', 'createdOn', 1, 'PathRenderer', 'DetailRenderer');
INSERT INTO CNT_HISTORY_DEF_ITEM
 (ID, REVISION, ENTITY_VERSION, DOMAIN_ID, PARENT_ID, LINE_NO, FIELD_ID, TRACKING_LEVEL, PATH_RENDERER_CLASS, DETAIL_RENDERER_CLASS)
VALUES ('c59f6ece5a384bc8bb07f9bb37b5f7f3', 0, 1, '/', 'eb6878409bc3439a9364e4b8c99b9d90', '15', 'updatedOn', 1, 'PathRenderer', 'DetailRenderer');
INSERT INTO CNT_HISTORY_DEF_ITEM
 (ID, REVISION, ENTITY_VERSION, DOMAIN_ID, PARENT_ID, LINE_NO, FIELD_ID, TRACKING_LEVEL, PATH_RENDERER_CLASS, DETAIL_RENDERER_CLASS)
VALUES ('7df0dcccb1ae4f59883af35d02758a5b', 0, 1, '/', 'eb6878409bc3439a9364e4b8c99b9d90', '16', 'integrationSource', 1, 'PathRenderer', 'DetailRenderer');
INSERT INTO CNT_HISTORY_DEF_ITEM
 (ID, REVISION, ENTITY_VERSION, DOMAIN_ID, PARENT_ID, LINE_NO, FIELD_ID, TRACKING_LEVEL, PATH_RENDERER_CLASS, DETAIL_RENDERER_CLASS)
VALUES ('23beb1f96cd348189e55bdfa82a887cd', 0, 1, '/', 'eb6878409bc3439a9364e4b8c99b9d90', '17', 'integrationStatus', 1, 'PathRenderer', 'DetailRenderer');
INSERT INTO CNT_HISTORY_DEF_ITEM
 (ID, REVISION, ENTITY_VERSION, DOMAIN_ID, PARENT_ID, LINE_NO, FIELD_ID, TRACKING_LEVEL, PATH_RENDERER_CLASS, DETAIL_RENDERER_CLASS)
VALUES ('110520d41b894a95abf6f1ab1d13319b', 0, 1, '/', 'eb6878409bc3439a9364e4b8c99b9d90', '18', 'integrationNote', 1, 'PathRenderer', 'DetailRenderer');
INSERT INTO CNT_HISTORY_DEF_ITEM
 (ID, REVISION, ENTITY_VERSION, DOMAIN_ID, PARENT_ID, LINE_NO, FIELD_ID, TRACKING_LEVEL, PATH_RENDERER_CLASS, DETAIL_RENDERER_CLASS)
VALUES ('abc89785c5954636b60b7d702dfdcff5', 0, 1, '/', 'eb6878409bc3439a9364e4b8c99b9d90', '19', 'isCpmInitialized', 1, 'PathRenderer', 'DetailRenderer');
INSERT INTO CNT_HISTORY_DEF_ITEM
 (ID, REVISION, ENTITY_VERSION, DOMAIN_ID, PARENT_ID, LINE_NO, FIELD_ID, TRACKING_LEVEL, PATH_RENDERER_CLASS, DETAIL_RENDERER_CLASS)
VALUES ('ce23825281ae483585e870b1d057fd2b', 0, 1, '/', 'eb6878409bc3439a9364e4b8c99b9d90', '20', 'isLatest', 1, 'PathRenderer', 'DetailRenderer');
INSERT INTO CNT_HISTORY_DEF_ITEM
 (ID, REVISION, ENTITY_VERSION, DOMAIN_ID, PARENT_ID, LINE_NO, FIELD_ID, TRACKING_LEVEL, PATH_RENDERER_CLASS, DETAIL_RENDERER_CLASS)
VALUES ('467589a5471d4884b0fdbadcfc5f6545', 0, 1, '/', 'eb6878409bc3439a9364e4b8c99b9d90', '21', 'briefNo', 2, 'PathRenderer', 'DetailRenderer');
INSERT INTO CNT_HISTORY_DEF_ITEM
 (ID, REVISION, ENTITY_VERSION, DOMAIN_ID, PARENT_ID, LINE_NO, FIELD_ID, TRACKING_LEVEL, PATH_RENDERER_CLASS, DETAIL_RENDERER_CLASS)
VALUES ('ab1d4f56d1ad4212829245d07b8c012f', 0, 1, '/', 'eb6878409bc3439a9364e4b8c99b9d90', '22', 'remarks', 1, 'PathRenderer', 'DetailRenderer');
INSERT INTO CNT_HISTORY_DEF_ITEM
 (ID, REVISION, ENTITY_VERSION, DOMAIN_ID, PARENT_ID, LINE_NO, FIELD_ID, TRACKING_LEVEL, PATH_RENDERER_CLASS, DETAIL_RENDERER_CLASS)
VALUES ('e854599f32c842e99b37ad4ac36381a3', 0, 1, '/', 'eb6878409bc3439a9364e4b8c99b9d90', '23', 'isDefaultItem', 2, 'PathRenderer', 'DetailRenderer');
INSERT INTO CNT_HISTORY_DEF_ITEM
 (ID, REVISION, ENTITY_VERSION, DOMAIN_ID, PARENT_ID, LINE_NO, FIELD_ID, TRACKING_LEVEL, PATH_RENDERER_CLASS, DETAIL_RENDERER_CLASS)
VALUES ('cff5634afd174349936a7284588ef072', 0, 1, '/', 'eb6878409bc3439a9364e4b8c99b9d90', '24', 'season', 2, 'PathRenderer', 'DetailRenderer');
INSERT INTO CNT_HISTORY_DEF_ITEM
 (ID, REVISION, ENTITY_VERSION, DOMAIN_ID, PARENT_ID, LINE_NO, FIELD_ID, TRACKING_LEVEL, PATH_RENDERER_CLASS, DETAIL_RENDERER_CLASS)
VALUES ('4a593c65a6f4473ba7267e601217588e', 0, 1, '/', 'eb6878409bc3439a9364e4b8c99b9d90', '25', 'trackStatus', 1, 'PathRenderer', 'DetailRenderer');
INSERT INTO CNT_HISTORY_DEF_ITEM
 (ID, REVISION, ENTITY_VERSION, DOMAIN_ID, PARENT_ID, LINE_NO, FIELD_ID, TRACKING_LEVEL, PATH_RENDERER_CLASS, DETAIL_RENDERER_CLASS)
VALUES ('3f3ba81074a741b3841bb680e0e0b542', 0, 1, '/', 'eb6878409bc3439a9364e4b8c99b9d90', '26', 'instructions', 1, 'PathRenderer', 'DetailRenderer');
INSERT INTO CNT_HISTORY_DEF_ITEM
 (ID, REVISION, ENTITY_VERSION, DOMAIN_ID, PARENT_ID, LINE_NO, FIELD_ID, TRACKING_LEVEL, PATH_RENDERER_CLASS, DETAIL_RENDERER_CLASS)
VALUES ('00f4c2a9218a463691d230fe6b4ec8a4', 0, 1, '/', 'eb6878409bc3439a9364e4b8c99b9d90', '27', 'fileId', 1, 'PathRenderer', 'DetailRenderer');
INSERT INTO CNT_HISTORY_DEF_ITEM
 (ID, REVISION, ENTITY_VERSION, DOMAIN_ID, PARENT_ID, LINE_NO, FIELD_ID, TRACKING_LEVEL, PATH_RENDERER_CLASS, DETAIL_RENDERER_CLASS)
VALUES ('4728772e66f042a5a868a4b542e6dc96', 0, 1, '/', 'eb6878409bc3439a9364e4b8c99b9d90', '28', 'itemId', 2, 'PathRenderer', 'DetailRenderer');
INSERT INTO CNT_HISTORY_DEF_ITEM
 (ID, REVISION, ENTITY_VERSION, DOMAIN_ID, PARENT_ID, LINE_NO, FIELD_ID, TRACKING_LEVEL, PATH_RENDERER_CLASS, DETAIL_RENDERER_CLASS)
VALUES ('7a00d511fbab4069a19d2207f75b1994', 0, 1, '/', 'eb6878409bc3439a9364e4b8c99b9d90', '29', 'itemNo', 1, 'PathRenderer', 'DetailRenderer');
INSERT INTO CNT_HISTORY_DEF_ITEM
 (ID, REVISION, ENTITY_VERSION, DOMAIN_ID, PARENT_ID, LINE_NO, FIELD_ID, TRACKING_LEVEL, PATH_RENDERER_CLASS, DETAIL_RENDERER_CLASS)
VALUES ('b2275ec3db09486e9131596af234dbde', 0, 1, '/', 'eb6878409bc3439a9364e4b8c99b9d90', '30', 'newItemLabel', 1, 'PathRenderer', 'DetailRenderer');
INSERT INTO CNT_HISTORY_DEF_ITEM
 (ID, REVISION, ENTITY_VERSION, DOMAIN_ID, PARENT_ID, LINE_NO, FIELD_ID, TRACKING_LEVEL, PATH_RENDERER_CLASS, DETAIL_RENDERER_CLASS)
VALUES ('c8182fdad11342348b545a203022578e', 0, 1, '/', 'eb6878409bc3439a9364e4b8c99b9d90', '31', 'itemDesc', 2, 'PathRenderer', 'DetailRenderer');
INSERT INTO CNT_HISTORY_DEF_ITEM
 (ID, REVISION, ENTITY_VERSION, DOMAIN_ID, PARENT_ID, LINE_NO, FIELD_ID, TRACKING_LEVEL, PATH_RENDERER_CLASS, DETAIL_RENDERER_CLASS)
VALUES ('264e085f473f4f3c973544ebab36feec', 0, 1, '/', 'eb6878409bc3439a9364e4b8c99b9d90', '32', 'shortDesc', 1, 'PathRenderer', 'DetailRenderer');
INSERT INTO CNT_HISTORY_DEF_ITEM
 (ID, REVISION, ENTITY_VERSION, DOMAIN_ID, PARENT_ID, LINE_NO, FIELD_ID, TRACKING_LEVEL, PATH_RENDERER_CLASS, DETAIL_RENDERER_CLASS)
VALUES ('6e9f14702aa54fc3810fe7e447a2baca', 0, 1, '/', 'eb6878409bc3439a9364e4b8c99b9d90', '33', 'ffDueDate', 2, 'PathRenderer', 'DetailRenderer');
INSERT INTO CNT_HISTORY_DEF_ITEM
 (ID, REVISION, ENTITY_VERSION, DOMAIN_ID, PARENT_ID, LINE_NO, FIELD_ID, TRACKING_LEVEL, PATH_RENDERER_CLASS, DETAIL_RENDERER_CLASS)
VALUES ('91bbfaf0c948415ba0ac1f0dfb5270ae', 0, 1, '/', 'eb6878409bc3439a9364e4b8c99b9d90', '34', 'shipBeforeDate', 2, 'PathRenderer', 'DetailRenderer');
INSERT INTO CNT_HISTORY_DEF_ITEM
 (ID, REVISION, ENTITY_VERSION, DOMAIN_ID, PARENT_ID, LINE_NO, FIELD_ID, TRACKING_LEVEL, PATH_RENDERER_CLASS, DETAIL_RENDERER_CLASS)
VALUES ('dd4cca23da6748b1a44e61c0534f9ec2', 0, 1, '/', 'eb6878409bc3439a9364e4b8c99b9d90', '35', 'specId', 2, 'PathRenderer', 'DetailRenderer');
INSERT INTO CNT_HISTORY_DEF_ITEM
 (ID, REVISION, ENTITY_VERSION, DOMAIN_ID, PARENT_ID, LINE_NO, FIELD_ID, TRACKING_LEVEL, PATH_RENDERER_CLASS, DETAIL_RENDERER_CLASS)
VALUES ('66a521d4df304d649f97f2bf6f45beaa', 0, 1, '/', 'eb6878409bc3439a9364e4b8c99b9d90', '36', 'specVersion', 1, 'PathRenderer', 'DetailRenderer');
INSERT INTO CNT_HISTORY_DEF_ITEM
 (ID, REVISION, ENTITY_VERSION, DOMAIN_ID, PARENT_ID, LINE_NO, FIELD_ID, TRACKING_LEVEL, PATH_RENDERER_CLASS, DETAIL_RENDERER_CLASS)
VALUES ('dbfade162014479093830d8b73d890a4', 0, 1, '/', 'eb6878409bc3439a9364e4b8c99b9d90', '37', 'specSummary', 2, 'PathRenderer', 'DetailRenderer');
INSERT INTO CNT_HISTORY_DEF_ITEM
 (ID, REVISION, ENTITY_VERSION, DOMAIN_ID, PARENT_ID, LINE_NO, FIELD_ID, TRACKING_LEVEL, PATH_RENDERER_CLASS, DETAIL_RENDERER_CLASS)
VALUES ('ee35c6247cca49cdb8c9cbf50652834c', 0, 1, '/', 'eb6878409bc3439a9364e4b8c99b9d90', '38', 'shipDate', 2, 'PathRenderer', 'DetailRenderer');
INSERT INTO CNT_HISTORY_DEF_ITEM
 (ID, REVISION, ENTITY_VERSION, DOMAIN_ID, PARENT_ID, LINE_NO, FIELD_ID, TRACKING_LEVEL, PATH_RENDERER_CLASS, DETAIL_RENDERER_CLASS)
VALUES ('56f6c91499b94e7885e0559cc346dcdd', 0, 1, '/', 'eb6878409bc3439a9364e4b8c99b9d90', '39', 'dcDueDate', 2, 'PathRenderer', 'DetailRenderer');
INSERT INTO CNT_HISTORY_DEF_ITEM
 (ID, REVISION, ENTITY_VERSION, DOMAIN_ID, PARENT_ID, LINE_NO, FIELD_ID, TRACKING_LEVEL, PATH_RENDERER_CLASS, DETAIL_RENDERER_CLASS)
VALUES ('d9424f39932a49e4bca49b478818f8e3', 0, 1, '/', 'eb6878409bc3439a9364e4b8c99b9d90', '40', 'stockDate', 2, 'PathRenderer', 'DetailRenderer');
INSERT INTO CNT_HISTORY_DEF_ITEM
 (ID, REVISION, ENTITY_VERSION, DOMAIN_ID, PARENT_ID, LINE_NO, FIELD_ID, TRACKING_LEVEL, PATH_RENDERER_CLASS, DETAIL_RENDERER_CLASS)
VALUES ('e5082c58f9f444a895444d3098783fcc', 0, 1, '/', 'eb6878409bc3439a9364e4b8c99b9d90', '41', 'targetCurrency', 2, 'PathRenderer', 'DetailRenderer');
INSERT INTO CNT_HISTORY_DEF_ITEM
 (ID, REVISION, ENTITY_VERSION, DOMAIN_ID, PARENT_ID, LINE_NO, FIELD_ID, TRACKING_LEVEL, PATH_RENDERER_CLASS, DETAIL_RENDERER_CLASS)
VALUES ('dd42ff1860fa430aaca981ad67f142ac', 0, 1, '/', 'eb6878409bc3439a9364e4b8c99b9d90', '42', 'targetUnitCost', 2, 'PathRenderer', 'DetailRenderer');
INSERT INTO CNT_HISTORY_DEF_ITEM
 (ID, REVISION, ENTITY_VERSION, DOMAIN_ID, PARENT_ID, LINE_NO, FIELD_ID, TRACKING_LEVEL, PATH_RENDERER_CLASS, DETAIL_RENDERER_CLASS)
VALUES ('6db6774228f146389ff4334088950411', 0, 1, '/', 'eb6878409bc3439a9364e4b8c99b9d90', '43', 'targetOfferPrice', 2, 'PathRenderer', 'DetailRenderer');
INSERT INTO CNT_HISTORY_DEF_ITEM
 (ID, REVISION, ENTITY_VERSION, DOMAIN_ID, PARENT_ID, LINE_NO, FIELD_ID, TRACKING_LEVEL, PATH_RENDERER_CLASS, DETAIL_RENDERER_CLASS)
VALUES ('e1bfeded0ec74bc0818744e8b947c6e8', 0, 1, '/', 'eb6878409bc3439a9364e4b8c99b9d90', '44', 'elcCurrency', 2, 'PathRenderer', 'DetailRenderer');
INSERT INTO CNT_HISTORY_DEF_ITEM
 (ID, REVISION, ENTITY_VERSION, DOMAIN_ID, PARENT_ID, LINE_NO, FIELD_ID, TRACKING_LEVEL, PATH_RENDERER_CLASS, DETAIL_RENDERER_CLASS)
VALUES ('633af4ddd30b4a69a13462ada79314db', 0, 1, '/', 'eb6878409bc3439a9364e4b8c99b9d90', '45', 'exRate', 2, 'PathRenderer', 'DetailRenderer');
INSERT INTO CNT_HISTORY_DEF_ITEM
 (ID, REVISION, ENTITY_VERSION, DOMAIN_ID, PARENT_ID, LINE_NO, FIELD_ID, TRACKING_LEVEL, PATH_RENDERER_CLASS, DETAIL_RENDERER_CLASS)
VALUES ('39b07a7c372a4b5ca5b60a65c37de34e', 0, 1, '/', 'eb6878409bc3439a9364e4b8c99b9d90', '46', 'estLandedCost', 2, 'PathRenderer', 'DetailRenderer');
INSERT INTO CNT_HISTORY_DEF_ITEM
 (ID, REVISION, ENTITY_VERSION, DOMAIN_ID, PARENT_ID, LINE_NO, FIELD_ID, TRACKING_LEVEL, PATH_RENDERER_CLASS, DETAIL_RENDERER_CLASS)
VALUES ('661a90be862f4e5f9c333de9460cc86d', 0, 1, '/', 'eb6878409bc3439a9364e4b8c99b9d90', '47', 'estSellPriceExc', 1, 'PathRenderer', 'DetailRenderer');
INSERT INTO CNT_HISTORY_DEF_ITEM
 (ID, REVISION, ENTITY_VERSION, DOMAIN_ID, PARENT_ID, LINE_NO, FIELD_ID, TRACKING_LEVEL, PATH_RENDERER_CLASS, DETAIL_RENDERER_CLASS)
VALUES ('54ca0840d6f84485aa336ed77ebb6409', 0, 1, '/', 'eb6878409bc3439a9364e4b8c99b9d90', '48', 'estSellPriceInc', 2, 'PathRenderer', 'DetailRenderer');
INSERT INTO CNT_HISTORY_DEF_ITEM
 (ID, REVISION, ENTITY_VERSION, DOMAIN_ID, PARENT_ID, LINE_NO, FIELD_ID, TRACKING_LEVEL, PATH_RENDERER_CLASS, DETAIL_RENDERER_CLASS)
VALUES ('df029f7a97324edba1883c9e7765a935', 0, 1, '/', 'eb6878409bc3439a9364e4b8c99b9d90', '49', 'estTaxRate', 2, 'PathRenderer', 'DetailRenderer');
INSERT INTO CNT_HISTORY_DEF_ITEM
 (ID, REVISION, ENTITY_VERSION, DOMAIN_ID, PARENT_ID, LINE_NO, FIELD_ID, TRACKING_LEVEL, PATH_RENDERER_CLASS, DETAIL_RENDERER_CLASS)
VALUES ('9613e80113994e1b8416f2f2d417f2d7', 0, 1, '/', 'eb6878409bc3439a9364e4b8c99b9d90', '50', 'estMargin', 2, 'PathRenderer', 'DetailRenderer');
INSERT INTO CNT_HISTORY_DEF_ITEM
 (ID, REVISION, ENTITY_VERSION, DOMAIN_ID, PARENT_ID, LINE_NO, FIELD_ID, TRACKING_LEVEL, PATH_RENDERER_CLASS, DETAIL_RENDERER_CLASS)
VALUES ('999ba18f7aef471d98ac549d7febddc7', 0, 1, '/', 'eb6878409bc3439a9364e4b8c99b9d90', '51', 'targetDelTerm', 1, 'PathRenderer', 'DetailRenderer');
INSERT INTO CNT_HISTORY_DEF_ITEM
 (ID, REVISION, ENTITY_VERSION, DOMAIN_ID, PARENT_ID, LINE_NO, FIELD_ID, TRACKING_LEVEL, PATH_RENDERER_CLASS, DETAIL_RENDERER_CLASS)
VALUES ('9ecf798f76f748ff9f5bfa753776bf84', 0, 1, '/', 'eb6878409bc3439a9364e4b8c99b9d90', '52', 'planMarket', 1, 'PathRenderer', 'DetailRenderer');
INSERT INTO CNT_HISTORY_DEF_ITEM
 (ID, REVISION, ENTITY_VERSION, DOMAIN_ID, PARENT_ID, LINE_NO, FIELD_ID, TRACKING_LEVEL, PATH_RENDERER_CLASS, DETAIL_RENDERER_CLASS)
VALUES ('b1002b03fa824d8192fcb9e009c008d8', 0, 1, '/', 'eb6878409bc3439a9364e4b8c99b9d90', '53', 'planDestination', 1, 'PathRenderer', 'DetailRenderer');
INSERT INTO CNT_HISTORY_DEF_ITEM
 (ID, REVISION, ENTITY_VERSION, DOMAIN_ID, PARENT_ID, LINE_NO, FIELD_ID, TRACKING_LEVEL, PATH_RENDERER_CLASS, DETAIL_RENDERER_CLASS)
VALUES ('b2bc9ceb4b804396ad591d0e1e2d2ba5', 0, 1, '/', 'eb6878409bc3439a9364e4b8c99b9d90', '54', 'estInitialOrderQty', 2, 'PathRenderer', 'DetailRenderer');
INSERT INTO CNT_HISTORY_DEF_ITEM
 (ID, REVISION, ENTITY_VERSION, DOMAIN_ID, PARENT_ID, LINE_NO, FIELD_ID, TRACKING_LEVEL, PATH_RENDERER_CLASS, DETAIL_RENDERER_CLASS)
VALUES ('b918f17ee598422889c92f8de73274f2', 0, 1, '/', 'eb6878409bc3439a9364e4b8c99b9d90', '55', 'estPlanDuration', 1, 'PathRenderer', 'DetailRenderer');
INSERT INTO CNT_HISTORY_DEF_ITEM
 (ID, REVISION, ENTITY_VERSION, DOMAIN_ID, PARENT_ID, LINE_NO, FIELD_ID, TRACKING_LEVEL, PATH_RENDERER_CLASS, DETAIL_RENDERER_CLASS)
VALUES ('e10d10f9041048319f24a42a2b9ea68b', 0, 1, '/', 'eb6878409bc3439a9364e4b8c99b9d90', '56', 'estTotalPlanQty', 2, 'PathRenderer', 'DetailRenderer');
INSERT INTO CNT_HISTORY_DEF_ITEM
 (ID, REVISION, ENTITY_VERSION, DOMAIN_ID, PARENT_ID, LINE_NO, FIELD_ID, TRACKING_LEVEL, PATH_RENDERER_CLASS, DETAIL_RENDERER_CLASS)
VALUES ('fe448781bc32401c90c2b93cb9f54739', 0, 1, '/', 'eb6878409bc3439a9364e4b8c99b9d90', '57', 'estPackType', 1, 'PathRenderer', 'DetailRenderer');
INSERT INTO CNT_HISTORY_DEF_ITEM
 (ID, REVISION, ENTITY_VERSION, DOMAIN_ID, PARENT_ID, LINE_NO, FIELD_ID, TRACKING_LEVEL, PATH_RENDERER_CLASS, DETAIL_RENDERER_CLASS)
VALUES ('3fc60b13e7c54c7496318dbabe571eb4', 0, 1, '/', 'eb6878409bc3439a9364e4b8c99b9d90', '58', 'estNoOfUnitPerCarton', 1, 'PathRenderer', 'DetailRenderer');
INSERT INTO CNT_HISTORY_DEF_ITEM
 (ID, REVISION, ENTITY_VERSION, DOMAIN_ID, PARENT_ID, LINE_NO, FIELD_ID, TRACKING_LEVEL, PATH_RENDERER_CLASS, DETAIL_RENDERER_CLASS)
VALUES ('d06691bca2094a7ba0e3bfd6aea02526', 0, 1, '/', 'eb6878409bc3439a9364e4b8c99b9d90', '59', 'estNoOfCarton', 1, 'PathRenderer', 'DetailRenderer');
INSERT INTO CNT_HISTORY_DEF_ITEM
 (ID, REVISION, ENTITY_VERSION, DOMAIN_ID, PARENT_ID, LINE_NO, FIELD_ID, TRACKING_LEVEL, PATH_RENDERER_CLASS, DETAIL_RENDERER_CLASS)
VALUES ('8ec29bea6b8d44ba9ad683bea45fc433', 0, 1, '/', 'eb6878409bc3439a9364e4b8c99b9d90', '60', 'isSet', 1, 'PathRenderer', 'DetailRenderer');
INSERT INTO CNT_HISTORY_DEF_ITEM
 (ID, REVISION, ENTITY_VERSION, DOMAIN_ID, PARENT_ID, LINE_NO, FIELD_ID, TRACKING_LEVEL, PATH_RENDERER_CLASS, DETAIL_RENDERER_CLASS)
VALUES ('da798fff1b454c80bd2983c8eeb15f1c', 0, 1, '/', 'eb6878409bc3439a9364e4b8c99b9d90', '61', 'appliedSpecification', 1, 'PathRenderer', 'DetailRenderer');
INSERT INTO CNT_HISTORY_DEF_ITEM
 (ID, REVISION, ENTITY_VERSION, DOMAIN_ID, PARENT_ID, LINE_NO, FIELD_ID, TRACKING_LEVEL, PATH_RENDERER_CLASS, DETAIL_RENDERER_CLASS)
VALUES ('5abcb0012d704ca1b314734f69cd73b2', 0, 1, '/', 'eb6878409bc3439a9364e4b8c99b9d90', '62', 'processing', 1, 'PathRenderer', 'DetailRenderer');
INSERT INTO CNT_HISTORY_DEF_ITEM
 (ID, REVISION, ENTITY_VERSION, DOMAIN_ID, PARENT_ID, LINE_NO, FIELD_ID, TRACKING_LEVEL, PATH_RENDERER_CLASS, DETAIL_RENDERER_CLASS)
VALUES ('5164cb18b00d40e29cdbe062d80443e1', 0, 1, '/', 'eb6878409bc3439a9364e4b8c99b9d90', '63', 'merchandiseHierarchy', 2, 'PathRenderer', 'DetailRenderer');
INSERT INTO CNT_HISTORY_DEF_ITEM
 (ID, REVISION, ENTITY_VERSION, DOMAIN_ID, PARENT_ID, LINE_NO, FIELD_ID, TRACKING_LEVEL, PATH_RENDERER_CLASS, DETAIL_RENDERER_CLASS)
VALUES ('eac19e7bc95044e79ccb0ebcb6856e0d', 0, 1, '/', 'eb6878409bc3439a9364e4b8c99b9d90', '64', 'briefSourAgent', 1, 'PathRenderer', 'DetailRenderer');
INSERT INTO CNT_HISTORY_DEF_ITEM
 (ID, REVISION, ENTITY_VERSION, DOMAIN_ID, PARENT_ID, LINE_NO, FIELD_ID, TRACKING_LEVEL, PATH_RENDERER_CLASS, DETAIL_RENDERER_CLASS)
VALUES ('aa4df83b36f643f88cbb66372e9cc0c5', 0, 1, '/', 'eb6878409bc3439a9364e4b8c99b9d90', '65', 'briefCust', 1, 'PathRenderer', 'DetailRenderer');
INSERT INTO CNT_HISTORY_DEF_ITEM
 (ID, REVISION, ENTITY_VERSION, DOMAIN_ID, PARENT_ID, LINE_NO, FIELD_ID, TRACKING_LEVEL, PATH_RENDERER_CLASS, DETAIL_RENDERER_CLASS)
VALUES ('8430c28337424e91a22908800e5f9291', 0, 1, '/', 'eb6878409bc3439a9364e4b8c99b9d90', '66', 'briefVendor', 1, 'PathRenderer', 'DetailRenderer');
INSERT INTO CNT_HISTORY_DEF_ITEM
 (ID, REVISION, ENTITY_VERSION, DOMAIN_ID, PARENT_ID, LINE_NO, FIELD_ID, TRACKING_LEVEL, PATH_RENDERER_CLASS, DETAIL_RENDERER_CLASS)
VALUES ('d9785ed4a76247d5a4d321f7e0850f4b', 0, 1, '/', 'eb6878409bc3439a9364e4b8c99b9d90', '67', 'briefImage', 1, 'PathRenderer', 'DetailRenderer');
INSERT INTO CNT_HISTORY_DEF_ITEM
 (ID, REVISION, ENTITY_VERSION, DOMAIN_ID, PARENT_ID, LINE_NO, FIELD_ID, TRACKING_LEVEL, PATH_RENDERER_CLASS, DETAIL_RENDERER_CLASS)
VALUES ('15c5a2b4016f40888eb23e79844f24b5', 0, 1, '/', 'eb6878409bc3439a9364e4b8c99b9d90', '68', 'briefAttachment', 1, 'PathRenderer', 'DetailRenderer');
INSERT INTO CNT_HISTORY_DEF_ITEM
 (ID, REVISION, ENTITY_VERSION, DOMAIN_ID, PARENT_ID, LINE_NO, FIELD_ID, TRACKING_LEVEL, PATH_RENDERER_CLASS, DETAIL_RENDERER_CLASS)
VALUES ('e96000fb89ec406580fce013e6bddea4', 0, 1, '/', 'eb6878409bc3439a9364e4b8c99b9d90', '69', 'buyer', 1, 'PathRenderer', 'SelectionDetailRenderer');
INSERT INTO CNT_HISTORY_DEF_ITEM
 (ID, REVISION, ENTITY_VERSION, DOMAIN_ID, PARENT_ID, LINE_NO, FIELD_ID, TRACKING_LEVEL, PATH_RENDERER_CLASS, DETAIL_RENDERER_CLASS)
VALUES ('3a586755601342ac8f6c9bb2317e7b74', 0, 1, '/', 'eb6878409bc3439a9364e4b8c99b9d90', '70', 'planner', 1, 'PathRenderer', 'SelectionDetailRenderer');
INSERT INTO CNT_HISTORY_DEF_ITEM
 (ID, REVISION, ENTITY_VERSION, DOMAIN_ID, PARENT_ID, LINE_NO, FIELD_ID, TRACKING_LEVEL, PATH_RENDERER_CLASS, DETAIL_RENDERER_CLASS)
VALUES ('74a60e12dd7b484f8760e15b04314b72', 0, 1, '/', 'eb6878409bc3439a9364e4b8c99b9d90', '71', 'productDeveloper', 1, 'PathRenderer', 'SelectionDetailRenderer');
INSERT INTO CNT_HISTORY_DEF_ITEM
 (ID, REVISION, ENTITY_VERSION, DOMAIN_ID, PARENT_ID, LINE_NO, FIELD_ID, TRACKING_LEVEL, PATH_RENDERER_CLASS, DETAIL_RENDERER_CLASS)
VALUES ('61dd192aed8b400989c387ecf16b7076', 0, 1, '/', 'eb6878409bc3439a9364e4b8c99b9d90', '72', 'designStylist', 1, 'PathRenderer', 'SelectionDetailRenderer');
INSERT INTO CNT_HISTORY_DEF_ITEM
 (ID, REVISION, ENTITY_VERSION, DOMAIN_ID, PARENT_ID, LINE_NO, FIELD_ID, TRACKING_LEVEL, PATH_RENDERER_CLASS, DETAIL_RENDERER_CLASS)
VALUES ('7833199d12994e7db95db3baca80112f', 0, 1, '/', 'eb6878409bc3439a9364e4b8c99b9d90', '73', 'technicalDesigner', 1, 'PathRenderer', 'SelectionDetailRenderer');
INSERT INTO CNT_HISTORY_DEF_ITEM
 (ID, REVISION, ENTITY_VERSION, DOMAIN_ID, PARENT_ID, LINE_NO, FIELD_ID, TRACKING_LEVEL, PATH_RENDERER_CLASS, DETAIL_RENDERER_CLASS)
VALUES ('15c12ad3c2e24835888f8b46f06470ef', 0, 1, '/', 'eb6878409bc3439a9364e4b8c99b9d90', '74', 'artworkDesigner', 1, 'PathRenderer', 'SelectionDetailRenderer');
INSERT INTO CNT_HISTORY_DEF_ITEM
 (ID, REVISION, ENTITY_VERSION, DOMAIN_ID, PARENT_ID, LINE_NO, FIELD_ID, TRACKING_LEVEL, PATH_RENDERER_CLASS, DETAIL_RENDERER_CLASS)
VALUES ('aa8751d5c4a94d71a58818c46b885931', 0, 1, '/', 'eb6878409bc3439a9364e4b8c99b9d90', '75', 'seniorMerchandiser', 1, 'PathRenderer', 'SelectionDetailRenderer');
INSERT INTO CNT_HISTORY_DEF_ITEM
 (ID, REVISION, ENTITY_VERSION, DOMAIN_ID, PARENT_ID, LINE_NO, FIELD_ID, TRACKING_LEVEL, PATH_RENDERER_CLASS, DETAIL_RENDERER_CLASS)
VALUES ('286afbbf84d2440bb4257d81752de42a', 0, 1, '/', 'eb6878409bc3439a9364e4b8c99b9d90', '76', 'merchandiser', 1, 'PathRenderer', 'SelectionDetailRenderer');
INSERT INTO CNT_HISTORY_DEF_ITEM
 (ID, REVISION, ENTITY_VERSION, DOMAIN_ID, PARENT_ID, LINE_NO, FIELD_ID, TRACKING_LEVEL, PATH_RENDERER_CLASS, DETAIL_RENDERER_CLASS)
VALUES ('3d36077d24f5499e8e7d241ed1547455', 0, 1, '/', 'eb6878409bc3439a9364e4b8c99b9d90', '77', 'qaOfficer', 1, 'PathRenderer', 'SelectionDetailRenderer');
INSERT INTO CNT_HISTORY_DEF_ITEM
 (ID, REVISION, ENTITY_VERSION, DOMAIN_ID, PARENT_ID, LINE_NO, FIELD_ID, TRACKING_LEVEL, PATH_RENDERER_CLASS, DETAIL_RENDERER_CLASS)
VALUES ('f093892775214e198c500956c2cfcb95', 0, 1, '/', 'eb6878409bc3439a9364e4b8c99b9d90', '78', 'inspector', 1, 'PathRenderer', 'SelectionDetailRenderer');
INSERT INTO CNT_HISTORY_DEF_ITEM
 (ID, REVISION, ENTITY_VERSION, DOMAIN_ID, PARENT_ID, LINE_NO, FIELD_ID, TRACKING_LEVEL, PATH_RENDERER_CLASS, DETAIL_RENDERER_CLASS)
VALUES ('2cd63a4197fd4417b589cff9c35a5aea', 0, 1, '/', 'eb6878409bc3439a9364e4b8c99b9d90', '79', 'refNo', 0, 'PathRenderer', 'DetailRenderer');
INSERT INTO CNT_HISTORY_DEF_ITEM
 (ID, REVISION, ENTITY_VERSION, DOMAIN_ID, PARENT_ID, LINE_NO, FIELD_ID, TRACKING_LEVEL, PATH_RENDERER_CLASS, DETAIL_RENDERER_CLASS)
VALUES ('0d60611a6c4240fea715a36490df85fd', 0, 1, '/', 'eb6878409bc3439a9364e4b8c99b9d90', '80', 'custText1', 1, 'PathRenderer', 'DetailRenderer');
INSERT INTO CNT_HISTORY_DEF_ITEM
 (ID, REVISION, ENTITY_VERSION, DOMAIN_ID, PARENT_ID, LINE_NO, FIELD_ID, TRACKING_LEVEL, PATH_RENDERER_CLASS, DETAIL_RENDERER_CLASS)
VALUES ('f64fc6cb1a9f4bba87e1aaa8513ec775', 0, 1, '/', 'eb6878409bc3439a9364e4b8c99b9d90', '81', 'custText2', 1, 'PathRenderer', 'DetailRenderer');
INSERT INTO CNT_HISTORY_DEF_ITEM
 (ID, REVISION, ENTITY_VERSION, DOMAIN_ID, PARENT_ID, LINE_NO, FIELD_ID, TRACKING_LEVEL, PATH_RENDERER_CLASS, DETAIL_RENDERER_CLASS)
VALUES ('dce97d1fd4dd44149ef3c4580c5d6bc9', 0, 1, '/', 'eb6878409bc3439a9364e4b8c99b9d90', '82', 'custText3', 1, 'PathRenderer', 'DetailRenderer');
INSERT INTO CNT_HISTORY_DEF_ITEM
 (ID, REVISION, ENTITY_VERSION, DOMAIN_ID, PARENT_ID, LINE_NO, FIELD_ID, TRACKING_LEVEL, PATH_RENDERER_CLASS, DETAIL_RENDERER_CLASS)
VALUES ('a3f20b604db342f49fdba459338e9c0e', 0, 1, '/', 'eb6878409bc3439a9364e4b8c99b9d90', '83', 'custText4', 1, 'PathRenderer', 'DetailRenderer');
INSERT INTO CNT_HISTORY_DEF_ITEM
 (ID, REVISION, ENTITY_VERSION, DOMAIN_ID, PARENT_ID, LINE_NO, FIELD_ID, TRACKING_LEVEL, PATH_RENDERER_CLASS, DETAIL_RENDERER_CLASS)
VALUES ('490d8bddfbc34775a152c9b5f52b4abc', 0, 1, '/', 'eb6878409bc3439a9364e4b8c99b9d90', '84', 'custText5', 1, 'PathRenderer', 'DetailRenderer');
INSERT INTO CNT_HISTORY_DEF_ITEM
 (ID, REVISION, ENTITY_VERSION, DOMAIN_ID, PARENT_ID, LINE_NO, FIELD_ID, TRACKING_LEVEL, PATH_RENDERER_CLASS, DETAIL_RENDERER_CLASS)
VALUES ('e5f6615bcc144ddebae8e163b01f6976', 0, 1, '/', 'eb6878409bc3439a9364e4b8c99b9d90', '85', 'custText6', 1, 'PathRenderer', 'DetailRenderer');
INSERT INTO CNT_HISTORY_DEF_ITEM
 (ID, REVISION, ENTITY_VERSION, DOMAIN_ID, PARENT_ID, LINE_NO, FIELD_ID, TRACKING_LEVEL, PATH_RENDERER_CLASS, DETAIL_RENDERER_CLASS)
VALUES ('ec1cd099a8864ea691cdf483a0b8337f', 0, 1, '/', 'eb6878409bc3439a9364e4b8c99b9d90', '86', 'custText7', 1, 'PathRenderer', 'DetailRenderer');
INSERT INTO CNT_HISTORY_DEF_ITEM
 (ID, REVISION, ENTITY_VERSION, DOMAIN_ID, PARENT_ID, LINE_NO, FIELD_ID, TRACKING_LEVEL, PATH_RENDERER_CLASS, DETAIL_RENDERER_CLASS)
VALUES ('957e68bfa9fc4e6ba5aa2ebb3e218cda', 0, 1, '/', 'eb6878409bc3439a9364e4b8c99b9d90', '87', 'custDate1', 1, 'PathRenderer', 'DetailRenderer');
INSERT INTO CNT_HISTORY_DEF_ITEM
 (ID, REVISION, ENTITY_VERSION, DOMAIN_ID, PARENT_ID, LINE_NO, FIELD_ID, TRACKING_LEVEL, PATH_RENDERER_CLASS, DETAIL_RENDERER_CLASS)
VALUES ('e0ba4457846f4507affe0d91ec2a453f', 0, 1, '/', 'eb6878409bc3439a9364e4b8c99b9d90', '88', 'custDate2', 1, 'PathRenderer', 'DetailRenderer');
INSERT INTO CNT_HISTORY_DEF_ITEM
 (ID, REVISION, ENTITY_VERSION, DOMAIN_ID, PARENT_ID, LINE_NO, FIELD_ID, TRACKING_LEVEL, PATH_RENDERER_CLASS, DETAIL_RENDERER_CLASS)
VALUES ('0e9128cd9be244b385063c5352bc1682', 0, 1, '/', 'eb6878409bc3439a9364e4b8c99b9d90', '89', 'custDate3', 1, 'PathRenderer', 'DetailRenderer');
INSERT INTO CNT_HISTORY_DEF_ITEM
 (ID, REVISION, ENTITY_VERSION, DOMAIN_ID, PARENT_ID, LINE_NO, FIELD_ID, TRACKING_LEVEL, PATH_RENDERER_CLASS, DETAIL_RENDERER_CLASS)
VALUES ('d6844b09a4e2446cb855a504adb200ec', 0, 1, '/', 'eb6878409bc3439a9364e4b8c99b9d90', '90', 'custDate4', 1, 'PathRenderer', 'DetailRenderer');
INSERT INTO CNT_HISTORY_DEF_ITEM
 (ID, REVISION, ENTITY_VERSION, DOMAIN_ID, PARENT_ID, LINE_NO, FIELD_ID, TRACKING_LEVEL, PATH_RENDERER_CLASS, DETAIL_RENDERER_CLASS)
VALUES ('e8de0cf4e12d4a8dbea9ad40d8b2f174', 0, 1, '/', 'eb6878409bc3439a9364e4b8c99b9d90', '91', 'custDate5', 1, 'PathRenderer', 'DetailRenderer');
INSERT INTO CNT_HISTORY_DEF_ITEM
 (ID, REVISION, ENTITY_VERSION, DOMAIN_ID, PARENT_ID, LINE_NO, FIELD_ID, TRACKING_LEVEL, PATH_RENDERER_CLASS, DETAIL_RENDERER_CLASS)
VALUES ('1ad7d7d64091466fb6682159bcd15564', 0, 1, '/', 'eb6878409bc3439a9364e4b8c99b9d90', '92', 'custDate6', 1, 'PathRenderer', 'DetailRenderer');
INSERT INTO CNT_HISTORY_DEF_ITEM
 (ID, REVISION, ENTITY_VERSION, DOMAIN_ID, PARENT_ID, LINE_NO, FIELD_ID, TRACKING_LEVEL, PATH_RENDERER_CLASS, DETAIL_RENDERER_CLASS)
VALUES ('459d5b0597114cf58bc547cb15f0c918', 0, 1, '/', 'eb6878409bc3439a9364e4b8c99b9d90', '93', 'custDate7', 1, 'PathRenderer', 'DetailRenderer');
INSERT INTO CNT_HISTORY_DEF_ITEM
 (ID, REVISION, ENTITY_VERSION, DOMAIN_ID, PARENT_ID, LINE_NO, FIELD_ID, TRACKING_LEVEL, PATH_RENDERER_CLASS, DETAIL_RENDERER_CLASS)
VALUES ('3b663320cfff4ac59a576af206ac317b', 0, 1, '/', 'eb6878409bc3439a9364e4b8c99b9d90', '94', 'custNumber1', 1, 'PathRenderer', 'DetailRenderer');
INSERT INTO CNT_HISTORY_DEF_ITEM
 (ID, REVISION, ENTITY_VERSION, DOMAIN_ID, PARENT_ID, LINE_NO, FIELD_ID, TRACKING_LEVEL, PATH_RENDERER_CLASS, DETAIL_RENDERER_CLASS)
VALUES ('3adf87ae83a646bb8a81b961d73aa8b5', 0, 1, '/', 'eb6878409bc3439a9364e4b8c99b9d90', '95', 'custNumber2', 1, 'PathRenderer', 'DetailRenderer');
INSERT INTO CNT_HISTORY_DEF_ITEM
 (ID, REVISION, ENTITY_VERSION, DOMAIN_ID, PARENT_ID, LINE_NO, FIELD_ID, TRACKING_LEVEL, PATH_RENDERER_CLASS, DETAIL_RENDERER_CLASS)
VALUES ('4f3b22d058054c89b6680de24902be6d', 0, 1, '/', 'eb6878409bc3439a9364e4b8c99b9d90', '96', 'custNumber3', 1, 'PathRenderer', 'DetailRenderer');
INSERT INTO CNT_HISTORY_DEF_ITEM
 (ID, REVISION, ENTITY_VERSION, DOMAIN_ID, PARENT_ID, LINE_NO, FIELD_ID, TRACKING_LEVEL, PATH_RENDERER_CLASS, DETAIL_RENDERER_CLASS)
VALUES ('354d870f45824f1bae07ebf663231ff4', 0, 1, '/', 'eb6878409bc3439a9364e4b8c99b9d90', '97', 'custNumber4', 1, 'PathRenderer', 'DetailRenderer');
INSERT INTO CNT_HISTORY_DEF_ITEM
 (ID, REVISION, ENTITY_VERSION, DOMAIN_ID, PARENT_ID, LINE_NO, FIELD_ID, TRACKING_LEVEL, PATH_RENDERER_CLASS, DETAIL_RENDERER_CLASS)
VALUES ('b09e70d51a6848ce9ee28696d7dc8380', 0, 1, '/', 'eb6878409bc3439a9364e4b8c99b9d90', '98', 'custNumber5', 1, 'PathRenderer', 'DetailRenderer');
INSERT INTO CNT_HISTORY_DEF_ITEM
 (ID, REVISION, ENTITY_VERSION, DOMAIN_ID, PARENT_ID, LINE_NO, FIELD_ID, TRACKING_LEVEL, PATH_RENDERER_CLASS, DETAIL_RENDERER_CLASS)
VALUES ('30198458e575491fb4b828cb75537abc', 0, 1, '/', 'eb6878409bc3439a9364e4b8c99b9d90', '99', 'custNumber6', 1, 'PathRenderer', 'DetailRenderer');
INSERT INTO CNT_HISTORY_DEF_ITEM
 (ID, REVISION, ENTITY_VERSION, DOMAIN_ID, PARENT_ID, LINE_NO, FIELD_ID, TRACKING_LEVEL, PATH_RENDERER_CLASS, DETAIL_RENDERER_CLASS)
VALUES ('4f782a4eba1247cfa72b8f9e723747a9', 0, 1, '/', 'eb6878409bc3439a9364e4b8c99b9d90', '100', 'custNumber7', 1, 'PathRenderer', 'DetailRenderer');
INSERT INTO CNT_HISTORY_DEF_ITEM
 (ID, REVISION, ENTITY_VERSION, DOMAIN_ID, PARENT_ID, LINE_NO, FIELD_ID, TRACKING_LEVEL, PATH_RENDERER_CLASS, DETAIL_RENDERER_CLASS)
VALUES ('fb0df72d5a5f4d44aa7d62d09a75db12', 0, 1, '/', 'eb6878409bc3439a9364e4b8c99b9d90', '101', 'custDecimal1', 1, 'PathRenderer', 'DetailRenderer');
INSERT INTO CNT_HISTORY_DEF_ITEM
 (ID, REVISION, ENTITY_VERSION, DOMAIN_ID, PARENT_ID, LINE_NO, FIELD_ID, TRACKING_LEVEL, PATH_RENDERER_CLASS, DETAIL_RENDERER_CLASS)
VALUES ('7b1dbe456d4c4a44bae1efbe77fbb4d4', 0, 1, '/', 'eb6878409bc3439a9364e4b8c99b9d90', '102', 'custDecimal2', 1, 'PathRenderer', 'DetailRenderer');
INSERT INTO CNT_HISTORY_DEF_ITEM
 (ID, REVISION, ENTITY_VERSION, DOMAIN_ID, PARENT_ID, LINE_NO, FIELD_ID, TRACKING_LEVEL, PATH_RENDERER_CLASS, DETAIL_RENDERER_CLASS)
VALUES ('c39cd6c1a9984487ab8e818eddfaf6d9', 0, 1, '/', 'eb6878409bc3439a9364e4b8c99b9d90', '103', 'custDecimal3', 1, 'PathRenderer', 'DetailRenderer');
INSERT INTO CNT_HISTORY_DEF_ITEM
 (ID, REVISION, ENTITY_VERSION, DOMAIN_ID, PARENT_ID, LINE_NO, FIELD_ID, TRACKING_LEVEL, PATH_RENDERER_CLASS, DETAIL_RENDERER_CLASS)
VALUES ('40016c2d58b144b4b02ebff377f2c927', 0, 1, '/', 'eb6878409bc3439a9364e4b8c99b9d90', '104', 'custDecimal4', 1, 'PathRenderer', 'DetailRenderer');
INSERT INTO CNT_HISTORY_DEF_ITEM
 (ID, REVISION, ENTITY_VERSION, DOMAIN_ID, PARENT_ID, LINE_NO, FIELD_ID, TRACKING_LEVEL, PATH_RENDERER_CLASS, DETAIL_RENDERER_CLASS)
VALUES ('cb50b48958f546a9864a8f9d54f9775a', 0, 1, '/', 'eb6878409bc3439a9364e4b8c99b9d90', '105', 'custDecimal5', 1, 'PathRenderer', 'DetailRenderer');
INSERT INTO CNT_HISTORY_DEF_ITEM
 (ID, REVISION, ENTITY_VERSION, DOMAIN_ID, PARENT_ID, LINE_NO, FIELD_ID, TRACKING_LEVEL, PATH_RENDERER_CLASS, DETAIL_RENDERER_CLASS)
VALUES ('59c1765806914fe7889fb227d5929c2b', 0, 1, '/', 'eb6878409bc3439a9364e4b8c99b9d90', '106', 'custDecimal6', 1, 'PathRenderer', 'DetailRenderer');
INSERT INTO CNT_HISTORY_DEF_ITEM
 (ID, REVISION, ENTITY_VERSION, DOMAIN_ID, PARENT_ID, LINE_NO, FIELD_ID, TRACKING_LEVEL, PATH_RENDERER_CLASS, DETAIL_RENDERER_CLASS)
VALUES ('3ba8afbdec1940e78180f091e9a35ac0', 0, 1, '/', 'eb6878409bc3439a9364e4b8c99b9d90', '107', 'custDecimal7', 1, 'PathRenderer', 'DetailRenderer');
INSERT INTO CNT_HISTORY_DEF_ITEM
 (ID, REVISION, ENTITY_VERSION, DOMAIN_ID, PARENT_ID, LINE_NO, FIELD_ID, TRACKING_LEVEL, PATH_RENDERER_CLASS, DETAIL_RENDERER_CLASS)
VALUES ('b2abbf74493f41d3a4d5eb5efd4fc9c2', 0, 1, '/', 'eb6878409bc3439a9364e4b8c99b9d90', '108', 'custCodelist1', 1, 'PathRenderer', 'DetailRenderer');
INSERT INTO CNT_HISTORY_DEF_ITEM
 (ID, REVISION, ENTITY_VERSION, DOMAIN_ID, PARENT_ID, LINE_NO, FIELD_ID, TRACKING_LEVEL, PATH_RENDERER_CLASS, DETAIL_RENDERER_CLASS)
VALUES ('c8a02a8e921f4b1ba60810f233e15fab', 0, 1, '/', 'eb6878409bc3439a9364e4b8c99b9d90', '109', 'custCodelist2', 1, 'PathRenderer', 'DetailRenderer');
INSERT INTO CNT_HISTORY_DEF_ITEM
 (ID, REVISION, ENTITY_VERSION, DOMAIN_ID, PARENT_ID, LINE_NO, FIELD_ID, TRACKING_LEVEL, PATH_RENDERER_CLASS, DETAIL_RENDERER_CLASS)
VALUES ('ee3df69e7cad4a09846caf8f06ea9582', 0, 1, '/', 'eb6878409bc3439a9364e4b8c99b9d90', '110', 'custCodelist3', 1, 'PathRenderer', 'DetailRenderer');
INSERT INTO CNT_HISTORY_DEF_ITEM
 (ID, REVISION, ENTITY_VERSION, DOMAIN_ID, PARENT_ID, LINE_NO, FIELD_ID, TRACKING_LEVEL, PATH_RENDERER_CLASS, DETAIL_RENDERER_CLASS)
VALUES ('359f5ed6b91e4dbdbd5c37bfe6858b1f', 0, 1, '/', 'eb6878409bc3439a9364e4b8c99b9d90', '111', 'custCodelist4', 1, 'PathRenderer', 'DetailRenderer');
INSERT INTO CNT_HISTORY_DEF_ITEM
 (ID, REVISION, ENTITY_VERSION, DOMAIN_ID, PARENT_ID, LINE_NO, FIELD_ID, TRACKING_LEVEL, PATH_RENDERER_CLASS, DETAIL_RENDERER_CLASS)
VALUES ('4bccd1ed23004be0a6af0fe84b85741d', 0, 1, '/', 'eb6878409bc3439a9364e4b8c99b9d90', '112', 'custCodelist5', 1, 'PathRenderer', 'DetailRenderer');
INSERT INTO CNT_HISTORY_DEF_ITEM
 (ID, REVISION, ENTITY_VERSION, DOMAIN_ID, PARENT_ID, LINE_NO, FIELD_ID, TRACKING_LEVEL, PATH_RENDERER_CLASS, DETAIL_RENDERER_CLASS)
VALUES ('60725d8e7ff04b468c3c42bfdb388f59', 0, 1, '/', 'eb6878409bc3439a9364e4b8c99b9d90', '113', 'custCodelist6', 1, 'PathRenderer', 'DetailRenderer');
INSERT INTO CNT_HISTORY_DEF_ITEM
 (ID, REVISION, ENTITY_VERSION, DOMAIN_ID, PARENT_ID, LINE_NO, FIELD_ID, TRACKING_LEVEL, PATH_RENDERER_CLASS, DETAIL_RENDERER_CLASS)
VALUES ('6bf00262b1eb438e893dbfdb5885dce3', 0, 1, '/', 'eb6878409bc3439a9364e4b8c99b9d90', '114', 'custCodelist7', 1, 'PathRenderer', 'DetailRenderer');
INSERT INTO CNT_HISTORY_DEF_ITEM
 (ID, REVISION, ENTITY_VERSION, DOMAIN_ID, PARENT_ID, LINE_NO, FIELD_ID, TRACKING_LEVEL, PATH_RENDERER_CLASS, DETAIL_RENDERER_CLASS)
VALUES ('e0d944270b694b0c8908eeff94ef6509', 0, 1, '/', 'eb6878409bc3439a9364e4b8c99b9d90', '115', 'custMemoText1', 1, 'PathRenderer', 'DetailRenderer');
INSERT INTO CNT_HISTORY_DEF_ITEM
 (ID, REVISION, ENTITY_VERSION, DOMAIN_ID, PARENT_ID, LINE_NO, FIELD_ID, TRACKING_LEVEL, PATH_RENDERER_CLASS, DETAIL_RENDERER_CLASS)
VALUES ('6d3045d9a9a14609ac46c23fdaaa7ef0', 0, 1, '/', 'eb6878409bc3439a9364e4b8c99b9d90', '116', 'custMemoText2', 1, 'PathRenderer', 'DetailRenderer');
INSERT INTO CNT_HISTORY_DEF_ITEM
 (ID, REVISION, ENTITY_VERSION, DOMAIN_ID, PARENT_ID, LINE_NO, FIELD_ID, TRACKING_LEVEL, PATH_RENDERER_CLASS, DETAIL_RENDERER_CLASS)
VALUES ('74f06c9f87974055aeac86cc587263fb', 0, 1, '/', 'eb6878409bc3439a9364e4b8c99b9d90', '117', 'custMemoText3', 1, 'PathRenderer', 'DetailRenderer');
INSERT INTO CNT_HISTORY_DEF_ITEM
 (ID, REVISION, ENTITY_VERSION, DOMAIN_ID, PARENT_ID, LINE_NO, FIELD_ID, TRACKING_LEVEL, PATH_RENDERER_CLASS, DETAIL_RENDERER_CLASS)
VALUES ('88bf1b4e93b64c1d8ff7bca27737c9f3', 0, 1, '/', 'eb6878409bc3439a9364e4b8c99b9d90', '118', 'custMemoText4', 1, 'PathRenderer', 'DetailRenderer');
INSERT INTO CNT_HISTORY_DEF_ITEM
 (ID, REVISION, ENTITY_VERSION, DOMAIN_ID, PARENT_ID, LINE_NO, FIELD_ID, TRACKING_LEVEL, PATH_RENDERER_CLASS, DETAIL_RENDERER_CLASS)
VALUES ('2ba4909faa6841719a33d216888b9deb', 0, 1, '/', 'eb6878409bc3439a9364e4b8c99b9d90', '119', 'custMemoText5', 1, 'PathRenderer', 'DetailRenderer');
INSERT INTO CNT_HISTORY_DEF_ITEM
 (ID, REVISION, ENTITY_VERSION, DOMAIN_ID, PARENT_ID, LINE_NO, FIELD_ID, TRACKING_LEVEL, PATH_RENDERER_CLASS, DETAIL_RENDERER_CLASS)
VALUES ('6687226beff94dcca636055da095b0e4', 0, 1, '/', 'eb6878409bc3439a9364e4b8c99b9d90', '120', 'custMemoText6', 1, 'PathRenderer', 'DetailRenderer');
INSERT INTO CNT_HISTORY_DEF_ITEM
 (ID, REVISION, ENTITY_VERSION, DOMAIN_ID, PARENT_ID, LINE_NO, FIELD_ID, TRACKING_LEVEL, PATH_RENDERER_CLASS, DETAIL_RENDERER_CLASS)
VALUES ('161d0dbbedb34d3d9d08272bd28db519', 0, 1, '/', 'eb6878409bc3439a9364e4b8c99b9d90', '121', 'custMemoText7', 1, 'PathRenderer', 'DetailRenderer');
INSERT INTO CNT_HISTORY_DEF_ITEM
 (ID, REVISION, ENTITY_VERSION, DOMAIN_ID, PARENT_ID, LINE_NO, FIELD_ID, TRACKING_LEVEL, PATH_RENDERER_CLASS, DETAIL_RENDERER_CLASS)
VALUES ('3608501061104a88a5de7429f4680a88', 0, 1, '/', 'eb6878409bc3439a9364e4b8c99b9d90', '122', 'custHcl1', 1, 'PathRenderer', 'DetailRenderer');
INSERT INTO CNT_HISTORY_DEF_ITEM
 (ID, REVISION, ENTITY_VERSION, DOMAIN_ID, PARENT_ID, LINE_NO, FIELD_ID, TRACKING_LEVEL, PATH_RENDERER_CLASS, DETAIL_RENDERER_CLASS)
VALUES ('95cc8b4ac22f4c64a6c33ba3cf002f63', 0, 1, '/', 'eb6878409bc3439a9364e4b8c99b9d90', '123', 'custHcl2', 1, 'PathRenderer', 'DetailRenderer');
INSERT INTO CNT_HISTORY_DEF_ITEM
 (ID, REVISION, ENTITY_VERSION, DOMAIN_ID, PARENT_ID, LINE_NO, FIELD_ID, TRACKING_LEVEL, PATH_RENDERER_CLASS, DETAIL_RENDERER_CLASS)
VALUES ('66651dec59814570b3f9db5defc5db7c', 0, 1, '/', 'eb6878409bc3439a9364e4b8c99b9d90', '124', 'custHcl3', 1, 'PathRenderer', 'DetailRenderer');
INSERT INTO CNT_HISTORY_DEF_ITEM
 (ID, REVISION, ENTITY_VERSION, DOMAIN_ID, PARENT_ID, LINE_NO, FIELD_ID, TRACKING_LEVEL, PATH_RENDERER_CLASS, DETAIL_RENDERER_CLASS)
VALUES ('a22f3d611a0d43249fc604dd4eb50e9b', 0, 1, '/', 'eb6878409bc3439a9364e4b8c99b9d90', '125', 'custHcl4', 1, 'PathRenderer', 'DetailRenderer');
INSERT INTO CNT_HISTORY_DEF_ITEM
 (ID, REVISION, ENTITY_VERSION, DOMAIN_ID, PARENT_ID, LINE_NO, FIELD_ID, TRACKING_LEVEL, PATH_RENDERER_CLASS, DETAIL_RENDERER_CLASS)
VALUES ('d42c3e12e1a2437087a055f74c20769c', 0, 1, '/', 'eb6878409bc3439a9364e4b8c99b9d90', '126', 'custHcl5', 1, 'PathRenderer', 'DetailRenderer');
INSERT INTO CNT_HISTORY_DEF_ITEM
 (ID, REVISION, ENTITY_VERSION, DOMAIN_ID, PARENT_ID, LINE_NO, FIELD_ID, TRACKING_LEVEL, PATH_RENDERER_CLASS, DETAIL_RENDERER_CLASS)
VALUES ('924c48e32494445ca34824b10ba4e758', 0, 1, '/', 'eb6878409bc3439a9364e4b8c99b9d90', '127', 'seasonName', 0, 'PathRenderer', 'DetailRenderer');
INSERT INTO CNT_HISTORY_DEF_ITEM
 (ID, REVISION, ENTITY_VERSION, DOMAIN_ID, PARENT_ID, LINE_NO, FIELD_ID, TRACKING_LEVEL, PATH_RENDERER_CLASS, DETAIL_RENDERER_CLASS)
VALUES ('1dcbfbeea2204ff8bc65fb55462d317d', 0, 1, '/', 'eb6878409bc3439a9364e4b8c99b9d90', '128', 'fileRef', 0, 'PathRenderer', 'DetailRenderer');
INSERT INTO CNT_HISTORY_DEF_ITEM
 (ID, REVISION, ENTITY_VERSION, DOMAIN_ID, PARENT_ID, LINE_NO, FIELD_ID, TRACKING_LEVEL, PATH_RENDERER_CLASS, DETAIL_RENDERER_CLASS)
VALUES ('360f7237efb8469899163ee2ef9bcd3b', 0, 1, '/', 'eb6878409bc3439a9364e4b8c99b9d90', '129', 'fileVer', 0, 'PathRenderer', 'DetailRenderer');
INSERT INTO CNT_HISTORY_DEF_ITEM
 (ID, REVISION, ENTITY_VERSION, DOMAIN_ID, PARENT_ID, LINE_NO, FIELD_ID, TRACKING_LEVEL, PATH_RENDERER_CLASS, DETAIL_RENDERER_CLASS)
VALUES ('fa60406eb5894fad8e3955526736f374', 0, 1, '/', 'eb6878409bc3439a9364e4b8c99b9d90', '130', 'fileRef2', 0, 'PathRenderer', 'DetailRenderer');
INSERT INTO CNT_HISTORY_DEF_ITEM
 (ID, REVISION, ENTITY_VERSION, DOMAIN_ID, PARENT_ID, LINE_NO, FIELD_ID, TRACKING_LEVEL, PATH_RENDERER_CLASS, DETAIL_RENDERER_CLASS)
VALUES ('b4a05651e050484ebe2bdf6e9a3aef55', 0, 1, '/', 'eb6878409bc3439a9364e4b8c99b9d90', '131', 'itemRef', 0, 'PathRenderer', 'DetailRenderer');
INSERT INTO CNT_HISTORY_DEF_ITEM
 (ID, REVISION, ENTITY_VERSION, DOMAIN_ID, PARENT_ID, LINE_NO, FIELD_ID, TRACKING_LEVEL, PATH_RENDERER_CLASS, DETAIL_RENDERER_CLASS)
VALUES ('f04e65d50c0f4e849d30809ac2ce4789', 0, 1, '/', 'eb6878409bc3439a9364e4b8c99b9d90', '132', 'itemVer', 0, 'PathRenderer', 'DetailRenderer');
INSERT INTO CNT_HISTORY_DEF_ITEM
 (ID, REVISION, ENTITY_VERSION, DOMAIN_ID, PARENT_ID, LINE_NO, FIELD_ID, TRACKING_LEVEL, PATH_RENDERER_CLASS, DETAIL_RENDERER_CLASS)
VALUES ('0b0b38fd75944850b6e7dff2685186c0', 0, 1, '/', 'eb6878409bc3439a9364e4b8c99b9d90', '133', 'specRef', 0, 'PathRenderer', 'DetailRenderer');
INSERT INTO CNT_HISTORY_DEF_ITEM
 (ID, REVISION, ENTITY_VERSION, DOMAIN_ID, PARENT_ID, LINE_NO, FIELD_ID, TRACKING_LEVEL, PATH_RENDERER_CLASS, DETAIL_RENDERER_CLASS)
VALUES ('c8b4523533e4408e8d63e045a6004809', 0, 1, '/', 'eb6878409bc3439a9364e4b8c99b9d90', '134', 'specVer', 0, 'PathRenderer', 'DetailRenderer');
INSERT INTO CNT_HISTORY_DEF_ITEM
 (ID, REVISION, ENTITY_VERSION, DOMAIN_ID, PARENT_ID, LINE_NO, FIELD_ID, TRACKING_LEVEL, PATH_RENDERER_CLASS, DETAIL_RENDERER_CLASS)
VALUES ('d2ff865e828d4f2f9defcd32b70f8041', 0, 1, '/', 'eb6878409bc3439a9364e4b8c99b9d90', '135', 'targetCurrencyName', 0, 'PathRenderer', 'DetailRenderer');
INSERT INTO CNT_HISTORY_DEF_ITEM
 (ID, REVISION, ENTITY_VERSION, DOMAIN_ID, PARENT_ID, LINE_NO, FIELD_ID, TRACKING_LEVEL, PATH_RENDERER_CLASS, DETAIL_RENDERER_CLASS)
VALUES ('1cc468a3988347989178fc58d4e8a589', 0, 1, '/', 'eb6878409bc3439a9364e4b8c99b9d90', '136', 'elcCurrencyName', 0, 'PathRenderer', 'DetailRenderer');
INSERT INTO CNT_HISTORY_DEF_ITEM
 (ID, REVISION, ENTITY_VERSION, DOMAIN_ID, PARENT_ID, LINE_NO, FIELD_ID, TRACKING_LEVEL, PATH_RENDERER_CLASS, DETAIL_RENDERER_CLASS)
VALUES ('51d4ea9e9d414e77a8dfea75f2872ba2', 0, 1, '/', 'eb6878409bc3439a9364e4b8c99b9d90', '137', 'targetDelTermName', 0, 'PathRenderer', 'DetailRenderer');
INSERT INTO CNT_HISTORY_DEF_ITEM
 (ID, REVISION, ENTITY_VERSION, DOMAIN_ID, PARENT_ID, LINE_NO, FIELD_ID, TRACKING_LEVEL, PATH_RENDERER_CLASS, DETAIL_RENDERER_CLASS)
VALUES ('c5c1fabdbf9d4540935bbc4d9ea2dde5', 0, 1, '/', 'eb6878409bc3439a9364e4b8c99b9d90', '138', 'estPackTypeName', 0, 'PathRenderer', 'DetailRenderer');
INSERT INTO CNT_HISTORY_DEF_ITEM
 (ID, REVISION, ENTITY_VERSION, DOMAIN_ID, PARENT_ID, LINE_NO, FIELD_ID, TRACKING_LEVEL, PATH_RENDERER_CLASS, DETAIL_RENDERER_CLASS)
VALUES ('276604899c87403fa1a0d9088903713c', 0, 1, '/', 'eb6878409bc3439a9364e4b8c99b9d90', '139', 'processingName', 0, 'PathRenderer', 'DetailRenderer');
INSERT INTO CNT_HISTORY_DEF_ITEM
 (ID, REVISION, ENTITY_VERSION, DOMAIN_ID, PARENT_ID, LINE_NO, FIELD_ID, TRACKING_LEVEL, PATH_RENDERER_CLASS, DETAIL_RENDERER_CLASS)
VALUES ('e123047d290441c6a7b8a6458ddd25b1', 0, 1, '/', 'eb6878409bc3439a9364e4b8c99b9d90', '140', 'merchandiseHierarchyRef', 0, 'PathRenderer', 'DetailRenderer');
INSERT INTO CNT_HISTORY_DEF_ITEM
 (ID, REVISION, ENTITY_VERSION, DOMAIN_ID, PARENT_ID, LINE_NO, FIELD_ID, TRACKING_LEVEL, PATH_RENDERER_CLASS, DETAIL_RENDERER_CLASS)
VALUES ('ee4d06ed5bb546c1a702b47e7961f244', 0, 1, '/', 'eb6878409bc3439a9364e4b8c99b9d90', '141', 'merchandiseHierarchyVer', 0, 'PathRenderer', 'DetailRenderer');
INSERT INTO CNT_HISTORY_DEF_ITEM
 (ID, REVISION, ENTITY_VERSION, DOMAIN_ID, PARENT_ID, LINE_NO, FIELD_ID, TRACKING_LEVEL, PATH_RENDERER_CLASS, DETAIL_RENDERER_CLASS)
VALUES ('0949d78fbbcd45a9b066b3c66c655b14', 0, 1, '/', 'eb6878409bc3439a9364e4b8c99b9d90', '142', 'merchandiseHierarchyRef2', 0, 'PathRenderer', 'DetailRenderer');
INSERT INTO CNT_HISTORY_DEF_ITEM
 (ID, REVISION, ENTITY_VERSION, DOMAIN_ID, PARENT_ID, LINE_NO, FIELD_ID, TRACKING_LEVEL, PATH_RENDERER_CLASS, DETAIL_RENDERER_CLASS)
VALUES ('60e67b06ae7c409cbb1dc69b3f113fde', 0, 1, '/', 'eb6878409bc3439a9364e4b8c99b9d90', '143', 'merchandiseHierarchFullLineage', 0, 'PathRenderer', 'DetailRenderer');
INSERT INTO CNT_HISTORY_DEF_ITEM
 (ID, REVISION, ENTITY_VERSION, DOMAIN_ID, PARENT_ID, LINE_NO, FIELD_ID, TRACKING_LEVEL, PATH_RENDERER_CLASS, DETAIL_RENDERER_CLASS)
VALUES ('7d21576ad3454411ac0783fde41ec307', 0, 1, '/', 'eb6878409bc3439a9364e4b8c99b9d90', '144', 'buyerValue', 0, 'PathRenderer', 'DetailRenderer');
INSERT INTO CNT_HISTORY_DEF_ITEM
 (ID, REVISION, ENTITY_VERSION, DOMAIN_ID, PARENT_ID, LINE_NO, FIELD_ID, TRACKING_LEVEL, PATH_RENDERER_CLASS, DETAIL_RENDERER_CLASS)
VALUES ('f861a93bbe024bfe84b96d5e628e303f', 0, 1, '/', 'eb6878409bc3439a9364e4b8c99b9d90', '145', 'plannerValue', 0, 'PathRenderer', 'DetailRenderer');
INSERT INTO CNT_HISTORY_DEF_ITEM
 (ID, REVISION, ENTITY_VERSION, DOMAIN_ID, PARENT_ID, LINE_NO, FIELD_ID, TRACKING_LEVEL, PATH_RENDERER_CLASS, DETAIL_RENDERER_CLASS)
VALUES ('3d48f5e5150245089e5e95777327d30e', 0, 1, '/', 'eb6878409bc3439a9364e4b8c99b9d90', '146', 'productDeveloperValue', 0, 'PathRenderer', 'DetailRenderer');
INSERT INTO CNT_HISTORY_DEF_ITEM
 (ID, REVISION, ENTITY_VERSION, DOMAIN_ID, PARENT_ID, LINE_NO, FIELD_ID, TRACKING_LEVEL, PATH_RENDERER_CLASS, DETAIL_RENDERER_CLASS)
VALUES ('901639013b464b5c8862c6560eaf224c', 0, 1, '/', 'eb6878409bc3439a9364e4b8c99b9d90', '147', 'designStylistValue', 0, 'PathRenderer', 'DetailRenderer');
INSERT INTO CNT_HISTORY_DEF_ITEM
 (ID, REVISION, ENTITY_VERSION, DOMAIN_ID, PARENT_ID, LINE_NO, FIELD_ID, TRACKING_LEVEL, PATH_RENDERER_CLASS, DETAIL_RENDERER_CLASS)
VALUES ('19da102e74d6419e9a7619df39fab477', 0, 1, '/', 'eb6878409bc3439a9364e4b8c99b9d90', '148', 'technicalDesignerValue', 0, 'PathRenderer', 'DetailRenderer');
INSERT INTO CNT_HISTORY_DEF_ITEM
 (ID, REVISION, ENTITY_VERSION, DOMAIN_ID, PARENT_ID, LINE_NO, FIELD_ID, TRACKING_LEVEL, PATH_RENDERER_CLASS, DETAIL_RENDERER_CLASS)
VALUES ('6a3bb648eb1542dfa64e24f0f8388b3b', 0, 1, '/', 'eb6878409bc3439a9364e4b8c99b9d90', '149', 'artworkDesignerValue', 0, 'PathRenderer', 'DetailRenderer');
INSERT INTO CNT_HISTORY_DEF_ITEM
 (ID, REVISION, ENTITY_VERSION, DOMAIN_ID, PARENT_ID, LINE_NO, FIELD_ID, TRACKING_LEVEL, PATH_RENDERER_CLASS, DETAIL_RENDERER_CLASS)
VALUES ('fa586d33e28148ae9f7e06f6993f5f6b', 0, 1, '/', 'eb6878409bc3439a9364e4b8c99b9d90', '150', 'seniorMerchandiserValue', 0, 'PathRenderer', 'DetailRenderer');
INSERT INTO CNT_HISTORY_DEF_ITEM
 (ID, REVISION, ENTITY_VERSION, DOMAIN_ID, PARENT_ID, LINE_NO, FIELD_ID, TRACKING_LEVEL, PATH_RENDERER_CLASS, DETAIL_RENDERER_CLASS)
VALUES ('e112ff1f1f0d44078e67c332e8aa91b6', 0, 1, '/', 'eb6878409bc3439a9364e4b8c99b9d90', '151', 'merchandiserValue', 0, 'PathRenderer', 'DetailRenderer');
INSERT INTO CNT_HISTORY_DEF_ITEM
 (ID, REVISION, ENTITY_VERSION, DOMAIN_ID, PARENT_ID, LINE_NO, FIELD_ID, TRACKING_LEVEL, PATH_RENDERER_CLASS, DETAIL_RENDERER_CLASS)
VALUES ('64e6fe1f4b274cb588d9435c0109dd90', 0, 1, '/', 'eb6878409bc3439a9364e4b8c99b9d90', '152', 'qaOfficerValue', 0, 'PathRenderer', 'DetailRenderer');
INSERT INTO CNT_HISTORY_DEF_ITEM
 (ID, REVISION, ENTITY_VERSION, DOMAIN_ID, PARENT_ID, LINE_NO, FIELD_ID, TRACKING_LEVEL, PATH_RENDERER_CLASS, DETAIL_RENDERER_CLASS)
VALUES ('c1cc05abc5f847baaaa7f7ceeb75af8e', 0, 1, '/', 'eb6878409bc3439a9364e4b8c99b9d90', '153', 'inspectorValue', 0, 'PathRenderer', 'DetailRenderer');
INSERT INTO CNT_HISTORY_DEF_ITEM
 (ID, REVISION, ENTITY_VERSION, DOMAIN_ID, PARENT_ID, LINE_NO, FIELD_ID, TRACKING_LEVEL, PATH_RENDERER_CLASS, DETAIL_RENDERER_CLASS)
VALUES ('bd09f51866e248c0ba5d203abebf0616', 0, 1, '/', 'eb6878409bc3439a9364e4b8c99b9d90', '154', 'custCodelist1Name', 0, 'PathRenderer', 'DetailRenderer');
INSERT INTO CNT_HISTORY_DEF_ITEM
 (ID, REVISION, ENTITY_VERSION, DOMAIN_ID, PARENT_ID, LINE_NO, FIELD_ID, TRACKING_LEVEL, PATH_RENDERER_CLASS, DETAIL_RENDERER_CLASS)
VALUES ('7c92f3f54e6344609f56dbe7c5fc1478', 0, 1, '/', 'eb6878409bc3439a9364e4b8c99b9d90', '155', 'custCodelist2Name', 0, 'PathRenderer', 'DetailRenderer');
INSERT INTO CNT_HISTORY_DEF_ITEM
 (ID, REVISION, ENTITY_VERSION, DOMAIN_ID, PARENT_ID, LINE_NO, FIELD_ID, TRACKING_LEVEL, PATH_RENDERER_CLASS, DETAIL_RENDERER_CLASS)
VALUES ('ebfcf6e9627a4e7fbdfb07b5ab4bf333', 0, 1, '/', 'eb6878409bc3439a9364e4b8c99b9d90', '156', 'custCodelist3Name', 0, 'PathRenderer', 'DetailRenderer');
INSERT INTO CNT_HISTORY_DEF_ITEM
 (ID, REVISION, ENTITY_VERSION, DOMAIN_ID, PARENT_ID, LINE_NO, FIELD_ID, TRACKING_LEVEL, PATH_RENDERER_CLASS, DETAIL_RENDERER_CLASS)
VALUES ('dd3b1029178849578dbed91e6d931fca', 0, 1, '/', 'eb6878409bc3439a9364e4b8c99b9d90', '157', 'custCodelist4Name', 0, 'PathRenderer', 'DetailRenderer');
INSERT INTO CNT_HISTORY_DEF_ITEM
 (ID, REVISION, ENTITY_VERSION, DOMAIN_ID, PARENT_ID, LINE_NO, FIELD_ID, TRACKING_LEVEL, PATH_RENDERER_CLASS, DETAIL_RENDERER_CLASS)
VALUES ('b909e5782cba481aaec63976e9f00b14', 0, 1, '/', 'eb6878409bc3439a9364e4b8c99b9d90', '158', 'custCodelist5Name', 0, 'PathRenderer', 'DetailRenderer');
INSERT INTO CNT_HISTORY_DEF_ITEM
 (ID, REVISION, ENTITY_VERSION, DOMAIN_ID, PARENT_ID, LINE_NO, FIELD_ID, TRACKING_LEVEL, PATH_RENDERER_CLASS, DETAIL_RENDERER_CLASS)
VALUES ('18c50e77bc2b4f8c977f83d901efc8ee', 0, 1, '/', 'eb6878409bc3439a9364e4b8c99b9d90', '159', 'custCodelist6Name', 0, 'PathRenderer', 'DetailRenderer');
INSERT INTO CNT_HISTORY_DEF_ITEM
 (ID, REVISION, ENTITY_VERSION, DOMAIN_ID, PARENT_ID, LINE_NO, FIELD_ID, TRACKING_LEVEL, PATH_RENDERER_CLASS, DETAIL_RENDERER_CLASS)
VALUES ('87a4e430fb344416879b49e69f123627', 0, 1, '/', 'eb6878409bc3439a9364e4b8c99b9d90', '160', 'custCodelist7Name', 0, 'PathRenderer', 'DetailRenderer');
INSERT INTO CNT_HISTORY_DEF_ITEM
 (ID, REVISION, ENTITY_VERSION, DOMAIN_ID, PARENT_ID, LINE_NO, FIELD_ID, TRACKING_LEVEL, PATH_RENDERER_CLASS, DETAIL_RENDERER_CLASS)
VALUES ('fad846d1ef30490a8f28fd82d3cf189b', 0, 1, '/', 'eb6878409bc3439a9364e4b8c99b9d90', '161', 'custHcl1Ref', 0, 'PathRenderer', 'DetailRenderer');
INSERT INTO CNT_HISTORY_DEF_ITEM
 (ID, REVISION, ENTITY_VERSION, DOMAIN_ID, PARENT_ID, LINE_NO, FIELD_ID, TRACKING_LEVEL, PATH_RENDERER_CLASS, DETAIL_RENDERER_CLASS)
VALUES ('06061302576e44069d1476906f2a63b3', 0, 1, '/', 'eb6878409bc3439a9364e4b8c99b9d90', '162', 'custHcl1Ver', 0, 'PathRenderer', 'DetailRenderer');
INSERT INTO CNT_HISTORY_DEF_ITEM
 (ID, REVISION, ENTITY_VERSION, DOMAIN_ID, PARENT_ID, LINE_NO, FIELD_ID, TRACKING_LEVEL, PATH_RENDERER_CLASS, DETAIL_RENDERER_CLASS)
VALUES ('bb9e03cc8e57484b950619feece035c2', 0, 1, '/', 'eb6878409bc3439a9364e4b8c99b9d90', '163', 'custHcl1Ref2', 0, 'PathRenderer', 'DetailRenderer');
INSERT INTO CNT_HISTORY_DEF_ITEM
 (ID, REVISION, ENTITY_VERSION, DOMAIN_ID, PARENT_ID, LINE_NO, FIELD_ID, TRACKING_LEVEL, PATH_RENDERER_CLASS, DETAIL_RENDERER_CLASS)
VALUES ('08c54663c80b4d0baf82704f20b28070', 0, 1, '/', 'eb6878409bc3439a9364e4b8c99b9d90', '164', 'custHcl1FullLineage', 0, 'PathRenderer', 'DetailRenderer');
INSERT INTO CNT_HISTORY_DEF_ITEM
 (ID, REVISION, ENTITY_VERSION, DOMAIN_ID, PARENT_ID, LINE_NO, FIELD_ID, TRACKING_LEVEL, PATH_RENDERER_CLASS, DETAIL_RENDERER_CLASS)
VALUES ('eba0cbe0beb048c6bace28516ecbaf2d', 0, 1, '/', 'eb6878409bc3439a9364e4b8c99b9d90', '165', 'custHcl2Ref', 0, 'PathRenderer', 'DetailRenderer');
INSERT INTO CNT_HISTORY_DEF_ITEM
 (ID, REVISION, ENTITY_VERSION, DOMAIN_ID, PARENT_ID, LINE_NO, FIELD_ID, TRACKING_LEVEL, PATH_RENDERER_CLASS, DETAIL_RENDERER_CLASS)
VALUES ('947f08bbf43a456db48407a86d95c0cb', 0, 1, '/', 'eb6878409bc3439a9364e4b8c99b9d90', '166', 'custHcl2Ver', 0, 'PathRenderer', 'DetailRenderer');
INSERT INTO CNT_HISTORY_DEF_ITEM
 (ID, REVISION, ENTITY_VERSION, DOMAIN_ID, PARENT_ID, LINE_NO, FIELD_ID, TRACKING_LEVEL, PATH_RENDERER_CLASS, DETAIL_RENDERER_CLASS)
VALUES ('dbcf95e836094c05a63275f84565086f', 0, 1, '/', 'eb6878409bc3439a9364e4b8c99b9d90', '167', 'custHcl2Ref2', 0, 'PathRenderer', 'DetailRenderer');
INSERT INTO CNT_HISTORY_DEF_ITEM
 (ID, REVISION, ENTITY_VERSION, DOMAIN_ID, PARENT_ID, LINE_NO, FIELD_ID, TRACKING_LEVEL, PATH_RENDERER_CLASS, DETAIL_RENDERER_CLASS)
VALUES ('e4d911bbe57943c196b851fe3edcd06a', 0, 1, '/', 'eb6878409bc3439a9364e4b8c99b9d90', '168', 'custHcl2FullLineage', 0, 'PathRenderer', 'DetailRenderer');
INSERT INTO CNT_HISTORY_DEF_ITEM
 (ID, REVISION, ENTITY_VERSION, DOMAIN_ID, PARENT_ID, LINE_NO, FIELD_ID, TRACKING_LEVEL, PATH_RENDERER_CLASS, DETAIL_RENDERER_CLASS)
VALUES ('e5edd54dcbfe4c088d231da0ac943c08', 0, 1, '/', 'eb6878409bc3439a9364e4b8c99b9d90', '169', 'custHcl3Ref', 0, 'PathRenderer', 'DetailRenderer');
INSERT INTO CNT_HISTORY_DEF_ITEM
 (ID, REVISION, ENTITY_VERSION, DOMAIN_ID, PARENT_ID, LINE_NO, FIELD_ID, TRACKING_LEVEL, PATH_RENDERER_CLASS, DETAIL_RENDERER_CLASS)
VALUES ('4b85f9a6d67d40ca9a241de910d3816d', 0, 1, '/', 'eb6878409bc3439a9364e4b8c99b9d90', '170', 'custHcl3Ver', 0, 'PathRenderer', 'DetailRenderer');
INSERT INTO CNT_HISTORY_DEF_ITEM
 (ID, REVISION, ENTITY_VERSION, DOMAIN_ID, PARENT_ID, LINE_NO, FIELD_ID, TRACKING_LEVEL, PATH_RENDERER_CLASS, DETAIL_RENDERER_CLASS)
VALUES ('ee1c285e65094154ab956744e3b015cd', 0, 1, '/', 'eb6878409bc3439a9364e4b8c99b9d90', '171', 'custHcl3Ref2', 0, 'PathRenderer', 'DetailRenderer');
INSERT INTO CNT_HISTORY_DEF_ITEM
 (ID, REVISION, ENTITY_VERSION, DOMAIN_ID, PARENT_ID, LINE_NO, FIELD_ID, TRACKING_LEVEL, PATH_RENDERER_CLASS, DETAIL_RENDERER_CLASS)
VALUES ('d2cf292a33644f83a640fb90d093be9b', 0, 1, '/', 'eb6878409bc3439a9364e4b8c99b9d90', '172', 'custHcl3FullLineage', 0, 'PathRenderer', 'DetailRenderer');
INSERT INTO CNT_HISTORY_DEF_ITEM
 (ID, REVISION, ENTITY_VERSION, DOMAIN_ID, PARENT_ID, LINE_NO, FIELD_ID, TRACKING_LEVEL, PATH_RENDERER_CLASS, DETAIL_RENDERER_CLASS)
VALUES ('768b0e004f6c4af0999d5e7b734d72e1', 0, 1, '/', 'eb6878409bc3439a9364e4b8c99b9d90', '173', 'custHcl4Ref', 0, 'PathRenderer', 'DetailRenderer');
INSERT INTO CNT_HISTORY_DEF_ITEM
 (ID, REVISION, ENTITY_VERSION, DOMAIN_ID, PARENT_ID, LINE_NO, FIELD_ID, TRACKING_LEVEL, PATH_RENDERER_CLASS, DETAIL_RENDERER_CLASS)
VALUES ('a8d59b49e1ca4bd3bd1a9ae295045d2d', 0, 1, '/', 'eb6878409bc3439a9364e4b8c99b9d90', '174', 'custHcl4Ver', 0, 'PathRenderer', 'DetailRenderer');
INSERT INTO CNT_HISTORY_DEF_ITEM
 (ID, REVISION, ENTITY_VERSION, DOMAIN_ID, PARENT_ID, LINE_NO, FIELD_ID, TRACKING_LEVEL, PATH_RENDERER_CLASS, DETAIL_RENDERER_CLASS)
VALUES ('cd15a5c7d90c45dcb46f166f99753255', 0, 1, '/', 'eb6878409bc3439a9364e4b8c99b9d90', '175', 'custHcl4Ref2', 0, 'PathRenderer', 'DetailRenderer');
INSERT INTO CNT_HISTORY_DEF_ITEM
 (ID, REVISION, ENTITY_VERSION, DOMAIN_ID, PARENT_ID, LINE_NO, FIELD_ID, TRACKING_LEVEL, PATH_RENDERER_CLASS, DETAIL_RENDERER_CLASS)
VALUES ('b708095940a646318f174a2c294eb706', 0, 1, '/', 'eb6878409bc3439a9364e4b8c99b9d90', '176', 'custHcl4FullLineage', 0, 'PathRenderer', 'DetailRenderer');
INSERT INTO CNT_HISTORY_DEF_ITEM
 (ID, REVISION, ENTITY_VERSION, DOMAIN_ID, PARENT_ID, LINE_NO, FIELD_ID, TRACKING_LEVEL, PATH_RENDERER_CLASS, DETAIL_RENDERER_CLASS)
VALUES ('625669cfa60b4d6e9f6f891b6bc6741c', 0, 1, '/', 'eb6878409bc3439a9364e4b8c99b9d90', '177', 'custHcl5Ref', 0, 'PathRenderer', 'DetailRenderer');
INSERT INTO CNT_HISTORY_DEF_ITEM
 (ID, REVISION, ENTITY_VERSION, DOMAIN_ID, PARENT_ID, LINE_NO, FIELD_ID, TRACKING_LEVEL, PATH_RENDERER_CLASS, DETAIL_RENDERER_CLASS)
VALUES ('e019eee5af41465cbcb55cf38e2a95a3', 0, 1, '/', 'eb6878409bc3439a9364e4b8c99b9d90', '178', 'custHcl5Ver', 0, 'PathRenderer', 'DetailRenderer');
INSERT INTO CNT_HISTORY_DEF_ITEM
 (ID, REVISION, ENTITY_VERSION, DOMAIN_ID, PARENT_ID, LINE_NO, FIELD_ID, TRACKING_LEVEL, PATH_RENDERER_CLASS, DETAIL_RENDERER_CLASS)
VALUES ('ee25c3f14d2c4170a36cc6bed9460f41', 0, 1, '/', 'eb6878409bc3439a9364e4b8c99b9d90', '179', 'custHcl5Ref2', 0, 'PathRenderer', 'DetailRenderer');
INSERT INTO CNT_HISTORY_DEF_ITEM
 (ID, REVISION, ENTITY_VERSION, DOMAIN_ID, PARENT_ID, LINE_NO, FIELD_ID, TRACKING_LEVEL, PATH_RENDERER_CLASS, DETAIL_RENDERER_CLASS)
VALUES ('628ee1313c35409a9cb0dc0fef4e4567', 0, 1, '/', 'eb6878409bc3439a9364e4b8c99b9d90', '180', 'custHcl5FullLineage', 0, 'PathRenderer', 'DetailRenderer');
INSERT INTO CNT_HISTORY_DEF
 (ID, REVISION, APPLY_ENTITY, ENTITY_VERSION, DOMAIN_ID , GENERATED, CREATE_USER, CREATE_USER_NAME, CREATED_ON)
VALUES ('27987dba4f6a43ef98496c5825ae74f5', 0, 'BriefCust', 1, '/', 1, 'system', 'system', systimestamp);
INSERT INTO CNT_HISTORY_DEF_ITEM
 (ID, REVISION, ENTITY_VERSION, DOMAIN_ID, PARENT_ID, LINE_NO, FIELD_ID, TRACKING_LEVEL, PATH_RENDERER_CLASS, DETAIL_RENDERER_CLASS)
VALUES ('3943e903134e4149ad9af7dc8a36c19c', 0, 1, '/', '27987dba4f6a43ef98496c5825ae74f5', '0', 'id', 1, 'PathRenderer', 'DetailRenderer');
INSERT INTO CNT_HISTORY_DEF_ITEM
 (ID, REVISION, ENTITY_VERSION, DOMAIN_ID, PARENT_ID, LINE_NO, FIELD_ID, TRACKING_LEVEL, PATH_RENDERER_CLASS, DETAIL_RENDERER_CLASS)
VALUES ('e8f3e2700223434fad5f39262d1ef73e', 0, 1, '/', '27987dba4f6a43ef98496c5825ae74f5', '1', 'revision', 1, 'PathRenderer', 'DetailRenderer');
INSERT INTO CNT_HISTORY_DEF_ITEM
 (ID, REVISION, ENTITY_VERSION, DOMAIN_ID, PARENT_ID, LINE_NO, FIELD_ID, TRACKING_LEVEL, PATH_RENDERER_CLASS, DETAIL_RENDERER_CLASS)
VALUES ('7d5d62d318354bfbb8da0436ede522e3', 0, 1, '/', '27987dba4f6a43ef98496c5825ae74f5', '2', 'entityVersion', 1, 'PathRenderer', 'DetailRenderer');
INSERT INTO CNT_HISTORY_DEF_ITEM
 (ID, REVISION, ENTITY_VERSION, DOMAIN_ID, PARENT_ID, LINE_NO, FIELD_ID, TRACKING_LEVEL, PATH_RENDERER_CLASS, DETAIL_RENDERER_CLASS)
VALUES ('41dad0dfdbaa47b5a160cc07a7cfce25', 0, 1, '/', '27987dba4f6a43ef98496c5825ae74f5', '3', 'domainId', 1, 'PathRenderer', 'DetailRenderer');
INSERT INTO CNT_HISTORY_DEF_ITEM
 (ID, REVISION, ENTITY_VERSION, DOMAIN_ID, PARENT_ID, LINE_NO, FIELD_ID, TRACKING_LEVEL, PATH_RENDERER_CLASS, DETAIL_RENDERER_CLASS)
VALUES ('6dddd005b7b94115a53aa5f24d669bb7', 0, 1, '/', '27987dba4f6a43ef98496c5825ae74f5', '4', 'hubDomainId', 1, 'PathRenderer', 'DetailRenderer');
INSERT INTO CNT_HISTORY_DEF_ITEM
 (ID, REVISION, ENTITY_VERSION, DOMAIN_ID, PARENT_ID, LINE_NO, FIELD_ID, TRACKING_LEVEL, PATH_RENDERER_CLASS, DETAIL_RENDERER_CLASS)
VALUES ('46eb2b156cc74be78461cbf7bda6f712', 0, 1, '/', '27987dba4f6a43ef98496c5825ae74f5', '5', 'isForReference', 1, 'PathRenderer', 'DetailRenderer');
INSERT INTO CNT_HISTORY_DEF_ITEM
 (ID, REVISION, ENTITY_VERSION, DOMAIN_ID, PARENT_ID, LINE_NO, FIELD_ID, TRACKING_LEVEL, PATH_RENDERER_CLASS, DETAIL_RENDERER_CLASS)
VALUES ('a80717573adf440ea70ff7ba0c138a75', 0, 1, '/', '27987dba4f6a43ef98496c5825ae74f5', '6', 'internalSeqNo', 1, 'PathRenderer', 'DetailRenderer');
INSERT INTO CNT_HISTORY_DEF_ITEM
 (ID, REVISION, ENTITY_VERSION, DOMAIN_ID, PARENT_ID, LINE_NO, FIELD_ID, TRACKING_LEVEL, PATH_RENDERER_CLASS, DETAIL_RENDERER_CLASS)
VALUES ('6996edcc8e6a4609a08bdf9cd19702ae', 0, 1, '/', '27987dba4f6a43ef98496c5825ae74f5', '7', 'briefId', 1, 'PathRenderer', 'DetailRenderer');
INSERT INTO CNT_HISTORY_DEF_ITEM
 (ID, REVISION, ENTITY_VERSION, DOMAIN_ID, PARENT_ID, LINE_NO, FIELD_ID, TRACKING_LEVEL, PATH_RENDERER_CLASS, DETAIL_RENDERER_CLASS)
VALUES ('7085ecd647c24ca7a1ce748dfe757f9f', 0, 1, '/', '27987dba4f6a43ef98496c5825ae74f5', '8', 'custId', 1, 'PathRenderer', 'DetailRenderer');
INSERT INTO CNT_HISTORY_DEF_ITEM
 (ID, REVISION, ENTITY_VERSION, DOMAIN_ID, PARENT_ID, LINE_NO, FIELD_ID, TRACKING_LEVEL, PATH_RENDERER_CLASS, DETAIL_RENDERER_CLASS)
VALUES ('6cc0c5c7e9e643e192206589c5415356', 0, 1, '/', '27987dba4f6a43ef98496c5825ae74f5', '9', 'market', 1, 'PathRenderer', 'DetailRenderer');
INSERT INTO CNT_HISTORY_DEF_ITEM
 (ID, REVISION, ENTITY_VERSION, DOMAIN_ID, PARENT_ID, LINE_NO, FIELD_ID, TRACKING_LEVEL, PATH_RENDERER_CLASS, DETAIL_RENDERER_CLASS)
VALUES ('de23449d0f8d4293ad4ec7a1337c4e13', 0, 1, '/', '27987dba4f6a43ef98496c5825ae74f5', '10', 'channel', 1, 'PathRenderer', 'DetailRenderer');
INSERT INTO CNT_HISTORY_DEF_ITEM
 (ID, REVISION, ENTITY_VERSION, DOMAIN_ID, PARENT_ID, LINE_NO, FIELD_ID, TRACKING_LEVEL, PATH_RENDERER_CLASS, DETAIL_RENDERER_CLASS)
VALUES ('8ba2357b4528405b90851ec36e0d94e5', 0, 1, '/', '27987dba4f6a43ef98496c5825ae74f5', '11', 'refNo', 0, 'PathRenderer', 'DetailRenderer');
INSERT INTO CNT_HISTORY_DEF_ITEM
 (ID, REVISION, ENTITY_VERSION, DOMAIN_ID, PARENT_ID, LINE_NO, FIELD_ID, TRACKING_LEVEL, PATH_RENDERER_CLASS, DETAIL_RENDERER_CLASS)
VALUES ('0fffc5f157c843c9aa6a1e1dc514a79b', 0, 1, '/', '27987dba4f6a43ef98496c5825ae74f5', '12', 'custText1', 1, 'PathRenderer', 'DetailRenderer');
INSERT INTO CNT_HISTORY_DEF_ITEM
 (ID, REVISION, ENTITY_VERSION, DOMAIN_ID, PARENT_ID, LINE_NO, FIELD_ID, TRACKING_LEVEL, PATH_RENDERER_CLASS, DETAIL_RENDERER_CLASS)
VALUES ('dc8834fcc4594dfeac219b3d6782024e', 0, 1, '/', '27987dba4f6a43ef98496c5825ae74f5', '13', 'custText2', 1, 'PathRenderer', 'DetailRenderer');
INSERT INTO CNT_HISTORY_DEF_ITEM
 (ID, REVISION, ENTITY_VERSION, DOMAIN_ID, PARENT_ID, LINE_NO, FIELD_ID, TRACKING_LEVEL, PATH_RENDERER_CLASS, DETAIL_RENDERER_CLASS)
VALUES ('b2cca6bcd88d4f489977324f41e279ba', 0, 1, '/', '27987dba4f6a43ef98496c5825ae74f5', '14', 'custText3', 1, 'PathRenderer', 'DetailRenderer');
INSERT INTO CNT_HISTORY_DEF_ITEM
 (ID, REVISION, ENTITY_VERSION, DOMAIN_ID, PARENT_ID, LINE_NO, FIELD_ID, TRACKING_LEVEL, PATH_RENDERER_CLASS, DETAIL_RENDERER_CLASS)
VALUES ('3792da8de7cb432cbb462a3fead56236', 0, 1, '/', '27987dba4f6a43ef98496c5825ae74f5', '15', 'custText4', 1, 'PathRenderer', 'DetailRenderer');
INSERT INTO CNT_HISTORY_DEF_ITEM
 (ID, REVISION, ENTITY_VERSION, DOMAIN_ID, PARENT_ID, LINE_NO, FIELD_ID, TRACKING_LEVEL, PATH_RENDERER_CLASS, DETAIL_RENDERER_CLASS)
VALUES ('5714fa6f3b43472d8f1b549cdd5b9f91', 0, 1, '/', '27987dba4f6a43ef98496c5825ae74f5', '16', 'custText5', 1, 'PathRenderer', 'DetailRenderer');
INSERT INTO CNT_HISTORY_DEF_ITEM
 (ID, REVISION, ENTITY_VERSION, DOMAIN_ID, PARENT_ID, LINE_NO, FIELD_ID, TRACKING_LEVEL, PATH_RENDERER_CLASS, DETAIL_RENDERER_CLASS)
VALUES ('95715b907c9048098b1393563370843e', 0, 1, '/', '27987dba4f6a43ef98496c5825ae74f5', '17', 'custText6', 1, 'PathRenderer', 'DetailRenderer');
INSERT INTO CNT_HISTORY_DEF_ITEM
 (ID, REVISION, ENTITY_VERSION, DOMAIN_ID, PARENT_ID, LINE_NO, FIELD_ID, TRACKING_LEVEL, PATH_RENDERER_CLASS, DETAIL_RENDERER_CLASS)
VALUES ('ffec7c7fa05d4562b8e09df541f04a7a', 0, 1, '/', '27987dba4f6a43ef98496c5825ae74f5', '18', 'custText7', 1, 'PathRenderer', 'DetailRenderer');
INSERT INTO CNT_HISTORY_DEF_ITEM
 (ID, REVISION, ENTITY_VERSION, DOMAIN_ID, PARENT_ID, LINE_NO, FIELD_ID, TRACKING_LEVEL, PATH_RENDERER_CLASS, DETAIL_RENDERER_CLASS)
VALUES ('1d28af076507482aac42032abfc05390', 0, 1, '/', '27987dba4f6a43ef98496c5825ae74f5', '19', 'custDate1', 1, 'PathRenderer', 'DetailRenderer');
INSERT INTO CNT_HISTORY_DEF_ITEM
 (ID, REVISION, ENTITY_VERSION, DOMAIN_ID, PARENT_ID, LINE_NO, FIELD_ID, TRACKING_LEVEL, PATH_RENDERER_CLASS, DETAIL_RENDERER_CLASS)
VALUES ('6ca8511a0500435d97bacdfaeca41258', 0, 1, '/', '27987dba4f6a43ef98496c5825ae74f5', '20', 'custDate2', 1, 'PathRenderer', 'DetailRenderer');
INSERT INTO CNT_HISTORY_DEF_ITEM
 (ID, REVISION, ENTITY_VERSION, DOMAIN_ID, PARENT_ID, LINE_NO, FIELD_ID, TRACKING_LEVEL, PATH_RENDERER_CLASS, DETAIL_RENDERER_CLASS)
VALUES ('c1488c3573784d8f801f0d0f358c1a7b', 0, 1, '/', '27987dba4f6a43ef98496c5825ae74f5', '21', 'custDate3', 1, 'PathRenderer', 'DetailRenderer');
INSERT INTO CNT_HISTORY_DEF_ITEM
 (ID, REVISION, ENTITY_VERSION, DOMAIN_ID, PARENT_ID, LINE_NO, FIELD_ID, TRACKING_LEVEL, PATH_RENDERER_CLASS, DETAIL_RENDERER_CLASS)
VALUES ('4b53249b090345e2bb0f2c48e4de787e', 0, 1, '/', '27987dba4f6a43ef98496c5825ae74f5', '22', 'custDate4', 1, 'PathRenderer', 'DetailRenderer');
INSERT INTO CNT_HISTORY_DEF_ITEM
 (ID, REVISION, ENTITY_VERSION, DOMAIN_ID, PARENT_ID, LINE_NO, FIELD_ID, TRACKING_LEVEL, PATH_RENDERER_CLASS, DETAIL_RENDERER_CLASS)
VALUES ('a44dbe9f45774df5b046938311a070a6', 0, 1, '/', '27987dba4f6a43ef98496c5825ae74f5', '23', 'custDate5', 1, 'PathRenderer', 'DetailRenderer');
INSERT INTO CNT_HISTORY_DEF_ITEM
 (ID, REVISION, ENTITY_VERSION, DOMAIN_ID, PARENT_ID, LINE_NO, FIELD_ID, TRACKING_LEVEL, PATH_RENDERER_CLASS, DETAIL_RENDERER_CLASS)
VALUES ('50681076851041548ca00b1550699a1f', 0, 1, '/', '27987dba4f6a43ef98496c5825ae74f5', '24', 'custDate6', 1, 'PathRenderer', 'DetailRenderer');
INSERT INTO CNT_HISTORY_DEF_ITEM
 (ID, REVISION, ENTITY_VERSION, DOMAIN_ID, PARENT_ID, LINE_NO, FIELD_ID, TRACKING_LEVEL, PATH_RENDERER_CLASS, DETAIL_RENDERER_CLASS)
VALUES ('34cc0a5547d3454186a28b6d676da92c', 0, 1, '/', '27987dba4f6a43ef98496c5825ae74f5', '25', 'custDate7', 1, 'PathRenderer', 'DetailRenderer');
INSERT INTO CNT_HISTORY_DEF_ITEM
 (ID, REVISION, ENTITY_VERSION, DOMAIN_ID, PARENT_ID, LINE_NO, FIELD_ID, TRACKING_LEVEL, PATH_RENDERER_CLASS, DETAIL_RENDERER_CLASS)
VALUES ('681715a0c2054da5aa9e46b55afb7379', 0, 1, '/', '27987dba4f6a43ef98496c5825ae74f5', '26', 'custNumber1', 1, 'PathRenderer', 'DetailRenderer');
INSERT INTO CNT_HISTORY_DEF_ITEM
 (ID, REVISION, ENTITY_VERSION, DOMAIN_ID, PARENT_ID, LINE_NO, FIELD_ID, TRACKING_LEVEL, PATH_RENDERER_CLASS, DETAIL_RENDERER_CLASS)
VALUES ('92d90e92f5114630893a350e97a441d9', 0, 1, '/', '27987dba4f6a43ef98496c5825ae74f5', '27', 'custNumber2', 1, 'PathRenderer', 'DetailRenderer');
INSERT INTO CNT_HISTORY_DEF_ITEM
 (ID, REVISION, ENTITY_VERSION, DOMAIN_ID, PARENT_ID, LINE_NO, FIELD_ID, TRACKING_LEVEL, PATH_RENDERER_CLASS, DETAIL_RENDERER_CLASS)
VALUES ('5a9e66f14b674745b3cd3d47704a9575', 0, 1, '/', '27987dba4f6a43ef98496c5825ae74f5', '28', 'custNumber3', 1, 'PathRenderer', 'DetailRenderer');
INSERT INTO CNT_HISTORY_DEF_ITEM
 (ID, REVISION, ENTITY_VERSION, DOMAIN_ID, PARENT_ID, LINE_NO, FIELD_ID, TRACKING_LEVEL, PATH_RENDERER_CLASS, DETAIL_RENDERER_CLASS)
VALUES ('50e18d80dc254261b1832cde1a01b75b', 0, 1, '/', '27987dba4f6a43ef98496c5825ae74f5', '29', 'custNumber4', 1, 'PathRenderer', 'DetailRenderer');
INSERT INTO CNT_HISTORY_DEF_ITEM
 (ID, REVISION, ENTITY_VERSION, DOMAIN_ID, PARENT_ID, LINE_NO, FIELD_ID, TRACKING_LEVEL, PATH_RENDERER_CLASS, DETAIL_RENDERER_CLASS)
VALUES ('ba30a10aff8645b2a5e2e87f9fe2cc7e', 0, 1, '/', '27987dba4f6a43ef98496c5825ae74f5', '30', 'custNumber5', 1, 'PathRenderer', 'DetailRenderer');
INSERT INTO CNT_HISTORY_DEF_ITEM
 (ID, REVISION, ENTITY_VERSION, DOMAIN_ID, PARENT_ID, LINE_NO, FIELD_ID, TRACKING_LEVEL, PATH_RENDERER_CLASS, DETAIL_RENDERER_CLASS)
VALUES ('d863c2281de74060bab3025d16175348', 0, 1, '/', '27987dba4f6a43ef98496c5825ae74f5', '31', 'custNumber6', 1, 'PathRenderer', 'DetailRenderer');
INSERT INTO CNT_HISTORY_DEF_ITEM
 (ID, REVISION, ENTITY_VERSION, DOMAIN_ID, PARENT_ID, LINE_NO, FIELD_ID, TRACKING_LEVEL, PATH_RENDERER_CLASS, DETAIL_RENDERER_CLASS)
VALUES ('273ab5dc3c064a99a6209a47550ae732', 0, 1, '/', '27987dba4f6a43ef98496c5825ae74f5', '32', 'custNumber7', 1, 'PathRenderer', 'DetailRenderer');
INSERT INTO CNT_HISTORY_DEF_ITEM
 (ID, REVISION, ENTITY_VERSION, DOMAIN_ID, PARENT_ID, LINE_NO, FIELD_ID, TRACKING_LEVEL, PATH_RENDERER_CLASS, DETAIL_RENDERER_CLASS)
VALUES ('e822ac441d8f4e1a8721b38a046387a9', 0, 1, '/', '27987dba4f6a43ef98496c5825ae74f5', '33', 'custDecimal1', 1, 'PathRenderer', 'DetailRenderer');
INSERT INTO CNT_HISTORY_DEF_ITEM
 (ID, REVISION, ENTITY_VERSION, DOMAIN_ID, PARENT_ID, LINE_NO, FIELD_ID, TRACKING_LEVEL, PATH_RENDERER_CLASS, DETAIL_RENDERER_CLASS)
VALUES ('7881575bdb9f4f389ca414ad11efdb51', 0, 1, '/', '27987dba4f6a43ef98496c5825ae74f5', '34', 'custDecimal2', 1, 'PathRenderer', 'DetailRenderer');
INSERT INTO CNT_HISTORY_DEF_ITEM
 (ID, REVISION, ENTITY_VERSION, DOMAIN_ID, PARENT_ID, LINE_NO, FIELD_ID, TRACKING_LEVEL, PATH_RENDERER_CLASS, DETAIL_RENDERER_CLASS)
VALUES ('b471c7d786244dc5b093987bbe376fb9', 0, 1, '/', '27987dba4f6a43ef98496c5825ae74f5', '35', 'custDecimal3', 1, 'PathRenderer', 'DetailRenderer');
INSERT INTO CNT_HISTORY_DEF_ITEM
 (ID, REVISION, ENTITY_VERSION, DOMAIN_ID, PARENT_ID, LINE_NO, FIELD_ID, TRACKING_LEVEL, PATH_RENDERER_CLASS, DETAIL_RENDERER_CLASS)
VALUES ('79b5ac99b5b443fe8eb2c4d18e906181', 0, 1, '/', '27987dba4f6a43ef98496c5825ae74f5', '36', 'custDecimal4', 1, 'PathRenderer', 'DetailRenderer');
INSERT INTO CNT_HISTORY_DEF_ITEM
 (ID, REVISION, ENTITY_VERSION, DOMAIN_ID, PARENT_ID, LINE_NO, FIELD_ID, TRACKING_LEVEL, PATH_RENDERER_CLASS, DETAIL_RENDERER_CLASS)
VALUES ('fc83cd880c374483b66becfb0f2118c7', 0, 1, '/', '27987dba4f6a43ef98496c5825ae74f5', '37', 'custDecimal5', 1, 'PathRenderer', 'DetailRenderer');
INSERT INTO CNT_HISTORY_DEF_ITEM
 (ID, REVISION, ENTITY_VERSION, DOMAIN_ID, PARENT_ID, LINE_NO, FIELD_ID, TRACKING_LEVEL, PATH_RENDERER_CLASS, DETAIL_RENDERER_CLASS)
VALUES ('2c84a8c9c57b45cb9cd06422d09dae1f', 0, 1, '/', '27987dba4f6a43ef98496c5825ae74f5', '38', 'custDecimal6', 1, 'PathRenderer', 'DetailRenderer');
INSERT INTO CNT_HISTORY_DEF_ITEM
 (ID, REVISION, ENTITY_VERSION, DOMAIN_ID, PARENT_ID, LINE_NO, FIELD_ID, TRACKING_LEVEL, PATH_RENDERER_CLASS, DETAIL_RENDERER_CLASS)
VALUES ('1e635aafa515468e9700f02465d9f6be', 0, 1, '/', '27987dba4f6a43ef98496c5825ae74f5', '39', 'custDecimal7', 1, 'PathRenderer', 'DetailRenderer');
INSERT INTO CNT_HISTORY_DEF_ITEM
 (ID, REVISION, ENTITY_VERSION, DOMAIN_ID, PARENT_ID, LINE_NO, FIELD_ID, TRACKING_LEVEL, PATH_RENDERER_CLASS, DETAIL_RENDERER_CLASS)
VALUES ('a6282a6dfdf940639073898fcbc2891d', 0, 1, '/', '27987dba4f6a43ef98496c5825ae74f5', '40', 'custCodelist1', 1, 'PathRenderer', 'DetailRenderer');
INSERT INTO CNT_HISTORY_DEF_ITEM
 (ID, REVISION, ENTITY_VERSION, DOMAIN_ID, PARENT_ID, LINE_NO, FIELD_ID, TRACKING_LEVEL, PATH_RENDERER_CLASS, DETAIL_RENDERER_CLASS)
VALUES ('2d1d5970151b48c79bae6211a77cc440', 0, 1, '/', '27987dba4f6a43ef98496c5825ae74f5', '41', 'custCodelist2', 1, 'PathRenderer', 'DetailRenderer');
INSERT INTO CNT_HISTORY_DEF_ITEM
 (ID, REVISION, ENTITY_VERSION, DOMAIN_ID, PARENT_ID, LINE_NO, FIELD_ID, TRACKING_LEVEL, PATH_RENDERER_CLASS, DETAIL_RENDERER_CLASS)
VALUES ('3d382106bb594d1c886a697e02bc0109', 0, 1, '/', '27987dba4f6a43ef98496c5825ae74f5', '42', 'custCodelist3', 1, 'PathRenderer', 'DetailRenderer');
INSERT INTO CNT_HISTORY_DEF_ITEM
 (ID, REVISION, ENTITY_VERSION, DOMAIN_ID, PARENT_ID, LINE_NO, FIELD_ID, TRACKING_LEVEL, PATH_RENDERER_CLASS, DETAIL_RENDERER_CLASS)
VALUES ('dcf2cc9f03454bba8bdbe8ae193bd56d', 0, 1, '/', '27987dba4f6a43ef98496c5825ae74f5', '43', 'custCodelist4', 1, 'PathRenderer', 'DetailRenderer');
INSERT INTO CNT_HISTORY_DEF_ITEM
 (ID, REVISION, ENTITY_VERSION, DOMAIN_ID, PARENT_ID, LINE_NO, FIELD_ID, TRACKING_LEVEL, PATH_RENDERER_CLASS, DETAIL_RENDERER_CLASS)
VALUES ('0ec17422db4040de829860fe1015ca50', 0, 1, '/', '27987dba4f6a43ef98496c5825ae74f5', '44', 'custCodelist5', 1, 'PathRenderer', 'DetailRenderer');
INSERT INTO CNT_HISTORY_DEF_ITEM
 (ID, REVISION, ENTITY_VERSION, DOMAIN_ID, PARENT_ID, LINE_NO, FIELD_ID, TRACKING_LEVEL, PATH_RENDERER_CLASS, DETAIL_RENDERER_CLASS)
VALUES ('4eb64bb7e400429a9899a3eba03b9d06', 0, 1, '/', '27987dba4f6a43ef98496c5825ae74f5', '45', 'custCodelist6', 1, 'PathRenderer', 'DetailRenderer');
INSERT INTO CNT_HISTORY_DEF_ITEM
 (ID, REVISION, ENTITY_VERSION, DOMAIN_ID, PARENT_ID, LINE_NO, FIELD_ID, TRACKING_LEVEL, PATH_RENDERER_CLASS, DETAIL_RENDERER_CLASS)
VALUES ('29984baddfb146d0891c0829b01e0202', 0, 1, '/', '27987dba4f6a43ef98496c5825ae74f5', '46', 'custCodelist7', 1, 'PathRenderer', 'DetailRenderer');
INSERT INTO CNT_HISTORY_DEF_ITEM
 (ID, REVISION, ENTITY_VERSION, DOMAIN_ID, PARENT_ID, LINE_NO, FIELD_ID, TRACKING_LEVEL, PATH_RENDERER_CLASS, DETAIL_RENDERER_CLASS)
VALUES ('fcd18e90193f4b538e461eb60271be12', 0, 1, '/', '27987dba4f6a43ef98496c5825ae74f5', '47', 'custMemoText1', 1, 'PathRenderer', 'DetailRenderer');
INSERT INTO CNT_HISTORY_DEF_ITEM
 (ID, REVISION, ENTITY_VERSION, DOMAIN_ID, PARENT_ID, LINE_NO, FIELD_ID, TRACKING_LEVEL, PATH_RENDERER_CLASS, DETAIL_RENDERER_CLASS)
VALUES ('70e61113761e417b9de57a4e4ada0343', 0, 1, '/', '27987dba4f6a43ef98496c5825ae74f5', '48', 'custMemoText2', 1, 'PathRenderer', 'DetailRenderer');
INSERT INTO CNT_HISTORY_DEF_ITEM
 (ID, REVISION, ENTITY_VERSION, DOMAIN_ID, PARENT_ID, LINE_NO, FIELD_ID, TRACKING_LEVEL, PATH_RENDERER_CLASS, DETAIL_RENDERER_CLASS)
VALUES ('50dcb396600944328e62a2d7d9bf75a8', 0, 1, '/', '27987dba4f6a43ef98496c5825ae74f5', '49', 'custMemoText3', 1, 'PathRenderer', 'DetailRenderer');
INSERT INTO CNT_HISTORY_DEF_ITEM
 (ID, REVISION, ENTITY_VERSION, DOMAIN_ID, PARENT_ID, LINE_NO, FIELD_ID, TRACKING_LEVEL, PATH_RENDERER_CLASS, DETAIL_RENDERER_CLASS)
VALUES ('f459b6de2c36453099b3bb59f07cc901', 0, 1, '/', '27987dba4f6a43ef98496c5825ae74f5', '50', 'custMemoText4', 1, 'PathRenderer', 'DetailRenderer');
INSERT INTO CNT_HISTORY_DEF_ITEM
 (ID, REVISION, ENTITY_VERSION, DOMAIN_ID, PARENT_ID, LINE_NO, FIELD_ID, TRACKING_LEVEL, PATH_RENDERER_CLASS, DETAIL_RENDERER_CLASS)
VALUES ('b97974055728463fb9a4f32db3090722', 0, 1, '/', '27987dba4f6a43ef98496c5825ae74f5', '51', 'custMemoText5', 1, 'PathRenderer', 'DetailRenderer');
INSERT INTO CNT_HISTORY_DEF_ITEM
 (ID, REVISION, ENTITY_VERSION, DOMAIN_ID, PARENT_ID, LINE_NO, FIELD_ID, TRACKING_LEVEL, PATH_RENDERER_CLASS, DETAIL_RENDERER_CLASS)
VALUES ('305941d7ad9c49e0b3fb087716eb75ee', 0, 1, '/', '27987dba4f6a43ef98496c5825ae74f5', '52', 'custMemoText6', 1, 'PathRenderer', 'DetailRenderer');
INSERT INTO CNT_HISTORY_DEF_ITEM
 (ID, REVISION, ENTITY_VERSION, DOMAIN_ID, PARENT_ID, LINE_NO, FIELD_ID, TRACKING_LEVEL, PATH_RENDERER_CLASS, DETAIL_RENDERER_CLASS)
VALUES ('0ccfcfe10b194cc0b5518153f16cf264', 0, 1, '/', '27987dba4f6a43ef98496c5825ae74f5', '53', 'custMemoText7', 1, 'PathRenderer', 'DetailRenderer');
INSERT INTO CNT_HISTORY_DEF_ITEM
 (ID, REVISION, ENTITY_VERSION, DOMAIN_ID, PARENT_ID, LINE_NO, FIELD_ID, TRACKING_LEVEL, PATH_RENDERER_CLASS, DETAIL_RENDERER_CLASS)
VALUES ('06ddd9c72d134906a5bec1542d0c3438', 0, 1, '/', '27987dba4f6a43ef98496c5825ae74f5', '54', 'custHcl1', 1, 'PathRenderer', 'DetailRenderer');
INSERT INTO CNT_HISTORY_DEF_ITEM
 (ID, REVISION, ENTITY_VERSION, DOMAIN_ID, PARENT_ID, LINE_NO, FIELD_ID, TRACKING_LEVEL, PATH_RENDERER_CLASS, DETAIL_RENDERER_CLASS)
VALUES ('2951ab63c559488282125abe82b81dd3', 0, 1, '/', '27987dba4f6a43ef98496c5825ae74f5', '55', 'custHcl2', 1, 'PathRenderer', 'DetailRenderer');
INSERT INTO CNT_HISTORY_DEF_ITEM
 (ID, REVISION, ENTITY_VERSION, DOMAIN_ID, PARENT_ID, LINE_NO, FIELD_ID, TRACKING_LEVEL, PATH_RENDERER_CLASS, DETAIL_RENDERER_CLASS)
VALUES ('d4f24f812ab54922a676b0e30096b7d8', 0, 1, '/', '27987dba4f6a43ef98496c5825ae74f5', '56', 'custHcl3', 1, 'PathRenderer', 'DetailRenderer');
INSERT INTO CNT_HISTORY_DEF_ITEM
 (ID, REVISION, ENTITY_VERSION, DOMAIN_ID, PARENT_ID, LINE_NO, FIELD_ID, TRACKING_LEVEL, PATH_RENDERER_CLASS, DETAIL_RENDERER_CLASS)
VALUES ('4748ac32b8ca4c5f831f630d156220f0', 0, 1, '/', '27987dba4f6a43ef98496c5825ae74f5', '57', 'custHcl4', 1, 'PathRenderer', 'DetailRenderer');
INSERT INTO CNT_HISTORY_DEF_ITEM
 (ID, REVISION, ENTITY_VERSION, DOMAIN_ID, PARENT_ID, LINE_NO, FIELD_ID, TRACKING_LEVEL, PATH_RENDERER_CLASS, DETAIL_RENDERER_CLASS)
VALUES ('63f9e54b2788446f82ff980094734312', 0, 1, '/', '27987dba4f6a43ef98496c5825ae74f5', '58', 'custHcl5', 1, 'PathRenderer', 'DetailRenderer');
INSERT INTO CNT_HISTORY_DEF_ITEM
 (ID, REVISION, ENTITY_VERSION, DOMAIN_ID, PARENT_ID, LINE_NO, FIELD_ID, TRACKING_LEVEL, PATH_RENDERER_CLASS, DETAIL_RENDERER_CLASS)
VALUES ('8f231feb6599471e9303879e639b929d', 0, 1, '/', '27987dba4f6a43ef98496c5825ae74f5', '59', 'custRef', 0, 'PathRenderer', 'DetailRenderer');
INSERT INTO CNT_HISTORY_DEF_ITEM
 (ID, REVISION, ENTITY_VERSION, DOMAIN_ID, PARENT_ID, LINE_NO, FIELD_ID, TRACKING_LEVEL, PATH_RENDERER_CLASS, DETAIL_RENDERER_CLASS)
VALUES ('25a4fd0b291848d9971aad940806b702', 0, 1, '/', '27987dba4f6a43ef98496c5825ae74f5', '60', 'custVer', 0, 'PathRenderer', 'DetailRenderer');
INSERT INTO CNT_HISTORY_DEF_ITEM
 (ID, REVISION, ENTITY_VERSION, DOMAIN_ID, PARENT_ID, LINE_NO, FIELD_ID, TRACKING_LEVEL, PATH_RENDERER_CLASS, DETAIL_RENDERER_CLASS)
VALUES ('d77999b1e0124e77ac609d3854a7af7b', 0, 1, '/', '27987dba4f6a43ef98496c5825ae74f5', '61', 'marketName', 0, 'PathRenderer', 'DetailRenderer');
INSERT INTO CNT_HISTORY_DEF_ITEM
 (ID, REVISION, ENTITY_VERSION, DOMAIN_ID, PARENT_ID, LINE_NO, FIELD_ID, TRACKING_LEVEL, PATH_RENDERER_CLASS, DETAIL_RENDERER_CLASS)
VALUES ('cbba54a08d974c02bb8118a6eb9b4118', 0, 1, '/', '27987dba4f6a43ef98496c5825ae74f5', '62', 'channelName', 0, 'PathRenderer', 'DetailRenderer');
INSERT INTO CNT_HISTORY_DEF_ITEM
 (ID, REVISION, ENTITY_VERSION, DOMAIN_ID, PARENT_ID, LINE_NO, FIELD_ID, TRACKING_LEVEL, PATH_RENDERER_CLASS, DETAIL_RENDERER_CLASS)
VALUES ('58e049ab87f44d088468fede90c8273e', 0, 1, '/', '27987dba4f6a43ef98496c5825ae74f5', '63', 'custCodelist1Name', 0, 'PathRenderer', 'DetailRenderer');
INSERT INTO CNT_HISTORY_DEF_ITEM
 (ID, REVISION, ENTITY_VERSION, DOMAIN_ID, PARENT_ID, LINE_NO, FIELD_ID, TRACKING_LEVEL, PATH_RENDERER_CLASS, DETAIL_RENDERER_CLASS)
VALUES ('37c4b9832691420aacd7d315e7657258', 0, 1, '/', '27987dba4f6a43ef98496c5825ae74f5', '64', 'custCodelist2Name', 0, 'PathRenderer', 'DetailRenderer');
INSERT INTO CNT_HISTORY_DEF_ITEM
 (ID, REVISION, ENTITY_VERSION, DOMAIN_ID, PARENT_ID, LINE_NO, FIELD_ID, TRACKING_LEVEL, PATH_RENDERER_CLASS, DETAIL_RENDERER_CLASS)
VALUES ('07b26ae00e0e404fa2f7ac6c405569d9', 0, 1, '/', '27987dba4f6a43ef98496c5825ae74f5', '65', 'custCodelist3Name', 0, 'PathRenderer', 'DetailRenderer');
INSERT INTO CNT_HISTORY_DEF_ITEM
 (ID, REVISION, ENTITY_VERSION, DOMAIN_ID, PARENT_ID, LINE_NO, FIELD_ID, TRACKING_LEVEL, PATH_RENDERER_CLASS, DETAIL_RENDERER_CLASS)
VALUES ('7f45aca8c5f348e187140a9b999cbc77', 0, 1, '/', '27987dba4f6a43ef98496c5825ae74f5', '66', 'custCodelist4Name', 0, 'PathRenderer', 'DetailRenderer');
INSERT INTO CNT_HISTORY_DEF_ITEM
 (ID, REVISION, ENTITY_VERSION, DOMAIN_ID, PARENT_ID, LINE_NO, FIELD_ID, TRACKING_LEVEL, PATH_RENDERER_CLASS, DETAIL_RENDERER_CLASS)
VALUES ('137a2f06f40d4756945a1ff8f14a6516', 0, 1, '/', '27987dba4f6a43ef98496c5825ae74f5', '67', 'custCodelist5Name', 0, 'PathRenderer', 'DetailRenderer');
INSERT INTO CNT_HISTORY_DEF_ITEM
 (ID, REVISION, ENTITY_VERSION, DOMAIN_ID, PARENT_ID, LINE_NO, FIELD_ID, TRACKING_LEVEL, PATH_RENDERER_CLASS, DETAIL_RENDERER_CLASS)
VALUES ('4e40ac1ee12f4f168582cebdacb0bfeb', 0, 1, '/', '27987dba4f6a43ef98496c5825ae74f5', '68', 'custCodelist6Name', 0, 'PathRenderer', 'DetailRenderer');
INSERT INTO CNT_HISTORY_DEF_ITEM
 (ID, REVISION, ENTITY_VERSION, DOMAIN_ID, PARENT_ID, LINE_NO, FIELD_ID, TRACKING_LEVEL, PATH_RENDERER_CLASS, DETAIL_RENDERER_CLASS)
VALUES ('5bbdbd5c004b468d9c56f5b49227d114', 0, 1, '/', '27987dba4f6a43ef98496c5825ae74f5', '69', 'custCodelist7Name', 0, 'PathRenderer', 'DetailRenderer');
INSERT INTO CNT_HISTORY_DEF_ITEM
 (ID, REVISION, ENTITY_VERSION, DOMAIN_ID, PARENT_ID, LINE_NO, FIELD_ID, TRACKING_LEVEL, PATH_RENDERER_CLASS, DETAIL_RENDERER_CLASS)
VALUES ('cab29f1930f843aa8cb0d1488ca64120', 0, 1, '/', '27987dba4f6a43ef98496c5825ae74f5', '70', 'custHcl1Ref', 0, 'PathRenderer', 'DetailRenderer');
INSERT INTO CNT_HISTORY_DEF_ITEM
 (ID, REVISION, ENTITY_VERSION, DOMAIN_ID, PARENT_ID, LINE_NO, FIELD_ID, TRACKING_LEVEL, PATH_RENDERER_CLASS, DETAIL_RENDERER_CLASS)
VALUES ('eec0acf31e6a47a1beefd89eac52f992', 0, 1, '/', '27987dba4f6a43ef98496c5825ae74f5', '71', 'custHcl1Ver', 0, 'PathRenderer', 'DetailRenderer');
INSERT INTO CNT_HISTORY_DEF_ITEM
 (ID, REVISION, ENTITY_VERSION, DOMAIN_ID, PARENT_ID, LINE_NO, FIELD_ID, TRACKING_LEVEL, PATH_RENDERER_CLASS, DETAIL_RENDERER_CLASS)
VALUES ('4c72522971b543e7977dec19ba20c6fb', 0, 1, '/', '27987dba4f6a43ef98496c5825ae74f5', '72', 'custHcl1Ref2', 0, 'PathRenderer', 'DetailRenderer');
INSERT INTO CNT_HISTORY_DEF_ITEM
 (ID, REVISION, ENTITY_VERSION, DOMAIN_ID, PARENT_ID, LINE_NO, FIELD_ID, TRACKING_LEVEL, PATH_RENDERER_CLASS, DETAIL_RENDERER_CLASS)
VALUES ('7490ad46152d445789ef972d0f1a19d1', 0, 1, '/', '27987dba4f6a43ef98496c5825ae74f5', '73', 'custHcl1FullLineage', 0, 'PathRenderer', 'DetailRenderer');
INSERT INTO CNT_HISTORY_DEF_ITEM
 (ID, REVISION, ENTITY_VERSION, DOMAIN_ID, PARENT_ID, LINE_NO, FIELD_ID, TRACKING_LEVEL, PATH_RENDERER_CLASS, DETAIL_RENDERER_CLASS)
VALUES ('0ccfc83890b542fc8fe65476b58034c6', 0, 1, '/', '27987dba4f6a43ef98496c5825ae74f5', '74', 'custHcl2Ref', 0, 'PathRenderer', 'DetailRenderer');
INSERT INTO CNT_HISTORY_DEF_ITEM
 (ID, REVISION, ENTITY_VERSION, DOMAIN_ID, PARENT_ID, LINE_NO, FIELD_ID, TRACKING_LEVEL, PATH_RENDERER_CLASS, DETAIL_RENDERER_CLASS)
VALUES ('267eb44175824719b05d0a2b0820ebc7', 0, 1, '/', '27987dba4f6a43ef98496c5825ae74f5', '75', 'custHcl2Ver', 0, 'PathRenderer', 'DetailRenderer');
INSERT INTO CNT_HISTORY_DEF_ITEM
 (ID, REVISION, ENTITY_VERSION, DOMAIN_ID, PARENT_ID, LINE_NO, FIELD_ID, TRACKING_LEVEL, PATH_RENDERER_CLASS, DETAIL_RENDERER_CLASS)
VALUES ('ce273c362e4642cc8bb11e3d5d8bc41d', 0, 1, '/', '27987dba4f6a43ef98496c5825ae74f5', '76', 'custHcl2Ref2', 0, 'PathRenderer', 'DetailRenderer');
INSERT INTO CNT_HISTORY_DEF_ITEM
 (ID, REVISION, ENTITY_VERSION, DOMAIN_ID, PARENT_ID, LINE_NO, FIELD_ID, TRACKING_LEVEL, PATH_RENDERER_CLASS, DETAIL_RENDERER_CLASS)
VALUES ('947e19ed50ad4e09b2db8549d938568d', 0, 1, '/', '27987dba4f6a43ef98496c5825ae74f5', '77', 'custHcl2FullLineage', 0, 'PathRenderer', 'DetailRenderer');
INSERT INTO CNT_HISTORY_DEF_ITEM
 (ID, REVISION, ENTITY_VERSION, DOMAIN_ID, PARENT_ID, LINE_NO, FIELD_ID, TRACKING_LEVEL, PATH_RENDERER_CLASS, DETAIL_RENDERER_CLASS)
VALUES ('98b885a8e173451a8384653d06b96f92', 0, 1, '/', '27987dba4f6a43ef98496c5825ae74f5', '78', 'custHcl3Ref', 0, 'PathRenderer', 'DetailRenderer');
INSERT INTO CNT_HISTORY_DEF_ITEM
 (ID, REVISION, ENTITY_VERSION, DOMAIN_ID, PARENT_ID, LINE_NO, FIELD_ID, TRACKING_LEVEL, PATH_RENDERER_CLASS, DETAIL_RENDERER_CLASS)
VALUES ('8ac4bd312c23471d87296eac9e71e581', 0, 1, '/', '27987dba4f6a43ef98496c5825ae74f5', '79', 'custHcl3Ver', 0, 'PathRenderer', 'DetailRenderer');
INSERT INTO CNT_HISTORY_DEF_ITEM
 (ID, REVISION, ENTITY_VERSION, DOMAIN_ID, PARENT_ID, LINE_NO, FIELD_ID, TRACKING_LEVEL, PATH_RENDERER_CLASS, DETAIL_RENDERER_CLASS)
VALUES ('8ddb31ee9ad54123b50eb73677c20889', 0, 1, '/', '27987dba4f6a43ef98496c5825ae74f5', '80', 'custHcl3Ref2', 0, 'PathRenderer', 'DetailRenderer');
INSERT INTO CNT_HISTORY_DEF_ITEM
 (ID, REVISION, ENTITY_VERSION, DOMAIN_ID, PARENT_ID, LINE_NO, FIELD_ID, TRACKING_LEVEL, PATH_RENDERER_CLASS, DETAIL_RENDERER_CLASS)
VALUES ('0dd188b0c98a4c9c903150aa645617bd', 0, 1, '/', '27987dba4f6a43ef98496c5825ae74f5', '81', 'custHcl3FullLineage', 0, 'PathRenderer', 'DetailRenderer');
INSERT INTO CNT_HISTORY_DEF_ITEM
 (ID, REVISION, ENTITY_VERSION, DOMAIN_ID, PARENT_ID, LINE_NO, FIELD_ID, TRACKING_LEVEL, PATH_RENDERER_CLASS, DETAIL_RENDERER_CLASS)
VALUES ('c6e029fa1b284eb7bee38deb9c9a6095', 0, 1, '/', '27987dba4f6a43ef98496c5825ae74f5', '82', 'custHcl4Ref', 0, 'PathRenderer', 'DetailRenderer');
INSERT INTO CNT_HISTORY_DEF_ITEM
 (ID, REVISION, ENTITY_VERSION, DOMAIN_ID, PARENT_ID, LINE_NO, FIELD_ID, TRACKING_LEVEL, PATH_RENDERER_CLASS, DETAIL_RENDERER_CLASS)
VALUES ('4c885ebf7fa84478a8e4fad74564cace', 0, 1, '/', '27987dba4f6a43ef98496c5825ae74f5', '83', 'custHcl4Ver', 0, 'PathRenderer', 'DetailRenderer');
INSERT INTO CNT_HISTORY_DEF_ITEM
 (ID, REVISION, ENTITY_VERSION, DOMAIN_ID, PARENT_ID, LINE_NO, FIELD_ID, TRACKING_LEVEL, PATH_RENDERER_CLASS, DETAIL_RENDERER_CLASS)
VALUES ('83d17a0e6be846649f40a6945899c837', 0, 1, '/', '27987dba4f6a43ef98496c5825ae74f5', '84', 'custHcl4Ref2', 0, 'PathRenderer', 'DetailRenderer');
INSERT INTO CNT_HISTORY_DEF_ITEM
 (ID, REVISION, ENTITY_VERSION, DOMAIN_ID, PARENT_ID, LINE_NO, FIELD_ID, TRACKING_LEVEL, PATH_RENDERER_CLASS, DETAIL_RENDERER_CLASS)
VALUES ('2da8d24d2aa142dda05e498995196acb', 0, 1, '/', '27987dba4f6a43ef98496c5825ae74f5', '85', 'custHcl4FullLineage', 0, 'PathRenderer', 'DetailRenderer');
INSERT INTO CNT_HISTORY_DEF_ITEM
 (ID, REVISION, ENTITY_VERSION, DOMAIN_ID, PARENT_ID, LINE_NO, FIELD_ID, TRACKING_LEVEL, PATH_RENDERER_CLASS, DETAIL_RENDERER_CLASS)
VALUES ('f51c277a781c48fd9b059a283f68618f', 0, 1, '/', '27987dba4f6a43ef98496c5825ae74f5', '86', 'custHcl5Ref', 0, 'PathRenderer', 'DetailRenderer');
INSERT INTO CNT_HISTORY_DEF_ITEM
 (ID, REVISION, ENTITY_VERSION, DOMAIN_ID, PARENT_ID, LINE_NO, FIELD_ID, TRACKING_LEVEL, PATH_RENDERER_CLASS, DETAIL_RENDERER_CLASS)
VALUES ('987e712ff004415ca88e3a310e3de1a9', 0, 1, '/', '27987dba4f6a43ef98496c5825ae74f5', '87', 'custHcl5Ver', 0, 'PathRenderer', 'DetailRenderer');
INSERT INTO CNT_HISTORY_DEF_ITEM
 (ID, REVISION, ENTITY_VERSION, DOMAIN_ID, PARENT_ID, LINE_NO, FIELD_ID, TRACKING_LEVEL, PATH_RENDERER_CLASS, DETAIL_RENDERER_CLASS)
VALUES ('c803aba4970540f4b469af66a55bb153', 0, 1, '/', '27987dba4f6a43ef98496c5825ae74f5', '88', 'custHcl5Ref2', 0, 'PathRenderer', 'DetailRenderer');
INSERT INTO CNT_HISTORY_DEF_ITEM
 (ID, REVISION, ENTITY_VERSION, DOMAIN_ID, PARENT_ID, LINE_NO, FIELD_ID, TRACKING_LEVEL, PATH_RENDERER_CLASS, DETAIL_RENDERER_CLASS)
VALUES ('b5d6f0f549a441debefa7d1a2a7d48b1', 0, 1, '/', '27987dba4f6a43ef98496c5825ae74f5', '89', 'custHcl5FullLineage', 0, 'PathRenderer', 'DetailRenderer');
