set define off;
DELETE CNT_FIELD_DEFINITION WHERE PARENT_ID = (SELECT ID FROM CNT_ENTITY_DEFINITION WHERE ENTITY_NAME = 'Rfq' AND ENTITY_VERSION = 1);
DELETE CNT_ENTITY_DEFINITION WHERE ENTITY_NAME = 'Rfq' AND ENTITY_VERSION = 1;
DELETE CNT_FIELD_DEFINITION WHERE PARENT_ID = (SELECT ID FROM CNT_ENTITY_DEFINITION WHERE ENTITY_NAME = 'RfqItem' AND ENTITY_VERSION = 1);
DELETE CNT_ENTITY_DEFINITION WHERE ENTITY_NAME = 'RfqItem' AND ENTITY_VERSION = 1;
DELETE CNT_FIELD_DEFINITION WHERE PARENT_ID = (SELECT ID FROM CNT_ENTITY_DEFINITION WHERE ENTITY_NAME = 'RfqVendor' AND ENTITY_VERSION = 1);
DELETE CNT_ENTITY_DEFINITION WHERE ENTITY_NAME = 'RfqVendor' AND ENTITY_VERSION = 1;
DELETE CNT_FIELD_DEFINITION WHERE PARENT_ID = (SELECT ID FROM CNT_ENTITY_DEFINITION WHERE ENTITY_NAME = 'RfqHistory' AND ENTITY_VERSION = 1);
DELETE CNT_ENTITY_DEFINITION WHERE ENTITY_NAME = 'RfqHistory' AND ENTITY_VERSION = 1;
INSERT INTO CNT_ENTITY_DEFINITION
 (ID, REVISION, ENTITY_NAME, ENTITY_VERSION, PRODUCT_TABLE_NAME, CUSTOM_TABLE_NAME, REPORT_TABLE_NAME, MODULE, TYPE, REVISION_TRACKING, VERSION_TRACKING, HISTORY_ENTITY_NAME, REF_PATTERN, SYSTEM_ENTITY, CREATE_USER, CREATED_ON, IS_FOR_EXTERNAL)
VALUES ('5bb61a76324b4a1f8dfacf36e180aabb', 0, 'Rfq', 1, 'CNT_RFQ', 'CTM_RFQ', 'REQUEST_FOR_QUOTATION', 'rfq', 'main', '', 'ALL', 'RfqHistory', '${rfqNo}', 0, 'system', systimestamp, 0);
INSERT INTO CNT_FIELD_DEFINITION
 (ID, REVISION, PARENT_ID, FIELD_ID, COLUMN_NAME, COLUMN_TYPE, REPORT_COLUMN_NAME, PRODUCT_FIELD, FIELD_TYPE, ENTITY_LOOKUP, ENTITY_LOOKUP_KEY, ORDER_BY, GENERATOR, REFER_TABLE, KEY_COLUMN, LOOKUP_COLUMN, MANDATORY, MIN_LENGTH, MAX_LENGTH, MIN_VALUE, MAX_VALUE, CONSTANT_VALUE, UNIQUE_KEY, CREATE_USER, CREATED_ON, LINE_NO, MANAGED, FIELD_PATH, DATA_TYPE, DATA1, DATA2, TRANSITIVE_FIELDS, FORMULA, ENTITY_LOOKUP_TYPE)
VALUES ('1a88337e0b7c470b8426a848b63bdbcc', 0, '5bb61a76324b4a1f8dfacf36e180aabb', 'id', 'ID', 'CHAR(32)', '', 1, 'id', '', '', '', 'com.core.cbx.data.generator.UUIDGenerator', '', '', '', 0, 32, 32, NULL, NULL, '', '', 'system', systimestamp, '0', 0, 'entity.id', '', '', '', '', '', '');
INSERT INTO CNT_FIELD_DEFINITION
 (ID, REVISION, PARENT_ID, FIELD_ID, COLUMN_NAME, COLUMN_TYPE, REPORT_COLUMN_NAME, PRODUCT_FIELD, FIELD_TYPE, ENTITY_LOOKUP, ENTITY_LOOKUP_KEY, ORDER_BY, GENERATOR, REFER_TABLE, KEY_COLUMN, LOOKUP_COLUMN, MANDATORY, MIN_LENGTH, MAX_LENGTH, MIN_VALUE, MAX_VALUE, CONSTANT_VALUE, UNIQUE_KEY, CREATE_USER, CREATED_ON, LINE_NO, MANAGED, FIELD_PATH, DATA_TYPE, DATA1, DATA2, TRANSITIVE_FIELDS, FORMULA, ENTITY_LOOKUP_TYPE)
VALUES ('72f0a1da15524a26a867f1a7a4916dec', 0, '5bb61a76324b4a1f8dfacf36e180aabb', 'revision', 'REVISION', 'NUMBER(20, 0)', '', 1, 'integer', '', '', '', '', '', '', '', 0, NULL, 18, NULL, NULL, '', '', 'system', systimestamp, '1', 0, 'entity.revision', '', '', '', '', '', '');
INSERT INTO CNT_FIELD_DEFINITION
 (ID, REVISION, PARENT_ID, FIELD_ID, COLUMN_NAME, COLUMN_TYPE, REPORT_COLUMN_NAME, PRODUCT_FIELD, FIELD_TYPE, ENTITY_LOOKUP, ENTITY_LOOKUP_KEY, ORDER_BY, GENERATOR, REFER_TABLE, KEY_COLUMN, LOOKUP_COLUMN, MANDATORY, MIN_LENGTH, MAX_LENGTH, MIN_VALUE, MAX_VALUE, CONSTANT_VALUE, UNIQUE_KEY, CREATE_USER, CREATED_ON, LINE_NO, MANAGED, FIELD_PATH, DATA_TYPE, DATA1, DATA2, TRANSITIVE_FIELDS, FORMULA, ENTITY_LOOKUP_TYPE)
VALUES ('cbf45a3586b64957a2a6d65188c92230', 0, '5bb61a76324b4a1f8dfacf36e180aabb', 'entityVersion', 'ENTITY_VERSION', 'NUMBER(20, 0)', '', 1, 'integer', '', '', '', '', '', '', '', 0, NULL, 18, NULL, NULL, '', '', 'system', systimestamp, '2', 0, 'entity.entityVersion', '', '', '', '', '', '');
INSERT INTO CNT_FIELD_DEFINITION
 (ID, REVISION, PARENT_ID, FIELD_ID, COLUMN_NAME, COLUMN_TYPE, REPORT_COLUMN_NAME, PRODUCT_FIELD, FIELD_TYPE, ENTITY_LOOKUP, ENTITY_LOOKUP_KEY, ORDER_BY, GENERATOR, REFER_TABLE, KEY_COLUMN, LOOKUP_COLUMN, MANDATORY, MIN_LENGTH, MAX_LENGTH, MIN_VALUE, MAX_VALUE, CONSTANT_VALUE, UNIQUE_KEY, CREATE_USER, CREATED_ON, LINE_NO, MANAGED, FIELD_PATH, DATA_TYPE, DATA1, DATA2, TRANSITIVE_FIELDS, FORMULA, ENTITY_LOOKUP_TYPE)
VALUES ('0916e34f94724d6c9091585552142127', 0, '5bb61a76324b4a1f8dfacf36e180aabb', 'domainId', 'DOMAIN_ID', 'NVARCHAR2(400)', '', 1, 'string-m', '', '', '', '', '', '', '', 0, NULL, 400, NULL, NULL, '', '', 'system', systimestamp, '3', 0, 'entity.domainId', '', '', '', '', '', '');
INSERT INTO CNT_FIELD_DEFINITION
 (ID, REVISION, PARENT_ID, FIELD_ID, COLUMN_NAME, COLUMN_TYPE, REPORT_COLUMN_NAME, PRODUCT_FIELD, FIELD_TYPE, ENTITY_LOOKUP, ENTITY_LOOKUP_KEY, ORDER_BY, GENERATOR, REFER_TABLE, KEY_COLUMN, LOOKUP_COLUMN, MANDATORY, MIN_LENGTH, MAX_LENGTH, MIN_VALUE, MAX_VALUE, CONSTANT_VALUE, UNIQUE_KEY, CREATE_USER, CREATED_ON, LINE_NO, MANAGED, FIELD_PATH, DATA_TYPE, DATA1, DATA2, TRANSITIVE_FIELDS, FORMULA, ENTITY_LOOKUP_TYPE)
VALUES ('61257af3ca40453cbf65622f29931b51', 0, '5bb61a76324b4a1f8dfacf36e180aabb', 'hubDomainId', 'HUB_DOMAIN_ID', 'NVARCHAR2(400)', '', 1, 'string-m', '', '', '', '', '', '', '', 0, NULL, 400, NULL, NULL, '', '', 'system', systimestamp, '4', 0, 'entity.hubDomainId', '', '', '', '', '', '');
INSERT INTO CNT_FIELD_DEFINITION
 (ID, REVISION, PARENT_ID, FIELD_ID, COLUMN_NAME, COLUMN_TYPE, REPORT_COLUMN_NAME, PRODUCT_FIELD, FIELD_TYPE, ENTITY_LOOKUP, ENTITY_LOOKUP_KEY, ORDER_BY, GENERATOR, REFER_TABLE, KEY_COLUMN, LOOKUP_COLUMN, MANDATORY, MIN_LENGTH, MAX_LENGTH, MIN_VALUE, MAX_VALUE, CONSTANT_VALUE, UNIQUE_KEY, CREATE_USER, CREATED_ON, LINE_NO, MANAGED, FIELD_PATH, DATA_TYPE, DATA1, DATA2, TRANSITIVE_FIELDS, FORMULA, ENTITY_LOOKUP_TYPE)
VALUES ('67471157bc27425fb0f4c6d8f99858ef', 0, '5bb61a76324b4a1f8dfacf36e180aabb', 'isForReference', 'IS_FOR_REFERENCE', 'NUMBER(1,0)', '', 1, 'boolean', '', '', '', '', '', '', '', 0, NULL, NULL, NULL, NULL, '', '', 'system', systimestamp, '5', 0, 'entity.isForReference', '', '', '', '', '', '');
INSERT INTO CNT_FIELD_DEFINITION
 (ID, REVISION, PARENT_ID, FIELD_ID, COLUMN_NAME, COLUMN_TYPE, REPORT_COLUMN_NAME, PRODUCT_FIELD, FIELD_TYPE, ENTITY_LOOKUP, ENTITY_LOOKUP_KEY, ORDER_BY, GENERATOR, REFER_TABLE, KEY_COLUMN, LOOKUP_COLUMN, MANDATORY, MIN_LENGTH, MAX_LENGTH, MIN_VALUE, MAX_VALUE, CONSTANT_VALUE, UNIQUE_KEY, CREATE_USER, CREATED_ON, LINE_NO, MANAGED, FIELD_PATH, DATA_TYPE, DATA1, DATA2, TRANSITIVE_FIELDS, FORMULA, ENTITY_LOOKUP_TYPE)
VALUES ('d241a466e2754f8ea21a7f0309c62b31', 0, '5bb61a76324b4a1f8dfacf36e180aabb', 'version', 'VERSION', 'NUMBER(20, 0)', '', 1, 'integer', '', '', '', '', '', '', '', 0, NULL, 18, NULL, NULL, '', '', 'system', systimestamp, '6', 0, 'entity.version', '', '', '', '', '', '');
INSERT INTO CNT_FIELD_DEFINITION
 (ID, REVISION, PARENT_ID, FIELD_ID, COLUMN_NAME, COLUMN_TYPE, REPORT_COLUMN_NAME, PRODUCT_FIELD, FIELD_TYPE, ENTITY_LOOKUP, ENTITY_LOOKUP_KEY, ORDER_BY, GENERATOR, REFER_TABLE, KEY_COLUMN, LOOKUP_COLUMN, MANDATORY, MIN_LENGTH, MAX_LENGTH, MIN_VALUE, MAX_VALUE, CONSTANT_VALUE, UNIQUE_KEY, CREATE_USER, CREATED_ON, LINE_NO, MANAGED, FIELD_PATH, DATA_TYPE, DATA1, DATA2, TRANSITIVE_FIELDS, FORMULA, ENTITY_LOOKUP_TYPE)
VALUES ('1a330eb95e804edda62d921e5de9f77c', 0, '5bb61a76324b4a1f8dfacf36e180aabb', 'status', 'STATUS', 'NVARCHAR2(400)', '', 1, 'string-m', '', '', '', '', '', '', '', 0, NULL, 400, NULL, NULL, '', '', 'system', systimestamp, '7', 0, 'entity.status', '', '', '', '', '', '');
INSERT INTO CNT_FIELD_DEFINITION
 (ID, REVISION, PARENT_ID, FIELD_ID, COLUMN_NAME, COLUMN_TYPE, REPORT_COLUMN_NAME, PRODUCT_FIELD, FIELD_TYPE, ENTITY_LOOKUP, ENTITY_LOOKUP_KEY, ORDER_BY, GENERATOR, REFER_TABLE, KEY_COLUMN, LOOKUP_COLUMN, MANDATORY, MIN_LENGTH, MAX_LENGTH, MIN_VALUE, MAX_VALUE, CONSTANT_VALUE, UNIQUE_KEY, CREATE_USER, CREATED_ON, LINE_NO, MANAGED, FIELD_PATH, DATA_TYPE, DATA1, DATA2, TRANSITIVE_FIELDS, FORMULA, ENTITY_LOOKUP_TYPE)
VALUES ('cf094e42b2f54228b924293d12e81cf8', 0, '5bb61a76324b4a1f8dfacf36e180aabb', 'docStatus', 'DOC_STATUS', 'NVARCHAR2(400)', '', 1, 'string-m', '', '', '', '', '', '', '', 0, NULL, 400, NULL, NULL, '', '', 'system', systimestamp, '8', 0, 'entity.docStatus', '', '', '', '', '', '');
INSERT INTO CNT_FIELD_DEFINITION
 (ID, REVISION, PARENT_ID, FIELD_ID, COLUMN_NAME, COLUMN_TYPE, REPORT_COLUMN_NAME, PRODUCT_FIELD, FIELD_TYPE, ENTITY_LOOKUP, ENTITY_LOOKUP_KEY, ORDER_BY, GENERATOR, REFER_TABLE, KEY_COLUMN, LOOKUP_COLUMN, MANDATORY, MIN_LENGTH, MAX_LENGTH, MIN_VALUE, MAX_VALUE, CONSTANT_VALUE, UNIQUE_KEY, CREATE_USER, CREATED_ON, LINE_NO, MANAGED, FIELD_PATH, DATA_TYPE, DATA1, DATA2, TRANSITIVE_FIELDS, FORMULA, ENTITY_LOOKUP_TYPE)
VALUES ('c3bccb571165440e974a87bbae018439', 0, '5bb61a76324b4a1f8dfacf36e180aabb', 'editingStatus', 'EDITING_STATUS', 'NVARCHAR2(400)', '', 1, 'string-m', '', '', '', '', '', '', '', 0, NULL, 400, NULL, NULL, '', '', 'system', systimestamp, '9', 0, 'entity.editingStatus', '', '', '', '', '', '');
INSERT INTO CNT_FIELD_DEFINITION
 (ID, REVISION, PARENT_ID, FIELD_ID, COLUMN_NAME, COLUMN_TYPE, REPORT_COLUMN_NAME, PRODUCT_FIELD, FIELD_TYPE, ENTITY_LOOKUP, ENTITY_LOOKUP_KEY, ORDER_BY, GENERATOR, REFER_TABLE, KEY_COLUMN, LOOKUP_COLUMN, MANDATORY, MIN_LENGTH, MAX_LENGTH, MIN_VALUE, MAX_VALUE, CONSTANT_VALUE, UNIQUE_KEY, CREATE_USER, CREATED_ON, LINE_NO, MANAGED, FIELD_PATH, DATA_TYPE, DATA1, DATA2, TRANSITIVE_FIELDS, FORMULA, ENTITY_LOOKUP_TYPE)
VALUES ('36e0def42d6e4771941c9f5700651125', 0, '5bb61a76324b4a1f8dfacf36e180aabb', 'createUser', 'CREATE_USER', 'NVARCHAR2(100)', '', 1, 'string-s', '', '', '', '', '', '', '', 0, NULL, 100, NULL, NULL, '', '', 'system', systimestamp, '10', 0, 'entity.createUser', '', '', '', '', '', '');
INSERT INTO CNT_FIELD_DEFINITION
 (ID, REVISION, PARENT_ID, FIELD_ID, COLUMN_NAME, COLUMN_TYPE, REPORT_COLUMN_NAME, PRODUCT_FIELD, FIELD_TYPE, ENTITY_LOOKUP, ENTITY_LOOKUP_KEY, ORDER_BY, GENERATOR, REFER_TABLE, KEY_COLUMN, LOOKUP_COLUMN, MANDATORY, MIN_LENGTH, MAX_LENGTH, MIN_VALUE, MAX_VALUE, CONSTANT_VALUE, UNIQUE_KEY, CREATE_USER, CREATED_ON, LINE_NO, MANAGED, FIELD_PATH, DATA_TYPE, DATA1, DATA2, TRANSITIVE_FIELDS, FORMULA, ENTITY_LOOKUP_TYPE)
VALUES ('3dbf3ca9a2d84fdeb9ffd239d5e9dc8d', 0, '5bb61a76324b4a1f8dfacf36e180aabb', 'createUserName', 'CREATE_USER_NAME', 'NVARCHAR2(100)', '', 1, 'string-s', '', '', '', '', '', '', '', 0, NULL, 100, NULL, NULL, '', '', 'system', systimestamp, '11', 0, 'entity.createUserName', '', '', '', '', '', '');
INSERT INTO CNT_FIELD_DEFINITION
 (ID, REVISION, PARENT_ID, FIELD_ID, COLUMN_NAME, COLUMN_TYPE, REPORT_COLUMN_NAME, PRODUCT_FIELD, FIELD_TYPE, ENTITY_LOOKUP, ENTITY_LOOKUP_KEY, ORDER_BY, GENERATOR, REFER_TABLE, KEY_COLUMN, LOOKUP_COLUMN, MANDATORY, MIN_LENGTH, MAX_LENGTH, MIN_VALUE, MAX_VALUE, CONSTANT_VALUE, UNIQUE_KEY, CREATE_USER, CREATED_ON, LINE_NO, MANAGED, FIELD_PATH, DATA_TYPE, DATA1, DATA2, TRANSITIVE_FIELDS, FORMULA, ENTITY_LOOKUP_TYPE)
VALUES ('e55dd35ce9ca4c24a9569539f60b8b93', 0, '5bb61a76324b4a1f8dfacf36e180aabb', 'updateUser', 'UPDATE_USER', 'NVARCHAR2(100)', '', 1, 'string-s', '', '', '', '', '', '', '', 0, NULL, 100, NULL, NULL, '', '', 'system', systimestamp, '12', 0, 'entity.updateUser', '', '', '', '', '', '');
INSERT INTO CNT_FIELD_DEFINITION
 (ID, REVISION, PARENT_ID, FIELD_ID, COLUMN_NAME, COLUMN_TYPE, REPORT_COLUMN_NAME, PRODUCT_FIELD, FIELD_TYPE, ENTITY_LOOKUP, ENTITY_LOOKUP_KEY, ORDER_BY, GENERATOR, REFER_TABLE, KEY_COLUMN, LOOKUP_COLUMN, MANDATORY, MIN_LENGTH, MAX_LENGTH, MIN_VALUE, MAX_VALUE, CONSTANT_VALUE, UNIQUE_KEY, CREATE_USER, CREATED_ON, LINE_NO, MANAGED, FIELD_PATH, DATA_TYPE, DATA1, DATA2, TRANSITIVE_FIELDS, FORMULA, ENTITY_LOOKUP_TYPE)
VALUES ('474f9670ae48481fb6527174fb935f0a', 0, '5bb61a76324b4a1f8dfacf36e180aabb', 'updateUserName', 'UPDATE_USER_NAME', 'NVARCHAR2(100)', '', 1, 'string-s', '', '', '', '', '', '', '', 0, NULL, 100, NULL, NULL, '', '', 'system', systimestamp, '13', 0, 'entity.updateUserName', '', '', '', '', '', '');
INSERT INTO CNT_FIELD_DEFINITION
 (ID, REVISION, PARENT_ID, FIELD_ID, COLUMN_NAME, COLUMN_TYPE, REPORT_COLUMN_NAME, PRODUCT_FIELD, FIELD_TYPE, ENTITY_LOOKUP, ENTITY_LOOKUP_KEY, ORDER_BY, GENERATOR, REFER_TABLE, KEY_COLUMN, LOOKUP_COLUMN, MANDATORY, MIN_LENGTH, MAX_LENGTH, MIN_VALUE, MAX_VALUE, CONSTANT_VALUE, UNIQUE_KEY, CREATE_USER, CREATED_ON, LINE_NO, MANAGED, FIELD_PATH, DATA_TYPE, DATA1, DATA2, TRANSITIVE_FIELDS, FORMULA, ENTITY_LOOKUP_TYPE)
VALUES ('a6007747dea2430ebb09e89cb5255bd6', 0, '5bb61a76324b4a1f8dfacf36e180aabb', 'createdOn', 'CREATED_ON', 'TIMESTAMP', '', 1, 'timestamp', '', '', '', '', '', '', '', 0, NULL, NULL, NULL, NULL, '', '', 'system', systimestamp, '14', 0, 'entity.createdOn', '', '', '', '', '', '');
INSERT INTO CNT_FIELD_DEFINITION
 (ID, REVISION, PARENT_ID, FIELD_ID, COLUMN_NAME, COLUMN_TYPE, REPORT_COLUMN_NAME, PRODUCT_FIELD, FIELD_TYPE, ENTITY_LOOKUP, ENTITY_LOOKUP_KEY, ORDER_BY, GENERATOR, REFER_TABLE, KEY_COLUMN, LOOKUP_COLUMN, MANDATORY, MIN_LENGTH, MAX_LENGTH, MIN_VALUE, MAX_VALUE, CONSTANT_VALUE, UNIQUE_KEY, CREATE_USER, CREATED_ON, LINE_NO, MANAGED, FIELD_PATH, DATA_TYPE, DATA1, DATA2, TRANSITIVE_FIELDS, FORMULA, ENTITY_LOOKUP_TYPE)
VALUES ('aaef2e12b57e4a0999dde9f1bb16a8ab', 0, '5bb61a76324b4a1f8dfacf36e180aabb', 'updatedOn', 'UPDATED_ON', 'TIMESTAMP', '', 1, 'timestamp', '', '', '', '', '', '', '', 0, NULL, NULL, NULL, NULL, '', '', 'system', systimestamp, '15', 0, 'entity.updatedOn', '', '', '', '', '', '');
INSERT INTO CNT_FIELD_DEFINITION
 (ID, REVISION, PARENT_ID, FIELD_ID, COLUMN_NAME, COLUMN_TYPE, REPORT_COLUMN_NAME, PRODUCT_FIELD, FIELD_TYPE, ENTITY_LOOKUP, ENTITY_LOOKUP_KEY, ORDER_BY, GENERATOR, REFER_TABLE, KEY_COLUMN, LOOKUP_COLUMN, MANDATORY, MIN_LENGTH, MAX_LENGTH, MIN_VALUE, MAX_VALUE, CONSTANT_VALUE, UNIQUE_KEY, CREATE_USER, CREATED_ON, LINE_NO, MANAGED, FIELD_PATH, DATA_TYPE, DATA1, DATA2, TRANSITIVE_FIELDS, FORMULA, ENTITY_LOOKUP_TYPE)
VALUES ('bf04416ba53a446e9106b5a8b81c84d8', 0, '5bb61a76324b4a1f8dfacf36e180aabb', 'integrationSource', 'INTEGRATION_SOURCE', 'NVARCHAR2(400)', '', 1, 'string-m', '', '', '', '', '', '', '', 0, NULL, 400, NULL, NULL, '', '', 'system', systimestamp, '16', 0, 'entity.integrationSource', '', '', '', '', '', '');
INSERT INTO CNT_FIELD_DEFINITION
 (ID, REVISION, PARENT_ID, FIELD_ID, COLUMN_NAME, COLUMN_TYPE, REPORT_COLUMN_NAME, PRODUCT_FIELD, FIELD_TYPE, ENTITY_LOOKUP, ENTITY_LOOKUP_KEY, ORDER_BY, GENERATOR, REFER_TABLE, KEY_COLUMN, LOOKUP_COLUMN, MANDATORY, MIN_LENGTH, MAX_LENGTH, MIN_VALUE, MAX_VALUE, CONSTANT_VALUE, UNIQUE_KEY, CREATE_USER, CREATED_ON, LINE_NO, MANAGED, FIELD_PATH, DATA_TYPE, DATA1, DATA2, TRANSITIVE_FIELDS, FORMULA, ENTITY_LOOKUP_TYPE)
VALUES ('f487109b2695485a982982779677af47', 0, '5bb61a76324b4a1f8dfacf36e180aabb', 'integrationStatus', 'INTEGRATION_STATUS', 'NVARCHAR2(400)', '', 1, 'string-m', '', '', '', '', '', '', '', 0, NULL, 400, NULL, NULL, '', '', 'system', systimestamp, '17', 0, 'entity.integrationStatus', '', '', '', '', '', '');
INSERT INTO CNT_FIELD_DEFINITION
 (ID, REVISION, PARENT_ID, FIELD_ID, COLUMN_NAME, COLUMN_TYPE, REPORT_COLUMN_NAME, PRODUCT_FIELD, FIELD_TYPE, ENTITY_LOOKUP, ENTITY_LOOKUP_KEY, ORDER_BY, GENERATOR, REFER_TABLE, KEY_COLUMN, LOOKUP_COLUMN, MANDATORY, MIN_LENGTH, MAX_LENGTH, MIN_VALUE, MAX_VALUE, CONSTANT_VALUE, UNIQUE_KEY, CREATE_USER, CREATED_ON, LINE_NO, MANAGED, FIELD_PATH, DATA_TYPE, DATA1, DATA2, TRANSITIVE_FIELDS, FORMULA, ENTITY_LOOKUP_TYPE)
VALUES ('90fdbd84e7364a2c9305c5db2ee4adf5', 0, '5bb61a76324b4a1f8dfacf36e180aabb', 'integrationNote', 'INTEGRATION_NOTE', 'NVARCHAR2(1000)', '', 1, 'string-l', '', '', '', '', '', '', '', 0, NULL, 1000, NULL, NULL, '', '', 'system', systimestamp, '18', 0, 'entity.integrationNote', '', '', '', '', '', '');
INSERT INTO CNT_FIELD_DEFINITION
 (ID, REVISION, PARENT_ID, FIELD_ID, COLUMN_NAME, COLUMN_TYPE, REPORT_COLUMN_NAME, PRODUCT_FIELD, FIELD_TYPE, ENTITY_LOOKUP, ENTITY_LOOKUP_KEY, ORDER_BY, GENERATOR, REFER_TABLE, KEY_COLUMN, LOOKUP_COLUMN, MANDATORY, MIN_LENGTH, MAX_LENGTH, MIN_VALUE, MAX_VALUE, CONSTANT_VALUE, UNIQUE_KEY, CREATE_USER, CREATED_ON, LINE_NO, MANAGED, FIELD_PATH, DATA_TYPE, DATA1, DATA2, TRANSITIVE_FIELDS, FORMULA, ENTITY_LOOKUP_TYPE)
VALUES ('f181b1582a4c4bcdb830fbb0fb52c694', 0, '5bb61a76324b4a1f8dfacf36e180aabb', 'isCpmInitialized', 'IS_CPM_INITIALIZED', 'NUMBER(1,0)', '', 1, 'boolean', '', '', '', '', '', '', '', 0, NULL, NULL, NULL, NULL, '', '', 'system', systimestamp, '19', 0, 'entity.isCpmInitialized', '', '', '', '', '', '');
INSERT INTO CNT_FIELD_DEFINITION
 (ID, REVISION, PARENT_ID, FIELD_ID, COLUMN_NAME, COLUMN_TYPE, REPORT_COLUMN_NAME, PRODUCT_FIELD, FIELD_TYPE, ENTITY_LOOKUP, ENTITY_LOOKUP_KEY, ORDER_BY, GENERATOR, REFER_TABLE, KEY_COLUMN, LOOKUP_COLUMN, MANDATORY, MIN_LENGTH, MAX_LENGTH, MIN_VALUE, MAX_VALUE, CONSTANT_VALUE, UNIQUE_KEY, CREATE_USER, CREATED_ON, LINE_NO, MANAGED, FIELD_PATH, DATA_TYPE, DATA1, DATA2, TRANSITIVE_FIELDS, FORMULA, ENTITY_LOOKUP_TYPE)
VALUES ('7c42e04eed3c46d0bb76cbba2b8e8fc7', 0, '5bb61a76324b4a1f8dfacf36e180aabb', 'isLatest', 'IS_LATEST', 'NUMBER(1,0)', '', 1, 'boolean', '', '', '', '', '', '', '', 0, NULL, NULL, NULL, NULL, '', '', 'system', systimestamp, '20', 0, 'entity.isLatest', '', '', '', '', '', '');
INSERT INTO CNT_FIELD_DEFINITION
 (ID, REVISION, PARENT_ID, FIELD_ID, COLUMN_NAME, COLUMN_TYPE, REPORT_COLUMN_NAME, PRODUCT_FIELD, FIELD_TYPE, ENTITY_LOOKUP, ENTITY_LOOKUP_KEY, ORDER_BY, GENERATOR, REFER_TABLE, KEY_COLUMN, LOOKUP_COLUMN, MANDATORY, MIN_LENGTH, MAX_LENGTH, MIN_VALUE, MAX_VALUE, CONSTANT_VALUE, UNIQUE_KEY, CREATE_USER, CREATED_ON, LINE_NO, MANAGED, FIELD_PATH, DATA_TYPE, DATA1, DATA2, TRANSITIVE_FIELDS, FORMULA, ENTITY_LOOKUP_TYPE)
VALUES ('a22eea9ddc544cc7b409f34ed212a230', 0, '5bb61a76324b4a1f8dfacf36e180aabb', 'rfqNo', 'RFQ_NO', 'NVARCHAR2(400)', 'RFQ_NO', 1, 'string-m', '', '', '', '', '', '', '', 0, NULL, 400, NULL, NULL, '', '', 'system', systimestamp, '21', 0, 'entity.rfqNo', '', '', '', '', 'refNo', '');
INSERT INTO CNT_FIELD_DEFINITION
 (ID, REVISION, PARENT_ID, FIELD_ID, COLUMN_NAME, COLUMN_TYPE, REPORT_COLUMN_NAME, PRODUCT_FIELD, FIELD_TYPE, ENTITY_LOOKUP, ENTITY_LOOKUP_KEY, ORDER_BY, GENERATOR, REFER_TABLE, KEY_COLUMN, LOOKUP_COLUMN, MANDATORY, MIN_LENGTH, MAX_LENGTH, MIN_VALUE, MAX_VALUE, CONSTANT_VALUE, UNIQUE_KEY, CREATE_USER, CREATED_ON, LINE_NO, MANAGED, FIELD_PATH, DATA_TYPE, DATA1, DATA2, TRANSITIVE_FIELDS, FORMULA, ENTITY_LOOKUP_TYPE)
VALUES ('92101bad83094b46ad178987913b4d56', 0, '5bb61a76324b4a1f8dfacf36e180aabb', 'remarks', 'REMARKS', 'NVARCHAR2(1000)', 'REMARKS', 1, 'string-l', '', '', '', '', '', '', '', 0, NULL, 1000, NULL, NULL, '', '', 'system', systimestamp, '22', 0, 'entity.remarks', '', '', '', '', '', '');
INSERT INTO CNT_FIELD_DEFINITION
 (ID, REVISION, PARENT_ID, FIELD_ID, COLUMN_NAME, COLUMN_TYPE, REPORT_COLUMN_NAME, PRODUCT_FIELD, FIELD_TYPE, ENTITY_LOOKUP, ENTITY_LOOKUP_KEY, ORDER_BY, GENERATOR, REFER_TABLE, KEY_COLUMN, LOOKUP_COLUMN, MANDATORY, MIN_LENGTH, MAX_LENGTH, MIN_VALUE, MAX_VALUE, CONSTANT_VALUE, UNIQUE_KEY, CREATE_USER, CREATED_ON, LINE_NO, MANAGED, FIELD_PATH, DATA_TYPE, DATA1, DATA2, TRANSITIVE_FIELDS, FORMULA, ENTITY_LOOKUP_TYPE)
VALUES ('cdd22988551d42039731821859c218a3', 0, '5bb61a76324b4a1f8dfacf36e180aabb', 'requestedBy', 'REQUESTED_BY', 'NVARCHAR2(100)', 'REQUESTED_BY', 1, 'string-s', '', '', '', '', '', '', '', 0, NULL, 100, NULL, NULL, '', '', 'system', systimestamp, '23', 0, 'entity.requestedBy', '', '', '', '', '', '');
INSERT INTO CNT_FIELD_DEFINITION
 (ID, REVISION, PARENT_ID, FIELD_ID, COLUMN_NAME, COLUMN_TYPE, REPORT_COLUMN_NAME, PRODUCT_FIELD, FIELD_TYPE, ENTITY_LOOKUP, ENTITY_LOOKUP_KEY, ORDER_BY, GENERATOR, REFER_TABLE, KEY_COLUMN, LOOKUP_COLUMN, MANDATORY, MIN_LENGTH, MAX_LENGTH, MIN_VALUE, MAX_VALUE, CONSTANT_VALUE, UNIQUE_KEY, CREATE_USER, CREATED_ON, LINE_NO, MANAGED, FIELD_PATH, DATA_TYPE, DATA1, DATA2, TRANSITIVE_FIELDS, FORMULA, ENTITY_LOOKUP_TYPE)
VALUES ('f9d7c9bc96e24ac78a0221aa34fe3816', 0, '5bb61a76324b4a1f8dfacf36e180aabb', 'requestedUserName', 'REQUESTED_USER_NAME', 'NVARCHAR2(100)', 'REQUESTED_USER_NAME', 1, 'string-s', '', '', '', '', '', '', '', 0, NULL, 100, NULL, NULL, '', '', 'system', systimestamp, '24', 0, 'entity.requestedUserName', '', '', '', '', '', '');
INSERT INTO CNT_FIELD_DEFINITION
 (ID, REVISION, PARENT_ID, FIELD_ID, COLUMN_NAME, COLUMN_TYPE, REPORT_COLUMN_NAME, PRODUCT_FIELD, FIELD_TYPE, ENTITY_LOOKUP, ENTITY_LOOKUP_KEY, ORDER_BY, GENERATOR, REFER_TABLE, KEY_COLUMN, LOOKUP_COLUMN, MANDATORY, MIN_LENGTH, MAX_LENGTH, MIN_VALUE, MAX_VALUE, CONSTANT_VALUE, UNIQUE_KEY, CREATE_USER, CREATED_ON, LINE_NO, MANAGED, FIELD_PATH, DATA_TYPE, DATA1, DATA2, TRANSITIVE_FIELDS, FORMULA, ENTITY_LOOKUP_TYPE)
VALUES ('9edab578521241c88ec3508eab34271d', 0, '5bb61a76324b4a1f8dfacf36e180aabb', 'requestedOn', 'REQUESTED_ON', 'DATE', 'REQUESTED_ON', 1, 'date', '', '', '', '', '', '', '', 0, NULL, NULL, NULL, NULL, '', '', 'system', systimestamp, '25', 0, 'entity.requestedOn', '', '', '', '', '', '');
INSERT INTO CNT_FIELD_DEFINITION
 (ID, REVISION, PARENT_ID, FIELD_ID, COLUMN_NAME, COLUMN_TYPE, REPORT_COLUMN_NAME, PRODUCT_FIELD, FIELD_TYPE, ENTITY_LOOKUP, ENTITY_LOOKUP_KEY, ORDER_BY, GENERATOR, REFER_TABLE, KEY_COLUMN, LOOKUP_COLUMN, MANDATORY, MIN_LENGTH, MAX_LENGTH, MIN_VALUE, MAX_VALUE, CONSTANT_VALUE, UNIQUE_KEY, CREATE_USER, CREATED_ON, LINE_NO, MANAGED, FIELD_PATH, DATA_TYPE, DATA1, DATA2, TRANSITIVE_FIELDS, FORMULA, ENTITY_LOOKUP_TYPE)
VALUES ('f0a6e2913c4749a1ac22d3d60c2cba43', 0, '5bb61a76324b4a1f8dfacf36e180aabb', 'expiryDate', 'EXPIRY_DATE', 'DATE', 'EXPIRY_DATE', 1, 'date', '', '', '', '', '', '', '', 0, NULL, NULL, NULL, NULL, '', '', 'system', systimestamp, '26', 0, 'entity.expiryDate', '', '', '', '', '', '');
INSERT INTO CNT_FIELD_DEFINITION
 (ID, REVISION, PARENT_ID, FIELD_ID, COLUMN_NAME, COLUMN_TYPE, REPORT_COLUMN_NAME, PRODUCT_FIELD, FIELD_TYPE, ENTITY_LOOKUP, ENTITY_LOOKUP_KEY, ORDER_BY, GENERATOR, REFER_TABLE, KEY_COLUMN, LOOKUP_COLUMN, MANDATORY, MIN_LENGTH, MAX_LENGTH, MIN_VALUE, MAX_VALUE, CONSTANT_VALUE, UNIQUE_KEY, CREATE_USER, CREATED_ON, LINE_NO, MANAGED, FIELD_PATH, DATA_TYPE, DATA1, DATA2, TRANSITIVE_FIELDS, FORMULA, ENTITY_LOOKUP_TYPE)
VALUES ('9fccbc04f2a747e7bd810e0ea349d294', 0, '5bb61a76324b4a1f8dfacf36e180aabb', 'merchandiseHierarchy', 'MERCHANDISE_HIERARCHY_ID', 'CHAR(32)', 'MERCHANDISE_HIERARCHY', 1, 'entity', 'HclNode', 'id', '', '', '', '', '', 0, 32, 32, NULL, NULL, '', '', 'system', systimestamp, '27', 0, 'entity.merchandiseHierarchy', '', '', '', '', '', '');
INSERT INTO CNT_FIELD_DEFINITION
 (ID, REVISION, PARENT_ID, FIELD_ID, COLUMN_NAME, COLUMN_TYPE, REPORT_COLUMN_NAME, PRODUCT_FIELD, FIELD_TYPE, ENTITY_LOOKUP, ENTITY_LOOKUP_KEY, ORDER_BY, GENERATOR, REFER_TABLE, KEY_COLUMN, LOOKUP_COLUMN, MANDATORY, MIN_LENGTH, MAX_LENGTH, MIN_VALUE, MAX_VALUE, CONSTANT_VALUE, UNIQUE_KEY, CREATE_USER, CREATED_ON, LINE_NO, MANAGED, FIELD_PATH, DATA_TYPE, DATA1, DATA2, TRANSITIVE_FIELDS, FORMULA, ENTITY_LOOKUP_TYPE)
VALUES ('b634e34bdc9b41fa94bc1d745559c3f5', 0, '5bb61a76324b4a1f8dfacf36e180aabb', 'allowToChangeSpec', 'ALLOW_TO_CHANGE_SPEC', 'NUMBER(1,0)', 'FLAG_CAN_CHANGE_SPECIFICATION', 1, 'boolean', '', '', '', '', '', '', '', 0, NULL, NULL, NULL, NULL, '', '', 'system', systimestamp, '28', 0, 'entity.allowToChangeSpec', '', '', '', '', '', '');
INSERT INTO CNT_FIELD_DEFINITION
 (ID, REVISION, PARENT_ID, FIELD_ID, COLUMN_NAME, COLUMN_TYPE, REPORT_COLUMN_NAME, PRODUCT_FIELD, FIELD_TYPE, ENTITY_LOOKUP, ENTITY_LOOKUP_KEY, ORDER_BY, GENERATOR, REFER_TABLE, KEY_COLUMN, LOOKUP_COLUMN, MANDATORY, MIN_LENGTH, MAX_LENGTH, MIN_VALUE, MAX_VALUE, CONSTANT_VALUE, UNIQUE_KEY, CREATE_USER, CREATED_ON, LINE_NO, MANAGED, FIELD_PATH, DATA_TYPE, DATA1, DATA2, TRANSITIVE_FIELDS, FORMULA, ENTITY_LOOKUP_TYPE)
VALUES ('b8038373b51c40e98d25584c44970b9d', 0, '5bb61a76324b4a1f8dfacf36e180aabb', 'sentWithRfqExcel', 'SENT_WITH_RFQ_EXCEL', 'NUMBER(1,0)', 'FLAG_SENT_WITH_RFQ_EXCEL', 1, 'boolean', '', '', '', '', '', '', '', 0, NULL, NULL, NULL, NULL, '', '', 'system', systimestamp, '29', 0, 'entity.sentWithRfqExcel', '', '', '', '', '', '');
INSERT INTO CNT_FIELD_DEFINITION
 (ID, REVISION, PARENT_ID, FIELD_ID, COLUMN_NAME, COLUMN_TYPE, REPORT_COLUMN_NAME, PRODUCT_FIELD, FIELD_TYPE, ENTITY_LOOKUP, ENTITY_LOOKUP_KEY, ORDER_BY, GENERATOR, REFER_TABLE, KEY_COLUMN, LOOKUP_COLUMN, MANDATORY, MIN_LENGTH, MAX_LENGTH, MIN_VALUE, MAX_VALUE, CONSTANT_VALUE, UNIQUE_KEY, CREATE_USER, CREATED_ON, LINE_NO, MANAGED, FIELD_PATH, DATA_TYPE, DATA1, DATA2, TRANSITIVE_FIELDS, FORMULA, ENTITY_LOOKUP_TYPE)
VALUES ('6f751ea2abdf474f9b33718dd773921c', 0, '5bb61a76324b4a1f8dfacf36e180aabb', 'withOpenCosting', 'WITH_OPEN_COSTING', 'NUMBER(1,0)', 'FLAG_IS_OPEN_COSTING', 1, 'boolean', '', '', '', '', '', '', '', 0, NULL, NULL, NULL, NULL, '', '', 'system', systimestamp, '30', 0, 'entity.withOpenCosting', '', '', '', '', '', '');
INSERT INTO CNT_FIELD_DEFINITION
 (ID, REVISION, PARENT_ID, FIELD_ID, COLUMN_NAME, COLUMN_TYPE, REPORT_COLUMN_NAME, PRODUCT_FIELD, FIELD_TYPE, ENTITY_LOOKUP, ENTITY_LOOKUP_KEY, ORDER_BY, GENERATOR, REFER_TABLE, KEY_COLUMN, LOOKUP_COLUMN, MANDATORY, MIN_LENGTH, MAX_LENGTH, MIN_VALUE, MAX_VALUE, CONSTANT_VALUE, UNIQUE_KEY, CREATE_USER, CREATED_ON, LINE_NO, MANAGED, FIELD_PATH, DATA_TYPE, DATA1, DATA2, TRANSITIVE_FIELDS, FORMULA, ENTITY_LOOKUP_TYPE)
VALUES ('48da4d8afc604df9a486c772af73cd29', 0, '5bb61a76324b4a1f8dfacf36e180aabb', 'fileId', 'FILE_ID', 'CHAR(32)', 'ATTACHMENT_SID', 1, 'entity', 'Attachment', 'id', '', '', '', '', '', 0, 32, 32, NULL, NULL, '', '', 'system', systimestamp, '31', 0, 'entity.fileId', '', '', '', 'ALL', '', '');
INSERT INTO CNT_FIELD_DEFINITION
 (ID, REVISION, PARENT_ID, FIELD_ID, COLUMN_NAME, COLUMN_TYPE, REPORT_COLUMN_NAME, PRODUCT_FIELD, FIELD_TYPE, ENTITY_LOOKUP, ENTITY_LOOKUP_KEY, ORDER_BY, GENERATOR, REFER_TABLE, KEY_COLUMN, LOOKUP_COLUMN, MANDATORY, MIN_LENGTH, MAX_LENGTH, MIN_VALUE, MAX_VALUE, CONSTANT_VALUE, UNIQUE_KEY, CREATE_USER, CREATED_ON, LINE_NO, MANAGED, FIELD_PATH, DATA_TYPE, DATA1, DATA2, TRANSITIVE_FIELDS, FORMULA, ENTITY_LOOKUP_TYPE)
VALUES ('f5175122d539420a92ab53937ae64c97', 0, '5bb61a76324b4a1f8dfacf36e180aabb', 'copyEmailToMyself', 'COPY_EMAIL_TO_MYSELF', 'NUMBER(1,0)', 'FLAG_COPY_EMAIL_SELF', 1, 'boolean', '', '', '', '', '', '', '', 0, NULL, NULL, NULL, NULL, '', '', 'system', systimestamp, '32', 0, 'entity.copyEmailToMyself', '', '', '', '', '', '');
INSERT INTO CNT_FIELD_DEFINITION
 (ID, REVISION, PARENT_ID, FIELD_ID, COLUMN_NAME, COLUMN_TYPE, REPORT_COLUMN_NAME, PRODUCT_FIELD, FIELD_TYPE, ENTITY_LOOKUP, ENTITY_LOOKUP_KEY, ORDER_BY, GENERATOR, REFER_TABLE, KEY_COLUMN, LOOKUP_COLUMN, MANDATORY, MIN_LENGTH, MAX_LENGTH, MIN_VALUE, MAX_VALUE, CONSTANT_VALUE, UNIQUE_KEY, CREATE_USER, CREATED_ON, LINE_NO, MANAGED, FIELD_PATH, DATA_TYPE, DATA1, DATA2, TRANSITIVE_FIELDS, FORMULA, ENTITY_LOOKUP_TYPE)
VALUES ('26d78213126e47e78496033512e77e81', 0, '5bb61a76324b4a1f8dfacf36e180aabb', 'comments', 'COMMENTS', 'NVARCHAR2(400)', 'COMMENTS', 1, 'string-m', '', '', '', '', '', '', '', 0, NULL, 400, NULL, NULL, '', '', 'system', systimestamp, '33', 0, 'entity.comments', '', '', '', '', '', '');
INSERT INTO CNT_FIELD_DEFINITION
 (ID, REVISION, PARENT_ID, FIELD_ID, COLUMN_NAME, COLUMN_TYPE, REPORT_COLUMN_NAME, PRODUCT_FIELD, FIELD_TYPE, ENTITY_LOOKUP, ENTITY_LOOKUP_KEY, ORDER_BY, GENERATOR, REFER_TABLE, KEY_COLUMN, LOOKUP_COLUMN, MANDATORY, MIN_LENGTH, MAX_LENGTH, MIN_VALUE, MAX_VALUE, CONSTANT_VALUE, UNIQUE_KEY, CREATE_USER, CREATED_ON, LINE_NO, MANAGED, FIELD_PATH, DATA_TYPE, DATA1, DATA2, TRANSITIVE_FIELDS, FORMULA, ENTITY_LOOKUP_TYPE)
VALUES ('3c043515e51a46b2b1ceba3eb9fecc2c', 0, '5bb61a76324b4a1f8dfacf36e180aabb', 'shortDescription', 'SHORT_DESCRIPTION', 'NVARCHAR2(400)', 'SHORT_DESC', 1, 'string-m', '', '', '', '', '', '', '', 0, NULL, 400, NULL, NULL, '', '', 'system', systimestamp, '34', 0, 'entity.shortDescription', '', '', '', '', '', '');
INSERT INTO CNT_FIELD_DEFINITION
 (ID, REVISION, PARENT_ID, FIELD_ID, COLUMN_NAME, COLUMN_TYPE, REPORT_COLUMN_NAME, PRODUCT_FIELD, FIELD_TYPE, ENTITY_LOOKUP, ENTITY_LOOKUP_KEY, ORDER_BY, GENERATOR, REFER_TABLE, KEY_COLUMN, LOOKUP_COLUMN, MANDATORY, MIN_LENGTH, MAX_LENGTH, MIN_VALUE, MAX_VALUE, CONSTANT_VALUE, UNIQUE_KEY, CREATE_USER, CREATED_ON, LINE_NO, MANAGED, FIELD_PATH, DATA_TYPE, DATA1, DATA2, TRANSITIVE_FIELDS, FORMULA, ENTITY_LOOKUP_TYPE)
VALUES ('560e36425b044501a5a8abeeb7b32eed', 0, '5bb61a76324b4a1f8dfacf36e180aabb', 'rfqVendor', 'RFQ_VENDOR', '', 'RFQ_VENDOR', 1, 'collection', 'RfqVendor', 'rfqId', '', '', '', '', '', 0, NULL, NULL, NULL, NULL, '', '', 'system', systimestamp, '35', 0, 'entity.rfqVendor', '', '', '', '', '', '');
INSERT INTO CNT_FIELD_DEFINITION
 (ID, REVISION, PARENT_ID, FIELD_ID, COLUMN_NAME, COLUMN_TYPE, REPORT_COLUMN_NAME, PRODUCT_FIELD, FIELD_TYPE, ENTITY_LOOKUP, ENTITY_LOOKUP_KEY, ORDER_BY, GENERATOR, REFER_TABLE, KEY_COLUMN, LOOKUP_COLUMN, MANDATORY, MIN_LENGTH, MAX_LENGTH, MIN_VALUE, MAX_VALUE, CONSTANT_VALUE, UNIQUE_KEY, CREATE_USER, CREATED_ON, LINE_NO, MANAGED, FIELD_PATH, DATA_TYPE, DATA1, DATA2, TRANSITIVE_FIELDS, FORMULA, ENTITY_LOOKUP_TYPE)
VALUES ('64f9b46e4ff84103b343a713c232e12a', 0, '5bb61a76324b4a1f8dfacf36e180aabb', 'rfqItem', 'RFQ_ITEM', '', 'RFQ_ITEM', 1, 'collection', 'RfqItem', 'rfqId', '', '', '', '', '', 0, NULL, NULL, NULL, NULL, '', '', 'system', systimestamp, '36', 0, 'entity.rfqItem', '', '', '', '', '', '');
INSERT INTO CNT_FIELD_DEFINITION
 (ID, REVISION, PARENT_ID, FIELD_ID, COLUMN_NAME, COLUMN_TYPE, REPORT_COLUMN_NAME, PRODUCT_FIELD, FIELD_TYPE, ENTITY_LOOKUP, ENTITY_LOOKUP_KEY, ORDER_BY, GENERATOR, REFER_TABLE, KEY_COLUMN, LOOKUP_COLUMN, MANDATORY, MIN_LENGTH, MAX_LENGTH, MIN_VALUE, MAX_VALUE, CONSTANT_VALUE, UNIQUE_KEY, CREATE_USER, CREATED_ON, LINE_NO, MANAGED, FIELD_PATH, DATA_TYPE, DATA1, DATA2, TRANSITIVE_FIELDS, FORMULA, ENTITY_LOOKUP_TYPE)
VALUES ('821c44d76139472b8b8cd3114cbdf9cc', 0, '5bb61a76324b4a1f8dfacf36e180aabb', 'refNo', 'REF_NO', 'NVARCHAR2(1000)', '', 1, 'string-l', '', '', '', 'com.core.cbx.data.generator.DomainPatternSeqGenerator("CBX_SEQ_RFQ_NO","system.pattern.rfqNo","RFQ#{Date:YYMM}-#{Seq:6}")', '', '', '', 0, NULL, 1000, NULL, NULL, '', '', 'system', systimestamp, '37', 0, 'entity.refNo', '', '', '', '', '', '');
INSERT INTO CNT_FIELD_DEFINITION
 (ID, REVISION, PARENT_ID, FIELD_ID, COLUMN_NAME, COLUMN_TYPE, REPORT_COLUMN_NAME, PRODUCT_FIELD, FIELD_TYPE, ENTITY_LOOKUP, ENTITY_LOOKUP_KEY, ORDER_BY, GENERATOR, REFER_TABLE, KEY_COLUMN, LOOKUP_COLUMN, MANDATORY, MIN_LENGTH, MAX_LENGTH, MIN_VALUE, MAX_VALUE, CONSTANT_VALUE, UNIQUE_KEY, CREATE_USER, CREATED_ON, LINE_NO, MANAGED, FIELD_PATH, DATA_TYPE, DATA1, DATA2, TRANSITIVE_FIELDS, FORMULA, ENTITY_LOOKUP_TYPE)
VALUES ('da436deb1442466da748b3ee02c1051b', 0, '5bb61a76324b4a1f8dfacf36e180aabb', 'custText1', 'CUST_TEXT1', 'NVARCHAR2(1000)', 'CUSTOM_FIELD_TEXT1', 0, 'string-l', '', '', '', '', '', '', '', 0, NULL, 1000, NULL, NULL, '', '', 'system', systimestamp, '38', 0, 'entity.custText1', '', '', '', '', '', '');
INSERT INTO CNT_FIELD_DEFINITION
 (ID, REVISION, PARENT_ID, FIELD_ID, COLUMN_NAME, COLUMN_TYPE, REPORT_COLUMN_NAME, PRODUCT_FIELD, FIELD_TYPE, ENTITY_LOOKUP, ENTITY_LOOKUP_KEY, ORDER_BY, GENERATOR, REFER_TABLE, KEY_COLUMN, LOOKUP_COLUMN, MANDATORY, MIN_LENGTH, MAX_LENGTH, MIN_VALUE, MAX_VALUE, CONSTANT_VALUE, UNIQUE_KEY, CREATE_USER, CREATED_ON, LINE_NO, MANAGED, FIELD_PATH, DATA_TYPE, DATA1, DATA2, TRANSITIVE_FIELDS, FORMULA, ENTITY_LOOKUP_TYPE)
VALUES ('39a313f9fa0c4fe59c45925663292e20', 0, '5bb61a76324b4a1f8dfacf36e180aabb', 'custText2', 'CUST_TEXT2', 'NVARCHAR2(1000)', 'CUSTOM_FIELD_TEXT2', 0, 'string-l', '', '', '', '', '', '', '', 0, NULL, 1000, NULL, NULL, '', '', 'system', systimestamp, '39', 0, 'entity.custText2', '', '', '', '', '', '');
INSERT INTO CNT_FIELD_DEFINITION
 (ID, REVISION, PARENT_ID, FIELD_ID, COLUMN_NAME, COLUMN_TYPE, REPORT_COLUMN_NAME, PRODUCT_FIELD, FIELD_TYPE, ENTITY_LOOKUP, ENTITY_LOOKUP_KEY, ORDER_BY, GENERATOR, REFER_TABLE, KEY_COLUMN, LOOKUP_COLUMN, MANDATORY, MIN_LENGTH, MAX_LENGTH, MIN_VALUE, MAX_VALUE, CONSTANT_VALUE, UNIQUE_KEY, CREATE_USER, CREATED_ON, LINE_NO, MANAGED, FIELD_PATH, DATA_TYPE, DATA1, DATA2, TRANSITIVE_FIELDS, FORMULA, ENTITY_LOOKUP_TYPE)
VALUES ('ccfa58e8f4ae460abf478f2d55887a86', 0, '5bb61a76324b4a1f8dfacf36e180aabb', 'custText3', 'CUST_TEXT3', 'NVARCHAR2(1000)', 'CUSTOM_FIELD_TEXT3', 0, 'string-l', '', '', '', '', '', '', '', 0, NULL, 1000, NULL, NULL, '', '', 'system', systimestamp, '40', 0, 'entity.custText3', '', '', '', '', '', '');
INSERT INTO CNT_FIELD_DEFINITION
 (ID, REVISION, PARENT_ID, FIELD_ID, COLUMN_NAME, COLUMN_TYPE, REPORT_COLUMN_NAME, PRODUCT_FIELD, FIELD_TYPE, ENTITY_LOOKUP, ENTITY_LOOKUP_KEY, ORDER_BY, GENERATOR, REFER_TABLE, KEY_COLUMN, LOOKUP_COLUMN, MANDATORY, MIN_LENGTH, MAX_LENGTH, MIN_VALUE, MAX_VALUE, CONSTANT_VALUE, UNIQUE_KEY, CREATE_USER, CREATED_ON, LINE_NO, MANAGED, FIELD_PATH, DATA_TYPE, DATA1, DATA2, TRANSITIVE_FIELDS, FORMULA, ENTITY_LOOKUP_TYPE)
VALUES ('95dd65f6662a40b1bc5aa3fcb179cbaf', 0, '5bb61a76324b4a1f8dfacf36e180aabb', 'custText4', 'CUST_TEXT4', 'NVARCHAR2(1000)', 'CUSTOM_FIELD_TEXT4', 0, 'string-l', '', '', '', '', '', '', '', 0, NULL, 1000, NULL, NULL, '', '', 'system', systimestamp, '41', 0, 'entity.custText4', '', '', '', '', '', '');
INSERT INTO CNT_FIELD_DEFINITION
 (ID, REVISION, PARENT_ID, FIELD_ID, COLUMN_NAME, COLUMN_TYPE, REPORT_COLUMN_NAME, PRODUCT_FIELD, FIELD_TYPE, ENTITY_LOOKUP, ENTITY_LOOKUP_KEY, ORDER_BY, GENERATOR, REFER_TABLE, KEY_COLUMN, LOOKUP_COLUMN, MANDATORY, MIN_LENGTH, MAX_LENGTH, MIN_VALUE, MAX_VALUE, CONSTANT_VALUE, UNIQUE_KEY, CREATE_USER, CREATED_ON, LINE_NO, MANAGED, FIELD_PATH, DATA_TYPE, DATA1, DATA2, TRANSITIVE_FIELDS, FORMULA, ENTITY_LOOKUP_TYPE)
VALUES ('e1e13686e87d4a9394c86f4387881554', 0, '5bb61a76324b4a1f8dfacf36e180aabb', 'custText5', 'CUST_TEXT5', 'NVARCHAR2(1000)', 'CUSTOM_FIELD_TEXT5', 0, 'string-l', '', '', '', '', '', '', '', 0, NULL, 1000, NULL, NULL, '', '', 'system', systimestamp, '42', 0, 'entity.custText5', '', '', '', '', '', '');
INSERT INTO CNT_FIELD_DEFINITION
 (ID, REVISION, PARENT_ID, FIELD_ID, COLUMN_NAME, COLUMN_TYPE, REPORT_COLUMN_NAME, PRODUCT_FIELD, FIELD_TYPE, ENTITY_LOOKUP, ENTITY_LOOKUP_KEY, ORDER_BY, GENERATOR, REFER_TABLE, KEY_COLUMN, LOOKUP_COLUMN, MANDATORY, MIN_LENGTH, MAX_LENGTH, MIN_VALUE, MAX_VALUE, CONSTANT_VALUE, UNIQUE_KEY, CREATE_USER, CREATED_ON, LINE_NO, MANAGED, FIELD_PATH, DATA_TYPE, DATA1, DATA2, TRANSITIVE_FIELDS, FORMULA, ENTITY_LOOKUP_TYPE)
VALUES ('63238ffc32e14b8b84ddfdbbb185be25', 0, '5bb61a76324b4a1f8dfacf36e180aabb', 'custText6', 'CUST_TEXT6', 'NVARCHAR2(1000)', 'CUSTOM_FIELD_TEXT6', 0, 'string-l', '', '', '', '', '', '', '', 0, NULL, 1000, NULL, NULL, '', '', 'system', systimestamp, '43', 0, 'entity.custText6', '', '', '', '', '', '');
INSERT INTO CNT_FIELD_DEFINITION
 (ID, REVISION, PARENT_ID, FIELD_ID, COLUMN_NAME, COLUMN_TYPE, REPORT_COLUMN_NAME, PRODUCT_FIELD, FIELD_TYPE, ENTITY_LOOKUP, ENTITY_LOOKUP_KEY, ORDER_BY, GENERATOR, REFER_TABLE, KEY_COLUMN, LOOKUP_COLUMN, MANDATORY, MIN_LENGTH, MAX_LENGTH, MIN_VALUE, MAX_VALUE, CONSTANT_VALUE, UNIQUE_KEY, CREATE_USER, CREATED_ON, LINE_NO, MANAGED, FIELD_PATH, DATA_TYPE, DATA1, DATA2, TRANSITIVE_FIELDS, FORMULA, ENTITY_LOOKUP_TYPE)
VALUES ('916fa3e9732d40f0b1c5124d55639446', 0, '5bb61a76324b4a1f8dfacf36e180aabb', 'custText7', 'CUST_TEXT7', 'NVARCHAR2(1000)', 'CUSTOM_FIELD_TEXT7', 0, 'string-l', '', '', '', '', '', '', '', 0, NULL, 1000, NULL, NULL, '', '', 'system', systimestamp, '44', 0, 'entity.custText7', '', '', '', '', '', '');
INSERT INTO CNT_FIELD_DEFINITION
 (ID, REVISION, PARENT_ID, FIELD_ID, COLUMN_NAME, COLUMN_TYPE, REPORT_COLUMN_NAME, PRODUCT_FIELD, FIELD_TYPE, ENTITY_LOOKUP, ENTITY_LOOKUP_KEY, ORDER_BY, GENERATOR, REFER_TABLE, KEY_COLUMN, LOOKUP_COLUMN, MANDATORY, MIN_LENGTH, MAX_LENGTH, MIN_VALUE, MAX_VALUE, CONSTANT_VALUE, UNIQUE_KEY, CREATE_USER, CREATED_ON, LINE_NO, MANAGED, FIELD_PATH, DATA_TYPE, DATA1, DATA2, TRANSITIVE_FIELDS, FORMULA, ENTITY_LOOKUP_TYPE)
VALUES ('81434013b7a84b07b738f6520b5bd584', 0, '5bb61a76324b4a1f8dfacf36e180aabb', 'custDate1', 'CUST_DATE1', 'DATE', 'CUSTOM_FIELD_DATE1', 0, 'date', '', '', '', '', '', '', '', 0, NULL, NULL, NULL, NULL, '', '', 'system', systimestamp, '45', 0, 'entity.custDate1', '', '', '', '', '', '');
INSERT INTO CNT_FIELD_DEFINITION
 (ID, REVISION, PARENT_ID, FIELD_ID, COLUMN_NAME, COLUMN_TYPE, REPORT_COLUMN_NAME, PRODUCT_FIELD, FIELD_TYPE, ENTITY_LOOKUP, ENTITY_LOOKUP_KEY, ORDER_BY, GENERATOR, REFER_TABLE, KEY_COLUMN, LOOKUP_COLUMN, MANDATORY, MIN_LENGTH, MAX_LENGTH, MIN_VALUE, MAX_VALUE, CONSTANT_VALUE, UNIQUE_KEY, CREATE_USER, CREATED_ON, LINE_NO, MANAGED, FIELD_PATH, DATA_TYPE, DATA1, DATA2, TRANSITIVE_FIELDS, FORMULA, ENTITY_LOOKUP_TYPE)
VALUES ('a8ecc56362cf4e2c89fe0a7b3ff1b2d3', 0, '5bb61a76324b4a1f8dfacf36e180aabb', 'custDate2', 'CUST_DATE2', 'DATE', 'CUSTOM_FIELD_DATE2', 0, 'date', '', '', '', '', '', '', '', 0, NULL, NULL, NULL, NULL, '', '', 'system', systimestamp, '46', 0, 'entity.custDate2', '', '', '', '', '', '');
INSERT INTO CNT_FIELD_DEFINITION
 (ID, REVISION, PARENT_ID, FIELD_ID, COLUMN_NAME, COLUMN_TYPE, REPORT_COLUMN_NAME, PRODUCT_FIELD, FIELD_TYPE, ENTITY_LOOKUP, ENTITY_LOOKUP_KEY, ORDER_BY, GENERATOR, REFER_TABLE, KEY_COLUMN, LOOKUP_COLUMN, MANDATORY, MIN_LENGTH, MAX_LENGTH, MIN_VALUE, MAX_VALUE, CONSTANT_VALUE, UNIQUE_KEY, CREATE_USER, CREATED_ON, LINE_NO, MANAGED, FIELD_PATH, DATA_TYPE, DATA1, DATA2, TRANSITIVE_FIELDS, FORMULA, ENTITY_LOOKUP_TYPE)
VALUES ('dac6534816684921b8b60cc05ea2a5b2', 0, '5bb61a76324b4a1f8dfacf36e180aabb', 'custDate3', 'CUST_DATE3', 'DATE', 'CUSTOM_FIELD_DATE3', 0, 'date', '', '', '', '', '', '', '', 0, NULL, NULL, NULL, NULL, '', '', 'system', systimestamp, '47', 0, 'entity.custDate3', '', '', '', '', '', '');
INSERT INTO CNT_FIELD_DEFINITION
 (ID, REVISION, PARENT_ID, FIELD_ID, COLUMN_NAME, COLUMN_TYPE, REPORT_COLUMN_NAME, PRODUCT_FIELD, FIELD_TYPE, ENTITY_LOOKUP, ENTITY_LOOKUP_KEY, ORDER_BY, GENERATOR, REFER_TABLE, KEY_COLUMN, LOOKUP_COLUMN, MANDATORY, MIN_LENGTH, MAX_LENGTH, MIN_VALUE, MAX_VALUE, CONSTANT_VALUE, UNIQUE_KEY, CREATE_USER, CREATED_ON, LINE_NO, MANAGED, FIELD_PATH, DATA_TYPE, DATA1, DATA2, TRANSITIVE_FIELDS, FORMULA, ENTITY_LOOKUP_TYPE)
VALUES ('0db0b30e124946869c8cf122438b6b76', 0, '5bb61a76324b4a1f8dfacf36e180aabb', 'custDate4', 'CUST_DATE4', 'DATE', 'CUSTOM_FIELD_DATE4', 0, 'date', '', '', '', '', '', '', '', 0, NULL, NULL, NULL, NULL, '', '', 'system', systimestamp, '48', 0, 'entity.custDate4', '', '', '', '', '', '');
INSERT INTO CNT_FIELD_DEFINITION
 (ID, REVISION, PARENT_ID, FIELD_ID, COLUMN_NAME, COLUMN_TYPE, REPORT_COLUMN_NAME, PRODUCT_FIELD, FIELD_TYPE, ENTITY_LOOKUP, ENTITY_LOOKUP_KEY, ORDER_BY, GENERATOR, REFER_TABLE, KEY_COLUMN, LOOKUP_COLUMN, MANDATORY, MIN_LENGTH, MAX_LENGTH, MIN_VALUE, MAX_VALUE, CONSTANT_VALUE, UNIQUE_KEY, CREATE_USER, CREATED_ON, LINE_NO, MANAGED, FIELD_PATH, DATA_TYPE, DATA1, DATA2, TRANSITIVE_FIELDS, FORMULA, ENTITY_LOOKUP_TYPE)
VALUES ('b7c576c131884b06b516f073b6bf48d0', 0, '5bb61a76324b4a1f8dfacf36e180aabb', 'custDate5', 'CUST_DATE5', 'DATE', 'CUSTOM_FIELD_DATE5', 0, 'date', '', '', '', '', '', '', '', 0, NULL, NULL, NULL, NULL, '', '', 'system', systimestamp, '49', 0, 'entity.custDate5', '', '', '', '', '', '');
INSERT INTO CNT_FIELD_DEFINITION
 (ID, REVISION, PARENT_ID, FIELD_ID, COLUMN_NAME, COLUMN_TYPE, REPORT_COLUMN_NAME, PRODUCT_FIELD, FIELD_TYPE, ENTITY_LOOKUP, ENTITY_LOOKUP_KEY, ORDER_BY, GENERATOR, REFER_TABLE, KEY_COLUMN, LOOKUP_COLUMN, MANDATORY, MIN_LENGTH, MAX_LENGTH, MIN_VALUE, MAX_VALUE, CONSTANT_VALUE, UNIQUE_KEY, CREATE_USER, CREATED_ON, LINE_NO, MANAGED, FIELD_PATH, DATA_TYPE, DATA1, DATA2, TRANSITIVE_FIELDS, FORMULA, ENTITY_LOOKUP_TYPE)
VALUES ('3ce6b7bead7f4c0ab0666b1ffaaf2904', 0, '5bb61a76324b4a1f8dfacf36e180aabb', 'custDate6', 'CUST_DATE6', 'DATE', 'CUSTOM_FIELD_DATE6', 0, 'date', '', '', '', '', '', '', '', 0, NULL, NULL, NULL, NULL, '', '', 'system', systimestamp, '50', 0, 'entity.custDate6', '', '', '', '', '', '');
INSERT INTO CNT_FIELD_DEFINITION
 (ID, REVISION, PARENT_ID, FIELD_ID, COLUMN_NAME, COLUMN_TYPE, REPORT_COLUMN_NAME, PRODUCT_FIELD, FIELD_TYPE, ENTITY_LOOKUP, ENTITY_LOOKUP_KEY, ORDER_BY, GENERATOR, REFER_TABLE, KEY_COLUMN, LOOKUP_COLUMN, MANDATORY, MIN_LENGTH, MAX_LENGTH, MIN_VALUE, MAX_VALUE, CONSTANT_VALUE, UNIQUE_KEY, CREATE_USER, CREATED_ON, LINE_NO, MANAGED, FIELD_PATH, DATA_TYPE, DATA1, DATA2, TRANSITIVE_FIELDS, FORMULA, ENTITY_LOOKUP_TYPE)
VALUES ('89e700c32697426f9684203a32a030aa', 0, '5bb61a76324b4a1f8dfacf36e180aabb', 'custDate7', 'CUST_DATE7', 'DATE', 'CUSTOM_FIELD_DATE7', 0, 'date', '', '', '', '', '', '', '', 0, NULL, NULL, NULL, NULL, '', '', 'system', systimestamp, '51', 0, 'entity.custDate7', '', '', '', '', '', '');
INSERT INTO CNT_FIELD_DEFINITION
 (ID, REVISION, PARENT_ID, FIELD_ID, COLUMN_NAME, COLUMN_TYPE, REPORT_COLUMN_NAME, PRODUCT_FIELD, FIELD_TYPE, ENTITY_LOOKUP, ENTITY_LOOKUP_KEY, ORDER_BY, GENERATOR, REFER_TABLE, KEY_COLUMN, LOOKUP_COLUMN, MANDATORY, MIN_LENGTH, MAX_LENGTH, MIN_VALUE, MAX_VALUE, CONSTANT_VALUE, UNIQUE_KEY, CREATE_USER, CREATED_ON, LINE_NO, MANAGED, FIELD_PATH, DATA_TYPE, DATA1, DATA2, TRANSITIVE_FIELDS, FORMULA, ENTITY_LOOKUP_TYPE)
VALUES ('101b2c1398b94f948c2bd161e17aed5d', 0, '5bb61a76324b4a1f8dfacf36e180aabb', 'custNumber1', 'CUST_NUMBER1', 'NUMBER(20, 0)', 'CUSTOM_FIELD_NUMBER1', 0, 'integer', '', '', '', '', '', '', '', 0, NULL, 18, NULL, NULL, '', '', 'system', systimestamp, '52', 0, 'entity.custNumber1', '', '', '', '', '', '');
INSERT INTO CNT_FIELD_DEFINITION
 (ID, REVISION, PARENT_ID, FIELD_ID, COLUMN_NAME, COLUMN_TYPE, REPORT_COLUMN_NAME, PRODUCT_FIELD, FIELD_TYPE, ENTITY_LOOKUP, ENTITY_LOOKUP_KEY, ORDER_BY, GENERATOR, REFER_TABLE, KEY_COLUMN, LOOKUP_COLUMN, MANDATORY, MIN_LENGTH, MAX_LENGTH, MIN_VALUE, MAX_VALUE, CONSTANT_VALUE, UNIQUE_KEY, CREATE_USER, CREATED_ON, LINE_NO, MANAGED, FIELD_PATH, DATA_TYPE, DATA1, DATA2, TRANSITIVE_FIELDS, FORMULA, ENTITY_LOOKUP_TYPE)
VALUES ('713a85e4b8ff41d2b5755c0dfbc3192d', 0, '5bb61a76324b4a1f8dfacf36e180aabb', 'custNumber2', 'CUST_NUMBER2', 'NUMBER(20, 0)', 'CUSTOM_FIELD_NUMBER2', 0, 'integer', '', '', '', '', '', '', '', 0, NULL, 18, NULL, NULL, '', '', 'system', systimestamp, '53', 0, 'entity.custNumber2', '', '', '', '', '', '');
INSERT INTO CNT_FIELD_DEFINITION
 (ID, REVISION, PARENT_ID, FIELD_ID, COLUMN_NAME, COLUMN_TYPE, REPORT_COLUMN_NAME, PRODUCT_FIELD, FIELD_TYPE, ENTITY_LOOKUP, ENTITY_LOOKUP_KEY, ORDER_BY, GENERATOR, REFER_TABLE, KEY_COLUMN, LOOKUP_COLUMN, MANDATORY, MIN_LENGTH, MAX_LENGTH, MIN_VALUE, MAX_VALUE, CONSTANT_VALUE, UNIQUE_KEY, CREATE_USER, CREATED_ON, LINE_NO, MANAGED, FIELD_PATH, DATA_TYPE, DATA1, DATA2, TRANSITIVE_FIELDS, FORMULA, ENTITY_LOOKUP_TYPE)
VALUES ('5528d0af4cc244bb8c9121db89e72617', 0, '5bb61a76324b4a1f8dfacf36e180aabb', 'custNumber3', 'CUST_NUMBER3', 'NUMBER(20, 0)', 'CUSTOM_FIELD_NUMBER3', 0, 'integer', '', '', '', '', '', '', '', 0, NULL, 18, NULL, NULL, '', '', 'system', systimestamp, '54', 0, 'entity.custNumber3', '', '', '', '', '', '');
INSERT INTO CNT_FIELD_DEFINITION
 (ID, REVISION, PARENT_ID, FIELD_ID, COLUMN_NAME, COLUMN_TYPE, REPORT_COLUMN_NAME, PRODUCT_FIELD, FIELD_TYPE, ENTITY_LOOKUP, ENTITY_LOOKUP_KEY, ORDER_BY, GENERATOR, REFER_TABLE, KEY_COLUMN, LOOKUP_COLUMN, MANDATORY, MIN_LENGTH, MAX_LENGTH, MIN_VALUE, MAX_VALUE, CONSTANT_VALUE, UNIQUE_KEY, CREATE_USER, CREATED_ON, LINE_NO, MANAGED, FIELD_PATH, DATA_TYPE, DATA1, DATA2, TRANSITIVE_FIELDS, FORMULA, ENTITY_LOOKUP_TYPE)
VALUES ('16de2ae4f0c9472fa13c917ffad74e37', 0, '5bb61a76324b4a1f8dfacf36e180aabb', 'custNumber4', 'CUST_NUMBER4', 'NUMBER(20, 0)', 'CUSTOM_FIELD_NUMBER4', 0, 'integer', '', '', '', '', '', '', '', 0, NULL, 18, NULL, NULL, '', '', 'system', systimestamp, '55', 0, 'entity.custNumber4', '', '', '', '', '', '');
INSERT INTO CNT_FIELD_DEFINITION
 (ID, REVISION, PARENT_ID, FIELD_ID, COLUMN_NAME, COLUMN_TYPE, REPORT_COLUMN_NAME, PRODUCT_FIELD, FIELD_TYPE, ENTITY_LOOKUP, ENTITY_LOOKUP_KEY, ORDER_BY, GENERATOR, REFER_TABLE, KEY_COLUMN, LOOKUP_COLUMN, MANDATORY, MIN_LENGTH, MAX_LENGTH, MIN_VALUE, MAX_VALUE, CONSTANT_VALUE, UNIQUE_KEY, CREATE_USER, CREATED_ON, LINE_NO, MANAGED, FIELD_PATH, DATA_TYPE, DATA1, DATA2, TRANSITIVE_FIELDS, FORMULA, ENTITY_LOOKUP_TYPE)
VALUES ('64a8c579a91b4c6f83480975703ea328', 0, '5bb61a76324b4a1f8dfacf36e180aabb', 'custNumber5', 'CUST_NUMBER5', 'NUMBER(20, 0)', 'CUSTOM_FIELD_NUMBER5', 0, 'integer', '', '', '', '', '', '', '', 0, NULL, 18, NULL, NULL, '', '', 'system', systimestamp, '56', 0, 'entity.custNumber5', '', '', '', '', '', '');
INSERT INTO CNT_FIELD_DEFINITION
 (ID, REVISION, PARENT_ID, FIELD_ID, COLUMN_NAME, COLUMN_TYPE, REPORT_COLUMN_NAME, PRODUCT_FIELD, FIELD_TYPE, ENTITY_LOOKUP, ENTITY_LOOKUP_KEY, ORDER_BY, GENERATOR, REFER_TABLE, KEY_COLUMN, LOOKUP_COLUMN, MANDATORY, MIN_LENGTH, MAX_LENGTH, MIN_VALUE, MAX_VALUE, CONSTANT_VALUE, UNIQUE_KEY, CREATE_USER, CREATED_ON, LINE_NO, MANAGED, FIELD_PATH, DATA_TYPE, DATA1, DATA2, TRANSITIVE_FIELDS, FORMULA, ENTITY_LOOKUP_TYPE)
VALUES ('43c190ec8e594a1ca26beea5bc6a6112', 0, '5bb61a76324b4a1f8dfacf36e180aabb', 'custNumber6', 'CUST_NUMBER6', 'NUMBER(20, 0)', 'CUSTOM_FIELD_NUMBER6', 0, 'integer', '', '', '', '', '', '', '', 0, NULL, 18, NULL, NULL, '', '', 'system', systimestamp, '57', 0, 'entity.custNumber6', '', '', '', '', '', '');
INSERT INTO CNT_FIELD_DEFINITION
 (ID, REVISION, PARENT_ID, FIELD_ID, COLUMN_NAME, COLUMN_TYPE, REPORT_COLUMN_NAME, PRODUCT_FIELD, FIELD_TYPE, ENTITY_LOOKUP, ENTITY_LOOKUP_KEY, ORDER_BY, GENERATOR, REFER_TABLE, KEY_COLUMN, LOOKUP_COLUMN, MANDATORY, MIN_LENGTH, MAX_LENGTH, MIN_VALUE, MAX_VALUE, CONSTANT_VALUE, UNIQUE_KEY, CREATE_USER, CREATED_ON, LINE_NO, MANAGED, FIELD_PATH, DATA_TYPE, DATA1, DATA2, TRANSITIVE_FIELDS, FORMULA, ENTITY_LOOKUP_TYPE)
VALUES ('ac3d326a6ecc44c59186da39b6fd3692', 0, '5bb61a76324b4a1f8dfacf36e180aabb', 'custNumber7', 'CUST_NUMBER7', 'NUMBER(20, 0)', 'CUSTOM_FIELD_NUMBER7', 0, 'integer', '', '', '', '', '', '', '', 0, NULL, 18, NULL, NULL, '', '', 'system', systimestamp, '58', 0, 'entity.custNumber7', '', '', '', '', '', '');
INSERT INTO CNT_FIELD_DEFINITION
 (ID, REVISION, PARENT_ID, FIELD_ID, COLUMN_NAME, COLUMN_TYPE, REPORT_COLUMN_NAME, PRODUCT_FIELD, FIELD_TYPE, ENTITY_LOOKUP, ENTITY_LOOKUP_KEY, ORDER_BY, GENERATOR, REFER_TABLE, KEY_COLUMN, LOOKUP_COLUMN, MANDATORY, MIN_LENGTH, MAX_LENGTH, MIN_VALUE, MAX_VALUE, CONSTANT_VALUE, UNIQUE_KEY, CREATE_USER, CREATED_ON, LINE_NO, MANAGED, FIELD_PATH, DATA_TYPE, DATA1, DATA2, TRANSITIVE_FIELDS, FORMULA, ENTITY_LOOKUP_TYPE)
VALUES ('1569e9656a90452190f9fcbbdf2f2a78', 0, '5bb61a76324b4a1f8dfacf36e180aabb', 'custDecimal1', 'CUST_DECIMAL1', 'NUMBER(25, 5)', 'CUSTOM_FIELD_DECIMAL1', 0, 'decimal-rate', '', '', '', '', '', '', '', 0, NULL, 20, NULL, NULL, '', '', 'system', systimestamp, '59', 0, 'entity.custDecimal1', '', '', '', '', '', '');
INSERT INTO CNT_FIELD_DEFINITION
 (ID, REVISION, PARENT_ID, FIELD_ID, COLUMN_NAME, COLUMN_TYPE, REPORT_COLUMN_NAME, PRODUCT_FIELD, FIELD_TYPE, ENTITY_LOOKUP, ENTITY_LOOKUP_KEY, ORDER_BY, GENERATOR, REFER_TABLE, KEY_COLUMN, LOOKUP_COLUMN, MANDATORY, MIN_LENGTH, MAX_LENGTH, MIN_VALUE, MAX_VALUE, CONSTANT_VALUE, UNIQUE_KEY, CREATE_USER, CREATED_ON, LINE_NO, MANAGED, FIELD_PATH, DATA_TYPE, DATA1, DATA2, TRANSITIVE_FIELDS, FORMULA, ENTITY_LOOKUP_TYPE)
VALUES ('5c3fe30d998d45af8f247b947051d84e', 0, '5bb61a76324b4a1f8dfacf36e180aabb', 'custDecimal2', 'CUST_DECIMAL2', 'NUMBER(25, 5)', 'CUSTOM_FIELD_DECIMAL2', 0, 'decimal-rate', '', '', '', '', '', '', '', 0, NULL, 20, NULL, NULL, '', '', 'system', systimestamp, '60', 0, 'entity.custDecimal2', '', '', '', '', '', '');
INSERT INTO CNT_FIELD_DEFINITION
 (ID, REVISION, PARENT_ID, FIELD_ID, COLUMN_NAME, COLUMN_TYPE, REPORT_COLUMN_NAME, PRODUCT_FIELD, FIELD_TYPE, ENTITY_LOOKUP, ENTITY_LOOKUP_KEY, ORDER_BY, GENERATOR, REFER_TABLE, KEY_COLUMN, LOOKUP_COLUMN, MANDATORY, MIN_LENGTH, MAX_LENGTH, MIN_VALUE, MAX_VALUE, CONSTANT_VALUE, UNIQUE_KEY, CREATE_USER, CREATED_ON, LINE_NO, MANAGED, FIELD_PATH, DATA_TYPE, DATA1, DATA2, TRANSITIVE_FIELDS, FORMULA, ENTITY_LOOKUP_TYPE)
VALUES ('40411390b5934141bdd74f45d132b5d8', 0, '5bb61a76324b4a1f8dfacf36e180aabb', 'custDecimal3', 'CUST_DECIMAL3', 'NUMBER(25, 5)', 'CUSTOM_FIELD_DECIMAL3', 0, 'decimal-rate', '', '', '', '', '', '', '', 0, NULL, 20, NULL, NULL, '', '', 'system', systimestamp, '61', 0, 'entity.custDecimal3', '', '', '', '', '', '');
INSERT INTO CNT_FIELD_DEFINITION
 (ID, REVISION, PARENT_ID, FIELD_ID, COLUMN_NAME, COLUMN_TYPE, REPORT_COLUMN_NAME, PRODUCT_FIELD, FIELD_TYPE, ENTITY_LOOKUP, ENTITY_LOOKUP_KEY, ORDER_BY, GENERATOR, REFER_TABLE, KEY_COLUMN, LOOKUP_COLUMN, MANDATORY, MIN_LENGTH, MAX_LENGTH, MIN_VALUE, MAX_VALUE, CONSTANT_VALUE, UNIQUE_KEY, CREATE_USER, CREATED_ON, LINE_NO, MANAGED, FIELD_PATH, DATA_TYPE, DATA1, DATA2, TRANSITIVE_FIELDS, FORMULA, ENTITY_LOOKUP_TYPE)
VALUES ('7c449944fc1442e894afa4a7c615d458', 0, '5bb61a76324b4a1f8dfacf36e180aabb', 'custDecimal4', 'CUST_DECIMAL4', 'NUMBER(25, 5)', 'CUSTOM_FIELD_DECIMAL4', 0, 'decimal-rate', '', '', '', '', '', '', '', 0, NULL, 20, NULL, NULL, '', '', 'system', systimestamp, '62', 0, 'entity.custDecimal4', '', '', '', '', '', '');
INSERT INTO CNT_FIELD_DEFINITION
 (ID, REVISION, PARENT_ID, FIELD_ID, COLUMN_NAME, COLUMN_TYPE, REPORT_COLUMN_NAME, PRODUCT_FIELD, FIELD_TYPE, ENTITY_LOOKUP, ENTITY_LOOKUP_KEY, ORDER_BY, GENERATOR, REFER_TABLE, KEY_COLUMN, LOOKUP_COLUMN, MANDATORY, MIN_LENGTH, MAX_LENGTH, MIN_VALUE, MAX_VALUE, CONSTANT_VALUE, UNIQUE_KEY, CREATE_USER, CREATED_ON, LINE_NO, MANAGED, FIELD_PATH, DATA_TYPE, DATA1, DATA2, TRANSITIVE_FIELDS, FORMULA, ENTITY_LOOKUP_TYPE)
VALUES ('0026d0211b9a4f0da7baa3ca506f4c10', 0, '5bb61a76324b4a1f8dfacf36e180aabb', 'custDecimal5', 'CUST_DECIMAL5', 'NUMBER(25, 5)', 'CUSTOM_FIELD_DECIMAL5', 0, 'decimal-rate', '', '', '', '', '', '', '', 0, NULL, 20, NULL, NULL, '', '', 'system', systimestamp, '63', 0, 'entity.custDecimal5', '', '', '', '', '', '');
INSERT INTO CNT_FIELD_DEFINITION
 (ID, REVISION, PARENT_ID, FIELD_ID, COLUMN_NAME, COLUMN_TYPE, REPORT_COLUMN_NAME, PRODUCT_FIELD, FIELD_TYPE, ENTITY_LOOKUP, ENTITY_LOOKUP_KEY, ORDER_BY, GENERATOR, REFER_TABLE, KEY_COLUMN, LOOKUP_COLUMN, MANDATORY, MIN_LENGTH, MAX_LENGTH, MIN_VALUE, MAX_VALUE, CONSTANT_VALUE, UNIQUE_KEY, CREATE_USER, CREATED_ON, LINE_NO, MANAGED, FIELD_PATH, DATA_TYPE, DATA1, DATA2, TRANSITIVE_FIELDS, FORMULA, ENTITY_LOOKUP_TYPE)
VALUES ('63f3aad4e5234c14a526ba9db3b910ec', 0, '5bb61a76324b4a1f8dfacf36e180aabb', 'custDecimal6', 'CUST_DECIMAL6', 'NUMBER(25, 5)', 'CUSTOM_FIELD_DECIMAL6', 0, 'decimal-rate', '', '', '', '', '', '', '', 0, NULL, 20, NULL, NULL, '', '', 'system', systimestamp, '64', 0, 'entity.custDecimal6', '', '', '', '', '', '');
INSERT INTO CNT_FIELD_DEFINITION
 (ID, REVISION, PARENT_ID, FIELD_ID, COLUMN_NAME, COLUMN_TYPE, REPORT_COLUMN_NAME, PRODUCT_FIELD, FIELD_TYPE, ENTITY_LOOKUP, ENTITY_LOOKUP_KEY, ORDER_BY, GENERATOR, REFER_TABLE, KEY_COLUMN, LOOKUP_COLUMN, MANDATORY, MIN_LENGTH, MAX_LENGTH, MIN_VALUE, MAX_VALUE, CONSTANT_VALUE, UNIQUE_KEY, CREATE_USER, CREATED_ON, LINE_NO, MANAGED, FIELD_PATH, DATA_TYPE, DATA1, DATA2, TRANSITIVE_FIELDS, FORMULA, ENTITY_LOOKUP_TYPE)
VALUES ('7124884d128547cab2fec9523ca0fcc5', 0, '5bb61a76324b4a1f8dfacf36e180aabb', 'custDecimal7', 'CUST_DECIMAL7', 'NUMBER(25, 5)', 'CUSTOM_FIELD_DECIMAL7', 0, 'decimal-rate', '', '', '', '', '', '', '', 0, NULL, 20, NULL, NULL, '', '', 'system', systimestamp, '65', 0, 'entity.custDecimal7', '', '', '', '', '', '');
INSERT INTO CNT_FIELD_DEFINITION
 (ID, REVISION, PARENT_ID, FIELD_ID, COLUMN_NAME, COLUMN_TYPE, REPORT_COLUMN_NAME, PRODUCT_FIELD, FIELD_TYPE, ENTITY_LOOKUP, ENTITY_LOOKUP_KEY, ORDER_BY, GENERATOR, REFER_TABLE, KEY_COLUMN, LOOKUP_COLUMN, MANDATORY, MIN_LENGTH, MAX_LENGTH, MIN_VALUE, MAX_VALUE, CONSTANT_VALUE, UNIQUE_KEY, CREATE_USER, CREATED_ON, LINE_NO, MANAGED, FIELD_PATH, DATA_TYPE, DATA1, DATA2, TRANSITIVE_FIELDS, FORMULA, ENTITY_LOOKUP_TYPE)
VALUES ('12545ef87a634d5c9dc7ce425835faf7', 0, '5bb61a76324b4a1f8dfacf36e180aabb', 'custCodelist1', 'CUST_CODELIST1', 'NVARCHAR2(400)', 'CUSTOM_FIELD_CODE_LIST_CODE1', 0, 'string-m', '', '', '', '', '', '', '', 0, NULL, 400, NULL, NULL, '', '', 'system', systimestamp, '66', 0, 'entity.custCodelist1', 'codelist', '', '', '', '', '');
INSERT INTO CNT_FIELD_DEFINITION
 (ID, REVISION, PARENT_ID, FIELD_ID, COLUMN_NAME, COLUMN_TYPE, REPORT_COLUMN_NAME, PRODUCT_FIELD, FIELD_TYPE, ENTITY_LOOKUP, ENTITY_LOOKUP_KEY, ORDER_BY, GENERATOR, REFER_TABLE, KEY_COLUMN, LOOKUP_COLUMN, MANDATORY, MIN_LENGTH, MAX_LENGTH, MIN_VALUE, MAX_VALUE, CONSTANT_VALUE, UNIQUE_KEY, CREATE_USER, CREATED_ON, LINE_NO, MANAGED, FIELD_PATH, DATA_TYPE, DATA1, DATA2, TRANSITIVE_FIELDS, FORMULA, ENTITY_LOOKUP_TYPE)
VALUES ('baac50fcba574239be78d97fb16f13a4', 0, '5bb61a76324b4a1f8dfacf36e180aabb', 'custCodelist2', 'CUST_CODELIST2', 'NVARCHAR2(400)', 'CUSTOM_FIELD_CODE_LIST_CODE2', 0, 'string-m', '', '', '', '', '', '', '', 0, NULL, 400, NULL, NULL, '', '', 'system', systimestamp, '67', 0, 'entity.custCodelist2', 'codelist', '', '', '', '', '');
INSERT INTO CNT_FIELD_DEFINITION
 (ID, REVISION, PARENT_ID, FIELD_ID, COLUMN_NAME, COLUMN_TYPE, REPORT_COLUMN_NAME, PRODUCT_FIELD, FIELD_TYPE, ENTITY_LOOKUP, ENTITY_LOOKUP_KEY, ORDER_BY, GENERATOR, REFER_TABLE, KEY_COLUMN, LOOKUP_COLUMN, MANDATORY, MIN_LENGTH, MAX_LENGTH, MIN_VALUE, MAX_VALUE, CONSTANT_VALUE, UNIQUE_KEY, CREATE_USER, CREATED_ON, LINE_NO, MANAGED, FIELD_PATH, DATA_TYPE, DATA1, DATA2, TRANSITIVE_FIELDS, FORMULA, ENTITY_LOOKUP_TYPE)
VALUES ('5b5af05215e0478c8efac2be9a4f834d', 0, '5bb61a76324b4a1f8dfacf36e180aabb', 'custCodelist3', 'CUST_CODELIST3', 'NVARCHAR2(400)', 'CUSTOM_FIELD_CODE_LIST_CODE3', 0, 'string-m', '', '', '', '', '', '', '', 0, NULL, 400, NULL, NULL, '', '', 'system', systimestamp, '68', 0, 'entity.custCodelist3', 'codelist', '', '', '', '', '');
INSERT INTO CNT_FIELD_DEFINITION
 (ID, REVISION, PARENT_ID, FIELD_ID, COLUMN_NAME, COLUMN_TYPE, REPORT_COLUMN_NAME, PRODUCT_FIELD, FIELD_TYPE, ENTITY_LOOKUP, ENTITY_LOOKUP_KEY, ORDER_BY, GENERATOR, REFER_TABLE, KEY_COLUMN, LOOKUP_COLUMN, MANDATORY, MIN_LENGTH, MAX_LENGTH, MIN_VALUE, MAX_VALUE, CONSTANT_VALUE, UNIQUE_KEY, CREATE_USER, CREATED_ON, LINE_NO, MANAGED, FIELD_PATH, DATA_TYPE, DATA1, DATA2, TRANSITIVE_FIELDS, FORMULA, ENTITY_LOOKUP_TYPE)
VALUES ('08d564063c784bb1b0bc6505d4bc592a', 0, '5bb61a76324b4a1f8dfacf36e180aabb', 'custCodelist4', 'CUST_CODELIST4', 'NVARCHAR2(400)', 'CUSTOM_FIELD_CODE_LIST_CODE4', 0, 'string-m', '', '', '', '', '', '', '', 0, NULL, 400, NULL, NULL, '', '', 'system', systimestamp, '69', 0, 'entity.custCodelist4', 'codelist', '', '', '', '', '');
INSERT INTO CNT_FIELD_DEFINITION
 (ID, REVISION, PARENT_ID, FIELD_ID, COLUMN_NAME, COLUMN_TYPE, REPORT_COLUMN_NAME, PRODUCT_FIELD, FIELD_TYPE, ENTITY_LOOKUP, ENTITY_LOOKUP_KEY, ORDER_BY, GENERATOR, REFER_TABLE, KEY_COLUMN, LOOKUP_COLUMN, MANDATORY, MIN_LENGTH, MAX_LENGTH, MIN_VALUE, MAX_VALUE, CONSTANT_VALUE, UNIQUE_KEY, CREATE_USER, CREATED_ON, LINE_NO, MANAGED, FIELD_PATH, DATA_TYPE, DATA1, DATA2, TRANSITIVE_FIELDS, FORMULA, ENTITY_LOOKUP_TYPE)
VALUES ('a9b87a40209242ddb80fdc1d13fbc38e', 0, '5bb61a76324b4a1f8dfacf36e180aabb', 'custCodelist5', 'CUST_CODELIST5', 'NVARCHAR2(400)', 'CUSTOM_FIELD_CODE_LIST_CODE5', 0, 'string-m', '', '', '', '', '', '', '', 0, NULL, 400, NULL, NULL, '', '', 'system', systimestamp, '70', 0, 'entity.custCodelist5', 'codelist', '', '', '', '', '');
INSERT INTO CNT_FIELD_DEFINITION
 (ID, REVISION, PARENT_ID, FIELD_ID, COLUMN_NAME, COLUMN_TYPE, REPORT_COLUMN_NAME, PRODUCT_FIELD, FIELD_TYPE, ENTITY_LOOKUP, ENTITY_LOOKUP_KEY, ORDER_BY, GENERATOR, REFER_TABLE, KEY_COLUMN, LOOKUP_COLUMN, MANDATORY, MIN_LENGTH, MAX_LENGTH, MIN_VALUE, MAX_VALUE, CONSTANT_VALUE, UNIQUE_KEY, CREATE_USER, CREATED_ON, LINE_NO, MANAGED, FIELD_PATH, DATA_TYPE, DATA1, DATA2, TRANSITIVE_FIELDS, FORMULA, ENTITY_LOOKUP_TYPE)
VALUES ('7c4a9f4450b4440ab7c68ea57aa0728c', 0, '5bb61a76324b4a1f8dfacf36e180aabb', 'custCodelist6', 'CUST_CODELIST6', 'NVARCHAR2(400)', 'CUSTOM_FIELD_CODE_LIST_CODE6', 0, 'string-m', '', '', '', '', '', '', '', 0, NULL, 400, NULL, NULL, '', '', 'system', systimestamp, '71', 0, 'entity.custCodelist6', 'codelist', '', '', '', '', '');
INSERT INTO CNT_FIELD_DEFINITION
 (ID, REVISION, PARENT_ID, FIELD_ID, COLUMN_NAME, COLUMN_TYPE, REPORT_COLUMN_NAME, PRODUCT_FIELD, FIELD_TYPE, ENTITY_LOOKUP, ENTITY_LOOKUP_KEY, ORDER_BY, GENERATOR, REFER_TABLE, KEY_COLUMN, LOOKUP_COLUMN, MANDATORY, MIN_LENGTH, MAX_LENGTH, MIN_VALUE, MAX_VALUE, CONSTANT_VALUE, UNIQUE_KEY, CREATE_USER, CREATED_ON, LINE_NO, MANAGED, FIELD_PATH, DATA_TYPE, DATA1, DATA2, TRANSITIVE_FIELDS, FORMULA, ENTITY_LOOKUP_TYPE)
VALUES ('6daa8b7cd0994ba7bc8c10261626a42e', 0, '5bb61a76324b4a1f8dfacf36e180aabb', 'custCodelist7', 'CUST_CODELIST7', 'NVARCHAR2(400)', 'CUSTOM_FIELD_CODE_LIST_CODE7', 0, 'string-m', '', '', '', '', '', '', '', 0, NULL, 400, NULL, NULL, '', '', 'system', systimestamp, '72', 0, 'entity.custCodelist7', 'codelist', '', '', '', '', '');
INSERT INTO CNT_FIELD_DEFINITION
 (ID, REVISION, PARENT_ID, FIELD_ID, COLUMN_NAME, COLUMN_TYPE, REPORT_COLUMN_NAME, PRODUCT_FIELD, FIELD_TYPE, ENTITY_LOOKUP, ENTITY_LOOKUP_KEY, ORDER_BY, GENERATOR, REFER_TABLE, KEY_COLUMN, LOOKUP_COLUMN, MANDATORY, MIN_LENGTH, MAX_LENGTH, MIN_VALUE, MAX_VALUE, CONSTANT_VALUE, UNIQUE_KEY, CREATE_USER, CREATED_ON, LINE_NO, MANAGED, FIELD_PATH, DATA_TYPE, DATA1, DATA2, TRANSITIVE_FIELDS, FORMULA, ENTITY_LOOKUP_TYPE)
VALUES ('f537f8de71dc409984c6c178202f0315', 0, '5bb61a76324b4a1f8dfacf36e180aabb', 'custMemoText1', 'CUST_MEMO_TEXT1', 'NVARCHAR2(1000)', 'CUSTOM_FIELD_MEMO_TEXT1', 0, 'string-l', '', '', '', '', '', '', '', 0, NULL, 1000, NULL, NULL, '', '', 'system', systimestamp, '73', 0, 'entity.custMemoText1', '', '', '', '', '', '');
INSERT INTO CNT_FIELD_DEFINITION
 (ID, REVISION, PARENT_ID, FIELD_ID, COLUMN_NAME, COLUMN_TYPE, REPORT_COLUMN_NAME, PRODUCT_FIELD, FIELD_TYPE, ENTITY_LOOKUP, ENTITY_LOOKUP_KEY, ORDER_BY, GENERATOR, REFER_TABLE, KEY_COLUMN, LOOKUP_COLUMN, MANDATORY, MIN_LENGTH, MAX_LENGTH, MIN_VALUE, MAX_VALUE, CONSTANT_VALUE, UNIQUE_KEY, CREATE_USER, CREATED_ON, LINE_NO, MANAGED, FIELD_PATH, DATA_TYPE, DATA1, DATA2, TRANSITIVE_FIELDS, FORMULA, ENTITY_LOOKUP_TYPE)
VALUES ('ed7cf85b4d1445f1bed307093356aaf1', 0, '5bb61a76324b4a1f8dfacf36e180aabb', 'custMemoText2', 'CUST_MEMO_TEXT2', 'NVARCHAR2(1000)', 'CUSTOM_FIELD_MEMO_TEXT2', 0, 'string-l', '', '', '', '', '', '', '', 0, NULL, 1000, NULL, NULL, '', '', 'system', systimestamp, '74', 0, 'entity.custMemoText2', '', '', '', '', '', '');
INSERT INTO CNT_FIELD_DEFINITION
 (ID, REVISION, PARENT_ID, FIELD_ID, COLUMN_NAME, COLUMN_TYPE, REPORT_COLUMN_NAME, PRODUCT_FIELD, FIELD_TYPE, ENTITY_LOOKUP, ENTITY_LOOKUP_KEY, ORDER_BY, GENERATOR, REFER_TABLE, KEY_COLUMN, LOOKUP_COLUMN, MANDATORY, MIN_LENGTH, MAX_LENGTH, MIN_VALUE, MAX_VALUE, CONSTANT_VALUE, UNIQUE_KEY, CREATE_USER, CREATED_ON, LINE_NO, MANAGED, FIELD_PATH, DATA_TYPE, DATA1, DATA2, TRANSITIVE_FIELDS, FORMULA, ENTITY_LOOKUP_TYPE)
VALUES ('63eebcf1929e4f62997027bf5a13ab19', 0, '5bb61a76324b4a1f8dfacf36e180aabb', 'custMemoText3', 'CUST_MEMO_TEXT3', 'NVARCHAR2(1000)', 'CUSTOM_FIELD_MEMO_TEXT3', 0, 'string-l', '', '', '', '', '', '', '', 0, NULL, 1000, NULL, NULL, '', '', 'system', systimestamp, '75', 0, 'entity.custMemoText3', '', '', '', '', '', '');
INSERT INTO CNT_FIELD_DEFINITION
 (ID, REVISION, PARENT_ID, FIELD_ID, COLUMN_NAME, COLUMN_TYPE, REPORT_COLUMN_NAME, PRODUCT_FIELD, FIELD_TYPE, ENTITY_LOOKUP, ENTITY_LOOKUP_KEY, ORDER_BY, GENERATOR, REFER_TABLE, KEY_COLUMN, LOOKUP_COLUMN, MANDATORY, MIN_LENGTH, MAX_LENGTH, MIN_VALUE, MAX_VALUE, CONSTANT_VALUE, UNIQUE_KEY, CREATE_USER, CREATED_ON, LINE_NO, MANAGED, FIELD_PATH, DATA_TYPE, DATA1, DATA2, TRANSITIVE_FIELDS, FORMULA, ENTITY_LOOKUP_TYPE)
VALUES ('920a6ae2d2304fd4b3b7482f7f05ec0f', 0, '5bb61a76324b4a1f8dfacf36e180aabb', 'custMemoText4', 'CUST_MEMO_TEXT4', 'NVARCHAR2(1000)', 'CUSTOM_FIELD_MEMO_TEXT4', 0, 'string-l', '', '', '', '', '', '', '', 0, NULL, 1000, NULL, NULL, '', '', 'system', systimestamp, '76', 0, 'entity.custMemoText4', '', '', '', '', '', '');
INSERT INTO CNT_FIELD_DEFINITION
 (ID, REVISION, PARENT_ID, FIELD_ID, COLUMN_NAME, COLUMN_TYPE, REPORT_COLUMN_NAME, PRODUCT_FIELD, FIELD_TYPE, ENTITY_LOOKUP, ENTITY_LOOKUP_KEY, ORDER_BY, GENERATOR, REFER_TABLE, KEY_COLUMN, LOOKUP_COLUMN, MANDATORY, MIN_LENGTH, MAX_LENGTH, MIN_VALUE, MAX_VALUE, CONSTANT_VALUE, UNIQUE_KEY, CREATE_USER, CREATED_ON, LINE_NO, MANAGED, FIELD_PATH, DATA_TYPE, DATA1, DATA2, TRANSITIVE_FIELDS, FORMULA, ENTITY_LOOKUP_TYPE)
VALUES ('b608ee9f213847ef843e12d98b783c61', 0, '5bb61a76324b4a1f8dfacf36e180aabb', 'custMemoText5', 'CUST_MEMO_TEXT5', 'NVARCHAR2(1000)', 'CUSTOM_FIELD_MEMO_TEXT5', 0, 'string-l', '', '', '', '', '', '', '', 0, NULL, 1000, NULL, NULL, '', '', 'system', systimestamp, '77', 0, 'entity.custMemoText5', '', '', '', '', '', '');
INSERT INTO CNT_FIELD_DEFINITION
 (ID, REVISION, PARENT_ID, FIELD_ID, COLUMN_NAME, COLUMN_TYPE, REPORT_COLUMN_NAME, PRODUCT_FIELD, FIELD_TYPE, ENTITY_LOOKUP, ENTITY_LOOKUP_KEY, ORDER_BY, GENERATOR, REFER_TABLE, KEY_COLUMN, LOOKUP_COLUMN, MANDATORY, MIN_LENGTH, MAX_LENGTH, MIN_VALUE, MAX_VALUE, CONSTANT_VALUE, UNIQUE_KEY, CREATE_USER, CREATED_ON, LINE_NO, MANAGED, FIELD_PATH, DATA_TYPE, DATA1, DATA2, TRANSITIVE_FIELDS, FORMULA, ENTITY_LOOKUP_TYPE)
VALUES ('6deb81a272fc4266b9b8430cf0e08040', 0, '5bb61a76324b4a1f8dfacf36e180aabb', 'custMemoText6', 'CUST_MEMO_TEXT6', 'NVARCHAR2(1000)', 'CUSTOM_FIELD_MEMO_TEXT6', 0, 'string-l', '', '', '', '', '', '', '', 0, NULL, 1000, NULL, NULL, '', '', 'system', systimestamp, '78', 0, 'entity.custMemoText6', '', '', '', '', '', '');
INSERT INTO CNT_FIELD_DEFINITION
 (ID, REVISION, PARENT_ID, FIELD_ID, COLUMN_NAME, COLUMN_TYPE, REPORT_COLUMN_NAME, PRODUCT_FIELD, FIELD_TYPE, ENTITY_LOOKUP, ENTITY_LOOKUP_KEY, ORDER_BY, GENERATOR, REFER_TABLE, KEY_COLUMN, LOOKUP_COLUMN, MANDATORY, MIN_LENGTH, MAX_LENGTH, MIN_VALUE, MAX_VALUE, CONSTANT_VALUE, UNIQUE_KEY, CREATE_USER, CREATED_ON, LINE_NO, MANAGED, FIELD_PATH, DATA_TYPE, DATA1, DATA2, TRANSITIVE_FIELDS, FORMULA, ENTITY_LOOKUP_TYPE)
VALUES ('b0fc748911884c06920bb5266856c2a7', 0, '5bb61a76324b4a1f8dfacf36e180aabb', 'custMemoText7', 'CUST_MEMO_TEXT7', 'NVARCHAR2(1000)', 'CUSTOM_FIELD_MEMO_TEXT7', 0, 'string-l', '', '', '', '', '', '', '', 0, NULL, 1000, NULL, NULL, '', '', 'system', systimestamp, '79', 0, 'entity.custMemoText7', '', '', '', '', '', '');
INSERT INTO CNT_FIELD_DEFINITION
 (ID, REVISION, PARENT_ID, FIELD_ID, COLUMN_NAME, COLUMN_TYPE, REPORT_COLUMN_NAME, PRODUCT_FIELD, FIELD_TYPE, ENTITY_LOOKUP, ENTITY_LOOKUP_KEY, ORDER_BY, GENERATOR, REFER_TABLE, KEY_COLUMN, LOOKUP_COLUMN, MANDATORY, MIN_LENGTH, MAX_LENGTH, MIN_VALUE, MAX_VALUE, CONSTANT_VALUE, UNIQUE_KEY, CREATE_USER, CREATED_ON, LINE_NO, MANAGED, FIELD_PATH, DATA_TYPE, DATA1, DATA2, TRANSITIVE_FIELDS, FORMULA, ENTITY_LOOKUP_TYPE)
VALUES ('4f04a92969c240728c7dc88895f85bd8', 0, '5bb61a76324b4a1f8dfacf36e180aabb', 'custHcl1', 'CUST_HCL1_ID', 'CHAR(32)', 'CUSTOM_FIELD_HCL_CODE_SYS_ID1', 0, 'entity', 'HclNode', 'id', '', '', '', '', '', 0, 32, 32, NULL, NULL, '', '', 'system', systimestamp, '80', 0, 'entity.custHcl1', '', '', '', '', '', '');
INSERT INTO CNT_FIELD_DEFINITION
 (ID, REVISION, PARENT_ID, FIELD_ID, COLUMN_NAME, COLUMN_TYPE, REPORT_COLUMN_NAME, PRODUCT_FIELD, FIELD_TYPE, ENTITY_LOOKUP, ENTITY_LOOKUP_KEY, ORDER_BY, GENERATOR, REFER_TABLE, KEY_COLUMN, LOOKUP_COLUMN, MANDATORY, MIN_LENGTH, MAX_LENGTH, MIN_VALUE, MAX_VALUE, CONSTANT_VALUE, UNIQUE_KEY, CREATE_USER, CREATED_ON, LINE_NO, MANAGED, FIELD_PATH, DATA_TYPE, DATA1, DATA2, TRANSITIVE_FIELDS, FORMULA, ENTITY_LOOKUP_TYPE)
VALUES ('769084f76b1e41afb589c61744903ebc', 0, '5bb61a76324b4a1f8dfacf36e180aabb', 'custHcl2', 'CUST_HCL2_ID', 'CHAR(32)', 'CUSTOM_FIELD_HCL_CODE_SYS_ID2', 0, 'entity', 'HclNode', 'id', '', '', '', '', '', 0, 32, 32, NULL, NULL, '', '', 'system', systimestamp, '81', 0, 'entity.custHcl2', '', '', '', '', '', '');
INSERT INTO CNT_FIELD_DEFINITION
 (ID, REVISION, PARENT_ID, FIELD_ID, COLUMN_NAME, COLUMN_TYPE, REPORT_COLUMN_NAME, PRODUCT_FIELD, FIELD_TYPE, ENTITY_LOOKUP, ENTITY_LOOKUP_KEY, ORDER_BY, GENERATOR, REFER_TABLE, KEY_COLUMN, LOOKUP_COLUMN, MANDATORY, MIN_LENGTH, MAX_LENGTH, MIN_VALUE, MAX_VALUE, CONSTANT_VALUE, UNIQUE_KEY, CREATE_USER, CREATED_ON, LINE_NO, MANAGED, FIELD_PATH, DATA_TYPE, DATA1, DATA2, TRANSITIVE_FIELDS, FORMULA, ENTITY_LOOKUP_TYPE)
VALUES ('15602b5a2c3347b19f77cb6ba61fd649', 0, '5bb61a76324b4a1f8dfacf36e180aabb', 'custHcl3', 'CUST_HCL3_ID', 'CHAR(32)', 'CUSTOM_FIELD_HCL_CODE_SYS_ID3', 0, 'entity', 'HclNode', 'id', '', '', '', '', '', 0, 32, 32, NULL, NULL, '', '', 'system', systimestamp, '82', 0, 'entity.custHcl3', '', '', '', '', '', '');
INSERT INTO CNT_FIELD_DEFINITION
 (ID, REVISION, PARENT_ID, FIELD_ID, COLUMN_NAME, COLUMN_TYPE, REPORT_COLUMN_NAME, PRODUCT_FIELD, FIELD_TYPE, ENTITY_LOOKUP, ENTITY_LOOKUP_KEY, ORDER_BY, GENERATOR, REFER_TABLE, KEY_COLUMN, LOOKUP_COLUMN, MANDATORY, MIN_LENGTH, MAX_LENGTH, MIN_VALUE, MAX_VALUE, CONSTANT_VALUE, UNIQUE_KEY, CREATE_USER, CREATED_ON, LINE_NO, MANAGED, FIELD_PATH, DATA_TYPE, DATA1, DATA2, TRANSITIVE_FIELDS, FORMULA, ENTITY_LOOKUP_TYPE)
VALUES ('f9f9cfc3438c4e11b070fdeb1ffe97d7', 0, '5bb61a76324b4a1f8dfacf36e180aabb', 'custHcl4', 'CUST_HCL4_ID', 'CHAR(32)', 'CUSTOM_FIELD_HCL_CODE_SYS_ID4', 0, 'entity', 'HclNode', 'id', '', '', '', '', '', 0, 32, 32, NULL, NULL, '', '', 'system', systimestamp, '83', 0, 'entity.custHcl4', '', '', '', '', '', '');
INSERT INTO CNT_FIELD_DEFINITION
 (ID, REVISION, PARENT_ID, FIELD_ID, COLUMN_NAME, COLUMN_TYPE, REPORT_COLUMN_NAME, PRODUCT_FIELD, FIELD_TYPE, ENTITY_LOOKUP, ENTITY_LOOKUP_KEY, ORDER_BY, GENERATOR, REFER_TABLE, KEY_COLUMN, LOOKUP_COLUMN, MANDATORY, MIN_LENGTH, MAX_LENGTH, MIN_VALUE, MAX_VALUE, CONSTANT_VALUE, UNIQUE_KEY, CREATE_USER, CREATED_ON, LINE_NO, MANAGED, FIELD_PATH, DATA_TYPE, DATA1, DATA2, TRANSITIVE_FIELDS, FORMULA, ENTITY_LOOKUP_TYPE)
VALUES ('f842517f260844488fd8496f5584c0c5', 0, '5bb61a76324b4a1f8dfacf36e180aabb', 'custHcl5', 'CUST_HCL5_ID', 'CHAR(32)', 'CUSTOM_FIELD_HCL_CODE_SYS_ID5', 0, 'entity', 'HclNode', 'id', '', '', '', '', '', 0, 32, 32, NULL, NULL, '', '', 'system', systimestamp, '84', 0, 'entity.custHcl5', '', '', '', '', '', '');
INSERT INTO CNT_FIELD_DEFINITION
 (ID, REVISION, PARENT_ID, FIELD_ID, COLUMN_NAME, COLUMN_TYPE, REPORT_COLUMN_NAME, PRODUCT_FIELD, FIELD_TYPE, ENTITY_LOOKUP, ENTITY_LOOKUP_KEY, ORDER_BY, GENERATOR, REFER_TABLE, KEY_COLUMN, LOOKUP_COLUMN, MANDATORY, MIN_LENGTH, MAX_LENGTH, MIN_VALUE, MAX_VALUE, CONSTANT_VALUE, UNIQUE_KEY, CREATE_USER, CREATED_ON, LINE_NO, MANAGED, FIELD_PATH, DATA_TYPE, DATA1, DATA2, TRANSITIVE_FIELDS, FORMULA, ENTITY_LOOKUP_TYPE)
VALUES ('9dbc145384554b5a9e3eed823289d37b', 0, '5bb61a76324b4a1f8dfacf36e180aabb', 'merchandiseHierarchyRef', 'MERCHANDISE_HIERARCHY_REF', 'NVARCHAR2(1000)', 'N/A', 1, 'string-l', '', '', '', '', '', '', '', 0, NULL, 1000, NULL, NULL, '', '', 'system', systimestamp, '85', 0, 'entity.merchandiseHierarchyRef', '', '', '', '', '', '');
INSERT INTO CNT_FIELD_DEFINITION
 (ID, REVISION, PARENT_ID, FIELD_ID, COLUMN_NAME, COLUMN_TYPE, REPORT_COLUMN_NAME, PRODUCT_FIELD, FIELD_TYPE, ENTITY_LOOKUP, ENTITY_LOOKUP_KEY, ORDER_BY, GENERATOR, REFER_TABLE, KEY_COLUMN, LOOKUP_COLUMN, MANDATORY, MIN_LENGTH, MAX_LENGTH, MIN_VALUE, MAX_VALUE, CONSTANT_VALUE, UNIQUE_KEY, CREATE_USER, CREATED_ON, LINE_NO, MANAGED, FIELD_PATH, DATA_TYPE, DATA1, DATA2, TRANSITIVE_FIELDS, FORMULA, ENTITY_LOOKUP_TYPE)
VALUES ('d2740f1ac8f44ef18c579153cbdd0d01', 0, '5bb61a76324b4a1f8dfacf36e180aabb', 'merchandiseHierarchyVer', 'MERCHANDISE_HIERARCHY_VER', 'NUMBER(20, 0)', 'N/A', 1, 'integer', '', '', '', '', '', '', '', 0, NULL, 18, NULL, NULL, '', '', 'system', systimestamp, '86', 0, 'entity.merchandiseHierarchyVer', '', '', '', '', '', '');
INSERT INTO CNT_FIELD_DEFINITION
 (ID, REVISION, PARENT_ID, FIELD_ID, COLUMN_NAME, COLUMN_TYPE, REPORT_COLUMN_NAME, PRODUCT_FIELD, FIELD_TYPE, ENTITY_LOOKUP, ENTITY_LOOKUP_KEY, ORDER_BY, GENERATOR, REFER_TABLE, KEY_COLUMN, LOOKUP_COLUMN, MANDATORY, MIN_LENGTH, MAX_LENGTH, MIN_VALUE, MAX_VALUE, CONSTANT_VALUE, UNIQUE_KEY, CREATE_USER, CREATED_ON, LINE_NO, MANAGED, FIELD_PATH, DATA_TYPE, DATA1, DATA2, TRANSITIVE_FIELDS, FORMULA, ENTITY_LOOKUP_TYPE)
VALUES ('2c20f172890840b39506a51303dbc8f9', 0, '5bb61a76324b4a1f8dfacf36e180aabb', 'merchandiseHierarchyRef2', 'MERCHANDISE_HIERARCHY_REF2', 'NVARCHAR2(1000)', 'N/A', 1, 'string-l', '', '', '', '', '', '', '', 0, NULL, 1000, NULL, NULL, '', '', 'system', systimestamp, '87', 0, 'entity.merchandiseHierarchyRef2', '', '', '', '', '', '');
INSERT INTO CNT_FIELD_DEFINITION
 (ID, REVISION, PARENT_ID, FIELD_ID, COLUMN_NAME, COLUMN_TYPE, REPORT_COLUMN_NAME, PRODUCT_FIELD, FIELD_TYPE, ENTITY_LOOKUP, ENTITY_LOOKUP_KEY, ORDER_BY, GENERATOR, REFER_TABLE, KEY_COLUMN, LOOKUP_COLUMN, MANDATORY, MIN_LENGTH, MAX_LENGTH, MIN_VALUE, MAX_VALUE, CONSTANT_VALUE, UNIQUE_KEY, CREATE_USER, CREATED_ON, LINE_NO, MANAGED, FIELD_PATH, DATA_TYPE, DATA1, DATA2, TRANSITIVE_FIELDS, FORMULA, ENTITY_LOOKUP_TYPE)
VALUES ('749a77901d9048fb85e2e28d4c7bc922', 0, '5bb61a76324b4a1f8dfacf36e180aabb', 'merchandiseHierarchFullLineage', 'MERCHANDISE_HIERARCH_FULL_L_0', 'NVARCHAR2(1000)', 'N/A', 1, 'string-l', '', '', '', '', '', '', '', 0, NULL, 1000, NULL, NULL, '', '', 'system', systimestamp, '88', 0, 'entity.merchandiseHierarchFullLineage', '', '', '', '', '', '');
INSERT INTO CNT_FIELD_DEFINITION
 (ID, REVISION, PARENT_ID, FIELD_ID, COLUMN_NAME, COLUMN_TYPE, REPORT_COLUMN_NAME, PRODUCT_FIELD, FIELD_TYPE, ENTITY_LOOKUP, ENTITY_LOOKUP_KEY, ORDER_BY, GENERATOR, REFER_TABLE, KEY_COLUMN, LOOKUP_COLUMN, MANDATORY, MIN_LENGTH, MAX_LENGTH, MIN_VALUE, MAX_VALUE, CONSTANT_VALUE, UNIQUE_KEY, CREATE_USER, CREATED_ON, LINE_NO, MANAGED, FIELD_PATH, DATA_TYPE, DATA1, DATA2, TRANSITIVE_FIELDS, FORMULA, ENTITY_LOOKUP_TYPE)
VALUES ('d1555014046c4e79b0e55e744be5dec5', 0, '5bb61a76324b4a1f8dfacf36e180aabb', 'fileRef', 'FILE_REF', 'NVARCHAR2(1000)', 'N/A', 1, 'string-l', '', '', '', '', '', '', '', 0, NULL, 1000, NULL, NULL, '', '', 'system', systimestamp, '89', 0, 'entity.fileRef', '', '', '', '', '', '');
INSERT INTO CNT_FIELD_DEFINITION
 (ID, REVISION, PARENT_ID, FIELD_ID, COLUMN_NAME, COLUMN_TYPE, REPORT_COLUMN_NAME, PRODUCT_FIELD, FIELD_TYPE, ENTITY_LOOKUP, ENTITY_LOOKUP_KEY, ORDER_BY, GENERATOR, REFER_TABLE, KEY_COLUMN, LOOKUP_COLUMN, MANDATORY, MIN_LENGTH, MAX_LENGTH, MIN_VALUE, MAX_VALUE, CONSTANT_VALUE, UNIQUE_KEY, CREATE_USER, CREATED_ON, LINE_NO, MANAGED, FIELD_PATH, DATA_TYPE, DATA1, DATA2, TRANSITIVE_FIELDS, FORMULA, ENTITY_LOOKUP_TYPE)
VALUES ('76580dcd338c4cad8b958be87b819b92', 0, '5bb61a76324b4a1f8dfacf36e180aabb', 'fileVer', 'FILE_VER', 'NUMBER(20, 0)', 'N/A', 1, 'integer', '', '', '', '', '', '', '', 0, NULL, 18, NULL, NULL, '', '', 'system', systimestamp, '90', 0, 'entity.fileVer', '', '', '', '', '', '');
INSERT INTO CNT_FIELD_DEFINITION
 (ID, REVISION, PARENT_ID, FIELD_ID, COLUMN_NAME, COLUMN_TYPE, REPORT_COLUMN_NAME, PRODUCT_FIELD, FIELD_TYPE, ENTITY_LOOKUP, ENTITY_LOOKUP_KEY, ORDER_BY, GENERATOR, REFER_TABLE, KEY_COLUMN, LOOKUP_COLUMN, MANDATORY, MIN_LENGTH, MAX_LENGTH, MIN_VALUE, MAX_VALUE, CONSTANT_VALUE, UNIQUE_KEY, CREATE_USER, CREATED_ON, LINE_NO, MANAGED, FIELD_PATH, DATA_TYPE, DATA1, DATA2, TRANSITIVE_FIELDS, FORMULA, ENTITY_LOOKUP_TYPE)
VALUES ('9c3c027f7eea4deba04691f023540a54', 0, '5bb61a76324b4a1f8dfacf36e180aabb', 'fileRef2', 'FILE_REF2', 'NVARCHAR2(1000)', 'N/A', 1, 'string-l', '', '', '', '', '', '', '', 0, NULL, 1000, NULL, NULL, '', '', 'system', systimestamp, '91', 0, 'entity.fileRef2', '', '', '', '', '', '');
INSERT INTO CNT_FIELD_DEFINITION
 (ID, REVISION, PARENT_ID, FIELD_ID, COLUMN_NAME, COLUMN_TYPE, REPORT_COLUMN_NAME, PRODUCT_FIELD, FIELD_TYPE, ENTITY_LOOKUP, ENTITY_LOOKUP_KEY, ORDER_BY, GENERATOR, REFER_TABLE, KEY_COLUMN, LOOKUP_COLUMN, MANDATORY, MIN_LENGTH, MAX_LENGTH, MIN_VALUE, MAX_VALUE, CONSTANT_VALUE, UNIQUE_KEY, CREATE_USER, CREATED_ON, LINE_NO, MANAGED, FIELD_PATH, DATA_TYPE, DATA1, DATA2, TRANSITIVE_FIELDS, FORMULA, ENTITY_LOOKUP_TYPE)
VALUES ('b8bc43cc7b034328a7bbb9768209be84', 0, '5bb61a76324b4a1f8dfacf36e180aabb', 'custCodelist1Name', 'CUST_CODELIST1_NAME', 'NVARCHAR2(400)', 'N/A', 0, 'string-m', '', '', '', '', '', '', '', 0, NULL, 400, NULL, NULL, '', '', 'system', systimestamp, '92', 0, 'entity.custCodelist1Name', '', '', '', '', '', '');
INSERT INTO CNT_FIELD_DEFINITION
 (ID, REVISION, PARENT_ID, FIELD_ID, COLUMN_NAME, COLUMN_TYPE, REPORT_COLUMN_NAME, PRODUCT_FIELD, FIELD_TYPE, ENTITY_LOOKUP, ENTITY_LOOKUP_KEY, ORDER_BY, GENERATOR, REFER_TABLE, KEY_COLUMN, LOOKUP_COLUMN, MANDATORY, MIN_LENGTH, MAX_LENGTH, MIN_VALUE, MAX_VALUE, CONSTANT_VALUE, UNIQUE_KEY, CREATE_USER, CREATED_ON, LINE_NO, MANAGED, FIELD_PATH, DATA_TYPE, DATA1, DATA2, TRANSITIVE_FIELDS, FORMULA, ENTITY_LOOKUP_TYPE)
VALUES ('eb9d017788584e83a03c4e52cb8f96e4', 0, '5bb61a76324b4a1f8dfacf36e180aabb', 'custCodelist2Name', 'CUST_CODELIST2_NAME', 'NVARCHAR2(400)', 'N/A', 0, 'string-m', '', '', '', '', '', '', '', 0, NULL, 400, NULL, NULL, '', '', 'system', systimestamp, '93', 0, 'entity.custCodelist2Name', '', '', '', '', '', '');
INSERT INTO CNT_FIELD_DEFINITION
 (ID, REVISION, PARENT_ID, FIELD_ID, COLUMN_NAME, COLUMN_TYPE, REPORT_COLUMN_NAME, PRODUCT_FIELD, FIELD_TYPE, ENTITY_LOOKUP, ENTITY_LOOKUP_KEY, ORDER_BY, GENERATOR, REFER_TABLE, KEY_COLUMN, LOOKUP_COLUMN, MANDATORY, MIN_LENGTH, MAX_LENGTH, MIN_VALUE, MAX_VALUE, CONSTANT_VALUE, UNIQUE_KEY, CREATE_USER, CREATED_ON, LINE_NO, MANAGED, FIELD_PATH, DATA_TYPE, DATA1, DATA2, TRANSITIVE_FIELDS, FORMULA, ENTITY_LOOKUP_TYPE)
VALUES ('7ca192b55d424ae5b5282a1839f7334c', 0, '5bb61a76324b4a1f8dfacf36e180aabb', 'custCodelist3Name', 'CUST_CODELIST3_NAME', 'NVARCHAR2(400)', 'N/A', 0, 'string-m', '', '', '', '', '', '', '', 0, NULL, 400, NULL, NULL, '', '', 'system', systimestamp, '94', 0, 'entity.custCodelist3Name', '', '', '', '', '', '');
INSERT INTO CNT_FIELD_DEFINITION
 (ID, REVISION, PARENT_ID, FIELD_ID, COLUMN_NAME, COLUMN_TYPE, REPORT_COLUMN_NAME, PRODUCT_FIELD, FIELD_TYPE, ENTITY_LOOKUP, ENTITY_LOOKUP_KEY, ORDER_BY, GENERATOR, REFER_TABLE, KEY_COLUMN, LOOKUP_COLUMN, MANDATORY, MIN_LENGTH, MAX_LENGTH, MIN_VALUE, MAX_VALUE, CONSTANT_VALUE, UNIQUE_KEY, CREATE_USER, CREATED_ON, LINE_NO, MANAGED, FIELD_PATH, DATA_TYPE, DATA1, DATA2, TRANSITIVE_FIELDS, FORMULA, ENTITY_LOOKUP_TYPE)
VALUES ('cf9075b89b9b40fbb4b3151260b67ede', 0, '5bb61a76324b4a1f8dfacf36e180aabb', 'custCodelist4Name', 'CUST_CODELIST4_NAME', 'NVARCHAR2(400)', 'N/A', 0, 'string-m', '', '', '', '', '', '', '', 0, NULL, 400, NULL, NULL, '', '', 'system', systimestamp, '95', 0, 'entity.custCodelist4Name', '', '', '', '', '', '');
INSERT INTO CNT_FIELD_DEFINITION
 (ID, REVISION, PARENT_ID, FIELD_ID, COLUMN_NAME, COLUMN_TYPE, REPORT_COLUMN_NAME, PRODUCT_FIELD, FIELD_TYPE, ENTITY_LOOKUP, ENTITY_LOOKUP_KEY, ORDER_BY, GENERATOR, REFER_TABLE, KEY_COLUMN, LOOKUP_COLUMN, MANDATORY, MIN_LENGTH, MAX_LENGTH, MIN_VALUE, MAX_VALUE, CONSTANT_VALUE, UNIQUE_KEY, CREATE_USER, CREATED_ON, LINE_NO, MANAGED, FIELD_PATH, DATA_TYPE, DATA1, DATA2, TRANSITIVE_FIELDS, FORMULA, ENTITY_LOOKUP_TYPE)
VALUES ('82dfee95a84d41c29bb7c2f510f8a63d', 0, '5bb61a76324b4a1f8dfacf36e180aabb', 'custCodelist5Name', 'CUST_CODELIST5_NAME', 'NVARCHAR2(400)', 'N/A', 0, 'string-m', '', '', '', '', '', '', '', 0, NULL, 400, NULL, NULL, '', '', 'system', systimestamp, '96', 0, 'entity.custCodelist5Name', '', '', '', '', '', '');
INSERT INTO CNT_FIELD_DEFINITION
 (ID, REVISION, PARENT_ID, FIELD_ID, COLUMN_NAME, COLUMN_TYPE, REPORT_COLUMN_NAME, PRODUCT_FIELD, FIELD_TYPE, ENTITY_LOOKUP, ENTITY_LOOKUP_KEY, ORDER_BY, GENERATOR, REFER_TABLE, KEY_COLUMN, LOOKUP_COLUMN, MANDATORY, MIN_LENGTH, MAX_LENGTH, MIN_VALUE, MAX_VALUE, CONSTANT_VALUE, UNIQUE_KEY, CREATE_USER, CREATED_ON, LINE_NO, MANAGED, FIELD_PATH, DATA_TYPE, DATA1, DATA2, TRANSITIVE_FIELDS, FORMULA, ENTITY_LOOKUP_TYPE)
VALUES ('078d71109b694178afb47c2fd9928fb2', 0, '5bb61a76324b4a1f8dfacf36e180aabb', 'custCodelist6Name', 'CUST_CODELIST6_NAME', 'NVARCHAR2(400)', 'N/A', 0, 'string-m', '', '', '', '', '', '', '', 0, NULL, 400, NULL, NULL, '', '', 'system', systimestamp, '97', 0, 'entity.custCodelist6Name', '', '', '', '', '', '');
INSERT INTO CNT_FIELD_DEFINITION
 (ID, REVISION, PARENT_ID, FIELD_ID, COLUMN_NAME, COLUMN_TYPE, REPORT_COLUMN_NAME, PRODUCT_FIELD, FIELD_TYPE, ENTITY_LOOKUP, ENTITY_LOOKUP_KEY, ORDER_BY, GENERATOR, REFER_TABLE, KEY_COLUMN, LOOKUP_COLUMN, MANDATORY, MIN_LENGTH, MAX_LENGTH, MIN_VALUE, MAX_VALUE, CONSTANT_VALUE, UNIQUE_KEY, CREATE_USER, CREATED_ON, LINE_NO, MANAGED, FIELD_PATH, DATA_TYPE, DATA1, DATA2, TRANSITIVE_FIELDS, FORMULA, ENTITY_LOOKUP_TYPE)
VALUES ('d5b25f67a1a34b8a9266b90e4582bbf7', 0, '5bb61a76324b4a1f8dfacf36e180aabb', 'custCodelist7Name', 'CUST_CODELIST7_NAME', 'NVARCHAR2(400)', 'N/A', 0, 'string-m', '', '', '', '', '', '', '', 0, NULL, 400, NULL, NULL, '', '', 'system', systimestamp, '98', 0, 'entity.custCodelist7Name', '', '', '', '', '', '');
INSERT INTO CNT_FIELD_DEFINITION
 (ID, REVISION, PARENT_ID, FIELD_ID, COLUMN_NAME, COLUMN_TYPE, REPORT_COLUMN_NAME, PRODUCT_FIELD, FIELD_TYPE, ENTITY_LOOKUP, ENTITY_LOOKUP_KEY, ORDER_BY, GENERATOR, REFER_TABLE, KEY_COLUMN, LOOKUP_COLUMN, MANDATORY, MIN_LENGTH, MAX_LENGTH, MIN_VALUE, MAX_VALUE, CONSTANT_VALUE, UNIQUE_KEY, CREATE_USER, CREATED_ON, LINE_NO, MANAGED, FIELD_PATH, DATA_TYPE, DATA1, DATA2, TRANSITIVE_FIELDS, FORMULA, ENTITY_LOOKUP_TYPE)
VALUES ('7ec1c95872144b5586e8b24a7ba2d18c', 0, '5bb61a76324b4a1f8dfacf36e180aabb', 'custHcl1Ref', 'CUST_HCL1_REF', 'NVARCHAR2(1000)', 'N/A', 0, 'string-l', '', '', '', '', '', '', '', 0, NULL, 1000, NULL, NULL, '', '', 'system', systimestamp, '99', 0, 'entity.custHcl1Ref', '', '', '', '', '', '');
INSERT INTO CNT_FIELD_DEFINITION
 (ID, REVISION, PARENT_ID, FIELD_ID, COLUMN_NAME, COLUMN_TYPE, REPORT_COLUMN_NAME, PRODUCT_FIELD, FIELD_TYPE, ENTITY_LOOKUP, ENTITY_LOOKUP_KEY, ORDER_BY, GENERATOR, REFER_TABLE, KEY_COLUMN, LOOKUP_COLUMN, MANDATORY, MIN_LENGTH, MAX_LENGTH, MIN_VALUE, MAX_VALUE, CONSTANT_VALUE, UNIQUE_KEY, CREATE_USER, CREATED_ON, LINE_NO, MANAGED, FIELD_PATH, DATA_TYPE, DATA1, DATA2, TRANSITIVE_FIELDS, FORMULA, ENTITY_LOOKUP_TYPE)
VALUES ('77595bc0bf1e4c369f69b48679ab2dd7', 0, '5bb61a76324b4a1f8dfacf36e180aabb', 'custHcl1Ver', 'CUST_HCL1_VER', 'NUMBER(20, 0)', 'N/A', 0, 'integer', '', '', '', '', '', '', '', 0, NULL, 18, NULL, NULL, '', '', 'system', systimestamp, '100', 0, 'entity.custHcl1Ver', '', '', '', '', '', '');
INSERT INTO CNT_FIELD_DEFINITION
 (ID, REVISION, PARENT_ID, FIELD_ID, COLUMN_NAME, COLUMN_TYPE, REPORT_COLUMN_NAME, PRODUCT_FIELD, FIELD_TYPE, ENTITY_LOOKUP, ENTITY_LOOKUP_KEY, ORDER_BY, GENERATOR, REFER_TABLE, KEY_COLUMN, LOOKUP_COLUMN, MANDATORY, MIN_LENGTH, MAX_LENGTH, MIN_VALUE, MAX_VALUE, CONSTANT_VALUE, UNIQUE_KEY, CREATE_USER, CREATED_ON, LINE_NO, MANAGED, FIELD_PATH, DATA_TYPE, DATA1, DATA2, TRANSITIVE_FIELDS, FORMULA, ENTITY_LOOKUP_TYPE)
VALUES ('1b1b275ba46942d1892772036bd90b8c', 0, '5bb61a76324b4a1f8dfacf36e180aabb', 'custHcl1Ref2', 'CUST_HCL1_REF2', 'NVARCHAR2(1000)', 'N/A', 0, 'string-l', '', '', '', '', '', '', '', 0, NULL, 1000, NULL, NULL, '', '', 'system', systimestamp, '101', 0, 'entity.custHcl1Ref2', '', '', '', '', '', '');
INSERT INTO CNT_FIELD_DEFINITION
 (ID, REVISION, PARENT_ID, FIELD_ID, COLUMN_NAME, COLUMN_TYPE, REPORT_COLUMN_NAME, PRODUCT_FIELD, FIELD_TYPE, ENTITY_LOOKUP, ENTITY_LOOKUP_KEY, ORDER_BY, GENERATOR, REFER_TABLE, KEY_COLUMN, LOOKUP_COLUMN, MANDATORY, MIN_LENGTH, MAX_LENGTH, MIN_VALUE, MAX_VALUE, CONSTANT_VALUE, UNIQUE_KEY, CREATE_USER, CREATED_ON, LINE_NO, MANAGED, FIELD_PATH, DATA_TYPE, DATA1, DATA2, TRANSITIVE_FIELDS, FORMULA, ENTITY_LOOKUP_TYPE)
VALUES ('a269322f4aa34080ae5a828bdcc93180', 0, '5bb61a76324b4a1f8dfacf36e180aabb', 'custHcl1FullLineage', 'CUST_HCL1_FULL_LINEAGE', 'NVARCHAR2(1000)', 'N/A', 0, 'string-l', '', '', '', '', '', '', '', 0, NULL, 1000, NULL, NULL, '', '', 'system', systimestamp, '102', 0, 'entity.custHcl1FullLineage', '', '', '', '', '', '');
INSERT INTO CNT_FIELD_DEFINITION
 (ID, REVISION, PARENT_ID, FIELD_ID, COLUMN_NAME, COLUMN_TYPE, REPORT_COLUMN_NAME, PRODUCT_FIELD, FIELD_TYPE, ENTITY_LOOKUP, ENTITY_LOOKUP_KEY, ORDER_BY, GENERATOR, REFER_TABLE, KEY_COLUMN, LOOKUP_COLUMN, MANDATORY, MIN_LENGTH, MAX_LENGTH, MIN_VALUE, MAX_VALUE, CONSTANT_VALUE, UNIQUE_KEY, CREATE_USER, CREATED_ON, LINE_NO, MANAGED, FIELD_PATH, DATA_TYPE, DATA1, DATA2, TRANSITIVE_FIELDS, FORMULA, ENTITY_LOOKUP_TYPE)
VALUES ('d412b024dfc24f6aa40526f4c5e00695', 0, '5bb61a76324b4a1f8dfacf36e180aabb', 'custHcl2Ref', 'CUST_HCL2_REF', 'NVARCHAR2(1000)', 'N/A', 0, 'string-l', '', '', '', '', '', '', '', 0, NULL, 1000, NULL, NULL, '', '', 'system', systimestamp, '103', 0, 'entity.custHcl2Ref', '', '', '', '', '', '');
INSERT INTO CNT_FIELD_DEFINITION
 (ID, REVISION, PARENT_ID, FIELD_ID, COLUMN_NAME, COLUMN_TYPE, REPORT_COLUMN_NAME, PRODUCT_FIELD, FIELD_TYPE, ENTITY_LOOKUP, ENTITY_LOOKUP_KEY, ORDER_BY, GENERATOR, REFER_TABLE, KEY_COLUMN, LOOKUP_COLUMN, MANDATORY, MIN_LENGTH, MAX_LENGTH, MIN_VALUE, MAX_VALUE, CONSTANT_VALUE, UNIQUE_KEY, CREATE_USER, CREATED_ON, LINE_NO, MANAGED, FIELD_PATH, DATA_TYPE, DATA1, DATA2, TRANSITIVE_FIELDS, FORMULA, ENTITY_LOOKUP_TYPE)
VALUES ('0ac660b3f8574f3a8f85263669342050', 0, '5bb61a76324b4a1f8dfacf36e180aabb', 'custHcl2Ver', 'CUST_HCL2_VER', 'NUMBER(20, 0)', 'N/A', 0, 'integer', '', '', '', '', '', '', '', 0, NULL, 18, NULL, NULL, '', '', 'system', systimestamp, '104', 0, 'entity.custHcl2Ver', '', '', '', '', '', '');
INSERT INTO CNT_FIELD_DEFINITION
 (ID, REVISION, PARENT_ID, FIELD_ID, COLUMN_NAME, COLUMN_TYPE, REPORT_COLUMN_NAME, PRODUCT_FIELD, FIELD_TYPE, ENTITY_LOOKUP, ENTITY_LOOKUP_KEY, ORDER_BY, GENERATOR, REFER_TABLE, KEY_COLUMN, LOOKUP_COLUMN, MANDATORY, MIN_LENGTH, MAX_LENGTH, MIN_VALUE, MAX_VALUE, CONSTANT_VALUE, UNIQUE_KEY, CREATE_USER, CREATED_ON, LINE_NO, MANAGED, FIELD_PATH, DATA_TYPE, DATA1, DATA2, TRANSITIVE_FIELDS, FORMULA, ENTITY_LOOKUP_TYPE)
VALUES ('6d475a1d66f54557978fef5de582565c', 0, '5bb61a76324b4a1f8dfacf36e180aabb', 'custHcl2Ref2', 'CUST_HCL2_REF2', 'NVARCHAR2(1000)', 'N/A', 0, 'string-l', '', '', '', '', '', '', '', 0, NULL, 1000, NULL, NULL, '', '', 'system', systimestamp, '105', 0, 'entity.custHcl2Ref2', '', '', '', '', '', '');
INSERT INTO CNT_FIELD_DEFINITION
 (ID, REVISION, PARENT_ID, FIELD_ID, COLUMN_NAME, COLUMN_TYPE, REPORT_COLUMN_NAME, PRODUCT_FIELD, FIELD_TYPE, ENTITY_LOOKUP, ENTITY_LOOKUP_KEY, ORDER_BY, GENERATOR, REFER_TABLE, KEY_COLUMN, LOOKUP_COLUMN, MANDATORY, MIN_LENGTH, MAX_LENGTH, MIN_VALUE, MAX_VALUE, CONSTANT_VALUE, UNIQUE_KEY, CREATE_USER, CREATED_ON, LINE_NO, MANAGED, FIELD_PATH, DATA_TYPE, DATA1, DATA2, TRANSITIVE_FIELDS, FORMULA, ENTITY_LOOKUP_TYPE)
VALUES ('91c36001f76a4dedb59e1121565eab41', 0, '5bb61a76324b4a1f8dfacf36e180aabb', 'custHcl2FullLineage', 'CUST_HCL2_FULL_LINEAGE', 'NVARCHAR2(1000)', 'N/A', 0, 'string-l', '', '', '', '', '', '', '', 0, NULL, 1000, NULL, NULL, '', '', 'system', systimestamp, '106', 0, 'entity.custHcl2FullLineage', '', '', '', '', '', '');
INSERT INTO CNT_FIELD_DEFINITION
 (ID, REVISION, PARENT_ID, FIELD_ID, COLUMN_NAME, COLUMN_TYPE, REPORT_COLUMN_NAME, PRODUCT_FIELD, FIELD_TYPE, ENTITY_LOOKUP, ENTITY_LOOKUP_KEY, ORDER_BY, GENERATOR, REFER_TABLE, KEY_COLUMN, LOOKUP_COLUMN, MANDATORY, MIN_LENGTH, MAX_LENGTH, MIN_VALUE, MAX_VALUE, CONSTANT_VALUE, UNIQUE_KEY, CREATE_USER, CREATED_ON, LINE_NO, MANAGED, FIELD_PATH, DATA_TYPE, DATA1, DATA2, TRANSITIVE_FIELDS, FORMULA, ENTITY_LOOKUP_TYPE)
VALUES ('a46a7133a5944a00a83850c028ae75b9', 0, '5bb61a76324b4a1f8dfacf36e180aabb', 'custHcl3Ref', 'CUST_HCL3_REF', 'NVARCHAR2(1000)', 'N/A', 0, 'string-l', '', '', '', '', '', '', '', 0, NULL, 1000, NULL, NULL, '', '', 'system', systimestamp, '107', 0, 'entity.custHcl3Ref', '', '', '', '', '', '');
INSERT INTO CNT_FIELD_DEFINITION
 (ID, REVISION, PARENT_ID, FIELD_ID, COLUMN_NAME, COLUMN_TYPE, REPORT_COLUMN_NAME, PRODUCT_FIELD, FIELD_TYPE, ENTITY_LOOKUP, ENTITY_LOOKUP_KEY, ORDER_BY, GENERATOR, REFER_TABLE, KEY_COLUMN, LOOKUP_COLUMN, MANDATORY, MIN_LENGTH, MAX_LENGTH, MIN_VALUE, MAX_VALUE, CONSTANT_VALUE, UNIQUE_KEY, CREATE_USER, CREATED_ON, LINE_NO, MANAGED, FIELD_PATH, DATA_TYPE, DATA1, DATA2, TRANSITIVE_FIELDS, FORMULA, ENTITY_LOOKUP_TYPE)
VALUES ('822c3c00cdff4172b6c6a69a7da602a9', 0, '5bb61a76324b4a1f8dfacf36e180aabb', 'custHcl3Ver', 'CUST_HCL3_VER', 'NUMBER(20, 0)', 'N/A', 0, 'integer', '', '', '', '', '', '', '', 0, NULL, 18, NULL, NULL, '', '', 'system', systimestamp, '108', 0, 'entity.custHcl3Ver', '', '', '', '', '', '');
INSERT INTO CNT_FIELD_DEFINITION
 (ID, REVISION, PARENT_ID, FIELD_ID, COLUMN_NAME, COLUMN_TYPE, REPORT_COLUMN_NAME, PRODUCT_FIELD, FIELD_TYPE, ENTITY_LOOKUP, ENTITY_LOOKUP_KEY, ORDER_BY, GENERATOR, REFER_TABLE, KEY_COLUMN, LOOKUP_COLUMN, MANDATORY, MIN_LENGTH, MAX_LENGTH, MIN_VALUE, MAX_VALUE, CONSTANT_VALUE, UNIQUE_KEY, CREATE_USER, CREATED_ON, LINE_NO, MANAGED, FIELD_PATH, DATA_TYPE, DATA1, DATA2, TRANSITIVE_FIELDS, FORMULA, ENTITY_LOOKUP_TYPE)
VALUES ('dd60c72b5c7d49b5a175067bd4ccc159', 0, '5bb61a76324b4a1f8dfacf36e180aabb', 'custHcl3Ref2', 'CUST_HCL3_REF2', 'NVARCHAR2(1000)', 'N/A', 0, 'string-l', '', '', '', '', '', '', '', 0, NULL, 1000, NULL, NULL, '', '', 'system', systimestamp, '109', 0, 'entity.custHcl3Ref2', '', '', '', '', '', '');
INSERT INTO CNT_FIELD_DEFINITION
 (ID, REVISION, PARENT_ID, FIELD_ID, COLUMN_NAME, COLUMN_TYPE, REPORT_COLUMN_NAME, PRODUCT_FIELD, FIELD_TYPE, ENTITY_LOOKUP, ENTITY_LOOKUP_KEY, ORDER_BY, GENERATOR, REFER_TABLE, KEY_COLUMN, LOOKUP_COLUMN, MANDATORY, MIN_LENGTH, MAX_LENGTH, MIN_VALUE, MAX_VALUE, CONSTANT_VALUE, UNIQUE_KEY, CREATE_USER, CREATED_ON, LINE_NO, MANAGED, FIELD_PATH, DATA_TYPE, DATA1, DATA2, TRANSITIVE_FIELDS, FORMULA, ENTITY_LOOKUP_TYPE)
VALUES ('0d95602dfe534ab196b74c149705e410', 0, '5bb61a76324b4a1f8dfacf36e180aabb', 'custHcl3FullLineage', 'CUST_HCL3_FULL_LINEAGE', 'NVARCHAR2(1000)', 'N/A', 0, 'string-l', '', '', '', '', '', '', '', 0, NULL, 1000, NULL, NULL, '', '', 'system', systimestamp, '110', 0, 'entity.custHcl3FullLineage', '', '', '', '', '', '');
INSERT INTO CNT_FIELD_DEFINITION
 (ID, REVISION, PARENT_ID, FIELD_ID, COLUMN_NAME, COLUMN_TYPE, REPORT_COLUMN_NAME, PRODUCT_FIELD, FIELD_TYPE, ENTITY_LOOKUP, ENTITY_LOOKUP_KEY, ORDER_BY, GENERATOR, REFER_TABLE, KEY_COLUMN, LOOKUP_COLUMN, MANDATORY, MIN_LENGTH, MAX_LENGTH, MIN_VALUE, MAX_VALUE, CONSTANT_VALUE, UNIQUE_KEY, CREATE_USER, CREATED_ON, LINE_NO, MANAGED, FIELD_PATH, DATA_TYPE, DATA1, DATA2, TRANSITIVE_FIELDS, FORMULA, ENTITY_LOOKUP_TYPE)
VALUES ('32d7f29303ed4c1f87a7967231d689b1', 0, '5bb61a76324b4a1f8dfacf36e180aabb', 'custHcl4Ref', 'CUST_HCL4_REF', 'NVARCHAR2(1000)', 'N/A', 0, 'string-l', '', '', '', '', '', '', '', 0, NULL, 1000, NULL, NULL, '', '', 'system', systimestamp, '111', 0, 'entity.custHcl4Ref', '', '', '', '', '', '');
INSERT INTO CNT_FIELD_DEFINITION
 (ID, REVISION, PARENT_ID, FIELD_ID, COLUMN_NAME, COLUMN_TYPE, REPORT_COLUMN_NAME, PRODUCT_FIELD, FIELD_TYPE, ENTITY_LOOKUP, ENTITY_LOOKUP_KEY, ORDER_BY, GENERATOR, REFER_TABLE, KEY_COLUMN, LOOKUP_COLUMN, MANDATORY, MIN_LENGTH, MAX_LENGTH, MIN_VALUE, MAX_VALUE, CONSTANT_VALUE, UNIQUE_KEY, CREATE_USER, CREATED_ON, LINE_NO, MANAGED, FIELD_PATH, DATA_TYPE, DATA1, DATA2, TRANSITIVE_FIELDS, FORMULA, ENTITY_LOOKUP_TYPE)
VALUES ('e93a8a128a6c4a3c8ea7381f9e0d0a17', 0, '5bb61a76324b4a1f8dfacf36e180aabb', 'custHcl4Ver', 'CUST_HCL4_VER', 'NUMBER(20, 0)', 'N/A', 0, 'integer', '', '', '', '', '', '', '', 0, NULL, 18, NULL, NULL, '', '', 'system', systimestamp, '112', 0, 'entity.custHcl4Ver', '', '', '', '', '', '');
INSERT INTO CNT_FIELD_DEFINITION
 (ID, REVISION, PARENT_ID, FIELD_ID, COLUMN_NAME, COLUMN_TYPE, REPORT_COLUMN_NAME, PRODUCT_FIELD, FIELD_TYPE, ENTITY_LOOKUP, ENTITY_LOOKUP_KEY, ORDER_BY, GENERATOR, REFER_TABLE, KEY_COLUMN, LOOKUP_COLUMN, MANDATORY, MIN_LENGTH, MAX_LENGTH, MIN_VALUE, MAX_VALUE, CONSTANT_VALUE, UNIQUE_KEY, CREATE_USER, CREATED_ON, LINE_NO, MANAGED, FIELD_PATH, DATA_TYPE, DATA1, DATA2, TRANSITIVE_FIELDS, FORMULA, ENTITY_LOOKUP_TYPE)
VALUES ('1ff2b942b0684f35818deaa93055d35b', 0, '5bb61a76324b4a1f8dfacf36e180aabb', 'custHcl4Ref2', 'CUST_HCL4_REF2', 'NVARCHAR2(1000)', 'N/A', 0, 'string-l', '', '', '', '', '', '', '', 0, NULL, 1000, NULL, NULL, '', '', 'system', systimestamp, '113', 0, 'entity.custHcl4Ref2', '', '', '', '', '', '');
INSERT INTO CNT_FIELD_DEFINITION
 (ID, REVISION, PARENT_ID, FIELD_ID, COLUMN_NAME, COLUMN_TYPE, REPORT_COLUMN_NAME, PRODUCT_FIELD, FIELD_TYPE, ENTITY_LOOKUP, ENTITY_LOOKUP_KEY, ORDER_BY, GENERATOR, REFER_TABLE, KEY_COLUMN, LOOKUP_COLUMN, MANDATORY, MIN_LENGTH, MAX_LENGTH, MIN_VALUE, MAX_VALUE, CONSTANT_VALUE, UNIQUE_KEY, CREATE_USER, CREATED_ON, LINE_NO, MANAGED, FIELD_PATH, DATA_TYPE, DATA1, DATA2, TRANSITIVE_FIELDS, FORMULA, ENTITY_LOOKUP_TYPE)
VALUES ('3d763a6588564180863bd7770f49833e', 0, '5bb61a76324b4a1f8dfacf36e180aabb', 'custHcl4FullLineage', 'CUST_HCL4_FULL_LINEAGE', 'NVARCHAR2(1000)', 'N/A', 0, 'string-l', '', '', '', '', '', '', '', 0, NULL, 1000, NULL, NULL, '', '', 'system', systimestamp, '114', 0, 'entity.custHcl4FullLineage', '', '', '', '', '', '');
INSERT INTO CNT_FIELD_DEFINITION
 (ID, REVISION, PARENT_ID, FIELD_ID, COLUMN_NAME, COLUMN_TYPE, REPORT_COLUMN_NAME, PRODUCT_FIELD, FIELD_TYPE, ENTITY_LOOKUP, ENTITY_LOOKUP_KEY, ORDER_BY, GENERATOR, REFER_TABLE, KEY_COLUMN, LOOKUP_COLUMN, MANDATORY, MIN_LENGTH, MAX_LENGTH, MIN_VALUE, MAX_VALUE, CONSTANT_VALUE, UNIQUE_KEY, CREATE_USER, CREATED_ON, LINE_NO, MANAGED, FIELD_PATH, DATA_TYPE, DATA1, DATA2, TRANSITIVE_FIELDS, FORMULA, ENTITY_LOOKUP_TYPE)
VALUES ('b93148ad53d5431b93770c4fc719f5cf', 0, '5bb61a76324b4a1f8dfacf36e180aabb', 'custHcl5Ref', 'CUST_HCL5_REF', 'NVARCHAR2(1000)', 'N/A', 0, 'string-l', '', '', '', '', '', '', '', 0, NULL, 1000, NULL, NULL, '', '', 'system', systimestamp, '115', 0, 'entity.custHcl5Ref', '', '', '', '', '', '');
INSERT INTO CNT_FIELD_DEFINITION
 (ID, REVISION, PARENT_ID, FIELD_ID, COLUMN_NAME, COLUMN_TYPE, REPORT_COLUMN_NAME, PRODUCT_FIELD, FIELD_TYPE, ENTITY_LOOKUP, ENTITY_LOOKUP_KEY, ORDER_BY, GENERATOR, REFER_TABLE, KEY_COLUMN, LOOKUP_COLUMN, MANDATORY, MIN_LENGTH, MAX_LENGTH, MIN_VALUE, MAX_VALUE, CONSTANT_VALUE, UNIQUE_KEY, CREATE_USER, CREATED_ON, LINE_NO, MANAGED, FIELD_PATH, DATA_TYPE, DATA1, DATA2, TRANSITIVE_FIELDS, FORMULA, ENTITY_LOOKUP_TYPE)
VALUES ('39afda605e0d4a3384a9d91849dac30b', 0, '5bb61a76324b4a1f8dfacf36e180aabb', 'custHcl5Ver', 'CUST_HCL5_VER', 'NUMBER(20, 0)', 'N/A', 0, 'integer', '', '', '', '', '', '', '', 0, NULL, 18, NULL, NULL, '', '', 'system', systimestamp, '116', 0, 'entity.custHcl5Ver', '', '', '', '', '', '');
INSERT INTO CNT_FIELD_DEFINITION
 (ID, REVISION, PARENT_ID, FIELD_ID, COLUMN_NAME, COLUMN_TYPE, REPORT_COLUMN_NAME, PRODUCT_FIELD, FIELD_TYPE, ENTITY_LOOKUP, ENTITY_LOOKUP_KEY, ORDER_BY, GENERATOR, REFER_TABLE, KEY_COLUMN, LOOKUP_COLUMN, MANDATORY, MIN_LENGTH, MAX_LENGTH, MIN_VALUE, MAX_VALUE, CONSTANT_VALUE, UNIQUE_KEY, CREATE_USER, CREATED_ON, LINE_NO, MANAGED, FIELD_PATH, DATA_TYPE, DATA1, DATA2, TRANSITIVE_FIELDS, FORMULA, ENTITY_LOOKUP_TYPE)
VALUES ('4c08fc1ed3ed4230a93425d65468ac29', 0, '5bb61a76324b4a1f8dfacf36e180aabb', 'custHcl5Ref2', 'CUST_HCL5_REF2', 'NVARCHAR2(1000)', 'N/A', 0, 'string-l', '', '', '', '', '', '', '', 0, NULL, 1000, NULL, NULL, '', '', 'system', systimestamp, '117', 0, 'entity.custHcl5Ref2', '', '', '', '', '', '');
INSERT INTO CNT_FIELD_DEFINITION
 (ID, REVISION, PARENT_ID, FIELD_ID, COLUMN_NAME, COLUMN_TYPE, REPORT_COLUMN_NAME, PRODUCT_FIELD, FIELD_TYPE, ENTITY_LOOKUP, ENTITY_LOOKUP_KEY, ORDER_BY, GENERATOR, REFER_TABLE, KEY_COLUMN, LOOKUP_COLUMN, MANDATORY, MIN_LENGTH, MAX_LENGTH, MIN_VALUE, MAX_VALUE, CONSTANT_VALUE, UNIQUE_KEY, CREATE_USER, CREATED_ON, LINE_NO, MANAGED, FIELD_PATH, DATA_TYPE, DATA1, DATA2, TRANSITIVE_FIELDS, FORMULA, ENTITY_LOOKUP_TYPE)
VALUES ('67a62dda49ce498b92777985f1f5db38', 0, '5bb61a76324b4a1f8dfacf36e180aabb', 'custHcl5FullLineage', 'CUST_HCL5_FULL_LINEAGE', 'NVARCHAR2(1000)', 'N/A', 0, 'string-l', '', '', '', '', '', '', '', 0, NULL, 1000, NULL, NULL, '', '', 'system', systimestamp, '118', 0, 'entity.custHcl5FullLineage', '', '', '', '', '', '');
INSERT INTO CNT_ENTITY_DEFINITION
 (ID, REVISION, ENTITY_NAME, ENTITY_VERSION, PRODUCT_TABLE_NAME, CUSTOM_TABLE_NAME, REPORT_TABLE_NAME, MODULE, TYPE, REVISION_TRACKING, VERSION_TRACKING, HISTORY_ENTITY_NAME, REF_PATTERN, SYSTEM_ENTITY, CREATE_USER, CREATED_ON, IS_FOR_EXTERNAL)
VALUES ('07620effe1244ceb90b3f95ab3f8fce8', 0, 'RfqItem', 1, 'CNT_RFQ_ITEM', 'CTM_RFQ', 'REQUEST_FOR_QUOTATION_ITEM', 'rfq', 'inner', '', 'ALL', '', '${itemId.itemNo}', 0, 'system', systimestamp, 0);
INSERT INTO CNT_FIELD_DEFINITION
 (ID, REVISION, PARENT_ID, FIELD_ID, COLUMN_NAME, COLUMN_TYPE, REPORT_COLUMN_NAME, PRODUCT_FIELD, FIELD_TYPE, ENTITY_LOOKUP, ENTITY_LOOKUP_KEY, ORDER_BY, GENERATOR, REFER_TABLE, KEY_COLUMN, LOOKUP_COLUMN, MANDATORY, MIN_LENGTH, MAX_LENGTH, MIN_VALUE, MAX_VALUE, CONSTANT_VALUE, UNIQUE_KEY, CREATE_USER, CREATED_ON, LINE_NO, MANAGED, FIELD_PATH, DATA_TYPE, DATA1, DATA2, TRANSITIVE_FIELDS, FORMULA, ENTITY_LOOKUP_TYPE)
VALUES ('34c4a5faf9d441db8886590eab95ece1', 0, '07620effe1244ceb90b3f95ab3f8fce8', 'id', 'ID', 'CHAR(32)', '', 1, 'id', '', '', '', 'com.core.cbx.data.generator.UUIDGenerator', '', '', '', 0, 32, 32, NULL, NULL, '', '', 'system', systimestamp, '0', 0, 'entity.rfqItem.id', '', '', '', '', '', '');
INSERT INTO CNT_FIELD_DEFINITION
 (ID, REVISION, PARENT_ID, FIELD_ID, COLUMN_NAME, COLUMN_TYPE, REPORT_COLUMN_NAME, PRODUCT_FIELD, FIELD_TYPE, ENTITY_LOOKUP, ENTITY_LOOKUP_KEY, ORDER_BY, GENERATOR, REFER_TABLE, KEY_COLUMN, LOOKUP_COLUMN, MANDATORY, MIN_LENGTH, MAX_LENGTH, MIN_VALUE, MAX_VALUE, CONSTANT_VALUE, UNIQUE_KEY, CREATE_USER, CREATED_ON, LINE_NO, MANAGED, FIELD_PATH, DATA_TYPE, DATA1, DATA2, TRANSITIVE_FIELDS, FORMULA, ENTITY_LOOKUP_TYPE)
VALUES ('699a787f774c4ff596af754cd35d8e23', 0, '07620effe1244ceb90b3f95ab3f8fce8', 'revision', 'REVISION', 'NUMBER(20, 0)', '', 1, 'integer', '', '', '', '', '', '', '', 0, NULL, 18, NULL, NULL, '', '', 'system', systimestamp, '1', 0, 'entity.rfqItem.revision', '', '', '', '', '', '');
INSERT INTO CNT_FIELD_DEFINITION
 (ID, REVISION, PARENT_ID, FIELD_ID, COLUMN_NAME, COLUMN_TYPE, REPORT_COLUMN_NAME, PRODUCT_FIELD, FIELD_TYPE, ENTITY_LOOKUP, ENTITY_LOOKUP_KEY, ORDER_BY, GENERATOR, REFER_TABLE, KEY_COLUMN, LOOKUP_COLUMN, MANDATORY, MIN_LENGTH, MAX_LENGTH, MIN_VALUE, MAX_VALUE, CONSTANT_VALUE, UNIQUE_KEY, CREATE_USER, CREATED_ON, LINE_NO, MANAGED, FIELD_PATH, DATA_TYPE, DATA1, DATA2, TRANSITIVE_FIELDS, FORMULA, ENTITY_LOOKUP_TYPE)
VALUES ('749dc31b2ceb43b0a33a052fe4c165cc', 0, '07620effe1244ceb90b3f95ab3f8fce8', 'entityVersion', 'ENTITY_VERSION', 'NUMBER(20, 0)', '', 1, 'integer', '', '', '', '', '', '', '', 0, NULL, 18, NULL, NULL, '', '', 'system', systimestamp, '2', 0, 'entity.rfqItem.entityVersion', '', '', '', '', '', '');
INSERT INTO CNT_FIELD_DEFINITION
 (ID, REVISION, PARENT_ID, FIELD_ID, COLUMN_NAME, COLUMN_TYPE, REPORT_COLUMN_NAME, PRODUCT_FIELD, FIELD_TYPE, ENTITY_LOOKUP, ENTITY_LOOKUP_KEY, ORDER_BY, GENERATOR, REFER_TABLE, KEY_COLUMN, LOOKUP_COLUMN, MANDATORY, MIN_LENGTH, MAX_LENGTH, MIN_VALUE, MAX_VALUE, CONSTANT_VALUE, UNIQUE_KEY, CREATE_USER, CREATED_ON, LINE_NO, MANAGED, FIELD_PATH, DATA_TYPE, DATA1, DATA2, TRANSITIVE_FIELDS, FORMULA, ENTITY_LOOKUP_TYPE)
VALUES ('8cb9bf23604c4a2898123103b58915f0', 0, '07620effe1244ceb90b3f95ab3f8fce8', 'domainId', 'DOMAIN_ID', 'NVARCHAR2(400)', '', 1, 'string-m', '', '', '', '', '', '', '', 0, NULL, 400, NULL, NULL, '', '', 'system', systimestamp, '3', 0, 'entity.rfqItem.domainId', '', '', '', '', '', '');
INSERT INTO CNT_FIELD_DEFINITION
 (ID, REVISION, PARENT_ID, FIELD_ID, COLUMN_NAME, COLUMN_TYPE, REPORT_COLUMN_NAME, PRODUCT_FIELD, FIELD_TYPE, ENTITY_LOOKUP, ENTITY_LOOKUP_KEY, ORDER_BY, GENERATOR, REFER_TABLE, KEY_COLUMN, LOOKUP_COLUMN, MANDATORY, MIN_LENGTH, MAX_LENGTH, MIN_VALUE, MAX_VALUE, CONSTANT_VALUE, UNIQUE_KEY, CREATE_USER, CREATED_ON, LINE_NO, MANAGED, FIELD_PATH, DATA_TYPE, DATA1, DATA2, TRANSITIVE_FIELDS, FORMULA, ENTITY_LOOKUP_TYPE)
VALUES ('c81b5b02de54431dbd0c85a8a93f3b85', 0, '07620effe1244ceb90b3f95ab3f8fce8', 'hubDomainId', 'HUB_DOMAIN_ID', 'NVARCHAR2(400)', '', 1, 'string-m', '', '', '', '', '', '', '', 0, NULL, 400, NULL, NULL, '', '', 'system', systimestamp, '4', 0, 'entity.rfqItem.hubDomainId', '', '', '', '', '', '');
INSERT INTO CNT_FIELD_DEFINITION
 (ID, REVISION, PARENT_ID, FIELD_ID, COLUMN_NAME, COLUMN_TYPE, REPORT_COLUMN_NAME, PRODUCT_FIELD, FIELD_TYPE, ENTITY_LOOKUP, ENTITY_LOOKUP_KEY, ORDER_BY, GENERATOR, REFER_TABLE, KEY_COLUMN, LOOKUP_COLUMN, MANDATORY, MIN_LENGTH, MAX_LENGTH, MIN_VALUE, MAX_VALUE, CONSTANT_VALUE, UNIQUE_KEY, CREATE_USER, CREATED_ON, LINE_NO, MANAGED, FIELD_PATH, DATA_TYPE, DATA1, DATA2, TRANSITIVE_FIELDS, FORMULA, ENTITY_LOOKUP_TYPE)
VALUES ('4a457c31f2cd4dd6958d9d3859092933', 0, '07620effe1244ceb90b3f95ab3f8fce8', 'isForReference', 'IS_FOR_REFERENCE', 'NUMBER(1,0)', '', 1, 'boolean', '', '', '', '', '', '', '', 0, NULL, NULL, NULL, NULL, '', '', 'system', systimestamp, '5', 0, 'entity.rfqItem.isForReference', '', '', '', '', '', '');
INSERT INTO CNT_FIELD_DEFINITION
 (ID, REVISION, PARENT_ID, FIELD_ID, COLUMN_NAME, COLUMN_TYPE, REPORT_COLUMN_NAME, PRODUCT_FIELD, FIELD_TYPE, ENTITY_LOOKUP, ENTITY_LOOKUP_KEY, ORDER_BY, GENERATOR, REFER_TABLE, KEY_COLUMN, LOOKUP_COLUMN, MANDATORY, MIN_LENGTH, MAX_LENGTH, MIN_VALUE, MAX_VALUE, CONSTANT_VALUE, UNIQUE_KEY, CREATE_USER, CREATED_ON, LINE_NO, MANAGED, FIELD_PATH, DATA_TYPE, DATA1, DATA2, TRANSITIVE_FIELDS, FORMULA, ENTITY_LOOKUP_TYPE)
VALUES ('c4daa6e9a0164cd599d82c4b5e6f6406', 0, '07620effe1244ceb90b3f95ab3f8fce8', 'internalSeqNo', 'INTERNAL_SEQ_NO', 'NUMBER(20, 0)', 'n/a', 1, 'integer', '', '', '', '', '', '', '', 0, NULL, 18, NULL, NULL, '', '', 'system', systimestamp, '6', 0, 'entity.rfqItem.internalSeqNo', '', '', '', '', '', '');
INSERT INTO CNT_FIELD_DEFINITION
 (ID, REVISION, PARENT_ID, FIELD_ID, COLUMN_NAME, COLUMN_TYPE, REPORT_COLUMN_NAME, PRODUCT_FIELD, FIELD_TYPE, ENTITY_LOOKUP, ENTITY_LOOKUP_KEY, ORDER_BY, GENERATOR, REFER_TABLE, KEY_COLUMN, LOOKUP_COLUMN, MANDATORY, MIN_LENGTH, MAX_LENGTH, MIN_VALUE, MAX_VALUE, CONSTANT_VALUE, UNIQUE_KEY, CREATE_USER, CREATED_ON, LINE_NO, MANAGED, FIELD_PATH, DATA_TYPE, DATA1, DATA2, TRANSITIVE_FIELDS, FORMULA, ENTITY_LOOKUP_TYPE)
VALUES ('e0d15ba74b0f406da3dbad120325c434', 0, '07620effe1244ceb90b3f95ab3f8fce8', 'rfqId', 'RFQ_ID', 'CHAR(32)', 'RFQ_SID', 1, 'id', '', '', '', '', '', '', '', 1, 32, 32, NULL, NULL, '', '', 'system', systimestamp, '7', 0, 'entity.rfqItem.rfqId', '', '', '', '', '', '');
INSERT INTO CNT_FIELD_DEFINITION
 (ID, REVISION, PARENT_ID, FIELD_ID, COLUMN_NAME, COLUMN_TYPE, REPORT_COLUMN_NAME, PRODUCT_FIELD, FIELD_TYPE, ENTITY_LOOKUP, ENTITY_LOOKUP_KEY, ORDER_BY, GENERATOR, REFER_TABLE, KEY_COLUMN, LOOKUP_COLUMN, MANDATORY, MIN_LENGTH, MAX_LENGTH, MIN_VALUE, MAX_VALUE, CONSTANT_VALUE, UNIQUE_KEY, CREATE_USER, CREATED_ON, LINE_NO, MANAGED, FIELD_PATH, DATA_TYPE, DATA1, DATA2, TRANSITIVE_FIELDS, FORMULA, ENTITY_LOOKUP_TYPE)
VALUES ('0845ebaad24d4900a905f0957d74b159', 0, '07620effe1244ceb90b3f95ab3f8fce8', 'fileId', 'FILE_ID', 'CHAR(32)', 'IMAGE_SID', 1, 'entity', 'Image', 'id', '', '', '', '', '', 0, 32, 32, NULL, NULL, '', '', 'system', systimestamp, '8', 0, 'entity.rfqItem.fileId', '', '', '', 'ALL', '', '');
INSERT INTO CNT_FIELD_DEFINITION
 (ID, REVISION, PARENT_ID, FIELD_ID, COLUMN_NAME, COLUMN_TYPE, REPORT_COLUMN_NAME, PRODUCT_FIELD, FIELD_TYPE, ENTITY_LOOKUP, ENTITY_LOOKUP_KEY, ORDER_BY, GENERATOR, REFER_TABLE, KEY_COLUMN, LOOKUP_COLUMN, MANDATORY, MIN_LENGTH, MAX_LENGTH, MIN_VALUE, MAX_VALUE, CONSTANT_VALUE, UNIQUE_KEY, CREATE_USER, CREATED_ON, LINE_NO, MANAGED, FIELD_PATH, DATA_TYPE, DATA1, DATA2, TRANSITIVE_FIELDS, FORMULA, ENTITY_LOOKUP_TYPE)
VALUES ('5a8233662d254edfb0a9b01d5283064b', 0, '07620effe1244ceb90b3f95ab3f8fce8', 'briefId', 'BRIEF_ID', 'CHAR(32)', 'BRIEF_SID', 1, 'entity', 'Brief', 'id', '', '', '', '', '', 0, 32, 32, NULL, NULL, '', '', 'system', systimestamp, '9', 0, 'entity.rfqItem.briefId', '', '', '', 'briefNo', '', 'Snapshot');
INSERT INTO CNT_FIELD_DEFINITION
 (ID, REVISION, PARENT_ID, FIELD_ID, COLUMN_NAME, COLUMN_TYPE, REPORT_COLUMN_NAME, PRODUCT_FIELD, FIELD_TYPE, ENTITY_LOOKUP, ENTITY_LOOKUP_KEY, ORDER_BY, GENERATOR, REFER_TABLE, KEY_COLUMN, LOOKUP_COLUMN, MANDATORY, MIN_LENGTH, MAX_LENGTH, MIN_VALUE, MAX_VALUE, CONSTANT_VALUE, UNIQUE_KEY, CREATE_USER, CREATED_ON, LINE_NO, MANAGED, FIELD_PATH, DATA_TYPE, DATA1, DATA2, TRANSITIVE_FIELDS, FORMULA, ENTITY_LOOKUP_TYPE)
VALUES ('e2835e028dce4681a2e4fe25a5a3de10', 0, '07620effe1244ceb90b3f95ab3f8fce8', 'itemId', 'ITEM_ID', 'CHAR(32)', 'ITEM_SID', 1, 'entity', 'Item', 'id', '', '', '', '', '', 0, 32, 32, NULL, NULL, '', '', 'system', systimestamp, '10', 0, 'entity.rfqItem.itemId', '', '', '', 'ALL', '', 'Snapshot');
INSERT INTO CNT_FIELD_DEFINITION
 (ID, REVISION, PARENT_ID, FIELD_ID, COLUMN_NAME, COLUMN_TYPE, REPORT_COLUMN_NAME, PRODUCT_FIELD, FIELD_TYPE, ENTITY_LOOKUP, ENTITY_LOOKUP_KEY, ORDER_BY, GENERATOR, REFER_TABLE, KEY_COLUMN, LOOKUP_COLUMN, MANDATORY, MIN_LENGTH, MAX_LENGTH, MIN_VALUE, MAX_VALUE, CONSTANT_VALUE, UNIQUE_KEY, CREATE_USER, CREATED_ON, LINE_NO, MANAGED, FIELD_PATH, DATA_TYPE, DATA1, DATA2, TRANSITIVE_FIELDS, FORMULA, ENTITY_LOOKUP_TYPE)
VALUES ('bd4451d7204a40f188e9aa124893f1a6', 0, '07620effe1244ceb90b3f95ab3f8fce8', 'specId', 'SPEC_ID', 'CHAR(32)', 'SPECIFICATION_SID', 1, 'entity', 'Spec', 'id', '', '', '', '', '', 0, 32, 32, NULL, NULL, '', '', 'system', systimestamp, '11', 0, 'entity.rfqItem.specId', '', '', '', 'ALL', '', 'Snapshot');
INSERT INTO CNT_FIELD_DEFINITION
 (ID, REVISION, PARENT_ID, FIELD_ID, COLUMN_NAME, COLUMN_TYPE, REPORT_COLUMN_NAME, PRODUCT_FIELD, FIELD_TYPE, ENTITY_LOOKUP, ENTITY_LOOKUP_KEY, ORDER_BY, GENERATOR, REFER_TABLE, KEY_COLUMN, LOOKUP_COLUMN, MANDATORY, MIN_LENGTH, MAX_LENGTH, MIN_VALUE, MAX_VALUE, CONSTANT_VALUE, UNIQUE_KEY, CREATE_USER, CREATED_ON, LINE_NO, MANAGED, FIELD_PATH, DATA_TYPE, DATA1, DATA2, TRANSITIVE_FIELDS, FORMULA, ENTITY_LOOKUP_TYPE)
VALUES ('f8e73ba8344d4569911ee43de2297ea3', 0, '07620effe1244ceb90b3f95ab3f8fce8', 'setFlag', 'SET_FLAG', 'NUMBER(1,0)', 'IS_SET', 1, 'boolean', '', '', '', '', '', '', '', 0, NULL, NULL, NULL, NULL, '', '', 'system', systimestamp, '12', 0, 'entity.rfqItem.setFlag', '', '', '', '', '', '');
INSERT INTO CNT_FIELD_DEFINITION
 (ID, REVISION, PARENT_ID, FIELD_ID, COLUMN_NAME, COLUMN_TYPE, REPORT_COLUMN_NAME, PRODUCT_FIELD, FIELD_TYPE, ENTITY_LOOKUP, ENTITY_LOOKUP_KEY, ORDER_BY, GENERATOR, REFER_TABLE, KEY_COLUMN, LOOKUP_COLUMN, MANDATORY, MIN_LENGTH, MAX_LENGTH, MIN_VALUE, MAX_VALUE, CONSTANT_VALUE, UNIQUE_KEY, CREATE_USER, CREATED_ON, LINE_NO, MANAGED, FIELD_PATH, DATA_TYPE, DATA1, DATA2, TRANSITIVE_FIELDS, FORMULA, ENTITY_LOOKUP_TYPE)
VALUES ('4cce46d7f74547c6b716aa3284ac3faf', 0, '07620effe1244ceb90b3f95ab3f8fce8', 'vendorComments', 'VENDOR_COMMENTS', 'NVARCHAR2(1000)', 'VENDOR_COMMENTS', 1, 'string-l', '', '', '', '', '', '', '', 0, NULL, 1000, NULL, NULL, '', '', 'system', systimestamp, '13', 0, 'entity.rfqItem.vendorComments', '', '', '', '', '', '');
INSERT INTO CNT_FIELD_DEFINITION
 (ID, REVISION, PARENT_ID, FIELD_ID, COLUMN_NAME, COLUMN_TYPE, REPORT_COLUMN_NAME, PRODUCT_FIELD, FIELD_TYPE, ENTITY_LOOKUP, ENTITY_LOOKUP_KEY, ORDER_BY, GENERATOR, REFER_TABLE, KEY_COLUMN, LOOKUP_COLUMN, MANDATORY, MIN_LENGTH, MAX_LENGTH, MIN_VALUE, MAX_VALUE, CONSTANT_VALUE, UNIQUE_KEY, CREATE_USER, CREATED_ON, LINE_NO, MANAGED, FIELD_PATH, DATA_TYPE, DATA1, DATA2, TRANSITIVE_FIELDS, FORMULA, ENTITY_LOOKUP_TYPE)
VALUES ('d1fca98750e642a08bb91b6479992aa4', 0, '07620effe1244ceb90b3f95ab3f8fce8', 'refNo', 'REF_NO', 'NVARCHAR2(1000)', '', 1, 'string-l', '', '', '', '', '', '', '', 0, NULL, 1000, NULL, NULL, '', '', 'system', systimestamp, '14', 0, 'entity.rfqItem.refNo', '', '', '', '', '', '');
INSERT INTO CNT_FIELD_DEFINITION
 (ID, REVISION, PARENT_ID, FIELD_ID, COLUMN_NAME, COLUMN_TYPE, REPORT_COLUMN_NAME, PRODUCT_FIELD, FIELD_TYPE, ENTITY_LOOKUP, ENTITY_LOOKUP_KEY, ORDER_BY, GENERATOR, REFER_TABLE, KEY_COLUMN, LOOKUP_COLUMN, MANDATORY, MIN_LENGTH, MAX_LENGTH, MIN_VALUE, MAX_VALUE, CONSTANT_VALUE, UNIQUE_KEY, CREATE_USER, CREATED_ON, LINE_NO, MANAGED, FIELD_PATH, DATA_TYPE, DATA1, DATA2, TRANSITIVE_FIELDS, FORMULA, ENTITY_LOOKUP_TYPE)
VALUES ('cfe5b609cbd24e829da8c6308df490db', 0, '07620effe1244ceb90b3f95ab3f8fce8', 'custText1', 'CUST_TEXT1', 'NVARCHAR2(1000)', 'CUSTOM_FIELD_TEXT1', 0, 'string-l', '', '', '', '', '', '', '', 0, NULL, 1000, NULL, NULL, '', '', 'system', systimestamp, '15', 0, 'entity.rfqItem.custText1', '', '', '', '', '', '');
INSERT INTO CNT_FIELD_DEFINITION
 (ID, REVISION, PARENT_ID, FIELD_ID, COLUMN_NAME, COLUMN_TYPE, REPORT_COLUMN_NAME, PRODUCT_FIELD, FIELD_TYPE, ENTITY_LOOKUP, ENTITY_LOOKUP_KEY, ORDER_BY, GENERATOR, REFER_TABLE, KEY_COLUMN, LOOKUP_COLUMN, MANDATORY, MIN_LENGTH, MAX_LENGTH, MIN_VALUE, MAX_VALUE, CONSTANT_VALUE, UNIQUE_KEY, CREATE_USER, CREATED_ON, LINE_NO, MANAGED, FIELD_PATH, DATA_TYPE, DATA1, DATA2, TRANSITIVE_FIELDS, FORMULA, ENTITY_LOOKUP_TYPE)
VALUES ('4078b18c2f3a479db34adf9bfcc0bc30', 0, '07620effe1244ceb90b3f95ab3f8fce8', 'custText2', 'CUST_TEXT2', 'NVARCHAR2(1000)', 'CUSTOM_FIELD_TEXT2', 0, 'string-l', '', '', '', '', '', '', '', 0, NULL, 1000, NULL, NULL, '', '', 'system', systimestamp, '16', 0, 'entity.rfqItem.custText2', '', '', '', '', '', '');
INSERT INTO CNT_FIELD_DEFINITION
 (ID, REVISION, PARENT_ID, FIELD_ID, COLUMN_NAME, COLUMN_TYPE, REPORT_COLUMN_NAME, PRODUCT_FIELD, FIELD_TYPE, ENTITY_LOOKUP, ENTITY_LOOKUP_KEY, ORDER_BY, GENERATOR, REFER_TABLE, KEY_COLUMN, LOOKUP_COLUMN, MANDATORY, MIN_LENGTH, MAX_LENGTH, MIN_VALUE, MAX_VALUE, CONSTANT_VALUE, UNIQUE_KEY, CREATE_USER, CREATED_ON, LINE_NO, MANAGED, FIELD_PATH, DATA_TYPE, DATA1, DATA2, TRANSITIVE_FIELDS, FORMULA, ENTITY_LOOKUP_TYPE)
VALUES ('8b1d5e20b3184655a0c74890fd2e26b0', 0, '07620effe1244ceb90b3f95ab3f8fce8', 'custText3', 'CUST_TEXT3', 'NVARCHAR2(1000)', 'CUSTOM_FIELD_TEXT3', 0, 'string-l', '', '', '', '', '', '', '', 0, NULL, 1000, NULL, NULL, '', '', 'system', systimestamp, '17', 0, 'entity.rfqItem.custText3', '', '', '', '', '', '');
INSERT INTO CNT_FIELD_DEFINITION
 (ID, REVISION, PARENT_ID, FIELD_ID, COLUMN_NAME, COLUMN_TYPE, REPORT_COLUMN_NAME, PRODUCT_FIELD, FIELD_TYPE, ENTITY_LOOKUP, ENTITY_LOOKUP_KEY, ORDER_BY, GENERATOR, REFER_TABLE, KEY_COLUMN, LOOKUP_COLUMN, MANDATORY, MIN_LENGTH, MAX_LENGTH, MIN_VALUE, MAX_VALUE, CONSTANT_VALUE, UNIQUE_KEY, CREATE_USER, CREATED_ON, LINE_NO, MANAGED, FIELD_PATH, DATA_TYPE, DATA1, DATA2, TRANSITIVE_FIELDS, FORMULA, ENTITY_LOOKUP_TYPE)
VALUES ('5959f0ba6b4c488faffbe04e7d5e0108', 0, '07620effe1244ceb90b3f95ab3f8fce8', 'custText4', 'CUST_TEXT4', 'NVARCHAR2(1000)', 'CUSTOM_FIELD_TEXT4', 0, 'string-l', '', '', '', '', '', '', '', 0, NULL, 1000, NULL, NULL, '', '', 'system', systimestamp, '18', 0, 'entity.rfqItem.custText4', '', '', '', '', '', '');
INSERT INTO CNT_FIELD_DEFINITION
 (ID, REVISION, PARENT_ID, FIELD_ID, COLUMN_NAME, COLUMN_TYPE, REPORT_COLUMN_NAME, PRODUCT_FIELD, FIELD_TYPE, ENTITY_LOOKUP, ENTITY_LOOKUP_KEY, ORDER_BY, GENERATOR, REFER_TABLE, KEY_COLUMN, LOOKUP_COLUMN, MANDATORY, MIN_LENGTH, MAX_LENGTH, MIN_VALUE, MAX_VALUE, CONSTANT_VALUE, UNIQUE_KEY, CREATE_USER, CREATED_ON, LINE_NO, MANAGED, FIELD_PATH, DATA_TYPE, DATA1, DATA2, TRANSITIVE_FIELDS, FORMULA, ENTITY_LOOKUP_TYPE)
VALUES ('236b114da27042b7bb9a6b8c911fdc7f', 0, '07620effe1244ceb90b3f95ab3f8fce8', 'custText5', 'CUST_TEXT5', 'NVARCHAR2(1000)', 'CUSTOM_FIELD_TEXT5', 0, 'string-l', '', '', '', '', '', '', '', 0, NULL, 1000, NULL, NULL, '', '', 'system', systimestamp, '19', 0, 'entity.rfqItem.custText5', '', '', '', '', '', '');
INSERT INTO CNT_FIELD_DEFINITION
 (ID, REVISION, PARENT_ID, FIELD_ID, COLUMN_NAME, COLUMN_TYPE, REPORT_COLUMN_NAME, PRODUCT_FIELD, FIELD_TYPE, ENTITY_LOOKUP, ENTITY_LOOKUP_KEY, ORDER_BY, GENERATOR, REFER_TABLE, KEY_COLUMN, LOOKUP_COLUMN, MANDATORY, MIN_LENGTH, MAX_LENGTH, MIN_VALUE, MAX_VALUE, CONSTANT_VALUE, UNIQUE_KEY, CREATE_USER, CREATED_ON, LINE_NO, MANAGED, FIELD_PATH, DATA_TYPE, DATA1, DATA2, TRANSITIVE_FIELDS, FORMULA, ENTITY_LOOKUP_TYPE)
VALUES ('e8daf5fc8de142fdb1b4b0008cb2caf9', 0, '07620effe1244ceb90b3f95ab3f8fce8', 'custText6', 'CUST_TEXT6', 'NVARCHAR2(1000)', 'CUSTOM_FIELD_TEXT6', 0, 'string-l', '', '', '', '', '', '', '', 0, NULL, 1000, NULL, NULL, '', '', 'system', systimestamp, '20', 0, 'entity.rfqItem.custText6', '', '', '', '', '', '');
INSERT INTO CNT_FIELD_DEFINITION
 (ID, REVISION, PARENT_ID, FIELD_ID, COLUMN_NAME, COLUMN_TYPE, REPORT_COLUMN_NAME, PRODUCT_FIELD, FIELD_TYPE, ENTITY_LOOKUP, ENTITY_LOOKUP_KEY, ORDER_BY, GENERATOR, REFER_TABLE, KEY_COLUMN, LOOKUP_COLUMN, MANDATORY, MIN_LENGTH, MAX_LENGTH, MIN_VALUE, MAX_VALUE, CONSTANT_VALUE, UNIQUE_KEY, CREATE_USER, CREATED_ON, LINE_NO, MANAGED, FIELD_PATH, DATA_TYPE, DATA1, DATA2, TRANSITIVE_FIELDS, FORMULA, ENTITY_LOOKUP_TYPE)
VALUES ('d421338218fe4a169956488d3ac403ec', 0, '07620effe1244ceb90b3f95ab3f8fce8', 'custText7', 'CUST_TEXT7', 'NVARCHAR2(1000)', 'CUSTOM_FIELD_TEXT7', 0, 'string-l', '', '', '', '', '', '', '', 0, NULL, 1000, NULL, NULL, '', '', 'system', systimestamp, '21', 0, 'entity.rfqItem.custText7', '', '', '', '', '', '');
INSERT INTO CNT_FIELD_DEFINITION
 (ID, REVISION, PARENT_ID, FIELD_ID, COLUMN_NAME, COLUMN_TYPE, REPORT_COLUMN_NAME, PRODUCT_FIELD, FIELD_TYPE, ENTITY_LOOKUP, ENTITY_LOOKUP_KEY, ORDER_BY, GENERATOR, REFER_TABLE, KEY_COLUMN, LOOKUP_COLUMN, MANDATORY, MIN_LENGTH, MAX_LENGTH, MIN_VALUE, MAX_VALUE, CONSTANT_VALUE, UNIQUE_KEY, CREATE_USER, CREATED_ON, LINE_NO, MANAGED, FIELD_PATH, DATA_TYPE, DATA1, DATA2, TRANSITIVE_FIELDS, FORMULA, ENTITY_LOOKUP_TYPE)
VALUES ('18e2cfef17ab46e7bb89f6f4c43cd84d', 0, '07620effe1244ceb90b3f95ab3f8fce8', 'custDate1', 'CUST_DATE1', 'DATE', 'CUSTOM_FIELD_DATE1', 0, 'date', '', '', '', '', '', '', '', 0, NULL, NULL, NULL, NULL, '', '', 'system', systimestamp, '22', 0, 'entity.rfqItem.custDate1', '', '', '', '', '', '');
INSERT INTO CNT_FIELD_DEFINITION
 (ID, REVISION, PARENT_ID, FIELD_ID, COLUMN_NAME, COLUMN_TYPE, REPORT_COLUMN_NAME, PRODUCT_FIELD, FIELD_TYPE, ENTITY_LOOKUP, ENTITY_LOOKUP_KEY, ORDER_BY, GENERATOR, REFER_TABLE, KEY_COLUMN, LOOKUP_COLUMN, MANDATORY, MIN_LENGTH, MAX_LENGTH, MIN_VALUE, MAX_VALUE, CONSTANT_VALUE, UNIQUE_KEY, CREATE_USER, CREATED_ON, LINE_NO, MANAGED, FIELD_PATH, DATA_TYPE, DATA1, DATA2, TRANSITIVE_FIELDS, FORMULA, ENTITY_LOOKUP_TYPE)
VALUES ('010fe3a90c744b7080af9044d2df5dfd', 0, '07620effe1244ceb90b3f95ab3f8fce8', 'custDate2', 'CUST_DATE2', 'DATE', 'CUSTOM_FIELD_DATE2', 0, 'date', '', '', '', '', '', '', '', 0, NULL, NULL, NULL, NULL, '', '', 'system', systimestamp, '23', 0, 'entity.rfqItem.custDate2', '', '', '', '', '', '');
INSERT INTO CNT_FIELD_DEFINITION
 (ID, REVISION, PARENT_ID, FIELD_ID, COLUMN_NAME, COLUMN_TYPE, REPORT_COLUMN_NAME, PRODUCT_FIELD, FIELD_TYPE, ENTITY_LOOKUP, ENTITY_LOOKUP_KEY, ORDER_BY, GENERATOR, REFER_TABLE, KEY_COLUMN, LOOKUP_COLUMN, MANDATORY, MIN_LENGTH, MAX_LENGTH, MIN_VALUE, MAX_VALUE, CONSTANT_VALUE, UNIQUE_KEY, CREATE_USER, CREATED_ON, LINE_NO, MANAGED, FIELD_PATH, DATA_TYPE, DATA1, DATA2, TRANSITIVE_FIELDS, FORMULA, ENTITY_LOOKUP_TYPE)
VALUES ('508d3a238cf247d2a9633d4a1b3279f3', 0, '07620effe1244ceb90b3f95ab3f8fce8', 'custDate3', 'CUST_DATE3', 'DATE', 'CUSTOM_FIELD_DATE3', 0, 'date', '', '', '', '', '', '', '', 0, NULL, NULL, NULL, NULL, '', '', 'system', systimestamp, '24', 0, 'entity.rfqItem.custDate3', '', '', '', '', '', '');
INSERT INTO CNT_FIELD_DEFINITION
 (ID, REVISION, PARENT_ID, FIELD_ID, COLUMN_NAME, COLUMN_TYPE, REPORT_COLUMN_NAME, PRODUCT_FIELD, FIELD_TYPE, ENTITY_LOOKUP, ENTITY_LOOKUP_KEY, ORDER_BY, GENERATOR, REFER_TABLE, KEY_COLUMN, LOOKUP_COLUMN, MANDATORY, MIN_LENGTH, MAX_LENGTH, MIN_VALUE, MAX_VALUE, CONSTANT_VALUE, UNIQUE_KEY, CREATE_USER, CREATED_ON, LINE_NO, MANAGED, FIELD_PATH, DATA_TYPE, DATA1, DATA2, TRANSITIVE_FIELDS, FORMULA, ENTITY_LOOKUP_TYPE)
VALUES ('d21657de22e44640a1bdf6e18f1d23f0', 0, '07620effe1244ceb90b3f95ab3f8fce8', 'custDate4', 'CUST_DATE4', 'DATE', 'CUSTOM_FIELD_DATE4', 0, 'date', '', '', '', '', '', '', '', 0, NULL, NULL, NULL, NULL, '', '', 'system', systimestamp, '25', 0, 'entity.rfqItem.custDate4', '', '', '', '', '', '');
INSERT INTO CNT_FIELD_DEFINITION
 (ID, REVISION, PARENT_ID, FIELD_ID, COLUMN_NAME, COLUMN_TYPE, REPORT_COLUMN_NAME, PRODUCT_FIELD, FIELD_TYPE, ENTITY_LOOKUP, ENTITY_LOOKUP_KEY, ORDER_BY, GENERATOR, REFER_TABLE, KEY_COLUMN, LOOKUP_COLUMN, MANDATORY, MIN_LENGTH, MAX_LENGTH, MIN_VALUE, MAX_VALUE, CONSTANT_VALUE, UNIQUE_KEY, CREATE_USER, CREATED_ON, LINE_NO, MANAGED, FIELD_PATH, DATA_TYPE, DATA1, DATA2, TRANSITIVE_FIELDS, FORMULA, ENTITY_LOOKUP_TYPE)
VALUES ('a3038daf3b7a40f9936d495acfa591d4', 0, '07620effe1244ceb90b3f95ab3f8fce8', 'custDate5', 'CUST_DATE5', 'DATE', 'CUSTOM_FIELD_DATE5', 0, 'date', '', '', '', '', '', '', '', 0, NULL, NULL, NULL, NULL, '', '', 'system', systimestamp, '26', 0, 'entity.rfqItem.custDate5', '', '', '', '', '', '');
INSERT INTO CNT_FIELD_DEFINITION
 (ID, REVISION, PARENT_ID, FIELD_ID, COLUMN_NAME, COLUMN_TYPE, REPORT_COLUMN_NAME, PRODUCT_FIELD, FIELD_TYPE, ENTITY_LOOKUP, ENTITY_LOOKUP_KEY, ORDER_BY, GENERATOR, REFER_TABLE, KEY_COLUMN, LOOKUP_COLUMN, MANDATORY, MIN_LENGTH, MAX_LENGTH, MIN_VALUE, MAX_VALUE, CONSTANT_VALUE, UNIQUE_KEY, CREATE_USER, CREATED_ON, LINE_NO, MANAGED, FIELD_PATH, DATA_TYPE, DATA1, DATA2, TRANSITIVE_FIELDS, FORMULA, ENTITY_LOOKUP_TYPE)
VALUES ('4c5ade075f684191b041be58bf3636de', 0, '07620effe1244ceb90b3f95ab3f8fce8', 'custDate6', 'CUST_DATE6', 'DATE', 'CUSTOM_FIELD_DATE6', 0, 'date', '', '', '', '', '', '', '', 0, NULL, NULL, NULL, NULL, '', '', 'system', systimestamp, '27', 0, 'entity.rfqItem.custDate6', '', '', '', '', '', '');
INSERT INTO CNT_FIELD_DEFINITION
 (ID, REVISION, PARENT_ID, FIELD_ID, COLUMN_NAME, COLUMN_TYPE, REPORT_COLUMN_NAME, PRODUCT_FIELD, FIELD_TYPE, ENTITY_LOOKUP, ENTITY_LOOKUP_KEY, ORDER_BY, GENERATOR, REFER_TABLE, KEY_COLUMN, LOOKUP_COLUMN, MANDATORY, MIN_LENGTH, MAX_LENGTH, MIN_VALUE, MAX_VALUE, CONSTANT_VALUE, UNIQUE_KEY, CREATE_USER, CREATED_ON, LINE_NO, MANAGED, FIELD_PATH, DATA_TYPE, DATA1, DATA2, TRANSITIVE_FIELDS, FORMULA, ENTITY_LOOKUP_TYPE)
VALUES ('2d22900911a34e3ca900f6e77b7336ee', 0, '07620effe1244ceb90b3f95ab3f8fce8', 'custDate7', 'CUST_DATE7', 'DATE', 'CUSTOM_FIELD_DATE7', 0, 'date', '', '', '', '', '', '', '', 0, NULL, NULL, NULL, NULL, '', '', 'system', systimestamp, '28', 0, 'entity.rfqItem.custDate7', '', '', '', '', '', '');
INSERT INTO CNT_FIELD_DEFINITION
 (ID, REVISION, PARENT_ID, FIELD_ID, COLUMN_NAME, COLUMN_TYPE, REPORT_COLUMN_NAME, PRODUCT_FIELD, FIELD_TYPE, ENTITY_LOOKUP, ENTITY_LOOKUP_KEY, ORDER_BY, GENERATOR, REFER_TABLE, KEY_COLUMN, LOOKUP_COLUMN, MANDATORY, MIN_LENGTH, MAX_LENGTH, MIN_VALUE, MAX_VALUE, CONSTANT_VALUE, UNIQUE_KEY, CREATE_USER, CREATED_ON, LINE_NO, MANAGED, FIELD_PATH, DATA_TYPE, DATA1, DATA2, TRANSITIVE_FIELDS, FORMULA, ENTITY_LOOKUP_TYPE)
VALUES ('07b8a46ff8264038ab47b3f038cbacd0', 0, '07620effe1244ceb90b3f95ab3f8fce8', 'custNumber1', 'CUST_NUMBER1', 'NUMBER(20, 0)', 'CUSTOM_FIELD_NUMBER1', 0, 'integer', '', '', '', '', '', '', '', 0, NULL, 18, NULL, NULL, '', '', 'system', systimestamp, '29', 0, 'entity.rfqItem.custNumber1', '', '', '', '', '', '');
INSERT INTO CNT_FIELD_DEFINITION
 (ID, REVISION, PARENT_ID, FIELD_ID, COLUMN_NAME, COLUMN_TYPE, REPORT_COLUMN_NAME, PRODUCT_FIELD, FIELD_TYPE, ENTITY_LOOKUP, ENTITY_LOOKUP_KEY, ORDER_BY, GENERATOR, REFER_TABLE, KEY_COLUMN, LOOKUP_COLUMN, MANDATORY, MIN_LENGTH, MAX_LENGTH, MIN_VALUE, MAX_VALUE, CONSTANT_VALUE, UNIQUE_KEY, CREATE_USER, CREATED_ON, LINE_NO, MANAGED, FIELD_PATH, DATA_TYPE, DATA1, DATA2, TRANSITIVE_FIELDS, FORMULA, ENTITY_LOOKUP_TYPE)
VALUES ('3ccf9b7b0d164f4a869f25407a3eefbb', 0, '07620effe1244ceb90b3f95ab3f8fce8', 'custNumber2', 'CUST_NUMBER2', 'NUMBER(20, 0)', 'CUSTOM_FIELD_NUMBER2', 0, 'integer', '', '', '', '', '', '', '', 0, NULL, 18, NULL, NULL, '', '', 'system', systimestamp, '30', 0, 'entity.rfqItem.custNumber2', '', '', '', '', '', '');
INSERT INTO CNT_FIELD_DEFINITION
 (ID, REVISION, PARENT_ID, FIELD_ID, COLUMN_NAME, COLUMN_TYPE, REPORT_COLUMN_NAME, PRODUCT_FIELD, FIELD_TYPE, ENTITY_LOOKUP, ENTITY_LOOKUP_KEY, ORDER_BY, GENERATOR, REFER_TABLE, KEY_COLUMN, LOOKUP_COLUMN, MANDATORY, MIN_LENGTH, MAX_LENGTH, MIN_VALUE, MAX_VALUE, CONSTANT_VALUE, UNIQUE_KEY, CREATE_USER, CREATED_ON, LINE_NO, MANAGED, FIELD_PATH, DATA_TYPE, DATA1, DATA2, TRANSITIVE_FIELDS, FORMULA, ENTITY_LOOKUP_TYPE)
VALUES ('ad75fab8aee9429d89d4f7fbe6fc2b44', 0, '07620effe1244ceb90b3f95ab3f8fce8', 'custNumber3', 'CUST_NUMBER3', 'NUMBER(20, 0)', 'CUSTOM_FIELD_NUMBER3', 0, 'integer', '', '', '', '', '', '', '', 0, NULL, 18, NULL, NULL, '', '', 'system', systimestamp, '31', 0, 'entity.rfqItem.custNumber3', '', '', '', '', '', '');
INSERT INTO CNT_FIELD_DEFINITION
 (ID, REVISION, PARENT_ID, FIELD_ID, COLUMN_NAME, COLUMN_TYPE, REPORT_COLUMN_NAME, PRODUCT_FIELD, FIELD_TYPE, ENTITY_LOOKUP, ENTITY_LOOKUP_KEY, ORDER_BY, GENERATOR, REFER_TABLE, KEY_COLUMN, LOOKUP_COLUMN, MANDATORY, MIN_LENGTH, MAX_LENGTH, MIN_VALUE, MAX_VALUE, CONSTANT_VALUE, UNIQUE_KEY, CREATE_USER, CREATED_ON, LINE_NO, MANAGED, FIELD_PATH, DATA_TYPE, DATA1, DATA2, TRANSITIVE_FIELDS, FORMULA, ENTITY_LOOKUP_TYPE)
VALUES ('5c76fe5724a942679f7d7a1ad3a489f6', 0, '07620effe1244ceb90b3f95ab3f8fce8', 'custNumber4', 'CUST_NUMBER4', 'NUMBER(20, 0)', 'CUSTOM_FIELD_NUMBER4', 0, 'integer', '', '', '', '', '', '', '', 0, NULL, 18, NULL, NULL, '', '', 'system', systimestamp, '32', 0, 'entity.rfqItem.custNumber4', '', '', '', '', '', '');
INSERT INTO CNT_FIELD_DEFINITION
 (ID, REVISION, PARENT_ID, FIELD_ID, COLUMN_NAME, COLUMN_TYPE, REPORT_COLUMN_NAME, PRODUCT_FIELD, FIELD_TYPE, ENTITY_LOOKUP, ENTITY_LOOKUP_KEY, ORDER_BY, GENERATOR, REFER_TABLE, KEY_COLUMN, LOOKUP_COLUMN, MANDATORY, MIN_LENGTH, MAX_LENGTH, MIN_VALUE, MAX_VALUE, CONSTANT_VALUE, UNIQUE_KEY, CREATE_USER, CREATED_ON, LINE_NO, MANAGED, FIELD_PATH, DATA_TYPE, DATA1, DATA2, TRANSITIVE_FIELDS, FORMULA, ENTITY_LOOKUP_TYPE)
VALUES ('30b9838ee96d47d9988fdf766da272ae', 0, '07620effe1244ceb90b3f95ab3f8fce8', 'custNumber5', 'CUST_NUMBER5', 'NUMBER(20, 0)', 'CUSTOM_FIELD_NUMBER5', 0, 'integer', '', '', '', '', '', '', '', 0, NULL, 18, NULL, NULL, '', '', 'system', systimestamp, '33', 0, 'entity.rfqItem.custNumber5', '', '', '', '', '', '');
INSERT INTO CNT_FIELD_DEFINITION
 (ID, REVISION, PARENT_ID, FIELD_ID, COLUMN_NAME, COLUMN_TYPE, REPORT_COLUMN_NAME, PRODUCT_FIELD, FIELD_TYPE, ENTITY_LOOKUP, ENTITY_LOOKUP_KEY, ORDER_BY, GENERATOR, REFER_TABLE, KEY_COLUMN, LOOKUP_COLUMN, MANDATORY, MIN_LENGTH, MAX_LENGTH, MIN_VALUE, MAX_VALUE, CONSTANT_VALUE, UNIQUE_KEY, CREATE_USER, CREATED_ON, LINE_NO, MANAGED, FIELD_PATH, DATA_TYPE, DATA1, DATA2, TRANSITIVE_FIELDS, FORMULA, ENTITY_LOOKUP_TYPE)
VALUES ('220bcb92dcc24f539927447599a48b84', 0, '07620effe1244ceb90b3f95ab3f8fce8', 'custNumber6', 'CUST_NUMBER6', 'NUMBER(20, 0)', 'CUSTOM_FIELD_NUMBER6', 0, 'integer', '', '', '', '', '', '', '', 0, NULL, 18, NULL, NULL, '', '', 'system', systimestamp, '34', 0, 'entity.rfqItem.custNumber6', '', '', '', '', '', '');
INSERT INTO CNT_FIELD_DEFINITION
 (ID, REVISION, PARENT_ID, FIELD_ID, COLUMN_NAME, COLUMN_TYPE, REPORT_COLUMN_NAME, PRODUCT_FIELD, FIELD_TYPE, ENTITY_LOOKUP, ENTITY_LOOKUP_KEY, ORDER_BY, GENERATOR, REFER_TABLE, KEY_COLUMN, LOOKUP_COLUMN, MANDATORY, MIN_LENGTH, MAX_LENGTH, MIN_VALUE, MAX_VALUE, CONSTANT_VALUE, UNIQUE_KEY, CREATE_USER, CREATED_ON, LINE_NO, MANAGED, FIELD_PATH, DATA_TYPE, DATA1, DATA2, TRANSITIVE_FIELDS, FORMULA, ENTITY_LOOKUP_TYPE)
VALUES ('f27ebcf6dd644677918063230f68d127', 0, '07620effe1244ceb90b3f95ab3f8fce8', 'custNumber7', 'CUST_NUMBER7', 'NUMBER(20, 0)', 'CUSTOM_FIELD_NUMBER7', 0, 'integer', '', '', '', '', '', '', '', 0, NULL, 18, NULL, NULL, '', '', 'system', systimestamp, '35', 0, 'entity.rfqItem.custNumber7', '', '', '', '', '', '');
INSERT INTO CNT_FIELD_DEFINITION
 (ID, REVISION, PARENT_ID, FIELD_ID, COLUMN_NAME, COLUMN_TYPE, REPORT_COLUMN_NAME, PRODUCT_FIELD, FIELD_TYPE, ENTITY_LOOKUP, ENTITY_LOOKUP_KEY, ORDER_BY, GENERATOR, REFER_TABLE, KEY_COLUMN, LOOKUP_COLUMN, MANDATORY, MIN_LENGTH, MAX_LENGTH, MIN_VALUE, MAX_VALUE, CONSTANT_VALUE, UNIQUE_KEY, CREATE_USER, CREATED_ON, LINE_NO, MANAGED, FIELD_PATH, DATA_TYPE, DATA1, DATA2, TRANSITIVE_FIELDS, FORMULA, ENTITY_LOOKUP_TYPE)
VALUES ('a2c2242bef7244d9bf0c69cd0fc7c427', 0, '07620effe1244ceb90b3f95ab3f8fce8', 'custDecimal1', 'CUST_DECIMAL1', 'NUMBER(25, 5)', 'CUSTOM_FIELD_DECIMAL1', 0, 'decimal-rate', '', '', '', '', '', '', '', 0, NULL, 20, NULL, NULL, '', '', 'system', systimestamp, '36', 0, 'entity.rfqItem.custDecimal1', '', '', '', '', '', '');
INSERT INTO CNT_FIELD_DEFINITION
 (ID, REVISION, PARENT_ID, FIELD_ID, COLUMN_NAME, COLUMN_TYPE, REPORT_COLUMN_NAME, PRODUCT_FIELD, FIELD_TYPE, ENTITY_LOOKUP, ENTITY_LOOKUP_KEY, ORDER_BY, GENERATOR, REFER_TABLE, KEY_COLUMN, LOOKUP_COLUMN, MANDATORY, MIN_LENGTH, MAX_LENGTH, MIN_VALUE, MAX_VALUE, CONSTANT_VALUE, UNIQUE_KEY, CREATE_USER, CREATED_ON, LINE_NO, MANAGED, FIELD_PATH, DATA_TYPE, DATA1, DATA2, TRANSITIVE_FIELDS, FORMULA, ENTITY_LOOKUP_TYPE)
VALUES ('1ae9e8b0a1ba4b0f84438b61464a0696', 0, '07620effe1244ceb90b3f95ab3f8fce8', 'custDecimal2', 'CUST_DECIMAL2', 'NUMBER(25, 5)', 'CUSTOM_FIELD_DECIMAL2', 0, 'decimal-rate', '', '', '', '', '', '', '', 0, NULL, 20, NULL, NULL, '', '', 'system', systimestamp, '37', 0, 'entity.rfqItem.custDecimal2', '', '', '', '', '', '');
INSERT INTO CNT_FIELD_DEFINITION
 (ID, REVISION, PARENT_ID, FIELD_ID, COLUMN_NAME, COLUMN_TYPE, REPORT_COLUMN_NAME, PRODUCT_FIELD, FIELD_TYPE, ENTITY_LOOKUP, ENTITY_LOOKUP_KEY, ORDER_BY, GENERATOR, REFER_TABLE, KEY_COLUMN, LOOKUP_COLUMN, MANDATORY, MIN_LENGTH, MAX_LENGTH, MIN_VALUE, MAX_VALUE, CONSTANT_VALUE, UNIQUE_KEY, CREATE_USER, CREATED_ON, LINE_NO, MANAGED, FIELD_PATH, DATA_TYPE, DATA1, DATA2, TRANSITIVE_FIELDS, FORMULA, ENTITY_LOOKUP_TYPE)
VALUES ('fa0f3a4b6d84450490f36231da868b97', 0, '07620effe1244ceb90b3f95ab3f8fce8', 'custDecimal3', 'CUST_DECIMAL3', 'NUMBER(25, 5)', 'CUSTOM_FIELD_DECIMAL3', 0, 'decimal-rate', '', '', '', '', '', '', '', 0, NULL, 20, NULL, NULL, '', '', 'system', systimestamp, '38', 0, 'entity.rfqItem.custDecimal3', '', '', '', '', '', '');
INSERT INTO CNT_FIELD_DEFINITION
 (ID, REVISION, PARENT_ID, FIELD_ID, COLUMN_NAME, COLUMN_TYPE, REPORT_COLUMN_NAME, PRODUCT_FIELD, FIELD_TYPE, ENTITY_LOOKUP, ENTITY_LOOKUP_KEY, ORDER_BY, GENERATOR, REFER_TABLE, KEY_COLUMN, LOOKUP_COLUMN, MANDATORY, MIN_LENGTH, MAX_LENGTH, MIN_VALUE, MAX_VALUE, CONSTANT_VALUE, UNIQUE_KEY, CREATE_USER, CREATED_ON, LINE_NO, MANAGED, FIELD_PATH, DATA_TYPE, DATA1, DATA2, TRANSITIVE_FIELDS, FORMULA, ENTITY_LOOKUP_TYPE)
VALUES ('2e9e104131864ab3b25e8fa9aa00671b', 0, '07620effe1244ceb90b3f95ab3f8fce8', 'custDecimal4', 'CUST_DECIMAL4', 'NUMBER(25, 5)', 'CUSTOM_FIELD_DECIMAL4', 0, 'decimal-rate', '', '', '', '', '', '', '', 0, NULL, 20, NULL, NULL, '', '', 'system', systimestamp, '39', 0, 'entity.rfqItem.custDecimal4', '', '', '', '', '', '');
INSERT INTO CNT_FIELD_DEFINITION
 (ID, REVISION, PARENT_ID, FIELD_ID, COLUMN_NAME, COLUMN_TYPE, REPORT_COLUMN_NAME, PRODUCT_FIELD, FIELD_TYPE, ENTITY_LOOKUP, ENTITY_LOOKUP_KEY, ORDER_BY, GENERATOR, REFER_TABLE, KEY_COLUMN, LOOKUP_COLUMN, MANDATORY, MIN_LENGTH, MAX_LENGTH, MIN_VALUE, MAX_VALUE, CONSTANT_VALUE, UNIQUE_KEY, CREATE_USER, CREATED_ON, LINE_NO, MANAGED, FIELD_PATH, DATA_TYPE, DATA1, DATA2, TRANSITIVE_FIELDS, FORMULA, ENTITY_LOOKUP_TYPE)
VALUES ('9e4d11e1e46f4e6591b762f2f2326101', 0, '07620effe1244ceb90b3f95ab3f8fce8', 'custDecimal5', 'CUST_DECIMAL5', 'NUMBER(25, 5)', 'CUSTOM_FIELD_DECIMAL5', 0, 'decimal-rate', '', '', '', '', '', '', '', 0, NULL, 20, NULL, NULL, '', '', 'system', systimestamp, '40', 0, 'entity.rfqItem.custDecimal5', '', '', '', '', '', '');
INSERT INTO CNT_FIELD_DEFINITION
 (ID, REVISION, PARENT_ID, FIELD_ID, COLUMN_NAME, COLUMN_TYPE, REPORT_COLUMN_NAME, PRODUCT_FIELD, FIELD_TYPE, ENTITY_LOOKUP, ENTITY_LOOKUP_KEY, ORDER_BY, GENERATOR, REFER_TABLE, KEY_COLUMN, LOOKUP_COLUMN, MANDATORY, MIN_LENGTH, MAX_LENGTH, MIN_VALUE, MAX_VALUE, CONSTANT_VALUE, UNIQUE_KEY, CREATE_USER, CREATED_ON, LINE_NO, MANAGED, FIELD_PATH, DATA_TYPE, DATA1, DATA2, TRANSITIVE_FIELDS, FORMULA, ENTITY_LOOKUP_TYPE)
VALUES ('cc138af1903d4bbea9eb9c97c068b95b', 0, '07620effe1244ceb90b3f95ab3f8fce8', 'custDecimal6', 'CUST_DECIMAL6', 'NUMBER(25, 5)', 'CUSTOM_FIELD_DECIMAL6', 0, 'decimal-rate', '', '', '', '', '', '', '', 0, NULL, 20, NULL, NULL, '', '', 'system', systimestamp, '41', 0, 'entity.rfqItem.custDecimal6', '', '', '', '', '', '');
INSERT INTO CNT_FIELD_DEFINITION
 (ID, REVISION, PARENT_ID, FIELD_ID, COLUMN_NAME, COLUMN_TYPE, REPORT_COLUMN_NAME, PRODUCT_FIELD, FIELD_TYPE, ENTITY_LOOKUP, ENTITY_LOOKUP_KEY, ORDER_BY, GENERATOR, REFER_TABLE, KEY_COLUMN, LOOKUP_COLUMN, MANDATORY, MIN_LENGTH, MAX_LENGTH, MIN_VALUE, MAX_VALUE, CONSTANT_VALUE, UNIQUE_KEY, CREATE_USER, CREATED_ON, LINE_NO, MANAGED, FIELD_PATH, DATA_TYPE, DATA1, DATA2, TRANSITIVE_FIELDS, FORMULA, ENTITY_LOOKUP_TYPE)
VALUES ('5a327f373b8d43b48d9d5135e3379ffa', 0, '07620effe1244ceb90b3f95ab3f8fce8', 'custDecimal7', 'CUST_DECIMAL7', 'NUMBER(25, 5)', 'CUSTOM_FIELD_DECIMAL7', 0, 'decimal-rate', '', '', '', '', '', '', '', 0, NULL, 20, NULL, NULL, '', '', 'system', systimestamp, '42', 0, 'entity.rfqItem.custDecimal7', '', '', '', '', '', '');
INSERT INTO CNT_FIELD_DEFINITION
 (ID, REVISION, PARENT_ID, FIELD_ID, COLUMN_NAME, COLUMN_TYPE, REPORT_COLUMN_NAME, PRODUCT_FIELD, FIELD_TYPE, ENTITY_LOOKUP, ENTITY_LOOKUP_KEY, ORDER_BY, GENERATOR, REFER_TABLE, KEY_COLUMN, LOOKUP_COLUMN, MANDATORY, MIN_LENGTH, MAX_LENGTH, MIN_VALUE, MAX_VALUE, CONSTANT_VALUE, UNIQUE_KEY, CREATE_USER, CREATED_ON, LINE_NO, MANAGED, FIELD_PATH, DATA_TYPE, DATA1, DATA2, TRANSITIVE_FIELDS, FORMULA, ENTITY_LOOKUP_TYPE)
VALUES ('bba0e23eee6e4fbca730a0ca266a94b4', 0, '07620effe1244ceb90b3f95ab3f8fce8', 'custCodelist1', 'CUST_CODELIST1', 'NVARCHAR2(400)', 'CUSTOM_FIELD_CODE_LIST_CODE1', 0, 'string-m', '', '', '', '', '', '', '', 0, NULL, 400, NULL, NULL, '', '', 'system', systimestamp, '43', 0, 'entity.rfqItem.custCodelist1', 'codelist', '', '', '', '', '');
INSERT INTO CNT_FIELD_DEFINITION
 (ID, REVISION, PARENT_ID, FIELD_ID, COLUMN_NAME, COLUMN_TYPE, REPORT_COLUMN_NAME, PRODUCT_FIELD, FIELD_TYPE, ENTITY_LOOKUP, ENTITY_LOOKUP_KEY, ORDER_BY, GENERATOR, REFER_TABLE, KEY_COLUMN, LOOKUP_COLUMN, MANDATORY, MIN_LENGTH, MAX_LENGTH, MIN_VALUE, MAX_VALUE, CONSTANT_VALUE, UNIQUE_KEY, CREATE_USER, CREATED_ON, LINE_NO, MANAGED, FIELD_PATH, DATA_TYPE, DATA1, DATA2, TRANSITIVE_FIELDS, FORMULA, ENTITY_LOOKUP_TYPE)
VALUES ('4dd73839384f411f8d4dc9cfbb846c5b', 0, '07620effe1244ceb90b3f95ab3f8fce8', 'custCodelist2', 'CUST_CODELIST2', 'NVARCHAR2(400)', 'CUSTOM_FIELD_CODE_LIST_CODE2', 0, 'string-m', '', '', '', '', '', '', '', 0, NULL, 400, NULL, NULL, '', '', 'system', systimestamp, '44', 0, 'entity.rfqItem.custCodelist2', 'codelist', '', '', '', '', '');
INSERT INTO CNT_FIELD_DEFINITION
 (ID, REVISION, PARENT_ID, FIELD_ID, COLUMN_NAME, COLUMN_TYPE, REPORT_COLUMN_NAME, PRODUCT_FIELD, FIELD_TYPE, ENTITY_LOOKUP, ENTITY_LOOKUP_KEY, ORDER_BY, GENERATOR, REFER_TABLE, KEY_COLUMN, LOOKUP_COLUMN, MANDATORY, MIN_LENGTH, MAX_LENGTH, MIN_VALUE, MAX_VALUE, CONSTANT_VALUE, UNIQUE_KEY, CREATE_USER, CREATED_ON, LINE_NO, MANAGED, FIELD_PATH, DATA_TYPE, DATA1, DATA2, TRANSITIVE_FIELDS, FORMULA, ENTITY_LOOKUP_TYPE)
VALUES ('233aa018a4e3461c93e271555234e3c8', 0, '07620effe1244ceb90b3f95ab3f8fce8', 'custCodelist3', 'CUST_CODELIST3', 'NVARCHAR2(400)', 'CUSTOM_FIELD_CODE_LIST_CODE3', 0, 'string-m', '', '', '', '', '', '', '', 0, NULL, 400, NULL, NULL, '', '', 'system', systimestamp, '45', 0, 'entity.rfqItem.custCodelist3', 'codelist', '', '', '', '', '');
INSERT INTO CNT_FIELD_DEFINITION
 (ID, REVISION, PARENT_ID, FIELD_ID, COLUMN_NAME, COLUMN_TYPE, REPORT_COLUMN_NAME, PRODUCT_FIELD, FIELD_TYPE, ENTITY_LOOKUP, ENTITY_LOOKUP_KEY, ORDER_BY, GENERATOR, REFER_TABLE, KEY_COLUMN, LOOKUP_COLUMN, MANDATORY, MIN_LENGTH, MAX_LENGTH, MIN_VALUE, MAX_VALUE, CONSTANT_VALUE, UNIQUE_KEY, CREATE_USER, CREATED_ON, LINE_NO, MANAGED, FIELD_PATH, DATA_TYPE, DATA1, DATA2, TRANSITIVE_FIELDS, FORMULA, ENTITY_LOOKUP_TYPE)
VALUES ('63e98b03bb99476a8a10eaa93a1bee68', 0, '07620effe1244ceb90b3f95ab3f8fce8', 'custCodelist4', 'CUST_CODELIST4', 'NVARCHAR2(400)', 'CUSTOM_FIELD_CODE_LIST_CODE4', 0, 'string-m', '', '', '', '', '', '', '', 0, NULL, 400, NULL, NULL, '', '', 'system', systimestamp, '46', 0, 'entity.rfqItem.custCodelist4', 'codelist', '', '', '', '', '');
INSERT INTO CNT_FIELD_DEFINITION
 (ID, REVISION, PARENT_ID, FIELD_ID, COLUMN_NAME, COLUMN_TYPE, REPORT_COLUMN_NAME, PRODUCT_FIELD, FIELD_TYPE, ENTITY_LOOKUP, ENTITY_LOOKUP_KEY, ORDER_BY, GENERATOR, REFER_TABLE, KEY_COLUMN, LOOKUP_COLUMN, MANDATORY, MIN_LENGTH, MAX_LENGTH, MIN_VALUE, MAX_VALUE, CONSTANT_VALUE, UNIQUE_KEY, CREATE_USER, CREATED_ON, LINE_NO, MANAGED, FIELD_PATH, DATA_TYPE, DATA1, DATA2, TRANSITIVE_FIELDS, FORMULA, ENTITY_LOOKUP_TYPE)
VALUES ('d5173b72e08944d89d78492e5a2e7fd3', 0, '07620effe1244ceb90b3f95ab3f8fce8', 'custCodelist5', 'CUST_CODELIST5', 'NVARCHAR2(400)', 'CUSTOM_FIELD_CODE_LIST_CODE5', 0, 'string-m', '', '', '', '', '', '', '', 0, NULL, 400, NULL, NULL, '', '', 'system', systimestamp, '47', 0, 'entity.rfqItem.custCodelist5', 'codelist', '', '', '', '', '');
INSERT INTO CNT_FIELD_DEFINITION
 (ID, REVISION, PARENT_ID, FIELD_ID, COLUMN_NAME, COLUMN_TYPE, REPORT_COLUMN_NAME, PRODUCT_FIELD, FIELD_TYPE, ENTITY_LOOKUP, ENTITY_LOOKUP_KEY, ORDER_BY, GENERATOR, REFER_TABLE, KEY_COLUMN, LOOKUP_COLUMN, MANDATORY, MIN_LENGTH, MAX_LENGTH, MIN_VALUE, MAX_VALUE, CONSTANT_VALUE, UNIQUE_KEY, CREATE_USER, CREATED_ON, LINE_NO, MANAGED, FIELD_PATH, DATA_TYPE, DATA1, DATA2, TRANSITIVE_FIELDS, FORMULA, ENTITY_LOOKUP_TYPE)
VALUES ('e4dd20973abf424c87d1e73f8ecc06af', 0, '07620effe1244ceb90b3f95ab3f8fce8', 'custCodelist6', 'CUST_CODELIST6', 'NVARCHAR2(400)', 'CUSTOM_FIELD_CODE_LIST_CODE6', 0, 'string-m', '', '', '', '', '', '', '', 0, NULL, 400, NULL, NULL, '', '', 'system', systimestamp, '48', 0, 'entity.rfqItem.custCodelist6', 'codelist', '', '', '', '', '');
INSERT INTO CNT_FIELD_DEFINITION
 (ID, REVISION, PARENT_ID, FIELD_ID, COLUMN_NAME, COLUMN_TYPE, REPORT_COLUMN_NAME, PRODUCT_FIELD, FIELD_TYPE, ENTITY_LOOKUP, ENTITY_LOOKUP_KEY, ORDER_BY, GENERATOR, REFER_TABLE, KEY_COLUMN, LOOKUP_COLUMN, MANDATORY, MIN_LENGTH, MAX_LENGTH, MIN_VALUE, MAX_VALUE, CONSTANT_VALUE, UNIQUE_KEY, CREATE_USER, CREATED_ON, LINE_NO, MANAGED, FIELD_PATH, DATA_TYPE, DATA1, DATA2, TRANSITIVE_FIELDS, FORMULA, ENTITY_LOOKUP_TYPE)
VALUES ('20dc0fa244434dbd8455ba546a35e030', 0, '07620effe1244ceb90b3f95ab3f8fce8', 'custCodelist7', 'CUST_CODELIST7', 'NVARCHAR2(400)', 'CUSTOM_FIELD_CODE_LIST_CODE7', 0, 'string-m', '', '', '', '', '', '', '', 0, NULL, 400, NULL, NULL, '', '', 'system', systimestamp, '49', 0, 'entity.rfqItem.custCodelist7', 'codelist', '', '', '', '', '');
INSERT INTO CNT_FIELD_DEFINITION
 (ID, REVISION, PARENT_ID, FIELD_ID, COLUMN_NAME, COLUMN_TYPE, REPORT_COLUMN_NAME, PRODUCT_FIELD, FIELD_TYPE, ENTITY_LOOKUP, ENTITY_LOOKUP_KEY, ORDER_BY, GENERATOR, REFER_TABLE, KEY_COLUMN, LOOKUP_COLUMN, MANDATORY, MIN_LENGTH, MAX_LENGTH, MIN_VALUE, MAX_VALUE, CONSTANT_VALUE, UNIQUE_KEY, CREATE_USER, CREATED_ON, LINE_NO, MANAGED, FIELD_PATH, DATA_TYPE, DATA1, DATA2, TRANSITIVE_FIELDS, FORMULA, ENTITY_LOOKUP_TYPE)
VALUES ('89ab4f6d0d454354b04c2f161c2ccec4', 0, '07620effe1244ceb90b3f95ab3f8fce8', 'custMemoText1', 'CUST_MEMO_TEXT1', 'NVARCHAR2(1000)', 'CUSTOM_FIELD_MEMO_TEXT1', 0, 'string-l', '', '', '', '', '', '', '', 0, NULL, 1000, NULL, NULL, '', '', 'system', systimestamp, '50', 0, 'entity.rfqItem.custMemoText1', '', '', '', '', '', '');
INSERT INTO CNT_FIELD_DEFINITION
 (ID, REVISION, PARENT_ID, FIELD_ID, COLUMN_NAME, COLUMN_TYPE, REPORT_COLUMN_NAME, PRODUCT_FIELD, FIELD_TYPE, ENTITY_LOOKUP, ENTITY_LOOKUP_KEY, ORDER_BY, GENERATOR, REFER_TABLE, KEY_COLUMN, LOOKUP_COLUMN, MANDATORY, MIN_LENGTH, MAX_LENGTH, MIN_VALUE, MAX_VALUE, CONSTANT_VALUE, UNIQUE_KEY, CREATE_USER, CREATED_ON, LINE_NO, MANAGED, FIELD_PATH, DATA_TYPE, DATA1, DATA2, TRANSITIVE_FIELDS, FORMULA, ENTITY_LOOKUP_TYPE)
VALUES ('427583c4756446f6b565c7098b0c873b', 0, '07620effe1244ceb90b3f95ab3f8fce8', 'custMemoText2', 'CUST_MEMO_TEXT2', 'NVARCHAR2(1000)', 'CUSTOM_FIELD_MEMO_TEXT2', 0, 'string-l', '', '', '', '', '', '', '', 0, NULL, 1000, NULL, NULL, '', '', 'system', systimestamp, '51', 0, 'entity.rfqItem.custMemoText2', '', '', '', '', '', '');
INSERT INTO CNT_FIELD_DEFINITION
 (ID, REVISION, PARENT_ID, FIELD_ID, COLUMN_NAME, COLUMN_TYPE, REPORT_COLUMN_NAME, PRODUCT_FIELD, FIELD_TYPE, ENTITY_LOOKUP, ENTITY_LOOKUP_KEY, ORDER_BY, GENERATOR, REFER_TABLE, KEY_COLUMN, LOOKUP_COLUMN, MANDATORY, MIN_LENGTH, MAX_LENGTH, MIN_VALUE, MAX_VALUE, CONSTANT_VALUE, UNIQUE_KEY, CREATE_USER, CREATED_ON, LINE_NO, MANAGED, FIELD_PATH, DATA_TYPE, DATA1, DATA2, TRANSITIVE_FIELDS, FORMULA, ENTITY_LOOKUP_TYPE)
VALUES ('ff05a44b65794858b6ad62460d3a41d8', 0, '07620effe1244ceb90b3f95ab3f8fce8', 'custMemoText3', 'CUST_MEMO_TEXT3', 'NVARCHAR2(1000)', 'CUSTOM_FIELD_MEMO_TEXT3', 0, 'string-l', '', '', '', '', '', '', '', 0, NULL, 1000, NULL, NULL, '', '', 'system', systimestamp, '52', 0, 'entity.rfqItem.custMemoText3', '', '', '', '', '', '');
INSERT INTO CNT_FIELD_DEFINITION
 (ID, REVISION, PARENT_ID, FIELD_ID, COLUMN_NAME, COLUMN_TYPE, REPORT_COLUMN_NAME, PRODUCT_FIELD, FIELD_TYPE, ENTITY_LOOKUP, ENTITY_LOOKUP_KEY, ORDER_BY, GENERATOR, REFER_TABLE, KEY_COLUMN, LOOKUP_COLUMN, MANDATORY, MIN_LENGTH, MAX_LENGTH, MIN_VALUE, MAX_VALUE, CONSTANT_VALUE, UNIQUE_KEY, CREATE_USER, CREATED_ON, LINE_NO, MANAGED, FIELD_PATH, DATA_TYPE, DATA1, DATA2, TRANSITIVE_FIELDS, FORMULA, ENTITY_LOOKUP_TYPE)
VALUES ('9f5c773f768e4237915ef900dd72d7ad', 0, '07620effe1244ceb90b3f95ab3f8fce8', 'custMemoText4', 'CUST_MEMO_TEXT4', 'NVARCHAR2(1000)', 'CUSTOM_FIELD_MEMO_TEXT4', 0, 'string-l', '', '', '', '', '', '', '', 0, NULL, 1000, NULL, NULL, '', '', 'system', systimestamp, '53', 0, 'entity.rfqItem.custMemoText4', '', '', '', '', '', '');
INSERT INTO CNT_FIELD_DEFINITION
 (ID, REVISION, PARENT_ID, FIELD_ID, COLUMN_NAME, COLUMN_TYPE, REPORT_COLUMN_NAME, PRODUCT_FIELD, FIELD_TYPE, ENTITY_LOOKUP, ENTITY_LOOKUP_KEY, ORDER_BY, GENERATOR, REFER_TABLE, KEY_COLUMN, LOOKUP_COLUMN, MANDATORY, MIN_LENGTH, MAX_LENGTH, MIN_VALUE, MAX_VALUE, CONSTANT_VALUE, UNIQUE_KEY, CREATE_USER, CREATED_ON, LINE_NO, MANAGED, FIELD_PATH, DATA_TYPE, DATA1, DATA2, TRANSITIVE_FIELDS, FORMULA, ENTITY_LOOKUP_TYPE)
VALUES ('6e246b57e13445518d2137dfd4c2bcf2', 0, '07620effe1244ceb90b3f95ab3f8fce8', 'custMemoText5', 'CUST_MEMO_TEXT5', 'NVARCHAR2(1000)', 'CUSTOM_FIELD_MEMO_TEXT5', 0, 'string-l', '', '', '', '', '', '', '', 0, NULL, 1000, NULL, NULL, '', '', 'system', systimestamp, '54', 0, 'entity.rfqItem.custMemoText5', '', '', '', '', '', '');
INSERT INTO CNT_FIELD_DEFINITION
 (ID, REVISION, PARENT_ID, FIELD_ID, COLUMN_NAME, COLUMN_TYPE, REPORT_COLUMN_NAME, PRODUCT_FIELD, FIELD_TYPE, ENTITY_LOOKUP, ENTITY_LOOKUP_KEY, ORDER_BY, GENERATOR, REFER_TABLE, KEY_COLUMN, LOOKUP_COLUMN, MANDATORY, MIN_LENGTH, MAX_LENGTH, MIN_VALUE, MAX_VALUE, CONSTANT_VALUE, UNIQUE_KEY, CREATE_USER, CREATED_ON, LINE_NO, MANAGED, FIELD_PATH, DATA_TYPE, DATA1, DATA2, TRANSITIVE_FIELDS, FORMULA, ENTITY_LOOKUP_TYPE)
VALUES ('4ee34c9d922e4c8a89031c7f35511556', 0, '07620effe1244ceb90b3f95ab3f8fce8', 'custMemoText6', 'CUST_MEMO_TEXT6', 'NVARCHAR2(1000)', 'CUSTOM_FIELD_MEMO_TEXT6', 0, 'string-l', '', '', '', '', '', '', '', 0, NULL, 1000, NULL, NULL, '', '', 'system', systimestamp, '55', 0, 'entity.rfqItem.custMemoText6', '', '', '', '', '', '');
INSERT INTO CNT_FIELD_DEFINITION
 (ID, REVISION, PARENT_ID, FIELD_ID, COLUMN_NAME, COLUMN_TYPE, REPORT_COLUMN_NAME, PRODUCT_FIELD, FIELD_TYPE, ENTITY_LOOKUP, ENTITY_LOOKUP_KEY, ORDER_BY, GENERATOR, REFER_TABLE, KEY_COLUMN, LOOKUP_COLUMN, MANDATORY, MIN_LENGTH, MAX_LENGTH, MIN_VALUE, MAX_VALUE, CONSTANT_VALUE, UNIQUE_KEY, CREATE_USER, CREATED_ON, LINE_NO, MANAGED, FIELD_PATH, DATA_TYPE, DATA1, DATA2, TRANSITIVE_FIELDS, FORMULA, ENTITY_LOOKUP_TYPE)
VALUES ('36691821ca51460c915b1bdc0f6bd839', 0, '07620effe1244ceb90b3f95ab3f8fce8', 'custMemoText7', 'CUST_MEMO_TEXT7', 'NVARCHAR2(1000)', 'CUSTOM_FIELD_MEMO_TEXT7', 0, 'string-l', '', '', '', '', '', '', '', 0, NULL, 1000, NULL, NULL, '', '', 'system', systimestamp, '56', 0, 'entity.rfqItem.custMemoText7', '', '', '', '', '', '');
INSERT INTO CNT_FIELD_DEFINITION
 (ID, REVISION, PARENT_ID, FIELD_ID, COLUMN_NAME, COLUMN_TYPE, REPORT_COLUMN_NAME, PRODUCT_FIELD, FIELD_TYPE, ENTITY_LOOKUP, ENTITY_LOOKUP_KEY, ORDER_BY, GENERATOR, REFER_TABLE, KEY_COLUMN, LOOKUP_COLUMN, MANDATORY, MIN_LENGTH, MAX_LENGTH, MIN_VALUE, MAX_VALUE, CONSTANT_VALUE, UNIQUE_KEY, CREATE_USER, CREATED_ON, LINE_NO, MANAGED, FIELD_PATH, DATA_TYPE, DATA1, DATA2, TRANSITIVE_FIELDS, FORMULA, ENTITY_LOOKUP_TYPE)
VALUES ('9103cc1eab7d4e76b17f30e904a70ebb', 0, '07620effe1244ceb90b3f95ab3f8fce8', 'custHcl1', 'CUST_HCL1_ID', 'CHAR(32)', 'CUSTOM_FIELD_HCL_CODE_SYS_ID1', 0, 'entity', 'HclNode', 'id', '', '', '', '', '', 0, 32, 32, NULL, NULL, '', '', 'system', systimestamp, '57', 0, 'entity.rfqItem.custHcl1', '', '', '', '', '', '');
INSERT INTO CNT_FIELD_DEFINITION
 (ID, REVISION, PARENT_ID, FIELD_ID, COLUMN_NAME, COLUMN_TYPE, REPORT_COLUMN_NAME, PRODUCT_FIELD, FIELD_TYPE, ENTITY_LOOKUP, ENTITY_LOOKUP_KEY, ORDER_BY, GENERATOR, REFER_TABLE, KEY_COLUMN, LOOKUP_COLUMN, MANDATORY, MIN_LENGTH, MAX_LENGTH, MIN_VALUE, MAX_VALUE, CONSTANT_VALUE, UNIQUE_KEY, CREATE_USER, CREATED_ON, LINE_NO, MANAGED, FIELD_PATH, DATA_TYPE, DATA1, DATA2, TRANSITIVE_FIELDS, FORMULA, ENTITY_LOOKUP_TYPE)
VALUES ('7e7506e42c0243ac8460565fca1cb393', 0, '07620effe1244ceb90b3f95ab3f8fce8', 'custHcl2', 'CUST_HCL2_ID', 'CHAR(32)', 'CUSTOM_FIELD_HCL_CODE_SYS_ID2', 0, 'entity', 'HclNode', 'id', '', '', '', '', '', 0, 32, 32, NULL, NULL, '', '', 'system', systimestamp, '58', 0, 'entity.rfqItem.custHcl2', '', '', '', '', '', '');
INSERT INTO CNT_FIELD_DEFINITION
 (ID, REVISION, PARENT_ID, FIELD_ID, COLUMN_NAME, COLUMN_TYPE, REPORT_COLUMN_NAME, PRODUCT_FIELD, FIELD_TYPE, ENTITY_LOOKUP, ENTITY_LOOKUP_KEY, ORDER_BY, GENERATOR, REFER_TABLE, KEY_COLUMN, LOOKUP_COLUMN, MANDATORY, MIN_LENGTH, MAX_LENGTH, MIN_VALUE, MAX_VALUE, CONSTANT_VALUE, UNIQUE_KEY, CREATE_USER, CREATED_ON, LINE_NO, MANAGED, FIELD_PATH, DATA_TYPE, DATA1, DATA2, TRANSITIVE_FIELDS, FORMULA, ENTITY_LOOKUP_TYPE)
VALUES ('8e0feeb22edb452399cd25b8be80fef6', 0, '07620effe1244ceb90b3f95ab3f8fce8', 'custHcl3', 'CUST_HCL3_ID', 'CHAR(32)', 'CUSTOM_FIELD_HCL_CODE_SYS_ID3', 0, 'entity', 'HclNode', 'id', '', '', '', '', '', 0, 32, 32, NULL, NULL, '', '', 'system', systimestamp, '59', 0, 'entity.rfqItem.custHcl3', '', '', '', '', '', '');
INSERT INTO CNT_FIELD_DEFINITION
 (ID, REVISION, PARENT_ID, FIELD_ID, COLUMN_NAME, COLUMN_TYPE, REPORT_COLUMN_NAME, PRODUCT_FIELD, FIELD_TYPE, ENTITY_LOOKUP, ENTITY_LOOKUP_KEY, ORDER_BY, GENERATOR, REFER_TABLE, KEY_COLUMN, LOOKUP_COLUMN, MANDATORY, MIN_LENGTH, MAX_LENGTH, MIN_VALUE, MAX_VALUE, CONSTANT_VALUE, UNIQUE_KEY, CREATE_USER, CREATED_ON, LINE_NO, MANAGED, FIELD_PATH, DATA_TYPE, DATA1, DATA2, TRANSITIVE_FIELDS, FORMULA, ENTITY_LOOKUP_TYPE)
VALUES ('c61fd0a377174a3aa8c527c79fbd9f13', 0, '07620effe1244ceb90b3f95ab3f8fce8', 'custHcl4', 'CUST_HCL4_ID', 'CHAR(32)', 'CUSTOM_FIELD_HCL_CODE_SYS_ID4', 0, 'entity', 'HclNode', 'id', '', '', '', '', '', 0, 32, 32, NULL, NULL, '', '', 'system', systimestamp, '60', 0, 'entity.rfqItem.custHcl4', '', '', '', '', '', '');
INSERT INTO CNT_FIELD_DEFINITION
 (ID, REVISION, PARENT_ID, FIELD_ID, COLUMN_NAME, COLUMN_TYPE, REPORT_COLUMN_NAME, PRODUCT_FIELD, FIELD_TYPE, ENTITY_LOOKUP, ENTITY_LOOKUP_KEY, ORDER_BY, GENERATOR, REFER_TABLE, KEY_COLUMN, LOOKUP_COLUMN, MANDATORY, MIN_LENGTH, MAX_LENGTH, MIN_VALUE, MAX_VALUE, CONSTANT_VALUE, UNIQUE_KEY, CREATE_USER, CREATED_ON, LINE_NO, MANAGED, FIELD_PATH, DATA_TYPE, DATA1, DATA2, TRANSITIVE_FIELDS, FORMULA, ENTITY_LOOKUP_TYPE)
VALUES ('a404edf25b99484eb9b608ad9a8fb93a', 0, '07620effe1244ceb90b3f95ab3f8fce8', 'custHcl5', 'CUST_HCL5_ID', 'CHAR(32)', 'CUSTOM_FIELD_HCL_CODE_SYS_ID5', 0, 'entity', 'HclNode', 'id', '', '', '', '', '', 0, 32, 32, NULL, NULL, '', '', 'system', systimestamp, '61', 0, 'entity.rfqItem.custHcl5', '', '', '', '', '', '');
INSERT INTO CNT_FIELD_DEFINITION
 (ID, REVISION, PARENT_ID, FIELD_ID, COLUMN_NAME, COLUMN_TYPE, REPORT_COLUMN_NAME, PRODUCT_FIELD, FIELD_TYPE, ENTITY_LOOKUP, ENTITY_LOOKUP_KEY, ORDER_BY, GENERATOR, REFER_TABLE, KEY_COLUMN, LOOKUP_COLUMN, MANDATORY, MIN_LENGTH, MAX_LENGTH, MIN_VALUE, MAX_VALUE, CONSTANT_VALUE, UNIQUE_KEY, CREATE_USER, CREATED_ON, LINE_NO, MANAGED, FIELD_PATH, DATA_TYPE, DATA1, DATA2, TRANSITIVE_FIELDS, FORMULA, ENTITY_LOOKUP_TYPE)
VALUES ('6aa839a1e58343688be8c586811635d9', 0, '07620effe1244ceb90b3f95ab3f8fce8', 'fileRef', 'FILE_REF', 'NVARCHAR2(1000)', 'N/A', 1, 'string-l', '', '', '', '', '', '', '', 0, NULL, 1000, NULL, NULL, '', '', 'system', systimestamp, '62', 0, 'entity.rfqItem.fileRef', '', '', '', '', '', '');
INSERT INTO CNT_FIELD_DEFINITION
 (ID, REVISION, PARENT_ID, FIELD_ID, COLUMN_NAME, COLUMN_TYPE, REPORT_COLUMN_NAME, PRODUCT_FIELD, FIELD_TYPE, ENTITY_LOOKUP, ENTITY_LOOKUP_KEY, ORDER_BY, GENERATOR, REFER_TABLE, KEY_COLUMN, LOOKUP_COLUMN, MANDATORY, MIN_LENGTH, MAX_LENGTH, MIN_VALUE, MAX_VALUE, CONSTANT_VALUE, UNIQUE_KEY, CREATE_USER, CREATED_ON, LINE_NO, MANAGED, FIELD_PATH, DATA_TYPE, DATA1, DATA2, TRANSITIVE_FIELDS, FORMULA, ENTITY_LOOKUP_TYPE)
VALUES ('d223c84c42024710bda27c9f2605efee', 0, '07620effe1244ceb90b3f95ab3f8fce8', 'fileVer', 'FILE_VER', 'NUMBER(20, 0)', 'N/A', 1, 'integer', '', '', '', '', '', '', '', 0, NULL, 18, NULL, NULL, '', '', 'system', systimestamp, '63', 0, 'entity.rfqItem.fileVer', '', '', '', '', '', '');
INSERT INTO CNT_FIELD_DEFINITION
 (ID, REVISION, PARENT_ID, FIELD_ID, COLUMN_NAME, COLUMN_TYPE, REPORT_COLUMN_NAME, PRODUCT_FIELD, FIELD_TYPE, ENTITY_LOOKUP, ENTITY_LOOKUP_KEY, ORDER_BY, GENERATOR, REFER_TABLE, KEY_COLUMN, LOOKUP_COLUMN, MANDATORY, MIN_LENGTH, MAX_LENGTH, MIN_VALUE, MAX_VALUE, CONSTANT_VALUE, UNIQUE_KEY, CREATE_USER, CREATED_ON, LINE_NO, MANAGED, FIELD_PATH, DATA_TYPE, DATA1, DATA2, TRANSITIVE_FIELDS, FORMULA, ENTITY_LOOKUP_TYPE)
VALUES ('d8e911014b964b9dae4f448c614a317a', 0, '07620effe1244ceb90b3f95ab3f8fce8', 'fileRef2', 'FILE_REF2', 'NVARCHAR2(1000)', 'N/A', 1, 'string-l', '', '', '', '', '', '', '', 0, NULL, 1000, NULL, NULL, '', '', 'system', systimestamp, '64', 0, 'entity.rfqItem.fileRef2', '', '', '', '', '', '');
INSERT INTO CNT_FIELD_DEFINITION
 (ID, REVISION, PARENT_ID, FIELD_ID, COLUMN_NAME, COLUMN_TYPE, REPORT_COLUMN_NAME, PRODUCT_FIELD, FIELD_TYPE, ENTITY_LOOKUP, ENTITY_LOOKUP_KEY, ORDER_BY, GENERATOR, REFER_TABLE, KEY_COLUMN, LOOKUP_COLUMN, MANDATORY, MIN_LENGTH, MAX_LENGTH, MIN_VALUE, MAX_VALUE, CONSTANT_VALUE, UNIQUE_KEY, CREATE_USER, CREATED_ON, LINE_NO, MANAGED, FIELD_PATH, DATA_TYPE, DATA1, DATA2, TRANSITIVE_FIELDS, FORMULA, ENTITY_LOOKUP_TYPE)
VALUES ('94b6eb197f244e4bab671e73e749805f', 0, '07620effe1244ceb90b3f95ab3f8fce8', 'briefRef', 'BRIEF_REF', 'NVARCHAR2(1000)', 'N/A', 1, 'string-l', '', '', '', '', '', '', '', 0, NULL, 1000, NULL, NULL, '', '', 'system', systimestamp, '65', 0, 'entity.rfqItem.briefRef', '', '', '', '', '', '');
INSERT INTO CNT_FIELD_DEFINITION
 (ID, REVISION, PARENT_ID, FIELD_ID, COLUMN_NAME, COLUMN_TYPE, REPORT_COLUMN_NAME, PRODUCT_FIELD, FIELD_TYPE, ENTITY_LOOKUP, ENTITY_LOOKUP_KEY, ORDER_BY, GENERATOR, REFER_TABLE, KEY_COLUMN, LOOKUP_COLUMN, MANDATORY, MIN_LENGTH, MAX_LENGTH, MIN_VALUE, MAX_VALUE, CONSTANT_VALUE, UNIQUE_KEY, CREATE_USER, CREATED_ON, LINE_NO, MANAGED, FIELD_PATH, DATA_TYPE, DATA1, DATA2, TRANSITIVE_FIELDS, FORMULA, ENTITY_LOOKUP_TYPE)
VALUES ('2db26f7e1e74475e9ace6099da9f7ff1', 0, '07620effe1244ceb90b3f95ab3f8fce8', 'briefVer', 'BRIEF_VER', 'NUMBER(20, 0)', 'N/A', 1, 'integer', '', '', '', '', '', '', '', 0, NULL, 18, NULL, NULL, '', '', 'system', systimestamp, '66', 0, 'entity.rfqItem.briefVer', '', '', '', '', '', '');
INSERT INTO CNT_FIELD_DEFINITION
 (ID, REVISION, PARENT_ID, FIELD_ID, COLUMN_NAME, COLUMN_TYPE, REPORT_COLUMN_NAME, PRODUCT_FIELD, FIELD_TYPE, ENTITY_LOOKUP, ENTITY_LOOKUP_KEY, ORDER_BY, GENERATOR, REFER_TABLE, KEY_COLUMN, LOOKUP_COLUMN, MANDATORY, MIN_LENGTH, MAX_LENGTH, MIN_VALUE, MAX_VALUE, CONSTANT_VALUE, UNIQUE_KEY, CREATE_USER, CREATED_ON, LINE_NO, MANAGED, FIELD_PATH, DATA_TYPE, DATA1, DATA2, TRANSITIVE_FIELDS, FORMULA, ENTITY_LOOKUP_TYPE)
VALUES ('3eebeca14a604371ac6662dd2c9fa0af', 0, '07620effe1244ceb90b3f95ab3f8fce8', 'itemRef', 'ITEM_REF', 'NVARCHAR2(1000)', 'N/A', 1, 'string-l', '', '', '', '', '', '', '', 0, NULL, 1000, NULL, NULL, '', '', 'system', systimestamp, '67', 0, 'entity.rfqItem.itemRef', '', '', '', '', '', '');
INSERT INTO CNT_FIELD_DEFINITION
 (ID, REVISION, PARENT_ID, FIELD_ID, COLUMN_NAME, COLUMN_TYPE, REPORT_COLUMN_NAME, PRODUCT_FIELD, FIELD_TYPE, ENTITY_LOOKUP, ENTITY_LOOKUP_KEY, ORDER_BY, GENERATOR, REFER_TABLE, KEY_COLUMN, LOOKUP_COLUMN, MANDATORY, MIN_LENGTH, MAX_LENGTH, MIN_VALUE, MAX_VALUE, CONSTANT_VALUE, UNIQUE_KEY, CREATE_USER, CREATED_ON, LINE_NO, MANAGED, FIELD_PATH, DATA_TYPE, DATA1, DATA2, TRANSITIVE_FIELDS, FORMULA, ENTITY_LOOKUP_TYPE)
VALUES ('fb71f841689a4fc6aff6c1c5f85331f5', 0, '07620effe1244ceb90b3f95ab3f8fce8', 'itemVer', 'ITEM_VER', 'NUMBER(20, 0)', 'N/A', 1, 'integer', '', '', '', '', '', '', '', 0, NULL, 18, NULL, NULL, '', '', 'system', systimestamp, '68', 0, 'entity.rfqItem.itemVer', '', '', '', '', '', '');
INSERT INTO CNT_FIELD_DEFINITION
 (ID, REVISION, PARENT_ID, FIELD_ID, COLUMN_NAME, COLUMN_TYPE, REPORT_COLUMN_NAME, PRODUCT_FIELD, FIELD_TYPE, ENTITY_LOOKUP, ENTITY_LOOKUP_KEY, ORDER_BY, GENERATOR, REFER_TABLE, KEY_COLUMN, LOOKUP_COLUMN, MANDATORY, MIN_LENGTH, MAX_LENGTH, MIN_VALUE, MAX_VALUE, CONSTANT_VALUE, UNIQUE_KEY, CREATE_USER, CREATED_ON, LINE_NO, MANAGED, FIELD_PATH, DATA_TYPE, DATA1, DATA2, TRANSITIVE_FIELDS, FORMULA, ENTITY_LOOKUP_TYPE)
VALUES ('54c6943f831a494286142c87b45e755f', 0, '07620effe1244ceb90b3f95ab3f8fce8', 'specRef', 'SPEC_REF', 'NVARCHAR2(1000)', 'N/A', 1, 'string-l', '', '', '', '', '', '', '', 0, NULL, 1000, NULL, NULL, '', '', 'system', systimestamp, '69', 0, 'entity.rfqItem.specRef', '', '', '', '', '', '');
INSERT INTO CNT_FIELD_DEFINITION
 (ID, REVISION, PARENT_ID, FIELD_ID, COLUMN_NAME, COLUMN_TYPE, REPORT_COLUMN_NAME, PRODUCT_FIELD, FIELD_TYPE, ENTITY_LOOKUP, ENTITY_LOOKUP_KEY, ORDER_BY, GENERATOR, REFER_TABLE, KEY_COLUMN, LOOKUP_COLUMN, MANDATORY, MIN_LENGTH, MAX_LENGTH, MIN_VALUE, MAX_VALUE, CONSTANT_VALUE, UNIQUE_KEY, CREATE_USER, CREATED_ON, LINE_NO, MANAGED, FIELD_PATH, DATA_TYPE, DATA1, DATA2, TRANSITIVE_FIELDS, FORMULA, ENTITY_LOOKUP_TYPE)
VALUES ('11937afa82574c02abb169eb06f4d783', 0, '07620effe1244ceb90b3f95ab3f8fce8', 'specVer', 'SPEC_VER', 'NUMBER(20, 0)', 'N/A', 1, 'integer', '', '', '', '', '', '', '', 0, NULL, 18, NULL, NULL, '', '', 'system', systimestamp, '70', 0, 'entity.rfqItem.specVer', '', '', '', '', '', '');
INSERT INTO CNT_FIELD_DEFINITION
 (ID, REVISION, PARENT_ID, FIELD_ID, COLUMN_NAME, COLUMN_TYPE, REPORT_COLUMN_NAME, PRODUCT_FIELD, FIELD_TYPE, ENTITY_LOOKUP, ENTITY_LOOKUP_KEY, ORDER_BY, GENERATOR, REFER_TABLE, KEY_COLUMN, LOOKUP_COLUMN, MANDATORY, MIN_LENGTH, MAX_LENGTH, MIN_VALUE, MAX_VALUE, CONSTANT_VALUE, UNIQUE_KEY, CREATE_USER, CREATED_ON, LINE_NO, MANAGED, FIELD_PATH, DATA_TYPE, DATA1, DATA2, TRANSITIVE_FIELDS, FORMULA, ENTITY_LOOKUP_TYPE)
VALUES ('6cf6ed722a29420da1f42e0f43e564fb', 0, '07620effe1244ceb90b3f95ab3f8fce8', 'custCodelist1Name', 'CUST_CODELIST1_NAME', 'NVARCHAR2(400)', 'N/A', 0, 'string-m', '', '', '', '', '', '', '', 0, NULL, 400, NULL, NULL, '', '', 'system', systimestamp, '71', 0, 'entity.rfqItem.custCodelist1Name', '', '', '', '', '', '');
INSERT INTO CNT_FIELD_DEFINITION
 (ID, REVISION, PARENT_ID, FIELD_ID, COLUMN_NAME, COLUMN_TYPE, REPORT_COLUMN_NAME, PRODUCT_FIELD, FIELD_TYPE, ENTITY_LOOKUP, ENTITY_LOOKUP_KEY, ORDER_BY, GENERATOR, REFER_TABLE, KEY_COLUMN, LOOKUP_COLUMN, MANDATORY, MIN_LENGTH, MAX_LENGTH, MIN_VALUE, MAX_VALUE, CONSTANT_VALUE, UNIQUE_KEY, CREATE_USER, CREATED_ON, LINE_NO, MANAGED, FIELD_PATH, DATA_TYPE, DATA1, DATA2, TRANSITIVE_FIELDS, FORMULA, ENTITY_LOOKUP_TYPE)
VALUES ('9edd4f3a3fab4784864c171e637b7aa4', 0, '07620effe1244ceb90b3f95ab3f8fce8', 'custCodelist2Name', 'CUST_CODELIST2_NAME', 'NVARCHAR2(400)', 'N/A', 0, 'string-m', '', '', '', '', '', '', '', 0, NULL, 400, NULL, NULL, '', '', 'system', systimestamp, '72', 0, 'entity.rfqItem.custCodelist2Name', '', '', '', '', '', '');
INSERT INTO CNT_FIELD_DEFINITION
 (ID, REVISION, PARENT_ID, FIELD_ID, COLUMN_NAME, COLUMN_TYPE, REPORT_COLUMN_NAME, PRODUCT_FIELD, FIELD_TYPE, ENTITY_LOOKUP, ENTITY_LOOKUP_KEY, ORDER_BY, GENERATOR, REFER_TABLE, KEY_COLUMN, LOOKUP_COLUMN, MANDATORY, MIN_LENGTH, MAX_LENGTH, MIN_VALUE, MAX_VALUE, CONSTANT_VALUE, UNIQUE_KEY, CREATE_USER, CREATED_ON, LINE_NO, MANAGED, FIELD_PATH, DATA_TYPE, DATA1, DATA2, TRANSITIVE_FIELDS, FORMULA, ENTITY_LOOKUP_TYPE)
VALUES ('b8246d1f0d77478692886192409c92ea', 0, '07620effe1244ceb90b3f95ab3f8fce8', 'custCodelist3Name', 'CUST_CODELIST3_NAME', 'NVARCHAR2(400)', 'N/A', 0, 'string-m', '', '', '', '', '', '', '', 0, NULL, 400, NULL, NULL, '', '', 'system', systimestamp, '73', 0, 'entity.rfqItem.custCodelist3Name', '', '', '', '', '', '');
INSERT INTO CNT_FIELD_DEFINITION
 (ID, REVISION, PARENT_ID, FIELD_ID, COLUMN_NAME, COLUMN_TYPE, REPORT_COLUMN_NAME, PRODUCT_FIELD, FIELD_TYPE, ENTITY_LOOKUP, ENTITY_LOOKUP_KEY, ORDER_BY, GENERATOR, REFER_TABLE, KEY_COLUMN, LOOKUP_COLUMN, MANDATORY, MIN_LENGTH, MAX_LENGTH, MIN_VALUE, MAX_VALUE, CONSTANT_VALUE, UNIQUE_KEY, CREATE_USER, CREATED_ON, LINE_NO, MANAGED, FIELD_PATH, DATA_TYPE, DATA1, DATA2, TRANSITIVE_FIELDS, FORMULA, ENTITY_LOOKUP_TYPE)
VALUES ('d6f142be46334d85884051eccdc3659e', 0, '07620effe1244ceb90b3f95ab3f8fce8', 'custCodelist4Name', 'CUST_CODELIST4_NAME', 'NVARCHAR2(400)', 'N/A', 0, 'string-m', '', '', '', '', '', '', '', 0, NULL, 400, NULL, NULL, '', '', 'system', systimestamp, '74', 0, 'entity.rfqItem.custCodelist4Name', '', '', '', '', '', '');
INSERT INTO CNT_FIELD_DEFINITION
 (ID, REVISION, PARENT_ID, FIELD_ID, COLUMN_NAME, COLUMN_TYPE, REPORT_COLUMN_NAME, PRODUCT_FIELD, FIELD_TYPE, ENTITY_LOOKUP, ENTITY_LOOKUP_KEY, ORDER_BY, GENERATOR, REFER_TABLE, KEY_COLUMN, LOOKUP_COLUMN, MANDATORY, MIN_LENGTH, MAX_LENGTH, MIN_VALUE, MAX_VALUE, CONSTANT_VALUE, UNIQUE_KEY, CREATE_USER, CREATED_ON, LINE_NO, MANAGED, FIELD_PATH, DATA_TYPE, DATA1, DATA2, TRANSITIVE_FIELDS, FORMULA, ENTITY_LOOKUP_TYPE)
VALUES ('77638810496744d19fc863d3331aa180', 0, '07620effe1244ceb90b3f95ab3f8fce8', 'custCodelist5Name', 'CUST_CODELIST5_NAME', 'NVARCHAR2(400)', 'N/A', 0, 'string-m', '', '', '', '', '', '', '', 0, NULL, 400, NULL, NULL, '', '', 'system', systimestamp, '75', 0, 'entity.rfqItem.custCodelist5Name', '', '', '', '', '', '');
INSERT INTO CNT_FIELD_DEFINITION
 (ID, REVISION, PARENT_ID, FIELD_ID, COLUMN_NAME, COLUMN_TYPE, REPORT_COLUMN_NAME, PRODUCT_FIELD, FIELD_TYPE, ENTITY_LOOKUP, ENTITY_LOOKUP_KEY, ORDER_BY, GENERATOR, REFER_TABLE, KEY_COLUMN, LOOKUP_COLUMN, MANDATORY, MIN_LENGTH, MAX_LENGTH, MIN_VALUE, MAX_VALUE, CONSTANT_VALUE, UNIQUE_KEY, CREATE_USER, CREATED_ON, LINE_NO, MANAGED, FIELD_PATH, DATA_TYPE, DATA1, DATA2, TRANSITIVE_FIELDS, FORMULA, ENTITY_LOOKUP_TYPE)
VALUES ('21a28f66634e4776a9eca2ad779ea7ce', 0, '07620effe1244ceb90b3f95ab3f8fce8', 'custCodelist6Name', 'CUST_CODELIST6_NAME', 'NVARCHAR2(400)', 'N/A', 0, 'string-m', '', '', '', '', '', '', '', 0, NULL, 400, NULL, NULL, '', '', 'system', systimestamp, '76', 0, 'entity.rfqItem.custCodelist6Name', '', '', '', '', '', '');
INSERT INTO CNT_FIELD_DEFINITION
 (ID, REVISION, PARENT_ID, FIELD_ID, COLUMN_NAME, COLUMN_TYPE, REPORT_COLUMN_NAME, PRODUCT_FIELD, FIELD_TYPE, ENTITY_LOOKUP, ENTITY_LOOKUP_KEY, ORDER_BY, GENERATOR, REFER_TABLE, KEY_COLUMN, LOOKUP_COLUMN, MANDATORY, MIN_LENGTH, MAX_LENGTH, MIN_VALUE, MAX_VALUE, CONSTANT_VALUE, UNIQUE_KEY, CREATE_USER, CREATED_ON, LINE_NO, MANAGED, FIELD_PATH, DATA_TYPE, DATA1, DATA2, TRANSITIVE_FIELDS, FORMULA, ENTITY_LOOKUP_TYPE)
VALUES ('a2622e3c1f154dc483371563fb4057ea', 0, '07620effe1244ceb90b3f95ab3f8fce8', 'custCodelist7Name', 'CUST_CODELIST7_NAME', 'NVARCHAR2(400)', 'N/A', 0, 'string-m', '', '', '', '', '', '', '', 0, NULL, 400, NULL, NULL, '', '', 'system', systimestamp, '77', 0, 'entity.rfqItem.custCodelist7Name', '', '', '', '', '', '');
INSERT INTO CNT_FIELD_DEFINITION
 (ID, REVISION, PARENT_ID, FIELD_ID, COLUMN_NAME, COLUMN_TYPE, REPORT_COLUMN_NAME, PRODUCT_FIELD, FIELD_TYPE, ENTITY_LOOKUP, ENTITY_LOOKUP_KEY, ORDER_BY, GENERATOR, REFER_TABLE, KEY_COLUMN, LOOKUP_COLUMN, MANDATORY, MIN_LENGTH, MAX_LENGTH, MIN_VALUE, MAX_VALUE, CONSTANT_VALUE, UNIQUE_KEY, CREATE_USER, CREATED_ON, LINE_NO, MANAGED, FIELD_PATH, DATA_TYPE, DATA1, DATA2, TRANSITIVE_FIELDS, FORMULA, ENTITY_LOOKUP_TYPE)
VALUES ('563e14986830457491f1ffd2c793c04a', 0, '07620effe1244ceb90b3f95ab3f8fce8', 'custHcl1Ref', 'CUST_HCL1_REF', 'NVARCHAR2(1000)', 'N/A', 0, 'string-l', '', '', '', '', '', '', '', 0, NULL, 1000, NULL, NULL, '', '', 'system', systimestamp, '78', 0, 'entity.rfqItem.custHcl1Ref', '', '', '', '', '', '');
INSERT INTO CNT_FIELD_DEFINITION
 (ID, REVISION, PARENT_ID, FIELD_ID, COLUMN_NAME, COLUMN_TYPE, REPORT_COLUMN_NAME, PRODUCT_FIELD, FIELD_TYPE, ENTITY_LOOKUP, ENTITY_LOOKUP_KEY, ORDER_BY, GENERATOR, REFER_TABLE, KEY_COLUMN, LOOKUP_COLUMN, MANDATORY, MIN_LENGTH, MAX_LENGTH, MIN_VALUE, MAX_VALUE, CONSTANT_VALUE, UNIQUE_KEY, CREATE_USER, CREATED_ON, LINE_NO, MANAGED, FIELD_PATH, DATA_TYPE, DATA1, DATA2, TRANSITIVE_FIELDS, FORMULA, ENTITY_LOOKUP_TYPE)
VALUES ('82d18a9cad57496287d9de5d9393dfd5', 0, '07620effe1244ceb90b3f95ab3f8fce8', 'custHcl1Ver', 'CUST_HCL1_VER', 'NUMBER(20, 0)', 'N/A', 0, 'integer', '', '', '', '', '', '', '', 0, NULL, 18, NULL, NULL, '', '', 'system', systimestamp, '79', 0, 'entity.rfqItem.custHcl1Ver', '', '', '', '', '', '');
INSERT INTO CNT_FIELD_DEFINITION
 (ID, REVISION, PARENT_ID, FIELD_ID, COLUMN_NAME, COLUMN_TYPE, REPORT_COLUMN_NAME, PRODUCT_FIELD, FIELD_TYPE, ENTITY_LOOKUP, ENTITY_LOOKUP_KEY, ORDER_BY, GENERATOR, REFER_TABLE, KEY_COLUMN, LOOKUP_COLUMN, MANDATORY, MIN_LENGTH, MAX_LENGTH, MIN_VALUE, MAX_VALUE, CONSTANT_VALUE, UNIQUE_KEY, CREATE_USER, CREATED_ON, LINE_NO, MANAGED, FIELD_PATH, DATA_TYPE, DATA1, DATA2, TRANSITIVE_FIELDS, FORMULA, ENTITY_LOOKUP_TYPE)
VALUES ('4588cd8e44c047be8d173a0199a6123d', 0, '07620effe1244ceb90b3f95ab3f8fce8', 'custHcl1Ref2', 'CUST_HCL1_REF2', 'NVARCHAR2(1000)', 'N/A', 0, 'string-l', '', '', '', '', '', '', '', 0, NULL, 1000, NULL, NULL, '', '', 'system', systimestamp, '80', 0, 'entity.rfqItem.custHcl1Ref2', '', '', '', '', '', '');
INSERT INTO CNT_FIELD_DEFINITION
 (ID, REVISION, PARENT_ID, FIELD_ID, COLUMN_NAME, COLUMN_TYPE, REPORT_COLUMN_NAME, PRODUCT_FIELD, FIELD_TYPE, ENTITY_LOOKUP, ENTITY_LOOKUP_KEY, ORDER_BY, GENERATOR, REFER_TABLE, KEY_COLUMN, LOOKUP_COLUMN, MANDATORY, MIN_LENGTH, MAX_LENGTH, MIN_VALUE, MAX_VALUE, CONSTANT_VALUE, UNIQUE_KEY, CREATE_USER, CREATED_ON, LINE_NO, MANAGED, FIELD_PATH, DATA_TYPE, DATA1, DATA2, TRANSITIVE_FIELDS, FORMULA, ENTITY_LOOKUP_TYPE)
VALUES ('0f40277e47e1440d938d775e4873c30e', 0, '07620effe1244ceb90b3f95ab3f8fce8', 'custHcl1FullLineage', 'CUST_HCL1_FULL_LINEAGE', 'NVARCHAR2(1000)', 'N/A', 0, 'string-l', '', '', '', '', '', '', '', 0, NULL, 1000, NULL, NULL, '', '', 'system', systimestamp, '81', 0, 'entity.rfqItem.custHcl1FullLineage', '', '', '', '', '', '');
INSERT INTO CNT_FIELD_DEFINITION
 (ID, REVISION, PARENT_ID, FIELD_ID, COLUMN_NAME, COLUMN_TYPE, REPORT_COLUMN_NAME, PRODUCT_FIELD, FIELD_TYPE, ENTITY_LOOKUP, ENTITY_LOOKUP_KEY, ORDER_BY, GENERATOR, REFER_TABLE, KEY_COLUMN, LOOKUP_COLUMN, MANDATORY, MIN_LENGTH, MAX_LENGTH, MIN_VALUE, MAX_VALUE, CONSTANT_VALUE, UNIQUE_KEY, CREATE_USER, CREATED_ON, LINE_NO, MANAGED, FIELD_PATH, DATA_TYPE, DATA1, DATA2, TRANSITIVE_FIELDS, FORMULA, ENTITY_LOOKUP_TYPE)
VALUES ('0cc07354366a4629b7f76d7267d3779d', 0, '07620effe1244ceb90b3f95ab3f8fce8', 'custHcl2Ref', 'CUST_HCL2_REF', 'NVARCHAR2(1000)', 'N/A', 0, 'string-l', '', '', '', '', '', '', '', 0, NULL, 1000, NULL, NULL, '', '', 'system', systimestamp, '82', 0, 'entity.rfqItem.custHcl2Ref', '', '', '', '', '', '');
INSERT INTO CNT_FIELD_DEFINITION
 (ID, REVISION, PARENT_ID, FIELD_ID, COLUMN_NAME, COLUMN_TYPE, REPORT_COLUMN_NAME, PRODUCT_FIELD, FIELD_TYPE, ENTITY_LOOKUP, ENTITY_LOOKUP_KEY, ORDER_BY, GENERATOR, REFER_TABLE, KEY_COLUMN, LOOKUP_COLUMN, MANDATORY, MIN_LENGTH, MAX_LENGTH, MIN_VALUE, MAX_VALUE, CONSTANT_VALUE, UNIQUE_KEY, CREATE_USER, CREATED_ON, LINE_NO, MANAGED, FIELD_PATH, DATA_TYPE, DATA1, DATA2, TRANSITIVE_FIELDS, FORMULA, ENTITY_LOOKUP_TYPE)
VALUES ('fc1a89ebd0f142519b0c4361178a9054', 0, '07620effe1244ceb90b3f95ab3f8fce8', 'custHcl2Ver', 'CUST_HCL2_VER', 'NUMBER(20, 0)', 'N/A', 0, 'integer', '', '', '', '', '', '', '', 0, NULL, 18, NULL, NULL, '', '', 'system', systimestamp, '83', 0, 'entity.rfqItem.custHcl2Ver', '', '', '', '', '', '');
INSERT INTO CNT_FIELD_DEFINITION
 (ID, REVISION, PARENT_ID, FIELD_ID, COLUMN_NAME, COLUMN_TYPE, REPORT_COLUMN_NAME, PRODUCT_FIELD, FIELD_TYPE, ENTITY_LOOKUP, ENTITY_LOOKUP_KEY, ORDER_BY, GENERATOR, REFER_TABLE, KEY_COLUMN, LOOKUP_COLUMN, MANDATORY, MIN_LENGTH, MAX_LENGTH, MIN_VALUE, MAX_VALUE, CONSTANT_VALUE, UNIQUE_KEY, CREATE_USER, CREATED_ON, LINE_NO, MANAGED, FIELD_PATH, DATA_TYPE, DATA1, DATA2, TRANSITIVE_FIELDS, FORMULA, ENTITY_LOOKUP_TYPE)
VALUES ('d0629cb4f0554f2e8d687737bf9e7481', 0, '07620effe1244ceb90b3f95ab3f8fce8', 'custHcl2Ref2', 'CUST_HCL2_REF2', 'NVARCHAR2(1000)', 'N/A', 0, 'string-l', '', '', '', '', '', '', '', 0, NULL, 1000, NULL, NULL, '', '', 'system', systimestamp, '84', 0, 'entity.rfqItem.custHcl2Ref2', '', '', '', '', '', '');
INSERT INTO CNT_FIELD_DEFINITION
 (ID, REVISION, PARENT_ID, FIELD_ID, COLUMN_NAME, COLUMN_TYPE, REPORT_COLUMN_NAME, PRODUCT_FIELD, FIELD_TYPE, ENTITY_LOOKUP, ENTITY_LOOKUP_KEY, ORDER_BY, GENERATOR, REFER_TABLE, KEY_COLUMN, LOOKUP_COLUMN, MANDATORY, MIN_LENGTH, MAX_LENGTH, MIN_VALUE, MAX_VALUE, CONSTANT_VALUE, UNIQUE_KEY, CREATE_USER, CREATED_ON, LINE_NO, MANAGED, FIELD_PATH, DATA_TYPE, DATA1, DATA2, TRANSITIVE_FIELDS, FORMULA, ENTITY_LOOKUP_TYPE)
VALUES ('4dcb4482aba64f3a8987fe7b3f1ec2d3', 0, '07620effe1244ceb90b3f95ab3f8fce8', 'custHcl2FullLineage', 'CUST_HCL2_FULL_LINEAGE', 'NVARCHAR2(1000)', 'N/A', 0, 'string-l', '', '', '', '', '', '', '', 0, NULL, 1000, NULL, NULL, '', '', 'system', systimestamp, '85', 0, 'entity.rfqItem.custHcl2FullLineage', '', '', '', '', '', '');
INSERT INTO CNT_FIELD_DEFINITION
 (ID, REVISION, PARENT_ID, FIELD_ID, COLUMN_NAME, COLUMN_TYPE, REPORT_COLUMN_NAME, PRODUCT_FIELD, FIELD_TYPE, ENTITY_LOOKUP, ENTITY_LOOKUP_KEY, ORDER_BY, GENERATOR, REFER_TABLE, KEY_COLUMN, LOOKUP_COLUMN, MANDATORY, MIN_LENGTH, MAX_LENGTH, MIN_VALUE, MAX_VALUE, CONSTANT_VALUE, UNIQUE_KEY, CREATE_USER, CREATED_ON, LINE_NO, MANAGED, FIELD_PATH, DATA_TYPE, DATA1, DATA2, TRANSITIVE_FIELDS, FORMULA, ENTITY_LOOKUP_TYPE)
VALUES ('61922c3a6c044c73919833781c83265b', 0, '07620effe1244ceb90b3f95ab3f8fce8', 'custHcl3Ref', 'CUST_HCL3_REF', 'NVARCHAR2(1000)', 'N/A', 0, 'string-l', '', '', '', '', '', '', '', 0, NULL, 1000, NULL, NULL, '', '', 'system', systimestamp, '86', 0, 'entity.rfqItem.custHcl3Ref', '', '', '', '', '', '');
INSERT INTO CNT_FIELD_DEFINITION
 (ID, REVISION, PARENT_ID, FIELD_ID, COLUMN_NAME, COLUMN_TYPE, REPORT_COLUMN_NAME, PRODUCT_FIELD, FIELD_TYPE, ENTITY_LOOKUP, ENTITY_LOOKUP_KEY, ORDER_BY, GENERATOR, REFER_TABLE, KEY_COLUMN, LOOKUP_COLUMN, MANDATORY, MIN_LENGTH, MAX_LENGTH, MIN_VALUE, MAX_VALUE, CONSTANT_VALUE, UNIQUE_KEY, CREATE_USER, CREATED_ON, LINE_NO, MANAGED, FIELD_PATH, DATA_TYPE, DATA1, DATA2, TRANSITIVE_FIELDS, FORMULA, ENTITY_LOOKUP_TYPE)
VALUES ('54a5c9359b5342db9055f32590c47b8a', 0, '07620effe1244ceb90b3f95ab3f8fce8', 'custHcl3Ver', 'CUST_HCL3_VER', 'NUMBER(20, 0)', 'N/A', 0, 'integer', '', '', '', '', '', '', '', 0, NULL, 18, NULL, NULL, '', '', 'system', systimestamp, '87', 0, 'entity.rfqItem.custHcl3Ver', '', '', '', '', '', '');
INSERT INTO CNT_FIELD_DEFINITION
 (ID, REVISION, PARENT_ID, FIELD_ID, COLUMN_NAME, COLUMN_TYPE, REPORT_COLUMN_NAME, PRODUCT_FIELD, FIELD_TYPE, ENTITY_LOOKUP, ENTITY_LOOKUP_KEY, ORDER_BY, GENERATOR, REFER_TABLE, KEY_COLUMN, LOOKUP_COLUMN, MANDATORY, MIN_LENGTH, MAX_LENGTH, MIN_VALUE, MAX_VALUE, CONSTANT_VALUE, UNIQUE_KEY, CREATE_USER, CREATED_ON, LINE_NO, MANAGED, FIELD_PATH, DATA_TYPE, DATA1, DATA2, TRANSITIVE_FIELDS, FORMULA, ENTITY_LOOKUP_TYPE)
VALUES ('b695ff27e7c84bef8b8d151cf4dd4e54', 0, '07620effe1244ceb90b3f95ab3f8fce8', 'custHcl3Ref2', 'CUST_HCL3_REF2', 'NVARCHAR2(1000)', 'N/A', 0, 'string-l', '', '', '', '', '', '', '', 0, NULL, 1000, NULL, NULL, '', '', 'system', systimestamp, '88', 0, 'entity.rfqItem.custHcl3Ref2', '', '', '', '', '', '');
INSERT INTO CNT_FIELD_DEFINITION
 (ID, REVISION, PARENT_ID, FIELD_ID, COLUMN_NAME, COLUMN_TYPE, REPORT_COLUMN_NAME, PRODUCT_FIELD, FIELD_TYPE, ENTITY_LOOKUP, ENTITY_LOOKUP_KEY, ORDER_BY, GENERATOR, REFER_TABLE, KEY_COLUMN, LOOKUP_COLUMN, MANDATORY, MIN_LENGTH, MAX_LENGTH, MIN_VALUE, MAX_VALUE, CONSTANT_VALUE, UNIQUE_KEY, CREATE_USER, CREATED_ON, LINE_NO, MANAGED, FIELD_PATH, DATA_TYPE, DATA1, DATA2, TRANSITIVE_FIELDS, FORMULA, ENTITY_LOOKUP_TYPE)
VALUES ('02b1aaa2cad84b0eb04e03b32b3a0eb7', 0, '07620effe1244ceb90b3f95ab3f8fce8', 'custHcl3FullLineage', 'CUST_HCL3_FULL_LINEAGE', 'NVARCHAR2(1000)', 'N/A', 0, 'string-l', '', '', '', '', '', '', '', 0, NULL, 1000, NULL, NULL, '', '', 'system', systimestamp, '89', 0, 'entity.rfqItem.custHcl3FullLineage', '', '', '', '', '', '');
INSERT INTO CNT_FIELD_DEFINITION
 (ID, REVISION, PARENT_ID, FIELD_ID, COLUMN_NAME, COLUMN_TYPE, REPORT_COLUMN_NAME, PRODUCT_FIELD, FIELD_TYPE, ENTITY_LOOKUP, ENTITY_LOOKUP_KEY, ORDER_BY, GENERATOR, REFER_TABLE, KEY_COLUMN, LOOKUP_COLUMN, MANDATORY, MIN_LENGTH, MAX_LENGTH, MIN_VALUE, MAX_VALUE, CONSTANT_VALUE, UNIQUE_KEY, CREATE_USER, CREATED_ON, LINE_NO, MANAGED, FIELD_PATH, DATA_TYPE, DATA1, DATA2, TRANSITIVE_FIELDS, FORMULA, ENTITY_LOOKUP_TYPE)
VALUES ('3d952fef38f14f3fb1a7538426f4e777', 0, '07620effe1244ceb90b3f95ab3f8fce8', 'custHcl4Ref', 'CUST_HCL4_REF', 'NVARCHAR2(1000)', 'N/A', 0, 'string-l', '', '', '', '', '', '', '', 0, NULL, 1000, NULL, NULL, '', '', 'system', systimestamp, '90', 0, 'entity.rfqItem.custHcl4Ref', '', '', '', '', '', '');
INSERT INTO CNT_FIELD_DEFINITION
 (ID, REVISION, PARENT_ID, FIELD_ID, COLUMN_NAME, COLUMN_TYPE, REPORT_COLUMN_NAME, PRODUCT_FIELD, FIELD_TYPE, ENTITY_LOOKUP, ENTITY_LOOKUP_KEY, ORDER_BY, GENERATOR, REFER_TABLE, KEY_COLUMN, LOOKUP_COLUMN, MANDATORY, MIN_LENGTH, MAX_LENGTH, MIN_VALUE, MAX_VALUE, CONSTANT_VALUE, UNIQUE_KEY, CREATE_USER, CREATED_ON, LINE_NO, MANAGED, FIELD_PATH, DATA_TYPE, DATA1, DATA2, TRANSITIVE_FIELDS, FORMULA, ENTITY_LOOKUP_TYPE)
VALUES ('fce63b3002564e65873121d20a105cca', 0, '07620effe1244ceb90b3f95ab3f8fce8', 'custHcl4Ver', 'CUST_HCL4_VER', 'NUMBER(20, 0)', 'N/A', 0, 'integer', '', '', '', '', '', '', '', 0, NULL, 18, NULL, NULL, '', '', 'system', systimestamp, '91', 0, 'entity.rfqItem.custHcl4Ver', '', '', '', '', '', '');
INSERT INTO CNT_FIELD_DEFINITION
 (ID, REVISION, PARENT_ID, FIELD_ID, COLUMN_NAME, COLUMN_TYPE, REPORT_COLUMN_NAME, PRODUCT_FIELD, FIELD_TYPE, ENTITY_LOOKUP, ENTITY_LOOKUP_KEY, ORDER_BY, GENERATOR, REFER_TABLE, KEY_COLUMN, LOOKUP_COLUMN, MANDATORY, MIN_LENGTH, MAX_LENGTH, MIN_VALUE, MAX_VALUE, CONSTANT_VALUE, UNIQUE_KEY, CREATE_USER, CREATED_ON, LINE_NO, MANAGED, FIELD_PATH, DATA_TYPE, DATA1, DATA2, TRANSITIVE_FIELDS, FORMULA, ENTITY_LOOKUP_TYPE)
VALUES ('89dca9ede7ba472dafb7929f604d3fa5', 0, '07620effe1244ceb90b3f95ab3f8fce8', 'custHcl4Ref2', 'CUST_HCL4_REF2', 'NVARCHAR2(1000)', 'N/A', 0, 'string-l', '', '', '', '', '', '', '', 0, NULL, 1000, NULL, NULL, '', '', 'system', systimestamp, '92', 0, 'entity.rfqItem.custHcl4Ref2', '', '', '', '', '', '');
INSERT INTO CNT_FIELD_DEFINITION
 (ID, REVISION, PARENT_ID, FIELD_ID, COLUMN_NAME, COLUMN_TYPE, REPORT_COLUMN_NAME, PRODUCT_FIELD, FIELD_TYPE, ENTITY_LOOKUP, ENTITY_LOOKUP_KEY, ORDER_BY, GENERATOR, REFER_TABLE, KEY_COLUMN, LOOKUP_COLUMN, MANDATORY, MIN_LENGTH, MAX_LENGTH, MIN_VALUE, MAX_VALUE, CONSTANT_VALUE, UNIQUE_KEY, CREATE_USER, CREATED_ON, LINE_NO, MANAGED, FIELD_PATH, DATA_TYPE, DATA1, DATA2, TRANSITIVE_FIELDS, FORMULA, ENTITY_LOOKUP_TYPE)
VALUES ('37d2dfedf2f54337b275f57acf9618a2', 0, '07620effe1244ceb90b3f95ab3f8fce8', 'custHcl4FullLineage', 'CUST_HCL4_FULL_LINEAGE', 'NVARCHAR2(1000)', 'N/A', 0, 'string-l', '', '', '', '', '', '', '', 0, NULL, 1000, NULL, NULL, '', '', 'system', systimestamp, '93', 0, 'entity.rfqItem.custHcl4FullLineage', '', '', '', '', '', '');
INSERT INTO CNT_FIELD_DEFINITION
 (ID, REVISION, PARENT_ID, FIELD_ID, COLUMN_NAME, COLUMN_TYPE, REPORT_COLUMN_NAME, PRODUCT_FIELD, FIELD_TYPE, ENTITY_LOOKUP, ENTITY_LOOKUP_KEY, ORDER_BY, GENERATOR, REFER_TABLE, KEY_COLUMN, LOOKUP_COLUMN, MANDATORY, MIN_LENGTH, MAX_LENGTH, MIN_VALUE, MAX_VALUE, CONSTANT_VALUE, UNIQUE_KEY, CREATE_USER, CREATED_ON, LINE_NO, MANAGED, FIELD_PATH, DATA_TYPE, DATA1, DATA2, TRANSITIVE_FIELDS, FORMULA, ENTITY_LOOKUP_TYPE)
VALUES ('2427adaf32584f97bd0682a8083a6ad7', 0, '07620effe1244ceb90b3f95ab3f8fce8', 'custHcl5Ref', 'CUST_HCL5_REF', 'NVARCHAR2(1000)', 'N/A', 0, 'string-l', '', '', '', '', '', '', '', 0, NULL, 1000, NULL, NULL, '', '', 'system', systimestamp, '94', 0, 'entity.rfqItem.custHcl5Ref', '', '', '', '', '', '');
INSERT INTO CNT_FIELD_DEFINITION
 (ID, REVISION, PARENT_ID, FIELD_ID, COLUMN_NAME, COLUMN_TYPE, REPORT_COLUMN_NAME, PRODUCT_FIELD, FIELD_TYPE, ENTITY_LOOKUP, ENTITY_LOOKUP_KEY, ORDER_BY, GENERATOR, REFER_TABLE, KEY_COLUMN, LOOKUP_COLUMN, MANDATORY, MIN_LENGTH, MAX_LENGTH, MIN_VALUE, MAX_VALUE, CONSTANT_VALUE, UNIQUE_KEY, CREATE_USER, CREATED_ON, LINE_NO, MANAGED, FIELD_PATH, DATA_TYPE, DATA1, DATA2, TRANSITIVE_FIELDS, FORMULA, ENTITY_LOOKUP_TYPE)
VALUES ('73b7a393e34d467daf0143e18f9b58dd', 0, '07620effe1244ceb90b3f95ab3f8fce8', 'custHcl5Ver', 'CUST_HCL5_VER', 'NUMBER(20, 0)', 'N/A', 0, 'integer', '', '', '', '', '', '', '', 0, NULL, 18, NULL, NULL, '', '', 'system', systimestamp, '95', 0, 'entity.rfqItem.custHcl5Ver', '', '', '', '', '', '');
INSERT INTO CNT_FIELD_DEFINITION
 (ID, REVISION, PARENT_ID, FIELD_ID, COLUMN_NAME, COLUMN_TYPE, REPORT_COLUMN_NAME, PRODUCT_FIELD, FIELD_TYPE, ENTITY_LOOKUP, ENTITY_LOOKUP_KEY, ORDER_BY, GENERATOR, REFER_TABLE, KEY_COLUMN, LOOKUP_COLUMN, MANDATORY, MIN_LENGTH, MAX_LENGTH, MIN_VALUE, MAX_VALUE, CONSTANT_VALUE, UNIQUE_KEY, CREATE_USER, CREATED_ON, LINE_NO, MANAGED, FIELD_PATH, DATA_TYPE, DATA1, DATA2, TRANSITIVE_FIELDS, FORMULA, ENTITY_LOOKUP_TYPE)
VALUES ('594f1a759f1e4f72a03135e4f1fae240', 0, '07620effe1244ceb90b3f95ab3f8fce8', 'custHcl5Ref2', 'CUST_HCL5_REF2', 'NVARCHAR2(1000)', 'N/A', 0, 'string-l', '', '', '', '', '', '', '', 0, NULL, 1000, NULL, NULL, '', '', 'system', systimestamp, '96', 0, 'entity.rfqItem.custHcl5Ref2', '', '', '', '', '', '');
INSERT INTO CNT_FIELD_DEFINITION
 (ID, REVISION, PARENT_ID, FIELD_ID, COLUMN_NAME, COLUMN_TYPE, REPORT_COLUMN_NAME, PRODUCT_FIELD, FIELD_TYPE, ENTITY_LOOKUP, ENTITY_LOOKUP_KEY, ORDER_BY, GENERATOR, REFER_TABLE, KEY_COLUMN, LOOKUP_COLUMN, MANDATORY, MIN_LENGTH, MAX_LENGTH, MIN_VALUE, MAX_VALUE, CONSTANT_VALUE, UNIQUE_KEY, CREATE_USER, CREATED_ON, LINE_NO, MANAGED, FIELD_PATH, DATA_TYPE, DATA1, DATA2, TRANSITIVE_FIELDS, FORMULA, ENTITY_LOOKUP_TYPE)
VALUES ('faf2b92d0cec447298cd264544acc0cb', 0, '07620effe1244ceb90b3f95ab3f8fce8', 'custHcl5FullLineage', 'CUST_HCL5_FULL_LINEAGE', 'NVARCHAR2(1000)', 'N/A', 0, 'string-l', '', '', '', '', '', '', '', 0, NULL, 1000, NULL, NULL, '', '', 'system', systimestamp, '97', 0, 'entity.rfqItem.custHcl5FullLineage', '', '', '', '', '', '');
INSERT INTO CNT_ENTITY_DEFINITION
 (ID, REVISION, ENTITY_NAME, ENTITY_VERSION, PRODUCT_TABLE_NAME, CUSTOM_TABLE_NAME, REPORT_TABLE_NAME, MODULE, TYPE, REVISION_TRACKING, VERSION_TRACKING, HISTORY_ENTITY_NAME, REF_PATTERN, SYSTEM_ENTITY, CREATE_USER, CREATED_ON, IS_FOR_EXTERNAL)
VALUES ('38624e6c13f946efb01639d661768178', 0, 'RfqVendor', 1, 'CNT_RFQ_VENDOR', 'CTM_RFQ', 'REQUEST_FOR_QUOTATION_VENDOR', 'rfq', 'inner', '', 'ALL', '', '${vendorId.businessName}', 0, 'system', systimestamp, 0);
INSERT INTO CNT_FIELD_DEFINITION
 (ID, REVISION, PARENT_ID, FIELD_ID, COLUMN_NAME, COLUMN_TYPE, REPORT_COLUMN_NAME, PRODUCT_FIELD, FIELD_TYPE, ENTITY_LOOKUP, ENTITY_LOOKUP_KEY, ORDER_BY, GENERATOR, REFER_TABLE, KEY_COLUMN, LOOKUP_COLUMN, MANDATORY, MIN_LENGTH, MAX_LENGTH, MIN_VALUE, MAX_VALUE, CONSTANT_VALUE, UNIQUE_KEY, CREATE_USER, CREATED_ON, LINE_NO, MANAGED, FIELD_PATH, DATA_TYPE, DATA1, DATA2, TRANSITIVE_FIELDS, FORMULA, ENTITY_LOOKUP_TYPE)
VALUES ('c2a1269a90c34ad5989cec06eab3842d', 0, '38624e6c13f946efb01639d661768178', 'id', 'ID', 'CHAR(32)', '', 1, 'id', '', '', '', 'com.core.cbx.data.generator.UUIDGenerator', '', '', '', 0, 32, 32, NULL, NULL, '', '', 'system', systimestamp, '0', 0, 'entity.rfqVendor.id', '', '', '', '', '', '');
INSERT INTO CNT_FIELD_DEFINITION
 (ID, REVISION, PARENT_ID, FIELD_ID, COLUMN_NAME, COLUMN_TYPE, REPORT_COLUMN_NAME, PRODUCT_FIELD, FIELD_TYPE, ENTITY_LOOKUP, ENTITY_LOOKUP_KEY, ORDER_BY, GENERATOR, REFER_TABLE, KEY_COLUMN, LOOKUP_COLUMN, MANDATORY, MIN_LENGTH, MAX_LENGTH, MIN_VALUE, MAX_VALUE, CONSTANT_VALUE, UNIQUE_KEY, CREATE_USER, CREATED_ON, LINE_NO, MANAGED, FIELD_PATH, DATA_TYPE, DATA1, DATA2, TRANSITIVE_FIELDS, FORMULA, ENTITY_LOOKUP_TYPE)
VALUES ('37a74c7056524647b44f20c69419f488', 0, '38624e6c13f946efb01639d661768178', 'revision', 'REVISION', 'NUMBER(20, 0)', '', 1, 'integer', '', '', '', '', '', '', '', 0, NULL, 18, NULL, NULL, '', '', 'system', systimestamp, '1', 0, 'entity.rfqVendor.revision', '', '', '', '', '', '');
INSERT INTO CNT_FIELD_DEFINITION
 (ID, REVISION, PARENT_ID, FIELD_ID, COLUMN_NAME, COLUMN_TYPE, REPORT_COLUMN_NAME, PRODUCT_FIELD, FIELD_TYPE, ENTITY_LOOKUP, ENTITY_LOOKUP_KEY, ORDER_BY, GENERATOR, REFER_TABLE, KEY_COLUMN, LOOKUP_COLUMN, MANDATORY, MIN_LENGTH, MAX_LENGTH, MIN_VALUE, MAX_VALUE, CONSTANT_VALUE, UNIQUE_KEY, CREATE_USER, CREATED_ON, LINE_NO, MANAGED, FIELD_PATH, DATA_TYPE, DATA1, DATA2, TRANSITIVE_FIELDS, FORMULA, ENTITY_LOOKUP_TYPE)
VALUES ('863cea685f0444ce9c93480cefa627cd', 0, '38624e6c13f946efb01639d661768178', 'entityVersion', 'ENTITY_VERSION', 'NUMBER(20, 0)', '', 1, 'integer', '', '', '', '', '', '', '', 0, NULL, 18, NULL, NULL, '', '', 'system', systimestamp, '2', 0, 'entity.rfqVendor.entityVersion', '', '', '', '', '', '');
INSERT INTO CNT_FIELD_DEFINITION
 (ID, REVISION, PARENT_ID, FIELD_ID, COLUMN_NAME, COLUMN_TYPE, REPORT_COLUMN_NAME, PRODUCT_FIELD, FIELD_TYPE, ENTITY_LOOKUP, ENTITY_LOOKUP_KEY, ORDER_BY, GENERATOR, REFER_TABLE, KEY_COLUMN, LOOKUP_COLUMN, MANDATORY, MIN_LENGTH, MAX_LENGTH, MIN_VALUE, MAX_VALUE, CONSTANT_VALUE, UNIQUE_KEY, CREATE_USER, CREATED_ON, LINE_NO, MANAGED, FIELD_PATH, DATA_TYPE, DATA1, DATA2, TRANSITIVE_FIELDS, FORMULA, ENTITY_LOOKUP_TYPE)
VALUES ('54d2d500326a43da8228ca904146b11f', 0, '38624e6c13f946efb01639d661768178', 'domainId', 'DOMAIN_ID', 'NVARCHAR2(400)', '', 1, 'string-m', '', '', '', '', '', '', '', 0, NULL, 400, NULL, NULL, '', '', 'system', systimestamp, '3', 0, 'entity.rfqVendor.domainId', '', '', '', '', '', '');
INSERT INTO CNT_FIELD_DEFINITION
 (ID, REVISION, PARENT_ID, FIELD_ID, COLUMN_NAME, COLUMN_TYPE, REPORT_COLUMN_NAME, PRODUCT_FIELD, FIELD_TYPE, ENTITY_LOOKUP, ENTITY_LOOKUP_KEY, ORDER_BY, GENERATOR, REFER_TABLE, KEY_COLUMN, LOOKUP_COLUMN, MANDATORY, MIN_LENGTH, MAX_LENGTH, MIN_VALUE, MAX_VALUE, CONSTANT_VALUE, UNIQUE_KEY, CREATE_USER, CREATED_ON, LINE_NO, MANAGED, FIELD_PATH, DATA_TYPE, DATA1, DATA2, TRANSITIVE_FIELDS, FORMULA, ENTITY_LOOKUP_TYPE)
VALUES ('3b201c790e5e4016b781fe0c17b93599', 0, '38624e6c13f946efb01639d661768178', 'hubDomainId', 'HUB_DOMAIN_ID', 'NVARCHAR2(400)', '', 1, 'string-m', '', '', '', '', '', '', '', 0, NULL, 400, NULL, NULL, '', '', 'system', systimestamp, '4', 0, 'entity.rfqVendor.hubDomainId', '', '', '', '', '', '');
INSERT INTO CNT_FIELD_DEFINITION
 (ID, REVISION, PARENT_ID, FIELD_ID, COLUMN_NAME, COLUMN_TYPE, REPORT_COLUMN_NAME, PRODUCT_FIELD, FIELD_TYPE, ENTITY_LOOKUP, ENTITY_LOOKUP_KEY, ORDER_BY, GENERATOR, REFER_TABLE, KEY_COLUMN, LOOKUP_COLUMN, MANDATORY, MIN_LENGTH, MAX_LENGTH, MIN_VALUE, MAX_VALUE, CONSTANT_VALUE, UNIQUE_KEY, CREATE_USER, CREATED_ON, LINE_NO, MANAGED, FIELD_PATH, DATA_TYPE, DATA1, DATA2, TRANSITIVE_FIELDS, FORMULA, ENTITY_LOOKUP_TYPE)
VALUES ('e8c437ef675844e7931fbc0c42e66f10', 0, '38624e6c13f946efb01639d661768178', 'isForReference', 'IS_FOR_REFERENCE', 'NUMBER(1,0)', '', 1, 'boolean', '', '', '', '', '', '', '', 0, NULL, NULL, NULL, NULL, '', '', 'system', systimestamp, '5', 0, 'entity.rfqVendor.isForReference', '', '', '', '', '', '');
INSERT INTO CNT_FIELD_DEFINITION
 (ID, REVISION, PARENT_ID, FIELD_ID, COLUMN_NAME, COLUMN_TYPE, REPORT_COLUMN_NAME, PRODUCT_FIELD, FIELD_TYPE, ENTITY_LOOKUP, ENTITY_LOOKUP_KEY, ORDER_BY, GENERATOR, REFER_TABLE, KEY_COLUMN, LOOKUP_COLUMN, MANDATORY, MIN_LENGTH, MAX_LENGTH, MIN_VALUE, MAX_VALUE, CONSTANT_VALUE, UNIQUE_KEY, CREATE_USER, CREATED_ON, LINE_NO, MANAGED, FIELD_PATH, DATA_TYPE, DATA1, DATA2, TRANSITIVE_FIELDS, FORMULA, ENTITY_LOOKUP_TYPE)
VALUES ('8a6463f9d67548cf8e787a6d123cd3ab', 0, '38624e6c13f946efb01639d661768178', 'internalSeqNo', 'INTERNAL_SEQ_NO', 'NUMBER(20, 0)', 'n/a', 1, 'integer', '', '', '', '', '', '', '', 0, NULL, 18, NULL, NULL, '', '', 'system', systimestamp, '6', 0, 'entity.rfqVendor.internalSeqNo', '', '', '', '', '', '');
INSERT INTO CNT_FIELD_DEFINITION
 (ID, REVISION, PARENT_ID, FIELD_ID, COLUMN_NAME, COLUMN_TYPE, REPORT_COLUMN_NAME, PRODUCT_FIELD, FIELD_TYPE, ENTITY_LOOKUP, ENTITY_LOOKUP_KEY, ORDER_BY, GENERATOR, REFER_TABLE, KEY_COLUMN, LOOKUP_COLUMN, MANDATORY, MIN_LENGTH, MAX_LENGTH, MIN_VALUE, MAX_VALUE, CONSTANT_VALUE, UNIQUE_KEY, CREATE_USER, CREATED_ON, LINE_NO, MANAGED, FIELD_PATH, DATA_TYPE, DATA1, DATA2, TRANSITIVE_FIELDS, FORMULA, ENTITY_LOOKUP_TYPE)
VALUES ('64450ff8184547c59cdb708e5bfc8846', 0, '38624e6c13f946efb01639d661768178', 'rfqId', 'RFQ_ID', 'CHAR(32)', 'RFQ_SID', 1, 'id', '', '', '', '', '', '', '', 1, 32, 32, NULL, NULL, '', '', 'system', systimestamp, '7', 0, 'entity.rfqVendor.rfqId', '', '', '', '', '', '');
INSERT INTO CNT_FIELD_DEFINITION
 (ID, REVISION, PARENT_ID, FIELD_ID, COLUMN_NAME, COLUMN_TYPE, REPORT_COLUMN_NAME, PRODUCT_FIELD, FIELD_TYPE, ENTITY_LOOKUP, ENTITY_LOOKUP_KEY, ORDER_BY, GENERATOR, REFER_TABLE, KEY_COLUMN, LOOKUP_COLUMN, MANDATORY, MIN_LENGTH, MAX_LENGTH, MIN_VALUE, MAX_VALUE, CONSTANT_VALUE, UNIQUE_KEY, CREATE_USER, CREATED_ON, LINE_NO, MANAGED, FIELD_PATH, DATA_TYPE, DATA1, DATA2, TRANSITIVE_FIELDS, FORMULA, ENTITY_LOOKUP_TYPE)
VALUES ('9b044a014c4d49cc8541b1a664c1bbba', 0, '38624e6c13f946efb01639d661768178', 'vendorId', 'VENDOR_ID', 'CHAR(32)', 'VENDOR_SID', 1, 'entity', 'Vendor', 'id', '', '', '', '', '', 0, 32, 32, NULL, NULL, '', '', 'system', systimestamp, '8', 0, 'entity.rfqVendor.vendorId', '', '', '', 'vendorCode, businessName', '', 'Snapshot');
INSERT INTO CNT_FIELD_DEFINITION
 (ID, REVISION, PARENT_ID, FIELD_ID, COLUMN_NAME, COLUMN_TYPE, REPORT_COLUMN_NAME, PRODUCT_FIELD, FIELD_TYPE, ENTITY_LOOKUP, ENTITY_LOOKUP_KEY, ORDER_BY, GENERATOR, REFER_TABLE, KEY_COLUMN, LOOKUP_COLUMN, MANDATORY, MIN_LENGTH, MAX_LENGTH, MIN_VALUE, MAX_VALUE, CONSTANT_VALUE, UNIQUE_KEY, CREATE_USER, CREATED_ON, LINE_NO, MANAGED, FIELD_PATH, DATA_TYPE, DATA1, DATA2, TRANSITIVE_FIELDS, FORMULA, ENTITY_LOOKUP_TYPE)
VALUES ('78a8c042072b40f790bd78f78297a16a', 0, '38624e6c13f946efb01639d661768178', 'email', 'EMAIL', 'NVARCHAR2(1000)', 'EMAIL', 1, 'string-l', '', '', '', '', '', '', '', 0, NULL, 1000, NULL, NULL, '', '', 'system', systimestamp, '9', 0, 'entity.rfqVendor.email', '', '', '', '', '', '');
INSERT INTO CNT_FIELD_DEFINITION
 (ID, REVISION, PARENT_ID, FIELD_ID, COLUMN_NAME, COLUMN_TYPE, REPORT_COLUMN_NAME, PRODUCT_FIELD, FIELD_TYPE, ENTITY_LOOKUP, ENTITY_LOOKUP_KEY, ORDER_BY, GENERATOR, REFER_TABLE, KEY_COLUMN, LOOKUP_COLUMN, MANDATORY, MIN_LENGTH, MAX_LENGTH, MIN_VALUE, MAX_VALUE, CONSTANT_VALUE, UNIQUE_KEY, CREATE_USER, CREATED_ON, LINE_NO, MANAGED, FIELD_PATH, DATA_TYPE, DATA1, DATA2, TRANSITIVE_FIELDS, FORMULA, ENTITY_LOOKUP_TYPE)
VALUES ('6b63aec8c1c54512985ae208c00e0b10', 0, '38624e6c13f946efb01639d661768178', 'refNo', 'REF_NO', 'NVARCHAR2(1000)', '', 1, 'string-l', '', '', '', '', '', '', '', 0, NULL, 1000, NULL, NULL, '', '', 'system', systimestamp, '10', 0, 'entity.rfqVendor.refNo', '', '', '', '', '', '');
INSERT INTO CNT_FIELD_DEFINITION
 (ID, REVISION, PARENT_ID, FIELD_ID, COLUMN_NAME, COLUMN_TYPE, REPORT_COLUMN_NAME, PRODUCT_FIELD, FIELD_TYPE, ENTITY_LOOKUP, ENTITY_LOOKUP_KEY, ORDER_BY, GENERATOR, REFER_TABLE, KEY_COLUMN, LOOKUP_COLUMN, MANDATORY, MIN_LENGTH, MAX_LENGTH, MIN_VALUE, MAX_VALUE, CONSTANT_VALUE, UNIQUE_KEY, CREATE_USER, CREATED_ON, LINE_NO, MANAGED, FIELD_PATH, DATA_TYPE, DATA1, DATA2, TRANSITIVE_FIELDS, FORMULA, ENTITY_LOOKUP_TYPE)
VALUES ('04117a34de0d454b82461df4e51aa84e', 0, '38624e6c13f946efb01639d661768178', 'custText1', 'CUST_TEXT1', 'NVARCHAR2(1000)', 'CUSTOM_FIELD_TEXT1', 0, 'string-l', '', '', '', '', '', '', '', 0, NULL, 1000, NULL, NULL, '', '', 'system', systimestamp, '11', 0, 'entity.rfqVendor.custText1', '', '', '', '', '', '');
INSERT INTO CNT_FIELD_DEFINITION
 (ID, REVISION, PARENT_ID, FIELD_ID, COLUMN_NAME, COLUMN_TYPE, REPORT_COLUMN_NAME, PRODUCT_FIELD, FIELD_TYPE, ENTITY_LOOKUP, ENTITY_LOOKUP_KEY, ORDER_BY, GENERATOR, REFER_TABLE, KEY_COLUMN, LOOKUP_COLUMN, MANDATORY, MIN_LENGTH, MAX_LENGTH, MIN_VALUE, MAX_VALUE, CONSTANT_VALUE, UNIQUE_KEY, CREATE_USER, CREATED_ON, LINE_NO, MANAGED, FIELD_PATH, DATA_TYPE, DATA1, DATA2, TRANSITIVE_FIELDS, FORMULA, ENTITY_LOOKUP_TYPE)
VALUES ('644f9d233f19458492151b0fe709bf6b', 0, '38624e6c13f946efb01639d661768178', 'custText2', 'CUST_TEXT2', 'NVARCHAR2(1000)', 'CUSTOM_FIELD_TEXT2', 0, 'string-l', '', '', '', '', '', '', '', 0, NULL, 1000, NULL, NULL, '', '', 'system', systimestamp, '12', 0, 'entity.rfqVendor.custText2', '', '', '', '', '', '');
INSERT INTO CNT_FIELD_DEFINITION
 (ID, REVISION, PARENT_ID, FIELD_ID, COLUMN_NAME, COLUMN_TYPE, REPORT_COLUMN_NAME, PRODUCT_FIELD, FIELD_TYPE, ENTITY_LOOKUP, ENTITY_LOOKUP_KEY, ORDER_BY, GENERATOR, REFER_TABLE, KEY_COLUMN, LOOKUP_COLUMN, MANDATORY, MIN_LENGTH, MAX_LENGTH, MIN_VALUE, MAX_VALUE, CONSTANT_VALUE, UNIQUE_KEY, CREATE_USER, CREATED_ON, LINE_NO, MANAGED, FIELD_PATH, DATA_TYPE, DATA1, DATA2, TRANSITIVE_FIELDS, FORMULA, ENTITY_LOOKUP_TYPE)
VALUES ('f41959c3780f4a3c9d610eac92132167', 0, '38624e6c13f946efb01639d661768178', 'custText3', 'CUST_TEXT3', 'NVARCHAR2(1000)', 'CUSTOM_FIELD_TEXT3', 0, 'string-l', '', '', '', '', '', '', '', 0, NULL, 1000, NULL, NULL, '', '', 'system', systimestamp, '13', 0, 'entity.rfqVendor.custText3', '', '', '', '', '', '');
INSERT INTO CNT_FIELD_DEFINITION
 (ID, REVISION, PARENT_ID, FIELD_ID, COLUMN_NAME, COLUMN_TYPE, REPORT_COLUMN_NAME, PRODUCT_FIELD, FIELD_TYPE, ENTITY_LOOKUP, ENTITY_LOOKUP_KEY, ORDER_BY, GENERATOR, REFER_TABLE, KEY_COLUMN, LOOKUP_COLUMN, MANDATORY, MIN_LENGTH, MAX_LENGTH, MIN_VALUE, MAX_VALUE, CONSTANT_VALUE, UNIQUE_KEY, CREATE_USER, CREATED_ON, LINE_NO, MANAGED, FIELD_PATH, DATA_TYPE, DATA1, DATA2, TRANSITIVE_FIELDS, FORMULA, ENTITY_LOOKUP_TYPE)
VALUES ('18c7b86afc974e3fad12f9389b1cc575', 0, '38624e6c13f946efb01639d661768178', 'custText4', 'CUST_TEXT4', 'NVARCHAR2(1000)', 'CUSTOM_FIELD_TEXT4', 0, 'string-l', '', '', '', '', '', '', '', 0, NULL, 1000, NULL, NULL, '', '', 'system', systimestamp, '14', 0, 'entity.rfqVendor.custText4', '', '', '', '', '', '');
INSERT INTO CNT_FIELD_DEFINITION
 (ID, REVISION, PARENT_ID, FIELD_ID, COLUMN_NAME, COLUMN_TYPE, REPORT_COLUMN_NAME, PRODUCT_FIELD, FIELD_TYPE, ENTITY_LOOKUP, ENTITY_LOOKUP_KEY, ORDER_BY, GENERATOR, REFER_TABLE, KEY_COLUMN, LOOKUP_COLUMN, MANDATORY, MIN_LENGTH, MAX_LENGTH, MIN_VALUE, MAX_VALUE, CONSTANT_VALUE, UNIQUE_KEY, CREATE_USER, CREATED_ON, LINE_NO, MANAGED, FIELD_PATH, DATA_TYPE, DATA1, DATA2, TRANSITIVE_FIELDS, FORMULA, ENTITY_LOOKUP_TYPE)
VALUES ('f06e693e79c34d889eb6702e5ce9bb93', 0, '38624e6c13f946efb01639d661768178', 'custText5', 'CUST_TEXT5', 'NVARCHAR2(1000)', 'CUSTOM_FIELD_TEXT5', 0, 'string-l', '', '', '', '', '', '', '', 0, NULL, 1000, NULL, NULL, '', '', 'system', systimestamp, '15', 0, 'entity.rfqVendor.custText5', '', '', '', '', '', '');
INSERT INTO CNT_FIELD_DEFINITION
 (ID, REVISION, PARENT_ID, FIELD_ID, COLUMN_NAME, COLUMN_TYPE, REPORT_COLUMN_NAME, PRODUCT_FIELD, FIELD_TYPE, ENTITY_LOOKUP, ENTITY_LOOKUP_KEY, ORDER_BY, GENERATOR, REFER_TABLE, KEY_COLUMN, LOOKUP_COLUMN, MANDATORY, MIN_LENGTH, MAX_LENGTH, MIN_VALUE, MAX_VALUE, CONSTANT_VALUE, UNIQUE_KEY, CREATE_USER, CREATED_ON, LINE_NO, MANAGED, FIELD_PATH, DATA_TYPE, DATA1, DATA2, TRANSITIVE_FIELDS, FORMULA, ENTITY_LOOKUP_TYPE)
VALUES ('c7b54b4bd4ec4be0856cc0cc61b1b66a', 0, '38624e6c13f946efb01639d661768178', 'custText6', 'CUST_TEXT6', 'NVARCHAR2(1000)', 'CUSTOM_FIELD_TEXT6', 0, 'string-l', '', '', '', '', '', '', '', 0, NULL, 1000, NULL, NULL, '', '', 'system', systimestamp, '16', 0, 'entity.rfqVendor.custText6', '', '', '', '', '', '');
INSERT INTO CNT_FIELD_DEFINITION
 (ID, REVISION, PARENT_ID, FIELD_ID, COLUMN_NAME, COLUMN_TYPE, REPORT_COLUMN_NAME, PRODUCT_FIELD, FIELD_TYPE, ENTITY_LOOKUP, ENTITY_LOOKUP_KEY, ORDER_BY, GENERATOR, REFER_TABLE, KEY_COLUMN, LOOKUP_COLUMN, MANDATORY, MIN_LENGTH, MAX_LENGTH, MIN_VALUE, MAX_VALUE, CONSTANT_VALUE, UNIQUE_KEY, CREATE_USER, CREATED_ON, LINE_NO, MANAGED, FIELD_PATH, DATA_TYPE, DATA1, DATA2, TRANSITIVE_FIELDS, FORMULA, ENTITY_LOOKUP_TYPE)
VALUES ('09e14e114f4842e09ed4e0bbc67390e5', 0, '38624e6c13f946efb01639d661768178', 'custText7', 'CUST_TEXT7', 'NVARCHAR2(1000)', 'CUSTOM_FIELD_TEXT7', 0, 'string-l', '', '', '', '', '', '', '', 0, NULL, 1000, NULL, NULL, '', '', 'system', systimestamp, '17', 0, 'entity.rfqVendor.custText7', '', '', '', '', '', '');
INSERT INTO CNT_FIELD_DEFINITION
 (ID, REVISION, PARENT_ID, FIELD_ID, COLUMN_NAME, COLUMN_TYPE, REPORT_COLUMN_NAME, PRODUCT_FIELD, FIELD_TYPE, ENTITY_LOOKUP, ENTITY_LOOKUP_KEY, ORDER_BY, GENERATOR, REFER_TABLE, KEY_COLUMN, LOOKUP_COLUMN, MANDATORY, MIN_LENGTH, MAX_LENGTH, MIN_VALUE, MAX_VALUE, CONSTANT_VALUE, UNIQUE_KEY, CREATE_USER, CREATED_ON, LINE_NO, MANAGED, FIELD_PATH, DATA_TYPE, DATA1, DATA2, TRANSITIVE_FIELDS, FORMULA, ENTITY_LOOKUP_TYPE)
VALUES ('2f40ffae8ffc4ef48933a84b39e3f5c3', 0, '38624e6c13f946efb01639d661768178', 'custDate1', 'CUST_DATE1', 'DATE', 'CUSTOM_FIELD_DATE1', 0, 'date', '', '', '', '', '', '', '', 0, NULL, NULL, NULL, NULL, '', '', 'system', systimestamp, '18', 0, 'entity.rfqVendor.custDate1', '', '', '', '', '', '');
INSERT INTO CNT_FIELD_DEFINITION
 (ID, REVISION, PARENT_ID, FIELD_ID, COLUMN_NAME, COLUMN_TYPE, REPORT_COLUMN_NAME, PRODUCT_FIELD, FIELD_TYPE, ENTITY_LOOKUP, ENTITY_LOOKUP_KEY, ORDER_BY, GENERATOR, REFER_TABLE, KEY_COLUMN, LOOKUP_COLUMN, MANDATORY, MIN_LENGTH, MAX_LENGTH, MIN_VALUE, MAX_VALUE, CONSTANT_VALUE, UNIQUE_KEY, CREATE_USER, CREATED_ON, LINE_NO, MANAGED, FIELD_PATH, DATA_TYPE, DATA1, DATA2, TRANSITIVE_FIELDS, FORMULA, ENTITY_LOOKUP_TYPE)
VALUES ('1ae141dbf64a48cd84f2ccada9759fab', 0, '38624e6c13f946efb01639d661768178', 'custDate2', 'CUST_DATE2', 'DATE', 'CUSTOM_FIELD_DATE2', 0, 'date', '', '', '', '', '', '', '', 0, NULL, NULL, NULL, NULL, '', '', 'system', systimestamp, '19', 0, 'entity.rfqVendor.custDate2', '', '', '', '', '', '');
INSERT INTO CNT_FIELD_DEFINITION
 (ID, REVISION, PARENT_ID, FIELD_ID, COLUMN_NAME, COLUMN_TYPE, REPORT_COLUMN_NAME, PRODUCT_FIELD, FIELD_TYPE, ENTITY_LOOKUP, ENTITY_LOOKUP_KEY, ORDER_BY, GENERATOR, REFER_TABLE, KEY_COLUMN, LOOKUP_COLUMN, MANDATORY, MIN_LENGTH, MAX_LENGTH, MIN_VALUE, MAX_VALUE, CONSTANT_VALUE, UNIQUE_KEY, CREATE_USER, CREATED_ON, LINE_NO, MANAGED, FIELD_PATH, DATA_TYPE, DATA1, DATA2, TRANSITIVE_FIELDS, FORMULA, ENTITY_LOOKUP_TYPE)
VALUES ('58e02737013941cf93b4e09241bb718c', 0, '38624e6c13f946efb01639d661768178', 'custDate3', 'CUST_DATE3', 'DATE', 'CUSTOM_FIELD_DATE3', 0, 'date', '', '', '', '', '', '', '', 0, NULL, NULL, NULL, NULL, '', '', 'system', systimestamp, '20', 0, 'entity.rfqVendor.custDate3', '', '', '', '', '', '');
INSERT INTO CNT_FIELD_DEFINITION
 (ID, REVISION, PARENT_ID, FIELD_ID, COLUMN_NAME, COLUMN_TYPE, REPORT_COLUMN_NAME, PRODUCT_FIELD, FIELD_TYPE, ENTITY_LOOKUP, ENTITY_LOOKUP_KEY, ORDER_BY, GENERATOR, REFER_TABLE, KEY_COLUMN, LOOKUP_COLUMN, MANDATORY, MIN_LENGTH, MAX_LENGTH, MIN_VALUE, MAX_VALUE, CONSTANT_VALUE, UNIQUE_KEY, CREATE_USER, CREATED_ON, LINE_NO, MANAGED, FIELD_PATH, DATA_TYPE, DATA1, DATA2, TRANSITIVE_FIELDS, FORMULA, ENTITY_LOOKUP_TYPE)
VALUES ('71fc5cbc9280426da59f3146009c8588', 0, '38624e6c13f946efb01639d661768178', 'custDate4', 'CUST_DATE4', 'DATE', 'CUSTOM_FIELD_DATE4', 0, 'date', '', '', '', '', '', '', '', 0, NULL, NULL, NULL, NULL, '', '', 'system', systimestamp, '21', 0, 'entity.rfqVendor.custDate4', '', '', '', '', '', '');
INSERT INTO CNT_FIELD_DEFINITION
 (ID, REVISION, PARENT_ID, FIELD_ID, COLUMN_NAME, COLUMN_TYPE, REPORT_COLUMN_NAME, PRODUCT_FIELD, FIELD_TYPE, ENTITY_LOOKUP, ENTITY_LOOKUP_KEY, ORDER_BY, GENERATOR, REFER_TABLE, KEY_COLUMN, LOOKUP_COLUMN, MANDATORY, MIN_LENGTH, MAX_LENGTH, MIN_VALUE, MAX_VALUE, CONSTANT_VALUE, UNIQUE_KEY, CREATE_USER, CREATED_ON, LINE_NO, MANAGED, FIELD_PATH, DATA_TYPE, DATA1, DATA2, TRANSITIVE_FIELDS, FORMULA, ENTITY_LOOKUP_TYPE)
VALUES ('24acc74805954e448b5efc8c2465b9fd', 0, '38624e6c13f946efb01639d661768178', 'custDate5', 'CUST_DATE5', 'DATE', 'CUSTOM_FIELD_DATE5', 0, 'date', '', '', '', '', '', '', '', 0, NULL, NULL, NULL, NULL, '', '', 'system', systimestamp, '22', 0, 'entity.rfqVendor.custDate5', '', '', '', '', '', '');
INSERT INTO CNT_FIELD_DEFINITION
 (ID, REVISION, PARENT_ID, FIELD_ID, COLUMN_NAME, COLUMN_TYPE, REPORT_COLUMN_NAME, PRODUCT_FIELD, FIELD_TYPE, ENTITY_LOOKUP, ENTITY_LOOKUP_KEY, ORDER_BY, GENERATOR, REFER_TABLE, KEY_COLUMN, LOOKUP_COLUMN, MANDATORY, MIN_LENGTH, MAX_LENGTH, MIN_VALUE, MAX_VALUE, CONSTANT_VALUE, UNIQUE_KEY, CREATE_USER, CREATED_ON, LINE_NO, MANAGED, FIELD_PATH, DATA_TYPE, DATA1, DATA2, TRANSITIVE_FIELDS, FORMULA, ENTITY_LOOKUP_TYPE)
VALUES ('688afa661b75463583aead92ee161d36', 0, '38624e6c13f946efb01639d661768178', 'custDate6', 'CUST_DATE6', 'DATE', 'CUSTOM_FIELD_DATE6', 0, 'date', '', '', '', '', '', '', '', 0, NULL, NULL, NULL, NULL, '', '', 'system', systimestamp, '23', 0, 'entity.rfqVendor.custDate6', '', '', '', '', '', '');
INSERT INTO CNT_FIELD_DEFINITION
 (ID, REVISION, PARENT_ID, FIELD_ID, COLUMN_NAME, COLUMN_TYPE, REPORT_COLUMN_NAME, PRODUCT_FIELD, FIELD_TYPE, ENTITY_LOOKUP, ENTITY_LOOKUP_KEY, ORDER_BY, GENERATOR, REFER_TABLE, KEY_COLUMN, LOOKUP_COLUMN, MANDATORY, MIN_LENGTH, MAX_LENGTH, MIN_VALUE, MAX_VALUE, CONSTANT_VALUE, UNIQUE_KEY, CREATE_USER, CREATED_ON, LINE_NO, MANAGED, FIELD_PATH, DATA_TYPE, DATA1, DATA2, TRANSITIVE_FIELDS, FORMULA, ENTITY_LOOKUP_TYPE)
VALUES ('5368f874867b40978bfda94c5e3347b3', 0, '38624e6c13f946efb01639d661768178', 'custDate7', 'CUST_DATE7', 'DATE', 'CUSTOM_FIELD_DATE7', 0, 'date', '', '', '', '', '', '', '', 0, NULL, NULL, NULL, NULL, '', '', 'system', systimestamp, '24', 0, 'entity.rfqVendor.custDate7', '', '', '', '', '', '');
INSERT INTO CNT_FIELD_DEFINITION
 (ID, REVISION, PARENT_ID, FIELD_ID, COLUMN_NAME, COLUMN_TYPE, REPORT_COLUMN_NAME, PRODUCT_FIELD, FIELD_TYPE, ENTITY_LOOKUP, ENTITY_LOOKUP_KEY, ORDER_BY, GENERATOR, REFER_TABLE, KEY_COLUMN, LOOKUP_COLUMN, MANDATORY, MIN_LENGTH, MAX_LENGTH, MIN_VALUE, MAX_VALUE, CONSTANT_VALUE, UNIQUE_KEY, CREATE_USER, CREATED_ON, LINE_NO, MANAGED, FIELD_PATH, DATA_TYPE, DATA1, DATA2, TRANSITIVE_FIELDS, FORMULA, ENTITY_LOOKUP_TYPE)
VALUES ('2927276a32894877b29c32351c29d7de', 0, '38624e6c13f946efb01639d661768178', 'custNumber1', 'CUST_NUMBER1', 'NUMBER(20, 0)', 'CUSTOM_FIELD_NUMBER1', 0, 'integer', '', '', '', '', '', '', '', 0, NULL, 18, NULL, NULL, '', '', 'system', systimestamp, '25', 0, 'entity.rfqVendor.custNumber1', '', '', '', '', '', '');
INSERT INTO CNT_FIELD_DEFINITION
 (ID, REVISION, PARENT_ID, FIELD_ID, COLUMN_NAME, COLUMN_TYPE, REPORT_COLUMN_NAME, PRODUCT_FIELD, FIELD_TYPE, ENTITY_LOOKUP, ENTITY_LOOKUP_KEY, ORDER_BY, GENERATOR, REFER_TABLE, KEY_COLUMN, LOOKUP_COLUMN, MANDATORY, MIN_LENGTH, MAX_LENGTH, MIN_VALUE, MAX_VALUE, CONSTANT_VALUE, UNIQUE_KEY, CREATE_USER, CREATED_ON, LINE_NO, MANAGED, FIELD_PATH, DATA_TYPE, DATA1, DATA2, TRANSITIVE_FIELDS, FORMULA, ENTITY_LOOKUP_TYPE)
VALUES ('201143f755ae4e1fbb85d1338c55036a', 0, '38624e6c13f946efb01639d661768178', 'custNumber2', 'CUST_NUMBER2', 'NUMBER(20, 0)', 'CUSTOM_FIELD_NUMBER2', 0, 'integer', '', '', '', '', '', '', '', 0, NULL, 18, NULL, NULL, '', '', 'system', systimestamp, '26', 0, 'entity.rfqVendor.custNumber2', '', '', '', '', '', '');
INSERT INTO CNT_FIELD_DEFINITION
 (ID, REVISION, PARENT_ID, FIELD_ID, COLUMN_NAME, COLUMN_TYPE, REPORT_COLUMN_NAME, PRODUCT_FIELD, FIELD_TYPE, ENTITY_LOOKUP, ENTITY_LOOKUP_KEY, ORDER_BY, GENERATOR, REFER_TABLE, KEY_COLUMN, LOOKUP_COLUMN, MANDATORY, MIN_LENGTH, MAX_LENGTH, MIN_VALUE, MAX_VALUE, CONSTANT_VALUE, UNIQUE_KEY, CREATE_USER, CREATED_ON, LINE_NO, MANAGED, FIELD_PATH, DATA_TYPE, DATA1, DATA2, TRANSITIVE_FIELDS, FORMULA, ENTITY_LOOKUP_TYPE)
VALUES ('f4cee7fadef645e0ac81b815da9c3b1e', 0, '38624e6c13f946efb01639d661768178', 'custNumber3', 'CUST_NUMBER3', 'NUMBER(20, 0)', 'CUSTOM_FIELD_NUMBER3', 0, 'integer', '', '', '', '', '', '', '', 0, NULL, 18, NULL, NULL, '', '', 'system', systimestamp, '27', 0, 'entity.rfqVendor.custNumber3', '', '', '', '', '', '');
INSERT INTO CNT_FIELD_DEFINITION
 (ID, REVISION, PARENT_ID, FIELD_ID, COLUMN_NAME, COLUMN_TYPE, REPORT_COLUMN_NAME, PRODUCT_FIELD, FIELD_TYPE, ENTITY_LOOKUP, ENTITY_LOOKUP_KEY, ORDER_BY, GENERATOR, REFER_TABLE, KEY_COLUMN, LOOKUP_COLUMN, MANDATORY, MIN_LENGTH, MAX_LENGTH, MIN_VALUE, MAX_VALUE, CONSTANT_VALUE, UNIQUE_KEY, CREATE_USER, CREATED_ON, LINE_NO, MANAGED, FIELD_PATH, DATA_TYPE, DATA1, DATA2, TRANSITIVE_FIELDS, FORMULA, ENTITY_LOOKUP_TYPE)
VALUES ('14158b0800474d11bb244b5cb932346d', 0, '38624e6c13f946efb01639d661768178', 'custNumber4', 'CUST_NUMBER4', 'NUMBER(20, 0)', 'CUSTOM_FIELD_NUMBER4', 0, 'integer', '', '', '', '', '', '', '', 0, NULL, 18, NULL, NULL, '', '', 'system', systimestamp, '28', 0, 'entity.rfqVendor.custNumber4', '', '', '', '', '', '');
INSERT INTO CNT_FIELD_DEFINITION
 (ID, REVISION, PARENT_ID, FIELD_ID, COLUMN_NAME, COLUMN_TYPE, REPORT_COLUMN_NAME, PRODUCT_FIELD, FIELD_TYPE, ENTITY_LOOKUP, ENTITY_LOOKUP_KEY, ORDER_BY, GENERATOR, REFER_TABLE, KEY_COLUMN, LOOKUP_COLUMN, MANDATORY, MIN_LENGTH, MAX_LENGTH, MIN_VALUE, MAX_VALUE, CONSTANT_VALUE, UNIQUE_KEY, CREATE_USER, CREATED_ON, LINE_NO, MANAGED, FIELD_PATH, DATA_TYPE, DATA1, DATA2, TRANSITIVE_FIELDS, FORMULA, ENTITY_LOOKUP_TYPE)
VALUES ('b469cceb8bb1410b9c4103dd44c28dde', 0, '38624e6c13f946efb01639d661768178', 'custNumber5', 'CUST_NUMBER5', 'NUMBER(20, 0)', 'CUSTOM_FIELD_NUMBER5', 0, 'integer', '', '', '', '', '', '', '', 0, NULL, 18, NULL, NULL, '', '', 'system', systimestamp, '29', 0, 'entity.rfqVendor.custNumber5', '', '', '', '', '', '');
INSERT INTO CNT_FIELD_DEFINITION
 (ID, REVISION, PARENT_ID, FIELD_ID, COLUMN_NAME, COLUMN_TYPE, REPORT_COLUMN_NAME, PRODUCT_FIELD, FIELD_TYPE, ENTITY_LOOKUP, ENTITY_LOOKUP_KEY, ORDER_BY, GENERATOR, REFER_TABLE, KEY_COLUMN, LOOKUP_COLUMN, MANDATORY, MIN_LENGTH, MAX_LENGTH, MIN_VALUE, MAX_VALUE, CONSTANT_VALUE, UNIQUE_KEY, CREATE_USER, CREATED_ON, LINE_NO, MANAGED, FIELD_PATH, DATA_TYPE, DATA1, DATA2, TRANSITIVE_FIELDS, FORMULA, ENTITY_LOOKUP_TYPE)
VALUES ('79fcc7dbea2c4c91a6bb3232ef15ab83', 0, '38624e6c13f946efb01639d661768178', 'custNumber6', 'CUST_NUMBER6', 'NUMBER(20, 0)', 'CUSTOM_FIELD_NUMBER6', 0, 'integer', '', '', '', '', '', '', '', 0, NULL, 18, NULL, NULL, '', '', 'system', systimestamp, '30', 0, 'entity.rfqVendor.custNumber6', '', '', '', '', '', '');
INSERT INTO CNT_FIELD_DEFINITION
 (ID, REVISION, PARENT_ID, FIELD_ID, COLUMN_NAME, COLUMN_TYPE, REPORT_COLUMN_NAME, PRODUCT_FIELD, FIELD_TYPE, ENTITY_LOOKUP, ENTITY_LOOKUP_KEY, ORDER_BY, GENERATOR, REFER_TABLE, KEY_COLUMN, LOOKUP_COLUMN, MANDATORY, MIN_LENGTH, MAX_LENGTH, MIN_VALUE, MAX_VALUE, CONSTANT_VALUE, UNIQUE_KEY, CREATE_USER, CREATED_ON, LINE_NO, MANAGED, FIELD_PATH, DATA_TYPE, DATA1, DATA2, TRANSITIVE_FIELDS, FORMULA, ENTITY_LOOKUP_TYPE)
VALUES ('3ae59833167846f68477a6a7b057ed35', 0, '38624e6c13f946efb01639d661768178', 'custNumber7', 'CUST_NUMBER7', 'NUMBER(20, 0)', 'CUSTOM_FIELD_NUMBER7', 0, 'integer', '', '', '', '', '', '', '', 0, NULL, 18, NULL, NULL, '', '', 'system', systimestamp, '31', 0, 'entity.rfqVendor.custNumber7', '', '', '', '', '', '');
INSERT INTO CNT_FIELD_DEFINITION
 (ID, REVISION, PARENT_ID, FIELD_ID, COLUMN_NAME, COLUMN_TYPE, REPORT_COLUMN_NAME, PRODUCT_FIELD, FIELD_TYPE, ENTITY_LOOKUP, ENTITY_LOOKUP_KEY, ORDER_BY, GENERATOR, REFER_TABLE, KEY_COLUMN, LOOKUP_COLUMN, MANDATORY, MIN_LENGTH, MAX_LENGTH, MIN_VALUE, MAX_VALUE, CONSTANT_VALUE, UNIQUE_KEY, CREATE_USER, CREATED_ON, LINE_NO, MANAGED, FIELD_PATH, DATA_TYPE, DATA1, DATA2, TRANSITIVE_FIELDS, FORMULA, ENTITY_LOOKUP_TYPE)
VALUES ('8a028aca10ed432abcf60f0e4506f03d', 0, '38624e6c13f946efb01639d661768178', 'custDecimal1', 'CUST_DECIMAL1', 'NUMBER(25, 5)', 'CUSTOM_FIELD_DECIMAL1', 0, 'decimal-rate', '', '', '', '', '', '', '', 0, NULL, 20, NULL, NULL, '', '', 'system', systimestamp, '32', 0, 'entity.rfqVendor.custDecimal1', '', '', '', '', '', '');
INSERT INTO CNT_FIELD_DEFINITION
 (ID, REVISION, PARENT_ID, FIELD_ID, COLUMN_NAME, COLUMN_TYPE, REPORT_COLUMN_NAME, PRODUCT_FIELD, FIELD_TYPE, ENTITY_LOOKUP, ENTITY_LOOKUP_KEY, ORDER_BY, GENERATOR, REFER_TABLE, KEY_COLUMN, LOOKUP_COLUMN, MANDATORY, MIN_LENGTH, MAX_LENGTH, MIN_VALUE, MAX_VALUE, CONSTANT_VALUE, UNIQUE_KEY, CREATE_USER, CREATED_ON, LINE_NO, MANAGED, FIELD_PATH, DATA_TYPE, DATA1, DATA2, TRANSITIVE_FIELDS, FORMULA, ENTITY_LOOKUP_TYPE)
VALUES ('7aaf9e6c984b4ef399e116433cb7f91e', 0, '38624e6c13f946efb01639d661768178', 'custDecimal2', 'CUST_DECIMAL2', 'NUMBER(25, 5)', 'CUSTOM_FIELD_DECIMAL2', 0, 'decimal-rate', '', '', '', '', '', '', '', 0, NULL, 20, NULL, NULL, '', '', 'system', systimestamp, '33', 0, 'entity.rfqVendor.custDecimal2', '', '', '', '', '', '');
INSERT INTO CNT_FIELD_DEFINITION
 (ID, REVISION, PARENT_ID, FIELD_ID, COLUMN_NAME, COLUMN_TYPE, REPORT_COLUMN_NAME, PRODUCT_FIELD, FIELD_TYPE, ENTITY_LOOKUP, ENTITY_LOOKUP_KEY, ORDER_BY, GENERATOR, REFER_TABLE, KEY_COLUMN, LOOKUP_COLUMN, MANDATORY, MIN_LENGTH, MAX_LENGTH, MIN_VALUE, MAX_VALUE, CONSTANT_VALUE, UNIQUE_KEY, CREATE_USER, CREATED_ON, LINE_NO, MANAGED, FIELD_PATH, DATA_TYPE, DATA1, DATA2, TRANSITIVE_FIELDS, FORMULA, ENTITY_LOOKUP_TYPE)
VALUES ('de1c5811437347e385dc19082fb8553e', 0, '38624e6c13f946efb01639d661768178', 'custDecimal3', 'CUST_DECIMAL3', 'NUMBER(25, 5)', 'CUSTOM_FIELD_DECIMAL3', 0, 'decimal-rate', '', '', '', '', '', '', '', 0, NULL, 20, NULL, NULL, '', '', 'system', systimestamp, '34', 0, 'entity.rfqVendor.custDecimal3', '', '', '', '', '', '');
INSERT INTO CNT_FIELD_DEFINITION
 (ID, REVISION, PARENT_ID, FIELD_ID, COLUMN_NAME, COLUMN_TYPE, REPORT_COLUMN_NAME, PRODUCT_FIELD, FIELD_TYPE, ENTITY_LOOKUP, ENTITY_LOOKUP_KEY, ORDER_BY, GENERATOR, REFER_TABLE, KEY_COLUMN, LOOKUP_COLUMN, MANDATORY, MIN_LENGTH, MAX_LENGTH, MIN_VALUE, MAX_VALUE, CONSTANT_VALUE, UNIQUE_KEY, CREATE_USER, CREATED_ON, LINE_NO, MANAGED, FIELD_PATH, DATA_TYPE, DATA1, DATA2, TRANSITIVE_FIELDS, FORMULA, ENTITY_LOOKUP_TYPE)
VALUES ('f3c12eeafa3343378a4f5939136a2222', 0, '38624e6c13f946efb01639d661768178', 'custDecimal4', 'CUST_DECIMAL4', 'NUMBER(25, 5)', 'CUSTOM_FIELD_DECIMAL4', 0, 'decimal-rate', '', '', '', '', '', '', '', 0, NULL, 20, NULL, NULL, '', '', 'system', systimestamp, '35', 0, 'entity.rfqVendor.custDecimal4', '', '', '', '', '', '');
INSERT INTO CNT_FIELD_DEFINITION
 (ID, REVISION, PARENT_ID, FIELD_ID, COLUMN_NAME, COLUMN_TYPE, REPORT_COLUMN_NAME, PRODUCT_FIELD, FIELD_TYPE, ENTITY_LOOKUP, ENTITY_LOOKUP_KEY, ORDER_BY, GENERATOR, REFER_TABLE, KEY_COLUMN, LOOKUP_COLUMN, MANDATORY, MIN_LENGTH, MAX_LENGTH, MIN_VALUE, MAX_VALUE, CONSTANT_VALUE, UNIQUE_KEY, CREATE_USER, CREATED_ON, LINE_NO, MANAGED, FIELD_PATH, DATA_TYPE, DATA1, DATA2, TRANSITIVE_FIELDS, FORMULA, ENTITY_LOOKUP_TYPE)
VALUES ('80ba54a7d06e4bce95c4b02bf41ced08', 0, '38624e6c13f946efb01639d661768178', 'custDecimal5', 'CUST_DECIMAL5', 'NUMBER(25, 5)', 'CUSTOM_FIELD_DECIMAL5', 0, 'decimal-rate', '', '', '', '', '', '', '', 0, NULL, 20, NULL, NULL, '', '', 'system', systimestamp, '36', 0, 'entity.rfqVendor.custDecimal5', '', '', '', '', '', '');
INSERT INTO CNT_FIELD_DEFINITION
 (ID, REVISION, PARENT_ID, FIELD_ID, COLUMN_NAME, COLUMN_TYPE, REPORT_COLUMN_NAME, PRODUCT_FIELD, FIELD_TYPE, ENTITY_LOOKUP, ENTITY_LOOKUP_KEY, ORDER_BY, GENERATOR, REFER_TABLE, KEY_COLUMN, LOOKUP_COLUMN, MANDATORY, MIN_LENGTH, MAX_LENGTH, MIN_VALUE, MAX_VALUE, CONSTANT_VALUE, UNIQUE_KEY, CREATE_USER, CREATED_ON, LINE_NO, MANAGED, FIELD_PATH, DATA_TYPE, DATA1, DATA2, TRANSITIVE_FIELDS, FORMULA, ENTITY_LOOKUP_TYPE)
VALUES ('3773446cca7c4524af42db16ca824e00', 0, '38624e6c13f946efb01639d661768178', 'custDecimal6', 'CUST_DECIMAL6', 'NUMBER(25, 5)', 'CUSTOM_FIELD_DECIMAL6', 0, 'decimal-rate', '', '', '', '', '', '', '', 0, NULL, 20, NULL, NULL, '', '', 'system', systimestamp, '37', 0, 'entity.rfqVendor.custDecimal6', '', '', '', '', '', '');
INSERT INTO CNT_FIELD_DEFINITION
 (ID, REVISION, PARENT_ID, FIELD_ID, COLUMN_NAME, COLUMN_TYPE, REPORT_COLUMN_NAME, PRODUCT_FIELD, FIELD_TYPE, ENTITY_LOOKUP, ENTITY_LOOKUP_KEY, ORDER_BY, GENERATOR, REFER_TABLE, KEY_COLUMN, LOOKUP_COLUMN, MANDATORY, MIN_LENGTH, MAX_LENGTH, MIN_VALUE, MAX_VALUE, CONSTANT_VALUE, UNIQUE_KEY, CREATE_USER, CREATED_ON, LINE_NO, MANAGED, FIELD_PATH, DATA_TYPE, DATA1, DATA2, TRANSITIVE_FIELDS, FORMULA, ENTITY_LOOKUP_TYPE)
VALUES ('4d5a6364a3b54a2a9c3c1eed55e1d2b5', 0, '38624e6c13f946efb01639d661768178', 'custDecimal7', 'CUST_DECIMAL7', 'NUMBER(25, 5)', 'CUSTOM_FIELD_DECIMAL7', 0, 'decimal-rate', '', '', '', '', '', '', '', 0, NULL, 20, NULL, NULL, '', '', 'system', systimestamp, '38', 0, 'entity.rfqVendor.custDecimal7', '', '', '', '', '', '');
INSERT INTO CNT_FIELD_DEFINITION
 (ID, REVISION, PARENT_ID, FIELD_ID, COLUMN_NAME, COLUMN_TYPE, REPORT_COLUMN_NAME, PRODUCT_FIELD, FIELD_TYPE, ENTITY_LOOKUP, ENTITY_LOOKUP_KEY, ORDER_BY, GENERATOR, REFER_TABLE, KEY_COLUMN, LOOKUP_COLUMN, MANDATORY, MIN_LENGTH, MAX_LENGTH, MIN_VALUE, MAX_VALUE, CONSTANT_VALUE, UNIQUE_KEY, CREATE_USER, CREATED_ON, LINE_NO, MANAGED, FIELD_PATH, DATA_TYPE, DATA1, DATA2, TRANSITIVE_FIELDS, FORMULA, ENTITY_LOOKUP_TYPE)
VALUES ('5ad30f3ebc4949219a8cd7b7f7b224e7', 0, '38624e6c13f946efb01639d661768178', 'custCodelist1', 'CUST_CODELIST1', 'NVARCHAR2(400)', 'CUSTOM_FIELD_CODE_LIST_CODE1', 0, 'string-m', '', '', '', '', '', '', '', 0, NULL, 400, NULL, NULL, '', '', 'system', systimestamp, '39', 0, 'entity.rfqVendor.custCodelist1', 'codelist', '', '', '', '', '');
INSERT INTO CNT_FIELD_DEFINITION
 (ID, REVISION, PARENT_ID, FIELD_ID, COLUMN_NAME, COLUMN_TYPE, REPORT_COLUMN_NAME, PRODUCT_FIELD, FIELD_TYPE, ENTITY_LOOKUP, ENTITY_LOOKUP_KEY, ORDER_BY, GENERATOR, REFER_TABLE, KEY_COLUMN, LOOKUP_COLUMN, MANDATORY, MIN_LENGTH, MAX_LENGTH, MIN_VALUE, MAX_VALUE, CONSTANT_VALUE, UNIQUE_KEY, CREATE_USER, CREATED_ON, LINE_NO, MANAGED, FIELD_PATH, DATA_TYPE, DATA1, DATA2, TRANSITIVE_FIELDS, FORMULA, ENTITY_LOOKUP_TYPE)
VALUES ('77cd5b7619b149819a75980523d67b71', 0, '38624e6c13f946efb01639d661768178', 'custCodelist2', 'CUST_CODELIST2', 'NVARCHAR2(400)', 'CUSTOM_FIELD_CODE_LIST_CODE2', 0, 'string-m', '', '', '', '', '', '', '', 0, NULL, 400, NULL, NULL, '', '', 'system', systimestamp, '40', 0, 'entity.rfqVendor.custCodelist2', 'codelist', '', '', '', '', '');
INSERT INTO CNT_FIELD_DEFINITION
 (ID, REVISION, PARENT_ID, FIELD_ID, COLUMN_NAME, COLUMN_TYPE, REPORT_COLUMN_NAME, PRODUCT_FIELD, FIELD_TYPE, ENTITY_LOOKUP, ENTITY_LOOKUP_KEY, ORDER_BY, GENERATOR, REFER_TABLE, KEY_COLUMN, LOOKUP_COLUMN, MANDATORY, MIN_LENGTH, MAX_LENGTH, MIN_VALUE, MAX_VALUE, CONSTANT_VALUE, UNIQUE_KEY, CREATE_USER, CREATED_ON, LINE_NO, MANAGED, FIELD_PATH, DATA_TYPE, DATA1, DATA2, TRANSITIVE_FIELDS, FORMULA, ENTITY_LOOKUP_TYPE)
VALUES ('87b1ee6a982b40aa8981dca7065a04f0', 0, '38624e6c13f946efb01639d661768178', 'custCodelist3', 'CUST_CODELIST3', 'NVARCHAR2(400)', 'CUSTOM_FIELD_CODE_LIST_CODE3', 0, 'string-m', '', '', '', '', '', '', '', 0, NULL, 400, NULL, NULL, '', '', 'system', systimestamp, '41', 0, 'entity.rfqVendor.custCodelist3', 'codelist', '', '', '', '', '');
INSERT INTO CNT_FIELD_DEFINITION
 (ID, REVISION, PARENT_ID, FIELD_ID, COLUMN_NAME, COLUMN_TYPE, REPORT_COLUMN_NAME, PRODUCT_FIELD, FIELD_TYPE, ENTITY_LOOKUP, ENTITY_LOOKUP_KEY, ORDER_BY, GENERATOR, REFER_TABLE, KEY_COLUMN, LOOKUP_COLUMN, MANDATORY, MIN_LENGTH, MAX_LENGTH, MIN_VALUE, MAX_VALUE, CONSTANT_VALUE, UNIQUE_KEY, CREATE_USER, CREATED_ON, LINE_NO, MANAGED, FIELD_PATH, DATA_TYPE, DATA1, DATA2, TRANSITIVE_FIELDS, FORMULA, ENTITY_LOOKUP_TYPE)
VALUES ('8a0a0d6f239b43bebae5ec657016137e', 0, '38624e6c13f946efb01639d661768178', 'custCodelist4', 'CUST_CODELIST4', 'NVARCHAR2(400)', 'CUSTOM_FIELD_CODE_LIST_CODE4', 0, 'string-m', '', '', '', '', '', '', '', 0, NULL, 400, NULL, NULL, '', '', 'system', systimestamp, '42', 0, 'entity.rfqVendor.custCodelist4', 'codelist', '', '', '', '', '');
INSERT INTO CNT_FIELD_DEFINITION
 (ID, REVISION, PARENT_ID, FIELD_ID, COLUMN_NAME, COLUMN_TYPE, REPORT_COLUMN_NAME, PRODUCT_FIELD, FIELD_TYPE, ENTITY_LOOKUP, ENTITY_LOOKUP_KEY, ORDER_BY, GENERATOR, REFER_TABLE, KEY_COLUMN, LOOKUP_COLUMN, MANDATORY, MIN_LENGTH, MAX_LENGTH, MIN_VALUE, MAX_VALUE, CONSTANT_VALUE, UNIQUE_KEY, CREATE_USER, CREATED_ON, LINE_NO, MANAGED, FIELD_PATH, DATA_TYPE, DATA1, DATA2, TRANSITIVE_FIELDS, FORMULA, ENTITY_LOOKUP_TYPE)
VALUES ('92b5266a41254eb594ae91a9a52afc80', 0, '38624e6c13f946efb01639d661768178', 'custCodelist5', 'CUST_CODELIST5', 'NVARCHAR2(400)', 'CUSTOM_FIELD_CODE_LIST_CODE5', 0, 'string-m', '', '', '', '', '', '', '', 0, NULL, 400, NULL, NULL, '', '', 'system', systimestamp, '43', 0, 'entity.rfqVendor.custCodelist5', 'codelist', '', '', '', '', '');
INSERT INTO CNT_FIELD_DEFINITION
 (ID, REVISION, PARENT_ID, FIELD_ID, COLUMN_NAME, COLUMN_TYPE, REPORT_COLUMN_NAME, PRODUCT_FIELD, FIELD_TYPE, ENTITY_LOOKUP, ENTITY_LOOKUP_KEY, ORDER_BY, GENERATOR, REFER_TABLE, KEY_COLUMN, LOOKUP_COLUMN, MANDATORY, MIN_LENGTH, MAX_LENGTH, MIN_VALUE, MAX_VALUE, CONSTANT_VALUE, UNIQUE_KEY, CREATE_USER, CREATED_ON, LINE_NO, MANAGED, FIELD_PATH, DATA_TYPE, DATA1, DATA2, TRANSITIVE_FIELDS, FORMULA, ENTITY_LOOKUP_TYPE)
VALUES ('73b1d7745aa04530ab6020411349db08', 0, '38624e6c13f946efb01639d661768178', 'custCodelist6', 'CUST_CODELIST6', 'NVARCHAR2(400)', 'CUSTOM_FIELD_CODE_LIST_CODE6', 0, 'string-m', '', '', '', '', '', '', '', 0, NULL, 400, NULL, NULL, '', '', 'system', systimestamp, '44', 0, 'entity.rfqVendor.custCodelist6', 'codelist', '', '', '', '', '');
INSERT INTO CNT_FIELD_DEFINITION
 (ID, REVISION, PARENT_ID, FIELD_ID, COLUMN_NAME, COLUMN_TYPE, REPORT_COLUMN_NAME, PRODUCT_FIELD, FIELD_TYPE, ENTITY_LOOKUP, ENTITY_LOOKUP_KEY, ORDER_BY, GENERATOR, REFER_TABLE, KEY_COLUMN, LOOKUP_COLUMN, MANDATORY, MIN_LENGTH, MAX_LENGTH, MIN_VALUE, MAX_VALUE, CONSTANT_VALUE, UNIQUE_KEY, CREATE_USER, CREATED_ON, LINE_NO, MANAGED, FIELD_PATH, DATA_TYPE, DATA1, DATA2, TRANSITIVE_FIELDS, FORMULA, ENTITY_LOOKUP_TYPE)
VALUES ('60cb9cd061e248aaa53a65bb1218476a', 0, '38624e6c13f946efb01639d661768178', 'custCodelist7', 'CUST_CODELIST7', 'NVARCHAR2(400)', 'CUSTOM_FIELD_CODE_LIST_CODE7', 0, 'string-m', '', '', '', '', '', '', '', 0, NULL, 400, NULL, NULL, '', '', 'system', systimestamp, '45', 0, 'entity.rfqVendor.custCodelist7', 'codelist', '', '', '', '', '');
INSERT INTO CNT_FIELD_DEFINITION
 (ID, REVISION, PARENT_ID, FIELD_ID, COLUMN_NAME, COLUMN_TYPE, REPORT_COLUMN_NAME, PRODUCT_FIELD, FIELD_TYPE, ENTITY_LOOKUP, ENTITY_LOOKUP_KEY, ORDER_BY, GENERATOR, REFER_TABLE, KEY_COLUMN, LOOKUP_COLUMN, MANDATORY, MIN_LENGTH, MAX_LENGTH, MIN_VALUE, MAX_VALUE, CONSTANT_VALUE, UNIQUE_KEY, CREATE_USER, CREATED_ON, LINE_NO, MANAGED, FIELD_PATH, DATA_TYPE, DATA1, DATA2, TRANSITIVE_FIELDS, FORMULA, ENTITY_LOOKUP_TYPE)
VALUES ('159ce50547b64dd3aaf9e5da9a9d2502', 0, '38624e6c13f946efb01639d661768178', 'custMemoText1', 'CUST_MEMO_TEXT1', 'NVARCHAR2(1000)', 'CUSTOM_FIELD_MEMO_TEXT1', 0, 'string-l', '', '', '', '', '', '', '', 0, NULL, 1000, NULL, NULL, '', '', 'system', systimestamp, '46', 0, 'entity.rfqVendor.custMemoText1', '', '', '', '', '', '');
INSERT INTO CNT_FIELD_DEFINITION
 (ID, REVISION, PARENT_ID, FIELD_ID, COLUMN_NAME, COLUMN_TYPE, REPORT_COLUMN_NAME, PRODUCT_FIELD, FIELD_TYPE, ENTITY_LOOKUP, ENTITY_LOOKUP_KEY, ORDER_BY, GENERATOR, REFER_TABLE, KEY_COLUMN, LOOKUP_COLUMN, MANDATORY, MIN_LENGTH, MAX_LENGTH, MIN_VALUE, MAX_VALUE, CONSTANT_VALUE, UNIQUE_KEY, CREATE_USER, CREATED_ON, LINE_NO, MANAGED, FIELD_PATH, DATA_TYPE, DATA1, DATA2, TRANSITIVE_FIELDS, FORMULA, ENTITY_LOOKUP_TYPE)
VALUES ('385b9a224496440c8f215341ea2df2a0', 0, '38624e6c13f946efb01639d661768178', 'custMemoText2', 'CUST_MEMO_TEXT2', 'NVARCHAR2(1000)', 'CUSTOM_FIELD_MEMO_TEXT2', 0, 'string-l', '', '', '', '', '', '', '', 0, NULL, 1000, NULL, NULL, '', '', 'system', systimestamp, '47', 0, 'entity.rfqVendor.custMemoText2', '', '', '', '', '', '');
INSERT INTO CNT_FIELD_DEFINITION
 (ID, REVISION, PARENT_ID, FIELD_ID, COLUMN_NAME, COLUMN_TYPE, REPORT_COLUMN_NAME, PRODUCT_FIELD, FIELD_TYPE, ENTITY_LOOKUP, ENTITY_LOOKUP_KEY, ORDER_BY, GENERATOR, REFER_TABLE, KEY_COLUMN, LOOKUP_COLUMN, MANDATORY, MIN_LENGTH, MAX_LENGTH, MIN_VALUE, MAX_VALUE, CONSTANT_VALUE, UNIQUE_KEY, CREATE_USER, CREATED_ON, LINE_NO, MANAGED, FIELD_PATH, DATA_TYPE, DATA1, DATA2, TRANSITIVE_FIELDS, FORMULA, ENTITY_LOOKUP_TYPE)
VALUES ('3be9237a8bd24153afa454478c833910', 0, '38624e6c13f946efb01639d661768178', 'custMemoText3', 'CUST_MEMO_TEXT3', 'NVARCHAR2(1000)', 'CUSTOM_FIELD_MEMO_TEXT3', 0, 'string-l', '', '', '', '', '', '', '', 0, NULL, 1000, NULL, NULL, '', '', 'system', systimestamp, '48', 0, 'entity.rfqVendor.custMemoText3', '', '', '', '', '', '');
INSERT INTO CNT_FIELD_DEFINITION
 (ID, REVISION, PARENT_ID, FIELD_ID, COLUMN_NAME, COLUMN_TYPE, REPORT_COLUMN_NAME, PRODUCT_FIELD, FIELD_TYPE, ENTITY_LOOKUP, ENTITY_LOOKUP_KEY, ORDER_BY, GENERATOR, REFER_TABLE, KEY_COLUMN, LOOKUP_COLUMN, MANDATORY, MIN_LENGTH, MAX_LENGTH, MIN_VALUE, MAX_VALUE, CONSTANT_VALUE, UNIQUE_KEY, CREATE_USER, CREATED_ON, LINE_NO, MANAGED, FIELD_PATH, DATA_TYPE, DATA1, DATA2, TRANSITIVE_FIELDS, FORMULA, ENTITY_LOOKUP_TYPE)
VALUES ('c1e83429d01045aca6e35a60ac231a7d', 0, '38624e6c13f946efb01639d661768178', 'custMemoText4', 'CUST_MEMO_TEXT4', 'NVARCHAR2(1000)', 'CUSTOM_FIELD_MEMO_TEXT4', 0, 'string-l', '', '', '', '', '', '', '', 0, NULL, 1000, NULL, NULL, '', '', 'system', systimestamp, '49', 0, 'entity.rfqVendor.custMemoText4', '', '', '', '', '', '');
INSERT INTO CNT_FIELD_DEFINITION
 (ID, REVISION, PARENT_ID, FIELD_ID, COLUMN_NAME, COLUMN_TYPE, REPORT_COLUMN_NAME, PRODUCT_FIELD, FIELD_TYPE, ENTITY_LOOKUP, ENTITY_LOOKUP_KEY, ORDER_BY, GENERATOR, REFER_TABLE, KEY_COLUMN, LOOKUP_COLUMN, MANDATORY, MIN_LENGTH, MAX_LENGTH, MIN_VALUE, MAX_VALUE, CONSTANT_VALUE, UNIQUE_KEY, CREATE_USER, CREATED_ON, LINE_NO, MANAGED, FIELD_PATH, DATA_TYPE, DATA1, DATA2, TRANSITIVE_FIELDS, FORMULA, ENTITY_LOOKUP_TYPE)
VALUES ('db7ff851ac3549a8bcee916177df3edb', 0, '38624e6c13f946efb01639d661768178', 'custMemoText5', 'CUST_MEMO_TEXT5', 'NVARCHAR2(1000)', 'CUSTOM_FIELD_MEMO_TEXT5', 0, 'string-l', '', '', '', '', '', '', '', 0, NULL, 1000, NULL, NULL, '', '', 'system', systimestamp, '50', 0, 'entity.rfqVendor.custMemoText5', '', '', '', '', '', '');
INSERT INTO CNT_FIELD_DEFINITION
 (ID, REVISION, PARENT_ID, FIELD_ID, COLUMN_NAME, COLUMN_TYPE, REPORT_COLUMN_NAME, PRODUCT_FIELD, FIELD_TYPE, ENTITY_LOOKUP, ENTITY_LOOKUP_KEY, ORDER_BY, GENERATOR, REFER_TABLE, KEY_COLUMN, LOOKUP_COLUMN, MANDATORY, MIN_LENGTH, MAX_LENGTH, MIN_VALUE, MAX_VALUE, CONSTANT_VALUE, UNIQUE_KEY, CREATE_USER, CREATED_ON, LINE_NO, MANAGED, FIELD_PATH, DATA_TYPE, DATA1, DATA2, TRANSITIVE_FIELDS, FORMULA, ENTITY_LOOKUP_TYPE)
VALUES ('84e0da5473cb4060aac7a91f0cacf3c2', 0, '38624e6c13f946efb01639d661768178', 'custMemoText6', 'CUST_MEMO_TEXT6', 'NVARCHAR2(1000)', 'CUSTOM_FIELD_MEMO_TEXT6', 0, 'string-l', '', '', '', '', '', '', '', 0, NULL, 1000, NULL, NULL, '', '', 'system', systimestamp, '51', 0, 'entity.rfqVendor.custMemoText6', '', '', '', '', '', '');
INSERT INTO CNT_FIELD_DEFINITION
 (ID, REVISION, PARENT_ID, FIELD_ID, COLUMN_NAME, COLUMN_TYPE, REPORT_COLUMN_NAME, PRODUCT_FIELD, FIELD_TYPE, ENTITY_LOOKUP, ENTITY_LOOKUP_KEY, ORDER_BY, GENERATOR, REFER_TABLE, KEY_COLUMN, LOOKUP_COLUMN, MANDATORY, MIN_LENGTH, MAX_LENGTH, MIN_VALUE, MAX_VALUE, CONSTANT_VALUE, UNIQUE_KEY, CREATE_USER, CREATED_ON, LINE_NO, MANAGED, FIELD_PATH, DATA_TYPE, DATA1, DATA2, TRANSITIVE_FIELDS, FORMULA, ENTITY_LOOKUP_TYPE)
VALUES ('d262c1f0fb414dc78b379a16daec2e73', 0, '38624e6c13f946efb01639d661768178', 'custMemoText7', 'CUST_MEMO_TEXT7', 'NVARCHAR2(1000)', 'CUSTOM_FIELD_MEMO_TEXT7', 0, 'string-l', '', '', '', '', '', '', '', 0, NULL, 1000, NULL, NULL, '', '', 'system', systimestamp, '52', 0, 'entity.rfqVendor.custMemoText7', '', '', '', '', '', '');
INSERT INTO CNT_FIELD_DEFINITION
 (ID, REVISION, PARENT_ID, FIELD_ID, COLUMN_NAME, COLUMN_TYPE, REPORT_COLUMN_NAME, PRODUCT_FIELD, FIELD_TYPE, ENTITY_LOOKUP, ENTITY_LOOKUP_KEY, ORDER_BY, GENERATOR, REFER_TABLE, KEY_COLUMN, LOOKUP_COLUMN, MANDATORY, MIN_LENGTH, MAX_LENGTH, MIN_VALUE, MAX_VALUE, CONSTANT_VALUE, UNIQUE_KEY, CREATE_USER, CREATED_ON, LINE_NO, MANAGED, FIELD_PATH, DATA_TYPE, DATA1, DATA2, TRANSITIVE_FIELDS, FORMULA, ENTITY_LOOKUP_TYPE)
VALUES ('191d574a704449539547ee242c56547c', 0, '38624e6c13f946efb01639d661768178', 'custHcl1', 'CUST_HCL1_ID', 'CHAR(32)', 'CUSTOM_FIELD_HCL_CODE_SYS_ID1', 0, 'entity', 'HclNode', 'id', '', '', '', '', '', 0, 32, 32, NULL, NULL, '', '', 'system', systimestamp, '53', 0, 'entity.rfqVendor.custHcl1', '', '', '', '', '', '');
INSERT INTO CNT_FIELD_DEFINITION
 (ID, REVISION, PARENT_ID, FIELD_ID, COLUMN_NAME, COLUMN_TYPE, REPORT_COLUMN_NAME, PRODUCT_FIELD, FIELD_TYPE, ENTITY_LOOKUP, ENTITY_LOOKUP_KEY, ORDER_BY, GENERATOR, REFER_TABLE, KEY_COLUMN, LOOKUP_COLUMN, MANDATORY, MIN_LENGTH, MAX_LENGTH, MIN_VALUE, MAX_VALUE, CONSTANT_VALUE, UNIQUE_KEY, CREATE_USER, CREATED_ON, LINE_NO, MANAGED, FIELD_PATH, DATA_TYPE, DATA1, DATA2, TRANSITIVE_FIELDS, FORMULA, ENTITY_LOOKUP_TYPE)
VALUES ('3fa26149aff6485dbcf2149450452ee9', 0, '38624e6c13f946efb01639d661768178', 'custHcl2', 'CUST_HCL2_ID', 'CHAR(32)', 'CUSTOM_FIELD_HCL_CODE_SYS_ID2', 0, 'entity', 'HclNode', 'id', '', '', '', '', '', 0, 32, 32, NULL, NULL, '', '', 'system', systimestamp, '54', 0, 'entity.rfqVendor.custHcl2', '', '', '', '', '', '');
INSERT INTO CNT_FIELD_DEFINITION
 (ID, REVISION, PARENT_ID, FIELD_ID, COLUMN_NAME, COLUMN_TYPE, REPORT_COLUMN_NAME, PRODUCT_FIELD, FIELD_TYPE, ENTITY_LOOKUP, ENTITY_LOOKUP_KEY, ORDER_BY, GENERATOR, REFER_TABLE, KEY_COLUMN, LOOKUP_COLUMN, MANDATORY, MIN_LENGTH, MAX_LENGTH, MIN_VALUE, MAX_VALUE, CONSTANT_VALUE, UNIQUE_KEY, CREATE_USER, CREATED_ON, LINE_NO, MANAGED, FIELD_PATH, DATA_TYPE, DATA1, DATA2, TRANSITIVE_FIELDS, FORMULA, ENTITY_LOOKUP_TYPE)
VALUES ('8ae5afd4039e4f819dd5d87740d111f5', 0, '38624e6c13f946efb01639d661768178', 'custHcl3', 'CUST_HCL3_ID', 'CHAR(32)', 'CUSTOM_FIELD_HCL_CODE_SYS_ID3', 0, 'entity', 'HclNode', 'id', '', '', '', '', '', 0, 32, 32, NULL, NULL, '', '', 'system', systimestamp, '55', 0, 'entity.rfqVendor.custHcl3', '', '', '', '', '', '');
INSERT INTO CNT_FIELD_DEFINITION
 (ID, REVISION, PARENT_ID, FIELD_ID, COLUMN_NAME, COLUMN_TYPE, REPORT_COLUMN_NAME, PRODUCT_FIELD, FIELD_TYPE, ENTITY_LOOKUP, ENTITY_LOOKUP_KEY, ORDER_BY, GENERATOR, REFER_TABLE, KEY_COLUMN, LOOKUP_COLUMN, MANDATORY, MIN_LENGTH, MAX_LENGTH, MIN_VALUE, MAX_VALUE, CONSTANT_VALUE, UNIQUE_KEY, CREATE_USER, CREATED_ON, LINE_NO, MANAGED, FIELD_PATH, DATA_TYPE, DATA1, DATA2, TRANSITIVE_FIELDS, FORMULA, ENTITY_LOOKUP_TYPE)
VALUES ('f423f2e159864ba0ae776864fcba0c9f', 0, '38624e6c13f946efb01639d661768178', 'custHcl4', 'CUST_HCL4_ID', 'CHAR(32)', 'CUSTOM_FIELD_HCL_CODE_SYS_ID4', 0, 'entity', 'HclNode', 'id', '', '', '', '', '', 0, 32, 32, NULL, NULL, '', '', 'system', systimestamp, '56', 0, 'entity.rfqVendor.custHcl4', '', '', '', '', '', '');
INSERT INTO CNT_FIELD_DEFINITION
 (ID, REVISION, PARENT_ID, FIELD_ID, COLUMN_NAME, COLUMN_TYPE, REPORT_COLUMN_NAME, PRODUCT_FIELD, FIELD_TYPE, ENTITY_LOOKUP, ENTITY_LOOKUP_KEY, ORDER_BY, GENERATOR, REFER_TABLE, KEY_COLUMN, LOOKUP_COLUMN, MANDATORY, MIN_LENGTH, MAX_LENGTH, MIN_VALUE, MAX_VALUE, CONSTANT_VALUE, UNIQUE_KEY, CREATE_USER, CREATED_ON, LINE_NO, MANAGED, FIELD_PATH, DATA_TYPE, DATA1, DATA2, TRANSITIVE_FIELDS, FORMULA, ENTITY_LOOKUP_TYPE)
VALUES ('ab22fb85d1f940318255a9369e03a975', 0, '38624e6c13f946efb01639d661768178', 'custHcl5', 'CUST_HCL5_ID', 'CHAR(32)', 'CUSTOM_FIELD_HCL_CODE_SYS_ID5', 0, 'entity', 'HclNode', 'id', '', '', '', '', '', 0, 32, 32, NULL, NULL, '', '', 'system', systimestamp, '57', 0, 'entity.rfqVendor.custHcl5', '', '', '', '', '', '');
INSERT INTO CNT_FIELD_DEFINITION
 (ID, REVISION, PARENT_ID, FIELD_ID, COLUMN_NAME, COLUMN_TYPE, REPORT_COLUMN_NAME, PRODUCT_FIELD, FIELD_TYPE, ENTITY_LOOKUP, ENTITY_LOOKUP_KEY, ORDER_BY, GENERATOR, REFER_TABLE, KEY_COLUMN, LOOKUP_COLUMN, MANDATORY, MIN_LENGTH, MAX_LENGTH, MIN_VALUE, MAX_VALUE, CONSTANT_VALUE, UNIQUE_KEY, CREATE_USER, CREATED_ON, LINE_NO, MANAGED, FIELD_PATH, DATA_TYPE, DATA1, DATA2, TRANSITIVE_FIELDS, FORMULA, ENTITY_LOOKUP_TYPE)
VALUES ('a9242311455f45df875e4c4c619aff3e', 0, '38624e6c13f946efb01639d661768178', 'vendorRef', 'VENDOR_REF', 'NVARCHAR2(1000)', 'N/A', 1, 'string-l', '', '', '', '', '', '', '', 0, NULL, 1000, NULL, NULL, '', '', 'system', systimestamp, '58', 0, 'entity.rfqVendor.vendorRef', '', '', '', '', '', '');
INSERT INTO CNT_FIELD_DEFINITION
 (ID, REVISION, PARENT_ID, FIELD_ID, COLUMN_NAME, COLUMN_TYPE, REPORT_COLUMN_NAME, PRODUCT_FIELD, FIELD_TYPE, ENTITY_LOOKUP, ENTITY_LOOKUP_KEY, ORDER_BY, GENERATOR, REFER_TABLE, KEY_COLUMN, LOOKUP_COLUMN, MANDATORY, MIN_LENGTH, MAX_LENGTH, MIN_VALUE, MAX_VALUE, CONSTANT_VALUE, UNIQUE_KEY, CREATE_USER, CREATED_ON, LINE_NO, MANAGED, FIELD_PATH, DATA_TYPE, DATA1, DATA2, TRANSITIVE_FIELDS, FORMULA, ENTITY_LOOKUP_TYPE)
VALUES ('c1936fdac3dd4886a40fd2cd602ddb00', 0, '38624e6c13f946efb01639d661768178', 'vendorVer', 'VENDOR_VER', 'NUMBER(20, 0)', 'N/A', 1, 'integer', '', '', '', '', '', '', '', 0, NULL, 18, NULL, NULL, '', '', 'system', systimestamp, '59', 0, 'entity.rfqVendor.vendorVer', '', '', '', '', '', '');
INSERT INTO CNT_FIELD_DEFINITION
 (ID, REVISION, PARENT_ID, FIELD_ID, COLUMN_NAME, COLUMN_TYPE, REPORT_COLUMN_NAME, PRODUCT_FIELD, FIELD_TYPE, ENTITY_LOOKUP, ENTITY_LOOKUP_KEY, ORDER_BY, GENERATOR, REFER_TABLE, KEY_COLUMN, LOOKUP_COLUMN, MANDATORY, MIN_LENGTH, MAX_LENGTH, MIN_VALUE, MAX_VALUE, CONSTANT_VALUE, UNIQUE_KEY, CREATE_USER, CREATED_ON, LINE_NO, MANAGED, FIELD_PATH, DATA_TYPE, DATA1, DATA2, TRANSITIVE_FIELDS, FORMULA, ENTITY_LOOKUP_TYPE)
VALUES ('250733656d214484a9b6900fdc3353e9', 0, '38624e6c13f946efb01639d661768178', 'custCodelist1Name', 'CUST_CODELIST1_NAME', 'NVARCHAR2(400)', 'N/A', 0, 'string-m', '', '', '', '', '', '', '', 0, NULL, 400, NULL, NULL, '', '', 'system', systimestamp, '60', 0, 'entity.rfqVendor.custCodelist1Name', '', '', '', '', '', '');
INSERT INTO CNT_FIELD_DEFINITION
 (ID, REVISION, PARENT_ID, FIELD_ID, COLUMN_NAME, COLUMN_TYPE, REPORT_COLUMN_NAME, PRODUCT_FIELD, FIELD_TYPE, ENTITY_LOOKUP, ENTITY_LOOKUP_KEY, ORDER_BY, GENERATOR, REFER_TABLE, KEY_COLUMN, LOOKUP_COLUMN, MANDATORY, MIN_LENGTH, MAX_LENGTH, MIN_VALUE, MAX_VALUE, CONSTANT_VALUE, UNIQUE_KEY, CREATE_USER, CREATED_ON, LINE_NO, MANAGED, FIELD_PATH, DATA_TYPE, DATA1, DATA2, TRANSITIVE_FIELDS, FORMULA, ENTITY_LOOKUP_TYPE)
VALUES ('788c83d7424644e5b092b69e89710d58', 0, '38624e6c13f946efb01639d661768178', 'custCodelist2Name', 'CUST_CODELIST2_NAME', 'NVARCHAR2(400)', 'N/A', 0, 'string-m', '', '', '', '', '', '', '', 0, NULL, 400, NULL, NULL, '', '', 'system', systimestamp, '61', 0, 'entity.rfqVendor.custCodelist2Name', '', '', '', '', '', '');
INSERT INTO CNT_FIELD_DEFINITION
 (ID, REVISION, PARENT_ID, FIELD_ID, COLUMN_NAME, COLUMN_TYPE, REPORT_COLUMN_NAME, PRODUCT_FIELD, FIELD_TYPE, ENTITY_LOOKUP, ENTITY_LOOKUP_KEY, ORDER_BY, GENERATOR, REFER_TABLE, KEY_COLUMN, LOOKUP_COLUMN, MANDATORY, MIN_LENGTH, MAX_LENGTH, MIN_VALUE, MAX_VALUE, CONSTANT_VALUE, UNIQUE_KEY, CREATE_USER, CREATED_ON, LINE_NO, MANAGED, FIELD_PATH, DATA_TYPE, DATA1, DATA2, TRANSITIVE_FIELDS, FORMULA, ENTITY_LOOKUP_TYPE)
VALUES ('b83789caef904cb399683dc4ab2703fb', 0, '38624e6c13f946efb01639d661768178', 'custCodelist3Name', 'CUST_CODELIST3_NAME', 'NVARCHAR2(400)', 'N/A', 0, 'string-m', '', '', '', '', '', '', '', 0, NULL, 400, NULL, NULL, '', '', 'system', systimestamp, '62', 0, 'entity.rfqVendor.custCodelist3Name', '', '', '', '', '', '');
INSERT INTO CNT_FIELD_DEFINITION
 (ID, REVISION, PARENT_ID, FIELD_ID, COLUMN_NAME, COLUMN_TYPE, REPORT_COLUMN_NAME, PRODUCT_FIELD, FIELD_TYPE, ENTITY_LOOKUP, ENTITY_LOOKUP_KEY, ORDER_BY, GENERATOR, REFER_TABLE, KEY_COLUMN, LOOKUP_COLUMN, MANDATORY, MIN_LENGTH, MAX_LENGTH, MIN_VALUE, MAX_VALUE, CONSTANT_VALUE, UNIQUE_KEY, CREATE_USER, CREATED_ON, LINE_NO, MANAGED, FIELD_PATH, DATA_TYPE, DATA1, DATA2, TRANSITIVE_FIELDS, FORMULA, ENTITY_LOOKUP_TYPE)
VALUES ('ca0bd6430c41446d8c39f12d8d9ce2c7', 0, '38624e6c13f946efb01639d661768178', 'custCodelist4Name', 'CUST_CODELIST4_NAME', 'NVARCHAR2(400)', 'N/A', 0, 'string-m', '', '', '', '', '', '', '', 0, NULL, 400, NULL, NULL, '', '', 'system', systimestamp, '63', 0, 'entity.rfqVendor.custCodelist4Name', '', '', '', '', '', '');
INSERT INTO CNT_FIELD_DEFINITION
 (ID, REVISION, PARENT_ID, FIELD_ID, COLUMN_NAME, COLUMN_TYPE, REPORT_COLUMN_NAME, PRODUCT_FIELD, FIELD_TYPE, ENTITY_LOOKUP, ENTITY_LOOKUP_KEY, ORDER_BY, GENERATOR, REFER_TABLE, KEY_COLUMN, LOOKUP_COLUMN, MANDATORY, MIN_LENGTH, MAX_LENGTH, MIN_VALUE, MAX_VALUE, CONSTANT_VALUE, UNIQUE_KEY, CREATE_USER, CREATED_ON, LINE_NO, MANAGED, FIELD_PATH, DATA_TYPE, DATA1, DATA2, TRANSITIVE_FIELDS, FORMULA, ENTITY_LOOKUP_TYPE)
VALUES ('c34a20ab28a649d6a4a14e134f401adc', 0, '38624e6c13f946efb01639d661768178', 'custCodelist5Name', 'CUST_CODELIST5_NAME', 'NVARCHAR2(400)', 'N/A', 0, 'string-m', '', '', '', '', '', '', '', 0, NULL, 400, NULL, NULL, '', '', 'system', systimestamp, '64', 0, 'entity.rfqVendor.custCodelist5Name', '', '', '', '', '', '');
INSERT INTO CNT_FIELD_DEFINITION
 (ID, REVISION, PARENT_ID, FIELD_ID, COLUMN_NAME, COLUMN_TYPE, REPORT_COLUMN_NAME, PRODUCT_FIELD, FIELD_TYPE, ENTITY_LOOKUP, ENTITY_LOOKUP_KEY, ORDER_BY, GENERATOR, REFER_TABLE, KEY_COLUMN, LOOKUP_COLUMN, MANDATORY, MIN_LENGTH, MAX_LENGTH, MIN_VALUE, MAX_VALUE, CONSTANT_VALUE, UNIQUE_KEY, CREATE_USER, CREATED_ON, LINE_NO, MANAGED, FIELD_PATH, DATA_TYPE, DATA1, DATA2, TRANSITIVE_FIELDS, FORMULA, ENTITY_LOOKUP_TYPE)
VALUES ('8c38d0fc8c63478c9fb17011b96edc64', 0, '38624e6c13f946efb01639d661768178', 'custCodelist6Name', 'CUST_CODELIST6_NAME', 'NVARCHAR2(400)', 'N/A', 0, 'string-m', '', '', '', '', '', '', '', 0, NULL, 400, NULL, NULL, '', '', 'system', systimestamp, '65', 0, 'entity.rfqVendor.custCodelist6Name', '', '', '', '', '', '');
INSERT INTO CNT_FIELD_DEFINITION
 (ID, REVISION, PARENT_ID, FIELD_ID, COLUMN_NAME, COLUMN_TYPE, REPORT_COLUMN_NAME, PRODUCT_FIELD, FIELD_TYPE, ENTITY_LOOKUP, ENTITY_LOOKUP_KEY, ORDER_BY, GENERATOR, REFER_TABLE, KEY_COLUMN, LOOKUP_COLUMN, MANDATORY, MIN_LENGTH, MAX_LENGTH, MIN_VALUE, MAX_VALUE, CONSTANT_VALUE, UNIQUE_KEY, CREATE_USER, CREATED_ON, LINE_NO, MANAGED, FIELD_PATH, DATA_TYPE, DATA1, DATA2, TRANSITIVE_FIELDS, FORMULA, ENTITY_LOOKUP_TYPE)
VALUES ('eee3263634b741e18517326adb0a7adf', 0, '38624e6c13f946efb01639d661768178', 'custCodelist7Name', 'CUST_CODELIST7_NAME', 'NVARCHAR2(400)', 'N/A', 0, 'string-m', '', '', '', '', '', '', '', 0, NULL, 400, NULL, NULL, '', '', 'system', systimestamp, '66', 0, 'entity.rfqVendor.custCodelist7Name', '', '', '', '', '', '');
INSERT INTO CNT_FIELD_DEFINITION
 (ID, REVISION, PARENT_ID, FIELD_ID, COLUMN_NAME, COLUMN_TYPE, REPORT_COLUMN_NAME, PRODUCT_FIELD, FIELD_TYPE, ENTITY_LOOKUP, ENTITY_LOOKUP_KEY, ORDER_BY, GENERATOR, REFER_TABLE, KEY_COLUMN, LOOKUP_COLUMN, MANDATORY, MIN_LENGTH, MAX_LENGTH, MIN_VALUE, MAX_VALUE, CONSTANT_VALUE, UNIQUE_KEY, CREATE_USER, CREATED_ON, LINE_NO, MANAGED, FIELD_PATH, DATA_TYPE, DATA1, DATA2, TRANSITIVE_FIELDS, FORMULA, ENTITY_LOOKUP_TYPE)
VALUES ('046fb96ef7214584b5c12acf2fa333fb', 0, '38624e6c13f946efb01639d661768178', 'custHcl1Ref', 'CUST_HCL1_REF', 'NVARCHAR2(1000)', 'N/A', 0, 'string-l', '', '', '', '', '', '', '', 0, NULL, 1000, NULL, NULL, '', '', 'system', systimestamp, '67', 0, 'entity.rfqVendor.custHcl1Ref', '', '', '', '', '', '');
INSERT INTO CNT_FIELD_DEFINITION
 (ID, REVISION, PARENT_ID, FIELD_ID, COLUMN_NAME, COLUMN_TYPE, REPORT_COLUMN_NAME, PRODUCT_FIELD, FIELD_TYPE, ENTITY_LOOKUP, ENTITY_LOOKUP_KEY, ORDER_BY, GENERATOR, REFER_TABLE, KEY_COLUMN, LOOKUP_COLUMN, MANDATORY, MIN_LENGTH, MAX_LENGTH, MIN_VALUE, MAX_VALUE, CONSTANT_VALUE, UNIQUE_KEY, CREATE_USER, CREATED_ON, LINE_NO, MANAGED, FIELD_PATH, DATA_TYPE, DATA1, DATA2, TRANSITIVE_FIELDS, FORMULA, ENTITY_LOOKUP_TYPE)
VALUES ('3cdcdc158a524ad89cd267a453b0dbb2', 0, '38624e6c13f946efb01639d661768178', 'custHcl1Ver', 'CUST_HCL1_VER', 'NUMBER(20, 0)', 'N/A', 0, 'integer', '', '', '', '', '', '', '', 0, NULL, 18, NULL, NULL, '', '', 'system', systimestamp, '68', 0, 'entity.rfqVendor.custHcl1Ver', '', '', '', '', '', '');
INSERT INTO CNT_FIELD_DEFINITION
 (ID, REVISION, PARENT_ID, FIELD_ID, COLUMN_NAME, COLUMN_TYPE, REPORT_COLUMN_NAME, PRODUCT_FIELD, FIELD_TYPE, ENTITY_LOOKUP, ENTITY_LOOKUP_KEY, ORDER_BY, GENERATOR, REFER_TABLE, KEY_COLUMN, LOOKUP_COLUMN, MANDATORY, MIN_LENGTH, MAX_LENGTH, MIN_VALUE, MAX_VALUE, CONSTANT_VALUE, UNIQUE_KEY, CREATE_USER, CREATED_ON, LINE_NO, MANAGED, FIELD_PATH, DATA_TYPE, DATA1, DATA2, TRANSITIVE_FIELDS, FORMULA, ENTITY_LOOKUP_TYPE)
VALUES ('4ee4dbef871542abb628eca21f74f784', 0, '38624e6c13f946efb01639d661768178', 'custHcl1Ref2', 'CUST_HCL1_REF2', 'NVARCHAR2(1000)', 'N/A', 0, 'string-l', '', '', '', '', '', '', '', 0, NULL, 1000, NULL, NULL, '', '', 'system', systimestamp, '69', 0, 'entity.rfqVendor.custHcl1Ref2', '', '', '', '', '', '');
INSERT INTO CNT_FIELD_DEFINITION
 (ID, REVISION, PARENT_ID, FIELD_ID, COLUMN_NAME, COLUMN_TYPE, REPORT_COLUMN_NAME, PRODUCT_FIELD, FIELD_TYPE, ENTITY_LOOKUP, ENTITY_LOOKUP_KEY, ORDER_BY, GENERATOR, REFER_TABLE, KEY_COLUMN, LOOKUP_COLUMN, MANDATORY, MIN_LENGTH, MAX_LENGTH, MIN_VALUE, MAX_VALUE, CONSTANT_VALUE, UNIQUE_KEY, CREATE_USER, CREATED_ON, LINE_NO, MANAGED, FIELD_PATH, DATA_TYPE, DATA1, DATA2, TRANSITIVE_FIELDS, FORMULA, ENTITY_LOOKUP_TYPE)
VALUES ('c6db616720f74c5c9e30760aa039cda8', 0, '38624e6c13f946efb01639d661768178', 'custHcl1FullLineage', 'CUST_HCL1_FULL_LINEAGE', 'NVARCHAR2(1000)', 'N/A', 0, 'string-l', '', '', '', '', '', '', '', 0, NULL, 1000, NULL, NULL, '', '', 'system', systimestamp, '70', 0, 'entity.rfqVendor.custHcl1FullLineage', '', '', '', '', '', '');
INSERT INTO CNT_FIELD_DEFINITION
 (ID, REVISION, PARENT_ID, FIELD_ID, COLUMN_NAME, COLUMN_TYPE, REPORT_COLUMN_NAME, PRODUCT_FIELD, FIELD_TYPE, ENTITY_LOOKUP, ENTITY_LOOKUP_KEY, ORDER_BY, GENERATOR, REFER_TABLE, KEY_COLUMN, LOOKUP_COLUMN, MANDATORY, MIN_LENGTH, MAX_LENGTH, MIN_VALUE, MAX_VALUE, CONSTANT_VALUE, UNIQUE_KEY, CREATE_USER, CREATED_ON, LINE_NO, MANAGED, FIELD_PATH, DATA_TYPE, DATA1, DATA2, TRANSITIVE_FIELDS, FORMULA, ENTITY_LOOKUP_TYPE)
VALUES ('1d19728b0c5a4988aa788dac30cb4952', 0, '38624e6c13f946efb01639d661768178', 'custHcl2Ref', 'CUST_HCL2_REF', 'NVARCHAR2(1000)', 'N/A', 0, 'string-l', '', '', '', '', '', '', '', 0, NULL, 1000, NULL, NULL, '', '', 'system', systimestamp, '71', 0, 'entity.rfqVendor.custHcl2Ref', '', '', '', '', '', '');
INSERT INTO CNT_FIELD_DEFINITION
 (ID, REVISION, PARENT_ID, FIELD_ID, COLUMN_NAME, COLUMN_TYPE, REPORT_COLUMN_NAME, PRODUCT_FIELD, FIELD_TYPE, ENTITY_LOOKUP, ENTITY_LOOKUP_KEY, ORDER_BY, GENERATOR, REFER_TABLE, KEY_COLUMN, LOOKUP_COLUMN, MANDATORY, MIN_LENGTH, MAX_LENGTH, MIN_VALUE, MAX_VALUE, CONSTANT_VALUE, UNIQUE_KEY, CREATE_USER, CREATED_ON, LINE_NO, MANAGED, FIELD_PATH, DATA_TYPE, DATA1, DATA2, TRANSITIVE_FIELDS, FORMULA, ENTITY_LOOKUP_TYPE)
VALUES ('fbef58f1f5364861b07fa24142e04841', 0, '38624e6c13f946efb01639d661768178', 'custHcl2Ver', 'CUST_HCL2_VER', 'NUMBER(20, 0)', 'N/A', 0, 'integer', '', '', '', '', '', '', '', 0, NULL, 18, NULL, NULL, '', '', 'system', systimestamp, '72', 0, 'entity.rfqVendor.custHcl2Ver', '', '', '', '', '', '');
INSERT INTO CNT_FIELD_DEFINITION
 (ID, REVISION, PARENT_ID, FIELD_ID, COLUMN_NAME, COLUMN_TYPE, REPORT_COLUMN_NAME, PRODUCT_FIELD, FIELD_TYPE, ENTITY_LOOKUP, ENTITY_LOOKUP_KEY, ORDER_BY, GENERATOR, REFER_TABLE, KEY_COLUMN, LOOKUP_COLUMN, MANDATORY, MIN_LENGTH, MAX_LENGTH, MIN_VALUE, MAX_VALUE, CONSTANT_VALUE, UNIQUE_KEY, CREATE_USER, CREATED_ON, LINE_NO, MANAGED, FIELD_PATH, DATA_TYPE, DATA1, DATA2, TRANSITIVE_FIELDS, FORMULA, ENTITY_LOOKUP_TYPE)
VALUES ('f6ae16cbf4044418b4dd700206039977', 0, '38624e6c13f946efb01639d661768178', 'custHcl2Ref2', 'CUST_HCL2_REF2', 'NVARCHAR2(1000)', 'N/A', 0, 'string-l', '', '', '', '', '', '', '', 0, NULL, 1000, NULL, NULL, '', '', 'system', systimestamp, '73', 0, 'entity.rfqVendor.custHcl2Ref2', '', '', '', '', '', '');
INSERT INTO CNT_FIELD_DEFINITION
 (ID, REVISION, PARENT_ID, FIELD_ID, COLUMN_NAME, COLUMN_TYPE, REPORT_COLUMN_NAME, PRODUCT_FIELD, FIELD_TYPE, ENTITY_LOOKUP, ENTITY_LOOKUP_KEY, ORDER_BY, GENERATOR, REFER_TABLE, KEY_COLUMN, LOOKUP_COLUMN, MANDATORY, MIN_LENGTH, MAX_LENGTH, MIN_VALUE, MAX_VALUE, CONSTANT_VALUE, UNIQUE_KEY, CREATE_USER, CREATED_ON, LINE_NO, MANAGED, FIELD_PATH, DATA_TYPE, DATA1, DATA2, TRANSITIVE_FIELDS, FORMULA, ENTITY_LOOKUP_TYPE)
VALUES ('6062714727ba489cb15d2efaf39f6a4c', 0, '38624e6c13f946efb01639d661768178', 'custHcl2FullLineage', 'CUST_HCL2_FULL_LINEAGE', 'NVARCHAR2(1000)', 'N/A', 0, 'string-l', '', '', '', '', '', '', '', 0, NULL, 1000, NULL, NULL, '', '', 'system', systimestamp, '74', 0, 'entity.rfqVendor.custHcl2FullLineage', '', '', '', '', '', '');
INSERT INTO CNT_FIELD_DEFINITION
 (ID, REVISION, PARENT_ID, FIELD_ID, COLUMN_NAME, COLUMN_TYPE, REPORT_COLUMN_NAME, PRODUCT_FIELD, FIELD_TYPE, ENTITY_LOOKUP, ENTITY_LOOKUP_KEY, ORDER_BY, GENERATOR, REFER_TABLE, KEY_COLUMN, LOOKUP_COLUMN, MANDATORY, MIN_LENGTH, MAX_LENGTH, MIN_VALUE, MAX_VALUE, CONSTANT_VALUE, UNIQUE_KEY, CREATE_USER, CREATED_ON, LINE_NO, MANAGED, FIELD_PATH, DATA_TYPE, DATA1, DATA2, TRANSITIVE_FIELDS, FORMULA, ENTITY_LOOKUP_TYPE)
VALUES ('8bb97fd4a8c54f6cb2afb8a06e25a298', 0, '38624e6c13f946efb01639d661768178', 'custHcl3Ref', 'CUST_HCL3_REF', 'NVARCHAR2(1000)', 'N/A', 0, 'string-l', '', '', '', '', '', '', '', 0, NULL, 1000, NULL, NULL, '', '', 'system', systimestamp, '75', 0, 'entity.rfqVendor.custHcl3Ref', '', '', '', '', '', '');
INSERT INTO CNT_FIELD_DEFINITION
 (ID, REVISION, PARENT_ID, FIELD_ID, COLUMN_NAME, COLUMN_TYPE, REPORT_COLUMN_NAME, PRODUCT_FIELD, FIELD_TYPE, ENTITY_LOOKUP, ENTITY_LOOKUP_KEY, ORDER_BY, GENERATOR, REFER_TABLE, KEY_COLUMN, LOOKUP_COLUMN, MANDATORY, MIN_LENGTH, MAX_LENGTH, MIN_VALUE, MAX_VALUE, CONSTANT_VALUE, UNIQUE_KEY, CREATE_USER, CREATED_ON, LINE_NO, MANAGED, FIELD_PATH, DATA_TYPE, DATA1, DATA2, TRANSITIVE_FIELDS, FORMULA, ENTITY_LOOKUP_TYPE)
VALUES ('f4df126b87d54b418a72bae02ade55b4', 0, '38624e6c13f946efb01639d661768178', 'custHcl3Ver', 'CUST_HCL3_VER', 'NUMBER(20, 0)', 'N/A', 0, 'integer', '', '', '', '', '', '', '', 0, NULL, 18, NULL, NULL, '', '', 'system', systimestamp, '76', 0, 'entity.rfqVendor.custHcl3Ver', '', '', '', '', '', '');
INSERT INTO CNT_FIELD_DEFINITION
 (ID, REVISION, PARENT_ID, FIELD_ID, COLUMN_NAME, COLUMN_TYPE, REPORT_COLUMN_NAME, PRODUCT_FIELD, FIELD_TYPE, ENTITY_LOOKUP, ENTITY_LOOKUP_KEY, ORDER_BY, GENERATOR, REFER_TABLE, KEY_COLUMN, LOOKUP_COLUMN, MANDATORY, MIN_LENGTH, MAX_LENGTH, MIN_VALUE, MAX_VALUE, CONSTANT_VALUE, UNIQUE_KEY, CREATE_USER, CREATED_ON, LINE_NO, MANAGED, FIELD_PATH, DATA_TYPE, DATA1, DATA2, TRANSITIVE_FIELDS, FORMULA, ENTITY_LOOKUP_TYPE)
VALUES ('e636b58bca9f4034ad7eca6fcec8f89c', 0, '38624e6c13f946efb01639d661768178', 'custHcl3Ref2', 'CUST_HCL3_REF2', 'NVARCHAR2(1000)', 'N/A', 0, 'string-l', '', '', '', '', '', '', '', 0, NULL, 1000, NULL, NULL, '', '', 'system', systimestamp, '77', 0, 'entity.rfqVendor.custHcl3Ref2', '', '', '', '', '', '');
INSERT INTO CNT_FIELD_DEFINITION
 (ID, REVISION, PARENT_ID, FIELD_ID, COLUMN_NAME, COLUMN_TYPE, REPORT_COLUMN_NAME, PRODUCT_FIELD, FIELD_TYPE, ENTITY_LOOKUP, ENTITY_LOOKUP_KEY, ORDER_BY, GENERATOR, REFER_TABLE, KEY_COLUMN, LOOKUP_COLUMN, MANDATORY, MIN_LENGTH, MAX_LENGTH, MIN_VALUE, MAX_VALUE, CONSTANT_VALUE, UNIQUE_KEY, CREATE_USER, CREATED_ON, LINE_NO, MANAGED, FIELD_PATH, DATA_TYPE, DATA1, DATA2, TRANSITIVE_FIELDS, FORMULA, ENTITY_LOOKUP_TYPE)
VALUES ('826b8e8f29904ff0bd83eccb291c4be5', 0, '38624e6c13f946efb01639d661768178', 'custHcl3FullLineage', 'CUST_HCL3_FULL_LINEAGE', 'NVARCHAR2(1000)', 'N/A', 0, 'string-l', '', '', '', '', '', '', '', 0, NULL, 1000, NULL, NULL, '', '', 'system', systimestamp, '78', 0, 'entity.rfqVendor.custHcl3FullLineage', '', '', '', '', '', '');
INSERT INTO CNT_FIELD_DEFINITION
 (ID, REVISION, PARENT_ID, FIELD_ID, COLUMN_NAME, COLUMN_TYPE, REPORT_COLUMN_NAME, PRODUCT_FIELD, FIELD_TYPE, ENTITY_LOOKUP, ENTITY_LOOKUP_KEY, ORDER_BY, GENERATOR, REFER_TABLE, KEY_COLUMN, LOOKUP_COLUMN, MANDATORY, MIN_LENGTH, MAX_LENGTH, MIN_VALUE, MAX_VALUE, CONSTANT_VALUE, UNIQUE_KEY, CREATE_USER, CREATED_ON, LINE_NO, MANAGED, FIELD_PATH, DATA_TYPE, DATA1, DATA2, TRANSITIVE_FIELDS, FORMULA, ENTITY_LOOKUP_TYPE)
VALUES ('d8823517a83947afbb3dc2f30f012c81', 0, '38624e6c13f946efb01639d661768178', 'custHcl4Ref', 'CUST_HCL4_REF', 'NVARCHAR2(1000)', 'N/A', 0, 'string-l', '', '', '', '', '', '', '', 0, NULL, 1000, NULL, NULL, '', '', 'system', systimestamp, '79', 0, 'entity.rfqVendor.custHcl4Ref', '', '', '', '', '', '');
INSERT INTO CNT_FIELD_DEFINITION
 (ID, REVISION, PARENT_ID, FIELD_ID, COLUMN_NAME, COLUMN_TYPE, REPORT_COLUMN_NAME, PRODUCT_FIELD, FIELD_TYPE, ENTITY_LOOKUP, ENTITY_LOOKUP_KEY, ORDER_BY, GENERATOR, REFER_TABLE, KEY_COLUMN, LOOKUP_COLUMN, MANDATORY, MIN_LENGTH, MAX_LENGTH, MIN_VALUE, MAX_VALUE, CONSTANT_VALUE, UNIQUE_KEY, CREATE_USER, CREATED_ON, LINE_NO, MANAGED, FIELD_PATH, DATA_TYPE, DATA1, DATA2, TRANSITIVE_FIELDS, FORMULA, ENTITY_LOOKUP_TYPE)
VALUES ('b689bef154eb48f48fae555322a31207', 0, '38624e6c13f946efb01639d661768178', 'custHcl4Ver', 'CUST_HCL4_VER', 'NUMBER(20, 0)', 'N/A', 0, 'integer', '', '', '', '', '', '', '', 0, NULL, 18, NULL, NULL, '', '', 'system', systimestamp, '80', 0, 'entity.rfqVendor.custHcl4Ver', '', '', '', '', '', '');
INSERT INTO CNT_FIELD_DEFINITION
 (ID, REVISION, PARENT_ID, FIELD_ID, COLUMN_NAME, COLUMN_TYPE, REPORT_COLUMN_NAME, PRODUCT_FIELD, FIELD_TYPE, ENTITY_LOOKUP, ENTITY_LOOKUP_KEY, ORDER_BY, GENERATOR, REFER_TABLE, KEY_COLUMN, LOOKUP_COLUMN, MANDATORY, MIN_LENGTH, MAX_LENGTH, MIN_VALUE, MAX_VALUE, CONSTANT_VALUE, UNIQUE_KEY, CREATE_USER, CREATED_ON, LINE_NO, MANAGED, FIELD_PATH, DATA_TYPE, DATA1, DATA2, TRANSITIVE_FIELDS, FORMULA, ENTITY_LOOKUP_TYPE)
VALUES ('5a47f9458de74a9d8d9542a3abcbc1c1', 0, '38624e6c13f946efb01639d661768178', 'custHcl4Ref2', 'CUST_HCL4_REF2', 'NVARCHAR2(1000)', 'N/A', 0, 'string-l', '', '', '', '', '', '', '', 0, NULL, 1000, NULL, NULL, '', '', 'system', systimestamp, '81', 0, 'entity.rfqVendor.custHcl4Ref2', '', '', '', '', '', '');
INSERT INTO CNT_FIELD_DEFINITION
 (ID, REVISION, PARENT_ID, FIELD_ID, COLUMN_NAME, COLUMN_TYPE, REPORT_COLUMN_NAME, PRODUCT_FIELD, FIELD_TYPE, ENTITY_LOOKUP, ENTITY_LOOKUP_KEY, ORDER_BY, GENERATOR, REFER_TABLE, KEY_COLUMN, LOOKUP_COLUMN, MANDATORY, MIN_LENGTH, MAX_LENGTH, MIN_VALUE, MAX_VALUE, CONSTANT_VALUE, UNIQUE_KEY, CREATE_USER, CREATED_ON, LINE_NO, MANAGED, FIELD_PATH, DATA_TYPE, DATA1, DATA2, TRANSITIVE_FIELDS, FORMULA, ENTITY_LOOKUP_TYPE)
VALUES ('509c426476bd4dbf9cd8fb9abe40951c', 0, '38624e6c13f946efb01639d661768178', 'custHcl4FullLineage', 'CUST_HCL4_FULL_LINEAGE', 'NVARCHAR2(1000)', 'N/A', 0, 'string-l', '', '', '', '', '', '', '', 0, NULL, 1000, NULL, NULL, '', '', 'system', systimestamp, '82', 0, 'entity.rfqVendor.custHcl4FullLineage', '', '', '', '', '', '');
INSERT INTO CNT_FIELD_DEFINITION
 (ID, REVISION, PARENT_ID, FIELD_ID, COLUMN_NAME, COLUMN_TYPE, REPORT_COLUMN_NAME, PRODUCT_FIELD, FIELD_TYPE, ENTITY_LOOKUP, ENTITY_LOOKUP_KEY, ORDER_BY, GENERATOR, REFER_TABLE, KEY_COLUMN, LOOKUP_COLUMN, MANDATORY, MIN_LENGTH, MAX_LENGTH, MIN_VALUE, MAX_VALUE, CONSTANT_VALUE, UNIQUE_KEY, CREATE_USER, CREATED_ON, LINE_NO, MANAGED, FIELD_PATH, DATA_TYPE, DATA1, DATA2, TRANSITIVE_FIELDS, FORMULA, ENTITY_LOOKUP_TYPE)
VALUES ('d349546ea176422b9869036cf586308d', 0, '38624e6c13f946efb01639d661768178', 'custHcl5Ref', 'CUST_HCL5_REF', 'NVARCHAR2(1000)', 'N/A', 0, 'string-l', '', '', '', '', '', '', '', 0, NULL, 1000, NULL, NULL, '', '', 'system', systimestamp, '83', 0, 'entity.rfqVendor.custHcl5Ref', '', '', '', '', '', '');
INSERT INTO CNT_FIELD_DEFINITION
 (ID, REVISION, PARENT_ID, FIELD_ID, COLUMN_NAME, COLUMN_TYPE, REPORT_COLUMN_NAME, PRODUCT_FIELD, FIELD_TYPE, ENTITY_LOOKUP, ENTITY_LOOKUP_KEY, ORDER_BY, GENERATOR, REFER_TABLE, KEY_COLUMN, LOOKUP_COLUMN, MANDATORY, MIN_LENGTH, MAX_LENGTH, MIN_VALUE, MAX_VALUE, CONSTANT_VALUE, UNIQUE_KEY, CREATE_USER, CREATED_ON, LINE_NO, MANAGED, FIELD_PATH, DATA_TYPE, DATA1, DATA2, TRANSITIVE_FIELDS, FORMULA, ENTITY_LOOKUP_TYPE)
VALUES ('f5fa5255ffaa4fe8970be3a98b9e2c7d', 0, '38624e6c13f946efb01639d661768178', 'custHcl5Ver', 'CUST_HCL5_VER', 'NUMBER(20, 0)', 'N/A', 0, 'integer', '', '', '', '', '', '', '', 0, NULL, 18, NULL, NULL, '', '', 'system', systimestamp, '84', 0, 'entity.rfqVendor.custHcl5Ver', '', '', '', '', '', '');
INSERT INTO CNT_FIELD_DEFINITION
 (ID, REVISION, PARENT_ID, FIELD_ID, COLUMN_NAME, COLUMN_TYPE, REPORT_COLUMN_NAME, PRODUCT_FIELD, FIELD_TYPE, ENTITY_LOOKUP, ENTITY_LOOKUP_KEY, ORDER_BY, GENERATOR, REFER_TABLE, KEY_COLUMN, LOOKUP_COLUMN, MANDATORY, MIN_LENGTH, MAX_LENGTH, MIN_VALUE, MAX_VALUE, CONSTANT_VALUE, UNIQUE_KEY, CREATE_USER, CREATED_ON, LINE_NO, MANAGED, FIELD_PATH, DATA_TYPE, DATA1, DATA2, TRANSITIVE_FIELDS, FORMULA, ENTITY_LOOKUP_TYPE)
VALUES ('6466f2b8ce4d46fb8ae8c66490911c74', 0, '38624e6c13f946efb01639d661768178', 'custHcl5Ref2', 'CUST_HCL5_REF2', 'NVARCHAR2(1000)', 'N/A', 0, 'string-l', '', '', '', '', '', '', '', 0, NULL, 1000, NULL, NULL, '', '', 'system', systimestamp, '85', 0, 'entity.rfqVendor.custHcl5Ref2', '', '', '', '', '', '');
INSERT INTO CNT_FIELD_DEFINITION
 (ID, REVISION, PARENT_ID, FIELD_ID, COLUMN_NAME, COLUMN_TYPE, REPORT_COLUMN_NAME, PRODUCT_FIELD, FIELD_TYPE, ENTITY_LOOKUP, ENTITY_LOOKUP_KEY, ORDER_BY, GENERATOR, REFER_TABLE, KEY_COLUMN, LOOKUP_COLUMN, MANDATORY, MIN_LENGTH, MAX_LENGTH, MIN_VALUE, MAX_VALUE, CONSTANT_VALUE, UNIQUE_KEY, CREATE_USER, CREATED_ON, LINE_NO, MANAGED, FIELD_PATH, DATA_TYPE, DATA1, DATA2, TRANSITIVE_FIELDS, FORMULA, ENTITY_LOOKUP_TYPE)
VALUES ('9454093d8f9545cd8a0e7da52ae68a68', 0, '38624e6c13f946efb01639d661768178', 'custHcl5FullLineage', 'CUST_HCL5_FULL_LINEAGE', 'NVARCHAR2(1000)', 'N/A', 0, 'string-l', '', '', '', '', '', '', '', 0, NULL, 1000, NULL, NULL, '', '', 'system', systimestamp, '86', 0, 'entity.rfqVendor.custHcl5FullLineage', '', '', '', '', '', '');
INSERT INTO CNT_ENTITY_DEFINITION
 (ID, REVISION, ENTITY_NAME, ENTITY_VERSION, PRODUCT_TABLE_NAME, CUSTOM_TABLE_NAME, REPORT_TABLE_NAME, MODULE, TYPE, REVISION_TRACKING, VERSION_TRACKING, HISTORY_ENTITY_NAME, REF_PATTERN, SYSTEM_ENTITY, CREATE_USER, CREATED_ON, IS_FOR_EXTERNAL)
VALUES ('1e6c0e65891e4475ba8527db15859198', 0, 'RfqHistory', 1, 'CNT_RFQ_H', '', '', 'rfq', 'inner', '', '', '', '', 1, 'system', systimestamp, 0);
INSERT INTO CNT_FIELD_DEFINITION
 (ID, REVISION, PARENT_ID, FIELD_ID, COLUMN_NAME, COLUMN_TYPE, REPORT_COLUMN_NAME, PRODUCT_FIELD, FIELD_TYPE, ENTITY_LOOKUP, ENTITY_LOOKUP_KEY, ORDER_BY, GENERATOR, REFER_TABLE, KEY_COLUMN, LOOKUP_COLUMN, MANDATORY, MIN_LENGTH, MAX_LENGTH, MIN_VALUE, MAX_VALUE, CONSTANT_VALUE, UNIQUE_KEY, CREATE_USER, CREATED_ON, LINE_NO, MANAGED, FIELD_PATH, DATA_TYPE, DATA1, DATA2, TRANSITIVE_FIELDS, FORMULA, ENTITY_LOOKUP_TYPE)
VALUES ('a540c415d3cd4eb7b455e6d2c3b22201', 0, '1e6c0e65891e4475ba8527db15859198', 'id', 'ID', 'CHAR(32)', '', 1, 'id', '', '', '', 'com.core.cbx.data.generator.UUIDGenerator', '', '', '', 0, 32, 32, NULL, NULL, '', '', 'system', systimestamp, '0', 0, 'entity.id', '', '', '', '', '', '');
INSERT INTO CNT_FIELD_DEFINITION
 (ID, REVISION, PARENT_ID, FIELD_ID, COLUMN_NAME, COLUMN_TYPE, REPORT_COLUMN_NAME, PRODUCT_FIELD, FIELD_TYPE, ENTITY_LOOKUP, ENTITY_LOOKUP_KEY, ORDER_BY, GENERATOR, REFER_TABLE, KEY_COLUMN, LOOKUP_COLUMN, MANDATORY, MIN_LENGTH, MAX_LENGTH, MIN_VALUE, MAX_VALUE, CONSTANT_VALUE, UNIQUE_KEY, CREATE_USER, CREATED_ON, LINE_NO, MANAGED, FIELD_PATH, DATA_TYPE, DATA1, DATA2, TRANSITIVE_FIELDS, FORMULA, ENTITY_LOOKUP_TYPE)
VALUES ('4d901a3857604080846172157c6d2185', 0, '1e6c0e65891e4475ba8527db15859198', 'revision', 'REVISION', 'NUMBER(20, 0)', '', 1, 'integer', '', '', '', '', '', '', '', 0, NULL, 18, NULL, NULL, '', '', 'system', systimestamp, '1', 0, 'entity.revision', '', '', '', '', '', '');
INSERT INTO CNT_FIELD_DEFINITION
 (ID, REVISION, PARENT_ID, FIELD_ID, COLUMN_NAME, COLUMN_TYPE, REPORT_COLUMN_NAME, PRODUCT_FIELD, FIELD_TYPE, ENTITY_LOOKUP, ENTITY_LOOKUP_KEY, ORDER_BY, GENERATOR, REFER_TABLE, KEY_COLUMN, LOOKUP_COLUMN, MANDATORY, MIN_LENGTH, MAX_LENGTH, MIN_VALUE, MAX_VALUE, CONSTANT_VALUE, UNIQUE_KEY, CREATE_USER, CREATED_ON, LINE_NO, MANAGED, FIELD_PATH, DATA_TYPE, DATA1, DATA2, TRANSITIVE_FIELDS, FORMULA, ENTITY_LOOKUP_TYPE)
VALUES ('fd40126400d84e0db77785e268db9736', 0, '1e6c0e65891e4475ba8527db15859198', 'entityVersion', 'ENTITY_VERSION', 'NUMBER(20, 0)', '', 1, 'integer', '', '', '', '', '', '', '', 0, NULL, 18, NULL, NULL, '', '', 'system', systimestamp, '2', 0, 'entity.entityVersion', '', '', '', '', '', '');
INSERT INTO CNT_FIELD_DEFINITION
 (ID, REVISION, PARENT_ID, FIELD_ID, COLUMN_NAME, COLUMN_TYPE, REPORT_COLUMN_NAME, PRODUCT_FIELD, FIELD_TYPE, ENTITY_LOOKUP, ENTITY_LOOKUP_KEY, ORDER_BY, GENERATOR, REFER_TABLE, KEY_COLUMN, LOOKUP_COLUMN, MANDATORY, MIN_LENGTH, MAX_LENGTH, MIN_VALUE, MAX_VALUE, CONSTANT_VALUE, UNIQUE_KEY, CREATE_USER, CREATED_ON, LINE_NO, MANAGED, FIELD_PATH, DATA_TYPE, DATA1, DATA2, TRANSITIVE_FIELDS, FORMULA, ENTITY_LOOKUP_TYPE)
VALUES ('adf051f1144d46438ea48bc5180e248d', 0, '1e6c0e65891e4475ba8527db15859198', 'domainId', 'DOMAIN_ID', 'NVARCHAR2(400)', '', 1, 'string-m', '', '', '', '', '', '', '', 0, NULL, 400, NULL, NULL, '', '', 'system', systimestamp, '3', 0, 'entity.domainId', '', '', '', '', '', '');
INSERT INTO CNT_FIELD_DEFINITION
 (ID, REVISION, PARENT_ID, FIELD_ID, COLUMN_NAME, COLUMN_TYPE, REPORT_COLUMN_NAME, PRODUCT_FIELD, FIELD_TYPE, ENTITY_LOOKUP, ENTITY_LOOKUP_KEY, ORDER_BY, GENERATOR, REFER_TABLE, KEY_COLUMN, LOOKUP_COLUMN, MANDATORY, MIN_LENGTH, MAX_LENGTH, MIN_VALUE, MAX_VALUE, CONSTANT_VALUE, UNIQUE_KEY, CREATE_USER, CREATED_ON, LINE_NO, MANAGED, FIELD_PATH, DATA_TYPE, DATA1, DATA2, TRANSITIVE_FIELDS, FORMULA, ENTITY_LOOKUP_TYPE)
VALUES ('61a6f73d3d384c00833df3707b3882b0', 0, '1e6c0e65891e4475ba8527db15859198', 'hubDomainId', 'HUB_DOMAIN_ID', 'NVARCHAR2(400)', '', 1, 'string-m', '', '', '', '', '', '', '', 0, NULL, 400, NULL, NULL, '', '', 'system', systimestamp, '4', 0, 'entity.hubDomainId', '', '', '', '', '', '');
INSERT INTO CNT_FIELD_DEFINITION
 (ID, REVISION, PARENT_ID, FIELD_ID, COLUMN_NAME, COLUMN_TYPE, REPORT_COLUMN_NAME, PRODUCT_FIELD, FIELD_TYPE, ENTITY_LOOKUP, ENTITY_LOOKUP_KEY, ORDER_BY, GENERATOR, REFER_TABLE, KEY_COLUMN, LOOKUP_COLUMN, MANDATORY, MIN_LENGTH, MAX_LENGTH, MIN_VALUE, MAX_VALUE, CONSTANT_VALUE, UNIQUE_KEY, CREATE_USER, CREATED_ON, LINE_NO, MANAGED, FIELD_PATH, DATA_TYPE, DATA1, DATA2, TRANSITIVE_FIELDS, FORMULA, ENTITY_LOOKUP_TYPE)
VALUES ('83bce367154245ca954ca719f495c641', 0, '1e6c0e65891e4475ba8527db15859198', 'isForReference', 'IS_FOR_REFERENCE', 'NUMBER(1,0)', '', 1, 'boolean', '', '', '', '', '', '', '', 0, NULL, NULL, NULL, NULL, '', '', 'system', systimestamp, '5', 0, 'entity.isForReference', '', '', '', '', '', '');
INSERT INTO CNT_FIELD_DEFINITION
 (ID, REVISION, PARENT_ID, FIELD_ID, COLUMN_NAME, COLUMN_TYPE, REPORT_COLUMN_NAME, PRODUCT_FIELD, FIELD_TYPE, ENTITY_LOOKUP, ENTITY_LOOKUP_KEY, ORDER_BY, GENERATOR, REFER_TABLE, KEY_COLUMN, LOOKUP_COLUMN, MANDATORY, MIN_LENGTH, MAX_LENGTH, MIN_VALUE, MAX_VALUE, CONSTANT_VALUE, UNIQUE_KEY, CREATE_USER, CREATED_ON, LINE_NO, MANAGED, FIELD_PATH, DATA_TYPE, DATA1, DATA2, TRANSITIVE_FIELDS, FORMULA, ENTITY_LOOKUP_TYPE)
VALUES ('9245279fda3e4295bf63f9ceb2e628e6', 0, '1e6c0e65891e4475ba8527db15859198', 'internalSeqNo', 'INTERNAL_SEQ_NO', 'NUMBER(20, 0)', 'n/a', 1, 'integer', '', '', '', '', '', '', '', 0, NULL, 18, NULL, NULL, '', '', 'system', systimestamp, '6', 0, 'entity.internalSeqNo', '', '', '', '', '', '');
INSERT INTO CNT_FIELD_DEFINITION
 (ID, REVISION, PARENT_ID, FIELD_ID, COLUMN_NAME, COLUMN_TYPE, REPORT_COLUMN_NAME, PRODUCT_FIELD, FIELD_TYPE, ENTITY_LOOKUP, ENTITY_LOOKUP_KEY, ORDER_BY, GENERATOR, REFER_TABLE, KEY_COLUMN, LOOKUP_COLUMN, MANDATORY, MIN_LENGTH, MAX_LENGTH, MIN_VALUE, MAX_VALUE, CONSTANT_VALUE, UNIQUE_KEY, CREATE_USER, CREATED_ON, LINE_NO, MANAGED, FIELD_PATH, DATA_TYPE, DATA1, DATA2, TRANSITIVE_FIELDS, FORMULA, ENTITY_LOOKUP_TYPE)
VALUES ('2385c19b847a47cca94f0fea02c996fb', 0, '1e6c0e65891e4475ba8527db15859198', 'parentId', 'PARENT_ID', 'NVARCHAR2(400)', '', 1, 'string-m', '', '', '', '', '', '', '', 0, NULL, 400, NULL, NULL, '', '', 'system', systimestamp, '7', 0, 'entity.parentId', '', '', '', '', '', '');
INSERT INTO CNT_FIELD_DEFINITION
 (ID, REVISION, PARENT_ID, FIELD_ID, COLUMN_NAME, COLUMN_TYPE, REPORT_COLUMN_NAME, PRODUCT_FIELD, FIELD_TYPE, ENTITY_LOOKUP, ENTITY_LOOKUP_KEY, ORDER_BY, GENERATOR, REFER_TABLE, KEY_COLUMN, LOOKUP_COLUMN, MANDATORY, MIN_LENGTH, MAX_LENGTH, MIN_VALUE, MAX_VALUE, CONSTANT_VALUE, UNIQUE_KEY, CREATE_USER, CREATED_ON, LINE_NO, MANAGED, FIELD_PATH, DATA_TYPE, DATA1, DATA2, TRANSITIVE_FIELDS, FORMULA, ENTITY_LOOKUP_TYPE)
VALUES ('84f3c1baac024f69815585a20ff3148a', 0, '1e6c0e65891e4475ba8527db15859198', 'docVersion', 'DOC_VERSION', 'NUMBER(20, 0)', '', 1, 'integer', '', '', '', '', '', '', '', 0, NULL, 18, NULL, NULL, '', '', 'system', systimestamp, '8', 0, 'entity.docVersion', '', '', '', '', '', '');
INSERT INTO CNT_FIELD_DEFINITION
 (ID, REVISION, PARENT_ID, FIELD_ID, COLUMN_NAME, COLUMN_TYPE, REPORT_COLUMN_NAME, PRODUCT_FIELD, FIELD_TYPE, ENTITY_LOOKUP, ENTITY_LOOKUP_KEY, ORDER_BY, GENERATOR, REFER_TABLE, KEY_COLUMN, LOOKUP_COLUMN, MANDATORY, MIN_LENGTH, MAX_LENGTH, MIN_VALUE, MAX_VALUE, CONSTANT_VALUE, UNIQUE_KEY, CREATE_USER, CREATED_ON, LINE_NO, MANAGED, FIELD_PATH, DATA_TYPE, DATA1, DATA2, TRANSITIVE_FIELDS, FORMULA, ENTITY_LOOKUP_TYPE)
VALUES ('4c5568229fc2499ca2bc8a90e4f7061a', 0, '1e6c0e65891e4475ba8527db15859198', 'docRevision', 'DOC_REVISION', 'NUMBER(20, 0)', '', 1, 'integer', '', '', '', '', '', '', '', 0, NULL, 18, NULL, NULL, '', '', 'system', systimestamp, '9', 0, 'entity.docRevision', '', '', '', '', '', '');
INSERT INTO CNT_FIELD_DEFINITION
 (ID, REVISION, PARENT_ID, FIELD_ID, COLUMN_NAME, COLUMN_TYPE, REPORT_COLUMN_NAME, PRODUCT_FIELD, FIELD_TYPE, ENTITY_LOOKUP, ENTITY_LOOKUP_KEY, ORDER_BY, GENERATOR, REFER_TABLE, KEY_COLUMN, LOOKUP_COLUMN, MANDATORY, MIN_LENGTH, MAX_LENGTH, MIN_VALUE, MAX_VALUE, CONSTANT_VALUE, UNIQUE_KEY, CREATE_USER, CREATED_ON, LINE_NO, MANAGED, FIELD_PATH, DATA_TYPE, DATA1, DATA2, TRANSITIVE_FIELDS, FORMULA, ENTITY_LOOKUP_TYPE)
VALUES ('be9e03a1b2d041ff90a9c9bedc0fc78b', 0, '1e6c0e65891e4475ba8527db15859198', 'itemId', 'ITEM_ID', 'NVARCHAR2(400)', '', 1, 'string-m', '', '', '', '', '', '', '', 0, NULL, 400, NULL, NULL, '', '', 'system', systimestamp, '10', 0, 'entity.itemId', '', '', '', '', '', '');
INSERT INTO CNT_FIELD_DEFINITION
 (ID, REVISION, PARENT_ID, FIELD_ID, COLUMN_NAME, COLUMN_TYPE, REPORT_COLUMN_NAME, PRODUCT_FIELD, FIELD_TYPE, ENTITY_LOOKUP, ENTITY_LOOKUP_KEY, ORDER_BY, GENERATOR, REFER_TABLE, KEY_COLUMN, LOOKUP_COLUMN, MANDATORY, MIN_LENGTH, MAX_LENGTH, MIN_VALUE, MAX_VALUE, CONSTANT_VALUE, UNIQUE_KEY, CREATE_USER, CREATED_ON, LINE_NO, MANAGED, FIELD_PATH, DATA_TYPE, DATA1, DATA2, TRANSITIVE_FIELDS, FORMULA, ENTITY_LOOKUP_TYPE)
VALUES ('b0ac5c2edd004d39945a70cef8414155', 0, '1e6c0e65891e4475ba8527db15859198', 'itemRevision', 'ITEM_REVISION', 'NUMBER(20, 0)', '', 1, 'integer', '', '', '', '', '', '', '', 0, NULL, 18, NULL, NULL, '', '', 'system', systimestamp, '11', 0, 'entity.itemRevision', '', '', '', '', '', '');
INSERT INTO CNT_FIELD_DEFINITION
 (ID, REVISION, PARENT_ID, FIELD_ID, COLUMN_NAME, COLUMN_TYPE, REPORT_COLUMN_NAME, PRODUCT_FIELD, FIELD_TYPE, ENTITY_LOOKUP, ENTITY_LOOKUP_KEY, ORDER_BY, GENERATOR, REFER_TABLE, KEY_COLUMN, LOOKUP_COLUMN, MANDATORY, MIN_LENGTH, MAX_LENGTH, MIN_VALUE, MAX_VALUE, CONSTANT_VALUE, UNIQUE_KEY, CREATE_USER, CREATED_ON, LINE_NO, MANAGED, FIELD_PATH, DATA_TYPE, DATA1, DATA2, TRANSITIVE_FIELDS, FORMULA, ENTITY_LOOKUP_TYPE)
VALUES ('537ee09915624eff861fa3d34a59d42e', 0, '1e6c0e65891e4475ba8527db15859198', 'itemEntityName', 'ITEM_ENTITY_NAME', 'NVARCHAR2(400)', '', 1, 'string-m', '', '', '', '', '', '', '', 0, NULL, 400, NULL, NULL, '', '', 'system', systimestamp, '12', 0, 'entity.itemEntityName', '', '', '', '', '', '');
INSERT INTO CNT_FIELD_DEFINITION
 (ID, REVISION, PARENT_ID, FIELD_ID, COLUMN_NAME, COLUMN_TYPE, REPORT_COLUMN_NAME, PRODUCT_FIELD, FIELD_TYPE, ENTITY_LOOKUP, ENTITY_LOOKUP_KEY, ORDER_BY, GENERATOR, REFER_TABLE, KEY_COLUMN, LOOKUP_COLUMN, MANDATORY, MIN_LENGTH, MAX_LENGTH, MIN_VALUE, MAX_VALUE, CONSTANT_VALUE, UNIQUE_KEY, CREATE_USER, CREATED_ON, LINE_NO, MANAGED, FIELD_PATH, DATA_TYPE, DATA1, DATA2, TRANSITIVE_FIELDS, FORMULA, ENTITY_LOOKUP_TYPE)
VALUES ('f32f17fe937745c8995eac8ce39ff41d', 0, '1e6c0e65891e4475ba8527db15859198', 'type', 'TYPE', 'NUMBER(20, 0)', '', 1, 'integer', '', '', '', '', '', '', '', 0, NULL, 18, NULL, NULL, '', '', 'system', systimestamp, '13', 0, 'entity.type', '', '', '', '', '', '');
INSERT INTO CNT_FIELD_DEFINITION
 (ID, REVISION, PARENT_ID, FIELD_ID, COLUMN_NAME, COLUMN_TYPE, REPORT_COLUMN_NAME, PRODUCT_FIELD, FIELD_TYPE, ENTITY_LOOKUP, ENTITY_LOOKUP_KEY, ORDER_BY, GENERATOR, REFER_TABLE, KEY_COLUMN, LOOKUP_COLUMN, MANDATORY, MIN_LENGTH, MAX_LENGTH, MIN_VALUE, MAX_VALUE, CONSTANT_VALUE, UNIQUE_KEY, CREATE_USER, CREATED_ON, LINE_NO, MANAGED, FIELD_PATH, DATA_TYPE, DATA1, DATA2, TRANSITIVE_FIELDS, FORMULA, ENTITY_LOOKUP_TYPE)
VALUES ('9727f53ea37d4fffbb93deeb2018cf05', 0, '1e6c0e65891e4475ba8527db15859198', 'fieldId', 'FIELD_ID', 'NVARCHAR2(400)', '', 1, 'string-m', '', '', '', '', '', '', '', 0, NULL, 400, NULL, NULL, '', '', 'system', systimestamp, '14', 0, 'entity.fieldId', '', '', '', '', '', '');
INSERT INTO CNT_FIELD_DEFINITION
 (ID, REVISION, PARENT_ID, FIELD_ID, COLUMN_NAME, COLUMN_TYPE, REPORT_COLUMN_NAME, PRODUCT_FIELD, FIELD_TYPE, ENTITY_LOOKUP, ENTITY_LOOKUP_KEY, ORDER_BY, GENERATOR, REFER_TABLE, KEY_COLUMN, LOOKUP_COLUMN, MANDATORY, MIN_LENGTH, MAX_LENGTH, MIN_VALUE, MAX_VALUE, CONSTANT_VALUE, UNIQUE_KEY, CREATE_USER, CREATED_ON, LINE_NO, MANAGED, FIELD_PATH, DATA_TYPE, DATA1, DATA2, TRANSITIVE_FIELDS, FORMULA, ENTITY_LOOKUP_TYPE)
VALUES ('5c31de35b81247da82d8a118a9b5d1b6', 0, '1e6c0e65891e4475ba8527db15859198', 'path', 'PATH', 'NVARCHAR2(1000)', '', 1, 'string-l', '', '', '', '', '', '', '', 0, NULL, 1000, NULL, NULL, '', '', 'system', systimestamp, '15', 0, 'entity.path', '', '', '', '', '', '');
INSERT INTO CNT_FIELD_DEFINITION
 (ID, REVISION, PARENT_ID, FIELD_ID, COLUMN_NAME, COLUMN_TYPE, REPORT_COLUMN_NAME, PRODUCT_FIELD, FIELD_TYPE, ENTITY_LOOKUP, ENTITY_LOOKUP_KEY, ORDER_BY, GENERATOR, REFER_TABLE, KEY_COLUMN, LOOKUP_COLUMN, MANDATORY, MIN_LENGTH, MAX_LENGTH, MIN_VALUE, MAX_VALUE, CONSTANT_VALUE, UNIQUE_KEY, CREATE_USER, CREATED_ON, LINE_NO, MANAGED, FIELD_PATH, DATA_TYPE, DATA1, DATA2, TRANSITIVE_FIELDS, FORMULA, ENTITY_LOOKUP_TYPE)
VALUES ('3838593c27324287aea24b46e0725e18', 0, '1e6c0e65891e4475ba8527db15859198', 'refValue', 'REF_VALUE', 'NVARCHAR2(400)', '', 1, 'string-m', '', '', '', '', '', '', '', 0, NULL, 400, NULL, NULL, '', '', 'system', systimestamp, '16', 0, 'entity.refValue', '', '', '', '', '', '');
INSERT INTO CNT_FIELD_DEFINITION
 (ID, REVISION, PARENT_ID, FIELD_ID, COLUMN_NAME, COLUMN_TYPE, REPORT_COLUMN_NAME, PRODUCT_FIELD, FIELD_TYPE, ENTITY_LOOKUP, ENTITY_LOOKUP_KEY, ORDER_BY, GENERATOR, REFER_TABLE, KEY_COLUMN, LOOKUP_COLUMN, MANDATORY, MIN_LENGTH, MAX_LENGTH, MIN_VALUE, MAX_VALUE, CONSTANT_VALUE, UNIQUE_KEY, CREATE_USER, CREATED_ON, LINE_NO, MANAGED, FIELD_PATH, DATA_TYPE, DATA1, DATA2, TRANSITIVE_FIELDS, FORMULA, ENTITY_LOOKUP_TYPE)
VALUES ('ca05c1bb006a4d8c8503898c6bbb39a2', 0, '1e6c0e65891e4475ba8527db15859198', 'operation', 'OPERATION', 'NVARCHAR2(400)', '', 1, 'string-m', '', '', '', '', '', '', '', 0, NULL, 400, NULL, NULL, '', '', 'system', systimestamp, '17', 0, 'entity.operation', '', '', '', '', '', '');
INSERT INTO CNT_FIELD_DEFINITION
 (ID, REVISION, PARENT_ID, FIELD_ID, COLUMN_NAME, COLUMN_TYPE, REPORT_COLUMN_NAME, PRODUCT_FIELD, FIELD_TYPE, ENTITY_LOOKUP, ENTITY_LOOKUP_KEY, ORDER_BY, GENERATOR, REFER_TABLE, KEY_COLUMN, LOOKUP_COLUMN, MANDATORY, MIN_LENGTH, MAX_LENGTH, MIN_VALUE, MAX_VALUE, CONSTANT_VALUE, UNIQUE_KEY, CREATE_USER, CREATED_ON, LINE_NO, MANAGED, FIELD_PATH, DATA_TYPE, DATA1, DATA2, TRANSITIVE_FIELDS, FORMULA, ENTITY_LOOKUP_TYPE)
VALUES ('9563fa792a274980b2116395fbfcd9b5', 0, '1e6c0e65891e4475ba8527db15859198', 'valueBefore', 'VALUE_BEFORE', 'CLOB', '', 1, 'clob', '', '', '', '', '', '', '', 0, NULL, NULL, NULL, NULL, '', '', 'system', systimestamp, '18', 0, 'entity.valueBefore', '', '', '', '', '', '');
INSERT INTO CNT_FIELD_DEFINITION
 (ID, REVISION, PARENT_ID, FIELD_ID, COLUMN_NAME, COLUMN_TYPE, REPORT_COLUMN_NAME, PRODUCT_FIELD, FIELD_TYPE, ENTITY_LOOKUP, ENTITY_LOOKUP_KEY, ORDER_BY, GENERATOR, REFER_TABLE, KEY_COLUMN, LOOKUP_COLUMN, MANDATORY, MIN_LENGTH, MAX_LENGTH, MIN_VALUE, MAX_VALUE, CONSTANT_VALUE, UNIQUE_KEY, CREATE_USER, CREATED_ON, LINE_NO, MANAGED, FIELD_PATH, DATA_TYPE, DATA1, DATA2, TRANSITIVE_FIELDS, FORMULA, ENTITY_LOOKUP_TYPE)
VALUES ('93a6a5848e2940aca00e4c98a74254ba', 0, '1e6c0e65891e4475ba8527db15859198', 'valueAfter', 'VALUE_AFTER', 'CLOB', '', 1, 'clob', '', '', '', '', '', '', '', 0, NULL, NULL, NULL, NULL, '', '', 'system', systimestamp, '19', 0, 'entity.valueAfter', '', '', '', '', '', '');
INSERT INTO CNT_FIELD_DEFINITION
 (ID, REVISION, PARENT_ID, FIELD_ID, COLUMN_NAME, COLUMN_TYPE, REPORT_COLUMN_NAME, PRODUCT_FIELD, FIELD_TYPE, ENTITY_LOOKUP, ENTITY_LOOKUP_KEY, ORDER_BY, GENERATOR, REFER_TABLE, KEY_COLUMN, LOOKUP_COLUMN, MANDATORY, MIN_LENGTH, MAX_LENGTH, MIN_VALUE, MAX_VALUE, CONSTANT_VALUE, UNIQUE_KEY, CREATE_USER, CREATED_ON, LINE_NO, MANAGED, FIELD_PATH, DATA_TYPE, DATA1, DATA2, TRANSITIVE_FIELDS, FORMULA, ENTITY_LOOKUP_TYPE)
VALUES ('cefbec68cc8a46bb8eb09364530dc6b0', 0, '1e6c0e65891e4475ba8527db15859198', 'createUser', 'CREATE_USER', 'NVARCHAR2(100)', '', 1, 'string-s', '', '', '', '', '', '', '', 0, NULL, 100, NULL, NULL, '', '', 'system', systimestamp, '20', 0, 'entity.createUser', '', '', '', '', '', '');
INSERT INTO CNT_FIELD_DEFINITION
 (ID, REVISION, PARENT_ID, FIELD_ID, COLUMN_NAME, COLUMN_TYPE, REPORT_COLUMN_NAME, PRODUCT_FIELD, FIELD_TYPE, ENTITY_LOOKUP, ENTITY_LOOKUP_KEY, ORDER_BY, GENERATOR, REFER_TABLE, KEY_COLUMN, LOOKUP_COLUMN, MANDATORY, MIN_LENGTH, MAX_LENGTH, MIN_VALUE, MAX_VALUE, CONSTANT_VALUE, UNIQUE_KEY, CREATE_USER, CREATED_ON, LINE_NO, MANAGED, FIELD_PATH, DATA_TYPE, DATA1, DATA2, TRANSITIVE_FIELDS, FORMULA, ENTITY_LOOKUP_TYPE)
VALUES ('78960a505160427db71ce89d02479a3a', 0, '1e6c0e65891e4475ba8527db15859198', 'createUserName', 'CREATE_USER_NAME', 'NVARCHAR2(100)', '', 1, 'string-s', '', '', '', '', '', '', '', 0, NULL, 100, NULL, NULL, '', '', 'system', systimestamp, '21', 0, 'entity.createUserName', '', '', '', '', '', '');
INSERT INTO CNT_FIELD_DEFINITION
 (ID, REVISION, PARENT_ID, FIELD_ID, COLUMN_NAME, COLUMN_TYPE, REPORT_COLUMN_NAME, PRODUCT_FIELD, FIELD_TYPE, ENTITY_LOOKUP, ENTITY_LOOKUP_KEY, ORDER_BY, GENERATOR, REFER_TABLE, KEY_COLUMN, LOOKUP_COLUMN, MANDATORY, MIN_LENGTH, MAX_LENGTH, MIN_VALUE, MAX_VALUE, CONSTANT_VALUE, UNIQUE_KEY, CREATE_USER, CREATED_ON, LINE_NO, MANAGED, FIELD_PATH, DATA_TYPE, DATA1, DATA2, TRANSITIVE_FIELDS, FORMULA, ENTITY_LOOKUP_TYPE)
VALUES ('01d5851736384f8c8267ed6958ced672', 0, '1e6c0e65891e4475ba8527db15859198', 'createdOn', 'CREATED_ON', 'TIMESTAMP', '', 1, 'timestamp', '', '', '', '', '', '', '', 0, NULL, NULL, NULL, NULL, '', '', 'system', systimestamp, '22', 0, 'entity.createdOn', '', '', '', '', '', '');
INSERT INTO CNT_FIELD_DEFINITION
 (ID, REVISION, PARENT_ID, FIELD_ID, COLUMN_NAME, COLUMN_TYPE, REPORT_COLUMN_NAME, PRODUCT_FIELD, FIELD_TYPE, ENTITY_LOOKUP, ENTITY_LOOKUP_KEY, ORDER_BY, GENERATOR, REFER_TABLE, KEY_COLUMN, LOOKUP_COLUMN, MANDATORY, MIN_LENGTH, MAX_LENGTH, MIN_VALUE, MAX_VALUE, CONSTANT_VALUE, UNIQUE_KEY, CREATE_USER, CREATED_ON, LINE_NO, MANAGED, FIELD_PATH, DATA_TYPE, DATA1, DATA2, TRANSITIVE_FIELDS, FORMULA, ENTITY_LOOKUP_TYPE)
VALUES ('cedbc4b0ed8f448bbf048debd308859f', 0, '1e6c0e65891e4475ba8527db15859198', 'trackingLevel', 'TRACKING_LEVEL', 'NUMBER(20, 0)', '', 1, 'integer', '', '', '', '', '', '', '', 0, NULL, 18, NULL, NULL, '', '', 'system', systimestamp, '23', 0, 'entity.trackingLevel', '', '', '', '', '', '');



DELETE CNT_HISTORY_DEF_ITEM WHERE PARENT_ID IN (SELECT ID FROM CNT_HISTORY_DEF WHERE DOMAIN_ID = '/' AND APPLY_ENTITY = 'Rfq' AND ENTITY_VERSION = 1);
DELETE CNT_HISTORY_DEF WHERE DOMAIN_ID = '/' AND APPLY_ENTITY = 'Rfq' AND ENTITY_VERSION = 1;
DELETE CNT_HISTORY_DEF_ITEM WHERE PARENT_ID IN (SELECT ID FROM CNT_HISTORY_DEF WHERE DOMAIN_ID = '/' AND APPLY_ENTITY = 'RfqItem' AND ENTITY_VERSION = 1);
DELETE CNT_HISTORY_DEF WHERE DOMAIN_ID = '/' AND APPLY_ENTITY = 'RfqItem' AND ENTITY_VERSION = 1;
DELETE CNT_HISTORY_DEF_ITEM WHERE PARENT_ID IN (SELECT ID FROM CNT_HISTORY_DEF WHERE DOMAIN_ID = '/' AND APPLY_ENTITY = 'RfqVendor' AND ENTITY_VERSION = 1);
DELETE CNT_HISTORY_DEF WHERE DOMAIN_ID = '/' AND APPLY_ENTITY = 'RfqVendor' AND ENTITY_VERSION = 1;
INSERT INTO CNT_HISTORY_DEF
 (ID, REVISION, APPLY_ENTITY, ENTITY_VERSION, DOMAIN_ID , GENERATED, CREATE_USER, CREATE_USER_NAME, CREATED_ON)
VALUES ('4b6560954aae47cd9d1ffdd2e0f309a2', 0, 'Rfq', 1, '/', 1, 'system', 'system', systimestamp);
INSERT INTO CNT_HISTORY_DEF_ITEM
 (ID, REVISION, ENTITY_VERSION, DOMAIN_ID, PARENT_ID, LINE_NO, FIELD_ID, TRACKING_LEVEL, PATH_RENDERER_CLASS, DETAIL_RENDERER_CLASS)
VALUES ('01018ac3e2b34772976481099a3cd308', 0, 1, '/', '4b6560954aae47cd9d1ffdd2e0f309a2', '0', 'id', 1, 'PathRenderer', 'DetailRenderer');
INSERT INTO CNT_HISTORY_DEF_ITEM
 (ID, REVISION, ENTITY_VERSION, DOMAIN_ID, PARENT_ID, LINE_NO, FIELD_ID, TRACKING_LEVEL, PATH_RENDERER_CLASS, DETAIL_RENDERER_CLASS)
VALUES ('fa00dc7fd1ab460aad7eb168cca59276', 0, 1, '/', '4b6560954aae47cd9d1ffdd2e0f309a2', '1', 'revision', 1, 'PathRenderer', 'DetailRenderer');
INSERT INTO CNT_HISTORY_DEF_ITEM
 (ID, REVISION, ENTITY_VERSION, DOMAIN_ID, PARENT_ID, LINE_NO, FIELD_ID, TRACKING_LEVEL, PATH_RENDERER_CLASS, DETAIL_RENDERER_CLASS)
VALUES ('c50c157239934279b9e2a887c074effe', 0, 1, '/', '4b6560954aae47cd9d1ffdd2e0f309a2', '2', 'entityVersion', 1, 'PathRenderer', 'DetailRenderer');
INSERT INTO CNT_HISTORY_DEF_ITEM
 (ID, REVISION, ENTITY_VERSION, DOMAIN_ID, PARENT_ID, LINE_NO, FIELD_ID, TRACKING_LEVEL, PATH_RENDERER_CLASS, DETAIL_RENDERER_CLASS)
VALUES ('cacf5d4d0f0d48a9bd880d27afad0bc7', 0, 1, '/', '4b6560954aae47cd9d1ffdd2e0f309a2', '3', 'domainId', 1, 'PathRenderer', 'DetailRenderer');
INSERT INTO CNT_HISTORY_DEF_ITEM
 (ID, REVISION, ENTITY_VERSION, DOMAIN_ID, PARENT_ID, LINE_NO, FIELD_ID, TRACKING_LEVEL, PATH_RENDERER_CLASS, DETAIL_RENDERER_CLASS)
VALUES ('93582a14e917437e96997a04fc0088fb', 0, 1, '/', '4b6560954aae47cd9d1ffdd2e0f309a2', '4', 'hubDomainId', 1, 'PathRenderer', 'DetailRenderer');
INSERT INTO CNT_HISTORY_DEF_ITEM
 (ID, REVISION, ENTITY_VERSION, DOMAIN_ID, PARENT_ID, LINE_NO, FIELD_ID, TRACKING_LEVEL, PATH_RENDERER_CLASS, DETAIL_RENDERER_CLASS)
VALUES ('2776ec6834aa4aaf93b6f9300363575d', 0, 1, '/', '4b6560954aae47cd9d1ffdd2e0f309a2', '5', 'isForReference', 1, 'PathRenderer', 'DetailRenderer');
INSERT INTO CNT_HISTORY_DEF_ITEM
 (ID, REVISION, ENTITY_VERSION, DOMAIN_ID, PARENT_ID, LINE_NO, FIELD_ID, TRACKING_LEVEL, PATH_RENDERER_CLASS, DETAIL_RENDERER_CLASS)
VALUES ('a0372ab2e3ea4eea91a08fb3624d9aa0', 0, 1, '/', '4b6560954aae47cd9d1ffdd2e0f309a2', '6', 'version', 1, 'PathRenderer', 'DetailRenderer');
INSERT INTO CNT_HISTORY_DEF_ITEM
 (ID, REVISION, ENTITY_VERSION, DOMAIN_ID, PARENT_ID, LINE_NO, FIELD_ID, TRACKING_LEVEL, PATH_RENDERER_CLASS, DETAIL_RENDERER_CLASS)
VALUES ('f918420632ae414e860a1a151bd71b8a', 0, 1, '/', '4b6560954aae47cd9d1ffdd2e0f309a2', '7', 'status', 1, 'PathRenderer', 'DetailRenderer');
INSERT INTO CNT_HISTORY_DEF_ITEM
 (ID, REVISION, ENTITY_VERSION, DOMAIN_ID, PARENT_ID, LINE_NO, FIELD_ID, TRACKING_LEVEL, PATH_RENDERER_CLASS, DETAIL_RENDERER_CLASS)
VALUES ('5312e412924d484f9f7f26d132cbed6b', 0, 1, '/', '4b6560954aae47cd9d1ffdd2e0f309a2', '8', 'docStatus', 1, 'PathRenderer', 'DetailRenderer');
INSERT INTO CNT_HISTORY_DEF_ITEM
 (ID, REVISION, ENTITY_VERSION, DOMAIN_ID, PARENT_ID, LINE_NO, FIELD_ID, TRACKING_LEVEL, PATH_RENDERER_CLASS, DETAIL_RENDERER_CLASS)
VALUES ('992f4165c1c3487daba1c23c340a95cb', 0, 1, '/', '4b6560954aae47cd9d1ffdd2e0f309a2', '9', 'editingStatus', 1, 'PathRenderer', 'DetailRenderer');
INSERT INTO CNT_HISTORY_DEF_ITEM
 (ID, REVISION, ENTITY_VERSION, DOMAIN_ID, PARENT_ID, LINE_NO, FIELD_ID, TRACKING_LEVEL, PATH_RENDERER_CLASS, DETAIL_RENDERER_CLASS)
VALUES ('200f182d7d584f9599d90ce8a0877ba2', 0, 1, '/', '4b6560954aae47cd9d1ffdd2e0f309a2', '10', 'createUser', 1, 'PathRenderer', 'DetailRenderer');
INSERT INTO CNT_HISTORY_DEF_ITEM
 (ID, REVISION, ENTITY_VERSION, DOMAIN_ID, PARENT_ID, LINE_NO, FIELD_ID, TRACKING_LEVEL, PATH_RENDERER_CLASS, DETAIL_RENDERER_CLASS)
VALUES ('a8ee72097c9341e394f2f4431ef6f43e', 0, 1, '/', '4b6560954aae47cd9d1ffdd2e0f309a2', '11', 'createUserName', 1, 'PathRenderer', 'DetailRenderer');
INSERT INTO CNT_HISTORY_DEF_ITEM
 (ID, REVISION, ENTITY_VERSION, DOMAIN_ID, PARENT_ID, LINE_NO, FIELD_ID, TRACKING_LEVEL, PATH_RENDERER_CLASS, DETAIL_RENDERER_CLASS)
VALUES ('1a813ee5464e4696828e019020bc2ce3', 0, 1, '/', '4b6560954aae47cd9d1ffdd2e0f309a2', '12', 'updateUser', 1, 'PathRenderer', 'DetailRenderer');
INSERT INTO CNT_HISTORY_DEF_ITEM
 (ID, REVISION, ENTITY_VERSION, DOMAIN_ID, PARENT_ID, LINE_NO, FIELD_ID, TRACKING_LEVEL, PATH_RENDERER_CLASS, DETAIL_RENDERER_CLASS)
VALUES ('7193a195effe4c2db54b68493ada5cc9', 0, 1, '/', '4b6560954aae47cd9d1ffdd2e0f309a2', '13', 'updateUserName', 1, 'PathRenderer', 'DetailRenderer');
INSERT INTO CNT_HISTORY_DEF_ITEM
 (ID, REVISION, ENTITY_VERSION, DOMAIN_ID, PARENT_ID, LINE_NO, FIELD_ID, TRACKING_LEVEL, PATH_RENDERER_CLASS, DETAIL_RENDERER_CLASS)
VALUES ('edc5200877624af28ed673749f7f9acb', 0, 1, '/', '4b6560954aae47cd9d1ffdd2e0f309a2', '14', 'createdOn', 1, 'PathRenderer', 'DetailRenderer');
INSERT INTO CNT_HISTORY_DEF_ITEM
 (ID, REVISION, ENTITY_VERSION, DOMAIN_ID, PARENT_ID, LINE_NO, FIELD_ID, TRACKING_LEVEL, PATH_RENDERER_CLASS, DETAIL_RENDERER_CLASS)
VALUES ('2f4dff08a11e41b8aeba8df81d849351', 0, 1, '/', '4b6560954aae47cd9d1ffdd2e0f309a2', '15', 'updatedOn', 1, 'PathRenderer', 'DetailRenderer');
INSERT INTO CNT_HISTORY_DEF_ITEM
 (ID, REVISION, ENTITY_VERSION, DOMAIN_ID, PARENT_ID, LINE_NO, FIELD_ID, TRACKING_LEVEL, PATH_RENDERER_CLASS, DETAIL_RENDERER_CLASS)
VALUES ('28834d2940744825bdef1a6fed29bb01', 0, 1, '/', '4b6560954aae47cd9d1ffdd2e0f309a2', '16', 'integrationSource', 1, 'PathRenderer', 'DetailRenderer');
INSERT INTO CNT_HISTORY_DEF_ITEM
 (ID, REVISION, ENTITY_VERSION, DOMAIN_ID, PARENT_ID, LINE_NO, FIELD_ID, TRACKING_LEVEL, PATH_RENDERER_CLASS, DETAIL_RENDERER_CLASS)
VALUES ('042ac3803a2e44239133f374ddbacec3', 0, 1, '/', '4b6560954aae47cd9d1ffdd2e0f309a2', '17', 'integrationStatus', 1, 'PathRenderer', 'DetailRenderer');
INSERT INTO CNT_HISTORY_DEF_ITEM
 (ID, REVISION, ENTITY_VERSION, DOMAIN_ID, PARENT_ID, LINE_NO, FIELD_ID, TRACKING_LEVEL, PATH_RENDERER_CLASS, DETAIL_RENDERER_CLASS)
VALUES ('1ea527b564e549cdb8a01d8b2b52b677', 0, 1, '/', '4b6560954aae47cd9d1ffdd2e0f309a2', '18', 'integrationNote', 1, 'PathRenderer', 'DetailRenderer');
INSERT INTO CNT_HISTORY_DEF_ITEM
 (ID, REVISION, ENTITY_VERSION, DOMAIN_ID, PARENT_ID, LINE_NO, FIELD_ID, TRACKING_LEVEL, PATH_RENDERER_CLASS, DETAIL_RENDERER_CLASS)
VALUES ('5adcf050a8ea459591971e38fa4f4790', 0, 1, '/', '4b6560954aae47cd9d1ffdd2e0f309a2', '19', 'isCpmInitialized', 1, 'PathRenderer', 'DetailRenderer');
INSERT INTO CNT_HISTORY_DEF_ITEM
 (ID, REVISION, ENTITY_VERSION, DOMAIN_ID, PARENT_ID, LINE_NO, FIELD_ID, TRACKING_LEVEL, PATH_RENDERER_CLASS, DETAIL_RENDERER_CLASS)
VALUES ('a1faa110256a4f97a4f488b223eaa8d1', 0, 1, '/', '4b6560954aae47cd9d1ffdd2e0f309a2', '20', 'isLatest', 1, 'PathRenderer', 'DetailRenderer');
INSERT INTO CNT_HISTORY_DEF_ITEM
 (ID, REVISION, ENTITY_VERSION, DOMAIN_ID, PARENT_ID, LINE_NO, FIELD_ID, TRACKING_LEVEL, PATH_RENDERER_CLASS, DETAIL_RENDERER_CLASS)
VALUES ('706062cae1d14f47aed0b78f235f1cfe', 0, 1, '/', '4b6560954aae47cd9d1ffdd2e0f309a2', '21', 'rfqNo', 2, 'PathRenderer', 'DetailRenderer');
INSERT INTO CNT_HISTORY_DEF_ITEM
 (ID, REVISION, ENTITY_VERSION, DOMAIN_ID, PARENT_ID, LINE_NO, FIELD_ID, TRACKING_LEVEL, PATH_RENDERER_CLASS, DETAIL_RENDERER_CLASS)
VALUES ('8e79282e9794491ca8e89e370f848214', 0, 1, '/', '4b6560954aae47cd9d1ffdd2e0f309a2', '22', 'remarks', 1, 'PathRenderer', 'DetailRenderer');
INSERT INTO CNT_HISTORY_DEF_ITEM
 (ID, REVISION, ENTITY_VERSION, DOMAIN_ID, PARENT_ID, LINE_NO, FIELD_ID, TRACKING_LEVEL, PATH_RENDERER_CLASS, DETAIL_RENDERER_CLASS)
VALUES ('b6b467dc323d4ee8af6b5ac2057d4376', 0, 1, '/', '4b6560954aae47cd9d1ffdd2e0f309a2', '23', 'requestedBy', 1, 'PathRenderer', 'DetailRenderer');
INSERT INTO CNT_HISTORY_DEF_ITEM
 (ID, REVISION, ENTITY_VERSION, DOMAIN_ID, PARENT_ID, LINE_NO, FIELD_ID, TRACKING_LEVEL, PATH_RENDERER_CLASS, DETAIL_RENDERER_CLASS)
VALUES ('a4f3af46930a40b381f3bf551978628b', 0, 1, '/', '4b6560954aae47cd9d1ffdd2e0f309a2', '24', 'requestedUserName', 1, 'PathRenderer', 'DetailRenderer');
INSERT INTO CNT_HISTORY_DEF_ITEM
 (ID, REVISION, ENTITY_VERSION, DOMAIN_ID, PARENT_ID, LINE_NO, FIELD_ID, TRACKING_LEVEL, PATH_RENDERER_CLASS, DETAIL_RENDERER_CLASS)
VALUES ('4061d0277bb04b9c89c7ec6e81772673', 0, 1, '/', '4b6560954aae47cd9d1ffdd2e0f309a2', '25', 'requestedOn', 1, 'PathRenderer', 'DetailRenderer');
INSERT INTO CNT_HISTORY_DEF_ITEM
 (ID, REVISION, ENTITY_VERSION, DOMAIN_ID, PARENT_ID, LINE_NO, FIELD_ID, TRACKING_LEVEL, PATH_RENDERER_CLASS, DETAIL_RENDERER_CLASS)
VALUES ('bd4a8a08700c42b6b6e0fc1c24ffb32b', 0, 1, '/', '4b6560954aae47cd9d1ffdd2e0f309a2', '26', 'expiryDate', 2, 'PathRenderer', 'DetailRenderer');
INSERT INTO CNT_HISTORY_DEF_ITEM
 (ID, REVISION, ENTITY_VERSION, DOMAIN_ID, PARENT_ID, LINE_NO, FIELD_ID, TRACKING_LEVEL, PATH_RENDERER_CLASS, DETAIL_RENDERER_CLASS)
VALUES ('faeac72c3ecf4fe39c570c50d38e99db', 0, 1, '/', '4b6560954aae47cd9d1ffdd2e0f309a2', '27', 'merchandiseHierarchy', 2, 'PathRenderer', 'DetailRenderer');
INSERT INTO CNT_HISTORY_DEF_ITEM
 (ID, REVISION, ENTITY_VERSION, DOMAIN_ID, PARENT_ID, LINE_NO, FIELD_ID, TRACKING_LEVEL, PATH_RENDERER_CLASS, DETAIL_RENDERER_CLASS)
VALUES ('70856fbb408c4b28b88c3ba529dc399a', 0, 1, '/', '4b6560954aae47cd9d1ffdd2e0f309a2', '28', 'allowToChangeSpec', 1, 'PathRenderer', 'DetailRenderer');
INSERT INTO CNT_HISTORY_DEF_ITEM
 (ID, REVISION, ENTITY_VERSION, DOMAIN_ID, PARENT_ID, LINE_NO, FIELD_ID, TRACKING_LEVEL, PATH_RENDERER_CLASS, DETAIL_RENDERER_CLASS)
VALUES ('f747a4b8cbd340a4abf1f56ff4a02cc0', 0, 1, '/', '4b6560954aae47cd9d1ffdd2e0f309a2', '29', 'sentWithRfqExcel', 1, 'PathRenderer', 'DetailRenderer');
INSERT INTO CNT_HISTORY_DEF_ITEM
 (ID, REVISION, ENTITY_VERSION, DOMAIN_ID, PARENT_ID, LINE_NO, FIELD_ID, TRACKING_LEVEL, PATH_RENDERER_CLASS, DETAIL_RENDERER_CLASS)
VALUES ('279a2f983a254ee2a7431964d5e161c0', 0, 1, '/', '4b6560954aae47cd9d1ffdd2e0f309a2', '30', 'withOpenCosting', 1, 'PathRenderer', 'DetailRenderer');
INSERT INTO CNT_HISTORY_DEF_ITEM
 (ID, REVISION, ENTITY_VERSION, DOMAIN_ID, PARENT_ID, LINE_NO, FIELD_ID, TRACKING_LEVEL, PATH_RENDERER_CLASS, DETAIL_RENDERER_CLASS)
VALUES ('f84fd5451d474c04b98e96ba63af37bd', 0, 1, '/', '4b6560954aae47cd9d1ffdd2e0f309a2', '31', 'fileId', 1, 'PathRenderer', 'DetailRenderer');
INSERT INTO CNT_HISTORY_DEF_ITEM
 (ID, REVISION, ENTITY_VERSION, DOMAIN_ID, PARENT_ID, LINE_NO, FIELD_ID, TRACKING_LEVEL, PATH_RENDERER_CLASS, DETAIL_RENDERER_CLASS)
VALUES ('0c72c47c11da42929f48f56f8aed80f9', 0, 1, '/', '4b6560954aae47cd9d1ffdd2e0f309a2', '32', 'copyEmailToMyself', 1, 'PathRenderer', 'DetailRenderer');
INSERT INTO CNT_HISTORY_DEF_ITEM
 (ID, REVISION, ENTITY_VERSION, DOMAIN_ID, PARENT_ID, LINE_NO, FIELD_ID, TRACKING_LEVEL, PATH_RENDERER_CLASS, DETAIL_RENDERER_CLASS)
VALUES ('79824caaa4324d7894aaf33261f1a4c6', 0, 1, '/', '4b6560954aae47cd9d1ffdd2e0f309a2', '33', 'comments', 1, 'PathRenderer', 'DetailRenderer');
INSERT INTO CNT_HISTORY_DEF_ITEM
 (ID, REVISION, ENTITY_VERSION, DOMAIN_ID, PARENT_ID, LINE_NO, FIELD_ID, TRACKING_LEVEL, PATH_RENDERER_CLASS, DETAIL_RENDERER_CLASS)
VALUES ('143e7ef600094eba92d73d95f186b2c6', 0, 1, '/', '4b6560954aae47cd9d1ffdd2e0f309a2', '34', 'shortDescription', 1, 'PathRenderer', 'DetailRenderer');
INSERT INTO CNT_HISTORY_DEF_ITEM
 (ID, REVISION, ENTITY_VERSION, DOMAIN_ID, PARENT_ID, LINE_NO, FIELD_ID, TRACKING_LEVEL, PATH_RENDERER_CLASS, DETAIL_RENDERER_CLASS)
VALUES ('2a685a11d9c54b22b13a2df81b9f1ddc', 0, 1, '/', '4b6560954aae47cd9d1ffdd2e0f309a2', '35', 'rfqVendor', 1, 'PathRenderer', 'DetailRenderer');
INSERT INTO CNT_HISTORY_DEF_ITEM
 (ID, REVISION, ENTITY_VERSION, DOMAIN_ID, PARENT_ID, LINE_NO, FIELD_ID, TRACKING_LEVEL, PATH_RENDERER_CLASS, DETAIL_RENDERER_CLASS)
VALUES ('fa2a564c23a449899aa1169f8359926d', 0, 1, '/', '4b6560954aae47cd9d1ffdd2e0f309a2', '36', 'rfqItem', 1, 'PathRenderer', 'DetailRenderer');
INSERT INTO CNT_HISTORY_DEF_ITEM
 (ID, REVISION, ENTITY_VERSION, DOMAIN_ID, PARENT_ID, LINE_NO, FIELD_ID, TRACKING_LEVEL, PATH_RENDERER_CLASS, DETAIL_RENDERER_CLASS)
VALUES ('c40d264153da44fe9102eaa3b693d890', 0, 1, '/', '4b6560954aae47cd9d1ffdd2e0f309a2', '37', 'refNo', 0, 'PathRenderer', 'DetailRenderer');
INSERT INTO CNT_HISTORY_DEF_ITEM
 (ID, REVISION, ENTITY_VERSION, DOMAIN_ID, PARENT_ID, LINE_NO, FIELD_ID, TRACKING_LEVEL, PATH_RENDERER_CLASS, DETAIL_RENDERER_CLASS)
VALUES ('61270d5e54bd495393a787814aae4c7d', 0, 1, '/', '4b6560954aae47cd9d1ffdd2e0f309a2', '38', 'custText1', 1, 'PathRenderer', 'DetailRenderer');
INSERT INTO CNT_HISTORY_DEF_ITEM
 (ID, REVISION, ENTITY_VERSION, DOMAIN_ID, PARENT_ID, LINE_NO, FIELD_ID, TRACKING_LEVEL, PATH_RENDERER_CLASS, DETAIL_RENDERER_CLASS)
VALUES ('bf4ea45ccde348a18a02860a5197e36c', 0, 1, '/', '4b6560954aae47cd9d1ffdd2e0f309a2', '39', 'custText2', 1, 'PathRenderer', 'DetailRenderer');
INSERT INTO CNT_HISTORY_DEF_ITEM
 (ID, REVISION, ENTITY_VERSION, DOMAIN_ID, PARENT_ID, LINE_NO, FIELD_ID, TRACKING_LEVEL, PATH_RENDERER_CLASS, DETAIL_RENDERER_CLASS)
VALUES ('05177351aa954404b4c09ea884ec9c14', 0, 1, '/', '4b6560954aae47cd9d1ffdd2e0f309a2', '40', 'custText3', 1, 'PathRenderer', 'DetailRenderer');
INSERT INTO CNT_HISTORY_DEF_ITEM
 (ID, REVISION, ENTITY_VERSION, DOMAIN_ID, PARENT_ID, LINE_NO, FIELD_ID, TRACKING_LEVEL, PATH_RENDERER_CLASS, DETAIL_RENDERER_CLASS)
VALUES ('5264e1b7524449bbbf390f7568a78956', 0, 1, '/', '4b6560954aae47cd9d1ffdd2e0f309a2', '41', 'custText4', 1, 'PathRenderer', 'DetailRenderer');
INSERT INTO CNT_HISTORY_DEF_ITEM
 (ID, REVISION, ENTITY_VERSION, DOMAIN_ID, PARENT_ID, LINE_NO, FIELD_ID, TRACKING_LEVEL, PATH_RENDERER_CLASS, DETAIL_RENDERER_CLASS)
VALUES ('9ec30a35ce9a48ab8673b5f4ec8aaca3', 0, 1, '/', '4b6560954aae47cd9d1ffdd2e0f309a2', '42', 'custText5', 1, 'PathRenderer', 'DetailRenderer');
INSERT INTO CNT_HISTORY_DEF_ITEM
 (ID, REVISION, ENTITY_VERSION, DOMAIN_ID, PARENT_ID, LINE_NO, FIELD_ID, TRACKING_LEVEL, PATH_RENDERER_CLASS, DETAIL_RENDERER_CLASS)
VALUES ('72f5c44b178549a18e13ce7a780ba045', 0, 1, '/', '4b6560954aae47cd9d1ffdd2e0f309a2', '43', 'custText6', 1, 'PathRenderer', 'DetailRenderer');
INSERT INTO CNT_HISTORY_DEF_ITEM
 (ID, REVISION, ENTITY_VERSION, DOMAIN_ID, PARENT_ID, LINE_NO, FIELD_ID, TRACKING_LEVEL, PATH_RENDERER_CLASS, DETAIL_RENDERER_CLASS)
VALUES ('75553f62dcde4f41a0dd7f01b8cddee2', 0, 1, '/', '4b6560954aae47cd9d1ffdd2e0f309a2', '44', 'custText7', 1, 'PathRenderer', 'DetailRenderer');
INSERT INTO CNT_HISTORY_DEF_ITEM
 (ID, REVISION, ENTITY_VERSION, DOMAIN_ID, PARENT_ID, LINE_NO, FIELD_ID, TRACKING_LEVEL, PATH_RENDERER_CLASS, DETAIL_RENDERER_CLASS)
VALUES ('938975af240348b69546332697167c4b', 0, 1, '/', '4b6560954aae47cd9d1ffdd2e0f309a2', '45', 'custDate1', 1, 'PathRenderer', 'DetailRenderer');
INSERT INTO CNT_HISTORY_DEF_ITEM
 (ID, REVISION, ENTITY_VERSION, DOMAIN_ID, PARENT_ID, LINE_NO, FIELD_ID, TRACKING_LEVEL, PATH_RENDERER_CLASS, DETAIL_RENDERER_CLASS)
VALUES ('5bc82715eb074aebad610bca3ade6c98', 0, 1, '/', '4b6560954aae47cd9d1ffdd2e0f309a2', '46', 'custDate2', 1, 'PathRenderer', 'DetailRenderer');
INSERT INTO CNT_HISTORY_DEF_ITEM
 (ID, REVISION, ENTITY_VERSION, DOMAIN_ID, PARENT_ID, LINE_NO, FIELD_ID, TRACKING_LEVEL, PATH_RENDERER_CLASS, DETAIL_RENDERER_CLASS)
VALUES ('8d869b2ec2984eca94e2c17014488a9c', 0, 1, '/', '4b6560954aae47cd9d1ffdd2e0f309a2', '47', 'custDate3', 1, 'PathRenderer', 'DetailRenderer');
INSERT INTO CNT_HISTORY_DEF_ITEM
 (ID, REVISION, ENTITY_VERSION, DOMAIN_ID, PARENT_ID, LINE_NO, FIELD_ID, TRACKING_LEVEL, PATH_RENDERER_CLASS, DETAIL_RENDERER_CLASS)
VALUES ('edc5105203294acf8200926743acbd6a', 0, 1, '/', '4b6560954aae47cd9d1ffdd2e0f309a2', '48', 'custDate4', 1, 'PathRenderer', 'DetailRenderer');
INSERT INTO CNT_HISTORY_DEF_ITEM
 (ID, REVISION, ENTITY_VERSION, DOMAIN_ID, PARENT_ID, LINE_NO, FIELD_ID, TRACKING_LEVEL, PATH_RENDERER_CLASS, DETAIL_RENDERER_CLASS)
VALUES ('36f6d03cab4b4a3ca0409243d52b30ed', 0, 1, '/', '4b6560954aae47cd9d1ffdd2e0f309a2', '49', 'custDate5', 1, 'PathRenderer', 'DetailRenderer');
INSERT INTO CNT_HISTORY_DEF_ITEM
 (ID, REVISION, ENTITY_VERSION, DOMAIN_ID, PARENT_ID, LINE_NO, FIELD_ID, TRACKING_LEVEL, PATH_RENDERER_CLASS, DETAIL_RENDERER_CLASS)
VALUES ('c93721cad19344c0bec139abdf623f63', 0, 1, '/', '4b6560954aae47cd9d1ffdd2e0f309a2', '50', 'custDate6', 1, 'PathRenderer', 'DetailRenderer');
INSERT INTO CNT_HISTORY_DEF_ITEM
 (ID, REVISION, ENTITY_VERSION, DOMAIN_ID, PARENT_ID, LINE_NO, FIELD_ID, TRACKING_LEVEL, PATH_RENDERER_CLASS, DETAIL_RENDERER_CLASS)
VALUES ('4ab84a859b2f47949d3889f55d94f329', 0, 1, '/', '4b6560954aae47cd9d1ffdd2e0f309a2', '51', 'custDate7', 1, 'PathRenderer', 'DetailRenderer');
INSERT INTO CNT_HISTORY_DEF_ITEM
 (ID, REVISION, ENTITY_VERSION, DOMAIN_ID, PARENT_ID, LINE_NO, FIELD_ID, TRACKING_LEVEL, PATH_RENDERER_CLASS, DETAIL_RENDERER_CLASS)
VALUES ('b5e572c89b654f11bbc8cd7f8a5f166b', 0, 1, '/', '4b6560954aae47cd9d1ffdd2e0f309a2', '52', 'custNumber1', 1, 'PathRenderer', 'DetailRenderer');
INSERT INTO CNT_HISTORY_DEF_ITEM
 (ID, REVISION, ENTITY_VERSION, DOMAIN_ID, PARENT_ID, LINE_NO, FIELD_ID, TRACKING_LEVEL, PATH_RENDERER_CLASS, DETAIL_RENDERER_CLASS)
VALUES ('cec2c2d8a86845cbafb53a098d6cdbaf', 0, 1, '/', '4b6560954aae47cd9d1ffdd2e0f309a2', '53', 'custNumber2', 1, 'PathRenderer', 'DetailRenderer');
INSERT INTO CNT_HISTORY_DEF_ITEM
 (ID, REVISION, ENTITY_VERSION, DOMAIN_ID, PARENT_ID, LINE_NO, FIELD_ID, TRACKING_LEVEL, PATH_RENDERER_CLASS, DETAIL_RENDERER_CLASS)
VALUES ('83998862275b48d6a5d2023d7fec9c05', 0, 1, '/', '4b6560954aae47cd9d1ffdd2e0f309a2', '54', 'custNumber3', 1, 'PathRenderer', 'DetailRenderer');
INSERT INTO CNT_HISTORY_DEF_ITEM
 (ID, REVISION, ENTITY_VERSION, DOMAIN_ID, PARENT_ID, LINE_NO, FIELD_ID, TRACKING_LEVEL, PATH_RENDERER_CLASS, DETAIL_RENDERER_CLASS)
VALUES ('bac5fa7db6f04c138b2678402279c309', 0, 1, '/', '4b6560954aae47cd9d1ffdd2e0f309a2', '55', 'custNumber4', 1, 'PathRenderer', 'DetailRenderer');
INSERT INTO CNT_HISTORY_DEF_ITEM
 (ID, REVISION, ENTITY_VERSION, DOMAIN_ID, PARENT_ID, LINE_NO, FIELD_ID, TRACKING_LEVEL, PATH_RENDERER_CLASS, DETAIL_RENDERER_CLASS)
VALUES ('efe5e03f4791497f8fdd42cf7f332238', 0, 1, '/', '4b6560954aae47cd9d1ffdd2e0f309a2', '56', 'custNumber5', 1, 'PathRenderer', 'DetailRenderer');
INSERT INTO CNT_HISTORY_DEF_ITEM
 (ID, REVISION, ENTITY_VERSION, DOMAIN_ID, PARENT_ID, LINE_NO, FIELD_ID, TRACKING_LEVEL, PATH_RENDERER_CLASS, DETAIL_RENDERER_CLASS)
VALUES ('1ba1cda15c004953beb9934d3f6d6a6b', 0, 1, '/', '4b6560954aae47cd9d1ffdd2e0f309a2', '57', 'custNumber6', 1, 'PathRenderer', 'DetailRenderer');
INSERT INTO CNT_HISTORY_DEF_ITEM
 (ID, REVISION, ENTITY_VERSION, DOMAIN_ID, PARENT_ID, LINE_NO, FIELD_ID, TRACKING_LEVEL, PATH_RENDERER_CLASS, DETAIL_RENDERER_CLASS)
VALUES ('b2e5b1a38e8c4872836b7ec9e7dd6b2e', 0, 1, '/', '4b6560954aae47cd9d1ffdd2e0f309a2', '58', 'custNumber7', 1, 'PathRenderer', 'DetailRenderer');
INSERT INTO CNT_HISTORY_DEF_ITEM
 (ID, REVISION, ENTITY_VERSION, DOMAIN_ID, PARENT_ID, LINE_NO, FIELD_ID, TRACKING_LEVEL, PATH_RENDERER_CLASS, DETAIL_RENDERER_CLASS)
VALUES ('3bd465811b4047bcb22d3d7d8f1c35e6', 0, 1, '/', '4b6560954aae47cd9d1ffdd2e0f309a2', '59', 'custDecimal1', 1, 'PathRenderer', 'DetailRenderer');
INSERT INTO CNT_HISTORY_DEF_ITEM
 (ID, REVISION, ENTITY_VERSION, DOMAIN_ID, PARENT_ID, LINE_NO, FIELD_ID, TRACKING_LEVEL, PATH_RENDERER_CLASS, DETAIL_RENDERER_CLASS)
VALUES ('c4ca85c0e4904944b66eb63de1e718b7', 0, 1, '/', '4b6560954aae47cd9d1ffdd2e0f309a2', '60', 'custDecimal2', 1, 'PathRenderer', 'DetailRenderer');
INSERT INTO CNT_HISTORY_DEF_ITEM
 (ID, REVISION, ENTITY_VERSION, DOMAIN_ID, PARENT_ID, LINE_NO, FIELD_ID, TRACKING_LEVEL, PATH_RENDERER_CLASS, DETAIL_RENDERER_CLASS)
VALUES ('166bea4ac7cf43fcb055d5005656356b', 0, 1, '/', '4b6560954aae47cd9d1ffdd2e0f309a2', '61', 'custDecimal3', 1, 'PathRenderer', 'DetailRenderer');
INSERT INTO CNT_HISTORY_DEF_ITEM
 (ID, REVISION, ENTITY_VERSION, DOMAIN_ID, PARENT_ID, LINE_NO, FIELD_ID, TRACKING_LEVEL, PATH_RENDERER_CLASS, DETAIL_RENDERER_CLASS)
VALUES ('b359dd9d65d047cf81bdde1eeb2cf4e0', 0, 1, '/', '4b6560954aae47cd9d1ffdd2e0f309a2', '62', 'custDecimal4', 1, 'PathRenderer', 'DetailRenderer');
INSERT INTO CNT_HISTORY_DEF_ITEM
 (ID, REVISION, ENTITY_VERSION, DOMAIN_ID, PARENT_ID, LINE_NO, FIELD_ID, TRACKING_LEVEL, PATH_RENDERER_CLASS, DETAIL_RENDERER_CLASS)
VALUES ('c02c23906b2746839a2c8aa595ad8416', 0, 1, '/', '4b6560954aae47cd9d1ffdd2e0f309a2', '63', 'custDecimal5', 1, 'PathRenderer', 'DetailRenderer');
INSERT INTO CNT_HISTORY_DEF_ITEM
 (ID, REVISION, ENTITY_VERSION, DOMAIN_ID, PARENT_ID, LINE_NO, FIELD_ID, TRACKING_LEVEL, PATH_RENDERER_CLASS, DETAIL_RENDERER_CLASS)
VALUES ('24b697e06a3e408aa1fe85f0240b7bb1', 0, 1, '/', '4b6560954aae47cd9d1ffdd2e0f309a2', '64', 'custDecimal6', 1, 'PathRenderer', 'DetailRenderer');
INSERT INTO CNT_HISTORY_DEF_ITEM
 (ID, REVISION, ENTITY_VERSION, DOMAIN_ID, PARENT_ID, LINE_NO, FIELD_ID, TRACKING_LEVEL, PATH_RENDERER_CLASS, DETAIL_RENDERER_CLASS)
VALUES ('aa4ce6687e3b4cb29ca55a4cbf267c9f', 0, 1, '/', '4b6560954aae47cd9d1ffdd2e0f309a2', '65', 'custDecimal7', 1, 'PathRenderer', 'DetailRenderer');
INSERT INTO CNT_HISTORY_DEF_ITEM
 (ID, REVISION, ENTITY_VERSION, DOMAIN_ID, PARENT_ID, LINE_NO, FIELD_ID, TRACKING_LEVEL, PATH_RENDERER_CLASS, DETAIL_RENDERER_CLASS)
VALUES ('bc4a7b615eb24282ad72990a157f3864', 0, 1, '/', '4b6560954aae47cd9d1ffdd2e0f309a2', '66', 'custCodelist1', 1, 'PathRenderer', 'DetailRenderer');
INSERT INTO CNT_HISTORY_DEF_ITEM
 (ID, REVISION, ENTITY_VERSION, DOMAIN_ID, PARENT_ID, LINE_NO, FIELD_ID, TRACKING_LEVEL, PATH_RENDERER_CLASS, DETAIL_RENDERER_CLASS)
VALUES ('5a07ca58cf5f4799b9816e3bd15768f0', 0, 1, '/', '4b6560954aae47cd9d1ffdd2e0f309a2', '67', 'custCodelist2', 1, 'PathRenderer', 'DetailRenderer');
INSERT INTO CNT_HISTORY_DEF_ITEM
 (ID, REVISION, ENTITY_VERSION, DOMAIN_ID, PARENT_ID, LINE_NO, FIELD_ID, TRACKING_LEVEL, PATH_RENDERER_CLASS, DETAIL_RENDERER_CLASS)
VALUES ('efc2e3ad4b3b4f11a779a78c988bf327', 0, 1, '/', '4b6560954aae47cd9d1ffdd2e0f309a2', '68', 'custCodelist3', 1, 'PathRenderer', 'DetailRenderer');
INSERT INTO CNT_HISTORY_DEF_ITEM
 (ID, REVISION, ENTITY_VERSION, DOMAIN_ID, PARENT_ID, LINE_NO, FIELD_ID, TRACKING_LEVEL, PATH_RENDERER_CLASS, DETAIL_RENDERER_CLASS)
VALUES ('ee0436057dde43ac95e75f996ca8778b', 0, 1, '/', '4b6560954aae47cd9d1ffdd2e0f309a2', '69', 'custCodelist4', 1, 'PathRenderer', 'DetailRenderer');
INSERT INTO CNT_HISTORY_DEF_ITEM
 (ID, REVISION, ENTITY_VERSION, DOMAIN_ID, PARENT_ID, LINE_NO, FIELD_ID, TRACKING_LEVEL, PATH_RENDERER_CLASS, DETAIL_RENDERER_CLASS)
VALUES ('efb5b82081f344b5a86722ac77f2d45f', 0, 1, '/', '4b6560954aae47cd9d1ffdd2e0f309a2', '70', 'custCodelist5', 1, 'PathRenderer', 'DetailRenderer');
INSERT INTO CNT_HISTORY_DEF_ITEM
 (ID, REVISION, ENTITY_VERSION, DOMAIN_ID, PARENT_ID, LINE_NO, FIELD_ID, TRACKING_LEVEL, PATH_RENDERER_CLASS, DETAIL_RENDERER_CLASS)
VALUES ('051222b77a1b40be8a61b19a3c4d2c3f', 0, 1, '/', '4b6560954aae47cd9d1ffdd2e0f309a2', '71', 'custCodelist6', 1, 'PathRenderer', 'DetailRenderer');
INSERT INTO CNT_HISTORY_DEF_ITEM
 (ID, REVISION, ENTITY_VERSION, DOMAIN_ID, PARENT_ID, LINE_NO, FIELD_ID, TRACKING_LEVEL, PATH_RENDERER_CLASS, DETAIL_RENDERER_CLASS)
VALUES ('7f779b11f2544d2392c93baf80ff0c01', 0, 1, '/', '4b6560954aae47cd9d1ffdd2e0f309a2', '72', 'custCodelist7', 1, 'PathRenderer', 'DetailRenderer');
INSERT INTO CNT_HISTORY_DEF_ITEM
 (ID, REVISION, ENTITY_VERSION, DOMAIN_ID, PARENT_ID, LINE_NO, FIELD_ID, TRACKING_LEVEL, PATH_RENDERER_CLASS, DETAIL_RENDERER_CLASS)
VALUES ('9f5e7b694a77490dadd63fcde617fc0a', 0, 1, '/', '4b6560954aae47cd9d1ffdd2e0f309a2', '73', 'custMemoText1', 1, 'PathRenderer', 'DetailRenderer');
INSERT INTO CNT_HISTORY_DEF_ITEM
 (ID, REVISION, ENTITY_VERSION, DOMAIN_ID, PARENT_ID, LINE_NO, FIELD_ID, TRACKING_LEVEL, PATH_RENDERER_CLASS, DETAIL_RENDERER_CLASS)
VALUES ('dfe72d49a4e449179e7f4e8983cbd8e1', 0, 1, '/', '4b6560954aae47cd9d1ffdd2e0f309a2', '74', 'custMemoText2', 1, 'PathRenderer', 'DetailRenderer');
INSERT INTO CNT_HISTORY_DEF_ITEM
 (ID, REVISION, ENTITY_VERSION, DOMAIN_ID, PARENT_ID, LINE_NO, FIELD_ID, TRACKING_LEVEL, PATH_RENDERER_CLASS, DETAIL_RENDERER_CLASS)
VALUES ('d99796a2d9124e939e4623bb13916007', 0, 1, '/', '4b6560954aae47cd9d1ffdd2e0f309a2', '75', 'custMemoText3', 1, 'PathRenderer', 'DetailRenderer');
INSERT INTO CNT_HISTORY_DEF_ITEM
 (ID, REVISION, ENTITY_VERSION, DOMAIN_ID, PARENT_ID, LINE_NO, FIELD_ID, TRACKING_LEVEL, PATH_RENDERER_CLASS, DETAIL_RENDERER_CLASS)
VALUES ('573851ca864c44cdb72db8e30127329d', 0, 1, '/', '4b6560954aae47cd9d1ffdd2e0f309a2', '76', 'custMemoText4', 1, 'PathRenderer', 'DetailRenderer');
INSERT INTO CNT_HISTORY_DEF_ITEM
 (ID, REVISION, ENTITY_VERSION, DOMAIN_ID, PARENT_ID, LINE_NO, FIELD_ID, TRACKING_LEVEL, PATH_RENDERER_CLASS, DETAIL_RENDERER_CLASS)
VALUES ('44e862fd54d640928ff955ff5a50853b', 0, 1, '/', '4b6560954aae47cd9d1ffdd2e0f309a2', '77', 'custMemoText5', 1, 'PathRenderer', 'DetailRenderer');
INSERT INTO CNT_HISTORY_DEF_ITEM
 (ID, REVISION, ENTITY_VERSION, DOMAIN_ID, PARENT_ID, LINE_NO, FIELD_ID, TRACKING_LEVEL, PATH_RENDERER_CLASS, DETAIL_RENDERER_CLASS)
VALUES ('fd147c37c14d4debb2e3c40e3ec730a7', 0, 1, '/', '4b6560954aae47cd9d1ffdd2e0f309a2', '78', 'custMemoText6', 1, 'PathRenderer', 'DetailRenderer');
INSERT INTO CNT_HISTORY_DEF_ITEM
 (ID, REVISION, ENTITY_VERSION, DOMAIN_ID, PARENT_ID, LINE_NO, FIELD_ID, TRACKING_LEVEL, PATH_RENDERER_CLASS, DETAIL_RENDERER_CLASS)
VALUES ('5e43340d911344dfa1c8b8481a9f2378', 0, 1, '/', '4b6560954aae47cd9d1ffdd2e0f309a2', '79', 'custMemoText7', 1, 'PathRenderer', 'DetailRenderer');
INSERT INTO CNT_HISTORY_DEF_ITEM
 (ID, REVISION, ENTITY_VERSION, DOMAIN_ID, PARENT_ID, LINE_NO, FIELD_ID, TRACKING_LEVEL, PATH_RENDERER_CLASS, DETAIL_RENDERER_CLASS)
VALUES ('a63534c05d6f4b0b97f5123af1b5bda4', 0, 1, '/', '4b6560954aae47cd9d1ffdd2e0f309a2', '80', 'custHcl1', 1, 'PathRenderer', 'DetailRenderer');
INSERT INTO CNT_HISTORY_DEF_ITEM
 (ID, REVISION, ENTITY_VERSION, DOMAIN_ID, PARENT_ID, LINE_NO, FIELD_ID, TRACKING_LEVEL, PATH_RENDERER_CLASS, DETAIL_RENDERER_CLASS)
VALUES ('45943beb6d174fd6a5e448b4404fb80c', 0, 1, '/', '4b6560954aae47cd9d1ffdd2e0f309a2', '81', 'custHcl2', 1, 'PathRenderer', 'DetailRenderer');
INSERT INTO CNT_HISTORY_DEF_ITEM
 (ID, REVISION, ENTITY_VERSION, DOMAIN_ID, PARENT_ID, LINE_NO, FIELD_ID, TRACKING_LEVEL, PATH_RENDERER_CLASS, DETAIL_RENDERER_CLASS)
VALUES ('6e6842219f9349e48c966f8cbce6016f', 0, 1, '/', '4b6560954aae47cd9d1ffdd2e0f309a2', '82', 'custHcl3', 1, 'PathRenderer', 'DetailRenderer');
INSERT INTO CNT_HISTORY_DEF_ITEM
 (ID, REVISION, ENTITY_VERSION, DOMAIN_ID, PARENT_ID, LINE_NO, FIELD_ID, TRACKING_LEVEL, PATH_RENDERER_CLASS, DETAIL_RENDERER_CLASS)
VALUES ('056555397ba54d50b644a3a55d898743', 0, 1, '/', '4b6560954aae47cd9d1ffdd2e0f309a2', '83', 'custHcl4', 1, 'PathRenderer', 'DetailRenderer');
INSERT INTO CNT_HISTORY_DEF_ITEM
 (ID, REVISION, ENTITY_VERSION, DOMAIN_ID, PARENT_ID, LINE_NO, FIELD_ID, TRACKING_LEVEL, PATH_RENDERER_CLASS, DETAIL_RENDERER_CLASS)
VALUES ('4c23db1cedef4dc8aea2c0301dbe6ffa', 0, 1, '/', '4b6560954aae47cd9d1ffdd2e0f309a2', '84', 'custHcl5', 1, 'PathRenderer', 'DetailRenderer');
INSERT INTO CNT_HISTORY_DEF_ITEM
 (ID, REVISION, ENTITY_VERSION, DOMAIN_ID, PARENT_ID, LINE_NO, FIELD_ID, TRACKING_LEVEL, PATH_RENDERER_CLASS, DETAIL_RENDERER_CLASS)
VALUES ('f512ee283315491d9c1a800dcbda6383', 0, 1, '/', '4b6560954aae47cd9d1ffdd2e0f309a2', '85', 'merchandiseHierarchyRef', 0, 'PathRenderer', 'DetailRenderer');
INSERT INTO CNT_HISTORY_DEF_ITEM
 (ID, REVISION, ENTITY_VERSION, DOMAIN_ID, PARENT_ID, LINE_NO, FIELD_ID, TRACKING_LEVEL, PATH_RENDERER_CLASS, DETAIL_RENDERER_CLASS)
VALUES ('ab37ef43daf44b95afbee44d45501c8e', 0, 1, '/', '4b6560954aae47cd9d1ffdd2e0f309a2', '86', 'merchandiseHierarchyVer', 0, 'PathRenderer', 'DetailRenderer');
INSERT INTO CNT_HISTORY_DEF_ITEM
 (ID, REVISION, ENTITY_VERSION, DOMAIN_ID, PARENT_ID, LINE_NO, FIELD_ID, TRACKING_LEVEL, PATH_RENDERER_CLASS, DETAIL_RENDERER_CLASS)
VALUES ('e4280e1ad1d64bcab6a247b0f2777117', 0, 1, '/', '4b6560954aae47cd9d1ffdd2e0f309a2', '87', 'merchandiseHierarchyRef2', 0, 'PathRenderer', 'DetailRenderer');
INSERT INTO CNT_HISTORY_DEF_ITEM
 (ID, REVISION, ENTITY_VERSION, DOMAIN_ID, PARENT_ID, LINE_NO, FIELD_ID, TRACKING_LEVEL, PATH_RENDERER_CLASS, DETAIL_RENDERER_CLASS)
VALUES ('b781013fa6a445c0ba1c753b17e67589', 0, 1, '/', '4b6560954aae47cd9d1ffdd2e0f309a2', '88', 'merchandiseHierarchFullLineage', 0, 'PathRenderer', 'DetailRenderer');
INSERT INTO CNT_HISTORY_DEF_ITEM
 (ID, REVISION, ENTITY_VERSION, DOMAIN_ID, PARENT_ID, LINE_NO, FIELD_ID, TRACKING_LEVEL, PATH_RENDERER_CLASS, DETAIL_RENDERER_CLASS)
VALUES ('3e8ef4fa090047d6aa5ecd296af0d011', 0, 1, '/', '4b6560954aae47cd9d1ffdd2e0f309a2', '89', 'fileRef', 0, 'PathRenderer', 'DetailRenderer');
INSERT INTO CNT_HISTORY_DEF_ITEM
 (ID, REVISION, ENTITY_VERSION, DOMAIN_ID, PARENT_ID, LINE_NO, FIELD_ID, TRACKING_LEVEL, PATH_RENDERER_CLASS, DETAIL_RENDERER_CLASS)
VALUES ('cc882e1cd71f4001bdd79dff085408e9', 0, 1, '/', '4b6560954aae47cd9d1ffdd2e0f309a2', '90', 'fileVer', 0, 'PathRenderer', 'DetailRenderer');
INSERT INTO CNT_HISTORY_DEF_ITEM
 (ID, REVISION, ENTITY_VERSION, DOMAIN_ID, PARENT_ID, LINE_NO, FIELD_ID, TRACKING_LEVEL, PATH_RENDERER_CLASS, DETAIL_RENDERER_CLASS)
VALUES ('91f231a78a974295a138328428028daf', 0, 1, '/', '4b6560954aae47cd9d1ffdd2e0f309a2', '91', 'fileRef2', 0, 'PathRenderer', 'DetailRenderer');
INSERT INTO CNT_HISTORY_DEF_ITEM
 (ID, REVISION, ENTITY_VERSION, DOMAIN_ID, PARENT_ID, LINE_NO, FIELD_ID, TRACKING_LEVEL, PATH_RENDERER_CLASS, DETAIL_RENDERER_CLASS)
VALUES ('43614cf82b8343ae94e11c6d17f4ba46', 0, 1, '/', '4b6560954aae47cd9d1ffdd2e0f309a2', '92', 'custCodelist1Name', 0, 'PathRenderer', 'DetailRenderer');
INSERT INTO CNT_HISTORY_DEF_ITEM
 (ID, REVISION, ENTITY_VERSION, DOMAIN_ID, PARENT_ID, LINE_NO, FIELD_ID, TRACKING_LEVEL, PATH_RENDERER_CLASS, DETAIL_RENDERER_CLASS)
VALUES ('f1f8f68dca1e481baabc6b5cac750a5b', 0, 1, '/', '4b6560954aae47cd9d1ffdd2e0f309a2', '93', 'custCodelist2Name', 0, 'PathRenderer', 'DetailRenderer');
INSERT INTO CNT_HISTORY_DEF_ITEM
 (ID, REVISION, ENTITY_VERSION, DOMAIN_ID, PARENT_ID, LINE_NO, FIELD_ID, TRACKING_LEVEL, PATH_RENDERER_CLASS, DETAIL_RENDERER_CLASS)
VALUES ('9f7f4b658b734c29ba7dbfd9515b6b56', 0, 1, '/', '4b6560954aae47cd9d1ffdd2e0f309a2', '94', 'custCodelist3Name', 0, 'PathRenderer', 'DetailRenderer');
INSERT INTO CNT_HISTORY_DEF_ITEM
 (ID, REVISION, ENTITY_VERSION, DOMAIN_ID, PARENT_ID, LINE_NO, FIELD_ID, TRACKING_LEVEL, PATH_RENDERER_CLASS, DETAIL_RENDERER_CLASS)
VALUES ('dc49a92a94ee4795babc426064b15e18', 0, 1, '/', '4b6560954aae47cd9d1ffdd2e0f309a2', '95', 'custCodelist4Name', 0, 'PathRenderer', 'DetailRenderer');
INSERT INTO CNT_HISTORY_DEF_ITEM
 (ID, REVISION, ENTITY_VERSION, DOMAIN_ID, PARENT_ID, LINE_NO, FIELD_ID, TRACKING_LEVEL, PATH_RENDERER_CLASS, DETAIL_RENDERER_CLASS)
VALUES ('919b2dccef8c41129fecdfb752425df8', 0, 1, '/', '4b6560954aae47cd9d1ffdd2e0f309a2', '96', 'custCodelist5Name', 0, 'PathRenderer', 'DetailRenderer');
INSERT INTO CNT_HISTORY_DEF_ITEM
 (ID, REVISION, ENTITY_VERSION, DOMAIN_ID, PARENT_ID, LINE_NO, FIELD_ID, TRACKING_LEVEL, PATH_RENDERER_CLASS, DETAIL_RENDERER_CLASS)
VALUES ('f23d91ac29d049128302a84166cd2c77', 0, 1, '/', '4b6560954aae47cd9d1ffdd2e0f309a2', '97', 'custCodelist6Name', 0, 'PathRenderer', 'DetailRenderer');
INSERT INTO CNT_HISTORY_DEF_ITEM
 (ID, REVISION, ENTITY_VERSION, DOMAIN_ID, PARENT_ID, LINE_NO, FIELD_ID, TRACKING_LEVEL, PATH_RENDERER_CLASS, DETAIL_RENDERER_CLASS)
VALUES ('e058b681db614c44b0b86a7c44c6669a', 0, 1, '/', '4b6560954aae47cd9d1ffdd2e0f309a2', '98', 'custCodelist7Name', 0, 'PathRenderer', 'DetailRenderer');
INSERT INTO CNT_HISTORY_DEF_ITEM
 (ID, REVISION, ENTITY_VERSION, DOMAIN_ID, PARENT_ID, LINE_NO, FIELD_ID, TRACKING_LEVEL, PATH_RENDERER_CLASS, DETAIL_RENDERER_CLASS)
VALUES ('12604fd981814f6aa722c9947c718ce5', 0, 1, '/', '4b6560954aae47cd9d1ffdd2e0f309a2', '99', 'custHcl1Ref', 0, 'PathRenderer', 'DetailRenderer');
INSERT INTO CNT_HISTORY_DEF_ITEM
 (ID, REVISION, ENTITY_VERSION, DOMAIN_ID, PARENT_ID, LINE_NO, FIELD_ID, TRACKING_LEVEL, PATH_RENDERER_CLASS, DETAIL_RENDERER_CLASS)
VALUES ('1044c2f7f4af4149ac3e9e3a462e67fa', 0, 1, '/', '4b6560954aae47cd9d1ffdd2e0f309a2', '100', 'custHcl1Ver', 0, 'PathRenderer', 'DetailRenderer');
INSERT INTO CNT_HISTORY_DEF_ITEM
 (ID, REVISION, ENTITY_VERSION, DOMAIN_ID, PARENT_ID, LINE_NO, FIELD_ID, TRACKING_LEVEL, PATH_RENDERER_CLASS, DETAIL_RENDERER_CLASS)
VALUES ('6baa33deafd1463a8fd895cbf59dfddd', 0, 1, '/', '4b6560954aae47cd9d1ffdd2e0f309a2', '101', 'custHcl1Ref2', 0, 'PathRenderer', 'DetailRenderer');
INSERT INTO CNT_HISTORY_DEF_ITEM
 (ID, REVISION, ENTITY_VERSION, DOMAIN_ID, PARENT_ID, LINE_NO, FIELD_ID, TRACKING_LEVEL, PATH_RENDERER_CLASS, DETAIL_RENDERER_CLASS)
VALUES ('7a40b6c07d09461a88e4bc3bf43775c5', 0, 1, '/', '4b6560954aae47cd9d1ffdd2e0f309a2', '102', 'custHcl1FullLineage', 0, 'PathRenderer', 'DetailRenderer');
INSERT INTO CNT_HISTORY_DEF_ITEM
 (ID, REVISION, ENTITY_VERSION, DOMAIN_ID, PARENT_ID, LINE_NO, FIELD_ID, TRACKING_LEVEL, PATH_RENDERER_CLASS, DETAIL_RENDERER_CLASS)
VALUES ('0e239e203ab546059878898dc52a1146', 0, 1, '/', '4b6560954aae47cd9d1ffdd2e0f309a2', '103', 'custHcl2Ref', 0, 'PathRenderer', 'DetailRenderer');
INSERT INTO CNT_HISTORY_DEF_ITEM
 (ID, REVISION, ENTITY_VERSION, DOMAIN_ID, PARENT_ID, LINE_NO, FIELD_ID, TRACKING_LEVEL, PATH_RENDERER_CLASS, DETAIL_RENDERER_CLASS)
VALUES ('0b019d8680054a029d4f78bfeb8c107e', 0, 1, '/', '4b6560954aae47cd9d1ffdd2e0f309a2', '104', 'custHcl2Ver', 0, 'PathRenderer', 'DetailRenderer');
INSERT INTO CNT_HISTORY_DEF_ITEM
 (ID, REVISION, ENTITY_VERSION, DOMAIN_ID, PARENT_ID, LINE_NO, FIELD_ID, TRACKING_LEVEL, PATH_RENDERER_CLASS, DETAIL_RENDERER_CLASS)
VALUES ('304e8ae63b56473ab6d5eff32521f004', 0, 1, '/', '4b6560954aae47cd9d1ffdd2e0f309a2', '105', 'custHcl2Ref2', 0, 'PathRenderer', 'DetailRenderer');
INSERT INTO CNT_HISTORY_DEF_ITEM
 (ID, REVISION, ENTITY_VERSION, DOMAIN_ID, PARENT_ID, LINE_NO, FIELD_ID, TRACKING_LEVEL, PATH_RENDERER_CLASS, DETAIL_RENDERER_CLASS)
VALUES ('52b6f9fc6942489d9118b72c4fc6d9fd', 0, 1, '/', '4b6560954aae47cd9d1ffdd2e0f309a2', '106', 'custHcl2FullLineage', 0, 'PathRenderer', 'DetailRenderer');
INSERT INTO CNT_HISTORY_DEF_ITEM
 (ID, REVISION, ENTITY_VERSION, DOMAIN_ID, PARENT_ID, LINE_NO, FIELD_ID, TRACKING_LEVEL, PATH_RENDERER_CLASS, DETAIL_RENDERER_CLASS)
VALUES ('2108f8a3e806407e821c195c6bcce6b9', 0, 1, '/', '4b6560954aae47cd9d1ffdd2e0f309a2', '107', 'custHcl3Ref', 0, 'PathRenderer', 'DetailRenderer');
INSERT INTO CNT_HISTORY_DEF_ITEM
 (ID, REVISION, ENTITY_VERSION, DOMAIN_ID, PARENT_ID, LINE_NO, FIELD_ID, TRACKING_LEVEL, PATH_RENDERER_CLASS, DETAIL_RENDERER_CLASS)
VALUES ('77528e95f83b42b3aa2593260cdc959a', 0, 1, '/', '4b6560954aae47cd9d1ffdd2e0f309a2', '108', 'custHcl3Ver', 0, 'PathRenderer', 'DetailRenderer');
INSERT INTO CNT_HISTORY_DEF_ITEM
 (ID, REVISION, ENTITY_VERSION, DOMAIN_ID, PARENT_ID, LINE_NO, FIELD_ID, TRACKING_LEVEL, PATH_RENDERER_CLASS, DETAIL_RENDERER_CLASS)
VALUES ('d4f2d02971b544cbb332b72f5d361f15', 0, 1, '/', '4b6560954aae47cd9d1ffdd2e0f309a2', '109', 'custHcl3Ref2', 0, 'PathRenderer', 'DetailRenderer');
INSERT INTO CNT_HISTORY_DEF_ITEM
 (ID, REVISION, ENTITY_VERSION, DOMAIN_ID, PARENT_ID, LINE_NO, FIELD_ID, TRACKING_LEVEL, PATH_RENDERER_CLASS, DETAIL_RENDERER_CLASS)
VALUES ('168a1d99a92e4e009a93f9ae2680e0e2', 0, 1, '/', '4b6560954aae47cd9d1ffdd2e0f309a2', '110', 'custHcl3FullLineage', 0, 'PathRenderer', 'DetailRenderer');
INSERT INTO CNT_HISTORY_DEF_ITEM
 (ID, REVISION, ENTITY_VERSION, DOMAIN_ID, PARENT_ID, LINE_NO, FIELD_ID, TRACKING_LEVEL, PATH_RENDERER_CLASS, DETAIL_RENDERER_CLASS)
VALUES ('cfe7e56043564edea83b609a304367e7', 0, 1, '/', '4b6560954aae47cd9d1ffdd2e0f309a2', '111', 'custHcl4Ref', 0, 'PathRenderer', 'DetailRenderer');
INSERT INTO CNT_HISTORY_DEF_ITEM
 (ID, REVISION, ENTITY_VERSION, DOMAIN_ID, PARENT_ID, LINE_NO, FIELD_ID, TRACKING_LEVEL, PATH_RENDERER_CLASS, DETAIL_RENDERER_CLASS)
VALUES ('290e553abc6741f3a45321dce19b1352', 0, 1, '/', '4b6560954aae47cd9d1ffdd2e0f309a2', '112', 'custHcl4Ver', 0, 'PathRenderer', 'DetailRenderer');
INSERT INTO CNT_HISTORY_DEF_ITEM
 (ID, REVISION, ENTITY_VERSION, DOMAIN_ID, PARENT_ID, LINE_NO, FIELD_ID, TRACKING_LEVEL, PATH_RENDERER_CLASS, DETAIL_RENDERER_CLASS)
VALUES ('2fb4a2e721f4493e8c4aa3bd19863c42', 0, 1, '/', '4b6560954aae47cd9d1ffdd2e0f309a2', '113', 'custHcl4Ref2', 0, 'PathRenderer', 'DetailRenderer');
INSERT INTO CNT_HISTORY_DEF_ITEM
 (ID, REVISION, ENTITY_VERSION, DOMAIN_ID, PARENT_ID, LINE_NO, FIELD_ID, TRACKING_LEVEL, PATH_RENDERER_CLASS, DETAIL_RENDERER_CLASS)
VALUES ('e4e29b5861164d579d2aa4e711263c86', 0, 1, '/', '4b6560954aae47cd9d1ffdd2e0f309a2', '114', 'custHcl4FullLineage', 0, 'PathRenderer', 'DetailRenderer');
INSERT INTO CNT_HISTORY_DEF_ITEM
 (ID, REVISION, ENTITY_VERSION, DOMAIN_ID, PARENT_ID, LINE_NO, FIELD_ID, TRACKING_LEVEL, PATH_RENDERER_CLASS, DETAIL_RENDERER_CLASS)
VALUES ('42ecde1079d04bb2b9a68fcbbac1610d', 0, 1, '/', '4b6560954aae47cd9d1ffdd2e0f309a2', '115', 'custHcl5Ref', 0, 'PathRenderer', 'DetailRenderer');
INSERT INTO CNT_HISTORY_DEF_ITEM
 (ID, REVISION, ENTITY_VERSION, DOMAIN_ID, PARENT_ID, LINE_NO, FIELD_ID, TRACKING_LEVEL, PATH_RENDERER_CLASS, DETAIL_RENDERER_CLASS)
VALUES ('22051d894d31466285904bd19650c2af', 0, 1, '/', '4b6560954aae47cd9d1ffdd2e0f309a2', '116', 'custHcl5Ver', 0, 'PathRenderer', 'DetailRenderer');
INSERT INTO CNT_HISTORY_DEF_ITEM
 (ID, REVISION, ENTITY_VERSION, DOMAIN_ID, PARENT_ID, LINE_NO, FIELD_ID, TRACKING_LEVEL, PATH_RENDERER_CLASS, DETAIL_RENDERER_CLASS)
VALUES ('64de529241ed4b178a5933d13c0cd2a3', 0, 1, '/', '4b6560954aae47cd9d1ffdd2e0f309a2', '117', 'custHcl5Ref2', 0, 'PathRenderer', 'DetailRenderer');
INSERT INTO CNT_HISTORY_DEF_ITEM
 (ID, REVISION, ENTITY_VERSION, DOMAIN_ID, PARENT_ID, LINE_NO, FIELD_ID, TRACKING_LEVEL, PATH_RENDERER_CLASS, DETAIL_RENDERER_CLASS)
VALUES ('819d5dacfca1475b88d0d7b6baf4e649', 0, 1, '/', '4b6560954aae47cd9d1ffdd2e0f309a2', '118', 'custHcl5FullLineage', 0, 'PathRenderer', 'DetailRenderer');
INSERT INTO CNT_HISTORY_DEF
 (ID, REVISION, APPLY_ENTITY, ENTITY_VERSION, DOMAIN_ID , GENERATED, CREATE_USER, CREATE_USER_NAME, CREATED_ON)
VALUES ('e899e79a74f64c8e91a2ec134f5dba4f', 0, 'RfqItem', 1, '/', 1, 'system', 'system', systimestamp);
INSERT INTO CNT_HISTORY_DEF_ITEM
 (ID, REVISION, ENTITY_VERSION, DOMAIN_ID, PARENT_ID, LINE_NO, FIELD_ID, TRACKING_LEVEL, PATH_RENDERER_CLASS, DETAIL_RENDERER_CLASS)
VALUES ('e56dd4da05fd4a8582d71d3ebf362c40', 0, 1, '/', 'e899e79a74f64c8e91a2ec134f5dba4f', '0', 'id', 1, 'PathRenderer', 'DetailRenderer');
INSERT INTO CNT_HISTORY_DEF_ITEM
 (ID, REVISION, ENTITY_VERSION, DOMAIN_ID, PARENT_ID, LINE_NO, FIELD_ID, TRACKING_LEVEL, PATH_RENDERER_CLASS, DETAIL_RENDERER_CLASS)
VALUES ('8fdf3a85731b4358bc19ff3230c43300', 0, 1, '/', 'e899e79a74f64c8e91a2ec134f5dba4f', '1', 'revision', 1, 'PathRenderer', 'DetailRenderer');
INSERT INTO CNT_HISTORY_DEF_ITEM
 (ID, REVISION, ENTITY_VERSION, DOMAIN_ID, PARENT_ID, LINE_NO, FIELD_ID, TRACKING_LEVEL, PATH_RENDERER_CLASS, DETAIL_RENDERER_CLASS)
VALUES ('dce4a63459e04f748562d20003abfb1a', 0, 1, '/', 'e899e79a74f64c8e91a2ec134f5dba4f', '2', 'entityVersion', 1, 'PathRenderer', 'DetailRenderer');
INSERT INTO CNT_HISTORY_DEF_ITEM
 (ID, REVISION, ENTITY_VERSION, DOMAIN_ID, PARENT_ID, LINE_NO, FIELD_ID, TRACKING_LEVEL, PATH_RENDERER_CLASS, DETAIL_RENDERER_CLASS)
VALUES ('9259725139394dde8b86d8aebd0cdfcb', 0, 1, '/', 'e899e79a74f64c8e91a2ec134f5dba4f', '3', 'domainId', 1, 'PathRenderer', 'DetailRenderer');
INSERT INTO CNT_HISTORY_DEF_ITEM
 (ID, REVISION, ENTITY_VERSION, DOMAIN_ID, PARENT_ID, LINE_NO, FIELD_ID, TRACKING_LEVEL, PATH_RENDERER_CLASS, DETAIL_RENDERER_CLASS)
VALUES ('8f6eb8244eac4682b56516083d3b55af', 0, 1, '/', 'e899e79a74f64c8e91a2ec134f5dba4f', '4', 'hubDomainId', 1, 'PathRenderer', 'DetailRenderer');
INSERT INTO CNT_HISTORY_DEF_ITEM
 (ID, REVISION, ENTITY_VERSION, DOMAIN_ID, PARENT_ID, LINE_NO, FIELD_ID, TRACKING_LEVEL, PATH_RENDERER_CLASS, DETAIL_RENDERER_CLASS)
VALUES ('f79e63a4ed5c4fc3be549d74fd456691', 0, 1, '/', 'e899e79a74f64c8e91a2ec134f5dba4f', '5', 'isForReference', 1, 'PathRenderer', 'DetailRenderer');
INSERT INTO CNT_HISTORY_DEF_ITEM
 (ID, REVISION, ENTITY_VERSION, DOMAIN_ID, PARENT_ID, LINE_NO, FIELD_ID, TRACKING_LEVEL, PATH_RENDERER_CLASS, DETAIL_RENDERER_CLASS)
VALUES ('cb9c765b80bf443d920a7d42f025a944', 0, 1, '/', 'e899e79a74f64c8e91a2ec134f5dba4f', '6', 'internalSeqNo', 1, 'PathRenderer', 'DetailRenderer');
INSERT INTO CNT_HISTORY_DEF_ITEM
 (ID, REVISION, ENTITY_VERSION, DOMAIN_ID, PARENT_ID, LINE_NO, FIELD_ID, TRACKING_LEVEL, PATH_RENDERER_CLASS, DETAIL_RENDERER_CLASS)
VALUES ('81e3d6eee9bd49e3b72f061cca8ebfd1', 0, 1, '/', 'e899e79a74f64c8e91a2ec134f5dba4f', '7', 'rfqId', 1, 'PathRenderer', 'DetailRenderer');
INSERT INTO CNT_HISTORY_DEF_ITEM
 (ID, REVISION, ENTITY_VERSION, DOMAIN_ID, PARENT_ID, LINE_NO, FIELD_ID, TRACKING_LEVEL, PATH_RENDERER_CLASS, DETAIL_RENDERER_CLASS)
VALUES ('553e268e521a469da6b9dac81b1c06f4', 0, 1, '/', 'e899e79a74f64c8e91a2ec134f5dba4f', '8', 'fileId', 1, 'PathRenderer', 'DetailRenderer');
INSERT INTO CNT_HISTORY_DEF_ITEM
 (ID, REVISION, ENTITY_VERSION, DOMAIN_ID, PARENT_ID, LINE_NO, FIELD_ID, TRACKING_LEVEL, PATH_RENDERER_CLASS, DETAIL_RENDERER_CLASS)
VALUES ('311e75c5eb444600a262f01bcca4e924', 0, 1, '/', 'e899e79a74f64c8e91a2ec134f5dba4f', '9', 'briefId', 1, 'PathRenderer', 'DetailRenderer');
INSERT INTO CNT_HISTORY_DEF_ITEM
 (ID, REVISION, ENTITY_VERSION, DOMAIN_ID, PARENT_ID, LINE_NO, FIELD_ID, TRACKING_LEVEL, PATH_RENDERER_CLASS, DETAIL_RENDERER_CLASS)
VALUES ('f955e82a94eb4837a3a0834bc579442c', 0, 1, '/', 'e899e79a74f64c8e91a2ec134f5dba4f', '10', 'itemId', 1, 'PathRenderer', 'DetailRenderer');
INSERT INTO CNT_HISTORY_DEF_ITEM
 (ID, REVISION, ENTITY_VERSION, DOMAIN_ID, PARENT_ID, LINE_NO, FIELD_ID, TRACKING_LEVEL, PATH_RENDERER_CLASS, DETAIL_RENDERER_CLASS)
VALUES ('81d3872cad4d4a9a9e3d5dd7fb1b0dac', 0, 1, '/', 'e899e79a74f64c8e91a2ec134f5dba4f', '11', 'specId', 1, 'PathRenderer', 'DetailRenderer');
INSERT INTO CNT_HISTORY_DEF_ITEM
 (ID, REVISION, ENTITY_VERSION, DOMAIN_ID, PARENT_ID, LINE_NO, FIELD_ID, TRACKING_LEVEL, PATH_RENDERER_CLASS, DETAIL_RENDERER_CLASS)
VALUES ('d6a260d2e31741178285bdfaf0c73fcf', 0, 1, '/', 'e899e79a74f64c8e91a2ec134f5dba4f', '12', 'setFlag', 1, 'PathRenderer', 'DetailRenderer');
INSERT INTO CNT_HISTORY_DEF_ITEM
 (ID, REVISION, ENTITY_VERSION, DOMAIN_ID, PARENT_ID, LINE_NO, FIELD_ID, TRACKING_LEVEL, PATH_RENDERER_CLASS, DETAIL_RENDERER_CLASS)
VALUES ('f416846395984dcf997c485898ed634e', 0, 1, '/', 'e899e79a74f64c8e91a2ec134f5dba4f', '13', 'vendorComments', 1, 'PathRenderer', 'DetailRenderer');
INSERT INTO CNT_HISTORY_DEF_ITEM
 (ID, REVISION, ENTITY_VERSION, DOMAIN_ID, PARENT_ID, LINE_NO, FIELD_ID, TRACKING_LEVEL, PATH_RENDERER_CLASS, DETAIL_RENDERER_CLASS)
VALUES ('928a9f63d3064f198d8c3da722aae827', 0, 1, '/', 'e899e79a74f64c8e91a2ec134f5dba4f', '14', 'refNo', 0, 'PathRenderer', 'DetailRenderer');
INSERT INTO CNT_HISTORY_DEF_ITEM
 (ID, REVISION, ENTITY_VERSION, DOMAIN_ID, PARENT_ID, LINE_NO, FIELD_ID, TRACKING_LEVEL, PATH_RENDERER_CLASS, DETAIL_RENDERER_CLASS)
VALUES ('711d8f9c197144b3af92e741ec70c3e1', 0, 1, '/', 'e899e79a74f64c8e91a2ec134f5dba4f', '15', 'custText1', 1, 'PathRenderer', 'DetailRenderer');
INSERT INTO CNT_HISTORY_DEF_ITEM
 (ID, REVISION, ENTITY_VERSION, DOMAIN_ID, PARENT_ID, LINE_NO, FIELD_ID, TRACKING_LEVEL, PATH_RENDERER_CLASS, DETAIL_RENDERER_CLASS)
VALUES ('f887740c16d84bd38c2e186b848c4f1c', 0, 1, '/', 'e899e79a74f64c8e91a2ec134f5dba4f', '16', 'custText2', 1, 'PathRenderer', 'DetailRenderer');
INSERT INTO CNT_HISTORY_DEF_ITEM
 (ID, REVISION, ENTITY_VERSION, DOMAIN_ID, PARENT_ID, LINE_NO, FIELD_ID, TRACKING_LEVEL, PATH_RENDERER_CLASS, DETAIL_RENDERER_CLASS)
VALUES ('92eb7e7963fb4d73ba33a02ffb093366', 0, 1, '/', 'e899e79a74f64c8e91a2ec134f5dba4f', '17', 'custText3', 1, 'PathRenderer', 'DetailRenderer');
INSERT INTO CNT_HISTORY_DEF_ITEM
 (ID, REVISION, ENTITY_VERSION, DOMAIN_ID, PARENT_ID, LINE_NO, FIELD_ID, TRACKING_LEVEL, PATH_RENDERER_CLASS, DETAIL_RENDERER_CLASS)
VALUES ('75f87067893f420eb8379723ed330840', 0, 1, '/', 'e899e79a74f64c8e91a2ec134f5dba4f', '18', 'custText4', 1, 'PathRenderer', 'DetailRenderer');
INSERT INTO CNT_HISTORY_DEF_ITEM
 (ID, REVISION, ENTITY_VERSION, DOMAIN_ID, PARENT_ID, LINE_NO, FIELD_ID, TRACKING_LEVEL, PATH_RENDERER_CLASS, DETAIL_RENDERER_CLASS)
VALUES ('1cf67006fb754c5984d51a60bb86caa6', 0, 1, '/', 'e899e79a74f64c8e91a2ec134f5dba4f', '19', 'custText5', 1, 'PathRenderer', 'DetailRenderer');
INSERT INTO CNT_HISTORY_DEF_ITEM
 (ID, REVISION, ENTITY_VERSION, DOMAIN_ID, PARENT_ID, LINE_NO, FIELD_ID, TRACKING_LEVEL, PATH_RENDERER_CLASS, DETAIL_RENDERER_CLASS)
VALUES ('563930bdc52a46aa9e250923a5d95317', 0, 1, '/', 'e899e79a74f64c8e91a2ec134f5dba4f', '20', 'custText6', 1, 'PathRenderer', 'DetailRenderer');
INSERT INTO CNT_HISTORY_DEF_ITEM
 (ID, REVISION, ENTITY_VERSION, DOMAIN_ID, PARENT_ID, LINE_NO, FIELD_ID, TRACKING_LEVEL, PATH_RENDERER_CLASS, DETAIL_RENDERER_CLASS)
VALUES ('18b7747774554417bfcb9ed2056473fe', 0, 1, '/', 'e899e79a74f64c8e91a2ec134f5dba4f', '21', 'custText7', 1, 'PathRenderer', 'DetailRenderer');
INSERT INTO CNT_HISTORY_DEF_ITEM
 (ID, REVISION, ENTITY_VERSION, DOMAIN_ID, PARENT_ID, LINE_NO, FIELD_ID, TRACKING_LEVEL, PATH_RENDERER_CLASS, DETAIL_RENDERER_CLASS)
VALUES ('3a821458f039426da509fc74d419001b', 0, 1, '/', 'e899e79a74f64c8e91a2ec134f5dba4f', '22', 'custDate1', 1, 'PathRenderer', 'DetailRenderer');
INSERT INTO CNT_HISTORY_DEF_ITEM
 (ID, REVISION, ENTITY_VERSION, DOMAIN_ID, PARENT_ID, LINE_NO, FIELD_ID, TRACKING_LEVEL, PATH_RENDERER_CLASS, DETAIL_RENDERER_CLASS)
VALUES ('110185b6b1e4417089b3fc43a19d2117', 0, 1, '/', 'e899e79a74f64c8e91a2ec134f5dba4f', '23', 'custDate2', 1, 'PathRenderer', 'DetailRenderer');
INSERT INTO CNT_HISTORY_DEF_ITEM
 (ID, REVISION, ENTITY_VERSION, DOMAIN_ID, PARENT_ID, LINE_NO, FIELD_ID, TRACKING_LEVEL, PATH_RENDERER_CLASS, DETAIL_RENDERER_CLASS)
VALUES ('8f69b131d35b4fdd98264f8be383da17', 0, 1, '/', 'e899e79a74f64c8e91a2ec134f5dba4f', '24', 'custDate3', 1, 'PathRenderer', 'DetailRenderer');
INSERT INTO CNT_HISTORY_DEF_ITEM
 (ID, REVISION, ENTITY_VERSION, DOMAIN_ID, PARENT_ID, LINE_NO, FIELD_ID, TRACKING_LEVEL, PATH_RENDERER_CLASS, DETAIL_RENDERER_CLASS)
VALUES ('414e9bc745524ec78edd04b9cf31ee59', 0, 1, '/', 'e899e79a74f64c8e91a2ec134f5dba4f', '25', 'custDate4', 1, 'PathRenderer', 'DetailRenderer');
INSERT INTO CNT_HISTORY_DEF_ITEM
 (ID, REVISION, ENTITY_VERSION, DOMAIN_ID, PARENT_ID, LINE_NO, FIELD_ID, TRACKING_LEVEL, PATH_RENDERER_CLASS, DETAIL_RENDERER_CLASS)
VALUES ('413ac60b7a7442dabbf6d297f731c20f', 0, 1, '/', 'e899e79a74f64c8e91a2ec134f5dba4f', '26', 'custDate5', 1, 'PathRenderer', 'DetailRenderer');
INSERT INTO CNT_HISTORY_DEF_ITEM
 (ID, REVISION, ENTITY_VERSION, DOMAIN_ID, PARENT_ID, LINE_NO, FIELD_ID, TRACKING_LEVEL, PATH_RENDERER_CLASS, DETAIL_RENDERER_CLASS)
VALUES ('f31d55a6a6c4480b990bffc9943d5079', 0, 1, '/', 'e899e79a74f64c8e91a2ec134f5dba4f', '27', 'custDate6', 1, 'PathRenderer', 'DetailRenderer');
INSERT INTO CNT_HISTORY_DEF_ITEM
 (ID, REVISION, ENTITY_VERSION, DOMAIN_ID, PARENT_ID, LINE_NO, FIELD_ID, TRACKING_LEVEL, PATH_RENDERER_CLASS, DETAIL_RENDERER_CLASS)
VALUES ('3db5bc4742624ce08b124b56a57cf3ba', 0, 1, '/', 'e899e79a74f64c8e91a2ec134f5dba4f', '28', 'custDate7', 1, 'PathRenderer', 'DetailRenderer');
INSERT INTO CNT_HISTORY_DEF_ITEM
 (ID, REVISION, ENTITY_VERSION, DOMAIN_ID, PARENT_ID, LINE_NO, FIELD_ID, TRACKING_LEVEL, PATH_RENDERER_CLASS, DETAIL_RENDERER_CLASS)
VALUES ('08d328d826de4f278c77004a5c873a83', 0, 1, '/', 'e899e79a74f64c8e91a2ec134f5dba4f', '29', 'custNumber1', 1, 'PathRenderer', 'DetailRenderer');
INSERT INTO CNT_HISTORY_DEF_ITEM
 (ID, REVISION, ENTITY_VERSION, DOMAIN_ID, PARENT_ID, LINE_NO, FIELD_ID, TRACKING_LEVEL, PATH_RENDERER_CLASS, DETAIL_RENDERER_CLASS)
VALUES ('3cb9f1382a8c4caab54754629f9537e8', 0, 1, '/', 'e899e79a74f64c8e91a2ec134f5dba4f', '30', 'custNumber2', 1, 'PathRenderer', 'DetailRenderer');
INSERT INTO CNT_HISTORY_DEF_ITEM
 (ID, REVISION, ENTITY_VERSION, DOMAIN_ID, PARENT_ID, LINE_NO, FIELD_ID, TRACKING_LEVEL, PATH_RENDERER_CLASS, DETAIL_RENDERER_CLASS)
VALUES ('7ed99ecdc8974b11bc47bfb5584219d8', 0, 1, '/', 'e899e79a74f64c8e91a2ec134f5dba4f', '31', 'custNumber3', 1, 'PathRenderer', 'DetailRenderer');
INSERT INTO CNT_HISTORY_DEF_ITEM
 (ID, REVISION, ENTITY_VERSION, DOMAIN_ID, PARENT_ID, LINE_NO, FIELD_ID, TRACKING_LEVEL, PATH_RENDERER_CLASS, DETAIL_RENDERER_CLASS)
VALUES ('4d5ddd94b64b4ddeb87f72136a528c06', 0, 1, '/', 'e899e79a74f64c8e91a2ec134f5dba4f', '32', 'custNumber4', 1, 'PathRenderer', 'DetailRenderer');
INSERT INTO CNT_HISTORY_DEF_ITEM
 (ID, REVISION, ENTITY_VERSION, DOMAIN_ID, PARENT_ID, LINE_NO, FIELD_ID, TRACKING_LEVEL, PATH_RENDERER_CLASS, DETAIL_RENDERER_CLASS)
VALUES ('eb76d1c53b1246f184eb9ef54989c222', 0, 1, '/', 'e899e79a74f64c8e91a2ec134f5dba4f', '33', 'custNumber5', 1, 'PathRenderer', 'DetailRenderer');
INSERT INTO CNT_HISTORY_DEF_ITEM
 (ID, REVISION, ENTITY_VERSION, DOMAIN_ID, PARENT_ID, LINE_NO, FIELD_ID, TRACKING_LEVEL, PATH_RENDERER_CLASS, DETAIL_RENDERER_CLASS)
VALUES ('6cd0d532eac94d75b83f43e414bd9344', 0, 1, '/', 'e899e79a74f64c8e91a2ec134f5dba4f', '34', 'custNumber6', 1, 'PathRenderer', 'DetailRenderer');
INSERT INTO CNT_HISTORY_DEF_ITEM
 (ID, REVISION, ENTITY_VERSION, DOMAIN_ID, PARENT_ID, LINE_NO, FIELD_ID, TRACKING_LEVEL, PATH_RENDERER_CLASS, DETAIL_RENDERER_CLASS)
VALUES ('6bda0b467bf949f7bdba7c0598c94a1e', 0, 1, '/', 'e899e79a74f64c8e91a2ec134f5dba4f', '35', 'custNumber7', 1, 'PathRenderer', 'DetailRenderer');
INSERT INTO CNT_HISTORY_DEF_ITEM
 (ID, REVISION, ENTITY_VERSION, DOMAIN_ID, PARENT_ID, LINE_NO, FIELD_ID, TRACKING_LEVEL, PATH_RENDERER_CLASS, DETAIL_RENDERER_CLASS)
VALUES ('f154ba0fab6040f9a820a17393befb27', 0, 1, '/', 'e899e79a74f64c8e91a2ec134f5dba4f', '36', 'custDecimal1', 1, 'PathRenderer', 'DetailRenderer');
INSERT INTO CNT_HISTORY_DEF_ITEM
 (ID, REVISION, ENTITY_VERSION, DOMAIN_ID, PARENT_ID, LINE_NO, FIELD_ID, TRACKING_LEVEL, PATH_RENDERER_CLASS, DETAIL_RENDERER_CLASS)
VALUES ('462d3f1efe0f4df0b9b2b016b715d957', 0, 1, '/', 'e899e79a74f64c8e91a2ec134f5dba4f', '37', 'custDecimal2', 1, 'PathRenderer', 'DetailRenderer');
INSERT INTO CNT_HISTORY_DEF_ITEM
 (ID, REVISION, ENTITY_VERSION, DOMAIN_ID, PARENT_ID, LINE_NO, FIELD_ID, TRACKING_LEVEL, PATH_RENDERER_CLASS, DETAIL_RENDERER_CLASS)
VALUES ('91d62e3e895f460d9fb8ded10b675812', 0, 1, '/', 'e899e79a74f64c8e91a2ec134f5dba4f', '38', 'custDecimal3', 1, 'PathRenderer', 'DetailRenderer');
INSERT INTO CNT_HISTORY_DEF_ITEM
 (ID, REVISION, ENTITY_VERSION, DOMAIN_ID, PARENT_ID, LINE_NO, FIELD_ID, TRACKING_LEVEL, PATH_RENDERER_CLASS, DETAIL_RENDERER_CLASS)
VALUES ('b1da2e9dbd9744308338e934e7a328cb', 0, 1, '/', 'e899e79a74f64c8e91a2ec134f5dba4f', '39', 'custDecimal4', 1, 'PathRenderer', 'DetailRenderer');
INSERT INTO CNT_HISTORY_DEF_ITEM
 (ID, REVISION, ENTITY_VERSION, DOMAIN_ID, PARENT_ID, LINE_NO, FIELD_ID, TRACKING_LEVEL, PATH_RENDERER_CLASS, DETAIL_RENDERER_CLASS)
VALUES ('0bc1eaa124564c02953dd5d5cf10abcc', 0, 1, '/', 'e899e79a74f64c8e91a2ec134f5dba4f', '40', 'custDecimal5', 1, 'PathRenderer', 'DetailRenderer');
INSERT INTO CNT_HISTORY_DEF_ITEM
 (ID, REVISION, ENTITY_VERSION, DOMAIN_ID, PARENT_ID, LINE_NO, FIELD_ID, TRACKING_LEVEL, PATH_RENDERER_CLASS, DETAIL_RENDERER_CLASS)
VALUES ('112ef1ffe624435a95ad1e673566d998', 0, 1, '/', 'e899e79a74f64c8e91a2ec134f5dba4f', '41', 'custDecimal6', 1, 'PathRenderer', 'DetailRenderer');
INSERT INTO CNT_HISTORY_DEF_ITEM
 (ID, REVISION, ENTITY_VERSION, DOMAIN_ID, PARENT_ID, LINE_NO, FIELD_ID, TRACKING_LEVEL, PATH_RENDERER_CLASS, DETAIL_RENDERER_CLASS)
VALUES ('bf3f56825f144b4f8da4fb20f44eaca6', 0, 1, '/', 'e899e79a74f64c8e91a2ec134f5dba4f', '42', 'custDecimal7', 1, 'PathRenderer', 'DetailRenderer');
INSERT INTO CNT_HISTORY_DEF_ITEM
 (ID, REVISION, ENTITY_VERSION, DOMAIN_ID, PARENT_ID, LINE_NO, FIELD_ID, TRACKING_LEVEL, PATH_RENDERER_CLASS, DETAIL_RENDERER_CLASS)
VALUES ('21c7a954c6b6402bb7bc3190f563dc56', 0, 1, '/', 'e899e79a74f64c8e91a2ec134f5dba4f', '43', 'custCodelist1', 1, 'PathRenderer', 'DetailRenderer');
INSERT INTO CNT_HISTORY_DEF_ITEM
 (ID, REVISION, ENTITY_VERSION, DOMAIN_ID, PARENT_ID, LINE_NO, FIELD_ID, TRACKING_LEVEL, PATH_RENDERER_CLASS, DETAIL_RENDERER_CLASS)
VALUES ('3fc6ee47b701407c9329c228afb52d24', 0, 1, '/', 'e899e79a74f64c8e91a2ec134f5dba4f', '44', 'custCodelist2', 1, 'PathRenderer', 'DetailRenderer');
INSERT INTO CNT_HISTORY_DEF_ITEM
 (ID, REVISION, ENTITY_VERSION, DOMAIN_ID, PARENT_ID, LINE_NO, FIELD_ID, TRACKING_LEVEL, PATH_RENDERER_CLASS, DETAIL_RENDERER_CLASS)
VALUES ('c8c56eb0456e43b5a9fc043a2db56ea8', 0, 1, '/', 'e899e79a74f64c8e91a2ec134f5dba4f', '45', 'custCodelist3', 1, 'PathRenderer', 'DetailRenderer');
INSERT INTO CNT_HISTORY_DEF_ITEM
 (ID, REVISION, ENTITY_VERSION, DOMAIN_ID, PARENT_ID, LINE_NO, FIELD_ID, TRACKING_LEVEL, PATH_RENDERER_CLASS, DETAIL_RENDERER_CLASS)
VALUES ('5cdc7aec94c34d35841a2cded06ece32', 0, 1, '/', 'e899e79a74f64c8e91a2ec134f5dba4f', '46', 'custCodelist4', 1, 'PathRenderer', 'DetailRenderer');
INSERT INTO CNT_HISTORY_DEF_ITEM
 (ID, REVISION, ENTITY_VERSION, DOMAIN_ID, PARENT_ID, LINE_NO, FIELD_ID, TRACKING_LEVEL, PATH_RENDERER_CLASS, DETAIL_RENDERER_CLASS)
VALUES ('c2715ff8c7e141ce9f6ac53d0d1d8c11', 0, 1, '/', 'e899e79a74f64c8e91a2ec134f5dba4f', '47', 'custCodelist5', 1, 'PathRenderer', 'DetailRenderer');
INSERT INTO CNT_HISTORY_DEF_ITEM
 (ID, REVISION, ENTITY_VERSION, DOMAIN_ID, PARENT_ID, LINE_NO, FIELD_ID, TRACKING_LEVEL, PATH_RENDERER_CLASS, DETAIL_RENDERER_CLASS)
VALUES ('31b174c8647748aaafb1d6f3004fd01c', 0, 1, '/', 'e899e79a74f64c8e91a2ec134f5dba4f', '48', 'custCodelist6', 1, 'PathRenderer', 'DetailRenderer');
INSERT INTO CNT_HISTORY_DEF_ITEM
 (ID, REVISION, ENTITY_VERSION, DOMAIN_ID, PARENT_ID, LINE_NO, FIELD_ID, TRACKING_LEVEL, PATH_RENDERER_CLASS, DETAIL_RENDERER_CLASS)
VALUES ('d5adde9b18dc4a679a9a7c30c4601ddd', 0, 1, '/', 'e899e79a74f64c8e91a2ec134f5dba4f', '49', 'custCodelist7', 1, 'PathRenderer', 'DetailRenderer');
INSERT INTO CNT_HISTORY_DEF_ITEM
 (ID, REVISION, ENTITY_VERSION, DOMAIN_ID, PARENT_ID, LINE_NO, FIELD_ID, TRACKING_LEVEL, PATH_RENDERER_CLASS, DETAIL_RENDERER_CLASS)
VALUES ('483fcde3137644258860b9b014258499', 0, 1, '/', 'e899e79a74f64c8e91a2ec134f5dba4f', '50', 'custMemoText1', 1, 'PathRenderer', 'DetailRenderer');
INSERT INTO CNT_HISTORY_DEF_ITEM
 (ID, REVISION, ENTITY_VERSION, DOMAIN_ID, PARENT_ID, LINE_NO, FIELD_ID, TRACKING_LEVEL, PATH_RENDERER_CLASS, DETAIL_RENDERER_CLASS)
VALUES ('9410ee9191ef4272965d3264f6839d4b', 0, 1, '/', 'e899e79a74f64c8e91a2ec134f5dba4f', '51', 'custMemoText2', 1, 'PathRenderer', 'DetailRenderer');
INSERT INTO CNT_HISTORY_DEF_ITEM
 (ID, REVISION, ENTITY_VERSION, DOMAIN_ID, PARENT_ID, LINE_NO, FIELD_ID, TRACKING_LEVEL, PATH_RENDERER_CLASS, DETAIL_RENDERER_CLASS)
VALUES ('83bfadf1367e4ffc82ffc543b3d6326b', 0, 1, '/', 'e899e79a74f64c8e91a2ec134f5dba4f', '52', 'custMemoText3', 1, 'PathRenderer', 'DetailRenderer');
INSERT INTO CNT_HISTORY_DEF_ITEM
 (ID, REVISION, ENTITY_VERSION, DOMAIN_ID, PARENT_ID, LINE_NO, FIELD_ID, TRACKING_LEVEL, PATH_RENDERER_CLASS, DETAIL_RENDERER_CLASS)
VALUES ('9ba979144f7743649926d75b96c9ac43', 0, 1, '/', 'e899e79a74f64c8e91a2ec134f5dba4f', '53', 'custMemoText4', 1, 'PathRenderer', 'DetailRenderer');
INSERT INTO CNT_HISTORY_DEF_ITEM
 (ID, REVISION, ENTITY_VERSION, DOMAIN_ID, PARENT_ID, LINE_NO, FIELD_ID, TRACKING_LEVEL, PATH_RENDERER_CLASS, DETAIL_RENDERER_CLASS)
VALUES ('8848f7af25ea4f84a0c46682ebdc1684', 0, 1, '/', 'e899e79a74f64c8e91a2ec134f5dba4f', '54', 'custMemoText5', 1, 'PathRenderer', 'DetailRenderer');
INSERT INTO CNT_HISTORY_DEF_ITEM
 (ID, REVISION, ENTITY_VERSION, DOMAIN_ID, PARENT_ID, LINE_NO, FIELD_ID, TRACKING_LEVEL, PATH_RENDERER_CLASS, DETAIL_RENDERER_CLASS)
VALUES ('a4a7d655294a43ad82198e9b3ae17cfd', 0, 1, '/', 'e899e79a74f64c8e91a2ec134f5dba4f', '55', 'custMemoText6', 1, 'PathRenderer', 'DetailRenderer');
INSERT INTO CNT_HISTORY_DEF_ITEM
 (ID, REVISION, ENTITY_VERSION, DOMAIN_ID, PARENT_ID, LINE_NO, FIELD_ID, TRACKING_LEVEL, PATH_RENDERER_CLASS, DETAIL_RENDERER_CLASS)
VALUES ('e0daf7ce8c924974bd85a748e0f9e2a5', 0, 1, '/', 'e899e79a74f64c8e91a2ec134f5dba4f', '56', 'custMemoText7', 1, 'PathRenderer', 'DetailRenderer');
INSERT INTO CNT_HISTORY_DEF_ITEM
 (ID, REVISION, ENTITY_VERSION, DOMAIN_ID, PARENT_ID, LINE_NO, FIELD_ID, TRACKING_LEVEL, PATH_RENDERER_CLASS, DETAIL_RENDERER_CLASS)
VALUES ('721daac57b9a43b69680ddddb968fca9', 0, 1, '/', 'e899e79a74f64c8e91a2ec134f5dba4f', '57', 'custHcl1', 1, 'PathRenderer', 'DetailRenderer');
INSERT INTO CNT_HISTORY_DEF_ITEM
 (ID, REVISION, ENTITY_VERSION, DOMAIN_ID, PARENT_ID, LINE_NO, FIELD_ID, TRACKING_LEVEL, PATH_RENDERER_CLASS, DETAIL_RENDERER_CLASS)
VALUES ('518c4614e4094e69a7d17bc4563b0459', 0, 1, '/', 'e899e79a74f64c8e91a2ec134f5dba4f', '58', 'custHcl2', 1, 'PathRenderer', 'DetailRenderer');
INSERT INTO CNT_HISTORY_DEF_ITEM
 (ID, REVISION, ENTITY_VERSION, DOMAIN_ID, PARENT_ID, LINE_NO, FIELD_ID, TRACKING_LEVEL, PATH_RENDERER_CLASS, DETAIL_RENDERER_CLASS)
VALUES ('24706d81398742d5af3b64aa70cee29c', 0, 1, '/', 'e899e79a74f64c8e91a2ec134f5dba4f', '59', 'custHcl3', 1, 'PathRenderer', 'DetailRenderer');
INSERT INTO CNT_HISTORY_DEF_ITEM
 (ID, REVISION, ENTITY_VERSION, DOMAIN_ID, PARENT_ID, LINE_NO, FIELD_ID, TRACKING_LEVEL, PATH_RENDERER_CLASS, DETAIL_RENDERER_CLASS)
VALUES ('14c5274caf8c481a98be1d2cf4a961a2', 0, 1, '/', 'e899e79a74f64c8e91a2ec134f5dba4f', '60', 'custHcl4', 1, 'PathRenderer', 'DetailRenderer');
INSERT INTO CNT_HISTORY_DEF_ITEM
 (ID, REVISION, ENTITY_VERSION, DOMAIN_ID, PARENT_ID, LINE_NO, FIELD_ID, TRACKING_LEVEL, PATH_RENDERER_CLASS, DETAIL_RENDERER_CLASS)
VALUES ('b6cf6e9821a0420f81a00652b656b712', 0, 1, '/', 'e899e79a74f64c8e91a2ec134f5dba4f', '61', 'custHcl5', 1, 'PathRenderer', 'DetailRenderer');
INSERT INTO CNT_HISTORY_DEF_ITEM
 (ID, REVISION, ENTITY_VERSION, DOMAIN_ID, PARENT_ID, LINE_NO, FIELD_ID, TRACKING_LEVEL, PATH_RENDERER_CLASS, DETAIL_RENDERER_CLASS)
VALUES ('01f27d0353a64858b1a57619a15f96b7', 0, 1, '/', 'e899e79a74f64c8e91a2ec134f5dba4f', '62', 'fileRef', 0, 'PathRenderer', 'DetailRenderer');
INSERT INTO CNT_HISTORY_DEF_ITEM
 (ID, REVISION, ENTITY_VERSION, DOMAIN_ID, PARENT_ID, LINE_NO, FIELD_ID, TRACKING_LEVEL, PATH_RENDERER_CLASS, DETAIL_RENDERER_CLASS)
VALUES ('64a7f270006349cbb289301edd2f7e25', 0, 1, '/', 'e899e79a74f64c8e91a2ec134f5dba4f', '63', 'fileVer', 0, 'PathRenderer', 'DetailRenderer');
INSERT INTO CNT_HISTORY_DEF_ITEM
 (ID, REVISION, ENTITY_VERSION, DOMAIN_ID, PARENT_ID, LINE_NO, FIELD_ID, TRACKING_LEVEL, PATH_RENDERER_CLASS, DETAIL_RENDERER_CLASS)
VALUES ('0da8138bed904c339d207a1fc84f69a2', 0, 1, '/', 'e899e79a74f64c8e91a2ec134f5dba4f', '64', 'fileRef2', 0, 'PathRenderer', 'DetailRenderer');
INSERT INTO CNT_HISTORY_DEF_ITEM
 (ID, REVISION, ENTITY_VERSION, DOMAIN_ID, PARENT_ID, LINE_NO, FIELD_ID, TRACKING_LEVEL, PATH_RENDERER_CLASS, DETAIL_RENDERER_CLASS)
VALUES ('80f9116486bb4c0c8b9846c0f600cea0', 0, 1, '/', 'e899e79a74f64c8e91a2ec134f5dba4f', '65', 'briefRef', 0, 'PathRenderer', 'DetailRenderer');
INSERT INTO CNT_HISTORY_DEF_ITEM
 (ID, REVISION, ENTITY_VERSION, DOMAIN_ID, PARENT_ID, LINE_NO, FIELD_ID, TRACKING_LEVEL, PATH_RENDERER_CLASS, DETAIL_RENDERER_CLASS)
VALUES ('dfb3c7e3a1a84d9abe939e956db2cd4c', 0, 1, '/', 'e899e79a74f64c8e91a2ec134f5dba4f', '66', 'briefVer', 0, 'PathRenderer', 'DetailRenderer');
INSERT INTO CNT_HISTORY_DEF_ITEM
 (ID, REVISION, ENTITY_VERSION, DOMAIN_ID, PARENT_ID, LINE_NO, FIELD_ID, TRACKING_LEVEL, PATH_RENDERER_CLASS, DETAIL_RENDERER_CLASS)
VALUES ('6a73865bd934471489ec43b4d334ccf8', 0, 1, '/', 'e899e79a74f64c8e91a2ec134f5dba4f', '67', 'itemRef', 0, 'PathRenderer', 'DetailRenderer');
INSERT INTO CNT_HISTORY_DEF_ITEM
 (ID, REVISION, ENTITY_VERSION, DOMAIN_ID, PARENT_ID, LINE_NO, FIELD_ID, TRACKING_LEVEL, PATH_RENDERER_CLASS, DETAIL_RENDERER_CLASS)
VALUES ('e5f96d66f9314c0fb94b55442726eced', 0, 1, '/', 'e899e79a74f64c8e91a2ec134f5dba4f', '68', 'itemVer', 0, 'PathRenderer', 'DetailRenderer');
INSERT INTO CNT_HISTORY_DEF_ITEM
 (ID, REVISION, ENTITY_VERSION, DOMAIN_ID, PARENT_ID, LINE_NO, FIELD_ID, TRACKING_LEVEL, PATH_RENDERER_CLASS, DETAIL_RENDERER_CLASS)
VALUES ('87f1fb6e35c14169a2e8751e35f672dd', 0, 1, '/', 'e899e79a74f64c8e91a2ec134f5dba4f', '69', 'specRef', 0, 'PathRenderer', 'DetailRenderer');
INSERT INTO CNT_HISTORY_DEF_ITEM
 (ID, REVISION, ENTITY_VERSION, DOMAIN_ID, PARENT_ID, LINE_NO, FIELD_ID, TRACKING_LEVEL, PATH_RENDERER_CLASS, DETAIL_RENDERER_CLASS)
VALUES ('6a5a808cd2724393b1123dfbba8269e8', 0, 1, '/', 'e899e79a74f64c8e91a2ec134f5dba4f', '70', 'specVer', 0, 'PathRenderer', 'DetailRenderer');
INSERT INTO CNT_HISTORY_DEF_ITEM
 (ID, REVISION, ENTITY_VERSION, DOMAIN_ID, PARENT_ID, LINE_NO, FIELD_ID, TRACKING_LEVEL, PATH_RENDERER_CLASS, DETAIL_RENDERER_CLASS)
VALUES ('0b05ec76d5154be2a222322c406fa0bf', 0, 1, '/', 'e899e79a74f64c8e91a2ec134f5dba4f', '71', 'custCodelist1Name', 0, 'PathRenderer', 'DetailRenderer');
INSERT INTO CNT_HISTORY_DEF_ITEM
 (ID, REVISION, ENTITY_VERSION, DOMAIN_ID, PARENT_ID, LINE_NO, FIELD_ID, TRACKING_LEVEL, PATH_RENDERER_CLASS, DETAIL_RENDERER_CLASS)
VALUES ('139c257c81d345418f7994a428862b18', 0, 1, '/', 'e899e79a74f64c8e91a2ec134f5dba4f', '72', 'custCodelist2Name', 0, 'PathRenderer', 'DetailRenderer');
INSERT INTO CNT_HISTORY_DEF_ITEM
 (ID, REVISION, ENTITY_VERSION, DOMAIN_ID, PARENT_ID, LINE_NO, FIELD_ID, TRACKING_LEVEL, PATH_RENDERER_CLASS, DETAIL_RENDERER_CLASS)
VALUES ('e5f905945190493baefed7bb7f963aae', 0, 1, '/', 'e899e79a74f64c8e91a2ec134f5dba4f', '73', 'custCodelist3Name', 0, 'PathRenderer', 'DetailRenderer');
INSERT INTO CNT_HISTORY_DEF_ITEM
 (ID, REVISION, ENTITY_VERSION, DOMAIN_ID, PARENT_ID, LINE_NO, FIELD_ID, TRACKING_LEVEL, PATH_RENDERER_CLASS, DETAIL_RENDERER_CLASS)
VALUES ('462bcec987934185834bf2d0d3a9b925', 0, 1, '/', 'e899e79a74f64c8e91a2ec134f5dba4f', '74', 'custCodelist4Name', 0, 'PathRenderer', 'DetailRenderer');
INSERT INTO CNT_HISTORY_DEF_ITEM
 (ID, REVISION, ENTITY_VERSION, DOMAIN_ID, PARENT_ID, LINE_NO, FIELD_ID, TRACKING_LEVEL, PATH_RENDERER_CLASS, DETAIL_RENDERER_CLASS)
VALUES ('a5503459dbc44857ab00745ac210ea42', 0, 1, '/', 'e899e79a74f64c8e91a2ec134f5dba4f', '75', 'custCodelist5Name', 0, 'PathRenderer', 'DetailRenderer');
INSERT INTO CNT_HISTORY_DEF_ITEM
 (ID, REVISION, ENTITY_VERSION, DOMAIN_ID, PARENT_ID, LINE_NO, FIELD_ID, TRACKING_LEVEL, PATH_RENDERER_CLASS, DETAIL_RENDERER_CLASS)
VALUES ('fb67e58d2bfd4a25bb86fad4c2837d2c', 0, 1, '/', 'e899e79a74f64c8e91a2ec134f5dba4f', '76', 'custCodelist6Name', 0, 'PathRenderer', 'DetailRenderer');
INSERT INTO CNT_HISTORY_DEF_ITEM
 (ID, REVISION, ENTITY_VERSION, DOMAIN_ID, PARENT_ID, LINE_NO, FIELD_ID, TRACKING_LEVEL, PATH_RENDERER_CLASS, DETAIL_RENDERER_CLASS)
VALUES ('6983a13417d045ad97a4005c28c5747a', 0, 1, '/', 'e899e79a74f64c8e91a2ec134f5dba4f', '77', 'custCodelist7Name', 0, 'PathRenderer', 'DetailRenderer');
INSERT INTO CNT_HISTORY_DEF_ITEM
 (ID, REVISION, ENTITY_VERSION, DOMAIN_ID, PARENT_ID, LINE_NO, FIELD_ID, TRACKING_LEVEL, PATH_RENDERER_CLASS, DETAIL_RENDERER_CLASS)
VALUES ('55a0c4ae2585428e97ffd9228dd0e7d1', 0, 1, '/', 'e899e79a74f64c8e91a2ec134f5dba4f', '78', 'custHcl1Ref', 0, 'PathRenderer', 'DetailRenderer');
INSERT INTO CNT_HISTORY_DEF_ITEM
 (ID, REVISION, ENTITY_VERSION, DOMAIN_ID, PARENT_ID, LINE_NO, FIELD_ID, TRACKING_LEVEL, PATH_RENDERER_CLASS, DETAIL_RENDERER_CLASS)
VALUES ('145b2c2a6d2343238d6eafa82ed3e9c1', 0, 1, '/', 'e899e79a74f64c8e91a2ec134f5dba4f', '79', 'custHcl1Ver', 0, 'PathRenderer', 'DetailRenderer');
INSERT INTO CNT_HISTORY_DEF_ITEM
 (ID, REVISION, ENTITY_VERSION, DOMAIN_ID, PARENT_ID, LINE_NO, FIELD_ID, TRACKING_LEVEL, PATH_RENDERER_CLASS, DETAIL_RENDERER_CLASS)
VALUES ('0b10b1fc91c44bc5b8ffaa20e3a9224a', 0, 1, '/', 'e899e79a74f64c8e91a2ec134f5dba4f', '80', 'custHcl1Ref2', 0, 'PathRenderer', 'DetailRenderer');
INSERT INTO CNT_HISTORY_DEF_ITEM
 (ID, REVISION, ENTITY_VERSION, DOMAIN_ID, PARENT_ID, LINE_NO, FIELD_ID, TRACKING_LEVEL, PATH_RENDERER_CLASS, DETAIL_RENDERER_CLASS)
VALUES ('6bb22f4bab944999b73453c03404366b', 0, 1, '/', 'e899e79a74f64c8e91a2ec134f5dba4f', '81', 'custHcl1FullLineage', 0, 'PathRenderer', 'DetailRenderer');
INSERT INTO CNT_HISTORY_DEF_ITEM
 (ID, REVISION, ENTITY_VERSION, DOMAIN_ID, PARENT_ID, LINE_NO, FIELD_ID, TRACKING_LEVEL, PATH_RENDERER_CLASS, DETAIL_RENDERER_CLASS)
VALUES ('756416261c9b40d18061d38472d2d56f', 0, 1, '/', 'e899e79a74f64c8e91a2ec134f5dba4f', '82', 'custHcl2Ref', 0, 'PathRenderer', 'DetailRenderer');
INSERT INTO CNT_HISTORY_DEF_ITEM
 (ID, REVISION, ENTITY_VERSION, DOMAIN_ID, PARENT_ID, LINE_NO, FIELD_ID, TRACKING_LEVEL, PATH_RENDERER_CLASS, DETAIL_RENDERER_CLASS)
VALUES ('6c86eacd3de94e1b9b2609dec45ab4bd', 0, 1, '/', 'e899e79a74f64c8e91a2ec134f5dba4f', '83', 'custHcl2Ver', 0, 'PathRenderer', 'DetailRenderer');
INSERT INTO CNT_HISTORY_DEF_ITEM
 (ID, REVISION, ENTITY_VERSION, DOMAIN_ID, PARENT_ID, LINE_NO, FIELD_ID, TRACKING_LEVEL, PATH_RENDERER_CLASS, DETAIL_RENDERER_CLASS)
VALUES ('c8ce044ce4e44165a05f1b65032134f0', 0, 1, '/', 'e899e79a74f64c8e91a2ec134f5dba4f', '84', 'custHcl2Ref2', 0, 'PathRenderer', 'DetailRenderer');
INSERT INTO CNT_HISTORY_DEF_ITEM
 (ID, REVISION, ENTITY_VERSION, DOMAIN_ID, PARENT_ID, LINE_NO, FIELD_ID, TRACKING_LEVEL, PATH_RENDERER_CLASS, DETAIL_RENDERER_CLASS)
VALUES ('9d6ead849b0245e5b827cbffeb54eb0d', 0, 1, '/', 'e899e79a74f64c8e91a2ec134f5dba4f', '85', 'custHcl2FullLineage', 0, 'PathRenderer', 'DetailRenderer');
INSERT INTO CNT_HISTORY_DEF_ITEM
 (ID, REVISION, ENTITY_VERSION, DOMAIN_ID, PARENT_ID, LINE_NO, FIELD_ID, TRACKING_LEVEL, PATH_RENDERER_CLASS, DETAIL_RENDERER_CLASS)
VALUES ('f7365ecf918d424f961d62545cdbc0a7', 0, 1, '/', 'e899e79a74f64c8e91a2ec134f5dba4f', '86', 'custHcl3Ref', 0, 'PathRenderer', 'DetailRenderer');
INSERT INTO CNT_HISTORY_DEF_ITEM
 (ID, REVISION, ENTITY_VERSION, DOMAIN_ID, PARENT_ID, LINE_NO, FIELD_ID, TRACKING_LEVEL, PATH_RENDERER_CLASS, DETAIL_RENDERER_CLASS)
VALUES ('4dba4b5b0a5248e0ab6eb1c08ff36db9', 0, 1, '/', 'e899e79a74f64c8e91a2ec134f5dba4f', '87', 'custHcl3Ver', 0, 'PathRenderer', 'DetailRenderer');
INSERT INTO CNT_HISTORY_DEF_ITEM
 (ID, REVISION, ENTITY_VERSION, DOMAIN_ID, PARENT_ID, LINE_NO, FIELD_ID, TRACKING_LEVEL, PATH_RENDERER_CLASS, DETAIL_RENDERER_CLASS)
VALUES ('eaa8f2f7148d4be1ac99cef88490d758', 0, 1, '/', 'e899e79a74f64c8e91a2ec134f5dba4f', '88', 'custHcl3Ref2', 0, 'PathRenderer', 'DetailRenderer');
INSERT INTO CNT_HISTORY_DEF_ITEM
 (ID, REVISION, ENTITY_VERSION, DOMAIN_ID, PARENT_ID, LINE_NO, FIELD_ID, TRACKING_LEVEL, PATH_RENDERER_CLASS, DETAIL_RENDERER_CLASS)
VALUES ('7f9441473b154c97b92ab5ff1ba6f2d1', 0, 1, '/', 'e899e79a74f64c8e91a2ec134f5dba4f', '89', 'custHcl3FullLineage', 0, 'PathRenderer', 'DetailRenderer');
INSERT INTO CNT_HISTORY_DEF_ITEM
 (ID, REVISION, ENTITY_VERSION, DOMAIN_ID, PARENT_ID, LINE_NO, FIELD_ID, TRACKING_LEVEL, PATH_RENDERER_CLASS, DETAIL_RENDERER_CLASS)
VALUES ('f87c40b85b8446148108d03092cf6ee0', 0, 1, '/', 'e899e79a74f64c8e91a2ec134f5dba4f', '90', 'custHcl4Ref', 0, 'PathRenderer', 'DetailRenderer');
INSERT INTO CNT_HISTORY_DEF_ITEM
 (ID, REVISION, ENTITY_VERSION, DOMAIN_ID, PARENT_ID, LINE_NO, FIELD_ID, TRACKING_LEVEL, PATH_RENDERER_CLASS, DETAIL_RENDERER_CLASS)
VALUES ('01abbf2296d2470fa058fd0a7c4c8179', 0, 1, '/', 'e899e79a74f64c8e91a2ec134f5dba4f', '91', 'custHcl4Ver', 0, 'PathRenderer', 'DetailRenderer');
INSERT INTO CNT_HISTORY_DEF_ITEM
 (ID, REVISION, ENTITY_VERSION, DOMAIN_ID, PARENT_ID, LINE_NO, FIELD_ID, TRACKING_LEVEL, PATH_RENDERER_CLASS, DETAIL_RENDERER_CLASS)
VALUES ('a285f034b7f14e84ae40e31c2fba62b8', 0, 1, '/', 'e899e79a74f64c8e91a2ec134f5dba4f', '92', 'custHcl4Ref2', 0, 'PathRenderer', 'DetailRenderer');
INSERT INTO CNT_HISTORY_DEF_ITEM
 (ID, REVISION, ENTITY_VERSION, DOMAIN_ID, PARENT_ID, LINE_NO, FIELD_ID, TRACKING_LEVEL, PATH_RENDERER_CLASS, DETAIL_RENDERER_CLASS)
VALUES ('22c4c9f2226c4234a1b3cb3fdb615166', 0, 1, '/', 'e899e79a74f64c8e91a2ec134f5dba4f', '93', 'custHcl4FullLineage', 0, 'PathRenderer', 'DetailRenderer');
INSERT INTO CNT_HISTORY_DEF_ITEM
 (ID, REVISION, ENTITY_VERSION, DOMAIN_ID, PARENT_ID, LINE_NO, FIELD_ID, TRACKING_LEVEL, PATH_RENDERER_CLASS, DETAIL_RENDERER_CLASS)
VALUES ('aca1126fbc4046d3bd7444dc6b11d255', 0, 1, '/', 'e899e79a74f64c8e91a2ec134f5dba4f', '94', 'custHcl5Ref', 0, 'PathRenderer', 'DetailRenderer');
INSERT INTO CNT_HISTORY_DEF_ITEM
 (ID, REVISION, ENTITY_VERSION, DOMAIN_ID, PARENT_ID, LINE_NO, FIELD_ID, TRACKING_LEVEL, PATH_RENDERER_CLASS, DETAIL_RENDERER_CLASS)
VALUES ('8d5b94b335934c759eb586ad9b4140df', 0, 1, '/', 'e899e79a74f64c8e91a2ec134f5dba4f', '95', 'custHcl5Ver', 0, 'PathRenderer', 'DetailRenderer');
INSERT INTO CNT_HISTORY_DEF_ITEM
 (ID, REVISION, ENTITY_VERSION, DOMAIN_ID, PARENT_ID, LINE_NO, FIELD_ID, TRACKING_LEVEL, PATH_RENDERER_CLASS, DETAIL_RENDERER_CLASS)
VALUES ('4c8aa3d0c0d84d58933e8b3df0a6fe25', 0, 1, '/', 'e899e79a74f64c8e91a2ec134f5dba4f', '96', 'custHcl5Ref2', 0, 'PathRenderer', 'DetailRenderer');
INSERT INTO CNT_HISTORY_DEF_ITEM
 (ID, REVISION, ENTITY_VERSION, DOMAIN_ID, PARENT_ID, LINE_NO, FIELD_ID, TRACKING_LEVEL, PATH_RENDERER_CLASS, DETAIL_RENDERER_CLASS)
VALUES ('dcbf28050f1544f3a5ba1694d825577e', 0, 1, '/', 'e899e79a74f64c8e91a2ec134f5dba4f', '97', 'custHcl5FullLineage', 0, 'PathRenderer', 'DetailRenderer');
INSERT INTO CNT_HISTORY_DEF
 (ID, REVISION, APPLY_ENTITY, ENTITY_VERSION, DOMAIN_ID , GENERATED, CREATE_USER, CREATE_USER_NAME, CREATED_ON)
VALUES ('c36d7433f88142788e5fd230a8915a0e', 0, 'RfqVendor', 1, '/', 1, 'system', 'system', systimestamp);
INSERT INTO CNT_HISTORY_DEF_ITEM
 (ID, REVISION, ENTITY_VERSION, DOMAIN_ID, PARENT_ID, LINE_NO, FIELD_ID, TRACKING_LEVEL, PATH_RENDERER_CLASS, DETAIL_RENDERER_CLASS)
VALUES ('93cf98edb83c4dabb2f63311dc3e5b55', 0, 1, '/', 'c36d7433f88142788e5fd230a8915a0e', '0', 'id', 1, 'PathRenderer', 'DetailRenderer');
INSERT INTO CNT_HISTORY_DEF_ITEM
 (ID, REVISION, ENTITY_VERSION, DOMAIN_ID, PARENT_ID, LINE_NO, FIELD_ID, TRACKING_LEVEL, PATH_RENDERER_CLASS, DETAIL_RENDERER_CLASS)
VALUES ('87a29024a7cb4104abc71f7aca8d94ed', 0, 1, '/', 'c36d7433f88142788e5fd230a8915a0e', '1', 'revision', 1, 'PathRenderer', 'DetailRenderer');
INSERT INTO CNT_HISTORY_DEF_ITEM
 (ID, REVISION, ENTITY_VERSION, DOMAIN_ID, PARENT_ID, LINE_NO, FIELD_ID, TRACKING_LEVEL, PATH_RENDERER_CLASS, DETAIL_RENDERER_CLASS)
VALUES ('9a395b42758c46ec85de32a52b487620', 0, 1, '/', 'c36d7433f88142788e5fd230a8915a0e', '2', 'entityVersion', 1, 'PathRenderer', 'DetailRenderer');
INSERT INTO CNT_HISTORY_DEF_ITEM
 (ID, REVISION, ENTITY_VERSION, DOMAIN_ID, PARENT_ID, LINE_NO, FIELD_ID, TRACKING_LEVEL, PATH_RENDERER_CLASS, DETAIL_RENDERER_CLASS)
VALUES ('cede761eb8304275a8363db288460876', 0, 1, '/', 'c36d7433f88142788e5fd230a8915a0e', '3', 'domainId', 1, 'PathRenderer', 'DetailRenderer');
INSERT INTO CNT_HISTORY_DEF_ITEM
 (ID, REVISION, ENTITY_VERSION, DOMAIN_ID, PARENT_ID, LINE_NO, FIELD_ID, TRACKING_LEVEL, PATH_RENDERER_CLASS, DETAIL_RENDERER_CLASS)
VALUES ('beebeebe5a084e59a644e10ea31f29c0', 0, 1, '/', 'c36d7433f88142788e5fd230a8915a0e', '4', 'hubDomainId', 1, 'PathRenderer', 'DetailRenderer');
INSERT INTO CNT_HISTORY_DEF_ITEM
 (ID, REVISION, ENTITY_VERSION, DOMAIN_ID, PARENT_ID, LINE_NO, FIELD_ID, TRACKING_LEVEL, PATH_RENDERER_CLASS, DETAIL_RENDERER_CLASS)
VALUES ('da9a1d4d34a64cd09d3109a426e61cbe', 0, 1, '/', 'c36d7433f88142788e5fd230a8915a0e', '5', 'isForReference', 1, 'PathRenderer', 'DetailRenderer');
INSERT INTO CNT_HISTORY_DEF_ITEM
 (ID, REVISION, ENTITY_VERSION, DOMAIN_ID, PARENT_ID, LINE_NO, FIELD_ID, TRACKING_LEVEL, PATH_RENDERER_CLASS, DETAIL_RENDERER_CLASS)
VALUES ('7bc5b7acb92f4bca9c14d35d0040ad5d', 0, 1, '/', 'c36d7433f88142788e5fd230a8915a0e', '6', 'internalSeqNo', 1, 'PathRenderer', 'DetailRenderer');
INSERT INTO CNT_HISTORY_DEF_ITEM
 (ID, REVISION, ENTITY_VERSION, DOMAIN_ID, PARENT_ID, LINE_NO, FIELD_ID, TRACKING_LEVEL, PATH_RENDERER_CLASS, DETAIL_RENDERER_CLASS)
VALUES ('9140ecea372f4a19bc579a494d8c10fa', 0, 1, '/', 'c36d7433f88142788e5fd230a8915a0e', '7', 'rfqId', 1, 'PathRenderer', 'DetailRenderer');
INSERT INTO CNT_HISTORY_DEF_ITEM
 (ID, REVISION, ENTITY_VERSION, DOMAIN_ID, PARENT_ID, LINE_NO, FIELD_ID, TRACKING_LEVEL, PATH_RENDERER_CLASS, DETAIL_RENDERER_CLASS)
VALUES ('453343c965664965ac304968a1334623', 0, 1, '/', 'c36d7433f88142788e5fd230a8915a0e', '8', 'vendorId', 2, 'PathRenderer', 'DetailRenderer');
INSERT INTO CNT_HISTORY_DEF_ITEM
 (ID, REVISION, ENTITY_VERSION, DOMAIN_ID, PARENT_ID, LINE_NO, FIELD_ID, TRACKING_LEVEL, PATH_RENDERER_CLASS, DETAIL_RENDERER_CLASS)
VALUES ('78c59e25e9a74d788c8fb558b46b8d67', 0, 1, '/', 'c36d7433f88142788e5fd230a8915a0e', '9', 'email', 1, 'PathRenderer', 'DetailRenderer');
INSERT INTO CNT_HISTORY_DEF_ITEM
 (ID, REVISION, ENTITY_VERSION, DOMAIN_ID, PARENT_ID, LINE_NO, FIELD_ID, TRACKING_LEVEL, PATH_RENDERER_CLASS, DETAIL_RENDERER_CLASS)
VALUES ('965430c961c1436fb9d575ae3bb7e10b', 0, 1, '/', 'c36d7433f88142788e5fd230a8915a0e', '10', 'refNo', 0, 'PathRenderer', 'DetailRenderer');
INSERT INTO CNT_HISTORY_DEF_ITEM
 (ID, REVISION, ENTITY_VERSION, DOMAIN_ID, PARENT_ID, LINE_NO, FIELD_ID, TRACKING_LEVEL, PATH_RENDERER_CLASS, DETAIL_RENDERER_CLASS)
VALUES ('55b3884c87004819a60c9420d9119362', 0, 1, '/', 'c36d7433f88142788e5fd230a8915a0e', '11', 'custText1', 1, 'PathRenderer', 'DetailRenderer');
INSERT INTO CNT_HISTORY_DEF_ITEM
 (ID, REVISION, ENTITY_VERSION, DOMAIN_ID, PARENT_ID, LINE_NO, FIELD_ID, TRACKING_LEVEL, PATH_RENDERER_CLASS, DETAIL_RENDERER_CLASS)
VALUES ('6b5812b92d62430c81006114b1682e53', 0, 1, '/', 'c36d7433f88142788e5fd230a8915a0e', '12', 'custText2', 1, 'PathRenderer', 'DetailRenderer');
INSERT INTO CNT_HISTORY_DEF_ITEM
 (ID, REVISION, ENTITY_VERSION, DOMAIN_ID, PARENT_ID, LINE_NO, FIELD_ID, TRACKING_LEVEL, PATH_RENDERER_CLASS, DETAIL_RENDERER_CLASS)
VALUES ('a3d484728e1f42e6ab578e6126a6c855', 0, 1, '/', 'c36d7433f88142788e5fd230a8915a0e', '13', 'custText3', 1, 'PathRenderer', 'DetailRenderer');
INSERT INTO CNT_HISTORY_DEF_ITEM
 (ID, REVISION, ENTITY_VERSION, DOMAIN_ID, PARENT_ID, LINE_NO, FIELD_ID, TRACKING_LEVEL, PATH_RENDERER_CLASS, DETAIL_RENDERER_CLASS)
VALUES ('ff0114ffcaa44f588c90aa62e9127c9f', 0, 1, '/', 'c36d7433f88142788e5fd230a8915a0e', '14', 'custText4', 1, 'PathRenderer', 'DetailRenderer');
INSERT INTO CNT_HISTORY_DEF_ITEM
 (ID, REVISION, ENTITY_VERSION, DOMAIN_ID, PARENT_ID, LINE_NO, FIELD_ID, TRACKING_LEVEL, PATH_RENDERER_CLASS, DETAIL_RENDERER_CLASS)
VALUES ('abd0356546b94994b450607ea07703bb', 0, 1, '/', 'c36d7433f88142788e5fd230a8915a0e', '15', 'custText5', 1, 'PathRenderer', 'DetailRenderer');
INSERT INTO CNT_HISTORY_DEF_ITEM
 (ID, REVISION, ENTITY_VERSION, DOMAIN_ID, PARENT_ID, LINE_NO, FIELD_ID, TRACKING_LEVEL, PATH_RENDERER_CLASS, DETAIL_RENDERER_CLASS)
VALUES ('716ae087dd954a09be4269d5623e9108', 0, 1, '/', 'c36d7433f88142788e5fd230a8915a0e', '16', 'custText6', 1, 'PathRenderer', 'DetailRenderer');
INSERT INTO CNT_HISTORY_DEF_ITEM
 (ID, REVISION, ENTITY_VERSION, DOMAIN_ID, PARENT_ID, LINE_NO, FIELD_ID, TRACKING_LEVEL, PATH_RENDERER_CLASS, DETAIL_RENDERER_CLASS)
VALUES ('c00ecf11092c44af8f557e4065914e96', 0, 1, '/', 'c36d7433f88142788e5fd230a8915a0e', '17', 'custText7', 1, 'PathRenderer', 'DetailRenderer');
INSERT INTO CNT_HISTORY_DEF_ITEM
 (ID, REVISION, ENTITY_VERSION, DOMAIN_ID, PARENT_ID, LINE_NO, FIELD_ID, TRACKING_LEVEL, PATH_RENDERER_CLASS, DETAIL_RENDERER_CLASS)
VALUES ('af8831fdac4b432288ef4c28bc17341e', 0, 1, '/', 'c36d7433f88142788e5fd230a8915a0e', '18', 'custDate1', 1, 'PathRenderer', 'DetailRenderer');
INSERT INTO CNT_HISTORY_DEF_ITEM
 (ID, REVISION, ENTITY_VERSION, DOMAIN_ID, PARENT_ID, LINE_NO, FIELD_ID, TRACKING_LEVEL, PATH_RENDERER_CLASS, DETAIL_RENDERER_CLASS)
VALUES ('a759bd77ca7e4607ad48f60102eacd0b', 0, 1, '/', 'c36d7433f88142788e5fd230a8915a0e', '19', 'custDate2', 1, 'PathRenderer', 'DetailRenderer');
INSERT INTO CNT_HISTORY_DEF_ITEM
 (ID, REVISION, ENTITY_VERSION, DOMAIN_ID, PARENT_ID, LINE_NO, FIELD_ID, TRACKING_LEVEL, PATH_RENDERER_CLASS, DETAIL_RENDERER_CLASS)
VALUES ('c0c51299cc01436985cf746d556df3f3', 0, 1, '/', 'c36d7433f88142788e5fd230a8915a0e', '20', 'custDate3', 1, 'PathRenderer', 'DetailRenderer');
INSERT INTO CNT_HISTORY_DEF_ITEM
 (ID, REVISION, ENTITY_VERSION, DOMAIN_ID, PARENT_ID, LINE_NO, FIELD_ID, TRACKING_LEVEL, PATH_RENDERER_CLASS, DETAIL_RENDERER_CLASS)
VALUES ('a8e85addd7294f09828cdc7d521010f8', 0, 1, '/', 'c36d7433f88142788e5fd230a8915a0e', '21', 'custDate4', 1, 'PathRenderer', 'DetailRenderer');
INSERT INTO CNT_HISTORY_DEF_ITEM
 (ID, REVISION, ENTITY_VERSION, DOMAIN_ID, PARENT_ID, LINE_NO, FIELD_ID, TRACKING_LEVEL, PATH_RENDERER_CLASS, DETAIL_RENDERER_CLASS)
VALUES ('6d90bd0e086d417684354d6e0ac1cb5f', 0, 1, '/', 'c36d7433f88142788e5fd230a8915a0e', '22', 'custDate5', 1, 'PathRenderer', 'DetailRenderer');
INSERT INTO CNT_HISTORY_DEF_ITEM
 (ID, REVISION, ENTITY_VERSION, DOMAIN_ID, PARENT_ID, LINE_NO, FIELD_ID, TRACKING_LEVEL, PATH_RENDERER_CLASS, DETAIL_RENDERER_CLASS)
VALUES ('ece71309abcd48ffb472a93f0d15a6ab', 0, 1, '/', 'c36d7433f88142788e5fd230a8915a0e', '23', 'custDate6', 1, 'PathRenderer', 'DetailRenderer');
INSERT INTO CNT_HISTORY_DEF_ITEM
 (ID, REVISION, ENTITY_VERSION, DOMAIN_ID, PARENT_ID, LINE_NO, FIELD_ID, TRACKING_LEVEL, PATH_RENDERER_CLASS, DETAIL_RENDERER_CLASS)
VALUES ('3da1c127856343af9d82e1caede1cef5', 0, 1, '/', 'c36d7433f88142788e5fd230a8915a0e', '24', 'custDate7', 1, 'PathRenderer', 'DetailRenderer');
INSERT INTO CNT_HISTORY_DEF_ITEM
 (ID, REVISION, ENTITY_VERSION, DOMAIN_ID, PARENT_ID, LINE_NO, FIELD_ID, TRACKING_LEVEL, PATH_RENDERER_CLASS, DETAIL_RENDERER_CLASS)
VALUES ('658e42a720464fe09971173306074ec0', 0, 1, '/', 'c36d7433f88142788e5fd230a8915a0e', '25', 'custNumber1', 1, 'PathRenderer', 'DetailRenderer');
INSERT INTO CNT_HISTORY_DEF_ITEM
 (ID, REVISION, ENTITY_VERSION, DOMAIN_ID, PARENT_ID, LINE_NO, FIELD_ID, TRACKING_LEVEL, PATH_RENDERER_CLASS, DETAIL_RENDERER_CLASS)
VALUES ('1e443248582a4ca3a01585a9484d2636', 0, 1, '/', 'c36d7433f88142788e5fd230a8915a0e', '26', 'custNumber2', 1, 'PathRenderer', 'DetailRenderer');
INSERT INTO CNT_HISTORY_DEF_ITEM
 (ID, REVISION, ENTITY_VERSION, DOMAIN_ID, PARENT_ID, LINE_NO, FIELD_ID, TRACKING_LEVEL, PATH_RENDERER_CLASS, DETAIL_RENDERER_CLASS)
VALUES ('058f19e838ab44aaab3ed29cb6e2f614', 0, 1, '/', 'c36d7433f88142788e5fd230a8915a0e', '27', 'custNumber3', 1, 'PathRenderer', 'DetailRenderer');
INSERT INTO CNT_HISTORY_DEF_ITEM
 (ID, REVISION, ENTITY_VERSION, DOMAIN_ID, PARENT_ID, LINE_NO, FIELD_ID, TRACKING_LEVEL, PATH_RENDERER_CLASS, DETAIL_RENDERER_CLASS)
VALUES ('2f5e7fe3fb9f4211ad527dddc998cfee', 0, 1, '/', 'c36d7433f88142788e5fd230a8915a0e', '28', 'custNumber4', 1, 'PathRenderer', 'DetailRenderer');
INSERT INTO CNT_HISTORY_DEF_ITEM
 (ID, REVISION, ENTITY_VERSION, DOMAIN_ID, PARENT_ID, LINE_NO, FIELD_ID, TRACKING_LEVEL, PATH_RENDERER_CLASS, DETAIL_RENDERER_CLASS)
VALUES ('88a6e4d8f7504157b9ed790648994ebe', 0, 1, '/', 'c36d7433f88142788e5fd230a8915a0e', '29', 'custNumber5', 1, 'PathRenderer', 'DetailRenderer');
INSERT INTO CNT_HISTORY_DEF_ITEM
 (ID, REVISION, ENTITY_VERSION, DOMAIN_ID, PARENT_ID, LINE_NO, FIELD_ID, TRACKING_LEVEL, PATH_RENDERER_CLASS, DETAIL_RENDERER_CLASS)
VALUES ('99e215c5c4574af0b52973d5cf159313', 0, 1, '/', 'c36d7433f88142788e5fd230a8915a0e', '30', 'custNumber6', 1, 'PathRenderer', 'DetailRenderer');
INSERT INTO CNT_HISTORY_DEF_ITEM
 (ID, REVISION, ENTITY_VERSION, DOMAIN_ID, PARENT_ID, LINE_NO, FIELD_ID, TRACKING_LEVEL, PATH_RENDERER_CLASS, DETAIL_RENDERER_CLASS)
VALUES ('9e05b0a3ec144f6d89684f4e5e8a661d', 0, 1, '/', 'c36d7433f88142788e5fd230a8915a0e', '31', 'custNumber7', 1, 'PathRenderer', 'DetailRenderer');
INSERT INTO CNT_HISTORY_DEF_ITEM
 (ID, REVISION, ENTITY_VERSION, DOMAIN_ID, PARENT_ID, LINE_NO, FIELD_ID, TRACKING_LEVEL, PATH_RENDERER_CLASS, DETAIL_RENDERER_CLASS)
VALUES ('9b39e6fc87154a9a9df4247bb5cf9393', 0, 1, '/', 'c36d7433f88142788e5fd230a8915a0e', '32', 'custDecimal1', 1, 'PathRenderer', 'DetailRenderer');
INSERT INTO CNT_HISTORY_DEF_ITEM
 (ID, REVISION, ENTITY_VERSION, DOMAIN_ID, PARENT_ID, LINE_NO, FIELD_ID, TRACKING_LEVEL, PATH_RENDERER_CLASS, DETAIL_RENDERER_CLASS)
VALUES ('1b953ebcd50f459cb58a2f8260873a80', 0, 1, '/', 'c36d7433f88142788e5fd230a8915a0e', '33', 'custDecimal2', 1, 'PathRenderer', 'DetailRenderer');
INSERT INTO CNT_HISTORY_DEF_ITEM
 (ID, REVISION, ENTITY_VERSION, DOMAIN_ID, PARENT_ID, LINE_NO, FIELD_ID, TRACKING_LEVEL, PATH_RENDERER_CLASS, DETAIL_RENDERER_CLASS)
VALUES ('6b0c92bc056f400abca62b70bbd761eb', 0, 1, '/', 'c36d7433f88142788e5fd230a8915a0e', '34', 'custDecimal3', 1, 'PathRenderer', 'DetailRenderer');
INSERT INTO CNT_HISTORY_DEF_ITEM
 (ID, REVISION, ENTITY_VERSION, DOMAIN_ID, PARENT_ID, LINE_NO, FIELD_ID, TRACKING_LEVEL, PATH_RENDERER_CLASS, DETAIL_RENDERER_CLASS)
VALUES ('a7370f2e6d3e497499d33c62980b9a64', 0, 1, '/', 'c36d7433f88142788e5fd230a8915a0e', '35', 'custDecimal4', 1, 'PathRenderer', 'DetailRenderer');
INSERT INTO CNT_HISTORY_DEF_ITEM
 (ID, REVISION, ENTITY_VERSION, DOMAIN_ID, PARENT_ID, LINE_NO, FIELD_ID, TRACKING_LEVEL, PATH_RENDERER_CLASS, DETAIL_RENDERER_CLASS)
VALUES ('524774d93a814e9aac0aad717f7862c5', 0, 1, '/', 'c36d7433f88142788e5fd230a8915a0e', '36', 'custDecimal5', 1, 'PathRenderer', 'DetailRenderer');
INSERT INTO CNT_HISTORY_DEF_ITEM
 (ID, REVISION, ENTITY_VERSION, DOMAIN_ID, PARENT_ID, LINE_NO, FIELD_ID, TRACKING_LEVEL, PATH_RENDERER_CLASS, DETAIL_RENDERER_CLASS)
VALUES ('f9b43bec68ff4abcbf724c9e5a936eb5', 0, 1, '/', 'c36d7433f88142788e5fd230a8915a0e', '37', 'custDecimal6', 1, 'PathRenderer', 'DetailRenderer');
INSERT INTO CNT_HISTORY_DEF_ITEM
 (ID, REVISION, ENTITY_VERSION, DOMAIN_ID, PARENT_ID, LINE_NO, FIELD_ID, TRACKING_LEVEL, PATH_RENDERER_CLASS, DETAIL_RENDERER_CLASS)
VALUES ('28a4dc5f4f0e422d895bbabb7c299fd9', 0, 1, '/', 'c36d7433f88142788e5fd230a8915a0e', '38', 'custDecimal7', 1, 'PathRenderer', 'DetailRenderer');
INSERT INTO CNT_HISTORY_DEF_ITEM
 (ID, REVISION, ENTITY_VERSION, DOMAIN_ID, PARENT_ID, LINE_NO, FIELD_ID, TRACKING_LEVEL, PATH_RENDERER_CLASS, DETAIL_RENDERER_CLASS)
VALUES ('9f44b70ff6aa47a0b0ea2cd1cf273edc', 0, 1, '/', 'c36d7433f88142788e5fd230a8915a0e', '39', 'custCodelist1', 1, 'PathRenderer', 'DetailRenderer');
INSERT INTO CNT_HISTORY_DEF_ITEM
 (ID, REVISION, ENTITY_VERSION, DOMAIN_ID, PARENT_ID, LINE_NO, FIELD_ID, TRACKING_LEVEL, PATH_RENDERER_CLASS, DETAIL_RENDERER_CLASS)
VALUES ('67272789907c43b98eec4d013b7b483f', 0, 1, '/', 'c36d7433f88142788e5fd230a8915a0e', '40', 'custCodelist2', 1, 'PathRenderer', 'DetailRenderer');
INSERT INTO CNT_HISTORY_DEF_ITEM
 (ID, REVISION, ENTITY_VERSION, DOMAIN_ID, PARENT_ID, LINE_NO, FIELD_ID, TRACKING_LEVEL, PATH_RENDERER_CLASS, DETAIL_RENDERER_CLASS)
VALUES ('ad0a7533a3144d79b4a800cdd4eb6f43', 0, 1, '/', 'c36d7433f88142788e5fd230a8915a0e', '41', 'custCodelist3', 1, 'PathRenderer', 'DetailRenderer');
INSERT INTO CNT_HISTORY_DEF_ITEM
 (ID, REVISION, ENTITY_VERSION, DOMAIN_ID, PARENT_ID, LINE_NO, FIELD_ID, TRACKING_LEVEL, PATH_RENDERER_CLASS, DETAIL_RENDERER_CLASS)
VALUES ('8c209e4419c041c993d2beec84319e2f', 0, 1, '/', 'c36d7433f88142788e5fd230a8915a0e', '42', 'custCodelist4', 1, 'PathRenderer', 'DetailRenderer');
INSERT INTO CNT_HISTORY_DEF_ITEM
 (ID, REVISION, ENTITY_VERSION, DOMAIN_ID, PARENT_ID, LINE_NO, FIELD_ID, TRACKING_LEVEL, PATH_RENDERER_CLASS, DETAIL_RENDERER_CLASS)
VALUES ('4802105925f24d58955ba332a762a00b', 0, 1, '/', 'c36d7433f88142788e5fd230a8915a0e', '43', 'custCodelist5', 1, 'PathRenderer', 'DetailRenderer');
INSERT INTO CNT_HISTORY_DEF_ITEM
 (ID, REVISION, ENTITY_VERSION, DOMAIN_ID, PARENT_ID, LINE_NO, FIELD_ID, TRACKING_LEVEL, PATH_RENDERER_CLASS, DETAIL_RENDERER_CLASS)
VALUES ('73b01612d251427fae2cb8ac32e89ac0', 0, 1, '/', 'c36d7433f88142788e5fd230a8915a0e', '44', 'custCodelist6', 1, 'PathRenderer', 'DetailRenderer');
INSERT INTO CNT_HISTORY_DEF_ITEM
 (ID, REVISION, ENTITY_VERSION, DOMAIN_ID, PARENT_ID, LINE_NO, FIELD_ID, TRACKING_LEVEL, PATH_RENDERER_CLASS, DETAIL_RENDERER_CLASS)
VALUES ('79006c643b5e4821a7128f3d903354e8', 0, 1, '/', 'c36d7433f88142788e5fd230a8915a0e', '45', 'custCodelist7', 1, 'PathRenderer', 'DetailRenderer');
INSERT INTO CNT_HISTORY_DEF_ITEM
 (ID, REVISION, ENTITY_VERSION, DOMAIN_ID, PARENT_ID, LINE_NO, FIELD_ID, TRACKING_LEVEL, PATH_RENDERER_CLASS, DETAIL_RENDERER_CLASS)
VALUES ('0a3649bd072d4747824cc7cf507550f7', 0, 1, '/', 'c36d7433f88142788e5fd230a8915a0e', '46', 'custMemoText1', 1, 'PathRenderer', 'DetailRenderer');
INSERT INTO CNT_HISTORY_DEF_ITEM
 (ID, REVISION, ENTITY_VERSION, DOMAIN_ID, PARENT_ID, LINE_NO, FIELD_ID, TRACKING_LEVEL, PATH_RENDERER_CLASS, DETAIL_RENDERER_CLASS)
VALUES ('ace68b4647484cc584e9fb5cc94c9d01', 0, 1, '/', 'c36d7433f88142788e5fd230a8915a0e', '47', 'custMemoText2', 1, 'PathRenderer', 'DetailRenderer');
INSERT INTO CNT_HISTORY_DEF_ITEM
 (ID, REVISION, ENTITY_VERSION, DOMAIN_ID, PARENT_ID, LINE_NO, FIELD_ID, TRACKING_LEVEL, PATH_RENDERER_CLASS, DETAIL_RENDERER_CLASS)
VALUES ('55b1d9a9ec174379bcf75ea41cd93758', 0, 1, '/', 'c36d7433f88142788e5fd230a8915a0e', '48', 'custMemoText3', 1, 'PathRenderer', 'DetailRenderer');
INSERT INTO CNT_HISTORY_DEF_ITEM
 (ID, REVISION, ENTITY_VERSION, DOMAIN_ID, PARENT_ID, LINE_NO, FIELD_ID, TRACKING_LEVEL, PATH_RENDERER_CLASS, DETAIL_RENDERER_CLASS)
VALUES ('e4ac1cbfeb5b441d90d9708c64693dc7', 0, 1, '/', 'c36d7433f88142788e5fd230a8915a0e', '49', 'custMemoText4', 1, 'PathRenderer', 'DetailRenderer');
INSERT INTO CNT_HISTORY_DEF_ITEM
 (ID, REVISION, ENTITY_VERSION, DOMAIN_ID, PARENT_ID, LINE_NO, FIELD_ID, TRACKING_LEVEL, PATH_RENDERER_CLASS, DETAIL_RENDERER_CLASS)
VALUES ('2c4cba307cab40f5b7bd5770da8fa89a', 0, 1, '/', 'c36d7433f88142788e5fd230a8915a0e', '50', 'custMemoText5', 1, 'PathRenderer', 'DetailRenderer');
INSERT INTO CNT_HISTORY_DEF_ITEM
 (ID, REVISION, ENTITY_VERSION, DOMAIN_ID, PARENT_ID, LINE_NO, FIELD_ID, TRACKING_LEVEL, PATH_RENDERER_CLASS, DETAIL_RENDERER_CLASS)
VALUES ('52039911473e467b83effd292fa5112d', 0, 1, '/', 'c36d7433f88142788e5fd230a8915a0e', '51', 'custMemoText6', 1, 'PathRenderer', 'DetailRenderer');
INSERT INTO CNT_HISTORY_DEF_ITEM
 (ID, REVISION, ENTITY_VERSION, DOMAIN_ID, PARENT_ID, LINE_NO, FIELD_ID, TRACKING_LEVEL, PATH_RENDERER_CLASS, DETAIL_RENDERER_CLASS)
VALUES ('7056181fecce45389a78d8ef5dda8689', 0, 1, '/', 'c36d7433f88142788e5fd230a8915a0e', '52', 'custMemoText7', 1, 'PathRenderer', 'DetailRenderer');
INSERT INTO CNT_HISTORY_DEF_ITEM
 (ID, REVISION, ENTITY_VERSION, DOMAIN_ID, PARENT_ID, LINE_NO, FIELD_ID, TRACKING_LEVEL, PATH_RENDERER_CLASS, DETAIL_RENDERER_CLASS)
VALUES ('69b808a397824ce1a6799fb10e094833', 0, 1, '/', 'c36d7433f88142788e5fd230a8915a0e', '53', 'custHcl1', 1, 'PathRenderer', 'DetailRenderer');
INSERT INTO CNT_HISTORY_DEF_ITEM
 (ID, REVISION, ENTITY_VERSION, DOMAIN_ID, PARENT_ID, LINE_NO, FIELD_ID, TRACKING_LEVEL, PATH_RENDERER_CLASS, DETAIL_RENDERER_CLASS)
VALUES ('a00d1fd19ad74da4943d24fe25fda647', 0, 1, '/', 'c36d7433f88142788e5fd230a8915a0e', '54', 'custHcl2', 1, 'PathRenderer', 'DetailRenderer');
INSERT INTO CNT_HISTORY_DEF_ITEM
 (ID, REVISION, ENTITY_VERSION, DOMAIN_ID, PARENT_ID, LINE_NO, FIELD_ID, TRACKING_LEVEL, PATH_RENDERER_CLASS, DETAIL_RENDERER_CLASS)
VALUES ('bbfe1f0bed804ee4ba3aa9c7320390fb', 0, 1, '/', 'c36d7433f88142788e5fd230a8915a0e', '55', 'custHcl3', 1, 'PathRenderer', 'DetailRenderer');
INSERT INTO CNT_HISTORY_DEF_ITEM
 (ID, REVISION, ENTITY_VERSION, DOMAIN_ID, PARENT_ID, LINE_NO, FIELD_ID, TRACKING_LEVEL, PATH_RENDERER_CLASS, DETAIL_RENDERER_CLASS)
VALUES ('607bf046cc8642ac86a3421f30d34d3a', 0, 1, '/', 'c36d7433f88142788e5fd230a8915a0e', '56', 'custHcl4', 1, 'PathRenderer', 'DetailRenderer');
INSERT INTO CNT_HISTORY_DEF_ITEM
 (ID, REVISION, ENTITY_VERSION, DOMAIN_ID, PARENT_ID, LINE_NO, FIELD_ID, TRACKING_LEVEL, PATH_RENDERER_CLASS, DETAIL_RENDERER_CLASS)
VALUES ('bdd086e2b4dc4911bc85ebb5f11d7044', 0, 1, '/', 'c36d7433f88142788e5fd230a8915a0e', '57', 'custHcl5', 1, 'PathRenderer', 'DetailRenderer');
INSERT INTO CNT_HISTORY_DEF_ITEM
 (ID, REVISION, ENTITY_VERSION, DOMAIN_ID, PARENT_ID, LINE_NO, FIELD_ID, TRACKING_LEVEL, PATH_RENDERER_CLASS, DETAIL_RENDERER_CLASS)
VALUES ('ea95b999797d4f08b89b283c3eee2cc0', 0, 1, '/', 'c36d7433f88142788e5fd230a8915a0e', '58', 'vendorRef', 0, 'PathRenderer', 'DetailRenderer');
INSERT INTO CNT_HISTORY_DEF_ITEM
 (ID, REVISION, ENTITY_VERSION, DOMAIN_ID, PARENT_ID, LINE_NO, FIELD_ID, TRACKING_LEVEL, PATH_RENDERER_CLASS, DETAIL_RENDERER_CLASS)
VALUES ('1c7958a6b98c4a9ea789896a9e59ba2d', 0, 1, '/', 'c36d7433f88142788e5fd230a8915a0e', '59', 'vendorVer', 0, 'PathRenderer', 'DetailRenderer');
INSERT INTO CNT_HISTORY_DEF_ITEM
 (ID, REVISION, ENTITY_VERSION, DOMAIN_ID, PARENT_ID, LINE_NO, FIELD_ID, TRACKING_LEVEL, PATH_RENDERER_CLASS, DETAIL_RENDERER_CLASS)
VALUES ('f1f0f71508fb49d593194aca2b01d247', 0, 1, '/', 'c36d7433f88142788e5fd230a8915a0e', '60', 'custCodelist1Name', 0, 'PathRenderer', 'DetailRenderer');
INSERT INTO CNT_HISTORY_DEF_ITEM
 (ID, REVISION, ENTITY_VERSION, DOMAIN_ID, PARENT_ID, LINE_NO, FIELD_ID, TRACKING_LEVEL, PATH_RENDERER_CLASS, DETAIL_RENDERER_CLASS)
VALUES ('f70f0bf57e2c4da69e64b8ce90738322', 0, 1, '/', 'c36d7433f88142788e5fd230a8915a0e', '61', 'custCodelist2Name', 0, 'PathRenderer', 'DetailRenderer');
INSERT INTO CNT_HISTORY_DEF_ITEM
 (ID, REVISION, ENTITY_VERSION, DOMAIN_ID, PARENT_ID, LINE_NO, FIELD_ID, TRACKING_LEVEL, PATH_RENDERER_CLASS, DETAIL_RENDERER_CLASS)
VALUES ('ea90445246ae4c51925704f5d45c9a0a', 0, 1, '/', 'c36d7433f88142788e5fd230a8915a0e', '62', 'custCodelist3Name', 0, 'PathRenderer', 'DetailRenderer');
INSERT INTO CNT_HISTORY_DEF_ITEM
 (ID, REVISION, ENTITY_VERSION, DOMAIN_ID, PARENT_ID, LINE_NO, FIELD_ID, TRACKING_LEVEL, PATH_RENDERER_CLASS, DETAIL_RENDERER_CLASS)
VALUES ('af245b5e80794f6391fddb9767f289d8', 0, 1, '/', 'c36d7433f88142788e5fd230a8915a0e', '63', 'custCodelist4Name', 0, 'PathRenderer', 'DetailRenderer');
INSERT INTO CNT_HISTORY_DEF_ITEM
 (ID, REVISION, ENTITY_VERSION, DOMAIN_ID, PARENT_ID, LINE_NO, FIELD_ID, TRACKING_LEVEL, PATH_RENDERER_CLASS, DETAIL_RENDERER_CLASS)
VALUES ('62f68f96761e4a26825f9959710f42f1', 0, 1, '/', 'c36d7433f88142788e5fd230a8915a0e', '64', 'custCodelist5Name', 0, 'PathRenderer', 'DetailRenderer');
INSERT INTO CNT_HISTORY_DEF_ITEM
 (ID, REVISION, ENTITY_VERSION, DOMAIN_ID, PARENT_ID, LINE_NO, FIELD_ID, TRACKING_LEVEL, PATH_RENDERER_CLASS, DETAIL_RENDERER_CLASS)
VALUES ('d0f22beb3e7644b69ac45fffb40c336f', 0, 1, '/', 'c36d7433f88142788e5fd230a8915a0e', '65', 'custCodelist6Name', 0, 'PathRenderer', 'DetailRenderer');
INSERT INTO CNT_HISTORY_DEF_ITEM
 (ID, REVISION, ENTITY_VERSION, DOMAIN_ID, PARENT_ID, LINE_NO, FIELD_ID, TRACKING_LEVEL, PATH_RENDERER_CLASS, DETAIL_RENDERER_CLASS)
VALUES ('4a9ebe610ddb40dbbc1a1e5dcf67e0fb', 0, 1, '/', 'c36d7433f88142788e5fd230a8915a0e', '66', 'custCodelist7Name', 0, 'PathRenderer', 'DetailRenderer');
INSERT INTO CNT_HISTORY_DEF_ITEM
 (ID, REVISION, ENTITY_VERSION, DOMAIN_ID, PARENT_ID, LINE_NO, FIELD_ID, TRACKING_LEVEL, PATH_RENDERER_CLASS, DETAIL_RENDERER_CLASS)
VALUES ('e19977825e1e4acc958ad2c269725976', 0, 1, '/', 'c36d7433f88142788e5fd230a8915a0e', '67', 'custHcl1Ref', 0, 'PathRenderer', 'DetailRenderer');
INSERT INTO CNT_HISTORY_DEF_ITEM
 (ID, REVISION, ENTITY_VERSION, DOMAIN_ID, PARENT_ID, LINE_NO, FIELD_ID, TRACKING_LEVEL, PATH_RENDERER_CLASS, DETAIL_RENDERER_CLASS)
VALUES ('a6618b72181c4252b505d22328e5cbb2', 0, 1, '/', 'c36d7433f88142788e5fd230a8915a0e', '68', 'custHcl1Ver', 0, 'PathRenderer', 'DetailRenderer');
INSERT INTO CNT_HISTORY_DEF_ITEM
 (ID, REVISION, ENTITY_VERSION, DOMAIN_ID, PARENT_ID, LINE_NO, FIELD_ID, TRACKING_LEVEL, PATH_RENDERER_CLASS, DETAIL_RENDERER_CLASS)
VALUES ('464006f2cc8c44308714c0711eb61ad4', 0, 1, '/', 'c36d7433f88142788e5fd230a8915a0e', '69', 'custHcl1Ref2', 0, 'PathRenderer', 'DetailRenderer');
INSERT INTO CNT_HISTORY_DEF_ITEM
 (ID, REVISION, ENTITY_VERSION, DOMAIN_ID, PARENT_ID, LINE_NO, FIELD_ID, TRACKING_LEVEL, PATH_RENDERER_CLASS, DETAIL_RENDERER_CLASS)
VALUES ('c906d51a402941adabc5d3c33bd04e50', 0, 1, '/', 'c36d7433f88142788e5fd230a8915a0e', '70', 'custHcl1FullLineage', 0, 'PathRenderer', 'DetailRenderer');
INSERT INTO CNT_HISTORY_DEF_ITEM
 (ID, REVISION, ENTITY_VERSION, DOMAIN_ID, PARENT_ID, LINE_NO, FIELD_ID, TRACKING_LEVEL, PATH_RENDERER_CLASS, DETAIL_RENDERER_CLASS)
VALUES ('71d95fd95f854b749ade59d920321f7b', 0, 1, '/', 'c36d7433f88142788e5fd230a8915a0e', '71', 'custHcl2Ref', 0, 'PathRenderer', 'DetailRenderer');
INSERT INTO CNT_HISTORY_DEF_ITEM
 (ID, REVISION, ENTITY_VERSION, DOMAIN_ID, PARENT_ID, LINE_NO, FIELD_ID, TRACKING_LEVEL, PATH_RENDERER_CLASS, DETAIL_RENDERER_CLASS)
VALUES ('e0cd9556017c4a258042ea74a7c909db', 0, 1, '/', 'c36d7433f88142788e5fd230a8915a0e', '72', 'custHcl2Ver', 0, 'PathRenderer', 'DetailRenderer');
INSERT INTO CNT_HISTORY_DEF_ITEM
 (ID, REVISION, ENTITY_VERSION, DOMAIN_ID, PARENT_ID, LINE_NO, FIELD_ID, TRACKING_LEVEL, PATH_RENDERER_CLASS, DETAIL_RENDERER_CLASS)
VALUES ('9eecbed7eaee4215b9eefbffe7c7a428', 0, 1, '/', 'c36d7433f88142788e5fd230a8915a0e', '73', 'custHcl2Ref2', 0, 'PathRenderer', 'DetailRenderer');
INSERT INTO CNT_HISTORY_DEF_ITEM
 (ID, REVISION, ENTITY_VERSION, DOMAIN_ID, PARENT_ID, LINE_NO, FIELD_ID, TRACKING_LEVEL, PATH_RENDERER_CLASS, DETAIL_RENDERER_CLASS)
VALUES ('7cd0e64a7c974224953e0f9cc93c45d5', 0, 1, '/', 'c36d7433f88142788e5fd230a8915a0e', '74', 'custHcl2FullLineage', 0, 'PathRenderer', 'DetailRenderer');
INSERT INTO CNT_HISTORY_DEF_ITEM
 (ID, REVISION, ENTITY_VERSION, DOMAIN_ID, PARENT_ID, LINE_NO, FIELD_ID, TRACKING_LEVEL, PATH_RENDERER_CLASS, DETAIL_RENDERER_CLASS)
VALUES ('302dbca022dd4bfd9b280548794b088c', 0, 1, '/', 'c36d7433f88142788e5fd230a8915a0e', '75', 'custHcl3Ref', 0, 'PathRenderer', 'DetailRenderer');
INSERT INTO CNT_HISTORY_DEF_ITEM
 (ID, REVISION, ENTITY_VERSION, DOMAIN_ID, PARENT_ID, LINE_NO, FIELD_ID, TRACKING_LEVEL, PATH_RENDERER_CLASS, DETAIL_RENDERER_CLASS)
VALUES ('b75bb620bee047c389d31749efb1f671', 0, 1, '/', 'c36d7433f88142788e5fd230a8915a0e', '76', 'custHcl3Ver', 0, 'PathRenderer', 'DetailRenderer');
INSERT INTO CNT_HISTORY_DEF_ITEM
 (ID, REVISION, ENTITY_VERSION, DOMAIN_ID, PARENT_ID, LINE_NO, FIELD_ID, TRACKING_LEVEL, PATH_RENDERER_CLASS, DETAIL_RENDERER_CLASS)
VALUES ('b55a1b6672be4e95a05da9c872997ee3', 0, 1, '/', 'c36d7433f88142788e5fd230a8915a0e', '77', 'custHcl3Ref2', 0, 'PathRenderer', 'DetailRenderer');
INSERT INTO CNT_HISTORY_DEF_ITEM
 (ID, REVISION, ENTITY_VERSION, DOMAIN_ID, PARENT_ID, LINE_NO, FIELD_ID, TRACKING_LEVEL, PATH_RENDERER_CLASS, DETAIL_RENDERER_CLASS)
VALUES ('5af2a16c80b943099c69bbbe9881c73c', 0, 1, '/', 'c36d7433f88142788e5fd230a8915a0e', '78', 'custHcl3FullLineage', 0, 'PathRenderer', 'DetailRenderer');
INSERT INTO CNT_HISTORY_DEF_ITEM
 (ID, REVISION, ENTITY_VERSION, DOMAIN_ID, PARENT_ID, LINE_NO, FIELD_ID, TRACKING_LEVEL, PATH_RENDERER_CLASS, DETAIL_RENDERER_CLASS)
VALUES ('cd1504a24c694ffd9d684d6a1bd78b9c', 0, 1, '/', 'c36d7433f88142788e5fd230a8915a0e', '79', 'custHcl4Ref', 0, 'PathRenderer', 'DetailRenderer');
INSERT INTO CNT_HISTORY_DEF_ITEM
 (ID, REVISION, ENTITY_VERSION, DOMAIN_ID, PARENT_ID, LINE_NO, FIELD_ID, TRACKING_LEVEL, PATH_RENDERER_CLASS, DETAIL_RENDERER_CLASS)
VALUES ('133998f62ad24ae5acee7f567cd985e7', 0, 1, '/', 'c36d7433f88142788e5fd230a8915a0e', '80', 'custHcl4Ver', 0, 'PathRenderer', 'DetailRenderer');
INSERT INTO CNT_HISTORY_DEF_ITEM
 (ID, REVISION, ENTITY_VERSION, DOMAIN_ID, PARENT_ID, LINE_NO, FIELD_ID, TRACKING_LEVEL, PATH_RENDERER_CLASS, DETAIL_RENDERER_CLASS)
VALUES ('3ecc1973e84a450681feedb1b6c8ba90', 0, 1, '/', 'c36d7433f88142788e5fd230a8915a0e', '81', 'custHcl4Ref2', 0, 'PathRenderer', 'DetailRenderer');
INSERT INTO CNT_HISTORY_DEF_ITEM
 (ID, REVISION, ENTITY_VERSION, DOMAIN_ID, PARENT_ID, LINE_NO, FIELD_ID, TRACKING_LEVEL, PATH_RENDERER_CLASS, DETAIL_RENDERER_CLASS)
VALUES ('7dff0b7e59e943c5b17e2e5cb0c3c7a9', 0, 1, '/', 'c36d7433f88142788e5fd230a8915a0e', '82', 'custHcl4FullLineage', 0, 'PathRenderer', 'DetailRenderer');
INSERT INTO CNT_HISTORY_DEF_ITEM
 (ID, REVISION, ENTITY_VERSION, DOMAIN_ID, PARENT_ID, LINE_NO, FIELD_ID, TRACKING_LEVEL, PATH_RENDERER_CLASS, DETAIL_RENDERER_CLASS)
VALUES ('c595a4be58cb48c19ce25ad8a81a6a19', 0, 1, '/', 'c36d7433f88142788e5fd230a8915a0e', '83', 'custHcl5Ref', 0, 'PathRenderer', 'DetailRenderer');
INSERT INTO CNT_HISTORY_DEF_ITEM
 (ID, REVISION, ENTITY_VERSION, DOMAIN_ID, PARENT_ID, LINE_NO, FIELD_ID, TRACKING_LEVEL, PATH_RENDERER_CLASS, DETAIL_RENDERER_CLASS)
VALUES ('1766f6a7cbf1446090c559dfd676b7a1', 0, 1, '/', 'c36d7433f88142788e5fd230a8915a0e', '84', 'custHcl5Ver', 0, 'PathRenderer', 'DetailRenderer');
INSERT INTO CNT_HISTORY_DEF_ITEM
 (ID, REVISION, ENTITY_VERSION, DOMAIN_ID, PARENT_ID, LINE_NO, FIELD_ID, TRACKING_LEVEL, PATH_RENDERER_CLASS, DETAIL_RENDERER_CLASS)
VALUES ('1d5087481c874a819d10c57722e4a6e7', 0, 1, '/', 'c36d7433f88142788e5fd230a8915a0e', '85', 'custHcl5Ref2', 0, 'PathRenderer', 'DetailRenderer');
INSERT INTO CNT_HISTORY_DEF_ITEM
 (ID, REVISION, ENTITY_VERSION, DOMAIN_ID, PARENT_ID, LINE_NO, FIELD_ID, TRACKING_LEVEL, PATH_RENDERER_CLASS, DETAIL_RENDERER_CLASS)
VALUES ('0d74272e13ca44f989032e027118a1c0', 0, 1, '/', 'c36d7433f88142788e5fd230a8915a0e', '86', 'custHcl5FullLineage', 0, 'PathRenderer', 'DetailRenderer');
