set define off;
DELETE CNT_FIELD_DEFINITION WHERE PARENT_ID = (SELECT ID FROM CNT_ENTITY_DEFINITION WHERE ENTITY_NAME = 'CustContact' AND ENTITY_VERSION = 1);
DELETE CNT_ENTITY_DEFINITION WHERE ENTITY_NAME = 'CustContact' AND ENTITY_VERSION = 1;
DELETE CNT_FIELD_DEFINITION WHERE PARENT_ID = (SELECT ID FROM CNT_ENTITY_DEFINITION WHERE ENTITY_NAME = 'CustHistory' AND ENTITY_VERSION = 1);
DELETE CNT_ENTITY_DEFINITION WHERE ENTITY_NAME = 'CustHistory' AND ENTITY_VERSION = 1;
DELETE CNT_FIELD_DEFINITION WHERE PARENT_ID = (SELECT ID FROM CNT_ENTITY_DEFINITION WHERE ENTITY_NAME = 'CustAttachment' AND ENTITY_VERSION = 1);
DELETE CNT_ENTITY_DEFINITION WHERE ENTITY_NAME = 'CustAttachment' AND ENTITY_VERSION = 1;
DELETE CNT_FIELD_DEFINITION WHERE PARENT_ID = (SELECT ID FROM CNT_ENTITY_DEFINITION WHERE ENTITY_NAME = 'CustImage' AND ENTITY_VERSION = 1);
DELETE CNT_ENTITY_DEFINITION WHERE ENTITY_NAME = 'CustImage' AND ENTITY_VERSION = 1;
DELETE CNT_FIELD_DEFINITION WHERE PARENT_ID = (SELECT ID FROM CNT_ENTITY_DEFINITION WHERE ENTITY_NAME = 'CustMarket' AND ENTITY_VERSION = 1);
DELETE CNT_ENTITY_DEFINITION WHERE ENTITY_NAME = 'CustMarket' AND ENTITY_VERSION = 1;
DELETE CNT_FIELD_DEFINITION WHERE PARENT_ID = (SELECT ID FROM CNT_ENTITY_DEFINITION WHERE ENTITY_NAME = 'Cust' AND ENTITY_VERSION = 1);
DELETE CNT_ENTITY_DEFINITION WHERE ENTITY_NAME = 'Cust' AND ENTITY_VERSION = 1;
DELETE CNT_FIELD_DEFINITION WHERE PARENT_ID = (SELECT ID FROM CNT_ENTITY_DEFINITION WHERE ENTITY_NAME = 'CustDestination' AND ENTITY_VERSION = 1);
DELETE CNT_ENTITY_DEFINITION WHERE ENTITY_NAME = 'CustDestination' AND ENTITY_VERSION = 1;
DELETE CNT_FIELD_DEFINITION WHERE PARENT_ID = (SELECT ID FROM CNT_ENTITY_DEFINITION WHERE ENTITY_NAME = 'CustHc' AND ENTITY_VERSION = 1);
DELETE CNT_ENTITY_DEFINITION WHERE ENTITY_NAME = 'CustHc' AND ENTITY_VERSION = 1;
DELETE CNT_FIELD_DEFINITION WHERE PARENT_ID = (SELECT ID FROM CNT_ENTITY_DEFINITION WHERE ENTITY_NAME = 'CustAddress' AND ENTITY_VERSION = 1);
DELETE CNT_ENTITY_DEFINITION WHERE ENTITY_NAME = 'CustAddress' AND ENTITY_VERSION = 1;
INSERT INTO CNT_ENTITY_DEFINITION
 (ID, REVISION, ENTITY_NAME, ENTITY_VERSION, PRODUCT_TABLE_NAME, CUSTOM_TABLE_NAME, REPORT_TABLE_NAME, MODULE, TYPE, REVISION_TRACKING, VERSION_TRACKING, HISTORY_ENTITY_NAME, REF_PATTERN, SYSTEM_ENTITY, CREATE_USER, CREATED_ON, IS_FOR_EXTERNAL)
VALUES ('f7f436cac8074d788fac178349bc267f', 0, 'CustContact', 1, 'CNT_CUST_CONTACT', 'CTM_CUST', 'CUSTOMER_CONTACT', 'cust', 'inner', 'ALL', 'ALL', '', '${firstName} ${lastName}', 0, 'system', systimestamp, 0);
INSERT INTO CNT_FIELD_DEFINITION
 (ID, REVISION, PARENT_ID, FIELD_ID, COLUMN_NAME, COLUMN_TYPE, REPORT_COLUMN_NAME, PRODUCT_FIELD, FIELD_TYPE, ENTITY_LOOKUP, ENTITY_LOOKUP_KEY, ORDER_BY, GENERATOR, REFER_TABLE, KEY_COLUMN, LOOKUP_COLUMN, MANDATORY, MIN_LENGTH, MAX_LENGTH, MIN_VALUE, MAX_VALUE, CONSTANT_VALUE, UNIQUE_KEY, CREATE_USER, CREATED_ON, LINE_NO, MANAGED, FIELD_PATH, DATA_TYPE, DATA1, DATA2, TRANSITIVE_FIELDS, FORMULA, ENTITY_LOOKUP_TYPE)
VALUES ('5c7f8cd7236640d8b13aa676494af3ad', 0, 'f7f436cac8074d788fac178349bc267f', 'id', 'ID', 'CHAR(32)', '', 1, 'id', '', '', '', 'com.core.cbx.data.generator.UUIDGenerator', '', '', '', 0, 32, 32, NULL, NULL, '', '', 'system', systimestamp, '0', 0, 'entity.custContact.id', '', '', '', '', '', '');
INSERT INTO CNT_FIELD_DEFINITION
 (ID, REVISION, PARENT_ID, FIELD_ID, COLUMN_NAME, COLUMN_TYPE, REPORT_COLUMN_NAME, PRODUCT_FIELD, FIELD_TYPE, ENTITY_LOOKUP, ENTITY_LOOKUP_KEY, ORDER_BY, GENERATOR, REFER_TABLE, KEY_COLUMN, LOOKUP_COLUMN, MANDATORY, MIN_LENGTH, MAX_LENGTH, MIN_VALUE, MAX_VALUE, CONSTANT_VALUE, UNIQUE_KEY, CREATE_USER, CREATED_ON, LINE_NO, MANAGED, FIELD_PATH, DATA_TYPE, DATA1, DATA2, TRANSITIVE_FIELDS, FORMULA, ENTITY_LOOKUP_TYPE)
VALUES ('3a6a86cfd41d431eaa4d4ea312bf63ff', 0, 'f7f436cac8074d788fac178349bc267f', 'revision', 'REVISION', 'NUMBER(20, 0)', '', 1, 'integer', '', '', '', '', '', '', '', 0, NULL, 18, NULL, NULL, '', '', 'system', systimestamp, '1', 0, 'entity.custContact.revision', '', '', '', '', '', '');
INSERT INTO CNT_FIELD_DEFINITION
 (ID, REVISION, PARENT_ID, FIELD_ID, COLUMN_NAME, COLUMN_TYPE, REPORT_COLUMN_NAME, PRODUCT_FIELD, FIELD_TYPE, ENTITY_LOOKUP, ENTITY_LOOKUP_KEY, ORDER_BY, GENERATOR, REFER_TABLE, KEY_COLUMN, LOOKUP_COLUMN, MANDATORY, MIN_LENGTH, MAX_LENGTH, MIN_VALUE, MAX_VALUE, CONSTANT_VALUE, UNIQUE_KEY, CREATE_USER, CREATED_ON, LINE_NO, MANAGED, FIELD_PATH, DATA_TYPE, DATA1, DATA2, TRANSITIVE_FIELDS, FORMULA, ENTITY_LOOKUP_TYPE)
VALUES ('316db6aed829436dbab59d2cb36f509c', 0, 'f7f436cac8074d788fac178349bc267f', 'entityVersion', 'ENTITY_VERSION', 'NUMBER(20, 0)', '', 1, 'integer', '', '', '', '', '', '', '', 0, NULL, 18, NULL, NULL, '', '', 'system', systimestamp, '2', 0, 'entity.custContact.entityVersion', '', '', '', '', '', '');
INSERT INTO CNT_FIELD_DEFINITION
 (ID, REVISION, PARENT_ID, FIELD_ID, COLUMN_NAME, COLUMN_TYPE, REPORT_COLUMN_NAME, PRODUCT_FIELD, FIELD_TYPE, ENTITY_LOOKUP, ENTITY_LOOKUP_KEY, ORDER_BY, GENERATOR, REFER_TABLE, KEY_COLUMN, LOOKUP_COLUMN, MANDATORY, MIN_LENGTH, MAX_LENGTH, MIN_VALUE, MAX_VALUE, CONSTANT_VALUE, UNIQUE_KEY, CREATE_USER, CREATED_ON, LINE_NO, MANAGED, FIELD_PATH, DATA_TYPE, DATA1, DATA2, TRANSITIVE_FIELDS, FORMULA, ENTITY_LOOKUP_TYPE)
VALUES ('86cd4c7b6517418ea623b5b74814fa30', 0, 'f7f436cac8074d788fac178349bc267f', 'domainId', 'DOMAIN_ID', 'NVARCHAR2(400)', '', 1, 'string-m', '', '', '', '', '', '', '', 0, NULL, 400, NULL, NULL, '', '', 'system', systimestamp, '3', 0, 'entity.custContact.domainId', '', '', '', '', '', '');
INSERT INTO CNT_FIELD_DEFINITION
 (ID, REVISION, PARENT_ID, FIELD_ID, COLUMN_NAME, COLUMN_TYPE, REPORT_COLUMN_NAME, PRODUCT_FIELD, FIELD_TYPE, ENTITY_LOOKUP, ENTITY_LOOKUP_KEY, ORDER_BY, GENERATOR, REFER_TABLE, KEY_COLUMN, LOOKUP_COLUMN, MANDATORY, MIN_LENGTH, MAX_LENGTH, MIN_VALUE, MAX_VALUE, CONSTANT_VALUE, UNIQUE_KEY, CREATE_USER, CREATED_ON, LINE_NO, MANAGED, FIELD_PATH, DATA_TYPE, DATA1, DATA2, TRANSITIVE_FIELDS, FORMULA, ENTITY_LOOKUP_TYPE)
VALUES ('3222903b47304fd1b9b4dacf3aa87f1e', 0, 'f7f436cac8074d788fac178349bc267f', 'hubDomainId', 'HUB_DOMAIN_ID', 'NVARCHAR2(400)', '', 1, 'string-m', '', '', '', '', '', '', '', 0, NULL, 400, NULL, NULL, '', '', 'system', systimestamp, '4', 0, 'entity.custContact.hubDomainId', '', '', '', '', '', '');
INSERT INTO CNT_FIELD_DEFINITION
 (ID, REVISION, PARENT_ID, FIELD_ID, COLUMN_NAME, COLUMN_TYPE, REPORT_COLUMN_NAME, PRODUCT_FIELD, FIELD_TYPE, ENTITY_LOOKUP, ENTITY_LOOKUP_KEY, ORDER_BY, GENERATOR, REFER_TABLE, KEY_COLUMN, LOOKUP_COLUMN, MANDATORY, MIN_LENGTH, MAX_LENGTH, MIN_VALUE, MAX_VALUE, CONSTANT_VALUE, UNIQUE_KEY, CREATE_USER, CREATED_ON, LINE_NO, MANAGED, FIELD_PATH, DATA_TYPE, DATA1, DATA2, TRANSITIVE_FIELDS, FORMULA, ENTITY_LOOKUP_TYPE)
VALUES ('1da87c8b9a984945bead7c4965583e80', 0, 'f7f436cac8074d788fac178349bc267f', 'isForReference', 'IS_FOR_REFERENCE', 'NUMBER(1,0)', '', 1, 'boolean', '', '', '', '', '', '', '', 0, NULL, NULL, NULL, NULL, '', '', 'system', systimestamp, '5', 0, 'entity.custContact.isForReference', '', '', '', '', '', '');
INSERT INTO CNT_FIELD_DEFINITION
 (ID, REVISION, PARENT_ID, FIELD_ID, COLUMN_NAME, COLUMN_TYPE, REPORT_COLUMN_NAME, PRODUCT_FIELD, FIELD_TYPE, ENTITY_LOOKUP, ENTITY_LOOKUP_KEY, ORDER_BY, GENERATOR, REFER_TABLE, KEY_COLUMN, LOOKUP_COLUMN, MANDATORY, MIN_LENGTH, MAX_LENGTH, MIN_VALUE, MAX_VALUE, CONSTANT_VALUE, UNIQUE_KEY, CREATE_USER, CREATED_ON, LINE_NO, MANAGED, FIELD_PATH, DATA_TYPE, DATA1, DATA2, TRANSITIVE_FIELDS, FORMULA, ENTITY_LOOKUP_TYPE)
VALUES ('6d463485ec6348188164828fd1d67df3', 0, 'f7f436cac8074d788fac178349bc267f', 'internalSeqNo', 'INTERNAL_SEQ_NO', 'NUMBER(20, 0)', 'n/a', 1, 'integer', '', '', '', '', '', '', '', 0, NULL, 18, NULL, NULL, '', '', 'system', systimestamp, '6', 0, 'entity.custContact.internalSeqNo', '', '', '', '', '', '');
INSERT INTO CNT_FIELD_DEFINITION
 (ID, REVISION, PARENT_ID, FIELD_ID, COLUMN_NAME, COLUMN_TYPE, REPORT_COLUMN_NAME, PRODUCT_FIELD, FIELD_TYPE, ENTITY_LOOKUP, ENTITY_LOOKUP_KEY, ORDER_BY, GENERATOR, REFER_TABLE, KEY_COLUMN, LOOKUP_COLUMN, MANDATORY, MIN_LENGTH, MAX_LENGTH, MIN_VALUE, MAX_VALUE, CONSTANT_VALUE, UNIQUE_KEY, CREATE_USER, CREATED_ON, LINE_NO, MANAGED, FIELD_PATH, DATA_TYPE, DATA1, DATA2, TRANSITIVE_FIELDS, FORMULA, ENTITY_LOOKUP_TYPE)
VALUES ('fc3d866cbd454898a1dec55bbe05281d', 0, 'f7f436cac8074d788fac178349bc267f', 'custId', 'CUST_ID', 'CHAR(32)', 'CUSTOMER_SYS_ID', 1, 'id', '', '', '', '', '', '', '', 1, 32, 32, NULL, NULL, '', '', 'system', systimestamp, '7', 0, 'entity.custContact.custId', '', '', '', '', '', '');
INSERT INTO CNT_FIELD_DEFINITION
 (ID, REVISION, PARENT_ID, FIELD_ID, COLUMN_NAME, COLUMN_TYPE, REPORT_COLUMN_NAME, PRODUCT_FIELD, FIELD_TYPE, ENTITY_LOOKUP, ENTITY_LOOKUP_KEY, ORDER_BY, GENERATOR, REFER_TABLE, KEY_COLUMN, LOOKUP_COLUMN, MANDATORY, MIN_LENGTH, MAX_LENGTH, MIN_VALUE, MAX_VALUE, CONSTANT_VALUE, UNIQUE_KEY, CREATE_USER, CREATED_ON, LINE_NO, MANAGED, FIELD_PATH, DATA_TYPE, DATA1, DATA2, TRANSITIVE_FIELDS, FORMULA, ENTITY_LOOKUP_TYPE)
VALUES ('5443b0df0afe4076ab74b6f82437e9cc', 0, 'f7f436cac8074d788fac178349bc267f', 'isDefault', 'IS_DEFAULT', 'NUMBER(1,0)', 'IS_DEFAULT', 1, 'boolean', '', '', '', '', '', '', '', 0, NULL, NULL, NULL, NULL, '', '', 'system', systimestamp, '8', 0, 'entity.custContact.isDefault', '', '', '', '', '', '');
INSERT INTO CNT_FIELD_DEFINITION
 (ID, REVISION, PARENT_ID, FIELD_ID, COLUMN_NAME, COLUMN_TYPE, REPORT_COLUMN_NAME, PRODUCT_FIELD, FIELD_TYPE, ENTITY_LOOKUP, ENTITY_LOOKUP_KEY, ORDER_BY, GENERATOR, REFER_TABLE, KEY_COLUMN, LOOKUP_COLUMN, MANDATORY, MIN_LENGTH, MAX_LENGTH, MIN_VALUE, MAX_VALUE, CONSTANT_VALUE, UNIQUE_KEY, CREATE_USER, CREATED_ON, LINE_NO, MANAGED, FIELD_PATH, DATA_TYPE, DATA1, DATA2, TRANSITIVE_FIELDS, FORMULA, ENTITY_LOOKUP_TYPE)
VALUES ('70de0aa005a643128296ba6abb130f28', 0, 'f7f436cac8074d788fac178349bc267f', 'title', 'TITLE', 'NVARCHAR2(400)', 'TITLE', 1, 'string-m', '', '', '', '', '', '', '', 0, NULL, 400, NULL, NULL, '', '', 'system', systimestamp, '9', 0, 'entity.custContact.title', 'codelist', 'SALUTATION', '', '', '', '');
INSERT INTO CNT_FIELD_DEFINITION
 (ID, REVISION, PARENT_ID, FIELD_ID, COLUMN_NAME, COLUMN_TYPE, REPORT_COLUMN_NAME, PRODUCT_FIELD, FIELD_TYPE, ENTITY_LOOKUP, ENTITY_LOOKUP_KEY, ORDER_BY, GENERATOR, REFER_TABLE, KEY_COLUMN, LOOKUP_COLUMN, MANDATORY, MIN_LENGTH, MAX_LENGTH, MIN_VALUE, MAX_VALUE, CONSTANT_VALUE, UNIQUE_KEY, CREATE_USER, CREATED_ON, LINE_NO, MANAGED, FIELD_PATH, DATA_TYPE, DATA1, DATA2, TRANSITIVE_FIELDS, FORMULA, ENTITY_LOOKUP_TYPE)
VALUES ('9db3b6061c834883bfc1d29c6dc3029d', 0, 'f7f436cac8074d788fac178349bc267f', 'firstName', 'FIRST_NAME', 'NVARCHAR2(400)', 'FIRST_NAME', 1, 'string-m', '', '', '', '', '', '', '', 0, NULL, 400, NULL, NULL, '', '', 'system', systimestamp, '10', 0, 'entity.custContact.firstName', '', '', '', '', 'refNo', '');
INSERT INTO CNT_FIELD_DEFINITION
 (ID, REVISION, PARENT_ID, FIELD_ID, COLUMN_NAME, COLUMN_TYPE, REPORT_COLUMN_NAME, PRODUCT_FIELD, FIELD_TYPE, ENTITY_LOOKUP, ENTITY_LOOKUP_KEY, ORDER_BY, GENERATOR, REFER_TABLE, KEY_COLUMN, LOOKUP_COLUMN, MANDATORY, MIN_LENGTH, MAX_LENGTH, MIN_VALUE, MAX_VALUE, CONSTANT_VALUE, UNIQUE_KEY, CREATE_USER, CREATED_ON, LINE_NO, MANAGED, FIELD_PATH, DATA_TYPE, DATA1, DATA2, TRANSITIVE_FIELDS, FORMULA, ENTITY_LOOKUP_TYPE)
VALUES ('8935ca56fdd3428191ce93fd08667f5d', 0, 'f7f436cac8074d788fac178349bc267f', 'lastName', 'LAST_NAME', 'NVARCHAR2(400)', 'LAST_NAME', 1, 'string-m', '', '', '', '', '', '', '', 0, NULL, 400, NULL, NULL, '', '', 'system', systimestamp, '11', 0, 'entity.custContact.lastName', '', '', '', '', '', '');
INSERT INTO CNT_FIELD_DEFINITION
 (ID, REVISION, PARENT_ID, FIELD_ID, COLUMN_NAME, COLUMN_TYPE, REPORT_COLUMN_NAME, PRODUCT_FIELD, FIELD_TYPE, ENTITY_LOOKUP, ENTITY_LOOKUP_KEY, ORDER_BY, GENERATOR, REFER_TABLE, KEY_COLUMN, LOOKUP_COLUMN, MANDATORY, MIN_LENGTH, MAX_LENGTH, MIN_VALUE, MAX_VALUE, CONSTANT_VALUE, UNIQUE_KEY, CREATE_USER, CREATED_ON, LINE_NO, MANAGED, FIELD_PATH, DATA_TYPE, DATA1, DATA2, TRANSITIVE_FIELDS, FORMULA, ENTITY_LOOKUP_TYPE)
VALUES ('29b04bf7e1654de992492ecdf0fa8737', 0, 'f7f436cac8074d788fac178349bc267f', 'position', 'POSITION', 'NVARCHAR2(400)', 'POSITION', 1, 'string-m', '', '', '', '', '', '', '', 0, NULL, 400, NULL, NULL, '', '', 'system', systimestamp, '12', 0, 'entity.custContact.position', '', '', '', '', '', '');
INSERT INTO CNT_FIELD_DEFINITION
 (ID, REVISION, PARENT_ID, FIELD_ID, COLUMN_NAME, COLUMN_TYPE, REPORT_COLUMN_NAME, PRODUCT_FIELD, FIELD_TYPE, ENTITY_LOOKUP, ENTITY_LOOKUP_KEY, ORDER_BY, GENERATOR, REFER_TABLE, KEY_COLUMN, LOOKUP_COLUMN, MANDATORY, MIN_LENGTH, MAX_LENGTH, MIN_VALUE, MAX_VALUE, CONSTANT_VALUE, UNIQUE_KEY, CREATE_USER, CREATED_ON, LINE_NO, MANAGED, FIELD_PATH, DATA_TYPE, DATA1, DATA2, TRANSITIVE_FIELDS, FORMULA, ENTITY_LOOKUP_TYPE)
VALUES ('d07a588879c045feb849b40677f2388f', 0, 'f7f436cac8074d788fac178349bc267f', 'department', 'DEPARTMENT', 'NVARCHAR2(400)', 'DEPARTMENT', 1, 'string-m', '', '', '', '', '', '', '', 0, NULL, 400, NULL, NULL, '', '', 'system', systimestamp, '13', 0, 'entity.custContact.department', '', '', '', '', '', '');
INSERT INTO CNT_FIELD_DEFINITION
 (ID, REVISION, PARENT_ID, FIELD_ID, COLUMN_NAME, COLUMN_TYPE, REPORT_COLUMN_NAME, PRODUCT_FIELD, FIELD_TYPE, ENTITY_LOOKUP, ENTITY_LOOKUP_KEY, ORDER_BY, GENERATOR, REFER_TABLE, KEY_COLUMN, LOOKUP_COLUMN, MANDATORY, MIN_LENGTH, MAX_LENGTH, MIN_VALUE, MAX_VALUE, CONSTANT_VALUE, UNIQUE_KEY, CREATE_USER, CREATED_ON, LINE_NO, MANAGED, FIELD_PATH, DATA_TYPE, DATA1, DATA2, TRANSITIVE_FIELDS, FORMULA, ENTITY_LOOKUP_TYPE)
VALUES ('610bfea1176e4ccdad7f694d090aa8f2', 0, 'f7f436cac8074d788fac178349bc267f', 'telNo', 'TEL_NO', 'NVARCHAR2(400)', 'PHONE', 1, 'string-m', '', '', '', '', '', '', '', 0, NULL, 400, NULL, NULL, '', '', 'system', systimestamp, '14', 0, 'entity.custContact.telNo', '', '', '', '', '', '');
INSERT INTO CNT_FIELD_DEFINITION
 (ID, REVISION, PARENT_ID, FIELD_ID, COLUMN_NAME, COLUMN_TYPE, REPORT_COLUMN_NAME, PRODUCT_FIELD, FIELD_TYPE, ENTITY_LOOKUP, ENTITY_LOOKUP_KEY, ORDER_BY, GENERATOR, REFER_TABLE, KEY_COLUMN, LOOKUP_COLUMN, MANDATORY, MIN_LENGTH, MAX_LENGTH, MIN_VALUE, MAX_VALUE, CONSTANT_VALUE, UNIQUE_KEY, CREATE_USER, CREATED_ON, LINE_NO, MANAGED, FIELD_PATH, DATA_TYPE, DATA1, DATA2, TRANSITIVE_FIELDS, FORMULA, ENTITY_LOOKUP_TYPE)
VALUES ('d977c352c1544a59861b21a519d1adb8', 0, 'f7f436cac8074d788fac178349bc267f', 'mobileNo', 'MOBILE_NO', 'NVARCHAR2(400)', 'MOBILE', 1, 'string-m', '', '', '', '', '', '', '', 0, NULL, 400, NULL, NULL, '', '', 'system', systimestamp, '15', 0, 'entity.custContact.mobileNo', '', '', '', '', '', '');
INSERT INTO CNT_FIELD_DEFINITION
 (ID, REVISION, PARENT_ID, FIELD_ID, COLUMN_NAME, COLUMN_TYPE, REPORT_COLUMN_NAME, PRODUCT_FIELD, FIELD_TYPE, ENTITY_LOOKUP, ENTITY_LOOKUP_KEY, ORDER_BY, GENERATOR, REFER_TABLE, KEY_COLUMN, LOOKUP_COLUMN, MANDATORY, MIN_LENGTH, MAX_LENGTH, MIN_VALUE, MAX_VALUE, CONSTANT_VALUE, UNIQUE_KEY, CREATE_USER, CREATED_ON, LINE_NO, MANAGED, FIELD_PATH, DATA_TYPE, DATA1, DATA2, TRANSITIVE_FIELDS, FORMULA, ENTITY_LOOKUP_TYPE)
VALUES ('76948ad066464c98a065fbea5406ca32', 0, 'f7f436cac8074d788fac178349bc267f', 'faxNo', 'FAX_NO', 'NVARCHAR2(400)', 'FAX', 1, 'string-m', '', '', '', '', '', '', '', 0, NULL, 400, NULL, NULL, '', '', 'system', systimestamp, '16', 0, 'entity.custContact.faxNo', '', '', '', '', '', '');
INSERT INTO CNT_FIELD_DEFINITION
 (ID, REVISION, PARENT_ID, FIELD_ID, COLUMN_NAME, COLUMN_TYPE, REPORT_COLUMN_NAME, PRODUCT_FIELD, FIELD_TYPE, ENTITY_LOOKUP, ENTITY_LOOKUP_KEY, ORDER_BY, GENERATOR, REFER_TABLE, KEY_COLUMN, LOOKUP_COLUMN, MANDATORY, MIN_LENGTH, MAX_LENGTH, MIN_VALUE, MAX_VALUE, CONSTANT_VALUE, UNIQUE_KEY, CREATE_USER, CREATED_ON, LINE_NO, MANAGED, FIELD_PATH, DATA_TYPE, DATA1, DATA2, TRANSITIVE_FIELDS, FORMULA, ENTITY_LOOKUP_TYPE)
VALUES ('97ef5fda950a4e38b9b8a92dcc13c6c0', 0, 'f7f436cac8074d788fac178349bc267f', 'email', 'EMAIL', 'NVARCHAR2(400)', 'EMAIL', 1, 'string-m', '', '', '', '', '', '', '', 0, NULL, 400, NULL, NULL, '', '', 'system', systimestamp, '17', 0, 'entity.custContact.email', '', '', '', '', '', '');
INSERT INTO CNT_FIELD_DEFINITION
 (ID, REVISION, PARENT_ID, FIELD_ID, COLUMN_NAME, COLUMN_TYPE, REPORT_COLUMN_NAME, PRODUCT_FIELD, FIELD_TYPE, ENTITY_LOOKUP, ENTITY_LOOKUP_KEY, ORDER_BY, GENERATOR, REFER_TABLE, KEY_COLUMN, LOOKUP_COLUMN, MANDATORY, MIN_LENGTH, MAX_LENGTH, MIN_VALUE, MAX_VALUE, CONSTANT_VALUE, UNIQUE_KEY, CREATE_USER, CREATED_ON, LINE_NO, MANAGED, FIELD_PATH, DATA_TYPE, DATA1, DATA2, TRANSITIVE_FIELDS, FORMULA, ENTITY_LOOKUP_TYPE)
VALUES ('d791a23d99b941fbac9488efe2df8df0', 0, 'f7f436cac8074d788fac178349bc267f', 'remarks', 'REMARKS', 'NVARCHAR2(1000)', 'REMARKS', 1, 'string-l', '', '', '', '', '', '', '', 0, NULL, 1000, NULL, NULL, '', '', 'system', systimestamp, '18', 0, 'entity.custContact.remarks', '', '', '', '', '', '');
INSERT INTO CNT_FIELD_DEFINITION
 (ID, REVISION, PARENT_ID, FIELD_ID, COLUMN_NAME, COLUMN_TYPE, REPORT_COLUMN_NAME, PRODUCT_FIELD, FIELD_TYPE, ENTITY_LOOKUP, ENTITY_LOOKUP_KEY, ORDER_BY, GENERATOR, REFER_TABLE, KEY_COLUMN, LOOKUP_COLUMN, MANDATORY, MIN_LENGTH, MAX_LENGTH, MIN_VALUE, MAX_VALUE, CONSTANT_VALUE, UNIQUE_KEY, CREATE_USER, CREATED_ON, LINE_NO, MANAGED, FIELD_PATH, DATA_TYPE, DATA1, DATA2, TRANSITIVE_FIELDS, FORMULA, ENTITY_LOOKUP_TYPE)
VALUES ('6f5cd8d361e54dbeb3a1db2b4b5e2048', 0, 'f7f436cac8074d788fac178349bc267f', 'isDisabled', 'IS_DISABLED', 'NUMBER(1,0)', 'IS_DISABLED', 1, 'boolean', '', '', '', '', '', '', '', 0, NULL, NULL, NULL, NULL, '', '', 'system', systimestamp, '19', 0, 'entity.custContact.isDisabled', '', '', '', '', '', '');
INSERT INTO CNT_FIELD_DEFINITION
 (ID, REVISION, PARENT_ID, FIELD_ID, COLUMN_NAME, COLUMN_TYPE, REPORT_COLUMN_NAME, PRODUCT_FIELD, FIELD_TYPE, ENTITY_LOOKUP, ENTITY_LOOKUP_KEY, ORDER_BY, GENERATOR, REFER_TABLE, KEY_COLUMN, LOOKUP_COLUMN, MANDATORY, MIN_LENGTH, MAX_LENGTH, MIN_VALUE, MAX_VALUE, CONSTANT_VALUE, UNIQUE_KEY, CREATE_USER, CREATED_ON, LINE_NO, MANAGED, FIELD_PATH, DATA_TYPE, DATA1, DATA2, TRANSITIVE_FIELDS, FORMULA, ENTITY_LOOKUP_TYPE)
VALUES ('53f149440c874c55a80b01e7ad0cd6b8', 0, 'f7f436cac8074d788fac178349bc267f', 'contactTypeId', 'CONTACT_TYPE_ID', '', '', 1, 'selection', 'SelectionField', 'parentId', '', '', '', '', '', 0, NULL, NULL, NULL, NULL, '', '', 'system', systimestamp, '20', 0, 'entity.custContact.contactTypeId', 'selection-codelist', 'CONTACT_TYPE', '', '', '', '');
INSERT INTO CNT_FIELD_DEFINITION
 (ID, REVISION, PARENT_ID, FIELD_ID, COLUMN_NAME, COLUMN_TYPE, REPORT_COLUMN_NAME, PRODUCT_FIELD, FIELD_TYPE, ENTITY_LOOKUP, ENTITY_LOOKUP_KEY, ORDER_BY, GENERATOR, REFER_TABLE, KEY_COLUMN, LOOKUP_COLUMN, MANDATORY, MIN_LENGTH, MAX_LENGTH, MIN_VALUE, MAX_VALUE, CONSTANT_VALUE, UNIQUE_KEY, CREATE_USER, CREATED_ON, LINE_NO, MANAGED, FIELD_PATH, DATA_TYPE, DATA1, DATA2, TRANSITIVE_FIELDS, FORMULA, ENTITY_LOOKUP_TYPE)
VALUES ('05b1c10bb38345178069864f0707e9bc', 0, 'f7f436cac8074d788fac178349bc267f', 'refNo', 'REF_NO', 'NVARCHAR2(1000)', '', 1, 'string-l', '', '', '', '', '', '', '', 0, NULL, 1000, NULL, NULL, '', '', 'system', systimestamp, '21', 0, 'entity.custContact.refNo', '', '', '', '', '', '');
INSERT INTO CNT_FIELD_DEFINITION
 (ID, REVISION, PARENT_ID, FIELD_ID, COLUMN_NAME, COLUMN_TYPE, REPORT_COLUMN_NAME, PRODUCT_FIELD, FIELD_TYPE, ENTITY_LOOKUP, ENTITY_LOOKUP_KEY, ORDER_BY, GENERATOR, REFER_TABLE, KEY_COLUMN, LOOKUP_COLUMN, MANDATORY, MIN_LENGTH, MAX_LENGTH, MIN_VALUE, MAX_VALUE, CONSTANT_VALUE, UNIQUE_KEY, CREATE_USER, CREATED_ON, LINE_NO, MANAGED, FIELD_PATH, DATA_TYPE, DATA1, DATA2, TRANSITIVE_FIELDS, FORMULA, ENTITY_LOOKUP_TYPE)
VALUES ('798e3f5353234c61a044c7acc73cabe5', 0, 'f7f436cac8074d788fac178349bc267f', 'custText1', 'CUST_TEXT1', 'NVARCHAR2(1000)', 'CUSTOM_FIELD_TEXT1', 0, 'string-l', '', '', '', '', '', '', '', 0, NULL, 1000, NULL, NULL, '', '', 'system', systimestamp, '22', 0, 'entity.custContact.custText1', '', '', '', '', '', '');
INSERT INTO CNT_FIELD_DEFINITION
 (ID, REVISION, PARENT_ID, FIELD_ID, COLUMN_NAME, COLUMN_TYPE, REPORT_COLUMN_NAME, PRODUCT_FIELD, FIELD_TYPE, ENTITY_LOOKUP, ENTITY_LOOKUP_KEY, ORDER_BY, GENERATOR, REFER_TABLE, KEY_COLUMN, LOOKUP_COLUMN, MANDATORY, MIN_LENGTH, MAX_LENGTH, MIN_VALUE, MAX_VALUE, CONSTANT_VALUE, UNIQUE_KEY, CREATE_USER, CREATED_ON, LINE_NO, MANAGED, FIELD_PATH, DATA_TYPE, DATA1, DATA2, TRANSITIVE_FIELDS, FORMULA, ENTITY_LOOKUP_TYPE)
VALUES ('ca7d232fa50040da92cefa0c72d17f9b', 0, 'f7f436cac8074d788fac178349bc267f', 'custText2', 'CUST_TEXT2', 'NVARCHAR2(1000)', 'CUSTOM_FIELD_TEXT2', 0, 'string-l', '', '', '', '', '', '', '', 0, NULL, 1000, NULL, NULL, '', '', 'system', systimestamp, '23', 0, 'entity.custContact.custText2', '', '', '', '', '', '');
INSERT INTO CNT_FIELD_DEFINITION
 (ID, REVISION, PARENT_ID, FIELD_ID, COLUMN_NAME, COLUMN_TYPE, REPORT_COLUMN_NAME, PRODUCT_FIELD, FIELD_TYPE, ENTITY_LOOKUP, ENTITY_LOOKUP_KEY, ORDER_BY, GENERATOR, REFER_TABLE, KEY_COLUMN, LOOKUP_COLUMN, MANDATORY, MIN_LENGTH, MAX_LENGTH, MIN_VALUE, MAX_VALUE, CONSTANT_VALUE, UNIQUE_KEY, CREATE_USER, CREATED_ON, LINE_NO, MANAGED, FIELD_PATH, DATA_TYPE, DATA1, DATA2, TRANSITIVE_FIELDS, FORMULA, ENTITY_LOOKUP_TYPE)
VALUES ('facd669e78d84c71bb239b21c680b2df', 0, 'f7f436cac8074d788fac178349bc267f', 'custText3', 'CUST_TEXT3', 'NVARCHAR2(1000)', 'CUSTOM_FIELD_TEXT3', 0, 'string-l', '', '', '', '', '', '', '', 0, NULL, 1000, NULL, NULL, '', '', 'system', systimestamp, '24', 0, 'entity.custContact.custText3', '', '', '', '', '', '');
INSERT INTO CNT_FIELD_DEFINITION
 (ID, REVISION, PARENT_ID, FIELD_ID, COLUMN_NAME, COLUMN_TYPE, REPORT_COLUMN_NAME, PRODUCT_FIELD, FIELD_TYPE, ENTITY_LOOKUP, ENTITY_LOOKUP_KEY, ORDER_BY, GENERATOR, REFER_TABLE, KEY_COLUMN, LOOKUP_COLUMN, MANDATORY, MIN_LENGTH, MAX_LENGTH, MIN_VALUE, MAX_VALUE, CONSTANT_VALUE, UNIQUE_KEY, CREATE_USER, CREATED_ON, LINE_NO, MANAGED, FIELD_PATH, DATA_TYPE, DATA1, DATA2, TRANSITIVE_FIELDS, FORMULA, ENTITY_LOOKUP_TYPE)
VALUES ('9eb3c0f89af54cb1acff9b6c7cdb51d2', 0, 'f7f436cac8074d788fac178349bc267f', 'custText4', 'CUST_TEXT4', 'NVARCHAR2(1000)', 'CUSTOM_FIELD_TEXT4', 0, 'string-l', '', '', '', '', '', '', '', 0, NULL, 1000, NULL, NULL, '', '', 'system', systimestamp, '25', 0, 'entity.custContact.custText4', '', '', '', '', '', '');
INSERT INTO CNT_FIELD_DEFINITION
 (ID, REVISION, PARENT_ID, FIELD_ID, COLUMN_NAME, COLUMN_TYPE, REPORT_COLUMN_NAME, PRODUCT_FIELD, FIELD_TYPE, ENTITY_LOOKUP, ENTITY_LOOKUP_KEY, ORDER_BY, GENERATOR, REFER_TABLE, KEY_COLUMN, LOOKUP_COLUMN, MANDATORY, MIN_LENGTH, MAX_LENGTH, MIN_VALUE, MAX_VALUE, CONSTANT_VALUE, UNIQUE_KEY, CREATE_USER, CREATED_ON, LINE_NO, MANAGED, FIELD_PATH, DATA_TYPE, DATA1, DATA2, TRANSITIVE_FIELDS, FORMULA, ENTITY_LOOKUP_TYPE)
VALUES ('1520c2c8f9344856beca269fdb30742f', 0, 'f7f436cac8074d788fac178349bc267f', 'custText5', 'CUST_TEXT5', 'NVARCHAR2(1000)', 'CUSTOM_FIELD_TEXT5', 0, 'string-l', '', '', '', '', '', '', '', 0, NULL, 1000, NULL, NULL, '', '', 'system', systimestamp, '26', 0, 'entity.custContact.custText5', '', '', '', '', '', '');
INSERT INTO CNT_FIELD_DEFINITION
 (ID, REVISION, PARENT_ID, FIELD_ID, COLUMN_NAME, COLUMN_TYPE, REPORT_COLUMN_NAME, PRODUCT_FIELD, FIELD_TYPE, ENTITY_LOOKUP, ENTITY_LOOKUP_KEY, ORDER_BY, GENERATOR, REFER_TABLE, KEY_COLUMN, LOOKUP_COLUMN, MANDATORY, MIN_LENGTH, MAX_LENGTH, MIN_VALUE, MAX_VALUE, CONSTANT_VALUE, UNIQUE_KEY, CREATE_USER, CREATED_ON, LINE_NO, MANAGED, FIELD_PATH, DATA_TYPE, DATA1, DATA2, TRANSITIVE_FIELDS, FORMULA, ENTITY_LOOKUP_TYPE)
VALUES ('71ac1a47f4a5488698b221e71f25d3ce', 0, 'f7f436cac8074d788fac178349bc267f', 'custText6', 'CUST_TEXT6', 'NVARCHAR2(1000)', 'CUSTOM_FIELD_TEXT6', 0, 'string-l', '', '', '', '', '', '', '', 0, NULL, 1000, NULL, NULL, '', '', 'system', systimestamp, '27', 0, 'entity.custContact.custText6', '', '', '', '', '', '');
INSERT INTO CNT_FIELD_DEFINITION
 (ID, REVISION, PARENT_ID, FIELD_ID, COLUMN_NAME, COLUMN_TYPE, REPORT_COLUMN_NAME, PRODUCT_FIELD, FIELD_TYPE, ENTITY_LOOKUP, ENTITY_LOOKUP_KEY, ORDER_BY, GENERATOR, REFER_TABLE, KEY_COLUMN, LOOKUP_COLUMN, MANDATORY, MIN_LENGTH, MAX_LENGTH, MIN_VALUE, MAX_VALUE, CONSTANT_VALUE, UNIQUE_KEY, CREATE_USER, CREATED_ON, LINE_NO, MANAGED, FIELD_PATH, DATA_TYPE, DATA1, DATA2, TRANSITIVE_FIELDS, FORMULA, ENTITY_LOOKUP_TYPE)
VALUES ('27c0e3e89a8c465485a19d06c8d5d5b0', 0, 'f7f436cac8074d788fac178349bc267f', 'custText7', 'CUST_TEXT7', 'NVARCHAR2(1000)', 'CUSTOM_FIELD_TEXT7', 0, 'string-l', '', '', '', '', '', '', '', 0, NULL, 1000, NULL, NULL, '', '', 'system', systimestamp, '28', 0, 'entity.custContact.custText7', '', '', '', '', '', '');
INSERT INTO CNT_FIELD_DEFINITION
 (ID, REVISION, PARENT_ID, FIELD_ID, COLUMN_NAME, COLUMN_TYPE, REPORT_COLUMN_NAME, PRODUCT_FIELD, FIELD_TYPE, ENTITY_LOOKUP, ENTITY_LOOKUP_KEY, ORDER_BY, GENERATOR, REFER_TABLE, KEY_COLUMN, LOOKUP_COLUMN, MANDATORY, MIN_LENGTH, MAX_LENGTH, MIN_VALUE, MAX_VALUE, CONSTANT_VALUE, UNIQUE_KEY, CREATE_USER, CREATED_ON, LINE_NO, MANAGED, FIELD_PATH, DATA_TYPE, DATA1, DATA2, TRANSITIVE_FIELDS, FORMULA, ENTITY_LOOKUP_TYPE)
VALUES ('a997a3bc34b74136af01e9f9649ad7a5', 0, 'f7f436cac8074d788fac178349bc267f', 'custDate1', 'CUST_DATE1', 'DATE', 'CUSTOM_FIELD_DATE1', 0, 'date', '', '', '', '', '', '', '', 0, NULL, NULL, NULL, NULL, '', '', 'system', systimestamp, '29', 0, 'entity.custContact.custDate1', '', '', '', '', '', '');
INSERT INTO CNT_FIELD_DEFINITION
 (ID, REVISION, PARENT_ID, FIELD_ID, COLUMN_NAME, COLUMN_TYPE, REPORT_COLUMN_NAME, PRODUCT_FIELD, FIELD_TYPE, ENTITY_LOOKUP, ENTITY_LOOKUP_KEY, ORDER_BY, GENERATOR, REFER_TABLE, KEY_COLUMN, LOOKUP_COLUMN, MANDATORY, MIN_LENGTH, MAX_LENGTH, MIN_VALUE, MAX_VALUE, CONSTANT_VALUE, UNIQUE_KEY, CREATE_USER, CREATED_ON, LINE_NO, MANAGED, FIELD_PATH, DATA_TYPE, DATA1, DATA2, TRANSITIVE_FIELDS, FORMULA, ENTITY_LOOKUP_TYPE)
VALUES ('9770e15faef14dddb0ce4e31d6d1694c', 0, 'f7f436cac8074d788fac178349bc267f', 'custDate2', 'CUST_DATE2', 'DATE', 'CUSTOM_FIELD_DATE2', 0, 'date', '', '', '', '', '', '', '', 0, NULL, NULL, NULL, NULL, '', '', 'system', systimestamp, '30', 0, 'entity.custContact.custDate2', '', '', '', '', '', '');
INSERT INTO CNT_FIELD_DEFINITION
 (ID, REVISION, PARENT_ID, FIELD_ID, COLUMN_NAME, COLUMN_TYPE, REPORT_COLUMN_NAME, PRODUCT_FIELD, FIELD_TYPE, ENTITY_LOOKUP, ENTITY_LOOKUP_KEY, ORDER_BY, GENERATOR, REFER_TABLE, KEY_COLUMN, LOOKUP_COLUMN, MANDATORY, MIN_LENGTH, MAX_LENGTH, MIN_VALUE, MAX_VALUE, CONSTANT_VALUE, UNIQUE_KEY, CREATE_USER, CREATED_ON, LINE_NO, MANAGED, FIELD_PATH, DATA_TYPE, DATA1, DATA2, TRANSITIVE_FIELDS, FORMULA, ENTITY_LOOKUP_TYPE)
VALUES ('e505b09a96bf4419aade4674dc8ac7bd', 0, 'f7f436cac8074d788fac178349bc267f', 'custDate3', 'CUST_DATE3', 'DATE', 'CUSTOM_FIELD_DATE3', 0, 'date', '', '', '', '', '', '', '', 0, NULL, NULL, NULL, NULL, '', '', 'system', systimestamp, '31', 0, 'entity.custContact.custDate3', '', '', '', '', '', '');
INSERT INTO CNT_FIELD_DEFINITION
 (ID, REVISION, PARENT_ID, FIELD_ID, COLUMN_NAME, COLUMN_TYPE, REPORT_COLUMN_NAME, PRODUCT_FIELD, FIELD_TYPE, ENTITY_LOOKUP, ENTITY_LOOKUP_KEY, ORDER_BY, GENERATOR, REFER_TABLE, KEY_COLUMN, LOOKUP_COLUMN, MANDATORY, MIN_LENGTH, MAX_LENGTH, MIN_VALUE, MAX_VALUE, CONSTANT_VALUE, UNIQUE_KEY, CREATE_USER, CREATED_ON, LINE_NO, MANAGED, FIELD_PATH, DATA_TYPE, DATA1, DATA2, TRANSITIVE_FIELDS, FORMULA, ENTITY_LOOKUP_TYPE)
VALUES ('b239d318230f474695438db2a7bf22b6', 0, 'f7f436cac8074d788fac178349bc267f', 'custDate4', 'CUST_DATE4', 'DATE', 'CUSTOM_FIELD_DATE4', 0, 'date', '', '', '', '', '', '', '', 0, NULL, NULL, NULL, NULL, '', '', 'system', systimestamp, '32', 0, 'entity.custContact.custDate4', '', '', '', '', '', '');
INSERT INTO CNT_FIELD_DEFINITION
 (ID, REVISION, PARENT_ID, FIELD_ID, COLUMN_NAME, COLUMN_TYPE, REPORT_COLUMN_NAME, PRODUCT_FIELD, FIELD_TYPE, ENTITY_LOOKUP, ENTITY_LOOKUP_KEY, ORDER_BY, GENERATOR, REFER_TABLE, KEY_COLUMN, LOOKUP_COLUMN, MANDATORY, MIN_LENGTH, MAX_LENGTH, MIN_VALUE, MAX_VALUE, CONSTANT_VALUE, UNIQUE_KEY, CREATE_USER, CREATED_ON, LINE_NO, MANAGED, FIELD_PATH, DATA_TYPE, DATA1, DATA2, TRANSITIVE_FIELDS, FORMULA, ENTITY_LOOKUP_TYPE)
VALUES ('34c628c63eb145a08a84a6efcf6fa3c5', 0, 'f7f436cac8074d788fac178349bc267f', 'custDate5', 'CUST_DATE5', 'DATE', 'CUSTOM_FIELD_DATE5', 0, 'date', '', '', '', '', '', '', '', 0, NULL, NULL, NULL, NULL, '', '', 'system', systimestamp, '33', 0, 'entity.custContact.custDate5', '', '', '', '', '', '');
INSERT INTO CNT_FIELD_DEFINITION
 (ID, REVISION, PARENT_ID, FIELD_ID, COLUMN_NAME, COLUMN_TYPE, REPORT_COLUMN_NAME, PRODUCT_FIELD, FIELD_TYPE, ENTITY_LOOKUP, ENTITY_LOOKUP_KEY, ORDER_BY, GENERATOR, REFER_TABLE, KEY_COLUMN, LOOKUP_COLUMN, MANDATORY, MIN_LENGTH, MAX_LENGTH, MIN_VALUE, MAX_VALUE, CONSTANT_VALUE, UNIQUE_KEY, CREATE_USER, CREATED_ON, LINE_NO, MANAGED, FIELD_PATH, DATA_TYPE, DATA1, DATA2, TRANSITIVE_FIELDS, FORMULA, ENTITY_LOOKUP_TYPE)
VALUES ('7649c796f070424da32dc195a12a85bd', 0, 'f7f436cac8074d788fac178349bc267f', 'custDate6', 'CUST_DATE6', 'DATE', 'CUSTOM_FIELD_DATE6', 0, 'date', '', '', '', '', '', '', '', 0, NULL, NULL, NULL, NULL, '', '', 'system', systimestamp, '34', 0, 'entity.custContact.custDate6', '', '', '', '', '', '');
INSERT INTO CNT_FIELD_DEFINITION
 (ID, REVISION, PARENT_ID, FIELD_ID, COLUMN_NAME, COLUMN_TYPE, REPORT_COLUMN_NAME, PRODUCT_FIELD, FIELD_TYPE, ENTITY_LOOKUP, ENTITY_LOOKUP_KEY, ORDER_BY, GENERATOR, REFER_TABLE, KEY_COLUMN, LOOKUP_COLUMN, MANDATORY, MIN_LENGTH, MAX_LENGTH, MIN_VALUE, MAX_VALUE, CONSTANT_VALUE, UNIQUE_KEY, CREATE_USER, CREATED_ON, LINE_NO, MANAGED, FIELD_PATH, DATA_TYPE, DATA1, DATA2, TRANSITIVE_FIELDS, FORMULA, ENTITY_LOOKUP_TYPE)
VALUES ('1d92e6153a7a49279322e2a11fa963ca', 0, 'f7f436cac8074d788fac178349bc267f', 'custDate7', 'CUST_DATE7', 'DATE', 'CUSTOM_FIELD_DATE7', 0, 'date', '', '', '', '', '', '', '', 0, NULL, NULL, NULL, NULL, '', '', 'system', systimestamp, '35', 0, 'entity.custContact.custDate7', '', '', '', '', '', '');
INSERT INTO CNT_FIELD_DEFINITION
 (ID, REVISION, PARENT_ID, FIELD_ID, COLUMN_NAME, COLUMN_TYPE, REPORT_COLUMN_NAME, PRODUCT_FIELD, FIELD_TYPE, ENTITY_LOOKUP, ENTITY_LOOKUP_KEY, ORDER_BY, GENERATOR, REFER_TABLE, KEY_COLUMN, LOOKUP_COLUMN, MANDATORY, MIN_LENGTH, MAX_LENGTH, MIN_VALUE, MAX_VALUE, CONSTANT_VALUE, UNIQUE_KEY, CREATE_USER, CREATED_ON, LINE_NO, MANAGED, FIELD_PATH, DATA_TYPE, DATA1, DATA2, TRANSITIVE_FIELDS, FORMULA, ENTITY_LOOKUP_TYPE)
VALUES ('dd8f78204b17431e968df383935ecd67', 0, 'f7f436cac8074d788fac178349bc267f', 'custNumber1', 'CUST_NUMBER1', 'NUMBER(20, 0)', 'CUSTOM_FIELD_NUMBER1', 0, 'integer', '', '', '', '', '', '', '', 0, NULL, 18, NULL, NULL, '', '', 'system', systimestamp, '36', 0, 'entity.custContact.custNumber1', '', '', '', '', '', '');
INSERT INTO CNT_FIELD_DEFINITION
 (ID, REVISION, PARENT_ID, FIELD_ID, COLUMN_NAME, COLUMN_TYPE, REPORT_COLUMN_NAME, PRODUCT_FIELD, FIELD_TYPE, ENTITY_LOOKUP, ENTITY_LOOKUP_KEY, ORDER_BY, GENERATOR, REFER_TABLE, KEY_COLUMN, LOOKUP_COLUMN, MANDATORY, MIN_LENGTH, MAX_LENGTH, MIN_VALUE, MAX_VALUE, CONSTANT_VALUE, UNIQUE_KEY, CREATE_USER, CREATED_ON, LINE_NO, MANAGED, FIELD_PATH, DATA_TYPE, DATA1, DATA2, TRANSITIVE_FIELDS, FORMULA, ENTITY_LOOKUP_TYPE)
VALUES ('9c5788a4f92a43c8959cd62d9ba1909a', 0, 'f7f436cac8074d788fac178349bc267f', 'custNumber2', 'CUST_NUMBER2', 'NUMBER(20, 0)', 'CUSTOM_FIELD_NUMBER2', 0, 'integer', '', '', '', '', '', '', '', 0, NULL, 18, NULL, NULL, '', '', 'system', systimestamp, '37', 0, 'entity.custContact.custNumber2', '', '', '', '', '', '');
INSERT INTO CNT_FIELD_DEFINITION
 (ID, REVISION, PARENT_ID, FIELD_ID, COLUMN_NAME, COLUMN_TYPE, REPORT_COLUMN_NAME, PRODUCT_FIELD, FIELD_TYPE, ENTITY_LOOKUP, ENTITY_LOOKUP_KEY, ORDER_BY, GENERATOR, REFER_TABLE, KEY_COLUMN, LOOKUP_COLUMN, MANDATORY, MIN_LENGTH, MAX_LENGTH, MIN_VALUE, MAX_VALUE, CONSTANT_VALUE, UNIQUE_KEY, CREATE_USER, CREATED_ON, LINE_NO, MANAGED, FIELD_PATH, DATA_TYPE, DATA1, DATA2, TRANSITIVE_FIELDS, FORMULA, ENTITY_LOOKUP_TYPE)
VALUES ('2aca38c5b2f647a2820ed17bb8852b03', 0, 'f7f436cac8074d788fac178349bc267f', 'custNumber3', 'CUST_NUMBER3', 'NUMBER(20, 0)', 'CUSTOM_FIELD_NUMBER3', 0, 'integer', '', '', '', '', '', '', '', 0, NULL, 18, NULL, NULL, '', '', 'system', systimestamp, '38', 0, 'entity.custContact.custNumber3', '', '', '', '', '', '');
INSERT INTO CNT_FIELD_DEFINITION
 (ID, REVISION, PARENT_ID, FIELD_ID, COLUMN_NAME, COLUMN_TYPE, REPORT_COLUMN_NAME, PRODUCT_FIELD, FIELD_TYPE, ENTITY_LOOKUP, ENTITY_LOOKUP_KEY, ORDER_BY, GENERATOR, REFER_TABLE, KEY_COLUMN, LOOKUP_COLUMN, MANDATORY, MIN_LENGTH, MAX_LENGTH, MIN_VALUE, MAX_VALUE, CONSTANT_VALUE, UNIQUE_KEY, CREATE_USER, CREATED_ON, LINE_NO, MANAGED, FIELD_PATH, DATA_TYPE, DATA1, DATA2, TRANSITIVE_FIELDS, FORMULA, ENTITY_LOOKUP_TYPE)
VALUES ('f6e6a1d0241e47648ef6d1ca591c28e1', 0, 'f7f436cac8074d788fac178349bc267f', 'custNumber4', 'CUST_NUMBER4', 'NUMBER(20, 0)', 'CUSTOM_FIELD_NUMBER4', 0, 'integer', '', '', '', '', '', '', '', 0, NULL, 18, NULL, NULL, '', '', 'system', systimestamp, '39', 0, 'entity.custContact.custNumber4', '', '', '', '', '', '');
INSERT INTO CNT_FIELD_DEFINITION
 (ID, REVISION, PARENT_ID, FIELD_ID, COLUMN_NAME, COLUMN_TYPE, REPORT_COLUMN_NAME, PRODUCT_FIELD, FIELD_TYPE, ENTITY_LOOKUP, ENTITY_LOOKUP_KEY, ORDER_BY, GENERATOR, REFER_TABLE, KEY_COLUMN, LOOKUP_COLUMN, MANDATORY, MIN_LENGTH, MAX_LENGTH, MIN_VALUE, MAX_VALUE, CONSTANT_VALUE, UNIQUE_KEY, CREATE_USER, CREATED_ON, LINE_NO, MANAGED, FIELD_PATH, DATA_TYPE, DATA1, DATA2, TRANSITIVE_FIELDS, FORMULA, ENTITY_LOOKUP_TYPE)
VALUES ('8c3cb446b5054ae8a93d925cf66e7942', 0, 'f7f436cac8074d788fac178349bc267f', 'custNumber5', 'CUST_NUMBER5', 'NUMBER(20, 0)', 'CUSTOM_FIELD_NUMBER5', 0, 'integer', '', '', '', '', '', '', '', 0, NULL, 18, NULL, NULL, '', '', 'system', systimestamp, '40', 0, 'entity.custContact.custNumber5', '', '', '', '', '', '');
INSERT INTO CNT_FIELD_DEFINITION
 (ID, REVISION, PARENT_ID, FIELD_ID, COLUMN_NAME, COLUMN_TYPE, REPORT_COLUMN_NAME, PRODUCT_FIELD, FIELD_TYPE, ENTITY_LOOKUP, ENTITY_LOOKUP_KEY, ORDER_BY, GENERATOR, REFER_TABLE, KEY_COLUMN, LOOKUP_COLUMN, MANDATORY, MIN_LENGTH, MAX_LENGTH, MIN_VALUE, MAX_VALUE, CONSTANT_VALUE, UNIQUE_KEY, CREATE_USER, CREATED_ON, LINE_NO, MANAGED, FIELD_PATH, DATA_TYPE, DATA1, DATA2, TRANSITIVE_FIELDS, FORMULA, ENTITY_LOOKUP_TYPE)
VALUES ('17f0ed85e53846d18e129d77643128d9', 0, 'f7f436cac8074d788fac178349bc267f', 'custNumber6', 'CUST_NUMBER6', 'NUMBER(20, 0)', 'CUSTOM_FIELD_NUMBER6', 0, 'integer', '', '', '', '', '', '', '', 0, NULL, 18, NULL, NULL, '', '', 'system', systimestamp, '41', 0, 'entity.custContact.custNumber6', '', '', '', '', '', '');
INSERT INTO CNT_FIELD_DEFINITION
 (ID, REVISION, PARENT_ID, FIELD_ID, COLUMN_NAME, COLUMN_TYPE, REPORT_COLUMN_NAME, PRODUCT_FIELD, FIELD_TYPE, ENTITY_LOOKUP, ENTITY_LOOKUP_KEY, ORDER_BY, GENERATOR, REFER_TABLE, KEY_COLUMN, LOOKUP_COLUMN, MANDATORY, MIN_LENGTH, MAX_LENGTH, MIN_VALUE, MAX_VALUE, CONSTANT_VALUE, UNIQUE_KEY, CREATE_USER, CREATED_ON, LINE_NO, MANAGED, FIELD_PATH, DATA_TYPE, DATA1, DATA2, TRANSITIVE_FIELDS, FORMULA, ENTITY_LOOKUP_TYPE)
VALUES ('4d4cc514361d40bc85b58423966b6c73', 0, 'f7f436cac8074d788fac178349bc267f', 'custNumber7', 'CUST_NUMBER7', 'NUMBER(20, 0)', 'CUSTOM_FIELD_NUMBER7', 0, 'integer', '', '', '', '', '', '', '', 0, NULL, 18, NULL, NULL, '', '', 'system', systimestamp, '42', 0, 'entity.custContact.custNumber7', '', '', '', '', '', '');
INSERT INTO CNT_FIELD_DEFINITION
 (ID, REVISION, PARENT_ID, FIELD_ID, COLUMN_NAME, COLUMN_TYPE, REPORT_COLUMN_NAME, PRODUCT_FIELD, FIELD_TYPE, ENTITY_LOOKUP, ENTITY_LOOKUP_KEY, ORDER_BY, GENERATOR, REFER_TABLE, KEY_COLUMN, LOOKUP_COLUMN, MANDATORY, MIN_LENGTH, MAX_LENGTH, MIN_VALUE, MAX_VALUE, CONSTANT_VALUE, UNIQUE_KEY, CREATE_USER, CREATED_ON, LINE_NO, MANAGED, FIELD_PATH, DATA_TYPE, DATA1, DATA2, TRANSITIVE_FIELDS, FORMULA, ENTITY_LOOKUP_TYPE)
VALUES ('4e557cebc0f245fcaf036723d8a689d7', 0, 'f7f436cac8074d788fac178349bc267f', 'custDecimal1', 'CUST_DECIMAL1', 'NUMBER(25, 5)', 'CUSTOM_FIELD_DECIMAL1', 0, 'decimal-rate', '', '', '', '', '', '', '', 0, NULL, 20, NULL, NULL, '', '', 'system', systimestamp, '43', 0, 'entity.custContact.custDecimal1', '', '', '', '', '', '');
INSERT INTO CNT_FIELD_DEFINITION
 (ID, REVISION, PARENT_ID, FIELD_ID, COLUMN_NAME, COLUMN_TYPE, REPORT_COLUMN_NAME, PRODUCT_FIELD, FIELD_TYPE, ENTITY_LOOKUP, ENTITY_LOOKUP_KEY, ORDER_BY, GENERATOR, REFER_TABLE, KEY_COLUMN, LOOKUP_COLUMN, MANDATORY, MIN_LENGTH, MAX_LENGTH, MIN_VALUE, MAX_VALUE, CONSTANT_VALUE, UNIQUE_KEY, CREATE_USER, CREATED_ON, LINE_NO, MANAGED, FIELD_PATH, DATA_TYPE, DATA1, DATA2, TRANSITIVE_FIELDS, FORMULA, ENTITY_LOOKUP_TYPE)
VALUES ('0e6c2f0ba1cb463f9be6b596f26770bf', 0, 'f7f436cac8074d788fac178349bc267f', 'custDecimal2', 'CUST_DECIMAL2', 'NUMBER(25, 5)', 'CUSTOM_FIELD_DECIMAL2', 0, 'decimal-rate', '', '', '', '', '', '', '', 0, NULL, 20, NULL, NULL, '', '', 'system', systimestamp, '44', 0, 'entity.custContact.custDecimal2', '', '', '', '', '', '');
INSERT INTO CNT_FIELD_DEFINITION
 (ID, REVISION, PARENT_ID, FIELD_ID, COLUMN_NAME, COLUMN_TYPE, REPORT_COLUMN_NAME, PRODUCT_FIELD, FIELD_TYPE, ENTITY_LOOKUP, ENTITY_LOOKUP_KEY, ORDER_BY, GENERATOR, REFER_TABLE, KEY_COLUMN, LOOKUP_COLUMN, MANDATORY, MIN_LENGTH, MAX_LENGTH, MIN_VALUE, MAX_VALUE, CONSTANT_VALUE, UNIQUE_KEY, CREATE_USER, CREATED_ON, LINE_NO, MANAGED, FIELD_PATH, DATA_TYPE, DATA1, DATA2, TRANSITIVE_FIELDS, FORMULA, ENTITY_LOOKUP_TYPE)
VALUES ('ff966e87df5f40cdbc24e22812d16273', 0, 'f7f436cac8074d788fac178349bc267f', 'custDecimal3', 'CUST_DECIMAL3', 'NUMBER(25, 5)', 'CUSTOM_FIELD_DECIMAL3', 0, 'decimal-rate', '', '', '', '', '', '', '', 0, NULL, 20, NULL, NULL, '', '', 'system', systimestamp, '45', 0, 'entity.custContact.custDecimal3', '', '', '', '', '', '');
INSERT INTO CNT_FIELD_DEFINITION
 (ID, REVISION, PARENT_ID, FIELD_ID, COLUMN_NAME, COLUMN_TYPE, REPORT_COLUMN_NAME, PRODUCT_FIELD, FIELD_TYPE, ENTITY_LOOKUP, ENTITY_LOOKUP_KEY, ORDER_BY, GENERATOR, REFER_TABLE, KEY_COLUMN, LOOKUP_COLUMN, MANDATORY, MIN_LENGTH, MAX_LENGTH, MIN_VALUE, MAX_VALUE, CONSTANT_VALUE, UNIQUE_KEY, CREATE_USER, CREATED_ON, LINE_NO, MANAGED, FIELD_PATH, DATA_TYPE, DATA1, DATA2, TRANSITIVE_FIELDS, FORMULA, ENTITY_LOOKUP_TYPE)
VALUES ('202f8409d19b4681b7d9c7a2a33e738a', 0, 'f7f436cac8074d788fac178349bc267f', 'custDecimal4', 'CUST_DECIMAL4', 'NUMBER(25, 5)', 'CUSTOM_FIELD_DECIMAL4', 0, 'decimal-rate', '', '', '', '', '', '', '', 0, NULL, 20, NULL, NULL, '', '', 'system', systimestamp, '46', 0, 'entity.custContact.custDecimal4', '', '', '', '', '', '');
INSERT INTO CNT_FIELD_DEFINITION
 (ID, REVISION, PARENT_ID, FIELD_ID, COLUMN_NAME, COLUMN_TYPE, REPORT_COLUMN_NAME, PRODUCT_FIELD, FIELD_TYPE, ENTITY_LOOKUP, ENTITY_LOOKUP_KEY, ORDER_BY, GENERATOR, REFER_TABLE, KEY_COLUMN, LOOKUP_COLUMN, MANDATORY, MIN_LENGTH, MAX_LENGTH, MIN_VALUE, MAX_VALUE, CONSTANT_VALUE, UNIQUE_KEY, CREATE_USER, CREATED_ON, LINE_NO, MANAGED, FIELD_PATH, DATA_TYPE, DATA1, DATA2, TRANSITIVE_FIELDS, FORMULA, ENTITY_LOOKUP_TYPE)
VALUES ('175d038e14034fd19df80841f9358206', 0, 'f7f436cac8074d788fac178349bc267f', 'custDecimal5', 'CUST_DECIMAL5', 'NUMBER(25, 5)', 'CUSTOM_FIELD_DECIMAL5', 0, 'decimal-rate', '', '', '', '', '', '', '', 0, NULL, 20, NULL, NULL, '', '', 'system', systimestamp, '47', 0, 'entity.custContact.custDecimal5', '', '', '', '', '', '');
INSERT INTO CNT_FIELD_DEFINITION
 (ID, REVISION, PARENT_ID, FIELD_ID, COLUMN_NAME, COLUMN_TYPE, REPORT_COLUMN_NAME, PRODUCT_FIELD, FIELD_TYPE, ENTITY_LOOKUP, ENTITY_LOOKUP_KEY, ORDER_BY, GENERATOR, REFER_TABLE, KEY_COLUMN, LOOKUP_COLUMN, MANDATORY, MIN_LENGTH, MAX_LENGTH, MIN_VALUE, MAX_VALUE, CONSTANT_VALUE, UNIQUE_KEY, CREATE_USER, CREATED_ON, LINE_NO, MANAGED, FIELD_PATH, DATA_TYPE, DATA1, DATA2, TRANSITIVE_FIELDS, FORMULA, ENTITY_LOOKUP_TYPE)
VALUES ('60c2f14e05944da39846716bf1dc2a80', 0, 'f7f436cac8074d788fac178349bc267f', 'custDecimal6', 'CUST_DECIMAL6', 'NUMBER(25, 5)', 'CUSTOM_FIELD_DECIMAL6', 0, 'decimal-rate', '', '', '', '', '', '', '', 0, NULL, 20, NULL, NULL, '', '', 'system', systimestamp, '48', 0, 'entity.custContact.custDecimal6', '', '', '', '', '', '');
INSERT INTO CNT_FIELD_DEFINITION
 (ID, REVISION, PARENT_ID, FIELD_ID, COLUMN_NAME, COLUMN_TYPE, REPORT_COLUMN_NAME, PRODUCT_FIELD, FIELD_TYPE, ENTITY_LOOKUP, ENTITY_LOOKUP_KEY, ORDER_BY, GENERATOR, REFER_TABLE, KEY_COLUMN, LOOKUP_COLUMN, MANDATORY, MIN_LENGTH, MAX_LENGTH, MIN_VALUE, MAX_VALUE, CONSTANT_VALUE, UNIQUE_KEY, CREATE_USER, CREATED_ON, LINE_NO, MANAGED, FIELD_PATH, DATA_TYPE, DATA1, DATA2, TRANSITIVE_FIELDS, FORMULA, ENTITY_LOOKUP_TYPE)
VALUES ('018ed48b2e43491985c44ed7c163a65b', 0, 'f7f436cac8074d788fac178349bc267f', 'custDecimal7', 'CUST_DECIMAL7', 'NUMBER(25, 5)', 'CUSTOM_FIELD_DECIMAL7', 0, 'decimal-rate', '', '', '', '', '', '', '', 0, NULL, 20, NULL, NULL, '', '', 'system', systimestamp, '49', 0, 'entity.custContact.custDecimal7', '', '', '', '', '', '');
INSERT INTO CNT_FIELD_DEFINITION
 (ID, REVISION, PARENT_ID, FIELD_ID, COLUMN_NAME, COLUMN_TYPE, REPORT_COLUMN_NAME, PRODUCT_FIELD, FIELD_TYPE, ENTITY_LOOKUP, ENTITY_LOOKUP_KEY, ORDER_BY, GENERATOR, REFER_TABLE, KEY_COLUMN, LOOKUP_COLUMN, MANDATORY, MIN_LENGTH, MAX_LENGTH, MIN_VALUE, MAX_VALUE, CONSTANT_VALUE, UNIQUE_KEY, CREATE_USER, CREATED_ON, LINE_NO, MANAGED, FIELD_PATH, DATA_TYPE, DATA1, DATA2, TRANSITIVE_FIELDS, FORMULA, ENTITY_LOOKUP_TYPE)
VALUES ('3b2595d7888441f29e1f3d142e3d12e6', 0, 'f7f436cac8074d788fac178349bc267f', 'custCodelist1', 'CUST_CODELIST1', 'NVARCHAR2(400)', 'CUSTOM_FIELD_CODE_LIST_CODE1', 0, 'string-m', '', '', '', '', '', '', '', 0, NULL, 400, NULL, NULL, '', '', 'system', systimestamp, '50', 0, 'entity.custContact.custCodelist1', 'codelist', '', '', '', '', '');
INSERT INTO CNT_FIELD_DEFINITION
 (ID, REVISION, PARENT_ID, FIELD_ID, COLUMN_NAME, COLUMN_TYPE, REPORT_COLUMN_NAME, PRODUCT_FIELD, FIELD_TYPE, ENTITY_LOOKUP, ENTITY_LOOKUP_KEY, ORDER_BY, GENERATOR, REFER_TABLE, KEY_COLUMN, LOOKUP_COLUMN, MANDATORY, MIN_LENGTH, MAX_LENGTH, MIN_VALUE, MAX_VALUE, CONSTANT_VALUE, UNIQUE_KEY, CREATE_USER, CREATED_ON, LINE_NO, MANAGED, FIELD_PATH, DATA_TYPE, DATA1, DATA2, TRANSITIVE_FIELDS, FORMULA, ENTITY_LOOKUP_TYPE)
VALUES ('6485e430867b45c8a62303a63cefcb8e', 0, 'f7f436cac8074d788fac178349bc267f', 'custCodelist2', 'CUST_CODELIST2', 'NVARCHAR2(400)', 'CUSTOM_FIELD_CODE_LIST_CODE2', 0, 'string-m', '', '', '', '', '', '', '', 0, NULL, 400, NULL, NULL, '', '', 'system', systimestamp, '51', 0, 'entity.custContact.custCodelist2', 'codelist', '', '', '', '', '');
INSERT INTO CNT_FIELD_DEFINITION
 (ID, REVISION, PARENT_ID, FIELD_ID, COLUMN_NAME, COLUMN_TYPE, REPORT_COLUMN_NAME, PRODUCT_FIELD, FIELD_TYPE, ENTITY_LOOKUP, ENTITY_LOOKUP_KEY, ORDER_BY, GENERATOR, REFER_TABLE, KEY_COLUMN, LOOKUP_COLUMN, MANDATORY, MIN_LENGTH, MAX_LENGTH, MIN_VALUE, MAX_VALUE, CONSTANT_VALUE, UNIQUE_KEY, CREATE_USER, CREATED_ON, LINE_NO, MANAGED, FIELD_PATH, DATA_TYPE, DATA1, DATA2, TRANSITIVE_FIELDS, FORMULA, ENTITY_LOOKUP_TYPE)
VALUES ('1bee0a1392994e3e9e44734248c2d100', 0, 'f7f436cac8074d788fac178349bc267f', 'custCodelist3', 'CUST_CODELIST3', 'NVARCHAR2(400)', 'CUSTOM_FIELD_CODE_LIST_CODE3', 0, 'string-m', '', '', '', '', '', '', '', 0, NULL, 400, NULL, NULL, '', '', 'system', systimestamp, '52', 0, 'entity.custContact.custCodelist3', 'codelist', '', '', '', '', '');
INSERT INTO CNT_FIELD_DEFINITION
 (ID, REVISION, PARENT_ID, FIELD_ID, COLUMN_NAME, COLUMN_TYPE, REPORT_COLUMN_NAME, PRODUCT_FIELD, FIELD_TYPE, ENTITY_LOOKUP, ENTITY_LOOKUP_KEY, ORDER_BY, GENERATOR, REFER_TABLE, KEY_COLUMN, LOOKUP_COLUMN, MANDATORY, MIN_LENGTH, MAX_LENGTH, MIN_VALUE, MAX_VALUE, CONSTANT_VALUE, UNIQUE_KEY, CREATE_USER, CREATED_ON, LINE_NO, MANAGED, FIELD_PATH, DATA_TYPE, DATA1, DATA2, TRANSITIVE_FIELDS, FORMULA, ENTITY_LOOKUP_TYPE)
VALUES ('cbc033fc15c742df80d1fd33252ac8dc', 0, 'f7f436cac8074d788fac178349bc267f', 'custCodelist4', 'CUST_CODELIST4', 'NVARCHAR2(400)', 'CUSTOM_FIELD_CODE_LIST_CODE4', 0, 'string-m', '', '', '', '', '', '', '', 0, NULL, 400, NULL, NULL, '', '', 'system', systimestamp, '53', 0, 'entity.custContact.custCodelist4', 'codelist', '', '', '', '', '');
INSERT INTO CNT_FIELD_DEFINITION
 (ID, REVISION, PARENT_ID, FIELD_ID, COLUMN_NAME, COLUMN_TYPE, REPORT_COLUMN_NAME, PRODUCT_FIELD, FIELD_TYPE, ENTITY_LOOKUP, ENTITY_LOOKUP_KEY, ORDER_BY, GENERATOR, REFER_TABLE, KEY_COLUMN, LOOKUP_COLUMN, MANDATORY, MIN_LENGTH, MAX_LENGTH, MIN_VALUE, MAX_VALUE, CONSTANT_VALUE, UNIQUE_KEY, CREATE_USER, CREATED_ON, LINE_NO, MANAGED, FIELD_PATH, DATA_TYPE, DATA1, DATA2, TRANSITIVE_FIELDS, FORMULA, ENTITY_LOOKUP_TYPE)
VALUES ('f3a473c6830e4f0392c49a2ef2861364', 0, 'f7f436cac8074d788fac178349bc267f', 'custCodelist5', 'CUST_CODELIST5', 'NVARCHAR2(400)', 'CUSTOM_FIELD_CODE_LIST_CODE5', 0, 'string-m', '', '', '', '', '', '', '', 0, NULL, 400, NULL, NULL, '', '', 'system', systimestamp, '54', 0, 'entity.custContact.custCodelist5', 'codelist', '', '', '', '', '');
INSERT INTO CNT_FIELD_DEFINITION
 (ID, REVISION, PARENT_ID, FIELD_ID, COLUMN_NAME, COLUMN_TYPE, REPORT_COLUMN_NAME, PRODUCT_FIELD, FIELD_TYPE, ENTITY_LOOKUP, ENTITY_LOOKUP_KEY, ORDER_BY, GENERATOR, REFER_TABLE, KEY_COLUMN, LOOKUP_COLUMN, MANDATORY, MIN_LENGTH, MAX_LENGTH, MIN_VALUE, MAX_VALUE, CONSTANT_VALUE, UNIQUE_KEY, CREATE_USER, CREATED_ON, LINE_NO, MANAGED, FIELD_PATH, DATA_TYPE, DATA1, DATA2, TRANSITIVE_FIELDS, FORMULA, ENTITY_LOOKUP_TYPE)
VALUES ('f0f8a894f96849f9a29adcf3be3330a0', 0, 'f7f436cac8074d788fac178349bc267f', 'custCodelist6', 'CUST_CODELIST6', 'NVARCHAR2(400)', 'CUSTOM_FIELD_CODE_LIST_CODE6', 0, 'string-m', '', '', '', '', '', '', '', 0, NULL, 400, NULL, NULL, '', '', 'system', systimestamp, '55', 0, 'entity.custContact.custCodelist6', 'codelist', '', '', '', '', '');
INSERT INTO CNT_FIELD_DEFINITION
 (ID, REVISION, PARENT_ID, FIELD_ID, COLUMN_NAME, COLUMN_TYPE, REPORT_COLUMN_NAME, PRODUCT_FIELD, FIELD_TYPE, ENTITY_LOOKUP, ENTITY_LOOKUP_KEY, ORDER_BY, GENERATOR, REFER_TABLE, KEY_COLUMN, LOOKUP_COLUMN, MANDATORY, MIN_LENGTH, MAX_LENGTH, MIN_VALUE, MAX_VALUE, CONSTANT_VALUE, UNIQUE_KEY, CREATE_USER, CREATED_ON, LINE_NO, MANAGED, FIELD_PATH, DATA_TYPE, DATA1, DATA2, TRANSITIVE_FIELDS, FORMULA, ENTITY_LOOKUP_TYPE)
VALUES ('6ede9d47b8044d1c8baaedba0d5b836e', 0, 'f7f436cac8074d788fac178349bc267f', 'custCodelist7', 'CUST_CODELIST7', 'NVARCHAR2(400)', 'CUSTOM_FIELD_CODE_LIST_CODE7', 0, 'string-m', '', '', '', '', '', '', '', 0, NULL, 400, NULL, NULL, '', '', 'system', systimestamp, '56', 0, 'entity.custContact.custCodelist7', 'codelist', '', '', '', '', '');
INSERT INTO CNT_FIELD_DEFINITION
 (ID, REVISION, PARENT_ID, FIELD_ID, COLUMN_NAME, COLUMN_TYPE, REPORT_COLUMN_NAME, PRODUCT_FIELD, FIELD_TYPE, ENTITY_LOOKUP, ENTITY_LOOKUP_KEY, ORDER_BY, GENERATOR, REFER_TABLE, KEY_COLUMN, LOOKUP_COLUMN, MANDATORY, MIN_LENGTH, MAX_LENGTH, MIN_VALUE, MAX_VALUE, CONSTANT_VALUE, UNIQUE_KEY, CREATE_USER, CREATED_ON, LINE_NO, MANAGED, FIELD_PATH, DATA_TYPE, DATA1, DATA2, TRANSITIVE_FIELDS, FORMULA, ENTITY_LOOKUP_TYPE)
VALUES ('179c542034824a75a8e520f8920810a6', 0, 'f7f436cac8074d788fac178349bc267f', 'custMemoText1', 'CUST_MEMO_TEXT1', 'NVARCHAR2(1000)', 'CUSTOM_FIELD_MEMO_TEXT1', 0, 'string-l', '', '', '', '', '', '', '', 0, NULL, 1000, NULL, NULL, '', '', 'system', systimestamp, '57', 0, 'entity.custContact.custMemoText1', '', '', '', '', '', '');
INSERT INTO CNT_FIELD_DEFINITION
 (ID, REVISION, PARENT_ID, FIELD_ID, COLUMN_NAME, COLUMN_TYPE, REPORT_COLUMN_NAME, PRODUCT_FIELD, FIELD_TYPE, ENTITY_LOOKUP, ENTITY_LOOKUP_KEY, ORDER_BY, GENERATOR, REFER_TABLE, KEY_COLUMN, LOOKUP_COLUMN, MANDATORY, MIN_LENGTH, MAX_LENGTH, MIN_VALUE, MAX_VALUE, CONSTANT_VALUE, UNIQUE_KEY, CREATE_USER, CREATED_ON, LINE_NO, MANAGED, FIELD_PATH, DATA_TYPE, DATA1, DATA2, TRANSITIVE_FIELDS, FORMULA, ENTITY_LOOKUP_TYPE)
VALUES ('476c21ead357450b819c3f118e830264', 0, 'f7f436cac8074d788fac178349bc267f', 'custMemoText2', 'CUST_MEMO_TEXT2', 'NVARCHAR2(1000)', 'CUSTOM_FIELD_MEMO_TEXT2', 0, 'string-l', '', '', '', '', '', '', '', 0, NULL, 1000, NULL, NULL, '', '', 'system', systimestamp, '58', 0, 'entity.custContact.custMemoText2', '', '', '', '', '', '');
INSERT INTO CNT_FIELD_DEFINITION
 (ID, REVISION, PARENT_ID, FIELD_ID, COLUMN_NAME, COLUMN_TYPE, REPORT_COLUMN_NAME, PRODUCT_FIELD, FIELD_TYPE, ENTITY_LOOKUP, ENTITY_LOOKUP_KEY, ORDER_BY, GENERATOR, REFER_TABLE, KEY_COLUMN, LOOKUP_COLUMN, MANDATORY, MIN_LENGTH, MAX_LENGTH, MIN_VALUE, MAX_VALUE, CONSTANT_VALUE, UNIQUE_KEY, CREATE_USER, CREATED_ON, LINE_NO, MANAGED, FIELD_PATH, DATA_TYPE, DATA1, DATA2, TRANSITIVE_FIELDS, FORMULA, ENTITY_LOOKUP_TYPE)
VALUES ('d19d8b93af6f457db1fbbb325e104535', 0, 'f7f436cac8074d788fac178349bc267f', 'custMemoText3', 'CUST_MEMO_TEXT3', 'NVARCHAR2(1000)', 'CUSTOM_FIELD_MEMO_TEXT3', 0, 'string-l', '', '', '', '', '', '', '', 0, NULL, 1000, NULL, NULL, '', '', 'system', systimestamp, '59', 0, 'entity.custContact.custMemoText3', '', '', '', '', '', '');
INSERT INTO CNT_FIELD_DEFINITION
 (ID, REVISION, PARENT_ID, FIELD_ID, COLUMN_NAME, COLUMN_TYPE, REPORT_COLUMN_NAME, PRODUCT_FIELD, FIELD_TYPE, ENTITY_LOOKUP, ENTITY_LOOKUP_KEY, ORDER_BY, GENERATOR, REFER_TABLE, KEY_COLUMN, LOOKUP_COLUMN, MANDATORY, MIN_LENGTH, MAX_LENGTH, MIN_VALUE, MAX_VALUE, CONSTANT_VALUE, UNIQUE_KEY, CREATE_USER, CREATED_ON, LINE_NO, MANAGED, FIELD_PATH, DATA_TYPE, DATA1, DATA2, TRANSITIVE_FIELDS, FORMULA, ENTITY_LOOKUP_TYPE)
VALUES ('c5f33a24fd2940f29570c36afc6ce825', 0, 'f7f436cac8074d788fac178349bc267f', 'custMemoText4', 'CUST_MEMO_TEXT4', 'NVARCHAR2(1000)', 'CUSTOM_FIELD_MEMO_TEXT4', 0, 'string-l', '', '', '', '', '', '', '', 0, NULL, 1000, NULL, NULL, '', '', 'system', systimestamp, '60', 0, 'entity.custContact.custMemoText4', '', '', '', '', '', '');
INSERT INTO CNT_FIELD_DEFINITION
 (ID, REVISION, PARENT_ID, FIELD_ID, COLUMN_NAME, COLUMN_TYPE, REPORT_COLUMN_NAME, PRODUCT_FIELD, FIELD_TYPE, ENTITY_LOOKUP, ENTITY_LOOKUP_KEY, ORDER_BY, GENERATOR, REFER_TABLE, KEY_COLUMN, LOOKUP_COLUMN, MANDATORY, MIN_LENGTH, MAX_LENGTH, MIN_VALUE, MAX_VALUE, CONSTANT_VALUE, UNIQUE_KEY, CREATE_USER, CREATED_ON, LINE_NO, MANAGED, FIELD_PATH, DATA_TYPE, DATA1, DATA2, TRANSITIVE_FIELDS, FORMULA, ENTITY_LOOKUP_TYPE)
VALUES ('3027ceb9b2364a4fb517e965bbd7fd5b', 0, 'f7f436cac8074d788fac178349bc267f', 'custMemoText5', 'CUST_MEMO_TEXT5', 'NVARCHAR2(1000)', 'CUSTOM_FIELD_MEMO_TEXT5', 0, 'string-l', '', '', '', '', '', '', '', 0, NULL, 1000, NULL, NULL, '', '', 'system', systimestamp, '61', 0, 'entity.custContact.custMemoText5', '', '', '', '', '', '');
INSERT INTO CNT_FIELD_DEFINITION
 (ID, REVISION, PARENT_ID, FIELD_ID, COLUMN_NAME, COLUMN_TYPE, REPORT_COLUMN_NAME, PRODUCT_FIELD, FIELD_TYPE, ENTITY_LOOKUP, ENTITY_LOOKUP_KEY, ORDER_BY, GENERATOR, REFER_TABLE, KEY_COLUMN, LOOKUP_COLUMN, MANDATORY, MIN_LENGTH, MAX_LENGTH, MIN_VALUE, MAX_VALUE, CONSTANT_VALUE, UNIQUE_KEY, CREATE_USER, CREATED_ON, LINE_NO, MANAGED, FIELD_PATH, DATA_TYPE, DATA1, DATA2, TRANSITIVE_FIELDS, FORMULA, ENTITY_LOOKUP_TYPE)
VALUES ('3c0baf9b308f442ca451f8cd7aa0ae7b', 0, 'f7f436cac8074d788fac178349bc267f', 'custMemoText6', 'CUST_MEMO_TEXT6', 'NVARCHAR2(1000)', 'CUSTOM_FIELD_MEMO_TEXT6', 0, 'string-l', '', '', '', '', '', '', '', 0, NULL, 1000, NULL, NULL, '', '', 'system', systimestamp, '62', 0, 'entity.custContact.custMemoText6', '', '', '', '', '', '');
INSERT INTO CNT_FIELD_DEFINITION
 (ID, REVISION, PARENT_ID, FIELD_ID, COLUMN_NAME, COLUMN_TYPE, REPORT_COLUMN_NAME, PRODUCT_FIELD, FIELD_TYPE, ENTITY_LOOKUP, ENTITY_LOOKUP_KEY, ORDER_BY, GENERATOR, REFER_TABLE, KEY_COLUMN, LOOKUP_COLUMN, MANDATORY, MIN_LENGTH, MAX_LENGTH, MIN_VALUE, MAX_VALUE, CONSTANT_VALUE, UNIQUE_KEY, CREATE_USER, CREATED_ON, LINE_NO, MANAGED, FIELD_PATH, DATA_TYPE, DATA1, DATA2, TRANSITIVE_FIELDS, FORMULA, ENTITY_LOOKUP_TYPE)
VALUES ('761548afb2fb4378a45ca1b1239e80b4', 0, 'f7f436cac8074d788fac178349bc267f', 'custMemoText7', 'CUST_MEMO_TEXT7', 'NVARCHAR2(1000)', 'CUSTOM_FIELD_MEMO_TEXT7', 0, 'string-l', '', '', '', '', '', '', '', 0, NULL, 1000, NULL, NULL, '', '', 'system', systimestamp, '63', 0, 'entity.custContact.custMemoText7', '', '', '', '', '', '');
INSERT INTO CNT_FIELD_DEFINITION
 (ID, REVISION, PARENT_ID, FIELD_ID, COLUMN_NAME, COLUMN_TYPE, REPORT_COLUMN_NAME, PRODUCT_FIELD, FIELD_TYPE, ENTITY_LOOKUP, ENTITY_LOOKUP_KEY, ORDER_BY, GENERATOR, REFER_TABLE, KEY_COLUMN, LOOKUP_COLUMN, MANDATORY, MIN_LENGTH, MAX_LENGTH, MIN_VALUE, MAX_VALUE, CONSTANT_VALUE, UNIQUE_KEY, CREATE_USER, CREATED_ON, LINE_NO, MANAGED, FIELD_PATH, DATA_TYPE, DATA1, DATA2, TRANSITIVE_FIELDS, FORMULA, ENTITY_LOOKUP_TYPE)
VALUES ('1a0d1d6b067145f78379e0590b848c7d', 0, 'f7f436cac8074d788fac178349bc267f', 'custHcl1', 'CUST_HCL1_ID', 'CHAR(32)', 'CUSTOM_FIELD_HCL_CODE_SYS_ID1', 0, 'entity', 'HclNode', 'id', '', '', '', '', '', 0, 32, 32, NULL, NULL, '', '', 'system', systimestamp, '64', 0, 'entity.custContact.custHcl1', '', '', '', '', '', '');
INSERT INTO CNT_FIELD_DEFINITION
 (ID, REVISION, PARENT_ID, FIELD_ID, COLUMN_NAME, COLUMN_TYPE, REPORT_COLUMN_NAME, PRODUCT_FIELD, FIELD_TYPE, ENTITY_LOOKUP, ENTITY_LOOKUP_KEY, ORDER_BY, GENERATOR, REFER_TABLE, KEY_COLUMN, LOOKUP_COLUMN, MANDATORY, MIN_LENGTH, MAX_LENGTH, MIN_VALUE, MAX_VALUE, CONSTANT_VALUE, UNIQUE_KEY, CREATE_USER, CREATED_ON, LINE_NO, MANAGED, FIELD_PATH, DATA_TYPE, DATA1, DATA2, TRANSITIVE_FIELDS, FORMULA, ENTITY_LOOKUP_TYPE)
VALUES ('b532902d14204be680766a8a5c5d892f', 0, 'f7f436cac8074d788fac178349bc267f', 'custHcl2', 'CUST_HCL2_ID', 'CHAR(32)', 'CUSTOM_FIELD_HCL_CODE_SYS_ID2', 0, 'entity', 'HclNode', 'id', '', '', '', '', '', 0, 32, 32, NULL, NULL, '', '', 'system', systimestamp, '65', 0, 'entity.custContact.custHcl2', '', '', '', '', '', '');
INSERT INTO CNT_FIELD_DEFINITION
 (ID, REVISION, PARENT_ID, FIELD_ID, COLUMN_NAME, COLUMN_TYPE, REPORT_COLUMN_NAME, PRODUCT_FIELD, FIELD_TYPE, ENTITY_LOOKUP, ENTITY_LOOKUP_KEY, ORDER_BY, GENERATOR, REFER_TABLE, KEY_COLUMN, LOOKUP_COLUMN, MANDATORY, MIN_LENGTH, MAX_LENGTH, MIN_VALUE, MAX_VALUE, CONSTANT_VALUE, UNIQUE_KEY, CREATE_USER, CREATED_ON, LINE_NO, MANAGED, FIELD_PATH, DATA_TYPE, DATA1, DATA2, TRANSITIVE_FIELDS, FORMULA, ENTITY_LOOKUP_TYPE)
VALUES ('4cd4a230615b4fb39c28ed7b25d5649f', 0, 'f7f436cac8074d788fac178349bc267f', 'custHcl3', 'CUST_HCL3_ID', 'CHAR(32)', 'CUSTOM_FIELD_HCL_CODE_SYS_ID3', 0, 'entity', 'HclNode', 'id', '', '', '', '', '', 0, 32, 32, NULL, NULL, '', '', 'system', systimestamp, '66', 0, 'entity.custContact.custHcl3', '', '', '', '', '', '');
INSERT INTO CNT_FIELD_DEFINITION
 (ID, REVISION, PARENT_ID, FIELD_ID, COLUMN_NAME, COLUMN_TYPE, REPORT_COLUMN_NAME, PRODUCT_FIELD, FIELD_TYPE, ENTITY_LOOKUP, ENTITY_LOOKUP_KEY, ORDER_BY, GENERATOR, REFER_TABLE, KEY_COLUMN, LOOKUP_COLUMN, MANDATORY, MIN_LENGTH, MAX_LENGTH, MIN_VALUE, MAX_VALUE, CONSTANT_VALUE, UNIQUE_KEY, CREATE_USER, CREATED_ON, LINE_NO, MANAGED, FIELD_PATH, DATA_TYPE, DATA1, DATA2, TRANSITIVE_FIELDS, FORMULA, ENTITY_LOOKUP_TYPE)
VALUES ('a39a44b79f9e4234a04b0c40d1188a47', 0, 'f7f436cac8074d788fac178349bc267f', 'custHcl4', 'CUST_HCL4_ID', 'CHAR(32)', 'CUSTOM_FIELD_HCL_CODE_SYS_ID4', 0, 'entity', 'HclNode', 'id', '', '', '', '', '', 0, 32, 32, NULL, NULL, '', '', 'system', systimestamp, '67', 0, 'entity.custContact.custHcl4', '', '', '', '', '', '');
INSERT INTO CNT_FIELD_DEFINITION
 (ID, REVISION, PARENT_ID, FIELD_ID, COLUMN_NAME, COLUMN_TYPE, REPORT_COLUMN_NAME, PRODUCT_FIELD, FIELD_TYPE, ENTITY_LOOKUP, ENTITY_LOOKUP_KEY, ORDER_BY, GENERATOR, REFER_TABLE, KEY_COLUMN, LOOKUP_COLUMN, MANDATORY, MIN_LENGTH, MAX_LENGTH, MIN_VALUE, MAX_VALUE, CONSTANT_VALUE, UNIQUE_KEY, CREATE_USER, CREATED_ON, LINE_NO, MANAGED, FIELD_PATH, DATA_TYPE, DATA1, DATA2, TRANSITIVE_FIELDS, FORMULA, ENTITY_LOOKUP_TYPE)
VALUES ('59221d7bb79541b4b2753ba81f378a7a', 0, 'f7f436cac8074d788fac178349bc267f', 'custHcl5', 'CUST_HCL5_ID', 'CHAR(32)', 'CUSTOM_FIELD_HCL_CODE_SYS_ID5', 0, 'entity', 'HclNode', 'id', '', '', '', '', '', 0, 32, 32, NULL, NULL, '', '', 'system', systimestamp, '68', 0, 'entity.custContact.custHcl5', '', '', '', '', '', '');
INSERT INTO CNT_FIELD_DEFINITION
 (ID, REVISION, PARENT_ID, FIELD_ID, COLUMN_NAME, COLUMN_TYPE, REPORT_COLUMN_NAME, PRODUCT_FIELD, FIELD_TYPE, ENTITY_LOOKUP, ENTITY_LOOKUP_KEY, ORDER_BY, GENERATOR, REFER_TABLE, KEY_COLUMN, LOOKUP_COLUMN, MANDATORY, MIN_LENGTH, MAX_LENGTH, MIN_VALUE, MAX_VALUE, CONSTANT_VALUE, UNIQUE_KEY, CREATE_USER, CREATED_ON, LINE_NO, MANAGED, FIELD_PATH, DATA_TYPE, DATA1, DATA2, TRANSITIVE_FIELDS, FORMULA, ENTITY_LOOKUP_TYPE)
VALUES ('4384366acf764ee28c66f991321da0ed', 0, 'f7f436cac8074d788fac178349bc267f', 'titleName', 'TITLE_NAME', 'NVARCHAR2(400)', 'N/A', 1, 'string-m', '', '', '', '', '', '', '', 0, NULL, 400, NULL, NULL, '', '', 'system', systimestamp, '69', 0, 'entity.custContact.titleName', '', '', '', '', '', '');
INSERT INTO CNT_FIELD_DEFINITION
 (ID, REVISION, PARENT_ID, FIELD_ID, COLUMN_NAME, COLUMN_TYPE, REPORT_COLUMN_NAME, PRODUCT_FIELD, FIELD_TYPE, ENTITY_LOOKUP, ENTITY_LOOKUP_KEY, ORDER_BY, GENERATOR, REFER_TABLE, KEY_COLUMN, LOOKUP_COLUMN, MANDATORY, MIN_LENGTH, MAX_LENGTH, MIN_VALUE, MAX_VALUE, CONSTANT_VALUE, UNIQUE_KEY, CREATE_USER, CREATED_ON, LINE_NO, MANAGED, FIELD_PATH, DATA_TYPE, DATA1, DATA2, TRANSITIVE_FIELDS, FORMULA, ENTITY_LOOKUP_TYPE)
VALUES ('a8371bd720194d1e99af6b34b595b392', 0, 'f7f436cac8074d788fac178349bc267f', 'contactTypeIdValue', 'CONTACT_TYPE_ID_VALUE', 'NVARCHAR2(1000)', 'N/A', 1, 'string-l', '', '', '', '', '', '', '', 0, NULL, 1000, NULL, NULL, '', '', 'system', systimestamp, '70', 0, 'entity.custContact.contactTypeIdValue', '', '', '', '', '', '');
INSERT INTO CNT_FIELD_DEFINITION
 (ID, REVISION, PARENT_ID, FIELD_ID, COLUMN_NAME, COLUMN_TYPE, REPORT_COLUMN_NAME, PRODUCT_FIELD, FIELD_TYPE, ENTITY_LOOKUP, ENTITY_LOOKUP_KEY, ORDER_BY, GENERATOR, REFER_TABLE, KEY_COLUMN, LOOKUP_COLUMN, MANDATORY, MIN_LENGTH, MAX_LENGTH, MIN_VALUE, MAX_VALUE, CONSTANT_VALUE, UNIQUE_KEY, CREATE_USER, CREATED_ON, LINE_NO, MANAGED, FIELD_PATH, DATA_TYPE, DATA1, DATA2, TRANSITIVE_FIELDS, FORMULA, ENTITY_LOOKUP_TYPE)
VALUES ('3d118ff482a44f16927f6d9d587d4c6c', 0, 'f7f436cac8074d788fac178349bc267f', 'custCodelist1Name', 'CUST_CODELIST1_NAME', 'NVARCHAR2(400)', 'N/A', 0, 'string-m', '', '', '', '', '', '', '', 0, NULL, 400, NULL, NULL, '', '', 'system', systimestamp, '71', 0, 'entity.custContact.custCodelist1Name', '', '', '', '', '', '');
INSERT INTO CNT_FIELD_DEFINITION
 (ID, REVISION, PARENT_ID, FIELD_ID, COLUMN_NAME, COLUMN_TYPE, REPORT_COLUMN_NAME, PRODUCT_FIELD, FIELD_TYPE, ENTITY_LOOKUP, ENTITY_LOOKUP_KEY, ORDER_BY, GENERATOR, REFER_TABLE, KEY_COLUMN, LOOKUP_COLUMN, MANDATORY, MIN_LENGTH, MAX_LENGTH, MIN_VALUE, MAX_VALUE, CONSTANT_VALUE, UNIQUE_KEY, CREATE_USER, CREATED_ON, LINE_NO, MANAGED, FIELD_PATH, DATA_TYPE, DATA1, DATA2, TRANSITIVE_FIELDS, FORMULA, ENTITY_LOOKUP_TYPE)
VALUES ('6a97f86fea734b639de605e7ebed3db7', 0, 'f7f436cac8074d788fac178349bc267f', 'custCodelist2Name', 'CUST_CODELIST2_NAME', 'NVARCHAR2(400)', 'N/A', 0, 'string-m', '', '', '', '', '', '', '', 0, NULL, 400, NULL, NULL, '', '', 'system', systimestamp, '72', 0, 'entity.custContact.custCodelist2Name', '', '', '', '', '', '');
INSERT INTO CNT_FIELD_DEFINITION
 (ID, REVISION, PARENT_ID, FIELD_ID, COLUMN_NAME, COLUMN_TYPE, REPORT_COLUMN_NAME, PRODUCT_FIELD, FIELD_TYPE, ENTITY_LOOKUP, ENTITY_LOOKUP_KEY, ORDER_BY, GENERATOR, REFER_TABLE, KEY_COLUMN, LOOKUP_COLUMN, MANDATORY, MIN_LENGTH, MAX_LENGTH, MIN_VALUE, MAX_VALUE, CONSTANT_VALUE, UNIQUE_KEY, CREATE_USER, CREATED_ON, LINE_NO, MANAGED, FIELD_PATH, DATA_TYPE, DATA1, DATA2, TRANSITIVE_FIELDS, FORMULA, ENTITY_LOOKUP_TYPE)
VALUES ('4a22a922640b447a827e2ec9dfcb95f0', 0, 'f7f436cac8074d788fac178349bc267f', 'custCodelist3Name', 'CUST_CODELIST3_NAME', 'NVARCHAR2(400)', 'N/A', 0, 'string-m', '', '', '', '', '', '', '', 0, NULL, 400, NULL, NULL, '', '', 'system', systimestamp, '73', 0, 'entity.custContact.custCodelist3Name', '', '', '', '', '', '');
INSERT INTO CNT_FIELD_DEFINITION
 (ID, REVISION, PARENT_ID, FIELD_ID, COLUMN_NAME, COLUMN_TYPE, REPORT_COLUMN_NAME, PRODUCT_FIELD, FIELD_TYPE, ENTITY_LOOKUP, ENTITY_LOOKUP_KEY, ORDER_BY, GENERATOR, REFER_TABLE, KEY_COLUMN, LOOKUP_COLUMN, MANDATORY, MIN_LENGTH, MAX_LENGTH, MIN_VALUE, MAX_VALUE, CONSTANT_VALUE, UNIQUE_KEY, CREATE_USER, CREATED_ON, LINE_NO, MANAGED, FIELD_PATH, DATA_TYPE, DATA1, DATA2, TRANSITIVE_FIELDS, FORMULA, ENTITY_LOOKUP_TYPE)
VALUES ('c0344b9be087480a925b38916b9f9e78', 0, 'f7f436cac8074d788fac178349bc267f', 'custCodelist4Name', 'CUST_CODELIST4_NAME', 'NVARCHAR2(400)', 'N/A', 0, 'string-m', '', '', '', '', '', '', '', 0, NULL, 400, NULL, NULL, '', '', 'system', systimestamp, '74', 0, 'entity.custContact.custCodelist4Name', '', '', '', '', '', '');
INSERT INTO CNT_FIELD_DEFINITION
 (ID, REVISION, PARENT_ID, FIELD_ID, COLUMN_NAME, COLUMN_TYPE, REPORT_COLUMN_NAME, PRODUCT_FIELD, FIELD_TYPE, ENTITY_LOOKUP, ENTITY_LOOKUP_KEY, ORDER_BY, GENERATOR, REFER_TABLE, KEY_COLUMN, LOOKUP_COLUMN, MANDATORY, MIN_LENGTH, MAX_LENGTH, MIN_VALUE, MAX_VALUE, CONSTANT_VALUE, UNIQUE_KEY, CREATE_USER, CREATED_ON, LINE_NO, MANAGED, FIELD_PATH, DATA_TYPE, DATA1, DATA2, TRANSITIVE_FIELDS, FORMULA, ENTITY_LOOKUP_TYPE)
VALUES ('df5539bce70c4257af44113926e2455d', 0, 'f7f436cac8074d788fac178349bc267f', 'custCodelist5Name', 'CUST_CODELIST5_NAME', 'NVARCHAR2(400)', 'N/A', 0, 'string-m', '', '', '', '', '', '', '', 0, NULL, 400, NULL, NULL, '', '', 'system', systimestamp, '75', 0, 'entity.custContact.custCodelist5Name', '', '', '', '', '', '');
INSERT INTO CNT_FIELD_DEFINITION
 (ID, REVISION, PARENT_ID, FIELD_ID, COLUMN_NAME, COLUMN_TYPE, REPORT_COLUMN_NAME, PRODUCT_FIELD, FIELD_TYPE, ENTITY_LOOKUP, ENTITY_LOOKUP_KEY, ORDER_BY, GENERATOR, REFER_TABLE, KEY_COLUMN, LOOKUP_COLUMN, MANDATORY, MIN_LENGTH, MAX_LENGTH, MIN_VALUE, MAX_VALUE, CONSTANT_VALUE, UNIQUE_KEY, CREATE_USER, CREATED_ON, LINE_NO, MANAGED, FIELD_PATH, DATA_TYPE, DATA1, DATA2, TRANSITIVE_FIELDS, FORMULA, ENTITY_LOOKUP_TYPE)
VALUES ('3796afdeaf6b4c51b18f52e0d84afc3c', 0, 'f7f436cac8074d788fac178349bc267f', 'custCodelist6Name', 'CUST_CODELIST6_NAME', 'NVARCHAR2(400)', 'N/A', 0, 'string-m', '', '', '', '', '', '', '', 0, NULL, 400, NULL, NULL, '', '', 'system', systimestamp, '76', 0, 'entity.custContact.custCodelist6Name', '', '', '', '', '', '');
INSERT INTO CNT_FIELD_DEFINITION
 (ID, REVISION, PARENT_ID, FIELD_ID, COLUMN_NAME, COLUMN_TYPE, REPORT_COLUMN_NAME, PRODUCT_FIELD, FIELD_TYPE, ENTITY_LOOKUP, ENTITY_LOOKUP_KEY, ORDER_BY, GENERATOR, REFER_TABLE, KEY_COLUMN, LOOKUP_COLUMN, MANDATORY, MIN_LENGTH, MAX_LENGTH, MIN_VALUE, MAX_VALUE, CONSTANT_VALUE, UNIQUE_KEY, CREATE_USER, CREATED_ON, LINE_NO, MANAGED, FIELD_PATH, DATA_TYPE, DATA1, DATA2, TRANSITIVE_FIELDS, FORMULA, ENTITY_LOOKUP_TYPE)
VALUES ('1ee491a435f648649e223816b3584798', 0, 'f7f436cac8074d788fac178349bc267f', 'custCodelist7Name', 'CUST_CODELIST7_NAME', 'NVARCHAR2(400)', 'N/A', 0, 'string-m', '', '', '', '', '', '', '', 0, NULL, 400, NULL, NULL, '', '', 'system', systimestamp, '77', 0, 'entity.custContact.custCodelist7Name', '', '', '', '', '', '');
INSERT INTO CNT_FIELD_DEFINITION
 (ID, REVISION, PARENT_ID, FIELD_ID, COLUMN_NAME, COLUMN_TYPE, REPORT_COLUMN_NAME, PRODUCT_FIELD, FIELD_TYPE, ENTITY_LOOKUP, ENTITY_LOOKUP_KEY, ORDER_BY, GENERATOR, REFER_TABLE, KEY_COLUMN, LOOKUP_COLUMN, MANDATORY, MIN_LENGTH, MAX_LENGTH, MIN_VALUE, MAX_VALUE, CONSTANT_VALUE, UNIQUE_KEY, CREATE_USER, CREATED_ON, LINE_NO, MANAGED, FIELD_PATH, DATA_TYPE, DATA1, DATA2, TRANSITIVE_FIELDS, FORMULA, ENTITY_LOOKUP_TYPE)
VALUES ('c5d648ae4a0144f696d7e33270261da1', 0, 'f7f436cac8074d788fac178349bc267f', 'custHcl1Ref', 'CUST_HCL1_REF', 'NVARCHAR2(1000)', 'N/A', 0, 'string-l', '', '', '', '', '', '', '', 0, NULL, 1000, NULL, NULL, '', '', 'system', systimestamp, '78', 0, 'entity.custContact.custHcl1Ref', '', '', '', '', '', '');
INSERT INTO CNT_FIELD_DEFINITION
 (ID, REVISION, PARENT_ID, FIELD_ID, COLUMN_NAME, COLUMN_TYPE, REPORT_COLUMN_NAME, PRODUCT_FIELD, FIELD_TYPE, ENTITY_LOOKUP, ENTITY_LOOKUP_KEY, ORDER_BY, GENERATOR, REFER_TABLE, KEY_COLUMN, LOOKUP_COLUMN, MANDATORY, MIN_LENGTH, MAX_LENGTH, MIN_VALUE, MAX_VALUE, CONSTANT_VALUE, UNIQUE_KEY, CREATE_USER, CREATED_ON, LINE_NO, MANAGED, FIELD_PATH, DATA_TYPE, DATA1, DATA2, TRANSITIVE_FIELDS, FORMULA, ENTITY_LOOKUP_TYPE)
VALUES ('09067d025c8c4b7fb840a1745d8e6eae', 0, 'f7f436cac8074d788fac178349bc267f', 'custHcl1Ver', 'CUST_HCL1_VER', 'NUMBER(20, 0)', 'N/A', 0, 'integer', '', '', '', '', '', '', '', 0, NULL, 18, NULL, NULL, '', '', 'system', systimestamp, '79', 0, 'entity.custContact.custHcl1Ver', '', '', '', '', '', '');
INSERT INTO CNT_FIELD_DEFINITION
 (ID, REVISION, PARENT_ID, FIELD_ID, COLUMN_NAME, COLUMN_TYPE, REPORT_COLUMN_NAME, PRODUCT_FIELD, FIELD_TYPE, ENTITY_LOOKUP, ENTITY_LOOKUP_KEY, ORDER_BY, GENERATOR, REFER_TABLE, KEY_COLUMN, LOOKUP_COLUMN, MANDATORY, MIN_LENGTH, MAX_LENGTH, MIN_VALUE, MAX_VALUE, CONSTANT_VALUE, UNIQUE_KEY, CREATE_USER, CREATED_ON, LINE_NO, MANAGED, FIELD_PATH, DATA_TYPE, DATA1, DATA2, TRANSITIVE_FIELDS, FORMULA, ENTITY_LOOKUP_TYPE)
VALUES ('b025c617c3574ec4abb7b66c78a12652', 0, 'f7f436cac8074d788fac178349bc267f', 'custHcl1Ref2', 'CUST_HCL1_REF2', 'NVARCHAR2(1000)', 'N/A', 0, 'string-l', '', '', '', '', '', '', '', 0, NULL, 1000, NULL, NULL, '', '', 'system', systimestamp, '80', 0, 'entity.custContact.custHcl1Ref2', '', '', '', '', '', '');
INSERT INTO CNT_FIELD_DEFINITION
 (ID, REVISION, PARENT_ID, FIELD_ID, COLUMN_NAME, COLUMN_TYPE, REPORT_COLUMN_NAME, PRODUCT_FIELD, FIELD_TYPE, ENTITY_LOOKUP, ENTITY_LOOKUP_KEY, ORDER_BY, GENERATOR, REFER_TABLE, KEY_COLUMN, LOOKUP_COLUMN, MANDATORY, MIN_LENGTH, MAX_LENGTH, MIN_VALUE, MAX_VALUE, CONSTANT_VALUE, UNIQUE_KEY, CREATE_USER, CREATED_ON, LINE_NO, MANAGED, FIELD_PATH, DATA_TYPE, DATA1, DATA2, TRANSITIVE_FIELDS, FORMULA, ENTITY_LOOKUP_TYPE)
VALUES ('f26a413bc7364b2a8e63b908b840534c', 0, 'f7f436cac8074d788fac178349bc267f', 'custHcl1FullLineage', 'CUST_HCL1_FULL_LINEAGE', 'NVARCHAR2(1000)', 'N/A', 0, 'string-l', '', '', '', '', '', '', '', 0, NULL, 1000, NULL, NULL, '', '', 'system', systimestamp, '81', 0, 'entity.custContact.custHcl1FullLineage', '', '', '', '', '', '');
INSERT INTO CNT_FIELD_DEFINITION
 (ID, REVISION, PARENT_ID, FIELD_ID, COLUMN_NAME, COLUMN_TYPE, REPORT_COLUMN_NAME, PRODUCT_FIELD, FIELD_TYPE, ENTITY_LOOKUP, ENTITY_LOOKUP_KEY, ORDER_BY, GENERATOR, REFER_TABLE, KEY_COLUMN, LOOKUP_COLUMN, MANDATORY, MIN_LENGTH, MAX_LENGTH, MIN_VALUE, MAX_VALUE, CONSTANT_VALUE, UNIQUE_KEY, CREATE_USER, CREATED_ON, LINE_NO, MANAGED, FIELD_PATH, DATA_TYPE, DATA1, DATA2, TRANSITIVE_FIELDS, FORMULA, ENTITY_LOOKUP_TYPE)
VALUES ('d9266e8419bf42fcbbf248700e678c0e', 0, 'f7f436cac8074d788fac178349bc267f', 'custHcl2Ref', 'CUST_HCL2_REF', 'NVARCHAR2(1000)', 'N/A', 0, 'string-l', '', '', '', '', '', '', '', 0, NULL, 1000, NULL, NULL, '', '', 'system', systimestamp, '82', 0, 'entity.custContact.custHcl2Ref', '', '', '', '', '', '');
INSERT INTO CNT_FIELD_DEFINITION
 (ID, REVISION, PARENT_ID, FIELD_ID, COLUMN_NAME, COLUMN_TYPE, REPORT_COLUMN_NAME, PRODUCT_FIELD, FIELD_TYPE, ENTITY_LOOKUP, ENTITY_LOOKUP_KEY, ORDER_BY, GENERATOR, REFER_TABLE, KEY_COLUMN, LOOKUP_COLUMN, MANDATORY, MIN_LENGTH, MAX_LENGTH, MIN_VALUE, MAX_VALUE, CONSTANT_VALUE, UNIQUE_KEY, CREATE_USER, CREATED_ON, LINE_NO, MANAGED, FIELD_PATH, DATA_TYPE, DATA1, DATA2, TRANSITIVE_FIELDS, FORMULA, ENTITY_LOOKUP_TYPE)
VALUES ('f1de722d35f447678779c806bbcbbc5b', 0, 'f7f436cac8074d788fac178349bc267f', 'custHcl2Ver', 'CUST_HCL2_VER', 'NUMBER(20, 0)', 'N/A', 0, 'integer', '', '', '', '', '', '', '', 0, NULL, 18, NULL, NULL, '', '', 'system', systimestamp, '83', 0, 'entity.custContact.custHcl2Ver', '', '', '', '', '', '');
INSERT INTO CNT_FIELD_DEFINITION
 (ID, REVISION, PARENT_ID, FIELD_ID, COLUMN_NAME, COLUMN_TYPE, REPORT_COLUMN_NAME, PRODUCT_FIELD, FIELD_TYPE, ENTITY_LOOKUP, ENTITY_LOOKUP_KEY, ORDER_BY, GENERATOR, REFER_TABLE, KEY_COLUMN, LOOKUP_COLUMN, MANDATORY, MIN_LENGTH, MAX_LENGTH, MIN_VALUE, MAX_VALUE, CONSTANT_VALUE, UNIQUE_KEY, CREATE_USER, CREATED_ON, LINE_NO, MANAGED, FIELD_PATH, DATA_TYPE, DATA1, DATA2, TRANSITIVE_FIELDS, FORMULA, ENTITY_LOOKUP_TYPE)
VALUES ('da63cbd7de62411ab69ae35119bd5859', 0, 'f7f436cac8074d788fac178349bc267f', 'custHcl2Ref2', 'CUST_HCL2_REF2', 'NVARCHAR2(1000)', 'N/A', 0, 'string-l', '', '', '', '', '', '', '', 0, NULL, 1000, NULL, NULL, '', '', 'system', systimestamp, '84', 0, 'entity.custContact.custHcl2Ref2', '', '', '', '', '', '');
INSERT INTO CNT_FIELD_DEFINITION
 (ID, REVISION, PARENT_ID, FIELD_ID, COLUMN_NAME, COLUMN_TYPE, REPORT_COLUMN_NAME, PRODUCT_FIELD, FIELD_TYPE, ENTITY_LOOKUP, ENTITY_LOOKUP_KEY, ORDER_BY, GENERATOR, REFER_TABLE, KEY_COLUMN, LOOKUP_COLUMN, MANDATORY, MIN_LENGTH, MAX_LENGTH, MIN_VALUE, MAX_VALUE, CONSTANT_VALUE, UNIQUE_KEY, CREATE_USER, CREATED_ON, LINE_NO, MANAGED, FIELD_PATH, DATA_TYPE, DATA1, DATA2, TRANSITIVE_FIELDS, FORMULA, ENTITY_LOOKUP_TYPE)
VALUES ('7cd658d7d21a497aaacca544cd1174c4', 0, 'f7f436cac8074d788fac178349bc267f', 'custHcl2FullLineage', 'CUST_HCL2_FULL_LINEAGE', 'NVARCHAR2(1000)', 'N/A', 0, 'string-l', '', '', '', '', '', '', '', 0, NULL, 1000, NULL, NULL, '', '', 'system', systimestamp, '85', 0, 'entity.custContact.custHcl2FullLineage', '', '', '', '', '', '');
INSERT INTO CNT_FIELD_DEFINITION
 (ID, REVISION, PARENT_ID, FIELD_ID, COLUMN_NAME, COLUMN_TYPE, REPORT_COLUMN_NAME, PRODUCT_FIELD, FIELD_TYPE, ENTITY_LOOKUP, ENTITY_LOOKUP_KEY, ORDER_BY, GENERATOR, REFER_TABLE, KEY_COLUMN, LOOKUP_COLUMN, MANDATORY, MIN_LENGTH, MAX_LENGTH, MIN_VALUE, MAX_VALUE, CONSTANT_VALUE, UNIQUE_KEY, CREATE_USER, CREATED_ON, LINE_NO, MANAGED, FIELD_PATH, DATA_TYPE, DATA1, DATA2, TRANSITIVE_FIELDS, FORMULA, ENTITY_LOOKUP_TYPE)
VALUES ('3168fa6d80154ff2aca905f70fa714d4', 0, 'f7f436cac8074d788fac178349bc267f', 'custHcl3Ref', 'CUST_HCL3_REF', 'NVARCHAR2(1000)', 'N/A', 0, 'string-l', '', '', '', '', '', '', '', 0, NULL, 1000, NULL, NULL, '', '', 'system', systimestamp, '86', 0, 'entity.custContact.custHcl3Ref', '', '', '', '', '', '');
INSERT INTO CNT_FIELD_DEFINITION
 (ID, REVISION, PARENT_ID, FIELD_ID, COLUMN_NAME, COLUMN_TYPE, REPORT_COLUMN_NAME, PRODUCT_FIELD, FIELD_TYPE, ENTITY_LOOKUP, ENTITY_LOOKUP_KEY, ORDER_BY, GENERATOR, REFER_TABLE, KEY_COLUMN, LOOKUP_COLUMN, MANDATORY, MIN_LENGTH, MAX_LENGTH, MIN_VALUE, MAX_VALUE, CONSTANT_VALUE, UNIQUE_KEY, CREATE_USER, CREATED_ON, LINE_NO, MANAGED, FIELD_PATH, DATA_TYPE, DATA1, DATA2, TRANSITIVE_FIELDS, FORMULA, ENTITY_LOOKUP_TYPE)
VALUES ('b52f8744212647dfb3dd603a7faa2850', 0, 'f7f436cac8074d788fac178349bc267f', 'custHcl3Ver', 'CUST_HCL3_VER', 'NUMBER(20, 0)', 'N/A', 0, 'integer', '', '', '', '', '', '', '', 0, NULL, 18, NULL, NULL, '', '', 'system', systimestamp, '87', 0, 'entity.custContact.custHcl3Ver', '', '', '', '', '', '');
INSERT INTO CNT_FIELD_DEFINITION
 (ID, REVISION, PARENT_ID, FIELD_ID, COLUMN_NAME, COLUMN_TYPE, REPORT_COLUMN_NAME, PRODUCT_FIELD, FIELD_TYPE, ENTITY_LOOKUP, ENTITY_LOOKUP_KEY, ORDER_BY, GENERATOR, REFER_TABLE, KEY_COLUMN, LOOKUP_COLUMN, MANDATORY, MIN_LENGTH, MAX_LENGTH, MIN_VALUE, MAX_VALUE, CONSTANT_VALUE, UNIQUE_KEY, CREATE_USER, CREATED_ON, LINE_NO, MANAGED, FIELD_PATH, DATA_TYPE, DATA1, DATA2, TRANSITIVE_FIELDS, FORMULA, ENTITY_LOOKUP_TYPE)
VALUES ('97ed4d454a00402e8a66bbdb42c823f9', 0, 'f7f436cac8074d788fac178349bc267f', 'custHcl3Ref2', 'CUST_HCL3_REF2', 'NVARCHAR2(1000)', 'N/A', 0, 'string-l', '', '', '', '', '', '', '', 0, NULL, 1000, NULL, NULL, '', '', 'system', systimestamp, '88', 0, 'entity.custContact.custHcl3Ref2', '', '', '', '', '', '');
INSERT INTO CNT_FIELD_DEFINITION
 (ID, REVISION, PARENT_ID, FIELD_ID, COLUMN_NAME, COLUMN_TYPE, REPORT_COLUMN_NAME, PRODUCT_FIELD, FIELD_TYPE, ENTITY_LOOKUP, ENTITY_LOOKUP_KEY, ORDER_BY, GENERATOR, REFER_TABLE, KEY_COLUMN, LOOKUP_COLUMN, MANDATORY, MIN_LENGTH, MAX_LENGTH, MIN_VALUE, MAX_VALUE, CONSTANT_VALUE, UNIQUE_KEY, CREATE_USER, CREATED_ON, LINE_NO, MANAGED, FIELD_PATH, DATA_TYPE, DATA1, DATA2, TRANSITIVE_FIELDS, FORMULA, ENTITY_LOOKUP_TYPE)
VALUES ('9927ce0a1ee2420cbd9b60a025340c36', 0, 'f7f436cac8074d788fac178349bc267f', 'custHcl3FullLineage', 'CUST_HCL3_FULL_LINEAGE', 'NVARCHAR2(1000)', 'N/A', 0, 'string-l', '', '', '', '', '', '', '', 0, NULL, 1000, NULL, NULL, '', '', 'system', systimestamp, '89', 0, 'entity.custContact.custHcl3FullLineage', '', '', '', '', '', '');
INSERT INTO CNT_FIELD_DEFINITION
 (ID, REVISION, PARENT_ID, FIELD_ID, COLUMN_NAME, COLUMN_TYPE, REPORT_COLUMN_NAME, PRODUCT_FIELD, FIELD_TYPE, ENTITY_LOOKUP, ENTITY_LOOKUP_KEY, ORDER_BY, GENERATOR, REFER_TABLE, KEY_COLUMN, LOOKUP_COLUMN, MANDATORY, MIN_LENGTH, MAX_LENGTH, MIN_VALUE, MAX_VALUE, CONSTANT_VALUE, UNIQUE_KEY, CREATE_USER, CREATED_ON, LINE_NO, MANAGED, FIELD_PATH, DATA_TYPE, DATA1, DATA2, TRANSITIVE_FIELDS, FORMULA, ENTITY_LOOKUP_TYPE)
VALUES ('91773c7882a04f8aa751aac3b474498d', 0, 'f7f436cac8074d788fac178349bc267f', 'custHcl4Ref', 'CUST_HCL4_REF', 'NVARCHAR2(1000)', 'N/A', 0, 'string-l', '', '', '', '', '', '', '', 0, NULL, 1000, NULL, NULL, '', '', 'system', systimestamp, '90', 0, 'entity.custContact.custHcl4Ref', '', '', '', '', '', '');
INSERT INTO CNT_FIELD_DEFINITION
 (ID, REVISION, PARENT_ID, FIELD_ID, COLUMN_NAME, COLUMN_TYPE, REPORT_COLUMN_NAME, PRODUCT_FIELD, FIELD_TYPE, ENTITY_LOOKUP, ENTITY_LOOKUP_KEY, ORDER_BY, GENERATOR, REFER_TABLE, KEY_COLUMN, LOOKUP_COLUMN, MANDATORY, MIN_LENGTH, MAX_LENGTH, MIN_VALUE, MAX_VALUE, CONSTANT_VALUE, UNIQUE_KEY, CREATE_USER, CREATED_ON, LINE_NO, MANAGED, FIELD_PATH, DATA_TYPE, DATA1, DATA2, TRANSITIVE_FIELDS, FORMULA, ENTITY_LOOKUP_TYPE)
VALUES ('f746e0d380e7474c8695a4cac38e8ebf', 0, 'f7f436cac8074d788fac178349bc267f', 'custHcl4Ver', 'CUST_HCL4_VER', 'NUMBER(20, 0)', 'N/A', 0, 'integer', '', '', '', '', '', '', '', 0, NULL, 18, NULL, NULL, '', '', 'system', systimestamp, '91', 0, 'entity.custContact.custHcl4Ver', '', '', '', '', '', '');
INSERT INTO CNT_FIELD_DEFINITION
 (ID, REVISION, PARENT_ID, FIELD_ID, COLUMN_NAME, COLUMN_TYPE, REPORT_COLUMN_NAME, PRODUCT_FIELD, FIELD_TYPE, ENTITY_LOOKUP, ENTITY_LOOKUP_KEY, ORDER_BY, GENERATOR, REFER_TABLE, KEY_COLUMN, LOOKUP_COLUMN, MANDATORY, MIN_LENGTH, MAX_LENGTH, MIN_VALUE, MAX_VALUE, CONSTANT_VALUE, UNIQUE_KEY, CREATE_USER, CREATED_ON, LINE_NO, MANAGED, FIELD_PATH, DATA_TYPE, DATA1, DATA2, TRANSITIVE_FIELDS, FORMULA, ENTITY_LOOKUP_TYPE)
VALUES ('5247d46bb0de4878b950fa6e059a1ce7', 0, 'f7f436cac8074d788fac178349bc267f', 'custHcl4Ref2', 'CUST_HCL4_REF2', 'NVARCHAR2(1000)', 'N/A', 0, 'string-l', '', '', '', '', '', '', '', 0, NULL, 1000, NULL, NULL, '', '', 'system', systimestamp, '92', 0, 'entity.custContact.custHcl4Ref2', '', '', '', '', '', '');
INSERT INTO CNT_FIELD_DEFINITION
 (ID, REVISION, PARENT_ID, FIELD_ID, COLUMN_NAME, COLUMN_TYPE, REPORT_COLUMN_NAME, PRODUCT_FIELD, FIELD_TYPE, ENTITY_LOOKUP, ENTITY_LOOKUP_KEY, ORDER_BY, GENERATOR, REFER_TABLE, KEY_COLUMN, LOOKUP_COLUMN, MANDATORY, MIN_LENGTH, MAX_LENGTH, MIN_VALUE, MAX_VALUE, CONSTANT_VALUE, UNIQUE_KEY, CREATE_USER, CREATED_ON, LINE_NO, MANAGED, FIELD_PATH, DATA_TYPE, DATA1, DATA2, TRANSITIVE_FIELDS, FORMULA, ENTITY_LOOKUP_TYPE)
VALUES ('313d9a65f68544ff9669990edbb39cf7', 0, 'f7f436cac8074d788fac178349bc267f', 'custHcl4FullLineage', 'CUST_HCL4_FULL_LINEAGE', 'NVARCHAR2(1000)', 'N/A', 0, 'string-l', '', '', '', '', '', '', '', 0, NULL, 1000, NULL, NULL, '', '', 'system', systimestamp, '93', 0, 'entity.custContact.custHcl4FullLineage', '', '', '', '', '', '');
INSERT INTO CNT_FIELD_DEFINITION
 (ID, REVISION, PARENT_ID, FIELD_ID, COLUMN_NAME, COLUMN_TYPE, REPORT_COLUMN_NAME, PRODUCT_FIELD, FIELD_TYPE, ENTITY_LOOKUP, ENTITY_LOOKUP_KEY, ORDER_BY, GENERATOR, REFER_TABLE, KEY_COLUMN, LOOKUP_COLUMN, MANDATORY, MIN_LENGTH, MAX_LENGTH, MIN_VALUE, MAX_VALUE, CONSTANT_VALUE, UNIQUE_KEY, CREATE_USER, CREATED_ON, LINE_NO, MANAGED, FIELD_PATH, DATA_TYPE, DATA1, DATA2, TRANSITIVE_FIELDS, FORMULA, ENTITY_LOOKUP_TYPE)
VALUES ('567540be94084f4eb6619313a1030751', 0, 'f7f436cac8074d788fac178349bc267f', 'custHcl5Ref', 'CUST_HCL5_REF', 'NVARCHAR2(1000)', 'N/A', 0, 'string-l', '', '', '', '', '', '', '', 0, NULL, 1000, NULL, NULL, '', '', 'system', systimestamp, '94', 0, 'entity.custContact.custHcl5Ref', '', '', '', '', '', '');
INSERT INTO CNT_FIELD_DEFINITION
 (ID, REVISION, PARENT_ID, FIELD_ID, COLUMN_NAME, COLUMN_TYPE, REPORT_COLUMN_NAME, PRODUCT_FIELD, FIELD_TYPE, ENTITY_LOOKUP, ENTITY_LOOKUP_KEY, ORDER_BY, GENERATOR, REFER_TABLE, KEY_COLUMN, LOOKUP_COLUMN, MANDATORY, MIN_LENGTH, MAX_LENGTH, MIN_VALUE, MAX_VALUE, CONSTANT_VALUE, UNIQUE_KEY, CREATE_USER, CREATED_ON, LINE_NO, MANAGED, FIELD_PATH, DATA_TYPE, DATA1, DATA2, TRANSITIVE_FIELDS, FORMULA, ENTITY_LOOKUP_TYPE)
VALUES ('ff5d3f16fb8842b19ccbbc35f90069db', 0, 'f7f436cac8074d788fac178349bc267f', 'custHcl5Ver', 'CUST_HCL5_VER', 'NUMBER(20, 0)', 'N/A', 0, 'integer', '', '', '', '', '', '', '', 0, NULL, 18, NULL, NULL, '', '', 'system', systimestamp, '95', 0, 'entity.custContact.custHcl5Ver', '', '', '', '', '', '');
INSERT INTO CNT_FIELD_DEFINITION
 (ID, REVISION, PARENT_ID, FIELD_ID, COLUMN_NAME, COLUMN_TYPE, REPORT_COLUMN_NAME, PRODUCT_FIELD, FIELD_TYPE, ENTITY_LOOKUP, ENTITY_LOOKUP_KEY, ORDER_BY, GENERATOR, REFER_TABLE, KEY_COLUMN, LOOKUP_COLUMN, MANDATORY, MIN_LENGTH, MAX_LENGTH, MIN_VALUE, MAX_VALUE, CONSTANT_VALUE, UNIQUE_KEY, CREATE_USER, CREATED_ON, LINE_NO, MANAGED, FIELD_PATH, DATA_TYPE, DATA1, DATA2, TRANSITIVE_FIELDS, FORMULA, ENTITY_LOOKUP_TYPE)
VALUES ('81d065b323b54038abd711d35727985c', 0, 'f7f436cac8074d788fac178349bc267f', 'custHcl5Ref2', 'CUST_HCL5_REF2', 'NVARCHAR2(1000)', 'N/A', 0, 'string-l', '', '', '', '', '', '', '', 0, NULL, 1000, NULL, NULL, '', '', 'system', systimestamp, '96', 0, 'entity.custContact.custHcl5Ref2', '', '', '', '', '', '');
INSERT INTO CNT_FIELD_DEFINITION
 (ID, REVISION, PARENT_ID, FIELD_ID, COLUMN_NAME, COLUMN_TYPE, REPORT_COLUMN_NAME, PRODUCT_FIELD, FIELD_TYPE, ENTITY_LOOKUP, ENTITY_LOOKUP_KEY, ORDER_BY, GENERATOR, REFER_TABLE, KEY_COLUMN, LOOKUP_COLUMN, MANDATORY, MIN_LENGTH, MAX_LENGTH, MIN_VALUE, MAX_VALUE, CONSTANT_VALUE, UNIQUE_KEY, CREATE_USER, CREATED_ON, LINE_NO, MANAGED, FIELD_PATH, DATA_TYPE, DATA1, DATA2, TRANSITIVE_FIELDS, FORMULA, ENTITY_LOOKUP_TYPE)
VALUES ('044fe967867442ceace003f0f500751a', 0, 'f7f436cac8074d788fac178349bc267f', 'custHcl5FullLineage', 'CUST_HCL5_FULL_LINEAGE', 'NVARCHAR2(1000)', 'N/A', 0, 'string-l', '', '', '', '', '', '', '', 0, NULL, 1000, NULL, NULL, '', '', 'system', systimestamp, '97', 0, 'entity.custContact.custHcl5FullLineage', '', '', '', '', '', '');
INSERT INTO CNT_ENTITY_DEFINITION
 (ID, REVISION, ENTITY_NAME, ENTITY_VERSION, PRODUCT_TABLE_NAME, CUSTOM_TABLE_NAME, REPORT_TABLE_NAME, MODULE, TYPE, REVISION_TRACKING, VERSION_TRACKING, HISTORY_ENTITY_NAME, REF_PATTERN, SYSTEM_ENTITY, CREATE_USER, CREATED_ON, IS_FOR_EXTERNAL)
VALUES ('34dda97dbf4749468363d9d79ac6e2a2', 0, 'CustHistory', 1, 'CNT_CUST_H', '', '', 'cust', 'inner', '', '', '', '', 1, 'system', systimestamp, 0);
INSERT INTO CNT_FIELD_DEFINITION
 (ID, REVISION, PARENT_ID, FIELD_ID, COLUMN_NAME, COLUMN_TYPE, REPORT_COLUMN_NAME, PRODUCT_FIELD, FIELD_TYPE, ENTITY_LOOKUP, ENTITY_LOOKUP_KEY, ORDER_BY, GENERATOR, REFER_TABLE, KEY_COLUMN, LOOKUP_COLUMN, MANDATORY, MIN_LENGTH, MAX_LENGTH, MIN_VALUE, MAX_VALUE, CONSTANT_VALUE, UNIQUE_KEY, CREATE_USER, CREATED_ON, LINE_NO, MANAGED, FIELD_PATH, DATA_TYPE, DATA1, DATA2, TRANSITIVE_FIELDS, FORMULA, ENTITY_LOOKUP_TYPE)
VALUES ('3e2ec1bee53a49169d1eb7ad031a6803', 0, '34dda97dbf4749468363d9d79ac6e2a2', 'id', 'ID', 'CHAR(32)', '', 1, 'id', '', '', '', 'com.core.cbx.data.generator.UUIDGenerator', '', '', '', 0, 32, 32, NULL, NULL, '', '', 'system', systimestamp, '0', 0, 'entity.id', '', '', '', '', '', '');
INSERT INTO CNT_FIELD_DEFINITION
 (ID, REVISION, PARENT_ID, FIELD_ID, COLUMN_NAME, COLUMN_TYPE, REPORT_COLUMN_NAME, PRODUCT_FIELD, FIELD_TYPE, ENTITY_LOOKUP, ENTITY_LOOKUP_KEY, ORDER_BY, GENERATOR, REFER_TABLE, KEY_COLUMN, LOOKUP_COLUMN, MANDATORY, MIN_LENGTH, MAX_LENGTH, MIN_VALUE, MAX_VALUE, CONSTANT_VALUE, UNIQUE_KEY, CREATE_USER, CREATED_ON, LINE_NO, MANAGED, FIELD_PATH, DATA_TYPE, DATA1, DATA2, TRANSITIVE_FIELDS, FORMULA, ENTITY_LOOKUP_TYPE)
VALUES ('09b2a49cd0d044e385c1b2fc3d73ef6c', 0, '34dda97dbf4749468363d9d79ac6e2a2', 'revision', 'REVISION', 'NUMBER(20, 0)', '', 1, 'integer', '', '', '', '', '', '', '', 0, NULL, 18, NULL, NULL, '', '', 'system', systimestamp, '1', 0, 'entity.revision', '', '', '', '', '', '');
INSERT INTO CNT_FIELD_DEFINITION
 (ID, REVISION, PARENT_ID, FIELD_ID, COLUMN_NAME, COLUMN_TYPE, REPORT_COLUMN_NAME, PRODUCT_FIELD, FIELD_TYPE, ENTITY_LOOKUP, ENTITY_LOOKUP_KEY, ORDER_BY, GENERATOR, REFER_TABLE, KEY_COLUMN, LOOKUP_COLUMN, MANDATORY, MIN_LENGTH, MAX_LENGTH, MIN_VALUE, MAX_VALUE, CONSTANT_VALUE, UNIQUE_KEY, CREATE_USER, CREATED_ON, LINE_NO, MANAGED, FIELD_PATH, DATA_TYPE, DATA1, DATA2, TRANSITIVE_FIELDS, FORMULA, ENTITY_LOOKUP_TYPE)
VALUES ('a40627706bfb4b18a2b82c943f574e14', 0, '34dda97dbf4749468363d9d79ac6e2a2', 'entityVersion', 'ENTITY_VERSION', 'NUMBER(20, 0)', '', 1, 'integer', '', '', '', '', '', '', '', 0, NULL, 18, NULL, NULL, '', '', 'system', systimestamp, '2', 0, 'entity.entityVersion', '', '', '', '', '', '');
INSERT INTO CNT_FIELD_DEFINITION
 (ID, REVISION, PARENT_ID, FIELD_ID, COLUMN_NAME, COLUMN_TYPE, REPORT_COLUMN_NAME, PRODUCT_FIELD, FIELD_TYPE, ENTITY_LOOKUP, ENTITY_LOOKUP_KEY, ORDER_BY, GENERATOR, REFER_TABLE, KEY_COLUMN, LOOKUP_COLUMN, MANDATORY, MIN_LENGTH, MAX_LENGTH, MIN_VALUE, MAX_VALUE, CONSTANT_VALUE, UNIQUE_KEY, CREATE_USER, CREATED_ON, LINE_NO, MANAGED, FIELD_PATH, DATA_TYPE, DATA1, DATA2, TRANSITIVE_FIELDS, FORMULA, ENTITY_LOOKUP_TYPE)
VALUES ('1d2333afcd08422aaa0a8da5616721ca', 0, '34dda97dbf4749468363d9d79ac6e2a2', 'domainId', 'DOMAIN_ID', 'NVARCHAR2(400)', '', 1, 'string-m', '', '', '', '', '', '', '', 0, NULL, 400, NULL, NULL, '', '', 'system', systimestamp, '3', 0, 'entity.domainId', '', '', '', '', '', '');
INSERT INTO CNT_FIELD_DEFINITION
 (ID, REVISION, PARENT_ID, FIELD_ID, COLUMN_NAME, COLUMN_TYPE, REPORT_COLUMN_NAME, PRODUCT_FIELD, FIELD_TYPE, ENTITY_LOOKUP, ENTITY_LOOKUP_KEY, ORDER_BY, GENERATOR, REFER_TABLE, KEY_COLUMN, LOOKUP_COLUMN, MANDATORY, MIN_LENGTH, MAX_LENGTH, MIN_VALUE, MAX_VALUE, CONSTANT_VALUE, UNIQUE_KEY, CREATE_USER, CREATED_ON, LINE_NO, MANAGED, FIELD_PATH, DATA_TYPE, DATA1, DATA2, TRANSITIVE_FIELDS, FORMULA, ENTITY_LOOKUP_TYPE)
VALUES ('c6aa47c1447a420e83b09447d7411e34', 0, '34dda97dbf4749468363d9d79ac6e2a2', 'hubDomainId', 'HUB_DOMAIN_ID', 'NVARCHAR2(400)', '', 1, 'string-m', '', '', '', '', '', '', '', 0, NULL, 400, NULL, NULL, '', '', 'system', systimestamp, '4', 0, 'entity.hubDomainId', '', '', '', '', '', '');
INSERT INTO CNT_FIELD_DEFINITION
 (ID, REVISION, PARENT_ID, FIELD_ID, COLUMN_NAME, COLUMN_TYPE, REPORT_COLUMN_NAME, PRODUCT_FIELD, FIELD_TYPE, ENTITY_LOOKUP, ENTITY_LOOKUP_KEY, ORDER_BY, GENERATOR, REFER_TABLE, KEY_COLUMN, LOOKUP_COLUMN, MANDATORY, MIN_LENGTH, MAX_LENGTH, MIN_VALUE, MAX_VALUE, CONSTANT_VALUE, UNIQUE_KEY, CREATE_USER, CREATED_ON, LINE_NO, MANAGED, FIELD_PATH, DATA_TYPE, DATA1, DATA2, TRANSITIVE_FIELDS, FORMULA, ENTITY_LOOKUP_TYPE)
VALUES ('f801f550bf224e068859fecbf1a0fe4a', 0, '34dda97dbf4749468363d9d79ac6e2a2', 'isForReference', 'IS_FOR_REFERENCE', 'NUMBER(1,0)', '', 1, 'boolean', '', '', '', '', '', '', '', 0, NULL, NULL, NULL, NULL, '', '', 'system', systimestamp, '5', 0, 'entity.isForReference', '', '', '', '', '', '');
INSERT INTO CNT_FIELD_DEFINITION
 (ID, REVISION, PARENT_ID, FIELD_ID, COLUMN_NAME, COLUMN_TYPE, REPORT_COLUMN_NAME, PRODUCT_FIELD, FIELD_TYPE, ENTITY_LOOKUP, ENTITY_LOOKUP_KEY, ORDER_BY, GENERATOR, REFER_TABLE, KEY_COLUMN, LOOKUP_COLUMN, MANDATORY, MIN_LENGTH, MAX_LENGTH, MIN_VALUE, MAX_VALUE, CONSTANT_VALUE, UNIQUE_KEY, CREATE_USER, CREATED_ON, LINE_NO, MANAGED, FIELD_PATH, DATA_TYPE, DATA1, DATA2, TRANSITIVE_FIELDS, FORMULA, ENTITY_LOOKUP_TYPE)
VALUES ('5d839c77d1204dcca1b3faf3379904a0', 0, '34dda97dbf4749468363d9d79ac6e2a2', 'internalSeqNo', 'INTERNAL_SEQ_NO', 'NUMBER(20, 0)', 'n/a', 1, 'integer', '', '', '', '', '', '', '', 0, NULL, 18, NULL, NULL, '', '', 'system', systimestamp, '6', 0, 'entity.internalSeqNo', '', '', '', '', '', '');
INSERT INTO CNT_FIELD_DEFINITION
 (ID, REVISION, PARENT_ID, FIELD_ID, COLUMN_NAME, COLUMN_TYPE, REPORT_COLUMN_NAME, PRODUCT_FIELD, FIELD_TYPE, ENTITY_LOOKUP, ENTITY_LOOKUP_KEY, ORDER_BY, GENERATOR, REFER_TABLE, KEY_COLUMN, LOOKUP_COLUMN, MANDATORY, MIN_LENGTH, MAX_LENGTH, MIN_VALUE, MAX_VALUE, CONSTANT_VALUE, UNIQUE_KEY, CREATE_USER, CREATED_ON, LINE_NO, MANAGED, FIELD_PATH, DATA_TYPE, DATA1, DATA2, TRANSITIVE_FIELDS, FORMULA, ENTITY_LOOKUP_TYPE)
VALUES ('6566458895e24b22a119cf19118f3b9e', 0, '34dda97dbf4749468363d9d79ac6e2a2', 'parentId', 'PARENT_ID', 'NVARCHAR2(400)', '', 1, 'string-m', '', '', '', '', '', '', '', 0, NULL, 400, NULL, NULL, '', '', 'system', systimestamp, '7', 0, 'entity.parentId', '', '', '', '', '', '');
INSERT INTO CNT_FIELD_DEFINITION
 (ID, REVISION, PARENT_ID, FIELD_ID, COLUMN_NAME, COLUMN_TYPE, REPORT_COLUMN_NAME, PRODUCT_FIELD, FIELD_TYPE, ENTITY_LOOKUP, ENTITY_LOOKUP_KEY, ORDER_BY, GENERATOR, REFER_TABLE, KEY_COLUMN, LOOKUP_COLUMN, MANDATORY, MIN_LENGTH, MAX_LENGTH, MIN_VALUE, MAX_VALUE, CONSTANT_VALUE, UNIQUE_KEY, CREATE_USER, CREATED_ON, LINE_NO, MANAGED, FIELD_PATH, DATA_TYPE, DATA1, DATA2, TRANSITIVE_FIELDS, FORMULA, ENTITY_LOOKUP_TYPE)
VALUES ('2d20a8735d1c415b8a65e16c5d93b154', 0, '34dda97dbf4749468363d9d79ac6e2a2', 'docVersion', 'DOC_VERSION', 'NUMBER(20, 0)', '', 1, 'integer', '', '', '', '', '', '', '', 0, NULL, 18, NULL, NULL, '', '', 'system', systimestamp, '8', 0, 'entity.docVersion', '', '', '', '', '', '');
INSERT INTO CNT_FIELD_DEFINITION
 (ID, REVISION, PARENT_ID, FIELD_ID, COLUMN_NAME, COLUMN_TYPE, REPORT_COLUMN_NAME, PRODUCT_FIELD, FIELD_TYPE, ENTITY_LOOKUP, ENTITY_LOOKUP_KEY, ORDER_BY, GENERATOR, REFER_TABLE, KEY_COLUMN, LOOKUP_COLUMN, MANDATORY, MIN_LENGTH, MAX_LENGTH, MIN_VALUE, MAX_VALUE, CONSTANT_VALUE, UNIQUE_KEY, CREATE_USER, CREATED_ON, LINE_NO, MANAGED, FIELD_PATH, DATA_TYPE, DATA1, DATA2, TRANSITIVE_FIELDS, FORMULA, ENTITY_LOOKUP_TYPE)
VALUES ('6103d16e0396457dbc015e0711020892', 0, '34dda97dbf4749468363d9d79ac6e2a2', 'docRevision', 'DOC_REVISION', 'NUMBER(20, 0)', '', 1, 'integer', '', '', '', '', '', '', '', 0, NULL, 18, NULL, NULL, '', '', 'system', systimestamp, '9', 0, 'entity.docRevision', '', '', '', '', '', '');
INSERT INTO CNT_FIELD_DEFINITION
 (ID, REVISION, PARENT_ID, FIELD_ID, COLUMN_NAME, COLUMN_TYPE, REPORT_COLUMN_NAME, PRODUCT_FIELD, FIELD_TYPE, ENTITY_LOOKUP, ENTITY_LOOKUP_KEY, ORDER_BY, GENERATOR, REFER_TABLE, KEY_COLUMN, LOOKUP_COLUMN, MANDATORY, MIN_LENGTH, MAX_LENGTH, MIN_VALUE, MAX_VALUE, CONSTANT_VALUE, UNIQUE_KEY, CREATE_USER, CREATED_ON, LINE_NO, MANAGED, FIELD_PATH, DATA_TYPE, DATA1, DATA2, TRANSITIVE_FIELDS, FORMULA, ENTITY_LOOKUP_TYPE)
VALUES ('d7c2a46043d84a68876612629fe2c61d', 0, '34dda97dbf4749468363d9d79ac6e2a2', 'itemId', 'ITEM_ID', 'NVARCHAR2(400)', '', 1, 'string-m', '', '', '', '', '', '', '', 0, NULL, 400, NULL, NULL, '', '', 'system', systimestamp, '10', 0, 'entity.itemId', '', '', '', '', '', '');
INSERT INTO CNT_FIELD_DEFINITION
 (ID, REVISION, PARENT_ID, FIELD_ID, COLUMN_NAME, COLUMN_TYPE, REPORT_COLUMN_NAME, PRODUCT_FIELD, FIELD_TYPE, ENTITY_LOOKUP, ENTITY_LOOKUP_KEY, ORDER_BY, GENERATOR, REFER_TABLE, KEY_COLUMN, LOOKUP_COLUMN, MANDATORY, MIN_LENGTH, MAX_LENGTH, MIN_VALUE, MAX_VALUE, CONSTANT_VALUE, UNIQUE_KEY, CREATE_USER, CREATED_ON, LINE_NO, MANAGED, FIELD_PATH, DATA_TYPE, DATA1, DATA2, TRANSITIVE_FIELDS, FORMULA, ENTITY_LOOKUP_TYPE)
VALUES ('5a97c706aef1485f8bf6753569d2f022', 0, '34dda97dbf4749468363d9d79ac6e2a2', 'itemRevision', 'ITEM_REVISION', 'NUMBER(20, 0)', '', 1, 'integer', '', '', '', '', '', '', '', 0, NULL, 18, NULL, NULL, '', '', 'system', systimestamp, '11', 0, 'entity.itemRevision', '', '', '', '', '', '');
INSERT INTO CNT_FIELD_DEFINITION
 (ID, REVISION, PARENT_ID, FIELD_ID, COLUMN_NAME, COLUMN_TYPE, REPORT_COLUMN_NAME, PRODUCT_FIELD, FIELD_TYPE, ENTITY_LOOKUP, ENTITY_LOOKUP_KEY, ORDER_BY, GENERATOR, REFER_TABLE, KEY_COLUMN, LOOKUP_COLUMN, MANDATORY, MIN_LENGTH, MAX_LENGTH, MIN_VALUE, MAX_VALUE, CONSTANT_VALUE, UNIQUE_KEY, CREATE_USER, CREATED_ON, LINE_NO, MANAGED, FIELD_PATH, DATA_TYPE, DATA1, DATA2, TRANSITIVE_FIELDS, FORMULA, ENTITY_LOOKUP_TYPE)
VALUES ('1e7ba11d2f464041b29d2da9dca5a838', 0, '34dda97dbf4749468363d9d79ac6e2a2', 'itemEntityName', 'ITEM_ENTITY_NAME', 'NVARCHAR2(400)', '', 1, 'string-m', '', '', '', '', '', '', '', 0, NULL, 400, NULL, NULL, '', '', 'system', systimestamp, '12', 0, 'entity.itemEntityName', '', '', '', '', '', '');
INSERT INTO CNT_FIELD_DEFINITION
 (ID, REVISION, PARENT_ID, FIELD_ID, COLUMN_NAME, COLUMN_TYPE, REPORT_COLUMN_NAME, PRODUCT_FIELD, FIELD_TYPE, ENTITY_LOOKUP, ENTITY_LOOKUP_KEY, ORDER_BY, GENERATOR, REFER_TABLE, KEY_COLUMN, LOOKUP_COLUMN, MANDATORY, MIN_LENGTH, MAX_LENGTH, MIN_VALUE, MAX_VALUE, CONSTANT_VALUE, UNIQUE_KEY, CREATE_USER, CREATED_ON, LINE_NO, MANAGED, FIELD_PATH, DATA_TYPE, DATA1, DATA2, TRANSITIVE_FIELDS, FORMULA, ENTITY_LOOKUP_TYPE)
VALUES ('f3287348e86649a99e4fbdcf3c3c08a5', 0, '34dda97dbf4749468363d9d79ac6e2a2', 'type', 'TYPE', 'NUMBER(20, 0)', '', 1, 'integer', '', '', '', '', '', '', '', 0, NULL, 18, NULL, NULL, '', '', 'system', systimestamp, '13', 0, 'entity.type', '', '', '', '', '', '');
INSERT INTO CNT_FIELD_DEFINITION
 (ID, REVISION, PARENT_ID, FIELD_ID, COLUMN_NAME, COLUMN_TYPE, REPORT_COLUMN_NAME, PRODUCT_FIELD, FIELD_TYPE, ENTITY_LOOKUP, ENTITY_LOOKUP_KEY, ORDER_BY, GENERATOR, REFER_TABLE, KEY_COLUMN, LOOKUP_COLUMN, MANDATORY, MIN_LENGTH, MAX_LENGTH, MIN_VALUE, MAX_VALUE, CONSTANT_VALUE, UNIQUE_KEY, CREATE_USER, CREATED_ON, LINE_NO, MANAGED, FIELD_PATH, DATA_TYPE, DATA1, DATA2, TRANSITIVE_FIELDS, FORMULA, ENTITY_LOOKUP_TYPE)
VALUES ('e1695c720e8f46dd9fbaf1f783c3a170', 0, '34dda97dbf4749468363d9d79ac6e2a2', 'fieldId', 'FIELD_ID', 'NVARCHAR2(400)', '', 1, 'string-m', '', '', '', '', '', '', '', 0, NULL, 400, NULL, NULL, '', '', 'system', systimestamp, '14', 0, 'entity.fieldId', '', '', '', '', '', '');
INSERT INTO CNT_FIELD_DEFINITION
 (ID, REVISION, PARENT_ID, FIELD_ID, COLUMN_NAME, COLUMN_TYPE, REPORT_COLUMN_NAME, PRODUCT_FIELD, FIELD_TYPE, ENTITY_LOOKUP, ENTITY_LOOKUP_KEY, ORDER_BY, GENERATOR, REFER_TABLE, KEY_COLUMN, LOOKUP_COLUMN, MANDATORY, MIN_LENGTH, MAX_LENGTH, MIN_VALUE, MAX_VALUE, CONSTANT_VALUE, UNIQUE_KEY, CREATE_USER, CREATED_ON, LINE_NO, MANAGED, FIELD_PATH, DATA_TYPE, DATA1, DATA2, TRANSITIVE_FIELDS, FORMULA, ENTITY_LOOKUP_TYPE)
VALUES ('54f7592d5f794f85b5c149ca7f2ad856', 0, '34dda97dbf4749468363d9d79ac6e2a2', 'path', 'PATH', 'NVARCHAR2(1000)', '', 1, 'string-l', '', '', '', '', '', '', '', 0, NULL, 1000, NULL, NULL, '', '', 'system', systimestamp, '15', 0, 'entity.path', '', '', '', '', '', '');
INSERT INTO CNT_FIELD_DEFINITION
 (ID, REVISION, PARENT_ID, FIELD_ID, COLUMN_NAME, COLUMN_TYPE, REPORT_COLUMN_NAME, PRODUCT_FIELD, FIELD_TYPE, ENTITY_LOOKUP, ENTITY_LOOKUP_KEY, ORDER_BY, GENERATOR, REFER_TABLE, KEY_COLUMN, LOOKUP_COLUMN, MANDATORY, MIN_LENGTH, MAX_LENGTH, MIN_VALUE, MAX_VALUE, CONSTANT_VALUE, UNIQUE_KEY, CREATE_USER, CREATED_ON, LINE_NO, MANAGED, FIELD_PATH, DATA_TYPE, DATA1, DATA2, TRANSITIVE_FIELDS, FORMULA, ENTITY_LOOKUP_TYPE)
VALUES ('cbc4dcd7653f482491e4002e0257035f', 0, '34dda97dbf4749468363d9d79ac6e2a2', 'refValue', 'REF_VALUE', 'NVARCHAR2(400)', '', 1, 'string-m', '', '', '', '', '', '', '', 0, NULL, 400, NULL, NULL, '', '', 'system', systimestamp, '16', 0, 'entity.refValue', '', '', '', '', '', '');
INSERT INTO CNT_FIELD_DEFINITION
 (ID, REVISION, PARENT_ID, FIELD_ID, COLUMN_NAME, COLUMN_TYPE, REPORT_COLUMN_NAME, PRODUCT_FIELD, FIELD_TYPE, ENTITY_LOOKUP, ENTITY_LOOKUP_KEY, ORDER_BY, GENERATOR, REFER_TABLE, KEY_COLUMN, LOOKUP_COLUMN, MANDATORY, MIN_LENGTH, MAX_LENGTH, MIN_VALUE, MAX_VALUE, CONSTANT_VALUE, UNIQUE_KEY, CREATE_USER, CREATED_ON, LINE_NO, MANAGED, FIELD_PATH, DATA_TYPE, DATA1, DATA2, TRANSITIVE_FIELDS, FORMULA, ENTITY_LOOKUP_TYPE)
VALUES ('b327a712e60743b2aa1319730a886a82', 0, '34dda97dbf4749468363d9d79ac6e2a2', 'operation', 'OPERATION', 'NVARCHAR2(400)', '', 1, 'string-m', '', '', '', '', '', '', '', 0, NULL, 400, NULL, NULL, '', '', 'system', systimestamp, '17', 0, 'entity.operation', '', '', '', '', '', '');
INSERT INTO CNT_FIELD_DEFINITION
 (ID, REVISION, PARENT_ID, FIELD_ID, COLUMN_NAME, COLUMN_TYPE, REPORT_COLUMN_NAME, PRODUCT_FIELD, FIELD_TYPE, ENTITY_LOOKUP, ENTITY_LOOKUP_KEY, ORDER_BY, GENERATOR, REFER_TABLE, KEY_COLUMN, LOOKUP_COLUMN, MANDATORY, MIN_LENGTH, MAX_LENGTH, MIN_VALUE, MAX_VALUE, CONSTANT_VALUE, UNIQUE_KEY, CREATE_USER, CREATED_ON, LINE_NO, MANAGED, FIELD_PATH, DATA_TYPE, DATA1, DATA2, TRANSITIVE_FIELDS, FORMULA, ENTITY_LOOKUP_TYPE)
VALUES ('6e28c2c08b8f476dbd222f6d48c6dd2e', 0, '34dda97dbf4749468363d9d79ac6e2a2', 'valueBefore', 'VALUE_BEFORE', 'CLOB', '', 1, 'clob', '', '', '', '', '', '', '', 0, NULL, NULL, NULL, NULL, '', '', 'system', systimestamp, '18', 0, 'entity.valueBefore', '', '', '', '', '', '');
INSERT INTO CNT_FIELD_DEFINITION
 (ID, REVISION, PARENT_ID, FIELD_ID, COLUMN_NAME, COLUMN_TYPE, REPORT_COLUMN_NAME, PRODUCT_FIELD, FIELD_TYPE, ENTITY_LOOKUP, ENTITY_LOOKUP_KEY, ORDER_BY, GENERATOR, REFER_TABLE, KEY_COLUMN, LOOKUP_COLUMN, MANDATORY, MIN_LENGTH, MAX_LENGTH, MIN_VALUE, MAX_VALUE, CONSTANT_VALUE, UNIQUE_KEY, CREATE_USER, CREATED_ON, LINE_NO, MANAGED, FIELD_PATH, DATA_TYPE, DATA1, DATA2, TRANSITIVE_FIELDS, FORMULA, ENTITY_LOOKUP_TYPE)
VALUES ('f2e0ceab89d444459504f4e775f20655', 0, '34dda97dbf4749468363d9d79ac6e2a2', 'valueAfter', 'VALUE_AFTER', 'CLOB', '', 1, 'clob', '', '', '', '', '', '', '', 0, NULL, NULL, NULL, NULL, '', '', 'system', systimestamp, '19', 0, 'entity.valueAfter', '', '', '', '', '', '');
INSERT INTO CNT_FIELD_DEFINITION
 (ID, REVISION, PARENT_ID, FIELD_ID, COLUMN_NAME, COLUMN_TYPE, REPORT_COLUMN_NAME, PRODUCT_FIELD, FIELD_TYPE, ENTITY_LOOKUP, ENTITY_LOOKUP_KEY, ORDER_BY, GENERATOR, REFER_TABLE, KEY_COLUMN, LOOKUP_COLUMN, MANDATORY, MIN_LENGTH, MAX_LENGTH, MIN_VALUE, MAX_VALUE, CONSTANT_VALUE, UNIQUE_KEY, CREATE_USER, CREATED_ON, LINE_NO, MANAGED, FIELD_PATH, DATA_TYPE, DATA1, DATA2, TRANSITIVE_FIELDS, FORMULA, ENTITY_LOOKUP_TYPE)
VALUES ('23039f973322474c918a4c8f002693ac', 0, '34dda97dbf4749468363d9d79ac6e2a2', 'createUser', 'CREATE_USER', 'NVARCHAR2(100)', '', 1, 'string-s', '', '', '', '', '', '', '', 0, NULL, 100, NULL, NULL, '', '', 'system', systimestamp, '20', 0, 'entity.createUser', '', '', '', '', '', '');
INSERT INTO CNT_FIELD_DEFINITION
 (ID, REVISION, PARENT_ID, FIELD_ID, COLUMN_NAME, COLUMN_TYPE, REPORT_COLUMN_NAME, PRODUCT_FIELD, FIELD_TYPE, ENTITY_LOOKUP, ENTITY_LOOKUP_KEY, ORDER_BY, GENERATOR, REFER_TABLE, KEY_COLUMN, LOOKUP_COLUMN, MANDATORY, MIN_LENGTH, MAX_LENGTH, MIN_VALUE, MAX_VALUE, CONSTANT_VALUE, UNIQUE_KEY, CREATE_USER, CREATED_ON, LINE_NO, MANAGED, FIELD_PATH, DATA_TYPE, DATA1, DATA2, TRANSITIVE_FIELDS, FORMULA, ENTITY_LOOKUP_TYPE)
VALUES ('3b62ea37869b40f8ae9b900956a83dfd', 0, '34dda97dbf4749468363d9d79ac6e2a2', 'createUserName', 'CREATE_USER_NAME', 'NVARCHAR2(100)', '', 1, 'string-s', '', '', '', '', '', '', '', 0, NULL, 100, NULL, NULL, '', '', 'system', systimestamp, '21', 0, 'entity.createUserName', '', '', '', '', '', '');
INSERT INTO CNT_FIELD_DEFINITION
 (ID, REVISION, PARENT_ID, FIELD_ID, COLUMN_NAME, COLUMN_TYPE, REPORT_COLUMN_NAME, PRODUCT_FIELD, FIELD_TYPE, ENTITY_LOOKUP, ENTITY_LOOKUP_KEY, ORDER_BY, GENERATOR, REFER_TABLE, KEY_COLUMN, LOOKUP_COLUMN, MANDATORY, MIN_LENGTH, MAX_LENGTH, MIN_VALUE, MAX_VALUE, CONSTANT_VALUE, UNIQUE_KEY, CREATE_USER, CREATED_ON, LINE_NO, MANAGED, FIELD_PATH, DATA_TYPE, DATA1, DATA2, TRANSITIVE_FIELDS, FORMULA, ENTITY_LOOKUP_TYPE)
VALUES ('58678a87d17d444fa3602776e07635b7', 0, '34dda97dbf4749468363d9d79ac6e2a2', 'createdOn', 'CREATED_ON', 'TIMESTAMP', '', 1, 'timestamp', '', '', '', '', '', '', '', 0, NULL, NULL, NULL, NULL, '', '', 'system', systimestamp, '22', 0, 'entity.createdOn', '', '', '', '', '', '');
INSERT INTO CNT_FIELD_DEFINITION
 (ID, REVISION, PARENT_ID, FIELD_ID, COLUMN_NAME, COLUMN_TYPE, REPORT_COLUMN_NAME, PRODUCT_FIELD, FIELD_TYPE, ENTITY_LOOKUP, ENTITY_LOOKUP_KEY, ORDER_BY, GENERATOR, REFER_TABLE, KEY_COLUMN, LOOKUP_COLUMN, MANDATORY, MIN_LENGTH, MAX_LENGTH, MIN_VALUE, MAX_VALUE, CONSTANT_VALUE, UNIQUE_KEY, CREATE_USER, CREATED_ON, LINE_NO, MANAGED, FIELD_PATH, DATA_TYPE, DATA1, DATA2, TRANSITIVE_FIELDS, FORMULA, ENTITY_LOOKUP_TYPE)
VALUES ('11b55e37d6804b7e851cf47c568e5f47', 0, '34dda97dbf4749468363d9d79ac6e2a2', 'trackingLevel', 'TRACKING_LEVEL', 'NUMBER(20, 0)', '', 1, 'integer', '', '', '', '', '', '', '', 0, NULL, 18, NULL, NULL, '', '', 'system', systimestamp, '23', 0, 'entity.trackingLevel', '', '', '', '', '', '');
INSERT INTO CNT_ENTITY_DEFINITION
 (ID, REVISION, ENTITY_NAME, ENTITY_VERSION, PRODUCT_TABLE_NAME, CUSTOM_TABLE_NAME, REPORT_TABLE_NAME, MODULE, TYPE, REVISION_TRACKING, VERSION_TRACKING, HISTORY_ENTITY_NAME, REF_PATTERN, SYSTEM_ENTITY, CREATE_USER, CREATED_ON, IS_FOR_EXTERNAL)
VALUES ('704bf94a909144c2b1ba6d8669784b95', 0, 'CustAttachment', 1, 'CNT_CUST_ATTACHMENT', 'CTM_CUST', 'CUSTOMER_ATTACHMENT', 'cust', 'inner', 'ALL', 'ALL', '', '', 0, 'system', systimestamp, 0);
INSERT INTO CNT_FIELD_DEFINITION
 (ID, REVISION, PARENT_ID, FIELD_ID, COLUMN_NAME, COLUMN_TYPE, REPORT_COLUMN_NAME, PRODUCT_FIELD, FIELD_TYPE, ENTITY_LOOKUP, ENTITY_LOOKUP_KEY, ORDER_BY, GENERATOR, REFER_TABLE, KEY_COLUMN, LOOKUP_COLUMN, MANDATORY, MIN_LENGTH, MAX_LENGTH, MIN_VALUE, MAX_VALUE, CONSTANT_VALUE, UNIQUE_KEY, CREATE_USER, CREATED_ON, LINE_NO, MANAGED, FIELD_PATH, DATA_TYPE, DATA1, DATA2, TRANSITIVE_FIELDS, FORMULA, ENTITY_LOOKUP_TYPE)
VALUES ('858a4cec81bf4f6f8cc90e4566f1e5b6', 0, '704bf94a909144c2b1ba6d8669784b95', 'id', 'ID', 'CHAR(32)', '', 1, 'id', '', '', '', 'com.core.cbx.data.generator.UUIDGenerator', '', '', '', 0, 32, 32, NULL, NULL, '', '', 'system', systimestamp, '0', 0, 'entity.custAttachment.id', '', '', '', '', '', '');
INSERT INTO CNT_FIELD_DEFINITION
 (ID, REVISION, PARENT_ID, FIELD_ID, COLUMN_NAME, COLUMN_TYPE, REPORT_COLUMN_NAME, PRODUCT_FIELD, FIELD_TYPE, ENTITY_LOOKUP, ENTITY_LOOKUP_KEY, ORDER_BY, GENERATOR, REFER_TABLE, KEY_COLUMN, LOOKUP_COLUMN, MANDATORY, MIN_LENGTH, MAX_LENGTH, MIN_VALUE, MAX_VALUE, CONSTANT_VALUE, UNIQUE_KEY, CREATE_USER, CREATED_ON, LINE_NO, MANAGED, FIELD_PATH, DATA_TYPE, DATA1, DATA2, TRANSITIVE_FIELDS, FORMULA, ENTITY_LOOKUP_TYPE)
VALUES ('ea45414a297b49319b7b43aea3aa9c9d', 0, '704bf94a909144c2b1ba6d8669784b95', 'revision', 'REVISION', 'NUMBER(20, 0)', '', 1, 'integer', '', '', '', '', '', '', '', 0, NULL, 18, NULL, NULL, '', '', 'system', systimestamp, '1', 0, 'entity.custAttachment.revision', '', '', '', '', '', '');
INSERT INTO CNT_FIELD_DEFINITION
 (ID, REVISION, PARENT_ID, FIELD_ID, COLUMN_NAME, COLUMN_TYPE, REPORT_COLUMN_NAME, PRODUCT_FIELD, FIELD_TYPE, ENTITY_LOOKUP, ENTITY_LOOKUP_KEY, ORDER_BY, GENERATOR, REFER_TABLE, KEY_COLUMN, LOOKUP_COLUMN, MANDATORY, MIN_LENGTH, MAX_LENGTH, MIN_VALUE, MAX_VALUE, CONSTANT_VALUE, UNIQUE_KEY, CREATE_USER, CREATED_ON, LINE_NO, MANAGED, FIELD_PATH, DATA_TYPE, DATA1, DATA2, TRANSITIVE_FIELDS, FORMULA, ENTITY_LOOKUP_TYPE)
VALUES ('407bb1c00a8e40df87880241bb536755', 0, '704bf94a909144c2b1ba6d8669784b95', 'entityVersion', 'ENTITY_VERSION', 'NUMBER(20, 0)', '', 1, 'integer', '', '', '', '', '', '', '', 0, NULL, 18, NULL, NULL, '', '', 'system', systimestamp, '2', 0, 'entity.custAttachment.entityVersion', '', '', '', '', '', '');
INSERT INTO CNT_FIELD_DEFINITION
 (ID, REVISION, PARENT_ID, FIELD_ID, COLUMN_NAME, COLUMN_TYPE, REPORT_COLUMN_NAME, PRODUCT_FIELD, FIELD_TYPE, ENTITY_LOOKUP, ENTITY_LOOKUP_KEY, ORDER_BY, GENERATOR, REFER_TABLE, KEY_COLUMN, LOOKUP_COLUMN, MANDATORY, MIN_LENGTH, MAX_LENGTH, MIN_VALUE, MAX_VALUE, CONSTANT_VALUE, UNIQUE_KEY, CREATE_USER, CREATED_ON, LINE_NO, MANAGED, FIELD_PATH, DATA_TYPE, DATA1, DATA2, TRANSITIVE_FIELDS, FORMULA, ENTITY_LOOKUP_TYPE)
VALUES ('5eaec07e3d3a4a508158878e4a4ab606', 0, '704bf94a909144c2b1ba6d8669784b95', 'domainId', 'DOMAIN_ID', 'NVARCHAR2(400)', '', 1, 'string-m', '', '', '', '', '', '', '', 0, NULL, 400, NULL, NULL, '', '', 'system', systimestamp, '3', 0, 'entity.custAttachment.domainId', '', '', '', '', '', '');
INSERT INTO CNT_FIELD_DEFINITION
 (ID, REVISION, PARENT_ID, FIELD_ID, COLUMN_NAME, COLUMN_TYPE, REPORT_COLUMN_NAME, PRODUCT_FIELD, FIELD_TYPE, ENTITY_LOOKUP, ENTITY_LOOKUP_KEY, ORDER_BY, GENERATOR, REFER_TABLE, KEY_COLUMN, LOOKUP_COLUMN, MANDATORY, MIN_LENGTH, MAX_LENGTH, MIN_VALUE, MAX_VALUE, CONSTANT_VALUE, UNIQUE_KEY, CREATE_USER, CREATED_ON, LINE_NO, MANAGED, FIELD_PATH, DATA_TYPE, DATA1, DATA2, TRANSITIVE_FIELDS, FORMULA, ENTITY_LOOKUP_TYPE)
VALUES ('0a99b469d8a8431cbe31a624f13e6ef7', 0, '704bf94a909144c2b1ba6d8669784b95', 'hubDomainId', 'HUB_DOMAIN_ID', 'NVARCHAR2(400)', '', 1, 'string-m', '', '', '', '', '', '', '', 0, NULL, 400, NULL, NULL, '', '', 'system', systimestamp, '4', 0, 'entity.custAttachment.hubDomainId', '', '', '', '', '', '');
INSERT INTO CNT_FIELD_DEFINITION
 (ID, REVISION, PARENT_ID, FIELD_ID, COLUMN_NAME, COLUMN_TYPE, REPORT_COLUMN_NAME, PRODUCT_FIELD, FIELD_TYPE, ENTITY_LOOKUP, ENTITY_LOOKUP_KEY, ORDER_BY, GENERATOR, REFER_TABLE, KEY_COLUMN, LOOKUP_COLUMN, MANDATORY, MIN_LENGTH, MAX_LENGTH, MIN_VALUE, MAX_VALUE, CONSTANT_VALUE, UNIQUE_KEY, CREATE_USER, CREATED_ON, LINE_NO, MANAGED, FIELD_PATH, DATA_TYPE, DATA1, DATA2, TRANSITIVE_FIELDS, FORMULA, ENTITY_LOOKUP_TYPE)
VALUES ('e0ae7c4247a441fcbb4514f396a731c7', 0, '704bf94a909144c2b1ba6d8669784b95', 'isForReference', 'IS_FOR_REFERENCE', 'NUMBER(1,0)', '', 1, 'boolean', '', '', '', '', '', '', '', 0, NULL, NULL, NULL, NULL, '', '', 'system', systimestamp, '5', 0, 'entity.custAttachment.isForReference', '', '', '', '', '', '');
INSERT INTO CNT_FIELD_DEFINITION
 (ID, REVISION, PARENT_ID, FIELD_ID, COLUMN_NAME, COLUMN_TYPE, REPORT_COLUMN_NAME, PRODUCT_FIELD, FIELD_TYPE, ENTITY_LOOKUP, ENTITY_LOOKUP_KEY, ORDER_BY, GENERATOR, REFER_TABLE, KEY_COLUMN, LOOKUP_COLUMN, MANDATORY, MIN_LENGTH, MAX_LENGTH, MIN_VALUE, MAX_VALUE, CONSTANT_VALUE, UNIQUE_KEY, CREATE_USER, CREATED_ON, LINE_NO, MANAGED, FIELD_PATH, DATA_TYPE, DATA1, DATA2, TRANSITIVE_FIELDS, FORMULA, ENTITY_LOOKUP_TYPE)
VALUES ('ddd76b2453b04e4d9cbe6b64407f7ab6', 0, '704bf94a909144c2b1ba6d8669784b95', 'internalSeqNo', 'INTERNAL_SEQ_NO', 'NUMBER(20, 0)', 'n/a', 1, 'integer', '', '', '', '', '', '', '', 0, NULL, 18, NULL, NULL, '', '', 'system', systimestamp, '6', 0, 'entity.custAttachment.internalSeqNo', '', '', '', '', '', '');
INSERT INTO CNT_FIELD_DEFINITION
 (ID, REVISION, PARENT_ID, FIELD_ID, COLUMN_NAME, COLUMN_TYPE, REPORT_COLUMN_NAME, PRODUCT_FIELD, FIELD_TYPE, ENTITY_LOOKUP, ENTITY_LOOKUP_KEY, ORDER_BY, GENERATOR, REFER_TABLE, KEY_COLUMN, LOOKUP_COLUMN, MANDATORY, MIN_LENGTH, MAX_LENGTH, MIN_VALUE, MAX_VALUE, CONSTANT_VALUE, UNIQUE_KEY, CREATE_USER, CREATED_ON, LINE_NO, MANAGED, FIELD_PATH, DATA_TYPE, DATA1, DATA2, TRANSITIVE_FIELDS, FORMULA, ENTITY_LOOKUP_TYPE)
VALUES ('db38a94244f44a3f98ed7b8e5f0b36ed', 0, '704bf94a909144c2b1ba6d8669784b95', 'custId', 'CUST_ID', 'CHAR(32)', 'CUSTOMER_SYS_ID', 1, 'id', '', '', '', '', '', '', '', 1, 32, 32, NULL, NULL, '', '', 'system', systimestamp, '7', 0, 'entity.custAttachment.custId', '', '', '', '', '', '');
INSERT INTO CNT_FIELD_DEFINITION
 (ID, REVISION, PARENT_ID, FIELD_ID, COLUMN_NAME, COLUMN_TYPE, REPORT_COLUMN_NAME, PRODUCT_FIELD, FIELD_TYPE, ENTITY_LOOKUP, ENTITY_LOOKUP_KEY, ORDER_BY, GENERATOR, REFER_TABLE, KEY_COLUMN, LOOKUP_COLUMN, MANDATORY, MIN_LENGTH, MAX_LENGTH, MIN_VALUE, MAX_VALUE, CONSTANT_VALUE, UNIQUE_KEY, CREATE_USER, CREATED_ON, LINE_NO, MANAGED, FIELD_PATH, DATA_TYPE, DATA1, DATA2, TRANSITIVE_FIELDS, FORMULA, ENTITY_LOOKUP_TYPE)
VALUES ('4cdc25d94c3b4a5b84608f84e14cf41d', 0, '704bf94a909144c2b1ba6d8669784b95', 'description', 'DESCRIPTION', 'NVARCHAR2(1000)', 'ATTACHMENT_DESC', 1, 'string-l', '', '', '', '', '', '', '', 0, NULL, 1000, NULL, NULL, '', '', 'system', systimestamp, '8', 0, 'entity.custAttachment.description', '', '', '', '', '', '');
INSERT INTO CNT_FIELD_DEFINITION
 (ID, REVISION, PARENT_ID, FIELD_ID, COLUMN_NAME, COLUMN_TYPE, REPORT_COLUMN_NAME, PRODUCT_FIELD, FIELD_TYPE, ENTITY_LOOKUP, ENTITY_LOOKUP_KEY, ORDER_BY, GENERATOR, REFER_TABLE, KEY_COLUMN, LOOKUP_COLUMN, MANDATORY, MIN_LENGTH, MAX_LENGTH, MIN_VALUE, MAX_VALUE, CONSTANT_VALUE, UNIQUE_KEY, CREATE_USER, CREATED_ON, LINE_NO, MANAGED, FIELD_PATH, DATA_TYPE, DATA1, DATA2, TRANSITIVE_FIELDS, FORMULA, ENTITY_LOOKUP_TYPE)
VALUES ('d194a460dbaf4c50b5ce501d7858f518', 0, '704bf94a909144c2b1ba6d8669784b95', 'fileId', 'FILE_ID', 'CHAR(32)', 'ATTACHMENT_SYS_ID', 1, 'entity', 'Attachment', 'id', '', '', '', '', '', 0, 32, 32, NULL, NULL, '', '', 'system', systimestamp, '9', 0, 'entity.custAttachment.fileId', '', '', '', '', '', '');
INSERT INTO CNT_FIELD_DEFINITION
 (ID, REVISION, PARENT_ID, FIELD_ID, COLUMN_NAME, COLUMN_TYPE, REPORT_COLUMN_NAME, PRODUCT_FIELD, FIELD_TYPE, ENTITY_LOOKUP, ENTITY_LOOKUP_KEY, ORDER_BY, GENERATOR, REFER_TABLE, KEY_COLUMN, LOOKUP_COLUMN, MANDATORY, MIN_LENGTH, MAX_LENGTH, MIN_VALUE, MAX_VALUE, CONSTANT_VALUE, UNIQUE_KEY, CREATE_USER, CREATED_ON, LINE_NO, MANAGED, FIELD_PATH, DATA_TYPE, DATA1, DATA2, TRANSITIVE_FIELDS, FORMULA, ENTITY_LOOKUP_TYPE)
VALUES ('893531fe126f47cd8d8ff632a14e799f', 0, '704bf94a909144c2b1ba6d8669784b95', 'attachTypeId', 'ATTACH_TYPE_ID', '', '', 1, 'selection', 'SelectionField', 'parentId', '', '', '', '', '', 0, NULL, NULL, NULL, NULL, '', '', 'system', systimestamp, '10', 0, 'entity.custAttachment.attachTypeId', 'selection-codelist', 'ATTACHMENT_TYPE', '', '', '', '');
INSERT INTO CNT_FIELD_DEFINITION
 (ID, REVISION, PARENT_ID, FIELD_ID, COLUMN_NAME, COLUMN_TYPE, REPORT_COLUMN_NAME, PRODUCT_FIELD, FIELD_TYPE, ENTITY_LOOKUP, ENTITY_LOOKUP_KEY, ORDER_BY, GENERATOR, REFER_TABLE, KEY_COLUMN, LOOKUP_COLUMN, MANDATORY, MIN_LENGTH, MAX_LENGTH, MIN_VALUE, MAX_VALUE, CONSTANT_VALUE, UNIQUE_KEY, CREATE_USER, CREATED_ON, LINE_NO, MANAGED, FIELD_PATH, DATA_TYPE, DATA1, DATA2, TRANSITIVE_FIELDS, FORMULA, ENTITY_LOOKUP_TYPE)
VALUES ('89dab036f6664bad8c178e2568429a33', 0, '704bf94a909144c2b1ba6d8669784b95', 'custText1', 'CUST_TEXT1', 'NVARCHAR2(1000)', 'CUSTOM_FIELD_TEXT1', 0, 'string-l', '', '', '', '', '', '', '', 0, NULL, 1000, NULL, NULL, '', '', 'system', systimestamp, '11', 0, 'entity.custAttachment.custText1', '', '', '', '', '', '');
INSERT INTO CNT_FIELD_DEFINITION
 (ID, REVISION, PARENT_ID, FIELD_ID, COLUMN_NAME, COLUMN_TYPE, REPORT_COLUMN_NAME, PRODUCT_FIELD, FIELD_TYPE, ENTITY_LOOKUP, ENTITY_LOOKUP_KEY, ORDER_BY, GENERATOR, REFER_TABLE, KEY_COLUMN, LOOKUP_COLUMN, MANDATORY, MIN_LENGTH, MAX_LENGTH, MIN_VALUE, MAX_VALUE, CONSTANT_VALUE, UNIQUE_KEY, CREATE_USER, CREATED_ON, LINE_NO, MANAGED, FIELD_PATH, DATA_TYPE, DATA1, DATA2, TRANSITIVE_FIELDS, FORMULA, ENTITY_LOOKUP_TYPE)
VALUES ('fae796a905f044998cb55613ff0d0abb', 0, '704bf94a909144c2b1ba6d8669784b95', 'custText2', 'CUST_TEXT2', 'NVARCHAR2(1000)', 'CUSTOM_FIELD_TEXT2', 0, 'string-l', '', '', '', '', '', '', '', 0, NULL, 1000, NULL, NULL, '', '', 'system', systimestamp, '12', 0, 'entity.custAttachment.custText2', '', '', '', '', '', '');
INSERT INTO CNT_FIELD_DEFINITION
 (ID, REVISION, PARENT_ID, FIELD_ID, COLUMN_NAME, COLUMN_TYPE, REPORT_COLUMN_NAME, PRODUCT_FIELD, FIELD_TYPE, ENTITY_LOOKUP, ENTITY_LOOKUP_KEY, ORDER_BY, GENERATOR, REFER_TABLE, KEY_COLUMN, LOOKUP_COLUMN, MANDATORY, MIN_LENGTH, MAX_LENGTH, MIN_VALUE, MAX_VALUE, CONSTANT_VALUE, UNIQUE_KEY, CREATE_USER, CREATED_ON, LINE_NO, MANAGED, FIELD_PATH, DATA_TYPE, DATA1, DATA2, TRANSITIVE_FIELDS, FORMULA, ENTITY_LOOKUP_TYPE)
VALUES ('3a0bf269b81e4061b7047fe897a65637', 0, '704bf94a909144c2b1ba6d8669784b95', 'custText3', 'CUST_TEXT3', 'NVARCHAR2(1000)', 'CUSTOM_FIELD_TEXT3', 0, 'string-l', '', '', '', '', '', '', '', 0, NULL, 1000, NULL, NULL, '', '', 'system', systimestamp, '13', 0, 'entity.custAttachment.custText3', '', '', '', '', '', '');
INSERT INTO CNT_FIELD_DEFINITION
 (ID, REVISION, PARENT_ID, FIELD_ID, COLUMN_NAME, COLUMN_TYPE, REPORT_COLUMN_NAME, PRODUCT_FIELD, FIELD_TYPE, ENTITY_LOOKUP, ENTITY_LOOKUP_KEY, ORDER_BY, GENERATOR, REFER_TABLE, KEY_COLUMN, LOOKUP_COLUMN, MANDATORY, MIN_LENGTH, MAX_LENGTH, MIN_VALUE, MAX_VALUE, CONSTANT_VALUE, UNIQUE_KEY, CREATE_USER, CREATED_ON, LINE_NO, MANAGED, FIELD_PATH, DATA_TYPE, DATA1, DATA2, TRANSITIVE_FIELDS, FORMULA, ENTITY_LOOKUP_TYPE)
VALUES ('04efb49d0b9943f68a56fad47842b223', 0, '704bf94a909144c2b1ba6d8669784b95', 'custText4', 'CUST_TEXT4', 'NVARCHAR2(1000)', 'CUSTOM_FIELD_TEXT4', 0, 'string-l', '', '', '', '', '', '', '', 0, NULL, 1000, NULL, NULL, '', '', 'system', systimestamp, '14', 0, 'entity.custAttachment.custText4', '', '', '', '', '', '');
INSERT INTO CNT_FIELD_DEFINITION
 (ID, REVISION, PARENT_ID, FIELD_ID, COLUMN_NAME, COLUMN_TYPE, REPORT_COLUMN_NAME, PRODUCT_FIELD, FIELD_TYPE, ENTITY_LOOKUP, ENTITY_LOOKUP_KEY, ORDER_BY, GENERATOR, REFER_TABLE, KEY_COLUMN, LOOKUP_COLUMN, MANDATORY, MIN_LENGTH, MAX_LENGTH, MIN_VALUE, MAX_VALUE, CONSTANT_VALUE, UNIQUE_KEY, CREATE_USER, CREATED_ON, LINE_NO, MANAGED, FIELD_PATH, DATA_TYPE, DATA1, DATA2, TRANSITIVE_FIELDS, FORMULA, ENTITY_LOOKUP_TYPE)
VALUES ('0e5800394a1e4c0982820f40d5f20a70', 0, '704bf94a909144c2b1ba6d8669784b95', 'custText5', 'CUST_TEXT5', 'NVARCHAR2(1000)', 'CUSTOM_FIELD_TEXT5', 0, 'string-l', '', '', '', '', '', '', '', 0, NULL, 1000, NULL, NULL, '', '', 'system', systimestamp, '15', 0, 'entity.custAttachment.custText5', '', '', '', '', '', '');
INSERT INTO CNT_FIELD_DEFINITION
 (ID, REVISION, PARENT_ID, FIELD_ID, COLUMN_NAME, COLUMN_TYPE, REPORT_COLUMN_NAME, PRODUCT_FIELD, FIELD_TYPE, ENTITY_LOOKUP, ENTITY_LOOKUP_KEY, ORDER_BY, GENERATOR, REFER_TABLE, KEY_COLUMN, LOOKUP_COLUMN, MANDATORY, MIN_LENGTH, MAX_LENGTH, MIN_VALUE, MAX_VALUE, CONSTANT_VALUE, UNIQUE_KEY, CREATE_USER, CREATED_ON, LINE_NO, MANAGED, FIELD_PATH, DATA_TYPE, DATA1, DATA2, TRANSITIVE_FIELDS, FORMULA, ENTITY_LOOKUP_TYPE)
VALUES ('c706ad5b82b54b339cc9333033e018bf', 0, '704bf94a909144c2b1ba6d8669784b95', 'custText6', 'CUST_TEXT6', 'NVARCHAR2(1000)', 'CUSTOM_FIELD_TEXT6', 0, 'string-l', '', '', '', '', '', '', '', 0, NULL, 1000, NULL, NULL, '', '', 'system', systimestamp, '16', 0, 'entity.custAttachment.custText6', '', '', '', '', '', '');
INSERT INTO CNT_FIELD_DEFINITION
 (ID, REVISION, PARENT_ID, FIELD_ID, COLUMN_NAME, COLUMN_TYPE, REPORT_COLUMN_NAME, PRODUCT_FIELD, FIELD_TYPE, ENTITY_LOOKUP, ENTITY_LOOKUP_KEY, ORDER_BY, GENERATOR, REFER_TABLE, KEY_COLUMN, LOOKUP_COLUMN, MANDATORY, MIN_LENGTH, MAX_LENGTH, MIN_VALUE, MAX_VALUE, CONSTANT_VALUE, UNIQUE_KEY, CREATE_USER, CREATED_ON, LINE_NO, MANAGED, FIELD_PATH, DATA_TYPE, DATA1, DATA2, TRANSITIVE_FIELDS, FORMULA, ENTITY_LOOKUP_TYPE)
VALUES ('a8b4a7be870f4c2f83ee3f070772a9c3', 0, '704bf94a909144c2b1ba6d8669784b95', 'custText7', 'CUST_TEXT7', 'NVARCHAR2(1000)', 'CUSTOM_FIELD_TEXT7', 0, 'string-l', '', '', '', '', '', '', '', 0, NULL, 1000, NULL, NULL, '', '', 'system', systimestamp, '17', 0, 'entity.custAttachment.custText7', '', '', '', '', '', '');
INSERT INTO CNT_FIELD_DEFINITION
 (ID, REVISION, PARENT_ID, FIELD_ID, COLUMN_NAME, COLUMN_TYPE, REPORT_COLUMN_NAME, PRODUCT_FIELD, FIELD_TYPE, ENTITY_LOOKUP, ENTITY_LOOKUP_KEY, ORDER_BY, GENERATOR, REFER_TABLE, KEY_COLUMN, LOOKUP_COLUMN, MANDATORY, MIN_LENGTH, MAX_LENGTH, MIN_VALUE, MAX_VALUE, CONSTANT_VALUE, UNIQUE_KEY, CREATE_USER, CREATED_ON, LINE_NO, MANAGED, FIELD_PATH, DATA_TYPE, DATA1, DATA2, TRANSITIVE_FIELDS, FORMULA, ENTITY_LOOKUP_TYPE)
VALUES ('9712033ef9c54db081423e0c76498d21', 0, '704bf94a909144c2b1ba6d8669784b95', 'custDate1', 'CUST_DATE1', 'DATE', 'CUSTOM_FIELD_DATE1', 0, 'date', '', '', '', '', '', '', '', 0, NULL, NULL, NULL, NULL, '', '', 'system', systimestamp, '18', 0, 'entity.custAttachment.custDate1', '', '', '', '', '', '');
INSERT INTO CNT_FIELD_DEFINITION
 (ID, REVISION, PARENT_ID, FIELD_ID, COLUMN_NAME, COLUMN_TYPE, REPORT_COLUMN_NAME, PRODUCT_FIELD, FIELD_TYPE, ENTITY_LOOKUP, ENTITY_LOOKUP_KEY, ORDER_BY, GENERATOR, REFER_TABLE, KEY_COLUMN, LOOKUP_COLUMN, MANDATORY, MIN_LENGTH, MAX_LENGTH, MIN_VALUE, MAX_VALUE, CONSTANT_VALUE, UNIQUE_KEY, CREATE_USER, CREATED_ON, LINE_NO, MANAGED, FIELD_PATH, DATA_TYPE, DATA1, DATA2, TRANSITIVE_FIELDS, FORMULA, ENTITY_LOOKUP_TYPE)
VALUES ('a0d0f68cd42f42a98ded2a867c09d8bf', 0, '704bf94a909144c2b1ba6d8669784b95', 'custDate2', 'CUST_DATE2', 'DATE', 'CUSTOM_FIELD_DATE2', 0, 'date', '', '', '', '', '', '', '', 0, NULL, NULL, NULL, NULL, '', '', 'system', systimestamp, '19', 0, 'entity.custAttachment.custDate2', '', '', '', '', '', '');
INSERT INTO CNT_FIELD_DEFINITION
 (ID, REVISION, PARENT_ID, FIELD_ID, COLUMN_NAME, COLUMN_TYPE, REPORT_COLUMN_NAME, PRODUCT_FIELD, FIELD_TYPE, ENTITY_LOOKUP, ENTITY_LOOKUP_KEY, ORDER_BY, GENERATOR, REFER_TABLE, KEY_COLUMN, LOOKUP_COLUMN, MANDATORY, MIN_LENGTH, MAX_LENGTH, MIN_VALUE, MAX_VALUE, CONSTANT_VALUE, UNIQUE_KEY, CREATE_USER, CREATED_ON, LINE_NO, MANAGED, FIELD_PATH, DATA_TYPE, DATA1, DATA2, TRANSITIVE_FIELDS, FORMULA, ENTITY_LOOKUP_TYPE)
VALUES ('fc0ec005203149e1b7a61cec16042555', 0, '704bf94a909144c2b1ba6d8669784b95', 'custDate3', 'CUST_DATE3', 'DATE', 'CUSTOM_FIELD_DATE3', 0, 'date', '', '', '', '', '', '', '', 0, NULL, NULL, NULL, NULL, '', '', 'system', systimestamp, '20', 0, 'entity.custAttachment.custDate3', '', '', '', '', '', '');
INSERT INTO CNT_FIELD_DEFINITION
 (ID, REVISION, PARENT_ID, FIELD_ID, COLUMN_NAME, COLUMN_TYPE, REPORT_COLUMN_NAME, PRODUCT_FIELD, FIELD_TYPE, ENTITY_LOOKUP, ENTITY_LOOKUP_KEY, ORDER_BY, GENERATOR, REFER_TABLE, KEY_COLUMN, LOOKUP_COLUMN, MANDATORY, MIN_LENGTH, MAX_LENGTH, MIN_VALUE, MAX_VALUE, CONSTANT_VALUE, UNIQUE_KEY, CREATE_USER, CREATED_ON, LINE_NO, MANAGED, FIELD_PATH, DATA_TYPE, DATA1, DATA2, TRANSITIVE_FIELDS, FORMULA, ENTITY_LOOKUP_TYPE)
VALUES ('b74d80b016df4b6b9e234807509d408e', 0, '704bf94a909144c2b1ba6d8669784b95', 'custDate4', 'CUST_DATE4', 'DATE', 'CUSTOM_FIELD_DATE4', 0, 'date', '', '', '', '', '', '', '', 0, NULL, NULL, NULL, NULL, '', '', 'system', systimestamp, '21', 0, 'entity.custAttachment.custDate4', '', '', '', '', '', '');
INSERT INTO CNT_FIELD_DEFINITION
 (ID, REVISION, PARENT_ID, FIELD_ID, COLUMN_NAME, COLUMN_TYPE, REPORT_COLUMN_NAME, PRODUCT_FIELD, FIELD_TYPE, ENTITY_LOOKUP, ENTITY_LOOKUP_KEY, ORDER_BY, GENERATOR, REFER_TABLE, KEY_COLUMN, LOOKUP_COLUMN, MANDATORY, MIN_LENGTH, MAX_LENGTH, MIN_VALUE, MAX_VALUE, CONSTANT_VALUE, UNIQUE_KEY, CREATE_USER, CREATED_ON, LINE_NO, MANAGED, FIELD_PATH, DATA_TYPE, DATA1, DATA2, TRANSITIVE_FIELDS, FORMULA, ENTITY_LOOKUP_TYPE)
VALUES ('d1bc7d25fe4a4008926e8f8e6828747b', 0, '704bf94a909144c2b1ba6d8669784b95', 'custDate5', 'CUST_DATE5', 'DATE', 'CUSTOM_FIELD_DATE5', 0, 'date', '', '', '', '', '', '', '', 0, NULL, NULL, NULL, NULL, '', '', 'system', systimestamp, '22', 0, 'entity.custAttachment.custDate5', '', '', '', '', '', '');
INSERT INTO CNT_FIELD_DEFINITION
 (ID, REVISION, PARENT_ID, FIELD_ID, COLUMN_NAME, COLUMN_TYPE, REPORT_COLUMN_NAME, PRODUCT_FIELD, FIELD_TYPE, ENTITY_LOOKUP, ENTITY_LOOKUP_KEY, ORDER_BY, GENERATOR, REFER_TABLE, KEY_COLUMN, LOOKUP_COLUMN, MANDATORY, MIN_LENGTH, MAX_LENGTH, MIN_VALUE, MAX_VALUE, CONSTANT_VALUE, UNIQUE_KEY, CREATE_USER, CREATED_ON, LINE_NO, MANAGED, FIELD_PATH, DATA_TYPE, DATA1, DATA2, TRANSITIVE_FIELDS, FORMULA, ENTITY_LOOKUP_TYPE)
VALUES ('28814281cda042a9b7b0dceedc983751', 0, '704bf94a909144c2b1ba6d8669784b95', 'custDate6', 'CUST_DATE6', 'DATE', 'CUSTOM_FIELD_DATE6', 0, 'date', '', '', '', '', '', '', '', 0, NULL, NULL, NULL, NULL, '', '', 'system', systimestamp, '23', 0, 'entity.custAttachment.custDate6', '', '', '', '', '', '');
INSERT INTO CNT_FIELD_DEFINITION
 (ID, REVISION, PARENT_ID, FIELD_ID, COLUMN_NAME, COLUMN_TYPE, REPORT_COLUMN_NAME, PRODUCT_FIELD, FIELD_TYPE, ENTITY_LOOKUP, ENTITY_LOOKUP_KEY, ORDER_BY, GENERATOR, REFER_TABLE, KEY_COLUMN, LOOKUP_COLUMN, MANDATORY, MIN_LENGTH, MAX_LENGTH, MIN_VALUE, MAX_VALUE, CONSTANT_VALUE, UNIQUE_KEY, CREATE_USER, CREATED_ON, LINE_NO, MANAGED, FIELD_PATH, DATA_TYPE, DATA1, DATA2, TRANSITIVE_FIELDS, FORMULA, ENTITY_LOOKUP_TYPE)
VALUES ('6b01c2069be64aec8f458585116d19a8', 0, '704bf94a909144c2b1ba6d8669784b95', 'custDate7', 'CUST_DATE7', 'DATE', 'CUSTOM_FIELD_DATE7', 0, 'date', '', '', '', '', '', '', '', 0, NULL, NULL, NULL, NULL, '', '', 'system', systimestamp, '24', 0, 'entity.custAttachment.custDate7', '', '', '', '', '', '');
INSERT INTO CNT_FIELD_DEFINITION
 (ID, REVISION, PARENT_ID, FIELD_ID, COLUMN_NAME, COLUMN_TYPE, REPORT_COLUMN_NAME, PRODUCT_FIELD, FIELD_TYPE, ENTITY_LOOKUP, ENTITY_LOOKUP_KEY, ORDER_BY, GENERATOR, REFER_TABLE, KEY_COLUMN, LOOKUP_COLUMN, MANDATORY, MIN_LENGTH, MAX_LENGTH, MIN_VALUE, MAX_VALUE, CONSTANT_VALUE, UNIQUE_KEY, CREATE_USER, CREATED_ON, LINE_NO, MANAGED, FIELD_PATH, DATA_TYPE, DATA1, DATA2, TRANSITIVE_FIELDS, FORMULA, ENTITY_LOOKUP_TYPE)
VALUES ('65719c49a4e1442ea889fe690ae6a6b4', 0, '704bf94a909144c2b1ba6d8669784b95', 'custNumber1', 'CUST_NUMBER1', 'NUMBER(20, 0)', 'CUSTOM_FIELD_NUMBER1', 0, 'integer', '', '', '', '', '', '', '', 0, NULL, 18, NULL, NULL, '', '', 'system', systimestamp, '25', 0, 'entity.custAttachment.custNumber1', '', '', '', '', '', '');
INSERT INTO CNT_FIELD_DEFINITION
 (ID, REVISION, PARENT_ID, FIELD_ID, COLUMN_NAME, COLUMN_TYPE, REPORT_COLUMN_NAME, PRODUCT_FIELD, FIELD_TYPE, ENTITY_LOOKUP, ENTITY_LOOKUP_KEY, ORDER_BY, GENERATOR, REFER_TABLE, KEY_COLUMN, LOOKUP_COLUMN, MANDATORY, MIN_LENGTH, MAX_LENGTH, MIN_VALUE, MAX_VALUE, CONSTANT_VALUE, UNIQUE_KEY, CREATE_USER, CREATED_ON, LINE_NO, MANAGED, FIELD_PATH, DATA_TYPE, DATA1, DATA2, TRANSITIVE_FIELDS, FORMULA, ENTITY_LOOKUP_TYPE)
VALUES ('16f4edc661f64bb29735d7feea49b6d0', 0, '704bf94a909144c2b1ba6d8669784b95', 'custNumber2', 'CUST_NUMBER2', 'NUMBER(20, 0)', 'CUSTOM_FIELD_NUMBER2', 0, 'integer', '', '', '', '', '', '', '', 0, NULL, 18, NULL, NULL, '', '', 'system', systimestamp, '26', 0, 'entity.custAttachment.custNumber2', '', '', '', '', '', '');
INSERT INTO CNT_FIELD_DEFINITION
 (ID, REVISION, PARENT_ID, FIELD_ID, COLUMN_NAME, COLUMN_TYPE, REPORT_COLUMN_NAME, PRODUCT_FIELD, FIELD_TYPE, ENTITY_LOOKUP, ENTITY_LOOKUP_KEY, ORDER_BY, GENERATOR, REFER_TABLE, KEY_COLUMN, LOOKUP_COLUMN, MANDATORY, MIN_LENGTH, MAX_LENGTH, MIN_VALUE, MAX_VALUE, CONSTANT_VALUE, UNIQUE_KEY, CREATE_USER, CREATED_ON, LINE_NO, MANAGED, FIELD_PATH, DATA_TYPE, DATA1, DATA2, TRANSITIVE_FIELDS, FORMULA, ENTITY_LOOKUP_TYPE)
VALUES ('eff835d7e6b34cf8bf570a1c8c496dba', 0, '704bf94a909144c2b1ba6d8669784b95', 'custNumber3', 'CUST_NUMBER3', 'NUMBER(20, 0)', 'CUSTOM_FIELD_NUMBER3', 0, 'integer', '', '', '', '', '', '', '', 0, NULL, 18, NULL, NULL, '', '', 'system', systimestamp, '27', 0, 'entity.custAttachment.custNumber3', '', '', '', '', '', '');
INSERT INTO CNT_FIELD_DEFINITION
 (ID, REVISION, PARENT_ID, FIELD_ID, COLUMN_NAME, COLUMN_TYPE, REPORT_COLUMN_NAME, PRODUCT_FIELD, FIELD_TYPE, ENTITY_LOOKUP, ENTITY_LOOKUP_KEY, ORDER_BY, GENERATOR, REFER_TABLE, KEY_COLUMN, LOOKUP_COLUMN, MANDATORY, MIN_LENGTH, MAX_LENGTH, MIN_VALUE, MAX_VALUE, CONSTANT_VALUE, UNIQUE_KEY, CREATE_USER, CREATED_ON, LINE_NO, MANAGED, FIELD_PATH, DATA_TYPE, DATA1, DATA2, TRANSITIVE_FIELDS, FORMULA, ENTITY_LOOKUP_TYPE)
VALUES ('8943115e51044056864c1e96d41f7e2e', 0, '704bf94a909144c2b1ba6d8669784b95', 'custNumber4', 'CUST_NUMBER4', 'NUMBER(20, 0)', 'CUSTOM_FIELD_NUMBER4', 0, 'integer', '', '', '', '', '', '', '', 0, NULL, 18, NULL, NULL, '', '', 'system', systimestamp, '28', 0, 'entity.custAttachment.custNumber4', '', '', '', '', '', '');
INSERT INTO CNT_FIELD_DEFINITION
 (ID, REVISION, PARENT_ID, FIELD_ID, COLUMN_NAME, COLUMN_TYPE, REPORT_COLUMN_NAME, PRODUCT_FIELD, FIELD_TYPE, ENTITY_LOOKUP, ENTITY_LOOKUP_KEY, ORDER_BY, GENERATOR, REFER_TABLE, KEY_COLUMN, LOOKUP_COLUMN, MANDATORY, MIN_LENGTH, MAX_LENGTH, MIN_VALUE, MAX_VALUE, CONSTANT_VALUE, UNIQUE_KEY, CREATE_USER, CREATED_ON, LINE_NO, MANAGED, FIELD_PATH, DATA_TYPE, DATA1, DATA2, TRANSITIVE_FIELDS, FORMULA, ENTITY_LOOKUP_TYPE)
VALUES ('4bed67aae3df4485925307aa76f3607e', 0, '704bf94a909144c2b1ba6d8669784b95', 'custNumber5', 'CUST_NUMBER5', 'NUMBER(20, 0)', 'CUSTOM_FIELD_NUMBER5', 0, 'integer', '', '', '', '', '', '', '', 0, NULL, 18, NULL, NULL, '', '', 'system', systimestamp, '29', 0, 'entity.custAttachment.custNumber5', '', '', '', '', '', '');
INSERT INTO CNT_FIELD_DEFINITION
 (ID, REVISION, PARENT_ID, FIELD_ID, COLUMN_NAME, COLUMN_TYPE, REPORT_COLUMN_NAME, PRODUCT_FIELD, FIELD_TYPE, ENTITY_LOOKUP, ENTITY_LOOKUP_KEY, ORDER_BY, GENERATOR, REFER_TABLE, KEY_COLUMN, LOOKUP_COLUMN, MANDATORY, MIN_LENGTH, MAX_LENGTH, MIN_VALUE, MAX_VALUE, CONSTANT_VALUE, UNIQUE_KEY, CREATE_USER, CREATED_ON, LINE_NO, MANAGED, FIELD_PATH, DATA_TYPE, DATA1, DATA2, TRANSITIVE_FIELDS, FORMULA, ENTITY_LOOKUP_TYPE)
VALUES ('6827896d48ac44bdb0ebc366ae4eb9c5', 0, '704bf94a909144c2b1ba6d8669784b95', 'custNumber6', 'CUST_NUMBER6', 'NUMBER(20, 0)', 'CUSTOM_FIELD_NUMBER6', 0, 'integer', '', '', '', '', '', '', '', 0, NULL, 18, NULL, NULL, '', '', 'system', systimestamp, '30', 0, 'entity.custAttachment.custNumber6', '', '', '', '', '', '');
INSERT INTO CNT_FIELD_DEFINITION
 (ID, REVISION, PARENT_ID, FIELD_ID, COLUMN_NAME, COLUMN_TYPE, REPORT_COLUMN_NAME, PRODUCT_FIELD, FIELD_TYPE, ENTITY_LOOKUP, ENTITY_LOOKUP_KEY, ORDER_BY, GENERATOR, REFER_TABLE, KEY_COLUMN, LOOKUP_COLUMN, MANDATORY, MIN_LENGTH, MAX_LENGTH, MIN_VALUE, MAX_VALUE, CONSTANT_VALUE, UNIQUE_KEY, CREATE_USER, CREATED_ON, LINE_NO, MANAGED, FIELD_PATH, DATA_TYPE, DATA1, DATA2, TRANSITIVE_FIELDS, FORMULA, ENTITY_LOOKUP_TYPE)
VALUES ('ee597997797d4bb8afa4c465c7e6b08c', 0, '704bf94a909144c2b1ba6d8669784b95', 'custNumber7', 'CUST_NUMBER7', 'NUMBER(20, 0)', 'CUSTOM_FIELD_NUMBER7', 0, 'integer', '', '', '', '', '', '', '', 0, NULL, 18, NULL, NULL, '', '', 'system', systimestamp, '31', 0, 'entity.custAttachment.custNumber7', '', '', '', '', '', '');
INSERT INTO CNT_FIELD_DEFINITION
 (ID, REVISION, PARENT_ID, FIELD_ID, COLUMN_NAME, COLUMN_TYPE, REPORT_COLUMN_NAME, PRODUCT_FIELD, FIELD_TYPE, ENTITY_LOOKUP, ENTITY_LOOKUP_KEY, ORDER_BY, GENERATOR, REFER_TABLE, KEY_COLUMN, LOOKUP_COLUMN, MANDATORY, MIN_LENGTH, MAX_LENGTH, MIN_VALUE, MAX_VALUE, CONSTANT_VALUE, UNIQUE_KEY, CREATE_USER, CREATED_ON, LINE_NO, MANAGED, FIELD_PATH, DATA_TYPE, DATA1, DATA2, TRANSITIVE_FIELDS, FORMULA, ENTITY_LOOKUP_TYPE)
VALUES ('853479c8cb8d467480ec1f936b82df22', 0, '704bf94a909144c2b1ba6d8669784b95', 'custDecimal1', 'CUST_DECIMAL1', 'NUMBER(25, 5)', 'CUSTOM_FIELD_DECIMAL1', 0, 'decimal-rate', '', '', '', '', '', '', '', 0, NULL, 20, NULL, NULL, '', '', 'system', systimestamp, '32', 0, 'entity.custAttachment.custDecimal1', '', '', '', '', '', '');
INSERT INTO CNT_FIELD_DEFINITION
 (ID, REVISION, PARENT_ID, FIELD_ID, COLUMN_NAME, COLUMN_TYPE, REPORT_COLUMN_NAME, PRODUCT_FIELD, FIELD_TYPE, ENTITY_LOOKUP, ENTITY_LOOKUP_KEY, ORDER_BY, GENERATOR, REFER_TABLE, KEY_COLUMN, LOOKUP_COLUMN, MANDATORY, MIN_LENGTH, MAX_LENGTH, MIN_VALUE, MAX_VALUE, CONSTANT_VALUE, UNIQUE_KEY, CREATE_USER, CREATED_ON, LINE_NO, MANAGED, FIELD_PATH, DATA_TYPE, DATA1, DATA2, TRANSITIVE_FIELDS, FORMULA, ENTITY_LOOKUP_TYPE)
VALUES ('4068b1c69c55422582283b46efda85c0', 0, '704bf94a909144c2b1ba6d8669784b95', 'custDecimal2', 'CUST_DECIMAL2', 'NUMBER(25, 5)', 'CUSTOM_FIELD_DECIMAL2', 0, 'decimal-rate', '', '', '', '', '', '', '', 0, NULL, 20, NULL, NULL, '', '', 'system', systimestamp, '33', 0, 'entity.custAttachment.custDecimal2', '', '', '', '', '', '');
INSERT INTO CNT_FIELD_DEFINITION
 (ID, REVISION, PARENT_ID, FIELD_ID, COLUMN_NAME, COLUMN_TYPE, REPORT_COLUMN_NAME, PRODUCT_FIELD, FIELD_TYPE, ENTITY_LOOKUP, ENTITY_LOOKUP_KEY, ORDER_BY, GENERATOR, REFER_TABLE, KEY_COLUMN, LOOKUP_COLUMN, MANDATORY, MIN_LENGTH, MAX_LENGTH, MIN_VALUE, MAX_VALUE, CONSTANT_VALUE, UNIQUE_KEY, CREATE_USER, CREATED_ON, LINE_NO, MANAGED, FIELD_PATH, DATA_TYPE, DATA1, DATA2, TRANSITIVE_FIELDS, FORMULA, ENTITY_LOOKUP_TYPE)
VALUES ('ac984a9b0a01448c9dc616af9e92207c', 0, '704bf94a909144c2b1ba6d8669784b95', 'custDecimal3', 'CUST_DECIMAL3', 'NUMBER(25, 5)', 'CUSTOM_FIELD_DECIMAL3', 0, 'decimal-rate', '', '', '', '', '', '', '', 0, NULL, 20, NULL, NULL, '', '', 'system', systimestamp, '34', 0, 'entity.custAttachment.custDecimal3', '', '', '', '', '', '');
INSERT INTO CNT_FIELD_DEFINITION
 (ID, REVISION, PARENT_ID, FIELD_ID, COLUMN_NAME, COLUMN_TYPE, REPORT_COLUMN_NAME, PRODUCT_FIELD, FIELD_TYPE, ENTITY_LOOKUP, ENTITY_LOOKUP_KEY, ORDER_BY, GENERATOR, REFER_TABLE, KEY_COLUMN, LOOKUP_COLUMN, MANDATORY, MIN_LENGTH, MAX_LENGTH, MIN_VALUE, MAX_VALUE, CONSTANT_VALUE, UNIQUE_KEY, CREATE_USER, CREATED_ON, LINE_NO, MANAGED, FIELD_PATH, DATA_TYPE, DATA1, DATA2, TRANSITIVE_FIELDS, FORMULA, ENTITY_LOOKUP_TYPE)
VALUES ('b450b6a701ea4c3192e11043c348ed0f', 0, '704bf94a909144c2b1ba6d8669784b95', 'custDecimal4', 'CUST_DECIMAL4', 'NUMBER(25, 5)', 'CUSTOM_FIELD_DECIMAL4', 0, 'decimal-rate', '', '', '', '', '', '', '', 0, NULL, 20, NULL, NULL, '', '', 'system', systimestamp, '35', 0, 'entity.custAttachment.custDecimal4', '', '', '', '', '', '');
INSERT INTO CNT_FIELD_DEFINITION
 (ID, REVISION, PARENT_ID, FIELD_ID, COLUMN_NAME, COLUMN_TYPE, REPORT_COLUMN_NAME, PRODUCT_FIELD, FIELD_TYPE, ENTITY_LOOKUP, ENTITY_LOOKUP_KEY, ORDER_BY, GENERATOR, REFER_TABLE, KEY_COLUMN, LOOKUP_COLUMN, MANDATORY, MIN_LENGTH, MAX_LENGTH, MIN_VALUE, MAX_VALUE, CONSTANT_VALUE, UNIQUE_KEY, CREATE_USER, CREATED_ON, LINE_NO, MANAGED, FIELD_PATH, DATA_TYPE, DATA1, DATA2, TRANSITIVE_FIELDS, FORMULA, ENTITY_LOOKUP_TYPE)
VALUES ('caff292702ef423883e2a054b27d2fac', 0, '704bf94a909144c2b1ba6d8669784b95', 'custDecimal5', 'CUST_DECIMAL5', 'NUMBER(25, 5)', 'CUSTOM_FIELD_DECIMAL5', 0, 'decimal-rate', '', '', '', '', '', '', '', 0, NULL, 20, NULL, NULL, '', '', 'system', systimestamp, '36', 0, 'entity.custAttachment.custDecimal5', '', '', '', '', '', '');
INSERT INTO CNT_FIELD_DEFINITION
 (ID, REVISION, PARENT_ID, FIELD_ID, COLUMN_NAME, COLUMN_TYPE, REPORT_COLUMN_NAME, PRODUCT_FIELD, FIELD_TYPE, ENTITY_LOOKUP, ENTITY_LOOKUP_KEY, ORDER_BY, GENERATOR, REFER_TABLE, KEY_COLUMN, LOOKUP_COLUMN, MANDATORY, MIN_LENGTH, MAX_LENGTH, MIN_VALUE, MAX_VALUE, CONSTANT_VALUE, UNIQUE_KEY, CREATE_USER, CREATED_ON, LINE_NO, MANAGED, FIELD_PATH, DATA_TYPE, DATA1, DATA2, TRANSITIVE_FIELDS, FORMULA, ENTITY_LOOKUP_TYPE)
VALUES ('adb117a0fb0645db833b0cf81654172d', 0, '704bf94a909144c2b1ba6d8669784b95', 'custDecimal6', 'CUST_DECIMAL6', 'NUMBER(25, 5)', 'CUSTOM_FIELD_DECIMAL6', 0, 'decimal-rate', '', '', '', '', '', '', '', 0, NULL, 20, NULL, NULL, '', '', 'system', systimestamp, '37', 0, 'entity.custAttachment.custDecimal6', '', '', '', '', '', '');
INSERT INTO CNT_FIELD_DEFINITION
 (ID, REVISION, PARENT_ID, FIELD_ID, COLUMN_NAME, COLUMN_TYPE, REPORT_COLUMN_NAME, PRODUCT_FIELD, FIELD_TYPE, ENTITY_LOOKUP, ENTITY_LOOKUP_KEY, ORDER_BY, GENERATOR, REFER_TABLE, KEY_COLUMN, LOOKUP_COLUMN, MANDATORY, MIN_LENGTH, MAX_LENGTH, MIN_VALUE, MAX_VALUE, CONSTANT_VALUE, UNIQUE_KEY, CREATE_USER, CREATED_ON, LINE_NO, MANAGED, FIELD_PATH, DATA_TYPE, DATA1, DATA2, TRANSITIVE_FIELDS, FORMULA, ENTITY_LOOKUP_TYPE)
VALUES ('679a8b99686d4178a838203a1f18e0b4', 0, '704bf94a909144c2b1ba6d8669784b95', 'custDecimal7', 'CUST_DECIMAL7', 'NUMBER(25, 5)', 'CUSTOM_FIELD_DECIMAL7', 0, 'decimal-rate', '', '', '', '', '', '', '', 0, NULL, 20, NULL, NULL, '', '', 'system', systimestamp, '38', 0, 'entity.custAttachment.custDecimal7', '', '', '', '', '', '');
INSERT INTO CNT_FIELD_DEFINITION
 (ID, REVISION, PARENT_ID, FIELD_ID, COLUMN_NAME, COLUMN_TYPE, REPORT_COLUMN_NAME, PRODUCT_FIELD, FIELD_TYPE, ENTITY_LOOKUP, ENTITY_LOOKUP_KEY, ORDER_BY, GENERATOR, REFER_TABLE, KEY_COLUMN, LOOKUP_COLUMN, MANDATORY, MIN_LENGTH, MAX_LENGTH, MIN_VALUE, MAX_VALUE, CONSTANT_VALUE, UNIQUE_KEY, CREATE_USER, CREATED_ON, LINE_NO, MANAGED, FIELD_PATH, DATA_TYPE, DATA1, DATA2, TRANSITIVE_FIELDS, FORMULA, ENTITY_LOOKUP_TYPE)
VALUES ('c0b6e9d036d847539ec22439abbfc1f6', 0, '704bf94a909144c2b1ba6d8669784b95', 'custCodelist1', 'CUST_CODELIST1', 'NVARCHAR2(400)', 'CUSTOM_FIELD_CODE_LIST_CODE1', 0, 'string-m', '', '', '', '', '', '', '', 0, NULL, 400, NULL, NULL, '', '', 'system', systimestamp, '39', 0, 'entity.custAttachment.custCodelist1', 'codelist', '', '', '', '', '');
INSERT INTO CNT_FIELD_DEFINITION
 (ID, REVISION, PARENT_ID, FIELD_ID, COLUMN_NAME, COLUMN_TYPE, REPORT_COLUMN_NAME, PRODUCT_FIELD, FIELD_TYPE, ENTITY_LOOKUP, ENTITY_LOOKUP_KEY, ORDER_BY, GENERATOR, REFER_TABLE, KEY_COLUMN, LOOKUP_COLUMN, MANDATORY, MIN_LENGTH, MAX_LENGTH, MIN_VALUE, MAX_VALUE, CONSTANT_VALUE, UNIQUE_KEY, CREATE_USER, CREATED_ON, LINE_NO, MANAGED, FIELD_PATH, DATA_TYPE, DATA1, DATA2, TRANSITIVE_FIELDS, FORMULA, ENTITY_LOOKUP_TYPE)
VALUES ('ba284fde1c574712a39c2148bc8e61b6', 0, '704bf94a909144c2b1ba6d8669784b95', 'custCodelist2', 'CUST_CODELIST2', 'NVARCHAR2(400)', 'CUSTOM_FIELD_CODE_LIST_CODE2', 0, 'string-m', '', '', '', '', '', '', '', 0, NULL, 400, NULL, NULL, '', '', 'system', systimestamp, '40', 0, 'entity.custAttachment.custCodelist2', 'codelist', '', '', '', '', '');
INSERT INTO CNT_FIELD_DEFINITION
 (ID, REVISION, PARENT_ID, FIELD_ID, COLUMN_NAME, COLUMN_TYPE, REPORT_COLUMN_NAME, PRODUCT_FIELD, FIELD_TYPE, ENTITY_LOOKUP, ENTITY_LOOKUP_KEY, ORDER_BY, GENERATOR, REFER_TABLE, KEY_COLUMN, LOOKUP_COLUMN, MANDATORY, MIN_LENGTH, MAX_LENGTH, MIN_VALUE, MAX_VALUE, CONSTANT_VALUE, UNIQUE_KEY, CREATE_USER, CREATED_ON, LINE_NO, MANAGED, FIELD_PATH, DATA_TYPE, DATA1, DATA2, TRANSITIVE_FIELDS, FORMULA, ENTITY_LOOKUP_TYPE)
VALUES ('470445dbd41246e7b8dafb7f775801a8', 0, '704bf94a909144c2b1ba6d8669784b95', 'custCodelist3', 'CUST_CODELIST3', 'NVARCHAR2(400)', 'CUSTOM_FIELD_CODE_LIST_CODE3', 0, 'string-m', '', '', '', '', '', '', '', 0, NULL, 400, NULL, NULL, '', '', 'system', systimestamp, '41', 0, 'entity.custAttachment.custCodelist3', 'codelist', '', '', '', '', '');
INSERT INTO CNT_FIELD_DEFINITION
 (ID, REVISION, PARENT_ID, FIELD_ID, COLUMN_NAME, COLUMN_TYPE, REPORT_COLUMN_NAME, PRODUCT_FIELD, FIELD_TYPE, ENTITY_LOOKUP, ENTITY_LOOKUP_KEY, ORDER_BY, GENERATOR, REFER_TABLE, KEY_COLUMN, LOOKUP_COLUMN, MANDATORY, MIN_LENGTH, MAX_LENGTH, MIN_VALUE, MAX_VALUE, CONSTANT_VALUE, UNIQUE_KEY, CREATE_USER, CREATED_ON, LINE_NO, MANAGED, FIELD_PATH, DATA_TYPE, DATA1, DATA2, TRANSITIVE_FIELDS, FORMULA, ENTITY_LOOKUP_TYPE)
VALUES ('65d4d281081b4347bbdbcf1c36b1fb6a', 0, '704bf94a909144c2b1ba6d8669784b95', 'custCodelist4', 'CUST_CODELIST4', 'NVARCHAR2(400)', 'CUSTOM_FIELD_CODE_LIST_CODE4', 0, 'string-m', '', '', '', '', '', '', '', 0, NULL, 400, NULL, NULL, '', '', 'system', systimestamp, '42', 0, 'entity.custAttachment.custCodelist4', 'codelist', '', '', '', '', '');
INSERT INTO CNT_FIELD_DEFINITION
 (ID, REVISION, PARENT_ID, FIELD_ID, COLUMN_NAME, COLUMN_TYPE, REPORT_COLUMN_NAME, PRODUCT_FIELD, FIELD_TYPE, ENTITY_LOOKUP, ENTITY_LOOKUP_KEY, ORDER_BY, GENERATOR, REFER_TABLE, KEY_COLUMN, LOOKUP_COLUMN, MANDATORY, MIN_LENGTH, MAX_LENGTH, MIN_VALUE, MAX_VALUE, CONSTANT_VALUE, UNIQUE_KEY, CREATE_USER, CREATED_ON, LINE_NO, MANAGED, FIELD_PATH, DATA_TYPE, DATA1, DATA2, TRANSITIVE_FIELDS, FORMULA, ENTITY_LOOKUP_TYPE)
VALUES ('a3e29043bb1946e6911c46ee4143c6e9', 0, '704bf94a909144c2b1ba6d8669784b95', 'custCodelist5', 'CUST_CODELIST5', 'NVARCHAR2(400)', 'CUSTOM_FIELD_CODE_LIST_CODE5', 0, 'string-m', '', '', '', '', '', '', '', 0, NULL, 400, NULL, NULL, '', '', 'system', systimestamp, '43', 0, 'entity.custAttachment.custCodelist5', 'codelist', '', '', '', '', '');
INSERT INTO CNT_FIELD_DEFINITION
 (ID, REVISION, PARENT_ID, FIELD_ID, COLUMN_NAME, COLUMN_TYPE, REPORT_COLUMN_NAME, PRODUCT_FIELD, FIELD_TYPE, ENTITY_LOOKUP, ENTITY_LOOKUP_KEY, ORDER_BY, GENERATOR, REFER_TABLE, KEY_COLUMN, LOOKUP_COLUMN, MANDATORY, MIN_LENGTH, MAX_LENGTH, MIN_VALUE, MAX_VALUE, CONSTANT_VALUE, UNIQUE_KEY, CREATE_USER, CREATED_ON, LINE_NO, MANAGED, FIELD_PATH, DATA_TYPE, DATA1, DATA2, TRANSITIVE_FIELDS, FORMULA, ENTITY_LOOKUP_TYPE)
VALUES ('7f4c479272e545039a8a9a1124e8b270', 0, '704bf94a909144c2b1ba6d8669784b95', 'custCodelist6', 'CUST_CODELIST6', 'NVARCHAR2(400)', 'CUSTOM_FIELD_CODE_LIST_CODE6', 0, 'string-m', '', '', '', '', '', '', '', 0, NULL, 400, NULL, NULL, '', '', 'system', systimestamp, '44', 0, 'entity.custAttachment.custCodelist6', 'codelist', '', '', '', '', '');
INSERT INTO CNT_FIELD_DEFINITION
 (ID, REVISION, PARENT_ID, FIELD_ID, COLUMN_NAME, COLUMN_TYPE, REPORT_COLUMN_NAME, PRODUCT_FIELD, FIELD_TYPE, ENTITY_LOOKUP, ENTITY_LOOKUP_KEY, ORDER_BY, GENERATOR, REFER_TABLE, KEY_COLUMN, LOOKUP_COLUMN, MANDATORY, MIN_LENGTH, MAX_LENGTH, MIN_VALUE, MAX_VALUE, CONSTANT_VALUE, UNIQUE_KEY, CREATE_USER, CREATED_ON, LINE_NO, MANAGED, FIELD_PATH, DATA_TYPE, DATA1, DATA2, TRANSITIVE_FIELDS, FORMULA, ENTITY_LOOKUP_TYPE)
VALUES ('a10c6066bf3b4af192af3ce182e8bd51', 0, '704bf94a909144c2b1ba6d8669784b95', 'custCodelist7', 'CUST_CODELIST7', 'NVARCHAR2(400)', 'CUSTOM_FIELD_CODE_LIST_CODE7', 0, 'string-m', '', '', '', '', '', '', '', 0, NULL, 400, NULL, NULL, '', '', 'system', systimestamp, '45', 0, 'entity.custAttachment.custCodelist7', 'codelist', '', '', '', '', '');
INSERT INTO CNT_FIELD_DEFINITION
 (ID, REVISION, PARENT_ID, FIELD_ID, COLUMN_NAME, COLUMN_TYPE, REPORT_COLUMN_NAME, PRODUCT_FIELD, FIELD_TYPE, ENTITY_LOOKUP, ENTITY_LOOKUP_KEY, ORDER_BY, GENERATOR, REFER_TABLE, KEY_COLUMN, LOOKUP_COLUMN, MANDATORY, MIN_LENGTH, MAX_LENGTH, MIN_VALUE, MAX_VALUE, CONSTANT_VALUE, UNIQUE_KEY, CREATE_USER, CREATED_ON, LINE_NO, MANAGED, FIELD_PATH, DATA_TYPE, DATA1, DATA2, TRANSITIVE_FIELDS, FORMULA, ENTITY_LOOKUP_TYPE)
VALUES ('981d9ca36ebb41e09ea62b071a2185e0', 0, '704bf94a909144c2b1ba6d8669784b95', 'custMemoText1', 'CUST_MEMO_TEXT1', 'NVARCHAR2(1000)', 'CUSTOM_FIELD_MEMO_TEXT1', 0, 'string-l', '', '', '', '', '', '', '', 0, NULL, 1000, NULL, NULL, '', '', 'system', systimestamp, '46', 0, 'entity.custAttachment.custMemoText1', '', '', '', '', '', '');
INSERT INTO CNT_FIELD_DEFINITION
 (ID, REVISION, PARENT_ID, FIELD_ID, COLUMN_NAME, COLUMN_TYPE, REPORT_COLUMN_NAME, PRODUCT_FIELD, FIELD_TYPE, ENTITY_LOOKUP, ENTITY_LOOKUP_KEY, ORDER_BY, GENERATOR, REFER_TABLE, KEY_COLUMN, LOOKUP_COLUMN, MANDATORY, MIN_LENGTH, MAX_LENGTH, MIN_VALUE, MAX_VALUE, CONSTANT_VALUE, UNIQUE_KEY, CREATE_USER, CREATED_ON, LINE_NO, MANAGED, FIELD_PATH, DATA_TYPE, DATA1, DATA2, TRANSITIVE_FIELDS, FORMULA, ENTITY_LOOKUP_TYPE)
VALUES ('90a0363a426345d0ac75810c024742bd', 0, '704bf94a909144c2b1ba6d8669784b95', 'custMemoText2', 'CUST_MEMO_TEXT2', 'NVARCHAR2(1000)', 'CUSTOM_FIELD_MEMO_TEXT2', 0, 'string-l', '', '', '', '', '', '', '', 0, NULL, 1000, NULL, NULL, '', '', 'system', systimestamp, '47', 0, 'entity.custAttachment.custMemoText2', '', '', '', '', '', '');
INSERT INTO CNT_FIELD_DEFINITION
 (ID, REVISION, PARENT_ID, FIELD_ID, COLUMN_NAME, COLUMN_TYPE, REPORT_COLUMN_NAME, PRODUCT_FIELD, FIELD_TYPE, ENTITY_LOOKUP, ENTITY_LOOKUP_KEY, ORDER_BY, GENERATOR, REFER_TABLE, KEY_COLUMN, LOOKUP_COLUMN, MANDATORY, MIN_LENGTH, MAX_LENGTH, MIN_VALUE, MAX_VALUE, CONSTANT_VALUE, UNIQUE_KEY, CREATE_USER, CREATED_ON, LINE_NO, MANAGED, FIELD_PATH, DATA_TYPE, DATA1, DATA2, TRANSITIVE_FIELDS, FORMULA, ENTITY_LOOKUP_TYPE)
VALUES ('f035b77d43ec4404968e36592ac247af', 0, '704bf94a909144c2b1ba6d8669784b95', 'custMemoText3', 'CUST_MEMO_TEXT3', 'NVARCHAR2(1000)', 'CUSTOM_FIELD_MEMO_TEXT3', 0, 'string-l', '', '', '', '', '', '', '', 0, NULL, 1000, NULL, NULL, '', '', 'system', systimestamp, '48', 0, 'entity.custAttachment.custMemoText3', '', '', '', '', '', '');
INSERT INTO CNT_FIELD_DEFINITION
 (ID, REVISION, PARENT_ID, FIELD_ID, COLUMN_NAME, COLUMN_TYPE, REPORT_COLUMN_NAME, PRODUCT_FIELD, FIELD_TYPE, ENTITY_LOOKUP, ENTITY_LOOKUP_KEY, ORDER_BY, GENERATOR, REFER_TABLE, KEY_COLUMN, LOOKUP_COLUMN, MANDATORY, MIN_LENGTH, MAX_LENGTH, MIN_VALUE, MAX_VALUE, CONSTANT_VALUE, UNIQUE_KEY, CREATE_USER, CREATED_ON, LINE_NO, MANAGED, FIELD_PATH, DATA_TYPE, DATA1, DATA2, TRANSITIVE_FIELDS, FORMULA, ENTITY_LOOKUP_TYPE)
VALUES ('032acf0eab0f4d1ebbdfa4868956979f', 0, '704bf94a909144c2b1ba6d8669784b95', 'custMemoText4', 'CUST_MEMO_TEXT4', 'NVARCHAR2(1000)', 'CUSTOM_FIELD_MEMO_TEXT4', 0, 'string-l', '', '', '', '', '', '', '', 0, NULL, 1000, NULL, NULL, '', '', 'system', systimestamp, '49', 0, 'entity.custAttachment.custMemoText4', '', '', '', '', '', '');
INSERT INTO CNT_FIELD_DEFINITION
 (ID, REVISION, PARENT_ID, FIELD_ID, COLUMN_NAME, COLUMN_TYPE, REPORT_COLUMN_NAME, PRODUCT_FIELD, FIELD_TYPE, ENTITY_LOOKUP, ENTITY_LOOKUP_KEY, ORDER_BY, GENERATOR, REFER_TABLE, KEY_COLUMN, LOOKUP_COLUMN, MANDATORY, MIN_LENGTH, MAX_LENGTH, MIN_VALUE, MAX_VALUE, CONSTANT_VALUE, UNIQUE_KEY, CREATE_USER, CREATED_ON, LINE_NO, MANAGED, FIELD_PATH, DATA_TYPE, DATA1, DATA2, TRANSITIVE_FIELDS, FORMULA, ENTITY_LOOKUP_TYPE)
VALUES ('b3c446149eaf412685e66572b2b90826', 0, '704bf94a909144c2b1ba6d8669784b95', 'custMemoText5', 'CUST_MEMO_TEXT5', 'NVARCHAR2(1000)', 'CUSTOM_FIELD_MEMO_TEXT5', 0, 'string-l', '', '', '', '', '', '', '', 0, NULL, 1000, NULL, NULL, '', '', 'system', systimestamp, '50', 0, 'entity.custAttachment.custMemoText5', '', '', '', '', '', '');
INSERT INTO CNT_FIELD_DEFINITION
 (ID, REVISION, PARENT_ID, FIELD_ID, COLUMN_NAME, COLUMN_TYPE, REPORT_COLUMN_NAME, PRODUCT_FIELD, FIELD_TYPE, ENTITY_LOOKUP, ENTITY_LOOKUP_KEY, ORDER_BY, GENERATOR, REFER_TABLE, KEY_COLUMN, LOOKUP_COLUMN, MANDATORY, MIN_LENGTH, MAX_LENGTH, MIN_VALUE, MAX_VALUE, CONSTANT_VALUE, UNIQUE_KEY, CREATE_USER, CREATED_ON, LINE_NO, MANAGED, FIELD_PATH, DATA_TYPE, DATA1, DATA2, TRANSITIVE_FIELDS, FORMULA, ENTITY_LOOKUP_TYPE)
VALUES ('af67f07dab404343bdebc275d835ef73', 0, '704bf94a909144c2b1ba6d8669784b95', 'custMemoText6', 'CUST_MEMO_TEXT6', 'NVARCHAR2(1000)', 'CUSTOM_FIELD_MEMO_TEXT6', 0, 'string-l', '', '', '', '', '', '', '', 0, NULL, 1000, NULL, NULL, '', '', 'system', systimestamp, '51', 0, 'entity.custAttachment.custMemoText6', '', '', '', '', '', '');
INSERT INTO CNT_FIELD_DEFINITION
 (ID, REVISION, PARENT_ID, FIELD_ID, COLUMN_NAME, COLUMN_TYPE, REPORT_COLUMN_NAME, PRODUCT_FIELD, FIELD_TYPE, ENTITY_LOOKUP, ENTITY_LOOKUP_KEY, ORDER_BY, GENERATOR, REFER_TABLE, KEY_COLUMN, LOOKUP_COLUMN, MANDATORY, MIN_LENGTH, MAX_LENGTH, MIN_VALUE, MAX_VALUE, CONSTANT_VALUE, UNIQUE_KEY, CREATE_USER, CREATED_ON, LINE_NO, MANAGED, FIELD_PATH, DATA_TYPE, DATA1, DATA2, TRANSITIVE_FIELDS, FORMULA, ENTITY_LOOKUP_TYPE)
VALUES ('57983d3b6825488981bab8c520ca4394', 0, '704bf94a909144c2b1ba6d8669784b95', 'custMemoText7', 'CUST_MEMO_TEXT7', 'NVARCHAR2(1000)', 'CUSTOM_FIELD_MEMO_TEXT7', 0, 'string-l', '', '', '', '', '', '', '', 0, NULL, 1000, NULL, NULL, '', '', 'system', systimestamp, '52', 0, 'entity.custAttachment.custMemoText7', '', '', '', '', '', '');
INSERT INTO CNT_FIELD_DEFINITION
 (ID, REVISION, PARENT_ID, FIELD_ID, COLUMN_NAME, COLUMN_TYPE, REPORT_COLUMN_NAME, PRODUCT_FIELD, FIELD_TYPE, ENTITY_LOOKUP, ENTITY_LOOKUP_KEY, ORDER_BY, GENERATOR, REFER_TABLE, KEY_COLUMN, LOOKUP_COLUMN, MANDATORY, MIN_LENGTH, MAX_LENGTH, MIN_VALUE, MAX_VALUE, CONSTANT_VALUE, UNIQUE_KEY, CREATE_USER, CREATED_ON, LINE_NO, MANAGED, FIELD_PATH, DATA_TYPE, DATA1, DATA2, TRANSITIVE_FIELDS, FORMULA, ENTITY_LOOKUP_TYPE)
VALUES ('858f60a1b0a745dda6fe2bf35df0e5db', 0, '704bf94a909144c2b1ba6d8669784b95', 'custHcl1', 'CUST_HCL1_ID', 'CHAR(32)', 'CUSTOM_FIELD_HCL_CODE_SYS_ID1', 0, 'entity', 'HclNode', 'id', '', '', '', '', '', 0, 32, 32, NULL, NULL, '', '', 'system', systimestamp, '53', 0, 'entity.custAttachment.custHcl1', '', '', '', '', '', '');
INSERT INTO CNT_FIELD_DEFINITION
 (ID, REVISION, PARENT_ID, FIELD_ID, COLUMN_NAME, COLUMN_TYPE, REPORT_COLUMN_NAME, PRODUCT_FIELD, FIELD_TYPE, ENTITY_LOOKUP, ENTITY_LOOKUP_KEY, ORDER_BY, GENERATOR, REFER_TABLE, KEY_COLUMN, LOOKUP_COLUMN, MANDATORY, MIN_LENGTH, MAX_LENGTH, MIN_VALUE, MAX_VALUE, CONSTANT_VALUE, UNIQUE_KEY, CREATE_USER, CREATED_ON, LINE_NO, MANAGED, FIELD_PATH, DATA_TYPE, DATA1, DATA2, TRANSITIVE_FIELDS, FORMULA, ENTITY_LOOKUP_TYPE)
VALUES ('8959fb93c1eb42afbf28fcb1904a8ad7', 0, '704bf94a909144c2b1ba6d8669784b95', 'custHcl2', 'CUST_HCL2_ID', 'CHAR(32)', 'CUSTOM_FIELD_HCL_CODE_SYS_ID2', 0, 'entity', 'HclNode', 'id', '', '', '', '', '', 0, 32, 32, NULL, NULL, '', '', 'system', systimestamp, '54', 0, 'entity.custAttachment.custHcl2', '', '', '', '', '', '');
INSERT INTO CNT_FIELD_DEFINITION
 (ID, REVISION, PARENT_ID, FIELD_ID, COLUMN_NAME, COLUMN_TYPE, REPORT_COLUMN_NAME, PRODUCT_FIELD, FIELD_TYPE, ENTITY_LOOKUP, ENTITY_LOOKUP_KEY, ORDER_BY, GENERATOR, REFER_TABLE, KEY_COLUMN, LOOKUP_COLUMN, MANDATORY, MIN_LENGTH, MAX_LENGTH, MIN_VALUE, MAX_VALUE, CONSTANT_VALUE, UNIQUE_KEY, CREATE_USER, CREATED_ON, LINE_NO, MANAGED, FIELD_PATH, DATA_TYPE, DATA1, DATA2, TRANSITIVE_FIELDS, FORMULA, ENTITY_LOOKUP_TYPE)
VALUES ('2a141e2851f74610a55b0874e377ecda', 0, '704bf94a909144c2b1ba6d8669784b95', 'custHcl3', 'CUST_HCL3_ID', 'CHAR(32)', 'CUSTOM_FIELD_HCL_CODE_SYS_ID3', 0, 'entity', 'HclNode', 'id', '', '', '', '', '', 0, 32, 32, NULL, NULL, '', '', 'system', systimestamp, '55', 0, 'entity.custAttachment.custHcl3', '', '', '', '', '', '');
INSERT INTO CNT_FIELD_DEFINITION
 (ID, REVISION, PARENT_ID, FIELD_ID, COLUMN_NAME, COLUMN_TYPE, REPORT_COLUMN_NAME, PRODUCT_FIELD, FIELD_TYPE, ENTITY_LOOKUP, ENTITY_LOOKUP_KEY, ORDER_BY, GENERATOR, REFER_TABLE, KEY_COLUMN, LOOKUP_COLUMN, MANDATORY, MIN_LENGTH, MAX_LENGTH, MIN_VALUE, MAX_VALUE, CONSTANT_VALUE, UNIQUE_KEY, CREATE_USER, CREATED_ON, LINE_NO, MANAGED, FIELD_PATH, DATA_TYPE, DATA1, DATA2, TRANSITIVE_FIELDS, FORMULA, ENTITY_LOOKUP_TYPE)
VALUES ('3e06c8b36b77465da30f28b03083e5f5', 0, '704bf94a909144c2b1ba6d8669784b95', 'custHcl4', 'CUST_HCL4_ID', 'CHAR(32)', 'CUSTOM_FIELD_HCL_CODE_SYS_ID4', 0, 'entity', 'HclNode', 'id', '', '', '', '', '', 0, 32, 32, NULL, NULL, '', '', 'system', systimestamp, '56', 0, 'entity.custAttachment.custHcl4', '', '', '', '', '', '');
INSERT INTO CNT_FIELD_DEFINITION
 (ID, REVISION, PARENT_ID, FIELD_ID, COLUMN_NAME, COLUMN_TYPE, REPORT_COLUMN_NAME, PRODUCT_FIELD, FIELD_TYPE, ENTITY_LOOKUP, ENTITY_LOOKUP_KEY, ORDER_BY, GENERATOR, REFER_TABLE, KEY_COLUMN, LOOKUP_COLUMN, MANDATORY, MIN_LENGTH, MAX_LENGTH, MIN_VALUE, MAX_VALUE, CONSTANT_VALUE, UNIQUE_KEY, CREATE_USER, CREATED_ON, LINE_NO, MANAGED, FIELD_PATH, DATA_TYPE, DATA1, DATA2, TRANSITIVE_FIELDS, FORMULA, ENTITY_LOOKUP_TYPE)
VALUES ('776239cc9ece473ea62acf4fd0434b91', 0, '704bf94a909144c2b1ba6d8669784b95', 'custHcl5', 'CUST_HCL5_ID', 'CHAR(32)', 'CUSTOM_FIELD_HCL_CODE_SYS_ID5', 0, 'entity', 'HclNode', 'id', '', '', '', '', '', 0, 32, 32, NULL, NULL, '', '', 'system', systimestamp, '57', 0, 'entity.custAttachment.custHcl5', '', '', '', '', '', '');
INSERT INTO CNT_FIELD_DEFINITION
 (ID, REVISION, PARENT_ID, FIELD_ID, COLUMN_NAME, COLUMN_TYPE, REPORT_COLUMN_NAME, PRODUCT_FIELD, FIELD_TYPE, ENTITY_LOOKUP, ENTITY_LOOKUP_KEY, ORDER_BY, GENERATOR, REFER_TABLE, KEY_COLUMN, LOOKUP_COLUMN, MANDATORY, MIN_LENGTH, MAX_LENGTH, MIN_VALUE, MAX_VALUE, CONSTANT_VALUE, UNIQUE_KEY, CREATE_USER, CREATED_ON, LINE_NO, MANAGED, FIELD_PATH, DATA_TYPE, DATA1, DATA2, TRANSITIVE_FIELDS, FORMULA, ENTITY_LOOKUP_TYPE)
VALUES ('70b60a0b835441aabaf7e6cc4ff2dd80', 0, '704bf94a909144c2b1ba6d8669784b95', 'fileRef', 'FILE_REF', 'NVARCHAR2(1000)', 'N/A', 1, 'string-l', '', '', '', '', '', '', '', 0, NULL, 1000, NULL, NULL, '', '', 'system', systimestamp, '58', 0, 'entity.custAttachment.fileRef', '', '', '', '', '', '');
INSERT INTO CNT_FIELD_DEFINITION
 (ID, REVISION, PARENT_ID, FIELD_ID, COLUMN_NAME, COLUMN_TYPE, REPORT_COLUMN_NAME, PRODUCT_FIELD, FIELD_TYPE, ENTITY_LOOKUP, ENTITY_LOOKUP_KEY, ORDER_BY, GENERATOR, REFER_TABLE, KEY_COLUMN, LOOKUP_COLUMN, MANDATORY, MIN_LENGTH, MAX_LENGTH, MIN_VALUE, MAX_VALUE, CONSTANT_VALUE, UNIQUE_KEY, CREATE_USER, CREATED_ON, LINE_NO, MANAGED, FIELD_PATH, DATA_TYPE, DATA1, DATA2, TRANSITIVE_FIELDS, FORMULA, ENTITY_LOOKUP_TYPE)
VALUES ('a0aaf7e491964c309e2eb0fc03578ac8', 0, '704bf94a909144c2b1ba6d8669784b95', 'fileVer', 'FILE_VER', 'NUMBER(20, 0)', 'N/A', 1, 'integer', '', '', '', '', '', '', '', 0, NULL, 18, NULL, NULL, '', '', 'system', systimestamp, '59', 0, 'entity.custAttachment.fileVer', '', '', '', '', '', '');
INSERT INTO CNT_FIELD_DEFINITION
 (ID, REVISION, PARENT_ID, FIELD_ID, COLUMN_NAME, COLUMN_TYPE, REPORT_COLUMN_NAME, PRODUCT_FIELD, FIELD_TYPE, ENTITY_LOOKUP, ENTITY_LOOKUP_KEY, ORDER_BY, GENERATOR, REFER_TABLE, KEY_COLUMN, LOOKUP_COLUMN, MANDATORY, MIN_LENGTH, MAX_LENGTH, MIN_VALUE, MAX_VALUE, CONSTANT_VALUE, UNIQUE_KEY, CREATE_USER, CREATED_ON, LINE_NO, MANAGED, FIELD_PATH, DATA_TYPE, DATA1, DATA2, TRANSITIVE_FIELDS, FORMULA, ENTITY_LOOKUP_TYPE)
VALUES ('5af9a392dae74c27b34d0e4743930e8a', 0, '704bf94a909144c2b1ba6d8669784b95', 'fileRef2', 'FILE_REF2', 'NVARCHAR2(1000)', 'N/A', 1, 'string-l', '', '', '', '', '', '', '', 0, NULL, 1000, NULL, NULL, '', '', 'system', systimestamp, '60', 0, 'entity.custAttachment.fileRef2', '', '', '', '', '', '');
INSERT INTO CNT_FIELD_DEFINITION
 (ID, REVISION, PARENT_ID, FIELD_ID, COLUMN_NAME, COLUMN_TYPE, REPORT_COLUMN_NAME, PRODUCT_FIELD, FIELD_TYPE, ENTITY_LOOKUP, ENTITY_LOOKUP_KEY, ORDER_BY, GENERATOR, REFER_TABLE, KEY_COLUMN, LOOKUP_COLUMN, MANDATORY, MIN_LENGTH, MAX_LENGTH, MIN_VALUE, MAX_VALUE, CONSTANT_VALUE, UNIQUE_KEY, CREATE_USER, CREATED_ON, LINE_NO, MANAGED, FIELD_PATH, DATA_TYPE, DATA1, DATA2, TRANSITIVE_FIELDS, FORMULA, ENTITY_LOOKUP_TYPE)
VALUES ('80909b17a24e41068b166224057fda9c', 0, '704bf94a909144c2b1ba6d8669784b95', 'attachTypeIdValue', 'ATTACH_TYPE_ID_VALUE', 'NVARCHAR2(1000)', 'N/A', 1, 'string-l', '', '', '', '', '', '', '', 0, NULL, 1000, NULL, NULL, '', '', 'system', systimestamp, '61', 0, 'entity.custAttachment.attachTypeIdValue', '', '', '', '', '', '');
INSERT INTO CNT_FIELD_DEFINITION
 (ID, REVISION, PARENT_ID, FIELD_ID, COLUMN_NAME, COLUMN_TYPE, REPORT_COLUMN_NAME, PRODUCT_FIELD, FIELD_TYPE, ENTITY_LOOKUP, ENTITY_LOOKUP_KEY, ORDER_BY, GENERATOR, REFER_TABLE, KEY_COLUMN, LOOKUP_COLUMN, MANDATORY, MIN_LENGTH, MAX_LENGTH, MIN_VALUE, MAX_VALUE, CONSTANT_VALUE, UNIQUE_KEY, CREATE_USER, CREATED_ON, LINE_NO, MANAGED, FIELD_PATH, DATA_TYPE, DATA1, DATA2, TRANSITIVE_FIELDS, FORMULA, ENTITY_LOOKUP_TYPE)
VALUES ('1a6483f9bc49473d8ed021a9ecd527e3', 0, '704bf94a909144c2b1ba6d8669784b95', 'custCodelist1Name', 'CUST_CODELIST1_NAME', 'NVARCHAR2(400)', 'N/A', 0, 'string-m', '', '', '', '', '', '', '', 0, NULL, 400, NULL, NULL, '', '', 'system', systimestamp, '62', 0, 'entity.custAttachment.custCodelist1Name', '', '', '', '', '', '');
INSERT INTO CNT_FIELD_DEFINITION
 (ID, REVISION, PARENT_ID, FIELD_ID, COLUMN_NAME, COLUMN_TYPE, REPORT_COLUMN_NAME, PRODUCT_FIELD, FIELD_TYPE, ENTITY_LOOKUP, ENTITY_LOOKUP_KEY, ORDER_BY, GENERATOR, REFER_TABLE, KEY_COLUMN, LOOKUP_COLUMN, MANDATORY, MIN_LENGTH, MAX_LENGTH, MIN_VALUE, MAX_VALUE, CONSTANT_VALUE, UNIQUE_KEY, CREATE_USER, CREATED_ON, LINE_NO, MANAGED, FIELD_PATH, DATA_TYPE, DATA1, DATA2, TRANSITIVE_FIELDS, FORMULA, ENTITY_LOOKUP_TYPE)
VALUES ('5cc2db2557494485a02bfb554d152c8a', 0, '704bf94a909144c2b1ba6d8669784b95', 'custCodelist2Name', 'CUST_CODELIST2_NAME', 'NVARCHAR2(400)', 'N/A', 0, 'string-m', '', '', '', '', '', '', '', 0, NULL, 400, NULL, NULL, '', '', 'system', systimestamp, '63', 0, 'entity.custAttachment.custCodelist2Name', '', '', '', '', '', '');
INSERT INTO CNT_FIELD_DEFINITION
 (ID, REVISION, PARENT_ID, FIELD_ID, COLUMN_NAME, COLUMN_TYPE, REPORT_COLUMN_NAME, PRODUCT_FIELD, FIELD_TYPE, ENTITY_LOOKUP, ENTITY_LOOKUP_KEY, ORDER_BY, GENERATOR, REFER_TABLE, KEY_COLUMN, LOOKUP_COLUMN, MANDATORY, MIN_LENGTH, MAX_LENGTH, MIN_VALUE, MAX_VALUE, CONSTANT_VALUE, UNIQUE_KEY, CREATE_USER, CREATED_ON, LINE_NO, MANAGED, FIELD_PATH, DATA_TYPE, DATA1, DATA2, TRANSITIVE_FIELDS, FORMULA, ENTITY_LOOKUP_TYPE)
VALUES ('71897c00291b48f2a67579afe1f813c6', 0, '704bf94a909144c2b1ba6d8669784b95', 'custCodelist3Name', 'CUST_CODELIST3_NAME', 'NVARCHAR2(400)', 'N/A', 0, 'string-m', '', '', '', '', '', '', '', 0, NULL, 400, NULL, NULL, '', '', 'system', systimestamp, '64', 0, 'entity.custAttachment.custCodelist3Name', '', '', '', '', '', '');
INSERT INTO CNT_FIELD_DEFINITION
 (ID, REVISION, PARENT_ID, FIELD_ID, COLUMN_NAME, COLUMN_TYPE, REPORT_COLUMN_NAME, PRODUCT_FIELD, FIELD_TYPE, ENTITY_LOOKUP, ENTITY_LOOKUP_KEY, ORDER_BY, GENERATOR, REFER_TABLE, KEY_COLUMN, LOOKUP_COLUMN, MANDATORY, MIN_LENGTH, MAX_LENGTH, MIN_VALUE, MAX_VALUE, CONSTANT_VALUE, UNIQUE_KEY, CREATE_USER, CREATED_ON, LINE_NO, MANAGED, FIELD_PATH, DATA_TYPE, DATA1, DATA2, TRANSITIVE_FIELDS, FORMULA, ENTITY_LOOKUP_TYPE)
VALUES ('f9292e1493bf41e4a2eb78a154a9e3a8', 0, '704bf94a909144c2b1ba6d8669784b95', 'custCodelist4Name', 'CUST_CODELIST4_NAME', 'NVARCHAR2(400)', 'N/A', 0, 'string-m', '', '', '', '', '', '', '', 0, NULL, 400, NULL, NULL, '', '', 'system', systimestamp, '65', 0, 'entity.custAttachment.custCodelist4Name', '', '', '', '', '', '');
INSERT INTO CNT_FIELD_DEFINITION
 (ID, REVISION, PARENT_ID, FIELD_ID, COLUMN_NAME, COLUMN_TYPE, REPORT_COLUMN_NAME, PRODUCT_FIELD, FIELD_TYPE, ENTITY_LOOKUP, ENTITY_LOOKUP_KEY, ORDER_BY, GENERATOR, REFER_TABLE, KEY_COLUMN, LOOKUP_COLUMN, MANDATORY, MIN_LENGTH, MAX_LENGTH, MIN_VALUE, MAX_VALUE, CONSTANT_VALUE, UNIQUE_KEY, CREATE_USER, CREATED_ON, LINE_NO, MANAGED, FIELD_PATH, DATA_TYPE, DATA1, DATA2, TRANSITIVE_FIELDS, FORMULA, ENTITY_LOOKUP_TYPE)
VALUES ('653cf71e3fce4edb84d7996ded7d70fa', 0, '704bf94a909144c2b1ba6d8669784b95', 'custCodelist5Name', 'CUST_CODELIST5_NAME', 'NVARCHAR2(400)', 'N/A', 0, 'string-m', '', '', '', '', '', '', '', 0, NULL, 400, NULL, NULL, '', '', 'system', systimestamp, '66', 0, 'entity.custAttachment.custCodelist5Name', '', '', '', '', '', '');
INSERT INTO CNT_FIELD_DEFINITION
 (ID, REVISION, PARENT_ID, FIELD_ID, COLUMN_NAME, COLUMN_TYPE, REPORT_COLUMN_NAME, PRODUCT_FIELD, FIELD_TYPE, ENTITY_LOOKUP, ENTITY_LOOKUP_KEY, ORDER_BY, GENERATOR, REFER_TABLE, KEY_COLUMN, LOOKUP_COLUMN, MANDATORY, MIN_LENGTH, MAX_LENGTH, MIN_VALUE, MAX_VALUE, CONSTANT_VALUE, UNIQUE_KEY, CREATE_USER, CREATED_ON, LINE_NO, MANAGED, FIELD_PATH, DATA_TYPE, DATA1, DATA2, TRANSITIVE_FIELDS, FORMULA, ENTITY_LOOKUP_TYPE)
VALUES ('79f72641a7214c4cab02a59937e5b02d', 0, '704bf94a909144c2b1ba6d8669784b95', 'custCodelist6Name', 'CUST_CODELIST6_NAME', 'NVARCHAR2(400)', 'N/A', 0, 'string-m', '', '', '', '', '', '', '', 0, NULL, 400, NULL, NULL, '', '', 'system', systimestamp, '67', 0, 'entity.custAttachment.custCodelist6Name', '', '', '', '', '', '');
INSERT INTO CNT_FIELD_DEFINITION
 (ID, REVISION, PARENT_ID, FIELD_ID, COLUMN_NAME, COLUMN_TYPE, REPORT_COLUMN_NAME, PRODUCT_FIELD, FIELD_TYPE, ENTITY_LOOKUP, ENTITY_LOOKUP_KEY, ORDER_BY, GENERATOR, REFER_TABLE, KEY_COLUMN, LOOKUP_COLUMN, MANDATORY, MIN_LENGTH, MAX_LENGTH, MIN_VALUE, MAX_VALUE, CONSTANT_VALUE, UNIQUE_KEY, CREATE_USER, CREATED_ON, LINE_NO, MANAGED, FIELD_PATH, DATA_TYPE, DATA1, DATA2, TRANSITIVE_FIELDS, FORMULA, ENTITY_LOOKUP_TYPE)
VALUES ('99fe561234bc47adbaac7559bf2294d2', 0, '704bf94a909144c2b1ba6d8669784b95', 'custCodelist7Name', 'CUST_CODELIST7_NAME', 'NVARCHAR2(400)', 'N/A', 0, 'string-m', '', '', '', '', '', '', '', 0, NULL, 400, NULL, NULL, '', '', 'system', systimestamp, '68', 0, 'entity.custAttachment.custCodelist7Name', '', '', '', '', '', '');
INSERT INTO CNT_FIELD_DEFINITION
 (ID, REVISION, PARENT_ID, FIELD_ID, COLUMN_NAME, COLUMN_TYPE, REPORT_COLUMN_NAME, PRODUCT_FIELD, FIELD_TYPE, ENTITY_LOOKUP, ENTITY_LOOKUP_KEY, ORDER_BY, GENERATOR, REFER_TABLE, KEY_COLUMN, LOOKUP_COLUMN, MANDATORY, MIN_LENGTH, MAX_LENGTH, MIN_VALUE, MAX_VALUE, CONSTANT_VALUE, UNIQUE_KEY, CREATE_USER, CREATED_ON, LINE_NO, MANAGED, FIELD_PATH, DATA_TYPE, DATA1, DATA2, TRANSITIVE_FIELDS, FORMULA, ENTITY_LOOKUP_TYPE)
VALUES ('a932186b75244fd881a950b9c48b07c5', 0, '704bf94a909144c2b1ba6d8669784b95', 'custHcl1Ref', 'CUST_HCL1_REF', 'NVARCHAR2(1000)', 'N/A', 0, 'string-l', '', '', '', '', '', '', '', 0, NULL, 1000, NULL, NULL, '', '', 'system', systimestamp, '69', 0, 'entity.custAttachment.custHcl1Ref', '', '', '', '', '', '');
INSERT INTO CNT_FIELD_DEFINITION
 (ID, REVISION, PARENT_ID, FIELD_ID, COLUMN_NAME, COLUMN_TYPE, REPORT_COLUMN_NAME, PRODUCT_FIELD, FIELD_TYPE, ENTITY_LOOKUP, ENTITY_LOOKUP_KEY, ORDER_BY, GENERATOR, REFER_TABLE, KEY_COLUMN, LOOKUP_COLUMN, MANDATORY, MIN_LENGTH, MAX_LENGTH, MIN_VALUE, MAX_VALUE, CONSTANT_VALUE, UNIQUE_KEY, CREATE_USER, CREATED_ON, LINE_NO, MANAGED, FIELD_PATH, DATA_TYPE, DATA1, DATA2, TRANSITIVE_FIELDS, FORMULA, ENTITY_LOOKUP_TYPE)
VALUES ('c0597e5b46cd4490b6a35e75e55e79b9', 0, '704bf94a909144c2b1ba6d8669784b95', 'custHcl1Ver', 'CUST_HCL1_VER', 'NUMBER(20, 0)', 'N/A', 0, 'integer', '', '', '', '', '', '', '', 0, NULL, 18, NULL, NULL, '', '', 'system', systimestamp, '70', 0, 'entity.custAttachment.custHcl1Ver', '', '', '', '', '', '');
INSERT INTO CNT_FIELD_DEFINITION
 (ID, REVISION, PARENT_ID, FIELD_ID, COLUMN_NAME, COLUMN_TYPE, REPORT_COLUMN_NAME, PRODUCT_FIELD, FIELD_TYPE, ENTITY_LOOKUP, ENTITY_LOOKUP_KEY, ORDER_BY, GENERATOR, REFER_TABLE, KEY_COLUMN, LOOKUP_COLUMN, MANDATORY, MIN_LENGTH, MAX_LENGTH, MIN_VALUE, MAX_VALUE, CONSTANT_VALUE, UNIQUE_KEY, CREATE_USER, CREATED_ON, LINE_NO, MANAGED, FIELD_PATH, DATA_TYPE, DATA1, DATA2, TRANSITIVE_FIELDS, FORMULA, ENTITY_LOOKUP_TYPE)
VALUES ('093b971daac1443f9a0e8d3c287c35f3', 0, '704bf94a909144c2b1ba6d8669784b95', 'custHcl1Ref2', 'CUST_HCL1_REF2', 'NVARCHAR2(1000)', 'N/A', 0, 'string-l', '', '', '', '', '', '', '', 0, NULL, 1000, NULL, NULL, '', '', 'system', systimestamp, '71', 0, 'entity.custAttachment.custHcl1Ref2', '', '', '', '', '', '');
INSERT INTO CNT_FIELD_DEFINITION
 (ID, REVISION, PARENT_ID, FIELD_ID, COLUMN_NAME, COLUMN_TYPE, REPORT_COLUMN_NAME, PRODUCT_FIELD, FIELD_TYPE, ENTITY_LOOKUP, ENTITY_LOOKUP_KEY, ORDER_BY, GENERATOR, REFER_TABLE, KEY_COLUMN, LOOKUP_COLUMN, MANDATORY, MIN_LENGTH, MAX_LENGTH, MIN_VALUE, MAX_VALUE, CONSTANT_VALUE, UNIQUE_KEY, CREATE_USER, CREATED_ON, LINE_NO, MANAGED, FIELD_PATH, DATA_TYPE, DATA1, DATA2, TRANSITIVE_FIELDS, FORMULA, ENTITY_LOOKUP_TYPE)
VALUES ('52e9bc7df4f44e7d85ffd2d9043514d4', 0, '704bf94a909144c2b1ba6d8669784b95', 'custHcl1FullLineage', 'CUST_HCL1_FULL_LINEAGE', 'NVARCHAR2(1000)', 'N/A', 0, 'string-l', '', '', '', '', '', '', '', 0, NULL, 1000, NULL, NULL, '', '', 'system', systimestamp, '72', 0, 'entity.custAttachment.custHcl1FullLineage', '', '', '', '', '', '');
INSERT INTO CNT_FIELD_DEFINITION
 (ID, REVISION, PARENT_ID, FIELD_ID, COLUMN_NAME, COLUMN_TYPE, REPORT_COLUMN_NAME, PRODUCT_FIELD, FIELD_TYPE, ENTITY_LOOKUP, ENTITY_LOOKUP_KEY, ORDER_BY, GENERATOR, REFER_TABLE, KEY_COLUMN, LOOKUP_COLUMN, MANDATORY, MIN_LENGTH, MAX_LENGTH, MIN_VALUE, MAX_VALUE, CONSTANT_VALUE, UNIQUE_KEY, CREATE_USER, CREATED_ON, LINE_NO, MANAGED, FIELD_PATH, DATA_TYPE, DATA1, DATA2, TRANSITIVE_FIELDS, FORMULA, ENTITY_LOOKUP_TYPE)
VALUES ('7851810e42044806b8c7d43b0caaf40f', 0, '704bf94a909144c2b1ba6d8669784b95', 'custHcl2Ref', 'CUST_HCL2_REF', 'NVARCHAR2(1000)', 'N/A', 0, 'string-l', '', '', '', '', '', '', '', 0, NULL, 1000, NULL, NULL, '', '', 'system', systimestamp, '73', 0, 'entity.custAttachment.custHcl2Ref', '', '', '', '', '', '');
INSERT INTO CNT_FIELD_DEFINITION
 (ID, REVISION, PARENT_ID, FIELD_ID, COLUMN_NAME, COLUMN_TYPE, REPORT_COLUMN_NAME, PRODUCT_FIELD, FIELD_TYPE, ENTITY_LOOKUP, ENTITY_LOOKUP_KEY, ORDER_BY, GENERATOR, REFER_TABLE, KEY_COLUMN, LOOKUP_COLUMN, MANDATORY, MIN_LENGTH, MAX_LENGTH, MIN_VALUE, MAX_VALUE, CONSTANT_VALUE, UNIQUE_KEY, CREATE_USER, CREATED_ON, LINE_NO, MANAGED, FIELD_PATH, DATA_TYPE, DATA1, DATA2, TRANSITIVE_FIELDS, FORMULA, ENTITY_LOOKUP_TYPE)
VALUES ('eac19bcc263f477eb6cb56f150637fc5', 0, '704bf94a909144c2b1ba6d8669784b95', 'custHcl2Ver', 'CUST_HCL2_VER', 'NUMBER(20, 0)', 'N/A', 0, 'integer', '', '', '', '', '', '', '', 0, NULL, 18, NULL, NULL, '', '', 'system', systimestamp, '74', 0, 'entity.custAttachment.custHcl2Ver', '', '', '', '', '', '');
INSERT INTO CNT_FIELD_DEFINITION
 (ID, REVISION, PARENT_ID, FIELD_ID, COLUMN_NAME, COLUMN_TYPE, REPORT_COLUMN_NAME, PRODUCT_FIELD, FIELD_TYPE, ENTITY_LOOKUP, ENTITY_LOOKUP_KEY, ORDER_BY, GENERATOR, REFER_TABLE, KEY_COLUMN, LOOKUP_COLUMN, MANDATORY, MIN_LENGTH, MAX_LENGTH, MIN_VALUE, MAX_VALUE, CONSTANT_VALUE, UNIQUE_KEY, CREATE_USER, CREATED_ON, LINE_NO, MANAGED, FIELD_PATH, DATA_TYPE, DATA1, DATA2, TRANSITIVE_FIELDS, FORMULA, ENTITY_LOOKUP_TYPE)
VALUES ('7c89c9c23a2a45a58c3641301e16dd11', 0, '704bf94a909144c2b1ba6d8669784b95', 'custHcl2Ref2', 'CUST_HCL2_REF2', 'NVARCHAR2(1000)', 'N/A', 0, 'string-l', '', '', '', '', '', '', '', 0, NULL, 1000, NULL, NULL, '', '', 'system', systimestamp, '75', 0, 'entity.custAttachment.custHcl2Ref2', '', '', '', '', '', '');
INSERT INTO CNT_FIELD_DEFINITION
 (ID, REVISION, PARENT_ID, FIELD_ID, COLUMN_NAME, COLUMN_TYPE, REPORT_COLUMN_NAME, PRODUCT_FIELD, FIELD_TYPE, ENTITY_LOOKUP, ENTITY_LOOKUP_KEY, ORDER_BY, GENERATOR, REFER_TABLE, KEY_COLUMN, LOOKUP_COLUMN, MANDATORY, MIN_LENGTH, MAX_LENGTH, MIN_VALUE, MAX_VALUE, CONSTANT_VALUE, UNIQUE_KEY, CREATE_USER, CREATED_ON, LINE_NO, MANAGED, FIELD_PATH, DATA_TYPE, DATA1, DATA2, TRANSITIVE_FIELDS, FORMULA, ENTITY_LOOKUP_TYPE)
VALUES ('b6daf2cab65147819ba08e0b23878728', 0, '704bf94a909144c2b1ba6d8669784b95', 'custHcl2FullLineage', 'CUST_HCL2_FULL_LINEAGE', 'NVARCHAR2(1000)', 'N/A', 0, 'string-l', '', '', '', '', '', '', '', 0, NULL, 1000, NULL, NULL, '', '', 'system', systimestamp, '76', 0, 'entity.custAttachment.custHcl2FullLineage', '', '', '', '', '', '');
INSERT INTO CNT_FIELD_DEFINITION
 (ID, REVISION, PARENT_ID, FIELD_ID, COLUMN_NAME, COLUMN_TYPE, REPORT_COLUMN_NAME, PRODUCT_FIELD, FIELD_TYPE, ENTITY_LOOKUP, ENTITY_LOOKUP_KEY, ORDER_BY, GENERATOR, REFER_TABLE, KEY_COLUMN, LOOKUP_COLUMN, MANDATORY, MIN_LENGTH, MAX_LENGTH, MIN_VALUE, MAX_VALUE, CONSTANT_VALUE, UNIQUE_KEY, CREATE_USER, CREATED_ON, LINE_NO, MANAGED, FIELD_PATH, DATA_TYPE, DATA1, DATA2, TRANSITIVE_FIELDS, FORMULA, ENTITY_LOOKUP_TYPE)
VALUES ('1349e6f3b4044cfba327d1bf7f33cb07', 0, '704bf94a909144c2b1ba6d8669784b95', 'custHcl3Ref', 'CUST_HCL3_REF', 'NVARCHAR2(1000)', 'N/A', 0, 'string-l', '', '', '', '', '', '', '', 0, NULL, 1000, NULL, NULL, '', '', 'system', systimestamp, '77', 0, 'entity.custAttachment.custHcl3Ref', '', '', '', '', '', '');
INSERT INTO CNT_FIELD_DEFINITION
 (ID, REVISION, PARENT_ID, FIELD_ID, COLUMN_NAME, COLUMN_TYPE, REPORT_COLUMN_NAME, PRODUCT_FIELD, FIELD_TYPE, ENTITY_LOOKUP, ENTITY_LOOKUP_KEY, ORDER_BY, GENERATOR, REFER_TABLE, KEY_COLUMN, LOOKUP_COLUMN, MANDATORY, MIN_LENGTH, MAX_LENGTH, MIN_VALUE, MAX_VALUE, CONSTANT_VALUE, UNIQUE_KEY, CREATE_USER, CREATED_ON, LINE_NO, MANAGED, FIELD_PATH, DATA_TYPE, DATA1, DATA2, TRANSITIVE_FIELDS, FORMULA, ENTITY_LOOKUP_TYPE)
VALUES ('8896b4aa0f314440b60646f4f502dc1c', 0, '704bf94a909144c2b1ba6d8669784b95', 'custHcl3Ver', 'CUST_HCL3_VER', 'NUMBER(20, 0)', 'N/A', 0, 'integer', '', '', '', '', '', '', '', 0, NULL, 18, NULL, NULL, '', '', 'system', systimestamp, '78', 0, 'entity.custAttachment.custHcl3Ver', '', '', '', '', '', '');
INSERT INTO CNT_FIELD_DEFINITION
 (ID, REVISION, PARENT_ID, FIELD_ID, COLUMN_NAME, COLUMN_TYPE, REPORT_COLUMN_NAME, PRODUCT_FIELD, FIELD_TYPE, ENTITY_LOOKUP, ENTITY_LOOKUP_KEY, ORDER_BY, GENERATOR, REFER_TABLE, KEY_COLUMN, LOOKUP_COLUMN, MANDATORY, MIN_LENGTH, MAX_LENGTH, MIN_VALUE, MAX_VALUE, CONSTANT_VALUE, UNIQUE_KEY, CREATE_USER, CREATED_ON, LINE_NO, MANAGED, FIELD_PATH, DATA_TYPE, DATA1, DATA2, TRANSITIVE_FIELDS, FORMULA, ENTITY_LOOKUP_TYPE)
VALUES ('1ac7a60ee1394bf585928829d5440b69', 0, '704bf94a909144c2b1ba6d8669784b95', 'custHcl3Ref2', 'CUST_HCL3_REF2', 'NVARCHAR2(1000)', 'N/A', 0, 'string-l', '', '', '', '', '', '', '', 0, NULL, 1000, NULL, NULL, '', '', 'system', systimestamp, '79', 0, 'entity.custAttachment.custHcl3Ref2', '', '', '', '', '', '');
INSERT INTO CNT_FIELD_DEFINITION
 (ID, REVISION, PARENT_ID, FIELD_ID, COLUMN_NAME, COLUMN_TYPE, REPORT_COLUMN_NAME, PRODUCT_FIELD, FIELD_TYPE, ENTITY_LOOKUP, ENTITY_LOOKUP_KEY, ORDER_BY, GENERATOR, REFER_TABLE, KEY_COLUMN, LOOKUP_COLUMN, MANDATORY, MIN_LENGTH, MAX_LENGTH, MIN_VALUE, MAX_VALUE, CONSTANT_VALUE, UNIQUE_KEY, CREATE_USER, CREATED_ON, LINE_NO, MANAGED, FIELD_PATH, DATA_TYPE, DATA1, DATA2, TRANSITIVE_FIELDS, FORMULA, ENTITY_LOOKUP_TYPE)
VALUES ('57399e463a7a42f4aaf93bdf67fed0d5', 0, '704bf94a909144c2b1ba6d8669784b95', 'custHcl3FullLineage', 'CUST_HCL3_FULL_LINEAGE', 'NVARCHAR2(1000)', 'N/A', 0, 'string-l', '', '', '', '', '', '', '', 0, NULL, 1000, NULL, NULL, '', '', 'system', systimestamp, '80', 0, 'entity.custAttachment.custHcl3FullLineage', '', '', '', '', '', '');
INSERT INTO CNT_FIELD_DEFINITION
 (ID, REVISION, PARENT_ID, FIELD_ID, COLUMN_NAME, COLUMN_TYPE, REPORT_COLUMN_NAME, PRODUCT_FIELD, FIELD_TYPE, ENTITY_LOOKUP, ENTITY_LOOKUP_KEY, ORDER_BY, GENERATOR, REFER_TABLE, KEY_COLUMN, LOOKUP_COLUMN, MANDATORY, MIN_LENGTH, MAX_LENGTH, MIN_VALUE, MAX_VALUE, CONSTANT_VALUE, UNIQUE_KEY, CREATE_USER, CREATED_ON, LINE_NO, MANAGED, FIELD_PATH, DATA_TYPE, DATA1, DATA2, TRANSITIVE_FIELDS, FORMULA, ENTITY_LOOKUP_TYPE)
VALUES ('d7cdfc02f32b434aae5d0603ad74c050', 0, '704bf94a909144c2b1ba6d8669784b95', 'custHcl4Ref', 'CUST_HCL4_REF', 'NVARCHAR2(1000)', 'N/A', 0, 'string-l', '', '', '', '', '', '', '', 0, NULL, 1000, NULL, NULL, '', '', 'system', systimestamp, '81', 0, 'entity.custAttachment.custHcl4Ref', '', '', '', '', '', '');
INSERT INTO CNT_FIELD_DEFINITION
 (ID, REVISION, PARENT_ID, FIELD_ID, COLUMN_NAME, COLUMN_TYPE, REPORT_COLUMN_NAME, PRODUCT_FIELD, FIELD_TYPE, ENTITY_LOOKUP, ENTITY_LOOKUP_KEY, ORDER_BY, GENERATOR, REFER_TABLE, KEY_COLUMN, LOOKUP_COLUMN, MANDATORY, MIN_LENGTH, MAX_LENGTH, MIN_VALUE, MAX_VALUE, CONSTANT_VALUE, UNIQUE_KEY, CREATE_USER, CREATED_ON, LINE_NO, MANAGED, FIELD_PATH, DATA_TYPE, DATA1, DATA2, TRANSITIVE_FIELDS, FORMULA, ENTITY_LOOKUP_TYPE)
VALUES ('912c012c9b894e0a98f4c408243af408', 0, '704bf94a909144c2b1ba6d8669784b95', 'custHcl4Ver', 'CUST_HCL4_VER', 'NUMBER(20, 0)', 'N/A', 0, 'integer', '', '', '', '', '', '', '', 0, NULL, 18, NULL, NULL, '', '', 'system', systimestamp, '82', 0, 'entity.custAttachment.custHcl4Ver', '', '', '', '', '', '');
INSERT INTO CNT_FIELD_DEFINITION
 (ID, REVISION, PARENT_ID, FIELD_ID, COLUMN_NAME, COLUMN_TYPE, REPORT_COLUMN_NAME, PRODUCT_FIELD, FIELD_TYPE, ENTITY_LOOKUP, ENTITY_LOOKUP_KEY, ORDER_BY, GENERATOR, REFER_TABLE, KEY_COLUMN, LOOKUP_COLUMN, MANDATORY, MIN_LENGTH, MAX_LENGTH, MIN_VALUE, MAX_VALUE, CONSTANT_VALUE, UNIQUE_KEY, CREATE_USER, CREATED_ON, LINE_NO, MANAGED, FIELD_PATH, DATA_TYPE, DATA1, DATA2, TRANSITIVE_FIELDS, FORMULA, ENTITY_LOOKUP_TYPE)
VALUES ('3a7d5fa28b924a4b91cc00d171e21021', 0, '704bf94a909144c2b1ba6d8669784b95', 'custHcl4Ref2', 'CUST_HCL4_REF2', 'NVARCHAR2(1000)', 'N/A', 0, 'string-l', '', '', '', '', '', '', '', 0, NULL, 1000, NULL, NULL, '', '', 'system', systimestamp, '83', 0, 'entity.custAttachment.custHcl4Ref2', '', '', '', '', '', '');
INSERT INTO CNT_FIELD_DEFINITION
 (ID, REVISION, PARENT_ID, FIELD_ID, COLUMN_NAME, COLUMN_TYPE, REPORT_COLUMN_NAME, PRODUCT_FIELD, FIELD_TYPE, ENTITY_LOOKUP, ENTITY_LOOKUP_KEY, ORDER_BY, GENERATOR, REFER_TABLE, KEY_COLUMN, LOOKUP_COLUMN, MANDATORY, MIN_LENGTH, MAX_LENGTH, MIN_VALUE, MAX_VALUE, CONSTANT_VALUE, UNIQUE_KEY, CREATE_USER, CREATED_ON, LINE_NO, MANAGED, FIELD_PATH, DATA_TYPE, DATA1, DATA2, TRANSITIVE_FIELDS, FORMULA, ENTITY_LOOKUP_TYPE)
VALUES ('dfba8348413640159f23b356148d33bb', 0, '704bf94a909144c2b1ba6d8669784b95', 'custHcl4FullLineage', 'CUST_HCL4_FULL_LINEAGE', 'NVARCHAR2(1000)', 'N/A', 0, 'string-l', '', '', '', '', '', '', '', 0, NULL, 1000, NULL, NULL, '', '', 'system', systimestamp, '84', 0, 'entity.custAttachment.custHcl4FullLineage', '', '', '', '', '', '');
INSERT INTO CNT_FIELD_DEFINITION
 (ID, REVISION, PARENT_ID, FIELD_ID, COLUMN_NAME, COLUMN_TYPE, REPORT_COLUMN_NAME, PRODUCT_FIELD, FIELD_TYPE, ENTITY_LOOKUP, ENTITY_LOOKUP_KEY, ORDER_BY, GENERATOR, REFER_TABLE, KEY_COLUMN, LOOKUP_COLUMN, MANDATORY, MIN_LENGTH, MAX_LENGTH, MIN_VALUE, MAX_VALUE, CONSTANT_VALUE, UNIQUE_KEY, CREATE_USER, CREATED_ON, LINE_NO, MANAGED, FIELD_PATH, DATA_TYPE, DATA1, DATA2, TRANSITIVE_FIELDS, FORMULA, ENTITY_LOOKUP_TYPE)
VALUES ('52a283fd6b7b433c80e3f9928adeb976', 0, '704bf94a909144c2b1ba6d8669784b95', 'custHcl5Ref', 'CUST_HCL5_REF', 'NVARCHAR2(1000)', 'N/A', 0, 'string-l', '', '', '', '', '', '', '', 0, NULL, 1000, NULL, NULL, '', '', 'system', systimestamp, '85', 0, 'entity.custAttachment.custHcl5Ref', '', '', '', '', '', '');
INSERT INTO CNT_FIELD_DEFINITION
 (ID, REVISION, PARENT_ID, FIELD_ID, COLUMN_NAME, COLUMN_TYPE, REPORT_COLUMN_NAME, PRODUCT_FIELD, FIELD_TYPE, ENTITY_LOOKUP, ENTITY_LOOKUP_KEY, ORDER_BY, GENERATOR, REFER_TABLE, KEY_COLUMN, LOOKUP_COLUMN, MANDATORY, MIN_LENGTH, MAX_LENGTH, MIN_VALUE, MAX_VALUE, CONSTANT_VALUE, UNIQUE_KEY, CREATE_USER, CREATED_ON, LINE_NO, MANAGED, FIELD_PATH, DATA_TYPE, DATA1, DATA2, TRANSITIVE_FIELDS, FORMULA, ENTITY_LOOKUP_TYPE)
VALUES ('759e8975b3b74798a2d28cf2f63acff3', 0, '704bf94a909144c2b1ba6d8669784b95', 'custHcl5Ver', 'CUST_HCL5_VER', 'NUMBER(20, 0)', 'N/A', 0, 'integer', '', '', '', '', '', '', '', 0, NULL, 18, NULL, NULL, '', '', 'system', systimestamp, '86', 0, 'entity.custAttachment.custHcl5Ver', '', '', '', '', '', '');
INSERT INTO CNT_FIELD_DEFINITION
 (ID, REVISION, PARENT_ID, FIELD_ID, COLUMN_NAME, COLUMN_TYPE, REPORT_COLUMN_NAME, PRODUCT_FIELD, FIELD_TYPE, ENTITY_LOOKUP, ENTITY_LOOKUP_KEY, ORDER_BY, GENERATOR, REFER_TABLE, KEY_COLUMN, LOOKUP_COLUMN, MANDATORY, MIN_LENGTH, MAX_LENGTH, MIN_VALUE, MAX_VALUE, CONSTANT_VALUE, UNIQUE_KEY, CREATE_USER, CREATED_ON, LINE_NO, MANAGED, FIELD_PATH, DATA_TYPE, DATA1, DATA2, TRANSITIVE_FIELDS, FORMULA, ENTITY_LOOKUP_TYPE)
VALUES ('3af218dffb464d3a9352503fd2418b3e', 0, '704bf94a909144c2b1ba6d8669784b95', 'custHcl5Ref2', 'CUST_HCL5_REF2', 'NVARCHAR2(1000)', 'N/A', 0, 'string-l', '', '', '', '', '', '', '', 0, NULL, 1000, NULL, NULL, '', '', 'system', systimestamp, '87', 0, 'entity.custAttachment.custHcl5Ref2', '', '', '', '', '', '');
INSERT INTO CNT_FIELD_DEFINITION
 (ID, REVISION, PARENT_ID, FIELD_ID, COLUMN_NAME, COLUMN_TYPE, REPORT_COLUMN_NAME, PRODUCT_FIELD, FIELD_TYPE, ENTITY_LOOKUP, ENTITY_LOOKUP_KEY, ORDER_BY, GENERATOR, REFER_TABLE, KEY_COLUMN, LOOKUP_COLUMN, MANDATORY, MIN_LENGTH, MAX_LENGTH, MIN_VALUE, MAX_VALUE, CONSTANT_VALUE, UNIQUE_KEY, CREATE_USER, CREATED_ON, LINE_NO, MANAGED, FIELD_PATH, DATA_TYPE, DATA1, DATA2, TRANSITIVE_FIELDS, FORMULA, ENTITY_LOOKUP_TYPE)
VALUES ('2c865dd773d64c69b9df90ff61fb8816', 0, '704bf94a909144c2b1ba6d8669784b95', 'custHcl5FullLineage', 'CUST_HCL5_FULL_LINEAGE', 'NVARCHAR2(1000)', 'N/A', 0, 'string-l', '', '', '', '', '', '', '', 0, NULL, 1000, NULL, NULL, '', '', 'system', systimestamp, '88', 0, 'entity.custAttachment.custHcl5FullLineage', '', '', '', '', '', '');
INSERT INTO CNT_ENTITY_DEFINITION
 (ID, REVISION, ENTITY_NAME, ENTITY_VERSION, PRODUCT_TABLE_NAME, CUSTOM_TABLE_NAME, REPORT_TABLE_NAME, MODULE, TYPE, REVISION_TRACKING, VERSION_TRACKING, HISTORY_ENTITY_NAME, REF_PATTERN, SYSTEM_ENTITY, CREATE_USER, CREATED_ON, IS_FOR_EXTERNAL)
VALUES ('e2b774b39af84c35ac840c703b59a1a9', 0, 'CustImage', 1, 'CNT_CUST_IMAGE', 'CTM_CUST', 'CUSTOMER_IMAGE', 'cust', 'inner', 'ALL', 'ALL', '', '', 0, 'system', systimestamp, 0);
INSERT INTO CNT_FIELD_DEFINITION
 (ID, REVISION, PARENT_ID, FIELD_ID, COLUMN_NAME, COLUMN_TYPE, REPORT_COLUMN_NAME, PRODUCT_FIELD, FIELD_TYPE, ENTITY_LOOKUP, ENTITY_LOOKUP_KEY, ORDER_BY, GENERATOR, REFER_TABLE, KEY_COLUMN, LOOKUP_COLUMN, MANDATORY, MIN_LENGTH, MAX_LENGTH, MIN_VALUE, MAX_VALUE, CONSTANT_VALUE, UNIQUE_KEY, CREATE_USER, CREATED_ON, LINE_NO, MANAGED, FIELD_PATH, DATA_TYPE, DATA1, DATA2, TRANSITIVE_FIELDS, FORMULA, ENTITY_LOOKUP_TYPE)
VALUES ('1ba268a30ae946f59f3df2dee48dd0b5', 0, 'e2b774b39af84c35ac840c703b59a1a9', 'id', 'ID', 'CHAR(32)', '', 1, 'id', '', '', '', 'com.core.cbx.data.generator.UUIDGenerator', '', '', '', 0, 32, 32, NULL, NULL, '', '', 'system', systimestamp, '0', 0, 'entity.custImages.id', '', '', '', '', '', '');
INSERT INTO CNT_FIELD_DEFINITION
 (ID, REVISION, PARENT_ID, FIELD_ID, COLUMN_NAME, COLUMN_TYPE, REPORT_COLUMN_NAME, PRODUCT_FIELD, FIELD_TYPE, ENTITY_LOOKUP, ENTITY_LOOKUP_KEY, ORDER_BY, GENERATOR, REFER_TABLE, KEY_COLUMN, LOOKUP_COLUMN, MANDATORY, MIN_LENGTH, MAX_LENGTH, MIN_VALUE, MAX_VALUE, CONSTANT_VALUE, UNIQUE_KEY, CREATE_USER, CREATED_ON, LINE_NO, MANAGED, FIELD_PATH, DATA_TYPE, DATA1, DATA2, TRANSITIVE_FIELDS, FORMULA, ENTITY_LOOKUP_TYPE)
VALUES ('9955e103032c424da102c322e37c5629', 0, 'e2b774b39af84c35ac840c703b59a1a9', 'revision', 'REVISION', 'NUMBER(20, 0)', '', 1, 'integer', '', '', '', '', '', '', '', 0, NULL, 18, NULL, NULL, '', '', 'system', systimestamp, '1', 0, 'entity.custImages.revision', '', '', '', '', '', '');
INSERT INTO CNT_FIELD_DEFINITION
 (ID, REVISION, PARENT_ID, FIELD_ID, COLUMN_NAME, COLUMN_TYPE, REPORT_COLUMN_NAME, PRODUCT_FIELD, FIELD_TYPE, ENTITY_LOOKUP, ENTITY_LOOKUP_KEY, ORDER_BY, GENERATOR, REFER_TABLE, KEY_COLUMN, LOOKUP_COLUMN, MANDATORY, MIN_LENGTH, MAX_LENGTH, MIN_VALUE, MAX_VALUE, CONSTANT_VALUE, UNIQUE_KEY, CREATE_USER, CREATED_ON, LINE_NO, MANAGED, FIELD_PATH, DATA_TYPE, DATA1, DATA2, TRANSITIVE_FIELDS, FORMULA, ENTITY_LOOKUP_TYPE)
VALUES ('dcce27b78e064d4390d32699038697a0', 0, 'e2b774b39af84c35ac840c703b59a1a9', 'entityVersion', 'ENTITY_VERSION', 'NUMBER(20, 0)', '', 1, 'integer', '', '', '', '', '', '', '', 0, NULL, 18, NULL, NULL, '', '', 'system', systimestamp, '2', 0, 'entity.custImages.entityVersion', '', '', '', '', '', '');
INSERT INTO CNT_FIELD_DEFINITION
 (ID, REVISION, PARENT_ID, FIELD_ID, COLUMN_NAME, COLUMN_TYPE, REPORT_COLUMN_NAME, PRODUCT_FIELD, FIELD_TYPE, ENTITY_LOOKUP, ENTITY_LOOKUP_KEY, ORDER_BY, GENERATOR, REFER_TABLE, KEY_COLUMN, LOOKUP_COLUMN, MANDATORY, MIN_LENGTH, MAX_LENGTH, MIN_VALUE, MAX_VALUE, CONSTANT_VALUE, UNIQUE_KEY, CREATE_USER, CREATED_ON, LINE_NO, MANAGED, FIELD_PATH, DATA_TYPE, DATA1, DATA2, TRANSITIVE_FIELDS, FORMULA, ENTITY_LOOKUP_TYPE)
VALUES ('46f08b81da4e43a7bc0b4f7ec1d48dc2', 0, 'e2b774b39af84c35ac840c703b59a1a9', 'domainId', 'DOMAIN_ID', 'NVARCHAR2(400)', '', 1, 'string-m', '', '', '', '', '', '', '', 0, NULL, 400, NULL, NULL, '', '', 'system', systimestamp, '3', 0, 'entity.custImages.domainId', '', '', '', '', '', '');
INSERT INTO CNT_FIELD_DEFINITION
 (ID, REVISION, PARENT_ID, FIELD_ID, COLUMN_NAME, COLUMN_TYPE, REPORT_COLUMN_NAME, PRODUCT_FIELD, FIELD_TYPE, ENTITY_LOOKUP, ENTITY_LOOKUP_KEY, ORDER_BY, GENERATOR, REFER_TABLE, KEY_COLUMN, LOOKUP_COLUMN, MANDATORY, MIN_LENGTH, MAX_LENGTH, MIN_VALUE, MAX_VALUE, CONSTANT_VALUE, UNIQUE_KEY, CREATE_USER, CREATED_ON, LINE_NO, MANAGED, FIELD_PATH, DATA_TYPE, DATA1, DATA2, TRANSITIVE_FIELDS, FORMULA, ENTITY_LOOKUP_TYPE)
VALUES ('2a557964b3314062b3a021fde1da5887', 0, 'e2b774b39af84c35ac840c703b59a1a9', 'hubDomainId', 'HUB_DOMAIN_ID', 'NVARCHAR2(400)', '', 1, 'string-m', '', '', '', '', '', '', '', 0, NULL, 400, NULL, NULL, '', '', 'system', systimestamp, '4', 0, 'entity.custImages.hubDomainId', '', '', '', '', '', '');
INSERT INTO CNT_FIELD_DEFINITION
 (ID, REVISION, PARENT_ID, FIELD_ID, COLUMN_NAME, COLUMN_TYPE, REPORT_COLUMN_NAME, PRODUCT_FIELD, FIELD_TYPE, ENTITY_LOOKUP, ENTITY_LOOKUP_KEY, ORDER_BY, GENERATOR, REFER_TABLE, KEY_COLUMN, LOOKUP_COLUMN, MANDATORY, MIN_LENGTH, MAX_LENGTH, MIN_VALUE, MAX_VALUE, CONSTANT_VALUE, UNIQUE_KEY, CREATE_USER, CREATED_ON, LINE_NO, MANAGED, FIELD_PATH, DATA_TYPE, DATA1, DATA2, TRANSITIVE_FIELDS, FORMULA, ENTITY_LOOKUP_TYPE)
VALUES ('adda30122c294f64b7e1fe9a3e9c8f85', 0, 'e2b774b39af84c35ac840c703b59a1a9', 'isForReference', 'IS_FOR_REFERENCE', 'NUMBER(1,0)', '', 1, 'boolean', '', '', '', '', '', '', '', 0, NULL, NULL, NULL, NULL, '', '', 'system', systimestamp, '5', 0, 'entity.custImages.isForReference', '', '', '', '', '', '');
INSERT INTO CNT_FIELD_DEFINITION
 (ID, REVISION, PARENT_ID, FIELD_ID, COLUMN_NAME, COLUMN_TYPE, REPORT_COLUMN_NAME, PRODUCT_FIELD, FIELD_TYPE, ENTITY_LOOKUP, ENTITY_LOOKUP_KEY, ORDER_BY, GENERATOR, REFER_TABLE, KEY_COLUMN, LOOKUP_COLUMN, MANDATORY, MIN_LENGTH, MAX_LENGTH, MIN_VALUE, MAX_VALUE, CONSTANT_VALUE, UNIQUE_KEY, CREATE_USER, CREATED_ON, LINE_NO, MANAGED, FIELD_PATH, DATA_TYPE, DATA1, DATA2, TRANSITIVE_FIELDS, FORMULA, ENTITY_LOOKUP_TYPE)
VALUES ('ccb43310dfd243f0ae57cd6ad29216a6', 0, 'e2b774b39af84c35ac840c703b59a1a9', 'internalSeqNo', 'INTERNAL_SEQ_NO', 'NUMBER(20, 0)', 'n/a', 1, 'integer', '', '', '', '', '', '', '', 0, NULL, 18, NULL, NULL, '', '', 'system', systimestamp, '6', 0, 'entity.custImages.internalSeqNo', '', '', '', '', '', '');
INSERT INTO CNT_FIELD_DEFINITION
 (ID, REVISION, PARENT_ID, FIELD_ID, COLUMN_NAME, COLUMN_TYPE, REPORT_COLUMN_NAME, PRODUCT_FIELD, FIELD_TYPE, ENTITY_LOOKUP, ENTITY_LOOKUP_KEY, ORDER_BY, GENERATOR, REFER_TABLE, KEY_COLUMN, LOOKUP_COLUMN, MANDATORY, MIN_LENGTH, MAX_LENGTH, MIN_VALUE, MAX_VALUE, CONSTANT_VALUE, UNIQUE_KEY, CREATE_USER, CREATED_ON, LINE_NO, MANAGED, FIELD_PATH, DATA_TYPE, DATA1, DATA2, TRANSITIVE_FIELDS, FORMULA, ENTITY_LOOKUP_TYPE)
VALUES ('c0f4dfb0a6414a258bef9d0cfab9b62f', 0, 'e2b774b39af84c35ac840c703b59a1a9', 'custId', 'CUST_ID', 'CHAR(32)', 'CUSTOMER_SYS_ID', 1, 'id', '', '', '', '', '', '', '', 1, 32, 32, NULL, NULL, '', '', 'system', systimestamp, '7', 0, 'entity.custImages.custId', '', '', '', '', '', '');
INSERT INTO CNT_FIELD_DEFINITION
 (ID, REVISION, PARENT_ID, FIELD_ID, COLUMN_NAME, COLUMN_TYPE, REPORT_COLUMN_NAME, PRODUCT_FIELD, FIELD_TYPE, ENTITY_LOOKUP, ENTITY_LOOKUP_KEY, ORDER_BY, GENERATOR, REFER_TABLE, KEY_COLUMN, LOOKUP_COLUMN, MANDATORY, MIN_LENGTH, MAX_LENGTH, MIN_VALUE, MAX_VALUE, CONSTANT_VALUE, UNIQUE_KEY, CREATE_USER, CREATED_ON, LINE_NO, MANAGED, FIELD_PATH, DATA_TYPE, DATA1, DATA2, TRANSITIVE_FIELDS, FORMULA, ENTITY_LOOKUP_TYPE)
VALUES ('2f7f912d926141c6a570b532d3491e12', 0, 'e2b774b39af84c35ac840c703b59a1a9', 'description', 'DESCRIPTION', 'NVARCHAR2(1000)', 'IMAGE_DESC', 1, 'string-l', '', '', '', '', '', '', '', 0, NULL, 1000, NULL, NULL, '', '', 'system', systimestamp, '8', 0, 'entity.custImages.description', '', '', '', '', '', '');
INSERT INTO CNT_FIELD_DEFINITION
 (ID, REVISION, PARENT_ID, FIELD_ID, COLUMN_NAME, COLUMN_TYPE, REPORT_COLUMN_NAME, PRODUCT_FIELD, FIELD_TYPE, ENTITY_LOOKUP, ENTITY_LOOKUP_KEY, ORDER_BY, GENERATOR, REFER_TABLE, KEY_COLUMN, LOOKUP_COLUMN, MANDATORY, MIN_LENGTH, MAX_LENGTH, MIN_VALUE, MAX_VALUE, CONSTANT_VALUE, UNIQUE_KEY, CREATE_USER, CREATED_ON, LINE_NO, MANAGED, FIELD_PATH, DATA_TYPE, DATA1, DATA2, TRANSITIVE_FIELDS, FORMULA, ENTITY_LOOKUP_TYPE)
VALUES ('bda9577d6c904830ac959dcb9c9f7813', 0, 'e2b774b39af84c35ac840c703b59a1a9', 'fileId', 'FILE_ID', 'CHAR(32)', 'IMAGE_SYS_ID', 1, 'entity', 'Image', 'id', '', '', '', '', '', 0, 32, 32, NULL, NULL, '', '', 'system', systimestamp, '9', 0, 'entity.custImages.fileId', '', '', '', '', '', '');
INSERT INTO CNT_FIELD_DEFINITION
 (ID, REVISION, PARENT_ID, FIELD_ID, COLUMN_NAME, COLUMN_TYPE, REPORT_COLUMN_NAME, PRODUCT_FIELD, FIELD_TYPE, ENTITY_LOOKUP, ENTITY_LOOKUP_KEY, ORDER_BY, GENERATOR, REFER_TABLE, KEY_COLUMN, LOOKUP_COLUMN, MANDATORY, MIN_LENGTH, MAX_LENGTH, MIN_VALUE, MAX_VALUE, CONSTANT_VALUE, UNIQUE_KEY, CREATE_USER, CREATED_ON, LINE_NO, MANAGED, FIELD_PATH, DATA_TYPE, DATA1, DATA2, TRANSITIVE_FIELDS, FORMULA, ENTITY_LOOKUP_TYPE)
VALUES ('6b7b496f4bb342c79c6bc3f6634ea821', 0, 'e2b774b39af84c35ac840c703b59a1a9', 'imageTypeId', 'IMAGE_TYPE_ID', '', '', 1, 'selection', 'SelectionField', 'parentId', '', '', '', '', '', 0, NULL, NULL, NULL, NULL, '', '', 'system', systimestamp, '10', 0, 'entity.custImages.imageTypeId', 'selection-codelist', 'IMAGE_TYPE', '', '', '', '');
INSERT INTO CNT_FIELD_DEFINITION
 (ID, REVISION, PARENT_ID, FIELD_ID, COLUMN_NAME, COLUMN_TYPE, REPORT_COLUMN_NAME, PRODUCT_FIELD, FIELD_TYPE, ENTITY_LOOKUP, ENTITY_LOOKUP_KEY, ORDER_BY, GENERATOR, REFER_TABLE, KEY_COLUMN, LOOKUP_COLUMN, MANDATORY, MIN_LENGTH, MAX_LENGTH, MIN_VALUE, MAX_VALUE, CONSTANT_VALUE, UNIQUE_KEY, CREATE_USER, CREATED_ON, LINE_NO, MANAGED, FIELD_PATH, DATA_TYPE, DATA1, DATA2, TRANSITIVE_FIELDS, FORMULA, ENTITY_LOOKUP_TYPE)
VALUES ('9941ffd9a0494d819d8fcdaf4dc146cf', 0, 'e2b774b39af84c35ac840c703b59a1a9', 'custText1', 'CUST_TEXT1', 'NVARCHAR2(1000)', 'CUSTOM_FIELD_TEXT1', 0, 'string-l', '', '', '', '', '', '', '', 0, NULL, 1000, NULL, NULL, '', '', 'system', systimestamp, '11', 0, 'entity.custImages.custText1', '', '', '', '', '', '');
INSERT INTO CNT_FIELD_DEFINITION
 (ID, REVISION, PARENT_ID, FIELD_ID, COLUMN_NAME, COLUMN_TYPE, REPORT_COLUMN_NAME, PRODUCT_FIELD, FIELD_TYPE, ENTITY_LOOKUP, ENTITY_LOOKUP_KEY, ORDER_BY, GENERATOR, REFER_TABLE, KEY_COLUMN, LOOKUP_COLUMN, MANDATORY, MIN_LENGTH, MAX_LENGTH, MIN_VALUE, MAX_VALUE, CONSTANT_VALUE, UNIQUE_KEY, CREATE_USER, CREATED_ON, LINE_NO, MANAGED, FIELD_PATH, DATA_TYPE, DATA1, DATA2, TRANSITIVE_FIELDS, FORMULA, ENTITY_LOOKUP_TYPE)
VALUES ('442cc3b613e54151b8a9f9cf085b0a57', 0, 'e2b774b39af84c35ac840c703b59a1a9', 'custText2', 'CUST_TEXT2', 'NVARCHAR2(1000)', 'CUSTOM_FIELD_TEXT2', 0, 'string-l', '', '', '', '', '', '', '', 0, NULL, 1000, NULL, NULL, '', '', 'system', systimestamp, '12', 0, 'entity.custImages.custText2', '', '', '', '', '', '');
INSERT INTO CNT_FIELD_DEFINITION
 (ID, REVISION, PARENT_ID, FIELD_ID, COLUMN_NAME, COLUMN_TYPE, REPORT_COLUMN_NAME, PRODUCT_FIELD, FIELD_TYPE, ENTITY_LOOKUP, ENTITY_LOOKUP_KEY, ORDER_BY, GENERATOR, REFER_TABLE, KEY_COLUMN, LOOKUP_COLUMN, MANDATORY, MIN_LENGTH, MAX_LENGTH, MIN_VALUE, MAX_VALUE, CONSTANT_VALUE, UNIQUE_KEY, CREATE_USER, CREATED_ON, LINE_NO, MANAGED, FIELD_PATH, DATA_TYPE, DATA1, DATA2, TRANSITIVE_FIELDS, FORMULA, ENTITY_LOOKUP_TYPE)
VALUES ('c9568bc0d2c24eff994338352dee6a24', 0, 'e2b774b39af84c35ac840c703b59a1a9', 'custText3', 'CUST_TEXT3', 'NVARCHAR2(1000)', 'CUSTOM_FIELD_TEXT3', 0, 'string-l', '', '', '', '', '', '', '', 0, NULL, 1000, NULL, NULL, '', '', 'system', systimestamp, '13', 0, 'entity.custImages.custText3', '', '', '', '', '', '');
INSERT INTO CNT_FIELD_DEFINITION
 (ID, REVISION, PARENT_ID, FIELD_ID, COLUMN_NAME, COLUMN_TYPE, REPORT_COLUMN_NAME, PRODUCT_FIELD, FIELD_TYPE, ENTITY_LOOKUP, ENTITY_LOOKUP_KEY, ORDER_BY, GENERATOR, REFER_TABLE, KEY_COLUMN, LOOKUP_COLUMN, MANDATORY, MIN_LENGTH, MAX_LENGTH, MIN_VALUE, MAX_VALUE, CONSTANT_VALUE, UNIQUE_KEY, CREATE_USER, CREATED_ON, LINE_NO, MANAGED, FIELD_PATH, DATA_TYPE, DATA1, DATA2, TRANSITIVE_FIELDS, FORMULA, ENTITY_LOOKUP_TYPE)
VALUES ('aa6d78790db34603aceec589d4c6ec62', 0, 'e2b774b39af84c35ac840c703b59a1a9', 'custText4', 'CUST_TEXT4', 'NVARCHAR2(1000)', 'CUSTOM_FIELD_TEXT4', 0, 'string-l', '', '', '', '', '', '', '', 0, NULL, 1000, NULL, NULL, '', '', 'system', systimestamp, '14', 0, 'entity.custImages.custText4', '', '', '', '', '', '');
INSERT INTO CNT_FIELD_DEFINITION
 (ID, REVISION, PARENT_ID, FIELD_ID, COLUMN_NAME, COLUMN_TYPE, REPORT_COLUMN_NAME, PRODUCT_FIELD, FIELD_TYPE, ENTITY_LOOKUP, ENTITY_LOOKUP_KEY, ORDER_BY, GENERATOR, REFER_TABLE, KEY_COLUMN, LOOKUP_COLUMN, MANDATORY, MIN_LENGTH, MAX_LENGTH, MIN_VALUE, MAX_VALUE, CONSTANT_VALUE, UNIQUE_KEY, CREATE_USER, CREATED_ON, LINE_NO, MANAGED, FIELD_PATH, DATA_TYPE, DATA1, DATA2, TRANSITIVE_FIELDS, FORMULA, ENTITY_LOOKUP_TYPE)
VALUES ('4bc00a5a8f1c4535838394df3ed1aa96', 0, 'e2b774b39af84c35ac840c703b59a1a9', 'custText5', 'CUST_TEXT5', 'NVARCHAR2(1000)', 'CUSTOM_FIELD_TEXT5', 0, 'string-l', '', '', '', '', '', '', '', 0, NULL, 1000, NULL, NULL, '', '', 'system', systimestamp, '15', 0, 'entity.custImages.custText5', '', '', '', '', '', '');
INSERT INTO CNT_FIELD_DEFINITION
 (ID, REVISION, PARENT_ID, FIELD_ID, COLUMN_NAME, COLUMN_TYPE, REPORT_COLUMN_NAME, PRODUCT_FIELD, FIELD_TYPE, ENTITY_LOOKUP, ENTITY_LOOKUP_KEY, ORDER_BY, GENERATOR, REFER_TABLE, KEY_COLUMN, LOOKUP_COLUMN, MANDATORY, MIN_LENGTH, MAX_LENGTH, MIN_VALUE, MAX_VALUE, CONSTANT_VALUE, UNIQUE_KEY, CREATE_USER, CREATED_ON, LINE_NO, MANAGED, FIELD_PATH, DATA_TYPE, DATA1, DATA2, TRANSITIVE_FIELDS, FORMULA, ENTITY_LOOKUP_TYPE)
VALUES ('80d1b3551e204b6087909ad1416d49e9', 0, 'e2b774b39af84c35ac840c703b59a1a9', 'custText6', 'CUST_TEXT6', 'NVARCHAR2(1000)', 'CUSTOM_FIELD_TEXT6', 0, 'string-l', '', '', '', '', '', '', '', 0, NULL, 1000, NULL, NULL, '', '', 'system', systimestamp, '16', 0, 'entity.custImages.custText6', '', '', '', '', '', '');
INSERT INTO CNT_FIELD_DEFINITION
 (ID, REVISION, PARENT_ID, FIELD_ID, COLUMN_NAME, COLUMN_TYPE, REPORT_COLUMN_NAME, PRODUCT_FIELD, FIELD_TYPE, ENTITY_LOOKUP, ENTITY_LOOKUP_KEY, ORDER_BY, GENERATOR, REFER_TABLE, KEY_COLUMN, LOOKUP_COLUMN, MANDATORY, MIN_LENGTH, MAX_LENGTH, MIN_VALUE, MAX_VALUE, CONSTANT_VALUE, UNIQUE_KEY, CREATE_USER, CREATED_ON, LINE_NO, MANAGED, FIELD_PATH, DATA_TYPE, DATA1, DATA2, TRANSITIVE_FIELDS, FORMULA, ENTITY_LOOKUP_TYPE)
VALUES ('62ed0b0945d04c97b0b18125e1211a88', 0, 'e2b774b39af84c35ac840c703b59a1a9', 'custText7', 'CUST_TEXT7', 'NVARCHAR2(1000)', 'CUSTOM_FIELD_TEXT7', 0, 'string-l', '', '', '', '', '', '', '', 0, NULL, 1000, NULL, NULL, '', '', 'system', systimestamp, '17', 0, 'entity.custImages.custText7', '', '', '', '', '', '');
INSERT INTO CNT_FIELD_DEFINITION
 (ID, REVISION, PARENT_ID, FIELD_ID, COLUMN_NAME, COLUMN_TYPE, REPORT_COLUMN_NAME, PRODUCT_FIELD, FIELD_TYPE, ENTITY_LOOKUP, ENTITY_LOOKUP_KEY, ORDER_BY, GENERATOR, REFER_TABLE, KEY_COLUMN, LOOKUP_COLUMN, MANDATORY, MIN_LENGTH, MAX_LENGTH, MIN_VALUE, MAX_VALUE, CONSTANT_VALUE, UNIQUE_KEY, CREATE_USER, CREATED_ON, LINE_NO, MANAGED, FIELD_PATH, DATA_TYPE, DATA1, DATA2, TRANSITIVE_FIELDS, FORMULA, ENTITY_LOOKUP_TYPE)
VALUES ('17f266cfbc9b425b9679008c8ddb572e', 0, 'e2b774b39af84c35ac840c703b59a1a9', 'custDate1', 'CUST_DATE1', 'DATE', 'CUSTOM_FIELD_DATE1', 0, 'date', '', '', '', '', '', '', '', 0, NULL, NULL, NULL, NULL, '', '', 'system', systimestamp, '18', 0, 'entity.custImages.custDate1', '', '', '', '', '', '');
INSERT INTO CNT_FIELD_DEFINITION
 (ID, REVISION, PARENT_ID, FIELD_ID, COLUMN_NAME, COLUMN_TYPE, REPORT_COLUMN_NAME, PRODUCT_FIELD, FIELD_TYPE, ENTITY_LOOKUP, ENTITY_LOOKUP_KEY, ORDER_BY, GENERATOR, REFER_TABLE, KEY_COLUMN, LOOKUP_COLUMN, MANDATORY, MIN_LENGTH, MAX_LENGTH, MIN_VALUE, MAX_VALUE, CONSTANT_VALUE, UNIQUE_KEY, CREATE_USER, CREATED_ON, LINE_NO, MANAGED, FIELD_PATH, DATA_TYPE, DATA1, DATA2, TRANSITIVE_FIELDS, FORMULA, ENTITY_LOOKUP_TYPE)
VALUES ('000f8597717a4941bcac37cc2a19a13b', 0, 'e2b774b39af84c35ac840c703b59a1a9', 'custDate2', 'CUST_DATE2', 'DATE', 'CUSTOM_FIELD_DATE2', 0, 'date', '', '', '', '', '', '', '', 0, NULL, NULL, NULL, NULL, '', '', 'system', systimestamp, '19', 0, 'entity.custImages.custDate2', '', '', '', '', '', '');
INSERT INTO CNT_FIELD_DEFINITION
 (ID, REVISION, PARENT_ID, FIELD_ID, COLUMN_NAME, COLUMN_TYPE, REPORT_COLUMN_NAME, PRODUCT_FIELD, FIELD_TYPE, ENTITY_LOOKUP, ENTITY_LOOKUP_KEY, ORDER_BY, GENERATOR, REFER_TABLE, KEY_COLUMN, LOOKUP_COLUMN, MANDATORY, MIN_LENGTH, MAX_LENGTH, MIN_VALUE, MAX_VALUE, CONSTANT_VALUE, UNIQUE_KEY, CREATE_USER, CREATED_ON, LINE_NO, MANAGED, FIELD_PATH, DATA_TYPE, DATA1, DATA2, TRANSITIVE_FIELDS, FORMULA, ENTITY_LOOKUP_TYPE)
VALUES ('6b811fa366b44bac913ee8e70fd53bf2', 0, 'e2b774b39af84c35ac840c703b59a1a9', 'custDate3', 'CUST_DATE3', 'DATE', 'CUSTOM_FIELD_DATE3', 0, 'date', '', '', '', '', '', '', '', 0, NULL, NULL, NULL, NULL, '', '', 'system', systimestamp, '20', 0, 'entity.custImages.custDate3', '', '', '', '', '', '');
INSERT INTO CNT_FIELD_DEFINITION
 (ID, REVISION, PARENT_ID, FIELD_ID, COLUMN_NAME, COLUMN_TYPE, REPORT_COLUMN_NAME, PRODUCT_FIELD, FIELD_TYPE, ENTITY_LOOKUP, ENTITY_LOOKUP_KEY, ORDER_BY, GENERATOR, REFER_TABLE, KEY_COLUMN, LOOKUP_COLUMN, MANDATORY, MIN_LENGTH, MAX_LENGTH, MIN_VALUE, MAX_VALUE, CONSTANT_VALUE, UNIQUE_KEY, CREATE_USER, CREATED_ON, LINE_NO, MANAGED, FIELD_PATH, DATA_TYPE, DATA1, DATA2, TRANSITIVE_FIELDS, FORMULA, ENTITY_LOOKUP_TYPE)
VALUES ('aeda15441cab4583b31abe9dd7698632', 0, 'e2b774b39af84c35ac840c703b59a1a9', 'custDate4', 'CUST_DATE4', 'DATE', 'CUSTOM_FIELD_DATE4', 0, 'date', '', '', '', '', '', '', '', 0, NULL, NULL, NULL, NULL, '', '', 'system', systimestamp, '21', 0, 'entity.custImages.custDate4', '', '', '', '', '', '');
INSERT INTO CNT_FIELD_DEFINITION
 (ID, REVISION, PARENT_ID, FIELD_ID, COLUMN_NAME, COLUMN_TYPE, REPORT_COLUMN_NAME, PRODUCT_FIELD, FIELD_TYPE, ENTITY_LOOKUP, ENTITY_LOOKUP_KEY, ORDER_BY, GENERATOR, REFER_TABLE, KEY_COLUMN, LOOKUP_COLUMN, MANDATORY, MIN_LENGTH, MAX_LENGTH, MIN_VALUE, MAX_VALUE, CONSTANT_VALUE, UNIQUE_KEY, CREATE_USER, CREATED_ON, LINE_NO, MANAGED, FIELD_PATH, DATA_TYPE, DATA1, DATA2, TRANSITIVE_FIELDS, FORMULA, ENTITY_LOOKUP_TYPE)
VALUES ('3a3c3ddab68443928e8fde4bc301f31f', 0, 'e2b774b39af84c35ac840c703b59a1a9', 'custDate5', 'CUST_DATE5', 'DATE', 'CUSTOM_FIELD_DATE5', 0, 'date', '', '', '', '', '', '', '', 0, NULL, NULL, NULL, NULL, '', '', 'system', systimestamp, '22', 0, 'entity.custImages.custDate5', '', '', '', '', '', '');
INSERT INTO CNT_FIELD_DEFINITION
 (ID, REVISION, PARENT_ID, FIELD_ID, COLUMN_NAME, COLUMN_TYPE, REPORT_COLUMN_NAME, PRODUCT_FIELD, FIELD_TYPE, ENTITY_LOOKUP, ENTITY_LOOKUP_KEY, ORDER_BY, GENERATOR, REFER_TABLE, KEY_COLUMN, LOOKUP_COLUMN, MANDATORY, MIN_LENGTH, MAX_LENGTH, MIN_VALUE, MAX_VALUE, CONSTANT_VALUE, UNIQUE_KEY, CREATE_USER, CREATED_ON, LINE_NO, MANAGED, FIELD_PATH, DATA_TYPE, DATA1, DATA2, TRANSITIVE_FIELDS, FORMULA, ENTITY_LOOKUP_TYPE)
VALUES ('3eb957431dce40c8a19b959022cf155d', 0, 'e2b774b39af84c35ac840c703b59a1a9', 'custDate6', 'CUST_DATE6', 'DATE', 'CUSTOM_FIELD_DATE6', 0, 'date', '', '', '', '', '', '', '', 0, NULL, NULL, NULL, NULL, '', '', 'system', systimestamp, '23', 0, 'entity.custImages.custDate6', '', '', '', '', '', '');
INSERT INTO CNT_FIELD_DEFINITION
 (ID, REVISION, PARENT_ID, FIELD_ID, COLUMN_NAME, COLUMN_TYPE, REPORT_COLUMN_NAME, PRODUCT_FIELD, FIELD_TYPE, ENTITY_LOOKUP, ENTITY_LOOKUP_KEY, ORDER_BY, GENERATOR, REFER_TABLE, KEY_COLUMN, LOOKUP_COLUMN, MANDATORY, MIN_LENGTH, MAX_LENGTH, MIN_VALUE, MAX_VALUE, CONSTANT_VALUE, UNIQUE_KEY, CREATE_USER, CREATED_ON, LINE_NO, MANAGED, FIELD_PATH, DATA_TYPE, DATA1, DATA2, TRANSITIVE_FIELDS, FORMULA, ENTITY_LOOKUP_TYPE)
VALUES ('c77c3035da3b4fd49f3002b395731471', 0, 'e2b774b39af84c35ac840c703b59a1a9', 'custDate7', 'CUST_DATE7', 'DATE', 'CUSTOM_FIELD_DATE7', 0, 'date', '', '', '', '', '', '', '', 0, NULL, NULL, NULL, NULL, '', '', 'system', systimestamp, '24', 0, 'entity.custImages.custDate7', '', '', '', '', '', '');
INSERT INTO CNT_FIELD_DEFINITION
 (ID, REVISION, PARENT_ID, FIELD_ID, COLUMN_NAME, COLUMN_TYPE, REPORT_COLUMN_NAME, PRODUCT_FIELD, FIELD_TYPE, ENTITY_LOOKUP, ENTITY_LOOKUP_KEY, ORDER_BY, GENERATOR, REFER_TABLE, KEY_COLUMN, LOOKUP_COLUMN, MANDATORY, MIN_LENGTH, MAX_LENGTH, MIN_VALUE, MAX_VALUE, CONSTANT_VALUE, UNIQUE_KEY, CREATE_USER, CREATED_ON, LINE_NO, MANAGED, FIELD_PATH, DATA_TYPE, DATA1, DATA2, TRANSITIVE_FIELDS, FORMULA, ENTITY_LOOKUP_TYPE)
VALUES ('04d3b29659a347dd9089336e536ede11', 0, 'e2b774b39af84c35ac840c703b59a1a9', 'custNumber1', 'CUST_NUMBER1', 'NUMBER(20, 0)', 'CUSTOM_FIELD_NUMBER1', 0, 'integer', '', '', '', '', '', '', '', 0, NULL, 18, NULL, NULL, '', '', 'system', systimestamp, '25', 0, 'entity.custImages.custNumber1', '', '', '', '', '', '');
INSERT INTO CNT_FIELD_DEFINITION
 (ID, REVISION, PARENT_ID, FIELD_ID, COLUMN_NAME, COLUMN_TYPE, REPORT_COLUMN_NAME, PRODUCT_FIELD, FIELD_TYPE, ENTITY_LOOKUP, ENTITY_LOOKUP_KEY, ORDER_BY, GENERATOR, REFER_TABLE, KEY_COLUMN, LOOKUP_COLUMN, MANDATORY, MIN_LENGTH, MAX_LENGTH, MIN_VALUE, MAX_VALUE, CONSTANT_VALUE, UNIQUE_KEY, CREATE_USER, CREATED_ON, LINE_NO, MANAGED, FIELD_PATH, DATA_TYPE, DATA1, DATA2, TRANSITIVE_FIELDS, FORMULA, ENTITY_LOOKUP_TYPE)
VALUES ('83009a6b22fe4bb7a3194a9ba2811b18', 0, 'e2b774b39af84c35ac840c703b59a1a9', 'custNumber2', 'CUST_NUMBER2', 'NUMBER(20, 0)', 'CUSTOM_FIELD_NUMBER2', 0, 'integer', '', '', '', '', '', '', '', 0, NULL, 18, NULL, NULL, '', '', 'system', systimestamp, '26', 0, 'entity.custImages.custNumber2', '', '', '', '', '', '');
INSERT INTO CNT_FIELD_DEFINITION
 (ID, REVISION, PARENT_ID, FIELD_ID, COLUMN_NAME, COLUMN_TYPE, REPORT_COLUMN_NAME, PRODUCT_FIELD, FIELD_TYPE, ENTITY_LOOKUP, ENTITY_LOOKUP_KEY, ORDER_BY, GENERATOR, REFER_TABLE, KEY_COLUMN, LOOKUP_COLUMN, MANDATORY, MIN_LENGTH, MAX_LENGTH, MIN_VALUE, MAX_VALUE, CONSTANT_VALUE, UNIQUE_KEY, CREATE_USER, CREATED_ON, LINE_NO, MANAGED, FIELD_PATH, DATA_TYPE, DATA1, DATA2, TRANSITIVE_FIELDS, FORMULA, ENTITY_LOOKUP_TYPE)
VALUES ('ef9157bb06d44e61bc2572c168ff59a7', 0, 'e2b774b39af84c35ac840c703b59a1a9', 'custNumber3', 'CUST_NUMBER3', 'NUMBER(20, 0)', 'CUSTOM_FIELD_NUMBER3', 0, 'integer', '', '', '', '', '', '', '', 0, NULL, 18, NULL, NULL, '', '', 'system', systimestamp, '27', 0, 'entity.custImages.custNumber3', '', '', '', '', '', '');
INSERT INTO CNT_FIELD_DEFINITION
 (ID, REVISION, PARENT_ID, FIELD_ID, COLUMN_NAME, COLUMN_TYPE, REPORT_COLUMN_NAME, PRODUCT_FIELD, FIELD_TYPE, ENTITY_LOOKUP, ENTITY_LOOKUP_KEY, ORDER_BY, GENERATOR, REFER_TABLE, KEY_COLUMN, LOOKUP_COLUMN, MANDATORY, MIN_LENGTH, MAX_LENGTH, MIN_VALUE, MAX_VALUE, CONSTANT_VALUE, UNIQUE_KEY, CREATE_USER, CREATED_ON, LINE_NO, MANAGED, FIELD_PATH, DATA_TYPE, DATA1, DATA2, TRANSITIVE_FIELDS, FORMULA, ENTITY_LOOKUP_TYPE)
VALUES ('9fe74348aa824424bef686bf3d282f9b', 0, 'e2b774b39af84c35ac840c703b59a1a9', 'custNumber4', 'CUST_NUMBER4', 'NUMBER(20, 0)', 'CUSTOM_FIELD_NUMBER4', 0, 'integer', '', '', '', '', '', '', '', 0, NULL, 18, NULL, NULL, '', '', 'system', systimestamp, '28', 0, 'entity.custImages.custNumber4', '', '', '', '', '', '');
INSERT INTO CNT_FIELD_DEFINITION
 (ID, REVISION, PARENT_ID, FIELD_ID, COLUMN_NAME, COLUMN_TYPE, REPORT_COLUMN_NAME, PRODUCT_FIELD, FIELD_TYPE, ENTITY_LOOKUP, ENTITY_LOOKUP_KEY, ORDER_BY, GENERATOR, REFER_TABLE, KEY_COLUMN, LOOKUP_COLUMN, MANDATORY, MIN_LENGTH, MAX_LENGTH, MIN_VALUE, MAX_VALUE, CONSTANT_VALUE, UNIQUE_KEY, CREATE_USER, CREATED_ON, LINE_NO, MANAGED, FIELD_PATH, DATA_TYPE, DATA1, DATA2, TRANSITIVE_FIELDS, FORMULA, ENTITY_LOOKUP_TYPE)
VALUES ('d571ecf484944e2f8dd027ace2691580', 0, 'e2b774b39af84c35ac840c703b59a1a9', 'custNumber5', 'CUST_NUMBER5', 'NUMBER(20, 0)', 'CUSTOM_FIELD_NUMBER5', 0, 'integer', '', '', '', '', '', '', '', 0, NULL, 18, NULL, NULL, '', '', 'system', systimestamp, '29', 0, 'entity.custImages.custNumber5', '', '', '', '', '', '');
INSERT INTO CNT_FIELD_DEFINITION
 (ID, REVISION, PARENT_ID, FIELD_ID, COLUMN_NAME, COLUMN_TYPE, REPORT_COLUMN_NAME, PRODUCT_FIELD, FIELD_TYPE, ENTITY_LOOKUP, ENTITY_LOOKUP_KEY, ORDER_BY, GENERATOR, REFER_TABLE, KEY_COLUMN, LOOKUP_COLUMN, MANDATORY, MIN_LENGTH, MAX_LENGTH, MIN_VALUE, MAX_VALUE, CONSTANT_VALUE, UNIQUE_KEY, CREATE_USER, CREATED_ON, LINE_NO, MANAGED, FIELD_PATH, DATA_TYPE, DATA1, DATA2, TRANSITIVE_FIELDS, FORMULA, ENTITY_LOOKUP_TYPE)
VALUES ('3f8a91ee8b044e81b8023c1c6b7c307e', 0, 'e2b774b39af84c35ac840c703b59a1a9', 'custNumber6', 'CUST_NUMBER6', 'NUMBER(20, 0)', 'CUSTOM_FIELD_NUMBER6', 0, 'integer', '', '', '', '', '', '', '', 0, NULL, 18, NULL, NULL, '', '', 'system', systimestamp, '30', 0, 'entity.custImages.custNumber6', '', '', '', '', '', '');
INSERT INTO CNT_FIELD_DEFINITION
 (ID, REVISION, PARENT_ID, FIELD_ID, COLUMN_NAME, COLUMN_TYPE, REPORT_COLUMN_NAME, PRODUCT_FIELD, FIELD_TYPE, ENTITY_LOOKUP, ENTITY_LOOKUP_KEY, ORDER_BY, GENERATOR, REFER_TABLE, KEY_COLUMN, LOOKUP_COLUMN, MANDATORY, MIN_LENGTH, MAX_LENGTH, MIN_VALUE, MAX_VALUE, CONSTANT_VALUE, UNIQUE_KEY, CREATE_USER, CREATED_ON, LINE_NO, MANAGED, FIELD_PATH, DATA_TYPE, DATA1, DATA2, TRANSITIVE_FIELDS, FORMULA, ENTITY_LOOKUP_TYPE)
VALUES ('1cc3dd2bf43849fdaa6c5f842c3b40d9', 0, 'e2b774b39af84c35ac840c703b59a1a9', 'custNumber7', 'CUST_NUMBER7', 'NUMBER(20, 0)', 'CUSTOM_FIELD_NUMBER7', 0, 'integer', '', '', '', '', '', '', '', 0, NULL, 18, NULL, NULL, '', '', 'system', systimestamp, '31', 0, 'entity.custImages.custNumber7', '', '', '', '', '', '');
INSERT INTO CNT_FIELD_DEFINITION
 (ID, REVISION, PARENT_ID, FIELD_ID, COLUMN_NAME, COLUMN_TYPE, REPORT_COLUMN_NAME, PRODUCT_FIELD, FIELD_TYPE, ENTITY_LOOKUP, ENTITY_LOOKUP_KEY, ORDER_BY, GENERATOR, REFER_TABLE, KEY_COLUMN, LOOKUP_COLUMN, MANDATORY, MIN_LENGTH, MAX_LENGTH, MIN_VALUE, MAX_VALUE, CONSTANT_VALUE, UNIQUE_KEY, CREATE_USER, CREATED_ON, LINE_NO, MANAGED, FIELD_PATH, DATA_TYPE, DATA1, DATA2, TRANSITIVE_FIELDS, FORMULA, ENTITY_LOOKUP_TYPE)
VALUES ('bb6ff4306b344bd3a85b07e0fbab50e7', 0, 'e2b774b39af84c35ac840c703b59a1a9', 'custDecimal1', 'CUST_DECIMAL1', 'NUMBER(25, 5)', 'CUSTOM_FIELD_DECIMAL1', 0, 'decimal-rate', '', '', '', '', '', '', '', 0, NULL, 20, NULL, NULL, '', '', 'system', systimestamp, '32', 0, 'entity.custImages.custDecimal1', '', '', '', '', '', '');
INSERT INTO CNT_FIELD_DEFINITION
 (ID, REVISION, PARENT_ID, FIELD_ID, COLUMN_NAME, COLUMN_TYPE, REPORT_COLUMN_NAME, PRODUCT_FIELD, FIELD_TYPE, ENTITY_LOOKUP, ENTITY_LOOKUP_KEY, ORDER_BY, GENERATOR, REFER_TABLE, KEY_COLUMN, LOOKUP_COLUMN, MANDATORY, MIN_LENGTH, MAX_LENGTH, MIN_VALUE, MAX_VALUE, CONSTANT_VALUE, UNIQUE_KEY, CREATE_USER, CREATED_ON, LINE_NO, MANAGED, FIELD_PATH, DATA_TYPE, DATA1, DATA2, TRANSITIVE_FIELDS, FORMULA, ENTITY_LOOKUP_TYPE)
VALUES ('5cf62c25930f48d080b7da50c25f8e6c', 0, 'e2b774b39af84c35ac840c703b59a1a9', 'custDecimal2', 'CUST_DECIMAL2', 'NUMBER(25, 5)', 'CUSTOM_FIELD_DECIMAL2', 0, 'decimal-rate', '', '', '', '', '', '', '', 0, NULL, 20, NULL, NULL, '', '', 'system', systimestamp, '33', 0, 'entity.custImages.custDecimal2', '', '', '', '', '', '');
INSERT INTO CNT_FIELD_DEFINITION
 (ID, REVISION, PARENT_ID, FIELD_ID, COLUMN_NAME, COLUMN_TYPE, REPORT_COLUMN_NAME, PRODUCT_FIELD, FIELD_TYPE, ENTITY_LOOKUP, ENTITY_LOOKUP_KEY, ORDER_BY, GENERATOR, REFER_TABLE, KEY_COLUMN, LOOKUP_COLUMN, MANDATORY, MIN_LENGTH, MAX_LENGTH, MIN_VALUE, MAX_VALUE, CONSTANT_VALUE, UNIQUE_KEY, CREATE_USER, CREATED_ON, LINE_NO, MANAGED, FIELD_PATH, DATA_TYPE, DATA1, DATA2, TRANSITIVE_FIELDS, FORMULA, ENTITY_LOOKUP_TYPE)
VALUES ('3a611be5d4554494b32dc350fcba6805', 0, 'e2b774b39af84c35ac840c703b59a1a9', 'custDecimal3', 'CUST_DECIMAL3', 'NUMBER(25, 5)', 'CUSTOM_FIELD_DECIMAL3', 0, 'decimal-rate', '', '', '', '', '', '', '', 0, NULL, 20, NULL, NULL, '', '', 'system', systimestamp, '34', 0, 'entity.custImages.custDecimal3', '', '', '', '', '', '');
INSERT INTO CNT_FIELD_DEFINITION
 (ID, REVISION, PARENT_ID, FIELD_ID, COLUMN_NAME, COLUMN_TYPE, REPORT_COLUMN_NAME, PRODUCT_FIELD, FIELD_TYPE, ENTITY_LOOKUP, ENTITY_LOOKUP_KEY, ORDER_BY, GENERATOR, REFER_TABLE, KEY_COLUMN, LOOKUP_COLUMN, MANDATORY, MIN_LENGTH, MAX_LENGTH, MIN_VALUE, MAX_VALUE, CONSTANT_VALUE, UNIQUE_KEY, CREATE_USER, CREATED_ON, LINE_NO, MANAGED, FIELD_PATH, DATA_TYPE, DATA1, DATA2, TRANSITIVE_FIELDS, FORMULA, ENTITY_LOOKUP_TYPE)
VALUES ('3aae691500544940a2b38954cceb35b0', 0, 'e2b774b39af84c35ac840c703b59a1a9', 'custDecimal4', 'CUST_DECIMAL4', 'NUMBER(25, 5)', 'CUSTOM_FIELD_DECIMAL4', 0, 'decimal-rate', '', '', '', '', '', '', '', 0, NULL, 20, NULL, NULL, '', '', 'system', systimestamp, '35', 0, 'entity.custImages.custDecimal4', '', '', '', '', '', '');
INSERT INTO CNT_FIELD_DEFINITION
 (ID, REVISION, PARENT_ID, FIELD_ID, COLUMN_NAME, COLUMN_TYPE, REPORT_COLUMN_NAME, PRODUCT_FIELD, FIELD_TYPE, ENTITY_LOOKUP, ENTITY_LOOKUP_KEY, ORDER_BY, GENERATOR, REFER_TABLE, KEY_COLUMN, LOOKUP_COLUMN, MANDATORY, MIN_LENGTH, MAX_LENGTH, MIN_VALUE, MAX_VALUE, CONSTANT_VALUE, UNIQUE_KEY, CREATE_USER, CREATED_ON, LINE_NO, MANAGED, FIELD_PATH, DATA_TYPE, DATA1, DATA2, TRANSITIVE_FIELDS, FORMULA, ENTITY_LOOKUP_TYPE)
VALUES ('5fa60943957a4f7b900b458235a9b240', 0, 'e2b774b39af84c35ac840c703b59a1a9', 'custDecimal5', 'CUST_DECIMAL5', 'NUMBER(25, 5)', 'CUSTOM_FIELD_DECIMAL5', 0, 'decimal-rate', '', '', '', '', '', '', '', 0, NULL, 20, NULL, NULL, '', '', 'system', systimestamp, '36', 0, 'entity.custImages.custDecimal5', '', '', '', '', '', '');
INSERT INTO CNT_FIELD_DEFINITION
 (ID, REVISION, PARENT_ID, FIELD_ID, COLUMN_NAME, COLUMN_TYPE, REPORT_COLUMN_NAME, PRODUCT_FIELD, FIELD_TYPE, ENTITY_LOOKUP, ENTITY_LOOKUP_KEY, ORDER_BY, GENERATOR, REFER_TABLE, KEY_COLUMN, LOOKUP_COLUMN, MANDATORY, MIN_LENGTH, MAX_LENGTH, MIN_VALUE, MAX_VALUE, CONSTANT_VALUE, UNIQUE_KEY, CREATE_USER, CREATED_ON, LINE_NO, MANAGED, FIELD_PATH, DATA_TYPE, DATA1, DATA2, TRANSITIVE_FIELDS, FORMULA, ENTITY_LOOKUP_TYPE)
VALUES ('3853138384a74d1395f51486fa7a1b1f', 0, 'e2b774b39af84c35ac840c703b59a1a9', 'custDecimal6', 'CUST_DECIMAL6', 'NUMBER(25, 5)', 'CUSTOM_FIELD_DECIMAL6', 0, 'decimal-rate', '', '', '', '', '', '', '', 0, NULL, 20, NULL, NULL, '', '', 'system', systimestamp, '37', 0, 'entity.custImages.custDecimal6', '', '', '', '', '', '');
INSERT INTO CNT_FIELD_DEFINITION
 (ID, REVISION, PARENT_ID, FIELD_ID, COLUMN_NAME, COLUMN_TYPE, REPORT_COLUMN_NAME, PRODUCT_FIELD, FIELD_TYPE, ENTITY_LOOKUP, ENTITY_LOOKUP_KEY, ORDER_BY, GENERATOR, REFER_TABLE, KEY_COLUMN, LOOKUP_COLUMN, MANDATORY, MIN_LENGTH, MAX_LENGTH, MIN_VALUE, MAX_VALUE, CONSTANT_VALUE, UNIQUE_KEY, CREATE_USER, CREATED_ON, LINE_NO, MANAGED, FIELD_PATH, DATA_TYPE, DATA1, DATA2, TRANSITIVE_FIELDS, FORMULA, ENTITY_LOOKUP_TYPE)
VALUES ('e5a74f1ba6f7419b8703f6900506787b', 0, 'e2b774b39af84c35ac840c703b59a1a9', 'custDecimal7', 'CUST_DECIMAL7', 'NUMBER(25, 5)', 'CUSTOM_FIELD_DECIMAL7', 0, 'decimal-rate', '', '', '', '', '', '', '', 0, NULL, 20, NULL, NULL, '', '', 'system', systimestamp, '38', 0, 'entity.custImages.custDecimal7', '', '', '', '', '', '');
INSERT INTO CNT_FIELD_DEFINITION
 (ID, REVISION, PARENT_ID, FIELD_ID, COLUMN_NAME, COLUMN_TYPE, REPORT_COLUMN_NAME, PRODUCT_FIELD, FIELD_TYPE, ENTITY_LOOKUP, ENTITY_LOOKUP_KEY, ORDER_BY, GENERATOR, REFER_TABLE, KEY_COLUMN, LOOKUP_COLUMN, MANDATORY, MIN_LENGTH, MAX_LENGTH, MIN_VALUE, MAX_VALUE, CONSTANT_VALUE, UNIQUE_KEY, CREATE_USER, CREATED_ON, LINE_NO, MANAGED, FIELD_PATH, DATA_TYPE, DATA1, DATA2, TRANSITIVE_FIELDS, FORMULA, ENTITY_LOOKUP_TYPE)
VALUES ('ea59b9dc654e44ab8055015ed4d1fdb7', 0, 'e2b774b39af84c35ac840c703b59a1a9', 'custCodelist1', 'CUST_CODELIST1', 'NVARCHAR2(400)', 'CUSTOM_FIELD_CODE_LIST_CODE1', 0, 'string-m', '', '', '', '', '', '', '', 0, NULL, 400, NULL, NULL, '', '', 'system', systimestamp, '39', 0, 'entity.custImages.custCodelist1', 'codelist', '', '', '', '', '');
INSERT INTO CNT_FIELD_DEFINITION
 (ID, REVISION, PARENT_ID, FIELD_ID, COLUMN_NAME, COLUMN_TYPE, REPORT_COLUMN_NAME, PRODUCT_FIELD, FIELD_TYPE, ENTITY_LOOKUP, ENTITY_LOOKUP_KEY, ORDER_BY, GENERATOR, REFER_TABLE, KEY_COLUMN, LOOKUP_COLUMN, MANDATORY, MIN_LENGTH, MAX_LENGTH, MIN_VALUE, MAX_VALUE, CONSTANT_VALUE, UNIQUE_KEY, CREATE_USER, CREATED_ON, LINE_NO, MANAGED, FIELD_PATH, DATA_TYPE, DATA1, DATA2, TRANSITIVE_FIELDS, FORMULA, ENTITY_LOOKUP_TYPE)
VALUES ('5ee35164e0bd4d67ba430c6daf390854', 0, 'e2b774b39af84c35ac840c703b59a1a9', 'custCodelist2', 'CUST_CODELIST2', 'NVARCHAR2(400)', 'CUSTOM_FIELD_CODE_LIST_CODE2', 0, 'string-m', '', '', '', '', '', '', '', 0, NULL, 400, NULL, NULL, '', '', 'system', systimestamp, '40', 0, 'entity.custImages.custCodelist2', 'codelist', '', '', '', '', '');
INSERT INTO CNT_FIELD_DEFINITION
 (ID, REVISION, PARENT_ID, FIELD_ID, COLUMN_NAME, COLUMN_TYPE, REPORT_COLUMN_NAME, PRODUCT_FIELD, FIELD_TYPE, ENTITY_LOOKUP, ENTITY_LOOKUP_KEY, ORDER_BY, GENERATOR, REFER_TABLE, KEY_COLUMN, LOOKUP_COLUMN, MANDATORY, MIN_LENGTH, MAX_LENGTH, MIN_VALUE, MAX_VALUE, CONSTANT_VALUE, UNIQUE_KEY, CREATE_USER, CREATED_ON, LINE_NO, MANAGED, FIELD_PATH, DATA_TYPE, DATA1, DATA2, TRANSITIVE_FIELDS, FORMULA, ENTITY_LOOKUP_TYPE)
VALUES ('d5acb43154ef4ce29d23b846dc025a68', 0, 'e2b774b39af84c35ac840c703b59a1a9', 'custCodelist3', 'CUST_CODELIST3', 'NVARCHAR2(400)', 'CUSTOM_FIELD_CODE_LIST_CODE3', 0, 'string-m', '', '', '', '', '', '', '', 0, NULL, 400, NULL, NULL, '', '', 'system', systimestamp, '41', 0, 'entity.custImages.custCodelist3', 'codelist', '', '', '', '', '');
INSERT INTO CNT_FIELD_DEFINITION
 (ID, REVISION, PARENT_ID, FIELD_ID, COLUMN_NAME, COLUMN_TYPE, REPORT_COLUMN_NAME, PRODUCT_FIELD, FIELD_TYPE, ENTITY_LOOKUP, ENTITY_LOOKUP_KEY, ORDER_BY, GENERATOR, REFER_TABLE, KEY_COLUMN, LOOKUP_COLUMN, MANDATORY, MIN_LENGTH, MAX_LENGTH, MIN_VALUE, MAX_VALUE, CONSTANT_VALUE, UNIQUE_KEY, CREATE_USER, CREATED_ON, LINE_NO, MANAGED, FIELD_PATH, DATA_TYPE, DATA1, DATA2, TRANSITIVE_FIELDS, FORMULA, ENTITY_LOOKUP_TYPE)
VALUES ('418d64e875e24f53b80078eab85e554c', 0, 'e2b774b39af84c35ac840c703b59a1a9', 'custCodelist4', 'CUST_CODELIST4', 'NVARCHAR2(400)', 'CUSTOM_FIELD_CODE_LIST_CODE4', 0, 'string-m', '', '', '', '', '', '', '', 0, NULL, 400, NULL, NULL, '', '', 'system', systimestamp, '42', 0, 'entity.custImages.custCodelist4', 'codelist', '', '', '', '', '');
INSERT INTO CNT_FIELD_DEFINITION
 (ID, REVISION, PARENT_ID, FIELD_ID, COLUMN_NAME, COLUMN_TYPE, REPORT_COLUMN_NAME, PRODUCT_FIELD, FIELD_TYPE, ENTITY_LOOKUP, ENTITY_LOOKUP_KEY, ORDER_BY, GENERATOR, REFER_TABLE, KEY_COLUMN, LOOKUP_COLUMN, MANDATORY, MIN_LENGTH, MAX_LENGTH, MIN_VALUE, MAX_VALUE, CONSTANT_VALUE, UNIQUE_KEY, CREATE_USER, CREATED_ON, LINE_NO, MANAGED, FIELD_PATH, DATA_TYPE, DATA1, DATA2, TRANSITIVE_FIELDS, FORMULA, ENTITY_LOOKUP_TYPE)
VALUES ('aae37bd475024407aeffa24ef902dc47', 0, 'e2b774b39af84c35ac840c703b59a1a9', 'custCodelist5', 'CUST_CODELIST5', 'NVARCHAR2(400)', 'CUSTOM_FIELD_CODE_LIST_CODE5', 0, 'string-m', '', '', '', '', '', '', '', 0, NULL, 400, NULL, NULL, '', '', 'system', systimestamp, '43', 0, 'entity.custImages.custCodelist5', 'codelist', '', '', '', '', '');
INSERT INTO CNT_FIELD_DEFINITION
 (ID, REVISION, PARENT_ID, FIELD_ID, COLUMN_NAME, COLUMN_TYPE, REPORT_COLUMN_NAME, PRODUCT_FIELD, FIELD_TYPE, ENTITY_LOOKUP, ENTITY_LOOKUP_KEY, ORDER_BY, GENERATOR, REFER_TABLE, KEY_COLUMN, LOOKUP_COLUMN, MANDATORY, MIN_LENGTH, MAX_LENGTH, MIN_VALUE, MAX_VALUE, CONSTANT_VALUE, UNIQUE_KEY, CREATE_USER, CREATED_ON, LINE_NO, MANAGED, FIELD_PATH, DATA_TYPE, DATA1, DATA2, TRANSITIVE_FIELDS, FORMULA, ENTITY_LOOKUP_TYPE)
VALUES ('b90d723154aa4507bfbe61035191ca82', 0, 'e2b774b39af84c35ac840c703b59a1a9', 'custCodelist6', 'CUST_CODELIST6', 'NVARCHAR2(400)', 'CUSTOM_FIELD_CODE_LIST_CODE6', 0, 'string-m', '', '', '', '', '', '', '', 0, NULL, 400, NULL, NULL, '', '', 'system', systimestamp, '44', 0, 'entity.custImages.custCodelist6', 'codelist', '', '', '', '', '');
INSERT INTO CNT_FIELD_DEFINITION
 (ID, REVISION, PARENT_ID, FIELD_ID, COLUMN_NAME, COLUMN_TYPE, REPORT_COLUMN_NAME, PRODUCT_FIELD, FIELD_TYPE, ENTITY_LOOKUP, ENTITY_LOOKUP_KEY, ORDER_BY, GENERATOR, REFER_TABLE, KEY_COLUMN, LOOKUP_COLUMN, MANDATORY, MIN_LENGTH, MAX_LENGTH, MIN_VALUE, MAX_VALUE, CONSTANT_VALUE, UNIQUE_KEY, CREATE_USER, CREATED_ON, LINE_NO, MANAGED, FIELD_PATH, DATA_TYPE, DATA1, DATA2, TRANSITIVE_FIELDS, FORMULA, ENTITY_LOOKUP_TYPE)
VALUES ('286cb971db804e06a0ede03e444567de', 0, 'e2b774b39af84c35ac840c703b59a1a9', 'custCodelist7', 'CUST_CODELIST7', 'NVARCHAR2(400)', 'CUSTOM_FIELD_CODE_LIST_CODE7', 0, 'string-m', '', '', '', '', '', '', '', 0, NULL, 400, NULL, NULL, '', '', 'system', systimestamp, '45', 0, 'entity.custImages.custCodelist7', 'codelist', '', '', '', '', '');
INSERT INTO CNT_FIELD_DEFINITION
 (ID, REVISION, PARENT_ID, FIELD_ID, COLUMN_NAME, COLUMN_TYPE, REPORT_COLUMN_NAME, PRODUCT_FIELD, FIELD_TYPE, ENTITY_LOOKUP, ENTITY_LOOKUP_KEY, ORDER_BY, GENERATOR, REFER_TABLE, KEY_COLUMN, LOOKUP_COLUMN, MANDATORY, MIN_LENGTH, MAX_LENGTH, MIN_VALUE, MAX_VALUE, CONSTANT_VALUE, UNIQUE_KEY, CREATE_USER, CREATED_ON, LINE_NO, MANAGED, FIELD_PATH, DATA_TYPE, DATA1, DATA2, TRANSITIVE_FIELDS, FORMULA, ENTITY_LOOKUP_TYPE)
VALUES ('b6840dceb20544e5915dcf5842db441c', 0, 'e2b774b39af84c35ac840c703b59a1a9', 'custMemoText1', 'CUST_MEMO_TEXT1', 'NVARCHAR2(1000)', 'CUSTOM_FIELD_MEMO_TEXT1', 0, 'string-l', '', '', '', '', '', '', '', 0, NULL, 1000, NULL, NULL, '', '', 'system', systimestamp, '46', 0, 'entity.custImages.custMemoText1', '', '', '', '', '', '');
INSERT INTO CNT_FIELD_DEFINITION
 (ID, REVISION, PARENT_ID, FIELD_ID, COLUMN_NAME, COLUMN_TYPE, REPORT_COLUMN_NAME, PRODUCT_FIELD, FIELD_TYPE, ENTITY_LOOKUP, ENTITY_LOOKUP_KEY, ORDER_BY, GENERATOR, REFER_TABLE, KEY_COLUMN, LOOKUP_COLUMN, MANDATORY, MIN_LENGTH, MAX_LENGTH, MIN_VALUE, MAX_VALUE, CONSTANT_VALUE, UNIQUE_KEY, CREATE_USER, CREATED_ON, LINE_NO, MANAGED, FIELD_PATH, DATA_TYPE, DATA1, DATA2, TRANSITIVE_FIELDS, FORMULA, ENTITY_LOOKUP_TYPE)
VALUES ('80473f88c2c148e8b010bd3e05e9b822', 0, 'e2b774b39af84c35ac840c703b59a1a9', 'custMemoText2', 'CUST_MEMO_TEXT2', 'NVARCHAR2(1000)', 'CUSTOM_FIELD_MEMO_TEXT2', 0, 'string-l', '', '', '', '', '', '', '', 0, NULL, 1000, NULL, NULL, '', '', 'system', systimestamp, '47', 0, 'entity.custImages.custMemoText2', '', '', '', '', '', '');
INSERT INTO CNT_FIELD_DEFINITION
 (ID, REVISION, PARENT_ID, FIELD_ID, COLUMN_NAME, COLUMN_TYPE, REPORT_COLUMN_NAME, PRODUCT_FIELD, FIELD_TYPE, ENTITY_LOOKUP, ENTITY_LOOKUP_KEY, ORDER_BY, GENERATOR, REFER_TABLE, KEY_COLUMN, LOOKUP_COLUMN, MANDATORY, MIN_LENGTH, MAX_LENGTH, MIN_VALUE, MAX_VALUE, CONSTANT_VALUE, UNIQUE_KEY, CREATE_USER, CREATED_ON, LINE_NO, MANAGED, FIELD_PATH, DATA_TYPE, DATA1, DATA2, TRANSITIVE_FIELDS, FORMULA, ENTITY_LOOKUP_TYPE)
VALUES ('8db34987c969478b83bad273ce30da29', 0, 'e2b774b39af84c35ac840c703b59a1a9', 'custMemoText3', 'CUST_MEMO_TEXT3', 'NVARCHAR2(1000)', 'CUSTOM_FIELD_MEMO_TEXT3', 0, 'string-l', '', '', '', '', '', '', '', 0, NULL, 1000, NULL, NULL, '', '', 'system', systimestamp, '48', 0, 'entity.custImages.custMemoText3', '', '', '', '', '', '');
INSERT INTO CNT_FIELD_DEFINITION
 (ID, REVISION, PARENT_ID, FIELD_ID, COLUMN_NAME, COLUMN_TYPE, REPORT_COLUMN_NAME, PRODUCT_FIELD, FIELD_TYPE, ENTITY_LOOKUP, ENTITY_LOOKUP_KEY, ORDER_BY, GENERATOR, REFER_TABLE, KEY_COLUMN, LOOKUP_COLUMN, MANDATORY, MIN_LENGTH, MAX_LENGTH, MIN_VALUE, MAX_VALUE, CONSTANT_VALUE, UNIQUE_KEY, CREATE_USER, CREATED_ON, LINE_NO, MANAGED, FIELD_PATH, DATA_TYPE, DATA1, DATA2, TRANSITIVE_FIELDS, FORMULA, ENTITY_LOOKUP_TYPE)
VALUES ('2be271c616844c608ba98fb8277c5eb8', 0, 'e2b774b39af84c35ac840c703b59a1a9', 'custMemoText4', 'CUST_MEMO_TEXT4', 'NVARCHAR2(1000)', 'CUSTOM_FIELD_MEMO_TEXT4', 0, 'string-l', '', '', '', '', '', '', '', 0, NULL, 1000, NULL, NULL, '', '', 'system', systimestamp, '49', 0, 'entity.custImages.custMemoText4', '', '', '', '', '', '');
INSERT INTO CNT_FIELD_DEFINITION
 (ID, REVISION, PARENT_ID, FIELD_ID, COLUMN_NAME, COLUMN_TYPE, REPORT_COLUMN_NAME, PRODUCT_FIELD, FIELD_TYPE, ENTITY_LOOKUP, ENTITY_LOOKUP_KEY, ORDER_BY, GENERATOR, REFER_TABLE, KEY_COLUMN, LOOKUP_COLUMN, MANDATORY, MIN_LENGTH, MAX_LENGTH, MIN_VALUE, MAX_VALUE, CONSTANT_VALUE, UNIQUE_KEY, CREATE_USER, CREATED_ON, LINE_NO, MANAGED, FIELD_PATH, DATA_TYPE, DATA1, DATA2, TRANSITIVE_FIELDS, FORMULA, ENTITY_LOOKUP_TYPE)
VALUES ('ab920e69cd644cb68913c82e729edaec', 0, 'e2b774b39af84c35ac840c703b59a1a9', 'custMemoText5', 'CUST_MEMO_TEXT5', 'NVARCHAR2(1000)', 'CUSTOM_FIELD_MEMO_TEXT5', 0, 'string-l', '', '', '', '', '', '', '', 0, NULL, 1000, NULL, NULL, '', '', 'system', systimestamp, '50', 0, 'entity.custImages.custMemoText5', '', '', '', '', '', '');
INSERT INTO CNT_FIELD_DEFINITION
 (ID, REVISION, PARENT_ID, FIELD_ID, COLUMN_NAME, COLUMN_TYPE, REPORT_COLUMN_NAME, PRODUCT_FIELD, FIELD_TYPE, ENTITY_LOOKUP, ENTITY_LOOKUP_KEY, ORDER_BY, GENERATOR, REFER_TABLE, KEY_COLUMN, LOOKUP_COLUMN, MANDATORY, MIN_LENGTH, MAX_LENGTH, MIN_VALUE, MAX_VALUE, CONSTANT_VALUE, UNIQUE_KEY, CREATE_USER, CREATED_ON, LINE_NO, MANAGED, FIELD_PATH, DATA_TYPE, DATA1, DATA2, TRANSITIVE_FIELDS, FORMULA, ENTITY_LOOKUP_TYPE)
VALUES ('53e93692a15540ca9b9ea6b48b0f3c2f', 0, 'e2b774b39af84c35ac840c703b59a1a9', 'custMemoText6', 'CUST_MEMO_TEXT6', 'NVARCHAR2(1000)', 'CUSTOM_FIELD_MEMO_TEXT6', 0, 'string-l', '', '', '', '', '', '', '', 0, NULL, 1000, NULL, NULL, '', '', 'system', systimestamp, '51', 0, 'entity.custImages.custMemoText6', '', '', '', '', '', '');
INSERT INTO CNT_FIELD_DEFINITION
 (ID, REVISION, PARENT_ID, FIELD_ID, COLUMN_NAME, COLUMN_TYPE, REPORT_COLUMN_NAME, PRODUCT_FIELD, FIELD_TYPE, ENTITY_LOOKUP, ENTITY_LOOKUP_KEY, ORDER_BY, GENERATOR, REFER_TABLE, KEY_COLUMN, LOOKUP_COLUMN, MANDATORY, MIN_LENGTH, MAX_LENGTH, MIN_VALUE, MAX_VALUE, CONSTANT_VALUE, UNIQUE_KEY, CREATE_USER, CREATED_ON, LINE_NO, MANAGED, FIELD_PATH, DATA_TYPE, DATA1, DATA2, TRANSITIVE_FIELDS, FORMULA, ENTITY_LOOKUP_TYPE)
VALUES ('5fe53ee74f37447c81de3b4bffa024ab', 0, 'e2b774b39af84c35ac840c703b59a1a9', 'custMemoText7', 'CUST_MEMO_TEXT7', 'NVARCHAR2(1000)', 'CUSTOM_FIELD_MEMO_TEXT7', 0, 'string-l', '', '', '', '', '', '', '', 0, NULL, 1000, NULL, NULL, '', '', 'system', systimestamp, '52', 0, 'entity.custImages.custMemoText7', '', '', '', '', '', '');
INSERT INTO CNT_FIELD_DEFINITION
 (ID, REVISION, PARENT_ID, FIELD_ID, COLUMN_NAME, COLUMN_TYPE, REPORT_COLUMN_NAME, PRODUCT_FIELD, FIELD_TYPE, ENTITY_LOOKUP, ENTITY_LOOKUP_KEY, ORDER_BY, GENERATOR, REFER_TABLE, KEY_COLUMN, LOOKUP_COLUMN, MANDATORY, MIN_LENGTH, MAX_LENGTH, MIN_VALUE, MAX_VALUE, CONSTANT_VALUE, UNIQUE_KEY, CREATE_USER, CREATED_ON, LINE_NO, MANAGED, FIELD_PATH, DATA_TYPE, DATA1, DATA2, TRANSITIVE_FIELDS, FORMULA, ENTITY_LOOKUP_TYPE)
VALUES ('73958929026940229f81e518ada90fe7', 0, 'e2b774b39af84c35ac840c703b59a1a9', 'custHcl1', 'CUST_HCL1_ID', 'CHAR(32)', 'CUSTOM_FIELD_HCL_CODE_SYS_ID1', 0, 'entity', 'HclNode', 'id', '', '', '', '', '', 0, 32, 32, NULL, NULL, '', '', 'system', systimestamp, '53', 0, 'entity.custImages.custHcl1', '', '', '', '', '', '');
INSERT INTO CNT_FIELD_DEFINITION
 (ID, REVISION, PARENT_ID, FIELD_ID, COLUMN_NAME, COLUMN_TYPE, REPORT_COLUMN_NAME, PRODUCT_FIELD, FIELD_TYPE, ENTITY_LOOKUP, ENTITY_LOOKUP_KEY, ORDER_BY, GENERATOR, REFER_TABLE, KEY_COLUMN, LOOKUP_COLUMN, MANDATORY, MIN_LENGTH, MAX_LENGTH, MIN_VALUE, MAX_VALUE, CONSTANT_VALUE, UNIQUE_KEY, CREATE_USER, CREATED_ON, LINE_NO, MANAGED, FIELD_PATH, DATA_TYPE, DATA1, DATA2, TRANSITIVE_FIELDS, FORMULA, ENTITY_LOOKUP_TYPE)
VALUES ('b244023b68ad4cf7916ef005efb307db', 0, 'e2b774b39af84c35ac840c703b59a1a9', 'custHcl2', 'CUST_HCL2_ID', 'CHAR(32)', 'CUSTOM_FIELD_HCL_CODE_SYS_ID2', 0, 'entity', 'HclNode', 'id', '', '', '', '', '', 0, 32, 32, NULL, NULL, '', '', 'system', systimestamp, '54', 0, 'entity.custImages.custHcl2', '', '', '', '', '', '');
INSERT INTO CNT_FIELD_DEFINITION
 (ID, REVISION, PARENT_ID, FIELD_ID, COLUMN_NAME, COLUMN_TYPE, REPORT_COLUMN_NAME, PRODUCT_FIELD, FIELD_TYPE, ENTITY_LOOKUP, ENTITY_LOOKUP_KEY, ORDER_BY, GENERATOR, REFER_TABLE, KEY_COLUMN, LOOKUP_COLUMN, MANDATORY, MIN_LENGTH, MAX_LENGTH, MIN_VALUE, MAX_VALUE, CONSTANT_VALUE, UNIQUE_KEY, CREATE_USER, CREATED_ON, LINE_NO, MANAGED, FIELD_PATH, DATA_TYPE, DATA1, DATA2, TRANSITIVE_FIELDS, FORMULA, ENTITY_LOOKUP_TYPE)
VALUES ('43c66d47b7d44f478d3485667a22689c', 0, 'e2b774b39af84c35ac840c703b59a1a9', 'custHcl3', 'CUST_HCL3_ID', 'CHAR(32)', 'CUSTOM_FIELD_HCL_CODE_SYS_ID3', 0, 'entity', 'HclNode', 'id', '', '', '', '', '', 0, 32, 32, NULL, NULL, '', '', 'system', systimestamp, '55', 0, 'entity.custImages.custHcl3', '', '', '', '', '', '');
INSERT INTO CNT_FIELD_DEFINITION
 (ID, REVISION, PARENT_ID, FIELD_ID, COLUMN_NAME, COLUMN_TYPE, REPORT_COLUMN_NAME, PRODUCT_FIELD, FIELD_TYPE, ENTITY_LOOKUP, ENTITY_LOOKUP_KEY, ORDER_BY, GENERATOR, REFER_TABLE, KEY_COLUMN, LOOKUP_COLUMN, MANDATORY, MIN_LENGTH, MAX_LENGTH, MIN_VALUE, MAX_VALUE, CONSTANT_VALUE, UNIQUE_KEY, CREATE_USER, CREATED_ON, LINE_NO, MANAGED, FIELD_PATH, DATA_TYPE, DATA1, DATA2, TRANSITIVE_FIELDS, FORMULA, ENTITY_LOOKUP_TYPE)
VALUES ('8a7f3bdd43fb4c4faa584df077552916', 0, 'e2b774b39af84c35ac840c703b59a1a9', 'custHcl4', 'CUST_HCL4_ID', 'CHAR(32)', 'CUSTOM_FIELD_HCL_CODE_SYS_ID4', 0, 'entity', 'HclNode', 'id', '', '', '', '', '', 0, 32, 32, NULL, NULL, '', '', 'system', systimestamp, '56', 0, 'entity.custImages.custHcl4', '', '', '', '', '', '');
INSERT INTO CNT_FIELD_DEFINITION
 (ID, REVISION, PARENT_ID, FIELD_ID, COLUMN_NAME, COLUMN_TYPE, REPORT_COLUMN_NAME, PRODUCT_FIELD, FIELD_TYPE, ENTITY_LOOKUP, ENTITY_LOOKUP_KEY, ORDER_BY, GENERATOR, REFER_TABLE, KEY_COLUMN, LOOKUP_COLUMN, MANDATORY, MIN_LENGTH, MAX_LENGTH, MIN_VALUE, MAX_VALUE, CONSTANT_VALUE, UNIQUE_KEY, CREATE_USER, CREATED_ON, LINE_NO, MANAGED, FIELD_PATH, DATA_TYPE, DATA1, DATA2, TRANSITIVE_FIELDS, FORMULA, ENTITY_LOOKUP_TYPE)
VALUES ('d54081f29c614fae96f09326bec36d05', 0, 'e2b774b39af84c35ac840c703b59a1a9', 'custHcl5', 'CUST_HCL5_ID', 'CHAR(32)', 'CUSTOM_FIELD_HCL_CODE_SYS_ID5', 0, 'entity', 'HclNode', 'id', '', '', '', '', '', 0, 32, 32, NULL, NULL, '', '', 'system', systimestamp, '57', 0, 'entity.custImages.custHcl5', '', '', '', '', '', '');
INSERT INTO CNT_FIELD_DEFINITION
 (ID, REVISION, PARENT_ID, FIELD_ID, COLUMN_NAME, COLUMN_TYPE, REPORT_COLUMN_NAME, PRODUCT_FIELD, FIELD_TYPE, ENTITY_LOOKUP, ENTITY_LOOKUP_KEY, ORDER_BY, GENERATOR, REFER_TABLE, KEY_COLUMN, LOOKUP_COLUMN, MANDATORY, MIN_LENGTH, MAX_LENGTH, MIN_VALUE, MAX_VALUE, CONSTANT_VALUE, UNIQUE_KEY, CREATE_USER, CREATED_ON, LINE_NO, MANAGED, FIELD_PATH, DATA_TYPE, DATA1, DATA2, TRANSITIVE_FIELDS, FORMULA, ENTITY_LOOKUP_TYPE)
VALUES ('437e9f14a011415abfe62318a682ade4', 0, 'e2b774b39af84c35ac840c703b59a1a9', 'fileRef', 'FILE_REF', 'NVARCHAR2(1000)', 'N/A', 1, 'string-l', '', '', '', '', '', '', '', 0, NULL, 1000, NULL, NULL, '', '', 'system', systimestamp, '58', 0, 'entity.custImages.fileRef', '', '', '', '', '', '');
INSERT INTO CNT_FIELD_DEFINITION
 (ID, REVISION, PARENT_ID, FIELD_ID, COLUMN_NAME, COLUMN_TYPE, REPORT_COLUMN_NAME, PRODUCT_FIELD, FIELD_TYPE, ENTITY_LOOKUP, ENTITY_LOOKUP_KEY, ORDER_BY, GENERATOR, REFER_TABLE, KEY_COLUMN, LOOKUP_COLUMN, MANDATORY, MIN_LENGTH, MAX_LENGTH, MIN_VALUE, MAX_VALUE, CONSTANT_VALUE, UNIQUE_KEY, CREATE_USER, CREATED_ON, LINE_NO, MANAGED, FIELD_PATH, DATA_TYPE, DATA1, DATA2, TRANSITIVE_FIELDS, FORMULA, ENTITY_LOOKUP_TYPE)
VALUES ('bd0a8b27d04c46a4b16dce35c3db2c46', 0, 'e2b774b39af84c35ac840c703b59a1a9', 'fileVer', 'FILE_VER', 'NUMBER(20, 0)', 'N/A', 1, 'integer', '', '', '', '', '', '', '', 0, NULL, 18, NULL, NULL, '', '', 'system', systimestamp, '59', 0, 'entity.custImages.fileVer', '', '', '', '', '', '');
INSERT INTO CNT_FIELD_DEFINITION
 (ID, REVISION, PARENT_ID, FIELD_ID, COLUMN_NAME, COLUMN_TYPE, REPORT_COLUMN_NAME, PRODUCT_FIELD, FIELD_TYPE, ENTITY_LOOKUP, ENTITY_LOOKUP_KEY, ORDER_BY, GENERATOR, REFER_TABLE, KEY_COLUMN, LOOKUP_COLUMN, MANDATORY, MIN_LENGTH, MAX_LENGTH, MIN_VALUE, MAX_VALUE, CONSTANT_VALUE, UNIQUE_KEY, CREATE_USER, CREATED_ON, LINE_NO, MANAGED, FIELD_PATH, DATA_TYPE, DATA1, DATA2, TRANSITIVE_FIELDS, FORMULA, ENTITY_LOOKUP_TYPE)
VALUES ('97510c8f7f014c4c9187ba15f47bc1fa', 0, 'e2b774b39af84c35ac840c703b59a1a9', 'fileRef2', 'FILE_REF2', 'NVARCHAR2(1000)', 'N/A', 1, 'string-l', '', '', '', '', '', '', '', 0, NULL, 1000, NULL, NULL, '', '', 'system', systimestamp, '60', 0, 'entity.custImages.fileRef2', '', '', '', '', '', '');
INSERT INTO CNT_FIELD_DEFINITION
 (ID, REVISION, PARENT_ID, FIELD_ID, COLUMN_NAME, COLUMN_TYPE, REPORT_COLUMN_NAME, PRODUCT_FIELD, FIELD_TYPE, ENTITY_LOOKUP, ENTITY_LOOKUP_KEY, ORDER_BY, GENERATOR, REFER_TABLE, KEY_COLUMN, LOOKUP_COLUMN, MANDATORY, MIN_LENGTH, MAX_LENGTH, MIN_VALUE, MAX_VALUE, CONSTANT_VALUE, UNIQUE_KEY, CREATE_USER, CREATED_ON, LINE_NO, MANAGED, FIELD_PATH, DATA_TYPE, DATA1, DATA2, TRANSITIVE_FIELDS, FORMULA, ENTITY_LOOKUP_TYPE)
VALUES ('6452e636b3c74293920565abc86df734', 0, 'e2b774b39af84c35ac840c703b59a1a9', 'imageTypeIdValue', 'IMAGE_TYPE_ID_VALUE', 'NVARCHAR2(1000)', 'N/A', 1, 'string-l', '', '', '', '', '', '', '', 0, NULL, 1000, NULL, NULL, '', '', 'system', systimestamp, '61', 0, 'entity.custImages.imageTypeIdValue', '', '', '', '', '', '');
INSERT INTO CNT_FIELD_DEFINITION
 (ID, REVISION, PARENT_ID, FIELD_ID, COLUMN_NAME, COLUMN_TYPE, REPORT_COLUMN_NAME, PRODUCT_FIELD, FIELD_TYPE, ENTITY_LOOKUP, ENTITY_LOOKUP_KEY, ORDER_BY, GENERATOR, REFER_TABLE, KEY_COLUMN, LOOKUP_COLUMN, MANDATORY, MIN_LENGTH, MAX_LENGTH, MIN_VALUE, MAX_VALUE, CONSTANT_VALUE, UNIQUE_KEY, CREATE_USER, CREATED_ON, LINE_NO, MANAGED, FIELD_PATH, DATA_TYPE, DATA1, DATA2, TRANSITIVE_FIELDS, FORMULA, ENTITY_LOOKUP_TYPE)
VALUES ('5933a18040ed4dd7bbf6cbe7adf6d3aa', 0, 'e2b774b39af84c35ac840c703b59a1a9', 'custCodelist1Name', 'CUST_CODELIST1_NAME', 'NVARCHAR2(400)', 'N/A', 0, 'string-m', '', '', '', '', '', '', '', 0, NULL, 400, NULL, NULL, '', '', 'system', systimestamp, '62', 0, 'entity.custImages.custCodelist1Name', '', '', '', '', '', '');
INSERT INTO CNT_FIELD_DEFINITION
 (ID, REVISION, PARENT_ID, FIELD_ID, COLUMN_NAME, COLUMN_TYPE, REPORT_COLUMN_NAME, PRODUCT_FIELD, FIELD_TYPE, ENTITY_LOOKUP, ENTITY_LOOKUP_KEY, ORDER_BY, GENERATOR, REFER_TABLE, KEY_COLUMN, LOOKUP_COLUMN, MANDATORY, MIN_LENGTH, MAX_LENGTH, MIN_VALUE, MAX_VALUE, CONSTANT_VALUE, UNIQUE_KEY, CREATE_USER, CREATED_ON, LINE_NO, MANAGED, FIELD_PATH, DATA_TYPE, DATA1, DATA2, TRANSITIVE_FIELDS, FORMULA, ENTITY_LOOKUP_TYPE)
VALUES ('69aa6f8d20b74dad81659ad339fbc331', 0, 'e2b774b39af84c35ac840c703b59a1a9', 'custCodelist2Name', 'CUST_CODELIST2_NAME', 'NVARCHAR2(400)', 'N/A', 0, 'string-m', '', '', '', '', '', '', '', 0, NULL, 400, NULL, NULL, '', '', 'system', systimestamp, '63', 0, 'entity.custImages.custCodelist2Name', '', '', '', '', '', '');
INSERT INTO CNT_FIELD_DEFINITION
 (ID, REVISION, PARENT_ID, FIELD_ID, COLUMN_NAME, COLUMN_TYPE, REPORT_COLUMN_NAME, PRODUCT_FIELD, FIELD_TYPE, ENTITY_LOOKUP, ENTITY_LOOKUP_KEY, ORDER_BY, GENERATOR, REFER_TABLE, KEY_COLUMN, LOOKUP_COLUMN, MANDATORY, MIN_LENGTH, MAX_LENGTH, MIN_VALUE, MAX_VALUE, CONSTANT_VALUE, UNIQUE_KEY, CREATE_USER, CREATED_ON, LINE_NO, MANAGED, FIELD_PATH, DATA_TYPE, DATA1, DATA2, TRANSITIVE_FIELDS, FORMULA, ENTITY_LOOKUP_TYPE)
VALUES ('a1991f9d9876411ab5ae5dc202f09bef', 0, 'e2b774b39af84c35ac840c703b59a1a9', 'custCodelist3Name', 'CUST_CODELIST3_NAME', 'NVARCHAR2(400)', 'N/A', 0, 'string-m', '', '', '', '', '', '', '', 0, NULL, 400, NULL, NULL, '', '', 'system', systimestamp, '64', 0, 'entity.custImages.custCodelist3Name', '', '', '', '', '', '');
INSERT INTO CNT_FIELD_DEFINITION
 (ID, REVISION, PARENT_ID, FIELD_ID, COLUMN_NAME, COLUMN_TYPE, REPORT_COLUMN_NAME, PRODUCT_FIELD, FIELD_TYPE, ENTITY_LOOKUP, ENTITY_LOOKUP_KEY, ORDER_BY, GENERATOR, REFER_TABLE, KEY_COLUMN, LOOKUP_COLUMN, MANDATORY, MIN_LENGTH, MAX_LENGTH, MIN_VALUE, MAX_VALUE, CONSTANT_VALUE, UNIQUE_KEY, CREATE_USER, CREATED_ON, LINE_NO, MANAGED, FIELD_PATH, DATA_TYPE, DATA1, DATA2, TRANSITIVE_FIELDS, FORMULA, ENTITY_LOOKUP_TYPE)
VALUES ('e2c6cd932527474b9d7a4050bdcf5735', 0, 'e2b774b39af84c35ac840c703b59a1a9', 'custCodelist4Name', 'CUST_CODELIST4_NAME', 'NVARCHAR2(400)', 'N/A', 0, 'string-m', '', '', '', '', '', '', '', 0, NULL, 400, NULL, NULL, '', '', 'system', systimestamp, '65', 0, 'entity.custImages.custCodelist4Name', '', '', '', '', '', '');
INSERT INTO CNT_FIELD_DEFINITION
 (ID, REVISION, PARENT_ID, FIELD_ID, COLUMN_NAME, COLUMN_TYPE, REPORT_COLUMN_NAME, PRODUCT_FIELD, FIELD_TYPE, ENTITY_LOOKUP, ENTITY_LOOKUP_KEY, ORDER_BY, GENERATOR, REFER_TABLE, KEY_COLUMN, LOOKUP_COLUMN, MANDATORY, MIN_LENGTH, MAX_LENGTH, MIN_VALUE, MAX_VALUE, CONSTANT_VALUE, UNIQUE_KEY, CREATE_USER, CREATED_ON, LINE_NO, MANAGED, FIELD_PATH, DATA_TYPE, DATA1, DATA2, TRANSITIVE_FIELDS, FORMULA, ENTITY_LOOKUP_TYPE)
VALUES ('1df851d729244b7586b1a56a13582480', 0, 'e2b774b39af84c35ac840c703b59a1a9', 'custCodelist5Name', 'CUST_CODELIST5_NAME', 'NVARCHAR2(400)', 'N/A', 0, 'string-m', '', '', '', '', '', '', '', 0, NULL, 400, NULL, NULL, '', '', 'system', systimestamp, '66', 0, 'entity.custImages.custCodelist5Name', '', '', '', '', '', '');
INSERT INTO CNT_FIELD_DEFINITION
 (ID, REVISION, PARENT_ID, FIELD_ID, COLUMN_NAME, COLUMN_TYPE, REPORT_COLUMN_NAME, PRODUCT_FIELD, FIELD_TYPE, ENTITY_LOOKUP, ENTITY_LOOKUP_KEY, ORDER_BY, GENERATOR, REFER_TABLE, KEY_COLUMN, LOOKUP_COLUMN, MANDATORY, MIN_LENGTH, MAX_LENGTH, MIN_VALUE, MAX_VALUE, CONSTANT_VALUE, UNIQUE_KEY, CREATE_USER, CREATED_ON, LINE_NO, MANAGED, FIELD_PATH, DATA_TYPE, DATA1, DATA2, TRANSITIVE_FIELDS, FORMULA, ENTITY_LOOKUP_TYPE)
VALUES ('2deed3f528724b96971bc22276a358ac', 0, 'e2b774b39af84c35ac840c703b59a1a9', 'custCodelist6Name', 'CUST_CODELIST6_NAME', 'NVARCHAR2(400)', 'N/A', 0, 'string-m', '', '', '', '', '', '', '', 0, NULL, 400, NULL, NULL, '', '', 'system', systimestamp, '67', 0, 'entity.custImages.custCodelist6Name', '', '', '', '', '', '');
INSERT INTO CNT_FIELD_DEFINITION
 (ID, REVISION, PARENT_ID, FIELD_ID, COLUMN_NAME, COLUMN_TYPE, REPORT_COLUMN_NAME, PRODUCT_FIELD, FIELD_TYPE, ENTITY_LOOKUP, ENTITY_LOOKUP_KEY, ORDER_BY, GENERATOR, REFER_TABLE, KEY_COLUMN, LOOKUP_COLUMN, MANDATORY, MIN_LENGTH, MAX_LENGTH, MIN_VALUE, MAX_VALUE, CONSTANT_VALUE, UNIQUE_KEY, CREATE_USER, CREATED_ON, LINE_NO, MANAGED, FIELD_PATH, DATA_TYPE, DATA1, DATA2, TRANSITIVE_FIELDS, FORMULA, ENTITY_LOOKUP_TYPE)
VALUES ('081fceab98af4016a33ddba6823ed0d2', 0, 'e2b774b39af84c35ac840c703b59a1a9', 'custCodelist7Name', 'CUST_CODELIST7_NAME', 'NVARCHAR2(400)', 'N/A', 0, 'string-m', '', '', '', '', '', '', '', 0, NULL, 400, NULL, NULL, '', '', 'system', systimestamp, '68', 0, 'entity.custImages.custCodelist7Name', '', '', '', '', '', '');
INSERT INTO CNT_FIELD_DEFINITION
 (ID, REVISION, PARENT_ID, FIELD_ID, COLUMN_NAME, COLUMN_TYPE, REPORT_COLUMN_NAME, PRODUCT_FIELD, FIELD_TYPE, ENTITY_LOOKUP, ENTITY_LOOKUP_KEY, ORDER_BY, GENERATOR, REFER_TABLE, KEY_COLUMN, LOOKUP_COLUMN, MANDATORY, MIN_LENGTH, MAX_LENGTH, MIN_VALUE, MAX_VALUE, CONSTANT_VALUE, UNIQUE_KEY, CREATE_USER, CREATED_ON, LINE_NO, MANAGED, FIELD_PATH, DATA_TYPE, DATA1, DATA2, TRANSITIVE_FIELDS, FORMULA, ENTITY_LOOKUP_TYPE)
VALUES ('f24c3300c7214356b470a5e140958ef5', 0, 'e2b774b39af84c35ac840c703b59a1a9', 'custHcl1Ref', 'CUST_HCL1_REF', 'NVARCHAR2(1000)', 'N/A', 0, 'string-l', '', '', '', '', '', '', '', 0, NULL, 1000, NULL, NULL, '', '', 'system', systimestamp, '69', 0, 'entity.custImages.custHcl1Ref', '', '', '', '', '', '');
INSERT INTO CNT_FIELD_DEFINITION
 (ID, REVISION, PARENT_ID, FIELD_ID, COLUMN_NAME, COLUMN_TYPE, REPORT_COLUMN_NAME, PRODUCT_FIELD, FIELD_TYPE, ENTITY_LOOKUP, ENTITY_LOOKUP_KEY, ORDER_BY, GENERATOR, REFER_TABLE, KEY_COLUMN, LOOKUP_COLUMN, MANDATORY, MIN_LENGTH, MAX_LENGTH, MIN_VALUE, MAX_VALUE, CONSTANT_VALUE, UNIQUE_KEY, CREATE_USER, CREATED_ON, LINE_NO, MANAGED, FIELD_PATH, DATA_TYPE, DATA1, DATA2, TRANSITIVE_FIELDS, FORMULA, ENTITY_LOOKUP_TYPE)
VALUES ('9a3d87796bfd4e5d87d1a6cf1d10c774', 0, 'e2b774b39af84c35ac840c703b59a1a9', 'custHcl1Ver', 'CUST_HCL1_VER', 'NUMBER(20, 0)', 'N/A', 0, 'integer', '', '', '', '', '', '', '', 0, NULL, 18, NULL, NULL, '', '', 'system', systimestamp, '70', 0, 'entity.custImages.custHcl1Ver', '', '', '', '', '', '');
INSERT INTO CNT_FIELD_DEFINITION
 (ID, REVISION, PARENT_ID, FIELD_ID, COLUMN_NAME, COLUMN_TYPE, REPORT_COLUMN_NAME, PRODUCT_FIELD, FIELD_TYPE, ENTITY_LOOKUP, ENTITY_LOOKUP_KEY, ORDER_BY, GENERATOR, REFER_TABLE, KEY_COLUMN, LOOKUP_COLUMN, MANDATORY, MIN_LENGTH, MAX_LENGTH, MIN_VALUE, MAX_VALUE, CONSTANT_VALUE, UNIQUE_KEY, CREATE_USER, CREATED_ON, LINE_NO, MANAGED, FIELD_PATH, DATA_TYPE, DATA1, DATA2, TRANSITIVE_FIELDS, FORMULA, ENTITY_LOOKUP_TYPE)
VALUES ('52bd91c75f874071b64aae5609003b58', 0, 'e2b774b39af84c35ac840c703b59a1a9', 'custHcl1Ref2', 'CUST_HCL1_REF2', 'NVARCHAR2(1000)', 'N/A', 0, 'string-l', '', '', '', '', '', '', '', 0, NULL, 1000, NULL, NULL, '', '', 'system', systimestamp, '71', 0, 'entity.custImages.custHcl1Ref2', '', '', '', '', '', '');
INSERT INTO CNT_FIELD_DEFINITION
 (ID, REVISION, PARENT_ID, FIELD_ID, COLUMN_NAME, COLUMN_TYPE, REPORT_COLUMN_NAME, PRODUCT_FIELD, FIELD_TYPE, ENTITY_LOOKUP, ENTITY_LOOKUP_KEY, ORDER_BY, GENERATOR, REFER_TABLE, KEY_COLUMN, LOOKUP_COLUMN, MANDATORY, MIN_LENGTH, MAX_LENGTH, MIN_VALUE, MAX_VALUE, CONSTANT_VALUE, UNIQUE_KEY, CREATE_USER, CREATED_ON, LINE_NO, MANAGED, FIELD_PATH, DATA_TYPE, DATA1, DATA2, TRANSITIVE_FIELDS, FORMULA, ENTITY_LOOKUP_TYPE)
VALUES ('8c79e0b6d7cc468bbef0b8ad43e032a8', 0, 'e2b774b39af84c35ac840c703b59a1a9', 'custHcl1FullLineage', 'CUST_HCL1_FULL_LINEAGE', 'NVARCHAR2(1000)', 'N/A', 0, 'string-l', '', '', '', '', '', '', '', 0, NULL, 1000, NULL, NULL, '', '', 'system', systimestamp, '72', 0, 'entity.custImages.custHcl1FullLineage', '', '', '', '', '', '');
INSERT INTO CNT_FIELD_DEFINITION
 (ID, REVISION, PARENT_ID, FIELD_ID, COLUMN_NAME, COLUMN_TYPE, REPORT_COLUMN_NAME, PRODUCT_FIELD, FIELD_TYPE, ENTITY_LOOKUP, ENTITY_LOOKUP_KEY, ORDER_BY, GENERATOR, REFER_TABLE, KEY_COLUMN, LOOKUP_COLUMN, MANDATORY, MIN_LENGTH, MAX_LENGTH, MIN_VALUE, MAX_VALUE, CONSTANT_VALUE, UNIQUE_KEY, CREATE_USER, CREATED_ON, LINE_NO, MANAGED, FIELD_PATH, DATA_TYPE, DATA1, DATA2, TRANSITIVE_FIELDS, FORMULA, ENTITY_LOOKUP_TYPE)
VALUES ('2220db1e1d564aec827febd84170dbc9', 0, 'e2b774b39af84c35ac840c703b59a1a9', 'custHcl2Ref', 'CUST_HCL2_REF', 'NVARCHAR2(1000)', 'N/A', 0, 'string-l', '', '', '', '', '', '', '', 0, NULL, 1000, NULL, NULL, '', '', 'system', systimestamp, '73', 0, 'entity.custImages.custHcl2Ref', '', '', '', '', '', '');
INSERT INTO CNT_FIELD_DEFINITION
 (ID, REVISION, PARENT_ID, FIELD_ID, COLUMN_NAME, COLUMN_TYPE, REPORT_COLUMN_NAME, PRODUCT_FIELD, FIELD_TYPE, ENTITY_LOOKUP, ENTITY_LOOKUP_KEY, ORDER_BY, GENERATOR, REFER_TABLE, KEY_COLUMN, LOOKUP_COLUMN, MANDATORY, MIN_LENGTH, MAX_LENGTH, MIN_VALUE, MAX_VALUE, CONSTANT_VALUE, UNIQUE_KEY, CREATE_USER, CREATED_ON, LINE_NO, MANAGED, FIELD_PATH, DATA_TYPE, DATA1, DATA2, TRANSITIVE_FIELDS, FORMULA, ENTITY_LOOKUP_TYPE)
VALUES ('6cb17e77c69e4d2bb804812aca7de4b8', 0, 'e2b774b39af84c35ac840c703b59a1a9', 'custHcl2Ver', 'CUST_HCL2_VER', 'NUMBER(20, 0)', 'N/A', 0, 'integer', '', '', '', '', '', '', '', 0, NULL, 18, NULL, NULL, '', '', 'system', systimestamp, '74', 0, 'entity.custImages.custHcl2Ver', '', '', '', '', '', '');
INSERT INTO CNT_FIELD_DEFINITION
 (ID, REVISION, PARENT_ID, FIELD_ID, COLUMN_NAME, COLUMN_TYPE, REPORT_COLUMN_NAME, PRODUCT_FIELD, FIELD_TYPE, ENTITY_LOOKUP, ENTITY_LOOKUP_KEY, ORDER_BY, GENERATOR, REFER_TABLE, KEY_COLUMN, LOOKUP_COLUMN, MANDATORY, MIN_LENGTH, MAX_LENGTH, MIN_VALUE, MAX_VALUE, CONSTANT_VALUE, UNIQUE_KEY, CREATE_USER, CREATED_ON, LINE_NO, MANAGED, FIELD_PATH, DATA_TYPE, DATA1, DATA2, TRANSITIVE_FIELDS, FORMULA, ENTITY_LOOKUP_TYPE)
VALUES ('425394274ba44a42a9551622e761f46e', 0, 'e2b774b39af84c35ac840c703b59a1a9', 'custHcl2Ref2', 'CUST_HCL2_REF2', 'NVARCHAR2(1000)', 'N/A', 0, 'string-l', '', '', '', '', '', '', '', 0, NULL, 1000, NULL, NULL, '', '', 'system', systimestamp, '75', 0, 'entity.custImages.custHcl2Ref2', '', '', '', '', '', '');
INSERT INTO CNT_FIELD_DEFINITION
 (ID, REVISION, PARENT_ID, FIELD_ID, COLUMN_NAME, COLUMN_TYPE, REPORT_COLUMN_NAME, PRODUCT_FIELD, FIELD_TYPE, ENTITY_LOOKUP, ENTITY_LOOKUP_KEY, ORDER_BY, GENERATOR, REFER_TABLE, KEY_COLUMN, LOOKUP_COLUMN, MANDATORY, MIN_LENGTH, MAX_LENGTH, MIN_VALUE, MAX_VALUE, CONSTANT_VALUE, UNIQUE_KEY, CREATE_USER, CREATED_ON, LINE_NO, MANAGED, FIELD_PATH, DATA_TYPE, DATA1, DATA2, TRANSITIVE_FIELDS, FORMULA, ENTITY_LOOKUP_TYPE)
VALUES ('52126cea0d3e409da4add3e8f031eb0c', 0, 'e2b774b39af84c35ac840c703b59a1a9', 'custHcl2FullLineage', 'CUST_HCL2_FULL_LINEAGE', 'NVARCHAR2(1000)', 'N/A', 0, 'string-l', '', '', '', '', '', '', '', 0, NULL, 1000, NULL, NULL, '', '', 'system', systimestamp, '76', 0, 'entity.custImages.custHcl2FullLineage', '', '', '', '', '', '');
INSERT INTO CNT_FIELD_DEFINITION
 (ID, REVISION, PARENT_ID, FIELD_ID, COLUMN_NAME, COLUMN_TYPE, REPORT_COLUMN_NAME, PRODUCT_FIELD, FIELD_TYPE, ENTITY_LOOKUP, ENTITY_LOOKUP_KEY, ORDER_BY, GENERATOR, REFER_TABLE, KEY_COLUMN, LOOKUP_COLUMN, MANDATORY, MIN_LENGTH, MAX_LENGTH, MIN_VALUE, MAX_VALUE, CONSTANT_VALUE, UNIQUE_KEY, CREATE_USER, CREATED_ON, LINE_NO, MANAGED, FIELD_PATH, DATA_TYPE, DATA1, DATA2, TRANSITIVE_FIELDS, FORMULA, ENTITY_LOOKUP_TYPE)
VALUES ('60e24c6e8d464c40997064725ee4b22e', 0, 'e2b774b39af84c35ac840c703b59a1a9', 'custHcl3Ref', 'CUST_HCL3_REF', 'NVARCHAR2(1000)', 'N/A', 0, 'string-l', '', '', '', '', '', '', '', 0, NULL, 1000, NULL, NULL, '', '', 'system', systimestamp, '77', 0, 'entity.custImages.custHcl3Ref', '', '', '', '', '', '');
INSERT INTO CNT_FIELD_DEFINITION
 (ID, REVISION, PARENT_ID, FIELD_ID, COLUMN_NAME, COLUMN_TYPE, REPORT_COLUMN_NAME, PRODUCT_FIELD, FIELD_TYPE, ENTITY_LOOKUP, ENTITY_LOOKUP_KEY, ORDER_BY, GENERATOR, REFER_TABLE, KEY_COLUMN, LOOKUP_COLUMN, MANDATORY, MIN_LENGTH, MAX_LENGTH, MIN_VALUE, MAX_VALUE, CONSTANT_VALUE, UNIQUE_KEY, CREATE_USER, CREATED_ON, LINE_NO, MANAGED, FIELD_PATH, DATA_TYPE, DATA1, DATA2, TRANSITIVE_FIELDS, FORMULA, ENTITY_LOOKUP_TYPE)
VALUES ('3561a2a39a604354b998a581720e9b80', 0, 'e2b774b39af84c35ac840c703b59a1a9', 'custHcl3Ver', 'CUST_HCL3_VER', 'NUMBER(20, 0)', 'N/A', 0, 'integer', '', '', '', '', '', '', '', 0, NULL, 18, NULL, NULL, '', '', 'system', systimestamp, '78', 0, 'entity.custImages.custHcl3Ver', '', '', '', '', '', '');
INSERT INTO CNT_FIELD_DEFINITION
 (ID, REVISION, PARENT_ID, FIELD_ID, COLUMN_NAME, COLUMN_TYPE, REPORT_COLUMN_NAME, PRODUCT_FIELD, FIELD_TYPE, ENTITY_LOOKUP, ENTITY_LOOKUP_KEY, ORDER_BY, GENERATOR, REFER_TABLE, KEY_COLUMN, LOOKUP_COLUMN, MANDATORY, MIN_LENGTH, MAX_LENGTH, MIN_VALUE, MAX_VALUE, CONSTANT_VALUE, UNIQUE_KEY, CREATE_USER, CREATED_ON, LINE_NO, MANAGED, FIELD_PATH, DATA_TYPE, DATA1, DATA2, TRANSITIVE_FIELDS, FORMULA, ENTITY_LOOKUP_TYPE)
VALUES ('fd7b38fd12454685b499795b8fc7dce4', 0, 'e2b774b39af84c35ac840c703b59a1a9', 'custHcl3Ref2', 'CUST_HCL3_REF2', 'NVARCHAR2(1000)', 'N/A', 0, 'string-l', '', '', '', '', '', '', '', 0, NULL, 1000, NULL, NULL, '', '', 'system', systimestamp, '79', 0, 'entity.custImages.custHcl3Ref2', '', '', '', '', '', '');
INSERT INTO CNT_FIELD_DEFINITION
 (ID, REVISION, PARENT_ID, FIELD_ID, COLUMN_NAME, COLUMN_TYPE, REPORT_COLUMN_NAME, PRODUCT_FIELD, FIELD_TYPE, ENTITY_LOOKUP, ENTITY_LOOKUP_KEY, ORDER_BY, GENERATOR, REFER_TABLE, KEY_COLUMN, LOOKUP_COLUMN, MANDATORY, MIN_LENGTH, MAX_LENGTH, MIN_VALUE, MAX_VALUE, CONSTANT_VALUE, UNIQUE_KEY, CREATE_USER, CREATED_ON, LINE_NO, MANAGED, FIELD_PATH, DATA_TYPE, DATA1, DATA2, TRANSITIVE_FIELDS, FORMULA, ENTITY_LOOKUP_TYPE)
VALUES ('5f1b4cfc1ba848a6b4d48c95b6a4dba4', 0, 'e2b774b39af84c35ac840c703b59a1a9', 'custHcl3FullLineage', 'CUST_HCL3_FULL_LINEAGE', 'NVARCHAR2(1000)', 'N/A', 0, 'string-l', '', '', '', '', '', '', '', 0, NULL, 1000, NULL, NULL, '', '', 'system', systimestamp, '80', 0, 'entity.custImages.custHcl3FullLineage', '', '', '', '', '', '');
INSERT INTO CNT_FIELD_DEFINITION
 (ID, REVISION, PARENT_ID, FIELD_ID, COLUMN_NAME, COLUMN_TYPE, REPORT_COLUMN_NAME, PRODUCT_FIELD, FIELD_TYPE, ENTITY_LOOKUP, ENTITY_LOOKUP_KEY, ORDER_BY, GENERATOR, REFER_TABLE, KEY_COLUMN, LOOKUP_COLUMN, MANDATORY, MIN_LENGTH, MAX_LENGTH, MIN_VALUE, MAX_VALUE, CONSTANT_VALUE, UNIQUE_KEY, CREATE_USER, CREATED_ON, LINE_NO, MANAGED, FIELD_PATH, DATA_TYPE, DATA1, DATA2, TRANSITIVE_FIELDS, FORMULA, ENTITY_LOOKUP_TYPE)
VALUES ('a958655456d94fb89d23eb26f0729dd7', 0, 'e2b774b39af84c35ac840c703b59a1a9', 'custHcl4Ref', 'CUST_HCL4_REF', 'NVARCHAR2(1000)', 'N/A', 0, 'string-l', '', '', '', '', '', '', '', 0, NULL, 1000, NULL, NULL, '', '', 'system', systimestamp, '81', 0, 'entity.custImages.custHcl4Ref', '', '', '', '', '', '');
INSERT INTO CNT_FIELD_DEFINITION
 (ID, REVISION, PARENT_ID, FIELD_ID, COLUMN_NAME, COLUMN_TYPE, REPORT_COLUMN_NAME, PRODUCT_FIELD, FIELD_TYPE, ENTITY_LOOKUP, ENTITY_LOOKUP_KEY, ORDER_BY, GENERATOR, REFER_TABLE, KEY_COLUMN, LOOKUP_COLUMN, MANDATORY, MIN_LENGTH, MAX_LENGTH, MIN_VALUE, MAX_VALUE, CONSTANT_VALUE, UNIQUE_KEY, CREATE_USER, CREATED_ON, LINE_NO, MANAGED, FIELD_PATH, DATA_TYPE, DATA1, DATA2, TRANSITIVE_FIELDS, FORMULA, ENTITY_LOOKUP_TYPE)
VALUES ('36a7dc3fd0114999b586cc37cd985e88', 0, 'e2b774b39af84c35ac840c703b59a1a9', 'custHcl4Ver', 'CUST_HCL4_VER', 'NUMBER(20, 0)', 'N/A', 0, 'integer', '', '', '', '', '', '', '', 0, NULL, 18, NULL, NULL, '', '', 'system', systimestamp, '82', 0, 'entity.custImages.custHcl4Ver', '', '', '', '', '', '');
INSERT INTO CNT_FIELD_DEFINITION
 (ID, REVISION, PARENT_ID, FIELD_ID, COLUMN_NAME, COLUMN_TYPE, REPORT_COLUMN_NAME, PRODUCT_FIELD, FIELD_TYPE, ENTITY_LOOKUP, ENTITY_LOOKUP_KEY, ORDER_BY, GENERATOR, REFER_TABLE, KEY_COLUMN, LOOKUP_COLUMN, MANDATORY, MIN_LENGTH, MAX_LENGTH, MIN_VALUE, MAX_VALUE, CONSTANT_VALUE, UNIQUE_KEY, CREATE_USER, CREATED_ON, LINE_NO, MANAGED, FIELD_PATH, DATA_TYPE, DATA1, DATA2, TRANSITIVE_FIELDS, FORMULA, ENTITY_LOOKUP_TYPE)
VALUES ('5c8ddc2c210e4ffdb8c61b141ca97d69', 0, 'e2b774b39af84c35ac840c703b59a1a9', 'custHcl4Ref2', 'CUST_HCL4_REF2', 'NVARCHAR2(1000)', 'N/A', 0, 'string-l', '', '', '', '', '', '', '', 0, NULL, 1000, NULL, NULL, '', '', 'system', systimestamp, '83', 0, 'entity.custImages.custHcl4Ref2', '', '', '', '', '', '');
INSERT INTO CNT_FIELD_DEFINITION
 (ID, REVISION, PARENT_ID, FIELD_ID, COLUMN_NAME, COLUMN_TYPE, REPORT_COLUMN_NAME, PRODUCT_FIELD, FIELD_TYPE, ENTITY_LOOKUP, ENTITY_LOOKUP_KEY, ORDER_BY, GENERATOR, REFER_TABLE, KEY_COLUMN, LOOKUP_COLUMN, MANDATORY, MIN_LENGTH, MAX_LENGTH, MIN_VALUE, MAX_VALUE, CONSTANT_VALUE, UNIQUE_KEY, CREATE_USER, CREATED_ON, LINE_NO, MANAGED, FIELD_PATH, DATA_TYPE, DATA1, DATA2, TRANSITIVE_FIELDS, FORMULA, ENTITY_LOOKUP_TYPE)
VALUES ('a3c59db59a434725a4ca60d909a9946e', 0, 'e2b774b39af84c35ac840c703b59a1a9', 'custHcl4FullLineage', 'CUST_HCL4_FULL_LINEAGE', 'NVARCHAR2(1000)', 'N/A', 0, 'string-l', '', '', '', '', '', '', '', 0, NULL, 1000, NULL, NULL, '', '', 'system', systimestamp, '84', 0, 'entity.custImages.custHcl4FullLineage', '', '', '', '', '', '');
INSERT INTO CNT_FIELD_DEFINITION
 (ID, REVISION, PARENT_ID, FIELD_ID, COLUMN_NAME, COLUMN_TYPE, REPORT_COLUMN_NAME, PRODUCT_FIELD, FIELD_TYPE, ENTITY_LOOKUP, ENTITY_LOOKUP_KEY, ORDER_BY, GENERATOR, REFER_TABLE, KEY_COLUMN, LOOKUP_COLUMN, MANDATORY, MIN_LENGTH, MAX_LENGTH, MIN_VALUE, MAX_VALUE, CONSTANT_VALUE, UNIQUE_KEY, CREATE_USER, CREATED_ON, LINE_NO, MANAGED, FIELD_PATH, DATA_TYPE, DATA1, DATA2, TRANSITIVE_FIELDS, FORMULA, ENTITY_LOOKUP_TYPE)
VALUES ('c4a19577d5cf4b758964060647e89b4e', 0, 'e2b774b39af84c35ac840c703b59a1a9', 'custHcl5Ref', 'CUST_HCL5_REF', 'NVARCHAR2(1000)', 'N/A', 0, 'string-l', '', '', '', '', '', '', '', 0, NULL, 1000, NULL, NULL, '', '', 'system', systimestamp, '85', 0, 'entity.custImages.custHcl5Ref', '', '', '', '', '', '');
INSERT INTO CNT_FIELD_DEFINITION
 (ID, REVISION, PARENT_ID, FIELD_ID, COLUMN_NAME, COLUMN_TYPE, REPORT_COLUMN_NAME, PRODUCT_FIELD, FIELD_TYPE, ENTITY_LOOKUP, ENTITY_LOOKUP_KEY, ORDER_BY, GENERATOR, REFER_TABLE, KEY_COLUMN, LOOKUP_COLUMN, MANDATORY, MIN_LENGTH, MAX_LENGTH, MIN_VALUE, MAX_VALUE, CONSTANT_VALUE, UNIQUE_KEY, CREATE_USER, CREATED_ON, LINE_NO, MANAGED, FIELD_PATH, DATA_TYPE, DATA1, DATA2, TRANSITIVE_FIELDS, FORMULA, ENTITY_LOOKUP_TYPE)
VALUES ('b5a53ff02c6740bca8a8851bbdabb8b1', 0, 'e2b774b39af84c35ac840c703b59a1a9', 'custHcl5Ver', 'CUST_HCL5_VER', 'NUMBER(20, 0)', 'N/A', 0, 'integer', '', '', '', '', '', '', '', 0, NULL, 18, NULL, NULL, '', '', 'system', systimestamp, '86', 0, 'entity.custImages.custHcl5Ver', '', '', '', '', '', '');
INSERT INTO CNT_FIELD_DEFINITION
 (ID, REVISION, PARENT_ID, FIELD_ID, COLUMN_NAME, COLUMN_TYPE, REPORT_COLUMN_NAME, PRODUCT_FIELD, FIELD_TYPE, ENTITY_LOOKUP, ENTITY_LOOKUP_KEY, ORDER_BY, GENERATOR, REFER_TABLE, KEY_COLUMN, LOOKUP_COLUMN, MANDATORY, MIN_LENGTH, MAX_LENGTH, MIN_VALUE, MAX_VALUE, CONSTANT_VALUE, UNIQUE_KEY, CREATE_USER, CREATED_ON, LINE_NO, MANAGED, FIELD_PATH, DATA_TYPE, DATA1, DATA2, TRANSITIVE_FIELDS, FORMULA, ENTITY_LOOKUP_TYPE)
VALUES ('9922d0f4028643b98bc8c8ebc9680faf', 0, 'e2b774b39af84c35ac840c703b59a1a9', 'custHcl5Ref2', 'CUST_HCL5_REF2', 'NVARCHAR2(1000)', 'N/A', 0, 'string-l', '', '', '', '', '', '', '', 0, NULL, 1000, NULL, NULL, '', '', 'system', systimestamp, '87', 0, 'entity.custImages.custHcl5Ref2', '', '', '', '', '', '');
INSERT INTO CNT_FIELD_DEFINITION
 (ID, REVISION, PARENT_ID, FIELD_ID, COLUMN_NAME, COLUMN_TYPE, REPORT_COLUMN_NAME, PRODUCT_FIELD, FIELD_TYPE, ENTITY_LOOKUP, ENTITY_LOOKUP_KEY, ORDER_BY, GENERATOR, REFER_TABLE, KEY_COLUMN, LOOKUP_COLUMN, MANDATORY, MIN_LENGTH, MAX_LENGTH, MIN_VALUE, MAX_VALUE, CONSTANT_VALUE, UNIQUE_KEY, CREATE_USER, CREATED_ON, LINE_NO, MANAGED, FIELD_PATH, DATA_TYPE, DATA1, DATA2, TRANSITIVE_FIELDS, FORMULA, ENTITY_LOOKUP_TYPE)
VALUES ('e79374a305564f74b30296495686710a', 0, 'e2b774b39af84c35ac840c703b59a1a9', 'custHcl5FullLineage', 'CUST_HCL5_FULL_LINEAGE', 'NVARCHAR2(1000)', 'N/A', 0, 'string-l', '', '', '', '', '', '', '', 0, NULL, 1000, NULL, NULL, '', '', 'system', systimestamp, '88', 0, 'entity.custImages.custHcl5FullLineage', '', '', '', '', '', '');
INSERT INTO CNT_ENTITY_DEFINITION
 (ID, REVISION, ENTITY_NAME, ENTITY_VERSION, PRODUCT_TABLE_NAME, CUSTOM_TABLE_NAME, REPORT_TABLE_NAME, MODULE, TYPE, REVISION_TRACKING, VERSION_TRACKING, HISTORY_ENTITY_NAME, REF_PATTERN, SYSTEM_ENTITY, CREATE_USER, CREATED_ON, IS_FOR_EXTERNAL)
VALUES ('86d92d82d4084d3ea28a37dfb1664d06', 0, 'CustMarket', 1, 'CNT_CUST_MARKET', 'CTM_CUST', 'CUSTOMER_MARKET', 'cust', 'inner', 'ALL', 'ALL', '', '${market.name} / ${channel.name}', 0, 'system', systimestamp, 0);
INSERT INTO CNT_FIELD_DEFINITION
 (ID, REVISION, PARENT_ID, FIELD_ID, COLUMN_NAME, COLUMN_TYPE, REPORT_COLUMN_NAME, PRODUCT_FIELD, FIELD_TYPE, ENTITY_LOOKUP, ENTITY_LOOKUP_KEY, ORDER_BY, GENERATOR, REFER_TABLE, KEY_COLUMN, LOOKUP_COLUMN, MANDATORY, MIN_LENGTH, MAX_LENGTH, MIN_VALUE, MAX_VALUE, CONSTANT_VALUE, UNIQUE_KEY, CREATE_USER, CREATED_ON, LINE_NO, MANAGED, FIELD_PATH, DATA_TYPE, DATA1, DATA2, TRANSITIVE_FIELDS, FORMULA, ENTITY_LOOKUP_TYPE)
VALUES ('9eb5b7e0509d4b9fb1652af375c9ec7a', 0, '86d92d82d4084d3ea28a37dfb1664d06', 'id', 'ID', 'CHAR(32)', '', 1, 'id', '', '', '', 'com.core.cbx.data.generator.UUIDGenerator', '', '', '', 0, 32, 32, NULL, NULL, '', '', 'system', systimestamp, '0', 0, 'entity.custMarket.id', '', '', '', '', '', '');
INSERT INTO CNT_FIELD_DEFINITION
 (ID, REVISION, PARENT_ID, FIELD_ID, COLUMN_NAME, COLUMN_TYPE, REPORT_COLUMN_NAME, PRODUCT_FIELD, FIELD_TYPE, ENTITY_LOOKUP, ENTITY_LOOKUP_KEY, ORDER_BY, GENERATOR, REFER_TABLE, KEY_COLUMN, LOOKUP_COLUMN, MANDATORY, MIN_LENGTH, MAX_LENGTH, MIN_VALUE, MAX_VALUE, CONSTANT_VALUE, UNIQUE_KEY, CREATE_USER, CREATED_ON, LINE_NO, MANAGED, FIELD_PATH, DATA_TYPE, DATA1, DATA2, TRANSITIVE_FIELDS, FORMULA, ENTITY_LOOKUP_TYPE)
VALUES ('5526af4f1cba4a0aa698deaedb96e0ce', 0, '86d92d82d4084d3ea28a37dfb1664d06', 'revision', 'REVISION', 'NUMBER(20, 0)', '', 1, 'integer', '', '', '', '', '', '', '', 0, NULL, 18, NULL, NULL, '', '', 'system', systimestamp, '1', 0, 'entity.custMarket.revision', '', '', '', '', '', '');
INSERT INTO CNT_FIELD_DEFINITION
 (ID, REVISION, PARENT_ID, FIELD_ID, COLUMN_NAME, COLUMN_TYPE, REPORT_COLUMN_NAME, PRODUCT_FIELD, FIELD_TYPE, ENTITY_LOOKUP, ENTITY_LOOKUP_KEY, ORDER_BY, GENERATOR, REFER_TABLE, KEY_COLUMN, LOOKUP_COLUMN, MANDATORY, MIN_LENGTH, MAX_LENGTH, MIN_VALUE, MAX_VALUE, CONSTANT_VALUE, UNIQUE_KEY, CREATE_USER, CREATED_ON, LINE_NO, MANAGED, FIELD_PATH, DATA_TYPE, DATA1, DATA2, TRANSITIVE_FIELDS, FORMULA, ENTITY_LOOKUP_TYPE)
VALUES ('787355f4267947dca46ea2069dcad75a', 0, '86d92d82d4084d3ea28a37dfb1664d06', 'entityVersion', 'ENTITY_VERSION', 'NUMBER(20, 0)', '', 1, 'integer', '', '', '', '', '', '', '', 0, NULL, 18, NULL, NULL, '', '', 'system', systimestamp, '2', 0, 'entity.custMarket.entityVersion', '', '', '', '', '', '');
INSERT INTO CNT_FIELD_DEFINITION
 (ID, REVISION, PARENT_ID, FIELD_ID, COLUMN_NAME, COLUMN_TYPE, REPORT_COLUMN_NAME, PRODUCT_FIELD, FIELD_TYPE, ENTITY_LOOKUP, ENTITY_LOOKUP_KEY, ORDER_BY, GENERATOR, REFER_TABLE, KEY_COLUMN, LOOKUP_COLUMN, MANDATORY, MIN_LENGTH, MAX_LENGTH, MIN_VALUE, MAX_VALUE, CONSTANT_VALUE, UNIQUE_KEY, CREATE_USER, CREATED_ON, LINE_NO, MANAGED, FIELD_PATH, DATA_TYPE, DATA1, DATA2, TRANSITIVE_FIELDS, FORMULA, ENTITY_LOOKUP_TYPE)
VALUES ('c1a3d22928464fa6bdace7f03d756971', 0, '86d92d82d4084d3ea28a37dfb1664d06', 'domainId', 'DOMAIN_ID', 'NVARCHAR2(400)', '', 1, 'string-m', '', '', '', '', '', '', '', 0, NULL, 400, NULL, NULL, '', '', 'system', systimestamp, '3', 0, 'entity.custMarket.domainId', '', '', '', '', '', '');
INSERT INTO CNT_FIELD_DEFINITION
 (ID, REVISION, PARENT_ID, FIELD_ID, COLUMN_NAME, COLUMN_TYPE, REPORT_COLUMN_NAME, PRODUCT_FIELD, FIELD_TYPE, ENTITY_LOOKUP, ENTITY_LOOKUP_KEY, ORDER_BY, GENERATOR, REFER_TABLE, KEY_COLUMN, LOOKUP_COLUMN, MANDATORY, MIN_LENGTH, MAX_LENGTH, MIN_VALUE, MAX_VALUE, CONSTANT_VALUE, UNIQUE_KEY, CREATE_USER, CREATED_ON, LINE_NO, MANAGED, FIELD_PATH, DATA_TYPE, DATA1, DATA2, TRANSITIVE_FIELDS, FORMULA, ENTITY_LOOKUP_TYPE)
VALUES ('56ac2bca221f427fa5334fba603b8a23', 0, '86d92d82d4084d3ea28a37dfb1664d06', 'hubDomainId', 'HUB_DOMAIN_ID', 'NVARCHAR2(400)', '', 1, 'string-m', '', '', '', '', '', '', '', 0, NULL, 400, NULL, NULL, '', '', 'system', systimestamp, '4', 0, 'entity.custMarket.hubDomainId', '', '', '', '', '', '');
INSERT INTO CNT_FIELD_DEFINITION
 (ID, REVISION, PARENT_ID, FIELD_ID, COLUMN_NAME, COLUMN_TYPE, REPORT_COLUMN_NAME, PRODUCT_FIELD, FIELD_TYPE, ENTITY_LOOKUP, ENTITY_LOOKUP_KEY, ORDER_BY, GENERATOR, REFER_TABLE, KEY_COLUMN, LOOKUP_COLUMN, MANDATORY, MIN_LENGTH, MAX_LENGTH, MIN_VALUE, MAX_VALUE, CONSTANT_VALUE, UNIQUE_KEY, CREATE_USER, CREATED_ON, LINE_NO, MANAGED, FIELD_PATH, DATA_TYPE, DATA1, DATA2, TRANSITIVE_FIELDS, FORMULA, ENTITY_LOOKUP_TYPE)
VALUES ('10dfaa037cab4a4a8bbda344526b150a', 0, '86d92d82d4084d3ea28a37dfb1664d06', 'isForReference', 'IS_FOR_REFERENCE', 'NUMBER(1,0)', '', 1, 'boolean', '', '', '', '', '', '', '', 0, NULL, NULL, NULL, NULL, '', '', 'system', systimestamp, '5', 0, 'entity.custMarket.isForReference', '', '', '', '', '', '');
INSERT INTO CNT_FIELD_DEFINITION
 (ID, REVISION, PARENT_ID, FIELD_ID, COLUMN_NAME, COLUMN_TYPE, REPORT_COLUMN_NAME, PRODUCT_FIELD, FIELD_TYPE, ENTITY_LOOKUP, ENTITY_LOOKUP_KEY, ORDER_BY, GENERATOR, REFER_TABLE, KEY_COLUMN, LOOKUP_COLUMN, MANDATORY, MIN_LENGTH, MAX_LENGTH, MIN_VALUE, MAX_VALUE, CONSTANT_VALUE, UNIQUE_KEY, CREATE_USER, CREATED_ON, LINE_NO, MANAGED, FIELD_PATH, DATA_TYPE, DATA1, DATA2, TRANSITIVE_FIELDS, FORMULA, ENTITY_LOOKUP_TYPE)
VALUES ('e2c7391fc0574139b163c156fd995b4e', 0, '86d92d82d4084d3ea28a37dfb1664d06', 'internalSeqNo', 'INTERNAL_SEQ_NO', 'NUMBER(20, 0)', 'n/a', 1, 'integer', '', '', '', '', '', '', '', 0, NULL, 18, NULL, NULL, '', '', 'system', systimestamp, '6', 0, 'entity.custMarket.internalSeqNo', '', '', '', '', '', '');
INSERT INTO CNT_FIELD_DEFINITION
 (ID, REVISION, PARENT_ID, FIELD_ID, COLUMN_NAME, COLUMN_TYPE, REPORT_COLUMN_NAME, PRODUCT_FIELD, FIELD_TYPE, ENTITY_LOOKUP, ENTITY_LOOKUP_KEY, ORDER_BY, GENERATOR, REFER_TABLE, KEY_COLUMN, LOOKUP_COLUMN, MANDATORY, MIN_LENGTH, MAX_LENGTH, MIN_VALUE, MAX_VALUE, CONSTANT_VALUE, UNIQUE_KEY, CREATE_USER, CREATED_ON, LINE_NO, MANAGED, FIELD_PATH, DATA_TYPE, DATA1, DATA2, TRANSITIVE_FIELDS, FORMULA, ENTITY_LOOKUP_TYPE)
VALUES ('5a18fa366b1142be847c0c269b36cff6', 0, '86d92d82d4084d3ea28a37dfb1664d06', 'custId', 'CUST_ID', 'CHAR(32)', 'CUSTOMER_SYS_ID', 1, 'id', '', '', '', '', '', '', '', 1, 32, 32, NULL, NULL, '', '', 'system', systimestamp, '7', 0, 'entity.custMarket.custId', '', '', '', '', '', '');
INSERT INTO CNT_FIELD_DEFINITION
 (ID, REVISION, PARENT_ID, FIELD_ID, COLUMN_NAME, COLUMN_TYPE, REPORT_COLUMN_NAME, PRODUCT_FIELD, FIELD_TYPE, ENTITY_LOOKUP, ENTITY_LOOKUP_KEY, ORDER_BY, GENERATOR, REFER_TABLE, KEY_COLUMN, LOOKUP_COLUMN, MANDATORY, MIN_LENGTH, MAX_LENGTH, MIN_VALUE, MAX_VALUE, CONSTANT_VALUE, UNIQUE_KEY, CREATE_USER, CREATED_ON, LINE_NO, MANAGED, FIELD_PATH, DATA_TYPE, DATA1, DATA2, TRANSITIVE_FIELDS, FORMULA, ENTITY_LOOKUP_TYPE)
VALUES ('a8d9b36ad1cd4fee8489342051800439', 0, '86d92d82d4084d3ea28a37dfb1664d06', 'market', 'MARKET', 'NVARCHAR2(400)', 'MARKET', 1, 'string-m', '', '', '', '', '', '', '', 0, NULL, 400, NULL, NULL, '', '', 'system', systimestamp, '8', 0, 'entity.custMarket.market', 'codelist', 'MARKET', '', '', '', '');
INSERT INTO CNT_FIELD_DEFINITION
 (ID, REVISION, PARENT_ID, FIELD_ID, COLUMN_NAME, COLUMN_TYPE, REPORT_COLUMN_NAME, PRODUCT_FIELD, FIELD_TYPE, ENTITY_LOOKUP, ENTITY_LOOKUP_KEY, ORDER_BY, GENERATOR, REFER_TABLE, KEY_COLUMN, LOOKUP_COLUMN, MANDATORY, MIN_LENGTH, MAX_LENGTH, MIN_VALUE, MAX_VALUE, CONSTANT_VALUE, UNIQUE_KEY, CREATE_USER, CREATED_ON, LINE_NO, MANAGED, FIELD_PATH, DATA_TYPE, DATA1, DATA2, TRANSITIVE_FIELDS, FORMULA, ENTITY_LOOKUP_TYPE)
VALUES ('4c56e0280ad44497a1b6082f7a173bd0', 0, '86d92d82d4084d3ea28a37dfb1664d06', 'channel', 'CHANNEL', 'NVARCHAR2(400)', 'CHANNEL', 1, 'string-m', '', '', '', '', '', '', '', 0, NULL, 400, NULL, NULL, '', '', 'system', systimestamp, '9', 0, 'entity.custMarket.channel', 'codelist', 'CHANNEL', '', '', '', '');
INSERT INTO CNT_FIELD_DEFINITION
 (ID, REVISION, PARENT_ID, FIELD_ID, COLUMN_NAME, COLUMN_TYPE, REPORT_COLUMN_NAME, PRODUCT_FIELD, FIELD_TYPE, ENTITY_LOOKUP, ENTITY_LOOKUP_KEY, ORDER_BY, GENERATOR, REFER_TABLE, KEY_COLUMN, LOOKUP_COLUMN, MANDATORY, MIN_LENGTH, MAX_LENGTH, MIN_VALUE, MAX_VALUE, CONSTANT_VALUE, UNIQUE_KEY, CREATE_USER, CREATED_ON, LINE_NO, MANAGED, FIELD_PATH, DATA_TYPE, DATA1, DATA2, TRANSITIVE_FIELDS, FORMULA, ENTITY_LOOKUP_TYPE)
VALUES ('8b7cfda78d5a4731b423631c52942915', 0, '86d92d82d4084d3ea28a37dfb1664d06', 'refNo', 'REF_NO', 'NVARCHAR2(1000)', '', 1, 'string-l', '', '', '', '', '', '', '', 0, NULL, 1000, NULL, NULL, '', '', 'system', systimestamp, '10', 0, 'entity.custMarket.refNo', '', '', '', '', '', '');
INSERT INTO CNT_FIELD_DEFINITION
 (ID, REVISION, PARENT_ID, FIELD_ID, COLUMN_NAME, COLUMN_TYPE, REPORT_COLUMN_NAME, PRODUCT_FIELD, FIELD_TYPE, ENTITY_LOOKUP, ENTITY_LOOKUP_KEY, ORDER_BY, GENERATOR, REFER_TABLE, KEY_COLUMN, LOOKUP_COLUMN, MANDATORY, MIN_LENGTH, MAX_LENGTH, MIN_VALUE, MAX_VALUE, CONSTANT_VALUE, UNIQUE_KEY, CREATE_USER, CREATED_ON, LINE_NO, MANAGED, FIELD_PATH, DATA_TYPE, DATA1, DATA2, TRANSITIVE_FIELDS, FORMULA, ENTITY_LOOKUP_TYPE)
VALUES ('340077723ad44d6bbf8cd4e4d4f453ee', 0, '86d92d82d4084d3ea28a37dfb1664d06', 'custText1', 'CUST_TEXT1', 'NVARCHAR2(1000)', 'CUSTOM_FIELD_TEXT1', 0, 'string-l', '', '', '', '', '', '', '', 0, NULL, 1000, NULL, NULL, '', '', 'system', systimestamp, '11', 0, 'entity.custMarket.custText1', '', '', '', '', '', '');
INSERT INTO CNT_FIELD_DEFINITION
 (ID, REVISION, PARENT_ID, FIELD_ID, COLUMN_NAME, COLUMN_TYPE, REPORT_COLUMN_NAME, PRODUCT_FIELD, FIELD_TYPE, ENTITY_LOOKUP, ENTITY_LOOKUP_KEY, ORDER_BY, GENERATOR, REFER_TABLE, KEY_COLUMN, LOOKUP_COLUMN, MANDATORY, MIN_LENGTH, MAX_LENGTH, MIN_VALUE, MAX_VALUE, CONSTANT_VALUE, UNIQUE_KEY, CREATE_USER, CREATED_ON, LINE_NO, MANAGED, FIELD_PATH, DATA_TYPE, DATA1, DATA2, TRANSITIVE_FIELDS, FORMULA, ENTITY_LOOKUP_TYPE)
VALUES ('259c1c6f38864aa3a14e8e5d712c01fd', 0, '86d92d82d4084d3ea28a37dfb1664d06', 'custText2', 'CUST_TEXT2', 'NVARCHAR2(1000)', 'CUSTOM_FIELD_TEXT2', 0, 'string-l', '', '', '', '', '', '', '', 0, NULL, 1000, NULL, NULL, '', '', 'system', systimestamp, '12', 0, 'entity.custMarket.custText2', '', '', '', '', '', '');
INSERT INTO CNT_FIELD_DEFINITION
 (ID, REVISION, PARENT_ID, FIELD_ID, COLUMN_NAME, COLUMN_TYPE, REPORT_COLUMN_NAME, PRODUCT_FIELD, FIELD_TYPE, ENTITY_LOOKUP, ENTITY_LOOKUP_KEY, ORDER_BY, GENERATOR, REFER_TABLE, KEY_COLUMN, LOOKUP_COLUMN, MANDATORY, MIN_LENGTH, MAX_LENGTH, MIN_VALUE, MAX_VALUE, CONSTANT_VALUE, UNIQUE_KEY, CREATE_USER, CREATED_ON, LINE_NO, MANAGED, FIELD_PATH, DATA_TYPE, DATA1, DATA2, TRANSITIVE_FIELDS, FORMULA, ENTITY_LOOKUP_TYPE)
VALUES ('716badc717894299973ed14eec073d00', 0, '86d92d82d4084d3ea28a37dfb1664d06', 'custText3', 'CUST_TEXT3', 'NVARCHAR2(1000)', 'CUSTOM_FIELD_TEXT3', 0, 'string-l', '', '', '', '', '', '', '', 0, NULL, 1000, NULL, NULL, '', '', 'system', systimestamp, '13', 0, 'entity.custMarket.custText3', '', '', '', '', '', '');
INSERT INTO CNT_FIELD_DEFINITION
 (ID, REVISION, PARENT_ID, FIELD_ID, COLUMN_NAME, COLUMN_TYPE, REPORT_COLUMN_NAME, PRODUCT_FIELD, FIELD_TYPE, ENTITY_LOOKUP, ENTITY_LOOKUP_KEY, ORDER_BY, GENERATOR, REFER_TABLE, KEY_COLUMN, LOOKUP_COLUMN, MANDATORY, MIN_LENGTH, MAX_LENGTH, MIN_VALUE, MAX_VALUE, CONSTANT_VALUE, UNIQUE_KEY, CREATE_USER, CREATED_ON, LINE_NO, MANAGED, FIELD_PATH, DATA_TYPE, DATA1, DATA2, TRANSITIVE_FIELDS, FORMULA, ENTITY_LOOKUP_TYPE)
VALUES ('d964f900f9744f3f8bf004f941b6a76b', 0, '86d92d82d4084d3ea28a37dfb1664d06', 'custText4', 'CUST_TEXT4', 'NVARCHAR2(1000)', 'CUSTOM_FIELD_TEXT4', 0, 'string-l', '', '', '', '', '', '', '', 0, NULL, 1000, NULL, NULL, '', '', 'system', systimestamp, '14', 0, 'entity.custMarket.custText4', '', '', '', '', '', '');
INSERT INTO CNT_FIELD_DEFINITION
 (ID, REVISION, PARENT_ID, FIELD_ID, COLUMN_NAME, COLUMN_TYPE, REPORT_COLUMN_NAME, PRODUCT_FIELD, FIELD_TYPE, ENTITY_LOOKUP, ENTITY_LOOKUP_KEY, ORDER_BY, GENERATOR, REFER_TABLE, KEY_COLUMN, LOOKUP_COLUMN, MANDATORY, MIN_LENGTH, MAX_LENGTH, MIN_VALUE, MAX_VALUE, CONSTANT_VALUE, UNIQUE_KEY, CREATE_USER, CREATED_ON, LINE_NO, MANAGED, FIELD_PATH, DATA_TYPE, DATA1, DATA2, TRANSITIVE_FIELDS, FORMULA, ENTITY_LOOKUP_TYPE)
VALUES ('84ae66dcfb744266aa099435f225a706', 0, '86d92d82d4084d3ea28a37dfb1664d06', 'custText5', 'CUST_TEXT5', 'NVARCHAR2(1000)', 'CUSTOM_FIELD_TEXT5', 0, 'string-l', '', '', '', '', '', '', '', 0, NULL, 1000, NULL, NULL, '', '', 'system', systimestamp, '15', 0, 'entity.custMarket.custText5', '', '', '', '', '', '');
INSERT INTO CNT_FIELD_DEFINITION
 (ID, REVISION, PARENT_ID, FIELD_ID, COLUMN_NAME, COLUMN_TYPE, REPORT_COLUMN_NAME, PRODUCT_FIELD, FIELD_TYPE, ENTITY_LOOKUP, ENTITY_LOOKUP_KEY, ORDER_BY, GENERATOR, REFER_TABLE, KEY_COLUMN, LOOKUP_COLUMN, MANDATORY, MIN_LENGTH, MAX_LENGTH, MIN_VALUE, MAX_VALUE, CONSTANT_VALUE, UNIQUE_KEY, CREATE_USER, CREATED_ON, LINE_NO, MANAGED, FIELD_PATH, DATA_TYPE, DATA1, DATA2, TRANSITIVE_FIELDS, FORMULA, ENTITY_LOOKUP_TYPE)
VALUES ('f2eaf1a668314c04b23539f8448481e4', 0, '86d92d82d4084d3ea28a37dfb1664d06', 'custText6', 'CUST_TEXT6', 'NVARCHAR2(1000)', 'CUSTOM_FIELD_TEXT6', 0, 'string-l', '', '', '', '', '', '', '', 0, NULL, 1000, NULL, NULL, '', '', 'system', systimestamp, '16', 0, 'entity.custMarket.custText6', '', '', '', '', '', '');
INSERT INTO CNT_FIELD_DEFINITION
 (ID, REVISION, PARENT_ID, FIELD_ID, COLUMN_NAME, COLUMN_TYPE, REPORT_COLUMN_NAME, PRODUCT_FIELD, FIELD_TYPE, ENTITY_LOOKUP, ENTITY_LOOKUP_KEY, ORDER_BY, GENERATOR, REFER_TABLE, KEY_COLUMN, LOOKUP_COLUMN, MANDATORY, MIN_LENGTH, MAX_LENGTH, MIN_VALUE, MAX_VALUE, CONSTANT_VALUE, UNIQUE_KEY, CREATE_USER, CREATED_ON, LINE_NO, MANAGED, FIELD_PATH, DATA_TYPE, DATA1, DATA2, TRANSITIVE_FIELDS, FORMULA, ENTITY_LOOKUP_TYPE)
VALUES ('8557c20c4c9148d1b5e4f0074a0a707e', 0, '86d92d82d4084d3ea28a37dfb1664d06', 'custText7', 'CUST_TEXT7', 'NVARCHAR2(1000)', 'CUSTOM_FIELD_TEXT7', 0, 'string-l', '', '', '', '', '', '', '', 0, NULL, 1000, NULL, NULL, '', '', 'system', systimestamp, '17', 0, 'entity.custMarket.custText7', '', '', '', '', '', '');
INSERT INTO CNT_FIELD_DEFINITION
 (ID, REVISION, PARENT_ID, FIELD_ID, COLUMN_NAME, COLUMN_TYPE, REPORT_COLUMN_NAME, PRODUCT_FIELD, FIELD_TYPE, ENTITY_LOOKUP, ENTITY_LOOKUP_KEY, ORDER_BY, GENERATOR, REFER_TABLE, KEY_COLUMN, LOOKUP_COLUMN, MANDATORY, MIN_LENGTH, MAX_LENGTH, MIN_VALUE, MAX_VALUE, CONSTANT_VALUE, UNIQUE_KEY, CREATE_USER, CREATED_ON, LINE_NO, MANAGED, FIELD_PATH, DATA_TYPE, DATA1, DATA2, TRANSITIVE_FIELDS, FORMULA, ENTITY_LOOKUP_TYPE)
VALUES ('15526006492a45f9bc530a4cefc1eac0', 0, '86d92d82d4084d3ea28a37dfb1664d06', 'custDate1', 'CUST_DATE1', 'DATE', 'CUSTOM_FIELD_DATE1', 0, 'date', '', '', '', '', '', '', '', 0, NULL, NULL, NULL, NULL, '', '', 'system', systimestamp, '18', 0, 'entity.custMarket.custDate1', '', '', '', '', '', '');
INSERT INTO CNT_FIELD_DEFINITION
 (ID, REVISION, PARENT_ID, FIELD_ID, COLUMN_NAME, COLUMN_TYPE, REPORT_COLUMN_NAME, PRODUCT_FIELD, FIELD_TYPE, ENTITY_LOOKUP, ENTITY_LOOKUP_KEY, ORDER_BY, GENERATOR, REFER_TABLE, KEY_COLUMN, LOOKUP_COLUMN, MANDATORY, MIN_LENGTH, MAX_LENGTH, MIN_VALUE, MAX_VALUE, CONSTANT_VALUE, UNIQUE_KEY, CREATE_USER, CREATED_ON, LINE_NO, MANAGED, FIELD_PATH, DATA_TYPE, DATA1, DATA2, TRANSITIVE_FIELDS, FORMULA, ENTITY_LOOKUP_TYPE)
VALUES ('d2079fcd2d2d4fe397d81da65a81f0a2', 0, '86d92d82d4084d3ea28a37dfb1664d06', 'custDate2', 'CUST_DATE2', 'DATE', 'CUSTOM_FIELD_DATE2', 0, 'date', '', '', '', '', '', '', '', 0, NULL, NULL, NULL, NULL, '', '', 'system', systimestamp, '19', 0, 'entity.custMarket.custDate2', '', '', '', '', '', '');
INSERT INTO CNT_FIELD_DEFINITION
 (ID, REVISION, PARENT_ID, FIELD_ID, COLUMN_NAME, COLUMN_TYPE, REPORT_COLUMN_NAME, PRODUCT_FIELD, FIELD_TYPE, ENTITY_LOOKUP, ENTITY_LOOKUP_KEY, ORDER_BY, GENERATOR, REFER_TABLE, KEY_COLUMN, LOOKUP_COLUMN, MANDATORY, MIN_LENGTH, MAX_LENGTH, MIN_VALUE, MAX_VALUE, CONSTANT_VALUE, UNIQUE_KEY, CREATE_USER, CREATED_ON, LINE_NO, MANAGED, FIELD_PATH, DATA_TYPE, DATA1, DATA2, TRANSITIVE_FIELDS, FORMULA, ENTITY_LOOKUP_TYPE)
VALUES ('179f1b2075c64207bfa5135f41b609ec', 0, '86d92d82d4084d3ea28a37dfb1664d06', 'custDate3', 'CUST_DATE3', 'DATE', 'CUSTOM_FIELD_DATE3', 0, 'date', '', '', '', '', '', '', '', 0, NULL, NULL, NULL, NULL, '', '', 'system', systimestamp, '20', 0, 'entity.custMarket.custDate3', '', '', '', '', '', '');
INSERT INTO CNT_FIELD_DEFINITION
 (ID, REVISION, PARENT_ID, FIELD_ID, COLUMN_NAME, COLUMN_TYPE, REPORT_COLUMN_NAME, PRODUCT_FIELD, FIELD_TYPE, ENTITY_LOOKUP, ENTITY_LOOKUP_KEY, ORDER_BY, GENERATOR, REFER_TABLE, KEY_COLUMN, LOOKUP_COLUMN, MANDATORY, MIN_LENGTH, MAX_LENGTH, MIN_VALUE, MAX_VALUE, CONSTANT_VALUE, UNIQUE_KEY, CREATE_USER, CREATED_ON, LINE_NO, MANAGED, FIELD_PATH, DATA_TYPE, DATA1, DATA2, TRANSITIVE_FIELDS, FORMULA, ENTITY_LOOKUP_TYPE)
VALUES ('4844fa4e8b104490b849de380ebff970', 0, '86d92d82d4084d3ea28a37dfb1664d06', 'custDate4', 'CUST_DATE4', 'DATE', 'CUSTOM_FIELD_DATE4', 0, 'date', '', '', '', '', '', '', '', 0, NULL, NULL, NULL, NULL, '', '', 'system', systimestamp, '21', 0, 'entity.custMarket.custDate4', '', '', '', '', '', '');
INSERT INTO CNT_FIELD_DEFINITION
 (ID, REVISION, PARENT_ID, FIELD_ID, COLUMN_NAME, COLUMN_TYPE, REPORT_COLUMN_NAME, PRODUCT_FIELD, FIELD_TYPE, ENTITY_LOOKUP, ENTITY_LOOKUP_KEY, ORDER_BY, GENERATOR, REFER_TABLE, KEY_COLUMN, LOOKUP_COLUMN, MANDATORY, MIN_LENGTH, MAX_LENGTH, MIN_VALUE, MAX_VALUE, CONSTANT_VALUE, UNIQUE_KEY, CREATE_USER, CREATED_ON, LINE_NO, MANAGED, FIELD_PATH, DATA_TYPE, DATA1, DATA2, TRANSITIVE_FIELDS, FORMULA, ENTITY_LOOKUP_TYPE)
VALUES ('f731d68d5bd64b10bc93df0f2c8cdb4d', 0, '86d92d82d4084d3ea28a37dfb1664d06', 'custDate5', 'CUST_DATE5', 'DATE', 'CUSTOM_FIELD_DATE5', 0, 'date', '', '', '', '', '', '', '', 0, NULL, NULL, NULL, NULL, '', '', 'system', systimestamp, '22', 0, 'entity.custMarket.custDate5', '', '', '', '', '', '');
INSERT INTO CNT_FIELD_DEFINITION
 (ID, REVISION, PARENT_ID, FIELD_ID, COLUMN_NAME, COLUMN_TYPE, REPORT_COLUMN_NAME, PRODUCT_FIELD, FIELD_TYPE, ENTITY_LOOKUP, ENTITY_LOOKUP_KEY, ORDER_BY, GENERATOR, REFER_TABLE, KEY_COLUMN, LOOKUP_COLUMN, MANDATORY, MIN_LENGTH, MAX_LENGTH, MIN_VALUE, MAX_VALUE, CONSTANT_VALUE, UNIQUE_KEY, CREATE_USER, CREATED_ON, LINE_NO, MANAGED, FIELD_PATH, DATA_TYPE, DATA1, DATA2, TRANSITIVE_FIELDS, FORMULA, ENTITY_LOOKUP_TYPE)
VALUES ('6746bc47f09248c2826eb652c0e02aad', 0, '86d92d82d4084d3ea28a37dfb1664d06', 'custDate6', 'CUST_DATE6', 'DATE', 'CUSTOM_FIELD_DATE6', 0, 'date', '', '', '', '', '', '', '', 0, NULL, NULL, NULL, NULL, '', '', 'system', systimestamp, '23', 0, 'entity.custMarket.custDate6', '', '', '', '', '', '');
INSERT INTO CNT_FIELD_DEFINITION
 (ID, REVISION, PARENT_ID, FIELD_ID, COLUMN_NAME, COLUMN_TYPE, REPORT_COLUMN_NAME, PRODUCT_FIELD, FIELD_TYPE, ENTITY_LOOKUP, ENTITY_LOOKUP_KEY, ORDER_BY, GENERATOR, REFER_TABLE, KEY_COLUMN, LOOKUP_COLUMN, MANDATORY, MIN_LENGTH, MAX_LENGTH, MIN_VALUE, MAX_VALUE, CONSTANT_VALUE, UNIQUE_KEY, CREATE_USER, CREATED_ON, LINE_NO, MANAGED, FIELD_PATH, DATA_TYPE, DATA1, DATA2, TRANSITIVE_FIELDS, FORMULA, ENTITY_LOOKUP_TYPE)
VALUES ('69b22200dbf640b8a639a167bd8698ec', 0, '86d92d82d4084d3ea28a37dfb1664d06', 'custDate7', 'CUST_DATE7', 'DATE', 'CUSTOM_FIELD_DATE7', 0, 'date', '', '', '', '', '', '', '', 0, NULL, NULL, NULL, NULL, '', '', 'system', systimestamp, '24', 0, 'entity.custMarket.custDate7', '', '', '', '', '', '');
INSERT INTO CNT_FIELD_DEFINITION
 (ID, REVISION, PARENT_ID, FIELD_ID, COLUMN_NAME, COLUMN_TYPE, REPORT_COLUMN_NAME, PRODUCT_FIELD, FIELD_TYPE, ENTITY_LOOKUP, ENTITY_LOOKUP_KEY, ORDER_BY, GENERATOR, REFER_TABLE, KEY_COLUMN, LOOKUP_COLUMN, MANDATORY, MIN_LENGTH, MAX_LENGTH, MIN_VALUE, MAX_VALUE, CONSTANT_VALUE, UNIQUE_KEY, CREATE_USER, CREATED_ON, LINE_NO, MANAGED, FIELD_PATH, DATA_TYPE, DATA1, DATA2, TRANSITIVE_FIELDS, FORMULA, ENTITY_LOOKUP_TYPE)
VALUES ('33dbf91967964bdab2d94a3320616080', 0, '86d92d82d4084d3ea28a37dfb1664d06', 'custNumber1', 'CUST_NUMBER1', 'NUMBER(20, 0)', 'CUSTOM_FIELD_NUMBER1', 0, 'integer', '', '', '', '', '', '', '', 0, NULL, 18, NULL, NULL, '', '', 'system', systimestamp, '25', 0, 'entity.custMarket.custNumber1', '', '', '', '', '', '');
INSERT INTO CNT_FIELD_DEFINITION
 (ID, REVISION, PARENT_ID, FIELD_ID, COLUMN_NAME, COLUMN_TYPE, REPORT_COLUMN_NAME, PRODUCT_FIELD, FIELD_TYPE, ENTITY_LOOKUP, ENTITY_LOOKUP_KEY, ORDER_BY, GENERATOR, REFER_TABLE, KEY_COLUMN, LOOKUP_COLUMN, MANDATORY, MIN_LENGTH, MAX_LENGTH, MIN_VALUE, MAX_VALUE, CONSTANT_VALUE, UNIQUE_KEY, CREATE_USER, CREATED_ON, LINE_NO, MANAGED, FIELD_PATH, DATA_TYPE, DATA1, DATA2, TRANSITIVE_FIELDS, FORMULA, ENTITY_LOOKUP_TYPE)
VALUES ('ee053991871d445cb98a67aa3532ec28', 0, '86d92d82d4084d3ea28a37dfb1664d06', 'custNumber2', 'CUST_NUMBER2', 'NUMBER(20, 0)', 'CUSTOM_FIELD_NUMBER2', 0, 'integer', '', '', '', '', '', '', '', 0, NULL, 18, NULL, NULL, '', '', 'system', systimestamp, '26', 0, 'entity.custMarket.custNumber2', '', '', '', '', '', '');
INSERT INTO CNT_FIELD_DEFINITION
 (ID, REVISION, PARENT_ID, FIELD_ID, COLUMN_NAME, COLUMN_TYPE, REPORT_COLUMN_NAME, PRODUCT_FIELD, FIELD_TYPE, ENTITY_LOOKUP, ENTITY_LOOKUP_KEY, ORDER_BY, GENERATOR, REFER_TABLE, KEY_COLUMN, LOOKUP_COLUMN, MANDATORY, MIN_LENGTH, MAX_LENGTH, MIN_VALUE, MAX_VALUE, CONSTANT_VALUE, UNIQUE_KEY, CREATE_USER, CREATED_ON, LINE_NO, MANAGED, FIELD_PATH, DATA_TYPE, DATA1, DATA2, TRANSITIVE_FIELDS, FORMULA, ENTITY_LOOKUP_TYPE)
VALUES ('a288cad746954f12b3e167ac6ca0e25f', 0, '86d92d82d4084d3ea28a37dfb1664d06', 'custNumber3', 'CUST_NUMBER3', 'NUMBER(20, 0)', 'CUSTOM_FIELD_NUMBER3', 0, 'integer', '', '', '', '', '', '', '', 0, NULL, 18, NULL, NULL, '', '', 'system', systimestamp, '27', 0, 'entity.custMarket.custNumber3', '', '', '', '', '', '');
INSERT INTO CNT_FIELD_DEFINITION
 (ID, REVISION, PARENT_ID, FIELD_ID, COLUMN_NAME, COLUMN_TYPE, REPORT_COLUMN_NAME, PRODUCT_FIELD, FIELD_TYPE, ENTITY_LOOKUP, ENTITY_LOOKUP_KEY, ORDER_BY, GENERATOR, REFER_TABLE, KEY_COLUMN, LOOKUP_COLUMN, MANDATORY, MIN_LENGTH, MAX_LENGTH, MIN_VALUE, MAX_VALUE, CONSTANT_VALUE, UNIQUE_KEY, CREATE_USER, CREATED_ON, LINE_NO, MANAGED, FIELD_PATH, DATA_TYPE, DATA1, DATA2, TRANSITIVE_FIELDS, FORMULA, ENTITY_LOOKUP_TYPE)
VALUES ('f9c5e9467d7d41689d57a9fd04db7f96', 0, '86d92d82d4084d3ea28a37dfb1664d06', 'custNumber4', 'CUST_NUMBER4', 'NUMBER(20, 0)', 'CUSTOM_FIELD_NUMBER4', 0, 'integer', '', '', '', '', '', '', '', 0, NULL, 18, NULL, NULL, '', '', 'system', systimestamp, '28', 0, 'entity.custMarket.custNumber4', '', '', '', '', '', '');
INSERT INTO CNT_FIELD_DEFINITION
 (ID, REVISION, PARENT_ID, FIELD_ID, COLUMN_NAME, COLUMN_TYPE, REPORT_COLUMN_NAME, PRODUCT_FIELD, FIELD_TYPE, ENTITY_LOOKUP, ENTITY_LOOKUP_KEY, ORDER_BY, GENERATOR, REFER_TABLE, KEY_COLUMN, LOOKUP_COLUMN, MANDATORY, MIN_LENGTH, MAX_LENGTH, MIN_VALUE, MAX_VALUE, CONSTANT_VALUE, UNIQUE_KEY, CREATE_USER, CREATED_ON, LINE_NO, MANAGED, FIELD_PATH, DATA_TYPE, DATA1, DATA2, TRANSITIVE_FIELDS, FORMULA, ENTITY_LOOKUP_TYPE)
VALUES ('3cdb4802d91c41328c9f0db1396d9582', 0, '86d92d82d4084d3ea28a37dfb1664d06', 'custNumber5', 'CUST_NUMBER5', 'NUMBER(20, 0)', 'CUSTOM_FIELD_NUMBER5', 0, 'integer', '', '', '', '', '', '', '', 0, NULL, 18, NULL, NULL, '', '', 'system', systimestamp, '29', 0, 'entity.custMarket.custNumber5', '', '', '', '', '', '');
INSERT INTO CNT_FIELD_DEFINITION
 (ID, REVISION, PARENT_ID, FIELD_ID, COLUMN_NAME, COLUMN_TYPE, REPORT_COLUMN_NAME, PRODUCT_FIELD, FIELD_TYPE, ENTITY_LOOKUP, ENTITY_LOOKUP_KEY, ORDER_BY, GENERATOR, REFER_TABLE, KEY_COLUMN, LOOKUP_COLUMN, MANDATORY, MIN_LENGTH, MAX_LENGTH, MIN_VALUE, MAX_VALUE, CONSTANT_VALUE, UNIQUE_KEY, CREATE_USER, CREATED_ON, LINE_NO, MANAGED, FIELD_PATH, DATA_TYPE, DATA1, DATA2, TRANSITIVE_FIELDS, FORMULA, ENTITY_LOOKUP_TYPE)
VALUES ('dae9b52b8d914ebb80a55f1b9c032d20', 0, '86d92d82d4084d3ea28a37dfb1664d06', 'custNumber6', 'CUST_NUMBER6', 'NUMBER(20, 0)', 'CUSTOM_FIELD_NUMBER6', 0, 'integer', '', '', '', '', '', '', '', 0, NULL, 18, NULL, NULL, '', '', 'system', systimestamp, '30', 0, 'entity.custMarket.custNumber6', '', '', '', '', '', '');
INSERT INTO CNT_FIELD_DEFINITION
 (ID, REVISION, PARENT_ID, FIELD_ID, COLUMN_NAME, COLUMN_TYPE, REPORT_COLUMN_NAME, PRODUCT_FIELD, FIELD_TYPE, ENTITY_LOOKUP, ENTITY_LOOKUP_KEY, ORDER_BY, GENERATOR, REFER_TABLE, KEY_COLUMN, LOOKUP_COLUMN, MANDATORY, MIN_LENGTH, MAX_LENGTH, MIN_VALUE, MAX_VALUE, CONSTANT_VALUE, UNIQUE_KEY, CREATE_USER, CREATED_ON, LINE_NO, MANAGED, FIELD_PATH, DATA_TYPE, DATA1, DATA2, TRANSITIVE_FIELDS, FORMULA, ENTITY_LOOKUP_TYPE)
VALUES ('fd0af7637f6543d7962160fb390da8b5', 0, '86d92d82d4084d3ea28a37dfb1664d06', 'custNumber7', 'CUST_NUMBER7', 'NUMBER(20, 0)', 'CUSTOM_FIELD_NUMBER7', 0, 'integer', '', '', '', '', '', '', '', 0, NULL, 18, NULL, NULL, '', '', 'system', systimestamp, '31', 0, 'entity.custMarket.custNumber7', '', '', '', '', '', '');
INSERT INTO CNT_FIELD_DEFINITION
 (ID, REVISION, PARENT_ID, FIELD_ID, COLUMN_NAME, COLUMN_TYPE, REPORT_COLUMN_NAME, PRODUCT_FIELD, FIELD_TYPE, ENTITY_LOOKUP, ENTITY_LOOKUP_KEY, ORDER_BY, GENERATOR, REFER_TABLE, KEY_COLUMN, LOOKUP_COLUMN, MANDATORY, MIN_LENGTH, MAX_LENGTH, MIN_VALUE, MAX_VALUE, CONSTANT_VALUE, UNIQUE_KEY, CREATE_USER, CREATED_ON, LINE_NO, MANAGED, FIELD_PATH, DATA_TYPE, DATA1, DATA2, TRANSITIVE_FIELDS, FORMULA, ENTITY_LOOKUP_TYPE)
VALUES ('966cdb980f854e11ac0e3bc0366e2926', 0, '86d92d82d4084d3ea28a37dfb1664d06', 'custDecimal1', 'CUST_DECIMAL1', 'NUMBER(25, 5)', 'CUSTOM_FIELD_DECIMAL1', 0, 'decimal-rate', '', '', '', '', '', '', '', 0, NULL, 20, NULL, NULL, '', '', 'system', systimestamp, '32', 0, 'entity.custMarket.custDecimal1', '', '', '', '', '', '');
INSERT INTO CNT_FIELD_DEFINITION
 (ID, REVISION, PARENT_ID, FIELD_ID, COLUMN_NAME, COLUMN_TYPE, REPORT_COLUMN_NAME, PRODUCT_FIELD, FIELD_TYPE, ENTITY_LOOKUP, ENTITY_LOOKUP_KEY, ORDER_BY, GENERATOR, REFER_TABLE, KEY_COLUMN, LOOKUP_COLUMN, MANDATORY, MIN_LENGTH, MAX_LENGTH, MIN_VALUE, MAX_VALUE, CONSTANT_VALUE, UNIQUE_KEY, CREATE_USER, CREATED_ON, LINE_NO, MANAGED, FIELD_PATH, DATA_TYPE, DATA1, DATA2, TRANSITIVE_FIELDS, FORMULA, ENTITY_LOOKUP_TYPE)
VALUES ('b837f2767bce44c9a0b2676865ffe89d', 0, '86d92d82d4084d3ea28a37dfb1664d06', 'custDecimal2', 'CUST_DECIMAL2', 'NUMBER(25, 5)', 'CUSTOM_FIELD_DECIMAL2', 0, 'decimal-rate', '', '', '', '', '', '', '', 0, NULL, 20, NULL, NULL, '', '', 'system', systimestamp, '33', 0, 'entity.custMarket.custDecimal2', '', '', '', '', '', '');
INSERT INTO CNT_FIELD_DEFINITION
 (ID, REVISION, PARENT_ID, FIELD_ID, COLUMN_NAME, COLUMN_TYPE, REPORT_COLUMN_NAME, PRODUCT_FIELD, FIELD_TYPE, ENTITY_LOOKUP, ENTITY_LOOKUP_KEY, ORDER_BY, GENERATOR, REFER_TABLE, KEY_COLUMN, LOOKUP_COLUMN, MANDATORY, MIN_LENGTH, MAX_LENGTH, MIN_VALUE, MAX_VALUE, CONSTANT_VALUE, UNIQUE_KEY, CREATE_USER, CREATED_ON, LINE_NO, MANAGED, FIELD_PATH, DATA_TYPE, DATA1, DATA2, TRANSITIVE_FIELDS, FORMULA, ENTITY_LOOKUP_TYPE)
VALUES ('e850d402a0ba4f4784d3dc8784dd4e6b', 0, '86d92d82d4084d3ea28a37dfb1664d06', 'custDecimal3', 'CUST_DECIMAL3', 'NUMBER(25, 5)', 'CUSTOM_FIELD_DECIMAL3', 0, 'decimal-rate', '', '', '', '', '', '', '', 0, NULL, 20, NULL, NULL, '', '', 'system', systimestamp, '34', 0, 'entity.custMarket.custDecimal3', '', '', '', '', '', '');
INSERT INTO CNT_FIELD_DEFINITION
 (ID, REVISION, PARENT_ID, FIELD_ID, COLUMN_NAME, COLUMN_TYPE, REPORT_COLUMN_NAME, PRODUCT_FIELD, FIELD_TYPE, ENTITY_LOOKUP, ENTITY_LOOKUP_KEY, ORDER_BY, GENERATOR, REFER_TABLE, KEY_COLUMN, LOOKUP_COLUMN, MANDATORY, MIN_LENGTH, MAX_LENGTH, MIN_VALUE, MAX_VALUE, CONSTANT_VALUE, UNIQUE_KEY, CREATE_USER, CREATED_ON, LINE_NO, MANAGED, FIELD_PATH, DATA_TYPE, DATA1, DATA2, TRANSITIVE_FIELDS, FORMULA, ENTITY_LOOKUP_TYPE)
VALUES ('8270125fa7e64c5782fe00d3377cf4be', 0, '86d92d82d4084d3ea28a37dfb1664d06', 'custDecimal4', 'CUST_DECIMAL4', 'NUMBER(25, 5)', 'CUSTOM_FIELD_DECIMAL4', 0, 'decimal-rate', '', '', '', '', '', '', '', 0, NULL, 20, NULL, NULL, '', '', 'system', systimestamp, '35', 0, 'entity.custMarket.custDecimal4', '', '', '', '', '', '');
INSERT INTO CNT_FIELD_DEFINITION
 (ID, REVISION, PARENT_ID, FIELD_ID, COLUMN_NAME, COLUMN_TYPE, REPORT_COLUMN_NAME, PRODUCT_FIELD, FIELD_TYPE, ENTITY_LOOKUP, ENTITY_LOOKUP_KEY, ORDER_BY, GENERATOR, REFER_TABLE, KEY_COLUMN, LOOKUP_COLUMN, MANDATORY, MIN_LENGTH, MAX_LENGTH, MIN_VALUE, MAX_VALUE, CONSTANT_VALUE, UNIQUE_KEY, CREATE_USER, CREATED_ON, LINE_NO, MANAGED, FIELD_PATH, DATA_TYPE, DATA1, DATA2, TRANSITIVE_FIELDS, FORMULA, ENTITY_LOOKUP_TYPE)
VALUES ('619de2a365df4339b0f3163485cc5b81', 0, '86d92d82d4084d3ea28a37dfb1664d06', 'custDecimal5', 'CUST_DECIMAL5', 'NUMBER(25, 5)', 'CUSTOM_FIELD_DECIMAL5', 0, 'decimal-rate', '', '', '', '', '', '', '', 0, NULL, 20, NULL, NULL, '', '', 'system', systimestamp, '36', 0, 'entity.custMarket.custDecimal5', '', '', '', '', '', '');
INSERT INTO CNT_FIELD_DEFINITION
 (ID, REVISION, PARENT_ID, FIELD_ID, COLUMN_NAME, COLUMN_TYPE, REPORT_COLUMN_NAME, PRODUCT_FIELD, FIELD_TYPE, ENTITY_LOOKUP, ENTITY_LOOKUP_KEY, ORDER_BY, GENERATOR, REFER_TABLE, KEY_COLUMN, LOOKUP_COLUMN, MANDATORY, MIN_LENGTH, MAX_LENGTH, MIN_VALUE, MAX_VALUE, CONSTANT_VALUE, UNIQUE_KEY, CREATE_USER, CREATED_ON, LINE_NO, MANAGED, FIELD_PATH, DATA_TYPE, DATA1, DATA2, TRANSITIVE_FIELDS, FORMULA, ENTITY_LOOKUP_TYPE)
VALUES ('ce287210c69f45cf86f70c3a56806043', 0, '86d92d82d4084d3ea28a37dfb1664d06', 'custDecimal6', 'CUST_DECIMAL6', 'NUMBER(25, 5)', 'CUSTOM_FIELD_DECIMAL6', 0, 'decimal-rate', '', '', '', '', '', '', '', 0, NULL, 20, NULL, NULL, '', '', 'system', systimestamp, '37', 0, 'entity.custMarket.custDecimal6', '', '', '', '', '', '');
INSERT INTO CNT_FIELD_DEFINITION
 (ID, REVISION, PARENT_ID, FIELD_ID, COLUMN_NAME, COLUMN_TYPE, REPORT_COLUMN_NAME, PRODUCT_FIELD, FIELD_TYPE, ENTITY_LOOKUP, ENTITY_LOOKUP_KEY, ORDER_BY, GENERATOR, REFER_TABLE, KEY_COLUMN, LOOKUP_COLUMN, MANDATORY, MIN_LENGTH, MAX_LENGTH, MIN_VALUE, MAX_VALUE, CONSTANT_VALUE, UNIQUE_KEY, CREATE_USER, CREATED_ON, LINE_NO, MANAGED, FIELD_PATH, DATA_TYPE, DATA1, DATA2, TRANSITIVE_FIELDS, FORMULA, ENTITY_LOOKUP_TYPE)
VALUES ('fd725be744f149318b229c5630f0033d', 0, '86d92d82d4084d3ea28a37dfb1664d06', 'custDecimal7', 'CUST_DECIMAL7', 'NUMBER(25, 5)', 'CUSTOM_FIELD_DECIMAL7', 0, 'decimal-rate', '', '', '', '', '', '', '', 0, NULL, 20, NULL, NULL, '', '', 'system', systimestamp, '38', 0, 'entity.custMarket.custDecimal7', '', '', '', '', '', '');
INSERT INTO CNT_FIELD_DEFINITION
 (ID, REVISION, PARENT_ID, FIELD_ID, COLUMN_NAME, COLUMN_TYPE, REPORT_COLUMN_NAME, PRODUCT_FIELD, FIELD_TYPE, ENTITY_LOOKUP, ENTITY_LOOKUP_KEY, ORDER_BY, GENERATOR, REFER_TABLE, KEY_COLUMN, LOOKUP_COLUMN, MANDATORY, MIN_LENGTH, MAX_LENGTH, MIN_VALUE, MAX_VALUE, CONSTANT_VALUE, UNIQUE_KEY, CREATE_USER, CREATED_ON, LINE_NO, MANAGED, FIELD_PATH, DATA_TYPE, DATA1, DATA2, TRANSITIVE_FIELDS, FORMULA, ENTITY_LOOKUP_TYPE)
VALUES ('3ac1adc3e126436da937c1ff21db5c3c', 0, '86d92d82d4084d3ea28a37dfb1664d06', 'custCodelist1', 'CUST_CODELIST1', 'NVARCHAR2(400)', 'CUSTOM_FIELD_CODE_LIST_CODE1', 0, 'string-m', '', '', '', '', '', '', '', 0, NULL, 400, NULL, NULL, '', '', 'system', systimestamp, '39', 0, 'entity.custMarket.custCodelist1', 'codelist', '', '', '', '', '');
INSERT INTO CNT_FIELD_DEFINITION
 (ID, REVISION, PARENT_ID, FIELD_ID, COLUMN_NAME, COLUMN_TYPE, REPORT_COLUMN_NAME, PRODUCT_FIELD, FIELD_TYPE, ENTITY_LOOKUP, ENTITY_LOOKUP_KEY, ORDER_BY, GENERATOR, REFER_TABLE, KEY_COLUMN, LOOKUP_COLUMN, MANDATORY, MIN_LENGTH, MAX_LENGTH, MIN_VALUE, MAX_VALUE, CONSTANT_VALUE, UNIQUE_KEY, CREATE_USER, CREATED_ON, LINE_NO, MANAGED, FIELD_PATH, DATA_TYPE, DATA1, DATA2, TRANSITIVE_FIELDS, FORMULA, ENTITY_LOOKUP_TYPE)
VALUES ('eb6a36204fbd4c7d89f439d28709ec4c', 0, '86d92d82d4084d3ea28a37dfb1664d06', 'custCodelist2', 'CUST_CODELIST2', 'NVARCHAR2(400)', 'CUSTOM_FIELD_CODE_LIST_CODE2', 0, 'string-m', '', '', '', '', '', '', '', 0, NULL, 400, NULL, NULL, '', '', 'system', systimestamp, '40', 0, 'entity.custMarket.custCodelist2', 'codelist', '', '', '', '', '');
INSERT INTO CNT_FIELD_DEFINITION
 (ID, REVISION, PARENT_ID, FIELD_ID, COLUMN_NAME, COLUMN_TYPE, REPORT_COLUMN_NAME, PRODUCT_FIELD, FIELD_TYPE, ENTITY_LOOKUP, ENTITY_LOOKUP_KEY, ORDER_BY, GENERATOR, REFER_TABLE, KEY_COLUMN, LOOKUP_COLUMN, MANDATORY, MIN_LENGTH, MAX_LENGTH, MIN_VALUE, MAX_VALUE, CONSTANT_VALUE, UNIQUE_KEY, CREATE_USER, CREATED_ON, LINE_NO, MANAGED, FIELD_PATH, DATA_TYPE, DATA1, DATA2, TRANSITIVE_FIELDS, FORMULA, ENTITY_LOOKUP_TYPE)
VALUES ('b8adffe9f2af45c4903eb52f1fdfb2e1', 0, '86d92d82d4084d3ea28a37dfb1664d06', 'custCodelist3', 'CUST_CODELIST3', 'NVARCHAR2(400)', 'CUSTOM_FIELD_CODE_LIST_CODE3', 0, 'string-m', '', '', '', '', '', '', '', 0, NULL, 400, NULL, NULL, '', '', 'system', systimestamp, '41', 0, 'entity.custMarket.custCodelist3', 'codelist', '', '', '', '', '');
INSERT INTO CNT_FIELD_DEFINITION
 (ID, REVISION, PARENT_ID, FIELD_ID, COLUMN_NAME, COLUMN_TYPE, REPORT_COLUMN_NAME, PRODUCT_FIELD, FIELD_TYPE, ENTITY_LOOKUP, ENTITY_LOOKUP_KEY, ORDER_BY, GENERATOR, REFER_TABLE, KEY_COLUMN, LOOKUP_COLUMN, MANDATORY, MIN_LENGTH, MAX_LENGTH, MIN_VALUE, MAX_VALUE, CONSTANT_VALUE, UNIQUE_KEY, CREATE_USER, CREATED_ON, LINE_NO, MANAGED, FIELD_PATH, DATA_TYPE, DATA1, DATA2, TRANSITIVE_FIELDS, FORMULA, ENTITY_LOOKUP_TYPE)
VALUES ('de3643da34a64339b3f25e12c3f18c02', 0, '86d92d82d4084d3ea28a37dfb1664d06', 'custCodelist4', 'CUST_CODELIST4', 'NVARCHAR2(400)', 'CUSTOM_FIELD_CODE_LIST_CODE4', 0, 'string-m', '', '', '', '', '', '', '', 0, NULL, 400, NULL, NULL, '', '', 'system', systimestamp, '42', 0, 'entity.custMarket.custCodelist4', 'codelist', '', '', '', '', '');
INSERT INTO CNT_FIELD_DEFINITION
 (ID, REVISION, PARENT_ID, FIELD_ID, COLUMN_NAME, COLUMN_TYPE, REPORT_COLUMN_NAME, PRODUCT_FIELD, FIELD_TYPE, ENTITY_LOOKUP, ENTITY_LOOKUP_KEY, ORDER_BY, GENERATOR, REFER_TABLE, KEY_COLUMN, LOOKUP_COLUMN, MANDATORY, MIN_LENGTH, MAX_LENGTH, MIN_VALUE, MAX_VALUE, CONSTANT_VALUE, UNIQUE_KEY, CREATE_USER, CREATED_ON, LINE_NO, MANAGED, FIELD_PATH, DATA_TYPE, DATA1, DATA2, TRANSITIVE_FIELDS, FORMULA, ENTITY_LOOKUP_TYPE)
VALUES ('0d492454595c4b10b115a704d95c3d50', 0, '86d92d82d4084d3ea28a37dfb1664d06', 'custCodelist5', 'CUST_CODELIST5', 'NVARCHAR2(400)', 'CUSTOM_FIELD_CODE_LIST_CODE5', 0, 'string-m', '', '', '', '', '', '', '', 0, NULL, 400, NULL, NULL, '', '', 'system', systimestamp, '43', 0, 'entity.custMarket.custCodelist5', 'codelist', '', '', '', '', '');
INSERT INTO CNT_FIELD_DEFINITION
 (ID, REVISION, PARENT_ID, FIELD_ID, COLUMN_NAME, COLUMN_TYPE, REPORT_COLUMN_NAME, PRODUCT_FIELD, FIELD_TYPE, ENTITY_LOOKUP, ENTITY_LOOKUP_KEY, ORDER_BY, GENERATOR, REFER_TABLE, KEY_COLUMN, LOOKUP_COLUMN, MANDATORY, MIN_LENGTH, MAX_LENGTH, MIN_VALUE, MAX_VALUE, CONSTANT_VALUE, UNIQUE_KEY, CREATE_USER, CREATED_ON, LINE_NO, MANAGED, FIELD_PATH, DATA_TYPE, DATA1, DATA2, TRANSITIVE_FIELDS, FORMULA, ENTITY_LOOKUP_TYPE)
VALUES ('79eb9a668ff749e0bf00946c3eba9eff', 0, '86d92d82d4084d3ea28a37dfb1664d06', 'custCodelist6', 'CUST_CODELIST6', 'NVARCHAR2(400)', 'CUSTOM_FIELD_CODE_LIST_CODE6', 0, 'string-m', '', '', '', '', '', '', '', 0, NULL, 400, NULL, NULL, '', '', 'system', systimestamp, '44', 0, 'entity.custMarket.custCodelist6', 'codelist', '', '', '', '', '');
INSERT INTO CNT_FIELD_DEFINITION
 (ID, REVISION, PARENT_ID, FIELD_ID, COLUMN_NAME, COLUMN_TYPE, REPORT_COLUMN_NAME, PRODUCT_FIELD, FIELD_TYPE, ENTITY_LOOKUP, ENTITY_LOOKUP_KEY, ORDER_BY, GENERATOR, REFER_TABLE, KEY_COLUMN, LOOKUP_COLUMN, MANDATORY, MIN_LENGTH, MAX_LENGTH, MIN_VALUE, MAX_VALUE, CONSTANT_VALUE, UNIQUE_KEY, CREATE_USER, CREATED_ON, LINE_NO, MANAGED, FIELD_PATH, DATA_TYPE, DATA1, DATA2, TRANSITIVE_FIELDS, FORMULA, ENTITY_LOOKUP_TYPE)
VALUES ('92763a3c0d624857b6475579438ca6d0', 0, '86d92d82d4084d3ea28a37dfb1664d06', 'custCodelist7', 'CUST_CODELIST7', 'NVARCHAR2(400)', 'CUSTOM_FIELD_CODE_LIST_CODE7', 0, 'string-m', '', '', '', '', '', '', '', 0, NULL, 400, NULL, NULL, '', '', 'system', systimestamp, '45', 0, 'entity.custMarket.custCodelist7', 'codelist', '', '', '', '', '');
INSERT INTO CNT_FIELD_DEFINITION
 (ID, REVISION, PARENT_ID, FIELD_ID, COLUMN_NAME, COLUMN_TYPE, REPORT_COLUMN_NAME, PRODUCT_FIELD, FIELD_TYPE, ENTITY_LOOKUP, ENTITY_LOOKUP_KEY, ORDER_BY, GENERATOR, REFER_TABLE, KEY_COLUMN, LOOKUP_COLUMN, MANDATORY, MIN_LENGTH, MAX_LENGTH, MIN_VALUE, MAX_VALUE, CONSTANT_VALUE, UNIQUE_KEY, CREATE_USER, CREATED_ON, LINE_NO, MANAGED, FIELD_PATH, DATA_TYPE, DATA1, DATA2, TRANSITIVE_FIELDS, FORMULA, ENTITY_LOOKUP_TYPE)
VALUES ('c750d2a2d3744a0aaf8293550e8d2a77', 0, '86d92d82d4084d3ea28a37dfb1664d06', 'custMemoText1', 'CUST_MEMO_TEXT1', 'NVARCHAR2(1000)', 'CUSTOM_FIELD_MEMO_TEXT1', 0, 'string-l', '', '', '', '', '', '', '', 0, NULL, 1000, NULL, NULL, '', '', 'system', systimestamp, '46', 0, 'entity.custMarket.custMemoText1', '', '', '', '', '', '');
INSERT INTO CNT_FIELD_DEFINITION
 (ID, REVISION, PARENT_ID, FIELD_ID, COLUMN_NAME, COLUMN_TYPE, REPORT_COLUMN_NAME, PRODUCT_FIELD, FIELD_TYPE, ENTITY_LOOKUP, ENTITY_LOOKUP_KEY, ORDER_BY, GENERATOR, REFER_TABLE, KEY_COLUMN, LOOKUP_COLUMN, MANDATORY, MIN_LENGTH, MAX_LENGTH, MIN_VALUE, MAX_VALUE, CONSTANT_VALUE, UNIQUE_KEY, CREATE_USER, CREATED_ON, LINE_NO, MANAGED, FIELD_PATH, DATA_TYPE, DATA1, DATA2, TRANSITIVE_FIELDS, FORMULA, ENTITY_LOOKUP_TYPE)
VALUES ('a9c2718918ed4083b67162364e603834', 0, '86d92d82d4084d3ea28a37dfb1664d06', 'custMemoText2', 'CUST_MEMO_TEXT2', 'NVARCHAR2(1000)', 'CUSTOM_FIELD_MEMO_TEXT2', 0, 'string-l', '', '', '', '', '', '', '', 0, NULL, 1000, NULL, NULL, '', '', 'system', systimestamp, '47', 0, 'entity.custMarket.custMemoText2', '', '', '', '', '', '');
INSERT INTO CNT_FIELD_DEFINITION
 (ID, REVISION, PARENT_ID, FIELD_ID, COLUMN_NAME, COLUMN_TYPE, REPORT_COLUMN_NAME, PRODUCT_FIELD, FIELD_TYPE, ENTITY_LOOKUP, ENTITY_LOOKUP_KEY, ORDER_BY, GENERATOR, REFER_TABLE, KEY_COLUMN, LOOKUP_COLUMN, MANDATORY, MIN_LENGTH, MAX_LENGTH, MIN_VALUE, MAX_VALUE, CONSTANT_VALUE, UNIQUE_KEY, CREATE_USER, CREATED_ON, LINE_NO, MANAGED, FIELD_PATH, DATA_TYPE, DATA1, DATA2, TRANSITIVE_FIELDS, FORMULA, ENTITY_LOOKUP_TYPE)
VALUES ('91d906a5d48241d7a0782ba91728ebfa', 0, '86d92d82d4084d3ea28a37dfb1664d06', 'custMemoText3', 'CUST_MEMO_TEXT3', 'NVARCHAR2(1000)', 'CUSTOM_FIELD_MEMO_TEXT3', 0, 'string-l', '', '', '', '', '', '', '', 0, NULL, 1000, NULL, NULL, '', '', 'system', systimestamp, '48', 0, 'entity.custMarket.custMemoText3', '', '', '', '', '', '');
INSERT INTO CNT_FIELD_DEFINITION
 (ID, REVISION, PARENT_ID, FIELD_ID, COLUMN_NAME, COLUMN_TYPE, REPORT_COLUMN_NAME, PRODUCT_FIELD, FIELD_TYPE, ENTITY_LOOKUP, ENTITY_LOOKUP_KEY, ORDER_BY, GENERATOR, REFER_TABLE, KEY_COLUMN, LOOKUP_COLUMN, MANDATORY, MIN_LENGTH, MAX_LENGTH, MIN_VALUE, MAX_VALUE, CONSTANT_VALUE, UNIQUE_KEY, CREATE_USER, CREATED_ON, LINE_NO, MANAGED, FIELD_PATH, DATA_TYPE, DATA1, DATA2, TRANSITIVE_FIELDS, FORMULA, ENTITY_LOOKUP_TYPE)
VALUES ('01ee3c2f747e4ce08ea7bb86f56509a3', 0, '86d92d82d4084d3ea28a37dfb1664d06', 'custMemoText4', 'CUST_MEMO_TEXT4', 'NVARCHAR2(1000)', 'CUSTOM_FIELD_MEMO_TEXT4', 0, 'string-l', '', '', '', '', '', '', '', 0, NULL, 1000, NULL, NULL, '', '', 'system', systimestamp, '49', 0, 'entity.custMarket.custMemoText4', '', '', '', '', '', '');
INSERT INTO CNT_FIELD_DEFINITION
 (ID, REVISION, PARENT_ID, FIELD_ID, COLUMN_NAME, COLUMN_TYPE, REPORT_COLUMN_NAME, PRODUCT_FIELD, FIELD_TYPE, ENTITY_LOOKUP, ENTITY_LOOKUP_KEY, ORDER_BY, GENERATOR, REFER_TABLE, KEY_COLUMN, LOOKUP_COLUMN, MANDATORY, MIN_LENGTH, MAX_LENGTH, MIN_VALUE, MAX_VALUE, CONSTANT_VALUE, UNIQUE_KEY, CREATE_USER, CREATED_ON, LINE_NO, MANAGED, FIELD_PATH, DATA_TYPE, DATA1, DATA2, TRANSITIVE_FIELDS, FORMULA, ENTITY_LOOKUP_TYPE)
VALUES ('02cc734b7ef542d1a24a51cdc0e5443a', 0, '86d92d82d4084d3ea28a37dfb1664d06', 'custMemoText5', 'CUST_MEMO_TEXT5', 'NVARCHAR2(1000)', 'CUSTOM_FIELD_MEMO_TEXT5', 0, 'string-l', '', '', '', '', '', '', '', 0, NULL, 1000, NULL, NULL, '', '', 'system', systimestamp, '50', 0, 'entity.custMarket.custMemoText5', '', '', '', '', '', '');
INSERT INTO CNT_FIELD_DEFINITION
 (ID, REVISION, PARENT_ID, FIELD_ID, COLUMN_NAME, COLUMN_TYPE, REPORT_COLUMN_NAME, PRODUCT_FIELD, FIELD_TYPE, ENTITY_LOOKUP, ENTITY_LOOKUP_KEY, ORDER_BY, GENERATOR, REFER_TABLE, KEY_COLUMN, LOOKUP_COLUMN, MANDATORY, MIN_LENGTH, MAX_LENGTH, MIN_VALUE, MAX_VALUE, CONSTANT_VALUE, UNIQUE_KEY, CREATE_USER, CREATED_ON, LINE_NO, MANAGED, FIELD_PATH, DATA_TYPE, DATA1, DATA2, TRANSITIVE_FIELDS, FORMULA, ENTITY_LOOKUP_TYPE)
VALUES ('3425dbfb8f3047278cb78c98a2a00d63', 0, '86d92d82d4084d3ea28a37dfb1664d06', 'custMemoText6', 'CUST_MEMO_TEXT6', 'NVARCHAR2(1000)', 'CUSTOM_FIELD_MEMO_TEXT6', 0, 'string-l', '', '', '', '', '', '', '', 0, NULL, 1000, NULL, NULL, '', '', 'system', systimestamp, '51', 0, 'entity.custMarket.custMemoText6', '', '', '', '', '', '');
INSERT INTO CNT_FIELD_DEFINITION
 (ID, REVISION, PARENT_ID, FIELD_ID, COLUMN_NAME, COLUMN_TYPE, REPORT_COLUMN_NAME, PRODUCT_FIELD, FIELD_TYPE, ENTITY_LOOKUP, ENTITY_LOOKUP_KEY, ORDER_BY, GENERATOR, REFER_TABLE, KEY_COLUMN, LOOKUP_COLUMN, MANDATORY, MIN_LENGTH, MAX_LENGTH, MIN_VALUE, MAX_VALUE, CONSTANT_VALUE, UNIQUE_KEY, CREATE_USER, CREATED_ON, LINE_NO, MANAGED, FIELD_PATH, DATA_TYPE, DATA1, DATA2, TRANSITIVE_FIELDS, FORMULA, ENTITY_LOOKUP_TYPE)
VALUES ('16342bc521a34ee5b91e23a378ac5d75', 0, '86d92d82d4084d3ea28a37dfb1664d06', 'custMemoText7', 'CUST_MEMO_TEXT7', 'NVARCHAR2(1000)', 'CUSTOM_FIELD_MEMO_TEXT7', 0, 'string-l', '', '', '', '', '', '', '', 0, NULL, 1000, NULL, NULL, '', '', 'system', systimestamp, '52', 0, 'entity.custMarket.custMemoText7', '', '', '', '', '', '');
INSERT INTO CNT_FIELD_DEFINITION
 (ID, REVISION, PARENT_ID, FIELD_ID, COLUMN_NAME, COLUMN_TYPE, REPORT_COLUMN_NAME, PRODUCT_FIELD, FIELD_TYPE, ENTITY_LOOKUP, ENTITY_LOOKUP_KEY, ORDER_BY, GENERATOR, REFER_TABLE, KEY_COLUMN, LOOKUP_COLUMN, MANDATORY, MIN_LENGTH, MAX_LENGTH, MIN_VALUE, MAX_VALUE, CONSTANT_VALUE, UNIQUE_KEY, CREATE_USER, CREATED_ON, LINE_NO, MANAGED, FIELD_PATH, DATA_TYPE, DATA1, DATA2, TRANSITIVE_FIELDS, FORMULA, ENTITY_LOOKUP_TYPE)
VALUES ('4d9a564faf5f4c24bbbf71336cb02614', 0, '86d92d82d4084d3ea28a37dfb1664d06', 'custHcl1', 'CUST_HCL1_ID', 'CHAR(32)', 'CUSTOM_FIELD_HCL_CODE_SYS_ID1', 0, 'entity', 'HclNode', 'id', '', '', '', '', '', 0, 32, 32, NULL, NULL, '', '', 'system', systimestamp, '53', 0, 'entity.custMarket.custHcl1', '', '', '', '', '', '');
INSERT INTO CNT_FIELD_DEFINITION
 (ID, REVISION, PARENT_ID, FIELD_ID, COLUMN_NAME, COLUMN_TYPE, REPORT_COLUMN_NAME, PRODUCT_FIELD, FIELD_TYPE, ENTITY_LOOKUP, ENTITY_LOOKUP_KEY, ORDER_BY, GENERATOR, REFER_TABLE, KEY_COLUMN, LOOKUP_COLUMN, MANDATORY, MIN_LENGTH, MAX_LENGTH, MIN_VALUE, MAX_VALUE, CONSTANT_VALUE, UNIQUE_KEY, CREATE_USER, CREATED_ON, LINE_NO, MANAGED, FIELD_PATH, DATA_TYPE, DATA1, DATA2, TRANSITIVE_FIELDS, FORMULA, ENTITY_LOOKUP_TYPE)
VALUES ('364d1d69772d4b9bb23bbafe17cce535', 0, '86d92d82d4084d3ea28a37dfb1664d06', 'custHcl2', 'CUST_HCL2_ID', 'CHAR(32)', 'CUSTOM_FIELD_HCL_CODE_SYS_ID2', 0, 'entity', 'HclNode', 'id', '', '', '', '', '', 0, 32, 32, NULL, NULL, '', '', 'system', systimestamp, '54', 0, 'entity.custMarket.custHcl2', '', '', '', '', '', '');
INSERT INTO CNT_FIELD_DEFINITION
 (ID, REVISION, PARENT_ID, FIELD_ID, COLUMN_NAME, COLUMN_TYPE, REPORT_COLUMN_NAME, PRODUCT_FIELD, FIELD_TYPE, ENTITY_LOOKUP, ENTITY_LOOKUP_KEY, ORDER_BY, GENERATOR, REFER_TABLE, KEY_COLUMN, LOOKUP_COLUMN, MANDATORY, MIN_LENGTH, MAX_LENGTH, MIN_VALUE, MAX_VALUE, CONSTANT_VALUE, UNIQUE_KEY, CREATE_USER, CREATED_ON, LINE_NO, MANAGED, FIELD_PATH, DATA_TYPE, DATA1, DATA2, TRANSITIVE_FIELDS, FORMULA, ENTITY_LOOKUP_TYPE)
VALUES ('76e2449c4c4342fca18463d5ece38be3', 0, '86d92d82d4084d3ea28a37dfb1664d06', 'custHcl3', 'CUST_HCL3_ID', 'CHAR(32)', 'CUSTOM_FIELD_HCL_CODE_SYS_ID3', 0, 'entity', 'HclNode', 'id', '', '', '', '', '', 0, 32, 32, NULL, NULL, '', '', 'system', systimestamp, '55', 0, 'entity.custMarket.custHcl3', '', '', '', '', '', '');
INSERT INTO CNT_FIELD_DEFINITION
 (ID, REVISION, PARENT_ID, FIELD_ID, COLUMN_NAME, COLUMN_TYPE, REPORT_COLUMN_NAME, PRODUCT_FIELD, FIELD_TYPE, ENTITY_LOOKUP, ENTITY_LOOKUP_KEY, ORDER_BY, GENERATOR, REFER_TABLE, KEY_COLUMN, LOOKUP_COLUMN, MANDATORY, MIN_LENGTH, MAX_LENGTH, MIN_VALUE, MAX_VALUE, CONSTANT_VALUE, UNIQUE_KEY, CREATE_USER, CREATED_ON, LINE_NO, MANAGED, FIELD_PATH, DATA_TYPE, DATA1, DATA2, TRANSITIVE_FIELDS, FORMULA, ENTITY_LOOKUP_TYPE)
VALUES ('11cc4a8486784d2c9443e6c28787ba34', 0, '86d92d82d4084d3ea28a37dfb1664d06', 'custHcl4', 'CUST_HCL4_ID', 'CHAR(32)', 'CUSTOM_FIELD_HCL_CODE_SYS_ID4', 0, 'entity', 'HclNode', 'id', '', '', '', '', '', 0, 32, 32, NULL, NULL, '', '', 'system', systimestamp, '56', 0, 'entity.custMarket.custHcl4', '', '', '', '', '', '');
INSERT INTO CNT_FIELD_DEFINITION
 (ID, REVISION, PARENT_ID, FIELD_ID, COLUMN_NAME, COLUMN_TYPE, REPORT_COLUMN_NAME, PRODUCT_FIELD, FIELD_TYPE, ENTITY_LOOKUP, ENTITY_LOOKUP_KEY, ORDER_BY, GENERATOR, REFER_TABLE, KEY_COLUMN, LOOKUP_COLUMN, MANDATORY, MIN_LENGTH, MAX_LENGTH, MIN_VALUE, MAX_VALUE, CONSTANT_VALUE, UNIQUE_KEY, CREATE_USER, CREATED_ON, LINE_NO, MANAGED, FIELD_PATH, DATA_TYPE, DATA1, DATA2, TRANSITIVE_FIELDS, FORMULA, ENTITY_LOOKUP_TYPE)
VALUES ('f9589705a824458a84cc95c5836156c2', 0, '86d92d82d4084d3ea28a37dfb1664d06', 'custHcl5', 'CUST_HCL5_ID', 'CHAR(32)', 'CUSTOM_FIELD_HCL_CODE_SYS_ID5', 0, 'entity', 'HclNode', 'id', '', '', '', '', '', 0, 32, 32, NULL, NULL, '', '', 'system', systimestamp, '57', 0, 'entity.custMarket.custHcl5', '', '', '', '', '', '');
INSERT INTO CNT_FIELD_DEFINITION
 (ID, REVISION, PARENT_ID, FIELD_ID, COLUMN_NAME, COLUMN_TYPE, REPORT_COLUMN_NAME, PRODUCT_FIELD, FIELD_TYPE, ENTITY_LOOKUP, ENTITY_LOOKUP_KEY, ORDER_BY, GENERATOR, REFER_TABLE, KEY_COLUMN, LOOKUP_COLUMN, MANDATORY, MIN_LENGTH, MAX_LENGTH, MIN_VALUE, MAX_VALUE, CONSTANT_VALUE, UNIQUE_KEY, CREATE_USER, CREATED_ON, LINE_NO, MANAGED, FIELD_PATH, DATA_TYPE, DATA1, DATA2, TRANSITIVE_FIELDS, FORMULA, ENTITY_LOOKUP_TYPE)
VALUES ('4e19c9f1c3a84c8289ac8da84d803d70', 0, '86d92d82d4084d3ea28a37dfb1664d06', 'marketName', 'MARKET_NAME', 'NVARCHAR2(400)', 'N/A', 1, 'string-m', '', '', '', '', '', '', '', 0, NULL, 400, NULL, NULL, '', '', 'system', systimestamp, '58', 0, 'entity.custMarket.marketName', '', '', '', '', '', '');
INSERT INTO CNT_FIELD_DEFINITION
 (ID, REVISION, PARENT_ID, FIELD_ID, COLUMN_NAME, COLUMN_TYPE, REPORT_COLUMN_NAME, PRODUCT_FIELD, FIELD_TYPE, ENTITY_LOOKUP, ENTITY_LOOKUP_KEY, ORDER_BY, GENERATOR, REFER_TABLE, KEY_COLUMN, LOOKUP_COLUMN, MANDATORY, MIN_LENGTH, MAX_LENGTH, MIN_VALUE, MAX_VALUE, CONSTANT_VALUE, UNIQUE_KEY, CREATE_USER, CREATED_ON, LINE_NO, MANAGED, FIELD_PATH, DATA_TYPE, DATA1, DATA2, TRANSITIVE_FIELDS, FORMULA, ENTITY_LOOKUP_TYPE)
VALUES ('687af456faa1423eb2d91de7b6233fcc', 0, '86d92d82d4084d3ea28a37dfb1664d06', 'channelName', 'CHANNEL_NAME', 'NVARCHAR2(400)', 'N/A', 1, 'string-m', '', '', '', '', '', '', '', 0, NULL, 400, NULL, NULL, '', '', 'system', systimestamp, '59', 0, 'entity.custMarket.channelName', '', '', '', '', '', '');
INSERT INTO CNT_FIELD_DEFINITION
 (ID, REVISION, PARENT_ID, FIELD_ID, COLUMN_NAME, COLUMN_TYPE, REPORT_COLUMN_NAME, PRODUCT_FIELD, FIELD_TYPE, ENTITY_LOOKUP, ENTITY_LOOKUP_KEY, ORDER_BY, GENERATOR, REFER_TABLE, KEY_COLUMN, LOOKUP_COLUMN, MANDATORY, MIN_LENGTH, MAX_LENGTH, MIN_VALUE, MAX_VALUE, CONSTANT_VALUE, UNIQUE_KEY, CREATE_USER, CREATED_ON, LINE_NO, MANAGED, FIELD_PATH, DATA_TYPE, DATA1, DATA2, TRANSITIVE_FIELDS, FORMULA, ENTITY_LOOKUP_TYPE)
VALUES ('c657cd596c75449392dc2414bfee87e5', 0, '86d92d82d4084d3ea28a37dfb1664d06', 'custCodelist1Name', 'CUST_CODELIST1_NAME', 'NVARCHAR2(400)', 'N/A', 0, 'string-m', '', '', '', '', '', '', '', 0, NULL, 400, NULL, NULL, '', '', 'system', systimestamp, '60', 0, 'entity.custMarket.custCodelist1Name', '', '', '', '', '', '');
INSERT INTO CNT_FIELD_DEFINITION
 (ID, REVISION, PARENT_ID, FIELD_ID, COLUMN_NAME, COLUMN_TYPE, REPORT_COLUMN_NAME, PRODUCT_FIELD, FIELD_TYPE, ENTITY_LOOKUP, ENTITY_LOOKUP_KEY, ORDER_BY, GENERATOR, REFER_TABLE, KEY_COLUMN, LOOKUP_COLUMN, MANDATORY, MIN_LENGTH, MAX_LENGTH, MIN_VALUE, MAX_VALUE, CONSTANT_VALUE, UNIQUE_KEY, CREATE_USER, CREATED_ON, LINE_NO, MANAGED, FIELD_PATH, DATA_TYPE, DATA1, DATA2, TRANSITIVE_FIELDS, FORMULA, ENTITY_LOOKUP_TYPE)
VALUES ('755ccb664270487996d66f13a9c72074', 0, '86d92d82d4084d3ea28a37dfb1664d06', 'custCodelist2Name', 'CUST_CODELIST2_NAME', 'NVARCHAR2(400)', 'N/A', 0, 'string-m', '', '', '', '', '', '', '', 0, NULL, 400, NULL, NULL, '', '', 'system', systimestamp, '61', 0, 'entity.custMarket.custCodelist2Name', '', '', '', '', '', '');
INSERT INTO CNT_FIELD_DEFINITION
 (ID, REVISION, PARENT_ID, FIELD_ID, COLUMN_NAME, COLUMN_TYPE, REPORT_COLUMN_NAME, PRODUCT_FIELD, FIELD_TYPE, ENTITY_LOOKUP, ENTITY_LOOKUP_KEY, ORDER_BY, GENERATOR, REFER_TABLE, KEY_COLUMN, LOOKUP_COLUMN, MANDATORY, MIN_LENGTH, MAX_LENGTH, MIN_VALUE, MAX_VALUE, CONSTANT_VALUE, UNIQUE_KEY, CREATE_USER, CREATED_ON, LINE_NO, MANAGED, FIELD_PATH, DATA_TYPE, DATA1, DATA2, TRANSITIVE_FIELDS, FORMULA, ENTITY_LOOKUP_TYPE)
VALUES ('044a082d9414474ca154c861dabd6ba1', 0, '86d92d82d4084d3ea28a37dfb1664d06', 'custCodelist3Name', 'CUST_CODELIST3_NAME', 'NVARCHAR2(400)', 'N/A', 0, 'string-m', '', '', '', '', '', '', '', 0, NULL, 400, NULL, NULL, '', '', 'system', systimestamp, '62', 0, 'entity.custMarket.custCodelist3Name', '', '', '', '', '', '');
INSERT INTO CNT_FIELD_DEFINITION
 (ID, REVISION, PARENT_ID, FIELD_ID, COLUMN_NAME, COLUMN_TYPE, REPORT_COLUMN_NAME, PRODUCT_FIELD, FIELD_TYPE, ENTITY_LOOKUP, ENTITY_LOOKUP_KEY, ORDER_BY, GENERATOR, REFER_TABLE, KEY_COLUMN, LOOKUP_COLUMN, MANDATORY, MIN_LENGTH, MAX_LENGTH, MIN_VALUE, MAX_VALUE, CONSTANT_VALUE, UNIQUE_KEY, CREATE_USER, CREATED_ON, LINE_NO, MANAGED, FIELD_PATH, DATA_TYPE, DATA1, DATA2, TRANSITIVE_FIELDS, FORMULA, ENTITY_LOOKUP_TYPE)
VALUES ('9a3b920f1aff4a5890bd26d9ab7b3d76', 0, '86d92d82d4084d3ea28a37dfb1664d06', 'custCodelist4Name', 'CUST_CODELIST4_NAME', 'NVARCHAR2(400)', 'N/A', 0, 'string-m', '', '', '', '', '', '', '', 0, NULL, 400, NULL, NULL, '', '', 'system', systimestamp, '63', 0, 'entity.custMarket.custCodelist4Name', '', '', '', '', '', '');
INSERT INTO CNT_FIELD_DEFINITION
 (ID, REVISION, PARENT_ID, FIELD_ID, COLUMN_NAME, COLUMN_TYPE, REPORT_COLUMN_NAME, PRODUCT_FIELD, FIELD_TYPE, ENTITY_LOOKUP, ENTITY_LOOKUP_KEY, ORDER_BY, GENERATOR, REFER_TABLE, KEY_COLUMN, LOOKUP_COLUMN, MANDATORY, MIN_LENGTH, MAX_LENGTH, MIN_VALUE, MAX_VALUE, CONSTANT_VALUE, UNIQUE_KEY, CREATE_USER, CREATED_ON, LINE_NO, MANAGED, FIELD_PATH, DATA_TYPE, DATA1, DATA2, TRANSITIVE_FIELDS, FORMULA, ENTITY_LOOKUP_TYPE)
VALUES ('679dc5baa7da4819983989f8e2e4594b', 0, '86d92d82d4084d3ea28a37dfb1664d06', 'custCodelist5Name', 'CUST_CODELIST5_NAME', 'NVARCHAR2(400)', 'N/A', 0, 'string-m', '', '', '', '', '', '', '', 0, NULL, 400, NULL, NULL, '', '', 'system', systimestamp, '64', 0, 'entity.custMarket.custCodelist5Name', '', '', '', '', '', '');
INSERT INTO CNT_FIELD_DEFINITION
 (ID, REVISION, PARENT_ID, FIELD_ID, COLUMN_NAME, COLUMN_TYPE, REPORT_COLUMN_NAME, PRODUCT_FIELD, FIELD_TYPE, ENTITY_LOOKUP, ENTITY_LOOKUP_KEY, ORDER_BY, GENERATOR, REFER_TABLE, KEY_COLUMN, LOOKUP_COLUMN, MANDATORY, MIN_LENGTH, MAX_LENGTH, MIN_VALUE, MAX_VALUE, CONSTANT_VALUE, UNIQUE_KEY, CREATE_USER, CREATED_ON, LINE_NO, MANAGED, FIELD_PATH, DATA_TYPE, DATA1, DATA2, TRANSITIVE_FIELDS, FORMULA, ENTITY_LOOKUP_TYPE)
VALUES ('376d1e36f75c4f34b88cd0dfe2497e45', 0, '86d92d82d4084d3ea28a37dfb1664d06', 'custCodelist6Name', 'CUST_CODELIST6_NAME', 'NVARCHAR2(400)', 'N/A', 0, 'string-m', '', '', '', '', '', '', '', 0, NULL, 400, NULL, NULL, '', '', 'system', systimestamp, '65', 0, 'entity.custMarket.custCodelist6Name', '', '', '', '', '', '');
INSERT INTO CNT_FIELD_DEFINITION
 (ID, REVISION, PARENT_ID, FIELD_ID, COLUMN_NAME, COLUMN_TYPE, REPORT_COLUMN_NAME, PRODUCT_FIELD, FIELD_TYPE, ENTITY_LOOKUP, ENTITY_LOOKUP_KEY, ORDER_BY, GENERATOR, REFER_TABLE, KEY_COLUMN, LOOKUP_COLUMN, MANDATORY, MIN_LENGTH, MAX_LENGTH, MIN_VALUE, MAX_VALUE, CONSTANT_VALUE, UNIQUE_KEY, CREATE_USER, CREATED_ON, LINE_NO, MANAGED, FIELD_PATH, DATA_TYPE, DATA1, DATA2, TRANSITIVE_FIELDS, FORMULA, ENTITY_LOOKUP_TYPE)
VALUES ('613498737ae8470783de484396625ce2', 0, '86d92d82d4084d3ea28a37dfb1664d06', 'custCodelist7Name', 'CUST_CODELIST7_NAME', 'NVARCHAR2(400)', 'N/A', 0, 'string-m', '', '', '', '', '', '', '', 0, NULL, 400, NULL, NULL, '', '', 'system', systimestamp, '66', 0, 'entity.custMarket.custCodelist7Name', '', '', '', '', '', '');
INSERT INTO CNT_FIELD_DEFINITION
 (ID, REVISION, PARENT_ID, FIELD_ID, COLUMN_NAME, COLUMN_TYPE, REPORT_COLUMN_NAME, PRODUCT_FIELD, FIELD_TYPE, ENTITY_LOOKUP, ENTITY_LOOKUP_KEY, ORDER_BY, GENERATOR, REFER_TABLE, KEY_COLUMN, LOOKUP_COLUMN, MANDATORY, MIN_LENGTH, MAX_LENGTH, MIN_VALUE, MAX_VALUE, CONSTANT_VALUE, UNIQUE_KEY, CREATE_USER, CREATED_ON, LINE_NO, MANAGED, FIELD_PATH, DATA_TYPE, DATA1, DATA2, TRANSITIVE_FIELDS, FORMULA, ENTITY_LOOKUP_TYPE)
VALUES ('f2af01b292a24c01b81992fbbbba5270', 0, '86d92d82d4084d3ea28a37dfb1664d06', 'custHcl1Ref', 'CUST_HCL1_REF', 'NVARCHAR2(1000)', 'N/A', 0, 'string-l', '', '', '', '', '', '', '', 0, NULL, 1000, NULL, NULL, '', '', 'system', systimestamp, '67', 0, 'entity.custMarket.custHcl1Ref', '', '', '', '', '', '');
INSERT INTO CNT_FIELD_DEFINITION
 (ID, REVISION, PARENT_ID, FIELD_ID, COLUMN_NAME, COLUMN_TYPE, REPORT_COLUMN_NAME, PRODUCT_FIELD, FIELD_TYPE, ENTITY_LOOKUP, ENTITY_LOOKUP_KEY, ORDER_BY, GENERATOR, REFER_TABLE, KEY_COLUMN, LOOKUP_COLUMN, MANDATORY, MIN_LENGTH, MAX_LENGTH, MIN_VALUE, MAX_VALUE, CONSTANT_VALUE, UNIQUE_KEY, CREATE_USER, CREATED_ON, LINE_NO, MANAGED, FIELD_PATH, DATA_TYPE, DATA1, DATA2, TRANSITIVE_FIELDS, FORMULA, ENTITY_LOOKUP_TYPE)
VALUES ('594005bb39194e12b2bf6b1488a8b324', 0, '86d92d82d4084d3ea28a37dfb1664d06', 'custHcl1Ver', 'CUST_HCL1_VER', 'NUMBER(20, 0)', 'N/A', 0, 'integer', '', '', '', '', '', '', '', 0, NULL, 18, NULL, NULL, '', '', 'system', systimestamp, '68', 0, 'entity.custMarket.custHcl1Ver', '', '', '', '', '', '');
INSERT INTO CNT_FIELD_DEFINITION
 (ID, REVISION, PARENT_ID, FIELD_ID, COLUMN_NAME, COLUMN_TYPE, REPORT_COLUMN_NAME, PRODUCT_FIELD, FIELD_TYPE, ENTITY_LOOKUP, ENTITY_LOOKUP_KEY, ORDER_BY, GENERATOR, REFER_TABLE, KEY_COLUMN, LOOKUP_COLUMN, MANDATORY, MIN_LENGTH, MAX_LENGTH, MIN_VALUE, MAX_VALUE, CONSTANT_VALUE, UNIQUE_KEY, CREATE_USER, CREATED_ON, LINE_NO, MANAGED, FIELD_PATH, DATA_TYPE, DATA1, DATA2, TRANSITIVE_FIELDS, FORMULA, ENTITY_LOOKUP_TYPE)
VALUES ('1912824af7f343698972a47a98c664b4', 0, '86d92d82d4084d3ea28a37dfb1664d06', 'custHcl1Ref2', 'CUST_HCL1_REF2', 'NVARCHAR2(1000)', 'N/A', 0, 'string-l', '', '', '', '', '', '', '', 0, NULL, 1000, NULL, NULL, '', '', 'system', systimestamp, '69', 0, 'entity.custMarket.custHcl1Ref2', '', '', '', '', '', '');
INSERT INTO CNT_FIELD_DEFINITION
 (ID, REVISION, PARENT_ID, FIELD_ID, COLUMN_NAME, COLUMN_TYPE, REPORT_COLUMN_NAME, PRODUCT_FIELD, FIELD_TYPE, ENTITY_LOOKUP, ENTITY_LOOKUP_KEY, ORDER_BY, GENERATOR, REFER_TABLE, KEY_COLUMN, LOOKUP_COLUMN, MANDATORY, MIN_LENGTH, MAX_LENGTH, MIN_VALUE, MAX_VALUE, CONSTANT_VALUE, UNIQUE_KEY, CREATE_USER, CREATED_ON, LINE_NO, MANAGED, FIELD_PATH, DATA_TYPE, DATA1, DATA2, TRANSITIVE_FIELDS, FORMULA, ENTITY_LOOKUP_TYPE)
VALUES ('7846617cf0bd49a79946d806349a2887', 0, '86d92d82d4084d3ea28a37dfb1664d06', 'custHcl1FullLineage', 'CUST_HCL1_FULL_LINEAGE', 'NVARCHAR2(1000)', 'N/A', 0, 'string-l', '', '', '', '', '', '', '', 0, NULL, 1000, NULL, NULL, '', '', 'system', systimestamp, '70', 0, 'entity.custMarket.custHcl1FullLineage', '', '', '', '', '', '');
INSERT INTO CNT_FIELD_DEFINITION
 (ID, REVISION, PARENT_ID, FIELD_ID, COLUMN_NAME, COLUMN_TYPE, REPORT_COLUMN_NAME, PRODUCT_FIELD, FIELD_TYPE, ENTITY_LOOKUP, ENTITY_LOOKUP_KEY, ORDER_BY, GENERATOR, REFER_TABLE, KEY_COLUMN, LOOKUP_COLUMN, MANDATORY, MIN_LENGTH, MAX_LENGTH, MIN_VALUE, MAX_VALUE, CONSTANT_VALUE, UNIQUE_KEY, CREATE_USER, CREATED_ON, LINE_NO, MANAGED, FIELD_PATH, DATA_TYPE, DATA1, DATA2, TRANSITIVE_FIELDS, FORMULA, ENTITY_LOOKUP_TYPE)
VALUES ('21c03dfd8ee24f83bbc0cd1c569f1ec2', 0, '86d92d82d4084d3ea28a37dfb1664d06', 'custHcl2Ref', 'CUST_HCL2_REF', 'NVARCHAR2(1000)', 'N/A', 0, 'string-l', '', '', '', '', '', '', '', 0, NULL, 1000, NULL, NULL, '', '', 'system', systimestamp, '71', 0, 'entity.custMarket.custHcl2Ref', '', '', '', '', '', '');
INSERT INTO CNT_FIELD_DEFINITION
 (ID, REVISION, PARENT_ID, FIELD_ID, COLUMN_NAME, COLUMN_TYPE, REPORT_COLUMN_NAME, PRODUCT_FIELD, FIELD_TYPE, ENTITY_LOOKUP, ENTITY_LOOKUP_KEY, ORDER_BY, GENERATOR, REFER_TABLE, KEY_COLUMN, LOOKUP_COLUMN, MANDATORY, MIN_LENGTH, MAX_LENGTH, MIN_VALUE, MAX_VALUE, CONSTANT_VALUE, UNIQUE_KEY, CREATE_USER, CREATED_ON, LINE_NO, MANAGED, FIELD_PATH, DATA_TYPE, DATA1, DATA2, TRANSITIVE_FIELDS, FORMULA, ENTITY_LOOKUP_TYPE)
VALUES ('25971a5f91ce453cb8fc7c42d7743b12', 0, '86d92d82d4084d3ea28a37dfb1664d06', 'custHcl2Ver', 'CUST_HCL2_VER', 'NUMBER(20, 0)', 'N/A', 0, 'integer', '', '', '', '', '', '', '', 0, NULL, 18, NULL, NULL, '', '', 'system', systimestamp, '72', 0, 'entity.custMarket.custHcl2Ver', '', '', '', '', '', '');
INSERT INTO CNT_FIELD_DEFINITION
 (ID, REVISION, PARENT_ID, FIELD_ID, COLUMN_NAME, COLUMN_TYPE, REPORT_COLUMN_NAME, PRODUCT_FIELD, FIELD_TYPE, ENTITY_LOOKUP, ENTITY_LOOKUP_KEY, ORDER_BY, GENERATOR, REFER_TABLE, KEY_COLUMN, LOOKUP_COLUMN, MANDATORY, MIN_LENGTH, MAX_LENGTH, MIN_VALUE, MAX_VALUE, CONSTANT_VALUE, UNIQUE_KEY, CREATE_USER, CREATED_ON, LINE_NO, MANAGED, FIELD_PATH, DATA_TYPE, DATA1, DATA2, TRANSITIVE_FIELDS, FORMULA, ENTITY_LOOKUP_TYPE)
VALUES ('5c9be4fff5c04b3cb644f7f86050223d', 0, '86d92d82d4084d3ea28a37dfb1664d06', 'custHcl2Ref2', 'CUST_HCL2_REF2', 'NVARCHAR2(1000)', 'N/A', 0, 'string-l', '', '', '', '', '', '', '', 0, NULL, 1000, NULL, NULL, '', '', 'system', systimestamp, '73', 0, 'entity.custMarket.custHcl2Ref2', '', '', '', '', '', '');
INSERT INTO CNT_FIELD_DEFINITION
 (ID, REVISION, PARENT_ID, FIELD_ID, COLUMN_NAME, COLUMN_TYPE, REPORT_COLUMN_NAME, PRODUCT_FIELD, FIELD_TYPE, ENTITY_LOOKUP, ENTITY_LOOKUP_KEY, ORDER_BY, GENERATOR, REFER_TABLE, KEY_COLUMN, LOOKUP_COLUMN, MANDATORY, MIN_LENGTH, MAX_LENGTH, MIN_VALUE, MAX_VALUE, CONSTANT_VALUE, UNIQUE_KEY, CREATE_USER, CREATED_ON, LINE_NO, MANAGED, FIELD_PATH, DATA_TYPE, DATA1, DATA2, TRANSITIVE_FIELDS, FORMULA, ENTITY_LOOKUP_TYPE)
VALUES ('ad2cb78ce48a49cab34d7c95ef251291', 0, '86d92d82d4084d3ea28a37dfb1664d06', 'custHcl2FullLineage', 'CUST_HCL2_FULL_LINEAGE', 'NVARCHAR2(1000)', 'N/A', 0, 'string-l', '', '', '', '', '', '', '', 0, NULL, 1000, NULL, NULL, '', '', 'system', systimestamp, '74', 0, 'entity.custMarket.custHcl2FullLineage', '', '', '', '', '', '');
INSERT INTO CNT_FIELD_DEFINITION
 (ID, REVISION, PARENT_ID, FIELD_ID, COLUMN_NAME, COLUMN_TYPE, REPORT_COLUMN_NAME, PRODUCT_FIELD, FIELD_TYPE, ENTITY_LOOKUP, ENTITY_LOOKUP_KEY, ORDER_BY, GENERATOR, REFER_TABLE, KEY_COLUMN, LOOKUP_COLUMN, MANDATORY, MIN_LENGTH, MAX_LENGTH, MIN_VALUE, MAX_VALUE, CONSTANT_VALUE, UNIQUE_KEY, CREATE_USER, CREATED_ON, LINE_NO, MANAGED, FIELD_PATH, DATA_TYPE, DATA1, DATA2, TRANSITIVE_FIELDS, FORMULA, ENTITY_LOOKUP_TYPE)
VALUES ('f1d750b7bf964cceab577ee1def6c3fd', 0, '86d92d82d4084d3ea28a37dfb1664d06', 'custHcl3Ref', 'CUST_HCL3_REF', 'NVARCHAR2(1000)', 'N/A', 0, 'string-l', '', '', '', '', '', '', '', 0, NULL, 1000, NULL, NULL, '', '', 'system', systimestamp, '75', 0, 'entity.custMarket.custHcl3Ref', '', '', '', '', '', '');
INSERT INTO CNT_FIELD_DEFINITION
 (ID, REVISION, PARENT_ID, FIELD_ID, COLUMN_NAME, COLUMN_TYPE, REPORT_COLUMN_NAME, PRODUCT_FIELD, FIELD_TYPE, ENTITY_LOOKUP, ENTITY_LOOKUP_KEY, ORDER_BY, GENERATOR, REFER_TABLE, KEY_COLUMN, LOOKUP_COLUMN, MANDATORY, MIN_LENGTH, MAX_LENGTH, MIN_VALUE, MAX_VALUE, CONSTANT_VALUE, UNIQUE_KEY, CREATE_USER, CREATED_ON, LINE_NO, MANAGED, FIELD_PATH, DATA_TYPE, DATA1, DATA2, TRANSITIVE_FIELDS, FORMULA, ENTITY_LOOKUP_TYPE)
VALUES ('7e393ed55b2b42ce9cf85140398df353', 0, '86d92d82d4084d3ea28a37dfb1664d06', 'custHcl3Ver', 'CUST_HCL3_VER', 'NUMBER(20, 0)', 'N/A', 0, 'integer', '', '', '', '', '', '', '', 0, NULL, 18, NULL, NULL, '', '', 'system', systimestamp, '76', 0, 'entity.custMarket.custHcl3Ver', '', '', '', '', '', '');
INSERT INTO CNT_FIELD_DEFINITION
 (ID, REVISION, PARENT_ID, FIELD_ID, COLUMN_NAME, COLUMN_TYPE, REPORT_COLUMN_NAME, PRODUCT_FIELD, FIELD_TYPE, ENTITY_LOOKUP, ENTITY_LOOKUP_KEY, ORDER_BY, GENERATOR, REFER_TABLE, KEY_COLUMN, LOOKUP_COLUMN, MANDATORY, MIN_LENGTH, MAX_LENGTH, MIN_VALUE, MAX_VALUE, CONSTANT_VALUE, UNIQUE_KEY, CREATE_USER, CREATED_ON, LINE_NO, MANAGED, FIELD_PATH, DATA_TYPE, DATA1, DATA2, TRANSITIVE_FIELDS, FORMULA, ENTITY_LOOKUP_TYPE)
VALUES ('262905fb156a44f5aabbf5d9109cd176', 0, '86d92d82d4084d3ea28a37dfb1664d06', 'custHcl3Ref2', 'CUST_HCL3_REF2', 'NVARCHAR2(1000)', 'N/A', 0, 'string-l', '', '', '', '', '', '', '', 0, NULL, 1000, NULL, NULL, '', '', 'system', systimestamp, '77', 0, 'entity.custMarket.custHcl3Ref2', '', '', '', '', '', '');
INSERT INTO CNT_FIELD_DEFINITION
 (ID, REVISION, PARENT_ID, FIELD_ID, COLUMN_NAME, COLUMN_TYPE, REPORT_COLUMN_NAME, PRODUCT_FIELD, FIELD_TYPE, ENTITY_LOOKUP, ENTITY_LOOKUP_KEY, ORDER_BY, GENERATOR, REFER_TABLE, KEY_COLUMN, LOOKUP_COLUMN, MANDATORY, MIN_LENGTH, MAX_LENGTH, MIN_VALUE, MAX_VALUE, CONSTANT_VALUE, UNIQUE_KEY, CREATE_USER, CREATED_ON, LINE_NO, MANAGED, FIELD_PATH, DATA_TYPE, DATA1, DATA2, TRANSITIVE_FIELDS, FORMULA, ENTITY_LOOKUP_TYPE)
VALUES ('5abd4d8e203c44ec8e51fe748a998730', 0, '86d92d82d4084d3ea28a37dfb1664d06', 'custHcl3FullLineage', 'CUST_HCL3_FULL_LINEAGE', 'NVARCHAR2(1000)', 'N/A', 0, 'string-l', '', '', '', '', '', '', '', 0, NULL, 1000, NULL, NULL, '', '', 'system', systimestamp, '78', 0, 'entity.custMarket.custHcl3FullLineage', '', '', '', '', '', '');
INSERT INTO CNT_FIELD_DEFINITION
 (ID, REVISION, PARENT_ID, FIELD_ID, COLUMN_NAME, COLUMN_TYPE, REPORT_COLUMN_NAME, PRODUCT_FIELD, FIELD_TYPE, ENTITY_LOOKUP, ENTITY_LOOKUP_KEY, ORDER_BY, GENERATOR, REFER_TABLE, KEY_COLUMN, LOOKUP_COLUMN, MANDATORY, MIN_LENGTH, MAX_LENGTH, MIN_VALUE, MAX_VALUE, CONSTANT_VALUE, UNIQUE_KEY, CREATE_USER, CREATED_ON, LINE_NO, MANAGED, FIELD_PATH, DATA_TYPE, DATA1, DATA2, TRANSITIVE_FIELDS, FORMULA, ENTITY_LOOKUP_TYPE)
VALUES ('bb74865d03f441d0bdc364f5c419ec69', 0, '86d92d82d4084d3ea28a37dfb1664d06', 'custHcl4Ref', 'CUST_HCL4_REF', 'NVARCHAR2(1000)', 'N/A', 0, 'string-l', '', '', '', '', '', '', '', 0, NULL, 1000, NULL, NULL, '', '', 'system', systimestamp, '79', 0, 'entity.custMarket.custHcl4Ref', '', '', '', '', '', '');
INSERT INTO CNT_FIELD_DEFINITION
 (ID, REVISION, PARENT_ID, FIELD_ID, COLUMN_NAME, COLUMN_TYPE, REPORT_COLUMN_NAME, PRODUCT_FIELD, FIELD_TYPE, ENTITY_LOOKUP, ENTITY_LOOKUP_KEY, ORDER_BY, GENERATOR, REFER_TABLE, KEY_COLUMN, LOOKUP_COLUMN, MANDATORY, MIN_LENGTH, MAX_LENGTH, MIN_VALUE, MAX_VALUE, CONSTANT_VALUE, UNIQUE_KEY, CREATE_USER, CREATED_ON, LINE_NO, MANAGED, FIELD_PATH, DATA_TYPE, DATA1, DATA2, TRANSITIVE_FIELDS, FORMULA, ENTITY_LOOKUP_TYPE)
VALUES ('0b5e8caa79e04f08a7ff3e3416bc580c', 0, '86d92d82d4084d3ea28a37dfb1664d06', 'custHcl4Ver', 'CUST_HCL4_VER', 'NUMBER(20, 0)', 'N/A', 0, 'integer', '', '', '', '', '', '', '', 0, NULL, 18, NULL, NULL, '', '', 'system', systimestamp, '80', 0, 'entity.custMarket.custHcl4Ver', '', '', '', '', '', '');
INSERT INTO CNT_FIELD_DEFINITION
 (ID, REVISION, PARENT_ID, FIELD_ID, COLUMN_NAME, COLUMN_TYPE, REPORT_COLUMN_NAME, PRODUCT_FIELD, FIELD_TYPE, ENTITY_LOOKUP, ENTITY_LOOKUP_KEY, ORDER_BY, GENERATOR, REFER_TABLE, KEY_COLUMN, LOOKUP_COLUMN, MANDATORY, MIN_LENGTH, MAX_LENGTH, MIN_VALUE, MAX_VALUE, CONSTANT_VALUE, UNIQUE_KEY, CREATE_USER, CREATED_ON, LINE_NO, MANAGED, FIELD_PATH, DATA_TYPE, DATA1, DATA2, TRANSITIVE_FIELDS, FORMULA, ENTITY_LOOKUP_TYPE)
VALUES ('6fb3aac877824f57acbee0a7417bf304', 0, '86d92d82d4084d3ea28a37dfb1664d06', 'custHcl4Ref2', 'CUST_HCL4_REF2', 'NVARCHAR2(1000)', 'N/A', 0, 'string-l', '', '', '', '', '', '', '', 0, NULL, 1000, NULL, NULL, '', '', 'system', systimestamp, '81', 0, 'entity.custMarket.custHcl4Ref2', '', '', '', '', '', '');
INSERT INTO CNT_FIELD_DEFINITION
 (ID, REVISION, PARENT_ID, FIELD_ID, COLUMN_NAME, COLUMN_TYPE, REPORT_COLUMN_NAME, PRODUCT_FIELD, FIELD_TYPE, ENTITY_LOOKUP, ENTITY_LOOKUP_KEY, ORDER_BY, GENERATOR, REFER_TABLE, KEY_COLUMN, LOOKUP_COLUMN, MANDATORY, MIN_LENGTH, MAX_LENGTH, MIN_VALUE, MAX_VALUE, CONSTANT_VALUE, UNIQUE_KEY, CREATE_USER, CREATED_ON, LINE_NO, MANAGED, FIELD_PATH, DATA_TYPE, DATA1, DATA2, TRANSITIVE_FIELDS, FORMULA, ENTITY_LOOKUP_TYPE)
VALUES ('ce4244e8d9a84f14af301e419fffd134', 0, '86d92d82d4084d3ea28a37dfb1664d06', 'custHcl4FullLineage', 'CUST_HCL4_FULL_LINEAGE', 'NVARCHAR2(1000)', 'N/A', 0, 'string-l', '', '', '', '', '', '', '', 0, NULL, 1000, NULL, NULL, '', '', 'system', systimestamp, '82', 0, 'entity.custMarket.custHcl4FullLineage', '', '', '', '', '', '');
INSERT INTO CNT_FIELD_DEFINITION
 (ID, REVISION, PARENT_ID, FIELD_ID, COLUMN_NAME, COLUMN_TYPE, REPORT_COLUMN_NAME, PRODUCT_FIELD, FIELD_TYPE, ENTITY_LOOKUP, ENTITY_LOOKUP_KEY, ORDER_BY, GENERATOR, REFER_TABLE, KEY_COLUMN, LOOKUP_COLUMN, MANDATORY, MIN_LENGTH, MAX_LENGTH, MIN_VALUE, MAX_VALUE, CONSTANT_VALUE, UNIQUE_KEY, CREATE_USER, CREATED_ON, LINE_NO, MANAGED, FIELD_PATH, DATA_TYPE, DATA1, DATA2, TRANSITIVE_FIELDS, FORMULA, ENTITY_LOOKUP_TYPE)
VALUES ('f230cf3a6e9449b1aa10bb90e832896d', 0, '86d92d82d4084d3ea28a37dfb1664d06', 'custHcl5Ref', 'CUST_HCL5_REF', 'NVARCHAR2(1000)', 'N/A', 0, 'string-l', '', '', '', '', '', '', '', 0, NULL, 1000, NULL, NULL, '', '', 'system', systimestamp, '83', 0, 'entity.custMarket.custHcl5Ref', '', '', '', '', '', '');
INSERT INTO CNT_FIELD_DEFINITION
 (ID, REVISION, PARENT_ID, FIELD_ID, COLUMN_NAME, COLUMN_TYPE, REPORT_COLUMN_NAME, PRODUCT_FIELD, FIELD_TYPE, ENTITY_LOOKUP, ENTITY_LOOKUP_KEY, ORDER_BY, GENERATOR, REFER_TABLE, KEY_COLUMN, LOOKUP_COLUMN, MANDATORY, MIN_LENGTH, MAX_LENGTH, MIN_VALUE, MAX_VALUE, CONSTANT_VALUE, UNIQUE_KEY, CREATE_USER, CREATED_ON, LINE_NO, MANAGED, FIELD_PATH, DATA_TYPE, DATA1, DATA2, TRANSITIVE_FIELDS, FORMULA, ENTITY_LOOKUP_TYPE)
VALUES ('45afd1b6304d4b27abc28d9891cab39e', 0, '86d92d82d4084d3ea28a37dfb1664d06', 'custHcl5Ver', 'CUST_HCL5_VER', 'NUMBER(20, 0)', 'N/A', 0, 'integer', '', '', '', '', '', '', '', 0, NULL, 18, NULL, NULL, '', '', 'system', systimestamp, '84', 0, 'entity.custMarket.custHcl5Ver', '', '', '', '', '', '');
INSERT INTO CNT_FIELD_DEFINITION
 (ID, REVISION, PARENT_ID, FIELD_ID, COLUMN_NAME, COLUMN_TYPE, REPORT_COLUMN_NAME, PRODUCT_FIELD, FIELD_TYPE, ENTITY_LOOKUP, ENTITY_LOOKUP_KEY, ORDER_BY, GENERATOR, REFER_TABLE, KEY_COLUMN, LOOKUP_COLUMN, MANDATORY, MIN_LENGTH, MAX_LENGTH, MIN_VALUE, MAX_VALUE, CONSTANT_VALUE, UNIQUE_KEY, CREATE_USER, CREATED_ON, LINE_NO, MANAGED, FIELD_PATH, DATA_TYPE, DATA1, DATA2, TRANSITIVE_FIELDS, FORMULA, ENTITY_LOOKUP_TYPE)
VALUES ('73df5f4b28c64981964e60a3147c3cec', 0, '86d92d82d4084d3ea28a37dfb1664d06', 'custHcl5Ref2', 'CUST_HCL5_REF2', 'NVARCHAR2(1000)', 'N/A', 0, 'string-l', '', '', '', '', '', '', '', 0, NULL, 1000, NULL, NULL, '', '', 'system', systimestamp, '85', 0, 'entity.custMarket.custHcl5Ref2', '', '', '', '', '', '');
INSERT INTO CNT_FIELD_DEFINITION
 (ID, REVISION, PARENT_ID, FIELD_ID, COLUMN_NAME, COLUMN_TYPE, REPORT_COLUMN_NAME, PRODUCT_FIELD, FIELD_TYPE, ENTITY_LOOKUP, ENTITY_LOOKUP_KEY, ORDER_BY, GENERATOR, REFER_TABLE, KEY_COLUMN, LOOKUP_COLUMN, MANDATORY, MIN_LENGTH, MAX_LENGTH, MIN_VALUE, MAX_VALUE, CONSTANT_VALUE, UNIQUE_KEY, CREATE_USER, CREATED_ON, LINE_NO, MANAGED, FIELD_PATH, DATA_TYPE, DATA1, DATA2, TRANSITIVE_FIELDS, FORMULA, ENTITY_LOOKUP_TYPE)
VALUES ('5e3b9bad3cf04a929252aa6767bb2a95', 0, '86d92d82d4084d3ea28a37dfb1664d06', 'custHcl5FullLineage', 'CUST_HCL5_FULL_LINEAGE', 'NVARCHAR2(1000)', 'N/A', 0, 'string-l', '', '', '', '', '', '', '', 0, NULL, 1000, NULL, NULL, '', '', 'system', systimestamp, '86', 0, 'entity.custMarket.custHcl5FullLineage', '', '', '', '', '', '');
INSERT INTO CNT_ENTITY_DEFINITION
 (ID, REVISION, ENTITY_NAME, ENTITY_VERSION, PRODUCT_TABLE_NAME, CUSTOM_TABLE_NAME, REPORT_TABLE_NAME, MODULE, TYPE, REVISION_TRACKING, VERSION_TRACKING, HISTORY_ENTITY_NAME, REF_PATTERN, SYSTEM_ENTITY, CREATE_USER, CREATED_ON, IS_FOR_EXTERNAL)
VALUES ('d22345557a464a399b88ec7ed04b61a9', 0, 'Cust', 1, 'CNT_CUST', 'CTM_CUST', 'CUSTOMER', 'cust', 'main', 'ALL', 'ALL', 'CustHistory', '${custCode}', 0, 'system', systimestamp, 0);
INSERT INTO CNT_FIELD_DEFINITION
 (ID, REVISION, PARENT_ID, FIELD_ID, COLUMN_NAME, COLUMN_TYPE, REPORT_COLUMN_NAME, PRODUCT_FIELD, FIELD_TYPE, ENTITY_LOOKUP, ENTITY_LOOKUP_KEY, ORDER_BY, GENERATOR, REFER_TABLE, KEY_COLUMN, LOOKUP_COLUMN, MANDATORY, MIN_LENGTH, MAX_LENGTH, MIN_VALUE, MAX_VALUE, CONSTANT_VALUE, UNIQUE_KEY, CREATE_USER, CREATED_ON, LINE_NO, MANAGED, FIELD_PATH, DATA_TYPE, DATA1, DATA2, TRANSITIVE_FIELDS, FORMULA, ENTITY_LOOKUP_TYPE)
VALUES ('3cfd7a1f57bc40dc97d11eb6d8eefde1', 0, 'd22345557a464a399b88ec7ed04b61a9', 'id', 'ID', 'CHAR(32)', '', 1, 'id', '', '', '', 'com.core.cbx.data.generator.UUIDGenerator', '', '', '', 0, 32, 32, NULL, NULL, '', '', 'system', systimestamp, '0', 0, 'entity.id', '', '', '', '', '', '');
INSERT INTO CNT_FIELD_DEFINITION
 (ID, REVISION, PARENT_ID, FIELD_ID, COLUMN_NAME, COLUMN_TYPE, REPORT_COLUMN_NAME, PRODUCT_FIELD, FIELD_TYPE, ENTITY_LOOKUP, ENTITY_LOOKUP_KEY, ORDER_BY, GENERATOR, REFER_TABLE, KEY_COLUMN, LOOKUP_COLUMN, MANDATORY, MIN_LENGTH, MAX_LENGTH, MIN_VALUE, MAX_VALUE, CONSTANT_VALUE, UNIQUE_KEY, CREATE_USER, CREATED_ON, LINE_NO, MANAGED, FIELD_PATH, DATA_TYPE, DATA1, DATA2, TRANSITIVE_FIELDS, FORMULA, ENTITY_LOOKUP_TYPE)
VALUES ('6e35ae29ce06414bb343335ccb113106', 0, 'd22345557a464a399b88ec7ed04b61a9', 'revision', 'REVISION', 'NUMBER(20, 0)', '', 1, 'integer', '', '', '', '', '', '', '', 0, NULL, 18, NULL, NULL, '', '', 'system', systimestamp, '1', 0, 'entity.revision', '', '', '', '', '', '');
INSERT INTO CNT_FIELD_DEFINITION
 (ID, REVISION, PARENT_ID, FIELD_ID, COLUMN_NAME, COLUMN_TYPE, REPORT_COLUMN_NAME, PRODUCT_FIELD, FIELD_TYPE, ENTITY_LOOKUP, ENTITY_LOOKUP_KEY, ORDER_BY, GENERATOR, REFER_TABLE, KEY_COLUMN, LOOKUP_COLUMN, MANDATORY, MIN_LENGTH, MAX_LENGTH, MIN_VALUE, MAX_VALUE, CONSTANT_VALUE, UNIQUE_KEY, CREATE_USER, CREATED_ON, LINE_NO, MANAGED, FIELD_PATH, DATA_TYPE, DATA1, DATA2, TRANSITIVE_FIELDS, FORMULA, ENTITY_LOOKUP_TYPE)
VALUES ('b9be5e5ec3ad45edb220dda8e1fdfe7a', 0, 'd22345557a464a399b88ec7ed04b61a9', 'entityVersion', 'ENTITY_VERSION', 'NUMBER(20, 0)', '', 1, 'integer', '', '', '', '', '', '', '', 0, NULL, 18, NULL, NULL, '', '', 'system', systimestamp, '2', 0, 'entity.entityVersion', '', '', '', '', '', '');
INSERT INTO CNT_FIELD_DEFINITION
 (ID, REVISION, PARENT_ID, FIELD_ID, COLUMN_NAME, COLUMN_TYPE, REPORT_COLUMN_NAME, PRODUCT_FIELD, FIELD_TYPE, ENTITY_LOOKUP, ENTITY_LOOKUP_KEY, ORDER_BY, GENERATOR, REFER_TABLE, KEY_COLUMN, LOOKUP_COLUMN, MANDATORY, MIN_LENGTH, MAX_LENGTH, MIN_VALUE, MAX_VALUE, CONSTANT_VALUE, UNIQUE_KEY, CREATE_USER, CREATED_ON, LINE_NO, MANAGED, FIELD_PATH, DATA_TYPE, DATA1, DATA2, TRANSITIVE_FIELDS, FORMULA, ENTITY_LOOKUP_TYPE)
VALUES ('01f1aca628f24df3a641cc045d00f0ac', 0, 'd22345557a464a399b88ec7ed04b61a9', 'domainId', 'DOMAIN_ID', 'NVARCHAR2(400)', '', 1, 'string-m', '', '', '', '', '', '', '', 0, NULL, 400, NULL, NULL, '', '', 'system', systimestamp, '3', 0, 'entity.domainId', '', '', '', '', '', '');
INSERT INTO CNT_FIELD_DEFINITION
 (ID, REVISION, PARENT_ID, FIELD_ID, COLUMN_NAME, COLUMN_TYPE, REPORT_COLUMN_NAME, PRODUCT_FIELD, FIELD_TYPE, ENTITY_LOOKUP, ENTITY_LOOKUP_KEY, ORDER_BY, GENERATOR, REFER_TABLE, KEY_COLUMN, LOOKUP_COLUMN, MANDATORY, MIN_LENGTH, MAX_LENGTH, MIN_VALUE, MAX_VALUE, CONSTANT_VALUE, UNIQUE_KEY, CREATE_USER, CREATED_ON, LINE_NO, MANAGED, FIELD_PATH, DATA_TYPE, DATA1, DATA2, TRANSITIVE_FIELDS, FORMULA, ENTITY_LOOKUP_TYPE)
VALUES ('56a1e8e4b94746879c0c5043fda54b17', 0, 'd22345557a464a399b88ec7ed04b61a9', 'hubDomainId', 'HUB_DOMAIN_ID', 'NVARCHAR2(400)', '', 1, 'string-m', '', '', '', '', '', '', '', 0, NULL, 400, NULL, NULL, '', '', 'system', systimestamp, '4', 0, 'entity.hubDomainId', '', '', '', '', '', '');
INSERT INTO CNT_FIELD_DEFINITION
 (ID, REVISION, PARENT_ID, FIELD_ID, COLUMN_NAME, COLUMN_TYPE, REPORT_COLUMN_NAME, PRODUCT_FIELD, FIELD_TYPE, ENTITY_LOOKUP, ENTITY_LOOKUP_KEY, ORDER_BY, GENERATOR, REFER_TABLE, KEY_COLUMN, LOOKUP_COLUMN, MANDATORY, MIN_LENGTH, MAX_LENGTH, MIN_VALUE, MAX_VALUE, CONSTANT_VALUE, UNIQUE_KEY, CREATE_USER, CREATED_ON, LINE_NO, MANAGED, FIELD_PATH, DATA_TYPE, DATA1, DATA2, TRANSITIVE_FIELDS, FORMULA, ENTITY_LOOKUP_TYPE)
VALUES ('fcd29d63ae7741cb91c1467a91aae963', 0, 'd22345557a464a399b88ec7ed04b61a9', 'isForReference', 'IS_FOR_REFERENCE', 'NUMBER(1,0)', '', 1, 'boolean', '', '', '', '', '', '', '', 0, NULL, NULL, NULL, NULL, '', '', 'system', systimestamp, '5', 0, 'entity.isForReference', '', '', '', '', '', '');
INSERT INTO CNT_FIELD_DEFINITION
 (ID, REVISION, PARENT_ID, FIELD_ID, COLUMN_NAME, COLUMN_TYPE, REPORT_COLUMN_NAME, PRODUCT_FIELD, FIELD_TYPE, ENTITY_LOOKUP, ENTITY_LOOKUP_KEY, ORDER_BY, GENERATOR, REFER_TABLE, KEY_COLUMN, LOOKUP_COLUMN, MANDATORY, MIN_LENGTH, MAX_LENGTH, MIN_VALUE, MAX_VALUE, CONSTANT_VALUE, UNIQUE_KEY, CREATE_USER, CREATED_ON, LINE_NO, MANAGED, FIELD_PATH, DATA_TYPE, DATA1, DATA2, TRANSITIVE_FIELDS, FORMULA, ENTITY_LOOKUP_TYPE)
VALUES ('c138006221af4dcca987c1fe929748d2', 0, 'd22345557a464a399b88ec7ed04b61a9', 'version', 'VERSION', 'NUMBER(20, 0)', '', 1, 'integer', '', '', '', '', '', '', '', 0, NULL, 18, NULL, NULL, '', '', 'system', systimestamp, '6', 0, 'entity.version', '', '', '', '', '', '');
INSERT INTO CNT_FIELD_DEFINITION
 (ID, REVISION, PARENT_ID, FIELD_ID, COLUMN_NAME, COLUMN_TYPE, REPORT_COLUMN_NAME, PRODUCT_FIELD, FIELD_TYPE, ENTITY_LOOKUP, ENTITY_LOOKUP_KEY, ORDER_BY, GENERATOR, REFER_TABLE, KEY_COLUMN, LOOKUP_COLUMN, MANDATORY, MIN_LENGTH, MAX_LENGTH, MIN_VALUE, MAX_VALUE, CONSTANT_VALUE, UNIQUE_KEY, CREATE_USER, CREATED_ON, LINE_NO, MANAGED, FIELD_PATH, DATA_TYPE, DATA1, DATA2, TRANSITIVE_FIELDS, FORMULA, ENTITY_LOOKUP_TYPE)
VALUES ('cfbb703c15964e8f9697d9c5cdfde9e8', 0, 'd22345557a464a399b88ec7ed04b61a9', 'status', 'STATUS', 'NVARCHAR2(400)', '', 1, 'string-m', '', '', '', '', '', '', '', 0, NULL, 400, NULL, NULL, '', '', 'system', systimestamp, '7', 0, 'entity.status', '', '', '', '', '', '');
INSERT INTO CNT_FIELD_DEFINITION
 (ID, REVISION, PARENT_ID, FIELD_ID, COLUMN_NAME, COLUMN_TYPE, REPORT_COLUMN_NAME, PRODUCT_FIELD, FIELD_TYPE, ENTITY_LOOKUP, ENTITY_LOOKUP_KEY, ORDER_BY, GENERATOR, REFER_TABLE, KEY_COLUMN, LOOKUP_COLUMN, MANDATORY, MIN_LENGTH, MAX_LENGTH, MIN_VALUE, MAX_VALUE, CONSTANT_VALUE, UNIQUE_KEY, CREATE_USER, CREATED_ON, LINE_NO, MANAGED, FIELD_PATH, DATA_TYPE, DATA1, DATA2, TRANSITIVE_FIELDS, FORMULA, ENTITY_LOOKUP_TYPE)
VALUES ('55cebe328d2c467d9ed1bea2de3d4fee', 0, 'd22345557a464a399b88ec7ed04b61a9', 'docStatus', 'DOC_STATUS', 'NVARCHAR2(400)', '', 1, 'string-m', '', '', '', '', '', '', '', 0, NULL, 400, NULL, NULL, '', '', 'system', systimestamp, '8', 0, 'entity.docStatus', '', '', '', '', '', '');
INSERT INTO CNT_FIELD_DEFINITION
 (ID, REVISION, PARENT_ID, FIELD_ID, COLUMN_NAME, COLUMN_TYPE, REPORT_COLUMN_NAME, PRODUCT_FIELD, FIELD_TYPE, ENTITY_LOOKUP, ENTITY_LOOKUP_KEY, ORDER_BY, GENERATOR, REFER_TABLE, KEY_COLUMN, LOOKUP_COLUMN, MANDATORY, MIN_LENGTH, MAX_LENGTH, MIN_VALUE, MAX_VALUE, CONSTANT_VALUE, UNIQUE_KEY, CREATE_USER, CREATED_ON, LINE_NO, MANAGED, FIELD_PATH, DATA_TYPE, DATA1, DATA2, TRANSITIVE_FIELDS, FORMULA, ENTITY_LOOKUP_TYPE)
VALUES ('77555a687b9a46c2a80eb28a0de4cceb', 0, 'd22345557a464a399b88ec7ed04b61a9', 'editingStatus', 'EDITING_STATUS', 'NVARCHAR2(400)', '', 1, 'string-m', '', '', '', '', '', '', '', 0, NULL, 400, NULL, NULL, '', '', 'system', systimestamp, '9', 0, 'entity.editingStatus', '', '', '', '', '', '');
INSERT INTO CNT_FIELD_DEFINITION
 (ID, REVISION, PARENT_ID, FIELD_ID, COLUMN_NAME, COLUMN_TYPE, REPORT_COLUMN_NAME, PRODUCT_FIELD, FIELD_TYPE, ENTITY_LOOKUP, ENTITY_LOOKUP_KEY, ORDER_BY, GENERATOR, REFER_TABLE, KEY_COLUMN, LOOKUP_COLUMN, MANDATORY, MIN_LENGTH, MAX_LENGTH, MIN_VALUE, MAX_VALUE, CONSTANT_VALUE, UNIQUE_KEY, CREATE_USER, CREATED_ON, LINE_NO, MANAGED, FIELD_PATH, DATA_TYPE, DATA1, DATA2, TRANSITIVE_FIELDS, FORMULA, ENTITY_LOOKUP_TYPE)
VALUES ('e15b923680e84f34a3001890de266341', 0, 'd22345557a464a399b88ec7ed04b61a9', 'createUser', 'CREATE_USER', 'NVARCHAR2(100)', '', 1, 'string-s', '', '', '', '', '', '', '', 0, NULL, 100, NULL, NULL, '', '', 'system', systimestamp, '10', 0, 'entity.createUser', '', '', '', '', '', '');
INSERT INTO CNT_FIELD_DEFINITION
 (ID, REVISION, PARENT_ID, FIELD_ID, COLUMN_NAME, COLUMN_TYPE, REPORT_COLUMN_NAME, PRODUCT_FIELD, FIELD_TYPE, ENTITY_LOOKUP, ENTITY_LOOKUP_KEY, ORDER_BY, GENERATOR, REFER_TABLE, KEY_COLUMN, LOOKUP_COLUMN, MANDATORY, MIN_LENGTH, MAX_LENGTH, MIN_VALUE, MAX_VALUE, CONSTANT_VALUE, UNIQUE_KEY, CREATE_USER, CREATED_ON, LINE_NO, MANAGED, FIELD_PATH, DATA_TYPE, DATA1, DATA2, TRANSITIVE_FIELDS, FORMULA, ENTITY_LOOKUP_TYPE)
VALUES ('cbbd3ad31e0b41229c111b8f29cd6c27', 0, 'd22345557a464a399b88ec7ed04b61a9', 'createUserName', 'CREATE_USER_NAME', 'NVARCHAR2(100)', '', 1, 'string-s', '', '', '', '', '', '', '', 0, NULL, 100, NULL, NULL, '', '', 'system', systimestamp, '11', 0, 'entity.createUserName', '', '', '', '', '', '');
INSERT INTO CNT_FIELD_DEFINITION
 (ID, REVISION, PARENT_ID, FIELD_ID, COLUMN_NAME, COLUMN_TYPE, REPORT_COLUMN_NAME, PRODUCT_FIELD, FIELD_TYPE, ENTITY_LOOKUP, ENTITY_LOOKUP_KEY, ORDER_BY, GENERATOR, REFER_TABLE, KEY_COLUMN, LOOKUP_COLUMN, MANDATORY, MIN_LENGTH, MAX_LENGTH, MIN_VALUE, MAX_VALUE, CONSTANT_VALUE, UNIQUE_KEY, CREATE_USER, CREATED_ON, LINE_NO, MANAGED, FIELD_PATH, DATA_TYPE, DATA1, DATA2, TRANSITIVE_FIELDS, FORMULA, ENTITY_LOOKUP_TYPE)
VALUES ('64fbd71000af4374a73002e6cd4785f7', 0, 'd22345557a464a399b88ec7ed04b61a9', 'updateUser', 'UPDATE_USER', 'NVARCHAR2(100)', '', 1, 'string-s', '', '', '', '', '', '', '', 0, NULL, 100, NULL, NULL, '', '', 'system', systimestamp, '12', 0, 'entity.updateUser', '', '', '', '', '', '');
INSERT INTO CNT_FIELD_DEFINITION
 (ID, REVISION, PARENT_ID, FIELD_ID, COLUMN_NAME, COLUMN_TYPE, REPORT_COLUMN_NAME, PRODUCT_FIELD, FIELD_TYPE, ENTITY_LOOKUP, ENTITY_LOOKUP_KEY, ORDER_BY, GENERATOR, REFER_TABLE, KEY_COLUMN, LOOKUP_COLUMN, MANDATORY, MIN_LENGTH, MAX_LENGTH, MIN_VALUE, MAX_VALUE, CONSTANT_VALUE, UNIQUE_KEY, CREATE_USER, CREATED_ON, LINE_NO, MANAGED, FIELD_PATH, DATA_TYPE, DATA1, DATA2, TRANSITIVE_FIELDS, FORMULA, ENTITY_LOOKUP_TYPE)
VALUES ('c336435f0cfe447a9d7b84a3b2383310', 0, 'd22345557a464a399b88ec7ed04b61a9', 'updateUserName', 'UPDATE_USER_NAME', 'NVARCHAR2(100)', '', 1, 'string-s', '', '', '', '', '', '', '', 0, NULL, 100, NULL, NULL, '', '', 'system', systimestamp, '13', 0, 'entity.updateUserName', '', '', '', '', '', '');
INSERT INTO CNT_FIELD_DEFINITION
 (ID, REVISION, PARENT_ID, FIELD_ID, COLUMN_NAME, COLUMN_TYPE, REPORT_COLUMN_NAME, PRODUCT_FIELD, FIELD_TYPE, ENTITY_LOOKUP, ENTITY_LOOKUP_KEY, ORDER_BY, GENERATOR, REFER_TABLE, KEY_COLUMN, LOOKUP_COLUMN, MANDATORY, MIN_LENGTH, MAX_LENGTH, MIN_VALUE, MAX_VALUE, CONSTANT_VALUE, UNIQUE_KEY, CREATE_USER, CREATED_ON, LINE_NO, MANAGED, FIELD_PATH, DATA_TYPE, DATA1, DATA2, TRANSITIVE_FIELDS, FORMULA, ENTITY_LOOKUP_TYPE)
VALUES ('253cb03696ea4585879e454cbdfcc864', 0, 'd22345557a464a399b88ec7ed04b61a9', 'createdOn', 'CREATED_ON', 'TIMESTAMP', '', 1, 'timestamp', '', '', '', '', '', '', '', 0, NULL, NULL, NULL, NULL, '', '', 'system', systimestamp, '14', 0, 'entity.createdOn', '', '', '', '', '', '');
INSERT INTO CNT_FIELD_DEFINITION
 (ID, REVISION, PARENT_ID, FIELD_ID, COLUMN_NAME, COLUMN_TYPE, REPORT_COLUMN_NAME, PRODUCT_FIELD, FIELD_TYPE, ENTITY_LOOKUP, ENTITY_LOOKUP_KEY, ORDER_BY, GENERATOR, REFER_TABLE, KEY_COLUMN, LOOKUP_COLUMN, MANDATORY, MIN_LENGTH, MAX_LENGTH, MIN_VALUE, MAX_VALUE, CONSTANT_VALUE, UNIQUE_KEY, CREATE_USER, CREATED_ON, LINE_NO, MANAGED, FIELD_PATH, DATA_TYPE, DATA1, DATA2, TRANSITIVE_FIELDS, FORMULA, ENTITY_LOOKUP_TYPE)
VALUES ('e638ac661aa7440798ab56c2a1df9061', 0, 'd22345557a464a399b88ec7ed04b61a9', 'updatedOn', 'UPDATED_ON', 'TIMESTAMP', '', 1, 'timestamp', '', '', '', '', '', '', '', 0, NULL, NULL, NULL, NULL, '', '', 'system', systimestamp, '15', 0, 'entity.updatedOn', '', '', '', '', '', '');
INSERT INTO CNT_FIELD_DEFINITION
 (ID, REVISION, PARENT_ID, FIELD_ID, COLUMN_NAME, COLUMN_TYPE, REPORT_COLUMN_NAME, PRODUCT_FIELD, FIELD_TYPE, ENTITY_LOOKUP, ENTITY_LOOKUP_KEY, ORDER_BY, GENERATOR, REFER_TABLE, KEY_COLUMN, LOOKUP_COLUMN, MANDATORY, MIN_LENGTH, MAX_LENGTH, MIN_VALUE, MAX_VALUE, CONSTANT_VALUE, UNIQUE_KEY, CREATE_USER, CREATED_ON, LINE_NO, MANAGED, FIELD_PATH, DATA_TYPE, DATA1, DATA2, TRANSITIVE_FIELDS, FORMULA, ENTITY_LOOKUP_TYPE)
VALUES ('f91c8136a28e401bbd2f3701a4544619', 0, 'd22345557a464a399b88ec7ed04b61a9', 'integrationSource', 'INTEGRATION_SOURCE', 'NVARCHAR2(400)', '', 1, 'string-m', '', '', '', '', '', '', '', 0, NULL, 400, NULL, NULL, '', '', 'system', systimestamp, '16', 0, 'entity.integrationSource', '', '', '', '', '', '');
INSERT INTO CNT_FIELD_DEFINITION
 (ID, REVISION, PARENT_ID, FIELD_ID, COLUMN_NAME, COLUMN_TYPE, REPORT_COLUMN_NAME, PRODUCT_FIELD, FIELD_TYPE, ENTITY_LOOKUP, ENTITY_LOOKUP_KEY, ORDER_BY, GENERATOR, REFER_TABLE, KEY_COLUMN, LOOKUP_COLUMN, MANDATORY, MIN_LENGTH, MAX_LENGTH, MIN_VALUE, MAX_VALUE, CONSTANT_VALUE, UNIQUE_KEY, CREATE_USER, CREATED_ON, LINE_NO, MANAGED, FIELD_PATH, DATA_TYPE, DATA1, DATA2, TRANSITIVE_FIELDS, FORMULA, ENTITY_LOOKUP_TYPE)
VALUES ('60c649fd2dbc4786ac5198feee685186', 0, 'd22345557a464a399b88ec7ed04b61a9', 'integrationStatus', 'INTEGRATION_STATUS', 'NVARCHAR2(400)', '', 1, 'string-m', '', '', '', '', '', '', '', 0, NULL, 400, NULL, NULL, '', '', 'system', systimestamp, '17', 0, 'entity.integrationStatus', '', '', '', '', '', '');
INSERT INTO CNT_FIELD_DEFINITION
 (ID, REVISION, PARENT_ID, FIELD_ID, COLUMN_NAME, COLUMN_TYPE, REPORT_COLUMN_NAME, PRODUCT_FIELD, FIELD_TYPE, ENTITY_LOOKUP, ENTITY_LOOKUP_KEY, ORDER_BY, GENERATOR, REFER_TABLE, KEY_COLUMN, LOOKUP_COLUMN, MANDATORY, MIN_LENGTH, MAX_LENGTH, MIN_VALUE, MAX_VALUE, CONSTANT_VALUE, UNIQUE_KEY, CREATE_USER, CREATED_ON, LINE_NO, MANAGED, FIELD_PATH, DATA_TYPE, DATA1, DATA2, TRANSITIVE_FIELDS, FORMULA, ENTITY_LOOKUP_TYPE)
VALUES ('f49d958618d24c22bbdf8701d333b543', 0, 'd22345557a464a399b88ec7ed04b61a9', 'integrationNote', 'INTEGRATION_NOTE', 'NVARCHAR2(1000)', '', 1, 'string-l', '', '', '', '', '', '', '', 0, NULL, 1000, NULL, NULL, '', '', 'system', systimestamp, '18', 0, 'entity.integrationNote', '', '', '', '', '', '');
INSERT INTO CNT_FIELD_DEFINITION
 (ID, REVISION, PARENT_ID, FIELD_ID, COLUMN_NAME, COLUMN_TYPE, REPORT_COLUMN_NAME, PRODUCT_FIELD, FIELD_TYPE, ENTITY_LOOKUP, ENTITY_LOOKUP_KEY, ORDER_BY, GENERATOR, REFER_TABLE, KEY_COLUMN, LOOKUP_COLUMN, MANDATORY, MIN_LENGTH, MAX_LENGTH, MIN_VALUE, MAX_VALUE, CONSTANT_VALUE, UNIQUE_KEY, CREATE_USER, CREATED_ON, LINE_NO, MANAGED, FIELD_PATH, DATA_TYPE, DATA1, DATA2, TRANSITIVE_FIELDS, FORMULA, ENTITY_LOOKUP_TYPE)
VALUES ('535d39d9ed984a3d8c8abef2516e2b11', 0, 'd22345557a464a399b88ec7ed04b61a9', 'isCpmInitialized', 'IS_CPM_INITIALIZED', 'NUMBER(1,0)', '', 1, 'boolean', '', '', '', '', '', '', '', 0, NULL, NULL, NULL, NULL, '', '', 'system', systimestamp, '19', 0, 'entity.isCpmInitialized', '', '', '', '', '', '');
INSERT INTO CNT_FIELD_DEFINITION
 (ID, REVISION, PARENT_ID, FIELD_ID, COLUMN_NAME, COLUMN_TYPE, REPORT_COLUMN_NAME, PRODUCT_FIELD, FIELD_TYPE, ENTITY_LOOKUP, ENTITY_LOOKUP_KEY, ORDER_BY, GENERATOR, REFER_TABLE, KEY_COLUMN, LOOKUP_COLUMN, MANDATORY, MIN_LENGTH, MAX_LENGTH, MIN_VALUE, MAX_VALUE, CONSTANT_VALUE, UNIQUE_KEY, CREATE_USER, CREATED_ON, LINE_NO, MANAGED, FIELD_PATH, DATA_TYPE, DATA1, DATA2, TRANSITIVE_FIELDS, FORMULA, ENTITY_LOOKUP_TYPE)
VALUES ('33e809371ac24355bf585942c6d205fb', 0, 'd22345557a464a399b88ec7ed04b61a9', 'isLatest', 'IS_LATEST', 'NUMBER(1,0)', '', 1, 'boolean', '', '', '', '', '', '', '', 0, NULL, NULL, NULL, NULL, '', '', 'system', systimestamp, '20', 0, 'entity.isLatest', '', '', '', '', '', '');
INSERT INTO CNT_FIELD_DEFINITION
 (ID, REVISION, PARENT_ID, FIELD_ID, COLUMN_NAME, COLUMN_TYPE, REPORT_COLUMN_NAME, PRODUCT_FIELD, FIELD_TYPE, ENTITY_LOOKUP, ENTITY_LOOKUP_KEY, ORDER_BY, GENERATOR, REFER_TABLE, KEY_COLUMN, LOOKUP_COLUMN, MANDATORY, MIN_LENGTH, MAX_LENGTH, MIN_VALUE, MAX_VALUE, CONSTANT_VALUE, UNIQUE_KEY, CREATE_USER, CREATED_ON, LINE_NO, MANAGED, FIELD_PATH, DATA_TYPE, DATA1, DATA2, TRANSITIVE_FIELDS, FORMULA, ENTITY_LOOKUP_TYPE)
VALUES ('dd053bc3b700492a8543a8d11158ba51', 0, 'd22345557a464a399b88ec7ed04b61a9', 'custCode', 'CUST_CODE', 'NVARCHAR2(400)', 'CUSTOMER_CODE', 1, 'string-m', '', '', '', '', '', '', '', 0, NULL, 400, NULL, NULL, '', '', 'system', systimestamp, '21', 0, 'entity.custCode', '', '', '', '', 'refNo', '');
INSERT INTO CNT_FIELD_DEFINITION
 (ID, REVISION, PARENT_ID, FIELD_ID, COLUMN_NAME, COLUMN_TYPE, REPORT_COLUMN_NAME, PRODUCT_FIELD, FIELD_TYPE, ENTITY_LOOKUP, ENTITY_LOOKUP_KEY, ORDER_BY, GENERATOR, REFER_TABLE, KEY_COLUMN, LOOKUP_COLUMN, MANDATORY, MIN_LENGTH, MAX_LENGTH, MIN_VALUE, MAX_VALUE, CONSTANT_VALUE, UNIQUE_KEY, CREATE_USER, CREATED_ON, LINE_NO, MANAGED, FIELD_PATH, DATA_TYPE, DATA1, DATA2, TRANSITIVE_FIELDS, FORMULA, ENTITY_LOOKUP_TYPE)
VALUES ('b2637351b42e41d481c9d88a2cd745e0', 0, 'd22345557a464a399b88ec7ed04b61a9', 'reference', 'REFERENCE', 'NVARCHAR2(400)', 'CUSTOMER_REFERENCE', 1, 'string-m', '', '', '', '', '', '', '', 0, NULL, 400, NULL, NULL, '', '', 'system', systimestamp, '22', 0, 'entity.reference', '', '', '', '', '', '');
INSERT INTO CNT_FIELD_DEFINITION
 (ID, REVISION, PARENT_ID, FIELD_ID, COLUMN_NAME, COLUMN_TYPE, REPORT_COLUMN_NAME, PRODUCT_FIELD, FIELD_TYPE, ENTITY_LOOKUP, ENTITY_LOOKUP_KEY, ORDER_BY, GENERATOR, REFER_TABLE, KEY_COLUMN, LOOKUP_COLUMN, MANDATORY, MIN_LENGTH, MAX_LENGTH, MIN_VALUE, MAX_VALUE, CONSTANT_VALUE, UNIQUE_KEY, CREATE_USER, CREATED_ON, LINE_NO, MANAGED, FIELD_PATH, DATA_TYPE, DATA1, DATA2, TRANSITIVE_FIELDS, FORMULA, ENTITY_LOOKUP_TYPE)
VALUES ('9bcf10e22c4b43e48bb121bd58a1d6f3', 0, 'd22345557a464a399b88ec7ed04b61a9', 'businessName', 'BUSINESS_NAME', 'NVARCHAR2(1000)', 'BUSINESS_NAME', 1, 'string-l', '', '', '', '', '', '', '', 0, NULL, 1000, NULL, NULL, '', '', 'system', systimestamp, '23', 0, 'entity.businessName', '', '', '', '', '', '');
INSERT INTO CNT_FIELD_DEFINITION
 (ID, REVISION, PARENT_ID, FIELD_ID, COLUMN_NAME, COLUMN_TYPE, REPORT_COLUMN_NAME, PRODUCT_FIELD, FIELD_TYPE, ENTITY_LOOKUP, ENTITY_LOOKUP_KEY, ORDER_BY, GENERATOR, REFER_TABLE, KEY_COLUMN, LOOKUP_COLUMN, MANDATORY, MIN_LENGTH, MAX_LENGTH, MIN_VALUE, MAX_VALUE, CONSTANT_VALUE, UNIQUE_KEY, CREATE_USER, CREATED_ON, LINE_NO, MANAGED, FIELD_PATH, DATA_TYPE, DATA1, DATA2, TRANSITIVE_FIELDS, FORMULA, ENTITY_LOOKUP_TYPE)
VALUES ('3b79ac6bca294ab5bd5caf5f354f13b2', 0, 'd22345557a464a399b88ec7ed04b61a9', 'shortName', 'SHORT_NAME', 'NVARCHAR2(400)', 'SHORT_NAME', 1, 'string-m', '', '', '', '', '', '', '', 0, NULL, 400, NULL, NULL, '', '', 'system', systimestamp, '24', 0, 'entity.shortName', '', '', '', '', '', '');
INSERT INTO CNT_FIELD_DEFINITION
 (ID, REVISION, PARENT_ID, FIELD_ID, COLUMN_NAME, COLUMN_TYPE, REPORT_COLUMN_NAME, PRODUCT_FIELD, FIELD_TYPE, ENTITY_LOOKUP, ENTITY_LOOKUP_KEY, ORDER_BY, GENERATOR, REFER_TABLE, KEY_COLUMN, LOOKUP_COLUMN, MANDATORY, MIN_LENGTH, MAX_LENGTH, MIN_VALUE, MAX_VALUE, CONSTANT_VALUE, UNIQUE_KEY, CREATE_USER, CREATED_ON, LINE_NO, MANAGED, FIELD_PATH, DATA_TYPE, DATA1, DATA2, TRANSITIVE_FIELDS, FORMULA, ENTITY_LOOKUP_TYPE)
VALUES ('943704c6dd3d4f719db9b39c1e6468a3', 0, 'd22345557a464a399b88ec7ed04b61a9', 'parentGroup', 'PARENT_GROUP', 'NVARCHAR2(400)', 'PARENT_GROUP', 1, 'string-m', '', '', '', '', '', '', '', 0, NULL, 400, NULL, NULL, '', '', 'system', systimestamp, '25', 0, 'entity.parentGroup', '', '', '', '', '', '');
INSERT INTO CNT_FIELD_DEFINITION
 (ID, REVISION, PARENT_ID, FIELD_ID, COLUMN_NAME, COLUMN_TYPE, REPORT_COLUMN_NAME, PRODUCT_FIELD, FIELD_TYPE, ENTITY_LOOKUP, ENTITY_LOOKUP_KEY, ORDER_BY, GENERATOR, REFER_TABLE, KEY_COLUMN, LOOKUP_COLUMN, MANDATORY, MIN_LENGTH, MAX_LENGTH, MIN_VALUE, MAX_VALUE, CONSTANT_VALUE, UNIQUE_KEY, CREATE_USER, CREATED_ON, LINE_NO, MANAGED, FIELD_PATH, DATA_TYPE, DATA1, DATA2, TRANSITIVE_FIELDS, FORMULA, ENTITY_LOOKUP_TYPE)
VALUES ('94a1e1037f0644da9167d54959ce821b', 0, 'd22345557a464a399b88ec7ed04b61a9', 'remarks', 'REMARKS', 'NVARCHAR2(1000)', 'CUSTOMER_REMARKS', 1, 'string-l', '', '', '', '', '', '', '', 0, NULL, 1000, NULL, NULL, '', '', 'system', systimestamp, '26', 0, 'entity.remarks', '', '', '', '', '', '');
INSERT INTO CNT_FIELD_DEFINITION
 (ID, REVISION, PARENT_ID, FIELD_ID, COLUMN_NAME, COLUMN_TYPE, REPORT_COLUMN_NAME, PRODUCT_FIELD, FIELD_TYPE, ENTITY_LOOKUP, ENTITY_LOOKUP_KEY, ORDER_BY, GENERATOR, REFER_TABLE, KEY_COLUMN, LOOKUP_COLUMN, MANDATORY, MIN_LENGTH, MAX_LENGTH, MIN_VALUE, MAX_VALUE, CONSTANT_VALUE, UNIQUE_KEY, CREATE_USER, CREATED_ON, LINE_NO, MANAGED, FIELD_PATH, DATA_TYPE, DATA1, DATA2, TRANSITIVE_FIELDS, FORMULA, ENTITY_LOOKUP_TYPE)
VALUES ('4534dcb2d3c74eaf96fc95f5397b9f0e', 0, 'd22345557a464a399b88ec7ed04b61a9', 'addressId', 'ADDRESS_ID', 'CHAR(32)', 'ADDRESS_SYS_ID', 1, 'id', '', '', '', '', '', '', '', 0, 32, 32, NULL, NULL, '', '', 'system', systimestamp, '27', 0, 'entity.addressId', '', '', '', '', '', '');
INSERT INTO CNT_FIELD_DEFINITION
 (ID, REVISION, PARENT_ID, FIELD_ID, COLUMN_NAME, COLUMN_TYPE, REPORT_COLUMN_NAME, PRODUCT_FIELD, FIELD_TYPE, ENTITY_LOOKUP, ENTITY_LOOKUP_KEY, ORDER_BY, GENERATOR, REFER_TABLE, KEY_COLUMN, LOOKUP_COLUMN, MANDATORY, MIN_LENGTH, MAX_LENGTH, MIN_VALUE, MAX_VALUE, CONSTANT_VALUE, UNIQUE_KEY, CREATE_USER, CREATED_ON, LINE_NO, MANAGED, FIELD_PATH, DATA_TYPE, DATA1, DATA2, TRANSITIVE_FIELDS, FORMULA, ENTITY_LOOKUP_TYPE)
VALUES ('a7b841946af945949274c2e1d8f63bfe', 0, 'd22345557a464a399b88ec7ed04b61a9', 'address1', 'ADDRESS1', 'NVARCHAR2(1000)', 'ADDRESS1', 1, 'string-l', '', '', '', '', '', '', '', 0, NULL, 1000, NULL, NULL, '', '', 'system', systimestamp, '28', 0, 'entity.address1', '', '', '', '', '', '');
INSERT INTO CNT_FIELD_DEFINITION
 (ID, REVISION, PARENT_ID, FIELD_ID, COLUMN_NAME, COLUMN_TYPE, REPORT_COLUMN_NAME, PRODUCT_FIELD, FIELD_TYPE, ENTITY_LOOKUP, ENTITY_LOOKUP_KEY, ORDER_BY, GENERATOR, REFER_TABLE, KEY_COLUMN, LOOKUP_COLUMN, MANDATORY, MIN_LENGTH, MAX_LENGTH, MIN_VALUE, MAX_VALUE, CONSTANT_VALUE, UNIQUE_KEY, CREATE_USER, CREATED_ON, LINE_NO, MANAGED, FIELD_PATH, DATA_TYPE, DATA1, DATA2, TRANSITIVE_FIELDS, FORMULA, ENTITY_LOOKUP_TYPE)
VALUES ('0b24e80847de471d948ac9dfb67384ea', 0, 'd22345557a464a399b88ec7ed04b61a9', 'address2', 'ADDRESS2', 'NVARCHAR2(1000)', 'ADDRESS2', 1, 'string-l', '', '', '', '', '', '', '', 0, NULL, 1000, NULL, NULL, '', '', 'system', systimestamp, '29', 0, 'entity.address2', '', '', '', '', '', '');
INSERT INTO CNT_FIELD_DEFINITION
 (ID, REVISION, PARENT_ID, FIELD_ID, COLUMN_NAME, COLUMN_TYPE, REPORT_COLUMN_NAME, PRODUCT_FIELD, FIELD_TYPE, ENTITY_LOOKUP, ENTITY_LOOKUP_KEY, ORDER_BY, GENERATOR, REFER_TABLE, KEY_COLUMN, LOOKUP_COLUMN, MANDATORY, MIN_LENGTH, MAX_LENGTH, MIN_VALUE, MAX_VALUE, CONSTANT_VALUE, UNIQUE_KEY, CREATE_USER, CREATED_ON, LINE_NO, MANAGED, FIELD_PATH, DATA_TYPE, DATA1, DATA2, TRANSITIVE_FIELDS, FORMULA, ENTITY_LOOKUP_TYPE)
VALUES ('e609b63888a04a47aefa9ee58315953b', 0, 'd22345557a464a399b88ec7ed04b61a9', 'address3', 'ADDRESS3', 'NVARCHAR2(1000)', 'ADDRESS3', 1, 'string-l', '', '', '', '', '', '', '', 0, NULL, 1000, NULL, NULL, '', '', 'system', systimestamp, '30', 0, 'entity.address3', '', '', '', '', '', '');
INSERT INTO CNT_FIELD_DEFINITION
 (ID, REVISION, PARENT_ID, FIELD_ID, COLUMN_NAME, COLUMN_TYPE, REPORT_COLUMN_NAME, PRODUCT_FIELD, FIELD_TYPE, ENTITY_LOOKUP, ENTITY_LOOKUP_KEY, ORDER_BY, GENERATOR, REFER_TABLE, KEY_COLUMN, LOOKUP_COLUMN, MANDATORY, MIN_LENGTH, MAX_LENGTH, MIN_VALUE, MAX_VALUE, CONSTANT_VALUE, UNIQUE_KEY, CREATE_USER, CREATED_ON, LINE_NO, MANAGED, FIELD_PATH, DATA_TYPE, DATA1, DATA2, TRANSITIVE_FIELDS, FORMULA, ENTITY_LOOKUP_TYPE)
VALUES ('303c81cb164543c6a8eff2ec1b58e25a', 0, 'd22345557a464a399b88ec7ed04b61a9', 'address4', 'ADDRESS4', 'NVARCHAR2(1000)', 'ADDRESS4', 1, 'string-l', '', '', '', '', '', '', '', 0, NULL, 1000, NULL, NULL, '', '', 'system', systimestamp, '31', 0, 'entity.address4', '', '', '', '', '', '');
INSERT INTO CNT_FIELD_DEFINITION
 (ID, REVISION, PARENT_ID, FIELD_ID, COLUMN_NAME, COLUMN_TYPE, REPORT_COLUMN_NAME, PRODUCT_FIELD, FIELD_TYPE, ENTITY_LOOKUP, ENTITY_LOOKUP_KEY, ORDER_BY, GENERATOR, REFER_TABLE, KEY_COLUMN, LOOKUP_COLUMN, MANDATORY, MIN_LENGTH, MAX_LENGTH, MIN_VALUE, MAX_VALUE, CONSTANT_VALUE, UNIQUE_KEY, CREATE_USER, CREATED_ON, LINE_NO, MANAGED, FIELD_PATH, DATA_TYPE, DATA1, DATA2, TRANSITIVE_FIELDS, FORMULA, ENTITY_LOOKUP_TYPE)
VALUES ('14a7194579934207b883976887de6663', 0, 'd22345557a464a399b88ec7ed04b61a9', 'city', 'CITY', 'NVARCHAR2(400)', 'ADDRESS_CITY', 1, 'string-m', '', '', '', '', '', '', '', 0, NULL, 400, NULL, NULL, '', '', 'system', systimestamp, '32', 0, 'entity.city', '', '', '', '', '', '');
INSERT INTO CNT_FIELD_DEFINITION
 (ID, REVISION, PARENT_ID, FIELD_ID, COLUMN_NAME, COLUMN_TYPE, REPORT_COLUMN_NAME, PRODUCT_FIELD, FIELD_TYPE, ENTITY_LOOKUP, ENTITY_LOOKUP_KEY, ORDER_BY, GENERATOR, REFER_TABLE, KEY_COLUMN, LOOKUP_COLUMN, MANDATORY, MIN_LENGTH, MAX_LENGTH, MIN_VALUE, MAX_VALUE, CONSTANT_VALUE, UNIQUE_KEY, CREATE_USER, CREATED_ON, LINE_NO, MANAGED, FIELD_PATH, DATA_TYPE, DATA1, DATA2, TRANSITIVE_FIELDS, FORMULA, ENTITY_LOOKUP_TYPE)
VALUES ('6c015db7f3a54ab29f9a73a317f68441', 0, 'd22345557a464a399b88ec7ed04b61a9', 'state', 'STATE', 'NVARCHAR2(400)', 'ADDRESS_STATE', 1, 'string-m', '', '', '', '', '', '', '', 0, NULL, 400, NULL, NULL, '', '', 'system', systimestamp, '33', 0, 'entity.state', '', '', '', '', '', '');
INSERT INTO CNT_FIELD_DEFINITION
 (ID, REVISION, PARENT_ID, FIELD_ID, COLUMN_NAME, COLUMN_TYPE, REPORT_COLUMN_NAME, PRODUCT_FIELD, FIELD_TYPE, ENTITY_LOOKUP, ENTITY_LOOKUP_KEY, ORDER_BY, GENERATOR, REFER_TABLE, KEY_COLUMN, LOOKUP_COLUMN, MANDATORY, MIN_LENGTH, MAX_LENGTH, MIN_VALUE, MAX_VALUE, CONSTANT_VALUE, UNIQUE_KEY, CREATE_USER, CREATED_ON, LINE_NO, MANAGED, FIELD_PATH, DATA_TYPE, DATA1, DATA2, TRANSITIVE_FIELDS, FORMULA, ENTITY_LOOKUP_TYPE)
VALUES ('8922303f87844735aa87ffb16440dfdc', 0, 'd22345557a464a399b88ec7ed04b61a9', 'postalCode', 'POSTAL_CODE', 'NVARCHAR2(400)', 'ADDRESS_POSTAL_CODE', 1, 'string-m', '', '', '', '', '', '', '', 0, NULL, 400, NULL, NULL, '', '', 'system', systimestamp, '34', 0, 'entity.postalCode', '', '', '', '', '', '');
INSERT INTO CNT_FIELD_DEFINITION
 (ID, REVISION, PARENT_ID, FIELD_ID, COLUMN_NAME, COLUMN_TYPE, REPORT_COLUMN_NAME, PRODUCT_FIELD, FIELD_TYPE, ENTITY_LOOKUP, ENTITY_LOOKUP_KEY, ORDER_BY, GENERATOR, REFER_TABLE, KEY_COLUMN, LOOKUP_COLUMN, MANDATORY, MIN_LENGTH, MAX_LENGTH, MIN_VALUE, MAX_VALUE, CONSTANT_VALUE, UNIQUE_KEY, CREATE_USER, CREATED_ON, LINE_NO, MANAGED, FIELD_PATH, DATA_TYPE, DATA1, DATA2, TRANSITIVE_FIELDS, FORMULA, ENTITY_LOOKUP_TYPE)
VALUES ('19d00fa82d584bd68e1166a618362560', 0, 'd22345557a464a399b88ec7ed04b61a9', 'country', 'COUNTRY', 'NVARCHAR2(400)', 'ADDRESS_COUNTRY', 1, 'string-m', '', '', '', '', '', '', '', 0, NULL, 400, NULL, NULL, '', '', 'system', systimestamp, '35', 0, 'entity.country', 'codelist', 'COUNTRY', '', '', '', '');
INSERT INTO CNT_FIELD_DEFINITION
 (ID, REVISION, PARENT_ID, FIELD_ID, COLUMN_NAME, COLUMN_TYPE, REPORT_COLUMN_NAME, PRODUCT_FIELD, FIELD_TYPE, ENTITY_LOOKUP, ENTITY_LOOKUP_KEY, ORDER_BY, GENERATOR, REFER_TABLE, KEY_COLUMN, LOOKUP_COLUMN, MANDATORY, MIN_LENGTH, MAX_LENGTH, MIN_VALUE, MAX_VALUE, CONSTANT_VALUE, UNIQUE_KEY, CREATE_USER, CREATED_ON, LINE_NO, MANAGED, FIELD_PATH, DATA_TYPE, DATA1, DATA2, TRANSITIVE_FIELDS, FORMULA, ENTITY_LOOKUP_TYPE)
VALUES ('05ec3cca37414e1fae9d0f73a8fb68ce', 0, 'd22345557a464a399b88ec7ed04b61a9', 'addressRemarks', 'ADDRESS_REMARKS', 'NVARCHAR2(1000)', 'ADDRESS_REMARKS', 1, 'string-l', '', '', '', '', '', '', '', 0, NULL, 1000, NULL, NULL, '', '', 'system', systimestamp, '36', 0, 'entity.addressRemarks', '', '', '', '', '', '');
INSERT INTO CNT_FIELD_DEFINITION
 (ID, REVISION, PARENT_ID, FIELD_ID, COLUMN_NAME, COLUMN_TYPE, REPORT_COLUMN_NAME, PRODUCT_FIELD, FIELD_TYPE, ENTITY_LOOKUP, ENTITY_LOOKUP_KEY, ORDER_BY, GENERATOR, REFER_TABLE, KEY_COLUMN, LOOKUP_COLUMN, MANDATORY, MIN_LENGTH, MAX_LENGTH, MIN_VALUE, MAX_VALUE, CONSTANT_VALUE, UNIQUE_KEY, CREATE_USER, CREATED_ON, LINE_NO, MANAGED, FIELD_PATH, DATA_TYPE, DATA1, DATA2, TRANSITIVE_FIELDS, FORMULA, ENTITY_LOOKUP_TYPE)
VALUES ('28f7cb2fdadb4492b02c942a279b9edd', 0, 'd22345557a464a399b88ec7ed04b61a9', 'currency', 'CURRENCY', 'NVARCHAR2(400)', 'PAYMENT_CURRENCY', 1, 'string-m', '', '', '', '', '', '', '', 0, NULL, 400, NULL, NULL, '', '', 'system', systimestamp, '37', 0, 'entity.currency', 'codelist', 'CURRENCY', '', '', '', '');
INSERT INTO CNT_FIELD_DEFINITION
 (ID, REVISION, PARENT_ID, FIELD_ID, COLUMN_NAME, COLUMN_TYPE, REPORT_COLUMN_NAME, PRODUCT_FIELD, FIELD_TYPE, ENTITY_LOOKUP, ENTITY_LOOKUP_KEY, ORDER_BY, GENERATOR, REFER_TABLE, KEY_COLUMN, LOOKUP_COLUMN, MANDATORY, MIN_LENGTH, MAX_LENGTH, MIN_VALUE, MAX_VALUE, CONSTANT_VALUE, UNIQUE_KEY, CREATE_USER, CREATED_ON, LINE_NO, MANAGED, FIELD_PATH, DATA_TYPE, DATA1, DATA2, TRANSITIVE_FIELDS, FORMULA, ENTITY_LOOKUP_TYPE)
VALUES ('e9a3e4db317b4f1db34dfced846786c9', 0, 'd22345557a464a399b88ec7ed04b61a9', 'paymentMethod', 'PAYMENT_METHOD', 'NVARCHAR2(400)', 'PAYMENT_METHOD', 1, 'string-m', '', '', '', '', '', '', '', 0, NULL, 400, NULL, NULL, '', '', 'system', systimestamp, '38', 0, 'entity.paymentMethod', 'codelist', 'PAYMENT_METHOD', '', '', '', '');
INSERT INTO CNT_FIELD_DEFINITION
 (ID, REVISION, PARENT_ID, FIELD_ID, COLUMN_NAME, COLUMN_TYPE, REPORT_COLUMN_NAME, PRODUCT_FIELD, FIELD_TYPE, ENTITY_LOOKUP, ENTITY_LOOKUP_KEY, ORDER_BY, GENERATOR, REFER_TABLE, KEY_COLUMN, LOOKUP_COLUMN, MANDATORY, MIN_LENGTH, MAX_LENGTH, MIN_VALUE, MAX_VALUE, CONSTANT_VALUE, UNIQUE_KEY, CREATE_USER, CREATED_ON, LINE_NO, MANAGED, FIELD_PATH, DATA_TYPE, DATA1, DATA2, TRANSITIVE_FIELDS, FORMULA, ENTITY_LOOKUP_TYPE)
VALUES ('61068f5673fb487a9c4f2703567c1cc6', 0, 'd22345557a464a399b88ec7ed04b61a9', 'paymentTerm', 'PAYMENT_TERM', 'NVARCHAR2(400)', 'PAYMENT_TERM', 1, 'string-m', '', '', '', '', '', '', '', 0, NULL, 400, NULL, NULL, '', '', 'system', systimestamp, '39', 0, 'entity.paymentTerm', 'codelist', 'PAYMENT_TERM', '', '', '', '');
INSERT INTO CNT_FIELD_DEFINITION
 (ID, REVISION, PARENT_ID, FIELD_ID, COLUMN_NAME, COLUMN_TYPE, REPORT_COLUMN_NAME, PRODUCT_FIELD, FIELD_TYPE, ENTITY_LOOKUP, ENTITY_LOOKUP_KEY, ORDER_BY, GENERATOR, REFER_TABLE, KEY_COLUMN, LOOKUP_COLUMN, MANDATORY, MIN_LENGTH, MAX_LENGTH, MIN_VALUE, MAX_VALUE, CONSTANT_VALUE, UNIQUE_KEY, CREATE_USER, CREATED_ON, LINE_NO, MANAGED, FIELD_PATH, DATA_TYPE, DATA1, DATA2, TRANSITIVE_FIELDS, FORMULA, ENTITY_LOOKUP_TYPE)
VALUES ('c15a2a4f912c47edab4a21b3b2f1851d', 0, 'd22345557a464a399b88ec7ed04b61a9', 'paymentInstruction', 'PAYMENT_INSTRUCTION', 'NVARCHAR2(1000)', 'PAYMENT_INSTRUCTION', 1, 'string-l', '', '', '', '', '', '', '', 0, NULL, 1000, NULL, NULL, '', '', 'system', systimestamp, '40', 0, 'entity.paymentInstruction', '', '', '', '', '', '');
INSERT INTO CNT_FIELD_DEFINITION
 (ID, REVISION, PARENT_ID, FIELD_ID, COLUMN_NAME, COLUMN_TYPE, REPORT_COLUMN_NAME, PRODUCT_FIELD, FIELD_TYPE, ENTITY_LOOKUP, ENTITY_LOOKUP_KEY, ORDER_BY, GENERATOR, REFER_TABLE, KEY_COLUMN, LOOKUP_COLUMN, MANDATORY, MIN_LENGTH, MAX_LENGTH, MIN_VALUE, MAX_VALUE, CONSTANT_VALUE, UNIQUE_KEY, CREATE_USER, CREATED_ON, LINE_NO, MANAGED, FIELD_PATH, DATA_TYPE, DATA1, DATA2, TRANSITIVE_FIELDS, FORMULA, ENTITY_LOOKUP_TYPE)
VALUES ('3c5ad4a0281041109308b66eb8e75283', 0, 'd22345557a464a399b88ec7ed04b61a9', 'shipmentMethod', 'SHIPMENT_METHOD', 'NVARCHAR2(400)', 'SHIPMENT_METHOD', 1, 'string-m', '', '', '', '', '', '', '', 0, NULL, 400, NULL, NULL, '', '', 'system', systimestamp, '41', 0, 'entity.shipmentMethod', 'codelist', 'SHIPMENT_METHOD', '', '', '', '');
INSERT INTO CNT_FIELD_DEFINITION
 (ID, REVISION, PARENT_ID, FIELD_ID, COLUMN_NAME, COLUMN_TYPE, REPORT_COLUMN_NAME, PRODUCT_FIELD, FIELD_TYPE, ENTITY_LOOKUP, ENTITY_LOOKUP_KEY, ORDER_BY, GENERATOR, REFER_TABLE, KEY_COLUMN, LOOKUP_COLUMN, MANDATORY, MIN_LENGTH, MAX_LENGTH, MIN_VALUE, MAX_VALUE, CONSTANT_VALUE, UNIQUE_KEY, CREATE_USER, CREATED_ON, LINE_NO, MANAGED, FIELD_PATH, DATA_TYPE, DATA1, DATA2, TRANSITIVE_FIELDS, FORMULA, ENTITY_LOOKUP_TYPE)
VALUES ('176b9933f6eb4c4eb5ca3d12e022ba92', 0, 'd22345557a464a399b88ec7ed04b61a9', 'incoterm', 'INCOTERM', 'NVARCHAR2(400)', 'SHIPMENT_INCO_TERM', 1, 'string-m', '', '', '', '', '', '', '', 0, NULL, 400, NULL, NULL, '', '', 'system', systimestamp, '42', 0, 'entity.incoterm', 'codelist', 'INCOTERM', '', '', '', '');
INSERT INTO CNT_FIELD_DEFINITION
 (ID, REVISION, PARENT_ID, FIELD_ID, COLUMN_NAME, COLUMN_TYPE, REPORT_COLUMN_NAME, PRODUCT_FIELD, FIELD_TYPE, ENTITY_LOOKUP, ENTITY_LOOKUP_KEY, ORDER_BY, GENERATOR, REFER_TABLE, KEY_COLUMN, LOOKUP_COLUMN, MANDATORY, MIN_LENGTH, MAX_LENGTH, MIN_VALUE, MAX_VALUE, CONSTANT_VALUE, UNIQUE_KEY, CREATE_USER, CREATED_ON, LINE_NO, MANAGED, FIELD_PATH, DATA_TYPE, DATA1, DATA2, TRANSITIVE_FIELDS, FORMULA, ENTITY_LOOKUP_TYPE)
VALUES ('ba7c4d162a2e4c9dabc69fb91d87ec78', 0, 'd22345557a464a399b88ec7ed04b61a9', 'leadTime', 'LEAD_TIME', 'NUMBER(20, 0)', 'SHIPMENT_LEAD_TIME_DAYS', 1, 'integer', '', '', '', '', '', '', '', 0, NULL, 18, NULL, NULL, '', '', 'system', systimestamp, '43', 0, 'entity.leadTime', '', '', '', '', '', '');
INSERT INTO CNT_FIELD_DEFINITION
 (ID, REVISION, PARENT_ID, FIELD_ID, COLUMN_NAME, COLUMN_TYPE, REPORT_COLUMN_NAME, PRODUCT_FIELD, FIELD_TYPE, ENTITY_LOOKUP, ENTITY_LOOKUP_KEY, ORDER_BY, GENERATOR, REFER_TABLE, KEY_COLUMN, LOOKUP_COLUMN, MANDATORY, MIN_LENGTH, MAX_LENGTH, MIN_VALUE, MAX_VALUE, CONSTANT_VALUE, UNIQUE_KEY, CREATE_USER, CREATED_ON, LINE_NO, MANAGED, FIELD_PATH, DATA_TYPE, DATA1, DATA2, TRANSITIVE_FIELDS, FORMULA, ENTITY_LOOKUP_TYPE)
VALUES ('4f7c11131dd946cab3e838a9a749aa01', 0, 'd22345557a464a399b88ec7ed04b61a9', 'contactId', 'CONTACT_ID', 'CHAR(32)', 'CONTACT_SYS_ID', 1, 'id', '', '', '', '', '', '', '', 0, 32, 32, NULL, NULL, '', '', 'system', systimestamp, '44', 0, 'entity.contactId', '', '', '', '', '', '');
INSERT INTO CNT_FIELD_DEFINITION
 (ID, REVISION, PARENT_ID, FIELD_ID, COLUMN_NAME, COLUMN_TYPE, REPORT_COLUMN_NAME, PRODUCT_FIELD, FIELD_TYPE, ENTITY_LOOKUP, ENTITY_LOOKUP_KEY, ORDER_BY, GENERATOR, REFER_TABLE, KEY_COLUMN, LOOKUP_COLUMN, MANDATORY, MIN_LENGTH, MAX_LENGTH, MIN_VALUE, MAX_VALUE, CONSTANT_VALUE, UNIQUE_KEY, CREATE_USER, CREATED_ON, LINE_NO, MANAGED, FIELD_PATH, DATA_TYPE, DATA1, DATA2, TRANSITIVE_FIELDS, FORMULA, ENTITY_LOOKUP_TYPE)
VALUES ('1f7730567e904adab68880b8eaf0152e', 0, 'd22345557a464a399b88ec7ed04b61a9', 'contactName', 'CONTACT_NAME', 'NVARCHAR2(400)', 'CONTACT_NAME', 1, 'string-m', '', '', '', '', '', '', '', 0, NULL, 400, NULL, NULL, '', '', 'system', systimestamp, '45', 0, 'entity.contactName', '', '', '', '', '', '');
INSERT INTO CNT_FIELD_DEFINITION
 (ID, REVISION, PARENT_ID, FIELD_ID, COLUMN_NAME, COLUMN_TYPE, REPORT_COLUMN_NAME, PRODUCT_FIELD, FIELD_TYPE, ENTITY_LOOKUP, ENTITY_LOOKUP_KEY, ORDER_BY, GENERATOR, REFER_TABLE, KEY_COLUMN, LOOKUP_COLUMN, MANDATORY, MIN_LENGTH, MAX_LENGTH, MIN_VALUE, MAX_VALUE, CONSTANT_VALUE, UNIQUE_KEY, CREATE_USER, CREATED_ON, LINE_NO, MANAGED, FIELD_PATH, DATA_TYPE, DATA1, DATA2, TRANSITIVE_FIELDS, FORMULA, ENTITY_LOOKUP_TYPE)
VALUES ('6fb4d69e16af408ca7c2a0d1ec6e94ba', 0, 'd22345557a464a399b88ec7ed04b61a9', 'telNo', 'TEL_NO', 'NVARCHAR2(400)', 'CONTACT_PHONE', 1, 'string-m', '', '', '', '', '', '', '', 0, NULL, 400, NULL, NULL, '', '', 'system', systimestamp, '46', 0, 'entity.telNo', '', '', '', '', '', '');
INSERT INTO CNT_FIELD_DEFINITION
 (ID, REVISION, PARENT_ID, FIELD_ID, COLUMN_NAME, COLUMN_TYPE, REPORT_COLUMN_NAME, PRODUCT_FIELD, FIELD_TYPE, ENTITY_LOOKUP, ENTITY_LOOKUP_KEY, ORDER_BY, GENERATOR, REFER_TABLE, KEY_COLUMN, LOOKUP_COLUMN, MANDATORY, MIN_LENGTH, MAX_LENGTH, MIN_VALUE, MAX_VALUE, CONSTANT_VALUE, UNIQUE_KEY, CREATE_USER, CREATED_ON, LINE_NO, MANAGED, FIELD_PATH, DATA_TYPE, DATA1, DATA2, TRANSITIVE_FIELDS, FORMULA, ENTITY_LOOKUP_TYPE)
VALUES ('1e6828f1daf742779219379b4fb7c742', 0, 'd22345557a464a399b88ec7ed04b61a9', 'mobileNo', 'MOBILE_NO', 'NVARCHAR2(400)', 'CONTACT_MOBILE', 1, 'string-m', '', '', '', '', '', '', '', 0, NULL, 400, NULL, NULL, '', '', 'system', systimestamp, '47', 0, 'entity.mobileNo', '', '', '', '', '', '');
INSERT INTO CNT_FIELD_DEFINITION
 (ID, REVISION, PARENT_ID, FIELD_ID, COLUMN_NAME, COLUMN_TYPE, REPORT_COLUMN_NAME, PRODUCT_FIELD, FIELD_TYPE, ENTITY_LOOKUP, ENTITY_LOOKUP_KEY, ORDER_BY, GENERATOR, REFER_TABLE, KEY_COLUMN, LOOKUP_COLUMN, MANDATORY, MIN_LENGTH, MAX_LENGTH, MIN_VALUE, MAX_VALUE, CONSTANT_VALUE, UNIQUE_KEY, CREATE_USER, CREATED_ON, LINE_NO, MANAGED, FIELD_PATH, DATA_TYPE, DATA1, DATA2, TRANSITIVE_FIELDS, FORMULA, ENTITY_LOOKUP_TYPE)
VALUES ('e04892268c094fbbb54a381c7068db1e', 0, 'd22345557a464a399b88ec7ed04b61a9', 'faxNo', 'FAX_NO', 'NVARCHAR2(400)', 'CONTACT_FAX', 1, 'string-m', '', '', '', '', '', '', '', 0, NULL, 400, NULL, NULL, '', '', 'system', systimestamp, '48', 0, 'entity.faxNo', '', '', '', '', '', '');
INSERT INTO CNT_FIELD_DEFINITION
 (ID, REVISION, PARENT_ID, FIELD_ID, COLUMN_NAME, COLUMN_TYPE, REPORT_COLUMN_NAME, PRODUCT_FIELD, FIELD_TYPE, ENTITY_LOOKUP, ENTITY_LOOKUP_KEY, ORDER_BY, GENERATOR, REFER_TABLE, KEY_COLUMN, LOOKUP_COLUMN, MANDATORY, MIN_LENGTH, MAX_LENGTH, MIN_VALUE, MAX_VALUE, CONSTANT_VALUE, UNIQUE_KEY, CREATE_USER, CREATED_ON, LINE_NO, MANAGED, FIELD_PATH, DATA_TYPE, DATA1, DATA2, TRANSITIVE_FIELDS, FORMULA, ENTITY_LOOKUP_TYPE)
VALUES ('04f8d79570ea4697a45b6e870226a699', 0, 'd22345557a464a399b88ec7ed04b61a9', 'email', 'EMAIL', 'NVARCHAR2(400)', 'CONTACT_EMAIL', 1, 'string-m', '', '', '', '', '', '', '', 0, NULL, 400, NULL, NULL, '', '', 'system', systimestamp, '49', 0, 'entity.email', '', '', '', '', '', '');
INSERT INTO CNT_FIELD_DEFINITION
 (ID, REVISION, PARENT_ID, FIELD_ID, COLUMN_NAME, COLUMN_TYPE, REPORT_COLUMN_NAME, PRODUCT_FIELD, FIELD_TYPE, ENTITY_LOOKUP, ENTITY_LOOKUP_KEY, ORDER_BY, GENERATOR, REFER_TABLE, KEY_COLUMN, LOOKUP_COLUMN, MANDATORY, MIN_LENGTH, MAX_LENGTH, MIN_VALUE, MAX_VALUE, CONSTANT_VALUE, UNIQUE_KEY, CREATE_USER, CREATED_ON, LINE_NO, MANAGED, FIELD_PATH, DATA_TYPE, DATA1, DATA2, TRANSITIVE_FIELDS, FORMULA, ENTITY_LOOKUP_TYPE)
VALUES ('94fc58da4ef24734ad88da4920910f7c', 0, 'd22345557a464a399b88ec7ed04b61a9', 'contactRemarks', 'CONTACT_REMARKS', 'NVARCHAR2(1000)', 'CONTACT_REMARKS', 1, 'string-l', '', '', '', '', '', '', '', 0, NULL, 1000, NULL, NULL, '', '', 'system', systimestamp, '50', 0, 'entity.contactRemarks', '', '', '', '', '', '');
INSERT INTO CNT_FIELD_DEFINITION
 (ID, REVISION, PARENT_ID, FIELD_ID, COLUMN_NAME, COLUMN_TYPE, REPORT_COLUMN_NAME, PRODUCT_FIELD, FIELD_TYPE, ENTITY_LOOKUP, ENTITY_LOOKUP_KEY, ORDER_BY, GENERATOR, REFER_TABLE, KEY_COLUMN, LOOKUP_COLUMN, MANDATORY, MIN_LENGTH, MAX_LENGTH, MIN_VALUE, MAX_VALUE, CONSTANT_VALUE, UNIQUE_KEY, CREATE_USER, CREATED_ON, LINE_NO, MANAGED, FIELD_PATH, DATA_TYPE, DATA1, DATA2, TRANSITIVE_FIELDS, FORMULA, ENTITY_LOOKUP_TYPE)
VALUES ('a1b918e6acb9438390053949b5f27256', 0, 'd22345557a464a399b88ec7ed04b61a9', 'background', 'BACKGROUND', 'NVARCHAR2(1000)', 'BACKGROUND', 1, 'string-l', '', '', '', '', '', '', '', 0, NULL, 1000, NULL, NULL, '', '', 'system', systimestamp, '51', 0, 'entity.background', '', '', '', '', '', '');
INSERT INTO CNT_FIELD_DEFINITION
 (ID, REVISION, PARENT_ID, FIELD_ID, COLUMN_NAME, COLUMN_TYPE, REPORT_COLUMN_NAME, PRODUCT_FIELD, FIELD_TYPE, ENTITY_LOOKUP, ENTITY_LOOKUP_KEY, ORDER_BY, GENERATOR, REFER_TABLE, KEY_COLUMN, LOOKUP_COLUMN, MANDATORY, MIN_LENGTH, MAX_LENGTH, MIN_VALUE, MAX_VALUE, CONSTANT_VALUE, UNIQUE_KEY, CREATE_USER, CREATED_ON, LINE_NO, MANAGED, FIELD_PATH, DATA_TYPE, DATA1, DATA2, TRANSITIVE_FIELDS, FORMULA, ENTITY_LOOKUP_TYPE)
VALUES ('9cddf05f77234a4fa80017522a0159a8', 0, 'd22345557a464a399b88ec7ed04b61a9', 'companyEmail', 'COMPANY_EMAIL', 'NVARCHAR2(400)', 'COMPANY_EMAIL', 1, 'string-m', '', '', '', '', '', '', '', 0, NULL, 400, NULL, NULL, '', '', 'system', systimestamp, '52', 0, 'entity.companyEmail', '', '', '', '', '', '');
INSERT INTO CNT_FIELD_DEFINITION
 (ID, REVISION, PARENT_ID, FIELD_ID, COLUMN_NAME, COLUMN_TYPE, REPORT_COLUMN_NAME, PRODUCT_FIELD, FIELD_TYPE, ENTITY_LOOKUP, ENTITY_LOOKUP_KEY, ORDER_BY, GENERATOR, REFER_TABLE, KEY_COLUMN, LOOKUP_COLUMN, MANDATORY, MIN_LENGTH, MAX_LENGTH, MIN_VALUE, MAX_VALUE, CONSTANT_VALUE, UNIQUE_KEY, CREATE_USER, CREATED_ON, LINE_NO, MANAGED, FIELD_PATH, DATA_TYPE, DATA1, DATA2, TRANSITIVE_FIELDS, FORMULA, ENTITY_LOOKUP_TYPE)
VALUES ('a9e94644fece420594be2728d3ef1f42', 0, 'd22345557a464a399b88ec7ed04b61a9', 'companyWebsite', 'COMPANY_WEBSITE', 'NVARCHAR2(400)', 'COMPANY_WEBSITE', 1, 'string-m', '', '', '', '', '', '', '', 0, NULL, 400, NULL, NULL, '', '', 'system', systimestamp, '53', 0, 'entity.companyWebsite', '', '', '', '', '', '');
INSERT INTO CNT_FIELD_DEFINITION
 (ID, REVISION, PARENT_ID, FIELD_ID, COLUMN_NAME, COLUMN_TYPE, REPORT_COLUMN_NAME, PRODUCT_FIELD, FIELD_TYPE, ENTITY_LOOKUP, ENTITY_LOOKUP_KEY, ORDER_BY, GENERATOR, REFER_TABLE, KEY_COLUMN, LOOKUP_COLUMN, MANDATORY, MIN_LENGTH, MAX_LENGTH, MIN_VALUE, MAX_VALUE, CONSTANT_VALUE, UNIQUE_KEY, CREATE_USER, CREATED_ON, LINE_NO, MANAGED, FIELD_PATH, DATA_TYPE, DATA1, DATA2, TRANSITIVE_FIELDS, FORMULA, ENTITY_LOOKUP_TYPE)
VALUES ('54163fad3095423ea6eafe51b6da4038', 0, 'd22345557a464a399b88ec7ed04b61a9', 'businessRegistrationNo', 'BUSINESS_REGISTRATION_NO', 'NVARCHAR2(400)', 'BUSINESS_REGISTRATION_NO', 1, 'string-m', '', '', '', '', '', '', '', 0, NULL, 400, NULL, NULL, '', '', 'system', systimestamp, '54', 0, 'entity.businessRegistrationNo', '', '', '', '', '', '');
INSERT INTO CNT_FIELD_DEFINITION
 (ID, REVISION, PARENT_ID, FIELD_ID, COLUMN_NAME, COLUMN_TYPE, REPORT_COLUMN_NAME, PRODUCT_FIELD, FIELD_TYPE, ENTITY_LOOKUP, ENTITY_LOOKUP_KEY, ORDER_BY, GENERATOR, REFER_TABLE, KEY_COLUMN, LOOKUP_COLUMN, MANDATORY, MIN_LENGTH, MAX_LENGTH, MIN_VALUE, MAX_VALUE, CONSTANT_VALUE, UNIQUE_KEY, CREATE_USER, CREATED_ON, LINE_NO, MANAGED, FIELD_PATH, DATA_TYPE, DATA1, DATA2, TRANSITIVE_FIELDS, FORMULA, ENTITY_LOOKUP_TYPE)
VALUES ('0e79268ce94b4fd3b4044c6b43b0dfe5', 0, 'd22345557a464a399b88ec7ed04b61a9', 'placeOfIncorporation', 'PLACE_OF_INCORPORATION', 'NVARCHAR2(400)', 'PLACE_OF_INCORPORATION', 1, 'string-m', '', '', '', '', '', '', '', 0, NULL, 400, NULL, NULL, '', '', 'system', systimestamp, '55', 0, 'entity.placeOfIncorporation', 'codelist', 'COUNTRY', '', '', '', '');
INSERT INTO CNT_FIELD_DEFINITION
 (ID, REVISION, PARENT_ID, FIELD_ID, COLUMN_NAME, COLUMN_TYPE, REPORT_COLUMN_NAME, PRODUCT_FIELD, FIELD_TYPE, ENTITY_LOOKUP, ENTITY_LOOKUP_KEY, ORDER_BY, GENERATOR, REFER_TABLE, KEY_COLUMN, LOOKUP_COLUMN, MANDATORY, MIN_LENGTH, MAX_LENGTH, MIN_VALUE, MAX_VALUE, CONSTANT_VALUE, UNIQUE_KEY, CREATE_USER, CREATED_ON, LINE_NO, MANAGED, FIELD_PATH, DATA_TYPE, DATA1, DATA2, TRANSITIVE_FIELDS, FORMULA, ENTITY_LOOKUP_TYPE)
VALUES ('a456cda0354a41e3bf6d1b9075dc89b3', 0, 'd22345557a464a399b88ec7ed04b61a9', 'vatNo', 'VAT_NO', 'NVARCHAR2(400)', 'VAT_NO', 1, 'string-m', '', '', '', '', '', '', '', 0, NULL, 400, NULL, NULL, '', '', 'system', systimestamp, '56', 0, 'entity.vatNo', '', '', '', '', '', '');
INSERT INTO CNT_FIELD_DEFINITION
 (ID, REVISION, PARENT_ID, FIELD_ID, COLUMN_NAME, COLUMN_TYPE, REPORT_COLUMN_NAME, PRODUCT_FIELD, FIELD_TYPE, ENTITY_LOOKUP, ENTITY_LOOKUP_KEY, ORDER_BY, GENERATOR, REFER_TABLE, KEY_COLUMN, LOOKUP_COLUMN, MANDATORY, MIN_LENGTH, MAX_LENGTH, MIN_VALUE, MAX_VALUE, CONSTANT_VALUE, UNIQUE_KEY, CREATE_USER, CREATED_ON, LINE_NO, MANAGED, FIELD_PATH, DATA_TYPE, DATA1, DATA2, TRANSITIVE_FIELDS, FORMULA, ENTITY_LOOKUP_TYPE)
VALUES ('6395b5db17184f03a99d856fb6bb6d40', 0, 'd22345557a464a399b88ec7ed04b61a9', 'preferredLanguage', 'PREFERRED_LANGUAGE', 'NVARCHAR2(400)', 'PREFERRED_LANGUAGE', 1, 'string-m', '', '', '', '', '', '', '', 0, NULL, 400, NULL, NULL, '', '', 'system', systimestamp, '57', 0, 'entity.preferredLanguage', 'codelist', 'LANGUAGE', '', '', '', '');
INSERT INTO CNT_FIELD_DEFINITION
 (ID, REVISION, PARENT_ID, FIELD_ID, COLUMN_NAME, COLUMN_TYPE, REPORT_COLUMN_NAME, PRODUCT_FIELD, FIELD_TYPE, ENTITY_LOOKUP, ENTITY_LOOKUP_KEY, ORDER_BY, GENERATOR, REFER_TABLE, KEY_COLUMN, LOOKUP_COLUMN, MANDATORY, MIN_LENGTH, MAX_LENGTH, MIN_VALUE, MAX_VALUE, CONSTANT_VALUE, UNIQUE_KEY, CREATE_USER, CREATED_ON, LINE_NO, MANAGED, FIELD_PATH, DATA_TYPE, DATA1, DATA2, TRANSITIVE_FIELDS, FORMULA, ENTITY_LOOKUP_TYPE)
VALUES ('c482769af7774ea2a885ac796f018134', 0, 'd22345557a464a399b88ec7ed04b61a9', 'portalAccessEnabled', 'PORTAL_ACCESS_ENABLED', 'NUMBER(1,0)', 'PORTAL_ACCESS_ENABLED', 1, 'boolean', '', '', '', '', '', '', '', 0, NULL, NULL, NULL, NULL, '', '', 'system', systimestamp, '58', 0, 'entity.portalAccessEnabled', '', '', '', '', '', '');
INSERT INTO CNT_FIELD_DEFINITION
 (ID, REVISION, PARENT_ID, FIELD_ID, COLUMN_NAME, COLUMN_TYPE, REPORT_COLUMN_NAME, PRODUCT_FIELD, FIELD_TYPE, ENTITY_LOOKUP, ENTITY_LOOKUP_KEY, ORDER_BY, GENERATOR, REFER_TABLE, KEY_COLUMN, LOOKUP_COLUMN, MANDATORY, MIN_LENGTH, MAX_LENGTH, MIN_VALUE, MAX_VALUE, CONSTANT_VALUE, UNIQUE_KEY, CREATE_USER, CREATED_ON, LINE_NO, MANAGED, FIELD_PATH, DATA_TYPE, DATA1, DATA2, TRANSITIVE_FIELDS, FORMULA, ENTITY_LOOKUP_TYPE)
VALUES ('1a55eed5e2a24c23b8d5d2947321ecb0', 0, 'd22345557a464a399b88ec7ed04b61a9', 'accountName', 'ACCOUNT_NAME', 'NVARCHAR2(400)', 'ACCOUNT_NAME', 1, 'string-m', '', '', '', '', '', '', '', 0, NULL, 400, NULL, NULL, '', '', 'system', systimestamp, '59', 0, 'entity.accountName', '', '', '', '', '', '');
INSERT INTO CNT_FIELD_DEFINITION
 (ID, REVISION, PARENT_ID, FIELD_ID, COLUMN_NAME, COLUMN_TYPE, REPORT_COLUMN_NAME, PRODUCT_FIELD, FIELD_TYPE, ENTITY_LOOKUP, ENTITY_LOOKUP_KEY, ORDER_BY, GENERATOR, REFER_TABLE, KEY_COLUMN, LOOKUP_COLUMN, MANDATORY, MIN_LENGTH, MAX_LENGTH, MIN_VALUE, MAX_VALUE, CONSTANT_VALUE, UNIQUE_KEY, CREATE_USER, CREATED_ON, LINE_NO, MANAGED, FIELD_PATH, DATA_TYPE, DATA1, DATA2, TRANSITIVE_FIELDS, FORMULA, ENTITY_LOOKUP_TYPE)
VALUES ('b101d91dcc2e4b468499661d05940cd3', 0, 'd22345557a464a399b88ec7ed04b61a9', 'accountNo', 'ACCOUNT_NO', 'NVARCHAR2(400)', 'ACCOUNT_NO', 1, 'string-m', '', '', '', '', '', '', '', 0, NULL, 400, NULL, NULL, '', '', 'system', systimestamp, '60', 0, 'entity.accountNo', '', '', '', '', '', '');
INSERT INTO CNT_FIELD_DEFINITION
 (ID, REVISION, PARENT_ID, FIELD_ID, COLUMN_NAME, COLUMN_TYPE, REPORT_COLUMN_NAME, PRODUCT_FIELD, FIELD_TYPE, ENTITY_LOOKUP, ENTITY_LOOKUP_KEY, ORDER_BY, GENERATOR, REFER_TABLE, KEY_COLUMN, LOOKUP_COLUMN, MANDATORY, MIN_LENGTH, MAX_LENGTH, MIN_VALUE, MAX_VALUE, CONSTANT_VALUE, UNIQUE_KEY, CREATE_USER, CREATED_ON, LINE_NO, MANAGED, FIELD_PATH, DATA_TYPE, DATA1, DATA2, TRANSITIVE_FIELDS, FORMULA, ENTITY_LOOKUP_TYPE)
VALUES ('ad462defcd98435e9d7a1725414858b3', 0, 'd22345557a464a399b88ec7ed04b61a9', 'accountRefNo', 'ACCOUNT_REF_NO', 'NVARCHAR2(400)', 'ACCOUNT_REF_NO', 1, 'string-m', '', '', '', '', '', '', '', 0, NULL, 400, NULL, NULL, '', '', 'system', systimestamp, '61', 0, 'entity.accountRefNo', '', '', '', '', '', '');
INSERT INTO CNT_FIELD_DEFINITION
 (ID, REVISION, PARENT_ID, FIELD_ID, COLUMN_NAME, COLUMN_TYPE, REPORT_COLUMN_NAME, PRODUCT_FIELD, FIELD_TYPE, ENTITY_LOOKUP, ENTITY_LOOKUP_KEY, ORDER_BY, GENERATOR, REFER_TABLE, KEY_COLUMN, LOOKUP_COLUMN, MANDATORY, MIN_LENGTH, MAX_LENGTH, MIN_VALUE, MAX_VALUE, CONSTANT_VALUE, UNIQUE_KEY, CREATE_USER, CREATED_ON, LINE_NO, MANAGED, FIELD_PATH, DATA_TYPE, DATA1, DATA2, TRANSITIVE_FIELDS, FORMULA, ENTITY_LOOKUP_TYPE)
VALUES ('4a62a1870eb34d3ea92b7128707f273d', 0, 'd22345557a464a399b88ec7ed04b61a9', 'bankName', 'BANK_NAME', 'NVARCHAR2(400)', 'BANK_NAME', 1, 'string-m', '', '', '', '', '', '', '', 0, NULL, 400, NULL, NULL, '', '', 'system', systimestamp, '62', 0, 'entity.bankName', '', '', '', '', '', '');
INSERT INTO CNT_FIELD_DEFINITION
 (ID, REVISION, PARENT_ID, FIELD_ID, COLUMN_NAME, COLUMN_TYPE, REPORT_COLUMN_NAME, PRODUCT_FIELD, FIELD_TYPE, ENTITY_LOOKUP, ENTITY_LOOKUP_KEY, ORDER_BY, GENERATOR, REFER_TABLE, KEY_COLUMN, LOOKUP_COLUMN, MANDATORY, MIN_LENGTH, MAX_LENGTH, MIN_VALUE, MAX_VALUE, CONSTANT_VALUE, UNIQUE_KEY, CREATE_USER, CREATED_ON, LINE_NO, MANAGED, FIELD_PATH, DATA_TYPE, DATA1, DATA2, TRANSITIVE_FIELDS, FORMULA, ENTITY_LOOKUP_TYPE)
VALUES ('699b24b84872463d80a5383e860554ab', 0, 'd22345557a464a399b88ec7ed04b61a9', 'bankCode', 'BANK_CODE', 'NVARCHAR2(400)', 'BANK_CODE', 1, 'string-m', '', '', '', '', '', '', '', 0, NULL, 400, NULL, NULL, '', '', 'system', systimestamp, '63', 0, 'entity.bankCode', '', '', '', '', '', '');
INSERT INTO CNT_FIELD_DEFINITION
 (ID, REVISION, PARENT_ID, FIELD_ID, COLUMN_NAME, COLUMN_TYPE, REPORT_COLUMN_NAME, PRODUCT_FIELD, FIELD_TYPE, ENTITY_LOOKUP, ENTITY_LOOKUP_KEY, ORDER_BY, GENERATOR, REFER_TABLE, KEY_COLUMN, LOOKUP_COLUMN, MANDATORY, MIN_LENGTH, MAX_LENGTH, MIN_VALUE, MAX_VALUE, CONSTANT_VALUE, UNIQUE_KEY, CREATE_USER, CREATED_ON, LINE_NO, MANAGED, FIELD_PATH, DATA_TYPE, DATA1, DATA2, TRANSITIVE_FIELDS, FORMULA, ENTITY_LOOKUP_TYPE)
VALUES ('8ccb977ca13647059ca723af241ef132', 0, 'd22345557a464a399b88ec7ed04b61a9', 'swiftCode', 'SWIFT_CODE', 'NVARCHAR2(400)', 'SWIFT_CODE', 1, 'string-m', '', '', '', '', '', '', '', 0, NULL, 400, NULL, NULL, '', '', 'system', systimestamp, '64', 0, 'entity.swiftCode', '', '', '', '', '', '');
INSERT INTO CNT_FIELD_DEFINITION
 (ID, REVISION, PARENT_ID, FIELD_ID, COLUMN_NAME, COLUMN_TYPE, REPORT_COLUMN_NAME, PRODUCT_FIELD, FIELD_TYPE, ENTITY_LOOKUP, ENTITY_LOOKUP_KEY, ORDER_BY, GENERATOR, REFER_TABLE, KEY_COLUMN, LOOKUP_COLUMN, MANDATORY, MIN_LENGTH, MAX_LENGTH, MIN_VALUE, MAX_VALUE, CONSTANT_VALUE, UNIQUE_KEY, CREATE_USER, CREATED_ON, LINE_NO, MANAGED, FIELD_PATH, DATA_TYPE, DATA1, DATA2, TRANSITIVE_FIELDS, FORMULA, ENTITY_LOOKUP_TYPE)
VALUES ('2cd7dcb85f284d32b9ee22b1ca30db13', 0, 'd22345557a464a399b88ec7ed04b61a9', 'exportLicenseNo', 'EXPORT_LICENSE_NO', 'NVARCHAR2(400)', 'EXPORT_LICENSE_NO', 1, 'string-m', '', '', '', '', '', '', '', 0, NULL, 400, NULL, NULL, '', '', 'system', systimestamp, '65', 0, 'entity.exportLicenseNo', '', '', '', '', '', '');
INSERT INTO CNT_FIELD_DEFINITION
 (ID, REVISION, PARENT_ID, FIELD_ID, COLUMN_NAME, COLUMN_TYPE, REPORT_COLUMN_NAME, PRODUCT_FIELD, FIELD_TYPE, ENTITY_LOOKUP, ENTITY_LOOKUP_KEY, ORDER_BY, GENERATOR, REFER_TABLE, KEY_COLUMN, LOOKUP_COLUMN, MANDATORY, MIN_LENGTH, MAX_LENGTH, MIN_VALUE, MAX_VALUE, CONSTANT_VALUE, UNIQUE_KEY, CREATE_USER, CREATED_ON, LINE_NO, MANAGED, FIELD_PATH, DATA_TYPE, DATA1, DATA2, TRANSITIVE_FIELDS, FORMULA, ENTITY_LOOKUP_TYPE)
VALUES ('ad19cdc07dbb41109fe2fdcfce600c6a', 0, 'd22345557a464a399b88ec7ed04b61a9', 'noOfEmployees', 'NO_OF_EMPLOYEES', 'NUMBER(20, 0)', 'NO_OF_EMPLOYEES', 1, 'integer', '', '', '', '', '', '', '', 0, NULL, 18, NULL, NULL, '', '', 'system', systimestamp, '66', 0, 'entity.noOfEmployees', '', '', '', '', '', '');
INSERT INTO CNT_FIELD_DEFINITION
 (ID, REVISION, PARENT_ID, FIELD_ID, COLUMN_NAME, COLUMN_TYPE, REPORT_COLUMN_NAME, PRODUCT_FIELD, FIELD_TYPE, ENTITY_LOOKUP, ENTITY_LOOKUP_KEY, ORDER_BY, GENERATOR, REFER_TABLE, KEY_COLUMN, LOOKUP_COLUMN, MANDATORY, MIN_LENGTH, MAX_LENGTH, MIN_VALUE, MAX_VALUE, CONSTANT_VALUE, UNIQUE_KEY, CREATE_USER, CREATED_ON, LINE_NO, MANAGED, FIELD_PATH, DATA_TYPE, DATA1, DATA2, TRANSITIVE_FIELDS, FORMULA, ENTITY_LOOKUP_TYPE)
VALUES ('1f89ae2b5b8a493fa3f259320c903bea', 0, 'd22345557a464a399b88ec7ed04b61a9', 'yearEstablished', 'YEAR_ESTABLISHED', 'NUMBER(20, 0)', 'YEAR_ESTABLISHED', 1, 'integer', '', '', '', '', '', '', '', 0, NULL, 18, NULL, NULL, '', '', 'system', systimestamp, '67', 0, 'entity.yearEstablished', '', '', '', '', '', '');
INSERT INTO CNT_FIELD_DEFINITION
 (ID, REVISION, PARENT_ID, FIELD_ID, COLUMN_NAME, COLUMN_TYPE, REPORT_COLUMN_NAME, PRODUCT_FIELD, FIELD_TYPE, ENTITY_LOOKUP, ENTITY_LOOKUP_KEY, ORDER_BY, GENERATOR, REFER_TABLE, KEY_COLUMN, LOOKUP_COLUMN, MANDATORY, MIN_LENGTH, MAX_LENGTH, MIN_VALUE, MAX_VALUE, CONSTANT_VALUE, UNIQUE_KEY, CREATE_USER, CREATED_ON, LINE_NO, MANAGED, FIELD_PATH, DATA_TYPE, DATA1, DATA2, TRANSITIVE_FIELDS, FORMULA, ENTITY_LOOKUP_TYPE)
VALUES ('04effc74dbfc42d0ac51f91fa68006bd', 0, 'd22345557a464a399b88ec7ed04b61a9', 'totalAnnualTurnover', 'TOTAL_ANNUAL_TURNOVER', 'NUMBER(25, 5)', 'ANNUAL_TURNOVER_TOTAL', 1, 'decimal-rate', '', '', '', '', '', '', '', 0, NULL, 20, NULL, NULL, '', '', 'system', systimestamp, '68', 0, 'entity.totalAnnualTurnover', '', '', '', '', '', '');
INSERT INTO CNT_FIELD_DEFINITION
 (ID, REVISION, PARENT_ID, FIELD_ID, COLUMN_NAME, COLUMN_TYPE, REPORT_COLUMN_NAME, PRODUCT_FIELD, FIELD_TYPE, ENTITY_LOOKUP, ENTITY_LOOKUP_KEY, ORDER_BY, GENERATOR, REFER_TABLE, KEY_COLUMN, LOOKUP_COLUMN, MANDATORY, MIN_LENGTH, MAX_LENGTH, MIN_VALUE, MAX_VALUE, CONSTANT_VALUE, UNIQUE_KEY, CREATE_USER, CREATED_ON, LINE_NO, MANAGED, FIELD_PATH, DATA_TYPE, DATA1, DATA2, TRANSITIVE_FIELDS, FORMULA, ENTITY_LOOKUP_TYPE)
VALUES ('6bc17e67aa0f40e9a3f3be8dd13698f6', 0, 'd22345557a464a399b88ec7ed04b61a9', 'exportAnnualTurnover', 'EXPORT_ANNUAL_TURNOVER', 'NUMBER(25, 5)', 'ANNUAL_TURNOVER_EXPORT', 1, 'decimal-rate', '', '', '', '', '', '', '', 0, NULL, 20, NULL, NULL, '', '', 'system', systimestamp, '69', 0, 'entity.exportAnnualTurnover', '', '', '', '', '', '');
INSERT INTO CNT_FIELD_DEFINITION
 (ID, REVISION, PARENT_ID, FIELD_ID, COLUMN_NAME, COLUMN_TYPE, REPORT_COLUMN_NAME, PRODUCT_FIELD, FIELD_TYPE, ENTITY_LOOKUP, ENTITY_LOOKUP_KEY, ORDER_BY, GENERATOR, REFER_TABLE, KEY_COLUMN, LOOKUP_COLUMN, MANDATORY, MIN_LENGTH, MAX_LENGTH, MIN_VALUE, MAX_VALUE, CONSTANT_VALUE, UNIQUE_KEY, CREATE_USER, CREATED_ON, LINE_NO, MANAGED, FIELD_PATH, DATA_TYPE, DATA1, DATA2, TRANSITIVE_FIELDS, FORMULA, ENTITY_LOOKUP_TYPE)
VALUES ('6c60c42317264d49a0e66da5c30aa8cc', 0, 'd22345557a464a399b88ec7ed04b61a9', 'creditLimit', 'CREDIT_LIMIT', 'NUMBER(25, 5)', 'CREDIT_LIMIT', 1, 'decimal-rate', '', '', '', '', '', '', '', 0, NULL, 20, NULL, NULL, '', '', 'system', systimestamp, '70', 0, 'entity.creditLimit', '', '', '', '', '', '');
INSERT INTO CNT_FIELD_DEFINITION
 (ID, REVISION, PARENT_ID, FIELD_ID, COLUMN_NAME, COLUMN_TYPE, REPORT_COLUMN_NAME, PRODUCT_FIELD, FIELD_TYPE, ENTITY_LOOKUP, ENTITY_LOOKUP_KEY, ORDER_BY, GENERATOR, REFER_TABLE, KEY_COLUMN, LOOKUP_COLUMN, MANDATORY, MIN_LENGTH, MAX_LENGTH, MIN_VALUE, MAX_VALUE, CONSTANT_VALUE, UNIQUE_KEY, CREATE_USER, CREATED_ON, LINE_NO, MANAGED, FIELD_PATH, DATA_TYPE, DATA1, DATA2, TRANSITIVE_FIELDS, FORMULA, ENTITY_LOOKUP_TYPE)
VALUES ('c0115826122343318825a0a31ef08d33', 0, 'd22345557a464a399b88ec7ed04b61a9', 'creditReport', 'CREDIT_REPORT', 'NUMBER(1,0)', 'CREDIT_REPORT_AVAILABLE', 1, 'boolean', '', '', '', '', '', '', '', 0, NULL, NULL, NULL, NULL, '', '', 'system', systimestamp, '71', 0, 'entity.creditReport', '', '', '', '', '', '');
INSERT INTO CNT_FIELD_DEFINITION
 (ID, REVISION, PARENT_ID, FIELD_ID, COLUMN_NAME, COLUMN_TYPE, REPORT_COLUMN_NAME, PRODUCT_FIELD, FIELD_TYPE, ENTITY_LOOKUP, ENTITY_LOOKUP_KEY, ORDER_BY, GENERATOR, REFER_TABLE, KEY_COLUMN, LOOKUP_COLUMN, MANDATORY, MIN_LENGTH, MAX_LENGTH, MIN_VALUE, MAX_VALUE, CONSTANT_VALUE, UNIQUE_KEY, CREATE_USER, CREATED_ON, LINE_NO, MANAGED, FIELD_PATH, DATA_TYPE, DATA1, DATA2, TRANSITIVE_FIELDS, FORMULA, ENTITY_LOOKUP_TYPE)
VALUES ('127e00ca385244a892ffbec2b880694b', 0, 'd22345557a464a399b88ec7ed04b61a9', 'profileType', 'PROFILE_TYPE', 'NUMBER(20, 0)', 'PROFILE_TYPE', 1, 'integer', '', '', '', '', '', '', '', 0, NULL, 18, NULL, NULL, '', '', 'system', systimestamp, '72', 0, 'entity.profileType', '', '', '', '', '', '');
INSERT INTO CNT_FIELD_DEFINITION
 (ID, REVISION, PARENT_ID, FIELD_ID, COLUMN_NAME, COLUMN_TYPE, REPORT_COLUMN_NAME, PRODUCT_FIELD, FIELD_TYPE, ENTITY_LOOKUP, ENTITY_LOOKUP_KEY, ORDER_BY, GENERATOR, REFER_TABLE, KEY_COLUMN, LOOKUP_COLUMN, MANDATORY, MIN_LENGTH, MAX_LENGTH, MIN_VALUE, MAX_VALUE, CONSTANT_VALUE, UNIQUE_KEY, CREATE_USER, CREATED_ON, LINE_NO, MANAGED, FIELD_PATH, DATA_TYPE, DATA1, DATA2, TRANSITIVE_FIELDS, FORMULA, ENTITY_LOOKUP_TYPE)
VALUES ('ce39a156daea463e89a19fa4c8a1f793', 0, 'd22345557a464a399b88ec7ed04b61a9', 'custHc', 'CUST_HC', '', '', 1, 'collection', 'CustHc', 'custId', '', '', '', '', '', 0, NULL, NULL, NULL, NULL, '', '', 'system', systimestamp, '73', 0, 'entity.custHc', '', '', '', '', '', '');
INSERT INTO CNT_FIELD_DEFINITION
 (ID, REVISION, PARENT_ID, FIELD_ID, COLUMN_NAME, COLUMN_TYPE, REPORT_COLUMN_NAME, PRODUCT_FIELD, FIELD_TYPE, ENTITY_LOOKUP, ENTITY_LOOKUP_KEY, ORDER_BY, GENERATOR, REFER_TABLE, KEY_COLUMN, LOOKUP_COLUMN, MANDATORY, MIN_LENGTH, MAX_LENGTH, MIN_VALUE, MAX_VALUE, CONSTANT_VALUE, UNIQUE_KEY, CREATE_USER, CREATED_ON, LINE_NO, MANAGED, FIELD_PATH, DATA_TYPE, DATA1, DATA2, TRANSITIVE_FIELDS, FORMULA, ENTITY_LOOKUP_TYPE)
VALUES ('bda19fbcdc784995885327cd48fc6691', 0, 'd22345557a464a399b88ec7ed04b61a9', 'custAddress', 'CUST_ADDRESS', '', '', 1, 'collection', 'CustAddress', 'custId', '', '', '', '', '', 0, NULL, NULL, NULL, NULL, '', '', 'system', systimestamp, '74', 0, 'entity.custAddress', '', '', '', '', '', '');
INSERT INTO CNT_FIELD_DEFINITION
 (ID, REVISION, PARENT_ID, FIELD_ID, COLUMN_NAME, COLUMN_TYPE, REPORT_COLUMN_NAME, PRODUCT_FIELD, FIELD_TYPE, ENTITY_LOOKUP, ENTITY_LOOKUP_KEY, ORDER_BY, GENERATOR, REFER_TABLE, KEY_COLUMN, LOOKUP_COLUMN, MANDATORY, MIN_LENGTH, MAX_LENGTH, MIN_VALUE, MAX_VALUE, CONSTANT_VALUE, UNIQUE_KEY, CREATE_USER, CREATED_ON, LINE_NO, MANAGED, FIELD_PATH, DATA_TYPE, DATA1, DATA2, TRANSITIVE_FIELDS, FORMULA, ENTITY_LOOKUP_TYPE)
VALUES ('d0f7501cd9cc4d2da6476099eb4fd220', 0, 'd22345557a464a399b88ec7ed04b61a9', 'custContact', 'CUST_CONTACT', '', '', 1, 'collection', 'CustContact', 'custId', '', '', '', '', '', 0, NULL, NULL, NULL, NULL, '', '', 'system', systimestamp, '75', 0, 'entity.custContact', '', '', '', '', '', '');
INSERT INTO CNT_FIELD_DEFINITION
 (ID, REVISION, PARENT_ID, FIELD_ID, COLUMN_NAME, COLUMN_TYPE, REPORT_COLUMN_NAME, PRODUCT_FIELD, FIELD_TYPE, ENTITY_LOOKUP, ENTITY_LOOKUP_KEY, ORDER_BY, GENERATOR, REFER_TABLE, KEY_COLUMN, LOOKUP_COLUMN, MANDATORY, MIN_LENGTH, MAX_LENGTH, MIN_VALUE, MAX_VALUE, CONSTANT_VALUE, UNIQUE_KEY, CREATE_USER, CREATED_ON, LINE_NO, MANAGED, FIELD_PATH, DATA_TYPE, DATA1, DATA2, TRANSITIVE_FIELDS, FORMULA, ENTITY_LOOKUP_TYPE)
VALUES ('558329d86abf4068936fd1e7453b079c', 0, 'd22345557a464a399b88ec7ed04b61a9', 'custMarket', 'CUST_MARKET', '', '', 1, 'collection', 'CustMarket', 'custId', '', '', '', '', '', 0, NULL, NULL, NULL, NULL, '', '', 'system', systimestamp, '76', 0, 'entity.custMarket', '', '', '', '', '', '');
INSERT INTO CNT_FIELD_DEFINITION
 (ID, REVISION, PARENT_ID, FIELD_ID, COLUMN_NAME, COLUMN_TYPE, REPORT_COLUMN_NAME, PRODUCT_FIELD, FIELD_TYPE, ENTITY_LOOKUP, ENTITY_LOOKUP_KEY, ORDER_BY, GENERATOR, REFER_TABLE, KEY_COLUMN, LOOKUP_COLUMN, MANDATORY, MIN_LENGTH, MAX_LENGTH, MIN_VALUE, MAX_VALUE, CONSTANT_VALUE, UNIQUE_KEY, CREATE_USER, CREATED_ON, LINE_NO, MANAGED, FIELD_PATH, DATA_TYPE, DATA1, DATA2, TRANSITIVE_FIELDS, FORMULA, ENTITY_LOOKUP_TYPE)
VALUES ('2ec18f37efc5496d9e10aeaccf71d0a2', 0, 'd22345557a464a399b88ec7ed04b61a9', 'custDestination', 'CUST_DESTINATION', '', '', 1, 'collection', 'CustDestination', 'custId', '', '', '', '', '', 0, NULL, NULL, NULL, NULL, '', '', 'system', systimestamp, '77', 0, 'entity.custDestination', '', '', '', '', '', '');
INSERT INTO CNT_FIELD_DEFINITION
 (ID, REVISION, PARENT_ID, FIELD_ID, COLUMN_NAME, COLUMN_TYPE, REPORT_COLUMN_NAME, PRODUCT_FIELD, FIELD_TYPE, ENTITY_LOOKUP, ENTITY_LOOKUP_KEY, ORDER_BY, GENERATOR, REFER_TABLE, KEY_COLUMN, LOOKUP_COLUMN, MANDATORY, MIN_LENGTH, MAX_LENGTH, MIN_VALUE, MAX_VALUE, CONSTANT_VALUE, UNIQUE_KEY, CREATE_USER, CREATED_ON, LINE_NO, MANAGED, FIELD_PATH, DATA_TYPE, DATA1, DATA2, TRANSITIVE_FIELDS, FORMULA, ENTITY_LOOKUP_TYPE)
VALUES ('30952cafad364c8aa258affab225e276', 0, 'd22345557a464a399b88ec7ed04b61a9', 'custImages', 'CUST_IMAGES', '', '', 1, 'collection', 'CustImage', 'custId', '', '', '', '', '', 0, NULL, NULL, NULL, NULL, '', '', 'system', systimestamp, '78', 0, 'entity.custImages', '', '', '', '', '', '');
INSERT INTO CNT_FIELD_DEFINITION
 (ID, REVISION, PARENT_ID, FIELD_ID, COLUMN_NAME, COLUMN_TYPE, REPORT_COLUMN_NAME, PRODUCT_FIELD, FIELD_TYPE, ENTITY_LOOKUP, ENTITY_LOOKUP_KEY, ORDER_BY, GENERATOR, REFER_TABLE, KEY_COLUMN, LOOKUP_COLUMN, MANDATORY, MIN_LENGTH, MAX_LENGTH, MIN_VALUE, MAX_VALUE, CONSTANT_VALUE, UNIQUE_KEY, CREATE_USER, CREATED_ON, LINE_NO, MANAGED, FIELD_PATH, DATA_TYPE, DATA1, DATA2, TRANSITIVE_FIELDS, FORMULA, ENTITY_LOOKUP_TYPE)
VALUES ('2f7d0733c19840fe97400f83f2ee3f86', 0, 'd22345557a464a399b88ec7ed04b61a9', 'custAttachment', 'CUST_ATTACHMENT', '', '', 1, 'collection', 'CustAttachment', 'custId', '', '', '', '', '', 0, NULL, NULL, NULL, NULL, '', '', 'system', systimestamp, '79', 0, 'entity.custAttachment', '', '', '', '', '', '');
INSERT INTO CNT_FIELD_DEFINITION
 (ID, REVISION, PARENT_ID, FIELD_ID, COLUMN_NAME, COLUMN_TYPE, REPORT_COLUMN_NAME, PRODUCT_FIELD, FIELD_TYPE, ENTITY_LOOKUP, ENTITY_LOOKUP_KEY, ORDER_BY, GENERATOR, REFER_TABLE, KEY_COLUMN, LOOKUP_COLUMN, MANDATORY, MIN_LENGTH, MAX_LENGTH, MIN_VALUE, MAX_VALUE, CONSTANT_VALUE, UNIQUE_KEY, CREATE_USER, CREATED_ON, LINE_NO, MANAGED, FIELD_PATH, DATA_TYPE, DATA1, DATA2, TRANSITIVE_FIELDS, FORMULA, ENTITY_LOOKUP_TYPE)
VALUES ('4ea96ffea67c46688d6eb9141d016070', 0, 'd22345557a464a399b88ec7ed04b61a9', 'vendorCustomers', 'VENDOR_CUSTOMERS', '', '', 1, 'collection', 'VendorCust', 'custId', '', '', '', '', '', 0, NULL, NULL, NULL, NULL, '', '', 'system', systimestamp, '80', 0, 'entity.vendorCustomers', '', '', '', '', '', '');
INSERT INTO CNT_FIELD_DEFINITION
 (ID, REVISION, PARENT_ID, FIELD_ID, COLUMN_NAME, COLUMN_TYPE, REPORT_COLUMN_NAME, PRODUCT_FIELD, FIELD_TYPE, ENTITY_LOOKUP, ENTITY_LOOKUP_KEY, ORDER_BY, GENERATOR, REFER_TABLE, KEY_COLUMN, LOOKUP_COLUMN, MANDATORY, MIN_LENGTH, MAX_LENGTH, MIN_VALUE, MAX_VALUE, CONSTANT_VALUE, UNIQUE_KEY, CREATE_USER, CREATED_ON, LINE_NO, MANAGED, FIELD_PATH, DATA_TYPE, DATA1, DATA2, TRANSITIVE_FIELDS, FORMULA, ENTITY_LOOKUP_TYPE)
VALUES ('41c2e09c00544bc88de0690366f17be6', 0, 'd22345557a464a399b88ec7ed04b61a9', 'custTypeId', 'CUST_TYPE_ID', '', '', 1, 'selection', 'SelectionField', 'parentId', '', '', '', '', '', 0, NULL, NULL, NULL, NULL, '', '', 'system', systimestamp, '81', 0, 'entity.custTypeId', 'selection-codelist', 'CONTACT_TYPE', '', '', '', '');
INSERT INTO CNT_FIELD_DEFINITION
 (ID, REVISION, PARENT_ID, FIELD_ID, COLUMN_NAME, COLUMN_TYPE, REPORT_COLUMN_NAME, PRODUCT_FIELD, FIELD_TYPE, ENTITY_LOOKUP, ENTITY_LOOKUP_KEY, ORDER_BY, GENERATOR, REFER_TABLE, KEY_COLUMN, LOOKUP_COLUMN, MANDATORY, MIN_LENGTH, MAX_LENGTH, MIN_VALUE, MAX_VALUE, CONSTANT_VALUE, UNIQUE_KEY, CREATE_USER, CREATED_ON, LINE_NO, MANAGED, FIELD_PATH, DATA_TYPE, DATA1, DATA2, TRANSITIVE_FIELDS, FORMULA, ENTITY_LOOKUP_TYPE)
VALUES ('730030483ccc42469edd6f32b2ad375d', 0, 'd22345557a464a399b88ec7ed04b61a9', 'refNo', 'REF_NO', 'NVARCHAR2(1000)', '', 1, 'string-l', '', '', '', 'com.core.cbx.data.generator.DomainPatternSeqGenerator("CBX_SEQ_CUST_CODE","system.pattern.CustCode", "C#{Seq:6}")', '', '', '', 0, NULL, 1000, NULL, NULL, '', '', 'system', systimestamp, '82', 0, 'entity.refNo', '', '', '', '', '', '');
INSERT INTO CNT_FIELD_DEFINITION
 (ID, REVISION, PARENT_ID, FIELD_ID, COLUMN_NAME, COLUMN_TYPE, REPORT_COLUMN_NAME, PRODUCT_FIELD, FIELD_TYPE, ENTITY_LOOKUP, ENTITY_LOOKUP_KEY, ORDER_BY, GENERATOR, REFER_TABLE, KEY_COLUMN, LOOKUP_COLUMN, MANDATORY, MIN_LENGTH, MAX_LENGTH, MIN_VALUE, MAX_VALUE, CONSTANT_VALUE, UNIQUE_KEY, CREATE_USER, CREATED_ON, LINE_NO, MANAGED, FIELD_PATH, DATA_TYPE, DATA1, DATA2, TRANSITIVE_FIELDS, FORMULA, ENTITY_LOOKUP_TYPE)
VALUES ('d076e78e647c4b2d94d84dc4f74263fa', 0, 'd22345557a464a399b88ec7ed04b61a9', 'custText1', 'CUST_TEXT1', 'NVARCHAR2(1000)', 'CUSTOM_FIELD_TEXT1', 0, 'string-l', '', '', '', '', '', '', '', 0, NULL, 1000, NULL, NULL, '', '', 'system', systimestamp, '83', 0, 'entity.custText1', '', '', '', '', '', '');
INSERT INTO CNT_FIELD_DEFINITION
 (ID, REVISION, PARENT_ID, FIELD_ID, COLUMN_NAME, COLUMN_TYPE, REPORT_COLUMN_NAME, PRODUCT_FIELD, FIELD_TYPE, ENTITY_LOOKUP, ENTITY_LOOKUP_KEY, ORDER_BY, GENERATOR, REFER_TABLE, KEY_COLUMN, LOOKUP_COLUMN, MANDATORY, MIN_LENGTH, MAX_LENGTH, MIN_VALUE, MAX_VALUE, CONSTANT_VALUE, UNIQUE_KEY, CREATE_USER, CREATED_ON, LINE_NO, MANAGED, FIELD_PATH, DATA_TYPE, DATA1, DATA2, TRANSITIVE_FIELDS, FORMULA, ENTITY_LOOKUP_TYPE)
VALUES ('b04d30739c304508ad5bc877d1f09dde', 0, 'd22345557a464a399b88ec7ed04b61a9', 'custText2', 'CUST_TEXT2', 'NVARCHAR2(1000)', 'CUSTOM_FIELD_TEXT2', 0, 'string-l', '', '', '', '', '', '', '', 0, NULL, 1000, NULL, NULL, '', '', 'system', systimestamp, '84', 0, 'entity.custText2', '', '', '', '', '', '');
INSERT INTO CNT_FIELD_DEFINITION
 (ID, REVISION, PARENT_ID, FIELD_ID, COLUMN_NAME, COLUMN_TYPE, REPORT_COLUMN_NAME, PRODUCT_FIELD, FIELD_TYPE, ENTITY_LOOKUP, ENTITY_LOOKUP_KEY, ORDER_BY, GENERATOR, REFER_TABLE, KEY_COLUMN, LOOKUP_COLUMN, MANDATORY, MIN_LENGTH, MAX_LENGTH, MIN_VALUE, MAX_VALUE, CONSTANT_VALUE, UNIQUE_KEY, CREATE_USER, CREATED_ON, LINE_NO, MANAGED, FIELD_PATH, DATA_TYPE, DATA1, DATA2, TRANSITIVE_FIELDS, FORMULA, ENTITY_LOOKUP_TYPE)
VALUES ('0429b32b117e49e2825aea469dd030dc', 0, 'd22345557a464a399b88ec7ed04b61a9', 'custText3', 'CUST_TEXT3', 'NVARCHAR2(1000)', 'CUSTOM_FIELD_TEXT3', 0, 'string-l', '', '', '', '', '', '', '', 0, NULL, 1000, NULL, NULL, '', '', 'system', systimestamp, '85', 0, 'entity.custText3', '', '', '', '', '', '');
INSERT INTO CNT_FIELD_DEFINITION
 (ID, REVISION, PARENT_ID, FIELD_ID, COLUMN_NAME, COLUMN_TYPE, REPORT_COLUMN_NAME, PRODUCT_FIELD, FIELD_TYPE, ENTITY_LOOKUP, ENTITY_LOOKUP_KEY, ORDER_BY, GENERATOR, REFER_TABLE, KEY_COLUMN, LOOKUP_COLUMN, MANDATORY, MIN_LENGTH, MAX_LENGTH, MIN_VALUE, MAX_VALUE, CONSTANT_VALUE, UNIQUE_KEY, CREATE_USER, CREATED_ON, LINE_NO, MANAGED, FIELD_PATH, DATA_TYPE, DATA1, DATA2, TRANSITIVE_FIELDS, FORMULA, ENTITY_LOOKUP_TYPE)
VALUES ('6de87e53ce59418382a62fe49be9988f', 0, 'd22345557a464a399b88ec7ed04b61a9', 'custText4', 'CUST_TEXT4', 'NVARCHAR2(1000)', 'CUSTOM_FIELD_TEXT4', 0, 'string-l', '', '', '', '', '', '', '', 0, NULL, 1000, NULL, NULL, '', '', 'system', systimestamp, '86', 0, 'entity.custText4', '', '', '', '', '', '');
INSERT INTO CNT_FIELD_DEFINITION
 (ID, REVISION, PARENT_ID, FIELD_ID, COLUMN_NAME, COLUMN_TYPE, REPORT_COLUMN_NAME, PRODUCT_FIELD, FIELD_TYPE, ENTITY_LOOKUP, ENTITY_LOOKUP_KEY, ORDER_BY, GENERATOR, REFER_TABLE, KEY_COLUMN, LOOKUP_COLUMN, MANDATORY, MIN_LENGTH, MAX_LENGTH, MIN_VALUE, MAX_VALUE, CONSTANT_VALUE, UNIQUE_KEY, CREATE_USER, CREATED_ON, LINE_NO, MANAGED, FIELD_PATH, DATA_TYPE, DATA1, DATA2, TRANSITIVE_FIELDS, FORMULA, ENTITY_LOOKUP_TYPE)
VALUES ('605fe89b15da43418407a4fefb94ed90', 0, 'd22345557a464a399b88ec7ed04b61a9', 'custText5', 'CUST_TEXT5', 'NVARCHAR2(1000)', 'CUSTOM_FIELD_TEXT5', 0, 'string-l', '', '', '', '', '', '', '', 0, NULL, 1000, NULL, NULL, '', '', 'system', systimestamp, '87', 0, 'entity.custText5', '', '', '', '', '', '');
INSERT INTO CNT_FIELD_DEFINITION
 (ID, REVISION, PARENT_ID, FIELD_ID, COLUMN_NAME, COLUMN_TYPE, REPORT_COLUMN_NAME, PRODUCT_FIELD, FIELD_TYPE, ENTITY_LOOKUP, ENTITY_LOOKUP_KEY, ORDER_BY, GENERATOR, REFER_TABLE, KEY_COLUMN, LOOKUP_COLUMN, MANDATORY, MIN_LENGTH, MAX_LENGTH, MIN_VALUE, MAX_VALUE, CONSTANT_VALUE, UNIQUE_KEY, CREATE_USER, CREATED_ON, LINE_NO, MANAGED, FIELD_PATH, DATA_TYPE, DATA1, DATA2, TRANSITIVE_FIELDS, FORMULA, ENTITY_LOOKUP_TYPE)
VALUES ('8b61309f7e51412197384f33bab2c574', 0, 'd22345557a464a399b88ec7ed04b61a9', 'custText6', 'CUST_TEXT6', 'NVARCHAR2(1000)', 'CUSTOM_FIELD_TEXT6', 0, 'string-l', '', '', '', '', '', '', '', 0, NULL, 1000, NULL, NULL, '', '', 'system', systimestamp, '88', 0, 'entity.custText6', '', '', '', '', '', '');
INSERT INTO CNT_FIELD_DEFINITION
 (ID, REVISION, PARENT_ID, FIELD_ID, COLUMN_NAME, COLUMN_TYPE, REPORT_COLUMN_NAME, PRODUCT_FIELD, FIELD_TYPE, ENTITY_LOOKUP, ENTITY_LOOKUP_KEY, ORDER_BY, GENERATOR, REFER_TABLE, KEY_COLUMN, LOOKUP_COLUMN, MANDATORY, MIN_LENGTH, MAX_LENGTH, MIN_VALUE, MAX_VALUE, CONSTANT_VALUE, UNIQUE_KEY, CREATE_USER, CREATED_ON, LINE_NO, MANAGED, FIELD_PATH, DATA_TYPE, DATA1, DATA2, TRANSITIVE_FIELDS, FORMULA, ENTITY_LOOKUP_TYPE)
VALUES ('43b9d85b2c954cb682a3daecb3463675', 0, 'd22345557a464a399b88ec7ed04b61a9', 'custText7', 'CUST_TEXT7', 'NVARCHAR2(1000)', 'CUSTOM_FIELD_TEXT7', 0, 'string-l', '', '', '', '', '', '', '', 0, NULL, 1000, NULL, NULL, '', '', 'system', systimestamp, '89', 0, 'entity.custText7', '', '', '', '', '', '');
INSERT INTO CNT_FIELD_DEFINITION
 (ID, REVISION, PARENT_ID, FIELD_ID, COLUMN_NAME, COLUMN_TYPE, REPORT_COLUMN_NAME, PRODUCT_FIELD, FIELD_TYPE, ENTITY_LOOKUP, ENTITY_LOOKUP_KEY, ORDER_BY, GENERATOR, REFER_TABLE, KEY_COLUMN, LOOKUP_COLUMN, MANDATORY, MIN_LENGTH, MAX_LENGTH, MIN_VALUE, MAX_VALUE, CONSTANT_VALUE, UNIQUE_KEY, CREATE_USER, CREATED_ON, LINE_NO, MANAGED, FIELD_PATH, DATA_TYPE, DATA1, DATA2, TRANSITIVE_FIELDS, FORMULA, ENTITY_LOOKUP_TYPE)
VALUES ('d3fff09875154ff4bff4f269f27ed6a0', 0, 'd22345557a464a399b88ec7ed04b61a9', 'custDate1', 'CUST_DATE1', 'DATE', 'CUSTOM_FIELD_DATE1', 0, 'date', '', '', '', '', '', '', '', 0, NULL, NULL, NULL, NULL, '', '', 'system', systimestamp, '90', 0, 'entity.custDate1', '', '', '', '', '', '');
INSERT INTO CNT_FIELD_DEFINITION
 (ID, REVISION, PARENT_ID, FIELD_ID, COLUMN_NAME, COLUMN_TYPE, REPORT_COLUMN_NAME, PRODUCT_FIELD, FIELD_TYPE, ENTITY_LOOKUP, ENTITY_LOOKUP_KEY, ORDER_BY, GENERATOR, REFER_TABLE, KEY_COLUMN, LOOKUP_COLUMN, MANDATORY, MIN_LENGTH, MAX_LENGTH, MIN_VALUE, MAX_VALUE, CONSTANT_VALUE, UNIQUE_KEY, CREATE_USER, CREATED_ON, LINE_NO, MANAGED, FIELD_PATH, DATA_TYPE, DATA1, DATA2, TRANSITIVE_FIELDS, FORMULA, ENTITY_LOOKUP_TYPE)
VALUES ('d9054f8941d342609f324ce57b3e9ed1', 0, 'd22345557a464a399b88ec7ed04b61a9', 'custDate2', 'CUST_DATE2', 'DATE', 'CUSTOM_FIELD_DATE2', 0, 'date', '', '', '', '', '', '', '', 0, NULL, NULL, NULL, NULL, '', '', 'system', systimestamp, '91', 0, 'entity.custDate2', '', '', '', '', '', '');
INSERT INTO CNT_FIELD_DEFINITION
 (ID, REVISION, PARENT_ID, FIELD_ID, COLUMN_NAME, COLUMN_TYPE, REPORT_COLUMN_NAME, PRODUCT_FIELD, FIELD_TYPE, ENTITY_LOOKUP, ENTITY_LOOKUP_KEY, ORDER_BY, GENERATOR, REFER_TABLE, KEY_COLUMN, LOOKUP_COLUMN, MANDATORY, MIN_LENGTH, MAX_LENGTH, MIN_VALUE, MAX_VALUE, CONSTANT_VALUE, UNIQUE_KEY, CREATE_USER, CREATED_ON, LINE_NO, MANAGED, FIELD_PATH, DATA_TYPE, DATA1, DATA2, TRANSITIVE_FIELDS, FORMULA, ENTITY_LOOKUP_TYPE)
VALUES ('5ce9ddbb4955443798e896f7f7947273', 0, 'd22345557a464a399b88ec7ed04b61a9', 'custDate3', 'CUST_DATE3', 'DATE', 'CUSTOM_FIELD_DATE3', 0, 'date', '', '', '', '', '', '', '', 0, NULL, NULL, NULL, NULL, '', '', 'system', systimestamp, '92', 0, 'entity.custDate3', '', '', '', '', '', '');
INSERT INTO CNT_FIELD_DEFINITION
 (ID, REVISION, PARENT_ID, FIELD_ID, COLUMN_NAME, COLUMN_TYPE, REPORT_COLUMN_NAME, PRODUCT_FIELD, FIELD_TYPE, ENTITY_LOOKUP, ENTITY_LOOKUP_KEY, ORDER_BY, GENERATOR, REFER_TABLE, KEY_COLUMN, LOOKUP_COLUMN, MANDATORY, MIN_LENGTH, MAX_LENGTH, MIN_VALUE, MAX_VALUE, CONSTANT_VALUE, UNIQUE_KEY, CREATE_USER, CREATED_ON, LINE_NO, MANAGED, FIELD_PATH, DATA_TYPE, DATA1, DATA2, TRANSITIVE_FIELDS, FORMULA, ENTITY_LOOKUP_TYPE)
VALUES ('9d6fe8622594465596e6dfa5f1aa5666', 0, 'd22345557a464a399b88ec7ed04b61a9', 'custDate4', 'CUST_DATE4', 'DATE', 'CUSTOM_FIELD_DATE4', 0, 'date', '', '', '', '', '', '', '', 0, NULL, NULL, NULL, NULL, '', '', 'system', systimestamp, '93', 0, 'entity.custDate4', '', '', '', '', '', '');
INSERT INTO CNT_FIELD_DEFINITION
 (ID, REVISION, PARENT_ID, FIELD_ID, COLUMN_NAME, COLUMN_TYPE, REPORT_COLUMN_NAME, PRODUCT_FIELD, FIELD_TYPE, ENTITY_LOOKUP, ENTITY_LOOKUP_KEY, ORDER_BY, GENERATOR, REFER_TABLE, KEY_COLUMN, LOOKUP_COLUMN, MANDATORY, MIN_LENGTH, MAX_LENGTH, MIN_VALUE, MAX_VALUE, CONSTANT_VALUE, UNIQUE_KEY, CREATE_USER, CREATED_ON, LINE_NO, MANAGED, FIELD_PATH, DATA_TYPE, DATA1, DATA2, TRANSITIVE_FIELDS, FORMULA, ENTITY_LOOKUP_TYPE)
VALUES ('280c86c022014376b2c4bba661197660', 0, 'd22345557a464a399b88ec7ed04b61a9', 'custDate5', 'CUST_DATE5', 'DATE', 'CUSTOM_FIELD_DATE5', 0, 'date', '', '', '', '', '', '', '', 0, NULL, NULL, NULL, NULL, '', '', 'system', systimestamp, '94', 0, 'entity.custDate5', '', '', '', '', '', '');
INSERT INTO CNT_FIELD_DEFINITION
 (ID, REVISION, PARENT_ID, FIELD_ID, COLUMN_NAME, COLUMN_TYPE, REPORT_COLUMN_NAME, PRODUCT_FIELD, FIELD_TYPE, ENTITY_LOOKUP, ENTITY_LOOKUP_KEY, ORDER_BY, GENERATOR, REFER_TABLE, KEY_COLUMN, LOOKUP_COLUMN, MANDATORY, MIN_LENGTH, MAX_LENGTH, MIN_VALUE, MAX_VALUE, CONSTANT_VALUE, UNIQUE_KEY, CREATE_USER, CREATED_ON, LINE_NO, MANAGED, FIELD_PATH, DATA_TYPE, DATA1, DATA2, TRANSITIVE_FIELDS, FORMULA, ENTITY_LOOKUP_TYPE)
VALUES ('ed43350451a444ddafb763430c8da535', 0, 'd22345557a464a399b88ec7ed04b61a9', 'custDate6', 'CUST_DATE6', 'DATE', 'CUSTOM_FIELD_DATE6', 0, 'date', '', '', '', '', '', '', '', 0, NULL, NULL, NULL, NULL, '', '', 'system', systimestamp, '95', 0, 'entity.custDate6', '', '', '', '', '', '');
INSERT INTO CNT_FIELD_DEFINITION
 (ID, REVISION, PARENT_ID, FIELD_ID, COLUMN_NAME, COLUMN_TYPE, REPORT_COLUMN_NAME, PRODUCT_FIELD, FIELD_TYPE, ENTITY_LOOKUP, ENTITY_LOOKUP_KEY, ORDER_BY, GENERATOR, REFER_TABLE, KEY_COLUMN, LOOKUP_COLUMN, MANDATORY, MIN_LENGTH, MAX_LENGTH, MIN_VALUE, MAX_VALUE, CONSTANT_VALUE, UNIQUE_KEY, CREATE_USER, CREATED_ON, LINE_NO, MANAGED, FIELD_PATH, DATA_TYPE, DATA1, DATA2, TRANSITIVE_FIELDS, FORMULA, ENTITY_LOOKUP_TYPE)
VALUES ('3d22a8ecb15945169d2026736f352eaf', 0, 'd22345557a464a399b88ec7ed04b61a9', 'custDate7', 'CUST_DATE7', 'DATE', 'CUSTOM_FIELD_DATE7', 0, 'date', '', '', '', '', '', '', '', 0, NULL, NULL, NULL, NULL, '', '', 'system', systimestamp, '96', 0, 'entity.custDate7', '', '', '', '', '', '');
INSERT INTO CNT_FIELD_DEFINITION
 (ID, REVISION, PARENT_ID, FIELD_ID, COLUMN_NAME, COLUMN_TYPE, REPORT_COLUMN_NAME, PRODUCT_FIELD, FIELD_TYPE, ENTITY_LOOKUP, ENTITY_LOOKUP_KEY, ORDER_BY, GENERATOR, REFER_TABLE, KEY_COLUMN, LOOKUP_COLUMN, MANDATORY, MIN_LENGTH, MAX_LENGTH, MIN_VALUE, MAX_VALUE, CONSTANT_VALUE, UNIQUE_KEY, CREATE_USER, CREATED_ON, LINE_NO, MANAGED, FIELD_PATH, DATA_TYPE, DATA1, DATA2, TRANSITIVE_FIELDS, FORMULA, ENTITY_LOOKUP_TYPE)
VALUES ('57d316afc9954a30b71866bc78bf12bc', 0, 'd22345557a464a399b88ec7ed04b61a9', 'custNumber1', 'CUST_NUMBER1', 'NUMBER(20, 0)', 'CUSTOM_FIELD_NUMBER1', 0, 'integer', '', '', '', '', '', '', '', 0, NULL, 18, NULL, NULL, '', '', 'system', systimestamp, '97', 0, 'entity.custNumber1', '', '', '', '', '', '');
INSERT INTO CNT_FIELD_DEFINITION
 (ID, REVISION, PARENT_ID, FIELD_ID, COLUMN_NAME, COLUMN_TYPE, REPORT_COLUMN_NAME, PRODUCT_FIELD, FIELD_TYPE, ENTITY_LOOKUP, ENTITY_LOOKUP_KEY, ORDER_BY, GENERATOR, REFER_TABLE, KEY_COLUMN, LOOKUP_COLUMN, MANDATORY, MIN_LENGTH, MAX_LENGTH, MIN_VALUE, MAX_VALUE, CONSTANT_VALUE, UNIQUE_KEY, CREATE_USER, CREATED_ON, LINE_NO, MANAGED, FIELD_PATH, DATA_TYPE, DATA1, DATA2, TRANSITIVE_FIELDS, FORMULA, ENTITY_LOOKUP_TYPE)
VALUES ('d60240e5bf6f4496a84b78cc59fa8276', 0, 'd22345557a464a399b88ec7ed04b61a9', 'custNumber2', 'CUST_NUMBER2', 'NUMBER(20, 0)', 'CUSTOM_FIELD_NUMBER2', 0, 'integer', '', '', '', '', '', '', '', 0, NULL, 18, NULL, NULL, '', '', 'system', systimestamp, '98', 0, 'entity.custNumber2', '', '', '', '', '', '');
INSERT INTO CNT_FIELD_DEFINITION
 (ID, REVISION, PARENT_ID, FIELD_ID, COLUMN_NAME, COLUMN_TYPE, REPORT_COLUMN_NAME, PRODUCT_FIELD, FIELD_TYPE, ENTITY_LOOKUP, ENTITY_LOOKUP_KEY, ORDER_BY, GENERATOR, REFER_TABLE, KEY_COLUMN, LOOKUP_COLUMN, MANDATORY, MIN_LENGTH, MAX_LENGTH, MIN_VALUE, MAX_VALUE, CONSTANT_VALUE, UNIQUE_KEY, CREATE_USER, CREATED_ON, LINE_NO, MANAGED, FIELD_PATH, DATA_TYPE, DATA1, DATA2, TRANSITIVE_FIELDS, FORMULA, ENTITY_LOOKUP_TYPE)
VALUES ('e90bf027749c43a9bc740df6d32a519f', 0, 'd22345557a464a399b88ec7ed04b61a9', 'custNumber3', 'CUST_NUMBER3', 'NUMBER(20, 0)', 'CUSTOM_FIELD_NUMBER3', 0, 'integer', '', '', '', '', '', '', '', 0, NULL, 18, NULL, NULL, '', '', 'system', systimestamp, '99', 0, 'entity.custNumber3', '', '', '', '', '', '');
INSERT INTO CNT_FIELD_DEFINITION
 (ID, REVISION, PARENT_ID, FIELD_ID, COLUMN_NAME, COLUMN_TYPE, REPORT_COLUMN_NAME, PRODUCT_FIELD, FIELD_TYPE, ENTITY_LOOKUP, ENTITY_LOOKUP_KEY, ORDER_BY, GENERATOR, REFER_TABLE, KEY_COLUMN, LOOKUP_COLUMN, MANDATORY, MIN_LENGTH, MAX_LENGTH, MIN_VALUE, MAX_VALUE, CONSTANT_VALUE, UNIQUE_KEY, CREATE_USER, CREATED_ON, LINE_NO, MANAGED, FIELD_PATH, DATA_TYPE, DATA1, DATA2, TRANSITIVE_FIELDS, FORMULA, ENTITY_LOOKUP_TYPE)
VALUES ('dbf65a9bfa5f4e58981d72b634ffcc9a', 0, 'd22345557a464a399b88ec7ed04b61a9', 'custNumber4', 'CUST_NUMBER4', 'NUMBER(20, 0)', 'CUSTOM_FIELD_NUMBER4', 0, 'integer', '', '', '', '', '', '', '', 0, NULL, 18, NULL, NULL, '', '', 'system', systimestamp, '100', 0, 'entity.custNumber4', '', '', '', '', '', '');
INSERT INTO CNT_FIELD_DEFINITION
 (ID, REVISION, PARENT_ID, FIELD_ID, COLUMN_NAME, COLUMN_TYPE, REPORT_COLUMN_NAME, PRODUCT_FIELD, FIELD_TYPE, ENTITY_LOOKUP, ENTITY_LOOKUP_KEY, ORDER_BY, GENERATOR, REFER_TABLE, KEY_COLUMN, LOOKUP_COLUMN, MANDATORY, MIN_LENGTH, MAX_LENGTH, MIN_VALUE, MAX_VALUE, CONSTANT_VALUE, UNIQUE_KEY, CREATE_USER, CREATED_ON, LINE_NO, MANAGED, FIELD_PATH, DATA_TYPE, DATA1, DATA2, TRANSITIVE_FIELDS, FORMULA, ENTITY_LOOKUP_TYPE)
VALUES ('bf19a14f8b8343e6a27bed681ffafb5d', 0, 'd22345557a464a399b88ec7ed04b61a9', 'custNumber5', 'CUST_NUMBER5', 'NUMBER(20, 0)', 'CUSTOM_FIELD_NUMBER5', 0, 'integer', '', '', '', '', '', '', '', 0, NULL, 18, NULL, NULL, '', '', 'system', systimestamp, '101', 0, 'entity.custNumber5', '', '', '', '', '', '');
INSERT INTO CNT_FIELD_DEFINITION
 (ID, REVISION, PARENT_ID, FIELD_ID, COLUMN_NAME, COLUMN_TYPE, REPORT_COLUMN_NAME, PRODUCT_FIELD, FIELD_TYPE, ENTITY_LOOKUP, ENTITY_LOOKUP_KEY, ORDER_BY, GENERATOR, REFER_TABLE, KEY_COLUMN, LOOKUP_COLUMN, MANDATORY, MIN_LENGTH, MAX_LENGTH, MIN_VALUE, MAX_VALUE, CONSTANT_VALUE, UNIQUE_KEY, CREATE_USER, CREATED_ON, LINE_NO, MANAGED, FIELD_PATH, DATA_TYPE, DATA1, DATA2, TRANSITIVE_FIELDS, FORMULA, ENTITY_LOOKUP_TYPE)
VALUES ('7e1b62d2715e4b1c8a276a2a564cedc6', 0, 'd22345557a464a399b88ec7ed04b61a9', 'custNumber6', 'CUST_NUMBER6', 'NUMBER(20, 0)', 'CUSTOM_FIELD_NUMBER6', 0, 'integer', '', '', '', '', '', '', '', 0, NULL, 18, NULL, NULL, '', '', 'system', systimestamp, '102', 0, 'entity.custNumber6', '', '', '', '', '', '');
INSERT INTO CNT_FIELD_DEFINITION
 (ID, REVISION, PARENT_ID, FIELD_ID, COLUMN_NAME, COLUMN_TYPE, REPORT_COLUMN_NAME, PRODUCT_FIELD, FIELD_TYPE, ENTITY_LOOKUP, ENTITY_LOOKUP_KEY, ORDER_BY, GENERATOR, REFER_TABLE, KEY_COLUMN, LOOKUP_COLUMN, MANDATORY, MIN_LENGTH, MAX_LENGTH, MIN_VALUE, MAX_VALUE, CONSTANT_VALUE, UNIQUE_KEY, CREATE_USER, CREATED_ON, LINE_NO, MANAGED, FIELD_PATH, DATA_TYPE, DATA1, DATA2, TRANSITIVE_FIELDS, FORMULA, ENTITY_LOOKUP_TYPE)
VALUES ('3eba08a98176459bacfe5e93ed678a00', 0, 'd22345557a464a399b88ec7ed04b61a9', 'custNumber7', 'CUST_NUMBER7', 'NUMBER(20, 0)', 'CUSTOM_FIELD_NUMBER7', 0, 'integer', '', '', '', '', '', '', '', 0, NULL, 18, NULL, NULL, '', '', 'system', systimestamp, '103', 0, 'entity.custNumber7', '', '', '', '', '', '');
INSERT INTO CNT_FIELD_DEFINITION
 (ID, REVISION, PARENT_ID, FIELD_ID, COLUMN_NAME, COLUMN_TYPE, REPORT_COLUMN_NAME, PRODUCT_FIELD, FIELD_TYPE, ENTITY_LOOKUP, ENTITY_LOOKUP_KEY, ORDER_BY, GENERATOR, REFER_TABLE, KEY_COLUMN, LOOKUP_COLUMN, MANDATORY, MIN_LENGTH, MAX_LENGTH, MIN_VALUE, MAX_VALUE, CONSTANT_VALUE, UNIQUE_KEY, CREATE_USER, CREATED_ON, LINE_NO, MANAGED, FIELD_PATH, DATA_TYPE, DATA1, DATA2, TRANSITIVE_FIELDS, FORMULA, ENTITY_LOOKUP_TYPE)
VALUES ('81188e3fd35e4f2eab11b61b0ffefdaf', 0, 'd22345557a464a399b88ec7ed04b61a9', 'custDecimal1', 'CUST_DECIMAL1', 'NUMBER(25, 5)', 'CUSTOM_FIELD_DECIMAL1', 0, 'decimal-rate', '', '', '', '', '', '', '', 0, NULL, 20, NULL, NULL, '', '', 'system', systimestamp, '104', 0, 'entity.custDecimal1', '', '', '', '', '', '');
INSERT INTO CNT_FIELD_DEFINITION
 (ID, REVISION, PARENT_ID, FIELD_ID, COLUMN_NAME, COLUMN_TYPE, REPORT_COLUMN_NAME, PRODUCT_FIELD, FIELD_TYPE, ENTITY_LOOKUP, ENTITY_LOOKUP_KEY, ORDER_BY, GENERATOR, REFER_TABLE, KEY_COLUMN, LOOKUP_COLUMN, MANDATORY, MIN_LENGTH, MAX_LENGTH, MIN_VALUE, MAX_VALUE, CONSTANT_VALUE, UNIQUE_KEY, CREATE_USER, CREATED_ON, LINE_NO, MANAGED, FIELD_PATH, DATA_TYPE, DATA1, DATA2, TRANSITIVE_FIELDS, FORMULA, ENTITY_LOOKUP_TYPE)
VALUES ('64a9d0b395a8462391965417428fecce', 0, 'd22345557a464a399b88ec7ed04b61a9', 'custDecimal2', 'CUST_DECIMAL2', 'NUMBER(25, 5)', 'CUSTOM_FIELD_DECIMAL2', 0, 'decimal-rate', '', '', '', '', '', '', '', 0, NULL, 20, NULL, NULL, '', '', 'system', systimestamp, '105', 0, 'entity.custDecimal2', '', '', '', '', '', '');
INSERT INTO CNT_FIELD_DEFINITION
 (ID, REVISION, PARENT_ID, FIELD_ID, COLUMN_NAME, COLUMN_TYPE, REPORT_COLUMN_NAME, PRODUCT_FIELD, FIELD_TYPE, ENTITY_LOOKUP, ENTITY_LOOKUP_KEY, ORDER_BY, GENERATOR, REFER_TABLE, KEY_COLUMN, LOOKUP_COLUMN, MANDATORY, MIN_LENGTH, MAX_LENGTH, MIN_VALUE, MAX_VALUE, CONSTANT_VALUE, UNIQUE_KEY, CREATE_USER, CREATED_ON, LINE_NO, MANAGED, FIELD_PATH, DATA_TYPE, DATA1, DATA2, TRANSITIVE_FIELDS, FORMULA, ENTITY_LOOKUP_TYPE)
VALUES ('07649fcebcb74ce2b6aec43276a603b0', 0, 'd22345557a464a399b88ec7ed04b61a9', 'custDecimal3', 'CUST_DECIMAL3', 'NUMBER(25, 5)', 'CUSTOM_FIELD_DECIMAL3', 0, 'decimal-rate', '', '', '', '', '', '', '', 0, NULL, 20, NULL, NULL, '', '', 'system', systimestamp, '106', 0, 'entity.custDecimal3', '', '', '', '', '', '');
INSERT INTO CNT_FIELD_DEFINITION
 (ID, REVISION, PARENT_ID, FIELD_ID, COLUMN_NAME, COLUMN_TYPE, REPORT_COLUMN_NAME, PRODUCT_FIELD, FIELD_TYPE, ENTITY_LOOKUP, ENTITY_LOOKUP_KEY, ORDER_BY, GENERATOR, REFER_TABLE, KEY_COLUMN, LOOKUP_COLUMN, MANDATORY, MIN_LENGTH, MAX_LENGTH, MIN_VALUE, MAX_VALUE, CONSTANT_VALUE, UNIQUE_KEY, CREATE_USER, CREATED_ON, LINE_NO, MANAGED, FIELD_PATH, DATA_TYPE, DATA1, DATA2, TRANSITIVE_FIELDS, FORMULA, ENTITY_LOOKUP_TYPE)
VALUES ('ae3101867ad1453cbbb4d799c38b8ae0', 0, 'd22345557a464a399b88ec7ed04b61a9', 'custDecimal4', 'CUST_DECIMAL4', 'NUMBER(25, 5)', 'CUSTOM_FIELD_DECIMAL4', 0, 'decimal-rate', '', '', '', '', '', '', '', 0, NULL, 20, NULL, NULL, '', '', 'system', systimestamp, '107', 0, 'entity.custDecimal4', '', '', '', '', '', '');
INSERT INTO CNT_FIELD_DEFINITION
 (ID, REVISION, PARENT_ID, FIELD_ID, COLUMN_NAME, COLUMN_TYPE, REPORT_COLUMN_NAME, PRODUCT_FIELD, FIELD_TYPE, ENTITY_LOOKUP, ENTITY_LOOKUP_KEY, ORDER_BY, GENERATOR, REFER_TABLE, KEY_COLUMN, LOOKUP_COLUMN, MANDATORY, MIN_LENGTH, MAX_LENGTH, MIN_VALUE, MAX_VALUE, CONSTANT_VALUE, UNIQUE_KEY, CREATE_USER, CREATED_ON, LINE_NO, MANAGED, FIELD_PATH, DATA_TYPE, DATA1, DATA2, TRANSITIVE_FIELDS, FORMULA, ENTITY_LOOKUP_TYPE)
VALUES ('e2bbe278bd3e4f578e61a968a839e2d8', 0, 'd22345557a464a399b88ec7ed04b61a9', 'custDecimal5', 'CUST_DECIMAL5', 'NUMBER(25, 5)', 'CUSTOM_FIELD_DECIMAL5', 0, 'decimal-rate', '', '', '', '', '', '', '', 0, NULL, 20, NULL, NULL, '', '', 'system', systimestamp, '108', 0, 'entity.custDecimal5', '', '', '', '', '', '');
INSERT INTO CNT_FIELD_DEFINITION
 (ID, REVISION, PARENT_ID, FIELD_ID, COLUMN_NAME, COLUMN_TYPE, REPORT_COLUMN_NAME, PRODUCT_FIELD, FIELD_TYPE, ENTITY_LOOKUP, ENTITY_LOOKUP_KEY, ORDER_BY, GENERATOR, REFER_TABLE, KEY_COLUMN, LOOKUP_COLUMN, MANDATORY, MIN_LENGTH, MAX_LENGTH, MIN_VALUE, MAX_VALUE, CONSTANT_VALUE, UNIQUE_KEY, CREATE_USER, CREATED_ON, LINE_NO, MANAGED, FIELD_PATH, DATA_TYPE, DATA1, DATA2, TRANSITIVE_FIELDS, FORMULA, ENTITY_LOOKUP_TYPE)
VALUES ('c7812e9582ce459a81865423100f7256', 0, 'd22345557a464a399b88ec7ed04b61a9', 'custDecimal6', 'CUST_DECIMAL6', 'NUMBER(25, 5)', 'CUSTOM_FIELD_DECIMAL6', 0, 'decimal-rate', '', '', '', '', '', '', '', 0, NULL, 20, NULL, NULL, '', '', 'system', systimestamp, '109', 0, 'entity.custDecimal6', '', '', '', '', '', '');
INSERT INTO CNT_FIELD_DEFINITION
 (ID, REVISION, PARENT_ID, FIELD_ID, COLUMN_NAME, COLUMN_TYPE, REPORT_COLUMN_NAME, PRODUCT_FIELD, FIELD_TYPE, ENTITY_LOOKUP, ENTITY_LOOKUP_KEY, ORDER_BY, GENERATOR, REFER_TABLE, KEY_COLUMN, LOOKUP_COLUMN, MANDATORY, MIN_LENGTH, MAX_LENGTH, MIN_VALUE, MAX_VALUE, CONSTANT_VALUE, UNIQUE_KEY, CREATE_USER, CREATED_ON, LINE_NO, MANAGED, FIELD_PATH, DATA_TYPE, DATA1, DATA2, TRANSITIVE_FIELDS, FORMULA, ENTITY_LOOKUP_TYPE)
VALUES ('9ccc72df56434b8a9ac944a4ccb482a8', 0, 'd22345557a464a399b88ec7ed04b61a9', 'custDecimal7', 'CUST_DECIMAL7', 'NUMBER(25, 5)', 'CUSTOM_FIELD_DECIMAL7', 0, 'decimal-rate', '', '', '', '', '', '', '', 0, NULL, 20, NULL, NULL, '', '', 'system', systimestamp, '110', 0, 'entity.custDecimal7', '', '', '', '', '', '');
INSERT INTO CNT_FIELD_DEFINITION
 (ID, REVISION, PARENT_ID, FIELD_ID, COLUMN_NAME, COLUMN_TYPE, REPORT_COLUMN_NAME, PRODUCT_FIELD, FIELD_TYPE, ENTITY_LOOKUP, ENTITY_LOOKUP_KEY, ORDER_BY, GENERATOR, REFER_TABLE, KEY_COLUMN, LOOKUP_COLUMN, MANDATORY, MIN_LENGTH, MAX_LENGTH, MIN_VALUE, MAX_VALUE, CONSTANT_VALUE, UNIQUE_KEY, CREATE_USER, CREATED_ON, LINE_NO, MANAGED, FIELD_PATH, DATA_TYPE, DATA1, DATA2, TRANSITIVE_FIELDS, FORMULA, ENTITY_LOOKUP_TYPE)
VALUES ('6265b9d5756244029c249f2bcabb5eb8', 0, 'd22345557a464a399b88ec7ed04b61a9', 'custCodelist1', 'CUST_CODELIST1', 'NVARCHAR2(400)', 'CUSTOM_FIELD_CODE_LIST_CODE1', 0, 'string-m', '', '', '', '', '', '', '', 0, NULL, 400, NULL, NULL, '', '', 'system', systimestamp, '111', 0, 'entity.custCodelist1', 'codelist', '', '', '', '', '');
INSERT INTO CNT_FIELD_DEFINITION
 (ID, REVISION, PARENT_ID, FIELD_ID, COLUMN_NAME, COLUMN_TYPE, REPORT_COLUMN_NAME, PRODUCT_FIELD, FIELD_TYPE, ENTITY_LOOKUP, ENTITY_LOOKUP_KEY, ORDER_BY, GENERATOR, REFER_TABLE, KEY_COLUMN, LOOKUP_COLUMN, MANDATORY, MIN_LENGTH, MAX_LENGTH, MIN_VALUE, MAX_VALUE, CONSTANT_VALUE, UNIQUE_KEY, CREATE_USER, CREATED_ON, LINE_NO, MANAGED, FIELD_PATH, DATA_TYPE, DATA1, DATA2, TRANSITIVE_FIELDS, FORMULA, ENTITY_LOOKUP_TYPE)
VALUES ('c2126ed2e5a444ddb3a5744923b8593a', 0, 'd22345557a464a399b88ec7ed04b61a9', 'custCodelist2', 'CUST_CODELIST2', 'NVARCHAR2(400)', 'CUSTOM_FIELD_CODE_LIST_CODE2', 0, 'string-m', '', '', '', '', '', '', '', 0, NULL, 400, NULL, NULL, '', '', 'system', systimestamp, '112', 0, 'entity.custCodelist2', 'codelist', '', '', '', '', '');
INSERT INTO CNT_FIELD_DEFINITION
 (ID, REVISION, PARENT_ID, FIELD_ID, COLUMN_NAME, COLUMN_TYPE, REPORT_COLUMN_NAME, PRODUCT_FIELD, FIELD_TYPE, ENTITY_LOOKUP, ENTITY_LOOKUP_KEY, ORDER_BY, GENERATOR, REFER_TABLE, KEY_COLUMN, LOOKUP_COLUMN, MANDATORY, MIN_LENGTH, MAX_LENGTH, MIN_VALUE, MAX_VALUE, CONSTANT_VALUE, UNIQUE_KEY, CREATE_USER, CREATED_ON, LINE_NO, MANAGED, FIELD_PATH, DATA_TYPE, DATA1, DATA2, TRANSITIVE_FIELDS, FORMULA, ENTITY_LOOKUP_TYPE)
VALUES ('d6178f839b4647468a3708d70a3a28d4', 0, 'd22345557a464a399b88ec7ed04b61a9', 'custCodelist3', 'CUST_CODELIST3', 'NVARCHAR2(400)', 'CUSTOM_FIELD_CODE_LIST_CODE3', 0, 'string-m', '', '', '', '', '', '', '', 0, NULL, 400, NULL, NULL, '', '', 'system', systimestamp, '113', 0, 'entity.custCodelist3', 'codelist', '', '', '', '', '');
INSERT INTO CNT_FIELD_DEFINITION
 (ID, REVISION, PARENT_ID, FIELD_ID, COLUMN_NAME, COLUMN_TYPE, REPORT_COLUMN_NAME, PRODUCT_FIELD, FIELD_TYPE, ENTITY_LOOKUP, ENTITY_LOOKUP_KEY, ORDER_BY, GENERATOR, REFER_TABLE, KEY_COLUMN, LOOKUP_COLUMN, MANDATORY, MIN_LENGTH, MAX_LENGTH, MIN_VALUE, MAX_VALUE, CONSTANT_VALUE, UNIQUE_KEY, CREATE_USER, CREATED_ON, LINE_NO, MANAGED, FIELD_PATH, DATA_TYPE, DATA1, DATA2, TRANSITIVE_FIELDS, FORMULA, ENTITY_LOOKUP_TYPE)
VALUES ('b51d4f022d814f9d97d2e919549d76a4', 0, 'd22345557a464a399b88ec7ed04b61a9', 'custCodelist4', 'CUST_CODELIST4', 'NVARCHAR2(400)', 'CUSTOM_FIELD_CODE_LIST_CODE4', 0, 'string-m', '', '', '', '', '', '', '', 0, NULL, 400, NULL, NULL, '', '', 'system', systimestamp, '114', 0, 'entity.custCodelist4', 'codelist', '', '', '', '', '');
INSERT INTO CNT_FIELD_DEFINITION
 (ID, REVISION, PARENT_ID, FIELD_ID, COLUMN_NAME, COLUMN_TYPE, REPORT_COLUMN_NAME, PRODUCT_FIELD, FIELD_TYPE, ENTITY_LOOKUP, ENTITY_LOOKUP_KEY, ORDER_BY, GENERATOR, REFER_TABLE, KEY_COLUMN, LOOKUP_COLUMN, MANDATORY, MIN_LENGTH, MAX_LENGTH, MIN_VALUE, MAX_VALUE, CONSTANT_VALUE, UNIQUE_KEY, CREATE_USER, CREATED_ON, LINE_NO, MANAGED, FIELD_PATH, DATA_TYPE, DATA1, DATA2, TRANSITIVE_FIELDS, FORMULA, ENTITY_LOOKUP_TYPE)
VALUES ('f8774bd9f3ec4aa9b92a6a405f6bf9e3', 0, 'd22345557a464a399b88ec7ed04b61a9', 'custCodelist5', 'CUST_CODELIST5', 'NVARCHAR2(400)', 'CUSTOM_FIELD_CODE_LIST_CODE5', 0, 'string-m', '', '', '', '', '', '', '', 0, NULL, 400, NULL, NULL, '', '', 'system', systimestamp, '115', 0, 'entity.custCodelist5', 'codelist', '', '', '', '', '');
INSERT INTO CNT_FIELD_DEFINITION
 (ID, REVISION, PARENT_ID, FIELD_ID, COLUMN_NAME, COLUMN_TYPE, REPORT_COLUMN_NAME, PRODUCT_FIELD, FIELD_TYPE, ENTITY_LOOKUP, ENTITY_LOOKUP_KEY, ORDER_BY, GENERATOR, REFER_TABLE, KEY_COLUMN, LOOKUP_COLUMN, MANDATORY, MIN_LENGTH, MAX_LENGTH, MIN_VALUE, MAX_VALUE, CONSTANT_VALUE, UNIQUE_KEY, CREATE_USER, CREATED_ON, LINE_NO, MANAGED, FIELD_PATH, DATA_TYPE, DATA1, DATA2, TRANSITIVE_FIELDS, FORMULA, ENTITY_LOOKUP_TYPE)
VALUES ('81382c157e684e4d8cdc0a274cf250af', 0, 'd22345557a464a399b88ec7ed04b61a9', 'custCodelist6', 'CUST_CODELIST6', 'NVARCHAR2(400)', 'CUSTOM_FIELD_CODE_LIST_CODE6', 0, 'string-m', '', '', '', '', '', '', '', 0, NULL, 400, NULL, NULL, '', '', 'system', systimestamp, '116', 0, 'entity.custCodelist6', 'codelist', '', '', '', '', '');
INSERT INTO CNT_FIELD_DEFINITION
 (ID, REVISION, PARENT_ID, FIELD_ID, COLUMN_NAME, COLUMN_TYPE, REPORT_COLUMN_NAME, PRODUCT_FIELD, FIELD_TYPE, ENTITY_LOOKUP, ENTITY_LOOKUP_KEY, ORDER_BY, GENERATOR, REFER_TABLE, KEY_COLUMN, LOOKUP_COLUMN, MANDATORY, MIN_LENGTH, MAX_LENGTH, MIN_VALUE, MAX_VALUE, CONSTANT_VALUE, UNIQUE_KEY, CREATE_USER, CREATED_ON, LINE_NO, MANAGED, FIELD_PATH, DATA_TYPE, DATA1, DATA2, TRANSITIVE_FIELDS, FORMULA, ENTITY_LOOKUP_TYPE)
VALUES ('027dd7f2f09749c990dad4361e76866a', 0, 'd22345557a464a399b88ec7ed04b61a9', 'custCodelist7', 'CUST_CODELIST7', 'NVARCHAR2(400)', 'CUSTOM_FIELD_CODE_LIST_CODE7', 0, 'string-m', '', '', '', '', '', '', '', 0, NULL, 400, NULL, NULL, '', '', 'system', systimestamp, '117', 0, 'entity.custCodelist7', 'codelist', '', '', '', '', '');
INSERT INTO CNT_FIELD_DEFINITION
 (ID, REVISION, PARENT_ID, FIELD_ID, COLUMN_NAME, COLUMN_TYPE, REPORT_COLUMN_NAME, PRODUCT_FIELD, FIELD_TYPE, ENTITY_LOOKUP, ENTITY_LOOKUP_KEY, ORDER_BY, GENERATOR, REFER_TABLE, KEY_COLUMN, LOOKUP_COLUMN, MANDATORY, MIN_LENGTH, MAX_LENGTH, MIN_VALUE, MAX_VALUE, CONSTANT_VALUE, UNIQUE_KEY, CREATE_USER, CREATED_ON, LINE_NO, MANAGED, FIELD_PATH, DATA_TYPE, DATA1, DATA2, TRANSITIVE_FIELDS, FORMULA, ENTITY_LOOKUP_TYPE)
VALUES ('ea5a787b112e42cb99369154f769d4cc', 0, 'd22345557a464a399b88ec7ed04b61a9', 'custMemoText1', 'CUST_MEMO_TEXT1', 'NVARCHAR2(1000)', 'CUSTOM_FIELD_MEMO_TEXT1', 0, 'string-l', '', '', '', '', '', '', '', 0, NULL, 1000, NULL, NULL, '', '', 'system', systimestamp, '118', 0, 'entity.custMemoText1', '', '', '', '', '', '');
INSERT INTO CNT_FIELD_DEFINITION
 (ID, REVISION, PARENT_ID, FIELD_ID, COLUMN_NAME, COLUMN_TYPE, REPORT_COLUMN_NAME, PRODUCT_FIELD, FIELD_TYPE, ENTITY_LOOKUP, ENTITY_LOOKUP_KEY, ORDER_BY, GENERATOR, REFER_TABLE, KEY_COLUMN, LOOKUP_COLUMN, MANDATORY, MIN_LENGTH, MAX_LENGTH, MIN_VALUE, MAX_VALUE, CONSTANT_VALUE, UNIQUE_KEY, CREATE_USER, CREATED_ON, LINE_NO, MANAGED, FIELD_PATH, DATA_TYPE, DATA1, DATA2, TRANSITIVE_FIELDS, FORMULA, ENTITY_LOOKUP_TYPE)
VALUES ('04eda7ba8be24bd39c89fadae1a6296a', 0, 'd22345557a464a399b88ec7ed04b61a9', 'custMemoText2', 'CUST_MEMO_TEXT2', 'NVARCHAR2(1000)', 'CUSTOM_FIELD_MEMO_TEXT2', 0, 'string-l', '', '', '', '', '', '', '', 0, NULL, 1000, NULL, NULL, '', '', 'system', systimestamp, '119', 0, 'entity.custMemoText2', '', '', '', '', '', '');
INSERT INTO CNT_FIELD_DEFINITION
 (ID, REVISION, PARENT_ID, FIELD_ID, COLUMN_NAME, COLUMN_TYPE, REPORT_COLUMN_NAME, PRODUCT_FIELD, FIELD_TYPE, ENTITY_LOOKUP, ENTITY_LOOKUP_KEY, ORDER_BY, GENERATOR, REFER_TABLE, KEY_COLUMN, LOOKUP_COLUMN, MANDATORY, MIN_LENGTH, MAX_LENGTH, MIN_VALUE, MAX_VALUE, CONSTANT_VALUE, UNIQUE_KEY, CREATE_USER, CREATED_ON, LINE_NO, MANAGED, FIELD_PATH, DATA_TYPE, DATA1, DATA2, TRANSITIVE_FIELDS, FORMULA, ENTITY_LOOKUP_TYPE)
VALUES ('71323fc7abd24693ad6d1f4e96c0c33f', 0, 'd22345557a464a399b88ec7ed04b61a9', 'custMemoText3', 'CUST_MEMO_TEXT3', 'NVARCHAR2(1000)', 'CUSTOM_FIELD_MEMO_TEXT3', 0, 'string-l', '', '', '', '', '', '', '', 0, NULL, 1000, NULL, NULL, '', '', 'system', systimestamp, '120', 0, 'entity.custMemoText3', '', '', '', '', '', '');
INSERT INTO CNT_FIELD_DEFINITION
 (ID, REVISION, PARENT_ID, FIELD_ID, COLUMN_NAME, COLUMN_TYPE, REPORT_COLUMN_NAME, PRODUCT_FIELD, FIELD_TYPE, ENTITY_LOOKUP, ENTITY_LOOKUP_KEY, ORDER_BY, GENERATOR, REFER_TABLE, KEY_COLUMN, LOOKUP_COLUMN, MANDATORY, MIN_LENGTH, MAX_LENGTH, MIN_VALUE, MAX_VALUE, CONSTANT_VALUE, UNIQUE_KEY, CREATE_USER, CREATED_ON, LINE_NO, MANAGED, FIELD_PATH, DATA_TYPE, DATA1, DATA2, TRANSITIVE_FIELDS, FORMULA, ENTITY_LOOKUP_TYPE)
VALUES ('6cc6a45e64b149139ee5dc667614ecea', 0, 'd22345557a464a399b88ec7ed04b61a9', 'custMemoText4', 'CUST_MEMO_TEXT4', 'NVARCHAR2(1000)', 'CUSTOM_FIELD_MEMO_TEXT4', 0, 'string-l', '', '', '', '', '', '', '', 0, NULL, 1000, NULL, NULL, '', '', 'system', systimestamp, '121', 0, 'entity.custMemoText4', '', '', '', '', '', '');
INSERT INTO CNT_FIELD_DEFINITION
 (ID, REVISION, PARENT_ID, FIELD_ID, COLUMN_NAME, COLUMN_TYPE, REPORT_COLUMN_NAME, PRODUCT_FIELD, FIELD_TYPE, ENTITY_LOOKUP, ENTITY_LOOKUP_KEY, ORDER_BY, GENERATOR, REFER_TABLE, KEY_COLUMN, LOOKUP_COLUMN, MANDATORY, MIN_LENGTH, MAX_LENGTH, MIN_VALUE, MAX_VALUE, CONSTANT_VALUE, UNIQUE_KEY, CREATE_USER, CREATED_ON, LINE_NO, MANAGED, FIELD_PATH, DATA_TYPE, DATA1, DATA2, TRANSITIVE_FIELDS, FORMULA, ENTITY_LOOKUP_TYPE)
VALUES ('b45dd64645a34aae94c08d55294b2d5f', 0, 'd22345557a464a399b88ec7ed04b61a9', 'custMemoText5', 'CUST_MEMO_TEXT5', 'NVARCHAR2(1000)', 'CUSTOM_FIELD_MEMO_TEXT5', 0, 'string-l', '', '', '', '', '', '', '', 0, NULL, 1000, NULL, NULL, '', '', 'system', systimestamp, '122', 0, 'entity.custMemoText5', '', '', '', '', '', '');
INSERT INTO CNT_FIELD_DEFINITION
 (ID, REVISION, PARENT_ID, FIELD_ID, COLUMN_NAME, COLUMN_TYPE, REPORT_COLUMN_NAME, PRODUCT_FIELD, FIELD_TYPE, ENTITY_LOOKUP, ENTITY_LOOKUP_KEY, ORDER_BY, GENERATOR, REFER_TABLE, KEY_COLUMN, LOOKUP_COLUMN, MANDATORY, MIN_LENGTH, MAX_LENGTH, MIN_VALUE, MAX_VALUE, CONSTANT_VALUE, UNIQUE_KEY, CREATE_USER, CREATED_ON, LINE_NO, MANAGED, FIELD_PATH, DATA_TYPE, DATA1, DATA2, TRANSITIVE_FIELDS, FORMULA, ENTITY_LOOKUP_TYPE)
VALUES ('6a55f7446730414389225fbe4de45d37', 0, 'd22345557a464a399b88ec7ed04b61a9', 'custMemoText6', 'CUST_MEMO_TEXT6', 'NVARCHAR2(1000)', 'CUSTOM_FIELD_MEMO_TEXT6', 0, 'string-l', '', '', '', '', '', '', '', 0, NULL, 1000, NULL, NULL, '', '', 'system', systimestamp, '123', 0, 'entity.custMemoText6', '', '', '', '', '', '');
INSERT INTO CNT_FIELD_DEFINITION
 (ID, REVISION, PARENT_ID, FIELD_ID, COLUMN_NAME, COLUMN_TYPE, REPORT_COLUMN_NAME, PRODUCT_FIELD, FIELD_TYPE, ENTITY_LOOKUP, ENTITY_LOOKUP_KEY, ORDER_BY, GENERATOR, REFER_TABLE, KEY_COLUMN, LOOKUP_COLUMN, MANDATORY, MIN_LENGTH, MAX_LENGTH, MIN_VALUE, MAX_VALUE, CONSTANT_VALUE, UNIQUE_KEY, CREATE_USER, CREATED_ON, LINE_NO, MANAGED, FIELD_PATH, DATA_TYPE, DATA1, DATA2, TRANSITIVE_FIELDS, FORMULA, ENTITY_LOOKUP_TYPE)
VALUES ('36d150b5de68481ea09e754095751c75', 0, 'd22345557a464a399b88ec7ed04b61a9', 'custMemoText7', 'CUST_MEMO_TEXT7', 'NVARCHAR2(1000)', 'CUSTOM_FIELD_MEMO_TEXT7', 0, 'string-l', '', '', '', '', '', '', '', 0, NULL, 1000, NULL, NULL, '', '', 'system', systimestamp, '124', 0, 'entity.custMemoText7', '', '', '', '', '', '');
INSERT INTO CNT_FIELD_DEFINITION
 (ID, REVISION, PARENT_ID, FIELD_ID, COLUMN_NAME, COLUMN_TYPE, REPORT_COLUMN_NAME, PRODUCT_FIELD, FIELD_TYPE, ENTITY_LOOKUP, ENTITY_LOOKUP_KEY, ORDER_BY, GENERATOR, REFER_TABLE, KEY_COLUMN, LOOKUP_COLUMN, MANDATORY, MIN_LENGTH, MAX_LENGTH, MIN_VALUE, MAX_VALUE, CONSTANT_VALUE, UNIQUE_KEY, CREATE_USER, CREATED_ON, LINE_NO, MANAGED, FIELD_PATH, DATA_TYPE, DATA1, DATA2, TRANSITIVE_FIELDS, FORMULA, ENTITY_LOOKUP_TYPE)
VALUES ('5d56574228334f08a5b9195a25defe14', 0, 'd22345557a464a399b88ec7ed04b61a9', 'custHcl1', 'CUST_HCL1_ID', 'CHAR(32)', 'CUSTOM_FIELD_HCL_CODE_SYS_ID1', 0, 'entity', 'HclNode', 'id', '', '', '', '', '', 0, 32, 32, NULL, NULL, '', '', 'system', systimestamp, '125', 0, 'entity.custHcl1', '', '', '', '', '', '');
INSERT INTO CNT_FIELD_DEFINITION
 (ID, REVISION, PARENT_ID, FIELD_ID, COLUMN_NAME, COLUMN_TYPE, REPORT_COLUMN_NAME, PRODUCT_FIELD, FIELD_TYPE, ENTITY_LOOKUP, ENTITY_LOOKUP_KEY, ORDER_BY, GENERATOR, REFER_TABLE, KEY_COLUMN, LOOKUP_COLUMN, MANDATORY, MIN_LENGTH, MAX_LENGTH, MIN_VALUE, MAX_VALUE, CONSTANT_VALUE, UNIQUE_KEY, CREATE_USER, CREATED_ON, LINE_NO, MANAGED, FIELD_PATH, DATA_TYPE, DATA1, DATA2, TRANSITIVE_FIELDS, FORMULA, ENTITY_LOOKUP_TYPE)
VALUES ('839708ba80c04786b09c7ef5966b7b66', 0, 'd22345557a464a399b88ec7ed04b61a9', 'custHcl2', 'CUST_HCL2_ID', 'CHAR(32)', 'CUSTOM_FIELD_HCL_CODE_SYS_ID2', 0, 'entity', 'HclNode', 'id', '', '', '', '', '', 0, 32, 32, NULL, NULL, '', '', 'system', systimestamp, '126', 0, 'entity.custHcl2', '', '', '', '', '', '');
INSERT INTO CNT_FIELD_DEFINITION
 (ID, REVISION, PARENT_ID, FIELD_ID, COLUMN_NAME, COLUMN_TYPE, REPORT_COLUMN_NAME, PRODUCT_FIELD, FIELD_TYPE, ENTITY_LOOKUP, ENTITY_LOOKUP_KEY, ORDER_BY, GENERATOR, REFER_TABLE, KEY_COLUMN, LOOKUP_COLUMN, MANDATORY, MIN_LENGTH, MAX_LENGTH, MIN_VALUE, MAX_VALUE, CONSTANT_VALUE, UNIQUE_KEY, CREATE_USER, CREATED_ON, LINE_NO, MANAGED, FIELD_PATH, DATA_TYPE, DATA1, DATA2, TRANSITIVE_FIELDS, FORMULA, ENTITY_LOOKUP_TYPE)
VALUES ('afc5258e20a44fa7b388057ad21dd2f6', 0, 'd22345557a464a399b88ec7ed04b61a9', 'custHcl3', 'CUST_HCL3_ID', 'CHAR(32)', 'CUSTOM_FIELD_HCL_CODE_SYS_ID3', 0, 'entity', 'HclNode', 'id', '', '', '', '', '', 0, 32, 32, NULL, NULL, '', '', 'system', systimestamp, '127', 0, 'entity.custHcl3', '', '', '', '', '', '');
INSERT INTO CNT_FIELD_DEFINITION
 (ID, REVISION, PARENT_ID, FIELD_ID, COLUMN_NAME, COLUMN_TYPE, REPORT_COLUMN_NAME, PRODUCT_FIELD, FIELD_TYPE, ENTITY_LOOKUP, ENTITY_LOOKUP_KEY, ORDER_BY, GENERATOR, REFER_TABLE, KEY_COLUMN, LOOKUP_COLUMN, MANDATORY, MIN_LENGTH, MAX_LENGTH, MIN_VALUE, MAX_VALUE, CONSTANT_VALUE, UNIQUE_KEY, CREATE_USER, CREATED_ON, LINE_NO, MANAGED, FIELD_PATH, DATA_TYPE, DATA1, DATA2, TRANSITIVE_FIELDS, FORMULA, ENTITY_LOOKUP_TYPE)
VALUES ('4fbfcffee75b4c3baf09c72a11193bfd', 0, 'd22345557a464a399b88ec7ed04b61a9', 'custHcl4', 'CUST_HCL4_ID', 'CHAR(32)', 'CUSTOM_FIELD_HCL_CODE_SYS_ID4', 0, 'entity', 'HclNode', 'id', '', '', '', '', '', 0, 32, 32, NULL, NULL, '', '', 'system', systimestamp, '128', 0, 'entity.custHcl4', '', '', '', '', '', '');
INSERT INTO CNT_FIELD_DEFINITION
 (ID, REVISION, PARENT_ID, FIELD_ID, COLUMN_NAME, COLUMN_TYPE, REPORT_COLUMN_NAME, PRODUCT_FIELD, FIELD_TYPE, ENTITY_LOOKUP, ENTITY_LOOKUP_KEY, ORDER_BY, GENERATOR, REFER_TABLE, KEY_COLUMN, LOOKUP_COLUMN, MANDATORY, MIN_LENGTH, MAX_LENGTH, MIN_VALUE, MAX_VALUE, CONSTANT_VALUE, UNIQUE_KEY, CREATE_USER, CREATED_ON, LINE_NO, MANAGED, FIELD_PATH, DATA_TYPE, DATA1, DATA2, TRANSITIVE_FIELDS, FORMULA, ENTITY_LOOKUP_TYPE)
VALUES ('838f82b26e7c4ba0a60b36f2d1e11f76', 0, 'd22345557a464a399b88ec7ed04b61a9', 'custHcl5', 'CUST_HCL5_ID', 'CHAR(32)', 'CUSTOM_FIELD_HCL_CODE_SYS_ID5', 0, 'entity', 'HclNode', 'id', '', '', '', '', '', 0, 32, 32, NULL, NULL, '', '', 'system', systimestamp, '129', 0, 'entity.custHcl5', '', '', '', '', '', '');
INSERT INTO CNT_FIELD_DEFINITION
 (ID, REVISION, PARENT_ID, FIELD_ID, COLUMN_NAME, COLUMN_TYPE, REPORT_COLUMN_NAME, PRODUCT_FIELD, FIELD_TYPE, ENTITY_LOOKUP, ENTITY_LOOKUP_KEY, ORDER_BY, GENERATOR, REFER_TABLE, KEY_COLUMN, LOOKUP_COLUMN, MANDATORY, MIN_LENGTH, MAX_LENGTH, MIN_VALUE, MAX_VALUE, CONSTANT_VALUE, UNIQUE_KEY, CREATE_USER, CREATED_ON, LINE_NO, MANAGED, FIELD_PATH, DATA_TYPE, DATA1, DATA2, TRANSITIVE_FIELDS, FORMULA, ENTITY_LOOKUP_TYPE)
VALUES ('e77f8cafd9af4d7b863164fa09488523', 0, 'd22345557a464a399b88ec7ed04b61a9', 'countryName', 'COUNTRY_NAME', 'NVARCHAR2(400)', 'N/A', 1, 'string-m', '', '', '', '', '', '', '', 0, NULL, 400, NULL, NULL, '', '', 'system', systimestamp, '130', 0, 'entity.countryName', '', '', '', '', '', '');
INSERT INTO CNT_FIELD_DEFINITION
 (ID, REVISION, PARENT_ID, FIELD_ID, COLUMN_NAME, COLUMN_TYPE, REPORT_COLUMN_NAME, PRODUCT_FIELD, FIELD_TYPE, ENTITY_LOOKUP, ENTITY_LOOKUP_KEY, ORDER_BY, GENERATOR, REFER_TABLE, KEY_COLUMN, LOOKUP_COLUMN, MANDATORY, MIN_LENGTH, MAX_LENGTH, MIN_VALUE, MAX_VALUE, CONSTANT_VALUE, UNIQUE_KEY, CREATE_USER, CREATED_ON, LINE_NO, MANAGED, FIELD_PATH, DATA_TYPE, DATA1, DATA2, TRANSITIVE_FIELDS, FORMULA, ENTITY_LOOKUP_TYPE)
VALUES ('0a4b8d686eec46639450e7ed6bed00a2', 0, 'd22345557a464a399b88ec7ed04b61a9', 'currencyName', 'CURRENCY_NAME', 'NVARCHAR2(400)', 'N/A', 1, 'string-m', '', '', '', '', '', '', '', 0, NULL, 400, NULL, NULL, '', '', 'system', systimestamp, '131', 0, 'entity.currencyName', '', '', '', '', '', '');
INSERT INTO CNT_FIELD_DEFINITION
 (ID, REVISION, PARENT_ID, FIELD_ID, COLUMN_NAME, COLUMN_TYPE, REPORT_COLUMN_NAME, PRODUCT_FIELD, FIELD_TYPE, ENTITY_LOOKUP, ENTITY_LOOKUP_KEY, ORDER_BY, GENERATOR, REFER_TABLE, KEY_COLUMN, LOOKUP_COLUMN, MANDATORY, MIN_LENGTH, MAX_LENGTH, MIN_VALUE, MAX_VALUE, CONSTANT_VALUE, UNIQUE_KEY, CREATE_USER, CREATED_ON, LINE_NO, MANAGED, FIELD_PATH, DATA_TYPE, DATA1, DATA2, TRANSITIVE_FIELDS, FORMULA, ENTITY_LOOKUP_TYPE)
VALUES ('f3a0fb9184814428b5a0ae37ee7406fa', 0, 'd22345557a464a399b88ec7ed04b61a9', 'paymentMethodName', 'PAYMENT_METHOD_NAME', 'NVARCHAR2(400)', 'N/A', 1, 'string-m', '', '', '', '', '', '', '', 0, NULL, 400, NULL, NULL, '', '', 'system', systimestamp, '132', 0, 'entity.paymentMethodName', '', '', '', '', '', '');
INSERT INTO CNT_FIELD_DEFINITION
 (ID, REVISION, PARENT_ID, FIELD_ID, COLUMN_NAME, COLUMN_TYPE, REPORT_COLUMN_NAME, PRODUCT_FIELD, FIELD_TYPE, ENTITY_LOOKUP, ENTITY_LOOKUP_KEY, ORDER_BY, GENERATOR, REFER_TABLE, KEY_COLUMN, LOOKUP_COLUMN, MANDATORY, MIN_LENGTH, MAX_LENGTH, MIN_VALUE, MAX_VALUE, CONSTANT_VALUE, UNIQUE_KEY, CREATE_USER, CREATED_ON, LINE_NO, MANAGED, FIELD_PATH, DATA_TYPE, DATA1, DATA2, TRANSITIVE_FIELDS, FORMULA, ENTITY_LOOKUP_TYPE)
VALUES ('a5ad15fe632e4c8b93b9ff3561744618', 0, 'd22345557a464a399b88ec7ed04b61a9', 'paymentTermName', 'PAYMENT_TERM_NAME', 'NVARCHAR2(400)', 'N/A', 1, 'string-m', '', '', '', '', '', '', '', 0, NULL, 400, NULL, NULL, '', '', 'system', systimestamp, '133', 0, 'entity.paymentTermName', '', '', '', '', '', '');
INSERT INTO CNT_FIELD_DEFINITION
 (ID, REVISION, PARENT_ID, FIELD_ID, COLUMN_NAME, COLUMN_TYPE, REPORT_COLUMN_NAME, PRODUCT_FIELD, FIELD_TYPE, ENTITY_LOOKUP, ENTITY_LOOKUP_KEY, ORDER_BY, GENERATOR, REFER_TABLE, KEY_COLUMN, LOOKUP_COLUMN, MANDATORY, MIN_LENGTH, MAX_LENGTH, MIN_VALUE, MAX_VALUE, CONSTANT_VALUE, UNIQUE_KEY, CREATE_USER, CREATED_ON, LINE_NO, MANAGED, FIELD_PATH, DATA_TYPE, DATA1, DATA2, TRANSITIVE_FIELDS, FORMULA, ENTITY_LOOKUP_TYPE)
VALUES ('2055f55898754405bac8bd70a97f60f6', 0, 'd22345557a464a399b88ec7ed04b61a9', 'shipmentMethodName', 'SHIPMENT_METHOD_NAME', 'NVARCHAR2(400)', 'N/A', 1, 'string-m', '', '', '', '', '', '', '', 0, NULL, 400, NULL, NULL, '', '', 'system', systimestamp, '134', 0, 'entity.shipmentMethodName', '', '', '', '', '', '');
INSERT INTO CNT_FIELD_DEFINITION
 (ID, REVISION, PARENT_ID, FIELD_ID, COLUMN_NAME, COLUMN_TYPE, REPORT_COLUMN_NAME, PRODUCT_FIELD, FIELD_TYPE, ENTITY_LOOKUP, ENTITY_LOOKUP_KEY, ORDER_BY, GENERATOR, REFER_TABLE, KEY_COLUMN, LOOKUP_COLUMN, MANDATORY, MIN_LENGTH, MAX_LENGTH, MIN_VALUE, MAX_VALUE, CONSTANT_VALUE, UNIQUE_KEY, CREATE_USER, CREATED_ON, LINE_NO, MANAGED, FIELD_PATH, DATA_TYPE, DATA1, DATA2, TRANSITIVE_FIELDS, FORMULA, ENTITY_LOOKUP_TYPE)
VALUES ('cbbec99f71094dcab2e3230cb6bedc18', 0, 'd22345557a464a399b88ec7ed04b61a9', 'incotermName', 'INCOTERM_NAME', 'NVARCHAR2(400)', 'N/A', 1, 'string-m', '', '', '', '', '', '', '', 0, NULL, 400, NULL, NULL, '', '', 'system', systimestamp, '135', 0, 'entity.incotermName', '', '', '', '', '', '');
INSERT INTO CNT_FIELD_DEFINITION
 (ID, REVISION, PARENT_ID, FIELD_ID, COLUMN_NAME, COLUMN_TYPE, REPORT_COLUMN_NAME, PRODUCT_FIELD, FIELD_TYPE, ENTITY_LOOKUP, ENTITY_LOOKUP_KEY, ORDER_BY, GENERATOR, REFER_TABLE, KEY_COLUMN, LOOKUP_COLUMN, MANDATORY, MIN_LENGTH, MAX_LENGTH, MIN_VALUE, MAX_VALUE, CONSTANT_VALUE, UNIQUE_KEY, CREATE_USER, CREATED_ON, LINE_NO, MANAGED, FIELD_PATH, DATA_TYPE, DATA1, DATA2, TRANSITIVE_FIELDS, FORMULA, ENTITY_LOOKUP_TYPE)
VALUES ('e1352071fb0441b08797411e48ca7ede', 0, 'd22345557a464a399b88ec7ed04b61a9', 'placeOfIncorporationName', 'PLACE_OF_INCORPORATION_NAME', 'NVARCHAR2(400)', 'N/A', 1, 'string-m', '', '', '', '', '', '', '', 0, NULL, 400, NULL, NULL, '', '', 'system', systimestamp, '136', 0, 'entity.placeOfIncorporationName', '', '', '', '', '', '');
INSERT INTO CNT_FIELD_DEFINITION
 (ID, REVISION, PARENT_ID, FIELD_ID, COLUMN_NAME, COLUMN_TYPE, REPORT_COLUMN_NAME, PRODUCT_FIELD, FIELD_TYPE, ENTITY_LOOKUP, ENTITY_LOOKUP_KEY, ORDER_BY, GENERATOR, REFER_TABLE, KEY_COLUMN, LOOKUP_COLUMN, MANDATORY, MIN_LENGTH, MAX_LENGTH, MIN_VALUE, MAX_VALUE, CONSTANT_VALUE, UNIQUE_KEY, CREATE_USER, CREATED_ON, LINE_NO, MANAGED, FIELD_PATH, DATA_TYPE, DATA1, DATA2, TRANSITIVE_FIELDS, FORMULA, ENTITY_LOOKUP_TYPE)
VALUES ('35a1a7ef243840fbb86e2033053cb615', 0, 'd22345557a464a399b88ec7ed04b61a9', 'preferredLanguageName', 'PREFERRED_LANGUAGE_NAME', 'NVARCHAR2(400)', 'N/A', 1, 'string-m', '', '', '', '', '', '', '', 0, NULL, 400, NULL, NULL, '', '', 'system', systimestamp, '137', 0, 'entity.preferredLanguageName', '', '', '', '', '', '');
INSERT INTO CNT_FIELD_DEFINITION
 (ID, REVISION, PARENT_ID, FIELD_ID, COLUMN_NAME, COLUMN_TYPE, REPORT_COLUMN_NAME, PRODUCT_FIELD, FIELD_TYPE, ENTITY_LOOKUP, ENTITY_LOOKUP_KEY, ORDER_BY, GENERATOR, REFER_TABLE, KEY_COLUMN, LOOKUP_COLUMN, MANDATORY, MIN_LENGTH, MAX_LENGTH, MIN_VALUE, MAX_VALUE, CONSTANT_VALUE, UNIQUE_KEY, CREATE_USER, CREATED_ON, LINE_NO, MANAGED, FIELD_PATH, DATA_TYPE, DATA1, DATA2, TRANSITIVE_FIELDS, FORMULA, ENTITY_LOOKUP_TYPE)
VALUES ('b4fd719a65ac487d8110a6ee7f7fd927', 0, 'd22345557a464a399b88ec7ed04b61a9', 'custTypeIdValue', 'CUST_TYPE_ID_VALUE', 'NVARCHAR2(1000)', 'N/A', 1, 'string-l', '', '', '', '', '', '', '', 0, NULL, 1000, NULL, NULL, '', '', 'system', systimestamp, '138', 0, 'entity.custTypeIdValue', '', '', '', '', '', '');
INSERT INTO CNT_FIELD_DEFINITION
 (ID, REVISION, PARENT_ID, FIELD_ID, COLUMN_NAME, COLUMN_TYPE, REPORT_COLUMN_NAME, PRODUCT_FIELD, FIELD_TYPE, ENTITY_LOOKUP, ENTITY_LOOKUP_KEY, ORDER_BY, GENERATOR, REFER_TABLE, KEY_COLUMN, LOOKUP_COLUMN, MANDATORY, MIN_LENGTH, MAX_LENGTH, MIN_VALUE, MAX_VALUE, CONSTANT_VALUE, UNIQUE_KEY, CREATE_USER, CREATED_ON, LINE_NO, MANAGED, FIELD_PATH, DATA_TYPE, DATA1, DATA2, TRANSITIVE_FIELDS, FORMULA, ENTITY_LOOKUP_TYPE)
VALUES ('cc6a2a225145432db15b498b0504d8c0', 0, 'd22345557a464a399b88ec7ed04b61a9', 'custCodelist1Name', 'CUST_CODELIST1_NAME', 'NVARCHAR2(400)', 'N/A', 0, 'string-m', '', '', '', '', '', '', '', 0, NULL, 400, NULL, NULL, '', '', 'system', systimestamp, '139', 0, 'entity.custCodelist1Name', '', '', '', '', '', '');
INSERT INTO CNT_FIELD_DEFINITION
 (ID, REVISION, PARENT_ID, FIELD_ID, COLUMN_NAME, COLUMN_TYPE, REPORT_COLUMN_NAME, PRODUCT_FIELD, FIELD_TYPE, ENTITY_LOOKUP, ENTITY_LOOKUP_KEY, ORDER_BY, GENERATOR, REFER_TABLE, KEY_COLUMN, LOOKUP_COLUMN, MANDATORY, MIN_LENGTH, MAX_LENGTH, MIN_VALUE, MAX_VALUE, CONSTANT_VALUE, UNIQUE_KEY, CREATE_USER, CREATED_ON, LINE_NO, MANAGED, FIELD_PATH, DATA_TYPE, DATA1, DATA2, TRANSITIVE_FIELDS, FORMULA, ENTITY_LOOKUP_TYPE)
VALUES ('614800b77d4b456db228beb3c80ee67b', 0, 'd22345557a464a399b88ec7ed04b61a9', 'custCodelist2Name', 'CUST_CODELIST2_NAME', 'NVARCHAR2(400)', 'N/A', 0, 'string-m', '', '', '', '', '', '', '', 0, NULL, 400, NULL, NULL, '', '', 'system', systimestamp, '140', 0, 'entity.custCodelist2Name', '', '', '', '', '', '');
INSERT INTO CNT_FIELD_DEFINITION
 (ID, REVISION, PARENT_ID, FIELD_ID, COLUMN_NAME, COLUMN_TYPE, REPORT_COLUMN_NAME, PRODUCT_FIELD, FIELD_TYPE, ENTITY_LOOKUP, ENTITY_LOOKUP_KEY, ORDER_BY, GENERATOR, REFER_TABLE, KEY_COLUMN, LOOKUP_COLUMN, MANDATORY, MIN_LENGTH, MAX_LENGTH, MIN_VALUE, MAX_VALUE, CONSTANT_VALUE, UNIQUE_KEY, CREATE_USER, CREATED_ON, LINE_NO, MANAGED, FIELD_PATH, DATA_TYPE, DATA1, DATA2, TRANSITIVE_FIELDS, FORMULA, ENTITY_LOOKUP_TYPE)
VALUES ('20fb139816744ee58db4ec4f75adfa0e', 0, 'd22345557a464a399b88ec7ed04b61a9', 'custCodelist3Name', 'CUST_CODELIST3_NAME', 'NVARCHAR2(400)', 'N/A', 0, 'string-m', '', '', '', '', '', '', '', 0, NULL, 400, NULL, NULL, '', '', 'system', systimestamp, '141', 0, 'entity.custCodelist3Name', '', '', '', '', '', '');
INSERT INTO CNT_FIELD_DEFINITION
 (ID, REVISION, PARENT_ID, FIELD_ID, COLUMN_NAME, COLUMN_TYPE, REPORT_COLUMN_NAME, PRODUCT_FIELD, FIELD_TYPE, ENTITY_LOOKUP, ENTITY_LOOKUP_KEY, ORDER_BY, GENERATOR, REFER_TABLE, KEY_COLUMN, LOOKUP_COLUMN, MANDATORY, MIN_LENGTH, MAX_LENGTH, MIN_VALUE, MAX_VALUE, CONSTANT_VALUE, UNIQUE_KEY, CREATE_USER, CREATED_ON, LINE_NO, MANAGED, FIELD_PATH, DATA_TYPE, DATA1, DATA2, TRANSITIVE_FIELDS, FORMULA, ENTITY_LOOKUP_TYPE)
VALUES ('7a918aa0917b4e73ac02b9408b361e0d', 0, 'd22345557a464a399b88ec7ed04b61a9', 'custCodelist4Name', 'CUST_CODELIST4_NAME', 'NVARCHAR2(400)', 'N/A', 0, 'string-m', '', '', '', '', '', '', '', 0, NULL, 400, NULL, NULL, '', '', 'system', systimestamp, '142', 0, 'entity.custCodelist4Name', '', '', '', '', '', '');
INSERT INTO CNT_FIELD_DEFINITION
 (ID, REVISION, PARENT_ID, FIELD_ID, COLUMN_NAME, COLUMN_TYPE, REPORT_COLUMN_NAME, PRODUCT_FIELD, FIELD_TYPE, ENTITY_LOOKUP, ENTITY_LOOKUP_KEY, ORDER_BY, GENERATOR, REFER_TABLE, KEY_COLUMN, LOOKUP_COLUMN, MANDATORY, MIN_LENGTH, MAX_LENGTH, MIN_VALUE, MAX_VALUE, CONSTANT_VALUE, UNIQUE_KEY, CREATE_USER, CREATED_ON, LINE_NO, MANAGED, FIELD_PATH, DATA_TYPE, DATA1, DATA2, TRANSITIVE_FIELDS, FORMULA, ENTITY_LOOKUP_TYPE)
VALUES ('3c2d0207238f47f88b7749c37ccbf006', 0, 'd22345557a464a399b88ec7ed04b61a9', 'custCodelist5Name', 'CUST_CODELIST5_NAME', 'NVARCHAR2(400)', 'N/A', 0, 'string-m', '', '', '', '', '', '', '', 0, NULL, 400, NULL, NULL, '', '', 'system', systimestamp, '143', 0, 'entity.custCodelist5Name', '', '', '', '', '', '');
INSERT INTO CNT_FIELD_DEFINITION
 (ID, REVISION, PARENT_ID, FIELD_ID, COLUMN_NAME, COLUMN_TYPE, REPORT_COLUMN_NAME, PRODUCT_FIELD, FIELD_TYPE, ENTITY_LOOKUP, ENTITY_LOOKUP_KEY, ORDER_BY, GENERATOR, REFER_TABLE, KEY_COLUMN, LOOKUP_COLUMN, MANDATORY, MIN_LENGTH, MAX_LENGTH, MIN_VALUE, MAX_VALUE, CONSTANT_VALUE, UNIQUE_KEY, CREATE_USER, CREATED_ON, LINE_NO, MANAGED, FIELD_PATH, DATA_TYPE, DATA1, DATA2, TRANSITIVE_FIELDS, FORMULA, ENTITY_LOOKUP_TYPE)
VALUES ('9a4abe5b2d984dfba8280a826868486f', 0, 'd22345557a464a399b88ec7ed04b61a9', 'custCodelist6Name', 'CUST_CODELIST6_NAME', 'NVARCHAR2(400)', 'N/A', 0, 'string-m', '', '', '', '', '', '', '', 0, NULL, 400, NULL, NULL, '', '', 'system', systimestamp, '144', 0, 'entity.custCodelist6Name', '', '', '', '', '', '');
INSERT INTO CNT_FIELD_DEFINITION
 (ID, REVISION, PARENT_ID, FIELD_ID, COLUMN_NAME, COLUMN_TYPE, REPORT_COLUMN_NAME, PRODUCT_FIELD, FIELD_TYPE, ENTITY_LOOKUP, ENTITY_LOOKUP_KEY, ORDER_BY, GENERATOR, REFER_TABLE, KEY_COLUMN, LOOKUP_COLUMN, MANDATORY, MIN_LENGTH, MAX_LENGTH, MIN_VALUE, MAX_VALUE, CONSTANT_VALUE, UNIQUE_KEY, CREATE_USER, CREATED_ON, LINE_NO, MANAGED, FIELD_PATH, DATA_TYPE, DATA1, DATA2, TRANSITIVE_FIELDS, FORMULA, ENTITY_LOOKUP_TYPE)
VALUES ('c8b8716abc454ca787c6a6fb9d14e83e', 0, 'd22345557a464a399b88ec7ed04b61a9', 'custCodelist7Name', 'CUST_CODELIST7_NAME', 'NVARCHAR2(400)', 'N/A', 0, 'string-m', '', '', '', '', '', '', '', 0, NULL, 400, NULL, NULL, '', '', 'system', systimestamp, '145', 0, 'entity.custCodelist7Name', '', '', '', '', '', '');
INSERT INTO CNT_FIELD_DEFINITION
 (ID, REVISION, PARENT_ID, FIELD_ID, COLUMN_NAME, COLUMN_TYPE, REPORT_COLUMN_NAME, PRODUCT_FIELD, FIELD_TYPE, ENTITY_LOOKUP, ENTITY_LOOKUP_KEY, ORDER_BY, GENERATOR, REFER_TABLE, KEY_COLUMN, LOOKUP_COLUMN, MANDATORY, MIN_LENGTH, MAX_LENGTH, MIN_VALUE, MAX_VALUE, CONSTANT_VALUE, UNIQUE_KEY, CREATE_USER, CREATED_ON, LINE_NO, MANAGED, FIELD_PATH, DATA_TYPE, DATA1, DATA2, TRANSITIVE_FIELDS, FORMULA, ENTITY_LOOKUP_TYPE)
VALUES ('ea7ce387527c41ebba4b7d6ddef5ff44', 0, 'd22345557a464a399b88ec7ed04b61a9', 'custHcl1Ref', 'CUST_HCL1_REF', 'NVARCHAR2(1000)', 'N/A', 0, 'string-l', '', '', '', '', '', '', '', 0, NULL, 1000, NULL, NULL, '', '', 'system', systimestamp, '146', 0, 'entity.custHcl1Ref', '', '', '', '', '', '');
INSERT INTO CNT_FIELD_DEFINITION
 (ID, REVISION, PARENT_ID, FIELD_ID, COLUMN_NAME, COLUMN_TYPE, REPORT_COLUMN_NAME, PRODUCT_FIELD, FIELD_TYPE, ENTITY_LOOKUP, ENTITY_LOOKUP_KEY, ORDER_BY, GENERATOR, REFER_TABLE, KEY_COLUMN, LOOKUP_COLUMN, MANDATORY, MIN_LENGTH, MAX_LENGTH, MIN_VALUE, MAX_VALUE, CONSTANT_VALUE, UNIQUE_KEY, CREATE_USER, CREATED_ON, LINE_NO, MANAGED, FIELD_PATH, DATA_TYPE, DATA1, DATA2, TRANSITIVE_FIELDS, FORMULA, ENTITY_LOOKUP_TYPE)
VALUES ('f25b774f209f44598ac9bed87afc8851', 0, 'd22345557a464a399b88ec7ed04b61a9', 'custHcl1Ver', 'CUST_HCL1_VER', 'NUMBER(20, 0)', 'N/A', 0, 'integer', '', '', '', '', '', '', '', 0, NULL, 18, NULL, NULL, '', '', 'system', systimestamp, '147', 0, 'entity.custHcl1Ver', '', '', '', '', '', '');
INSERT INTO CNT_FIELD_DEFINITION
 (ID, REVISION, PARENT_ID, FIELD_ID, COLUMN_NAME, COLUMN_TYPE, REPORT_COLUMN_NAME, PRODUCT_FIELD, FIELD_TYPE, ENTITY_LOOKUP, ENTITY_LOOKUP_KEY, ORDER_BY, GENERATOR, REFER_TABLE, KEY_COLUMN, LOOKUP_COLUMN, MANDATORY, MIN_LENGTH, MAX_LENGTH, MIN_VALUE, MAX_VALUE, CONSTANT_VALUE, UNIQUE_KEY, CREATE_USER, CREATED_ON, LINE_NO, MANAGED, FIELD_PATH, DATA_TYPE, DATA1, DATA2, TRANSITIVE_FIELDS, FORMULA, ENTITY_LOOKUP_TYPE)
VALUES ('1ed1f90ea3634be88080a85cd5fc569b', 0, 'd22345557a464a399b88ec7ed04b61a9', 'custHcl1Ref2', 'CUST_HCL1_REF2', 'NVARCHAR2(1000)', 'N/A', 0, 'string-l', '', '', '', '', '', '', '', 0, NULL, 1000, NULL, NULL, '', '', 'system', systimestamp, '148', 0, 'entity.custHcl1Ref2', '', '', '', '', '', '');
INSERT INTO CNT_FIELD_DEFINITION
 (ID, REVISION, PARENT_ID, FIELD_ID, COLUMN_NAME, COLUMN_TYPE, REPORT_COLUMN_NAME, PRODUCT_FIELD, FIELD_TYPE, ENTITY_LOOKUP, ENTITY_LOOKUP_KEY, ORDER_BY, GENERATOR, REFER_TABLE, KEY_COLUMN, LOOKUP_COLUMN, MANDATORY, MIN_LENGTH, MAX_LENGTH, MIN_VALUE, MAX_VALUE, CONSTANT_VALUE, UNIQUE_KEY, CREATE_USER, CREATED_ON, LINE_NO, MANAGED, FIELD_PATH, DATA_TYPE, DATA1, DATA2, TRANSITIVE_FIELDS, FORMULA, ENTITY_LOOKUP_TYPE)
VALUES ('f5c82eca7df94c59ab448ebdc29c8c04', 0, 'd22345557a464a399b88ec7ed04b61a9', 'custHcl1FullLineage', 'CUST_HCL1_FULL_LINEAGE', 'NVARCHAR2(1000)', 'N/A', 0, 'string-l', '', '', '', '', '', '', '', 0, NULL, 1000, NULL, NULL, '', '', 'system', systimestamp, '149', 0, 'entity.custHcl1FullLineage', '', '', '', '', '', '');
INSERT INTO CNT_FIELD_DEFINITION
 (ID, REVISION, PARENT_ID, FIELD_ID, COLUMN_NAME, COLUMN_TYPE, REPORT_COLUMN_NAME, PRODUCT_FIELD, FIELD_TYPE, ENTITY_LOOKUP, ENTITY_LOOKUP_KEY, ORDER_BY, GENERATOR, REFER_TABLE, KEY_COLUMN, LOOKUP_COLUMN, MANDATORY, MIN_LENGTH, MAX_LENGTH, MIN_VALUE, MAX_VALUE, CONSTANT_VALUE, UNIQUE_KEY, CREATE_USER, CREATED_ON, LINE_NO, MANAGED, FIELD_PATH, DATA_TYPE, DATA1, DATA2, TRANSITIVE_FIELDS, FORMULA, ENTITY_LOOKUP_TYPE)
VALUES ('a08e61f626d744a386d5735226fae87c', 0, 'd22345557a464a399b88ec7ed04b61a9', 'custHcl2Ref', 'CUST_HCL2_REF', 'NVARCHAR2(1000)', 'N/A', 0, 'string-l', '', '', '', '', '', '', '', 0, NULL, 1000, NULL, NULL, '', '', 'system', systimestamp, '150', 0, 'entity.custHcl2Ref', '', '', '', '', '', '');
INSERT INTO CNT_FIELD_DEFINITION
 (ID, REVISION, PARENT_ID, FIELD_ID, COLUMN_NAME, COLUMN_TYPE, REPORT_COLUMN_NAME, PRODUCT_FIELD, FIELD_TYPE, ENTITY_LOOKUP, ENTITY_LOOKUP_KEY, ORDER_BY, GENERATOR, REFER_TABLE, KEY_COLUMN, LOOKUP_COLUMN, MANDATORY, MIN_LENGTH, MAX_LENGTH, MIN_VALUE, MAX_VALUE, CONSTANT_VALUE, UNIQUE_KEY, CREATE_USER, CREATED_ON, LINE_NO, MANAGED, FIELD_PATH, DATA_TYPE, DATA1, DATA2, TRANSITIVE_FIELDS, FORMULA, ENTITY_LOOKUP_TYPE)
VALUES ('e7322abd24444ff3baa353dae5a1e903', 0, 'd22345557a464a399b88ec7ed04b61a9', 'custHcl2Ver', 'CUST_HCL2_VER', 'NUMBER(20, 0)', 'N/A', 0, 'integer', '', '', '', '', '', '', '', 0, NULL, 18, NULL, NULL, '', '', 'system', systimestamp, '151', 0, 'entity.custHcl2Ver', '', '', '', '', '', '');
INSERT INTO CNT_FIELD_DEFINITION
 (ID, REVISION, PARENT_ID, FIELD_ID, COLUMN_NAME, COLUMN_TYPE, REPORT_COLUMN_NAME, PRODUCT_FIELD, FIELD_TYPE, ENTITY_LOOKUP, ENTITY_LOOKUP_KEY, ORDER_BY, GENERATOR, REFER_TABLE, KEY_COLUMN, LOOKUP_COLUMN, MANDATORY, MIN_LENGTH, MAX_LENGTH, MIN_VALUE, MAX_VALUE, CONSTANT_VALUE, UNIQUE_KEY, CREATE_USER, CREATED_ON, LINE_NO, MANAGED, FIELD_PATH, DATA_TYPE, DATA1, DATA2, TRANSITIVE_FIELDS, FORMULA, ENTITY_LOOKUP_TYPE)
VALUES ('252946f0540b401e995557584efa48e2', 0, 'd22345557a464a399b88ec7ed04b61a9', 'custHcl2Ref2', 'CUST_HCL2_REF2', 'NVARCHAR2(1000)', 'N/A', 0, 'string-l', '', '', '', '', '', '', '', 0, NULL, 1000, NULL, NULL, '', '', 'system', systimestamp, '152', 0, 'entity.custHcl2Ref2', '', '', '', '', '', '');
INSERT INTO CNT_FIELD_DEFINITION
 (ID, REVISION, PARENT_ID, FIELD_ID, COLUMN_NAME, COLUMN_TYPE, REPORT_COLUMN_NAME, PRODUCT_FIELD, FIELD_TYPE, ENTITY_LOOKUP, ENTITY_LOOKUP_KEY, ORDER_BY, GENERATOR, REFER_TABLE, KEY_COLUMN, LOOKUP_COLUMN, MANDATORY, MIN_LENGTH, MAX_LENGTH, MIN_VALUE, MAX_VALUE, CONSTANT_VALUE, UNIQUE_KEY, CREATE_USER, CREATED_ON, LINE_NO, MANAGED, FIELD_PATH, DATA_TYPE, DATA1, DATA2, TRANSITIVE_FIELDS, FORMULA, ENTITY_LOOKUP_TYPE)
VALUES ('fe3f1b6935624c78b8cb426341334808', 0, 'd22345557a464a399b88ec7ed04b61a9', 'custHcl2FullLineage', 'CUST_HCL2_FULL_LINEAGE', 'NVARCHAR2(1000)', 'N/A', 0, 'string-l', '', '', '', '', '', '', '', 0, NULL, 1000, NULL, NULL, '', '', 'system', systimestamp, '153', 0, 'entity.custHcl2FullLineage', '', '', '', '', '', '');
INSERT INTO CNT_FIELD_DEFINITION
 (ID, REVISION, PARENT_ID, FIELD_ID, COLUMN_NAME, COLUMN_TYPE, REPORT_COLUMN_NAME, PRODUCT_FIELD, FIELD_TYPE, ENTITY_LOOKUP, ENTITY_LOOKUP_KEY, ORDER_BY, GENERATOR, REFER_TABLE, KEY_COLUMN, LOOKUP_COLUMN, MANDATORY, MIN_LENGTH, MAX_LENGTH, MIN_VALUE, MAX_VALUE, CONSTANT_VALUE, UNIQUE_KEY, CREATE_USER, CREATED_ON, LINE_NO, MANAGED, FIELD_PATH, DATA_TYPE, DATA1, DATA2, TRANSITIVE_FIELDS, FORMULA, ENTITY_LOOKUP_TYPE)
VALUES ('67b0bde8c5ba46a5b413e3461b2ae3fe', 0, 'd22345557a464a399b88ec7ed04b61a9', 'custHcl3Ref', 'CUST_HCL3_REF', 'NVARCHAR2(1000)', 'N/A', 0, 'string-l', '', '', '', '', '', '', '', 0, NULL, 1000, NULL, NULL, '', '', 'system', systimestamp, '154', 0, 'entity.custHcl3Ref', '', '', '', '', '', '');
INSERT INTO CNT_FIELD_DEFINITION
 (ID, REVISION, PARENT_ID, FIELD_ID, COLUMN_NAME, COLUMN_TYPE, REPORT_COLUMN_NAME, PRODUCT_FIELD, FIELD_TYPE, ENTITY_LOOKUP, ENTITY_LOOKUP_KEY, ORDER_BY, GENERATOR, REFER_TABLE, KEY_COLUMN, LOOKUP_COLUMN, MANDATORY, MIN_LENGTH, MAX_LENGTH, MIN_VALUE, MAX_VALUE, CONSTANT_VALUE, UNIQUE_KEY, CREATE_USER, CREATED_ON, LINE_NO, MANAGED, FIELD_PATH, DATA_TYPE, DATA1, DATA2, TRANSITIVE_FIELDS, FORMULA, ENTITY_LOOKUP_TYPE)
VALUES ('cc0345e4e3174bb48ea7ae1df6c8f04b', 0, 'd22345557a464a399b88ec7ed04b61a9', 'custHcl3Ver', 'CUST_HCL3_VER', 'NUMBER(20, 0)', 'N/A', 0, 'integer', '', '', '', '', '', '', '', 0, NULL, 18, NULL, NULL, '', '', 'system', systimestamp, '155', 0, 'entity.custHcl3Ver', '', '', '', '', '', '');
INSERT INTO CNT_FIELD_DEFINITION
 (ID, REVISION, PARENT_ID, FIELD_ID, COLUMN_NAME, COLUMN_TYPE, REPORT_COLUMN_NAME, PRODUCT_FIELD, FIELD_TYPE, ENTITY_LOOKUP, ENTITY_LOOKUP_KEY, ORDER_BY, GENERATOR, REFER_TABLE, KEY_COLUMN, LOOKUP_COLUMN, MANDATORY, MIN_LENGTH, MAX_LENGTH, MIN_VALUE, MAX_VALUE, CONSTANT_VALUE, UNIQUE_KEY, CREATE_USER, CREATED_ON, LINE_NO, MANAGED, FIELD_PATH, DATA_TYPE, DATA1, DATA2, TRANSITIVE_FIELDS, FORMULA, ENTITY_LOOKUP_TYPE)
VALUES ('f3ac3dca9bd14a6c802645e7f491268c', 0, 'd22345557a464a399b88ec7ed04b61a9', 'custHcl3Ref2', 'CUST_HCL3_REF2', 'NVARCHAR2(1000)', 'N/A', 0, 'string-l', '', '', '', '', '', '', '', 0, NULL, 1000, NULL, NULL, '', '', 'system', systimestamp, '156', 0, 'entity.custHcl3Ref2', '', '', '', '', '', '');
INSERT INTO CNT_FIELD_DEFINITION
 (ID, REVISION, PARENT_ID, FIELD_ID, COLUMN_NAME, COLUMN_TYPE, REPORT_COLUMN_NAME, PRODUCT_FIELD, FIELD_TYPE, ENTITY_LOOKUP, ENTITY_LOOKUP_KEY, ORDER_BY, GENERATOR, REFER_TABLE, KEY_COLUMN, LOOKUP_COLUMN, MANDATORY, MIN_LENGTH, MAX_LENGTH, MIN_VALUE, MAX_VALUE, CONSTANT_VALUE, UNIQUE_KEY, CREATE_USER, CREATED_ON, LINE_NO, MANAGED, FIELD_PATH, DATA_TYPE, DATA1, DATA2, TRANSITIVE_FIELDS, FORMULA, ENTITY_LOOKUP_TYPE)
VALUES ('407d8640a0064cf59c4510ce150de97d', 0, 'd22345557a464a399b88ec7ed04b61a9', 'custHcl3FullLineage', 'CUST_HCL3_FULL_LINEAGE', 'NVARCHAR2(1000)', 'N/A', 0, 'string-l', '', '', '', '', '', '', '', 0, NULL, 1000, NULL, NULL, '', '', 'system', systimestamp, '157', 0, 'entity.custHcl3FullLineage', '', '', '', '', '', '');
INSERT INTO CNT_FIELD_DEFINITION
 (ID, REVISION, PARENT_ID, FIELD_ID, COLUMN_NAME, COLUMN_TYPE, REPORT_COLUMN_NAME, PRODUCT_FIELD, FIELD_TYPE, ENTITY_LOOKUP, ENTITY_LOOKUP_KEY, ORDER_BY, GENERATOR, REFER_TABLE, KEY_COLUMN, LOOKUP_COLUMN, MANDATORY, MIN_LENGTH, MAX_LENGTH, MIN_VALUE, MAX_VALUE, CONSTANT_VALUE, UNIQUE_KEY, CREATE_USER, CREATED_ON, LINE_NO, MANAGED, FIELD_PATH, DATA_TYPE, DATA1, DATA2, TRANSITIVE_FIELDS, FORMULA, ENTITY_LOOKUP_TYPE)
VALUES ('ed03102732904ce8b47eeef7f50d6d0c', 0, 'd22345557a464a399b88ec7ed04b61a9', 'custHcl4Ref', 'CUST_HCL4_REF', 'NVARCHAR2(1000)', 'N/A', 0, 'string-l', '', '', '', '', '', '', '', 0, NULL, 1000, NULL, NULL, '', '', 'system', systimestamp, '158', 0, 'entity.custHcl4Ref', '', '', '', '', '', '');
INSERT INTO CNT_FIELD_DEFINITION
 (ID, REVISION, PARENT_ID, FIELD_ID, COLUMN_NAME, COLUMN_TYPE, REPORT_COLUMN_NAME, PRODUCT_FIELD, FIELD_TYPE, ENTITY_LOOKUP, ENTITY_LOOKUP_KEY, ORDER_BY, GENERATOR, REFER_TABLE, KEY_COLUMN, LOOKUP_COLUMN, MANDATORY, MIN_LENGTH, MAX_LENGTH, MIN_VALUE, MAX_VALUE, CONSTANT_VALUE, UNIQUE_KEY, CREATE_USER, CREATED_ON, LINE_NO, MANAGED, FIELD_PATH, DATA_TYPE, DATA1, DATA2, TRANSITIVE_FIELDS, FORMULA, ENTITY_LOOKUP_TYPE)
VALUES ('8ee89ff09f1a4b7fa7bc5438a8910df3', 0, 'd22345557a464a399b88ec7ed04b61a9', 'custHcl4Ver', 'CUST_HCL4_VER', 'NUMBER(20, 0)', 'N/A', 0, 'integer', '', '', '', '', '', '', '', 0, NULL, 18, NULL, NULL, '', '', 'system', systimestamp, '159', 0, 'entity.custHcl4Ver', '', '', '', '', '', '');
INSERT INTO CNT_FIELD_DEFINITION
 (ID, REVISION, PARENT_ID, FIELD_ID, COLUMN_NAME, COLUMN_TYPE, REPORT_COLUMN_NAME, PRODUCT_FIELD, FIELD_TYPE, ENTITY_LOOKUP, ENTITY_LOOKUP_KEY, ORDER_BY, GENERATOR, REFER_TABLE, KEY_COLUMN, LOOKUP_COLUMN, MANDATORY, MIN_LENGTH, MAX_LENGTH, MIN_VALUE, MAX_VALUE, CONSTANT_VALUE, UNIQUE_KEY, CREATE_USER, CREATED_ON, LINE_NO, MANAGED, FIELD_PATH, DATA_TYPE, DATA1, DATA2, TRANSITIVE_FIELDS, FORMULA, ENTITY_LOOKUP_TYPE)
VALUES ('e641c02a78b6456c8cc738fbe316eb65', 0, 'd22345557a464a399b88ec7ed04b61a9', 'custHcl4Ref2', 'CUST_HCL4_REF2', 'NVARCHAR2(1000)', 'N/A', 0, 'string-l', '', '', '', '', '', '', '', 0, NULL, 1000, NULL, NULL, '', '', 'system', systimestamp, '160', 0, 'entity.custHcl4Ref2', '', '', '', '', '', '');
INSERT INTO CNT_FIELD_DEFINITION
 (ID, REVISION, PARENT_ID, FIELD_ID, COLUMN_NAME, COLUMN_TYPE, REPORT_COLUMN_NAME, PRODUCT_FIELD, FIELD_TYPE, ENTITY_LOOKUP, ENTITY_LOOKUP_KEY, ORDER_BY, GENERATOR, REFER_TABLE, KEY_COLUMN, LOOKUP_COLUMN, MANDATORY, MIN_LENGTH, MAX_LENGTH, MIN_VALUE, MAX_VALUE, CONSTANT_VALUE, UNIQUE_KEY, CREATE_USER, CREATED_ON, LINE_NO, MANAGED, FIELD_PATH, DATA_TYPE, DATA1, DATA2, TRANSITIVE_FIELDS, FORMULA, ENTITY_LOOKUP_TYPE)
VALUES ('9a537ba3ec25464a896f65198b62fd70', 0, 'd22345557a464a399b88ec7ed04b61a9', 'custHcl4FullLineage', 'CUST_HCL4_FULL_LINEAGE', 'NVARCHAR2(1000)', 'N/A', 0, 'string-l', '', '', '', '', '', '', '', 0, NULL, 1000, NULL, NULL, '', '', 'system', systimestamp, '161', 0, 'entity.custHcl4FullLineage', '', '', '', '', '', '');
INSERT INTO CNT_FIELD_DEFINITION
 (ID, REVISION, PARENT_ID, FIELD_ID, COLUMN_NAME, COLUMN_TYPE, REPORT_COLUMN_NAME, PRODUCT_FIELD, FIELD_TYPE, ENTITY_LOOKUP, ENTITY_LOOKUP_KEY, ORDER_BY, GENERATOR, REFER_TABLE, KEY_COLUMN, LOOKUP_COLUMN, MANDATORY, MIN_LENGTH, MAX_LENGTH, MIN_VALUE, MAX_VALUE, CONSTANT_VALUE, UNIQUE_KEY, CREATE_USER, CREATED_ON, LINE_NO, MANAGED, FIELD_PATH, DATA_TYPE, DATA1, DATA2, TRANSITIVE_FIELDS, FORMULA, ENTITY_LOOKUP_TYPE)
VALUES ('ac483098a054442d94fe9b609e64cace', 0, 'd22345557a464a399b88ec7ed04b61a9', 'custHcl5Ref', 'CUST_HCL5_REF', 'NVARCHAR2(1000)', 'N/A', 0, 'string-l', '', '', '', '', '', '', '', 0, NULL, 1000, NULL, NULL, '', '', 'system', systimestamp, '162', 0, 'entity.custHcl5Ref', '', '', '', '', '', '');
INSERT INTO CNT_FIELD_DEFINITION
 (ID, REVISION, PARENT_ID, FIELD_ID, COLUMN_NAME, COLUMN_TYPE, REPORT_COLUMN_NAME, PRODUCT_FIELD, FIELD_TYPE, ENTITY_LOOKUP, ENTITY_LOOKUP_KEY, ORDER_BY, GENERATOR, REFER_TABLE, KEY_COLUMN, LOOKUP_COLUMN, MANDATORY, MIN_LENGTH, MAX_LENGTH, MIN_VALUE, MAX_VALUE, CONSTANT_VALUE, UNIQUE_KEY, CREATE_USER, CREATED_ON, LINE_NO, MANAGED, FIELD_PATH, DATA_TYPE, DATA1, DATA2, TRANSITIVE_FIELDS, FORMULA, ENTITY_LOOKUP_TYPE)
VALUES ('20713653ebf54af59b6f36bc23882950', 0, 'd22345557a464a399b88ec7ed04b61a9', 'custHcl5Ver', 'CUST_HCL5_VER', 'NUMBER(20, 0)', 'N/A', 0, 'integer', '', '', '', '', '', '', '', 0, NULL, 18, NULL, NULL, '', '', 'system', systimestamp, '163', 0, 'entity.custHcl5Ver', '', '', '', '', '', '');
INSERT INTO CNT_FIELD_DEFINITION
 (ID, REVISION, PARENT_ID, FIELD_ID, COLUMN_NAME, COLUMN_TYPE, REPORT_COLUMN_NAME, PRODUCT_FIELD, FIELD_TYPE, ENTITY_LOOKUP, ENTITY_LOOKUP_KEY, ORDER_BY, GENERATOR, REFER_TABLE, KEY_COLUMN, LOOKUP_COLUMN, MANDATORY, MIN_LENGTH, MAX_LENGTH, MIN_VALUE, MAX_VALUE, CONSTANT_VALUE, UNIQUE_KEY, CREATE_USER, CREATED_ON, LINE_NO, MANAGED, FIELD_PATH, DATA_TYPE, DATA1, DATA2, TRANSITIVE_FIELDS, FORMULA, ENTITY_LOOKUP_TYPE)
VALUES ('6fbc25a2ae3e4b8d8c8e5dddcad046be', 0, 'd22345557a464a399b88ec7ed04b61a9', 'custHcl5Ref2', 'CUST_HCL5_REF2', 'NVARCHAR2(1000)', 'N/A', 0, 'string-l', '', '', '', '', '', '', '', 0, NULL, 1000, NULL, NULL, '', '', 'system', systimestamp, '164', 0, 'entity.custHcl5Ref2', '', '', '', '', '', '');
INSERT INTO CNT_FIELD_DEFINITION
 (ID, REVISION, PARENT_ID, FIELD_ID, COLUMN_NAME, COLUMN_TYPE, REPORT_COLUMN_NAME, PRODUCT_FIELD, FIELD_TYPE, ENTITY_LOOKUP, ENTITY_LOOKUP_KEY, ORDER_BY, GENERATOR, REFER_TABLE, KEY_COLUMN, LOOKUP_COLUMN, MANDATORY, MIN_LENGTH, MAX_LENGTH, MIN_VALUE, MAX_VALUE, CONSTANT_VALUE, UNIQUE_KEY, CREATE_USER, CREATED_ON, LINE_NO, MANAGED, FIELD_PATH, DATA_TYPE, DATA1, DATA2, TRANSITIVE_FIELDS, FORMULA, ENTITY_LOOKUP_TYPE)
VALUES ('c2c1374714a848d7b216aee7b717b8d8', 0, 'd22345557a464a399b88ec7ed04b61a9', 'custHcl5FullLineage', 'CUST_HCL5_FULL_LINEAGE', 'NVARCHAR2(1000)', 'N/A', 0, 'string-l', '', '', '', '', '', '', '', 0, NULL, 1000, NULL, NULL, '', '', 'system', systimestamp, '165', 0, 'entity.custHcl5FullLineage', '', '', '', '', '', '');
INSERT INTO CNT_ENTITY_DEFINITION
 (ID, REVISION, ENTITY_NAME, ENTITY_VERSION, PRODUCT_TABLE_NAME, CUSTOM_TABLE_NAME, REPORT_TABLE_NAME, MODULE, TYPE, REVISION_TRACKING, VERSION_TRACKING, HISTORY_ENTITY_NAME, REF_PATTERN, SYSTEM_ENTITY, CREATE_USER, CREATED_ON, IS_FOR_EXTERNAL)
VALUES ('7b7d18c8ab22490c925e3a2461cc4f7d', 0, 'CustDestination', 1, 'CNT_CUST_DESTINATION', 'CTM_CUST', 'CUSTOMER_DESTINATION', 'cust', 'inner', 'ALL', 'ALL', '', '${portOfDischarge.name} / ${finalDestination.name}', 0, 'system', systimestamp, 0);
INSERT INTO CNT_FIELD_DEFINITION
 (ID, REVISION, PARENT_ID, FIELD_ID, COLUMN_NAME, COLUMN_TYPE, REPORT_COLUMN_NAME, PRODUCT_FIELD, FIELD_TYPE, ENTITY_LOOKUP, ENTITY_LOOKUP_KEY, ORDER_BY, GENERATOR, REFER_TABLE, KEY_COLUMN, LOOKUP_COLUMN, MANDATORY, MIN_LENGTH, MAX_LENGTH, MIN_VALUE, MAX_VALUE, CONSTANT_VALUE, UNIQUE_KEY, CREATE_USER, CREATED_ON, LINE_NO, MANAGED, FIELD_PATH, DATA_TYPE, DATA1, DATA2, TRANSITIVE_FIELDS, FORMULA, ENTITY_LOOKUP_TYPE)
VALUES ('2bf4f025eeb7418db32455cb011d5ee9', 0, '7b7d18c8ab22490c925e3a2461cc4f7d', 'id', 'ID', 'CHAR(32)', '', 1, 'id', '', '', '', 'com.core.cbx.data.generator.UUIDGenerator', '', '', '', 0, 32, 32, NULL, NULL, '', '', 'system', systimestamp, '0', 0, 'entity.custDestination.id', '', '', '', '', '', '');
INSERT INTO CNT_FIELD_DEFINITION
 (ID, REVISION, PARENT_ID, FIELD_ID, COLUMN_NAME, COLUMN_TYPE, REPORT_COLUMN_NAME, PRODUCT_FIELD, FIELD_TYPE, ENTITY_LOOKUP, ENTITY_LOOKUP_KEY, ORDER_BY, GENERATOR, REFER_TABLE, KEY_COLUMN, LOOKUP_COLUMN, MANDATORY, MIN_LENGTH, MAX_LENGTH, MIN_VALUE, MAX_VALUE, CONSTANT_VALUE, UNIQUE_KEY, CREATE_USER, CREATED_ON, LINE_NO, MANAGED, FIELD_PATH, DATA_TYPE, DATA1, DATA2, TRANSITIVE_FIELDS, FORMULA, ENTITY_LOOKUP_TYPE)
VALUES ('4f7332f92598479f87daa5b8b1cc4554', 0, '7b7d18c8ab22490c925e3a2461cc4f7d', 'revision', 'REVISION', 'NUMBER(20, 0)', '', 1, 'integer', '', '', '', '', '', '', '', 0, NULL, 18, NULL, NULL, '', '', 'system', systimestamp, '1', 0, 'entity.custDestination.revision', '', '', '', '', '', '');
INSERT INTO CNT_FIELD_DEFINITION
 (ID, REVISION, PARENT_ID, FIELD_ID, COLUMN_NAME, COLUMN_TYPE, REPORT_COLUMN_NAME, PRODUCT_FIELD, FIELD_TYPE, ENTITY_LOOKUP, ENTITY_LOOKUP_KEY, ORDER_BY, GENERATOR, REFER_TABLE, KEY_COLUMN, LOOKUP_COLUMN, MANDATORY, MIN_LENGTH, MAX_LENGTH, MIN_VALUE, MAX_VALUE, CONSTANT_VALUE, UNIQUE_KEY, CREATE_USER, CREATED_ON, LINE_NO, MANAGED, FIELD_PATH, DATA_TYPE, DATA1, DATA2, TRANSITIVE_FIELDS, FORMULA, ENTITY_LOOKUP_TYPE)
VALUES ('0546a429215a49089fc4cfcfe2f6d32a', 0, '7b7d18c8ab22490c925e3a2461cc4f7d', 'entityVersion', 'ENTITY_VERSION', 'NUMBER(20, 0)', '', 1, 'integer', '', '', '', '', '', '', '', 0, NULL, 18, NULL, NULL, '', '', 'system', systimestamp, '2', 0, 'entity.custDestination.entityVersion', '', '', '', '', '', '');
INSERT INTO CNT_FIELD_DEFINITION
 (ID, REVISION, PARENT_ID, FIELD_ID, COLUMN_NAME, COLUMN_TYPE, REPORT_COLUMN_NAME, PRODUCT_FIELD, FIELD_TYPE, ENTITY_LOOKUP, ENTITY_LOOKUP_KEY, ORDER_BY, GENERATOR, REFER_TABLE, KEY_COLUMN, LOOKUP_COLUMN, MANDATORY, MIN_LENGTH, MAX_LENGTH, MIN_VALUE, MAX_VALUE, CONSTANT_VALUE, UNIQUE_KEY, CREATE_USER, CREATED_ON, LINE_NO, MANAGED, FIELD_PATH, DATA_TYPE, DATA1, DATA2, TRANSITIVE_FIELDS, FORMULA, ENTITY_LOOKUP_TYPE)
VALUES ('f31fb208ecdc40d4abd23e7f49d44958', 0, '7b7d18c8ab22490c925e3a2461cc4f7d', 'domainId', 'DOMAIN_ID', 'NVARCHAR2(400)', '', 1, 'string-m', '', '', '', '', '', '', '', 0, NULL, 400, NULL, NULL, '', '', 'system', systimestamp, '3', 0, 'entity.custDestination.domainId', '', '', '', '', '', '');
INSERT INTO CNT_FIELD_DEFINITION
 (ID, REVISION, PARENT_ID, FIELD_ID, COLUMN_NAME, COLUMN_TYPE, REPORT_COLUMN_NAME, PRODUCT_FIELD, FIELD_TYPE, ENTITY_LOOKUP, ENTITY_LOOKUP_KEY, ORDER_BY, GENERATOR, REFER_TABLE, KEY_COLUMN, LOOKUP_COLUMN, MANDATORY, MIN_LENGTH, MAX_LENGTH, MIN_VALUE, MAX_VALUE, CONSTANT_VALUE, UNIQUE_KEY, CREATE_USER, CREATED_ON, LINE_NO, MANAGED, FIELD_PATH, DATA_TYPE, DATA1, DATA2, TRANSITIVE_FIELDS, FORMULA, ENTITY_LOOKUP_TYPE)
VALUES ('c5b44703ff844f16ad0b00df5129c9fe', 0, '7b7d18c8ab22490c925e3a2461cc4f7d', 'hubDomainId', 'HUB_DOMAIN_ID', 'NVARCHAR2(400)', '', 1, 'string-m', '', '', '', '', '', '', '', 0, NULL, 400, NULL, NULL, '', '', 'system', systimestamp, '4', 0, 'entity.custDestination.hubDomainId', '', '', '', '', '', '');
INSERT INTO CNT_FIELD_DEFINITION
 (ID, REVISION, PARENT_ID, FIELD_ID, COLUMN_NAME, COLUMN_TYPE, REPORT_COLUMN_NAME, PRODUCT_FIELD, FIELD_TYPE, ENTITY_LOOKUP, ENTITY_LOOKUP_KEY, ORDER_BY, GENERATOR, REFER_TABLE, KEY_COLUMN, LOOKUP_COLUMN, MANDATORY, MIN_LENGTH, MAX_LENGTH, MIN_VALUE, MAX_VALUE, CONSTANT_VALUE, UNIQUE_KEY, CREATE_USER, CREATED_ON, LINE_NO, MANAGED, FIELD_PATH, DATA_TYPE, DATA1, DATA2, TRANSITIVE_FIELDS, FORMULA, ENTITY_LOOKUP_TYPE)
VALUES ('0526e727e062468091f369af53f7f48b', 0, '7b7d18c8ab22490c925e3a2461cc4f7d', 'isForReference', 'IS_FOR_REFERENCE', 'NUMBER(1,0)', '', 1, 'boolean', '', '', '', '', '', '', '', 0, NULL, NULL, NULL, NULL, '', '', 'system', systimestamp, '5', 0, 'entity.custDestination.isForReference', '', '', '', '', '', '');
INSERT INTO CNT_FIELD_DEFINITION
 (ID, REVISION, PARENT_ID, FIELD_ID, COLUMN_NAME, COLUMN_TYPE, REPORT_COLUMN_NAME, PRODUCT_FIELD, FIELD_TYPE, ENTITY_LOOKUP, ENTITY_LOOKUP_KEY, ORDER_BY, GENERATOR, REFER_TABLE, KEY_COLUMN, LOOKUP_COLUMN, MANDATORY, MIN_LENGTH, MAX_LENGTH, MIN_VALUE, MAX_VALUE, CONSTANT_VALUE, UNIQUE_KEY, CREATE_USER, CREATED_ON, LINE_NO, MANAGED, FIELD_PATH, DATA_TYPE, DATA1, DATA2, TRANSITIVE_FIELDS, FORMULA, ENTITY_LOOKUP_TYPE)
VALUES ('1a08d67d8aad48fa986c754315cc59b0', 0, '7b7d18c8ab22490c925e3a2461cc4f7d', 'internalSeqNo', 'INTERNAL_SEQ_NO', 'NUMBER(20, 0)', 'n/a', 1, 'integer', '', '', '', '', '', '', '', 0, NULL, 18, NULL, NULL, '', '', 'system', systimestamp, '6', 0, 'entity.custDestination.internalSeqNo', '', '', '', '', '', '');
INSERT INTO CNT_FIELD_DEFINITION
 (ID, REVISION, PARENT_ID, FIELD_ID, COLUMN_NAME, COLUMN_TYPE, REPORT_COLUMN_NAME, PRODUCT_FIELD, FIELD_TYPE, ENTITY_LOOKUP, ENTITY_LOOKUP_KEY, ORDER_BY, GENERATOR, REFER_TABLE, KEY_COLUMN, LOOKUP_COLUMN, MANDATORY, MIN_LENGTH, MAX_LENGTH, MIN_VALUE, MAX_VALUE, CONSTANT_VALUE, UNIQUE_KEY, CREATE_USER, CREATED_ON, LINE_NO, MANAGED, FIELD_PATH, DATA_TYPE, DATA1, DATA2, TRANSITIVE_FIELDS, FORMULA, ENTITY_LOOKUP_TYPE)
VALUES ('852ddf7fb9674675bb09369687eb5fde', 0, '7b7d18c8ab22490c925e3a2461cc4f7d', 'custId', 'CUST_ID', 'CHAR(32)', 'CUSTOMER_SYS_ID', 1, 'id', '', '', '', '', '', '', '', 1, 32, 32, NULL, NULL, '', '', 'system', systimestamp, '7', 0, 'entity.custDestination.custId', '', '', '', '', '', '');
INSERT INTO CNT_FIELD_DEFINITION
 (ID, REVISION, PARENT_ID, FIELD_ID, COLUMN_NAME, COLUMN_TYPE, REPORT_COLUMN_NAME, PRODUCT_FIELD, FIELD_TYPE, ENTITY_LOOKUP, ENTITY_LOOKUP_KEY, ORDER_BY, GENERATOR, REFER_TABLE, KEY_COLUMN, LOOKUP_COLUMN, MANDATORY, MIN_LENGTH, MAX_LENGTH, MIN_VALUE, MAX_VALUE, CONSTANT_VALUE, UNIQUE_KEY, CREATE_USER, CREATED_ON, LINE_NO, MANAGED, FIELD_PATH, DATA_TYPE, DATA1, DATA2, TRANSITIVE_FIELDS, FORMULA, ENTITY_LOOKUP_TYPE)
VALUES ('1c6195cd9eb144aeb129608c013f6aba', 0, '7b7d18c8ab22490c925e3a2461cc4f7d', 'isDefault', 'IS_DEFAULT', 'NUMBER(1,0)', 'IS_DEFAULT', 1, 'boolean', '', '', '', '', '', '', '', 0, NULL, NULL, NULL, NULL, '', '', 'system', systimestamp, '8', 0, 'entity.custDestination.isDefault', '', '', '', '', '', '');
INSERT INTO CNT_FIELD_DEFINITION
 (ID, REVISION, PARENT_ID, FIELD_ID, COLUMN_NAME, COLUMN_TYPE, REPORT_COLUMN_NAME, PRODUCT_FIELD, FIELD_TYPE, ENTITY_LOOKUP, ENTITY_LOOKUP_KEY, ORDER_BY, GENERATOR, REFER_TABLE, KEY_COLUMN, LOOKUP_COLUMN, MANDATORY, MIN_LENGTH, MAX_LENGTH, MIN_VALUE, MAX_VALUE, CONSTANT_VALUE, UNIQUE_KEY, CREATE_USER, CREATED_ON, LINE_NO, MANAGED, FIELD_PATH, DATA_TYPE, DATA1, DATA2, TRANSITIVE_FIELDS, FORMULA, ENTITY_LOOKUP_TYPE)
VALUES ('542c61e08ecb46d6840943fb1c6d5738', 0, '7b7d18c8ab22490c925e3a2461cc4f7d', 'countryOfDestination', 'COUNTRY_OF_DESTINATION', 'NVARCHAR2(400)', 'COUNTRY_OF_DESTINATION', 1, 'string-m', '', '', '', '', '', '', '', 0, NULL, 400, NULL, NULL, '', '', 'system', systimestamp, '9', 0, 'entity.custDestination.countryOfDestination', 'codelist', 'COUNTRY', '', '', '', '');
INSERT INTO CNT_FIELD_DEFINITION
 (ID, REVISION, PARENT_ID, FIELD_ID, COLUMN_NAME, COLUMN_TYPE, REPORT_COLUMN_NAME, PRODUCT_FIELD, FIELD_TYPE, ENTITY_LOOKUP, ENTITY_LOOKUP_KEY, ORDER_BY, GENERATOR, REFER_TABLE, KEY_COLUMN, LOOKUP_COLUMN, MANDATORY, MIN_LENGTH, MAX_LENGTH, MIN_VALUE, MAX_VALUE, CONSTANT_VALUE, UNIQUE_KEY, CREATE_USER, CREATED_ON, LINE_NO, MANAGED, FIELD_PATH, DATA_TYPE, DATA1, DATA2, TRANSITIVE_FIELDS, FORMULA, ENTITY_LOOKUP_TYPE)
VALUES ('0e36afcfce1c40a1a141bb506962a69f', 0, '7b7d18c8ab22490c925e3a2461cc4f7d', 'portOfDischarge', 'PORT_OF_DISCHARGE', 'NVARCHAR2(400)', 'PORT_OF_DISCHARGE', 1, 'string-m', '', '', '', '', '', '', '', 0, NULL, 400, NULL, NULL, '', '', 'system', systimestamp, '10', 0, 'entity.custDestination.portOfDischarge', 'codelist', 'PORT', '', '', '', '');
INSERT INTO CNT_FIELD_DEFINITION
 (ID, REVISION, PARENT_ID, FIELD_ID, COLUMN_NAME, COLUMN_TYPE, REPORT_COLUMN_NAME, PRODUCT_FIELD, FIELD_TYPE, ENTITY_LOOKUP, ENTITY_LOOKUP_KEY, ORDER_BY, GENERATOR, REFER_TABLE, KEY_COLUMN, LOOKUP_COLUMN, MANDATORY, MIN_LENGTH, MAX_LENGTH, MIN_VALUE, MAX_VALUE, CONSTANT_VALUE, UNIQUE_KEY, CREATE_USER, CREATED_ON, LINE_NO, MANAGED, FIELD_PATH, DATA_TYPE, DATA1, DATA2, TRANSITIVE_FIELDS, FORMULA, ENTITY_LOOKUP_TYPE)
VALUES ('d02f90efdf8b46edb85b2786e247ebb7', 0, '7b7d18c8ab22490c925e3a2461cc4f7d', 'finalDestination', 'FINAL_DESTINATION', 'NVARCHAR2(400)', 'FINAL_DESTINATION', 1, 'string-m', '', '', '', '', '', '', '', 0, NULL, 400, NULL, NULL, '', '', 'system', systimestamp, '11', 0, 'entity.custDestination.finalDestination', 'codelist', 'DESTINATION', '', '', '', '');
INSERT INTO CNT_FIELD_DEFINITION
 (ID, REVISION, PARENT_ID, FIELD_ID, COLUMN_NAME, COLUMN_TYPE, REPORT_COLUMN_NAME, PRODUCT_FIELD, FIELD_TYPE, ENTITY_LOOKUP, ENTITY_LOOKUP_KEY, ORDER_BY, GENERATOR, REFER_TABLE, KEY_COLUMN, LOOKUP_COLUMN, MANDATORY, MIN_LENGTH, MAX_LENGTH, MIN_VALUE, MAX_VALUE, CONSTANT_VALUE, UNIQUE_KEY, CREATE_USER, CREATED_ON, LINE_NO, MANAGED, FIELD_PATH, DATA_TYPE, DATA1, DATA2, TRANSITIVE_FIELDS, FORMULA, ENTITY_LOOKUP_TYPE)
VALUES ('1169c4ce238f46518d81016256240774', 0, '7b7d18c8ab22490c925e3a2461cc4f7d', 'distributionMethod', 'DISTRIBUTION_METHOD', 'NVARCHAR2(400)', 'DISTRIBUTION_METHOD', 1, 'string-m', '', '', '', '', '', '', '', 0, NULL, 400, NULL, NULL, '', '', 'system', systimestamp, '12', 0, 'entity.custDestination.distributionMethod', 'codelist', 'DISTRIBUTION_METHOD', '', '', '', '');
INSERT INTO CNT_FIELD_DEFINITION
 (ID, REVISION, PARENT_ID, FIELD_ID, COLUMN_NAME, COLUMN_TYPE, REPORT_COLUMN_NAME, PRODUCT_FIELD, FIELD_TYPE, ENTITY_LOOKUP, ENTITY_LOOKUP_KEY, ORDER_BY, GENERATOR, REFER_TABLE, KEY_COLUMN, LOOKUP_COLUMN, MANDATORY, MIN_LENGTH, MAX_LENGTH, MIN_VALUE, MAX_VALUE, CONSTANT_VALUE, UNIQUE_KEY, CREATE_USER, CREATED_ON, LINE_NO, MANAGED, FIELD_PATH, DATA_TYPE, DATA1, DATA2, TRANSITIVE_FIELDS, FORMULA, ENTITY_LOOKUP_TYPE)
VALUES ('c80317429ea54753ac45c4d2f8e34ee3', 0, '7b7d18c8ab22490c925e3a2461cc4f7d', 'calCostQuoted', 'CAL_COST_QUOTED', 'NUMBER(1,0)', 'CALCULATE_COST_QUOTED', 1, 'boolean', '', '', '', '', '', '', '', 0, NULL, NULL, NULL, NULL, '', '', 'system', systimestamp, '13', 0, 'entity.custDestination.calCostQuoted', '', '', '', '', '', '');
INSERT INTO CNT_FIELD_DEFINITION
 (ID, REVISION, PARENT_ID, FIELD_ID, COLUMN_NAME, COLUMN_TYPE, REPORT_COLUMN_NAME, PRODUCT_FIELD, FIELD_TYPE, ENTITY_LOOKUP, ENTITY_LOOKUP_KEY, ORDER_BY, GENERATOR, REFER_TABLE, KEY_COLUMN, LOOKUP_COLUMN, MANDATORY, MIN_LENGTH, MAX_LENGTH, MIN_VALUE, MAX_VALUE, CONSTANT_VALUE, UNIQUE_KEY, CREATE_USER, CREATED_ON, LINE_NO, MANAGED, FIELD_PATH, DATA_TYPE, DATA1, DATA2, TRANSITIVE_FIELDS, FORMULA, ENTITY_LOOKUP_TYPE)
VALUES ('b9a9bef565c8441eb3b3f3777d6913a3', 0, '7b7d18c8ab22490c925e3a2461cc4f7d', 'calCostConfirmed', 'CAL_COST_CONFIRMED', 'NUMBER(1,0)', 'CALCULATE_COST_CONFIRMED', 1, 'boolean', '', '', '', '', '', '', '', 0, NULL, NULL, NULL, NULL, '', '', 'system', systimestamp, '14', 0, 'entity.custDestination.calCostConfirmed', '', '', '', '', '', '');
INSERT INTO CNT_FIELD_DEFINITION
 (ID, REVISION, PARENT_ID, FIELD_ID, COLUMN_NAME, COLUMN_TYPE, REPORT_COLUMN_NAME, PRODUCT_FIELD, FIELD_TYPE, ENTITY_LOOKUP, ENTITY_LOOKUP_KEY, ORDER_BY, GENERATOR, REFER_TABLE, KEY_COLUMN, LOOKUP_COLUMN, MANDATORY, MIN_LENGTH, MAX_LENGTH, MIN_VALUE, MAX_VALUE, CONSTANT_VALUE, UNIQUE_KEY, CREATE_USER, CREATED_ON, LINE_NO, MANAGED, FIELD_PATH, DATA_TYPE, DATA1, DATA2, TRANSITIVE_FIELDS, FORMULA, ENTITY_LOOKUP_TYPE)
VALUES ('98c908fe008f419ebed5bd0d1806c39a', 0, '7b7d18c8ab22490c925e3a2461cc4f7d', 'refNo', 'REF_NO', 'NVARCHAR2(1000)', '', 1, 'string-l', '', '', '', '', '', '', '', 0, NULL, 1000, NULL, NULL, '', '', 'system', systimestamp, '15', 0, 'entity.custDestination.refNo', '', '', '', '', '', '');
INSERT INTO CNT_FIELD_DEFINITION
 (ID, REVISION, PARENT_ID, FIELD_ID, COLUMN_NAME, COLUMN_TYPE, REPORT_COLUMN_NAME, PRODUCT_FIELD, FIELD_TYPE, ENTITY_LOOKUP, ENTITY_LOOKUP_KEY, ORDER_BY, GENERATOR, REFER_TABLE, KEY_COLUMN, LOOKUP_COLUMN, MANDATORY, MIN_LENGTH, MAX_LENGTH, MIN_VALUE, MAX_VALUE, CONSTANT_VALUE, UNIQUE_KEY, CREATE_USER, CREATED_ON, LINE_NO, MANAGED, FIELD_PATH, DATA_TYPE, DATA1, DATA2, TRANSITIVE_FIELDS, FORMULA, ENTITY_LOOKUP_TYPE)
VALUES ('57a2aea8133e45b3b9bc744c1a2fd150', 0, '7b7d18c8ab22490c925e3a2461cc4f7d', 'custText1', 'CUST_TEXT1', 'NVARCHAR2(1000)', 'CUSTOM_FIELD_TEXT1', 0, 'string-l', '', '', '', '', '', '', '', 0, NULL, 1000, NULL, NULL, '', '', 'system', systimestamp, '16', 0, 'entity.custDestination.custText1', '', '', '', '', '', '');
INSERT INTO CNT_FIELD_DEFINITION
 (ID, REVISION, PARENT_ID, FIELD_ID, COLUMN_NAME, COLUMN_TYPE, REPORT_COLUMN_NAME, PRODUCT_FIELD, FIELD_TYPE, ENTITY_LOOKUP, ENTITY_LOOKUP_KEY, ORDER_BY, GENERATOR, REFER_TABLE, KEY_COLUMN, LOOKUP_COLUMN, MANDATORY, MIN_LENGTH, MAX_LENGTH, MIN_VALUE, MAX_VALUE, CONSTANT_VALUE, UNIQUE_KEY, CREATE_USER, CREATED_ON, LINE_NO, MANAGED, FIELD_PATH, DATA_TYPE, DATA1, DATA2, TRANSITIVE_FIELDS, FORMULA, ENTITY_LOOKUP_TYPE)
VALUES ('bbdef3938c1b42038a57444f9f60bafe', 0, '7b7d18c8ab22490c925e3a2461cc4f7d', 'custText2', 'CUST_TEXT2', 'NVARCHAR2(1000)', 'CUSTOM_FIELD_TEXT2', 0, 'string-l', '', '', '', '', '', '', '', 0, NULL, 1000, NULL, NULL, '', '', 'system', systimestamp, '17', 0, 'entity.custDestination.custText2', '', '', '', '', '', '');
INSERT INTO CNT_FIELD_DEFINITION
 (ID, REVISION, PARENT_ID, FIELD_ID, COLUMN_NAME, COLUMN_TYPE, REPORT_COLUMN_NAME, PRODUCT_FIELD, FIELD_TYPE, ENTITY_LOOKUP, ENTITY_LOOKUP_KEY, ORDER_BY, GENERATOR, REFER_TABLE, KEY_COLUMN, LOOKUP_COLUMN, MANDATORY, MIN_LENGTH, MAX_LENGTH, MIN_VALUE, MAX_VALUE, CONSTANT_VALUE, UNIQUE_KEY, CREATE_USER, CREATED_ON, LINE_NO, MANAGED, FIELD_PATH, DATA_TYPE, DATA1, DATA2, TRANSITIVE_FIELDS, FORMULA, ENTITY_LOOKUP_TYPE)
VALUES ('59974bae2323446da9ee15e443232a54', 0, '7b7d18c8ab22490c925e3a2461cc4f7d', 'custText3', 'CUST_TEXT3', 'NVARCHAR2(1000)', 'CUSTOM_FIELD_TEXT3', 0, 'string-l', '', '', '', '', '', '', '', 0, NULL, 1000, NULL, NULL, '', '', 'system', systimestamp, '18', 0, 'entity.custDestination.custText3', '', '', '', '', '', '');
INSERT INTO CNT_FIELD_DEFINITION
 (ID, REVISION, PARENT_ID, FIELD_ID, COLUMN_NAME, COLUMN_TYPE, REPORT_COLUMN_NAME, PRODUCT_FIELD, FIELD_TYPE, ENTITY_LOOKUP, ENTITY_LOOKUP_KEY, ORDER_BY, GENERATOR, REFER_TABLE, KEY_COLUMN, LOOKUP_COLUMN, MANDATORY, MIN_LENGTH, MAX_LENGTH, MIN_VALUE, MAX_VALUE, CONSTANT_VALUE, UNIQUE_KEY, CREATE_USER, CREATED_ON, LINE_NO, MANAGED, FIELD_PATH, DATA_TYPE, DATA1, DATA2, TRANSITIVE_FIELDS, FORMULA, ENTITY_LOOKUP_TYPE)
VALUES ('a0365df339e94f719722424bf434a10f', 0, '7b7d18c8ab22490c925e3a2461cc4f7d', 'custText4', 'CUST_TEXT4', 'NVARCHAR2(1000)', 'CUSTOM_FIELD_TEXT4', 0, 'string-l', '', '', '', '', '', '', '', 0, NULL, 1000, NULL, NULL, '', '', 'system', systimestamp, '19', 0, 'entity.custDestination.custText4', '', '', '', '', '', '');
INSERT INTO CNT_FIELD_DEFINITION
 (ID, REVISION, PARENT_ID, FIELD_ID, COLUMN_NAME, COLUMN_TYPE, REPORT_COLUMN_NAME, PRODUCT_FIELD, FIELD_TYPE, ENTITY_LOOKUP, ENTITY_LOOKUP_KEY, ORDER_BY, GENERATOR, REFER_TABLE, KEY_COLUMN, LOOKUP_COLUMN, MANDATORY, MIN_LENGTH, MAX_LENGTH, MIN_VALUE, MAX_VALUE, CONSTANT_VALUE, UNIQUE_KEY, CREATE_USER, CREATED_ON, LINE_NO, MANAGED, FIELD_PATH, DATA_TYPE, DATA1, DATA2, TRANSITIVE_FIELDS, FORMULA, ENTITY_LOOKUP_TYPE)
VALUES ('cbbc8519ba12471d8794b8181cfc5e6b', 0, '7b7d18c8ab22490c925e3a2461cc4f7d', 'custText5', 'CUST_TEXT5', 'NVARCHAR2(1000)', 'CUSTOM_FIELD_TEXT5', 0, 'string-l', '', '', '', '', '', '', '', 0, NULL, 1000, NULL, NULL, '', '', 'system', systimestamp, '20', 0, 'entity.custDestination.custText5', '', '', '', '', '', '');
INSERT INTO CNT_FIELD_DEFINITION
 (ID, REVISION, PARENT_ID, FIELD_ID, COLUMN_NAME, COLUMN_TYPE, REPORT_COLUMN_NAME, PRODUCT_FIELD, FIELD_TYPE, ENTITY_LOOKUP, ENTITY_LOOKUP_KEY, ORDER_BY, GENERATOR, REFER_TABLE, KEY_COLUMN, LOOKUP_COLUMN, MANDATORY, MIN_LENGTH, MAX_LENGTH, MIN_VALUE, MAX_VALUE, CONSTANT_VALUE, UNIQUE_KEY, CREATE_USER, CREATED_ON, LINE_NO, MANAGED, FIELD_PATH, DATA_TYPE, DATA1, DATA2, TRANSITIVE_FIELDS, FORMULA, ENTITY_LOOKUP_TYPE)
VALUES ('4286e955fd0a4e20962bdee2528f763c', 0, '7b7d18c8ab22490c925e3a2461cc4f7d', 'custText6', 'CUST_TEXT6', 'NVARCHAR2(1000)', 'CUSTOM_FIELD_TEXT6', 0, 'string-l', '', '', '', '', '', '', '', 0, NULL, 1000, NULL, NULL, '', '', 'system', systimestamp, '21', 0, 'entity.custDestination.custText6', '', '', '', '', '', '');
INSERT INTO CNT_FIELD_DEFINITION
 (ID, REVISION, PARENT_ID, FIELD_ID, COLUMN_NAME, COLUMN_TYPE, REPORT_COLUMN_NAME, PRODUCT_FIELD, FIELD_TYPE, ENTITY_LOOKUP, ENTITY_LOOKUP_KEY, ORDER_BY, GENERATOR, REFER_TABLE, KEY_COLUMN, LOOKUP_COLUMN, MANDATORY, MIN_LENGTH, MAX_LENGTH, MIN_VALUE, MAX_VALUE, CONSTANT_VALUE, UNIQUE_KEY, CREATE_USER, CREATED_ON, LINE_NO, MANAGED, FIELD_PATH, DATA_TYPE, DATA1, DATA2, TRANSITIVE_FIELDS, FORMULA, ENTITY_LOOKUP_TYPE)
VALUES ('8cd78063e5cf42e3916666c197535307', 0, '7b7d18c8ab22490c925e3a2461cc4f7d', 'custText7', 'CUST_TEXT7', 'NVARCHAR2(1000)', 'CUSTOM_FIELD_TEXT7', 0, 'string-l', '', '', '', '', '', '', '', 0, NULL, 1000, NULL, NULL, '', '', 'system', systimestamp, '22', 0, 'entity.custDestination.custText7', '', '', '', '', '', '');
INSERT INTO CNT_FIELD_DEFINITION
 (ID, REVISION, PARENT_ID, FIELD_ID, COLUMN_NAME, COLUMN_TYPE, REPORT_COLUMN_NAME, PRODUCT_FIELD, FIELD_TYPE, ENTITY_LOOKUP, ENTITY_LOOKUP_KEY, ORDER_BY, GENERATOR, REFER_TABLE, KEY_COLUMN, LOOKUP_COLUMN, MANDATORY, MIN_LENGTH, MAX_LENGTH, MIN_VALUE, MAX_VALUE, CONSTANT_VALUE, UNIQUE_KEY, CREATE_USER, CREATED_ON, LINE_NO, MANAGED, FIELD_PATH, DATA_TYPE, DATA1, DATA2, TRANSITIVE_FIELDS, FORMULA, ENTITY_LOOKUP_TYPE)
VALUES ('98a3a624ba1c4f0396bc47bc246fe5ab', 0, '7b7d18c8ab22490c925e3a2461cc4f7d', 'custDate1', 'CUST_DATE1', 'DATE', 'CUSTOM_FIELD_DATE1', 0, 'date', '', '', '', '', '', '', '', 0, NULL, NULL, NULL, NULL, '', '', 'system', systimestamp, '23', 0, 'entity.custDestination.custDate1', '', '', '', '', '', '');
INSERT INTO CNT_FIELD_DEFINITION
 (ID, REVISION, PARENT_ID, FIELD_ID, COLUMN_NAME, COLUMN_TYPE, REPORT_COLUMN_NAME, PRODUCT_FIELD, FIELD_TYPE, ENTITY_LOOKUP, ENTITY_LOOKUP_KEY, ORDER_BY, GENERATOR, REFER_TABLE, KEY_COLUMN, LOOKUP_COLUMN, MANDATORY, MIN_LENGTH, MAX_LENGTH, MIN_VALUE, MAX_VALUE, CONSTANT_VALUE, UNIQUE_KEY, CREATE_USER, CREATED_ON, LINE_NO, MANAGED, FIELD_PATH, DATA_TYPE, DATA1, DATA2, TRANSITIVE_FIELDS, FORMULA, ENTITY_LOOKUP_TYPE)
VALUES ('42203933c2794a32a7e29e783e7f4071', 0, '7b7d18c8ab22490c925e3a2461cc4f7d', 'custDate2', 'CUST_DATE2', 'DATE', 'CUSTOM_FIELD_DATE2', 0, 'date', '', '', '', '', '', '', '', 0, NULL, NULL, NULL, NULL, '', '', 'system', systimestamp, '24', 0, 'entity.custDestination.custDate2', '', '', '', '', '', '');
INSERT INTO CNT_FIELD_DEFINITION
 (ID, REVISION, PARENT_ID, FIELD_ID, COLUMN_NAME, COLUMN_TYPE, REPORT_COLUMN_NAME, PRODUCT_FIELD, FIELD_TYPE, ENTITY_LOOKUP, ENTITY_LOOKUP_KEY, ORDER_BY, GENERATOR, REFER_TABLE, KEY_COLUMN, LOOKUP_COLUMN, MANDATORY, MIN_LENGTH, MAX_LENGTH, MIN_VALUE, MAX_VALUE, CONSTANT_VALUE, UNIQUE_KEY, CREATE_USER, CREATED_ON, LINE_NO, MANAGED, FIELD_PATH, DATA_TYPE, DATA1, DATA2, TRANSITIVE_FIELDS, FORMULA, ENTITY_LOOKUP_TYPE)
VALUES ('f5cf1619fd1943f8a4e337b40476da69', 0, '7b7d18c8ab22490c925e3a2461cc4f7d', 'custDate3', 'CUST_DATE3', 'DATE', 'CUSTOM_FIELD_DATE3', 0, 'date', '', '', '', '', '', '', '', 0, NULL, NULL, NULL, NULL, '', '', 'system', systimestamp, '25', 0, 'entity.custDestination.custDate3', '', '', '', '', '', '');
INSERT INTO CNT_FIELD_DEFINITION
 (ID, REVISION, PARENT_ID, FIELD_ID, COLUMN_NAME, COLUMN_TYPE, REPORT_COLUMN_NAME, PRODUCT_FIELD, FIELD_TYPE, ENTITY_LOOKUP, ENTITY_LOOKUP_KEY, ORDER_BY, GENERATOR, REFER_TABLE, KEY_COLUMN, LOOKUP_COLUMN, MANDATORY, MIN_LENGTH, MAX_LENGTH, MIN_VALUE, MAX_VALUE, CONSTANT_VALUE, UNIQUE_KEY, CREATE_USER, CREATED_ON, LINE_NO, MANAGED, FIELD_PATH, DATA_TYPE, DATA1, DATA2, TRANSITIVE_FIELDS, FORMULA, ENTITY_LOOKUP_TYPE)
VALUES ('ac81a7a2e5654898b25a5f6566f7dc9b', 0, '7b7d18c8ab22490c925e3a2461cc4f7d', 'custDate4', 'CUST_DATE4', 'DATE', 'CUSTOM_FIELD_DATE4', 0, 'date', '', '', '', '', '', '', '', 0, NULL, NULL, NULL, NULL, '', '', 'system', systimestamp, '26', 0, 'entity.custDestination.custDate4', '', '', '', '', '', '');
INSERT INTO CNT_FIELD_DEFINITION
 (ID, REVISION, PARENT_ID, FIELD_ID, COLUMN_NAME, COLUMN_TYPE, REPORT_COLUMN_NAME, PRODUCT_FIELD, FIELD_TYPE, ENTITY_LOOKUP, ENTITY_LOOKUP_KEY, ORDER_BY, GENERATOR, REFER_TABLE, KEY_COLUMN, LOOKUP_COLUMN, MANDATORY, MIN_LENGTH, MAX_LENGTH, MIN_VALUE, MAX_VALUE, CONSTANT_VALUE, UNIQUE_KEY, CREATE_USER, CREATED_ON, LINE_NO, MANAGED, FIELD_PATH, DATA_TYPE, DATA1, DATA2, TRANSITIVE_FIELDS, FORMULA, ENTITY_LOOKUP_TYPE)
VALUES ('3e89ef8dc65d492b98788345cfa954ea', 0, '7b7d18c8ab22490c925e3a2461cc4f7d', 'custDate5', 'CUST_DATE5', 'DATE', 'CUSTOM_FIELD_DATE5', 0, 'date', '', '', '', '', '', '', '', 0, NULL, NULL, NULL, NULL, '', '', 'system', systimestamp, '27', 0, 'entity.custDestination.custDate5', '', '', '', '', '', '');
INSERT INTO CNT_FIELD_DEFINITION
 (ID, REVISION, PARENT_ID, FIELD_ID, COLUMN_NAME, COLUMN_TYPE, REPORT_COLUMN_NAME, PRODUCT_FIELD, FIELD_TYPE, ENTITY_LOOKUP, ENTITY_LOOKUP_KEY, ORDER_BY, GENERATOR, REFER_TABLE, KEY_COLUMN, LOOKUP_COLUMN, MANDATORY, MIN_LENGTH, MAX_LENGTH, MIN_VALUE, MAX_VALUE, CONSTANT_VALUE, UNIQUE_KEY, CREATE_USER, CREATED_ON, LINE_NO, MANAGED, FIELD_PATH, DATA_TYPE, DATA1, DATA2, TRANSITIVE_FIELDS, FORMULA, ENTITY_LOOKUP_TYPE)
VALUES ('a1e728cc8b5644c6bcf663bdcaa5fdb4', 0, '7b7d18c8ab22490c925e3a2461cc4f7d', 'custDate6', 'CUST_DATE6', 'DATE', 'CUSTOM_FIELD_DATE6', 0, 'date', '', '', '', '', '', '', '', 0, NULL, NULL, NULL, NULL, '', '', 'system', systimestamp, '28', 0, 'entity.custDestination.custDate6', '', '', '', '', '', '');
INSERT INTO CNT_FIELD_DEFINITION
 (ID, REVISION, PARENT_ID, FIELD_ID, COLUMN_NAME, COLUMN_TYPE, REPORT_COLUMN_NAME, PRODUCT_FIELD, FIELD_TYPE, ENTITY_LOOKUP, ENTITY_LOOKUP_KEY, ORDER_BY, GENERATOR, REFER_TABLE, KEY_COLUMN, LOOKUP_COLUMN, MANDATORY, MIN_LENGTH, MAX_LENGTH, MIN_VALUE, MAX_VALUE, CONSTANT_VALUE, UNIQUE_KEY, CREATE_USER, CREATED_ON, LINE_NO, MANAGED, FIELD_PATH, DATA_TYPE, DATA1, DATA2, TRANSITIVE_FIELDS, FORMULA, ENTITY_LOOKUP_TYPE)
VALUES ('1cb884994d97406bbada868886758bae', 0, '7b7d18c8ab22490c925e3a2461cc4f7d', 'custDate7', 'CUST_DATE7', 'DATE', 'CUSTOM_FIELD_DATE7', 0, 'date', '', '', '', '', '', '', '', 0, NULL, NULL, NULL, NULL, '', '', 'system', systimestamp, '29', 0, 'entity.custDestination.custDate7', '', '', '', '', '', '');
INSERT INTO CNT_FIELD_DEFINITION
 (ID, REVISION, PARENT_ID, FIELD_ID, COLUMN_NAME, COLUMN_TYPE, REPORT_COLUMN_NAME, PRODUCT_FIELD, FIELD_TYPE, ENTITY_LOOKUP, ENTITY_LOOKUP_KEY, ORDER_BY, GENERATOR, REFER_TABLE, KEY_COLUMN, LOOKUP_COLUMN, MANDATORY, MIN_LENGTH, MAX_LENGTH, MIN_VALUE, MAX_VALUE, CONSTANT_VALUE, UNIQUE_KEY, CREATE_USER, CREATED_ON, LINE_NO, MANAGED, FIELD_PATH, DATA_TYPE, DATA1, DATA2, TRANSITIVE_FIELDS, FORMULA, ENTITY_LOOKUP_TYPE)
VALUES ('43e901635af042ceac676d20635392f5', 0, '7b7d18c8ab22490c925e3a2461cc4f7d', 'custNumber1', 'CUST_NUMBER1', 'NUMBER(20, 0)', 'CUSTOM_FIELD_NUMBER1', 0, 'integer', '', '', '', '', '', '', '', 0, NULL, 18, NULL, NULL, '', '', 'system', systimestamp, '30', 0, 'entity.custDestination.custNumber1', '', '', '', '', '', '');
INSERT INTO CNT_FIELD_DEFINITION
 (ID, REVISION, PARENT_ID, FIELD_ID, COLUMN_NAME, COLUMN_TYPE, REPORT_COLUMN_NAME, PRODUCT_FIELD, FIELD_TYPE, ENTITY_LOOKUP, ENTITY_LOOKUP_KEY, ORDER_BY, GENERATOR, REFER_TABLE, KEY_COLUMN, LOOKUP_COLUMN, MANDATORY, MIN_LENGTH, MAX_LENGTH, MIN_VALUE, MAX_VALUE, CONSTANT_VALUE, UNIQUE_KEY, CREATE_USER, CREATED_ON, LINE_NO, MANAGED, FIELD_PATH, DATA_TYPE, DATA1, DATA2, TRANSITIVE_FIELDS, FORMULA, ENTITY_LOOKUP_TYPE)
VALUES ('dd9e398acd0241248089bd3f3d68e129', 0, '7b7d18c8ab22490c925e3a2461cc4f7d', 'custNumber2', 'CUST_NUMBER2', 'NUMBER(20, 0)', 'CUSTOM_FIELD_NUMBER2', 0, 'integer', '', '', '', '', '', '', '', 0, NULL, 18, NULL, NULL, '', '', 'system', systimestamp, '31', 0, 'entity.custDestination.custNumber2', '', '', '', '', '', '');
INSERT INTO CNT_FIELD_DEFINITION
 (ID, REVISION, PARENT_ID, FIELD_ID, COLUMN_NAME, COLUMN_TYPE, REPORT_COLUMN_NAME, PRODUCT_FIELD, FIELD_TYPE, ENTITY_LOOKUP, ENTITY_LOOKUP_KEY, ORDER_BY, GENERATOR, REFER_TABLE, KEY_COLUMN, LOOKUP_COLUMN, MANDATORY, MIN_LENGTH, MAX_LENGTH, MIN_VALUE, MAX_VALUE, CONSTANT_VALUE, UNIQUE_KEY, CREATE_USER, CREATED_ON, LINE_NO, MANAGED, FIELD_PATH, DATA_TYPE, DATA1, DATA2, TRANSITIVE_FIELDS, FORMULA, ENTITY_LOOKUP_TYPE)
VALUES ('7cb6f1f78b4a43888e19b1d3dac62f1b', 0, '7b7d18c8ab22490c925e3a2461cc4f7d', 'custNumber3', 'CUST_NUMBER3', 'NUMBER(20, 0)', 'CUSTOM_FIELD_NUMBER3', 0, 'integer', '', '', '', '', '', '', '', 0, NULL, 18, NULL, NULL, '', '', 'system', systimestamp, '32', 0, 'entity.custDestination.custNumber3', '', '', '', '', '', '');
INSERT INTO CNT_FIELD_DEFINITION
 (ID, REVISION, PARENT_ID, FIELD_ID, COLUMN_NAME, COLUMN_TYPE, REPORT_COLUMN_NAME, PRODUCT_FIELD, FIELD_TYPE, ENTITY_LOOKUP, ENTITY_LOOKUP_KEY, ORDER_BY, GENERATOR, REFER_TABLE, KEY_COLUMN, LOOKUP_COLUMN, MANDATORY, MIN_LENGTH, MAX_LENGTH, MIN_VALUE, MAX_VALUE, CONSTANT_VALUE, UNIQUE_KEY, CREATE_USER, CREATED_ON, LINE_NO, MANAGED, FIELD_PATH, DATA_TYPE, DATA1, DATA2, TRANSITIVE_FIELDS, FORMULA, ENTITY_LOOKUP_TYPE)
VALUES ('6057d185e6134803b968e6b6c48e07cb', 0, '7b7d18c8ab22490c925e3a2461cc4f7d', 'custNumber4', 'CUST_NUMBER4', 'NUMBER(20, 0)', 'CUSTOM_FIELD_NUMBER4', 0, 'integer', '', '', '', '', '', '', '', 0, NULL, 18, NULL, NULL, '', '', 'system', systimestamp, '33', 0, 'entity.custDestination.custNumber4', '', '', '', '', '', '');
INSERT INTO CNT_FIELD_DEFINITION
 (ID, REVISION, PARENT_ID, FIELD_ID, COLUMN_NAME, COLUMN_TYPE, REPORT_COLUMN_NAME, PRODUCT_FIELD, FIELD_TYPE, ENTITY_LOOKUP, ENTITY_LOOKUP_KEY, ORDER_BY, GENERATOR, REFER_TABLE, KEY_COLUMN, LOOKUP_COLUMN, MANDATORY, MIN_LENGTH, MAX_LENGTH, MIN_VALUE, MAX_VALUE, CONSTANT_VALUE, UNIQUE_KEY, CREATE_USER, CREATED_ON, LINE_NO, MANAGED, FIELD_PATH, DATA_TYPE, DATA1, DATA2, TRANSITIVE_FIELDS, FORMULA, ENTITY_LOOKUP_TYPE)
VALUES ('070415e7fba047ed90ec38849b95a356', 0, '7b7d18c8ab22490c925e3a2461cc4f7d', 'custNumber5', 'CUST_NUMBER5', 'NUMBER(20, 0)', 'CUSTOM_FIELD_NUMBER5', 0, 'integer', '', '', '', '', '', '', '', 0, NULL, 18, NULL, NULL, '', '', 'system', systimestamp, '34', 0, 'entity.custDestination.custNumber5', '', '', '', '', '', '');
INSERT INTO CNT_FIELD_DEFINITION
 (ID, REVISION, PARENT_ID, FIELD_ID, COLUMN_NAME, COLUMN_TYPE, REPORT_COLUMN_NAME, PRODUCT_FIELD, FIELD_TYPE, ENTITY_LOOKUP, ENTITY_LOOKUP_KEY, ORDER_BY, GENERATOR, REFER_TABLE, KEY_COLUMN, LOOKUP_COLUMN, MANDATORY, MIN_LENGTH, MAX_LENGTH, MIN_VALUE, MAX_VALUE, CONSTANT_VALUE, UNIQUE_KEY, CREATE_USER, CREATED_ON, LINE_NO, MANAGED, FIELD_PATH, DATA_TYPE, DATA1, DATA2, TRANSITIVE_FIELDS, FORMULA, ENTITY_LOOKUP_TYPE)
VALUES ('d7b9f714765849f8883cc968ba1a9683', 0, '7b7d18c8ab22490c925e3a2461cc4f7d', 'custNumber6', 'CUST_NUMBER6', 'NUMBER(20, 0)', 'CUSTOM_FIELD_NUMBER6', 0, 'integer', '', '', '', '', '', '', '', 0, NULL, 18, NULL, NULL, '', '', 'system', systimestamp, '35', 0, 'entity.custDestination.custNumber6', '', '', '', '', '', '');
INSERT INTO CNT_FIELD_DEFINITION
 (ID, REVISION, PARENT_ID, FIELD_ID, COLUMN_NAME, COLUMN_TYPE, REPORT_COLUMN_NAME, PRODUCT_FIELD, FIELD_TYPE, ENTITY_LOOKUP, ENTITY_LOOKUP_KEY, ORDER_BY, GENERATOR, REFER_TABLE, KEY_COLUMN, LOOKUP_COLUMN, MANDATORY, MIN_LENGTH, MAX_LENGTH, MIN_VALUE, MAX_VALUE, CONSTANT_VALUE, UNIQUE_KEY, CREATE_USER, CREATED_ON, LINE_NO, MANAGED, FIELD_PATH, DATA_TYPE, DATA1, DATA2, TRANSITIVE_FIELDS, FORMULA, ENTITY_LOOKUP_TYPE)
VALUES ('f94c35fdfd1a49b58ac6f18407764e3a', 0, '7b7d18c8ab22490c925e3a2461cc4f7d', 'custNumber7', 'CUST_NUMBER7', 'NUMBER(20, 0)', 'CUSTOM_FIELD_NUMBER7', 0, 'integer', '', '', '', '', '', '', '', 0, NULL, 18, NULL, NULL, '', '', 'system', systimestamp, '36', 0, 'entity.custDestination.custNumber7', '', '', '', '', '', '');
INSERT INTO CNT_FIELD_DEFINITION
 (ID, REVISION, PARENT_ID, FIELD_ID, COLUMN_NAME, COLUMN_TYPE, REPORT_COLUMN_NAME, PRODUCT_FIELD, FIELD_TYPE, ENTITY_LOOKUP, ENTITY_LOOKUP_KEY, ORDER_BY, GENERATOR, REFER_TABLE, KEY_COLUMN, LOOKUP_COLUMN, MANDATORY, MIN_LENGTH, MAX_LENGTH, MIN_VALUE, MAX_VALUE, CONSTANT_VALUE, UNIQUE_KEY, CREATE_USER, CREATED_ON, LINE_NO, MANAGED, FIELD_PATH, DATA_TYPE, DATA1, DATA2, TRANSITIVE_FIELDS, FORMULA, ENTITY_LOOKUP_TYPE)
VALUES ('045511d290f648d697d8fc2422a46f68', 0, '7b7d18c8ab22490c925e3a2461cc4f7d', 'custDecimal1', 'CUST_DECIMAL1', 'NUMBER(25, 5)', 'CUSTOM_FIELD_DECIMAL1', 0, 'decimal-rate', '', '', '', '', '', '', '', 0, NULL, 20, NULL, NULL, '', '', 'system', systimestamp, '37', 0, 'entity.custDestination.custDecimal1', '', '', '', '', '', '');
INSERT INTO CNT_FIELD_DEFINITION
 (ID, REVISION, PARENT_ID, FIELD_ID, COLUMN_NAME, COLUMN_TYPE, REPORT_COLUMN_NAME, PRODUCT_FIELD, FIELD_TYPE, ENTITY_LOOKUP, ENTITY_LOOKUP_KEY, ORDER_BY, GENERATOR, REFER_TABLE, KEY_COLUMN, LOOKUP_COLUMN, MANDATORY, MIN_LENGTH, MAX_LENGTH, MIN_VALUE, MAX_VALUE, CONSTANT_VALUE, UNIQUE_KEY, CREATE_USER, CREATED_ON, LINE_NO, MANAGED, FIELD_PATH, DATA_TYPE, DATA1, DATA2, TRANSITIVE_FIELDS, FORMULA, ENTITY_LOOKUP_TYPE)
VALUES ('525d776ee40442dc9d78595f0d50195b', 0, '7b7d18c8ab22490c925e3a2461cc4f7d', 'custDecimal2', 'CUST_DECIMAL2', 'NUMBER(25, 5)', 'CUSTOM_FIELD_DECIMAL2', 0, 'decimal-rate', '', '', '', '', '', '', '', 0, NULL, 20, NULL, NULL, '', '', 'system', systimestamp, '38', 0, 'entity.custDestination.custDecimal2', '', '', '', '', '', '');
INSERT INTO CNT_FIELD_DEFINITION
 (ID, REVISION, PARENT_ID, FIELD_ID, COLUMN_NAME, COLUMN_TYPE, REPORT_COLUMN_NAME, PRODUCT_FIELD, FIELD_TYPE, ENTITY_LOOKUP, ENTITY_LOOKUP_KEY, ORDER_BY, GENERATOR, REFER_TABLE, KEY_COLUMN, LOOKUP_COLUMN, MANDATORY, MIN_LENGTH, MAX_LENGTH, MIN_VALUE, MAX_VALUE, CONSTANT_VALUE, UNIQUE_KEY, CREATE_USER, CREATED_ON, LINE_NO, MANAGED, FIELD_PATH, DATA_TYPE, DATA1, DATA2, TRANSITIVE_FIELDS, FORMULA, ENTITY_LOOKUP_TYPE)
VALUES ('18afd212763b4a48a74b50a48a97c52c', 0, '7b7d18c8ab22490c925e3a2461cc4f7d', 'custDecimal3', 'CUST_DECIMAL3', 'NUMBER(25, 5)', 'CUSTOM_FIELD_DECIMAL3', 0, 'decimal-rate', '', '', '', '', '', '', '', 0, NULL, 20, NULL, NULL, '', '', 'system', systimestamp, '39', 0, 'entity.custDestination.custDecimal3', '', '', '', '', '', '');
INSERT INTO CNT_FIELD_DEFINITION
 (ID, REVISION, PARENT_ID, FIELD_ID, COLUMN_NAME, COLUMN_TYPE, REPORT_COLUMN_NAME, PRODUCT_FIELD, FIELD_TYPE, ENTITY_LOOKUP, ENTITY_LOOKUP_KEY, ORDER_BY, GENERATOR, REFER_TABLE, KEY_COLUMN, LOOKUP_COLUMN, MANDATORY, MIN_LENGTH, MAX_LENGTH, MIN_VALUE, MAX_VALUE, CONSTANT_VALUE, UNIQUE_KEY, CREATE_USER, CREATED_ON, LINE_NO, MANAGED, FIELD_PATH, DATA_TYPE, DATA1, DATA2, TRANSITIVE_FIELDS, FORMULA, ENTITY_LOOKUP_TYPE)
VALUES ('1e33e1607e6840939b0271df262e0af8', 0, '7b7d18c8ab22490c925e3a2461cc4f7d', 'custDecimal4', 'CUST_DECIMAL4', 'NUMBER(25, 5)', 'CUSTOM_FIELD_DECIMAL4', 0, 'decimal-rate', '', '', '', '', '', '', '', 0, NULL, 20, NULL, NULL, '', '', 'system', systimestamp, '40', 0, 'entity.custDestination.custDecimal4', '', '', '', '', '', '');
INSERT INTO CNT_FIELD_DEFINITION
 (ID, REVISION, PARENT_ID, FIELD_ID, COLUMN_NAME, COLUMN_TYPE, REPORT_COLUMN_NAME, PRODUCT_FIELD, FIELD_TYPE, ENTITY_LOOKUP, ENTITY_LOOKUP_KEY, ORDER_BY, GENERATOR, REFER_TABLE, KEY_COLUMN, LOOKUP_COLUMN, MANDATORY, MIN_LENGTH, MAX_LENGTH, MIN_VALUE, MAX_VALUE, CONSTANT_VALUE, UNIQUE_KEY, CREATE_USER, CREATED_ON, LINE_NO, MANAGED, FIELD_PATH, DATA_TYPE, DATA1, DATA2, TRANSITIVE_FIELDS, FORMULA, ENTITY_LOOKUP_TYPE)
VALUES ('8c61717d366442b1bab4a466628f61a3', 0, '7b7d18c8ab22490c925e3a2461cc4f7d', 'custDecimal5', 'CUST_DECIMAL5', 'NUMBER(25, 5)', 'CUSTOM_FIELD_DECIMAL5', 0, 'decimal-rate', '', '', '', '', '', '', '', 0, NULL, 20, NULL, NULL, '', '', 'system', systimestamp, '41', 0, 'entity.custDestination.custDecimal5', '', '', '', '', '', '');
INSERT INTO CNT_FIELD_DEFINITION
 (ID, REVISION, PARENT_ID, FIELD_ID, COLUMN_NAME, COLUMN_TYPE, REPORT_COLUMN_NAME, PRODUCT_FIELD, FIELD_TYPE, ENTITY_LOOKUP, ENTITY_LOOKUP_KEY, ORDER_BY, GENERATOR, REFER_TABLE, KEY_COLUMN, LOOKUP_COLUMN, MANDATORY, MIN_LENGTH, MAX_LENGTH, MIN_VALUE, MAX_VALUE, CONSTANT_VALUE, UNIQUE_KEY, CREATE_USER, CREATED_ON, LINE_NO, MANAGED, FIELD_PATH, DATA_TYPE, DATA1, DATA2, TRANSITIVE_FIELDS, FORMULA, ENTITY_LOOKUP_TYPE)
VALUES ('c25927b95cb34c029548e448c94d9268', 0, '7b7d18c8ab22490c925e3a2461cc4f7d', 'custDecimal6', 'CUST_DECIMAL6', 'NUMBER(25, 5)', 'CUSTOM_FIELD_DECIMAL6', 0, 'decimal-rate', '', '', '', '', '', '', '', 0, NULL, 20, NULL, NULL, '', '', 'system', systimestamp, '42', 0, 'entity.custDestination.custDecimal6', '', '', '', '', '', '');
INSERT INTO CNT_FIELD_DEFINITION
 (ID, REVISION, PARENT_ID, FIELD_ID, COLUMN_NAME, COLUMN_TYPE, REPORT_COLUMN_NAME, PRODUCT_FIELD, FIELD_TYPE, ENTITY_LOOKUP, ENTITY_LOOKUP_KEY, ORDER_BY, GENERATOR, REFER_TABLE, KEY_COLUMN, LOOKUP_COLUMN, MANDATORY, MIN_LENGTH, MAX_LENGTH, MIN_VALUE, MAX_VALUE, CONSTANT_VALUE, UNIQUE_KEY, CREATE_USER, CREATED_ON, LINE_NO, MANAGED, FIELD_PATH, DATA_TYPE, DATA1, DATA2, TRANSITIVE_FIELDS, FORMULA, ENTITY_LOOKUP_TYPE)
VALUES ('6bdc1f6bbdc642a594c15c3b1e64ab18', 0, '7b7d18c8ab22490c925e3a2461cc4f7d', 'custDecimal7', 'CUST_DECIMAL7', 'NUMBER(25, 5)', 'CUSTOM_FIELD_DECIMAL7', 0, 'decimal-rate', '', '', '', '', '', '', '', 0, NULL, 20, NULL, NULL, '', '', 'system', systimestamp, '43', 0, 'entity.custDestination.custDecimal7', '', '', '', '', '', '');
INSERT INTO CNT_FIELD_DEFINITION
 (ID, REVISION, PARENT_ID, FIELD_ID, COLUMN_NAME, COLUMN_TYPE, REPORT_COLUMN_NAME, PRODUCT_FIELD, FIELD_TYPE, ENTITY_LOOKUP, ENTITY_LOOKUP_KEY, ORDER_BY, GENERATOR, REFER_TABLE, KEY_COLUMN, LOOKUP_COLUMN, MANDATORY, MIN_LENGTH, MAX_LENGTH, MIN_VALUE, MAX_VALUE, CONSTANT_VALUE, UNIQUE_KEY, CREATE_USER, CREATED_ON, LINE_NO, MANAGED, FIELD_PATH, DATA_TYPE, DATA1, DATA2, TRANSITIVE_FIELDS, FORMULA, ENTITY_LOOKUP_TYPE)
VALUES ('04ee3748d88c48c0af5d3a91490bf1be', 0, '7b7d18c8ab22490c925e3a2461cc4f7d', 'custCodelist1', 'CUST_CODELIST1', 'NVARCHAR2(400)', 'CUSTOM_FIELD_CODE_LIST_CODE1', 0, 'string-m', '', '', '', '', '', '', '', 0, NULL, 400, NULL, NULL, '', '', 'system', systimestamp, '44', 0, 'entity.custDestination.custCodelist1', 'codelist', '', '', '', '', '');
INSERT INTO CNT_FIELD_DEFINITION
 (ID, REVISION, PARENT_ID, FIELD_ID, COLUMN_NAME, COLUMN_TYPE, REPORT_COLUMN_NAME, PRODUCT_FIELD, FIELD_TYPE, ENTITY_LOOKUP, ENTITY_LOOKUP_KEY, ORDER_BY, GENERATOR, REFER_TABLE, KEY_COLUMN, LOOKUP_COLUMN, MANDATORY, MIN_LENGTH, MAX_LENGTH, MIN_VALUE, MAX_VALUE, CONSTANT_VALUE, UNIQUE_KEY, CREATE_USER, CREATED_ON, LINE_NO, MANAGED, FIELD_PATH, DATA_TYPE, DATA1, DATA2, TRANSITIVE_FIELDS, FORMULA, ENTITY_LOOKUP_TYPE)
VALUES ('11741565c7a848eb9ebf572fba1aa733', 0, '7b7d18c8ab22490c925e3a2461cc4f7d', 'custCodelist2', 'CUST_CODELIST2', 'NVARCHAR2(400)', 'CUSTOM_FIELD_CODE_LIST_CODE2', 0, 'string-m', '', '', '', '', '', '', '', 0, NULL, 400, NULL, NULL, '', '', 'system', systimestamp, '45', 0, 'entity.custDestination.custCodelist2', 'codelist', '', '', '', '', '');
INSERT INTO CNT_FIELD_DEFINITION
 (ID, REVISION, PARENT_ID, FIELD_ID, COLUMN_NAME, COLUMN_TYPE, REPORT_COLUMN_NAME, PRODUCT_FIELD, FIELD_TYPE, ENTITY_LOOKUP, ENTITY_LOOKUP_KEY, ORDER_BY, GENERATOR, REFER_TABLE, KEY_COLUMN, LOOKUP_COLUMN, MANDATORY, MIN_LENGTH, MAX_LENGTH, MIN_VALUE, MAX_VALUE, CONSTANT_VALUE, UNIQUE_KEY, CREATE_USER, CREATED_ON, LINE_NO, MANAGED, FIELD_PATH, DATA_TYPE, DATA1, DATA2, TRANSITIVE_FIELDS, FORMULA, ENTITY_LOOKUP_TYPE)
VALUES ('470e6ee7e27f4577a66ccdf30043c582', 0, '7b7d18c8ab22490c925e3a2461cc4f7d', 'custCodelist3', 'CUST_CODELIST3', 'NVARCHAR2(400)', 'CUSTOM_FIELD_CODE_LIST_CODE3', 0, 'string-m', '', '', '', '', '', '', '', 0, NULL, 400, NULL, NULL, '', '', 'system', systimestamp, '46', 0, 'entity.custDestination.custCodelist3', 'codelist', '', '', '', '', '');
INSERT INTO CNT_FIELD_DEFINITION
 (ID, REVISION, PARENT_ID, FIELD_ID, COLUMN_NAME, COLUMN_TYPE, REPORT_COLUMN_NAME, PRODUCT_FIELD, FIELD_TYPE, ENTITY_LOOKUP, ENTITY_LOOKUP_KEY, ORDER_BY, GENERATOR, REFER_TABLE, KEY_COLUMN, LOOKUP_COLUMN, MANDATORY, MIN_LENGTH, MAX_LENGTH, MIN_VALUE, MAX_VALUE, CONSTANT_VALUE, UNIQUE_KEY, CREATE_USER, CREATED_ON, LINE_NO, MANAGED, FIELD_PATH, DATA_TYPE, DATA1, DATA2, TRANSITIVE_FIELDS, FORMULA, ENTITY_LOOKUP_TYPE)
VALUES ('59887c1af83d4646b9eff57badcc122e', 0, '7b7d18c8ab22490c925e3a2461cc4f7d', 'custCodelist4', 'CUST_CODELIST4', 'NVARCHAR2(400)', 'CUSTOM_FIELD_CODE_LIST_CODE4', 0, 'string-m', '', '', '', '', '', '', '', 0, NULL, 400, NULL, NULL, '', '', 'system', systimestamp, '47', 0, 'entity.custDestination.custCodelist4', 'codelist', '', '', '', '', '');
INSERT INTO CNT_FIELD_DEFINITION
 (ID, REVISION, PARENT_ID, FIELD_ID, COLUMN_NAME, COLUMN_TYPE, REPORT_COLUMN_NAME, PRODUCT_FIELD, FIELD_TYPE, ENTITY_LOOKUP, ENTITY_LOOKUP_KEY, ORDER_BY, GENERATOR, REFER_TABLE, KEY_COLUMN, LOOKUP_COLUMN, MANDATORY, MIN_LENGTH, MAX_LENGTH, MIN_VALUE, MAX_VALUE, CONSTANT_VALUE, UNIQUE_KEY, CREATE_USER, CREATED_ON, LINE_NO, MANAGED, FIELD_PATH, DATA_TYPE, DATA1, DATA2, TRANSITIVE_FIELDS, FORMULA, ENTITY_LOOKUP_TYPE)
VALUES ('4613fb61bed343a69b878c8bec9a4c69', 0, '7b7d18c8ab22490c925e3a2461cc4f7d', 'custCodelist5', 'CUST_CODELIST5', 'NVARCHAR2(400)', 'CUSTOM_FIELD_CODE_LIST_CODE5', 0, 'string-m', '', '', '', '', '', '', '', 0, NULL, 400, NULL, NULL, '', '', 'system', systimestamp, '48', 0, 'entity.custDestination.custCodelist5', 'codelist', '', '', '', '', '');
INSERT INTO CNT_FIELD_DEFINITION
 (ID, REVISION, PARENT_ID, FIELD_ID, COLUMN_NAME, COLUMN_TYPE, REPORT_COLUMN_NAME, PRODUCT_FIELD, FIELD_TYPE, ENTITY_LOOKUP, ENTITY_LOOKUP_KEY, ORDER_BY, GENERATOR, REFER_TABLE, KEY_COLUMN, LOOKUP_COLUMN, MANDATORY, MIN_LENGTH, MAX_LENGTH, MIN_VALUE, MAX_VALUE, CONSTANT_VALUE, UNIQUE_KEY, CREATE_USER, CREATED_ON, LINE_NO, MANAGED, FIELD_PATH, DATA_TYPE, DATA1, DATA2, TRANSITIVE_FIELDS, FORMULA, ENTITY_LOOKUP_TYPE)
VALUES ('a0f924b6ecd3433faf761d242502b7a9', 0, '7b7d18c8ab22490c925e3a2461cc4f7d', 'custCodelist6', 'CUST_CODELIST6', 'NVARCHAR2(400)', 'CUSTOM_FIELD_CODE_LIST_CODE6', 0, 'string-m', '', '', '', '', '', '', '', 0, NULL, 400, NULL, NULL, '', '', 'system', systimestamp, '49', 0, 'entity.custDestination.custCodelist6', 'codelist', '', '', '', '', '');
INSERT INTO CNT_FIELD_DEFINITION
 (ID, REVISION, PARENT_ID, FIELD_ID, COLUMN_NAME, COLUMN_TYPE, REPORT_COLUMN_NAME, PRODUCT_FIELD, FIELD_TYPE, ENTITY_LOOKUP, ENTITY_LOOKUP_KEY, ORDER_BY, GENERATOR, REFER_TABLE, KEY_COLUMN, LOOKUP_COLUMN, MANDATORY, MIN_LENGTH, MAX_LENGTH, MIN_VALUE, MAX_VALUE, CONSTANT_VALUE, UNIQUE_KEY, CREATE_USER, CREATED_ON, LINE_NO, MANAGED, FIELD_PATH, DATA_TYPE, DATA1, DATA2, TRANSITIVE_FIELDS, FORMULA, ENTITY_LOOKUP_TYPE)
VALUES ('5fbd253739a3450eb646c02b1672dba8', 0, '7b7d18c8ab22490c925e3a2461cc4f7d', 'custCodelist7', 'CUST_CODELIST7', 'NVARCHAR2(400)', 'CUSTOM_FIELD_CODE_LIST_CODE7', 0, 'string-m', '', '', '', '', '', '', '', 0, NULL, 400, NULL, NULL, '', '', 'system', systimestamp, '50', 0, 'entity.custDestination.custCodelist7', 'codelist', '', '', '', '', '');
INSERT INTO CNT_FIELD_DEFINITION
 (ID, REVISION, PARENT_ID, FIELD_ID, COLUMN_NAME, COLUMN_TYPE, REPORT_COLUMN_NAME, PRODUCT_FIELD, FIELD_TYPE, ENTITY_LOOKUP, ENTITY_LOOKUP_KEY, ORDER_BY, GENERATOR, REFER_TABLE, KEY_COLUMN, LOOKUP_COLUMN, MANDATORY, MIN_LENGTH, MAX_LENGTH, MIN_VALUE, MAX_VALUE, CONSTANT_VALUE, UNIQUE_KEY, CREATE_USER, CREATED_ON, LINE_NO, MANAGED, FIELD_PATH, DATA_TYPE, DATA1, DATA2, TRANSITIVE_FIELDS, FORMULA, ENTITY_LOOKUP_TYPE)
VALUES ('44c410cf9d1441bbb72c1ad00b2b1eef', 0, '7b7d18c8ab22490c925e3a2461cc4f7d', 'custMemoText1', 'CUST_MEMO_TEXT1', 'NVARCHAR2(1000)', 'CUSTOM_FIELD_MEMO_TEXT1', 0, 'string-l', '', '', '', '', '', '', '', 0, NULL, 1000, NULL, NULL, '', '', 'system', systimestamp, '51', 0, 'entity.custDestination.custMemoText1', '', '', '', '', '', '');
INSERT INTO CNT_FIELD_DEFINITION
 (ID, REVISION, PARENT_ID, FIELD_ID, COLUMN_NAME, COLUMN_TYPE, REPORT_COLUMN_NAME, PRODUCT_FIELD, FIELD_TYPE, ENTITY_LOOKUP, ENTITY_LOOKUP_KEY, ORDER_BY, GENERATOR, REFER_TABLE, KEY_COLUMN, LOOKUP_COLUMN, MANDATORY, MIN_LENGTH, MAX_LENGTH, MIN_VALUE, MAX_VALUE, CONSTANT_VALUE, UNIQUE_KEY, CREATE_USER, CREATED_ON, LINE_NO, MANAGED, FIELD_PATH, DATA_TYPE, DATA1, DATA2, TRANSITIVE_FIELDS, FORMULA, ENTITY_LOOKUP_TYPE)
VALUES ('9de31d0d95014482b1f3dd12babd8ba2', 0, '7b7d18c8ab22490c925e3a2461cc4f7d', 'custMemoText2', 'CUST_MEMO_TEXT2', 'NVARCHAR2(1000)', 'CUSTOM_FIELD_MEMO_TEXT2', 0, 'string-l', '', '', '', '', '', '', '', 0, NULL, 1000, NULL, NULL, '', '', 'system', systimestamp, '52', 0, 'entity.custDestination.custMemoText2', '', '', '', '', '', '');
INSERT INTO CNT_FIELD_DEFINITION
 (ID, REVISION, PARENT_ID, FIELD_ID, COLUMN_NAME, COLUMN_TYPE, REPORT_COLUMN_NAME, PRODUCT_FIELD, FIELD_TYPE, ENTITY_LOOKUP, ENTITY_LOOKUP_KEY, ORDER_BY, GENERATOR, REFER_TABLE, KEY_COLUMN, LOOKUP_COLUMN, MANDATORY, MIN_LENGTH, MAX_LENGTH, MIN_VALUE, MAX_VALUE, CONSTANT_VALUE, UNIQUE_KEY, CREATE_USER, CREATED_ON, LINE_NO, MANAGED, FIELD_PATH, DATA_TYPE, DATA1, DATA2, TRANSITIVE_FIELDS, FORMULA, ENTITY_LOOKUP_TYPE)
VALUES ('26f6e642686944ab8c84da4d1ffb2798', 0, '7b7d18c8ab22490c925e3a2461cc4f7d', 'custMemoText3', 'CUST_MEMO_TEXT3', 'NVARCHAR2(1000)', 'CUSTOM_FIELD_MEMO_TEXT3', 0, 'string-l', '', '', '', '', '', '', '', 0, NULL, 1000, NULL, NULL, '', '', 'system', systimestamp, '53', 0, 'entity.custDestination.custMemoText3', '', '', '', '', '', '');
INSERT INTO CNT_FIELD_DEFINITION
 (ID, REVISION, PARENT_ID, FIELD_ID, COLUMN_NAME, COLUMN_TYPE, REPORT_COLUMN_NAME, PRODUCT_FIELD, FIELD_TYPE, ENTITY_LOOKUP, ENTITY_LOOKUP_KEY, ORDER_BY, GENERATOR, REFER_TABLE, KEY_COLUMN, LOOKUP_COLUMN, MANDATORY, MIN_LENGTH, MAX_LENGTH, MIN_VALUE, MAX_VALUE, CONSTANT_VALUE, UNIQUE_KEY, CREATE_USER, CREATED_ON, LINE_NO, MANAGED, FIELD_PATH, DATA_TYPE, DATA1, DATA2, TRANSITIVE_FIELDS, FORMULA, ENTITY_LOOKUP_TYPE)
VALUES ('79bad5998eac4dc58e842f53d8088b63', 0, '7b7d18c8ab22490c925e3a2461cc4f7d', 'custMemoText4', 'CUST_MEMO_TEXT4', 'NVARCHAR2(1000)', 'CUSTOM_FIELD_MEMO_TEXT4', 0, 'string-l', '', '', '', '', '', '', '', 0, NULL, 1000, NULL, NULL, '', '', 'system', systimestamp, '54', 0, 'entity.custDestination.custMemoText4', '', '', '', '', '', '');
INSERT INTO CNT_FIELD_DEFINITION
 (ID, REVISION, PARENT_ID, FIELD_ID, COLUMN_NAME, COLUMN_TYPE, REPORT_COLUMN_NAME, PRODUCT_FIELD, FIELD_TYPE, ENTITY_LOOKUP, ENTITY_LOOKUP_KEY, ORDER_BY, GENERATOR, REFER_TABLE, KEY_COLUMN, LOOKUP_COLUMN, MANDATORY, MIN_LENGTH, MAX_LENGTH, MIN_VALUE, MAX_VALUE, CONSTANT_VALUE, UNIQUE_KEY, CREATE_USER, CREATED_ON, LINE_NO, MANAGED, FIELD_PATH, DATA_TYPE, DATA1, DATA2, TRANSITIVE_FIELDS, FORMULA, ENTITY_LOOKUP_TYPE)
VALUES ('80bd108e2c04429ab84f565bc69eae64', 0, '7b7d18c8ab22490c925e3a2461cc4f7d', 'custMemoText5', 'CUST_MEMO_TEXT5', 'NVARCHAR2(1000)', 'CUSTOM_FIELD_MEMO_TEXT5', 0, 'string-l', '', '', '', '', '', '', '', 0, NULL, 1000, NULL, NULL, '', '', 'system', systimestamp, '55', 0, 'entity.custDestination.custMemoText5', '', '', '', '', '', '');
INSERT INTO CNT_FIELD_DEFINITION
 (ID, REVISION, PARENT_ID, FIELD_ID, COLUMN_NAME, COLUMN_TYPE, REPORT_COLUMN_NAME, PRODUCT_FIELD, FIELD_TYPE, ENTITY_LOOKUP, ENTITY_LOOKUP_KEY, ORDER_BY, GENERATOR, REFER_TABLE, KEY_COLUMN, LOOKUP_COLUMN, MANDATORY, MIN_LENGTH, MAX_LENGTH, MIN_VALUE, MAX_VALUE, CONSTANT_VALUE, UNIQUE_KEY, CREATE_USER, CREATED_ON, LINE_NO, MANAGED, FIELD_PATH, DATA_TYPE, DATA1, DATA2, TRANSITIVE_FIELDS, FORMULA, ENTITY_LOOKUP_TYPE)
VALUES ('5d551c980f61451bb0a87474eb359094', 0, '7b7d18c8ab22490c925e3a2461cc4f7d', 'custMemoText6', 'CUST_MEMO_TEXT6', 'NVARCHAR2(1000)', 'CUSTOM_FIELD_MEMO_TEXT6', 0, 'string-l', '', '', '', '', '', '', '', 0, NULL, 1000, NULL, NULL, '', '', 'system', systimestamp, '56', 0, 'entity.custDestination.custMemoText6', '', '', '', '', '', '');
INSERT INTO CNT_FIELD_DEFINITION
 (ID, REVISION, PARENT_ID, FIELD_ID, COLUMN_NAME, COLUMN_TYPE, REPORT_COLUMN_NAME, PRODUCT_FIELD, FIELD_TYPE, ENTITY_LOOKUP, ENTITY_LOOKUP_KEY, ORDER_BY, GENERATOR, REFER_TABLE, KEY_COLUMN, LOOKUP_COLUMN, MANDATORY, MIN_LENGTH, MAX_LENGTH, MIN_VALUE, MAX_VALUE, CONSTANT_VALUE, UNIQUE_KEY, CREATE_USER, CREATED_ON, LINE_NO, MANAGED, FIELD_PATH, DATA_TYPE, DATA1, DATA2, TRANSITIVE_FIELDS, FORMULA, ENTITY_LOOKUP_TYPE)
VALUES ('b308e70f8b294620ad9e54303064e65f', 0, '7b7d18c8ab22490c925e3a2461cc4f7d', 'custMemoText7', 'CUST_MEMO_TEXT7', 'NVARCHAR2(1000)', 'CUSTOM_FIELD_MEMO_TEXT7', 0, 'string-l', '', '', '', '', '', '', '', 0, NULL, 1000, NULL, NULL, '', '', 'system', systimestamp, '57', 0, 'entity.custDestination.custMemoText7', '', '', '', '', '', '');
INSERT INTO CNT_FIELD_DEFINITION
 (ID, REVISION, PARENT_ID, FIELD_ID, COLUMN_NAME, COLUMN_TYPE, REPORT_COLUMN_NAME, PRODUCT_FIELD, FIELD_TYPE, ENTITY_LOOKUP, ENTITY_LOOKUP_KEY, ORDER_BY, GENERATOR, REFER_TABLE, KEY_COLUMN, LOOKUP_COLUMN, MANDATORY, MIN_LENGTH, MAX_LENGTH, MIN_VALUE, MAX_VALUE, CONSTANT_VALUE, UNIQUE_KEY, CREATE_USER, CREATED_ON, LINE_NO, MANAGED, FIELD_PATH, DATA_TYPE, DATA1, DATA2, TRANSITIVE_FIELDS, FORMULA, ENTITY_LOOKUP_TYPE)
VALUES ('b3290bc98a4847e4b8cabf3b5ad8383e', 0, '7b7d18c8ab22490c925e3a2461cc4f7d', 'custHcl1', 'CUST_HCL1_ID', 'CHAR(32)', 'CUSTOM_FIELD_HCL_CODE_SYS_ID1', 0, 'entity', 'HclNode', 'id', '', '', '', '', '', 0, 32, 32, NULL, NULL, '', '', 'system', systimestamp, '58', 0, 'entity.custDestination.custHcl1', '', '', '', '', '', '');
INSERT INTO CNT_FIELD_DEFINITION
 (ID, REVISION, PARENT_ID, FIELD_ID, COLUMN_NAME, COLUMN_TYPE, REPORT_COLUMN_NAME, PRODUCT_FIELD, FIELD_TYPE, ENTITY_LOOKUP, ENTITY_LOOKUP_KEY, ORDER_BY, GENERATOR, REFER_TABLE, KEY_COLUMN, LOOKUP_COLUMN, MANDATORY, MIN_LENGTH, MAX_LENGTH, MIN_VALUE, MAX_VALUE, CONSTANT_VALUE, UNIQUE_KEY, CREATE_USER, CREATED_ON, LINE_NO, MANAGED, FIELD_PATH, DATA_TYPE, DATA1, DATA2, TRANSITIVE_FIELDS, FORMULA, ENTITY_LOOKUP_TYPE)
VALUES ('6ecf0d6eb7ec45b0a301ade04d5caa1b', 0, '7b7d18c8ab22490c925e3a2461cc4f7d', 'custHcl2', 'CUST_HCL2_ID', 'CHAR(32)', 'CUSTOM_FIELD_HCL_CODE_SYS_ID2', 0, 'entity', 'HclNode', 'id', '', '', '', '', '', 0, 32, 32, NULL, NULL, '', '', 'system', systimestamp, '59', 0, 'entity.custDestination.custHcl2', '', '', '', '', '', '');
INSERT INTO CNT_FIELD_DEFINITION
 (ID, REVISION, PARENT_ID, FIELD_ID, COLUMN_NAME, COLUMN_TYPE, REPORT_COLUMN_NAME, PRODUCT_FIELD, FIELD_TYPE, ENTITY_LOOKUP, ENTITY_LOOKUP_KEY, ORDER_BY, GENERATOR, REFER_TABLE, KEY_COLUMN, LOOKUP_COLUMN, MANDATORY, MIN_LENGTH, MAX_LENGTH, MIN_VALUE, MAX_VALUE, CONSTANT_VALUE, UNIQUE_KEY, CREATE_USER, CREATED_ON, LINE_NO, MANAGED, FIELD_PATH, DATA_TYPE, DATA1, DATA2, TRANSITIVE_FIELDS, FORMULA, ENTITY_LOOKUP_TYPE)
VALUES ('aa31c2aa94af46fab6e212a8bed6de8b', 0, '7b7d18c8ab22490c925e3a2461cc4f7d', 'custHcl3', 'CUST_HCL3_ID', 'CHAR(32)', 'CUSTOM_FIELD_HCL_CODE_SYS_ID3', 0, 'entity', 'HclNode', 'id', '', '', '', '', '', 0, 32, 32, NULL, NULL, '', '', 'system', systimestamp, '60', 0, 'entity.custDestination.custHcl3', '', '', '', '', '', '');
INSERT INTO CNT_FIELD_DEFINITION
 (ID, REVISION, PARENT_ID, FIELD_ID, COLUMN_NAME, COLUMN_TYPE, REPORT_COLUMN_NAME, PRODUCT_FIELD, FIELD_TYPE, ENTITY_LOOKUP, ENTITY_LOOKUP_KEY, ORDER_BY, GENERATOR, REFER_TABLE, KEY_COLUMN, LOOKUP_COLUMN, MANDATORY, MIN_LENGTH, MAX_LENGTH, MIN_VALUE, MAX_VALUE, CONSTANT_VALUE, UNIQUE_KEY, CREATE_USER, CREATED_ON, LINE_NO, MANAGED, FIELD_PATH, DATA_TYPE, DATA1, DATA2, TRANSITIVE_FIELDS, FORMULA, ENTITY_LOOKUP_TYPE)
VALUES ('441195a1e308483c9327e67cd337edc6', 0, '7b7d18c8ab22490c925e3a2461cc4f7d', 'custHcl4', 'CUST_HCL4_ID', 'CHAR(32)', 'CUSTOM_FIELD_HCL_CODE_SYS_ID4', 0, 'entity', 'HclNode', 'id', '', '', '', '', '', 0, 32, 32, NULL, NULL, '', '', 'system', systimestamp, '61', 0, 'entity.custDestination.custHcl4', '', '', '', '', '', '');
INSERT INTO CNT_FIELD_DEFINITION
 (ID, REVISION, PARENT_ID, FIELD_ID, COLUMN_NAME, COLUMN_TYPE, REPORT_COLUMN_NAME, PRODUCT_FIELD, FIELD_TYPE, ENTITY_LOOKUP, ENTITY_LOOKUP_KEY, ORDER_BY, GENERATOR, REFER_TABLE, KEY_COLUMN, LOOKUP_COLUMN, MANDATORY, MIN_LENGTH, MAX_LENGTH, MIN_VALUE, MAX_VALUE, CONSTANT_VALUE, UNIQUE_KEY, CREATE_USER, CREATED_ON, LINE_NO, MANAGED, FIELD_PATH, DATA_TYPE, DATA1, DATA2, TRANSITIVE_FIELDS, FORMULA, ENTITY_LOOKUP_TYPE)
VALUES ('784d0e3ce7ba4ef4abd3789683505237', 0, '7b7d18c8ab22490c925e3a2461cc4f7d', 'custHcl5', 'CUST_HCL5_ID', 'CHAR(32)', 'CUSTOM_FIELD_HCL_CODE_SYS_ID5', 0, 'entity', 'HclNode', 'id', '', '', '', '', '', 0, 32, 32, NULL, NULL, '', '', 'system', systimestamp, '62', 0, 'entity.custDestination.custHcl5', '', '', '', '', '', '');
INSERT INTO CNT_FIELD_DEFINITION
 (ID, REVISION, PARENT_ID, FIELD_ID, COLUMN_NAME, COLUMN_TYPE, REPORT_COLUMN_NAME, PRODUCT_FIELD, FIELD_TYPE, ENTITY_LOOKUP, ENTITY_LOOKUP_KEY, ORDER_BY, GENERATOR, REFER_TABLE, KEY_COLUMN, LOOKUP_COLUMN, MANDATORY, MIN_LENGTH, MAX_LENGTH, MIN_VALUE, MAX_VALUE, CONSTANT_VALUE, UNIQUE_KEY, CREATE_USER, CREATED_ON, LINE_NO, MANAGED, FIELD_PATH, DATA_TYPE, DATA1, DATA2, TRANSITIVE_FIELDS, FORMULA, ENTITY_LOOKUP_TYPE)
VALUES ('a430d6ea72be46b6b214dbbbf518338a', 0, '7b7d18c8ab22490c925e3a2461cc4f7d', 'countryOfDestinationName', 'COUNTRY_OF_DESTINATION_NAME', 'NVARCHAR2(400)', 'N/A', 1, 'string-m', '', '', '', '', '', '', '', 0, NULL, 400, NULL, NULL, '', '', 'system', systimestamp, '63', 0, 'entity.custDestination.countryOfDestinationName', '', '', '', '', '', '');
INSERT INTO CNT_FIELD_DEFINITION
 (ID, REVISION, PARENT_ID, FIELD_ID, COLUMN_NAME, COLUMN_TYPE, REPORT_COLUMN_NAME, PRODUCT_FIELD, FIELD_TYPE, ENTITY_LOOKUP, ENTITY_LOOKUP_KEY, ORDER_BY, GENERATOR, REFER_TABLE, KEY_COLUMN, LOOKUP_COLUMN, MANDATORY, MIN_LENGTH, MAX_LENGTH, MIN_VALUE, MAX_VALUE, CONSTANT_VALUE, UNIQUE_KEY, CREATE_USER, CREATED_ON, LINE_NO, MANAGED, FIELD_PATH, DATA_TYPE, DATA1, DATA2, TRANSITIVE_FIELDS, FORMULA, ENTITY_LOOKUP_TYPE)
VALUES ('f56be4be33714425b324474a8eaf501e', 0, '7b7d18c8ab22490c925e3a2461cc4f7d', 'portOfDischargeName', 'PORT_OF_DISCHARGE_NAME', 'NVARCHAR2(400)', 'N/A', 1, 'string-m', '', '', '', '', '', '', '', 0, NULL, 400, NULL, NULL, '', '', 'system', systimestamp, '64', 0, 'entity.custDestination.portOfDischargeName', '', '', '', '', '', '');
INSERT INTO CNT_FIELD_DEFINITION
 (ID, REVISION, PARENT_ID, FIELD_ID, COLUMN_NAME, COLUMN_TYPE, REPORT_COLUMN_NAME, PRODUCT_FIELD, FIELD_TYPE, ENTITY_LOOKUP, ENTITY_LOOKUP_KEY, ORDER_BY, GENERATOR, REFER_TABLE, KEY_COLUMN, LOOKUP_COLUMN, MANDATORY, MIN_LENGTH, MAX_LENGTH, MIN_VALUE, MAX_VALUE, CONSTANT_VALUE, UNIQUE_KEY, CREATE_USER, CREATED_ON, LINE_NO, MANAGED, FIELD_PATH, DATA_TYPE, DATA1, DATA2, TRANSITIVE_FIELDS, FORMULA, ENTITY_LOOKUP_TYPE)
VALUES ('bf037000dfec42d18e7128985fb91d5a', 0, '7b7d18c8ab22490c925e3a2461cc4f7d', 'finalDestinationName', 'FINAL_DESTINATION_NAME', 'NVARCHAR2(400)', 'N/A', 1, 'string-m', '', '', '', '', '', '', '', 0, NULL, 400, NULL, NULL, '', '', 'system', systimestamp, '65', 0, 'entity.custDestination.finalDestinationName', '', '', '', '', '', '');
INSERT INTO CNT_FIELD_DEFINITION
 (ID, REVISION, PARENT_ID, FIELD_ID, COLUMN_NAME, COLUMN_TYPE, REPORT_COLUMN_NAME, PRODUCT_FIELD, FIELD_TYPE, ENTITY_LOOKUP, ENTITY_LOOKUP_KEY, ORDER_BY, GENERATOR, REFER_TABLE, KEY_COLUMN, LOOKUP_COLUMN, MANDATORY, MIN_LENGTH, MAX_LENGTH, MIN_VALUE, MAX_VALUE, CONSTANT_VALUE, UNIQUE_KEY, CREATE_USER, CREATED_ON, LINE_NO, MANAGED, FIELD_PATH, DATA_TYPE, DATA1, DATA2, TRANSITIVE_FIELDS, FORMULA, ENTITY_LOOKUP_TYPE)
VALUES ('1eaae48c81da46aa9c7453dbd41a09b4', 0, '7b7d18c8ab22490c925e3a2461cc4f7d', 'distributionMethodName', 'DISTRIBUTION_METHOD_NAME', 'NVARCHAR2(400)', 'N/A', 1, 'string-m', '', '', '', '', '', '', '', 0, NULL, 400, NULL, NULL, '', '', 'system', systimestamp, '66', 0, 'entity.custDestination.distributionMethodName', '', '', '', '', '', '');
INSERT INTO CNT_FIELD_DEFINITION
 (ID, REVISION, PARENT_ID, FIELD_ID, COLUMN_NAME, COLUMN_TYPE, REPORT_COLUMN_NAME, PRODUCT_FIELD, FIELD_TYPE, ENTITY_LOOKUP, ENTITY_LOOKUP_KEY, ORDER_BY, GENERATOR, REFER_TABLE, KEY_COLUMN, LOOKUP_COLUMN, MANDATORY, MIN_LENGTH, MAX_LENGTH, MIN_VALUE, MAX_VALUE, CONSTANT_VALUE, UNIQUE_KEY, CREATE_USER, CREATED_ON, LINE_NO, MANAGED, FIELD_PATH, DATA_TYPE, DATA1, DATA2, TRANSITIVE_FIELDS, FORMULA, ENTITY_LOOKUP_TYPE)
VALUES ('dd67217eba954a41a04da7f4eb86e2ee', 0, '7b7d18c8ab22490c925e3a2461cc4f7d', 'custCodelist1Name', 'CUST_CODELIST1_NAME', 'NVARCHAR2(400)', 'N/A', 0, 'string-m', '', '', '', '', '', '', '', 0, NULL, 400, NULL, NULL, '', '', 'system', systimestamp, '67', 0, 'entity.custDestination.custCodelist1Name', '', '', '', '', '', '');
INSERT INTO CNT_FIELD_DEFINITION
 (ID, REVISION, PARENT_ID, FIELD_ID, COLUMN_NAME, COLUMN_TYPE, REPORT_COLUMN_NAME, PRODUCT_FIELD, FIELD_TYPE, ENTITY_LOOKUP, ENTITY_LOOKUP_KEY, ORDER_BY, GENERATOR, REFER_TABLE, KEY_COLUMN, LOOKUP_COLUMN, MANDATORY, MIN_LENGTH, MAX_LENGTH, MIN_VALUE, MAX_VALUE, CONSTANT_VALUE, UNIQUE_KEY, CREATE_USER, CREATED_ON, LINE_NO, MANAGED, FIELD_PATH, DATA_TYPE, DATA1, DATA2, TRANSITIVE_FIELDS, FORMULA, ENTITY_LOOKUP_TYPE)
VALUES ('f9e97a48021c4879885e7e300703e663', 0, '7b7d18c8ab22490c925e3a2461cc4f7d', 'custCodelist2Name', 'CUST_CODELIST2_NAME', 'NVARCHAR2(400)', 'N/A', 0, 'string-m', '', '', '', '', '', '', '', 0, NULL, 400, NULL, NULL, '', '', 'system', systimestamp, '68', 0, 'entity.custDestination.custCodelist2Name', '', '', '', '', '', '');
INSERT INTO CNT_FIELD_DEFINITION
 (ID, REVISION, PARENT_ID, FIELD_ID, COLUMN_NAME, COLUMN_TYPE, REPORT_COLUMN_NAME, PRODUCT_FIELD, FIELD_TYPE, ENTITY_LOOKUP, ENTITY_LOOKUP_KEY, ORDER_BY, GENERATOR, REFER_TABLE, KEY_COLUMN, LOOKUP_COLUMN, MANDATORY, MIN_LENGTH, MAX_LENGTH, MIN_VALUE, MAX_VALUE, CONSTANT_VALUE, UNIQUE_KEY, CREATE_USER, CREATED_ON, LINE_NO, MANAGED, FIELD_PATH, DATA_TYPE, DATA1, DATA2, TRANSITIVE_FIELDS, FORMULA, ENTITY_LOOKUP_TYPE)
VALUES ('4c1676a90fa847b1af8cdf1aa44a8f5a', 0, '7b7d18c8ab22490c925e3a2461cc4f7d', 'custCodelist3Name', 'CUST_CODELIST3_NAME', 'NVARCHAR2(400)', 'N/A', 0, 'string-m', '', '', '', '', '', '', '', 0, NULL, 400, NULL, NULL, '', '', 'system', systimestamp, '69', 0, 'entity.custDestination.custCodelist3Name', '', '', '', '', '', '');
INSERT INTO CNT_FIELD_DEFINITION
 (ID, REVISION, PARENT_ID, FIELD_ID, COLUMN_NAME, COLUMN_TYPE, REPORT_COLUMN_NAME, PRODUCT_FIELD, FIELD_TYPE, ENTITY_LOOKUP, ENTITY_LOOKUP_KEY, ORDER_BY, GENERATOR, REFER_TABLE, KEY_COLUMN, LOOKUP_COLUMN, MANDATORY, MIN_LENGTH, MAX_LENGTH, MIN_VALUE, MAX_VALUE, CONSTANT_VALUE, UNIQUE_KEY, CREATE_USER, CREATED_ON, LINE_NO, MANAGED, FIELD_PATH, DATA_TYPE, DATA1, DATA2, TRANSITIVE_FIELDS, FORMULA, ENTITY_LOOKUP_TYPE)
VALUES ('0b906213e5ef4d2d993910240a1147c9', 0, '7b7d18c8ab22490c925e3a2461cc4f7d', 'custCodelist4Name', 'CUST_CODELIST4_NAME', 'NVARCHAR2(400)', 'N/A', 0, 'string-m', '', '', '', '', '', '', '', 0, NULL, 400, NULL, NULL, '', '', 'system', systimestamp, '70', 0, 'entity.custDestination.custCodelist4Name', '', '', '', '', '', '');
INSERT INTO CNT_FIELD_DEFINITION
 (ID, REVISION, PARENT_ID, FIELD_ID, COLUMN_NAME, COLUMN_TYPE, REPORT_COLUMN_NAME, PRODUCT_FIELD, FIELD_TYPE, ENTITY_LOOKUP, ENTITY_LOOKUP_KEY, ORDER_BY, GENERATOR, REFER_TABLE, KEY_COLUMN, LOOKUP_COLUMN, MANDATORY, MIN_LENGTH, MAX_LENGTH, MIN_VALUE, MAX_VALUE, CONSTANT_VALUE, UNIQUE_KEY, CREATE_USER, CREATED_ON, LINE_NO, MANAGED, FIELD_PATH, DATA_TYPE, DATA1, DATA2, TRANSITIVE_FIELDS, FORMULA, ENTITY_LOOKUP_TYPE)
VALUES ('247b3d1cc64d46c68efb8cc1627a6888', 0, '7b7d18c8ab22490c925e3a2461cc4f7d', 'custCodelist5Name', 'CUST_CODELIST5_NAME', 'NVARCHAR2(400)', 'N/A', 0, 'string-m', '', '', '', '', '', '', '', 0, NULL, 400, NULL, NULL, '', '', 'system', systimestamp, '71', 0, 'entity.custDestination.custCodelist5Name', '', '', '', '', '', '');
INSERT INTO CNT_FIELD_DEFINITION
 (ID, REVISION, PARENT_ID, FIELD_ID, COLUMN_NAME, COLUMN_TYPE, REPORT_COLUMN_NAME, PRODUCT_FIELD, FIELD_TYPE, ENTITY_LOOKUP, ENTITY_LOOKUP_KEY, ORDER_BY, GENERATOR, REFER_TABLE, KEY_COLUMN, LOOKUP_COLUMN, MANDATORY, MIN_LENGTH, MAX_LENGTH, MIN_VALUE, MAX_VALUE, CONSTANT_VALUE, UNIQUE_KEY, CREATE_USER, CREATED_ON, LINE_NO, MANAGED, FIELD_PATH, DATA_TYPE, DATA1, DATA2, TRANSITIVE_FIELDS, FORMULA, ENTITY_LOOKUP_TYPE)
VALUES ('18296a7881d247d69ca516321c0dd240', 0, '7b7d18c8ab22490c925e3a2461cc4f7d', 'custCodelist6Name', 'CUST_CODELIST6_NAME', 'NVARCHAR2(400)', 'N/A', 0, 'string-m', '', '', '', '', '', '', '', 0, NULL, 400, NULL, NULL, '', '', 'system', systimestamp, '72', 0, 'entity.custDestination.custCodelist6Name', '', '', '', '', '', '');
INSERT INTO CNT_FIELD_DEFINITION
 (ID, REVISION, PARENT_ID, FIELD_ID, COLUMN_NAME, COLUMN_TYPE, REPORT_COLUMN_NAME, PRODUCT_FIELD, FIELD_TYPE, ENTITY_LOOKUP, ENTITY_LOOKUP_KEY, ORDER_BY, GENERATOR, REFER_TABLE, KEY_COLUMN, LOOKUP_COLUMN, MANDATORY, MIN_LENGTH, MAX_LENGTH, MIN_VALUE, MAX_VALUE, CONSTANT_VALUE, UNIQUE_KEY, CREATE_USER, CREATED_ON, LINE_NO, MANAGED, FIELD_PATH, DATA_TYPE, DATA1, DATA2, TRANSITIVE_FIELDS, FORMULA, ENTITY_LOOKUP_TYPE)
VALUES ('5efd16ef68f14966878aa04d1b4e0aa5', 0, '7b7d18c8ab22490c925e3a2461cc4f7d', 'custCodelist7Name', 'CUST_CODELIST7_NAME', 'NVARCHAR2(400)', 'N/A', 0, 'string-m', '', '', '', '', '', '', '', 0, NULL, 400, NULL, NULL, '', '', 'system', systimestamp, '73', 0, 'entity.custDestination.custCodelist7Name', '', '', '', '', '', '');
INSERT INTO CNT_FIELD_DEFINITION
 (ID, REVISION, PARENT_ID, FIELD_ID, COLUMN_NAME, COLUMN_TYPE, REPORT_COLUMN_NAME, PRODUCT_FIELD, FIELD_TYPE, ENTITY_LOOKUP, ENTITY_LOOKUP_KEY, ORDER_BY, GENERATOR, REFER_TABLE, KEY_COLUMN, LOOKUP_COLUMN, MANDATORY, MIN_LENGTH, MAX_LENGTH, MIN_VALUE, MAX_VALUE, CONSTANT_VALUE, UNIQUE_KEY, CREATE_USER, CREATED_ON, LINE_NO, MANAGED, FIELD_PATH, DATA_TYPE, DATA1, DATA2, TRANSITIVE_FIELDS, FORMULA, ENTITY_LOOKUP_TYPE)
VALUES ('6ae0228c76cf4236b32844328ffad9da', 0, '7b7d18c8ab22490c925e3a2461cc4f7d', 'custHcl1Ref', 'CUST_HCL1_REF', 'NVARCHAR2(1000)', 'N/A', 0, 'string-l', '', '', '', '', '', '', '', 0, NULL, 1000, NULL, NULL, '', '', 'system', systimestamp, '74', 0, 'entity.custDestination.custHcl1Ref', '', '', '', '', '', '');
INSERT INTO CNT_FIELD_DEFINITION
 (ID, REVISION, PARENT_ID, FIELD_ID, COLUMN_NAME, COLUMN_TYPE, REPORT_COLUMN_NAME, PRODUCT_FIELD, FIELD_TYPE, ENTITY_LOOKUP, ENTITY_LOOKUP_KEY, ORDER_BY, GENERATOR, REFER_TABLE, KEY_COLUMN, LOOKUP_COLUMN, MANDATORY, MIN_LENGTH, MAX_LENGTH, MIN_VALUE, MAX_VALUE, CONSTANT_VALUE, UNIQUE_KEY, CREATE_USER, CREATED_ON, LINE_NO, MANAGED, FIELD_PATH, DATA_TYPE, DATA1, DATA2, TRANSITIVE_FIELDS, FORMULA, ENTITY_LOOKUP_TYPE)
VALUES ('6df3566d6e2140f1947c5c4b1c0f51bf', 0, '7b7d18c8ab22490c925e3a2461cc4f7d', 'custHcl1Ver', 'CUST_HCL1_VER', 'NUMBER(20, 0)', 'N/A', 0, 'integer', '', '', '', '', '', '', '', 0, NULL, 18, NULL, NULL, '', '', 'system', systimestamp, '75', 0, 'entity.custDestination.custHcl1Ver', '', '', '', '', '', '');
INSERT INTO CNT_FIELD_DEFINITION
 (ID, REVISION, PARENT_ID, FIELD_ID, COLUMN_NAME, COLUMN_TYPE, REPORT_COLUMN_NAME, PRODUCT_FIELD, FIELD_TYPE, ENTITY_LOOKUP, ENTITY_LOOKUP_KEY, ORDER_BY, GENERATOR, REFER_TABLE, KEY_COLUMN, LOOKUP_COLUMN, MANDATORY, MIN_LENGTH, MAX_LENGTH, MIN_VALUE, MAX_VALUE, CONSTANT_VALUE, UNIQUE_KEY, CREATE_USER, CREATED_ON, LINE_NO, MANAGED, FIELD_PATH, DATA_TYPE, DATA1, DATA2, TRANSITIVE_FIELDS, FORMULA, ENTITY_LOOKUP_TYPE)
VALUES ('72be53e7fdd841b786e807b90477e169', 0, '7b7d18c8ab22490c925e3a2461cc4f7d', 'custHcl1Ref2', 'CUST_HCL1_REF2', 'NVARCHAR2(1000)', 'N/A', 0, 'string-l', '', '', '', '', '', '', '', 0, NULL, 1000, NULL, NULL, '', '', 'system', systimestamp, '76', 0, 'entity.custDestination.custHcl1Ref2', '', '', '', '', '', '');
INSERT INTO CNT_FIELD_DEFINITION
 (ID, REVISION, PARENT_ID, FIELD_ID, COLUMN_NAME, COLUMN_TYPE, REPORT_COLUMN_NAME, PRODUCT_FIELD, FIELD_TYPE, ENTITY_LOOKUP, ENTITY_LOOKUP_KEY, ORDER_BY, GENERATOR, REFER_TABLE, KEY_COLUMN, LOOKUP_COLUMN, MANDATORY, MIN_LENGTH, MAX_LENGTH, MIN_VALUE, MAX_VALUE, CONSTANT_VALUE, UNIQUE_KEY, CREATE_USER, CREATED_ON, LINE_NO, MANAGED, FIELD_PATH, DATA_TYPE, DATA1, DATA2, TRANSITIVE_FIELDS, FORMULA, ENTITY_LOOKUP_TYPE)
VALUES ('ddfbdd57ca754dd0a18a5df8ba840307', 0, '7b7d18c8ab22490c925e3a2461cc4f7d', 'custHcl1FullLineage', 'CUST_HCL1_FULL_LINEAGE', 'NVARCHAR2(1000)', 'N/A', 0, 'string-l', '', '', '', '', '', '', '', 0, NULL, 1000, NULL, NULL, '', '', 'system', systimestamp, '77', 0, 'entity.custDestination.custHcl1FullLineage', '', '', '', '', '', '');
INSERT INTO CNT_FIELD_DEFINITION
 (ID, REVISION, PARENT_ID, FIELD_ID, COLUMN_NAME, COLUMN_TYPE, REPORT_COLUMN_NAME, PRODUCT_FIELD, FIELD_TYPE, ENTITY_LOOKUP, ENTITY_LOOKUP_KEY, ORDER_BY, GENERATOR, REFER_TABLE, KEY_COLUMN, LOOKUP_COLUMN, MANDATORY, MIN_LENGTH, MAX_LENGTH, MIN_VALUE, MAX_VALUE, CONSTANT_VALUE, UNIQUE_KEY, CREATE_USER, CREATED_ON, LINE_NO, MANAGED, FIELD_PATH, DATA_TYPE, DATA1, DATA2, TRANSITIVE_FIELDS, FORMULA, ENTITY_LOOKUP_TYPE)
VALUES ('9453360b795f4aceabb39e594efde62d', 0, '7b7d18c8ab22490c925e3a2461cc4f7d', 'custHcl2Ref', 'CUST_HCL2_REF', 'NVARCHAR2(1000)', 'N/A', 0, 'string-l', '', '', '', '', '', '', '', 0, NULL, 1000, NULL, NULL, '', '', 'system', systimestamp, '78', 0, 'entity.custDestination.custHcl2Ref', '', '', '', '', '', '');
INSERT INTO CNT_FIELD_DEFINITION
 (ID, REVISION, PARENT_ID, FIELD_ID, COLUMN_NAME, COLUMN_TYPE, REPORT_COLUMN_NAME, PRODUCT_FIELD, FIELD_TYPE, ENTITY_LOOKUP, ENTITY_LOOKUP_KEY, ORDER_BY, GENERATOR, REFER_TABLE, KEY_COLUMN, LOOKUP_COLUMN, MANDATORY, MIN_LENGTH, MAX_LENGTH, MIN_VALUE, MAX_VALUE, CONSTANT_VALUE, UNIQUE_KEY, CREATE_USER, CREATED_ON, LINE_NO, MANAGED, FIELD_PATH, DATA_TYPE, DATA1, DATA2, TRANSITIVE_FIELDS, FORMULA, ENTITY_LOOKUP_TYPE)
VALUES ('5485ffa0527448d59d3eda270160bf4c', 0, '7b7d18c8ab22490c925e3a2461cc4f7d', 'custHcl2Ver', 'CUST_HCL2_VER', 'NUMBER(20, 0)', 'N/A', 0, 'integer', '', '', '', '', '', '', '', 0, NULL, 18, NULL, NULL, '', '', 'system', systimestamp, '79', 0, 'entity.custDestination.custHcl2Ver', '', '', '', '', '', '');
INSERT INTO CNT_FIELD_DEFINITION
 (ID, REVISION, PARENT_ID, FIELD_ID, COLUMN_NAME, COLUMN_TYPE, REPORT_COLUMN_NAME, PRODUCT_FIELD, FIELD_TYPE, ENTITY_LOOKUP, ENTITY_LOOKUP_KEY, ORDER_BY, GENERATOR, REFER_TABLE, KEY_COLUMN, LOOKUP_COLUMN, MANDATORY, MIN_LENGTH, MAX_LENGTH, MIN_VALUE, MAX_VALUE, CONSTANT_VALUE, UNIQUE_KEY, CREATE_USER, CREATED_ON, LINE_NO, MANAGED, FIELD_PATH, DATA_TYPE, DATA1, DATA2, TRANSITIVE_FIELDS, FORMULA, ENTITY_LOOKUP_TYPE)
VALUES ('9a61e72bfcfc41f0ba60cd5d03824bf2', 0, '7b7d18c8ab22490c925e3a2461cc4f7d', 'custHcl2Ref2', 'CUST_HCL2_REF2', 'NVARCHAR2(1000)', 'N/A', 0, 'string-l', '', '', '', '', '', '', '', 0, NULL, 1000, NULL, NULL, '', '', 'system', systimestamp, '80', 0, 'entity.custDestination.custHcl2Ref2', '', '', '', '', '', '');
INSERT INTO CNT_FIELD_DEFINITION
 (ID, REVISION, PARENT_ID, FIELD_ID, COLUMN_NAME, COLUMN_TYPE, REPORT_COLUMN_NAME, PRODUCT_FIELD, FIELD_TYPE, ENTITY_LOOKUP, ENTITY_LOOKUP_KEY, ORDER_BY, GENERATOR, REFER_TABLE, KEY_COLUMN, LOOKUP_COLUMN, MANDATORY, MIN_LENGTH, MAX_LENGTH, MIN_VALUE, MAX_VALUE, CONSTANT_VALUE, UNIQUE_KEY, CREATE_USER, CREATED_ON, LINE_NO, MANAGED, FIELD_PATH, DATA_TYPE, DATA1, DATA2, TRANSITIVE_FIELDS, FORMULA, ENTITY_LOOKUP_TYPE)
VALUES ('0719b00f369c4b42a8fbdcde9e26418d', 0, '7b7d18c8ab22490c925e3a2461cc4f7d', 'custHcl2FullLineage', 'CUST_HCL2_FULL_LINEAGE', 'NVARCHAR2(1000)', 'N/A', 0, 'string-l', '', '', '', '', '', '', '', 0, NULL, 1000, NULL, NULL, '', '', 'system', systimestamp, '81', 0, 'entity.custDestination.custHcl2FullLineage', '', '', '', '', '', '');
INSERT INTO CNT_FIELD_DEFINITION
 (ID, REVISION, PARENT_ID, FIELD_ID, COLUMN_NAME, COLUMN_TYPE, REPORT_COLUMN_NAME, PRODUCT_FIELD, FIELD_TYPE, ENTITY_LOOKUP, ENTITY_LOOKUP_KEY, ORDER_BY, GENERATOR, REFER_TABLE, KEY_COLUMN, LOOKUP_COLUMN, MANDATORY, MIN_LENGTH, MAX_LENGTH, MIN_VALUE, MAX_VALUE, CONSTANT_VALUE, UNIQUE_KEY, CREATE_USER, CREATED_ON, LINE_NO, MANAGED, FIELD_PATH, DATA_TYPE, DATA1, DATA2, TRANSITIVE_FIELDS, FORMULA, ENTITY_LOOKUP_TYPE)
VALUES ('cbd1b35b67404bfda873e6d649d65f98', 0, '7b7d18c8ab22490c925e3a2461cc4f7d', 'custHcl3Ref', 'CUST_HCL3_REF', 'NVARCHAR2(1000)', 'N/A', 0, 'string-l', '', '', '', '', '', '', '', 0, NULL, 1000, NULL, NULL, '', '', 'system', systimestamp, '82', 0, 'entity.custDestination.custHcl3Ref', '', '', '', '', '', '');
INSERT INTO CNT_FIELD_DEFINITION
 (ID, REVISION, PARENT_ID, FIELD_ID, COLUMN_NAME, COLUMN_TYPE, REPORT_COLUMN_NAME, PRODUCT_FIELD, FIELD_TYPE, ENTITY_LOOKUP, ENTITY_LOOKUP_KEY, ORDER_BY, GENERATOR, REFER_TABLE, KEY_COLUMN, LOOKUP_COLUMN, MANDATORY, MIN_LENGTH, MAX_LENGTH, MIN_VALUE, MAX_VALUE, CONSTANT_VALUE, UNIQUE_KEY, CREATE_USER, CREATED_ON, LINE_NO, MANAGED, FIELD_PATH, DATA_TYPE, DATA1, DATA2, TRANSITIVE_FIELDS, FORMULA, ENTITY_LOOKUP_TYPE)
VALUES ('9d9ee0a448934f6cb2a6ff2832df1c3d', 0, '7b7d18c8ab22490c925e3a2461cc4f7d', 'custHcl3Ver', 'CUST_HCL3_VER', 'NUMBER(20, 0)', 'N/A', 0, 'integer', '', '', '', '', '', '', '', 0, NULL, 18, NULL, NULL, '', '', 'system', systimestamp, '83', 0, 'entity.custDestination.custHcl3Ver', '', '', '', '', '', '');
INSERT INTO CNT_FIELD_DEFINITION
 (ID, REVISION, PARENT_ID, FIELD_ID, COLUMN_NAME, COLUMN_TYPE, REPORT_COLUMN_NAME, PRODUCT_FIELD, FIELD_TYPE, ENTITY_LOOKUP, ENTITY_LOOKUP_KEY, ORDER_BY, GENERATOR, REFER_TABLE, KEY_COLUMN, LOOKUP_COLUMN, MANDATORY, MIN_LENGTH, MAX_LENGTH, MIN_VALUE, MAX_VALUE, CONSTANT_VALUE, UNIQUE_KEY, CREATE_USER, CREATED_ON, LINE_NO, MANAGED, FIELD_PATH, DATA_TYPE, DATA1, DATA2, TRANSITIVE_FIELDS, FORMULA, ENTITY_LOOKUP_TYPE)
VALUES ('89f7efd00b2b4c49b19370cb7cca495a', 0, '7b7d18c8ab22490c925e3a2461cc4f7d', 'custHcl3Ref2', 'CUST_HCL3_REF2', 'NVARCHAR2(1000)', 'N/A', 0, 'string-l', '', '', '', '', '', '', '', 0, NULL, 1000, NULL, NULL, '', '', 'system', systimestamp, '84', 0, 'entity.custDestination.custHcl3Ref2', '', '', '', '', '', '');
INSERT INTO CNT_FIELD_DEFINITION
 (ID, REVISION, PARENT_ID, FIELD_ID, COLUMN_NAME, COLUMN_TYPE, REPORT_COLUMN_NAME, PRODUCT_FIELD, FIELD_TYPE, ENTITY_LOOKUP, ENTITY_LOOKUP_KEY, ORDER_BY, GENERATOR, REFER_TABLE, KEY_COLUMN, LOOKUP_COLUMN, MANDATORY, MIN_LENGTH, MAX_LENGTH, MIN_VALUE, MAX_VALUE, CONSTANT_VALUE, UNIQUE_KEY, CREATE_USER, CREATED_ON, LINE_NO, MANAGED, FIELD_PATH, DATA_TYPE, DATA1, DATA2, TRANSITIVE_FIELDS, FORMULA, ENTITY_LOOKUP_TYPE)
VALUES ('810bdc96b06b4d57bccebe0f1c18e9c2', 0, '7b7d18c8ab22490c925e3a2461cc4f7d', 'custHcl3FullLineage', 'CUST_HCL3_FULL_LINEAGE', 'NVARCHAR2(1000)', 'N/A', 0, 'string-l', '', '', '', '', '', '', '', 0, NULL, 1000, NULL, NULL, '', '', 'system', systimestamp, '85', 0, 'entity.custDestination.custHcl3FullLineage', '', '', '', '', '', '');
INSERT INTO CNT_FIELD_DEFINITION
 (ID, REVISION, PARENT_ID, FIELD_ID, COLUMN_NAME, COLUMN_TYPE, REPORT_COLUMN_NAME, PRODUCT_FIELD, FIELD_TYPE, ENTITY_LOOKUP, ENTITY_LOOKUP_KEY, ORDER_BY, GENERATOR, REFER_TABLE, KEY_COLUMN, LOOKUP_COLUMN, MANDATORY, MIN_LENGTH, MAX_LENGTH, MIN_VALUE, MAX_VALUE, CONSTANT_VALUE, UNIQUE_KEY, CREATE_USER, CREATED_ON, LINE_NO, MANAGED, FIELD_PATH, DATA_TYPE, DATA1, DATA2, TRANSITIVE_FIELDS, FORMULA, ENTITY_LOOKUP_TYPE)
VALUES ('b902046dfa774373a5cead96b0a2192d', 0, '7b7d18c8ab22490c925e3a2461cc4f7d', 'custHcl4Ref', 'CUST_HCL4_REF', 'NVARCHAR2(1000)', 'N/A', 0, 'string-l', '', '', '', '', '', '', '', 0, NULL, 1000, NULL, NULL, '', '', 'system', systimestamp, '86', 0, 'entity.custDestination.custHcl4Ref', '', '', '', '', '', '');
INSERT INTO CNT_FIELD_DEFINITION
 (ID, REVISION, PARENT_ID, FIELD_ID, COLUMN_NAME, COLUMN_TYPE, REPORT_COLUMN_NAME, PRODUCT_FIELD, FIELD_TYPE, ENTITY_LOOKUP, ENTITY_LOOKUP_KEY, ORDER_BY, GENERATOR, REFER_TABLE, KEY_COLUMN, LOOKUP_COLUMN, MANDATORY, MIN_LENGTH, MAX_LENGTH, MIN_VALUE, MAX_VALUE, CONSTANT_VALUE, UNIQUE_KEY, CREATE_USER, CREATED_ON, LINE_NO, MANAGED, FIELD_PATH, DATA_TYPE, DATA1, DATA2, TRANSITIVE_FIELDS, FORMULA, ENTITY_LOOKUP_TYPE)
VALUES ('99cc78175f0640eb895629245dc5ca5d', 0, '7b7d18c8ab22490c925e3a2461cc4f7d', 'custHcl4Ver', 'CUST_HCL4_VER', 'NUMBER(20, 0)', 'N/A', 0, 'integer', '', '', '', '', '', '', '', 0, NULL, 18, NULL, NULL, '', '', 'system', systimestamp, '87', 0, 'entity.custDestination.custHcl4Ver', '', '', '', '', '', '');
INSERT INTO CNT_FIELD_DEFINITION
 (ID, REVISION, PARENT_ID, FIELD_ID, COLUMN_NAME, COLUMN_TYPE, REPORT_COLUMN_NAME, PRODUCT_FIELD, FIELD_TYPE, ENTITY_LOOKUP, ENTITY_LOOKUP_KEY, ORDER_BY, GENERATOR, REFER_TABLE, KEY_COLUMN, LOOKUP_COLUMN, MANDATORY, MIN_LENGTH, MAX_LENGTH, MIN_VALUE, MAX_VALUE, CONSTANT_VALUE, UNIQUE_KEY, CREATE_USER, CREATED_ON, LINE_NO, MANAGED, FIELD_PATH, DATA_TYPE, DATA1, DATA2, TRANSITIVE_FIELDS, FORMULA, ENTITY_LOOKUP_TYPE)
VALUES ('8af557569ffc4ea68a9318b17f2879c1', 0, '7b7d18c8ab22490c925e3a2461cc4f7d', 'custHcl4Ref2', 'CUST_HCL4_REF2', 'NVARCHAR2(1000)', 'N/A', 0, 'string-l', '', '', '', '', '', '', '', 0, NULL, 1000, NULL, NULL, '', '', 'system', systimestamp, '88', 0, 'entity.custDestination.custHcl4Ref2', '', '', '', '', '', '');
INSERT INTO CNT_FIELD_DEFINITION
 (ID, REVISION, PARENT_ID, FIELD_ID, COLUMN_NAME, COLUMN_TYPE, REPORT_COLUMN_NAME, PRODUCT_FIELD, FIELD_TYPE, ENTITY_LOOKUP, ENTITY_LOOKUP_KEY, ORDER_BY, GENERATOR, REFER_TABLE, KEY_COLUMN, LOOKUP_COLUMN, MANDATORY, MIN_LENGTH, MAX_LENGTH, MIN_VALUE, MAX_VALUE, CONSTANT_VALUE, UNIQUE_KEY, CREATE_USER, CREATED_ON, LINE_NO, MANAGED, FIELD_PATH, DATA_TYPE, DATA1, DATA2, TRANSITIVE_FIELDS, FORMULA, ENTITY_LOOKUP_TYPE)
VALUES ('159fbb286334457ca173c21f03157937', 0, '7b7d18c8ab22490c925e3a2461cc4f7d', 'custHcl4FullLineage', 'CUST_HCL4_FULL_LINEAGE', 'NVARCHAR2(1000)', 'N/A', 0, 'string-l', '', '', '', '', '', '', '', 0, NULL, 1000, NULL, NULL, '', '', 'system', systimestamp, '89', 0, 'entity.custDestination.custHcl4FullLineage', '', '', '', '', '', '');
INSERT INTO CNT_FIELD_DEFINITION
 (ID, REVISION, PARENT_ID, FIELD_ID, COLUMN_NAME, COLUMN_TYPE, REPORT_COLUMN_NAME, PRODUCT_FIELD, FIELD_TYPE, ENTITY_LOOKUP, ENTITY_LOOKUP_KEY, ORDER_BY, GENERATOR, REFER_TABLE, KEY_COLUMN, LOOKUP_COLUMN, MANDATORY, MIN_LENGTH, MAX_LENGTH, MIN_VALUE, MAX_VALUE, CONSTANT_VALUE, UNIQUE_KEY, CREATE_USER, CREATED_ON, LINE_NO, MANAGED, FIELD_PATH, DATA_TYPE, DATA1, DATA2, TRANSITIVE_FIELDS, FORMULA, ENTITY_LOOKUP_TYPE)
VALUES ('1f65bd28a88f4f41926e24859118b3b1', 0, '7b7d18c8ab22490c925e3a2461cc4f7d', 'custHcl5Ref', 'CUST_HCL5_REF', 'NVARCHAR2(1000)', 'N/A', 0, 'string-l', '', '', '', '', '', '', '', 0, NULL, 1000, NULL, NULL, '', '', 'system', systimestamp, '90', 0, 'entity.custDestination.custHcl5Ref', '', '', '', '', '', '');
INSERT INTO CNT_FIELD_DEFINITION
 (ID, REVISION, PARENT_ID, FIELD_ID, COLUMN_NAME, COLUMN_TYPE, REPORT_COLUMN_NAME, PRODUCT_FIELD, FIELD_TYPE, ENTITY_LOOKUP, ENTITY_LOOKUP_KEY, ORDER_BY, GENERATOR, REFER_TABLE, KEY_COLUMN, LOOKUP_COLUMN, MANDATORY, MIN_LENGTH, MAX_LENGTH, MIN_VALUE, MAX_VALUE, CONSTANT_VALUE, UNIQUE_KEY, CREATE_USER, CREATED_ON, LINE_NO, MANAGED, FIELD_PATH, DATA_TYPE, DATA1, DATA2, TRANSITIVE_FIELDS, FORMULA, ENTITY_LOOKUP_TYPE)
VALUES ('a3d1c34f3cfe428c85b9d312bd89d6f2', 0, '7b7d18c8ab22490c925e3a2461cc4f7d', 'custHcl5Ver', 'CUST_HCL5_VER', 'NUMBER(20, 0)', 'N/A', 0, 'integer', '', '', '', '', '', '', '', 0, NULL, 18, NULL, NULL, '', '', 'system', systimestamp, '91', 0, 'entity.custDestination.custHcl5Ver', '', '', '', '', '', '');
INSERT INTO CNT_FIELD_DEFINITION
 (ID, REVISION, PARENT_ID, FIELD_ID, COLUMN_NAME, COLUMN_TYPE, REPORT_COLUMN_NAME, PRODUCT_FIELD, FIELD_TYPE, ENTITY_LOOKUP, ENTITY_LOOKUP_KEY, ORDER_BY, GENERATOR, REFER_TABLE, KEY_COLUMN, LOOKUP_COLUMN, MANDATORY, MIN_LENGTH, MAX_LENGTH, MIN_VALUE, MAX_VALUE, CONSTANT_VALUE, UNIQUE_KEY, CREATE_USER, CREATED_ON, LINE_NO, MANAGED, FIELD_PATH, DATA_TYPE, DATA1, DATA2, TRANSITIVE_FIELDS, FORMULA, ENTITY_LOOKUP_TYPE)
VALUES ('3f4b31b84a294a78aeca65feb495a43d', 0, '7b7d18c8ab22490c925e3a2461cc4f7d', 'custHcl5Ref2', 'CUST_HCL5_REF2', 'NVARCHAR2(1000)', 'N/A', 0, 'string-l', '', '', '', '', '', '', '', 0, NULL, 1000, NULL, NULL, '', '', 'system', systimestamp, '92', 0, 'entity.custDestination.custHcl5Ref2', '', '', '', '', '', '');
INSERT INTO CNT_FIELD_DEFINITION
 (ID, REVISION, PARENT_ID, FIELD_ID, COLUMN_NAME, COLUMN_TYPE, REPORT_COLUMN_NAME, PRODUCT_FIELD, FIELD_TYPE, ENTITY_LOOKUP, ENTITY_LOOKUP_KEY, ORDER_BY, GENERATOR, REFER_TABLE, KEY_COLUMN, LOOKUP_COLUMN, MANDATORY, MIN_LENGTH, MAX_LENGTH, MIN_VALUE, MAX_VALUE, CONSTANT_VALUE, UNIQUE_KEY, CREATE_USER, CREATED_ON, LINE_NO, MANAGED, FIELD_PATH, DATA_TYPE, DATA1, DATA2, TRANSITIVE_FIELDS, FORMULA, ENTITY_LOOKUP_TYPE)
VALUES ('fd6aff7b226e454b80263f2bc8afe91d', 0, '7b7d18c8ab22490c925e3a2461cc4f7d', 'custHcl5FullLineage', 'CUST_HCL5_FULL_LINEAGE', 'NVARCHAR2(1000)', 'N/A', 0, 'string-l', '', '', '', '', '', '', '', 0, NULL, 1000, NULL, NULL, '', '', 'system', systimestamp, '93', 0, 'entity.custDestination.custHcl5FullLineage', '', '', '', '', '', '');
INSERT INTO CNT_ENTITY_DEFINITION
 (ID, REVISION, ENTITY_NAME, ENTITY_VERSION, PRODUCT_TABLE_NAME, CUSTOM_TABLE_NAME, REPORT_TABLE_NAME, MODULE, TYPE, REVISION_TRACKING, VERSION_TRACKING, HISTORY_ENTITY_NAME, REF_PATTERN, SYSTEM_ENTITY, CREATE_USER, CREATED_ON, IS_FOR_EXTERNAL)
VALUES ('073410639e0f4278a78927ce8df188d5', 0, 'CustHc', 1, 'CNT_CUST_HC', 'CTM_CUST', 'N/A', 'cust', 'inner', 'ALL', 'ALL', '', '${hclFullLineage}', 0, 'system', systimestamp, 0);
INSERT INTO CNT_FIELD_DEFINITION
 (ID, REVISION, PARENT_ID, FIELD_ID, COLUMN_NAME, COLUMN_TYPE, REPORT_COLUMN_NAME, PRODUCT_FIELD, FIELD_TYPE, ENTITY_LOOKUP, ENTITY_LOOKUP_KEY, ORDER_BY, GENERATOR, REFER_TABLE, KEY_COLUMN, LOOKUP_COLUMN, MANDATORY, MIN_LENGTH, MAX_LENGTH, MIN_VALUE, MAX_VALUE, CONSTANT_VALUE, UNIQUE_KEY, CREATE_USER, CREATED_ON, LINE_NO, MANAGED, FIELD_PATH, DATA_TYPE, DATA1, DATA2, TRANSITIVE_FIELDS, FORMULA, ENTITY_LOOKUP_TYPE)
VALUES ('fa8f56eb4bcb4da9881600f56502101f', 0, '073410639e0f4278a78927ce8df188d5', 'id', 'ID', 'CHAR(32)', '', 1, 'id', '', '', '', 'com.core.cbx.data.generator.UUIDGenerator', '', '', '', 0, 32, 32, NULL, NULL, '', '', 'system', systimestamp, '0', 0, 'entity.custHc.id', '', '', '', '', '', '');
INSERT INTO CNT_FIELD_DEFINITION
 (ID, REVISION, PARENT_ID, FIELD_ID, COLUMN_NAME, COLUMN_TYPE, REPORT_COLUMN_NAME, PRODUCT_FIELD, FIELD_TYPE, ENTITY_LOOKUP, ENTITY_LOOKUP_KEY, ORDER_BY, GENERATOR, REFER_TABLE, KEY_COLUMN, LOOKUP_COLUMN, MANDATORY, MIN_LENGTH, MAX_LENGTH, MIN_VALUE, MAX_VALUE, CONSTANT_VALUE, UNIQUE_KEY, CREATE_USER, CREATED_ON, LINE_NO, MANAGED, FIELD_PATH, DATA_TYPE, DATA1, DATA2, TRANSITIVE_FIELDS, FORMULA, ENTITY_LOOKUP_TYPE)
VALUES ('ae49fb7c5de7474cae0689e8412766b1', 0, '073410639e0f4278a78927ce8df188d5', 'revision', 'REVISION', 'NUMBER(20, 0)', '', 1, 'integer', '', '', '', '', '', '', '', 0, NULL, 18, NULL, NULL, '', '', 'system', systimestamp, '1', 0, 'entity.custHc.revision', '', '', '', '', '', '');
INSERT INTO CNT_FIELD_DEFINITION
 (ID, REVISION, PARENT_ID, FIELD_ID, COLUMN_NAME, COLUMN_TYPE, REPORT_COLUMN_NAME, PRODUCT_FIELD, FIELD_TYPE, ENTITY_LOOKUP, ENTITY_LOOKUP_KEY, ORDER_BY, GENERATOR, REFER_TABLE, KEY_COLUMN, LOOKUP_COLUMN, MANDATORY, MIN_LENGTH, MAX_LENGTH, MIN_VALUE, MAX_VALUE, CONSTANT_VALUE, UNIQUE_KEY, CREATE_USER, CREATED_ON, LINE_NO, MANAGED, FIELD_PATH, DATA_TYPE, DATA1, DATA2, TRANSITIVE_FIELDS, FORMULA, ENTITY_LOOKUP_TYPE)
VALUES ('70a4e4e807ab4367982bfcd173cf7a8e', 0, '073410639e0f4278a78927ce8df188d5', 'entityVersion', 'ENTITY_VERSION', 'NUMBER(20, 0)', '', 1, 'integer', '', '', '', '', '', '', '', 0, NULL, 18, NULL, NULL, '', '', 'system', systimestamp, '2', 0, 'entity.custHc.entityVersion', '', '', '', '', '', '');
INSERT INTO CNT_FIELD_DEFINITION
 (ID, REVISION, PARENT_ID, FIELD_ID, COLUMN_NAME, COLUMN_TYPE, REPORT_COLUMN_NAME, PRODUCT_FIELD, FIELD_TYPE, ENTITY_LOOKUP, ENTITY_LOOKUP_KEY, ORDER_BY, GENERATOR, REFER_TABLE, KEY_COLUMN, LOOKUP_COLUMN, MANDATORY, MIN_LENGTH, MAX_LENGTH, MIN_VALUE, MAX_VALUE, CONSTANT_VALUE, UNIQUE_KEY, CREATE_USER, CREATED_ON, LINE_NO, MANAGED, FIELD_PATH, DATA_TYPE, DATA1, DATA2, TRANSITIVE_FIELDS, FORMULA, ENTITY_LOOKUP_TYPE)
VALUES ('c6cbe581e87448488f80668301113a71', 0, '073410639e0f4278a78927ce8df188d5', 'domainId', 'DOMAIN_ID', 'NVARCHAR2(400)', '', 1, 'string-m', '', '', '', '', '', '', '', 0, NULL, 400, NULL, NULL, '', '', 'system', systimestamp, '3', 0, 'entity.custHc.domainId', '', '', '', '', '', '');
INSERT INTO CNT_FIELD_DEFINITION
 (ID, REVISION, PARENT_ID, FIELD_ID, COLUMN_NAME, COLUMN_TYPE, REPORT_COLUMN_NAME, PRODUCT_FIELD, FIELD_TYPE, ENTITY_LOOKUP, ENTITY_LOOKUP_KEY, ORDER_BY, GENERATOR, REFER_TABLE, KEY_COLUMN, LOOKUP_COLUMN, MANDATORY, MIN_LENGTH, MAX_LENGTH, MIN_VALUE, MAX_VALUE, CONSTANT_VALUE, UNIQUE_KEY, CREATE_USER, CREATED_ON, LINE_NO, MANAGED, FIELD_PATH, DATA_TYPE, DATA1, DATA2, TRANSITIVE_FIELDS, FORMULA, ENTITY_LOOKUP_TYPE)
VALUES ('009802354e7242a38febefb38b257e73', 0, '073410639e0f4278a78927ce8df188d5', 'hubDomainId', 'HUB_DOMAIN_ID', 'NVARCHAR2(400)', '', 1, 'string-m', '', '', '', '', '', '', '', 0, NULL, 400, NULL, NULL, '', '', 'system', systimestamp, '4', 0, 'entity.custHc.hubDomainId', '', '', '', '', '', '');
INSERT INTO CNT_FIELD_DEFINITION
 (ID, REVISION, PARENT_ID, FIELD_ID, COLUMN_NAME, COLUMN_TYPE, REPORT_COLUMN_NAME, PRODUCT_FIELD, FIELD_TYPE, ENTITY_LOOKUP, ENTITY_LOOKUP_KEY, ORDER_BY, GENERATOR, REFER_TABLE, KEY_COLUMN, LOOKUP_COLUMN, MANDATORY, MIN_LENGTH, MAX_LENGTH, MIN_VALUE, MAX_VALUE, CONSTANT_VALUE, UNIQUE_KEY, CREATE_USER, CREATED_ON, LINE_NO, MANAGED, FIELD_PATH, DATA_TYPE, DATA1, DATA2, TRANSITIVE_FIELDS, FORMULA, ENTITY_LOOKUP_TYPE)
VALUES ('18bbae7e332545fcbfc3d2c6e1209a5a', 0, '073410639e0f4278a78927ce8df188d5', 'isForReference', 'IS_FOR_REFERENCE', 'NUMBER(1,0)', '', 1, 'boolean', '', '', '', '', '', '', '', 0, NULL, NULL, NULL, NULL, '', '', 'system', systimestamp, '5', 0, 'entity.custHc.isForReference', '', '', '', '', '', '');
INSERT INTO CNT_FIELD_DEFINITION
 (ID, REVISION, PARENT_ID, FIELD_ID, COLUMN_NAME, COLUMN_TYPE, REPORT_COLUMN_NAME, PRODUCT_FIELD, FIELD_TYPE, ENTITY_LOOKUP, ENTITY_LOOKUP_KEY, ORDER_BY, GENERATOR, REFER_TABLE, KEY_COLUMN, LOOKUP_COLUMN, MANDATORY, MIN_LENGTH, MAX_LENGTH, MIN_VALUE, MAX_VALUE, CONSTANT_VALUE, UNIQUE_KEY, CREATE_USER, CREATED_ON, LINE_NO, MANAGED, FIELD_PATH, DATA_TYPE, DATA1, DATA2, TRANSITIVE_FIELDS, FORMULA, ENTITY_LOOKUP_TYPE)
VALUES ('8f8aa8e41b2a457bb7004fbb0f2c671d', 0, '073410639e0f4278a78927ce8df188d5', 'internalSeqNo', 'INTERNAL_SEQ_NO', 'NUMBER(20, 0)', 'n/a', 1, 'integer', '', '', '', '', '', '', '', 0, NULL, 18, NULL, NULL, '', '', 'system', systimestamp, '6', 0, 'entity.custHc.internalSeqNo', '', '', '', '', '', '');
INSERT INTO CNT_FIELD_DEFINITION
 (ID, REVISION, PARENT_ID, FIELD_ID, COLUMN_NAME, COLUMN_TYPE, REPORT_COLUMN_NAME, PRODUCT_FIELD, FIELD_TYPE, ENTITY_LOOKUP, ENTITY_LOOKUP_KEY, ORDER_BY, GENERATOR, REFER_TABLE, KEY_COLUMN, LOOKUP_COLUMN, MANDATORY, MIN_LENGTH, MAX_LENGTH, MIN_VALUE, MAX_VALUE, CONSTANT_VALUE, UNIQUE_KEY, CREATE_USER, CREATED_ON, LINE_NO, MANAGED, FIELD_PATH, DATA_TYPE, DATA1, DATA2, TRANSITIVE_FIELDS, FORMULA, ENTITY_LOOKUP_TYPE)
VALUES ('457d01d8d424429ea5120889eba91823', 0, '073410639e0f4278a78927ce8df188d5', 'custId', 'CUST_ID', 'CHAR(32)', '', 1, 'id', '', '', '', '', '', '', '', 1, 32, 32, NULL, NULL, '', '', 'system', systimestamp, '7', 0, 'entity.custHc.custId', '', '', '', '', '', '');
INSERT INTO CNT_FIELD_DEFINITION
 (ID, REVISION, PARENT_ID, FIELD_ID, COLUMN_NAME, COLUMN_TYPE, REPORT_COLUMN_NAME, PRODUCT_FIELD, FIELD_TYPE, ENTITY_LOOKUP, ENTITY_LOOKUP_KEY, ORDER_BY, GENERATOR, REFER_TABLE, KEY_COLUMN, LOOKUP_COLUMN, MANDATORY, MIN_LENGTH, MAX_LENGTH, MIN_VALUE, MAX_VALUE, CONSTANT_VALUE, UNIQUE_KEY, CREATE_USER, CREATED_ON, LINE_NO, MANAGED, FIELD_PATH, DATA_TYPE, DATA1, DATA2, TRANSITIVE_FIELDS, FORMULA, ENTITY_LOOKUP_TYPE)
VALUES ('fa47650b73db473089d65e3ebba35bb9', 0, '073410639e0f4278a78927ce8df188d5', 'hclTypeName', 'HCL_TYPE_NAME', 'NVARCHAR2(400)', '', 1, 'string-m', '', '', '', '', '', '', '', 0, NULL, 400, NULL, NULL, '', '', 'system', systimestamp, '8', 0, 'entity.custHc.hclTypeName', '', '', '', '', '', '');
INSERT INTO CNT_FIELD_DEFINITION
 (ID, REVISION, PARENT_ID, FIELD_ID, COLUMN_NAME, COLUMN_TYPE, REPORT_COLUMN_NAME, PRODUCT_FIELD, FIELD_TYPE, ENTITY_LOOKUP, ENTITY_LOOKUP_KEY, ORDER_BY, GENERATOR, REFER_TABLE, KEY_COLUMN, LOOKUP_COLUMN, MANDATORY, MIN_LENGTH, MAX_LENGTH, MIN_VALUE, MAX_VALUE, CONSTANT_VALUE, UNIQUE_KEY, CREATE_USER, CREATED_ON, LINE_NO, MANAGED, FIELD_PATH, DATA_TYPE, DATA1, DATA2, TRANSITIVE_FIELDS, FORMULA, ENTITY_LOOKUP_TYPE)
VALUES ('982461856e854f86a17a9cb655b411e8', 0, '073410639e0f4278a78927ce8df188d5', 'hclLevelName', 'HCL_LEVEL_NAME', 'NVARCHAR2(400)', '', 1, 'string-m', '', '', '', '', '', '', '', 0, NULL, 400, NULL, NULL, '', '', 'system', systimestamp, '9', 0, 'entity.custHc.hclLevelName', '', '', '', '', '', '');
INSERT INTO CNT_FIELD_DEFINITION
 (ID, REVISION, PARENT_ID, FIELD_ID, COLUMN_NAME, COLUMN_TYPE, REPORT_COLUMN_NAME, PRODUCT_FIELD, FIELD_TYPE, ENTITY_LOOKUP, ENTITY_LOOKUP_KEY, ORDER_BY, GENERATOR, REFER_TABLE, KEY_COLUMN, LOOKUP_COLUMN, MANDATORY, MIN_LENGTH, MAX_LENGTH, MIN_VALUE, MAX_VALUE, CONSTANT_VALUE, UNIQUE_KEY, CREATE_USER, CREATED_ON, LINE_NO, MANAGED, FIELD_PATH, DATA_TYPE, DATA1, DATA2, TRANSITIVE_FIELDS, FORMULA, ENTITY_LOOKUP_TYPE)
VALUES ('a093056aa9e441c48db0a2750d4b13c1', 0, '073410639e0f4278a78927ce8df188d5', 'hclNodeCode', 'HCL_NODE_CODE', 'NVARCHAR2(400)', '', 1, 'string-m', '', '', '', '', '', '', '', 0, NULL, 400, NULL, NULL, '', '', 'system', systimestamp, '10', 0, 'entity.custHc.hclNodeCode', '', '', '', '', '', '');
INSERT INTO CNT_FIELD_DEFINITION
 (ID, REVISION, PARENT_ID, FIELD_ID, COLUMN_NAME, COLUMN_TYPE, REPORT_COLUMN_NAME, PRODUCT_FIELD, FIELD_TYPE, ENTITY_LOOKUP, ENTITY_LOOKUP_KEY, ORDER_BY, GENERATOR, REFER_TABLE, KEY_COLUMN, LOOKUP_COLUMN, MANDATORY, MIN_LENGTH, MAX_LENGTH, MIN_VALUE, MAX_VALUE, CONSTANT_VALUE, UNIQUE_KEY, CREATE_USER, CREATED_ON, LINE_NO, MANAGED, FIELD_PATH, DATA_TYPE, DATA1, DATA2, TRANSITIVE_FIELDS, FORMULA, ENTITY_LOOKUP_TYPE)
VALUES ('a880dd6cec2c482596e436bcc954da72', 0, '073410639e0f4278a78927ce8df188d5', 'hclFullLineage', 'HCL_FULL_LINEAGE', 'NVARCHAR2(1000)', '', 1, 'string-l', '', '', '', '', '', '', '', 0, NULL, 1000, NULL, NULL, '', '', 'system', systimestamp, '11', 0, 'entity.custHc.hclFullLineage', '', '', '', '', 'refNo', '');
INSERT INTO CNT_FIELD_DEFINITION
 (ID, REVISION, PARENT_ID, FIELD_ID, COLUMN_NAME, COLUMN_TYPE, REPORT_COLUMN_NAME, PRODUCT_FIELD, FIELD_TYPE, ENTITY_LOOKUP, ENTITY_LOOKUP_KEY, ORDER_BY, GENERATOR, REFER_TABLE, KEY_COLUMN, LOOKUP_COLUMN, MANDATORY, MIN_LENGTH, MAX_LENGTH, MIN_VALUE, MAX_VALUE, CONSTANT_VALUE, UNIQUE_KEY, CREATE_USER, CREATED_ON, LINE_NO, MANAGED, FIELD_PATH, DATA_TYPE, DATA1, DATA2, TRANSITIVE_FIELDS, FORMULA, ENTITY_LOOKUP_TYPE)
VALUES ('ec10b13e85ea401e9e7ce2571577987e', 0, '073410639e0f4278a78927ce8df188d5', 'hclId', 'HCL_ID', 'CHAR(32)', '', 1, 'id', '', '', '', '', '', '', '', 0, 32, 32, NULL, NULL, '', '', 'system', systimestamp, '12', 0, 'entity.custHc.hclId', '', '', '', '', '', '');
INSERT INTO CNT_FIELD_DEFINITION
 (ID, REVISION, PARENT_ID, FIELD_ID, COLUMN_NAME, COLUMN_TYPE, REPORT_COLUMN_NAME, PRODUCT_FIELD, FIELD_TYPE, ENTITY_LOOKUP, ENTITY_LOOKUP_KEY, ORDER_BY, GENERATOR, REFER_TABLE, KEY_COLUMN, LOOKUP_COLUMN, MANDATORY, MIN_LENGTH, MAX_LENGTH, MIN_VALUE, MAX_VALUE, CONSTANT_VALUE, UNIQUE_KEY, CREATE_USER, CREATED_ON, LINE_NO, MANAGED, FIELD_PATH, DATA_TYPE, DATA1, DATA2, TRANSITIVE_FIELDS, FORMULA, ENTITY_LOOKUP_TYPE)
VALUES ('82409adc61794fc98afc50d93534f241', 0, '073410639e0f4278a78927ce8df188d5', 'hclNodeId', 'HCL_NODE_ID', 'CHAR(32)', '', 1, 'id', '', '', '', '', '', '', '', 0, 32, 32, NULL, NULL, '', '', 'system', systimestamp, '13', 0, 'entity.custHc.hclNodeId', '', '', '', '', '', '');
INSERT INTO CNT_FIELD_DEFINITION
 (ID, REVISION, PARENT_ID, FIELD_ID, COLUMN_NAME, COLUMN_TYPE, REPORT_COLUMN_NAME, PRODUCT_FIELD, FIELD_TYPE, ENTITY_LOOKUP, ENTITY_LOOKUP_KEY, ORDER_BY, GENERATOR, REFER_TABLE, KEY_COLUMN, LOOKUP_COLUMN, MANDATORY, MIN_LENGTH, MAX_LENGTH, MIN_VALUE, MAX_VALUE, CONSTANT_VALUE, UNIQUE_KEY, CREATE_USER, CREATED_ON, LINE_NO, MANAGED, FIELD_PATH, DATA_TYPE, DATA1, DATA2, TRANSITIVE_FIELDS, FORMULA, ENTITY_LOOKUP_TYPE)
VALUES ('9567faf4a7414379ab588cdce1063d05', 0, '073410639e0f4278a78927ce8df188d5', 'hclTypeId', 'HCL_TYPE_ID', 'CHAR(32)', '', 1, 'id', '', '', '', '', '', '', '', 0, 32, 32, NULL, NULL, '', '', 'system', systimestamp, '14', 0, 'entity.custHc.hclTypeId', '', '', '', '', '', '');
INSERT INTO CNT_FIELD_DEFINITION
 (ID, REVISION, PARENT_ID, FIELD_ID, COLUMN_NAME, COLUMN_TYPE, REPORT_COLUMN_NAME, PRODUCT_FIELD, FIELD_TYPE, ENTITY_LOOKUP, ENTITY_LOOKUP_KEY, ORDER_BY, GENERATOR, REFER_TABLE, KEY_COLUMN, LOOKUP_COLUMN, MANDATORY, MIN_LENGTH, MAX_LENGTH, MIN_VALUE, MAX_VALUE, CONSTANT_VALUE, UNIQUE_KEY, CREATE_USER, CREATED_ON, LINE_NO, MANAGED, FIELD_PATH, DATA_TYPE, DATA1, DATA2, TRANSITIVE_FIELDS, FORMULA, ENTITY_LOOKUP_TYPE)
VALUES ('b5048032cc824445ade9368f2ed66100', 0, '073410639e0f4278a78927ce8df188d5', 'hclTypeLevelId', 'HCL_TYPE_LEVEL_ID', 'CHAR(32)', '', 1, 'id', '', '', '', '', '', '', '', 0, 32, 32, NULL, NULL, '', '', 'system', systimestamp, '15', 0, 'entity.custHc.hclTypeLevelId', '', '', '', '', '', '');
INSERT INTO CNT_FIELD_DEFINITION
 (ID, REVISION, PARENT_ID, FIELD_ID, COLUMN_NAME, COLUMN_TYPE, REPORT_COLUMN_NAME, PRODUCT_FIELD, FIELD_TYPE, ENTITY_LOOKUP, ENTITY_LOOKUP_KEY, ORDER_BY, GENERATOR, REFER_TABLE, KEY_COLUMN, LOOKUP_COLUMN, MANDATORY, MIN_LENGTH, MAX_LENGTH, MIN_VALUE, MAX_VALUE, CONSTANT_VALUE, UNIQUE_KEY, CREATE_USER, CREATED_ON, LINE_NO, MANAGED, FIELD_PATH, DATA_TYPE, DATA1, DATA2, TRANSITIVE_FIELDS, FORMULA, ENTITY_LOOKUP_TYPE)
VALUES ('06b59a3f06714e1f9018fa810c969015', 0, '073410639e0f4278a78927ce8df188d5', 'percentageOfBusiness', 'PERCENTAGE_OF_BUSINESS', 'NUMBER(25, 5)', '', 1, 'decimal-rate', '', '', '', '', '', '', '', 0, NULL, 20, NULL, NULL, '', '', 'system', systimestamp, '16', 0, 'entity.custHc.percentageOfBusiness', '', '', '', '', '', '');
INSERT INTO CNT_FIELD_DEFINITION
 (ID, REVISION, PARENT_ID, FIELD_ID, COLUMN_NAME, COLUMN_TYPE, REPORT_COLUMN_NAME, PRODUCT_FIELD, FIELD_TYPE, ENTITY_LOOKUP, ENTITY_LOOKUP_KEY, ORDER_BY, GENERATOR, REFER_TABLE, KEY_COLUMN, LOOKUP_COLUMN, MANDATORY, MIN_LENGTH, MAX_LENGTH, MIN_VALUE, MAX_VALUE, CONSTANT_VALUE, UNIQUE_KEY, CREATE_USER, CREATED_ON, LINE_NO, MANAGED, FIELD_PATH, DATA_TYPE, DATA1, DATA2, TRANSITIVE_FIELDS, FORMULA, ENTITY_LOOKUP_TYPE)
VALUES ('c804196fb12e4809b2e6158447fbfea3', 0, '073410639e0f4278a78927ce8df188d5', 'refNo', 'REF_NO', 'NVARCHAR2(1000)', '', 1, 'string-l', '', '', '', '', '', '', '', 0, NULL, 1000, NULL, NULL, '', '', 'system', systimestamp, '17', 0, 'entity.custHc.refNo', '', '', '', '', '', '');
INSERT INTO CNT_FIELD_DEFINITION
 (ID, REVISION, PARENT_ID, FIELD_ID, COLUMN_NAME, COLUMN_TYPE, REPORT_COLUMN_NAME, PRODUCT_FIELD, FIELD_TYPE, ENTITY_LOOKUP, ENTITY_LOOKUP_KEY, ORDER_BY, GENERATOR, REFER_TABLE, KEY_COLUMN, LOOKUP_COLUMN, MANDATORY, MIN_LENGTH, MAX_LENGTH, MIN_VALUE, MAX_VALUE, CONSTANT_VALUE, UNIQUE_KEY, CREATE_USER, CREATED_ON, LINE_NO, MANAGED, FIELD_PATH, DATA_TYPE, DATA1, DATA2, TRANSITIVE_FIELDS, FORMULA, ENTITY_LOOKUP_TYPE)
VALUES ('b3e88d2bbfa24cc4889bad8ca6bab211', 0, '073410639e0f4278a78927ce8df188d5', 'custText1', 'CUST_TEXT1', 'NVARCHAR2(1000)', 'CUSTOM_FIELD_TEXT1', 0, 'string-l', '', '', '', '', '', '', '', 0, NULL, 1000, NULL, NULL, '', '', 'system', systimestamp, '18', 0, 'entity.custHc.custText1', '', '', '', '', '', '');
INSERT INTO CNT_FIELD_DEFINITION
 (ID, REVISION, PARENT_ID, FIELD_ID, COLUMN_NAME, COLUMN_TYPE, REPORT_COLUMN_NAME, PRODUCT_FIELD, FIELD_TYPE, ENTITY_LOOKUP, ENTITY_LOOKUP_KEY, ORDER_BY, GENERATOR, REFER_TABLE, KEY_COLUMN, LOOKUP_COLUMN, MANDATORY, MIN_LENGTH, MAX_LENGTH, MIN_VALUE, MAX_VALUE, CONSTANT_VALUE, UNIQUE_KEY, CREATE_USER, CREATED_ON, LINE_NO, MANAGED, FIELD_PATH, DATA_TYPE, DATA1, DATA2, TRANSITIVE_FIELDS, FORMULA, ENTITY_LOOKUP_TYPE)
VALUES ('c58463c8a3eb4897bad2b1293d05232e', 0, '073410639e0f4278a78927ce8df188d5', 'custText2', 'CUST_TEXT2', 'NVARCHAR2(1000)', 'CUSTOM_FIELD_TEXT2', 0, 'string-l', '', '', '', '', '', '', '', 0, NULL, 1000, NULL, NULL, '', '', 'system', systimestamp, '19', 0, 'entity.custHc.custText2', '', '', '', '', '', '');
INSERT INTO CNT_FIELD_DEFINITION
 (ID, REVISION, PARENT_ID, FIELD_ID, COLUMN_NAME, COLUMN_TYPE, REPORT_COLUMN_NAME, PRODUCT_FIELD, FIELD_TYPE, ENTITY_LOOKUP, ENTITY_LOOKUP_KEY, ORDER_BY, GENERATOR, REFER_TABLE, KEY_COLUMN, LOOKUP_COLUMN, MANDATORY, MIN_LENGTH, MAX_LENGTH, MIN_VALUE, MAX_VALUE, CONSTANT_VALUE, UNIQUE_KEY, CREATE_USER, CREATED_ON, LINE_NO, MANAGED, FIELD_PATH, DATA_TYPE, DATA1, DATA2, TRANSITIVE_FIELDS, FORMULA, ENTITY_LOOKUP_TYPE)
VALUES ('985b07f69681435292fee760a08216ed', 0, '073410639e0f4278a78927ce8df188d5', 'custText3', 'CUST_TEXT3', 'NVARCHAR2(1000)', 'CUSTOM_FIELD_TEXT3', 0, 'string-l', '', '', '', '', '', '', '', 0, NULL, 1000, NULL, NULL, '', '', 'system', systimestamp, '20', 0, 'entity.custHc.custText3', '', '', '', '', '', '');
INSERT INTO CNT_FIELD_DEFINITION
 (ID, REVISION, PARENT_ID, FIELD_ID, COLUMN_NAME, COLUMN_TYPE, REPORT_COLUMN_NAME, PRODUCT_FIELD, FIELD_TYPE, ENTITY_LOOKUP, ENTITY_LOOKUP_KEY, ORDER_BY, GENERATOR, REFER_TABLE, KEY_COLUMN, LOOKUP_COLUMN, MANDATORY, MIN_LENGTH, MAX_LENGTH, MIN_VALUE, MAX_VALUE, CONSTANT_VALUE, UNIQUE_KEY, CREATE_USER, CREATED_ON, LINE_NO, MANAGED, FIELD_PATH, DATA_TYPE, DATA1, DATA2, TRANSITIVE_FIELDS, FORMULA, ENTITY_LOOKUP_TYPE)
VALUES ('e75f9dcd5b6d408294f0fb56196b943f', 0, '073410639e0f4278a78927ce8df188d5', 'custText4', 'CUST_TEXT4', 'NVARCHAR2(1000)', 'CUSTOM_FIELD_TEXT4', 0, 'string-l', '', '', '', '', '', '', '', 0, NULL, 1000, NULL, NULL, '', '', 'system', systimestamp, '21', 0, 'entity.custHc.custText4', '', '', '', '', '', '');
INSERT INTO CNT_FIELD_DEFINITION
 (ID, REVISION, PARENT_ID, FIELD_ID, COLUMN_NAME, COLUMN_TYPE, REPORT_COLUMN_NAME, PRODUCT_FIELD, FIELD_TYPE, ENTITY_LOOKUP, ENTITY_LOOKUP_KEY, ORDER_BY, GENERATOR, REFER_TABLE, KEY_COLUMN, LOOKUP_COLUMN, MANDATORY, MIN_LENGTH, MAX_LENGTH, MIN_VALUE, MAX_VALUE, CONSTANT_VALUE, UNIQUE_KEY, CREATE_USER, CREATED_ON, LINE_NO, MANAGED, FIELD_PATH, DATA_TYPE, DATA1, DATA2, TRANSITIVE_FIELDS, FORMULA, ENTITY_LOOKUP_TYPE)
VALUES ('5a9e2246b0274d5a84cbe4d55b87ce9d', 0, '073410639e0f4278a78927ce8df188d5', 'custText5', 'CUST_TEXT5', 'NVARCHAR2(1000)', 'CUSTOM_FIELD_TEXT5', 0, 'string-l', '', '', '', '', '', '', '', 0, NULL, 1000, NULL, NULL, '', '', 'system', systimestamp, '22', 0, 'entity.custHc.custText5', '', '', '', '', '', '');
INSERT INTO CNT_FIELD_DEFINITION
 (ID, REVISION, PARENT_ID, FIELD_ID, COLUMN_NAME, COLUMN_TYPE, REPORT_COLUMN_NAME, PRODUCT_FIELD, FIELD_TYPE, ENTITY_LOOKUP, ENTITY_LOOKUP_KEY, ORDER_BY, GENERATOR, REFER_TABLE, KEY_COLUMN, LOOKUP_COLUMN, MANDATORY, MIN_LENGTH, MAX_LENGTH, MIN_VALUE, MAX_VALUE, CONSTANT_VALUE, UNIQUE_KEY, CREATE_USER, CREATED_ON, LINE_NO, MANAGED, FIELD_PATH, DATA_TYPE, DATA1, DATA2, TRANSITIVE_FIELDS, FORMULA, ENTITY_LOOKUP_TYPE)
VALUES ('cfbecc7ffa354079a6307839154deffc', 0, '073410639e0f4278a78927ce8df188d5', 'custText6', 'CUST_TEXT6', 'NVARCHAR2(1000)', 'CUSTOM_FIELD_TEXT6', 0, 'string-l', '', '', '', '', '', '', '', 0, NULL, 1000, NULL, NULL, '', '', 'system', systimestamp, '23', 0, 'entity.custHc.custText6', '', '', '', '', '', '');
INSERT INTO CNT_FIELD_DEFINITION
 (ID, REVISION, PARENT_ID, FIELD_ID, COLUMN_NAME, COLUMN_TYPE, REPORT_COLUMN_NAME, PRODUCT_FIELD, FIELD_TYPE, ENTITY_LOOKUP, ENTITY_LOOKUP_KEY, ORDER_BY, GENERATOR, REFER_TABLE, KEY_COLUMN, LOOKUP_COLUMN, MANDATORY, MIN_LENGTH, MAX_LENGTH, MIN_VALUE, MAX_VALUE, CONSTANT_VALUE, UNIQUE_KEY, CREATE_USER, CREATED_ON, LINE_NO, MANAGED, FIELD_PATH, DATA_TYPE, DATA1, DATA2, TRANSITIVE_FIELDS, FORMULA, ENTITY_LOOKUP_TYPE)
VALUES ('3dea2fb69dba4ab89ef6d0be555dfb68', 0, '073410639e0f4278a78927ce8df188d5', 'custText7', 'CUST_TEXT7', 'NVARCHAR2(1000)', 'CUSTOM_FIELD_TEXT7', 0, 'string-l', '', '', '', '', '', '', '', 0, NULL, 1000, NULL, NULL, '', '', 'system', systimestamp, '24', 0, 'entity.custHc.custText7', '', '', '', '', '', '');
INSERT INTO CNT_FIELD_DEFINITION
 (ID, REVISION, PARENT_ID, FIELD_ID, COLUMN_NAME, COLUMN_TYPE, REPORT_COLUMN_NAME, PRODUCT_FIELD, FIELD_TYPE, ENTITY_LOOKUP, ENTITY_LOOKUP_KEY, ORDER_BY, GENERATOR, REFER_TABLE, KEY_COLUMN, LOOKUP_COLUMN, MANDATORY, MIN_LENGTH, MAX_LENGTH, MIN_VALUE, MAX_VALUE, CONSTANT_VALUE, UNIQUE_KEY, CREATE_USER, CREATED_ON, LINE_NO, MANAGED, FIELD_PATH, DATA_TYPE, DATA1, DATA2, TRANSITIVE_FIELDS, FORMULA, ENTITY_LOOKUP_TYPE)
VALUES ('8f557d43be80405db0eaaebd94ac026b', 0, '073410639e0f4278a78927ce8df188d5', 'custDate1', 'CUST_DATE1', 'DATE', 'CUSTOM_FIELD_DATE1', 0, 'date', '', '', '', '', '', '', '', 0, NULL, NULL, NULL, NULL, '', '', 'system', systimestamp, '25', 0, 'entity.custHc.custDate1', '', '', '', '', '', '');
INSERT INTO CNT_FIELD_DEFINITION
 (ID, REVISION, PARENT_ID, FIELD_ID, COLUMN_NAME, COLUMN_TYPE, REPORT_COLUMN_NAME, PRODUCT_FIELD, FIELD_TYPE, ENTITY_LOOKUP, ENTITY_LOOKUP_KEY, ORDER_BY, GENERATOR, REFER_TABLE, KEY_COLUMN, LOOKUP_COLUMN, MANDATORY, MIN_LENGTH, MAX_LENGTH, MIN_VALUE, MAX_VALUE, CONSTANT_VALUE, UNIQUE_KEY, CREATE_USER, CREATED_ON, LINE_NO, MANAGED, FIELD_PATH, DATA_TYPE, DATA1, DATA2, TRANSITIVE_FIELDS, FORMULA, ENTITY_LOOKUP_TYPE)
VALUES ('cfa49da741844116a18bde1a5bd4644d', 0, '073410639e0f4278a78927ce8df188d5', 'custDate2', 'CUST_DATE2', 'DATE', 'CUSTOM_FIELD_DATE2', 0, 'date', '', '', '', '', '', '', '', 0, NULL, NULL, NULL, NULL, '', '', 'system', systimestamp, '26', 0, 'entity.custHc.custDate2', '', '', '', '', '', '');
INSERT INTO CNT_FIELD_DEFINITION
 (ID, REVISION, PARENT_ID, FIELD_ID, COLUMN_NAME, COLUMN_TYPE, REPORT_COLUMN_NAME, PRODUCT_FIELD, FIELD_TYPE, ENTITY_LOOKUP, ENTITY_LOOKUP_KEY, ORDER_BY, GENERATOR, REFER_TABLE, KEY_COLUMN, LOOKUP_COLUMN, MANDATORY, MIN_LENGTH, MAX_LENGTH, MIN_VALUE, MAX_VALUE, CONSTANT_VALUE, UNIQUE_KEY, CREATE_USER, CREATED_ON, LINE_NO, MANAGED, FIELD_PATH, DATA_TYPE, DATA1, DATA2, TRANSITIVE_FIELDS, FORMULA, ENTITY_LOOKUP_TYPE)
VALUES ('918cef51b3bd4b84b8f9cdb66a5a9d53', 0, '073410639e0f4278a78927ce8df188d5', 'custDate3', 'CUST_DATE3', 'DATE', 'CUSTOM_FIELD_DATE3', 0, 'date', '', '', '', '', '', '', '', 0, NULL, NULL, NULL, NULL, '', '', 'system', systimestamp, '27', 0, 'entity.custHc.custDate3', '', '', '', '', '', '');
INSERT INTO CNT_FIELD_DEFINITION
 (ID, REVISION, PARENT_ID, FIELD_ID, COLUMN_NAME, COLUMN_TYPE, REPORT_COLUMN_NAME, PRODUCT_FIELD, FIELD_TYPE, ENTITY_LOOKUP, ENTITY_LOOKUP_KEY, ORDER_BY, GENERATOR, REFER_TABLE, KEY_COLUMN, LOOKUP_COLUMN, MANDATORY, MIN_LENGTH, MAX_LENGTH, MIN_VALUE, MAX_VALUE, CONSTANT_VALUE, UNIQUE_KEY, CREATE_USER, CREATED_ON, LINE_NO, MANAGED, FIELD_PATH, DATA_TYPE, DATA1, DATA2, TRANSITIVE_FIELDS, FORMULA, ENTITY_LOOKUP_TYPE)
VALUES ('1d3d26dc64cc498eae57303638170975', 0, '073410639e0f4278a78927ce8df188d5', 'custDate4', 'CUST_DATE4', 'DATE', 'CUSTOM_FIELD_DATE4', 0, 'date', '', '', '', '', '', '', '', 0, NULL, NULL, NULL, NULL, '', '', 'system', systimestamp, '28', 0, 'entity.custHc.custDate4', '', '', '', '', '', '');
INSERT INTO CNT_FIELD_DEFINITION
 (ID, REVISION, PARENT_ID, FIELD_ID, COLUMN_NAME, COLUMN_TYPE, REPORT_COLUMN_NAME, PRODUCT_FIELD, FIELD_TYPE, ENTITY_LOOKUP, ENTITY_LOOKUP_KEY, ORDER_BY, GENERATOR, REFER_TABLE, KEY_COLUMN, LOOKUP_COLUMN, MANDATORY, MIN_LENGTH, MAX_LENGTH, MIN_VALUE, MAX_VALUE, CONSTANT_VALUE, UNIQUE_KEY, CREATE_USER, CREATED_ON, LINE_NO, MANAGED, FIELD_PATH, DATA_TYPE, DATA1, DATA2, TRANSITIVE_FIELDS, FORMULA, ENTITY_LOOKUP_TYPE)
VALUES ('8284ba904da44f21985f9d9dc62c7bd2', 0, '073410639e0f4278a78927ce8df188d5', 'custDate5', 'CUST_DATE5', 'DATE', 'CUSTOM_FIELD_DATE5', 0, 'date', '', '', '', '', '', '', '', 0, NULL, NULL, NULL, NULL, '', '', 'system', systimestamp, '29', 0, 'entity.custHc.custDate5', '', '', '', '', '', '');
INSERT INTO CNT_FIELD_DEFINITION
 (ID, REVISION, PARENT_ID, FIELD_ID, COLUMN_NAME, COLUMN_TYPE, REPORT_COLUMN_NAME, PRODUCT_FIELD, FIELD_TYPE, ENTITY_LOOKUP, ENTITY_LOOKUP_KEY, ORDER_BY, GENERATOR, REFER_TABLE, KEY_COLUMN, LOOKUP_COLUMN, MANDATORY, MIN_LENGTH, MAX_LENGTH, MIN_VALUE, MAX_VALUE, CONSTANT_VALUE, UNIQUE_KEY, CREATE_USER, CREATED_ON, LINE_NO, MANAGED, FIELD_PATH, DATA_TYPE, DATA1, DATA2, TRANSITIVE_FIELDS, FORMULA, ENTITY_LOOKUP_TYPE)
VALUES ('a7a1cfaefd5e4f608f87507fbeab41e7', 0, '073410639e0f4278a78927ce8df188d5', 'custDate6', 'CUST_DATE6', 'DATE', 'CUSTOM_FIELD_DATE6', 0, 'date', '', '', '', '', '', '', '', 0, NULL, NULL, NULL, NULL, '', '', 'system', systimestamp, '30', 0, 'entity.custHc.custDate6', '', '', '', '', '', '');
INSERT INTO CNT_FIELD_DEFINITION
 (ID, REVISION, PARENT_ID, FIELD_ID, COLUMN_NAME, COLUMN_TYPE, REPORT_COLUMN_NAME, PRODUCT_FIELD, FIELD_TYPE, ENTITY_LOOKUP, ENTITY_LOOKUP_KEY, ORDER_BY, GENERATOR, REFER_TABLE, KEY_COLUMN, LOOKUP_COLUMN, MANDATORY, MIN_LENGTH, MAX_LENGTH, MIN_VALUE, MAX_VALUE, CONSTANT_VALUE, UNIQUE_KEY, CREATE_USER, CREATED_ON, LINE_NO, MANAGED, FIELD_PATH, DATA_TYPE, DATA1, DATA2, TRANSITIVE_FIELDS, FORMULA, ENTITY_LOOKUP_TYPE)
VALUES ('5dff45fc38dd46de9fb9179f102072db', 0, '073410639e0f4278a78927ce8df188d5', 'custDate7', 'CUST_DATE7', 'DATE', 'CUSTOM_FIELD_DATE7', 0, 'date', '', '', '', '', '', '', '', 0, NULL, NULL, NULL, NULL, '', '', 'system', systimestamp, '31', 0, 'entity.custHc.custDate7', '', '', '', '', '', '');
INSERT INTO CNT_FIELD_DEFINITION
 (ID, REVISION, PARENT_ID, FIELD_ID, COLUMN_NAME, COLUMN_TYPE, REPORT_COLUMN_NAME, PRODUCT_FIELD, FIELD_TYPE, ENTITY_LOOKUP, ENTITY_LOOKUP_KEY, ORDER_BY, GENERATOR, REFER_TABLE, KEY_COLUMN, LOOKUP_COLUMN, MANDATORY, MIN_LENGTH, MAX_LENGTH, MIN_VALUE, MAX_VALUE, CONSTANT_VALUE, UNIQUE_KEY, CREATE_USER, CREATED_ON, LINE_NO, MANAGED, FIELD_PATH, DATA_TYPE, DATA1, DATA2, TRANSITIVE_FIELDS, FORMULA, ENTITY_LOOKUP_TYPE)
VALUES ('fd933738473d4b50b42f0ab0fe360044', 0, '073410639e0f4278a78927ce8df188d5', 'custNumber1', 'CUST_NUMBER1', 'NUMBER(20, 0)', 'CUSTOM_FIELD_NUMBER1', 0, 'integer', '', '', '', '', '', '', '', 0, NULL, 18, NULL, NULL, '', '', 'system', systimestamp, '32', 0, 'entity.custHc.custNumber1', '', '', '', '', '', '');
INSERT INTO CNT_FIELD_DEFINITION
 (ID, REVISION, PARENT_ID, FIELD_ID, COLUMN_NAME, COLUMN_TYPE, REPORT_COLUMN_NAME, PRODUCT_FIELD, FIELD_TYPE, ENTITY_LOOKUP, ENTITY_LOOKUP_KEY, ORDER_BY, GENERATOR, REFER_TABLE, KEY_COLUMN, LOOKUP_COLUMN, MANDATORY, MIN_LENGTH, MAX_LENGTH, MIN_VALUE, MAX_VALUE, CONSTANT_VALUE, UNIQUE_KEY, CREATE_USER, CREATED_ON, LINE_NO, MANAGED, FIELD_PATH, DATA_TYPE, DATA1, DATA2, TRANSITIVE_FIELDS, FORMULA, ENTITY_LOOKUP_TYPE)
VALUES ('39bfb3fa236042af8f03ba8fdf36cf6e', 0, '073410639e0f4278a78927ce8df188d5', 'custNumber2', 'CUST_NUMBER2', 'NUMBER(20, 0)', 'CUSTOM_FIELD_NUMBER2', 0, 'integer', '', '', '', '', '', '', '', 0, NULL, 18, NULL, NULL, '', '', 'system', systimestamp, '33', 0, 'entity.custHc.custNumber2', '', '', '', '', '', '');
INSERT INTO CNT_FIELD_DEFINITION
 (ID, REVISION, PARENT_ID, FIELD_ID, COLUMN_NAME, COLUMN_TYPE, REPORT_COLUMN_NAME, PRODUCT_FIELD, FIELD_TYPE, ENTITY_LOOKUP, ENTITY_LOOKUP_KEY, ORDER_BY, GENERATOR, REFER_TABLE, KEY_COLUMN, LOOKUP_COLUMN, MANDATORY, MIN_LENGTH, MAX_LENGTH, MIN_VALUE, MAX_VALUE, CONSTANT_VALUE, UNIQUE_KEY, CREATE_USER, CREATED_ON, LINE_NO, MANAGED, FIELD_PATH, DATA_TYPE, DATA1, DATA2, TRANSITIVE_FIELDS, FORMULA, ENTITY_LOOKUP_TYPE)
VALUES ('3c1ba27112364258abfe14d7949d7f6d', 0, '073410639e0f4278a78927ce8df188d5', 'custNumber3', 'CUST_NUMBER3', 'NUMBER(20, 0)', 'CUSTOM_FIELD_NUMBER3', 0, 'integer', '', '', '', '', '', '', '', 0, NULL, 18, NULL, NULL, '', '', 'system', systimestamp, '34', 0, 'entity.custHc.custNumber3', '', '', '', '', '', '');
INSERT INTO CNT_FIELD_DEFINITION
 (ID, REVISION, PARENT_ID, FIELD_ID, COLUMN_NAME, COLUMN_TYPE, REPORT_COLUMN_NAME, PRODUCT_FIELD, FIELD_TYPE, ENTITY_LOOKUP, ENTITY_LOOKUP_KEY, ORDER_BY, GENERATOR, REFER_TABLE, KEY_COLUMN, LOOKUP_COLUMN, MANDATORY, MIN_LENGTH, MAX_LENGTH, MIN_VALUE, MAX_VALUE, CONSTANT_VALUE, UNIQUE_KEY, CREATE_USER, CREATED_ON, LINE_NO, MANAGED, FIELD_PATH, DATA_TYPE, DATA1, DATA2, TRANSITIVE_FIELDS, FORMULA, ENTITY_LOOKUP_TYPE)
VALUES ('42bc2dfbb6be4d998a33b94d8594aeeb', 0, '073410639e0f4278a78927ce8df188d5', 'custNumber4', 'CUST_NUMBER4', 'NUMBER(20, 0)', 'CUSTOM_FIELD_NUMBER4', 0, 'integer', '', '', '', '', '', '', '', 0, NULL, 18, NULL, NULL, '', '', 'system', systimestamp, '35', 0, 'entity.custHc.custNumber4', '', '', '', '', '', '');
INSERT INTO CNT_FIELD_DEFINITION
 (ID, REVISION, PARENT_ID, FIELD_ID, COLUMN_NAME, COLUMN_TYPE, REPORT_COLUMN_NAME, PRODUCT_FIELD, FIELD_TYPE, ENTITY_LOOKUP, ENTITY_LOOKUP_KEY, ORDER_BY, GENERATOR, REFER_TABLE, KEY_COLUMN, LOOKUP_COLUMN, MANDATORY, MIN_LENGTH, MAX_LENGTH, MIN_VALUE, MAX_VALUE, CONSTANT_VALUE, UNIQUE_KEY, CREATE_USER, CREATED_ON, LINE_NO, MANAGED, FIELD_PATH, DATA_TYPE, DATA1, DATA2, TRANSITIVE_FIELDS, FORMULA, ENTITY_LOOKUP_TYPE)
VALUES ('12ce140fa4c54724b65b27cd9aca0989', 0, '073410639e0f4278a78927ce8df188d5', 'custNumber5', 'CUST_NUMBER5', 'NUMBER(20, 0)', 'CUSTOM_FIELD_NUMBER5', 0, 'integer', '', '', '', '', '', '', '', 0, NULL, 18, NULL, NULL, '', '', 'system', systimestamp, '36', 0, 'entity.custHc.custNumber5', '', '', '', '', '', '');
INSERT INTO CNT_FIELD_DEFINITION
 (ID, REVISION, PARENT_ID, FIELD_ID, COLUMN_NAME, COLUMN_TYPE, REPORT_COLUMN_NAME, PRODUCT_FIELD, FIELD_TYPE, ENTITY_LOOKUP, ENTITY_LOOKUP_KEY, ORDER_BY, GENERATOR, REFER_TABLE, KEY_COLUMN, LOOKUP_COLUMN, MANDATORY, MIN_LENGTH, MAX_LENGTH, MIN_VALUE, MAX_VALUE, CONSTANT_VALUE, UNIQUE_KEY, CREATE_USER, CREATED_ON, LINE_NO, MANAGED, FIELD_PATH, DATA_TYPE, DATA1, DATA2, TRANSITIVE_FIELDS, FORMULA, ENTITY_LOOKUP_TYPE)
VALUES ('da9864da5d6442c18642f0b3abcac9f4', 0, '073410639e0f4278a78927ce8df188d5', 'custNumber6', 'CUST_NUMBER6', 'NUMBER(20, 0)', 'CUSTOM_FIELD_NUMBER6', 0, 'integer', '', '', '', '', '', '', '', 0, NULL, 18, NULL, NULL, '', '', 'system', systimestamp, '37', 0, 'entity.custHc.custNumber6', '', '', '', '', '', '');
INSERT INTO CNT_FIELD_DEFINITION
 (ID, REVISION, PARENT_ID, FIELD_ID, COLUMN_NAME, COLUMN_TYPE, REPORT_COLUMN_NAME, PRODUCT_FIELD, FIELD_TYPE, ENTITY_LOOKUP, ENTITY_LOOKUP_KEY, ORDER_BY, GENERATOR, REFER_TABLE, KEY_COLUMN, LOOKUP_COLUMN, MANDATORY, MIN_LENGTH, MAX_LENGTH, MIN_VALUE, MAX_VALUE, CONSTANT_VALUE, UNIQUE_KEY, CREATE_USER, CREATED_ON, LINE_NO, MANAGED, FIELD_PATH, DATA_TYPE, DATA1, DATA2, TRANSITIVE_FIELDS, FORMULA, ENTITY_LOOKUP_TYPE)
VALUES ('c75c1e459110421aac19e837ae5c9845', 0, '073410639e0f4278a78927ce8df188d5', 'custNumber7', 'CUST_NUMBER7', 'NUMBER(20, 0)', 'CUSTOM_FIELD_NUMBER7', 0, 'integer', '', '', '', '', '', '', '', 0, NULL, 18, NULL, NULL, '', '', 'system', systimestamp, '38', 0, 'entity.custHc.custNumber7', '', '', '', '', '', '');
INSERT INTO CNT_FIELD_DEFINITION
 (ID, REVISION, PARENT_ID, FIELD_ID, COLUMN_NAME, COLUMN_TYPE, REPORT_COLUMN_NAME, PRODUCT_FIELD, FIELD_TYPE, ENTITY_LOOKUP, ENTITY_LOOKUP_KEY, ORDER_BY, GENERATOR, REFER_TABLE, KEY_COLUMN, LOOKUP_COLUMN, MANDATORY, MIN_LENGTH, MAX_LENGTH, MIN_VALUE, MAX_VALUE, CONSTANT_VALUE, UNIQUE_KEY, CREATE_USER, CREATED_ON, LINE_NO, MANAGED, FIELD_PATH, DATA_TYPE, DATA1, DATA2, TRANSITIVE_FIELDS, FORMULA, ENTITY_LOOKUP_TYPE)
VALUES ('af542efca5734f96a17bf88d9e132923', 0, '073410639e0f4278a78927ce8df188d5', 'custDecimal1', 'CUST_DECIMAL1', 'NUMBER(25, 5)', 'CUSTOM_FIELD_DECIMAL1', 0, 'decimal-rate', '', '', '', '', '', '', '', 0, NULL, 20, NULL, NULL, '', '', 'system', systimestamp, '39', 0, 'entity.custHc.custDecimal1', '', '', '', '', '', '');
INSERT INTO CNT_FIELD_DEFINITION
 (ID, REVISION, PARENT_ID, FIELD_ID, COLUMN_NAME, COLUMN_TYPE, REPORT_COLUMN_NAME, PRODUCT_FIELD, FIELD_TYPE, ENTITY_LOOKUP, ENTITY_LOOKUP_KEY, ORDER_BY, GENERATOR, REFER_TABLE, KEY_COLUMN, LOOKUP_COLUMN, MANDATORY, MIN_LENGTH, MAX_LENGTH, MIN_VALUE, MAX_VALUE, CONSTANT_VALUE, UNIQUE_KEY, CREATE_USER, CREATED_ON, LINE_NO, MANAGED, FIELD_PATH, DATA_TYPE, DATA1, DATA2, TRANSITIVE_FIELDS, FORMULA, ENTITY_LOOKUP_TYPE)
VALUES ('f98c672cb67e4f23ae62bc576a279ebd', 0, '073410639e0f4278a78927ce8df188d5', 'custDecimal2', 'CUST_DECIMAL2', 'NUMBER(25, 5)', 'CUSTOM_FIELD_DECIMAL2', 0, 'decimal-rate', '', '', '', '', '', '', '', 0, NULL, 20, NULL, NULL, '', '', 'system', systimestamp, '40', 0, 'entity.custHc.custDecimal2', '', '', '', '', '', '');
INSERT INTO CNT_FIELD_DEFINITION
 (ID, REVISION, PARENT_ID, FIELD_ID, COLUMN_NAME, COLUMN_TYPE, REPORT_COLUMN_NAME, PRODUCT_FIELD, FIELD_TYPE, ENTITY_LOOKUP, ENTITY_LOOKUP_KEY, ORDER_BY, GENERATOR, REFER_TABLE, KEY_COLUMN, LOOKUP_COLUMN, MANDATORY, MIN_LENGTH, MAX_LENGTH, MIN_VALUE, MAX_VALUE, CONSTANT_VALUE, UNIQUE_KEY, CREATE_USER, CREATED_ON, LINE_NO, MANAGED, FIELD_PATH, DATA_TYPE, DATA1, DATA2, TRANSITIVE_FIELDS, FORMULA, ENTITY_LOOKUP_TYPE)
VALUES ('1928a8472a6d46d58f0db2f4a0a02290', 0, '073410639e0f4278a78927ce8df188d5', 'custDecimal3', 'CUST_DECIMAL3', 'NUMBER(25, 5)', 'CUSTOM_FIELD_DECIMAL3', 0, 'decimal-rate', '', '', '', '', '', '', '', 0, NULL, 20, NULL, NULL, '', '', 'system', systimestamp, '41', 0, 'entity.custHc.custDecimal3', '', '', '', '', '', '');
INSERT INTO CNT_FIELD_DEFINITION
 (ID, REVISION, PARENT_ID, FIELD_ID, COLUMN_NAME, COLUMN_TYPE, REPORT_COLUMN_NAME, PRODUCT_FIELD, FIELD_TYPE, ENTITY_LOOKUP, ENTITY_LOOKUP_KEY, ORDER_BY, GENERATOR, REFER_TABLE, KEY_COLUMN, LOOKUP_COLUMN, MANDATORY, MIN_LENGTH, MAX_LENGTH, MIN_VALUE, MAX_VALUE, CONSTANT_VALUE, UNIQUE_KEY, CREATE_USER, CREATED_ON, LINE_NO, MANAGED, FIELD_PATH, DATA_TYPE, DATA1, DATA2, TRANSITIVE_FIELDS, FORMULA, ENTITY_LOOKUP_TYPE)
VALUES ('9d9d4c1a5da84f0c9442a9dc9c96486b', 0, '073410639e0f4278a78927ce8df188d5', 'custDecimal4', 'CUST_DECIMAL4', 'NUMBER(25, 5)', 'CUSTOM_FIELD_DECIMAL4', 0, 'decimal-rate', '', '', '', '', '', '', '', 0, NULL, 20, NULL, NULL, '', '', 'system', systimestamp, '42', 0, 'entity.custHc.custDecimal4', '', '', '', '', '', '');
INSERT INTO CNT_FIELD_DEFINITION
 (ID, REVISION, PARENT_ID, FIELD_ID, COLUMN_NAME, COLUMN_TYPE, REPORT_COLUMN_NAME, PRODUCT_FIELD, FIELD_TYPE, ENTITY_LOOKUP, ENTITY_LOOKUP_KEY, ORDER_BY, GENERATOR, REFER_TABLE, KEY_COLUMN, LOOKUP_COLUMN, MANDATORY, MIN_LENGTH, MAX_LENGTH, MIN_VALUE, MAX_VALUE, CONSTANT_VALUE, UNIQUE_KEY, CREATE_USER, CREATED_ON, LINE_NO, MANAGED, FIELD_PATH, DATA_TYPE, DATA1, DATA2, TRANSITIVE_FIELDS, FORMULA, ENTITY_LOOKUP_TYPE)
VALUES ('9e60ca35e0314ba5beda58d399205602', 0, '073410639e0f4278a78927ce8df188d5', 'custDecimal5', 'CUST_DECIMAL5', 'NUMBER(25, 5)', 'CUSTOM_FIELD_DECIMAL5', 0, 'decimal-rate', '', '', '', '', '', '', '', 0, NULL, 20, NULL, NULL, '', '', 'system', systimestamp, '43', 0, 'entity.custHc.custDecimal5', '', '', '', '', '', '');
INSERT INTO CNT_FIELD_DEFINITION
 (ID, REVISION, PARENT_ID, FIELD_ID, COLUMN_NAME, COLUMN_TYPE, REPORT_COLUMN_NAME, PRODUCT_FIELD, FIELD_TYPE, ENTITY_LOOKUP, ENTITY_LOOKUP_KEY, ORDER_BY, GENERATOR, REFER_TABLE, KEY_COLUMN, LOOKUP_COLUMN, MANDATORY, MIN_LENGTH, MAX_LENGTH, MIN_VALUE, MAX_VALUE, CONSTANT_VALUE, UNIQUE_KEY, CREATE_USER, CREATED_ON, LINE_NO, MANAGED, FIELD_PATH, DATA_TYPE, DATA1, DATA2, TRANSITIVE_FIELDS, FORMULA, ENTITY_LOOKUP_TYPE)
VALUES ('f7cef486979b4276984c20a41d6f1e3d', 0, '073410639e0f4278a78927ce8df188d5', 'custDecimal6', 'CUST_DECIMAL6', 'NUMBER(25, 5)', 'CUSTOM_FIELD_DECIMAL6', 0, 'decimal-rate', '', '', '', '', '', '', '', 0, NULL, 20, NULL, NULL, '', '', 'system', systimestamp, '44', 0, 'entity.custHc.custDecimal6', '', '', '', '', '', '');
INSERT INTO CNT_FIELD_DEFINITION
 (ID, REVISION, PARENT_ID, FIELD_ID, COLUMN_NAME, COLUMN_TYPE, REPORT_COLUMN_NAME, PRODUCT_FIELD, FIELD_TYPE, ENTITY_LOOKUP, ENTITY_LOOKUP_KEY, ORDER_BY, GENERATOR, REFER_TABLE, KEY_COLUMN, LOOKUP_COLUMN, MANDATORY, MIN_LENGTH, MAX_LENGTH, MIN_VALUE, MAX_VALUE, CONSTANT_VALUE, UNIQUE_KEY, CREATE_USER, CREATED_ON, LINE_NO, MANAGED, FIELD_PATH, DATA_TYPE, DATA1, DATA2, TRANSITIVE_FIELDS, FORMULA, ENTITY_LOOKUP_TYPE)
VALUES ('6f9c2241e5294e6dabb6e79267cf6ce7', 0, '073410639e0f4278a78927ce8df188d5', 'custDecimal7', 'CUST_DECIMAL7', 'NUMBER(25, 5)', 'CUSTOM_FIELD_DECIMAL7', 0, 'decimal-rate', '', '', '', '', '', '', '', 0, NULL, 20, NULL, NULL, '', '', 'system', systimestamp, '45', 0, 'entity.custHc.custDecimal7', '', '', '', '', '', '');
INSERT INTO CNT_FIELD_DEFINITION
 (ID, REVISION, PARENT_ID, FIELD_ID, COLUMN_NAME, COLUMN_TYPE, REPORT_COLUMN_NAME, PRODUCT_FIELD, FIELD_TYPE, ENTITY_LOOKUP, ENTITY_LOOKUP_KEY, ORDER_BY, GENERATOR, REFER_TABLE, KEY_COLUMN, LOOKUP_COLUMN, MANDATORY, MIN_LENGTH, MAX_LENGTH, MIN_VALUE, MAX_VALUE, CONSTANT_VALUE, UNIQUE_KEY, CREATE_USER, CREATED_ON, LINE_NO, MANAGED, FIELD_PATH, DATA_TYPE, DATA1, DATA2, TRANSITIVE_FIELDS, FORMULA, ENTITY_LOOKUP_TYPE)
VALUES ('2f8e15bb13304266b11a2ef0f22fcf2a', 0, '073410639e0f4278a78927ce8df188d5', 'custCodelist1', 'CUST_CODELIST1', 'NVARCHAR2(400)', 'CUSTOM_FIELD_CODE_LIST_CODE1', 0, 'string-m', '', '', '', '', '', '', '', 0, NULL, 400, NULL, NULL, '', '', 'system', systimestamp, '46', 0, 'entity.custHc.custCodelist1', 'codelist', '', '', '', '', '');
INSERT INTO CNT_FIELD_DEFINITION
 (ID, REVISION, PARENT_ID, FIELD_ID, COLUMN_NAME, COLUMN_TYPE, REPORT_COLUMN_NAME, PRODUCT_FIELD, FIELD_TYPE, ENTITY_LOOKUP, ENTITY_LOOKUP_KEY, ORDER_BY, GENERATOR, REFER_TABLE, KEY_COLUMN, LOOKUP_COLUMN, MANDATORY, MIN_LENGTH, MAX_LENGTH, MIN_VALUE, MAX_VALUE, CONSTANT_VALUE, UNIQUE_KEY, CREATE_USER, CREATED_ON, LINE_NO, MANAGED, FIELD_PATH, DATA_TYPE, DATA1, DATA2, TRANSITIVE_FIELDS, FORMULA, ENTITY_LOOKUP_TYPE)
VALUES ('2e21db8987014beea5d035f02cba9a95', 0, '073410639e0f4278a78927ce8df188d5', 'custCodelist2', 'CUST_CODELIST2', 'NVARCHAR2(400)', 'CUSTOM_FIELD_CODE_LIST_CODE2', 0, 'string-m', '', '', '', '', '', '', '', 0, NULL, 400, NULL, NULL, '', '', 'system', systimestamp, '47', 0, 'entity.custHc.custCodelist2', 'codelist', '', '', '', '', '');
INSERT INTO CNT_FIELD_DEFINITION
 (ID, REVISION, PARENT_ID, FIELD_ID, COLUMN_NAME, COLUMN_TYPE, REPORT_COLUMN_NAME, PRODUCT_FIELD, FIELD_TYPE, ENTITY_LOOKUP, ENTITY_LOOKUP_KEY, ORDER_BY, GENERATOR, REFER_TABLE, KEY_COLUMN, LOOKUP_COLUMN, MANDATORY, MIN_LENGTH, MAX_LENGTH, MIN_VALUE, MAX_VALUE, CONSTANT_VALUE, UNIQUE_KEY, CREATE_USER, CREATED_ON, LINE_NO, MANAGED, FIELD_PATH, DATA_TYPE, DATA1, DATA2, TRANSITIVE_FIELDS, FORMULA, ENTITY_LOOKUP_TYPE)
VALUES ('8dc17d6eabba4328aef8c44fc19f78f9', 0, '073410639e0f4278a78927ce8df188d5', 'custCodelist3', 'CUST_CODELIST3', 'NVARCHAR2(400)', 'CUSTOM_FIELD_CODE_LIST_CODE3', 0, 'string-m', '', '', '', '', '', '', '', 0, NULL, 400, NULL, NULL, '', '', 'system', systimestamp, '48', 0, 'entity.custHc.custCodelist3', 'codelist', '', '', '', '', '');
INSERT INTO CNT_FIELD_DEFINITION
 (ID, REVISION, PARENT_ID, FIELD_ID, COLUMN_NAME, COLUMN_TYPE, REPORT_COLUMN_NAME, PRODUCT_FIELD, FIELD_TYPE, ENTITY_LOOKUP, ENTITY_LOOKUP_KEY, ORDER_BY, GENERATOR, REFER_TABLE, KEY_COLUMN, LOOKUP_COLUMN, MANDATORY, MIN_LENGTH, MAX_LENGTH, MIN_VALUE, MAX_VALUE, CONSTANT_VALUE, UNIQUE_KEY, CREATE_USER, CREATED_ON, LINE_NO, MANAGED, FIELD_PATH, DATA_TYPE, DATA1, DATA2, TRANSITIVE_FIELDS, FORMULA, ENTITY_LOOKUP_TYPE)
VALUES ('87fbf81ffba94cd7addf1cb400702ea8', 0, '073410639e0f4278a78927ce8df188d5', 'custCodelist4', 'CUST_CODELIST4', 'NVARCHAR2(400)', 'CUSTOM_FIELD_CODE_LIST_CODE4', 0, 'string-m', '', '', '', '', '', '', '', 0, NULL, 400, NULL, NULL, '', '', 'system', systimestamp, '49', 0, 'entity.custHc.custCodelist4', 'codelist', '', '', '', '', '');
INSERT INTO CNT_FIELD_DEFINITION
 (ID, REVISION, PARENT_ID, FIELD_ID, COLUMN_NAME, COLUMN_TYPE, REPORT_COLUMN_NAME, PRODUCT_FIELD, FIELD_TYPE, ENTITY_LOOKUP, ENTITY_LOOKUP_KEY, ORDER_BY, GENERATOR, REFER_TABLE, KEY_COLUMN, LOOKUP_COLUMN, MANDATORY, MIN_LENGTH, MAX_LENGTH, MIN_VALUE, MAX_VALUE, CONSTANT_VALUE, UNIQUE_KEY, CREATE_USER, CREATED_ON, LINE_NO, MANAGED, FIELD_PATH, DATA_TYPE, DATA1, DATA2, TRANSITIVE_FIELDS, FORMULA, ENTITY_LOOKUP_TYPE)
VALUES ('368166fc1f294f98bd28012ae2a1daa1', 0, '073410639e0f4278a78927ce8df188d5', 'custCodelist5', 'CUST_CODELIST5', 'NVARCHAR2(400)', 'CUSTOM_FIELD_CODE_LIST_CODE5', 0, 'string-m', '', '', '', '', '', '', '', 0, NULL, 400, NULL, NULL, '', '', 'system', systimestamp, '50', 0, 'entity.custHc.custCodelist5', 'codelist', '', '', '', '', '');
INSERT INTO CNT_FIELD_DEFINITION
 (ID, REVISION, PARENT_ID, FIELD_ID, COLUMN_NAME, COLUMN_TYPE, REPORT_COLUMN_NAME, PRODUCT_FIELD, FIELD_TYPE, ENTITY_LOOKUP, ENTITY_LOOKUP_KEY, ORDER_BY, GENERATOR, REFER_TABLE, KEY_COLUMN, LOOKUP_COLUMN, MANDATORY, MIN_LENGTH, MAX_LENGTH, MIN_VALUE, MAX_VALUE, CONSTANT_VALUE, UNIQUE_KEY, CREATE_USER, CREATED_ON, LINE_NO, MANAGED, FIELD_PATH, DATA_TYPE, DATA1, DATA2, TRANSITIVE_FIELDS, FORMULA, ENTITY_LOOKUP_TYPE)
VALUES ('1b38e7e5d2c846b7ada35d3707272248', 0, '073410639e0f4278a78927ce8df188d5', 'custCodelist6', 'CUST_CODELIST6', 'NVARCHAR2(400)', 'CUSTOM_FIELD_CODE_LIST_CODE6', 0, 'string-m', '', '', '', '', '', '', '', 0, NULL, 400, NULL, NULL, '', '', 'system', systimestamp, '51', 0, 'entity.custHc.custCodelist6', 'codelist', '', '', '', '', '');
INSERT INTO CNT_FIELD_DEFINITION
 (ID, REVISION, PARENT_ID, FIELD_ID, COLUMN_NAME, COLUMN_TYPE, REPORT_COLUMN_NAME, PRODUCT_FIELD, FIELD_TYPE, ENTITY_LOOKUP, ENTITY_LOOKUP_KEY, ORDER_BY, GENERATOR, REFER_TABLE, KEY_COLUMN, LOOKUP_COLUMN, MANDATORY, MIN_LENGTH, MAX_LENGTH, MIN_VALUE, MAX_VALUE, CONSTANT_VALUE, UNIQUE_KEY, CREATE_USER, CREATED_ON, LINE_NO, MANAGED, FIELD_PATH, DATA_TYPE, DATA1, DATA2, TRANSITIVE_FIELDS, FORMULA, ENTITY_LOOKUP_TYPE)
VALUES ('0b7d98cced044cc29dc202a879293fc0', 0, '073410639e0f4278a78927ce8df188d5', 'custCodelist7', 'CUST_CODELIST7', 'NVARCHAR2(400)', 'CUSTOM_FIELD_CODE_LIST_CODE7', 0, 'string-m', '', '', '', '', '', '', '', 0, NULL, 400, NULL, NULL, '', '', 'system', systimestamp, '52', 0, 'entity.custHc.custCodelist7', 'codelist', '', '', '', '', '');
INSERT INTO CNT_FIELD_DEFINITION
 (ID, REVISION, PARENT_ID, FIELD_ID, COLUMN_NAME, COLUMN_TYPE, REPORT_COLUMN_NAME, PRODUCT_FIELD, FIELD_TYPE, ENTITY_LOOKUP, ENTITY_LOOKUP_KEY, ORDER_BY, GENERATOR, REFER_TABLE, KEY_COLUMN, LOOKUP_COLUMN, MANDATORY, MIN_LENGTH, MAX_LENGTH, MIN_VALUE, MAX_VALUE, CONSTANT_VALUE, UNIQUE_KEY, CREATE_USER, CREATED_ON, LINE_NO, MANAGED, FIELD_PATH, DATA_TYPE, DATA1, DATA2, TRANSITIVE_FIELDS, FORMULA, ENTITY_LOOKUP_TYPE)
VALUES ('20ab07c1c6904dd28baa9e39232cff36', 0, '073410639e0f4278a78927ce8df188d5', 'custMemoText1', 'CUST_MEMO_TEXT1', 'NVARCHAR2(1000)', 'CUSTOM_FIELD_MEMO_TEXT1', 0, 'string-l', '', '', '', '', '', '', '', 0, NULL, 1000, NULL, NULL, '', '', 'system', systimestamp, '53', 0, 'entity.custHc.custMemoText1', '', '', '', '', '', '');
INSERT INTO CNT_FIELD_DEFINITION
 (ID, REVISION, PARENT_ID, FIELD_ID, COLUMN_NAME, COLUMN_TYPE, REPORT_COLUMN_NAME, PRODUCT_FIELD, FIELD_TYPE, ENTITY_LOOKUP, ENTITY_LOOKUP_KEY, ORDER_BY, GENERATOR, REFER_TABLE, KEY_COLUMN, LOOKUP_COLUMN, MANDATORY, MIN_LENGTH, MAX_LENGTH, MIN_VALUE, MAX_VALUE, CONSTANT_VALUE, UNIQUE_KEY, CREATE_USER, CREATED_ON, LINE_NO, MANAGED, FIELD_PATH, DATA_TYPE, DATA1, DATA2, TRANSITIVE_FIELDS, FORMULA, ENTITY_LOOKUP_TYPE)
VALUES ('6c37e72916864c5fb6b9117fec115998', 0, '073410639e0f4278a78927ce8df188d5', 'custMemoText2', 'CUST_MEMO_TEXT2', 'NVARCHAR2(1000)', 'CUSTOM_FIELD_MEMO_TEXT2', 0, 'string-l', '', '', '', '', '', '', '', 0, NULL, 1000, NULL, NULL, '', '', 'system', systimestamp, '54', 0, 'entity.custHc.custMemoText2', '', '', '', '', '', '');
INSERT INTO CNT_FIELD_DEFINITION
 (ID, REVISION, PARENT_ID, FIELD_ID, COLUMN_NAME, COLUMN_TYPE, REPORT_COLUMN_NAME, PRODUCT_FIELD, FIELD_TYPE, ENTITY_LOOKUP, ENTITY_LOOKUP_KEY, ORDER_BY, GENERATOR, REFER_TABLE, KEY_COLUMN, LOOKUP_COLUMN, MANDATORY, MIN_LENGTH, MAX_LENGTH, MIN_VALUE, MAX_VALUE, CONSTANT_VALUE, UNIQUE_KEY, CREATE_USER, CREATED_ON, LINE_NO, MANAGED, FIELD_PATH, DATA_TYPE, DATA1, DATA2, TRANSITIVE_FIELDS, FORMULA, ENTITY_LOOKUP_TYPE)
VALUES ('7c4f00549a4a42bc87143eacf4a057af', 0, '073410639e0f4278a78927ce8df188d5', 'custMemoText3', 'CUST_MEMO_TEXT3', 'NVARCHAR2(1000)', 'CUSTOM_FIELD_MEMO_TEXT3', 0, 'string-l', '', '', '', '', '', '', '', 0, NULL, 1000, NULL, NULL, '', '', 'system', systimestamp, '55', 0, 'entity.custHc.custMemoText3', '', '', '', '', '', '');
INSERT INTO CNT_FIELD_DEFINITION
 (ID, REVISION, PARENT_ID, FIELD_ID, COLUMN_NAME, COLUMN_TYPE, REPORT_COLUMN_NAME, PRODUCT_FIELD, FIELD_TYPE, ENTITY_LOOKUP, ENTITY_LOOKUP_KEY, ORDER_BY, GENERATOR, REFER_TABLE, KEY_COLUMN, LOOKUP_COLUMN, MANDATORY, MIN_LENGTH, MAX_LENGTH, MIN_VALUE, MAX_VALUE, CONSTANT_VALUE, UNIQUE_KEY, CREATE_USER, CREATED_ON, LINE_NO, MANAGED, FIELD_PATH, DATA_TYPE, DATA1, DATA2, TRANSITIVE_FIELDS, FORMULA, ENTITY_LOOKUP_TYPE)
VALUES ('53bedf3699c0478f82b6933449fdb24c', 0, '073410639e0f4278a78927ce8df188d5', 'custMemoText4', 'CUST_MEMO_TEXT4', 'NVARCHAR2(1000)', 'CUSTOM_FIELD_MEMO_TEXT4', 0, 'string-l', '', '', '', '', '', '', '', 0, NULL, 1000, NULL, NULL, '', '', 'system', systimestamp, '56', 0, 'entity.custHc.custMemoText4', '', '', '', '', '', '');
INSERT INTO CNT_FIELD_DEFINITION
 (ID, REVISION, PARENT_ID, FIELD_ID, COLUMN_NAME, COLUMN_TYPE, REPORT_COLUMN_NAME, PRODUCT_FIELD, FIELD_TYPE, ENTITY_LOOKUP, ENTITY_LOOKUP_KEY, ORDER_BY, GENERATOR, REFER_TABLE, KEY_COLUMN, LOOKUP_COLUMN, MANDATORY, MIN_LENGTH, MAX_LENGTH, MIN_VALUE, MAX_VALUE, CONSTANT_VALUE, UNIQUE_KEY, CREATE_USER, CREATED_ON, LINE_NO, MANAGED, FIELD_PATH, DATA_TYPE, DATA1, DATA2, TRANSITIVE_FIELDS, FORMULA, ENTITY_LOOKUP_TYPE)
VALUES ('e32921d6b1ec4202b22f915a190eb0c4', 0, '073410639e0f4278a78927ce8df188d5', 'custMemoText5', 'CUST_MEMO_TEXT5', 'NVARCHAR2(1000)', 'CUSTOM_FIELD_MEMO_TEXT5', 0, 'string-l', '', '', '', '', '', '', '', 0, NULL, 1000, NULL, NULL, '', '', 'system', systimestamp, '57', 0, 'entity.custHc.custMemoText5', '', '', '', '', '', '');
INSERT INTO CNT_FIELD_DEFINITION
 (ID, REVISION, PARENT_ID, FIELD_ID, COLUMN_NAME, COLUMN_TYPE, REPORT_COLUMN_NAME, PRODUCT_FIELD, FIELD_TYPE, ENTITY_LOOKUP, ENTITY_LOOKUP_KEY, ORDER_BY, GENERATOR, REFER_TABLE, KEY_COLUMN, LOOKUP_COLUMN, MANDATORY, MIN_LENGTH, MAX_LENGTH, MIN_VALUE, MAX_VALUE, CONSTANT_VALUE, UNIQUE_KEY, CREATE_USER, CREATED_ON, LINE_NO, MANAGED, FIELD_PATH, DATA_TYPE, DATA1, DATA2, TRANSITIVE_FIELDS, FORMULA, ENTITY_LOOKUP_TYPE)
VALUES ('f3fff81095754fecb8f60661010e2f33', 0, '073410639e0f4278a78927ce8df188d5', 'custMemoText6', 'CUST_MEMO_TEXT6', 'NVARCHAR2(1000)', 'CUSTOM_FIELD_MEMO_TEXT6', 0, 'string-l', '', '', '', '', '', '', '', 0, NULL, 1000, NULL, NULL, '', '', 'system', systimestamp, '58', 0, 'entity.custHc.custMemoText6', '', '', '', '', '', '');
INSERT INTO CNT_FIELD_DEFINITION
 (ID, REVISION, PARENT_ID, FIELD_ID, COLUMN_NAME, COLUMN_TYPE, REPORT_COLUMN_NAME, PRODUCT_FIELD, FIELD_TYPE, ENTITY_LOOKUP, ENTITY_LOOKUP_KEY, ORDER_BY, GENERATOR, REFER_TABLE, KEY_COLUMN, LOOKUP_COLUMN, MANDATORY, MIN_LENGTH, MAX_LENGTH, MIN_VALUE, MAX_VALUE, CONSTANT_VALUE, UNIQUE_KEY, CREATE_USER, CREATED_ON, LINE_NO, MANAGED, FIELD_PATH, DATA_TYPE, DATA1, DATA2, TRANSITIVE_FIELDS, FORMULA, ENTITY_LOOKUP_TYPE)
VALUES ('9cb93b1f8fe04df2b84a86554e5f1215', 0, '073410639e0f4278a78927ce8df188d5', 'custMemoText7', 'CUST_MEMO_TEXT7', 'NVARCHAR2(1000)', 'CUSTOM_FIELD_MEMO_TEXT7', 0, 'string-l', '', '', '', '', '', '', '', 0, NULL, 1000, NULL, NULL, '', '', 'system', systimestamp, '59', 0, 'entity.custHc.custMemoText7', '', '', '', '', '', '');
INSERT INTO CNT_FIELD_DEFINITION
 (ID, REVISION, PARENT_ID, FIELD_ID, COLUMN_NAME, COLUMN_TYPE, REPORT_COLUMN_NAME, PRODUCT_FIELD, FIELD_TYPE, ENTITY_LOOKUP, ENTITY_LOOKUP_KEY, ORDER_BY, GENERATOR, REFER_TABLE, KEY_COLUMN, LOOKUP_COLUMN, MANDATORY, MIN_LENGTH, MAX_LENGTH, MIN_VALUE, MAX_VALUE, CONSTANT_VALUE, UNIQUE_KEY, CREATE_USER, CREATED_ON, LINE_NO, MANAGED, FIELD_PATH, DATA_TYPE, DATA1, DATA2, TRANSITIVE_FIELDS, FORMULA, ENTITY_LOOKUP_TYPE)
VALUES ('d6b6c2d95f52449998f8376881e9741d', 0, '073410639e0f4278a78927ce8df188d5', 'custHcl1', 'CUST_HCL1_ID', 'CHAR(32)', 'CUSTOM_FIELD_HCL_CODE_SYS_ID1', 0, 'entity', 'HclNode', 'id', '', '', '', '', '', 0, 32, 32, NULL, NULL, '', '', 'system', systimestamp, '60', 0, 'entity.custHc.custHcl1', '', '', '', '', '', '');
INSERT INTO CNT_FIELD_DEFINITION
 (ID, REVISION, PARENT_ID, FIELD_ID, COLUMN_NAME, COLUMN_TYPE, REPORT_COLUMN_NAME, PRODUCT_FIELD, FIELD_TYPE, ENTITY_LOOKUP, ENTITY_LOOKUP_KEY, ORDER_BY, GENERATOR, REFER_TABLE, KEY_COLUMN, LOOKUP_COLUMN, MANDATORY, MIN_LENGTH, MAX_LENGTH, MIN_VALUE, MAX_VALUE, CONSTANT_VALUE, UNIQUE_KEY, CREATE_USER, CREATED_ON, LINE_NO, MANAGED, FIELD_PATH, DATA_TYPE, DATA1, DATA2, TRANSITIVE_FIELDS, FORMULA, ENTITY_LOOKUP_TYPE)
VALUES ('096c94c6b1d245b4b56f3dc94831457a', 0, '073410639e0f4278a78927ce8df188d5', 'custHcl2', 'CUST_HCL2_ID', 'CHAR(32)', 'CUSTOM_FIELD_HCL_CODE_SYS_ID2', 0, 'entity', 'HclNode', 'id', '', '', '', '', '', 0, 32, 32, NULL, NULL, '', '', 'system', systimestamp, '61', 0, 'entity.custHc.custHcl2', '', '', '', '', '', '');
INSERT INTO CNT_FIELD_DEFINITION
 (ID, REVISION, PARENT_ID, FIELD_ID, COLUMN_NAME, COLUMN_TYPE, REPORT_COLUMN_NAME, PRODUCT_FIELD, FIELD_TYPE, ENTITY_LOOKUP, ENTITY_LOOKUP_KEY, ORDER_BY, GENERATOR, REFER_TABLE, KEY_COLUMN, LOOKUP_COLUMN, MANDATORY, MIN_LENGTH, MAX_LENGTH, MIN_VALUE, MAX_VALUE, CONSTANT_VALUE, UNIQUE_KEY, CREATE_USER, CREATED_ON, LINE_NO, MANAGED, FIELD_PATH, DATA_TYPE, DATA1, DATA2, TRANSITIVE_FIELDS, FORMULA, ENTITY_LOOKUP_TYPE)
VALUES ('458641a3b1b14295bad487700977d8ca', 0, '073410639e0f4278a78927ce8df188d5', 'custHcl3', 'CUST_HCL3_ID', 'CHAR(32)', 'CUSTOM_FIELD_HCL_CODE_SYS_ID3', 0, 'entity', 'HclNode', 'id', '', '', '', '', '', 0, 32, 32, NULL, NULL, '', '', 'system', systimestamp, '62', 0, 'entity.custHc.custHcl3', '', '', '', '', '', '');
INSERT INTO CNT_FIELD_DEFINITION
 (ID, REVISION, PARENT_ID, FIELD_ID, COLUMN_NAME, COLUMN_TYPE, REPORT_COLUMN_NAME, PRODUCT_FIELD, FIELD_TYPE, ENTITY_LOOKUP, ENTITY_LOOKUP_KEY, ORDER_BY, GENERATOR, REFER_TABLE, KEY_COLUMN, LOOKUP_COLUMN, MANDATORY, MIN_LENGTH, MAX_LENGTH, MIN_VALUE, MAX_VALUE, CONSTANT_VALUE, UNIQUE_KEY, CREATE_USER, CREATED_ON, LINE_NO, MANAGED, FIELD_PATH, DATA_TYPE, DATA1, DATA2, TRANSITIVE_FIELDS, FORMULA, ENTITY_LOOKUP_TYPE)
VALUES ('75123aecafb246d3883ddb74aff8b749', 0, '073410639e0f4278a78927ce8df188d5', 'custHcl4', 'CUST_HCL4_ID', 'CHAR(32)', 'CUSTOM_FIELD_HCL_CODE_SYS_ID4', 0, 'entity', 'HclNode', 'id', '', '', '', '', '', 0, 32, 32, NULL, NULL, '', '', 'system', systimestamp, '63', 0, 'entity.custHc.custHcl4', '', '', '', '', '', '');
INSERT INTO CNT_FIELD_DEFINITION
 (ID, REVISION, PARENT_ID, FIELD_ID, COLUMN_NAME, COLUMN_TYPE, REPORT_COLUMN_NAME, PRODUCT_FIELD, FIELD_TYPE, ENTITY_LOOKUP, ENTITY_LOOKUP_KEY, ORDER_BY, GENERATOR, REFER_TABLE, KEY_COLUMN, LOOKUP_COLUMN, MANDATORY, MIN_LENGTH, MAX_LENGTH, MIN_VALUE, MAX_VALUE, CONSTANT_VALUE, UNIQUE_KEY, CREATE_USER, CREATED_ON, LINE_NO, MANAGED, FIELD_PATH, DATA_TYPE, DATA1, DATA2, TRANSITIVE_FIELDS, FORMULA, ENTITY_LOOKUP_TYPE)
VALUES ('172a5146538b401992bffbc8206128cb', 0, '073410639e0f4278a78927ce8df188d5', 'custHcl5', 'CUST_HCL5_ID', 'CHAR(32)', 'CUSTOM_FIELD_HCL_CODE_SYS_ID5', 0, 'entity', 'HclNode', 'id', '', '', '', '', '', 0, 32, 32, NULL, NULL, '', '', 'system', systimestamp, '64', 0, 'entity.custHc.custHcl5', '', '', '', '', '', '');
INSERT INTO CNT_FIELD_DEFINITION
 (ID, REVISION, PARENT_ID, FIELD_ID, COLUMN_NAME, COLUMN_TYPE, REPORT_COLUMN_NAME, PRODUCT_FIELD, FIELD_TYPE, ENTITY_LOOKUP, ENTITY_LOOKUP_KEY, ORDER_BY, GENERATOR, REFER_TABLE, KEY_COLUMN, LOOKUP_COLUMN, MANDATORY, MIN_LENGTH, MAX_LENGTH, MIN_VALUE, MAX_VALUE, CONSTANT_VALUE, UNIQUE_KEY, CREATE_USER, CREATED_ON, LINE_NO, MANAGED, FIELD_PATH, DATA_TYPE, DATA1, DATA2, TRANSITIVE_FIELDS, FORMULA, ENTITY_LOOKUP_TYPE)
VALUES ('8e59b3de02ee4faa9bc51cb59c3d9ff5', 0, '073410639e0f4278a78927ce8df188d5', 'custCodelist1Name', 'CUST_CODELIST1_NAME', 'NVARCHAR2(400)', 'N/A', 0, 'string-m', '', '', '', '', '', '', '', 0, NULL, 400, NULL, NULL, '', '', 'system', systimestamp, '65', 0, 'entity.custHc.custCodelist1Name', '', '', '', '', '', '');
INSERT INTO CNT_FIELD_DEFINITION
 (ID, REVISION, PARENT_ID, FIELD_ID, COLUMN_NAME, COLUMN_TYPE, REPORT_COLUMN_NAME, PRODUCT_FIELD, FIELD_TYPE, ENTITY_LOOKUP, ENTITY_LOOKUP_KEY, ORDER_BY, GENERATOR, REFER_TABLE, KEY_COLUMN, LOOKUP_COLUMN, MANDATORY, MIN_LENGTH, MAX_LENGTH, MIN_VALUE, MAX_VALUE, CONSTANT_VALUE, UNIQUE_KEY, CREATE_USER, CREATED_ON, LINE_NO, MANAGED, FIELD_PATH, DATA_TYPE, DATA1, DATA2, TRANSITIVE_FIELDS, FORMULA, ENTITY_LOOKUP_TYPE)
VALUES ('304a972a4a494168ae56d1cd128b9356', 0, '073410639e0f4278a78927ce8df188d5', 'custCodelist2Name', 'CUST_CODELIST2_NAME', 'NVARCHAR2(400)', 'N/A', 0, 'string-m', '', '', '', '', '', '', '', 0, NULL, 400, NULL, NULL, '', '', 'system', systimestamp, '66', 0, 'entity.custHc.custCodelist2Name', '', '', '', '', '', '');
INSERT INTO CNT_FIELD_DEFINITION
 (ID, REVISION, PARENT_ID, FIELD_ID, COLUMN_NAME, COLUMN_TYPE, REPORT_COLUMN_NAME, PRODUCT_FIELD, FIELD_TYPE, ENTITY_LOOKUP, ENTITY_LOOKUP_KEY, ORDER_BY, GENERATOR, REFER_TABLE, KEY_COLUMN, LOOKUP_COLUMN, MANDATORY, MIN_LENGTH, MAX_LENGTH, MIN_VALUE, MAX_VALUE, CONSTANT_VALUE, UNIQUE_KEY, CREATE_USER, CREATED_ON, LINE_NO, MANAGED, FIELD_PATH, DATA_TYPE, DATA1, DATA2, TRANSITIVE_FIELDS, FORMULA, ENTITY_LOOKUP_TYPE)
VALUES ('d9c02bc2e4984f95a068dcdb1baa693e', 0, '073410639e0f4278a78927ce8df188d5', 'custCodelist3Name', 'CUST_CODELIST3_NAME', 'NVARCHAR2(400)', 'N/A', 0, 'string-m', '', '', '', '', '', '', '', 0, NULL, 400, NULL, NULL, '', '', 'system', systimestamp, '67', 0, 'entity.custHc.custCodelist3Name', '', '', '', '', '', '');
INSERT INTO CNT_FIELD_DEFINITION
 (ID, REVISION, PARENT_ID, FIELD_ID, COLUMN_NAME, COLUMN_TYPE, REPORT_COLUMN_NAME, PRODUCT_FIELD, FIELD_TYPE, ENTITY_LOOKUP, ENTITY_LOOKUP_KEY, ORDER_BY, GENERATOR, REFER_TABLE, KEY_COLUMN, LOOKUP_COLUMN, MANDATORY, MIN_LENGTH, MAX_LENGTH, MIN_VALUE, MAX_VALUE, CONSTANT_VALUE, UNIQUE_KEY, CREATE_USER, CREATED_ON, LINE_NO, MANAGED, FIELD_PATH, DATA_TYPE, DATA1, DATA2, TRANSITIVE_FIELDS, FORMULA, ENTITY_LOOKUP_TYPE)
VALUES ('7a8e6349dbe140e9b8ad25b7206ad3af', 0, '073410639e0f4278a78927ce8df188d5', 'custCodelist4Name', 'CUST_CODELIST4_NAME', 'NVARCHAR2(400)', 'N/A', 0, 'string-m', '', '', '', '', '', '', '', 0, NULL, 400, NULL, NULL, '', '', 'system', systimestamp, '68', 0, 'entity.custHc.custCodelist4Name', '', '', '', '', '', '');
INSERT INTO CNT_FIELD_DEFINITION
 (ID, REVISION, PARENT_ID, FIELD_ID, COLUMN_NAME, COLUMN_TYPE, REPORT_COLUMN_NAME, PRODUCT_FIELD, FIELD_TYPE, ENTITY_LOOKUP, ENTITY_LOOKUP_KEY, ORDER_BY, GENERATOR, REFER_TABLE, KEY_COLUMN, LOOKUP_COLUMN, MANDATORY, MIN_LENGTH, MAX_LENGTH, MIN_VALUE, MAX_VALUE, CONSTANT_VALUE, UNIQUE_KEY, CREATE_USER, CREATED_ON, LINE_NO, MANAGED, FIELD_PATH, DATA_TYPE, DATA1, DATA2, TRANSITIVE_FIELDS, FORMULA, ENTITY_LOOKUP_TYPE)
VALUES ('b58aee21031442c3a8c10baf6508108e', 0, '073410639e0f4278a78927ce8df188d5', 'custCodelist5Name', 'CUST_CODELIST5_NAME', 'NVARCHAR2(400)', 'N/A', 0, 'string-m', '', '', '', '', '', '', '', 0, NULL, 400, NULL, NULL, '', '', 'system', systimestamp, '69', 0, 'entity.custHc.custCodelist5Name', '', '', '', '', '', '');
INSERT INTO CNT_FIELD_DEFINITION
 (ID, REVISION, PARENT_ID, FIELD_ID, COLUMN_NAME, COLUMN_TYPE, REPORT_COLUMN_NAME, PRODUCT_FIELD, FIELD_TYPE, ENTITY_LOOKUP, ENTITY_LOOKUP_KEY, ORDER_BY, GENERATOR, REFER_TABLE, KEY_COLUMN, LOOKUP_COLUMN, MANDATORY, MIN_LENGTH, MAX_LENGTH, MIN_VALUE, MAX_VALUE, CONSTANT_VALUE, UNIQUE_KEY, CREATE_USER, CREATED_ON, LINE_NO, MANAGED, FIELD_PATH, DATA_TYPE, DATA1, DATA2, TRANSITIVE_FIELDS, FORMULA, ENTITY_LOOKUP_TYPE)
VALUES ('da54d021402d4063963b532b02d25a96', 0, '073410639e0f4278a78927ce8df188d5', 'custCodelist6Name', 'CUST_CODELIST6_NAME', 'NVARCHAR2(400)', 'N/A', 0, 'string-m', '', '', '', '', '', '', '', 0, NULL, 400, NULL, NULL, '', '', 'system', systimestamp, '70', 0, 'entity.custHc.custCodelist6Name', '', '', '', '', '', '');
INSERT INTO CNT_FIELD_DEFINITION
 (ID, REVISION, PARENT_ID, FIELD_ID, COLUMN_NAME, COLUMN_TYPE, REPORT_COLUMN_NAME, PRODUCT_FIELD, FIELD_TYPE, ENTITY_LOOKUP, ENTITY_LOOKUP_KEY, ORDER_BY, GENERATOR, REFER_TABLE, KEY_COLUMN, LOOKUP_COLUMN, MANDATORY, MIN_LENGTH, MAX_LENGTH, MIN_VALUE, MAX_VALUE, CONSTANT_VALUE, UNIQUE_KEY, CREATE_USER, CREATED_ON, LINE_NO, MANAGED, FIELD_PATH, DATA_TYPE, DATA1, DATA2, TRANSITIVE_FIELDS, FORMULA, ENTITY_LOOKUP_TYPE)
VALUES ('68fc7811260746ff90b84e860c1cb2be', 0, '073410639e0f4278a78927ce8df188d5', 'custCodelist7Name', 'CUST_CODELIST7_NAME', 'NVARCHAR2(400)', 'N/A', 0, 'string-m', '', '', '', '', '', '', '', 0, NULL, 400, NULL, NULL, '', '', 'system', systimestamp, '71', 0, 'entity.custHc.custCodelist7Name', '', '', '', '', '', '');
INSERT INTO CNT_FIELD_DEFINITION
 (ID, REVISION, PARENT_ID, FIELD_ID, COLUMN_NAME, COLUMN_TYPE, REPORT_COLUMN_NAME, PRODUCT_FIELD, FIELD_TYPE, ENTITY_LOOKUP, ENTITY_LOOKUP_KEY, ORDER_BY, GENERATOR, REFER_TABLE, KEY_COLUMN, LOOKUP_COLUMN, MANDATORY, MIN_LENGTH, MAX_LENGTH, MIN_VALUE, MAX_VALUE, CONSTANT_VALUE, UNIQUE_KEY, CREATE_USER, CREATED_ON, LINE_NO, MANAGED, FIELD_PATH, DATA_TYPE, DATA1, DATA2, TRANSITIVE_FIELDS, FORMULA, ENTITY_LOOKUP_TYPE)
VALUES ('7530a0ac8a6e4654b41138db60c1dac0', 0, '073410639e0f4278a78927ce8df188d5', 'custHcl1Ref', 'CUST_HCL1_REF', 'NVARCHAR2(1000)', 'N/A', 0, 'string-l', '', '', '', '', '', '', '', 0, NULL, 1000, NULL, NULL, '', '', 'system', systimestamp, '72', 0, 'entity.custHc.custHcl1Ref', '', '', '', '', '', '');
INSERT INTO CNT_FIELD_DEFINITION
 (ID, REVISION, PARENT_ID, FIELD_ID, COLUMN_NAME, COLUMN_TYPE, REPORT_COLUMN_NAME, PRODUCT_FIELD, FIELD_TYPE, ENTITY_LOOKUP, ENTITY_LOOKUP_KEY, ORDER_BY, GENERATOR, REFER_TABLE, KEY_COLUMN, LOOKUP_COLUMN, MANDATORY, MIN_LENGTH, MAX_LENGTH, MIN_VALUE, MAX_VALUE, CONSTANT_VALUE, UNIQUE_KEY, CREATE_USER, CREATED_ON, LINE_NO, MANAGED, FIELD_PATH, DATA_TYPE, DATA1, DATA2, TRANSITIVE_FIELDS, FORMULA, ENTITY_LOOKUP_TYPE)
VALUES ('9006b860de734c5f9cfaa6620bf5adf7', 0, '073410639e0f4278a78927ce8df188d5', 'custHcl1Ver', 'CUST_HCL1_VER', 'NUMBER(20, 0)', 'N/A', 0, 'integer', '', '', '', '', '', '', '', 0, NULL, 18, NULL, NULL, '', '', 'system', systimestamp, '73', 0, 'entity.custHc.custHcl1Ver', '', '', '', '', '', '');
INSERT INTO CNT_FIELD_DEFINITION
 (ID, REVISION, PARENT_ID, FIELD_ID, COLUMN_NAME, COLUMN_TYPE, REPORT_COLUMN_NAME, PRODUCT_FIELD, FIELD_TYPE, ENTITY_LOOKUP, ENTITY_LOOKUP_KEY, ORDER_BY, GENERATOR, REFER_TABLE, KEY_COLUMN, LOOKUP_COLUMN, MANDATORY, MIN_LENGTH, MAX_LENGTH, MIN_VALUE, MAX_VALUE, CONSTANT_VALUE, UNIQUE_KEY, CREATE_USER, CREATED_ON, LINE_NO, MANAGED, FIELD_PATH, DATA_TYPE, DATA1, DATA2, TRANSITIVE_FIELDS, FORMULA, ENTITY_LOOKUP_TYPE)
VALUES ('c7b2f866c5144e18ba22c9e23f0fb5f7', 0, '073410639e0f4278a78927ce8df188d5', 'custHcl1Ref2', 'CUST_HCL1_REF2', 'NVARCHAR2(1000)', 'N/A', 0, 'string-l', '', '', '', '', '', '', '', 0, NULL, 1000, NULL, NULL, '', '', 'system', systimestamp, '74', 0, 'entity.custHc.custHcl1Ref2', '', '', '', '', '', '');
INSERT INTO CNT_FIELD_DEFINITION
 (ID, REVISION, PARENT_ID, FIELD_ID, COLUMN_NAME, COLUMN_TYPE, REPORT_COLUMN_NAME, PRODUCT_FIELD, FIELD_TYPE, ENTITY_LOOKUP, ENTITY_LOOKUP_KEY, ORDER_BY, GENERATOR, REFER_TABLE, KEY_COLUMN, LOOKUP_COLUMN, MANDATORY, MIN_LENGTH, MAX_LENGTH, MIN_VALUE, MAX_VALUE, CONSTANT_VALUE, UNIQUE_KEY, CREATE_USER, CREATED_ON, LINE_NO, MANAGED, FIELD_PATH, DATA_TYPE, DATA1, DATA2, TRANSITIVE_FIELDS, FORMULA, ENTITY_LOOKUP_TYPE)
VALUES ('b9c84e6d54584b02a9fd39567113fcf2', 0, '073410639e0f4278a78927ce8df188d5', 'custHcl1FullLineage', 'CUST_HCL1_FULL_LINEAGE', 'NVARCHAR2(1000)', 'N/A', 0, 'string-l', '', '', '', '', '', '', '', 0, NULL, 1000, NULL, NULL, '', '', 'system', systimestamp, '75', 0, 'entity.custHc.custHcl1FullLineage', '', '', '', '', '', '');
INSERT INTO CNT_FIELD_DEFINITION
 (ID, REVISION, PARENT_ID, FIELD_ID, COLUMN_NAME, COLUMN_TYPE, REPORT_COLUMN_NAME, PRODUCT_FIELD, FIELD_TYPE, ENTITY_LOOKUP, ENTITY_LOOKUP_KEY, ORDER_BY, GENERATOR, REFER_TABLE, KEY_COLUMN, LOOKUP_COLUMN, MANDATORY, MIN_LENGTH, MAX_LENGTH, MIN_VALUE, MAX_VALUE, CONSTANT_VALUE, UNIQUE_KEY, CREATE_USER, CREATED_ON, LINE_NO, MANAGED, FIELD_PATH, DATA_TYPE, DATA1, DATA2, TRANSITIVE_FIELDS, FORMULA, ENTITY_LOOKUP_TYPE)
VALUES ('db22438fc5bd47c686a96e84015882f1', 0, '073410639e0f4278a78927ce8df188d5', 'custHcl2Ref', 'CUST_HCL2_REF', 'NVARCHAR2(1000)', 'N/A', 0, 'string-l', '', '', '', '', '', '', '', 0, NULL, 1000, NULL, NULL, '', '', 'system', systimestamp, '76', 0, 'entity.custHc.custHcl2Ref', '', '', '', '', '', '');
INSERT INTO CNT_FIELD_DEFINITION
 (ID, REVISION, PARENT_ID, FIELD_ID, COLUMN_NAME, COLUMN_TYPE, REPORT_COLUMN_NAME, PRODUCT_FIELD, FIELD_TYPE, ENTITY_LOOKUP, ENTITY_LOOKUP_KEY, ORDER_BY, GENERATOR, REFER_TABLE, KEY_COLUMN, LOOKUP_COLUMN, MANDATORY, MIN_LENGTH, MAX_LENGTH, MIN_VALUE, MAX_VALUE, CONSTANT_VALUE, UNIQUE_KEY, CREATE_USER, CREATED_ON, LINE_NO, MANAGED, FIELD_PATH, DATA_TYPE, DATA1, DATA2, TRANSITIVE_FIELDS, FORMULA, ENTITY_LOOKUP_TYPE)
VALUES ('8957439d362044959c2d9c05f7face2e', 0, '073410639e0f4278a78927ce8df188d5', 'custHcl2Ver', 'CUST_HCL2_VER', 'NUMBER(20, 0)', 'N/A', 0, 'integer', '', '', '', '', '', '', '', 0, NULL, 18, NULL, NULL, '', '', 'system', systimestamp, '77', 0, 'entity.custHc.custHcl2Ver', '', '', '', '', '', '');
INSERT INTO CNT_FIELD_DEFINITION
 (ID, REVISION, PARENT_ID, FIELD_ID, COLUMN_NAME, COLUMN_TYPE, REPORT_COLUMN_NAME, PRODUCT_FIELD, FIELD_TYPE, ENTITY_LOOKUP, ENTITY_LOOKUP_KEY, ORDER_BY, GENERATOR, REFER_TABLE, KEY_COLUMN, LOOKUP_COLUMN, MANDATORY, MIN_LENGTH, MAX_LENGTH, MIN_VALUE, MAX_VALUE, CONSTANT_VALUE, UNIQUE_KEY, CREATE_USER, CREATED_ON, LINE_NO, MANAGED, FIELD_PATH, DATA_TYPE, DATA1, DATA2, TRANSITIVE_FIELDS, FORMULA, ENTITY_LOOKUP_TYPE)
VALUES ('d8465b3fff274143a672e20ac1be4c7e', 0, '073410639e0f4278a78927ce8df188d5', 'custHcl2Ref2', 'CUST_HCL2_REF2', 'NVARCHAR2(1000)', 'N/A', 0, 'string-l', '', '', '', '', '', '', '', 0, NULL, 1000, NULL, NULL, '', '', 'system', systimestamp, '78', 0, 'entity.custHc.custHcl2Ref2', '', '', '', '', '', '');
INSERT INTO CNT_FIELD_DEFINITION
 (ID, REVISION, PARENT_ID, FIELD_ID, COLUMN_NAME, COLUMN_TYPE, REPORT_COLUMN_NAME, PRODUCT_FIELD, FIELD_TYPE, ENTITY_LOOKUP, ENTITY_LOOKUP_KEY, ORDER_BY, GENERATOR, REFER_TABLE, KEY_COLUMN, LOOKUP_COLUMN, MANDATORY, MIN_LENGTH, MAX_LENGTH, MIN_VALUE, MAX_VALUE, CONSTANT_VALUE, UNIQUE_KEY, CREATE_USER, CREATED_ON, LINE_NO, MANAGED, FIELD_PATH, DATA_TYPE, DATA1, DATA2, TRANSITIVE_FIELDS, FORMULA, ENTITY_LOOKUP_TYPE)
VALUES ('de322ea5e6604422983894f70975118a', 0, '073410639e0f4278a78927ce8df188d5', 'custHcl2FullLineage', 'CUST_HCL2_FULL_LINEAGE', 'NVARCHAR2(1000)', 'N/A', 0, 'string-l', '', '', '', '', '', '', '', 0, NULL, 1000, NULL, NULL, '', '', 'system', systimestamp, '79', 0, 'entity.custHc.custHcl2FullLineage', '', '', '', '', '', '');
INSERT INTO CNT_FIELD_DEFINITION
 (ID, REVISION, PARENT_ID, FIELD_ID, COLUMN_NAME, COLUMN_TYPE, REPORT_COLUMN_NAME, PRODUCT_FIELD, FIELD_TYPE, ENTITY_LOOKUP, ENTITY_LOOKUP_KEY, ORDER_BY, GENERATOR, REFER_TABLE, KEY_COLUMN, LOOKUP_COLUMN, MANDATORY, MIN_LENGTH, MAX_LENGTH, MIN_VALUE, MAX_VALUE, CONSTANT_VALUE, UNIQUE_KEY, CREATE_USER, CREATED_ON, LINE_NO, MANAGED, FIELD_PATH, DATA_TYPE, DATA1, DATA2, TRANSITIVE_FIELDS, FORMULA, ENTITY_LOOKUP_TYPE)
VALUES ('17c4163afb2940c199dd8c46d5f66573', 0, '073410639e0f4278a78927ce8df188d5', 'custHcl3Ref', 'CUST_HCL3_REF', 'NVARCHAR2(1000)', 'N/A', 0, 'string-l', '', '', '', '', '', '', '', 0, NULL, 1000, NULL, NULL, '', '', 'system', systimestamp, '80', 0, 'entity.custHc.custHcl3Ref', '', '', '', '', '', '');
INSERT INTO CNT_FIELD_DEFINITION
 (ID, REVISION, PARENT_ID, FIELD_ID, COLUMN_NAME, COLUMN_TYPE, REPORT_COLUMN_NAME, PRODUCT_FIELD, FIELD_TYPE, ENTITY_LOOKUP, ENTITY_LOOKUP_KEY, ORDER_BY, GENERATOR, REFER_TABLE, KEY_COLUMN, LOOKUP_COLUMN, MANDATORY, MIN_LENGTH, MAX_LENGTH, MIN_VALUE, MAX_VALUE, CONSTANT_VALUE, UNIQUE_KEY, CREATE_USER, CREATED_ON, LINE_NO, MANAGED, FIELD_PATH, DATA_TYPE, DATA1, DATA2, TRANSITIVE_FIELDS, FORMULA, ENTITY_LOOKUP_TYPE)
VALUES ('e5f9cd9791dd427099c0597b0f2c26dd', 0, '073410639e0f4278a78927ce8df188d5', 'custHcl3Ver', 'CUST_HCL3_VER', 'NUMBER(20, 0)', 'N/A', 0, 'integer', '', '', '', '', '', '', '', 0, NULL, 18, NULL, NULL, '', '', 'system', systimestamp, '81', 0, 'entity.custHc.custHcl3Ver', '', '', '', '', '', '');
INSERT INTO CNT_FIELD_DEFINITION
 (ID, REVISION, PARENT_ID, FIELD_ID, COLUMN_NAME, COLUMN_TYPE, REPORT_COLUMN_NAME, PRODUCT_FIELD, FIELD_TYPE, ENTITY_LOOKUP, ENTITY_LOOKUP_KEY, ORDER_BY, GENERATOR, REFER_TABLE, KEY_COLUMN, LOOKUP_COLUMN, MANDATORY, MIN_LENGTH, MAX_LENGTH, MIN_VALUE, MAX_VALUE, CONSTANT_VALUE, UNIQUE_KEY, CREATE_USER, CREATED_ON, LINE_NO, MANAGED, FIELD_PATH, DATA_TYPE, DATA1, DATA2, TRANSITIVE_FIELDS, FORMULA, ENTITY_LOOKUP_TYPE)
VALUES ('17a8fa4d9a774dd6a4e6446d2e3828d7', 0, '073410639e0f4278a78927ce8df188d5', 'custHcl3Ref2', 'CUST_HCL3_REF2', 'NVARCHAR2(1000)', 'N/A', 0, 'string-l', '', '', '', '', '', '', '', 0, NULL, 1000, NULL, NULL, '', '', 'system', systimestamp, '82', 0, 'entity.custHc.custHcl3Ref2', '', '', '', '', '', '');
INSERT INTO CNT_FIELD_DEFINITION
 (ID, REVISION, PARENT_ID, FIELD_ID, COLUMN_NAME, COLUMN_TYPE, REPORT_COLUMN_NAME, PRODUCT_FIELD, FIELD_TYPE, ENTITY_LOOKUP, ENTITY_LOOKUP_KEY, ORDER_BY, GENERATOR, REFER_TABLE, KEY_COLUMN, LOOKUP_COLUMN, MANDATORY, MIN_LENGTH, MAX_LENGTH, MIN_VALUE, MAX_VALUE, CONSTANT_VALUE, UNIQUE_KEY, CREATE_USER, CREATED_ON, LINE_NO, MANAGED, FIELD_PATH, DATA_TYPE, DATA1, DATA2, TRANSITIVE_FIELDS, FORMULA, ENTITY_LOOKUP_TYPE)
VALUES ('5ebc1cf96acd4a4a96dddc1f5949acaa', 0, '073410639e0f4278a78927ce8df188d5', 'custHcl3FullLineage', 'CUST_HCL3_FULL_LINEAGE', 'NVARCHAR2(1000)', 'N/A', 0, 'string-l', '', '', '', '', '', '', '', 0, NULL, 1000, NULL, NULL, '', '', 'system', systimestamp, '83', 0, 'entity.custHc.custHcl3FullLineage', '', '', '', '', '', '');
INSERT INTO CNT_FIELD_DEFINITION
 (ID, REVISION, PARENT_ID, FIELD_ID, COLUMN_NAME, COLUMN_TYPE, REPORT_COLUMN_NAME, PRODUCT_FIELD, FIELD_TYPE, ENTITY_LOOKUP, ENTITY_LOOKUP_KEY, ORDER_BY, GENERATOR, REFER_TABLE, KEY_COLUMN, LOOKUP_COLUMN, MANDATORY, MIN_LENGTH, MAX_LENGTH, MIN_VALUE, MAX_VALUE, CONSTANT_VALUE, UNIQUE_KEY, CREATE_USER, CREATED_ON, LINE_NO, MANAGED, FIELD_PATH, DATA_TYPE, DATA1, DATA2, TRANSITIVE_FIELDS, FORMULA, ENTITY_LOOKUP_TYPE)
VALUES ('bc7af39313034eae8fcf1b5207110191', 0, '073410639e0f4278a78927ce8df188d5', 'custHcl4Ref', 'CUST_HCL4_REF', 'NVARCHAR2(1000)', 'N/A', 0, 'string-l', '', '', '', '', '', '', '', 0, NULL, 1000, NULL, NULL, '', '', 'system', systimestamp, '84', 0, 'entity.custHc.custHcl4Ref', '', '', '', '', '', '');
INSERT INTO CNT_FIELD_DEFINITION
 (ID, REVISION, PARENT_ID, FIELD_ID, COLUMN_NAME, COLUMN_TYPE, REPORT_COLUMN_NAME, PRODUCT_FIELD, FIELD_TYPE, ENTITY_LOOKUP, ENTITY_LOOKUP_KEY, ORDER_BY, GENERATOR, REFER_TABLE, KEY_COLUMN, LOOKUP_COLUMN, MANDATORY, MIN_LENGTH, MAX_LENGTH, MIN_VALUE, MAX_VALUE, CONSTANT_VALUE, UNIQUE_KEY, CREATE_USER, CREATED_ON, LINE_NO, MANAGED, FIELD_PATH, DATA_TYPE, DATA1, DATA2, TRANSITIVE_FIELDS, FORMULA, ENTITY_LOOKUP_TYPE)
VALUES ('3d70ceb8f5a147c59dd24d707d48e51c', 0, '073410639e0f4278a78927ce8df188d5', 'custHcl4Ver', 'CUST_HCL4_VER', 'NUMBER(20, 0)', 'N/A', 0, 'integer', '', '', '', '', '', '', '', 0, NULL, 18, NULL, NULL, '', '', 'system', systimestamp, '85', 0, 'entity.custHc.custHcl4Ver', '', '', '', '', '', '');
INSERT INTO CNT_FIELD_DEFINITION
 (ID, REVISION, PARENT_ID, FIELD_ID, COLUMN_NAME, COLUMN_TYPE, REPORT_COLUMN_NAME, PRODUCT_FIELD, FIELD_TYPE, ENTITY_LOOKUP, ENTITY_LOOKUP_KEY, ORDER_BY, GENERATOR, REFER_TABLE, KEY_COLUMN, LOOKUP_COLUMN, MANDATORY, MIN_LENGTH, MAX_LENGTH, MIN_VALUE, MAX_VALUE, CONSTANT_VALUE, UNIQUE_KEY, CREATE_USER, CREATED_ON, LINE_NO, MANAGED, FIELD_PATH, DATA_TYPE, DATA1, DATA2, TRANSITIVE_FIELDS, FORMULA, ENTITY_LOOKUP_TYPE)
VALUES ('24b9dd666b6d4ba7ae0310227185d920', 0, '073410639e0f4278a78927ce8df188d5', 'custHcl4Ref2', 'CUST_HCL4_REF2', 'NVARCHAR2(1000)', 'N/A', 0, 'string-l', '', '', '', '', '', '', '', 0, NULL, 1000, NULL, NULL, '', '', 'system', systimestamp, '86', 0, 'entity.custHc.custHcl4Ref2', '', '', '', '', '', '');
INSERT INTO CNT_FIELD_DEFINITION
 (ID, REVISION, PARENT_ID, FIELD_ID, COLUMN_NAME, COLUMN_TYPE, REPORT_COLUMN_NAME, PRODUCT_FIELD, FIELD_TYPE, ENTITY_LOOKUP, ENTITY_LOOKUP_KEY, ORDER_BY, GENERATOR, REFER_TABLE, KEY_COLUMN, LOOKUP_COLUMN, MANDATORY, MIN_LENGTH, MAX_LENGTH, MIN_VALUE, MAX_VALUE, CONSTANT_VALUE, UNIQUE_KEY, CREATE_USER, CREATED_ON, LINE_NO, MANAGED, FIELD_PATH, DATA_TYPE, DATA1, DATA2, TRANSITIVE_FIELDS, FORMULA, ENTITY_LOOKUP_TYPE)
VALUES ('14ca62fc7e664c72837e366383ed3cdb', 0, '073410639e0f4278a78927ce8df188d5', 'custHcl4FullLineage', 'CUST_HCL4_FULL_LINEAGE', 'NVARCHAR2(1000)', 'N/A', 0, 'string-l', '', '', '', '', '', '', '', 0, NULL, 1000, NULL, NULL, '', '', 'system', systimestamp, '87', 0, 'entity.custHc.custHcl4FullLineage', '', '', '', '', '', '');
INSERT INTO CNT_FIELD_DEFINITION
 (ID, REVISION, PARENT_ID, FIELD_ID, COLUMN_NAME, COLUMN_TYPE, REPORT_COLUMN_NAME, PRODUCT_FIELD, FIELD_TYPE, ENTITY_LOOKUP, ENTITY_LOOKUP_KEY, ORDER_BY, GENERATOR, REFER_TABLE, KEY_COLUMN, LOOKUP_COLUMN, MANDATORY, MIN_LENGTH, MAX_LENGTH, MIN_VALUE, MAX_VALUE, CONSTANT_VALUE, UNIQUE_KEY, CREATE_USER, CREATED_ON, LINE_NO, MANAGED, FIELD_PATH, DATA_TYPE, DATA1, DATA2, TRANSITIVE_FIELDS, FORMULA, ENTITY_LOOKUP_TYPE)
VALUES ('64ea2817ae5d4d888fd3cb15136aa6fb', 0, '073410639e0f4278a78927ce8df188d5', 'custHcl5Ref', 'CUST_HCL5_REF', 'NVARCHAR2(1000)', 'N/A', 0, 'string-l', '', '', '', '', '', '', '', 0, NULL, 1000, NULL, NULL, '', '', 'system', systimestamp, '88', 0, 'entity.custHc.custHcl5Ref', '', '', '', '', '', '');
INSERT INTO CNT_FIELD_DEFINITION
 (ID, REVISION, PARENT_ID, FIELD_ID, COLUMN_NAME, COLUMN_TYPE, REPORT_COLUMN_NAME, PRODUCT_FIELD, FIELD_TYPE, ENTITY_LOOKUP, ENTITY_LOOKUP_KEY, ORDER_BY, GENERATOR, REFER_TABLE, KEY_COLUMN, LOOKUP_COLUMN, MANDATORY, MIN_LENGTH, MAX_LENGTH, MIN_VALUE, MAX_VALUE, CONSTANT_VALUE, UNIQUE_KEY, CREATE_USER, CREATED_ON, LINE_NO, MANAGED, FIELD_PATH, DATA_TYPE, DATA1, DATA2, TRANSITIVE_FIELDS, FORMULA, ENTITY_LOOKUP_TYPE)
VALUES ('673a305b6cac474dbb18d2eb43af7645', 0, '073410639e0f4278a78927ce8df188d5', 'custHcl5Ver', 'CUST_HCL5_VER', 'NUMBER(20, 0)', 'N/A', 0, 'integer', '', '', '', '', '', '', '', 0, NULL, 18, NULL, NULL, '', '', 'system', systimestamp, '89', 0, 'entity.custHc.custHcl5Ver', '', '', '', '', '', '');
INSERT INTO CNT_FIELD_DEFINITION
 (ID, REVISION, PARENT_ID, FIELD_ID, COLUMN_NAME, COLUMN_TYPE, REPORT_COLUMN_NAME, PRODUCT_FIELD, FIELD_TYPE, ENTITY_LOOKUP, ENTITY_LOOKUP_KEY, ORDER_BY, GENERATOR, REFER_TABLE, KEY_COLUMN, LOOKUP_COLUMN, MANDATORY, MIN_LENGTH, MAX_LENGTH, MIN_VALUE, MAX_VALUE, CONSTANT_VALUE, UNIQUE_KEY, CREATE_USER, CREATED_ON, LINE_NO, MANAGED, FIELD_PATH, DATA_TYPE, DATA1, DATA2, TRANSITIVE_FIELDS, FORMULA, ENTITY_LOOKUP_TYPE)
VALUES ('83c4c065f8cd425fabcf6bd4e7df51fd', 0, '073410639e0f4278a78927ce8df188d5', 'custHcl5Ref2', 'CUST_HCL5_REF2', 'NVARCHAR2(1000)', 'N/A', 0, 'string-l', '', '', '', '', '', '', '', 0, NULL, 1000, NULL, NULL, '', '', 'system', systimestamp, '90', 0, 'entity.custHc.custHcl5Ref2', '', '', '', '', '', '');
INSERT INTO CNT_FIELD_DEFINITION
 (ID, REVISION, PARENT_ID, FIELD_ID, COLUMN_NAME, COLUMN_TYPE, REPORT_COLUMN_NAME, PRODUCT_FIELD, FIELD_TYPE, ENTITY_LOOKUP, ENTITY_LOOKUP_KEY, ORDER_BY, GENERATOR, REFER_TABLE, KEY_COLUMN, LOOKUP_COLUMN, MANDATORY, MIN_LENGTH, MAX_LENGTH, MIN_VALUE, MAX_VALUE, CONSTANT_VALUE, UNIQUE_KEY, CREATE_USER, CREATED_ON, LINE_NO, MANAGED, FIELD_PATH, DATA_TYPE, DATA1, DATA2, TRANSITIVE_FIELDS, FORMULA, ENTITY_LOOKUP_TYPE)
VALUES ('4000661fe67843fe9257bb83609c1a84', 0, '073410639e0f4278a78927ce8df188d5', 'custHcl5FullLineage', 'CUST_HCL5_FULL_LINEAGE', 'NVARCHAR2(1000)', 'N/A', 0, 'string-l', '', '', '', '', '', '', '', 0, NULL, 1000, NULL, NULL, '', '', 'system', systimestamp, '91', 0, 'entity.custHc.custHcl5FullLineage', '', '', '', '', '', '');
INSERT INTO CNT_ENTITY_DEFINITION
 (ID, REVISION, ENTITY_NAME, ENTITY_VERSION, PRODUCT_TABLE_NAME, CUSTOM_TABLE_NAME, REPORT_TABLE_NAME, MODULE, TYPE, REVISION_TRACKING, VERSION_TRACKING, HISTORY_ENTITY_NAME, REF_PATTERN, SYSTEM_ENTITY, CREATE_USER, CREATED_ON, IS_FOR_EXTERNAL)
VALUES ('e9936c3542374f2b816ff6fc5f3753e0', 0, 'CustAddress', 1, 'CNT_CUST_ADDRESS', 'CTM_CUST', 'CUSTOMER_ADDRESS', 'cust', 'inner', 'ALL', 'ALL', '', '', 0, 'system', systimestamp, 0);
INSERT INTO CNT_FIELD_DEFINITION
 (ID, REVISION, PARENT_ID, FIELD_ID, COLUMN_NAME, COLUMN_TYPE, REPORT_COLUMN_NAME, PRODUCT_FIELD, FIELD_TYPE, ENTITY_LOOKUP, ENTITY_LOOKUP_KEY, ORDER_BY, GENERATOR, REFER_TABLE, KEY_COLUMN, LOOKUP_COLUMN, MANDATORY, MIN_LENGTH, MAX_LENGTH, MIN_VALUE, MAX_VALUE, CONSTANT_VALUE, UNIQUE_KEY, CREATE_USER, CREATED_ON, LINE_NO, MANAGED, FIELD_PATH, DATA_TYPE, DATA1, DATA2, TRANSITIVE_FIELDS, FORMULA, ENTITY_LOOKUP_TYPE)
VALUES ('3632ea7ed2874bdfbe4d30f5e75765b1', 0, 'e9936c3542374f2b816ff6fc5f3753e0', 'id', 'ID', 'CHAR(32)', '', 1, 'id', '', '', '', 'com.core.cbx.data.generator.UUIDGenerator', '', '', '', 0, 32, 32, NULL, NULL, '', '', 'system', systimestamp, '0', 0, 'entity.custAddress.id', '', '', '', '', '', '');
INSERT INTO CNT_FIELD_DEFINITION
 (ID, REVISION, PARENT_ID, FIELD_ID, COLUMN_NAME, COLUMN_TYPE, REPORT_COLUMN_NAME, PRODUCT_FIELD, FIELD_TYPE, ENTITY_LOOKUP, ENTITY_LOOKUP_KEY, ORDER_BY, GENERATOR, REFER_TABLE, KEY_COLUMN, LOOKUP_COLUMN, MANDATORY, MIN_LENGTH, MAX_LENGTH, MIN_VALUE, MAX_VALUE, CONSTANT_VALUE, UNIQUE_KEY, CREATE_USER, CREATED_ON, LINE_NO, MANAGED, FIELD_PATH, DATA_TYPE, DATA1, DATA2, TRANSITIVE_FIELDS, FORMULA, ENTITY_LOOKUP_TYPE)
VALUES ('6213b03de11a40809ecbceb8599036ec', 0, 'e9936c3542374f2b816ff6fc5f3753e0', 'revision', 'REVISION', 'NUMBER(20, 0)', '', 1, 'integer', '', '', '', '', '', '', '', 0, NULL, 18, NULL, NULL, '', '', 'system', systimestamp, '1', 0, 'entity.custAddress.revision', '', '', '', '', '', '');
INSERT INTO CNT_FIELD_DEFINITION
 (ID, REVISION, PARENT_ID, FIELD_ID, COLUMN_NAME, COLUMN_TYPE, REPORT_COLUMN_NAME, PRODUCT_FIELD, FIELD_TYPE, ENTITY_LOOKUP, ENTITY_LOOKUP_KEY, ORDER_BY, GENERATOR, REFER_TABLE, KEY_COLUMN, LOOKUP_COLUMN, MANDATORY, MIN_LENGTH, MAX_LENGTH, MIN_VALUE, MAX_VALUE, CONSTANT_VALUE, UNIQUE_KEY, CREATE_USER, CREATED_ON, LINE_NO, MANAGED, FIELD_PATH, DATA_TYPE, DATA1, DATA2, TRANSITIVE_FIELDS, FORMULA, ENTITY_LOOKUP_TYPE)
VALUES ('c2c0c89d10794fdb9b9df872eca94c4d', 0, 'e9936c3542374f2b816ff6fc5f3753e0', 'entityVersion', 'ENTITY_VERSION', 'NUMBER(20, 0)', '', 1, 'integer', '', '', '', '', '', '', '', 0, NULL, 18, NULL, NULL, '', '', 'system', systimestamp, '2', 0, 'entity.custAddress.entityVersion', '', '', '', '', '', '');
INSERT INTO CNT_FIELD_DEFINITION
 (ID, REVISION, PARENT_ID, FIELD_ID, COLUMN_NAME, COLUMN_TYPE, REPORT_COLUMN_NAME, PRODUCT_FIELD, FIELD_TYPE, ENTITY_LOOKUP, ENTITY_LOOKUP_KEY, ORDER_BY, GENERATOR, REFER_TABLE, KEY_COLUMN, LOOKUP_COLUMN, MANDATORY, MIN_LENGTH, MAX_LENGTH, MIN_VALUE, MAX_VALUE, CONSTANT_VALUE, UNIQUE_KEY, CREATE_USER, CREATED_ON, LINE_NO, MANAGED, FIELD_PATH, DATA_TYPE, DATA1, DATA2, TRANSITIVE_FIELDS, FORMULA, ENTITY_LOOKUP_TYPE)
VALUES ('4a75783c6cf84e2e8462923afd711a57', 0, 'e9936c3542374f2b816ff6fc5f3753e0', 'domainId', 'DOMAIN_ID', 'NVARCHAR2(400)', '', 1, 'string-m', '', '', '', '', '', '', '', 0, NULL, 400, NULL, NULL, '', '', 'system', systimestamp, '3', 0, 'entity.custAddress.domainId', '', '', '', '', '', '');
INSERT INTO CNT_FIELD_DEFINITION
 (ID, REVISION, PARENT_ID, FIELD_ID, COLUMN_NAME, COLUMN_TYPE, REPORT_COLUMN_NAME, PRODUCT_FIELD, FIELD_TYPE, ENTITY_LOOKUP, ENTITY_LOOKUP_KEY, ORDER_BY, GENERATOR, REFER_TABLE, KEY_COLUMN, LOOKUP_COLUMN, MANDATORY, MIN_LENGTH, MAX_LENGTH, MIN_VALUE, MAX_VALUE, CONSTANT_VALUE, UNIQUE_KEY, CREATE_USER, CREATED_ON, LINE_NO, MANAGED, FIELD_PATH, DATA_TYPE, DATA1, DATA2, TRANSITIVE_FIELDS, FORMULA, ENTITY_LOOKUP_TYPE)
VALUES ('34b14875524e491c884ed1bdb88ebdb9', 0, 'e9936c3542374f2b816ff6fc5f3753e0', 'hubDomainId', 'HUB_DOMAIN_ID', 'NVARCHAR2(400)', '', 1, 'string-m', '', '', '', '', '', '', '', 0, NULL, 400, NULL, NULL, '', '', 'system', systimestamp, '4', 0, 'entity.custAddress.hubDomainId', '', '', '', '', '', '');
INSERT INTO CNT_FIELD_DEFINITION
 (ID, REVISION, PARENT_ID, FIELD_ID, COLUMN_NAME, COLUMN_TYPE, REPORT_COLUMN_NAME, PRODUCT_FIELD, FIELD_TYPE, ENTITY_LOOKUP, ENTITY_LOOKUP_KEY, ORDER_BY, GENERATOR, REFER_TABLE, KEY_COLUMN, LOOKUP_COLUMN, MANDATORY, MIN_LENGTH, MAX_LENGTH, MIN_VALUE, MAX_VALUE, CONSTANT_VALUE, UNIQUE_KEY, CREATE_USER, CREATED_ON, LINE_NO, MANAGED, FIELD_PATH, DATA_TYPE, DATA1, DATA2, TRANSITIVE_FIELDS, FORMULA, ENTITY_LOOKUP_TYPE)
VALUES ('32c237c2bfba49f0858ff12821f8fd9a', 0, 'e9936c3542374f2b816ff6fc5f3753e0', 'isForReference', 'IS_FOR_REFERENCE', 'NUMBER(1,0)', '', 1, 'boolean', '', '', '', '', '', '', '', 0, NULL, NULL, NULL, NULL, '', '', 'system', systimestamp, '5', 0, 'entity.custAddress.isForReference', '', '', '', '', '', '');
INSERT INTO CNT_FIELD_DEFINITION
 (ID, REVISION, PARENT_ID, FIELD_ID, COLUMN_NAME, COLUMN_TYPE, REPORT_COLUMN_NAME, PRODUCT_FIELD, FIELD_TYPE, ENTITY_LOOKUP, ENTITY_LOOKUP_KEY, ORDER_BY, GENERATOR, REFER_TABLE, KEY_COLUMN, LOOKUP_COLUMN, MANDATORY, MIN_LENGTH, MAX_LENGTH, MIN_VALUE, MAX_VALUE, CONSTANT_VALUE, UNIQUE_KEY, CREATE_USER, CREATED_ON, LINE_NO, MANAGED, FIELD_PATH, DATA_TYPE, DATA1, DATA2, TRANSITIVE_FIELDS, FORMULA, ENTITY_LOOKUP_TYPE)
VALUES ('771a2ee7c99e4b56b349392d427c8d08', 0, 'e9936c3542374f2b816ff6fc5f3753e0', 'internalSeqNo', 'INTERNAL_SEQ_NO', 'NUMBER(20, 0)', 'n/a', 1, 'integer', '', '', '', '', '', '', '', 0, NULL, 18, NULL, NULL, '', '', 'system', systimestamp, '6', 0, 'entity.custAddress.internalSeqNo', '', '', '', '', '', '');
INSERT INTO CNT_FIELD_DEFINITION
 (ID, REVISION, PARENT_ID, FIELD_ID, COLUMN_NAME, COLUMN_TYPE, REPORT_COLUMN_NAME, PRODUCT_FIELD, FIELD_TYPE, ENTITY_LOOKUP, ENTITY_LOOKUP_KEY, ORDER_BY, GENERATOR, REFER_TABLE, KEY_COLUMN, LOOKUP_COLUMN, MANDATORY, MIN_LENGTH, MAX_LENGTH, MIN_VALUE, MAX_VALUE, CONSTANT_VALUE, UNIQUE_KEY, CREATE_USER, CREATED_ON, LINE_NO, MANAGED, FIELD_PATH, DATA_TYPE, DATA1, DATA2, TRANSITIVE_FIELDS, FORMULA, ENTITY_LOOKUP_TYPE)
VALUES ('a982091453bb497797bab9ae26af89bd', 0, 'e9936c3542374f2b816ff6fc5f3753e0', 'custId', 'CUST_ID', 'CHAR(32)', 'CUSTOMER_SYS_ID', 1, 'id', '', '', '', '', '', '', '', 1, 32, 32, NULL, NULL, '', '', 'system', systimestamp, '7', 0, 'entity.custAddress.custId', '', '', '', '', '', '');
INSERT INTO CNT_FIELD_DEFINITION
 (ID, REVISION, PARENT_ID, FIELD_ID, COLUMN_NAME, COLUMN_TYPE, REPORT_COLUMN_NAME, PRODUCT_FIELD, FIELD_TYPE, ENTITY_LOOKUP, ENTITY_LOOKUP_KEY, ORDER_BY, GENERATOR, REFER_TABLE, KEY_COLUMN, LOOKUP_COLUMN, MANDATORY, MIN_LENGTH, MAX_LENGTH, MIN_VALUE, MAX_VALUE, CONSTANT_VALUE, UNIQUE_KEY, CREATE_USER, CREATED_ON, LINE_NO, MANAGED, FIELD_PATH, DATA_TYPE, DATA1, DATA2, TRANSITIVE_FIELDS, FORMULA, ENTITY_LOOKUP_TYPE)
VALUES ('0e3e50711772432da789578cab13db84', 0, 'e9936c3542374f2b816ff6fc5f3753e0', 'isDefault', 'IS_DEFAULT', 'NUMBER(1,0)', 'IS_DEFAULT', 1, 'boolean', '', '', '', '', '', '', '', 0, NULL, NULL, NULL, NULL, '', '', 'system', systimestamp, '8', 0, 'entity.custAddress.isDefault', '', '', '', '', '', '');
INSERT INTO CNT_FIELD_DEFINITION
 (ID, REVISION, PARENT_ID, FIELD_ID, COLUMN_NAME, COLUMN_TYPE, REPORT_COLUMN_NAME, PRODUCT_FIELD, FIELD_TYPE, ENTITY_LOOKUP, ENTITY_LOOKUP_KEY, ORDER_BY, GENERATOR, REFER_TABLE, KEY_COLUMN, LOOKUP_COLUMN, MANDATORY, MIN_LENGTH, MAX_LENGTH, MIN_VALUE, MAX_VALUE, CONSTANT_VALUE, UNIQUE_KEY, CREATE_USER, CREATED_ON, LINE_NO, MANAGED, FIELD_PATH, DATA_TYPE, DATA1, DATA2, TRANSITIVE_FIELDS, FORMULA, ENTITY_LOOKUP_TYPE)
VALUES ('7fe4997527c34fc588fdbf5ac9b11985', 0, 'e9936c3542374f2b816ff6fc5f3753e0', 'companyName', 'COMPANY_NAME', 'NVARCHAR2(400)', 'COMPANY_NAME', 1, 'string-m', '', '', '', '', '', '', '', 0, NULL, 400, NULL, NULL, '', '', 'system', systimestamp, '9', 0, 'entity.custAddress.companyName', '', '', '', '', '', '');
INSERT INTO CNT_FIELD_DEFINITION
 (ID, REVISION, PARENT_ID, FIELD_ID, COLUMN_NAME, COLUMN_TYPE, REPORT_COLUMN_NAME, PRODUCT_FIELD, FIELD_TYPE, ENTITY_LOOKUP, ENTITY_LOOKUP_KEY, ORDER_BY, GENERATOR, REFER_TABLE, KEY_COLUMN, LOOKUP_COLUMN, MANDATORY, MIN_LENGTH, MAX_LENGTH, MIN_VALUE, MAX_VALUE, CONSTANT_VALUE, UNIQUE_KEY, CREATE_USER, CREATED_ON, LINE_NO, MANAGED, FIELD_PATH, DATA_TYPE, DATA1, DATA2, TRANSITIVE_FIELDS, FORMULA, ENTITY_LOOKUP_TYPE)
VALUES ('8422c2d157d446a482897c82e1a2a417', 0, 'e9936c3542374f2b816ff6fc5f3753e0', 'address1', 'ADDRESS1', 'NVARCHAR2(1000)', 'ADDRESS1', 1, 'string-l', '', '', '', '', '', '', '', 0, NULL, 1000, NULL, NULL, '', '', 'system', systimestamp, '10', 0, 'entity.custAddress.address1', '', '', '', '', '', '');
INSERT INTO CNT_FIELD_DEFINITION
 (ID, REVISION, PARENT_ID, FIELD_ID, COLUMN_NAME, COLUMN_TYPE, REPORT_COLUMN_NAME, PRODUCT_FIELD, FIELD_TYPE, ENTITY_LOOKUP, ENTITY_LOOKUP_KEY, ORDER_BY, GENERATOR, REFER_TABLE, KEY_COLUMN, LOOKUP_COLUMN, MANDATORY, MIN_LENGTH, MAX_LENGTH, MIN_VALUE, MAX_VALUE, CONSTANT_VALUE, UNIQUE_KEY, CREATE_USER, CREATED_ON, LINE_NO, MANAGED, FIELD_PATH, DATA_TYPE, DATA1, DATA2, TRANSITIVE_FIELDS, FORMULA, ENTITY_LOOKUP_TYPE)
VALUES ('6827dc31435146c88c16f38c6b1bb005', 0, 'e9936c3542374f2b816ff6fc5f3753e0', 'address2', 'ADDRESS2', 'NVARCHAR2(1000)', 'ADDRESS2', 1, 'string-l', '', '', '', '', '', '', '', 0, NULL, 1000, NULL, NULL, '', '', 'system', systimestamp, '11', 0, 'entity.custAddress.address2', '', '', '', '', '', '');
INSERT INTO CNT_FIELD_DEFINITION
 (ID, REVISION, PARENT_ID, FIELD_ID, COLUMN_NAME, COLUMN_TYPE, REPORT_COLUMN_NAME, PRODUCT_FIELD, FIELD_TYPE, ENTITY_LOOKUP, ENTITY_LOOKUP_KEY, ORDER_BY, GENERATOR, REFER_TABLE, KEY_COLUMN, LOOKUP_COLUMN, MANDATORY, MIN_LENGTH, MAX_LENGTH, MIN_VALUE, MAX_VALUE, CONSTANT_VALUE, UNIQUE_KEY, CREATE_USER, CREATED_ON, LINE_NO, MANAGED, FIELD_PATH, DATA_TYPE, DATA1, DATA2, TRANSITIVE_FIELDS, FORMULA, ENTITY_LOOKUP_TYPE)
VALUES ('ba452dd07ff84458b9eeeeca4bdad9ec', 0, 'e9936c3542374f2b816ff6fc5f3753e0', 'address3', 'ADDRESS3', 'NVARCHAR2(1000)', 'ADDRESS3', 1, 'string-l', '', '', '', '', '', '', '', 0, NULL, 1000, NULL, NULL, '', '', 'system', systimestamp, '12', 0, 'entity.custAddress.address3', '', '', '', '', '', '');
INSERT INTO CNT_FIELD_DEFINITION
 (ID, REVISION, PARENT_ID, FIELD_ID, COLUMN_NAME, COLUMN_TYPE, REPORT_COLUMN_NAME, PRODUCT_FIELD, FIELD_TYPE, ENTITY_LOOKUP, ENTITY_LOOKUP_KEY, ORDER_BY, GENERATOR, REFER_TABLE, KEY_COLUMN, LOOKUP_COLUMN, MANDATORY, MIN_LENGTH, MAX_LENGTH, MIN_VALUE, MAX_VALUE, CONSTANT_VALUE, UNIQUE_KEY, CREATE_USER, CREATED_ON, LINE_NO, MANAGED, FIELD_PATH, DATA_TYPE, DATA1, DATA2, TRANSITIVE_FIELDS, FORMULA, ENTITY_LOOKUP_TYPE)
VALUES ('62c98f322cc0451f892346bdb77357ef', 0, 'e9936c3542374f2b816ff6fc5f3753e0', 'address4', 'ADDRESS4', 'NVARCHAR2(1000)', 'ADDRESS4', 1, 'string-l', '', '', '', '', '', '', '', 0, NULL, 1000, NULL, NULL, '', '', 'system', systimestamp, '13', 0, 'entity.custAddress.address4', '', '', '', '', '', '');
INSERT INTO CNT_FIELD_DEFINITION
 (ID, REVISION, PARENT_ID, FIELD_ID, COLUMN_NAME, COLUMN_TYPE, REPORT_COLUMN_NAME, PRODUCT_FIELD, FIELD_TYPE, ENTITY_LOOKUP, ENTITY_LOOKUP_KEY, ORDER_BY, GENERATOR, REFER_TABLE, KEY_COLUMN, LOOKUP_COLUMN, MANDATORY, MIN_LENGTH, MAX_LENGTH, MIN_VALUE, MAX_VALUE, CONSTANT_VALUE, UNIQUE_KEY, CREATE_USER, CREATED_ON, LINE_NO, MANAGED, FIELD_PATH, DATA_TYPE, DATA1, DATA2, TRANSITIVE_FIELDS, FORMULA, ENTITY_LOOKUP_TYPE)
VALUES ('1ba642ed3c50428f84e81142edfd1da9', 0, 'e9936c3542374f2b816ff6fc5f3753e0', 'city', 'CITY', 'NVARCHAR2(400)', 'CITY', 1, 'string-m', '', '', '', '', '', '', '', 0, NULL, 400, NULL, NULL, '', '', 'system', systimestamp, '14', 0, 'entity.custAddress.city', '', '', '', '', '', '');
INSERT INTO CNT_FIELD_DEFINITION
 (ID, REVISION, PARENT_ID, FIELD_ID, COLUMN_NAME, COLUMN_TYPE, REPORT_COLUMN_NAME, PRODUCT_FIELD, FIELD_TYPE, ENTITY_LOOKUP, ENTITY_LOOKUP_KEY, ORDER_BY, GENERATOR, REFER_TABLE, KEY_COLUMN, LOOKUP_COLUMN, MANDATORY, MIN_LENGTH, MAX_LENGTH, MIN_VALUE, MAX_VALUE, CONSTANT_VALUE, UNIQUE_KEY, CREATE_USER, CREATED_ON, LINE_NO, MANAGED, FIELD_PATH, DATA_TYPE, DATA1, DATA2, TRANSITIVE_FIELDS, FORMULA, ENTITY_LOOKUP_TYPE)
VALUES ('74c4abe1963847a0ab3823d4c615272f', 0, 'e9936c3542374f2b816ff6fc5f3753e0', 'state', 'STATE', 'NVARCHAR2(400)', 'STATE', 1, 'string-m', '', '', '', '', '', '', '', 0, NULL, 400, NULL, NULL, '', '', 'system', systimestamp, '15', 0, 'entity.custAddress.state', '', '', '', '', '', '');
INSERT INTO CNT_FIELD_DEFINITION
 (ID, REVISION, PARENT_ID, FIELD_ID, COLUMN_NAME, COLUMN_TYPE, REPORT_COLUMN_NAME, PRODUCT_FIELD, FIELD_TYPE, ENTITY_LOOKUP, ENTITY_LOOKUP_KEY, ORDER_BY, GENERATOR, REFER_TABLE, KEY_COLUMN, LOOKUP_COLUMN, MANDATORY, MIN_LENGTH, MAX_LENGTH, MIN_VALUE, MAX_VALUE, CONSTANT_VALUE, UNIQUE_KEY, CREATE_USER, CREATED_ON, LINE_NO, MANAGED, FIELD_PATH, DATA_TYPE, DATA1, DATA2, TRANSITIVE_FIELDS, FORMULA, ENTITY_LOOKUP_TYPE)
VALUES ('f7f93e4967574457b3917970f6763bec', 0, 'e9936c3542374f2b816ff6fc5f3753e0', 'postalCode', 'POSTAL_CODE', 'NVARCHAR2(400)', 'POSTAL_CODE', 1, 'string-m', '', '', '', '', '', '', '', 0, NULL, 400, NULL, NULL, '', '', 'system', systimestamp, '16', 0, 'entity.custAddress.postalCode', '', '', '', '', '', '');
INSERT INTO CNT_FIELD_DEFINITION
 (ID, REVISION, PARENT_ID, FIELD_ID, COLUMN_NAME, COLUMN_TYPE, REPORT_COLUMN_NAME, PRODUCT_FIELD, FIELD_TYPE, ENTITY_LOOKUP, ENTITY_LOOKUP_KEY, ORDER_BY, GENERATOR, REFER_TABLE, KEY_COLUMN, LOOKUP_COLUMN, MANDATORY, MIN_LENGTH, MAX_LENGTH, MIN_VALUE, MAX_VALUE, CONSTANT_VALUE, UNIQUE_KEY, CREATE_USER, CREATED_ON, LINE_NO, MANAGED, FIELD_PATH, DATA_TYPE, DATA1, DATA2, TRANSITIVE_FIELDS, FORMULA, ENTITY_LOOKUP_TYPE)
VALUES ('aeeaca20ef6e42f4bfcdaced9ecf5fe5', 0, 'e9936c3542374f2b816ff6fc5f3753e0', 'country', 'COUNTRY', 'NVARCHAR2(400)', 'COUNTRY', 1, 'string-m', '', '', '', '', '', '', '', 0, NULL, 400, NULL, NULL, '', '', 'system', systimestamp, '17', 0, 'entity.custAddress.country', 'codelist', 'COUNTRY', '', '', '', '');
INSERT INTO CNT_FIELD_DEFINITION
 (ID, REVISION, PARENT_ID, FIELD_ID, COLUMN_NAME, COLUMN_TYPE, REPORT_COLUMN_NAME, PRODUCT_FIELD, FIELD_TYPE, ENTITY_LOOKUP, ENTITY_LOOKUP_KEY, ORDER_BY, GENERATOR, REFER_TABLE, KEY_COLUMN, LOOKUP_COLUMN, MANDATORY, MIN_LENGTH, MAX_LENGTH, MIN_VALUE, MAX_VALUE, CONSTANT_VALUE, UNIQUE_KEY, CREATE_USER, CREATED_ON, LINE_NO, MANAGED, FIELD_PATH, DATA_TYPE, DATA1, DATA2, TRANSITIVE_FIELDS, FORMULA, ENTITY_LOOKUP_TYPE)
VALUES ('4abf90df7e494b11ae772c6bb6f73d7c', 0, 'e9936c3542374f2b816ff6fc5f3753e0', 'businessName', 'BUSINESS_NAME', 'NVARCHAR2(400)', 'BUSINESS_NAME', 1, 'string-m', '', '', '', '', '', '', '', 0, NULL, 400, NULL, NULL, '', '', 'system', systimestamp, '18', 0, 'entity.custAddress.businessName', '', '', '', '', '', '');
INSERT INTO CNT_FIELD_DEFINITION
 (ID, REVISION, PARENT_ID, FIELD_ID, COLUMN_NAME, COLUMN_TYPE, REPORT_COLUMN_NAME, PRODUCT_FIELD, FIELD_TYPE, ENTITY_LOOKUP, ENTITY_LOOKUP_KEY, ORDER_BY, GENERATOR, REFER_TABLE, KEY_COLUMN, LOOKUP_COLUMN, MANDATORY, MIN_LENGTH, MAX_LENGTH, MIN_VALUE, MAX_VALUE, CONSTANT_VALUE, UNIQUE_KEY, CREATE_USER, CREATED_ON, LINE_NO, MANAGED, FIELD_PATH, DATA_TYPE, DATA1, DATA2, TRANSITIVE_FIELDS, FORMULA, ENTITY_LOOKUP_TYPE)
VALUES ('e1185c751b2b44b699be69b541fcad67', 0, 'e9936c3542374f2b816ff6fc5f3753e0', 'remarks', 'REMARKS', 'NVARCHAR2(1000)', 'REMARKS', 1, 'string-l', '', '', '', '', '', '', '', 0, NULL, 1000, NULL, NULL, '', '', 'system', systimestamp, '19', 0, 'entity.custAddress.remarks', '', '', '', '', '', '');
INSERT INTO CNT_FIELD_DEFINITION
 (ID, REVISION, PARENT_ID, FIELD_ID, COLUMN_NAME, COLUMN_TYPE, REPORT_COLUMN_NAME, PRODUCT_FIELD, FIELD_TYPE, ENTITY_LOOKUP, ENTITY_LOOKUP_KEY, ORDER_BY, GENERATOR, REFER_TABLE, KEY_COLUMN, LOOKUP_COLUMN, MANDATORY, MIN_LENGTH, MAX_LENGTH, MIN_VALUE, MAX_VALUE, CONSTANT_VALUE, UNIQUE_KEY, CREATE_USER, CREATED_ON, LINE_NO, MANAGED, FIELD_PATH, DATA_TYPE, DATA1, DATA2, TRANSITIVE_FIELDS, FORMULA, ENTITY_LOOKUP_TYPE)
VALUES ('67349c5d429244e4b4c0b7dc6f2bbe57', 0, 'e9936c3542374f2b816ff6fc5f3753e0', 'reference', 'REFERENCE', 'NVARCHAR2(400)', 'REFERENCE', 1, 'string-m', '', '', '', '', '', '', '', 0, NULL, 400, NULL, NULL, '', '', 'system', systimestamp, '20', 0, 'entity.custAddress.reference', '', '', '', '', '', '');
INSERT INTO CNT_FIELD_DEFINITION
 (ID, REVISION, PARENT_ID, FIELD_ID, COLUMN_NAME, COLUMN_TYPE, REPORT_COLUMN_NAME, PRODUCT_FIELD, FIELD_TYPE, ENTITY_LOOKUP, ENTITY_LOOKUP_KEY, ORDER_BY, GENERATOR, REFER_TABLE, KEY_COLUMN, LOOKUP_COLUMN, MANDATORY, MIN_LENGTH, MAX_LENGTH, MIN_VALUE, MAX_VALUE, CONSTANT_VALUE, UNIQUE_KEY, CREATE_USER, CREATED_ON, LINE_NO, MANAGED, FIELD_PATH, DATA_TYPE, DATA1, DATA2, TRANSITIVE_FIELDS, FORMULA, ENTITY_LOOKUP_TYPE)
VALUES ('fe2bc01682ff424eb44dee5168c82da9', 0, 'e9936c3542374f2b816ff6fc5f3753e0', 'portOfDischarge', 'PORT_OF_DISCHARGE', 'NVARCHAR2(400)', 'PORT_OF_DISCHARGE', 1, 'string-m', '', '', '', '', '', '', '', 0, NULL, 400, NULL, NULL, '', '', 'system', systimestamp, '21', 0, 'entity.custAddress.portOfDischarge', 'codelist', 'PORT', '', '', '', '');
INSERT INTO CNT_FIELD_DEFINITION
 (ID, REVISION, PARENT_ID, FIELD_ID, COLUMN_NAME, COLUMN_TYPE, REPORT_COLUMN_NAME, PRODUCT_FIELD, FIELD_TYPE, ENTITY_LOOKUP, ENTITY_LOOKUP_KEY, ORDER_BY, GENERATOR, REFER_TABLE, KEY_COLUMN, LOOKUP_COLUMN, MANDATORY, MIN_LENGTH, MAX_LENGTH, MIN_VALUE, MAX_VALUE, CONSTANT_VALUE, UNIQUE_KEY, CREATE_USER, CREATED_ON, LINE_NO, MANAGED, FIELD_PATH, DATA_TYPE, DATA1, DATA2, TRANSITIVE_FIELDS, FORMULA, ENTITY_LOOKUP_TYPE)
VALUES ('eb5bd3ae05b54f6ebe1c46367cdb855a', 0, 'e9936c3542374f2b816ff6fc5f3753e0', 'language', 'LANGUAGE', 'NVARCHAR2(400)', 'LANGUAGE', 1, 'string-m', '', '', '', '', '', '', '', 0, NULL, 400, NULL, NULL, '', '', 'system', systimestamp, '22', 0, 'entity.custAddress.language', 'codelist', 'LANGUAGE', '', '', '', '');
INSERT INTO CNT_FIELD_DEFINITION
 (ID, REVISION, PARENT_ID, FIELD_ID, COLUMN_NAME, COLUMN_TYPE, REPORT_COLUMN_NAME, PRODUCT_FIELD, FIELD_TYPE, ENTITY_LOOKUP, ENTITY_LOOKUP_KEY, ORDER_BY, GENERATOR, REFER_TABLE, KEY_COLUMN, LOOKUP_COLUMN, MANDATORY, MIN_LENGTH, MAX_LENGTH, MIN_VALUE, MAX_VALUE, CONSTANT_VALUE, UNIQUE_KEY, CREATE_USER, CREATED_ON, LINE_NO, MANAGED, FIELD_PATH, DATA_TYPE, DATA1, DATA2, TRANSITIVE_FIELDS, FORMULA, ENTITY_LOOKUP_TYPE)
VALUES ('a7fbe807156a418c9fc923209cc2841f', 0, 'e9936c3542374f2b816ff6fc5f3753e0', 'isDisabled', 'IS_DISABLED', 'NUMBER(1,0)', 'IS_DISABLED', 1, 'boolean', '', '', '', '', '', '', '', 0, NULL, NULL, NULL, NULL, '', '', 'system', systimestamp, '23', 0, 'entity.custAddress.isDisabled', '', '', '', '', '', '');
INSERT INTO CNT_FIELD_DEFINITION
 (ID, REVISION, PARENT_ID, FIELD_ID, COLUMN_NAME, COLUMN_TYPE, REPORT_COLUMN_NAME, PRODUCT_FIELD, FIELD_TYPE, ENTITY_LOOKUP, ENTITY_LOOKUP_KEY, ORDER_BY, GENERATOR, REFER_TABLE, KEY_COLUMN, LOOKUP_COLUMN, MANDATORY, MIN_LENGTH, MAX_LENGTH, MIN_VALUE, MAX_VALUE, CONSTANT_VALUE, UNIQUE_KEY, CREATE_USER, CREATED_ON, LINE_NO, MANAGED, FIELD_PATH, DATA_TYPE, DATA1, DATA2, TRANSITIVE_FIELDS, FORMULA, ENTITY_LOOKUP_TYPE)
VALUES ('151619ddf3e14d2ebeee351336c6832b', 0, 'e9936c3542374f2b816ff6fc5f3753e0', 'addressTypeId', 'ADDRESS_TYPE_ID', '', '', 1, 'selection', 'SelectionField', 'parentId', '', '', '', '', '', 0, NULL, NULL, NULL, NULL, '', '', 'system', systimestamp, '24', 0, 'entity.custAddress.addressTypeId', 'selection-codelist', 'ADDRESS_TYPE', '', '', '', '');
INSERT INTO CNT_FIELD_DEFINITION
 (ID, REVISION, PARENT_ID, FIELD_ID, COLUMN_NAME, COLUMN_TYPE, REPORT_COLUMN_NAME, PRODUCT_FIELD, FIELD_TYPE, ENTITY_LOOKUP, ENTITY_LOOKUP_KEY, ORDER_BY, GENERATOR, REFER_TABLE, KEY_COLUMN, LOOKUP_COLUMN, MANDATORY, MIN_LENGTH, MAX_LENGTH, MIN_VALUE, MAX_VALUE, CONSTANT_VALUE, UNIQUE_KEY, CREATE_USER, CREATED_ON, LINE_NO, MANAGED, FIELD_PATH, DATA_TYPE, DATA1, DATA2, TRANSITIVE_FIELDS, FORMULA, ENTITY_LOOKUP_TYPE)
VALUES ('17cf4977c27b4a5784f6e0eb04323da0', 0, 'e9936c3542374f2b816ff6fc5f3753e0', 'custText1', 'CUST_TEXT1', 'NVARCHAR2(1000)', 'CUSTOM_FIELD_TEXT1', 0, 'string-l', '', '', '', '', '', '', '', 0, NULL, 1000, NULL, NULL, '', '', 'system', systimestamp, '25', 0, 'entity.custAddress.custText1', '', '', '', '', '', '');
INSERT INTO CNT_FIELD_DEFINITION
 (ID, REVISION, PARENT_ID, FIELD_ID, COLUMN_NAME, COLUMN_TYPE, REPORT_COLUMN_NAME, PRODUCT_FIELD, FIELD_TYPE, ENTITY_LOOKUP, ENTITY_LOOKUP_KEY, ORDER_BY, GENERATOR, REFER_TABLE, KEY_COLUMN, LOOKUP_COLUMN, MANDATORY, MIN_LENGTH, MAX_LENGTH, MIN_VALUE, MAX_VALUE, CONSTANT_VALUE, UNIQUE_KEY, CREATE_USER, CREATED_ON, LINE_NO, MANAGED, FIELD_PATH, DATA_TYPE, DATA1, DATA2, TRANSITIVE_FIELDS, FORMULA, ENTITY_LOOKUP_TYPE)
VALUES ('a17e2c7a2adb4eeeba803835e5d8427c', 0, 'e9936c3542374f2b816ff6fc5f3753e0', 'custText2', 'CUST_TEXT2', 'NVARCHAR2(1000)', 'CUSTOM_FIELD_TEXT2', 0, 'string-l', '', '', '', '', '', '', '', 0, NULL, 1000, NULL, NULL, '', '', 'system', systimestamp, '26', 0, 'entity.custAddress.custText2', '', '', '', '', '', '');
INSERT INTO CNT_FIELD_DEFINITION
 (ID, REVISION, PARENT_ID, FIELD_ID, COLUMN_NAME, COLUMN_TYPE, REPORT_COLUMN_NAME, PRODUCT_FIELD, FIELD_TYPE, ENTITY_LOOKUP, ENTITY_LOOKUP_KEY, ORDER_BY, GENERATOR, REFER_TABLE, KEY_COLUMN, LOOKUP_COLUMN, MANDATORY, MIN_LENGTH, MAX_LENGTH, MIN_VALUE, MAX_VALUE, CONSTANT_VALUE, UNIQUE_KEY, CREATE_USER, CREATED_ON, LINE_NO, MANAGED, FIELD_PATH, DATA_TYPE, DATA1, DATA2, TRANSITIVE_FIELDS, FORMULA, ENTITY_LOOKUP_TYPE)
VALUES ('726406d0bf9a409c9faa8c07455e266f', 0, 'e9936c3542374f2b816ff6fc5f3753e0', 'custText3', 'CUST_TEXT3', 'NVARCHAR2(1000)', 'CUSTOM_FIELD_TEXT3', 0, 'string-l', '', '', '', '', '', '', '', 0, NULL, 1000, NULL, NULL, '', '', 'system', systimestamp, '27', 0, 'entity.custAddress.custText3', '', '', '', '', '', '');
INSERT INTO CNT_FIELD_DEFINITION
 (ID, REVISION, PARENT_ID, FIELD_ID, COLUMN_NAME, COLUMN_TYPE, REPORT_COLUMN_NAME, PRODUCT_FIELD, FIELD_TYPE, ENTITY_LOOKUP, ENTITY_LOOKUP_KEY, ORDER_BY, GENERATOR, REFER_TABLE, KEY_COLUMN, LOOKUP_COLUMN, MANDATORY, MIN_LENGTH, MAX_LENGTH, MIN_VALUE, MAX_VALUE, CONSTANT_VALUE, UNIQUE_KEY, CREATE_USER, CREATED_ON, LINE_NO, MANAGED, FIELD_PATH, DATA_TYPE, DATA1, DATA2, TRANSITIVE_FIELDS, FORMULA, ENTITY_LOOKUP_TYPE)
VALUES ('b8d510d27af8483a8598c255d989b867', 0, 'e9936c3542374f2b816ff6fc5f3753e0', 'custText4', 'CUST_TEXT4', 'NVARCHAR2(1000)', 'CUSTOM_FIELD_TEXT4', 0, 'string-l', '', '', '', '', '', '', '', 0, NULL, 1000, NULL, NULL, '', '', 'system', systimestamp, '28', 0, 'entity.custAddress.custText4', '', '', '', '', '', '');
INSERT INTO CNT_FIELD_DEFINITION
 (ID, REVISION, PARENT_ID, FIELD_ID, COLUMN_NAME, COLUMN_TYPE, REPORT_COLUMN_NAME, PRODUCT_FIELD, FIELD_TYPE, ENTITY_LOOKUP, ENTITY_LOOKUP_KEY, ORDER_BY, GENERATOR, REFER_TABLE, KEY_COLUMN, LOOKUP_COLUMN, MANDATORY, MIN_LENGTH, MAX_LENGTH, MIN_VALUE, MAX_VALUE, CONSTANT_VALUE, UNIQUE_KEY, CREATE_USER, CREATED_ON, LINE_NO, MANAGED, FIELD_PATH, DATA_TYPE, DATA1, DATA2, TRANSITIVE_FIELDS, FORMULA, ENTITY_LOOKUP_TYPE)
VALUES ('a9fc33c2d13b403ab90cb485c1514e07', 0, 'e9936c3542374f2b816ff6fc5f3753e0', 'custText5', 'CUST_TEXT5', 'NVARCHAR2(1000)', 'CUSTOM_FIELD_TEXT5', 0, 'string-l', '', '', '', '', '', '', '', 0, NULL, 1000, NULL, NULL, '', '', 'system', systimestamp, '29', 0, 'entity.custAddress.custText5', '', '', '', '', '', '');
INSERT INTO CNT_FIELD_DEFINITION
 (ID, REVISION, PARENT_ID, FIELD_ID, COLUMN_NAME, COLUMN_TYPE, REPORT_COLUMN_NAME, PRODUCT_FIELD, FIELD_TYPE, ENTITY_LOOKUP, ENTITY_LOOKUP_KEY, ORDER_BY, GENERATOR, REFER_TABLE, KEY_COLUMN, LOOKUP_COLUMN, MANDATORY, MIN_LENGTH, MAX_LENGTH, MIN_VALUE, MAX_VALUE, CONSTANT_VALUE, UNIQUE_KEY, CREATE_USER, CREATED_ON, LINE_NO, MANAGED, FIELD_PATH, DATA_TYPE, DATA1, DATA2, TRANSITIVE_FIELDS, FORMULA, ENTITY_LOOKUP_TYPE)
VALUES ('954f976ca9564b9995f40cb469883bb3', 0, 'e9936c3542374f2b816ff6fc5f3753e0', 'custText6', 'CUST_TEXT6', 'NVARCHAR2(1000)', 'CUSTOM_FIELD_TEXT6', 0, 'string-l', '', '', '', '', '', '', '', 0, NULL, 1000, NULL, NULL, '', '', 'system', systimestamp, '30', 0, 'entity.custAddress.custText6', '', '', '', '', '', '');
INSERT INTO CNT_FIELD_DEFINITION
 (ID, REVISION, PARENT_ID, FIELD_ID, COLUMN_NAME, COLUMN_TYPE, REPORT_COLUMN_NAME, PRODUCT_FIELD, FIELD_TYPE, ENTITY_LOOKUP, ENTITY_LOOKUP_KEY, ORDER_BY, GENERATOR, REFER_TABLE, KEY_COLUMN, LOOKUP_COLUMN, MANDATORY, MIN_LENGTH, MAX_LENGTH, MIN_VALUE, MAX_VALUE, CONSTANT_VALUE, UNIQUE_KEY, CREATE_USER, CREATED_ON, LINE_NO, MANAGED, FIELD_PATH, DATA_TYPE, DATA1, DATA2, TRANSITIVE_FIELDS, FORMULA, ENTITY_LOOKUP_TYPE)
VALUES ('f8079bcaa0064fa48e79e4fd3ad19edc', 0, 'e9936c3542374f2b816ff6fc5f3753e0', 'custText7', 'CUST_TEXT7', 'NVARCHAR2(1000)', 'CUSTOM_FIELD_TEXT7', 0, 'string-l', '', '', '', '', '', '', '', 0, NULL, 1000, NULL, NULL, '', '', 'system', systimestamp, '31', 0, 'entity.custAddress.custText7', '', '', '', '', '', '');
INSERT INTO CNT_FIELD_DEFINITION
 (ID, REVISION, PARENT_ID, FIELD_ID, COLUMN_NAME, COLUMN_TYPE, REPORT_COLUMN_NAME, PRODUCT_FIELD, FIELD_TYPE, ENTITY_LOOKUP, ENTITY_LOOKUP_KEY, ORDER_BY, GENERATOR, REFER_TABLE, KEY_COLUMN, LOOKUP_COLUMN, MANDATORY, MIN_LENGTH, MAX_LENGTH, MIN_VALUE, MAX_VALUE, CONSTANT_VALUE, UNIQUE_KEY, CREATE_USER, CREATED_ON, LINE_NO, MANAGED, FIELD_PATH, DATA_TYPE, DATA1, DATA2, TRANSITIVE_FIELDS, FORMULA, ENTITY_LOOKUP_TYPE)
VALUES ('4d468436454947658fb0bf203aeca71a', 0, 'e9936c3542374f2b816ff6fc5f3753e0', 'custDate1', 'CUST_DATE1', 'DATE', 'CUSTOM_FIELD_DATE1', 0, 'date', '', '', '', '', '', '', '', 0, NULL, NULL, NULL, NULL, '', '', 'system', systimestamp, '32', 0, 'entity.custAddress.custDate1', '', '', '', '', '', '');
INSERT INTO CNT_FIELD_DEFINITION
 (ID, REVISION, PARENT_ID, FIELD_ID, COLUMN_NAME, COLUMN_TYPE, REPORT_COLUMN_NAME, PRODUCT_FIELD, FIELD_TYPE, ENTITY_LOOKUP, ENTITY_LOOKUP_KEY, ORDER_BY, GENERATOR, REFER_TABLE, KEY_COLUMN, LOOKUP_COLUMN, MANDATORY, MIN_LENGTH, MAX_LENGTH, MIN_VALUE, MAX_VALUE, CONSTANT_VALUE, UNIQUE_KEY, CREATE_USER, CREATED_ON, LINE_NO, MANAGED, FIELD_PATH, DATA_TYPE, DATA1, DATA2, TRANSITIVE_FIELDS, FORMULA, ENTITY_LOOKUP_TYPE)
VALUES ('34390628fc5646fea15de4a262ca0dbf', 0, 'e9936c3542374f2b816ff6fc5f3753e0', 'custDate2', 'CUST_DATE2', 'DATE', 'CUSTOM_FIELD_DATE2', 0, 'date', '', '', '', '', '', '', '', 0, NULL, NULL, NULL, NULL, '', '', 'system', systimestamp, '33', 0, 'entity.custAddress.custDate2', '', '', '', '', '', '');
INSERT INTO CNT_FIELD_DEFINITION
 (ID, REVISION, PARENT_ID, FIELD_ID, COLUMN_NAME, COLUMN_TYPE, REPORT_COLUMN_NAME, PRODUCT_FIELD, FIELD_TYPE, ENTITY_LOOKUP, ENTITY_LOOKUP_KEY, ORDER_BY, GENERATOR, REFER_TABLE, KEY_COLUMN, LOOKUP_COLUMN, MANDATORY, MIN_LENGTH, MAX_LENGTH, MIN_VALUE, MAX_VALUE, CONSTANT_VALUE, UNIQUE_KEY, CREATE_USER, CREATED_ON, LINE_NO, MANAGED, FIELD_PATH, DATA_TYPE, DATA1, DATA2, TRANSITIVE_FIELDS, FORMULA, ENTITY_LOOKUP_TYPE)
VALUES ('4f57536a050c4606becb8f3107179be3', 0, 'e9936c3542374f2b816ff6fc5f3753e0', 'custDate3', 'CUST_DATE3', 'DATE', 'CUSTOM_FIELD_DATE3', 0, 'date', '', '', '', '', '', '', '', 0, NULL, NULL, NULL, NULL, '', '', 'system', systimestamp, '34', 0, 'entity.custAddress.custDate3', '', '', '', '', '', '');
INSERT INTO CNT_FIELD_DEFINITION
 (ID, REVISION, PARENT_ID, FIELD_ID, COLUMN_NAME, COLUMN_TYPE, REPORT_COLUMN_NAME, PRODUCT_FIELD, FIELD_TYPE, ENTITY_LOOKUP, ENTITY_LOOKUP_KEY, ORDER_BY, GENERATOR, REFER_TABLE, KEY_COLUMN, LOOKUP_COLUMN, MANDATORY, MIN_LENGTH, MAX_LENGTH, MIN_VALUE, MAX_VALUE, CONSTANT_VALUE, UNIQUE_KEY, CREATE_USER, CREATED_ON, LINE_NO, MANAGED, FIELD_PATH, DATA_TYPE, DATA1, DATA2, TRANSITIVE_FIELDS, FORMULA, ENTITY_LOOKUP_TYPE)
VALUES ('53353267883842119fab47ff834cf50c', 0, 'e9936c3542374f2b816ff6fc5f3753e0', 'custDate4', 'CUST_DATE4', 'DATE', 'CUSTOM_FIELD_DATE4', 0, 'date', '', '', '', '', '', '', '', 0, NULL, NULL, NULL, NULL, '', '', 'system', systimestamp, '35', 0, 'entity.custAddress.custDate4', '', '', '', '', '', '');
INSERT INTO CNT_FIELD_DEFINITION
 (ID, REVISION, PARENT_ID, FIELD_ID, COLUMN_NAME, COLUMN_TYPE, REPORT_COLUMN_NAME, PRODUCT_FIELD, FIELD_TYPE, ENTITY_LOOKUP, ENTITY_LOOKUP_KEY, ORDER_BY, GENERATOR, REFER_TABLE, KEY_COLUMN, LOOKUP_COLUMN, MANDATORY, MIN_LENGTH, MAX_LENGTH, MIN_VALUE, MAX_VALUE, CONSTANT_VALUE, UNIQUE_KEY, CREATE_USER, CREATED_ON, LINE_NO, MANAGED, FIELD_PATH, DATA_TYPE, DATA1, DATA2, TRANSITIVE_FIELDS, FORMULA, ENTITY_LOOKUP_TYPE)
VALUES ('a33c1cce3efd4e8f80cbbcea9f7ff0f8', 0, 'e9936c3542374f2b816ff6fc5f3753e0', 'custDate5', 'CUST_DATE5', 'DATE', 'CUSTOM_FIELD_DATE5', 0, 'date', '', '', '', '', '', '', '', 0, NULL, NULL, NULL, NULL, '', '', 'system', systimestamp, '36', 0, 'entity.custAddress.custDate5', '', '', '', '', '', '');
INSERT INTO CNT_FIELD_DEFINITION
 (ID, REVISION, PARENT_ID, FIELD_ID, COLUMN_NAME, COLUMN_TYPE, REPORT_COLUMN_NAME, PRODUCT_FIELD, FIELD_TYPE, ENTITY_LOOKUP, ENTITY_LOOKUP_KEY, ORDER_BY, GENERATOR, REFER_TABLE, KEY_COLUMN, LOOKUP_COLUMN, MANDATORY, MIN_LENGTH, MAX_LENGTH, MIN_VALUE, MAX_VALUE, CONSTANT_VALUE, UNIQUE_KEY, CREATE_USER, CREATED_ON, LINE_NO, MANAGED, FIELD_PATH, DATA_TYPE, DATA1, DATA2, TRANSITIVE_FIELDS, FORMULA, ENTITY_LOOKUP_TYPE)
VALUES ('c1209d77d7d6462e81e5655dc688942d', 0, 'e9936c3542374f2b816ff6fc5f3753e0', 'custDate6', 'CUST_DATE6', 'DATE', 'CUSTOM_FIELD_DATE6', 0, 'date', '', '', '', '', '', '', '', 0, NULL, NULL, NULL, NULL, '', '', 'system', systimestamp, '37', 0, 'entity.custAddress.custDate6', '', '', '', '', '', '');
INSERT INTO CNT_FIELD_DEFINITION
 (ID, REVISION, PARENT_ID, FIELD_ID, COLUMN_NAME, COLUMN_TYPE, REPORT_COLUMN_NAME, PRODUCT_FIELD, FIELD_TYPE, ENTITY_LOOKUP, ENTITY_LOOKUP_KEY, ORDER_BY, GENERATOR, REFER_TABLE, KEY_COLUMN, LOOKUP_COLUMN, MANDATORY, MIN_LENGTH, MAX_LENGTH, MIN_VALUE, MAX_VALUE, CONSTANT_VALUE, UNIQUE_KEY, CREATE_USER, CREATED_ON, LINE_NO, MANAGED, FIELD_PATH, DATA_TYPE, DATA1, DATA2, TRANSITIVE_FIELDS, FORMULA, ENTITY_LOOKUP_TYPE)
VALUES ('4245d2c7f1b14dbfbfffcb26b0cb9950', 0, 'e9936c3542374f2b816ff6fc5f3753e0', 'custDate7', 'CUST_DATE7', 'DATE', 'CUSTOM_FIELD_DATE7', 0, 'date', '', '', '', '', '', '', '', 0, NULL, NULL, NULL, NULL, '', '', 'system', systimestamp, '38', 0, 'entity.custAddress.custDate7', '', '', '', '', '', '');
INSERT INTO CNT_FIELD_DEFINITION
 (ID, REVISION, PARENT_ID, FIELD_ID, COLUMN_NAME, COLUMN_TYPE, REPORT_COLUMN_NAME, PRODUCT_FIELD, FIELD_TYPE, ENTITY_LOOKUP, ENTITY_LOOKUP_KEY, ORDER_BY, GENERATOR, REFER_TABLE, KEY_COLUMN, LOOKUP_COLUMN, MANDATORY, MIN_LENGTH, MAX_LENGTH, MIN_VALUE, MAX_VALUE, CONSTANT_VALUE, UNIQUE_KEY, CREATE_USER, CREATED_ON, LINE_NO, MANAGED, FIELD_PATH, DATA_TYPE, DATA1, DATA2, TRANSITIVE_FIELDS, FORMULA, ENTITY_LOOKUP_TYPE)
VALUES ('20baf3b8f4e84dea90c7f5cdf9fc08cc', 0, 'e9936c3542374f2b816ff6fc5f3753e0', 'custNumber1', 'CUST_NUMBER1', 'NUMBER(20, 0)', 'CUSTOM_FIELD_NUMBER1', 0, 'integer', '', '', '', '', '', '', '', 0, NULL, 18, NULL, NULL, '', '', 'system', systimestamp, '39', 0, 'entity.custAddress.custNumber1', '', '', '', '', '', '');
INSERT INTO CNT_FIELD_DEFINITION
 (ID, REVISION, PARENT_ID, FIELD_ID, COLUMN_NAME, COLUMN_TYPE, REPORT_COLUMN_NAME, PRODUCT_FIELD, FIELD_TYPE, ENTITY_LOOKUP, ENTITY_LOOKUP_KEY, ORDER_BY, GENERATOR, REFER_TABLE, KEY_COLUMN, LOOKUP_COLUMN, MANDATORY, MIN_LENGTH, MAX_LENGTH, MIN_VALUE, MAX_VALUE, CONSTANT_VALUE, UNIQUE_KEY, CREATE_USER, CREATED_ON, LINE_NO, MANAGED, FIELD_PATH, DATA_TYPE, DATA1, DATA2, TRANSITIVE_FIELDS, FORMULA, ENTITY_LOOKUP_TYPE)
VALUES ('804f78bc1d3d46f59c50f53ebd36f1bf', 0, 'e9936c3542374f2b816ff6fc5f3753e0', 'custNumber2', 'CUST_NUMBER2', 'NUMBER(20, 0)', 'CUSTOM_FIELD_NUMBER2', 0, 'integer', '', '', '', '', '', '', '', 0, NULL, 18, NULL, NULL, '', '', 'system', systimestamp, '40', 0, 'entity.custAddress.custNumber2', '', '', '', '', '', '');
INSERT INTO CNT_FIELD_DEFINITION
 (ID, REVISION, PARENT_ID, FIELD_ID, COLUMN_NAME, COLUMN_TYPE, REPORT_COLUMN_NAME, PRODUCT_FIELD, FIELD_TYPE, ENTITY_LOOKUP, ENTITY_LOOKUP_KEY, ORDER_BY, GENERATOR, REFER_TABLE, KEY_COLUMN, LOOKUP_COLUMN, MANDATORY, MIN_LENGTH, MAX_LENGTH, MIN_VALUE, MAX_VALUE, CONSTANT_VALUE, UNIQUE_KEY, CREATE_USER, CREATED_ON, LINE_NO, MANAGED, FIELD_PATH, DATA_TYPE, DATA1, DATA2, TRANSITIVE_FIELDS, FORMULA, ENTITY_LOOKUP_TYPE)
VALUES ('734a78fc0430442d90d21991b6c28e1e', 0, 'e9936c3542374f2b816ff6fc5f3753e0', 'custNumber3', 'CUST_NUMBER3', 'NUMBER(20, 0)', 'CUSTOM_FIELD_NUMBER3', 0, 'integer', '', '', '', '', '', '', '', 0, NULL, 18, NULL, NULL, '', '', 'system', systimestamp, '41', 0, 'entity.custAddress.custNumber3', '', '', '', '', '', '');
INSERT INTO CNT_FIELD_DEFINITION
 (ID, REVISION, PARENT_ID, FIELD_ID, COLUMN_NAME, COLUMN_TYPE, REPORT_COLUMN_NAME, PRODUCT_FIELD, FIELD_TYPE, ENTITY_LOOKUP, ENTITY_LOOKUP_KEY, ORDER_BY, GENERATOR, REFER_TABLE, KEY_COLUMN, LOOKUP_COLUMN, MANDATORY, MIN_LENGTH, MAX_LENGTH, MIN_VALUE, MAX_VALUE, CONSTANT_VALUE, UNIQUE_KEY, CREATE_USER, CREATED_ON, LINE_NO, MANAGED, FIELD_PATH, DATA_TYPE, DATA1, DATA2, TRANSITIVE_FIELDS, FORMULA, ENTITY_LOOKUP_TYPE)
VALUES ('7c9027117b9f47a1870caabb7fc56862', 0, 'e9936c3542374f2b816ff6fc5f3753e0', 'custNumber4', 'CUST_NUMBER4', 'NUMBER(20, 0)', 'CUSTOM_FIELD_NUMBER4', 0, 'integer', '', '', '', '', '', '', '', 0, NULL, 18, NULL, NULL, '', '', 'system', systimestamp, '42', 0, 'entity.custAddress.custNumber4', '', '', '', '', '', '');
INSERT INTO CNT_FIELD_DEFINITION
 (ID, REVISION, PARENT_ID, FIELD_ID, COLUMN_NAME, COLUMN_TYPE, REPORT_COLUMN_NAME, PRODUCT_FIELD, FIELD_TYPE, ENTITY_LOOKUP, ENTITY_LOOKUP_KEY, ORDER_BY, GENERATOR, REFER_TABLE, KEY_COLUMN, LOOKUP_COLUMN, MANDATORY, MIN_LENGTH, MAX_LENGTH, MIN_VALUE, MAX_VALUE, CONSTANT_VALUE, UNIQUE_KEY, CREATE_USER, CREATED_ON, LINE_NO, MANAGED, FIELD_PATH, DATA_TYPE, DATA1, DATA2, TRANSITIVE_FIELDS, FORMULA, ENTITY_LOOKUP_TYPE)
VALUES ('af0c4ca2a93b4cf09715346cadd6fd90', 0, 'e9936c3542374f2b816ff6fc5f3753e0', 'custNumber5', 'CUST_NUMBER5', 'NUMBER(20, 0)', 'CUSTOM_FIELD_NUMBER5', 0, 'integer', '', '', '', '', '', '', '', 0, NULL, 18, NULL, NULL, '', '', 'system', systimestamp, '43', 0, 'entity.custAddress.custNumber5', '', '', '', '', '', '');
INSERT INTO CNT_FIELD_DEFINITION
 (ID, REVISION, PARENT_ID, FIELD_ID, COLUMN_NAME, COLUMN_TYPE, REPORT_COLUMN_NAME, PRODUCT_FIELD, FIELD_TYPE, ENTITY_LOOKUP, ENTITY_LOOKUP_KEY, ORDER_BY, GENERATOR, REFER_TABLE, KEY_COLUMN, LOOKUP_COLUMN, MANDATORY, MIN_LENGTH, MAX_LENGTH, MIN_VALUE, MAX_VALUE, CONSTANT_VALUE, UNIQUE_KEY, CREATE_USER, CREATED_ON, LINE_NO, MANAGED, FIELD_PATH, DATA_TYPE, DATA1, DATA2, TRANSITIVE_FIELDS, FORMULA, ENTITY_LOOKUP_TYPE)
VALUES ('c494e282434042a7b6130716b5b5fa9b', 0, 'e9936c3542374f2b816ff6fc5f3753e0', 'custNumber6', 'CUST_NUMBER6', 'NUMBER(20, 0)', 'CUSTOM_FIELD_NUMBER6', 0, 'integer', '', '', '', '', '', '', '', 0, NULL, 18, NULL, NULL, '', '', 'system', systimestamp, '44', 0, 'entity.custAddress.custNumber6', '', '', '', '', '', '');
INSERT INTO CNT_FIELD_DEFINITION
 (ID, REVISION, PARENT_ID, FIELD_ID, COLUMN_NAME, COLUMN_TYPE, REPORT_COLUMN_NAME, PRODUCT_FIELD, FIELD_TYPE, ENTITY_LOOKUP, ENTITY_LOOKUP_KEY, ORDER_BY, GENERATOR, REFER_TABLE, KEY_COLUMN, LOOKUP_COLUMN, MANDATORY, MIN_LENGTH, MAX_LENGTH, MIN_VALUE, MAX_VALUE, CONSTANT_VALUE, UNIQUE_KEY, CREATE_USER, CREATED_ON, LINE_NO, MANAGED, FIELD_PATH, DATA_TYPE, DATA1, DATA2, TRANSITIVE_FIELDS, FORMULA, ENTITY_LOOKUP_TYPE)
VALUES ('c6f96a28f2e14b9d802622e17fd5159c', 0, 'e9936c3542374f2b816ff6fc5f3753e0', 'custNumber7', 'CUST_NUMBER7', 'NUMBER(20, 0)', 'CUSTOM_FIELD_NUMBER7', 0, 'integer', '', '', '', '', '', '', '', 0, NULL, 18, NULL, NULL, '', '', 'system', systimestamp, '45', 0, 'entity.custAddress.custNumber7', '', '', '', '', '', '');
INSERT INTO CNT_FIELD_DEFINITION
 (ID, REVISION, PARENT_ID, FIELD_ID, COLUMN_NAME, COLUMN_TYPE, REPORT_COLUMN_NAME, PRODUCT_FIELD, FIELD_TYPE, ENTITY_LOOKUP, ENTITY_LOOKUP_KEY, ORDER_BY, GENERATOR, REFER_TABLE, KEY_COLUMN, LOOKUP_COLUMN, MANDATORY, MIN_LENGTH, MAX_LENGTH, MIN_VALUE, MAX_VALUE, CONSTANT_VALUE, UNIQUE_KEY, CREATE_USER, CREATED_ON, LINE_NO, MANAGED, FIELD_PATH, DATA_TYPE, DATA1, DATA2, TRANSITIVE_FIELDS, FORMULA, ENTITY_LOOKUP_TYPE)
VALUES ('83e05106220a4172b670afe1c92e75eb', 0, 'e9936c3542374f2b816ff6fc5f3753e0', 'custDecimal1', 'CUST_DECIMAL1', 'NUMBER(25, 5)', 'CUSTOM_FIELD_DECIMAL1', 0, 'decimal-rate', '', '', '', '', '', '', '', 0, NULL, 20, NULL, NULL, '', '', 'system', systimestamp, '46', 0, 'entity.custAddress.custDecimal1', '', '', '', '', '', '');
INSERT INTO CNT_FIELD_DEFINITION
 (ID, REVISION, PARENT_ID, FIELD_ID, COLUMN_NAME, COLUMN_TYPE, REPORT_COLUMN_NAME, PRODUCT_FIELD, FIELD_TYPE, ENTITY_LOOKUP, ENTITY_LOOKUP_KEY, ORDER_BY, GENERATOR, REFER_TABLE, KEY_COLUMN, LOOKUP_COLUMN, MANDATORY, MIN_LENGTH, MAX_LENGTH, MIN_VALUE, MAX_VALUE, CONSTANT_VALUE, UNIQUE_KEY, CREATE_USER, CREATED_ON, LINE_NO, MANAGED, FIELD_PATH, DATA_TYPE, DATA1, DATA2, TRANSITIVE_FIELDS, FORMULA, ENTITY_LOOKUP_TYPE)
VALUES ('adeedd55a4674c2a9691e2e155ea8638', 0, 'e9936c3542374f2b816ff6fc5f3753e0', 'custDecimal2', 'CUST_DECIMAL2', 'NUMBER(25, 5)', 'CUSTOM_FIELD_DECIMAL2', 0, 'decimal-rate', '', '', '', '', '', '', '', 0, NULL, 20, NULL, NULL, '', '', 'system', systimestamp, '47', 0, 'entity.custAddress.custDecimal2', '', '', '', '', '', '');
INSERT INTO CNT_FIELD_DEFINITION
 (ID, REVISION, PARENT_ID, FIELD_ID, COLUMN_NAME, COLUMN_TYPE, REPORT_COLUMN_NAME, PRODUCT_FIELD, FIELD_TYPE, ENTITY_LOOKUP, ENTITY_LOOKUP_KEY, ORDER_BY, GENERATOR, REFER_TABLE, KEY_COLUMN, LOOKUP_COLUMN, MANDATORY, MIN_LENGTH, MAX_LENGTH, MIN_VALUE, MAX_VALUE, CONSTANT_VALUE, UNIQUE_KEY, CREATE_USER, CREATED_ON, LINE_NO, MANAGED, FIELD_PATH, DATA_TYPE, DATA1, DATA2, TRANSITIVE_FIELDS, FORMULA, ENTITY_LOOKUP_TYPE)
VALUES ('43ae4f8a98264af886678f1fcc6fef7a', 0, 'e9936c3542374f2b816ff6fc5f3753e0', 'custDecimal3', 'CUST_DECIMAL3', 'NUMBER(25, 5)', 'CUSTOM_FIELD_DECIMAL3', 0, 'decimal-rate', '', '', '', '', '', '', '', 0, NULL, 20, NULL, NULL, '', '', 'system', systimestamp, '48', 0, 'entity.custAddress.custDecimal3', '', '', '', '', '', '');
INSERT INTO CNT_FIELD_DEFINITION
 (ID, REVISION, PARENT_ID, FIELD_ID, COLUMN_NAME, COLUMN_TYPE, REPORT_COLUMN_NAME, PRODUCT_FIELD, FIELD_TYPE, ENTITY_LOOKUP, ENTITY_LOOKUP_KEY, ORDER_BY, GENERATOR, REFER_TABLE, KEY_COLUMN, LOOKUP_COLUMN, MANDATORY, MIN_LENGTH, MAX_LENGTH, MIN_VALUE, MAX_VALUE, CONSTANT_VALUE, UNIQUE_KEY, CREATE_USER, CREATED_ON, LINE_NO, MANAGED, FIELD_PATH, DATA_TYPE, DATA1, DATA2, TRANSITIVE_FIELDS, FORMULA, ENTITY_LOOKUP_TYPE)
VALUES ('f5cb09b761f24418ac3297525be53489', 0, 'e9936c3542374f2b816ff6fc5f3753e0', 'custDecimal4', 'CUST_DECIMAL4', 'NUMBER(25, 5)', 'CUSTOM_FIELD_DECIMAL4', 0, 'decimal-rate', '', '', '', '', '', '', '', 0, NULL, 20, NULL, NULL, '', '', 'system', systimestamp, '49', 0, 'entity.custAddress.custDecimal4', '', '', '', '', '', '');
INSERT INTO CNT_FIELD_DEFINITION
 (ID, REVISION, PARENT_ID, FIELD_ID, COLUMN_NAME, COLUMN_TYPE, REPORT_COLUMN_NAME, PRODUCT_FIELD, FIELD_TYPE, ENTITY_LOOKUP, ENTITY_LOOKUP_KEY, ORDER_BY, GENERATOR, REFER_TABLE, KEY_COLUMN, LOOKUP_COLUMN, MANDATORY, MIN_LENGTH, MAX_LENGTH, MIN_VALUE, MAX_VALUE, CONSTANT_VALUE, UNIQUE_KEY, CREATE_USER, CREATED_ON, LINE_NO, MANAGED, FIELD_PATH, DATA_TYPE, DATA1, DATA2, TRANSITIVE_FIELDS, FORMULA, ENTITY_LOOKUP_TYPE)
VALUES ('7b50613a1a424d6d8a20ed7fa39262a0', 0, 'e9936c3542374f2b816ff6fc5f3753e0', 'custDecimal5', 'CUST_DECIMAL5', 'NUMBER(25, 5)', 'CUSTOM_FIELD_DECIMAL5', 0, 'decimal-rate', '', '', '', '', '', '', '', 0, NULL, 20, NULL, NULL, '', '', 'system', systimestamp, '50', 0, 'entity.custAddress.custDecimal5', '', '', '', '', '', '');
INSERT INTO CNT_FIELD_DEFINITION
 (ID, REVISION, PARENT_ID, FIELD_ID, COLUMN_NAME, COLUMN_TYPE, REPORT_COLUMN_NAME, PRODUCT_FIELD, FIELD_TYPE, ENTITY_LOOKUP, ENTITY_LOOKUP_KEY, ORDER_BY, GENERATOR, REFER_TABLE, KEY_COLUMN, LOOKUP_COLUMN, MANDATORY, MIN_LENGTH, MAX_LENGTH, MIN_VALUE, MAX_VALUE, CONSTANT_VALUE, UNIQUE_KEY, CREATE_USER, CREATED_ON, LINE_NO, MANAGED, FIELD_PATH, DATA_TYPE, DATA1, DATA2, TRANSITIVE_FIELDS, FORMULA, ENTITY_LOOKUP_TYPE)
VALUES ('9119f26b62e24f37afb870f6a5533884', 0, 'e9936c3542374f2b816ff6fc5f3753e0', 'custDecimal6', 'CUST_DECIMAL6', 'NUMBER(25, 5)', 'CUSTOM_FIELD_DECIMAL6', 0, 'decimal-rate', '', '', '', '', '', '', '', 0, NULL, 20, NULL, NULL, '', '', 'system', systimestamp, '51', 0, 'entity.custAddress.custDecimal6', '', '', '', '', '', '');
INSERT INTO CNT_FIELD_DEFINITION
 (ID, REVISION, PARENT_ID, FIELD_ID, COLUMN_NAME, COLUMN_TYPE, REPORT_COLUMN_NAME, PRODUCT_FIELD, FIELD_TYPE, ENTITY_LOOKUP, ENTITY_LOOKUP_KEY, ORDER_BY, GENERATOR, REFER_TABLE, KEY_COLUMN, LOOKUP_COLUMN, MANDATORY, MIN_LENGTH, MAX_LENGTH, MIN_VALUE, MAX_VALUE, CONSTANT_VALUE, UNIQUE_KEY, CREATE_USER, CREATED_ON, LINE_NO, MANAGED, FIELD_PATH, DATA_TYPE, DATA1, DATA2, TRANSITIVE_FIELDS, FORMULA, ENTITY_LOOKUP_TYPE)
VALUES ('4f2004123e6c4060a389b13f46299a8c', 0, 'e9936c3542374f2b816ff6fc5f3753e0', 'custDecimal7', 'CUST_DECIMAL7', 'NUMBER(25, 5)', 'CUSTOM_FIELD_DECIMAL7', 0, 'decimal-rate', '', '', '', '', '', '', '', 0, NULL, 20, NULL, NULL, '', '', 'system', systimestamp, '52', 0, 'entity.custAddress.custDecimal7', '', '', '', '', '', '');
INSERT INTO CNT_FIELD_DEFINITION
 (ID, REVISION, PARENT_ID, FIELD_ID, COLUMN_NAME, COLUMN_TYPE, REPORT_COLUMN_NAME, PRODUCT_FIELD, FIELD_TYPE, ENTITY_LOOKUP, ENTITY_LOOKUP_KEY, ORDER_BY, GENERATOR, REFER_TABLE, KEY_COLUMN, LOOKUP_COLUMN, MANDATORY, MIN_LENGTH, MAX_LENGTH, MIN_VALUE, MAX_VALUE, CONSTANT_VALUE, UNIQUE_KEY, CREATE_USER, CREATED_ON, LINE_NO, MANAGED, FIELD_PATH, DATA_TYPE, DATA1, DATA2, TRANSITIVE_FIELDS, FORMULA, ENTITY_LOOKUP_TYPE)
VALUES ('6910f64cafd9487488628636f2da54e8', 0, 'e9936c3542374f2b816ff6fc5f3753e0', 'custCodelist1', 'CUST_CODELIST1', 'NVARCHAR2(400)', 'CUSTOM_FIELD_CODE_LIST_CODE1', 0, 'string-m', '', '', '', '', '', '', '', 0, NULL, 400, NULL, NULL, '', '', 'system', systimestamp, '53', 0, 'entity.custAddress.custCodelist1', 'codelist', '', '', '', '', '');
INSERT INTO CNT_FIELD_DEFINITION
 (ID, REVISION, PARENT_ID, FIELD_ID, COLUMN_NAME, COLUMN_TYPE, REPORT_COLUMN_NAME, PRODUCT_FIELD, FIELD_TYPE, ENTITY_LOOKUP, ENTITY_LOOKUP_KEY, ORDER_BY, GENERATOR, REFER_TABLE, KEY_COLUMN, LOOKUP_COLUMN, MANDATORY, MIN_LENGTH, MAX_LENGTH, MIN_VALUE, MAX_VALUE, CONSTANT_VALUE, UNIQUE_KEY, CREATE_USER, CREATED_ON, LINE_NO, MANAGED, FIELD_PATH, DATA_TYPE, DATA1, DATA2, TRANSITIVE_FIELDS, FORMULA, ENTITY_LOOKUP_TYPE)
VALUES ('dbad2708ebf5414abad2f05afc5505e1', 0, 'e9936c3542374f2b816ff6fc5f3753e0', 'custCodelist2', 'CUST_CODELIST2', 'NVARCHAR2(400)', 'CUSTOM_FIELD_CODE_LIST_CODE2', 0, 'string-m', '', '', '', '', '', '', '', 0, NULL, 400, NULL, NULL, '', '', 'system', systimestamp, '54', 0, 'entity.custAddress.custCodelist2', 'codelist', '', '', '', '', '');
INSERT INTO CNT_FIELD_DEFINITION
 (ID, REVISION, PARENT_ID, FIELD_ID, COLUMN_NAME, COLUMN_TYPE, REPORT_COLUMN_NAME, PRODUCT_FIELD, FIELD_TYPE, ENTITY_LOOKUP, ENTITY_LOOKUP_KEY, ORDER_BY, GENERATOR, REFER_TABLE, KEY_COLUMN, LOOKUP_COLUMN, MANDATORY, MIN_LENGTH, MAX_LENGTH, MIN_VALUE, MAX_VALUE, CONSTANT_VALUE, UNIQUE_KEY, CREATE_USER, CREATED_ON, LINE_NO, MANAGED, FIELD_PATH, DATA_TYPE, DATA1, DATA2, TRANSITIVE_FIELDS, FORMULA, ENTITY_LOOKUP_TYPE)
VALUES ('8ffccff95f4c43beb37d9af49945995e', 0, 'e9936c3542374f2b816ff6fc5f3753e0', 'custCodelist3', 'CUST_CODELIST3', 'NVARCHAR2(400)', 'CUSTOM_FIELD_CODE_LIST_CODE3', 0, 'string-m', '', '', '', '', '', '', '', 0, NULL, 400, NULL, NULL, '', '', 'system', systimestamp, '55', 0, 'entity.custAddress.custCodelist3', 'codelist', '', '', '', '', '');
INSERT INTO CNT_FIELD_DEFINITION
 (ID, REVISION, PARENT_ID, FIELD_ID, COLUMN_NAME, COLUMN_TYPE, REPORT_COLUMN_NAME, PRODUCT_FIELD, FIELD_TYPE, ENTITY_LOOKUP, ENTITY_LOOKUP_KEY, ORDER_BY, GENERATOR, REFER_TABLE, KEY_COLUMN, LOOKUP_COLUMN, MANDATORY, MIN_LENGTH, MAX_LENGTH, MIN_VALUE, MAX_VALUE, CONSTANT_VALUE, UNIQUE_KEY, CREATE_USER, CREATED_ON, LINE_NO, MANAGED, FIELD_PATH, DATA_TYPE, DATA1, DATA2, TRANSITIVE_FIELDS, FORMULA, ENTITY_LOOKUP_TYPE)
VALUES ('711d6441e5194212abb276bc9643f592', 0, 'e9936c3542374f2b816ff6fc5f3753e0', 'custCodelist4', 'CUST_CODELIST4', 'NVARCHAR2(400)', 'CUSTOM_FIELD_CODE_LIST_CODE4', 0, 'string-m', '', '', '', '', '', '', '', 0, NULL, 400, NULL, NULL, '', '', 'system', systimestamp, '56', 0, 'entity.custAddress.custCodelist4', 'codelist', '', '', '', '', '');
INSERT INTO CNT_FIELD_DEFINITION
 (ID, REVISION, PARENT_ID, FIELD_ID, COLUMN_NAME, COLUMN_TYPE, REPORT_COLUMN_NAME, PRODUCT_FIELD, FIELD_TYPE, ENTITY_LOOKUP, ENTITY_LOOKUP_KEY, ORDER_BY, GENERATOR, REFER_TABLE, KEY_COLUMN, LOOKUP_COLUMN, MANDATORY, MIN_LENGTH, MAX_LENGTH, MIN_VALUE, MAX_VALUE, CONSTANT_VALUE, UNIQUE_KEY, CREATE_USER, CREATED_ON, LINE_NO, MANAGED, FIELD_PATH, DATA_TYPE, DATA1, DATA2, TRANSITIVE_FIELDS, FORMULA, ENTITY_LOOKUP_TYPE)
VALUES ('9b13a550ac2f4c2ea5a0d4beffae415b', 0, 'e9936c3542374f2b816ff6fc5f3753e0', 'custCodelist5', 'CUST_CODELIST5', 'NVARCHAR2(400)', 'CUSTOM_FIELD_CODE_LIST_CODE5', 0, 'string-m', '', '', '', '', '', '', '', 0, NULL, 400, NULL, NULL, '', '', 'system', systimestamp, '57', 0, 'entity.custAddress.custCodelist5', 'codelist', '', '', '', '', '');
INSERT INTO CNT_FIELD_DEFINITION
 (ID, REVISION, PARENT_ID, FIELD_ID, COLUMN_NAME, COLUMN_TYPE, REPORT_COLUMN_NAME, PRODUCT_FIELD, FIELD_TYPE, ENTITY_LOOKUP, ENTITY_LOOKUP_KEY, ORDER_BY, GENERATOR, REFER_TABLE, KEY_COLUMN, LOOKUP_COLUMN, MANDATORY, MIN_LENGTH, MAX_LENGTH, MIN_VALUE, MAX_VALUE, CONSTANT_VALUE, UNIQUE_KEY, CREATE_USER, CREATED_ON, LINE_NO, MANAGED, FIELD_PATH, DATA_TYPE, DATA1, DATA2, TRANSITIVE_FIELDS, FORMULA, ENTITY_LOOKUP_TYPE)
VALUES ('d5775b2d833c474e81ce9cf774a6c227', 0, 'e9936c3542374f2b816ff6fc5f3753e0', 'custCodelist6', 'CUST_CODELIST6', 'NVARCHAR2(400)', 'CUSTOM_FIELD_CODE_LIST_CODE6', 0, 'string-m', '', '', '', '', '', '', '', 0, NULL, 400, NULL, NULL, '', '', 'system', systimestamp, '58', 0, 'entity.custAddress.custCodelist6', 'codelist', '', '', '', '', '');
INSERT INTO CNT_FIELD_DEFINITION
 (ID, REVISION, PARENT_ID, FIELD_ID, COLUMN_NAME, COLUMN_TYPE, REPORT_COLUMN_NAME, PRODUCT_FIELD, FIELD_TYPE, ENTITY_LOOKUP, ENTITY_LOOKUP_KEY, ORDER_BY, GENERATOR, REFER_TABLE, KEY_COLUMN, LOOKUP_COLUMN, MANDATORY, MIN_LENGTH, MAX_LENGTH, MIN_VALUE, MAX_VALUE, CONSTANT_VALUE, UNIQUE_KEY, CREATE_USER, CREATED_ON, LINE_NO, MANAGED, FIELD_PATH, DATA_TYPE, DATA1, DATA2, TRANSITIVE_FIELDS, FORMULA, ENTITY_LOOKUP_TYPE)
VALUES ('fb2128f105c64e40a2467e06775e095e', 0, 'e9936c3542374f2b816ff6fc5f3753e0', 'custCodelist7', 'CUST_CODELIST7', 'NVARCHAR2(400)', 'CUSTOM_FIELD_CODE_LIST_CODE7', 0, 'string-m', '', '', '', '', '', '', '', 0, NULL, 400, NULL, NULL, '', '', 'system', systimestamp, '59', 0, 'entity.custAddress.custCodelist7', 'codelist', '', '', '', '', '');
INSERT INTO CNT_FIELD_DEFINITION
 (ID, REVISION, PARENT_ID, FIELD_ID, COLUMN_NAME, COLUMN_TYPE, REPORT_COLUMN_NAME, PRODUCT_FIELD, FIELD_TYPE, ENTITY_LOOKUP, ENTITY_LOOKUP_KEY, ORDER_BY, GENERATOR, REFER_TABLE, KEY_COLUMN, LOOKUP_COLUMN, MANDATORY, MIN_LENGTH, MAX_LENGTH, MIN_VALUE, MAX_VALUE, CONSTANT_VALUE, UNIQUE_KEY, CREATE_USER, CREATED_ON, LINE_NO, MANAGED, FIELD_PATH, DATA_TYPE, DATA1, DATA2, TRANSITIVE_FIELDS, FORMULA, ENTITY_LOOKUP_TYPE)
VALUES ('11a77722d1d446618d64dd5d74af384b', 0, 'e9936c3542374f2b816ff6fc5f3753e0', 'custMemoText1', 'CUST_MEMO_TEXT1', 'NVARCHAR2(1000)', 'CUSTOM_FIELD_MEMO_TEXT1', 0, 'string-l', '', '', '', '', '', '', '', 0, NULL, 1000, NULL, NULL, '', '', 'system', systimestamp, '60', 0, 'entity.custAddress.custMemoText1', '', '', '', '', '', '');
INSERT INTO CNT_FIELD_DEFINITION
 (ID, REVISION, PARENT_ID, FIELD_ID, COLUMN_NAME, COLUMN_TYPE, REPORT_COLUMN_NAME, PRODUCT_FIELD, FIELD_TYPE, ENTITY_LOOKUP, ENTITY_LOOKUP_KEY, ORDER_BY, GENERATOR, REFER_TABLE, KEY_COLUMN, LOOKUP_COLUMN, MANDATORY, MIN_LENGTH, MAX_LENGTH, MIN_VALUE, MAX_VALUE, CONSTANT_VALUE, UNIQUE_KEY, CREATE_USER, CREATED_ON, LINE_NO, MANAGED, FIELD_PATH, DATA_TYPE, DATA1, DATA2, TRANSITIVE_FIELDS, FORMULA, ENTITY_LOOKUP_TYPE)
VALUES ('be1f597383aa422abbb0647bd2f9c2d3', 0, 'e9936c3542374f2b816ff6fc5f3753e0', 'custMemoText2', 'CUST_MEMO_TEXT2', 'NVARCHAR2(1000)', 'CUSTOM_FIELD_MEMO_TEXT2', 0, 'string-l', '', '', '', '', '', '', '', 0, NULL, 1000, NULL, NULL, '', '', 'system', systimestamp, '61', 0, 'entity.custAddress.custMemoText2', '', '', '', '', '', '');
INSERT INTO CNT_FIELD_DEFINITION
 (ID, REVISION, PARENT_ID, FIELD_ID, COLUMN_NAME, COLUMN_TYPE, REPORT_COLUMN_NAME, PRODUCT_FIELD, FIELD_TYPE, ENTITY_LOOKUP, ENTITY_LOOKUP_KEY, ORDER_BY, GENERATOR, REFER_TABLE, KEY_COLUMN, LOOKUP_COLUMN, MANDATORY, MIN_LENGTH, MAX_LENGTH, MIN_VALUE, MAX_VALUE, CONSTANT_VALUE, UNIQUE_KEY, CREATE_USER, CREATED_ON, LINE_NO, MANAGED, FIELD_PATH, DATA_TYPE, DATA1, DATA2, TRANSITIVE_FIELDS, FORMULA, ENTITY_LOOKUP_TYPE)
VALUES ('6dcc7f9c319d4893a0d9dc5df569bf09', 0, 'e9936c3542374f2b816ff6fc5f3753e0', 'custMemoText3', 'CUST_MEMO_TEXT3', 'NVARCHAR2(1000)', 'CUSTOM_FIELD_MEMO_TEXT3', 0, 'string-l', '', '', '', '', '', '', '', 0, NULL, 1000, NULL, NULL, '', '', 'system', systimestamp, '62', 0, 'entity.custAddress.custMemoText3', '', '', '', '', '', '');
INSERT INTO CNT_FIELD_DEFINITION
 (ID, REVISION, PARENT_ID, FIELD_ID, COLUMN_NAME, COLUMN_TYPE, REPORT_COLUMN_NAME, PRODUCT_FIELD, FIELD_TYPE, ENTITY_LOOKUP, ENTITY_LOOKUP_KEY, ORDER_BY, GENERATOR, REFER_TABLE, KEY_COLUMN, LOOKUP_COLUMN, MANDATORY, MIN_LENGTH, MAX_LENGTH, MIN_VALUE, MAX_VALUE, CONSTANT_VALUE, UNIQUE_KEY, CREATE_USER, CREATED_ON, LINE_NO, MANAGED, FIELD_PATH, DATA_TYPE, DATA1, DATA2, TRANSITIVE_FIELDS, FORMULA, ENTITY_LOOKUP_TYPE)
VALUES ('381518ae8096405686387a38f9efac14', 0, 'e9936c3542374f2b816ff6fc5f3753e0', 'custMemoText4', 'CUST_MEMO_TEXT4', 'NVARCHAR2(1000)', 'CUSTOM_FIELD_MEMO_TEXT4', 0, 'string-l', '', '', '', '', '', '', '', 0, NULL, 1000, NULL, NULL, '', '', 'system', systimestamp, '63', 0, 'entity.custAddress.custMemoText4', '', '', '', '', '', '');
INSERT INTO CNT_FIELD_DEFINITION
 (ID, REVISION, PARENT_ID, FIELD_ID, COLUMN_NAME, COLUMN_TYPE, REPORT_COLUMN_NAME, PRODUCT_FIELD, FIELD_TYPE, ENTITY_LOOKUP, ENTITY_LOOKUP_KEY, ORDER_BY, GENERATOR, REFER_TABLE, KEY_COLUMN, LOOKUP_COLUMN, MANDATORY, MIN_LENGTH, MAX_LENGTH, MIN_VALUE, MAX_VALUE, CONSTANT_VALUE, UNIQUE_KEY, CREATE_USER, CREATED_ON, LINE_NO, MANAGED, FIELD_PATH, DATA_TYPE, DATA1, DATA2, TRANSITIVE_FIELDS, FORMULA, ENTITY_LOOKUP_TYPE)
VALUES ('6f0784439e674c4ca4d0623fa6aece33', 0, 'e9936c3542374f2b816ff6fc5f3753e0', 'custMemoText5', 'CUST_MEMO_TEXT5', 'NVARCHAR2(1000)', 'CUSTOM_FIELD_MEMO_TEXT5', 0, 'string-l', '', '', '', '', '', '', '', 0, NULL, 1000, NULL, NULL, '', '', 'system', systimestamp, '64', 0, 'entity.custAddress.custMemoText5', '', '', '', '', '', '');
INSERT INTO CNT_FIELD_DEFINITION
 (ID, REVISION, PARENT_ID, FIELD_ID, COLUMN_NAME, COLUMN_TYPE, REPORT_COLUMN_NAME, PRODUCT_FIELD, FIELD_TYPE, ENTITY_LOOKUP, ENTITY_LOOKUP_KEY, ORDER_BY, GENERATOR, REFER_TABLE, KEY_COLUMN, LOOKUP_COLUMN, MANDATORY, MIN_LENGTH, MAX_LENGTH, MIN_VALUE, MAX_VALUE, CONSTANT_VALUE, UNIQUE_KEY, CREATE_USER, CREATED_ON, LINE_NO, MANAGED, FIELD_PATH, DATA_TYPE, DATA1, DATA2, TRANSITIVE_FIELDS, FORMULA, ENTITY_LOOKUP_TYPE)
VALUES ('28b532d877ca4246aece0b1d78b92abf', 0, 'e9936c3542374f2b816ff6fc5f3753e0', 'custMemoText6', 'CUST_MEMO_TEXT6', 'NVARCHAR2(1000)', 'CUSTOM_FIELD_MEMO_TEXT6', 0, 'string-l', '', '', '', '', '', '', '', 0, NULL, 1000, NULL, NULL, '', '', 'system', systimestamp, '65', 0, 'entity.custAddress.custMemoText6', '', '', '', '', '', '');
INSERT INTO CNT_FIELD_DEFINITION
 (ID, REVISION, PARENT_ID, FIELD_ID, COLUMN_NAME, COLUMN_TYPE, REPORT_COLUMN_NAME, PRODUCT_FIELD, FIELD_TYPE, ENTITY_LOOKUP, ENTITY_LOOKUP_KEY, ORDER_BY, GENERATOR, REFER_TABLE, KEY_COLUMN, LOOKUP_COLUMN, MANDATORY, MIN_LENGTH, MAX_LENGTH, MIN_VALUE, MAX_VALUE, CONSTANT_VALUE, UNIQUE_KEY, CREATE_USER, CREATED_ON, LINE_NO, MANAGED, FIELD_PATH, DATA_TYPE, DATA1, DATA2, TRANSITIVE_FIELDS, FORMULA, ENTITY_LOOKUP_TYPE)
VALUES ('4d5d6f5f343c4af3b4018fbe2d215c54', 0, 'e9936c3542374f2b816ff6fc5f3753e0', 'custMemoText7', 'CUST_MEMO_TEXT7', 'NVARCHAR2(1000)', 'CUSTOM_FIELD_MEMO_TEXT7', 0, 'string-l', '', '', '', '', '', '', '', 0, NULL, 1000, NULL, NULL, '', '', 'system', systimestamp, '66', 0, 'entity.custAddress.custMemoText7', '', '', '', '', '', '');
INSERT INTO CNT_FIELD_DEFINITION
 (ID, REVISION, PARENT_ID, FIELD_ID, COLUMN_NAME, COLUMN_TYPE, REPORT_COLUMN_NAME, PRODUCT_FIELD, FIELD_TYPE, ENTITY_LOOKUP, ENTITY_LOOKUP_KEY, ORDER_BY, GENERATOR, REFER_TABLE, KEY_COLUMN, LOOKUP_COLUMN, MANDATORY, MIN_LENGTH, MAX_LENGTH, MIN_VALUE, MAX_VALUE, CONSTANT_VALUE, UNIQUE_KEY, CREATE_USER, CREATED_ON, LINE_NO, MANAGED, FIELD_PATH, DATA_TYPE, DATA1, DATA2, TRANSITIVE_FIELDS, FORMULA, ENTITY_LOOKUP_TYPE)
VALUES ('bc5abebb9c8a470e9cf02355a96b9a46', 0, 'e9936c3542374f2b816ff6fc5f3753e0', 'custHcl1', 'CUST_HCL1_ID', 'CHAR(32)', 'CUSTOM_FIELD_HCL_CODE_SYS_ID1', 0, 'entity', 'HclNode', 'id', '', '', '', '', '', 0, 32, 32, NULL, NULL, '', '', 'system', systimestamp, '67', 0, 'entity.custAddress.custHcl1', '', '', '', '', '', '');
INSERT INTO CNT_FIELD_DEFINITION
 (ID, REVISION, PARENT_ID, FIELD_ID, COLUMN_NAME, COLUMN_TYPE, REPORT_COLUMN_NAME, PRODUCT_FIELD, FIELD_TYPE, ENTITY_LOOKUP, ENTITY_LOOKUP_KEY, ORDER_BY, GENERATOR, REFER_TABLE, KEY_COLUMN, LOOKUP_COLUMN, MANDATORY, MIN_LENGTH, MAX_LENGTH, MIN_VALUE, MAX_VALUE, CONSTANT_VALUE, UNIQUE_KEY, CREATE_USER, CREATED_ON, LINE_NO, MANAGED, FIELD_PATH, DATA_TYPE, DATA1, DATA2, TRANSITIVE_FIELDS, FORMULA, ENTITY_LOOKUP_TYPE)
VALUES ('e8d2b5a1e11c40749a184c4f7cea8d0c', 0, 'e9936c3542374f2b816ff6fc5f3753e0', 'custHcl2', 'CUST_HCL2_ID', 'CHAR(32)', 'CUSTOM_FIELD_HCL_CODE_SYS_ID2', 0, 'entity', 'HclNode', 'id', '', '', '', '', '', 0, 32, 32, NULL, NULL, '', '', 'system', systimestamp, '68', 0, 'entity.custAddress.custHcl2', '', '', '', '', '', '');
INSERT INTO CNT_FIELD_DEFINITION
 (ID, REVISION, PARENT_ID, FIELD_ID, COLUMN_NAME, COLUMN_TYPE, REPORT_COLUMN_NAME, PRODUCT_FIELD, FIELD_TYPE, ENTITY_LOOKUP, ENTITY_LOOKUP_KEY, ORDER_BY, GENERATOR, REFER_TABLE, KEY_COLUMN, LOOKUP_COLUMN, MANDATORY, MIN_LENGTH, MAX_LENGTH, MIN_VALUE, MAX_VALUE, CONSTANT_VALUE, UNIQUE_KEY, CREATE_USER, CREATED_ON, LINE_NO, MANAGED, FIELD_PATH, DATA_TYPE, DATA1, DATA2, TRANSITIVE_FIELDS, FORMULA, ENTITY_LOOKUP_TYPE)
VALUES ('63e12dffcc21486196827c02971f08f0', 0, 'e9936c3542374f2b816ff6fc5f3753e0', 'custHcl3', 'CUST_HCL3_ID', 'CHAR(32)', 'CUSTOM_FIELD_HCL_CODE_SYS_ID3', 0, 'entity', 'HclNode', 'id', '', '', '', '', '', 0, 32, 32, NULL, NULL, '', '', 'system', systimestamp, '69', 0, 'entity.custAddress.custHcl3', '', '', '', '', '', '');
INSERT INTO CNT_FIELD_DEFINITION
 (ID, REVISION, PARENT_ID, FIELD_ID, COLUMN_NAME, COLUMN_TYPE, REPORT_COLUMN_NAME, PRODUCT_FIELD, FIELD_TYPE, ENTITY_LOOKUP, ENTITY_LOOKUP_KEY, ORDER_BY, GENERATOR, REFER_TABLE, KEY_COLUMN, LOOKUP_COLUMN, MANDATORY, MIN_LENGTH, MAX_LENGTH, MIN_VALUE, MAX_VALUE, CONSTANT_VALUE, UNIQUE_KEY, CREATE_USER, CREATED_ON, LINE_NO, MANAGED, FIELD_PATH, DATA_TYPE, DATA1, DATA2, TRANSITIVE_FIELDS, FORMULA, ENTITY_LOOKUP_TYPE)
VALUES ('11cdb5f8d5f24b3bb28470dd11785f07', 0, 'e9936c3542374f2b816ff6fc5f3753e0', 'custHcl4', 'CUST_HCL4_ID', 'CHAR(32)', 'CUSTOM_FIELD_HCL_CODE_SYS_ID4', 0, 'entity', 'HclNode', 'id', '', '', '', '', '', 0, 32, 32, NULL, NULL, '', '', 'system', systimestamp, '70', 0, 'entity.custAddress.custHcl4', '', '', '', '', '', '');
INSERT INTO CNT_FIELD_DEFINITION
 (ID, REVISION, PARENT_ID, FIELD_ID, COLUMN_NAME, COLUMN_TYPE, REPORT_COLUMN_NAME, PRODUCT_FIELD, FIELD_TYPE, ENTITY_LOOKUP, ENTITY_LOOKUP_KEY, ORDER_BY, GENERATOR, REFER_TABLE, KEY_COLUMN, LOOKUP_COLUMN, MANDATORY, MIN_LENGTH, MAX_LENGTH, MIN_VALUE, MAX_VALUE, CONSTANT_VALUE, UNIQUE_KEY, CREATE_USER, CREATED_ON, LINE_NO, MANAGED, FIELD_PATH, DATA_TYPE, DATA1, DATA2, TRANSITIVE_FIELDS, FORMULA, ENTITY_LOOKUP_TYPE)
VALUES ('e39b5799c59e4a63967b51b1de8e3631', 0, 'e9936c3542374f2b816ff6fc5f3753e0', 'custHcl5', 'CUST_HCL5_ID', 'CHAR(32)', 'CUSTOM_FIELD_HCL_CODE_SYS_ID5', 0, 'entity', 'HclNode', 'id', '', '', '', '', '', 0, 32, 32, NULL, NULL, '', '', 'system', systimestamp, '71', 0, 'entity.custAddress.custHcl5', '', '', '', '', '', '');
INSERT INTO CNT_FIELD_DEFINITION
 (ID, REVISION, PARENT_ID, FIELD_ID, COLUMN_NAME, COLUMN_TYPE, REPORT_COLUMN_NAME, PRODUCT_FIELD, FIELD_TYPE, ENTITY_LOOKUP, ENTITY_LOOKUP_KEY, ORDER_BY, GENERATOR, REFER_TABLE, KEY_COLUMN, LOOKUP_COLUMN, MANDATORY, MIN_LENGTH, MAX_LENGTH, MIN_VALUE, MAX_VALUE, CONSTANT_VALUE, UNIQUE_KEY, CREATE_USER, CREATED_ON, LINE_NO, MANAGED, FIELD_PATH, DATA_TYPE, DATA1, DATA2, TRANSITIVE_FIELDS, FORMULA, ENTITY_LOOKUP_TYPE)
VALUES ('5916ab7abf7a4ca39a3d17bbfd305202', 0, 'e9936c3542374f2b816ff6fc5f3753e0', 'countryName', 'COUNTRY_NAME', 'NVARCHAR2(400)', 'N/A', 1, 'string-m', '', '', '', '', '', '', '', 0, NULL, 400, NULL, NULL, '', '', 'system', systimestamp, '72', 0, 'entity.custAddress.countryName', '', '', '', '', '', '');
INSERT INTO CNT_FIELD_DEFINITION
 (ID, REVISION, PARENT_ID, FIELD_ID, COLUMN_NAME, COLUMN_TYPE, REPORT_COLUMN_NAME, PRODUCT_FIELD, FIELD_TYPE, ENTITY_LOOKUP, ENTITY_LOOKUP_KEY, ORDER_BY, GENERATOR, REFER_TABLE, KEY_COLUMN, LOOKUP_COLUMN, MANDATORY, MIN_LENGTH, MAX_LENGTH, MIN_VALUE, MAX_VALUE, CONSTANT_VALUE, UNIQUE_KEY, CREATE_USER, CREATED_ON, LINE_NO, MANAGED, FIELD_PATH, DATA_TYPE, DATA1, DATA2, TRANSITIVE_FIELDS, FORMULA, ENTITY_LOOKUP_TYPE)
VALUES ('a4ecb81680e84c8f93af171370c6e7f2', 0, 'e9936c3542374f2b816ff6fc5f3753e0', 'portOfDischargeName', 'PORT_OF_DISCHARGE_NAME', 'NVARCHAR2(400)', 'N/A', 1, 'string-m', '', '', '', '', '', '', '', 0, NULL, 400, NULL, NULL, '', '', 'system', systimestamp, '73', 0, 'entity.custAddress.portOfDischargeName', '', '', '', '', '', '');
INSERT INTO CNT_FIELD_DEFINITION
 (ID, REVISION, PARENT_ID, FIELD_ID, COLUMN_NAME, COLUMN_TYPE, REPORT_COLUMN_NAME, PRODUCT_FIELD, FIELD_TYPE, ENTITY_LOOKUP, ENTITY_LOOKUP_KEY, ORDER_BY, GENERATOR, REFER_TABLE, KEY_COLUMN, LOOKUP_COLUMN, MANDATORY, MIN_LENGTH, MAX_LENGTH, MIN_VALUE, MAX_VALUE, CONSTANT_VALUE, UNIQUE_KEY, CREATE_USER, CREATED_ON, LINE_NO, MANAGED, FIELD_PATH, DATA_TYPE, DATA1, DATA2, TRANSITIVE_FIELDS, FORMULA, ENTITY_LOOKUP_TYPE)
VALUES ('6c293954e46b4f7fa9adaf39d457caa2', 0, 'e9936c3542374f2b816ff6fc5f3753e0', 'languageName', 'LANGUAGE_NAME', 'NVARCHAR2(400)', 'N/A', 1, 'string-m', '', '', '', '', '', '', '', 0, NULL, 400, NULL, NULL, '', '', 'system', systimestamp, '74', 0, 'entity.custAddress.languageName', '', '', '', '', '', '');
INSERT INTO CNT_FIELD_DEFINITION
 (ID, REVISION, PARENT_ID, FIELD_ID, COLUMN_NAME, COLUMN_TYPE, REPORT_COLUMN_NAME, PRODUCT_FIELD, FIELD_TYPE, ENTITY_LOOKUP, ENTITY_LOOKUP_KEY, ORDER_BY, GENERATOR, REFER_TABLE, KEY_COLUMN, LOOKUP_COLUMN, MANDATORY, MIN_LENGTH, MAX_LENGTH, MIN_VALUE, MAX_VALUE, CONSTANT_VALUE, UNIQUE_KEY, CREATE_USER, CREATED_ON, LINE_NO, MANAGED, FIELD_PATH, DATA_TYPE, DATA1, DATA2, TRANSITIVE_FIELDS, FORMULA, ENTITY_LOOKUP_TYPE)
VALUES ('70694e45d0bc4c5a961ba8348178f362', 0, 'e9936c3542374f2b816ff6fc5f3753e0', 'addressTypeIdValue', 'ADDRESS_TYPE_ID_VALUE', 'NVARCHAR2(1000)', 'N/A', 1, 'string-l', '', '', '', '', '', '', '', 0, NULL, 1000, NULL, NULL, '', '', 'system', systimestamp, '75', 0, 'entity.custAddress.addressTypeIdValue', '', '', '', '', '', '');
INSERT INTO CNT_FIELD_DEFINITION
 (ID, REVISION, PARENT_ID, FIELD_ID, COLUMN_NAME, COLUMN_TYPE, REPORT_COLUMN_NAME, PRODUCT_FIELD, FIELD_TYPE, ENTITY_LOOKUP, ENTITY_LOOKUP_KEY, ORDER_BY, GENERATOR, REFER_TABLE, KEY_COLUMN, LOOKUP_COLUMN, MANDATORY, MIN_LENGTH, MAX_LENGTH, MIN_VALUE, MAX_VALUE, CONSTANT_VALUE, UNIQUE_KEY, CREATE_USER, CREATED_ON, LINE_NO, MANAGED, FIELD_PATH, DATA_TYPE, DATA1, DATA2, TRANSITIVE_FIELDS, FORMULA, ENTITY_LOOKUP_TYPE)
VALUES ('28c07e34542e4dc2ae6a6430949b25c8', 0, 'e9936c3542374f2b816ff6fc5f3753e0', 'custCodelist1Name', 'CUST_CODELIST1_NAME', 'NVARCHAR2(400)', 'N/A', 0, 'string-m', '', '', '', '', '', '', '', 0, NULL, 400, NULL, NULL, '', '', 'system', systimestamp, '76', 0, 'entity.custAddress.custCodelist1Name', '', '', '', '', '', '');
INSERT INTO CNT_FIELD_DEFINITION
 (ID, REVISION, PARENT_ID, FIELD_ID, COLUMN_NAME, COLUMN_TYPE, REPORT_COLUMN_NAME, PRODUCT_FIELD, FIELD_TYPE, ENTITY_LOOKUP, ENTITY_LOOKUP_KEY, ORDER_BY, GENERATOR, REFER_TABLE, KEY_COLUMN, LOOKUP_COLUMN, MANDATORY, MIN_LENGTH, MAX_LENGTH, MIN_VALUE, MAX_VALUE, CONSTANT_VALUE, UNIQUE_KEY, CREATE_USER, CREATED_ON, LINE_NO, MANAGED, FIELD_PATH, DATA_TYPE, DATA1, DATA2, TRANSITIVE_FIELDS, FORMULA, ENTITY_LOOKUP_TYPE)
VALUES ('cdcf2640da484c86a5c2cd6d8ebd9561', 0, 'e9936c3542374f2b816ff6fc5f3753e0', 'custCodelist2Name', 'CUST_CODELIST2_NAME', 'NVARCHAR2(400)', 'N/A', 0, 'string-m', '', '', '', '', '', '', '', 0, NULL, 400, NULL, NULL, '', '', 'system', systimestamp, '77', 0, 'entity.custAddress.custCodelist2Name', '', '', '', '', '', '');
INSERT INTO CNT_FIELD_DEFINITION
 (ID, REVISION, PARENT_ID, FIELD_ID, COLUMN_NAME, COLUMN_TYPE, REPORT_COLUMN_NAME, PRODUCT_FIELD, FIELD_TYPE, ENTITY_LOOKUP, ENTITY_LOOKUP_KEY, ORDER_BY, GENERATOR, REFER_TABLE, KEY_COLUMN, LOOKUP_COLUMN, MANDATORY, MIN_LENGTH, MAX_LENGTH, MIN_VALUE, MAX_VALUE, CONSTANT_VALUE, UNIQUE_KEY, CREATE_USER, CREATED_ON, LINE_NO, MANAGED, FIELD_PATH, DATA_TYPE, DATA1, DATA2, TRANSITIVE_FIELDS, FORMULA, ENTITY_LOOKUP_TYPE)
VALUES ('23701ded2a2847dbab13f81bb981556a', 0, 'e9936c3542374f2b816ff6fc5f3753e0', 'custCodelist3Name', 'CUST_CODELIST3_NAME', 'NVARCHAR2(400)', 'N/A', 0, 'string-m', '', '', '', '', '', '', '', 0, NULL, 400, NULL, NULL, '', '', 'system', systimestamp, '78', 0, 'entity.custAddress.custCodelist3Name', '', '', '', '', '', '');
INSERT INTO CNT_FIELD_DEFINITION
 (ID, REVISION, PARENT_ID, FIELD_ID, COLUMN_NAME, COLUMN_TYPE, REPORT_COLUMN_NAME, PRODUCT_FIELD, FIELD_TYPE, ENTITY_LOOKUP, ENTITY_LOOKUP_KEY, ORDER_BY, GENERATOR, REFER_TABLE, KEY_COLUMN, LOOKUP_COLUMN, MANDATORY, MIN_LENGTH, MAX_LENGTH, MIN_VALUE, MAX_VALUE, CONSTANT_VALUE, UNIQUE_KEY, CREATE_USER, CREATED_ON, LINE_NO, MANAGED, FIELD_PATH, DATA_TYPE, DATA1, DATA2, TRANSITIVE_FIELDS, FORMULA, ENTITY_LOOKUP_TYPE)
VALUES ('c1e25423ee454814b9b5c0fe7fdaab26', 0, 'e9936c3542374f2b816ff6fc5f3753e0', 'custCodelist4Name', 'CUST_CODELIST4_NAME', 'NVARCHAR2(400)', 'N/A', 0, 'string-m', '', '', '', '', '', '', '', 0, NULL, 400, NULL, NULL, '', '', 'system', systimestamp, '79', 0, 'entity.custAddress.custCodelist4Name', '', '', '', '', '', '');
INSERT INTO CNT_FIELD_DEFINITION
 (ID, REVISION, PARENT_ID, FIELD_ID, COLUMN_NAME, COLUMN_TYPE, REPORT_COLUMN_NAME, PRODUCT_FIELD, FIELD_TYPE, ENTITY_LOOKUP, ENTITY_LOOKUP_KEY, ORDER_BY, GENERATOR, REFER_TABLE, KEY_COLUMN, LOOKUP_COLUMN, MANDATORY, MIN_LENGTH, MAX_LENGTH, MIN_VALUE, MAX_VALUE, CONSTANT_VALUE, UNIQUE_KEY, CREATE_USER, CREATED_ON, LINE_NO, MANAGED, FIELD_PATH, DATA_TYPE, DATA1, DATA2, TRANSITIVE_FIELDS, FORMULA, ENTITY_LOOKUP_TYPE)
VALUES ('4742dd7e577c48108960600917a3b80b', 0, 'e9936c3542374f2b816ff6fc5f3753e0', 'custCodelist5Name', 'CUST_CODELIST5_NAME', 'NVARCHAR2(400)', 'N/A', 0, 'string-m', '', '', '', '', '', '', '', 0, NULL, 400, NULL, NULL, '', '', 'system', systimestamp, '80', 0, 'entity.custAddress.custCodelist5Name', '', '', '', '', '', '');
INSERT INTO CNT_FIELD_DEFINITION
 (ID, REVISION, PARENT_ID, FIELD_ID, COLUMN_NAME, COLUMN_TYPE, REPORT_COLUMN_NAME, PRODUCT_FIELD, FIELD_TYPE, ENTITY_LOOKUP, ENTITY_LOOKUP_KEY, ORDER_BY, GENERATOR, REFER_TABLE, KEY_COLUMN, LOOKUP_COLUMN, MANDATORY, MIN_LENGTH, MAX_LENGTH, MIN_VALUE, MAX_VALUE, CONSTANT_VALUE, UNIQUE_KEY, CREATE_USER, CREATED_ON, LINE_NO, MANAGED, FIELD_PATH, DATA_TYPE, DATA1, DATA2, TRANSITIVE_FIELDS, FORMULA, ENTITY_LOOKUP_TYPE)
VALUES ('55e4fd59e29445e98c34e92b34c63750', 0, 'e9936c3542374f2b816ff6fc5f3753e0', 'custCodelist6Name', 'CUST_CODELIST6_NAME', 'NVARCHAR2(400)', 'N/A', 0, 'string-m', '', '', '', '', '', '', '', 0, NULL, 400, NULL, NULL, '', '', 'system', systimestamp, '81', 0, 'entity.custAddress.custCodelist6Name', '', '', '', '', '', '');
INSERT INTO CNT_FIELD_DEFINITION
 (ID, REVISION, PARENT_ID, FIELD_ID, COLUMN_NAME, COLUMN_TYPE, REPORT_COLUMN_NAME, PRODUCT_FIELD, FIELD_TYPE, ENTITY_LOOKUP, ENTITY_LOOKUP_KEY, ORDER_BY, GENERATOR, REFER_TABLE, KEY_COLUMN, LOOKUP_COLUMN, MANDATORY, MIN_LENGTH, MAX_LENGTH, MIN_VALUE, MAX_VALUE, CONSTANT_VALUE, UNIQUE_KEY, CREATE_USER, CREATED_ON, LINE_NO, MANAGED, FIELD_PATH, DATA_TYPE, DATA1, DATA2, TRANSITIVE_FIELDS, FORMULA, ENTITY_LOOKUP_TYPE)
VALUES ('6fff0200e2cc43bcbea1f8b51950fe3b', 0, 'e9936c3542374f2b816ff6fc5f3753e0', 'custCodelist7Name', 'CUST_CODELIST7_NAME', 'NVARCHAR2(400)', 'N/A', 0, 'string-m', '', '', '', '', '', '', '', 0, NULL, 400, NULL, NULL, '', '', 'system', systimestamp, '82', 0, 'entity.custAddress.custCodelist7Name', '', '', '', '', '', '');
INSERT INTO CNT_FIELD_DEFINITION
 (ID, REVISION, PARENT_ID, FIELD_ID, COLUMN_NAME, COLUMN_TYPE, REPORT_COLUMN_NAME, PRODUCT_FIELD, FIELD_TYPE, ENTITY_LOOKUP, ENTITY_LOOKUP_KEY, ORDER_BY, GENERATOR, REFER_TABLE, KEY_COLUMN, LOOKUP_COLUMN, MANDATORY, MIN_LENGTH, MAX_LENGTH, MIN_VALUE, MAX_VALUE, CONSTANT_VALUE, UNIQUE_KEY, CREATE_USER, CREATED_ON, LINE_NO, MANAGED, FIELD_PATH, DATA_TYPE, DATA1, DATA2, TRANSITIVE_FIELDS, FORMULA, ENTITY_LOOKUP_TYPE)
VALUES ('2611ed7cdb7b4be5b300586b5d0e5951', 0, 'e9936c3542374f2b816ff6fc5f3753e0', 'custHcl1Ref', 'CUST_HCL1_REF', 'NVARCHAR2(1000)', 'N/A', 0, 'string-l', '', '', '', '', '', '', '', 0, NULL, 1000, NULL, NULL, '', '', 'system', systimestamp, '83', 0, 'entity.custAddress.custHcl1Ref', '', '', '', '', '', '');
INSERT INTO CNT_FIELD_DEFINITION
 (ID, REVISION, PARENT_ID, FIELD_ID, COLUMN_NAME, COLUMN_TYPE, REPORT_COLUMN_NAME, PRODUCT_FIELD, FIELD_TYPE, ENTITY_LOOKUP, ENTITY_LOOKUP_KEY, ORDER_BY, GENERATOR, REFER_TABLE, KEY_COLUMN, LOOKUP_COLUMN, MANDATORY, MIN_LENGTH, MAX_LENGTH, MIN_VALUE, MAX_VALUE, CONSTANT_VALUE, UNIQUE_KEY, CREATE_USER, CREATED_ON, LINE_NO, MANAGED, FIELD_PATH, DATA_TYPE, DATA1, DATA2, TRANSITIVE_FIELDS, FORMULA, ENTITY_LOOKUP_TYPE)
VALUES ('430d0167fd6740d3a95d899c3c5c1b9c', 0, 'e9936c3542374f2b816ff6fc5f3753e0', 'custHcl1Ver', 'CUST_HCL1_VER', 'NUMBER(20, 0)', 'N/A', 0, 'integer', '', '', '', '', '', '', '', 0, NULL, 18, NULL, NULL, '', '', 'system', systimestamp, '84', 0, 'entity.custAddress.custHcl1Ver', '', '', '', '', '', '');
INSERT INTO CNT_FIELD_DEFINITION
 (ID, REVISION, PARENT_ID, FIELD_ID, COLUMN_NAME, COLUMN_TYPE, REPORT_COLUMN_NAME, PRODUCT_FIELD, FIELD_TYPE, ENTITY_LOOKUP, ENTITY_LOOKUP_KEY, ORDER_BY, GENERATOR, REFER_TABLE, KEY_COLUMN, LOOKUP_COLUMN, MANDATORY, MIN_LENGTH, MAX_LENGTH, MIN_VALUE, MAX_VALUE, CONSTANT_VALUE, UNIQUE_KEY, CREATE_USER, CREATED_ON, LINE_NO, MANAGED, FIELD_PATH, DATA_TYPE, DATA1, DATA2, TRANSITIVE_FIELDS, FORMULA, ENTITY_LOOKUP_TYPE)
VALUES ('1b774c21df3e4724a154a490063a95f8', 0, 'e9936c3542374f2b816ff6fc5f3753e0', 'custHcl1Ref2', 'CUST_HCL1_REF2', 'NVARCHAR2(1000)', 'N/A', 0, 'string-l', '', '', '', '', '', '', '', 0, NULL, 1000, NULL, NULL, '', '', 'system', systimestamp, '85', 0, 'entity.custAddress.custHcl1Ref2', '', '', '', '', '', '');
INSERT INTO CNT_FIELD_DEFINITION
 (ID, REVISION, PARENT_ID, FIELD_ID, COLUMN_NAME, COLUMN_TYPE, REPORT_COLUMN_NAME, PRODUCT_FIELD, FIELD_TYPE, ENTITY_LOOKUP, ENTITY_LOOKUP_KEY, ORDER_BY, GENERATOR, REFER_TABLE, KEY_COLUMN, LOOKUP_COLUMN, MANDATORY, MIN_LENGTH, MAX_LENGTH, MIN_VALUE, MAX_VALUE, CONSTANT_VALUE, UNIQUE_KEY, CREATE_USER, CREATED_ON, LINE_NO, MANAGED, FIELD_PATH, DATA_TYPE, DATA1, DATA2, TRANSITIVE_FIELDS, FORMULA, ENTITY_LOOKUP_TYPE)
VALUES ('c79dab88bddd4efcb9fe3dd6f45d8d4a', 0, 'e9936c3542374f2b816ff6fc5f3753e0', 'custHcl1FullLineage', 'CUST_HCL1_FULL_LINEAGE', 'NVARCHAR2(1000)', 'N/A', 0, 'string-l', '', '', '', '', '', '', '', 0, NULL, 1000, NULL, NULL, '', '', 'system', systimestamp, '86', 0, 'entity.custAddress.custHcl1FullLineage', '', '', '', '', '', '');
INSERT INTO CNT_FIELD_DEFINITION
 (ID, REVISION, PARENT_ID, FIELD_ID, COLUMN_NAME, COLUMN_TYPE, REPORT_COLUMN_NAME, PRODUCT_FIELD, FIELD_TYPE, ENTITY_LOOKUP, ENTITY_LOOKUP_KEY, ORDER_BY, GENERATOR, REFER_TABLE, KEY_COLUMN, LOOKUP_COLUMN, MANDATORY, MIN_LENGTH, MAX_LENGTH, MIN_VALUE, MAX_VALUE, CONSTANT_VALUE, UNIQUE_KEY, CREATE_USER, CREATED_ON, LINE_NO, MANAGED, FIELD_PATH, DATA_TYPE, DATA1, DATA2, TRANSITIVE_FIELDS, FORMULA, ENTITY_LOOKUP_TYPE)
VALUES ('8e9deac783a64f2c8ccde557a4146023', 0, 'e9936c3542374f2b816ff6fc5f3753e0', 'custHcl2Ref', 'CUST_HCL2_REF', 'NVARCHAR2(1000)', 'N/A', 0, 'string-l', '', '', '', '', '', '', '', 0, NULL, 1000, NULL, NULL, '', '', 'system', systimestamp, '87', 0, 'entity.custAddress.custHcl2Ref', '', '', '', '', '', '');
INSERT INTO CNT_FIELD_DEFINITION
 (ID, REVISION, PARENT_ID, FIELD_ID, COLUMN_NAME, COLUMN_TYPE, REPORT_COLUMN_NAME, PRODUCT_FIELD, FIELD_TYPE, ENTITY_LOOKUP, ENTITY_LOOKUP_KEY, ORDER_BY, GENERATOR, REFER_TABLE, KEY_COLUMN, LOOKUP_COLUMN, MANDATORY, MIN_LENGTH, MAX_LENGTH, MIN_VALUE, MAX_VALUE, CONSTANT_VALUE, UNIQUE_KEY, CREATE_USER, CREATED_ON, LINE_NO, MANAGED, FIELD_PATH, DATA_TYPE, DATA1, DATA2, TRANSITIVE_FIELDS, FORMULA, ENTITY_LOOKUP_TYPE)
VALUES ('5d75deef1f864613a8a0e468e1a26a64', 0, 'e9936c3542374f2b816ff6fc5f3753e0', 'custHcl2Ver', 'CUST_HCL2_VER', 'NUMBER(20, 0)', 'N/A', 0, 'integer', '', '', '', '', '', '', '', 0, NULL, 18, NULL, NULL, '', '', 'system', systimestamp, '88', 0, 'entity.custAddress.custHcl2Ver', '', '', '', '', '', '');
INSERT INTO CNT_FIELD_DEFINITION
 (ID, REVISION, PARENT_ID, FIELD_ID, COLUMN_NAME, COLUMN_TYPE, REPORT_COLUMN_NAME, PRODUCT_FIELD, FIELD_TYPE, ENTITY_LOOKUP, ENTITY_LOOKUP_KEY, ORDER_BY, GENERATOR, REFER_TABLE, KEY_COLUMN, LOOKUP_COLUMN, MANDATORY, MIN_LENGTH, MAX_LENGTH, MIN_VALUE, MAX_VALUE, CONSTANT_VALUE, UNIQUE_KEY, CREATE_USER, CREATED_ON, LINE_NO, MANAGED, FIELD_PATH, DATA_TYPE, DATA1, DATA2, TRANSITIVE_FIELDS, FORMULA, ENTITY_LOOKUP_TYPE)
VALUES ('85397524097647eab393820bf34ce85e', 0, 'e9936c3542374f2b816ff6fc5f3753e0', 'custHcl2Ref2', 'CUST_HCL2_REF2', 'NVARCHAR2(1000)', 'N/A', 0, 'string-l', '', '', '', '', '', '', '', 0, NULL, 1000, NULL, NULL, '', '', 'system', systimestamp, '89', 0, 'entity.custAddress.custHcl2Ref2', '', '', '', '', '', '');
INSERT INTO CNT_FIELD_DEFINITION
 (ID, REVISION, PARENT_ID, FIELD_ID, COLUMN_NAME, COLUMN_TYPE, REPORT_COLUMN_NAME, PRODUCT_FIELD, FIELD_TYPE, ENTITY_LOOKUP, ENTITY_LOOKUP_KEY, ORDER_BY, GENERATOR, REFER_TABLE, KEY_COLUMN, LOOKUP_COLUMN, MANDATORY, MIN_LENGTH, MAX_LENGTH, MIN_VALUE, MAX_VALUE, CONSTANT_VALUE, UNIQUE_KEY, CREATE_USER, CREATED_ON, LINE_NO, MANAGED, FIELD_PATH, DATA_TYPE, DATA1, DATA2, TRANSITIVE_FIELDS, FORMULA, ENTITY_LOOKUP_TYPE)
VALUES ('ff28ff8817fa4b6394e1b8366df3faa2', 0, 'e9936c3542374f2b816ff6fc5f3753e0', 'custHcl2FullLineage', 'CUST_HCL2_FULL_LINEAGE', 'NVARCHAR2(1000)', 'N/A', 0, 'string-l', '', '', '', '', '', '', '', 0, NULL, 1000, NULL, NULL, '', '', 'system', systimestamp, '90', 0, 'entity.custAddress.custHcl2FullLineage', '', '', '', '', '', '');
INSERT INTO CNT_FIELD_DEFINITION
 (ID, REVISION, PARENT_ID, FIELD_ID, COLUMN_NAME, COLUMN_TYPE, REPORT_COLUMN_NAME, PRODUCT_FIELD, FIELD_TYPE, ENTITY_LOOKUP, ENTITY_LOOKUP_KEY, ORDER_BY, GENERATOR, REFER_TABLE, KEY_COLUMN, LOOKUP_COLUMN, MANDATORY, MIN_LENGTH, MAX_LENGTH, MIN_VALUE, MAX_VALUE, CONSTANT_VALUE, UNIQUE_KEY, CREATE_USER, CREATED_ON, LINE_NO, MANAGED, FIELD_PATH, DATA_TYPE, DATA1, DATA2, TRANSITIVE_FIELDS, FORMULA, ENTITY_LOOKUP_TYPE)
VALUES ('5aaa31ed886c4083be40dd4543f34495', 0, 'e9936c3542374f2b816ff6fc5f3753e0', 'custHcl3Ref', 'CUST_HCL3_REF', 'NVARCHAR2(1000)', 'N/A', 0, 'string-l', '', '', '', '', '', '', '', 0, NULL, 1000, NULL, NULL, '', '', 'system', systimestamp, '91', 0, 'entity.custAddress.custHcl3Ref', '', '', '', '', '', '');
INSERT INTO CNT_FIELD_DEFINITION
 (ID, REVISION, PARENT_ID, FIELD_ID, COLUMN_NAME, COLUMN_TYPE, REPORT_COLUMN_NAME, PRODUCT_FIELD, FIELD_TYPE, ENTITY_LOOKUP, ENTITY_LOOKUP_KEY, ORDER_BY, GENERATOR, REFER_TABLE, KEY_COLUMN, LOOKUP_COLUMN, MANDATORY, MIN_LENGTH, MAX_LENGTH, MIN_VALUE, MAX_VALUE, CONSTANT_VALUE, UNIQUE_KEY, CREATE_USER, CREATED_ON, LINE_NO, MANAGED, FIELD_PATH, DATA_TYPE, DATA1, DATA2, TRANSITIVE_FIELDS, FORMULA, ENTITY_LOOKUP_TYPE)
VALUES ('b139e050af4247adb77f8dd15de5ed6d', 0, 'e9936c3542374f2b816ff6fc5f3753e0', 'custHcl3Ver', 'CUST_HCL3_VER', 'NUMBER(20, 0)', 'N/A', 0, 'integer', '', '', '', '', '', '', '', 0, NULL, 18, NULL, NULL, '', '', 'system', systimestamp, '92', 0, 'entity.custAddress.custHcl3Ver', '', '', '', '', '', '');
INSERT INTO CNT_FIELD_DEFINITION
 (ID, REVISION, PARENT_ID, FIELD_ID, COLUMN_NAME, COLUMN_TYPE, REPORT_COLUMN_NAME, PRODUCT_FIELD, FIELD_TYPE, ENTITY_LOOKUP, ENTITY_LOOKUP_KEY, ORDER_BY, GENERATOR, REFER_TABLE, KEY_COLUMN, LOOKUP_COLUMN, MANDATORY, MIN_LENGTH, MAX_LENGTH, MIN_VALUE, MAX_VALUE, CONSTANT_VALUE, UNIQUE_KEY, CREATE_USER, CREATED_ON, LINE_NO, MANAGED, FIELD_PATH, DATA_TYPE, DATA1, DATA2, TRANSITIVE_FIELDS, FORMULA, ENTITY_LOOKUP_TYPE)
VALUES ('2cba3a29b4914b82a00238c3d95948cf', 0, 'e9936c3542374f2b816ff6fc5f3753e0', 'custHcl3Ref2', 'CUST_HCL3_REF2', 'NVARCHAR2(1000)', 'N/A', 0, 'string-l', '', '', '', '', '', '', '', 0, NULL, 1000, NULL, NULL, '', '', 'system', systimestamp, '93', 0, 'entity.custAddress.custHcl3Ref2', '', '', '', '', '', '');
INSERT INTO CNT_FIELD_DEFINITION
 (ID, REVISION, PARENT_ID, FIELD_ID, COLUMN_NAME, COLUMN_TYPE, REPORT_COLUMN_NAME, PRODUCT_FIELD, FIELD_TYPE, ENTITY_LOOKUP, ENTITY_LOOKUP_KEY, ORDER_BY, GENERATOR, REFER_TABLE, KEY_COLUMN, LOOKUP_COLUMN, MANDATORY, MIN_LENGTH, MAX_LENGTH, MIN_VALUE, MAX_VALUE, CONSTANT_VALUE, UNIQUE_KEY, CREATE_USER, CREATED_ON, LINE_NO, MANAGED, FIELD_PATH, DATA_TYPE, DATA1, DATA2, TRANSITIVE_FIELDS, FORMULA, ENTITY_LOOKUP_TYPE)
VALUES ('43d4139c0bf44f669f0f978f60532331', 0, 'e9936c3542374f2b816ff6fc5f3753e0', 'custHcl3FullLineage', 'CUST_HCL3_FULL_LINEAGE', 'NVARCHAR2(1000)', 'N/A', 0, 'string-l', '', '', '', '', '', '', '', 0, NULL, 1000, NULL, NULL, '', '', 'system', systimestamp, '94', 0, 'entity.custAddress.custHcl3FullLineage', '', '', '', '', '', '');
INSERT INTO CNT_FIELD_DEFINITION
 (ID, REVISION, PARENT_ID, FIELD_ID, COLUMN_NAME, COLUMN_TYPE, REPORT_COLUMN_NAME, PRODUCT_FIELD, FIELD_TYPE, ENTITY_LOOKUP, ENTITY_LOOKUP_KEY, ORDER_BY, GENERATOR, REFER_TABLE, KEY_COLUMN, LOOKUP_COLUMN, MANDATORY, MIN_LENGTH, MAX_LENGTH, MIN_VALUE, MAX_VALUE, CONSTANT_VALUE, UNIQUE_KEY, CREATE_USER, CREATED_ON, LINE_NO, MANAGED, FIELD_PATH, DATA_TYPE, DATA1, DATA2, TRANSITIVE_FIELDS, FORMULA, ENTITY_LOOKUP_TYPE)
VALUES ('9a97502e2e8846469699cd283fe0ba99', 0, 'e9936c3542374f2b816ff6fc5f3753e0', 'custHcl4Ref', 'CUST_HCL4_REF', 'NVARCHAR2(1000)', 'N/A', 0, 'string-l', '', '', '', '', '', '', '', 0, NULL, 1000, NULL, NULL, '', '', 'system', systimestamp, '95', 0, 'entity.custAddress.custHcl4Ref', '', '', '', '', '', '');
INSERT INTO CNT_FIELD_DEFINITION
 (ID, REVISION, PARENT_ID, FIELD_ID, COLUMN_NAME, COLUMN_TYPE, REPORT_COLUMN_NAME, PRODUCT_FIELD, FIELD_TYPE, ENTITY_LOOKUP, ENTITY_LOOKUP_KEY, ORDER_BY, GENERATOR, REFER_TABLE, KEY_COLUMN, LOOKUP_COLUMN, MANDATORY, MIN_LENGTH, MAX_LENGTH, MIN_VALUE, MAX_VALUE, CONSTANT_VALUE, UNIQUE_KEY, CREATE_USER, CREATED_ON, LINE_NO, MANAGED, FIELD_PATH, DATA_TYPE, DATA1, DATA2, TRANSITIVE_FIELDS, FORMULA, ENTITY_LOOKUP_TYPE)
VALUES ('c0419a2fe44e49f0a38382f9cb035ec5', 0, 'e9936c3542374f2b816ff6fc5f3753e0', 'custHcl4Ver', 'CUST_HCL4_VER', 'NUMBER(20, 0)', 'N/A', 0, 'integer', '', '', '', '', '', '', '', 0, NULL, 18, NULL, NULL, '', '', 'system', systimestamp, '96', 0, 'entity.custAddress.custHcl4Ver', '', '', '', '', '', '');
INSERT INTO CNT_FIELD_DEFINITION
 (ID, REVISION, PARENT_ID, FIELD_ID, COLUMN_NAME, COLUMN_TYPE, REPORT_COLUMN_NAME, PRODUCT_FIELD, FIELD_TYPE, ENTITY_LOOKUP, ENTITY_LOOKUP_KEY, ORDER_BY, GENERATOR, REFER_TABLE, KEY_COLUMN, LOOKUP_COLUMN, MANDATORY, MIN_LENGTH, MAX_LENGTH, MIN_VALUE, MAX_VALUE, CONSTANT_VALUE, UNIQUE_KEY, CREATE_USER, CREATED_ON, LINE_NO, MANAGED, FIELD_PATH, DATA_TYPE, DATA1, DATA2, TRANSITIVE_FIELDS, FORMULA, ENTITY_LOOKUP_TYPE)
VALUES ('32aeffa9dfdc477e86f60a1375a985e5', 0, 'e9936c3542374f2b816ff6fc5f3753e0', 'custHcl4Ref2', 'CUST_HCL4_REF2', 'NVARCHAR2(1000)', 'N/A', 0, 'string-l', '', '', '', '', '', '', '', 0, NULL, 1000, NULL, NULL, '', '', 'system', systimestamp, '97', 0, 'entity.custAddress.custHcl4Ref2', '', '', '', '', '', '');
INSERT INTO CNT_FIELD_DEFINITION
 (ID, REVISION, PARENT_ID, FIELD_ID, COLUMN_NAME, COLUMN_TYPE, REPORT_COLUMN_NAME, PRODUCT_FIELD, FIELD_TYPE, ENTITY_LOOKUP, ENTITY_LOOKUP_KEY, ORDER_BY, GENERATOR, REFER_TABLE, KEY_COLUMN, LOOKUP_COLUMN, MANDATORY, MIN_LENGTH, MAX_LENGTH, MIN_VALUE, MAX_VALUE, CONSTANT_VALUE, UNIQUE_KEY, CREATE_USER, CREATED_ON, LINE_NO, MANAGED, FIELD_PATH, DATA_TYPE, DATA1, DATA2, TRANSITIVE_FIELDS, FORMULA, ENTITY_LOOKUP_TYPE)
VALUES ('ae78ae8548e84f38b370b3887ebb906a', 0, 'e9936c3542374f2b816ff6fc5f3753e0', 'custHcl4FullLineage', 'CUST_HCL4_FULL_LINEAGE', 'NVARCHAR2(1000)', 'N/A', 0, 'string-l', '', '', '', '', '', '', '', 0, NULL, 1000, NULL, NULL, '', '', 'system', systimestamp, '98', 0, 'entity.custAddress.custHcl4FullLineage', '', '', '', '', '', '');
INSERT INTO CNT_FIELD_DEFINITION
 (ID, REVISION, PARENT_ID, FIELD_ID, COLUMN_NAME, COLUMN_TYPE, REPORT_COLUMN_NAME, PRODUCT_FIELD, FIELD_TYPE, ENTITY_LOOKUP, ENTITY_LOOKUP_KEY, ORDER_BY, GENERATOR, REFER_TABLE, KEY_COLUMN, LOOKUP_COLUMN, MANDATORY, MIN_LENGTH, MAX_LENGTH, MIN_VALUE, MAX_VALUE, CONSTANT_VALUE, UNIQUE_KEY, CREATE_USER, CREATED_ON, LINE_NO, MANAGED, FIELD_PATH, DATA_TYPE, DATA1, DATA2, TRANSITIVE_FIELDS, FORMULA, ENTITY_LOOKUP_TYPE)
VALUES ('dc346f40066345e08912e770328c2fbf', 0, 'e9936c3542374f2b816ff6fc5f3753e0', 'custHcl5Ref', 'CUST_HCL5_REF', 'NVARCHAR2(1000)', 'N/A', 0, 'string-l', '', '', '', '', '', '', '', 0, NULL, 1000, NULL, NULL, '', '', 'system', systimestamp, '99', 0, 'entity.custAddress.custHcl5Ref', '', '', '', '', '', '');
INSERT INTO CNT_FIELD_DEFINITION
 (ID, REVISION, PARENT_ID, FIELD_ID, COLUMN_NAME, COLUMN_TYPE, REPORT_COLUMN_NAME, PRODUCT_FIELD, FIELD_TYPE, ENTITY_LOOKUP, ENTITY_LOOKUP_KEY, ORDER_BY, GENERATOR, REFER_TABLE, KEY_COLUMN, LOOKUP_COLUMN, MANDATORY, MIN_LENGTH, MAX_LENGTH, MIN_VALUE, MAX_VALUE, CONSTANT_VALUE, UNIQUE_KEY, CREATE_USER, CREATED_ON, LINE_NO, MANAGED, FIELD_PATH, DATA_TYPE, DATA1, DATA2, TRANSITIVE_FIELDS, FORMULA, ENTITY_LOOKUP_TYPE)
VALUES ('5a109514eb094b40aa84f268ed10b54f', 0, 'e9936c3542374f2b816ff6fc5f3753e0', 'custHcl5Ver', 'CUST_HCL5_VER', 'NUMBER(20, 0)', 'N/A', 0, 'integer', '', '', '', '', '', '', '', 0, NULL, 18, NULL, NULL, '', '', 'system', systimestamp, '100', 0, 'entity.custAddress.custHcl5Ver', '', '', '', '', '', '');
INSERT INTO CNT_FIELD_DEFINITION
 (ID, REVISION, PARENT_ID, FIELD_ID, COLUMN_NAME, COLUMN_TYPE, REPORT_COLUMN_NAME, PRODUCT_FIELD, FIELD_TYPE, ENTITY_LOOKUP, ENTITY_LOOKUP_KEY, ORDER_BY, GENERATOR, REFER_TABLE, KEY_COLUMN, LOOKUP_COLUMN, MANDATORY, MIN_LENGTH, MAX_LENGTH, MIN_VALUE, MAX_VALUE, CONSTANT_VALUE, UNIQUE_KEY, CREATE_USER, CREATED_ON, LINE_NO, MANAGED, FIELD_PATH, DATA_TYPE, DATA1, DATA2, TRANSITIVE_FIELDS, FORMULA, ENTITY_LOOKUP_TYPE)
VALUES ('f4fd237700c342259040a3eb91efab80', 0, 'e9936c3542374f2b816ff6fc5f3753e0', 'custHcl5Ref2', 'CUST_HCL5_REF2', 'NVARCHAR2(1000)', 'N/A', 0, 'string-l', '', '', '', '', '', '', '', 0, NULL, 1000, NULL, NULL, '', '', 'system', systimestamp, '101', 0, 'entity.custAddress.custHcl5Ref2', '', '', '', '', '', '');
INSERT INTO CNT_FIELD_DEFINITION
 (ID, REVISION, PARENT_ID, FIELD_ID, COLUMN_NAME, COLUMN_TYPE, REPORT_COLUMN_NAME, PRODUCT_FIELD, FIELD_TYPE, ENTITY_LOOKUP, ENTITY_LOOKUP_KEY, ORDER_BY, GENERATOR, REFER_TABLE, KEY_COLUMN, LOOKUP_COLUMN, MANDATORY, MIN_LENGTH, MAX_LENGTH, MIN_VALUE, MAX_VALUE, CONSTANT_VALUE, UNIQUE_KEY, CREATE_USER, CREATED_ON, LINE_NO, MANAGED, FIELD_PATH, DATA_TYPE, DATA1, DATA2, TRANSITIVE_FIELDS, FORMULA, ENTITY_LOOKUP_TYPE)
VALUES ('4ab89dfd657f4d5289118816d93b5b1a', 0, 'e9936c3542374f2b816ff6fc5f3753e0', 'custHcl5FullLineage', 'CUST_HCL5_FULL_LINEAGE', 'NVARCHAR2(1000)', 'N/A', 0, 'string-l', '', '', '', '', '', '', '', 0, NULL, 1000, NULL, NULL, '', '', 'system', systimestamp, '102', 0, 'entity.custAddress.custHcl5FullLineage', '', '', '', '', '', '');



DELETE CNT_HISTORY_DEF_ITEM WHERE PARENT_ID IN (SELECT ID FROM CNT_HISTORY_DEF WHERE DOMAIN_ID = '/' AND APPLY_ENTITY = 'CustContact' AND ENTITY_VERSION = 1);
DELETE CNT_HISTORY_DEF WHERE DOMAIN_ID = '/' AND APPLY_ENTITY = 'CustContact' AND ENTITY_VERSION = 1;
DELETE CNT_HISTORY_DEF_ITEM WHERE PARENT_ID IN (SELECT ID FROM CNT_HISTORY_DEF WHERE DOMAIN_ID = '/' AND APPLY_ENTITY = 'CustAttachment' AND ENTITY_VERSION = 1);
DELETE CNT_HISTORY_DEF WHERE DOMAIN_ID = '/' AND APPLY_ENTITY = 'CustAttachment' AND ENTITY_VERSION = 1;
DELETE CNT_HISTORY_DEF_ITEM WHERE PARENT_ID IN (SELECT ID FROM CNT_HISTORY_DEF WHERE DOMAIN_ID = '/' AND APPLY_ENTITY = 'CustImage' AND ENTITY_VERSION = 1);
DELETE CNT_HISTORY_DEF WHERE DOMAIN_ID = '/' AND APPLY_ENTITY = 'CustImage' AND ENTITY_VERSION = 1;
DELETE CNT_HISTORY_DEF_ITEM WHERE PARENT_ID IN (SELECT ID FROM CNT_HISTORY_DEF WHERE DOMAIN_ID = '/' AND APPLY_ENTITY = 'CustMarket' AND ENTITY_VERSION = 1);
DELETE CNT_HISTORY_DEF WHERE DOMAIN_ID = '/' AND APPLY_ENTITY = 'CustMarket' AND ENTITY_VERSION = 1;
DELETE CNT_HISTORY_DEF_ITEM WHERE PARENT_ID IN (SELECT ID FROM CNT_HISTORY_DEF WHERE DOMAIN_ID = '/' AND APPLY_ENTITY = 'Cust' AND ENTITY_VERSION = 1);
DELETE CNT_HISTORY_DEF WHERE DOMAIN_ID = '/' AND APPLY_ENTITY = 'Cust' AND ENTITY_VERSION = 1;
DELETE CNT_HISTORY_DEF_ITEM WHERE PARENT_ID IN (SELECT ID FROM CNT_HISTORY_DEF WHERE DOMAIN_ID = '/' AND APPLY_ENTITY = 'CustDestination' AND ENTITY_VERSION = 1);
DELETE CNT_HISTORY_DEF WHERE DOMAIN_ID = '/' AND APPLY_ENTITY = 'CustDestination' AND ENTITY_VERSION = 1;
DELETE CNT_HISTORY_DEF_ITEM WHERE PARENT_ID IN (SELECT ID FROM CNT_HISTORY_DEF WHERE DOMAIN_ID = '/' AND APPLY_ENTITY = 'CustHc' AND ENTITY_VERSION = 1);
DELETE CNT_HISTORY_DEF WHERE DOMAIN_ID = '/' AND APPLY_ENTITY = 'CustHc' AND ENTITY_VERSION = 1;
DELETE CNT_HISTORY_DEF_ITEM WHERE PARENT_ID IN (SELECT ID FROM CNT_HISTORY_DEF WHERE DOMAIN_ID = '/' AND APPLY_ENTITY = 'CustAddress' AND ENTITY_VERSION = 1);
DELETE CNT_HISTORY_DEF WHERE DOMAIN_ID = '/' AND APPLY_ENTITY = 'CustAddress' AND ENTITY_VERSION = 1;
INSERT INTO CNT_HISTORY_DEF
 (ID, REVISION, APPLY_ENTITY, ENTITY_VERSION, DOMAIN_ID , GENERATED, CREATE_USER, CREATE_USER_NAME, CREATED_ON)
VALUES ('441463eb8d764e23824aa22a072da697', 0, 'CustContact', 1, '/', 1, 'system', 'system', systimestamp);
INSERT INTO CNT_HISTORY_DEF_ITEM
 (ID, REVISION, ENTITY_VERSION, DOMAIN_ID, PARENT_ID, LINE_NO, FIELD_ID, TRACKING_LEVEL, PATH_RENDERER_CLASS, DETAIL_RENDERER_CLASS)
VALUES ('749ad717fc1c48a682ce7efcfe482d95', 0, 1, '/', '441463eb8d764e23824aa22a072da697', '0', 'id', 1, 'PathRenderer', 'DetailRenderer');
INSERT INTO CNT_HISTORY_DEF_ITEM
 (ID, REVISION, ENTITY_VERSION, DOMAIN_ID, PARENT_ID, LINE_NO, FIELD_ID, TRACKING_LEVEL, PATH_RENDERER_CLASS, DETAIL_RENDERER_CLASS)
VALUES ('4a2f64e53a844b54a577cd5eed844b32', 0, 1, '/', '441463eb8d764e23824aa22a072da697', '1', 'revision', 1, 'PathRenderer', 'DetailRenderer');
INSERT INTO CNT_HISTORY_DEF_ITEM
 (ID, REVISION, ENTITY_VERSION, DOMAIN_ID, PARENT_ID, LINE_NO, FIELD_ID, TRACKING_LEVEL, PATH_RENDERER_CLASS, DETAIL_RENDERER_CLASS)
VALUES ('2aae189ae5064722b888d3558b66decf', 0, 1, '/', '441463eb8d764e23824aa22a072da697', '2', 'entityVersion', 1, 'PathRenderer', 'DetailRenderer');
INSERT INTO CNT_HISTORY_DEF_ITEM
 (ID, REVISION, ENTITY_VERSION, DOMAIN_ID, PARENT_ID, LINE_NO, FIELD_ID, TRACKING_LEVEL, PATH_RENDERER_CLASS, DETAIL_RENDERER_CLASS)
VALUES ('b71d719c95ed414884e2602f51f7c101', 0, 1, '/', '441463eb8d764e23824aa22a072da697', '3', 'domainId', 1, 'PathRenderer', 'DetailRenderer');
INSERT INTO CNT_HISTORY_DEF_ITEM
 (ID, REVISION, ENTITY_VERSION, DOMAIN_ID, PARENT_ID, LINE_NO, FIELD_ID, TRACKING_LEVEL, PATH_RENDERER_CLASS, DETAIL_RENDERER_CLASS)
VALUES ('8cb5be4b0513411c8f7689bb25525780', 0, 1, '/', '441463eb8d764e23824aa22a072da697', '4', 'hubDomainId', 1, 'PathRenderer', 'DetailRenderer');
INSERT INTO CNT_HISTORY_DEF_ITEM
 (ID, REVISION, ENTITY_VERSION, DOMAIN_ID, PARENT_ID, LINE_NO, FIELD_ID, TRACKING_LEVEL, PATH_RENDERER_CLASS, DETAIL_RENDERER_CLASS)
VALUES ('55015098aeea4b629331b8a0da87f38b', 0, 1, '/', '441463eb8d764e23824aa22a072da697', '5', 'isForReference', 1, 'PathRenderer', 'DetailRenderer');
INSERT INTO CNT_HISTORY_DEF_ITEM
 (ID, REVISION, ENTITY_VERSION, DOMAIN_ID, PARENT_ID, LINE_NO, FIELD_ID, TRACKING_LEVEL, PATH_RENDERER_CLASS, DETAIL_RENDERER_CLASS)
VALUES ('682cc80e312c49c08b0447c336eb7289', 0, 1, '/', '441463eb8d764e23824aa22a072da697', '6', 'internalSeqNo', 1, 'PathRenderer', 'DetailRenderer');
INSERT INTO CNT_HISTORY_DEF_ITEM
 (ID, REVISION, ENTITY_VERSION, DOMAIN_ID, PARENT_ID, LINE_NO, FIELD_ID, TRACKING_LEVEL, PATH_RENDERER_CLASS, DETAIL_RENDERER_CLASS)
VALUES ('2852e1e1d025438eb3771d5bbac7e0e9', 0, 1, '/', '441463eb8d764e23824aa22a072da697', '7', 'custId', 1, 'PathRenderer', 'DetailRenderer');
INSERT INTO CNT_HISTORY_DEF_ITEM
 (ID, REVISION, ENTITY_VERSION, DOMAIN_ID, PARENT_ID, LINE_NO, FIELD_ID, TRACKING_LEVEL, PATH_RENDERER_CLASS, DETAIL_RENDERER_CLASS)
VALUES ('5fa4c2ff5a5e46cfbd75e5d58cf742d9', 0, 1, '/', '441463eb8d764e23824aa22a072da697', '8', 'isDefault', 1, 'PathRenderer', 'DetailRenderer');
INSERT INTO CNT_HISTORY_DEF_ITEM
 (ID, REVISION, ENTITY_VERSION, DOMAIN_ID, PARENT_ID, LINE_NO, FIELD_ID, TRACKING_LEVEL, PATH_RENDERER_CLASS, DETAIL_RENDERER_CLASS)
VALUES ('37b012527d3a4b5cafba13af7d139c92', 0, 1, '/', '441463eb8d764e23824aa22a072da697', '9', 'title', 1, 'PathRenderer', 'DetailRenderer');
INSERT INTO CNT_HISTORY_DEF_ITEM
 (ID, REVISION, ENTITY_VERSION, DOMAIN_ID, PARENT_ID, LINE_NO, FIELD_ID, TRACKING_LEVEL, PATH_RENDERER_CLASS, DETAIL_RENDERER_CLASS)
VALUES ('b5f8eeb4543743caa0f5e87b1ed3f70e', 0, 1, '/', '441463eb8d764e23824aa22a072da697', '10', 'firstName', 1, 'PathRenderer', 'DetailRenderer');
INSERT INTO CNT_HISTORY_DEF_ITEM
 (ID, REVISION, ENTITY_VERSION, DOMAIN_ID, PARENT_ID, LINE_NO, FIELD_ID, TRACKING_LEVEL, PATH_RENDERER_CLASS, DETAIL_RENDERER_CLASS)
VALUES ('0b881f635ec5407b98a7f1dcfa4ee1ea', 0, 1, '/', '441463eb8d764e23824aa22a072da697', '11', 'lastName', 1, 'PathRenderer', 'DetailRenderer');
INSERT INTO CNT_HISTORY_DEF_ITEM
 (ID, REVISION, ENTITY_VERSION, DOMAIN_ID, PARENT_ID, LINE_NO, FIELD_ID, TRACKING_LEVEL, PATH_RENDERER_CLASS, DETAIL_RENDERER_CLASS)
VALUES ('ab64c41280324da1ab0a943e3634e6ba', 0, 1, '/', '441463eb8d764e23824aa22a072da697', '12', 'position', 1, 'PathRenderer', 'DetailRenderer');
INSERT INTO CNT_HISTORY_DEF_ITEM
 (ID, REVISION, ENTITY_VERSION, DOMAIN_ID, PARENT_ID, LINE_NO, FIELD_ID, TRACKING_LEVEL, PATH_RENDERER_CLASS, DETAIL_RENDERER_CLASS)
VALUES ('fe13b2b5172d43f7995ef215c38b8b46', 0, 1, '/', '441463eb8d764e23824aa22a072da697', '13', 'department', 1, 'PathRenderer', 'DetailRenderer');
INSERT INTO CNT_HISTORY_DEF_ITEM
 (ID, REVISION, ENTITY_VERSION, DOMAIN_ID, PARENT_ID, LINE_NO, FIELD_ID, TRACKING_LEVEL, PATH_RENDERER_CLASS, DETAIL_RENDERER_CLASS)
VALUES ('70889c97a54641b8b1986105b6e2fab7', 0, 1, '/', '441463eb8d764e23824aa22a072da697', '14', 'telNo', 1, 'PathRenderer', 'DetailRenderer');
INSERT INTO CNT_HISTORY_DEF_ITEM
 (ID, REVISION, ENTITY_VERSION, DOMAIN_ID, PARENT_ID, LINE_NO, FIELD_ID, TRACKING_LEVEL, PATH_RENDERER_CLASS, DETAIL_RENDERER_CLASS)
VALUES ('6f96fc683892479e9b5996fcb5c3b081', 0, 1, '/', '441463eb8d764e23824aa22a072da697', '15', 'mobileNo', 1, 'PathRenderer', 'DetailRenderer');
INSERT INTO CNT_HISTORY_DEF_ITEM
 (ID, REVISION, ENTITY_VERSION, DOMAIN_ID, PARENT_ID, LINE_NO, FIELD_ID, TRACKING_LEVEL, PATH_RENDERER_CLASS, DETAIL_RENDERER_CLASS)
VALUES ('cec3186030ba4296a202d847160bee51', 0, 1, '/', '441463eb8d764e23824aa22a072da697', '16', 'faxNo', 1, 'PathRenderer', 'DetailRenderer');
INSERT INTO CNT_HISTORY_DEF_ITEM
 (ID, REVISION, ENTITY_VERSION, DOMAIN_ID, PARENT_ID, LINE_NO, FIELD_ID, TRACKING_LEVEL, PATH_RENDERER_CLASS, DETAIL_RENDERER_CLASS)
VALUES ('bd0a95452cd04745af612b113ba634bd', 0, 1, '/', '441463eb8d764e23824aa22a072da697', '17', 'email', 1, 'PathRenderer', 'DetailRenderer');
INSERT INTO CNT_HISTORY_DEF_ITEM
 (ID, REVISION, ENTITY_VERSION, DOMAIN_ID, PARENT_ID, LINE_NO, FIELD_ID, TRACKING_LEVEL, PATH_RENDERER_CLASS, DETAIL_RENDERER_CLASS)
VALUES ('7a9802a126604757960335347ed08c55', 0, 1, '/', '441463eb8d764e23824aa22a072da697', '18', 'remarks', 1, 'PathRenderer', 'DetailRenderer');
INSERT INTO CNT_HISTORY_DEF_ITEM
 (ID, REVISION, ENTITY_VERSION, DOMAIN_ID, PARENT_ID, LINE_NO, FIELD_ID, TRACKING_LEVEL, PATH_RENDERER_CLASS, DETAIL_RENDERER_CLASS)
VALUES ('9a4d5be17e474c299b706db9d974838d', 0, 1, '/', '441463eb8d764e23824aa22a072da697', '19', 'isDisabled', 1, 'PathRenderer', 'DetailRenderer');
INSERT INTO CNT_HISTORY_DEF_ITEM
 (ID, REVISION, ENTITY_VERSION, DOMAIN_ID, PARENT_ID, LINE_NO, FIELD_ID, TRACKING_LEVEL, PATH_RENDERER_CLASS, DETAIL_RENDERER_CLASS)
VALUES ('a8d5799d10b544fd81a4ed535a5dbd46', 0, 1, '/', '441463eb8d764e23824aa22a072da697', '20', 'contactTypeId', 1, 'PathRenderer', 'SelectionDetailRenderer');
INSERT INTO CNT_HISTORY_DEF_ITEM
 (ID, REVISION, ENTITY_VERSION, DOMAIN_ID, PARENT_ID, LINE_NO, FIELD_ID, TRACKING_LEVEL, PATH_RENDERER_CLASS, DETAIL_RENDERER_CLASS)
VALUES ('9afd9f349c0c42a0899c7231484dc1df', 0, 1, '/', '441463eb8d764e23824aa22a072da697', '21', 'refNo', 0, 'PathRenderer', 'DetailRenderer');
INSERT INTO CNT_HISTORY_DEF_ITEM
 (ID, REVISION, ENTITY_VERSION, DOMAIN_ID, PARENT_ID, LINE_NO, FIELD_ID, TRACKING_LEVEL, PATH_RENDERER_CLASS, DETAIL_RENDERER_CLASS)
VALUES ('e092d9120e944a29b32644b3b0b0c30b', 0, 1, '/', '441463eb8d764e23824aa22a072da697', '22', 'custText1', 1, 'PathRenderer', 'DetailRenderer');
INSERT INTO CNT_HISTORY_DEF_ITEM
 (ID, REVISION, ENTITY_VERSION, DOMAIN_ID, PARENT_ID, LINE_NO, FIELD_ID, TRACKING_LEVEL, PATH_RENDERER_CLASS, DETAIL_RENDERER_CLASS)
VALUES ('3dc66e4941a348a1832d2689879eea8d', 0, 1, '/', '441463eb8d764e23824aa22a072da697', '23', 'custText2', 1, 'PathRenderer', 'DetailRenderer');
INSERT INTO CNT_HISTORY_DEF_ITEM
 (ID, REVISION, ENTITY_VERSION, DOMAIN_ID, PARENT_ID, LINE_NO, FIELD_ID, TRACKING_LEVEL, PATH_RENDERER_CLASS, DETAIL_RENDERER_CLASS)
VALUES ('cf1c19d919674e3fb812b57509ea3904', 0, 1, '/', '441463eb8d764e23824aa22a072da697', '24', 'custText3', 1, 'PathRenderer', 'DetailRenderer');
INSERT INTO CNT_HISTORY_DEF_ITEM
 (ID, REVISION, ENTITY_VERSION, DOMAIN_ID, PARENT_ID, LINE_NO, FIELD_ID, TRACKING_LEVEL, PATH_RENDERER_CLASS, DETAIL_RENDERER_CLASS)
VALUES ('312988afae7e4dd5bbdf4ae8ae956e60', 0, 1, '/', '441463eb8d764e23824aa22a072da697', '25', 'custText4', 1, 'PathRenderer', 'DetailRenderer');
INSERT INTO CNT_HISTORY_DEF_ITEM
 (ID, REVISION, ENTITY_VERSION, DOMAIN_ID, PARENT_ID, LINE_NO, FIELD_ID, TRACKING_LEVEL, PATH_RENDERER_CLASS, DETAIL_RENDERER_CLASS)
VALUES ('d701000e73c745a4a28e046da9fd83d0', 0, 1, '/', '441463eb8d764e23824aa22a072da697', '26', 'custText5', 1, 'PathRenderer', 'DetailRenderer');
INSERT INTO CNT_HISTORY_DEF_ITEM
 (ID, REVISION, ENTITY_VERSION, DOMAIN_ID, PARENT_ID, LINE_NO, FIELD_ID, TRACKING_LEVEL, PATH_RENDERER_CLASS, DETAIL_RENDERER_CLASS)
VALUES ('0c779b6bc2da4a54855e38550ce5628a', 0, 1, '/', '441463eb8d764e23824aa22a072da697', '27', 'custText6', 1, 'PathRenderer', 'DetailRenderer');
INSERT INTO CNT_HISTORY_DEF_ITEM
 (ID, REVISION, ENTITY_VERSION, DOMAIN_ID, PARENT_ID, LINE_NO, FIELD_ID, TRACKING_LEVEL, PATH_RENDERER_CLASS, DETAIL_RENDERER_CLASS)
VALUES ('d01bc9303e3344a3a5153f8b1f53d216', 0, 1, '/', '441463eb8d764e23824aa22a072da697', '28', 'custText7', 1, 'PathRenderer', 'DetailRenderer');
INSERT INTO CNT_HISTORY_DEF_ITEM
 (ID, REVISION, ENTITY_VERSION, DOMAIN_ID, PARENT_ID, LINE_NO, FIELD_ID, TRACKING_LEVEL, PATH_RENDERER_CLASS, DETAIL_RENDERER_CLASS)
VALUES ('89efa8a61d504bc9bdbc695d898b48ab', 0, 1, '/', '441463eb8d764e23824aa22a072da697', '29', 'custDate1', 1, 'PathRenderer', 'DetailRenderer');
INSERT INTO CNT_HISTORY_DEF_ITEM
 (ID, REVISION, ENTITY_VERSION, DOMAIN_ID, PARENT_ID, LINE_NO, FIELD_ID, TRACKING_LEVEL, PATH_RENDERER_CLASS, DETAIL_RENDERER_CLASS)
VALUES ('b47aa1e69d104ce293f05cc4c11b71bd', 0, 1, '/', '441463eb8d764e23824aa22a072da697', '30', 'custDate2', 1, 'PathRenderer', 'DetailRenderer');
INSERT INTO CNT_HISTORY_DEF_ITEM
 (ID, REVISION, ENTITY_VERSION, DOMAIN_ID, PARENT_ID, LINE_NO, FIELD_ID, TRACKING_LEVEL, PATH_RENDERER_CLASS, DETAIL_RENDERER_CLASS)
VALUES ('53e6b5252a894581a5cac1e4d46364a7', 0, 1, '/', '441463eb8d764e23824aa22a072da697', '31', 'custDate3', 1, 'PathRenderer', 'DetailRenderer');
INSERT INTO CNT_HISTORY_DEF_ITEM
 (ID, REVISION, ENTITY_VERSION, DOMAIN_ID, PARENT_ID, LINE_NO, FIELD_ID, TRACKING_LEVEL, PATH_RENDERER_CLASS, DETAIL_RENDERER_CLASS)
VALUES ('e7fa7686d19b41119675b7ae365e3639', 0, 1, '/', '441463eb8d764e23824aa22a072da697', '32', 'custDate4', 1, 'PathRenderer', 'DetailRenderer');
INSERT INTO CNT_HISTORY_DEF_ITEM
 (ID, REVISION, ENTITY_VERSION, DOMAIN_ID, PARENT_ID, LINE_NO, FIELD_ID, TRACKING_LEVEL, PATH_RENDERER_CLASS, DETAIL_RENDERER_CLASS)
VALUES ('468b391335564f8ab55610ffb0ad65cb', 0, 1, '/', '441463eb8d764e23824aa22a072da697', '33', 'custDate5', 1, 'PathRenderer', 'DetailRenderer');
INSERT INTO CNT_HISTORY_DEF_ITEM
 (ID, REVISION, ENTITY_VERSION, DOMAIN_ID, PARENT_ID, LINE_NO, FIELD_ID, TRACKING_LEVEL, PATH_RENDERER_CLASS, DETAIL_RENDERER_CLASS)
VALUES ('c798a9f8fec24906b2708d023d3b0083', 0, 1, '/', '441463eb8d764e23824aa22a072da697', '34', 'custDate6', 1, 'PathRenderer', 'DetailRenderer');
INSERT INTO CNT_HISTORY_DEF_ITEM
 (ID, REVISION, ENTITY_VERSION, DOMAIN_ID, PARENT_ID, LINE_NO, FIELD_ID, TRACKING_LEVEL, PATH_RENDERER_CLASS, DETAIL_RENDERER_CLASS)
VALUES ('31fdbe47233a45108977d729fe4bb9d8', 0, 1, '/', '441463eb8d764e23824aa22a072da697', '35', 'custDate7', 1, 'PathRenderer', 'DetailRenderer');
INSERT INTO CNT_HISTORY_DEF_ITEM
 (ID, REVISION, ENTITY_VERSION, DOMAIN_ID, PARENT_ID, LINE_NO, FIELD_ID, TRACKING_LEVEL, PATH_RENDERER_CLASS, DETAIL_RENDERER_CLASS)
VALUES ('094a5899eb6d44e987c50141e0a75a46', 0, 1, '/', '441463eb8d764e23824aa22a072da697', '36', 'custNumber1', 1, 'PathRenderer', 'DetailRenderer');
INSERT INTO CNT_HISTORY_DEF_ITEM
 (ID, REVISION, ENTITY_VERSION, DOMAIN_ID, PARENT_ID, LINE_NO, FIELD_ID, TRACKING_LEVEL, PATH_RENDERER_CLASS, DETAIL_RENDERER_CLASS)
VALUES ('3ad529f49e5d4ac3b3f8ef7ee84ca209', 0, 1, '/', '441463eb8d764e23824aa22a072da697', '37', 'custNumber2', 1, 'PathRenderer', 'DetailRenderer');
INSERT INTO CNT_HISTORY_DEF_ITEM
 (ID, REVISION, ENTITY_VERSION, DOMAIN_ID, PARENT_ID, LINE_NO, FIELD_ID, TRACKING_LEVEL, PATH_RENDERER_CLASS, DETAIL_RENDERER_CLASS)
VALUES ('6f227364b62249e8ab1094fb48eb4b2e', 0, 1, '/', '441463eb8d764e23824aa22a072da697', '38', 'custNumber3', 1, 'PathRenderer', 'DetailRenderer');
INSERT INTO CNT_HISTORY_DEF_ITEM
 (ID, REVISION, ENTITY_VERSION, DOMAIN_ID, PARENT_ID, LINE_NO, FIELD_ID, TRACKING_LEVEL, PATH_RENDERER_CLASS, DETAIL_RENDERER_CLASS)
VALUES ('56e608ec4c91467dabb29589833b5363', 0, 1, '/', '441463eb8d764e23824aa22a072da697', '39', 'custNumber4', 1, 'PathRenderer', 'DetailRenderer');
INSERT INTO CNT_HISTORY_DEF_ITEM
 (ID, REVISION, ENTITY_VERSION, DOMAIN_ID, PARENT_ID, LINE_NO, FIELD_ID, TRACKING_LEVEL, PATH_RENDERER_CLASS, DETAIL_RENDERER_CLASS)
VALUES ('c8eb9f6d9b58465aa03a28022110d4e4', 0, 1, '/', '441463eb8d764e23824aa22a072da697', '40', 'custNumber5', 1, 'PathRenderer', 'DetailRenderer');
INSERT INTO CNT_HISTORY_DEF_ITEM
 (ID, REVISION, ENTITY_VERSION, DOMAIN_ID, PARENT_ID, LINE_NO, FIELD_ID, TRACKING_LEVEL, PATH_RENDERER_CLASS, DETAIL_RENDERER_CLASS)
VALUES ('dc1ee4db6e194768800b773a2c8ac087', 0, 1, '/', '441463eb8d764e23824aa22a072da697', '41', 'custNumber6', 1, 'PathRenderer', 'DetailRenderer');
INSERT INTO CNT_HISTORY_DEF_ITEM
 (ID, REVISION, ENTITY_VERSION, DOMAIN_ID, PARENT_ID, LINE_NO, FIELD_ID, TRACKING_LEVEL, PATH_RENDERER_CLASS, DETAIL_RENDERER_CLASS)
VALUES ('d5ce3fd94e154c31ac77d284d5bf4994', 0, 1, '/', '441463eb8d764e23824aa22a072da697', '42', 'custNumber7', 1, 'PathRenderer', 'DetailRenderer');
INSERT INTO CNT_HISTORY_DEF_ITEM
 (ID, REVISION, ENTITY_VERSION, DOMAIN_ID, PARENT_ID, LINE_NO, FIELD_ID, TRACKING_LEVEL, PATH_RENDERER_CLASS, DETAIL_RENDERER_CLASS)
VALUES ('c3b083aa97e245c6b681400ba20821ad', 0, 1, '/', '441463eb8d764e23824aa22a072da697', '43', 'custDecimal1', 1, 'PathRenderer', 'DetailRenderer');
INSERT INTO CNT_HISTORY_DEF_ITEM
 (ID, REVISION, ENTITY_VERSION, DOMAIN_ID, PARENT_ID, LINE_NO, FIELD_ID, TRACKING_LEVEL, PATH_RENDERER_CLASS, DETAIL_RENDERER_CLASS)
VALUES ('e2b577a465fa42988f1b5150af5e7f9e', 0, 1, '/', '441463eb8d764e23824aa22a072da697', '44', 'custDecimal2', 1, 'PathRenderer', 'DetailRenderer');
INSERT INTO CNT_HISTORY_DEF_ITEM
 (ID, REVISION, ENTITY_VERSION, DOMAIN_ID, PARENT_ID, LINE_NO, FIELD_ID, TRACKING_LEVEL, PATH_RENDERER_CLASS, DETAIL_RENDERER_CLASS)
VALUES ('2054146567c54b768c9425b47d41d5ab', 0, 1, '/', '441463eb8d764e23824aa22a072da697', '45', 'custDecimal3', 1, 'PathRenderer', 'DetailRenderer');
INSERT INTO CNT_HISTORY_DEF_ITEM
 (ID, REVISION, ENTITY_VERSION, DOMAIN_ID, PARENT_ID, LINE_NO, FIELD_ID, TRACKING_LEVEL, PATH_RENDERER_CLASS, DETAIL_RENDERER_CLASS)
VALUES ('f00ce2e0a94b4967b4cdcb2091cb9b50', 0, 1, '/', '441463eb8d764e23824aa22a072da697', '46', 'custDecimal4', 1, 'PathRenderer', 'DetailRenderer');
INSERT INTO CNT_HISTORY_DEF_ITEM
 (ID, REVISION, ENTITY_VERSION, DOMAIN_ID, PARENT_ID, LINE_NO, FIELD_ID, TRACKING_LEVEL, PATH_RENDERER_CLASS, DETAIL_RENDERER_CLASS)
VALUES ('26a425d683f946f78f640b1c290411a5', 0, 1, '/', '441463eb8d764e23824aa22a072da697', '47', 'custDecimal5', 1, 'PathRenderer', 'DetailRenderer');
INSERT INTO CNT_HISTORY_DEF_ITEM
 (ID, REVISION, ENTITY_VERSION, DOMAIN_ID, PARENT_ID, LINE_NO, FIELD_ID, TRACKING_LEVEL, PATH_RENDERER_CLASS, DETAIL_RENDERER_CLASS)
VALUES ('6569d77423c245f6b00e502a81285f81', 0, 1, '/', '441463eb8d764e23824aa22a072da697', '48', 'custDecimal6', 1, 'PathRenderer', 'DetailRenderer');
INSERT INTO CNT_HISTORY_DEF_ITEM
 (ID, REVISION, ENTITY_VERSION, DOMAIN_ID, PARENT_ID, LINE_NO, FIELD_ID, TRACKING_LEVEL, PATH_RENDERER_CLASS, DETAIL_RENDERER_CLASS)
VALUES ('9f111255098945e2a1f9b03f812a8aa1', 0, 1, '/', '441463eb8d764e23824aa22a072da697', '49', 'custDecimal7', 1, 'PathRenderer', 'DetailRenderer');
INSERT INTO CNT_HISTORY_DEF_ITEM
 (ID, REVISION, ENTITY_VERSION, DOMAIN_ID, PARENT_ID, LINE_NO, FIELD_ID, TRACKING_LEVEL, PATH_RENDERER_CLASS, DETAIL_RENDERER_CLASS)
VALUES ('3b33e76385fd4176833cd863ea4fda62', 0, 1, '/', '441463eb8d764e23824aa22a072da697', '50', 'custCodelist1', 1, 'PathRenderer', 'DetailRenderer');
INSERT INTO CNT_HISTORY_DEF_ITEM
 (ID, REVISION, ENTITY_VERSION, DOMAIN_ID, PARENT_ID, LINE_NO, FIELD_ID, TRACKING_LEVEL, PATH_RENDERER_CLASS, DETAIL_RENDERER_CLASS)
VALUES ('c62371687f61484b86e670516d8037fd', 0, 1, '/', '441463eb8d764e23824aa22a072da697', '51', 'custCodelist2', 1, 'PathRenderer', 'DetailRenderer');
INSERT INTO CNT_HISTORY_DEF_ITEM
 (ID, REVISION, ENTITY_VERSION, DOMAIN_ID, PARENT_ID, LINE_NO, FIELD_ID, TRACKING_LEVEL, PATH_RENDERER_CLASS, DETAIL_RENDERER_CLASS)
VALUES ('047c6611ed974fdf870738c28e4d8bfb', 0, 1, '/', '441463eb8d764e23824aa22a072da697', '52', 'custCodelist3', 1, 'PathRenderer', 'DetailRenderer');
INSERT INTO CNT_HISTORY_DEF_ITEM
 (ID, REVISION, ENTITY_VERSION, DOMAIN_ID, PARENT_ID, LINE_NO, FIELD_ID, TRACKING_LEVEL, PATH_RENDERER_CLASS, DETAIL_RENDERER_CLASS)
VALUES ('0bee0bf14afd4552936f5a27ab130a4f', 0, 1, '/', '441463eb8d764e23824aa22a072da697', '53', 'custCodelist4', 1, 'PathRenderer', 'DetailRenderer');
INSERT INTO CNT_HISTORY_DEF_ITEM
 (ID, REVISION, ENTITY_VERSION, DOMAIN_ID, PARENT_ID, LINE_NO, FIELD_ID, TRACKING_LEVEL, PATH_RENDERER_CLASS, DETAIL_RENDERER_CLASS)
VALUES ('940e3590f4fe4956a85d44f52049a7d8', 0, 1, '/', '441463eb8d764e23824aa22a072da697', '54', 'custCodelist5', 1, 'PathRenderer', 'DetailRenderer');
INSERT INTO CNT_HISTORY_DEF_ITEM
 (ID, REVISION, ENTITY_VERSION, DOMAIN_ID, PARENT_ID, LINE_NO, FIELD_ID, TRACKING_LEVEL, PATH_RENDERER_CLASS, DETAIL_RENDERER_CLASS)
VALUES ('eda06989dec34ce2861b7c094d027e73', 0, 1, '/', '441463eb8d764e23824aa22a072da697', '55', 'custCodelist6', 1, 'PathRenderer', 'DetailRenderer');
INSERT INTO CNT_HISTORY_DEF_ITEM
 (ID, REVISION, ENTITY_VERSION, DOMAIN_ID, PARENT_ID, LINE_NO, FIELD_ID, TRACKING_LEVEL, PATH_RENDERER_CLASS, DETAIL_RENDERER_CLASS)
VALUES ('d5ebe527344e426b8767ed7e7c224941', 0, 1, '/', '441463eb8d764e23824aa22a072da697', '56', 'custCodelist7', 1, 'PathRenderer', 'DetailRenderer');
INSERT INTO CNT_HISTORY_DEF_ITEM
 (ID, REVISION, ENTITY_VERSION, DOMAIN_ID, PARENT_ID, LINE_NO, FIELD_ID, TRACKING_LEVEL, PATH_RENDERER_CLASS, DETAIL_RENDERER_CLASS)
VALUES ('ac42c1c1c481496ba7d3d499e69fea3d', 0, 1, '/', '441463eb8d764e23824aa22a072da697', '57', 'custMemoText1', 1, 'PathRenderer', 'DetailRenderer');
INSERT INTO CNT_HISTORY_DEF_ITEM
 (ID, REVISION, ENTITY_VERSION, DOMAIN_ID, PARENT_ID, LINE_NO, FIELD_ID, TRACKING_LEVEL, PATH_RENDERER_CLASS, DETAIL_RENDERER_CLASS)
VALUES ('f08ae45283b444f98342d94b1b431729', 0, 1, '/', '441463eb8d764e23824aa22a072da697', '58', 'custMemoText2', 1, 'PathRenderer', 'DetailRenderer');
INSERT INTO CNT_HISTORY_DEF_ITEM
 (ID, REVISION, ENTITY_VERSION, DOMAIN_ID, PARENT_ID, LINE_NO, FIELD_ID, TRACKING_LEVEL, PATH_RENDERER_CLASS, DETAIL_RENDERER_CLASS)
VALUES ('f91c680d022641b68cba4e1f67cdfc1a', 0, 1, '/', '441463eb8d764e23824aa22a072da697', '59', 'custMemoText3', 1, 'PathRenderer', 'DetailRenderer');
INSERT INTO CNT_HISTORY_DEF_ITEM
 (ID, REVISION, ENTITY_VERSION, DOMAIN_ID, PARENT_ID, LINE_NO, FIELD_ID, TRACKING_LEVEL, PATH_RENDERER_CLASS, DETAIL_RENDERER_CLASS)
VALUES ('c3ebe051540346ada30c4af686d4c623', 0, 1, '/', '441463eb8d764e23824aa22a072da697', '60', 'custMemoText4', 1, 'PathRenderer', 'DetailRenderer');
INSERT INTO CNT_HISTORY_DEF_ITEM
 (ID, REVISION, ENTITY_VERSION, DOMAIN_ID, PARENT_ID, LINE_NO, FIELD_ID, TRACKING_LEVEL, PATH_RENDERER_CLASS, DETAIL_RENDERER_CLASS)
VALUES ('919ac446d2994386ad4d58fd21c732af', 0, 1, '/', '441463eb8d764e23824aa22a072da697', '61', 'custMemoText5', 1, 'PathRenderer', 'DetailRenderer');
INSERT INTO CNT_HISTORY_DEF_ITEM
 (ID, REVISION, ENTITY_VERSION, DOMAIN_ID, PARENT_ID, LINE_NO, FIELD_ID, TRACKING_LEVEL, PATH_RENDERER_CLASS, DETAIL_RENDERER_CLASS)
VALUES ('4c2de4b9cd894ee8aaaabe0e5e1b20b8', 0, 1, '/', '441463eb8d764e23824aa22a072da697', '62', 'custMemoText6', 1, 'PathRenderer', 'DetailRenderer');
INSERT INTO CNT_HISTORY_DEF_ITEM
 (ID, REVISION, ENTITY_VERSION, DOMAIN_ID, PARENT_ID, LINE_NO, FIELD_ID, TRACKING_LEVEL, PATH_RENDERER_CLASS, DETAIL_RENDERER_CLASS)
VALUES ('311c434f4fa1491f940195c816d97b47', 0, 1, '/', '441463eb8d764e23824aa22a072da697', '63', 'custMemoText7', 1, 'PathRenderer', 'DetailRenderer');
INSERT INTO CNT_HISTORY_DEF_ITEM
 (ID, REVISION, ENTITY_VERSION, DOMAIN_ID, PARENT_ID, LINE_NO, FIELD_ID, TRACKING_LEVEL, PATH_RENDERER_CLASS, DETAIL_RENDERER_CLASS)
VALUES ('615d846f8a9a40c09c31f073bd9f4170', 0, 1, '/', '441463eb8d764e23824aa22a072da697', '64', 'custHcl1', 1, 'PathRenderer', 'DetailRenderer');
INSERT INTO CNT_HISTORY_DEF_ITEM
 (ID, REVISION, ENTITY_VERSION, DOMAIN_ID, PARENT_ID, LINE_NO, FIELD_ID, TRACKING_LEVEL, PATH_RENDERER_CLASS, DETAIL_RENDERER_CLASS)
VALUES ('0fd2ac80a95f4c93a5f116a8b98bbdf7', 0, 1, '/', '441463eb8d764e23824aa22a072da697', '65', 'custHcl2', 1, 'PathRenderer', 'DetailRenderer');
INSERT INTO CNT_HISTORY_DEF_ITEM
 (ID, REVISION, ENTITY_VERSION, DOMAIN_ID, PARENT_ID, LINE_NO, FIELD_ID, TRACKING_LEVEL, PATH_RENDERER_CLASS, DETAIL_RENDERER_CLASS)
VALUES ('b39a1198ea6345c185f630c044cb99ab', 0, 1, '/', '441463eb8d764e23824aa22a072da697', '66', 'custHcl3', 1, 'PathRenderer', 'DetailRenderer');
INSERT INTO CNT_HISTORY_DEF_ITEM
 (ID, REVISION, ENTITY_VERSION, DOMAIN_ID, PARENT_ID, LINE_NO, FIELD_ID, TRACKING_LEVEL, PATH_RENDERER_CLASS, DETAIL_RENDERER_CLASS)
VALUES ('af806d03325b4fc5993891ff4709e8cf', 0, 1, '/', '441463eb8d764e23824aa22a072da697', '67', 'custHcl4', 1, 'PathRenderer', 'DetailRenderer');
INSERT INTO CNT_HISTORY_DEF_ITEM
 (ID, REVISION, ENTITY_VERSION, DOMAIN_ID, PARENT_ID, LINE_NO, FIELD_ID, TRACKING_LEVEL, PATH_RENDERER_CLASS, DETAIL_RENDERER_CLASS)
VALUES ('118805befac24f259d84c70349a8eb26', 0, 1, '/', '441463eb8d764e23824aa22a072da697', '68', 'custHcl5', 1, 'PathRenderer', 'DetailRenderer');
INSERT INTO CNT_HISTORY_DEF_ITEM
 (ID, REVISION, ENTITY_VERSION, DOMAIN_ID, PARENT_ID, LINE_NO, FIELD_ID, TRACKING_LEVEL, PATH_RENDERER_CLASS, DETAIL_RENDERER_CLASS)
VALUES ('707970360a44496c98e016f50b211a46', 0, 1, '/', '441463eb8d764e23824aa22a072da697', '69', 'titleName', 0, 'PathRenderer', 'DetailRenderer');
INSERT INTO CNT_HISTORY_DEF_ITEM
 (ID, REVISION, ENTITY_VERSION, DOMAIN_ID, PARENT_ID, LINE_NO, FIELD_ID, TRACKING_LEVEL, PATH_RENDERER_CLASS, DETAIL_RENDERER_CLASS)
VALUES ('52d7892a1bde44cbbda36b3b8675db2d', 0, 1, '/', '441463eb8d764e23824aa22a072da697', '70', 'contactTypeIdValue', 0, 'PathRenderer', 'DetailRenderer');
INSERT INTO CNT_HISTORY_DEF_ITEM
 (ID, REVISION, ENTITY_VERSION, DOMAIN_ID, PARENT_ID, LINE_NO, FIELD_ID, TRACKING_LEVEL, PATH_RENDERER_CLASS, DETAIL_RENDERER_CLASS)
VALUES ('e7808ea20ad14da6aa53de796050f5bb', 0, 1, '/', '441463eb8d764e23824aa22a072da697', '71', 'custCodelist1Name', 0, 'PathRenderer', 'DetailRenderer');
INSERT INTO CNT_HISTORY_DEF_ITEM
 (ID, REVISION, ENTITY_VERSION, DOMAIN_ID, PARENT_ID, LINE_NO, FIELD_ID, TRACKING_LEVEL, PATH_RENDERER_CLASS, DETAIL_RENDERER_CLASS)
VALUES ('29bf952e638348228e44f03adc49477c', 0, 1, '/', '441463eb8d764e23824aa22a072da697', '72', 'custCodelist2Name', 0, 'PathRenderer', 'DetailRenderer');
INSERT INTO CNT_HISTORY_DEF_ITEM
 (ID, REVISION, ENTITY_VERSION, DOMAIN_ID, PARENT_ID, LINE_NO, FIELD_ID, TRACKING_LEVEL, PATH_RENDERER_CLASS, DETAIL_RENDERER_CLASS)
VALUES ('115ad8a51f9041268e7ea7d2b8261d6e', 0, 1, '/', '441463eb8d764e23824aa22a072da697', '73', 'custCodelist3Name', 0, 'PathRenderer', 'DetailRenderer');
INSERT INTO CNT_HISTORY_DEF_ITEM
 (ID, REVISION, ENTITY_VERSION, DOMAIN_ID, PARENT_ID, LINE_NO, FIELD_ID, TRACKING_LEVEL, PATH_RENDERER_CLASS, DETAIL_RENDERER_CLASS)
VALUES ('d826961609754749b89165cc012e8a3a', 0, 1, '/', '441463eb8d764e23824aa22a072da697', '74', 'custCodelist4Name', 0, 'PathRenderer', 'DetailRenderer');
INSERT INTO CNT_HISTORY_DEF_ITEM
 (ID, REVISION, ENTITY_VERSION, DOMAIN_ID, PARENT_ID, LINE_NO, FIELD_ID, TRACKING_LEVEL, PATH_RENDERER_CLASS, DETAIL_RENDERER_CLASS)
VALUES ('7c599118ef1c47a7be80cb63066072be', 0, 1, '/', '441463eb8d764e23824aa22a072da697', '75', 'custCodelist5Name', 0, 'PathRenderer', 'DetailRenderer');
INSERT INTO CNT_HISTORY_DEF_ITEM
 (ID, REVISION, ENTITY_VERSION, DOMAIN_ID, PARENT_ID, LINE_NO, FIELD_ID, TRACKING_LEVEL, PATH_RENDERER_CLASS, DETAIL_RENDERER_CLASS)
VALUES ('40b044c050f643739973dececc9cdeb2', 0, 1, '/', '441463eb8d764e23824aa22a072da697', '76', 'custCodelist6Name', 0, 'PathRenderer', 'DetailRenderer');
INSERT INTO CNT_HISTORY_DEF_ITEM
 (ID, REVISION, ENTITY_VERSION, DOMAIN_ID, PARENT_ID, LINE_NO, FIELD_ID, TRACKING_LEVEL, PATH_RENDERER_CLASS, DETAIL_RENDERER_CLASS)
VALUES ('41023c1db27148e3961873ee2f6ef9da', 0, 1, '/', '441463eb8d764e23824aa22a072da697', '77', 'custCodelist7Name', 0, 'PathRenderer', 'DetailRenderer');
INSERT INTO CNT_HISTORY_DEF_ITEM
 (ID, REVISION, ENTITY_VERSION, DOMAIN_ID, PARENT_ID, LINE_NO, FIELD_ID, TRACKING_LEVEL, PATH_RENDERER_CLASS, DETAIL_RENDERER_CLASS)
VALUES ('6dae7b9239bd4dc7bcd15a46da6a061a', 0, 1, '/', '441463eb8d764e23824aa22a072da697', '78', 'custHcl1Ref', 0, 'PathRenderer', 'DetailRenderer');
INSERT INTO CNT_HISTORY_DEF_ITEM
 (ID, REVISION, ENTITY_VERSION, DOMAIN_ID, PARENT_ID, LINE_NO, FIELD_ID, TRACKING_LEVEL, PATH_RENDERER_CLASS, DETAIL_RENDERER_CLASS)
VALUES ('356bf51104fc46b481f757dff049f789', 0, 1, '/', '441463eb8d764e23824aa22a072da697', '79', 'custHcl1Ver', 0, 'PathRenderer', 'DetailRenderer');
INSERT INTO CNT_HISTORY_DEF_ITEM
 (ID, REVISION, ENTITY_VERSION, DOMAIN_ID, PARENT_ID, LINE_NO, FIELD_ID, TRACKING_LEVEL, PATH_RENDERER_CLASS, DETAIL_RENDERER_CLASS)
VALUES ('68c72d722b6647048c05cf9ad4b6d243', 0, 1, '/', '441463eb8d764e23824aa22a072da697', '80', 'custHcl1Ref2', 0, 'PathRenderer', 'DetailRenderer');
INSERT INTO CNT_HISTORY_DEF_ITEM
 (ID, REVISION, ENTITY_VERSION, DOMAIN_ID, PARENT_ID, LINE_NO, FIELD_ID, TRACKING_LEVEL, PATH_RENDERER_CLASS, DETAIL_RENDERER_CLASS)
VALUES ('a130ddecc8eb493a9be5013fd57b43b5', 0, 1, '/', '441463eb8d764e23824aa22a072da697', '81', 'custHcl1FullLineage', 0, 'PathRenderer', 'DetailRenderer');
INSERT INTO CNT_HISTORY_DEF_ITEM
 (ID, REVISION, ENTITY_VERSION, DOMAIN_ID, PARENT_ID, LINE_NO, FIELD_ID, TRACKING_LEVEL, PATH_RENDERER_CLASS, DETAIL_RENDERER_CLASS)
VALUES ('2ee756ad60634af4aecd9622b4a0d911', 0, 1, '/', '441463eb8d764e23824aa22a072da697', '82', 'custHcl2Ref', 0, 'PathRenderer', 'DetailRenderer');
INSERT INTO CNT_HISTORY_DEF_ITEM
 (ID, REVISION, ENTITY_VERSION, DOMAIN_ID, PARENT_ID, LINE_NO, FIELD_ID, TRACKING_LEVEL, PATH_RENDERER_CLASS, DETAIL_RENDERER_CLASS)
VALUES ('ffd84db50aec4b6aa9b99962881aff24', 0, 1, '/', '441463eb8d764e23824aa22a072da697', '83', 'custHcl2Ver', 0, 'PathRenderer', 'DetailRenderer');
INSERT INTO CNT_HISTORY_DEF_ITEM
 (ID, REVISION, ENTITY_VERSION, DOMAIN_ID, PARENT_ID, LINE_NO, FIELD_ID, TRACKING_LEVEL, PATH_RENDERER_CLASS, DETAIL_RENDERER_CLASS)
VALUES ('22da2785e9c34dfcb461ace1921a2d50', 0, 1, '/', '441463eb8d764e23824aa22a072da697', '84', 'custHcl2Ref2', 0, 'PathRenderer', 'DetailRenderer');
INSERT INTO CNT_HISTORY_DEF_ITEM
 (ID, REVISION, ENTITY_VERSION, DOMAIN_ID, PARENT_ID, LINE_NO, FIELD_ID, TRACKING_LEVEL, PATH_RENDERER_CLASS, DETAIL_RENDERER_CLASS)
VALUES ('5a1c8d5a9ed542389c164832d6325bb5', 0, 1, '/', '441463eb8d764e23824aa22a072da697', '85', 'custHcl2FullLineage', 0, 'PathRenderer', 'DetailRenderer');
INSERT INTO CNT_HISTORY_DEF_ITEM
 (ID, REVISION, ENTITY_VERSION, DOMAIN_ID, PARENT_ID, LINE_NO, FIELD_ID, TRACKING_LEVEL, PATH_RENDERER_CLASS, DETAIL_RENDERER_CLASS)
VALUES ('3623d4a886a744eb981a94adc9929045', 0, 1, '/', '441463eb8d764e23824aa22a072da697', '86', 'custHcl3Ref', 0, 'PathRenderer', 'DetailRenderer');
INSERT INTO CNT_HISTORY_DEF_ITEM
 (ID, REVISION, ENTITY_VERSION, DOMAIN_ID, PARENT_ID, LINE_NO, FIELD_ID, TRACKING_LEVEL, PATH_RENDERER_CLASS, DETAIL_RENDERER_CLASS)
VALUES ('0e8514274a4347c58ef7eec02542aa55', 0, 1, '/', '441463eb8d764e23824aa22a072da697', '87', 'custHcl3Ver', 0, 'PathRenderer', 'DetailRenderer');
INSERT INTO CNT_HISTORY_DEF_ITEM
 (ID, REVISION, ENTITY_VERSION, DOMAIN_ID, PARENT_ID, LINE_NO, FIELD_ID, TRACKING_LEVEL, PATH_RENDERER_CLASS, DETAIL_RENDERER_CLASS)
VALUES ('e58d7dd406dd49d3a1850e836c110ef4', 0, 1, '/', '441463eb8d764e23824aa22a072da697', '88', 'custHcl3Ref2', 0, 'PathRenderer', 'DetailRenderer');
INSERT INTO CNT_HISTORY_DEF_ITEM
 (ID, REVISION, ENTITY_VERSION, DOMAIN_ID, PARENT_ID, LINE_NO, FIELD_ID, TRACKING_LEVEL, PATH_RENDERER_CLASS, DETAIL_RENDERER_CLASS)
VALUES ('f0e56ce269374b628d545f2cf96d4a88', 0, 1, '/', '441463eb8d764e23824aa22a072da697', '89', 'custHcl3FullLineage', 0, 'PathRenderer', 'DetailRenderer');
INSERT INTO CNT_HISTORY_DEF_ITEM
 (ID, REVISION, ENTITY_VERSION, DOMAIN_ID, PARENT_ID, LINE_NO, FIELD_ID, TRACKING_LEVEL, PATH_RENDERER_CLASS, DETAIL_RENDERER_CLASS)
VALUES ('6c3ef86a560c4b05b1547a748d419d06', 0, 1, '/', '441463eb8d764e23824aa22a072da697', '90', 'custHcl4Ref', 0, 'PathRenderer', 'DetailRenderer');
INSERT INTO CNT_HISTORY_DEF_ITEM
 (ID, REVISION, ENTITY_VERSION, DOMAIN_ID, PARENT_ID, LINE_NO, FIELD_ID, TRACKING_LEVEL, PATH_RENDERER_CLASS, DETAIL_RENDERER_CLASS)
VALUES ('5598a8e1ca094f7da0bb87803dc5d7a1', 0, 1, '/', '441463eb8d764e23824aa22a072da697', '91', 'custHcl4Ver', 0, 'PathRenderer', 'DetailRenderer');
INSERT INTO CNT_HISTORY_DEF_ITEM
 (ID, REVISION, ENTITY_VERSION, DOMAIN_ID, PARENT_ID, LINE_NO, FIELD_ID, TRACKING_LEVEL, PATH_RENDERER_CLASS, DETAIL_RENDERER_CLASS)
VALUES ('3e3a89c0f390481cab33c6cc3681787a', 0, 1, '/', '441463eb8d764e23824aa22a072da697', '92', 'custHcl4Ref2', 0, 'PathRenderer', 'DetailRenderer');
INSERT INTO CNT_HISTORY_DEF_ITEM
 (ID, REVISION, ENTITY_VERSION, DOMAIN_ID, PARENT_ID, LINE_NO, FIELD_ID, TRACKING_LEVEL, PATH_RENDERER_CLASS, DETAIL_RENDERER_CLASS)
VALUES ('92568dc450694da7b8f37581f36521bd', 0, 1, '/', '441463eb8d764e23824aa22a072da697', '93', 'custHcl4FullLineage', 0, 'PathRenderer', 'DetailRenderer');
INSERT INTO CNT_HISTORY_DEF_ITEM
 (ID, REVISION, ENTITY_VERSION, DOMAIN_ID, PARENT_ID, LINE_NO, FIELD_ID, TRACKING_LEVEL, PATH_RENDERER_CLASS, DETAIL_RENDERER_CLASS)
VALUES ('a4adeef8e1624a32b2b4af0e733faca5', 0, 1, '/', '441463eb8d764e23824aa22a072da697', '94', 'custHcl5Ref', 0, 'PathRenderer', 'DetailRenderer');
INSERT INTO CNT_HISTORY_DEF_ITEM
 (ID, REVISION, ENTITY_VERSION, DOMAIN_ID, PARENT_ID, LINE_NO, FIELD_ID, TRACKING_LEVEL, PATH_RENDERER_CLASS, DETAIL_RENDERER_CLASS)
VALUES ('0957cb13acde41659566c308b9d9b7c7', 0, 1, '/', '441463eb8d764e23824aa22a072da697', '95', 'custHcl5Ver', 0, 'PathRenderer', 'DetailRenderer');
INSERT INTO CNT_HISTORY_DEF_ITEM
 (ID, REVISION, ENTITY_VERSION, DOMAIN_ID, PARENT_ID, LINE_NO, FIELD_ID, TRACKING_LEVEL, PATH_RENDERER_CLASS, DETAIL_RENDERER_CLASS)
VALUES ('f8826d720a55416fbea53489b68dded6', 0, 1, '/', '441463eb8d764e23824aa22a072da697', '96', 'custHcl5Ref2', 0, 'PathRenderer', 'DetailRenderer');
INSERT INTO CNT_HISTORY_DEF_ITEM
 (ID, REVISION, ENTITY_VERSION, DOMAIN_ID, PARENT_ID, LINE_NO, FIELD_ID, TRACKING_LEVEL, PATH_RENDERER_CLASS, DETAIL_RENDERER_CLASS)
VALUES ('53acf4969dea440095bce947b69bc852', 0, 1, '/', '441463eb8d764e23824aa22a072da697', '97', 'custHcl5FullLineage', 0, 'PathRenderer', 'DetailRenderer');
INSERT INTO CNT_HISTORY_DEF
 (ID, REVISION, APPLY_ENTITY, ENTITY_VERSION, DOMAIN_ID , GENERATED, CREATE_USER, CREATE_USER_NAME, CREATED_ON)
VALUES ('cb55a2602c5d44cba0e737761e93738e', 0, 'CustAttachment', 1, '/', 1, 'system', 'system', systimestamp);
INSERT INTO CNT_HISTORY_DEF_ITEM
 (ID, REVISION, ENTITY_VERSION, DOMAIN_ID, PARENT_ID, LINE_NO, FIELD_ID, TRACKING_LEVEL, PATH_RENDERER_CLASS, DETAIL_RENDERER_CLASS)
VALUES ('94db7ec4cac64a369e175aaf0ffa8220', 0, 1, '/', 'cb55a2602c5d44cba0e737761e93738e', '0', 'id', 1, 'PathRenderer', 'DetailRenderer');
INSERT INTO CNT_HISTORY_DEF_ITEM
 (ID, REVISION, ENTITY_VERSION, DOMAIN_ID, PARENT_ID, LINE_NO, FIELD_ID, TRACKING_LEVEL, PATH_RENDERER_CLASS, DETAIL_RENDERER_CLASS)
VALUES ('494d374131ba4a1f8cf7176e9aa1fb82', 0, 1, '/', 'cb55a2602c5d44cba0e737761e93738e', '1', 'revision', 1, 'PathRenderer', 'DetailRenderer');
INSERT INTO CNT_HISTORY_DEF_ITEM
 (ID, REVISION, ENTITY_VERSION, DOMAIN_ID, PARENT_ID, LINE_NO, FIELD_ID, TRACKING_LEVEL, PATH_RENDERER_CLASS, DETAIL_RENDERER_CLASS)
VALUES ('9b3919a8ec0e4a198d85e08f5c6924bf', 0, 1, '/', 'cb55a2602c5d44cba0e737761e93738e', '2', 'entityVersion', 1, 'PathRenderer', 'DetailRenderer');
INSERT INTO CNT_HISTORY_DEF_ITEM
 (ID, REVISION, ENTITY_VERSION, DOMAIN_ID, PARENT_ID, LINE_NO, FIELD_ID, TRACKING_LEVEL, PATH_RENDERER_CLASS, DETAIL_RENDERER_CLASS)
VALUES ('ac369bcb8772453692b78925b578f86d', 0, 1, '/', 'cb55a2602c5d44cba0e737761e93738e', '3', 'domainId', 1, 'PathRenderer', 'DetailRenderer');
INSERT INTO CNT_HISTORY_DEF_ITEM
 (ID, REVISION, ENTITY_VERSION, DOMAIN_ID, PARENT_ID, LINE_NO, FIELD_ID, TRACKING_LEVEL, PATH_RENDERER_CLASS, DETAIL_RENDERER_CLASS)
VALUES ('c209d77c19d640d5970d7dd4d45bdb7e', 0, 1, '/', 'cb55a2602c5d44cba0e737761e93738e', '4', 'hubDomainId', 1, 'PathRenderer', 'DetailRenderer');
INSERT INTO CNT_HISTORY_DEF_ITEM
 (ID, REVISION, ENTITY_VERSION, DOMAIN_ID, PARENT_ID, LINE_NO, FIELD_ID, TRACKING_LEVEL, PATH_RENDERER_CLASS, DETAIL_RENDERER_CLASS)
VALUES ('84696d6054e9493eb4a5780919a94ea5', 0, 1, '/', 'cb55a2602c5d44cba0e737761e93738e', '5', 'isForReference', 1, 'PathRenderer', 'DetailRenderer');
INSERT INTO CNT_HISTORY_DEF_ITEM
 (ID, REVISION, ENTITY_VERSION, DOMAIN_ID, PARENT_ID, LINE_NO, FIELD_ID, TRACKING_LEVEL, PATH_RENDERER_CLASS, DETAIL_RENDERER_CLASS)
VALUES ('35a5e43140bd4a98bc9cf79555b76013', 0, 1, '/', 'cb55a2602c5d44cba0e737761e93738e', '6', 'internalSeqNo', 1, 'PathRenderer', 'DetailRenderer');
INSERT INTO CNT_HISTORY_DEF_ITEM
 (ID, REVISION, ENTITY_VERSION, DOMAIN_ID, PARENT_ID, LINE_NO, FIELD_ID, TRACKING_LEVEL, PATH_RENDERER_CLASS, DETAIL_RENDERER_CLASS)
VALUES ('19b26f2c2de34a299ba078e6597eece1', 0, 1, '/', 'cb55a2602c5d44cba0e737761e93738e', '7', 'custId', 1, 'PathRenderer', 'DetailRenderer');
INSERT INTO CNT_HISTORY_DEF_ITEM
 (ID, REVISION, ENTITY_VERSION, DOMAIN_ID, PARENT_ID, LINE_NO, FIELD_ID, TRACKING_LEVEL, PATH_RENDERER_CLASS, DETAIL_RENDERER_CLASS)
VALUES ('466e5e4afec148c5a764680b870074ca', 0, 1, '/', 'cb55a2602c5d44cba0e737761e93738e', '8', 'description', 1, 'PathRenderer', 'DetailRenderer');
INSERT INTO CNT_HISTORY_DEF_ITEM
 (ID, REVISION, ENTITY_VERSION, DOMAIN_ID, PARENT_ID, LINE_NO, FIELD_ID, TRACKING_LEVEL, PATH_RENDERER_CLASS, DETAIL_RENDERER_CLASS)
VALUES ('7c15117c8dbd490883b12ba3c9f877dd', 0, 1, '/', 'cb55a2602c5d44cba0e737761e93738e', '9', 'fileId', 1, 'PathRenderer', 'DetailRenderer');
INSERT INTO CNT_HISTORY_DEF_ITEM
 (ID, REVISION, ENTITY_VERSION, DOMAIN_ID, PARENT_ID, LINE_NO, FIELD_ID, TRACKING_LEVEL, PATH_RENDERER_CLASS, DETAIL_RENDERER_CLASS)
VALUES ('89b5ddb322b844db9abe59dc1f30c074', 0, 1, '/', 'cb55a2602c5d44cba0e737761e93738e', '10', 'attachTypeId', 1, 'PathRenderer', 'SelectionDetailRenderer');
INSERT INTO CNT_HISTORY_DEF_ITEM
 (ID, REVISION, ENTITY_VERSION, DOMAIN_ID, PARENT_ID, LINE_NO, FIELD_ID, TRACKING_LEVEL, PATH_RENDERER_CLASS, DETAIL_RENDERER_CLASS)
VALUES ('ceeac90868ef48a883ece8005142e721', 0, 1, '/', 'cb55a2602c5d44cba0e737761e93738e', '11', 'custText1', 1, 'PathRenderer', 'DetailRenderer');
INSERT INTO CNT_HISTORY_DEF_ITEM
 (ID, REVISION, ENTITY_VERSION, DOMAIN_ID, PARENT_ID, LINE_NO, FIELD_ID, TRACKING_LEVEL, PATH_RENDERER_CLASS, DETAIL_RENDERER_CLASS)
VALUES ('37fa84c490b047789c42c6a5cd1d913d', 0, 1, '/', 'cb55a2602c5d44cba0e737761e93738e', '12', 'custText2', 1, 'PathRenderer', 'DetailRenderer');
INSERT INTO CNT_HISTORY_DEF_ITEM
 (ID, REVISION, ENTITY_VERSION, DOMAIN_ID, PARENT_ID, LINE_NO, FIELD_ID, TRACKING_LEVEL, PATH_RENDERER_CLASS, DETAIL_RENDERER_CLASS)
VALUES ('211ce293b913404e8c255b5359afe10f', 0, 1, '/', 'cb55a2602c5d44cba0e737761e93738e', '13', 'custText3', 1, 'PathRenderer', 'DetailRenderer');
INSERT INTO CNT_HISTORY_DEF_ITEM
 (ID, REVISION, ENTITY_VERSION, DOMAIN_ID, PARENT_ID, LINE_NO, FIELD_ID, TRACKING_LEVEL, PATH_RENDERER_CLASS, DETAIL_RENDERER_CLASS)
VALUES ('c6a0e9d9a409432082202198b2212c81', 0, 1, '/', 'cb55a2602c5d44cba0e737761e93738e', '14', 'custText4', 1, 'PathRenderer', 'DetailRenderer');
INSERT INTO CNT_HISTORY_DEF_ITEM
 (ID, REVISION, ENTITY_VERSION, DOMAIN_ID, PARENT_ID, LINE_NO, FIELD_ID, TRACKING_LEVEL, PATH_RENDERER_CLASS, DETAIL_RENDERER_CLASS)
VALUES ('abb0c8bf45b042c19696fa40fce954a6', 0, 1, '/', 'cb55a2602c5d44cba0e737761e93738e', '15', 'custText5', 1, 'PathRenderer', 'DetailRenderer');
INSERT INTO CNT_HISTORY_DEF_ITEM
 (ID, REVISION, ENTITY_VERSION, DOMAIN_ID, PARENT_ID, LINE_NO, FIELD_ID, TRACKING_LEVEL, PATH_RENDERER_CLASS, DETAIL_RENDERER_CLASS)
VALUES ('c6311ee9d15a4133811da7ebf0bc05be', 0, 1, '/', 'cb55a2602c5d44cba0e737761e93738e', '16', 'custText6', 1, 'PathRenderer', 'DetailRenderer');
INSERT INTO CNT_HISTORY_DEF_ITEM
 (ID, REVISION, ENTITY_VERSION, DOMAIN_ID, PARENT_ID, LINE_NO, FIELD_ID, TRACKING_LEVEL, PATH_RENDERER_CLASS, DETAIL_RENDERER_CLASS)
VALUES ('b042246f584747c5838c6fdc20774125', 0, 1, '/', 'cb55a2602c5d44cba0e737761e93738e', '17', 'custText7', 1, 'PathRenderer', 'DetailRenderer');
INSERT INTO CNT_HISTORY_DEF_ITEM
 (ID, REVISION, ENTITY_VERSION, DOMAIN_ID, PARENT_ID, LINE_NO, FIELD_ID, TRACKING_LEVEL, PATH_RENDERER_CLASS, DETAIL_RENDERER_CLASS)
VALUES ('ae8908b78f3649b89ea836a134babd47', 0, 1, '/', 'cb55a2602c5d44cba0e737761e93738e', '18', 'custDate1', 1, 'PathRenderer', 'DetailRenderer');
INSERT INTO CNT_HISTORY_DEF_ITEM
 (ID, REVISION, ENTITY_VERSION, DOMAIN_ID, PARENT_ID, LINE_NO, FIELD_ID, TRACKING_LEVEL, PATH_RENDERER_CLASS, DETAIL_RENDERER_CLASS)
VALUES ('f429b66c081d4ddba8c6cb14fb80084e', 0, 1, '/', 'cb55a2602c5d44cba0e737761e93738e', '19', 'custDate2', 1, 'PathRenderer', 'DetailRenderer');
INSERT INTO CNT_HISTORY_DEF_ITEM
 (ID, REVISION, ENTITY_VERSION, DOMAIN_ID, PARENT_ID, LINE_NO, FIELD_ID, TRACKING_LEVEL, PATH_RENDERER_CLASS, DETAIL_RENDERER_CLASS)
VALUES ('4700aafc1b314704946f30ad7c4f16b5', 0, 1, '/', 'cb55a2602c5d44cba0e737761e93738e', '20', 'custDate3', 1, 'PathRenderer', 'DetailRenderer');
INSERT INTO CNT_HISTORY_DEF_ITEM
 (ID, REVISION, ENTITY_VERSION, DOMAIN_ID, PARENT_ID, LINE_NO, FIELD_ID, TRACKING_LEVEL, PATH_RENDERER_CLASS, DETAIL_RENDERER_CLASS)
VALUES ('e39ca09932ac4ef989839fbb833a209e', 0, 1, '/', 'cb55a2602c5d44cba0e737761e93738e', '21', 'custDate4', 1, 'PathRenderer', 'DetailRenderer');
INSERT INTO CNT_HISTORY_DEF_ITEM
 (ID, REVISION, ENTITY_VERSION, DOMAIN_ID, PARENT_ID, LINE_NO, FIELD_ID, TRACKING_LEVEL, PATH_RENDERER_CLASS, DETAIL_RENDERER_CLASS)
VALUES ('a3602a21fdfa4f74a5306dec61b87031', 0, 1, '/', 'cb55a2602c5d44cba0e737761e93738e', '22', 'custDate5', 1, 'PathRenderer', 'DetailRenderer');
INSERT INTO CNT_HISTORY_DEF_ITEM
 (ID, REVISION, ENTITY_VERSION, DOMAIN_ID, PARENT_ID, LINE_NO, FIELD_ID, TRACKING_LEVEL, PATH_RENDERER_CLASS, DETAIL_RENDERER_CLASS)
VALUES ('b3605197cc464c629955e54d4f6e14e4', 0, 1, '/', 'cb55a2602c5d44cba0e737761e93738e', '23', 'custDate6', 1, 'PathRenderer', 'DetailRenderer');
INSERT INTO CNT_HISTORY_DEF_ITEM
 (ID, REVISION, ENTITY_VERSION, DOMAIN_ID, PARENT_ID, LINE_NO, FIELD_ID, TRACKING_LEVEL, PATH_RENDERER_CLASS, DETAIL_RENDERER_CLASS)
VALUES ('30bed8abd8424e8bb0ac7ab94fbb30ab', 0, 1, '/', 'cb55a2602c5d44cba0e737761e93738e', '24', 'custDate7', 1, 'PathRenderer', 'DetailRenderer');
INSERT INTO CNT_HISTORY_DEF_ITEM
 (ID, REVISION, ENTITY_VERSION, DOMAIN_ID, PARENT_ID, LINE_NO, FIELD_ID, TRACKING_LEVEL, PATH_RENDERER_CLASS, DETAIL_RENDERER_CLASS)
VALUES ('ca93972912e8456da2388f3c5cbc8642', 0, 1, '/', 'cb55a2602c5d44cba0e737761e93738e', '25', 'custNumber1', 1, 'PathRenderer', 'DetailRenderer');
INSERT INTO CNT_HISTORY_DEF_ITEM
 (ID, REVISION, ENTITY_VERSION, DOMAIN_ID, PARENT_ID, LINE_NO, FIELD_ID, TRACKING_LEVEL, PATH_RENDERER_CLASS, DETAIL_RENDERER_CLASS)
VALUES ('274422dbe2de4a03bf60790b666534eb', 0, 1, '/', 'cb55a2602c5d44cba0e737761e93738e', '26', 'custNumber2', 1, 'PathRenderer', 'DetailRenderer');
INSERT INTO CNT_HISTORY_DEF_ITEM
 (ID, REVISION, ENTITY_VERSION, DOMAIN_ID, PARENT_ID, LINE_NO, FIELD_ID, TRACKING_LEVEL, PATH_RENDERER_CLASS, DETAIL_RENDERER_CLASS)
VALUES ('e51b9fd8f7374b8eb3268f40acce1549', 0, 1, '/', 'cb55a2602c5d44cba0e737761e93738e', '27', 'custNumber3', 1, 'PathRenderer', 'DetailRenderer');
INSERT INTO CNT_HISTORY_DEF_ITEM
 (ID, REVISION, ENTITY_VERSION, DOMAIN_ID, PARENT_ID, LINE_NO, FIELD_ID, TRACKING_LEVEL, PATH_RENDERER_CLASS, DETAIL_RENDERER_CLASS)
VALUES ('255604b7b177486c9a25cdf2bc4ee168', 0, 1, '/', 'cb55a2602c5d44cba0e737761e93738e', '28', 'custNumber4', 1, 'PathRenderer', 'DetailRenderer');
INSERT INTO CNT_HISTORY_DEF_ITEM
 (ID, REVISION, ENTITY_VERSION, DOMAIN_ID, PARENT_ID, LINE_NO, FIELD_ID, TRACKING_LEVEL, PATH_RENDERER_CLASS, DETAIL_RENDERER_CLASS)
VALUES ('2ab8796f8de04ae49223a32ccc580e12', 0, 1, '/', 'cb55a2602c5d44cba0e737761e93738e', '29', 'custNumber5', 1, 'PathRenderer', 'DetailRenderer');
INSERT INTO CNT_HISTORY_DEF_ITEM
 (ID, REVISION, ENTITY_VERSION, DOMAIN_ID, PARENT_ID, LINE_NO, FIELD_ID, TRACKING_LEVEL, PATH_RENDERER_CLASS, DETAIL_RENDERER_CLASS)
VALUES ('d31cbf7b90ca432aa8e4b2dfaf1aa59b', 0, 1, '/', 'cb55a2602c5d44cba0e737761e93738e', '30', 'custNumber6', 1, 'PathRenderer', 'DetailRenderer');
INSERT INTO CNT_HISTORY_DEF_ITEM
 (ID, REVISION, ENTITY_VERSION, DOMAIN_ID, PARENT_ID, LINE_NO, FIELD_ID, TRACKING_LEVEL, PATH_RENDERER_CLASS, DETAIL_RENDERER_CLASS)
VALUES ('6c495cffa7dc47f4a38bef31a758497e', 0, 1, '/', 'cb55a2602c5d44cba0e737761e93738e', '31', 'custNumber7', 1, 'PathRenderer', 'DetailRenderer');
INSERT INTO CNT_HISTORY_DEF_ITEM
 (ID, REVISION, ENTITY_VERSION, DOMAIN_ID, PARENT_ID, LINE_NO, FIELD_ID, TRACKING_LEVEL, PATH_RENDERER_CLASS, DETAIL_RENDERER_CLASS)
VALUES ('0f3843004fa341b4940669833d9ba740', 0, 1, '/', 'cb55a2602c5d44cba0e737761e93738e', '32', 'custDecimal1', 1, 'PathRenderer', 'DetailRenderer');
INSERT INTO CNT_HISTORY_DEF_ITEM
 (ID, REVISION, ENTITY_VERSION, DOMAIN_ID, PARENT_ID, LINE_NO, FIELD_ID, TRACKING_LEVEL, PATH_RENDERER_CLASS, DETAIL_RENDERER_CLASS)
VALUES ('54c56a901e7741ef84addcb4b9f2497a', 0, 1, '/', 'cb55a2602c5d44cba0e737761e93738e', '33', 'custDecimal2', 1, 'PathRenderer', 'DetailRenderer');
INSERT INTO CNT_HISTORY_DEF_ITEM
 (ID, REVISION, ENTITY_VERSION, DOMAIN_ID, PARENT_ID, LINE_NO, FIELD_ID, TRACKING_LEVEL, PATH_RENDERER_CLASS, DETAIL_RENDERER_CLASS)
VALUES ('7116fb60ba9141d8b297ee9df6e07199', 0, 1, '/', 'cb55a2602c5d44cba0e737761e93738e', '34', 'custDecimal3', 1, 'PathRenderer', 'DetailRenderer');
INSERT INTO CNT_HISTORY_DEF_ITEM
 (ID, REVISION, ENTITY_VERSION, DOMAIN_ID, PARENT_ID, LINE_NO, FIELD_ID, TRACKING_LEVEL, PATH_RENDERER_CLASS, DETAIL_RENDERER_CLASS)
VALUES ('58b4a387b0ad4aeda6ab06058829d13b', 0, 1, '/', 'cb55a2602c5d44cba0e737761e93738e', '35', 'custDecimal4', 1, 'PathRenderer', 'DetailRenderer');
INSERT INTO CNT_HISTORY_DEF_ITEM
 (ID, REVISION, ENTITY_VERSION, DOMAIN_ID, PARENT_ID, LINE_NO, FIELD_ID, TRACKING_LEVEL, PATH_RENDERER_CLASS, DETAIL_RENDERER_CLASS)
VALUES ('5ae94225dd4249e999a399c9c4bdda96', 0, 1, '/', 'cb55a2602c5d44cba0e737761e93738e', '36', 'custDecimal5', 1, 'PathRenderer', 'DetailRenderer');
INSERT INTO CNT_HISTORY_DEF_ITEM
 (ID, REVISION, ENTITY_VERSION, DOMAIN_ID, PARENT_ID, LINE_NO, FIELD_ID, TRACKING_LEVEL, PATH_RENDERER_CLASS, DETAIL_RENDERER_CLASS)
VALUES ('2842c140a17a49f68dfff6617407d0c5', 0, 1, '/', 'cb55a2602c5d44cba0e737761e93738e', '37', 'custDecimal6', 1, 'PathRenderer', 'DetailRenderer');
INSERT INTO CNT_HISTORY_DEF_ITEM
 (ID, REVISION, ENTITY_VERSION, DOMAIN_ID, PARENT_ID, LINE_NO, FIELD_ID, TRACKING_LEVEL, PATH_RENDERER_CLASS, DETAIL_RENDERER_CLASS)
VALUES ('7a174c784aab435ebdb1421bbf74550a', 0, 1, '/', 'cb55a2602c5d44cba0e737761e93738e', '38', 'custDecimal7', 1, 'PathRenderer', 'DetailRenderer');
INSERT INTO CNT_HISTORY_DEF_ITEM
 (ID, REVISION, ENTITY_VERSION, DOMAIN_ID, PARENT_ID, LINE_NO, FIELD_ID, TRACKING_LEVEL, PATH_RENDERER_CLASS, DETAIL_RENDERER_CLASS)
VALUES ('69554198e9b94a26954765b08326ac21', 0, 1, '/', 'cb55a2602c5d44cba0e737761e93738e', '39', 'custCodelist1', 1, 'PathRenderer', 'DetailRenderer');
INSERT INTO CNT_HISTORY_DEF_ITEM
 (ID, REVISION, ENTITY_VERSION, DOMAIN_ID, PARENT_ID, LINE_NO, FIELD_ID, TRACKING_LEVEL, PATH_RENDERER_CLASS, DETAIL_RENDERER_CLASS)
VALUES ('116b48f27ebf4dadb3204cdb2c7d4770', 0, 1, '/', 'cb55a2602c5d44cba0e737761e93738e', '40', 'custCodelist2', 1, 'PathRenderer', 'DetailRenderer');
INSERT INTO CNT_HISTORY_DEF_ITEM
 (ID, REVISION, ENTITY_VERSION, DOMAIN_ID, PARENT_ID, LINE_NO, FIELD_ID, TRACKING_LEVEL, PATH_RENDERER_CLASS, DETAIL_RENDERER_CLASS)
VALUES ('88831db38c194bc1a0ddc424dc7a9498', 0, 1, '/', 'cb55a2602c5d44cba0e737761e93738e', '41', 'custCodelist3', 1, 'PathRenderer', 'DetailRenderer');
INSERT INTO CNT_HISTORY_DEF_ITEM
 (ID, REVISION, ENTITY_VERSION, DOMAIN_ID, PARENT_ID, LINE_NO, FIELD_ID, TRACKING_LEVEL, PATH_RENDERER_CLASS, DETAIL_RENDERER_CLASS)
VALUES ('6951d4f18c1b4c8d88fdc84e2a1df3a8', 0, 1, '/', 'cb55a2602c5d44cba0e737761e93738e', '42', 'custCodelist4', 1, 'PathRenderer', 'DetailRenderer');
INSERT INTO CNT_HISTORY_DEF_ITEM
 (ID, REVISION, ENTITY_VERSION, DOMAIN_ID, PARENT_ID, LINE_NO, FIELD_ID, TRACKING_LEVEL, PATH_RENDERER_CLASS, DETAIL_RENDERER_CLASS)
VALUES ('1f7d00643a0640f09579598865ba56ed', 0, 1, '/', 'cb55a2602c5d44cba0e737761e93738e', '43', 'custCodelist5', 1, 'PathRenderer', 'DetailRenderer');
INSERT INTO CNT_HISTORY_DEF_ITEM
 (ID, REVISION, ENTITY_VERSION, DOMAIN_ID, PARENT_ID, LINE_NO, FIELD_ID, TRACKING_LEVEL, PATH_RENDERER_CLASS, DETAIL_RENDERER_CLASS)
VALUES ('6240680a496a48d8bcaac9295a9d2807', 0, 1, '/', 'cb55a2602c5d44cba0e737761e93738e', '44', 'custCodelist6', 1, 'PathRenderer', 'DetailRenderer');
INSERT INTO CNT_HISTORY_DEF_ITEM
 (ID, REVISION, ENTITY_VERSION, DOMAIN_ID, PARENT_ID, LINE_NO, FIELD_ID, TRACKING_LEVEL, PATH_RENDERER_CLASS, DETAIL_RENDERER_CLASS)
VALUES ('75c5fc4cb70a427ea52c2ca81ee8be11', 0, 1, '/', 'cb55a2602c5d44cba0e737761e93738e', '45', 'custCodelist7', 1, 'PathRenderer', 'DetailRenderer');
INSERT INTO CNT_HISTORY_DEF_ITEM
 (ID, REVISION, ENTITY_VERSION, DOMAIN_ID, PARENT_ID, LINE_NO, FIELD_ID, TRACKING_LEVEL, PATH_RENDERER_CLASS, DETAIL_RENDERER_CLASS)
VALUES ('7fb5d17ed24945fab7938c11c5c557bb', 0, 1, '/', 'cb55a2602c5d44cba0e737761e93738e', '46', 'custMemoText1', 1, 'PathRenderer', 'DetailRenderer');
INSERT INTO CNT_HISTORY_DEF_ITEM
 (ID, REVISION, ENTITY_VERSION, DOMAIN_ID, PARENT_ID, LINE_NO, FIELD_ID, TRACKING_LEVEL, PATH_RENDERER_CLASS, DETAIL_RENDERER_CLASS)
VALUES ('1a941d9fb70f4d08bfd52f493000eff1', 0, 1, '/', 'cb55a2602c5d44cba0e737761e93738e', '47', 'custMemoText2', 1, 'PathRenderer', 'DetailRenderer');
INSERT INTO CNT_HISTORY_DEF_ITEM
 (ID, REVISION, ENTITY_VERSION, DOMAIN_ID, PARENT_ID, LINE_NO, FIELD_ID, TRACKING_LEVEL, PATH_RENDERER_CLASS, DETAIL_RENDERER_CLASS)
VALUES ('90c581c30304487b9c2aa41595f1b5fd', 0, 1, '/', 'cb55a2602c5d44cba0e737761e93738e', '48', 'custMemoText3', 1, 'PathRenderer', 'DetailRenderer');
INSERT INTO CNT_HISTORY_DEF_ITEM
 (ID, REVISION, ENTITY_VERSION, DOMAIN_ID, PARENT_ID, LINE_NO, FIELD_ID, TRACKING_LEVEL, PATH_RENDERER_CLASS, DETAIL_RENDERER_CLASS)
VALUES ('178832c536834f5a8055a7c87311f4d4', 0, 1, '/', 'cb55a2602c5d44cba0e737761e93738e', '49', 'custMemoText4', 1, 'PathRenderer', 'DetailRenderer');
INSERT INTO CNT_HISTORY_DEF_ITEM
 (ID, REVISION, ENTITY_VERSION, DOMAIN_ID, PARENT_ID, LINE_NO, FIELD_ID, TRACKING_LEVEL, PATH_RENDERER_CLASS, DETAIL_RENDERER_CLASS)
VALUES ('f1aac6e674f5413bae62534f57437633', 0, 1, '/', 'cb55a2602c5d44cba0e737761e93738e', '50', 'custMemoText5', 1, 'PathRenderer', 'DetailRenderer');
INSERT INTO CNT_HISTORY_DEF_ITEM
 (ID, REVISION, ENTITY_VERSION, DOMAIN_ID, PARENT_ID, LINE_NO, FIELD_ID, TRACKING_LEVEL, PATH_RENDERER_CLASS, DETAIL_RENDERER_CLASS)
VALUES ('2bc7ac3ffb6b47d4ac57e52a4b240c76', 0, 1, '/', 'cb55a2602c5d44cba0e737761e93738e', '51', 'custMemoText6', 1, 'PathRenderer', 'DetailRenderer');
INSERT INTO CNT_HISTORY_DEF_ITEM
 (ID, REVISION, ENTITY_VERSION, DOMAIN_ID, PARENT_ID, LINE_NO, FIELD_ID, TRACKING_LEVEL, PATH_RENDERER_CLASS, DETAIL_RENDERER_CLASS)
VALUES ('7eb8169eba134145aa0d182e77be3d8b', 0, 1, '/', 'cb55a2602c5d44cba0e737761e93738e', '52', 'custMemoText7', 1, 'PathRenderer', 'DetailRenderer');
INSERT INTO CNT_HISTORY_DEF_ITEM
 (ID, REVISION, ENTITY_VERSION, DOMAIN_ID, PARENT_ID, LINE_NO, FIELD_ID, TRACKING_LEVEL, PATH_RENDERER_CLASS, DETAIL_RENDERER_CLASS)
VALUES ('32d82a51bc5a4ba18675dc463375f8e0', 0, 1, '/', 'cb55a2602c5d44cba0e737761e93738e', '53', 'custHcl1', 1, 'PathRenderer', 'DetailRenderer');
INSERT INTO CNT_HISTORY_DEF_ITEM
 (ID, REVISION, ENTITY_VERSION, DOMAIN_ID, PARENT_ID, LINE_NO, FIELD_ID, TRACKING_LEVEL, PATH_RENDERER_CLASS, DETAIL_RENDERER_CLASS)
VALUES ('f672dc47a3b341bcbd0dcbdd683a5c3f', 0, 1, '/', 'cb55a2602c5d44cba0e737761e93738e', '54', 'custHcl2', 1, 'PathRenderer', 'DetailRenderer');
INSERT INTO CNT_HISTORY_DEF_ITEM
 (ID, REVISION, ENTITY_VERSION, DOMAIN_ID, PARENT_ID, LINE_NO, FIELD_ID, TRACKING_LEVEL, PATH_RENDERER_CLASS, DETAIL_RENDERER_CLASS)
VALUES ('4ea7b2cadf54426b9211ed757f7d1c28', 0, 1, '/', 'cb55a2602c5d44cba0e737761e93738e', '55', 'custHcl3', 1, 'PathRenderer', 'DetailRenderer');
INSERT INTO CNT_HISTORY_DEF_ITEM
 (ID, REVISION, ENTITY_VERSION, DOMAIN_ID, PARENT_ID, LINE_NO, FIELD_ID, TRACKING_LEVEL, PATH_RENDERER_CLASS, DETAIL_RENDERER_CLASS)
VALUES ('46cdc78a79134ae3978ecd8f5f68fdda', 0, 1, '/', 'cb55a2602c5d44cba0e737761e93738e', '56', 'custHcl4', 1, 'PathRenderer', 'DetailRenderer');
INSERT INTO CNT_HISTORY_DEF_ITEM
 (ID, REVISION, ENTITY_VERSION, DOMAIN_ID, PARENT_ID, LINE_NO, FIELD_ID, TRACKING_LEVEL, PATH_RENDERER_CLASS, DETAIL_RENDERER_CLASS)
VALUES ('9e17e8bac31a48bab2b02bac38b7199f', 0, 1, '/', 'cb55a2602c5d44cba0e737761e93738e', '57', 'custHcl5', 1, 'PathRenderer', 'DetailRenderer');
INSERT INTO CNT_HISTORY_DEF_ITEM
 (ID, REVISION, ENTITY_VERSION, DOMAIN_ID, PARENT_ID, LINE_NO, FIELD_ID, TRACKING_LEVEL, PATH_RENDERER_CLASS, DETAIL_RENDERER_CLASS)
VALUES ('4fd9b194fa05411bad287adacd8d689e', 0, 1, '/', 'cb55a2602c5d44cba0e737761e93738e', '58', 'fileRef', 0, 'PathRenderer', 'DetailRenderer');
INSERT INTO CNT_HISTORY_DEF_ITEM
 (ID, REVISION, ENTITY_VERSION, DOMAIN_ID, PARENT_ID, LINE_NO, FIELD_ID, TRACKING_LEVEL, PATH_RENDERER_CLASS, DETAIL_RENDERER_CLASS)
VALUES ('750ee381e4fb4069b03987fe5e73dee3', 0, 1, '/', 'cb55a2602c5d44cba0e737761e93738e', '59', 'fileVer', 0, 'PathRenderer', 'DetailRenderer');
INSERT INTO CNT_HISTORY_DEF_ITEM
 (ID, REVISION, ENTITY_VERSION, DOMAIN_ID, PARENT_ID, LINE_NO, FIELD_ID, TRACKING_LEVEL, PATH_RENDERER_CLASS, DETAIL_RENDERER_CLASS)
VALUES ('305988ac6e814f2ab60ac0fba1e36353', 0, 1, '/', 'cb55a2602c5d44cba0e737761e93738e', '60', 'fileRef2', 0, 'PathRenderer', 'DetailRenderer');
INSERT INTO CNT_HISTORY_DEF_ITEM
 (ID, REVISION, ENTITY_VERSION, DOMAIN_ID, PARENT_ID, LINE_NO, FIELD_ID, TRACKING_LEVEL, PATH_RENDERER_CLASS, DETAIL_RENDERER_CLASS)
VALUES ('bebc52cf8e8d400480d766ce73c699a6', 0, 1, '/', 'cb55a2602c5d44cba0e737761e93738e', '61', 'attachTypeIdValue', 0, 'PathRenderer', 'DetailRenderer');
INSERT INTO CNT_HISTORY_DEF_ITEM
 (ID, REVISION, ENTITY_VERSION, DOMAIN_ID, PARENT_ID, LINE_NO, FIELD_ID, TRACKING_LEVEL, PATH_RENDERER_CLASS, DETAIL_RENDERER_CLASS)
VALUES ('1244e3e28d4d4cbc89ac5c26cfc92166', 0, 1, '/', 'cb55a2602c5d44cba0e737761e93738e', '62', 'custCodelist1Name', 0, 'PathRenderer', 'DetailRenderer');
INSERT INTO CNT_HISTORY_DEF_ITEM
 (ID, REVISION, ENTITY_VERSION, DOMAIN_ID, PARENT_ID, LINE_NO, FIELD_ID, TRACKING_LEVEL, PATH_RENDERER_CLASS, DETAIL_RENDERER_CLASS)
VALUES ('bb30338e171a4f52bfdebd5ca55a8c30', 0, 1, '/', 'cb55a2602c5d44cba0e737761e93738e', '63', 'custCodelist2Name', 0, 'PathRenderer', 'DetailRenderer');
INSERT INTO CNT_HISTORY_DEF_ITEM
 (ID, REVISION, ENTITY_VERSION, DOMAIN_ID, PARENT_ID, LINE_NO, FIELD_ID, TRACKING_LEVEL, PATH_RENDERER_CLASS, DETAIL_RENDERER_CLASS)
VALUES ('a23c9f1ee9c44468b2c188f14a71cd21', 0, 1, '/', 'cb55a2602c5d44cba0e737761e93738e', '64', 'custCodelist3Name', 0, 'PathRenderer', 'DetailRenderer');
INSERT INTO CNT_HISTORY_DEF_ITEM
 (ID, REVISION, ENTITY_VERSION, DOMAIN_ID, PARENT_ID, LINE_NO, FIELD_ID, TRACKING_LEVEL, PATH_RENDERER_CLASS, DETAIL_RENDERER_CLASS)
VALUES ('5527a93f4cd2445a87086e4f14a052cb', 0, 1, '/', 'cb55a2602c5d44cba0e737761e93738e', '65', 'custCodelist4Name', 0, 'PathRenderer', 'DetailRenderer');
INSERT INTO CNT_HISTORY_DEF_ITEM
 (ID, REVISION, ENTITY_VERSION, DOMAIN_ID, PARENT_ID, LINE_NO, FIELD_ID, TRACKING_LEVEL, PATH_RENDERER_CLASS, DETAIL_RENDERER_CLASS)
VALUES ('44b5665e461345339b73176fabbc53bc', 0, 1, '/', 'cb55a2602c5d44cba0e737761e93738e', '66', 'custCodelist5Name', 0, 'PathRenderer', 'DetailRenderer');
INSERT INTO CNT_HISTORY_DEF_ITEM
 (ID, REVISION, ENTITY_VERSION, DOMAIN_ID, PARENT_ID, LINE_NO, FIELD_ID, TRACKING_LEVEL, PATH_RENDERER_CLASS, DETAIL_RENDERER_CLASS)
VALUES ('8ad1840bc68149cf87eaea3d254fb6e8', 0, 1, '/', 'cb55a2602c5d44cba0e737761e93738e', '67', 'custCodelist6Name', 0, 'PathRenderer', 'DetailRenderer');
INSERT INTO CNT_HISTORY_DEF_ITEM
 (ID, REVISION, ENTITY_VERSION, DOMAIN_ID, PARENT_ID, LINE_NO, FIELD_ID, TRACKING_LEVEL, PATH_RENDERER_CLASS, DETAIL_RENDERER_CLASS)
VALUES ('78d7d995e912420c92eab165db4106cf', 0, 1, '/', 'cb55a2602c5d44cba0e737761e93738e', '68', 'custCodelist7Name', 0, 'PathRenderer', 'DetailRenderer');
INSERT INTO CNT_HISTORY_DEF_ITEM
 (ID, REVISION, ENTITY_VERSION, DOMAIN_ID, PARENT_ID, LINE_NO, FIELD_ID, TRACKING_LEVEL, PATH_RENDERER_CLASS, DETAIL_RENDERER_CLASS)
VALUES ('c2dead4121874614a19d42c29382611b', 0, 1, '/', 'cb55a2602c5d44cba0e737761e93738e', '69', 'custHcl1Ref', 0, 'PathRenderer', 'DetailRenderer');
INSERT INTO CNT_HISTORY_DEF_ITEM
 (ID, REVISION, ENTITY_VERSION, DOMAIN_ID, PARENT_ID, LINE_NO, FIELD_ID, TRACKING_LEVEL, PATH_RENDERER_CLASS, DETAIL_RENDERER_CLASS)
VALUES ('4961b1f61d0d4d45b7023b146d37c4c9', 0, 1, '/', 'cb55a2602c5d44cba0e737761e93738e', '70', 'custHcl1Ver', 0, 'PathRenderer', 'DetailRenderer');
INSERT INTO CNT_HISTORY_DEF_ITEM
 (ID, REVISION, ENTITY_VERSION, DOMAIN_ID, PARENT_ID, LINE_NO, FIELD_ID, TRACKING_LEVEL, PATH_RENDERER_CLASS, DETAIL_RENDERER_CLASS)
VALUES ('02fa9ed521e845528f7ce47eb41e5d7d', 0, 1, '/', 'cb55a2602c5d44cba0e737761e93738e', '71', 'custHcl1Ref2', 0, 'PathRenderer', 'DetailRenderer');
INSERT INTO CNT_HISTORY_DEF_ITEM
 (ID, REVISION, ENTITY_VERSION, DOMAIN_ID, PARENT_ID, LINE_NO, FIELD_ID, TRACKING_LEVEL, PATH_RENDERER_CLASS, DETAIL_RENDERER_CLASS)
VALUES ('57a0ca90471f4262a9e4a1870be15fb9', 0, 1, '/', 'cb55a2602c5d44cba0e737761e93738e', '72', 'custHcl1FullLineage', 0, 'PathRenderer', 'DetailRenderer');
INSERT INTO CNT_HISTORY_DEF_ITEM
 (ID, REVISION, ENTITY_VERSION, DOMAIN_ID, PARENT_ID, LINE_NO, FIELD_ID, TRACKING_LEVEL, PATH_RENDERER_CLASS, DETAIL_RENDERER_CLASS)
VALUES ('0a6c51d7611b43818e8dd25c17bb72bd', 0, 1, '/', 'cb55a2602c5d44cba0e737761e93738e', '73', 'custHcl2Ref', 0, 'PathRenderer', 'DetailRenderer');
INSERT INTO CNT_HISTORY_DEF_ITEM
 (ID, REVISION, ENTITY_VERSION, DOMAIN_ID, PARENT_ID, LINE_NO, FIELD_ID, TRACKING_LEVEL, PATH_RENDERER_CLASS, DETAIL_RENDERER_CLASS)
VALUES ('8f057ed86d0c4af1aab04376e06df43a', 0, 1, '/', 'cb55a2602c5d44cba0e737761e93738e', '74', 'custHcl2Ver', 0, 'PathRenderer', 'DetailRenderer');
INSERT INTO CNT_HISTORY_DEF_ITEM
 (ID, REVISION, ENTITY_VERSION, DOMAIN_ID, PARENT_ID, LINE_NO, FIELD_ID, TRACKING_LEVEL, PATH_RENDERER_CLASS, DETAIL_RENDERER_CLASS)
VALUES ('4bdffd8ec600417fb3e2ee0b0a2a2524', 0, 1, '/', 'cb55a2602c5d44cba0e737761e93738e', '75', 'custHcl2Ref2', 0, 'PathRenderer', 'DetailRenderer');
INSERT INTO CNT_HISTORY_DEF_ITEM
 (ID, REVISION, ENTITY_VERSION, DOMAIN_ID, PARENT_ID, LINE_NO, FIELD_ID, TRACKING_LEVEL, PATH_RENDERER_CLASS, DETAIL_RENDERER_CLASS)
VALUES ('f4cbf812181c435aadca4ed532c2fc58', 0, 1, '/', 'cb55a2602c5d44cba0e737761e93738e', '76', 'custHcl2FullLineage', 0, 'PathRenderer', 'DetailRenderer');
INSERT INTO CNT_HISTORY_DEF_ITEM
 (ID, REVISION, ENTITY_VERSION, DOMAIN_ID, PARENT_ID, LINE_NO, FIELD_ID, TRACKING_LEVEL, PATH_RENDERER_CLASS, DETAIL_RENDERER_CLASS)
VALUES ('99d716d6d8004763b3a6354b0cea9762', 0, 1, '/', 'cb55a2602c5d44cba0e737761e93738e', '77', 'custHcl3Ref', 0, 'PathRenderer', 'DetailRenderer');
INSERT INTO CNT_HISTORY_DEF_ITEM
 (ID, REVISION, ENTITY_VERSION, DOMAIN_ID, PARENT_ID, LINE_NO, FIELD_ID, TRACKING_LEVEL, PATH_RENDERER_CLASS, DETAIL_RENDERER_CLASS)
VALUES ('6bbe51f45438439199cf6be0cfb864da', 0, 1, '/', 'cb55a2602c5d44cba0e737761e93738e', '78', 'custHcl3Ver', 0, 'PathRenderer', 'DetailRenderer');
INSERT INTO CNT_HISTORY_DEF_ITEM
 (ID, REVISION, ENTITY_VERSION, DOMAIN_ID, PARENT_ID, LINE_NO, FIELD_ID, TRACKING_LEVEL, PATH_RENDERER_CLASS, DETAIL_RENDERER_CLASS)
VALUES ('af6c0204b46743909308ed3f256521e0', 0, 1, '/', 'cb55a2602c5d44cba0e737761e93738e', '79', 'custHcl3Ref2', 0, 'PathRenderer', 'DetailRenderer');
INSERT INTO CNT_HISTORY_DEF_ITEM
 (ID, REVISION, ENTITY_VERSION, DOMAIN_ID, PARENT_ID, LINE_NO, FIELD_ID, TRACKING_LEVEL, PATH_RENDERER_CLASS, DETAIL_RENDERER_CLASS)
VALUES ('4c9f16d99cbe46efa1b9cc7856f4c127', 0, 1, '/', 'cb55a2602c5d44cba0e737761e93738e', '80', 'custHcl3FullLineage', 0, 'PathRenderer', 'DetailRenderer');
INSERT INTO CNT_HISTORY_DEF_ITEM
 (ID, REVISION, ENTITY_VERSION, DOMAIN_ID, PARENT_ID, LINE_NO, FIELD_ID, TRACKING_LEVEL, PATH_RENDERER_CLASS, DETAIL_RENDERER_CLASS)
VALUES ('fb7341e4b57944aa93fa854cbdfab22c', 0, 1, '/', 'cb55a2602c5d44cba0e737761e93738e', '81', 'custHcl4Ref', 0, 'PathRenderer', 'DetailRenderer');
INSERT INTO CNT_HISTORY_DEF_ITEM
 (ID, REVISION, ENTITY_VERSION, DOMAIN_ID, PARENT_ID, LINE_NO, FIELD_ID, TRACKING_LEVEL, PATH_RENDERER_CLASS, DETAIL_RENDERER_CLASS)
VALUES ('2e9746ce3719498dabee02070bb73d57', 0, 1, '/', 'cb55a2602c5d44cba0e737761e93738e', '82', 'custHcl4Ver', 0, 'PathRenderer', 'DetailRenderer');
INSERT INTO CNT_HISTORY_DEF_ITEM
 (ID, REVISION, ENTITY_VERSION, DOMAIN_ID, PARENT_ID, LINE_NO, FIELD_ID, TRACKING_LEVEL, PATH_RENDERER_CLASS, DETAIL_RENDERER_CLASS)
VALUES ('d0cd80ad94f94cd0b24ea2e39083ca7c', 0, 1, '/', 'cb55a2602c5d44cba0e737761e93738e', '83', 'custHcl4Ref2', 0, 'PathRenderer', 'DetailRenderer');
INSERT INTO CNT_HISTORY_DEF_ITEM
 (ID, REVISION, ENTITY_VERSION, DOMAIN_ID, PARENT_ID, LINE_NO, FIELD_ID, TRACKING_LEVEL, PATH_RENDERER_CLASS, DETAIL_RENDERER_CLASS)
VALUES ('7dd6a2d1484646ed9791c66e961193bd', 0, 1, '/', 'cb55a2602c5d44cba0e737761e93738e', '84', 'custHcl4FullLineage', 0, 'PathRenderer', 'DetailRenderer');
INSERT INTO CNT_HISTORY_DEF_ITEM
 (ID, REVISION, ENTITY_VERSION, DOMAIN_ID, PARENT_ID, LINE_NO, FIELD_ID, TRACKING_LEVEL, PATH_RENDERER_CLASS, DETAIL_RENDERER_CLASS)
VALUES ('076299fc276c4b6cbce6f44eb5a8589d', 0, 1, '/', 'cb55a2602c5d44cba0e737761e93738e', '85', 'custHcl5Ref', 0, 'PathRenderer', 'DetailRenderer');
INSERT INTO CNT_HISTORY_DEF_ITEM
 (ID, REVISION, ENTITY_VERSION, DOMAIN_ID, PARENT_ID, LINE_NO, FIELD_ID, TRACKING_LEVEL, PATH_RENDERER_CLASS, DETAIL_RENDERER_CLASS)
VALUES ('89ee7b9019754379948ddcbf5a46efea', 0, 1, '/', 'cb55a2602c5d44cba0e737761e93738e', '86', 'custHcl5Ver', 0, 'PathRenderer', 'DetailRenderer');
INSERT INTO CNT_HISTORY_DEF_ITEM
 (ID, REVISION, ENTITY_VERSION, DOMAIN_ID, PARENT_ID, LINE_NO, FIELD_ID, TRACKING_LEVEL, PATH_RENDERER_CLASS, DETAIL_RENDERER_CLASS)
VALUES ('5207e24f21c74506ab6ddc1581445123', 0, 1, '/', 'cb55a2602c5d44cba0e737761e93738e', '87', 'custHcl5Ref2', 0, 'PathRenderer', 'DetailRenderer');
INSERT INTO CNT_HISTORY_DEF_ITEM
 (ID, REVISION, ENTITY_VERSION, DOMAIN_ID, PARENT_ID, LINE_NO, FIELD_ID, TRACKING_LEVEL, PATH_RENDERER_CLASS, DETAIL_RENDERER_CLASS)
VALUES ('bf0c81f6ef19459a88ca4a1a8509482c', 0, 1, '/', 'cb55a2602c5d44cba0e737761e93738e', '88', 'custHcl5FullLineage', 0, 'PathRenderer', 'DetailRenderer');
INSERT INTO CNT_HISTORY_DEF
 (ID, REVISION, APPLY_ENTITY, ENTITY_VERSION, DOMAIN_ID , GENERATED, CREATE_USER, CREATE_USER_NAME, CREATED_ON)
VALUES ('9e1a9484813e4ca7a6fc0d10c78ee6cb', 0, 'CustImage', 1, '/', 1, 'system', 'system', systimestamp);
INSERT INTO CNT_HISTORY_DEF_ITEM
 (ID, REVISION, ENTITY_VERSION, DOMAIN_ID, PARENT_ID, LINE_NO, FIELD_ID, TRACKING_LEVEL, PATH_RENDERER_CLASS, DETAIL_RENDERER_CLASS)
VALUES ('7664e2449ffc4e16a7d19542be2d597c', 0, 1, '/', '9e1a9484813e4ca7a6fc0d10c78ee6cb', '0', 'id', 1, 'PathRenderer', 'DetailRenderer');
INSERT INTO CNT_HISTORY_DEF_ITEM
 (ID, REVISION, ENTITY_VERSION, DOMAIN_ID, PARENT_ID, LINE_NO, FIELD_ID, TRACKING_LEVEL, PATH_RENDERER_CLASS, DETAIL_RENDERER_CLASS)
VALUES ('696c91185fd44bc3aef6fde78e026b30', 0, 1, '/', '9e1a9484813e4ca7a6fc0d10c78ee6cb', '1', 'revision', 1, 'PathRenderer', 'DetailRenderer');
INSERT INTO CNT_HISTORY_DEF_ITEM
 (ID, REVISION, ENTITY_VERSION, DOMAIN_ID, PARENT_ID, LINE_NO, FIELD_ID, TRACKING_LEVEL, PATH_RENDERER_CLASS, DETAIL_RENDERER_CLASS)
VALUES ('a1d823cfc26b4850921dba2327e61567', 0, 1, '/', '9e1a9484813e4ca7a6fc0d10c78ee6cb', '2', 'entityVersion', 1, 'PathRenderer', 'DetailRenderer');
INSERT INTO CNT_HISTORY_DEF_ITEM
 (ID, REVISION, ENTITY_VERSION, DOMAIN_ID, PARENT_ID, LINE_NO, FIELD_ID, TRACKING_LEVEL, PATH_RENDERER_CLASS, DETAIL_RENDERER_CLASS)
VALUES ('81221618f87949998ba42225249596da', 0, 1, '/', '9e1a9484813e4ca7a6fc0d10c78ee6cb', '3', 'domainId', 1, 'PathRenderer', 'DetailRenderer');
INSERT INTO CNT_HISTORY_DEF_ITEM
 (ID, REVISION, ENTITY_VERSION, DOMAIN_ID, PARENT_ID, LINE_NO, FIELD_ID, TRACKING_LEVEL, PATH_RENDERER_CLASS, DETAIL_RENDERER_CLASS)
VALUES ('94838d84fe12471db25cec10e69184d7', 0, 1, '/', '9e1a9484813e4ca7a6fc0d10c78ee6cb', '4', 'hubDomainId', 1, 'PathRenderer', 'DetailRenderer');
INSERT INTO CNT_HISTORY_DEF_ITEM
 (ID, REVISION, ENTITY_VERSION, DOMAIN_ID, PARENT_ID, LINE_NO, FIELD_ID, TRACKING_LEVEL, PATH_RENDERER_CLASS, DETAIL_RENDERER_CLASS)
VALUES ('63f8c6b42c9c42c0bc31ee907097ff44', 0, 1, '/', '9e1a9484813e4ca7a6fc0d10c78ee6cb', '5', 'isForReference', 1, 'PathRenderer', 'DetailRenderer');
INSERT INTO CNT_HISTORY_DEF_ITEM
 (ID, REVISION, ENTITY_VERSION, DOMAIN_ID, PARENT_ID, LINE_NO, FIELD_ID, TRACKING_LEVEL, PATH_RENDERER_CLASS, DETAIL_RENDERER_CLASS)
VALUES ('dcae91c9bd454237a1f4435fac6791c8', 0, 1, '/', '9e1a9484813e4ca7a6fc0d10c78ee6cb', '6', 'internalSeqNo', 1, 'PathRenderer', 'DetailRenderer');
INSERT INTO CNT_HISTORY_DEF_ITEM
 (ID, REVISION, ENTITY_VERSION, DOMAIN_ID, PARENT_ID, LINE_NO, FIELD_ID, TRACKING_LEVEL, PATH_RENDERER_CLASS, DETAIL_RENDERER_CLASS)
VALUES ('82ae62e5647b4c1f83fe26c48fe921e9', 0, 1, '/', '9e1a9484813e4ca7a6fc0d10c78ee6cb', '7', 'custId', 1, 'PathRenderer', 'DetailRenderer');
INSERT INTO CNT_HISTORY_DEF_ITEM
 (ID, REVISION, ENTITY_VERSION, DOMAIN_ID, PARENT_ID, LINE_NO, FIELD_ID, TRACKING_LEVEL, PATH_RENDERER_CLASS, DETAIL_RENDERER_CLASS)
VALUES ('9529d14097ff4199a5d4a1b0a2331408', 0, 1, '/', '9e1a9484813e4ca7a6fc0d10c78ee6cb', '8', 'description', 1, 'PathRenderer', 'DetailRenderer');
INSERT INTO CNT_HISTORY_DEF_ITEM
 (ID, REVISION, ENTITY_VERSION, DOMAIN_ID, PARENT_ID, LINE_NO, FIELD_ID, TRACKING_LEVEL, PATH_RENDERER_CLASS, DETAIL_RENDERER_CLASS)
VALUES ('b24f3638596a4aa08dab321288dd24b0', 0, 1, '/', '9e1a9484813e4ca7a6fc0d10c78ee6cb', '9', 'fileId', 1, 'PathRenderer', 'DetailRenderer');
INSERT INTO CNT_HISTORY_DEF_ITEM
 (ID, REVISION, ENTITY_VERSION, DOMAIN_ID, PARENT_ID, LINE_NO, FIELD_ID, TRACKING_LEVEL, PATH_RENDERER_CLASS, DETAIL_RENDERER_CLASS)
VALUES ('76e03a707c8b448aa533f165c07d880c', 0, 1, '/', '9e1a9484813e4ca7a6fc0d10c78ee6cb', '10', 'imageTypeId', 1, 'PathRenderer', 'SelectionDetailRenderer');
INSERT INTO CNT_HISTORY_DEF_ITEM
 (ID, REVISION, ENTITY_VERSION, DOMAIN_ID, PARENT_ID, LINE_NO, FIELD_ID, TRACKING_LEVEL, PATH_RENDERER_CLASS, DETAIL_RENDERER_CLASS)
VALUES ('7f03469f72574336a111bb69d8bfd10f', 0, 1, '/', '9e1a9484813e4ca7a6fc0d10c78ee6cb', '11', 'custText1', 1, 'PathRenderer', 'DetailRenderer');
INSERT INTO CNT_HISTORY_DEF_ITEM
 (ID, REVISION, ENTITY_VERSION, DOMAIN_ID, PARENT_ID, LINE_NO, FIELD_ID, TRACKING_LEVEL, PATH_RENDERER_CLASS, DETAIL_RENDERER_CLASS)
VALUES ('454ad880ce3845f59626f43722b40f3b', 0, 1, '/', '9e1a9484813e4ca7a6fc0d10c78ee6cb', '12', 'custText2', 1, 'PathRenderer', 'DetailRenderer');
INSERT INTO CNT_HISTORY_DEF_ITEM
 (ID, REVISION, ENTITY_VERSION, DOMAIN_ID, PARENT_ID, LINE_NO, FIELD_ID, TRACKING_LEVEL, PATH_RENDERER_CLASS, DETAIL_RENDERER_CLASS)
VALUES ('a3bff7eb041d430e8ceb96b8ab2ab796', 0, 1, '/', '9e1a9484813e4ca7a6fc0d10c78ee6cb', '13', 'custText3', 1, 'PathRenderer', 'DetailRenderer');
INSERT INTO CNT_HISTORY_DEF_ITEM
 (ID, REVISION, ENTITY_VERSION, DOMAIN_ID, PARENT_ID, LINE_NO, FIELD_ID, TRACKING_LEVEL, PATH_RENDERER_CLASS, DETAIL_RENDERER_CLASS)
VALUES ('5127702f1d2e49bd8cf54e6094aaaac5', 0, 1, '/', '9e1a9484813e4ca7a6fc0d10c78ee6cb', '14', 'custText4', 1, 'PathRenderer', 'DetailRenderer');
INSERT INTO CNT_HISTORY_DEF_ITEM
 (ID, REVISION, ENTITY_VERSION, DOMAIN_ID, PARENT_ID, LINE_NO, FIELD_ID, TRACKING_LEVEL, PATH_RENDERER_CLASS, DETAIL_RENDERER_CLASS)
VALUES ('5d3a44bb81af46d08e784365550ef74f', 0, 1, '/', '9e1a9484813e4ca7a6fc0d10c78ee6cb', '15', 'custText5', 1, 'PathRenderer', 'DetailRenderer');
INSERT INTO CNT_HISTORY_DEF_ITEM
 (ID, REVISION, ENTITY_VERSION, DOMAIN_ID, PARENT_ID, LINE_NO, FIELD_ID, TRACKING_LEVEL, PATH_RENDERER_CLASS, DETAIL_RENDERER_CLASS)
VALUES ('94541fa30e9948c2aacb9863c247ddb4', 0, 1, '/', '9e1a9484813e4ca7a6fc0d10c78ee6cb', '16', 'custText6', 1, 'PathRenderer', 'DetailRenderer');
INSERT INTO CNT_HISTORY_DEF_ITEM
 (ID, REVISION, ENTITY_VERSION, DOMAIN_ID, PARENT_ID, LINE_NO, FIELD_ID, TRACKING_LEVEL, PATH_RENDERER_CLASS, DETAIL_RENDERER_CLASS)
VALUES ('b5e8b0a415f14319826eb68758a1ab93', 0, 1, '/', '9e1a9484813e4ca7a6fc0d10c78ee6cb', '17', 'custText7', 1, 'PathRenderer', 'DetailRenderer');
INSERT INTO CNT_HISTORY_DEF_ITEM
 (ID, REVISION, ENTITY_VERSION, DOMAIN_ID, PARENT_ID, LINE_NO, FIELD_ID, TRACKING_LEVEL, PATH_RENDERER_CLASS, DETAIL_RENDERER_CLASS)
VALUES ('cb4aeabde57a45038dab903a292ecbb9', 0, 1, '/', '9e1a9484813e4ca7a6fc0d10c78ee6cb', '18', 'custDate1', 1, 'PathRenderer', 'DetailRenderer');
INSERT INTO CNT_HISTORY_DEF_ITEM
 (ID, REVISION, ENTITY_VERSION, DOMAIN_ID, PARENT_ID, LINE_NO, FIELD_ID, TRACKING_LEVEL, PATH_RENDERER_CLASS, DETAIL_RENDERER_CLASS)
VALUES ('e13c4a26180e4fbcb47464c164553c2b', 0, 1, '/', '9e1a9484813e4ca7a6fc0d10c78ee6cb', '19', 'custDate2', 1, 'PathRenderer', 'DetailRenderer');
INSERT INTO CNT_HISTORY_DEF_ITEM
 (ID, REVISION, ENTITY_VERSION, DOMAIN_ID, PARENT_ID, LINE_NO, FIELD_ID, TRACKING_LEVEL, PATH_RENDERER_CLASS, DETAIL_RENDERER_CLASS)
VALUES ('2b128e1b950c4f9695e46b4f0faa3fdd', 0, 1, '/', '9e1a9484813e4ca7a6fc0d10c78ee6cb', '20', 'custDate3', 1, 'PathRenderer', 'DetailRenderer');
INSERT INTO CNT_HISTORY_DEF_ITEM
 (ID, REVISION, ENTITY_VERSION, DOMAIN_ID, PARENT_ID, LINE_NO, FIELD_ID, TRACKING_LEVEL, PATH_RENDERER_CLASS, DETAIL_RENDERER_CLASS)
VALUES ('c74ff84540324780a32905971518462b', 0, 1, '/', '9e1a9484813e4ca7a6fc0d10c78ee6cb', '21', 'custDate4', 1, 'PathRenderer', 'DetailRenderer');
INSERT INTO CNT_HISTORY_DEF_ITEM
 (ID, REVISION, ENTITY_VERSION, DOMAIN_ID, PARENT_ID, LINE_NO, FIELD_ID, TRACKING_LEVEL, PATH_RENDERER_CLASS, DETAIL_RENDERER_CLASS)
VALUES ('c174cd8bb74f4313a49842b3644d4128', 0, 1, '/', '9e1a9484813e4ca7a6fc0d10c78ee6cb', '22', 'custDate5', 1, 'PathRenderer', 'DetailRenderer');
INSERT INTO CNT_HISTORY_DEF_ITEM
 (ID, REVISION, ENTITY_VERSION, DOMAIN_ID, PARENT_ID, LINE_NO, FIELD_ID, TRACKING_LEVEL, PATH_RENDERER_CLASS, DETAIL_RENDERER_CLASS)
VALUES ('d6f641fa1eb241b7be1480a92e6ff245', 0, 1, '/', '9e1a9484813e4ca7a6fc0d10c78ee6cb', '23', 'custDate6', 1, 'PathRenderer', 'DetailRenderer');
INSERT INTO CNT_HISTORY_DEF_ITEM
 (ID, REVISION, ENTITY_VERSION, DOMAIN_ID, PARENT_ID, LINE_NO, FIELD_ID, TRACKING_LEVEL, PATH_RENDERER_CLASS, DETAIL_RENDERER_CLASS)
VALUES ('359c85e9731545728fc61a9cd65ac15e', 0, 1, '/', '9e1a9484813e4ca7a6fc0d10c78ee6cb', '24', 'custDate7', 1, 'PathRenderer', 'DetailRenderer');
INSERT INTO CNT_HISTORY_DEF_ITEM
 (ID, REVISION, ENTITY_VERSION, DOMAIN_ID, PARENT_ID, LINE_NO, FIELD_ID, TRACKING_LEVEL, PATH_RENDERER_CLASS, DETAIL_RENDERER_CLASS)
VALUES ('965c09c3cfed493ca801a9d271c72f81', 0, 1, '/', '9e1a9484813e4ca7a6fc0d10c78ee6cb', '25', 'custNumber1', 1, 'PathRenderer', 'DetailRenderer');
INSERT INTO CNT_HISTORY_DEF_ITEM
 (ID, REVISION, ENTITY_VERSION, DOMAIN_ID, PARENT_ID, LINE_NO, FIELD_ID, TRACKING_LEVEL, PATH_RENDERER_CLASS, DETAIL_RENDERER_CLASS)
VALUES ('c8b7e37b846a47cda7fd138fb1cd14cf', 0, 1, '/', '9e1a9484813e4ca7a6fc0d10c78ee6cb', '26', 'custNumber2', 1, 'PathRenderer', 'DetailRenderer');
INSERT INTO CNT_HISTORY_DEF_ITEM
 (ID, REVISION, ENTITY_VERSION, DOMAIN_ID, PARENT_ID, LINE_NO, FIELD_ID, TRACKING_LEVEL, PATH_RENDERER_CLASS, DETAIL_RENDERER_CLASS)
VALUES ('88af6eb070df44fd805a188e0cc8bb2d', 0, 1, '/', '9e1a9484813e4ca7a6fc0d10c78ee6cb', '27', 'custNumber3', 1, 'PathRenderer', 'DetailRenderer');
INSERT INTO CNT_HISTORY_DEF_ITEM
 (ID, REVISION, ENTITY_VERSION, DOMAIN_ID, PARENT_ID, LINE_NO, FIELD_ID, TRACKING_LEVEL, PATH_RENDERER_CLASS, DETAIL_RENDERER_CLASS)
VALUES ('275d7c3d88fb448ea4ed74ebfa313dd1', 0, 1, '/', '9e1a9484813e4ca7a6fc0d10c78ee6cb', '28', 'custNumber4', 1, 'PathRenderer', 'DetailRenderer');
INSERT INTO CNT_HISTORY_DEF_ITEM
 (ID, REVISION, ENTITY_VERSION, DOMAIN_ID, PARENT_ID, LINE_NO, FIELD_ID, TRACKING_LEVEL, PATH_RENDERER_CLASS, DETAIL_RENDERER_CLASS)
VALUES ('2b724f08440f4b7798a257697e55cc60', 0, 1, '/', '9e1a9484813e4ca7a6fc0d10c78ee6cb', '29', 'custNumber5', 1, 'PathRenderer', 'DetailRenderer');
INSERT INTO CNT_HISTORY_DEF_ITEM
 (ID, REVISION, ENTITY_VERSION, DOMAIN_ID, PARENT_ID, LINE_NO, FIELD_ID, TRACKING_LEVEL, PATH_RENDERER_CLASS, DETAIL_RENDERER_CLASS)
VALUES ('79fc1e3507214da3aee27032f5b015d2', 0, 1, '/', '9e1a9484813e4ca7a6fc0d10c78ee6cb', '30', 'custNumber6', 1, 'PathRenderer', 'DetailRenderer');
INSERT INTO CNT_HISTORY_DEF_ITEM
 (ID, REVISION, ENTITY_VERSION, DOMAIN_ID, PARENT_ID, LINE_NO, FIELD_ID, TRACKING_LEVEL, PATH_RENDERER_CLASS, DETAIL_RENDERER_CLASS)
VALUES ('a98fc8265367419e85d10ccbf7ec314a', 0, 1, '/', '9e1a9484813e4ca7a6fc0d10c78ee6cb', '31', 'custNumber7', 1, 'PathRenderer', 'DetailRenderer');
INSERT INTO CNT_HISTORY_DEF_ITEM
 (ID, REVISION, ENTITY_VERSION, DOMAIN_ID, PARENT_ID, LINE_NO, FIELD_ID, TRACKING_LEVEL, PATH_RENDERER_CLASS, DETAIL_RENDERER_CLASS)
VALUES ('cfe7fd61576e42c7837db847583e1e40', 0, 1, '/', '9e1a9484813e4ca7a6fc0d10c78ee6cb', '32', 'custDecimal1', 1, 'PathRenderer', 'DetailRenderer');
INSERT INTO CNT_HISTORY_DEF_ITEM
 (ID, REVISION, ENTITY_VERSION, DOMAIN_ID, PARENT_ID, LINE_NO, FIELD_ID, TRACKING_LEVEL, PATH_RENDERER_CLASS, DETAIL_RENDERER_CLASS)
VALUES ('35f7cacfd6744fdb8f39cd13cdb69254', 0, 1, '/', '9e1a9484813e4ca7a6fc0d10c78ee6cb', '33', 'custDecimal2', 1, 'PathRenderer', 'DetailRenderer');
INSERT INTO CNT_HISTORY_DEF_ITEM
 (ID, REVISION, ENTITY_VERSION, DOMAIN_ID, PARENT_ID, LINE_NO, FIELD_ID, TRACKING_LEVEL, PATH_RENDERER_CLASS, DETAIL_RENDERER_CLASS)
VALUES ('b1c44d257e8244b397cfe87c74868b19', 0, 1, '/', '9e1a9484813e4ca7a6fc0d10c78ee6cb', '34', 'custDecimal3', 1, 'PathRenderer', 'DetailRenderer');
INSERT INTO CNT_HISTORY_DEF_ITEM
 (ID, REVISION, ENTITY_VERSION, DOMAIN_ID, PARENT_ID, LINE_NO, FIELD_ID, TRACKING_LEVEL, PATH_RENDERER_CLASS, DETAIL_RENDERER_CLASS)
VALUES ('e5b242ae8c7a494c9d50e6a4834a659c', 0, 1, '/', '9e1a9484813e4ca7a6fc0d10c78ee6cb', '35', 'custDecimal4', 1, 'PathRenderer', 'DetailRenderer');
INSERT INTO CNT_HISTORY_DEF_ITEM
 (ID, REVISION, ENTITY_VERSION, DOMAIN_ID, PARENT_ID, LINE_NO, FIELD_ID, TRACKING_LEVEL, PATH_RENDERER_CLASS, DETAIL_RENDERER_CLASS)
VALUES ('18f77204ffc44f809346e760bd35e969', 0, 1, '/', '9e1a9484813e4ca7a6fc0d10c78ee6cb', '36', 'custDecimal5', 1, 'PathRenderer', 'DetailRenderer');
INSERT INTO CNT_HISTORY_DEF_ITEM
 (ID, REVISION, ENTITY_VERSION, DOMAIN_ID, PARENT_ID, LINE_NO, FIELD_ID, TRACKING_LEVEL, PATH_RENDERER_CLASS, DETAIL_RENDERER_CLASS)
VALUES ('cfbfd827dc8b4399bde6cf434e505180', 0, 1, '/', '9e1a9484813e4ca7a6fc0d10c78ee6cb', '37', 'custDecimal6', 1, 'PathRenderer', 'DetailRenderer');
INSERT INTO CNT_HISTORY_DEF_ITEM
 (ID, REVISION, ENTITY_VERSION, DOMAIN_ID, PARENT_ID, LINE_NO, FIELD_ID, TRACKING_LEVEL, PATH_RENDERER_CLASS, DETAIL_RENDERER_CLASS)
VALUES ('749e89c5a7d045729d6ac8fe322d18ff', 0, 1, '/', '9e1a9484813e4ca7a6fc0d10c78ee6cb', '38', 'custDecimal7', 1, 'PathRenderer', 'DetailRenderer');
INSERT INTO CNT_HISTORY_DEF_ITEM
 (ID, REVISION, ENTITY_VERSION, DOMAIN_ID, PARENT_ID, LINE_NO, FIELD_ID, TRACKING_LEVEL, PATH_RENDERER_CLASS, DETAIL_RENDERER_CLASS)
VALUES ('1a52f27635f44d12bd610bcced588dc4', 0, 1, '/', '9e1a9484813e4ca7a6fc0d10c78ee6cb', '39', 'custCodelist1', 1, 'PathRenderer', 'DetailRenderer');
INSERT INTO CNT_HISTORY_DEF_ITEM
 (ID, REVISION, ENTITY_VERSION, DOMAIN_ID, PARENT_ID, LINE_NO, FIELD_ID, TRACKING_LEVEL, PATH_RENDERER_CLASS, DETAIL_RENDERER_CLASS)
VALUES ('28afdad8401d4ff1be858c5811a2b752', 0, 1, '/', '9e1a9484813e4ca7a6fc0d10c78ee6cb', '40', 'custCodelist2', 1, 'PathRenderer', 'DetailRenderer');
INSERT INTO CNT_HISTORY_DEF_ITEM
 (ID, REVISION, ENTITY_VERSION, DOMAIN_ID, PARENT_ID, LINE_NO, FIELD_ID, TRACKING_LEVEL, PATH_RENDERER_CLASS, DETAIL_RENDERER_CLASS)
VALUES ('c6f7c8eff9914040a64fa60b7346b28e', 0, 1, '/', '9e1a9484813e4ca7a6fc0d10c78ee6cb', '41', 'custCodelist3', 1, 'PathRenderer', 'DetailRenderer');
INSERT INTO CNT_HISTORY_DEF_ITEM
 (ID, REVISION, ENTITY_VERSION, DOMAIN_ID, PARENT_ID, LINE_NO, FIELD_ID, TRACKING_LEVEL, PATH_RENDERER_CLASS, DETAIL_RENDERER_CLASS)
VALUES ('ea4b2cbaa9f444e2bb1c43cd0406d664', 0, 1, '/', '9e1a9484813e4ca7a6fc0d10c78ee6cb', '42', 'custCodelist4', 1, 'PathRenderer', 'DetailRenderer');
INSERT INTO CNT_HISTORY_DEF_ITEM
 (ID, REVISION, ENTITY_VERSION, DOMAIN_ID, PARENT_ID, LINE_NO, FIELD_ID, TRACKING_LEVEL, PATH_RENDERER_CLASS, DETAIL_RENDERER_CLASS)
VALUES ('8c78ed11149e402787821636f891a21c', 0, 1, '/', '9e1a9484813e4ca7a6fc0d10c78ee6cb', '43', 'custCodelist5', 1, 'PathRenderer', 'DetailRenderer');
INSERT INTO CNT_HISTORY_DEF_ITEM
 (ID, REVISION, ENTITY_VERSION, DOMAIN_ID, PARENT_ID, LINE_NO, FIELD_ID, TRACKING_LEVEL, PATH_RENDERER_CLASS, DETAIL_RENDERER_CLASS)
VALUES ('df97dab79d734df9b093d8c5e92776aa', 0, 1, '/', '9e1a9484813e4ca7a6fc0d10c78ee6cb', '44', 'custCodelist6', 1, 'PathRenderer', 'DetailRenderer');
INSERT INTO CNT_HISTORY_DEF_ITEM
 (ID, REVISION, ENTITY_VERSION, DOMAIN_ID, PARENT_ID, LINE_NO, FIELD_ID, TRACKING_LEVEL, PATH_RENDERER_CLASS, DETAIL_RENDERER_CLASS)
VALUES ('10c6b567fd624c788b2ad1f45e2cd975', 0, 1, '/', '9e1a9484813e4ca7a6fc0d10c78ee6cb', '45', 'custCodelist7', 1, 'PathRenderer', 'DetailRenderer');
INSERT INTO CNT_HISTORY_DEF_ITEM
 (ID, REVISION, ENTITY_VERSION, DOMAIN_ID, PARENT_ID, LINE_NO, FIELD_ID, TRACKING_LEVEL, PATH_RENDERER_CLASS, DETAIL_RENDERER_CLASS)
VALUES ('bd7e8a6ffda94afd8077fde8970f04ef', 0, 1, '/', '9e1a9484813e4ca7a6fc0d10c78ee6cb', '46', 'custMemoText1', 1, 'PathRenderer', 'DetailRenderer');
INSERT INTO CNT_HISTORY_DEF_ITEM
 (ID, REVISION, ENTITY_VERSION, DOMAIN_ID, PARENT_ID, LINE_NO, FIELD_ID, TRACKING_LEVEL, PATH_RENDERER_CLASS, DETAIL_RENDERER_CLASS)
VALUES ('92867d38f0b04f58858147e044a59e00', 0, 1, '/', '9e1a9484813e4ca7a6fc0d10c78ee6cb', '47', 'custMemoText2', 1, 'PathRenderer', 'DetailRenderer');
INSERT INTO CNT_HISTORY_DEF_ITEM
 (ID, REVISION, ENTITY_VERSION, DOMAIN_ID, PARENT_ID, LINE_NO, FIELD_ID, TRACKING_LEVEL, PATH_RENDERER_CLASS, DETAIL_RENDERER_CLASS)
VALUES ('f027259cdad04f41a5cc81d7ee1a37a4', 0, 1, '/', '9e1a9484813e4ca7a6fc0d10c78ee6cb', '48', 'custMemoText3', 1, 'PathRenderer', 'DetailRenderer');
INSERT INTO CNT_HISTORY_DEF_ITEM
 (ID, REVISION, ENTITY_VERSION, DOMAIN_ID, PARENT_ID, LINE_NO, FIELD_ID, TRACKING_LEVEL, PATH_RENDERER_CLASS, DETAIL_RENDERER_CLASS)
VALUES ('f07099cfdf2645f7ad9416d60fe56a4c', 0, 1, '/', '9e1a9484813e4ca7a6fc0d10c78ee6cb', '49', 'custMemoText4', 1, 'PathRenderer', 'DetailRenderer');
INSERT INTO CNT_HISTORY_DEF_ITEM
 (ID, REVISION, ENTITY_VERSION, DOMAIN_ID, PARENT_ID, LINE_NO, FIELD_ID, TRACKING_LEVEL, PATH_RENDERER_CLASS, DETAIL_RENDERER_CLASS)
VALUES ('c89a73cd605d4fda8e02941eec026a13', 0, 1, '/', '9e1a9484813e4ca7a6fc0d10c78ee6cb', '50', 'custMemoText5', 1, 'PathRenderer', 'DetailRenderer');
INSERT INTO CNT_HISTORY_DEF_ITEM
 (ID, REVISION, ENTITY_VERSION, DOMAIN_ID, PARENT_ID, LINE_NO, FIELD_ID, TRACKING_LEVEL, PATH_RENDERER_CLASS, DETAIL_RENDERER_CLASS)
VALUES ('ae8cae80f9f340c581a2778cb7af18c3', 0, 1, '/', '9e1a9484813e4ca7a6fc0d10c78ee6cb', '51', 'custMemoText6', 1, 'PathRenderer', 'DetailRenderer');
INSERT INTO CNT_HISTORY_DEF_ITEM
 (ID, REVISION, ENTITY_VERSION, DOMAIN_ID, PARENT_ID, LINE_NO, FIELD_ID, TRACKING_LEVEL, PATH_RENDERER_CLASS, DETAIL_RENDERER_CLASS)
VALUES ('353f231bc1994e3cba607be51065efd4', 0, 1, '/', '9e1a9484813e4ca7a6fc0d10c78ee6cb', '52', 'custMemoText7', 1, 'PathRenderer', 'DetailRenderer');
INSERT INTO CNT_HISTORY_DEF_ITEM
 (ID, REVISION, ENTITY_VERSION, DOMAIN_ID, PARENT_ID, LINE_NO, FIELD_ID, TRACKING_LEVEL, PATH_RENDERER_CLASS, DETAIL_RENDERER_CLASS)
VALUES ('6eaad1c4c4554c288623d6cdf1b3f8e6', 0, 1, '/', '9e1a9484813e4ca7a6fc0d10c78ee6cb', '53', 'custHcl1', 1, 'PathRenderer', 'DetailRenderer');
INSERT INTO CNT_HISTORY_DEF_ITEM
 (ID, REVISION, ENTITY_VERSION, DOMAIN_ID, PARENT_ID, LINE_NO, FIELD_ID, TRACKING_LEVEL, PATH_RENDERER_CLASS, DETAIL_RENDERER_CLASS)
VALUES ('8c054392401b469d8f5e02f18862b9c8', 0, 1, '/', '9e1a9484813e4ca7a6fc0d10c78ee6cb', '54', 'custHcl2', 1, 'PathRenderer', 'DetailRenderer');
INSERT INTO CNT_HISTORY_DEF_ITEM
 (ID, REVISION, ENTITY_VERSION, DOMAIN_ID, PARENT_ID, LINE_NO, FIELD_ID, TRACKING_LEVEL, PATH_RENDERER_CLASS, DETAIL_RENDERER_CLASS)
VALUES ('b0fca40cb3934cab835fcbeadccf2b1c', 0, 1, '/', '9e1a9484813e4ca7a6fc0d10c78ee6cb', '55', 'custHcl3', 1, 'PathRenderer', 'DetailRenderer');
INSERT INTO CNT_HISTORY_DEF_ITEM
 (ID, REVISION, ENTITY_VERSION, DOMAIN_ID, PARENT_ID, LINE_NO, FIELD_ID, TRACKING_LEVEL, PATH_RENDERER_CLASS, DETAIL_RENDERER_CLASS)
VALUES ('63404aa34c4247dcba7cdc998b27e684', 0, 1, '/', '9e1a9484813e4ca7a6fc0d10c78ee6cb', '56', 'custHcl4', 1, 'PathRenderer', 'DetailRenderer');
INSERT INTO CNT_HISTORY_DEF_ITEM
 (ID, REVISION, ENTITY_VERSION, DOMAIN_ID, PARENT_ID, LINE_NO, FIELD_ID, TRACKING_LEVEL, PATH_RENDERER_CLASS, DETAIL_RENDERER_CLASS)
VALUES ('91c6b011c64c4abd9dcbbf009918e913', 0, 1, '/', '9e1a9484813e4ca7a6fc0d10c78ee6cb', '57', 'custHcl5', 1, 'PathRenderer', 'DetailRenderer');
INSERT INTO CNT_HISTORY_DEF_ITEM
 (ID, REVISION, ENTITY_VERSION, DOMAIN_ID, PARENT_ID, LINE_NO, FIELD_ID, TRACKING_LEVEL, PATH_RENDERER_CLASS, DETAIL_RENDERER_CLASS)
VALUES ('5418f460d4c44bffa6b667baa57f2977', 0, 1, '/', '9e1a9484813e4ca7a6fc0d10c78ee6cb', '58', 'fileRef', 0, 'PathRenderer', 'DetailRenderer');
INSERT INTO CNT_HISTORY_DEF_ITEM
 (ID, REVISION, ENTITY_VERSION, DOMAIN_ID, PARENT_ID, LINE_NO, FIELD_ID, TRACKING_LEVEL, PATH_RENDERER_CLASS, DETAIL_RENDERER_CLASS)
VALUES ('0949cef57ff341a589ad43118a123d71', 0, 1, '/', '9e1a9484813e4ca7a6fc0d10c78ee6cb', '59', 'fileVer', 0, 'PathRenderer', 'DetailRenderer');
INSERT INTO CNT_HISTORY_DEF_ITEM
 (ID, REVISION, ENTITY_VERSION, DOMAIN_ID, PARENT_ID, LINE_NO, FIELD_ID, TRACKING_LEVEL, PATH_RENDERER_CLASS, DETAIL_RENDERER_CLASS)
VALUES ('babd95100c4c487fbeee648c0b94b95d', 0, 1, '/', '9e1a9484813e4ca7a6fc0d10c78ee6cb', '60', 'fileRef2', 0, 'PathRenderer', 'DetailRenderer');
INSERT INTO CNT_HISTORY_DEF_ITEM
 (ID, REVISION, ENTITY_VERSION, DOMAIN_ID, PARENT_ID, LINE_NO, FIELD_ID, TRACKING_LEVEL, PATH_RENDERER_CLASS, DETAIL_RENDERER_CLASS)
VALUES ('4fa5c28c256d44db9f64e411c27ae041', 0, 1, '/', '9e1a9484813e4ca7a6fc0d10c78ee6cb', '61', 'imageTypeIdValue', 0, 'PathRenderer', 'DetailRenderer');
INSERT INTO CNT_HISTORY_DEF_ITEM
 (ID, REVISION, ENTITY_VERSION, DOMAIN_ID, PARENT_ID, LINE_NO, FIELD_ID, TRACKING_LEVEL, PATH_RENDERER_CLASS, DETAIL_RENDERER_CLASS)
VALUES ('37061b7408094adbaf49fb3cd9df29c5', 0, 1, '/', '9e1a9484813e4ca7a6fc0d10c78ee6cb', '62', 'custCodelist1Name', 0, 'PathRenderer', 'DetailRenderer');
INSERT INTO CNT_HISTORY_DEF_ITEM
 (ID, REVISION, ENTITY_VERSION, DOMAIN_ID, PARENT_ID, LINE_NO, FIELD_ID, TRACKING_LEVEL, PATH_RENDERER_CLASS, DETAIL_RENDERER_CLASS)
VALUES ('469b9f12d1ca48dfb073ce90f15008a5', 0, 1, '/', '9e1a9484813e4ca7a6fc0d10c78ee6cb', '63', 'custCodelist2Name', 0, 'PathRenderer', 'DetailRenderer');
INSERT INTO CNT_HISTORY_DEF_ITEM
 (ID, REVISION, ENTITY_VERSION, DOMAIN_ID, PARENT_ID, LINE_NO, FIELD_ID, TRACKING_LEVEL, PATH_RENDERER_CLASS, DETAIL_RENDERER_CLASS)
VALUES ('179b8c9a37e849cb80943dd2434bd1e5', 0, 1, '/', '9e1a9484813e4ca7a6fc0d10c78ee6cb', '64', 'custCodelist3Name', 0, 'PathRenderer', 'DetailRenderer');
INSERT INTO CNT_HISTORY_DEF_ITEM
 (ID, REVISION, ENTITY_VERSION, DOMAIN_ID, PARENT_ID, LINE_NO, FIELD_ID, TRACKING_LEVEL, PATH_RENDERER_CLASS, DETAIL_RENDERER_CLASS)
VALUES ('34682ca704534b989d67e0c81f9a3810', 0, 1, '/', '9e1a9484813e4ca7a6fc0d10c78ee6cb', '65', 'custCodelist4Name', 0, 'PathRenderer', 'DetailRenderer');
INSERT INTO CNT_HISTORY_DEF_ITEM
 (ID, REVISION, ENTITY_VERSION, DOMAIN_ID, PARENT_ID, LINE_NO, FIELD_ID, TRACKING_LEVEL, PATH_RENDERER_CLASS, DETAIL_RENDERER_CLASS)
VALUES ('7e2af8f0272f42089a2d2d32b1f48cc3', 0, 1, '/', '9e1a9484813e4ca7a6fc0d10c78ee6cb', '66', 'custCodelist5Name', 0, 'PathRenderer', 'DetailRenderer');
INSERT INTO CNT_HISTORY_DEF_ITEM
 (ID, REVISION, ENTITY_VERSION, DOMAIN_ID, PARENT_ID, LINE_NO, FIELD_ID, TRACKING_LEVEL, PATH_RENDERER_CLASS, DETAIL_RENDERER_CLASS)
VALUES ('989321328abd430b8fa5befb3445b628', 0, 1, '/', '9e1a9484813e4ca7a6fc0d10c78ee6cb', '67', 'custCodelist6Name', 0, 'PathRenderer', 'DetailRenderer');
INSERT INTO CNT_HISTORY_DEF_ITEM
 (ID, REVISION, ENTITY_VERSION, DOMAIN_ID, PARENT_ID, LINE_NO, FIELD_ID, TRACKING_LEVEL, PATH_RENDERER_CLASS, DETAIL_RENDERER_CLASS)
VALUES ('0bff0fe3752b44e688ddc8522252618a', 0, 1, '/', '9e1a9484813e4ca7a6fc0d10c78ee6cb', '68', 'custCodelist7Name', 0, 'PathRenderer', 'DetailRenderer');
INSERT INTO CNT_HISTORY_DEF_ITEM
 (ID, REVISION, ENTITY_VERSION, DOMAIN_ID, PARENT_ID, LINE_NO, FIELD_ID, TRACKING_LEVEL, PATH_RENDERER_CLASS, DETAIL_RENDERER_CLASS)
VALUES ('599dec3d69c347db8a68c6164bfe8b58', 0, 1, '/', '9e1a9484813e4ca7a6fc0d10c78ee6cb', '69', 'custHcl1Ref', 0, 'PathRenderer', 'DetailRenderer');
INSERT INTO CNT_HISTORY_DEF_ITEM
 (ID, REVISION, ENTITY_VERSION, DOMAIN_ID, PARENT_ID, LINE_NO, FIELD_ID, TRACKING_LEVEL, PATH_RENDERER_CLASS, DETAIL_RENDERER_CLASS)
VALUES ('83ed6ffddc5a4615b751fab8cb4a8d50', 0, 1, '/', '9e1a9484813e4ca7a6fc0d10c78ee6cb', '70', 'custHcl1Ver', 0, 'PathRenderer', 'DetailRenderer');
INSERT INTO CNT_HISTORY_DEF_ITEM
 (ID, REVISION, ENTITY_VERSION, DOMAIN_ID, PARENT_ID, LINE_NO, FIELD_ID, TRACKING_LEVEL, PATH_RENDERER_CLASS, DETAIL_RENDERER_CLASS)
VALUES ('08a986fd57fb46c1a0183314f1c4c186', 0, 1, '/', '9e1a9484813e4ca7a6fc0d10c78ee6cb', '71', 'custHcl1Ref2', 0, 'PathRenderer', 'DetailRenderer');
INSERT INTO CNT_HISTORY_DEF_ITEM
 (ID, REVISION, ENTITY_VERSION, DOMAIN_ID, PARENT_ID, LINE_NO, FIELD_ID, TRACKING_LEVEL, PATH_RENDERER_CLASS, DETAIL_RENDERER_CLASS)
VALUES ('4adfbec358724463b424e6fea17c7ae7', 0, 1, '/', '9e1a9484813e4ca7a6fc0d10c78ee6cb', '72', 'custHcl1FullLineage', 0, 'PathRenderer', 'DetailRenderer');
INSERT INTO CNT_HISTORY_DEF_ITEM
 (ID, REVISION, ENTITY_VERSION, DOMAIN_ID, PARENT_ID, LINE_NO, FIELD_ID, TRACKING_LEVEL, PATH_RENDERER_CLASS, DETAIL_RENDERER_CLASS)
VALUES ('56906314e0c54ee9b27061a5fdaabad7', 0, 1, '/', '9e1a9484813e4ca7a6fc0d10c78ee6cb', '73', 'custHcl2Ref', 0, 'PathRenderer', 'DetailRenderer');
INSERT INTO CNT_HISTORY_DEF_ITEM
 (ID, REVISION, ENTITY_VERSION, DOMAIN_ID, PARENT_ID, LINE_NO, FIELD_ID, TRACKING_LEVEL, PATH_RENDERER_CLASS, DETAIL_RENDERER_CLASS)
VALUES ('7ecb7dc8fe9f453aace38a1164ce69a4', 0, 1, '/', '9e1a9484813e4ca7a6fc0d10c78ee6cb', '74', 'custHcl2Ver', 0, 'PathRenderer', 'DetailRenderer');
INSERT INTO CNT_HISTORY_DEF_ITEM
 (ID, REVISION, ENTITY_VERSION, DOMAIN_ID, PARENT_ID, LINE_NO, FIELD_ID, TRACKING_LEVEL, PATH_RENDERER_CLASS, DETAIL_RENDERER_CLASS)
VALUES ('dcd608e6e4304d769d6f2071420568dd', 0, 1, '/', '9e1a9484813e4ca7a6fc0d10c78ee6cb', '75', 'custHcl2Ref2', 0, 'PathRenderer', 'DetailRenderer');
INSERT INTO CNT_HISTORY_DEF_ITEM
 (ID, REVISION, ENTITY_VERSION, DOMAIN_ID, PARENT_ID, LINE_NO, FIELD_ID, TRACKING_LEVEL, PATH_RENDERER_CLASS, DETAIL_RENDERER_CLASS)
VALUES ('76eeb6115b0d4742abf31d205624c5dd', 0, 1, '/', '9e1a9484813e4ca7a6fc0d10c78ee6cb', '76', 'custHcl2FullLineage', 0, 'PathRenderer', 'DetailRenderer');
INSERT INTO CNT_HISTORY_DEF_ITEM
 (ID, REVISION, ENTITY_VERSION, DOMAIN_ID, PARENT_ID, LINE_NO, FIELD_ID, TRACKING_LEVEL, PATH_RENDERER_CLASS, DETAIL_RENDERER_CLASS)
VALUES ('a58140ac83f644c081cbb5b549747a64', 0, 1, '/', '9e1a9484813e4ca7a6fc0d10c78ee6cb', '77', 'custHcl3Ref', 0, 'PathRenderer', 'DetailRenderer');
INSERT INTO CNT_HISTORY_DEF_ITEM
 (ID, REVISION, ENTITY_VERSION, DOMAIN_ID, PARENT_ID, LINE_NO, FIELD_ID, TRACKING_LEVEL, PATH_RENDERER_CLASS, DETAIL_RENDERER_CLASS)
VALUES ('cac59e4fc4e14a9bb0be6c06ec54f273', 0, 1, '/', '9e1a9484813e4ca7a6fc0d10c78ee6cb', '78', 'custHcl3Ver', 0, 'PathRenderer', 'DetailRenderer');
INSERT INTO CNT_HISTORY_DEF_ITEM
 (ID, REVISION, ENTITY_VERSION, DOMAIN_ID, PARENT_ID, LINE_NO, FIELD_ID, TRACKING_LEVEL, PATH_RENDERER_CLASS, DETAIL_RENDERER_CLASS)
VALUES ('3cc67b9628164af79c9aaffbc63247cd', 0, 1, '/', '9e1a9484813e4ca7a6fc0d10c78ee6cb', '79', 'custHcl3Ref2', 0, 'PathRenderer', 'DetailRenderer');
INSERT INTO CNT_HISTORY_DEF_ITEM
 (ID, REVISION, ENTITY_VERSION, DOMAIN_ID, PARENT_ID, LINE_NO, FIELD_ID, TRACKING_LEVEL, PATH_RENDERER_CLASS, DETAIL_RENDERER_CLASS)
VALUES ('7e82902ff9bd47ce8c2faf214e6bf421', 0, 1, '/', '9e1a9484813e4ca7a6fc0d10c78ee6cb', '80', 'custHcl3FullLineage', 0, 'PathRenderer', 'DetailRenderer');
INSERT INTO CNT_HISTORY_DEF_ITEM
 (ID, REVISION, ENTITY_VERSION, DOMAIN_ID, PARENT_ID, LINE_NO, FIELD_ID, TRACKING_LEVEL, PATH_RENDERER_CLASS, DETAIL_RENDERER_CLASS)
VALUES ('06db17455de8494399aa79b298843d9f', 0, 1, '/', '9e1a9484813e4ca7a6fc0d10c78ee6cb', '81', 'custHcl4Ref', 0, 'PathRenderer', 'DetailRenderer');
INSERT INTO CNT_HISTORY_DEF_ITEM
 (ID, REVISION, ENTITY_VERSION, DOMAIN_ID, PARENT_ID, LINE_NO, FIELD_ID, TRACKING_LEVEL, PATH_RENDERER_CLASS, DETAIL_RENDERER_CLASS)
VALUES ('49387c017bd449c796127af6224f9b1e', 0, 1, '/', '9e1a9484813e4ca7a6fc0d10c78ee6cb', '82', 'custHcl4Ver', 0, 'PathRenderer', 'DetailRenderer');
INSERT INTO CNT_HISTORY_DEF_ITEM
 (ID, REVISION, ENTITY_VERSION, DOMAIN_ID, PARENT_ID, LINE_NO, FIELD_ID, TRACKING_LEVEL, PATH_RENDERER_CLASS, DETAIL_RENDERER_CLASS)
VALUES ('d8ba6174c8174c22b78fb08634248b59', 0, 1, '/', '9e1a9484813e4ca7a6fc0d10c78ee6cb', '83', 'custHcl4Ref2', 0, 'PathRenderer', 'DetailRenderer');
INSERT INTO CNT_HISTORY_DEF_ITEM
 (ID, REVISION, ENTITY_VERSION, DOMAIN_ID, PARENT_ID, LINE_NO, FIELD_ID, TRACKING_LEVEL, PATH_RENDERER_CLASS, DETAIL_RENDERER_CLASS)
VALUES ('6e2459e7c13c4ba4990c31df595698a8', 0, 1, '/', '9e1a9484813e4ca7a6fc0d10c78ee6cb', '84', 'custHcl4FullLineage', 0, 'PathRenderer', 'DetailRenderer');
INSERT INTO CNT_HISTORY_DEF_ITEM
 (ID, REVISION, ENTITY_VERSION, DOMAIN_ID, PARENT_ID, LINE_NO, FIELD_ID, TRACKING_LEVEL, PATH_RENDERER_CLASS, DETAIL_RENDERER_CLASS)
VALUES ('3bf306a748974922991d820c6ee63f68', 0, 1, '/', '9e1a9484813e4ca7a6fc0d10c78ee6cb', '85', 'custHcl5Ref', 0, 'PathRenderer', 'DetailRenderer');
INSERT INTO CNT_HISTORY_DEF_ITEM
 (ID, REVISION, ENTITY_VERSION, DOMAIN_ID, PARENT_ID, LINE_NO, FIELD_ID, TRACKING_LEVEL, PATH_RENDERER_CLASS, DETAIL_RENDERER_CLASS)
VALUES ('984828eded734aa4ac2e8ddd6c835e39', 0, 1, '/', '9e1a9484813e4ca7a6fc0d10c78ee6cb', '86', 'custHcl5Ver', 0, 'PathRenderer', 'DetailRenderer');
INSERT INTO CNT_HISTORY_DEF_ITEM
 (ID, REVISION, ENTITY_VERSION, DOMAIN_ID, PARENT_ID, LINE_NO, FIELD_ID, TRACKING_LEVEL, PATH_RENDERER_CLASS, DETAIL_RENDERER_CLASS)
VALUES ('bd9f3e1c8a054ada92cef2abf2796cbc', 0, 1, '/', '9e1a9484813e4ca7a6fc0d10c78ee6cb', '87', 'custHcl5Ref2', 0, 'PathRenderer', 'DetailRenderer');
INSERT INTO CNT_HISTORY_DEF_ITEM
 (ID, REVISION, ENTITY_VERSION, DOMAIN_ID, PARENT_ID, LINE_NO, FIELD_ID, TRACKING_LEVEL, PATH_RENDERER_CLASS, DETAIL_RENDERER_CLASS)
VALUES ('55b62fe254ff4e36b2454123f05a40cd', 0, 1, '/', '9e1a9484813e4ca7a6fc0d10c78ee6cb', '88', 'custHcl5FullLineage', 0, 'PathRenderer', 'DetailRenderer');
INSERT INTO CNT_HISTORY_DEF
 (ID, REVISION, APPLY_ENTITY, ENTITY_VERSION, DOMAIN_ID , GENERATED, CREATE_USER, CREATE_USER_NAME, CREATED_ON)
VALUES ('2ac557be14a7447492ade0bcf132d08a', 0, 'CustMarket', 1, '/', 1, 'system', 'system', systimestamp);
INSERT INTO CNT_HISTORY_DEF_ITEM
 (ID, REVISION, ENTITY_VERSION, DOMAIN_ID, PARENT_ID, LINE_NO, FIELD_ID, TRACKING_LEVEL, PATH_RENDERER_CLASS, DETAIL_RENDERER_CLASS)
VALUES ('d3237329dcc04f73ac5a0daa81b3dbd1', 0, 1, '/', '2ac557be14a7447492ade0bcf132d08a', '0', 'id', 1, 'PathRenderer', 'DetailRenderer');
INSERT INTO CNT_HISTORY_DEF_ITEM
 (ID, REVISION, ENTITY_VERSION, DOMAIN_ID, PARENT_ID, LINE_NO, FIELD_ID, TRACKING_LEVEL, PATH_RENDERER_CLASS, DETAIL_RENDERER_CLASS)
VALUES ('3fa27f0e076d4592875b6afcd999b120', 0, 1, '/', '2ac557be14a7447492ade0bcf132d08a', '1', 'revision', 1, 'PathRenderer', 'DetailRenderer');
INSERT INTO CNT_HISTORY_DEF_ITEM
 (ID, REVISION, ENTITY_VERSION, DOMAIN_ID, PARENT_ID, LINE_NO, FIELD_ID, TRACKING_LEVEL, PATH_RENDERER_CLASS, DETAIL_RENDERER_CLASS)
VALUES ('89360bc14bb44890868bda7fb6eb30c9', 0, 1, '/', '2ac557be14a7447492ade0bcf132d08a', '2', 'entityVersion', 1, 'PathRenderer', 'DetailRenderer');
INSERT INTO CNT_HISTORY_DEF_ITEM
 (ID, REVISION, ENTITY_VERSION, DOMAIN_ID, PARENT_ID, LINE_NO, FIELD_ID, TRACKING_LEVEL, PATH_RENDERER_CLASS, DETAIL_RENDERER_CLASS)
VALUES ('c4589d1e284f45bb9e33662580b22575', 0, 1, '/', '2ac557be14a7447492ade0bcf132d08a', '3', 'domainId', 1, 'PathRenderer', 'DetailRenderer');
INSERT INTO CNT_HISTORY_DEF_ITEM
 (ID, REVISION, ENTITY_VERSION, DOMAIN_ID, PARENT_ID, LINE_NO, FIELD_ID, TRACKING_LEVEL, PATH_RENDERER_CLASS, DETAIL_RENDERER_CLASS)
VALUES ('87dc135baeb147619b27960e724a4e78', 0, 1, '/', '2ac557be14a7447492ade0bcf132d08a', '4', 'hubDomainId', 1, 'PathRenderer', 'DetailRenderer');
INSERT INTO CNT_HISTORY_DEF_ITEM
 (ID, REVISION, ENTITY_VERSION, DOMAIN_ID, PARENT_ID, LINE_NO, FIELD_ID, TRACKING_LEVEL, PATH_RENDERER_CLASS, DETAIL_RENDERER_CLASS)
VALUES ('d0e04ee63a3b4a4fa46f088c0af2049e', 0, 1, '/', '2ac557be14a7447492ade0bcf132d08a', '5', 'isForReference', 1, 'PathRenderer', 'DetailRenderer');
INSERT INTO CNT_HISTORY_DEF_ITEM
 (ID, REVISION, ENTITY_VERSION, DOMAIN_ID, PARENT_ID, LINE_NO, FIELD_ID, TRACKING_LEVEL, PATH_RENDERER_CLASS, DETAIL_RENDERER_CLASS)
VALUES ('c8887200ed344ccb9559df7c94a4243f', 0, 1, '/', '2ac557be14a7447492ade0bcf132d08a', '6', 'internalSeqNo', 1, 'PathRenderer', 'DetailRenderer');
INSERT INTO CNT_HISTORY_DEF_ITEM
 (ID, REVISION, ENTITY_VERSION, DOMAIN_ID, PARENT_ID, LINE_NO, FIELD_ID, TRACKING_LEVEL, PATH_RENDERER_CLASS, DETAIL_RENDERER_CLASS)
VALUES ('44c8b190687e452487bb88af19cfa01f', 0, 1, '/', '2ac557be14a7447492ade0bcf132d08a', '7', 'custId', 1, 'PathRenderer', 'DetailRenderer');
INSERT INTO CNT_HISTORY_DEF_ITEM
 (ID, REVISION, ENTITY_VERSION, DOMAIN_ID, PARENT_ID, LINE_NO, FIELD_ID, TRACKING_LEVEL, PATH_RENDERER_CLASS, DETAIL_RENDERER_CLASS)
VALUES ('416598b2263b40fca5b172babc211e11', 0, 1, '/', '2ac557be14a7447492ade0bcf132d08a', '8', 'market', 1, 'PathRenderer', 'DetailRenderer');
INSERT INTO CNT_HISTORY_DEF_ITEM
 (ID, REVISION, ENTITY_VERSION, DOMAIN_ID, PARENT_ID, LINE_NO, FIELD_ID, TRACKING_LEVEL, PATH_RENDERER_CLASS, DETAIL_RENDERER_CLASS)
VALUES ('8cb1e48b8a9444aa84ed4dfcefd7695b', 0, 1, '/', '2ac557be14a7447492ade0bcf132d08a', '9', 'channel', 1, 'PathRenderer', 'DetailRenderer');
INSERT INTO CNT_HISTORY_DEF_ITEM
 (ID, REVISION, ENTITY_VERSION, DOMAIN_ID, PARENT_ID, LINE_NO, FIELD_ID, TRACKING_LEVEL, PATH_RENDERER_CLASS, DETAIL_RENDERER_CLASS)
VALUES ('6446fb6a98b74011b9de934d27276c9f', 0, 1, '/', '2ac557be14a7447492ade0bcf132d08a', '10', 'refNo', 0, 'PathRenderer', 'DetailRenderer');
INSERT INTO CNT_HISTORY_DEF_ITEM
 (ID, REVISION, ENTITY_VERSION, DOMAIN_ID, PARENT_ID, LINE_NO, FIELD_ID, TRACKING_LEVEL, PATH_RENDERER_CLASS, DETAIL_RENDERER_CLASS)
VALUES ('de84338651874a4f9f65244fa70070df', 0, 1, '/', '2ac557be14a7447492ade0bcf132d08a', '11', 'custText1', 1, 'PathRenderer', 'DetailRenderer');
INSERT INTO CNT_HISTORY_DEF_ITEM
 (ID, REVISION, ENTITY_VERSION, DOMAIN_ID, PARENT_ID, LINE_NO, FIELD_ID, TRACKING_LEVEL, PATH_RENDERER_CLASS, DETAIL_RENDERER_CLASS)
VALUES ('5abcaa51982c47df8d5c4925f87cd9a6', 0, 1, '/', '2ac557be14a7447492ade0bcf132d08a', '12', 'custText2', 1, 'PathRenderer', 'DetailRenderer');
INSERT INTO CNT_HISTORY_DEF_ITEM
 (ID, REVISION, ENTITY_VERSION, DOMAIN_ID, PARENT_ID, LINE_NO, FIELD_ID, TRACKING_LEVEL, PATH_RENDERER_CLASS, DETAIL_RENDERER_CLASS)
VALUES ('e0a80bd855754b54b82d3cd4e227ff81', 0, 1, '/', '2ac557be14a7447492ade0bcf132d08a', '13', 'custText3', 1, 'PathRenderer', 'DetailRenderer');
INSERT INTO CNT_HISTORY_DEF_ITEM
 (ID, REVISION, ENTITY_VERSION, DOMAIN_ID, PARENT_ID, LINE_NO, FIELD_ID, TRACKING_LEVEL, PATH_RENDERER_CLASS, DETAIL_RENDERER_CLASS)
VALUES ('4b27331db19a48b5870654812dc67193', 0, 1, '/', '2ac557be14a7447492ade0bcf132d08a', '14', 'custText4', 1, 'PathRenderer', 'DetailRenderer');
INSERT INTO CNT_HISTORY_DEF_ITEM
 (ID, REVISION, ENTITY_VERSION, DOMAIN_ID, PARENT_ID, LINE_NO, FIELD_ID, TRACKING_LEVEL, PATH_RENDERER_CLASS, DETAIL_RENDERER_CLASS)
VALUES ('1252ad6e34d64431b139ab770d2ff5ec', 0, 1, '/', '2ac557be14a7447492ade0bcf132d08a', '15', 'custText5', 1, 'PathRenderer', 'DetailRenderer');
INSERT INTO CNT_HISTORY_DEF_ITEM
 (ID, REVISION, ENTITY_VERSION, DOMAIN_ID, PARENT_ID, LINE_NO, FIELD_ID, TRACKING_LEVEL, PATH_RENDERER_CLASS, DETAIL_RENDERER_CLASS)
VALUES ('e597ea3ebdcb4d16bfbf73cb1cc303af', 0, 1, '/', '2ac557be14a7447492ade0bcf132d08a', '16', 'custText6', 1, 'PathRenderer', 'DetailRenderer');
INSERT INTO CNT_HISTORY_DEF_ITEM
 (ID, REVISION, ENTITY_VERSION, DOMAIN_ID, PARENT_ID, LINE_NO, FIELD_ID, TRACKING_LEVEL, PATH_RENDERER_CLASS, DETAIL_RENDERER_CLASS)
VALUES ('c7843e7cf9324b30b62c47da93cade4f', 0, 1, '/', '2ac557be14a7447492ade0bcf132d08a', '17', 'custText7', 1, 'PathRenderer', 'DetailRenderer');
INSERT INTO CNT_HISTORY_DEF_ITEM
 (ID, REVISION, ENTITY_VERSION, DOMAIN_ID, PARENT_ID, LINE_NO, FIELD_ID, TRACKING_LEVEL, PATH_RENDERER_CLASS, DETAIL_RENDERER_CLASS)
VALUES ('a7dc014c0de04dd19e32b9ecf6ac14e3', 0, 1, '/', '2ac557be14a7447492ade0bcf132d08a', '18', 'custDate1', 1, 'PathRenderer', 'DetailRenderer');
INSERT INTO CNT_HISTORY_DEF_ITEM
 (ID, REVISION, ENTITY_VERSION, DOMAIN_ID, PARENT_ID, LINE_NO, FIELD_ID, TRACKING_LEVEL, PATH_RENDERER_CLASS, DETAIL_RENDERER_CLASS)
VALUES ('02f96ad61de74829876f4cf6e97dbbd0', 0, 1, '/', '2ac557be14a7447492ade0bcf132d08a', '19', 'custDate2', 1, 'PathRenderer', 'DetailRenderer');
INSERT INTO CNT_HISTORY_DEF_ITEM
 (ID, REVISION, ENTITY_VERSION, DOMAIN_ID, PARENT_ID, LINE_NO, FIELD_ID, TRACKING_LEVEL, PATH_RENDERER_CLASS, DETAIL_RENDERER_CLASS)
VALUES ('16588567939044eebf9fa073a433bbdd', 0, 1, '/', '2ac557be14a7447492ade0bcf132d08a', '20', 'custDate3', 1, 'PathRenderer', 'DetailRenderer');
INSERT INTO CNT_HISTORY_DEF_ITEM
 (ID, REVISION, ENTITY_VERSION, DOMAIN_ID, PARENT_ID, LINE_NO, FIELD_ID, TRACKING_LEVEL, PATH_RENDERER_CLASS, DETAIL_RENDERER_CLASS)
VALUES ('b5a06db877fa44b3a38d83737420453f', 0, 1, '/', '2ac557be14a7447492ade0bcf132d08a', '21', 'custDate4', 1, 'PathRenderer', 'DetailRenderer');
INSERT INTO CNT_HISTORY_DEF_ITEM
 (ID, REVISION, ENTITY_VERSION, DOMAIN_ID, PARENT_ID, LINE_NO, FIELD_ID, TRACKING_LEVEL, PATH_RENDERER_CLASS, DETAIL_RENDERER_CLASS)
VALUES ('fd458fa366244e258e17c0a3c575ae81', 0, 1, '/', '2ac557be14a7447492ade0bcf132d08a', '22', 'custDate5', 1, 'PathRenderer', 'DetailRenderer');
INSERT INTO CNT_HISTORY_DEF_ITEM
 (ID, REVISION, ENTITY_VERSION, DOMAIN_ID, PARENT_ID, LINE_NO, FIELD_ID, TRACKING_LEVEL, PATH_RENDERER_CLASS, DETAIL_RENDERER_CLASS)
VALUES ('66bfc4c5016f42849e22290810848bbb', 0, 1, '/', '2ac557be14a7447492ade0bcf132d08a', '23', 'custDate6', 1, 'PathRenderer', 'DetailRenderer');
INSERT INTO CNT_HISTORY_DEF_ITEM
 (ID, REVISION, ENTITY_VERSION, DOMAIN_ID, PARENT_ID, LINE_NO, FIELD_ID, TRACKING_LEVEL, PATH_RENDERER_CLASS, DETAIL_RENDERER_CLASS)
VALUES ('30d29d32f97c4451877d2ec3e0b1d6c7', 0, 1, '/', '2ac557be14a7447492ade0bcf132d08a', '24', 'custDate7', 1, 'PathRenderer', 'DetailRenderer');
INSERT INTO CNT_HISTORY_DEF_ITEM
 (ID, REVISION, ENTITY_VERSION, DOMAIN_ID, PARENT_ID, LINE_NO, FIELD_ID, TRACKING_LEVEL, PATH_RENDERER_CLASS, DETAIL_RENDERER_CLASS)
VALUES ('cf067d1f58c044dd95e35c637de997ec', 0, 1, '/', '2ac557be14a7447492ade0bcf132d08a', '25', 'custNumber1', 1, 'PathRenderer', 'DetailRenderer');
INSERT INTO CNT_HISTORY_DEF_ITEM
 (ID, REVISION, ENTITY_VERSION, DOMAIN_ID, PARENT_ID, LINE_NO, FIELD_ID, TRACKING_LEVEL, PATH_RENDERER_CLASS, DETAIL_RENDERER_CLASS)
VALUES ('226b66964e5341ce86507b579e745042', 0, 1, '/', '2ac557be14a7447492ade0bcf132d08a', '26', 'custNumber2', 1, 'PathRenderer', 'DetailRenderer');
INSERT INTO CNT_HISTORY_DEF_ITEM
 (ID, REVISION, ENTITY_VERSION, DOMAIN_ID, PARENT_ID, LINE_NO, FIELD_ID, TRACKING_LEVEL, PATH_RENDERER_CLASS, DETAIL_RENDERER_CLASS)
VALUES ('014ce5c39d714fbcb5919fe991a44069', 0, 1, '/', '2ac557be14a7447492ade0bcf132d08a', '27', 'custNumber3', 1, 'PathRenderer', 'DetailRenderer');
INSERT INTO CNT_HISTORY_DEF_ITEM
 (ID, REVISION, ENTITY_VERSION, DOMAIN_ID, PARENT_ID, LINE_NO, FIELD_ID, TRACKING_LEVEL, PATH_RENDERER_CLASS, DETAIL_RENDERER_CLASS)
VALUES ('f076eecdaa264ffdaf2082b69a3782cc', 0, 1, '/', '2ac557be14a7447492ade0bcf132d08a', '28', 'custNumber4', 1, 'PathRenderer', 'DetailRenderer');
INSERT INTO CNT_HISTORY_DEF_ITEM
 (ID, REVISION, ENTITY_VERSION, DOMAIN_ID, PARENT_ID, LINE_NO, FIELD_ID, TRACKING_LEVEL, PATH_RENDERER_CLASS, DETAIL_RENDERER_CLASS)
VALUES ('22915034eebc4a9d972abc6c7a80ee2d', 0, 1, '/', '2ac557be14a7447492ade0bcf132d08a', '29', 'custNumber5', 1, 'PathRenderer', 'DetailRenderer');
INSERT INTO CNT_HISTORY_DEF_ITEM
 (ID, REVISION, ENTITY_VERSION, DOMAIN_ID, PARENT_ID, LINE_NO, FIELD_ID, TRACKING_LEVEL, PATH_RENDERER_CLASS, DETAIL_RENDERER_CLASS)
VALUES ('09194fee78da43708946006b201c9a1f', 0, 1, '/', '2ac557be14a7447492ade0bcf132d08a', '30', 'custNumber6', 1, 'PathRenderer', 'DetailRenderer');
INSERT INTO CNT_HISTORY_DEF_ITEM
 (ID, REVISION, ENTITY_VERSION, DOMAIN_ID, PARENT_ID, LINE_NO, FIELD_ID, TRACKING_LEVEL, PATH_RENDERER_CLASS, DETAIL_RENDERER_CLASS)
VALUES ('6e486579d7994d229cb63f0c0165565a', 0, 1, '/', '2ac557be14a7447492ade0bcf132d08a', '31', 'custNumber7', 1, 'PathRenderer', 'DetailRenderer');
INSERT INTO CNT_HISTORY_DEF_ITEM
 (ID, REVISION, ENTITY_VERSION, DOMAIN_ID, PARENT_ID, LINE_NO, FIELD_ID, TRACKING_LEVEL, PATH_RENDERER_CLASS, DETAIL_RENDERER_CLASS)
VALUES ('67b0431508c94c578b9090fa94e45e46', 0, 1, '/', '2ac557be14a7447492ade0bcf132d08a', '32', 'custDecimal1', 1, 'PathRenderer', 'DetailRenderer');
INSERT INTO CNT_HISTORY_DEF_ITEM
 (ID, REVISION, ENTITY_VERSION, DOMAIN_ID, PARENT_ID, LINE_NO, FIELD_ID, TRACKING_LEVEL, PATH_RENDERER_CLASS, DETAIL_RENDERER_CLASS)
VALUES ('ed2ef13af3f84eaa8295b555a5e086af', 0, 1, '/', '2ac557be14a7447492ade0bcf132d08a', '33', 'custDecimal2', 1, 'PathRenderer', 'DetailRenderer');
INSERT INTO CNT_HISTORY_DEF_ITEM
 (ID, REVISION, ENTITY_VERSION, DOMAIN_ID, PARENT_ID, LINE_NO, FIELD_ID, TRACKING_LEVEL, PATH_RENDERER_CLASS, DETAIL_RENDERER_CLASS)
VALUES ('27a7e0a0df974a6eaa92e3db9c0ddb15', 0, 1, '/', '2ac557be14a7447492ade0bcf132d08a', '34', 'custDecimal3', 1, 'PathRenderer', 'DetailRenderer');
INSERT INTO CNT_HISTORY_DEF_ITEM
 (ID, REVISION, ENTITY_VERSION, DOMAIN_ID, PARENT_ID, LINE_NO, FIELD_ID, TRACKING_LEVEL, PATH_RENDERER_CLASS, DETAIL_RENDERER_CLASS)
VALUES ('b16a849b27f2459cb0304634256c61ff', 0, 1, '/', '2ac557be14a7447492ade0bcf132d08a', '35', 'custDecimal4', 1, 'PathRenderer', 'DetailRenderer');
INSERT INTO CNT_HISTORY_DEF_ITEM
 (ID, REVISION, ENTITY_VERSION, DOMAIN_ID, PARENT_ID, LINE_NO, FIELD_ID, TRACKING_LEVEL, PATH_RENDERER_CLASS, DETAIL_RENDERER_CLASS)
VALUES ('58f30c54a3af4298a100761f9065eae6', 0, 1, '/', '2ac557be14a7447492ade0bcf132d08a', '36', 'custDecimal5', 1, 'PathRenderer', 'DetailRenderer');
INSERT INTO CNT_HISTORY_DEF_ITEM
 (ID, REVISION, ENTITY_VERSION, DOMAIN_ID, PARENT_ID, LINE_NO, FIELD_ID, TRACKING_LEVEL, PATH_RENDERER_CLASS, DETAIL_RENDERER_CLASS)
VALUES ('05a6d62b6de6487d8b9cda9c4053b0c7', 0, 1, '/', '2ac557be14a7447492ade0bcf132d08a', '37', 'custDecimal6', 1, 'PathRenderer', 'DetailRenderer');
INSERT INTO CNT_HISTORY_DEF_ITEM
 (ID, REVISION, ENTITY_VERSION, DOMAIN_ID, PARENT_ID, LINE_NO, FIELD_ID, TRACKING_LEVEL, PATH_RENDERER_CLASS, DETAIL_RENDERER_CLASS)
VALUES ('59edcb7ed483487f83ebae6c512687c0', 0, 1, '/', '2ac557be14a7447492ade0bcf132d08a', '38', 'custDecimal7', 1, 'PathRenderer', 'DetailRenderer');
INSERT INTO CNT_HISTORY_DEF_ITEM
 (ID, REVISION, ENTITY_VERSION, DOMAIN_ID, PARENT_ID, LINE_NO, FIELD_ID, TRACKING_LEVEL, PATH_RENDERER_CLASS, DETAIL_RENDERER_CLASS)
VALUES ('7f700f86c4aa4768ae4cf559d2c1af65', 0, 1, '/', '2ac557be14a7447492ade0bcf132d08a', '39', 'custCodelist1', 1, 'PathRenderer', 'DetailRenderer');
INSERT INTO CNT_HISTORY_DEF_ITEM
 (ID, REVISION, ENTITY_VERSION, DOMAIN_ID, PARENT_ID, LINE_NO, FIELD_ID, TRACKING_LEVEL, PATH_RENDERER_CLASS, DETAIL_RENDERER_CLASS)
VALUES ('69b0dd91895c44f7bb26864e1370baa1', 0, 1, '/', '2ac557be14a7447492ade0bcf132d08a', '40', 'custCodelist2', 1, 'PathRenderer', 'DetailRenderer');
INSERT INTO CNT_HISTORY_DEF_ITEM
 (ID, REVISION, ENTITY_VERSION, DOMAIN_ID, PARENT_ID, LINE_NO, FIELD_ID, TRACKING_LEVEL, PATH_RENDERER_CLASS, DETAIL_RENDERER_CLASS)
VALUES ('a384252dba464615b235cf650babb896', 0, 1, '/', '2ac557be14a7447492ade0bcf132d08a', '41', 'custCodelist3', 1, 'PathRenderer', 'DetailRenderer');
INSERT INTO CNT_HISTORY_DEF_ITEM
 (ID, REVISION, ENTITY_VERSION, DOMAIN_ID, PARENT_ID, LINE_NO, FIELD_ID, TRACKING_LEVEL, PATH_RENDERER_CLASS, DETAIL_RENDERER_CLASS)
VALUES ('2bf2c20a1bfa4a08b11f50523740183f', 0, 1, '/', '2ac557be14a7447492ade0bcf132d08a', '42', 'custCodelist4', 1, 'PathRenderer', 'DetailRenderer');
INSERT INTO CNT_HISTORY_DEF_ITEM
 (ID, REVISION, ENTITY_VERSION, DOMAIN_ID, PARENT_ID, LINE_NO, FIELD_ID, TRACKING_LEVEL, PATH_RENDERER_CLASS, DETAIL_RENDERER_CLASS)
VALUES ('1cace35acc054278aa1618f4ee9fa15b', 0, 1, '/', '2ac557be14a7447492ade0bcf132d08a', '43', 'custCodelist5', 1, 'PathRenderer', 'DetailRenderer');
INSERT INTO CNT_HISTORY_DEF_ITEM
 (ID, REVISION, ENTITY_VERSION, DOMAIN_ID, PARENT_ID, LINE_NO, FIELD_ID, TRACKING_LEVEL, PATH_RENDERER_CLASS, DETAIL_RENDERER_CLASS)
VALUES ('a1fa01d6d839468cb4d70d195a048c92', 0, 1, '/', '2ac557be14a7447492ade0bcf132d08a', '44', 'custCodelist6', 1, 'PathRenderer', 'DetailRenderer');
INSERT INTO CNT_HISTORY_DEF_ITEM
 (ID, REVISION, ENTITY_VERSION, DOMAIN_ID, PARENT_ID, LINE_NO, FIELD_ID, TRACKING_LEVEL, PATH_RENDERER_CLASS, DETAIL_RENDERER_CLASS)
VALUES ('44beee1f7e71420780599722a5db1e60', 0, 1, '/', '2ac557be14a7447492ade0bcf132d08a', '45', 'custCodelist7', 1, 'PathRenderer', 'DetailRenderer');
INSERT INTO CNT_HISTORY_DEF_ITEM
 (ID, REVISION, ENTITY_VERSION, DOMAIN_ID, PARENT_ID, LINE_NO, FIELD_ID, TRACKING_LEVEL, PATH_RENDERER_CLASS, DETAIL_RENDERER_CLASS)
VALUES ('1e8c77cc853f42e5b6a34827e4df5f36', 0, 1, '/', '2ac557be14a7447492ade0bcf132d08a', '46', 'custMemoText1', 1, 'PathRenderer', 'DetailRenderer');
INSERT INTO CNT_HISTORY_DEF_ITEM
 (ID, REVISION, ENTITY_VERSION, DOMAIN_ID, PARENT_ID, LINE_NO, FIELD_ID, TRACKING_LEVEL, PATH_RENDERER_CLASS, DETAIL_RENDERER_CLASS)
VALUES ('61cb1e13fa664b89ada076f213ab1690', 0, 1, '/', '2ac557be14a7447492ade0bcf132d08a', '47', 'custMemoText2', 1, 'PathRenderer', 'DetailRenderer');
INSERT INTO CNT_HISTORY_DEF_ITEM
 (ID, REVISION, ENTITY_VERSION, DOMAIN_ID, PARENT_ID, LINE_NO, FIELD_ID, TRACKING_LEVEL, PATH_RENDERER_CLASS, DETAIL_RENDERER_CLASS)
VALUES ('12853f1ac9bb42b4992d22550de491bc', 0, 1, '/', '2ac557be14a7447492ade0bcf132d08a', '48', 'custMemoText3', 1, 'PathRenderer', 'DetailRenderer');
INSERT INTO CNT_HISTORY_DEF_ITEM
 (ID, REVISION, ENTITY_VERSION, DOMAIN_ID, PARENT_ID, LINE_NO, FIELD_ID, TRACKING_LEVEL, PATH_RENDERER_CLASS, DETAIL_RENDERER_CLASS)
VALUES ('60c6e4a7594f4ff090aaba3ea1078b27', 0, 1, '/', '2ac557be14a7447492ade0bcf132d08a', '49', 'custMemoText4', 1, 'PathRenderer', 'DetailRenderer');
INSERT INTO CNT_HISTORY_DEF_ITEM
 (ID, REVISION, ENTITY_VERSION, DOMAIN_ID, PARENT_ID, LINE_NO, FIELD_ID, TRACKING_LEVEL, PATH_RENDERER_CLASS, DETAIL_RENDERER_CLASS)
VALUES ('449b626f2b784f1db045e0b27c0b468b', 0, 1, '/', '2ac557be14a7447492ade0bcf132d08a', '50', 'custMemoText5', 1, 'PathRenderer', 'DetailRenderer');
INSERT INTO CNT_HISTORY_DEF_ITEM
 (ID, REVISION, ENTITY_VERSION, DOMAIN_ID, PARENT_ID, LINE_NO, FIELD_ID, TRACKING_LEVEL, PATH_RENDERER_CLASS, DETAIL_RENDERER_CLASS)
VALUES ('2f71425618db4ffa9fbc9466cdebf9d4', 0, 1, '/', '2ac557be14a7447492ade0bcf132d08a', '51', 'custMemoText6', 1, 'PathRenderer', 'DetailRenderer');
INSERT INTO CNT_HISTORY_DEF_ITEM
 (ID, REVISION, ENTITY_VERSION, DOMAIN_ID, PARENT_ID, LINE_NO, FIELD_ID, TRACKING_LEVEL, PATH_RENDERER_CLASS, DETAIL_RENDERER_CLASS)
VALUES ('0ad56742aee148528b9105a02e78fa5b', 0, 1, '/', '2ac557be14a7447492ade0bcf132d08a', '52', 'custMemoText7', 1, 'PathRenderer', 'DetailRenderer');
INSERT INTO CNT_HISTORY_DEF_ITEM
 (ID, REVISION, ENTITY_VERSION, DOMAIN_ID, PARENT_ID, LINE_NO, FIELD_ID, TRACKING_LEVEL, PATH_RENDERER_CLASS, DETAIL_RENDERER_CLASS)
VALUES ('89a9aa2386cc4204b91deb0980a368f0', 0, 1, '/', '2ac557be14a7447492ade0bcf132d08a', '53', 'custHcl1', 1, 'PathRenderer', 'DetailRenderer');
INSERT INTO CNT_HISTORY_DEF_ITEM
 (ID, REVISION, ENTITY_VERSION, DOMAIN_ID, PARENT_ID, LINE_NO, FIELD_ID, TRACKING_LEVEL, PATH_RENDERER_CLASS, DETAIL_RENDERER_CLASS)
VALUES ('dcb7eb94fbd2424b9297f06f15aec660', 0, 1, '/', '2ac557be14a7447492ade0bcf132d08a', '54', 'custHcl2', 1, 'PathRenderer', 'DetailRenderer');
INSERT INTO CNT_HISTORY_DEF_ITEM
 (ID, REVISION, ENTITY_VERSION, DOMAIN_ID, PARENT_ID, LINE_NO, FIELD_ID, TRACKING_LEVEL, PATH_RENDERER_CLASS, DETAIL_RENDERER_CLASS)
VALUES ('ca21e60f479547fdba705f10129b72b9', 0, 1, '/', '2ac557be14a7447492ade0bcf132d08a', '55', 'custHcl3', 1, 'PathRenderer', 'DetailRenderer');
INSERT INTO CNT_HISTORY_DEF_ITEM
 (ID, REVISION, ENTITY_VERSION, DOMAIN_ID, PARENT_ID, LINE_NO, FIELD_ID, TRACKING_LEVEL, PATH_RENDERER_CLASS, DETAIL_RENDERER_CLASS)
VALUES ('d1a41251a1bb4d02ad425a099d561b40', 0, 1, '/', '2ac557be14a7447492ade0bcf132d08a', '56', 'custHcl4', 1, 'PathRenderer', 'DetailRenderer');
INSERT INTO CNT_HISTORY_DEF_ITEM
 (ID, REVISION, ENTITY_VERSION, DOMAIN_ID, PARENT_ID, LINE_NO, FIELD_ID, TRACKING_LEVEL, PATH_RENDERER_CLASS, DETAIL_RENDERER_CLASS)
VALUES ('a011cd5ca8f3493e8329368d332b231a', 0, 1, '/', '2ac557be14a7447492ade0bcf132d08a', '57', 'custHcl5', 1, 'PathRenderer', 'DetailRenderer');
INSERT INTO CNT_HISTORY_DEF_ITEM
 (ID, REVISION, ENTITY_VERSION, DOMAIN_ID, PARENT_ID, LINE_NO, FIELD_ID, TRACKING_LEVEL, PATH_RENDERER_CLASS, DETAIL_RENDERER_CLASS)
VALUES ('282f8a63bb6242ea814fb5dde5fbad83', 0, 1, '/', '2ac557be14a7447492ade0bcf132d08a', '58', 'marketName', 0, 'PathRenderer', 'DetailRenderer');
INSERT INTO CNT_HISTORY_DEF_ITEM
 (ID, REVISION, ENTITY_VERSION, DOMAIN_ID, PARENT_ID, LINE_NO, FIELD_ID, TRACKING_LEVEL, PATH_RENDERER_CLASS, DETAIL_RENDERER_CLASS)
VALUES ('4521d081934744268d11e11ca7e0a2e2', 0, 1, '/', '2ac557be14a7447492ade0bcf132d08a', '59', 'channelName', 0, 'PathRenderer', 'DetailRenderer');
INSERT INTO CNT_HISTORY_DEF_ITEM
 (ID, REVISION, ENTITY_VERSION, DOMAIN_ID, PARENT_ID, LINE_NO, FIELD_ID, TRACKING_LEVEL, PATH_RENDERER_CLASS, DETAIL_RENDERER_CLASS)
VALUES ('e06885e0c6434c328293d44e77ed3bde', 0, 1, '/', '2ac557be14a7447492ade0bcf132d08a', '60', 'custCodelist1Name', 0, 'PathRenderer', 'DetailRenderer');
INSERT INTO CNT_HISTORY_DEF_ITEM
 (ID, REVISION, ENTITY_VERSION, DOMAIN_ID, PARENT_ID, LINE_NO, FIELD_ID, TRACKING_LEVEL, PATH_RENDERER_CLASS, DETAIL_RENDERER_CLASS)
VALUES ('9fc72cce302a4b92a73fe47ae95af2f0', 0, 1, '/', '2ac557be14a7447492ade0bcf132d08a', '61', 'custCodelist2Name', 0, 'PathRenderer', 'DetailRenderer');
INSERT INTO CNT_HISTORY_DEF_ITEM
 (ID, REVISION, ENTITY_VERSION, DOMAIN_ID, PARENT_ID, LINE_NO, FIELD_ID, TRACKING_LEVEL, PATH_RENDERER_CLASS, DETAIL_RENDERER_CLASS)
VALUES ('f398d59f07d949198e6f83313ccde02a', 0, 1, '/', '2ac557be14a7447492ade0bcf132d08a', '62', 'custCodelist3Name', 0, 'PathRenderer', 'DetailRenderer');
INSERT INTO CNT_HISTORY_DEF_ITEM
 (ID, REVISION, ENTITY_VERSION, DOMAIN_ID, PARENT_ID, LINE_NO, FIELD_ID, TRACKING_LEVEL, PATH_RENDERER_CLASS, DETAIL_RENDERER_CLASS)
VALUES ('fab425aa2be54274b81df9a0e0b88dc0', 0, 1, '/', '2ac557be14a7447492ade0bcf132d08a', '63', 'custCodelist4Name', 0, 'PathRenderer', 'DetailRenderer');
INSERT INTO CNT_HISTORY_DEF_ITEM
 (ID, REVISION, ENTITY_VERSION, DOMAIN_ID, PARENT_ID, LINE_NO, FIELD_ID, TRACKING_LEVEL, PATH_RENDERER_CLASS, DETAIL_RENDERER_CLASS)
VALUES ('0b57603453174001bd93d516192c967e', 0, 1, '/', '2ac557be14a7447492ade0bcf132d08a', '64', 'custCodelist5Name', 0, 'PathRenderer', 'DetailRenderer');
INSERT INTO CNT_HISTORY_DEF_ITEM
 (ID, REVISION, ENTITY_VERSION, DOMAIN_ID, PARENT_ID, LINE_NO, FIELD_ID, TRACKING_LEVEL, PATH_RENDERER_CLASS, DETAIL_RENDERER_CLASS)
VALUES ('48c90d4d7d10439bb261aeba10739f1b', 0, 1, '/', '2ac557be14a7447492ade0bcf132d08a', '65', 'custCodelist6Name', 0, 'PathRenderer', 'DetailRenderer');
INSERT INTO CNT_HISTORY_DEF_ITEM
 (ID, REVISION, ENTITY_VERSION, DOMAIN_ID, PARENT_ID, LINE_NO, FIELD_ID, TRACKING_LEVEL, PATH_RENDERER_CLASS, DETAIL_RENDERER_CLASS)
VALUES ('9c0e0084aa554ccd88b23d9a9e6715af', 0, 1, '/', '2ac557be14a7447492ade0bcf132d08a', '66', 'custCodelist7Name', 0, 'PathRenderer', 'DetailRenderer');
INSERT INTO CNT_HISTORY_DEF_ITEM
 (ID, REVISION, ENTITY_VERSION, DOMAIN_ID, PARENT_ID, LINE_NO, FIELD_ID, TRACKING_LEVEL, PATH_RENDERER_CLASS, DETAIL_RENDERER_CLASS)
VALUES ('40db0236135c401b8a65993c6c932c75', 0, 1, '/', '2ac557be14a7447492ade0bcf132d08a', '67', 'custHcl1Ref', 0, 'PathRenderer', 'DetailRenderer');
INSERT INTO CNT_HISTORY_DEF_ITEM
 (ID, REVISION, ENTITY_VERSION, DOMAIN_ID, PARENT_ID, LINE_NO, FIELD_ID, TRACKING_LEVEL, PATH_RENDERER_CLASS, DETAIL_RENDERER_CLASS)
VALUES ('92634a46141d4a0587deb2a8037739c8', 0, 1, '/', '2ac557be14a7447492ade0bcf132d08a', '68', 'custHcl1Ver', 0, 'PathRenderer', 'DetailRenderer');
INSERT INTO CNT_HISTORY_DEF_ITEM
 (ID, REVISION, ENTITY_VERSION, DOMAIN_ID, PARENT_ID, LINE_NO, FIELD_ID, TRACKING_LEVEL, PATH_RENDERER_CLASS, DETAIL_RENDERER_CLASS)
VALUES ('00791219a443452d8b785eaf5daf3578', 0, 1, '/', '2ac557be14a7447492ade0bcf132d08a', '69', 'custHcl1Ref2', 0, 'PathRenderer', 'DetailRenderer');
INSERT INTO CNT_HISTORY_DEF_ITEM
 (ID, REVISION, ENTITY_VERSION, DOMAIN_ID, PARENT_ID, LINE_NO, FIELD_ID, TRACKING_LEVEL, PATH_RENDERER_CLASS, DETAIL_RENDERER_CLASS)
VALUES ('13c34ed776024fc28eb834129d3119d9', 0, 1, '/', '2ac557be14a7447492ade0bcf132d08a', '70', 'custHcl1FullLineage', 0, 'PathRenderer', 'DetailRenderer');
INSERT INTO CNT_HISTORY_DEF_ITEM
 (ID, REVISION, ENTITY_VERSION, DOMAIN_ID, PARENT_ID, LINE_NO, FIELD_ID, TRACKING_LEVEL, PATH_RENDERER_CLASS, DETAIL_RENDERER_CLASS)
VALUES ('ea520f1e5ba34ea19449a0063b8100b9', 0, 1, '/', '2ac557be14a7447492ade0bcf132d08a', '71', 'custHcl2Ref', 0, 'PathRenderer', 'DetailRenderer');
INSERT INTO CNT_HISTORY_DEF_ITEM
 (ID, REVISION, ENTITY_VERSION, DOMAIN_ID, PARENT_ID, LINE_NO, FIELD_ID, TRACKING_LEVEL, PATH_RENDERER_CLASS, DETAIL_RENDERER_CLASS)
VALUES ('3a1954b90fcf4218a2079a69f907c76e', 0, 1, '/', '2ac557be14a7447492ade0bcf132d08a', '72', 'custHcl2Ver', 0, 'PathRenderer', 'DetailRenderer');
INSERT INTO CNT_HISTORY_DEF_ITEM
 (ID, REVISION, ENTITY_VERSION, DOMAIN_ID, PARENT_ID, LINE_NO, FIELD_ID, TRACKING_LEVEL, PATH_RENDERER_CLASS, DETAIL_RENDERER_CLASS)
VALUES ('23f7655c474f4a7cbf84002eb4e8215d', 0, 1, '/', '2ac557be14a7447492ade0bcf132d08a', '73', 'custHcl2Ref2', 0, 'PathRenderer', 'DetailRenderer');
INSERT INTO CNT_HISTORY_DEF_ITEM
 (ID, REVISION, ENTITY_VERSION, DOMAIN_ID, PARENT_ID, LINE_NO, FIELD_ID, TRACKING_LEVEL, PATH_RENDERER_CLASS, DETAIL_RENDERER_CLASS)
VALUES ('0a43e0a55c974c15a3066cf48fbd09fe', 0, 1, '/', '2ac557be14a7447492ade0bcf132d08a', '74', 'custHcl2FullLineage', 0, 'PathRenderer', 'DetailRenderer');
INSERT INTO CNT_HISTORY_DEF_ITEM
 (ID, REVISION, ENTITY_VERSION, DOMAIN_ID, PARENT_ID, LINE_NO, FIELD_ID, TRACKING_LEVEL, PATH_RENDERER_CLASS, DETAIL_RENDERER_CLASS)
VALUES ('0c66772203b343959d9cc7ab967b039a', 0, 1, '/', '2ac557be14a7447492ade0bcf132d08a', '75', 'custHcl3Ref', 0, 'PathRenderer', 'DetailRenderer');
INSERT INTO CNT_HISTORY_DEF_ITEM
 (ID, REVISION, ENTITY_VERSION, DOMAIN_ID, PARENT_ID, LINE_NO, FIELD_ID, TRACKING_LEVEL, PATH_RENDERER_CLASS, DETAIL_RENDERER_CLASS)
VALUES ('f08fba524f77469892f80deb7863d1f0', 0, 1, '/', '2ac557be14a7447492ade0bcf132d08a', '76', 'custHcl3Ver', 0, 'PathRenderer', 'DetailRenderer');
INSERT INTO CNT_HISTORY_DEF_ITEM
 (ID, REVISION, ENTITY_VERSION, DOMAIN_ID, PARENT_ID, LINE_NO, FIELD_ID, TRACKING_LEVEL, PATH_RENDERER_CLASS, DETAIL_RENDERER_CLASS)
VALUES ('e7b2a5e00f1f47b1b3a56ed130ac8952', 0, 1, '/', '2ac557be14a7447492ade0bcf132d08a', '77', 'custHcl3Ref2', 0, 'PathRenderer', 'DetailRenderer');
INSERT INTO CNT_HISTORY_DEF_ITEM
 (ID, REVISION, ENTITY_VERSION, DOMAIN_ID, PARENT_ID, LINE_NO, FIELD_ID, TRACKING_LEVEL, PATH_RENDERER_CLASS, DETAIL_RENDERER_CLASS)
VALUES ('f5057b9d07724117a940e7c21d26f3fa', 0, 1, '/', '2ac557be14a7447492ade0bcf132d08a', '78', 'custHcl3FullLineage', 0, 'PathRenderer', 'DetailRenderer');
INSERT INTO CNT_HISTORY_DEF_ITEM
 (ID, REVISION, ENTITY_VERSION, DOMAIN_ID, PARENT_ID, LINE_NO, FIELD_ID, TRACKING_LEVEL, PATH_RENDERER_CLASS, DETAIL_RENDERER_CLASS)
VALUES ('24708242439d44c38f37ab912d59eeb1', 0, 1, '/', '2ac557be14a7447492ade0bcf132d08a', '79', 'custHcl4Ref', 0, 'PathRenderer', 'DetailRenderer');
INSERT INTO CNT_HISTORY_DEF_ITEM
 (ID, REVISION, ENTITY_VERSION, DOMAIN_ID, PARENT_ID, LINE_NO, FIELD_ID, TRACKING_LEVEL, PATH_RENDERER_CLASS, DETAIL_RENDERER_CLASS)
VALUES ('96525d7eebda40f894309925725f2db5', 0, 1, '/', '2ac557be14a7447492ade0bcf132d08a', '80', 'custHcl4Ver', 0, 'PathRenderer', 'DetailRenderer');
INSERT INTO CNT_HISTORY_DEF_ITEM
 (ID, REVISION, ENTITY_VERSION, DOMAIN_ID, PARENT_ID, LINE_NO, FIELD_ID, TRACKING_LEVEL, PATH_RENDERER_CLASS, DETAIL_RENDERER_CLASS)
VALUES ('528e063ee1ed41918e858ceab61bcaa3', 0, 1, '/', '2ac557be14a7447492ade0bcf132d08a', '81', 'custHcl4Ref2', 0, 'PathRenderer', 'DetailRenderer');
INSERT INTO CNT_HISTORY_DEF_ITEM
 (ID, REVISION, ENTITY_VERSION, DOMAIN_ID, PARENT_ID, LINE_NO, FIELD_ID, TRACKING_LEVEL, PATH_RENDERER_CLASS, DETAIL_RENDERER_CLASS)
VALUES ('0bcbb3c834be4e61af3522f1c70c1885', 0, 1, '/', '2ac557be14a7447492ade0bcf132d08a', '82', 'custHcl4FullLineage', 0, 'PathRenderer', 'DetailRenderer');
INSERT INTO CNT_HISTORY_DEF_ITEM
 (ID, REVISION, ENTITY_VERSION, DOMAIN_ID, PARENT_ID, LINE_NO, FIELD_ID, TRACKING_LEVEL, PATH_RENDERER_CLASS, DETAIL_RENDERER_CLASS)
VALUES ('0ab8d505dc914066aaa905b2b5ac81a1', 0, 1, '/', '2ac557be14a7447492ade0bcf132d08a', '83', 'custHcl5Ref', 0, 'PathRenderer', 'DetailRenderer');
INSERT INTO CNT_HISTORY_DEF_ITEM
 (ID, REVISION, ENTITY_VERSION, DOMAIN_ID, PARENT_ID, LINE_NO, FIELD_ID, TRACKING_LEVEL, PATH_RENDERER_CLASS, DETAIL_RENDERER_CLASS)
VALUES ('0e5e41fb3b9842bd9a09092053d60f9f', 0, 1, '/', '2ac557be14a7447492ade0bcf132d08a', '84', 'custHcl5Ver', 0, 'PathRenderer', 'DetailRenderer');
INSERT INTO CNT_HISTORY_DEF_ITEM
 (ID, REVISION, ENTITY_VERSION, DOMAIN_ID, PARENT_ID, LINE_NO, FIELD_ID, TRACKING_LEVEL, PATH_RENDERER_CLASS, DETAIL_RENDERER_CLASS)
VALUES ('cf746abe821c43f19a4b8665a88152bc', 0, 1, '/', '2ac557be14a7447492ade0bcf132d08a', '85', 'custHcl5Ref2', 0, 'PathRenderer', 'DetailRenderer');
INSERT INTO CNT_HISTORY_DEF_ITEM
 (ID, REVISION, ENTITY_VERSION, DOMAIN_ID, PARENT_ID, LINE_NO, FIELD_ID, TRACKING_LEVEL, PATH_RENDERER_CLASS, DETAIL_RENDERER_CLASS)
VALUES ('12c248407c5647cf931bcebe5901af57', 0, 1, '/', '2ac557be14a7447492ade0bcf132d08a', '86', 'custHcl5FullLineage', 0, 'PathRenderer', 'DetailRenderer');
INSERT INTO CNT_HISTORY_DEF
 (ID, REVISION, APPLY_ENTITY, ENTITY_VERSION, DOMAIN_ID , GENERATED, CREATE_USER, CREATE_USER_NAME, CREATED_ON)
VALUES ('057e550d14224cbaaeafb438b0f13331', 0, 'Cust', 1, '/', 1, 'system', 'system', systimestamp);
INSERT INTO CNT_HISTORY_DEF_ITEM
 (ID, REVISION, ENTITY_VERSION, DOMAIN_ID, PARENT_ID, LINE_NO, FIELD_ID, TRACKING_LEVEL, PATH_RENDERER_CLASS, DETAIL_RENDERER_CLASS)
VALUES ('66464f546bf24601ac91d8a17db1c346', 0, 1, '/', '057e550d14224cbaaeafb438b0f13331', '0', 'id', 1, 'PathRenderer', 'DetailRenderer');
INSERT INTO CNT_HISTORY_DEF_ITEM
 (ID, REVISION, ENTITY_VERSION, DOMAIN_ID, PARENT_ID, LINE_NO, FIELD_ID, TRACKING_LEVEL, PATH_RENDERER_CLASS, DETAIL_RENDERER_CLASS)
VALUES ('fc14b8cc578b4d5c8124bb49487c5601', 0, 1, '/', '057e550d14224cbaaeafb438b0f13331', '1', 'revision', 1, 'PathRenderer', 'DetailRenderer');
INSERT INTO CNT_HISTORY_DEF_ITEM
 (ID, REVISION, ENTITY_VERSION, DOMAIN_ID, PARENT_ID, LINE_NO, FIELD_ID, TRACKING_LEVEL, PATH_RENDERER_CLASS, DETAIL_RENDERER_CLASS)
VALUES ('7897e9b8b3284f4bb5707c2288771e0f', 0, 1, '/', '057e550d14224cbaaeafb438b0f13331', '2', 'entityVersion', 1, 'PathRenderer', 'DetailRenderer');
INSERT INTO CNT_HISTORY_DEF_ITEM
 (ID, REVISION, ENTITY_VERSION, DOMAIN_ID, PARENT_ID, LINE_NO, FIELD_ID, TRACKING_LEVEL, PATH_RENDERER_CLASS, DETAIL_RENDERER_CLASS)
VALUES ('f1eeb9725dd94f6eabc27e8edf8223e5', 0, 1, '/', '057e550d14224cbaaeafb438b0f13331', '3', 'domainId', 1, 'PathRenderer', 'DetailRenderer');
INSERT INTO CNT_HISTORY_DEF_ITEM
 (ID, REVISION, ENTITY_VERSION, DOMAIN_ID, PARENT_ID, LINE_NO, FIELD_ID, TRACKING_LEVEL, PATH_RENDERER_CLASS, DETAIL_RENDERER_CLASS)
VALUES ('481e27921dab43f4a16a045c23612101', 0, 1, '/', '057e550d14224cbaaeafb438b0f13331', '4', 'hubDomainId', 1, 'PathRenderer', 'DetailRenderer');
INSERT INTO CNT_HISTORY_DEF_ITEM
 (ID, REVISION, ENTITY_VERSION, DOMAIN_ID, PARENT_ID, LINE_NO, FIELD_ID, TRACKING_LEVEL, PATH_RENDERER_CLASS, DETAIL_RENDERER_CLASS)
VALUES ('9e080cb3d65f4cc4ace91f9833214aa4', 0, 1, '/', '057e550d14224cbaaeafb438b0f13331', '5', 'isForReference', 1, 'PathRenderer', 'DetailRenderer');
INSERT INTO CNT_HISTORY_DEF_ITEM
 (ID, REVISION, ENTITY_VERSION, DOMAIN_ID, PARENT_ID, LINE_NO, FIELD_ID, TRACKING_LEVEL, PATH_RENDERER_CLASS, DETAIL_RENDERER_CLASS)
VALUES ('7547899507664064b43225aeb822d32b', 0, 1, '/', '057e550d14224cbaaeafb438b0f13331', '6', 'version', 1, 'PathRenderer', 'DetailRenderer');
INSERT INTO CNT_HISTORY_DEF_ITEM
 (ID, REVISION, ENTITY_VERSION, DOMAIN_ID, PARENT_ID, LINE_NO, FIELD_ID, TRACKING_LEVEL, PATH_RENDERER_CLASS, DETAIL_RENDERER_CLASS)
VALUES ('f165dae76b10483c995c9e209911e811', 0, 1, '/', '057e550d14224cbaaeafb438b0f13331', '7', 'status', 1, 'PathRenderer', 'DetailRenderer');
INSERT INTO CNT_HISTORY_DEF_ITEM
 (ID, REVISION, ENTITY_VERSION, DOMAIN_ID, PARENT_ID, LINE_NO, FIELD_ID, TRACKING_LEVEL, PATH_RENDERER_CLASS, DETAIL_RENDERER_CLASS)
VALUES ('ac79c357e0274bcd9af635df723a8960', 0, 1, '/', '057e550d14224cbaaeafb438b0f13331', '8', 'docStatus', 1, 'PathRenderer', 'DetailRenderer');
INSERT INTO CNT_HISTORY_DEF_ITEM
 (ID, REVISION, ENTITY_VERSION, DOMAIN_ID, PARENT_ID, LINE_NO, FIELD_ID, TRACKING_LEVEL, PATH_RENDERER_CLASS, DETAIL_RENDERER_CLASS)
VALUES ('103cdaf66a6940b891b228320d2be797', 0, 1, '/', '057e550d14224cbaaeafb438b0f13331', '9', 'editingStatus', 1, 'PathRenderer', 'DetailRenderer');
INSERT INTO CNT_HISTORY_DEF_ITEM
 (ID, REVISION, ENTITY_VERSION, DOMAIN_ID, PARENT_ID, LINE_NO, FIELD_ID, TRACKING_LEVEL, PATH_RENDERER_CLASS, DETAIL_RENDERER_CLASS)
VALUES ('77a6cf65bc904150963b5cc54f0e1ee7', 0, 1, '/', '057e550d14224cbaaeafb438b0f13331', '10', 'createUser', 1, 'PathRenderer', 'DetailRenderer');
INSERT INTO CNT_HISTORY_DEF_ITEM
 (ID, REVISION, ENTITY_VERSION, DOMAIN_ID, PARENT_ID, LINE_NO, FIELD_ID, TRACKING_LEVEL, PATH_RENDERER_CLASS, DETAIL_RENDERER_CLASS)
VALUES ('22a8dcb9c7694608825132804a7d8687', 0, 1, '/', '057e550d14224cbaaeafb438b0f13331', '11', 'createUserName', 1, 'PathRenderer', 'DetailRenderer');
INSERT INTO CNT_HISTORY_DEF_ITEM
 (ID, REVISION, ENTITY_VERSION, DOMAIN_ID, PARENT_ID, LINE_NO, FIELD_ID, TRACKING_LEVEL, PATH_RENDERER_CLASS, DETAIL_RENDERER_CLASS)
VALUES ('fe0b281b5b2c45f48e6bc134d967eac3', 0, 1, '/', '057e550d14224cbaaeafb438b0f13331', '12', 'updateUser', 1, 'PathRenderer', 'DetailRenderer');
INSERT INTO CNT_HISTORY_DEF_ITEM
 (ID, REVISION, ENTITY_VERSION, DOMAIN_ID, PARENT_ID, LINE_NO, FIELD_ID, TRACKING_LEVEL, PATH_RENDERER_CLASS, DETAIL_RENDERER_CLASS)
VALUES ('4851683ef40c495cad7218b1da69fdae', 0, 1, '/', '057e550d14224cbaaeafb438b0f13331', '13', 'updateUserName', 1, 'PathRenderer', 'DetailRenderer');
INSERT INTO CNT_HISTORY_DEF_ITEM
 (ID, REVISION, ENTITY_VERSION, DOMAIN_ID, PARENT_ID, LINE_NO, FIELD_ID, TRACKING_LEVEL, PATH_RENDERER_CLASS, DETAIL_RENDERER_CLASS)
VALUES ('83baf4a0fae245ea81c625637f7b780c', 0, 1, '/', '057e550d14224cbaaeafb438b0f13331', '14', 'createdOn', 1, 'PathRenderer', 'DetailRenderer');
INSERT INTO CNT_HISTORY_DEF_ITEM
 (ID, REVISION, ENTITY_VERSION, DOMAIN_ID, PARENT_ID, LINE_NO, FIELD_ID, TRACKING_LEVEL, PATH_RENDERER_CLASS, DETAIL_RENDERER_CLASS)
VALUES ('80d7567f93904cc7911769a213e2deec', 0, 1, '/', '057e550d14224cbaaeafb438b0f13331', '15', 'updatedOn', 1, 'PathRenderer', 'DetailRenderer');
INSERT INTO CNT_HISTORY_DEF_ITEM
 (ID, REVISION, ENTITY_VERSION, DOMAIN_ID, PARENT_ID, LINE_NO, FIELD_ID, TRACKING_LEVEL, PATH_RENDERER_CLASS, DETAIL_RENDERER_CLASS)
VALUES ('f15ca1f7367d456c95af8428ef69e23f', 0, 1, '/', '057e550d14224cbaaeafb438b0f13331', '16', 'integrationSource', 1, 'PathRenderer', 'DetailRenderer');
INSERT INTO CNT_HISTORY_DEF_ITEM
 (ID, REVISION, ENTITY_VERSION, DOMAIN_ID, PARENT_ID, LINE_NO, FIELD_ID, TRACKING_LEVEL, PATH_RENDERER_CLASS, DETAIL_RENDERER_CLASS)
VALUES ('a4d1cd40e151459dae79587033df52e5', 0, 1, '/', '057e550d14224cbaaeafb438b0f13331', '17', 'integrationStatus', 1, 'PathRenderer', 'DetailRenderer');
INSERT INTO CNT_HISTORY_DEF_ITEM
 (ID, REVISION, ENTITY_VERSION, DOMAIN_ID, PARENT_ID, LINE_NO, FIELD_ID, TRACKING_LEVEL, PATH_RENDERER_CLASS, DETAIL_RENDERER_CLASS)
VALUES ('66921cd0c77c4746948c33df268137eb', 0, 1, '/', '057e550d14224cbaaeafb438b0f13331', '18', 'integrationNote', 1, 'PathRenderer', 'DetailRenderer');
INSERT INTO CNT_HISTORY_DEF_ITEM
 (ID, REVISION, ENTITY_VERSION, DOMAIN_ID, PARENT_ID, LINE_NO, FIELD_ID, TRACKING_LEVEL, PATH_RENDERER_CLASS, DETAIL_RENDERER_CLASS)
VALUES ('eb454cf9e7454e7196311fc400456573', 0, 1, '/', '057e550d14224cbaaeafb438b0f13331', '19', 'isCpmInitialized', 1, 'PathRenderer', 'DetailRenderer');
INSERT INTO CNT_HISTORY_DEF_ITEM
 (ID, REVISION, ENTITY_VERSION, DOMAIN_ID, PARENT_ID, LINE_NO, FIELD_ID, TRACKING_LEVEL, PATH_RENDERER_CLASS, DETAIL_RENDERER_CLASS)
VALUES ('37f41908473e4cba81453d5141c4bc01', 0, 1, '/', '057e550d14224cbaaeafb438b0f13331', '20', 'isLatest', 1, 'PathRenderer', 'DetailRenderer');
INSERT INTO CNT_HISTORY_DEF_ITEM
 (ID, REVISION, ENTITY_VERSION, DOMAIN_ID, PARENT_ID, LINE_NO, FIELD_ID, TRACKING_LEVEL, PATH_RENDERER_CLASS, DETAIL_RENDERER_CLASS)
VALUES ('d0bffe7a865149fdbe49b87fe52263e5', 0, 1, '/', '057e550d14224cbaaeafb438b0f13331', '21', 'custCode', 2, 'PathRenderer', 'DetailRenderer');
INSERT INTO CNT_HISTORY_DEF_ITEM
 (ID, REVISION, ENTITY_VERSION, DOMAIN_ID, PARENT_ID, LINE_NO, FIELD_ID, TRACKING_LEVEL, PATH_RENDERER_CLASS, DETAIL_RENDERER_CLASS)
VALUES ('958a2ef074244b6eb806efadea079695', 0, 1, '/', '057e550d14224cbaaeafb438b0f13331', '22', 'reference', 2, 'PathRenderer', 'DetailRenderer');
INSERT INTO CNT_HISTORY_DEF_ITEM
 (ID, REVISION, ENTITY_VERSION, DOMAIN_ID, PARENT_ID, LINE_NO, FIELD_ID, TRACKING_LEVEL, PATH_RENDERER_CLASS, DETAIL_RENDERER_CLASS)
VALUES ('4be272bb183944d59fd729f8170b7852', 0, 1, '/', '057e550d14224cbaaeafb438b0f13331', '23', 'businessName', 2, 'PathRenderer', 'DetailRenderer');
INSERT INTO CNT_HISTORY_DEF_ITEM
 (ID, REVISION, ENTITY_VERSION, DOMAIN_ID, PARENT_ID, LINE_NO, FIELD_ID, TRACKING_LEVEL, PATH_RENDERER_CLASS, DETAIL_RENDERER_CLASS)
VALUES ('0acb3c05bd6143c499e224f8eb37882e', 0, 1, '/', '057e550d14224cbaaeafb438b0f13331', '24', 'shortName', 1, 'PathRenderer', 'DetailRenderer');
INSERT INTO CNT_HISTORY_DEF_ITEM
 (ID, REVISION, ENTITY_VERSION, DOMAIN_ID, PARENT_ID, LINE_NO, FIELD_ID, TRACKING_LEVEL, PATH_RENDERER_CLASS, DETAIL_RENDERER_CLASS)
VALUES ('b6755577e2554617b75ec72c04844dcf', 0, 1, '/', '057e550d14224cbaaeafb438b0f13331', '25', 'parentGroup', 2, 'PathRenderer', 'DetailRenderer');
INSERT INTO CNT_HISTORY_DEF_ITEM
 (ID, REVISION, ENTITY_VERSION, DOMAIN_ID, PARENT_ID, LINE_NO, FIELD_ID, TRACKING_LEVEL, PATH_RENDERER_CLASS, DETAIL_RENDERER_CLASS)
VALUES ('26e7b256b991450a83357288c29d6725', 0, 1, '/', '057e550d14224cbaaeafb438b0f13331', '26', 'remarks', 1, 'PathRenderer', 'DetailRenderer');
INSERT INTO CNT_HISTORY_DEF_ITEM
 (ID, REVISION, ENTITY_VERSION, DOMAIN_ID, PARENT_ID, LINE_NO, FIELD_ID, TRACKING_LEVEL, PATH_RENDERER_CLASS, DETAIL_RENDERER_CLASS)
VALUES ('19e9597ae3e2478ba085e3be7b4082b5', 0, 1, '/', '057e550d14224cbaaeafb438b0f13331', '27', 'addressId', 1, 'PathRenderer', 'DetailRenderer');
INSERT INTO CNT_HISTORY_DEF_ITEM
 (ID, REVISION, ENTITY_VERSION, DOMAIN_ID, PARENT_ID, LINE_NO, FIELD_ID, TRACKING_LEVEL, PATH_RENDERER_CLASS, DETAIL_RENDERER_CLASS)
VALUES ('07036c8cb46a416d9f6deb0f8cbddd22', 0, 1, '/', '057e550d14224cbaaeafb438b0f13331', '28', 'address1', 1, 'PathRenderer', 'DetailRenderer');
INSERT INTO CNT_HISTORY_DEF_ITEM
 (ID, REVISION, ENTITY_VERSION, DOMAIN_ID, PARENT_ID, LINE_NO, FIELD_ID, TRACKING_LEVEL, PATH_RENDERER_CLASS, DETAIL_RENDERER_CLASS)
VALUES ('27418499c3a8413fa6c275c72b7d5e58', 0, 1, '/', '057e550d14224cbaaeafb438b0f13331', '29', 'address2', 1, 'PathRenderer', 'DetailRenderer');
INSERT INTO CNT_HISTORY_DEF_ITEM
 (ID, REVISION, ENTITY_VERSION, DOMAIN_ID, PARENT_ID, LINE_NO, FIELD_ID, TRACKING_LEVEL, PATH_RENDERER_CLASS, DETAIL_RENDERER_CLASS)
VALUES ('f58e8b1120444427a93661db4bfbdc6b', 0, 1, '/', '057e550d14224cbaaeafb438b0f13331', '30', 'address3', 1, 'PathRenderer', 'DetailRenderer');
INSERT INTO CNT_HISTORY_DEF_ITEM
 (ID, REVISION, ENTITY_VERSION, DOMAIN_ID, PARENT_ID, LINE_NO, FIELD_ID, TRACKING_LEVEL, PATH_RENDERER_CLASS, DETAIL_RENDERER_CLASS)
VALUES ('5b0fdaccbd7a44a98b1b4a56bc0ff790', 0, 1, '/', '057e550d14224cbaaeafb438b0f13331', '31', 'address4', 1, 'PathRenderer', 'DetailRenderer');
INSERT INTO CNT_HISTORY_DEF_ITEM
 (ID, REVISION, ENTITY_VERSION, DOMAIN_ID, PARENT_ID, LINE_NO, FIELD_ID, TRACKING_LEVEL, PATH_RENDERER_CLASS, DETAIL_RENDERER_CLASS)
VALUES ('327d8512d0e14cacb3e17809c6e4a135', 0, 1, '/', '057e550d14224cbaaeafb438b0f13331', '32', 'city', 1, 'PathRenderer', 'DetailRenderer');
INSERT INTO CNT_HISTORY_DEF_ITEM
 (ID, REVISION, ENTITY_VERSION, DOMAIN_ID, PARENT_ID, LINE_NO, FIELD_ID, TRACKING_LEVEL, PATH_RENDERER_CLASS, DETAIL_RENDERER_CLASS)
VALUES ('a3804b8c1efe4cf5a1097c0bbac1821c', 0, 1, '/', '057e550d14224cbaaeafb438b0f13331', '33', 'state', 1, 'PathRenderer', 'DetailRenderer');
INSERT INTO CNT_HISTORY_DEF_ITEM
 (ID, REVISION, ENTITY_VERSION, DOMAIN_ID, PARENT_ID, LINE_NO, FIELD_ID, TRACKING_LEVEL, PATH_RENDERER_CLASS, DETAIL_RENDERER_CLASS)
VALUES ('74c3a19f46814e5e8eeb4f8b6cdb69fc', 0, 1, '/', '057e550d14224cbaaeafb438b0f13331', '34', 'postalCode', 1, 'PathRenderer', 'DetailRenderer');
INSERT INTO CNT_HISTORY_DEF_ITEM
 (ID, REVISION, ENTITY_VERSION, DOMAIN_ID, PARENT_ID, LINE_NO, FIELD_ID, TRACKING_LEVEL, PATH_RENDERER_CLASS, DETAIL_RENDERER_CLASS)
VALUES ('62d01721f1dd4ea8b7b0958f5521a446', 0, 1, '/', '057e550d14224cbaaeafb438b0f13331', '35', 'country', 1, 'PathRenderer', 'DetailRenderer');
INSERT INTO CNT_HISTORY_DEF_ITEM
 (ID, REVISION, ENTITY_VERSION, DOMAIN_ID, PARENT_ID, LINE_NO, FIELD_ID, TRACKING_LEVEL, PATH_RENDERER_CLASS, DETAIL_RENDERER_CLASS)
VALUES ('f1ef9a6709fd4f00b6907e70fd9de5ff', 0, 1, '/', '057e550d14224cbaaeafb438b0f13331', '36', 'addressRemarks', 1, 'PathRenderer', 'DetailRenderer');
INSERT INTO CNT_HISTORY_DEF_ITEM
 (ID, REVISION, ENTITY_VERSION, DOMAIN_ID, PARENT_ID, LINE_NO, FIELD_ID, TRACKING_LEVEL, PATH_RENDERER_CLASS, DETAIL_RENDERER_CLASS)
VALUES ('78cca0f12b824e5da6190a1bdc203109', 0, 1, '/', '057e550d14224cbaaeafb438b0f13331', '37', 'currency', 1, 'PathRenderer', 'DetailRenderer');
INSERT INTO CNT_HISTORY_DEF_ITEM
 (ID, REVISION, ENTITY_VERSION, DOMAIN_ID, PARENT_ID, LINE_NO, FIELD_ID, TRACKING_LEVEL, PATH_RENDERER_CLASS, DETAIL_RENDERER_CLASS)
VALUES ('a71d73ae901c48b8bdbb10606bd2e659', 0, 1, '/', '057e550d14224cbaaeafb438b0f13331', '38', 'paymentMethod', 1, 'PathRenderer', 'DetailRenderer');
INSERT INTO CNT_HISTORY_DEF_ITEM
 (ID, REVISION, ENTITY_VERSION, DOMAIN_ID, PARENT_ID, LINE_NO, FIELD_ID, TRACKING_LEVEL, PATH_RENDERER_CLASS, DETAIL_RENDERER_CLASS)
VALUES ('9d9708d83169480da06beffefa122b92', 0, 1, '/', '057e550d14224cbaaeafb438b0f13331', '39', 'paymentTerm', 1, 'PathRenderer', 'DetailRenderer');
INSERT INTO CNT_HISTORY_DEF_ITEM
 (ID, REVISION, ENTITY_VERSION, DOMAIN_ID, PARENT_ID, LINE_NO, FIELD_ID, TRACKING_LEVEL, PATH_RENDERER_CLASS, DETAIL_RENDERER_CLASS)
VALUES ('320bf8b323854b9fab91cfcfaed0f920', 0, 1, '/', '057e550d14224cbaaeafb438b0f13331', '40', 'paymentInstruction', 1, 'PathRenderer', 'DetailRenderer');
INSERT INTO CNT_HISTORY_DEF_ITEM
 (ID, REVISION, ENTITY_VERSION, DOMAIN_ID, PARENT_ID, LINE_NO, FIELD_ID, TRACKING_LEVEL, PATH_RENDERER_CLASS, DETAIL_RENDERER_CLASS)
VALUES ('478a584c0b2941dd9647d5f527cfb99a', 0, 1, '/', '057e550d14224cbaaeafb438b0f13331', '41', 'shipmentMethod', 1, 'PathRenderer', 'DetailRenderer');
INSERT INTO CNT_HISTORY_DEF_ITEM
 (ID, REVISION, ENTITY_VERSION, DOMAIN_ID, PARENT_ID, LINE_NO, FIELD_ID, TRACKING_LEVEL, PATH_RENDERER_CLASS, DETAIL_RENDERER_CLASS)
VALUES ('a9e764c18c8a4f8b92d9cdfb234fc184', 0, 1, '/', '057e550d14224cbaaeafb438b0f13331', '42', 'incoterm', 1, 'PathRenderer', 'DetailRenderer');
INSERT INTO CNT_HISTORY_DEF_ITEM
 (ID, REVISION, ENTITY_VERSION, DOMAIN_ID, PARENT_ID, LINE_NO, FIELD_ID, TRACKING_LEVEL, PATH_RENDERER_CLASS, DETAIL_RENDERER_CLASS)
VALUES ('dc10c559a1a84772bf42df552846aa72', 0, 1, '/', '057e550d14224cbaaeafb438b0f13331', '43', 'leadTime', 1, 'PathRenderer', 'DetailRenderer');
INSERT INTO CNT_HISTORY_DEF_ITEM
 (ID, REVISION, ENTITY_VERSION, DOMAIN_ID, PARENT_ID, LINE_NO, FIELD_ID, TRACKING_LEVEL, PATH_RENDERER_CLASS, DETAIL_RENDERER_CLASS)
VALUES ('89089c97a1b344b1ace11f2a7fac8470', 0, 1, '/', '057e550d14224cbaaeafb438b0f13331', '44', 'contactId', 1, 'PathRenderer', 'DetailRenderer');
INSERT INTO CNT_HISTORY_DEF_ITEM
 (ID, REVISION, ENTITY_VERSION, DOMAIN_ID, PARENT_ID, LINE_NO, FIELD_ID, TRACKING_LEVEL, PATH_RENDERER_CLASS, DETAIL_RENDERER_CLASS)
VALUES ('c1f76f818b4640b4a7067480a0c68aed', 0, 1, '/', '057e550d14224cbaaeafb438b0f13331', '45', 'contactName', 1, 'PathRenderer', 'DetailRenderer');
INSERT INTO CNT_HISTORY_DEF_ITEM
 (ID, REVISION, ENTITY_VERSION, DOMAIN_ID, PARENT_ID, LINE_NO, FIELD_ID, TRACKING_LEVEL, PATH_RENDERER_CLASS, DETAIL_RENDERER_CLASS)
VALUES ('a72e6e2290dc4f838b18fce5c2d02bde', 0, 1, '/', '057e550d14224cbaaeafb438b0f13331', '46', 'telNo', 1, 'PathRenderer', 'DetailRenderer');
INSERT INTO CNT_HISTORY_DEF_ITEM
 (ID, REVISION, ENTITY_VERSION, DOMAIN_ID, PARENT_ID, LINE_NO, FIELD_ID, TRACKING_LEVEL, PATH_RENDERER_CLASS, DETAIL_RENDERER_CLASS)
VALUES ('382be7ff816e41eb9a72c890a5300601', 0, 1, '/', '057e550d14224cbaaeafb438b0f13331', '47', 'mobileNo', 1, 'PathRenderer', 'DetailRenderer');
INSERT INTO CNT_HISTORY_DEF_ITEM
 (ID, REVISION, ENTITY_VERSION, DOMAIN_ID, PARENT_ID, LINE_NO, FIELD_ID, TRACKING_LEVEL, PATH_RENDERER_CLASS, DETAIL_RENDERER_CLASS)
VALUES ('b2653e2340cd44a5a1e51b4339de5e50', 0, 1, '/', '057e550d14224cbaaeafb438b0f13331', '48', 'faxNo', 1, 'PathRenderer', 'DetailRenderer');
INSERT INTO CNT_HISTORY_DEF_ITEM
 (ID, REVISION, ENTITY_VERSION, DOMAIN_ID, PARENT_ID, LINE_NO, FIELD_ID, TRACKING_LEVEL, PATH_RENDERER_CLASS, DETAIL_RENDERER_CLASS)
VALUES ('b02b8588b9e64cac95d2f1c932707e44', 0, 1, '/', '057e550d14224cbaaeafb438b0f13331', '49', 'email', 1, 'PathRenderer', 'DetailRenderer');
INSERT INTO CNT_HISTORY_DEF_ITEM
 (ID, REVISION, ENTITY_VERSION, DOMAIN_ID, PARENT_ID, LINE_NO, FIELD_ID, TRACKING_LEVEL, PATH_RENDERER_CLASS, DETAIL_RENDERER_CLASS)
VALUES ('b29a2f8f03eb434890b225cee645cf03', 0, 1, '/', '057e550d14224cbaaeafb438b0f13331', '50', 'contactRemarks', 1, 'PathRenderer', 'DetailRenderer');
INSERT INTO CNT_HISTORY_DEF_ITEM
 (ID, REVISION, ENTITY_VERSION, DOMAIN_ID, PARENT_ID, LINE_NO, FIELD_ID, TRACKING_LEVEL, PATH_RENDERER_CLASS, DETAIL_RENDERER_CLASS)
VALUES ('ae9cfa44bdcf4d709b0c3b2c8e861fc9', 0, 1, '/', '057e550d14224cbaaeafb438b0f13331', '51', 'background', 1, 'PathRenderer', 'DetailRenderer');
INSERT INTO CNT_HISTORY_DEF_ITEM
 (ID, REVISION, ENTITY_VERSION, DOMAIN_ID, PARENT_ID, LINE_NO, FIELD_ID, TRACKING_LEVEL, PATH_RENDERER_CLASS, DETAIL_RENDERER_CLASS)
VALUES ('d5c00024f7654fd19e74cec76aae8ac8', 0, 1, '/', '057e550d14224cbaaeafb438b0f13331', '52', 'companyEmail', 1, 'PathRenderer', 'DetailRenderer');
INSERT INTO CNT_HISTORY_DEF_ITEM
 (ID, REVISION, ENTITY_VERSION, DOMAIN_ID, PARENT_ID, LINE_NO, FIELD_ID, TRACKING_LEVEL, PATH_RENDERER_CLASS, DETAIL_RENDERER_CLASS)
VALUES ('02635baa664942d5a7cfd9a5b8f930ab', 0, 1, '/', '057e550d14224cbaaeafb438b0f13331', '53', 'companyWebsite', 1, 'PathRenderer', 'DetailRenderer');
INSERT INTO CNT_HISTORY_DEF_ITEM
 (ID, REVISION, ENTITY_VERSION, DOMAIN_ID, PARENT_ID, LINE_NO, FIELD_ID, TRACKING_LEVEL, PATH_RENDERER_CLASS, DETAIL_RENDERER_CLASS)
VALUES ('7adf7f1dea69429498cc2ad8022be2ab', 0, 1, '/', '057e550d14224cbaaeafb438b0f13331', '54', 'businessRegistrationNo', 1, 'PathRenderer', 'DetailRenderer');
INSERT INTO CNT_HISTORY_DEF_ITEM
 (ID, REVISION, ENTITY_VERSION, DOMAIN_ID, PARENT_ID, LINE_NO, FIELD_ID, TRACKING_LEVEL, PATH_RENDERER_CLASS, DETAIL_RENDERER_CLASS)
VALUES ('8d720b8cb64a4c12a81a952972d8a4e3', 0, 1, '/', '057e550d14224cbaaeafb438b0f13331', '55', 'placeOfIncorporation', 1, 'PathRenderer', 'DetailRenderer');
INSERT INTO CNT_HISTORY_DEF_ITEM
 (ID, REVISION, ENTITY_VERSION, DOMAIN_ID, PARENT_ID, LINE_NO, FIELD_ID, TRACKING_LEVEL, PATH_RENDERER_CLASS, DETAIL_RENDERER_CLASS)
VALUES ('71a9ee5897b543a1b185f415d4259464', 0, 1, '/', '057e550d14224cbaaeafb438b0f13331', '56', 'vatNo', 1, 'PathRenderer', 'DetailRenderer');
INSERT INTO CNT_HISTORY_DEF_ITEM
 (ID, REVISION, ENTITY_VERSION, DOMAIN_ID, PARENT_ID, LINE_NO, FIELD_ID, TRACKING_LEVEL, PATH_RENDERER_CLASS, DETAIL_RENDERER_CLASS)
VALUES ('4518ac51841c44cfa4e8b32d2af1410f', 0, 1, '/', '057e550d14224cbaaeafb438b0f13331', '57', 'preferredLanguage', 1, 'PathRenderer', 'DetailRenderer');
INSERT INTO CNT_HISTORY_DEF_ITEM
 (ID, REVISION, ENTITY_VERSION, DOMAIN_ID, PARENT_ID, LINE_NO, FIELD_ID, TRACKING_LEVEL, PATH_RENDERER_CLASS, DETAIL_RENDERER_CLASS)
VALUES ('71f1edd996674cf2b622ef3895e81994', 0, 1, '/', '057e550d14224cbaaeafb438b0f13331', '58', 'portalAccessEnabled', 1, 'PathRenderer', 'DetailRenderer');
INSERT INTO CNT_HISTORY_DEF_ITEM
 (ID, REVISION, ENTITY_VERSION, DOMAIN_ID, PARENT_ID, LINE_NO, FIELD_ID, TRACKING_LEVEL, PATH_RENDERER_CLASS, DETAIL_RENDERER_CLASS)
VALUES ('7353503a25f440aa90f775babbbfd1b0', 0, 1, '/', '057e550d14224cbaaeafb438b0f13331', '59', 'accountName', 1, 'PathRenderer', 'DetailRenderer');
INSERT INTO CNT_HISTORY_DEF_ITEM
 (ID, REVISION, ENTITY_VERSION, DOMAIN_ID, PARENT_ID, LINE_NO, FIELD_ID, TRACKING_LEVEL, PATH_RENDERER_CLASS, DETAIL_RENDERER_CLASS)
VALUES ('f248584c09f649bd8340f827e6cd1a18', 0, 1, '/', '057e550d14224cbaaeafb438b0f13331', '60', 'accountNo', 1, 'PathRenderer', 'DetailRenderer');
INSERT INTO CNT_HISTORY_DEF_ITEM
 (ID, REVISION, ENTITY_VERSION, DOMAIN_ID, PARENT_ID, LINE_NO, FIELD_ID, TRACKING_LEVEL, PATH_RENDERER_CLASS, DETAIL_RENDERER_CLASS)
VALUES ('20431d94f41f483db7006d3d6208048a', 0, 1, '/', '057e550d14224cbaaeafb438b0f13331', '61', 'accountRefNo', 1, 'PathRenderer', 'DetailRenderer');
INSERT INTO CNT_HISTORY_DEF_ITEM
 (ID, REVISION, ENTITY_VERSION, DOMAIN_ID, PARENT_ID, LINE_NO, FIELD_ID, TRACKING_LEVEL, PATH_RENDERER_CLASS, DETAIL_RENDERER_CLASS)
VALUES ('11c3053aa89d4f01b09d7e1c139b1131', 0, 1, '/', '057e550d14224cbaaeafb438b0f13331', '62', 'bankName', 1, 'PathRenderer', 'DetailRenderer');
INSERT INTO CNT_HISTORY_DEF_ITEM
 (ID, REVISION, ENTITY_VERSION, DOMAIN_ID, PARENT_ID, LINE_NO, FIELD_ID, TRACKING_LEVEL, PATH_RENDERER_CLASS, DETAIL_RENDERER_CLASS)
VALUES ('d261f95ea9a848189914092b16aff697', 0, 1, '/', '057e550d14224cbaaeafb438b0f13331', '63', 'bankCode', 1, 'PathRenderer', 'DetailRenderer');
INSERT INTO CNT_HISTORY_DEF_ITEM
 (ID, REVISION, ENTITY_VERSION, DOMAIN_ID, PARENT_ID, LINE_NO, FIELD_ID, TRACKING_LEVEL, PATH_RENDERER_CLASS, DETAIL_RENDERER_CLASS)
VALUES ('0121f2a3703e4986bdd4ae0b9f17d648', 0, 1, '/', '057e550d14224cbaaeafb438b0f13331', '64', 'swiftCode', 1, 'PathRenderer', 'DetailRenderer');
INSERT INTO CNT_HISTORY_DEF_ITEM
 (ID, REVISION, ENTITY_VERSION, DOMAIN_ID, PARENT_ID, LINE_NO, FIELD_ID, TRACKING_LEVEL, PATH_RENDERER_CLASS, DETAIL_RENDERER_CLASS)
VALUES ('3fb62d38e98942fdba604231efbcecb9', 0, 1, '/', '057e550d14224cbaaeafb438b0f13331', '65', 'exportLicenseNo', 1, 'PathRenderer', 'DetailRenderer');
INSERT INTO CNT_HISTORY_DEF_ITEM
 (ID, REVISION, ENTITY_VERSION, DOMAIN_ID, PARENT_ID, LINE_NO, FIELD_ID, TRACKING_LEVEL, PATH_RENDERER_CLASS, DETAIL_RENDERER_CLASS)
VALUES ('a90e4f05ced1406bbf5cb0819f82348a', 0, 1, '/', '057e550d14224cbaaeafb438b0f13331', '66', 'noOfEmployees', 1, 'PathRenderer', 'DetailRenderer');
INSERT INTO CNT_HISTORY_DEF_ITEM
 (ID, REVISION, ENTITY_VERSION, DOMAIN_ID, PARENT_ID, LINE_NO, FIELD_ID, TRACKING_LEVEL, PATH_RENDERER_CLASS, DETAIL_RENDERER_CLASS)
VALUES ('e5c63a4728d54c63972257310da5a549', 0, 1, '/', '057e550d14224cbaaeafb438b0f13331', '67', 'yearEstablished', 1, 'PathRenderer', 'DetailRenderer');
INSERT INTO CNT_HISTORY_DEF_ITEM
 (ID, REVISION, ENTITY_VERSION, DOMAIN_ID, PARENT_ID, LINE_NO, FIELD_ID, TRACKING_LEVEL, PATH_RENDERER_CLASS, DETAIL_RENDERER_CLASS)
VALUES ('2018f7d224ed4a5a80515a3a79f4a7ce', 0, 1, '/', '057e550d14224cbaaeafb438b0f13331', '68', 'totalAnnualTurnover', 1, 'PathRenderer', 'DetailRenderer');
INSERT INTO CNT_HISTORY_DEF_ITEM
 (ID, REVISION, ENTITY_VERSION, DOMAIN_ID, PARENT_ID, LINE_NO, FIELD_ID, TRACKING_LEVEL, PATH_RENDERER_CLASS, DETAIL_RENDERER_CLASS)
VALUES ('113a782d83964ac0879bad18cb81a52f', 0, 1, '/', '057e550d14224cbaaeafb438b0f13331', '69', 'exportAnnualTurnover', 1, 'PathRenderer', 'DetailRenderer');
INSERT INTO CNT_HISTORY_DEF_ITEM
 (ID, REVISION, ENTITY_VERSION, DOMAIN_ID, PARENT_ID, LINE_NO, FIELD_ID, TRACKING_LEVEL, PATH_RENDERER_CLASS, DETAIL_RENDERER_CLASS)
VALUES ('6aa1b518d98b44bd9b8797904d228efa', 0, 1, '/', '057e550d14224cbaaeafb438b0f13331', '70', 'creditLimit', 1, 'PathRenderer', 'DetailRenderer');
INSERT INTO CNT_HISTORY_DEF_ITEM
 (ID, REVISION, ENTITY_VERSION, DOMAIN_ID, PARENT_ID, LINE_NO, FIELD_ID, TRACKING_LEVEL, PATH_RENDERER_CLASS, DETAIL_RENDERER_CLASS)
VALUES ('c6c42de25b7747ec8377df85cc46a2f1', 0, 1, '/', '057e550d14224cbaaeafb438b0f13331', '71', 'creditReport', 1, 'PathRenderer', 'DetailRenderer');
INSERT INTO CNT_HISTORY_DEF_ITEM
 (ID, REVISION, ENTITY_VERSION, DOMAIN_ID, PARENT_ID, LINE_NO, FIELD_ID, TRACKING_LEVEL, PATH_RENDERER_CLASS, DETAIL_RENDERER_CLASS)
VALUES ('c9e61d877f1e4e629ef444893821ca05', 0, 1, '/', '057e550d14224cbaaeafb438b0f13331', '72', 'profileType', 1, 'PathRenderer', 'DetailRenderer');
INSERT INTO CNT_HISTORY_DEF_ITEM
 (ID, REVISION, ENTITY_VERSION, DOMAIN_ID, PARENT_ID, LINE_NO, FIELD_ID, TRACKING_LEVEL, PATH_RENDERER_CLASS, DETAIL_RENDERER_CLASS)
VALUES ('317ce4c3c7464445968974724d70b547', 0, 1, '/', '057e550d14224cbaaeafb438b0f13331', '73', 'custHc', 1, 'PathRenderer', 'DetailRenderer');
INSERT INTO CNT_HISTORY_DEF_ITEM
 (ID, REVISION, ENTITY_VERSION, DOMAIN_ID, PARENT_ID, LINE_NO, FIELD_ID, TRACKING_LEVEL, PATH_RENDERER_CLASS, DETAIL_RENDERER_CLASS)
VALUES ('37f2c378db9c4981ae5b27d00ba99df7', 0, 1, '/', '057e550d14224cbaaeafb438b0f13331', '74', 'custAddress', 1, 'PathRenderer', 'DetailRenderer');
INSERT INTO CNT_HISTORY_DEF_ITEM
 (ID, REVISION, ENTITY_VERSION, DOMAIN_ID, PARENT_ID, LINE_NO, FIELD_ID, TRACKING_LEVEL, PATH_RENDERER_CLASS, DETAIL_RENDERER_CLASS)
VALUES ('fc8c337c0a6e41c3bede09b779b58204', 0, 1, '/', '057e550d14224cbaaeafb438b0f13331', '75', 'custContact', 1, 'PathRenderer', 'DetailRenderer');
INSERT INTO CNT_HISTORY_DEF_ITEM
 (ID, REVISION, ENTITY_VERSION, DOMAIN_ID, PARENT_ID, LINE_NO, FIELD_ID, TRACKING_LEVEL, PATH_RENDERER_CLASS, DETAIL_RENDERER_CLASS)
VALUES ('9fa0d201fecd4ab09aa77b89f4f10614', 0, 1, '/', '057e550d14224cbaaeafb438b0f13331', '76', 'custMarket', 1, 'PathRenderer', 'DetailRenderer');
INSERT INTO CNT_HISTORY_DEF_ITEM
 (ID, REVISION, ENTITY_VERSION, DOMAIN_ID, PARENT_ID, LINE_NO, FIELD_ID, TRACKING_LEVEL, PATH_RENDERER_CLASS, DETAIL_RENDERER_CLASS)
VALUES ('1790bcf25b1a4366877f43e445c0cdd3', 0, 1, '/', '057e550d14224cbaaeafb438b0f13331', '77', 'custDestination', 1, 'PathRenderer', 'DetailRenderer');
INSERT INTO CNT_HISTORY_DEF_ITEM
 (ID, REVISION, ENTITY_VERSION, DOMAIN_ID, PARENT_ID, LINE_NO, FIELD_ID, TRACKING_LEVEL, PATH_RENDERER_CLASS, DETAIL_RENDERER_CLASS)
VALUES ('6937f59ab17046b09db72a79f335e448', 0, 1, '/', '057e550d14224cbaaeafb438b0f13331', '78', 'custImages', 1, 'PathRenderer', 'DetailRenderer');
INSERT INTO CNT_HISTORY_DEF_ITEM
 (ID, REVISION, ENTITY_VERSION, DOMAIN_ID, PARENT_ID, LINE_NO, FIELD_ID, TRACKING_LEVEL, PATH_RENDERER_CLASS, DETAIL_RENDERER_CLASS)
VALUES ('c0e5115361524b958114c11f9bcfe01a', 0, 1, '/', '057e550d14224cbaaeafb438b0f13331', '79', 'custAttachment', 1, 'PathRenderer', 'DetailRenderer');
INSERT INTO CNT_HISTORY_DEF_ITEM
 (ID, REVISION, ENTITY_VERSION, DOMAIN_ID, PARENT_ID, LINE_NO, FIELD_ID, TRACKING_LEVEL, PATH_RENDERER_CLASS, DETAIL_RENDERER_CLASS)
VALUES ('63ef9c627b8249f2b043ef775aa558a3', 0, 1, '/', '057e550d14224cbaaeafb438b0f13331', '80', 'vendorCustomers', 1, 'PathRenderer', 'DetailRenderer');
INSERT INTO CNT_HISTORY_DEF_ITEM
 (ID, REVISION, ENTITY_VERSION, DOMAIN_ID, PARENT_ID, LINE_NO, FIELD_ID, TRACKING_LEVEL, PATH_RENDERER_CLASS, DETAIL_RENDERER_CLASS)
VALUES ('b4caf5b40ea34f588b2c6eac46de7354', 0, 1, '/', '057e550d14224cbaaeafb438b0f13331', '81', 'custTypeId', 2, 'PathRenderer', 'SelectionDetailRenderer');
INSERT INTO CNT_HISTORY_DEF_ITEM
 (ID, REVISION, ENTITY_VERSION, DOMAIN_ID, PARENT_ID, LINE_NO, FIELD_ID, TRACKING_LEVEL, PATH_RENDERER_CLASS, DETAIL_RENDERER_CLASS)
VALUES ('e5683c522ae84c9893a73b88b9f9b24f', 0, 1, '/', '057e550d14224cbaaeafb438b0f13331', '82', 'refNo', 0, 'PathRenderer', 'DetailRenderer');
INSERT INTO CNT_HISTORY_DEF_ITEM
 (ID, REVISION, ENTITY_VERSION, DOMAIN_ID, PARENT_ID, LINE_NO, FIELD_ID, TRACKING_LEVEL, PATH_RENDERER_CLASS, DETAIL_RENDERER_CLASS)
VALUES ('e5bf62a55b414b78add8ec57eb18b2ba', 0, 1, '/', '057e550d14224cbaaeafb438b0f13331', '83', 'custText1', 1, 'PathRenderer', 'DetailRenderer');
INSERT INTO CNT_HISTORY_DEF_ITEM
 (ID, REVISION, ENTITY_VERSION, DOMAIN_ID, PARENT_ID, LINE_NO, FIELD_ID, TRACKING_LEVEL, PATH_RENDERER_CLASS, DETAIL_RENDERER_CLASS)
VALUES ('00c0e58aa84d4b27808764f125b43d44', 0, 1, '/', '057e550d14224cbaaeafb438b0f13331', '84', 'custText2', 1, 'PathRenderer', 'DetailRenderer');
INSERT INTO CNT_HISTORY_DEF_ITEM
 (ID, REVISION, ENTITY_VERSION, DOMAIN_ID, PARENT_ID, LINE_NO, FIELD_ID, TRACKING_LEVEL, PATH_RENDERER_CLASS, DETAIL_RENDERER_CLASS)
VALUES ('1eeefbdc3fb947c3aa702b9137ca2c03', 0, 1, '/', '057e550d14224cbaaeafb438b0f13331', '85', 'custText3', 1, 'PathRenderer', 'DetailRenderer');
INSERT INTO CNT_HISTORY_DEF_ITEM
 (ID, REVISION, ENTITY_VERSION, DOMAIN_ID, PARENT_ID, LINE_NO, FIELD_ID, TRACKING_LEVEL, PATH_RENDERER_CLASS, DETAIL_RENDERER_CLASS)
VALUES ('f79d0b37694c4ae499c4cf9908cd20e2', 0, 1, '/', '057e550d14224cbaaeafb438b0f13331', '86', 'custText4', 1, 'PathRenderer', 'DetailRenderer');
INSERT INTO CNT_HISTORY_DEF_ITEM
 (ID, REVISION, ENTITY_VERSION, DOMAIN_ID, PARENT_ID, LINE_NO, FIELD_ID, TRACKING_LEVEL, PATH_RENDERER_CLASS, DETAIL_RENDERER_CLASS)
VALUES ('18febde2394942719713d38efb4b9ff5', 0, 1, '/', '057e550d14224cbaaeafb438b0f13331', '87', 'custText5', 1, 'PathRenderer', 'DetailRenderer');
INSERT INTO CNT_HISTORY_DEF_ITEM
 (ID, REVISION, ENTITY_VERSION, DOMAIN_ID, PARENT_ID, LINE_NO, FIELD_ID, TRACKING_LEVEL, PATH_RENDERER_CLASS, DETAIL_RENDERER_CLASS)
VALUES ('9206d3a7b0654791b8eee5468753684d', 0, 1, '/', '057e550d14224cbaaeafb438b0f13331', '88', 'custText6', 1, 'PathRenderer', 'DetailRenderer');
INSERT INTO CNT_HISTORY_DEF_ITEM
 (ID, REVISION, ENTITY_VERSION, DOMAIN_ID, PARENT_ID, LINE_NO, FIELD_ID, TRACKING_LEVEL, PATH_RENDERER_CLASS, DETAIL_RENDERER_CLASS)
VALUES ('6f420763152543079a241a723b10f315', 0, 1, '/', '057e550d14224cbaaeafb438b0f13331', '89', 'custText7', 1, 'PathRenderer', 'DetailRenderer');
INSERT INTO CNT_HISTORY_DEF_ITEM
 (ID, REVISION, ENTITY_VERSION, DOMAIN_ID, PARENT_ID, LINE_NO, FIELD_ID, TRACKING_LEVEL, PATH_RENDERER_CLASS, DETAIL_RENDERER_CLASS)
VALUES ('c711ccd5179840758ed6d8934d939bd5', 0, 1, '/', '057e550d14224cbaaeafb438b0f13331', '90', 'custDate1', 1, 'PathRenderer', 'DetailRenderer');
INSERT INTO CNT_HISTORY_DEF_ITEM
 (ID, REVISION, ENTITY_VERSION, DOMAIN_ID, PARENT_ID, LINE_NO, FIELD_ID, TRACKING_LEVEL, PATH_RENDERER_CLASS, DETAIL_RENDERER_CLASS)
VALUES ('cbe1af23498b45cbb9c0dcd7e38e8326', 0, 1, '/', '057e550d14224cbaaeafb438b0f13331', '91', 'custDate2', 1, 'PathRenderer', 'DetailRenderer');
INSERT INTO CNT_HISTORY_DEF_ITEM
 (ID, REVISION, ENTITY_VERSION, DOMAIN_ID, PARENT_ID, LINE_NO, FIELD_ID, TRACKING_LEVEL, PATH_RENDERER_CLASS, DETAIL_RENDERER_CLASS)
VALUES ('10de21c0139449a68eb09708e3e637a1', 0, 1, '/', '057e550d14224cbaaeafb438b0f13331', '92', 'custDate3', 1, 'PathRenderer', 'DetailRenderer');
INSERT INTO CNT_HISTORY_DEF_ITEM
 (ID, REVISION, ENTITY_VERSION, DOMAIN_ID, PARENT_ID, LINE_NO, FIELD_ID, TRACKING_LEVEL, PATH_RENDERER_CLASS, DETAIL_RENDERER_CLASS)
VALUES ('3f30aeb6d54840fe9610ede82e4bc2db', 0, 1, '/', '057e550d14224cbaaeafb438b0f13331', '93', 'custDate4', 1, 'PathRenderer', 'DetailRenderer');
INSERT INTO CNT_HISTORY_DEF_ITEM
 (ID, REVISION, ENTITY_VERSION, DOMAIN_ID, PARENT_ID, LINE_NO, FIELD_ID, TRACKING_LEVEL, PATH_RENDERER_CLASS, DETAIL_RENDERER_CLASS)
VALUES ('0bc521c89cc04a2086aba7d1e44db99f', 0, 1, '/', '057e550d14224cbaaeafb438b0f13331', '94', 'custDate5', 1, 'PathRenderer', 'DetailRenderer');
INSERT INTO CNT_HISTORY_DEF_ITEM
 (ID, REVISION, ENTITY_VERSION, DOMAIN_ID, PARENT_ID, LINE_NO, FIELD_ID, TRACKING_LEVEL, PATH_RENDERER_CLASS, DETAIL_RENDERER_CLASS)
VALUES ('ac8336a0996b461e8fdd7ab8f99490a4', 0, 1, '/', '057e550d14224cbaaeafb438b0f13331', '95', 'custDate6', 1, 'PathRenderer', 'DetailRenderer');
INSERT INTO CNT_HISTORY_DEF_ITEM
 (ID, REVISION, ENTITY_VERSION, DOMAIN_ID, PARENT_ID, LINE_NO, FIELD_ID, TRACKING_LEVEL, PATH_RENDERER_CLASS, DETAIL_RENDERER_CLASS)
VALUES ('1b732dc6e55646c482be32e3b6083af7', 0, 1, '/', '057e550d14224cbaaeafb438b0f13331', '96', 'custDate7', 1, 'PathRenderer', 'DetailRenderer');
INSERT INTO CNT_HISTORY_DEF_ITEM
 (ID, REVISION, ENTITY_VERSION, DOMAIN_ID, PARENT_ID, LINE_NO, FIELD_ID, TRACKING_LEVEL, PATH_RENDERER_CLASS, DETAIL_RENDERER_CLASS)
VALUES ('84f9815ad3c84b1c98b1366d4d1465f6', 0, 1, '/', '057e550d14224cbaaeafb438b0f13331', '97', 'custNumber1', 1, 'PathRenderer', 'DetailRenderer');
INSERT INTO CNT_HISTORY_DEF_ITEM
 (ID, REVISION, ENTITY_VERSION, DOMAIN_ID, PARENT_ID, LINE_NO, FIELD_ID, TRACKING_LEVEL, PATH_RENDERER_CLASS, DETAIL_RENDERER_CLASS)
VALUES ('3f0e9b81ce4d4c1582abf541b235a018', 0, 1, '/', '057e550d14224cbaaeafb438b0f13331', '98', 'custNumber2', 1, 'PathRenderer', 'DetailRenderer');
INSERT INTO CNT_HISTORY_DEF_ITEM
 (ID, REVISION, ENTITY_VERSION, DOMAIN_ID, PARENT_ID, LINE_NO, FIELD_ID, TRACKING_LEVEL, PATH_RENDERER_CLASS, DETAIL_RENDERER_CLASS)
VALUES ('ade987b3c2564fe1b015961648a0bd47', 0, 1, '/', '057e550d14224cbaaeafb438b0f13331', '99', 'custNumber3', 1, 'PathRenderer', 'DetailRenderer');
INSERT INTO CNT_HISTORY_DEF_ITEM
 (ID, REVISION, ENTITY_VERSION, DOMAIN_ID, PARENT_ID, LINE_NO, FIELD_ID, TRACKING_LEVEL, PATH_RENDERER_CLASS, DETAIL_RENDERER_CLASS)
VALUES ('c929d785052f4984900479fe767d628d', 0, 1, '/', '057e550d14224cbaaeafb438b0f13331', '100', 'custNumber4', 1, 'PathRenderer', 'DetailRenderer');
INSERT INTO CNT_HISTORY_DEF_ITEM
 (ID, REVISION, ENTITY_VERSION, DOMAIN_ID, PARENT_ID, LINE_NO, FIELD_ID, TRACKING_LEVEL, PATH_RENDERER_CLASS, DETAIL_RENDERER_CLASS)
VALUES ('3684a7cc8fe043fd86fb32802004be5f', 0, 1, '/', '057e550d14224cbaaeafb438b0f13331', '101', 'custNumber5', 1, 'PathRenderer', 'DetailRenderer');
INSERT INTO CNT_HISTORY_DEF_ITEM
 (ID, REVISION, ENTITY_VERSION, DOMAIN_ID, PARENT_ID, LINE_NO, FIELD_ID, TRACKING_LEVEL, PATH_RENDERER_CLASS, DETAIL_RENDERER_CLASS)
VALUES ('004c6de862654e06b899599136fc0265', 0, 1, '/', '057e550d14224cbaaeafb438b0f13331', '102', 'custNumber6', 1, 'PathRenderer', 'DetailRenderer');
INSERT INTO CNT_HISTORY_DEF_ITEM
 (ID, REVISION, ENTITY_VERSION, DOMAIN_ID, PARENT_ID, LINE_NO, FIELD_ID, TRACKING_LEVEL, PATH_RENDERER_CLASS, DETAIL_RENDERER_CLASS)
VALUES ('9b0fdec9463d4c258b6c3ff647d7f695', 0, 1, '/', '057e550d14224cbaaeafb438b0f13331', '103', 'custNumber7', 1, 'PathRenderer', 'DetailRenderer');
INSERT INTO CNT_HISTORY_DEF_ITEM
 (ID, REVISION, ENTITY_VERSION, DOMAIN_ID, PARENT_ID, LINE_NO, FIELD_ID, TRACKING_LEVEL, PATH_RENDERER_CLASS, DETAIL_RENDERER_CLASS)
VALUES ('c3c381e09bec4291bf433a213ef2c62c', 0, 1, '/', '057e550d14224cbaaeafb438b0f13331', '104', 'custDecimal1', 1, 'PathRenderer', 'DetailRenderer');
INSERT INTO CNT_HISTORY_DEF_ITEM
 (ID, REVISION, ENTITY_VERSION, DOMAIN_ID, PARENT_ID, LINE_NO, FIELD_ID, TRACKING_LEVEL, PATH_RENDERER_CLASS, DETAIL_RENDERER_CLASS)
VALUES ('3f0b969842f344e98af7d691f9e52fcc', 0, 1, '/', '057e550d14224cbaaeafb438b0f13331', '105', 'custDecimal2', 1, 'PathRenderer', 'DetailRenderer');
INSERT INTO CNT_HISTORY_DEF_ITEM
 (ID, REVISION, ENTITY_VERSION, DOMAIN_ID, PARENT_ID, LINE_NO, FIELD_ID, TRACKING_LEVEL, PATH_RENDERER_CLASS, DETAIL_RENDERER_CLASS)
VALUES ('a19887b4a77749f4888ded70e06f01ee', 0, 1, '/', '057e550d14224cbaaeafb438b0f13331', '106', 'custDecimal3', 1, 'PathRenderer', 'DetailRenderer');
INSERT INTO CNT_HISTORY_DEF_ITEM
 (ID, REVISION, ENTITY_VERSION, DOMAIN_ID, PARENT_ID, LINE_NO, FIELD_ID, TRACKING_LEVEL, PATH_RENDERER_CLASS, DETAIL_RENDERER_CLASS)
VALUES ('381cbe2f510c4f37baa6c6f3c0e4ce8b', 0, 1, '/', '057e550d14224cbaaeafb438b0f13331', '107', 'custDecimal4', 1, 'PathRenderer', 'DetailRenderer');
INSERT INTO CNT_HISTORY_DEF_ITEM
 (ID, REVISION, ENTITY_VERSION, DOMAIN_ID, PARENT_ID, LINE_NO, FIELD_ID, TRACKING_LEVEL, PATH_RENDERER_CLASS, DETAIL_RENDERER_CLASS)
VALUES ('7ff97a86cc1946a2a86d9a684a42f805', 0, 1, '/', '057e550d14224cbaaeafb438b0f13331', '108', 'custDecimal5', 1, 'PathRenderer', 'DetailRenderer');
INSERT INTO CNT_HISTORY_DEF_ITEM
 (ID, REVISION, ENTITY_VERSION, DOMAIN_ID, PARENT_ID, LINE_NO, FIELD_ID, TRACKING_LEVEL, PATH_RENDERER_CLASS, DETAIL_RENDERER_CLASS)
VALUES ('873e3501335c4916bb6cbce8d29573a6', 0, 1, '/', '057e550d14224cbaaeafb438b0f13331', '109', 'custDecimal6', 1, 'PathRenderer', 'DetailRenderer');
INSERT INTO CNT_HISTORY_DEF_ITEM
 (ID, REVISION, ENTITY_VERSION, DOMAIN_ID, PARENT_ID, LINE_NO, FIELD_ID, TRACKING_LEVEL, PATH_RENDERER_CLASS, DETAIL_RENDERER_CLASS)
VALUES ('4b7bc35677a44285a4b93c0f60c6a96f', 0, 1, '/', '057e550d14224cbaaeafb438b0f13331', '110', 'custDecimal7', 1, 'PathRenderer', 'DetailRenderer');
INSERT INTO CNT_HISTORY_DEF_ITEM
 (ID, REVISION, ENTITY_VERSION, DOMAIN_ID, PARENT_ID, LINE_NO, FIELD_ID, TRACKING_LEVEL, PATH_RENDERER_CLASS, DETAIL_RENDERER_CLASS)
VALUES ('7fdf698c9c1f4206b9d6377adb9c6420', 0, 1, '/', '057e550d14224cbaaeafb438b0f13331', '111', 'custCodelist1', 1, 'PathRenderer', 'DetailRenderer');
INSERT INTO CNT_HISTORY_DEF_ITEM
 (ID, REVISION, ENTITY_VERSION, DOMAIN_ID, PARENT_ID, LINE_NO, FIELD_ID, TRACKING_LEVEL, PATH_RENDERER_CLASS, DETAIL_RENDERER_CLASS)
VALUES ('6e5c83c713684e688acba4b52a3e3c57', 0, 1, '/', '057e550d14224cbaaeafb438b0f13331', '112', 'custCodelist2', 1, 'PathRenderer', 'DetailRenderer');
INSERT INTO CNT_HISTORY_DEF_ITEM
 (ID, REVISION, ENTITY_VERSION, DOMAIN_ID, PARENT_ID, LINE_NO, FIELD_ID, TRACKING_LEVEL, PATH_RENDERER_CLASS, DETAIL_RENDERER_CLASS)
VALUES ('65d4f6ff8118498bb98483f83d1fd2a4', 0, 1, '/', '057e550d14224cbaaeafb438b0f13331', '113', 'custCodelist3', 1, 'PathRenderer', 'DetailRenderer');
INSERT INTO CNT_HISTORY_DEF_ITEM
 (ID, REVISION, ENTITY_VERSION, DOMAIN_ID, PARENT_ID, LINE_NO, FIELD_ID, TRACKING_LEVEL, PATH_RENDERER_CLASS, DETAIL_RENDERER_CLASS)
VALUES ('c1837eb8a8e0442c9a326ddc0240d51d', 0, 1, '/', '057e550d14224cbaaeafb438b0f13331', '114', 'custCodelist4', 1, 'PathRenderer', 'DetailRenderer');
INSERT INTO CNT_HISTORY_DEF_ITEM
 (ID, REVISION, ENTITY_VERSION, DOMAIN_ID, PARENT_ID, LINE_NO, FIELD_ID, TRACKING_LEVEL, PATH_RENDERER_CLASS, DETAIL_RENDERER_CLASS)
VALUES ('697402df47974ee1b738764605305e7d', 0, 1, '/', '057e550d14224cbaaeafb438b0f13331', '115', 'custCodelist5', 1, 'PathRenderer', 'DetailRenderer');
INSERT INTO CNT_HISTORY_DEF_ITEM
 (ID, REVISION, ENTITY_VERSION, DOMAIN_ID, PARENT_ID, LINE_NO, FIELD_ID, TRACKING_LEVEL, PATH_RENDERER_CLASS, DETAIL_RENDERER_CLASS)
VALUES ('2dd54caab7f0428b8b9d9c6e2f505148', 0, 1, '/', '057e550d14224cbaaeafb438b0f13331', '116', 'custCodelist6', 1, 'PathRenderer', 'DetailRenderer');
INSERT INTO CNT_HISTORY_DEF_ITEM
 (ID, REVISION, ENTITY_VERSION, DOMAIN_ID, PARENT_ID, LINE_NO, FIELD_ID, TRACKING_LEVEL, PATH_RENDERER_CLASS, DETAIL_RENDERER_CLASS)
VALUES ('7a78734bc8414a9b8b3affd37b82c94a', 0, 1, '/', '057e550d14224cbaaeafb438b0f13331', '117', 'custCodelist7', 1, 'PathRenderer', 'DetailRenderer');
INSERT INTO CNT_HISTORY_DEF_ITEM
 (ID, REVISION, ENTITY_VERSION, DOMAIN_ID, PARENT_ID, LINE_NO, FIELD_ID, TRACKING_LEVEL, PATH_RENDERER_CLASS, DETAIL_RENDERER_CLASS)
VALUES ('f3c0b88bb87c4a21a190bbf08aa33ca2', 0, 1, '/', '057e550d14224cbaaeafb438b0f13331', '118', 'custMemoText1', 1, 'PathRenderer', 'DetailRenderer');
INSERT INTO CNT_HISTORY_DEF_ITEM
 (ID, REVISION, ENTITY_VERSION, DOMAIN_ID, PARENT_ID, LINE_NO, FIELD_ID, TRACKING_LEVEL, PATH_RENDERER_CLASS, DETAIL_RENDERER_CLASS)
VALUES ('e3e7c08fb0f34991a1a618928c3a0232', 0, 1, '/', '057e550d14224cbaaeafb438b0f13331', '119', 'custMemoText2', 1, 'PathRenderer', 'DetailRenderer');
INSERT INTO CNT_HISTORY_DEF_ITEM
 (ID, REVISION, ENTITY_VERSION, DOMAIN_ID, PARENT_ID, LINE_NO, FIELD_ID, TRACKING_LEVEL, PATH_RENDERER_CLASS, DETAIL_RENDERER_CLASS)
VALUES ('f2ac6b21dfa84297ba5e4881b6b36bff', 0, 1, '/', '057e550d14224cbaaeafb438b0f13331', '120', 'custMemoText3', 1, 'PathRenderer', 'DetailRenderer');
INSERT INTO CNT_HISTORY_DEF_ITEM
 (ID, REVISION, ENTITY_VERSION, DOMAIN_ID, PARENT_ID, LINE_NO, FIELD_ID, TRACKING_LEVEL, PATH_RENDERER_CLASS, DETAIL_RENDERER_CLASS)
VALUES ('8f7dfba102db485491f2140702ec37e2', 0, 1, '/', '057e550d14224cbaaeafb438b0f13331', '121', 'custMemoText4', 1, 'PathRenderer', 'DetailRenderer');
INSERT INTO CNT_HISTORY_DEF_ITEM
 (ID, REVISION, ENTITY_VERSION, DOMAIN_ID, PARENT_ID, LINE_NO, FIELD_ID, TRACKING_LEVEL, PATH_RENDERER_CLASS, DETAIL_RENDERER_CLASS)
VALUES ('54f89c711bb7487cbf245b44b3b6281d', 0, 1, '/', '057e550d14224cbaaeafb438b0f13331', '122', 'custMemoText5', 1, 'PathRenderer', 'DetailRenderer');
INSERT INTO CNT_HISTORY_DEF_ITEM
 (ID, REVISION, ENTITY_VERSION, DOMAIN_ID, PARENT_ID, LINE_NO, FIELD_ID, TRACKING_LEVEL, PATH_RENDERER_CLASS, DETAIL_RENDERER_CLASS)
VALUES ('571eb4f373cc4b30bc6aa30342579ebb', 0, 1, '/', '057e550d14224cbaaeafb438b0f13331', '123', 'custMemoText6', 1, 'PathRenderer', 'DetailRenderer');
INSERT INTO CNT_HISTORY_DEF_ITEM
 (ID, REVISION, ENTITY_VERSION, DOMAIN_ID, PARENT_ID, LINE_NO, FIELD_ID, TRACKING_LEVEL, PATH_RENDERER_CLASS, DETAIL_RENDERER_CLASS)
VALUES ('d9ae83f762f5492d8bb392a228b849cb', 0, 1, '/', '057e550d14224cbaaeafb438b0f13331', '124', 'custMemoText7', 1, 'PathRenderer', 'DetailRenderer');
INSERT INTO CNT_HISTORY_DEF_ITEM
 (ID, REVISION, ENTITY_VERSION, DOMAIN_ID, PARENT_ID, LINE_NO, FIELD_ID, TRACKING_LEVEL, PATH_RENDERER_CLASS, DETAIL_RENDERER_CLASS)
VALUES ('f8ea4994655441abb0fb99dd361b97c3', 0, 1, '/', '057e550d14224cbaaeafb438b0f13331', '125', 'custHcl1', 1, 'PathRenderer', 'DetailRenderer');
INSERT INTO CNT_HISTORY_DEF_ITEM
 (ID, REVISION, ENTITY_VERSION, DOMAIN_ID, PARENT_ID, LINE_NO, FIELD_ID, TRACKING_LEVEL, PATH_RENDERER_CLASS, DETAIL_RENDERER_CLASS)
VALUES ('e69a88beda004ab1a8ccfa9c29f0fa2e', 0, 1, '/', '057e550d14224cbaaeafb438b0f13331', '126', 'custHcl2', 1, 'PathRenderer', 'DetailRenderer');
INSERT INTO CNT_HISTORY_DEF_ITEM
 (ID, REVISION, ENTITY_VERSION, DOMAIN_ID, PARENT_ID, LINE_NO, FIELD_ID, TRACKING_LEVEL, PATH_RENDERER_CLASS, DETAIL_RENDERER_CLASS)
VALUES ('c8304753bbfc42c4880d672d5f9490a9', 0, 1, '/', '057e550d14224cbaaeafb438b0f13331', '127', 'custHcl3', 1, 'PathRenderer', 'DetailRenderer');
INSERT INTO CNT_HISTORY_DEF_ITEM
 (ID, REVISION, ENTITY_VERSION, DOMAIN_ID, PARENT_ID, LINE_NO, FIELD_ID, TRACKING_LEVEL, PATH_RENDERER_CLASS, DETAIL_RENDERER_CLASS)
VALUES ('cfab9842b82d489c9cf5a49a503c3592', 0, 1, '/', '057e550d14224cbaaeafb438b0f13331', '128', 'custHcl4', 1, 'PathRenderer', 'DetailRenderer');
INSERT INTO CNT_HISTORY_DEF_ITEM
 (ID, REVISION, ENTITY_VERSION, DOMAIN_ID, PARENT_ID, LINE_NO, FIELD_ID, TRACKING_LEVEL, PATH_RENDERER_CLASS, DETAIL_RENDERER_CLASS)
VALUES ('ccbcc98e5e164b88979eb37a55b40127', 0, 1, '/', '057e550d14224cbaaeafb438b0f13331', '129', 'custHcl5', 1, 'PathRenderer', 'DetailRenderer');
INSERT INTO CNT_HISTORY_DEF_ITEM
 (ID, REVISION, ENTITY_VERSION, DOMAIN_ID, PARENT_ID, LINE_NO, FIELD_ID, TRACKING_LEVEL, PATH_RENDERER_CLASS, DETAIL_RENDERER_CLASS)
VALUES ('3d9822f7c07046e8b0f641a25b3cbcf8', 0, 1, '/', '057e550d14224cbaaeafb438b0f13331', '130', 'countryName', 0, 'PathRenderer', 'DetailRenderer');
INSERT INTO CNT_HISTORY_DEF_ITEM
 (ID, REVISION, ENTITY_VERSION, DOMAIN_ID, PARENT_ID, LINE_NO, FIELD_ID, TRACKING_LEVEL, PATH_RENDERER_CLASS, DETAIL_RENDERER_CLASS)
VALUES ('18569238c84440d3b3d8c427181eb42c', 0, 1, '/', '057e550d14224cbaaeafb438b0f13331', '131', 'currencyName', 0, 'PathRenderer', 'DetailRenderer');
INSERT INTO CNT_HISTORY_DEF_ITEM
 (ID, REVISION, ENTITY_VERSION, DOMAIN_ID, PARENT_ID, LINE_NO, FIELD_ID, TRACKING_LEVEL, PATH_RENDERER_CLASS, DETAIL_RENDERER_CLASS)
VALUES ('6124e0bdad314504a5b8ad1985581052', 0, 1, '/', '057e550d14224cbaaeafb438b0f13331', '132', 'paymentMethodName', 0, 'PathRenderer', 'DetailRenderer');
INSERT INTO CNT_HISTORY_DEF_ITEM
 (ID, REVISION, ENTITY_VERSION, DOMAIN_ID, PARENT_ID, LINE_NO, FIELD_ID, TRACKING_LEVEL, PATH_RENDERER_CLASS, DETAIL_RENDERER_CLASS)
VALUES ('28b9b841a92e4ae1b150a2f18048c650', 0, 1, '/', '057e550d14224cbaaeafb438b0f13331', '133', 'paymentTermName', 0, 'PathRenderer', 'DetailRenderer');
INSERT INTO CNT_HISTORY_DEF_ITEM
 (ID, REVISION, ENTITY_VERSION, DOMAIN_ID, PARENT_ID, LINE_NO, FIELD_ID, TRACKING_LEVEL, PATH_RENDERER_CLASS, DETAIL_RENDERER_CLASS)
VALUES ('e763b82b321b456486527454693bcc6a', 0, 1, '/', '057e550d14224cbaaeafb438b0f13331', '134', 'shipmentMethodName', 0, 'PathRenderer', 'DetailRenderer');
INSERT INTO CNT_HISTORY_DEF_ITEM
 (ID, REVISION, ENTITY_VERSION, DOMAIN_ID, PARENT_ID, LINE_NO, FIELD_ID, TRACKING_LEVEL, PATH_RENDERER_CLASS, DETAIL_RENDERER_CLASS)
VALUES ('01fa9c74efbd4e2284a21c51e54e7f50', 0, 1, '/', '057e550d14224cbaaeafb438b0f13331', '135', 'incotermName', 0, 'PathRenderer', 'DetailRenderer');
INSERT INTO CNT_HISTORY_DEF_ITEM
 (ID, REVISION, ENTITY_VERSION, DOMAIN_ID, PARENT_ID, LINE_NO, FIELD_ID, TRACKING_LEVEL, PATH_RENDERER_CLASS, DETAIL_RENDERER_CLASS)
VALUES ('4913986e8e224b0889888b202aeff97a', 0, 1, '/', '057e550d14224cbaaeafb438b0f13331', '136', 'placeOfIncorporationName', 0, 'PathRenderer', 'DetailRenderer');
INSERT INTO CNT_HISTORY_DEF_ITEM
 (ID, REVISION, ENTITY_VERSION, DOMAIN_ID, PARENT_ID, LINE_NO, FIELD_ID, TRACKING_LEVEL, PATH_RENDERER_CLASS, DETAIL_RENDERER_CLASS)
VALUES ('97492e3bb29741ce93f71b2d9cd9c9b5', 0, 1, '/', '057e550d14224cbaaeafb438b0f13331', '137', 'preferredLanguageName', 0, 'PathRenderer', 'DetailRenderer');
INSERT INTO CNT_HISTORY_DEF_ITEM
 (ID, REVISION, ENTITY_VERSION, DOMAIN_ID, PARENT_ID, LINE_NO, FIELD_ID, TRACKING_LEVEL, PATH_RENDERER_CLASS, DETAIL_RENDERER_CLASS)
VALUES ('99dd14820c51458e8377e8bbcfe0c27f', 0, 1, '/', '057e550d14224cbaaeafb438b0f13331', '138', 'custTypeIdValue', 0, 'PathRenderer', 'DetailRenderer');
INSERT INTO CNT_HISTORY_DEF_ITEM
 (ID, REVISION, ENTITY_VERSION, DOMAIN_ID, PARENT_ID, LINE_NO, FIELD_ID, TRACKING_LEVEL, PATH_RENDERER_CLASS, DETAIL_RENDERER_CLASS)
VALUES ('feec12a701b949bfbf85d6ea5c0a12e5', 0, 1, '/', '057e550d14224cbaaeafb438b0f13331', '139', 'custCodelist1Name', 0, 'PathRenderer', 'DetailRenderer');
INSERT INTO CNT_HISTORY_DEF_ITEM
 (ID, REVISION, ENTITY_VERSION, DOMAIN_ID, PARENT_ID, LINE_NO, FIELD_ID, TRACKING_LEVEL, PATH_RENDERER_CLASS, DETAIL_RENDERER_CLASS)
VALUES ('d711d7c263f642b2aa30fcda40fb4b5d', 0, 1, '/', '057e550d14224cbaaeafb438b0f13331', '140', 'custCodelist2Name', 0, 'PathRenderer', 'DetailRenderer');
INSERT INTO CNT_HISTORY_DEF_ITEM
 (ID, REVISION, ENTITY_VERSION, DOMAIN_ID, PARENT_ID, LINE_NO, FIELD_ID, TRACKING_LEVEL, PATH_RENDERER_CLASS, DETAIL_RENDERER_CLASS)
VALUES ('164df6fe5ec54fcba3bd9eec14bcee36', 0, 1, '/', '057e550d14224cbaaeafb438b0f13331', '141', 'custCodelist3Name', 0, 'PathRenderer', 'DetailRenderer');
INSERT INTO CNT_HISTORY_DEF_ITEM
 (ID, REVISION, ENTITY_VERSION, DOMAIN_ID, PARENT_ID, LINE_NO, FIELD_ID, TRACKING_LEVEL, PATH_RENDERER_CLASS, DETAIL_RENDERER_CLASS)
VALUES ('6bdc2a74b19a4214b5405a4176a96d3b', 0, 1, '/', '057e550d14224cbaaeafb438b0f13331', '142', 'custCodelist4Name', 0, 'PathRenderer', 'DetailRenderer');
INSERT INTO CNT_HISTORY_DEF_ITEM
 (ID, REVISION, ENTITY_VERSION, DOMAIN_ID, PARENT_ID, LINE_NO, FIELD_ID, TRACKING_LEVEL, PATH_RENDERER_CLASS, DETAIL_RENDERER_CLASS)
VALUES ('0d3e857e1eea4950ab6f04f7c524b748', 0, 1, '/', '057e550d14224cbaaeafb438b0f13331', '143', 'custCodelist5Name', 0, 'PathRenderer', 'DetailRenderer');
INSERT INTO CNT_HISTORY_DEF_ITEM
 (ID, REVISION, ENTITY_VERSION, DOMAIN_ID, PARENT_ID, LINE_NO, FIELD_ID, TRACKING_LEVEL, PATH_RENDERER_CLASS, DETAIL_RENDERER_CLASS)
VALUES ('322df12433fa4577afcf7fdfe0f22661', 0, 1, '/', '057e550d14224cbaaeafb438b0f13331', '144', 'custCodelist6Name', 0, 'PathRenderer', 'DetailRenderer');
INSERT INTO CNT_HISTORY_DEF_ITEM
 (ID, REVISION, ENTITY_VERSION, DOMAIN_ID, PARENT_ID, LINE_NO, FIELD_ID, TRACKING_LEVEL, PATH_RENDERER_CLASS, DETAIL_RENDERER_CLASS)
VALUES ('2969c9e76c004e66b8b000765f150e35', 0, 1, '/', '057e550d14224cbaaeafb438b0f13331', '145', 'custCodelist7Name', 0, 'PathRenderer', 'DetailRenderer');
INSERT INTO CNT_HISTORY_DEF_ITEM
 (ID, REVISION, ENTITY_VERSION, DOMAIN_ID, PARENT_ID, LINE_NO, FIELD_ID, TRACKING_LEVEL, PATH_RENDERER_CLASS, DETAIL_RENDERER_CLASS)
VALUES ('e2bda8d29c494e7e8e7bc78b0e4e1117', 0, 1, '/', '057e550d14224cbaaeafb438b0f13331', '146', 'custHcl1Ref', 0, 'PathRenderer', 'DetailRenderer');
INSERT INTO CNT_HISTORY_DEF_ITEM
 (ID, REVISION, ENTITY_VERSION, DOMAIN_ID, PARENT_ID, LINE_NO, FIELD_ID, TRACKING_LEVEL, PATH_RENDERER_CLASS, DETAIL_RENDERER_CLASS)
VALUES ('3cab5061508a4d48b8d1869d7d825154', 0, 1, '/', '057e550d14224cbaaeafb438b0f13331', '147', 'custHcl1Ver', 0, 'PathRenderer', 'DetailRenderer');
INSERT INTO CNT_HISTORY_DEF_ITEM
 (ID, REVISION, ENTITY_VERSION, DOMAIN_ID, PARENT_ID, LINE_NO, FIELD_ID, TRACKING_LEVEL, PATH_RENDERER_CLASS, DETAIL_RENDERER_CLASS)
VALUES ('2e13d28d2f8a4c17b5f3310f1c10bc08', 0, 1, '/', '057e550d14224cbaaeafb438b0f13331', '148', 'custHcl1Ref2', 0, 'PathRenderer', 'DetailRenderer');
INSERT INTO CNT_HISTORY_DEF_ITEM
 (ID, REVISION, ENTITY_VERSION, DOMAIN_ID, PARENT_ID, LINE_NO, FIELD_ID, TRACKING_LEVEL, PATH_RENDERER_CLASS, DETAIL_RENDERER_CLASS)
VALUES ('fec62cd7d2834ccc82573cefcdaf59f4', 0, 1, '/', '057e550d14224cbaaeafb438b0f13331', '149', 'custHcl1FullLineage', 0, 'PathRenderer', 'DetailRenderer');
INSERT INTO CNT_HISTORY_DEF_ITEM
 (ID, REVISION, ENTITY_VERSION, DOMAIN_ID, PARENT_ID, LINE_NO, FIELD_ID, TRACKING_LEVEL, PATH_RENDERER_CLASS, DETAIL_RENDERER_CLASS)
VALUES ('653ea714d32e4765b3918fe33ae20e32', 0, 1, '/', '057e550d14224cbaaeafb438b0f13331', '150', 'custHcl2Ref', 0, 'PathRenderer', 'DetailRenderer');
INSERT INTO CNT_HISTORY_DEF_ITEM
 (ID, REVISION, ENTITY_VERSION, DOMAIN_ID, PARENT_ID, LINE_NO, FIELD_ID, TRACKING_LEVEL, PATH_RENDERER_CLASS, DETAIL_RENDERER_CLASS)
VALUES ('97a6425bfb124ed2b81803b5fe92dc33', 0, 1, '/', '057e550d14224cbaaeafb438b0f13331', '151', 'custHcl2Ver', 0, 'PathRenderer', 'DetailRenderer');
INSERT INTO CNT_HISTORY_DEF_ITEM
 (ID, REVISION, ENTITY_VERSION, DOMAIN_ID, PARENT_ID, LINE_NO, FIELD_ID, TRACKING_LEVEL, PATH_RENDERER_CLASS, DETAIL_RENDERER_CLASS)
VALUES ('7dec63a2af14455ca6136768b06ede37', 0, 1, '/', '057e550d14224cbaaeafb438b0f13331', '152', 'custHcl2Ref2', 0, 'PathRenderer', 'DetailRenderer');
INSERT INTO CNT_HISTORY_DEF_ITEM
 (ID, REVISION, ENTITY_VERSION, DOMAIN_ID, PARENT_ID, LINE_NO, FIELD_ID, TRACKING_LEVEL, PATH_RENDERER_CLASS, DETAIL_RENDERER_CLASS)
VALUES ('c8fa4fd9fe59443d9f0cd732794377bf', 0, 1, '/', '057e550d14224cbaaeafb438b0f13331', '153', 'custHcl2FullLineage', 0, 'PathRenderer', 'DetailRenderer');
INSERT INTO CNT_HISTORY_DEF_ITEM
 (ID, REVISION, ENTITY_VERSION, DOMAIN_ID, PARENT_ID, LINE_NO, FIELD_ID, TRACKING_LEVEL, PATH_RENDERER_CLASS, DETAIL_RENDERER_CLASS)
VALUES ('20b39bb31f3147f8990e713f22ee1161', 0, 1, '/', '057e550d14224cbaaeafb438b0f13331', '154', 'custHcl3Ref', 0, 'PathRenderer', 'DetailRenderer');
INSERT INTO CNT_HISTORY_DEF_ITEM
 (ID, REVISION, ENTITY_VERSION, DOMAIN_ID, PARENT_ID, LINE_NO, FIELD_ID, TRACKING_LEVEL, PATH_RENDERER_CLASS, DETAIL_RENDERER_CLASS)
VALUES ('3054f7e7ed1d4e6f8782297657067b33', 0, 1, '/', '057e550d14224cbaaeafb438b0f13331', '155', 'custHcl3Ver', 0, 'PathRenderer', 'DetailRenderer');
INSERT INTO CNT_HISTORY_DEF_ITEM
 (ID, REVISION, ENTITY_VERSION, DOMAIN_ID, PARENT_ID, LINE_NO, FIELD_ID, TRACKING_LEVEL, PATH_RENDERER_CLASS, DETAIL_RENDERER_CLASS)
VALUES ('cf30b9f1c161426a992c3f5c0b2442cd', 0, 1, '/', '057e550d14224cbaaeafb438b0f13331', '156', 'custHcl3Ref2', 0, 'PathRenderer', 'DetailRenderer');
INSERT INTO CNT_HISTORY_DEF_ITEM
 (ID, REVISION, ENTITY_VERSION, DOMAIN_ID, PARENT_ID, LINE_NO, FIELD_ID, TRACKING_LEVEL, PATH_RENDERER_CLASS, DETAIL_RENDERER_CLASS)
VALUES ('87ef5324d25f469aba85894343192583', 0, 1, '/', '057e550d14224cbaaeafb438b0f13331', '157', 'custHcl3FullLineage', 0, 'PathRenderer', 'DetailRenderer');
INSERT INTO CNT_HISTORY_DEF_ITEM
 (ID, REVISION, ENTITY_VERSION, DOMAIN_ID, PARENT_ID, LINE_NO, FIELD_ID, TRACKING_LEVEL, PATH_RENDERER_CLASS, DETAIL_RENDERER_CLASS)
VALUES ('88231eeaf3ed4244b50622c1410c9a81', 0, 1, '/', '057e550d14224cbaaeafb438b0f13331', '158', 'custHcl4Ref', 0, 'PathRenderer', 'DetailRenderer');
INSERT INTO CNT_HISTORY_DEF_ITEM
 (ID, REVISION, ENTITY_VERSION, DOMAIN_ID, PARENT_ID, LINE_NO, FIELD_ID, TRACKING_LEVEL, PATH_RENDERER_CLASS, DETAIL_RENDERER_CLASS)
VALUES ('f11e3e23f7a34da28c1863f6550ae5df', 0, 1, '/', '057e550d14224cbaaeafb438b0f13331', '159', 'custHcl4Ver', 0, 'PathRenderer', 'DetailRenderer');
INSERT INTO CNT_HISTORY_DEF_ITEM
 (ID, REVISION, ENTITY_VERSION, DOMAIN_ID, PARENT_ID, LINE_NO, FIELD_ID, TRACKING_LEVEL, PATH_RENDERER_CLASS, DETAIL_RENDERER_CLASS)
VALUES ('3eb12dc4ff694e51be1f72f9cf3789a4', 0, 1, '/', '057e550d14224cbaaeafb438b0f13331', '160', 'custHcl4Ref2', 0, 'PathRenderer', 'DetailRenderer');
INSERT INTO CNT_HISTORY_DEF_ITEM
 (ID, REVISION, ENTITY_VERSION, DOMAIN_ID, PARENT_ID, LINE_NO, FIELD_ID, TRACKING_LEVEL, PATH_RENDERER_CLASS, DETAIL_RENDERER_CLASS)
VALUES ('71666c8724934fc2ab1e59b3f4a56894', 0, 1, '/', '057e550d14224cbaaeafb438b0f13331', '161', 'custHcl4FullLineage', 0, 'PathRenderer', 'DetailRenderer');
INSERT INTO CNT_HISTORY_DEF_ITEM
 (ID, REVISION, ENTITY_VERSION, DOMAIN_ID, PARENT_ID, LINE_NO, FIELD_ID, TRACKING_LEVEL, PATH_RENDERER_CLASS, DETAIL_RENDERER_CLASS)
VALUES ('46490e97874942ecbb4abc7fc2462c7e', 0, 1, '/', '057e550d14224cbaaeafb438b0f13331', '162', 'custHcl5Ref', 0, 'PathRenderer', 'DetailRenderer');
INSERT INTO CNT_HISTORY_DEF_ITEM
 (ID, REVISION, ENTITY_VERSION, DOMAIN_ID, PARENT_ID, LINE_NO, FIELD_ID, TRACKING_LEVEL, PATH_RENDERER_CLASS, DETAIL_RENDERER_CLASS)
VALUES ('3fb5982473334a9883df436823d4297c', 0, 1, '/', '057e550d14224cbaaeafb438b0f13331', '163', 'custHcl5Ver', 0, 'PathRenderer', 'DetailRenderer');
INSERT INTO CNT_HISTORY_DEF_ITEM
 (ID, REVISION, ENTITY_VERSION, DOMAIN_ID, PARENT_ID, LINE_NO, FIELD_ID, TRACKING_LEVEL, PATH_RENDERER_CLASS, DETAIL_RENDERER_CLASS)
VALUES ('2d8dd0b317834cf5b693b300b85bb713', 0, 1, '/', '057e550d14224cbaaeafb438b0f13331', '164', 'custHcl5Ref2', 0, 'PathRenderer', 'DetailRenderer');
INSERT INTO CNT_HISTORY_DEF_ITEM
 (ID, REVISION, ENTITY_VERSION, DOMAIN_ID, PARENT_ID, LINE_NO, FIELD_ID, TRACKING_LEVEL, PATH_RENDERER_CLASS, DETAIL_RENDERER_CLASS)
VALUES ('109390cb96ed49e2aeb6adaf0aaad003', 0, 1, '/', '057e550d14224cbaaeafb438b0f13331', '165', 'custHcl5FullLineage', 0, 'PathRenderer', 'DetailRenderer');
INSERT INTO CNT_HISTORY_DEF
 (ID, REVISION, APPLY_ENTITY, ENTITY_VERSION, DOMAIN_ID , GENERATED, CREATE_USER, CREATE_USER_NAME, CREATED_ON)
VALUES ('28ab8f0e1cc247988b769eef30a84911', 0, 'CustDestination', 1, '/', 1, 'system', 'system', systimestamp);
INSERT INTO CNT_HISTORY_DEF_ITEM
 (ID, REVISION, ENTITY_VERSION, DOMAIN_ID, PARENT_ID, LINE_NO, FIELD_ID, TRACKING_LEVEL, PATH_RENDERER_CLASS, DETAIL_RENDERER_CLASS)
VALUES ('9596242ad15c4cd698ff9ce170ff5f8a', 0, 1, '/', '28ab8f0e1cc247988b769eef30a84911', '0', 'id', 1, 'PathRenderer', 'DetailRenderer');
INSERT INTO CNT_HISTORY_DEF_ITEM
 (ID, REVISION, ENTITY_VERSION, DOMAIN_ID, PARENT_ID, LINE_NO, FIELD_ID, TRACKING_LEVEL, PATH_RENDERER_CLASS, DETAIL_RENDERER_CLASS)
VALUES ('b202ff8cf79d466d879d5e735ffa34e9', 0, 1, '/', '28ab8f0e1cc247988b769eef30a84911', '1', 'revision', 1, 'PathRenderer', 'DetailRenderer');
INSERT INTO CNT_HISTORY_DEF_ITEM
 (ID, REVISION, ENTITY_VERSION, DOMAIN_ID, PARENT_ID, LINE_NO, FIELD_ID, TRACKING_LEVEL, PATH_RENDERER_CLASS, DETAIL_RENDERER_CLASS)
VALUES ('074e84d3f3ea4f3fb8f5e25569c5df76', 0, 1, '/', '28ab8f0e1cc247988b769eef30a84911', '2', 'entityVersion', 1, 'PathRenderer', 'DetailRenderer');
INSERT INTO CNT_HISTORY_DEF_ITEM
 (ID, REVISION, ENTITY_VERSION, DOMAIN_ID, PARENT_ID, LINE_NO, FIELD_ID, TRACKING_LEVEL, PATH_RENDERER_CLASS, DETAIL_RENDERER_CLASS)
VALUES ('f611c20d3a36471a9820ef448d827fa3', 0, 1, '/', '28ab8f0e1cc247988b769eef30a84911', '3', 'domainId', 1, 'PathRenderer', 'DetailRenderer');
INSERT INTO CNT_HISTORY_DEF_ITEM
 (ID, REVISION, ENTITY_VERSION, DOMAIN_ID, PARENT_ID, LINE_NO, FIELD_ID, TRACKING_LEVEL, PATH_RENDERER_CLASS, DETAIL_RENDERER_CLASS)
VALUES ('d047e23e9a41413e80552899b8cf2a25', 0, 1, '/', '28ab8f0e1cc247988b769eef30a84911', '4', 'hubDomainId', 1, 'PathRenderer', 'DetailRenderer');
INSERT INTO CNT_HISTORY_DEF_ITEM
 (ID, REVISION, ENTITY_VERSION, DOMAIN_ID, PARENT_ID, LINE_NO, FIELD_ID, TRACKING_LEVEL, PATH_RENDERER_CLASS, DETAIL_RENDERER_CLASS)
VALUES ('e6288e5e30104553a5f9d0cac56bc04c', 0, 1, '/', '28ab8f0e1cc247988b769eef30a84911', '5', 'isForReference', 1, 'PathRenderer', 'DetailRenderer');
INSERT INTO CNT_HISTORY_DEF_ITEM
 (ID, REVISION, ENTITY_VERSION, DOMAIN_ID, PARENT_ID, LINE_NO, FIELD_ID, TRACKING_LEVEL, PATH_RENDERER_CLASS, DETAIL_RENDERER_CLASS)
VALUES ('8ea022a84f7d49a988d91c76ffb297c0', 0, 1, '/', '28ab8f0e1cc247988b769eef30a84911', '6', 'internalSeqNo', 1, 'PathRenderer', 'DetailRenderer');
INSERT INTO CNT_HISTORY_DEF_ITEM
 (ID, REVISION, ENTITY_VERSION, DOMAIN_ID, PARENT_ID, LINE_NO, FIELD_ID, TRACKING_LEVEL, PATH_RENDERER_CLASS, DETAIL_RENDERER_CLASS)
VALUES ('f657671259e044feac34729d9957cd66', 0, 1, '/', '28ab8f0e1cc247988b769eef30a84911', '7', 'custId', 1, 'PathRenderer', 'DetailRenderer');
INSERT INTO CNT_HISTORY_DEF_ITEM
 (ID, REVISION, ENTITY_VERSION, DOMAIN_ID, PARENT_ID, LINE_NO, FIELD_ID, TRACKING_LEVEL, PATH_RENDERER_CLASS, DETAIL_RENDERER_CLASS)
VALUES ('b50b684689084fb1b958f1ee11907171', 0, 1, '/', '28ab8f0e1cc247988b769eef30a84911', '8', 'isDefault', 1, 'PathRenderer', 'DetailRenderer');
INSERT INTO CNT_HISTORY_DEF_ITEM
 (ID, REVISION, ENTITY_VERSION, DOMAIN_ID, PARENT_ID, LINE_NO, FIELD_ID, TRACKING_LEVEL, PATH_RENDERER_CLASS, DETAIL_RENDERER_CLASS)
VALUES ('9c0eaa1625474adf911f6cac39ec1cbb', 0, 1, '/', '28ab8f0e1cc247988b769eef30a84911', '9', 'countryOfDestination', 1, 'PathRenderer', 'DetailRenderer');
INSERT INTO CNT_HISTORY_DEF_ITEM
 (ID, REVISION, ENTITY_VERSION, DOMAIN_ID, PARENT_ID, LINE_NO, FIELD_ID, TRACKING_LEVEL, PATH_RENDERER_CLASS, DETAIL_RENDERER_CLASS)
VALUES ('5b9105f993074ffba624c73e1d1e433d', 0, 1, '/', '28ab8f0e1cc247988b769eef30a84911', '10', 'portOfDischarge', 1, 'PathRenderer', 'DetailRenderer');
INSERT INTO CNT_HISTORY_DEF_ITEM
 (ID, REVISION, ENTITY_VERSION, DOMAIN_ID, PARENT_ID, LINE_NO, FIELD_ID, TRACKING_LEVEL, PATH_RENDERER_CLASS, DETAIL_RENDERER_CLASS)
VALUES ('39dbd6bc656a4fd4b116565602f257d7', 0, 1, '/', '28ab8f0e1cc247988b769eef30a84911', '11', 'finalDestination', 1, 'PathRenderer', 'DetailRenderer');
INSERT INTO CNT_HISTORY_DEF_ITEM
 (ID, REVISION, ENTITY_VERSION, DOMAIN_ID, PARENT_ID, LINE_NO, FIELD_ID, TRACKING_LEVEL, PATH_RENDERER_CLASS, DETAIL_RENDERER_CLASS)
VALUES ('aa642ac5daa842f1970b728f3ded8dfa', 0, 1, '/', '28ab8f0e1cc247988b769eef30a84911', '12', 'distributionMethod', 1, 'PathRenderer', 'DetailRenderer');
INSERT INTO CNT_HISTORY_DEF_ITEM
 (ID, REVISION, ENTITY_VERSION, DOMAIN_ID, PARENT_ID, LINE_NO, FIELD_ID, TRACKING_LEVEL, PATH_RENDERER_CLASS, DETAIL_RENDERER_CLASS)
VALUES ('b55932c6a9984dc28ca32f0b5245d291', 0, 1, '/', '28ab8f0e1cc247988b769eef30a84911', '13', 'calCostQuoted', 1, 'PathRenderer', 'DetailRenderer');
INSERT INTO CNT_HISTORY_DEF_ITEM
 (ID, REVISION, ENTITY_VERSION, DOMAIN_ID, PARENT_ID, LINE_NO, FIELD_ID, TRACKING_LEVEL, PATH_RENDERER_CLASS, DETAIL_RENDERER_CLASS)
VALUES ('05309387b69c43b2be959241e7301b67', 0, 1, '/', '28ab8f0e1cc247988b769eef30a84911', '14', 'calCostConfirmed', 1, 'PathRenderer', 'DetailRenderer');
INSERT INTO CNT_HISTORY_DEF_ITEM
 (ID, REVISION, ENTITY_VERSION, DOMAIN_ID, PARENT_ID, LINE_NO, FIELD_ID, TRACKING_LEVEL, PATH_RENDERER_CLASS, DETAIL_RENDERER_CLASS)
VALUES ('1e14e0c3c5cb4b3f87aa0f53ed2530a6', 0, 1, '/', '28ab8f0e1cc247988b769eef30a84911', '15', 'refNo', 0, 'PathRenderer', 'DetailRenderer');
INSERT INTO CNT_HISTORY_DEF_ITEM
 (ID, REVISION, ENTITY_VERSION, DOMAIN_ID, PARENT_ID, LINE_NO, FIELD_ID, TRACKING_LEVEL, PATH_RENDERER_CLASS, DETAIL_RENDERER_CLASS)
VALUES ('d732a23d286243beaf68927bc817427e', 0, 1, '/', '28ab8f0e1cc247988b769eef30a84911', '16', 'custText1', 1, 'PathRenderer', 'DetailRenderer');
INSERT INTO CNT_HISTORY_DEF_ITEM
 (ID, REVISION, ENTITY_VERSION, DOMAIN_ID, PARENT_ID, LINE_NO, FIELD_ID, TRACKING_LEVEL, PATH_RENDERER_CLASS, DETAIL_RENDERER_CLASS)
VALUES ('6df1a82b82e5415b9113ab34d7998c12', 0, 1, '/', '28ab8f0e1cc247988b769eef30a84911', '17', 'custText2', 1, 'PathRenderer', 'DetailRenderer');
INSERT INTO CNT_HISTORY_DEF_ITEM
 (ID, REVISION, ENTITY_VERSION, DOMAIN_ID, PARENT_ID, LINE_NO, FIELD_ID, TRACKING_LEVEL, PATH_RENDERER_CLASS, DETAIL_RENDERER_CLASS)
VALUES ('1e42455a81834e72a69e55fd95336529', 0, 1, '/', '28ab8f0e1cc247988b769eef30a84911', '18', 'custText3', 1, 'PathRenderer', 'DetailRenderer');
INSERT INTO CNT_HISTORY_DEF_ITEM
 (ID, REVISION, ENTITY_VERSION, DOMAIN_ID, PARENT_ID, LINE_NO, FIELD_ID, TRACKING_LEVEL, PATH_RENDERER_CLASS, DETAIL_RENDERER_CLASS)
VALUES ('48f0261bcd0142da80dcd661c9d64022', 0, 1, '/', '28ab8f0e1cc247988b769eef30a84911', '19', 'custText4', 1, 'PathRenderer', 'DetailRenderer');
INSERT INTO CNT_HISTORY_DEF_ITEM
 (ID, REVISION, ENTITY_VERSION, DOMAIN_ID, PARENT_ID, LINE_NO, FIELD_ID, TRACKING_LEVEL, PATH_RENDERER_CLASS, DETAIL_RENDERER_CLASS)
VALUES ('dfc267c568614dcda5302f23e347dd65', 0, 1, '/', '28ab8f0e1cc247988b769eef30a84911', '20', 'custText5', 1, 'PathRenderer', 'DetailRenderer');
INSERT INTO CNT_HISTORY_DEF_ITEM
 (ID, REVISION, ENTITY_VERSION, DOMAIN_ID, PARENT_ID, LINE_NO, FIELD_ID, TRACKING_LEVEL, PATH_RENDERER_CLASS, DETAIL_RENDERER_CLASS)
VALUES ('9577d076382f4425a7fd4e93ee7c895c', 0, 1, '/', '28ab8f0e1cc247988b769eef30a84911', '21', 'custText6', 1, 'PathRenderer', 'DetailRenderer');
INSERT INTO CNT_HISTORY_DEF_ITEM
 (ID, REVISION, ENTITY_VERSION, DOMAIN_ID, PARENT_ID, LINE_NO, FIELD_ID, TRACKING_LEVEL, PATH_RENDERER_CLASS, DETAIL_RENDERER_CLASS)
VALUES ('6f6835caee65499f933f9b596a43091a', 0, 1, '/', '28ab8f0e1cc247988b769eef30a84911', '22', 'custText7', 1, 'PathRenderer', 'DetailRenderer');
INSERT INTO CNT_HISTORY_DEF_ITEM
 (ID, REVISION, ENTITY_VERSION, DOMAIN_ID, PARENT_ID, LINE_NO, FIELD_ID, TRACKING_LEVEL, PATH_RENDERER_CLASS, DETAIL_RENDERER_CLASS)
VALUES ('c0839473ebdd4ba992ee8221acb7d0fe', 0, 1, '/', '28ab8f0e1cc247988b769eef30a84911', '23', 'custDate1', 1, 'PathRenderer', 'DetailRenderer');
INSERT INTO CNT_HISTORY_DEF_ITEM
 (ID, REVISION, ENTITY_VERSION, DOMAIN_ID, PARENT_ID, LINE_NO, FIELD_ID, TRACKING_LEVEL, PATH_RENDERER_CLASS, DETAIL_RENDERER_CLASS)
VALUES ('46a153ecb6a24d179d35ad164e6e7c7f', 0, 1, '/', '28ab8f0e1cc247988b769eef30a84911', '24', 'custDate2', 1, 'PathRenderer', 'DetailRenderer');
INSERT INTO CNT_HISTORY_DEF_ITEM
 (ID, REVISION, ENTITY_VERSION, DOMAIN_ID, PARENT_ID, LINE_NO, FIELD_ID, TRACKING_LEVEL, PATH_RENDERER_CLASS, DETAIL_RENDERER_CLASS)
VALUES ('726f3092d539423aa4c9020db5d6f44d', 0, 1, '/', '28ab8f0e1cc247988b769eef30a84911', '25', 'custDate3', 1, 'PathRenderer', 'DetailRenderer');
INSERT INTO CNT_HISTORY_DEF_ITEM
 (ID, REVISION, ENTITY_VERSION, DOMAIN_ID, PARENT_ID, LINE_NO, FIELD_ID, TRACKING_LEVEL, PATH_RENDERER_CLASS, DETAIL_RENDERER_CLASS)
VALUES ('54b9689681784c29bca0863c53792c6a', 0, 1, '/', '28ab8f0e1cc247988b769eef30a84911', '26', 'custDate4', 1, 'PathRenderer', 'DetailRenderer');
INSERT INTO CNT_HISTORY_DEF_ITEM
 (ID, REVISION, ENTITY_VERSION, DOMAIN_ID, PARENT_ID, LINE_NO, FIELD_ID, TRACKING_LEVEL, PATH_RENDERER_CLASS, DETAIL_RENDERER_CLASS)
VALUES ('777d4e44a02d44989d7ac41c3d44c9c9', 0, 1, '/', '28ab8f0e1cc247988b769eef30a84911', '27', 'custDate5', 1, 'PathRenderer', 'DetailRenderer');
INSERT INTO CNT_HISTORY_DEF_ITEM
 (ID, REVISION, ENTITY_VERSION, DOMAIN_ID, PARENT_ID, LINE_NO, FIELD_ID, TRACKING_LEVEL, PATH_RENDERER_CLASS, DETAIL_RENDERER_CLASS)
VALUES ('56f893d7562b49bb8011a9061bcb9256', 0, 1, '/', '28ab8f0e1cc247988b769eef30a84911', '28', 'custDate6', 1, 'PathRenderer', 'DetailRenderer');
INSERT INTO CNT_HISTORY_DEF_ITEM
 (ID, REVISION, ENTITY_VERSION, DOMAIN_ID, PARENT_ID, LINE_NO, FIELD_ID, TRACKING_LEVEL, PATH_RENDERER_CLASS, DETAIL_RENDERER_CLASS)
VALUES ('f6554d905b934554b5b69bca3346a7b0', 0, 1, '/', '28ab8f0e1cc247988b769eef30a84911', '29', 'custDate7', 1, 'PathRenderer', 'DetailRenderer');
INSERT INTO CNT_HISTORY_DEF_ITEM
 (ID, REVISION, ENTITY_VERSION, DOMAIN_ID, PARENT_ID, LINE_NO, FIELD_ID, TRACKING_LEVEL, PATH_RENDERER_CLASS, DETAIL_RENDERER_CLASS)
VALUES ('2e14be54f9ff4e79a22f2dd0f460d3fc', 0, 1, '/', '28ab8f0e1cc247988b769eef30a84911', '30', 'custNumber1', 1, 'PathRenderer', 'DetailRenderer');
INSERT INTO CNT_HISTORY_DEF_ITEM
 (ID, REVISION, ENTITY_VERSION, DOMAIN_ID, PARENT_ID, LINE_NO, FIELD_ID, TRACKING_LEVEL, PATH_RENDERER_CLASS, DETAIL_RENDERER_CLASS)
VALUES ('eb8da53310ac4ee7b81b62bff2dcbadb', 0, 1, '/', '28ab8f0e1cc247988b769eef30a84911', '31', 'custNumber2', 1, 'PathRenderer', 'DetailRenderer');
INSERT INTO CNT_HISTORY_DEF_ITEM
 (ID, REVISION, ENTITY_VERSION, DOMAIN_ID, PARENT_ID, LINE_NO, FIELD_ID, TRACKING_LEVEL, PATH_RENDERER_CLASS, DETAIL_RENDERER_CLASS)
VALUES ('9a4b1746022c4a0e8543c8e623baf3e3', 0, 1, '/', '28ab8f0e1cc247988b769eef30a84911', '32', 'custNumber3', 1, 'PathRenderer', 'DetailRenderer');
INSERT INTO CNT_HISTORY_DEF_ITEM
 (ID, REVISION, ENTITY_VERSION, DOMAIN_ID, PARENT_ID, LINE_NO, FIELD_ID, TRACKING_LEVEL, PATH_RENDERER_CLASS, DETAIL_RENDERER_CLASS)
VALUES ('40cd8d65653241d38b06a50ece7ebc0c', 0, 1, '/', '28ab8f0e1cc247988b769eef30a84911', '33', 'custNumber4', 1, 'PathRenderer', 'DetailRenderer');
INSERT INTO CNT_HISTORY_DEF_ITEM
 (ID, REVISION, ENTITY_VERSION, DOMAIN_ID, PARENT_ID, LINE_NO, FIELD_ID, TRACKING_LEVEL, PATH_RENDERER_CLASS, DETAIL_RENDERER_CLASS)
VALUES ('7daa5a8d230746318251a6d66c981176', 0, 1, '/', '28ab8f0e1cc247988b769eef30a84911', '34', 'custNumber5', 1, 'PathRenderer', 'DetailRenderer');
INSERT INTO CNT_HISTORY_DEF_ITEM
 (ID, REVISION, ENTITY_VERSION, DOMAIN_ID, PARENT_ID, LINE_NO, FIELD_ID, TRACKING_LEVEL, PATH_RENDERER_CLASS, DETAIL_RENDERER_CLASS)
VALUES ('d9bd38fac6574d73b954fa3eba300e3b', 0, 1, '/', '28ab8f0e1cc247988b769eef30a84911', '35', 'custNumber6', 1, 'PathRenderer', 'DetailRenderer');
INSERT INTO CNT_HISTORY_DEF_ITEM
 (ID, REVISION, ENTITY_VERSION, DOMAIN_ID, PARENT_ID, LINE_NO, FIELD_ID, TRACKING_LEVEL, PATH_RENDERER_CLASS, DETAIL_RENDERER_CLASS)
VALUES ('5f4d833861b14fa7b6ef3f297219812b', 0, 1, '/', '28ab8f0e1cc247988b769eef30a84911', '36', 'custNumber7', 1, 'PathRenderer', 'DetailRenderer');
INSERT INTO CNT_HISTORY_DEF_ITEM
 (ID, REVISION, ENTITY_VERSION, DOMAIN_ID, PARENT_ID, LINE_NO, FIELD_ID, TRACKING_LEVEL, PATH_RENDERER_CLASS, DETAIL_RENDERER_CLASS)
VALUES ('a598ce79fbc1414994b1b94c1b873585', 0, 1, '/', '28ab8f0e1cc247988b769eef30a84911', '37', 'custDecimal1', 1, 'PathRenderer', 'DetailRenderer');
INSERT INTO CNT_HISTORY_DEF_ITEM
 (ID, REVISION, ENTITY_VERSION, DOMAIN_ID, PARENT_ID, LINE_NO, FIELD_ID, TRACKING_LEVEL, PATH_RENDERER_CLASS, DETAIL_RENDERER_CLASS)
VALUES ('188ea004eedd4e6fb46020d9c792a3c4', 0, 1, '/', '28ab8f0e1cc247988b769eef30a84911', '38', 'custDecimal2', 1, 'PathRenderer', 'DetailRenderer');
INSERT INTO CNT_HISTORY_DEF_ITEM
 (ID, REVISION, ENTITY_VERSION, DOMAIN_ID, PARENT_ID, LINE_NO, FIELD_ID, TRACKING_LEVEL, PATH_RENDERER_CLASS, DETAIL_RENDERER_CLASS)
VALUES ('7dd6d48c2e0f488f840f20512687ad0f', 0, 1, '/', '28ab8f0e1cc247988b769eef30a84911', '39', 'custDecimal3', 1, 'PathRenderer', 'DetailRenderer');
INSERT INTO CNT_HISTORY_DEF_ITEM
 (ID, REVISION, ENTITY_VERSION, DOMAIN_ID, PARENT_ID, LINE_NO, FIELD_ID, TRACKING_LEVEL, PATH_RENDERER_CLASS, DETAIL_RENDERER_CLASS)
VALUES ('09f66c6514b14c458bcfce1acd2acdb2', 0, 1, '/', '28ab8f0e1cc247988b769eef30a84911', '40', 'custDecimal4', 1, 'PathRenderer', 'DetailRenderer');
INSERT INTO CNT_HISTORY_DEF_ITEM
 (ID, REVISION, ENTITY_VERSION, DOMAIN_ID, PARENT_ID, LINE_NO, FIELD_ID, TRACKING_LEVEL, PATH_RENDERER_CLASS, DETAIL_RENDERER_CLASS)
VALUES ('847b7f8e593c471487e5433ec8ca94f9', 0, 1, '/', '28ab8f0e1cc247988b769eef30a84911', '41', 'custDecimal5', 1, 'PathRenderer', 'DetailRenderer');
INSERT INTO CNT_HISTORY_DEF_ITEM
 (ID, REVISION, ENTITY_VERSION, DOMAIN_ID, PARENT_ID, LINE_NO, FIELD_ID, TRACKING_LEVEL, PATH_RENDERER_CLASS, DETAIL_RENDERER_CLASS)
VALUES ('945c8f538db34ed381b966cb09f14862', 0, 1, '/', '28ab8f0e1cc247988b769eef30a84911', '42', 'custDecimal6', 1, 'PathRenderer', 'DetailRenderer');
INSERT INTO CNT_HISTORY_DEF_ITEM
 (ID, REVISION, ENTITY_VERSION, DOMAIN_ID, PARENT_ID, LINE_NO, FIELD_ID, TRACKING_LEVEL, PATH_RENDERER_CLASS, DETAIL_RENDERER_CLASS)
VALUES ('fc3533cbfdb64ab9aa0fa1e065ddde48', 0, 1, '/', '28ab8f0e1cc247988b769eef30a84911', '43', 'custDecimal7', 1, 'PathRenderer', 'DetailRenderer');
INSERT INTO CNT_HISTORY_DEF_ITEM
 (ID, REVISION, ENTITY_VERSION, DOMAIN_ID, PARENT_ID, LINE_NO, FIELD_ID, TRACKING_LEVEL, PATH_RENDERER_CLASS, DETAIL_RENDERER_CLASS)
VALUES ('f0052e717d134ae6bac6db97f83552c7', 0, 1, '/', '28ab8f0e1cc247988b769eef30a84911', '44', 'custCodelist1', 1, 'PathRenderer', 'DetailRenderer');
INSERT INTO CNT_HISTORY_DEF_ITEM
 (ID, REVISION, ENTITY_VERSION, DOMAIN_ID, PARENT_ID, LINE_NO, FIELD_ID, TRACKING_LEVEL, PATH_RENDERER_CLASS, DETAIL_RENDERER_CLASS)
VALUES ('1f1724447778481ab49fa2e8f769bf05', 0, 1, '/', '28ab8f0e1cc247988b769eef30a84911', '45', 'custCodelist2', 1, 'PathRenderer', 'DetailRenderer');
INSERT INTO CNT_HISTORY_DEF_ITEM
 (ID, REVISION, ENTITY_VERSION, DOMAIN_ID, PARENT_ID, LINE_NO, FIELD_ID, TRACKING_LEVEL, PATH_RENDERER_CLASS, DETAIL_RENDERER_CLASS)
VALUES ('a2a154ecdae947c783dce56ba62ac923', 0, 1, '/', '28ab8f0e1cc247988b769eef30a84911', '46', 'custCodelist3', 1, 'PathRenderer', 'DetailRenderer');
INSERT INTO CNT_HISTORY_DEF_ITEM
 (ID, REVISION, ENTITY_VERSION, DOMAIN_ID, PARENT_ID, LINE_NO, FIELD_ID, TRACKING_LEVEL, PATH_RENDERER_CLASS, DETAIL_RENDERER_CLASS)
VALUES ('e3da1afed5af4858afa69a14878cb24d', 0, 1, '/', '28ab8f0e1cc247988b769eef30a84911', '47', 'custCodelist4', 1, 'PathRenderer', 'DetailRenderer');
INSERT INTO CNT_HISTORY_DEF_ITEM
 (ID, REVISION, ENTITY_VERSION, DOMAIN_ID, PARENT_ID, LINE_NO, FIELD_ID, TRACKING_LEVEL, PATH_RENDERER_CLASS, DETAIL_RENDERER_CLASS)
VALUES ('2f2bc56ec8df4a98a21782d104653b10', 0, 1, '/', '28ab8f0e1cc247988b769eef30a84911', '48', 'custCodelist5', 1, 'PathRenderer', 'DetailRenderer');
INSERT INTO CNT_HISTORY_DEF_ITEM
 (ID, REVISION, ENTITY_VERSION, DOMAIN_ID, PARENT_ID, LINE_NO, FIELD_ID, TRACKING_LEVEL, PATH_RENDERER_CLASS, DETAIL_RENDERER_CLASS)
VALUES ('0f44d966708b4e4ba565997282aff72c', 0, 1, '/', '28ab8f0e1cc247988b769eef30a84911', '49', 'custCodelist6', 1, 'PathRenderer', 'DetailRenderer');
INSERT INTO CNT_HISTORY_DEF_ITEM
 (ID, REVISION, ENTITY_VERSION, DOMAIN_ID, PARENT_ID, LINE_NO, FIELD_ID, TRACKING_LEVEL, PATH_RENDERER_CLASS, DETAIL_RENDERER_CLASS)
VALUES ('4b8e5149b5eb45e3a2ba4b7bdf69b2ba', 0, 1, '/', '28ab8f0e1cc247988b769eef30a84911', '50', 'custCodelist7', 1, 'PathRenderer', 'DetailRenderer');
INSERT INTO CNT_HISTORY_DEF_ITEM
 (ID, REVISION, ENTITY_VERSION, DOMAIN_ID, PARENT_ID, LINE_NO, FIELD_ID, TRACKING_LEVEL, PATH_RENDERER_CLASS, DETAIL_RENDERER_CLASS)
VALUES ('a5f366c6a57847d2a58300942f088fed', 0, 1, '/', '28ab8f0e1cc247988b769eef30a84911', '51', 'custMemoText1', 1, 'PathRenderer', 'DetailRenderer');
INSERT INTO CNT_HISTORY_DEF_ITEM
 (ID, REVISION, ENTITY_VERSION, DOMAIN_ID, PARENT_ID, LINE_NO, FIELD_ID, TRACKING_LEVEL, PATH_RENDERER_CLASS, DETAIL_RENDERER_CLASS)
VALUES ('35f78e8570f043629b6cfbcdd26ab0a5', 0, 1, '/', '28ab8f0e1cc247988b769eef30a84911', '52', 'custMemoText2', 1, 'PathRenderer', 'DetailRenderer');
INSERT INTO CNT_HISTORY_DEF_ITEM
 (ID, REVISION, ENTITY_VERSION, DOMAIN_ID, PARENT_ID, LINE_NO, FIELD_ID, TRACKING_LEVEL, PATH_RENDERER_CLASS, DETAIL_RENDERER_CLASS)
VALUES ('7e712fd679c5412b97d37656c1cc96b2', 0, 1, '/', '28ab8f0e1cc247988b769eef30a84911', '53', 'custMemoText3', 1, 'PathRenderer', 'DetailRenderer');
INSERT INTO CNT_HISTORY_DEF_ITEM
 (ID, REVISION, ENTITY_VERSION, DOMAIN_ID, PARENT_ID, LINE_NO, FIELD_ID, TRACKING_LEVEL, PATH_RENDERER_CLASS, DETAIL_RENDERER_CLASS)
VALUES ('bbb4174666b342f8a03cbaa9f0d936f4', 0, 1, '/', '28ab8f0e1cc247988b769eef30a84911', '54', 'custMemoText4', 1, 'PathRenderer', 'DetailRenderer');
INSERT INTO CNT_HISTORY_DEF_ITEM
 (ID, REVISION, ENTITY_VERSION, DOMAIN_ID, PARENT_ID, LINE_NO, FIELD_ID, TRACKING_LEVEL, PATH_RENDERER_CLASS, DETAIL_RENDERER_CLASS)
VALUES ('146c7c13e7164cc6b3408803b8ab7420', 0, 1, '/', '28ab8f0e1cc247988b769eef30a84911', '55', 'custMemoText5', 1, 'PathRenderer', 'DetailRenderer');
INSERT INTO CNT_HISTORY_DEF_ITEM
 (ID, REVISION, ENTITY_VERSION, DOMAIN_ID, PARENT_ID, LINE_NO, FIELD_ID, TRACKING_LEVEL, PATH_RENDERER_CLASS, DETAIL_RENDERER_CLASS)
VALUES ('ff3e6544cf664afbbf28d026ea5dca86', 0, 1, '/', '28ab8f0e1cc247988b769eef30a84911', '56', 'custMemoText6', 1, 'PathRenderer', 'DetailRenderer');
INSERT INTO CNT_HISTORY_DEF_ITEM
 (ID, REVISION, ENTITY_VERSION, DOMAIN_ID, PARENT_ID, LINE_NO, FIELD_ID, TRACKING_LEVEL, PATH_RENDERER_CLASS, DETAIL_RENDERER_CLASS)
VALUES ('030ec77d20f44c03a126c8c2620556cc', 0, 1, '/', '28ab8f0e1cc247988b769eef30a84911', '57', 'custMemoText7', 1, 'PathRenderer', 'DetailRenderer');
INSERT INTO CNT_HISTORY_DEF_ITEM
 (ID, REVISION, ENTITY_VERSION, DOMAIN_ID, PARENT_ID, LINE_NO, FIELD_ID, TRACKING_LEVEL, PATH_RENDERER_CLASS, DETAIL_RENDERER_CLASS)
VALUES ('6a3c09db3fd24c11a07128301c0a6a64', 0, 1, '/', '28ab8f0e1cc247988b769eef30a84911', '58', 'custHcl1', 1, 'PathRenderer', 'DetailRenderer');
INSERT INTO CNT_HISTORY_DEF_ITEM
 (ID, REVISION, ENTITY_VERSION, DOMAIN_ID, PARENT_ID, LINE_NO, FIELD_ID, TRACKING_LEVEL, PATH_RENDERER_CLASS, DETAIL_RENDERER_CLASS)
VALUES ('770ee8c9dfb84c6d83e5dd32dd366229', 0, 1, '/', '28ab8f0e1cc247988b769eef30a84911', '59', 'custHcl2', 1, 'PathRenderer', 'DetailRenderer');
INSERT INTO CNT_HISTORY_DEF_ITEM
 (ID, REVISION, ENTITY_VERSION, DOMAIN_ID, PARENT_ID, LINE_NO, FIELD_ID, TRACKING_LEVEL, PATH_RENDERER_CLASS, DETAIL_RENDERER_CLASS)
VALUES ('7df9990881c6462ba1594a76a00e685c', 0, 1, '/', '28ab8f0e1cc247988b769eef30a84911', '60', 'custHcl3', 1, 'PathRenderer', 'DetailRenderer');
INSERT INTO CNT_HISTORY_DEF_ITEM
 (ID, REVISION, ENTITY_VERSION, DOMAIN_ID, PARENT_ID, LINE_NO, FIELD_ID, TRACKING_LEVEL, PATH_RENDERER_CLASS, DETAIL_RENDERER_CLASS)
VALUES ('b9548974fb9b4465b4245f988f48178f', 0, 1, '/', '28ab8f0e1cc247988b769eef30a84911', '61', 'custHcl4', 1, 'PathRenderer', 'DetailRenderer');
INSERT INTO CNT_HISTORY_DEF_ITEM
 (ID, REVISION, ENTITY_VERSION, DOMAIN_ID, PARENT_ID, LINE_NO, FIELD_ID, TRACKING_LEVEL, PATH_RENDERER_CLASS, DETAIL_RENDERER_CLASS)
VALUES ('de5fa7f5e11c49539ca2a343d8c8562a', 0, 1, '/', '28ab8f0e1cc247988b769eef30a84911', '62', 'custHcl5', 1, 'PathRenderer', 'DetailRenderer');
INSERT INTO CNT_HISTORY_DEF_ITEM
 (ID, REVISION, ENTITY_VERSION, DOMAIN_ID, PARENT_ID, LINE_NO, FIELD_ID, TRACKING_LEVEL, PATH_RENDERER_CLASS, DETAIL_RENDERER_CLASS)
VALUES ('c85ae6aabb034f42adb46262a811d4c8', 0, 1, '/', '28ab8f0e1cc247988b769eef30a84911', '63', 'countryOfDestinationName', 0, 'PathRenderer', 'DetailRenderer');
INSERT INTO CNT_HISTORY_DEF_ITEM
 (ID, REVISION, ENTITY_VERSION, DOMAIN_ID, PARENT_ID, LINE_NO, FIELD_ID, TRACKING_LEVEL, PATH_RENDERER_CLASS, DETAIL_RENDERER_CLASS)
VALUES ('de74d06a1f5049f3b1edcfa5160cd35b', 0, 1, '/', '28ab8f0e1cc247988b769eef30a84911', '64', 'portOfDischargeName', 0, 'PathRenderer', 'DetailRenderer');
INSERT INTO CNT_HISTORY_DEF_ITEM
 (ID, REVISION, ENTITY_VERSION, DOMAIN_ID, PARENT_ID, LINE_NO, FIELD_ID, TRACKING_LEVEL, PATH_RENDERER_CLASS, DETAIL_RENDERER_CLASS)
VALUES ('817b07a62c3444e39283f10a39d51841', 0, 1, '/', '28ab8f0e1cc247988b769eef30a84911', '65', 'finalDestinationName', 0, 'PathRenderer', 'DetailRenderer');
INSERT INTO CNT_HISTORY_DEF_ITEM
 (ID, REVISION, ENTITY_VERSION, DOMAIN_ID, PARENT_ID, LINE_NO, FIELD_ID, TRACKING_LEVEL, PATH_RENDERER_CLASS, DETAIL_RENDERER_CLASS)
VALUES ('ccbee5ad7dc84aa180a3fd30815c0961', 0, 1, '/', '28ab8f0e1cc247988b769eef30a84911', '66', 'distributionMethodName', 0, 'PathRenderer', 'DetailRenderer');
INSERT INTO CNT_HISTORY_DEF_ITEM
 (ID, REVISION, ENTITY_VERSION, DOMAIN_ID, PARENT_ID, LINE_NO, FIELD_ID, TRACKING_LEVEL, PATH_RENDERER_CLASS, DETAIL_RENDERER_CLASS)
VALUES ('660e9770b6644daa84c3374bd6332c3a', 0, 1, '/', '28ab8f0e1cc247988b769eef30a84911', '67', 'custCodelist1Name', 0, 'PathRenderer', 'DetailRenderer');
INSERT INTO CNT_HISTORY_DEF_ITEM
 (ID, REVISION, ENTITY_VERSION, DOMAIN_ID, PARENT_ID, LINE_NO, FIELD_ID, TRACKING_LEVEL, PATH_RENDERER_CLASS, DETAIL_RENDERER_CLASS)
VALUES ('e13a712d610b40e88a69cfe7f887251e', 0, 1, '/', '28ab8f0e1cc247988b769eef30a84911', '68', 'custCodelist2Name', 0, 'PathRenderer', 'DetailRenderer');
INSERT INTO CNT_HISTORY_DEF_ITEM
 (ID, REVISION, ENTITY_VERSION, DOMAIN_ID, PARENT_ID, LINE_NO, FIELD_ID, TRACKING_LEVEL, PATH_RENDERER_CLASS, DETAIL_RENDERER_CLASS)
VALUES ('ac7b2198657846508fd73519679f4996', 0, 1, '/', '28ab8f0e1cc247988b769eef30a84911', '69', 'custCodelist3Name', 0, 'PathRenderer', 'DetailRenderer');
INSERT INTO CNT_HISTORY_DEF_ITEM
 (ID, REVISION, ENTITY_VERSION, DOMAIN_ID, PARENT_ID, LINE_NO, FIELD_ID, TRACKING_LEVEL, PATH_RENDERER_CLASS, DETAIL_RENDERER_CLASS)
VALUES ('d117aa509e664337bc75bbdb9d15eead', 0, 1, '/', '28ab8f0e1cc247988b769eef30a84911', '70', 'custCodelist4Name', 0, 'PathRenderer', 'DetailRenderer');
INSERT INTO CNT_HISTORY_DEF_ITEM
 (ID, REVISION, ENTITY_VERSION, DOMAIN_ID, PARENT_ID, LINE_NO, FIELD_ID, TRACKING_LEVEL, PATH_RENDERER_CLASS, DETAIL_RENDERER_CLASS)
VALUES ('032eee7d1ba6495aab66422ec881f482', 0, 1, '/', '28ab8f0e1cc247988b769eef30a84911', '71', 'custCodelist5Name', 0, 'PathRenderer', 'DetailRenderer');
INSERT INTO CNT_HISTORY_DEF_ITEM
 (ID, REVISION, ENTITY_VERSION, DOMAIN_ID, PARENT_ID, LINE_NO, FIELD_ID, TRACKING_LEVEL, PATH_RENDERER_CLASS, DETAIL_RENDERER_CLASS)
VALUES ('f5adf2e90a0f4a2fb5fe7a5145a871bd', 0, 1, '/', '28ab8f0e1cc247988b769eef30a84911', '72', 'custCodelist6Name', 0, 'PathRenderer', 'DetailRenderer');
INSERT INTO CNT_HISTORY_DEF_ITEM
 (ID, REVISION, ENTITY_VERSION, DOMAIN_ID, PARENT_ID, LINE_NO, FIELD_ID, TRACKING_LEVEL, PATH_RENDERER_CLASS, DETAIL_RENDERER_CLASS)
VALUES ('90fb884c177a4b3fba2e052dd60e360b', 0, 1, '/', '28ab8f0e1cc247988b769eef30a84911', '73', 'custCodelist7Name', 0, 'PathRenderer', 'DetailRenderer');
INSERT INTO CNT_HISTORY_DEF_ITEM
 (ID, REVISION, ENTITY_VERSION, DOMAIN_ID, PARENT_ID, LINE_NO, FIELD_ID, TRACKING_LEVEL, PATH_RENDERER_CLASS, DETAIL_RENDERER_CLASS)
VALUES ('6ef72c7503254d92b8540757f0308f8a', 0, 1, '/', '28ab8f0e1cc247988b769eef30a84911', '74', 'custHcl1Ref', 0, 'PathRenderer', 'DetailRenderer');
INSERT INTO CNT_HISTORY_DEF_ITEM
 (ID, REVISION, ENTITY_VERSION, DOMAIN_ID, PARENT_ID, LINE_NO, FIELD_ID, TRACKING_LEVEL, PATH_RENDERER_CLASS, DETAIL_RENDERER_CLASS)
VALUES ('4e9e818fcce645f9813bcb8e6be24200', 0, 1, '/', '28ab8f0e1cc247988b769eef30a84911', '75', 'custHcl1Ver', 0, 'PathRenderer', 'DetailRenderer');
INSERT INTO CNT_HISTORY_DEF_ITEM
 (ID, REVISION, ENTITY_VERSION, DOMAIN_ID, PARENT_ID, LINE_NO, FIELD_ID, TRACKING_LEVEL, PATH_RENDERER_CLASS, DETAIL_RENDERER_CLASS)
VALUES ('d3baa66e2351469793a43f670d526848', 0, 1, '/', '28ab8f0e1cc247988b769eef30a84911', '76', 'custHcl1Ref2', 0, 'PathRenderer', 'DetailRenderer');
INSERT INTO CNT_HISTORY_DEF_ITEM
 (ID, REVISION, ENTITY_VERSION, DOMAIN_ID, PARENT_ID, LINE_NO, FIELD_ID, TRACKING_LEVEL, PATH_RENDERER_CLASS, DETAIL_RENDERER_CLASS)
VALUES ('c7390cb6cc9d4e09912c51e87ea35c78', 0, 1, '/', '28ab8f0e1cc247988b769eef30a84911', '77', 'custHcl1FullLineage', 0, 'PathRenderer', 'DetailRenderer');
INSERT INTO CNT_HISTORY_DEF_ITEM
 (ID, REVISION, ENTITY_VERSION, DOMAIN_ID, PARENT_ID, LINE_NO, FIELD_ID, TRACKING_LEVEL, PATH_RENDERER_CLASS, DETAIL_RENDERER_CLASS)
VALUES ('b1781dfbc43f4c4caf69b6a90b1a66d7', 0, 1, '/', '28ab8f0e1cc247988b769eef30a84911', '78', 'custHcl2Ref', 0, 'PathRenderer', 'DetailRenderer');
INSERT INTO CNT_HISTORY_DEF_ITEM
 (ID, REVISION, ENTITY_VERSION, DOMAIN_ID, PARENT_ID, LINE_NO, FIELD_ID, TRACKING_LEVEL, PATH_RENDERER_CLASS, DETAIL_RENDERER_CLASS)
VALUES ('19083c237bc747a1817edff78d0c081d', 0, 1, '/', '28ab8f0e1cc247988b769eef30a84911', '79', 'custHcl2Ver', 0, 'PathRenderer', 'DetailRenderer');
INSERT INTO CNT_HISTORY_DEF_ITEM
 (ID, REVISION, ENTITY_VERSION, DOMAIN_ID, PARENT_ID, LINE_NO, FIELD_ID, TRACKING_LEVEL, PATH_RENDERER_CLASS, DETAIL_RENDERER_CLASS)
VALUES ('4dd88dc224f440be8ce29f4a323c6e2a', 0, 1, '/', '28ab8f0e1cc247988b769eef30a84911', '80', 'custHcl2Ref2', 0, 'PathRenderer', 'DetailRenderer');
INSERT INTO CNT_HISTORY_DEF_ITEM
 (ID, REVISION, ENTITY_VERSION, DOMAIN_ID, PARENT_ID, LINE_NO, FIELD_ID, TRACKING_LEVEL, PATH_RENDERER_CLASS, DETAIL_RENDERER_CLASS)
VALUES ('7a59efaf0dca4c1b988fe25147de6d0e', 0, 1, '/', '28ab8f0e1cc247988b769eef30a84911', '81', 'custHcl2FullLineage', 0, 'PathRenderer', 'DetailRenderer');
INSERT INTO CNT_HISTORY_DEF_ITEM
 (ID, REVISION, ENTITY_VERSION, DOMAIN_ID, PARENT_ID, LINE_NO, FIELD_ID, TRACKING_LEVEL, PATH_RENDERER_CLASS, DETAIL_RENDERER_CLASS)
VALUES ('9db8aff1f210471c8ed6b03027949ad1', 0, 1, '/', '28ab8f0e1cc247988b769eef30a84911', '82', 'custHcl3Ref', 0, 'PathRenderer', 'DetailRenderer');
INSERT INTO CNT_HISTORY_DEF_ITEM
 (ID, REVISION, ENTITY_VERSION, DOMAIN_ID, PARENT_ID, LINE_NO, FIELD_ID, TRACKING_LEVEL, PATH_RENDERER_CLASS, DETAIL_RENDERER_CLASS)
VALUES ('cbb02fcaee014568b7c345f20d0e6fde', 0, 1, '/', '28ab8f0e1cc247988b769eef30a84911', '83', 'custHcl3Ver', 0, 'PathRenderer', 'DetailRenderer');
INSERT INTO CNT_HISTORY_DEF_ITEM
 (ID, REVISION, ENTITY_VERSION, DOMAIN_ID, PARENT_ID, LINE_NO, FIELD_ID, TRACKING_LEVEL, PATH_RENDERER_CLASS, DETAIL_RENDERER_CLASS)
VALUES ('f0c190589e41491f86499c85da9bae4d', 0, 1, '/', '28ab8f0e1cc247988b769eef30a84911', '84', 'custHcl3Ref2', 0, 'PathRenderer', 'DetailRenderer');
INSERT INTO CNT_HISTORY_DEF_ITEM
 (ID, REVISION, ENTITY_VERSION, DOMAIN_ID, PARENT_ID, LINE_NO, FIELD_ID, TRACKING_LEVEL, PATH_RENDERER_CLASS, DETAIL_RENDERER_CLASS)
VALUES ('55f73329255344f1a4defd45ee1413fb', 0, 1, '/', '28ab8f0e1cc247988b769eef30a84911', '85', 'custHcl3FullLineage', 0, 'PathRenderer', 'DetailRenderer');
INSERT INTO CNT_HISTORY_DEF_ITEM
 (ID, REVISION, ENTITY_VERSION, DOMAIN_ID, PARENT_ID, LINE_NO, FIELD_ID, TRACKING_LEVEL, PATH_RENDERER_CLASS, DETAIL_RENDERER_CLASS)
VALUES ('abb4672aa9e94ec9b3049e9638bc337f', 0, 1, '/', '28ab8f0e1cc247988b769eef30a84911', '86', 'custHcl4Ref', 0, 'PathRenderer', 'DetailRenderer');
INSERT INTO CNT_HISTORY_DEF_ITEM
 (ID, REVISION, ENTITY_VERSION, DOMAIN_ID, PARENT_ID, LINE_NO, FIELD_ID, TRACKING_LEVEL, PATH_RENDERER_CLASS, DETAIL_RENDERER_CLASS)
VALUES ('b9d4e76625d44373b67025fdda74feab', 0, 1, '/', '28ab8f0e1cc247988b769eef30a84911', '87', 'custHcl4Ver', 0, 'PathRenderer', 'DetailRenderer');
INSERT INTO CNT_HISTORY_DEF_ITEM
 (ID, REVISION, ENTITY_VERSION, DOMAIN_ID, PARENT_ID, LINE_NO, FIELD_ID, TRACKING_LEVEL, PATH_RENDERER_CLASS, DETAIL_RENDERER_CLASS)
VALUES ('3df0a26d191549058d97c811efd82e93', 0, 1, '/', '28ab8f0e1cc247988b769eef30a84911', '88', 'custHcl4Ref2', 0, 'PathRenderer', 'DetailRenderer');
INSERT INTO CNT_HISTORY_DEF_ITEM
 (ID, REVISION, ENTITY_VERSION, DOMAIN_ID, PARENT_ID, LINE_NO, FIELD_ID, TRACKING_LEVEL, PATH_RENDERER_CLASS, DETAIL_RENDERER_CLASS)
VALUES ('d872c28cc368474980ef306b547b7fbf', 0, 1, '/', '28ab8f0e1cc247988b769eef30a84911', '89', 'custHcl4FullLineage', 0, 'PathRenderer', 'DetailRenderer');
INSERT INTO CNT_HISTORY_DEF_ITEM
 (ID, REVISION, ENTITY_VERSION, DOMAIN_ID, PARENT_ID, LINE_NO, FIELD_ID, TRACKING_LEVEL, PATH_RENDERER_CLASS, DETAIL_RENDERER_CLASS)
VALUES ('1e40ad9955744f4fbc1612502f66042d', 0, 1, '/', '28ab8f0e1cc247988b769eef30a84911', '90', 'custHcl5Ref', 0, 'PathRenderer', 'DetailRenderer');
INSERT INTO CNT_HISTORY_DEF_ITEM
 (ID, REVISION, ENTITY_VERSION, DOMAIN_ID, PARENT_ID, LINE_NO, FIELD_ID, TRACKING_LEVEL, PATH_RENDERER_CLASS, DETAIL_RENDERER_CLASS)
VALUES ('20444f8a930d4c66abeffb8074493dec', 0, 1, '/', '28ab8f0e1cc247988b769eef30a84911', '91', 'custHcl5Ver', 0, 'PathRenderer', 'DetailRenderer');
INSERT INTO CNT_HISTORY_DEF_ITEM
 (ID, REVISION, ENTITY_VERSION, DOMAIN_ID, PARENT_ID, LINE_NO, FIELD_ID, TRACKING_LEVEL, PATH_RENDERER_CLASS, DETAIL_RENDERER_CLASS)
VALUES ('9ba39624003740649e74a2639fdfc88b', 0, 1, '/', '28ab8f0e1cc247988b769eef30a84911', '92', 'custHcl5Ref2', 0, 'PathRenderer', 'DetailRenderer');
INSERT INTO CNT_HISTORY_DEF_ITEM
 (ID, REVISION, ENTITY_VERSION, DOMAIN_ID, PARENT_ID, LINE_NO, FIELD_ID, TRACKING_LEVEL, PATH_RENDERER_CLASS, DETAIL_RENDERER_CLASS)
VALUES ('6c1f9f02e4c24d1ea98500f943d73d4d', 0, 1, '/', '28ab8f0e1cc247988b769eef30a84911', '93', 'custHcl5FullLineage', 0, 'PathRenderer', 'DetailRenderer');
INSERT INTO CNT_HISTORY_DEF
 (ID, REVISION, APPLY_ENTITY, ENTITY_VERSION, DOMAIN_ID , GENERATED, CREATE_USER, CREATE_USER_NAME, CREATED_ON)
VALUES ('de515fb0201646589285b27e93c39b80', 0, 'CustHc', 1, '/', 1, 'system', 'system', systimestamp);
INSERT INTO CNT_HISTORY_DEF_ITEM
 (ID, REVISION, ENTITY_VERSION, DOMAIN_ID, PARENT_ID, LINE_NO, FIELD_ID, TRACKING_LEVEL, PATH_RENDERER_CLASS, DETAIL_RENDERER_CLASS)
VALUES ('07cdf2af00e64858935b6711dc1b3ac7', 0, 1, '/', 'de515fb0201646589285b27e93c39b80', '0', 'id', 1, 'PathRenderer', 'DetailRenderer');
INSERT INTO CNT_HISTORY_DEF_ITEM
 (ID, REVISION, ENTITY_VERSION, DOMAIN_ID, PARENT_ID, LINE_NO, FIELD_ID, TRACKING_LEVEL, PATH_RENDERER_CLASS, DETAIL_RENDERER_CLASS)
VALUES ('f52b3d33fd9a46b0935c49adaac209a8', 0, 1, '/', 'de515fb0201646589285b27e93c39b80', '1', 'revision', 1, 'PathRenderer', 'DetailRenderer');
INSERT INTO CNT_HISTORY_DEF_ITEM
 (ID, REVISION, ENTITY_VERSION, DOMAIN_ID, PARENT_ID, LINE_NO, FIELD_ID, TRACKING_LEVEL, PATH_RENDERER_CLASS, DETAIL_RENDERER_CLASS)
VALUES ('cefce191027d46aaa865f38990d7aa7e', 0, 1, '/', 'de515fb0201646589285b27e93c39b80', '2', 'entityVersion', 1, 'PathRenderer', 'DetailRenderer');
INSERT INTO CNT_HISTORY_DEF_ITEM
 (ID, REVISION, ENTITY_VERSION, DOMAIN_ID, PARENT_ID, LINE_NO, FIELD_ID, TRACKING_LEVEL, PATH_RENDERER_CLASS, DETAIL_RENDERER_CLASS)
VALUES ('ba1069be975746c28854e6f707fc256f', 0, 1, '/', 'de515fb0201646589285b27e93c39b80', '3', 'domainId', 1, 'PathRenderer', 'DetailRenderer');
INSERT INTO CNT_HISTORY_DEF_ITEM
 (ID, REVISION, ENTITY_VERSION, DOMAIN_ID, PARENT_ID, LINE_NO, FIELD_ID, TRACKING_LEVEL, PATH_RENDERER_CLASS, DETAIL_RENDERER_CLASS)
VALUES ('6aa2b60a3872443087610ab4788aaed0', 0, 1, '/', 'de515fb0201646589285b27e93c39b80', '4', 'hubDomainId', 1, 'PathRenderer', 'DetailRenderer');
INSERT INTO CNT_HISTORY_DEF_ITEM
 (ID, REVISION, ENTITY_VERSION, DOMAIN_ID, PARENT_ID, LINE_NO, FIELD_ID, TRACKING_LEVEL, PATH_RENDERER_CLASS, DETAIL_RENDERER_CLASS)
VALUES ('7860aa7692c24c88adb02fe82c8c7212', 0, 1, '/', 'de515fb0201646589285b27e93c39b80', '5', 'isForReference', 1, 'PathRenderer', 'DetailRenderer');
INSERT INTO CNT_HISTORY_DEF_ITEM
 (ID, REVISION, ENTITY_VERSION, DOMAIN_ID, PARENT_ID, LINE_NO, FIELD_ID, TRACKING_LEVEL, PATH_RENDERER_CLASS, DETAIL_RENDERER_CLASS)
VALUES ('ef4b8111c35747948f8bb2f618165bbe', 0, 1, '/', 'de515fb0201646589285b27e93c39b80', '6', 'internalSeqNo', 1, 'PathRenderer', 'DetailRenderer');
INSERT INTO CNT_HISTORY_DEF_ITEM
 (ID, REVISION, ENTITY_VERSION, DOMAIN_ID, PARENT_ID, LINE_NO, FIELD_ID, TRACKING_LEVEL, PATH_RENDERER_CLASS, DETAIL_RENDERER_CLASS)
VALUES ('510122eb3a33403887dcfb3346462a78', 0, 1, '/', 'de515fb0201646589285b27e93c39b80', '7', 'custId', 1, 'PathRenderer', 'DetailRenderer');
INSERT INTO CNT_HISTORY_DEF_ITEM
 (ID, REVISION, ENTITY_VERSION, DOMAIN_ID, PARENT_ID, LINE_NO, FIELD_ID, TRACKING_LEVEL, PATH_RENDERER_CLASS, DETAIL_RENDERER_CLASS)
VALUES ('55d9870267774e868ae737f308bbbd27', 0, 1, '/', 'de515fb0201646589285b27e93c39b80', '8', 'hclTypeName', 1, 'PathRenderer', 'DetailRenderer');
INSERT INTO CNT_HISTORY_DEF_ITEM
 (ID, REVISION, ENTITY_VERSION, DOMAIN_ID, PARENT_ID, LINE_NO, FIELD_ID, TRACKING_LEVEL, PATH_RENDERER_CLASS, DETAIL_RENDERER_CLASS)
VALUES ('2cc9dd50c1a9424480c03987d05b7f26', 0, 1, '/', 'de515fb0201646589285b27e93c39b80', '9', 'hclLevelName', 1, 'PathRenderer', 'DetailRenderer');
INSERT INTO CNT_HISTORY_DEF_ITEM
 (ID, REVISION, ENTITY_VERSION, DOMAIN_ID, PARENT_ID, LINE_NO, FIELD_ID, TRACKING_LEVEL, PATH_RENDERER_CLASS, DETAIL_RENDERER_CLASS)
VALUES ('b6ac056624984c94a7ade6da96bedf66', 0, 1, '/', 'de515fb0201646589285b27e93c39b80', '10', 'hclNodeCode', 1, 'PathRenderer', 'DetailRenderer');
INSERT INTO CNT_HISTORY_DEF_ITEM
 (ID, REVISION, ENTITY_VERSION, DOMAIN_ID, PARENT_ID, LINE_NO, FIELD_ID, TRACKING_LEVEL, PATH_RENDERER_CLASS, DETAIL_RENDERER_CLASS)
VALUES ('615e7c3d536b489287479e0c87b28c47', 0, 1, '/', 'de515fb0201646589285b27e93c39b80', '11', 'hclFullLineage', 1, 'PathRenderer', 'DetailRenderer');
INSERT INTO CNT_HISTORY_DEF_ITEM
 (ID, REVISION, ENTITY_VERSION, DOMAIN_ID, PARENT_ID, LINE_NO, FIELD_ID, TRACKING_LEVEL, PATH_RENDERER_CLASS, DETAIL_RENDERER_CLASS)
VALUES ('b038577d702b41ae90c27374e54418e4', 0, 1, '/', 'de515fb0201646589285b27e93c39b80', '12', 'hclId', 1, 'PathRenderer', 'DetailRenderer');
INSERT INTO CNT_HISTORY_DEF_ITEM
 (ID, REVISION, ENTITY_VERSION, DOMAIN_ID, PARENT_ID, LINE_NO, FIELD_ID, TRACKING_LEVEL, PATH_RENDERER_CLASS, DETAIL_RENDERER_CLASS)
VALUES ('c88ae9a48d1445adb754d2f32b654da4', 0, 1, '/', 'de515fb0201646589285b27e93c39b80', '13', 'hclNodeId', 1, 'PathRenderer', 'DetailRenderer');
INSERT INTO CNT_HISTORY_DEF_ITEM
 (ID, REVISION, ENTITY_VERSION, DOMAIN_ID, PARENT_ID, LINE_NO, FIELD_ID, TRACKING_LEVEL, PATH_RENDERER_CLASS, DETAIL_RENDERER_CLASS)
VALUES ('62d5978b46004acab8e2d09a365efcb1', 0, 1, '/', 'de515fb0201646589285b27e93c39b80', '14', 'hclTypeId', 1, 'PathRenderer', 'DetailRenderer');
INSERT INTO CNT_HISTORY_DEF_ITEM
 (ID, REVISION, ENTITY_VERSION, DOMAIN_ID, PARENT_ID, LINE_NO, FIELD_ID, TRACKING_LEVEL, PATH_RENDERER_CLASS, DETAIL_RENDERER_CLASS)
VALUES ('5281ea83219b4a2ab910bb5bf46f01f5', 0, 1, '/', 'de515fb0201646589285b27e93c39b80', '15', 'hclTypeLevelId', 1, 'PathRenderer', 'DetailRenderer');
INSERT INTO CNT_HISTORY_DEF_ITEM
 (ID, REVISION, ENTITY_VERSION, DOMAIN_ID, PARENT_ID, LINE_NO, FIELD_ID, TRACKING_LEVEL, PATH_RENDERER_CLASS, DETAIL_RENDERER_CLASS)
VALUES ('8b1ce9a789b54b038e90d1d97e758832', 0, 1, '/', 'de515fb0201646589285b27e93c39b80', '16', 'percentageOfBusiness', 1, 'PathRenderer', 'DetailRenderer');
INSERT INTO CNT_HISTORY_DEF_ITEM
 (ID, REVISION, ENTITY_VERSION, DOMAIN_ID, PARENT_ID, LINE_NO, FIELD_ID, TRACKING_LEVEL, PATH_RENDERER_CLASS, DETAIL_RENDERER_CLASS)
VALUES ('5cdddfca52af40d69952af80894a0177', 0, 1, '/', 'de515fb0201646589285b27e93c39b80', '17', 'refNo', 0, 'PathRenderer', 'DetailRenderer');
INSERT INTO CNT_HISTORY_DEF_ITEM
 (ID, REVISION, ENTITY_VERSION, DOMAIN_ID, PARENT_ID, LINE_NO, FIELD_ID, TRACKING_LEVEL, PATH_RENDERER_CLASS, DETAIL_RENDERER_CLASS)
VALUES ('50f7692fa9b54263bd4318621db136fd', 0, 1, '/', 'de515fb0201646589285b27e93c39b80', '18', 'custText1', 1, 'PathRenderer', 'DetailRenderer');
INSERT INTO CNT_HISTORY_DEF_ITEM
 (ID, REVISION, ENTITY_VERSION, DOMAIN_ID, PARENT_ID, LINE_NO, FIELD_ID, TRACKING_LEVEL, PATH_RENDERER_CLASS, DETAIL_RENDERER_CLASS)
VALUES ('c28b4418e95649d099f462aeaecb1f47', 0, 1, '/', 'de515fb0201646589285b27e93c39b80', '19', 'custText2', 1, 'PathRenderer', 'DetailRenderer');
INSERT INTO CNT_HISTORY_DEF_ITEM
 (ID, REVISION, ENTITY_VERSION, DOMAIN_ID, PARENT_ID, LINE_NO, FIELD_ID, TRACKING_LEVEL, PATH_RENDERER_CLASS, DETAIL_RENDERER_CLASS)
VALUES ('c6d1a3205a254428955d03d314a53b9e', 0, 1, '/', 'de515fb0201646589285b27e93c39b80', '20', 'custText3', 1, 'PathRenderer', 'DetailRenderer');
INSERT INTO CNT_HISTORY_DEF_ITEM
 (ID, REVISION, ENTITY_VERSION, DOMAIN_ID, PARENT_ID, LINE_NO, FIELD_ID, TRACKING_LEVEL, PATH_RENDERER_CLASS, DETAIL_RENDERER_CLASS)
VALUES ('aedc33306e0346f595b606c6ee2bcd5b', 0, 1, '/', 'de515fb0201646589285b27e93c39b80', '21', 'custText4', 1, 'PathRenderer', 'DetailRenderer');
INSERT INTO CNT_HISTORY_DEF_ITEM
 (ID, REVISION, ENTITY_VERSION, DOMAIN_ID, PARENT_ID, LINE_NO, FIELD_ID, TRACKING_LEVEL, PATH_RENDERER_CLASS, DETAIL_RENDERER_CLASS)
VALUES ('c38cd18a3f6f4c45ac9fcd0d1a898e59', 0, 1, '/', 'de515fb0201646589285b27e93c39b80', '22', 'custText5', 1, 'PathRenderer', 'DetailRenderer');
INSERT INTO CNT_HISTORY_DEF_ITEM
 (ID, REVISION, ENTITY_VERSION, DOMAIN_ID, PARENT_ID, LINE_NO, FIELD_ID, TRACKING_LEVEL, PATH_RENDERER_CLASS, DETAIL_RENDERER_CLASS)
VALUES ('9af0a830b4884a47bdcdad3552d7518b', 0, 1, '/', 'de515fb0201646589285b27e93c39b80', '23', 'custText6', 1, 'PathRenderer', 'DetailRenderer');
INSERT INTO CNT_HISTORY_DEF_ITEM
 (ID, REVISION, ENTITY_VERSION, DOMAIN_ID, PARENT_ID, LINE_NO, FIELD_ID, TRACKING_LEVEL, PATH_RENDERER_CLASS, DETAIL_RENDERER_CLASS)
VALUES ('9e3ca39cb1fa4793a204a7823ec876f8', 0, 1, '/', 'de515fb0201646589285b27e93c39b80', '24', 'custText7', 1, 'PathRenderer', 'DetailRenderer');
INSERT INTO CNT_HISTORY_DEF_ITEM
 (ID, REVISION, ENTITY_VERSION, DOMAIN_ID, PARENT_ID, LINE_NO, FIELD_ID, TRACKING_LEVEL, PATH_RENDERER_CLASS, DETAIL_RENDERER_CLASS)
VALUES ('453a55e6315c4ee4b9fd340495f16298', 0, 1, '/', 'de515fb0201646589285b27e93c39b80', '25', 'custDate1', 1, 'PathRenderer', 'DetailRenderer');
INSERT INTO CNT_HISTORY_DEF_ITEM
 (ID, REVISION, ENTITY_VERSION, DOMAIN_ID, PARENT_ID, LINE_NO, FIELD_ID, TRACKING_LEVEL, PATH_RENDERER_CLASS, DETAIL_RENDERER_CLASS)
VALUES ('ac7341fb4a9c46a8ac9185ba252aafd2', 0, 1, '/', 'de515fb0201646589285b27e93c39b80', '26', 'custDate2', 1, 'PathRenderer', 'DetailRenderer');
INSERT INTO CNT_HISTORY_DEF_ITEM
 (ID, REVISION, ENTITY_VERSION, DOMAIN_ID, PARENT_ID, LINE_NO, FIELD_ID, TRACKING_LEVEL, PATH_RENDERER_CLASS, DETAIL_RENDERER_CLASS)
VALUES ('8419f0a3a39048b1aa2bd4f619ba941d', 0, 1, '/', 'de515fb0201646589285b27e93c39b80', '27', 'custDate3', 1, 'PathRenderer', 'DetailRenderer');
INSERT INTO CNT_HISTORY_DEF_ITEM
 (ID, REVISION, ENTITY_VERSION, DOMAIN_ID, PARENT_ID, LINE_NO, FIELD_ID, TRACKING_LEVEL, PATH_RENDERER_CLASS, DETAIL_RENDERER_CLASS)
VALUES ('481587997c1d47bda134094afedb1f6e', 0, 1, '/', 'de515fb0201646589285b27e93c39b80', '28', 'custDate4', 1, 'PathRenderer', 'DetailRenderer');
INSERT INTO CNT_HISTORY_DEF_ITEM
 (ID, REVISION, ENTITY_VERSION, DOMAIN_ID, PARENT_ID, LINE_NO, FIELD_ID, TRACKING_LEVEL, PATH_RENDERER_CLASS, DETAIL_RENDERER_CLASS)
VALUES ('f17104f0ac264b1da775cc5d70040706', 0, 1, '/', 'de515fb0201646589285b27e93c39b80', '29', 'custDate5', 1, 'PathRenderer', 'DetailRenderer');
INSERT INTO CNT_HISTORY_DEF_ITEM
 (ID, REVISION, ENTITY_VERSION, DOMAIN_ID, PARENT_ID, LINE_NO, FIELD_ID, TRACKING_LEVEL, PATH_RENDERER_CLASS, DETAIL_RENDERER_CLASS)
VALUES ('abd3e03f3ffb40b3b5df2f2de0c901df', 0, 1, '/', 'de515fb0201646589285b27e93c39b80', '30', 'custDate6', 1, 'PathRenderer', 'DetailRenderer');
INSERT INTO CNT_HISTORY_DEF_ITEM
 (ID, REVISION, ENTITY_VERSION, DOMAIN_ID, PARENT_ID, LINE_NO, FIELD_ID, TRACKING_LEVEL, PATH_RENDERER_CLASS, DETAIL_RENDERER_CLASS)
VALUES ('4bef695f414444398edfd85e4f3f0a6c', 0, 1, '/', 'de515fb0201646589285b27e93c39b80', '31', 'custDate7', 1, 'PathRenderer', 'DetailRenderer');
INSERT INTO CNT_HISTORY_DEF_ITEM
 (ID, REVISION, ENTITY_VERSION, DOMAIN_ID, PARENT_ID, LINE_NO, FIELD_ID, TRACKING_LEVEL, PATH_RENDERER_CLASS, DETAIL_RENDERER_CLASS)
VALUES ('062b617d8cb0489cb758ce556cf37ef4', 0, 1, '/', 'de515fb0201646589285b27e93c39b80', '32', 'custNumber1', 1, 'PathRenderer', 'DetailRenderer');
INSERT INTO CNT_HISTORY_DEF_ITEM
 (ID, REVISION, ENTITY_VERSION, DOMAIN_ID, PARENT_ID, LINE_NO, FIELD_ID, TRACKING_LEVEL, PATH_RENDERER_CLASS, DETAIL_RENDERER_CLASS)
VALUES ('7f3bb5b2d5cb48ef903e36fbee0c981e', 0, 1, '/', 'de515fb0201646589285b27e93c39b80', '33', 'custNumber2', 1, 'PathRenderer', 'DetailRenderer');
INSERT INTO CNT_HISTORY_DEF_ITEM
 (ID, REVISION, ENTITY_VERSION, DOMAIN_ID, PARENT_ID, LINE_NO, FIELD_ID, TRACKING_LEVEL, PATH_RENDERER_CLASS, DETAIL_RENDERER_CLASS)
VALUES ('e8b19f18a90d43138f422bdda18594d8', 0, 1, '/', 'de515fb0201646589285b27e93c39b80', '34', 'custNumber3', 1, 'PathRenderer', 'DetailRenderer');
INSERT INTO CNT_HISTORY_DEF_ITEM
 (ID, REVISION, ENTITY_VERSION, DOMAIN_ID, PARENT_ID, LINE_NO, FIELD_ID, TRACKING_LEVEL, PATH_RENDERER_CLASS, DETAIL_RENDERER_CLASS)
VALUES ('98e1020640434871b46332e523aee111', 0, 1, '/', 'de515fb0201646589285b27e93c39b80', '35', 'custNumber4', 1, 'PathRenderer', 'DetailRenderer');
INSERT INTO CNT_HISTORY_DEF_ITEM
 (ID, REVISION, ENTITY_VERSION, DOMAIN_ID, PARENT_ID, LINE_NO, FIELD_ID, TRACKING_LEVEL, PATH_RENDERER_CLASS, DETAIL_RENDERER_CLASS)
VALUES ('d3b7c8383661445cbc517bd5ded24d72', 0, 1, '/', 'de515fb0201646589285b27e93c39b80', '36', 'custNumber5', 1, 'PathRenderer', 'DetailRenderer');
INSERT INTO CNT_HISTORY_DEF_ITEM
 (ID, REVISION, ENTITY_VERSION, DOMAIN_ID, PARENT_ID, LINE_NO, FIELD_ID, TRACKING_LEVEL, PATH_RENDERER_CLASS, DETAIL_RENDERER_CLASS)
VALUES ('9e17ea9417f54e35b484511c373bf8b8', 0, 1, '/', 'de515fb0201646589285b27e93c39b80', '37', 'custNumber6', 1, 'PathRenderer', 'DetailRenderer');
INSERT INTO CNT_HISTORY_DEF_ITEM
 (ID, REVISION, ENTITY_VERSION, DOMAIN_ID, PARENT_ID, LINE_NO, FIELD_ID, TRACKING_LEVEL, PATH_RENDERER_CLASS, DETAIL_RENDERER_CLASS)
VALUES ('058f6ee076f14cc1a074c026e8b6807a', 0, 1, '/', 'de515fb0201646589285b27e93c39b80', '38', 'custNumber7', 1, 'PathRenderer', 'DetailRenderer');
INSERT INTO CNT_HISTORY_DEF_ITEM
 (ID, REVISION, ENTITY_VERSION, DOMAIN_ID, PARENT_ID, LINE_NO, FIELD_ID, TRACKING_LEVEL, PATH_RENDERER_CLASS, DETAIL_RENDERER_CLASS)
VALUES ('720194ace9e045439d371d7ebc70ea3a', 0, 1, '/', 'de515fb0201646589285b27e93c39b80', '39', 'custDecimal1', 1, 'PathRenderer', 'DetailRenderer');
INSERT INTO CNT_HISTORY_DEF_ITEM
 (ID, REVISION, ENTITY_VERSION, DOMAIN_ID, PARENT_ID, LINE_NO, FIELD_ID, TRACKING_LEVEL, PATH_RENDERER_CLASS, DETAIL_RENDERER_CLASS)
VALUES ('0fb1129ec8984ca080c7b1ce8aac215a', 0, 1, '/', 'de515fb0201646589285b27e93c39b80', '40', 'custDecimal2', 1, 'PathRenderer', 'DetailRenderer');
INSERT INTO CNT_HISTORY_DEF_ITEM
 (ID, REVISION, ENTITY_VERSION, DOMAIN_ID, PARENT_ID, LINE_NO, FIELD_ID, TRACKING_LEVEL, PATH_RENDERER_CLASS, DETAIL_RENDERER_CLASS)
VALUES ('1b3a513b494940af8188add186302b47', 0, 1, '/', 'de515fb0201646589285b27e93c39b80', '41', 'custDecimal3', 1, 'PathRenderer', 'DetailRenderer');
INSERT INTO CNT_HISTORY_DEF_ITEM
 (ID, REVISION, ENTITY_VERSION, DOMAIN_ID, PARENT_ID, LINE_NO, FIELD_ID, TRACKING_LEVEL, PATH_RENDERER_CLASS, DETAIL_RENDERER_CLASS)
VALUES ('2ab72f9985c44c3ca01367e5b5a1f721', 0, 1, '/', 'de515fb0201646589285b27e93c39b80', '42', 'custDecimal4', 1, 'PathRenderer', 'DetailRenderer');
INSERT INTO CNT_HISTORY_DEF_ITEM
 (ID, REVISION, ENTITY_VERSION, DOMAIN_ID, PARENT_ID, LINE_NO, FIELD_ID, TRACKING_LEVEL, PATH_RENDERER_CLASS, DETAIL_RENDERER_CLASS)
VALUES ('f17f0a034df1465993539374e9bf04c6', 0, 1, '/', 'de515fb0201646589285b27e93c39b80', '43', 'custDecimal5', 1, 'PathRenderer', 'DetailRenderer');
INSERT INTO CNT_HISTORY_DEF_ITEM
 (ID, REVISION, ENTITY_VERSION, DOMAIN_ID, PARENT_ID, LINE_NO, FIELD_ID, TRACKING_LEVEL, PATH_RENDERER_CLASS, DETAIL_RENDERER_CLASS)
VALUES ('6f2fdf12e00b41eb887298e3d1e049f1', 0, 1, '/', 'de515fb0201646589285b27e93c39b80', '44', 'custDecimal6', 1, 'PathRenderer', 'DetailRenderer');
INSERT INTO CNT_HISTORY_DEF_ITEM
 (ID, REVISION, ENTITY_VERSION, DOMAIN_ID, PARENT_ID, LINE_NO, FIELD_ID, TRACKING_LEVEL, PATH_RENDERER_CLASS, DETAIL_RENDERER_CLASS)
VALUES ('83f7e2ba96834365a3f10ad7a842a26c', 0, 1, '/', 'de515fb0201646589285b27e93c39b80', '45', 'custDecimal7', 1, 'PathRenderer', 'DetailRenderer');
INSERT INTO CNT_HISTORY_DEF_ITEM
 (ID, REVISION, ENTITY_VERSION, DOMAIN_ID, PARENT_ID, LINE_NO, FIELD_ID, TRACKING_LEVEL, PATH_RENDERER_CLASS, DETAIL_RENDERER_CLASS)
VALUES ('acdc979d6d19415dbf21ab0e9fd429af', 0, 1, '/', 'de515fb0201646589285b27e93c39b80', '46', 'custCodelist1', 1, 'PathRenderer', 'DetailRenderer');
INSERT INTO CNT_HISTORY_DEF_ITEM
 (ID, REVISION, ENTITY_VERSION, DOMAIN_ID, PARENT_ID, LINE_NO, FIELD_ID, TRACKING_LEVEL, PATH_RENDERER_CLASS, DETAIL_RENDERER_CLASS)
VALUES ('5ef5d5e903164f239c6f7b0e2b2c6cf3', 0, 1, '/', 'de515fb0201646589285b27e93c39b80', '47', 'custCodelist2', 1, 'PathRenderer', 'DetailRenderer');
INSERT INTO CNT_HISTORY_DEF_ITEM
 (ID, REVISION, ENTITY_VERSION, DOMAIN_ID, PARENT_ID, LINE_NO, FIELD_ID, TRACKING_LEVEL, PATH_RENDERER_CLASS, DETAIL_RENDERER_CLASS)
VALUES ('56a97aa9dcb247eea8a1cdb963423f51', 0, 1, '/', 'de515fb0201646589285b27e93c39b80', '48', 'custCodelist3', 1, 'PathRenderer', 'DetailRenderer');
INSERT INTO CNT_HISTORY_DEF_ITEM
 (ID, REVISION, ENTITY_VERSION, DOMAIN_ID, PARENT_ID, LINE_NO, FIELD_ID, TRACKING_LEVEL, PATH_RENDERER_CLASS, DETAIL_RENDERER_CLASS)
VALUES ('6a4ea597aa794cfcb4d865a9faeaa1aa', 0, 1, '/', 'de515fb0201646589285b27e93c39b80', '49', 'custCodelist4', 1, 'PathRenderer', 'DetailRenderer');
INSERT INTO CNT_HISTORY_DEF_ITEM
 (ID, REVISION, ENTITY_VERSION, DOMAIN_ID, PARENT_ID, LINE_NO, FIELD_ID, TRACKING_LEVEL, PATH_RENDERER_CLASS, DETAIL_RENDERER_CLASS)
VALUES ('174e011f242749e1aedb2e5ab81347e7', 0, 1, '/', 'de515fb0201646589285b27e93c39b80', '50', 'custCodelist5', 1, 'PathRenderer', 'DetailRenderer');
INSERT INTO CNT_HISTORY_DEF_ITEM
 (ID, REVISION, ENTITY_VERSION, DOMAIN_ID, PARENT_ID, LINE_NO, FIELD_ID, TRACKING_LEVEL, PATH_RENDERER_CLASS, DETAIL_RENDERER_CLASS)
VALUES ('62861c21875742e099bbce24826d1adf', 0, 1, '/', 'de515fb0201646589285b27e93c39b80', '51', 'custCodelist6', 1, 'PathRenderer', 'DetailRenderer');
INSERT INTO CNT_HISTORY_DEF_ITEM
 (ID, REVISION, ENTITY_VERSION, DOMAIN_ID, PARENT_ID, LINE_NO, FIELD_ID, TRACKING_LEVEL, PATH_RENDERER_CLASS, DETAIL_RENDERER_CLASS)
VALUES ('0aa00d1040504c52a412e57c9e9625de', 0, 1, '/', 'de515fb0201646589285b27e93c39b80', '52', 'custCodelist7', 1, 'PathRenderer', 'DetailRenderer');
INSERT INTO CNT_HISTORY_DEF_ITEM
 (ID, REVISION, ENTITY_VERSION, DOMAIN_ID, PARENT_ID, LINE_NO, FIELD_ID, TRACKING_LEVEL, PATH_RENDERER_CLASS, DETAIL_RENDERER_CLASS)
VALUES ('172526f8a4564c79a0de4cdb58c0ee9f', 0, 1, '/', 'de515fb0201646589285b27e93c39b80', '53', 'custMemoText1', 1, 'PathRenderer', 'DetailRenderer');
INSERT INTO CNT_HISTORY_DEF_ITEM
 (ID, REVISION, ENTITY_VERSION, DOMAIN_ID, PARENT_ID, LINE_NO, FIELD_ID, TRACKING_LEVEL, PATH_RENDERER_CLASS, DETAIL_RENDERER_CLASS)
VALUES ('62ed0a12ded94ff6887ae2fe977f3cad', 0, 1, '/', 'de515fb0201646589285b27e93c39b80', '54', 'custMemoText2', 1, 'PathRenderer', 'DetailRenderer');
INSERT INTO CNT_HISTORY_DEF_ITEM
 (ID, REVISION, ENTITY_VERSION, DOMAIN_ID, PARENT_ID, LINE_NO, FIELD_ID, TRACKING_LEVEL, PATH_RENDERER_CLASS, DETAIL_RENDERER_CLASS)
VALUES ('e6bfa0cb30804ded98a1ea2c423bcb7b', 0, 1, '/', 'de515fb0201646589285b27e93c39b80', '55', 'custMemoText3', 1, 'PathRenderer', 'DetailRenderer');
INSERT INTO CNT_HISTORY_DEF_ITEM
 (ID, REVISION, ENTITY_VERSION, DOMAIN_ID, PARENT_ID, LINE_NO, FIELD_ID, TRACKING_LEVEL, PATH_RENDERER_CLASS, DETAIL_RENDERER_CLASS)
VALUES ('842749db71f3425293871e169dac22e3', 0, 1, '/', 'de515fb0201646589285b27e93c39b80', '56', 'custMemoText4', 1, 'PathRenderer', 'DetailRenderer');
INSERT INTO CNT_HISTORY_DEF_ITEM
 (ID, REVISION, ENTITY_VERSION, DOMAIN_ID, PARENT_ID, LINE_NO, FIELD_ID, TRACKING_LEVEL, PATH_RENDERER_CLASS, DETAIL_RENDERER_CLASS)
VALUES ('ba4d527593404298b47d550324c828cd', 0, 1, '/', 'de515fb0201646589285b27e93c39b80', '57', 'custMemoText5', 1, 'PathRenderer', 'DetailRenderer');
INSERT INTO CNT_HISTORY_DEF_ITEM
 (ID, REVISION, ENTITY_VERSION, DOMAIN_ID, PARENT_ID, LINE_NO, FIELD_ID, TRACKING_LEVEL, PATH_RENDERER_CLASS, DETAIL_RENDERER_CLASS)
VALUES ('d3f75d23b57f4e5b872bdc0531431d9a', 0, 1, '/', 'de515fb0201646589285b27e93c39b80', '58', 'custMemoText6', 1, 'PathRenderer', 'DetailRenderer');
INSERT INTO CNT_HISTORY_DEF_ITEM
 (ID, REVISION, ENTITY_VERSION, DOMAIN_ID, PARENT_ID, LINE_NO, FIELD_ID, TRACKING_LEVEL, PATH_RENDERER_CLASS, DETAIL_RENDERER_CLASS)
VALUES ('99d28d451ac74b428ca3ef9840ec20ec', 0, 1, '/', 'de515fb0201646589285b27e93c39b80', '59', 'custMemoText7', 1, 'PathRenderer', 'DetailRenderer');
INSERT INTO CNT_HISTORY_DEF_ITEM
 (ID, REVISION, ENTITY_VERSION, DOMAIN_ID, PARENT_ID, LINE_NO, FIELD_ID, TRACKING_LEVEL, PATH_RENDERER_CLASS, DETAIL_RENDERER_CLASS)
VALUES ('1701d75ef3944ff49a9a666cbea0deb2', 0, 1, '/', 'de515fb0201646589285b27e93c39b80', '60', 'custHcl1', 1, 'PathRenderer', 'DetailRenderer');
INSERT INTO CNT_HISTORY_DEF_ITEM
 (ID, REVISION, ENTITY_VERSION, DOMAIN_ID, PARENT_ID, LINE_NO, FIELD_ID, TRACKING_LEVEL, PATH_RENDERER_CLASS, DETAIL_RENDERER_CLASS)
VALUES ('47691a2bc7a840cfb5b0960654626bf0', 0, 1, '/', 'de515fb0201646589285b27e93c39b80', '61', 'custHcl2', 1, 'PathRenderer', 'DetailRenderer');
INSERT INTO CNT_HISTORY_DEF_ITEM
 (ID, REVISION, ENTITY_VERSION, DOMAIN_ID, PARENT_ID, LINE_NO, FIELD_ID, TRACKING_LEVEL, PATH_RENDERER_CLASS, DETAIL_RENDERER_CLASS)
VALUES ('ddc0be40355e43ebb7286c1550c982b1', 0, 1, '/', 'de515fb0201646589285b27e93c39b80', '62', 'custHcl3', 1, 'PathRenderer', 'DetailRenderer');
INSERT INTO CNT_HISTORY_DEF_ITEM
 (ID, REVISION, ENTITY_VERSION, DOMAIN_ID, PARENT_ID, LINE_NO, FIELD_ID, TRACKING_LEVEL, PATH_RENDERER_CLASS, DETAIL_RENDERER_CLASS)
VALUES ('6ba8bb8eef9d4798b75d530eeb801607', 0, 1, '/', 'de515fb0201646589285b27e93c39b80', '63', 'custHcl4', 1, 'PathRenderer', 'DetailRenderer');
INSERT INTO CNT_HISTORY_DEF_ITEM
 (ID, REVISION, ENTITY_VERSION, DOMAIN_ID, PARENT_ID, LINE_NO, FIELD_ID, TRACKING_LEVEL, PATH_RENDERER_CLASS, DETAIL_RENDERER_CLASS)
VALUES ('630ab3fe2100447e9600e55710f6b9a0', 0, 1, '/', 'de515fb0201646589285b27e93c39b80', '64', 'custHcl5', 1, 'PathRenderer', 'DetailRenderer');
INSERT INTO CNT_HISTORY_DEF_ITEM
 (ID, REVISION, ENTITY_VERSION, DOMAIN_ID, PARENT_ID, LINE_NO, FIELD_ID, TRACKING_LEVEL, PATH_RENDERER_CLASS, DETAIL_RENDERER_CLASS)
VALUES ('62c07f11230d4e9aaadc09ef8308edcb', 0, 1, '/', 'de515fb0201646589285b27e93c39b80', '65', 'custCodelist1Name', 0, 'PathRenderer', 'DetailRenderer');
INSERT INTO CNT_HISTORY_DEF_ITEM
 (ID, REVISION, ENTITY_VERSION, DOMAIN_ID, PARENT_ID, LINE_NO, FIELD_ID, TRACKING_LEVEL, PATH_RENDERER_CLASS, DETAIL_RENDERER_CLASS)
VALUES ('c4a9999d29ff40679877f9095ac2a8ec', 0, 1, '/', 'de515fb0201646589285b27e93c39b80', '66', 'custCodelist2Name', 0, 'PathRenderer', 'DetailRenderer');
INSERT INTO CNT_HISTORY_DEF_ITEM
 (ID, REVISION, ENTITY_VERSION, DOMAIN_ID, PARENT_ID, LINE_NO, FIELD_ID, TRACKING_LEVEL, PATH_RENDERER_CLASS, DETAIL_RENDERER_CLASS)
VALUES ('979ee364b97e432cb86ea85f98389ea6', 0, 1, '/', 'de515fb0201646589285b27e93c39b80', '67', 'custCodelist3Name', 0, 'PathRenderer', 'DetailRenderer');
INSERT INTO CNT_HISTORY_DEF_ITEM
 (ID, REVISION, ENTITY_VERSION, DOMAIN_ID, PARENT_ID, LINE_NO, FIELD_ID, TRACKING_LEVEL, PATH_RENDERER_CLASS, DETAIL_RENDERER_CLASS)
VALUES ('d5c5e48256dc44d4a9c622109c474927', 0, 1, '/', 'de515fb0201646589285b27e93c39b80', '68', 'custCodelist4Name', 0, 'PathRenderer', 'DetailRenderer');
INSERT INTO CNT_HISTORY_DEF_ITEM
 (ID, REVISION, ENTITY_VERSION, DOMAIN_ID, PARENT_ID, LINE_NO, FIELD_ID, TRACKING_LEVEL, PATH_RENDERER_CLASS, DETAIL_RENDERER_CLASS)
VALUES ('01b424ff4cc749ccbd5b9b70a5eb3a65', 0, 1, '/', 'de515fb0201646589285b27e93c39b80', '69', 'custCodelist5Name', 0, 'PathRenderer', 'DetailRenderer');
INSERT INTO CNT_HISTORY_DEF_ITEM
 (ID, REVISION, ENTITY_VERSION, DOMAIN_ID, PARENT_ID, LINE_NO, FIELD_ID, TRACKING_LEVEL, PATH_RENDERER_CLASS, DETAIL_RENDERER_CLASS)
VALUES ('444352cbad3f4a3892445414b2c6e648', 0, 1, '/', 'de515fb0201646589285b27e93c39b80', '70', 'custCodelist6Name', 0, 'PathRenderer', 'DetailRenderer');
INSERT INTO CNT_HISTORY_DEF_ITEM
 (ID, REVISION, ENTITY_VERSION, DOMAIN_ID, PARENT_ID, LINE_NO, FIELD_ID, TRACKING_LEVEL, PATH_RENDERER_CLASS, DETAIL_RENDERER_CLASS)
VALUES ('0d3c934468794aa9a8b92585880d47e3', 0, 1, '/', 'de515fb0201646589285b27e93c39b80', '71', 'custCodelist7Name', 0, 'PathRenderer', 'DetailRenderer');
INSERT INTO CNT_HISTORY_DEF_ITEM
 (ID, REVISION, ENTITY_VERSION, DOMAIN_ID, PARENT_ID, LINE_NO, FIELD_ID, TRACKING_LEVEL, PATH_RENDERER_CLASS, DETAIL_RENDERER_CLASS)
VALUES ('38d47edf79984f1a998ca34fa0524e63', 0, 1, '/', 'de515fb0201646589285b27e93c39b80', '72', 'custHcl1Ref', 0, 'PathRenderer', 'DetailRenderer');
INSERT INTO CNT_HISTORY_DEF_ITEM
 (ID, REVISION, ENTITY_VERSION, DOMAIN_ID, PARENT_ID, LINE_NO, FIELD_ID, TRACKING_LEVEL, PATH_RENDERER_CLASS, DETAIL_RENDERER_CLASS)
VALUES ('8f4ccf33a13b4c2ba1ef0df631b2008c', 0, 1, '/', 'de515fb0201646589285b27e93c39b80', '73', 'custHcl1Ver', 0, 'PathRenderer', 'DetailRenderer');
INSERT INTO CNT_HISTORY_DEF_ITEM
 (ID, REVISION, ENTITY_VERSION, DOMAIN_ID, PARENT_ID, LINE_NO, FIELD_ID, TRACKING_LEVEL, PATH_RENDERER_CLASS, DETAIL_RENDERER_CLASS)
VALUES ('5a5b6601143346a5b06fb0c8ed5cf708', 0, 1, '/', 'de515fb0201646589285b27e93c39b80', '74', 'custHcl1Ref2', 0, 'PathRenderer', 'DetailRenderer');
INSERT INTO CNT_HISTORY_DEF_ITEM
 (ID, REVISION, ENTITY_VERSION, DOMAIN_ID, PARENT_ID, LINE_NO, FIELD_ID, TRACKING_LEVEL, PATH_RENDERER_CLASS, DETAIL_RENDERER_CLASS)
VALUES ('3d269f6f12b04af688ff9bc63740bfb4', 0, 1, '/', 'de515fb0201646589285b27e93c39b80', '75', 'custHcl1FullLineage', 0, 'PathRenderer', 'DetailRenderer');
INSERT INTO CNT_HISTORY_DEF_ITEM
 (ID, REVISION, ENTITY_VERSION, DOMAIN_ID, PARENT_ID, LINE_NO, FIELD_ID, TRACKING_LEVEL, PATH_RENDERER_CLASS, DETAIL_RENDERER_CLASS)
VALUES ('8d74fe1b377144509bd04a6d4a18843f', 0, 1, '/', 'de515fb0201646589285b27e93c39b80', '76', 'custHcl2Ref', 0, 'PathRenderer', 'DetailRenderer');
INSERT INTO CNT_HISTORY_DEF_ITEM
 (ID, REVISION, ENTITY_VERSION, DOMAIN_ID, PARENT_ID, LINE_NO, FIELD_ID, TRACKING_LEVEL, PATH_RENDERER_CLASS, DETAIL_RENDERER_CLASS)
VALUES ('c5e393b82c8e4e5f8c06e8db9371d653', 0, 1, '/', 'de515fb0201646589285b27e93c39b80', '77', 'custHcl2Ver', 0, 'PathRenderer', 'DetailRenderer');
INSERT INTO CNT_HISTORY_DEF_ITEM
 (ID, REVISION, ENTITY_VERSION, DOMAIN_ID, PARENT_ID, LINE_NO, FIELD_ID, TRACKING_LEVEL, PATH_RENDERER_CLASS, DETAIL_RENDERER_CLASS)
VALUES ('dcaa854f68154f6da67ec63004217af0', 0, 1, '/', 'de515fb0201646589285b27e93c39b80', '78', 'custHcl2Ref2', 0, 'PathRenderer', 'DetailRenderer');
INSERT INTO CNT_HISTORY_DEF_ITEM
 (ID, REVISION, ENTITY_VERSION, DOMAIN_ID, PARENT_ID, LINE_NO, FIELD_ID, TRACKING_LEVEL, PATH_RENDERER_CLASS, DETAIL_RENDERER_CLASS)
VALUES ('a220bb0d73e243aeb17315dcabb2f2e2', 0, 1, '/', 'de515fb0201646589285b27e93c39b80', '79', 'custHcl2FullLineage', 0, 'PathRenderer', 'DetailRenderer');
INSERT INTO CNT_HISTORY_DEF_ITEM
 (ID, REVISION, ENTITY_VERSION, DOMAIN_ID, PARENT_ID, LINE_NO, FIELD_ID, TRACKING_LEVEL, PATH_RENDERER_CLASS, DETAIL_RENDERER_CLASS)
VALUES ('99d716cbd1d34d77a1a467daf3e2875a', 0, 1, '/', 'de515fb0201646589285b27e93c39b80', '80', 'custHcl3Ref', 0, 'PathRenderer', 'DetailRenderer');
INSERT INTO CNT_HISTORY_DEF_ITEM
 (ID, REVISION, ENTITY_VERSION, DOMAIN_ID, PARENT_ID, LINE_NO, FIELD_ID, TRACKING_LEVEL, PATH_RENDERER_CLASS, DETAIL_RENDERER_CLASS)
VALUES ('a8a7f7ab7be64330968aa34f4392e417', 0, 1, '/', 'de515fb0201646589285b27e93c39b80', '81', 'custHcl3Ver', 0, 'PathRenderer', 'DetailRenderer');
INSERT INTO CNT_HISTORY_DEF_ITEM
 (ID, REVISION, ENTITY_VERSION, DOMAIN_ID, PARENT_ID, LINE_NO, FIELD_ID, TRACKING_LEVEL, PATH_RENDERER_CLASS, DETAIL_RENDERER_CLASS)
VALUES ('7d942e6823be48ad8cd1382d80385b93', 0, 1, '/', 'de515fb0201646589285b27e93c39b80', '82', 'custHcl3Ref2', 0, 'PathRenderer', 'DetailRenderer');
INSERT INTO CNT_HISTORY_DEF_ITEM
 (ID, REVISION, ENTITY_VERSION, DOMAIN_ID, PARENT_ID, LINE_NO, FIELD_ID, TRACKING_LEVEL, PATH_RENDERER_CLASS, DETAIL_RENDERER_CLASS)
VALUES ('1cc3df98854d42c5ad90c9c586671a37', 0, 1, '/', 'de515fb0201646589285b27e93c39b80', '83', 'custHcl3FullLineage', 0, 'PathRenderer', 'DetailRenderer');
INSERT INTO CNT_HISTORY_DEF_ITEM
 (ID, REVISION, ENTITY_VERSION, DOMAIN_ID, PARENT_ID, LINE_NO, FIELD_ID, TRACKING_LEVEL, PATH_RENDERER_CLASS, DETAIL_RENDERER_CLASS)
VALUES ('6cae3d51f9fa4f97bb0e45bc0500d5fb', 0, 1, '/', 'de515fb0201646589285b27e93c39b80', '84', 'custHcl4Ref', 0, 'PathRenderer', 'DetailRenderer');
INSERT INTO CNT_HISTORY_DEF_ITEM
 (ID, REVISION, ENTITY_VERSION, DOMAIN_ID, PARENT_ID, LINE_NO, FIELD_ID, TRACKING_LEVEL, PATH_RENDERER_CLASS, DETAIL_RENDERER_CLASS)
VALUES ('16153b5df82e4155a79248adf83f5214', 0, 1, '/', 'de515fb0201646589285b27e93c39b80', '85', 'custHcl4Ver', 0, 'PathRenderer', 'DetailRenderer');
INSERT INTO CNT_HISTORY_DEF_ITEM
 (ID, REVISION, ENTITY_VERSION, DOMAIN_ID, PARENT_ID, LINE_NO, FIELD_ID, TRACKING_LEVEL, PATH_RENDERER_CLASS, DETAIL_RENDERER_CLASS)
VALUES ('847a8940af3b44489b339088f01ede8d', 0, 1, '/', 'de515fb0201646589285b27e93c39b80', '86', 'custHcl4Ref2', 0, 'PathRenderer', 'DetailRenderer');
INSERT INTO CNT_HISTORY_DEF_ITEM
 (ID, REVISION, ENTITY_VERSION, DOMAIN_ID, PARENT_ID, LINE_NO, FIELD_ID, TRACKING_LEVEL, PATH_RENDERER_CLASS, DETAIL_RENDERER_CLASS)
VALUES ('61863b206fbc43af9d876f8daf1df69e', 0, 1, '/', 'de515fb0201646589285b27e93c39b80', '87', 'custHcl4FullLineage', 0, 'PathRenderer', 'DetailRenderer');
INSERT INTO CNT_HISTORY_DEF_ITEM
 (ID, REVISION, ENTITY_VERSION, DOMAIN_ID, PARENT_ID, LINE_NO, FIELD_ID, TRACKING_LEVEL, PATH_RENDERER_CLASS, DETAIL_RENDERER_CLASS)
VALUES ('e981234cc6e644b2a43269f4c862f543', 0, 1, '/', 'de515fb0201646589285b27e93c39b80', '88', 'custHcl5Ref', 0, 'PathRenderer', 'DetailRenderer');
INSERT INTO CNT_HISTORY_DEF_ITEM
 (ID, REVISION, ENTITY_VERSION, DOMAIN_ID, PARENT_ID, LINE_NO, FIELD_ID, TRACKING_LEVEL, PATH_RENDERER_CLASS, DETAIL_RENDERER_CLASS)
VALUES ('27c7fb073f044bca830c230fb53234ff', 0, 1, '/', 'de515fb0201646589285b27e93c39b80', '89', 'custHcl5Ver', 0, 'PathRenderer', 'DetailRenderer');
INSERT INTO CNT_HISTORY_DEF_ITEM
 (ID, REVISION, ENTITY_VERSION, DOMAIN_ID, PARENT_ID, LINE_NO, FIELD_ID, TRACKING_LEVEL, PATH_RENDERER_CLASS, DETAIL_RENDERER_CLASS)
VALUES ('b9f2edbd45e245ef9247d17747e81d4e', 0, 1, '/', 'de515fb0201646589285b27e93c39b80', '90', 'custHcl5Ref2', 0, 'PathRenderer', 'DetailRenderer');
INSERT INTO CNT_HISTORY_DEF_ITEM
 (ID, REVISION, ENTITY_VERSION, DOMAIN_ID, PARENT_ID, LINE_NO, FIELD_ID, TRACKING_LEVEL, PATH_RENDERER_CLASS, DETAIL_RENDERER_CLASS)
VALUES ('c22df384eeec4a77b6baac223f309cbe', 0, 1, '/', 'de515fb0201646589285b27e93c39b80', '91', 'custHcl5FullLineage', 0, 'PathRenderer', 'DetailRenderer');
INSERT INTO CNT_HISTORY_DEF
 (ID, REVISION, APPLY_ENTITY, ENTITY_VERSION, DOMAIN_ID , GENERATED, CREATE_USER, CREATE_USER_NAME, CREATED_ON)
VALUES ('c88f96e158f142a0acc558bafb8ea3be', 0, 'CustAddress', 1, '/', 1, 'system', 'system', systimestamp);
INSERT INTO CNT_HISTORY_DEF_ITEM
 (ID, REVISION, ENTITY_VERSION, DOMAIN_ID, PARENT_ID, LINE_NO, FIELD_ID, TRACKING_LEVEL, PATH_RENDERER_CLASS, DETAIL_RENDERER_CLASS)
VALUES ('be48a37593c64e0490764bcb286c6d3b', 0, 1, '/', 'c88f96e158f142a0acc558bafb8ea3be', '0', 'id', 1, 'PathRenderer', 'DetailRenderer');
INSERT INTO CNT_HISTORY_DEF_ITEM
 (ID, REVISION, ENTITY_VERSION, DOMAIN_ID, PARENT_ID, LINE_NO, FIELD_ID, TRACKING_LEVEL, PATH_RENDERER_CLASS, DETAIL_RENDERER_CLASS)
VALUES ('e98d2ccf742c48459fc93bcade726e5a', 0, 1, '/', 'c88f96e158f142a0acc558bafb8ea3be', '1', 'revision', 1, 'PathRenderer', 'DetailRenderer');
INSERT INTO CNT_HISTORY_DEF_ITEM
 (ID, REVISION, ENTITY_VERSION, DOMAIN_ID, PARENT_ID, LINE_NO, FIELD_ID, TRACKING_LEVEL, PATH_RENDERER_CLASS, DETAIL_RENDERER_CLASS)
VALUES ('fb628b4966674f7abde60d3d220df551', 0, 1, '/', 'c88f96e158f142a0acc558bafb8ea3be', '2', 'entityVersion', 1, 'PathRenderer', 'DetailRenderer');
INSERT INTO CNT_HISTORY_DEF_ITEM
 (ID, REVISION, ENTITY_VERSION, DOMAIN_ID, PARENT_ID, LINE_NO, FIELD_ID, TRACKING_LEVEL, PATH_RENDERER_CLASS, DETAIL_RENDERER_CLASS)
VALUES ('c8194f1abc2d40e9821883bdee8bf1db', 0, 1, '/', 'c88f96e158f142a0acc558bafb8ea3be', '3', 'domainId', 1, 'PathRenderer', 'DetailRenderer');
INSERT INTO CNT_HISTORY_DEF_ITEM
 (ID, REVISION, ENTITY_VERSION, DOMAIN_ID, PARENT_ID, LINE_NO, FIELD_ID, TRACKING_LEVEL, PATH_RENDERER_CLASS, DETAIL_RENDERER_CLASS)
VALUES ('ef476fd360bd4baabb3115f483f35eec', 0, 1, '/', 'c88f96e158f142a0acc558bafb8ea3be', '4', 'hubDomainId', 1, 'PathRenderer', 'DetailRenderer');
INSERT INTO CNT_HISTORY_DEF_ITEM
 (ID, REVISION, ENTITY_VERSION, DOMAIN_ID, PARENT_ID, LINE_NO, FIELD_ID, TRACKING_LEVEL, PATH_RENDERER_CLASS, DETAIL_RENDERER_CLASS)
VALUES ('6618f15fdfc644e98491635ce4fd3fd5', 0, 1, '/', 'c88f96e158f142a0acc558bafb8ea3be', '5', 'isForReference', 1, 'PathRenderer', 'DetailRenderer');
INSERT INTO CNT_HISTORY_DEF_ITEM
 (ID, REVISION, ENTITY_VERSION, DOMAIN_ID, PARENT_ID, LINE_NO, FIELD_ID, TRACKING_LEVEL, PATH_RENDERER_CLASS, DETAIL_RENDERER_CLASS)
VALUES ('38e7a17ec2c949dfbeca42ed5c22144e', 0, 1, '/', 'c88f96e158f142a0acc558bafb8ea3be', '6', 'internalSeqNo', 1, 'PathRenderer', 'DetailRenderer');
INSERT INTO CNT_HISTORY_DEF_ITEM
 (ID, REVISION, ENTITY_VERSION, DOMAIN_ID, PARENT_ID, LINE_NO, FIELD_ID, TRACKING_LEVEL, PATH_RENDERER_CLASS, DETAIL_RENDERER_CLASS)
VALUES ('904c397cfe8741b4a37cb867d1b70f9b', 0, 1, '/', 'c88f96e158f142a0acc558bafb8ea3be', '7', 'custId', 1, 'PathRenderer', 'DetailRenderer');
INSERT INTO CNT_HISTORY_DEF_ITEM
 (ID, REVISION, ENTITY_VERSION, DOMAIN_ID, PARENT_ID, LINE_NO, FIELD_ID, TRACKING_LEVEL, PATH_RENDERER_CLASS, DETAIL_RENDERER_CLASS)
VALUES ('715df03348d64f39830b9fe7dc068037', 0, 1, '/', 'c88f96e158f142a0acc558bafb8ea3be', '8', 'isDefault', 1, 'PathRenderer', 'DetailRenderer');
INSERT INTO CNT_HISTORY_DEF_ITEM
 (ID, REVISION, ENTITY_VERSION, DOMAIN_ID, PARENT_ID, LINE_NO, FIELD_ID, TRACKING_LEVEL, PATH_RENDERER_CLASS, DETAIL_RENDERER_CLASS)
VALUES ('2be9e8d305964f1cabe60b37cb1a6d41', 0, 1, '/', 'c88f96e158f142a0acc558bafb8ea3be', '9', 'companyName', 1, 'PathRenderer', 'DetailRenderer');
INSERT INTO CNT_HISTORY_DEF_ITEM
 (ID, REVISION, ENTITY_VERSION, DOMAIN_ID, PARENT_ID, LINE_NO, FIELD_ID, TRACKING_LEVEL, PATH_RENDERER_CLASS, DETAIL_RENDERER_CLASS)
VALUES ('cb2dbbf2bc4e4c8b99cd3aaa7a0eb695', 0, 1, '/', 'c88f96e158f142a0acc558bafb8ea3be', '10', 'address1', 1, 'PathRenderer', 'DetailRenderer');
INSERT INTO CNT_HISTORY_DEF_ITEM
 (ID, REVISION, ENTITY_VERSION, DOMAIN_ID, PARENT_ID, LINE_NO, FIELD_ID, TRACKING_LEVEL, PATH_RENDERER_CLASS, DETAIL_RENDERER_CLASS)
VALUES ('2d29709c795e44aa81c12a4219258c4c', 0, 1, '/', 'c88f96e158f142a0acc558bafb8ea3be', '11', 'address2', 1, 'PathRenderer', 'DetailRenderer');
INSERT INTO CNT_HISTORY_DEF_ITEM
 (ID, REVISION, ENTITY_VERSION, DOMAIN_ID, PARENT_ID, LINE_NO, FIELD_ID, TRACKING_LEVEL, PATH_RENDERER_CLASS, DETAIL_RENDERER_CLASS)
VALUES ('8d52d0a5092a44aa93386b591fe2d214', 0, 1, '/', 'c88f96e158f142a0acc558bafb8ea3be', '12', 'address3', 1, 'PathRenderer', 'DetailRenderer');
INSERT INTO CNT_HISTORY_DEF_ITEM
 (ID, REVISION, ENTITY_VERSION, DOMAIN_ID, PARENT_ID, LINE_NO, FIELD_ID, TRACKING_LEVEL, PATH_RENDERER_CLASS, DETAIL_RENDERER_CLASS)
VALUES ('677e6ce9fa144f7f9b98ccc6ac289fa7', 0, 1, '/', 'c88f96e158f142a0acc558bafb8ea3be', '13', 'address4', 1, 'PathRenderer', 'DetailRenderer');
INSERT INTO CNT_HISTORY_DEF_ITEM
 (ID, REVISION, ENTITY_VERSION, DOMAIN_ID, PARENT_ID, LINE_NO, FIELD_ID, TRACKING_LEVEL, PATH_RENDERER_CLASS, DETAIL_RENDERER_CLASS)
VALUES ('69425e377fbf4b5e890d5546a877c7d0', 0, 1, '/', 'c88f96e158f142a0acc558bafb8ea3be', '14', 'city', 1, 'PathRenderer', 'DetailRenderer');
INSERT INTO CNT_HISTORY_DEF_ITEM
 (ID, REVISION, ENTITY_VERSION, DOMAIN_ID, PARENT_ID, LINE_NO, FIELD_ID, TRACKING_LEVEL, PATH_RENDERER_CLASS, DETAIL_RENDERER_CLASS)
VALUES ('445ee82575ef4b32bf035e331a5aa9f8', 0, 1, '/', 'c88f96e158f142a0acc558bafb8ea3be', '15', 'state', 1, 'PathRenderer', 'DetailRenderer');
INSERT INTO CNT_HISTORY_DEF_ITEM
 (ID, REVISION, ENTITY_VERSION, DOMAIN_ID, PARENT_ID, LINE_NO, FIELD_ID, TRACKING_LEVEL, PATH_RENDERER_CLASS, DETAIL_RENDERER_CLASS)
VALUES ('b9ea63f23d9d44f9b1fee17e10cb5850', 0, 1, '/', 'c88f96e158f142a0acc558bafb8ea3be', '16', 'postalCode', 1, 'PathRenderer', 'DetailRenderer');
INSERT INTO CNT_HISTORY_DEF_ITEM
 (ID, REVISION, ENTITY_VERSION, DOMAIN_ID, PARENT_ID, LINE_NO, FIELD_ID, TRACKING_LEVEL, PATH_RENDERER_CLASS, DETAIL_RENDERER_CLASS)
VALUES ('b321e1efd3a6484c886a199e52eeeaf7', 0, 1, '/', 'c88f96e158f142a0acc558bafb8ea3be', '17', 'country', 1, 'PathRenderer', 'DetailRenderer');
INSERT INTO CNT_HISTORY_DEF_ITEM
 (ID, REVISION, ENTITY_VERSION, DOMAIN_ID, PARENT_ID, LINE_NO, FIELD_ID, TRACKING_LEVEL, PATH_RENDERER_CLASS, DETAIL_RENDERER_CLASS)
VALUES ('b19c82e613c24e5196948b30eda3ce92', 0, 1, '/', 'c88f96e158f142a0acc558bafb8ea3be', '18', 'businessName', 1, 'PathRenderer', 'DetailRenderer');
INSERT INTO CNT_HISTORY_DEF_ITEM
 (ID, REVISION, ENTITY_VERSION, DOMAIN_ID, PARENT_ID, LINE_NO, FIELD_ID, TRACKING_LEVEL, PATH_RENDERER_CLASS, DETAIL_RENDERER_CLASS)
VALUES ('8a291838e9ed4bab8ef505bac8d557ed', 0, 1, '/', 'c88f96e158f142a0acc558bafb8ea3be', '19', 'remarks', 1, 'PathRenderer', 'DetailRenderer');
INSERT INTO CNT_HISTORY_DEF_ITEM
 (ID, REVISION, ENTITY_VERSION, DOMAIN_ID, PARENT_ID, LINE_NO, FIELD_ID, TRACKING_LEVEL, PATH_RENDERER_CLASS, DETAIL_RENDERER_CLASS)
VALUES ('e87a97872e2d428c95a0222b2d679481', 0, 1, '/', 'c88f96e158f142a0acc558bafb8ea3be', '20', 'reference', 1, 'PathRenderer', 'DetailRenderer');
INSERT INTO CNT_HISTORY_DEF_ITEM
 (ID, REVISION, ENTITY_VERSION, DOMAIN_ID, PARENT_ID, LINE_NO, FIELD_ID, TRACKING_LEVEL, PATH_RENDERER_CLASS, DETAIL_RENDERER_CLASS)
VALUES ('7a8bb0c7a5e247c88d516208cb8c6ff8', 0, 1, '/', 'c88f96e158f142a0acc558bafb8ea3be', '21', 'portOfDischarge', 1, 'PathRenderer', 'DetailRenderer');
INSERT INTO CNT_HISTORY_DEF_ITEM
 (ID, REVISION, ENTITY_VERSION, DOMAIN_ID, PARENT_ID, LINE_NO, FIELD_ID, TRACKING_LEVEL, PATH_RENDERER_CLASS, DETAIL_RENDERER_CLASS)
VALUES ('6316c39a70f84ea29377072f7c99b8bb', 0, 1, '/', 'c88f96e158f142a0acc558bafb8ea3be', '22', 'language', 1, 'PathRenderer', 'DetailRenderer');
INSERT INTO CNT_HISTORY_DEF_ITEM
 (ID, REVISION, ENTITY_VERSION, DOMAIN_ID, PARENT_ID, LINE_NO, FIELD_ID, TRACKING_LEVEL, PATH_RENDERER_CLASS, DETAIL_RENDERER_CLASS)
VALUES ('5b330d082bd54f40a4e4c4e1b07390f9', 0, 1, '/', 'c88f96e158f142a0acc558bafb8ea3be', '23', 'isDisabled', 1, 'PathRenderer', 'DetailRenderer');
INSERT INTO CNT_HISTORY_DEF_ITEM
 (ID, REVISION, ENTITY_VERSION, DOMAIN_ID, PARENT_ID, LINE_NO, FIELD_ID, TRACKING_LEVEL, PATH_RENDERER_CLASS, DETAIL_RENDERER_CLASS)
VALUES ('261f5dc1977d4c379eb26874a9ff899a', 0, 1, '/', 'c88f96e158f142a0acc558bafb8ea3be', '24', 'addressTypeId', 1, 'PathRenderer', 'SelectionDetailRenderer');
INSERT INTO CNT_HISTORY_DEF_ITEM
 (ID, REVISION, ENTITY_VERSION, DOMAIN_ID, PARENT_ID, LINE_NO, FIELD_ID, TRACKING_LEVEL, PATH_RENDERER_CLASS, DETAIL_RENDERER_CLASS)
VALUES ('d561d6f6baba4b7d94dd1fca1a77b3bc', 0, 1, '/', 'c88f96e158f142a0acc558bafb8ea3be', '25', 'custText1', 1, 'PathRenderer', 'DetailRenderer');
INSERT INTO CNT_HISTORY_DEF_ITEM
 (ID, REVISION, ENTITY_VERSION, DOMAIN_ID, PARENT_ID, LINE_NO, FIELD_ID, TRACKING_LEVEL, PATH_RENDERER_CLASS, DETAIL_RENDERER_CLASS)
VALUES ('f459fc23d5c544dfb36eb1453ab3c39e', 0, 1, '/', 'c88f96e158f142a0acc558bafb8ea3be', '26', 'custText2', 1, 'PathRenderer', 'DetailRenderer');
INSERT INTO CNT_HISTORY_DEF_ITEM
 (ID, REVISION, ENTITY_VERSION, DOMAIN_ID, PARENT_ID, LINE_NO, FIELD_ID, TRACKING_LEVEL, PATH_RENDERER_CLASS, DETAIL_RENDERER_CLASS)
VALUES ('d5ee0b579ec44d009069eef111446091', 0, 1, '/', 'c88f96e158f142a0acc558bafb8ea3be', '27', 'custText3', 1, 'PathRenderer', 'DetailRenderer');
INSERT INTO CNT_HISTORY_DEF_ITEM
 (ID, REVISION, ENTITY_VERSION, DOMAIN_ID, PARENT_ID, LINE_NO, FIELD_ID, TRACKING_LEVEL, PATH_RENDERER_CLASS, DETAIL_RENDERER_CLASS)
VALUES ('c9db5cbda49340fa989299d28565170e', 0, 1, '/', 'c88f96e158f142a0acc558bafb8ea3be', '28', 'custText4', 1, 'PathRenderer', 'DetailRenderer');
INSERT INTO CNT_HISTORY_DEF_ITEM
 (ID, REVISION, ENTITY_VERSION, DOMAIN_ID, PARENT_ID, LINE_NO, FIELD_ID, TRACKING_LEVEL, PATH_RENDERER_CLASS, DETAIL_RENDERER_CLASS)
VALUES ('dda1c806962e43b0a01664fbb823c680', 0, 1, '/', 'c88f96e158f142a0acc558bafb8ea3be', '29', 'custText5', 1, 'PathRenderer', 'DetailRenderer');
INSERT INTO CNT_HISTORY_DEF_ITEM
 (ID, REVISION, ENTITY_VERSION, DOMAIN_ID, PARENT_ID, LINE_NO, FIELD_ID, TRACKING_LEVEL, PATH_RENDERER_CLASS, DETAIL_RENDERER_CLASS)
VALUES ('dd4130767a0445f79d39d2ab1c5fd487', 0, 1, '/', 'c88f96e158f142a0acc558bafb8ea3be', '30', 'custText6', 1, 'PathRenderer', 'DetailRenderer');
INSERT INTO CNT_HISTORY_DEF_ITEM
 (ID, REVISION, ENTITY_VERSION, DOMAIN_ID, PARENT_ID, LINE_NO, FIELD_ID, TRACKING_LEVEL, PATH_RENDERER_CLASS, DETAIL_RENDERER_CLASS)
VALUES ('b0a4086f139640fbbf0d242bbe401ea2', 0, 1, '/', 'c88f96e158f142a0acc558bafb8ea3be', '31', 'custText7', 1, 'PathRenderer', 'DetailRenderer');
INSERT INTO CNT_HISTORY_DEF_ITEM
 (ID, REVISION, ENTITY_VERSION, DOMAIN_ID, PARENT_ID, LINE_NO, FIELD_ID, TRACKING_LEVEL, PATH_RENDERER_CLASS, DETAIL_RENDERER_CLASS)
VALUES ('f9db0eda907043a98f3c62e763aeb1b6', 0, 1, '/', 'c88f96e158f142a0acc558bafb8ea3be', '32', 'custDate1', 1, 'PathRenderer', 'DetailRenderer');
INSERT INTO CNT_HISTORY_DEF_ITEM
 (ID, REVISION, ENTITY_VERSION, DOMAIN_ID, PARENT_ID, LINE_NO, FIELD_ID, TRACKING_LEVEL, PATH_RENDERER_CLASS, DETAIL_RENDERER_CLASS)
VALUES ('446d7dfb152941b19fe617ba2318a193', 0, 1, '/', 'c88f96e158f142a0acc558bafb8ea3be', '33', 'custDate2', 1, 'PathRenderer', 'DetailRenderer');
INSERT INTO CNT_HISTORY_DEF_ITEM
 (ID, REVISION, ENTITY_VERSION, DOMAIN_ID, PARENT_ID, LINE_NO, FIELD_ID, TRACKING_LEVEL, PATH_RENDERER_CLASS, DETAIL_RENDERER_CLASS)
VALUES ('ce07d72b82d04d75a8404c1631218ea6', 0, 1, '/', 'c88f96e158f142a0acc558bafb8ea3be', '34', 'custDate3', 1, 'PathRenderer', 'DetailRenderer');
INSERT INTO CNT_HISTORY_DEF_ITEM
 (ID, REVISION, ENTITY_VERSION, DOMAIN_ID, PARENT_ID, LINE_NO, FIELD_ID, TRACKING_LEVEL, PATH_RENDERER_CLASS, DETAIL_RENDERER_CLASS)
VALUES ('953652a953aa44efa1c132b44b7efb07', 0, 1, '/', 'c88f96e158f142a0acc558bafb8ea3be', '35', 'custDate4', 1, 'PathRenderer', 'DetailRenderer');
INSERT INTO CNT_HISTORY_DEF_ITEM
 (ID, REVISION, ENTITY_VERSION, DOMAIN_ID, PARENT_ID, LINE_NO, FIELD_ID, TRACKING_LEVEL, PATH_RENDERER_CLASS, DETAIL_RENDERER_CLASS)
VALUES ('9b79213ba53b49699d180fd8f6d19009', 0, 1, '/', 'c88f96e158f142a0acc558bafb8ea3be', '36', 'custDate5', 1, 'PathRenderer', 'DetailRenderer');
INSERT INTO CNT_HISTORY_DEF_ITEM
 (ID, REVISION, ENTITY_VERSION, DOMAIN_ID, PARENT_ID, LINE_NO, FIELD_ID, TRACKING_LEVEL, PATH_RENDERER_CLASS, DETAIL_RENDERER_CLASS)
VALUES ('562c35ebdabc4a4f94f851163e30bd3a', 0, 1, '/', 'c88f96e158f142a0acc558bafb8ea3be', '37', 'custDate6', 1, 'PathRenderer', 'DetailRenderer');
INSERT INTO CNT_HISTORY_DEF_ITEM
 (ID, REVISION, ENTITY_VERSION, DOMAIN_ID, PARENT_ID, LINE_NO, FIELD_ID, TRACKING_LEVEL, PATH_RENDERER_CLASS, DETAIL_RENDERER_CLASS)
VALUES ('703b7a5ed8d94284bd01ce80cf577e23', 0, 1, '/', 'c88f96e158f142a0acc558bafb8ea3be', '38', 'custDate7', 1, 'PathRenderer', 'DetailRenderer');
INSERT INTO CNT_HISTORY_DEF_ITEM
 (ID, REVISION, ENTITY_VERSION, DOMAIN_ID, PARENT_ID, LINE_NO, FIELD_ID, TRACKING_LEVEL, PATH_RENDERER_CLASS, DETAIL_RENDERER_CLASS)
VALUES ('240959e6dd09448b95a7919c7512adea', 0, 1, '/', 'c88f96e158f142a0acc558bafb8ea3be', '39', 'custNumber1', 1, 'PathRenderer', 'DetailRenderer');
INSERT INTO CNT_HISTORY_DEF_ITEM
 (ID, REVISION, ENTITY_VERSION, DOMAIN_ID, PARENT_ID, LINE_NO, FIELD_ID, TRACKING_LEVEL, PATH_RENDERER_CLASS, DETAIL_RENDERER_CLASS)
VALUES ('89f84d8f11c849fd9cd2e0d9cfbf56c8', 0, 1, '/', 'c88f96e158f142a0acc558bafb8ea3be', '40', 'custNumber2', 1, 'PathRenderer', 'DetailRenderer');
INSERT INTO CNT_HISTORY_DEF_ITEM
 (ID, REVISION, ENTITY_VERSION, DOMAIN_ID, PARENT_ID, LINE_NO, FIELD_ID, TRACKING_LEVEL, PATH_RENDERER_CLASS, DETAIL_RENDERER_CLASS)
VALUES ('f2a0d628d48a4d29b03843a4c2fe7742', 0, 1, '/', 'c88f96e158f142a0acc558bafb8ea3be', '41', 'custNumber3', 1, 'PathRenderer', 'DetailRenderer');
INSERT INTO CNT_HISTORY_DEF_ITEM
 (ID, REVISION, ENTITY_VERSION, DOMAIN_ID, PARENT_ID, LINE_NO, FIELD_ID, TRACKING_LEVEL, PATH_RENDERER_CLASS, DETAIL_RENDERER_CLASS)
VALUES ('60eecfc4d4f24493ab08e1319428813d', 0, 1, '/', 'c88f96e158f142a0acc558bafb8ea3be', '42', 'custNumber4', 1, 'PathRenderer', 'DetailRenderer');
INSERT INTO CNT_HISTORY_DEF_ITEM
 (ID, REVISION, ENTITY_VERSION, DOMAIN_ID, PARENT_ID, LINE_NO, FIELD_ID, TRACKING_LEVEL, PATH_RENDERER_CLASS, DETAIL_RENDERER_CLASS)
VALUES ('451b6b026dbb4f29a1edc493164ae348', 0, 1, '/', 'c88f96e158f142a0acc558bafb8ea3be', '43', 'custNumber5', 1, 'PathRenderer', 'DetailRenderer');
INSERT INTO CNT_HISTORY_DEF_ITEM
 (ID, REVISION, ENTITY_VERSION, DOMAIN_ID, PARENT_ID, LINE_NO, FIELD_ID, TRACKING_LEVEL, PATH_RENDERER_CLASS, DETAIL_RENDERER_CLASS)
VALUES ('8ad84b7613464248a14fea8cde555731', 0, 1, '/', 'c88f96e158f142a0acc558bafb8ea3be', '44', 'custNumber6', 1, 'PathRenderer', 'DetailRenderer');
INSERT INTO CNT_HISTORY_DEF_ITEM
 (ID, REVISION, ENTITY_VERSION, DOMAIN_ID, PARENT_ID, LINE_NO, FIELD_ID, TRACKING_LEVEL, PATH_RENDERER_CLASS, DETAIL_RENDERER_CLASS)
VALUES ('681f531f0e1d470c8dda3a32516eb654', 0, 1, '/', 'c88f96e158f142a0acc558bafb8ea3be', '45', 'custNumber7', 1, 'PathRenderer', 'DetailRenderer');
INSERT INTO CNT_HISTORY_DEF_ITEM
 (ID, REVISION, ENTITY_VERSION, DOMAIN_ID, PARENT_ID, LINE_NO, FIELD_ID, TRACKING_LEVEL, PATH_RENDERER_CLASS, DETAIL_RENDERER_CLASS)
VALUES ('b69b1aca94b14225a2413373f4d2c1f5', 0, 1, '/', 'c88f96e158f142a0acc558bafb8ea3be', '46', 'custDecimal1', 1, 'PathRenderer', 'DetailRenderer');
INSERT INTO CNT_HISTORY_DEF_ITEM
 (ID, REVISION, ENTITY_VERSION, DOMAIN_ID, PARENT_ID, LINE_NO, FIELD_ID, TRACKING_LEVEL, PATH_RENDERER_CLASS, DETAIL_RENDERER_CLASS)
VALUES ('fdd0d7d1cda248b0b5bcc6ba3087bd95', 0, 1, '/', 'c88f96e158f142a0acc558bafb8ea3be', '47', 'custDecimal2', 1, 'PathRenderer', 'DetailRenderer');
INSERT INTO CNT_HISTORY_DEF_ITEM
 (ID, REVISION, ENTITY_VERSION, DOMAIN_ID, PARENT_ID, LINE_NO, FIELD_ID, TRACKING_LEVEL, PATH_RENDERER_CLASS, DETAIL_RENDERER_CLASS)
VALUES ('85fda45be43c413980e9b1fa71810a27', 0, 1, '/', 'c88f96e158f142a0acc558bafb8ea3be', '48', 'custDecimal3', 1, 'PathRenderer', 'DetailRenderer');
INSERT INTO CNT_HISTORY_DEF_ITEM
 (ID, REVISION, ENTITY_VERSION, DOMAIN_ID, PARENT_ID, LINE_NO, FIELD_ID, TRACKING_LEVEL, PATH_RENDERER_CLASS, DETAIL_RENDERER_CLASS)
VALUES ('78cb64967d3d4d339c0d0a33da09ba4e', 0, 1, '/', 'c88f96e158f142a0acc558bafb8ea3be', '49', 'custDecimal4', 1, 'PathRenderer', 'DetailRenderer');
INSERT INTO CNT_HISTORY_DEF_ITEM
 (ID, REVISION, ENTITY_VERSION, DOMAIN_ID, PARENT_ID, LINE_NO, FIELD_ID, TRACKING_LEVEL, PATH_RENDERER_CLASS, DETAIL_RENDERER_CLASS)
VALUES ('22e87c4e3c8845a89303c18b1600d813', 0, 1, '/', 'c88f96e158f142a0acc558bafb8ea3be', '50', 'custDecimal5', 1, 'PathRenderer', 'DetailRenderer');
INSERT INTO CNT_HISTORY_DEF_ITEM
 (ID, REVISION, ENTITY_VERSION, DOMAIN_ID, PARENT_ID, LINE_NO, FIELD_ID, TRACKING_LEVEL, PATH_RENDERER_CLASS, DETAIL_RENDERER_CLASS)
VALUES ('b6e7d1c092ff48118ff1ee1f9a793140', 0, 1, '/', 'c88f96e158f142a0acc558bafb8ea3be', '51', 'custDecimal6', 1, 'PathRenderer', 'DetailRenderer');
INSERT INTO CNT_HISTORY_DEF_ITEM
 (ID, REVISION, ENTITY_VERSION, DOMAIN_ID, PARENT_ID, LINE_NO, FIELD_ID, TRACKING_LEVEL, PATH_RENDERER_CLASS, DETAIL_RENDERER_CLASS)
VALUES ('5f0895eb8a384d358fadb7345738eb05', 0, 1, '/', 'c88f96e158f142a0acc558bafb8ea3be', '52', 'custDecimal7', 1, 'PathRenderer', 'DetailRenderer');
INSERT INTO CNT_HISTORY_DEF_ITEM
 (ID, REVISION, ENTITY_VERSION, DOMAIN_ID, PARENT_ID, LINE_NO, FIELD_ID, TRACKING_LEVEL, PATH_RENDERER_CLASS, DETAIL_RENDERER_CLASS)
VALUES ('98d336e9f51f4b789be9af283990a804', 0, 1, '/', 'c88f96e158f142a0acc558bafb8ea3be', '53', 'custCodelist1', 1, 'PathRenderer', 'DetailRenderer');
INSERT INTO CNT_HISTORY_DEF_ITEM
 (ID, REVISION, ENTITY_VERSION, DOMAIN_ID, PARENT_ID, LINE_NO, FIELD_ID, TRACKING_LEVEL, PATH_RENDERER_CLASS, DETAIL_RENDERER_CLASS)
VALUES ('00b9aa37d07c4eba85bdfb25bb6df66c', 0, 1, '/', 'c88f96e158f142a0acc558bafb8ea3be', '54', 'custCodelist2', 1, 'PathRenderer', 'DetailRenderer');
INSERT INTO CNT_HISTORY_DEF_ITEM
 (ID, REVISION, ENTITY_VERSION, DOMAIN_ID, PARENT_ID, LINE_NO, FIELD_ID, TRACKING_LEVEL, PATH_RENDERER_CLASS, DETAIL_RENDERER_CLASS)
VALUES ('e44df6becc074fe4a378b3f442e70c52', 0, 1, '/', 'c88f96e158f142a0acc558bafb8ea3be', '55', 'custCodelist3', 1, 'PathRenderer', 'DetailRenderer');
INSERT INTO CNT_HISTORY_DEF_ITEM
 (ID, REVISION, ENTITY_VERSION, DOMAIN_ID, PARENT_ID, LINE_NO, FIELD_ID, TRACKING_LEVEL, PATH_RENDERER_CLASS, DETAIL_RENDERER_CLASS)
VALUES ('507c6023f9fa489b861dd8d0ee4e0778', 0, 1, '/', 'c88f96e158f142a0acc558bafb8ea3be', '56', 'custCodelist4', 1, 'PathRenderer', 'DetailRenderer');
INSERT INTO CNT_HISTORY_DEF_ITEM
 (ID, REVISION, ENTITY_VERSION, DOMAIN_ID, PARENT_ID, LINE_NO, FIELD_ID, TRACKING_LEVEL, PATH_RENDERER_CLASS, DETAIL_RENDERER_CLASS)
VALUES ('7c3859b119c14d08b15ce60de8c7bbb4', 0, 1, '/', 'c88f96e158f142a0acc558bafb8ea3be', '57', 'custCodelist5', 1, 'PathRenderer', 'DetailRenderer');
INSERT INTO CNT_HISTORY_DEF_ITEM
 (ID, REVISION, ENTITY_VERSION, DOMAIN_ID, PARENT_ID, LINE_NO, FIELD_ID, TRACKING_LEVEL, PATH_RENDERER_CLASS, DETAIL_RENDERER_CLASS)
VALUES ('746479c1a0f84b4f8a39d2c6aac1f722', 0, 1, '/', 'c88f96e158f142a0acc558bafb8ea3be', '58', 'custCodelist6', 1, 'PathRenderer', 'DetailRenderer');
INSERT INTO CNT_HISTORY_DEF_ITEM
 (ID, REVISION, ENTITY_VERSION, DOMAIN_ID, PARENT_ID, LINE_NO, FIELD_ID, TRACKING_LEVEL, PATH_RENDERER_CLASS, DETAIL_RENDERER_CLASS)
VALUES ('4eb77c2f71b046d7904cf5633d245348', 0, 1, '/', 'c88f96e158f142a0acc558bafb8ea3be', '59', 'custCodelist7', 1, 'PathRenderer', 'DetailRenderer');
INSERT INTO CNT_HISTORY_DEF_ITEM
 (ID, REVISION, ENTITY_VERSION, DOMAIN_ID, PARENT_ID, LINE_NO, FIELD_ID, TRACKING_LEVEL, PATH_RENDERER_CLASS, DETAIL_RENDERER_CLASS)
VALUES ('97d075721dad46dc9d5c8ee5753175bd', 0, 1, '/', 'c88f96e158f142a0acc558bafb8ea3be', '60', 'custMemoText1', 1, 'PathRenderer', 'DetailRenderer');
INSERT INTO CNT_HISTORY_DEF_ITEM
 (ID, REVISION, ENTITY_VERSION, DOMAIN_ID, PARENT_ID, LINE_NO, FIELD_ID, TRACKING_LEVEL, PATH_RENDERER_CLASS, DETAIL_RENDERER_CLASS)
VALUES ('5cec283cfd6e4a49a119c7269ee35067', 0, 1, '/', 'c88f96e158f142a0acc558bafb8ea3be', '61', 'custMemoText2', 1, 'PathRenderer', 'DetailRenderer');
INSERT INTO CNT_HISTORY_DEF_ITEM
 (ID, REVISION, ENTITY_VERSION, DOMAIN_ID, PARENT_ID, LINE_NO, FIELD_ID, TRACKING_LEVEL, PATH_RENDERER_CLASS, DETAIL_RENDERER_CLASS)
VALUES ('e8a977971527483aa632ead618423ea5', 0, 1, '/', 'c88f96e158f142a0acc558bafb8ea3be', '62', 'custMemoText3', 1, 'PathRenderer', 'DetailRenderer');
INSERT INTO CNT_HISTORY_DEF_ITEM
 (ID, REVISION, ENTITY_VERSION, DOMAIN_ID, PARENT_ID, LINE_NO, FIELD_ID, TRACKING_LEVEL, PATH_RENDERER_CLASS, DETAIL_RENDERER_CLASS)
VALUES ('6ecd00db28674621bb76adaf900ee835', 0, 1, '/', 'c88f96e158f142a0acc558bafb8ea3be', '63', 'custMemoText4', 1, 'PathRenderer', 'DetailRenderer');
INSERT INTO CNT_HISTORY_DEF_ITEM
 (ID, REVISION, ENTITY_VERSION, DOMAIN_ID, PARENT_ID, LINE_NO, FIELD_ID, TRACKING_LEVEL, PATH_RENDERER_CLASS, DETAIL_RENDERER_CLASS)
VALUES ('19481f40dc134bbb8e3edf781f76974c', 0, 1, '/', 'c88f96e158f142a0acc558bafb8ea3be', '64', 'custMemoText5', 1, 'PathRenderer', 'DetailRenderer');
INSERT INTO CNT_HISTORY_DEF_ITEM
 (ID, REVISION, ENTITY_VERSION, DOMAIN_ID, PARENT_ID, LINE_NO, FIELD_ID, TRACKING_LEVEL, PATH_RENDERER_CLASS, DETAIL_RENDERER_CLASS)
VALUES ('88a3ef27d46e467f8ad93e3b08d43a2f', 0, 1, '/', 'c88f96e158f142a0acc558bafb8ea3be', '65', 'custMemoText6', 1, 'PathRenderer', 'DetailRenderer');
INSERT INTO CNT_HISTORY_DEF_ITEM
 (ID, REVISION, ENTITY_VERSION, DOMAIN_ID, PARENT_ID, LINE_NO, FIELD_ID, TRACKING_LEVEL, PATH_RENDERER_CLASS, DETAIL_RENDERER_CLASS)
VALUES ('72278545a0484c0793583468e6576131', 0, 1, '/', 'c88f96e158f142a0acc558bafb8ea3be', '66', 'custMemoText7', 1, 'PathRenderer', 'DetailRenderer');
INSERT INTO CNT_HISTORY_DEF_ITEM
 (ID, REVISION, ENTITY_VERSION, DOMAIN_ID, PARENT_ID, LINE_NO, FIELD_ID, TRACKING_LEVEL, PATH_RENDERER_CLASS, DETAIL_RENDERER_CLASS)
VALUES ('24cb420e540743b59f3e0c71be61e91b', 0, 1, '/', 'c88f96e158f142a0acc558bafb8ea3be', '67', 'custHcl1', 1, 'PathRenderer', 'DetailRenderer');
INSERT INTO CNT_HISTORY_DEF_ITEM
 (ID, REVISION, ENTITY_VERSION, DOMAIN_ID, PARENT_ID, LINE_NO, FIELD_ID, TRACKING_LEVEL, PATH_RENDERER_CLASS, DETAIL_RENDERER_CLASS)
VALUES ('d35028eefce04ddc9c8070d32e1863e7', 0, 1, '/', 'c88f96e158f142a0acc558bafb8ea3be', '68', 'custHcl2', 1, 'PathRenderer', 'DetailRenderer');
INSERT INTO CNT_HISTORY_DEF_ITEM
 (ID, REVISION, ENTITY_VERSION, DOMAIN_ID, PARENT_ID, LINE_NO, FIELD_ID, TRACKING_LEVEL, PATH_RENDERER_CLASS, DETAIL_RENDERER_CLASS)
VALUES ('46a47361df8f48fb88a6a25741a64b96', 0, 1, '/', 'c88f96e158f142a0acc558bafb8ea3be', '69', 'custHcl3', 1, 'PathRenderer', 'DetailRenderer');
INSERT INTO CNT_HISTORY_DEF_ITEM
 (ID, REVISION, ENTITY_VERSION, DOMAIN_ID, PARENT_ID, LINE_NO, FIELD_ID, TRACKING_LEVEL, PATH_RENDERER_CLASS, DETAIL_RENDERER_CLASS)
VALUES ('0982cec89eef470ebfb4cdbac367018b', 0, 1, '/', 'c88f96e158f142a0acc558bafb8ea3be', '70', 'custHcl4', 1, 'PathRenderer', 'DetailRenderer');
INSERT INTO CNT_HISTORY_DEF_ITEM
 (ID, REVISION, ENTITY_VERSION, DOMAIN_ID, PARENT_ID, LINE_NO, FIELD_ID, TRACKING_LEVEL, PATH_RENDERER_CLASS, DETAIL_RENDERER_CLASS)
VALUES ('6e9a95846f90427f85e16ea5911ef8e9', 0, 1, '/', 'c88f96e158f142a0acc558bafb8ea3be', '71', 'custHcl5', 1, 'PathRenderer', 'DetailRenderer');
INSERT INTO CNT_HISTORY_DEF_ITEM
 (ID, REVISION, ENTITY_VERSION, DOMAIN_ID, PARENT_ID, LINE_NO, FIELD_ID, TRACKING_LEVEL, PATH_RENDERER_CLASS, DETAIL_RENDERER_CLASS)
VALUES ('378db41a5a58461392345b2fe412aec2', 0, 1, '/', 'c88f96e158f142a0acc558bafb8ea3be', '72', 'countryName', 0, 'PathRenderer', 'DetailRenderer');
INSERT INTO CNT_HISTORY_DEF_ITEM
 (ID, REVISION, ENTITY_VERSION, DOMAIN_ID, PARENT_ID, LINE_NO, FIELD_ID, TRACKING_LEVEL, PATH_RENDERER_CLASS, DETAIL_RENDERER_CLASS)
VALUES ('e1fe6e9f8f004257b3df8b0e4c60f450', 0, 1, '/', 'c88f96e158f142a0acc558bafb8ea3be', '73', 'portOfDischargeName', 0, 'PathRenderer', 'DetailRenderer');
INSERT INTO CNT_HISTORY_DEF_ITEM
 (ID, REVISION, ENTITY_VERSION, DOMAIN_ID, PARENT_ID, LINE_NO, FIELD_ID, TRACKING_LEVEL, PATH_RENDERER_CLASS, DETAIL_RENDERER_CLASS)
VALUES ('0f2752d4f37f43df80654e7197424840', 0, 1, '/', 'c88f96e158f142a0acc558bafb8ea3be', '74', 'languageName', 0, 'PathRenderer', 'DetailRenderer');
INSERT INTO CNT_HISTORY_DEF_ITEM
 (ID, REVISION, ENTITY_VERSION, DOMAIN_ID, PARENT_ID, LINE_NO, FIELD_ID, TRACKING_LEVEL, PATH_RENDERER_CLASS, DETAIL_RENDERER_CLASS)
VALUES ('543ac0d64fd44c40b3f62f8cfa0445b3', 0, 1, '/', 'c88f96e158f142a0acc558bafb8ea3be', '75', 'addressTypeIdValue', 0, 'PathRenderer', 'DetailRenderer');
INSERT INTO CNT_HISTORY_DEF_ITEM
 (ID, REVISION, ENTITY_VERSION, DOMAIN_ID, PARENT_ID, LINE_NO, FIELD_ID, TRACKING_LEVEL, PATH_RENDERER_CLASS, DETAIL_RENDERER_CLASS)
VALUES ('e1f2e24d7afb40acb5e74d398e1be5c0', 0, 1, '/', 'c88f96e158f142a0acc558bafb8ea3be', '76', 'custCodelist1Name', 0, 'PathRenderer', 'DetailRenderer');
INSERT INTO CNT_HISTORY_DEF_ITEM
 (ID, REVISION, ENTITY_VERSION, DOMAIN_ID, PARENT_ID, LINE_NO, FIELD_ID, TRACKING_LEVEL, PATH_RENDERER_CLASS, DETAIL_RENDERER_CLASS)
VALUES ('42b9037f4a934d24ba4a3ab3f3266bf0', 0, 1, '/', 'c88f96e158f142a0acc558bafb8ea3be', '77', 'custCodelist2Name', 0, 'PathRenderer', 'DetailRenderer');
INSERT INTO CNT_HISTORY_DEF_ITEM
 (ID, REVISION, ENTITY_VERSION, DOMAIN_ID, PARENT_ID, LINE_NO, FIELD_ID, TRACKING_LEVEL, PATH_RENDERER_CLASS, DETAIL_RENDERER_CLASS)
VALUES ('d956c14c0d864a71a1abdbb52f213b08', 0, 1, '/', 'c88f96e158f142a0acc558bafb8ea3be', '78', 'custCodelist3Name', 0, 'PathRenderer', 'DetailRenderer');
INSERT INTO CNT_HISTORY_DEF_ITEM
 (ID, REVISION, ENTITY_VERSION, DOMAIN_ID, PARENT_ID, LINE_NO, FIELD_ID, TRACKING_LEVEL, PATH_RENDERER_CLASS, DETAIL_RENDERER_CLASS)
VALUES ('9a96fe7d6f6e4cf2bd13f3535e85d0c1', 0, 1, '/', 'c88f96e158f142a0acc558bafb8ea3be', '79', 'custCodelist4Name', 0, 'PathRenderer', 'DetailRenderer');
INSERT INTO CNT_HISTORY_DEF_ITEM
 (ID, REVISION, ENTITY_VERSION, DOMAIN_ID, PARENT_ID, LINE_NO, FIELD_ID, TRACKING_LEVEL, PATH_RENDERER_CLASS, DETAIL_RENDERER_CLASS)
VALUES ('577c2a13c152465a95ee4f8525ce01d9', 0, 1, '/', 'c88f96e158f142a0acc558bafb8ea3be', '80', 'custCodelist5Name', 0, 'PathRenderer', 'DetailRenderer');
INSERT INTO CNT_HISTORY_DEF_ITEM
 (ID, REVISION, ENTITY_VERSION, DOMAIN_ID, PARENT_ID, LINE_NO, FIELD_ID, TRACKING_LEVEL, PATH_RENDERER_CLASS, DETAIL_RENDERER_CLASS)
VALUES ('737afc4c3c0744dc9237bff9c31b78dc', 0, 1, '/', 'c88f96e158f142a0acc558bafb8ea3be', '81', 'custCodelist6Name', 0, 'PathRenderer', 'DetailRenderer');
INSERT INTO CNT_HISTORY_DEF_ITEM
 (ID, REVISION, ENTITY_VERSION, DOMAIN_ID, PARENT_ID, LINE_NO, FIELD_ID, TRACKING_LEVEL, PATH_RENDERER_CLASS, DETAIL_RENDERER_CLASS)
VALUES ('33e1c94a40924e2e9b9e0aa8f7cc6df8', 0, 1, '/', 'c88f96e158f142a0acc558bafb8ea3be', '82', 'custCodelist7Name', 0, 'PathRenderer', 'DetailRenderer');
INSERT INTO CNT_HISTORY_DEF_ITEM
 (ID, REVISION, ENTITY_VERSION, DOMAIN_ID, PARENT_ID, LINE_NO, FIELD_ID, TRACKING_LEVEL, PATH_RENDERER_CLASS, DETAIL_RENDERER_CLASS)
VALUES ('67ff706dce954f9d8bf250704617ef98', 0, 1, '/', 'c88f96e158f142a0acc558bafb8ea3be', '83', 'custHcl1Ref', 0, 'PathRenderer', 'DetailRenderer');
INSERT INTO CNT_HISTORY_DEF_ITEM
 (ID, REVISION, ENTITY_VERSION, DOMAIN_ID, PARENT_ID, LINE_NO, FIELD_ID, TRACKING_LEVEL, PATH_RENDERER_CLASS, DETAIL_RENDERER_CLASS)
VALUES ('72863bdf8f974d959dfb23de96c22f7d', 0, 1, '/', 'c88f96e158f142a0acc558bafb8ea3be', '84', 'custHcl1Ver', 0, 'PathRenderer', 'DetailRenderer');
INSERT INTO CNT_HISTORY_DEF_ITEM
 (ID, REVISION, ENTITY_VERSION, DOMAIN_ID, PARENT_ID, LINE_NO, FIELD_ID, TRACKING_LEVEL, PATH_RENDERER_CLASS, DETAIL_RENDERER_CLASS)
VALUES ('c200b79f3edd40c19523d32f6732b093', 0, 1, '/', 'c88f96e158f142a0acc558bafb8ea3be', '85', 'custHcl1Ref2', 0, 'PathRenderer', 'DetailRenderer');
INSERT INTO CNT_HISTORY_DEF_ITEM
 (ID, REVISION, ENTITY_VERSION, DOMAIN_ID, PARENT_ID, LINE_NO, FIELD_ID, TRACKING_LEVEL, PATH_RENDERER_CLASS, DETAIL_RENDERER_CLASS)
VALUES ('3f3c174610174ec395a270d5c7640859', 0, 1, '/', 'c88f96e158f142a0acc558bafb8ea3be', '86', 'custHcl1FullLineage', 0, 'PathRenderer', 'DetailRenderer');
INSERT INTO CNT_HISTORY_DEF_ITEM
 (ID, REVISION, ENTITY_VERSION, DOMAIN_ID, PARENT_ID, LINE_NO, FIELD_ID, TRACKING_LEVEL, PATH_RENDERER_CLASS, DETAIL_RENDERER_CLASS)
VALUES ('8d0cb9c31cb74c4ba92f30f6a2403d4b', 0, 1, '/', 'c88f96e158f142a0acc558bafb8ea3be', '87', 'custHcl2Ref', 0, 'PathRenderer', 'DetailRenderer');
INSERT INTO CNT_HISTORY_DEF_ITEM
 (ID, REVISION, ENTITY_VERSION, DOMAIN_ID, PARENT_ID, LINE_NO, FIELD_ID, TRACKING_LEVEL, PATH_RENDERER_CLASS, DETAIL_RENDERER_CLASS)
VALUES ('829a21b7814343a8a9253e4f607a09b0', 0, 1, '/', 'c88f96e158f142a0acc558bafb8ea3be', '88', 'custHcl2Ver', 0, 'PathRenderer', 'DetailRenderer');
INSERT INTO CNT_HISTORY_DEF_ITEM
 (ID, REVISION, ENTITY_VERSION, DOMAIN_ID, PARENT_ID, LINE_NO, FIELD_ID, TRACKING_LEVEL, PATH_RENDERER_CLASS, DETAIL_RENDERER_CLASS)
VALUES ('d570f576038d45d4ab128d482fea555a', 0, 1, '/', 'c88f96e158f142a0acc558bafb8ea3be', '89', 'custHcl2Ref2', 0, 'PathRenderer', 'DetailRenderer');
INSERT INTO CNT_HISTORY_DEF_ITEM
 (ID, REVISION, ENTITY_VERSION, DOMAIN_ID, PARENT_ID, LINE_NO, FIELD_ID, TRACKING_LEVEL, PATH_RENDERER_CLASS, DETAIL_RENDERER_CLASS)
VALUES ('9cff6efcf3b14b109b58114079986439', 0, 1, '/', 'c88f96e158f142a0acc558bafb8ea3be', '90', 'custHcl2FullLineage', 0, 'PathRenderer', 'DetailRenderer');
INSERT INTO CNT_HISTORY_DEF_ITEM
 (ID, REVISION, ENTITY_VERSION, DOMAIN_ID, PARENT_ID, LINE_NO, FIELD_ID, TRACKING_LEVEL, PATH_RENDERER_CLASS, DETAIL_RENDERER_CLASS)
VALUES ('3b3a75772b214e9f8ecb4ef3f5c005fe', 0, 1, '/', 'c88f96e158f142a0acc558bafb8ea3be', '91', 'custHcl3Ref', 0, 'PathRenderer', 'DetailRenderer');
INSERT INTO CNT_HISTORY_DEF_ITEM
 (ID, REVISION, ENTITY_VERSION, DOMAIN_ID, PARENT_ID, LINE_NO, FIELD_ID, TRACKING_LEVEL, PATH_RENDERER_CLASS, DETAIL_RENDERER_CLASS)
VALUES ('bb20f7184c134bcb824ef01c2424f840', 0, 1, '/', 'c88f96e158f142a0acc558bafb8ea3be', '92', 'custHcl3Ver', 0, 'PathRenderer', 'DetailRenderer');
INSERT INTO CNT_HISTORY_DEF_ITEM
 (ID, REVISION, ENTITY_VERSION, DOMAIN_ID, PARENT_ID, LINE_NO, FIELD_ID, TRACKING_LEVEL, PATH_RENDERER_CLASS, DETAIL_RENDERER_CLASS)
VALUES ('ad2e41abdc914404983105e25df5db08', 0, 1, '/', 'c88f96e158f142a0acc558bafb8ea3be', '93', 'custHcl3Ref2', 0, 'PathRenderer', 'DetailRenderer');
INSERT INTO CNT_HISTORY_DEF_ITEM
 (ID, REVISION, ENTITY_VERSION, DOMAIN_ID, PARENT_ID, LINE_NO, FIELD_ID, TRACKING_LEVEL, PATH_RENDERER_CLASS, DETAIL_RENDERER_CLASS)
VALUES ('f87ff7d0e366470a8313c4d8a065719e', 0, 1, '/', 'c88f96e158f142a0acc558bafb8ea3be', '94', 'custHcl3FullLineage', 0, 'PathRenderer', 'DetailRenderer');
INSERT INTO CNT_HISTORY_DEF_ITEM
 (ID, REVISION, ENTITY_VERSION, DOMAIN_ID, PARENT_ID, LINE_NO, FIELD_ID, TRACKING_LEVEL, PATH_RENDERER_CLASS, DETAIL_RENDERER_CLASS)
VALUES ('7c88de51a87d468cbfa2dedad12c0371', 0, 1, '/', 'c88f96e158f142a0acc558bafb8ea3be', '95', 'custHcl4Ref', 0, 'PathRenderer', 'DetailRenderer');
INSERT INTO CNT_HISTORY_DEF_ITEM
 (ID, REVISION, ENTITY_VERSION, DOMAIN_ID, PARENT_ID, LINE_NO, FIELD_ID, TRACKING_LEVEL, PATH_RENDERER_CLASS, DETAIL_RENDERER_CLASS)
VALUES ('e3c41a079ce44e26ac5273edda663383', 0, 1, '/', 'c88f96e158f142a0acc558bafb8ea3be', '96', 'custHcl4Ver', 0, 'PathRenderer', 'DetailRenderer');
INSERT INTO CNT_HISTORY_DEF_ITEM
 (ID, REVISION, ENTITY_VERSION, DOMAIN_ID, PARENT_ID, LINE_NO, FIELD_ID, TRACKING_LEVEL, PATH_RENDERER_CLASS, DETAIL_RENDERER_CLASS)
VALUES ('758813ec7edd47d7983b4ff1f3b94915', 0, 1, '/', 'c88f96e158f142a0acc558bafb8ea3be', '97', 'custHcl4Ref2', 0, 'PathRenderer', 'DetailRenderer');
INSERT INTO CNT_HISTORY_DEF_ITEM
 (ID, REVISION, ENTITY_VERSION, DOMAIN_ID, PARENT_ID, LINE_NO, FIELD_ID, TRACKING_LEVEL, PATH_RENDERER_CLASS, DETAIL_RENDERER_CLASS)
VALUES ('9d0061a42e5f41928730d671947b04ad', 0, 1, '/', 'c88f96e158f142a0acc558bafb8ea3be', '98', 'custHcl4FullLineage', 0, 'PathRenderer', 'DetailRenderer');
INSERT INTO CNT_HISTORY_DEF_ITEM
 (ID, REVISION, ENTITY_VERSION, DOMAIN_ID, PARENT_ID, LINE_NO, FIELD_ID, TRACKING_LEVEL, PATH_RENDERER_CLASS, DETAIL_RENDERER_CLASS)
VALUES ('f5f9791ada0e4f11972f6133bbe42cd9', 0, 1, '/', 'c88f96e158f142a0acc558bafb8ea3be', '99', 'custHcl5Ref', 0, 'PathRenderer', 'DetailRenderer');
INSERT INTO CNT_HISTORY_DEF_ITEM
 (ID, REVISION, ENTITY_VERSION, DOMAIN_ID, PARENT_ID, LINE_NO, FIELD_ID, TRACKING_LEVEL, PATH_RENDERER_CLASS, DETAIL_RENDERER_CLASS)
VALUES ('acf4c7997eef4cd897cf8f99b3d5454d', 0, 1, '/', 'c88f96e158f142a0acc558bafb8ea3be', '100', 'custHcl5Ver', 0, 'PathRenderer', 'DetailRenderer');
INSERT INTO CNT_HISTORY_DEF_ITEM
 (ID, REVISION, ENTITY_VERSION, DOMAIN_ID, PARENT_ID, LINE_NO, FIELD_ID, TRACKING_LEVEL, PATH_RENDERER_CLASS, DETAIL_RENDERER_CLASS)
VALUES ('b32fb62057454f4eaa1371c493542791', 0, 1, '/', 'c88f96e158f142a0acc558bafb8ea3be', '101', 'custHcl5Ref2', 0, 'PathRenderer', 'DetailRenderer');
INSERT INTO CNT_HISTORY_DEF_ITEM
 (ID, REVISION, ENTITY_VERSION, DOMAIN_ID, PARENT_ID, LINE_NO, FIELD_ID, TRACKING_LEVEL, PATH_RENDERER_CLASS, DETAIL_RENDERER_CLASS)
VALUES ('1b36424d487f474bb63718e1b6c920b7', 0, 1, '/', 'c88f96e158f142a0acc558bafb8ea3be', '102', 'custHcl5FullLineage', 0, 'PathRenderer', 'DetailRenderer');
