set define off;
DELETE CNT_FIELD_DEFINITION WHERE PARENT_ID = (SELECT ID FROM CNT_ENTITY_DEFINITION WHERE ENTITY_NAME = 'CommitAttachment' AND ENTITY_VERSION = 1);
DELETE CNT_ENTITY_DEFINITION WHERE ENTITY_NAME = 'CommitAttachment' AND ENTITY_VERSION = 1;
DELETE CNT_FIELD_DEFINITION WHERE PARENT_ID = (SELECT ID FROM CNT_ENTITY_DEFINITION WHERE ENTITY_NAME = 'CommitCharge' AND ENTITY_VERSION = 1);
DELETE CNT_ENTITY_DEFINITION WHERE ENTITY_NAME = 'CommitCharge' AND ENTITY_VERSION = 1;
DELETE CNT_FIELD_DEFINITION WHERE PARENT_ID = (SELECT ID FROM CNT_ENTITY_DEFINITION WHERE ENTITY_NAME = 'CommitContact' AND ENTITY_VERSION = 1);
DELETE CNT_ENTITY_DEFINITION WHERE ENTITY_NAME = 'CommitContact' AND ENTITY_VERSION = 1;
DELETE CNT_FIELD_DEFINITION WHERE PARENT_ID = (SELECT ID FROM CNT_ENTITY_DEFINITION WHERE ENTITY_NAME = 'CommitHistory' AND ENTITY_VERSION = 1);
DELETE CNT_ENTITY_DEFINITION WHERE ENTITY_NAME = 'CommitHistory' AND ENTITY_VERSION = 1;
DELETE CNT_FIELD_DEFINITION WHERE PARENT_ID = (SELECT ID FROM CNT_ENTITY_DEFINITION WHERE ENTITY_NAME = 'CommitItem' AND ENTITY_VERSION = 1);
DELETE CNT_ENTITY_DEFINITION WHERE ENTITY_NAME = 'CommitItem' AND ENTITY_VERSION = 1;
DELETE CNT_FIELD_DEFINITION WHERE PARENT_ID = (SELECT ID FROM CNT_ENTITY_DEFINITION WHERE ENTITY_NAME = 'Commit' AND ENTITY_VERSION = 1);
DELETE CNT_ENTITY_DEFINITION WHERE ENTITY_NAME = 'Commit' AND ENTITY_VERSION = 1;
DELETE CNT_FIELD_DEFINITION WHERE PARENT_ID = (SELECT ID FROM CNT_ENTITY_DEFINITION WHERE ENTITY_NAME = 'CommitAddress' AND ENTITY_VERSION = 1);
DELETE CNT_ENTITY_DEFINITION WHERE ENTITY_NAME = 'CommitAddress' AND ENTITY_VERSION = 1;
INSERT INTO CNT_ENTITY_DEFINITION
 (ID, REVISION, ENTITY_NAME, ENTITY_VERSION, PRODUCT_TABLE_NAME, CUSTOM_TABLE_NAME, REPORT_TABLE_NAME, MODULE, TYPE, REVISION_TRACKING, VERSION_TRACKING, HISTORY_ENTITY_NAME, REF_PATTERN, SYSTEM_ENTITY, CREATE_USER, CREATED_ON, IS_FOR_EXTERNAL)
VALUES ('88553d3386ff42ba9a1ca296a1e2e246', 0, 'CommitAttachment', 1, 'CNT_COMMIT_ATTACHMENT', 'CTM_COMMIT', 'COMMITMENT_ATTACHMENT', 'commit', 'inner', 'ALL', 'ALL', '', '', 0, 'system', systimestamp, 0);
INSERT INTO CNT_FIELD_DEFINITION
 (ID, REVISION, PARENT_ID, FIELD_ID, COLUMN_NAME, COLUMN_TYPE, REPORT_COLUMN_NAME, PRODUCT_FIELD, FIELD_TYPE, ENTITY_LOOKUP, ENTITY_LOOKUP_KEY, ORDER_BY, GENERATOR, REFER_TABLE, KEY_COLUMN, LOOKUP_COLUMN, MANDATORY, MIN_LENGTH, MAX_LENGTH, MIN_VALUE, MAX_VALUE, CONSTANT_VALUE, UNIQUE_KEY, CREATE_USER, CREATED_ON, LINE_NO, MANAGED, FIELD_PATH, DATA_TYPE, DATA1, DATA2, TRANSITIVE_FIELDS, FORMULA, ENTITY_LOOKUP_TYPE)
VALUES ('2f770283516443b4b38f4b102da198ac', 0, '88553d3386ff42ba9a1ca296a1e2e246', 'id', 'ID', 'CHAR(32)', '', 1, 'id', '', '', '', 'com.core.cbx.data.generator.UUIDGenerator', '', '', '', 0, 32, 32, NULL, NULL, '', '', 'system', systimestamp, '0', 0, 'entity.commitAttachment.id', '', '', '', '', '', '');
INSERT INTO CNT_FIELD_DEFINITION
 (ID, REVISION, PARENT_ID, FIELD_ID, COLUMN_NAME, COLUMN_TYPE, REPORT_COLUMN_NAME, PRODUCT_FIELD, FIELD_TYPE, ENTITY_LOOKUP, ENTITY_LOOKUP_KEY, ORDER_BY, GENERATOR, REFER_TABLE, KEY_COLUMN, LOOKUP_COLUMN, MANDATORY, MIN_LENGTH, MAX_LENGTH, MIN_VALUE, MAX_VALUE, CONSTANT_VALUE, UNIQUE_KEY, CREATE_USER, CREATED_ON, LINE_NO, MANAGED, FIELD_PATH, DATA_TYPE, DATA1, DATA2, TRANSITIVE_FIELDS, FORMULA, ENTITY_LOOKUP_TYPE)
VALUES ('00550a6ebc944c3d9c0bcd4c6d51cdbb', 0, '88553d3386ff42ba9a1ca296a1e2e246', 'revision', 'REVISION', 'NUMBER(20, 0)', '', 1, 'integer', '', '', '', '', '', '', '', 0, NULL, 18, NULL, NULL, '', '', 'system', systimestamp, '1', 0, 'entity.commitAttachment.revision', '', '', '', '', '', '');
INSERT INTO CNT_FIELD_DEFINITION
 (ID, REVISION, PARENT_ID, FIELD_ID, COLUMN_NAME, COLUMN_TYPE, REPORT_COLUMN_NAME, PRODUCT_FIELD, FIELD_TYPE, ENTITY_LOOKUP, ENTITY_LOOKUP_KEY, ORDER_BY, GENERATOR, REFER_TABLE, KEY_COLUMN, LOOKUP_COLUMN, MANDATORY, MIN_LENGTH, MAX_LENGTH, MIN_VALUE, MAX_VALUE, CONSTANT_VALUE, UNIQUE_KEY, CREATE_USER, CREATED_ON, LINE_NO, MANAGED, FIELD_PATH, DATA_TYPE, DATA1, DATA2, TRANSITIVE_FIELDS, FORMULA, ENTITY_LOOKUP_TYPE)
VALUES ('fbdd88eedbc444b49e6b94c428964de5', 0, '88553d3386ff42ba9a1ca296a1e2e246', 'entityVersion', 'ENTITY_VERSION', 'NUMBER(20, 0)', '', 1, 'integer', '', '', '', '', '', '', '', 0, NULL, 18, NULL, NULL, '', '', 'system', systimestamp, '2', 0, 'entity.commitAttachment.entityVersion', '', '', '', '', '', '');
INSERT INTO CNT_FIELD_DEFINITION
 (ID, REVISION, PARENT_ID, FIELD_ID, COLUMN_NAME, COLUMN_TYPE, REPORT_COLUMN_NAME, PRODUCT_FIELD, FIELD_TYPE, ENTITY_LOOKUP, ENTITY_LOOKUP_KEY, ORDER_BY, GENERATOR, REFER_TABLE, KEY_COLUMN, LOOKUP_COLUMN, MANDATORY, MIN_LENGTH, MAX_LENGTH, MIN_VALUE, MAX_VALUE, CONSTANT_VALUE, UNIQUE_KEY, CREATE_USER, CREATED_ON, LINE_NO, MANAGED, FIELD_PATH, DATA_TYPE, DATA1, DATA2, TRANSITIVE_FIELDS, FORMULA, ENTITY_LOOKUP_TYPE)
VALUES ('f539b4e7709547cbb84716acbf98b1d3', 0, '88553d3386ff42ba9a1ca296a1e2e246', 'domainId', 'DOMAIN_ID', 'NVARCHAR2(400)', '', 1, 'string-m', '', '', '', '', '', '', '', 0, NULL, 400, NULL, NULL, '', '', 'system', systimestamp, '3', 0, 'entity.commitAttachment.domainId', '', '', '', '', '', '');
INSERT INTO CNT_FIELD_DEFINITION
 (ID, REVISION, PARENT_ID, FIELD_ID, COLUMN_NAME, COLUMN_TYPE, REPORT_COLUMN_NAME, PRODUCT_FIELD, FIELD_TYPE, ENTITY_LOOKUP, ENTITY_LOOKUP_KEY, ORDER_BY, GENERATOR, REFER_TABLE, KEY_COLUMN, LOOKUP_COLUMN, MANDATORY, MIN_LENGTH, MAX_LENGTH, MIN_VALUE, MAX_VALUE, CONSTANT_VALUE, UNIQUE_KEY, CREATE_USER, CREATED_ON, LINE_NO, MANAGED, FIELD_PATH, DATA_TYPE, DATA1, DATA2, TRANSITIVE_FIELDS, FORMULA, ENTITY_LOOKUP_TYPE)
VALUES ('efac8c04f2ae4e3582815b090340965c', 0, '88553d3386ff42ba9a1ca296a1e2e246', 'hubDomainId', 'HUB_DOMAIN_ID', 'NVARCHAR2(400)', '', 1, 'string-m', '', '', '', '', '', '', '', 0, NULL, 400, NULL, NULL, '', '', 'system', systimestamp, '4', 0, 'entity.commitAttachment.hubDomainId', '', '', '', '', '', '');
INSERT INTO CNT_FIELD_DEFINITION
 (ID, REVISION, PARENT_ID, FIELD_ID, COLUMN_NAME, COLUMN_TYPE, REPORT_COLUMN_NAME, PRODUCT_FIELD, FIELD_TYPE, ENTITY_LOOKUP, ENTITY_LOOKUP_KEY, ORDER_BY, GENERATOR, REFER_TABLE, KEY_COLUMN, LOOKUP_COLUMN, MANDATORY, MIN_LENGTH, MAX_LENGTH, MIN_VALUE, MAX_VALUE, CONSTANT_VALUE, UNIQUE_KEY, CREATE_USER, CREATED_ON, LINE_NO, MANAGED, FIELD_PATH, DATA_TYPE, DATA1, DATA2, TRANSITIVE_FIELDS, FORMULA, ENTITY_LOOKUP_TYPE)
VALUES ('da844453289342f3be8cb05e094be9a6', 0, '88553d3386ff42ba9a1ca296a1e2e246', 'isForReference', 'IS_FOR_REFERENCE', 'NUMBER(1,0)', '', 1, 'boolean', '', '', '', '', '', '', '', 0, NULL, NULL, NULL, NULL, '', '', 'system', systimestamp, '5', 0, 'entity.commitAttachment.isForReference', '', '', '', '', '', '');
INSERT INTO CNT_FIELD_DEFINITION
 (ID, REVISION, PARENT_ID, FIELD_ID, COLUMN_NAME, COLUMN_TYPE, REPORT_COLUMN_NAME, PRODUCT_FIELD, FIELD_TYPE, ENTITY_LOOKUP, ENTITY_LOOKUP_KEY, ORDER_BY, GENERATOR, REFER_TABLE, KEY_COLUMN, LOOKUP_COLUMN, MANDATORY, MIN_LENGTH, MAX_LENGTH, MIN_VALUE, MAX_VALUE, CONSTANT_VALUE, UNIQUE_KEY, CREATE_USER, CREATED_ON, LINE_NO, MANAGED, FIELD_PATH, DATA_TYPE, DATA1, DATA2, TRANSITIVE_FIELDS, FORMULA, ENTITY_LOOKUP_TYPE)
VALUES ('6b6ebd2819864c16a3bb3a8e05810099', 0, '88553d3386ff42ba9a1ca296a1e2e246', 'internalSeqNo', 'INTERNAL_SEQ_NO', 'NUMBER(20, 0)', 'n/a', 1, 'integer', '', '', '', '', '', '', '', 0, NULL, 18, NULL, NULL, '', '', 'system', systimestamp, '6', 0, 'entity.commitAttachment.internalSeqNo', '', '', '', '', '', '');
INSERT INTO CNT_FIELD_DEFINITION
 (ID, REVISION, PARENT_ID, FIELD_ID, COLUMN_NAME, COLUMN_TYPE, REPORT_COLUMN_NAME, PRODUCT_FIELD, FIELD_TYPE, ENTITY_LOOKUP, ENTITY_LOOKUP_KEY, ORDER_BY, GENERATOR, REFER_TABLE, KEY_COLUMN, LOOKUP_COLUMN, MANDATORY, MIN_LENGTH, MAX_LENGTH, MIN_VALUE, MAX_VALUE, CONSTANT_VALUE, UNIQUE_KEY, CREATE_USER, CREATED_ON, LINE_NO, MANAGED, FIELD_PATH, DATA_TYPE, DATA1, DATA2, TRANSITIVE_FIELDS, FORMULA, ENTITY_LOOKUP_TYPE)
VALUES ('d40f1e9398c94177b6fb1694135a8fad', 0, '88553d3386ff42ba9a1ca296a1e2e246', 'commitId', 'COMMIT_ID', 'CHAR(32)', 'COMMITMENT_SYS_ID', 1, 'id', '', '', '', '', '', '', '', 1, 32, 32, NULL, NULL, '', '', 'system', systimestamp, '7', 0, 'entity.commitAttachment.commitId', '', '', '', '', '', '');
INSERT INTO CNT_FIELD_DEFINITION
 (ID, REVISION, PARENT_ID, FIELD_ID, COLUMN_NAME, COLUMN_TYPE, REPORT_COLUMN_NAME, PRODUCT_FIELD, FIELD_TYPE, ENTITY_LOOKUP, ENTITY_LOOKUP_KEY, ORDER_BY, GENERATOR, REFER_TABLE, KEY_COLUMN, LOOKUP_COLUMN, MANDATORY, MIN_LENGTH, MAX_LENGTH, MIN_VALUE, MAX_VALUE, CONSTANT_VALUE, UNIQUE_KEY, CREATE_USER, CREATED_ON, LINE_NO, MANAGED, FIELD_PATH, DATA_TYPE, DATA1, DATA2, TRANSITIVE_FIELDS, FORMULA, ENTITY_LOOKUP_TYPE)
VALUES ('6a09bd1a2f754134a9afb273b0ef572e', 0, '88553d3386ff42ba9a1ca296a1e2e246', 'attachType', 'ATTACH_TYPE', 'NVARCHAR2(400)', 'ATTACHMENT_TYPE', 1, 'string-m', '', '', '', '', '', '', '', 0, NULL, 400, NULL, NULL, '', '', 'system', systimestamp, '8', 0, 'entity.commitAttachment.attachType', '', '', '', '', '', '');
INSERT INTO CNT_FIELD_DEFINITION
 (ID, REVISION, PARENT_ID, FIELD_ID, COLUMN_NAME, COLUMN_TYPE, REPORT_COLUMN_NAME, PRODUCT_FIELD, FIELD_TYPE, ENTITY_LOOKUP, ENTITY_LOOKUP_KEY, ORDER_BY, GENERATOR, REFER_TABLE, KEY_COLUMN, LOOKUP_COLUMN, MANDATORY, MIN_LENGTH, MAX_LENGTH, MIN_VALUE, MAX_VALUE, CONSTANT_VALUE, UNIQUE_KEY, CREATE_USER, CREATED_ON, LINE_NO, MANAGED, FIELD_PATH, DATA_TYPE, DATA1, DATA2, TRANSITIVE_FIELDS, FORMULA, ENTITY_LOOKUP_TYPE)
VALUES ('8a81acd6824342c5a429d536a96706f4', 0, '88553d3386ff42ba9a1ca296a1e2e246', 'description', 'DESCRIPTION', 'NVARCHAR2(1000)', 'ATTACHMENT_DESC', 1, 'string-l', '', '', '', '', '', '', '', 0, NULL, 1000, NULL, NULL, '', '', 'system', systimestamp, '9', 0, 'entity.commitAttachment.description', '', '', '', '', '', '');
INSERT INTO CNT_FIELD_DEFINITION
 (ID, REVISION, PARENT_ID, FIELD_ID, COLUMN_NAME, COLUMN_TYPE, REPORT_COLUMN_NAME, PRODUCT_FIELD, FIELD_TYPE, ENTITY_LOOKUP, ENTITY_LOOKUP_KEY, ORDER_BY, GENERATOR, REFER_TABLE, KEY_COLUMN, LOOKUP_COLUMN, MANDATORY, MIN_LENGTH, MAX_LENGTH, MIN_VALUE, MAX_VALUE, CONSTANT_VALUE, UNIQUE_KEY, CREATE_USER, CREATED_ON, LINE_NO, MANAGED, FIELD_PATH, DATA_TYPE, DATA1, DATA2, TRANSITIVE_FIELDS, FORMULA, ENTITY_LOOKUP_TYPE)
VALUES ('af4db0694ea649149742aa304a4c226c', 0, '88553d3386ff42ba9a1ca296a1e2e246', 'fileId', 'FILE_ID', 'CHAR(32)', 'ATTACHMENT_SYS_ID', 1, 'entity', 'Attachment', 'id', '', '', '', '', '', 0, 32, 32, NULL, NULL, '', '', 'system', systimestamp, '10', 0, 'entity.commitAttachment.fileId', '', '', '', '', '', '');
INSERT INTO CNT_FIELD_DEFINITION
 (ID, REVISION, PARENT_ID, FIELD_ID, COLUMN_NAME, COLUMN_TYPE, REPORT_COLUMN_NAME, PRODUCT_FIELD, FIELD_TYPE, ENTITY_LOOKUP, ENTITY_LOOKUP_KEY, ORDER_BY, GENERATOR, REFER_TABLE, KEY_COLUMN, LOOKUP_COLUMN, MANDATORY, MIN_LENGTH, MAX_LENGTH, MIN_VALUE, MAX_VALUE, CONSTANT_VALUE, UNIQUE_KEY, CREATE_USER, CREATED_ON, LINE_NO, MANAGED, FIELD_PATH, DATA_TYPE, DATA1, DATA2, TRANSITIVE_FIELDS, FORMULA, ENTITY_LOOKUP_TYPE)
VALUES ('4788c07544014ce99cbcb2092456e049', 0, '88553d3386ff42ba9a1ca296a1e2e246', 'custText1', 'CUST_TEXT1', 'NVARCHAR2(1000)', 'CUSTOM_FIELD_TEXT1', 0, 'string-l', '', '', '', '', '', '', '', 0, NULL, 1000, NULL, NULL, '', '', 'system', systimestamp, '11', 0, 'entity.commitAttachment.custText1', '', '', '', '', '', '');
INSERT INTO CNT_FIELD_DEFINITION
 (ID, REVISION, PARENT_ID, FIELD_ID, COLUMN_NAME, COLUMN_TYPE, REPORT_COLUMN_NAME, PRODUCT_FIELD, FIELD_TYPE, ENTITY_LOOKUP, ENTITY_LOOKUP_KEY, ORDER_BY, GENERATOR, REFER_TABLE, KEY_COLUMN, LOOKUP_COLUMN, MANDATORY, MIN_LENGTH, MAX_LENGTH, MIN_VALUE, MAX_VALUE, CONSTANT_VALUE, UNIQUE_KEY, CREATE_USER, CREATED_ON, LINE_NO, MANAGED, FIELD_PATH, DATA_TYPE, DATA1, DATA2, TRANSITIVE_FIELDS, FORMULA, ENTITY_LOOKUP_TYPE)
VALUES ('fbdb1a0b06514600a3e68b55a3a68239', 0, '88553d3386ff42ba9a1ca296a1e2e246', 'custText2', 'CUST_TEXT2', 'NVARCHAR2(1000)', 'CUSTOM_FIELD_TEXT2', 0, 'string-l', '', '', '', '', '', '', '', 0, NULL, 1000, NULL, NULL, '', '', 'system', systimestamp, '12', 0, 'entity.commitAttachment.custText2', '', '', '', '', '', '');
INSERT INTO CNT_FIELD_DEFINITION
 (ID, REVISION, PARENT_ID, FIELD_ID, COLUMN_NAME, COLUMN_TYPE, REPORT_COLUMN_NAME, PRODUCT_FIELD, FIELD_TYPE, ENTITY_LOOKUP, ENTITY_LOOKUP_KEY, ORDER_BY, GENERATOR, REFER_TABLE, KEY_COLUMN, LOOKUP_COLUMN, MANDATORY, MIN_LENGTH, MAX_LENGTH, MIN_VALUE, MAX_VALUE, CONSTANT_VALUE, UNIQUE_KEY, CREATE_USER, CREATED_ON, LINE_NO, MANAGED, FIELD_PATH, DATA_TYPE, DATA1, DATA2, TRANSITIVE_FIELDS, FORMULA, ENTITY_LOOKUP_TYPE)
VALUES ('677fcf1203a54cc89b35e2c1ed1175cd', 0, '88553d3386ff42ba9a1ca296a1e2e246', 'custText3', 'CUST_TEXT3', 'NVARCHAR2(1000)', 'CUSTOM_FIELD_TEXT3', 0, 'string-l', '', '', '', '', '', '', '', 0, NULL, 1000, NULL, NULL, '', '', 'system', systimestamp, '13', 0, 'entity.commitAttachment.custText3', '', '', '', '', '', '');
INSERT INTO CNT_FIELD_DEFINITION
 (ID, REVISION, PARENT_ID, FIELD_ID, COLUMN_NAME, COLUMN_TYPE, REPORT_COLUMN_NAME, PRODUCT_FIELD, FIELD_TYPE, ENTITY_LOOKUP, ENTITY_LOOKUP_KEY, ORDER_BY, GENERATOR, REFER_TABLE, KEY_COLUMN, LOOKUP_COLUMN, MANDATORY, MIN_LENGTH, MAX_LENGTH, MIN_VALUE, MAX_VALUE, CONSTANT_VALUE, UNIQUE_KEY, CREATE_USER, CREATED_ON, LINE_NO, MANAGED, FIELD_PATH, DATA_TYPE, DATA1, DATA2, TRANSITIVE_FIELDS, FORMULA, ENTITY_LOOKUP_TYPE)
VALUES ('6ceeabba165a4c1ba04e62190d71c6be', 0, '88553d3386ff42ba9a1ca296a1e2e246', 'custText4', 'CUST_TEXT4', 'NVARCHAR2(1000)', 'CUSTOM_FIELD_TEXT4', 0, 'string-l', '', '', '', '', '', '', '', 0, NULL, 1000, NULL, NULL, '', '', 'system', systimestamp, '14', 0, 'entity.commitAttachment.custText4', '', '', '', '', '', '');
INSERT INTO CNT_FIELD_DEFINITION
 (ID, REVISION, PARENT_ID, FIELD_ID, COLUMN_NAME, COLUMN_TYPE, REPORT_COLUMN_NAME, PRODUCT_FIELD, FIELD_TYPE, ENTITY_LOOKUP, ENTITY_LOOKUP_KEY, ORDER_BY, GENERATOR, REFER_TABLE, KEY_COLUMN, LOOKUP_COLUMN, MANDATORY, MIN_LENGTH, MAX_LENGTH, MIN_VALUE, MAX_VALUE, CONSTANT_VALUE, UNIQUE_KEY, CREATE_USER, CREATED_ON, LINE_NO, MANAGED, FIELD_PATH, DATA_TYPE, DATA1, DATA2, TRANSITIVE_FIELDS, FORMULA, ENTITY_LOOKUP_TYPE)
VALUES ('ffcabc802bb647eeab95ec3e1efc2d9a', 0, '88553d3386ff42ba9a1ca296a1e2e246', 'custText5', 'CUST_TEXT5', 'NVARCHAR2(1000)', 'CUSTOM_FIELD_TEXT5', 0, 'string-l', '', '', '', '', '', '', '', 0, NULL, 1000, NULL, NULL, '', '', 'system', systimestamp, '15', 0, 'entity.commitAttachment.custText5', '', '', '', '', '', '');
INSERT INTO CNT_FIELD_DEFINITION
 (ID, REVISION, PARENT_ID, FIELD_ID, COLUMN_NAME, COLUMN_TYPE, REPORT_COLUMN_NAME, PRODUCT_FIELD, FIELD_TYPE, ENTITY_LOOKUP, ENTITY_LOOKUP_KEY, ORDER_BY, GENERATOR, REFER_TABLE, KEY_COLUMN, LOOKUP_COLUMN, MANDATORY, MIN_LENGTH, MAX_LENGTH, MIN_VALUE, MAX_VALUE, CONSTANT_VALUE, UNIQUE_KEY, CREATE_USER, CREATED_ON, LINE_NO, MANAGED, FIELD_PATH, DATA_TYPE, DATA1, DATA2, TRANSITIVE_FIELDS, FORMULA, ENTITY_LOOKUP_TYPE)
VALUES ('c03399f3f9134dc485de8402d1e95376', 0, '88553d3386ff42ba9a1ca296a1e2e246', 'custText6', 'CUST_TEXT6', 'NVARCHAR2(1000)', 'CUSTOM_FIELD_TEXT6', 0, 'string-l', '', '', '', '', '', '', '', 0, NULL, 1000, NULL, NULL, '', '', 'system', systimestamp, '16', 0, 'entity.commitAttachment.custText6', '', '', '', '', '', '');
INSERT INTO CNT_FIELD_DEFINITION
 (ID, REVISION, PARENT_ID, FIELD_ID, COLUMN_NAME, COLUMN_TYPE, REPORT_COLUMN_NAME, PRODUCT_FIELD, FIELD_TYPE, ENTITY_LOOKUP, ENTITY_LOOKUP_KEY, ORDER_BY, GENERATOR, REFER_TABLE, KEY_COLUMN, LOOKUP_COLUMN, MANDATORY, MIN_LENGTH, MAX_LENGTH, MIN_VALUE, MAX_VALUE, CONSTANT_VALUE, UNIQUE_KEY, CREATE_USER, CREATED_ON, LINE_NO, MANAGED, FIELD_PATH, DATA_TYPE, DATA1, DATA2, TRANSITIVE_FIELDS, FORMULA, ENTITY_LOOKUP_TYPE)
VALUES ('e251b13f3f35401d9cfe090310aa332d', 0, '88553d3386ff42ba9a1ca296a1e2e246', 'custText7', 'CUST_TEXT7', 'NVARCHAR2(1000)', 'CUSTOM_FIELD_TEXT7', 0, 'string-l', '', '', '', '', '', '', '', 0, NULL, 1000, NULL, NULL, '', '', 'system', systimestamp, '17', 0, 'entity.commitAttachment.custText7', '', '', '', '', '', '');
INSERT INTO CNT_FIELD_DEFINITION
 (ID, REVISION, PARENT_ID, FIELD_ID, COLUMN_NAME, COLUMN_TYPE, REPORT_COLUMN_NAME, PRODUCT_FIELD, FIELD_TYPE, ENTITY_LOOKUP, ENTITY_LOOKUP_KEY, ORDER_BY, GENERATOR, REFER_TABLE, KEY_COLUMN, LOOKUP_COLUMN, MANDATORY, MIN_LENGTH, MAX_LENGTH, MIN_VALUE, MAX_VALUE, CONSTANT_VALUE, UNIQUE_KEY, CREATE_USER, CREATED_ON, LINE_NO, MANAGED, FIELD_PATH, DATA_TYPE, DATA1, DATA2, TRANSITIVE_FIELDS, FORMULA, ENTITY_LOOKUP_TYPE)
VALUES ('f28d25be00ec49019bdb300d46c79382', 0, '88553d3386ff42ba9a1ca296a1e2e246', 'custDate1', 'CUST_DATE1', 'DATE', 'CUSTOM_FIELD_DATE1', 0, 'date', '', '', '', '', '', '', '', 0, NULL, NULL, NULL, NULL, '', '', 'system', systimestamp, '18', 0, 'entity.commitAttachment.custDate1', '', '', '', '', '', '');
INSERT INTO CNT_FIELD_DEFINITION
 (ID, REVISION, PARENT_ID, FIELD_ID, COLUMN_NAME, COLUMN_TYPE, REPORT_COLUMN_NAME, PRODUCT_FIELD, FIELD_TYPE, ENTITY_LOOKUP, ENTITY_LOOKUP_KEY, ORDER_BY, GENERATOR, REFER_TABLE, KEY_COLUMN, LOOKUP_COLUMN, MANDATORY, MIN_LENGTH, MAX_LENGTH, MIN_VALUE, MAX_VALUE, CONSTANT_VALUE, UNIQUE_KEY, CREATE_USER, CREATED_ON, LINE_NO, MANAGED, FIELD_PATH, DATA_TYPE, DATA1, DATA2, TRANSITIVE_FIELDS, FORMULA, ENTITY_LOOKUP_TYPE)
VALUES ('257acc9f62ab4850a55bdf708e6e4343', 0, '88553d3386ff42ba9a1ca296a1e2e246', 'custDate2', 'CUST_DATE2', 'DATE', 'CUSTOM_FIELD_DATE2', 0, 'date', '', '', '', '', '', '', '', 0, NULL, NULL, NULL, NULL, '', '', 'system', systimestamp, '19', 0, 'entity.commitAttachment.custDate2', '', '', '', '', '', '');
INSERT INTO CNT_FIELD_DEFINITION
 (ID, REVISION, PARENT_ID, FIELD_ID, COLUMN_NAME, COLUMN_TYPE, REPORT_COLUMN_NAME, PRODUCT_FIELD, FIELD_TYPE, ENTITY_LOOKUP, ENTITY_LOOKUP_KEY, ORDER_BY, GENERATOR, REFER_TABLE, KEY_COLUMN, LOOKUP_COLUMN, MANDATORY, MIN_LENGTH, MAX_LENGTH, MIN_VALUE, MAX_VALUE, CONSTANT_VALUE, UNIQUE_KEY, CREATE_USER, CREATED_ON, LINE_NO, MANAGED, FIELD_PATH, DATA_TYPE, DATA1, DATA2, TRANSITIVE_FIELDS, FORMULA, ENTITY_LOOKUP_TYPE)
VALUES ('9155572406ea43f7bda431f10a59fc2a', 0, '88553d3386ff42ba9a1ca296a1e2e246', 'custDate3', 'CUST_DATE3', 'DATE', 'CUSTOM_FIELD_DATE3', 0, 'date', '', '', '', '', '', '', '', 0, NULL, NULL, NULL, NULL, '', '', 'system', systimestamp, '20', 0, 'entity.commitAttachment.custDate3', '', '', '', '', '', '');
INSERT INTO CNT_FIELD_DEFINITION
 (ID, REVISION, PARENT_ID, FIELD_ID, COLUMN_NAME, COLUMN_TYPE, REPORT_COLUMN_NAME, PRODUCT_FIELD, FIELD_TYPE, ENTITY_LOOKUP, ENTITY_LOOKUP_KEY, ORDER_BY, GENERATOR, REFER_TABLE, KEY_COLUMN, LOOKUP_COLUMN, MANDATORY, MIN_LENGTH, MAX_LENGTH, MIN_VALUE, MAX_VALUE, CONSTANT_VALUE, UNIQUE_KEY, CREATE_USER, CREATED_ON, LINE_NO, MANAGED, FIELD_PATH, DATA_TYPE, DATA1, DATA2, TRANSITIVE_FIELDS, FORMULA, ENTITY_LOOKUP_TYPE)
VALUES ('c8e2dd96ef67452eb215d86bb6dc99fe', 0, '88553d3386ff42ba9a1ca296a1e2e246', 'custDate4', 'CUST_DATE4', 'DATE', 'CUSTOM_FIELD_DATE4', 0, 'date', '', '', '', '', '', '', '', 0, NULL, NULL, NULL, NULL, '', '', 'system', systimestamp, '21', 0, 'entity.commitAttachment.custDate4', '', '', '', '', '', '');
INSERT INTO CNT_FIELD_DEFINITION
 (ID, REVISION, PARENT_ID, FIELD_ID, COLUMN_NAME, COLUMN_TYPE, REPORT_COLUMN_NAME, PRODUCT_FIELD, FIELD_TYPE, ENTITY_LOOKUP, ENTITY_LOOKUP_KEY, ORDER_BY, GENERATOR, REFER_TABLE, KEY_COLUMN, LOOKUP_COLUMN, MANDATORY, MIN_LENGTH, MAX_LENGTH, MIN_VALUE, MAX_VALUE, CONSTANT_VALUE, UNIQUE_KEY, CREATE_USER, CREATED_ON, LINE_NO, MANAGED, FIELD_PATH, DATA_TYPE, DATA1, DATA2, TRANSITIVE_FIELDS, FORMULA, ENTITY_LOOKUP_TYPE)
VALUES ('1cd14935e1cd4fa9998a25518e183cbf', 0, '88553d3386ff42ba9a1ca296a1e2e246', 'custDate5', 'CUST_DATE5', 'DATE', 'CUSTOM_FIELD_DATE5', 0, 'date', '', '', '', '', '', '', '', 0, NULL, NULL, NULL, NULL, '', '', 'system', systimestamp, '22', 0, 'entity.commitAttachment.custDate5', '', '', '', '', '', '');
INSERT INTO CNT_FIELD_DEFINITION
 (ID, REVISION, PARENT_ID, FIELD_ID, COLUMN_NAME, COLUMN_TYPE, REPORT_COLUMN_NAME, PRODUCT_FIELD, FIELD_TYPE, ENTITY_LOOKUP, ENTITY_LOOKUP_KEY, ORDER_BY, GENERATOR, REFER_TABLE, KEY_COLUMN, LOOKUP_COLUMN, MANDATORY, MIN_LENGTH, MAX_LENGTH, MIN_VALUE, MAX_VALUE, CONSTANT_VALUE, UNIQUE_KEY, CREATE_USER, CREATED_ON, LINE_NO, MANAGED, FIELD_PATH, DATA_TYPE, DATA1, DATA2, TRANSITIVE_FIELDS, FORMULA, ENTITY_LOOKUP_TYPE)
VALUES ('82d029281d8b4aa9830808fefb629d2e', 0, '88553d3386ff42ba9a1ca296a1e2e246', 'custDate6', 'CUST_DATE6', 'DATE', 'CUSTOM_FIELD_DATE6', 0, 'date', '', '', '', '', '', '', '', 0, NULL, NULL, NULL, NULL, '', '', 'system', systimestamp, '23', 0, 'entity.commitAttachment.custDate6', '', '', '', '', '', '');
INSERT INTO CNT_FIELD_DEFINITION
 (ID, REVISION, PARENT_ID, FIELD_ID, COLUMN_NAME, COLUMN_TYPE, REPORT_COLUMN_NAME, PRODUCT_FIELD, FIELD_TYPE, ENTITY_LOOKUP, ENTITY_LOOKUP_KEY, ORDER_BY, GENERATOR, REFER_TABLE, KEY_COLUMN, LOOKUP_COLUMN, MANDATORY, MIN_LENGTH, MAX_LENGTH, MIN_VALUE, MAX_VALUE, CONSTANT_VALUE, UNIQUE_KEY, CREATE_USER, CREATED_ON, LINE_NO, MANAGED, FIELD_PATH, DATA_TYPE, DATA1, DATA2, TRANSITIVE_FIELDS, FORMULA, ENTITY_LOOKUP_TYPE)
VALUES ('d081a5611fc54c88be3febd27d767285', 0, '88553d3386ff42ba9a1ca296a1e2e246', 'custDate7', 'CUST_DATE7', 'DATE', 'CUSTOM_FIELD_DATE7', 0, 'date', '', '', '', '', '', '', '', 0, NULL, NULL, NULL, NULL, '', '', 'system', systimestamp, '24', 0, 'entity.commitAttachment.custDate7', '', '', '', '', '', '');
INSERT INTO CNT_FIELD_DEFINITION
 (ID, REVISION, PARENT_ID, FIELD_ID, COLUMN_NAME, COLUMN_TYPE, REPORT_COLUMN_NAME, PRODUCT_FIELD, FIELD_TYPE, ENTITY_LOOKUP, ENTITY_LOOKUP_KEY, ORDER_BY, GENERATOR, REFER_TABLE, KEY_COLUMN, LOOKUP_COLUMN, MANDATORY, MIN_LENGTH, MAX_LENGTH, MIN_VALUE, MAX_VALUE, CONSTANT_VALUE, UNIQUE_KEY, CREATE_USER, CREATED_ON, LINE_NO, MANAGED, FIELD_PATH, DATA_TYPE, DATA1, DATA2, TRANSITIVE_FIELDS, FORMULA, ENTITY_LOOKUP_TYPE)
VALUES ('af680601fc4c46be87307d7098cd796b', 0, '88553d3386ff42ba9a1ca296a1e2e246', 'custNumber1', 'CUST_NUMBER1', 'NUMBER(20, 0)', 'CUSTOM_FIELD_NUMBER1', 0, 'integer', '', '', '', '', '', '', '', 0, NULL, 18, NULL, NULL, '', '', 'system', systimestamp, '25', 0, 'entity.commitAttachment.custNumber1', '', '', '', '', '', '');
INSERT INTO CNT_FIELD_DEFINITION
 (ID, REVISION, PARENT_ID, FIELD_ID, COLUMN_NAME, COLUMN_TYPE, REPORT_COLUMN_NAME, PRODUCT_FIELD, FIELD_TYPE, ENTITY_LOOKUP, ENTITY_LOOKUP_KEY, ORDER_BY, GENERATOR, REFER_TABLE, KEY_COLUMN, LOOKUP_COLUMN, MANDATORY, MIN_LENGTH, MAX_LENGTH, MIN_VALUE, MAX_VALUE, CONSTANT_VALUE, UNIQUE_KEY, CREATE_USER, CREATED_ON, LINE_NO, MANAGED, FIELD_PATH, DATA_TYPE, DATA1, DATA2, TRANSITIVE_FIELDS, FORMULA, ENTITY_LOOKUP_TYPE)
VALUES ('9ebe472ba783479c90a2e4c60d3b1f3c', 0, '88553d3386ff42ba9a1ca296a1e2e246', 'custNumber2', 'CUST_NUMBER2', 'NUMBER(20, 0)', 'CUSTOM_FIELD_NUMBER2', 0, 'integer', '', '', '', '', '', '', '', 0, NULL, 18, NULL, NULL, '', '', 'system', systimestamp, '26', 0, 'entity.commitAttachment.custNumber2', '', '', '', '', '', '');
INSERT INTO CNT_FIELD_DEFINITION
 (ID, REVISION, PARENT_ID, FIELD_ID, COLUMN_NAME, COLUMN_TYPE, REPORT_COLUMN_NAME, PRODUCT_FIELD, FIELD_TYPE, ENTITY_LOOKUP, ENTITY_LOOKUP_KEY, ORDER_BY, GENERATOR, REFER_TABLE, KEY_COLUMN, LOOKUP_COLUMN, MANDATORY, MIN_LENGTH, MAX_LENGTH, MIN_VALUE, MAX_VALUE, CONSTANT_VALUE, UNIQUE_KEY, CREATE_USER, CREATED_ON, LINE_NO, MANAGED, FIELD_PATH, DATA_TYPE, DATA1, DATA2, TRANSITIVE_FIELDS, FORMULA, ENTITY_LOOKUP_TYPE)
VALUES ('0491ddaf26c346b19ca9a1663c7a7161', 0, '88553d3386ff42ba9a1ca296a1e2e246', 'custNumber3', 'CUST_NUMBER3', 'NUMBER(20, 0)', 'CUSTOM_FIELD_NUMBER3', 0, 'integer', '', '', '', '', '', '', '', 0, NULL, 18, NULL, NULL, '', '', 'system', systimestamp, '27', 0, 'entity.commitAttachment.custNumber3', '', '', '', '', '', '');
INSERT INTO CNT_FIELD_DEFINITION
 (ID, REVISION, PARENT_ID, FIELD_ID, COLUMN_NAME, COLUMN_TYPE, REPORT_COLUMN_NAME, PRODUCT_FIELD, FIELD_TYPE, ENTITY_LOOKUP, ENTITY_LOOKUP_KEY, ORDER_BY, GENERATOR, REFER_TABLE, KEY_COLUMN, LOOKUP_COLUMN, MANDATORY, MIN_LENGTH, MAX_LENGTH, MIN_VALUE, MAX_VALUE, CONSTANT_VALUE, UNIQUE_KEY, CREATE_USER, CREATED_ON, LINE_NO, MANAGED, FIELD_PATH, DATA_TYPE, DATA1, DATA2, TRANSITIVE_FIELDS, FORMULA, ENTITY_LOOKUP_TYPE)
VALUES ('682f011d4dce4ae09ce2ca84316d50cf', 0, '88553d3386ff42ba9a1ca296a1e2e246', 'custNumber4', 'CUST_NUMBER4', 'NUMBER(20, 0)', 'CUSTOM_FIELD_NUMBER4', 0, 'integer', '', '', '', '', '', '', '', 0, NULL, 18, NULL, NULL, '', '', 'system', systimestamp, '28', 0, 'entity.commitAttachment.custNumber4', '', '', '', '', '', '');
INSERT INTO CNT_FIELD_DEFINITION
 (ID, REVISION, PARENT_ID, FIELD_ID, COLUMN_NAME, COLUMN_TYPE, REPORT_COLUMN_NAME, PRODUCT_FIELD, FIELD_TYPE, ENTITY_LOOKUP, ENTITY_LOOKUP_KEY, ORDER_BY, GENERATOR, REFER_TABLE, KEY_COLUMN, LOOKUP_COLUMN, MANDATORY, MIN_LENGTH, MAX_LENGTH, MIN_VALUE, MAX_VALUE, CONSTANT_VALUE, UNIQUE_KEY, CREATE_USER, CREATED_ON, LINE_NO, MANAGED, FIELD_PATH, DATA_TYPE, DATA1, DATA2, TRANSITIVE_FIELDS, FORMULA, ENTITY_LOOKUP_TYPE)
VALUES ('13d047892c98455bbc30737d8d6acfa0', 0, '88553d3386ff42ba9a1ca296a1e2e246', 'custNumber5', 'CUST_NUMBER5', 'NUMBER(20, 0)', 'CUSTOM_FIELD_NUMBER5', 0, 'integer', '', '', '', '', '', '', '', 0, NULL, 18, NULL, NULL, '', '', 'system', systimestamp, '29', 0, 'entity.commitAttachment.custNumber5', '', '', '', '', '', '');
INSERT INTO CNT_FIELD_DEFINITION
 (ID, REVISION, PARENT_ID, FIELD_ID, COLUMN_NAME, COLUMN_TYPE, REPORT_COLUMN_NAME, PRODUCT_FIELD, FIELD_TYPE, ENTITY_LOOKUP, ENTITY_LOOKUP_KEY, ORDER_BY, GENERATOR, REFER_TABLE, KEY_COLUMN, LOOKUP_COLUMN, MANDATORY, MIN_LENGTH, MAX_LENGTH, MIN_VALUE, MAX_VALUE, CONSTANT_VALUE, UNIQUE_KEY, CREATE_USER, CREATED_ON, LINE_NO, MANAGED, FIELD_PATH, DATA_TYPE, DATA1, DATA2, TRANSITIVE_FIELDS, FORMULA, ENTITY_LOOKUP_TYPE)
VALUES ('5964099c99d945ec8181de1a3fa8f52f', 0, '88553d3386ff42ba9a1ca296a1e2e246', 'custNumber6', 'CUST_NUMBER6', 'NUMBER(20, 0)', 'CUSTOM_FIELD_NUMBER6', 0, 'integer', '', '', '', '', '', '', '', 0, NULL, 18, NULL, NULL, '', '', 'system', systimestamp, '30', 0, 'entity.commitAttachment.custNumber6', '', '', '', '', '', '');
INSERT INTO CNT_FIELD_DEFINITION
 (ID, REVISION, PARENT_ID, FIELD_ID, COLUMN_NAME, COLUMN_TYPE, REPORT_COLUMN_NAME, PRODUCT_FIELD, FIELD_TYPE, ENTITY_LOOKUP, ENTITY_LOOKUP_KEY, ORDER_BY, GENERATOR, REFER_TABLE, KEY_COLUMN, LOOKUP_COLUMN, MANDATORY, MIN_LENGTH, MAX_LENGTH, MIN_VALUE, MAX_VALUE, CONSTANT_VALUE, UNIQUE_KEY, CREATE_USER, CREATED_ON, LINE_NO, MANAGED, FIELD_PATH, DATA_TYPE, DATA1, DATA2, TRANSITIVE_FIELDS, FORMULA, ENTITY_LOOKUP_TYPE)
VALUES ('b36467cca714484283d1a164f2fb94ab', 0, '88553d3386ff42ba9a1ca296a1e2e246', 'custNumber7', 'CUST_NUMBER7', 'NUMBER(20, 0)', 'CUSTOM_FIELD_NUMBER7', 0, 'integer', '', '', '', '', '', '', '', 0, NULL, 18, NULL, NULL, '', '', 'system', systimestamp, '31', 0, 'entity.commitAttachment.custNumber7', '', '', '', '', '', '');
INSERT INTO CNT_FIELD_DEFINITION
 (ID, REVISION, PARENT_ID, FIELD_ID, COLUMN_NAME, COLUMN_TYPE, REPORT_COLUMN_NAME, PRODUCT_FIELD, FIELD_TYPE, ENTITY_LOOKUP, ENTITY_LOOKUP_KEY, ORDER_BY, GENERATOR, REFER_TABLE, KEY_COLUMN, LOOKUP_COLUMN, MANDATORY, MIN_LENGTH, MAX_LENGTH, MIN_VALUE, MAX_VALUE, CONSTANT_VALUE, UNIQUE_KEY, CREATE_USER, CREATED_ON, LINE_NO, MANAGED, FIELD_PATH, DATA_TYPE, DATA1, DATA2, TRANSITIVE_FIELDS, FORMULA, ENTITY_LOOKUP_TYPE)
VALUES ('0368a66f165b4ec792361973d5fcef40', 0, '88553d3386ff42ba9a1ca296a1e2e246', 'custDecimal1', 'CUST_DECIMAL1', 'NUMBER(25, 5)', 'CUSTOM_FIELD_DECIMAL1', 0, 'decimal-rate', '', '', '', '', '', '', '', 0, NULL, 20, NULL, NULL, '', '', 'system', systimestamp, '32', 0, 'entity.commitAttachment.custDecimal1', '', '', '', '', '', '');
INSERT INTO CNT_FIELD_DEFINITION
 (ID, REVISION, PARENT_ID, FIELD_ID, COLUMN_NAME, COLUMN_TYPE, REPORT_COLUMN_NAME, PRODUCT_FIELD, FIELD_TYPE, ENTITY_LOOKUP, ENTITY_LOOKUP_KEY, ORDER_BY, GENERATOR, REFER_TABLE, KEY_COLUMN, LOOKUP_COLUMN, MANDATORY, MIN_LENGTH, MAX_LENGTH, MIN_VALUE, MAX_VALUE, CONSTANT_VALUE, UNIQUE_KEY, CREATE_USER, CREATED_ON, LINE_NO, MANAGED, FIELD_PATH, DATA_TYPE, DATA1, DATA2, TRANSITIVE_FIELDS, FORMULA, ENTITY_LOOKUP_TYPE)
VALUES ('3159e0677e164d7b9d2c58d955dfb643', 0, '88553d3386ff42ba9a1ca296a1e2e246', 'custDecimal2', 'CUST_DECIMAL2', 'NUMBER(25, 5)', 'CUSTOM_FIELD_DECIMAL2', 0, 'decimal-rate', '', '', '', '', '', '', '', 0, NULL, 20, NULL, NULL, '', '', 'system', systimestamp, '33', 0, 'entity.commitAttachment.custDecimal2', '', '', '', '', '', '');
INSERT INTO CNT_FIELD_DEFINITION
 (ID, REVISION, PARENT_ID, FIELD_ID, COLUMN_NAME, COLUMN_TYPE, REPORT_COLUMN_NAME, PRODUCT_FIELD, FIELD_TYPE, ENTITY_LOOKUP, ENTITY_LOOKUP_KEY, ORDER_BY, GENERATOR, REFER_TABLE, KEY_COLUMN, LOOKUP_COLUMN, MANDATORY, MIN_LENGTH, MAX_LENGTH, MIN_VALUE, MAX_VALUE, CONSTANT_VALUE, UNIQUE_KEY, CREATE_USER, CREATED_ON, LINE_NO, MANAGED, FIELD_PATH, DATA_TYPE, DATA1, DATA2, TRANSITIVE_FIELDS, FORMULA, ENTITY_LOOKUP_TYPE)
VALUES ('f71d075c8d4749aea6621267d58a3296', 0, '88553d3386ff42ba9a1ca296a1e2e246', 'custDecimal3', 'CUST_DECIMAL3', 'NUMBER(25, 5)', 'CUSTOM_FIELD_DECIMAL3', 0, 'decimal-rate', '', '', '', '', '', '', '', 0, NULL, 20, NULL, NULL, '', '', 'system', systimestamp, '34', 0, 'entity.commitAttachment.custDecimal3', '', '', '', '', '', '');
INSERT INTO CNT_FIELD_DEFINITION
 (ID, REVISION, PARENT_ID, FIELD_ID, COLUMN_NAME, COLUMN_TYPE, REPORT_COLUMN_NAME, PRODUCT_FIELD, FIELD_TYPE, ENTITY_LOOKUP, ENTITY_LOOKUP_KEY, ORDER_BY, GENERATOR, REFER_TABLE, KEY_COLUMN, LOOKUP_COLUMN, MANDATORY, MIN_LENGTH, MAX_LENGTH, MIN_VALUE, MAX_VALUE, CONSTANT_VALUE, UNIQUE_KEY, CREATE_USER, CREATED_ON, LINE_NO, MANAGED, FIELD_PATH, DATA_TYPE, DATA1, DATA2, TRANSITIVE_FIELDS, FORMULA, ENTITY_LOOKUP_TYPE)
VALUES ('88e61fe66cac47a2a9772a275eaad14e', 0, '88553d3386ff42ba9a1ca296a1e2e246', 'custDecimal4', 'CUST_DECIMAL4', 'NUMBER(25, 5)', 'CUSTOM_FIELD_DECIMAL4', 0, 'decimal-rate', '', '', '', '', '', '', '', 0, NULL, 20, NULL, NULL, '', '', 'system', systimestamp, '35', 0, 'entity.commitAttachment.custDecimal4', '', '', '', '', '', '');
INSERT INTO CNT_FIELD_DEFINITION
 (ID, REVISION, PARENT_ID, FIELD_ID, COLUMN_NAME, COLUMN_TYPE, REPORT_COLUMN_NAME, PRODUCT_FIELD, FIELD_TYPE, ENTITY_LOOKUP, ENTITY_LOOKUP_KEY, ORDER_BY, GENERATOR, REFER_TABLE, KEY_COLUMN, LOOKUP_COLUMN, MANDATORY, MIN_LENGTH, MAX_LENGTH, MIN_VALUE, MAX_VALUE, CONSTANT_VALUE, UNIQUE_KEY, CREATE_USER, CREATED_ON, LINE_NO, MANAGED, FIELD_PATH, DATA_TYPE, DATA1, DATA2, TRANSITIVE_FIELDS, FORMULA, ENTITY_LOOKUP_TYPE)
VALUES ('7f9a8c741aa84a859cbcffe1a21c547a', 0, '88553d3386ff42ba9a1ca296a1e2e246', 'custDecimal5', 'CUST_DECIMAL5', 'NUMBER(25, 5)', 'CUSTOM_FIELD_DECIMAL5', 0, 'decimal-rate', '', '', '', '', '', '', '', 0, NULL, 20, NULL, NULL, '', '', 'system', systimestamp, '36', 0, 'entity.commitAttachment.custDecimal5', '', '', '', '', '', '');
INSERT INTO CNT_FIELD_DEFINITION
 (ID, REVISION, PARENT_ID, FIELD_ID, COLUMN_NAME, COLUMN_TYPE, REPORT_COLUMN_NAME, PRODUCT_FIELD, FIELD_TYPE, ENTITY_LOOKUP, ENTITY_LOOKUP_KEY, ORDER_BY, GENERATOR, REFER_TABLE, KEY_COLUMN, LOOKUP_COLUMN, MANDATORY, MIN_LENGTH, MAX_LENGTH, MIN_VALUE, MAX_VALUE, CONSTANT_VALUE, UNIQUE_KEY, CREATE_USER, CREATED_ON, LINE_NO, MANAGED, FIELD_PATH, DATA_TYPE, DATA1, DATA2, TRANSITIVE_FIELDS, FORMULA, ENTITY_LOOKUP_TYPE)
VALUES ('d9ac1a883cd948fba940867c79ef3682', 0, '88553d3386ff42ba9a1ca296a1e2e246', 'custDecimal6', 'CUST_DECIMAL6', 'NUMBER(25, 5)', 'CUSTOM_FIELD_DECIMAL6', 0, 'decimal-rate', '', '', '', '', '', '', '', 0, NULL, 20, NULL, NULL, '', '', 'system', systimestamp, '37', 0, 'entity.commitAttachment.custDecimal6', '', '', '', '', '', '');
INSERT INTO CNT_FIELD_DEFINITION
 (ID, REVISION, PARENT_ID, FIELD_ID, COLUMN_NAME, COLUMN_TYPE, REPORT_COLUMN_NAME, PRODUCT_FIELD, FIELD_TYPE, ENTITY_LOOKUP, ENTITY_LOOKUP_KEY, ORDER_BY, GENERATOR, REFER_TABLE, KEY_COLUMN, LOOKUP_COLUMN, MANDATORY, MIN_LENGTH, MAX_LENGTH, MIN_VALUE, MAX_VALUE, CONSTANT_VALUE, UNIQUE_KEY, CREATE_USER, CREATED_ON, LINE_NO, MANAGED, FIELD_PATH, DATA_TYPE, DATA1, DATA2, TRANSITIVE_FIELDS, FORMULA, ENTITY_LOOKUP_TYPE)
VALUES ('e4ff139d2066436ab9b81e27f3e993ba', 0, '88553d3386ff42ba9a1ca296a1e2e246', 'custDecimal7', 'CUST_DECIMAL7', 'NUMBER(25, 5)', 'CUSTOM_FIELD_DECIMAL7', 0, 'decimal-rate', '', '', '', '', '', '', '', 0, NULL, 20, NULL, NULL, '', '', 'system', systimestamp, '38', 0, 'entity.commitAttachment.custDecimal7', '', '', '', '', '', '');
INSERT INTO CNT_FIELD_DEFINITION
 (ID, REVISION, PARENT_ID, FIELD_ID, COLUMN_NAME, COLUMN_TYPE, REPORT_COLUMN_NAME, PRODUCT_FIELD, FIELD_TYPE, ENTITY_LOOKUP, ENTITY_LOOKUP_KEY, ORDER_BY, GENERATOR, REFER_TABLE, KEY_COLUMN, LOOKUP_COLUMN, MANDATORY, MIN_LENGTH, MAX_LENGTH, MIN_VALUE, MAX_VALUE, CONSTANT_VALUE, UNIQUE_KEY, CREATE_USER, CREATED_ON, LINE_NO, MANAGED, FIELD_PATH, DATA_TYPE, DATA1, DATA2, TRANSITIVE_FIELDS, FORMULA, ENTITY_LOOKUP_TYPE)
VALUES ('4eebdc6cfa364a2b892fab91d1dbe14b', 0, '88553d3386ff42ba9a1ca296a1e2e246', 'custCodelist1', 'CUST_CODELIST1', 'NVARCHAR2(400)', 'CUSTOM_FIELD_CODE_LIST_CODE1', 0, 'string-m', '', '', '', '', '', '', '', 0, NULL, 400, NULL, NULL, '', '', 'system', systimestamp, '39', 0, 'entity.commitAttachment.custCodelist1', 'codelist', '', '', '', '', '');
INSERT INTO CNT_FIELD_DEFINITION
 (ID, REVISION, PARENT_ID, FIELD_ID, COLUMN_NAME, COLUMN_TYPE, REPORT_COLUMN_NAME, PRODUCT_FIELD, FIELD_TYPE, ENTITY_LOOKUP, ENTITY_LOOKUP_KEY, ORDER_BY, GENERATOR, REFER_TABLE, KEY_COLUMN, LOOKUP_COLUMN, MANDATORY, MIN_LENGTH, MAX_LENGTH, MIN_VALUE, MAX_VALUE, CONSTANT_VALUE, UNIQUE_KEY, CREATE_USER, CREATED_ON, LINE_NO, MANAGED, FIELD_PATH, DATA_TYPE, DATA1, DATA2, TRANSITIVE_FIELDS, FORMULA, ENTITY_LOOKUP_TYPE)
VALUES ('02da0effd6504dbd8d7e4571167d07cf', 0, '88553d3386ff42ba9a1ca296a1e2e246', 'custCodelist2', 'CUST_CODELIST2', 'NVARCHAR2(400)', 'CUSTOM_FIELD_CODE_LIST_CODE2', 0, 'string-m', '', '', '', '', '', '', '', 0, NULL, 400, NULL, NULL, '', '', 'system', systimestamp, '40', 0, 'entity.commitAttachment.custCodelist2', 'codelist', '', '', '', '', '');
INSERT INTO CNT_FIELD_DEFINITION
 (ID, REVISION, PARENT_ID, FIELD_ID, COLUMN_NAME, COLUMN_TYPE, REPORT_COLUMN_NAME, PRODUCT_FIELD, FIELD_TYPE, ENTITY_LOOKUP, ENTITY_LOOKUP_KEY, ORDER_BY, GENERATOR, REFER_TABLE, KEY_COLUMN, LOOKUP_COLUMN, MANDATORY, MIN_LENGTH, MAX_LENGTH, MIN_VALUE, MAX_VALUE, CONSTANT_VALUE, UNIQUE_KEY, CREATE_USER, CREATED_ON, LINE_NO, MANAGED, FIELD_PATH, DATA_TYPE, DATA1, DATA2, TRANSITIVE_FIELDS, FORMULA, ENTITY_LOOKUP_TYPE)
VALUES ('d6a2221e877d4dd19a06f3f5c8622e88', 0, '88553d3386ff42ba9a1ca296a1e2e246', 'custCodelist3', 'CUST_CODELIST3', 'NVARCHAR2(400)', 'CUSTOM_FIELD_CODE_LIST_CODE3', 0, 'string-m', '', '', '', '', '', '', '', 0, NULL, 400, NULL, NULL, '', '', 'system', systimestamp, '41', 0, 'entity.commitAttachment.custCodelist3', 'codelist', '', '', '', '', '');
INSERT INTO CNT_FIELD_DEFINITION
 (ID, REVISION, PARENT_ID, FIELD_ID, COLUMN_NAME, COLUMN_TYPE, REPORT_COLUMN_NAME, PRODUCT_FIELD, FIELD_TYPE, ENTITY_LOOKUP, ENTITY_LOOKUP_KEY, ORDER_BY, GENERATOR, REFER_TABLE, KEY_COLUMN, LOOKUP_COLUMN, MANDATORY, MIN_LENGTH, MAX_LENGTH, MIN_VALUE, MAX_VALUE, CONSTANT_VALUE, UNIQUE_KEY, CREATE_USER, CREATED_ON, LINE_NO, MANAGED, FIELD_PATH, DATA_TYPE, DATA1, DATA2, TRANSITIVE_FIELDS, FORMULA, ENTITY_LOOKUP_TYPE)
VALUES ('e983fb78dd8347289f26cc43603c5143', 0, '88553d3386ff42ba9a1ca296a1e2e246', 'custCodelist4', 'CUST_CODELIST4', 'NVARCHAR2(400)', 'CUSTOM_FIELD_CODE_LIST_CODE4', 0, 'string-m', '', '', '', '', '', '', '', 0, NULL, 400, NULL, NULL, '', '', 'system', systimestamp, '42', 0, 'entity.commitAttachment.custCodelist4', 'codelist', '', '', '', '', '');
INSERT INTO CNT_FIELD_DEFINITION
 (ID, REVISION, PARENT_ID, FIELD_ID, COLUMN_NAME, COLUMN_TYPE, REPORT_COLUMN_NAME, PRODUCT_FIELD, FIELD_TYPE, ENTITY_LOOKUP, ENTITY_LOOKUP_KEY, ORDER_BY, GENERATOR, REFER_TABLE, KEY_COLUMN, LOOKUP_COLUMN, MANDATORY, MIN_LENGTH, MAX_LENGTH, MIN_VALUE, MAX_VALUE, CONSTANT_VALUE, UNIQUE_KEY, CREATE_USER, CREATED_ON, LINE_NO, MANAGED, FIELD_PATH, DATA_TYPE, DATA1, DATA2, TRANSITIVE_FIELDS, FORMULA, ENTITY_LOOKUP_TYPE)
VALUES ('1eb1506fb066477c9371226f1f8c578c', 0, '88553d3386ff42ba9a1ca296a1e2e246', 'custCodelist5', 'CUST_CODELIST5', 'NVARCHAR2(400)', 'CUSTOM_FIELD_CODE_LIST_CODE5', 0, 'string-m', '', '', '', '', '', '', '', 0, NULL, 400, NULL, NULL, '', '', 'system', systimestamp, '43', 0, 'entity.commitAttachment.custCodelist5', 'codelist', '', '', '', '', '');
INSERT INTO CNT_FIELD_DEFINITION
 (ID, REVISION, PARENT_ID, FIELD_ID, COLUMN_NAME, COLUMN_TYPE, REPORT_COLUMN_NAME, PRODUCT_FIELD, FIELD_TYPE, ENTITY_LOOKUP, ENTITY_LOOKUP_KEY, ORDER_BY, GENERATOR, REFER_TABLE, KEY_COLUMN, LOOKUP_COLUMN, MANDATORY, MIN_LENGTH, MAX_LENGTH, MIN_VALUE, MAX_VALUE, CONSTANT_VALUE, UNIQUE_KEY, CREATE_USER, CREATED_ON, LINE_NO, MANAGED, FIELD_PATH, DATA_TYPE, DATA1, DATA2, TRANSITIVE_FIELDS, FORMULA, ENTITY_LOOKUP_TYPE)
VALUES ('a6568ee17c494964b457d5bff95fe1b9', 0, '88553d3386ff42ba9a1ca296a1e2e246', 'custCodelist6', 'CUST_CODELIST6', 'NVARCHAR2(400)', 'CUSTOM_FIELD_CODE_LIST_CODE6', 0, 'string-m', '', '', '', '', '', '', '', 0, NULL, 400, NULL, NULL, '', '', 'system', systimestamp, '44', 0, 'entity.commitAttachment.custCodelist6', 'codelist', '', '', '', '', '');
INSERT INTO CNT_FIELD_DEFINITION
 (ID, REVISION, PARENT_ID, FIELD_ID, COLUMN_NAME, COLUMN_TYPE, REPORT_COLUMN_NAME, PRODUCT_FIELD, FIELD_TYPE, ENTITY_LOOKUP, ENTITY_LOOKUP_KEY, ORDER_BY, GENERATOR, REFER_TABLE, KEY_COLUMN, LOOKUP_COLUMN, MANDATORY, MIN_LENGTH, MAX_LENGTH, MIN_VALUE, MAX_VALUE, CONSTANT_VALUE, UNIQUE_KEY, CREATE_USER, CREATED_ON, LINE_NO, MANAGED, FIELD_PATH, DATA_TYPE, DATA1, DATA2, TRANSITIVE_FIELDS, FORMULA, ENTITY_LOOKUP_TYPE)
VALUES ('7acc8450825543cfa9f6f9ddb63f1e01', 0, '88553d3386ff42ba9a1ca296a1e2e246', 'custCodelist7', 'CUST_CODELIST7', 'NVARCHAR2(400)', 'CUSTOM_FIELD_CODE_LIST_CODE7', 0, 'string-m', '', '', '', '', '', '', '', 0, NULL, 400, NULL, NULL, '', '', 'system', systimestamp, '45', 0, 'entity.commitAttachment.custCodelist7', 'codelist', '', '', '', '', '');
INSERT INTO CNT_FIELD_DEFINITION
 (ID, REVISION, PARENT_ID, FIELD_ID, COLUMN_NAME, COLUMN_TYPE, REPORT_COLUMN_NAME, PRODUCT_FIELD, FIELD_TYPE, ENTITY_LOOKUP, ENTITY_LOOKUP_KEY, ORDER_BY, GENERATOR, REFER_TABLE, KEY_COLUMN, LOOKUP_COLUMN, MANDATORY, MIN_LENGTH, MAX_LENGTH, MIN_VALUE, MAX_VALUE, CONSTANT_VALUE, UNIQUE_KEY, CREATE_USER, CREATED_ON, LINE_NO, MANAGED, FIELD_PATH, DATA_TYPE, DATA1, DATA2, TRANSITIVE_FIELDS, FORMULA, ENTITY_LOOKUP_TYPE)
VALUES ('f035fc1456194edcb56181b2321d1919', 0, '88553d3386ff42ba9a1ca296a1e2e246', 'custMemoText1', 'CUST_MEMO_TEXT1', 'NVARCHAR2(1000)', 'CUSTOM_FIELD_MEMO_TEXT1', 0, 'string-l', '', '', '', '', '', '', '', 0, NULL, 1000, NULL, NULL, '', '', 'system', systimestamp, '46', 0, 'entity.commitAttachment.custMemoText1', '', '', '', '', '', '');
INSERT INTO CNT_FIELD_DEFINITION
 (ID, REVISION, PARENT_ID, FIELD_ID, COLUMN_NAME, COLUMN_TYPE, REPORT_COLUMN_NAME, PRODUCT_FIELD, FIELD_TYPE, ENTITY_LOOKUP, ENTITY_LOOKUP_KEY, ORDER_BY, GENERATOR, REFER_TABLE, KEY_COLUMN, LOOKUP_COLUMN, MANDATORY, MIN_LENGTH, MAX_LENGTH, MIN_VALUE, MAX_VALUE, CONSTANT_VALUE, UNIQUE_KEY, CREATE_USER, CREATED_ON, LINE_NO, MANAGED, FIELD_PATH, DATA_TYPE, DATA1, DATA2, TRANSITIVE_FIELDS, FORMULA, ENTITY_LOOKUP_TYPE)
VALUES ('1a5d46d474164bb88dfa585c9f9f24ab', 0, '88553d3386ff42ba9a1ca296a1e2e246', 'custMemoText2', 'CUST_MEMO_TEXT2', 'NVARCHAR2(1000)', 'CUSTOM_FIELD_MEMO_TEXT2', 0, 'string-l', '', '', '', '', '', '', '', 0, NULL, 1000, NULL, NULL, '', '', 'system', systimestamp, '47', 0, 'entity.commitAttachment.custMemoText2', '', '', '', '', '', '');
INSERT INTO CNT_FIELD_DEFINITION
 (ID, REVISION, PARENT_ID, FIELD_ID, COLUMN_NAME, COLUMN_TYPE, REPORT_COLUMN_NAME, PRODUCT_FIELD, FIELD_TYPE, ENTITY_LOOKUP, ENTITY_LOOKUP_KEY, ORDER_BY, GENERATOR, REFER_TABLE, KEY_COLUMN, LOOKUP_COLUMN, MANDATORY, MIN_LENGTH, MAX_LENGTH, MIN_VALUE, MAX_VALUE, CONSTANT_VALUE, UNIQUE_KEY, CREATE_USER, CREATED_ON, LINE_NO, MANAGED, FIELD_PATH, DATA_TYPE, DATA1, DATA2, TRANSITIVE_FIELDS, FORMULA, ENTITY_LOOKUP_TYPE)
VALUES ('11747252d00745d3bf9c2374f1d4ea78', 0, '88553d3386ff42ba9a1ca296a1e2e246', 'custMemoText3', 'CUST_MEMO_TEXT3', 'NVARCHAR2(1000)', 'CUSTOM_FIELD_MEMO_TEXT3', 0, 'string-l', '', '', '', '', '', '', '', 0, NULL, 1000, NULL, NULL, '', '', 'system', systimestamp, '48', 0, 'entity.commitAttachment.custMemoText3', '', '', '', '', '', '');
INSERT INTO CNT_FIELD_DEFINITION
 (ID, REVISION, PARENT_ID, FIELD_ID, COLUMN_NAME, COLUMN_TYPE, REPORT_COLUMN_NAME, PRODUCT_FIELD, FIELD_TYPE, ENTITY_LOOKUP, ENTITY_LOOKUP_KEY, ORDER_BY, GENERATOR, REFER_TABLE, KEY_COLUMN, LOOKUP_COLUMN, MANDATORY, MIN_LENGTH, MAX_LENGTH, MIN_VALUE, MAX_VALUE, CONSTANT_VALUE, UNIQUE_KEY, CREATE_USER, CREATED_ON, LINE_NO, MANAGED, FIELD_PATH, DATA_TYPE, DATA1, DATA2, TRANSITIVE_FIELDS, FORMULA, ENTITY_LOOKUP_TYPE)
VALUES ('ca5acee7e0af40b980996b87bad7c893', 0, '88553d3386ff42ba9a1ca296a1e2e246', 'custMemoText4', 'CUST_MEMO_TEXT4', 'NVARCHAR2(1000)', 'CUSTOM_FIELD_MEMO_TEXT4', 0, 'string-l', '', '', '', '', '', '', '', 0, NULL, 1000, NULL, NULL, '', '', 'system', systimestamp, '49', 0, 'entity.commitAttachment.custMemoText4', '', '', '', '', '', '');
INSERT INTO CNT_FIELD_DEFINITION
 (ID, REVISION, PARENT_ID, FIELD_ID, COLUMN_NAME, COLUMN_TYPE, REPORT_COLUMN_NAME, PRODUCT_FIELD, FIELD_TYPE, ENTITY_LOOKUP, ENTITY_LOOKUP_KEY, ORDER_BY, GENERATOR, REFER_TABLE, KEY_COLUMN, LOOKUP_COLUMN, MANDATORY, MIN_LENGTH, MAX_LENGTH, MIN_VALUE, MAX_VALUE, CONSTANT_VALUE, UNIQUE_KEY, CREATE_USER, CREATED_ON, LINE_NO, MANAGED, FIELD_PATH, DATA_TYPE, DATA1, DATA2, TRANSITIVE_FIELDS, FORMULA, ENTITY_LOOKUP_TYPE)
VALUES ('9fec41852fa24609a2e41b3e04e3b789', 0, '88553d3386ff42ba9a1ca296a1e2e246', 'custMemoText5', 'CUST_MEMO_TEXT5', 'NVARCHAR2(1000)', 'CUSTOM_FIELD_MEMO_TEXT5', 0, 'string-l', '', '', '', '', '', '', '', 0, NULL, 1000, NULL, NULL, '', '', 'system', systimestamp, '50', 0, 'entity.commitAttachment.custMemoText5', '', '', '', '', '', '');
INSERT INTO CNT_FIELD_DEFINITION
 (ID, REVISION, PARENT_ID, FIELD_ID, COLUMN_NAME, COLUMN_TYPE, REPORT_COLUMN_NAME, PRODUCT_FIELD, FIELD_TYPE, ENTITY_LOOKUP, ENTITY_LOOKUP_KEY, ORDER_BY, GENERATOR, REFER_TABLE, KEY_COLUMN, LOOKUP_COLUMN, MANDATORY, MIN_LENGTH, MAX_LENGTH, MIN_VALUE, MAX_VALUE, CONSTANT_VALUE, UNIQUE_KEY, CREATE_USER, CREATED_ON, LINE_NO, MANAGED, FIELD_PATH, DATA_TYPE, DATA1, DATA2, TRANSITIVE_FIELDS, FORMULA, ENTITY_LOOKUP_TYPE)
VALUES ('f62173ef72e846479a5a72cd00a514bc', 0, '88553d3386ff42ba9a1ca296a1e2e246', 'custMemoText6', 'CUST_MEMO_TEXT6', 'NVARCHAR2(1000)', 'CUSTOM_FIELD_MEMO_TEXT6', 0, 'string-l', '', '', '', '', '', '', '', 0, NULL, 1000, NULL, NULL, '', '', 'system', systimestamp, '51', 0, 'entity.commitAttachment.custMemoText6', '', '', '', '', '', '');
INSERT INTO CNT_FIELD_DEFINITION
 (ID, REVISION, PARENT_ID, FIELD_ID, COLUMN_NAME, COLUMN_TYPE, REPORT_COLUMN_NAME, PRODUCT_FIELD, FIELD_TYPE, ENTITY_LOOKUP, ENTITY_LOOKUP_KEY, ORDER_BY, GENERATOR, REFER_TABLE, KEY_COLUMN, LOOKUP_COLUMN, MANDATORY, MIN_LENGTH, MAX_LENGTH, MIN_VALUE, MAX_VALUE, CONSTANT_VALUE, UNIQUE_KEY, CREATE_USER, CREATED_ON, LINE_NO, MANAGED, FIELD_PATH, DATA_TYPE, DATA1, DATA2, TRANSITIVE_FIELDS, FORMULA, ENTITY_LOOKUP_TYPE)
VALUES ('997d8aeed3664d2b8cfabdaaf2ad6910', 0, '88553d3386ff42ba9a1ca296a1e2e246', 'custMemoText7', 'CUST_MEMO_TEXT7', 'NVARCHAR2(1000)', 'CUSTOM_FIELD_MEMO_TEXT7', 0, 'string-l', '', '', '', '', '', '', '', 0, NULL, 1000, NULL, NULL, '', '', 'system', systimestamp, '52', 0, 'entity.commitAttachment.custMemoText7', '', '', '', '', '', '');
INSERT INTO CNT_FIELD_DEFINITION
 (ID, REVISION, PARENT_ID, FIELD_ID, COLUMN_NAME, COLUMN_TYPE, REPORT_COLUMN_NAME, PRODUCT_FIELD, FIELD_TYPE, ENTITY_LOOKUP, ENTITY_LOOKUP_KEY, ORDER_BY, GENERATOR, REFER_TABLE, KEY_COLUMN, LOOKUP_COLUMN, MANDATORY, MIN_LENGTH, MAX_LENGTH, MIN_VALUE, MAX_VALUE, CONSTANT_VALUE, UNIQUE_KEY, CREATE_USER, CREATED_ON, LINE_NO, MANAGED, FIELD_PATH, DATA_TYPE, DATA1, DATA2, TRANSITIVE_FIELDS, FORMULA, ENTITY_LOOKUP_TYPE)
VALUES ('09ada54b7ab84babbb5fff95a1f28931', 0, '88553d3386ff42ba9a1ca296a1e2e246', 'custHcl1', 'CUST_HCL1_ID', 'CHAR(32)', 'CUSTOM_FIELD_HCL_CODE_SYS_ID1', 0, 'entity', 'HclNode', 'id', '', '', '', '', '', 0, 32, 32, NULL, NULL, '', '', 'system', systimestamp, '53', 0, 'entity.commitAttachment.custHcl1', '', '', '', '', '', '');
INSERT INTO CNT_FIELD_DEFINITION
 (ID, REVISION, PARENT_ID, FIELD_ID, COLUMN_NAME, COLUMN_TYPE, REPORT_COLUMN_NAME, PRODUCT_FIELD, FIELD_TYPE, ENTITY_LOOKUP, ENTITY_LOOKUP_KEY, ORDER_BY, GENERATOR, REFER_TABLE, KEY_COLUMN, LOOKUP_COLUMN, MANDATORY, MIN_LENGTH, MAX_LENGTH, MIN_VALUE, MAX_VALUE, CONSTANT_VALUE, UNIQUE_KEY, CREATE_USER, CREATED_ON, LINE_NO, MANAGED, FIELD_PATH, DATA_TYPE, DATA1, DATA2, TRANSITIVE_FIELDS, FORMULA, ENTITY_LOOKUP_TYPE)
VALUES ('b0c8b0418d7b4c6889864df479484f9e', 0, '88553d3386ff42ba9a1ca296a1e2e246', 'custHcl2', 'CUST_HCL2_ID', 'CHAR(32)', 'CUSTOM_FIELD_HCL_CODE_SYS_ID2', 0, 'entity', 'HclNode', 'id', '', '', '', '', '', 0, 32, 32, NULL, NULL, '', '', 'system', systimestamp, '54', 0, 'entity.commitAttachment.custHcl2', '', '', '', '', '', '');
INSERT INTO CNT_FIELD_DEFINITION
 (ID, REVISION, PARENT_ID, FIELD_ID, COLUMN_NAME, COLUMN_TYPE, REPORT_COLUMN_NAME, PRODUCT_FIELD, FIELD_TYPE, ENTITY_LOOKUP, ENTITY_LOOKUP_KEY, ORDER_BY, GENERATOR, REFER_TABLE, KEY_COLUMN, LOOKUP_COLUMN, MANDATORY, MIN_LENGTH, MAX_LENGTH, MIN_VALUE, MAX_VALUE, CONSTANT_VALUE, UNIQUE_KEY, CREATE_USER, CREATED_ON, LINE_NO, MANAGED, FIELD_PATH, DATA_TYPE, DATA1, DATA2, TRANSITIVE_FIELDS, FORMULA, ENTITY_LOOKUP_TYPE)
VALUES ('a84357f034cb467d8de4d706827cf69b', 0, '88553d3386ff42ba9a1ca296a1e2e246', 'custHcl3', 'CUST_HCL3_ID', 'CHAR(32)', 'CUSTOM_FIELD_HCL_CODE_SYS_ID3', 0, 'entity', 'HclNode', 'id', '', '', '', '', '', 0, 32, 32, NULL, NULL, '', '', 'system', systimestamp, '55', 0, 'entity.commitAttachment.custHcl3', '', '', '', '', '', '');
INSERT INTO CNT_FIELD_DEFINITION
 (ID, REVISION, PARENT_ID, FIELD_ID, COLUMN_NAME, COLUMN_TYPE, REPORT_COLUMN_NAME, PRODUCT_FIELD, FIELD_TYPE, ENTITY_LOOKUP, ENTITY_LOOKUP_KEY, ORDER_BY, GENERATOR, REFER_TABLE, KEY_COLUMN, LOOKUP_COLUMN, MANDATORY, MIN_LENGTH, MAX_LENGTH, MIN_VALUE, MAX_VALUE, CONSTANT_VALUE, UNIQUE_KEY, CREATE_USER, CREATED_ON, LINE_NO, MANAGED, FIELD_PATH, DATA_TYPE, DATA1, DATA2, TRANSITIVE_FIELDS, FORMULA, ENTITY_LOOKUP_TYPE)
VALUES ('f6bde8e1c3304cef93f39b8729224c43', 0, '88553d3386ff42ba9a1ca296a1e2e246', 'custHcl4', 'CUST_HCL4_ID', 'CHAR(32)', 'CUSTOM_FIELD_HCL_CODE_SYS_ID4', 0, 'entity', 'HclNode', 'id', '', '', '', '', '', 0, 32, 32, NULL, NULL, '', '', 'system', systimestamp, '56', 0, 'entity.commitAttachment.custHcl4', '', '', '', '', '', '');
INSERT INTO CNT_FIELD_DEFINITION
 (ID, REVISION, PARENT_ID, FIELD_ID, COLUMN_NAME, COLUMN_TYPE, REPORT_COLUMN_NAME, PRODUCT_FIELD, FIELD_TYPE, ENTITY_LOOKUP, ENTITY_LOOKUP_KEY, ORDER_BY, GENERATOR, REFER_TABLE, KEY_COLUMN, LOOKUP_COLUMN, MANDATORY, MIN_LENGTH, MAX_LENGTH, MIN_VALUE, MAX_VALUE, CONSTANT_VALUE, UNIQUE_KEY, CREATE_USER, CREATED_ON, LINE_NO, MANAGED, FIELD_PATH, DATA_TYPE, DATA1, DATA2, TRANSITIVE_FIELDS, FORMULA, ENTITY_LOOKUP_TYPE)
VALUES ('b0195bcda8724618acd592a32cd02ebc', 0, '88553d3386ff42ba9a1ca296a1e2e246', 'custHcl5', 'CUST_HCL5_ID', 'CHAR(32)', 'CUSTOM_FIELD_HCL_CODE_SYS_ID5', 0, 'entity', 'HclNode', 'id', '', '', '', '', '', 0, 32, 32, NULL, NULL, '', '', 'system', systimestamp, '57', 0, 'entity.commitAttachment.custHcl5', '', '', '', '', '', '');
INSERT INTO CNT_FIELD_DEFINITION
 (ID, REVISION, PARENT_ID, FIELD_ID, COLUMN_NAME, COLUMN_TYPE, REPORT_COLUMN_NAME, PRODUCT_FIELD, FIELD_TYPE, ENTITY_LOOKUP, ENTITY_LOOKUP_KEY, ORDER_BY, GENERATOR, REFER_TABLE, KEY_COLUMN, LOOKUP_COLUMN, MANDATORY, MIN_LENGTH, MAX_LENGTH, MIN_VALUE, MAX_VALUE, CONSTANT_VALUE, UNIQUE_KEY, CREATE_USER, CREATED_ON, LINE_NO, MANAGED, FIELD_PATH, DATA_TYPE, DATA1, DATA2, TRANSITIVE_FIELDS, FORMULA, ENTITY_LOOKUP_TYPE)
VALUES ('2ff51f1469854c09ae6e179cdef42fee', 0, '88553d3386ff42ba9a1ca296a1e2e246', 'fileRef', 'FILE_REF', 'NVARCHAR2(1000)', 'N/A', 1, 'string-l', '', '', '', '', '', '', '', 0, NULL, 1000, NULL, NULL, '', '', 'system', systimestamp, '58', 0, 'entity.commitAttachment.fileRef', '', '', '', '', '', '');
INSERT INTO CNT_FIELD_DEFINITION
 (ID, REVISION, PARENT_ID, FIELD_ID, COLUMN_NAME, COLUMN_TYPE, REPORT_COLUMN_NAME, PRODUCT_FIELD, FIELD_TYPE, ENTITY_LOOKUP, ENTITY_LOOKUP_KEY, ORDER_BY, GENERATOR, REFER_TABLE, KEY_COLUMN, LOOKUP_COLUMN, MANDATORY, MIN_LENGTH, MAX_LENGTH, MIN_VALUE, MAX_VALUE, CONSTANT_VALUE, UNIQUE_KEY, CREATE_USER, CREATED_ON, LINE_NO, MANAGED, FIELD_PATH, DATA_TYPE, DATA1, DATA2, TRANSITIVE_FIELDS, FORMULA, ENTITY_LOOKUP_TYPE)
VALUES ('0113a4d955584164a7ce915cbc0b215a', 0, '88553d3386ff42ba9a1ca296a1e2e246', 'fileVer', 'FILE_VER', 'NUMBER(20, 0)', 'N/A', 1, 'integer', '', '', '', '', '', '', '', 0, NULL, 18, NULL, NULL, '', '', 'system', systimestamp, '59', 0, 'entity.commitAttachment.fileVer', '', '', '', '', '', '');
INSERT INTO CNT_FIELD_DEFINITION
 (ID, REVISION, PARENT_ID, FIELD_ID, COLUMN_NAME, COLUMN_TYPE, REPORT_COLUMN_NAME, PRODUCT_FIELD, FIELD_TYPE, ENTITY_LOOKUP, ENTITY_LOOKUP_KEY, ORDER_BY, GENERATOR, REFER_TABLE, KEY_COLUMN, LOOKUP_COLUMN, MANDATORY, MIN_LENGTH, MAX_LENGTH, MIN_VALUE, MAX_VALUE, CONSTANT_VALUE, UNIQUE_KEY, CREATE_USER, CREATED_ON, LINE_NO, MANAGED, FIELD_PATH, DATA_TYPE, DATA1, DATA2, TRANSITIVE_FIELDS, FORMULA, ENTITY_LOOKUP_TYPE)
VALUES ('e203b496604448ac9de3e336d0ae51ca', 0, '88553d3386ff42ba9a1ca296a1e2e246', 'fileRef2', 'FILE_REF2', 'NVARCHAR2(1000)', 'N/A', 1, 'string-l', '', '', '', '', '', '', '', 0, NULL, 1000, NULL, NULL, '', '', 'system', systimestamp, '60', 0, 'entity.commitAttachment.fileRef2', '', '', '', '', '', '');
INSERT INTO CNT_FIELD_DEFINITION
 (ID, REVISION, PARENT_ID, FIELD_ID, COLUMN_NAME, COLUMN_TYPE, REPORT_COLUMN_NAME, PRODUCT_FIELD, FIELD_TYPE, ENTITY_LOOKUP, ENTITY_LOOKUP_KEY, ORDER_BY, GENERATOR, REFER_TABLE, KEY_COLUMN, LOOKUP_COLUMN, MANDATORY, MIN_LENGTH, MAX_LENGTH, MIN_VALUE, MAX_VALUE, CONSTANT_VALUE, UNIQUE_KEY, CREATE_USER, CREATED_ON, LINE_NO, MANAGED, FIELD_PATH, DATA_TYPE, DATA1, DATA2, TRANSITIVE_FIELDS, FORMULA, ENTITY_LOOKUP_TYPE)
VALUES ('dcba9652abad476aadffa5c43fc38f44', 0, '88553d3386ff42ba9a1ca296a1e2e246', 'custCodelist1Name', 'CUST_CODELIST1_NAME', 'NVARCHAR2(400)', 'N/A', 0, 'string-m', '', '', '', '', '', '', '', 0, NULL, 400, NULL, NULL, '', '', 'system', systimestamp, '61', 0, 'entity.commitAttachment.custCodelist1Name', '', '', '', '', '', '');
INSERT INTO CNT_FIELD_DEFINITION
 (ID, REVISION, PARENT_ID, FIELD_ID, COLUMN_NAME, COLUMN_TYPE, REPORT_COLUMN_NAME, PRODUCT_FIELD, FIELD_TYPE, ENTITY_LOOKUP, ENTITY_LOOKUP_KEY, ORDER_BY, GENERATOR, REFER_TABLE, KEY_COLUMN, LOOKUP_COLUMN, MANDATORY, MIN_LENGTH, MAX_LENGTH, MIN_VALUE, MAX_VALUE, CONSTANT_VALUE, UNIQUE_KEY, CREATE_USER, CREATED_ON, LINE_NO, MANAGED, FIELD_PATH, DATA_TYPE, DATA1, DATA2, TRANSITIVE_FIELDS, FORMULA, ENTITY_LOOKUP_TYPE)
VALUES ('08b1b02fd98447b8b6feeeed5f39a4b3', 0, '88553d3386ff42ba9a1ca296a1e2e246', 'custCodelist2Name', 'CUST_CODELIST2_NAME', 'NVARCHAR2(400)', 'N/A', 0, 'string-m', '', '', '', '', '', '', '', 0, NULL, 400, NULL, NULL, '', '', 'system', systimestamp, '62', 0, 'entity.commitAttachment.custCodelist2Name', '', '', '', '', '', '');
INSERT INTO CNT_FIELD_DEFINITION
 (ID, REVISION, PARENT_ID, FIELD_ID, COLUMN_NAME, COLUMN_TYPE, REPORT_COLUMN_NAME, PRODUCT_FIELD, FIELD_TYPE, ENTITY_LOOKUP, ENTITY_LOOKUP_KEY, ORDER_BY, GENERATOR, REFER_TABLE, KEY_COLUMN, LOOKUP_COLUMN, MANDATORY, MIN_LENGTH, MAX_LENGTH, MIN_VALUE, MAX_VALUE, CONSTANT_VALUE, UNIQUE_KEY, CREATE_USER, CREATED_ON, LINE_NO, MANAGED, FIELD_PATH, DATA_TYPE, DATA1, DATA2, TRANSITIVE_FIELDS, FORMULA, ENTITY_LOOKUP_TYPE)
VALUES ('b9fe124e600c41859e3f9ee25fe22a77', 0, '88553d3386ff42ba9a1ca296a1e2e246', 'custCodelist3Name', 'CUST_CODELIST3_NAME', 'NVARCHAR2(400)', 'N/A', 0, 'string-m', '', '', '', '', '', '', '', 0, NULL, 400, NULL, NULL, '', '', 'system', systimestamp, '63', 0, 'entity.commitAttachment.custCodelist3Name', '', '', '', '', '', '');
INSERT INTO CNT_FIELD_DEFINITION
 (ID, REVISION, PARENT_ID, FIELD_ID, COLUMN_NAME, COLUMN_TYPE, REPORT_COLUMN_NAME, PRODUCT_FIELD, FIELD_TYPE, ENTITY_LOOKUP, ENTITY_LOOKUP_KEY, ORDER_BY, GENERATOR, REFER_TABLE, KEY_COLUMN, LOOKUP_COLUMN, MANDATORY, MIN_LENGTH, MAX_LENGTH, MIN_VALUE, MAX_VALUE, CONSTANT_VALUE, UNIQUE_KEY, CREATE_USER, CREATED_ON, LINE_NO, MANAGED, FIELD_PATH, DATA_TYPE, DATA1, DATA2, TRANSITIVE_FIELDS, FORMULA, ENTITY_LOOKUP_TYPE)
VALUES ('8e474b8102da46bda532deebf7cb21ab', 0, '88553d3386ff42ba9a1ca296a1e2e246', 'custCodelist4Name', 'CUST_CODELIST4_NAME', 'NVARCHAR2(400)', 'N/A', 0, 'string-m', '', '', '', '', '', '', '', 0, NULL, 400, NULL, NULL, '', '', 'system', systimestamp, '64', 0, 'entity.commitAttachment.custCodelist4Name', '', '', '', '', '', '');
INSERT INTO CNT_FIELD_DEFINITION
 (ID, REVISION, PARENT_ID, FIELD_ID, COLUMN_NAME, COLUMN_TYPE, REPORT_COLUMN_NAME, PRODUCT_FIELD, FIELD_TYPE, ENTITY_LOOKUP, ENTITY_LOOKUP_KEY, ORDER_BY, GENERATOR, REFER_TABLE, KEY_COLUMN, LOOKUP_COLUMN, MANDATORY, MIN_LENGTH, MAX_LENGTH, MIN_VALUE, MAX_VALUE, CONSTANT_VALUE, UNIQUE_KEY, CREATE_USER, CREATED_ON, LINE_NO, MANAGED, FIELD_PATH, DATA_TYPE, DATA1, DATA2, TRANSITIVE_FIELDS, FORMULA, ENTITY_LOOKUP_TYPE)
VALUES ('7f5f13316d744229b9d2d5e788dd456e', 0, '88553d3386ff42ba9a1ca296a1e2e246', 'custCodelist5Name', 'CUST_CODELIST5_NAME', 'NVARCHAR2(400)', 'N/A', 0, 'string-m', '', '', '', '', '', '', '', 0, NULL, 400, NULL, NULL, '', '', 'system', systimestamp, '65', 0, 'entity.commitAttachment.custCodelist5Name', '', '', '', '', '', '');
INSERT INTO CNT_FIELD_DEFINITION
 (ID, REVISION, PARENT_ID, FIELD_ID, COLUMN_NAME, COLUMN_TYPE, REPORT_COLUMN_NAME, PRODUCT_FIELD, FIELD_TYPE, ENTITY_LOOKUP, ENTITY_LOOKUP_KEY, ORDER_BY, GENERATOR, REFER_TABLE, KEY_COLUMN, LOOKUP_COLUMN, MANDATORY, MIN_LENGTH, MAX_LENGTH, MIN_VALUE, MAX_VALUE, CONSTANT_VALUE, UNIQUE_KEY, CREATE_USER, CREATED_ON, LINE_NO, MANAGED, FIELD_PATH, DATA_TYPE, DATA1, DATA2, TRANSITIVE_FIELDS, FORMULA, ENTITY_LOOKUP_TYPE)
VALUES ('dcbf8a8515c1469eb372771e57822d2a', 0, '88553d3386ff42ba9a1ca296a1e2e246', 'custCodelist6Name', 'CUST_CODELIST6_NAME', 'NVARCHAR2(400)', 'N/A', 0, 'string-m', '', '', '', '', '', '', '', 0, NULL, 400, NULL, NULL, '', '', 'system', systimestamp, '66', 0, 'entity.commitAttachment.custCodelist6Name', '', '', '', '', '', '');
INSERT INTO CNT_FIELD_DEFINITION
 (ID, REVISION, PARENT_ID, FIELD_ID, COLUMN_NAME, COLUMN_TYPE, REPORT_COLUMN_NAME, PRODUCT_FIELD, FIELD_TYPE, ENTITY_LOOKUP, ENTITY_LOOKUP_KEY, ORDER_BY, GENERATOR, REFER_TABLE, KEY_COLUMN, LOOKUP_COLUMN, MANDATORY, MIN_LENGTH, MAX_LENGTH, MIN_VALUE, MAX_VALUE, CONSTANT_VALUE, UNIQUE_KEY, CREATE_USER, CREATED_ON, LINE_NO, MANAGED, FIELD_PATH, DATA_TYPE, DATA1, DATA2, TRANSITIVE_FIELDS, FORMULA, ENTITY_LOOKUP_TYPE)
VALUES ('76cadd57655547bb97f9edcdf61cc40f', 0, '88553d3386ff42ba9a1ca296a1e2e246', 'custCodelist7Name', 'CUST_CODELIST7_NAME', 'NVARCHAR2(400)', 'N/A', 0, 'string-m', '', '', '', '', '', '', '', 0, NULL, 400, NULL, NULL, '', '', 'system', systimestamp, '67', 0, 'entity.commitAttachment.custCodelist7Name', '', '', '', '', '', '');
INSERT INTO CNT_FIELD_DEFINITION
 (ID, REVISION, PARENT_ID, FIELD_ID, COLUMN_NAME, COLUMN_TYPE, REPORT_COLUMN_NAME, PRODUCT_FIELD, FIELD_TYPE, ENTITY_LOOKUP, ENTITY_LOOKUP_KEY, ORDER_BY, GENERATOR, REFER_TABLE, KEY_COLUMN, LOOKUP_COLUMN, MANDATORY, MIN_LENGTH, MAX_LENGTH, MIN_VALUE, MAX_VALUE, CONSTANT_VALUE, UNIQUE_KEY, CREATE_USER, CREATED_ON, LINE_NO, MANAGED, FIELD_PATH, DATA_TYPE, DATA1, DATA2, TRANSITIVE_FIELDS, FORMULA, ENTITY_LOOKUP_TYPE)
VALUES ('7519abaf8fbb45ea97f69db74f786b12', 0, '88553d3386ff42ba9a1ca296a1e2e246', 'custHcl1Ref', 'CUST_HCL1_REF', 'NVARCHAR2(1000)', 'N/A', 0, 'string-l', '', '', '', '', '', '', '', 0, NULL, 1000, NULL, NULL, '', '', 'system', systimestamp, '68', 0, 'entity.commitAttachment.custHcl1Ref', '', '', '', '', '', '');
INSERT INTO CNT_FIELD_DEFINITION
 (ID, REVISION, PARENT_ID, FIELD_ID, COLUMN_NAME, COLUMN_TYPE, REPORT_COLUMN_NAME, PRODUCT_FIELD, FIELD_TYPE, ENTITY_LOOKUP, ENTITY_LOOKUP_KEY, ORDER_BY, GENERATOR, REFER_TABLE, KEY_COLUMN, LOOKUP_COLUMN, MANDATORY, MIN_LENGTH, MAX_LENGTH, MIN_VALUE, MAX_VALUE, CONSTANT_VALUE, UNIQUE_KEY, CREATE_USER, CREATED_ON, LINE_NO, MANAGED, FIELD_PATH, DATA_TYPE, DATA1, DATA2, TRANSITIVE_FIELDS, FORMULA, ENTITY_LOOKUP_TYPE)
VALUES ('a922cb8c1dd94dfca70b5f75fa52185a', 0, '88553d3386ff42ba9a1ca296a1e2e246', 'custHcl1Ver', 'CUST_HCL1_VER', 'NUMBER(20, 0)', 'N/A', 0, 'integer', '', '', '', '', '', '', '', 0, NULL, 18, NULL, NULL, '', '', 'system', systimestamp, '69', 0, 'entity.commitAttachment.custHcl1Ver', '', '', '', '', '', '');
INSERT INTO CNT_FIELD_DEFINITION
 (ID, REVISION, PARENT_ID, FIELD_ID, COLUMN_NAME, COLUMN_TYPE, REPORT_COLUMN_NAME, PRODUCT_FIELD, FIELD_TYPE, ENTITY_LOOKUP, ENTITY_LOOKUP_KEY, ORDER_BY, GENERATOR, REFER_TABLE, KEY_COLUMN, LOOKUP_COLUMN, MANDATORY, MIN_LENGTH, MAX_LENGTH, MIN_VALUE, MAX_VALUE, CONSTANT_VALUE, UNIQUE_KEY, CREATE_USER, CREATED_ON, LINE_NO, MANAGED, FIELD_PATH, DATA_TYPE, DATA1, DATA2, TRANSITIVE_FIELDS, FORMULA, ENTITY_LOOKUP_TYPE)
VALUES ('e8821cdcde8d4025b86bfd9f64c6a3f6', 0, '88553d3386ff42ba9a1ca296a1e2e246', 'custHcl1Ref2', 'CUST_HCL1_REF2', 'NVARCHAR2(1000)', 'N/A', 0, 'string-l', '', '', '', '', '', '', '', 0, NULL, 1000, NULL, NULL, '', '', 'system', systimestamp, '70', 0, 'entity.commitAttachment.custHcl1Ref2', '', '', '', '', '', '');
INSERT INTO CNT_FIELD_DEFINITION
 (ID, REVISION, PARENT_ID, FIELD_ID, COLUMN_NAME, COLUMN_TYPE, REPORT_COLUMN_NAME, PRODUCT_FIELD, FIELD_TYPE, ENTITY_LOOKUP, ENTITY_LOOKUP_KEY, ORDER_BY, GENERATOR, REFER_TABLE, KEY_COLUMN, LOOKUP_COLUMN, MANDATORY, MIN_LENGTH, MAX_LENGTH, MIN_VALUE, MAX_VALUE, CONSTANT_VALUE, UNIQUE_KEY, CREATE_USER, CREATED_ON, LINE_NO, MANAGED, FIELD_PATH, DATA_TYPE, DATA1, DATA2, TRANSITIVE_FIELDS, FORMULA, ENTITY_LOOKUP_TYPE)
VALUES ('875598d73e47426ba65773661df99442', 0, '88553d3386ff42ba9a1ca296a1e2e246', 'custHcl1FullLineage', 'CUST_HCL1_FULL_LINEAGE', 'NVARCHAR2(1000)', 'N/A', 0, 'string-l', '', '', '', '', '', '', '', 0, NULL, 1000, NULL, NULL, '', '', 'system', systimestamp, '71', 0, 'entity.commitAttachment.custHcl1FullLineage', '', '', '', '', '', '');
INSERT INTO CNT_FIELD_DEFINITION
 (ID, REVISION, PARENT_ID, FIELD_ID, COLUMN_NAME, COLUMN_TYPE, REPORT_COLUMN_NAME, PRODUCT_FIELD, FIELD_TYPE, ENTITY_LOOKUP, ENTITY_LOOKUP_KEY, ORDER_BY, GENERATOR, REFER_TABLE, KEY_COLUMN, LOOKUP_COLUMN, MANDATORY, MIN_LENGTH, MAX_LENGTH, MIN_VALUE, MAX_VALUE, CONSTANT_VALUE, UNIQUE_KEY, CREATE_USER, CREATED_ON, LINE_NO, MANAGED, FIELD_PATH, DATA_TYPE, DATA1, DATA2, TRANSITIVE_FIELDS, FORMULA, ENTITY_LOOKUP_TYPE)
VALUES ('560e50277ead45b69cad2936babaa56f', 0, '88553d3386ff42ba9a1ca296a1e2e246', 'custHcl2Ref', 'CUST_HCL2_REF', 'NVARCHAR2(1000)', 'N/A', 0, 'string-l', '', '', '', '', '', '', '', 0, NULL, 1000, NULL, NULL, '', '', 'system', systimestamp, '72', 0, 'entity.commitAttachment.custHcl2Ref', '', '', '', '', '', '');
INSERT INTO CNT_FIELD_DEFINITION
 (ID, REVISION, PARENT_ID, FIELD_ID, COLUMN_NAME, COLUMN_TYPE, REPORT_COLUMN_NAME, PRODUCT_FIELD, FIELD_TYPE, ENTITY_LOOKUP, ENTITY_LOOKUP_KEY, ORDER_BY, GENERATOR, REFER_TABLE, KEY_COLUMN, LOOKUP_COLUMN, MANDATORY, MIN_LENGTH, MAX_LENGTH, MIN_VALUE, MAX_VALUE, CONSTANT_VALUE, UNIQUE_KEY, CREATE_USER, CREATED_ON, LINE_NO, MANAGED, FIELD_PATH, DATA_TYPE, DATA1, DATA2, TRANSITIVE_FIELDS, FORMULA, ENTITY_LOOKUP_TYPE)
VALUES ('fa9f3850e70748d9b8665f441672ea85', 0, '88553d3386ff42ba9a1ca296a1e2e246', 'custHcl2Ver', 'CUST_HCL2_VER', 'NUMBER(20, 0)', 'N/A', 0, 'integer', '', '', '', '', '', '', '', 0, NULL, 18, NULL, NULL, '', '', 'system', systimestamp, '73', 0, 'entity.commitAttachment.custHcl2Ver', '', '', '', '', '', '');
INSERT INTO CNT_FIELD_DEFINITION
 (ID, REVISION, PARENT_ID, FIELD_ID, COLUMN_NAME, COLUMN_TYPE, REPORT_COLUMN_NAME, PRODUCT_FIELD, FIELD_TYPE, ENTITY_LOOKUP, ENTITY_LOOKUP_KEY, ORDER_BY, GENERATOR, REFER_TABLE, KEY_COLUMN, LOOKUP_COLUMN, MANDATORY, MIN_LENGTH, MAX_LENGTH, MIN_VALUE, MAX_VALUE, CONSTANT_VALUE, UNIQUE_KEY, CREATE_USER, CREATED_ON, LINE_NO, MANAGED, FIELD_PATH, DATA_TYPE, DATA1, DATA2, TRANSITIVE_FIELDS, FORMULA, ENTITY_LOOKUP_TYPE)
VALUES ('2f1ad0dba23a498fb443649d5b34edaf', 0, '88553d3386ff42ba9a1ca296a1e2e246', 'custHcl2Ref2', 'CUST_HCL2_REF2', 'NVARCHAR2(1000)', 'N/A', 0, 'string-l', '', '', '', '', '', '', '', 0, NULL, 1000, NULL, NULL, '', '', 'system', systimestamp, '74', 0, 'entity.commitAttachment.custHcl2Ref2', '', '', '', '', '', '');
INSERT INTO CNT_FIELD_DEFINITION
 (ID, REVISION, PARENT_ID, FIELD_ID, COLUMN_NAME, COLUMN_TYPE, REPORT_COLUMN_NAME, PRODUCT_FIELD, FIELD_TYPE, ENTITY_LOOKUP, ENTITY_LOOKUP_KEY, ORDER_BY, GENERATOR, REFER_TABLE, KEY_COLUMN, LOOKUP_COLUMN, MANDATORY, MIN_LENGTH, MAX_LENGTH, MIN_VALUE, MAX_VALUE, CONSTANT_VALUE, UNIQUE_KEY, CREATE_USER, CREATED_ON, LINE_NO, MANAGED, FIELD_PATH, DATA_TYPE, DATA1, DATA2, TRANSITIVE_FIELDS, FORMULA, ENTITY_LOOKUP_TYPE)
VALUES ('4c98244177124c129a3208e76cc35b21', 0, '88553d3386ff42ba9a1ca296a1e2e246', 'custHcl2FullLineage', 'CUST_HCL2_FULL_LINEAGE', 'NVARCHAR2(1000)', 'N/A', 0, 'string-l', '', '', '', '', '', '', '', 0, NULL, 1000, NULL, NULL, '', '', 'system', systimestamp, '75', 0, 'entity.commitAttachment.custHcl2FullLineage', '', '', '', '', '', '');
INSERT INTO CNT_FIELD_DEFINITION
 (ID, REVISION, PARENT_ID, FIELD_ID, COLUMN_NAME, COLUMN_TYPE, REPORT_COLUMN_NAME, PRODUCT_FIELD, FIELD_TYPE, ENTITY_LOOKUP, ENTITY_LOOKUP_KEY, ORDER_BY, GENERATOR, REFER_TABLE, KEY_COLUMN, LOOKUP_COLUMN, MANDATORY, MIN_LENGTH, MAX_LENGTH, MIN_VALUE, MAX_VALUE, CONSTANT_VALUE, UNIQUE_KEY, CREATE_USER, CREATED_ON, LINE_NO, MANAGED, FIELD_PATH, DATA_TYPE, DATA1, DATA2, TRANSITIVE_FIELDS, FORMULA, ENTITY_LOOKUP_TYPE)
VALUES ('18010340d1004389a9ad554569d6dfed', 0, '88553d3386ff42ba9a1ca296a1e2e246', 'custHcl3Ref', 'CUST_HCL3_REF', 'NVARCHAR2(1000)', 'N/A', 0, 'string-l', '', '', '', '', '', '', '', 0, NULL, 1000, NULL, NULL, '', '', 'system', systimestamp, '76', 0, 'entity.commitAttachment.custHcl3Ref', '', '', '', '', '', '');
INSERT INTO CNT_FIELD_DEFINITION
 (ID, REVISION, PARENT_ID, FIELD_ID, COLUMN_NAME, COLUMN_TYPE, REPORT_COLUMN_NAME, PRODUCT_FIELD, FIELD_TYPE, ENTITY_LOOKUP, ENTITY_LOOKUP_KEY, ORDER_BY, GENERATOR, REFER_TABLE, KEY_COLUMN, LOOKUP_COLUMN, MANDATORY, MIN_LENGTH, MAX_LENGTH, MIN_VALUE, MAX_VALUE, CONSTANT_VALUE, UNIQUE_KEY, CREATE_USER, CREATED_ON, LINE_NO, MANAGED, FIELD_PATH, DATA_TYPE, DATA1, DATA2, TRANSITIVE_FIELDS, FORMULA, ENTITY_LOOKUP_TYPE)
VALUES ('91b88178bb9c4c619e6dfcf19febff12', 0, '88553d3386ff42ba9a1ca296a1e2e246', 'custHcl3Ver', 'CUST_HCL3_VER', 'NUMBER(20, 0)', 'N/A', 0, 'integer', '', '', '', '', '', '', '', 0, NULL, 18, NULL, NULL, '', '', 'system', systimestamp, '77', 0, 'entity.commitAttachment.custHcl3Ver', '', '', '', '', '', '');
INSERT INTO CNT_FIELD_DEFINITION
 (ID, REVISION, PARENT_ID, FIELD_ID, COLUMN_NAME, COLUMN_TYPE, REPORT_COLUMN_NAME, PRODUCT_FIELD, FIELD_TYPE, ENTITY_LOOKUP, ENTITY_LOOKUP_KEY, ORDER_BY, GENERATOR, REFER_TABLE, KEY_COLUMN, LOOKUP_COLUMN, MANDATORY, MIN_LENGTH, MAX_LENGTH, MIN_VALUE, MAX_VALUE, CONSTANT_VALUE, UNIQUE_KEY, CREATE_USER, CREATED_ON, LINE_NO, MANAGED, FIELD_PATH, DATA_TYPE, DATA1, DATA2, TRANSITIVE_FIELDS, FORMULA, ENTITY_LOOKUP_TYPE)
VALUES ('f098ec02165e46bc882cd395537f260a', 0, '88553d3386ff42ba9a1ca296a1e2e246', 'custHcl3Ref2', 'CUST_HCL3_REF2', 'NVARCHAR2(1000)', 'N/A', 0, 'string-l', '', '', '', '', '', '', '', 0, NULL, 1000, NULL, NULL, '', '', 'system', systimestamp, '78', 0, 'entity.commitAttachment.custHcl3Ref2', '', '', '', '', '', '');
INSERT INTO CNT_FIELD_DEFINITION
 (ID, REVISION, PARENT_ID, FIELD_ID, COLUMN_NAME, COLUMN_TYPE, REPORT_COLUMN_NAME, PRODUCT_FIELD, FIELD_TYPE, ENTITY_LOOKUP, ENTITY_LOOKUP_KEY, ORDER_BY, GENERATOR, REFER_TABLE, KEY_COLUMN, LOOKUP_COLUMN, MANDATORY, MIN_LENGTH, MAX_LENGTH, MIN_VALUE, MAX_VALUE, CONSTANT_VALUE, UNIQUE_KEY, CREATE_USER, CREATED_ON, LINE_NO, MANAGED, FIELD_PATH, DATA_TYPE, DATA1, DATA2, TRANSITIVE_FIELDS, FORMULA, ENTITY_LOOKUP_TYPE)
VALUES ('8ca2755dc8d7441a88b3c2ad9c800266', 0, '88553d3386ff42ba9a1ca296a1e2e246', 'custHcl3FullLineage', 'CUST_HCL3_FULL_LINEAGE', 'NVARCHAR2(1000)', 'N/A', 0, 'string-l', '', '', '', '', '', '', '', 0, NULL, 1000, NULL, NULL, '', '', 'system', systimestamp, '79', 0, 'entity.commitAttachment.custHcl3FullLineage', '', '', '', '', '', '');
INSERT INTO CNT_FIELD_DEFINITION
 (ID, REVISION, PARENT_ID, FIELD_ID, COLUMN_NAME, COLUMN_TYPE, REPORT_COLUMN_NAME, PRODUCT_FIELD, FIELD_TYPE, ENTITY_LOOKUP, ENTITY_LOOKUP_KEY, ORDER_BY, GENERATOR, REFER_TABLE, KEY_COLUMN, LOOKUP_COLUMN, MANDATORY, MIN_LENGTH, MAX_LENGTH, MIN_VALUE, MAX_VALUE, CONSTANT_VALUE, UNIQUE_KEY, CREATE_USER, CREATED_ON, LINE_NO, MANAGED, FIELD_PATH, DATA_TYPE, DATA1, DATA2, TRANSITIVE_FIELDS, FORMULA, ENTITY_LOOKUP_TYPE)
VALUES ('f2fbb3dc5157411ebfa05692db10bb3f', 0, '88553d3386ff42ba9a1ca296a1e2e246', 'custHcl4Ref', 'CUST_HCL4_REF', 'NVARCHAR2(1000)', 'N/A', 0, 'string-l', '', '', '', '', '', '', '', 0, NULL, 1000, NULL, NULL, '', '', 'system', systimestamp, '80', 0, 'entity.commitAttachment.custHcl4Ref', '', '', '', '', '', '');
INSERT INTO CNT_FIELD_DEFINITION
 (ID, REVISION, PARENT_ID, FIELD_ID, COLUMN_NAME, COLUMN_TYPE, REPORT_COLUMN_NAME, PRODUCT_FIELD, FIELD_TYPE, ENTITY_LOOKUP, ENTITY_LOOKUP_KEY, ORDER_BY, GENERATOR, REFER_TABLE, KEY_COLUMN, LOOKUP_COLUMN, MANDATORY, MIN_LENGTH, MAX_LENGTH, MIN_VALUE, MAX_VALUE, CONSTANT_VALUE, UNIQUE_KEY, CREATE_USER, CREATED_ON, LINE_NO, MANAGED, FIELD_PATH, DATA_TYPE, DATA1, DATA2, TRANSITIVE_FIELDS, FORMULA, ENTITY_LOOKUP_TYPE)
VALUES ('fa6ab8a17a8448aa9865535ca385b6dd', 0, '88553d3386ff42ba9a1ca296a1e2e246', 'custHcl4Ver', 'CUST_HCL4_VER', 'NUMBER(20, 0)', 'N/A', 0, 'integer', '', '', '', '', '', '', '', 0, NULL, 18, NULL, NULL, '', '', 'system', systimestamp, '81', 0, 'entity.commitAttachment.custHcl4Ver', '', '', '', '', '', '');
INSERT INTO CNT_FIELD_DEFINITION
 (ID, REVISION, PARENT_ID, FIELD_ID, COLUMN_NAME, COLUMN_TYPE, REPORT_COLUMN_NAME, PRODUCT_FIELD, FIELD_TYPE, ENTITY_LOOKUP, ENTITY_LOOKUP_KEY, ORDER_BY, GENERATOR, REFER_TABLE, KEY_COLUMN, LOOKUP_COLUMN, MANDATORY, MIN_LENGTH, MAX_LENGTH, MIN_VALUE, MAX_VALUE, CONSTANT_VALUE, UNIQUE_KEY, CREATE_USER, CREATED_ON, LINE_NO, MANAGED, FIELD_PATH, DATA_TYPE, DATA1, DATA2, TRANSITIVE_FIELDS, FORMULA, ENTITY_LOOKUP_TYPE)
VALUES ('8b422d32a980423bbe02c6b3af2129b6', 0, '88553d3386ff42ba9a1ca296a1e2e246', 'custHcl4Ref2', 'CUST_HCL4_REF2', 'NVARCHAR2(1000)', 'N/A', 0, 'string-l', '', '', '', '', '', '', '', 0, NULL, 1000, NULL, NULL, '', '', 'system', systimestamp, '82', 0, 'entity.commitAttachment.custHcl4Ref2', '', '', '', '', '', '');
INSERT INTO CNT_FIELD_DEFINITION
 (ID, REVISION, PARENT_ID, FIELD_ID, COLUMN_NAME, COLUMN_TYPE, REPORT_COLUMN_NAME, PRODUCT_FIELD, FIELD_TYPE, ENTITY_LOOKUP, ENTITY_LOOKUP_KEY, ORDER_BY, GENERATOR, REFER_TABLE, KEY_COLUMN, LOOKUP_COLUMN, MANDATORY, MIN_LENGTH, MAX_LENGTH, MIN_VALUE, MAX_VALUE, CONSTANT_VALUE, UNIQUE_KEY, CREATE_USER, CREATED_ON, LINE_NO, MANAGED, FIELD_PATH, DATA_TYPE, DATA1, DATA2, TRANSITIVE_FIELDS, FORMULA, ENTITY_LOOKUP_TYPE)
VALUES ('0e5778800a944c35a2d66c53da2b742d', 0, '88553d3386ff42ba9a1ca296a1e2e246', 'custHcl4FullLineage', 'CUST_HCL4_FULL_LINEAGE', 'NVARCHAR2(1000)', 'N/A', 0, 'string-l', '', '', '', '', '', '', '', 0, NULL, 1000, NULL, NULL, '', '', 'system', systimestamp, '83', 0, 'entity.commitAttachment.custHcl4FullLineage', '', '', '', '', '', '');
INSERT INTO CNT_FIELD_DEFINITION
 (ID, REVISION, PARENT_ID, FIELD_ID, COLUMN_NAME, COLUMN_TYPE, REPORT_COLUMN_NAME, PRODUCT_FIELD, FIELD_TYPE, ENTITY_LOOKUP, ENTITY_LOOKUP_KEY, ORDER_BY, GENERATOR, REFER_TABLE, KEY_COLUMN, LOOKUP_COLUMN, MANDATORY, MIN_LENGTH, MAX_LENGTH, MIN_VALUE, MAX_VALUE, CONSTANT_VALUE, UNIQUE_KEY, CREATE_USER, CREATED_ON, LINE_NO, MANAGED, FIELD_PATH, DATA_TYPE, DATA1, DATA2, TRANSITIVE_FIELDS, FORMULA, ENTITY_LOOKUP_TYPE)
VALUES ('839fe49e92264f6ab7e2d8e1253369bd', 0, '88553d3386ff42ba9a1ca296a1e2e246', 'custHcl5Ref', 'CUST_HCL5_REF', 'NVARCHAR2(1000)', 'N/A', 0, 'string-l', '', '', '', '', '', '', '', 0, NULL, 1000, NULL, NULL, '', '', 'system', systimestamp, '84', 0, 'entity.commitAttachment.custHcl5Ref', '', '', '', '', '', '');
INSERT INTO CNT_FIELD_DEFINITION
 (ID, REVISION, PARENT_ID, FIELD_ID, COLUMN_NAME, COLUMN_TYPE, REPORT_COLUMN_NAME, PRODUCT_FIELD, FIELD_TYPE, ENTITY_LOOKUP, ENTITY_LOOKUP_KEY, ORDER_BY, GENERATOR, REFER_TABLE, KEY_COLUMN, LOOKUP_COLUMN, MANDATORY, MIN_LENGTH, MAX_LENGTH, MIN_VALUE, MAX_VALUE, CONSTANT_VALUE, UNIQUE_KEY, CREATE_USER, CREATED_ON, LINE_NO, MANAGED, FIELD_PATH, DATA_TYPE, DATA1, DATA2, TRANSITIVE_FIELDS, FORMULA, ENTITY_LOOKUP_TYPE)
VALUES ('a5c748afaf164383b6d3a16c0fbd6a31', 0, '88553d3386ff42ba9a1ca296a1e2e246', 'custHcl5Ver', 'CUST_HCL5_VER', 'NUMBER(20, 0)', 'N/A', 0, 'integer', '', '', '', '', '', '', '', 0, NULL, 18, NULL, NULL, '', '', 'system', systimestamp, '85', 0, 'entity.commitAttachment.custHcl5Ver', '', '', '', '', '', '');
INSERT INTO CNT_FIELD_DEFINITION
 (ID, REVISION, PARENT_ID, FIELD_ID, COLUMN_NAME, COLUMN_TYPE, REPORT_COLUMN_NAME, PRODUCT_FIELD, FIELD_TYPE, ENTITY_LOOKUP, ENTITY_LOOKUP_KEY, ORDER_BY, GENERATOR, REFER_TABLE, KEY_COLUMN, LOOKUP_COLUMN, MANDATORY, MIN_LENGTH, MAX_LENGTH, MIN_VALUE, MAX_VALUE, CONSTANT_VALUE, UNIQUE_KEY, CREATE_USER, CREATED_ON, LINE_NO, MANAGED, FIELD_PATH, DATA_TYPE, DATA1, DATA2, TRANSITIVE_FIELDS, FORMULA, ENTITY_LOOKUP_TYPE)
VALUES ('5565119ab11c447b88e4fd688859b1fd', 0, '88553d3386ff42ba9a1ca296a1e2e246', 'custHcl5Ref2', 'CUST_HCL5_REF2', 'NVARCHAR2(1000)', 'N/A', 0, 'string-l', '', '', '', '', '', '', '', 0, NULL, 1000, NULL, NULL, '', '', 'system', systimestamp, '86', 0, 'entity.commitAttachment.custHcl5Ref2', '', '', '', '', '', '');
INSERT INTO CNT_FIELD_DEFINITION
 (ID, REVISION, PARENT_ID, FIELD_ID, COLUMN_NAME, COLUMN_TYPE, REPORT_COLUMN_NAME, PRODUCT_FIELD, FIELD_TYPE, ENTITY_LOOKUP, ENTITY_LOOKUP_KEY, ORDER_BY, GENERATOR, REFER_TABLE, KEY_COLUMN, LOOKUP_COLUMN, MANDATORY, MIN_LENGTH, MAX_LENGTH, MIN_VALUE, MAX_VALUE, CONSTANT_VALUE, UNIQUE_KEY, CREATE_USER, CREATED_ON, LINE_NO, MANAGED, FIELD_PATH, DATA_TYPE, DATA1, DATA2, TRANSITIVE_FIELDS, FORMULA, ENTITY_LOOKUP_TYPE)
VALUES ('e8e1255d2de44944b48fa2ad5db0aae5', 0, '88553d3386ff42ba9a1ca296a1e2e246', 'custHcl5FullLineage', 'CUST_HCL5_FULL_LINEAGE', 'NVARCHAR2(1000)', 'N/A', 0, 'string-l', '', '', '', '', '', '', '', 0, NULL, 1000, NULL, NULL, '', '', 'system', systimestamp, '87', 0, 'entity.commitAttachment.custHcl5FullLineage', '', '', '', '', '', '');
INSERT INTO CNT_ENTITY_DEFINITION
 (ID, REVISION, ENTITY_NAME, ENTITY_VERSION, PRODUCT_TABLE_NAME, CUSTOM_TABLE_NAME, REPORT_TABLE_NAME, MODULE, TYPE, REVISION_TRACKING, VERSION_TRACKING, HISTORY_ENTITY_NAME, REF_PATTERN, SYSTEM_ENTITY, CREATE_USER, CREATED_ON, IS_FOR_EXTERNAL)
VALUES ('cfaa936aaa9a4e6da335ab2143c0b1f4', 0, 'CommitCharge', 1, 'CNT_COMMIT_CHARGE', 'CTM_COMMIT', 'COMMITMENT_CHARGE', 'commit', 'inner', 'ALL', 'ALL', '', '', 0, 'system', systimestamp, 0);
INSERT INTO CNT_FIELD_DEFINITION
 (ID, REVISION, PARENT_ID, FIELD_ID, COLUMN_NAME, COLUMN_TYPE, REPORT_COLUMN_NAME, PRODUCT_FIELD, FIELD_TYPE, ENTITY_LOOKUP, ENTITY_LOOKUP_KEY, ORDER_BY, GENERATOR, REFER_TABLE, KEY_COLUMN, LOOKUP_COLUMN, MANDATORY, MIN_LENGTH, MAX_LENGTH, MIN_VALUE, MAX_VALUE, CONSTANT_VALUE, UNIQUE_KEY, CREATE_USER, CREATED_ON, LINE_NO, MANAGED, FIELD_PATH, DATA_TYPE, DATA1, DATA2, TRANSITIVE_FIELDS, FORMULA, ENTITY_LOOKUP_TYPE)
VALUES ('47988afc644d466d8e792f02a8fef8ea', 0, 'cfaa936aaa9a4e6da335ab2143c0b1f4', 'id', 'ID', 'CHAR(32)', '', 1, 'id', '', '', '', 'com.core.cbx.data.generator.UUIDGenerator', '', '', '', 0, 32, 32, NULL, NULL, '', '', 'system', systimestamp, '0', 0, 'entity.commitCharge.id', '', '', '', '', '', '');
INSERT INTO CNT_FIELD_DEFINITION
 (ID, REVISION, PARENT_ID, FIELD_ID, COLUMN_NAME, COLUMN_TYPE, REPORT_COLUMN_NAME, PRODUCT_FIELD, FIELD_TYPE, ENTITY_LOOKUP, ENTITY_LOOKUP_KEY, ORDER_BY, GENERATOR, REFER_TABLE, KEY_COLUMN, LOOKUP_COLUMN, MANDATORY, MIN_LENGTH, MAX_LENGTH, MIN_VALUE, MAX_VALUE, CONSTANT_VALUE, UNIQUE_KEY, CREATE_USER, CREATED_ON, LINE_NO, MANAGED, FIELD_PATH, DATA_TYPE, DATA1, DATA2, TRANSITIVE_FIELDS, FORMULA, ENTITY_LOOKUP_TYPE)
VALUES ('5ee8c72117a9449f8b0ff1f0ac6ab7f1', 0, 'cfaa936aaa9a4e6da335ab2143c0b1f4', 'revision', 'REVISION', 'NUMBER(20, 0)', '', 1, 'integer', '', '', '', '', '', '', '', 0, NULL, 18, NULL, NULL, '', '', 'system', systimestamp, '1', 0, 'entity.commitCharge.revision', '', '', '', '', '', '');
INSERT INTO CNT_FIELD_DEFINITION
 (ID, REVISION, PARENT_ID, FIELD_ID, COLUMN_NAME, COLUMN_TYPE, REPORT_COLUMN_NAME, PRODUCT_FIELD, FIELD_TYPE, ENTITY_LOOKUP, ENTITY_LOOKUP_KEY, ORDER_BY, GENERATOR, REFER_TABLE, KEY_COLUMN, LOOKUP_COLUMN, MANDATORY, MIN_LENGTH, MAX_LENGTH, MIN_VALUE, MAX_VALUE, CONSTANT_VALUE, UNIQUE_KEY, CREATE_USER, CREATED_ON, LINE_NO, MANAGED, FIELD_PATH, DATA_TYPE, DATA1, DATA2, TRANSITIVE_FIELDS, FORMULA, ENTITY_LOOKUP_TYPE)
VALUES ('7f74272a1b054195bf006db9dfb89fed', 0, 'cfaa936aaa9a4e6da335ab2143c0b1f4', 'entityVersion', 'ENTITY_VERSION', 'NUMBER(20, 0)', '', 1, 'integer', '', '', '', '', '', '', '', 0, NULL, 18, NULL, NULL, '', '', 'system', systimestamp, '2', 0, 'entity.commitCharge.entityVersion', '', '', '', '', '', '');
INSERT INTO CNT_FIELD_DEFINITION
 (ID, REVISION, PARENT_ID, FIELD_ID, COLUMN_NAME, COLUMN_TYPE, REPORT_COLUMN_NAME, PRODUCT_FIELD, FIELD_TYPE, ENTITY_LOOKUP, ENTITY_LOOKUP_KEY, ORDER_BY, GENERATOR, REFER_TABLE, KEY_COLUMN, LOOKUP_COLUMN, MANDATORY, MIN_LENGTH, MAX_LENGTH, MIN_VALUE, MAX_VALUE, CONSTANT_VALUE, UNIQUE_KEY, CREATE_USER, CREATED_ON, LINE_NO, MANAGED, FIELD_PATH, DATA_TYPE, DATA1, DATA2, TRANSITIVE_FIELDS, FORMULA, ENTITY_LOOKUP_TYPE)
VALUES ('9fabb9475a8e407fa720fc1a60c2cfda', 0, 'cfaa936aaa9a4e6da335ab2143c0b1f4', 'domainId', 'DOMAIN_ID', 'NVARCHAR2(400)', '', 1, 'string-m', '', '', '', '', '', '', '', 0, NULL, 400, NULL, NULL, '', '', 'system', systimestamp, '3', 0, 'entity.commitCharge.domainId', '', '', '', '', '', '');
INSERT INTO CNT_FIELD_DEFINITION
 (ID, REVISION, PARENT_ID, FIELD_ID, COLUMN_NAME, COLUMN_TYPE, REPORT_COLUMN_NAME, PRODUCT_FIELD, FIELD_TYPE, ENTITY_LOOKUP, ENTITY_LOOKUP_KEY, ORDER_BY, GENERATOR, REFER_TABLE, KEY_COLUMN, LOOKUP_COLUMN, MANDATORY, MIN_LENGTH, MAX_LENGTH, MIN_VALUE, MAX_VALUE, CONSTANT_VALUE, UNIQUE_KEY, CREATE_USER, CREATED_ON, LINE_NO, MANAGED, FIELD_PATH, DATA_TYPE, DATA1, DATA2, TRANSITIVE_FIELDS, FORMULA, ENTITY_LOOKUP_TYPE)
VALUES ('0373a2fe8349471c8b5de3a07a3587dd', 0, 'cfaa936aaa9a4e6da335ab2143c0b1f4', 'hubDomainId', 'HUB_DOMAIN_ID', 'NVARCHAR2(400)', '', 1, 'string-m', '', '', '', '', '', '', '', 0, NULL, 400, NULL, NULL, '', '', 'system', systimestamp, '4', 0, 'entity.commitCharge.hubDomainId', '', '', '', '', '', '');
INSERT INTO CNT_FIELD_DEFINITION
 (ID, REVISION, PARENT_ID, FIELD_ID, COLUMN_NAME, COLUMN_TYPE, REPORT_COLUMN_NAME, PRODUCT_FIELD, FIELD_TYPE, ENTITY_LOOKUP, ENTITY_LOOKUP_KEY, ORDER_BY, GENERATOR, REFER_TABLE, KEY_COLUMN, LOOKUP_COLUMN, MANDATORY, MIN_LENGTH, MAX_LENGTH, MIN_VALUE, MAX_VALUE, CONSTANT_VALUE, UNIQUE_KEY, CREATE_USER, CREATED_ON, LINE_NO, MANAGED, FIELD_PATH, DATA_TYPE, DATA1, DATA2, TRANSITIVE_FIELDS, FORMULA, ENTITY_LOOKUP_TYPE)
VALUES ('015a473db4cf49a1be70aa074e74500e', 0, 'cfaa936aaa9a4e6da335ab2143c0b1f4', 'isForReference', 'IS_FOR_REFERENCE', 'NUMBER(1,0)', '', 1, 'boolean', '', '', '', '', '', '', '', 0, NULL, NULL, NULL, NULL, '', '', 'system', systimestamp, '5', 0, 'entity.commitCharge.isForReference', '', '', '', '', '', '');
INSERT INTO CNT_FIELD_DEFINITION
 (ID, REVISION, PARENT_ID, FIELD_ID, COLUMN_NAME, COLUMN_TYPE, REPORT_COLUMN_NAME, PRODUCT_FIELD, FIELD_TYPE, ENTITY_LOOKUP, ENTITY_LOOKUP_KEY, ORDER_BY, GENERATOR, REFER_TABLE, KEY_COLUMN, LOOKUP_COLUMN, MANDATORY, MIN_LENGTH, MAX_LENGTH, MIN_VALUE, MAX_VALUE, CONSTANT_VALUE, UNIQUE_KEY, CREATE_USER, CREATED_ON, LINE_NO, MANAGED, FIELD_PATH, DATA_TYPE, DATA1, DATA2, TRANSITIVE_FIELDS, FORMULA, ENTITY_LOOKUP_TYPE)
VALUES ('01b42f4d5736459ebf135815c0810264', 0, 'cfaa936aaa9a4e6da335ab2143c0b1f4', 'internalSeqNo', 'INTERNAL_SEQ_NO', 'NUMBER(20, 0)', 'n/a', 1, 'integer', '', '', '', '', '', '', '', 0, NULL, 18, NULL, NULL, '', '', 'system', systimestamp, '6', 0, 'entity.commitCharge.internalSeqNo', '', '', '', '', '', '');
INSERT INTO CNT_FIELD_DEFINITION
 (ID, REVISION, PARENT_ID, FIELD_ID, COLUMN_NAME, COLUMN_TYPE, REPORT_COLUMN_NAME, PRODUCT_FIELD, FIELD_TYPE, ENTITY_LOOKUP, ENTITY_LOOKUP_KEY, ORDER_BY, GENERATOR, REFER_TABLE, KEY_COLUMN, LOOKUP_COLUMN, MANDATORY, MIN_LENGTH, MAX_LENGTH, MIN_VALUE, MAX_VALUE, CONSTANT_VALUE, UNIQUE_KEY, CREATE_USER, CREATED_ON, LINE_NO, MANAGED, FIELD_PATH, DATA_TYPE, DATA1, DATA2, TRANSITIVE_FIELDS, FORMULA, ENTITY_LOOKUP_TYPE)
VALUES ('a2297bd96ea74086a22f70e41488c893', 0, 'cfaa936aaa9a4e6da335ab2143c0b1f4', 'commitId', 'COMMIT_ID', 'CHAR(32)', 'COMMITMENT_SYS_ID', 1, 'id', '', '', '', '', '', '', '', 1, 32, 32, NULL, NULL, '', '', 'system', systimestamp, '7', 0, 'entity.commitCharge.commitId', '', '', '', '', '', '');
INSERT INTO CNT_FIELD_DEFINITION
 (ID, REVISION, PARENT_ID, FIELD_ID, COLUMN_NAME, COLUMN_TYPE, REPORT_COLUMN_NAME, PRODUCT_FIELD, FIELD_TYPE, ENTITY_LOOKUP, ENTITY_LOOKUP_KEY, ORDER_BY, GENERATOR, REFER_TABLE, KEY_COLUMN, LOOKUP_COLUMN, MANDATORY, MIN_LENGTH, MAX_LENGTH, MIN_VALUE, MAX_VALUE, CONSTANT_VALUE, UNIQUE_KEY, CREATE_USER, CREATED_ON, LINE_NO, MANAGED, FIELD_PATH, DATA_TYPE, DATA1, DATA2, TRANSITIVE_FIELDS, FORMULA, ENTITY_LOOKUP_TYPE)
VALUES ('ac57c0e8cc344ff2a123b93e6612c20d', 0, 'cfaa936aaa9a4e6da335ab2143c0b1f4', 'chargeType', 'CHARGE_TYPE', 'NVARCHAR2(400)', 'CHARGE_TYPE', 1, 'string-m', '', '', '', '', '', '', '', 0, NULL, 400, NULL, NULL, '', '', 'system', systimestamp, '8', 0, 'entity.commitCharge.chargeType', '', '', '', '', '', '');
INSERT INTO CNT_FIELD_DEFINITION
 (ID, REVISION, PARENT_ID, FIELD_ID, COLUMN_NAME, COLUMN_TYPE, REPORT_COLUMN_NAME, PRODUCT_FIELD, FIELD_TYPE, ENTITY_LOOKUP, ENTITY_LOOKUP_KEY, ORDER_BY, GENERATOR, REFER_TABLE, KEY_COLUMN, LOOKUP_COLUMN, MANDATORY, MIN_LENGTH, MAX_LENGTH, MIN_VALUE, MAX_VALUE, CONSTANT_VALUE, UNIQUE_KEY, CREATE_USER, CREATED_ON, LINE_NO, MANAGED, FIELD_PATH, DATA_TYPE, DATA1, DATA2, TRANSITIVE_FIELDS, FORMULA, ENTITY_LOOKUP_TYPE)
VALUES ('64da384de2fb4622af7d516d17036468', 0, 'cfaa936aaa9a4e6da335ab2143c0b1f4', 'chargeDesc', 'CHARGE_DESC', 'NVARCHAR2(1000)', 'CHARGE_DESC', 1, 'string-l', '', '', '', '', '', '', '', 0, NULL, 1000, NULL, NULL, '', '', 'system', systimestamp, '9', 0, 'entity.commitCharge.chargeDesc', '', '', '', '', '', '');
INSERT INTO CNT_FIELD_DEFINITION
 (ID, REVISION, PARENT_ID, FIELD_ID, COLUMN_NAME, COLUMN_TYPE, REPORT_COLUMN_NAME, PRODUCT_FIELD, FIELD_TYPE, ENTITY_LOOKUP, ENTITY_LOOKUP_KEY, ORDER_BY, GENERATOR, REFER_TABLE, KEY_COLUMN, LOOKUP_COLUMN, MANDATORY, MIN_LENGTH, MAX_LENGTH, MIN_VALUE, MAX_VALUE, CONSTANT_VALUE, UNIQUE_KEY, CREATE_USER, CREATED_ON, LINE_NO, MANAGED, FIELD_PATH, DATA_TYPE, DATA1, DATA2, TRANSITIVE_FIELDS, FORMULA, ENTITY_LOOKUP_TYPE)
VALUES ('7460bb76b7d345ddbf2d2b956a407d4d', 0, 'cfaa936aaa9a4e6da335ab2143c0b1f4', 'calculateType', 'CALCULATE_TYPE', 'NVARCHAR2(400)', 'CHARGE_CALCULATION_TYPE', 1, 'string-m', '', '', '', '', '', '', '', 0, NULL, 400, NULL, NULL, '', '', 'system', systimestamp, '10', 0, 'entity.commitCharge.calculateType', '', '', '', '', '', '');
INSERT INTO CNT_FIELD_DEFINITION
 (ID, REVISION, PARENT_ID, FIELD_ID, COLUMN_NAME, COLUMN_TYPE, REPORT_COLUMN_NAME, PRODUCT_FIELD, FIELD_TYPE, ENTITY_LOOKUP, ENTITY_LOOKUP_KEY, ORDER_BY, GENERATOR, REFER_TABLE, KEY_COLUMN, LOOKUP_COLUMN, MANDATORY, MIN_LENGTH, MAX_LENGTH, MIN_VALUE, MAX_VALUE, CONSTANT_VALUE, UNIQUE_KEY, CREATE_USER, CREATED_ON, LINE_NO, MANAGED, FIELD_PATH, DATA_TYPE, DATA1, DATA2, TRANSITIVE_FIELDS, FORMULA, ENTITY_LOOKUP_TYPE)
VALUES ('2647ad562dfe44b88c76424d17dda8c6', 0, 'cfaa936aaa9a4e6da335ab2143c0b1f4', 'chargeValue', 'CHARGE_VALUE', 'NUMBER(25, 5)', 'CHARGE_VALUE', 1, 'decimal-rate', '', '', '', '', '', '', '', 0, NULL, 20, NULL, NULL, '', '', 'system', systimestamp, '11', 0, 'entity.commitCharge.chargeValue', '', '', '', '', '', '');
INSERT INTO CNT_FIELD_DEFINITION
 (ID, REVISION, PARENT_ID, FIELD_ID, COLUMN_NAME, COLUMN_TYPE, REPORT_COLUMN_NAME, PRODUCT_FIELD, FIELD_TYPE, ENTITY_LOOKUP, ENTITY_LOOKUP_KEY, ORDER_BY, GENERATOR, REFER_TABLE, KEY_COLUMN, LOOKUP_COLUMN, MANDATORY, MIN_LENGTH, MAX_LENGTH, MIN_VALUE, MAX_VALUE, CONSTANT_VALUE, UNIQUE_KEY, CREATE_USER, CREATED_ON, LINE_NO, MANAGED, FIELD_PATH, DATA_TYPE, DATA1, DATA2, TRANSITIVE_FIELDS, FORMULA, ENTITY_LOOKUP_TYPE)
VALUES ('ca9f0ef538aa47368db1b368349c03d6', 0, 'cfaa936aaa9a4e6da335ab2143c0b1f4', 'chargeAmt', 'CHARGE_AMT', 'NUMBER(25, 5)', 'CHARGE_AMOUNT', 1, 'decimal-rate', '', '', '', '', '', '', '', 0, NULL, 20, NULL, NULL, '', '', 'system', systimestamp, '12', 0, 'entity.commitCharge.chargeAmt', '', '', '', '', '', '');
INSERT INTO CNT_FIELD_DEFINITION
 (ID, REVISION, PARENT_ID, FIELD_ID, COLUMN_NAME, COLUMN_TYPE, REPORT_COLUMN_NAME, PRODUCT_FIELD, FIELD_TYPE, ENTITY_LOOKUP, ENTITY_LOOKUP_KEY, ORDER_BY, GENERATOR, REFER_TABLE, KEY_COLUMN, LOOKUP_COLUMN, MANDATORY, MIN_LENGTH, MAX_LENGTH, MIN_VALUE, MAX_VALUE, CONSTANT_VALUE, UNIQUE_KEY, CREATE_USER, CREATED_ON, LINE_NO, MANAGED, FIELD_PATH, DATA_TYPE, DATA1, DATA2, TRANSITIVE_FIELDS, FORMULA, ENTITY_LOOKUP_TYPE)
VALUES ('2ff36d369a4c4227920d502c91e52b40', 0, 'cfaa936aaa9a4e6da335ab2143c0b1f4', 'custText1', 'CUST_TEXT1', 'NVARCHAR2(1000)', 'CUSTOM_FIELD_TEXT1', 0, 'string-l', '', '', '', '', '', '', '', 0, NULL, 1000, NULL, NULL, '', '', 'system', systimestamp, '13', 0, 'entity.commitCharge.custText1', '', '', '', '', '', '');
INSERT INTO CNT_FIELD_DEFINITION
 (ID, REVISION, PARENT_ID, FIELD_ID, COLUMN_NAME, COLUMN_TYPE, REPORT_COLUMN_NAME, PRODUCT_FIELD, FIELD_TYPE, ENTITY_LOOKUP, ENTITY_LOOKUP_KEY, ORDER_BY, GENERATOR, REFER_TABLE, KEY_COLUMN, LOOKUP_COLUMN, MANDATORY, MIN_LENGTH, MAX_LENGTH, MIN_VALUE, MAX_VALUE, CONSTANT_VALUE, UNIQUE_KEY, CREATE_USER, CREATED_ON, LINE_NO, MANAGED, FIELD_PATH, DATA_TYPE, DATA1, DATA2, TRANSITIVE_FIELDS, FORMULA, ENTITY_LOOKUP_TYPE)
VALUES ('502e3af23d0e47a1aeddf9ef0735c6c1', 0, 'cfaa936aaa9a4e6da335ab2143c0b1f4', 'custText2', 'CUST_TEXT2', 'NVARCHAR2(1000)', 'CUSTOM_FIELD_TEXT2', 0, 'string-l', '', '', '', '', '', '', '', 0, NULL, 1000, NULL, NULL, '', '', 'system', systimestamp, '14', 0, 'entity.commitCharge.custText2', '', '', '', '', '', '');
INSERT INTO CNT_FIELD_DEFINITION
 (ID, REVISION, PARENT_ID, FIELD_ID, COLUMN_NAME, COLUMN_TYPE, REPORT_COLUMN_NAME, PRODUCT_FIELD, FIELD_TYPE, ENTITY_LOOKUP, ENTITY_LOOKUP_KEY, ORDER_BY, GENERATOR, REFER_TABLE, KEY_COLUMN, LOOKUP_COLUMN, MANDATORY, MIN_LENGTH, MAX_LENGTH, MIN_VALUE, MAX_VALUE, CONSTANT_VALUE, UNIQUE_KEY, CREATE_USER, CREATED_ON, LINE_NO, MANAGED, FIELD_PATH, DATA_TYPE, DATA1, DATA2, TRANSITIVE_FIELDS, FORMULA, ENTITY_LOOKUP_TYPE)
VALUES ('27efed5d908042708753f743dff1f4e3', 0, 'cfaa936aaa9a4e6da335ab2143c0b1f4', 'custText3', 'CUST_TEXT3', 'NVARCHAR2(1000)', 'CUSTOM_FIELD_TEXT3', 0, 'string-l', '', '', '', '', '', '', '', 0, NULL, 1000, NULL, NULL, '', '', 'system', systimestamp, '15', 0, 'entity.commitCharge.custText3', '', '', '', '', '', '');
INSERT INTO CNT_FIELD_DEFINITION
 (ID, REVISION, PARENT_ID, FIELD_ID, COLUMN_NAME, COLUMN_TYPE, REPORT_COLUMN_NAME, PRODUCT_FIELD, FIELD_TYPE, ENTITY_LOOKUP, ENTITY_LOOKUP_KEY, ORDER_BY, GENERATOR, REFER_TABLE, KEY_COLUMN, LOOKUP_COLUMN, MANDATORY, MIN_LENGTH, MAX_LENGTH, MIN_VALUE, MAX_VALUE, CONSTANT_VALUE, UNIQUE_KEY, CREATE_USER, CREATED_ON, LINE_NO, MANAGED, FIELD_PATH, DATA_TYPE, DATA1, DATA2, TRANSITIVE_FIELDS, FORMULA, ENTITY_LOOKUP_TYPE)
VALUES ('61d1ad0d87454c979b658233e78eaa1d', 0, 'cfaa936aaa9a4e6da335ab2143c0b1f4', 'custText4', 'CUST_TEXT4', 'NVARCHAR2(1000)', 'CUSTOM_FIELD_TEXT4', 0, 'string-l', '', '', '', '', '', '', '', 0, NULL, 1000, NULL, NULL, '', '', 'system', systimestamp, '16', 0, 'entity.commitCharge.custText4', '', '', '', '', '', '');
INSERT INTO CNT_FIELD_DEFINITION
 (ID, REVISION, PARENT_ID, FIELD_ID, COLUMN_NAME, COLUMN_TYPE, REPORT_COLUMN_NAME, PRODUCT_FIELD, FIELD_TYPE, ENTITY_LOOKUP, ENTITY_LOOKUP_KEY, ORDER_BY, GENERATOR, REFER_TABLE, KEY_COLUMN, LOOKUP_COLUMN, MANDATORY, MIN_LENGTH, MAX_LENGTH, MIN_VALUE, MAX_VALUE, CONSTANT_VALUE, UNIQUE_KEY, CREATE_USER, CREATED_ON, LINE_NO, MANAGED, FIELD_PATH, DATA_TYPE, DATA1, DATA2, TRANSITIVE_FIELDS, FORMULA, ENTITY_LOOKUP_TYPE)
VALUES ('cf752d716f874767b8c95b02b140dec3', 0, 'cfaa936aaa9a4e6da335ab2143c0b1f4', 'custText5', 'CUST_TEXT5', 'NVARCHAR2(1000)', 'CUSTOM_FIELD_TEXT5', 0, 'string-l', '', '', '', '', '', '', '', 0, NULL, 1000, NULL, NULL, '', '', 'system', systimestamp, '17', 0, 'entity.commitCharge.custText5', '', '', '', '', '', '');
INSERT INTO CNT_FIELD_DEFINITION
 (ID, REVISION, PARENT_ID, FIELD_ID, COLUMN_NAME, COLUMN_TYPE, REPORT_COLUMN_NAME, PRODUCT_FIELD, FIELD_TYPE, ENTITY_LOOKUP, ENTITY_LOOKUP_KEY, ORDER_BY, GENERATOR, REFER_TABLE, KEY_COLUMN, LOOKUP_COLUMN, MANDATORY, MIN_LENGTH, MAX_LENGTH, MIN_VALUE, MAX_VALUE, CONSTANT_VALUE, UNIQUE_KEY, CREATE_USER, CREATED_ON, LINE_NO, MANAGED, FIELD_PATH, DATA_TYPE, DATA1, DATA2, TRANSITIVE_FIELDS, FORMULA, ENTITY_LOOKUP_TYPE)
VALUES ('aab317c60d3142969cfe3a67609bc159', 0, 'cfaa936aaa9a4e6da335ab2143c0b1f4', 'custText6', 'CUST_TEXT6', 'NVARCHAR2(1000)', 'CUSTOM_FIELD_TEXT6', 0, 'string-l', '', '', '', '', '', '', '', 0, NULL, 1000, NULL, NULL, '', '', 'system', systimestamp, '18', 0, 'entity.commitCharge.custText6', '', '', '', '', '', '');
INSERT INTO CNT_FIELD_DEFINITION
 (ID, REVISION, PARENT_ID, FIELD_ID, COLUMN_NAME, COLUMN_TYPE, REPORT_COLUMN_NAME, PRODUCT_FIELD, FIELD_TYPE, ENTITY_LOOKUP, ENTITY_LOOKUP_KEY, ORDER_BY, GENERATOR, REFER_TABLE, KEY_COLUMN, LOOKUP_COLUMN, MANDATORY, MIN_LENGTH, MAX_LENGTH, MIN_VALUE, MAX_VALUE, CONSTANT_VALUE, UNIQUE_KEY, CREATE_USER, CREATED_ON, LINE_NO, MANAGED, FIELD_PATH, DATA_TYPE, DATA1, DATA2, TRANSITIVE_FIELDS, FORMULA, ENTITY_LOOKUP_TYPE)
VALUES ('ceea2139a4bf4acb8c5237b240d5d13c', 0, 'cfaa936aaa9a4e6da335ab2143c0b1f4', 'custText7', 'CUST_TEXT7', 'NVARCHAR2(1000)', 'CUSTOM_FIELD_TEXT7', 0, 'string-l', '', '', '', '', '', '', '', 0, NULL, 1000, NULL, NULL, '', '', 'system', systimestamp, '19', 0, 'entity.commitCharge.custText7', '', '', '', '', '', '');
INSERT INTO CNT_FIELD_DEFINITION
 (ID, REVISION, PARENT_ID, FIELD_ID, COLUMN_NAME, COLUMN_TYPE, REPORT_COLUMN_NAME, PRODUCT_FIELD, FIELD_TYPE, ENTITY_LOOKUP, ENTITY_LOOKUP_KEY, ORDER_BY, GENERATOR, REFER_TABLE, KEY_COLUMN, LOOKUP_COLUMN, MANDATORY, MIN_LENGTH, MAX_LENGTH, MIN_VALUE, MAX_VALUE, CONSTANT_VALUE, UNIQUE_KEY, CREATE_USER, CREATED_ON, LINE_NO, MANAGED, FIELD_PATH, DATA_TYPE, DATA1, DATA2, TRANSITIVE_FIELDS, FORMULA, ENTITY_LOOKUP_TYPE)
VALUES ('9252148612d84faab2f1f97811427ede', 0, 'cfaa936aaa9a4e6da335ab2143c0b1f4', 'custDate1', 'CUST_DATE1', 'DATE', 'CUSTOM_FIELD_DATE1', 0, 'date', '', '', '', '', '', '', '', 0, NULL, NULL, NULL, NULL, '', '', 'system', systimestamp, '20', 0, 'entity.commitCharge.custDate1', '', '', '', '', '', '');
INSERT INTO CNT_FIELD_DEFINITION
 (ID, REVISION, PARENT_ID, FIELD_ID, COLUMN_NAME, COLUMN_TYPE, REPORT_COLUMN_NAME, PRODUCT_FIELD, FIELD_TYPE, ENTITY_LOOKUP, ENTITY_LOOKUP_KEY, ORDER_BY, GENERATOR, REFER_TABLE, KEY_COLUMN, LOOKUP_COLUMN, MANDATORY, MIN_LENGTH, MAX_LENGTH, MIN_VALUE, MAX_VALUE, CONSTANT_VALUE, UNIQUE_KEY, CREATE_USER, CREATED_ON, LINE_NO, MANAGED, FIELD_PATH, DATA_TYPE, DATA1, DATA2, TRANSITIVE_FIELDS, FORMULA, ENTITY_LOOKUP_TYPE)
VALUES ('6e58e96cdaad410a92dcebe4e11deb94', 0, 'cfaa936aaa9a4e6da335ab2143c0b1f4', 'custDate2', 'CUST_DATE2', 'DATE', 'CUSTOM_FIELD_DATE2', 0, 'date', '', '', '', '', '', '', '', 0, NULL, NULL, NULL, NULL, '', '', 'system', systimestamp, '21', 0, 'entity.commitCharge.custDate2', '', '', '', '', '', '');
INSERT INTO CNT_FIELD_DEFINITION
 (ID, REVISION, PARENT_ID, FIELD_ID, COLUMN_NAME, COLUMN_TYPE, REPORT_COLUMN_NAME, PRODUCT_FIELD, FIELD_TYPE, ENTITY_LOOKUP, ENTITY_LOOKUP_KEY, ORDER_BY, GENERATOR, REFER_TABLE, KEY_COLUMN, LOOKUP_COLUMN, MANDATORY, MIN_LENGTH, MAX_LENGTH, MIN_VALUE, MAX_VALUE, CONSTANT_VALUE, UNIQUE_KEY, CREATE_USER, CREATED_ON, LINE_NO, MANAGED, FIELD_PATH, DATA_TYPE, DATA1, DATA2, TRANSITIVE_FIELDS, FORMULA, ENTITY_LOOKUP_TYPE)
VALUES ('f10e581c403b4d3b925e2f26fb86f171', 0, 'cfaa936aaa9a4e6da335ab2143c0b1f4', 'custDate3', 'CUST_DATE3', 'DATE', 'CUSTOM_FIELD_DATE3', 0, 'date', '', '', '', '', '', '', '', 0, NULL, NULL, NULL, NULL, '', '', 'system', systimestamp, '22', 0, 'entity.commitCharge.custDate3', '', '', '', '', '', '');
INSERT INTO CNT_FIELD_DEFINITION
 (ID, REVISION, PARENT_ID, FIELD_ID, COLUMN_NAME, COLUMN_TYPE, REPORT_COLUMN_NAME, PRODUCT_FIELD, FIELD_TYPE, ENTITY_LOOKUP, ENTITY_LOOKUP_KEY, ORDER_BY, GENERATOR, REFER_TABLE, KEY_COLUMN, LOOKUP_COLUMN, MANDATORY, MIN_LENGTH, MAX_LENGTH, MIN_VALUE, MAX_VALUE, CONSTANT_VALUE, UNIQUE_KEY, CREATE_USER, CREATED_ON, LINE_NO, MANAGED, FIELD_PATH, DATA_TYPE, DATA1, DATA2, TRANSITIVE_FIELDS, FORMULA, ENTITY_LOOKUP_TYPE)
VALUES ('3c42549c596347c38088cf822af0a7b4', 0, 'cfaa936aaa9a4e6da335ab2143c0b1f4', 'custDate4', 'CUST_DATE4', 'DATE', 'CUSTOM_FIELD_DATE4', 0, 'date', '', '', '', '', '', '', '', 0, NULL, NULL, NULL, NULL, '', '', 'system', systimestamp, '23', 0, 'entity.commitCharge.custDate4', '', '', '', '', '', '');
INSERT INTO CNT_FIELD_DEFINITION
 (ID, REVISION, PARENT_ID, FIELD_ID, COLUMN_NAME, COLUMN_TYPE, REPORT_COLUMN_NAME, PRODUCT_FIELD, FIELD_TYPE, ENTITY_LOOKUP, ENTITY_LOOKUP_KEY, ORDER_BY, GENERATOR, REFER_TABLE, KEY_COLUMN, LOOKUP_COLUMN, MANDATORY, MIN_LENGTH, MAX_LENGTH, MIN_VALUE, MAX_VALUE, CONSTANT_VALUE, UNIQUE_KEY, CREATE_USER, CREATED_ON, LINE_NO, MANAGED, FIELD_PATH, DATA_TYPE, DATA1, DATA2, TRANSITIVE_FIELDS, FORMULA, ENTITY_LOOKUP_TYPE)
VALUES ('0f9debbe60c3457a83cb6f3db4201bf2', 0, 'cfaa936aaa9a4e6da335ab2143c0b1f4', 'custDate5', 'CUST_DATE5', 'DATE', 'CUSTOM_FIELD_DATE5', 0, 'date', '', '', '', '', '', '', '', 0, NULL, NULL, NULL, NULL, '', '', 'system', systimestamp, '24', 0, 'entity.commitCharge.custDate5', '', '', '', '', '', '');
INSERT INTO CNT_FIELD_DEFINITION
 (ID, REVISION, PARENT_ID, FIELD_ID, COLUMN_NAME, COLUMN_TYPE, REPORT_COLUMN_NAME, PRODUCT_FIELD, FIELD_TYPE, ENTITY_LOOKUP, ENTITY_LOOKUP_KEY, ORDER_BY, GENERATOR, REFER_TABLE, KEY_COLUMN, LOOKUP_COLUMN, MANDATORY, MIN_LENGTH, MAX_LENGTH, MIN_VALUE, MAX_VALUE, CONSTANT_VALUE, UNIQUE_KEY, CREATE_USER, CREATED_ON, LINE_NO, MANAGED, FIELD_PATH, DATA_TYPE, DATA1, DATA2, TRANSITIVE_FIELDS, FORMULA, ENTITY_LOOKUP_TYPE)
VALUES ('05d6b7f9e73a417db4ef29e694d20ce7', 0, 'cfaa936aaa9a4e6da335ab2143c0b1f4', 'custDate6', 'CUST_DATE6', 'DATE', 'CUSTOM_FIELD_DATE6', 0, 'date', '', '', '', '', '', '', '', 0, NULL, NULL, NULL, NULL, '', '', 'system', systimestamp, '25', 0, 'entity.commitCharge.custDate6', '', '', '', '', '', '');
INSERT INTO CNT_FIELD_DEFINITION
 (ID, REVISION, PARENT_ID, FIELD_ID, COLUMN_NAME, COLUMN_TYPE, REPORT_COLUMN_NAME, PRODUCT_FIELD, FIELD_TYPE, ENTITY_LOOKUP, ENTITY_LOOKUP_KEY, ORDER_BY, GENERATOR, REFER_TABLE, KEY_COLUMN, LOOKUP_COLUMN, MANDATORY, MIN_LENGTH, MAX_LENGTH, MIN_VALUE, MAX_VALUE, CONSTANT_VALUE, UNIQUE_KEY, CREATE_USER, CREATED_ON, LINE_NO, MANAGED, FIELD_PATH, DATA_TYPE, DATA1, DATA2, TRANSITIVE_FIELDS, FORMULA, ENTITY_LOOKUP_TYPE)
VALUES ('6df484611eda40948df99c9c9b588bf8', 0, 'cfaa936aaa9a4e6da335ab2143c0b1f4', 'custDate7', 'CUST_DATE7', 'DATE', 'CUSTOM_FIELD_DATE7', 0, 'date', '', '', '', '', '', '', '', 0, NULL, NULL, NULL, NULL, '', '', 'system', systimestamp, '26', 0, 'entity.commitCharge.custDate7', '', '', '', '', '', '');
INSERT INTO CNT_FIELD_DEFINITION
 (ID, REVISION, PARENT_ID, FIELD_ID, COLUMN_NAME, COLUMN_TYPE, REPORT_COLUMN_NAME, PRODUCT_FIELD, FIELD_TYPE, ENTITY_LOOKUP, ENTITY_LOOKUP_KEY, ORDER_BY, GENERATOR, REFER_TABLE, KEY_COLUMN, LOOKUP_COLUMN, MANDATORY, MIN_LENGTH, MAX_LENGTH, MIN_VALUE, MAX_VALUE, CONSTANT_VALUE, UNIQUE_KEY, CREATE_USER, CREATED_ON, LINE_NO, MANAGED, FIELD_PATH, DATA_TYPE, DATA1, DATA2, TRANSITIVE_FIELDS, FORMULA, ENTITY_LOOKUP_TYPE)
VALUES ('be98815760ca4191afad4836558822e3', 0, 'cfaa936aaa9a4e6da335ab2143c0b1f4', 'custNumber1', 'CUST_NUMBER1', 'NUMBER(20, 0)', 'CUSTOM_FIELD_NUMBER1', 0, 'integer', '', '', '', '', '', '', '', 0, NULL, 18, NULL, NULL, '', '', 'system', systimestamp, '27', 0, 'entity.commitCharge.custNumber1', '', '', '', '', '', '');
INSERT INTO CNT_FIELD_DEFINITION
 (ID, REVISION, PARENT_ID, FIELD_ID, COLUMN_NAME, COLUMN_TYPE, REPORT_COLUMN_NAME, PRODUCT_FIELD, FIELD_TYPE, ENTITY_LOOKUP, ENTITY_LOOKUP_KEY, ORDER_BY, GENERATOR, REFER_TABLE, KEY_COLUMN, LOOKUP_COLUMN, MANDATORY, MIN_LENGTH, MAX_LENGTH, MIN_VALUE, MAX_VALUE, CONSTANT_VALUE, UNIQUE_KEY, CREATE_USER, CREATED_ON, LINE_NO, MANAGED, FIELD_PATH, DATA_TYPE, DATA1, DATA2, TRANSITIVE_FIELDS, FORMULA, ENTITY_LOOKUP_TYPE)
VALUES ('663e8b0311f14025be350d58dce4880f', 0, 'cfaa936aaa9a4e6da335ab2143c0b1f4', 'custNumber2', 'CUST_NUMBER2', 'NUMBER(20, 0)', 'CUSTOM_FIELD_NUMBER2', 0, 'integer', '', '', '', '', '', '', '', 0, NULL, 18, NULL, NULL, '', '', 'system', systimestamp, '28', 0, 'entity.commitCharge.custNumber2', '', '', '', '', '', '');
INSERT INTO CNT_FIELD_DEFINITION
 (ID, REVISION, PARENT_ID, FIELD_ID, COLUMN_NAME, COLUMN_TYPE, REPORT_COLUMN_NAME, PRODUCT_FIELD, FIELD_TYPE, ENTITY_LOOKUP, ENTITY_LOOKUP_KEY, ORDER_BY, GENERATOR, REFER_TABLE, KEY_COLUMN, LOOKUP_COLUMN, MANDATORY, MIN_LENGTH, MAX_LENGTH, MIN_VALUE, MAX_VALUE, CONSTANT_VALUE, UNIQUE_KEY, CREATE_USER, CREATED_ON, LINE_NO, MANAGED, FIELD_PATH, DATA_TYPE, DATA1, DATA2, TRANSITIVE_FIELDS, FORMULA, ENTITY_LOOKUP_TYPE)
VALUES ('04eec9cbc73d46cf9b82105c83782242', 0, 'cfaa936aaa9a4e6da335ab2143c0b1f4', 'custNumber3', 'CUST_NUMBER3', 'NUMBER(20, 0)', 'CUSTOM_FIELD_NUMBER3', 0, 'integer', '', '', '', '', '', '', '', 0, NULL, 18, NULL, NULL, '', '', 'system', systimestamp, '29', 0, 'entity.commitCharge.custNumber3', '', '', '', '', '', '');
INSERT INTO CNT_FIELD_DEFINITION
 (ID, REVISION, PARENT_ID, FIELD_ID, COLUMN_NAME, COLUMN_TYPE, REPORT_COLUMN_NAME, PRODUCT_FIELD, FIELD_TYPE, ENTITY_LOOKUP, ENTITY_LOOKUP_KEY, ORDER_BY, GENERATOR, REFER_TABLE, KEY_COLUMN, LOOKUP_COLUMN, MANDATORY, MIN_LENGTH, MAX_LENGTH, MIN_VALUE, MAX_VALUE, CONSTANT_VALUE, UNIQUE_KEY, CREATE_USER, CREATED_ON, LINE_NO, MANAGED, FIELD_PATH, DATA_TYPE, DATA1, DATA2, TRANSITIVE_FIELDS, FORMULA, ENTITY_LOOKUP_TYPE)
VALUES ('aa26f07e51424e38b54aa54239308a40', 0, 'cfaa936aaa9a4e6da335ab2143c0b1f4', 'custNumber4', 'CUST_NUMBER4', 'NUMBER(20, 0)', 'CUSTOM_FIELD_NUMBER4', 0, 'integer', '', '', '', '', '', '', '', 0, NULL, 18, NULL, NULL, '', '', 'system', systimestamp, '30', 0, 'entity.commitCharge.custNumber4', '', '', '', '', '', '');
INSERT INTO CNT_FIELD_DEFINITION
 (ID, REVISION, PARENT_ID, FIELD_ID, COLUMN_NAME, COLUMN_TYPE, REPORT_COLUMN_NAME, PRODUCT_FIELD, FIELD_TYPE, ENTITY_LOOKUP, ENTITY_LOOKUP_KEY, ORDER_BY, GENERATOR, REFER_TABLE, KEY_COLUMN, LOOKUP_COLUMN, MANDATORY, MIN_LENGTH, MAX_LENGTH, MIN_VALUE, MAX_VALUE, CONSTANT_VALUE, UNIQUE_KEY, CREATE_USER, CREATED_ON, LINE_NO, MANAGED, FIELD_PATH, DATA_TYPE, DATA1, DATA2, TRANSITIVE_FIELDS, FORMULA, ENTITY_LOOKUP_TYPE)
VALUES ('b9573dd2285b4a088620716a8979190c', 0, 'cfaa936aaa9a4e6da335ab2143c0b1f4', 'custNumber5', 'CUST_NUMBER5', 'NUMBER(20, 0)', 'CUSTOM_FIELD_NUMBER5', 0, 'integer', '', '', '', '', '', '', '', 0, NULL, 18, NULL, NULL, '', '', 'system', systimestamp, '31', 0, 'entity.commitCharge.custNumber5', '', '', '', '', '', '');
INSERT INTO CNT_FIELD_DEFINITION
 (ID, REVISION, PARENT_ID, FIELD_ID, COLUMN_NAME, COLUMN_TYPE, REPORT_COLUMN_NAME, PRODUCT_FIELD, FIELD_TYPE, ENTITY_LOOKUP, ENTITY_LOOKUP_KEY, ORDER_BY, GENERATOR, REFER_TABLE, KEY_COLUMN, LOOKUP_COLUMN, MANDATORY, MIN_LENGTH, MAX_LENGTH, MIN_VALUE, MAX_VALUE, CONSTANT_VALUE, UNIQUE_KEY, CREATE_USER, CREATED_ON, LINE_NO, MANAGED, FIELD_PATH, DATA_TYPE, DATA1, DATA2, TRANSITIVE_FIELDS, FORMULA, ENTITY_LOOKUP_TYPE)
VALUES ('46f5ecd6013546e796fc0bda7dcbd907', 0, 'cfaa936aaa9a4e6da335ab2143c0b1f4', 'custNumber6', 'CUST_NUMBER6', 'NUMBER(20, 0)', 'CUSTOM_FIELD_NUMBER6', 0, 'integer', '', '', '', '', '', '', '', 0, NULL, 18, NULL, NULL, '', '', 'system', systimestamp, '32', 0, 'entity.commitCharge.custNumber6', '', '', '', '', '', '');
INSERT INTO CNT_FIELD_DEFINITION
 (ID, REVISION, PARENT_ID, FIELD_ID, COLUMN_NAME, COLUMN_TYPE, REPORT_COLUMN_NAME, PRODUCT_FIELD, FIELD_TYPE, ENTITY_LOOKUP, ENTITY_LOOKUP_KEY, ORDER_BY, GENERATOR, REFER_TABLE, KEY_COLUMN, LOOKUP_COLUMN, MANDATORY, MIN_LENGTH, MAX_LENGTH, MIN_VALUE, MAX_VALUE, CONSTANT_VALUE, UNIQUE_KEY, CREATE_USER, CREATED_ON, LINE_NO, MANAGED, FIELD_PATH, DATA_TYPE, DATA1, DATA2, TRANSITIVE_FIELDS, FORMULA, ENTITY_LOOKUP_TYPE)
VALUES ('bf99722270b74debbabc9fea566fafb2', 0, 'cfaa936aaa9a4e6da335ab2143c0b1f4', 'custNumber7', 'CUST_NUMBER7', 'NUMBER(20, 0)', 'CUSTOM_FIELD_NUMBER7', 0, 'integer', '', '', '', '', '', '', '', 0, NULL, 18, NULL, NULL, '', '', 'system', systimestamp, '33', 0, 'entity.commitCharge.custNumber7', '', '', '', '', '', '');
INSERT INTO CNT_FIELD_DEFINITION
 (ID, REVISION, PARENT_ID, FIELD_ID, COLUMN_NAME, COLUMN_TYPE, REPORT_COLUMN_NAME, PRODUCT_FIELD, FIELD_TYPE, ENTITY_LOOKUP, ENTITY_LOOKUP_KEY, ORDER_BY, GENERATOR, REFER_TABLE, KEY_COLUMN, LOOKUP_COLUMN, MANDATORY, MIN_LENGTH, MAX_LENGTH, MIN_VALUE, MAX_VALUE, CONSTANT_VALUE, UNIQUE_KEY, CREATE_USER, CREATED_ON, LINE_NO, MANAGED, FIELD_PATH, DATA_TYPE, DATA1, DATA2, TRANSITIVE_FIELDS, FORMULA, ENTITY_LOOKUP_TYPE)
VALUES ('89c43b5947764cd5b20f86877b4a1b4b', 0, 'cfaa936aaa9a4e6da335ab2143c0b1f4', 'custDecimal1', 'CUST_DECIMAL1', 'NUMBER(25, 5)', 'CUSTOM_FIELD_DECIMAL1', 0, 'decimal-rate', '', '', '', '', '', '', '', 0, NULL, 20, NULL, NULL, '', '', 'system', systimestamp, '34', 0, 'entity.commitCharge.custDecimal1', '', '', '', '', '', '');
INSERT INTO CNT_FIELD_DEFINITION
 (ID, REVISION, PARENT_ID, FIELD_ID, COLUMN_NAME, COLUMN_TYPE, REPORT_COLUMN_NAME, PRODUCT_FIELD, FIELD_TYPE, ENTITY_LOOKUP, ENTITY_LOOKUP_KEY, ORDER_BY, GENERATOR, REFER_TABLE, KEY_COLUMN, LOOKUP_COLUMN, MANDATORY, MIN_LENGTH, MAX_LENGTH, MIN_VALUE, MAX_VALUE, CONSTANT_VALUE, UNIQUE_KEY, CREATE_USER, CREATED_ON, LINE_NO, MANAGED, FIELD_PATH, DATA_TYPE, DATA1, DATA2, TRANSITIVE_FIELDS, FORMULA, ENTITY_LOOKUP_TYPE)
VALUES ('a47850c93e254299a83829c08a65ee8a', 0, 'cfaa936aaa9a4e6da335ab2143c0b1f4', 'custDecimal2', 'CUST_DECIMAL2', 'NUMBER(25, 5)', 'CUSTOM_FIELD_DECIMAL2', 0, 'decimal-rate', '', '', '', '', '', '', '', 0, NULL, 20, NULL, NULL, '', '', 'system', systimestamp, '35', 0, 'entity.commitCharge.custDecimal2', '', '', '', '', '', '');
INSERT INTO CNT_FIELD_DEFINITION
 (ID, REVISION, PARENT_ID, FIELD_ID, COLUMN_NAME, COLUMN_TYPE, REPORT_COLUMN_NAME, PRODUCT_FIELD, FIELD_TYPE, ENTITY_LOOKUP, ENTITY_LOOKUP_KEY, ORDER_BY, GENERATOR, REFER_TABLE, KEY_COLUMN, LOOKUP_COLUMN, MANDATORY, MIN_LENGTH, MAX_LENGTH, MIN_VALUE, MAX_VALUE, CONSTANT_VALUE, UNIQUE_KEY, CREATE_USER, CREATED_ON, LINE_NO, MANAGED, FIELD_PATH, DATA_TYPE, DATA1, DATA2, TRANSITIVE_FIELDS, FORMULA, ENTITY_LOOKUP_TYPE)
VALUES ('5e6693fc769a4802a8097a62699c89b9', 0, 'cfaa936aaa9a4e6da335ab2143c0b1f4', 'custDecimal3', 'CUST_DECIMAL3', 'NUMBER(25, 5)', 'CUSTOM_FIELD_DECIMAL3', 0, 'decimal-rate', '', '', '', '', '', '', '', 0, NULL, 20, NULL, NULL, '', '', 'system', systimestamp, '36', 0, 'entity.commitCharge.custDecimal3', '', '', '', '', '', '');
INSERT INTO CNT_FIELD_DEFINITION
 (ID, REVISION, PARENT_ID, FIELD_ID, COLUMN_NAME, COLUMN_TYPE, REPORT_COLUMN_NAME, PRODUCT_FIELD, FIELD_TYPE, ENTITY_LOOKUP, ENTITY_LOOKUP_KEY, ORDER_BY, GENERATOR, REFER_TABLE, KEY_COLUMN, LOOKUP_COLUMN, MANDATORY, MIN_LENGTH, MAX_LENGTH, MIN_VALUE, MAX_VALUE, CONSTANT_VALUE, UNIQUE_KEY, CREATE_USER, CREATED_ON, LINE_NO, MANAGED, FIELD_PATH, DATA_TYPE, DATA1, DATA2, TRANSITIVE_FIELDS, FORMULA, ENTITY_LOOKUP_TYPE)
VALUES ('4af4e6fb4b7147358b6dbc155d3a7699', 0, 'cfaa936aaa9a4e6da335ab2143c0b1f4', 'custDecimal4', 'CUST_DECIMAL4', 'NUMBER(25, 5)', 'CUSTOM_FIELD_DECIMAL4', 0, 'decimal-rate', '', '', '', '', '', '', '', 0, NULL, 20, NULL, NULL, '', '', 'system', systimestamp, '37', 0, 'entity.commitCharge.custDecimal4', '', '', '', '', '', '');
INSERT INTO CNT_FIELD_DEFINITION
 (ID, REVISION, PARENT_ID, FIELD_ID, COLUMN_NAME, COLUMN_TYPE, REPORT_COLUMN_NAME, PRODUCT_FIELD, FIELD_TYPE, ENTITY_LOOKUP, ENTITY_LOOKUP_KEY, ORDER_BY, GENERATOR, REFER_TABLE, KEY_COLUMN, LOOKUP_COLUMN, MANDATORY, MIN_LENGTH, MAX_LENGTH, MIN_VALUE, MAX_VALUE, CONSTANT_VALUE, UNIQUE_KEY, CREATE_USER, CREATED_ON, LINE_NO, MANAGED, FIELD_PATH, DATA_TYPE, DATA1, DATA2, TRANSITIVE_FIELDS, FORMULA, ENTITY_LOOKUP_TYPE)
VALUES ('2b078ef23a9446e98eb0b17bc82f0784', 0, 'cfaa936aaa9a4e6da335ab2143c0b1f4', 'custDecimal5', 'CUST_DECIMAL5', 'NUMBER(25, 5)', 'CUSTOM_FIELD_DECIMAL5', 0, 'decimal-rate', '', '', '', '', '', '', '', 0, NULL, 20, NULL, NULL, '', '', 'system', systimestamp, '38', 0, 'entity.commitCharge.custDecimal5', '', '', '', '', '', '');
INSERT INTO CNT_FIELD_DEFINITION
 (ID, REVISION, PARENT_ID, FIELD_ID, COLUMN_NAME, COLUMN_TYPE, REPORT_COLUMN_NAME, PRODUCT_FIELD, FIELD_TYPE, ENTITY_LOOKUP, ENTITY_LOOKUP_KEY, ORDER_BY, GENERATOR, REFER_TABLE, KEY_COLUMN, LOOKUP_COLUMN, MANDATORY, MIN_LENGTH, MAX_LENGTH, MIN_VALUE, MAX_VALUE, CONSTANT_VALUE, UNIQUE_KEY, CREATE_USER, CREATED_ON, LINE_NO, MANAGED, FIELD_PATH, DATA_TYPE, DATA1, DATA2, TRANSITIVE_FIELDS, FORMULA, ENTITY_LOOKUP_TYPE)
VALUES ('538aa16c77f74f57b9e7352ef76115ac', 0, 'cfaa936aaa9a4e6da335ab2143c0b1f4', 'custDecimal6', 'CUST_DECIMAL6', 'NUMBER(25, 5)', 'CUSTOM_FIELD_DECIMAL6', 0, 'decimal-rate', '', '', '', '', '', '', '', 0, NULL, 20, NULL, NULL, '', '', 'system', systimestamp, '39', 0, 'entity.commitCharge.custDecimal6', '', '', '', '', '', '');
INSERT INTO CNT_FIELD_DEFINITION
 (ID, REVISION, PARENT_ID, FIELD_ID, COLUMN_NAME, COLUMN_TYPE, REPORT_COLUMN_NAME, PRODUCT_FIELD, FIELD_TYPE, ENTITY_LOOKUP, ENTITY_LOOKUP_KEY, ORDER_BY, GENERATOR, REFER_TABLE, KEY_COLUMN, LOOKUP_COLUMN, MANDATORY, MIN_LENGTH, MAX_LENGTH, MIN_VALUE, MAX_VALUE, CONSTANT_VALUE, UNIQUE_KEY, CREATE_USER, CREATED_ON, LINE_NO, MANAGED, FIELD_PATH, DATA_TYPE, DATA1, DATA2, TRANSITIVE_FIELDS, FORMULA, ENTITY_LOOKUP_TYPE)
VALUES ('ca09dbfef2e64df19c7ac406f5d25610', 0, 'cfaa936aaa9a4e6da335ab2143c0b1f4', 'custDecimal7', 'CUST_DECIMAL7', 'NUMBER(25, 5)', 'CUSTOM_FIELD_DECIMAL7', 0, 'decimal-rate', '', '', '', '', '', '', '', 0, NULL, 20, NULL, NULL, '', '', 'system', systimestamp, '40', 0, 'entity.commitCharge.custDecimal7', '', '', '', '', '', '');
INSERT INTO CNT_FIELD_DEFINITION
 (ID, REVISION, PARENT_ID, FIELD_ID, COLUMN_NAME, COLUMN_TYPE, REPORT_COLUMN_NAME, PRODUCT_FIELD, FIELD_TYPE, ENTITY_LOOKUP, ENTITY_LOOKUP_KEY, ORDER_BY, GENERATOR, REFER_TABLE, KEY_COLUMN, LOOKUP_COLUMN, MANDATORY, MIN_LENGTH, MAX_LENGTH, MIN_VALUE, MAX_VALUE, CONSTANT_VALUE, UNIQUE_KEY, CREATE_USER, CREATED_ON, LINE_NO, MANAGED, FIELD_PATH, DATA_TYPE, DATA1, DATA2, TRANSITIVE_FIELDS, FORMULA, ENTITY_LOOKUP_TYPE)
VALUES ('da9d0afbe8364175b70a5e6b02ed57d9', 0, 'cfaa936aaa9a4e6da335ab2143c0b1f4', 'custCodelist1', 'CUST_CODELIST1', 'NVARCHAR2(400)', 'CUSTOM_FIELD_CODE_LIST_CODE1', 0, 'string-m', '', '', '', '', '', '', '', 0, NULL, 400, NULL, NULL, '', '', 'system', systimestamp, '41', 0, 'entity.commitCharge.custCodelist1', 'codelist', '', '', '', '', '');
INSERT INTO CNT_FIELD_DEFINITION
 (ID, REVISION, PARENT_ID, FIELD_ID, COLUMN_NAME, COLUMN_TYPE, REPORT_COLUMN_NAME, PRODUCT_FIELD, FIELD_TYPE, ENTITY_LOOKUP, ENTITY_LOOKUP_KEY, ORDER_BY, GENERATOR, REFER_TABLE, KEY_COLUMN, LOOKUP_COLUMN, MANDATORY, MIN_LENGTH, MAX_LENGTH, MIN_VALUE, MAX_VALUE, CONSTANT_VALUE, UNIQUE_KEY, CREATE_USER, CREATED_ON, LINE_NO, MANAGED, FIELD_PATH, DATA_TYPE, DATA1, DATA2, TRANSITIVE_FIELDS, FORMULA, ENTITY_LOOKUP_TYPE)
VALUES ('2315474dde7b42a3b6b665f6b86b0886', 0, 'cfaa936aaa9a4e6da335ab2143c0b1f4', 'custCodelist2', 'CUST_CODELIST2', 'NVARCHAR2(400)', 'CUSTOM_FIELD_CODE_LIST_CODE2', 0, 'string-m', '', '', '', '', '', '', '', 0, NULL, 400, NULL, NULL, '', '', 'system', systimestamp, '42', 0, 'entity.commitCharge.custCodelist2', 'codelist', '', '', '', '', '');
INSERT INTO CNT_FIELD_DEFINITION
 (ID, REVISION, PARENT_ID, FIELD_ID, COLUMN_NAME, COLUMN_TYPE, REPORT_COLUMN_NAME, PRODUCT_FIELD, FIELD_TYPE, ENTITY_LOOKUP, ENTITY_LOOKUP_KEY, ORDER_BY, GENERATOR, REFER_TABLE, KEY_COLUMN, LOOKUP_COLUMN, MANDATORY, MIN_LENGTH, MAX_LENGTH, MIN_VALUE, MAX_VALUE, CONSTANT_VALUE, UNIQUE_KEY, CREATE_USER, CREATED_ON, LINE_NO, MANAGED, FIELD_PATH, DATA_TYPE, DATA1, DATA2, TRANSITIVE_FIELDS, FORMULA, ENTITY_LOOKUP_TYPE)
VALUES ('4bdf9f451c5543f1b218f87378282d66', 0, 'cfaa936aaa9a4e6da335ab2143c0b1f4', 'custCodelist3', 'CUST_CODELIST3', 'NVARCHAR2(400)', 'CUSTOM_FIELD_CODE_LIST_CODE3', 0, 'string-m', '', '', '', '', '', '', '', 0, NULL, 400, NULL, NULL, '', '', 'system', systimestamp, '43', 0, 'entity.commitCharge.custCodelist3', 'codelist', '', '', '', '', '');
INSERT INTO CNT_FIELD_DEFINITION
 (ID, REVISION, PARENT_ID, FIELD_ID, COLUMN_NAME, COLUMN_TYPE, REPORT_COLUMN_NAME, PRODUCT_FIELD, FIELD_TYPE, ENTITY_LOOKUP, ENTITY_LOOKUP_KEY, ORDER_BY, GENERATOR, REFER_TABLE, KEY_COLUMN, LOOKUP_COLUMN, MANDATORY, MIN_LENGTH, MAX_LENGTH, MIN_VALUE, MAX_VALUE, CONSTANT_VALUE, UNIQUE_KEY, CREATE_USER, CREATED_ON, LINE_NO, MANAGED, FIELD_PATH, DATA_TYPE, DATA1, DATA2, TRANSITIVE_FIELDS, FORMULA, ENTITY_LOOKUP_TYPE)
VALUES ('f3db2fc5424d445584d180911fa3c498', 0, 'cfaa936aaa9a4e6da335ab2143c0b1f4', 'custCodelist4', 'CUST_CODELIST4', 'NVARCHAR2(400)', 'CUSTOM_FIELD_CODE_LIST_CODE4', 0, 'string-m', '', '', '', '', '', '', '', 0, NULL, 400, NULL, NULL, '', '', 'system', systimestamp, '44', 0, 'entity.commitCharge.custCodelist4', 'codelist', '', '', '', '', '');
INSERT INTO CNT_FIELD_DEFINITION
 (ID, REVISION, PARENT_ID, FIELD_ID, COLUMN_NAME, COLUMN_TYPE, REPORT_COLUMN_NAME, PRODUCT_FIELD, FIELD_TYPE, ENTITY_LOOKUP, ENTITY_LOOKUP_KEY, ORDER_BY, GENERATOR, REFER_TABLE, KEY_COLUMN, LOOKUP_COLUMN, MANDATORY, MIN_LENGTH, MAX_LENGTH, MIN_VALUE, MAX_VALUE, CONSTANT_VALUE, UNIQUE_KEY, CREATE_USER, CREATED_ON, LINE_NO, MANAGED, FIELD_PATH, DATA_TYPE, DATA1, DATA2, TRANSITIVE_FIELDS, FORMULA, ENTITY_LOOKUP_TYPE)
VALUES ('dac9144149ce4582ad5c5bc0948214f4', 0, 'cfaa936aaa9a4e6da335ab2143c0b1f4', 'custCodelist5', 'CUST_CODELIST5', 'NVARCHAR2(400)', 'CUSTOM_FIELD_CODE_LIST_CODE5', 0, 'string-m', '', '', '', '', '', '', '', 0, NULL, 400, NULL, NULL, '', '', 'system', systimestamp, '45', 0, 'entity.commitCharge.custCodelist5', 'codelist', '', '', '', '', '');
INSERT INTO CNT_FIELD_DEFINITION
 (ID, REVISION, PARENT_ID, FIELD_ID, COLUMN_NAME, COLUMN_TYPE, REPORT_COLUMN_NAME, PRODUCT_FIELD, FIELD_TYPE, ENTITY_LOOKUP, ENTITY_LOOKUP_KEY, ORDER_BY, GENERATOR, REFER_TABLE, KEY_COLUMN, LOOKUP_COLUMN, MANDATORY, MIN_LENGTH, MAX_LENGTH, MIN_VALUE, MAX_VALUE, CONSTANT_VALUE, UNIQUE_KEY, CREATE_USER, CREATED_ON, LINE_NO, MANAGED, FIELD_PATH, DATA_TYPE, DATA1, DATA2, TRANSITIVE_FIELDS, FORMULA, ENTITY_LOOKUP_TYPE)
VALUES ('5a33b151091645a49ce0becc7e80a824', 0, 'cfaa936aaa9a4e6da335ab2143c0b1f4', 'custCodelist6', 'CUST_CODELIST6', 'NVARCHAR2(400)', 'CUSTOM_FIELD_CODE_LIST_CODE6', 0, 'string-m', '', '', '', '', '', '', '', 0, NULL, 400, NULL, NULL, '', '', 'system', systimestamp, '46', 0, 'entity.commitCharge.custCodelist6', 'codelist', '', '', '', '', '');
INSERT INTO CNT_FIELD_DEFINITION
 (ID, REVISION, PARENT_ID, FIELD_ID, COLUMN_NAME, COLUMN_TYPE, REPORT_COLUMN_NAME, PRODUCT_FIELD, FIELD_TYPE, ENTITY_LOOKUP, ENTITY_LOOKUP_KEY, ORDER_BY, GENERATOR, REFER_TABLE, KEY_COLUMN, LOOKUP_COLUMN, MANDATORY, MIN_LENGTH, MAX_LENGTH, MIN_VALUE, MAX_VALUE, CONSTANT_VALUE, UNIQUE_KEY, CREATE_USER, CREATED_ON, LINE_NO, MANAGED, FIELD_PATH, DATA_TYPE, DATA1, DATA2, TRANSITIVE_FIELDS, FORMULA, ENTITY_LOOKUP_TYPE)
VALUES ('a58c512992e94f469aa50af90244ec86', 0, 'cfaa936aaa9a4e6da335ab2143c0b1f4', 'custCodelist7', 'CUST_CODELIST7', 'NVARCHAR2(400)', 'CUSTOM_FIELD_CODE_LIST_CODE7', 0, 'string-m', '', '', '', '', '', '', '', 0, NULL, 400, NULL, NULL, '', '', 'system', systimestamp, '47', 0, 'entity.commitCharge.custCodelist7', 'codelist', '', '', '', '', '');
INSERT INTO CNT_FIELD_DEFINITION
 (ID, REVISION, PARENT_ID, FIELD_ID, COLUMN_NAME, COLUMN_TYPE, REPORT_COLUMN_NAME, PRODUCT_FIELD, FIELD_TYPE, ENTITY_LOOKUP, ENTITY_LOOKUP_KEY, ORDER_BY, GENERATOR, REFER_TABLE, KEY_COLUMN, LOOKUP_COLUMN, MANDATORY, MIN_LENGTH, MAX_LENGTH, MIN_VALUE, MAX_VALUE, CONSTANT_VALUE, UNIQUE_KEY, CREATE_USER, CREATED_ON, LINE_NO, MANAGED, FIELD_PATH, DATA_TYPE, DATA1, DATA2, TRANSITIVE_FIELDS, FORMULA, ENTITY_LOOKUP_TYPE)
VALUES ('d8d8336b04a2498690790f3fa8d41ac4', 0, 'cfaa936aaa9a4e6da335ab2143c0b1f4', 'custMemoText1', 'CUST_MEMO_TEXT1', 'NVARCHAR2(1000)', 'CUSTOM_FIELD_MEMO_TEXT1', 0, 'string-l', '', '', '', '', '', '', '', 0, NULL, 1000, NULL, NULL, '', '', 'system', systimestamp, '48', 0, 'entity.commitCharge.custMemoText1', '', '', '', '', '', '');
INSERT INTO CNT_FIELD_DEFINITION
 (ID, REVISION, PARENT_ID, FIELD_ID, COLUMN_NAME, COLUMN_TYPE, REPORT_COLUMN_NAME, PRODUCT_FIELD, FIELD_TYPE, ENTITY_LOOKUP, ENTITY_LOOKUP_KEY, ORDER_BY, GENERATOR, REFER_TABLE, KEY_COLUMN, LOOKUP_COLUMN, MANDATORY, MIN_LENGTH, MAX_LENGTH, MIN_VALUE, MAX_VALUE, CONSTANT_VALUE, UNIQUE_KEY, CREATE_USER, CREATED_ON, LINE_NO, MANAGED, FIELD_PATH, DATA_TYPE, DATA1, DATA2, TRANSITIVE_FIELDS, FORMULA, ENTITY_LOOKUP_TYPE)
VALUES ('d76ad38ec5e4414693baeb8466236531', 0, 'cfaa936aaa9a4e6da335ab2143c0b1f4', 'custMemoText2', 'CUST_MEMO_TEXT2', 'NVARCHAR2(1000)', 'CUSTOM_FIELD_MEMO_TEXT2', 0, 'string-l', '', '', '', '', '', '', '', 0, NULL, 1000, NULL, NULL, '', '', 'system', systimestamp, '49', 0, 'entity.commitCharge.custMemoText2', '', '', '', '', '', '');
INSERT INTO CNT_FIELD_DEFINITION
 (ID, REVISION, PARENT_ID, FIELD_ID, COLUMN_NAME, COLUMN_TYPE, REPORT_COLUMN_NAME, PRODUCT_FIELD, FIELD_TYPE, ENTITY_LOOKUP, ENTITY_LOOKUP_KEY, ORDER_BY, GENERATOR, REFER_TABLE, KEY_COLUMN, LOOKUP_COLUMN, MANDATORY, MIN_LENGTH, MAX_LENGTH, MIN_VALUE, MAX_VALUE, CONSTANT_VALUE, UNIQUE_KEY, CREATE_USER, CREATED_ON, LINE_NO, MANAGED, FIELD_PATH, DATA_TYPE, DATA1, DATA2, TRANSITIVE_FIELDS, FORMULA, ENTITY_LOOKUP_TYPE)
VALUES ('ea341087b4524ce9bf08b0d6a5b4023f', 0, 'cfaa936aaa9a4e6da335ab2143c0b1f4', 'custMemoText3', 'CUST_MEMO_TEXT3', 'NVARCHAR2(1000)', 'CUSTOM_FIELD_MEMO_TEXT3', 0, 'string-l', '', '', '', '', '', '', '', 0, NULL, 1000, NULL, NULL, '', '', 'system', systimestamp, '50', 0, 'entity.commitCharge.custMemoText3', '', '', '', '', '', '');
INSERT INTO CNT_FIELD_DEFINITION
 (ID, REVISION, PARENT_ID, FIELD_ID, COLUMN_NAME, COLUMN_TYPE, REPORT_COLUMN_NAME, PRODUCT_FIELD, FIELD_TYPE, ENTITY_LOOKUP, ENTITY_LOOKUP_KEY, ORDER_BY, GENERATOR, REFER_TABLE, KEY_COLUMN, LOOKUP_COLUMN, MANDATORY, MIN_LENGTH, MAX_LENGTH, MIN_VALUE, MAX_VALUE, CONSTANT_VALUE, UNIQUE_KEY, CREATE_USER, CREATED_ON, LINE_NO, MANAGED, FIELD_PATH, DATA_TYPE, DATA1, DATA2, TRANSITIVE_FIELDS, FORMULA, ENTITY_LOOKUP_TYPE)
VALUES ('951f0fd1995d4f23b042525db2f36ec6', 0, 'cfaa936aaa9a4e6da335ab2143c0b1f4', 'custMemoText4', 'CUST_MEMO_TEXT4', 'NVARCHAR2(1000)', 'CUSTOM_FIELD_MEMO_TEXT4', 0, 'string-l', '', '', '', '', '', '', '', 0, NULL, 1000, NULL, NULL, '', '', 'system', systimestamp, '51', 0, 'entity.commitCharge.custMemoText4', '', '', '', '', '', '');
INSERT INTO CNT_FIELD_DEFINITION
 (ID, REVISION, PARENT_ID, FIELD_ID, COLUMN_NAME, COLUMN_TYPE, REPORT_COLUMN_NAME, PRODUCT_FIELD, FIELD_TYPE, ENTITY_LOOKUP, ENTITY_LOOKUP_KEY, ORDER_BY, GENERATOR, REFER_TABLE, KEY_COLUMN, LOOKUP_COLUMN, MANDATORY, MIN_LENGTH, MAX_LENGTH, MIN_VALUE, MAX_VALUE, CONSTANT_VALUE, UNIQUE_KEY, CREATE_USER, CREATED_ON, LINE_NO, MANAGED, FIELD_PATH, DATA_TYPE, DATA1, DATA2, TRANSITIVE_FIELDS, FORMULA, ENTITY_LOOKUP_TYPE)
VALUES ('203cc20fe32e4b478307ab80a8df6ef6', 0, 'cfaa936aaa9a4e6da335ab2143c0b1f4', 'custMemoText5', 'CUST_MEMO_TEXT5', 'NVARCHAR2(1000)', 'CUSTOM_FIELD_MEMO_TEXT5', 0, 'string-l', '', '', '', '', '', '', '', 0, NULL, 1000, NULL, NULL, '', '', 'system', systimestamp, '52', 0, 'entity.commitCharge.custMemoText5', '', '', '', '', '', '');
INSERT INTO CNT_FIELD_DEFINITION
 (ID, REVISION, PARENT_ID, FIELD_ID, COLUMN_NAME, COLUMN_TYPE, REPORT_COLUMN_NAME, PRODUCT_FIELD, FIELD_TYPE, ENTITY_LOOKUP, ENTITY_LOOKUP_KEY, ORDER_BY, GENERATOR, REFER_TABLE, KEY_COLUMN, LOOKUP_COLUMN, MANDATORY, MIN_LENGTH, MAX_LENGTH, MIN_VALUE, MAX_VALUE, CONSTANT_VALUE, UNIQUE_KEY, CREATE_USER, CREATED_ON, LINE_NO, MANAGED, FIELD_PATH, DATA_TYPE, DATA1, DATA2, TRANSITIVE_FIELDS, FORMULA, ENTITY_LOOKUP_TYPE)
VALUES ('666d5b65a49d40cda1a6dd0b542ec51a', 0, 'cfaa936aaa9a4e6da335ab2143c0b1f4', 'custMemoText6', 'CUST_MEMO_TEXT6', 'NVARCHAR2(1000)', 'CUSTOM_FIELD_MEMO_TEXT6', 0, 'string-l', '', '', '', '', '', '', '', 0, NULL, 1000, NULL, NULL, '', '', 'system', systimestamp, '53', 0, 'entity.commitCharge.custMemoText6', '', '', '', '', '', '');
INSERT INTO CNT_FIELD_DEFINITION
 (ID, REVISION, PARENT_ID, FIELD_ID, COLUMN_NAME, COLUMN_TYPE, REPORT_COLUMN_NAME, PRODUCT_FIELD, FIELD_TYPE, ENTITY_LOOKUP, ENTITY_LOOKUP_KEY, ORDER_BY, GENERATOR, REFER_TABLE, KEY_COLUMN, LOOKUP_COLUMN, MANDATORY, MIN_LENGTH, MAX_LENGTH, MIN_VALUE, MAX_VALUE, CONSTANT_VALUE, UNIQUE_KEY, CREATE_USER, CREATED_ON, LINE_NO, MANAGED, FIELD_PATH, DATA_TYPE, DATA1, DATA2, TRANSITIVE_FIELDS, FORMULA, ENTITY_LOOKUP_TYPE)
VALUES ('51b021ce4e314975ad88e90b15f4e9c1', 0, 'cfaa936aaa9a4e6da335ab2143c0b1f4', 'custMemoText7', 'CUST_MEMO_TEXT7', 'NVARCHAR2(1000)', 'CUSTOM_FIELD_MEMO_TEXT7', 0, 'string-l', '', '', '', '', '', '', '', 0, NULL, 1000, NULL, NULL, '', '', 'system', systimestamp, '54', 0, 'entity.commitCharge.custMemoText7', '', '', '', '', '', '');
INSERT INTO CNT_FIELD_DEFINITION
 (ID, REVISION, PARENT_ID, FIELD_ID, COLUMN_NAME, COLUMN_TYPE, REPORT_COLUMN_NAME, PRODUCT_FIELD, FIELD_TYPE, ENTITY_LOOKUP, ENTITY_LOOKUP_KEY, ORDER_BY, GENERATOR, REFER_TABLE, KEY_COLUMN, LOOKUP_COLUMN, MANDATORY, MIN_LENGTH, MAX_LENGTH, MIN_VALUE, MAX_VALUE, CONSTANT_VALUE, UNIQUE_KEY, CREATE_USER, CREATED_ON, LINE_NO, MANAGED, FIELD_PATH, DATA_TYPE, DATA1, DATA2, TRANSITIVE_FIELDS, FORMULA, ENTITY_LOOKUP_TYPE)
VALUES ('9c8e2a61b2804f0e8c42815e364ff2c4', 0, 'cfaa936aaa9a4e6da335ab2143c0b1f4', 'custHcl1', 'CUST_HCL1_ID', 'CHAR(32)', 'CUSTOM_FIELD_HCL_CODE_SYS_ID1', 0, 'entity', 'HclNode', 'id', '', '', '', '', '', 0, 32, 32, NULL, NULL, '', '', 'system', systimestamp, '55', 0, 'entity.commitCharge.custHcl1', '', '', '', '', '', '');
INSERT INTO CNT_FIELD_DEFINITION
 (ID, REVISION, PARENT_ID, FIELD_ID, COLUMN_NAME, COLUMN_TYPE, REPORT_COLUMN_NAME, PRODUCT_FIELD, FIELD_TYPE, ENTITY_LOOKUP, ENTITY_LOOKUP_KEY, ORDER_BY, GENERATOR, REFER_TABLE, KEY_COLUMN, LOOKUP_COLUMN, MANDATORY, MIN_LENGTH, MAX_LENGTH, MIN_VALUE, MAX_VALUE, CONSTANT_VALUE, UNIQUE_KEY, CREATE_USER, CREATED_ON, LINE_NO, MANAGED, FIELD_PATH, DATA_TYPE, DATA1, DATA2, TRANSITIVE_FIELDS, FORMULA, ENTITY_LOOKUP_TYPE)
VALUES ('85906ed686d14e0dbf429eff4ecd3b3b', 0, 'cfaa936aaa9a4e6da335ab2143c0b1f4', 'custHcl2', 'CUST_HCL2_ID', 'CHAR(32)', 'CUSTOM_FIELD_HCL_CODE_SYS_ID2', 0, 'entity', 'HclNode', 'id', '', '', '', '', '', 0, 32, 32, NULL, NULL, '', '', 'system', systimestamp, '56', 0, 'entity.commitCharge.custHcl2', '', '', '', '', '', '');
INSERT INTO CNT_FIELD_DEFINITION
 (ID, REVISION, PARENT_ID, FIELD_ID, COLUMN_NAME, COLUMN_TYPE, REPORT_COLUMN_NAME, PRODUCT_FIELD, FIELD_TYPE, ENTITY_LOOKUP, ENTITY_LOOKUP_KEY, ORDER_BY, GENERATOR, REFER_TABLE, KEY_COLUMN, LOOKUP_COLUMN, MANDATORY, MIN_LENGTH, MAX_LENGTH, MIN_VALUE, MAX_VALUE, CONSTANT_VALUE, UNIQUE_KEY, CREATE_USER, CREATED_ON, LINE_NO, MANAGED, FIELD_PATH, DATA_TYPE, DATA1, DATA2, TRANSITIVE_FIELDS, FORMULA, ENTITY_LOOKUP_TYPE)
VALUES ('553afe482fae4e9290288d75e6e454d2', 0, 'cfaa936aaa9a4e6da335ab2143c0b1f4', 'custHcl3', 'CUST_HCL3_ID', 'CHAR(32)', 'CUSTOM_FIELD_HCL_CODE_SYS_ID3', 0, 'entity', 'HclNode', 'id', '', '', '', '', '', 0, 32, 32, NULL, NULL, '', '', 'system', systimestamp, '57', 0, 'entity.commitCharge.custHcl3', '', '', '', '', '', '');
INSERT INTO CNT_FIELD_DEFINITION
 (ID, REVISION, PARENT_ID, FIELD_ID, COLUMN_NAME, COLUMN_TYPE, REPORT_COLUMN_NAME, PRODUCT_FIELD, FIELD_TYPE, ENTITY_LOOKUP, ENTITY_LOOKUP_KEY, ORDER_BY, GENERATOR, REFER_TABLE, KEY_COLUMN, LOOKUP_COLUMN, MANDATORY, MIN_LENGTH, MAX_LENGTH, MIN_VALUE, MAX_VALUE, CONSTANT_VALUE, UNIQUE_KEY, CREATE_USER, CREATED_ON, LINE_NO, MANAGED, FIELD_PATH, DATA_TYPE, DATA1, DATA2, TRANSITIVE_FIELDS, FORMULA, ENTITY_LOOKUP_TYPE)
VALUES ('2f33c5610533445da32c0e123bbaf05b', 0, 'cfaa936aaa9a4e6da335ab2143c0b1f4', 'custHcl4', 'CUST_HCL4_ID', 'CHAR(32)', 'CUSTOM_FIELD_HCL_CODE_SYS_ID4', 0, 'entity', 'HclNode', 'id', '', '', '', '', '', 0, 32, 32, NULL, NULL, '', '', 'system', systimestamp, '58', 0, 'entity.commitCharge.custHcl4', '', '', '', '', '', '');
INSERT INTO CNT_FIELD_DEFINITION
 (ID, REVISION, PARENT_ID, FIELD_ID, COLUMN_NAME, COLUMN_TYPE, REPORT_COLUMN_NAME, PRODUCT_FIELD, FIELD_TYPE, ENTITY_LOOKUP, ENTITY_LOOKUP_KEY, ORDER_BY, GENERATOR, REFER_TABLE, KEY_COLUMN, LOOKUP_COLUMN, MANDATORY, MIN_LENGTH, MAX_LENGTH, MIN_VALUE, MAX_VALUE, CONSTANT_VALUE, UNIQUE_KEY, CREATE_USER, CREATED_ON, LINE_NO, MANAGED, FIELD_PATH, DATA_TYPE, DATA1, DATA2, TRANSITIVE_FIELDS, FORMULA, ENTITY_LOOKUP_TYPE)
VALUES ('119743559fe74285b70179ff6553a5fb', 0, 'cfaa936aaa9a4e6da335ab2143c0b1f4', 'custHcl5', 'CUST_HCL5_ID', 'CHAR(32)', 'CUSTOM_FIELD_HCL_CODE_SYS_ID5', 0, 'entity', 'HclNode', 'id', '', '', '', '', '', 0, 32, 32, NULL, NULL, '', '', 'system', systimestamp, '59', 0, 'entity.commitCharge.custHcl5', '', '', '', '', '', '');
INSERT INTO CNT_FIELD_DEFINITION
 (ID, REVISION, PARENT_ID, FIELD_ID, COLUMN_NAME, COLUMN_TYPE, REPORT_COLUMN_NAME, PRODUCT_FIELD, FIELD_TYPE, ENTITY_LOOKUP, ENTITY_LOOKUP_KEY, ORDER_BY, GENERATOR, REFER_TABLE, KEY_COLUMN, LOOKUP_COLUMN, MANDATORY, MIN_LENGTH, MAX_LENGTH, MIN_VALUE, MAX_VALUE, CONSTANT_VALUE, UNIQUE_KEY, CREATE_USER, CREATED_ON, LINE_NO, MANAGED, FIELD_PATH, DATA_TYPE, DATA1, DATA2, TRANSITIVE_FIELDS, FORMULA, ENTITY_LOOKUP_TYPE)
VALUES ('4ac088995fd34e2b825d7597f1f85c02', 0, 'cfaa936aaa9a4e6da335ab2143c0b1f4', 'custCodelist1Name', 'CUST_CODELIST1_NAME', 'NVARCHAR2(400)', 'N/A', 0, 'string-m', '', '', '', '', '', '', '', 0, NULL, 400, NULL, NULL, '', '', 'system', systimestamp, '60', 0, 'entity.commitCharge.custCodelist1Name', '', '', '', '', '', '');
INSERT INTO CNT_FIELD_DEFINITION
 (ID, REVISION, PARENT_ID, FIELD_ID, COLUMN_NAME, COLUMN_TYPE, REPORT_COLUMN_NAME, PRODUCT_FIELD, FIELD_TYPE, ENTITY_LOOKUP, ENTITY_LOOKUP_KEY, ORDER_BY, GENERATOR, REFER_TABLE, KEY_COLUMN, LOOKUP_COLUMN, MANDATORY, MIN_LENGTH, MAX_LENGTH, MIN_VALUE, MAX_VALUE, CONSTANT_VALUE, UNIQUE_KEY, CREATE_USER, CREATED_ON, LINE_NO, MANAGED, FIELD_PATH, DATA_TYPE, DATA1, DATA2, TRANSITIVE_FIELDS, FORMULA, ENTITY_LOOKUP_TYPE)
VALUES ('425c4b7c040e4199be8c866810245cd8', 0, 'cfaa936aaa9a4e6da335ab2143c0b1f4', 'custCodelist2Name', 'CUST_CODELIST2_NAME', 'NVARCHAR2(400)', 'N/A', 0, 'string-m', '', '', '', '', '', '', '', 0, NULL, 400, NULL, NULL, '', '', 'system', systimestamp, '61', 0, 'entity.commitCharge.custCodelist2Name', '', '', '', '', '', '');
INSERT INTO CNT_FIELD_DEFINITION
 (ID, REVISION, PARENT_ID, FIELD_ID, COLUMN_NAME, COLUMN_TYPE, REPORT_COLUMN_NAME, PRODUCT_FIELD, FIELD_TYPE, ENTITY_LOOKUP, ENTITY_LOOKUP_KEY, ORDER_BY, GENERATOR, REFER_TABLE, KEY_COLUMN, LOOKUP_COLUMN, MANDATORY, MIN_LENGTH, MAX_LENGTH, MIN_VALUE, MAX_VALUE, CONSTANT_VALUE, UNIQUE_KEY, CREATE_USER, CREATED_ON, LINE_NO, MANAGED, FIELD_PATH, DATA_TYPE, DATA1, DATA2, TRANSITIVE_FIELDS, FORMULA, ENTITY_LOOKUP_TYPE)
VALUES ('3563f0ddb0f64f69816051e7ad3c78d2', 0, 'cfaa936aaa9a4e6da335ab2143c0b1f4', 'custCodelist3Name', 'CUST_CODELIST3_NAME', 'NVARCHAR2(400)', 'N/A', 0, 'string-m', '', '', '', '', '', '', '', 0, NULL, 400, NULL, NULL, '', '', 'system', systimestamp, '62', 0, 'entity.commitCharge.custCodelist3Name', '', '', '', '', '', '');
INSERT INTO CNT_FIELD_DEFINITION
 (ID, REVISION, PARENT_ID, FIELD_ID, COLUMN_NAME, COLUMN_TYPE, REPORT_COLUMN_NAME, PRODUCT_FIELD, FIELD_TYPE, ENTITY_LOOKUP, ENTITY_LOOKUP_KEY, ORDER_BY, GENERATOR, REFER_TABLE, KEY_COLUMN, LOOKUP_COLUMN, MANDATORY, MIN_LENGTH, MAX_LENGTH, MIN_VALUE, MAX_VALUE, CONSTANT_VALUE, UNIQUE_KEY, CREATE_USER, CREATED_ON, LINE_NO, MANAGED, FIELD_PATH, DATA_TYPE, DATA1, DATA2, TRANSITIVE_FIELDS, FORMULA, ENTITY_LOOKUP_TYPE)
VALUES ('6e1f701ad7704a62acb04ab9c08431f7', 0, 'cfaa936aaa9a4e6da335ab2143c0b1f4', 'custCodelist4Name', 'CUST_CODELIST4_NAME', 'NVARCHAR2(400)', 'N/A', 0, 'string-m', '', '', '', '', '', '', '', 0, NULL, 400, NULL, NULL, '', '', 'system', systimestamp, '63', 0, 'entity.commitCharge.custCodelist4Name', '', '', '', '', '', '');
INSERT INTO CNT_FIELD_DEFINITION
 (ID, REVISION, PARENT_ID, FIELD_ID, COLUMN_NAME, COLUMN_TYPE, REPORT_COLUMN_NAME, PRODUCT_FIELD, FIELD_TYPE, ENTITY_LOOKUP, ENTITY_LOOKUP_KEY, ORDER_BY, GENERATOR, REFER_TABLE, KEY_COLUMN, LOOKUP_COLUMN, MANDATORY, MIN_LENGTH, MAX_LENGTH, MIN_VALUE, MAX_VALUE, CONSTANT_VALUE, UNIQUE_KEY, CREATE_USER, CREATED_ON, LINE_NO, MANAGED, FIELD_PATH, DATA_TYPE, DATA1, DATA2, TRANSITIVE_FIELDS, FORMULA, ENTITY_LOOKUP_TYPE)
VALUES ('6c1ca6ae88f34e7c81d66d306ac77a94', 0, 'cfaa936aaa9a4e6da335ab2143c0b1f4', 'custCodelist5Name', 'CUST_CODELIST5_NAME', 'NVARCHAR2(400)', 'N/A', 0, 'string-m', '', '', '', '', '', '', '', 0, NULL, 400, NULL, NULL, '', '', 'system', systimestamp, '64', 0, 'entity.commitCharge.custCodelist5Name', '', '', '', '', '', '');
INSERT INTO CNT_FIELD_DEFINITION
 (ID, REVISION, PARENT_ID, FIELD_ID, COLUMN_NAME, COLUMN_TYPE, REPORT_COLUMN_NAME, PRODUCT_FIELD, FIELD_TYPE, ENTITY_LOOKUP, ENTITY_LOOKUP_KEY, ORDER_BY, GENERATOR, REFER_TABLE, KEY_COLUMN, LOOKUP_COLUMN, MANDATORY, MIN_LENGTH, MAX_LENGTH, MIN_VALUE, MAX_VALUE, CONSTANT_VALUE, UNIQUE_KEY, CREATE_USER, CREATED_ON, LINE_NO, MANAGED, FIELD_PATH, DATA_TYPE, DATA1, DATA2, TRANSITIVE_FIELDS, FORMULA, ENTITY_LOOKUP_TYPE)
VALUES ('af6fb34d762e421c82658ced8719ccbf', 0, 'cfaa936aaa9a4e6da335ab2143c0b1f4', 'custCodelist6Name', 'CUST_CODELIST6_NAME', 'NVARCHAR2(400)', 'N/A', 0, 'string-m', '', '', '', '', '', '', '', 0, NULL, 400, NULL, NULL, '', '', 'system', systimestamp, '65', 0, 'entity.commitCharge.custCodelist6Name', '', '', '', '', '', '');
INSERT INTO CNT_FIELD_DEFINITION
 (ID, REVISION, PARENT_ID, FIELD_ID, COLUMN_NAME, COLUMN_TYPE, REPORT_COLUMN_NAME, PRODUCT_FIELD, FIELD_TYPE, ENTITY_LOOKUP, ENTITY_LOOKUP_KEY, ORDER_BY, GENERATOR, REFER_TABLE, KEY_COLUMN, LOOKUP_COLUMN, MANDATORY, MIN_LENGTH, MAX_LENGTH, MIN_VALUE, MAX_VALUE, CONSTANT_VALUE, UNIQUE_KEY, CREATE_USER, CREATED_ON, LINE_NO, MANAGED, FIELD_PATH, DATA_TYPE, DATA1, DATA2, TRANSITIVE_FIELDS, FORMULA, ENTITY_LOOKUP_TYPE)
VALUES ('8250e643346b486094b549b70df6fe3c', 0, 'cfaa936aaa9a4e6da335ab2143c0b1f4', 'custCodelist7Name', 'CUST_CODELIST7_NAME', 'NVARCHAR2(400)', 'N/A', 0, 'string-m', '', '', '', '', '', '', '', 0, NULL, 400, NULL, NULL, '', '', 'system', systimestamp, '66', 0, 'entity.commitCharge.custCodelist7Name', '', '', '', '', '', '');
INSERT INTO CNT_FIELD_DEFINITION
 (ID, REVISION, PARENT_ID, FIELD_ID, COLUMN_NAME, COLUMN_TYPE, REPORT_COLUMN_NAME, PRODUCT_FIELD, FIELD_TYPE, ENTITY_LOOKUP, ENTITY_LOOKUP_KEY, ORDER_BY, GENERATOR, REFER_TABLE, KEY_COLUMN, LOOKUP_COLUMN, MANDATORY, MIN_LENGTH, MAX_LENGTH, MIN_VALUE, MAX_VALUE, CONSTANT_VALUE, UNIQUE_KEY, CREATE_USER, CREATED_ON, LINE_NO, MANAGED, FIELD_PATH, DATA_TYPE, DATA1, DATA2, TRANSITIVE_FIELDS, FORMULA, ENTITY_LOOKUP_TYPE)
VALUES ('4ad04f6666384cccb56df6dc1420561f', 0, 'cfaa936aaa9a4e6da335ab2143c0b1f4', 'custHcl1Ref', 'CUST_HCL1_REF', 'NVARCHAR2(1000)', 'N/A', 0, 'string-l', '', '', '', '', '', '', '', 0, NULL, 1000, NULL, NULL, '', '', 'system', systimestamp, '67', 0, 'entity.commitCharge.custHcl1Ref', '', '', '', '', '', '');
INSERT INTO CNT_FIELD_DEFINITION
 (ID, REVISION, PARENT_ID, FIELD_ID, COLUMN_NAME, COLUMN_TYPE, REPORT_COLUMN_NAME, PRODUCT_FIELD, FIELD_TYPE, ENTITY_LOOKUP, ENTITY_LOOKUP_KEY, ORDER_BY, GENERATOR, REFER_TABLE, KEY_COLUMN, LOOKUP_COLUMN, MANDATORY, MIN_LENGTH, MAX_LENGTH, MIN_VALUE, MAX_VALUE, CONSTANT_VALUE, UNIQUE_KEY, CREATE_USER, CREATED_ON, LINE_NO, MANAGED, FIELD_PATH, DATA_TYPE, DATA1, DATA2, TRANSITIVE_FIELDS, FORMULA, ENTITY_LOOKUP_TYPE)
VALUES ('91a2165b68384cd2ba7e44de965b2066', 0, 'cfaa936aaa9a4e6da335ab2143c0b1f4', 'custHcl1Ver', 'CUST_HCL1_VER', 'NUMBER(20, 0)', 'N/A', 0, 'integer', '', '', '', '', '', '', '', 0, NULL, 18, NULL, NULL, '', '', 'system', systimestamp, '68', 0, 'entity.commitCharge.custHcl1Ver', '', '', '', '', '', '');
INSERT INTO CNT_FIELD_DEFINITION
 (ID, REVISION, PARENT_ID, FIELD_ID, COLUMN_NAME, COLUMN_TYPE, REPORT_COLUMN_NAME, PRODUCT_FIELD, FIELD_TYPE, ENTITY_LOOKUP, ENTITY_LOOKUP_KEY, ORDER_BY, GENERATOR, REFER_TABLE, KEY_COLUMN, LOOKUP_COLUMN, MANDATORY, MIN_LENGTH, MAX_LENGTH, MIN_VALUE, MAX_VALUE, CONSTANT_VALUE, UNIQUE_KEY, CREATE_USER, CREATED_ON, LINE_NO, MANAGED, FIELD_PATH, DATA_TYPE, DATA1, DATA2, TRANSITIVE_FIELDS, FORMULA, ENTITY_LOOKUP_TYPE)
VALUES ('abf90e6bdba544a5ace7d59450ff3b1b', 0, 'cfaa936aaa9a4e6da335ab2143c0b1f4', 'custHcl1Ref2', 'CUST_HCL1_REF2', 'NVARCHAR2(1000)', 'N/A', 0, 'string-l', '', '', '', '', '', '', '', 0, NULL, 1000, NULL, NULL, '', '', 'system', systimestamp, '69', 0, 'entity.commitCharge.custHcl1Ref2', '', '', '', '', '', '');
INSERT INTO CNT_FIELD_DEFINITION
 (ID, REVISION, PARENT_ID, FIELD_ID, COLUMN_NAME, COLUMN_TYPE, REPORT_COLUMN_NAME, PRODUCT_FIELD, FIELD_TYPE, ENTITY_LOOKUP, ENTITY_LOOKUP_KEY, ORDER_BY, GENERATOR, REFER_TABLE, KEY_COLUMN, LOOKUP_COLUMN, MANDATORY, MIN_LENGTH, MAX_LENGTH, MIN_VALUE, MAX_VALUE, CONSTANT_VALUE, UNIQUE_KEY, CREATE_USER, CREATED_ON, LINE_NO, MANAGED, FIELD_PATH, DATA_TYPE, DATA1, DATA2, TRANSITIVE_FIELDS, FORMULA, ENTITY_LOOKUP_TYPE)
VALUES ('7b8ac03f8170458297d02ca4d851d775', 0, 'cfaa936aaa9a4e6da335ab2143c0b1f4', 'custHcl1FullLineage', 'CUST_HCL1_FULL_LINEAGE', 'NVARCHAR2(1000)', 'N/A', 0, 'string-l', '', '', '', '', '', '', '', 0, NULL, 1000, NULL, NULL, '', '', 'system', systimestamp, '70', 0, 'entity.commitCharge.custHcl1FullLineage', '', '', '', '', '', '');
INSERT INTO CNT_FIELD_DEFINITION
 (ID, REVISION, PARENT_ID, FIELD_ID, COLUMN_NAME, COLUMN_TYPE, REPORT_COLUMN_NAME, PRODUCT_FIELD, FIELD_TYPE, ENTITY_LOOKUP, ENTITY_LOOKUP_KEY, ORDER_BY, GENERATOR, REFER_TABLE, KEY_COLUMN, LOOKUP_COLUMN, MANDATORY, MIN_LENGTH, MAX_LENGTH, MIN_VALUE, MAX_VALUE, CONSTANT_VALUE, UNIQUE_KEY, CREATE_USER, CREATED_ON, LINE_NO, MANAGED, FIELD_PATH, DATA_TYPE, DATA1, DATA2, TRANSITIVE_FIELDS, FORMULA, ENTITY_LOOKUP_TYPE)
VALUES ('a632df030abb4d138845d8b26c737260', 0, 'cfaa936aaa9a4e6da335ab2143c0b1f4', 'custHcl2Ref', 'CUST_HCL2_REF', 'NVARCHAR2(1000)', 'N/A', 0, 'string-l', '', '', '', '', '', '', '', 0, NULL, 1000, NULL, NULL, '', '', 'system', systimestamp, '71', 0, 'entity.commitCharge.custHcl2Ref', '', '', '', '', '', '');
INSERT INTO CNT_FIELD_DEFINITION
 (ID, REVISION, PARENT_ID, FIELD_ID, COLUMN_NAME, COLUMN_TYPE, REPORT_COLUMN_NAME, PRODUCT_FIELD, FIELD_TYPE, ENTITY_LOOKUP, ENTITY_LOOKUP_KEY, ORDER_BY, GENERATOR, REFER_TABLE, KEY_COLUMN, LOOKUP_COLUMN, MANDATORY, MIN_LENGTH, MAX_LENGTH, MIN_VALUE, MAX_VALUE, CONSTANT_VALUE, UNIQUE_KEY, CREATE_USER, CREATED_ON, LINE_NO, MANAGED, FIELD_PATH, DATA_TYPE, DATA1, DATA2, TRANSITIVE_FIELDS, FORMULA, ENTITY_LOOKUP_TYPE)
VALUES ('41b1135178d54350888a883317668b77', 0, 'cfaa936aaa9a4e6da335ab2143c0b1f4', 'custHcl2Ver', 'CUST_HCL2_VER', 'NUMBER(20, 0)', 'N/A', 0, 'integer', '', '', '', '', '', '', '', 0, NULL, 18, NULL, NULL, '', '', 'system', systimestamp, '72', 0, 'entity.commitCharge.custHcl2Ver', '', '', '', '', '', '');
INSERT INTO CNT_FIELD_DEFINITION
 (ID, REVISION, PARENT_ID, FIELD_ID, COLUMN_NAME, COLUMN_TYPE, REPORT_COLUMN_NAME, PRODUCT_FIELD, FIELD_TYPE, ENTITY_LOOKUP, ENTITY_LOOKUP_KEY, ORDER_BY, GENERATOR, REFER_TABLE, KEY_COLUMN, LOOKUP_COLUMN, MANDATORY, MIN_LENGTH, MAX_LENGTH, MIN_VALUE, MAX_VALUE, CONSTANT_VALUE, UNIQUE_KEY, CREATE_USER, CREATED_ON, LINE_NO, MANAGED, FIELD_PATH, DATA_TYPE, DATA1, DATA2, TRANSITIVE_FIELDS, FORMULA, ENTITY_LOOKUP_TYPE)
VALUES ('83a81cde5a2e453b9dff84d1a5285a45', 0, 'cfaa936aaa9a4e6da335ab2143c0b1f4', 'custHcl2Ref2', 'CUST_HCL2_REF2', 'NVARCHAR2(1000)', 'N/A', 0, 'string-l', '', '', '', '', '', '', '', 0, NULL, 1000, NULL, NULL, '', '', 'system', systimestamp, '73', 0, 'entity.commitCharge.custHcl2Ref2', '', '', '', '', '', '');
INSERT INTO CNT_FIELD_DEFINITION
 (ID, REVISION, PARENT_ID, FIELD_ID, COLUMN_NAME, COLUMN_TYPE, REPORT_COLUMN_NAME, PRODUCT_FIELD, FIELD_TYPE, ENTITY_LOOKUP, ENTITY_LOOKUP_KEY, ORDER_BY, GENERATOR, REFER_TABLE, KEY_COLUMN, LOOKUP_COLUMN, MANDATORY, MIN_LENGTH, MAX_LENGTH, MIN_VALUE, MAX_VALUE, CONSTANT_VALUE, UNIQUE_KEY, CREATE_USER, CREATED_ON, LINE_NO, MANAGED, FIELD_PATH, DATA_TYPE, DATA1, DATA2, TRANSITIVE_FIELDS, FORMULA, ENTITY_LOOKUP_TYPE)
VALUES ('d2a6954ff788460fa72b1c14b8412033', 0, 'cfaa936aaa9a4e6da335ab2143c0b1f4', 'custHcl2FullLineage', 'CUST_HCL2_FULL_LINEAGE', 'NVARCHAR2(1000)', 'N/A', 0, 'string-l', '', '', '', '', '', '', '', 0, NULL, 1000, NULL, NULL, '', '', 'system', systimestamp, '74', 0, 'entity.commitCharge.custHcl2FullLineage', '', '', '', '', '', '');
INSERT INTO CNT_FIELD_DEFINITION
 (ID, REVISION, PARENT_ID, FIELD_ID, COLUMN_NAME, COLUMN_TYPE, REPORT_COLUMN_NAME, PRODUCT_FIELD, FIELD_TYPE, ENTITY_LOOKUP, ENTITY_LOOKUP_KEY, ORDER_BY, GENERATOR, REFER_TABLE, KEY_COLUMN, LOOKUP_COLUMN, MANDATORY, MIN_LENGTH, MAX_LENGTH, MIN_VALUE, MAX_VALUE, CONSTANT_VALUE, UNIQUE_KEY, CREATE_USER, CREATED_ON, LINE_NO, MANAGED, FIELD_PATH, DATA_TYPE, DATA1, DATA2, TRANSITIVE_FIELDS, FORMULA, ENTITY_LOOKUP_TYPE)
VALUES ('f4ea052fafd040c6981e6c20f3d99a12', 0, 'cfaa936aaa9a4e6da335ab2143c0b1f4', 'custHcl3Ref', 'CUST_HCL3_REF', 'NVARCHAR2(1000)', 'N/A', 0, 'string-l', '', '', '', '', '', '', '', 0, NULL, 1000, NULL, NULL, '', '', 'system', systimestamp, '75', 0, 'entity.commitCharge.custHcl3Ref', '', '', '', '', '', '');
INSERT INTO CNT_FIELD_DEFINITION
 (ID, REVISION, PARENT_ID, FIELD_ID, COLUMN_NAME, COLUMN_TYPE, REPORT_COLUMN_NAME, PRODUCT_FIELD, FIELD_TYPE, ENTITY_LOOKUP, ENTITY_LOOKUP_KEY, ORDER_BY, GENERATOR, REFER_TABLE, KEY_COLUMN, LOOKUP_COLUMN, MANDATORY, MIN_LENGTH, MAX_LENGTH, MIN_VALUE, MAX_VALUE, CONSTANT_VALUE, UNIQUE_KEY, CREATE_USER, CREATED_ON, LINE_NO, MANAGED, FIELD_PATH, DATA_TYPE, DATA1, DATA2, TRANSITIVE_FIELDS, FORMULA, ENTITY_LOOKUP_TYPE)
VALUES ('38ded110f3df43a5a46d4d12ef4ce116', 0, 'cfaa936aaa9a4e6da335ab2143c0b1f4', 'custHcl3Ver', 'CUST_HCL3_VER', 'NUMBER(20, 0)', 'N/A', 0, 'integer', '', '', '', '', '', '', '', 0, NULL, 18, NULL, NULL, '', '', 'system', systimestamp, '76', 0, 'entity.commitCharge.custHcl3Ver', '', '', '', '', '', '');
INSERT INTO CNT_FIELD_DEFINITION
 (ID, REVISION, PARENT_ID, FIELD_ID, COLUMN_NAME, COLUMN_TYPE, REPORT_COLUMN_NAME, PRODUCT_FIELD, FIELD_TYPE, ENTITY_LOOKUP, ENTITY_LOOKUP_KEY, ORDER_BY, GENERATOR, REFER_TABLE, KEY_COLUMN, LOOKUP_COLUMN, MANDATORY, MIN_LENGTH, MAX_LENGTH, MIN_VALUE, MAX_VALUE, CONSTANT_VALUE, UNIQUE_KEY, CREATE_USER, CREATED_ON, LINE_NO, MANAGED, FIELD_PATH, DATA_TYPE, DATA1, DATA2, TRANSITIVE_FIELDS, FORMULA, ENTITY_LOOKUP_TYPE)
VALUES ('3283ebca6a2f407684b148bbf88f962f', 0, 'cfaa936aaa9a4e6da335ab2143c0b1f4', 'custHcl3Ref2', 'CUST_HCL3_REF2', 'NVARCHAR2(1000)', 'N/A', 0, 'string-l', '', '', '', '', '', '', '', 0, NULL, 1000, NULL, NULL, '', '', 'system', systimestamp, '77', 0, 'entity.commitCharge.custHcl3Ref2', '', '', '', '', '', '');
INSERT INTO CNT_FIELD_DEFINITION
 (ID, REVISION, PARENT_ID, FIELD_ID, COLUMN_NAME, COLUMN_TYPE, REPORT_COLUMN_NAME, PRODUCT_FIELD, FIELD_TYPE, ENTITY_LOOKUP, ENTITY_LOOKUP_KEY, ORDER_BY, GENERATOR, REFER_TABLE, KEY_COLUMN, LOOKUP_COLUMN, MANDATORY, MIN_LENGTH, MAX_LENGTH, MIN_VALUE, MAX_VALUE, CONSTANT_VALUE, UNIQUE_KEY, CREATE_USER, CREATED_ON, LINE_NO, MANAGED, FIELD_PATH, DATA_TYPE, DATA1, DATA2, TRANSITIVE_FIELDS, FORMULA, ENTITY_LOOKUP_TYPE)
VALUES ('4e2116fc39d44f84989e965d9a326bf8', 0, 'cfaa936aaa9a4e6da335ab2143c0b1f4', 'custHcl3FullLineage', 'CUST_HCL3_FULL_LINEAGE', 'NVARCHAR2(1000)', 'N/A', 0, 'string-l', '', '', '', '', '', '', '', 0, NULL, 1000, NULL, NULL, '', '', 'system', systimestamp, '78', 0, 'entity.commitCharge.custHcl3FullLineage', '', '', '', '', '', '');
INSERT INTO CNT_FIELD_DEFINITION
 (ID, REVISION, PARENT_ID, FIELD_ID, COLUMN_NAME, COLUMN_TYPE, REPORT_COLUMN_NAME, PRODUCT_FIELD, FIELD_TYPE, ENTITY_LOOKUP, ENTITY_LOOKUP_KEY, ORDER_BY, GENERATOR, REFER_TABLE, KEY_COLUMN, LOOKUP_COLUMN, MANDATORY, MIN_LENGTH, MAX_LENGTH, MIN_VALUE, MAX_VALUE, CONSTANT_VALUE, UNIQUE_KEY, CREATE_USER, CREATED_ON, LINE_NO, MANAGED, FIELD_PATH, DATA_TYPE, DATA1, DATA2, TRANSITIVE_FIELDS, FORMULA, ENTITY_LOOKUP_TYPE)
VALUES ('d07e71ee7f8044daa18dd1b59d5def8e', 0, 'cfaa936aaa9a4e6da335ab2143c0b1f4', 'custHcl4Ref', 'CUST_HCL4_REF', 'NVARCHAR2(1000)', 'N/A', 0, 'string-l', '', '', '', '', '', '', '', 0, NULL, 1000, NULL, NULL, '', '', 'system', systimestamp, '79', 0, 'entity.commitCharge.custHcl4Ref', '', '', '', '', '', '');
INSERT INTO CNT_FIELD_DEFINITION
 (ID, REVISION, PARENT_ID, FIELD_ID, COLUMN_NAME, COLUMN_TYPE, REPORT_COLUMN_NAME, PRODUCT_FIELD, FIELD_TYPE, ENTITY_LOOKUP, ENTITY_LOOKUP_KEY, ORDER_BY, GENERATOR, REFER_TABLE, KEY_COLUMN, LOOKUP_COLUMN, MANDATORY, MIN_LENGTH, MAX_LENGTH, MIN_VALUE, MAX_VALUE, CONSTANT_VALUE, UNIQUE_KEY, CREATE_USER, CREATED_ON, LINE_NO, MANAGED, FIELD_PATH, DATA_TYPE, DATA1, DATA2, TRANSITIVE_FIELDS, FORMULA, ENTITY_LOOKUP_TYPE)
VALUES ('2b49acb6a7a6453aa4d8e737f1669090', 0, 'cfaa936aaa9a4e6da335ab2143c0b1f4', 'custHcl4Ver', 'CUST_HCL4_VER', 'NUMBER(20, 0)', 'N/A', 0, 'integer', '', '', '', '', '', '', '', 0, NULL, 18, NULL, NULL, '', '', 'system', systimestamp, '80', 0, 'entity.commitCharge.custHcl4Ver', '', '', '', '', '', '');
INSERT INTO CNT_FIELD_DEFINITION
 (ID, REVISION, PARENT_ID, FIELD_ID, COLUMN_NAME, COLUMN_TYPE, REPORT_COLUMN_NAME, PRODUCT_FIELD, FIELD_TYPE, ENTITY_LOOKUP, ENTITY_LOOKUP_KEY, ORDER_BY, GENERATOR, REFER_TABLE, KEY_COLUMN, LOOKUP_COLUMN, MANDATORY, MIN_LENGTH, MAX_LENGTH, MIN_VALUE, MAX_VALUE, CONSTANT_VALUE, UNIQUE_KEY, CREATE_USER, CREATED_ON, LINE_NO, MANAGED, FIELD_PATH, DATA_TYPE, DATA1, DATA2, TRANSITIVE_FIELDS, FORMULA, ENTITY_LOOKUP_TYPE)
VALUES ('108af0003f8f4e5993cf89ab57c657ea', 0, 'cfaa936aaa9a4e6da335ab2143c0b1f4', 'custHcl4Ref2', 'CUST_HCL4_REF2', 'NVARCHAR2(1000)', 'N/A', 0, 'string-l', '', '', '', '', '', '', '', 0, NULL, 1000, NULL, NULL, '', '', 'system', systimestamp, '81', 0, 'entity.commitCharge.custHcl4Ref2', '', '', '', '', '', '');
INSERT INTO CNT_FIELD_DEFINITION
 (ID, REVISION, PARENT_ID, FIELD_ID, COLUMN_NAME, COLUMN_TYPE, REPORT_COLUMN_NAME, PRODUCT_FIELD, FIELD_TYPE, ENTITY_LOOKUP, ENTITY_LOOKUP_KEY, ORDER_BY, GENERATOR, REFER_TABLE, KEY_COLUMN, LOOKUP_COLUMN, MANDATORY, MIN_LENGTH, MAX_LENGTH, MIN_VALUE, MAX_VALUE, CONSTANT_VALUE, UNIQUE_KEY, CREATE_USER, CREATED_ON, LINE_NO, MANAGED, FIELD_PATH, DATA_TYPE, DATA1, DATA2, TRANSITIVE_FIELDS, FORMULA, ENTITY_LOOKUP_TYPE)
VALUES ('de1a955d286245c0834bdee1f59296e5', 0, 'cfaa936aaa9a4e6da335ab2143c0b1f4', 'custHcl4FullLineage', 'CUST_HCL4_FULL_LINEAGE', 'NVARCHAR2(1000)', 'N/A', 0, 'string-l', '', '', '', '', '', '', '', 0, NULL, 1000, NULL, NULL, '', '', 'system', systimestamp, '82', 0, 'entity.commitCharge.custHcl4FullLineage', '', '', '', '', '', '');
INSERT INTO CNT_FIELD_DEFINITION
 (ID, REVISION, PARENT_ID, FIELD_ID, COLUMN_NAME, COLUMN_TYPE, REPORT_COLUMN_NAME, PRODUCT_FIELD, FIELD_TYPE, ENTITY_LOOKUP, ENTITY_LOOKUP_KEY, ORDER_BY, GENERATOR, REFER_TABLE, KEY_COLUMN, LOOKUP_COLUMN, MANDATORY, MIN_LENGTH, MAX_LENGTH, MIN_VALUE, MAX_VALUE, CONSTANT_VALUE, UNIQUE_KEY, CREATE_USER, CREATED_ON, LINE_NO, MANAGED, FIELD_PATH, DATA_TYPE, DATA1, DATA2, TRANSITIVE_FIELDS, FORMULA, ENTITY_LOOKUP_TYPE)
VALUES ('0828715bab694e06abd8fef2ef1ccb4b', 0, 'cfaa936aaa9a4e6da335ab2143c0b1f4', 'custHcl5Ref', 'CUST_HCL5_REF', 'NVARCHAR2(1000)', 'N/A', 0, 'string-l', '', '', '', '', '', '', '', 0, NULL, 1000, NULL, NULL, '', '', 'system', systimestamp, '83', 0, 'entity.commitCharge.custHcl5Ref', '', '', '', '', '', '');
INSERT INTO CNT_FIELD_DEFINITION
 (ID, REVISION, PARENT_ID, FIELD_ID, COLUMN_NAME, COLUMN_TYPE, REPORT_COLUMN_NAME, PRODUCT_FIELD, FIELD_TYPE, ENTITY_LOOKUP, ENTITY_LOOKUP_KEY, ORDER_BY, GENERATOR, REFER_TABLE, KEY_COLUMN, LOOKUP_COLUMN, MANDATORY, MIN_LENGTH, MAX_LENGTH, MIN_VALUE, MAX_VALUE, CONSTANT_VALUE, UNIQUE_KEY, CREATE_USER, CREATED_ON, LINE_NO, MANAGED, FIELD_PATH, DATA_TYPE, DATA1, DATA2, TRANSITIVE_FIELDS, FORMULA, ENTITY_LOOKUP_TYPE)
VALUES ('8d51c3eea8a048688bdd3e9b144fa789', 0, 'cfaa936aaa9a4e6da335ab2143c0b1f4', 'custHcl5Ver', 'CUST_HCL5_VER', 'NUMBER(20, 0)', 'N/A', 0, 'integer', '', '', '', '', '', '', '', 0, NULL, 18, NULL, NULL, '', '', 'system', systimestamp, '84', 0, 'entity.commitCharge.custHcl5Ver', '', '', '', '', '', '');
INSERT INTO CNT_FIELD_DEFINITION
 (ID, REVISION, PARENT_ID, FIELD_ID, COLUMN_NAME, COLUMN_TYPE, REPORT_COLUMN_NAME, PRODUCT_FIELD, FIELD_TYPE, ENTITY_LOOKUP, ENTITY_LOOKUP_KEY, ORDER_BY, GENERATOR, REFER_TABLE, KEY_COLUMN, LOOKUP_COLUMN, MANDATORY, MIN_LENGTH, MAX_LENGTH, MIN_VALUE, MAX_VALUE, CONSTANT_VALUE, UNIQUE_KEY, CREATE_USER, CREATED_ON, LINE_NO, MANAGED, FIELD_PATH, DATA_TYPE, DATA1, DATA2, TRANSITIVE_FIELDS, FORMULA, ENTITY_LOOKUP_TYPE)
VALUES ('9d3d99fff73f4d11a3febad10eac0720', 0, 'cfaa936aaa9a4e6da335ab2143c0b1f4', 'custHcl5Ref2', 'CUST_HCL5_REF2', 'NVARCHAR2(1000)', 'N/A', 0, 'string-l', '', '', '', '', '', '', '', 0, NULL, 1000, NULL, NULL, '', '', 'system', systimestamp, '85', 0, 'entity.commitCharge.custHcl5Ref2', '', '', '', '', '', '');
INSERT INTO CNT_FIELD_DEFINITION
 (ID, REVISION, PARENT_ID, FIELD_ID, COLUMN_NAME, COLUMN_TYPE, REPORT_COLUMN_NAME, PRODUCT_FIELD, FIELD_TYPE, ENTITY_LOOKUP, ENTITY_LOOKUP_KEY, ORDER_BY, GENERATOR, REFER_TABLE, KEY_COLUMN, LOOKUP_COLUMN, MANDATORY, MIN_LENGTH, MAX_LENGTH, MIN_VALUE, MAX_VALUE, CONSTANT_VALUE, UNIQUE_KEY, CREATE_USER, CREATED_ON, LINE_NO, MANAGED, FIELD_PATH, DATA_TYPE, DATA1, DATA2, TRANSITIVE_FIELDS, FORMULA, ENTITY_LOOKUP_TYPE)
VALUES ('67ef50f3115b484597b1ddb734c81b10', 0, 'cfaa936aaa9a4e6da335ab2143c0b1f4', 'custHcl5FullLineage', 'CUST_HCL5_FULL_LINEAGE', 'NVARCHAR2(1000)', 'N/A', 0, 'string-l', '', '', '', '', '', '', '', 0, NULL, 1000, NULL, NULL, '', '', 'system', systimestamp, '86', 0, 'entity.commitCharge.custHcl5FullLineage', '', '', '', '', '', '');
INSERT INTO CNT_ENTITY_DEFINITION
 (ID, REVISION, ENTITY_NAME, ENTITY_VERSION, PRODUCT_TABLE_NAME, CUSTOM_TABLE_NAME, REPORT_TABLE_NAME, MODULE, TYPE, REVISION_TRACKING, VERSION_TRACKING, HISTORY_ENTITY_NAME, REF_PATTERN, SYSTEM_ENTITY, CREATE_USER, CREATED_ON, IS_FOR_EXTERNAL)
VALUES ('fcbde46177b940e78085bd75d9686143', 0, 'CommitContact', 1, 'CNT_COMMIT_CONTACT', 'CTM_COMMIT', 'COMMITMENT_CONTACT', 'commit', 'inner', 'ALL', 'ALL', '', '${firstName} ${lastName}', 0, 'system', systimestamp, 0);
INSERT INTO CNT_FIELD_DEFINITION
 (ID, REVISION, PARENT_ID, FIELD_ID, COLUMN_NAME, COLUMN_TYPE, REPORT_COLUMN_NAME, PRODUCT_FIELD, FIELD_TYPE, ENTITY_LOOKUP, ENTITY_LOOKUP_KEY, ORDER_BY, GENERATOR, REFER_TABLE, KEY_COLUMN, LOOKUP_COLUMN, MANDATORY, MIN_LENGTH, MAX_LENGTH, MIN_VALUE, MAX_VALUE, CONSTANT_VALUE, UNIQUE_KEY, CREATE_USER, CREATED_ON, LINE_NO, MANAGED, FIELD_PATH, DATA_TYPE, DATA1, DATA2, TRANSITIVE_FIELDS, FORMULA, ENTITY_LOOKUP_TYPE)
VALUES ('72bc7bd7cb20487a88020ce98918ef3f', 0, 'fcbde46177b940e78085bd75d9686143', 'id', 'ID', 'CHAR(32)', '', 1, 'id', '', '', '', 'com.core.cbx.data.generator.UUIDGenerator', '', '', '', 0, 32, 32, NULL, NULL, '', '', 'system', systimestamp, '0', 0, 'entity.commitContact.id', '', '', '', '', '', '');
INSERT INTO CNT_FIELD_DEFINITION
 (ID, REVISION, PARENT_ID, FIELD_ID, COLUMN_NAME, COLUMN_TYPE, REPORT_COLUMN_NAME, PRODUCT_FIELD, FIELD_TYPE, ENTITY_LOOKUP, ENTITY_LOOKUP_KEY, ORDER_BY, GENERATOR, REFER_TABLE, KEY_COLUMN, LOOKUP_COLUMN, MANDATORY, MIN_LENGTH, MAX_LENGTH, MIN_VALUE, MAX_VALUE, CONSTANT_VALUE, UNIQUE_KEY, CREATE_USER, CREATED_ON, LINE_NO, MANAGED, FIELD_PATH, DATA_TYPE, DATA1, DATA2, TRANSITIVE_FIELDS, FORMULA, ENTITY_LOOKUP_TYPE)
VALUES ('d9aa61eed54a4d009142681b50de12c3', 0, 'fcbde46177b940e78085bd75d9686143', 'revision', 'REVISION', 'NUMBER(20, 0)', '', 1, 'integer', '', '', '', '', '', '', '', 0, NULL, 18, NULL, NULL, '', '', 'system', systimestamp, '1', 0, 'entity.commitContact.revision', '', '', '', '', '', '');
INSERT INTO CNT_FIELD_DEFINITION
 (ID, REVISION, PARENT_ID, FIELD_ID, COLUMN_NAME, COLUMN_TYPE, REPORT_COLUMN_NAME, PRODUCT_FIELD, FIELD_TYPE, ENTITY_LOOKUP, ENTITY_LOOKUP_KEY, ORDER_BY, GENERATOR, REFER_TABLE, KEY_COLUMN, LOOKUP_COLUMN, MANDATORY, MIN_LENGTH, MAX_LENGTH, MIN_VALUE, MAX_VALUE, CONSTANT_VALUE, UNIQUE_KEY, CREATE_USER, CREATED_ON, LINE_NO, MANAGED, FIELD_PATH, DATA_TYPE, DATA1, DATA2, TRANSITIVE_FIELDS, FORMULA, ENTITY_LOOKUP_TYPE)
VALUES ('84142dd28b0a48fb8bb8506553b91d96', 0, 'fcbde46177b940e78085bd75d9686143', 'entityVersion', 'ENTITY_VERSION', 'NUMBER(20, 0)', '', 1, 'integer', '', '', '', '', '', '', '', 0, NULL, 18, NULL, NULL, '', '', 'system', systimestamp, '2', 0, 'entity.commitContact.entityVersion', '', '', '', '', '', '');
INSERT INTO CNT_FIELD_DEFINITION
 (ID, REVISION, PARENT_ID, FIELD_ID, COLUMN_NAME, COLUMN_TYPE, REPORT_COLUMN_NAME, PRODUCT_FIELD, FIELD_TYPE, ENTITY_LOOKUP, ENTITY_LOOKUP_KEY, ORDER_BY, GENERATOR, REFER_TABLE, KEY_COLUMN, LOOKUP_COLUMN, MANDATORY, MIN_LENGTH, MAX_LENGTH, MIN_VALUE, MAX_VALUE, CONSTANT_VALUE, UNIQUE_KEY, CREATE_USER, CREATED_ON, LINE_NO, MANAGED, FIELD_PATH, DATA_TYPE, DATA1, DATA2, TRANSITIVE_FIELDS, FORMULA, ENTITY_LOOKUP_TYPE)
VALUES ('616731f716b244c2b05b06333606fd06', 0, 'fcbde46177b940e78085bd75d9686143', 'domainId', 'DOMAIN_ID', 'NVARCHAR2(400)', '', 1, 'string-m', '', '', '', '', '', '', '', 0, NULL, 400, NULL, NULL, '', '', 'system', systimestamp, '3', 0, 'entity.commitContact.domainId', '', '', '', '', '', '');
INSERT INTO CNT_FIELD_DEFINITION
 (ID, REVISION, PARENT_ID, FIELD_ID, COLUMN_NAME, COLUMN_TYPE, REPORT_COLUMN_NAME, PRODUCT_FIELD, FIELD_TYPE, ENTITY_LOOKUP, ENTITY_LOOKUP_KEY, ORDER_BY, GENERATOR, REFER_TABLE, KEY_COLUMN, LOOKUP_COLUMN, MANDATORY, MIN_LENGTH, MAX_LENGTH, MIN_VALUE, MAX_VALUE, CONSTANT_VALUE, UNIQUE_KEY, CREATE_USER, CREATED_ON, LINE_NO, MANAGED, FIELD_PATH, DATA_TYPE, DATA1, DATA2, TRANSITIVE_FIELDS, FORMULA, ENTITY_LOOKUP_TYPE)
VALUES ('721c30cbe9834c638e348ab7ec63ae8a', 0, 'fcbde46177b940e78085bd75d9686143', 'hubDomainId', 'HUB_DOMAIN_ID', 'NVARCHAR2(400)', '', 1, 'string-m', '', '', '', '', '', '', '', 0, NULL, 400, NULL, NULL, '', '', 'system', systimestamp, '4', 0, 'entity.commitContact.hubDomainId', '', '', '', '', '', '');
INSERT INTO CNT_FIELD_DEFINITION
 (ID, REVISION, PARENT_ID, FIELD_ID, COLUMN_NAME, COLUMN_TYPE, REPORT_COLUMN_NAME, PRODUCT_FIELD, FIELD_TYPE, ENTITY_LOOKUP, ENTITY_LOOKUP_KEY, ORDER_BY, GENERATOR, REFER_TABLE, KEY_COLUMN, LOOKUP_COLUMN, MANDATORY, MIN_LENGTH, MAX_LENGTH, MIN_VALUE, MAX_VALUE, CONSTANT_VALUE, UNIQUE_KEY, CREATE_USER, CREATED_ON, LINE_NO, MANAGED, FIELD_PATH, DATA_TYPE, DATA1, DATA2, TRANSITIVE_FIELDS, FORMULA, ENTITY_LOOKUP_TYPE)
VALUES ('969f862741154c3ba1b8d6a50fd7ae0c', 0, 'fcbde46177b940e78085bd75d9686143', 'isForReference', 'IS_FOR_REFERENCE', 'NUMBER(1,0)', '', 1, 'boolean', '', '', '', '', '', '', '', 0, NULL, NULL, NULL, NULL, '', '', 'system', systimestamp, '5', 0, 'entity.commitContact.isForReference', '', '', '', '', '', '');
INSERT INTO CNT_FIELD_DEFINITION
 (ID, REVISION, PARENT_ID, FIELD_ID, COLUMN_NAME, COLUMN_TYPE, REPORT_COLUMN_NAME, PRODUCT_FIELD, FIELD_TYPE, ENTITY_LOOKUP, ENTITY_LOOKUP_KEY, ORDER_BY, GENERATOR, REFER_TABLE, KEY_COLUMN, LOOKUP_COLUMN, MANDATORY, MIN_LENGTH, MAX_LENGTH, MIN_VALUE, MAX_VALUE, CONSTANT_VALUE, UNIQUE_KEY, CREATE_USER, CREATED_ON, LINE_NO, MANAGED, FIELD_PATH, DATA_TYPE, DATA1, DATA2, TRANSITIVE_FIELDS, FORMULA, ENTITY_LOOKUP_TYPE)
VALUES ('ad9ebda070ee4c4387895962420ec630', 0, 'fcbde46177b940e78085bd75d9686143', 'internalSeqNo', 'INTERNAL_SEQ_NO', 'NUMBER(20, 0)', 'n/a', 1, 'integer', '', '', '', '', '', '', '', 0, NULL, 18, NULL, NULL, '', '', 'system', systimestamp, '6', 0, 'entity.commitContact.internalSeqNo', '', '', '', '', '', '');
INSERT INTO CNT_FIELD_DEFINITION
 (ID, REVISION, PARENT_ID, FIELD_ID, COLUMN_NAME, COLUMN_TYPE, REPORT_COLUMN_NAME, PRODUCT_FIELD, FIELD_TYPE, ENTITY_LOOKUP, ENTITY_LOOKUP_KEY, ORDER_BY, GENERATOR, REFER_TABLE, KEY_COLUMN, LOOKUP_COLUMN, MANDATORY, MIN_LENGTH, MAX_LENGTH, MIN_VALUE, MAX_VALUE, CONSTANT_VALUE, UNIQUE_KEY, CREATE_USER, CREATED_ON, LINE_NO, MANAGED, FIELD_PATH, DATA_TYPE, DATA1, DATA2, TRANSITIVE_FIELDS, FORMULA, ENTITY_LOOKUP_TYPE)
VALUES ('11ec0a6653cf47edb7bcc4b653f60871', 0, 'fcbde46177b940e78085bd75d9686143', 'commitId', 'COMMIT_ID', 'CHAR(32)', 'COMMITMENT_SYS_ID', 1, 'id', '', '', '', '', '', '', '', 1, 32, 32, NULL, NULL, '', '', 'system', systimestamp, '7', 0, 'entity.commitContact.commitId', '', '', '', '', '', '');
INSERT INTO CNT_FIELD_DEFINITION
 (ID, REVISION, PARENT_ID, FIELD_ID, COLUMN_NAME, COLUMN_TYPE, REPORT_COLUMN_NAME, PRODUCT_FIELD, FIELD_TYPE, ENTITY_LOOKUP, ENTITY_LOOKUP_KEY, ORDER_BY, GENERATOR, REFER_TABLE, KEY_COLUMN, LOOKUP_COLUMN, MANDATORY, MIN_LENGTH, MAX_LENGTH, MIN_VALUE, MAX_VALUE, CONSTANT_VALUE, UNIQUE_KEY, CREATE_USER, CREATED_ON, LINE_NO, MANAGED, FIELD_PATH, DATA_TYPE, DATA1, DATA2, TRANSITIVE_FIELDS, FORMULA, ENTITY_LOOKUP_TYPE)
VALUES ('167ba9ec5b1243c2b6bf17a9fbc919c6', 0, 'fcbde46177b940e78085bd75d9686143', 'contactType', 'CONTACT_TYPE', 'NVARCHAR2(400)', 'CONTACT_TYPE', 1, 'string-m', '', '', '', '', '', '', '', 0, NULL, 400, NULL, NULL, '', '', 'system', systimestamp, '8', 0, 'entity.commitContact.contactType', '', '', '', '', '', '');
INSERT INTO CNT_FIELD_DEFINITION
 (ID, REVISION, PARENT_ID, FIELD_ID, COLUMN_NAME, COLUMN_TYPE, REPORT_COLUMN_NAME, PRODUCT_FIELD, FIELD_TYPE, ENTITY_LOOKUP, ENTITY_LOOKUP_KEY, ORDER_BY, GENERATOR, REFER_TABLE, KEY_COLUMN, LOOKUP_COLUMN, MANDATORY, MIN_LENGTH, MAX_LENGTH, MIN_VALUE, MAX_VALUE, CONSTANT_VALUE, UNIQUE_KEY, CREATE_USER, CREATED_ON, LINE_NO, MANAGED, FIELD_PATH, DATA_TYPE, DATA1, DATA2, TRANSITIVE_FIELDS, FORMULA, ENTITY_LOOKUP_TYPE)
VALUES ('759e1f728ba848a8ab27ba478f95a563', 0, 'fcbde46177b940e78085bd75d9686143', 'title', 'TITLE', 'NVARCHAR2(400)', 'TITLE', 1, 'string-m', '', '', '', '', '', '', '', 0, NULL, 400, NULL, NULL, '', '', 'system', systimestamp, '9', 0, 'entity.commitContact.title', '', '', '', '', '', '');
INSERT INTO CNT_FIELD_DEFINITION
 (ID, REVISION, PARENT_ID, FIELD_ID, COLUMN_NAME, COLUMN_TYPE, REPORT_COLUMN_NAME, PRODUCT_FIELD, FIELD_TYPE, ENTITY_LOOKUP, ENTITY_LOOKUP_KEY, ORDER_BY, GENERATOR, REFER_TABLE, KEY_COLUMN, LOOKUP_COLUMN, MANDATORY, MIN_LENGTH, MAX_LENGTH, MIN_VALUE, MAX_VALUE, CONSTANT_VALUE, UNIQUE_KEY, CREATE_USER, CREATED_ON, LINE_NO, MANAGED, FIELD_PATH, DATA_TYPE, DATA1, DATA2, TRANSITIVE_FIELDS, FORMULA, ENTITY_LOOKUP_TYPE)
VALUES ('f410f929bead45f08ae76db3c630a71f', 0, 'fcbde46177b940e78085bd75d9686143', 'firstName', 'FIRST_NAME', 'NVARCHAR2(400)', 'FIRST_NAME', 1, 'string-m', '', '', '', '', '', '', '', 0, NULL, 400, NULL, NULL, '', '', 'system', systimestamp, '10', 0, 'entity.commitContact.firstName', '', '', '', '', 'refNo', '');
INSERT INTO CNT_FIELD_DEFINITION
 (ID, REVISION, PARENT_ID, FIELD_ID, COLUMN_NAME, COLUMN_TYPE, REPORT_COLUMN_NAME, PRODUCT_FIELD, FIELD_TYPE, ENTITY_LOOKUP, ENTITY_LOOKUP_KEY, ORDER_BY, GENERATOR, REFER_TABLE, KEY_COLUMN, LOOKUP_COLUMN, MANDATORY, MIN_LENGTH, MAX_LENGTH, MIN_VALUE, MAX_VALUE, CONSTANT_VALUE, UNIQUE_KEY, CREATE_USER, CREATED_ON, LINE_NO, MANAGED, FIELD_PATH, DATA_TYPE, DATA1, DATA2, TRANSITIVE_FIELDS, FORMULA, ENTITY_LOOKUP_TYPE)
VALUES ('12e9c872f3c748ea96624bdf152d9412', 0, 'fcbde46177b940e78085bd75d9686143', 'lastName', 'LAST_NAME', 'NVARCHAR2(400)', 'LAST_NAME', 1, 'string-m', '', '', '', '', '', '', '', 0, NULL, 400, NULL, NULL, '', '', 'system', systimestamp, '11', 0, 'entity.commitContact.lastName', '', '', '', '', '', '');
INSERT INTO CNT_FIELD_DEFINITION
 (ID, REVISION, PARENT_ID, FIELD_ID, COLUMN_NAME, COLUMN_TYPE, REPORT_COLUMN_NAME, PRODUCT_FIELD, FIELD_TYPE, ENTITY_LOOKUP, ENTITY_LOOKUP_KEY, ORDER_BY, GENERATOR, REFER_TABLE, KEY_COLUMN, LOOKUP_COLUMN, MANDATORY, MIN_LENGTH, MAX_LENGTH, MIN_VALUE, MAX_VALUE, CONSTANT_VALUE, UNIQUE_KEY, CREATE_USER, CREATED_ON, LINE_NO, MANAGED, FIELD_PATH, DATA_TYPE, DATA1, DATA2, TRANSITIVE_FIELDS, FORMULA, ENTITY_LOOKUP_TYPE)
VALUES ('350cc3572626431d884ffa36732b88ab', 0, 'fcbde46177b940e78085bd75d9686143', 'department', 'DEPARTMENT', 'NVARCHAR2(400)', 'DEPARTMENT', 1, 'string-m', '', '', '', '', '', '', '', 0, NULL, 400, NULL, NULL, '', '', 'system', systimestamp, '12', 0, 'entity.commitContact.department', '', '', '', '', '', '');
INSERT INTO CNT_FIELD_DEFINITION
 (ID, REVISION, PARENT_ID, FIELD_ID, COLUMN_NAME, COLUMN_TYPE, REPORT_COLUMN_NAME, PRODUCT_FIELD, FIELD_TYPE, ENTITY_LOOKUP, ENTITY_LOOKUP_KEY, ORDER_BY, GENERATOR, REFER_TABLE, KEY_COLUMN, LOOKUP_COLUMN, MANDATORY, MIN_LENGTH, MAX_LENGTH, MIN_VALUE, MAX_VALUE, CONSTANT_VALUE, UNIQUE_KEY, CREATE_USER, CREATED_ON, LINE_NO, MANAGED, FIELD_PATH, DATA_TYPE, DATA1, DATA2, TRANSITIVE_FIELDS, FORMULA, ENTITY_LOOKUP_TYPE)
VALUES ('f9d7ecd15dbc484d990f7f2f0fdf0e44', 0, 'fcbde46177b940e78085bd75d9686143', 'telNo', 'TEL_NO', 'NVARCHAR2(400)', 'PHONE', 1, 'string-m', '', '', '', '', '', '', '', 0, NULL, 400, NULL, NULL, '', '', 'system', systimestamp, '13', 0, 'entity.commitContact.telNo', '', '', '', '', '', '');
INSERT INTO CNT_FIELD_DEFINITION
 (ID, REVISION, PARENT_ID, FIELD_ID, COLUMN_NAME, COLUMN_TYPE, REPORT_COLUMN_NAME, PRODUCT_FIELD, FIELD_TYPE, ENTITY_LOOKUP, ENTITY_LOOKUP_KEY, ORDER_BY, GENERATOR, REFER_TABLE, KEY_COLUMN, LOOKUP_COLUMN, MANDATORY, MIN_LENGTH, MAX_LENGTH, MIN_VALUE, MAX_VALUE, CONSTANT_VALUE, UNIQUE_KEY, CREATE_USER, CREATED_ON, LINE_NO, MANAGED, FIELD_PATH, DATA_TYPE, DATA1, DATA2, TRANSITIVE_FIELDS, FORMULA, ENTITY_LOOKUP_TYPE)
VALUES ('5bdff1b683934404beee34152965867c', 0, 'fcbde46177b940e78085bd75d9686143', 'mobileNo', 'MOBILE_NO', 'NVARCHAR2(400)', 'MOBILE', 1, 'string-m', '', '', '', '', '', '', '', 0, NULL, 400, NULL, NULL, '', '', 'system', systimestamp, '14', 0, 'entity.commitContact.mobileNo', '', '', '', '', '', '');
INSERT INTO CNT_FIELD_DEFINITION
 (ID, REVISION, PARENT_ID, FIELD_ID, COLUMN_NAME, COLUMN_TYPE, REPORT_COLUMN_NAME, PRODUCT_FIELD, FIELD_TYPE, ENTITY_LOOKUP, ENTITY_LOOKUP_KEY, ORDER_BY, GENERATOR, REFER_TABLE, KEY_COLUMN, LOOKUP_COLUMN, MANDATORY, MIN_LENGTH, MAX_LENGTH, MIN_VALUE, MAX_VALUE, CONSTANT_VALUE, UNIQUE_KEY, CREATE_USER, CREATED_ON, LINE_NO, MANAGED, FIELD_PATH, DATA_TYPE, DATA1, DATA2, TRANSITIVE_FIELDS, FORMULA, ENTITY_LOOKUP_TYPE)
VALUES ('ba65a806b54447728f04f2a67cb2c949', 0, 'fcbde46177b940e78085bd75d9686143', 'faxNo', 'FAX_NO', 'NVARCHAR2(400)', 'FAX', 1, 'string-m', '', '', '', '', '', '', '', 0, NULL, 400, NULL, NULL, '', '', 'system', systimestamp, '15', 0, 'entity.commitContact.faxNo', '', '', '', '', '', '');
INSERT INTO CNT_FIELD_DEFINITION
 (ID, REVISION, PARENT_ID, FIELD_ID, COLUMN_NAME, COLUMN_TYPE, REPORT_COLUMN_NAME, PRODUCT_FIELD, FIELD_TYPE, ENTITY_LOOKUP, ENTITY_LOOKUP_KEY, ORDER_BY, GENERATOR, REFER_TABLE, KEY_COLUMN, LOOKUP_COLUMN, MANDATORY, MIN_LENGTH, MAX_LENGTH, MIN_VALUE, MAX_VALUE, CONSTANT_VALUE, UNIQUE_KEY, CREATE_USER, CREATED_ON, LINE_NO, MANAGED, FIELD_PATH, DATA_TYPE, DATA1, DATA2, TRANSITIVE_FIELDS, FORMULA, ENTITY_LOOKUP_TYPE)
VALUES ('01002a99eb364ce6954b46a3c7bb3b4b', 0, 'fcbde46177b940e78085bd75d9686143', 'email', 'EMAIL', 'NVARCHAR2(400)', 'EMAIL', 1, 'string-m', '', '', '', '', '', '', '', 0, NULL, 400, NULL, NULL, '', '', 'system', systimestamp, '16', 0, 'entity.commitContact.email', '', '', '', '', '', '');
INSERT INTO CNT_FIELD_DEFINITION
 (ID, REVISION, PARENT_ID, FIELD_ID, COLUMN_NAME, COLUMN_TYPE, REPORT_COLUMN_NAME, PRODUCT_FIELD, FIELD_TYPE, ENTITY_LOOKUP, ENTITY_LOOKUP_KEY, ORDER_BY, GENERATOR, REFER_TABLE, KEY_COLUMN, LOOKUP_COLUMN, MANDATORY, MIN_LENGTH, MAX_LENGTH, MIN_VALUE, MAX_VALUE, CONSTANT_VALUE, UNIQUE_KEY, CREATE_USER, CREATED_ON, LINE_NO, MANAGED, FIELD_PATH, DATA_TYPE, DATA1, DATA2, TRANSITIVE_FIELDS, FORMULA, ENTITY_LOOKUP_TYPE)
VALUES ('8a4ba8116ed441b7b2d625b1a2c09863', 0, 'fcbde46177b940e78085bd75d9686143', 'refNo', 'REF_NO', 'NVARCHAR2(1000)', '', 1, 'string-l', '', '', '', '', '', '', '', 0, NULL, 1000, NULL, NULL, '', '', 'system', systimestamp, '17', 0, 'entity.commitContact.refNo', '', '', '', '', '', '');
INSERT INTO CNT_FIELD_DEFINITION
 (ID, REVISION, PARENT_ID, FIELD_ID, COLUMN_NAME, COLUMN_TYPE, REPORT_COLUMN_NAME, PRODUCT_FIELD, FIELD_TYPE, ENTITY_LOOKUP, ENTITY_LOOKUP_KEY, ORDER_BY, GENERATOR, REFER_TABLE, KEY_COLUMN, LOOKUP_COLUMN, MANDATORY, MIN_LENGTH, MAX_LENGTH, MIN_VALUE, MAX_VALUE, CONSTANT_VALUE, UNIQUE_KEY, CREATE_USER, CREATED_ON, LINE_NO, MANAGED, FIELD_PATH, DATA_TYPE, DATA1, DATA2, TRANSITIVE_FIELDS, FORMULA, ENTITY_LOOKUP_TYPE)
VALUES ('03899af699c34a0994f49ad378436aee', 0, 'fcbde46177b940e78085bd75d9686143', 'custText1', 'CUST_TEXT1', 'NVARCHAR2(1000)', 'CUSTOM_FIELD_TEXT1', 0, 'string-l', '', '', '', '', '', '', '', 0, NULL, 1000, NULL, NULL, '', '', 'system', systimestamp, '18', 0, 'entity.commitContact.custText1', '', '', '', '', '', '');
INSERT INTO CNT_FIELD_DEFINITION
 (ID, REVISION, PARENT_ID, FIELD_ID, COLUMN_NAME, COLUMN_TYPE, REPORT_COLUMN_NAME, PRODUCT_FIELD, FIELD_TYPE, ENTITY_LOOKUP, ENTITY_LOOKUP_KEY, ORDER_BY, GENERATOR, REFER_TABLE, KEY_COLUMN, LOOKUP_COLUMN, MANDATORY, MIN_LENGTH, MAX_LENGTH, MIN_VALUE, MAX_VALUE, CONSTANT_VALUE, UNIQUE_KEY, CREATE_USER, CREATED_ON, LINE_NO, MANAGED, FIELD_PATH, DATA_TYPE, DATA1, DATA2, TRANSITIVE_FIELDS, FORMULA, ENTITY_LOOKUP_TYPE)
VALUES ('4a0b21c1c7084fc183c358cc98b8cd02', 0, 'fcbde46177b940e78085bd75d9686143', 'custText2', 'CUST_TEXT2', 'NVARCHAR2(1000)', 'CUSTOM_FIELD_TEXT2', 0, 'string-l', '', '', '', '', '', '', '', 0, NULL, 1000, NULL, NULL, '', '', 'system', systimestamp, '19', 0, 'entity.commitContact.custText2', '', '', '', '', '', '');
INSERT INTO CNT_FIELD_DEFINITION
 (ID, REVISION, PARENT_ID, FIELD_ID, COLUMN_NAME, COLUMN_TYPE, REPORT_COLUMN_NAME, PRODUCT_FIELD, FIELD_TYPE, ENTITY_LOOKUP, ENTITY_LOOKUP_KEY, ORDER_BY, GENERATOR, REFER_TABLE, KEY_COLUMN, LOOKUP_COLUMN, MANDATORY, MIN_LENGTH, MAX_LENGTH, MIN_VALUE, MAX_VALUE, CONSTANT_VALUE, UNIQUE_KEY, CREATE_USER, CREATED_ON, LINE_NO, MANAGED, FIELD_PATH, DATA_TYPE, DATA1, DATA2, TRANSITIVE_FIELDS, FORMULA, ENTITY_LOOKUP_TYPE)
VALUES ('91e2cd33aff246d89a8465200ea96f3e', 0, 'fcbde46177b940e78085bd75d9686143', 'custText3', 'CUST_TEXT3', 'NVARCHAR2(1000)', 'CUSTOM_FIELD_TEXT3', 0, 'string-l', '', '', '', '', '', '', '', 0, NULL, 1000, NULL, NULL, '', '', 'system', systimestamp, '20', 0, 'entity.commitContact.custText3', '', '', '', '', '', '');
INSERT INTO CNT_FIELD_DEFINITION
 (ID, REVISION, PARENT_ID, FIELD_ID, COLUMN_NAME, COLUMN_TYPE, REPORT_COLUMN_NAME, PRODUCT_FIELD, FIELD_TYPE, ENTITY_LOOKUP, ENTITY_LOOKUP_KEY, ORDER_BY, GENERATOR, REFER_TABLE, KEY_COLUMN, LOOKUP_COLUMN, MANDATORY, MIN_LENGTH, MAX_LENGTH, MIN_VALUE, MAX_VALUE, CONSTANT_VALUE, UNIQUE_KEY, CREATE_USER, CREATED_ON, LINE_NO, MANAGED, FIELD_PATH, DATA_TYPE, DATA1, DATA2, TRANSITIVE_FIELDS, FORMULA, ENTITY_LOOKUP_TYPE)
VALUES ('43f536f00de1461098e8aaa4feed42c0', 0, 'fcbde46177b940e78085bd75d9686143', 'custText4', 'CUST_TEXT4', 'NVARCHAR2(1000)', 'CUSTOM_FIELD_TEXT4', 0, 'string-l', '', '', '', '', '', '', '', 0, NULL, 1000, NULL, NULL, '', '', 'system', systimestamp, '21', 0, 'entity.commitContact.custText4', '', '', '', '', '', '');
INSERT INTO CNT_FIELD_DEFINITION
 (ID, REVISION, PARENT_ID, FIELD_ID, COLUMN_NAME, COLUMN_TYPE, REPORT_COLUMN_NAME, PRODUCT_FIELD, FIELD_TYPE, ENTITY_LOOKUP, ENTITY_LOOKUP_KEY, ORDER_BY, GENERATOR, REFER_TABLE, KEY_COLUMN, LOOKUP_COLUMN, MANDATORY, MIN_LENGTH, MAX_LENGTH, MIN_VALUE, MAX_VALUE, CONSTANT_VALUE, UNIQUE_KEY, CREATE_USER, CREATED_ON, LINE_NO, MANAGED, FIELD_PATH, DATA_TYPE, DATA1, DATA2, TRANSITIVE_FIELDS, FORMULA, ENTITY_LOOKUP_TYPE)
VALUES ('96bfa3802941467bb246b38c2e70eabd', 0, 'fcbde46177b940e78085bd75d9686143', 'custText5', 'CUST_TEXT5', 'NVARCHAR2(1000)', 'CUSTOM_FIELD_TEXT5', 0, 'string-l', '', '', '', '', '', '', '', 0, NULL, 1000, NULL, NULL, '', '', 'system', systimestamp, '22', 0, 'entity.commitContact.custText5', '', '', '', '', '', '');
INSERT INTO CNT_FIELD_DEFINITION
 (ID, REVISION, PARENT_ID, FIELD_ID, COLUMN_NAME, COLUMN_TYPE, REPORT_COLUMN_NAME, PRODUCT_FIELD, FIELD_TYPE, ENTITY_LOOKUP, ENTITY_LOOKUP_KEY, ORDER_BY, GENERATOR, REFER_TABLE, KEY_COLUMN, LOOKUP_COLUMN, MANDATORY, MIN_LENGTH, MAX_LENGTH, MIN_VALUE, MAX_VALUE, CONSTANT_VALUE, UNIQUE_KEY, CREATE_USER, CREATED_ON, LINE_NO, MANAGED, FIELD_PATH, DATA_TYPE, DATA1, DATA2, TRANSITIVE_FIELDS, FORMULA, ENTITY_LOOKUP_TYPE)
VALUES ('da6dd30641c84305b35ccec0d151d897', 0, 'fcbde46177b940e78085bd75d9686143', 'custText6', 'CUST_TEXT6', 'NVARCHAR2(1000)', 'CUSTOM_FIELD_TEXT6', 0, 'string-l', '', '', '', '', '', '', '', 0, NULL, 1000, NULL, NULL, '', '', 'system', systimestamp, '23', 0, 'entity.commitContact.custText6', '', '', '', '', '', '');
INSERT INTO CNT_FIELD_DEFINITION
 (ID, REVISION, PARENT_ID, FIELD_ID, COLUMN_NAME, COLUMN_TYPE, REPORT_COLUMN_NAME, PRODUCT_FIELD, FIELD_TYPE, ENTITY_LOOKUP, ENTITY_LOOKUP_KEY, ORDER_BY, GENERATOR, REFER_TABLE, KEY_COLUMN, LOOKUP_COLUMN, MANDATORY, MIN_LENGTH, MAX_LENGTH, MIN_VALUE, MAX_VALUE, CONSTANT_VALUE, UNIQUE_KEY, CREATE_USER, CREATED_ON, LINE_NO, MANAGED, FIELD_PATH, DATA_TYPE, DATA1, DATA2, TRANSITIVE_FIELDS, FORMULA, ENTITY_LOOKUP_TYPE)
VALUES ('aa1641e3508d4ea4bba6ee95ae0bbdf6', 0, 'fcbde46177b940e78085bd75d9686143', 'custText7', 'CUST_TEXT7', 'NVARCHAR2(1000)', 'CUSTOM_FIELD_TEXT7', 0, 'string-l', '', '', '', '', '', '', '', 0, NULL, 1000, NULL, NULL, '', '', 'system', systimestamp, '24', 0, 'entity.commitContact.custText7', '', '', '', '', '', '');
INSERT INTO CNT_FIELD_DEFINITION
 (ID, REVISION, PARENT_ID, FIELD_ID, COLUMN_NAME, COLUMN_TYPE, REPORT_COLUMN_NAME, PRODUCT_FIELD, FIELD_TYPE, ENTITY_LOOKUP, ENTITY_LOOKUP_KEY, ORDER_BY, GENERATOR, REFER_TABLE, KEY_COLUMN, LOOKUP_COLUMN, MANDATORY, MIN_LENGTH, MAX_LENGTH, MIN_VALUE, MAX_VALUE, CONSTANT_VALUE, UNIQUE_KEY, CREATE_USER, CREATED_ON, LINE_NO, MANAGED, FIELD_PATH, DATA_TYPE, DATA1, DATA2, TRANSITIVE_FIELDS, FORMULA, ENTITY_LOOKUP_TYPE)
VALUES ('3ec7e34019e54ddf939da692982ddd55', 0, 'fcbde46177b940e78085bd75d9686143', 'custDate1', 'CUST_DATE1', 'DATE', 'CUSTOM_FIELD_DATE1', 0, 'date', '', '', '', '', '', '', '', 0, NULL, NULL, NULL, NULL, '', '', 'system', systimestamp, '25', 0, 'entity.commitContact.custDate1', '', '', '', '', '', '');
INSERT INTO CNT_FIELD_DEFINITION
 (ID, REVISION, PARENT_ID, FIELD_ID, COLUMN_NAME, COLUMN_TYPE, REPORT_COLUMN_NAME, PRODUCT_FIELD, FIELD_TYPE, ENTITY_LOOKUP, ENTITY_LOOKUP_KEY, ORDER_BY, GENERATOR, REFER_TABLE, KEY_COLUMN, LOOKUP_COLUMN, MANDATORY, MIN_LENGTH, MAX_LENGTH, MIN_VALUE, MAX_VALUE, CONSTANT_VALUE, UNIQUE_KEY, CREATE_USER, CREATED_ON, LINE_NO, MANAGED, FIELD_PATH, DATA_TYPE, DATA1, DATA2, TRANSITIVE_FIELDS, FORMULA, ENTITY_LOOKUP_TYPE)
VALUES ('4ee69031af5745c7b44bb1ffd52ef7cb', 0, 'fcbde46177b940e78085bd75d9686143', 'custDate2', 'CUST_DATE2', 'DATE', 'CUSTOM_FIELD_DATE2', 0, 'date', '', '', '', '', '', '', '', 0, NULL, NULL, NULL, NULL, '', '', 'system', systimestamp, '26', 0, 'entity.commitContact.custDate2', '', '', '', '', '', '');
INSERT INTO CNT_FIELD_DEFINITION
 (ID, REVISION, PARENT_ID, FIELD_ID, COLUMN_NAME, COLUMN_TYPE, REPORT_COLUMN_NAME, PRODUCT_FIELD, FIELD_TYPE, ENTITY_LOOKUP, ENTITY_LOOKUP_KEY, ORDER_BY, GENERATOR, REFER_TABLE, KEY_COLUMN, LOOKUP_COLUMN, MANDATORY, MIN_LENGTH, MAX_LENGTH, MIN_VALUE, MAX_VALUE, CONSTANT_VALUE, UNIQUE_KEY, CREATE_USER, CREATED_ON, LINE_NO, MANAGED, FIELD_PATH, DATA_TYPE, DATA1, DATA2, TRANSITIVE_FIELDS, FORMULA, ENTITY_LOOKUP_TYPE)
VALUES ('20d88da24cd34663bf4dd3472113485e', 0, 'fcbde46177b940e78085bd75d9686143', 'custDate3', 'CUST_DATE3', 'DATE', 'CUSTOM_FIELD_DATE3', 0, 'date', '', '', '', '', '', '', '', 0, NULL, NULL, NULL, NULL, '', '', 'system', systimestamp, '27', 0, 'entity.commitContact.custDate3', '', '', '', '', '', '');
INSERT INTO CNT_FIELD_DEFINITION
 (ID, REVISION, PARENT_ID, FIELD_ID, COLUMN_NAME, COLUMN_TYPE, REPORT_COLUMN_NAME, PRODUCT_FIELD, FIELD_TYPE, ENTITY_LOOKUP, ENTITY_LOOKUP_KEY, ORDER_BY, GENERATOR, REFER_TABLE, KEY_COLUMN, LOOKUP_COLUMN, MANDATORY, MIN_LENGTH, MAX_LENGTH, MIN_VALUE, MAX_VALUE, CONSTANT_VALUE, UNIQUE_KEY, CREATE_USER, CREATED_ON, LINE_NO, MANAGED, FIELD_PATH, DATA_TYPE, DATA1, DATA2, TRANSITIVE_FIELDS, FORMULA, ENTITY_LOOKUP_TYPE)
VALUES ('f4a5a8ed76ac44209ddcf1b2e519e038', 0, 'fcbde46177b940e78085bd75d9686143', 'custDate4', 'CUST_DATE4', 'DATE', 'CUSTOM_FIELD_DATE4', 0, 'date', '', '', '', '', '', '', '', 0, NULL, NULL, NULL, NULL, '', '', 'system', systimestamp, '28', 0, 'entity.commitContact.custDate4', '', '', '', '', '', '');
INSERT INTO CNT_FIELD_DEFINITION
 (ID, REVISION, PARENT_ID, FIELD_ID, COLUMN_NAME, COLUMN_TYPE, REPORT_COLUMN_NAME, PRODUCT_FIELD, FIELD_TYPE, ENTITY_LOOKUP, ENTITY_LOOKUP_KEY, ORDER_BY, GENERATOR, REFER_TABLE, KEY_COLUMN, LOOKUP_COLUMN, MANDATORY, MIN_LENGTH, MAX_LENGTH, MIN_VALUE, MAX_VALUE, CONSTANT_VALUE, UNIQUE_KEY, CREATE_USER, CREATED_ON, LINE_NO, MANAGED, FIELD_PATH, DATA_TYPE, DATA1, DATA2, TRANSITIVE_FIELDS, FORMULA, ENTITY_LOOKUP_TYPE)
VALUES ('b0793a32c17946cda1b05324c5d88bae', 0, 'fcbde46177b940e78085bd75d9686143', 'custDate5', 'CUST_DATE5', 'DATE', 'CUSTOM_FIELD_DATE5', 0, 'date', '', '', '', '', '', '', '', 0, NULL, NULL, NULL, NULL, '', '', 'system', systimestamp, '29', 0, 'entity.commitContact.custDate5', '', '', '', '', '', '');
INSERT INTO CNT_FIELD_DEFINITION
 (ID, REVISION, PARENT_ID, FIELD_ID, COLUMN_NAME, COLUMN_TYPE, REPORT_COLUMN_NAME, PRODUCT_FIELD, FIELD_TYPE, ENTITY_LOOKUP, ENTITY_LOOKUP_KEY, ORDER_BY, GENERATOR, REFER_TABLE, KEY_COLUMN, LOOKUP_COLUMN, MANDATORY, MIN_LENGTH, MAX_LENGTH, MIN_VALUE, MAX_VALUE, CONSTANT_VALUE, UNIQUE_KEY, CREATE_USER, CREATED_ON, LINE_NO, MANAGED, FIELD_PATH, DATA_TYPE, DATA1, DATA2, TRANSITIVE_FIELDS, FORMULA, ENTITY_LOOKUP_TYPE)
VALUES ('eef853ed27644ec4a862996c3c212f43', 0, 'fcbde46177b940e78085bd75d9686143', 'custDate6', 'CUST_DATE6', 'DATE', 'CUSTOM_FIELD_DATE6', 0, 'date', '', '', '', '', '', '', '', 0, NULL, NULL, NULL, NULL, '', '', 'system', systimestamp, '30', 0, 'entity.commitContact.custDate6', '', '', '', '', '', '');
INSERT INTO CNT_FIELD_DEFINITION
 (ID, REVISION, PARENT_ID, FIELD_ID, COLUMN_NAME, COLUMN_TYPE, REPORT_COLUMN_NAME, PRODUCT_FIELD, FIELD_TYPE, ENTITY_LOOKUP, ENTITY_LOOKUP_KEY, ORDER_BY, GENERATOR, REFER_TABLE, KEY_COLUMN, LOOKUP_COLUMN, MANDATORY, MIN_LENGTH, MAX_LENGTH, MIN_VALUE, MAX_VALUE, CONSTANT_VALUE, UNIQUE_KEY, CREATE_USER, CREATED_ON, LINE_NO, MANAGED, FIELD_PATH, DATA_TYPE, DATA1, DATA2, TRANSITIVE_FIELDS, FORMULA, ENTITY_LOOKUP_TYPE)
VALUES ('64debdf6412144a59db4af7ed1a6366c', 0, 'fcbde46177b940e78085bd75d9686143', 'custDate7', 'CUST_DATE7', 'DATE', 'CUSTOM_FIELD_DATE7', 0, 'date', '', '', '', '', '', '', '', 0, NULL, NULL, NULL, NULL, '', '', 'system', systimestamp, '31', 0, 'entity.commitContact.custDate7', '', '', '', '', '', '');
INSERT INTO CNT_FIELD_DEFINITION
 (ID, REVISION, PARENT_ID, FIELD_ID, COLUMN_NAME, COLUMN_TYPE, REPORT_COLUMN_NAME, PRODUCT_FIELD, FIELD_TYPE, ENTITY_LOOKUP, ENTITY_LOOKUP_KEY, ORDER_BY, GENERATOR, REFER_TABLE, KEY_COLUMN, LOOKUP_COLUMN, MANDATORY, MIN_LENGTH, MAX_LENGTH, MIN_VALUE, MAX_VALUE, CONSTANT_VALUE, UNIQUE_KEY, CREATE_USER, CREATED_ON, LINE_NO, MANAGED, FIELD_PATH, DATA_TYPE, DATA1, DATA2, TRANSITIVE_FIELDS, FORMULA, ENTITY_LOOKUP_TYPE)
VALUES ('69153749e5e34619abab01a59f7e7680', 0, 'fcbde46177b940e78085bd75d9686143', 'custNumber1', 'CUST_NUMBER1', 'NUMBER(20, 0)', 'CUSTOM_FIELD_NUMBER1', 0, 'integer', '', '', '', '', '', '', '', 0, NULL, 18, NULL, NULL, '', '', 'system', systimestamp, '32', 0, 'entity.commitContact.custNumber1', '', '', '', '', '', '');
INSERT INTO CNT_FIELD_DEFINITION
 (ID, REVISION, PARENT_ID, FIELD_ID, COLUMN_NAME, COLUMN_TYPE, REPORT_COLUMN_NAME, PRODUCT_FIELD, FIELD_TYPE, ENTITY_LOOKUP, ENTITY_LOOKUP_KEY, ORDER_BY, GENERATOR, REFER_TABLE, KEY_COLUMN, LOOKUP_COLUMN, MANDATORY, MIN_LENGTH, MAX_LENGTH, MIN_VALUE, MAX_VALUE, CONSTANT_VALUE, UNIQUE_KEY, CREATE_USER, CREATED_ON, LINE_NO, MANAGED, FIELD_PATH, DATA_TYPE, DATA1, DATA2, TRANSITIVE_FIELDS, FORMULA, ENTITY_LOOKUP_TYPE)
VALUES ('703f9d41eee241e9a7fbe859110c4711', 0, 'fcbde46177b940e78085bd75d9686143', 'custNumber2', 'CUST_NUMBER2', 'NUMBER(20, 0)', 'CUSTOM_FIELD_NUMBER2', 0, 'integer', '', '', '', '', '', '', '', 0, NULL, 18, NULL, NULL, '', '', 'system', systimestamp, '33', 0, 'entity.commitContact.custNumber2', '', '', '', '', '', '');
INSERT INTO CNT_FIELD_DEFINITION
 (ID, REVISION, PARENT_ID, FIELD_ID, COLUMN_NAME, COLUMN_TYPE, REPORT_COLUMN_NAME, PRODUCT_FIELD, FIELD_TYPE, ENTITY_LOOKUP, ENTITY_LOOKUP_KEY, ORDER_BY, GENERATOR, REFER_TABLE, KEY_COLUMN, LOOKUP_COLUMN, MANDATORY, MIN_LENGTH, MAX_LENGTH, MIN_VALUE, MAX_VALUE, CONSTANT_VALUE, UNIQUE_KEY, CREATE_USER, CREATED_ON, LINE_NO, MANAGED, FIELD_PATH, DATA_TYPE, DATA1, DATA2, TRANSITIVE_FIELDS, FORMULA, ENTITY_LOOKUP_TYPE)
VALUES ('fad01484d8f8459a8b8c89b1cacab028', 0, 'fcbde46177b940e78085bd75d9686143', 'custNumber3', 'CUST_NUMBER3', 'NUMBER(20, 0)', 'CUSTOM_FIELD_NUMBER3', 0, 'integer', '', '', '', '', '', '', '', 0, NULL, 18, NULL, NULL, '', '', 'system', systimestamp, '34', 0, 'entity.commitContact.custNumber3', '', '', '', '', '', '');
INSERT INTO CNT_FIELD_DEFINITION
 (ID, REVISION, PARENT_ID, FIELD_ID, COLUMN_NAME, COLUMN_TYPE, REPORT_COLUMN_NAME, PRODUCT_FIELD, FIELD_TYPE, ENTITY_LOOKUP, ENTITY_LOOKUP_KEY, ORDER_BY, GENERATOR, REFER_TABLE, KEY_COLUMN, LOOKUP_COLUMN, MANDATORY, MIN_LENGTH, MAX_LENGTH, MIN_VALUE, MAX_VALUE, CONSTANT_VALUE, UNIQUE_KEY, CREATE_USER, CREATED_ON, LINE_NO, MANAGED, FIELD_PATH, DATA_TYPE, DATA1, DATA2, TRANSITIVE_FIELDS, FORMULA, ENTITY_LOOKUP_TYPE)
VALUES ('6ac73203e3834dee9eedcbdd1b28aaa7', 0, 'fcbde46177b940e78085bd75d9686143', 'custNumber4', 'CUST_NUMBER4', 'NUMBER(20, 0)', 'CUSTOM_FIELD_NUMBER4', 0, 'integer', '', '', '', '', '', '', '', 0, NULL, 18, NULL, NULL, '', '', 'system', systimestamp, '35', 0, 'entity.commitContact.custNumber4', '', '', '', '', '', '');
INSERT INTO CNT_FIELD_DEFINITION
 (ID, REVISION, PARENT_ID, FIELD_ID, COLUMN_NAME, COLUMN_TYPE, REPORT_COLUMN_NAME, PRODUCT_FIELD, FIELD_TYPE, ENTITY_LOOKUP, ENTITY_LOOKUP_KEY, ORDER_BY, GENERATOR, REFER_TABLE, KEY_COLUMN, LOOKUP_COLUMN, MANDATORY, MIN_LENGTH, MAX_LENGTH, MIN_VALUE, MAX_VALUE, CONSTANT_VALUE, UNIQUE_KEY, CREATE_USER, CREATED_ON, LINE_NO, MANAGED, FIELD_PATH, DATA_TYPE, DATA1, DATA2, TRANSITIVE_FIELDS, FORMULA, ENTITY_LOOKUP_TYPE)
VALUES ('703fb07bf4824439b6a76ec1e0753f05', 0, 'fcbde46177b940e78085bd75d9686143', 'custNumber5', 'CUST_NUMBER5', 'NUMBER(20, 0)', 'CUSTOM_FIELD_NUMBER5', 0, 'integer', '', '', '', '', '', '', '', 0, NULL, 18, NULL, NULL, '', '', 'system', systimestamp, '36', 0, 'entity.commitContact.custNumber5', '', '', '', '', '', '');
INSERT INTO CNT_FIELD_DEFINITION
 (ID, REVISION, PARENT_ID, FIELD_ID, COLUMN_NAME, COLUMN_TYPE, REPORT_COLUMN_NAME, PRODUCT_FIELD, FIELD_TYPE, ENTITY_LOOKUP, ENTITY_LOOKUP_KEY, ORDER_BY, GENERATOR, REFER_TABLE, KEY_COLUMN, LOOKUP_COLUMN, MANDATORY, MIN_LENGTH, MAX_LENGTH, MIN_VALUE, MAX_VALUE, CONSTANT_VALUE, UNIQUE_KEY, CREATE_USER, CREATED_ON, LINE_NO, MANAGED, FIELD_PATH, DATA_TYPE, DATA1, DATA2, TRANSITIVE_FIELDS, FORMULA, ENTITY_LOOKUP_TYPE)
VALUES ('9573d675a55f4e809972f9a6accab380', 0, 'fcbde46177b940e78085bd75d9686143', 'custNumber6', 'CUST_NUMBER6', 'NUMBER(20, 0)', 'CUSTOM_FIELD_NUMBER6', 0, 'integer', '', '', '', '', '', '', '', 0, NULL, 18, NULL, NULL, '', '', 'system', systimestamp, '37', 0, 'entity.commitContact.custNumber6', '', '', '', '', '', '');
INSERT INTO CNT_FIELD_DEFINITION
 (ID, REVISION, PARENT_ID, FIELD_ID, COLUMN_NAME, COLUMN_TYPE, REPORT_COLUMN_NAME, PRODUCT_FIELD, FIELD_TYPE, ENTITY_LOOKUP, ENTITY_LOOKUP_KEY, ORDER_BY, GENERATOR, REFER_TABLE, KEY_COLUMN, LOOKUP_COLUMN, MANDATORY, MIN_LENGTH, MAX_LENGTH, MIN_VALUE, MAX_VALUE, CONSTANT_VALUE, UNIQUE_KEY, CREATE_USER, CREATED_ON, LINE_NO, MANAGED, FIELD_PATH, DATA_TYPE, DATA1, DATA2, TRANSITIVE_FIELDS, FORMULA, ENTITY_LOOKUP_TYPE)
VALUES ('823ebf321888486da601161ff3a3d8dd', 0, 'fcbde46177b940e78085bd75d9686143', 'custNumber7', 'CUST_NUMBER7', 'NUMBER(20, 0)', 'CUSTOM_FIELD_NUMBER7', 0, 'integer', '', '', '', '', '', '', '', 0, NULL, 18, NULL, NULL, '', '', 'system', systimestamp, '38', 0, 'entity.commitContact.custNumber7', '', '', '', '', '', '');
INSERT INTO CNT_FIELD_DEFINITION
 (ID, REVISION, PARENT_ID, FIELD_ID, COLUMN_NAME, COLUMN_TYPE, REPORT_COLUMN_NAME, PRODUCT_FIELD, FIELD_TYPE, ENTITY_LOOKUP, ENTITY_LOOKUP_KEY, ORDER_BY, GENERATOR, REFER_TABLE, KEY_COLUMN, LOOKUP_COLUMN, MANDATORY, MIN_LENGTH, MAX_LENGTH, MIN_VALUE, MAX_VALUE, CONSTANT_VALUE, UNIQUE_KEY, CREATE_USER, CREATED_ON, LINE_NO, MANAGED, FIELD_PATH, DATA_TYPE, DATA1, DATA2, TRANSITIVE_FIELDS, FORMULA, ENTITY_LOOKUP_TYPE)
VALUES ('a9621931a82e42ae8726b7c5188a6e83', 0, 'fcbde46177b940e78085bd75d9686143', 'custDecimal1', 'CUST_DECIMAL1', 'NUMBER(25, 5)', 'CUSTOM_FIELD_DECIMAL1', 0, 'decimal-rate', '', '', '', '', '', '', '', 0, NULL, 20, NULL, NULL, '', '', 'system', systimestamp, '39', 0, 'entity.commitContact.custDecimal1', '', '', '', '', '', '');
INSERT INTO CNT_FIELD_DEFINITION
 (ID, REVISION, PARENT_ID, FIELD_ID, COLUMN_NAME, COLUMN_TYPE, REPORT_COLUMN_NAME, PRODUCT_FIELD, FIELD_TYPE, ENTITY_LOOKUP, ENTITY_LOOKUP_KEY, ORDER_BY, GENERATOR, REFER_TABLE, KEY_COLUMN, LOOKUP_COLUMN, MANDATORY, MIN_LENGTH, MAX_LENGTH, MIN_VALUE, MAX_VALUE, CONSTANT_VALUE, UNIQUE_KEY, CREATE_USER, CREATED_ON, LINE_NO, MANAGED, FIELD_PATH, DATA_TYPE, DATA1, DATA2, TRANSITIVE_FIELDS, FORMULA, ENTITY_LOOKUP_TYPE)
VALUES ('eecdf347c6f24e5b871e89847a76ab06', 0, 'fcbde46177b940e78085bd75d9686143', 'custDecimal2', 'CUST_DECIMAL2', 'NUMBER(25, 5)', 'CUSTOM_FIELD_DECIMAL2', 0, 'decimal-rate', '', '', '', '', '', '', '', 0, NULL, 20, NULL, NULL, '', '', 'system', systimestamp, '40', 0, 'entity.commitContact.custDecimal2', '', '', '', '', '', '');
INSERT INTO CNT_FIELD_DEFINITION
 (ID, REVISION, PARENT_ID, FIELD_ID, COLUMN_NAME, COLUMN_TYPE, REPORT_COLUMN_NAME, PRODUCT_FIELD, FIELD_TYPE, ENTITY_LOOKUP, ENTITY_LOOKUP_KEY, ORDER_BY, GENERATOR, REFER_TABLE, KEY_COLUMN, LOOKUP_COLUMN, MANDATORY, MIN_LENGTH, MAX_LENGTH, MIN_VALUE, MAX_VALUE, CONSTANT_VALUE, UNIQUE_KEY, CREATE_USER, CREATED_ON, LINE_NO, MANAGED, FIELD_PATH, DATA_TYPE, DATA1, DATA2, TRANSITIVE_FIELDS, FORMULA, ENTITY_LOOKUP_TYPE)
VALUES ('cb48467d73c44eee8bdbe9c0d2c836ff', 0, 'fcbde46177b940e78085bd75d9686143', 'custDecimal3', 'CUST_DECIMAL3', 'NUMBER(25, 5)', 'CUSTOM_FIELD_DECIMAL3', 0, 'decimal-rate', '', '', '', '', '', '', '', 0, NULL, 20, NULL, NULL, '', '', 'system', systimestamp, '41', 0, 'entity.commitContact.custDecimal3', '', '', '', '', '', '');
INSERT INTO CNT_FIELD_DEFINITION
 (ID, REVISION, PARENT_ID, FIELD_ID, COLUMN_NAME, COLUMN_TYPE, REPORT_COLUMN_NAME, PRODUCT_FIELD, FIELD_TYPE, ENTITY_LOOKUP, ENTITY_LOOKUP_KEY, ORDER_BY, GENERATOR, REFER_TABLE, KEY_COLUMN, LOOKUP_COLUMN, MANDATORY, MIN_LENGTH, MAX_LENGTH, MIN_VALUE, MAX_VALUE, CONSTANT_VALUE, UNIQUE_KEY, CREATE_USER, CREATED_ON, LINE_NO, MANAGED, FIELD_PATH, DATA_TYPE, DATA1, DATA2, TRANSITIVE_FIELDS, FORMULA, ENTITY_LOOKUP_TYPE)
VALUES ('7fde8291187547d3b7b97dca7ca64d22', 0, 'fcbde46177b940e78085bd75d9686143', 'custDecimal4', 'CUST_DECIMAL4', 'NUMBER(25, 5)', 'CUSTOM_FIELD_DECIMAL4', 0, 'decimal-rate', '', '', '', '', '', '', '', 0, NULL, 20, NULL, NULL, '', '', 'system', systimestamp, '42', 0, 'entity.commitContact.custDecimal4', '', '', '', '', '', '');
INSERT INTO CNT_FIELD_DEFINITION
 (ID, REVISION, PARENT_ID, FIELD_ID, COLUMN_NAME, COLUMN_TYPE, REPORT_COLUMN_NAME, PRODUCT_FIELD, FIELD_TYPE, ENTITY_LOOKUP, ENTITY_LOOKUP_KEY, ORDER_BY, GENERATOR, REFER_TABLE, KEY_COLUMN, LOOKUP_COLUMN, MANDATORY, MIN_LENGTH, MAX_LENGTH, MIN_VALUE, MAX_VALUE, CONSTANT_VALUE, UNIQUE_KEY, CREATE_USER, CREATED_ON, LINE_NO, MANAGED, FIELD_PATH, DATA_TYPE, DATA1, DATA2, TRANSITIVE_FIELDS, FORMULA, ENTITY_LOOKUP_TYPE)
VALUES ('6a09c7e205ca484fb742d9a6dda72d6d', 0, 'fcbde46177b940e78085bd75d9686143', 'custDecimal5', 'CUST_DECIMAL5', 'NUMBER(25, 5)', 'CUSTOM_FIELD_DECIMAL5', 0, 'decimal-rate', '', '', '', '', '', '', '', 0, NULL, 20, NULL, NULL, '', '', 'system', systimestamp, '43', 0, 'entity.commitContact.custDecimal5', '', '', '', '', '', '');
INSERT INTO CNT_FIELD_DEFINITION
 (ID, REVISION, PARENT_ID, FIELD_ID, COLUMN_NAME, COLUMN_TYPE, REPORT_COLUMN_NAME, PRODUCT_FIELD, FIELD_TYPE, ENTITY_LOOKUP, ENTITY_LOOKUP_KEY, ORDER_BY, GENERATOR, REFER_TABLE, KEY_COLUMN, LOOKUP_COLUMN, MANDATORY, MIN_LENGTH, MAX_LENGTH, MIN_VALUE, MAX_VALUE, CONSTANT_VALUE, UNIQUE_KEY, CREATE_USER, CREATED_ON, LINE_NO, MANAGED, FIELD_PATH, DATA_TYPE, DATA1, DATA2, TRANSITIVE_FIELDS, FORMULA, ENTITY_LOOKUP_TYPE)
VALUES ('a97748664f024805a65bb8246365dfb1', 0, 'fcbde46177b940e78085bd75d9686143', 'custDecimal6', 'CUST_DECIMAL6', 'NUMBER(25, 5)', 'CUSTOM_FIELD_DECIMAL6', 0, 'decimal-rate', '', '', '', '', '', '', '', 0, NULL, 20, NULL, NULL, '', '', 'system', systimestamp, '44', 0, 'entity.commitContact.custDecimal6', '', '', '', '', '', '');
INSERT INTO CNT_FIELD_DEFINITION
 (ID, REVISION, PARENT_ID, FIELD_ID, COLUMN_NAME, COLUMN_TYPE, REPORT_COLUMN_NAME, PRODUCT_FIELD, FIELD_TYPE, ENTITY_LOOKUP, ENTITY_LOOKUP_KEY, ORDER_BY, GENERATOR, REFER_TABLE, KEY_COLUMN, LOOKUP_COLUMN, MANDATORY, MIN_LENGTH, MAX_LENGTH, MIN_VALUE, MAX_VALUE, CONSTANT_VALUE, UNIQUE_KEY, CREATE_USER, CREATED_ON, LINE_NO, MANAGED, FIELD_PATH, DATA_TYPE, DATA1, DATA2, TRANSITIVE_FIELDS, FORMULA, ENTITY_LOOKUP_TYPE)
VALUES ('604cea793ef84be78a44bccfd18c0397', 0, 'fcbde46177b940e78085bd75d9686143', 'custDecimal7', 'CUST_DECIMAL7', 'NUMBER(25, 5)', 'CUSTOM_FIELD_DECIMAL7', 0, 'decimal-rate', '', '', '', '', '', '', '', 0, NULL, 20, NULL, NULL, '', '', 'system', systimestamp, '45', 0, 'entity.commitContact.custDecimal7', '', '', '', '', '', '');
INSERT INTO CNT_FIELD_DEFINITION
 (ID, REVISION, PARENT_ID, FIELD_ID, COLUMN_NAME, COLUMN_TYPE, REPORT_COLUMN_NAME, PRODUCT_FIELD, FIELD_TYPE, ENTITY_LOOKUP, ENTITY_LOOKUP_KEY, ORDER_BY, GENERATOR, REFER_TABLE, KEY_COLUMN, LOOKUP_COLUMN, MANDATORY, MIN_LENGTH, MAX_LENGTH, MIN_VALUE, MAX_VALUE, CONSTANT_VALUE, UNIQUE_KEY, CREATE_USER, CREATED_ON, LINE_NO, MANAGED, FIELD_PATH, DATA_TYPE, DATA1, DATA2, TRANSITIVE_FIELDS, FORMULA, ENTITY_LOOKUP_TYPE)
VALUES ('67ca4546af924cc398862f44f5273a26', 0, 'fcbde46177b940e78085bd75d9686143', 'custCodelist1', 'CUST_CODELIST1', 'NVARCHAR2(400)', 'CUSTOM_FIELD_CODE_LIST_CODE1', 0, 'string-m', '', '', '', '', '', '', '', 0, NULL, 400, NULL, NULL, '', '', 'system', systimestamp, '46', 0, 'entity.commitContact.custCodelist1', 'codelist', '', '', '', '', '');
INSERT INTO CNT_FIELD_DEFINITION
 (ID, REVISION, PARENT_ID, FIELD_ID, COLUMN_NAME, COLUMN_TYPE, REPORT_COLUMN_NAME, PRODUCT_FIELD, FIELD_TYPE, ENTITY_LOOKUP, ENTITY_LOOKUP_KEY, ORDER_BY, GENERATOR, REFER_TABLE, KEY_COLUMN, LOOKUP_COLUMN, MANDATORY, MIN_LENGTH, MAX_LENGTH, MIN_VALUE, MAX_VALUE, CONSTANT_VALUE, UNIQUE_KEY, CREATE_USER, CREATED_ON, LINE_NO, MANAGED, FIELD_PATH, DATA_TYPE, DATA1, DATA2, TRANSITIVE_FIELDS, FORMULA, ENTITY_LOOKUP_TYPE)
VALUES ('1417ae7477424e8a90ad35a4e64cca64', 0, 'fcbde46177b940e78085bd75d9686143', 'custCodelist2', 'CUST_CODELIST2', 'NVARCHAR2(400)', 'CUSTOM_FIELD_CODE_LIST_CODE2', 0, 'string-m', '', '', '', '', '', '', '', 0, NULL, 400, NULL, NULL, '', '', 'system', systimestamp, '47', 0, 'entity.commitContact.custCodelist2', 'codelist', '', '', '', '', '');
INSERT INTO CNT_FIELD_DEFINITION
 (ID, REVISION, PARENT_ID, FIELD_ID, COLUMN_NAME, COLUMN_TYPE, REPORT_COLUMN_NAME, PRODUCT_FIELD, FIELD_TYPE, ENTITY_LOOKUP, ENTITY_LOOKUP_KEY, ORDER_BY, GENERATOR, REFER_TABLE, KEY_COLUMN, LOOKUP_COLUMN, MANDATORY, MIN_LENGTH, MAX_LENGTH, MIN_VALUE, MAX_VALUE, CONSTANT_VALUE, UNIQUE_KEY, CREATE_USER, CREATED_ON, LINE_NO, MANAGED, FIELD_PATH, DATA_TYPE, DATA1, DATA2, TRANSITIVE_FIELDS, FORMULA, ENTITY_LOOKUP_TYPE)
VALUES ('c7505518f034431ebbda1016932c864c', 0, 'fcbde46177b940e78085bd75d9686143', 'custCodelist3', 'CUST_CODELIST3', 'NVARCHAR2(400)', 'CUSTOM_FIELD_CODE_LIST_CODE3', 0, 'string-m', '', '', '', '', '', '', '', 0, NULL, 400, NULL, NULL, '', '', 'system', systimestamp, '48', 0, 'entity.commitContact.custCodelist3', 'codelist', '', '', '', '', '');
INSERT INTO CNT_FIELD_DEFINITION
 (ID, REVISION, PARENT_ID, FIELD_ID, COLUMN_NAME, COLUMN_TYPE, REPORT_COLUMN_NAME, PRODUCT_FIELD, FIELD_TYPE, ENTITY_LOOKUP, ENTITY_LOOKUP_KEY, ORDER_BY, GENERATOR, REFER_TABLE, KEY_COLUMN, LOOKUP_COLUMN, MANDATORY, MIN_LENGTH, MAX_LENGTH, MIN_VALUE, MAX_VALUE, CONSTANT_VALUE, UNIQUE_KEY, CREATE_USER, CREATED_ON, LINE_NO, MANAGED, FIELD_PATH, DATA_TYPE, DATA1, DATA2, TRANSITIVE_FIELDS, FORMULA, ENTITY_LOOKUP_TYPE)
VALUES ('04ac810f54934b5a9ab7543d0e9650d2', 0, 'fcbde46177b940e78085bd75d9686143', 'custCodelist4', 'CUST_CODELIST4', 'NVARCHAR2(400)', 'CUSTOM_FIELD_CODE_LIST_CODE4', 0, 'string-m', '', '', '', '', '', '', '', 0, NULL, 400, NULL, NULL, '', '', 'system', systimestamp, '49', 0, 'entity.commitContact.custCodelist4', 'codelist', '', '', '', '', '');
INSERT INTO CNT_FIELD_DEFINITION
 (ID, REVISION, PARENT_ID, FIELD_ID, COLUMN_NAME, COLUMN_TYPE, REPORT_COLUMN_NAME, PRODUCT_FIELD, FIELD_TYPE, ENTITY_LOOKUP, ENTITY_LOOKUP_KEY, ORDER_BY, GENERATOR, REFER_TABLE, KEY_COLUMN, LOOKUP_COLUMN, MANDATORY, MIN_LENGTH, MAX_LENGTH, MIN_VALUE, MAX_VALUE, CONSTANT_VALUE, UNIQUE_KEY, CREATE_USER, CREATED_ON, LINE_NO, MANAGED, FIELD_PATH, DATA_TYPE, DATA1, DATA2, TRANSITIVE_FIELDS, FORMULA, ENTITY_LOOKUP_TYPE)
VALUES ('408ae60b13584aa79501806d9254a453', 0, 'fcbde46177b940e78085bd75d9686143', 'custCodelist5', 'CUST_CODELIST5', 'NVARCHAR2(400)', 'CUSTOM_FIELD_CODE_LIST_CODE5', 0, 'string-m', '', '', '', '', '', '', '', 0, NULL, 400, NULL, NULL, '', '', 'system', systimestamp, '50', 0, 'entity.commitContact.custCodelist5', 'codelist', '', '', '', '', '');
INSERT INTO CNT_FIELD_DEFINITION
 (ID, REVISION, PARENT_ID, FIELD_ID, COLUMN_NAME, COLUMN_TYPE, REPORT_COLUMN_NAME, PRODUCT_FIELD, FIELD_TYPE, ENTITY_LOOKUP, ENTITY_LOOKUP_KEY, ORDER_BY, GENERATOR, REFER_TABLE, KEY_COLUMN, LOOKUP_COLUMN, MANDATORY, MIN_LENGTH, MAX_LENGTH, MIN_VALUE, MAX_VALUE, CONSTANT_VALUE, UNIQUE_KEY, CREATE_USER, CREATED_ON, LINE_NO, MANAGED, FIELD_PATH, DATA_TYPE, DATA1, DATA2, TRANSITIVE_FIELDS, FORMULA, ENTITY_LOOKUP_TYPE)
VALUES ('fb3284f6936c422a8f520b672addf958', 0, 'fcbde46177b940e78085bd75d9686143', 'custCodelist6', 'CUST_CODELIST6', 'NVARCHAR2(400)', 'CUSTOM_FIELD_CODE_LIST_CODE6', 0, 'string-m', '', '', '', '', '', '', '', 0, NULL, 400, NULL, NULL, '', '', 'system', systimestamp, '51', 0, 'entity.commitContact.custCodelist6', 'codelist', '', '', '', '', '');
INSERT INTO CNT_FIELD_DEFINITION
 (ID, REVISION, PARENT_ID, FIELD_ID, COLUMN_NAME, COLUMN_TYPE, REPORT_COLUMN_NAME, PRODUCT_FIELD, FIELD_TYPE, ENTITY_LOOKUP, ENTITY_LOOKUP_KEY, ORDER_BY, GENERATOR, REFER_TABLE, KEY_COLUMN, LOOKUP_COLUMN, MANDATORY, MIN_LENGTH, MAX_LENGTH, MIN_VALUE, MAX_VALUE, CONSTANT_VALUE, UNIQUE_KEY, CREATE_USER, CREATED_ON, LINE_NO, MANAGED, FIELD_PATH, DATA_TYPE, DATA1, DATA2, TRANSITIVE_FIELDS, FORMULA, ENTITY_LOOKUP_TYPE)
VALUES ('64455bcbf00b4d3ba2df608dbbaa8a38', 0, 'fcbde46177b940e78085bd75d9686143', 'custCodelist7', 'CUST_CODELIST7', 'NVARCHAR2(400)', 'CUSTOM_FIELD_CODE_LIST_CODE7', 0, 'string-m', '', '', '', '', '', '', '', 0, NULL, 400, NULL, NULL, '', '', 'system', systimestamp, '52', 0, 'entity.commitContact.custCodelist7', 'codelist', '', '', '', '', '');
INSERT INTO CNT_FIELD_DEFINITION
 (ID, REVISION, PARENT_ID, FIELD_ID, COLUMN_NAME, COLUMN_TYPE, REPORT_COLUMN_NAME, PRODUCT_FIELD, FIELD_TYPE, ENTITY_LOOKUP, ENTITY_LOOKUP_KEY, ORDER_BY, GENERATOR, REFER_TABLE, KEY_COLUMN, LOOKUP_COLUMN, MANDATORY, MIN_LENGTH, MAX_LENGTH, MIN_VALUE, MAX_VALUE, CONSTANT_VALUE, UNIQUE_KEY, CREATE_USER, CREATED_ON, LINE_NO, MANAGED, FIELD_PATH, DATA_TYPE, DATA1, DATA2, TRANSITIVE_FIELDS, FORMULA, ENTITY_LOOKUP_TYPE)
VALUES ('cea1e759ec664085aeb78a22e135611b', 0, 'fcbde46177b940e78085bd75d9686143', 'custMemoText1', 'CUST_MEMO_TEXT1', 'NVARCHAR2(1000)', 'CUSTOM_FIELD_MEMO_TEXT1', 0, 'string-l', '', '', '', '', '', '', '', 0, NULL, 1000, NULL, NULL, '', '', 'system', systimestamp, '53', 0, 'entity.commitContact.custMemoText1', '', '', '', '', '', '');
INSERT INTO CNT_FIELD_DEFINITION
 (ID, REVISION, PARENT_ID, FIELD_ID, COLUMN_NAME, COLUMN_TYPE, REPORT_COLUMN_NAME, PRODUCT_FIELD, FIELD_TYPE, ENTITY_LOOKUP, ENTITY_LOOKUP_KEY, ORDER_BY, GENERATOR, REFER_TABLE, KEY_COLUMN, LOOKUP_COLUMN, MANDATORY, MIN_LENGTH, MAX_LENGTH, MIN_VALUE, MAX_VALUE, CONSTANT_VALUE, UNIQUE_KEY, CREATE_USER, CREATED_ON, LINE_NO, MANAGED, FIELD_PATH, DATA_TYPE, DATA1, DATA2, TRANSITIVE_FIELDS, FORMULA, ENTITY_LOOKUP_TYPE)
VALUES ('0c752446c6e348979ecfdc2e5b9f8ddd', 0, 'fcbde46177b940e78085bd75d9686143', 'custMemoText2', 'CUST_MEMO_TEXT2', 'NVARCHAR2(1000)', 'CUSTOM_FIELD_MEMO_TEXT2', 0, 'string-l', '', '', '', '', '', '', '', 0, NULL, 1000, NULL, NULL, '', '', 'system', systimestamp, '54', 0, 'entity.commitContact.custMemoText2', '', '', '', '', '', '');
INSERT INTO CNT_FIELD_DEFINITION
 (ID, REVISION, PARENT_ID, FIELD_ID, COLUMN_NAME, COLUMN_TYPE, REPORT_COLUMN_NAME, PRODUCT_FIELD, FIELD_TYPE, ENTITY_LOOKUP, ENTITY_LOOKUP_KEY, ORDER_BY, GENERATOR, REFER_TABLE, KEY_COLUMN, LOOKUP_COLUMN, MANDATORY, MIN_LENGTH, MAX_LENGTH, MIN_VALUE, MAX_VALUE, CONSTANT_VALUE, UNIQUE_KEY, CREATE_USER, CREATED_ON, LINE_NO, MANAGED, FIELD_PATH, DATA_TYPE, DATA1, DATA2, TRANSITIVE_FIELDS, FORMULA, ENTITY_LOOKUP_TYPE)
VALUES ('90c13c62e4734f269e7d88ef2ae36a5e', 0, 'fcbde46177b940e78085bd75d9686143', 'custMemoText3', 'CUST_MEMO_TEXT3', 'NVARCHAR2(1000)', 'CUSTOM_FIELD_MEMO_TEXT3', 0, 'string-l', '', '', '', '', '', '', '', 0, NULL, 1000, NULL, NULL, '', '', 'system', systimestamp, '55', 0, 'entity.commitContact.custMemoText3', '', '', '', '', '', '');
INSERT INTO CNT_FIELD_DEFINITION
 (ID, REVISION, PARENT_ID, FIELD_ID, COLUMN_NAME, COLUMN_TYPE, REPORT_COLUMN_NAME, PRODUCT_FIELD, FIELD_TYPE, ENTITY_LOOKUP, ENTITY_LOOKUP_KEY, ORDER_BY, GENERATOR, REFER_TABLE, KEY_COLUMN, LOOKUP_COLUMN, MANDATORY, MIN_LENGTH, MAX_LENGTH, MIN_VALUE, MAX_VALUE, CONSTANT_VALUE, UNIQUE_KEY, CREATE_USER, CREATED_ON, LINE_NO, MANAGED, FIELD_PATH, DATA_TYPE, DATA1, DATA2, TRANSITIVE_FIELDS, FORMULA, ENTITY_LOOKUP_TYPE)
VALUES ('b42398e5e1d1444fb9be3bcbe56056a2', 0, 'fcbde46177b940e78085bd75d9686143', 'custMemoText4', 'CUST_MEMO_TEXT4', 'NVARCHAR2(1000)', 'CUSTOM_FIELD_MEMO_TEXT4', 0, 'string-l', '', '', '', '', '', '', '', 0, NULL, 1000, NULL, NULL, '', '', 'system', systimestamp, '56', 0, 'entity.commitContact.custMemoText4', '', '', '', '', '', '');
INSERT INTO CNT_FIELD_DEFINITION
 (ID, REVISION, PARENT_ID, FIELD_ID, COLUMN_NAME, COLUMN_TYPE, REPORT_COLUMN_NAME, PRODUCT_FIELD, FIELD_TYPE, ENTITY_LOOKUP, ENTITY_LOOKUP_KEY, ORDER_BY, GENERATOR, REFER_TABLE, KEY_COLUMN, LOOKUP_COLUMN, MANDATORY, MIN_LENGTH, MAX_LENGTH, MIN_VALUE, MAX_VALUE, CONSTANT_VALUE, UNIQUE_KEY, CREATE_USER, CREATED_ON, LINE_NO, MANAGED, FIELD_PATH, DATA_TYPE, DATA1, DATA2, TRANSITIVE_FIELDS, FORMULA, ENTITY_LOOKUP_TYPE)
VALUES ('ef2b2457befb49e3b1ba1fd141056c53', 0, 'fcbde46177b940e78085bd75d9686143', 'custMemoText5', 'CUST_MEMO_TEXT5', 'NVARCHAR2(1000)', 'CUSTOM_FIELD_MEMO_TEXT5', 0, 'string-l', '', '', '', '', '', '', '', 0, NULL, 1000, NULL, NULL, '', '', 'system', systimestamp, '57', 0, 'entity.commitContact.custMemoText5', '', '', '', '', '', '');
INSERT INTO CNT_FIELD_DEFINITION
 (ID, REVISION, PARENT_ID, FIELD_ID, COLUMN_NAME, COLUMN_TYPE, REPORT_COLUMN_NAME, PRODUCT_FIELD, FIELD_TYPE, ENTITY_LOOKUP, ENTITY_LOOKUP_KEY, ORDER_BY, GENERATOR, REFER_TABLE, KEY_COLUMN, LOOKUP_COLUMN, MANDATORY, MIN_LENGTH, MAX_LENGTH, MIN_VALUE, MAX_VALUE, CONSTANT_VALUE, UNIQUE_KEY, CREATE_USER, CREATED_ON, LINE_NO, MANAGED, FIELD_PATH, DATA_TYPE, DATA1, DATA2, TRANSITIVE_FIELDS, FORMULA, ENTITY_LOOKUP_TYPE)
VALUES ('2efd21acb2394d7abf8e88f28a2433fb', 0, 'fcbde46177b940e78085bd75d9686143', 'custMemoText6', 'CUST_MEMO_TEXT6', 'NVARCHAR2(1000)', 'CUSTOM_FIELD_MEMO_TEXT6', 0, 'string-l', '', '', '', '', '', '', '', 0, NULL, 1000, NULL, NULL, '', '', 'system', systimestamp, '58', 0, 'entity.commitContact.custMemoText6', '', '', '', '', '', '');
INSERT INTO CNT_FIELD_DEFINITION
 (ID, REVISION, PARENT_ID, FIELD_ID, COLUMN_NAME, COLUMN_TYPE, REPORT_COLUMN_NAME, PRODUCT_FIELD, FIELD_TYPE, ENTITY_LOOKUP, ENTITY_LOOKUP_KEY, ORDER_BY, GENERATOR, REFER_TABLE, KEY_COLUMN, LOOKUP_COLUMN, MANDATORY, MIN_LENGTH, MAX_LENGTH, MIN_VALUE, MAX_VALUE, CONSTANT_VALUE, UNIQUE_KEY, CREATE_USER, CREATED_ON, LINE_NO, MANAGED, FIELD_PATH, DATA_TYPE, DATA1, DATA2, TRANSITIVE_FIELDS, FORMULA, ENTITY_LOOKUP_TYPE)
VALUES ('8ee9e5a6e402463e91fb6744d9ff3b75', 0, 'fcbde46177b940e78085bd75d9686143', 'custMemoText7', 'CUST_MEMO_TEXT7', 'NVARCHAR2(1000)', 'CUSTOM_FIELD_MEMO_TEXT7', 0, 'string-l', '', '', '', '', '', '', '', 0, NULL, 1000, NULL, NULL, '', '', 'system', systimestamp, '59', 0, 'entity.commitContact.custMemoText7', '', '', '', '', '', '');
INSERT INTO CNT_FIELD_DEFINITION
 (ID, REVISION, PARENT_ID, FIELD_ID, COLUMN_NAME, COLUMN_TYPE, REPORT_COLUMN_NAME, PRODUCT_FIELD, FIELD_TYPE, ENTITY_LOOKUP, ENTITY_LOOKUP_KEY, ORDER_BY, GENERATOR, REFER_TABLE, KEY_COLUMN, LOOKUP_COLUMN, MANDATORY, MIN_LENGTH, MAX_LENGTH, MIN_VALUE, MAX_VALUE, CONSTANT_VALUE, UNIQUE_KEY, CREATE_USER, CREATED_ON, LINE_NO, MANAGED, FIELD_PATH, DATA_TYPE, DATA1, DATA2, TRANSITIVE_FIELDS, FORMULA, ENTITY_LOOKUP_TYPE)
VALUES ('233409c864d24f969dbee4b1e65798e4', 0, 'fcbde46177b940e78085bd75d9686143', 'custHcl1', 'CUST_HCL1_ID', 'CHAR(32)', 'CUSTOM_FIELD_HCL_CODE_SYS_ID1', 0, 'entity', 'HclNode', 'id', '', '', '', '', '', 0, 32, 32, NULL, NULL, '', '', 'system', systimestamp, '60', 0, 'entity.commitContact.custHcl1', '', '', '', '', '', '');
INSERT INTO CNT_FIELD_DEFINITION
 (ID, REVISION, PARENT_ID, FIELD_ID, COLUMN_NAME, COLUMN_TYPE, REPORT_COLUMN_NAME, PRODUCT_FIELD, FIELD_TYPE, ENTITY_LOOKUP, ENTITY_LOOKUP_KEY, ORDER_BY, GENERATOR, REFER_TABLE, KEY_COLUMN, LOOKUP_COLUMN, MANDATORY, MIN_LENGTH, MAX_LENGTH, MIN_VALUE, MAX_VALUE, CONSTANT_VALUE, UNIQUE_KEY, CREATE_USER, CREATED_ON, LINE_NO, MANAGED, FIELD_PATH, DATA_TYPE, DATA1, DATA2, TRANSITIVE_FIELDS, FORMULA, ENTITY_LOOKUP_TYPE)
VALUES ('a233173aa6f74dc8ba82f74f19176105', 0, 'fcbde46177b940e78085bd75d9686143', 'custHcl2', 'CUST_HCL2_ID', 'CHAR(32)', 'CUSTOM_FIELD_HCL_CODE_SYS_ID2', 0, 'entity', 'HclNode', 'id', '', '', '', '', '', 0, 32, 32, NULL, NULL, '', '', 'system', systimestamp, '61', 0, 'entity.commitContact.custHcl2', '', '', '', '', '', '');
INSERT INTO CNT_FIELD_DEFINITION
 (ID, REVISION, PARENT_ID, FIELD_ID, COLUMN_NAME, COLUMN_TYPE, REPORT_COLUMN_NAME, PRODUCT_FIELD, FIELD_TYPE, ENTITY_LOOKUP, ENTITY_LOOKUP_KEY, ORDER_BY, GENERATOR, REFER_TABLE, KEY_COLUMN, LOOKUP_COLUMN, MANDATORY, MIN_LENGTH, MAX_LENGTH, MIN_VALUE, MAX_VALUE, CONSTANT_VALUE, UNIQUE_KEY, CREATE_USER, CREATED_ON, LINE_NO, MANAGED, FIELD_PATH, DATA_TYPE, DATA1, DATA2, TRANSITIVE_FIELDS, FORMULA, ENTITY_LOOKUP_TYPE)
VALUES ('f64243c50e7a4b9bb87a761ca26b015b', 0, 'fcbde46177b940e78085bd75d9686143', 'custHcl3', 'CUST_HCL3_ID', 'CHAR(32)', 'CUSTOM_FIELD_HCL_CODE_SYS_ID3', 0, 'entity', 'HclNode', 'id', '', '', '', '', '', 0, 32, 32, NULL, NULL, '', '', 'system', systimestamp, '62', 0, 'entity.commitContact.custHcl3', '', '', '', '', '', '');
INSERT INTO CNT_FIELD_DEFINITION
 (ID, REVISION, PARENT_ID, FIELD_ID, COLUMN_NAME, COLUMN_TYPE, REPORT_COLUMN_NAME, PRODUCT_FIELD, FIELD_TYPE, ENTITY_LOOKUP, ENTITY_LOOKUP_KEY, ORDER_BY, GENERATOR, REFER_TABLE, KEY_COLUMN, LOOKUP_COLUMN, MANDATORY, MIN_LENGTH, MAX_LENGTH, MIN_VALUE, MAX_VALUE, CONSTANT_VALUE, UNIQUE_KEY, CREATE_USER, CREATED_ON, LINE_NO, MANAGED, FIELD_PATH, DATA_TYPE, DATA1, DATA2, TRANSITIVE_FIELDS, FORMULA, ENTITY_LOOKUP_TYPE)
VALUES ('0d4d7ead12034587a47064e7d5af786e', 0, 'fcbde46177b940e78085bd75d9686143', 'custHcl4', 'CUST_HCL4_ID', 'CHAR(32)', 'CUSTOM_FIELD_HCL_CODE_SYS_ID4', 0, 'entity', 'HclNode', 'id', '', '', '', '', '', 0, 32, 32, NULL, NULL, '', '', 'system', systimestamp, '63', 0, 'entity.commitContact.custHcl4', '', '', '', '', '', '');
INSERT INTO CNT_FIELD_DEFINITION
 (ID, REVISION, PARENT_ID, FIELD_ID, COLUMN_NAME, COLUMN_TYPE, REPORT_COLUMN_NAME, PRODUCT_FIELD, FIELD_TYPE, ENTITY_LOOKUP, ENTITY_LOOKUP_KEY, ORDER_BY, GENERATOR, REFER_TABLE, KEY_COLUMN, LOOKUP_COLUMN, MANDATORY, MIN_LENGTH, MAX_LENGTH, MIN_VALUE, MAX_VALUE, CONSTANT_VALUE, UNIQUE_KEY, CREATE_USER, CREATED_ON, LINE_NO, MANAGED, FIELD_PATH, DATA_TYPE, DATA1, DATA2, TRANSITIVE_FIELDS, FORMULA, ENTITY_LOOKUP_TYPE)
VALUES ('53334dc9ea12485d980d57fc84f51240', 0, 'fcbde46177b940e78085bd75d9686143', 'custHcl5', 'CUST_HCL5_ID', 'CHAR(32)', 'CUSTOM_FIELD_HCL_CODE_SYS_ID5', 0, 'entity', 'HclNode', 'id', '', '', '', '', '', 0, 32, 32, NULL, NULL, '', '', 'system', systimestamp, '64', 0, 'entity.commitContact.custHcl5', '', '', '', '', '', '');
INSERT INTO CNT_FIELD_DEFINITION
 (ID, REVISION, PARENT_ID, FIELD_ID, COLUMN_NAME, COLUMN_TYPE, REPORT_COLUMN_NAME, PRODUCT_FIELD, FIELD_TYPE, ENTITY_LOOKUP, ENTITY_LOOKUP_KEY, ORDER_BY, GENERATOR, REFER_TABLE, KEY_COLUMN, LOOKUP_COLUMN, MANDATORY, MIN_LENGTH, MAX_LENGTH, MIN_VALUE, MAX_VALUE, CONSTANT_VALUE, UNIQUE_KEY, CREATE_USER, CREATED_ON, LINE_NO, MANAGED, FIELD_PATH, DATA_TYPE, DATA1, DATA2, TRANSITIVE_FIELDS, FORMULA, ENTITY_LOOKUP_TYPE)
VALUES ('453e718a970647cd8ad0c81688928612', 0, 'fcbde46177b940e78085bd75d9686143', 'custCodelist1Name', 'CUST_CODELIST1_NAME', 'NVARCHAR2(400)', 'N/A', 0, 'string-m', '', '', '', '', '', '', '', 0, NULL, 400, NULL, NULL, '', '', 'system', systimestamp, '65', 0, 'entity.commitContact.custCodelist1Name', '', '', '', '', '', '');
INSERT INTO CNT_FIELD_DEFINITION
 (ID, REVISION, PARENT_ID, FIELD_ID, COLUMN_NAME, COLUMN_TYPE, REPORT_COLUMN_NAME, PRODUCT_FIELD, FIELD_TYPE, ENTITY_LOOKUP, ENTITY_LOOKUP_KEY, ORDER_BY, GENERATOR, REFER_TABLE, KEY_COLUMN, LOOKUP_COLUMN, MANDATORY, MIN_LENGTH, MAX_LENGTH, MIN_VALUE, MAX_VALUE, CONSTANT_VALUE, UNIQUE_KEY, CREATE_USER, CREATED_ON, LINE_NO, MANAGED, FIELD_PATH, DATA_TYPE, DATA1, DATA2, TRANSITIVE_FIELDS, FORMULA, ENTITY_LOOKUP_TYPE)
VALUES ('4bb3b587da414d2e87fe1443fb0b5a20', 0, 'fcbde46177b940e78085bd75d9686143', 'custCodelist2Name', 'CUST_CODELIST2_NAME', 'NVARCHAR2(400)', 'N/A', 0, 'string-m', '', '', '', '', '', '', '', 0, NULL, 400, NULL, NULL, '', '', 'system', systimestamp, '66', 0, 'entity.commitContact.custCodelist2Name', '', '', '', '', '', '');
INSERT INTO CNT_FIELD_DEFINITION
 (ID, REVISION, PARENT_ID, FIELD_ID, COLUMN_NAME, COLUMN_TYPE, REPORT_COLUMN_NAME, PRODUCT_FIELD, FIELD_TYPE, ENTITY_LOOKUP, ENTITY_LOOKUP_KEY, ORDER_BY, GENERATOR, REFER_TABLE, KEY_COLUMN, LOOKUP_COLUMN, MANDATORY, MIN_LENGTH, MAX_LENGTH, MIN_VALUE, MAX_VALUE, CONSTANT_VALUE, UNIQUE_KEY, CREATE_USER, CREATED_ON, LINE_NO, MANAGED, FIELD_PATH, DATA_TYPE, DATA1, DATA2, TRANSITIVE_FIELDS, FORMULA, ENTITY_LOOKUP_TYPE)
VALUES ('ff7f3a6b3cdc49ed8378a888470fa8f3', 0, 'fcbde46177b940e78085bd75d9686143', 'custCodelist3Name', 'CUST_CODELIST3_NAME', 'NVARCHAR2(400)', 'N/A', 0, 'string-m', '', '', '', '', '', '', '', 0, NULL, 400, NULL, NULL, '', '', 'system', systimestamp, '67', 0, 'entity.commitContact.custCodelist3Name', '', '', '', '', '', '');
INSERT INTO CNT_FIELD_DEFINITION
 (ID, REVISION, PARENT_ID, FIELD_ID, COLUMN_NAME, COLUMN_TYPE, REPORT_COLUMN_NAME, PRODUCT_FIELD, FIELD_TYPE, ENTITY_LOOKUP, ENTITY_LOOKUP_KEY, ORDER_BY, GENERATOR, REFER_TABLE, KEY_COLUMN, LOOKUP_COLUMN, MANDATORY, MIN_LENGTH, MAX_LENGTH, MIN_VALUE, MAX_VALUE, CONSTANT_VALUE, UNIQUE_KEY, CREATE_USER, CREATED_ON, LINE_NO, MANAGED, FIELD_PATH, DATA_TYPE, DATA1, DATA2, TRANSITIVE_FIELDS, FORMULA, ENTITY_LOOKUP_TYPE)
VALUES ('234d2340b2644b12a5fedcd93490fd23', 0, 'fcbde46177b940e78085bd75d9686143', 'custCodelist4Name', 'CUST_CODELIST4_NAME', 'NVARCHAR2(400)', 'N/A', 0, 'string-m', '', '', '', '', '', '', '', 0, NULL, 400, NULL, NULL, '', '', 'system', systimestamp, '68', 0, 'entity.commitContact.custCodelist4Name', '', '', '', '', '', '');
INSERT INTO CNT_FIELD_DEFINITION
 (ID, REVISION, PARENT_ID, FIELD_ID, COLUMN_NAME, COLUMN_TYPE, REPORT_COLUMN_NAME, PRODUCT_FIELD, FIELD_TYPE, ENTITY_LOOKUP, ENTITY_LOOKUP_KEY, ORDER_BY, GENERATOR, REFER_TABLE, KEY_COLUMN, LOOKUP_COLUMN, MANDATORY, MIN_LENGTH, MAX_LENGTH, MIN_VALUE, MAX_VALUE, CONSTANT_VALUE, UNIQUE_KEY, CREATE_USER, CREATED_ON, LINE_NO, MANAGED, FIELD_PATH, DATA_TYPE, DATA1, DATA2, TRANSITIVE_FIELDS, FORMULA, ENTITY_LOOKUP_TYPE)
VALUES ('4db936a353fd49aba8f81d954fa41053', 0, 'fcbde46177b940e78085bd75d9686143', 'custCodelist5Name', 'CUST_CODELIST5_NAME', 'NVARCHAR2(400)', 'N/A', 0, 'string-m', '', '', '', '', '', '', '', 0, NULL, 400, NULL, NULL, '', '', 'system', systimestamp, '69', 0, 'entity.commitContact.custCodelist5Name', '', '', '', '', '', '');
INSERT INTO CNT_FIELD_DEFINITION
 (ID, REVISION, PARENT_ID, FIELD_ID, COLUMN_NAME, COLUMN_TYPE, REPORT_COLUMN_NAME, PRODUCT_FIELD, FIELD_TYPE, ENTITY_LOOKUP, ENTITY_LOOKUP_KEY, ORDER_BY, GENERATOR, REFER_TABLE, KEY_COLUMN, LOOKUP_COLUMN, MANDATORY, MIN_LENGTH, MAX_LENGTH, MIN_VALUE, MAX_VALUE, CONSTANT_VALUE, UNIQUE_KEY, CREATE_USER, CREATED_ON, LINE_NO, MANAGED, FIELD_PATH, DATA_TYPE, DATA1, DATA2, TRANSITIVE_FIELDS, FORMULA, ENTITY_LOOKUP_TYPE)
VALUES ('0805804885be497c947016e2e8ed72ce', 0, 'fcbde46177b940e78085bd75d9686143', 'custCodelist6Name', 'CUST_CODELIST6_NAME', 'NVARCHAR2(400)', 'N/A', 0, 'string-m', '', '', '', '', '', '', '', 0, NULL, 400, NULL, NULL, '', '', 'system', systimestamp, '70', 0, 'entity.commitContact.custCodelist6Name', '', '', '', '', '', '');
INSERT INTO CNT_FIELD_DEFINITION
 (ID, REVISION, PARENT_ID, FIELD_ID, COLUMN_NAME, COLUMN_TYPE, REPORT_COLUMN_NAME, PRODUCT_FIELD, FIELD_TYPE, ENTITY_LOOKUP, ENTITY_LOOKUP_KEY, ORDER_BY, GENERATOR, REFER_TABLE, KEY_COLUMN, LOOKUP_COLUMN, MANDATORY, MIN_LENGTH, MAX_LENGTH, MIN_VALUE, MAX_VALUE, CONSTANT_VALUE, UNIQUE_KEY, CREATE_USER, CREATED_ON, LINE_NO, MANAGED, FIELD_PATH, DATA_TYPE, DATA1, DATA2, TRANSITIVE_FIELDS, FORMULA, ENTITY_LOOKUP_TYPE)
VALUES ('51344a368d934adcbacdc05345fb489d', 0, 'fcbde46177b940e78085bd75d9686143', 'custCodelist7Name', 'CUST_CODELIST7_NAME', 'NVARCHAR2(400)', 'N/A', 0, 'string-m', '', '', '', '', '', '', '', 0, NULL, 400, NULL, NULL, '', '', 'system', systimestamp, '71', 0, 'entity.commitContact.custCodelist7Name', '', '', '', '', '', '');
INSERT INTO CNT_FIELD_DEFINITION
 (ID, REVISION, PARENT_ID, FIELD_ID, COLUMN_NAME, COLUMN_TYPE, REPORT_COLUMN_NAME, PRODUCT_FIELD, FIELD_TYPE, ENTITY_LOOKUP, ENTITY_LOOKUP_KEY, ORDER_BY, GENERATOR, REFER_TABLE, KEY_COLUMN, LOOKUP_COLUMN, MANDATORY, MIN_LENGTH, MAX_LENGTH, MIN_VALUE, MAX_VALUE, CONSTANT_VALUE, UNIQUE_KEY, CREATE_USER, CREATED_ON, LINE_NO, MANAGED, FIELD_PATH, DATA_TYPE, DATA1, DATA2, TRANSITIVE_FIELDS, FORMULA, ENTITY_LOOKUP_TYPE)
VALUES ('18728cefb9964906a6cb819def98dbfc', 0, 'fcbde46177b940e78085bd75d9686143', 'custHcl1Ref', 'CUST_HCL1_REF', 'NVARCHAR2(1000)', 'N/A', 0, 'string-l', '', '', '', '', '', '', '', 0, NULL, 1000, NULL, NULL, '', '', 'system', systimestamp, '72', 0, 'entity.commitContact.custHcl1Ref', '', '', '', '', '', '');
INSERT INTO CNT_FIELD_DEFINITION
 (ID, REVISION, PARENT_ID, FIELD_ID, COLUMN_NAME, COLUMN_TYPE, REPORT_COLUMN_NAME, PRODUCT_FIELD, FIELD_TYPE, ENTITY_LOOKUP, ENTITY_LOOKUP_KEY, ORDER_BY, GENERATOR, REFER_TABLE, KEY_COLUMN, LOOKUP_COLUMN, MANDATORY, MIN_LENGTH, MAX_LENGTH, MIN_VALUE, MAX_VALUE, CONSTANT_VALUE, UNIQUE_KEY, CREATE_USER, CREATED_ON, LINE_NO, MANAGED, FIELD_PATH, DATA_TYPE, DATA1, DATA2, TRANSITIVE_FIELDS, FORMULA, ENTITY_LOOKUP_TYPE)
VALUES ('de7cd61f72a746d6a2440f97d0afbca3', 0, 'fcbde46177b940e78085bd75d9686143', 'custHcl1Ver', 'CUST_HCL1_VER', 'NUMBER(20, 0)', 'N/A', 0, 'integer', '', '', '', '', '', '', '', 0, NULL, 18, NULL, NULL, '', '', 'system', systimestamp, '73', 0, 'entity.commitContact.custHcl1Ver', '', '', '', '', '', '');
INSERT INTO CNT_FIELD_DEFINITION
 (ID, REVISION, PARENT_ID, FIELD_ID, COLUMN_NAME, COLUMN_TYPE, REPORT_COLUMN_NAME, PRODUCT_FIELD, FIELD_TYPE, ENTITY_LOOKUP, ENTITY_LOOKUP_KEY, ORDER_BY, GENERATOR, REFER_TABLE, KEY_COLUMN, LOOKUP_COLUMN, MANDATORY, MIN_LENGTH, MAX_LENGTH, MIN_VALUE, MAX_VALUE, CONSTANT_VALUE, UNIQUE_KEY, CREATE_USER, CREATED_ON, LINE_NO, MANAGED, FIELD_PATH, DATA_TYPE, DATA1, DATA2, TRANSITIVE_FIELDS, FORMULA, ENTITY_LOOKUP_TYPE)
VALUES ('9b4388bcc5f54943a059b0a7e0fab7a1', 0, 'fcbde46177b940e78085bd75d9686143', 'custHcl1Ref2', 'CUST_HCL1_REF2', 'NVARCHAR2(1000)', 'N/A', 0, 'string-l', '', '', '', '', '', '', '', 0, NULL, 1000, NULL, NULL, '', '', 'system', systimestamp, '74', 0, 'entity.commitContact.custHcl1Ref2', '', '', '', '', '', '');
INSERT INTO CNT_FIELD_DEFINITION
 (ID, REVISION, PARENT_ID, FIELD_ID, COLUMN_NAME, COLUMN_TYPE, REPORT_COLUMN_NAME, PRODUCT_FIELD, FIELD_TYPE, ENTITY_LOOKUP, ENTITY_LOOKUP_KEY, ORDER_BY, GENERATOR, REFER_TABLE, KEY_COLUMN, LOOKUP_COLUMN, MANDATORY, MIN_LENGTH, MAX_LENGTH, MIN_VALUE, MAX_VALUE, CONSTANT_VALUE, UNIQUE_KEY, CREATE_USER, CREATED_ON, LINE_NO, MANAGED, FIELD_PATH, DATA_TYPE, DATA1, DATA2, TRANSITIVE_FIELDS, FORMULA, ENTITY_LOOKUP_TYPE)
VALUES ('01c4841f9b014181a8523beb5e176f00', 0, 'fcbde46177b940e78085bd75d9686143', 'custHcl1FullLineage', 'CUST_HCL1_FULL_LINEAGE', 'NVARCHAR2(1000)', 'N/A', 0, 'string-l', '', '', '', '', '', '', '', 0, NULL, 1000, NULL, NULL, '', '', 'system', systimestamp, '75', 0, 'entity.commitContact.custHcl1FullLineage', '', '', '', '', '', '');
INSERT INTO CNT_FIELD_DEFINITION
 (ID, REVISION, PARENT_ID, FIELD_ID, COLUMN_NAME, COLUMN_TYPE, REPORT_COLUMN_NAME, PRODUCT_FIELD, FIELD_TYPE, ENTITY_LOOKUP, ENTITY_LOOKUP_KEY, ORDER_BY, GENERATOR, REFER_TABLE, KEY_COLUMN, LOOKUP_COLUMN, MANDATORY, MIN_LENGTH, MAX_LENGTH, MIN_VALUE, MAX_VALUE, CONSTANT_VALUE, UNIQUE_KEY, CREATE_USER, CREATED_ON, LINE_NO, MANAGED, FIELD_PATH, DATA_TYPE, DATA1, DATA2, TRANSITIVE_FIELDS, FORMULA, ENTITY_LOOKUP_TYPE)
VALUES ('97800925469749ba815da62b8a6b79ed', 0, 'fcbde46177b940e78085bd75d9686143', 'custHcl2Ref', 'CUST_HCL2_REF', 'NVARCHAR2(1000)', 'N/A', 0, 'string-l', '', '', '', '', '', '', '', 0, NULL, 1000, NULL, NULL, '', '', 'system', systimestamp, '76', 0, 'entity.commitContact.custHcl2Ref', '', '', '', '', '', '');
INSERT INTO CNT_FIELD_DEFINITION
 (ID, REVISION, PARENT_ID, FIELD_ID, COLUMN_NAME, COLUMN_TYPE, REPORT_COLUMN_NAME, PRODUCT_FIELD, FIELD_TYPE, ENTITY_LOOKUP, ENTITY_LOOKUP_KEY, ORDER_BY, GENERATOR, REFER_TABLE, KEY_COLUMN, LOOKUP_COLUMN, MANDATORY, MIN_LENGTH, MAX_LENGTH, MIN_VALUE, MAX_VALUE, CONSTANT_VALUE, UNIQUE_KEY, CREATE_USER, CREATED_ON, LINE_NO, MANAGED, FIELD_PATH, DATA_TYPE, DATA1, DATA2, TRANSITIVE_FIELDS, FORMULA, ENTITY_LOOKUP_TYPE)
VALUES ('81c3d6ba9a3a4b1bb4d6ae207da5a0b6', 0, 'fcbde46177b940e78085bd75d9686143', 'custHcl2Ver', 'CUST_HCL2_VER', 'NUMBER(20, 0)', 'N/A', 0, 'integer', '', '', '', '', '', '', '', 0, NULL, 18, NULL, NULL, '', '', 'system', systimestamp, '77', 0, 'entity.commitContact.custHcl2Ver', '', '', '', '', '', '');
INSERT INTO CNT_FIELD_DEFINITION
 (ID, REVISION, PARENT_ID, FIELD_ID, COLUMN_NAME, COLUMN_TYPE, REPORT_COLUMN_NAME, PRODUCT_FIELD, FIELD_TYPE, ENTITY_LOOKUP, ENTITY_LOOKUP_KEY, ORDER_BY, GENERATOR, REFER_TABLE, KEY_COLUMN, LOOKUP_COLUMN, MANDATORY, MIN_LENGTH, MAX_LENGTH, MIN_VALUE, MAX_VALUE, CONSTANT_VALUE, UNIQUE_KEY, CREATE_USER, CREATED_ON, LINE_NO, MANAGED, FIELD_PATH, DATA_TYPE, DATA1, DATA2, TRANSITIVE_FIELDS, FORMULA, ENTITY_LOOKUP_TYPE)
VALUES ('b17942459d604f9aa575ce105ec6da91', 0, 'fcbde46177b940e78085bd75d9686143', 'custHcl2Ref2', 'CUST_HCL2_REF2', 'NVARCHAR2(1000)', 'N/A', 0, 'string-l', '', '', '', '', '', '', '', 0, NULL, 1000, NULL, NULL, '', '', 'system', systimestamp, '78', 0, 'entity.commitContact.custHcl2Ref2', '', '', '', '', '', '');
INSERT INTO CNT_FIELD_DEFINITION
 (ID, REVISION, PARENT_ID, FIELD_ID, COLUMN_NAME, COLUMN_TYPE, REPORT_COLUMN_NAME, PRODUCT_FIELD, FIELD_TYPE, ENTITY_LOOKUP, ENTITY_LOOKUP_KEY, ORDER_BY, GENERATOR, REFER_TABLE, KEY_COLUMN, LOOKUP_COLUMN, MANDATORY, MIN_LENGTH, MAX_LENGTH, MIN_VALUE, MAX_VALUE, CONSTANT_VALUE, UNIQUE_KEY, CREATE_USER, CREATED_ON, LINE_NO, MANAGED, FIELD_PATH, DATA_TYPE, DATA1, DATA2, TRANSITIVE_FIELDS, FORMULA, ENTITY_LOOKUP_TYPE)
VALUES ('e1153774bb5a4c98b799bb1333c54989', 0, 'fcbde46177b940e78085bd75d9686143', 'custHcl2FullLineage', 'CUST_HCL2_FULL_LINEAGE', 'NVARCHAR2(1000)', 'N/A', 0, 'string-l', '', '', '', '', '', '', '', 0, NULL, 1000, NULL, NULL, '', '', 'system', systimestamp, '79', 0, 'entity.commitContact.custHcl2FullLineage', '', '', '', '', '', '');
INSERT INTO CNT_FIELD_DEFINITION
 (ID, REVISION, PARENT_ID, FIELD_ID, COLUMN_NAME, COLUMN_TYPE, REPORT_COLUMN_NAME, PRODUCT_FIELD, FIELD_TYPE, ENTITY_LOOKUP, ENTITY_LOOKUP_KEY, ORDER_BY, GENERATOR, REFER_TABLE, KEY_COLUMN, LOOKUP_COLUMN, MANDATORY, MIN_LENGTH, MAX_LENGTH, MIN_VALUE, MAX_VALUE, CONSTANT_VALUE, UNIQUE_KEY, CREATE_USER, CREATED_ON, LINE_NO, MANAGED, FIELD_PATH, DATA_TYPE, DATA1, DATA2, TRANSITIVE_FIELDS, FORMULA, ENTITY_LOOKUP_TYPE)
VALUES ('2164ee49bc2a4e2899b1003d032d3df8', 0, 'fcbde46177b940e78085bd75d9686143', 'custHcl3Ref', 'CUST_HCL3_REF', 'NVARCHAR2(1000)', 'N/A', 0, 'string-l', '', '', '', '', '', '', '', 0, NULL, 1000, NULL, NULL, '', '', 'system', systimestamp, '80', 0, 'entity.commitContact.custHcl3Ref', '', '', '', '', '', '');
INSERT INTO CNT_FIELD_DEFINITION
 (ID, REVISION, PARENT_ID, FIELD_ID, COLUMN_NAME, COLUMN_TYPE, REPORT_COLUMN_NAME, PRODUCT_FIELD, FIELD_TYPE, ENTITY_LOOKUP, ENTITY_LOOKUP_KEY, ORDER_BY, GENERATOR, REFER_TABLE, KEY_COLUMN, LOOKUP_COLUMN, MANDATORY, MIN_LENGTH, MAX_LENGTH, MIN_VALUE, MAX_VALUE, CONSTANT_VALUE, UNIQUE_KEY, CREATE_USER, CREATED_ON, LINE_NO, MANAGED, FIELD_PATH, DATA_TYPE, DATA1, DATA2, TRANSITIVE_FIELDS, FORMULA, ENTITY_LOOKUP_TYPE)
VALUES ('b0917880d2c94a3b835790f11b5b5bef', 0, 'fcbde46177b940e78085bd75d9686143', 'custHcl3Ver', 'CUST_HCL3_VER', 'NUMBER(20, 0)', 'N/A', 0, 'integer', '', '', '', '', '', '', '', 0, NULL, 18, NULL, NULL, '', '', 'system', systimestamp, '81', 0, 'entity.commitContact.custHcl3Ver', '', '', '', '', '', '');
INSERT INTO CNT_FIELD_DEFINITION
 (ID, REVISION, PARENT_ID, FIELD_ID, COLUMN_NAME, COLUMN_TYPE, REPORT_COLUMN_NAME, PRODUCT_FIELD, FIELD_TYPE, ENTITY_LOOKUP, ENTITY_LOOKUP_KEY, ORDER_BY, GENERATOR, REFER_TABLE, KEY_COLUMN, LOOKUP_COLUMN, MANDATORY, MIN_LENGTH, MAX_LENGTH, MIN_VALUE, MAX_VALUE, CONSTANT_VALUE, UNIQUE_KEY, CREATE_USER, CREATED_ON, LINE_NO, MANAGED, FIELD_PATH, DATA_TYPE, DATA1, DATA2, TRANSITIVE_FIELDS, FORMULA, ENTITY_LOOKUP_TYPE)
VALUES ('0106f665dbc341f7babcaaf477acafa6', 0, 'fcbde46177b940e78085bd75d9686143', 'custHcl3Ref2', 'CUST_HCL3_REF2', 'NVARCHAR2(1000)', 'N/A', 0, 'string-l', '', '', '', '', '', '', '', 0, NULL, 1000, NULL, NULL, '', '', 'system', systimestamp, '82', 0, 'entity.commitContact.custHcl3Ref2', '', '', '', '', '', '');
INSERT INTO CNT_FIELD_DEFINITION
 (ID, REVISION, PARENT_ID, FIELD_ID, COLUMN_NAME, COLUMN_TYPE, REPORT_COLUMN_NAME, PRODUCT_FIELD, FIELD_TYPE, ENTITY_LOOKUP, ENTITY_LOOKUP_KEY, ORDER_BY, GENERATOR, REFER_TABLE, KEY_COLUMN, LOOKUP_COLUMN, MANDATORY, MIN_LENGTH, MAX_LENGTH, MIN_VALUE, MAX_VALUE, CONSTANT_VALUE, UNIQUE_KEY, CREATE_USER, CREATED_ON, LINE_NO, MANAGED, FIELD_PATH, DATA_TYPE, DATA1, DATA2, TRANSITIVE_FIELDS, FORMULA, ENTITY_LOOKUP_TYPE)
VALUES ('ab99f345a43648c4a7e940954800d7f5', 0, 'fcbde46177b940e78085bd75d9686143', 'custHcl3FullLineage', 'CUST_HCL3_FULL_LINEAGE', 'NVARCHAR2(1000)', 'N/A', 0, 'string-l', '', '', '', '', '', '', '', 0, NULL, 1000, NULL, NULL, '', '', 'system', systimestamp, '83', 0, 'entity.commitContact.custHcl3FullLineage', '', '', '', '', '', '');
INSERT INTO CNT_FIELD_DEFINITION
 (ID, REVISION, PARENT_ID, FIELD_ID, COLUMN_NAME, COLUMN_TYPE, REPORT_COLUMN_NAME, PRODUCT_FIELD, FIELD_TYPE, ENTITY_LOOKUP, ENTITY_LOOKUP_KEY, ORDER_BY, GENERATOR, REFER_TABLE, KEY_COLUMN, LOOKUP_COLUMN, MANDATORY, MIN_LENGTH, MAX_LENGTH, MIN_VALUE, MAX_VALUE, CONSTANT_VALUE, UNIQUE_KEY, CREATE_USER, CREATED_ON, LINE_NO, MANAGED, FIELD_PATH, DATA_TYPE, DATA1, DATA2, TRANSITIVE_FIELDS, FORMULA, ENTITY_LOOKUP_TYPE)
VALUES ('52023666b00640588718c95f24517fc3', 0, 'fcbde46177b940e78085bd75d9686143', 'custHcl4Ref', 'CUST_HCL4_REF', 'NVARCHAR2(1000)', 'N/A', 0, 'string-l', '', '', '', '', '', '', '', 0, NULL, 1000, NULL, NULL, '', '', 'system', systimestamp, '84', 0, 'entity.commitContact.custHcl4Ref', '', '', '', '', '', '');
INSERT INTO CNT_FIELD_DEFINITION
 (ID, REVISION, PARENT_ID, FIELD_ID, COLUMN_NAME, COLUMN_TYPE, REPORT_COLUMN_NAME, PRODUCT_FIELD, FIELD_TYPE, ENTITY_LOOKUP, ENTITY_LOOKUP_KEY, ORDER_BY, GENERATOR, REFER_TABLE, KEY_COLUMN, LOOKUP_COLUMN, MANDATORY, MIN_LENGTH, MAX_LENGTH, MIN_VALUE, MAX_VALUE, CONSTANT_VALUE, UNIQUE_KEY, CREATE_USER, CREATED_ON, LINE_NO, MANAGED, FIELD_PATH, DATA_TYPE, DATA1, DATA2, TRANSITIVE_FIELDS, FORMULA, ENTITY_LOOKUP_TYPE)
VALUES ('80a00c7bec5d425bbfc36324807ce4b2', 0, 'fcbde46177b940e78085bd75d9686143', 'custHcl4Ver', 'CUST_HCL4_VER', 'NUMBER(20, 0)', 'N/A', 0, 'integer', '', '', '', '', '', '', '', 0, NULL, 18, NULL, NULL, '', '', 'system', systimestamp, '85', 0, 'entity.commitContact.custHcl4Ver', '', '', '', '', '', '');
INSERT INTO CNT_FIELD_DEFINITION
 (ID, REVISION, PARENT_ID, FIELD_ID, COLUMN_NAME, COLUMN_TYPE, REPORT_COLUMN_NAME, PRODUCT_FIELD, FIELD_TYPE, ENTITY_LOOKUP, ENTITY_LOOKUP_KEY, ORDER_BY, GENERATOR, REFER_TABLE, KEY_COLUMN, LOOKUP_COLUMN, MANDATORY, MIN_LENGTH, MAX_LENGTH, MIN_VALUE, MAX_VALUE, CONSTANT_VALUE, UNIQUE_KEY, CREATE_USER, CREATED_ON, LINE_NO, MANAGED, FIELD_PATH, DATA_TYPE, DATA1, DATA2, TRANSITIVE_FIELDS, FORMULA, ENTITY_LOOKUP_TYPE)
VALUES ('3379350f7ac74c12bf55fb97dbc331f9', 0, 'fcbde46177b940e78085bd75d9686143', 'custHcl4Ref2', 'CUST_HCL4_REF2', 'NVARCHAR2(1000)', 'N/A', 0, 'string-l', '', '', '', '', '', '', '', 0, NULL, 1000, NULL, NULL, '', '', 'system', systimestamp, '86', 0, 'entity.commitContact.custHcl4Ref2', '', '', '', '', '', '');
INSERT INTO CNT_FIELD_DEFINITION
 (ID, REVISION, PARENT_ID, FIELD_ID, COLUMN_NAME, COLUMN_TYPE, REPORT_COLUMN_NAME, PRODUCT_FIELD, FIELD_TYPE, ENTITY_LOOKUP, ENTITY_LOOKUP_KEY, ORDER_BY, GENERATOR, REFER_TABLE, KEY_COLUMN, LOOKUP_COLUMN, MANDATORY, MIN_LENGTH, MAX_LENGTH, MIN_VALUE, MAX_VALUE, CONSTANT_VALUE, UNIQUE_KEY, CREATE_USER, CREATED_ON, LINE_NO, MANAGED, FIELD_PATH, DATA_TYPE, DATA1, DATA2, TRANSITIVE_FIELDS, FORMULA, ENTITY_LOOKUP_TYPE)
VALUES ('fb4fd18a7d8441d99ab34b788ccebed3', 0, 'fcbde46177b940e78085bd75d9686143', 'custHcl4FullLineage', 'CUST_HCL4_FULL_LINEAGE', 'NVARCHAR2(1000)', 'N/A', 0, 'string-l', '', '', '', '', '', '', '', 0, NULL, 1000, NULL, NULL, '', '', 'system', systimestamp, '87', 0, 'entity.commitContact.custHcl4FullLineage', '', '', '', '', '', '');
INSERT INTO CNT_FIELD_DEFINITION
 (ID, REVISION, PARENT_ID, FIELD_ID, COLUMN_NAME, COLUMN_TYPE, REPORT_COLUMN_NAME, PRODUCT_FIELD, FIELD_TYPE, ENTITY_LOOKUP, ENTITY_LOOKUP_KEY, ORDER_BY, GENERATOR, REFER_TABLE, KEY_COLUMN, LOOKUP_COLUMN, MANDATORY, MIN_LENGTH, MAX_LENGTH, MIN_VALUE, MAX_VALUE, CONSTANT_VALUE, UNIQUE_KEY, CREATE_USER, CREATED_ON, LINE_NO, MANAGED, FIELD_PATH, DATA_TYPE, DATA1, DATA2, TRANSITIVE_FIELDS, FORMULA, ENTITY_LOOKUP_TYPE)
VALUES ('da21eca4857d4ffa9ef7acf11d87549f', 0, 'fcbde46177b940e78085bd75d9686143', 'custHcl5Ref', 'CUST_HCL5_REF', 'NVARCHAR2(1000)', 'N/A', 0, 'string-l', '', '', '', '', '', '', '', 0, NULL, 1000, NULL, NULL, '', '', 'system', systimestamp, '88', 0, 'entity.commitContact.custHcl5Ref', '', '', '', '', '', '');
INSERT INTO CNT_FIELD_DEFINITION
 (ID, REVISION, PARENT_ID, FIELD_ID, COLUMN_NAME, COLUMN_TYPE, REPORT_COLUMN_NAME, PRODUCT_FIELD, FIELD_TYPE, ENTITY_LOOKUP, ENTITY_LOOKUP_KEY, ORDER_BY, GENERATOR, REFER_TABLE, KEY_COLUMN, LOOKUP_COLUMN, MANDATORY, MIN_LENGTH, MAX_LENGTH, MIN_VALUE, MAX_VALUE, CONSTANT_VALUE, UNIQUE_KEY, CREATE_USER, CREATED_ON, LINE_NO, MANAGED, FIELD_PATH, DATA_TYPE, DATA1, DATA2, TRANSITIVE_FIELDS, FORMULA, ENTITY_LOOKUP_TYPE)
VALUES ('65263072fb9b4446b050d1c042c0ca93', 0, 'fcbde46177b940e78085bd75d9686143', 'custHcl5Ver', 'CUST_HCL5_VER', 'NUMBER(20, 0)', 'N/A', 0, 'integer', '', '', '', '', '', '', '', 0, NULL, 18, NULL, NULL, '', '', 'system', systimestamp, '89', 0, 'entity.commitContact.custHcl5Ver', '', '', '', '', '', '');
INSERT INTO CNT_FIELD_DEFINITION
 (ID, REVISION, PARENT_ID, FIELD_ID, COLUMN_NAME, COLUMN_TYPE, REPORT_COLUMN_NAME, PRODUCT_FIELD, FIELD_TYPE, ENTITY_LOOKUP, ENTITY_LOOKUP_KEY, ORDER_BY, GENERATOR, REFER_TABLE, KEY_COLUMN, LOOKUP_COLUMN, MANDATORY, MIN_LENGTH, MAX_LENGTH, MIN_VALUE, MAX_VALUE, CONSTANT_VALUE, UNIQUE_KEY, CREATE_USER, CREATED_ON, LINE_NO, MANAGED, FIELD_PATH, DATA_TYPE, DATA1, DATA2, TRANSITIVE_FIELDS, FORMULA, ENTITY_LOOKUP_TYPE)
VALUES ('aa73b6e2b287446591aad017ca0d020c', 0, 'fcbde46177b940e78085bd75d9686143', 'custHcl5Ref2', 'CUST_HCL5_REF2', 'NVARCHAR2(1000)', 'N/A', 0, 'string-l', '', '', '', '', '', '', '', 0, NULL, 1000, NULL, NULL, '', '', 'system', systimestamp, '90', 0, 'entity.commitContact.custHcl5Ref2', '', '', '', '', '', '');
INSERT INTO CNT_FIELD_DEFINITION
 (ID, REVISION, PARENT_ID, FIELD_ID, COLUMN_NAME, COLUMN_TYPE, REPORT_COLUMN_NAME, PRODUCT_FIELD, FIELD_TYPE, ENTITY_LOOKUP, ENTITY_LOOKUP_KEY, ORDER_BY, GENERATOR, REFER_TABLE, KEY_COLUMN, LOOKUP_COLUMN, MANDATORY, MIN_LENGTH, MAX_LENGTH, MIN_VALUE, MAX_VALUE, CONSTANT_VALUE, UNIQUE_KEY, CREATE_USER, CREATED_ON, LINE_NO, MANAGED, FIELD_PATH, DATA_TYPE, DATA1, DATA2, TRANSITIVE_FIELDS, FORMULA, ENTITY_LOOKUP_TYPE)
VALUES ('8d80a0b978b341b28909ef51287841ba', 0, 'fcbde46177b940e78085bd75d9686143', 'custHcl5FullLineage', 'CUST_HCL5_FULL_LINEAGE', 'NVARCHAR2(1000)', 'N/A', 0, 'string-l', '', '', '', '', '', '', '', 0, NULL, 1000, NULL, NULL, '', '', 'system', systimestamp, '91', 0, 'entity.commitContact.custHcl5FullLineage', '', '', '', '', '', '');
INSERT INTO CNT_ENTITY_DEFINITION
 (ID, REVISION, ENTITY_NAME, ENTITY_VERSION, PRODUCT_TABLE_NAME, CUSTOM_TABLE_NAME, REPORT_TABLE_NAME, MODULE, TYPE, REVISION_TRACKING, VERSION_TRACKING, HISTORY_ENTITY_NAME, REF_PATTERN, SYSTEM_ENTITY, CREATE_USER, CREATED_ON, IS_FOR_EXTERNAL)
VALUES ('2b2746acca7e42f0a1d292e0869986ad', 0, 'CommitHistory', 1, 'CNT_COMMIT_H', '', '', 'commit', 'inner', '', '', '', '', 1, 'system', systimestamp, 0);
INSERT INTO CNT_FIELD_DEFINITION
 (ID, REVISION, PARENT_ID, FIELD_ID, COLUMN_NAME, COLUMN_TYPE, REPORT_COLUMN_NAME, PRODUCT_FIELD, FIELD_TYPE, ENTITY_LOOKUP, ENTITY_LOOKUP_KEY, ORDER_BY, GENERATOR, REFER_TABLE, KEY_COLUMN, LOOKUP_COLUMN, MANDATORY, MIN_LENGTH, MAX_LENGTH, MIN_VALUE, MAX_VALUE, CONSTANT_VALUE, UNIQUE_KEY, CREATE_USER, CREATED_ON, LINE_NO, MANAGED, FIELD_PATH, DATA_TYPE, DATA1, DATA2, TRANSITIVE_FIELDS, FORMULA, ENTITY_LOOKUP_TYPE)
VALUES ('c46787b113e64eb19a57df353d6d066f', 0, '2b2746acca7e42f0a1d292e0869986ad', 'id', 'ID', 'CHAR(32)', '', 1, 'id', '', '', '', 'com.core.cbx.data.generator.UUIDGenerator', '', '', '', 0, 32, 32, NULL, NULL, '', '', 'system', systimestamp, '0', 0, 'entity.id', '', '', '', '', '', '');
INSERT INTO CNT_FIELD_DEFINITION
 (ID, REVISION, PARENT_ID, FIELD_ID, COLUMN_NAME, COLUMN_TYPE, REPORT_COLUMN_NAME, PRODUCT_FIELD, FIELD_TYPE, ENTITY_LOOKUP, ENTITY_LOOKUP_KEY, ORDER_BY, GENERATOR, REFER_TABLE, KEY_COLUMN, LOOKUP_COLUMN, MANDATORY, MIN_LENGTH, MAX_LENGTH, MIN_VALUE, MAX_VALUE, CONSTANT_VALUE, UNIQUE_KEY, CREATE_USER, CREATED_ON, LINE_NO, MANAGED, FIELD_PATH, DATA_TYPE, DATA1, DATA2, TRANSITIVE_FIELDS, FORMULA, ENTITY_LOOKUP_TYPE)
VALUES ('9e50c8ea0e934c7b94b34d630a3075d2', 0, '2b2746acca7e42f0a1d292e0869986ad', 'revision', 'REVISION', 'NUMBER(20, 0)', '', 1, 'integer', '', '', '', '', '', '', '', 0, NULL, 18, NULL, NULL, '', '', 'system', systimestamp, '1', 0, 'entity.revision', '', '', '', '', '', '');
INSERT INTO CNT_FIELD_DEFINITION
 (ID, REVISION, PARENT_ID, FIELD_ID, COLUMN_NAME, COLUMN_TYPE, REPORT_COLUMN_NAME, PRODUCT_FIELD, FIELD_TYPE, ENTITY_LOOKUP, ENTITY_LOOKUP_KEY, ORDER_BY, GENERATOR, REFER_TABLE, KEY_COLUMN, LOOKUP_COLUMN, MANDATORY, MIN_LENGTH, MAX_LENGTH, MIN_VALUE, MAX_VALUE, CONSTANT_VALUE, UNIQUE_KEY, CREATE_USER, CREATED_ON, LINE_NO, MANAGED, FIELD_PATH, DATA_TYPE, DATA1, DATA2, TRANSITIVE_FIELDS, FORMULA, ENTITY_LOOKUP_TYPE)
VALUES ('66bb4826a8f94269af5b9a575fc7ce5f', 0, '2b2746acca7e42f0a1d292e0869986ad', 'entityVersion', 'ENTITY_VERSION', 'NUMBER(20, 0)', '', 1, 'integer', '', '', '', '', '', '', '', 0, NULL, 18, NULL, NULL, '', '', 'system', systimestamp, '2', 0, 'entity.entityVersion', '', '', '', '', '', '');
INSERT INTO CNT_FIELD_DEFINITION
 (ID, REVISION, PARENT_ID, FIELD_ID, COLUMN_NAME, COLUMN_TYPE, REPORT_COLUMN_NAME, PRODUCT_FIELD, FIELD_TYPE, ENTITY_LOOKUP, ENTITY_LOOKUP_KEY, ORDER_BY, GENERATOR, REFER_TABLE, KEY_COLUMN, LOOKUP_COLUMN, MANDATORY, MIN_LENGTH, MAX_LENGTH, MIN_VALUE, MAX_VALUE, CONSTANT_VALUE, UNIQUE_KEY, CREATE_USER, CREATED_ON, LINE_NO, MANAGED, FIELD_PATH, DATA_TYPE, DATA1, DATA2, TRANSITIVE_FIELDS, FORMULA, ENTITY_LOOKUP_TYPE)
VALUES ('92f152ab2b334a70ab8faa3942fc9cf5', 0, '2b2746acca7e42f0a1d292e0869986ad', 'domainId', 'DOMAIN_ID', 'NVARCHAR2(400)', '', 1, 'string-m', '', '', '', '', '', '', '', 0, NULL, 400, NULL, NULL, '', '', 'system', systimestamp, '3', 0, 'entity.domainId', '', '', '', '', '', '');
INSERT INTO CNT_FIELD_DEFINITION
 (ID, REVISION, PARENT_ID, FIELD_ID, COLUMN_NAME, COLUMN_TYPE, REPORT_COLUMN_NAME, PRODUCT_FIELD, FIELD_TYPE, ENTITY_LOOKUP, ENTITY_LOOKUP_KEY, ORDER_BY, GENERATOR, REFER_TABLE, KEY_COLUMN, LOOKUP_COLUMN, MANDATORY, MIN_LENGTH, MAX_LENGTH, MIN_VALUE, MAX_VALUE, CONSTANT_VALUE, UNIQUE_KEY, CREATE_USER, CREATED_ON, LINE_NO, MANAGED, FIELD_PATH, DATA_TYPE, DATA1, DATA2, TRANSITIVE_FIELDS, FORMULA, ENTITY_LOOKUP_TYPE)
VALUES ('800afcc70a694578a17880c0323fae18', 0, '2b2746acca7e42f0a1d292e0869986ad', 'hubDomainId', 'HUB_DOMAIN_ID', 'NVARCHAR2(400)', '', 1, 'string-m', '', '', '', '', '', '', '', 0, NULL, 400, NULL, NULL, '', '', 'system', systimestamp, '4', 0, 'entity.hubDomainId', '', '', '', '', '', '');
INSERT INTO CNT_FIELD_DEFINITION
 (ID, REVISION, PARENT_ID, FIELD_ID, COLUMN_NAME, COLUMN_TYPE, REPORT_COLUMN_NAME, PRODUCT_FIELD, FIELD_TYPE, ENTITY_LOOKUP, ENTITY_LOOKUP_KEY, ORDER_BY, GENERATOR, REFER_TABLE, KEY_COLUMN, LOOKUP_COLUMN, MANDATORY, MIN_LENGTH, MAX_LENGTH, MIN_VALUE, MAX_VALUE, CONSTANT_VALUE, UNIQUE_KEY, CREATE_USER, CREATED_ON, LINE_NO, MANAGED, FIELD_PATH, DATA_TYPE, DATA1, DATA2, TRANSITIVE_FIELDS, FORMULA, ENTITY_LOOKUP_TYPE)
VALUES ('5acdb89a24d349afa53ff81f51738fbc', 0, '2b2746acca7e42f0a1d292e0869986ad', 'isForReference', 'IS_FOR_REFERENCE', 'NUMBER(1,0)', '', 1, 'boolean', '', '', '', '', '', '', '', 0, NULL, NULL, NULL, NULL, '', '', 'system', systimestamp, '5', 0, 'entity.isForReference', '', '', '', '', '', '');
INSERT INTO CNT_FIELD_DEFINITION
 (ID, REVISION, PARENT_ID, FIELD_ID, COLUMN_NAME, COLUMN_TYPE, REPORT_COLUMN_NAME, PRODUCT_FIELD, FIELD_TYPE, ENTITY_LOOKUP, ENTITY_LOOKUP_KEY, ORDER_BY, GENERATOR, REFER_TABLE, KEY_COLUMN, LOOKUP_COLUMN, MANDATORY, MIN_LENGTH, MAX_LENGTH, MIN_VALUE, MAX_VALUE, CONSTANT_VALUE, UNIQUE_KEY, CREATE_USER, CREATED_ON, LINE_NO, MANAGED, FIELD_PATH, DATA_TYPE, DATA1, DATA2, TRANSITIVE_FIELDS, FORMULA, ENTITY_LOOKUP_TYPE)
VALUES ('9690b7eb14384fe791cb3896b671f44c', 0, '2b2746acca7e42f0a1d292e0869986ad', 'internalSeqNo', 'INTERNAL_SEQ_NO', 'NUMBER(20, 0)', 'n/a', 1, 'integer', '', '', '', '', '', '', '', 0, NULL, 18, NULL, NULL, '', '', 'system', systimestamp, '6', 0, 'entity.internalSeqNo', '', '', '', '', '', '');
INSERT INTO CNT_FIELD_DEFINITION
 (ID, REVISION, PARENT_ID, FIELD_ID, COLUMN_NAME, COLUMN_TYPE, REPORT_COLUMN_NAME, PRODUCT_FIELD, FIELD_TYPE, ENTITY_LOOKUP, ENTITY_LOOKUP_KEY, ORDER_BY, GENERATOR, REFER_TABLE, KEY_COLUMN, LOOKUP_COLUMN, MANDATORY, MIN_LENGTH, MAX_LENGTH, MIN_VALUE, MAX_VALUE, CONSTANT_VALUE, UNIQUE_KEY, CREATE_USER, CREATED_ON, LINE_NO, MANAGED, FIELD_PATH, DATA_TYPE, DATA1, DATA2, TRANSITIVE_FIELDS, FORMULA, ENTITY_LOOKUP_TYPE)
VALUES ('82ad9a4def7b41bb939dcd9edcd94b32', 0, '2b2746acca7e42f0a1d292e0869986ad', 'parentId', 'PARENT_ID', 'NVARCHAR2(400)', '', 1, 'string-m', '', '', '', '', '', '', '', 0, NULL, 400, NULL, NULL, '', '', 'system', systimestamp, '7', 0, 'entity.parentId', '', '', '', '', '', '');
INSERT INTO CNT_FIELD_DEFINITION
 (ID, REVISION, PARENT_ID, FIELD_ID, COLUMN_NAME, COLUMN_TYPE, REPORT_COLUMN_NAME, PRODUCT_FIELD, FIELD_TYPE, ENTITY_LOOKUP, ENTITY_LOOKUP_KEY, ORDER_BY, GENERATOR, REFER_TABLE, KEY_COLUMN, LOOKUP_COLUMN, MANDATORY, MIN_LENGTH, MAX_LENGTH, MIN_VALUE, MAX_VALUE, CONSTANT_VALUE, UNIQUE_KEY, CREATE_USER, CREATED_ON, LINE_NO, MANAGED, FIELD_PATH, DATA_TYPE, DATA1, DATA2, TRANSITIVE_FIELDS, FORMULA, ENTITY_LOOKUP_TYPE)
VALUES ('65e1c9f05c174f72b1b67e741069d681', 0, '2b2746acca7e42f0a1d292e0869986ad', 'docVersion', 'DOC_VERSION', 'NUMBER(20, 0)', '', 1, 'integer', '', '', '', '', '', '', '', 0, NULL, 18, NULL, NULL, '', '', 'system', systimestamp, '8', 0, 'entity.docVersion', '', '', '', '', '', '');
INSERT INTO CNT_FIELD_DEFINITION
 (ID, REVISION, PARENT_ID, FIELD_ID, COLUMN_NAME, COLUMN_TYPE, REPORT_COLUMN_NAME, PRODUCT_FIELD, FIELD_TYPE, ENTITY_LOOKUP, ENTITY_LOOKUP_KEY, ORDER_BY, GENERATOR, REFER_TABLE, KEY_COLUMN, LOOKUP_COLUMN, MANDATORY, MIN_LENGTH, MAX_LENGTH, MIN_VALUE, MAX_VALUE, CONSTANT_VALUE, UNIQUE_KEY, CREATE_USER, CREATED_ON, LINE_NO, MANAGED, FIELD_PATH, DATA_TYPE, DATA1, DATA2, TRANSITIVE_FIELDS, FORMULA, ENTITY_LOOKUP_TYPE)
VALUES ('f8e0b42271964968b59820985244a4ea', 0, '2b2746acca7e42f0a1d292e0869986ad', 'docRevision', 'DOC_REVISION', 'NUMBER(20, 0)', '', 1, 'integer', '', '', '', '', '', '', '', 0, NULL, 18, NULL, NULL, '', '', 'system', systimestamp, '9', 0, 'entity.docRevision', '', '', '', '', '', '');
INSERT INTO CNT_FIELD_DEFINITION
 (ID, REVISION, PARENT_ID, FIELD_ID, COLUMN_NAME, COLUMN_TYPE, REPORT_COLUMN_NAME, PRODUCT_FIELD, FIELD_TYPE, ENTITY_LOOKUP, ENTITY_LOOKUP_KEY, ORDER_BY, GENERATOR, REFER_TABLE, KEY_COLUMN, LOOKUP_COLUMN, MANDATORY, MIN_LENGTH, MAX_LENGTH, MIN_VALUE, MAX_VALUE, CONSTANT_VALUE, UNIQUE_KEY, CREATE_USER, CREATED_ON, LINE_NO, MANAGED, FIELD_PATH, DATA_TYPE, DATA1, DATA2, TRANSITIVE_FIELDS, FORMULA, ENTITY_LOOKUP_TYPE)
VALUES ('f2f8e4ed9a3b4ac6af6af119cfaf4f06', 0, '2b2746acca7e42f0a1d292e0869986ad', 'itemId', 'ITEM_ID', 'NVARCHAR2(400)', '', 1, 'string-m', '', '', '', '', '', '', '', 0, NULL, 400, NULL, NULL, '', '', 'system', systimestamp, '10', 0, 'entity.itemId', '', '', '', '', '', '');
INSERT INTO CNT_FIELD_DEFINITION
 (ID, REVISION, PARENT_ID, FIELD_ID, COLUMN_NAME, COLUMN_TYPE, REPORT_COLUMN_NAME, PRODUCT_FIELD, FIELD_TYPE, ENTITY_LOOKUP, ENTITY_LOOKUP_KEY, ORDER_BY, GENERATOR, REFER_TABLE, KEY_COLUMN, LOOKUP_COLUMN, MANDATORY, MIN_LENGTH, MAX_LENGTH, MIN_VALUE, MAX_VALUE, CONSTANT_VALUE, UNIQUE_KEY, CREATE_USER, CREATED_ON, LINE_NO, MANAGED, FIELD_PATH, DATA_TYPE, DATA1, DATA2, TRANSITIVE_FIELDS, FORMULA, ENTITY_LOOKUP_TYPE)
VALUES ('c1228f3b4f974db6bbbcd3503da0a89e', 0, '2b2746acca7e42f0a1d292e0869986ad', 'itemRevision', 'ITEM_REVISION', 'NUMBER(20, 0)', '', 1, 'integer', '', '', '', '', '', '', '', 0, NULL, 18, NULL, NULL, '', '', 'system', systimestamp, '11', 0, 'entity.itemRevision', '', '', '', '', '', '');
INSERT INTO CNT_FIELD_DEFINITION
 (ID, REVISION, PARENT_ID, FIELD_ID, COLUMN_NAME, COLUMN_TYPE, REPORT_COLUMN_NAME, PRODUCT_FIELD, FIELD_TYPE, ENTITY_LOOKUP, ENTITY_LOOKUP_KEY, ORDER_BY, GENERATOR, REFER_TABLE, KEY_COLUMN, LOOKUP_COLUMN, MANDATORY, MIN_LENGTH, MAX_LENGTH, MIN_VALUE, MAX_VALUE, CONSTANT_VALUE, UNIQUE_KEY, CREATE_USER, CREATED_ON, LINE_NO, MANAGED, FIELD_PATH, DATA_TYPE, DATA1, DATA2, TRANSITIVE_FIELDS, FORMULA, ENTITY_LOOKUP_TYPE)
VALUES ('82206696cb9e4ef7a19a99a7867b6839', 0, '2b2746acca7e42f0a1d292e0869986ad', 'itemEntityName', 'ITEM_ENTITY_NAME', 'NVARCHAR2(400)', '', 1, 'string-m', '', '', '', '', '', '', '', 0, NULL, 400, NULL, NULL, '', '', 'system', systimestamp, '12', 0, 'entity.itemEntityName', '', '', '', '', '', '');
INSERT INTO CNT_FIELD_DEFINITION
 (ID, REVISION, PARENT_ID, FIELD_ID, COLUMN_NAME, COLUMN_TYPE, REPORT_COLUMN_NAME, PRODUCT_FIELD, FIELD_TYPE, ENTITY_LOOKUP, ENTITY_LOOKUP_KEY, ORDER_BY, GENERATOR, REFER_TABLE, KEY_COLUMN, LOOKUP_COLUMN, MANDATORY, MIN_LENGTH, MAX_LENGTH, MIN_VALUE, MAX_VALUE, CONSTANT_VALUE, UNIQUE_KEY, CREATE_USER, CREATED_ON, LINE_NO, MANAGED, FIELD_PATH, DATA_TYPE, DATA1, DATA2, TRANSITIVE_FIELDS, FORMULA, ENTITY_LOOKUP_TYPE)
VALUES ('c1b31f81f94a47cd84965ae99ed066e2', 0, '2b2746acca7e42f0a1d292e0869986ad', 'type', 'TYPE', 'NUMBER(20, 0)', '', 1, 'integer', '', '', '', '', '', '', '', 0, NULL, 18, NULL, NULL, '', '', 'system', systimestamp, '13', 0, 'entity.type', '', '', '', '', '', '');
INSERT INTO CNT_FIELD_DEFINITION
 (ID, REVISION, PARENT_ID, FIELD_ID, COLUMN_NAME, COLUMN_TYPE, REPORT_COLUMN_NAME, PRODUCT_FIELD, FIELD_TYPE, ENTITY_LOOKUP, ENTITY_LOOKUP_KEY, ORDER_BY, GENERATOR, REFER_TABLE, KEY_COLUMN, LOOKUP_COLUMN, MANDATORY, MIN_LENGTH, MAX_LENGTH, MIN_VALUE, MAX_VALUE, CONSTANT_VALUE, UNIQUE_KEY, CREATE_USER, CREATED_ON, LINE_NO, MANAGED, FIELD_PATH, DATA_TYPE, DATA1, DATA2, TRANSITIVE_FIELDS, FORMULA, ENTITY_LOOKUP_TYPE)
VALUES ('ee8b21e903ab4ca08c1041187894ea0f', 0, '2b2746acca7e42f0a1d292e0869986ad', 'fieldId', 'FIELD_ID', 'NVARCHAR2(400)', '', 1, 'string-m', '', '', '', '', '', '', '', 0, NULL, 400, NULL, NULL, '', '', 'system', systimestamp, '14', 0, 'entity.fieldId', '', '', '', '', '', '');
INSERT INTO CNT_FIELD_DEFINITION
 (ID, REVISION, PARENT_ID, FIELD_ID, COLUMN_NAME, COLUMN_TYPE, REPORT_COLUMN_NAME, PRODUCT_FIELD, FIELD_TYPE, ENTITY_LOOKUP, ENTITY_LOOKUP_KEY, ORDER_BY, GENERATOR, REFER_TABLE, KEY_COLUMN, LOOKUP_COLUMN, MANDATORY, MIN_LENGTH, MAX_LENGTH, MIN_VALUE, MAX_VALUE, CONSTANT_VALUE, UNIQUE_KEY, CREATE_USER, CREATED_ON, LINE_NO, MANAGED, FIELD_PATH, DATA_TYPE, DATA1, DATA2, TRANSITIVE_FIELDS, FORMULA, ENTITY_LOOKUP_TYPE)
VALUES ('600c0cc77eb14ebe90413dbbb187e028', 0, '2b2746acca7e42f0a1d292e0869986ad', 'path', 'PATH', 'NVARCHAR2(1000)', '', 1, 'string-l', '', '', '', '', '', '', '', 0, NULL, 1000, NULL, NULL, '', '', 'system', systimestamp, '15', 0, 'entity.path', '', '', '', '', '', '');
INSERT INTO CNT_FIELD_DEFINITION
 (ID, REVISION, PARENT_ID, FIELD_ID, COLUMN_NAME, COLUMN_TYPE, REPORT_COLUMN_NAME, PRODUCT_FIELD, FIELD_TYPE, ENTITY_LOOKUP, ENTITY_LOOKUP_KEY, ORDER_BY, GENERATOR, REFER_TABLE, KEY_COLUMN, LOOKUP_COLUMN, MANDATORY, MIN_LENGTH, MAX_LENGTH, MIN_VALUE, MAX_VALUE, CONSTANT_VALUE, UNIQUE_KEY, CREATE_USER, CREATED_ON, LINE_NO, MANAGED, FIELD_PATH, DATA_TYPE, DATA1, DATA2, TRANSITIVE_FIELDS, FORMULA, ENTITY_LOOKUP_TYPE)
VALUES ('f844517c8ff24b0a9e12e22e776fecf6', 0, '2b2746acca7e42f0a1d292e0869986ad', 'refValue', 'REF_VALUE', 'NVARCHAR2(400)', '', 1, 'string-m', '', '', '', '', '', '', '', 0, NULL, 400, NULL, NULL, '', '', 'system', systimestamp, '16', 0, 'entity.refValue', '', '', '', '', '', '');
INSERT INTO CNT_FIELD_DEFINITION
 (ID, REVISION, PARENT_ID, FIELD_ID, COLUMN_NAME, COLUMN_TYPE, REPORT_COLUMN_NAME, PRODUCT_FIELD, FIELD_TYPE, ENTITY_LOOKUP, ENTITY_LOOKUP_KEY, ORDER_BY, GENERATOR, REFER_TABLE, KEY_COLUMN, LOOKUP_COLUMN, MANDATORY, MIN_LENGTH, MAX_LENGTH, MIN_VALUE, MAX_VALUE, CONSTANT_VALUE, UNIQUE_KEY, CREATE_USER, CREATED_ON, LINE_NO, MANAGED, FIELD_PATH, DATA_TYPE, DATA1, DATA2, TRANSITIVE_FIELDS, FORMULA, ENTITY_LOOKUP_TYPE)
VALUES ('a150204b23464a98ace42989a565ee2e', 0, '2b2746acca7e42f0a1d292e0869986ad', 'operation', 'OPERATION', 'NVARCHAR2(400)', '', 1, 'string-m', '', '', '', '', '', '', '', 0, NULL, 400, NULL, NULL, '', '', 'system', systimestamp, '17', 0, 'entity.operation', '', '', '', '', '', '');
INSERT INTO CNT_FIELD_DEFINITION
 (ID, REVISION, PARENT_ID, FIELD_ID, COLUMN_NAME, COLUMN_TYPE, REPORT_COLUMN_NAME, PRODUCT_FIELD, FIELD_TYPE, ENTITY_LOOKUP, ENTITY_LOOKUP_KEY, ORDER_BY, GENERATOR, REFER_TABLE, KEY_COLUMN, LOOKUP_COLUMN, MANDATORY, MIN_LENGTH, MAX_LENGTH, MIN_VALUE, MAX_VALUE, CONSTANT_VALUE, UNIQUE_KEY, CREATE_USER, CREATED_ON, LINE_NO, MANAGED, FIELD_PATH, DATA_TYPE, DATA1, DATA2, TRANSITIVE_FIELDS, FORMULA, ENTITY_LOOKUP_TYPE)
VALUES ('2ac03288fcf64b0ebdc2c201c5e81958', 0, '2b2746acca7e42f0a1d292e0869986ad', 'valueBefore', 'VALUE_BEFORE', 'CLOB', '', 1, 'clob', '', '', '', '', '', '', '', 0, NULL, NULL, NULL, NULL, '', '', 'system', systimestamp, '18', 0, 'entity.valueBefore', '', '', '', '', '', '');
INSERT INTO CNT_FIELD_DEFINITION
 (ID, REVISION, PARENT_ID, FIELD_ID, COLUMN_NAME, COLUMN_TYPE, REPORT_COLUMN_NAME, PRODUCT_FIELD, FIELD_TYPE, ENTITY_LOOKUP, ENTITY_LOOKUP_KEY, ORDER_BY, GENERATOR, REFER_TABLE, KEY_COLUMN, LOOKUP_COLUMN, MANDATORY, MIN_LENGTH, MAX_LENGTH, MIN_VALUE, MAX_VALUE, CONSTANT_VALUE, UNIQUE_KEY, CREATE_USER, CREATED_ON, LINE_NO, MANAGED, FIELD_PATH, DATA_TYPE, DATA1, DATA2, TRANSITIVE_FIELDS, FORMULA, ENTITY_LOOKUP_TYPE)
VALUES ('18d4c033f16a4afd9f42a6745ed9cb4c', 0, '2b2746acca7e42f0a1d292e0869986ad', 'valueAfter', 'VALUE_AFTER', 'CLOB', '', 1, 'clob', '', '', '', '', '', '', '', 0, NULL, NULL, NULL, NULL, '', '', 'system', systimestamp, '19', 0, 'entity.valueAfter', '', '', '', '', '', '');
INSERT INTO CNT_FIELD_DEFINITION
 (ID, REVISION, PARENT_ID, FIELD_ID, COLUMN_NAME, COLUMN_TYPE, REPORT_COLUMN_NAME, PRODUCT_FIELD, FIELD_TYPE, ENTITY_LOOKUP, ENTITY_LOOKUP_KEY, ORDER_BY, GENERATOR, REFER_TABLE, KEY_COLUMN, LOOKUP_COLUMN, MANDATORY, MIN_LENGTH, MAX_LENGTH, MIN_VALUE, MAX_VALUE, CONSTANT_VALUE, UNIQUE_KEY, CREATE_USER, CREATED_ON, LINE_NO, MANAGED, FIELD_PATH, DATA_TYPE, DATA1, DATA2, TRANSITIVE_FIELDS, FORMULA, ENTITY_LOOKUP_TYPE)
VALUES ('4bd7d17c48be40689176c206d7bea689', 0, '2b2746acca7e42f0a1d292e0869986ad', 'createUser', 'CREATE_USER', 'NVARCHAR2(100)', '', 1, 'string-s', '', '', '', '', '', '', '', 0, NULL, 100, NULL, NULL, '', '', 'system', systimestamp, '20', 0, 'entity.createUser', '', '', '', '', '', '');
INSERT INTO CNT_FIELD_DEFINITION
 (ID, REVISION, PARENT_ID, FIELD_ID, COLUMN_NAME, COLUMN_TYPE, REPORT_COLUMN_NAME, PRODUCT_FIELD, FIELD_TYPE, ENTITY_LOOKUP, ENTITY_LOOKUP_KEY, ORDER_BY, GENERATOR, REFER_TABLE, KEY_COLUMN, LOOKUP_COLUMN, MANDATORY, MIN_LENGTH, MAX_LENGTH, MIN_VALUE, MAX_VALUE, CONSTANT_VALUE, UNIQUE_KEY, CREATE_USER, CREATED_ON, LINE_NO, MANAGED, FIELD_PATH, DATA_TYPE, DATA1, DATA2, TRANSITIVE_FIELDS, FORMULA, ENTITY_LOOKUP_TYPE)
VALUES ('9b7000f818f74f669d207d2aa242bc7a', 0, '2b2746acca7e42f0a1d292e0869986ad', 'createUserName', 'CREATE_USER_NAME', 'NVARCHAR2(100)', '', 1, 'string-s', '', '', '', '', '', '', '', 0, NULL, 100, NULL, NULL, '', '', 'system', systimestamp, '21', 0, 'entity.createUserName', '', '', '', '', '', '');
INSERT INTO CNT_FIELD_DEFINITION
 (ID, REVISION, PARENT_ID, FIELD_ID, COLUMN_NAME, COLUMN_TYPE, REPORT_COLUMN_NAME, PRODUCT_FIELD, FIELD_TYPE, ENTITY_LOOKUP, ENTITY_LOOKUP_KEY, ORDER_BY, GENERATOR, REFER_TABLE, KEY_COLUMN, LOOKUP_COLUMN, MANDATORY, MIN_LENGTH, MAX_LENGTH, MIN_VALUE, MAX_VALUE, CONSTANT_VALUE, UNIQUE_KEY, CREATE_USER, CREATED_ON, LINE_NO, MANAGED, FIELD_PATH, DATA_TYPE, DATA1, DATA2, TRANSITIVE_FIELDS, FORMULA, ENTITY_LOOKUP_TYPE)
VALUES ('7b4b6d6b0f59465e94fec9d22e3e3f23', 0, '2b2746acca7e42f0a1d292e0869986ad', 'createdOn', 'CREATED_ON', 'TIMESTAMP', '', 1, 'timestamp', '', '', '', '', '', '', '', 0, NULL, NULL, NULL, NULL, '', '', 'system', systimestamp, '22', 0, 'entity.createdOn', '', '', '', '', '', '');
INSERT INTO CNT_FIELD_DEFINITION
 (ID, REVISION, PARENT_ID, FIELD_ID, COLUMN_NAME, COLUMN_TYPE, REPORT_COLUMN_NAME, PRODUCT_FIELD, FIELD_TYPE, ENTITY_LOOKUP, ENTITY_LOOKUP_KEY, ORDER_BY, GENERATOR, REFER_TABLE, KEY_COLUMN, LOOKUP_COLUMN, MANDATORY, MIN_LENGTH, MAX_LENGTH, MIN_VALUE, MAX_VALUE, CONSTANT_VALUE, UNIQUE_KEY, CREATE_USER, CREATED_ON, LINE_NO, MANAGED, FIELD_PATH, DATA_TYPE, DATA1, DATA2, TRANSITIVE_FIELDS, FORMULA, ENTITY_LOOKUP_TYPE)
VALUES ('1d9b556209c84d68a4885afafcc68052', 0, '2b2746acca7e42f0a1d292e0869986ad', 'trackingLevel', 'TRACKING_LEVEL', 'NUMBER(20, 0)', '', 1, 'integer', '', '', '', '', '', '', '', 0, NULL, 18, NULL, NULL, '', '', 'system', systimestamp, '23', 0, 'entity.trackingLevel', '', '', '', '', '', '');
INSERT INTO CNT_ENTITY_DEFINITION
 (ID, REVISION, ENTITY_NAME, ENTITY_VERSION, PRODUCT_TABLE_NAME, CUSTOM_TABLE_NAME, REPORT_TABLE_NAME, MODULE, TYPE, REVISION_TRACKING, VERSION_TRACKING, HISTORY_ENTITY_NAME, REF_PATTERN, SYSTEM_ENTITY, CREATE_USER, CREATED_ON, IS_FOR_EXTERNAL)
VALUES ('1b118b42499d4487848daed4b837009e', 0, 'CommitItem', 1, 'CNT_COMMIT_ITEM', 'CTM_COMMIT', 'COMMITMENT_ITEM', 'commit', 'inner', 'ALL', 'ALL', '', '', 0, 'system', systimestamp, 0);
INSERT INTO CNT_FIELD_DEFINITION
 (ID, REVISION, PARENT_ID, FIELD_ID, COLUMN_NAME, COLUMN_TYPE, REPORT_COLUMN_NAME, PRODUCT_FIELD, FIELD_TYPE, ENTITY_LOOKUP, ENTITY_LOOKUP_KEY, ORDER_BY, GENERATOR, REFER_TABLE, KEY_COLUMN, LOOKUP_COLUMN, MANDATORY, MIN_LENGTH, MAX_LENGTH, MIN_VALUE, MAX_VALUE, CONSTANT_VALUE, UNIQUE_KEY, CREATE_USER, CREATED_ON, LINE_NO, MANAGED, FIELD_PATH, DATA_TYPE, DATA1, DATA2, TRANSITIVE_FIELDS, FORMULA, ENTITY_LOOKUP_TYPE)
VALUES ('ea131c29c618411793233ca095929492', 0, '1b118b42499d4487848daed4b837009e', 'id', 'ID', 'CHAR(32)', '', 1, 'id', '', '', '', 'com.core.cbx.data.generator.UUIDGenerator', '', '', '', 0, 32, 32, NULL, NULL, '', '', 'system', systimestamp, '0', 0, 'entity.commitItem.id', '', '', '', '', '', '');
INSERT INTO CNT_FIELD_DEFINITION
 (ID, REVISION, PARENT_ID, FIELD_ID, COLUMN_NAME, COLUMN_TYPE, REPORT_COLUMN_NAME, PRODUCT_FIELD, FIELD_TYPE, ENTITY_LOOKUP, ENTITY_LOOKUP_KEY, ORDER_BY, GENERATOR, REFER_TABLE, KEY_COLUMN, LOOKUP_COLUMN, MANDATORY, MIN_LENGTH, MAX_LENGTH, MIN_VALUE, MAX_VALUE, CONSTANT_VALUE, UNIQUE_KEY, CREATE_USER, CREATED_ON, LINE_NO, MANAGED, FIELD_PATH, DATA_TYPE, DATA1, DATA2, TRANSITIVE_FIELDS, FORMULA, ENTITY_LOOKUP_TYPE)
VALUES ('30af939a163242d4abf4033e4ac42826', 0, '1b118b42499d4487848daed4b837009e', 'revision', 'REVISION', 'NUMBER(20, 0)', '', 1, 'integer', '', '', '', '', '', '', '', 0, NULL, 18, NULL, NULL, '', '', 'system', systimestamp, '1', 0, 'entity.commitItem.revision', '', '', '', '', '', '');
INSERT INTO CNT_FIELD_DEFINITION
 (ID, REVISION, PARENT_ID, FIELD_ID, COLUMN_NAME, COLUMN_TYPE, REPORT_COLUMN_NAME, PRODUCT_FIELD, FIELD_TYPE, ENTITY_LOOKUP, ENTITY_LOOKUP_KEY, ORDER_BY, GENERATOR, REFER_TABLE, KEY_COLUMN, LOOKUP_COLUMN, MANDATORY, MIN_LENGTH, MAX_LENGTH, MIN_VALUE, MAX_VALUE, CONSTANT_VALUE, UNIQUE_KEY, CREATE_USER, CREATED_ON, LINE_NO, MANAGED, FIELD_PATH, DATA_TYPE, DATA1, DATA2, TRANSITIVE_FIELDS, FORMULA, ENTITY_LOOKUP_TYPE)
VALUES ('0db6c5f099be481ab6782943e6251562', 0, '1b118b42499d4487848daed4b837009e', 'entityVersion', 'ENTITY_VERSION', 'NUMBER(20, 0)', '', 1, 'integer', '', '', '', '', '', '', '', 0, NULL, 18, NULL, NULL, '', '', 'system', systimestamp, '2', 0, 'entity.commitItem.entityVersion', '', '', '', '', '', '');
INSERT INTO CNT_FIELD_DEFINITION
 (ID, REVISION, PARENT_ID, FIELD_ID, COLUMN_NAME, COLUMN_TYPE, REPORT_COLUMN_NAME, PRODUCT_FIELD, FIELD_TYPE, ENTITY_LOOKUP, ENTITY_LOOKUP_KEY, ORDER_BY, GENERATOR, REFER_TABLE, KEY_COLUMN, LOOKUP_COLUMN, MANDATORY, MIN_LENGTH, MAX_LENGTH, MIN_VALUE, MAX_VALUE, CONSTANT_VALUE, UNIQUE_KEY, CREATE_USER, CREATED_ON, LINE_NO, MANAGED, FIELD_PATH, DATA_TYPE, DATA1, DATA2, TRANSITIVE_FIELDS, FORMULA, ENTITY_LOOKUP_TYPE)
VALUES ('32bb163053bc4492bdb2fbf00c185429', 0, '1b118b42499d4487848daed4b837009e', 'domainId', 'DOMAIN_ID', 'NVARCHAR2(400)', '', 1, 'string-m', '', '', '', '', '', '', '', 0, NULL, 400, NULL, NULL, '', '', 'system', systimestamp, '3', 0, 'entity.commitItem.domainId', '', '', '', '', '', '');
INSERT INTO CNT_FIELD_DEFINITION
 (ID, REVISION, PARENT_ID, FIELD_ID, COLUMN_NAME, COLUMN_TYPE, REPORT_COLUMN_NAME, PRODUCT_FIELD, FIELD_TYPE, ENTITY_LOOKUP, ENTITY_LOOKUP_KEY, ORDER_BY, GENERATOR, REFER_TABLE, KEY_COLUMN, LOOKUP_COLUMN, MANDATORY, MIN_LENGTH, MAX_LENGTH, MIN_VALUE, MAX_VALUE, CONSTANT_VALUE, UNIQUE_KEY, CREATE_USER, CREATED_ON, LINE_NO, MANAGED, FIELD_PATH, DATA_TYPE, DATA1, DATA2, TRANSITIVE_FIELDS, FORMULA, ENTITY_LOOKUP_TYPE)
VALUES ('7217c70ab8f94c0e9113e23d40c70311', 0, '1b118b42499d4487848daed4b837009e', 'hubDomainId', 'HUB_DOMAIN_ID', 'NVARCHAR2(400)', '', 1, 'string-m', '', '', '', '', '', '', '', 0, NULL, 400, NULL, NULL, '', '', 'system', systimestamp, '4', 0, 'entity.commitItem.hubDomainId', '', '', '', '', '', '');
INSERT INTO CNT_FIELD_DEFINITION
 (ID, REVISION, PARENT_ID, FIELD_ID, COLUMN_NAME, COLUMN_TYPE, REPORT_COLUMN_NAME, PRODUCT_FIELD, FIELD_TYPE, ENTITY_LOOKUP, ENTITY_LOOKUP_KEY, ORDER_BY, GENERATOR, REFER_TABLE, KEY_COLUMN, LOOKUP_COLUMN, MANDATORY, MIN_LENGTH, MAX_LENGTH, MIN_VALUE, MAX_VALUE, CONSTANT_VALUE, UNIQUE_KEY, CREATE_USER, CREATED_ON, LINE_NO, MANAGED, FIELD_PATH, DATA_TYPE, DATA1, DATA2, TRANSITIVE_FIELDS, FORMULA, ENTITY_LOOKUP_TYPE)
VALUES ('43e3922bb7804df7a9fe07135852cb1a', 0, '1b118b42499d4487848daed4b837009e', 'isForReference', 'IS_FOR_REFERENCE', 'NUMBER(1,0)', '', 1, 'boolean', '', '', '', '', '', '', '', 0, NULL, NULL, NULL, NULL, '', '', 'system', systimestamp, '5', 0, 'entity.commitItem.isForReference', '', '', '', '', '', '');
INSERT INTO CNT_FIELD_DEFINITION
 (ID, REVISION, PARENT_ID, FIELD_ID, COLUMN_NAME, COLUMN_TYPE, REPORT_COLUMN_NAME, PRODUCT_FIELD, FIELD_TYPE, ENTITY_LOOKUP, ENTITY_LOOKUP_KEY, ORDER_BY, GENERATOR, REFER_TABLE, KEY_COLUMN, LOOKUP_COLUMN, MANDATORY, MIN_LENGTH, MAX_LENGTH, MIN_VALUE, MAX_VALUE, CONSTANT_VALUE, UNIQUE_KEY, CREATE_USER, CREATED_ON, LINE_NO, MANAGED, FIELD_PATH, DATA_TYPE, DATA1, DATA2, TRANSITIVE_FIELDS, FORMULA, ENTITY_LOOKUP_TYPE)
VALUES ('bf336f41910447e2860c0773edd9f000', 0, '1b118b42499d4487848daed4b837009e', 'internalSeqNo', 'INTERNAL_SEQ_NO', 'NUMBER(20, 0)', 'n/a', 1, 'integer', '', '', '', '', '', '', '', 0, NULL, 18, NULL, NULL, '', '', 'system', systimestamp, '6', 0, 'entity.commitItem.internalSeqNo', '', '', '', '', '', '');
INSERT INTO CNT_FIELD_DEFINITION
 (ID, REVISION, PARENT_ID, FIELD_ID, COLUMN_NAME, COLUMN_TYPE, REPORT_COLUMN_NAME, PRODUCT_FIELD, FIELD_TYPE, ENTITY_LOOKUP, ENTITY_LOOKUP_KEY, ORDER_BY, GENERATOR, REFER_TABLE, KEY_COLUMN, LOOKUP_COLUMN, MANDATORY, MIN_LENGTH, MAX_LENGTH, MIN_VALUE, MAX_VALUE, CONSTANT_VALUE, UNIQUE_KEY, CREATE_USER, CREATED_ON, LINE_NO, MANAGED, FIELD_PATH, DATA_TYPE, DATA1, DATA2, TRANSITIVE_FIELDS, FORMULA, ENTITY_LOOKUP_TYPE)
VALUES ('f2f115079819428a935be106891a390d', 0, '1b118b42499d4487848daed4b837009e', 'commitId', 'COMMIT_ID', 'CHAR(32)', 'COMMITMENT_SYS_ID', 1, 'id', '', '', '', '', '', '', '', 1, 32, 32, NULL, NULL, '', '', 'system', systimestamp, '7', 0, 'entity.commitItem.commitId', '', '', '', '', '', '');
INSERT INTO CNT_FIELD_DEFINITION
 (ID, REVISION, PARENT_ID, FIELD_ID, COLUMN_NAME, COLUMN_TYPE, REPORT_COLUMN_NAME, PRODUCT_FIELD, FIELD_TYPE, ENTITY_LOOKUP, ENTITY_LOOKUP_KEY, ORDER_BY, GENERATOR, REFER_TABLE, KEY_COLUMN, LOOKUP_COLUMN, MANDATORY, MIN_LENGTH, MAX_LENGTH, MIN_VALUE, MAX_VALUE, CONSTANT_VALUE, UNIQUE_KEY, CREATE_USER, CREATED_ON, LINE_NO, MANAGED, FIELD_PATH, DATA_TYPE, DATA1, DATA2, TRANSITIVE_FIELDS, FORMULA, ENTITY_LOOKUP_TYPE)
VALUES ('62dd2053db1d44a98833d17e4ee70630', 0, '1b118b42499d4487848daed4b837009e', 'commitItemId', 'COMMIT_ITEM_ID', 'CHAR(32)', 'ITEM_SYS_ID', 1, 'id', '', '', '', '', '', '', '', 0, 32, 32, NULL, NULL, '', '', 'system', systimestamp, '8', 0, 'entity.commitItem.commitItemId', '', '', '', '', '', '');
INSERT INTO CNT_FIELD_DEFINITION
 (ID, REVISION, PARENT_ID, FIELD_ID, COLUMN_NAME, COLUMN_TYPE, REPORT_COLUMN_NAME, PRODUCT_FIELD, FIELD_TYPE, ENTITY_LOOKUP, ENTITY_LOOKUP_KEY, ORDER_BY, GENERATOR, REFER_TABLE, KEY_COLUMN, LOOKUP_COLUMN, MANDATORY, MIN_LENGTH, MAX_LENGTH, MIN_VALUE, MAX_VALUE, CONSTANT_VALUE, UNIQUE_KEY, CREATE_USER, CREATED_ON, LINE_NO, MANAGED, FIELD_PATH, DATA_TYPE, DATA1, DATA2, TRANSITIVE_FIELDS, FORMULA, ENTITY_LOOKUP_TYPE)
VALUES ('d9bfa31fa31943c8b44e6322a4bf10e8', 0, '1b118b42499d4487848daed4b837009e', 'itemImage', 'ITEM_IMAGE_ID', 'CHAR(32)', 'ITEM_IMAGE', 1, 'entity', 'Image', 'id', '', '', '', '', '', 0, 32, 32, NULL, NULL, '', '', 'system', systimestamp, '9', 0, 'entity.commitItem.itemImage', '', '', '', '', '', '');
INSERT INTO CNT_FIELD_DEFINITION
 (ID, REVISION, PARENT_ID, FIELD_ID, COLUMN_NAME, COLUMN_TYPE, REPORT_COLUMN_NAME, PRODUCT_FIELD, FIELD_TYPE, ENTITY_LOOKUP, ENTITY_LOOKUP_KEY, ORDER_BY, GENERATOR, REFER_TABLE, KEY_COLUMN, LOOKUP_COLUMN, MANDATORY, MIN_LENGTH, MAX_LENGTH, MIN_VALUE, MAX_VALUE, CONSTANT_VALUE, UNIQUE_KEY, CREATE_USER, CREATED_ON, LINE_NO, MANAGED, FIELD_PATH, DATA_TYPE, DATA1, DATA2, TRANSITIVE_FIELDS, FORMULA, ENTITY_LOOKUP_TYPE)
VALUES ('768cd35ab6d1494d9fcce6859012d391', 0, '1b118b42499d4487848daed4b837009e', 'itemNo', 'ITEM_NO', 'NVARCHAR2(400)', 'ITEM_NO', 1, 'string-m', '', '', '', '', '', '', '', 0, NULL, 400, NULL, NULL, '', '', 'system', systimestamp, '10', 0, 'entity.commitItem.itemNo', '', '', '', '', '', '');
INSERT INTO CNT_FIELD_DEFINITION
 (ID, REVISION, PARENT_ID, FIELD_ID, COLUMN_NAME, COLUMN_TYPE, REPORT_COLUMN_NAME, PRODUCT_FIELD, FIELD_TYPE, ENTITY_LOOKUP, ENTITY_LOOKUP_KEY, ORDER_BY, GENERATOR, REFER_TABLE, KEY_COLUMN, LOOKUP_COLUMN, MANDATORY, MIN_LENGTH, MAX_LENGTH, MIN_VALUE, MAX_VALUE, CONSTANT_VALUE, UNIQUE_KEY, CREATE_USER, CREATED_ON, LINE_NO, MANAGED, FIELD_PATH, DATA_TYPE, DATA1, DATA2, TRANSITIVE_FIELDS, FORMULA, ENTITY_LOOKUP_TYPE)
VALUES ('4d765a14b4304e9ca26a56cdeb78b0f0', 0, '1b118b42499d4487848daed4b837009e', 'itemDesc', 'ITEM_DESC', 'NVARCHAR2(1000)', 'ITEM_DESC', 1, 'string-l', '', '', '', '', '', '', '', 0, NULL, 1000, NULL, NULL, '', '', 'system', systimestamp, '11', 0, 'entity.commitItem.itemDesc', '', '', '', '', '', '');
INSERT INTO CNT_FIELD_DEFINITION
 (ID, REVISION, PARENT_ID, FIELD_ID, COLUMN_NAME, COLUMN_TYPE, REPORT_COLUMN_NAME, PRODUCT_FIELD, FIELD_TYPE, ENTITY_LOOKUP, ENTITY_LOOKUP_KEY, ORDER_BY, GENERATOR, REFER_TABLE, KEY_COLUMN, LOOKUP_COLUMN, MANDATORY, MIN_LENGTH, MAX_LENGTH, MIN_VALUE, MAX_VALUE, CONSTANT_VALUE, UNIQUE_KEY, CREATE_USER, CREATED_ON, LINE_NO, MANAGED, FIELD_PATH, DATA_TYPE, DATA1, DATA2, TRANSITIVE_FIELDS, FORMULA, ENTITY_LOOKUP_TYPE)
VALUES ('d7fe1085964e4702807856c699b87817', 0, '1b118b42499d4487848daed4b837009e', 'specVersion', 'SPEC_VERSION', 'NUMBER(20, 0)', 'SPECIFICATION_VERSION', 1, 'integer', '', '', '', '', '', '', '', 0, NULL, 18, NULL, NULL, '', '', 'system', systimestamp, '12', 0, 'entity.commitItem.specVersion', '', '', '', '', '', '');
INSERT INTO CNT_FIELD_DEFINITION
 (ID, REVISION, PARENT_ID, FIELD_ID, COLUMN_NAME, COLUMN_TYPE, REPORT_COLUMN_NAME, PRODUCT_FIELD, FIELD_TYPE, ENTITY_LOOKUP, ENTITY_LOOKUP_KEY, ORDER_BY, GENERATOR, REFER_TABLE, KEY_COLUMN, LOOKUP_COLUMN, MANDATORY, MIN_LENGTH, MAX_LENGTH, MIN_VALUE, MAX_VALUE, CONSTANT_VALUE, UNIQUE_KEY, CREATE_USER, CREATED_ON, LINE_NO, MANAGED, FIELD_PATH, DATA_TYPE, DATA1, DATA2, TRANSITIVE_FIELDS, FORMULA, ENTITY_LOOKUP_TYPE)
VALUES ('081da0fb3f654d868a2cedd216e7334a', 0, '1b118b42499d4487848daed4b837009e', 'specId', 'SPEC_ID', 'CHAR(32)', 'SPECIFICATION_SYS_ID', 1, 'id', '', '', '', '', '', '', '', 0, 32, 32, NULL, NULL, '', '', 'system', systimestamp, '13', 0, 'entity.commitItem.specId', '', '', '', '', '', '');
INSERT INTO CNT_FIELD_DEFINITION
 (ID, REVISION, PARENT_ID, FIELD_ID, COLUMN_NAME, COLUMN_TYPE, REPORT_COLUMN_NAME, PRODUCT_FIELD, FIELD_TYPE, ENTITY_LOOKUP, ENTITY_LOOKUP_KEY, ORDER_BY, GENERATOR, REFER_TABLE, KEY_COLUMN, LOOKUP_COLUMN, MANDATORY, MIN_LENGTH, MAX_LENGTH, MIN_VALUE, MAX_VALUE, CONSTANT_VALUE, UNIQUE_KEY, CREATE_USER, CREATED_ON, LINE_NO, MANAGED, FIELD_PATH, DATA_TYPE, DATA1, DATA2, TRANSITIVE_FIELDS, FORMULA, ENTITY_LOOKUP_TYPE)
VALUES ('d99d909dd9dc47ad9c3a99d6219d66d4', 0, '1b118b42499d4487848daed4b837009e', 'sellingPrice', 'SELLING_PRICE', 'NUMBER(25, 5)', 'SELLING_PRICE', 1, 'decimal-rate', '', '', '', '', '', '', '', 0, NULL, 20, NULL, NULL, '', '', 'system', systimestamp, '14', 0, 'entity.commitItem.sellingPrice', '', '', '', '', '', '');
INSERT INTO CNT_FIELD_DEFINITION
 (ID, REVISION, PARENT_ID, FIELD_ID, COLUMN_NAME, COLUMN_TYPE, REPORT_COLUMN_NAME, PRODUCT_FIELD, FIELD_TYPE, ENTITY_LOOKUP, ENTITY_LOOKUP_KEY, ORDER_BY, GENERATOR, REFER_TABLE, KEY_COLUMN, LOOKUP_COLUMN, MANDATORY, MIN_LENGTH, MAX_LENGTH, MIN_VALUE, MAX_VALUE, CONSTANT_VALUE, UNIQUE_KEY, CREATE_USER, CREATED_ON, LINE_NO, MANAGED, FIELD_PATH, DATA_TYPE, DATA1, DATA2, TRANSITIVE_FIELDS, FORMULA, ENTITY_LOOKUP_TYPE)
VALUES ('5c2a4f188e4d4a27ba3cc2a3c40494a3', 0, '1b118b42499d4487848daed4b837009e', 'buyingPrice', 'BUYING_PRICE', 'NUMBER(25, 5)', 'BUYING_PRICE', 1, 'decimal-rate', '', '', '', '', '', '', '', 0, NULL, 20, NULL, NULL, '', '', 'system', systimestamp, '15', 0, 'entity.commitItem.buyingPrice', '', '', '', '', '', '');
INSERT INTO CNT_FIELD_DEFINITION
 (ID, REVISION, PARENT_ID, FIELD_ID, COLUMN_NAME, COLUMN_TYPE, REPORT_COLUMN_NAME, PRODUCT_FIELD, FIELD_TYPE, ENTITY_LOOKUP, ENTITY_LOOKUP_KEY, ORDER_BY, GENERATOR, REFER_TABLE, KEY_COLUMN, LOOKUP_COLUMN, MANDATORY, MIN_LENGTH, MAX_LENGTH, MIN_VALUE, MAX_VALUE, CONSTANT_VALUE, UNIQUE_KEY, CREATE_USER, CREATED_ON, LINE_NO, MANAGED, FIELD_PATH, DATA_TYPE, DATA1, DATA2, TRANSITIVE_FIELDS, FORMULA, ENTITY_LOOKUP_TYPE)
VALUES ('344c071784b14c5582f20be103e585b6', 0, '1b118b42499d4487848daed4b837009e', 'buyingCost', 'BUYING_COST', 'NUMBER(25, 5)', 'BUYING_COST', 1, 'decimal-rate', '', '', '', '', '', '', '', 0, NULL, 20, NULL, NULL, '', '', 'system', systimestamp, '16', 0, 'entity.commitItem.buyingCost', '', '', '', '', '', '');
INSERT INTO CNT_FIELD_DEFINITION
 (ID, REVISION, PARENT_ID, FIELD_ID, COLUMN_NAME, COLUMN_TYPE, REPORT_COLUMN_NAME, PRODUCT_FIELD, FIELD_TYPE, ENTITY_LOOKUP, ENTITY_LOOKUP_KEY, ORDER_BY, GENERATOR, REFER_TABLE, KEY_COLUMN, LOOKUP_COLUMN, MANDATORY, MIN_LENGTH, MAX_LENGTH, MIN_VALUE, MAX_VALUE, CONSTANT_VALUE, UNIQUE_KEY, CREATE_USER, CREATED_ON, LINE_NO, MANAGED, FIELD_PATH, DATA_TYPE, DATA1, DATA2, TRANSITIVE_FIELDS, FORMULA, ENTITY_LOOKUP_TYPE)
VALUES ('2cf469a233b74dd29dea3161adb3b657', 0, '1b118b42499d4487848daed4b837009e', 'quoteNo', 'QUOTE_NO', 'NVARCHAR2(400)', 'QUOTATION_NO', 1, 'string-m', '', '', '', '', '', '', '', 0, NULL, 400, NULL, NULL, '', '', 'system', systimestamp, '17', 0, 'entity.commitItem.quoteNo', '', '', '', '', '', '');
INSERT INTO CNT_FIELD_DEFINITION
 (ID, REVISION, PARENT_ID, FIELD_ID, COLUMN_NAME, COLUMN_TYPE, REPORT_COLUMN_NAME, PRODUCT_FIELD, FIELD_TYPE, ENTITY_LOOKUP, ENTITY_LOOKUP_KEY, ORDER_BY, GENERATOR, REFER_TABLE, KEY_COLUMN, LOOKUP_COLUMN, MANDATORY, MIN_LENGTH, MAX_LENGTH, MIN_VALUE, MAX_VALUE, CONSTANT_VALUE, UNIQUE_KEY, CREATE_USER, CREATED_ON, LINE_NO, MANAGED, FIELD_PATH, DATA_TYPE, DATA1, DATA2, TRANSITIVE_FIELDS, FORMULA, ENTITY_LOOKUP_TYPE)
VALUES ('2c51231959e24de9a09319f2c0973037', 0, '1b118b42499d4487848daed4b837009e', 'quoteId', 'QUOTE_ID', 'CHAR(32)', 'QUOTATION_SYS_ID', 1, 'id', '', '', '', '', '', '', '', 0, 32, 32, NULL, NULL, '', '', 'system', systimestamp, '18', 0, 'entity.commitItem.quoteId', '', '', '', '', '', '');
INSERT INTO CNT_FIELD_DEFINITION
 (ID, REVISION, PARENT_ID, FIELD_ID, COLUMN_NAME, COLUMN_TYPE, REPORT_COLUMN_NAME, PRODUCT_FIELD, FIELD_TYPE, ENTITY_LOOKUP, ENTITY_LOOKUP_KEY, ORDER_BY, GENERATOR, REFER_TABLE, KEY_COLUMN, LOOKUP_COLUMN, MANDATORY, MIN_LENGTH, MAX_LENGTH, MIN_VALUE, MAX_VALUE, CONSTANT_VALUE, UNIQUE_KEY, CREATE_USER, CREATED_ON, LINE_NO, MANAGED, FIELD_PATH, DATA_TYPE, DATA1, DATA2, TRANSITIVE_FIELDS, FORMULA, ENTITY_LOOKUP_TYPE)
VALUES ('f61d2787231642c4ab7e080f56dc9402', 0, '1b118b42499d4487848daed4b837009e', 'uom', 'UOM', 'NVARCHAR2(400)', 'UOM', 1, 'string-m', '', '', '', '', '', '', '', 0, NULL, 400, NULL, NULL, '', '', 'system', systimestamp, '19', 0, 'entity.commitItem.uom', '', '', '', '', '', '');
INSERT INTO CNT_FIELD_DEFINITION
 (ID, REVISION, PARENT_ID, FIELD_ID, COLUMN_NAME, COLUMN_TYPE, REPORT_COLUMN_NAME, PRODUCT_FIELD, FIELD_TYPE, ENTITY_LOOKUP, ENTITY_LOOKUP_KEY, ORDER_BY, GENERATOR, REFER_TABLE, KEY_COLUMN, LOOKUP_COLUMN, MANDATORY, MIN_LENGTH, MAX_LENGTH, MIN_VALUE, MAX_VALUE, CONSTANT_VALUE, UNIQUE_KEY, CREATE_USER, CREATED_ON, LINE_NO, MANAGED, FIELD_PATH, DATA_TYPE, DATA1, DATA2, TRANSITIVE_FIELDS, FORMULA, ENTITY_LOOKUP_TYPE)
VALUES ('0ca1996284c84f0ab8a5619c03eb7191', 0, '1b118b42499d4487848daed4b837009e', 'qty', 'QTY', 'NUMBER(20, 0)', 'QTY', 1, 'integer', '', '', '', '', '', '', '', 0, NULL, 18, NULL, NULL, '', '', 'system', systimestamp, '20', 0, 'entity.commitItem.qty', '', '', '', '', '', '');
INSERT INTO CNT_FIELD_DEFINITION
 (ID, REVISION, PARENT_ID, FIELD_ID, COLUMN_NAME, COLUMN_TYPE, REPORT_COLUMN_NAME, PRODUCT_FIELD, FIELD_TYPE, ENTITY_LOOKUP, ENTITY_LOOKUP_KEY, ORDER_BY, GENERATOR, REFER_TABLE, KEY_COLUMN, LOOKUP_COLUMN, MANDATORY, MIN_LENGTH, MAX_LENGTH, MIN_VALUE, MAX_VALUE, CONSTANT_VALUE, UNIQUE_KEY, CREATE_USER, CREATED_ON, LINE_NO, MANAGED, FIELD_PATH, DATA_TYPE, DATA1, DATA2, TRANSITIVE_FIELDS, FORMULA, ENTITY_LOOKUP_TYPE)
VALUES ('c2906d207cec4dd898758331e8914d24', 0, '1b118b42499d4487848daed4b837009e', 'totalAmount', 'TOTAL_AMOUNT', 'NUMBER(25, 5)', 'TOTAL_AMOUNT', 1, 'decimal-rate', '', '', '', '', '', '', '', 0, NULL, 20, NULL, NULL, '', '', 'system', systimestamp, '21', 0, 'entity.commitItem.totalAmount', '', '', '', '', '', '');
INSERT INTO CNT_FIELD_DEFINITION
 (ID, REVISION, PARENT_ID, FIELD_ID, COLUMN_NAME, COLUMN_TYPE, REPORT_COLUMN_NAME, PRODUCT_FIELD, FIELD_TYPE, ENTITY_LOOKUP, ENTITY_LOOKUP_KEY, ORDER_BY, GENERATOR, REFER_TABLE, KEY_COLUMN, LOOKUP_COLUMN, MANDATORY, MIN_LENGTH, MAX_LENGTH, MIN_VALUE, MAX_VALUE, CONSTANT_VALUE, UNIQUE_KEY, CREATE_USER, CREATED_ON, LINE_NO, MANAGED, FIELD_PATH, DATA_TYPE, DATA1, DATA2, TRANSITIVE_FIELDS, FORMULA, ENTITY_LOOKUP_TYPE)
VALUES ('d85f5ebec33e4fb5bbe669f0929a5bba', 0, '1b118b42499d4487848daed4b837009e', 'merchandiseHierarchy', 'MERCHANDISE_HIERARCHY', 'NVARCHAR2(400)', 'MERCHANDISE_HIERARCHY', 1, 'string-m', '', '', '', '', '', '', '', 0, NULL, 400, NULL, NULL, '', '', 'system', systimestamp, '22', 0, 'entity.commitItem.merchandiseHierarchy', '', '', '', '', '', '');
INSERT INTO CNT_FIELD_DEFINITION
 (ID, REVISION, PARENT_ID, FIELD_ID, COLUMN_NAME, COLUMN_TYPE, REPORT_COLUMN_NAME, PRODUCT_FIELD, FIELD_TYPE, ENTITY_LOOKUP, ENTITY_LOOKUP_KEY, ORDER_BY, GENERATOR, REFER_TABLE, KEY_COLUMN, LOOKUP_COLUMN, MANDATORY, MIN_LENGTH, MAX_LENGTH, MIN_VALUE, MAX_VALUE, CONSTANT_VALUE, UNIQUE_KEY, CREATE_USER, CREATED_ON, LINE_NO, MANAGED, FIELD_PATH, DATA_TYPE, DATA1, DATA2, TRANSITIVE_FIELDS, FORMULA, ENTITY_LOOKUP_TYPE)
VALUES ('bb00730384514b45b5cd64ee85b81b9d', 0, '1b118b42499d4487848daed4b837009e', 'market', 'MARKET', 'NVARCHAR2(400)', 'MARKET', 1, 'string-m', '', '', '', '', '', '', '', 0, NULL, 400, NULL, NULL, '', '', 'system', systimestamp, '23', 0, 'entity.commitItem.market', '', '', '', '', '', '');
INSERT INTO CNT_FIELD_DEFINITION
 (ID, REVISION, PARENT_ID, FIELD_ID, COLUMN_NAME, COLUMN_TYPE, REPORT_COLUMN_NAME, PRODUCT_FIELD, FIELD_TYPE, ENTITY_LOOKUP, ENTITY_LOOKUP_KEY, ORDER_BY, GENERATOR, REFER_TABLE, KEY_COLUMN, LOOKUP_COLUMN, MANDATORY, MIN_LENGTH, MAX_LENGTH, MIN_VALUE, MAX_VALUE, CONSTANT_VALUE, UNIQUE_KEY, CREATE_USER, CREATED_ON, LINE_NO, MANAGED, FIELD_PATH, DATA_TYPE, DATA1, DATA2, TRANSITIVE_FIELDS, FORMULA, ENTITY_LOOKUP_TYPE)
VALUES ('98b74604ecda4fe4b3ee4197b00451c9', 0, '1b118b42499d4487848daed4b837009e', 'channel', 'CHANNEL', 'NVARCHAR2(400)', 'CHANNEL', 1, 'string-m', '', '', '', '', '', '', '', 0, NULL, 400, NULL, NULL, '', '', 'system', systimestamp, '24', 0, 'entity.commitItem.channel', '', '', '', '', '', '');
INSERT INTO CNT_FIELD_DEFINITION
 (ID, REVISION, PARENT_ID, FIELD_ID, COLUMN_NAME, COLUMN_TYPE, REPORT_COLUMN_NAME, PRODUCT_FIELD, FIELD_TYPE, ENTITY_LOOKUP, ENTITY_LOOKUP_KEY, ORDER_BY, GENERATOR, REFER_TABLE, KEY_COLUMN, LOOKUP_COLUMN, MANDATORY, MIN_LENGTH, MAX_LENGTH, MIN_VALUE, MAX_VALUE, CONSTANT_VALUE, UNIQUE_KEY, CREATE_USER, CREATED_ON, LINE_NO, MANAGED, FIELD_PATH, DATA_TYPE, DATA1, DATA2, TRANSITIVE_FIELDS, FORMULA, ENTITY_LOOKUP_TYPE)
VALUES ('8682a1c5d0b04a409746ffb66b0b0abd', 0, '1b118b42499d4487848daed4b837009e', 'delWinFr', 'DEL_WIN_FR', 'DATE', 'DELIVERY_WINDOW_FROM', 1, 'date', '', '', '', '', '', '', '', 0, NULL, NULL, NULL, NULL, '', '', 'system', systimestamp, '25', 0, 'entity.commitItem.delWinFr', '', '', '', '', '', '');
INSERT INTO CNT_FIELD_DEFINITION
 (ID, REVISION, PARENT_ID, FIELD_ID, COLUMN_NAME, COLUMN_TYPE, REPORT_COLUMN_NAME, PRODUCT_FIELD, FIELD_TYPE, ENTITY_LOOKUP, ENTITY_LOOKUP_KEY, ORDER_BY, GENERATOR, REFER_TABLE, KEY_COLUMN, LOOKUP_COLUMN, MANDATORY, MIN_LENGTH, MAX_LENGTH, MIN_VALUE, MAX_VALUE, CONSTANT_VALUE, UNIQUE_KEY, CREATE_USER, CREATED_ON, LINE_NO, MANAGED, FIELD_PATH, DATA_TYPE, DATA1, DATA2, TRANSITIVE_FIELDS, FORMULA, ENTITY_LOOKUP_TYPE)
VALUES ('27f4e526e2094ce197311dcaf3ecb5e4', 0, '1b118b42499d4487848daed4b837009e', 'delWinTo', 'DEL_WIN_TO', 'DATE', 'DELIVERY_WINDOW_UPTO', 1, 'date', '', '', '', '', '', '', '', 0, NULL, NULL, NULL, NULL, '', '', 'system', systimestamp, '26', 0, 'entity.commitItem.delWinTo', '', '', '', '', '', '');
INSERT INTO CNT_FIELD_DEFINITION
 (ID, REVISION, PARENT_ID, FIELD_ID, COLUMN_NAME, COLUMN_TYPE, REPORT_COLUMN_NAME, PRODUCT_FIELD, FIELD_TYPE, ENTITY_LOOKUP, ENTITY_LOOKUP_KEY, ORDER_BY, GENERATOR, REFER_TABLE, KEY_COLUMN, LOOKUP_COLUMN, MANDATORY, MIN_LENGTH, MAX_LENGTH, MIN_VALUE, MAX_VALUE, CONSTANT_VALUE, UNIQUE_KEY, CREATE_USER, CREATED_ON, LINE_NO, MANAGED, FIELD_PATH, DATA_TYPE, DATA1, DATA2, TRANSITIVE_FIELDS, FORMULA, ENTITY_LOOKUP_TYPE)
VALUES ('075c353132ef405ca2010d32230d104e', 0, '1b118b42499d4487848daed4b837009e', 'countryOfDestin', 'COUNTRY_OF_DESTIN', 'NVARCHAR2(400)', 'COUNTRY_OF_ORIGIN', 1, 'string-m', '', '', '', '', '', '', '', 0, NULL, 400, NULL, NULL, '', '', 'system', systimestamp, '27', 0, 'entity.commitItem.countryOfDestin', '', '', '', '', '', '');
INSERT INTO CNT_FIELD_DEFINITION
 (ID, REVISION, PARENT_ID, FIELD_ID, COLUMN_NAME, COLUMN_TYPE, REPORT_COLUMN_NAME, PRODUCT_FIELD, FIELD_TYPE, ENTITY_LOOKUP, ENTITY_LOOKUP_KEY, ORDER_BY, GENERATOR, REFER_TABLE, KEY_COLUMN, LOOKUP_COLUMN, MANDATORY, MIN_LENGTH, MAX_LENGTH, MIN_VALUE, MAX_VALUE, CONSTANT_VALUE, UNIQUE_KEY, CREATE_USER, CREATED_ON, LINE_NO, MANAGED, FIELD_PATH, DATA_TYPE, DATA1, DATA2, TRANSITIVE_FIELDS, FORMULA, ENTITY_LOOKUP_TYPE)
VALUES ('5c37276a87e749589153e189eb1bc505', 0, '1b118b42499d4487848daed4b837009e', 'remarks', 'REMARKS', 'NVARCHAR2(1000)', 'REMARKS', 1, 'string-l', '', '', '', '', '', '', '', 0, NULL, 1000, NULL, NULL, '', '', 'system', systimestamp, '28', 0, 'entity.commitItem.remarks', '', '', '', '', '', '');
INSERT INTO CNT_FIELD_DEFINITION
 (ID, REVISION, PARENT_ID, FIELD_ID, COLUMN_NAME, COLUMN_TYPE, REPORT_COLUMN_NAME, PRODUCT_FIELD, FIELD_TYPE, ENTITY_LOOKUP, ENTITY_LOOKUP_KEY, ORDER_BY, GENERATOR, REFER_TABLE, KEY_COLUMN, LOOKUP_COLUMN, MANDATORY, MIN_LENGTH, MAX_LENGTH, MIN_VALUE, MAX_VALUE, CONSTANT_VALUE, UNIQUE_KEY, CREATE_USER, CREATED_ON, LINE_NO, MANAGED, FIELD_PATH, DATA_TYPE, DATA1, DATA2, TRANSITIVE_FIELDS, FORMULA, ENTITY_LOOKUP_TYPE)
VALUES ('87460a9db6a04b67b188c5cc403d3e88', 0, '1b118b42499d4487848daed4b837009e', 'custText1', 'CUST_TEXT1', 'NVARCHAR2(1000)', 'CUSTOM_FIELD_TEXT1', 0, 'string-l', '', '', '', '', '', '', '', 0, NULL, 1000, NULL, NULL, '', '', 'system', systimestamp, '29', 0, 'entity.commitItem.custText1', '', '', '', '', '', '');
INSERT INTO CNT_FIELD_DEFINITION
 (ID, REVISION, PARENT_ID, FIELD_ID, COLUMN_NAME, COLUMN_TYPE, REPORT_COLUMN_NAME, PRODUCT_FIELD, FIELD_TYPE, ENTITY_LOOKUP, ENTITY_LOOKUP_KEY, ORDER_BY, GENERATOR, REFER_TABLE, KEY_COLUMN, LOOKUP_COLUMN, MANDATORY, MIN_LENGTH, MAX_LENGTH, MIN_VALUE, MAX_VALUE, CONSTANT_VALUE, UNIQUE_KEY, CREATE_USER, CREATED_ON, LINE_NO, MANAGED, FIELD_PATH, DATA_TYPE, DATA1, DATA2, TRANSITIVE_FIELDS, FORMULA, ENTITY_LOOKUP_TYPE)
VALUES ('488bd2c20867430195bf27d91669130f', 0, '1b118b42499d4487848daed4b837009e', 'custText2', 'CUST_TEXT2', 'NVARCHAR2(1000)', 'CUSTOM_FIELD_TEXT2', 0, 'string-l', '', '', '', '', '', '', '', 0, NULL, 1000, NULL, NULL, '', '', 'system', systimestamp, '30', 0, 'entity.commitItem.custText2', '', '', '', '', '', '');
INSERT INTO CNT_FIELD_DEFINITION
 (ID, REVISION, PARENT_ID, FIELD_ID, COLUMN_NAME, COLUMN_TYPE, REPORT_COLUMN_NAME, PRODUCT_FIELD, FIELD_TYPE, ENTITY_LOOKUP, ENTITY_LOOKUP_KEY, ORDER_BY, GENERATOR, REFER_TABLE, KEY_COLUMN, LOOKUP_COLUMN, MANDATORY, MIN_LENGTH, MAX_LENGTH, MIN_VALUE, MAX_VALUE, CONSTANT_VALUE, UNIQUE_KEY, CREATE_USER, CREATED_ON, LINE_NO, MANAGED, FIELD_PATH, DATA_TYPE, DATA1, DATA2, TRANSITIVE_FIELDS, FORMULA, ENTITY_LOOKUP_TYPE)
VALUES ('58c26fcede934b35b1832e2e9134d890', 0, '1b118b42499d4487848daed4b837009e', 'custText3', 'CUST_TEXT3', 'NVARCHAR2(1000)', 'CUSTOM_FIELD_TEXT3', 0, 'string-l', '', '', '', '', '', '', '', 0, NULL, 1000, NULL, NULL, '', '', 'system', systimestamp, '31', 0, 'entity.commitItem.custText3', '', '', '', '', '', '');
INSERT INTO CNT_FIELD_DEFINITION
 (ID, REVISION, PARENT_ID, FIELD_ID, COLUMN_NAME, COLUMN_TYPE, REPORT_COLUMN_NAME, PRODUCT_FIELD, FIELD_TYPE, ENTITY_LOOKUP, ENTITY_LOOKUP_KEY, ORDER_BY, GENERATOR, REFER_TABLE, KEY_COLUMN, LOOKUP_COLUMN, MANDATORY, MIN_LENGTH, MAX_LENGTH, MIN_VALUE, MAX_VALUE, CONSTANT_VALUE, UNIQUE_KEY, CREATE_USER, CREATED_ON, LINE_NO, MANAGED, FIELD_PATH, DATA_TYPE, DATA1, DATA2, TRANSITIVE_FIELDS, FORMULA, ENTITY_LOOKUP_TYPE)
VALUES ('8817315fa4d34e0bb0fdb6832750ef8f', 0, '1b118b42499d4487848daed4b837009e', 'custText4', 'CUST_TEXT4', 'NVARCHAR2(1000)', 'CUSTOM_FIELD_TEXT4', 0, 'string-l', '', '', '', '', '', '', '', 0, NULL, 1000, NULL, NULL, '', '', 'system', systimestamp, '32', 0, 'entity.commitItem.custText4', '', '', '', '', '', '');
INSERT INTO CNT_FIELD_DEFINITION
 (ID, REVISION, PARENT_ID, FIELD_ID, COLUMN_NAME, COLUMN_TYPE, REPORT_COLUMN_NAME, PRODUCT_FIELD, FIELD_TYPE, ENTITY_LOOKUP, ENTITY_LOOKUP_KEY, ORDER_BY, GENERATOR, REFER_TABLE, KEY_COLUMN, LOOKUP_COLUMN, MANDATORY, MIN_LENGTH, MAX_LENGTH, MIN_VALUE, MAX_VALUE, CONSTANT_VALUE, UNIQUE_KEY, CREATE_USER, CREATED_ON, LINE_NO, MANAGED, FIELD_PATH, DATA_TYPE, DATA1, DATA2, TRANSITIVE_FIELDS, FORMULA, ENTITY_LOOKUP_TYPE)
VALUES ('62c152caf1d54677a9208dd30e649b5e', 0, '1b118b42499d4487848daed4b837009e', 'custText5', 'CUST_TEXT5', 'NVARCHAR2(1000)', 'CUSTOM_FIELD_TEXT5', 0, 'string-l', '', '', '', '', '', '', '', 0, NULL, 1000, NULL, NULL, '', '', 'system', systimestamp, '33', 0, 'entity.commitItem.custText5', '', '', '', '', '', '');
INSERT INTO CNT_FIELD_DEFINITION
 (ID, REVISION, PARENT_ID, FIELD_ID, COLUMN_NAME, COLUMN_TYPE, REPORT_COLUMN_NAME, PRODUCT_FIELD, FIELD_TYPE, ENTITY_LOOKUP, ENTITY_LOOKUP_KEY, ORDER_BY, GENERATOR, REFER_TABLE, KEY_COLUMN, LOOKUP_COLUMN, MANDATORY, MIN_LENGTH, MAX_LENGTH, MIN_VALUE, MAX_VALUE, CONSTANT_VALUE, UNIQUE_KEY, CREATE_USER, CREATED_ON, LINE_NO, MANAGED, FIELD_PATH, DATA_TYPE, DATA1, DATA2, TRANSITIVE_FIELDS, FORMULA, ENTITY_LOOKUP_TYPE)
VALUES ('9704813a425d437285d3520d8aacc8e6', 0, '1b118b42499d4487848daed4b837009e', 'custText6', 'CUST_TEXT6', 'NVARCHAR2(1000)', 'CUSTOM_FIELD_TEXT6', 0, 'string-l', '', '', '', '', '', '', '', 0, NULL, 1000, NULL, NULL, '', '', 'system', systimestamp, '34', 0, 'entity.commitItem.custText6', '', '', '', '', '', '');
INSERT INTO CNT_FIELD_DEFINITION
 (ID, REVISION, PARENT_ID, FIELD_ID, COLUMN_NAME, COLUMN_TYPE, REPORT_COLUMN_NAME, PRODUCT_FIELD, FIELD_TYPE, ENTITY_LOOKUP, ENTITY_LOOKUP_KEY, ORDER_BY, GENERATOR, REFER_TABLE, KEY_COLUMN, LOOKUP_COLUMN, MANDATORY, MIN_LENGTH, MAX_LENGTH, MIN_VALUE, MAX_VALUE, CONSTANT_VALUE, UNIQUE_KEY, CREATE_USER, CREATED_ON, LINE_NO, MANAGED, FIELD_PATH, DATA_TYPE, DATA1, DATA2, TRANSITIVE_FIELDS, FORMULA, ENTITY_LOOKUP_TYPE)
VALUES ('59268569e0f847a79ac6ff4184cb3130', 0, '1b118b42499d4487848daed4b837009e', 'custText7', 'CUST_TEXT7', 'NVARCHAR2(1000)', 'CUSTOM_FIELD_TEXT7', 0, 'string-l', '', '', '', '', '', '', '', 0, NULL, 1000, NULL, NULL, '', '', 'system', systimestamp, '35', 0, 'entity.commitItem.custText7', '', '', '', '', '', '');
INSERT INTO CNT_FIELD_DEFINITION
 (ID, REVISION, PARENT_ID, FIELD_ID, COLUMN_NAME, COLUMN_TYPE, REPORT_COLUMN_NAME, PRODUCT_FIELD, FIELD_TYPE, ENTITY_LOOKUP, ENTITY_LOOKUP_KEY, ORDER_BY, GENERATOR, REFER_TABLE, KEY_COLUMN, LOOKUP_COLUMN, MANDATORY, MIN_LENGTH, MAX_LENGTH, MIN_VALUE, MAX_VALUE, CONSTANT_VALUE, UNIQUE_KEY, CREATE_USER, CREATED_ON, LINE_NO, MANAGED, FIELD_PATH, DATA_TYPE, DATA1, DATA2, TRANSITIVE_FIELDS, FORMULA, ENTITY_LOOKUP_TYPE)
VALUES ('1d3a8cb801c1464ca454867af591c185', 0, '1b118b42499d4487848daed4b837009e', 'custDate1', 'CUST_DATE1', 'DATE', 'CUSTOM_FIELD_DATE1', 0, 'date', '', '', '', '', '', '', '', 0, NULL, NULL, NULL, NULL, '', '', 'system', systimestamp, '36', 0, 'entity.commitItem.custDate1', '', '', '', '', '', '');
INSERT INTO CNT_FIELD_DEFINITION
 (ID, REVISION, PARENT_ID, FIELD_ID, COLUMN_NAME, COLUMN_TYPE, REPORT_COLUMN_NAME, PRODUCT_FIELD, FIELD_TYPE, ENTITY_LOOKUP, ENTITY_LOOKUP_KEY, ORDER_BY, GENERATOR, REFER_TABLE, KEY_COLUMN, LOOKUP_COLUMN, MANDATORY, MIN_LENGTH, MAX_LENGTH, MIN_VALUE, MAX_VALUE, CONSTANT_VALUE, UNIQUE_KEY, CREATE_USER, CREATED_ON, LINE_NO, MANAGED, FIELD_PATH, DATA_TYPE, DATA1, DATA2, TRANSITIVE_FIELDS, FORMULA, ENTITY_LOOKUP_TYPE)
VALUES ('51960661fb3c40e39fe4b9ff06673f25', 0, '1b118b42499d4487848daed4b837009e', 'custDate2', 'CUST_DATE2', 'DATE', 'CUSTOM_FIELD_DATE2', 0, 'date', '', '', '', '', '', '', '', 0, NULL, NULL, NULL, NULL, '', '', 'system', systimestamp, '37', 0, 'entity.commitItem.custDate2', '', '', '', '', '', '');
INSERT INTO CNT_FIELD_DEFINITION
 (ID, REVISION, PARENT_ID, FIELD_ID, COLUMN_NAME, COLUMN_TYPE, REPORT_COLUMN_NAME, PRODUCT_FIELD, FIELD_TYPE, ENTITY_LOOKUP, ENTITY_LOOKUP_KEY, ORDER_BY, GENERATOR, REFER_TABLE, KEY_COLUMN, LOOKUP_COLUMN, MANDATORY, MIN_LENGTH, MAX_LENGTH, MIN_VALUE, MAX_VALUE, CONSTANT_VALUE, UNIQUE_KEY, CREATE_USER, CREATED_ON, LINE_NO, MANAGED, FIELD_PATH, DATA_TYPE, DATA1, DATA2, TRANSITIVE_FIELDS, FORMULA, ENTITY_LOOKUP_TYPE)
VALUES ('8ae98d6d9bb448189bc6a877e6724b22', 0, '1b118b42499d4487848daed4b837009e', 'custDate3', 'CUST_DATE3', 'DATE', 'CUSTOM_FIELD_DATE3', 0, 'date', '', '', '', '', '', '', '', 0, NULL, NULL, NULL, NULL, '', '', 'system', systimestamp, '38', 0, 'entity.commitItem.custDate3', '', '', '', '', '', '');
INSERT INTO CNT_FIELD_DEFINITION
 (ID, REVISION, PARENT_ID, FIELD_ID, COLUMN_NAME, COLUMN_TYPE, REPORT_COLUMN_NAME, PRODUCT_FIELD, FIELD_TYPE, ENTITY_LOOKUP, ENTITY_LOOKUP_KEY, ORDER_BY, GENERATOR, REFER_TABLE, KEY_COLUMN, LOOKUP_COLUMN, MANDATORY, MIN_LENGTH, MAX_LENGTH, MIN_VALUE, MAX_VALUE, CONSTANT_VALUE, UNIQUE_KEY, CREATE_USER, CREATED_ON, LINE_NO, MANAGED, FIELD_PATH, DATA_TYPE, DATA1, DATA2, TRANSITIVE_FIELDS, FORMULA, ENTITY_LOOKUP_TYPE)
VALUES ('9ef97e934dd94fadb1460094da87f23c', 0, '1b118b42499d4487848daed4b837009e', 'custDate4', 'CUST_DATE4', 'DATE', 'CUSTOM_FIELD_DATE4', 0, 'date', '', '', '', '', '', '', '', 0, NULL, NULL, NULL, NULL, '', '', 'system', systimestamp, '39', 0, 'entity.commitItem.custDate4', '', '', '', '', '', '');
INSERT INTO CNT_FIELD_DEFINITION
 (ID, REVISION, PARENT_ID, FIELD_ID, COLUMN_NAME, COLUMN_TYPE, REPORT_COLUMN_NAME, PRODUCT_FIELD, FIELD_TYPE, ENTITY_LOOKUP, ENTITY_LOOKUP_KEY, ORDER_BY, GENERATOR, REFER_TABLE, KEY_COLUMN, LOOKUP_COLUMN, MANDATORY, MIN_LENGTH, MAX_LENGTH, MIN_VALUE, MAX_VALUE, CONSTANT_VALUE, UNIQUE_KEY, CREATE_USER, CREATED_ON, LINE_NO, MANAGED, FIELD_PATH, DATA_TYPE, DATA1, DATA2, TRANSITIVE_FIELDS, FORMULA, ENTITY_LOOKUP_TYPE)
VALUES ('bdd8c89cbc9043feb6b3c6629d6101a7', 0, '1b118b42499d4487848daed4b837009e', 'custDate5', 'CUST_DATE5', 'DATE', 'CUSTOM_FIELD_DATE5', 0, 'date', '', '', '', '', '', '', '', 0, NULL, NULL, NULL, NULL, '', '', 'system', systimestamp, '40', 0, 'entity.commitItem.custDate5', '', '', '', '', '', '');
INSERT INTO CNT_FIELD_DEFINITION
 (ID, REVISION, PARENT_ID, FIELD_ID, COLUMN_NAME, COLUMN_TYPE, REPORT_COLUMN_NAME, PRODUCT_FIELD, FIELD_TYPE, ENTITY_LOOKUP, ENTITY_LOOKUP_KEY, ORDER_BY, GENERATOR, REFER_TABLE, KEY_COLUMN, LOOKUP_COLUMN, MANDATORY, MIN_LENGTH, MAX_LENGTH, MIN_VALUE, MAX_VALUE, CONSTANT_VALUE, UNIQUE_KEY, CREATE_USER, CREATED_ON, LINE_NO, MANAGED, FIELD_PATH, DATA_TYPE, DATA1, DATA2, TRANSITIVE_FIELDS, FORMULA, ENTITY_LOOKUP_TYPE)
VALUES ('bb57b485f2aa4508b735880a05f9f33f', 0, '1b118b42499d4487848daed4b837009e', 'custDate6', 'CUST_DATE6', 'DATE', 'CUSTOM_FIELD_DATE6', 0, 'date', '', '', '', '', '', '', '', 0, NULL, NULL, NULL, NULL, '', '', 'system', systimestamp, '41', 0, 'entity.commitItem.custDate6', '', '', '', '', '', '');
INSERT INTO CNT_FIELD_DEFINITION
 (ID, REVISION, PARENT_ID, FIELD_ID, COLUMN_NAME, COLUMN_TYPE, REPORT_COLUMN_NAME, PRODUCT_FIELD, FIELD_TYPE, ENTITY_LOOKUP, ENTITY_LOOKUP_KEY, ORDER_BY, GENERATOR, REFER_TABLE, KEY_COLUMN, LOOKUP_COLUMN, MANDATORY, MIN_LENGTH, MAX_LENGTH, MIN_VALUE, MAX_VALUE, CONSTANT_VALUE, UNIQUE_KEY, CREATE_USER, CREATED_ON, LINE_NO, MANAGED, FIELD_PATH, DATA_TYPE, DATA1, DATA2, TRANSITIVE_FIELDS, FORMULA, ENTITY_LOOKUP_TYPE)
VALUES ('a1e925f3bcb24f418c4850cbd4964af5', 0, '1b118b42499d4487848daed4b837009e', 'custDate7', 'CUST_DATE7', 'DATE', 'CUSTOM_FIELD_DATE7', 0, 'date', '', '', '', '', '', '', '', 0, NULL, NULL, NULL, NULL, '', '', 'system', systimestamp, '42', 0, 'entity.commitItem.custDate7', '', '', '', '', '', '');
INSERT INTO CNT_FIELD_DEFINITION
 (ID, REVISION, PARENT_ID, FIELD_ID, COLUMN_NAME, COLUMN_TYPE, REPORT_COLUMN_NAME, PRODUCT_FIELD, FIELD_TYPE, ENTITY_LOOKUP, ENTITY_LOOKUP_KEY, ORDER_BY, GENERATOR, REFER_TABLE, KEY_COLUMN, LOOKUP_COLUMN, MANDATORY, MIN_LENGTH, MAX_LENGTH, MIN_VALUE, MAX_VALUE, CONSTANT_VALUE, UNIQUE_KEY, CREATE_USER, CREATED_ON, LINE_NO, MANAGED, FIELD_PATH, DATA_TYPE, DATA1, DATA2, TRANSITIVE_FIELDS, FORMULA, ENTITY_LOOKUP_TYPE)
VALUES ('af29ebf394ed47939048cbee08e460a1', 0, '1b118b42499d4487848daed4b837009e', 'custNumber1', 'CUST_NUMBER1', 'NUMBER(20, 0)', 'CUSTOM_FIELD_NUMBER1', 0, 'integer', '', '', '', '', '', '', '', 0, NULL, 18, NULL, NULL, '', '', 'system', systimestamp, '43', 0, 'entity.commitItem.custNumber1', '', '', '', '', '', '');
INSERT INTO CNT_FIELD_DEFINITION
 (ID, REVISION, PARENT_ID, FIELD_ID, COLUMN_NAME, COLUMN_TYPE, REPORT_COLUMN_NAME, PRODUCT_FIELD, FIELD_TYPE, ENTITY_LOOKUP, ENTITY_LOOKUP_KEY, ORDER_BY, GENERATOR, REFER_TABLE, KEY_COLUMN, LOOKUP_COLUMN, MANDATORY, MIN_LENGTH, MAX_LENGTH, MIN_VALUE, MAX_VALUE, CONSTANT_VALUE, UNIQUE_KEY, CREATE_USER, CREATED_ON, LINE_NO, MANAGED, FIELD_PATH, DATA_TYPE, DATA1, DATA2, TRANSITIVE_FIELDS, FORMULA, ENTITY_LOOKUP_TYPE)
VALUES ('8b6578947c894e7fb0402f54e43e9e64', 0, '1b118b42499d4487848daed4b837009e', 'custNumber2', 'CUST_NUMBER2', 'NUMBER(20, 0)', 'CUSTOM_FIELD_NUMBER2', 0, 'integer', '', '', '', '', '', '', '', 0, NULL, 18, NULL, NULL, '', '', 'system', systimestamp, '44', 0, 'entity.commitItem.custNumber2', '', '', '', '', '', '');
INSERT INTO CNT_FIELD_DEFINITION
 (ID, REVISION, PARENT_ID, FIELD_ID, COLUMN_NAME, COLUMN_TYPE, REPORT_COLUMN_NAME, PRODUCT_FIELD, FIELD_TYPE, ENTITY_LOOKUP, ENTITY_LOOKUP_KEY, ORDER_BY, GENERATOR, REFER_TABLE, KEY_COLUMN, LOOKUP_COLUMN, MANDATORY, MIN_LENGTH, MAX_LENGTH, MIN_VALUE, MAX_VALUE, CONSTANT_VALUE, UNIQUE_KEY, CREATE_USER, CREATED_ON, LINE_NO, MANAGED, FIELD_PATH, DATA_TYPE, DATA1, DATA2, TRANSITIVE_FIELDS, FORMULA, ENTITY_LOOKUP_TYPE)
VALUES ('b13d316227104bcc85f4a2f44d65c782', 0, '1b118b42499d4487848daed4b837009e', 'custNumber3', 'CUST_NUMBER3', 'NUMBER(20, 0)', 'CUSTOM_FIELD_NUMBER3', 0, 'integer', '', '', '', '', '', '', '', 0, NULL, 18, NULL, NULL, '', '', 'system', systimestamp, '45', 0, 'entity.commitItem.custNumber3', '', '', '', '', '', '');
INSERT INTO CNT_FIELD_DEFINITION
 (ID, REVISION, PARENT_ID, FIELD_ID, COLUMN_NAME, COLUMN_TYPE, REPORT_COLUMN_NAME, PRODUCT_FIELD, FIELD_TYPE, ENTITY_LOOKUP, ENTITY_LOOKUP_KEY, ORDER_BY, GENERATOR, REFER_TABLE, KEY_COLUMN, LOOKUP_COLUMN, MANDATORY, MIN_LENGTH, MAX_LENGTH, MIN_VALUE, MAX_VALUE, CONSTANT_VALUE, UNIQUE_KEY, CREATE_USER, CREATED_ON, LINE_NO, MANAGED, FIELD_PATH, DATA_TYPE, DATA1, DATA2, TRANSITIVE_FIELDS, FORMULA, ENTITY_LOOKUP_TYPE)
VALUES ('409319d6f373465a84db2bac98a553ff', 0, '1b118b42499d4487848daed4b837009e', 'custNumber4', 'CUST_NUMBER4', 'NUMBER(20, 0)', 'CUSTOM_FIELD_NUMBER4', 0, 'integer', '', '', '', '', '', '', '', 0, NULL, 18, NULL, NULL, '', '', 'system', systimestamp, '46', 0, 'entity.commitItem.custNumber4', '', '', '', '', '', '');
INSERT INTO CNT_FIELD_DEFINITION
 (ID, REVISION, PARENT_ID, FIELD_ID, COLUMN_NAME, COLUMN_TYPE, REPORT_COLUMN_NAME, PRODUCT_FIELD, FIELD_TYPE, ENTITY_LOOKUP, ENTITY_LOOKUP_KEY, ORDER_BY, GENERATOR, REFER_TABLE, KEY_COLUMN, LOOKUP_COLUMN, MANDATORY, MIN_LENGTH, MAX_LENGTH, MIN_VALUE, MAX_VALUE, CONSTANT_VALUE, UNIQUE_KEY, CREATE_USER, CREATED_ON, LINE_NO, MANAGED, FIELD_PATH, DATA_TYPE, DATA1, DATA2, TRANSITIVE_FIELDS, FORMULA, ENTITY_LOOKUP_TYPE)
VALUES ('ef82bf2240c74d59901c92a66149fd1d', 0, '1b118b42499d4487848daed4b837009e', 'custNumber5', 'CUST_NUMBER5', 'NUMBER(20, 0)', 'CUSTOM_FIELD_NUMBER5', 0, 'integer', '', '', '', '', '', '', '', 0, NULL, 18, NULL, NULL, '', '', 'system', systimestamp, '47', 0, 'entity.commitItem.custNumber5', '', '', '', '', '', '');
INSERT INTO CNT_FIELD_DEFINITION
 (ID, REVISION, PARENT_ID, FIELD_ID, COLUMN_NAME, COLUMN_TYPE, REPORT_COLUMN_NAME, PRODUCT_FIELD, FIELD_TYPE, ENTITY_LOOKUP, ENTITY_LOOKUP_KEY, ORDER_BY, GENERATOR, REFER_TABLE, KEY_COLUMN, LOOKUP_COLUMN, MANDATORY, MIN_LENGTH, MAX_LENGTH, MIN_VALUE, MAX_VALUE, CONSTANT_VALUE, UNIQUE_KEY, CREATE_USER, CREATED_ON, LINE_NO, MANAGED, FIELD_PATH, DATA_TYPE, DATA1, DATA2, TRANSITIVE_FIELDS, FORMULA, ENTITY_LOOKUP_TYPE)
VALUES ('0e227358cc1841c2a941fb7e4874d143', 0, '1b118b42499d4487848daed4b837009e', 'custNumber6', 'CUST_NUMBER6', 'NUMBER(20, 0)', 'CUSTOM_FIELD_NUMBER6', 0, 'integer', '', '', '', '', '', '', '', 0, NULL, 18, NULL, NULL, '', '', 'system', systimestamp, '48', 0, 'entity.commitItem.custNumber6', '', '', '', '', '', '');
INSERT INTO CNT_FIELD_DEFINITION
 (ID, REVISION, PARENT_ID, FIELD_ID, COLUMN_NAME, COLUMN_TYPE, REPORT_COLUMN_NAME, PRODUCT_FIELD, FIELD_TYPE, ENTITY_LOOKUP, ENTITY_LOOKUP_KEY, ORDER_BY, GENERATOR, REFER_TABLE, KEY_COLUMN, LOOKUP_COLUMN, MANDATORY, MIN_LENGTH, MAX_LENGTH, MIN_VALUE, MAX_VALUE, CONSTANT_VALUE, UNIQUE_KEY, CREATE_USER, CREATED_ON, LINE_NO, MANAGED, FIELD_PATH, DATA_TYPE, DATA1, DATA2, TRANSITIVE_FIELDS, FORMULA, ENTITY_LOOKUP_TYPE)
VALUES ('f199e8beefe54b369c892b6b40db0fb9', 0, '1b118b42499d4487848daed4b837009e', 'custNumber7', 'CUST_NUMBER7', 'NUMBER(20, 0)', 'CUSTOM_FIELD_NUMBER7', 0, 'integer', '', '', '', '', '', '', '', 0, NULL, 18, NULL, NULL, '', '', 'system', systimestamp, '49', 0, 'entity.commitItem.custNumber7', '', '', '', '', '', '');
INSERT INTO CNT_FIELD_DEFINITION
 (ID, REVISION, PARENT_ID, FIELD_ID, COLUMN_NAME, COLUMN_TYPE, REPORT_COLUMN_NAME, PRODUCT_FIELD, FIELD_TYPE, ENTITY_LOOKUP, ENTITY_LOOKUP_KEY, ORDER_BY, GENERATOR, REFER_TABLE, KEY_COLUMN, LOOKUP_COLUMN, MANDATORY, MIN_LENGTH, MAX_LENGTH, MIN_VALUE, MAX_VALUE, CONSTANT_VALUE, UNIQUE_KEY, CREATE_USER, CREATED_ON, LINE_NO, MANAGED, FIELD_PATH, DATA_TYPE, DATA1, DATA2, TRANSITIVE_FIELDS, FORMULA, ENTITY_LOOKUP_TYPE)
VALUES ('1958ea61e1ad4a6596161c21169a3238', 0, '1b118b42499d4487848daed4b837009e', 'custDecimal1', 'CUST_DECIMAL1', 'NUMBER(25, 5)', 'CUSTOM_FIELD_DECIMAL1', 0, 'decimal-rate', '', '', '', '', '', '', '', 0, NULL, 20, NULL, NULL, '', '', 'system', systimestamp, '50', 0, 'entity.commitItem.custDecimal1', '', '', '', '', '', '');
INSERT INTO CNT_FIELD_DEFINITION
 (ID, REVISION, PARENT_ID, FIELD_ID, COLUMN_NAME, COLUMN_TYPE, REPORT_COLUMN_NAME, PRODUCT_FIELD, FIELD_TYPE, ENTITY_LOOKUP, ENTITY_LOOKUP_KEY, ORDER_BY, GENERATOR, REFER_TABLE, KEY_COLUMN, LOOKUP_COLUMN, MANDATORY, MIN_LENGTH, MAX_LENGTH, MIN_VALUE, MAX_VALUE, CONSTANT_VALUE, UNIQUE_KEY, CREATE_USER, CREATED_ON, LINE_NO, MANAGED, FIELD_PATH, DATA_TYPE, DATA1, DATA2, TRANSITIVE_FIELDS, FORMULA, ENTITY_LOOKUP_TYPE)
VALUES ('e4d4983695364a8090d0de9de3dfba74', 0, '1b118b42499d4487848daed4b837009e', 'custDecimal2', 'CUST_DECIMAL2', 'NUMBER(25, 5)', 'CUSTOM_FIELD_DECIMAL2', 0, 'decimal-rate', '', '', '', '', '', '', '', 0, NULL, 20, NULL, NULL, '', '', 'system', systimestamp, '51', 0, 'entity.commitItem.custDecimal2', '', '', '', '', '', '');
INSERT INTO CNT_FIELD_DEFINITION
 (ID, REVISION, PARENT_ID, FIELD_ID, COLUMN_NAME, COLUMN_TYPE, REPORT_COLUMN_NAME, PRODUCT_FIELD, FIELD_TYPE, ENTITY_LOOKUP, ENTITY_LOOKUP_KEY, ORDER_BY, GENERATOR, REFER_TABLE, KEY_COLUMN, LOOKUP_COLUMN, MANDATORY, MIN_LENGTH, MAX_LENGTH, MIN_VALUE, MAX_VALUE, CONSTANT_VALUE, UNIQUE_KEY, CREATE_USER, CREATED_ON, LINE_NO, MANAGED, FIELD_PATH, DATA_TYPE, DATA1, DATA2, TRANSITIVE_FIELDS, FORMULA, ENTITY_LOOKUP_TYPE)
VALUES ('694f567152c1449e9a1285b69bbee2c7', 0, '1b118b42499d4487848daed4b837009e', 'custDecimal3', 'CUST_DECIMAL3', 'NUMBER(25, 5)', 'CUSTOM_FIELD_DECIMAL3', 0, 'decimal-rate', '', '', '', '', '', '', '', 0, NULL, 20, NULL, NULL, '', '', 'system', systimestamp, '52', 0, 'entity.commitItem.custDecimal3', '', '', '', '', '', '');
INSERT INTO CNT_FIELD_DEFINITION
 (ID, REVISION, PARENT_ID, FIELD_ID, COLUMN_NAME, COLUMN_TYPE, REPORT_COLUMN_NAME, PRODUCT_FIELD, FIELD_TYPE, ENTITY_LOOKUP, ENTITY_LOOKUP_KEY, ORDER_BY, GENERATOR, REFER_TABLE, KEY_COLUMN, LOOKUP_COLUMN, MANDATORY, MIN_LENGTH, MAX_LENGTH, MIN_VALUE, MAX_VALUE, CONSTANT_VALUE, UNIQUE_KEY, CREATE_USER, CREATED_ON, LINE_NO, MANAGED, FIELD_PATH, DATA_TYPE, DATA1, DATA2, TRANSITIVE_FIELDS, FORMULA, ENTITY_LOOKUP_TYPE)
VALUES ('9259de61d5894b90bd0e32f104bce5d7', 0, '1b118b42499d4487848daed4b837009e', 'custDecimal4', 'CUST_DECIMAL4', 'NUMBER(25, 5)', 'CUSTOM_FIELD_DECIMAL4', 0, 'decimal-rate', '', '', '', '', '', '', '', 0, NULL, 20, NULL, NULL, '', '', 'system', systimestamp, '53', 0, 'entity.commitItem.custDecimal4', '', '', '', '', '', '');
INSERT INTO CNT_FIELD_DEFINITION
 (ID, REVISION, PARENT_ID, FIELD_ID, COLUMN_NAME, COLUMN_TYPE, REPORT_COLUMN_NAME, PRODUCT_FIELD, FIELD_TYPE, ENTITY_LOOKUP, ENTITY_LOOKUP_KEY, ORDER_BY, GENERATOR, REFER_TABLE, KEY_COLUMN, LOOKUP_COLUMN, MANDATORY, MIN_LENGTH, MAX_LENGTH, MIN_VALUE, MAX_VALUE, CONSTANT_VALUE, UNIQUE_KEY, CREATE_USER, CREATED_ON, LINE_NO, MANAGED, FIELD_PATH, DATA_TYPE, DATA1, DATA2, TRANSITIVE_FIELDS, FORMULA, ENTITY_LOOKUP_TYPE)
VALUES ('86603bff82d04547a3237963ddfc487d', 0, '1b118b42499d4487848daed4b837009e', 'custDecimal5', 'CUST_DECIMAL5', 'NUMBER(25, 5)', 'CUSTOM_FIELD_DECIMAL5', 0, 'decimal-rate', '', '', '', '', '', '', '', 0, NULL, 20, NULL, NULL, '', '', 'system', systimestamp, '54', 0, 'entity.commitItem.custDecimal5', '', '', '', '', '', '');
INSERT INTO CNT_FIELD_DEFINITION
 (ID, REVISION, PARENT_ID, FIELD_ID, COLUMN_NAME, COLUMN_TYPE, REPORT_COLUMN_NAME, PRODUCT_FIELD, FIELD_TYPE, ENTITY_LOOKUP, ENTITY_LOOKUP_KEY, ORDER_BY, GENERATOR, REFER_TABLE, KEY_COLUMN, LOOKUP_COLUMN, MANDATORY, MIN_LENGTH, MAX_LENGTH, MIN_VALUE, MAX_VALUE, CONSTANT_VALUE, UNIQUE_KEY, CREATE_USER, CREATED_ON, LINE_NO, MANAGED, FIELD_PATH, DATA_TYPE, DATA1, DATA2, TRANSITIVE_FIELDS, FORMULA, ENTITY_LOOKUP_TYPE)
VALUES ('5ed89bdf559f4f7eae11ff80202b8e12', 0, '1b118b42499d4487848daed4b837009e', 'custDecimal6', 'CUST_DECIMAL6', 'NUMBER(25, 5)', 'CUSTOM_FIELD_DECIMAL6', 0, 'decimal-rate', '', '', '', '', '', '', '', 0, NULL, 20, NULL, NULL, '', '', 'system', systimestamp, '55', 0, 'entity.commitItem.custDecimal6', '', '', '', '', '', '');
INSERT INTO CNT_FIELD_DEFINITION
 (ID, REVISION, PARENT_ID, FIELD_ID, COLUMN_NAME, COLUMN_TYPE, REPORT_COLUMN_NAME, PRODUCT_FIELD, FIELD_TYPE, ENTITY_LOOKUP, ENTITY_LOOKUP_KEY, ORDER_BY, GENERATOR, REFER_TABLE, KEY_COLUMN, LOOKUP_COLUMN, MANDATORY, MIN_LENGTH, MAX_LENGTH, MIN_VALUE, MAX_VALUE, CONSTANT_VALUE, UNIQUE_KEY, CREATE_USER, CREATED_ON, LINE_NO, MANAGED, FIELD_PATH, DATA_TYPE, DATA1, DATA2, TRANSITIVE_FIELDS, FORMULA, ENTITY_LOOKUP_TYPE)
VALUES ('8913b4131596419188be7c2ac450eea5', 0, '1b118b42499d4487848daed4b837009e', 'custDecimal7', 'CUST_DECIMAL7', 'NUMBER(25, 5)', 'CUSTOM_FIELD_DECIMAL7', 0, 'decimal-rate', '', '', '', '', '', '', '', 0, NULL, 20, NULL, NULL, '', '', 'system', systimestamp, '56', 0, 'entity.commitItem.custDecimal7', '', '', '', '', '', '');
INSERT INTO CNT_FIELD_DEFINITION
 (ID, REVISION, PARENT_ID, FIELD_ID, COLUMN_NAME, COLUMN_TYPE, REPORT_COLUMN_NAME, PRODUCT_FIELD, FIELD_TYPE, ENTITY_LOOKUP, ENTITY_LOOKUP_KEY, ORDER_BY, GENERATOR, REFER_TABLE, KEY_COLUMN, LOOKUP_COLUMN, MANDATORY, MIN_LENGTH, MAX_LENGTH, MIN_VALUE, MAX_VALUE, CONSTANT_VALUE, UNIQUE_KEY, CREATE_USER, CREATED_ON, LINE_NO, MANAGED, FIELD_PATH, DATA_TYPE, DATA1, DATA2, TRANSITIVE_FIELDS, FORMULA, ENTITY_LOOKUP_TYPE)
VALUES ('980110fa249f4ed688910b8e1df9d1d8', 0, '1b118b42499d4487848daed4b837009e', 'custCodelist1', 'CUST_CODELIST1', 'NVARCHAR2(400)', 'CUSTOM_FIELD_CODE_LIST_CODE1', 0, 'string-m', '', '', '', '', '', '', '', 0, NULL, 400, NULL, NULL, '', '', 'system', systimestamp, '57', 0, 'entity.commitItem.custCodelist1', 'codelist', '', '', '', '', '');
INSERT INTO CNT_FIELD_DEFINITION
 (ID, REVISION, PARENT_ID, FIELD_ID, COLUMN_NAME, COLUMN_TYPE, REPORT_COLUMN_NAME, PRODUCT_FIELD, FIELD_TYPE, ENTITY_LOOKUP, ENTITY_LOOKUP_KEY, ORDER_BY, GENERATOR, REFER_TABLE, KEY_COLUMN, LOOKUP_COLUMN, MANDATORY, MIN_LENGTH, MAX_LENGTH, MIN_VALUE, MAX_VALUE, CONSTANT_VALUE, UNIQUE_KEY, CREATE_USER, CREATED_ON, LINE_NO, MANAGED, FIELD_PATH, DATA_TYPE, DATA1, DATA2, TRANSITIVE_FIELDS, FORMULA, ENTITY_LOOKUP_TYPE)
VALUES ('bff31495be584be885580d1bb73c27a0', 0, '1b118b42499d4487848daed4b837009e', 'custCodelist2', 'CUST_CODELIST2', 'NVARCHAR2(400)', 'CUSTOM_FIELD_CODE_LIST_CODE2', 0, 'string-m', '', '', '', '', '', '', '', 0, NULL, 400, NULL, NULL, '', '', 'system', systimestamp, '58', 0, 'entity.commitItem.custCodelist2', 'codelist', '', '', '', '', '');
INSERT INTO CNT_FIELD_DEFINITION
 (ID, REVISION, PARENT_ID, FIELD_ID, COLUMN_NAME, COLUMN_TYPE, REPORT_COLUMN_NAME, PRODUCT_FIELD, FIELD_TYPE, ENTITY_LOOKUP, ENTITY_LOOKUP_KEY, ORDER_BY, GENERATOR, REFER_TABLE, KEY_COLUMN, LOOKUP_COLUMN, MANDATORY, MIN_LENGTH, MAX_LENGTH, MIN_VALUE, MAX_VALUE, CONSTANT_VALUE, UNIQUE_KEY, CREATE_USER, CREATED_ON, LINE_NO, MANAGED, FIELD_PATH, DATA_TYPE, DATA1, DATA2, TRANSITIVE_FIELDS, FORMULA, ENTITY_LOOKUP_TYPE)
VALUES ('200f5825f9b644d7802bc016dd18ed24', 0, '1b118b42499d4487848daed4b837009e', 'custCodelist3', 'CUST_CODELIST3', 'NVARCHAR2(400)', 'CUSTOM_FIELD_CODE_LIST_CODE3', 0, 'string-m', '', '', '', '', '', '', '', 0, NULL, 400, NULL, NULL, '', '', 'system', systimestamp, '59', 0, 'entity.commitItem.custCodelist3', 'codelist', '', '', '', '', '');
INSERT INTO CNT_FIELD_DEFINITION
 (ID, REVISION, PARENT_ID, FIELD_ID, COLUMN_NAME, COLUMN_TYPE, REPORT_COLUMN_NAME, PRODUCT_FIELD, FIELD_TYPE, ENTITY_LOOKUP, ENTITY_LOOKUP_KEY, ORDER_BY, GENERATOR, REFER_TABLE, KEY_COLUMN, LOOKUP_COLUMN, MANDATORY, MIN_LENGTH, MAX_LENGTH, MIN_VALUE, MAX_VALUE, CONSTANT_VALUE, UNIQUE_KEY, CREATE_USER, CREATED_ON, LINE_NO, MANAGED, FIELD_PATH, DATA_TYPE, DATA1, DATA2, TRANSITIVE_FIELDS, FORMULA, ENTITY_LOOKUP_TYPE)
VALUES ('57e3b7d9ff5b494b8d6843aa103ba496', 0, '1b118b42499d4487848daed4b837009e', 'custCodelist4', 'CUST_CODELIST4', 'NVARCHAR2(400)', 'CUSTOM_FIELD_CODE_LIST_CODE4', 0, 'string-m', '', '', '', '', '', '', '', 0, NULL, 400, NULL, NULL, '', '', 'system', systimestamp, '60', 0, 'entity.commitItem.custCodelist4', 'codelist', '', '', '', '', '');
INSERT INTO CNT_FIELD_DEFINITION
 (ID, REVISION, PARENT_ID, FIELD_ID, COLUMN_NAME, COLUMN_TYPE, REPORT_COLUMN_NAME, PRODUCT_FIELD, FIELD_TYPE, ENTITY_LOOKUP, ENTITY_LOOKUP_KEY, ORDER_BY, GENERATOR, REFER_TABLE, KEY_COLUMN, LOOKUP_COLUMN, MANDATORY, MIN_LENGTH, MAX_LENGTH, MIN_VALUE, MAX_VALUE, CONSTANT_VALUE, UNIQUE_KEY, CREATE_USER, CREATED_ON, LINE_NO, MANAGED, FIELD_PATH, DATA_TYPE, DATA1, DATA2, TRANSITIVE_FIELDS, FORMULA, ENTITY_LOOKUP_TYPE)
VALUES ('5c56c1ef0567406abd9af7a4ad0c8ab8', 0, '1b118b42499d4487848daed4b837009e', 'custCodelist5', 'CUST_CODELIST5', 'NVARCHAR2(400)', 'CUSTOM_FIELD_CODE_LIST_CODE5', 0, 'string-m', '', '', '', '', '', '', '', 0, NULL, 400, NULL, NULL, '', '', 'system', systimestamp, '61', 0, 'entity.commitItem.custCodelist5', 'codelist', '', '', '', '', '');
INSERT INTO CNT_FIELD_DEFINITION
 (ID, REVISION, PARENT_ID, FIELD_ID, COLUMN_NAME, COLUMN_TYPE, REPORT_COLUMN_NAME, PRODUCT_FIELD, FIELD_TYPE, ENTITY_LOOKUP, ENTITY_LOOKUP_KEY, ORDER_BY, GENERATOR, REFER_TABLE, KEY_COLUMN, LOOKUP_COLUMN, MANDATORY, MIN_LENGTH, MAX_LENGTH, MIN_VALUE, MAX_VALUE, CONSTANT_VALUE, UNIQUE_KEY, CREATE_USER, CREATED_ON, LINE_NO, MANAGED, FIELD_PATH, DATA_TYPE, DATA1, DATA2, TRANSITIVE_FIELDS, FORMULA, ENTITY_LOOKUP_TYPE)
VALUES ('c1de2e6670be4ad4bd507c5588c365ec', 0, '1b118b42499d4487848daed4b837009e', 'custCodelist6', 'CUST_CODELIST6', 'NVARCHAR2(400)', 'CUSTOM_FIELD_CODE_LIST_CODE6', 0, 'string-m', '', '', '', '', '', '', '', 0, NULL, 400, NULL, NULL, '', '', 'system', systimestamp, '62', 0, 'entity.commitItem.custCodelist6', 'codelist', '', '', '', '', '');
INSERT INTO CNT_FIELD_DEFINITION
 (ID, REVISION, PARENT_ID, FIELD_ID, COLUMN_NAME, COLUMN_TYPE, REPORT_COLUMN_NAME, PRODUCT_FIELD, FIELD_TYPE, ENTITY_LOOKUP, ENTITY_LOOKUP_KEY, ORDER_BY, GENERATOR, REFER_TABLE, KEY_COLUMN, LOOKUP_COLUMN, MANDATORY, MIN_LENGTH, MAX_LENGTH, MIN_VALUE, MAX_VALUE, CONSTANT_VALUE, UNIQUE_KEY, CREATE_USER, CREATED_ON, LINE_NO, MANAGED, FIELD_PATH, DATA_TYPE, DATA1, DATA2, TRANSITIVE_FIELDS, FORMULA, ENTITY_LOOKUP_TYPE)
VALUES ('c61da5f63f1245ec83dd9afcb6171f2a', 0, '1b118b42499d4487848daed4b837009e', 'custCodelist7', 'CUST_CODELIST7', 'NVARCHAR2(400)', 'CUSTOM_FIELD_CODE_LIST_CODE7', 0, 'string-m', '', '', '', '', '', '', '', 0, NULL, 400, NULL, NULL, '', '', 'system', systimestamp, '63', 0, 'entity.commitItem.custCodelist7', 'codelist', '', '', '', '', '');
INSERT INTO CNT_FIELD_DEFINITION
 (ID, REVISION, PARENT_ID, FIELD_ID, COLUMN_NAME, COLUMN_TYPE, REPORT_COLUMN_NAME, PRODUCT_FIELD, FIELD_TYPE, ENTITY_LOOKUP, ENTITY_LOOKUP_KEY, ORDER_BY, GENERATOR, REFER_TABLE, KEY_COLUMN, LOOKUP_COLUMN, MANDATORY, MIN_LENGTH, MAX_LENGTH, MIN_VALUE, MAX_VALUE, CONSTANT_VALUE, UNIQUE_KEY, CREATE_USER, CREATED_ON, LINE_NO, MANAGED, FIELD_PATH, DATA_TYPE, DATA1, DATA2, TRANSITIVE_FIELDS, FORMULA, ENTITY_LOOKUP_TYPE)
VALUES ('7e357d808d5047688253e6d2b7760c3e', 0, '1b118b42499d4487848daed4b837009e', 'custMemoText1', 'CUST_MEMO_TEXT1', 'NVARCHAR2(1000)', 'CUSTOM_FIELD_MEMO_TEXT1', 0, 'string-l', '', '', '', '', '', '', '', 0, NULL, 1000, NULL, NULL, '', '', 'system', systimestamp, '64', 0, 'entity.commitItem.custMemoText1', '', '', '', '', '', '');
INSERT INTO CNT_FIELD_DEFINITION
 (ID, REVISION, PARENT_ID, FIELD_ID, COLUMN_NAME, COLUMN_TYPE, REPORT_COLUMN_NAME, PRODUCT_FIELD, FIELD_TYPE, ENTITY_LOOKUP, ENTITY_LOOKUP_KEY, ORDER_BY, GENERATOR, REFER_TABLE, KEY_COLUMN, LOOKUP_COLUMN, MANDATORY, MIN_LENGTH, MAX_LENGTH, MIN_VALUE, MAX_VALUE, CONSTANT_VALUE, UNIQUE_KEY, CREATE_USER, CREATED_ON, LINE_NO, MANAGED, FIELD_PATH, DATA_TYPE, DATA1, DATA2, TRANSITIVE_FIELDS, FORMULA, ENTITY_LOOKUP_TYPE)
VALUES ('0527252cb369432e853aaa0aebbf7513', 0, '1b118b42499d4487848daed4b837009e', 'custMemoText2', 'CUST_MEMO_TEXT2', 'NVARCHAR2(1000)', 'CUSTOM_FIELD_MEMO_TEXT2', 0, 'string-l', '', '', '', '', '', '', '', 0, NULL, 1000, NULL, NULL, '', '', 'system', systimestamp, '65', 0, 'entity.commitItem.custMemoText2', '', '', '', '', '', '');
INSERT INTO CNT_FIELD_DEFINITION
 (ID, REVISION, PARENT_ID, FIELD_ID, COLUMN_NAME, COLUMN_TYPE, REPORT_COLUMN_NAME, PRODUCT_FIELD, FIELD_TYPE, ENTITY_LOOKUP, ENTITY_LOOKUP_KEY, ORDER_BY, GENERATOR, REFER_TABLE, KEY_COLUMN, LOOKUP_COLUMN, MANDATORY, MIN_LENGTH, MAX_LENGTH, MIN_VALUE, MAX_VALUE, CONSTANT_VALUE, UNIQUE_KEY, CREATE_USER, CREATED_ON, LINE_NO, MANAGED, FIELD_PATH, DATA_TYPE, DATA1, DATA2, TRANSITIVE_FIELDS, FORMULA, ENTITY_LOOKUP_TYPE)
VALUES ('c6229e4def7f4927816e77a1ed83903c', 0, '1b118b42499d4487848daed4b837009e', 'custMemoText3', 'CUST_MEMO_TEXT3', 'NVARCHAR2(1000)', 'CUSTOM_FIELD_MEMO_TEXT3', 0, 'string-l', '', '', '', '', '', '', '', 0, NULL, 1000, NULL, NULL, '', '', 'system', systimestamp, '66', 0, 'entity.commitItem.custMemoText3', '', '', '', '', '', '');
INSERT INTO CNT_FIELD_DEFINITION
 (ID, REVISION, PARENT_ID, FIELD_ID, COLUMN_NAME, COLUMN_TYPE, REPORT_COLUMN_NAME, PRODUCT_FIELD, FIELD_TYPE, ENTITY_LOOKUP, ENTITY_LOOKUP_KEY, ORDER_BY, GENERATOR, REFER_TABLE, KEY_COLUMN, LOOKUP_COLUMN, MANDATORY, MIN_LENGTH, MAX_LENGTH, MIN_VALUE, MAX_VALUE, CONSTANT_VALUE, UNIQUE_KEY, CREATE_USER, CREATED_ON, LINE_NO, MANAGED, FIELD_PATH, DATA_TYPE, DATA1, DATA2, TRANSITIVE_FIELDS, FORMULA, ENTITY_LOOKUP_TYPE)
VALUES ('3d37dca4d865419b87bb543d9d41f481', 0, '1b118b42499d4487848daed4b837009e', 'custMemoText4', 'CUST_MEMO_TEXT4', 'NVARCHAR2(1000)', 'CUSTOM_FIELD_MEMO_TEXT4', 0, 'string-l', '', '', '', '', '', '', '', 0, NULL, 1000, NULL, NULL, '', '', 'system', systimestamp, '67', 0, 'entity.commitItem.custMemoText4', '', '', '', '', '', '');
INSERT INTO CNT_FIELD_DEFINITION
 (ID, REVISION, PARENT_ID, FIELD_ID, COLUMN_NAME, COLUMN_TYPE, REPORT_COLUMN_NAME, PRODUCT_FIELD, FIELD_TYPE, ENTITY_LOOKUP, ENTITY_LOOKUP_KEY, ORDER_BY, GENERATOR, REFER_TABLE, KEY_COLUMN, LOOKUP_COLUMN, MANDATORY, MIN_LENGTH, MAX_LENGTH, MIN_VALUE, MAX_VALUE, CONSTANT_VALUE, UNIQUE_KEY, CREATE_USER, CREATED_ON, LINE_NO, MANAGED, FIELD_PATH, DATA_TYPE, DATA1, DATA2, TRANSITIVE_FIELDS, FORMULA, ENTITY_LOOKUP_TYPE)
VALUES ('c6a299b1f459483b8670e7802e85d523', 0, '1b118b42499d4487848daed4b837009e', 'custMemoText5', 'CUST_MEMO_TEXT5', 'NVARCHAR2(1000)', 'CUSTOM_FIELD_MEMO_TEXT5', 0, 'string-l', '', '', '', '', '', '', '', 0, NULL, 1000, NULL, NULL, '', '', 'system', systimestamp, '68', 0, 'entity.commitItem.custMemoText5', '', '', '', '', '', '');
INSERT INTO CNT_FIELD_DEFINITION
 (ID, REVISION, PARENT_ID, FIELD_ID, COLUMN_NAME, COLUMN_TYPE, REPORT_COLUMN_NAME, PRODUCT_FIELD, FIELD_TYPE, ENTITY_LOOKUP, ENTITY_LOOKUP_KEY, ORDER_BY, GENERATOR, REFER_TABLE, KEY_COLUMN, LOOKUP_COLUMN, MANDATORY, MIN_LENGTH, MAX_LENGTH, MIN_VALUE, MAX_VALUE, CONSTANT_VALUE, UNIQUE_KEY, CREATE_USER, CREATED_ON, LINE_NO, MANAGED, FIELD_PATH, DATA_TYPE, DATA1, DATA2, TRANSITIVE_FIELDS, FORMULA, ENTITY_LOOKUP_TYPE)
VALUES ('4c2b4e8167c44f02bb448561572c25ac', 0, '1b118b42499d4487848daed4b837009e', 'custMemoText6', 'CUST_MEMO_TEXT6', 'NVARCHAR2(1000)', 'CUSTOM_FIELD_MEMO_TEXT6', 0, 'string-l', '', '', '', '', '', '', '', 0, NULL, 1000, NULL, NULL, '', '', 'system', systimestamp, '69', 0, 'entity.commitItem.custMemoText6', '', '', '', '', '', '');
INSERT INTO CNT_FIELD_DEFINITION
 (ID, REVISION, PARENT_ID, FIELD_ID, COLUMN_NAME, COLUMN_TYPE, REPORT_COLUMN_NAME, PRODUCT_FIELD, FIELD_TYPE, ENTITY_LOOKUP, ENTITY_LOOKUP_KEY, ORDER_BY, GENERATOR, REFER_TABLE, KEY_COLUMN, LOOKUP_COLUMN, MANDATORY, MIN_LENGTH, MAX_LENGTH, MIN_VALUE, MAX_VALUE, CONSTANT_VALUE, UNIQUE_KEY, CREATE_USER, CREATED_ON, LINE_NO, MANAGED, FIELD_PATH, DATA_TYPE, DATA1, DATA2, TRANSITIVE_FIELDS, FORMULA, ENTITY_LOOKUP_TYPE)
VALUES ('9d0a56892bce499db1dde6ada5e2122b', 0, '1b118b42499d4487848daed4b837009e', 'custMemoText7', 'CUST_MEMO_TEXT7', 'NVARCHAR2(1000)', 'CUSTOM_FIELD_MEMO_TEXT7', 0, 'string-l', '', '', '', '', '', '', '', 0, NULL, 1000, NULL, NULL, '', '', 'system', systimestamp, '70', 0, 'entity.commitItem.custMemoText7', '', '', '', '', '', '');
INSERT INTO CNT_FIELD_DEFINITION
 (ID, REVISION, PARENT_ID, FIELD_ID, COLUMN_NAME, COLUMN_TYPE, REPORT_COLUMN_NAME, PRODUCT_FIELD, FIELD_TYPE, ENTITY_LOOKUP, ENTITY_LOOKUP_KEY, ORDER_BY, GENERATOR, REFER_TABLE, KEY_COLUMN, LOOKUP_COLUMN, MANDATORY, MIN_LENGTH, MAX_LENGTH, MIN_VALUE, MAX_VALUE, CONSTANT_VALUE, UNIQUE_KEY, CREATE_USER, CREATED_ON, LINE_NO, MANAGED, FIELD_PATH, DATA_TYPE, DATA1, DATA2, TRANSITIVE_FIELDS, FORMULA, ENTITY_LOOKUP_TYPE)
VALUES ('ca3e64c362544aa99ced0160be1d85b0', 0, '1b118b42499d4487848daed4b837009e', 'custHcl1', 'CUST_HCL1_ID', 'CHAR(32)', 'CUSTOM_FIELD_HCL_CODE_SYS_ID1', 0, 'entity', 'HclNode', 'id', '', '', '', '', '', 0, 32, 32, NULL, NULL, '', '', 'system', systimestamp, '71', 0, 'entity.commitItem.custHcl1', '', '', '', '', '', '');
INSERT INTO CNT_FIELD_DEFINITION
 (ID, REVISION, PARENT_ID, FIELD_ID, COLUMN_NAME, COLUMN_TYPE, REPORT_COLUMN_NAME, PRODUCT_FIELD, FIELD_TYPE, ENTITY_LOOKUP, ENTITY_LOOKUP_KEY, ORDER_BY, GENERATOR, REFER_TABLE, KEY_COLUMN, LOOKUP_COLUMN, MANDATORY, MIN_LENGTH, MAX_LENGTH, MIN_VALUE, MAX_VALUE, CONSTANT_VALUE, UNIQUE_KEY, CREATE_USER, CREATED_ON, LINE_NO, MANAGED, FIELD_PATH, DATA_TYPE, DATA1, DATA2, TRANSITIVE_FIELDS, FORMULA, ENTITY_LOOKUP_TYPE)
VALUES ('97dbfbfa6b8c475d81ab52657747facd', 0, '1b118b42499d4487848daed4b837009e', 'custHcl2', 'CUST_HCL2_ID', 'CHAR(32)', 'CUSTOM_FIELD_HCL_CODE_SYS_ID2', 0, 'entity', 'HclNode', 'id', '', '', '', '', '', 0, 32, 32, NULL, NULL, '', '', 'system', systimestamp, '72', 0, 'entity.commitItem.custHcl2', '', '', '', '', '', '');
INSERT INTO CNT_FIELD_DEFINITION
 (ID, REVISION, PARENT_ID, FIELD_ID, COLUMN_NAME, COLUMN_TYPE, REPORT_COLUMN_NAME, PRODUCT_FIELD, FIELD_TYPE, ENTITY_LOOKUP, ENTITY_LOOKUP_KEY, ORDER_BY, GENERATOR, REFER_TABLE, KEY_COLUMN, LOOKUP_COLUMN, MANDATORY, MIN_LENGTH, MAX_LENGTH, MIN_VALUE, MAX_VALUE, CONSTANT_VALUE, UNIQUE_KEY, CREATE_USER, CREATED_ON, LINE_NO, MANAGED, FIELD_PATH, DATA_TYPE, DATA1, DATA2, TRANSITIVE_FIELDS, FORMULA, ENTITY_LOOKUP_TYPE)
VALUES ('55ea47da104041fe8326f8eb4a3996da', 0, '1b118b42499d4487848daed4b837009e', 'custHcl3', 'CUST_HCL3_ID', 'CHAR(32)', 'CUSTOM_FIELD_HCL_CODE_SYS_ID3', 0, 'entity', 'HclNode', 'id', '', '', '', '', '', 0, 32, 32, NULL, NULL, '', '', 'system', systimestamp, '73', 0, 'entity.commitItem.custHcl3', '', '', '', '', '', '');
INSERT INTO CNT_FIELD_DEFINITION
 (ID, REVISION, PARENT_ID, FIELD_ID, COLUMN_NAME, COLUMN_TYPE, REPORT_COLUMN_NAME, PRODUCT_FIELD, FIELD_TYPE, ENTITY_LOOKUP, ENTITY_LOOKUP_KEY, ORDER_BY, GENERATOR, REFER_TABLE, KEY_COLUMN, LOOKUP_COLUMN, MANDATORY, MIN_LENGTH, MAX_LENGTH, MIN_VALUE, MAX_VALUE, CONSTANT_VALUE, UNIQUE_KEY, CREATE_USER, CREATED_ON, LINE_NO, MANAGED, FIELD_PATH, DATA_TYPE, DATA1, DATA2, TRANSITIVE_FIELDS, FORMULA, ENTITY_LOOKUP_TYPE)
VALUES ('81ce7cdd93774d3bac9b79dbc50c9724', 0, '1b118b42499d4487848daed4b837009e', 'custHcl4', 'CUST_HCL4_ID', 'CHAR(32)', 'CUSTOM_FIELD_HCL_CODE_SYS_ID4', 0, 'entity', 'HclNode', 'id', '', '', '', '', '', 0, 32, 32, NULL, NULL, '', '', 'system', systimestamp, '74', 0, 'entity.commitItem.custHcl4', '', '', '', '', '', '');
INSERT INTO CNT_FIELD_DEFINITION
 (ID, REVISION, PARENT_ID, FIELD_ID, COLUMN_NAME, COLUMN_TYPE, REPORT_COLUMN_NAME, PRODUCT_FIELD, FIELD_TYPE, ENTITY_LOOKUP, ENTITY_LOOKUP_KEY, ORDER_BY, GENERATOR, REFER_TABLE, KEY_COLUMN, LOOKUP_COLUMN, MANDATORY, MIN_LENGTH, MAX_LENGTH, MIN_VALUE, MAX_VALUE, CONSTANT_VALUE, UNIQUE_KEY, CREATE_USER, CREATED_ON, LINE_NO, MANAGED, FIELD_PATH, DATA_TYPE, DATA1, DATA2, TRANSITIVE_FIELDS, FORMULA, ENTITY_LOOKUP_TYPE)
VALUES ('0de6058881a4438fb091e4d03efd7c75', 0, '1b118b42499d4487848daed4b837009e', 'custHcl5', 'CUST_HCL5_ID', 'CHAR(32)', 'CUSTOM_FIELD_HCL_CODE_SYS_ID5', 0, 'entity', 'HclNode', 'id', '', '', '', '', '', 0, 32, 32, NULL, NULL, '', '', 'system', systimestamp, '75', 0, 'entity.commitItem.custHcl5', '', '', '', '', '', '');
INSERT INTO CNT_FIELD_DEFINITION
 (ID, REVISION, PARENT_ID, FIELD_ID, COLUMN_NAME, COLUMN_TYPE, REPORT_COLUMN_NAME, PRODUCT_FIELD, FIELD_TYPE, ENTITY_LOOKUP, ENTITY_LOOKUP_KEY, ORDER_BY, GENERATOR, REFER_TABLE, KEY_COLUMN, LOOKUP_COLUMN, MANDATORY, MIN_LENGTH, MAX_LENGTH, MIN_VALUE, MAX_VALUE, CONSTANT_VALUE, UNIQUE_KEY, CREATE_USER, CREATED_ON, LINE_NO, MANAGED, FIELD_PATH, DATA_TYPE, DATA1, DATA2, TRANSITIVE_FIELDS, FORMULA, ENTITY_LOOKUP_TYPE)
VALUES ('01fff05931524a64ab322b4a7a4dfceb', 0, '1b118b42499d4487848daed4b837009e', 'itemImageRef', 'ITEM_IMAGE_REF', 'NVARCHAR2(1000)', 'N/A', 1, 'string-l', '', '', '', '', '', '', '', 0, NULL, 1000, NULL, NULL, '', '', 'system', systimestamp, '76', 0, 'entity.commitItem.itemImageRef', '', '', '', '', '', '');
INSERT INTO CNT_FIELD_DEFINITION
 (ID, REVISION, PARENT_ID, FIELD_ID, COLUMN_NAME, COLUMN_TYPE, REPORT_COLUMN_NAME, PRODUCT_FIELD, FIELD_TYPE, ENTITY_LOOKUP, ENTITY_LOOKUP_KEY, ORDER_BY, GENERATOR, REFER_TABLE, KEY_COLUMN, LOOKUP_COLUMN, MANDATORY, MIN_LENGTH, MAX_LENGTH, MIN_VALUE, MAX_VALUE, CONSTANT_VALUE, UNIQUE_KEY, CREATE_USER, CREATED_ON, LINE_NO, MANAGED, FIELD_PATH, DATA_TYPE, DATA1, DATA2, TRANSITIVE_FIELDS, FORMULA, ENTITY_LOOKUP_TYPE)
VALUES ('80256bc23c7040aa9fe604f13e7ea298', 0, '1b118b42499d4487848daed4b837009e', 'itemImageVer', 'ITEM_IMAGE_VER', 'NUMBER(20, 0)', 'N/A', 1, 'integer', '', '', '', '', '', '', '', 0, NULL, 18, NULL, NULL, '', '', 'system', systimestamp, '77', 0, 'entity.commitItem.itemImageVer', '', '', '', '', '', '');
INSERT INTO CNT_FIELD_DEFINITION
 (ID, REVISION, PARENT_ID, FIELD_ID, COLUMN_NAME, COLUMN_TYPE, REPORT_COLUMN_NAME, PRODUCT_FIELD, FIELD_TYPE, ENTITY_LOOKUP, ENTITY_LOOKUP_KEY, ORDER_BY, GENERATOR, REFER_TABLE, KEY_COLUMN, LOOKUP_COLUMN, MANDATORY, MIN_LENGTH, MAX_LENGTH, MIN_VALUE, MAX_VALUE, CONSTANT_VALUE, UNIQUE_KEY, CREATE_USER, CREATED_ON, LINE_NO, MANAGED, FIELD_PATH, DATA_TYPE, DATA1, DATA2, TRANSITIVE_FIELDS, FORMULA, ENTITY_LOOKUP_TYPE)
VALUES ('32e6803cc099487096ea0912916b795d', 0, '1b118b42499d4487848daed4b837009e', 'itemImageRef2', 'ITEM_IMAGE_REF2', 'NVARCHAR2(1000)', 'N/A', 1, 'string-l', '', '', '', '', '', '', '', 0, NULL, 1000, NULL, NULL, '', '', 'system', systimestamp, '78', 0, 'entity.commitItem.itemImageRef2', '', '', '', '', '', '');
INSERT INTO CNT_FIELD_DEFINITION
 (ID, REVISION, PARENT_ID, FIELD_ID, COLUMN_NAME, COLUMN_TYPE, REPORT_COLUMN_NAME, PRODUCT_FIELD, FIELD_TYPE, ENTITY_LOOKUP, ENTITY_LOOKUP_KEY, ORDER_BY, GENERATOR, REFER_TABLE, KEY_COLUMN, LOOKUP_COLUMN, MANDATORY, MIN_LENGTH, MAX_LENGTH, MIN_VALUE, MAX_VALUE, CONSTANT_VALUE, UNIQUE_KEY, CREATE_USER, CREATED_ON, LINE_NO, MANAGED, FIELD_PATH, DATA_TYPE, DATA1, DATA2, TRANSITIVE_FIELDS, FORMULA, ENTITY_LOOKUP_TYPE)
VALUES ('67c088bdfc7540e2b9520190d50e82ef', 0, '1b118b42499d4487848daed4b837009e', 'custCodelist1Name', 'CUST_CODELIST1_NAME', 'NVARCHAR2(400)', 'N/A', 0, 'string-m', '', '', '', '', '', '', '', 0, NULL, 400, NULL, NULL, '', '', 'system', systimestamp, '79', 0, 'entity.commitItem.custCodelist1Name', '', '', '', '', '', '');
INSERT INTO CNT_FIELD_DEFINITION
 (ID, REVISION, PARENT_ID, FIELD_ID, COLUMN_NAME, COLUMN_TYPE, REPORT_COLUMN_NAME, PRODUCT_FIELD, FIELD_TYPE, ENTITY_LOOKUP, ENTITY_LOOKUP_KEY, ORDER_BY, GENERATOR, REFER_TABLE, KEY_COLUMN, LOOKUP_COLUMN, MANDATORY, MIN_LENGTH, MAX_LENGTH, MIN_VALUE, MAX_VALUE, CONSTANT_VALUE, UNIQUE_KEY, CREATE_USER, CREATED_ON, LINE_NO, MANAGED, FIELD_PATH, DATA_TYPE, DATA1, DATA2, TRANSITIVE_FIELDS, FORMULA, ENTITY_LOOKUP_TYPE)
VALUES ('c78f51a1ce664fd4831796826e44dc1a', 0, '1b118b42499d4487848daed4b837009e', 'custCodelist2Name', 'CUST_CODELIST2_NAME', 'NVARCHAR2(400)', 'N/A', 0, 'string-m', '', '', '', '', '', '', '', 0, NULL, 400, NULL, NULL, '', '', 'system', systimestamp, '80', 0, 'entity.commitItem.custCodelist2Name', '', '', '', '', '', '');
INSERT INTO CNT_FIELD_DEFINITION
 (ID, REVISION, PARENT_ID, FIELD_ID, COLUMN_NAME, COLUMN_TYPE, REPORT_COLUMN_NAME, PRODUCT_FIELD, FIELD_TYPE, ENTITY_LOOKUP, ENTITY_LOOKUP_KEY, ORDER_BY, GENERATOR, REFER_TABLE, KEY_COLUMN, LOOKUP_COLUMN, MANDATORY, MIN_LENGTH, MAX_LENGTH, MIN_VALUE, MAX_VALUE, CONSTANT_VALUE, UNIQUE_KEY, CREATE_USER, CREATED_ON, LINE_NO, MANAGED, FIELD_PATH, DATA_TYPE, DATA1, DATA2, TRANSITIVE_FIELDS, FORMULA, ENTITY_LOOKUP_TYPE)
VALUES ('e316e5c026fb44f0a8385f2f095f23d9', 0, '1b118b42499d4487848daed4b837009e', 'custCodelist3Name', 'CUST_CODELIST3_NAME', 'NVARCHAR2(400)', 'N/A', 0, 'string-m', '', '', '', '', '', '', '', 0, NULL, 400, NULL, NULL, '', '', 'system', systimestamp, '81', 0, 'entity.commitItem.custCodelist3Name', '', '', '', '', '', '');
INSERT INTO CNT_FIELD_DEFINITION
 (ID, REVISION, PARENT_ID, FIELD_ID, COLUMN_NAME, COLUMN_TYPE, REPORT_COLUMN_NAME, PRODUCT_FIELD, FIELD_TYPE, ENTITY_LOOKUP, ENTITY_LOOKUP_KEY, ORDER_BY, GENERATOR, REFER_TABLE, KEY_COLUMN, LOOKUP_COLUMN, MANDATORY, MIN_LENGTH, MAX_LENGTH, MIN_VALUE, MAX_VALUE, CONSTANT_VALUE, UNIQUE_KEY, CREATE_USER, CREATED_ON, LINE_NO, MANAGED, FIELD_PATH, DATA_TYPE, DATA1, DATA2, TRANSITIVE_FIELDS, FORMULA, ENTITY_LOOKUP_TYPE)
VALUES ('e7f1ba4142db4974931e6e65a1b8b0b1', 0, '1b118b42499d4487848daed4b837009e', 'custCodelist4Name', 'CUST_CODELIST4_NAME', 'NVARCHAR2(400)', 'N/A', 0, 'string-m', '', '', '', '', '', '', '', 0, NULL, 400, NULL, NULL, '', '', 'system', systimestamp, '82', 0, 'entity.commitItem.custCodelist4Name', '', '', '', '', '', '');
INSERT INTO CNT_FIELD_DEFINITION
 (ID, REVISION, PARENT_ID, FIELD_ID, COLUMN_NAME, COLUMN_TYPE, REPORT_COLUMN_NAME, PRODUCT_FIELD, FIELD_TYPE, ENTITY_LOOKUP, ENTITY_LOOKUP_KEY, ORDER_BY, GENERATOR, REFER_TABLE, KEY_COLUMN, LOOKUP_COLUMN, MANDATORY, MIN_LENGTH, MAX_LENGTH, MIN_VALUE, MAX_VALUE, CONSTANT_VALUE, UNIQUE_KEY, CREATE_USER, CREATED_ON, LINE_NO, MANAGED, FIELD_PATH, DATA_TYPE, DATA1, DATA2, TRANSITIVE_FIELDS, FORMULA, ENTITY_LOOKUP_TYPE)
VALUES ('cf20a73a1a714864a5d9f2c605fda72f', 0, '1b118b42499d4487848daed4b837009e', 'custCodelist5Name', 'CUST_CODELIST5_NAME', 'NVARCHAR2(400)', 'N/A', 0, 'string-m', '', '', '', '', '', '', '', 0, NULL, 400, NULL, NULL, '', '', 'system', systimestamp, '83', 0, 'entity.commitItem.custCodelist5Name', '', '', '', '', '', '');
INSERT INTO CNT_FIELD_DEFINITION
 (ID, REVISION, PARENT_ID, FIELD_ID, COLUMN_NAME, COLUMN_TYPE, REPORT_COLUMN_NAME, PRODUCT_FIELD, FIELD_TYPE, ENTITY_LOOKUP, ENTITY_LOOKUP_KEY, ORDER_BY, GENERATOR, REFER_TABLE, KEY_COLUMN, LOOKUP_COLUMN, MANDATORY, MIN_LENGTH, MAX_LENGTH, MIN_VALUE, MAX_VALUE, CONSTANT_VALUE, UNIQUE_KEY, CREATE_USER, CREATED_ON, LINE_NO, MANAGED, FIELD_PATH, DATA_TYPE, DATA1, DATA2, TRANSITIVE_FIELDS, FORMULA, ENTITY_LOOKUP_TYPE)
VALUES ('5f0f1a48a67d423292b69045da1c6db3', 0, '1b118b42499d4487848daed4b837009e', 'custCodelist6Name', 'CUST_CODELIST6_NAME', 'NVARCHAR2(400)', 'N/A', 0, 'string-m', '', '', '', '', '', '', '', 0, NULL, 400, NULL, NULL, '', '', 'system', systimestamp, '84', 0, 'entity.commitItem.custCodelist6Name', '', '', '', '', '', '');
INSERT INTO CNT_FIELD_DEFINITION
 (ID, REVISION, PARENT_ID, FIELD_ID, COLUMN_NAME, COLUMN_TYPE, REPORT_COLUMN_NAME, PRODUCT_FIELD, FIELD_TYPE, ENTITY_LOOKUP, ENTITY_LOOKUP_KEY, ORDER_BY, GENERATOR, REFER_TABLE, KEY_COLUMN, LOOKUP_COLUMN, MANDATORY, MIN_LENGTH, MAX_LENGTH, MIN_VALUE, MAX_VALUE, CONSTANT_VALUE, UNIQUE_KEY, CREATE_USER, CREATED_ON, LINE_NO, MANAGED, FIELD_PATH, DATA_TYPE, DATA1, DATA2, TRANSITIVE_FIELDS, FORMULA, ENTITY_LOOKUP_TYPE)
VALUES ('0dade4a153c14a4db5ce8cae3af36d13', 0, '1b118b42499d4487848daed4b837009e', 'custCodelist7Name', 'CUST_CODELIST7_NAME', 'NVARCHAR2(400)', 'N/A', 0, 'string-m', '', '', '', '', '', '', '', 0, NULL, 400, NULL, NULL, '', '', 'system', systimestamp, '85', 0, 'entity.commitItem.custCodelist7Name', '', '', '', '', '', '');
INSERT INTO CNT_FIELD_DEFINITION
 (ID, REVISION, PARENT_ID, FIELD_ID, COLUMN_NAME, COLUMN_TYPE, REPORT_COLUMN_NAME, PRODUCT_FIELD, FIELD_TYPE, ENTITY_LOOKUP, ENTITY_LOOKUP_KEY, ORDER_BY, GENERATOR, REFER_TABLE, KEY_COLUMN, LOOKUP_COLUMN, MANDATORY, MIN_LENGTH, MAX_LENGTH, MIN_VALUE, MAX_VALUE, CONSTANT_VALUE, UNIQUE_KEY, CREATE_USER, CREATED_ON, LINE_NO, MANAGED, FIELD_PATH, DATA_TYPE, DATA1, DATA2, TRANSITIVE_FIELDS, FORMULA, ENTITY_LOOKUP_TYPE)
VALUES ('5dae06d3cc194925845257d3104d6dc6', 0, '1b118b42499d4487848daed4b837009e', 'custHcl1Ref', 'CUST_HCL1_REF', 'NVARCHAR2(1000)', 'N/A', 0, 'string-l', '', '', '', '', '', '', '', 0, NULL, 1000, NULL, NULL, '', '', 'system', systimestamp, '86', 0, 'entity.commitItem.custHcl1Ref', '', '', '', '', '', '');
INSERT INTO CNT_FIELD_DEFINITION
 (ID, REVISION, PARENT_ID, FIELD_ID, COLUMN_NAME, COLUMN_TYPE, REPORT_COLUMN_NAME, PRODUCT_FIELD, FIELD_TYPE, ENTITY_LOOKUP, ENTITY_LOOKUP_KEY, ORDER_BY, GENERATOR, REFER_TABLE, KEY_COLUMN, LOOKUP_COLUMN, MANDATORY, MIN_LENGTH, MAX_LENGTH, MIN_VALUE, MAX_VALUE, CONSTANT_VALUE, UNIQUE_KEY, CREATE_USER, CREATED_ON, LINE_NO, MANAGED, FIELD_PATH, DATA_TYPE, DATA1, DATA2, TRANSITIVE_FIELDS, FORMULA, ENTITY_LOOKUP_TYPE)
VALUES ('2101403f0e8947f38cc70b9d518b524d', 0, '1b118b42499d4487848daed4b837009e', 'custHcl1Ver', 'CUST_HCL1_VER', 'NUMBER(20, 0)', 'N/A', 0, 'integer', '', '', '', '', '', '', '', 0, NULL, 18, NULL, NULL, '', '', 'system', systimestamp, '87', 0, 'entity.commitItem.custHcl1Ver', '', '', '', '', '', '');
INSERT INTO CNT_FIELD_DEFINITION
 (ID, REVISION, PARENT_ID, FIELD_ID, COLUMN_NAME, COLUMN_TYPE, REPORT_COLUMN_NAME, PRODUCT_FIELD, FIELD_TYPE, ENTITY_LOOKUP, ENTITY_LOOKUP_KEY, ORDER_BY, GENERATOR, REFER_TABLE, KEY_COLUMN, LOOKUP_COLUMN, MANDATORY, MIN_LENGTH, MAX_LENGTH, MIN_VALUE, MAX_VALUE, CONSTANT_VALUE, UNIQUE_KEY, CREATE_USER, CREATED_ON, LINE_NO, MANAGED, FIELD_PATH, DATA_TYPE, DATA1, DATA2, TRANSITIVE_FIELDS, FORMULA, ENTITY_LOOKUP_TYPE)
VALUES ('ed3fed4a71a044388223b30b114a7d71', 0, '1b118b42499d4487848daed4b837009e', 'custHcl1Ref2', 'CUST_HCL1_REF2', 'NVARCHAR2(1000)', 'N/A', 0, 'string-l', '', '', '', '', '', '', '', 0, NULL, 1000, NULL, NULL, '', '', 'system', systimestamp, '88', 0, 'entity.commitItem.custHcl1Ref2', '', '', '', '', '', '');
INSERT INTO CNT_FIELD_DEFINITION
 (ID, REVISION, PARENT_ID, FIELD_ID, COLUMN_NAME, COLUMN_TYPE, REPORT_COLUMN_NAME, PRODUCT_FIELD, FIELD_TYPE, ENTITY_LOOKUP, ENTITY_LOOKUP_KEY, ORDER_BY, GENERATOR, REFER_TABLE, KEY_COLUMN, LOOKUP_COLUMN, MANDATORY, MIN_LENGTH, MAX_LENGTH, MIN_VALUE, MAX_VALUE, CONSTANT_VALUE, UNIQUE_KEY, CREATE_USER, CREATED_ON, LINE_NO, MANAGED, FIELD_PATH, DATA_TYPE, DATA1, DATA2, TRANSITIVE_FIELDS, FORMULA, ENTITY_LOOKUP_TYPE)
VALUES ('236313cd53cf47c5a5f389a221f55532', 0, '1b118b42499d4487848daed4b837009e', 'custHcl1FullLineage', 'CUST_HCL1_FULL_LINEAGE', 'NVARCHAR2(1000)', 'N/A', 0, 'string-l', '', '', '', '', '', '', '', 0, NULL, 1000, NULL, NULL, '', '', 'system', systimestamp, '89', 0, 'entity.commitItem.custHcl1FullLineage', '', '', '', '', '', '');
INSERT INTO CNT_FIELD_DEFINITION
 (ID, REVISION, PARENT_ID, FIELD_ID, COLUMN_NAME, COLUMN_TYPE, REPORT_COLUMN_NAME, PRODUCT_FIELD, FIELD_TYPE, ENTITY_LOOKUP, ENTITY_LOOKUP_KEY, ORDER_BY, GENERATOR, REFER_TABLE, KEY_COLUMN, LOOKUP_COLUMN, MANDATORY, MIN_LENGTH, MAX_LENGTH, MIN_VALUE, MAX_VALUE, CONSTANT_VALUE, UNIQUE_KEY, CREATE_USER, CREATED_ON, LINE_NO, MANAGED, FIELD_PATH, DATA_TYPE, DATA1, DATA2, TRANSITIVE_FIELDS, FORMULA, ENTITY_LOOKUP_TYPE)
VALUES ('692f431ca2144fdc9ab110596e6a7b7d', 0, '1b118b42499d4487848daed4b837009e', 'custHcl2Ref', 'CUST_HCL2_REF', 'NVARCHAR2(1000)', 'N/A', 0, 'string-l', '', '', '', '', '', '', '', 0, NULL, 1000, NULL, NULL, '', '', 'system', systimestamp, '90', 0, 'entity.commitItem.custHcl2Ref', '', '', '', '', '', '');
INSERT INTO CNT_FIELD_DEFINITION
 (ID, REVISION, PARENT_ID, FIELD_ID, COLUMN_NAME, COLUMN_TYPE, REPORT_COLUMN_NAME, PRODUCT_FIELD, FIELD_TYPE, ENTITY_LOOKUP, ENTITY_LOOKUP_KEY, ORDER_BY, GENERATOR, REFER_TABLE, KEY_COLUMN, LOOKUP_COLUMN, MANDATORY, MIN_LENGTH, MAX_LENGTH, MIN_VALUE, MAX_VALUE, CONSTANT_VALUE, UNIQUE_KEY, CREATE_USER, CREATED_ON, LINE_NO, MANAGED, FIELD_PATH, DATA_TYPE, DATA1, DATA2, TRANSITIVE_FIELDS, FORMULA, ENTITY_LOOKUP_TYPE)
VALUES ('01229bc169264ffcb9a100526e6ec34a', 0, '1b118b42499d4487848daed4b837009e', 'custHcl2Ver', 'CUST_HCL2_VER', 'NUMBER(20, 0)', 'N/A', 0, 'integer', '', '', '', '', '', '', '', 0, NULL, 18, NULL, NULL, '', '', 'system', systimestamp, '91', 0, 'entity.commitItem.custHcl2Ver', '', '', '', '', '', '');
INSERT INTO CNT_FIELD_DEFINITION
 (ID, REVISION, PARENT_ID, FIELD_ID, COLUMN_NAME, COLUMN_TYPE, REPORT_COLUMN_NAME, PRODUCT_FIELD, FIELD_TYPE, ENTITY_LOOKUP, ENTITY_LOOKUP_KEY, ORDER_BY, GENERATOR, REFER_TABLE, KEY_COLUMN, LOOKUP_COLUMN, MANDATORY, MIN_LENGTH, MAX_LENGTH, MIN_VALUE, MAX_VALUE, CONSTANT_VALUE, UNIQUE_KEY, CREATE_USER, CREATED_ON, LINE_NO, MANAGED, FIELD_PATH, DATA_TYPE, DATA1, DATA2, TRANSITIVE_FIELDS, FORMULA, ENTITY_LOOKUP_TYPE)
VALUES ('898eb14d176b4d4ea9b9e5b1378b2403', 0, '1b118b42499d4487848daed4b837009e', 'custHcl2Ref2', 'CUST_HCL2_REF2', 'NVARCHAR2(1000)', 'N/A', 0, 'string-l', '', '', '', '', '', '', '', 0, NULL, 1000, NULL, NULL, '', '', 'system', systimestamp, '92', 0, 'entity.commitItem.custHcl2Ref2', '', '', '', '', '', '');
INSERT INTO CNT_FIELD_DEFINITION
 (ID, REVISION, PARENT_ID, FIELD_ID, COLUMN_NAME, COLUMN_TYPE, REPORT_COLUMN_NAME, PRODUCT_FIELD, FIELD_TYPE, ENTITY_LOOKUP, ENTITY_LOOKUP_KEY, ORDER_BY, GENERATOR, REFER_TABLE, KEY_COLUMN, LOOKUP_COLUMN, MANDATORY, MIN_LENGTH, MAX_LENGTH, MIN_VALUE, MAX_VALUE, CONSTANT_VALUE, UNIQUE_KEY, CREATE_USER, CREATED_ON, LINE_NO, MANAGED, FIELD_PATH, DATA_TYPE, DATA1, DATA2, TRANSITIVE_FIELDS, FORMULA, ENTITY_LOOKUP_TYPE)
VALUES ('82e3722865444840b8f8b00e0a627432', 0, '1b118b42499d4487848daed4b837009e', 'custHcl2FullLineage', 'CUST_HCL2_FULL_LINEAGE', 'NVARCHAR2(1000)', 'N/A', 0, 'string-l', '', '', '', '', '', '', '', 0, NULL, 1000, NULL, NULL, '', '', 'system', systimestamp, '93', 0, 'entity.commitItem.custHcl2FullLineage', '', '', '', '', '', '');
INSERT INTO CNT_FIELD_DEFINITION
 (ID, REVISION, PARENT_ID, FIELD_ID, COLUMN_NAME, COLUMN_TYPE, REPORT_COLUMN_NAME, PRODUCT_FIELD, FIELD_TYPE, ENTITY_LOOKUP, ENTITY_LOOKUP_KEY, ORDER_BY, GENERATOR, REFER_TABLE, KEY_COLUMN, LOOKUP_COLUMN, MANDATORY, MIN_LENGTH, MAX_LENGTH, MIN_VALUE, MAX_VALUE, CONSTANT_VALUE, UNIQUE_KEY, CREATE_USER, CREATED_ON, LINE_NO, MANAGED, FIELD_PATH, DATA_TYPE, DATA1, DATA2, TRANSITIVE_FIELDS, FORMULA, ENTITY_LOOKUP_TYPE)
VALUES ('1e0e3c42986941b6a5f0ed2b3f284cba', 0, '1b118b42499d4487848daed4b837009e', 'custHcl3Ref', 'CUST_HCL3_REF', 'NVARCHAR2(1000)', 'N/A', 0, 'string-l', '', '', '', '', '', '', '', 0, NULL, 1000, NULL, NULL, '', '', 'system', systimestamp, '94', 0, 'entity.commitItem.custHcl3Ref', '', '', '', '', '', '');
INSERT INTO CNT_FIELD_DEFINITION
 (ID, REVISION, PARENT_ID, FIELD_ID, COLUMN_NAME, COLUMN_TYPE, REPORT_COLUMN_NAME, PRODUCT_FIELD, FIELD_TYPE, ENTITY_LOOKUP, ENTITY_LOOKUP_KEY, ORDER_BY, GENERATOR, REFER_TABLE, KEY_COLUMN, LOOKUP_COLUMN, MANDATORY, MIN_LENGTH, MAX_LENGTH, MIN_VALUE, MAX_VALUE, CONSTANT_VALUE, UNIQUE_KEY, CREATE_USER, CREATED_ON, LINE_NO, MANAGED, FIELD_PATH, DATA_TYPE, DATA1, DATA2, TRANSITIVE_FIELDS, FORMULA, ENTITY_LOOKUP_TYPE)
VALUES ('3c519e1a7a9d46b88ecaaf903d5e50bc', 0, '1b118b42499d4487848daed4b837009e', 'custHcl3Ver', 'CUST_HCL3_VER', 'NUMBER(20, 0)', 'N/A', 0, 'integer', '', '', '', '', '', '', '', 0, NULL, 18, NULL, NULL, '', '', 'system', systimestamp, '95', 0, 'entity.commitItem.custHcl3Ver', '', '', '', '', '', '');
INSERT INTO CNT_FIELD_DEFINITION
 (ID, REVISION, PARENT_ID, FIELD_ID, COLUMN_NAME, COLUMN_TYPE, REPORT_COLUMN_NAME, PRODUCT_FIELD, FIELD_TYPE, ENTITY_LOOKUP, ENTITY_LOOKUP_KEY, ORDER_BY, GENERATOR, REFER_TABLE, KEY_COLUMN, LOOKUP_COLUMN, MANDATORY, MIN_LENGTH, MAX_LENGTH, MIN_VALUE, MAX_VALUE, CONSTANT_VALUE, UNIQUE_KEY, CREATE_USER, CREATED_ON, LINE_NO, MANAGED, FIELD_PATH, DATA_TYPE, DATA1, DATA2, TRANSITIVE_FIELDS, FORMULA, ENTITY_LOOKUP_TYPE)
VALUES ('5209c374177a4fe9a0168ebf1dcfb17f', 0, '1b118b42499d4487848daed4b837009e', 'custHcl3Ref2', 'CUST_HCL3_REF2', 'NVARCHAR2(1000)', 'N/A', 0, 'string-l', '', '', '', '', '', '', '', 0, NULL, 1000, NULL, NULL, '', '', 'system', systimestamp, '96', 0, 'entity.commitItem.custHcl3Ref2', '', '', '', '', '', '');
INSERT INTO CNT_FIELD_DEFINITION
 (ID, REVISION, PARENT_ID, FIELD_ID, COLUMN_NAME, COLUMN_TYPE, REPORT_COLUMN_NAME, PRODUCT_FIELD, FIELD_TYPE, ENTITY_LOOKUP, ENTITY_LOOKUP_KEY, ORDER_BY, GENERATOR, REFER_TABLE, KEY_COLUMN, LOOKUP_COLUMN, MANDATORY, MIN_LENGTH, MAX_LENGTH, MIN_VALUE, MAX_VALUE, CONSTANT_VALUE, UNIQUE_KEY, CREATE_USER, CREATED_ON, LINE_NO, MANAGED, FIELD_PATH, DATA_TYPE, DATA1, DATA2, TRANSITIVE_FIELDS, FORMULA, ENTITY_LOOKUP_TYPE)
VALUES ('5bbfe8457dbf48e3903adc5526493ac1', 0, '1b118b42499d4487848daed4b837009e', 'custHcl3FullLineage', 'CUST_HCL3_FULL_LINEAGE', 'NVARCHAR2(1000)', 'N/A', 0, 'string-l', '', '', '', '', '', '', '', 0, NULL, 1000, NULL, NULL, '', '', 'system', systimestamp, '97', 0, 'entity.commitItem.custHcl3FullLineage', '', '', '', '', '', '');
INSERT INTO CNT_FIELD_DEFINITION
 (ID, REVISION, PARENT_ID, FIELD_ID, COLUMN_NAME, COLUMN_TYPE, REPORT_COLUMN_NAME, PRODUCT_FIELD, FIELD_TYPE, ENTITY_LOOKUP, ENTITY_LOOKUP_KEY, ORDER_BY, GENERATOR, REFER_TABLE, KEY_COLUMN, LOOKUP_COLUMN, MANDATORY, MIN_LENGTH, MAX_LENGTH, MIN_VALUE, MAX_VALUE, CONSTANT_VALUE, UNIQUE_KEY, CREATE_USER, CREATED_ON, LINE_NO, MANAGED, FIELD_PATH, DATA_TYPE, DATA1, DATA2, TRANSITIVE_FIELDS, FORMULA, ENTITY_LOOKUP_TYPE)
VALUES ('1b6ce317dd634164b8e2459956fc2b0f', 0, '1b118b42499d4487848daed4b837009e', 'custHcl4Ref', 'CUST_HCL4_REF', 'NVARCHAR2(1000)', 'N/A', 0, 'string-l', '', '', '', '', '', '', '', 0, NULL, 1000, NULL, NULL, '', '', 'system', systimestamp, '98', 0, 'entity.commitItem.custHcl4Ref', '', '', '', '', '', '');
INSERT INTO CNT_FIELD_DEFINITION
 (ID, REVISION, PARENT_ID, FIELD_ID, COLUMN_NAME, COLUMN_TYPE, REPORT_COLUMN_NAME, PRODUCT_FIELD, FIELD_TYPE, ENTITY_LOOKUP, ENTITY_LOOKUP_KEY, ORDER_BY, GENERATOR, REFER_TABLE, KEY_COLUMN, LOOKUP_COLUMN, MANDATORY, MIN_LENGTH, MAX_LENGTH, MIN_VALUE, MAX_VALUE, CONSTANT_VALUE, UNIQUE_KEY, CREATE_USER, CREATED_ON, LINE_NO, MANAGED, FIELD_PATH, DATA_TYPE, DATA1, DATA2, TRANSITIVE_FIELDS, FORMULA, ENTITY_LOOKUP_TYPE)
VALUES ('e06a1805809644a4acbdbcac1a104127', 0, '1b118b42499d4487848daed4b837009e', 'custHcl4Ver', 'CUST_HCL4_VER', 'NUMBER(20, 0)', 'N/A', 0, 'integer', '', '', '', '', '', '', '', 0, NULL, 18, NULL, NULL, '', '', 'system', systimestamp, '99', 0, 'entity.commitItem.custHcl4Ver', '', '', '', '', '', '');
INSERT INTO CNT_FIELD_DEFINITION
 (ID, REVISION, PARENT_ID, FIELD_ID, COLUMN_NAME, COLUMN_TYPE, REPORT_COLUMN_NAME, PRODUCT_FIELD, FIELD_TYPE, ENTITY_LOOKUP, ENTITY_LOOKUP_KEY, ORDER_BY, GENERATOR, REFER_TABLE, KEY_COLUMN, LOOKUP_COLUMN, MANDATORY, MIN_LENGTH, MAX_LENGTH, MIN_VALUE, MAX_VALUE, CONSTANT_VALUE, UNIQUE_KEY, CREATE_USER, CREATED_ON, LINE_NO, MANAGED, FIELD_PATH, DATA_TYPE, DATA1, DATA2, TRANSITIVE_FIELDS, FORMULA, ENTITY_LOOKUP_TYPE)
VALUES ('c6c80e7e3f1d48f2859d744b80bd86a9', 0, '1b118b42499d4487848daed4b837009e', 'custHcl4Ref2', 'CUST_HCL4_REF2', 'NVARCHAR2(1000)', 'N/A', 0, 'string-l', '', '', '', '', '', '', '', 0, NULL, 1000, NULL, NULL, '', '', 'system', systimestamp, '100', 0, 'entity.commitItem.custHcl4Ref2', '', '', '', '', '', '');
INSERT INTO CNT_FIELD_DEFINITION
 (ID, REVISION, PARENT_ID, FIELD_ID, COLUMN_NAME, COLUMN_TYPE, REPORT_COLUMN_NAME, PRODUCT_FIELD, FIELD_TYPE, ENTITY_LOOKUP, ENTITY_LOOKUP_KEY, ORDER_BY, GENERATOR, REFER_TABLE, KEY_COLUMN, LOOKUP_COLUMN, MANDATORY, MIN_LENGTH, MAX_LENGTH, MIN_VALUE, MAX_VALUE, CONSTANT_VALUE, UNIQUE_KEY, CREATE_USER, CREATED_ON, LINE_NO, MANAGED, FIELD_PATH, DATA_TYPE, DATA1, DATA2, TRANSITIVE_FIELDS, FORMULA, ENTITY_LOOKUP_TYPE)
VALUES ('29a000fccd534884a5d2a6177d1efa81', 0, '1b118b42499d4487848daed4b837009e', 'custHcl4FullLineage', 'CUST_HCL4_FULL_LINEAGE', 'NVARCHAR2(1000)', 'N/A', 0, 'string-l', '', '', '', '', '', '', '', 0, NULL, 1000, NULL, NULL, '', '', 'system', systimestamp, '101', 0, 'entity.commitItem.custHcl4FullLineage', '', '', '', '', '', '');
INSERT INTO CNT_FIELD_DEFINITION
 (ID, REVISION, PARENT_ID, FIELD_ID, COLUMN_NAME, COLUMN_TYPE, REPORT_COLUMN_NAME, PRODUCT_FIELD, FIELD_TYPE, ENTITY_LOOKUP, ENTITY_LOOKUP_KEY, ORDER_BY, GENERATOR, REFER_TABLE, KEY_COLUMN, LOOKUP_COLUMN, MANDATORY, MIN_LENGTH, MAX_LENGTH, MIN_VALUE, MAX_VALUE, CONSTANT_VALUE, UNIQUE_KEY, CREATE_USER, CREATED_ON, LINE_NO, MANAGED, FIELD_PATH, DATA_TYPE, DATA1, DATA2, TRANSITIVE_FIELDS, FORMULA, ENTITY_LOOKUP_TYPE)
VALUES ('2afceaa74d8642f5897aaeeecc0ed529', 0, '1b118b42499d4487848daed4b837009e', 'custHcl5Ref', 'CUST_HCL5_REF', 'NVARCHAR2(1000)', 'N/A', 0, 'string-l', '', '', '', '', '', '', '', 0, NULL, 1000, NULL, NULL, '', '', 'system', systimestamp, '102', 0, 'entity.commitItem.custHcl5Ref', '', '', '', '', '', '');
INSERT INTO CNT_FIELD_DEFINITION
 (ID, REVISION, PARENT_ID, FIELD_ID, COLUMN_NAME, COLUMN_TYPE, REPORT_COLUMN_NAME, PRODUCT_FIELD, FIELD_TYPE, ENTITY_LOOKUP, ENTITY_LOOKUP_KEY, ORDER_BY, GENERATOR, REFER_TABLE, KEY_COLUMN, LOOKUP_COLUMN, MANDATORY, MIN_LENGTH, MAX_LENGTH, MIN_VALUE, MAX_VALUE, CONSTANT_VALUE, UNIQUE_KEY, CREATE_USER, CREATED_ON, LINE_NO, MANAGED, FIELD_PATH, DATA_TYPE, DATA1, DATA2, TRANSITIVE_FIELDS, FORMULA, ENTITY_LOOKUP_TYPE)
VALUES ('df5c75683d7b4aad9992d1cdb293daa6', 0, '1b118b42499d4487848daed4b837009e', 'custHcl5Ver', 'CUST_HCL5_VER', 'NUMBER(20, 0)', 'N/A', 0, 'integer', '', '', '', '', '', '', '', 0, NULL, 18, NULL, NULL, '', '', 'system', systimestamp, '103', 0, 'entity.commitItem.custHcl5Ver', '', '', '', '', '', '');
INSERT INTO CNT_FIELD_DEFINITION
 (ID, REVISION, PARENT_ID, FIELD_ID, COLUMN_NAME, COLUMN_TYPE, REPORT_COLUMN_NAME, PRODUCT_FIELD, FIELD_TYPE, ENTITY_LOOKUP, ENTITY_LOOKUP_KEY, ORDER_BY, GENERATOR, REFER_TABLE, KEY_COLUMN, LOOKUP_COLUMN, MANDATORY, MIN_LENGTH, MAX_LENGTH, MIN_VALUE, MAX_VALUE, CONSTANT_VALUE, UNIQUE_KEY, CREATE_USER, CREATED_ON, LINE_NO, MANAGED, FIELD_PATH, DATA_TYPE, DATA1, DATA2, TRANSITIVE_FIELDS, FORMULA, ENTITY_LOOKUP_TYPE)
VALUES ('95ef3abd8a21471ba828f7d1c4bd2cce', 0, '1b118b42499d4487848daed4b837009e', 'custHcl5Ref2', 'CUST_HCL5_REF2', 'NVARCHAR2(1000)', 'N/A', 0, 'string-l', '', '', '', '', '', '', '', 0, NULL, 1000, NULL, NULL, '', '', 'system', systimestamp, '104', 0, 'entity.commitItem.custHcl5Ref2', '', '', '', '', '', '');
INSERT INTO CNT_FIELD_DEFINITION
 (ID, REVISION, PARENT_ID, FIELD_ID, COLUMN_NAME, COLUMN_TYPE, REPORT_COLUMN_NAME, PRODUCT_FIELD, FIELD_TYPE, ENTITY_LOOKUP, ENTITY_LOOKUP_KEY, ORDER_BY, GENERATOR, REFER_TABLE, KEY_COLUMN, LOOKUP_COLUMN, MANDATORY, MIN_LENGTH, MAX_LENGTH, MIN_VALUE, MAX_VALUE, CONSTANT_VALUE, UNIQUE_KEY, CREATE_USER, CREATED_ON, LINE_NO, MANAGED, FIELD_PATH, DATA_TYPE, DATA1, DATA2, TRANSITIVE_FIELDS, FORMULA, ENTITY_LOOKUP_TYPE)
VALUES ('a77f1f45933d411c8577c50e84db4102', 0, '1b118b42499d4487848daed4b837009e', 'custHcl5FullLineage', 'CUST_HCL5_FULL_LINEAGE', 'NVARCHAR2(1000)', 'N/A', 0, 'string-l', '', '', '', '', '', '', '', 0, NULL, 1000, NULL, NULL, '', '', 'system', systimestamp, '105', 0, 'entity.commitItem.custHcl5FullLineage', '', '', '', '', '', '');
INSERT INTO CNT_ENTITY_DEFINITION
 (ID, REVISION, ENTITY_NAME, ENTITY_VERSION, PRODUCT_TABLE_NAME, CUSTOM_TABLE_NAME, REPORT_TABLE_NAME, MODULE, TYPE, REVISION_TRACKING, VERSION_TRACKING, HISTORY_ENTITY_NAME, REF_PATTERN, SYSTEM_ENTITY, CREATE_USER, CREATED_ON, IS_FOR_EXTERNAL)
VALUES ('996a0494bc554a33a74f319334459628', 0, 'Commit', 1, 'CNT_COMMIT', 'CTM_COMMIT', 'COMMITMENT', 'commit', 'main', 'ALL', 'ALL', 'CommitHistory', '${commitNo}', 0, 'system', systimestamp, 0);
INSERT INTO CNT_FIELD_DEFINITION
 (ID, REVISION, PARENT_ID, FIELD_ID, COLUMN_NAME, COLUMN_TYPE, REPORT_COLUMN_NAME, PRODUCT_FIELD, FIELD_TYPE, ENTITY_LOOKUP, ENTITY_LOOKUP_KEY, ORDER_BY, GENERATOR, REFER_TABLE, KEY_COLUMN, LOOKUP_COLUMN, MANDATORY, MIN_LENGTH, MAX_LENGTH, MIN_VALUE, MAX_VALUE, CONSTANT_VALUE, UNIQUE_KEY, CREATE_USER, CREATED_ON, LINE_NO, MANAGED, FIELD_PATH, DATA_TYPE, DATA1, DATA2, TRANSITIVE_FIELDS, FORMULA, ENTITY_LOOKUP_TYPE)
VALUES ('00e021d182fa4116a7333fcf260de252', 0, '996a0494bc554a33a74f319334459628', 'id', 'ID', 'CHAR(32)', '', 1, 'id', '', '', '', 'com.core.cbx.data.generator.UUIDGenerator', '', '', '', 0, 32, 32, NULL, NULL, '', '', 'system', systimestamp, '0', 0, 'entity.id', '', '', '', '', '', '');
INSERT INTO CNT_FIELD_DEFINITION
 (ID, REVISION, PARENT_ID, FIELD_ID, COLUMN_NAME, COLUMN_TYPE, REPORT_COLUMN_NAME, PRODUCT_FIELD, FIELD_TYPE, ENTITY_LOOKUP, ENTITY_LOOKUP_KEY, ORDER_BY, GENERATOR, REFER_TABLE, KEY_COLUMN, LOOKUP_COLUMN, MANDATORY, MIN_LENGTH, MAX_LENGTH, MIN_VALUE, MAX_VALUE, CONSTANT_VALUE, UNIQUE_KEY, CREATE_USER, CREATED_ON, LINE_NO, MANAGED, FIELD_PATH, DATA_TYPE, DATA1, DATA2, TRANSITIVE_FIELDS, FORMULA, ENTITY_LOOKUP_TYPE)
VALUES ('9018ad190a1940b2a45df2197b6163ee', 0, '996a0494bc554a33a74f319334459628', 'revision', 'REVISION', 'NUMBER(20, 0)', '', 1, 'integer', '', '', '', '', '', '', '', 0, NULL, 18, NULL, NULL, '', '', 'system', systimestamp, '1', 0, 'entity.revision', '', '', '', '', '', '');
INSERT INTO CNT_FIELD_DEFINITION
 (ID, REVISION, PARENT_ID, FIELD_ID, COLUMN_NAME, COLUMN_TYPE, REPORT_COLUMN_NAME, PRODUCT_FIELD, FIELD_TYPE, ENTITY_LOOKUP, ENTITY_LOOKUP_KEY, ORDER_BY, GENERATOR, REFER_TABLE, KEY_COLUMN, LOOKUP_COLUMN, MANDATORY, MIN_LENGTH, MAX_LENGTH, MIN_VALUE, MAX_VALUE, CONSTANT_VALUE, UNIQUE_KEY, CREATE_USER, CREATED_ON, LINE_NO, MANAGED, FIELD_PATH, DATA_TYPE, DATA1, DATA2, TRANSITIVE_FIELDS, FORMULA, ENTITY_LOOKUP_TYPE)
VALUES ('26fe48b612564b6ba7d1a8de3d05f8b2', 0, '996a0494bc554a33a74f319334459628', 'entityVersion', 'ENTITY_VERSION', 'NUMBER(20, 0)', '', 1, 'integer', '', '', '', '', '', '', '', 0, NULL, 18, NULL, NULL, '', '', 'system', systimestamp, '2', 0, 'entity.entityVersion', '', '', '', '', '', '');
INSERT INTO CNT_FIELD_DEFINITION
 (ID, REVISION, PARENT_ID, FIELD_ID, COLUMN_NAME, COLUMN_TYPE, REPORT_COLUMN_NAME, PRODUCT_FIELD, FIELD_TYPE, ENTITY_LOOKUP, ENTITY_LOOKUP_KEY, ORDER_BY, GENERATOR, REFER_TABLE, KEY_COLUMN, LOOKUP_COLUMN, MANDATORY, MIN_LENGTH, MAX_LENGTH, MIN_VALUE, MAX_VALUE, CONSTANT_VALUE, UNIQUE_KEY, CREATE_USER, CREATED_ON, LINE_NO, MANAGED, FIELD_PATH, DATA_TYPE, DATA1, DATA2, TRANSITIVE_FIELDS, FORMULA, ENTITY_LOOKUP_TYPE)
VALUES ('d7d05cf056ff468c82bc422e590d115e', 0, '996a0494bc554a33a74f319334459628', 'domainId', 'DOMAIN_ID', 'NVARCHAR2(400)', '', 1, 'string-m', '', '', '', '', '', '', '', 0, NULL, 400, NULL, NULL, '', '', 'system', systimestamp, '3', 0, 'entity.domainId', '', '', '', '', '', '');
INSERT INTO CNT_FIELD_DEFINITION
 (ID, REVISION, PARENT_ID, FIELD_ID, COLUMN_NAME, COLUMN_TYPE, REPORT_COLUMN_NAME, PRODUCT_FIELD, FIELD_TYPE, ENTITY_LOOKUP, ENTITY_LOOKUP_KEY, ORDER_BY, GENERATOR, REFER_TABLE, KEY_COLUMN, LOOKUP_COLUMN, MANDATORY, MIN_LENGTH, MAX_LENGTH, MIN_VALUE, MAX_VALUE, CONSTANT_VALUE, UNIQUE_KEY, CREATE_USER, CREATED_ON, LINE_NO, MANAGED, FIELD_PATH, DATA_TYPE, DATA1, DATA2, TRANSITIVE_FIELDS, FORMULA, ENTITY_LOOKUP_TYPE)
VALUES ('2d9982bee317448593307f3f3ee6663e', 0, '996a0494bc554a33a74f319334459628', 'hubDomainId', 'HUB_DOMAIN_ID', 'NVARCHAR2(400)', '', 1, 'string-m', '', '', '', '', '', '', '', 0, NULL, 400, NULL, NULL, '', '', 'system', systimestamp, '4', 0, 'entity.hubDomainId', '', '', '', '', '', '');
INSERT INTO CNT_FIELD_DEFINITION
 (ID, REVISION, PARENT_ID, FIELD_ID, COLUMN_NAME, COLUMN_TYPE, REPORT_COLUMN_NAME, PRODUCT_FIELD, FIELD_TYPE, ENTITY_LOOKUP, ENTITY_LOOKUP_KEY, ORDER_BY, GENERATOR, REFER_TABLE, KEY_COLUMN, LOOKUP_COLUMN, MANDATORY, MIN_LENGTH, MAX_LENGTH, MIN_VALUE, MAX_VALUE, CONSTANT_VALUE, UNIQUE_KEY, CREATE_USER, CREATED_ON, LINE_NO, MANAGED, FIELD_PATH, DATA_TYPE, DATA1, DATA2, TRANSITIVE_FIELDS, FORMULA, ENTITY_LOOKUP_TYPE)
VALUES ('534d0d69a36a4067b2bce48f18188fbc', 0, '996a0494bc554a33a74f319334459628', 'isForReference', 'IS_FOR_REFERENCE', 'NUMBER(1,0)', '', 1, 'boolean', '', '', '', '', '', '', '', 0, NULL, NULL, NULL, NULL, '', '', 'system', systimestamp, '5', 0, 'entity.isForReference', '', '', '', '', '', '');
INSERT INTO CNT_FIELD_DEFINITION
 (ID, REVISION, PARENT_ID, FIELD_ID, COLUMN_NAME, COLUMN_TYPE, REPORT_COLUMN_NAME, PRODUCT_FIELD, FIELD_TYPE, ENTITY_LOOKUP, ENTITY_LOOKUP_KEY, ORDER_BY, GENERATOR, REFER_TABLE, KEY_COLUMN, LOOKUP_COLUMN, MANDATORY, MIN_LENGTH, MAX_LENGTH, MIN_VALUE, MAX_VALUE, CONSTANT_VALUE, UNIQUE_KEY, CREATE_USER, CREATED_ON, LINE_NO, MANAGED, FIELD_PATH, DATA_TYPE, DATA1, DATA2, TRANSITIVE_FIELDS, FORMULA, ENTITY_LOOKUP_TYPE)
VALUES ('70a64454b12a4748bf65dd329740c8a5', 0, '996a0494bc554a33a74f319334459628', 'version', 'VERSION', 'NUMBER(20, 0)', '', 1, 'integer', '', '', '', '', '', '', '', 0, NULL, 18, NULL, NULL, '', '', 'system', systimestamp, '6', 0, 'entity.version', '', '', '', '', '', '');
INSERT INTO CNT_FIELD_DEFINITION
 (ID, REVISION, PARENT_ID, FIELD_ID, COLUMN_NAME, COLUMN_TYPE, REPORT_COLUMN_NAME, PRODUCT_FIELD, FIELD_TYPE, ENTITY_LOOKUP, ENTITY_LOOKUP_KEY, ORDER_BY, GENERATOR, REFER_TABLE, KEY_COLUMN, LOOKUP_COLUMN, MANDATORY, MIN_LENGTH, MAX_LENGTH, MIN_VALUE, MAX_VALUE, CONSTANT_VALUE, UNIQUE_KEY, CREATE_USER, CREATED_ON, LINE_NO, MANAGED, FIELD_PATH, DATA_TYPE, DATA1, DATA2, TRANSITIVE_FIELDS, FORMULA, ENTITY_LOOKUP_TYPE)
VALUES ('7d3ad47c3b1b4e2499255be11e8b2549', 0, '996a0494bc554a33a74f319334459628', 'status', 'STATUS', 'NVARCHAR2(400)', '', 1, 'string-m', '', '', '', '', '', '', '', 0, NULL, 400, NULL, NULL, '', '', 'system', systimestamp, '7', 0, 'entity.status', '', '', '', '', '', '');
INSERT INTO CNT_FIELD_DEFINITION
 (ID, REVISION, PARENT_ID, FIELD_ID, COLUMN_NAME, COLUMN_TYPE, REPORT_COLUMN_NAME, PRODUCT_FIELD, FIELD_TYPE, ENTITY_LOOKUP, ENTITY_LOOKUP_KEY, ORDER_BY, GENERATOR, REFER_TABLE, KEY_COLUMN, LOOKUP_COLUMN, MANDATORY, MIN_LENGTH, MAX_LENGTH, MIN_VALUE, MAX_VALUE, CONSTANT_VALUE, UNIQUE_KEY, CREATE_USER, CREATED_ON, LINE_NO, MANAGED, FIELD_PATH, DATA_TYPE, DATA1, DATA2, TRANSITIVE_FIELDS, FORMULA, ENTITY_LOOKUP_TYPE)
VALUES ('235b2a03d58d421fb284ba1be4aa5478', 0, '996a0494bc554a33a74f319334459628', 'docStatus', 'DOC_STATUS', 'NVARCHAR2(400)', '', 1, 'string-m', '', '', '', '', '', '', '', 0, NULL, 400, NULL, NULL, '', '', 'system', systimestamp, '8', 0, 'entity.docStatus', '', '', '', '', '', '');
INSERT INTO CNT_FIELD_DEFINITION
 (ID, REVISION, PARENT_ID, FIELD_ID, COLUMN_NAME, COLUMN_TYPE, REPORT_COLUMN_NAME, PRODUCT_FIELD, FIELD_TYPE, ENTITY_LOOKUP, ENTITY_LOOKUP_KEY, ORDER_BY, GENERATOR, REFER_TABLE, KEY_COLUMN, LOOKUP_COLUMN, MANDATORY, MIN_LENGTH, MAX_LENGTH, MIN_VALUE, MAX_VALUE, CONSTANT_VALUE, UNIQUE_KEY, CREATE_USER, CREATED_ON, LINE_NO, MANAGED, FIELD_PATH, DATA_TYPE, DATA1, DATA2, TRANSITIVE_FIELDS, FORMULA, ENTITY_LOOKUP_TYPE)
VALUES ('846d157e18b54a229285778d6f2a5ca9', 0, '996a0494bc554a33a74f319334459628', 'editingStatus', 'EDITING_STATUS', 'NVARCHAR2(400)', '', 1, 'string-m', '', '', '', '', '', '', '', 0, NULL, 400, NULL, NULL, '', '', 'system', systimestamp, '9', 0, 'entity.editingStatus', '', '', '', '', '', '');
INSERT INTO CNT_FIELD_DEFINITION
 (ID, REVISION, PARENT_ID, FIELD_ID, COLUMN_NAME, COLUMN_TYPE, REPORT_COLUMN_NAME, PRODUCT_FIELD, FIELD_TYPE, ENTITY_LOOKUP, ENTITY_LOOKUP_KEY, ORDER_BY, GENERATOR, REFER_TABLE, KEY_COLUMN, LOOKUP_COLUMN, MANDATORY, MIN_LENGTH, MAX_LENGTH, MIN_VALUE, MAX_VALUE, CONSTANT_VALUE, UNIQUE_KEY, CREATE_USER, CREATED_ON, LINE_NO, MANAGED, FIELD_PATH, DATA_TYPE, DATA1, DATA2, TRANSITIVE_FIELDS, FORMULA, ENTITY_LOOKUP_TYPE)
VALUES ('13d5d987a67b428dbcd41c62a9ddc3ad', 0, '996a0494bc554a33a74f319334459628', 'createUser', 'CREATE_USER', 'NVARCHAR2(100)', '', 1, 'string-s', '', '', '', '', '', '', '', 0, NULL, 100, NULL, NULL, '', '', 'system', systimestamp, '10', 0, 'entity.createUser', '', '', '', '', '', '');
INSERT INTO CNT_FIELD_DEFINITION
 (ID, REVISION, PARENT_ID, FIELD_ID, COLUMN_NAME, COLUMN_TYPE, REPORT_COLUMN_NAME, PRODUCT_FIELD, FIELD_TYPE, ENTITY_LOOKUP, ENTITY_LOOKUP_KEY, ORDER_BY, GENERATOR, REFER_TABLE, KEY_COLUMN, LOOKUP_COLUMN, MANDATORY, MIN_LENGTH, MAX_LENGTH, MIN_VALUE, MAX_VALUE, CONSTANT_VALUE, UNIQUE_KEY, CREATE_USER, CREATED_ON, LINE_NO, MANAGED, FIELD_PATH, DATA_TYPE, DATA1, DATA2, TRANSITIVE_FIELDS, FORMULA, ENTITY_LOOKUP_TYPE)
VALUES ('bd97fccd57cd473caaf79ae0e3ce64bf', 0, '996a0494bc554a33a74f319334459628', 'createUserName', 'CREATE_USER_NAME', 'NVARCHAR2(100)', '', 1, 'string-s', '', '', '', '', '', '', '', 0, NULL, 100, NULL, NULL, '', '', 'system', systimestamp, '11', 0, 'entity.createUserName', '', '', '', '', '', '');
INSERT INTO CNT_FIELD_DEFINITION
 (ID, REVISION, PARENT_ID, FIELD_ID, COLUMN_NAME, COLUMN_TYPE, REPORT_COLUMN_NAME, PRODUCT_FIELD, FIELD_TYPE, ENTITY_LOOKUP, ENTITY_LOOKUP_KEY, ORDER_BY, GENERATOR, REFER_TABLE, KEY_COLUMN, LOOKUP_COLUMN, MANDATORY, MIN_LENGTH, MAX_LENGTH, MIN_VALUE, MAX_VALUE, CONSTANT_VALUE, UNIQUE_KEY, CREATE_USER, CREATED_ON, LINE_NO, MANAGED, FIELD_PATH, DATA_TYPE, DATA1, DATA2, TRANSITIVE_FIELDS, FORMULA, ENTITY_LOOKUP_TYPE)
VALUES ('66aaf521195c46a18a539e2ec467f13f', 0, '996a0494bc554a33a74f319334459628', 'updateUser', 'UPDATE_USER', 'NVARCHAR2(100)', '', 1, 'string-s', '', '', '', '', '', '', '', 0, NULL, 100, NULL, NULL, '', '', 'system', systimestamp, '12', 0, 'entity.updateUser', '', '', '', '', '', '');
INSERT INTO CNT_FIELD_DEFINITION
 (ID, REVISION, PARENT_ID, FIELD_ID, COLUMN_NAME, COLUMN_TYPE, REPORT_COLUMN_NAME, PRODUCT_FIELD, FIELD_TYPE, ENTITY_LOOKUP, ENTITY_LOOKUP_KEY, ORDER_BY, GENERATOR, REFER_TABLE, KEY_COLUMN, LOOKUP_COLUMN, MANDATORY, MIN_LENGTH, MAX_LENGTH, MIN_VALUE, MAX_VALUE, CONSTANT_VALUE, UNIQUE_KEY, CREATE_USER, CREATED_ON, LINE_NO, MANAGED, FIELD_PATH, DATA_TYPE, DATA1, DATA2, TRANSITIVE_FIELDS, FORMULA, ENTITY_LOOKUP_TYPE)
VALUES ('d6accc573ad743f993fc000ac6c9354c', 0, '996a0494bc554a33a74f319334459628', 'updateUserName', 'UPDATE_USER_NAME', 'NVARCHAR2(100)', '', 1, 'string-s', '', '', '', '', '', '', '', 0, NULL, 100, NULL, NULL, '', '', 'system', systimestamp, '13', 0, 'entity.updateUserName', '', '', '', '', '', '');
INSERT INTO CNT_FIELD_DEFINITION
 (ID, REVISION, PARENT_ID, FIELD_ID, COLUMN_NAME, COLUMN_TYPE, REPORT_COLUMN_NAME, PRODUCT_FIELD, FIELD_TYPE, ENTITY_LOOKUP, ENTITY_LOOKUP_KEY, ORDER_BY, GENERATOR, REFER_TABLE, KEY_COLUMN, LOOKUP_COLUMN, MANDATORY, MIN_LENGTH, MAX_LENGTH, MIN_VALUE, MAX_VALUE, CONSTANT_VALUE, UNIQUE_KEY, CREATE_USER, CREATED_ON, LINE_NO, MANAGED, FIELD_PATH, DATA_TYPE, DATA1, DATA2, TRANSITIVE_FIELDS, FORMULA, ENTITY_LOOKUP_TYPE)
VALUES ('c8c79e9ff19240e4a65cec8539aba4c2', 0, '996a0494bc554a33a74f319334459628', 'createdOn', 'CREATED_ON', 'TIMESTAMP', '', 1, 'timestamp', '', '', '', '', '', '', '', 0, NULL, NULL, NULL, NULL, '', '', 'system', systimestamp, '14', 0, 'entity.createdOn', '', '', '', '', '', '');
INSERT INTO CNT_FIELD_DEFINITION
 (ID, REVISION, PARENT_ID, FIELD_ID, COLUMN_NAME, COLUMN_TYPE, REPORT_COLUMN_NAME, PRODUCT_FIELD, FIELD_TYPE, ENTITY_LOOKUP, ENTITY_LOOKUP_KEY, ORDER_BY, GENERATOR, REFER_TABLE, KEY_COLUMN, LOOKUP_COLUMN, MANDATORY, MIN_LENGTH, MAX_LENGTH, MIN_VALUE, MAX_VALUE, CONSTANT_VALUE, UNIQUE_KEY, CREATE_USER, CREATED_ON, LINE_NO, MANAGED, FIELD_PATH, DATA_TYPE, DATA1, DATA2, TRANSITIVE_FIELDS, FORMULA, ENTITY_LOOKUP_TYPE)
VALUES ('26b238bc81d943828af0501f1d7374d9', 0, '996a0494bc554a33a74f319334459628', 'updatedOn', 'UPDATED_ON', 'TIMESTAMP', '', 1, 'timestamp', '', '', '', '', '', '', '', 0, NULL, NULL, NULL, NULL, '', '', 'system', systimestamp, '15', 0, 'entity.updatedOn', '', '', '', '', '', '');
INSERT INTO CNT_FIELD_DEFINITION
 (ID, REVISION, PARENT_ID, FIELD_ID, COLUMN_NAME, COLUMN_TYPE, REPORT_COLUMN_NAME, PRODUCT_FIELD, FIELD_TYPE, ENTITY_LOOKUP, ENTITY_LOOKUP_KEY, ORDER_BY, GENERATOR, REFER_TABLE, KEY_COLUMN, LOOKUP_COLUMN, MANDATORY, MIN_LENGTH, MAX_LENGTH, MIN_VALUE, MAX_VALUE, CONSTANT_VALUE, UNIQUE_KEY, CREATE_USER, CREATED_ON, LINE_NO, MANAGED, FIELD_PATH, DATA_TYPE, DATA1, DATA2, TRANSITIVE_FIELDS, FORMULA, ENTITY_LOOKUP_TYPE)
VALUES ('d863014082194ead9d45a5dd0f40a99a', 0, '996a0494bc554a33a74f319334459628', 'integrationSource', 'INTEGRATION_SOURCE', 'NVARCHAR2(400)', '', 1, 'string-m', '', '', '', '', '', '', '', 0, NULL, 400, NULL, NULL, '', '', 'system', systimestamp, '16', 0, 'entity.integrationSource', '', '', '', '', '', '');
INSERT INTO CNT_FIELD_DEFINITION
 (ID, REVISION, PARENT_ID, FIELD_ID, COLUMN_NAME, COLUMN_TYPE, REPORT_COLUMN_NAME, PRODUCT_FIELD, FIELD_TYPE, ENTITY_LOOKUP, ENTITY_LOOKUP_KEY, ORDER_BY, GENERATOR, REFER_TABLE, KEY_COLUMN, LOOKUP_COLUMN, MANDATORY, MIN_LENGTH, MAX_LENGTH, MIN_VALUE, MAX_VALUE, CONSTANT_VALUE, UNIQUE_KEY, CREATE_USER, CREATED_ON, LINE_NO, MANAGED, FIELD_PATH, DATA_TYPE, DATA1, DATA2, TRANSITIVE_FIELDS, FORMULA, ENTITY_LOOKUP_TYPE)
VALUES ('afeb8273c69249dfa9166034607e96a0', 0, '996a0494bc554a33a74f319334459628', 'integrationStatus', 'INTEGRATION_STATUS', 'NVARCHAR2(400)', '', 1, 'string-m', '', '', '', '', '', '', '', 0, NULL, 400, NULL, NULL, '', '', 'system', systimestamp, '17', 0, 'entity.integrationStatus', '', '', '', '', '', '');
INSERT INTO CNT_FIELD_DEFINITION
 (ID, REVISION, PARENT_ID, FIELD_ID, COLUMN_NAME, COLUMN_TYPE, REPORT_COLUMN_NAME, PRODUCT_FIELD, FIELD_TYPE, ENTITY_LOOKUP, ENTITY_LOOKUP_KEY, ORDER_BY, GENERATOR, REFER_TABLE, KEY_COLUMN, LOOKUP_COLUMN, MANDATORY, MIN_LENGTH, MAX_LENGTH, MIN_VALUE, MAX_VALUE, CONSTANT_VALUE, UNIQUE_KEY, CREATE_USER, CREATED_ON, LINE_NO, MANAGED, FIELD_PATH, DATA_TYPE, DATA1, DATA2, TRANSITIVE_FIELDS, FORMULA, ENTITY_LOOKUP_TYPE)
VALUES ('de56cb6162e84097b793f01c6a5d1562', 0, '996a0494bc554a33a74f319334459628', 'integrationNote', 'INTEGRATION_NOTE', 'NVARCHAR2(1000)', '', 1, 'string-l', '', '', '', '', '', '', '', 0, NULL, 1000, NULL, NULL, '', '', 'system', systimestamp, '18', 0, 'entity.integrationNote', '', '', '', '', '', '');
INSERT INTO CNT_FIELD_DEFINITION
 (ID, REVISION, PARENT_ID, FIELD_ID, COLUMN_NAME, COLUMN_TYPE, REPORT_COLUMN_NAME, PRODUCT_FIELD, FIELD_TYPE, ENTITY_LOOKUP, ENTITY_LOOKUP_KEY, ORDER_BY, GENERATOR, REFER_TABLE, KEY_COLUMN, LOOKUP_COLUMN, MANDATORY, MIN_LENGTH, MAX_LENGTH, MIN_VALUE, MAX_VALUE, CONSTANT_VALUE, UNIQUE_KEY, CREATE_USER, CREATED_ON, LINE_NO, MANAGED, FIELD_PATH, DATA_TYPE, DATA1, DATA2, TRANSITIVE_FIELDS, FORMULA, ENTITY_LOOKUP_TYPE)
VALUES ('ec647dc5d7fc42ff90bb47de396082cf', 0, '996a0494bc554a33a74f319334459628', 'isCpmInitialized', 'IS_CPM_INITIALIZED', 'NUMBER(1,0)', '', 1, 'boolean', '', '', '', '', '', '', '', 0, NULL, NULL, NULL, NULL, '', '', 'system', systimestamp, '19', 0, 'entity.isCpmInitialized', '', '', '', '', '', '');
INSERT INTO CNT_FIELD_DEFINITION
 (ID, REVISION, PARENT_ID, FIELD_ID, COLUMN_NAME, COLUMN_TYPE, REPORT_COLUMN_NAME, PRODUCT_FIELD, FIELD_TYPE, ENTITY_LOOKUP, ENTITY_LOOKUP_KEY, ORDER_BY, GENERATOR, REFER_TABLE, KEY_COLUMN, LOOKUP_COLUMN, MANDATORY, MIN_LENGTH, MAX_LENGTH, MIN_VALUE, MAX_VALUE, CONSTANT_VALUE, UNIQUE_KEY, CREATE_USER, CREATED_ON, LINE_NO, MANAGED, FIELD_PATH, DATA_TYPE, DATA1, DATA2, TRANSITIVE_FIELDS, FORMULA, ENTITY_LOOKUP_TYPE)
VALUES ('c14497df0d324d52885d2dbb0b76ea97', 0, '996a0494bc554a33a74f319334459628', 'isLatest', 'IS_LATEST', 'NUMBER(1,0)', '', 1, 'boolean', '', '', '', '', '', '', '', 0, NULL, NULL, NULL, NULL, '', '', 'system', systimestamp, '20', 0, 'entity.isLatest', '', '', '', '', '', '');
INSERT INTO CNT_FIELD_DEFINITION
 (ID, REVISION, PARENT_ID, FIELD_ID, COLUMN_NAME, COLUMN_TYPE, REPORT_COLUMN_NAME, PRODUCT_FIELD, FIELD_TYPE, ENTITY_LOOKUP, ENTITY_LOOKUP_KEY, ORDER_BY, GENERATOR, REFER_TABLE, KEY_COLUMN, LOOKUP_COLUMN, MANDATORY, MIN_LENGTH, MAX_LENGTH, MIN_VALUE, MAX_VALUE, CONSTANT_VALUE, UNIQUE_KEY, CREATE_USER, CREATED_ON, LINE_NO, MANAGED, FIELD_PATH, DATA_TYPE, DATA1, DATA2, TRANSITIVE_FIELDS, FORMULA, ENTITY_LOOKUP_TYPE)
VALUES ('905705acb6d24aa3b3688e1ec6bc4d61', 0, '996a0494bc554a33a74f319334459628', 'commitNo', 'COMMIT_NO', 'NVARCHAR2(400)', 'COMMITMENT_NO', 1, 'string-m', '', '', '', '', '', '', '', 0, NULL, 400, NULL, NULL, '', '', 'system', systimestamp, '21', 0, 'entity.commitNo', '', '', '', '', 'refNo', '');
INSERT INTO CNT_FIELD_DEFINITION
 (ID, REVISION, PARENT_ID, FIELD_ID, COLUMN_NAME, COLUMN_TYPE, REPORT_COLUMN_NAME, PRODUCT_FIELD, FIELD_TYPE, ENTITY_LOOKUP, ENTITY_LOOKUP_KEY, ORDER_BY, GENERATOR, REFER_TABLE, KEY_COLUMN, LOOKUP_COLUMN, MANDATORY, MIN_LENGTH, MAX_LENGTH, MIN_VALUE, MAX_VALUE, CONSTANT_VALUE, UNIQUE_KEY, CREATE_USER, CREATED_ON, LINE_NO, MANAGED, FIELD_PATH, DATA_TYPE, DATA1, DATA2, TRANSITIVE_FIELDS, FORMULA, ENTITY_LOOKUP_TYPE)
VALUES ('4f30b660424f483583e3057e930ea120', 0, '996a0494bc554a33a74f319334459628', 'commitDate', 'COMMIT_DATE', 'DATE', 'COMMITMENT_DATE', 1, 'date', '', '', '', '', '', '', '', 0, NULL, NULL, NULL, NULL, '', '', 'system', systimestamp, '22', 0, 'entity.commitDate', '', '', '', '', '', '');
INSERT INTO CNT_FIELD_DEFINITION
 (ID, REVISION, PARENT_ID, FIELD_ID, COLUMN_NAME, COLUMN_TYPE, REPORT_COLUMN_NAME, PRODUCT_FIELD, FIELD_TYPE, ENTITY_LOOKUP, ENTITY_LOOKUP_KEY, ORDER_BY, GENERATOR, REFER_TABLE, KEY_COLUMN, LOOKUP_COLUMN, MANDATORY, MIN_LENGTH, MAX_LENGTH, MIN_VALUE, MAX_VALUE, CONSTANT_VALUE, UNIQUE_KEY, CREATE_USER, CREATED_ON, LINE_NO, MANAGED, FIELD_PATH, DATA_TYPE, DATA1, DATA2, TRANSITIVE_FIELDS, FORMULA, ENTITY_LOOKUP_TYPE)
VALUES ('acfa5a5fd5cb4c889985953ff4900543', 0, '996a0494bc554a33a74f319334459628', 'remarks', 'REMARKS', 'NVARCHAR2(1000)', 'REMARKS', 1, 'string-l', '', '', '', '', '', '', '', 0, NULL, 1000, NULL, NULL, '', '', 'system', systimestamp, '23', 0, 'entity.remarks', '', '', '', '', '', '');
INSERT INTO CNT_FIELD_DEFINITION
 (ID, REVISION, PARENT_ID, FIELD_ID, COLUMN_NAME, COLUMN_TYPE, REPORT_COLUMN_NAME, PRODUCT_FIELD, FIELD_TYPE, ENTITY_LOOKUP, ENTITY_LOOKUP_KEY, ORDER_BY, GENERATOR, REFER_TABLE, KEY_COLUMN, LOOKUP_COLUMN, MANDATORY, MIN_LENGTH, MAX_LENGTH, MIN_VALUE, MAX_VALUE, CONSTANT_VALUE, UNIQUE_KEY, CREATE_USER, CREATED_ON, LINE_NO, MANAGED, FIELD_PATH, DATA_TYPE, DATA1, DATA2, TRANSITIVE_FIELDS, FORMULA, ENTITY_LOOKUP_TYPE)
VALUES ('a3a0af35ffe44e3583dbbecfa74f0d38', 0, '996a0494bc554a33a74f319334459628', 'season', 'SEASON', 'NVARCHAR2(400)', 'SEASON', 1, 'string-m', '', '', '', '', '', '', '', 0, NULL, 400, NULL, NULL, '', '', 'system', systimestamp, '24', 0, 'entity.season', '', '', '', '', '', '');
INSERT INTO CNT_FIELD_DEFINITION
 (ID, REVISION, PARENT_ID, FIELD_ID, COLUMN_NAME, COLUMN_TYPE, REPORT_COLUMN_NAME, PRODUCT_FIELD, FIELD_TYPE, ENTITY_LOOKUP, ENTITY_LOOKUP_KEY, ORDER_BY, GENERATOR, REFER_TABLE, KEY_COLUMN, LOOKUP_COLUMN, MANDATORY, MIN_LENGTH, MAX_LENGTH, MIN_VALUE, MAX_VALUE, CONSTANT_VALUE, UNIQUE_KEY, CREATE_USER, CREATED_ON, LINE_NO, MANAGED, FIELD_PATH, DATA_TYPE, DATA1, DATA2, TRANSITIVE_FIELDS, FORMULA, ENTITY_LOOKUP_TYPE)
VALUES ('39514115ab024863ac3984037cd48667', 0, '996a0494bc554a33a74f319334459628', 'merchandiseHierarchy', 'MERCHANDISE_HIERARCHY_ID', 'CHAR(32)', '', 1, 'entity', 'HclNode', 'id', '', '', '', '', '', 0, 32, 32, NULL, NULL, '', '', 'system', systimestamp, '25', 0, 'entity.merchandiseHierarchy', '', '', '', '', '', '');
INSERT INTO CNT_FIELD_DEFINITION
 (ID, REVISION, PARENT_ID, FIELD_ID, COLUMN_NAME, COLUMN_TYPE, REPORT_COLUMN_NAME, PRODUCT_FIELD, FIELD_TYPE, ENTITY_LOOKUP, ENTITY_LOOKUP_KEY, ORDER_BY, GENERATOR, REFER_TABLE, KEY_COLUMN, LOOKUP_COLUMN, MANDATORY, MIN_LENGTH, MAX_LENGTH, MIN_VALUE, MAX_VALUE, CONSTANT_VALUE, UNIQUE_KEY, CREATE_USER, CREATED_ON, LINE_NO, MANAGED, FIELD_PATH, DATA_TYPE, DATA1, DATA2, TRANSITIVE_FIELDS, FORMULA, ENTITY_LOOKUP_TYPE)
VALUES ('89ad372a1a6042b0aeb47bc838258c93', 0, '996a0494bc554a33a74f319334459628', 'projectReference', 'PROJECT_REFERENCE', 'NVARCHAR2(400)', 'PROJECT_REFERENCE', 1, 'string-m', '', '', '', '', '', '', '', 0, NULL, 400, NULL, NULL, '', '', 'system', systimestamp, '26', 0, 'entity.projectReference', '', '', '', '', '', '');
INSERT INTO CNT_FIELD_DEFINITION
 (ID, REVISION, PARENT_ID, FIELD_ID, COLUMN_NAME, COLUMN_TYPE, REPORT_COLUMN_NAME, PRODUCT_FIELD, FIELD_TYPE, ENTITY_LOOKUP, ENTITY_LOOKUP_KEY, ORDER_BY, GENERATOR, REFER_TABLE, KEY_COLUMN, LOOKUP_COLUMN, MANDATORY, MIN_LENGTH, MAX_LENGTH, MIN_VALUE, MAX_VALUE, CONSTANT_VALUE, UNIQUE_KEY, CREATE_USER, CREATED_ON, LINE_NO, MANAGED, FIELD_PATH, DATA_TYPE, DATA1, DATA2, TRANSITIVE_FIELDS, FORMULA, ENTITY_LOOKUP_TYPE)
VALUES ('3fd0007206a54a2d9f2f3408a4d4e204', 0, '996a0494bc554a33a74f319334459628', 'custId', 'CUST_ID', 'CHAR(32)', 'CUSTOMER_SYS_ID', 1, 'id', '', '', '', '', '', '', '', 0, 32, 32, NULL, NULL, '', '', 'system', systimestamp, '27', 0, 'entity.custId', '', '', '', '', '', '');
INSERT INTO CNT_FIELD_DEFINITION
 (ID, REVISION, PARENT_ID, FIELD_ID, COLUMN_NAME, COLUMN_TYPE, REPORT_COLUMN_NAME, PRODUCT_FIELD, FIELD_TYPE, ENTITY_LOOKUP, ENTITY_LOOKUP_KEY, ORDER_BY, GENERATOR, REFER_TABLE, KEY_COLUMN, LOOKUP_COLUMN, MANDATORY, MIN_LENGTH, MAX_LENGTH, MIN_VALUE, MAX_VALUE, CONSTANT_VALUE, UNIQUE_KEY, CREATE_USER, CREATED_ON, LINE_NO, MANAGED, FIELD_PATH, DATA_TYPE, DATA1, DATA2, TRANSITIVE_FIELDS, FORMULA, ENTITY_LOOKUP_TYPE)
VALUES ('62f69d6d09de4440b68a1ee9b2902c2b', 0, '996a0494bc554a33a74f319334459628', 'custName', 'CUST_NAME', 'NVARCHAR2(400)', 'CUSTOMER_NAME', 1, 'string-m', '', '', '', '', '', '', '', 0, NULL, 400, NULL, NULL, '', '', 'system', systimestamp, '28', 0, 'entity.custName', '', '', '', '', '', '');
INSERT INTO CNT_FIELD_DEFINITION
 (ID, REVISION, PARENT_ID, FIELD_ID, COLUMN_NAME, COLUMN_TYPE, REPORT_COLUMN_NAME, PRODUCT_FIELD, FIELD_TYPE, ENTITY_LOOKUP, ENTITY_LOOKUP_KEY, ORDER_BY, GENERATOR, REFER_TABLE, KEY_COLUMN, LOOKUP_COLUMN, MANDATORY, MIN_LENGTH, MAX_LENGTH, MIN_VALUE, MAX_VALUE, CONSTANT_VALUE, UNIQUE_KEY, CREATE_USER, CREATED_ON, LINE_NO, MANAGED, FIELD_PATH, DATA_TYPE, DATA1, DATA2, TRANSITIVE_FIELDS, FORMULA, ENTITY_LOOKUP_TYPE)
VALUES ('8e9d615c0fcb4973bb6806525b4c2c65', 0, '996a0494bc554a33a74f319334459628', 'custCode', 'CUST_CODE', 'NVARCHAR2(400)', 'CUSTOMER_CODE', 1, 'string-m', '', '', '', '', '', '', '', 0, NULL, 400, NULL, NULL, '', '', 'system', systimestamp, '29', 0, 'entity.custCode', '', '', '', '', '', '');
INSERT INTO CNT_FIELD_DEFINITION
 (ID, REVISION, PARENT_ID, FIELD_ID, COLUMN_NAME, COLUMN_TYPE, REPORT_COLUMN_NAME, PRODUCT_FIELD, FIELD_TYPE, ENTITY_LOOKUP, ENTITY_LOOKUP_KEY, ORDER_BY, GENERATOR, REFER_TABLE, KEY_COLUMN, LOOKUP_COLUMN, MANDATORY, MIN_LENGTH, MAX_LENGTH, MIN_VALUE, MAX_VALUE, CONSTANT_VALUE, UNIQUE_KEY, CREATE_USER, CREATED_ON, LINE_NO, MANAGED, FIELD_PATH, DATA_TYPE, DATA1, DATA2, TRANSITIVE_FIELDS, FORMULA, ENTITY_LOOKUP_TYPE)
VALUES ('c28f02e711f340c0bfcc2abde59336e9', 0, '996a0494bc554a33a74f319334459628', 'currency', 'CURRENCY', 'NVARCHAR2(400)', 'TOTAL_PO_CURRENCY', 1, 'string-m', '', '', '', '', '', '', '', 0, NULL, 400, NULL, NULL, '', '', 'system', systimestamp, '30', 0, 'entity.currency', '', '', '', '', '', '');
INSERT INTO CNT_FIELD_DEFINITION
 (ID, REVISION, PARENT_ID, FIELD_ID, COLUMN_NAME, COLUMN_TYPE, REPORT_COLUMN_NAME, PRODUCT_FIELD, FIELD_TYPE, ENTITY_LOOKUP, ENTITY_LOOKUP_KEY, ORDER_BY, GENERATOR, REFER_TABLE, KEY_COLUMN, LOOKUP_COLUMN, MANDATORY, MIN_LENGTH, MAX_LENGTH, MIN_VALUE, MAX_VALUE, CONSTANT_VALUE, UNIQUE_KEY, CREATE_USER, CREATED_ON, LINE_NO, MANAGED, FIELD_PATH, DATA_TYPE, DATA1, DATA2, TRANSITIVE_FIELDS, FORMULA, ENTITY_LOOKUP_TYPE)
VALUES ('4c0ef07943a148538d8ee724d84693c0', 0, '996a0494bc554a33a74f319334459628', 'totalQty', 'TOTAL_QTY', 'NUMBER(20, 0)', 'TOTAL_PO_QTY', 1, 'integer', '', '', '', '', '', '', '', 0, NULL, 18, NULL, NULL, '', '', 'system', systimestamp, '31', 0, 'entity.totalQty', '', '', '', '', '', '');
INSERT INTO CNT_FIELD_DEFINITION
 (ID, REVISION, PARENT_ID, FIELD_ID, COLUMN_NAME, COLUMN_TYPE, REPORT_COLUMN_NAME, PRODUCT_FIELD, FIELD_TYPE, ENTITY_LOOKUP, ENTITY_LOOKUP_KEY, ORDER_BY, GENERATOR, REFER_TABLE, KEY_COLUMN, LOOKUP_COLUMN, MANDATORY, MIN_LENGTH, MAX_LENGTH, MIN_VALUE, MAX_VALUE, CONSTANT_VALUE, UNIQUE_KEY, CREATE_USER, CREATED_ON, LINE_NO, MANAGED, FIELD_PATH, DATA_TYPE, DATA1, DATA2, TRANSITIVE_FIELDS, FORMULA, ENTITY_LOOKUP_TYPE)
VALUES ('2281e2cf67eb4f2396dcab727a5b2bf6', 0, '996a0494bc554a33a74f319334459628', 'totalAmount', 'TOTAL_AMOUNT', 'NUMBER(25, 5)', 'TOTAL_PO_AMOUNT', 1, 'decimal-rate', '', '', '', '', '', '', '', 0, NULL, 20, NULL, NULL, '', '', 'system', systimestamp, '32', 0, 'entity.totalAmount', '', '', '', '', '', '');
INSERT INTO CNT_FIELD_DEFINITION
 (ID, REVISION, PARENT_ID, FIELD_ID, COLUMN_NAME, COLUMN_TYPE, REPORT_COLUMN_NAME, PRODUCT_FIELD, FIELD_TYPE, ENTITY_LOOKUP, ENTITY_LOOKUP_KEY, ORDER_BY, GENERATOR, REFER_TABLE, KEY_COLUMN, LOOKUP_COLUMN, MANDATORY, MIN_LENGTH, MAX_LENGTH, MIN_VALUE, MAX_VALUE, CONSTANT_VALUE, UNIQUE_KEY, CREATE_USER, CREATED_ON, LINE_NO, MANAGED, FIELD_PATH, DATA_TYPE, DATA1, DATA2, TRANSITIVE_FIELDS, FORMULA, ENTITY_LOOKUP_TYPE)
VALUES ('18cfd8362dbf405daa8693da2d73a0e7', 0, '996a0494bc554a33a74f319334459628', 'incoterm', 'INCOTERM', 'NVARCHAR2(400)', 'INCO_TERM', 1, 'string-m', '', '', '', '', '', '', '', 0, NULL, 400, NULL, NULL, '', '', 'system', systimestamp, '33', 0, 'entity.incoterm', '', '', '', '', '', '');
INSERT INTO CNT_FIELD_DEFINITION
 (ID, REVISION, PARENT_ID, FIELD_ID, COLUMN_NAME, COLUMN_TYPE, REPORT_COLUMN_NAME, PRODUCT_FIELD, FIELD_TYPE, ENTITY_LOOKUP, ENTITY_LOOKUP_KEY, ORDER_BY, GENERATOR, REFER_TABLE, KEY_COLUMN, LOOKUP_COLUMN, MANDATORY, MIN_LENGTH, MAX_LENGTH, MIN_VALUE, MAX_VALUE, CONSTANT_VALUE, UNIQUE_KEY, CREATE_USER, CREATED_ON, LINE_NO, MANAGED, FIELD_PATH, DATA_TYPE, DATA1, DATA2, TRANSITIVE_FIELDS, FORMULA, ENTITY_LOOKUP_TYPE)
VALUES ('d269ce6a9d3246e2b8634031c66fdd9f', 0, '996a0494bc554a33a74f319334459628', 'paymentTerm', 'PAYMENT_TERM', 'NVARCHAR2(400)', 'PAYMENT_TERM', 1, 'string-m', '', '', '', '', '', '', '', 0, NULL, 400, NULL, NULL, '', '', 'system', systimestamp, '34', 0, 'entity.paymentTerm', '', '', '', '', '', '');
INSERT INTO CNT_FIELD_DEFINITION
 (ID, REVISION, PARENT_ID, FIELD_ID, COLUMN_NAME, COLUMN_TYPE, REPORT_COLUMN_NAME, PRODUCT_FIELD, FIELD_TYPE, ENTITY_LOOKUP, ENTITY_LOOKUP_KEY, ORDER_BY, GENERATOR, REFER_TABLE, KEY_COLUMN, LOOKUP_COLUMN, MANDATORY, MIN_LENGTH, MAX_LENGTH, MIN_VALUE, MAX_VALUE, CONSTANT_VALUE, UNIQUE_KEY, CREATE_USER, CREATED_ON, LINE_NO, MANAGED, FIELD_PATH, DATA_TYPE, DATA1, DATA2, TRANSITIVE_FIELDS, FORMULA, ENTITY_LOOKUP_TYPE)
VALUES ('c3b9be1eb7654dcf8baedea7c79d4807', 0, '996a0494bc554a33a74f319334459628', 'otherTerms', 'OTHER_TERMS', 'NVARCHAR2(1000)', 'OTHER_TERM', 1, 'string-l', '', '', '', '', '', '', '', 0, NULL, 1000, NULL, NULL, '', '', 'system', systimestamp, '35', 0, 'entity.otherTerms', '', '', '', '', '', '');
INSERT INTO CNT_FIELD_DEFINITION
 (ID, REVISION, PARENT_ID, FIELD_ID, COLUMN_NAME, COLUMN_TYPE, REPORT_COLUMN_NAME, PRODUCT_FIELD, FIELD_TYPE, ENTITY_LOOKUP, ENTITY_LOOKUP_KEY, ORDER_BY, GENERATOR, REFER_TABLE, KEY_COLUMN, LOOKUP_COLUMN, MANDATORY, MIN_LENGTH, MAX_LENGTH, MIN_VALUE, MAX_VALUE, CONSTANT_VALUE, UNIQUE_KEY, CREATE_USER, CREATED_ON, LINE_NO, MANAGED, FIELD_PATH, DATA_TYPE, DATA1, DATA2, TRANSITIVE_FIELDS, FORMULA, ENTITY_LOOKUP_TYPE)
VALUES ('40c67e832bba44db910991019aa24569', 0, '996a0494bc554a33a74f319334459628', 'commitItem', 'COMMIT_ITEM', '', '', 1, 'collection', 'CommitItem', 'commitId', '', '', '', '', '', 0, NULL, NULL, NULL, NULL, '', '', 'system', systimestamp, '36', 0, 'entity.commitItem', '', '', '', '', '', '');
INSERT INTO CNT_FIELD_DEFINITION
 (ID, REVISION, PARENT_ID, FIELD_ID, COLUMN_NAME, COLUMN_TYPE, REPORT_COLUMN_NAME, PRODUCT_FIELD, FIELD_TYPE, ENTITY_LOOKUP, ENTITY_LOOKUP_KEY, ORDER_BY, GENERATOR, REFER_TABLE, KEY_COLUMN, LOOKUP_COLUMN, MANDATORY, MIN_LENGTH, MAX_LENGTH, MIN_VALUE, MAX_VALUE, CONSTANT_VALUE, UNIQUE_KEY, CREATE_USER, CREATED_ON, LINE_NO, MANAGED, FIELD_PATH, DATA_TYPE, DATA1, DATA2, TRANSITIVE_FIELDS, FORMULA, ENTITY_LOOKUP_TYPE)
VALUES ('5d51c29d8fe54fc2b482e1cae9daee36', 0, '996a0494bc554a33a74f319334459628', 'commitContact', 'COMMIT_CONTACT', '', '', 1, 'collection', 'CommitContact', 'commitId', '', '', '', '', '', 0, NULL, NULL, NULL, NULL, '', '', 'system', systimestamp, '37', 0, 'entity.commitContact', '', '', '', '', '', '');
INSERT INTO CNT_FIELD_DEFINITION
 (ID, REVISION, PARENT_ID, FIELD_ID, COLUMN_NAME, COLUMN_TYPE, REPORT_COLUMN_NAME, PRODUCT_FIELD, FIELD_TYPE, ENTITY_LOOKUP, ENTITY_LOOKUP_KEY, ORDER_BY, GENERATOR, REFER_TABLE, KEY_COLUMN, LOOKUP_COLUMN, MANDATORY, MIN_LENGTH, MAX_LENGTH, MIN_VALUE, MAX_VALUE, CONSTANT_VALUE, UNIQUE_KEY, CREATE_USER, CREATED_ON, LINE_NO, MANAGED, FIELD_PATH, DATA_TYPE, DATA1, DATA2, TRANSITIVE_FIELDS, FORMULA, ENTITY_LOOKUP_TYPE)
VALUES ('036d1ac28abf498d9e0d3df200037d64', 0, '996a0494bc554a33a74f319334459628', 'commitAddress', 'COMMIT_ADDRESS', '', '', 1, 'collection', 'CommitAddress', 'commitId', '', '', '', '', '', 0, NULL, NULL, NULL, NULL, '', '', 'system', systimestamp, '38', 0, 'entity.commitAddress', '', '', '', '', '', '');
INSERT INTO CNT_FIELD_DEFINITION
 (ID, REVISION, PARENT_ID, FIELD_ID, COLUMN_NAME, COLUMN_TYPE, REPORT_COLUMN_NAME, PRODUCT_FIELD, FIELD_TYPE, ENTITY_LOOKUP, ENTITY_LOOKUP_KEY, ORDER_BY, GENERATOR, REFER_TABLE, KEY_COLUMN, LOOKUP_COLUMN, MANDATORY, MIN_LENGTH, MAX_LENGTH, MIN_VALUE, MAX_VALUE, CONSTANT_VALUE, UNIQUE_KEY, CREATE_USER, CREATED_ON, LINE_NO, MANAGED, FIELD_PATH, DATA_TYPE, DATA1, DATA2, TRANSITIVE_FIELDS, FORMULA, ENTITY_LOOKUP_TYPE)
VALUES ('d70d590aebb1413299b44d7141f3d620', 0, '996a0494bc554a33a74f319334459628', 'commitCharge', 'COMMIT_CHARGE', '', '', 1, 'collection', 'CommitCharge', 'commitId', '', '', '', '', '', 0, NULL, NULL, NULL, NULL, '', '', 'system', systimestamp, '39', 0, 'entity.commitCharge', '', '', '', '', '', '');
INSERT INTO CNT_FIELD_DEFINITION
 (ID, REVISION, PARENT_ID, FIELD_ID, COLUMN_NAME, COLUMN_TYPE, REPORT_COLUMN_NAME, PRODUCT_FIELD, FIELD_TYPE, ENTITY_LOOKUP, ENTITY_LOOKUP_KEY, ORDER_BY, GENERATOR, REFER_TABLE, KEY_COLUMN, LOOKUP_COLUMN, MANDATORY, MIN_LENGTH, MAX_LENGTH, MIN_VALUE, MAX_VALUE, CONSTANT_VALUE, UNIQUE_KEY, CREATE_USER, CREATED_ON, LINE_NO, MANAGED, FIELD_PATH, DATA_TYPE, DATA1, DATA2, TRANSITIVE_FIELDS, FORMULA, ENTITY_LOOKUP_TYPE)
VALUES ('75c24e7483ad4a568df335d85f505073', 0, '996a0494bc554a33a74f319334459628', 'commitAttachment', 'COMMIT_ATTACHMENT', '', '', 1, 'collection', 'CommitAttachment', 'commitId', '', '', '', '', '', 0, NULL, NULL, NULL, NULL, '', '', 'system', systimestamp, '40', 0, 'entity.commitAttachment', '', '', '', '', '', '');
INSERT INTO CNT_FIELD_DEFINITION
 (ID, REVISION, PARENT_ID, FIELD_ID, COLUMN_NAME, COLUMN_TYPE, REPORT_COLUMN_NAME, PRODUCT_FIELD, FIELD_TYPE, ENTITY_LOOKUP, ENTITY_LOOKUP_KEY, ORDER_BY, GENERATOR, REFER_TABLE, KEY_COLUMN, LOOKUP_COLUMN, MANDATORY, MIN_LENGTH, MAX_LENGTH, MIN_VALUE, MAX_VALUE, CONSTANT_VALUE, UNIQUE_KEY, CREATE_USER, CREATED_ON, LINE_NO, MANAGED, FIELD_PATH, DATA_TYPE, DATA1, DATA2, TRANSITIVE_FIELDS, FORMULA, ENTITY_LOOKUP_TYPE)
VALUES ('bcbbde0af1b74f488b42bc1dfe8b74d1', 0, '996a0494bc554a33a74f319334459628', 'refNo', 'REF_NO', 'NVARCHAR2(1000)', '', 1, 'string-l', '', '', '', 'com.core.cnt.data.generator.DomainPatternSeqGenerator("CBX_SEQ_COMMITMENT_NO","system.pattern.commitNo","CC#{Date:YYMM}-#{Seq:6}")', '', '', '', 0, NULL, 1000, NULL, NULL, '', '', 'system', systimestamp, '41', 0, 'entity.refNo', '', '', '', '', '', '');
INSERT INTO CNT_FIELD_DEFINITION
 (ID, REVISION, PARENT_ID, FIELD_ID, COLUMN_NAME, COLUMN_TYPE, REPORT_COLUMN_NAME, PRODUCT_FIELD, FIELD_TYPE, ENTITY_LOOKUP, ENTITY_LOOKUP_KEY, ORDER_BY, GENERATOR, REFER_TABLE, KEY_COLUMN, LOOKUP_COLUMN, MANDATORY, MIN_LENGTH, MAX_LENGTH, MIN_VALUE, MAX_VALUE, CONSTANT_VALUE, UNIQUE_KEY, CREATE_USER, CREATED_ON, LINE_NO, MANAGED, FIELD_PATH, DATA_TYPE, DATA1, DATA2, TRANSITIVE_FIELDS, FORMULA, ENTITY_LOOKUP_TYPE)
VALUES ('e01b19d9d0b545279d9a4387aa8961e3', 0, '996a0494bc554a33a74f319334459628', 'custText1', 'CUST_TEXT1', 'NVARCHAR2(1000)', 'CUSTOM_FIELD_TEXT1', 0, 'string-l', '', '', '', '', '', '', '', 0, NULL, 1000, NULL, NULL, '', '', 'system', systimestamp, '42', 0, 'entity.custText1', '', '', '', '', '', '');
INSERT INTO CNT_FIELD_DEFINITION
 (ID, REVISION, PARENT_ID, FIELD_ID, COLUMN_NAME, COLUMN_TYPE, REPORT_COLUMN_NAME, PRODUCT_FIELD, FIELD_TYPE, ENTITY_LOOKUP, ENTITY_LOOKUP_KEY, ORDER_BY, GENERATOR, REFER_TABLE, KEY_COLUMN, LOOKUP_COLUMN, MANDATORY, MIN_LENGTH, MAX_LENGTH, MIN_VALUE, MAX_VALUE, CONSTANT_VALUE, UNIQUE_KEY, CREATE_USER, CREATED_ON, LINE_NO, MANAGED, FIELD_PATH, DATA_TYPE, DATA1, DATA2, TRANSITIVE_FIELDS, FORMULA, ENTITY_LOOKUP_TYPE)
VALUES ('e33b994f8e98494e8928b375e8f3b1e1', 0, '996a0494bc554a33a74f319334459628', 'custText2', 'CUST_TEXT2', 'NVARCHAR2(1000)', 'CUSTOM_FIELD_TEXT2', 0, 'string-l', '', '', '', '', '', '', '', 0, NULL, 1000, NULL, NULL, '', '', 'system', systimestamp, '43', 0, 'entity.custText2', '', '', '', '', '', '');
INSERT INTO CNT_FIELD_DEFINITION
 (ID, REVISION, PARENT_ID, FIELD_ID, COLUMN_NAME, COLUMN_TYPE, REPORT_COLUMN_NAME, PRODUCT_FIELD, FIELD_TYPE, ENTITY_LOOKUP, ENTITY_LOOKUP_KEY, ORDER_BY, GENERATOR, REFER_TABLE, KEY_COLUMN, LOOKUP_COLUMN, MANDATORY, MIN_LENGTH, MAX_LENGTH, MIN_VALUE, MAX_VALUE, CONSTANT_VALUE, UNIQUE_KEY, CREATE_USER, CREATED_ON, LINE_NO, MANAGED, FIELD_PATH, DATA_TYPE, DATA1, DATA2, TRANSITIVE_FIELDS, FORMULA, ENTITY_LOOKUP_TYPE)
VALUES ('d56ff9f8d1ef4671b0218e9ad8d467b8', 0, '996a0494bc554a33a74f319334459628', 'custText3', 'CUST_TEXT3', 'NVARCHAR2(1000)', 'CUSTOM_FIELD_TEXT3', 0, 'string-l', '', '', '', '', '', '', '', 0, NULL, 1000, NULL, NULL, '', '', 'system', systimestamp, '44', 0, 'entity.custText3', '', '', '', '', '', '');
INSERT INTO CNT_FIELD_DEFINITION
 (ID, REVISION, PARENT_ID, FIELD_ID, COLUMN_NAME, COLUMN_TYPE, REPORT_COLUMN_NAME, PRODUCT_FIELD, FIELD_TYPE, ENTITY_LOOKUP, ENTITY_LOOKUP_KEY, ORDER_BY, GENERATOR, REFER_TABLE, KEY_COLUMN, LOOKUP_COLUMN, MANDATORY, MIN_LENGTH, MAX_LENGTH, MIN_VALUE, MAX_VALUE, CONSTANT_VALUE, UNIQUE_KEY, CREATE_USER, CREATED_ON, LINE_NO, MANAGED, FIELD_PATH, DATA_TYPE, DATA1, DATA2, TRANSITIVE_FIELDS, FORMULA, ENTITY_LOOKUP_TYPE)
VALUES ('fbca1eee7a554b6f939acbc0064e740f', 0, '996a0494bc554a33a74f319334459628', 'custText4', 'CUST_TEXT4', 'NVARCHAR2(1000)', 'CUSTOM_FIELD_TEXT4', 0, 'string-l', '', '', '', '', '', '', '', 0, NULL, 1000, NULL, NULL, '', '', 'system', systimestamp, '45', 0, 'entity.custText4', '', '', '', '', '', '');
INSERT INTO CNT_FIELD_DEFINITION
 (ID, REVISION, PARENT_ID, FIELD_ID, COLUMN_NAME, COLUMN_TYPE, REPORT_COLUMN_NAME, PRODUCT_FIELD, FIELD_TYPE, ENTITY_LOOKUP, ENTITY_LOOKUP_KEY, ORDER_BY, GENERATOR, REFER_TABLE, KEY_COLUMN, LOOKUP_COLUMN, MANDATORY, MIN_LENGTH, MAX_LENGTH, MIN_VALUE, MAX_VALUE, CONSTANT_VALUE, UNIQUE_KEY, CREATE_USER, CREATED_ON, LINE_NO, MANAGED, FIELD_PATH, DATA_TYPE, DATA1, DATA2, TRANSITIVE_FIELDS, FORMULA, ENTITY_LOOKUP_TYPE)
VALUES ('e2cb6f8329514ee8923284c6090170ed', 0, '996a0494bc554a33a74f319334459628', 'custText5', 'CUST_TEXT5', 'NVARCHAR2(1000)', 'CUSTOM_FIELD_TEXT5', 0, 'string-l', '', '', '', '', '', '', '', 0, NULL, 1000, NULL, NULL, '', '', 'system', systimestamp, '46', 0, 'entity.custText5', '', '', '', '', '', '');
INSERT INTO CNT_FIELD_DEFINITION
 (ID, REVISION, PARENT_ID, FIELD_ID, COLUMN_NAME, COLUMN_TYPE, REPORT_COLUMN_NAME, PRODUCT_FIELD, FIELD_TYPE, ENTITY_LOOKUP, ENTITY_LOOKUP_KEY, ORDER_BY, GENERATOR, REFER_TABLE, KEY_COLUMN, LOOKUP_COLUMN, MANDATORY, MIN_LENGTH, MAX_LENGTH, MIN_VALUE, MAX_VALUE, CONSTANT_VALUE, UNIQUE_KEY, CREATE_USER, CREATED_ON, LINE_NO, MANAGED, FIELD_PATH, DATA_TYPE, DATA1, DATA2, TRANSITIVE_FIELDS, FORMULA, ENTITY_LOOKUP_TYPE)
VALUES ('876fd3ba90d443848a86a03091dd5c3b', 0, '996a0494bc554a33a74f319334459628', 'custText6', 'CUST_TEXT6', 'NVARCHAR2(1000)', 'CUSTOM_FIELD_TEXT6', 0, 'string-l', '', '', '', '', '', '', '', 0, NULL, 1000, NULL, NULL, '', '', 'system', systimestamp, '47', 0, 'entity.custText6', '', '', '', '', '', '');
INSERT INTO CNT_FIELD_DEFINITION
 (ID, REVISION, PARENT_ID, FIELD_ID, COLUMN_NAME, COLUMN_TYPE, REPORT_COLUMN_NAME, PRODUCT_FIELD, FIELD_TYPE, ENTITY_LOOKUP, ENTITY_LOOKUP_KEY, ORDER_BY, GENERATOR, REFER_TABLE, KEY_COLUMN, LOOKUP_COLUMN, MANDATORY, MIN_LENGTH, MAX_LENGTH, MIN_VALUE, MAX_VALUE, CONSTANT_VALUE, UNIQUE_KEY, CREATE_USER, CREATED_ON, LINE_NO, MANAGED, FIELD_PATH, DATA_TYPE, DATA1, DATA2, TRANSITIVE_FIELDS, FORMULA, ENTITY_LOOKUP_TYPE)
VALUES ('c3e0e936a8f142a0b1873b1bfa450d7d', 0, '996a0494bc554a33a74f319334459628', 'custText7', 'CUST_TEXT7', 'NVARCHAR2(1000)', 'CUSTOM_FIELD_TEXT7', 0, 'string-l', '', '', '', '', '', '', '', 0, NULL, 1000, NULL, NULL, '', '', 'system', systimestamp, '48', 0, 'entity.custText7', '', '', '', '', '', '');
INSERT INTO CNT_FIELD_DEFINITION
 (ID, REVISION, PARENT_ID, FIELD_ID, COLUMN_NAME, COLUMN_TYPE, REPORT_COLUMN_NAME, PRODUCT_FIELD, FIELD_TYPE, ENTITY_LOOKUP, ENTITY_LOOKUP_KEY, ORDER_BY, GENERATOR, REFER_TABLE, KEY_COLUMN, LOOKUP_COLUMN, MANDATORY, MIN_LENGTH, MAX_LENGTH, MIN_VALUE, MAX_VALUE, CONSTANT_VALUE, UNIQUE_KEY, CREATE_USER, CREATED_ON, LINE_NO, MANAGED, FIELD_PATH, DATA_TYPE, DATA1, DATA2, TRANSITIVE_FIELDS, FORMULA, ENTITY_LOOKUP_TYPE)
VALUES ('0a037fd6f6324f8ba5cf40c007a637d3', 0, '996a0494bc554a33a74f319334459628', 'custDate1', 'CUST_DATE1', 'DATE', 'CUSTOM_FIELD_DATE1', 0, 'date', '', '', '', '', '', '', '', 0, NULL, NULL, NULL, NULL, '', '', 'system', systimestamp, '49', 0, 'entity.custDate1', '', '', '', '', '', '');
INSERT INTO CNT_FIELD_DEFINITION
 (ID, REVISION, PARENT_ID, FIELD_ID, COLUMN_NAME, COLUMN_TYPE, REPORT_COLUMN_NAME, PRODUCT_FIELD, FIELD_TYPE, ENTITY_LOOKUP, ENTITY_LOOKUP_KEY, ORDER_BY, GENERATOR, REFER_TABLE, KEY_COLUMN, LOOKUP_COLUMN, MANDATORY, MIN_LENGTH, MAX_LENGTH, MIN_VALUE, MAX_VALUE, CONSTANT_VALUE, UNIQUE_KEY, CREATE_USER, CREATED_ON, LINE_NO, MANAGED, FIELD_PATH, DATA_TYPE, DATA1, DATA2, TRANSITIVE_FIELDS, FORMULA, ENTITY_LOOKUP_TYPE)
VALUES ('bc328f8885584a7296a2fe048bdc3c68', 0, '996a0494bc554a33a74f319334459628', 'custDate2', 'CUST_DATE2', 'DATE', 'CUSTOM_FIELD_DATE2', 0, 'date', '', '', '', '', '', '', '', 0, NULL, NULL, NULL, NULL, '', '', 'system', systimestamp, '50', 0, 'entity.custDate2', '', '', '', '', '', '');
INSERT INTO CNT_FIELD_DEFINITION
 (ID, REVISION, PARENT_ID, FIELD_ID, COLUMN_NAME, COLUMN_TYPE, REPORT_COLUMN_NAME, PRODUCT_FIELD, FIELD_TYPE, ENTITY_LOOKUP, ENTITY_LOOKUP_KEY, ORDER_BY, GENERATOR, REFER_TABLE, KEY_COLUMN, LOOKUP_COLUMN, MANDATORY, MIN_LENGTH, MAX_LENGTH, MIN_VALUE, MAX_VALUE, CONSTANT_VALUE, UNIQUE_KEY, CREATE_USER, CREATED_ON, LINE_NO, MANAGED, FIELD_PATH, DATA_TYPE, DATA1, DATA2, TRANSITIVE_FIELDS, FORMULA, ENTITY_LOOKUP_TYPE)
VALUES ('7ba774e3d3d34b41b004e7094c00cb87', 0, '996a0494bc554a33a74f319334459628', 'custDate3', 'CUST_DATE3', 'DATE', 'CUSTOM_FIELD_DATE3', 0, 'date', '', '', '', '', '', '', '', 0, NULL, NULL, NULL, NULL, '', '', 'system', systimestamp, '51', 0, 'entity.custDate3', '', '', '', '', '', '');
INSERT INTO CNT_FIELD_DEFINITION
 (ID, REVISION, PARENT_ID, FIELD_ID, COLUMN_NAME, COLUMN_TYPE, REPORT_COLUMN_NAME, PRODUCT_FIELD, FIELD_TYPE, ENTITY_LOOKUP, ENTITY_LOOKUP_KEY, ORDER_BY, GENERATOR, REFER_TABLE, KEY_COLUMN, LOOKUP_COLUMN, MANDATORY, MIN_LENGTH, MAX_LENGTH, MIN_VALUE, MAX_VALUE, CONSTANT_VALUE, UNIQUE_KEY, CREATE_USER, CREATED_ON, LINE_NO, MANAGED, FIELD_PATH, DATA_TYPE, DATA1, DATA2, TRANSITIVE_FIELDS, FORMULA, ENTITY_LOOKUP_TYPE)
VALUES ('3edbbe09c4114da5aef2fad27560688b', 0, '996a0494bc554a33a74f319334459628', 'custDate4', 'CUST_DATE4', 'DATE', 'CUSTOM_FIELD_DATE4', 0, 'date', '', '', '', '', '', '', '', 0, NULL, NULL, NULL, NULL, '', '', 'system', systimestamp, '52', 0, 'entity.custDate4', '', '', '', '', '', '');
INSERT INTO CNT_FIELD_DEFINITION
 (ID, REVISION, PARENT_ID, FIELD_ID, COLUMN_NAME, COLUMN_TYPE, REPORT_COLUMN_NAME, PRODUCT_FIELD, FIELD_TYPE, ENTITY_LOOKUP, ENTITY_LOOKUP_KEY, ORDER_BY, GENERATOR, REFER_TABLE, KEY_COLUMN, LOOKUP_COLUMN, MANDATORY, MIN_LENGTH, MAX_LENGTH, MIN_VALUE, MAX_VALUE, CONSTANT_VALUE, UNIQUE_KEY, CREATE_USER, CREATED_ON, LINE_NO, MANAGED, FIELD_PATH, DATA_TYPE, DATA1, DATA2, TRANSITIVE_FIELDS, FORMULA, ENTITY_LOOKUP_TYPE)
VALUES ('b38eae550dce4ca78e5bb166a244a864', 0, '996a0494bc554a33a74f319334459628', 'custDate5', 'CUST_DATE5', 'DATE', 'CUSTOM_FIELD_DATE5', 0, 'date', '', '', '', '', '', '', '', 0, NULL, NULL, NULL, NULL, '', '', 'system', systimestamp, '53', 0, 'entity.custDate5', '', '', '', '', '', '');
INSERT INTO CNT_FIELD_DEFINITION
 (ID, REVISION, PARENT_ID, FIELD_ID, COLUMN_NAME, COLUMN_TYPE, REPORT_COLUMN_NAME, PRODUCT_FIELD, FIELD_TYPE, ENTITY_LOOKUP, ENTITY_LOOKUP_KEY, ORDER_BY, GENERATOR, REFER_TABLE, KEY_COLUMN, LOOKUP_COLUMN, MANDATORY, MIN_LENGTH, MAX_LENGTH, MIN_VALUE, MAX_VALUE, CONSTANT_VALUE, UNIQUE_KEY, CREATE_USER, CREATED_ON, LINE_NO, MANAGED, FIELD_PATH, DATA_TYPE, DATA1, DATA2, TRANSITIVE_FIELDS, FORMULA, ENTITY_LOOKUP_TYPE)
VALUES ('a40f2648312e41279f2c3d3aa78ae70d', 0, '996a0494bc554a33a74f319334459628', 'custDate6', 'CUST_DATE6', 'DATE', 'CUSTOM_FIELD_DATE6', 0, 'date', '', '', '', '', '', '', '', 0, NULL, NULL, NULL, NULL, '', '', 'system', systimestamp, '54', 0, 'entity.custDate6', '', '', '', '', '', '');
INSERT INTO CNT_FIELD_DEFINITION
 (ID, REVISION, PARENT_ID, FIELD_ID, COLUMN_NAME, COLUMN_TYPE, REPORT_COLUMN_NAME, PRODUCT_FIELD, FIELD_TYPE, ENTITY_LOOKUP, ENTITY_LOOKUP_KEY, ORDER_BY, GENERATOR, REFER_TABLE, KEY_COLUMN, LOOKUP_COLUMN, MANDATORY, MIN_LENGTH, MAX_LENGTH, MIN_VALUE, MAX_VALUE, CONSTANT_VALUE, UNIQUE_KEY, CREATE_USER, CREATED_ON, LINE_NO, MANAGED, FIELD_PATH, DATA_TYPE, DATA1, DATA2, TRANSITIVE_FIELDS, FORMULA, ENTITY_LOOKUP_TYPE)
VALUES ('e03bdd8e3fb4499ca7cd1254ade6be4c', 0, '996a0494bc554a33a74f319334459628', 'custDate7', 'CUST_DATE7', 'DATE', 'CUSTOM_FIELD_DATE7', 0, 'date', '', '', '', '', '', '', '', 0, NULL, NULL, NULL, NULL, '', '', 'system', systimestamp, '55', 0, 'entity.custDate7', '', '', '', '', '', '');
INSERT INTO CNT_FIELD_DEFINITION
 (ID, REVISION, PARENT_ID, FIELD_ID, COLUMN_NAME, COLUMN_TYPE, REPORT_COLUMN_NAME, PRODUCT_FIELD, FIELD_TYPE, ENTITY_LOOKUP, ENTITY_LOOKUP_KEY, ORDER_BY, GENERATOR, REFER_TABLE, KEY_COLUMN, LOOKUP_COLUMN, MANDATORY, MIN_LENGTH, MAX_LENGTH, MIN_VALUE, MAX_VALUE, CONSTANT_VALUE, UNIQUE_KEY, CREATE_USER, CREATED_ON, LINE_NO, MANAGED, FIELD_PATH, DATA_TYPE, DATA1, DATA2, TRANSITIVE_FIELDS, FORMULA, ENTITY_LOOKUP_TYPE)
VALUES ('8016a62fcf5d4158a232091d30717325', 0, '996a0494bc554a33a74f319334459628', 'custNumber1', 'CUST_NUMBER1', 'NUMBER(20, 0)', 'CUSTOM_FIELD_NUMBER1', 0, 'integer', '', '', '', '', '', '', '', 0, NULL, 18, NULL, NULL, '', '', 'system', systimestamp, '56', 0, 'entity.custNumber1', '', '', '', '', '', '');
INSERT INTO CNT_FIELD_DEFINITION
 (ID, REVISION, PARENT_ID, FIELD_ID, COLUMN_NAME, COLUMN_TYPE, REPORT_COLUMN_NAME, PRODUCT_FIELD, FIELD_TYPE, ENTITY_LOOKUP, ENTITY_LOOKUP_KEY, ORDER_BY, GENERATOR, REFER_TABLE, KEY_COLUMN, LOOKUP_COLUMN, MANDATORY, MIN_LENGTH, MAX_LENGTH, MIN_VALUE, MAX_VALUE, CONSTANT_VALUE, UNIQUE_KEY, CREATE_USER, CREATED_ON, LINE_NO, MANAGED, FIELD_PATH, DATA_TYPE, DATA1, DATA2, TRANSITIVE_FIELDS, FORMULA, ENTITY_LOOKUP_TYPE)
VALUES ('13d3602a2f864b97988402a7fb9184f0', 0, '996a0494bc554a33a74f319334459628', 'custNumber2', 'CUST_NUMBER2', 'NUMBER(20, 0)', 'CUSTOM_FIELD_NUMBER2', 0, 'integer', '', '', '', '', '', '', '', 0, NULL, 18, NULL, NULL, '', '', 'system', systimestamp, '57', 0, 'entity.custNumber2', '', '', '', '', '', '');
INSERT INTO CNT_FIELD_DEFINITION
 (ID, REVISION, PARENT_ID, FIELD_ID, COLUMN_NAME, COLUMN_TYPE, REPORT_COLUMN_NAME, PRODUCT_FIELD, FIELD_TYPE, ENTITY_LOOKUP, ENTITY_LOOKUP_KEY, ORDER_BY, GENERATOR, REFER_TABLE, KEY_COLUMN, LOOKUP_COLUMN, MANDATORY, MIN_LENGTH, MAX_LENGTH, MIN_VALUE, MAX_VALUE, CONSTANT_VALUE, UNIQUE_KEY, CREATE_USER, CREATED_ON, LINE_NO, MANAGED, FIELD_PATH, DATA_TYPE, DATA1, DATA2, TRANSITIVE_FIELDS, FORMULA, ENTITY_LOOKUP_TYPE)
VALUES ('eac0b13acb5743478c811f24cc7f9c28', 0, '996a0494bc554a33a74f319334459628', 'custNumber3', 'CUST_NUMBER3', 'NUMBER(20, 0)', 'CUSTOM_FIELD_NUMBER3', 0, 'integer', '', '', '', '', '', '', '', 0, NULL, 18, NULL, NULL, '', '', 'system', systimestamp, '58', 0, 'entity.custNumber3', '', '', '', '', '', '');
INSERT INTO CNT_FIELD_DEFINITION
 (ID, REVISION, PARENT_ID, FIELD_ID, COLUMN_NAME, COLUMN_TYPE, REPORT_COLUMN_NAME, PRODUCT_FIELD, FIELD_TYPE, ENTITY_LOOKUP, ENTITY_LOOKUP_KEY, ORDER_BY, GENERATOR, REFER_TABLE, KEY_COLUMN, LOOKUP_COLUMN, MANDATORY, MIN_LENGTH, MAX_LENGTH, MIN_VALUE, MAX_VALUE, CONSTANT_VALUE, UNIQUE_KEY, CREATE_USER, CREATED_ON, LINE_NO, MANAGED, FIELD_PATH, DATA_TYPE, DATA1, DATA2, TRANSITIVE_FIELDS, FORMULA, ENTITY_LOOKUP_TYPE)
VALUES ('d1508b557848498fa2d1043380dd4640', 0, '996a0494bc554a33a74f319334459628', 'custNumber4', 'CUST_NUMBER4', 'NUMBER(20, 0)', 'CUSTOM_FIELD_NUMBER4', 0, 'integer', '', '', '', '', '', '', '', 0, NULL, 18, NULL, NULL, '', '', 'system', systimestamp, '59', 0, 'entity.custNumber4', '', '', '', '', '', '');
INSERT INTO CNT_FIELD_DEFINITION
 (ID, REVISION, PARENT_ID, FIELD_ID, COLUMN_NAME, COLUMN_TYPE, REPORT_COLUMN_NAME, PRODUCT_FIELD, FIELD_TYPE, ENTITY_LOOKUP, ENTITY_LOOKUP_KEY, ORDER_BY, GENERATOR, REFER_TABLE, KEY_COLUMN, LOOKUP_COLUMN, MANDATORY, MIN_LENGTH, MAX_LENGTH, MIN_VALUE, MAX_VALUE, CONSTANT_VALUE, UNIQUE_KEY, CREATE_USER, CREATED_ON, LINE_NO, MANAGED, FIELD_PATH, DATA_TYPE, DATA1, DATA2, TRANSITIVE_FIELDS, FORMULA, ENTITY_LOOKUP_TYPE)
VALUES ('e14a151da890419f8954909e30bdea39', 0, '996a0494bc554a33a74f319334459628', 'custNumber5', 'CUST_NUMBER5', 'NUMBER(20, 0)', 'CUSTOM_FIELD_NUMBER5', 0, 'integer', '', '', '', '', '', '', '', 0, NULL, 18, NULL, NULL, '', '', 'system', systimestamp, '60', 0, 'entity.custNumber5', '', '', '', '', '', '');
INSERT INTO CNT_FIELD_DEFINITION
 (ID, REVISION, PARENT_ID, FIELD_ID, COLUMN_NAME, COLUMN_TYPE, REPORT_COLUMN_NAME, PRODUCT_FIELD, FIELD_TYPE, ENTITY_LOOKUP, ENTITY_LOOKUP_KEY, ORDER_BY, GENERATOR, REFER_TABLE, KEY_COLUMN, LOOKUP_COLUMN, MANDATORY, MIN_LENGTH, MAX_LENGTH, MIN_VALUE, MAX_VALUE, CONSTANT_VALUE, UNIQUE_KEY, CREATE_USER, CREATED_ON, LINE_NO, MANAGED, FIELD_PATH, DATA_TYPE, DATA1, DATA2, TRANSITIVE_FIELDS, FORMULA, ENTITY_LOOKUP_TYPE)
VALUES ('88e342c70d554793a2de7de0c950ff57', 0, '996a0494bc554a33a74f319334459628', 'custNumber6', 'CUST_NUMBER6', 'NUMBER(20, 0)', 'CUSTOM_FIELD_NUMBER6', 0, 'integer', '', '', '', '', '', '', '', 0, NULL, 18, NULL, NULL, '', '', 'system', systimestamp, '61', 0, 'entity.custNumber6', '', '', '', '', '', '');
INSERT INTO CNT_FIELD_DEFINITION
 (ID, REVISION, PARENT_ID, FIELD_ID, COLUMN_NAME, COLUMN_TYPE, REPORT_COLUMN_NAME, PRODUCT_FIELD, FIELD_TYPE, ENTITY_LOOKUP, ENTITY_LOOKUP_KEY, ORDER_BY, GENERATOR, REFER_TABLE, KEY_COLUMN, LOOKUP_COLUMN, MANDATORY, MIN_LENGTH, MAX_LENGTH, MIN_VALUE, MAX_VALUE, CONSTANT_VALUE, UNIQUE_KEY, CREATE_USER, CREATED_ON, LINE_NO, MANAGED, FIELD_PATH, DATA_TYPE, DATA1, DATA2, TRANSITIVE_FIELDS, FORMULA, ENTITY_LOOKUP_TYPE)
VALUES ('30f8b29935584c5d98ddfcb49d2034dc', 0, '996a0494bc554a33a74f319334459628', 'custNumber7', 'CUST_NUMBER7', 'NUMBER(20, 0)', 'CUSTOM_FIELD_NUMBER7', 0, 'integer', '', '', '', '', '', '', '', 0, NULL, 18, NULL, NULL, '', '', 'system', systimestamp, '62', 0, 'entity.custNumber7', '', '', '', '', '', '');
INSERT INTO CNT_FIELD_DEFINITION
 (ID, REVISION, PARENT_ID, FIELD_ID, COLUMN_NAME, COLUMN_TYPE, REPORT_COLUMN_NAME, PRODUCT_FIELD, FIELD_TYPE, ENTITY_LOOKUP, ENTITY_LOOKUP_KEY, ORDER_BY, GENERATOR, REFER_TABLE, KEY_COLUMN, LOOKUP_COLUMN, MANDATORY, MIN_LENGTH, MAX_LENGTH, MIN_VALUE, MAX_VALUE, CONSTANT_VALUE, UNIQUE_KEY, CREATE_USER, CREATED_ON, LINE_NO, MANAGED, FIELD_PATH, DATA_TYPE, DATA1, DATA2, TRANSITIVE_FIELDS, FORMULA, ENTITY_LOOKUP_TYPE)
VALUES ('fbcafadee6c94ede9af1c2942072f6c1', 0, '996a0494bc554a33a74f319334459628', 'custDecimal1', 'CUST_DECIMAL1', 'NUMBER(25, 5)', 'CUSTOM_FIELD_DECIMAL1', 0, 'decimal-rate', '', '', '', '', '', '', '', 0, NULL, 20, NULL, NULL, '', '', 'system', systimestamp, '63', 0, 'entity.custDecimal1', '', '', '', '', '', '');
INSERT INTO CNT_FIELD_DEFINITION
 (ID, REVISION, PARENT_ID, FIELD_ID, COLUMN_NAME, COLUMN_TYPE, REPORT_COLUMN_NAME, PRODUCT_FIELD, FIELD_TYPE, ENTITY_LOOKUP, ENTITY_LOOKUP_KEY, ORDER_BY, GENERATOR, REFER_TABLE, KEY_COLUMN, LOOKUP_COLUMN, MANDATORY, MIN_LENGTH, MAX_LENGTH, MIN_VALUE, MAX_VALUE, CONSTANT_VALUE, UNIQUE_KEY, CREATE_USER, CREATED_ON, LINE_NO, MANAGED, FIELD_PATH, DATA_TYPE, DATA1, DATA2, TRANSITIVE_FIELDS, FORMULA, ENTITY_LOOKUP_TYPE)
VALUES ('51f325a689414d2bb96555c72b3dadae', 0, '996a0494bc554a33a74f319334459628', 'custDecimal2', 'CUST_DECIMAL2', 'NUMBER(25, 5)', 'CUSTOM_FIELD_DECIMAL2', 0, 'decimal-rate', '', '', '', '', '', '', '', 0, NULL, 20, NULL, NULL, '', '', 'system', systimestamp, '64', 0, 'entity.custDecimal2', '', '', '', '', '', '');
INSERT INTO CNT_FIELD_DEFINITION
 (ID, REVISION, PARENT_ID, FIELD_ID, COLUMN_NAME, COLUMN_TYPE, REPORT_COLUMN_NAME, PRODUCT_FIELD, FIELD_TYPE, ENTITY_LOOKUP, ENTITY_LOOKUP_KEY, ORDER_BY, GENERATOR, REFER_TABLE, KEY_COLUMN, LOOKUP_COLUMN, MANDATORY, MIN_LENGTH, MAX_LENGTH, MIN_VALUE, MAX_VALUE, CONSTANT_VALUE, UNIQUE_KEY, CREATE_USER, CREATED_ON, LINE_NO, MANAGED, FIELD_PATH, DATA_TYPE, DATA1, DATA2, TRANSITIVE_FIELDS, FORMULA, ENTITY_LOOKUP_TYPE)
VALUES ('1787cd6ea54c46259c8eb5ae16076548', 0, '996a0494bc554a33a74f319334459628', 'custDecimal3', 'CUST_DECIMAL3', 'NUMBER(25, 5)', 'CUSTOM_FIELD_DECIMAL3', 0, 'decimal-rate', '', '', '', '', '', '', '', 0, NULL, 20, NULL, NULL, '', '', 'system', systimestamp, '65', 0, 'entity.custDecimal3', '', '', '', '', '', '');
INSERT INTO CNT_FIELD_DEFINITION
 (ID, REVISION, PARENT_ID, FIELD_ID, COLUMN_NAME, COLUMN_TYPE, REPORT_COLUMN_NAME, PRODUCT_FIELD, FIELD_TYPE, ENTITY_LOOKUP, ENTITY_LOOKUP_KEY, ORDER_BY, GENERATOR, REFER_TABLE, KEY_COLUMN, LOOKUP_COLUMN, MANDATORY, MIN_LENGTH, MAX_LENGTH, MIN_VALUE, MAX_VALUE, CONSTANT_VALUE, UNIQUE_KEY, CREATE_USER, CREATED_ON, LINE_NO, MANAGED, FIELD_PATH, DATA_TYPE, DATA1, DATA2, TRANSITIVE_FIELDS, FORMULA, ENTITY_LOOKUP_TYPE)
VALUES ('c5ed6440289e4360b49fa2d4f2fc8962', 0, '996a0494bc554a33a74f319334459628', 'custDecimal4', 'CUST_DECIMAL4', 'NUMBER(25, 5)', 'CUSTOM_FIELD_DECIMAL4', 0, 'decimal-rate', '', '', '', '', '', '', '', 0, NULL, 20, NULL, NULL, '', '', 'system', systimestamp, '66', 0, 'entity.custDecimal4', '', '', '', '', '', '');
INSERT INTO CNT_FIELD_DEFINITION
 (ID, REVISION, PARENT_ID, FIELD_ID, COLUMN_NAME, COLUMN_TYPE, REPORT_COLUMN_NAME, PRODUCT_FIELD, FIELD_TYPE, ENTITY_LOOKUP, ENTITY_LOOKUP_KEY, ORDER_BY, GENERATOR, REFER_TABLE, KEY_COLUMN, LOOKUP_COLUMN, MANDATORY, MIN_LENGTH, MAX_LENGTH, MIN_VALUE, MAX_VALUE, CONSTANT_VALUE, UNIQUE_KEY, CREATE_USER, CREATED_ON, LINE_NO, MANAGED, FIELD_PATH, DATA_TYPE, DATA1, DATA2, TRANSITIVE_FIELDS, FORMULA, ENTITY_LOOKUP_TYPE)
VALUES ('205f7d7bc51b4aeaa48baf708fd58cf9', 0, '996a0494bc554a33a74f319334459628', 'custDecimal5', 'CUST_DECIMAL5', 'NUMBER(25, 5)', 'CUSTOM_FIELD_DECIMAL5', 0, 'decimal-rate', '', '', '', '', '', '', '', 0, NULL, 20, NULL, NULL, '', '', 'system', systimestamp, '67', 0, 'entity.custDecimal5', '', '', '', '', '', '');
INSERT INTO CNT_FIELD_DEFINITION
 (ID, REVISION, PARENT_ID, FIELD_ID, COLUMN_NAME, COLUMN_TYPE, REPORT_COLUMN_NAME, PRODUCT_FIELD, FIELD_TYPE, ENTITY_LOOKUP, ENTITY_LOOKUP_KEY, ORDER_BY, GENERATOR, REFER_TABLE, KEY_COLUMN, LOOKUP_COLUMN, MANDATORY, MIN_LENGTH, MAX_LENGTH, MIN_VALUE, MAX_VALUE, CONSTANT_VALUE, UNIQUE_KEY, CREATE_USER, CREATED_ON, LINE_NO, MANAGED, FIELD_PATH, DATA_TYPE, DATA1, DATA2, TRANSITIVE_FIELDS, FORMULA, ENTITY_LOOKUP_TYPE)
VALUES ('0502b79b7b934bb2be99075a0169b6cb', 0, '996a0494bc554a33a74f319334459628', 'custDecimal6', 'CUST_DECIMAL6', 'NUMBER(25, 5)', 'CUSTOM_FIELD_DECIMAL6', 0, 'decimal-rate', '', '', '', '', '', '', '', 0, NULL, 20, NULL, NULL, '', '', 'system', systimestamp, '68', 0, 'entity.custDecimal6', '', '', '', '', '', '');
INSERT INTO CNT_FIELD_DEFINITION
 (ID, REVISION, PARENT_ID, FIELD_ID, COLUMN_NAME, COLUMN_TYPE, REPORT_COLUMN_NAME, PRODUCT_FIELD, FIELD_TYPE, ENTITY_LOOKUP, ENTITY_LOOKUP_KEY, ORDER_BY, GENERATOR, REFER_TABLE, KEY_COLUMN, LOOKUP_COLUMN, MANDATORY, MIN_LENGTH, MAX_LENGTH, MIN_VALUE, MAX_VALUE, CONSTANT_VALUE, UNIQUE_KEY, CREATE_USER, CREATED_ON, LINE_NO, MANAGED, FIELD_PATH, DATA_TYPE, DATA1, DATA2, TRANSITIVE_FIELDS, FORMULA, ENTITY_LOOKUP_TYPE)
VALUES ('2890679d8d3749488a859ef621a998db', 0, '996a0494bc554a33a74f319334459628', 'custDecimal7', 'CUST_DECIMAL7', 'NUMBER(25, 5)', 'CUSTOM_FIELD_DECIMAL7', 0, 'decimal-rate', '', '', '', '', '', '', '', 0, NULL, 20, NULL, NULL, '', '', 'system', systimestamp, '69', 0, 'entity.custDecimal7', '', '', '', '', '', '');
INSERT INTO CNT_FIELD_DEFINITION
 (ID, REVISION, PARENT_ID, FIELD_ID, COLUMN_NAME, COLUMN_TYPE, REPORT_COLUMN_NAME, PRODUCT_FIELD, FIELD_TYPE, ENTITY_LOOKUP, ENTITY_LOOKUP_KEY, ORDER_BY, GENERATOR, REFER_TABLE, KEY_COLUMN, LOOKUP_COLUMN, MANDATORY, MIN_LENGTH, MAX_LENGTH, MIN_VALUE, MAX_VALUE, CONSTANT_VALUE, UNIQUE_KEY, CREATE_USER, CREATED_ON, LINE_NO, MANAGED, FIELD_PATH, DATA_TYPE, DATA1, DATA2, TRANSITIVE_FIELDS, FORMULA, ENTITY_LOOKUP_TYPE)
VALUES ('f246f50be1ef4cfcb55e61cd415504c5', 0, '996a0494bc554a33a74f319334459628', 'custCodelist1', 'CUST_CODELIST1', 'NVARCHAR2(400)', 'CUSTOM_FIELD_CODE_LIST_CODE1', 0, 'string-m', '', '', '', '', '', '', '', 0, NULL, 400, NULL, NULL, '', '', 'system', systimestamp, '70', 0, 'entity.custCodelist1', 'codelist', '', '', '', '', '');
INSERT INTO CNT_FIELD_DEFINITION
 (ID, REVISION, PARENT_ID, FIELD_ID, COLUMN_NAME, COLUMN_TYPE, REPORT_COLUMN_NAME, PRODUCT_FIELD, FIELD_TYPE, ENTITY_LOOKUP, ENTITY_LOOKUP_KEY, ORDER_BY, GENERATOR, REFER_TABLE, KEY_COLUMN, LOOKUP_COLUMN, MANDATORY, MIN_LENGTH, MAX_LENGTH, MIN_VALUE, MAX_VALUE, CONSTANT_VALUE, UNIQUE_KEY, CREATE_USER, CREATED_ON, LINE_NO, MANAGED, FIELD_PATH, DATA_TYPE, DATA1, DATA2, TRANSITIVE_FIELDS, FORMULA, ENTITY_LOOKUP_TYPE)
VALUES ('095fe502a52145f68ccd0be714176ef6', 0, '996a0494bc554a33a74f319334459628', 'custCodelist2', 'CUST_CODELIST2', 'NVARCHAR2(400)', 'CUSTOM_FIELD_CODE_LIST_CODE2', 0, 'string-m', '', '', '', '', '', '', '', 0, NULL, 400, NULL, NULL, '', '', 'system', systimestamp, '71', 0, 'entity.custCodelist2', 'codelist', '', '', '', '', '');
INSERT INTO CNT_FIELD_DEFINITION
 (ID, REVISION, PARENT_ID, FIELD_ID, COLUMN_NAME, COLUMN_TYPE, REPORT_COLUMN_NAME, PRODUCT_FIELD, FIELD_TYPE, ENTITY_LOOKUP, ENTITY_LOOKUP_KEY, ORDER_BY, GENERATOR, REFER_TABLE, KEY_COLUMN, LOOKUP_COLUMN, MANDATORY, MIN_LENGTH, MAX_LENGTH, MIN_VALUE, MAX_VALUE, CONSTANT_VALUE, UNIQUE_KEY, CREATE_USER, CREATED_ON, LINE_NO, MANAGED, FIELD_PATH, DATA_TYPE, DATA1, DATA2, TRANSITIVE_FIELDS, FORMULA, ENTITY_LOOKUP_TYPE)
VALUES ('65e9f297261b45d29f35a964c50fdc68', 0, '996a0494bc554a33a74f319334459628', 'custCodelist3', 'CUST_CODELIST3', 'NVARCHAR2(400)', 'CUSTOM_FIELD_CODE_LIST_CODE3', 0, 'string-m', '', '', '', '', '', '', '', 0, NULL, 400, NULL, NULL, '', '', 'system', systimestamp, '72', 0, 'entity.custCodelist3', 'codelist', '', '', '', '', '');
INSERT INTO CNT_FIELD_DEFINITION
 (ID, REVISION, PARENT_ID, FIELD_ID, COLUMN_NAME, COLUMN_TYPE, REPORT_COLUMN_NAME, PRODUCT_FIELD, FIELD_TYPE, ENTITY_LOOKUP, ENTITY_LOOKUP_KEY, ORDER_BY, GENERATOR, REFER_TABLE, KEY_COLUMN, LOOKUP_COLUMN, MANDATORY, MIN_LENGTH, MAX_LENGTH, MIN_VALUE, MAX_VALUE, CONSTANT_VALUE, UNIQUE_KEY, CREATE_USER, CREATED_ON, LINE_NO, MANAGED, FIELD_PATH, DATA_TYPE, DATA1, DATA2, TRANSITIVE_FIELDS, FORMULA, ENTITY_LOOKUP_TYPE)
VALUES ('1a93df8c01bf45ce879b1d5b8bbcee58', 0, '996a0494bc554a33a74f319334459628', 'custCodelist4', 'CUST_CODELIST4', 'NVARCHAR2(400)', 'CUSTOM_FIELD_CODE_LIST_CODE4', 0, 'string-m', '', '', '', '', '', '', '', 0, NULL, 400, NULL, NULL, '', '', 'system', systimestamp, '73', 0, 'entity.custCodelist4', 'codelist', '', '', '', '', '');
INSERT INTO CNT_FIELD_DEFINITION
 (ID, REVISION, PARENT_ID, FIELD_ID, COLUMN_NAME, COLUMN_TYPE, REPORT_COLUMN_NAME, PRODUCT_FIELD, FIELD_TYPE, ENTITY_LOOKUP, ENTITY_LOOKUP_KEY, ORDER_BY, GENERATOR, REFER_TABLE, KEY_COLUMN, LOOKUP_COLUMN, MANDATORY, MIN_LENGTH, MAX_LENGTH, MIN_VALUE, MAX_VALUE, CONSTANT_VALUE, UNIQUE_KEY, CREATE_USER, CREATED_ON, LINE_NO, MANAGED, FIELD_PATH, DATA_TYPE, DATA1, DATA2, TRANSITIVE_FIELDS, FORMULA, ENTITY_LOOKUP_TYPE)
VALUES ('b16a5946415d4d0fbfe68b06fda484a7', 0, '996a0494bc554a33a74f319334459628', 'custCodelist5', 'CUST_CODELIST5', 'NVARCHAR2(400)', 'CUSTOM_FIELD_CODE_LIST_CODE5', 0, 'string-m', '', '', '', '', '', '', '', 0, NULL, 400, NULL, NULL, '', '', 'system', systimestamp, '74', 0, 'entity.custCodelist5', 'codelist', '', '', '', '', '');
INSERT INTO CNT_FIELD_DEFINITION
 (ID, REVISION, PARENT_ID, FIELD_ID, COLUMN_NAME, COLUMN_TYPE, REPORT_COLUMN_NAME, PRODUCT_FIELD, FIELD_TYPE, ENTITY_LOOKUP, ENTITY_LOOKUP_KEY, ORDER_BY, GENERATOR, REFER_TABLE, KEY_COLUMN, LOOKUP_COLUMN, MANDATORY, MIN_LENGTH, MAX_LENGTH, MIN_VALUE, MAX_VALUE, CONSTANT_VALUE, UNIQUE_KEY, CREATE_USER, CREATED_ON, LINE_NO, MANAGED, FIELD_PATH, DATA_TYPE, DATA1, DATA2, TRANSITIVE_FIELDS, FORMULA, ENTITY_LOOKUP_TYPE)
VALUES ('0cfdb7b6150a4259a7d706528844c7c8', 0, '996a0494bc554a33a74f319334459628', 'custCodelist6', 'CUST_CODELIST6', 'NVARCHAR2(400)', 'CUSTOM_FIELD_CODE_LIST_CODE6', 0, 'string-m', '', '', '', '', '', '', '', 0, NULL, 400, NULL, NULL, '', '', 'system', systimestamp, '75', 0, 'entity.custCodelist6', 'codelist', '', '', '', '', '');
INSERT INTO CNT_FIELD_DEFINITION
 (ID, REVISION, PARENT_ID, FIELD_ID, COLUMN_NAME, COLUMN_TYPE, REPORT_COLUMN_NAME, PRODUCT_FIELD, FIELD_TYPE, ENTITY_LOOKUP, ENTITY_LOOKUP_KEY, ORDER_BY, GENERATOR, REFER_TABLE, KEY_COLUMN, LOOKUP_COLUMN, MANDATORY, MIN_LENGTH, MAX_LENGTH, MIN_VALUE, MAX_VALUE, CONSTANT_VALUE, UNIQUE_KEY, CREATE_USER, CREATED_ON, LINE_NO, MANAGED, FIELD_PATH, DATA_TYPE, DATA1, DATA2, TRANSITIVE_FIELDS, FORMULA, ENTITY_LOOKUP_TYPE)
VALUES ('ce088fc1c9f44528bd6985a271113b83', 0, '996a0494bc554a33a74f319334459628', 'custCodelist7', 'CUST_CODELIST7', 'NVARCHAR2(400)', 'CUSTOM_FIELD_CODE_LIST_CODE7', 0, 'string-m', '', '', '', '', '', '', '', 0, NULL, 400, NULL, NULL, '', '', 'system', systimestamp, '76', 0, 'entity.custCodelist7', 'codelist', '', '', '', '', '');
INSERT INTO CNT_FIELD_DEFINITION
 (ID, REVISION, PARENT_ID, FIELD_ID, COLUMN_NAME, COLUMN_TYPE, REPORT_COLUMN_NAME, PRODUCT_FIELD, FIELD_TYPE, ENTITY_LOOKUP, ENTITY_LOOKUP_KEY, ORDER_BY, GENERATOR, REFER_TABLE, KEY_COLUMN, LOOKUP_COLUMN, MANDATORY, MIN_LENGTH, MAX_LENGTH, MIN_VALUE, MAX_VALUE, CONSTANT_VALUE, UNIQUE_KEY, CREATE_USER, CREATED_ON, LINE_NO, MANAGED, FIELD_PATH, DATA_TYPE, DATA1, DATA2, TRANSITIVE_FIELDS, FORMULA, ENTITY_LOOKUP_TYPE)
VALUES ('05c5ece13c8c46efa6f9e4b5dfc4e270', 0, '996a0494bc554a33a74f319334459628', 'custMemoText1', 'CUST_MEMO_TEXT1', 'NVARCHAR2(1000)', 'CUSTOM_FIELD_MEMO_TEXT1', 0, 'string-l', '', '', '', '', '', '', '', 0, NULL, 1000, NULL, NULL, '', '', 'system', systimestamp, '77', 0, 'entity.custMemoText1', '', '', '', '', '', '');
INSERT INTO CNT_FIELD_DEFINITION
 (ID, REVISION, PARENT_ID, FIELD_ID, COLUMN_NAME, COLUMN_TYPE, REPORT_COLUMN_NAME, PRODUCT_FIELD, FIELD_TYPE, ENTITY_LOOKUP, ENTITY_LOOKUP_KEY, ORDER_BY, GENERATOR, REFER_TABLE, KEY_COLUMN, LOOKUP_COLUMN, MANDATORY, MIN_LENGTH, MAX_LENGTH, MIN_VALUE, MAX_VALUE, CONSTANT_VALUE, UNIQUE_KEY, CREATE_USER, CREATED_ON, LINE_NO, MANAGED, FIELD_PATH, DATA_TYPE, DATA1, DATA2, TRANSITIVE_FIELDS, FORMULA, ENTITY_LOOKUP_TYPE)
VALUES ('7c50dcd00e6440cca16afef581c4fa00', 0, '996a0494bc554a33a74f319334459628', 'custMemoText2', 'CUST_MEMO_TEXT2', 'NVARCHAR2(1000)', 'CUSTOM_FIELD_MEMO_TEXT2', 0, 'string-l', '', '', '', '', '', '', '', 0, NULL, 1000, NULL, NULL, '', '', 'system', systimestamp, '78', 0, 'entity.custMemoText2', '', '', '', '', '', '');
INSERT INTO CNT_FIELD_DEFINITION
 (ID, REVISION, PARENT_ID, FIELD_ID, COLUMN_NAME, COLUMN_TYPE, REPORT_COLUMN_NAME, PRODUCT_FIELD, FIELD_TYPE, ENTITY_LOOKUP, ENTITY_LOOKUP_KEY, ORDER_BY, GENERATOR, REFER_TABLE, KEY_COLUMN, LOOKUP_COLUMN, MANDATORY, MIN_LENGTH, MAX_LENGTH, MIN_VALUE, MAX_VALUE, CONSTANT_VALUE, UNIQUE_KEY, CREATE_USER, CREATED_ON, LINE_NO, MANAGED, FIELD_PATH, DATA_TYPE, DATA1, DATA2, TRANSITIVE_FIELDS, FORMULA, ENTITY_LOOKUP_TYPE)
VALUES ('44525a1715924d3691ccc8901ac72630', 0, '996a0494bc554a33a74f319334459628', 'custMemoText3', 'CUST_MEMO_TEXT3', 'NVARCHAR2(1000)', 'CUSTOM_FIELD_MEMO_TEXT3', 0, 'string-l', '', '', '', '', '', '', '', 0, NULL, 1000, NULL, NULL, '', '', 'system', systimestamp, '79', 0, 'entity.custMemoText3', '', '', '', '', '', '');
INSERT INTO CNT_FIELD_DEFINITION
 (ID, REVISION, PARENT_ID, FIELD_ID, COLUMN_NAME, COLUMN_TYPE, REPORT_COLUMN_NAME, PRODUCT_FIELD, FIELD_TYPE, ENTITY_LOOKUP, ENTITY_LOOKUP_KEY, ORDER_BY, GENERATOR, REFER_TABLE, KEY_COLUMN, LOOKUP_COLUMN, MANDATORY, MIN_LENGTH, MAX_LENGTH, MIN_VALUE, MAX_VALUE, CONSTANT_VALUE, UNIQUE_KEY, CREATE_USER, CREATED_ON, LINE_NO, MANAGED, FIELD_PATH, DATA_TYPE, DATA1, DATA2, TRANSITIVE_FIELDS, FORMULA, ENTITY_LOOKUP_TYPE)
VALUES ('8b4bb577e33f43a8a8ac78dae4a5a66e', 0, '996a0494bc554a33a74f319334459628', 'custMemoText4', 'CUST_MEMO_TEXT4', 'NVARCHAR2(1000)', 'CUSTOM_FIELD_MEMO_TEXT4', 0, 'string-l', '', '', '', '', '', '', '', 0, NULL, 1000, NULL, NULL, '', '', 'system', systimestamp, '80', 0, 'entity.custMemoText4', '', '', '', '', '', '');
INSERT INTO CNT_FIELD_DEFINITION
 (ID, REVISION, PARENT_ID, FIELD_ID, COLUMN_NAME, COLUMN_TYPE, REPORT_COLUMN_NAME, PRODUCT_FIELD, FIELD_TYPE, ENTITY_LOOKUP, ENTITY_LOOKUP_KEY, ORDER_BY, GENERATOR, REFER_TABLE, KEY_COLUMN, LOOKUP_COLUMN, MANDATORY, MIN_LENGTH, MAX_LENGTH, MIN_VALUE, MAX_VALUE, CONSTANT_VALUE, UNIQUE_KEY, CREATE_USER, CREATED_ON, LINE_NO, MANAGED, FIELD_PATH, DATA_TYPE, DATA1, DATA2, TRANSITIVE_FIELDS, FORMULA, ENTITY_LOOKUP_TYPE)
VALUES ('854178e4891046a6b212955740ce03bb', 0, '996a0494bc554a33a74f319334459628', 'custMemoText5', 'CUST_MEMO_TEXT5', 'NVARCHAR2(1000)', 'CUSTOM_FIELD_MEMO_TEXT5', 0, 'string-l', '', '', '', '', '', '', '', 0, NULL, 1000, NULL, NULL, '', '', 'system', systimestamp, '81', 0, 'entity.custMemoText5', '', '', '', '', '', '');
INSERT INTO CNT_FIELD_DEFINITION
 (ID, REVISION, PARENT_ID, FIELD_ID, COLUMN_NAME, COLUMN_TYPE, REPORT_COLUMN_NAME, PRODUCT_FIELD, FIELD_TYPE, ENTITY_LOOKUP, ENTITY_LOOKUP_KEY, ORDER_BY, GENERATOR, REFER_TABLE, KEY_COLUMN, LOOKUP_COLUMN, MANDATORY, MIN_LENGTH, MAX_LENGTH, MIN_VALUE, MAX_VALUE, CONSTANT_VALUE, UNIQUE_KEY, CREATE_USER, CREATED_ON, LINE_NO, MANAGED, FIELD_PATH, DATA_TYPE, DATA1, DATA2, TRANSITIVE_FIELDS, FORMULA, ENTITY_LOOKUP_TYPE)
VALUES ('1b2dee6eb69e48eba39746b83433928b', 0, '996a0494bc554a33a74f319334459628', 'custMemoText6', 'CUST_MEMO_TEXT6', 'NVARCHAR2(1000)', 'CUSTOM_FIELD_MEMO_TEXT6', 0, 'string-l', '', '', '', '', '', '', '', 0, NULL, 1000, NULL, NULL, '', '', 'system', systimestamp, '82', 0, 'entity.custMemoText6', '', '', '', '', '', '');
INSERT INTO CNT_FIELD_DEFINITION
 (ID, REVISION, PARENT_ID, FIELD_ID, COLUMN_NAME, COLUMN_TYPE, REPORT_COLUMN_NAME, PRODUCT_FIELD, FIELD_TYPE, ENTITY_LOOKUP, ENTITY_LOOKUP_KEY, ORDER_BY, GENERATOR, REFER_TABLE, KEY_COLUMN, LOOKUP_COLUMN, MANDATORY, MIN_LENGTH, MAX_LENGTH, MIN_VALUE, MAX_VALUE, CONSTANT_VALUE, UNIQUE_KEY, CREATE_USER, CREATED_ON, LINE_NO, MANAGED, FIELD_PATH, DATA_TYPE, DATA1, DATA2, TRANSITIVE_FIELDS, FORMULA, ENTITY_LOOKUP_TYPE)
VALUES ('4dd0d304f586406e9db60abe68491836', 0, '996a0494bc554a33a74f319334459628', 'custMemoText7', 'CUST_MEMO_TEXT7', 'NVARCHAR2(1000)', 'CUSTOM_FIELD_MEMO_TEXT7', 0, 'string-l', '', '', '', '', '', '', '', 0, NULL, 1000, NULL, NULL, '', '', 'system', systimestamp, '83', 0, 'entity.custMemoText7', '', '', '', '', '', '');
INSERT INTO CNT_FIELD_DEFINITION
 (ID, REVISION, PARENT_ID, FIELD_ID, COLUMN_NAME, COLUMN_TYPE, REPORT_COLUMN_NAME, PRODUCT_FIELD, FIELD_TYPE, ENTITY_LOOKUP, ENTITY_LOOKUP_KEY, ORDER_BY, GENERATOR, REFER_TABLE, KEY_COLUMN, LOOKUP_COLUMN, MANDATORY, MIN_LENGTH, MAX_LENGTH, MIN_VALUE, MAX_VALUE, CONSTANT_VALUE, UNIQUE_KEY, CREATE_USER, CREATED_ON, LINE_NO, MANAGED, FIELD_PATH, DATA_TYPE, DATA1, DATA2, TRANSITIVE_FIELDS, FORMULA, ENTITY_LOOKUP_TYPE)
VALUES ('7c3f259cf57a438f978893235e8efc27', 0, '996a0494bc554a33a74f319334459628', 'custHcl1', 'CUST_HCL1_ID', 'CHAR(32)', 'CUSTOM_FIELD_HCL_CODE_SYS_ID1', 0, 'entity', 'HclNode', 'id', '', '', '', '', '', 0, 32, 32, NULL, NULL, '', '', 'system', systimestamp, '84', 0, 'entity.custHcl1', '', '', '', '', '', '');
INSERT INTO CNT_FIELD_DEFINITION
 (ID, REVISION, PARENT_ID, FIELD_ID, COLUMN_NAME, COLUMN_TYPE, REPORT_COLUMN_NAME, PRODUCT_FIELD, FIELD_TYPE, ENTITY_LOOKUP, ENTITY_LOOKUP_KEY, ORDER_BY, GENERATOR, REFER_TABLE, KEY_COLUMN, LOOKUP_COLUMN, MANDATORY, MIN_LENGTH, MAX_LENGTH, MIN_VALUE, MAX_VALUE, CONSTANT_VALUE, UNIQUE_KEY, CREATE_USER, CREATED_ON, LINE_NO, MANAGED, FIELD_PATH, DATA_TYPE, DATA1, DATA2, TRANSITIVE_FIELDS, FORMULA, ENTITY_LOOKUP_TYPE)
VALUES ('b55cfc386b454159bc4be318c3d21f05', 0, '996a0494bc554a33a74f319334459628', 'custHcl2', 'CUST_HCL2_ID', 'CHAR(32)', 'CUSTOM_FIELD_HCL_CODE_SYS_ID2', 0, 'entity', 'HclNode', 'id', '', '', '', '', '', 0, 32, 32, NULL, NULL, '', '', 'system', systimestamp, '85', 0, 'entity.custHcl2', '', '', '', '', '', '');
INSERT INTO CNT_FIELD_DEFINITION
 (ID, REVISION, PARENT_ID, FIELD_ID, COLUMN_NAME, COLUMN_TYPE, REPORT_COLUMN_NAME, PRODUCT_FIELD, FIELD_TYPE, ENTITY_LOOKUP, ENTITY_LOOKUP_KEY, ORDER_BY, GENERATOR, REFER_TABLE, KEY_COLUMN, LOOKUP_COLUMN, MANDATORY, MIN_LENGTH, MAX_LENGTH, MIN_VALUE, MAX_VALUE, CONSTANT_VALUE, UNIQUE_KEY, CREATE_USER, CREATED_ON, LINE_NO, MANAGED, FIELD_PATH, DATA_TYPE, DATA1, DATA2, TRANSITIVE_FIELDS, FORMULA, ENTITY_LOOKUP_TYPE)
VALUES ('3d1aa153ac474a7bac5e43c03d56c0a6', 0, '996a0494bc554a33a74f319334459628', 'custHcl3', 'CUST_HCL3_ID', 'CHAR(32)', 'CUSTOM_FIELD_HCL_CODE_SYS_ID3', 0, 'entity', 'HclNode', 'id', '', '', '', '', '', 0, 32, 32, NULL, NULL, '', '', 'system', systimestamp, '86', 0, 'entity.custHcl3', '', '', '', '', '', '');
INSERT INTO CNT_FIELD_DEFINITION
 (ID, REVISION, PARENT_ID, FIELD_ID, COLUMN_NAME, COLUMN_TYPE, REPORT_COLUMN_NAME, PRODUCT_FIELD, FIELD_TYPE, ENTITY_LOOKUP, ENTITY_LOOKUP_KEY, ORDER_BY, GENERATOR, REFER_TABLE, KEY_COLUMN, LOOKUP_COLUMN, MANDATORY, MIN_LENGTH, MAX_LENGTH, MIN_VALUE, MAX_VALUE, CONSTANT_VALUE, UNIQUE_KEY, CREATE_USER, CREATED_ON, LINE_NO, MANAGED, FIELD_PATH, DATA_TYPE, DATA1, DATA2, TRANSITIVE_FIELDS, FORMULA, ENTITY_LOOKUP_TYPE)
VALUES ('d861dd2e7588461e8efbb9ca72a71654', 0, '996a0494bc554a33a74f319334459628', 'custHcl4', 'CUST_HCL4_ID', 'CHAR(32)', 'CUSTOM_FIELD_HCL_CODE_SYS_ID4', 0, 'entity', 'HclNode', 'id', '', '', '', '', '', 0, 32, 32, NULL, NULL, '', '', 'system', systimestamp, '87', 0, 'entity.custHcl4', '', '', '', '', '', '');
INSERT INTO CNT_FIELD_DEFINITION
 (ID, REVISION, PARENT_ID, FIELD_ID, COLUMN_NAME, COLUMN_TYPE, REPORT_COLUMN_NAME, PRODUCT_FIELD, FIELD_TYPE, ENTITY_LOOKUP, ENTITY_LOOKUP_KEY, ORDER_BY, GENERATOR, REFER_TABLE, KEY_COLUMN, LOOKUP_COLUMN, MANDATORY, MIN_LENGTH, MAX_LENGTH, MIN_VALUE, MAX_VALUE, CONSTANT_VALUE, UNIQUE_KEY, CREATE_USER, CREATED_ON, LINE_NO, MANAGED, FIELD_PATH, DATA_TYPE, DATA1, DATA2, TRANSITIVE_FIELDS, FORMULA, ENTITY_LOOKUP_TYPE)
VALUES ('0fcc0ca351714e2da66b00d9caf6e507', 0, '996a0494bc554a33a74f319334459628', 'custHcl5', 'CUST_HCL5_ID', 'CHAR(32)', 'CUSTOM_FIELD_HCL_CODE_SYS_ID5', 0, 'entity', 'HclNode', 'id', '', '', '', '', '', 0, 32, 32, NULL, NULL, '', '', 'system', systimestamp, '88', 0, 'entity.custHcl5', '', '', '', '', '', '');
INSERT INTO CNT_FIELD_DEFINITION
 (ID, REVISION, PARENT_ID, FIELD_ID, COLUMN_NAME, COLUMN_TYPE, REPORT_COLUMN_NAME, PRODUCT_FIELD, FIELD_TYPE, ENTITY_LOOKUP, ENTITY_LOOKUP_KEY, ORDER_BY, GENERATOR, REFER_TABLE, KEY_COLUMN, LOOKUP_COLUMN, MANDATORY, MIN_LENGTH, MAX_LENGTH, MIN_VALUE, MAX_VALUE, CONSTANT_VALUE, UNIQUE_KEY, CREATE_USER, CREATED_ON, LINE_NO, MANAGED, FIELD_PATH, DATA_TYPE, DATA1, DATA2, TRANSITIVE_FIELDS, FORMULA, ENTITY_LOOKUP_TYPE)
VALUES ('f8ec9d76167e4c93ab0b6baf1bd36020', 0, '996a0494bc554a33a74f319334459628', 'merchandiseHierarchyRef', 'MERCHANDISE_HIERARCHY_REF', 'NVARCHAR2(1000)', 'N/A', 1, 'string-l', '', '', '', '', '', '', '', 0, NULL, 1000, NULL, NULL, '', '', 'system', systimestamp, '89', 0, 'entity.merchandiseHierarchyRef', '', '', '', '', '', '');
INSERT INTO CNT_FIELD_DEFINITION
 (ID, REVISION, PARENT_ID, FIELD_ID, COLUMN_NAME, COLUMN_TYPE, REPORT_COLUMN_NAME, PRODUCT_FIELD, FIELD_TYPE, ENTITY_LOOKUP, ENTITY_LOOKUP_KEY, ORDER_BY, GENERATOR, REFER_TABLE, KEY_COLUMN, LOOKUP_COLUMN, MANDATORY, MIN_LENGTH, MAX_LENGTH, MIN_VALUE, MAX_VALUE, CONSTANT_VALUE, UNIQUE_KEY, CREATE_USER, CREATED_ON, LINE_NO, MANAGED, FIELD_PATH, DATA_TYPE, DATA1, DATA2, TRANSITIVE_FIELDS, FORMULA, ENTITY_LOOKUP_TYPE)
VALUES ('27e6c1c3112c4cafadf7193bc44219bc', 0, '996a0494bc554a33a74f319334459628', 'merchandiseHierarchyVer', 'MERCHANDISE_HIERARCHY_VER', 'NUMBER(20, 0)', 'N/A', 1, 'integer', '', '', '', '', '', '', '', 0, NULL, 18, NULL, NULL, '', '', 'system', systimestamp, '90', 0, 'entity.merchandiseHierarchyVer', '', '', '', '', '', '');
INSERT INTO CNT_FIELD_DEFINITION
 (ID, REVISION, PARENT_ID, FIELD_ID, COLUMN_NAME, COLUMN_TYPE, REPORT_COLUMN_NAME, PRODUCT_FIELD, FIELD_TYPE, ENTITY_LOOKUP, ENTITY_LOOKUP_KEY, ORDER_BY, GENERATOR, REFER_TABLE, KEY_COLUMN, LOOKUP_COLUMN, MANDATORY, MIN_LENGTH, MAX_LENGTH, MIN_VALUE, MAX_VALUE, CONSTANT_VALUE, UNIQUE_KEY, CREATE_USER, CREATED_ON, LINE_NO, MANAGED, FIELD_PATH, DATA_TYPE, DATA1, DATA2, TRANSITIVE_FIELDS, FORMULA, ENTITY_LOOKUP_TYPE)
VALUES ('c72457c9a4d246218b9f7c4c1ec1d63d', 0, '996a0494bc554a33a74f319334459628', 'merchandiseHierarchyRef2', 'MERCHANDISE_HIERARCHY_REF2', 'NVARCHAR2(1000)', 'N/A', 1, 'string-l', '', '', '', '', '', '', '', 0, NULL, 1000, NULL, NULL, '', '', 'system', systimestamp, '91', 0, 'entity.merchandiseHierarchyRef2', '', '', '', '', '', '');
INSERT INTO CNT_FIELD_DEFINITION
 (ID, REVISION, PARENT_ID, FIELD_ID, COLUMN_NAME, COLUMN_TYPE, REPORT_COLUMN_NAME, PRODUCT_FIELD, FIELD_TYPE, ENTITY_LOOKUP, ENTITY_LOOKUP_KEY, ORDER_BY, GENERATOR, REFER_TABLE, KEY_COLUMN, LOOKUP_COLUMN, MANDATORY, MIN_LENGTH, MAX_LENGTH, MIN_VALUE, MAX_VALUE, CONSTANT_VALUE, UNIQUE_KEY, CREATE_USER, CREATED_ON, LINE_NO, MANAGED, FIELD_PATH, DATA_TYPE, DATA1, DATA2, TRANSITIVE_FIELDS, FORMULA, ENTITY_LOOKUP_TYPE)
VALUES ('d213426d3fa145ed93c630e23795479a', 0, '996a0494bc554a33a74f319334459628', 'merchandiseHierarchFullLineage', 'MERCHANDISE_HIERARCH_FULL_L_0', 'NVARCHAR2(1000)', 'N/A', 1, 'string-l', '', '', '', '', '', '', '', 0, NULL, 1000, NULL, NULL, '', '', 'system', systimestamp, '92', 0, 'entity.merchandiseHierarchFullLineage', '', '', '', '', '', '');
INSERT INTO CNT_FIELD_DEFINITION
 (ID, REVISION, PARENT_ID, FIELD_ID, COLUMN_NAME, COLUMN_TYPE, REPORT_COLUMN_NAME, PRODUCT_FIELD, FIELD_TYPE, ENTITY_LOOKUP, ENTITY_LOOKUP_KEY, ORDER_BY, GENERATOR, REFER_TABLE, KEY_COLUMN, LOOKUP_COLUMN, MANDATORY, MIN_LENGTH, MAX_LENGTH, MIN_VALUE, MAX_VALUE, CONSTANT_VALUE, UNIQUE_KEY, CREATE_USER, CREATED_ON, LINE_NO, MANAGED, FIELD_PATH, DATA_TYPE, DATA1, DATA2, TRANSITIVE_FIELDS, FORMULA, ENTITY_LOOKUP_TYPE)
VALUES ('bbff888699684744ab0c18db01b40e3b', 0, '996a0494bc554a33a74f319334459628', 'custCodelist1Name', 'CUST_CODELIST1_NAME', 'NVARCHAR2(400)', 'N/A', 0, 'string-m', '', '', '', '', '', '', '', 0, NULL, 400, NULL, NULL, '', '', 'system', systimestamp, '93', 0, 'entity.custCodelist1Name', '', '', '', '', '', '');
INSERT INTO CNT_FIELD_DEFINITION
 (ID, REVISION, PARENT_ID, FIELD_ID, COLUMN_NAME, COLUMN_TYPE, REPORT_COLUMN_NAME, PRODUCT_FIELD, FIELD_TYPE, ENTITY_LOOKUP, ENTITY_LOOKUP_KEY, ORDER_BY, GENERATOR, REFER_TABLE, KEY_COLUMN, LOOKUP_COLUMN, MANDATORY, MIN_LENGTH, MAX_LENGTH, MIN_VALUE, MAX_VALUE, CONSTANT_VALUE, UNIQUE_KEY, CREATE_USER, CREATED_ON, LINE_NO, MANAGED, FIELD_PATH, DATA_TYPE, DATA1, DATA2, TRANSITIVE_FIELDS, FORMULA, ENTITY_LOOKUP_TYPE)
VALUES ('f7bd5b19d7a9411988ecbaf5c4cdcae1', 0, '996a0494bc554a33a74f319334459628', 'custCodelist2Name', 'CUST_CODELIST2_NAME', 'NVARCHAR2(400)', 'N/A', 0, 'string-m', '', '', '', '', '', '', '', 0, NULL, 400, NULL, NULL, '', '', 'system', systimestamp, '94', 0, 'entity.custCodelist2Name', '', '', '', '', '', '');
INSERT INTO CNT_FIELD_DEFINITION
 (ID, REVISION, PARENT_ID, FIELD_ID, COLUMN_NAME, COLUMN_TYPE, REPORT_COLUMN_NAME, PRODUCT_FIELD, FIELD_TYPE, ENTITY_LOOKUP, ENTITY_LOOKUP_KEY, ORDER_BY, GENERATOR, REFER_TABLE, KEY_COLUMN, LOOKUP_COLUMN, MANDATORY, MIN_LENGTH, MAX_LENGTH, MIN_VALUE, MAX_VALUE, CONSTANT_VALUE, UNIQUE_KEY, CREATE_USER, CREATED_ON, LINE_NO, MANAGED, FIELD_PATH, DATA_TYPE, DATA1, DATA2, TRANSITIVE_FIELDS, FORMULA, ENTITY_LOOKUP_TYPE)
VALUES ('ca3eb3144b3b4fd288f5af567d6e740e', 0, '996a0494bc554a33a74f319334459628', 'custCodelist3Name', 'CUST_CODELIST3_NAME', 'NVARCHAR2(400)', 'N/A', 0, 'string-m', '', '', '', '', '', '', '', 0, NULL, 400, NULL, NULL, '', '', 'system', systimestamp, '95', 0, 'entity.custCodelist3Name', '', '', '', '', '', '');
INSERT INTO CNT_FIELD_DEFINITION
 (ID, REVISION, PARENT_ID, FIELD_ID, COLUMN_NAME, COLUMN_TYPE, REPORT_COLUMN_NAME, PRODUCT_FIELD, FIELD_TYPE, ENTITY_LOOKUP, ENTITY_LOOKUP_KEY, ORDER_BY, GENERATOR, REFER_TABLE, KEY_COLUMN, LOOKUP_COLUMN, MANDATORY, MIN_LENGTH, MAX_LENGTH, MIN_VALUE, MAX_VALUE, CONSTANT_VALUE, UNIQUE_KEY, CREATE_USER, CREATED_ON, LINE_NO, MANAGED, FIELD_PATH, DATA_TYPE, DATA1, DATA2, TRANSITIVE_FIELDS, FORMULA, ENTITY_LOOKUP_TYPE)
VALUES ('508cf2d2da4b455d8764816fa7dd209c', 0, '996a0494bc554a33a74f319334459628', 'custCodelist4Name', 'CUST_CODELIST4_NAME', 'NVARCHAR2(400)', 'N/A', 0, 'string-m', '', '', '', '', '', '', '', 0, NULL, 400, NULL, NULL, '', '', 'system', systimestamp, '96', 0, 'entity.custCodelist4Name', '', '', '', '', '', '');
INSERT INTO CNT_FIELD_DEFINITION
 (ID, REVISION, PARENT_ID, FIELD_ID, COLUMN_NAME, COLUMN_TYPE, REPORT_COLUMN_NAME, PRODUCT_FIELD, FIELD_TYPE, ENTITY_LOOKUP, ENTITY_LOOKUP_KEY, ORDER_BY, GENERATOR, REFER_TABLE, KEY_COLUMN, LOOKUP_COLUMN, MANDATORY, MIN_LENGTH, MAX_LENGTH, MIN_VALUE, MAX_VALUE, CONSTANT_VALUE, UNIQUE_KEY, CREATE_USER, CREATED_ON, LINE_NO, MANAGED, FIELD_PATH, DATA_TYPE, DATA1, DATA2, TRANSITIVE_FIELDS, FORMULA, ENTITY_LOOKUP_TYPE)
VALUES ('ddc104e455b24f39b50496fa2fd09990', 0, '996a0494bc554a33a74f319334459628', 'custCodelist5Name', 'CUST_CODELIST5_NAME', 'NVARCHAR2(400)', 'N/A', 0, 'string-m', '', '', '', '', '', '', '', 0, NULL, 400, NULL, NULL, '', '', 'system', systimestamp, '97', 0, 'entity.custCodelist5Name', '', '', '', '', '', '');
INSERT INTO CNT_FIELD_DEFINITION
 (ID, REVISION, PARENT_ID, FIELD_ID, COLUMN_NAME, COLUMN_TYPE, REPORT_COLUMN_NAME, PRODUCT_FIELD, FIELD_TYPE, ENTITY_LOOKUP, ENTITY_LOOKUP_KEY, ORDER_BY, GENERATOR, REFER_TABLE, KEY_COLUMN, LOOKUP_COLUMN, MANDATORY, MIN_LENGTH, MAX_LENGTH, MIN_VALUE, MAX_VALUE, CONSTANT_VALUE, UNIQUE_KEY, CREATE_USER, CREATED_ON, LINE_NO, MANAGED, FIELD_PATH, DATA_TYPE, DATA1, DATA2, TRANSITIVE_FIELDS, FORMULA, ENTITY_LOOKUP_TYPE)
VALUES ('8eec809660f14519817300a83ed10b55', 0, '996a0494bc554a33a74f319334459628', 'custCodelist6Name', 'CUST_CODELIST6_NAME', 'NVARCHAR2(400)', 'N/A', 0, 'string-m', '', '', '', '', '', '', '', 0, NULL, 400, NULL, NULL, '', '', 'system', systimestamp, '98', 0, 'entity.custCodelist6Name', '', '', '', '', '', '');
INSERT INTO CNT_FIELD_DEFINITION
 (ID, REVISION, PARENT_ID, FIELD_ID, COLUMN_NAME, COLUMN_TYPE, REPORT_COLUMN_NAME, PRODUCT_FIELD, FIELD_TYPE, ENTITY_LOOKUP, ENTITY_LOOKUP_KEY, ORDER_BY, GENERATOR, REFER_TABLE, KEY_COLUMN, LOOKUP_COLUMN, MANDATORY, MIN_LENGTH, MAX_LENGTH, MIN_VALUE, MAX_VALUE, CONSTANT_VALUE, UNIQUE_KEY, CREATE_USER, CREATED_ON, LINE_NO, MANAGED, FIELD_PATH, DATA_TYPE, DATA1, DATA2, TRANSITIVE_FIELDS, FORMULA, ENTITY_LOOKUP_TYPE)
VALUES ('27d2cd5034064095a13004480fb64a02', 0, '996a0494bc554a33a74f319334459628', 'custCodelist7Name', 'CUST_CODELIST7_NAME', 'NVARCHAR2(400)', 'N/A', 0, 'string-m', '', '', '', '', '', '', '', 0, NULL, 400, NULL, NULL, '', '', 'system', systimestamp, '99', 0, 'entity.custCodelist7Name', '', '', '', '', '', '');
INSERT INTO CNT_FIELD_DEFINITION
 (ID, REVISION, PARENT_ID, FIELD_ID, COLUMN_NAME, COLUMN_TYPE, REPORT_COLUMN_NAME, PRODUCT_FIELD, FIELD_TYPE, ENTITY_LOOKUP, ENTITY_LOOKUP_KEY, ORDER_BY, GENERATOR, REFER_TABLE, KEY_COLUMN, LOOKUP_COLUMN, MANDATORY, MIN_LENGTH, MAX_LENGTH, MIN_VALUE, MAX_VALUE, CONSTANT_VALUE, UNIQUE_KEY, CREATE_USER, CREATED_ON, LINE_NO, MANAGED, FIELD_PATH, DATA_TYPE, DATA1, DATA2, TRANSITIVE_FIELDS, FORMULA, ENTITY_LOOKUP_TYPE)
VALUES ('176f6b6bdd604dd7b6ea92b473071497', 0, '996a0494bc554a33a74f319334459628', 'custHcl1Ref', 'CUST_HCL1_REF', 'NVARCHAR2(1000)', 'N/A', 0, 'string-l', '', '', '', '', '', '', '', 0, NULL, 1000, NULL, NULL, '', '', 'system', systimestamp, '100', 0, 'entity.custHcl1Ref', '', '', '', '', '', '');
INSERT INTO CNT_FIELD_DEFINITION
 (ID, REVISION, PARENT_ID, FIELD_ID, COLUMN_NAME, COLUMN_TYPE, REPORT_COLUMN_NAME, PRODUCT_FIELD, FIELD_TYPE, ENTITY_LOOKUP, ENTITY_LOOKUP_KEY, ORDER_BY, GENERATOR, REFER_TABLE, KEY_COLUMN, LOOKUP_COLUMN, MANDATORY, MIN_LENGTH, MAX_LENGTH, MIN_VALUE, MAX_VALUE, CONSTANT_VALUE, UNIQUE_KEY, CREATE_USER, CREATED_ON, LINE_NO, MANAGED, FIELD_PATH, DATA_TYPE, DATA1, DATA2, TRANSITIVE_FIELDS, FORMULA, ENTITY_LOOKUP_TYPE)
VALUES ('8fc844f5b062442ba81fb2d34777bfc7', 0, '996a0494bc554a33a74f319334459628', 'custHcl1Ver', 'CUST_HCL1_VER', 'NUMBER(20, 0)', 'N/A', 0, 'integer', '', '', '', '', '', '', '', 0, NULL, 18, NULL, NULL, '', '', 'system', systimestamp, '101', 0, 'entity.custHcl1Ver', '', '', '', '', '', '');
INSERT INTO CNT_FIELD_DEFINITION
 (ID, REVISION, PARENT_ID, FIELD_ID, COLUMN_NAME, COLUMN_TYPE, REPORT_COLUMN_NAME, PRODUCT_FIELD, FIELD_TYPE, ENTITY_LOOKUP, ENTITY_LOOKUP_KEY, ORDER_BY, GENERATOR, REFER_TABLE, KEY_COLUMN, LOOKUP_COLUMN, MANDATORY, MIN_LENGTH, MAX_LENGTH, MIN_VALUE, MAX_VALUE, CONSTANT_VALUE, UNIQUE_KEY, CREATE_USER, CREATED_ON, LINE_NO, MANAGED, FIELD_PATH, DATA_TYPE, DATA1, DATA2, TRANSITIVE_FIELDS, FORMULA, ENTITY_LOOKUP_TYPE)
VALUES ('1a042cdcfe124c23a3541019ec3b08f7', 0, '996a0494bc554a33a74f319334459628', 'custHcl1Ref2', 'CUST_HCL1_REF2', 'NVARCHAR2(1000)', 'N/A', 0, 'string-l', '', '', '', '', '', '', '', 0, NULL, 1000, NULL, NULL, '', '', 'system', systimestamp, '102', 0, 'entity.custHcl1Ref2', '', '', '', '', '', '');
INSERT INTO CNT_FIELD_DEFINITION
 (ID, REVISION, PARENT_ID, FIELD_ID, COLUMN_NAME, COLUMN_TYPE, REPORT_COLUMN_NAME, PRODUCT_FIELD, FIELD_TYPE, ENTITY_LOOKUP, ENTITY_LOOKUP_KEY, ORDER_BY, GENERATOR, REFER_TABLE, KEY_COLUMN, LOOKUP_COLUMN, MANDATORY, MIN_LENGTH, MAX_LENGTH, MIN_VALUE, MAX_VALUE, CONSTANT_VALUE, UNIQUE_KEY, CREATE_USER, CREATED_ON, LINE_NO, MANAGED, FIELD_PATH, DATA_TYPE, DATA1, DATA2, TRANSITIVE_FIELDS, FORMULA, ENTITY_LOOKUP_TYPE)
VALUES ('e5e21795266942399ef4ed9ebd5843b0', 0, '996a0494bc554a33a74f319334459628', 'custHcl1FullLineage', 'CUST_HCL1_FULL_LINEAGE', 'NVARCHAR2(1000)', 'N/A', 0, 'string-l', '', '', '', '', '', '', '', 0, NULL, 1000, NULL, NULL, '', '', 'system', systimestamp, '103', 0, 'entity.custHcl1FullLineage', '', '', '', '', '', '');
INSERT INTO CNT_FIELD_DEFINITION
 (ID, REVISION, PARENT_ID, FIELD_ID, COLUMN_NAME, COLUMN_TYPE, REPORT_COLUMN_NAME, PRODUCT_FIELD, FIELD_TYPE, ENTITY_LOOKUP, ENTITY_LOOKUP_KEY, ORDER_BY, GENERATOR, REFER_TABLE, KEY_COLUMN, LOOKUP_COLUMN, MANDATORY, MIN_LENGTH, MAX_LENGTH, MIN_VALUE, MAX_VALUE, CONSTANT_VALUE, UNIQUE_KEY, CREATE_USER, CREATED_ON, LINE_NO, MANAGED, FIELD_PATH, DATA_TYPE, DATA1, DATA2, TRANSITIVE_FIELDS, FORMULA, ENTITY_LOOKUP_TYPE)
VALUES ('476ad0c274eb4a719ad67b935e1b722b', 0, '996a0494bc554a33a74f319334459628', 'custHcl2Ref', 'CUST_HCL2_REF', 'NVARCHAR2(1000)', 'N/A', 0, 'string-l', '', '', '', '', '', '', '', 0, NULL, 1000, NULL, NULL, '', '', 'system', systimestamp, '104', 0, 'entity.custHcl2Ref', '', '', '', '', '', '');
INSERT INTO CNT_FIELD_DEFINITION
 (ID, REVISION, PARENT_ID, FIELD_ID, COLUMN_NAME, COLUMN_TYPE, REPORT_COLUMN_NAME, PRODUCT_FIELD, FIELD_TYPE, ENTITY_LOOKUP, ENTITY_LOOKUP_KEY, ORDER_BY, GENERATOR, REFER_TABLE, KEY_COLUMN, LOOKUP_COLUMN, MANDATORY, MIN_LENGTH, MAX_LENGTH, MIN_VALUE, MAX_VALUE, CONSTANT_VALUE, UNIQUE_KEY, CREATE_USER, CREATED_ON, LINE_NO, MANAGED, FIELD_PATH, DATA_TYPE, DATA1, DATA2, TRANSITIVE_FIELDS, FORMULA, ENTITY_LOOKUP_TYPE)
VALUES ('61fa8da5ffde4ecea8e21d9da970df81', 0, '996a0494bc554a33a74f319334459628', 'custHcl2Ver', 'CUST_HCL2_VER', 'NUMBER(20, 0)', 'N/A', 0, 'integer', '', '', '', '', '', '', '', 0, NULL, 18, NULL, NULL, '', '', 'system', systimestamp, '105', 0, 'entity.custHcl2Ver', '', '', '', '', '', '');
INSERT INTO CNT_FIELD_DEFINITION
 (ID, REVISION, PARENT_ID, FIELD_ID, COLUMN_NAME, COLUMN_TYPE, REPORT_COLUMN_NAME, PRODUCT_FIELD, FIELD_TYPE, ENTITY_LOOKUP, ENTITY_LOOKUP_KEY, ORDER_BY, GENERATOR, REFER_TABLE, KEY_COLUMN, LOOKUP_COLUMN, MANDATORY, MIN_LENGTH, MAX_LENGTH, MIN_VALUE, MAX_VALUE, CONSTANT_VALUE, UNIQUE_KEY, CREATE_USER, CREATED_ON, LINE_NO, MANAGED, FIELD_PATH, DATA_TYPE, DATA1, DATA2, TRANSITIVE_FIELDS, FORMULA, ENTITY_LOOKUP_TYPE)
VALUES ('217ca72cc743411892dae4544378ca0d', 0, '996a0494bc554a33a74f319334459628', 'custHcl2Ref2', 'CUST_HCL2_REF2', 'NVARCHAR2(1000)', 'N/A', 0, 'string-l', '', '', '', '', '', '', '', 0, NULL, 1000, NULL, NULL, '', '', 'system', systimestamp, '106', 0, 'entity.custHcl2Ref2', '', '', '', '', '', '');
INSERT INTO CNT_FIELD_DEFINITION
 (ID, REVISION, PARENT_ID, FIELD_ID, COLUMN_NAME, COLUMN_TYPE, REPORT_COLUMN_NAME, PRODUCT_FIELD, FIELD_TYPE, ENTITY_LOOKUP, ENTITY_LOOKUP_KEY, ORDER_BY, GENERATOR, REFER_TABLE, KEY_COLUMN, LOOKUP_COLUMN, MANDATORY, MIN_LENGTH, MAX_LENGTH, MIN_VALUE, MAX_VALUE, CONSTANT_VALUE, UNIQUE_KEY, CREATE_USER, CREATED_ON, LINE_NO, MANAGED, FIELD_PATH, DATA_TYPE, DATA1, DATA2, TRANSITIVE_FIELDS, FORMULA, ENTITY_LOOKUP_TYPE)
VALUES ('7febdce653cd4cb2829e0edc66aab59b', 0, '996a0494bc554a33a74f319334459628', 'custHcl2FullLineage', 'CUST_HCL2_FULL_LINEAGE', 'NVARCHAR2(1000)', 'N/A', 0, 'string-l', '', '', '', '', '', '', '', 0, NULL, 1000, NULL, NULL, '', '', 'system', systimestamp, '107', 0, 'entity.custHcl2FullLineage', '', '', '', '', '', '');
INSERT INTO CNT_FIELD_DEFINITION
 (ID, REVISION, PARENT_ID, FIELD_ID, COLUMN_NAME, COLUMN_TYPE, REPORT_COLUMN_NAME, PRODUCT_FIELD, FIELD_TYPE, ENTITY_LOOKUP, ENTITY_LOOKUP_KEY, ORDER_BY, GENERATOR, REFER_TABLE, KEY_COLUMN, LOOKUP_COLUMN, MANDATORY, MIN_LENGTH, MAX_LENGTH, MIN_VALUE, MAX_VALUE, CONSTANT_VALUE, UNIQUE_KEY, CREATE_USER, CREATED_ON, LINE_NO, MANAGED, FIELD_PATH, DATA_TYPE, DATA1, DATA2, TRANSITIVE_FIELDS, FORMULA, ENTITY_LOOKUP_TYPE)
VALUES ('c8da2f6d454a46f2aac78e31ec92636d', 0, '996a0494bc554a33a74f319334459628', 'custHcl3Ref', 'CUST_HCL3_REF', 'NVARCHAR2(1000)', 'N/A', 0, 'string-l', '', '', '', '', '', '', '', 0, NULL, 1000, NULL, NULL, '', '', 'system', systimestamp, '108', 0, 'entity.custHcl3Ref', '', '', '', '', '', '');
INSERT INTO CNT_FIELD_DEFINITION
 (ID, REVISION, PARENT_ID, FIELD_ID, COLUMN_NAME, COLUMN_TYPE, REPORT_COLUMN_NAME, PRODUCT_FIELD, FIELD_TYPE, ENTITY_LOOKUP, ENTITY_LOOKUP_KEY, ORDER_BY, GENERATOR, REFER_TABLE, KEY_COLUMN, LOOKUP_COLUMN, MANDATORY, MIN_LENGTH, MAX_LENGTH, MIN_VALUE, MAX_VALUE, CONSTANT_VALUE, UNIQUE_KEY, CREATE_USER, CREATED_ON, LINE_NO, MANAGED, FIELD_PATH, DATA_TYPE, DATA1, DATA2, TRANSITIVE_FIELDS, FORMULA, ENTITY_LOOKUP_TYPE)
VALUES ('9bdb5afae2104518b93f04f047ed0142', 0, '996a0494bc554a33a74f319334459628', 'custHcl3Ver', 'CUST_HCL3_VER', 'NUMBER(20, 0)', 'N/A', 0, 'integer', '', '', '', '', '', '', '', 0, NULL, 18, NULL, NULL, '', '', 'system', systimestamp, '109', 0, 'entity.custHcl3Ver', '', '', '', '', '', '');
INSERT INTO CNT_FIELD_DEFINITION
 (ID, REVISION, PARENT_ID, FIELD_ID, COLUMN_NAME, COLUMN_TYPE, REPORT_COLUMN_NAME, PRODUCT_FIELD, FIELD_TYPE, ENTITY_LOOKUP, ENTITY_LOOKUP_KEY, ORDER_BY, GENERATOR, REFER_TABLE, KEY_COLUMN, LOOKUP_COLUMN, MANDATORY, MIN_LENGTH, MAX_LENGTH, MIN_VALUE, MAX_VALUE, CONSTANT_VALUE, UNIQUE_KEY, CREATE_USER, CREATED_ON, LINE_NO, MANAGED, FIELD_PATH, DATA_TYPE, DATA1, DATA2, TRANSITIVE_FIELDS, FORMULA, ENTITY_LOOKUP_TYPE)
VALUES ('e8b1d20359c1441d85219ab37a7c98de', 0, '996a0494bc554a33a74f319334459628', 'custHcl3Ref2', 'CUST_HCL3_REF2', 'NVARCHAR2(1000)', 'N/A', 0, 'string-l', '', '', '', '', '', '', '', 0, NULL, 1000, NULL, NULL, '', '', 'system', systimestamp, '110', 0, 'entity.custHcl3Ref2', '', '', '', '', '', '');
INSERT INTO CNT_FIELD_DEFINITION
 (ID, REVISION, PARENT_ID, FIELD_ID, COLUMN_NAME, COLUMN_TYPE, REPORT_COLUMN_NAME, PRODUCT_FIELD, FIELD_TYPE, ENTITY_LOOKUP, ENTITY_LOOKUP_KEY, ORDER_BY, GENERATOR, REFER_TABLE, KEY_COLUMN, LOOKUP_COLUMN, MANDATORY, MIN_LENGTH, MAX_LENGTH, MIN_VALUE, MAX_VALUE, CONSTANT_VALUE, UNIQUE_KEY, CREATE_USER, CREATED_ON, LINE_NO, MANAGED, FIELD_PATH, DATA_TYPE, DATA1, DATA2, TRANSITIVE_FIELDS, FORMULA, ENTITY_LOOKUP_TYPE)
VALUES ('b8e12672227b4ce59874127f05a9fea3', 0, '996a0494bc554a33a74f319334459628', 'custHcl3FullLineage', 'CUST_HCL3_FULL_LINEAGE', 'NVARCHAR2(1000)', 'N/A', 0, 'string-l', '', '', '', '', '', '', '', 0, NULL, 1000, NULL, NULL, '', '', 'system', systimestamp, '111', 0, 'entity.custHcl3FullLineage', '', '', '', '', '', '');
INSERT INTO CNT_FIELD_DEFINITION
 (ID, REVISION, PARENT_ID, FIELD_ID, COLUMN_NAME, COLUMN_TYPE, REPORT_COLUMN_NAME, PRODUCT_FIELD, FIELD_TYPE, ENTITY_LOOKUP, ENTITY_LOOKUP_KEY, ORDER_BY, GENERATOR, REFER_TABLE, KEY_COLUMN, LOOKUP_COLUMN, MANDATORY, MIN_LENGTH, MAX_LENGTH, MIN_VALUE, MAX_VALUE, CONSTANT_VALUE, UNIQUE_KEY, CREATE_USER, CREATED_ON, LINE_NO, MANAGED, FIELD_PATH, DATA_TYPE, DATA1, DATA2, TRANSITIVE_FIELDS, FORMULA, ENTITY_LOOKUP_TYPE)
VALUES ('8c15280c47594f2a99d908e1563b90e2', 0, '996a0494bc554a33a74f319334459628', 'custHcl4Ref', 'CUST_HCL4_REF', 'NVARCHAR2(1000)', 'N/A', 0, 'string-l', '', '', '', '', '', '', '', 0, NULL, 1000, NULL, NULL, '', '', 'system', systimestamp, '112', 0, 'entity.custHcl4Ref', '', '', '', '', '', '');
INSERT INTO CNT_FIELD_DEFINITION
 (ID, REVISION, PARENT_ID, FIELD_ID, COLUMN_NAME, COLUMN_TYPE, REPORT_COLUMN_NAME, PRODUCT_FIELD, FIELD_TYPE, ENTITY_LOOKUP, ENTITY_LOOKUP_KEY, ORDER_BY, GENERATOR, REFER_TABLE, KEY_COLUMN, LOOKUP_COLUMN, MANDATORY, MIN_LENGTH, MAX_LENGTH, MIN_VALUE, MAX_VALUE, CONSTANT_VALUE, UNIQUE_KEY, CREATE_USER, CREATED_ON, LINE_NO, MANAGED, FIELD_PATH, DATA_TYPE, DATA1, DATA2, TRANSITIVE_FIELDS, FORMULA, ENTITY_LOOKUP_TYPE)
VALUES ('437bf81d33a34f169b45eb100ee5cb50', 0, '996a0494bc554a33a74f319334459628', 'custHcl4Ver', 'CUST_HCL4_VER', 'NUMBER(20, 0)', 'N/A', 0, 'integer', '', '', '', '', '', '', '', 0, NULL, 18, NULL, NULL, '', '', 'system', systimestamp, '113', 0, 'entity.custHcl4Ver', '', '', '', '', '', '');
INSERT INTO CNT_FIELD_DEFINITION
 (ID, REVISION, PARENT_ID, FIELD_ID, COLUMN_NAME, COLUMN_TYPE, REPORT_COLUMN_NAME, PRODUCT_FIELD, FIELD_TYPE, ENTITY_LOOKUP, ENTITY_LOOKUP_KEY, ORDER_BY, GENERATOR, REFER_TABLE, KEY_COLUMN, LOOKUP_COLUMN, MANDATORY, MIN_LENGTH, MAX_LENGTH, MIN_VALUE, MAX_VALUE, CONSTANT_VALUE, UNIQUE_KEY, CREATE_USER, CREATED_ON, LINE_NO, MANAGED, FIELD_PATH, DATA_TYPE, DATA1, DATA2, TRANSITIVE_FIELDS, FORMULA, ENTITY_LOOKUP_TYPE)
VALUES ('95d9c748704244bf8991d0d4281d7ab3', 0, '996a0494bc554a33a74f319334459628', 'custHcl4Ref2', 'CUST_HCL4_REF2', 'NVARCHAR2(1000)', 'N/A', 0, 'string-l', '', '', '', '', '', '', '', 0, NULL, 1000, NULL, NULL, '', '', 'system', systimestamp, '114', 0, 'entity.custHcl4Ref2', '', '', '', '', '', '');
INSERT INTO CNT_FIELD_DEFINITION
 (ID, REVISION, PARENT_ID, FIELD_ID, COLUMN_NAME, COLUMN_TYPE, REPORT_COLUMN_NAME, PRODUCT_FIELD, FIELD_TYPE, ENTITY_LOOKUP, ENTITY_LOOKUP_KEY, ORDER_BY, GENERATOR, REFER_TABLE, KEY_COLUMN, LOOKUP_COLUMN, MANDATORY, MIN_LENGTH, MAX_LENGTH, MIN_VALUE, MAX_VALUE, CONSTANT_VALUE, UNIQUE_KEY, CREATE_USER, CREATED_ON, LINE_NO, MANAGED, FIELD_PATH, DATA_TYPE, DATA1, DATA2, TRANSITIVE_FIELDS, FORMULA, ENTITY_LOOKUP_TYPE)
VALUES ('bcc436f46e094b6ebe984088d52f6b49', 0, '996a0494bc554a33a74f319334459628', 'custHcl4FullLineage', 'CUST_HCL4_FULL_LINEAGE', 'NVARCHAR2(1000)', 'N/A', 0, 'string-l', '', '', '', '', '', '', '', 0, NULL, 1000, NULL, NULL, '', '', 'system', systimestamp, '115', 0, 'entity.custHcl4FullLineage', '', '', '', '', '', '');
INSERT INTO CNT_FIELD_DEFINITION
 (ID, REVISION, PARENT_ID, FIELD_ID, COLUMN_NAME, COLUMN_TYPE, REPORT_COLUMN_NAME, PRODUCT_FIELD, FIELD_TYPE, ENTITY_LOOKUP, ENTITY_LOOKUP_KEY, ORDER_BY, GENERATOR, REFER_TABLE, KEY_COLUMN, LOOKUP_COLUMN, MANDATORY, MIN_LENGTH, MAX_LENGTH, MIN_VALUE, MAX_VALUE, CONSTANT_VALUE, UNIQUE_KEY, CREATE_USER, CREATED_ON, LINE_NO, MANAGED, FIELD_PATH, DATA_TYPE, DATA1, DATA2, TRANSITIVE_FIELDS, FORMULA, ENTITY_LOOKUP_TYPE)
VALUES ('e9bc2c3ac2124c26baf5f1b83aa9037f', 0, '996a0494bc554a33a74f319334459628', 'custHcl5Ref', 'CUST_HCL5_REF', 'NVARCHAR2(1000)', 'N/A', 0, 'string-l', '', '', '', '', '', '', '', 0, NULL, 1000, NULL, NULL, '', '', 'system', systimestamp, '116', 0, 'entity.custHcl5Ref', '', '', '', '', '', '');
INSERT INTO CNT_FIELD_DEFINITION
 (ID, REVISION, PARENT_ID, FIELD_ID, COLUMN_NAME, COLUMN_TYPE, REPORT_COLUMN_NAME, PRODUCT_FIELD, FIELD_TYPE, ENTITY_LOOKUP, ENTITY_LOOKUP_KEY, ORDER_BY, GENERATOR, REFER_TABLE, KEY_COLUMN, LOOKUP_COLUMN, MANDATORY, MIN_LENGTH, MAX_LENGTH, MIN_VALUE, MAX_VALUE, CONSTANT_VALUE, UNIQUE_KEY, CREATE_USER, CREATED_ON, LINE_NO, MANAGED, FIELD_PATH, DATA_TYPE, DATA1, DATA2, TRANSITIVE_FIELDS, FORMULA, ENTITY_LOOKUP_TYPE)
VALUES ('7c1ae8d3c9e446639a248536c2dff269', 0, '996a0494bc554a33a74f319334459628', 'custHcl5Ver', 'CUST_HCL5_VER', 'NUMBER(20, 0)', 'N/A', 0, 'integer', '', '', '', '', '', '', '', 0, NULL, 18, NULL, NULL, '', '', 'system', systimestamp, '117', 0, 'entity.custHcl5Ver', '', '', '', '', '', '');
INSERT INTO CNT_FIELD_DEFINITION
 (ID, REVISION, PARENT_ID, FIELD_ID, COLUMN_NAME, COLUMN_TYPE, REPORT_COLUMN_NAME, PRODUCT_FIELD, FIELD_TYPE, ENTITY_LOOKUP, ENTITY_LOOKUP_KEY, ORDER_BY, GENERATOR, REFER_TABLE, KEY_COLUMN, LOOKUP_COLUMN, MANDATORY, MIN_LENGTH, MAX_LENGTH, MIN_VALUE, MAX_VALUE, CONSTANT_VALUE, UNIQUE_KEY, CREATE_USER, CREATED_ON, LINE_NO, MANAGED, FIELD_PATH, DATA_TYPE, DATA1, DATA2, TRANSITIVE_FIELDS, FORMULA, ENTITY_LOOKUP_TYPE)
VALUES ('0b0c3cd7668e47cea2804c81c1439a2c', 0, '996a0494bc554a33a74f319334459628', 'custHcl5Ref2', 'CUST_HCL5_REF2', 'NVARCHAR2(1000)', 'N/A', 0, 'string-l', '', '', '', '', '', '', '', 0, NULL, 1000, NULL, NULL, '', '', 'system', systimestamp, '118', 0, 'entity.custHcl5Ref2', '', '', '', '', '', '');
INSERT INTO CNT_FIELD_DEFINITION
 (ID, REVISION, PARENT_ID, FIELD_ID, COLUMN_NAME, COLUMN_TYPE, REPORT_COLUMN_NAME, PRODUCT_FIELD, FIELD_TYPE, ENTITY_LOOKUP, ENTITY_LOOKUP_KEY, ORDER_BY, GENERATOR, REFER_TABLE, KEY_COLUMN, LOOKUP_COLUMN, MANDATORY, MIN_LENGTH, MAX_LENGTH, MIN_VALUE, MAX_VALUE, CONSTANT_VALUE, UNIQUE_KEY, CREATE_USER, CREATED_ON, LINE_NO, MANAGED, FIELD_PATH, DATA_TYPE, DATA1, DATA2, TRANSITIVE_FIELDS, FORMULA, ENTITY_LOOKUP_TYPE)
VALUES ('a93269d684d044c3976a516c8566f55e', 0, '996a0494bc554a33a74f319334459628', 'custHcl5FullLineage', 'CUST_HCL5_FULL_LINEAGE', 'NVARCHAR2(1000)', 'N/A', 0, 'string-l', '', '', '', '', '', '', '', 0, NULL, 1000, NULL, NULL, '', '', 'system', systimestamp, '119', 0, 'entity.custHcl5FullLineage', '', '', '', '', '', '');
INSERT INTO CNT_ENTITY_DEFINITION
 (ID, REVISION, ENTITY_NAME, ENTITY_VERSION, PRODUCT_TABLE_NAME, CUSTOM_TABLE_NAME, REPORT_TABLE_NAME, MODULE, TYPE, REVISION_TRACKING, VERSION_TRACKING, HISTORY_ENTITY_NAME, REF_PATTERN, SYSTEM_ENTITY, CREATE_USER, CREATED_ON, IS_FOR_EXTERNAL)
VALUES ('2083638dd01c4a0e9b666dc041b40693', 0, 'CommitAddress', 1, 'CNT_COMMIT_ADDRESS', 'CTM_COMMIT', 'COMMITMENT_ADDRESS', 'commit', 'inner', 'ALL', 'ALL', '', '', 0, 'system', systimestamp, 0);
INSERT INTO CNT_FIELD_DEFINITION
 (ID, REVISION, PARENT_ID, FIELD_ID, COLUMN_NAME, COLUMN_TYPE, REPORT_COLUMN_NAME, PRODUCT_FIELD, FIELD_TYPE, ENTITY_LOOKUP, ENTITY_LOOKUP_KEY, ORDER_BY, GENERATOR, REFER_TABLE, KEY_COLUMN, LOOKUP_COLUMN, MANDATORY, MIN_LENGTH, MAX_LENGTH, MIN_VALUE, MAX_VALUE, CONSTANT_VALUE, UNIQUE_KEY, CREATE_USER, CREATED_ON, LINE_NO, MANAGED, FIELD_PATH, DATA_TYPE, DATA1, DATA2, TRANSITIVE_FIELDS, FORMULA, ENTITY_LOOKUP_TYPE)
VALUES ('ee75cca6fd094ac289d1d9fcf9bad862', 0, '2083638dd01c4a0e9b666dc041b40693', 'id', 'ID', 'CHAR(32)', '', 1, 'id', '', '', '', 'com.core.cbx.data.generator.UUIDGenerator', '', '', '', 0, 32, 32, NULL, NULL, '', '', 'system', systimestamp, '0', 0, 'entity.commitAddress.id', '', '', '', '', '', '');
INSERT INTO CNT_FIELD_DEFINITION
 (ID, REVISION, PARENT_ID, FIELD_ID, COLUMN_NAME, COLUMN_TYPE, REPORT_COLUMN_NAME, PRODUCT_FIELD, FIELD_TYPE, ENTITY_LOOKUP, ENTITY_LOOKUP_KEY, ORDER_BY, GENERATOR, REFER_TABLE, KEY_COLUMN, LOOKUP_COLUMN, MANDATORY, MIN_LENGTH, MAX_LENGTH, MIN_VALUE, MAX_VALUE, CONSTANT_VALUE, UNIQUE_KEY, CREATE_USER, CREATED_ON, LINE_NO, MANAGED, FIELD_PATH, DATA_TYPE, DATA1, DATA2, TRANSITIVE_FIELDS, FORMULA, ENTITY_LOOKUP_TYPE)
VALUES ('3fa6aefce53f45b2bb0a8870b2958ad7', 0, '2083638dd01c4a0e9b666dc041b40693', 'revision', 'REVISION', 'NUMBER(20, 0)', '', 1, 'integer', '', '', '', '', '', '', '', 0, NULL, 18, NULL, NULL, '', '', 'system', systimestamp, '1', 0, 'entity.commitAddress.revision', '', '', '', '', '', '');
INSERT INTO CNT_FIELD_DEFINITION
 (ID, REVISION, PARENT_ID, FIELD_ID, COLUMN_NAME, COLUMN_TYPE, REPORT_COLUMN_NAME, PRODUCT_FIELD, FIELD_TYPE, ENTITY_LOOKUP, ENTITY_LOOKUP_KEY, ORDER_BY, GENERATOR, REFER_TABLE, KEY_COLUMN, LOOKUP_COLUMN, MANDATORY, MIN_LENGTH, MAX_LENGTH, MIN_VALUE, MAX_VALUE, CONSTANT_VALUE, UNIQUE_KEY, CREATE_USER, CREATED_ON, LINE_NO, MANAGED, FIELD_PATH, DATA_TYPE, DATA1, DATA2, TRANSITIVE_FIELDS, FORMULA, ENTITY_LOOKUP_TYPE)
VALUES ('cb505c8892894615bc1d35ed5951a5a9', 0, '2083638dd01c4a0e9b666dc041b40693', 'entityVersion', 'ENTITY_VERSION', 'NUMBER(20, 0)', '', 1, 'integer', '', '', '', '', '', '', '', 0, NULL, 18, NULL, NULL, '', '', 'system', systimestamp, '2', 0, 'entity.commitAddress.entityVersion', '', '', '', '', '', '');
INSERT INTO CNT_FIELD_DEFINITION
 (ID, REVISION, PARENT_ID, FIELD_ID, COLUMN_NAME, COLUMN_TYPE, REPORT_COLUMN_NAME, PRODUCT_FIELD, FIELD_TYPE, ENTITY_LOOKUP, ENTITY_LOOKUP_KEY, ORDER_BY, GENERATOR, REFER_TABLE, KEY_COLUMN, LOOKUP_COLUMN, MANDATORY, MIN_LENGTH, MAX_LENGTH, MIN_VALUE, MAX_VALUE, CONSTANT_VALUE, UNIQUE_KEY, CREATE_USER, CREATED_ON, LINE_NO, MANAGED, FIELD_PATH, DATA_TYPE, DATA1, DATA2, TRANSITIVE_FIELDS, FORMULA, ENTITY_LOOKUP_TYPE)
VALUES ('bce11b2136dc43fd81e32c7891bf49a0', 0, '2083638dd01c4a0e9b666dc041b40693', 'domainId', 'DOMAIN_ID', 'NVARCHAR2(400)', '', 1, 'string-m', '', '', '', '', '', '', '', 0, NULL, 400, NULL, NULL, '', '', 'system', systimestamp, '3', 0, 'entity.commitAddress.domainId', '', '', '', '', '', '');
INSERT INTO CNT_FIELD_DEFINITION
 (ID, REVISION, PARENT_ID, FIELD_ID, COLUMN_NAME, COLUMN_TYPE, REPORT_COLUMN_NAME, PRODUCT_FIELD, FIELD_TYPE, ENTITY_LOOKUP, ENTITY_LOOKUP_KEY, ORDER_BY, GENERATOR, REFER_TABLE, KEY_COLUMN, LOOKUP_COLUMN, MANDATORY, MIN_LENGTH, MAX_LENGTH, MIN_VALUE, MAX_VALUE, CONSTANT_VALUE, UNIQUE_KEY, CREATE_USER, CREATED_ON, LINE_NO, MANAGED, FIELD_PATH, DATA_TYPE, DATA1, DATA2, TRANSITIVE_FIELDS, FORMULA, ENTITY_LOOKUP_TYPE)
VALUES ('8d822479304742808a55838f42fc5b24', 0, '2083638dd01c4a0e9b666dc041b40693', 'hubDomainId', 'HUB_DOMAIN_ID', 'NVARCHAR2(400)', '', 1, 'string-m', '', '', '', '', '', '', '', 0, NULL, 400, NULL, NULL, '', '', 'system', systimestamp, '4', 0, 'entity.commitAddress.hubDomainId', '', '', '', '', '', '');
INSERT INTO CNT_FIELD_DEFINITION
 (ID, REVISION, PARENT_ID, FIELD_ID, COLUMN_NAME, COLUMN_TYPE, REPORT_COLUMN_NAME, PRODUCT_FIELD, FIELD_TYPE, ENTITY_LOOKUP, ENTITY_LOOKUP_KEY, ORDER_BY, GENERATOR, REFER_TABLE, KEY_COLUMN, LOOKUP_COLUMN, MANDATORY, MIN_LENGTH, MAX_LENGTH, MIN_VALUE, MAX_VALUE, CONSTANT_VALUE, UNIQUE_KEY, CREATE_USER, CREATED_ON, LINE_NO, MANAGED, FIELD_PATH, DATA_TYPE, DATA1, DATA2, TRANSITIVE_FIELDS, FORMULA, ENTITY_LOOKUP_TYPE)
VALUES ('0f5a8191d89e4737811d02417c36f456', 0, '2083638dd01c4a0e9b666dc041b40693', 'isForReference', 'IS_FOR_REFERENCE', 'NUMBER(1,0)', '', 1, 'boolean', '', '', '', '', '', '', '', 0, NULL, NULL, NULL, NULL, '', '', 'system', systimestamp, '5', 0, 'entity.commitAddress.isForReference', '', '', '', '', '', '');
INSERT INTO CNT_FIELD_DEFINITION
 (ID, REVISION, PARENT_ID, FIELD_ID, COLUMN_NAME, COLUMN_TYPE, REPORT_COLUMN_NAME, PRODUCT_FIELD, FIELD_TYPE, ENTITY_LOOKUP, ENTITY_LOOKUP_KEY, ORDER_BY, GENERATOR, REFER_TABLE, KEY_COLUMN, LOOKUP_COLUMN, MANDATORY, MIN_LENGTH, MAX_LENGTH, MIN_VALUE, MAX_VALUE, CONSTANT_VALUE, UNIQUE_KEY, CREATE_USER, CREATED_ON, LINE_NO, MANAGED, FIELD_PATH, DATA_TYPE, DATA1, DATA2, TRANSITIVE_FIELDS, FORMULA, ENTITY_LOOKUP_TYPE)
VALUES ('a196687ff50b498387a6b7bfda60bfc9', 0, '2083638dd01c4a0e9b666dc041b40693', 'internalSeqNo', 'INTERNAL_SEQ_NO', 'NUMBER(20, 0)', 'n/a', 1, 'integer', '', '', '', '', '', '', '', 0, NULL, 18, NULL, NULL, '', '', 'system', systimestamp, '6', 0, 'entity.commitAddress.internalSeqNo', '', '', '', '', '', '');
INSERT INTO CNT_FIELD_DEFINITION
 (ID, REVISION, PARENT_ID, FIELD_ID, COLUMN_NAME, COLUMN_TYPE, REPORT_COLUMN_NAME, PRODUCT_FIELD, FIELD_TYPE, ENTITY_LOOKUP, ENTITY_LOOKUP_KEY, ORDER_BY, GENERATOR, REFER_TABLE, KEY_COLUMN, LOOKUP_COLUMN, MANDATORY, MIN_LENGTH, MAX_LENGTH, MIN_VALUE, MAX_VALUE, CONSTANT_VALUE, UNIQUE_KEY, CREATE_USER, CREATED_ON, LINE_NO, MANAGED, FIELD_PATH, DATA_TYPE, DATA1, DATA2, TRANSITIVE_FIELDS, FORMULA, ENTITY_LOOKUP_TYPE)
VALUES ('ed2fba0531da4521bd6ac342256bf4cc', 0, '2083638dd01c4a0e9b666dc041b40693', 'commitId', 'COMMIT_ID', 'CHAR(32)', 'COMMITMENT_SYS_ID', 1, 'id', '', '', '', '', '', '', '', 1, 32, 32, NULL, NULL, '', '', 'system', systimestamp, '7', 0, 'entity.commitAddress.commitId', '', '', '', '', '', '');
INSERT INTO CNT_FIELD_DEFINITION
 (ID, REVISION, PARENT_ID, FIELD_ID, COLUMN_NAME, COLUMN_TYPE, REPORT_COLUMN_NAME, PRODUCT_FIELD, FIELD_TYPE, ENTITY_LOOKUP, ENTITY_LOOKUP_KEY, ORDER_BY, GENERATOR, REFER_TABLE, KEY_COLUMN, LOOKUP_COLUMN, MANDATORY, MIN_LENGTH, MAX_LENGTH, MIN_VALUE, MAX_VALUE, CONSTANT_VALUE, UNIQUE_KEY, CREATE_USER, CREATED_ON, LINE_NO, MANAGED, FIELD_PATH, DATA_TYPE, DATA1, DATA2, TRANSITIVE_FIELDS, FORMULA, ENTITY_LOOKUP_TYPE)
VALUES ('a6e8e75d7fd446be8d5776d917d35bb0', 0, '2083638dd01c4a0e9b666dc041b40693', 'commitContactId', 'COMMIT_CONTACT_ID', 'CHAR(32)', 'CONTACT_SYS_ID', 1, 'id', '', '', '', '', '', '', '', 0, 32, 32, NULL, NULL, '', '', 'system', systimestamp, '8', 0, 'entity.commitAddress.commitContactId', '', '', '', '', '', '');
INSERT INTO CNT_FIELD_DEFINITION
 (ID, REVISION, PARENT_ID, FIELD_ID, COLUMN_NAME, COLUMN_TYPE, REPORT_COLUMN_NAME, PRODUCT_FIELD, FIELD_TYPE, ENTITY_LOOKUP, ENTITY_LOOKUP_KEY, ORDER_BY, GENERATOR, REFER_TABLE, KEY_COLUMN, LOOKUP_COLUMN, MANDATORY, MIN_LENGTH, MAX_LENGTH, MIN_VALUE, MAX_VALUE, CONSTANT_VALUE, UNIQUE_KEY, CREATE_USER, CREATED_ON, LINE_NO, MANAGED, FIELD_PATH, DATA_TYPE, DATA1, DATA2, TRANSITIVE_FIELDS, FORMULA, ENTITY_LOOKUP_TYPE)
VALUES ('88a2ae036e6f405188a2fe1f2419102b', 0, '2083638dd01c4a0e9b666dc041b40693', 'addressType', 'ADDRESS_TYPE', 'NVARCHAR2(400)', 'ADDRESS_TYPE', 1, 'string-m', '', '', '', '', '', '', '', 0, NULL, 400, NULL, NULL, '', '', 'system', systimestamp, '9', 0, 'entity.commitAddress.addressType', '', '', '', '', '', '');
INSERT INTO CNT_FIELD_DEFINITION
 (ID, REVISION, PARENT_ID, FIELD_ID, COLUMN_NAME, COLUMN_TYPE, REPORT_COLUMN_NAME, PRODUCT_FIELD, FIELD_TYPE, ENTITY_LOOKUP, ENTITY_LOOKUP_KEY, ORDER_BY, GENERATOR, REFER_TABLE, KEY_COLUMN, LOOKUP_COLUMN, MANDATORY, MIN_LENGTH, MAX_LENGTH, MIN_VALUE, MAX_VALUE, CONSTANT_VALUE, UNIQUE_KEY, CREATE_USER, CREATED_ON, LINE_NO, MANAGED, FIELD_PATH, DATA_TYPE, DATA1, DATA2, TRANSITIVE_FIELDS, FORMULA, ENTITY_LOOKUP_TYPE)
VALUES ('c3e2f6ce4f03439580512fbab51f2759', 0, '2083638dd01c4a0e9b666dc041b40693', 'address1', 'ADDRESS1', 'NVARCHAR2(1000)', 'ADDRESS1', 1, 'string-l', '', '', '', '', '', '', '', 0, NULL, 1000, NULL, NULL, '', '', 'system', systimestamp, '10', 0, 'entity.commitAddress.address1', '', '', '', '', '', '');
INSERT INTO CNT_FIELD_DEFINITION
 (ID, REVISION, PARENT_ID, FIELD_ID, COLUMN_NAME, COLUMN_TYPE, REPORT_COLUMN_NAME, PRODUCT_FIELD, FIELD_TYPE, ENTITY_LOOKUP, ENTITY_LOOKUP_KEY, ORDER_BY, GENERATOR, REFER_TABLE, KEY_COLUMN, LOOKUP_COLUMN, MANDATORY, MIN_LENGTH, MAX_LENGTH, MIN_VALUE, MAX_VALUE, CONSTANT_VALUE, UNIQUE_KEY, CREATE_USER, CREATED_ON, LINE_NO, MANAGED, FIELD_PATH, DATA_TYPE, DATA1, DATA2, TRANSITIVE_FIELDS, FORMULA, ENTITY_LOOKUP_TYPE)
VALUES ('6f2df1b610f34bf491d182c738e730a0', 0, '2083638dd01c4a0e9b666dc041b40693', 'address2', 'ADDRESS2', 'NVARCHAR2(1000)', 'ADDRESS2', 1, 'string-l', '', '', '', '', '', '', '', 0, NULL, 1000, NULL, NULL, '', '', 'system', systimestamp, '11', 0, 'entity.commitAddress.address2', '', '', '', '', '', '');
INSERT INTO CNT_FIELD_DEFINITION
 (ID, REVISION, PARENT_ID, FIELD_ID, COLUMN_NAME, COLUMN_TYPE, REPORT_COLUMN_NAME, PRODUCT_FIELD, FIELD_TYPE, ENTITY_LOOKUP, ENTITY_LOOKUP_KEY, ORDER_BY, GENERATOR, REFER_TABLE, KEY_COLUMN, LOOKUP_COLUMN, MANDATORY, MIN_LENGTH, MAX_LENGTH, MIN_VALUE, MAX_VALUE, CONSTANT_VALUE, UNIQUE_KEY, CREATE_USER, CREATED_ON, LINE_NO, MANAGED, FIELD_PATH, DATA_TYPE, DATA1, DATA2, TRANSITIVE_FIELDS, FORMULA, ENTITY_LOOKUP_TYPE)
VALUES ('e9d39e68dc844b668b4557be1e1c774b', 0, '2083638dd01c4a0e9b666dc041b40693', 'address3', 'ADDRESS3', 'NVARCHAR2(1000)', 'ADDRESS3', 1, 'string-l', '', '', '', '', '', '', '', 0, NULL, 1000, NULL, NULL, '', '', 'system', systimestamp, '12', 0, 'entity.commitAddress.address3', '', '', '', '', '', '');
INSERT INTO CNT_FIELD_DEFINITION
 (ID, REVISION, PARENT_ID, FIELD_ID, COLUMN_NAME, COLUMN_TYPE, REPORT_COLUMN_NAME, PRODUCT_FIELD, FIELD_TYPE, ENTITY_LOOKUP, ENTITY_LOOKUP_KEY, ORDER_BY, GENERATOR, REFER_TABLE, KEY_COLUMN, LOOKUP_COLUMN, MANDATORY, MIN_LENGTH, MAX_LENGTH, MIN_VALUE, MAX_VALUE, CONSTANT_VALUE, UNIQUE_KEY, CREATE_USER, CREATED_ON, LINE_NO, MANAGED, FIELD_PATH, DATA_TYPE, DATA1, DATA2, TRANSITIVE_FIELDS, FORMULA, ENTITY_LOOKUP_TYPE)
VALUES ('96fa6ced77d04547be2f432084f9d10b', 0, '2083638dd01c4a0e9b666dc041b40693', 'address4', 'ADDRESS4', 'NVARCHAR2(1000)', 'ADDRESS4', 1, 'string-l', '', '', '', '', '', '', '', 0, NULL, 1000, NULL, NULL, '', '', 'system', systimestamp, '13', 0, 'entity.commitAddress.address4', '', '', '', '', '', '');
INSERT INTO CNT_FIELD_DEFINITION
 (ID, REVISION, PARENT_ID, FIELD_ID, COLUMN_NAME, COLUMN_TYPE, REPORT_COLUMN_NAME, PRODUCT_FIELD, FIELD_TYPE, ENTITY_LOOKUP, ENTITY_LOOKUP_KEY, ORDER_BY, GENERATOR, REFER_TABLE, KEY_COLUMN, LOOKUP_COLUMN, MANDATORY, MIN_LENGTH, MAX_LENGTH, MIN_VALUE, MAX_VALUE, CONSTANT_VALUE, UNIQUE_KEY, CREATE_USER, CREATED_ON, LINE_NO, MANAGED, FIELD_PATH, DATA_TYPE, DATA1, DATA2, TRANSITIVE_FIELDS, FORMULA, ENTITY_LOOKUP_TYPE)
VALUES ('78b39ee62e0c4c139ffb0ff3b162d63c', 0, '2083638dd01c4a0e9b666dc041b40693', 'city', 'CITY', 'NVARCHAR2(400)', 'CITY', 1, 'string-m', '', '', '', '', '', '', '', 0, NULL, 400, NULL, NULL, '', '', 'system', systimestamp, '14', 0, 'entity.commitAddress.city', '', '', '', '', '', '');
INSERT INTO CNT_FIELD_DEFINITION
 (ID, REVISION, PARENT_ID, FIELD_ID, COLUMN_NAME, COLUMN_TYPE, REPORT_COLUMN_NAME, PRODUCT_FIELD, FIELD_TYPE, ENTITY_LOOKUP, ENTITY_LOOKUP_KEY, ORDER_BY, GENERATOR, REFER_TABLE, KEY_COLUMN, LOOKUP_COLUMN, MANDATORY, MIN_LENGTH, MAX_LENGTH, MIN_VALUE, MAX_VALUE, CONSTANT_VALUE, UNIQUE_KEY, CREATE_USER, CREATED_ON, LINE_NO, MANAGED, FIELD_PATH, DATA_TYPE, DATA1, DATA2, TRANSITIVE_FIELDS, FORMULA, ENTITY_LOOKUP_TYPE)
VALUES ('b27b5773f08a44d797419460f61737fe', 0, '2083638dd01c4a0e9b666dc041b40693', 'state', 'STATE', 'NVARCHAR2(400)', 'STATE', 1, 'string-m', '', '', '', '', '', '', '', 0, NULL, 400, NULL, NULL, '', '', 'system', systimestamp, '15', 0, 'entity.commitAddress.state', '', '', '', '', '', '');
INSERT INTO CNT_FIELD_DEFINITION
 (ID, REVISION, PARENT_ID, FIELD_ID, COLUMN_NAME, COLUMN_TYPE, REPORT_COLUMN_NAME, PRODUCT_FIELD, FIELD_TYPE, ENTITY_LOOKUP, ENTITY_LOOKUP_KEY, ORDER_BY, GENERATOR, REFER_TABLE, KEY_COLUMN, LOOKUP_COLUMN, MANDATORY, MIN_LENGTH, MAX_LENGTH, MIN_VALUE, MAX_VALUE, CONSTANT_VALUE, UNIQUE_KEY, CREATE_USER, CREATED_ON, LINE_NO, MANAGED, FIELD_PATH, DATA_TYPE, DATA1, DATA2, TRANSITIVE_FIELDS, FORMULA, ENTITY_LOOKUP_TYPE)
VALUES ('f3de1632662b449384095f2ee354d87f', 0, '2083638dd01c4a0e9b666dc041b40693', 'postalCode', 'POSTAL_CODE', 'NVARCHAR2(400)', 'POSTAL_CODE', 1, 'string-m', '', '', '', '', '', '', '', 0, NULL, 400, NULL, NULL, '', '', 'system', systimestamp, '16', 0, 'entity.commitAddress.postalCode', '', '', '', '', '', '');
INSERT INTO CNT_FIELD_DEFINITION
 (ID, REVISION, PARENT_ID, FIELD_ID, COLUMN_NAME, COLUMN_TYPE, REPORT_COLUMN_NAME, PRODUCT_FIELD, FIELD_TYPE, ENTITY_LOOKUP, ENTITY_LOOKUP_KEY, ORDER_BY, GENERATOR, REFER_TABLE, KEY_COLUMN, LOOKUP_COLUMN, MANDATORY, MIN_LENGTH, MAX_LENGTH, MIN_VALUE, MAX_VALUE, CONSTANT_VALUE, UNIQUE_KEY, CREATE_USER, CREATED_ON, LINE_NO, MANAGED, FIELD_PATH, DATA_TYPE, DATA1, DATA2, TRANSITIVE_FIELDS, FORMULA, ENTITY_LOOKUP_TYPE)
VALUES ('d3fa85ccddbf42609b0718ebc3521c7d', 0, '2083638dd01c4a0e9b666dc041b40693', 'country', 'COUNTRY', 'NVARCHAR2(400)', 'COUNTRY', 1, 'string-m', '', '', '', '', '', '', '', 0, NULL, 400, NULL, NULL, '', '', 'system', systimestamp, '17', 0, 'entity.commitAddress.country', '', '', '', '', '', '');
INSERT INTO CNT_FIELD_DEFINITION
 (ID, REVISION, PARENT_ID, FIELD_ID, COLUMN_NAME, COLUMN_TYPE, REPORT_COLUMN_NAME, PRODUCT_FIELD, FIELD_TYPE, ENTITY_LOOKUP, ENTITY_LOOKUP_KEY, ORDER_BY, GENERATOR, REFER_TABLE, KEY_COLUMN, LOOKUP_COLUMN, MANDATORY, MIN_LENGTH, MAX_LENGTH, MIN_VALUE, MAX_VALUE, CONSTANT_VALUE, UNIQUE_KEY, CREATE_USER, CREATED_ON, LINE_NO, MANAGED, FIELD_PATH, DATA_TYPE, DATA1, DATA2, TRANSITIVE_FIELDS, FORMULA, ENTITY_LOOKUP_TYPE)
VALUES ('52b661794e3e4ee78390f67e666162d0', 0, '2083638dd01c4a0e9b666dc041b40693', 'port', 'PORT', 'NVARCHAR2(400)', 'PORT', 1, 'string-m', '', '', '', '', '', '', '', 0, NULL, 400, NULL, NULL, '', '', 'system', systimestamp, '18', 0, 'entity.commitAddress.port', '', '', '', '', '', '');
INSERT INTO CNT_FIELD_DEFINITION
 (ID, REVISION, PARENT_ID, FIELD_ID, COLUMN_NAME, COLUMN_TYPE, REPORT_COLUMN_NAME, PRODUCT_FIELD, FIELD_TYPE, ENTITY_LOOKUP, ENTITY_LOOKUP_KEY, ORDER_BY, GENERATOR, REFER_TABLE, KEY_COLUMN, LOOKUP_COLUMN, MANDATORY, MIN_LENGTH, MAX_LENGTH, MIN_VALUE, MAX_VALUE, CONSTANT_VALUE, UNIQUE_KEY, CREATE_USER, CREATED_ON, LINE_NO, MANAGED, FIELD_PATH, DATA_TYPE, DATA1, DATA2, TRANSITIVE_FIELDS, FORMULA, ENTITY_LOOKUP_TYPE)
VALUES ('e6de4c0e5c85417d98157a12de5ab2e2', 0, '2083638dd01c4a0e9b666dc041b40693', 'language', 'LANGUAGE', 'NVARCHAR2(400)', 'LANGUAGE', 1, 'string-m', '', '', '', '', '', '', '', 0, NULL, 400, NULL, NULL, '', '', 'system', systimestamp, '19', 0, 'entity.commitAddress.language', '', '', '', '', '', '');
INSERT INTO CNT_FIELD_DEFINITION
 (ID, REVISION, PARENT_ID, FIELD_ID, COLUMN_NAME, COLUMN_TYPE, REPORT_COLUMN_NAME, PRODUCT_FIELD, FIELD_TYPE, ENTITY_LOOKUP, ENTITY_LOOKUP_KEY, ORDER_BY, GENERATOR, REFER_TABLE, KEY_COLUMN, LOOKUP_COLUMN, MANDATORY, MIN_LENGTH, MAX_LENGTH, MIN_VALUE, MAX_VALUE, CONSTANT_VALUE, UNIQUE_KEY, CREATE_USER, CREATED_ON, LINE_NO, MANAGED, FIELD_PATH, DATA_TYPE, DATA1, DATA2, TRANSITIVE_FIELDS, FORMULA, ENTITY_LOOKUP_TYPE)
VALUES ('bdfc35f5744a4e4980eeb47e86605bd0', 0, '2083638dd01c4a0e9b666dc041b40693', 'custText1', 'CUST_TEXT1', 'NVARCHAR2(1000)', 'CUSTOM_FIELD_TEXT1', 0, 'string-l', '', '', '', '', '', '', '', 0, NULL, 1000, NULL, NULL, '', '', 'system', systimestamp, '20', 0, 'entity.commitAddress.custText1', '', '', '', '', '', '');
INSERT INTO CNT_FIELD_DEFINITION
 (ID, REVISION, PARENT_ID, FIELD_ID, COLUMN_NAME, COLUMN_TYPE, REPORT_COLUMN_NAME, PRODUCT_FIELD, FIELD_TYPE, ENTITY_LOOKUP, ENTITY_LOOKUP_KEY, ORDER_BY, GENERATOR, REFER_TABLE, KEY_COLUMN, LOOKUP_COLUMN, MANDATORY, MIN_LENGTH, MAX_LENGTH, MIN_VALUE, MAX_VALUE, CONSTANT_VALUE, UNIQUE_KEY, CREATE_USER, CREATED_ON, LINE_NO, MANAGED, FIELD_PATH, DATA_TYPE, DATA1, DATA2, TRANSITIVE_FIELDS, FORMULA, ENTITY_LOOKUP_TYPE)
VALUES ('88715b1077284c9f96b0e54d432c9131', 0, '2083638dd01c4a0e9b666dc041b40693', 'custText2', 'CUST_TEXT2', 'NVARCHAR2(1000)', 'CUSTOM_FIELD_TEXT2', 0, 'string-l', '', '', '', '', '', '', '', 0, NULL, 1000, NULL, NULL, '', '', 'system', systimestamp, '21', 0, 'entity.commitAddress.custText2', '', '', '', '', '', '');
INSERT INTO CNT_FIELD_DEFINITION
 (ID, REVISION, PARENT_ID, FIELD_ID, COLUMN_NAME, COLUMN_TYPE, REPORT_COLUMN_NAME, PRODUCT_FIELD, FIELD_TYPE, ENTITY_LOOKUP, ENTITY_LOOKUP_KEY, ORDER_BY, GENERATOR, REFER_TABLE, KEY_COLUMN, LOOKUP_COLUMN, MANDATORY, MIN_LENGTH, MAX_LENGTH, MIN_VALUE, MAX_VALUE, CONSTANT_VALUE, UNIQUE_KEY, CREATE_USER, CREATED_ON, LINE_NO, MANAGED, FIELD_PATH, DATA_TYPE, DATA1, DATA2, TRANSITIVE_FIELDS, FORMULA, ENTITY_LOOKUP_TYPE)
VALUES ('a5ca1eaf453341dab17db51ce9eee6d0', 0, '2083638dd01c4a0e9b666dc041b40693', 'custText3', 'CUST_TEXT3', 'NVARCHAR2(1000)', 'CUSTOM_FIELD_TEXT3', 0, 'string-l', '', '', '', '', '', '', '', 0, NULL, 1000, NULL, NULL, '', '', 'system', systimestamp, '22', 0, 'entity.commitAddress.custText3', '', '', '', '', '', '');
INSERT INTO CNT_FIELD_DEFINITION
 (ID, REVISION, PARENT_ID, FIELD_ID, COLUMN_NAME, COLUMN_TYPE, REPORT_COLUMN_NAME, PRODUCT_FIELD, FIELD_TYPE, ENTITY_LOOKUP, ENTITY_LOOKUP_KEY, ORDER_BY, GENERATOR, REFER_TABLE, KEY_COLUMN, LOOKUP_COLUMN, MANDATORY, MIN_LENGTH, MAX_LENGTH, MIN_VALUE, MAX_VALUE, CONSTANT_VALUE, UNIQUE_KEY, CREATE_USER, CREATED_ON, LINE_NO, MANAGED, FIELD_PATH, DATA_TYPE, DATA1, DATA2, TRANSITIVE_FIELDS, FORMULA, ENTITY_LOOKUP_TYPE)
VALUES ('ac208ceeac9049cd881a30f7917c87e4', 0, '2083638dd01c4a0e9b666dc041b40693', 'custText4', 'CUST_TEXT4', 'NVARCHAR2(1000)', 'CUSTOM_FIELD_TEXT4', 0, 'string-l', '', '', '', '', '', '', '', 0, NULL, 1000, NULL, NULL, '', '', 'system', systimestamp, '23', 0, 'entity.commitAddress.custText4', '', '', '', '', '', '');
INSERT INTO CNT_FIELD_DEFINITION
 (ID, REVISION, PARENT_ID, FIELD_ID, COLUMN_NAME, COLUMN_TYPE, REPORT_COLUMN_NAME, PRODUCT_FIELD, FIELD_TYPE, ENTITY_LOOKUP, ENTITY_LOOKUP_KEY, ORDER_BY, GENERATOR, REFER_TABLE, KEY_COLUMN, LOOKUP_COLUMN, MANDATORY, MIN_LENGTH, MAX_LENGTH, MIN_VALUE, MAX_VALUE, CONSTANT_VALUE, UNIQUE_KEY, CREATE_USER, CREATED_ON, LINE_NO, MANAGED, FIELD_PATH, DATA_TYPE, DATA1, DATA2, TRANSITIVE_FIELDS, FORMULA, ENTITY_LOOKUP_TYPE)
VALUES ('6f3f867758b5420db1c424fd5eac8635', 0, '2083638dd01c4a0e9b666dc041b40693', 'custText5', 'CUST_TEXT5', 'NVARCHAR2(1000)', 'CUSTOM_FIELD_TEXT5', 0, 'string-l', '', '', '', '', '', '', '', 0, NULL, 1000, NULL, NULL, '', '', 'system', systimestamp, '24', 0, 'entity.commitAddress.custText5', '', '', '', '', '', '');
INSERT INTO CNT_FIELD_DEFINITION
 (ID, REVISION, PARENT_ID, FIELD_ID, COLUMN_NAME, COLUMN_TYPE, REPORT_COLUMN_NAME, PRODUCT_FIELD, FIELD_TYPE, ENTITY_LOOKUP, ENTITY_LOOKUP_KEY, ORDER_BY, GENERATOR, REFER_TABLE, KEY_COLUMN, LOOKUP_COLUMN, MANDATORY, MIN_LENGTH, MAX_LENGTH, MIN_VALUE, MAX_VALUE, CONSTANT_VALUE, UNIQUE_KEY, CREATE_USER, CREATED_ON, LINE_NO, MANAGED, FIELD_PATH, DATA_TYPE, DATA1, DATA2, TRANSITIVE_FIELDS, FORMULA, ENTITY_LOOKUP_TYPE)
VALUES ('bc10a693aee94f0e905e70496d2d3ac9', 0, '2083638dd01c4a0e9b666dc041b40693', 'custText6', 'CUST_TEXT6', 'NVARCHAR2(1000)', 'CUSTOM_FIELD_TEXT6', 0, 'string-l', '', '', '', '', '', '', '', 0, NULL, 1000, NULL, NULL, '', '', 'system', systimestamp, '25', 0, 'entity.commitAddress.custText6', '', '', '', '', '', '');
INSERT INTO CNT_FIELD_DEFINITION
 (ID, REVISION, PARENT_ID, FIELD_ID, COLUMN_NAME, COLUMN_TYPE, REPORT_COLUMN_NAME, PRODUCT_FIELD, FIELD_TYPE, ENTITY_LOOKUP, ENTITY_LOOKUP_KEY, ORDER_BY, GENERATOR, REFER_TABLE, KEY_COLUMN, LOOKUP_COLUMN, MANDATORY, MIN_LENGTH, MAX_LENGTH, MIN_VALUE, MAX_VALUE, CONSTANT_VALUE, UNIQUE_KEY, CREATE_USER, CREATED_ON, LINE_NO, MANAGED, FIELD_PATH, DATA_TYPE, DATA1, DATA2, TRANSITIVE_FIELDS, FORMULA, ENTITY_LOOKUP_TYPE)
VALUES ('febf59e538f64d4b8cbae5e6bd1392d3', 0, '2083638dd01c4a0e9b666dc041b40693', 'custText7', 'CUST_TEXT7', 'NVARCHAR2(1000)', 'CUSTOM_FIELD_TEXT7', 0, 'string-l', '', '', '', '', '', '', '', 0, NULL, 1000, NULL, NULL, '', '', 'system', systimestamp, '26', 0, 'entity.commitAddress.custText7', '', '', '', '', '', '');
INSERT INTO CNT_FIELD_DEFINITION
 (ID, REVISION, PARENT_ID, FIELD_ID, COLUMN_NAME, COLUMN_TYPE, REPORT_COLUMN_NAME, PRODUCT_FIELD, FIELD_TYPE, ENTITY_LOOKUP, ENTITY_LOOKUP_KEY, ORDER_BY, GENERATOR, REFER_TABLE, KEY_COLUMN, LOOKUP_COLUMN, MANDATORY, MIN_LENGTH, MAX_LENGTH, MIN_VALUE, MAX_VALUE, CONSTANT_VALUE, UNIQUE_KEY, CREATE_USER, CREATED_ON, LINE_NO, MANAGED, FIELD_PATH, DATA_TYPE, DATA1, DATA2, TRANSITIVE_FIELDS, FORMULA, ENTITY_LOOKUP_TYPE)
VALUES ('46ceeef004c24e6a9309603658938529', 0, '2083638dd01c4a0e9b666dc041b40693', 'custDate1', 'CUST_DATE1', 'DATE', 'CUSTOM_FIELD_DATE1', 0, 'date', '', '', '', '', '', '', '', 0, NULL, NULL, NULL, NULL, '', '', 'system', systimestamp, '27', 0, 'entity.commitAddress.custDate1', '', '', '', '', '', '');
INSERT INTO CNT_FIELD_DEFINITION
 (ID, REVISION, PARENT_ID, FIELD_ID, COLUMN_NAME, COLUMN_TYPE, REPORT_COLUMN_NAME, PRODUCT_FIELD, FIELD_TYPE, ENTITY_LOOKUP, ENTITY_LOOKUP_KEY, ORDER_BY, GENERATOR, REFER_TABLE, KEY_COLUMN, LOOKUP_COLUMN, MANDATORY, MIN_LENGTH, MAX_LENGTH, MIN_VALUE, MAX_VALUE, CONSTANT_VALUE, UNIQUE_KEY, CREATE_USER, CREATED_ON, LINE_NO, MANAGED, FIELD_PATH, DATA_TYPE, DATA1, DATA2, TRANSITIVE_FIELDS, FORMULA, ENTITY_LOOKUP_TYPE)
VALUES ('b6675ab958ab4ab8b29f74904723bdf1', 0, '2083638dd01c4a0e9b666dc041b40693', 'custDate2', 'CUST_DATE2', 'DATE', 'CUSTOM_FIELD_DATE2', 0, 'date', '', '', '', '', '', '', '', 0, NULL, NULL, NULL, NULL, '', '', 'system', systimestamp, '28', 0, 'entity.commitAddress.custDate2', '', '', '', '', '', '');
INSERT INTO CNT_FIELD_DEFINITION
 (ID, REVISION, PARENT_ID, FIELD_ID, COLUMN_NAME, COLUMN_TYPE, REPORT_COLUMN_NAME, PRODUCT_FIELD, FIELD_TYPE, ENTITY_LOOKUP, ENTITY_LOOKUP_KEY, ORDER_BY, GENERATOR, REFER_TABLE, KEY_COLUMN, LOOKUP_COLUMN, MANDATORY, MIN_LENGTH, MAX_LENGTH, MIN_VALUE, MAX_VALUE, CONSTANT_VALUE, UNIQUE_KEY, CREATE_USER, CREATED_ON, LINE_NO, MANAGED, FIELD_PATH, DATA_TYPE, DATA1, DATA2, TRANSITIVE_FIELDS, FORMULA, ENTITY_LOOKUP_TYPE)
VALUES ('532ee735de7146e7aaf7bc7726203668', 0, '2083638dd01c4a0e9b666dc041b40693', 'custDate3', 'CUST_DATE3', 'DATE', 'CUSTOM_FIELD_DATE3', 0, 'date', '', '', '', '', '', '', '', 0, NULL, NULL, NULL, NULL, '', '', 'system', systimestamp, '29', 0, 'entity.commitAddress.custDate3', '', '', '', '', '', '');
INSERT INTO CNT_FIELD_DEFINITION
 (ID, REVISION, PARENT_ID, FIELD_ID, COLUMN_NAME, COLUMN_TYPE, REPORT_COLUMN_NAME, PRODUCT_FIELD, FIELD_TYPE, ENTITY_LOOKUP, ENTITY_LOOKUP_KEY, ORDER_BY, GENERATOR, REFER_TABLE, KEY_COLUMN, LOOKUP_COLUMN, MANDATORY, MIN_LENGTH, MAX_LENGTH, MIN_VALUE, MAX_VALUE, CONSTANT_VALUE, UNIQUE_KEY, CREATE_USER, CREATED_ON, LINE_NO, MANAGED, FIELD_PATH, DATA_TYPE, DATA1, DATA2, TRANSITIVE_FIELDS, FORMULA, ENTITY_LOOKUP_TYPE)
VALUES ('293d86f08a2045d8bb94d82b5fd563fe', 0, '2083638dd01c4a0e9b666dc041b40693', 'custDate4', 'CUST_DATE4', 'DATE', 'CUSTOM_FIELD_DATE4', 0, 'date', '', '', '', '', '', '', '', 0, NULL, NULL, NULL, NULL, '', '', 'system', systimestamp, '30', 0, 'entity.commitAddress.custDate4', '', '', '', '', '', '');
INSERT INTO CNT_FIELD_DEFINITION
 (ID, REVISION, PARENT_ID, FIELD_ID, COLUMN_NAME, COLUMN_TYPE, REPORT_COLUMN_NAME, PRODUCT_FIELD, FIELD_TYPE, ENTITY_LOOKUP, ENTITY_LOOKUP_KEY, ORDER_BY, GENERATOR, REFER_TABLE, KEY_COLUMN, LOOKUP_COLUMN, MANDATORY, MIN_LENGTH, MAX_LENGTH, MIN_VALUE, MAX_VALUE, CONSTANT_VALUE, UNIQUE_KEY, CREATE_USER, CREATED_ON, LINE_NO, MANAGED, FIELD_PATH, DATA_TYPE, DATA1, DATA2, TRANSITIVE_FIELDS, FORMULA, ENTITY_LOOKUP_TYPE)
VALUES ('9d2eff95281d490c8ae01c93bceda904', 0, '2083638dd01c4a0e9b666dc041b40693', 'custDate5', 'CUST_DATE5', 'DATE', 'CUSTOM_FIELD_DATE5', 0, 'date', '', '', '', '', '', '', '', 0, NULL, NULL, NULL, NULL, '', '', 'system', systimestamp, '31', 0, 'entity.commitAddress.custDate5', '', '', '', '', '', '');
INSERT INTO CNT_FIELD_DEFINITION
 (ID, REVISION, PARENT_ID, FIELD_ID, COLUMN_NAME, COLUMN_TYPE, REPORT_COLUMN_NAME, PRODUCT_FIELD, FIELD_TYPE, ENTITY_LOOKUP, ENTITY_LOOKUP_KEY, ORDER_BY, GENERATOR, REFER_TABLE, KEY_COLUMN, LOOKUP_COLUMN, MANDATORY, MIN_LENGTH, MAX_LENGTH, MIN_VALUE, MAX_VALUE, CONSTANT_VALUE, UNIQUE_KEY, CREATE_USER, CREATED_ON, LINE_NO, MANAGED, FIELD_PATH, DATA_TYPE, DATA1, DATA2, TRANSITIVE_FIELDS, FORMULA, ENTITY_LOOKUP_TYPE)
VALUES ('3038449a61744050a0d083beb7a4dfcf', 0, '2083638dd01c4a0e9b666dc041b40693', 'custDate6', 'CUST_DATE6', 'DATE', 'CUSTOM_FIELD_DATE6', 0, 'date', '', '', '', '', '', '', '', 0, NULL, NULL, NULL, NULL, '', '', 'system', systimestamp, '32', 0, 'entity.commitAddress.custDate6', '', '', '', '', '', '');
INSERT INTO CNT_FIELD_DEFINITION
 (ID, REVISION, PARENT_ID, FIELD_ID, COLUMN_NAME, COLUMN_TYPE, REPORT_COLUMN_NAME, PRODUCT_FIELD, FIELD_TYPE, ENTITY_LOOKUP, ENTITY_LOOKUP_KEY, ORDER_BY, GENERATOR, REFER_TABLE, KEY_COLUMN, LOOKUP_COLUMN, MANDATORY, MIN_LENGTH, MAX_LENGTH, MIN_VALUE, MAX_VALUE, CONSTANT_VALUE, UNIQUE_KEY, CREATE_USER, CREATED_ON, LINE_NO, MANAGED, FIELD_PATH, DATA_TYPE, DATA1, DATA2, TRANSITIVE_FIELDS, FORMULA, ENTITY_LOOKUP_TYPE)
VALUES ('db0c64f725af405bb401217572d56d23', 0, '2083638dd01c4a0e9b666dc041b40693', 'custDate7', 'CUST_DATE7', 'DATE', 'CUSTOM_FIELD_DATE7', 0, 'date', '', '', '', '', '', '', '', 0, NULL, NULL, NULL, NULL, '', '', 'system', systimestamp, '33', 0, 'entity.commitAddress.custDate7', '', '', '', '', '', '');
INSERT INTO CNT_FIELD_DEFINITION
 (ID, REVISION, PARENT_ID, FIELD_ID, COLUMN_NAME, COLUMN_TYPE, REPORT_COLUMN_NAME, PRODUCT_FIELD, FIELD_TYPE, ENTITY_LOOKUP, ENTITY_LOOKUP_KEY, ORDER_BY, GENERATOR, REFER_TABLE, KEY_COLUMN, LOOKUP_COLUMN, MANDATORY, MIN_LENGTH, MAX_LENGTH, MIN_VALUE, MAX_VALUE, CONSTANT_VALUE, UNIQUE_KEY, CREATE_USER, CREATED_ON, LINE_NO, MANAGED, FIELD_PATH, DATA_TYPE, DATA1, DATA2, TRANSITIVE_FIELDS, FORMULA, ENTITY_LOOKUP_TYPE)
VALUES ('5a575a4ac8af45e3a1c5b76d40ed28bb', 0, '2083638dd01c4a0e9b666dc041b40693', 'custNumber1', 'CUST_NUMBER1', 'NUMBER(20, 0)', 'CUSTOM_FIELD_NUMBER1', 0, 'integer', '', '', '', '', '', '', '', 0, NULL, 18, NULL, NULL, '', '', 'system', systimestamp, '34', 0, 'entity.commitAddress.custNumber1', '', '', '', '', '', '');
INSERT INTO CNT_FIELD_DEFINITION
 (ID, REVISION, PARENT_ID, FIELD_ID, COLUMN_NAME, COLUMN_TYPE, REPORT_COLUMN_NAME, PRODUCT_FIELD, FIELD_TYPE, ENTITY_LOOKUP, ENTITY_LOOKUP_KEY, ORDER_BY, GENERATOR, REFER_TABLE, KEY_COLUMN, LOOKUP_COLUMN, MANDATORY, MIN_LENGTH, MAX_LENGTH, MIN_VALUE, MAX_VALUE, CONSTANT_VALUE, UNIQUE_KEY, CREATE_USER, CREATED_ON, LINE_NO, MANAGED, FIELD_PATH, DATA_TYPE, DATA1, DATA2, TRANSITIVE_FIELDS, FORMULA, ENTITY_LOOKUP_TYPE)
VALUES ('ba588a134ee34f3992d2e595f58e6712', 0, '2083638dd01c4a0e9b666dc041b40693', 'custNumber2', 'CUST_NUMBER2', 'NUMBER(20, 0)', 'CUSTOM_FIELD_NUMBER2', 0, 'integer', '', '', '', '', '', '', '', 0, NULL, 18, NULL, NULL, '', '', 'system', systimestamp, '35', 0, 'entity.commitAddress.custNumber2', '', '', '', '', '', '');
INSERT INTO CNT_FIELD_DEFINITION
 (ID, REVISION, PARENT_ID, FIELD_ID, COLUMN_NAME, COLUMN_TYPE, REPORT_COLUMN_NAME, PRODUCT_FIELD, FIELD_TYPE, ENTITY_LOOKUP, ENTITY_LOOKUP_KEY, ORDER_BY, GENERATOR, REFER_TABLE, KEY_COLUMN, LOOKUP_COLUMN, MANDATORY, MIN_LENGTH, MAX_LENGTH, MIN_VALUE, MAX_VALUE, CONSTANT_VALUE, UNIQUE_KEY, CREATE_USER, CREATED_ON, LINE_NO, MANAGED, FIELD_PATH, DATA_TYPE, DATA1, DATA2, TRANSITIVE_FIELDS, FORMULA, ENTITY_LOOKUP_TYPE)
VALUES ('6724f7ebd0934264a7e031528d8e1f09', 0, '2083638dd01c4a0e9b666dc041b40693', 'custNumber3', 'CUST_NUMBER3', 'NUMBER(20, 0)', 'CUSTOM_FIELD_NUMBER3', 0, 'integer', '', '', '', '', '', '', '', 0, NULL, 18, NULL, NULL, '', '', 'system', systimestamp, '36', 0, 'entity.commitAddress.custNumber3', '', '', '', '', '', '');
INSERT INTO CNT_FIELD_DEFINITION
 (ID, REVISION, PARENT_ID, FIELD_ID, COLUMN_NAME, COLUMN_TYPE, REPORT_COLUMN_NAME, PRODUCT_FIELD, FIELD_TYPE, ENTITY_LOOKUP, ENTITY_LOOKUP_KEY, ORDER_BY, GENERATOR, REFER_TABLE, KEY_COLUMN, LOOKUP_COLUMN, MANDATORY, MIN_LENGTH, MAX_LENGTH, MIN_VALUE, MAX_VALUE, CONSTANT_VALUE, UNIQUE_KEY, CREATE_USER, CREATED_ON, LINE_NO, MANAGED, FIELD_PATH, DATA_TYPE, DATA1, DATA2, TRANSITIVE_FIELDS, FORMULA, ENTITY_LOOKUP_TYPE)
VALUES ('557095bd9882440e88baf3b7e9ed7924', 0, '2083638dd01c4a0e9b666dc041b40693', 'custNumber4', 'CUST_NUMBER4', 'NUMBER(20, 0)', 'CUSTOM_FIELD_NUMBER4', 0, 'integer', '', '', '', '', '', '', '', 0, NULL, 18, NULL, NULL, '', '', 'system', systimestamp, '37', 0, 'entity.commitAddress.custNumber4', '', '', '', '', '', '');
INSERT INTO CNT_FIELD_DEFINITION
 (ID, REVISION, PARENT_ID, FIELD_ID, COLUMN_NAME, COLUMN_TYPE, REPORT_COLUMN_NAME, PRODUCT_FIELD, FIELD_TYPE, ENTITY_LOOKUP, ENTITY_LOOKUP_KEY, ORDER_BY, GENERATOR, REFER_TABLE, KEY_COLUMN, LOOKUP_COLUMN, MANDATORY, MIN_LENGTH, MAX_LENGTH, MIN_VALUE, MAX_VALUE, CONSTANT_VALUE, UNIQUE_KEY, CREATE_USER, CREATED_ON, LINE_NO, MANAGED, FIELD_PATH, DATA_TYPE, DATA1, DATA2, TRANSITIVE_FIELDS, FORMULA, ENTITY_LOOKUP_TYPE)
VALUES ('d0f886dfb44e4e04b7017a2c489a0779', 0, '2083638dd01c4a0e9b666dc041b40693', 'custNumber5', 'CUST_NUMBER5', 'NUMBER(20, 0)', 'CUSTOM_FIELD_NUMBER5', 0, 'integer', '', '', '', '', '', '', '', 0, NULL, 18, NULL, NULL, '', '', 'system', systimestamp, '38', 0, 'entity.commitAddress.custNumber5', '', '', '', '', '', '');
INSERT INTO CNT_FIELD_DEFINITION
 (ID, REVISION, PARENT_ID, FIELD_ID, COLUMN_NAME, COLUMN_TYPE, REPORT_COLUMN_NAME, PRODUCT_FIELD, FIELD_TYPE, ENTITY_LOOKUP, ENTITY_LOOKUP_KEY, ORDER_BY, GENERATOR, REFER_TABLE, KEY_COLUMN, LOOKUP_COLUMN, MANDATORY, MIN_LENGTH, MAX_LENGTH, MIN_VALUE, MAX_VALUE, CONSTANT_VALUE, UNIQUE_KEY, CREATE_USER, CREATED_ON, LINE_NO, MANAGED, FIELD_PATH, DATA_TYPE, DATA1, DATA2, TRANSITIVE_FIELDS, FORMULA, ENTITY_LOOKUP_TYPE)
VALUES ('ef0bad3db9df4bb4b27edb8d8d12039c', 0, '2083638dd01c4a0e9b666dc041b40693', 'custNumber6', 'CUST_NUMBER6', 'NUMBER(20, 0)', 'CUSTOM_FIELD_NUMBER6', 0, 'integer', '', '', '', '', '', '', '', 0, NULL, 18, NULL, NULL, '', '', 'system', systimestamp, '39', 0, 'entity.commitAddress.custNumber6', '', '', '', '', '', '');
INSERT INTO CNT_FIELD_DEFINITION
 (ID, REVISION, PARENT_ID, FIELD_ID, COLUMN_NAME, COLUMN_TYPE, REPORT_COLUMN_NAME, PRODUCT_FIELD, FIELD_TYPE, ENTITY_LOOKUP, ENTITY_LOOKUP_KEY, ORDER_BY, GENERATOR, REFER_TABLE, KEY_COLUMN, LOOKUP_COLUMN, MANDATORY, MIN_LENGTH, MAX_LENGTH, MIN_VALUE, MAX_VALUE, CONSTANT_VALUE, UNIQUE_KEY, CREATE_USER, CREATED_ON, LINE_NO, MANAGED, FIELD_PATH, DATA_TYPE, DATA1, DATA2, TRANSITIVE_FIELDS, FORMULA, ENTITY_LOOKUP_TYPE)
VALUES ('bddcf65ff8944999a4c9eda8ac397f41', 0, '2083638dd01c4a0e9b666dc041b40693', 'custNumber7', 'CUST_NUMBER7', 'NUMBER(20, 0)', 'CUSTOM_FIELD_NUMBER7', 0, 'integer', '', '', '', '', '', '', '', 0, NULL, 18, NULL, NULL, '', '', 'system', systimestamp, '40', 0, 'entity.commitAddress.custNumber7', '', '', '', '', '', '');
INSERT INTO CNT_FIELD_DEFINITION
 (ID, REVISION, PARENT_ID, FIELD_ID, COLUMN_NAME, COLUMN_TYPE, REPORT_COLUMN_NAME, PRODUCT_FIELD, FIELD_TYPE, ENTITY_LOOKUP, ENTITY_LOOKUP_KEY, ORDER_BY, GENERATOR, REFER_TABLE, KEY_COLUMN, LOOKUP_COLUMN, MANDATORY, MIN_LENGTH, MAX_LENGTH, MIN_VALUE, MAX_VALUE, CONSTANT_VALUE, UNIQUE_KEY, CREATE_USER, CREATED_ON, LINE_NO, MANAGED, FIELD_PATH, DATA_TYPE, DATA1, DATA2, TRANSITIVE_FIELDS, FORMULA, ENTITY_LOOKUP_TYPE)
VALUES ('169574182db244e8a3efab88f5e1941b', 0, '2083638dd01c4a0e9b666dc041b40693', 'custDecimal1', 'CUST_DECIMAL1', 'NUMBER(25, 5)', 'CUSTOM_FIELD_DECIMAL1', 0, 'decimal-rate', '', '', '', '', '', '', '', 0, NULL, 20, NULL, NULL, '', '', 'system', systimestamp, '41', 0, 'entity.commitAddress.custDecimal1', '', '', '', '', '', '');
INSERT INTO CNT_FIELD_DEFINITION
 (ID, REVISION, PARENT_ID, FIELD_ID, COLUMN_NAME, COLUMN_TYPE, REPORT_COLUMN_NAME, PRODUCT_FIELD, FIELD_TYPE, ENTITY_LOOKUP, ENTITY_LOOKUP_KEY, ORDER_BY, GENERATOR, REFER_TABLE, KEY_COLUMN, LOOKUP_COLUMN, MANDATORY, MIN_LENGTH, MAX_LENGTH, MIN_VALUE, MAX_VALUE, CONSTANT_VALUE, UNIQUE_KEY, CREATE_USER, CREATED_ON, LINE_NO, MANAGED, FIELD_PATH, DATA_TYPE, DATA1, DATA2, TRANSITIVE_FIELDS, FORMULA, ENTITY_LOOKUP_TYPE)
VALUES ('75e5c719c3ba4cdb8eb9510b4c284e75', 0, '2083638dd01c4a0e9b666dc041b40693', 'custDecimal2', 'CUST_DECIMAL2', 'NUMBER(25, 5)', 'CUSTOM_FIELD_DECIMAL2', 0, 'decimal-rate', '', '', '', '', '', '', '', 0, NULL, 20, NULL, NULL, '', '', 'system', systimestamp, '42', 0, 'entity.commitAddress.custDecimal2', '', '', '', '', '', '');
INSERT INTO CNT_FIELD_DEFINITION
 (ID, REVISION, PARENT_ID, FIELD_ID, COLUMN_NAME, COLUMN_TYPE, REPORT_COLUMN_NAME, PRODUCT_FIELD, FIELD_TYPE, ENTITY_LOOKUP, ENTITY_LOOKUP_KEY, ORDER_BY, GENERATOR, REFER_TABLE, KEY_COLUMN, LOOKUP_COLUMN, MANDATORY, MIN_LENGTH, MAX_LENGTH, MIN_VALUE, MAX_VALUE, CONSTANT_VALUE, UNIQUE_KEY, CREATE_USER, CREATED_ON, LINE_NO, MANAGED, FIELD_PATH, DATA_TYPE, DATA1, DATA2, TRANSITIVE_FIELDS, FORMULA, ENTITY_LOOKUP_TYPE)
VALUES ('3c4b9c1d565e43a3b8c8a124f7714f83', 0, '2083638dd01c4a0e9b666dc041b40693', 'custDecimal3', 'CUST_DECIMAL3', 'NUMBER(25, 5)', 'CUSTOM_FIELD_DECIMAL3', 0, 'decimal-rate', '', '', '', '', '', '', '', 0, NULL, 20, NULL, NULL, '', '', 'system', systimestamp, '43', 0, 'entity.commitAddress.custDecimal3', '', '', '', '', '', '');
INSERT INTO CNT_FIELD_DEFINITION
 (ID, REVISION, PARENT_ID, FIELD_ID, COLUMN_NAME, COLUMN_TYPE, REPORT_COLUMN_NAME, PRODUCT_FIELD, FIELD_TYPE, ENTITY_LOOKUP, ENTITY_LOOKUP_KEY, ORDER_BY, GENERATOR, REFER_TABLE, KEY_COLUMN, LOOKUP_COLUMN, MANDATORY, MIN_LENGTH, MAX_LENGTH, MIN_VALUE, MAX_VALUE, CONSTANT_VALUE, UNIQUE_KEY, CREATE_USER, CREATED_ON, LINE_NO, MANAGED, FIELD_PATH, DATA_TYPE, DATA1, DATA2, TRANSITIVE_FIELDS, FORMULA, ENTITY_LOOKUP_TYPE)
VALUES ('312726c84b2d4c4e805e6bca76bdbba8', 0, '2083638dd01c4a0e9b666dc041b40693', 'custDecimal4', 'CUST_DECIMAL4', 'NUMBER(25, 5)', 'CUSTOM_FIELD_DECIMAL4', 0, 'decimal-rate', '', '', '', '', '', '', '', 0, NULL, 20, NULL, NULL, '', '', 'system', systimestamp, '44', 0, 'entity.commitAddress.custDecimal4', '', '', '', '', '', '');
INSERT INTO CNT_FIELD_DEFINITION
 (ID, REVISION, PARENT_ID, FIELD_ID, COLUMN_NAME, COLUMN_TYPE, REPORT_COLUMN_NAME, PRODUCT_FIELD, FIELD_TYPE, ENTITY_LOOKUP, ENTITY_LOOKUP_KEY, ORDER_BY, GENERATOR, REFER_TABLE, KEY_COLUMN, LOOKUP_COLUMN, MANDATORY, MIN_LENGTH, MAX_LENGTH, MIN_VALUE, MAX_VALUE, CONSTANT_VALUE, UNIQUE_KEY, CREATE_USER, CREATED_ON, LINE_NO, MANAGED, FIELD_PATH, DATA_TYPE, DATA1, DATA2, TRANSITIVE_FIELDS, FORMULA, ENTITY_LOOKUP_TYPE)
VALUES ('bcb91bb25d534b56a10869424fa6b92e', 0, '2083638dd01c4a0e9b666dc041b40693', 'custDecimal5', 'CUST_DECIMAL5', 'NUMBER(25, 5)', 'CUSTOM_FIELD_DECIMAL5', 0, 'decimal-rate', '', '', '', '', '', '', '', 0, NULL, 20, NULL, NULL, '', '', 'system', systimestamp, '45', 0, 'entity.commitAddress.custDecimal5', '', '', '', '', '', '');
INSERT INTO CNT_FIELD_DEFINITION
 (ID, REVISION, PARENT_ID, FIELD_ID, COLUMN_NAME, COLUMN_TYPE, REPORT_COLUMN_NAME, PRODUCT_FIELD, FIELD_TYPE, ENTITY_LOOKUP, ENTITY_LOOKUP_KEY, ORDER_BY, GENERATOR, REFER_TABLE, KEY_COLUMN, LOOKUP_COLUMN, MANDATORY, MIN_LENGTH, MAX_LENGTH, MIN_VALUE, MAX_VALUE, CONSTANT_VALUE, UNIQUE_KEY, CREATE_USER, CREATED_ON, LINE_NO, MANAGED, FIELD_PATH, DATA_TYPE, DATA1, DATA2, TRANSITIVE_FIELDS, FORMULA, ENTITY_LOOKUP_TYPE)
VALUES ('ad76571308b14796bc63cc68d3c8548f', 0, '2083638dd01c4a0e9b666dc041b40693', 'custDecimal6', 'CUST_DECIMAL6', 'NUMBER(25, 5)', 'CUSTOM_FIELD_DECIMAL6', 0, 'decimal-rate', '', '', '', '', '', '', '', 0, NULL, 20, NULL, NULL, '', '', 'system', systimestamp, '46', 0, 'entity.commitAddress.custDecimal6', '', '', '', '', '', '');
INSERT INTO CNT_FIELD_DEFINITION
 (ID, REVISION, PARENT_ID, FIELD_ID, COLUMN_NAME, COLUMN_TYPE, REPORT_COLUMN_NAME, PRODUCT_FIELD, FIELD_TYPE, ENTITY_LOOKUP, ENTITY_LOOKUP_KEY, ORDER_BY, GENERATOR, REFER_TABLE, KEY_COLUMN, LOOKUP_COLUMN, MANDATORY, MIN_LENGTH, MAX_LENGTH, MIN_VALUE, MAX_VALUE, CONSTANT_VALUE, UNIQUE_KEY, CREATE_USER, CREATED_ON, LINE_NO, MANAGED, FIELD_PATH, DATA_TYPE, DATA1, DATA2, TRANSITIVE_FIELDS, FORMULA, ENTITY_LOOKUP_TYPE)
VALUES ('c835f1adb4b04a80963e7a6347b71381', 0, '2083638dd01c4a0e9b666dc041b40693', 'custDecimal7', 'CUST_DECIMAL7', 'NUMBER(25, 5)', 'CUSTOM_FIELD_DECIMAL7', 0, 'decimal-rate', '', '', '', '', '', '', '', 0, NULL, 20, NULL, NULL, '', '', 'system', systimestamp, '47', 0, 'entity.commitAddress.custDecimal7', '', '', '', '', '', '');
INSERT INTO CNT_FIELD_DEFINITION
 (ID, REVISION, PARENT_ID, FIELD_ID, COLUMN_NAME, COLUMN_TYPE, REPORT_COLUMN_NAME, PRODUCT_FIELD, FIELD_TYPE, ENTITY_LOOKUP, ENTITY_LOOKUP_KEY, ORDER_BY, GENERATOR, REFER_TABLE, KEY_COLUMN, LOOKUP_COLUMN, MANDATORY, MIN_LENGTH, MAX_LENGTH, MIN_VALUE, MAX_VALUE, CONSTANT_VALUE, UNIQUE_KEY, CREATE_USER, CREATED_ON, LINE_NO, MANAGED, FIELD_PATH, DATA_TYPE, DATA1, DATA2, TRANSITIVE_FIELDS, FORMULA, ENTITY_LOOKUP_TYPE)
VALUES ('bd0c51fe4553475a994515595f3f4024', 0, '2083638dd01c4a0e9b666dc041b40693', 'custCodelist1', 'CUST_CODELIST1', 'NVARCHAR2(400)', 'CUSTOM_FIELD_CODE_LIST_CODE1', 0, 'string-m', '', '', '', '', '', '', '', 0, NULL, 400, NULL, NULL, '', '', 'system', systimestamp, '48', 0, 'entity.commitAddress.custCodelist1', 'codelist', '', '', '', '', '');
INSERT INTO CNT_FIELD_DEFINITION
 (ID, REVISION, PARENT_ID, FIELD_ID, COLUMN_NAME, COLUMN_TYPE, REPORT_COLUMN_NAME, PRODUCT_FIELD, FIELD_TYPE, ENTITY_LOOKUP, ENTITY_LOOKUP_KEY, ORDER_BY, GENERATOR, REFER_TABLE, KEY_COLUMN, LOOKUP_COLUMN, MANDATORY, MIN_LENGTH, MAX_LENGTH, MIN_VALUE, MAX_VALUE, CONSTANT_VALUE, UNIQUE_KEY, CREATE_USER, CREATED_ON, LINE_NO, MANAGED, FIELD_PATH, DATA_TYPE, DATA1, DATA2, TRANSITIVE_FIELDS, FORMULA, ENTITY_LOOKUP_TYPE)
VALUES ('06283cc508674c059e30ce8c33695420', 0, '2083638dd01c4a0e9b666dc041b40693', 'custCodelist2', 'CUST_CODELIST2', 'NVARCHAR2(400)', 'CUSTOM_FIELD_CODE_LIST_CODE2', 0, 'string-m', '', '', '', '', '', '', '', 0, NULL, 400, NULL, NULL, '', '', 'system', systimestamp, '49', 0, 'entity.commitAddress.custCodelist2', 'codelist', '', '', '', '', '');
INSERT INTO CNT_FIELD_DEFINITION
 (ID, REVISION, PARENT_ID, FIELD_ID, COLUMN_NAME, COLUMN_TYPE, REPORT_COLUMN_NAME, PRODUCT_FIELD, FIELD_TYPE, ENTITY_LOOKUP, ENTITY_LOOKUP_KEY, ORDER_BY, GENERATOR, REFER_TABLE, KEY_COLUMN, LOOKUP_COLUMN, MANDATORY, MIN_LENGTH, MAX_LENGTH, MIN_VALUE, MAX_VALUE, CONSTANT_VALUE, UNIQUE_KEY, CREATE_USER, CREATED_ON, LINE_NO, MANAGED, FIELD_PATH, DATA_TYPE, DATA1, DATA2, TRANSITIVE_FIELDS, FORMULA, ENTITY_LOOKUP_TYPE)
VALUES ('26bc97ffa994425280b6afdf25d20879', 0, '2083638dd01c4a0e9b666dc041b40693', 'custCodelist3', 'CUST_CODELIST3', 'NVARCHAR2(400)', 'CUSTOM_FIELD_CODE_LIST_CODE3', 0, 'string-m', '', '', '', '', '', '', '', 0, NULL, 400, NULL, NULL, '', '', 'system', systimestamp, '50', 0, 'entity.commitAddress.custCodelist3', 'codelist', '', '', '', '', '');
INSERT INTO CNT_FIELD_DEFINITION
 (ID, REVISION, PARENT_ID, FIELD_ID, COLUMN_NAME, COLUMN_TYPE, REPORT_COLUMN_NAME, PRODUCT_FIELD, FIELD_TYPE, ENTITY_LOOKUP, ENTITY_LOOKUP_KEY, ORDER_BY, GENERATOR, REFER_TABLE, KEY_COLUMN, LOOKUP_COLUMN, MANDATORY, MIN_LENGTH, MAX_LENGTH, MIN_VALUE, MAX_VALUE, CONSTANT_VALUE, UNIQUE_KEY, CREATE_USER, CREATED_ON, LINE_NO, MANAGED, FIELD_PATH, DATA_TYPE, DATA1, DATA2, TRANSITIVE_FIELDS, FORMULA, ENTITY_LOOKUP_TYPE)
VALUES ('0face1ebb29d4689967b21e0ddff5202', 0, '2083638dd01c4a0e9b666dc041b40693', 'custCodelist4', 'CUST_CODELIST4', 'NVARCHAR2(400)', 'CUSTOM_FIELD_CODE_LIST_CODE4', 0, 'string-m', '', '', '', '', '', '', '', 0, NULL, 400, NULL, NULL, '', '', 'system', systimestamp, '51', 0, 'entity.commitAddress.custCodelist4', 'codelist', '', '', '', '', '');
INSERT INTO CNT_FIELD_DEFINITION
 (ID, REVISION, PARENT_ID, FIELD_ID, COLUMN_NAME, COLUMN_TYPE, REPORT_COLUMN_NAME, PRODUCT_FIELD, FIELD_TYPE, ENTITY_LOOKUP, ENTITY_LOOKUP_KEY, ORDER_BY, GENERATOR, REFER_TABLE, KEY_COLUMN, LOOKUP_COLUMN, MANDATORY, MIN_LENGTH, MAX_LENGTH, MIN_VALUE, MAX_VALUE, CONSTANT_VALUE, UNIQUE_KEY, CREATE_USER, CREATED_ON, LINE_NO, MANAGED, FIELD_PATH, DATA_TYPE, DATA1, DATA2, TRANSITIVE_FIELDS, FORMULA, ENTITY_LOOKUP_TYPE)
VALUES ('2cd8f1909c0b47a6a821bff7408de2d4', 0, '2083638dd01c4a0e9b666dc041b40693', 'custCodelist5', 'CUST_CODELIST5', 'NVARCHAR2(400)', 'CUSTOM_FIELD_CODE_LIST_CODE5', 0, 'string-m', '', '', '', '', '', '', '', 0, NULL, 400, NULL, NULL, '', '', 'system', systimestamp, '52', 0, 'entity.commitAddress.custCodelist5', 'codelist', '', '', '', '', '');
INSERT INTO CNT_FIELD_DEFINITION
 (ID, REVISION, PARENT_ID, FIELD_ID, COLUMN_NAME, COLUMN_TYPE, REPORT_COLUMN_NAME, PRODUCT_FIELD, FIELD_TYPE, ENTITY_LOOKUP, ENTITY_LOOKUP_KEY, ORDER_BY, GENERATOR, REFER_TABLE, KEY_COLUMN, LOOKUP_COLUMN, MANDATORY, MIN_LENGTH, MAX_LENGTH, MIN_VALUE, MAX_VALUE, CONSTANT_VALUE, UNIQUE_KEY, CREATE_USER, CREATED_ON, LINE_NO, MANAGED, FIELD_PATH, DATA_TYPE, DATA1, DATA2, TRANSITIVE_FIELDS, FORMULA, ENTITY_LOOKUP_TYPE)
VALUES ('fbe64e6597cd4c759ea5d6f4a179398d', 0, '2083638dd01c4a0e9b666dc041b40693', 'custCodelist6', 'CUST_CODELIST6', 'NVARCHAR2(400)', 'CUSTOM_FIELD_CODE_LIST_CODE6', 0, 'string-m', '', '', '', '', '', '', '', 0, NULL, 400, NULL, NULL, '', '', 'system', systimestamp, '53', 0, 'entity.commitAddress.custCodelist6', 'codelist', '', '', '', '', '');
INSERT INTO CNT_FIELD_DEFINITION
 (ID, REVISION, PARENT_ID, FIELD_ID, COLUMN_NAME, COLUMN_TYPE, REPORT_COLUMN_NAME, PRODUCT_FIELD, FIELD_TYPE, ENTITY_LOOKUP, ENTITY_LOOKUP_KEY, ORDER_BY, GENERATOR, REFER_TABLE, KEY_COLUMN, LOOKUP_COLUMN, MANDATORY, MIN_LENGTH, MAX_LENGTH, MIN_VALUE, MAX_VALUE, CONSTANT_VALUE, UNIQUE_KEY, CREATE_USER, CREATED_ON, LINE_NO, MANAGED, FIELD_PATH, DATA_TYPE, DATA1, DATA2, TRANSITIVE_FIELDS, FORMULA, ENTITY_LOOKUP_TYPE)
VALUES ('0d2973635df84d389593dffb1b18d070', 0, '2083638dd01c4a0e9b666dc041b40693', 'custCodelist7', 'CUST_CODELIST7', 'NVARCHAR2(400)', 'CUSTOM_FIELD_CODE_LIST_CODE7', 0, 'string-m', '', '', '', '', '', '', '', 0, NULL, 400, NULL, NULL, '', '', 'system', systimestamp, '54', 0, 'entity.commitAddress.custCodelist7', 'codelist', '', '', '', '', '');
INSERT INTO CNT_FIELD_DEFINITION
 (ID, REVISION, PARENT_ID, FIELD_ID, COLUMN_NAME, COLUMN_TYPE, REPORT_COLUMN_NAME, PRODUCT_FIELD, FIELD_TYPE, ENTITY_LOOKUP, ENTITY_LOOKUP_KEY, ORDER_BY, GENERATOR, REFER_TABLE, KEY_COLUMN, LOOKUP_COLUMN, MANDATORY, MIN_LENGTH, MAX_LENGTH, MIN_VALUE, MAX_VALUE, CONSTANT_VALUE, UNIQUE_KEY, CREATE_USER, CREATED_ON, LINE_NO, MANAGED, FIELD_PATH, DATA_TYPE, DATA1, DATA2, TRANSITIVE_FIELDS, FORMULA, ENTITY_LOOKUP_TYPE)
VALUES ('42e2034ed0ab4c4da351c6d37e0bf48c', 0, '2083638dd01c4a0e9b666dc041b40693', 'custMemoText1', 'CUST_MEMO_TEXT1', 'NVARCHAR2(1000)', 'CUSTOM_FIELD_MEMO_TEXT1', 0, 'string-l', '', '', '', '', '', '', '', 0, NULL, 1000, NULL, NULL, '', '', 'system', systimestamp, '55', 0, 'entity.commitAddress.custMemoText1', '', '', '', '', '', '');
INSERT INTO CNT_FIELD_DEFINITION
 (ID, REVISION, PARENT_ID, FIELD_ID, COLUMN_NAME, COLUMN_TYPE, REPORT_COLUMN_NAME, PRODUCT_FIELD, FIELD_TYPE, ENTITY_LOOKUP, ENTITY_LOOKUP_KEY, ORDER_BY, GENERATOR, REFER_TABLE, KEY_COLUMN, LOOKUP_COLUMN, MANDATORY, MIN_LENGTH, MAX_LENGTH, MIN_VALUE, MAX_VALUE, CONSTANT_VALUE, UNIQUE_KEY, CREATE_USER, CREATED_ON, LINE_NO, MANAGED, FIELD_PATH, DATA_TYPE, DATA1, DATA2, TRANSITIVE_FIELDS, FORMULA, ENTITY_LOOKUP_TYPE)
VALUES ('dc52a1fef466424da17aa13a716370e3', 0, '2083638dd01c4a0e9b666dc041b40693', 'custMemoText2', 'CUST_MEMO_TEXT2', 'NVARCHAR2(1000)', 'CUSTOM_FIELD_MEMO_TEXT2', 0, 'string-l', '', '', '', '', '', '', '', 0, NULL, 1000, NULL, NULL, '', '', 'system', systimestamp, '56', 0, 'entity.commitAddress.custMemoText2', '', '', '', '', '', '');
INSERT INTO CNT_FIELD_DEFINITION
 (ID, REVISION, PARENT_ID, FIELD_ID, COLUMN_NAME, COLUMN_TYPE, REPORT_COLUMN_NAME, PRODUCT_FIELD, FIELD_TYPE, ENTITY_LOOKUP, ENTITY_LOOKUP_KEY, ORDER_BY, GENERATOR, REFER_TABLE, KEY_COLUMN, LOOKUP_COLUMN, MANDATORY, MIN_LENGTH, MAX_LENGTH, MIN_VALUE, MAX_VALUE, CONSTANT_VALUE, UNIQUE_KEY, CREATE_USER, CREATED_ON, LINE_NO, MANAGED, FIELD_PATH, DATA_TYPE, DATA1, DATA2, TRANSITIVE_FIELDS, FORMULA, ENTITY_LOOKUP_TYPE)
VALUES ('f14f0d04406740dc875071a69dca659e', 0, '2083638dd01c4a0e9b666dc041b40693', 'custMemoText3', 'CUST_MEMO_TEXT3', 'NVARCHAR2(1000)', 'CUSTOM_FIELD_MEMO_TEXT3', 0, 'string-l', '', '', '', '', '', '', '', 0, NULL, 1000, NULL, NULL, '', '', 'system', systimestamp, '57', 0, 'entity.commitAddress.custMemoText3', '', '', '', '', '', '');
INSERT INTO CNT_FIELD_DEFINITION
 (ID, REVISION, PARENT_ID, FIELD_ID, COLUMN_NAME, COLUMN_TYPE, REPORT_COLUMN_NAME, PRODUCT_FIELD, FIELD_TYPE, ENTITY_LOOKUP, ENTITY_LOOKUP_KEY, ORDER_BY, GENERATOR, REFER_TABLE, KEY_COLUMN, LOOKUP_COLUMN, MANDATORY, MIN_LENGTH, MAX_LENGTH, MIN_VALUE, MAX_VALUE, CONSTANT_VALUE, UNIQUE_KEY, CREATE_USER, CREATED_ON, LINE_NO, MANAGED, FIELD_PATH, DATA_TYPE, DATA1, DATA2, TRANSITIVE_FIELDS, FORMULA, ENTITY_LOOKUP_TYPE)
VALUES ('4584742482bb4b34977eecebc910ac4c', 0, '2083638dd01c4a0e9b666dc041b40693', 'custMemoText4', 'CUST_MEMO_TEXT4', 'NVARCHAR2(1000)', 'CUSTOM_FIELD_MEMO_TEXT4', 0, 'string-l', '', '', '', '', '', '', '', 0, NULL, 1000, NULL, NULL, '', '', 'system', systimestamp, '58', 0, 'entity.commitAddress.custMemoText4', '', '', '', '', '', '');
INSERT INTO CNT_FIELD_DEFINITION
 (ID, REVISION, PARENT_ID, FIELD_ID, COLUMN_NAME, COLUMN_TYPE, REPORT_COLUMN_NAME, PRODUCT_FIELD, FIELD_TYPE, ENTITY_LOOKUP, ENTITY_LOOKUP_KEY, ORDER_BY, GENERATOR, REFER_TABLE, KEY_COLUMN, LOOKUP_COLUMN, MANDATORY, MIN_LENGTH, MAX_LENGTH, MIN_VALUE, MAX_VALUE, CONSTANT_VALUE, UNIQUE_KEY, CREATE_USER, CREATED_ON, LINE_NO, MANAGED, FIELD_PATH, DATA_TYPE, DATA1, DATA2, TRANSITIVE_FIELDS, FORMULA, ENTITY_LOOKUP_TYPE)
VALUES ('14c9868d90a547cc9ebeb532a49acaa3', 0, '2083638dd01c4a0e9b666dc041b40693', 'custMemoText5', 'CUST_MEMO_TEXT5', 'NVARCHAR2(1000)', 'CUSTOM_FIELD_MEMO_TEXT5', 0, 'string-l', '', '', '', '', '', '', '', 0, NULL, 1000, NULL, NULL, '', '', 'system', systimestamp, '59', 0, 'entity.commitAddress.custMemoText5', '', '', '', '', '', '');
INSERT INTO CNT_FIELD_DEFINITION
 (ID, REVISION, PARENT_ID, FIELD_ID, COLUMN_NAME, COLUMN_TYPE, REPORT_COLUMN_NAME, PRODUCT_FIELD, FIELD_TYPE, ENTITY_LOOKUP, ENTITY_LOOKUP_KEY, ORDER_BY, GENERATOR, REFER_TABLE, KEY_COLUMN, LOOKUP_COLUMN, MANDATORY, MIN_LENGTH, MAX_LENGTH, MIN_VALUE, MAX_VALUE, CONSTANT_VALUE, UNIQUE_KEY, CREATE_USER, CREATED_ON, LINE_NO, MANAGED, FIELD_PATH, DATA_TYPE, DATA1, DATA2, TRANSITIVE_FIELDS, FORMULA, ENTITY_LOOKUP_TYPE)
VALUES ('793ec9ced6204ffe899c79eefa0fa955', 0, '2083638dd01c4a0e9b666dc041b40693', 'custMemoText6', 'CUST_MEMO_TEXT6', 'NVARCHAR2(1000)', 'CUSTOM_FIELD_MEMO_TEXT6', 0, 'string-l', '', '', '', '', '', '', '', 0, NULL, 1000, NULL, NULL, '', '', 'system', systimestamp, '60', 0, 'entity.commitAddress.custMemoText6', '', '', '', '', '', '');
INSERT INTO CNT_FIELD_DEFINITION
 (ID, REVISION, PARENT_ID, FIELD_ID, COLUMN_NAME, COLUMN_TYPE, REPORT_COLUMN_NAME, PRODUCT_FIELD, FIELD_TYPE, ENTITY_LOOKUP, ENTITY_LOOKUP_KEY, ORDER_BY, GENERATOR, REFER_TABLE, KEY_COLUMN, LOOKUP_COLUMN, MANDATORY, MIN_LENGTH, MAX_LENGTH, MIN_VALUE, MAX_VALUE, CONSTANT_VALUE, UNIQUE_KEY, CREATE_USER, CREATED_ON, LINE_NO, MANAGED, FIELD_PATH, DATA_TYPE, DATA1, DATA2, TRANSITIVE_FIELDS, FORMULA, ENTITY_LOOKUP_TYPE)
VALUES ('6438fb7638a84e8d955a5d7a2e1521d6', 0, '2083638dd01c4a0e9b666dc041b40693', 'custMemoText7', 'CUST_MEMO_TEXT7', 'NVARCHAR2(1000)', 'CUSTOM_FIELD_MEMO_TEXT7', 0, 'string-l', '', '', '', '', '', '', '', 0, NULL, 1000, NULL, NULL, '', '', 'system', systimestamp, '61', 0, 'entity.commitAddress.custMemoText7', '', '', '', '', '', '');
INSERT INTO CNT_FIELD_DEFINITION
 (ID, REVISION, PARENT_ID, FIELD_ID, COLUMN_NAME, COLUMN_TYPE, REPORT_COLUMN_NAME, PRODUCT_FIELD, FIELD_TYPE, ENTITY_LOOKUP, ENTITY_LOOKUP_KEY, ORDER_BY, GENERATOR, REFER_TABLE, KEY_COLUMN, LOOKUP_COLUMN, MANDATORY, MIN_LENGTH, MAX_LENGTH, MIN_VALUE, MAX_VALUE, CONSTANT_VALUE, UNIQUE_KEY, CREATE_USER, CREATED_ON, LINE_NO, MANAGED, FIELD_PATH, DATA_TYPE, DATA1, DATA2, TRANSITIVE_FIELDS, FORMULA, ENTITY_LOOKUP_TYPE)
VALUES ('70fc05893b3a4cf29a8c2b4bef29ac5a', 0, '2083638dd01c4a0e9b666dc041b40693', 'custHcl1', 'CUST_HCL1_ID', 'CHAR(32)', 'CUSTOM_FIELD_HCL_CODE_SYS_ID1', 0, 'entity', 'HclNode', 'id', '', '', '', '', '', 0, 32, 32, NULL, NULL, '', '', 'system', systimestamp, '62', 0, 'entity.commitAddress.custHcl1', '', '', '', '', '', '');
INSERT INTO CNT_FIELD_DEFINITION
 (ID, REVISION, PARENT_ID, FIELD_ID, COLUMN_NAME, COLUMN_TYPE, REPORT_COLUMN_NAME, PRODUCT_FIELD, FIELD_TYPE, ENTITY_LOOKUP, ENTITY_LOOKUP_KEY, ORDER_BY, GENERATOR, REFER_TABLE, KEY_COLUMN, LOOKUP_COLUMN, MANDATORY, MIN_LENGTH, MAX_LENGTH, MIN_VALUE, MAX_VALUE, CONSTANT_VALUE, UNIQUE_KEY, CREATE_USER, CREATED_ON, LINE_NO, MANAGED, FIELD_PATH, DATA_TYPE, DATA1, DATA2, TRANSITIVE_FIELDS, FORMULA, ENTITY_LOOKUP_TYPE)
VALUES ('a0ed585fad684fd6b711c9b02c2a6a67', 0, '2083638dd01c4a0e9b666dc041b40693', 'custHcl2', 'CUST_HCL2_ID', 'CHAR(32)', 'CUSTOM_FIELD_HCL_CODE_SYS_ID2', 0, 'entity', 'HclNode', 'id', '', '', '', '', '', 0, 32, 32, NULL, NULL, '', '', 'system', systimestamp, '63', 0, 'entity.commitAddress.custHcl2', '', '', '', '', '', '');
INSERT INTO CNT_FIELD_DEFINITION
 (ID, REVISION, PARENT_ID, FIELD_ID, COLUMN_NAME, COLUMN_TYPE, REPORT_COLUMN_NAME, PRODUCT_FIELD, FIELD_TYPE, ENTITY_LOOKUP, ENTITY_LOOKUP_KEY, ORDER_BY, GENERATOR, REFER_TABLE, KEY_COLUMN, LOOKUP_COLUMN, MANDATORY, MIN_LENGTH, MAX_LENGTH, MIN_VALUE, MAX_VALUE, CONSTANT_VALUE, UNIQUE_KEY, CREATE_USER, CREATED_ON, LINE_NO, MANAGED, FIELD_PATH, DATA_TYPE, DATA1, DATA2, TRANSITIVE_FIELDS, FORMULA, ENTITY_LOOKUP_TYPE)
VALUES ('d7de81b97c014d67a5b1262d63e7fb6d', 0, '2083638dd01c4a0e9b666dc041b40693', 'custHcl3', 'CUST_HCL3_ID', 'CHAR(32)', 'CUSTOM_FIELD_HCL_CODE_SYS_ID3', 0, 'entity', 'HclNode', 'id', '', '', '', '', '', 0, 32, 32, NULL, NULL, '', '', 'system', systimestamp, '64', 0, 'entity.commitAddress.custHcl3', '', '', '', '', '', '');
INSERT INTO CNT_FIELD_DEFINITION
 (ID, REVISION, PARENT_ID, FIELD_ID, COLUMN_NAME, COLUMN_TYPE, REPORT_COLUMN_NAME, PRODUCT_FIELD, FIELD_TYPE, ENTITY_LOOKUP, ENTITY_LOOKUP_KEY, ORDER_BY, GENERATOR, REFER_TABLE, KEY_COLUMN, LOOKUP_COLUMN, MANDATORY, MIN_LENGTH, MAX_LENGTH, MIN_VALUE, MAX_VALUE, CONSTANT_VALUE, UNIQUE_KEY, CREATE_USER, CREATED_ON, LINE_NO, MANAGED, FIELD_PATH, DATA_TYPE, DATA1, DATA2, TRANSITIVE_FIELDS, FORMULA, ENTITY_LOOKUP_TYPE)
VALUES ('a63f2460207941eea8a9531a68239292', 0, '2083638dd01c4a0e9b666dc041b40693', 'custHcl4', 'CUST_HCL4_ID', 'CHAR(32)', 'CUSTOM_FIELD_HCL_CODE_SYS_ID4', 0, 'entity', 'HclNode', 'id', '', '', '', '', '', 0, 32, 32, NULL, NULL, '', '', 'system', systimestamp, '65', 0, 'entity.commitAddress.custHcl4', '', '', '', '', '', '');
INSERT INTO CNT_FIELD_DEFINITION
 (ID, REVISION, PARENT_ID, FIELD_ID, COLUMN_NAME, COLUMN_TYPE, REPORT_COLUMN_NAME, PRODUCT_FIELD, FIELD_TYPE, ENTITY_LOOKUP, ENTITY_LOOKUP_KEY, ORDER_BY, GENERATOR, REFER_TABLE, KEY_COLUMN, LOOKUP_COLUMN, MANDATORY, MIN_LENGTH, MAX_LENGTH, MIN_VALUE, MAX_VALUE, CONSTANT_VALUE, UNIQUE_KEY, CREATE_USER, CREATED_ON, LINE_NO, MANAGED, FIELD_PATH, DATA_TYPE, DATA1, DATA2, TRANSITIVE_FIELDS, FORMULA, ENTITY_LOOKUP_TYPE)
VALUES ('7391f9c03eed4dd394cdb1c55821d970', 0, '2083638dd01c4a0e9b666dc041b40693', 'custHcl5', 'CUST_HCL5_ID', 'CHAR(32)', 'CUSTOM_FIELD_HCL_CODE_SYS_ID5', 0, 'entity', 'HclNode', 'id', '', '', '', '', '', 0, 32, 32, NULL, NULL, '', '', 'system', systimestamp, '66', 0, 'entity.commitAddress.custHcl5', '', '', '', '', '', '');
INSERT INTO CNT_FIELD_DEFINITION
 (ID, REVISION, PARENT_ID, FIELD_ID, COLUMN_NAME, COLUMN_TYPE, REPORT_COLUMN_NAME, PRODUCT_FIELD, FIELD_TYPE, ENTITY_LOOKUP, ENTITY_LOOKUP_KEY, ORDER_BY, GENERATOR, REFER_TABLE, KEY_COLUMN, LOOKUP_COLUMN, MANDATORY, MIN_LENGTH, MAX_LENGTH, MIN_VALUE, MAX_VALUE, CONSTANT_VALUE, UNIQUE_KEY, CREATE_USER, CREATED_ON, LINE_NO, MANAGED, FIELD_PATH, DATA_TYPE, DATA1, DATA2, TRANSITIVE_FIELDS, FORMULA, ENTITY_LOOKUP_TYPE)
VALUES ('0b13e914d1504def9d74e0e8f0cf21a0', 0, '2083638dd01c4a0e9b666dc041b40693', 'custCodelist1Name', 'CUST_CODELIST1_NAME', 'NVARCHAR2(400)', 'N/A', 0, 'string-m', '', '', '', '', '', '', '', 0, NULL, 400, NULL, NULL, '', '', 'system', systimestamp, '67', 0, 'entity.commitAddress.custCodelist1Name', '', '', '', '', '', '');
INSERT INTO CNT_FIELD_DEFINITION
 (ID, REVISION, PARENT_ID, FIELD_ID, COLUMN_NAME, COLUMN_TYPE, REPORT_COLUMN_NAME, PRODUCT_FIELD, FIELD_TYPE, ENTITY_LOOKUP, ENTITY_LOOKUP_KEY, ORDER_BY, GENERATOR, REFER_TABLE, KEY_COLUMN, LOOKUP_COLUMN, MANDATORY, MIN_LENGTH, MAX_LENGTH, MIN_VALUE, MAX_VALUE, CONSTANT_VALUE, UNIQUE_KEY, CREATE_USER, CREATED_ON, LINE_NO, MANAGED, FIELD_PATH, DATA_TYPE, DATA1, DATA2, TRANSITIVE_FIELDS, FORMULA, ENTITY_LOOKUP_TYPE)
VALUES ('6762af030b0e4db39fb203222beb7f77', 0, '2083638dd01c4a0e9b666dc041b40693', 'custCodelist2Name', 'CUST_CODELIST2_NAME', 'NVARCHAR2(400)', 'N/A', 0, 'string-m', '', '', '', '', '', '', '', 0, NULL, 400, NULL, NULL, '', '', 'system', systimestamp, '68', 0, 'entity.commitAddress.custCodelist2Name', '', '', '', '', '', '');
INSERT INTO CNT_FIELD_DEFINITION
 (ID, REVISION, PARENT_ID, FIELD_ID, COLUMN_NAME, COLUMN_TYPE, REPORT_COLUMN_NAME, PRODUCT_FIELD, FIELD_TYPE, ENTITY_LOOKUP, ENTITY_LOOKUP_KEY, ORDER_BY, GENERATOR, REFER_TABLE, KEY_COLUMN, LOOKUP_COLUMN, MANDATORY, MIN_LENGTH, MAX_LENGTH, MIN_VALUE, MAX_VALUE, CONSTANT_VALUE, UNIQUE_KEY, CREATE_USER, CREATED_ON, LINE_NO, MANAGED, FIELD_PATH, DATA_TYPE, DATA1, DATA2, TRANSITIVE_FIELDS, FORMULA, ENTITY_LOOKUP_TYPE)
VALUES ('82b5185f0ee2498b921b60f14b5dbc86', 0, '2083638dd01c4a0e9b666dc041b40693', 'custCodelist3Name', 'CUST_CODELIST3_NAME', 'NVARCHAR2(400)', 'N/A', 0, 'string-m', '', '', '', '', '', '', '', 0, NULL, 400, NULL, NULL, '', '', 'system', systimestamp, '69', 0, 'entity.commitAddress.custCodelist3Name', '', '', '', '', '', '');
INSERT INTO CNT_FIELD_DEFINITION
 (ID, REVISION, PARENT_ID, FIELD_ID, COLUMN_NAME, COLUMN_TYPE, REPORT_COLUMN_NAME, PRODUCT_FIELD, FIELD_TYPE, ENTITY_LOOKUP, ENTITY_LOOKUP_KEY, ORDER_BY, GENERATOR, REFER_TABLE, KEY_COLUMN, LOOKUP_COLUMN, MANDATORY, MIN_LENGTH, MAX_LENGTH, MIN_VALUE, MAX_VALUE, CONSTANT_VALUE, UNIQUE_KEY, CREATE_USER, CREATED_ON, LINE_NO, MANAGED, FIELD_PATH, DATA_TYPE, DATA1, DATA2, TRANSITIVE_FIELDS, FORMULA, ENTITY_LOOKUP_TYPE)
VALUES ('0bfd3944f39f49a597b461d25d1347d3', 0, '2083638dd01c4a0e9b666dc041b40693', 'custCodelist4Name', 'CUST_CODELIST4_NAME', 'NVARCHAR2(400)', 'N/A', 0, 'string-m', '', '', '', '', '', '', '', 0, NULL, 400, NULL, NULL, '', '', 'system', systimestamp, '70', 0, 'entity.commitAddress.custCodelist4Name', '', '', '', '', '', '');
INSERT INTO CNT_FIELD_DEFINITION
 (ID, REVISION, PARENT_ID, FIELD_ID, COLUMN_NAME, COLUMN_TYPE, REPORT_COLUMN_NAME, PRODUCT_FIELD, FIELD_TYPE, ENTITY_LOOKUP, ENTITY_LOOKUP_KEY, ORDER_BY, GENERATOR, REFER_TABLE, KEY_COLUMN, LOOKUP_COLUMN, MANDATORY, MIN_LENGTH, MAX_LENGTH, MIN_VALUE, MAX_VALUE, CONSTANT_VALUE, UNIQUE_KEY, CREATE_USER, CREATED_ON, LINE_NO, MANAGED, FIELD_PATH, DATA_TYPE, DATA1, DATA2, TRANSITIVE_FIELDS, FORMULA, ENTITY_LOOKUP_TYPE)
VALUES ('921b192f385d463192dcd1509de5c827', 0, '2083638dd01c4a0e9b666dc041b40693', 'custCodelist5Name', 'CUST_CODELIST5_NAME', 'NVARCHAR2(400)', 'N/A', 0, 'string-m', '', '', '', '', '', '', '', 0, NULL, 400, NULL, NULL, '', '', 'system', systimestamp, '71', 0, 'entity.commitAddress.custCodelist5Name', '', '', '', '', '', '');
INSERT INTO CNT_FIELD_DEFINITION
 (ID, REVISION, PARENT_ID, FIELD_ID, COLUMN_NAME, COLUMN_TYPE, REPORT_COLUMN_NAME, PRODUCT_FIELD, FIELD_TYPE, ENTITY_LOOKUP, ENTITY_LOOKUP_KEY, ORDER_BY, GENERATOR, REFER_TABLE, KEY_COLUMN, LOOKUP_COLUMN, MANDATORY, MIN_LENGTH, MAX_LENGTH, MIN_VALUE, MAX_VALUE, CONSTANT_VALUE, UNIQUE_KEY, CREATE_USER, CREATED_ON, LINE_NO, MANAGED, FIELD_PATH, DATA_TYPE, DATA1, DATA2, TRANSITIVE_FIELDS, FORMULA, ENTITY_LOOKUP_TYPE)
VALUES ('ea5761ec38874f8ab6eea399824ccc7f', 0, '2083638dd01c4a0e9b666dc041b40693', 'custCodelist6Name', 'CUST_CODELIST6_NAME', 'NVARCHAR2(400)', 'N/A', 0, 'string-m', '', '', '', '', '', '', '', 0, NULL, 400, NULL, NULL, '', '', 'system', systimestamp, '72', 0, 'entity.commitAddress.custCodelist6Name', '', '', '', '', '', '');
INSERT INTO CNT_FIELD_DEFINITION
 (ID, REVISION, PARENT_ID, FIELD_ID, COLUMN_NAME, COLUMN_TYPE, REPORT_COLUMN_NAME, PRODUCT_FIELD, FIELD_TYPE, ENTITY_LOOKUP, ENTITY_LOOKUP_KEY, ORDER_BY, GENERATOR, REFER_TABLE, KEY_COLUMN, LOOKUP_COLUMN, MANDATORY, MIN_LENGTH, MAX_LENGTH, MIN_VALUE, MAX_VALUE, CONSTANT_VALUE, UNIQUE_KEY, CREATE_USER, CREATED_ON, LINE_NO, MANAGED, FIELD_PATH, DATA_TYPE, DATA1, DATA2, TRANSITIVE_FIELDS, FORMULA, ENTITY_LOOKUP_TYPE)
VALUES ('9c7b23033322472c802803252a0f8156', 0, '2083638dd01c4a0e9b666dc041b40693', 'custCodelist7Name', 'CUST_CODELIST7_NAME', 'NVARCHAR2(400)', 'N/A', 0, 'string-m', '', '', '', '', '', '', '', 0, NULL, 400, NULL, NULL, '', '', 'system', systimestamp, '73', 0, 'entity.commitAddress.custCodelist7Name', '', '', '', '', '', '');
INSERT INTO CNT_FIELD_DEFINITION
 (ID, REVISION, PARENT_ID, FIELD_ID, COLUMN_NAME, COLUMN_TYPE, REPORT_COLUMN_NAME, PRODUCT_FIELD, FIELD_TYPE, ENTITY_LOOKUP, ENTITY_LOOKUP_KEY, ORDER_BY, GENERATOR, REFER_TABLE, KEY_COLUMN, LOOKUP_COLUMN, MANDATORY, MIN_LENGTH, MAX_LENGTH, MIN_VALUE, MAX_VALUE, CONSTANT_VALUE, UNIQUE_KEY, CREATE_USER, CREATED_ON, LINE_NO, MANAGED, FIELD_PATH, DATA_TYPE, DATA1, DATA2, TRANSITIVE_FIELDS, FORMULA, ENTITY_LOOKUP_TYPE)
VALUES ('e69fcc53bf8f48729d301876b29d89b2', 0, '2083638dd01c4a0e9b666dc041b40693', 'custHcl1Ref', 'CUST_HCL1_REF', 'NVARCHAR2(1000)', 'N/A', 0, 'string-l', '', '', '', '', '', '', '', 0, NULL, 1000, NULL, NULL, '', '', 'system', systimestamp, '74', 0, 'entity.commitAddress.custHcl1Ref', '', '', '', '', '', '');
INSERT INTO CNT_FIELD_DEFINITION
 (ID, REVISION, PARENT_ID, FIELD_ID, COLUMN_NAME, COLUMN_TYPE, REPORT_COLUMN_NAME, PRODUCT_FIELD, FIELD_TYPE, ENTITY_LOOKUP, ENTITY_LOOKUP_KEY, ORDER_BY, GENERATOR, REFER_TABLE, KEY_COLUMN, LOOKUP_COLUMN, MANDATORY, MIN_LENGTH, MAX_LENGTH, MIN_VALUE, MAX_VALUE, CONSTANT_VALUE, UNIQUE_KEY, CREATE_USER, CREATED_ON, LINE_NO, MANAGED, FIELD_PATH, DATA_TYPE, DATA1, DATA2, TRANSITIVE_FIELDS, FORMULA, ENTITY_LOOKUP_TYPE)
VALUES ('bac8dd1786bb4ea483412c1f3c40814a', 0, '2083638dd01c4a0e9b666dc041b40693', 'custHcl1Ver', 'CUST_HCL1_VER', 'NUMBER(20, 0)', 'N/A', 0, 'integer', '', '', '', '', '', '', '', 0, NULL, 18, NULL, NULL, '', '', 'system', systimestamp, '75', 0, 'entity.commitAddress.custHcl1Ver', '', '', '', '', '', '');
INSERT INTO CNT_FIELD_DEFINITION
 (ID, REVISION, PARENT_ID, FIELD_ID, COLUMN_NAME, COLUMN_TYPE, REPORT_COLUMN_NAME, PRODUCT_FIELD, FIELD_TYPE, ENTITY_LOOKUP, ENTITY_LOOKUP_KEY, ORDER_BY, GENERATOR, REFER_TABLE, KEY_COLUMN, LOOKUP_COLUMN, MANDATORY, MIN_LENGTH, MAX_LENGTH, MIN_VALUE, MAX_VALUE, CONSTANT_VALUE, UNIQUE_KEY, CREATE_USER, CREATED_ON, LINE_NO, MANAGED, FIELD_PATH, DATA_TYPE, DATA1, DATA2, TRANSITIVE_FIELDS, FORMULA, ENTITY_LOOKUP_TYPE)
VALUES ('2ef7b4bf998a4b5980266bd479d7af36', 0, '2083638dd01c4a0e9b666dc041b40693', 'custHcl1Ref2', 'CUST_HCL1_REF2', 'NVARCHAR2(1000)', 'N/A', 0, 'string-l', '', '', '', '', '', '', '', 0, NULL, 1000, NULL, NULL, '', '', 'system', systimestamp, '76', 0, 'entity.commitAddress.custHcl1Ref2', '', '', '', '', '', '');
INSERT INTO CNT_FIELD_DEFINITION
 (ID, REVISION, PARENT_ID, FIELD_ID, COLUMN_NAME, COLUMN_TYPE, REPORT_COLUMN_NAME, PRODUCT_FIELD, FIELD_TYPE, ENTITY_LOOKUP, ENTITY_LOOKUP_KEY, ORDER_BY, GENERATOR, REFER_TABLE, KEY_COLUMN, LOOKUP_COLUMN, MANDATORY, MIN_LENGTH, MAX_LENGTH, MIN_VALUE, MAX_VALUE, CONSTANT_VALUE, UNIQUE_KEY, CREATE_USER, CREATED_ON, LINE_NO, MANAGED, FIELD_PATH, DATA_TYPE, DATA1, DATA2, TRANSITIVE_FIELDS, FORMULA, ENTITY_LOOKUP_TYPE)
VALUES ('b878009a22284a61ada435f672eed415', 0, '2083638dd01c4a0e9b666dc041b40693', 'custHcl1FullLineage', 'CUST_HCL1_FULL_LINEAGE', 'NVARCHAR2(1000)', 'N/A', 0, 'string-l', '', '', '', '', '', '', '', 0, NULL, 1000, NULL, NULL, '', '', 'system', systimestamp, '77', 0, 'entity.commitAddress.custHcl1FullLineage', '', '', '', '', '', '');
INSERT INTO CNT_FIELD_DEFINITION
 (ID, REVISION, PARENT_ID, FIELD_ID, COLUMN_NAME, COLUMN_TYPE, REPORT_COLUMN_NAME, PRODUCT_FIELD, FIELD_TYPE, ENTITY_LOOKUP, ENTITY_LOOKUP_KEY, ORDER_BY, GENERATOR, REFER_TABLE, KEY_COLUMN, LOOKUP_COLUMN, MANDATORY, MIN_LENGTH, MAX_LENGTH, MIN_VALUE, MAX_VALUE, CONSTANT_VALUE, UNIQUE_KEY, CREATE_USER, CREATED_ON, LINE_NO, MANAGED, FIELD_PATH, DATA_TYPE, DATA1, DATA2, TRANSITIVE_FIELDS, FORMULA, ENTITY_LOOKUP_TYPE)
VALUES ('f2f5fe9ba72848aaafdf63680cadc9ea', 0, '2083638dd01c4a0e9b666dc041b40693', 'custHcl2Ref', 'CUST_HCL2_REF', 'NVARCHAR2(1000)', 'N/A', 0, 'string-l', '', '', '', '', '', '', '', 0, NULL, 1000, NULL, NULL, '', '', 'system', systimestamp, '78', 0, 'entity.commitAddress.custHcl2Ref', '', '', '', '', '', '');
INSERT INTO CNT_FIELD_DEFINITION
 (ID, REVISION, PARENT_ID, FIELD_ID, COLUMN_NAME, COLUMN_TYPE, REPORT_COLUMN_NAME, PRODUCT_FIELD, FIELD_TYPE, ENTITY_LOOKUP, ENTITY_LOOKUP_KEY, ORDER_BY, GENERATOR, REFER_TABLE, KEY_COLUMN, LOOKUP_COLUMN, MANDATORY, MIN_LENGTH, MAX_LENGTH, MIN_VALUE, MAX_VALUE, CONSTANT_VALUE, UNIQUE_KEY, CREATE_USER, CREATED_ON, LINE_NO, MANAGED, FIELD_PATH, DATA_TYPE, DATA1, DATA2, TRANSITIVE_FIELDS, FORMULA, ENTITY_LOOKUP_TYPE)
VALUES ('58927e4583b9433b9d0ca35ac04b0619', 0, '2083638dd01c4a0e9b666dc041b40693', 'custHcl2Ver', 'CUST_HCL2_VER', 'NUMBER(20, 0)', 'N/A', 0, 'integer', '', '', '', '', '', '', '', 0, NULL, 18, NULL, NULL, '', '', 'system', systimestamp, '79', 0, 'entity.commitAddress.custHcl2Ver', '', '', '', '', '', '');
INSERT INTO CNT_FIELD_DEFINITION
 (ID, REVISION, PARENT_ID, FIELD_ID, COLUMN_NAME, COLUMN_TYPE, REPORT_COLUMN_NAME, PRODUCT_FIELD, FIELD_TYPE, ENTITY_LOOKUP, ENTITY_LOOKUP_KEY, ORDER_BY, GENERATOR, REFER_TABLE, KEY_COLUMN, LOOKUP_COLUMN, MANDATORY, MIN_LENGTH, MAX_LENGTH, MIN_VALUE, MAX_VALUE, CONSTANT_VALUE, UNIQUE_KEY, CREATE_USER, CREATED_ON, LINE_NO, MANAGED, FIELD_PATH, DATA_TYPE, DATA1, DATA2, TRANSITIVE_FIELDS, FORMULA, ENTITY_LOOKUP_TYPE)
VALUES ('2dbcd2e3a5e240f9b8ed9bef1a117527', 0, '2083638dd01c4a0e9b666dc041b40693', 'custHcl2Ref2', 'CUST_HCL2_REF2', 'NVARCHAR2(1000)', 'N/A', 0, 'string-l', '', '', '', '', '', '', '', 0, NULL, 1000, NULL, NULL, '', '', 'system', systimestamp, '80', 0, 'entity.commitAddress.custHcl2Ref2', '', '', '', '', '', '');
INSERT INTO CNT_FIELD_DEFINITION
 (ID, REVISION, PARENT_ID, FIELD_ID, COLUMN_NAME, COLUMN_TYPE, REPORT_COLUMN_NAME, PRODUCT_FIELD, FIELD_TYPE, ENTITY_LOOKUP, ENTITY_LOOKUP_KEY, ORDER_BY, GENERATOR, REFER_TABLE, KEY_COLUMN, LOOKUP_COLUMN, MANDATORY, MIN_LENGTH, MAX_LENGTH, MIN_VALUE, MAX_VALUE, CONSTANT_VALUE, UNIQUE_KEY, CREATE_USER, CREATED_ON, LINE_NO, MANAGED, FIELD_PATH, DATA_TYPE, DATA1, DATA2, TRANSITIVE_FIELDS, FORMULA, ENTITY_LOOKUP_TYPE)
VALUES ('66be8e07c95147b2a757bfcfe0d721f3', 0, '2083638dd01c4a0e9b666dc041b40693', 'custHcl2FullLineage', 'CUST_HCL2_FULL_LINEAGE', 'NVARCHAR2(1000)', 'N/A', 0, 'string-l', '', '', '', '', '', '', '', 0, NULL, 1000, NULL, NULL, '', '', 'system', systimestamp, '81', 0, 'entity.commitAddress.custHcl2FullLineage', '', '', '', '', '', '');
INSERT INTO CNT_FIELD_DEFINITION
 (ID, REVISION, PARENT_ID, FIELD_ID, COLUMN_NAME, COLUMN_TYPE, REPORT_COLUMN_NAME, PRODUCT_FIELD, FIELD_TYPE, ENTITY_LOOKUP, ENTITY_LOOKUP_KEY, ORDER_BY, GENERATOR, REFER_TABLE, KEY_COLUMN, LOOKUP_COLUMN, MANDATORY, MIN_LENGTH, MAX_LENGTH, MIN_VALUE, MAX_VALUE, CONSTANT_VALUE, UNIQUE_KEY, CREATE_USER, CREATED_ON, LINE_NO, MANAGED, FIELD_PATH, DATA_TYPE, DATA1, DATA2, TRANSITIVE_FIELDS, FORMULA, ENTITY_LOOKUP_TYPE)
VALUES ('ddd25c1ea59941e1ba007527d7428715', 0, '2083638dd01c4a0e9b666dc041b40693', 'custHcl3Ref', 'CUST_HCL3_REF', 'NVARCHAR2(1000)', 'N/A', 0, 'string-l', '', '', '', '', '', '', '', 0, NULL, 1000, NULL, NULL, '', '', 'system', systimestamp, '82', 0, 'entity.commitAddress.custHcl3Ref', '', '', '', '', '', '');
INSERT INTO CNT_FIELD_DEFINITION
 (ID, REVISION, PARENT_ID, FIELD_ID, COLUMN_NAME, COLUMN_TYPE, REPORT_COLUMN_NAME, PRODUCT_FIELD, FIELD_TYPE, ENTITY_LOOKUP, ENTITY_LOOKUP_KEY, ORDER_BY, GENERATOR, REFER_TABLE, KEY_COLUMN, LOOKUP_COLUMN, MANDATORY, MIN_LENGTH, MAX_LENGTH, MIN_VALUE, MAX_VALUE, CONSTANT_VALUE, UNIQUE_KEY, CREATE_USER, CREATED_ON, LINE_NO, MANAGED, FIELD_PATH, DATA_TYPE, DATA1, DATA2, TRANSITIVE_FIELDS, FORMULA, ENTITY_LOOKUP_TYPE)
VALUES ('36a647c8221d4fd7b581f7edb850e21d', 0, '2083638dd01c4a0e9b666dc041b40693', 'custHcl3Ver', 'CUST_HCL3_VER', 'NUMBER(20, 0)', 'N/A', 0, 'integer', '', '', '', '', '', '', '', 0, NULL, 18, NULL, NULL, '', '', 'system', systimestamp, '83', 0, 'entity.commitAddress.custHcl3Ver', '', '', '', '', '', '');
INSERT INTO CNT_FIELD_DEFINITION
 (ID, REVISION, PARENT_ID, FIELD_ID, COLUMN_NAME, COLUMN_TYPE, REPORT_COLUMN_NAME, PRODUCT_FIELD, FIELD_TYPE, ENTITY_LOOKUP, ENTITY_LOOKUP_KEY, ORDER_BY, GENERATOR, REFER_TABLE, KEY_COLUMN, LOOKUP_COLUMN, MANDATORY, MIN_LENGTH, MAX_LENGTH, MIN_VALUE, MAX_VALUE, CONSTANT_VALUE, UNIQUE_KEY, CREATE_USER, CREATED_ON, LINE_NO, MANAGED, FIELD_PATH, DATA_TYPE, DATA1, DATA2, TRANSITIVE_FIELDS, FORMULA, ENTITY_LOOKUP_TYPE)
VALUES ('1d9d8b5f29244eabba0d1c1ea9a7a98d', 0, '2083638dd01c4a0e9b666dc041b40693', 'custHcl3Ref2', 'CUST_HCL3_REF2', 'NVARCHAR2(1000)', 'N/A', 0, 'string-l', '', '', '', '', '', '', '', 0, NULL, 1000, NULL, NULL, '', '', 'system', systimestamp, '84', 0, 'entity.commitAddress.custHcl3Ref2', '', '', '', '', '', '');
INSERT INTO CNT_FIELD_DEFINITION
 (ID, REVISION, PARENT_ID, FIELD_ID, COLUMN_NAME, COLUMN_TYPE, REPORT_COLUMN_NAME, PRODUCT_FIELD, FIELD_TYPE, ENTITY_LOOKUP, ENTITY_LOOKUP_KEY, ORDER_BY, GENERATOR, REFER_TABLE, KEY_COLUMN, LOOKUP_COLUMN, MANDATORY, MIN_LENGTH, MAX_LENGTH, MIN_VALUE, MAX_VALUE, CONSTANT_VALUE, UNIQUE_KEY, CREATE_USER, CREATED_ON, LINE_NO, MANAGED, FIELD_PATH, DATA_TYPE, DATA1, DATA2, TRANSITIVE_FIELDS, FORMULA, ENTITY_LOOKUP_TYPE)
VALUES ('203565521b6e4c34810ff12366a3ab25', 0, '2083638dd01c4a0e9b666dc041b40693', 'custHcl3FullLineage', 'CUST_HCL3_FULL_LINEAGE', 'NVARCHAR2(1000)', 'N/A', 0, 'string-l', '', '', '', '', '', '', '', 0, NULL, 1000, NULL, NULL, '', '', 'system', systimestamp, '85', 0, 'entity.commitAddress.custHcl3FullLineage', '', '', '', '', '', '');
INSERT INTO CNT_FIELD_DEFINITION
 (ID, REVISION, PARENT_ID, FIELD_ID, COLUMN_NAME, COLUMN_TYPE, REPORT_COLUMN_NAME, PRODUCT_FIELD, FIELD_TYPE, ENTITY_LOOKUP, ENTITY_LOOKUP_KEY, ORDER_BY, GENERATOR, REFER_TABLE, KEY_COLUMN, LOOKUP_COLUMN, MANDATORY, MIN_LENGTH, MAX_LENGTH, MIN_VALUE, MAX_VALUE, CONSTANT_VALUE, UNIQUE_KEY, CREATE_USER, CREATED_ON, LINE_NO, MANAGED, FIELD_PATH, DATA_TYPE, DATA1, DATA2, TRANSITIVE_FIELDS, FORMULA, ENTITY_LOOKUP_TYPE)
VALUES ('6ce172cca8c240bc8dfa83a915a662e8', 0, '2083638dd01c4a0e9b666dc041b40693', 'custHcl4Ref', 'CUST_HCL4_REF', 'NVARCHAR2(1000)', 'N/A', 0, 'string-l', '', '', '', '', '', '', '', 0, NULL, 1000, NULL, NULL, '', '', 'system', systimestamp, '86', 0, 'entity.commitAddress.custHcl4Ref', '', '', '', '', '', '');
INSERT INTO CNT_FIELD_DEFINITION
 (ID, REVISION, PARENT_ID, FIELD_ID, COLUMN_NAME, COLUMN_TYPE, REPORT_COLUMN_NAME, PRODUCT_FIELD, FIELD_TYPE, ENTITY_LOOKUP, ENTITY_LOOKUP_KEY, ORDER_BY, GENERATOR, REFER_TABLE, KEY_COLUMN, LOOKUP_COLUMN, MANDATORY, MIN_LENGTH, MAX_LENGTH, MIN_VALUE, MAX_VALUE, CONSTANT_VALUE, UNIQUE_KEY, CREATE_USER, CREATED_ON, LINE_NO, MANAGED, FIELD_PATH, DATA_TYPE, DATA1, DATA2, TRANSITIVE_FIELDS, FORMULA, ENTITY_LOOKUP_TYPE)
VALUES ('f505cfd89af643a5b6095467531576ce', 0, '2083638dd01c4a0e9b666dc041b40693', 'custHcl4Ver', 'CUST_HCL4_VER', 'NUMBER(20, 0)', 'N/A', 0, 'integer', '', '', '', '', '', '', '', 0, NULL, 18, NULL, NULL, '', '', 'system', systimestamp, '87', 0, 'entity.commitAddress.custHcl4Ver', '', '', '', '', '', '');
INSERT INTO CNT_FIELD_DEFINITION
 (ID, REVISION, PARENT_ID, FIELD_ID, COLUMN_NAME, COLUMN_TYPE, REPORT_COLUMN_NAME, PRODUCT_FIELD, FIELD_TYPE, ENTITY_LOOKUP, ENTITY_LOOKUP_KEY, ORDER_BY, GENERATOR, REFER_TABLE, KEY_COLUMN, LOOKUP_COLUMN, MANDATORY, MIN_LENGTH, MAX_LENGTH, MIN_VALUE, MAX_VALUE, CONSTANT_VALUE, UNIQUE_KEY, CREATE_USER, CREATED_ON, LINE_NO, MANAGED, FIELD_PATH, DATA_TYPE, DATA1, DATA2, TRANSITIVE_FIELDS, FORMULA, ENTITY_LOOKUP_TYPE)
VALUES ('493cf65db4a24195889ab307cfa348a0', 0, '2083638dd01c4a0e9b666dc041b40693', 'custHcl4Ref2', 'CUST_HCL4_REF2', 'NVARCHAR2(1000)', 'N/A', 0, 'string-l', '', '', '', '', '', '', '', 0, NULL, 1000, NULL, NULL, '', '', 'system', systimestamp, '88', 0, 'entity.commitAddress.custHcl4Ref2', '', '', '', '', '', '');
INSERT INTO CNT_FIELD_DEFINITION
 (ID, REVISION, PARENT_ID, FIELD_ID, COLUMN_NAME, COLUMN_TYPE, REPORT_COLUMN_NAME, PRODUCT_FIELD, FIELD_TYPE, ENTITY_LOOKUP, ENTITY_LOOKUP_KEY, ORDER_BY, GENERATOR, REFER_TABLE, KEY_COLUMN, LOOKUP_COLUMN, MANDATORY, MIN_LENGTH, MAX_LENGTH, MIN_VALUE, MAX_VALUE, CONSTANT_VALUE, UNIQUE_KEY, CREATE_USER, CREATED_ON, LINE_NO, MANAGED, FIELD_PATH, DATA_TYPE, DATA1, DATA2, TRANSITIVE_FIELDS, FORMULA, ENTITY_LOOKUP_TYPE)
VALUES ('eae8db8aa2e04572a8a21d472bfa922b', 0, '2083638dd01c4a0e9b666dc041b40693', 'custHcl4FullLineage', 'CUST_HCL4_FULL_LINEAGE', 'NVARCHAR2(1000)', 'N/A', 0, 'string-l', '', '', '', '', '', '', '', 0, NULL, 1000, NULL, NULL, '', '', 'system', systimestamp, '89', 0, 'entity.commitAddress.custHcl4FullLineage', '', '', '', '', '', '');
INSERT INTO CNT_FIELD_DEFINITION
 (ID, REVISION, PARENT_ID, FIELD_ID, COLUMN_NAME, COLUMN_TYPE, REPORT_COLUMN_NAME, PRODUCT_FIELD, FIELD_TYPE, ENTITY_LOOKUP, ENTITY_LOOKUP_KEY, ORDER_BY, GENERATOR, REFER_TABLE, KEY_COLUMN, LOOKUP_COLUMN, MANDATORY, MIN_LENGTH, MAX_LENGTH, MIN_VALUE, MAX_VALUE, CONSTANT_VALUE, UNIQUE_KEY, CREATE_USER, CREATED_ON, LINE_NO, MANAGED, FIELD_PATH, DATA_TYPE, DATA1, DATA2, TRANSITIVE_FIELDS, FORMULA, ENTITY_LOOKUP_TYPE)
VALUES ('f84fe9dfb5e34bf7a2e7f35080a9afbf', 0, '2083638dd01c4a0e9b666dc041b40693', 'custHcl5Ref', 'CUST_HCL5_REF', 'NVARCHAR2(1000)', 'N/A', 0, 'string-l', '', '', '', '', '', '', '', 0, NULL, 1000, NULL, NULL, '', '', 'system', systimestamp, '90', 0, 'entity.commitAddress.custHcl5Ref', '', '', '', '', '', '');
INSERT INTO CNT_FIELD_DEFINITION
 (ID, REVISION, PARENT_ID, FIELD_ID, COLUMN_NAME, COLUMN_TYPE, REPORT_COLUMN_NAME, PRODUCT_FIELD, FIELD_TYPE, ENTITY_LOOKUP, ENTITY_LOOKUP_KEY, ORDER_BY, GENERATOR, REFER_TABLE, KEY_COLUMN, LOOKUP_COLUMN, MANDATORY, MIN_LENGTH, MAX_LENGTH, MIN_VALUE, MAX_VALUE, CONSTANT_VALUE, UNIQUE_KEY, CREATE_USER, CREATED_ON, LINE_NO, MANAGED, FIELD_PATH, DATA_TYPE, DATA1, DATA2, TRANSITIVE_FIELDS, FORMULA, ENTITY_LOOKUP_TYPE)
VALUES ('e7dd56192b5c46fb9df7553a20e6a40f', 0, '2083638dd01c4a0e9b666dc041b40693', 'custHcl5Ver', 'CUST_HCL5_VER', 'NUMBER(20, 0)', 'N/A', 0, 'integer', '', '', '', '', '', '', '', 0, NULL, 18, NULL, NULL, '', '', 'system', systimestamp, '91', 0, 'entity.commitAddress.custHcl5Ver', '', '', '', '', '', '');
INSERT INTO CNT_FIELD_DEFINITION
 (ID, REVISION, PARENT_ID, FIELD_ID, COLUMN_NAME, COLUMN_TYPE, REPORT_COLUMN_NAME, PRODUCT_FIELD, FIELD_TYPE, ENTITY_LOOKUP, ENTITY_LOOKUP_KEY, ORDER_BY, GENERATOR, REFER_TABLE, KEY_COLUMN, LOOKUP_COLUMN, MANDATORY, MIN_LENGTH, MAX_LENGTH, MIN_VALUE, MAX_VALUE, CONSTANT_VALUE, UNIQUE_KEY, CREATE_USER, CREATED_ON, LINE_NO, MANAGED, FIELD_PATH, DATA_TYPE, DATA1, DATA2, TRANSITIVE_FIELDS, FORMULA, ENTITY_LOOKUP_TYPE)
VALUES ('b065697fa7d54ce7943f990dead236ac', 0, '2083638dd01c4a0e9b666dc041b40693', 'custHcl5Ref2', 'CUST_HCL5_REF2', 'NVARCHAR2(1000)', 'N/A', 0, 'string-l', '', '', '', '', '', '', '', 0, NULL, 1000, NULL, NULL, '', '', 'system', systimestamp, '92', 0, 'entity.commitAddress.custHcl5Ref2', '', '', '', '', '', '');
INSERT INTO CNT_FIELD_DEFINITION
 (ID, REVISION, PARENT_ID, FIELD_ID, COLUMN_NAME, COLUMN_TYPE, REPORT_COLUMN_NAME, PRODUCT_FIELD, FIELD_TYPE, ENTITY_LOOKUP, ENTITY_LOOKUP_KEY, ORDER_BY, GENERATOR, REFER_TABLE, KEY_COLUMN, LOOKUP_COLUMN, MANDATORY, MIN_LENGTH, MAX_LENGTH, MIN_VALUE, MAX_VALUE, CONSTANT_VALUE, UNIQUE_KEY, CREATE_USER, CREATED_ON, LINE_NO, MANAGED, FIELD_PATH, DATA_TYPE, DATA1, DATA2, TRANSITIVE_FIELDS, FORMULA, ENTITY_LOOKUP_TYPE)
VALUES ('14f8dbfb5a8548558b32201d02374560', 0, '2083638dd01c4a0e9b666dc041b40693', 'custHcl5FullLineage', 'CUST_HCL5_FULL_LINEAGE', 'NVARCHAR2(1000)', 'N/A', 0, 'string-l', '', '', '', '', '', '', '', 0, NULL, 1000, NULL, NULL, '', '', 'system', systimestamp, '93', 0, 'entity.commitAddress.custHcl5FullLineage', '', '', '', '', '', '');



DELETE CNT_HISTORY_DEF_ITEM WHERE PARENT_ID IN (SELECT ID FROM CNT_HISTORY_DEF WHERE DOMAIN_ID = '/' AND APPLY_ENTITY = 'CommitAttachment' AND ENTITY_VERSION = 1);
DELETE CNT_HISTORY_DEF WHERE DOMAIN_ID = '/' AND APPLY_ENTITY = 'CommitAttachment' AND ENTITY_VERSION = 1;
DELETE CNT_HISTORY_DEF_ITEM WHERE PARENT_ID IN (SELECT ID FROM CNT_HISTORY_DEF WHERE DOMAIN_ID = '/' AND APPLY_ENTITY = 'CommitCharge' AND ENTITY_VERSION = 1);
DELETE CNT_HISTORY_DEF WHERE DOMAIN_ID = '/' AND APPLY_ENTITY = 'CommitCharge' AND ENTITY_VERSION = 1;
DELETE CNT_HISTORY_DEF_ITEM WHERE PARENT_ID IN (SELECT ID FROM CNT_HISTORY_DEF WHERE DOMAIN_ID = '/' AND APPLY_ENTITY = 'CommitContact' AND ENTITY_VERSION = 1);
DELETE CNT_HISTORY_DEF WHERE DOMAIN_ID = '/' AND APPLY_ENTITY = 'CommitContact' AND ENTITY_VERSION = 1;
DELETE CNT_HISTORY_DEF_ITEM WHERE PARENT_ID IN (SELECT ID FROM CNT_HISTORY_DEF WHERE DOMAIN_ID = '/' AND APPLY_ENTITY = 'CommitItem' AND ENTITY_VERSION = 1);
DELETE CNT_HISTORY_DEF WHERE DOMAIN_ID = '/' AND APPLY_ENTITY = 'CommitItem' AND ENTITY_VERSION = 1;
DELETE CNT_HISTORY_DEF_ITEM WHERE PARENT_ID IN (SELECT ID FROM CNT_HISTORY_DEF WHERE DOMAIN_ID = '/' AND APPLY_ENTITY = 'Commit' AND ENTITY_VERSION = 1);
DELETE CNT_HISTORY_DEF WHERE DOMAIN_ID = '/' AND APPLY_ENTITY = 'Commit' AND ENTITY_VERSION = 1;
DELETE CNT_HISTORY_DEF_ITEM WHERE PARENT_ID IN (SELECT ID FROM CNT_HISTORY_DEF WHERE DOMAIN_ID = '/' AND APPLY_ENTITY = 'CommitAddress' AND ENTITY_VERSION = 1);
DELETE CNT_HISTORY_DEF WHERE DOMAIN_ID = '/' AND APPLY_ENTITY = 'CommitAddress' AND ENTITY_VERSION = 1;
INSERT INTO CNT_HISTORY_DEF
 (ID, REVISION, APPLY_ENTITY, ENTITY_VERSION, DOMAIN_ID , GENERATED, CREATE_USER, CREATE_USER_NAME, CREATED_ON)
VALUES ('f3e25f6713f34c5aa476aed2e72fa180', 0, 'CommitAttachment', 1, '/', 1, 'system', 'system', systimestamp);
INSERT INTO CNT_HISTORY_DEF_ITEM
 (ID, REVISION, ENTITY_VERSION, DOMAIN_ID, PARENT_ID, LINE_NO, FIELD_ID, TRACKING_LEVEL, PATH_RENDERER_CLASS, DETAIL_RENDERER_CLASS)
VALUES ('88c3a69cde034d68bbfa26c3b6736e0b', 0, 1, '/', 'f3e25f6713f34c5aa476aed2e72fa180', '0', 'id', 1, 'PathRenderer', 'DetailRenderer');
INSERT INTO CNT_HISTORY_DEF_ITEM
 (ID, REVISION, ENTITY_VERSION, DOMAIN_ID, PARENT_ID, LINE_NO, FIELD_ID, TRACKING_LEVEL, PATH_RENDERER_CLASS, DETAIL_RENDERER_CLASS)
VALUES ('8f4d9ca7b7ab48e5a1f6666ed8bee07c', 0, 1, '/', 'f3e25f6713f34c5aa476aed2e72fa180', '1', 'revision', 1, 'PathRenderer', 'DetailRenderer');
INSERT INTO CNT_HISTORY_DEF_ITEM
 (ID, REVISION, ENTITY_VERSION, DOMAIN_ID, PARENT_ID, LINE_NO, FIELD_ID, TRACKING_LEVEL, PATH_RENDERER_CLASS, DETAIL_RENDERER_CLASS)
VALUES ('ccea2fa2abf0487ebd35c151dcd3234d', 0, 1, '/', 'f3e25f6713f34c5aa476aed2e72fa180', '2', 'entityVersion', 1, 'PathRenderer', 'DetailRenderer');
INSERT INTO CNT_HISTORY_DEF_ITEM
 (ID, REVISION, ENTITY_VERSION, DOMAIN_ID, PARENT_ID, LINE_NO, FIELD_ID, TRACKING_LEVEL, PATH_RENDERER_CLASS, DETAIL_RENDERER_CLASS)
VALUES ('aaf3df37ce2d4580bc434db3dbaae8f6', 0, 1, '/', 'f3e25f6713f34c5aa476aed2e72fa180', '3', 'domainId', 1, 'PathRenderer', 'DetailRenderer');
INSERT INTO CNT_HISTORY_DEF_ITEM
 (ID, REVISION, ENTITY_VERSION, DOMAIN_ID, PARENT_ID, LINE_NO, FIELD_ID, TRACKING_LEVEL, PATH_RENDERER_CLASS, DETAIL_RENDERER_CLASS)
VALUES ('01d4013ce37d4927ab55995e3c10ff2c', 0, 1, '/', 'f3e25f6713f34c5aa476aed2e72fa180', '4', 'hubDomainId', 1, 'PathRenderer', 'DetailRenderer');
INSERT INTO CNT_HISTORY_DEF_ITEM
 (ID, REVISION, ENTITY_VERSION, DOMAIN_ID, PARENT_ID, LINE_NO, FIELD_ID, TRACKING_LEVEL, PATH_RENDERER_CLASS, DETAIL_RENDERER_CLASS)
VALUES ('ce17b4f765bf4d908425dffe59827c60', 0, 1, '/', 'f3e25f6713f34c5aa476aed2e72fa180', '5', 'isForReference', 1, 'PathRenderer', 'DetailRenderer');
INSERT INTO CNT_HISTORY_DEF_ITEM
 (ID, REVISION, ENTITY_VERSION, DOMAIN_ID, PARENT_ID, LINE_NO, FIELD_ID, TRACKING_LEVEL, PATH_RENDERER_CLASS, DETAIL_RENDERER_CLASS)
VALUES ('e934a7e194fb45c7a57729e7c9b1b3b5', 0, 1, '/', 'f3e25f6713f34c5aa476aed2e72fa180', '6', 'internalSeqNo', 1, 'PathRenderer', 'DetailRenderer');
INSERT INTO CNT_HISTORY_DEF_ITEM
 (ID, REVISION, ENTITY_VERSION, DOMAIN_ID, PARENT_ID, LINE_NO, FIELD_ID, TRACKING_LEVEL, PATH_RENDERER_CLASS, DETAIL_RENDERER_CLASS)
VALUES ('0755836ecae0447497dd2e38397d82c6', 0, 1, '/', 'f3e25f6713f34c5aa476aed2e72fa180', '7', 'commitId', 1, 'PathRenderer', 'DetailRenderer');
INSERT INTO CNT_HISTORY_DEF_ITEM
 (ID, REVISION, ENTITY_VERSION, DOMAIN_ID, PARENT_ID, LINE_NO, FIELD_ID, TRACKING_LEVEL, PATH_RENDERER_CLASS, DETAIL_RENDERER_CLASS)
VALUES ('67983cb625c74df58b142d6b27c9ee89', 0, 1, '/', 'f3e25f6713f34c5aa476aed2e72fa180', '8', 'attachType', 1, 'PathRenderer', 'DetailRenderer');
INSERT INTO CNT_HISTORY_DEF_ITEM
 (ID, REVISION, ENTITY_VERSION, DOMAIN_ID, PARENT_ID, LINE_NO, FIELD_ID, TRACKING_LEVEL, PATH_RENDERER_CLASS, DETAIL_RENDERER_CLASS)
VALUES ('279584512f364628b80796bb72071c3b', 0, 1, '/', 'f3e25f6713f34c5aa476aed2e72fa180', '9', 'description', 1, 'PathRenderer', 'DetailRenderer');
INSERT INTO CNT_HISTORY_DEF_ITEM
 (ID, REVISION, ENTITY_VERSION, DOMAIN_ID, PARENT_ID, LINE_NO, FIELD_ID, TRACKING_LEVEL, PATH_RENDERER_CLASS, DETAIL_RENDERER_CLASS)
VALUES ('fa7628f5545f43e483399d4c0ff8a1b4', 0, 1, '/', 'f3e25f6713f34c5aa476aed2e72fa180', '10', 'fileId', 1, 'PathRenderer', 'DetailRenderer');
INSERT INTO CNT_HISTORY_DEF_ITEM
 (ID, REVISION, ENTITY_VERSION, DOMAIN_ID, PARENT_ID, LINE_NO, FIELD_ID, TRACKING_LEVEL, PATH_RENDERER_CLASS, DETAIL_RENDERER_CLASS)
VALUES ('152c2255dbde4f07ac083d615fab24a0', 0, 1, '/', 'f3e25f6713f34c5aa476aed2e72fa180', '11', 'custText1', 1, 'PathRenderer', 'DetailRenderer');
INSERT INTO CNT_HISTORY_DEF_ITEM
 (ID, REVISION, ENTITY_VERSION, DOMAIN_ID, PARENT_ID, LINE_NO, FIELD_ID, TRACKING_LEVEL, PATH_RENDERER_CLASS, DETAIL_RENDERER_CLASS)
VALUES ('5254ad23720e4541b39de61d5c5a77bc', 0, 1, '/', 'f3e25f6713f34c5aa476aed2e72fa180', '12', 'custText2', 1, 'PathRenderer', 'DetailRenderer');
INSERT INTO CNT_HISTORY_DEF_ITEM
 (ID, REVISION, ENTITY_VERSION, DOMAIN_ID, PARENT_ID, LINE_NO, FIELD_ID, TRACKING_LEVEL, PATH_RENDERER_CLASS, DETAIL_RENDERER_CLASS)
VALUES ('2110d6b01caa4b6a9aacf16007946d04', 0, 1, '/', 'f3e25f6713f34c5aa476aed2e72fa180', '13', 'custText3', 1, 'PathRenderer', 'DetailRenderer');
INSERT INTO CNT_HISTORY_DEF_ITEM
 (ID, REVISION, ENTITY_VERSION, DOMAIN_ID, PARENT_ID, LINE_NO, FIELD_ID, TRACKING_LEVEL, PATH_RENDERER_CLASS, DETAIL_RENDERER_CLASS)
VALUES ('bf3bbf908ae44db09772c7bf6bc842d6', 0, 1, '/', 'f3e25f6713f34c5aa476aed2e72fa180', '14', 'custText4', 1, 'PathRenderer', 'DetailRenderer');
INSERT INTO CNT_HISTORY_DEF_ITEM
 (ID, REVISION, ENTITY_VERSION, DOMAIN_ID, PARENT_ID, LINE_NO, FIELD_ID, TRACKING_LEVEL, PATH_RENDERER_CLASS, DETAIL_RENDERER_CLASS)
VALUES ('2b462f1cee3f48f3952ab9e49c567269', 0, 1, '/', 'f3e25f6713f34c5aa476aed2e72fa180', '15', 'custText5', 1, 'PathRenderer', 'DetailRenderer');
INSERT INTO CNT_HISTORY_DEF_ITEM
 (ID, REVISION, ENTITY_VERSION, DOMAIN_ID, PARENT_ID, LINE_NO, FIELD_ID, TRACKING_LEVEL, PATH_RENDERER_CLASS, DETAIL_RENDERER_CLASS)
VALUES ('1c0555e05feb4f389b48f55de9691458', 0, 1, '/', 'f3e25f6713f34c5aa476aed2e72fa180', '16', 'custText6', 1, 'PathRenderer', 'DetailRenderer');
INSERT INTO CNT_HISTORY_DEF_ITEM
 (ID, REVISION, ENTITY_VERSION, DOMAIN_ID, PARENT_ID, LINE_NO, FIELD_ID, TRACKING_LEVEL, PATH_RENDERER_CLASS, DETAIL_RENDERER_CLASS)
VALUES ('d484adaaa23e447b9cf485420a0e1286', 0, 1, '/', 'f3e25f6713f34c5aa476aed2e72fa180', '17', 'custText7', 1, 'PathRenderer', 'DetailRenderer');
INSERT INTO CNT_HISTORY_DEF_ITEM
 (ID, REVISION, ENTITY_VERSION, DOMAIN_ID, PARENT_ID, LINE_NO, FIELD_ID, TRACKING_LEVEL, PATH_RENDERER_CLASS, DETAIL_RENDERER_CLASS)
VALUES ('7321a84d056d454f8987e5ef235ad2e8', 0, 1, '/', 'f3e25f6713f34c5aa476aed2e72fa180', '18', 'custDate1', 1, 'PathRenderer', 'DetailRenderer');
INSERT INTO CNT_HISTORY_DEF_ITEM
 (ID, REVISION, ENTITY_VERSION, DOMAIN_ID, PARENT_ID, LINE_NO, FIELD_ID, TRACKING_LEVEL, PATH_RENDERER_CLASS, DETAIL_RENDERER_CLASS)
VALUES ('8577824cd10348088fe17bcf920cd9b3', 0, 1, '/', 'f3e25f6713f34c5aa476aed2e72fa180', '19', 'custDate2', 1, 'PathRenderer', 'DetailRenderer');
INSERT INTO CNT_HISTORY_DEF_ITEM
 (ID, REVISION, ENTITY_VERSION, DOMAIN_ID, PARENT_ID, LINE_NO, FIELD_ID, TRACKING_LEVEL, PATH_RENDERER_CLASS, DETAIL_RENDERER_CLASS)
VALUES ('6ac97f2165cf497d8ae71a94ab3b7140', 0, 1, '/', 'f3e25f6713f34c5aa476aed2e72fa180', '20', 'custDate3', 1, 'PathRenderer', 'DetailRenderer');
INSERT INTO CNT_HISTORY_DEF_ITEM
 (ID, REVISION, ENTITY_VERSION, DOMAIN_ID, PARENT_ID, LINE_NO, FIELD_ID, TRACKING_LEVEL, PATH_RENDERER_CLASS, DETAIL_RENDERER_CLASS)
VALUES ('5f596c8e342540d69cf51aec097ce18f', 0, 1, '/', 'f3e25f6713f34c5aa476aed2e72fa180', '21', 'custDate4', 1, 'PathRenderer', 'DetailRenderer');
INSERT INTO CNT_HISTORY_DEF_ITEM
 (ID, REVISION, ENTITY_VERSION, DOMAIN_ID, PARENT_ID, LINE_NO, FIELD_ID, TRACKING_LEVEL, PATH_RENDERER_CLASS, DETAIL_RENDERER_CLASS)
VALUES ('c066c0bac73342f88895262743433d76', 0, 1, '/', 'f3e25f6713f34c5aa476aed2e72fa180', '22', 'custDate5', 1, 'PathRenderer', 'DetailRenderer');
INSERT INTO CNT_HISTORY_DEF_ITEM
 (ID, REVISION, ENTITY_VERSION, DOMAIN_ID, PARENT_ID, LINE_NO, FIELD_ID, TRACKING_LEVEL, PATH_RENDERER_CLASS, DETAIL_RENDERER_CLASS)
VALUES ('7e3f53d1fd6840018b11872215e04de8', 0, 1, '/', 'f3e25f6713f34c5aa476aed2e72fa180', '23', 'custDate6', 1, 'PathRenderer', 'DetailRenderer');
INSERT INTO CNT_HISTORY_DEF_ITEM
 (ID, REVISION, ENTITY_VERSION, DOMAIN_ID, PARENT_ID, LINE_NO, FIELD_ID, TRACKING_LEVEL, PATH_RENDERER_CLASS, DETAIL_RENDERER_CLASS)
VALUES ('a79996d5e0a54c26bd64dda725a7a2fc', 0, 1, '/', 'f3e25f6713f34c5aa476aed2e72fa180', '24', 'custDate7', 1, 'PathRenderer', 'DetailRenderer');
INSERT INTO CNT_HISTORY_DEF_ITEM
 (ID, REVISION, ENTITY_VERSION, DOMAIN_ID, PARENT_ID, LINE_NO, FIELD_ID, TRACKING_LEVEL, PATH_RENDERER_CLASS, DETAIL_RENDERER_CLASS)
VALUES ('73c681df298c44dd83447efb6c7dedf9', 0, 1, '/', 'f3e25f6713f34c5aa476aed2e72fa180', '25', 'custNumber1', 1, 'PathRenderer', 'DetailRenderer');
INSERT INTO CNT_HISTORY_DEF_ITEM
 (ID, REVISION, ENTITY_VERSION, DOMAIN_ID, PARENT_ID, LINE_NO, FIELD_ID, TRACKING_LEVEL, PATH_RENDERER_CLASS, DETAIL_RENDERER_CLASS)
VALUES ('b3bbc3f1d3f34f7fb6bfd987085c9efe', 0, 1, '/', 'f3e25f6713f34c5aa476aed2e72fa180', '26', 'custNumber2', 1, 'PathRenderer', 'DetailRenderer');
INSERT INTO CNT_HISTORY_DEF_ITEM
 (ID, REVISION, ENTITY_VERSION, DOMAIN_ID, PARENT_ID, LINE_NO, FIELD_ID, TRACKING_LEVEL, PATH_RENDERER_CLASS, DETAIL_RENDERER_CLASS)
VALUES ('bad297045f0347388742c765834ebeff', 0, 1, '/', 'f3e25f6713f34c5aa476aed2e72fa180', '27', 'custNumber3', 1, 'PathRenderer', 'DetailRenderer');
INSERT INTO CNT_HISTORY_DEF_ITEM
 (ID, REVISION, ENTITY_VERSION, DOMAIN_ID, PARENT_ID, LINE_NO, FIELD_ID, TRACKING_LEVEL, PATH_RENDERER_CLASS, DETAIL_RENDERER_CLASS)
VALUES ('185290cc4bda4cf6a8e7204136ebb2a1', 0, 1, '/', 'f3e25f6713f34c5aa476aed2e72fa180', '28', 'custNumber4', 1, 'PathRenderer', 'DetailRenderer');
INSERT INTO CNT_HISTORY_DEF_ITEM
 (ID, REVISION, ENTITY_VERSION, DOMAIN_ID, PARENT_ID, LINE_NO, FIELD_ID, TRACKING_LEVEL, PATH_RENDERER_CLASS, DETAIL_RENDERER_CLASS)
VALUES ('2608c6d9c0b3402ea209d3fe9b984556', 0, 1, '/', 'f3e25f6713f34c5aa476aed2e72fa180', '29', 'custNumber5', 1, 'PathRenderer', 'DetailRenderer');
INSERT INTO CNT_HISTORY_DEF_ITEM
 (ID, REVISION, ENTITY_VERSION, DOMAIN_ID, PARENT_ID, LINE_NO, FIELD_ID, TRACKING_LEVEL, PATH_RENDERER_CLASS, DETAIL_RENDERER_CLASS)
VALUES ('90541eec4eec4ac3b036ab0d76848ddd', 0, 1, '/', 'f3e25f6713f34c5aa476aed2e72fa180', '30', 'custNumber6', 1, 'PathRenderer', 'DetailRenderer');
INSERT INTO CNT_HISTORY_DEF_ITEM
 (ID, REVISION, ENTITY_VERSION, DOMAIN_ID, PARENT_ID, LINE_NO, FIELD_ID, TRACKING_LEVEL, PATH_RENDERER_CLASS, DETAIL_RENDERER_CLASS)
VALUES ('d5f9c2a2245046daad38747f6960bb53', 0, 1, '/', 'f3e25f6713f34c5aa476aed2e72fa180', '31', 'custNumber7', 1, 'PathRenderer', 'DetailRenderer');
INSERT INTO CNT_HISTORY_DEF_ITEM
 (ID, REVISION, ENTITY_VERSION, DOMAIN_ID, PARENT_ID, LINE_NO, FIELD_ID, TRACKING_LEVEL, PATH_RENDERER_CLASS, DETAIL_RENDERER_CLASS)
VALUES ('326bb95606e84846ad8de8dcbffe9d92', 0, 1, '/', 'f3e25f6713f34c5aa476aed2e72fa180', '32', 'custDecimal1', 1, 'PathRenderer', 'DetailRenderer');
INSERT INTO CNT_HISTORY_DEF_ITEM
 (ID, REVISION, ENTITY_VERSION, DOMAIN_ID, PARENT_ID, LINE_NO, FIELD_ID, TRACKING_LEVEL, PATH_RENDERER_CLASS, DETAIL_RENDERER_CLASS)
VALUES ('72cd25dc4a94462db0536fc9db3cd404', 0, 1, '/', 'f3e25f6713f34c5aa476aed2e72fa180', '33', 'custDecimal2', 1, 'PathRenderer', 'DetailRenderer');
INSERT INTO CNT_HISTORY_DEF_ITEM
 (ID, REVISION, ENTITY_VERSION, DOMAIN_ID, PARENT_ID, LINE_NO, FIELD_ID, TRACKING_LEVEL, PATH_RENDERER_CLASS, DETAIL_RENDERER_CLASS)
VALUES ('2655f7e9238849638e95cb7fe2a58605', 0, 1, '/', 'f3e25f6713f34c5aa476aed2e72fa180', '34', 'custDecimal3', 1, 'PathRenderer', 'DetailRenderer');
INSERT INTO CNT_HISTORY_DEF_ITEM
 (ID, REVISION, ENTITY_VERSION, DOMAIN_ID, PARENT_ID, LINE_NO, FIELD_ID, TRACKING_LEVEL, PATH_RENDERER_CLASS, DETAIL_RENDERER_CLASS)
VALUES ('3dd50bf5aabd4ba684c2f245db008b45', 0, 1, '/', 'f3e25f6713f34c5aa476aed2e72fa180', '35', 'custDecimal4', 1, 'PathRenderer', 'DetailRenderer');
INSERT INTO CNT_HISTORY_DEF_ITEM
 (ID, REVISION, ENTITY_VERSION, DOMAIN_ID, PARENT_ID, LINE_NO, FIELD_ID, TRACKING_LEVEL, PATH_RENDERER_CLASS, DETAIL_RENDERER_CLASS)
VALUES ('d6facf56b9f84b57809cf84095e5a5d8', 0, 1, '/', 'f3e25f6713f34c5aa476aed2e72fa180', '36', 'custDecimal5', 1, 'PathRenderer', 'DetailRenderer');
INSERT INTO CNT_HISTORY_DEF_ITEM
 (ID, REVISION, ENTITY_VERSION, DOMAIN_ID, PARENT_ID, LINE_NO, FIELD_ID, TRACKING_LEVEL, PATH_RENDERER_CLASS, DETAIL_RENDERER_CLASS)
VALUES ('82d9449d54494212a0b79bfa21080f10', 0, 1, '/', 'f3e25f6713f34c5aa476aed2e72fa180', '37', 'custDecimal6', 1, 'PathRenderer', 'DetailRenderer');
INSERT INTO CNT_HISTORY_DEF_ITEM
 (ID, REVISION, ENTITY_VERSION, DOMAIN_ID, PARENT_ID, LINE_NO, FIELD_ID, TRACKING_LEVEL, PATH_RENDERER_CLASS, DETAIL_RENDERER_CLASS)
VALUES ('372fa7cf86594cdc8e1a9bffd77704ca', 0, 1, '/', 'f3e25f6713f34c5aa476aed2e72fa180', '38', 'custDecimal7', 1, 'PathRenderer', 'DetailRenderer');
INSERT INTO CNT_HISTORY_DEF_ITEM
 (ID, REVISION, ENTITY_VERSION, DOMAIN_ID, PARENT_ID, LINE_NO, FIELD_ID, TRACKING_LEVEL, PATH_RENDERER_CLASS, DETAIL_RENDERER_CLASS)
VALUES ('2cce3eb1697e49a3b582136e09dd8b5f', 0, 1, '/', 'f3e25f6713f34c5aa476aed2e72fa180', '39', 'custCodelist1', 1, 'PathRenderer', 'DetailRenderer');
INSERT INTO CNT_HISTORY_DEF_ITEM
 (ID, REVISION, ENTITY_VERSION, DOMAIN_ID, PARENT_ID, LINE_NO, FIELD_ID, TRACKING_LEVEL, PATH_RENDERER_CLASS, DETAIL_RENDERER_CLASS)
VALUES ('4b4c9a47440f46f3bafcaec39d2315bb', 0, 1, '/', 'f3e25f6713f34c5aa476aed2e72fa180', '40', 'custCodelist2', 1, 'PathRenderer', 'DetailRenderer');
INSERT INTO CNT_HISTORY_DEF_ITEM
 (ID, REVISION, ENTITY_VERSION, DOMAIN_ID, PARENT_ID, LINE_NO, FIELD_ID, TRACKING_LEVEL, PATH_RENDERER_CLASS, DETAIL_RENDERER_CLASS)
VALUES ('ef8c2fbbb15542b192718a645d51fe61', 0, 1, '/', 'f3e25f6713f34c5aa476aed2e72fa180', '41', 'custCodelist3', 1, 'PathRenderer', 'DetailRenderer');
INSERT INTO CNT_HISTORY_DEF_ITEM
 (ID, REVISION, ENTITY_VERSION, DOMAIN_ID, PARENT_ID, LINE_NO, FIELD_ID, TRACKING_LEVEL, PATH_RENDERER_CLASS, DETAIL_RENDERER_CLASS)
VALUES ('4478a5d5af55482599d0d1fa5ee55b68', 0, 1, '/', 'f3e25f6713f34c5aa476aed2e72fa180', '42', 'custCodelist4', 1, 'PathRenderer', 'DetailRenderer');
INSERT INTO CNT_HISTORY_DEF_ITEM
 (ID, REVISION, ENTITY_VERSION, DOMAIN_ID, PARENT_ID, LINE_NO, FIELD_ID, TRACKING_LEVEL, PATH_RENDERER_CLASS, DETAIL_RENDERER_CLASS)
VALUES ('3c64e671dec64f8dbdf8c1c56c409c7b', 0, 1, '/', 'f3e25f6713f34c5aa476aed2e72fa180', '43', 'custCodelist5', 1, 'PathRenderer', 'DetailRenderer');
INSERT INTO CNT_HISTORY_DEF_ITEM
 (ID, REVISION, ENTITY_VERSION, DOMAIN_ID, PARENT_ID, LINE_NO, FIELD_ID, TRACKING_LEVEL, PATH_RENDERER_CLASS, DETAIL_RENDERER_CLASS)
VALUES ('1aed64871fe9422cb30d7b1b42299c1c', 0, 1, '/', 'f3e25f6713f34c5aa476aed2e72fa180', '44', 'custCodelist6', 1, 'PathRenderer', 'DetailRenderer');
INSERT INTO CNT_HISTORY_DEF_ITEM
 (ID, REVISION, ENTITY_VERSION, DOMAIN_ID, PARENT_ID, LINE_NO, FIELD_ID, TRACKING_LEVEL, PATH_RENDERER_CLASS, DETAIL_RENDERER_CLASS)
VALUES ('63dcce2cf6d84352ba2a68164914c32f', 0, 1, '/', 'f3e25f6713f34c5aa476aed2e72fa180', '45', 'custCodelist7', 1, 'PathRenderer', 'DetailRenderer');
INSERT INTO CNT_HISTORY_DEF_ITEM
 (ID, REVISION, ENTITY_VERSION, DOMAIN_ID, PARENT_ID, LINE_NO, FIELD_ID, TRACKING_LEVEL, PATH_RENDERER_CLASS, DETAIL_RENDERER_CLASS)
VALUES ('f3b50ed6bda543b5b6d3c2a2ff6ebc30', 0, 1, '/', 'f3e25f6713f34c5aa476aed2e72fa180', '46', 'custMemoText1', 1, 'PathRenderer', 'DetailRenderer');
INSERT INTO CNT_HISTORY_DEF_ITEM
 (ID, REVISION, ENTITY_VERSION, DOMAIN_ID, PARENT_ID, LINE_NO, FIELD_ID, TRACKING_LEVEL, PATH_RENDERER_CLASS, DETAIL_RENDERER_CLASS)
VALUES ('deaa65cc7f9b44acb97f50daafaa6712', 0, 1, '/', 'f3e25f6713f34c5aa476aed2e72fa180', '47', 'custMemoText2', 1, 'PathRenderer', 'DetailRenderer');
INSERT INTO CNT_HISTORY_DEF_ITEM
 (ID, REVISION, ENTITY_VERSION, DOMAIN_ID, PARENT_ID, LINE_NO, FIELD_ID, TRACKING_LEVEL, PATH_RENDERER_CLASS, DETAIL_RENDERER_CLASS)
VALUES ('abe32a6a999c4f418f5d8a4709786fb6', 0, 1, '/', 'f3e25f6713f34c5aa476aed2e72fa180', '48', 'custMemoText3', 1, 'PathRenderer', 'DetailRenderer');
INSERT INTO CNT_HISTORY_DEF_ITEM
 (ID, REVISION, ENTITY_VERSION, DOMAIN_ID, PARENT_ID, LINE_NO, FIELD_ID, TRACKING_LEVEL, PATH_RENDERER_CLASS, DETAIL_RENDERER_CLASS)
VALUES ('2c06aff0e0064aec848a2aa910edb7b4', 0, 1, '/', 'f3e25f6713f34c5aa476aed2e72fa180', '49', 'custMemoText4', 1, 'PathRenderer', 'DetailRenderer');
INSERT INTO CNT_HISTORY_DEF_ITEM
 (ID, REVISION, ENTITY_VERSION, DOMAIN_ID, PARENT_ID, LINE_NO, FIELD_ID, TRACKING_LEVEL, PATH_RENDERER_CLASS, DETAIL_RENDERER_CLASS)
VALUES ('463c0a8c85b84b92bbbbdf1fdc414db8', 0, 1, '/', 'f3e25f6713f34c5aa476aed2e72fa180', '50', 'custMemoText5', 1, 'PathRenderer', 'DetailRenderer');
INSERT INTO CNT_HISTORY_DEF_ITEM
 (ID, REVISION, ENTITY_VERSION, DOMAIN_ID, PARENT_ID, LINE_NO, FIELD_ID, TRACKING_LEVEL, PATH_RENDERER_CLASS, DETAIL_RENDERER_CLASS)
VALUES ('60ad5cd5e0ae4b7b85e33864fe0fd877', 0, 1, '/', 'f3e25f6713f34c5aa476aed2e72fa180', '51', 'custMemoText6', 1, 'PathRenderer', 'DetailRenderer');
INSERT INTO CNT_HISTORY_DEF_ITEM
 (ID, REVISION, ENTITY_VERSION, DOMAIN_ID, PARENT_ID, LINE_NO, FIELD_ID, TRACKING_LEVEL, PATH_RENDERER_CLASS, DETAIL_RENDERER_CLASS)
VALUES ('a2aae13fa2d845bb9c7da6c70b97c62c', 0, 1, '/', 'f3e25f6713f34c5aa476aed2e72fa180', '52', 'custMemoText7', 1, 'PathRenderer', 'DetailRenderer');
INSERT INTO CNT_HISTORY_DEF_ITEM
 (ID, REVISION, ENTITY_VERSION, DOMAIN_ID, PARENT_ID, LINE_NO, FIELD_ID, TRACKING_LEVEL, PATH_RENDERER_CLASS, DETAIL_RENDERER_CLASS)
VALUES ('6bb1adeef9234ea3b4bc814879deecbf', 0, 1, '/', 'f3e25f6713f34c5aa476aed2e72fa180', '53', 'custHcl1', 1, 'PathRenderer', 'DetailRenderer');
INSERT INTO CNT_HISTORY_DEF_ITEM
 (ID, REVISION, ENTITY_VERSION, DOMAIN_ID, PARENT_ID, LINE_NO, FIELD_ID, TRACKING_LEVEL, PATH_RENDERER_CLASS, DETAIL_RENDERER_CLASS)
VALUES ('91591da2e7a344d8a6de14c75f8541b6', 0, 1, '/', 'f3e25f6713f34c5aa476aed2e72fa180', '54', 'custHcl2', 1, 'PathRenderer', 'DetailRenderer');
INSERT INTO CNT_HISTORY_DEF_ITEM
 (ID, REVISION, ENTITY_VERSION, DOMAIN_ID, PARENT_ID, LINE_NO, FIELD_ID, TRACKING_LEVEL, PATH_RENDERER_CLASS, DETAIL_RENDERER_CLASS)
VALUES ('5c38b0b9f7174d1dbbb637dedff22e56', 0, 1, '/', 'f3e25f6713f34c5aa476aed2e72fa180', '55', 'custHcl3', 1, 'PathRenderer', 'DetailRenderer');
INSERT INTO CNT_HISTORY_DEF_ITEM
 (ID, REVISION, ENTITY_VERSION, DOMAIN_ID, PARENT_ID, LINE_NO, FIELD_ID, TRACKING_LEVEL, PATH_RENDERER_CLASS, DETAIL_RENDERER_CLASS)
VALUES ('d96a7a46d81d43859fd16777f99096f5', 0, 1, '/', 'f3e25f6713f34c5aa476aed2e72fa180', '56', 'custHcl4', 1, 'PathRenderer', 'DetailRenderer');
INSERT INTO CNT_HISTORY_DEF_ITEM
 (ID, REVISION, ENTITY_VERSION, DOMAIN_ID, PARENT_ID, LINE_NO, FIELD_ID, TRACKING_LEVEL, PATH_RENDERER_CLASS, DETAIL_RENDERER_CLASS)
VALUES ('14fbb40e81984b1a9dbb256780d8a71d', 0, 1, '/', 'f3e25f6713f34c5aa476aed2e72fa180', '57', 'custHcl5', 1, 'PathRenderer', 'DetailRenderer');
INSERT INTO CNT_HISTORY_DEF_ITEM
 (ID, REVISION, ENTITY_VERSION, DOMAIN_ID, PARENT_ID, LINE_NO, FIELD_ID, TRACKING_LEVEL, PATH_RENDERER_CLASS, DETAIL_RENDERER_CLASS)
VALUES ('f1c82c6369594bf78ed91bcd87ccd813', 0, 1, '/', 'f3e25f6713f34c5aa476aed2e72fa180', '58', 'fileRef', 0, 'PathRenderer', 'DetailRenderer');
INSERT INTO CNT_HISTORY_DEF_ITEM
 (ID, REVISION, ENTITY_VERSION, DOMAIN_ID, PARENT_ID, LINE_NO, FIELD_ID, TRACKING_LEVEL, PATH_RENDERER_CLASS, DETAIL_RENDERER_CLASS)
VALUES ('1d1d93ad18d14084825a076c4d74bb64', 0, 1, '/', 'f3e25f6713f34c5aa476aed2e72fa180', '59', 'fileVer', 0, 'PathRenderer', 'DetailRenderer');
INSERT INTO CNT_HISTORY_DEF_ITEM
 (ID, REVISION, ENTITY_VERSION, DOMAIN_ID, PARENT_ID, LINE_NO, FIELD_ID, TRACKING_LEVEL, PATH_RENDERER_CLASS, DETAIL_RENDERER_CLASS)
VALUES ('def7cfc0fe774942a5e11c5753c9961c', 0, 1, '/', 'f3e25f6713f34c5aa476aed2e72fa180', '60', 'fileRef2', 0, 'PathRenderer', 'DetailRenderer');
INSERT INTO CNT_HISTORY_DEF_ITEM
 (ID, REVISION, ENTITY_VERSION, DOMAIN_ID, PARENT_ID, LINE_NO, FIELD_ID, TRACKING_LEVEL, PATH_RENDERER_CLASS, DETAIL_RENDERER_CLASS)
VALUES ('059d37dce97748b4a1aa913e037ef64b', 0, 1, '/', 'f3e25f6713f34c5aa476aed2e72fa180', '61', 'custCodelist1Name', 0, 'PathRenderer', 'DetailRenderer');
INSERT INTO CNT_HISTORY_DEF_ITEM
 (ID, REVISION, ENTITY_VERSION, DOMAIN_ID, PARENT_ID, LINE_NO, FIELD_ID, TRACKING_LEVEL, PATH_RENDERER_CLASS, DETAIL_RENDERER_CLASS)
VALUES ('6e090b8f21c645eb9873364c5c5dcfb3', 0, 1, '/', 'f3e25f6713f34c5aa476aed2e72fa180', '62', 'custCodelist2Name', 0, 'PathRenderer', 'DetailRenderer');
INSERT INTO CNT_HISTORY_DEF_ITEM
 (ID, REVISION, ENTITY_VERSION, DOMAIN_ID, PARENT_ID, LINE_NO, FIELD_ID, TRACKING_LEVEL, PATH_RENDERER_CLASS, DETAIL_RENDERER_CLASS)
VALUES ('ddffe65db22c431597ca4bd27af4509f', 0, 1, '/', 'f3e25f6713f34c5aa476aed2e72fa180', '63', 'custCodelist3Name', 0, 'PathRenderer', 'DetailRenderer');
INSERT INTO CNT_HISTORY_DEF_ITEM
 (ID, REVISION, ENTITY_VERSION, DOMAIN_ID, PARENT_ID, LINE_NO, FIELD_ID, TRACKING_LEVEL, PATH_RENDERER_CLASS, DETAIL_RENDERER_CLASS)
VALUES ('62e85b1e3c18424788a4d32b4f5a6a28', 0, 1, '/', 'f3e25f6713f34c5aa476aed2e72fa180', '64', 'custCodelist4Name', 0, 'PathRenderer', 'DetailRenderer');
INSERT INTO CNT_HISTORY_DEF_ITEM
 (ID, REVISION, ENTITY_VERSION, DOMAIN_ID, PARENT_ID, LINE_NO, FIELD_ID, TRACKING_LEVEL, PATH_RENDERER_CLASS, DETAIL_RENDERER_CLASS)
VALUES ('8a00d44285dc4bef8a881ce76ad580cc', 0, 1, '/', 'f3e25f6713f34c5aa476aed2e72fa180', '65', 'custCodelist5Name', 0, 'PathRenderer', 'DetailRenderer');
INSERT INTO CNT_HISTORY_DEF_ITEM
 (ID, REVISION, ENTITY_VERSION, DOMAIN_ID, PARENT_ID, LINE_NO, FIELD_ID, TRACKING_LEVEL, PATH_RENDERER_CLASS, DETAIL_RENDERER_CLASS)
VALUES ('4fa91167e12744068ab15349272ec2be', 0, 1, '/', 'f3e25f6713f34c5aa476aed2e72fa180', '66', 'custCodelist6Name', 0, 'PathRenderer', 'DetailRenderer');
INSERT INTO CNT_HISTORY_DEF_ITEM
 (ID, REVISION, ENTITY_VERSION, DOMAIN_ID, PARENT_ID, LINE_NO, FIELD_ID, TRACKING_LEVEL, PATH_RENDERER_CLASS, DETAIL_RENDERER_CLASS)
VALUES ('375bd60872334d06901b881f72680950', 0, 1, '/', 'f3e25f6713f34c5aa476aed2e72fa180', '67', 'custCodelist7Name', 0, 'PathRenderer', 'DetailRenderer');
INSERT INTO CNT_HISTORY_DEF_ITEM
 (ID, REVISION, ENTITY_VERSION, DOMAIN_ID, PARENT_ID, LINE_NO, FIELD_ID, TRACKING_LEVEL, PATH_RENDERER_CLASS, DETAIL_RENDERER_CLASS)
VALUES ('9ffbdc6e848948ada5551e4602175a92', 0, 1, '/', 'f3e25f6713f34c5aa476aed2e72fa180', '68', 'custHcl1Ref', 0, 'PathRenderer', 'DetailRenderer');
INSERT INTO CNT_HISTORY_DEF_ITEM
 (ID, REVISION, ENTITY_VERSION, DOMAIN_ID, PARENT_ID, LINE_NO, FIELD_ID, TRACKING_LEVEL, PATH_RENDERER_CLASS, DETAIL_RENDERER_CLASS)
VALUES ('7166e6cbef754088a4f6dcd2f344d3c0', 0, 1, '/', 'f3e25f6713f34c5aa476aed2e72fa180', '69', 'custHcl1Ver', 0, 'PathRenderer', 'DetailRenderer');
INSERT INTO CNT_HISTORY_DEF_ITEM
 (ID, REVISION, ENTITY_VERSION, DOMAIN_ID, PARENT_ID, LINE_NO, FIELD_ID, TRACKING_LEVEL, PATH_RENDERER_CLASS, DETAIL_RENDERER_CLASS)
VALUES ('8855e5b1b9664dacbf840a9f2c574697', 0, 1, '/', 'f3e25f6713f34c5aa476aed2e72fa180', '70', 'custHcl1Ref2', 0, 'PathRenderer', 'DetailRenderer');
INSERT INTO CNT_HISTORY_DEF_ITEM
 (ID, REVISION, ENTITY_VERSION, DOMAIN_ID, PARENT_ID, LINE_NO, FIELD_ID, TRACKING_LEVEL, PATH_RENDERER_CLASS, DETAIL_RENDERER_CLASS)
VALUES ('2498bc0d9cfb4eb1922faed41ef8e48c', 0, 1, '/', 'f3e25f6713f34c5aa476aed2e72fa180', '71', 'custHcl1FullLineage', 0, 'PathRenderer', 'DetailRenderer');
INSERT INTO CNT_HISTORY_DEF_ITEM
 (ID, REVISION, ENTITY_VERSION, DOMAIN_ID, PARENT_ID, LINE_NO, FIELD_ID, TRACKING_LEVEL, PATH_RENDERER_CLASS, DETAIL_RENDERER_CLASS)
VALUES ('f92223125994485b9089bf0ea2fcc832', 0, 1, '/', 'f3e25f6713f34c5aa476aed2e72fa180', '72', 'custHcl2Ref', 0, 'PathRenderer', 'DetailRenderer');
INSERT INTO CNT_HISTORY_DEF_ITEM
 (ID, REVISION, ENTITY_VERSION, DOMAIN_ID, PARENT_ID, LINE_NO, FIELD_ID, TRACKING_LEVEL, PATH_RENDERER_CLASS, DETAIL_RENDERER_CLASS)
VALUES ('484f08abd7244102816e527be18e38a7', 0, 1, '/', 'f3e25f6713f34c5aa476aed2e72fa180', '73', 'custHcl2Ver', 0, 'PathRenderer', 'DetailRenderer');
INSERT INTO CNT_HISTORY_DEF_ITEM
 (ID, REVISION, ENTITY_VERSION, DOMAIN_ID, PARENT_ID, LINE_NO, FIELD_ID, TRACKING_LEVEL, PATH_RENDERER_CLASS, DETAIL_RENDERER_CLASS)
VALUES ('62be61319a404f92acbab13ef132a5d8', 0, 1, '/', 'f3e25f6713f34c5aa476aed2e72fa180', '74', 'custHcl2Ref2', 0, 'PathRenderer', 'DetailRenderer');
INSERT INTO CNT_HISTORY_DEF_ITEM
 (ID, REVISION, ENTITY_VERSION, DOMAIN_ID, PARENT_ID, LINE_NO, FIELD_ID, TRACKING_LEVEL, PATH_RENDERER_CLASS, DETAIL_RENDERER_CLASS)
VALUES ('af41fed6bca943f78f9013ca5d6013e1', 0, 1, '/', 'f3e25f6713f34c5aa476aed2e72fa180', '75', 'custHcl2FullLineage', 0, 'PathRenderer', 'DetailRenderer');
INSERT INTO CNT_HISTORY_DEF_ITEM
 (ID, REVISION, ENTITY_VERSION, DOMAIN_ID, PARENT_ID, LINE_NO, FIELD_ID, TRACKING_LEVEL, PATH_RENDERER_CLASS, DETAIL_RENDERER_CLASS)
VALUES ('d07e38300e884570aa7f0bca5ad35a90', 0, 1, '/', 'f3e25f6713f34c5aa476aed2e72fa180', '76', 'custHcl3Ref', 0, 'PathRenderer', 'DetailRenderer');
INSERT INTO CNT_HISTORY_DEF_ITEM
 (ID, REVISION, ENTITY_VERSION, DOMAIN_ID, PARENT_ID, LINE_NO, FIELD_ID, TRACKING_LEVEL, PATH_RENDERER_CLASS, DETAIL_RENDERER_CLASS)
VALUES ('74768ea1b77049c7b2ebe7060c9af7b0', 0, 1, '/', 'f3e25f6713f34c5aa476aed2e72fa180', '77', 'custHcl3Ver', 0, 'PathRenderer', 'DetailRenderer');
INSERT INTO CNT_HISTORY_DEF_ITEM
 (ID, REVISION, ENTITY_VERSION, DOMAIN_ID, PARENT_ID, LINE_NO, FIELD_ID, TRACKING_LEVEL, PATH_RENDERER_CLASS, DETAIL_RENDERER_CLASS)
VALUES ('98c9334132174c0ca54910d33297e34e', 0, 1, '/', 'f3e25f6713f34c5aa476aed2e72fa180', '78', 'custHcl3Ref2', 0, 'PathRenderer', 'DetailRenderer');
INSERT INTO CNT_HISTORY_DEF_ITEM
 (ID, REVISION, ENTITY_VERSION, DOMAIN_ID, PARENT_ID, LINE_NO, FIELD_ID, TRACKING_LEVEL, PATH_RENDERER_CLASS, DETAIL_RENDERER_CLASS)
VALUES ('d509bbdb990741adbd31f35b2dc5032c', 0, 1, '/', 'f3e25f6713f34c5aa476aed2e72fa180', '79', 'custHcl3FullLineage', 0, 'PathRenderer', 'DetailRenderer');
INSERT INTO CNT_HISTORY_DEF_ITEM
 (ID, REVISION, ENTITY_VERSION, DOMAIN_ID, PARENT_ID, LINE_NO, FIELD_ID, TRACKING_LEVEL, PATH_RENDERER_CLASS, DETAIL_RENDERER_CLASS)
VALUES ('a9c0b56fe0c2449b83d3f4063390a4db', 0, 1, '/', 'f3e25f6713f34c5aa476aed2e72fa180', '80', 'custHcl4Ref', 0, 'PathRenderer', 'DetailRenderer');
INSERT INTO CNT_HISTORY_DEF_ITEM
 (ID, REVISION, ENTITY_VERSION, DOMAIN_ID, PARENT_ID, LINE_NO, FIELD_ID, TRACKING_LEVEL, PATH_RENDERER_CLASS, DETAIL_RENDERER_CLASS)
VALUES ('d602ee375fec4f8a8169fd963fc45f56', 0, 1, '/', 'f3e25f6713f34c5aa476aed2e72fa180', '81', 'custHcl4Ver', 0, 'PathRenderer', 'DetailRenderer');
INSERT INTO CNT_HISTORY_DEF_ITEM
 (ID, REVISION, ENTITY_VERSION, DOMAIN_ID, PARENT_ID, LINE_NO, FIELD_ID, TRACKING_LEVEL, PATH_RENDERER_CLASS, DETAIL_RENDERER_CLASS)
VALUES ('9b10535823d74845ace2b0c8a48268e5', 0, 1, '/', 'f3e25f6713f34c5aa476aed2e72fa180', '82', 'custHcl4Ref2', 0, 'PathRenderer', 'DetailRenderer');
INSERT INTO CNT_HISTORY_DEF_ITEM
 (ID, REVISION, ENTITY_VERSION, DOMAIN_ID, PARENT_ID, LINE_NO, FIELD_ID, TRACKING_LEVEL, PATH_RENDERER_CLASS, DETAIL_RENDERER_CLASS)
VALUES ('03db298bda02455a85397f52e9417b90', 0, 1, '/', 'f3e25f6713f34c5aa476aed2e72fa180', '83', 'custHcl4FullLineage', 0, 'PathRenderer', 'DetailRenderer');
INSERT INTO CNT_HISTORY_DEF_ITEM
 (ID, REVISION, ENTITY_VERSION, DOMAIN_ID, PARENT_ID, LINE_NO, FIELD_ID, TRACKING_LEVEL, PATH_RENDERER_CLASS, DETAIL_RENDERER_CLASS)
VALUES ('26bdace0735e462eb79fcc820df054fa', 0, 1, '/', 'f3e25f6713f34c5aa476aed2e72fa180', '84', 'custHcl5Ref', 0, 'PathRenderer', 'DetailRenderer');
INSERT INTO CNT_HISTORY_DEF_ITEM
 (ID, REVISION, ENTITY_VERSION, DOMAIN_ID, PARENT_ID, LINE_NO, FIELD_ID, TRACKING_LEVEL, PATH_RENDERER_CLASS, DETAIL_RENDERER_CLASS)
VALUES ('488f9e185a724b4bbce18ec198f61360', 0, 1, '/', 'f3e25f6713f34c5aa476aed2e72fa180', '85', 'custHcl5Ver', 0, 'PathRenderer', 'DetailRenderer');
INSERT INTO CNT_HISTORY_DEF_ITEM
 (ID, REVISION, ENTITY_VERSION, DOMAIN_ID, PARENT_ID, LINE_NO, FIELD_ID, TRACKING_LEVEL, PATH_RENDERER_CLASS, DETAIL_RENDERER_CLASS)
VALUES ('e6f309d5cf9d4789a0b63c8c07465389', 0, 1, '/', 'f3e25f6713f34c5aa476aed2e72fa180', '86', 'custHcl5Ref2', 0, 'PathRenderer', 'DetailRenderer');
INSERT INTO CNT_HISTORY_DEF_ITEM
 (ID, REVISION, ENTITY_VERSION, DOMAIN_ID, PARENT_ID, LINE_NO, FIELD_ID, TRACKING_LEVEL, PATH_RENDERER_CLASS, DETAIL_RENDERER_CLASS)
VALUES ('2c6c982e180041cab1b9dc876de9bfd6', 0, 1, '/', 'f3e25f6713f34c5aa476aed2e72fa180', '87', 'custHcl5FullLineage', 0, 'PathRenderer', 'DetailRenderer');
INSERT INTO CNT_HISTORY_DEF
 (ID, REVISION, APPLY_ENTITY, ENTITY_VERSION, DOMAIN_ID , GENERATED, CREATE_USER, CREATE_USER_NAME, CREATED_ON)
VALUES ('854364c5ae1f480c8122ba0a2f6e31a0', 0, 'CommitCharge', 1, '/', 1, 'system', 'system', systimestamp);
INSERT INTO CNT_HISTORY_DEF_ITEM
 (ID, REVISION, ENTITY_VERSION, DOMAIN_ID, PARENT_ID, LINE_NO, FIELD_ID, TRACKING_LEVEL, PATH_RENDERER_CLASS, DETAIL_RENDERER_CLASS)
VALUES ('5ced598bc19f44aa8c586f5c2f30854a', 0, 1, '/', '854364c5ae1f480c8122ba0a2f6e31a0', '0', 'id', 1, 'PathRenderer', 'DetailRenderer');
INSERT INTO CNT_HISTORY_DEF_ITEM
 (ID, REVISION, ENTITY_VERSION, DOMAIN_ID, PARENT_ID, LINE_NO, FIELD_ID, TRACKING_LEVEL, PATH_RENDERER_CLASS, DETAIL_RENDERER_CLASS)
VALUES ('aa88a30409df4100b1f3a224ee4be654', 0, 1, '/', '854364c5ae1f480c8122ba0a2f6e31a0', '1', 'revision', 1, 'PathRenderer', 'DetailRenderer');
INSERT INTO CNT_HISTORY_DEF_ITEM
 (ID, REVISION, ENTITY_VERSION, DOMAIN_ID, PARENT_ID, LINE_NO, FIELD_ID, TRACKING_LEVEL, PATH_RENDERER_CLASS, DETAIL_RENDERER_CLASS)
VALUES ('33593f919d104a548df29f8e42fcdb35', 0, 1, '/', '854364c5ae1f480c8122ba0a2f6e31a0', '2', 'entityVersion', 1, 'PathRenderer', 'DetailRenderer');
INSERT INTO CNT_HISTORY_DEF_ITEM
 (ID, REVISION, ENTITY_VERSION, DOMAIN_ID, PARENT_ID, LINE_NO, FIELD_ID, TRACKING_LEVEL, PATH_RENDERER_CLASS, DETAIL_RENDERER_CLASS)
VALUES ('28dcf1ad6a8c4a13bf6189fff83686de', 0, 1, '/', '854364c5ae1f480c8122ba0a2f6e31a0', '3', 'domainId', 1, 'PathRenderer', 'DetailRenderer');
INSERT INTO CNT_HISTORY_DEF_ITEM
 (ID, REVISION, ENTITY_VERSION, DOMAIN_ID, PARENT_ID, LINE_NO, FIELD_ID, TRACKING_LEVEL, PATH_RENDERER_CLASS, DETAIL_RENDERER_CLASS)
VALUES ('7bfcf661426140f585e7f6aaeb3670a7', 0, 1, '/', '854364c5ae1f480c8122ba0a2f6e31a0', '4', 'hubDomainId', 1, 'PathRenderer', 'DetailRenderer');
INSERT INTO CNT_HISTORY_DEF_ITEM
 (ID, REVISION, ENTITY_VERSION, DOMAIN_ID, PARENT_ID, LINE_NO, FIELD_ID, TRACKING_LEVEL, PATH_RENDERER_CLASS, DETAIL_RENDERER_CLASS)
VALUES ('7a23b33e343846dcb0d8d284e0a7d73c', 0, 1, '/', '854364c5ae1f480c8122ba0a2f6e31a0', '5', 'isForReference', 1, 'PathRenderer', 'DetailRenderer');
INSERT INTO CNT_HISTORY_DEF_ITEM
 (ID, REVISION, ENTITY_VERSION, DOMAIN_ID, PARENT_ID, LINE_NO, FIELD_ID, TRACKING_LEVEL, PATH_RENDERER_CLASS, DETAIL_RENDERER_CLASS)
VALUES ('6200c291d9e34ddea7a90ef00afbfb23', 0, 1, '/', '854364c5ae1f480c8122ba0a2f6e31a0', '6', 'internalSeqNo', 1, 'PathRenderer', 'DetailRenderer');
INSERT INTO CNT_HISTORY_DEF_ITEM
 (ID, REVISION, ENTITY_VERSION, DOMAIN_ID, PARENT_ID, LINE_NO, FIELD_ID, TRACKING_LEVEL, PATH_RENDERER_CLASS, DETAIL_RENDERER_CLASS)
VALUES ('fe2fc108d03546d2abcd8ca953c08df4', 0, 1, '/', '854364c5ae1f480c8122ba0a2f6e31a0', '7', 'commitId', 1, 'PathRenderer', 'DetailRenderer');
INSERT INTO CNT_HISTORY_DEF_ITEM
 (ID, REVISION, ENTITY_VERSION, DOMAIN_ID, PARENT_ID, LINE_NO, FIELD_ID, TRACKING_LEVEL, PATH_RENDERER_CLASS, DETAIL_RENDERER_CLASS)
VALUES ('23aae7665b724303a812af2dbdc963ab', 0, 1, '/', '854364c5ae1f480c8122ba0a2f6e31a0', '8', 'chargeType', 1, 'PathRenderer', 'DetailRenderer');
INSERT INTO CNT_HISTORY_DEF_ITEM
 (ID, REVISION, ENTITY_VERSION, DOMAIN_ID, PARENT_ID, LINE_NO, FIELD_ID, TRACKING_LEVEL, PATH_RENDERER_CLASS, DETAIL_RENDERER_CLASS)
VALUES ('45a78ad548e6455cba388edd5cf92aee', 0, 1, '/', '854364c5ae1f480c8122ba0a2f6e31a0', '9', 'chargeDesc', 1, 'PathRenderer', 'DetailRenderer');
INSERT INTO CNT_HISTORY_DEF_ITEM
 (ID, REVISION, ENTITY_VERSION, DOMAIN_ID, PARENT_ID, LINE_NO, FIELD_ID, TRACKING_LEVEL, PATH_RENDERER_CLASS, DETAIL_RENDERER_CLASS)
VALUES ('c8ede0cf1a2444d48156c1e2c9ea5a1e', 0, 1, '/', '854364c5ae1f480c8122ba0a2f6e31a0', '10', 'calculateType', 1, 'PathRenderer', 'DetailRenderer');
INSERT INTO CNT_HISTORY_DEF_ITEM
 (ID, REVISION, ENTITY_VERSION, DOMAIN_ID, PARENT_ID, LINE_NO, FIELD_ID, TRACKING_LEVEL, PATH_RENDERER_CLASS, DETAIL_RENDERER_CLASS)
VALUES ('91aec493b16640aebebbb606900dee28', 0, 1, '/', '854364c5ae1f480c8122ba0a2f6e31a0', '11', 'chargeValue', 1, 'PathRenderer', 'DetailRenderer');
INSERT INTO CNT_HISTORY_DEF_ITEM
 (ID, REVISION, ENTITY_VERSION, DOMAIN_ID, PARENT_ID, LINE_NO, FIELD_ID, TRACKING_LEVEL, PATH_RENDERER_CLASS, DETAIL_RENDERER_CLASS)
VALUES ('447f2240a0d64fd1b2e5d78d01955e70', 0, 1, '/', '854364c5ae1f480c8122ba0a2f6e31a0', '12', 'chargeAmt', 1, 'PathRenderer', 'DetailRenderer');
INSERT INTO CNT_HISTORY_DEF_ITEM
 (ID, REVISION, ENTITY_VERSION, DOMAIN_ID, PARENT_ID, LINE_NO, FIELD_ID, TRACKING_LEVEL, PATH_RENDERER_CLASS, DETAIL_RENDERER_CLASS)
VALUES ('33e2abed9b8b4eb5bbcd4d3a4b2b4562', 0, 1, '/', '854364c5ae1f480c8122ba0a2f6e31a0', '13', 'custText1', 1, 'PathRenderer', 'DetailRenderer');
INSERT INTO CNT_HISTORY_DEF_ITEM
 (ID, REVISION, ENTITY_VERSION, DOMAIN_ID, PARENT_ID, LINE_NO, FIELD_ID, TRACKING_LEVEL, PATH_RENDERER_CLASS, DETAIL_RENDERER_CLASS)
VALUES ('dc70c6adb1064f94a721aeb4f2671477', 0, 1, '/', '854364c5ae1f480c8122ba0a2f6e31a0', '14', 'custText2', 1, 'PathRenderer', 'DetailRenderer');
INSERT INTO CNT_HISTORY_DEF_ITEM
 (ID, REVISION, ENTITY_VERSION, DOMAIN_ID, PARENT_ID, LINE_NO, FIELD_ID, TRACKING_LEVEL, PATH_RENDERER_CLASS, DETAIL_RENDERER_CLASS)
VALUES ('2a3db099fbbf41e28d63c3100a8564d5', 0, 1, '/', '854364c5ae1f480c8122ba0a2f6e31a0', '15', 'custText3', 1, 'PathRenderer', 'DetailRenderer');
INSERT INTO CNT_HISTORY_DEF_ITEM
 (ID, REVISION, ENTITY_VERSION, DOMAIN_ID, PARENT_ID, LINE_NO, FIELD_ID, TRACKING_LEVEL, PATH_RENDERER_CLASS, DETAIL_RENDERER_CLASS)
VALUES ('5db65fe6daf34620b8d305cfe513b861', 0, 1, '/', '854364c5ae1f480c8122ba0a2f6e31a0', '16', 'custText4', 1, 'PathRenderer', 'DetailRenderer');
INSERT INTO CNT_HISTORY_DEF_ITEM
 (ID, REVISION, ENTITY_VERSION, DOMAIN_ID, PARENT_ID, LINE_NO, FIELD_ID, TRACKING_LEVEL, PATH_RENDERER_CLASS, DETAIL_RENDERER_CLASS)
VALUES ('7b751936e62b4ac48d834c7e7e6ff23a', 0, 1, '/', '854364c5ae1f480c8122ba0a2f6e31a0', '17', 'custText5', 1, 'PathRenderer', 'DetailRenderer');
INSERT INTO CNT_HISTORY_DEF_ITEM
 (ID, REVISION, ENTITY_VERSION, DOMAIN_ID, PARENT_ID, LINE_NO, FIELD_ID, TRACKING_LEVEL, PATH_RENDERER_CLASS, DETAIL_RENDERER_CLASS)
VALUES ('85b7de49aa9841b8b6adb77717166cc8', 0, 1, '/', '854364c5ae1f480c8122ba0a2f6e31a0', '18', 'custText6', 1, 'PathRenderer', 'DetailRenderer');
INSERT INTO CNT_HISTORY_DEF_ITEM
 (ID, REVISION, ENTITY_VERSION, DOMAIN_ID, PARENT_ID, LINE_NO, FIELD_ID, TRACKING_LEVEL, PATH_RENDERER_CLASS, DETAIL_RENDERER_CLASS)
VALUES ('70e266c66a5d40619dfa427816a3443a', 0, 1, '/', '854364c5ae1f480c8122ba0a2f6e31a0', '19', 'custText7', 1, 'PathRenderer', 'DetailRenderer');
INSERT INTO CNT_HISTORY_DEF_ITEM
 (ID, REVISION, ENTITY_VERSION, DOMAIN_ID, PARENT_ID, LINE_NO, FIELD_ID, TRACKING_LEVEL, PATH_RENDERER_CLASS, DETAIL_RENDERER_CLASS)
VALUES ('a052450971e34865aeeb24a468d5bd14', 0, 1, '/', '854364c5ae1f480c8122ba0a2f6e31a0', '20', 'custDate1', 1, 'PathRenderer', 'DetailRenderer');
INSERT INTO CNT_HISTORY_DEF_ITEM
 (ID, REVISION, ENTITY_VERSION, DOMAIN_ID, PARENT_ID, LINE_NO, FIELD_ID, TRACKING_LEVEL, PATH_RENDERER_CLASS, DETAIL_RENDERER_CLASS)
VALUES ('103af3cc70bf4a3baec5db94879a91d0', 0, 1, '/', '854364c5ae1f480c8122ba0a2f6e31a0', '21', 'custDate2', 1, 'PathRenderer', 'DetailRenderer');
INSERT INTO CNT_HISTORY_DEF_ITEM
 (ID, REVISION, ENTITY_VERSION, DOMAIN_ID, PARENT_ID, LINE_NO, FIELD_ID, TRACKING_LEVEL, PATH_RENDERER_CLASS, DETAIL_RENDERER_CLASS)
VALUES ('ea5da913a9f649e4b730228a2dc26524', 0, 1, '/', '854364c5ae1f480c8122ba0a2f6e31a0', '22', 'custDate3', 1, 'PathRenderer', 'DetailRenderer');
INSERT INTO CNT_HISTORY_DEF_ITEM
 (ID, REVISION, ENTITY_VERSION, DOMAIN_ID, PARENT_ID, LINE_NO, FIELD_ID, TRACKING_LEVEL, PATH_RENDERER_CLASS, DETAIL_RENDERER_CLASS)
VALUES ('25754ed0b819450bb3693e817e017814', 0, 1, '/', '854364c5ae1f480c8122ba0a2f6e31a0', '23', 'custDate4', 1, 'PathRenderer', 'DetailRenderer');
INSERT INTO CNT_HISTORY_DEF_ITEM
 (ID, REVISION, ENTITY_VERSION, DOMAIN_ID, PARENT_ID, LINE_NO, FIELD_ID, TRACKING_LEVEL, PATH_RENDERER_CLASS, DETAIL_RENDERER_CLASS)
VALUES ('6740a2e4c3b7442293cd62e23058d260', 0, 1, '/', '854364c5ae1f480c8122ba0a2f6e31a0', '24', 'custDate5', 1, 'PathRenderer', 'DetailRenderer');
INSERT INTO CNT_HISTORY_DEF_ITEM
 (ID, REVISION, ENTITY_VERSION, DOMAIN_ID, PARENT_ID, LINE_NO, FIELD_ID, TRACKING_LEVEL, PATH_RENDERER_CLASS, DETAIL_RENDERER_CLASS)
VALUES ('fc301e704c564a0ab03db0d56c5a1f59', 0, 1, '/', '854364c5ae1f480c8122ba0a2f6e31a0', '25', 'custDate6', 1, 'PathRenderer', 'DetailRenderer');
INSERT INTO CNT_HISTORY_DEF_ITEM
 (ID, REVISION, ENTITY_VERSION, DOMAIN_ID, PARENT_ID, LINE_NO, FIELD_ID, TRACKING_LEVEL, PATH_RENDERER_CLASS, DETAIL_RENDERER_CLASS)
VALUES ('4cb54e32156a4f28b4eb56511b76c996', 0, 1, '/', '854364c5ae1f480c8122ba0a2f6e31a0', '26', 'custDate7', 1, 'PathRenderer', 'DetailRenderer');
INSERT INTO CNT_HISTORY_DEF_ITEM
 (ID, REVISION, ENTITY_VERSION, DOMAIN_ID, PARENT_ID, LINE_NO, FIELD_ID, TRACKING_LEVEL, PATH_RENDERER_CLASS, DETAIL_RENDERER_CLASS)
VALUES ('4df23115c5b44c1c933bc3cac01644e3', 0, 1, '/', '854364c5ae1f480c8122ba0a2f6e31a0', '27', 'custNumber1', 1, 'PathRenderer', 'DetailRenderer');
INSERT INTO CNT_HISTORY_DEF_ITEM
 (ID, REVISION, ENTITY_VERSION, DOMAIN_ID, PARENT_ID, LINE_NO, FIELD_ID, TRACKING_LEVEL, PATH_RENDERER_CLASS, DETAIL_RENDERER_CLASS)
VALUES ('13f79bf2572e4ac19672f73ff4b30436', 0, 1, '/', '854364c5ae1f480c8122ba0a2f6e31a0', '28', 'custNumber2', 1, 'PathRenderer', 'DetailRenderer');
INSERT INTO CNT_HISTORY_DEF_ITEM
 (ID, REVISION, ENTITY_VERSION, DOMAIN_ID, PARENT_ID, LINE_NO, FIELD_ID, TRACKING_LEVEL, PATH_RENDERER_CLASS, DETAIL_RENDERER_CLASS)
VALUES ('60cc81ff02c74bcab7b86327cca1c22c', 0, 1, '/', '854364c5ae1f480c8122ba0a2f6e31a0', '29', 'custNumber3', 1, 'PathRenderer', 'DetailRenderer');
INSERT INTO CNT_HISTORY_DEF_ITEM
 (ID, REVISION, ENTITY_VERSION, DOMAIN_ID, PARENT_ID, LINE_NO, FIELD_ID, TRACKING_LEVEL, PATH_RENDERER_CLASS, DETAIL_RENDERER_CLASS)
VALUES ('c345434a7af34093be195d949ac46d20', 0, 1, '/', '854364c5ae1f480c8122ba0a2f6e31a0', '30', 'custNumber4', 1, 'PathRenderer', 'DetailRenderer');
INSERT INTO CNT_HISTORY_DEF_ITEM
 (ID, REVISION, ENTITY_VERSION, DOMAIN_ID, PARENT_ID, LINE_NO, FIELD_ID, TRACKING_LEVEL, PATH_RENDERER_CLASS, DETAIL_RENDERER_CLASS)
VALUES ('9fb4223b87d645c2b3b6dcc6da12dd5d', 0, 1, '/', '854364c5ae1f480c8122ba0a2f6e31a0', '31', 'custNumber5', 1, 'PathRenderer', 'DetailRenderer');
INSERT INTO CNT_HISTORY_DEF_ITEM
 (ID, REVISION, ENTITY_VERSION, DOMAIN_ID, PARENT_ID, LINE_NO, FIELD_ID, TRACKING_LEVEL, PATH_RENDERER_CLASS, DETAIL_RENDERER_CLASS)
VALUES ('d01159ba8fd94879b35595befe4ec9b9', 0, 1, '/', '854364c5ae1f480c8122ba0a2f6e31a0', '32', 'custNumber6', 1, 'PathRenderer', 'DetailRenderer');
INSERT INTO CNT_HISTORY_DEF_ITEM
 (ID, REVISION, ENTITY_VERSION, DOMAIN_ID, PARENT_ID, LINE_NO, FIELD_ID, TRACKING_LEVEL, PATH_RENDERER_CLASS, DETAIL_RENDERER_CLASS)
VALUES ('905cf3f4cd67424da2da47fa8550220c', 0, 1, '/', '854364c5ae1f480c8122ba0a2f6e31a0', '33', 'custNumber7', 1, 'PathRenderer', 'DetailRenderer');
INSERT INTO CNT_HISTORY_DEF_ITEM
 (ID, REVISION, ENTITY_VERSION, DOMAIN_ID, PARENT_ID, LINE_NO, FIELD_ID, TRACKING_LEVEL, PATH_RENDERER_CLASS, DETAIL_RENDERER_CLASS)
VALUES ('1b651ec0e62b44af9ac097d525efa772', 0, 1, '/', '854364c5ae1f480c8122ba0a2f6e31a0', '34', 'custDecimal1', 1, 'PathRenderer', 'DetailRenderer');
INSERT INTO CNT_HISTORY_DEF_ITEM
 (ID, REVISION, ENTITY_VERSION, DOMAIN_ID, PARENT_ID, LINE_NO, FIELD_ID, TRACKING_LEVEL, PATH_RENDERER_CLASS, DETAIL_RENDERER_CLASS)
VALUES ('63784b8eb60c4484b106932f3a091649', 0, 1, '/', '854364c5ae1f480c8122ba0a2f6e31a0', '35', 'custDecimal2', 1, 'PathRenderer', 'DetailRenderer');
INSERT INTO CNT_HISTORY_DEF_ITEM
 (ID, REVISION, ENTITY_VERSION, DOMAIN_ID, PARENT_ID, LINE_NO, FIELD_ID, TRACKING_LEVEL, PATH_RENDERER_CLASS, DETAIL_RENDERER_CLASS)
VALUES ('a45ce4272d704999a2694b7c1fc9adc4', 0, 1, '/', '854364c5ae1f480c8122ba0a2f6e31a0', '36', 'custDecimal3', 1, 'PathRenderer', 'DetailRenderer');
INSERT INTO CNT_HISTORY_DEF_ITEM
 (ID, REVISION, ENTITY_VERSION, DOMAIN_ID, PARENT_ID, LINE_NO, FIELD_ID, TRACKING_LEVEL, PATH_RENDERER_CLASS, DETAIL_RENDERER_CLASS)
VALUES ('42d1b9a49d024e3a9fbeb9a2da78711e', 0, 1, '/', '854364c5ae1f480c8122ba0a2f6e31a0', '37', 'custDecimal4', 1, 'PathRenderer', 'DetailRenderer');
INSERT INTO CNT_HISTORY_DEF_ITEM
 (ID, REVISION, ENTITY_VERSION, DOMAIN_ID, PARENT_ID, LINE_NO, FIELD_ID, TRACKING_LEVEL, PATH_RENDERER_CLASS, DETAIL_RENDERER_CLASS)
VALUES ('7efadc44d55849ce84b09e9670b491ab', 0, 1, '/', '854364c5ae1f480c8122ba0a2f6e31a0', '38', 'custDecimal5', 1, 'PathRenderer', 'DetailRenderer');
INSERT INTO CNT_HISTORY_DEF_ITEM
 (ID, REVISION, ENTITY_VERSION, DOMAIN_ID, PARENT_ID, LINE_NO, FIELD_ID, TRACKING_LEVEL, PATH_RENDERER_CLASS, DETAIL_RENDERER_CLASS)
VALUES ('637864d13a9443cc9a3f500b5625665d', 0, 1, '/', '854364c5ae1f480c8122ba0a2f6e31a0', '39', 'custDecimal6', 1, 'PathRenderer', 'DetailRenderer');
INSERT INTO CNT_HISTORY_DEF_ITEM
 (ID, REVISION, ENTITY_VERSION, DOMAIN_ID, PARENT_ID, LINE_NO, FIELD_ID, TRACKING_LEVEL, PATH_RENDERER_CLASS, DETAIL_RENDERER_CLASS)
VALUES ('68909e2f251f4293877e19867e715993', 0, 1, '/', '854364c5ae1f480c8122ba0a2f6e31a0', '40', 'custDecimal7', 1, 'PathRenderer', 'DetailRenderer');
INSERT INTO CNT_HISTORY_DEF_ITEM
 (ID, REVISION, ENTITY_VERSION, DOMAIN_ID, PARENT_ID, LINE_NO, FIELD_ID, TRACKING_LEVEL, PATH_RENDERER_CLASS, DETAIL_RENDERER_CLASS)
VALUES ('a7231a669f1644f6a43b97c8644dd9ad', 0, 1, '/', '854364c5ae1f480c8122ba0a2f6e31a0', '41', 'custCodelist1', 1, 'PathRenderer', 'DetailRenderer');
INSERT INTO CNT_HISTORY_DEF_ITEM
 (ID, REVISION, ENTITY_VERSION, DOMAIN_ID, PARENT_ID, LINE_NO, FIELD_ID, TRACKING_LEVEL, PATH_RENDERER_CLASS, DETAIL_RENDERER_CLASS)
VALUES ('145468c46e3f4d9f9851b66c7ee049cd', 0, 1, '/', '854364c5ae1f480c8122ba0a2f6e31a0', '42', 'custCodelist2', 1, 'PathRenderer', 'DetailRenderer');
INSERT INTO CNT_HISTORY_DEF_ITEM
 (ID, REVISION, ENTITY_VERSION, DOMAIN_ID, PARENT_ID, LINE_NO, FIELD_ID, TRACKING_LEVEL, PATH_RENDERER_CLASS, DETAIL_RENDERER_CLASS)
VALUES ('021c451c7f0f459c891a3d413029ecd2', 0, 1, '/', '854364c5ae1f480c8122ba0a2f6e31a0', '43', 'custCodelist3', 1, 'PathRenderer', 'DetailRenderer');
INSERT INTO CNT_HISTORY_DEF_ITEM
 (ID, REVISION, ENTITY_VERSION, DOMAIN_ID, PARENT_ID, LINE_NO, FIELD_ID, TRACKING_LEVEL, PATH_RENDERER_CLASS, DETAIL_RENDERER_CLASS)
VALUES ('da301ae2ee1b4c33bd481cb67f955431', 0, 1, '/', '854364c5ae1f480c8122ba0a2f6e31a0', '44', 'custCodelist4', 1, 'PathRenderer', 'DetailRenderer');
INSERT INTO CNT_HISTORY_DEF_ITEM
 (ID, REVISION, ENTITY_VERSION, DOMAIN_ID, PARENT_ID, LINE_NO, FIELD_ID, TRACKING_LEVEL, PATH_RENDERER_CLASS, DETAIL_RENDERER_CLASS)
VALUES ('25d7404c23404dd5a0714872b70b9d18', 0, 1, '/', '854364c5ae1f480c8122ba0a2f6e31a0', '45', 'custCodelist5', 1, 'PathRenderer', 'DetailRenderer');
INSERT INTO CNT_HISTORY_DEF_ITEM
 (ID, REVISION, ENTITY_VERSION, DOMAIN_ID, PARENT_ID, LINE_NO, FIELD_ID, TRACKING_LEVEL, PATH_RENDERER_CLASS, DETAIL_RENDERER_CLASS)
VALUES ('e9662a7a273d4be482fbc8f5156bec55', 0, 1, '/', '854364c5ae1f480c8122ba0a2f6e31a0', '46', 'custCodelist6', 1, 'PathRenderer', 'DetailRenderer');
INSERT INTO CNT_HISTORY_DEF_ITEM
 (ID, REVISION, ENTITY_VERSION, DOMAIN_ID, PARENT_ID, LINE_NO, FIELD_ID, TRACKING_LEVEL, PATH_RENDERER_CLASS, DETAIL_RENDERER_CLASS)
VALUES ('bb55c823925a4119a57c49b803fe337b', 0, 1, '/', '854364c5ae1f480c8122ba0a2f6e31a0', '47', 'custCodelist7', 1, 'PathRenderer', 'DetailRenderer');
INSERT INTO CNT_HISTORY_DEF_ITEM
 (ID, REVISION, ENTITY_VERSION, DOMAIN_ID, PARENT_ID, LINE_NO, FIELD_ID, TRACKING_LEVEL, PATH_RENDERER_CLASS, DETAIL_RENDERER_CLASS)
VALUES ('51d4a07f7b2341b598d2548f12a98e7f', 0, 1, '/', '854364c5ae1f480c8122ba0a2f6e31a0', '48', 'custMemoText1', 1, 'PathRenderer', 'DetailRenderer');
INSERT INTO CNT_HISTORY_DEF_ITEM
 (ID, REVISION, ENTITY_VERSION, DOMAIN_ID, PARENT_ID, LINE_NO, FIELD_ID, TRACKING_LEVEL, PATH_RENDERER_CLASS, DETAIL_RENDERER_CLASS)
VALUES ('9d28f6a7e6a34b43bf7e973eb7d1e495', 0, 1, '/', '854364c5ae1f480c8122ba0a2f6e31a0', '49', 'custMemoText2', 1, 'PathRenderer', 'DetailRenderer');
INSERT INTO CNT_HISTORY_DEF_ITEM
 (ID, REVISION, ENTITY_VERSION, DOMAIN_ID, PARENT_ID, LINE_NO, FIELD_ID, TRACKING_LEVEL, PATH_RENDERER_CLASS, DETAIL_RENDERER_CLASS)
VALUES ('673afa8481274562b26a643530d0465e', 0, 1, '/', '854364c5ae1f480c8122ba0a2f6e31a0', '50', 'custMemoText3', 1, 'PathRenderer', 'DetailRenderer');
INSERT INTO CNT_HISTORY_DEF_ITEM
 (ID, REVISION, ENTITY_VERSION, DOMAIN_ID, PARENT_ID, LINE_NO, FIELD_ID, TRACKING_LEVEL, PATH_RENDERER_CLASS, DETAIL_RENDERER_CLASS)
VALUES ('fd7114e426634c5ca9f5d100ad870654', 0, 1, '/', '854364c5ae1f480c8122ba0a2f6e31a0', '51', 'custMemoText4', 1, 'PathRenderer', 'DetailRenderer');
INSERT INTO CNT_HISTORY_DEF_ITEM
 (ID, REVISION, ENTITY_VERSION, DOMAIN_ID, PARENT_ID, LINE_NO, FIELD_ID, TRACKING_LEVEL, PATH_RENDERER_CLASS, DETAIL_RENDERER_CLASS)
VALUES ('7cb918620fcc459ea9ee19616a0ed1c7', 0, 1, '/', '854364c5ae1f480c8122ba0a2f6e31a0', '52', 'custMemoText5', 1, 'PathRenderer', 'DetailRenderer');
INSERT INTO CNT_HISTORY_DEF_ITEM
 (ID, REVISION, ENTITY_VERSION, DOMAIN_ID, PARENT_ID, LINE_NO, FIELD_ID, TRACKING_LEVEL, PATH_RENDERER_CLASS, DETAIL_RENDERER_CLASS)
VALUES ('ec0622a005a045c99ffa8f5c976cf26d', 0, 1, '/', '854364c5ae1f480c8122ba0a2f6e31a0', '53', 'custMemoText6', 1, 'PathRenderer', 'DetailRenderer');
INSERT INTO CNT_HISTORY_DEF_ITEM
 (ID, REVISION, ENTITY_VERSION, DOMAIN_ID, PARENT_ID, LINE_NO, FIELD_ID, TRACKING_LEVEL, PATH_RENDERER_CLASS, DETAIL_RENDERER_CLASS)
VALUES ('1ebaa7ba2bc44ca587e793036ca7a6ce', 0, 1, '/', '854364c5ae1f480c8122ba0a2f6e31a0', '54', 'custMemoText7', 1, 'PathRenderer', 'DetailRenderer');
INSERT INTO CNT_HISTORY_DEF_ITEM
 (ID, REVISION, ENTITY_VERSION, DOMAIN_ID, PARENT_ID, LINE_NO, FIELD_ID, TRACKING_LEVEL, PATH_RENDERER_CLASS, DETAIL_RENDERER_CLASS)
VALUES ('2dad959607c94193a493da4676bb0de0', 0, 1, '/', '854364c5ae1f480c8122ba0a2f6e31a0', '55', 'custHcl1', 1, 'PathRenderer', 'DetailRenderer');
INSERT INTO CNT_HISTORY_DEF_ITEM
 (ID, REVISION, ENTITY_VERSION, DOMAIN_ID, PARENT_ID, LINE_NO, FIELD_ID, TRACKING_LEVEL, PATH_RENDERER_CLASS, DETAIL_RENDERER_CLASS)
VALUES ('8cc4f754e01f4e6e927860ab8062637d', 0, 1, '/', '854364c5ae1f480c8122ba0a2f6e31a0', '56', 'custHcl2', 1, 'PathRenderer', 'DetailRenderer');
INSERT INTO CNT_HISTORY_DEF_ITEM
 (ID, REVISION, ENTITY_VERSION, DOMAIN_ID, PARENT_ID, LINE_NO, FIELD_ID, TRACKING_LEVEL, PATH_RENDERER_CLASS, DETAIL_RENDERER_CLASS)
VALUES ('d49c073d3c5c40448fe1aa80d29a0af9', 0, 1, '/', '854364c5ae1f480c8122ba0a2f6e31a0', '57', 'custHcl3', 1, 'PathRenderer', 'DetailRenderer');
INSERT INTO CNT_HISTORY_DEF_ITEM
 (ID, REVISION, ENTITY_VERSION, DOMAIN_ID, PARENT_ID, LINE_NO, FIELD_ID, TRACKING_LEVEL, PATH_RENDERER_CLASS, DETAIL_RENDERER_CLASS)
VALUES ('4d37a791837d4cdaae03af8a094116a4', 0, 1, '/', '854364c5ae1f480c8122ba0a2f6e31a0', '58', 'custHcl4', 1, 'PathRenderer', 'DetailRenderer');
INSERT INTO CNT_HISTORY_DEF_ITEM
 (ID, REVISION, ENTITY_VERSION, DOMAIN_ID, PARENT_ID, LINE_NO, FIELD_ID, TRACKING_LEVEL, PATH_RENDERER_CLASS, DETAIL_RENDERER_CLASS)
VALUES ('56e15ef42b654008812eb4fa4a528627', 0, 1, '/', '854364c5ae1f480c8122ba0a2f6e31a0', '59', 'custHcl5', 1, 'PathRenderer', 'DetailRenderer');
INSERT INTO CNT_HISTORY_DEF_ITEM
 (ID, REVISION, ENTITY_VERSION, DOMAIN_ID, PARENT_ID, LINE_NO, FIELD_ID, TRACKING_LEVEL, PATH_RENDERER_CLASS, DETAIL_RENDERER_CLASS)
VALUES ('8d2dc52529594041b3082ccfa7984abb', 0, 1, '/', '854364c5ae1f480c8122ba0a2f6e31a0', '60', 'custCodelist1Name', 0, 'PathRenderer', 'DetailRenderer');
INSERT INTO CNT_HISTORY_DEF_ITEM
 (ID, REVISION, ENTITY_VERSION, DOMAIN_ID, PARENT_ID, LINE_NO, FIELD_ID, TRACKING_LEVEL, PATH_RENDERER_CLASS, DETAIL_RENDERER_CLASS)
VALUES ('e6e4cce2e2c443df94a13027b01b9177', 0, 1, '/', '854364c5ae1f480c8122ba0a2f6e31a0', '61', 'custCodelist2Name', 0, 'PathRenderer', 'DetailRenderer');
INSERT INTO CNT_HISTORY_DEF_ITEM
 (ID, REVISION, ENTITY_VERSION, DOMAIN_ID, PARENT_ID, LINE_NO, FIELD_ID, TRACKING_LEVEL, PATH_RENDERER_CLASS, DETAIL_RENDERER_CLASS)
VALUES ('d53b75250cc746979a53653770b7a181', 0, 1, '/', '854364c5ae1f480c8122ba0a2f6e31a0', '62', 'custCodelist3Name', 0, 'PathRenderer', 'DetailRenderer');
INSERT INTO CNT_HISTORY_DEF_ITEM
 (ID, REVISION, ENTITY_VERSION, DOMAIN_ID, PARENT_ID, LINE_NO, FIELD_ID, TRACKING_LEVEL, PATH_RENDERER_CLASS, DETAIL_RENDERER_CLASS)
VALUES ('b3d00ef625f743ecb3ec36d3814de4b9', 0, 1, '/', '854364c5ae1f480c8122ba0a2f6e31a0', '63', 'custCodelist4Name', 0, 'PathRenderer', 'DetailRenderer');
INSERT INTO CNT_HISTORY_DEF_ITEM
 (ID, REVISION, ENTITY_VERSION, DOMAIN_ID, PARENT_ID, LINE_NO, FIELD_ID, TRACKING_LEVEL, PATH_RENDERER_CLASS, DETAIL_RENDERER_CLASS)
VALUES ('89c01073e78c4696979a159d8cacc474', 0, 1, '/', '854364c5ae1f480c8122ba0a2f6e31a0', '64', 'custCodelist5Name', 0, 'PathRenderer', 'DetailRenderer');
INSERT INTO CNT_HISTORY_DEF_ITEM
 (ID, REVISION, ENTITY_VERSION, DOMAIN_ID, PARENT_ID, LINE_NO, FIELD_ID, TRACKING_LEVEL, PATH_RENDERER_CLASS, DETAIL_RENDERER_CLASS)
VALUES ('95fe5ed5c6bc4be08bddd5022f593b5a', 0, 1, '/', '854364c5ae1f480c8122ba0a2f6e31a0', '65', 'custCodelist6Name', 0, 'PathRenderer', 'DetailRenderer');
INSERT INTO CNT_HISTORY_DEF_ITEM
 (ID, REVISION, ENTITY_VERSION, DOMAIN_ID, PARENT_ID, LINE_NO, FIELD_ID, TRACKING_LEVEL, PATH_RENDERER_CLASS, DETAIL_RENDERER_CLASS)
VALUES ('e096158dd04c46eda6fed5ab627d08dc', 0, 1, '/', '854364c5ae1f480c8122ba0a2f6e31a0', '66', 'custCodelist7Name', 0, 'PathRenderer', 'DetailRenderer');
INSERT INTO CNT_HISTORY_DEF_ITEM
 (ID, REVISION, ENTITY_VERSION, DOMAIN_ID, PARENT_ID, LINE_NO, FIELD_ID, TRACKING_LEVEL, PATH_RENDERER_CLASS, DETAIL_RENDERER_CLASS)
VALUES ('556d24d350c24849b7e18ffd5bcd0e52', 0, 1, '/', '854364c5ae1f480c8122ba0a2f6e31a0', '67', 'custHcl1Ref', 0, 'PathRenderer', 'DetailRenderer');
INSERT INTO CNT_HISTORY_DEF_ITEM
 (ID, REVISION, ENTITY_VERSION, DOMAIN_ID, PARENT_ID, LINE_NO, FIELD_ID, TRACKING_LEVEL, PATH_RENDERER_CLASS, DETAIL_RENDERER_CLASS)
VALUES ('d5dbd38f311646eda4e6ded6b7228b17', 0, 1, '/', '854364c5ae1f480c8122ba0a2f6e31a0', '68', 'custHcl1Ver', 0, 'PathRenderer', 'DetailRenderer');
INSERT INTO CNT_HISTORY_DEF_ITEM
 (ID, REVISION, ENTITY_VERSION, DOMAIN_ID, PARENT_ID, LINE_NO, FIELD_ID, TRACKING_LEVEL, PATH_RENDERER_CLASS, DETAIL_RENDERER_CLASS)
VALUES ('ec79390c1caf43588faff75e5f4d723a', 0, 1, '/', '854364c5ae1f480c8122ba0a2f6e31a0', '69', 'custHcl1Ref2', 0, 'PathRenderer', 'DetailRenderer');
INSERT INTO CNT_HISTORY_DEF_ITEM
 (ID, REVISION, ENTITY_VERSION, DOMAIN_ID, PARENT_ID, LINE_NO, FIELD_ID, TRACKING_LEVEL, PATH_RENDERER_CLASS, DETAIL_RENDERER_CLASS)
VALUES ('4b97837086d04b26bcd2dbe40cbcfa6f', 0, 1, '/', '854364c5ae1f480c8122ba0a2f6e31a0', '70', 'custHcl1FullLineage', 0, 'PathRenderer', 'DetailRenderer');
INSERT INTO CNT_HISTORY_DEF_ITEM
 (ID, REVISION, ENTITY_VERSION, DOMAIN_ID, PARENT_ID, LINE_NO, FIELD_ID, TRACKING_LEVEL, PATH_RENDERER_CLASS, DETAIL_RENDERER_CLASS)
VALUES ('25545bfb84c64f229947351a860bdb48', 0, 1, '/', '854364c5ae1f480c8122ba0a2f6e31a0', '71', 'custHcl2Ref', 0, 'PathRenderer', 'DetailRenderer');
INSERT INTO CNT_HISTORY_DEF_ITEM
 (ID, REVISION, ENTITY_VERSION, DOMAIN_ID, PARENT_ID, LINE_NO, FIELD_ID, TRACKING_LEVEL, PATH_RENDERER_CLASS, DETAIL_RENDERER_CLASS)
VALUES ('ad2a23b54f2a4d7991a3c392d3f09270', 0, 1, '/', '854364c5ae1f480c8122ba0a2f6e31a0', '72', 'custHcl2Ver', 0, 'PathRenderer', 'DetailRenderer');
INSERT INTO CNT_HISTORY_DEF_ITEM
 (ID, REVISION, ENTITY_VERSION, DOMAIN_ID, PARENT_ID, LINE_NO, FIELD_ID, TRACKING_LEVEL, PATH_RENDERER_CLASS, DETAIL_RENDERER_CLASS)
VALUES ('8ba6c4b957dc4992b5044d0199529620', 0, 1, '/', '854364c5ae1f480c8122ba0a2f6e31a0', '73', 'custHcl2Ref2', 0, 'PathRenderer', 'DetailRenderer');
INSERT INTO CNT_HISTORY_DEF_ITEM
 (ID, REVISION, ENTITY_VERSION, DOMAIN_ID, PARENT_ID, LINE_NO, FIELD_ID, TRACKING_LEVEL, PATH_RENDERER_CLASS, DETAIL_RENDERER_CLASS)
VALUES ('e9499f46586f4f1dba633309bef20c20', 0, 1, '/', '854364c5ae1f480c8122ba0a2f6e31a0', '74', 'custHcl2FullLineage', 0, 'PathRenderer', 'DetailRenderer');
INSERT INTO CNT_HISTORY_DEF_ITEM
 (ID, REVISION, ENTITY_VERSION, DOMAIN_ID, PARENT_ID, LINE_NO, FIELD_ID, TRACKING_LEVEL, PATH_RENDERER_CLASS, DETAIL_RENDERER_CLASS)
VALUES ('7abd3ce9a5fd4fd7b67f68e506f3ab0a', 0, 1, '/', '854364c5ae1f480c8122ba0a2f6e31a0', '75', 'custHcl3Ref', 0, 'PathRenderer', 'DetailRenderer');
INSERT INTO CNT_HISTORY_DEF_ITEM
 (ID, REVISION, ENTITY_VERSION, DOMAIN_ID, PARENT_ID, LINE_NO, FIELD_ID, TRACKING_LEVEL, PATH_RENDERER_CLASS, DETAIL_RENDERER_CLASS)
VALUES ('318dc00a4fb14e939284db7b656c491d', 0, 1, '/', '854364c5ae1f480c8122ba0a2f6e31a0', '76', 'custHcl3Ver', 0, 'PathRenderer', 'DetailRenderer');
INSERT INTO CNT_HISTORY_DEF_ITEM
 (ID, REVISION, ENTITY_VERSION, DOMAIN_ID, PARENT_ID, LINE_NO, FIELD_ID, TRACKING_LEVEL, PATH_RENDERER_CLASS, DETAIL_RENDERER_CLASS)
VALUES ('66702f06761447289a141dc37b3797ea', 0, 1, '/', '854364c5ae1f480c8122ba0a2f6e31a0', '77', 'custHcl3Ref2', 0, 'PathRenderer', 'DetailRenderer');
INSERT INTO CNT_HISTORY_DEF_ITEM
 (ID, REVISION, ENTITY_VERSION, DOMAIN_ID, PARENT_ID, LINE_NO, FIELD_ID, TRACKING_LEVEL, PATH_RENDERER_CLASS, DETAIL_RENDERER_CLASS)
VALUES ('c9f73efca098460caea0315fdc1c02d9', 0, 1, '/', '854364c5ae1f480c8122ba0a2f6e31a0', '78', 'custHcl3FullLineage', 0, 'PathRenderer', 'DetailRenderer');
INSERT INTO CNT_HISTORY_DEF_ITEM
 (ID, REVISION, ENTITY_VERSION, DOMAIN_ID, PARENT_ID, LINE_NO, FIELD_ID, TRACKING_LEVEL, PATH_RENDERER_CLASS, DETAIL_RENDERER_CLASS)
VALUES ('dcf8a995f12b42aca19c6d9dccd3db28', 0, 1, '/', '854364c5ae1f480c8122ba0a2f6e31a0', '79', 'custHcl4Ref', 0, 'PathRenderer', 'DetailRenderer');
INSERT INTO CNT_HISTORY_DEF_ITEM
 (ID, REVISION, ENTITY_VERSION, DOMAIN_ID, PARENT_ID, LINE_NO, FIELD_ID, TRACKING_LEVEL, PATH_RENDERER_CLASS, DETAIL_RENDERER_CLASS)
VALUES ('caa0f93afb1f42c38c2a9186e7bb7ddd', 0, 1, '/', '854364c5ae1f480c8122ba0a2f6e31a0', '80', 'custHcl4Ver', 0, 'PathRenderer', 'DetailRenderer');
INSERT INTO CNT_HISTORY_DEF_ITEM
 (ID, REVISION, ENTITY_VERSION, DOMAIN_ID, PARENT_ID, LINE_NO, FIELD_ID, TRACKING_LEVEL, PATH_RENDERER_CLASS, DETAIL_RENDERER_CLASS)
VALUES ('60ff210ff3914bd29795b14cdcdb1a2f', 0, 1, '/', '854364c5ae1f480c8122ba0a2f6e31a0', '81', 'custHcl4Ref2', 0, 'PathRenderer', 'DetailRenderer');
INSERT INTO CNT_HISTORY_DEF_ITEM
 (ID, REVISION, ENTITY_VERSION, DOMAIN_ID, PARENT_ID, LINE_NO, FIELD_ID, TRACKING_LEVEL, PATH_RENDERER_CLASS, DETAIL_RENDERER_CLASS)
VALUES ('2c6c6fc54cf3441880289baceb08a1b6', 0, 1, '/', '854364c5ae1f480c8122ba0a2f6e31a0', '82', 'custHcl4FullLineage', 0, 'PathRenderer', 'DetailRenderer');
INSERT INTO CNT_HISTORY_DEF_ITEM
 (ID, REVISION, ENTITY_VERSION, DOMAIN_ID, PARENT_ID, LINE_NO, FIELD_ID, TRACKING_LEVEL, PATH_RENDERER_CLASS, DETAIL_RENDERER_CLASS)
VALUES ('0416495802d740c69d81e4e15299b3a4', 0, 1, '/', '854364c5ae1f480c8122ba0a2f6e31a0', '83', 'custHcl5Ref', 0, 'PathRenderer', 'DetailRenderer');
INSERT INTO CNT_HISTORY_DEF_ITEM
 (ID, REVISION, ENTITY_VERSION, DOMAIN_ID, PARENT_ID, LINE_NO, FIELD_ID, TRACKING_LEVEL, PATH_RENDERER_CLASS, DETAIL_RENDERER_CLASS)
VALUES ('a57a3fc624ac49aba6d837c2dabd6bd3', 0, 1, '/', '854364c5ae1f480c8122ba0a2f6e31a0', '84', 'custHcl5Ver', 0, 'PathRenderer', 'DetailRenderer');
INSERT INTO CNT_HISTORY_DEF_ITEM
 (ID, REVISION, ENTITY_VERSION, DOMAIN_ID, PARENT_ID, LINE_NO, FIELD_ID, TRACKING_LEVEL, PATH_RENDERER_CLASS, DETAIL_RENDERER_CLASS)
VALUES ('cb502c50ffbe48a1824334870b22a63d', 0, 1, '/', '854364c5ae1f480c8122ba0a2f6e31a0', '85', 'custHcl5Ref2', 0, 'PathRenderer', 'DetailRenderer');
INSERT INTO CNT_HISTORY_DEF_ITEM
 (ID, REVISION, ENTITY_VERSION, DOMAIN_ID, PARENT_ID, LINE_NO, FIELD_ID, TRACKING_LEVEL, PATH_RENDERER_CLASS, DETAIL_RENDERER_CLASS)
VALUES ('0b8735a9bdb44aa89dba7064c371904d', 0, 1, '/', '854364c5ae1f480c8122ba0a2f6e31a0', '86', 'custHcl5FullLineage', 0, 'PathRenderer', 'DetailRenderer');
INSERT INTO CNT_HISTORY_DEF
 (ID, REVISION, APPLY_ENTITY, ENTITY_VERSION, DOMAIN_ID , GENERATED, CREATE_USER, CREATE_USER_NAME, CREATED_ON)
VALUES ('e4cf94d2fac042559ce53f31fe5fbdf4', 0, 'CommitContact', 1, '/', 1, 'system', 'system', systimestamp);
INSERT INTO CNT_HISTORY_DEF_ITEM
 (ID, REVISION, ENTITY_VERSION, DOMAIN_ID, PARENT_ID, LINE_NO, FIELD_ID, TRACKING_LEVEL, PATH_RENDERER_CLASS, DETAIL_RENDERER_CLASS)
VALUES ('16628e979f7e4d7e94a42a1309f02236', 0, 1, '/', 'e4cf94d2fac042559ce53f31fe5fbdf4', '0', 'id', 1, 'PathRenderer', 'DetailRenderer');
INSERT INTO CNT_HISTORY_DEF_ITEM
 (ID, REVISION, ENTITY_VERSION, DOMAIN_ID, PARENT_ID, LINE_NO, FIELD_ID, TRACKING_LEVEL, PATH_RENDERER_CLASS, DETAIL_RENDERER_CLASS)
VALUES ('d18ac2287cce4cc6b22ec73c5f784cd9', 0, 1, '/', 'e4cf94d2fac042559ce53f31fe5fbdf4', '1', 'revision', 1, 'PathRenderer', 'DetailRenderer');
INSERT INTO CNT_HISTORY_DEF_ITEM
 (ID, REVISION, ENTITY_VERSION, DOMAIN_ID, PARENT_ID, LINE_NO, FIELD_ID, TRACKING_LEVEL, PATH_RENDERER_CLASS, DETAIL_RENDERER_CLASS)
VALUES ('fcd8189ea8164523ab3b99b5dd9e74ab', 0, 1, '/', 'e4cf94d2fac042559ce53f31fe5fbdf4', '2', 'entityVersion', 1, 'PathRenderer', 'DetailRenderer');
INSERT INTO CNT_HISTORY_DEF_ITEM
 (ID, REVISION, ENTITY_VERSION, DOMAIN_ID, PARENT_ID, LINE_NO, FIELD_ID, TRACKING_LEVEL, PATH_RENDERER_CLASS, DETAIL_RENDERER_CLASS)
VALUES ('e98b3d2930b04d3aaaa58400522b7d9a', 0, 1, '/', 'e4cf94d2fac042559ce53f31fe5fbdf4', '3', 'domainId', 1, 'PathRenderer', 'DetailRenderer');
INSERT INTO CNT_HISTORY_DEF_ITEM
 (ID, REVISION, ENTITY_VERSION, DOMAIN_ID, PARENT_ID, LINE_NO, FIELD_ID, TRACKING_LEVEL, PATH_RENDERER_CLASS, DETAIL_RENDERER_CLASS)
VALUES ('99a076c7a1044a5d87502d62261811ad', 0, 1, '/', 'e4cf94d2fac042559ce53f31fe5fbdf4', '4', 'hubDomainId', 1, 'PathRenderer', 'DetailRenderer');
INSERT INTO CNT_HISTORY_DEF_ITEM
 (ID, REVISION, ENTITY_VERSION, DOMAIN_ID, PARENT_ID, LINE_NO, FIELD_ID, TRACKING_LEVEL, PATH_RENDERER_CLASS, DETAIL_RENDERER_CLASS)
VALUES ('5474827eb7b44fb2a04c8d96afb720ac', 0, 1, '/', 'e4cf94d2fac042559ce53f31fe5fbdf4', '5', 'isForReference', 1, 'PathRenderer', 'DetailRenderer');
INSERT INTO CNT_HISTORY_DEF_ITEM
 (ID, REVISION, ENTITY_VERSION, DOMAIN_ID, PARENT_ID, LINE_NO, FIELD_ID, TRACKING_LEVEL, PATH_RENDERER_CLASS, DETAIL_RENDERER_CLASS)
VALUES ('b6885f6927a94a568986e4d68d1a4609', 0, 1, '/', 'e4cf94d2fac042559ce53f31fe5fbdf4', '6', 'internalSeqNo', 1, 'PathRenderer', 'DetailRenderer');
INSERT INTO CNT_HISTORY_DEF_ITEM
 (ID, REVISION, ENTITY_VERSION, DOMAIN_ID, PARENT_ID, LINE_NO, FIELD_ID, TRACKING_LEVEL, PATH_RENDERER_CLASS, DETAIL_RENDERER_CLASS)
VALUES ('c3b6ec09d10740ae92b2f607dcac5438', 0, 1, '/', 'e4cf94d2fac042559ce53f31fe5fbdf4', '7', 'commitId', 1, 'PathRenderer', 'DetailRenderer');
INSERT INTO CNT_HISTORY_DEF_ITEM
 (ID, REVISION, ENTITY_VERSION, DOMAIN_ID, PARENT_ID, LINE_NO, FIELD_ID, TRACKING_LEVEL, PATH_RENDERER_CLASS, DETAIL_RENDERER_CLASS)
VALUES ('86df72eb81404c6885d37e05b4964d65', 0, 1, '/', 'e4cf94d2fac042559ce53f31fe5fbdf4', '8', 'contactType', 1, 'PathRenderer', 'DetailRenderer');
INSERT INTO CNT_HISTORY_DEF_ITEM
 (ID, REVISION, ENTITY_VERSION, DOMAIN_ID, PARENT_ID, LINE_NO, FIELD_ID, TRACKING_LEVEL, PATH_RENDERER_CLASS, DETAIL_RENDERER_CLASS)
VALUES ('8477a88f9b894f5c87c1ec2ca8c97178', 0, 1, '/', 'e4cf94d2fac042559ce53f31fe5fbdf4', '9', 'title', 1, 'PathRenderer', 'DetailRenderer');
INSERT INTO CNT_HISTORY_DEF_ITEM
 (ID, REVISION, ENTITY_VERSION, DOMAIN_ID, PARENT_ID, LINE_NO, FIELD_ID, TRACKING_LEVEL, PATH_RENDERER_CLASS, DETAIL_RENDERER_CLASS)
VALUES ('838a722bb2114ed0ac60858d19c04a71', 0, 1, '/', 'e4cf94d2fac042559ce53f31fe5fbdf4', '10', 'firstName', 1, 'PathRenderer', 'DetailRenderer');
INSERT INTO CNT_HISTORY_DEF_ITEM
 (ID, REVISION, ENTITY_VERSION, DOMAIN_ID, PARENT_ID, LINE_NO, FIELD_ID, TRACKING_LEVEL, PATH_RENDERER_CLASS, DETAIL_RENDERER_CLASS)
VALUES ('3ea8892edcc54ad891118a8ede9ec377', 0, 1, '/', 'e4cf94d2fac042559ce53f31fe5fbdf4', '11', 'lastName', 1, 'PathRenderer', 'DetailRenderer');
INSERT INTO CNT_HISTORY_DEF_ITEM
 (ID, REVISION, ENTITY_VERSION, DOMAIN_ID, PARENT_ID, LINE_NO, FIELD_ID, TRACKING_LEVEL, PATH_RENDERER_CLASS, DETAIL_RENDERER_CLASS)
VALUES ('da0e08eb7ae3410ebb6de8fae8e0ae11', 0, 1, '/', 'e4cf94d2fac042559ce53f31fe5fbdf4', '12', 'department', 1, 'PathRenderer', 'DetailRenderer');
INSERT INTO CNT_HISTORY_DEF_ITEM
 (ID, REVISION, ENTITY_VERSION, DOMAIN_ID, PARENT_ID, LINE_NO, FIELD_ID, TRACKING_LEVEL, PATH_RENDERER_CLASS, DETAIL_RENDERER_CLASS)
VALUES ('121d6ede46bf4e02a286f49c2fc2d0d0', 0, 1, '/', 'e4cf94d2fac042559ce53f31fe5fbdf4', '13', 'telNo', 1, 'PathRenderer', 'DetailRenderer');
INSERT INTO CNT_HISTORY_DEF_ITEM
 (ID, REVISION, ENTITY_VERSION, DOMAIN_ID, PARENT_ID, LINE_NO, FIELD_ID, TRACKING_LEVEL, PATH_RENDERER_CLASS, DETAIL_RENDERER_CLASS)
VALUES ('562d1dd6f124426fb13c7063d8642761', 0, 1, '/', 'e4cf94d2fac042559ce53f31fe5fbdf4', '14', 'mobileNo', 1, 'PathRenderer', 'DetailRenderer');
INSERT INTO CNT_HISTORY_DEF_ITEM
 (ID, REVISION, ENTITY_VERSION, DOMAIN_ID, PARENT_ID, LINE_NO, FIELD_ID, TRACKING_LEVEL, PATH_RENDERER_CLASS, DETAIL_RENDERER_CLASS)
VALUES ('9e2ee33b55de4ecba62e89bfda83aeec', 0, 1, '/', 'e4cf94d2fac042559ce53f31fe5fbdf4', '15', 'faxNo', 1, 'PathRenderer', 'DetailRenderer');
INSERT INTO CNT_HISTORY_DEF_ITEM
 (ID, REVISION, ENTITY_VERSION, DOMAIN_ID, PARENT_ID, LINE_NO, FIELD_ID, TRACKING_LEVEL, PATH_RENDERER_CLASS, DETAIL_RENDERER_CLASS)
VALUES ('121a439cf8d244bcaf45235092fad9e7', 0, 1, '/', 'e4cf94d2fac042559ce53f31fe5fbdf4', '16', 'email', 1, 'PathRenderer', 'DetailRenderer');
INSERT INTO CNT_HISTORY_DEF_ITEM
 (ID, REVISION, ENTITY_VERSION, DOMAIN_ID, PARENT_ID, LINE_NO, FIELD_ID, TRACKING_LEVEL, PATH_RENDERER_CLASS, DETAIL_RENDERER_CLASS)
VALUES ('4bd5029c09fc414e91ffe115f27db184', 0, 1, '/', 'e4cf94d2fac042559ce53f31fe5fbdf4', '17', 'refNo', 0, 'PathRenderer', 'DetailRenderer');
INSERT INTO CNT_HISTORY_DEF_ITEM
 (ID, REVISION, ENTITY_VERSION, DOMAIN_ID, PARENT_ID, LINE_NO, FIELD_ID, TRACKING_LEVEL, PATH_RENDERER_CLASS, DETAIL_RENDERER_CLASS)
VALUES ('710fd083af7b43d59cd9e50a22f2e82f', 0, 1, '/', 'e4cf94d2fac042559ce53f31fe5fbdf4', '18', 'custText1', 1, 'PathRenderer', 'DetailRenderer');
INSERT INTO CNT_HISTORY_DEF_ITEM
 (ID, REVISION, ENTITY_VERSION, DOMAIN_ID, PARENT_ID, LINE_NO, FIELD_ID, TRACKING_LEVEL, PATH_RENDERER_CLASS, DETAIL_RENDERER_CLASS)
VALUES ('3474a820b99b4abfb58ec4e2741d7b04', 0, 1, '/', 'e4cf94d2fac042559ce53f31fe5fbdf4', '19', 'custText2', 1, 'PathRenderer', 'DetailRenderer');
INSERT INTO CNT_HISTORY_DEF_ITEM
 (ID, REVISION, ENTITY_VERSION, DOMAIN_ID, PARENT_ID, LINE_NO, FIELD_ID, TRACKING_LEVEL, PATH_RENDERER_CLASS, DETAIL_RENDERER_CLASS)
VALUES ('c705f811b5be49a289f02a4916ba1869', 0, 1, '/', 'e4cf94d2fac042559ce53f31fe5fbdf4', '20', 'custText3', 1, 'PathRenderer', 'DetailRenderer');
INSERT INTO CNT_HISTORY_DEF_ITEM
 (ID, REVISION, ENTITY_VERSION, DOMAIN_ID, PARENT_ID, LINE_NO, FIELD_ID, TRACKING_LEVEL, PATH_RENDERER_CLASS, DETAIL_RENDERER_CLASS)
VALUES ('87cd9f19e12041e184612602e0f5e7e6', 0, 1, '/', 'e4cf94d2fac042559ce53f31fe5fbdf4', '21', 'custText4', 1, 'PathRenderer', 'DetailRenderer');
INSERT INTO CNT_HISTORY_DEF_ITEM
 (ID, REVISION, ENTITY_VERSION, DOMAIN_ID, PARENT_ID, LINE_NO, FIELD_ID, TRACKING_LEVEL, PATH_RENDERER_CLASS, DETAIL_RENDERER_CLASS)
VALUES ('f4d129ba65704185b96f79714463f983', 0, 1, '/', 'e4cf94d2fac042559ce53f31fe5fbdf4', '22', 'custText5', 1, 'PathRenderer', 'DetailRenderer');
INSERT INTO CNT_HISTORY_DEF_ITEM
 (ID, REVISION, ENTITY_VERSION, DOMAIN_ID, PARENT_ID, LINE_NO, FIELD_ID, TRACKING_LEVEL, PATH_RENDERER_CLASS, DETAIL_RENDERER_CLASS)
VALUES ('ca2a4f54ae76491082755ee414ba86f7', 0, 1, '/', 'e4cf94d2fac042559ce53f31fe5fbdf4', '23', 'custText6', 1, 'PathRenderer', 'DetailRenderer');
INSERT INTO CNT_HISTORY_DEF_ITEM
 (ID, REVISION, ENTITY_VERSION, DOMAIN_ID, PARENT_ID, LINE_NO, FIELD_ID, TRACKING_LEVEL, PATH_RENDERER_CLASS, DETAIL_RENDERER_CLASS)
VALUES ('619eba40bc4d4cdc9574215101e1f6aa', 0, 1, '/', 'e4cf94d2fac042559ce53f31fe5fbdf4', '24', 'custText7', 1, 'PathRenderer', 'DetailRenderer');
INSERT INTO CNT_HISTORY_DEF_ITEM
 (ID, REVISION, ENTITY_VERSION, DOMAIN_ID, PARENT_ID, LINE_NO, FIELD_ID, TRACKING_LEVEL, PATH_RENDERER_CLASS, DETAIL_RENDERER_CLASS)
VALUES ('a36d85e24f5741fc9d44f7e3c3d7cf78', 0, 1, '/', 'e4cf94d2fac042559ce53f31fe5fbdf4', '25', 'custDate1', 1, 'PathRenderer', 'DetailRenderer');
INSERT INTO CNT_HISTORY_DEF_ITEM
 (ID, REVISION, ENTITY_VERSION, DOMAIN_ID, PARENT_ID, LINE_NO, FIELD_ID, TRACKING_LEVEL, PATH_RENDERER_CLASS, DETAIL_RENDERER_CLASS)
VALUES ('5d0ad79a3dd04f4aa5c6a9b6725c6add', 0, 1, '/', 'e4cf94d2fac042559ce53f31fe5fbdf4', '26', 'custDate2', 1, 'PathRenderer', 'DetailRenderer');
INSERT INTO CNT_HISTORY_DEF_ITEM
 (ID, REVISION, ENTITY_VERSION, DOMAIN_ID, PARENT_ID, LINE_NO, FIELD_ID, TRACKING_LEVEL, PATH_RENDERER_CLASS, DETAIL_RENDERER_CLASS)
VALUES ('156610cf9c76449ba332896fa89865ea', 0, 1, '/', 'e4cf94d2fac042559ce53f31fe5fbdf4', '27', 'custDate3', 1, 'PathRenderer', 'DetailRenderer');
INSERT INTO CNT_HISTORY_DEF_ITEM
 (ID, REVISION, ENTITY_VERSION, DOMAIN_ID, PARENT_ID, LINE_NO, FIELD_ID, TRACKING_LEVEL, PATH_RENDERER_CLASS, DETAIL_RENDERER_CLASS)
VALUES ('2dbadf87c63645158e9fed8c5a819417', 0, 1, '/', 'e4cf94d2fac042559ce53f31fe5fbdf4', '28', 'custDate4', 1, 'PathRenderer', 'DetailRenderer');
INSERT INTO CNT_HISTORY_DEF_ITEM
 (ID, REVISION, ENTITY_VERSION, DOMAIN_ID, PARENT_ID, LINE_NO, FIELD_ID, TRACKING_LEVEL, PATH_RENDERER_CLASS, DETAIL_RENDERER_CLASS)
VALUES ('eb5000e386e34902a9ce9ac0fafd7e67', 0, 1, '/', 'e4cf94d2fac042559ce53f31fe5fbdf4', '29', 'custDate5', 1, 'PathRenderer', 'DetailRenderer');
INSERT INTO CNT_HISTORY_DEF_ITEM
 (ID, REVISION, ENTITY_VERSION, DOMAIN_ID, PARENT_ID, LINE_NO, FIELD_ID, TRACKING_LEVEL, PATH_RENDERER_CLASS, DETAIL_RENDERER_CLASS)
VALUES ('9340fd88db28474d9a4911f908c8fdba', 0, 1, '/', 'e4cf94d2fac042559ce53f31fe5fbdf4', '30', 'custDate6', 1, 'PathRenderer', 'DetailRenderer');
INSERT INTO CNT_HISTORY_DEF_ITEM
 (ID, REVISION, ENTITY_VERSION, DOMAIN_ID, PARENT_ID, LINE_NO, FIELD_ID, TRACKING_LEVEL, PATH_RENDERER_CLASS, DETAIL_RENDERER_CLASS)
VALUES ('9669d7a0720a4346a7532c438c497b4c', 0, 1, '/', 'e4cf94d2fac042559ce53f31fe5fbdf4', '31', 'custDate7', 1, 'PathRenderer', 'DetailRenderer');
INSERT INTO CNT_HISTORY_DEF_ITEM
 (ID, REVISION, ENTITY_VERSION, DOMAIN_ID, PARENT_ID, LINE_NO, FIELD_ID, TRACKING_LEVEL, PATH_RENDERER_CLASS, DETAIL_RENDERER_CLASS)
VALUES ('c83f826fa0604245992fe657d53f408f', 0, 1, '/', 'e4cf94d2fac042559ce53f31fe5fbdf4', '32', 'custNumber1', 1, 'PathRenderer', 'DetailRenderer');
INSERT INTO CNT_HISTORY_DEF_ITEM
 (ID, REVISION, ENTITY_VERSION, DOMAIN_ID, PARENT_ID, LINE_NO, FIELD_ID, TRACKING_LEVEL, PATH_RENDERER_CLASS, DETAIL_RENDERER_CLASS)
VALUES ('bcb3cf50fae94b7a97f0518c8856bc58', 0, 1, '/', 'e4cf94d2fac042559ce53f31fe5fbdf4', '33', 'custNumber2', 1, 'PathRenderer', 'DetailRenderer');
INSERT INTO CNT_HISTORY_DEF_ITEM
 (ID, REVISION, ENTITY_VERSION, DOMAIN_ID, PARENT_ID, LINE_NO, FIELD_ID, TRACKING_LEVEL, PATH_RENDERER_CLASS, DETAIL_RENDERER_CLASS)
VALUES ('45486b93598c4864bdf62105999037c6', 0, 1, '/', 'e4cf94d2fac042559ce53f31fe5fbdf4', '34', 'custNumber3', 1, 'PathRenderer', 'DetailRenderer');
INSERT INTO CNT_HISTORY_DEF_ITEM
 (ID, REVISION, ENTITY_VERSION, DOMAIN_ID, PARENT_ID, LINE_NO, FIELD_ID, TRACKING_LEVEL, PATH_RENDERER_CLASS, DETAIL_RENDERER_CLASS)
VALUES ('ea001bfe6822486e85f147e521d8332a', 0, 1, '/', 'e4cf94d2fac042559ce53f31fe5fbdf4', '35', 'custNumber4', 1, 'PathRenderer', 'DetailRenderer');
INSERT INTO CNT_HISTORY_DEF_ITEM
 (ID, REVISION, ENTITY_VERSION, DOMAIN_ID, PARENT_ID, LINE_NO, FIELD_ID, TRACKING_LEVEL, PATH_RENDERER_CLASS, DETAIL_RENDERER_CLASS)
VALUES ('de48db6fd6f2434eb5ee397063e3707b', 0, 1, '/', 'e4cf94d2fac042559ce53f31fe5fbdf4', '36', 'custNumber5', 1, 'PathRenderer', 'DetailRenderer');
INSERT INTO CNT_HISTORY_DEF_ITEM
 (ID, REVISION, ENTITY_VERSION, DOMAIN_ID, PARENT_ID, LINE_NO, FIELD_ID, TRACKING_LEVEL, PATH_RENDERER_CLASS, DETAIL_RENDERER_CLASS)
VALUES ('f9e8ac5adbc74ca589c73bc24324d7d6', 0, 1, '/', 'e4cf94d2fac042559ce53f31fe5fbdf4', '37', 'custNumber6', 1, 'PathRenderer', 'DetailRenderer');
INSERT INTO CNT_HISTORY_DEF_ITEM
 (ID, REVISION, ENTITY_VERSION, DOMAIN_ID, PARENT_ID, LINE_NO, FIELD_ID, TRACKING_LEVEL, PATH_RENDERER_CLASS, DETAIL_RENDERER_CLASS)
VALUES ('5e89250729ea47dfa83539538db0f380', 0, 1, '/', 'e4cf94d2fac042559ce53f31fe5fbdf4', '38', 'custNumber7', 1, 'PathRenderer', 'DetailRenderer');
INSERT INTO CNT_HISTORY_DEF_ITEM
 (ID, REVISION, ENTITY_VERSION, DOMAIN_ID, PARENT_ID, LINE_NO, FIELD_ID, TRACKING_LEVEL, PATH_RENDERER_CLASS, DETAIL_RENDERER_CLASS)
VALUES ('2da8b5f5a2394c70a8c35cbae4fbd264', 0, 1, '/', 'e4cf94d2fac042559ce53f31fe5fbdf4', '39', 'custDecimal1', 1, 'PathRenderer', 'DetailRenderer');
INSERT INTO CNT_HISTORY_DEF_ITEM
 (ID, REVISION, ENTITY_VERSION, DOMAIN_ID, PARENT_ID, LINE_NO, FIELD_ID, TRACKING_LEVEL, PATH_RENDERER_CLASS, DETAIL_RENDERER_CLASS)
VALUES ('4432d0c396b246b0ae71eeede1e1e47a', 0, 1, '/', 'e4cf94d2fac042559ce53f31fe5fbdf4', '40', 'custDecimal2', 1, 'PathRenderer', 'DetailRenderer');
INSERT INTO CNT_HISTORY_DEF_ITEM
 (ID, REVISION, ENTITY_VERSION, DOMAIN_ID, PARENT_ID, LINE_NO, FIELD_ID, TRACKING_LEVEL, PATH_RENDERER_CLASS, DETAIL_RENDERER_CLASS)
VALUES ('0eaf44bf2d254b42bafe300d11891362', 0, 1, '/', 'e4cf94d2fac042559ce53f31fe5fbdf4', '41', 'custDecimal3', 1, 'PathRenderer', 'DetailRenderer');
INSERT INTO CNT_HISTORY_DEF_ITEM
 (ID, REVISION, ENTITY_VERSION, DOMAIN_ID, PARENT_ID, LINE_NO, FIELD_ID, TRACKING_LEVEL, PATH_RENDERER_CLASS, DETAIL_RENDERER_CLASS)
VALUES ('35cb63efb09c4d80a5216d88b721f3c5', 0, 1, '/', 'e4cf94d2fac042559ce53f31fe5fbdf4', '42', 'custDecimal4', 1, 'PathRenderer', 'DetailRenderer');
INSERT INTO CNT_HISTORY_DEF_ITEM
 (ID, REVISION, ENTITY_VERSION, DOMAIN_ID, PARENT_ID, LINE_NO, FIELD_ID, TRACKING_LEVEL, PATH_RENDERER_CLASS, DETAIL_RENDERER_CLASS)
VALUES ('d2591cae50bf49ff8886b021c43ef817', 0, 1, '/', 'e4cf94d2fac042559ce53f31fe5fbdf4', '43', 'custDecimal5', 1, 'PathRenderer', 'DetailRenderer');
INSERT INTO CNT_HISTORY_DEF_ITEM
 (ID, REVISION, ENTITY_VERSION, DOMAIN_ID, PARENT_ID, LINE_NO, FIELD_ID, TRACKING_LEVEL, PATH_RENDERER_CLASS, DETAIL_RENDERER_CLASS)
VALUES ('875382cf7df94fcbba39833ca1d5c06e', 0, 1, '/', 'e4cf94d2fac042559ce53f31fe5fbdf4', '44', 'custDecimal6', 1, 'PathRenderer', 'DetailRenderer');
INSERT INTO CNT_HISTORY_DEF_ITEM
 (ID, REVISION, ENTITY_VERSION, DOMAIN_ID, PARENT_ID, LINE_NO, FIELD_ID, TRACKING_LEVEL, PATH_RENDERER_CLASS, DETAIL_RENDERER_CLASS)
VALUES ('a8344d0324144fd79143145f32a1f410', 0, 1, '/', 'e4cf94d2fac042559ce53f31fe5fbdf4', '45', 'custDecimal7', 1, 'PathRenderer', 'DetailRenderer');
INSERT INTO CNT_HISTORY_DEF_ITEM
 (ID, REVISION, ENTITY_VERSION, DOMAIN_ID, PARENT_ID, LINE_NO, FIELD_ID, TRACKING_LEVEL, PATH_RENDERER_CLASS, DETAIL_RENDERER_CLASS)
VALUES ('c7c57cff58e34aeea6f07f0b741c3b56', 0, 1, '/', 'e4cf94d2fac042559ce53f31fe5fbdf4', '46', 'custCodelist1', 1, 'PathRenderer', 'DetailRenderer');
INSERT INTO CNT_HISTORY_DEF_ITEM
 (ID, REVISION, ENTITY_VERSION, DOMAIN_ID, PARENT_ID, LINE_NO, FIELD_ID, TRACKING_LEVEL, PATH_RENDERER_CLASS, DETAIL_RENDERER_CLASS)
VALUES ('c19e7c704b244b978e3147b186af186e', 0, 1, '/', 'e4cf94d2fac042559ce53f31fe5fbdf4', '47', 'custCodelist2', 1, 'PathRenderer', 'DetailRenderer');
INSERT INTO CNT_HISTORY_DEF_ITEM
 (ID, REVISION, ENTITY_VERSION, DOMAIN_ID, PARENT_ID, LINE_NO, FIELD_ID, TRACKING_LEVEL, PATH_RENDERER_CLASS, DETAIL_RENDERER_CLASS)
VALUES ('41fe6491e599448bad55103f1de8b0e1', 0, 1, '/', 'e4cf94d2fac042559ce53f31fe5fbdf4', '48', 'custCodelist3', 1, 'PathRenderer', 'DetailRenderer');
INSERT INTO CNT_HISTORY_DEF_ITEM
 (ID, REVISION, ENTITY_VERSION, DOMAIN_ID, PARENT_ID, LINE_NO, FIELD_ID, TRACKING_LEVEL, PATH_RENDERER_CLASS, DETAIL_RENDERER_CLASS)
VALUES ('311f1b90094a4d69919446a1b08e5662', 0, 1, '/', 'e4cf94d2fac042559ce53f31fe5fbdf4', '49', 'custCodelist4', 1, 'PathRenderer', 'DetailRenderer');
INSERT INTO CNT_HISTORY_DEF_ITEM
 (ID, REVISION, ENTITY_VERSION, DOMAIN_ID, PARENT_ID, LINE_NO, FIELD_ID, TRACKING_LEVEL, PATH_RENDERER_CLASS, DETAIL_RENDERER_CLASS)
VALUES ('f8acdf97d15248e8a04bfb8b434a23da', 0, 1, '/', 'e4cf94d2fac042559ce53f31fe5fbdf4', '50', 'custCodelist5', 1, 'PathRenderer', 'DetailRenderer');
INSERT INTO CNT_HISTORY_DEF_ITEM
 (ID, REVISION, ENTITY_VERSION, DOMAIN_ID, PARENT_ID, LINE_NO, FIELD_ID, TRACKING_LEVEL, PATH_RENDERER_CLASS, DETAIL_RENDERER_CLASS)
VALUES ('ac81c10fc5ef487ead734a5aa4030738', 0, 1, '/', 'e4cf94d2fac042559ce53f31fe5fbdf4', '51', 'custCodelist6', 1, 'PathRenderer', 'DetailRenderer');
INSERT INTO CNT_HISTORY_DEF_ITEM
 (ID, REVISION, ENTITY_VERSION, DOMAIN_ID, PARENT_ID, LINE_NO, FIELD_ID, TRACKING_LEVEL, PATH_RENDERER_CLASS, DETAIL_RENDERER_CLASS)
VALUES ('21b56453d10e4fe888492eeae75c9a6d', 0, 1, '/', 'e4cf94d2fac042559ce53f31fe5fbdf4', '52', 'custCodelist7', 1, 'PathRenderer', 'DetailRenderer');
INSERT INTO CNT_HISTORY_DEF_ITEM
 (ID, REVISION, ENTITY_VERSION, DOMAIN_ID, PARENT_ID, LINE_NO, FIELD_ID, TRACKING_LEVEL, PATH_RENDERER_CLASS, DETAIL_RENDERER_CLASS)
VALUES ('3166ba56b86d4c39b43c19097df2c8df', 0, 1, '/', 'e4cf94d2fac042559ce53f31fe5fbdf4', '53', 'custMemoText1', 1, 'PathRenderer', 'DetailRenderer');
INSERT INTO CNT_HISTORY_DEF_ITEM
 (ID, REVISION, ENTITY_VERSION, DOMAIN_ID, PARENT_ID, LINE_NO, FIELD_ID, TRACKING_LEVEL, PATH_RENDERER_CLASS, DETAIL_RENDERER_CLASS)
VALUES ('4d613ec0df0b40df8938c568315e3f9b', 0, 1, '/', 'e4cf94d2fac042559ce53f31fe5fbdf4', '54', 'custMemoText2', 1, 'PathRenderer', 'DetailRenderer');
INSERT INTO CNT_HISTORY_DEF_ITEM
 (ID, REVISION, ENTITY_VERSION, DOMAIN_ID, PARENT_ID, LINE_NO, FIELD_ID, TRACKING_LEVEL, PATH_RENDERER_CLASS, DETAIL_RENDERER_CLASS)
VALUES ('3a327af686af46528451eb866ecfb7c1', 0, 1, '/', 'e4cf94d2fac042559ce53f31fe5fbdf4', '55', 'custMemoText3', 1, 'PathRenderer', 'DetailRenderer');
INSERT INTO CNT_HISTORY_DEF_ITEM
 (ID, REVISION, ENTITY_VERSION, DOMAIN_ID, PARENT_ID, LINE_NO, FIELD_ID, TRACKING_LEVEL, PATH_RENDERER_CLASS, DETAIL_RENDERER_CLASS)
VALUES ('6ee0a13d2a7349f9b845bb1bcb9c2f1f', 0, 1, '/', 'e4cf94d2fac042559ce53f31fe5fbdf4', '56', 'custMemoText4', 1, 'PathRenderer', 'DetailRenderer');
INSERT INTO CNT_HISTORY_DEF_ITEM
 (ID, REVISION, ENTITY_VERSION, DOMAIN_ID, PARENT_ID, LINE_NO, FIELD_ID, TRACKING_LEVEL, PATH_RENDERER_CLASS, DETAIL_RENDERER_CLASS)
VALUES ('44702eeeea354a42a17998924d97f0e6', 0, 1, '/', 'e4cf94d2fac042559ce53f31fe5fbdf4', '57', 'custMemoText5', 1, 'PathRenderer', 'DetailRenderer');
INSERT INTO CNT_HISTORY_DEF_ITEM
 (ID, REVISION, ENTITY_VERSION, DOMAIN_ID, PARENT_ID, LINE_NO, FIELD_ID, TRACKING_LEVEL, PATH_RENDERER_CLASS, DETAIL_RENDERER_CLASS)
VALUES ('0f1fb12328be4c26b08fd6b4e3e2cb0a', 0, 1, '/', 'e4cf94d2fac042559ce53f31fe5fbdf4', '58', 'custMemoText6', 1, 'PathRenderer', 'DetailRenderer');
INSERT INTO CNT_HISTORY_DEF_ITEM
 (ID, REVISION, ENTITY_VERSION, DOMAIN_ID, PARENT_ID, LINE_NO, FIELD_ID, TRACKING_LEVEL, PATH_RENDERER_CLASS, DETAIL_RENDERER_CLASS)
VALUES ('e3824477d05e4c6cac55b926a546fbba', 0, 1, '/', 'e4cf94d2fac042559ce53f31fe5fbdf4', '59', 'custMemoText7', 1, 'PathRenderer', 'DetailRenderer');
INSERT INTO CNT_HISTORY_DEF_ITEM
 (ID, REVISION, ENTITY_VERSION, DOMAIN_ID, PARENT_ID, LINE_NO, FIELD_ID, TRACKING_LEVEL, PATH_RENDERER_CLASS, DETAIL_RENDERER_CLASS)
VALUES ('77910e383a92429a9d484712990a42d8', 0, 1, '/', 'e4cf94d2fac042559ce53f31fe5fbdf4', '60', 'custHcl1', 1, 'PathRenderer', 'DetailRenderer');
INSERT INTO CNT_HISTORY_DEF_ITEM
 (ID, REVISION, ENTITY_VERSION, DOMAIN_ID, PARENT_ID, LINE_NO, FIELD_ID, TRACKING_LEVEL, PATH_RENDERER_CLASS, DETAIL_RENDERER_CLASS)
VALUES ('9a599906660a434daad904eba29bde11', 0, 1, '/', 'e4cf94d2fac042559ce53f31fe5fbdf4', '61', 'custHcl2', 1, 'PathRenderer', 'DetailRenderer');
INSERT INTO CNT_HISTORY_DEF_ITEM
 (ID, REVISION, ENTITY_VERSION, DOMAIN_ID, PARENT_ID, LINE_NO, FIELD_ID, TRACKING_LEVEL, PATH_RENDERER_CLASS, DETAIL_RENDERER_CLASS)
VALUES ('b51a3ac95ca44284b4becacb814faa80', 0, 1, '/', 'e4cf94d2fac042559ce53f31fe5fbdf4', '62', 'custHcl3', 1, 'PathRenderer', 'DetailRenderer');
INSERT INTO CNT_HISTORY_DEF_ITEM
 (ID, REVISION, ENTITY_VERSION, DOMAIN_ID, PARENT_ID, LINE_NO, FIELD_ID, TRACKING_LEVEL, PATH_RENDERER_CLASS, DETAIL_RENDERER_CLASS)
VALUES ('21d55aef4f0740789cd092c4357cba57', 0, 1, '/', 'e4cf94d2fac042559ce53f31fe5fbdf4', '63', 'custHcl4', 1, 'PathRenderer', 'DetailRenderer');
INSERT INTO CNT_HISTORY_DEF_ITEM
 (ID, REVISION, ENTITY_VERSION, DOMAIN_ID, PARENT_ID, LINE_NO, FIELD_ID, TRACKING_LEVEL, PATH_RENDERER_CLASS, DETAIL_RENDERER_CLASS)
VALUES ('04b3fafbdb6b47b5b5f54dd41c07cdb3', 0, 1, '/', 'e4cf94d2fac042559ce53f31fe5fbdf4', '64', 'custHcl5', 1, 'PathRenderer', 'DetailRenderer');
INSERT INTO CNT_HISTORY_DEF_ITEM
 (ID, REVISION, ENTITY_VERSION, DOMAIN_ID, PARENT_ID, LINE_NO, FIELD_ID, TRACKING_LEVEL, PATH_RENDERER_CLASS, DETAIL_RENDERER_CLASS)
VALUES ('2abf01192b6348ef856105beb4dbb33e', 0, 1, '/', 'e4cf94d2fac042559ce53f31fe5fbdf4', '65', 'custCodelist1Name', 0, 'PathRenderer', 'DetailRenderer');
INSERT INTO CNT_HISTORY_DEF_ITEM
 (ID, REVISION, ENTITY_VERSION, DOMAIN_ID, PARENT_ID, LINE_NO, FIELD_ID, TRACKING_LEVEL, PATH_RENDERER_CLASS, DETAIL_RENDERER_CLASS)
VALUES ('6e504c77575843578c624e1af6cb6a4b', 0, 1, '/', 'e4cf94d2fac042559ce53f31fe5fbdf4', '66', 'custCodelist2Name', 0, 'PathRenderer', 'DetailRenderer');
INSERT INTO CNT_HISTORY_DEF_ITEM
 (ID, REVISION, ENTITY_VERSION, DOMAIN_ID, PARENT_ID, LINE_NO, FIELD_ID, TRACKING_LEVEL, PATH_RENDERER_CLASS, DETAIL_RENDERER_CLASS)
VALUES ('f460ffaf3ec74c8fa6c062d17b68473a', 0, 1, '/', 'e4cf94d2fac042559ce53f31fe5fbdf4', '67', 'custCodelist3Name', 0, 'PathRenderer', 'DetailRenderer');
INSERT INTO CNT_HISTORY_DEF_ITEM
 (ID, REVISION, ENTITY_VERSION, DOMAIN_ID, PARENT_ID, LINE_NO, FIELD_ID, TRACKING_LEVEL, PATH_RENDERER_CLASS, DETAIL_RENDERER_CLASS)
VALUES ('f3bcf4de68d848f49f003c0ffbdefe12', 0, 1, '/', 'e4cf94d2fac042559ce53f31fe5fbdf4', '68', 'custCodelist4Name', 0, 'PathRenderer', 'DetailRenderer');
INSERT INTO CNT_HISTORY_DEF_ITEM
 (ID, REVISION, ENTITY_VERSION, DOMAIN_ID, PARENT_ID, LINE_NO, FIELD_ID, TRACKING_LEVEL, PATH_RENDERER_CLASS, DETAIL_RENDERER_CLASS)
VALUES ('0b65fc0581d642559b7a46a4940da847', 0, 1, '/', 'e4cf94d2fac042559ce53f31fe5fbdf4', '69', 'custCodelist5Name', 0, 'PathRenderer', 'DetailRenderer');
INSERT INTO CNT_HISTORY_DEF_ITEM
 (ID, REVISION, ENTITY_VERSION, DOMAIN_ID, PARENT_ID, LINE_NO, FIELD_ID, TRACKING_LEVEL, PATH_RENDERER_CLASS, DETAIL_RENDERER_CLASS)
VALUES ('b7e78b1c7c104dd28d8b7064039f12b4', 0, 1, '/', 'e4cf94d2fac042559ce53f31fe5fbdf4', '70', 'custCodelist6Name', 0, 'PathRenderer', 'DetailRenderer');
INSERT INTO CNT_HISTORY_DEF_ITEM
 (ID, REVISION, ENTITY_VERSION, DOMAIN_ID, PARENT_ID, LINE_NO, FIELD_ID, TRACKING_LEVEL, PATH_RENDERER_CLASS, DETAIL_RENDERER_CLASS)
VALUES ('80585db362914143b9f6061402451898', 0, 1, '/', 'e4cf94d2fac042559ce53f31fe5fbdf4', '71', 'custCodelist7Name', 0, 'PathRenderer', 'DetailRenderer');
INSERT INTO CNT_HISTORY_DEF_ITEM
 (ID, REVISION, ENTITY_VERSION, DOMAIN_ID, PARENT_ID, LINE_NO, FIELD_ID, TRACKING_LEVEL, PATH_RENDERER_CLASS, DETAIL_RENDERER_CLASS)
VALUES ('5cceb05e8d354921a7af13fbb0d8b808', 0, 1, '/', 'e4cf94d2fac042559ce53f31fe5fbdf4', '72', 'custHcl1Ref', 0, 'PathRenderer', 'DetailRenderer');
INSERT INTO CNT_HISTORY_DEF_ITEM
 (ID, REVISION, ENTITY_VERSION, DOMAIN_ID, PARENT_ID, LINE_NO, FIELD_ID, TRACKING_LEVEL, PATH_RENDERER_CLASS, DETAIL_RENDERER_CLASS)
VALUES ('ec0b2b0ebae64dbdb54ded94b81fa5f3', 0, 1, '/', 'e4cf94d2fac042559ce53f31fe5fbdf4', '73', 'custHcl1Ver', 0, 'PathRenderer', 'DetailRenderer');
INSERT INTO CNT_HISTORY_DEF_ITEM
 (ID, REVISION, ENTITY_VERSION, DOMAIN_ID, PARENT_ID, LINE_NO, FIELD_ID, TRACKING_LEVEL, PATH_RENDERER_CLASS, DETAIL_RENDERER_CLASS)
VALUES ('110f2865b0ef4b5e991f34c60006a496', 0, 1, '/', 'e4cf94d2fac042559ce53f31fe5fbdf4', '74', 'custHcl1Ref2', 0, 'PathRenderer', 'DetailRenderer');
INSERT INTO CNT_HISTORY_DEF_ITEM
 (ID, REVISION, ENTITY_VERSION, DOMAIN_ID, PARENT_ID, LINE_NO, FIELD_ID, TRACKING_LEVEL, PATH_RENDERER_CLASS, DETAIL_RENDERER_CLASS)
VALUES ('1358438b5054450a806075ad438722d3', 0, 1, '/', 'e4cf94d2fac042559ce53f31fe5fbdf4', '75', 'custHcl1FullLineage', 0, 'PathRenderer', 'DetailRenderer');
INSERT INTO CNT_HISTORY_DEF_ITEM
 (ID, REVISION, ENTITY_VERSION, DOMAIN_ID, PARENT_ID, LINE_NO, FIELD_ID, TRACKING_LEVEL, PATH_RENDERER_CLASS, DETAIL_RENDERER_CLASS)
VALUES ('0c676b2711014fd78eb61a678638b350', 0, 1, '/', 'e4cf94d2fac042559ce53f31fe5fbdf4', '76', 'custHcl2Ref', 0, 'PathRenderer', 'DetailRenderer');
INSERT INTO CNT_HISTORY_DEF_ITEM
 (ID, REVISION, ENTITY_VERSION, DOMAIN_ID, PARENT_ID, LINE_NO, FIELD_ID, TRACKING_LEVEL, PATH_RENDERER_CLASS, DETAIL_RENDERER_CLASS)
VALUES ('fcdfd985bfa6414788d9b91167614694', 0, 1, '/', 'e4cf94d2fac042559ce53f31fe5fbdf4', '77', 'custHcl2Ver', 0, 'PathRenderer', 'DetailRenderer');
INSERT INTO CNT_HISTORY_DEF_ITEM
 (ID, REVISION, ENTITY_VERSION, DOMAIN_ID, PARENT_ID, LINE_NO, FIELD_ID, TRACKING_LEVEL, PATH_RENDERER_CLASS, DETAIL_RENDERER_CLASS)
VALUES ('aaaff4806f54464aa0df36703bd20e9b', 0, 1, '/', 'e4cf94d2fac042559ce53f31fe5fbdf4', '78', 'custHcl2Ref2', 0, 'PathRenderer', 'DetailRenderer');
INSERT INTO CNT_HISTORY_DEF_ITEM
 (ID, REVISION, ENTITY_VERSION, DOMAIN_ID, PARENT_ID, LINE_NO, FIELD_ID, TRACKING_LEVEL, PATH_RENDERER_CLASS, DETAIL_RENDERER_CLASS)
VALUES ('9fe39dbae5144b2daa0cbb70dc43d173', 0, 1, '/', 'e4cf94d2fac042559ce53f31fe5fbdf4', '79', 'custHcl2FullLineage', 0, 'PathRenderer', 'DetailRenderer');
INSERT INTO CNT_HISTORY_DEF_ITEM
 (ID, REVISION, ENTITY_VERSION, DOMAIN_ID, PARENT_ID, LINE_NO, FIELD_ID, TRACKING_LEVEL, PATH_RENDERER_CLASS, DETAIL_RENDERER_CLASS)
VALUES ('a5ad64c664fb41c6861e6216b3be9d62', 0, 1, '/', 'e4cf94d2fac042559ce53f31fe5fbdf4', '80', 'custHcl3Ref', 0, 'PathRenderer', 'DetailRenderer');
INSERT INTO CNT_HISTORY_DEF_ITEM
 (ID, REVISION, ENTITY_VERSION, DOMAIN_ID, PARENT_ID, LINE_NO, FIELD_ID, TRACKING_LEVEL, PATH_RENDERER_CLASS, DETAIL_RENDERER_CLASS)
VALUES ('e776396ffb554fd3a8f5e0de60b81db5', 0, 1, '/', 'e4cf94d2fac042559ce53f31fe5fbdf4', '81', 'custHcl3Ver', 0, 'PathRenderer', 'DetailRenderer');
INSERT INTO CNT_HISTORY_DEF_ITEM
 (ID, REVISION, ENTITY_VERSION, DOMAIN_ID, PARENT_ID, LINE_NO, FIELD_ID, TRACKING_LEVEL, PATH_RENDERER_CLASS, DETAIL_RENDERER_CLASS)
VALUES ('ee706b23790c4757a3c0a0c3d5bf3769', 0, 1, '/', 'e4cf94d2fac042559ce53f31fe5fbdf4', '82', 'custHcl3Ref2', 0, 'PathRenderer', 'DetailRenderer');
INSERT INTO CNT_HISTORY_DEF_ITEM
 (ID, REVISION, ENTITY_VERSION, DOMAIN_ID, PARENT_ID, LINE_NO, FIELD_ID, TRACKING_LEVEL, PATH_RENDERER_CLASS, DETAIL_RENDERER_CLASS)
VALUES ('bac1535a67eb497783e7900090d08358', 0, 1, '/', 'e4cf94d2fac042559ce53f31fe5fbdf4', '83', 'custHcl3FullLineage', 0, 'PathRenderer', 'DetailRenderer');
INSERT INTO CNT_HISTORY_DEF_ITEM
 (ID, REVISION, ENTITY_VERSION, DOMAIN_ID, PARENT_ID, LINE_NO, FIELD_ID, TRACKING_LEVEL, PATH_RENDERER_CLASS, DETAIL_RENDERER_CLASS)
VALUES ('2bdf4f770b584d14a8ae4e3c9c68b2b8', 0, 1, '/', 'e4cf94d2fac042559ce53f31fe5fbdf4', '84', 'custHcl4Ref', 0, 'PathRenderer', 'DetailRenderer');
INSERT INTO CNT_HISTORY_DEF_ITEM
 (ID, REVISION, ENTITY_VERSION, DOMAIN_ID, PARENT_ID, LINE_NO, FIELD_ID, TRACKING_LEVEL, PATH_RENDERER_CLASS, DETAIL_RENDERER_CLASS)
VALUES ('d5a3c84080e9468a9330c61fe4ded1d7', 0, 1, '/', 'e4cf94d2fac042559ce53f31fe5fbdf4', '85', 'custHcl4Ver', 0, 'PathRenderer', 'DetailRenderer');
INSERT INTO CNT_HISTORY_DEF_ITEM
 (ID, REVISION, ENTITY_VERSION, DOMAIN_ID, PARENT_ID, LINE_NO, FIELD_ID, TRACKING_LEVEL, PATH_RENDERER_CLASS, DETAIL_RENDERER_CLASS)
VALUES ('0137882876494da5bcee029c9b4efd6c', 0, 1, '/', 'e4cf94d2fac042559ce53f31fe5fbdf4', '86', 'custHcl4Ref2', 0, 'PathRenderer', 'DetailRenderer');
INSERT INTO CNT_HISTORY_DEF_ITEM
 (ID, REVISION, ENTITY_VERSION, DOMAIN_ID, PARENT_ID, LINE_NO, FIELD_ID, TRACKING_LEVEL, PATH_RENDERER_CLASS, DETAIL_RENDERER_CLASS)
VALUES ('0fe3d8efaf6045589b10de5245cde089', 0, 1, '/', 'e4cf94d2fac042559ce53f31fe5fbdf4', '87', 'custHcl4FullLineage', 0, 'PathRenderer', 'DetailRenderer');
INSERT INTO CNT_HISTORY_DEF_ITEM
 (ID, REVISION, ENTITY_VERSION, DOMAIN_ID, PARENT_ID, LINE_NO, FIELD_ID, TRACKING_LEVEL, PATH_RENDERER_CLASS, DETAIL_RENDERER_CLASS)
VALUES ('6ad59e6b634f4083a8629d5aca8592f5', 0, 1, '/', 'e4cf94d2fac042559ce53f31fe5fbdf4', '88', 'custHcl5Ref', 0, 'PathRenderer', 'DetailRenderer');
INSERT INTO CNT_HISTORY_DEF_ITEM
 (ID, REVISION, ENTITY_VERSION, DOMAIN_ID, PARENT_ID, LINE_NO, FIELD_ID, TRACKING_LEVEL, PATH_RENDERER_CLASS, DETAIL_RENDERER_CLASS)
VALUES ('3fa4745172c14c06924ed402e911feb3', 0, 1, '/', 'e4cf94d2fac042559ce53f31fe5fbdf4', '89', 'custHcl5Ver', 0, 'PathRenderer', 'DetailRenderer');
INSERT INTO CNT_HISTORY_DEF_ITEM
 (ID, REVISION, ENTITY_VERSION, DOMAIN_ID, PARENT_ID, LINE_NO, FIELD_ID, TRACKING_LEVEL, PATH_RENDERER_CLASS, DETAIL_RENDERER_CLASS)
VALUES ('236090d86b904244b8897495c2c705ac', 0, 1, '/', 'e4cf94d2fac042559ce53f31fe5fbdf4', '90', 'custHcl5Ref2', 0, 'PathRenderer', 'DetailRenderer');
INSERT INTO CNT_HISTORY_DEF_ITEM
 (ID, REVISION, ENTITY_VERSION, DOMAIN_ID, PARENT_ID, LINE_NO, FIELD_ID, TRACKING_LEVEL, PATH_RENDERER_CLASS, DETAIL_RENDERER_CLASS)
VALUES ('6e76ca38b99c416b8ebd83c7a2987111', 0, 1, '/', 'e4cf94d2fac042559ce53f31fe5fbdf4', '91', 'custHcl5FullLineage', 0, 'PathRenderer', 'DetailRenderer');
INSERT INTO CNT_HISTORY_DEF
 (ID, REVISION, APPLY_ENTITY, ENTITY_VERSION, DOMAIN_ID , GENERATED, CREATE_USER, CREATE_USER_NAME, CREATED_ON)
VALUES ('848a0416952d444ab73d0f84e46d939d', 0, 'CommitItem', 1, '/', 1, 'system', 'system', systimestamp);
INSERT INTO CNT_HISTORY_DEF_ITEM
 (ID, REVISION, ENTITY_VERSION, DOMAIN_ID, PARENT_ID, LINE_NO, FIELD_ID, TRACKING_LEVEL, PATH_RENDERER_CLASS, DETAIL_RENDERER_CLASS)
VALUES ('57f09345630147758c1420cb9174e226', 0, 1, '/', '848a0416952d444ab73d0f84e46d939d', '0', 'id', 1, 'PathRenderer', 'DetailRenderer');
INSERT INTO CNT_HISTORY_DEF_ITEM
 (ID, REVISION, ENTITY_VERSION, DOMAIN_ID, PARENT_ID, LINE_NO, FIELD_ID, TRACKING_LEVEL, PATH_RENDERER_CLASS, DETAIL_RENDERER_CLASS)
VALUES ('7f4db9c865544f478cd274e18366417a', 0, 1, '/', '848a0416952d444ab73d0f84e46d939d', '1', 'revision', 1, 'PathRenderer', 'DetailRenderer');
INSERT INTO CNT_HISTORY_DEF_ITEM
 (ID, REVISION, ENTITY_VERSION, DOMAIN_ID, PARENT_ID, LINE_NO, FIELD_ID, TRACKING_LEVEL, PATH_RENDERER_CLASS, DETAIL_RENDERER_CLASS)
VALUES ('44a08fcea83d4b7ab05c74c36f677bb9', 0, 1, '/', '848a0416952d444ab73d0f84e46d939d', '2', 'entityVersion', 1, 'PathRenderer', 'DetailRenderer');
INSERT INTO CNT_HISTORY_DEF_ITEM
 (ID, REVISION, ENTITY_VERSION, DOMAIN_ID, PARENT_ID, LINE_NO, FIELD_ID, TRACKING_LEVEL, PATH_RENDERER_CLASS, DETAIL_RENDERER_CLASS)
VALUES ('fffe2fb067c64aa9860d2527bf55ef96', 0, 1, '/', '848a0416952d444ab73d0f84e46d939d', '3', 'domainId', 1, 'PathRenderer', 'DetailRenderer');
INSERT INTO CNT_HISTORY_DEF_ITEM
 (ID, REVISION, ENTITY_VERSION, DOMAIN_ID, PARENT_ID, LINE_NO, FIELD_ID, TRACKING_LEVEL, PATH_RENDERER_CLASS, DETAIL_RENDERER_CLASS)
VALUES ('711e9965130e41dabe734e1dafe59fc4', 0, 1, '/', '848a0416952d444ab73d0f84e46d939d', '4', 'hubDomainId', 1, 'PathRenderer', 'DetailRenderer');
INSERT INTO CNT_HISTORY_DEF_ITEM
 (ID, REVISION, ENTITY_VERSION, DOMAIN_ID, PARENT_ID, LINE_NO, FIELD_ID, TRACKING_LEVEL, PATH_RENDERER_CLASS, DETAIL_RENDERER_CLASS)
VALUES ('9c33bebcf82c47b4a79a750bc2930bad', 0, 1, '/', '848a0416952d444ab73d0f84e46d939d', '5', 'isForReference', 1, 'PathRenderer', 'DetailRenderer');
INSERT INTO CNT_HISTORY_DEF_ITEM
 (ID, REVISION, ENTITY_VERSION, DOMAIN_ID, PARENT_ID, LINE_NO, FIELD_ID, TRACKING_LEVEL, PATH_RENDERER_CLASS, DETAIL_RENDERER_CLASS)
VALUES ('b05003e129344967a120bab9304c52fe', 0, 1, '/', '848a0416952d444ab73d0f84e46d939d', '6', 'internalSeqNo', 1, 'PathRenderer', 'DetailRenderer');
INSERT INTO CNT_HISTORY_DEF_ITEM
 (ID, REVISION, ENTITY_VERSION, DOMAIN_ID, PARENT_ID, LINE_NO, FIELD_ID, TRACKING_LEVEL, PATH_RENDERER_CLASS, DETAIL_RENDERER_CLASS)
VALUES ('788176d41065454c839eaa6076e84250', 0, 1, '/', '848a0416952d444ab73d0f84e46d939d', '7', 'commitId', 1, 'PathRenderer', 'DetailRenderer');
INSERT INTO CNT_HISTORY_DEF_ITEM
 (ID, REVISION, ENTITY_VERSION, DOMAIN_ID, PARENT_ID, LINE_NO, FIELD_ID, TRACKING_LEVEL, PATH_RENDERER_CLASS, DETAIL_RENDERER_CLASS)
VALUES ('3af7a36871bf416ab5c8a8f025b871ca', 0, 1, '/', '848a0416952d444ab73d0f84e46d939d', '8', 'commitItemId', 1, 'PathRenderer', 'DetailRenderer');
INSERT INTO CNT_HISTORY_DEF_ITEM
 (ID, REVISION, ENTITY_VERSION, DOMAIN_ID, PARENT_ID, LINE_NO, FIELD_ID, TRACKING_LEVEL, PATH_RENDERER_CLASS, DETAIL_RENDERER_CLASS)
VALUES ('37cc0c444f60433eba37f7ffbf3165d9', 0, 1, '/', '848a0416952d444ab73d0f84e46d939d', '9', 'itemImage', 1, 'PathRenderer', 'DetailRenderer');
INSERT INTO CNT_HISTORY_DEF_ITEM
 (ID, REVISION, ENTITY_VERSION, DOMAIN_ID, PARENT_ID, LINE_NO, FIELD_ID, TRACKING_LEVEL, PATH_RENDERER_CLASS, DETAIL_RENDERER_CLASS)
VALUES ('f6a613f0cd4a4c009c0ff0695a67eb6a', 0, 1, '/', '848a0416952d444ab73d0f84e46d939d', '10', 'itemNo', 1, 'PathRenderer', 'DetailRenderer');
INSERT INTO CNT_HISTORY_DEF_ITEM
 (ID, REVISION, ENTITY_VERSION, DOMAIN_ID, PARENT_ID, LINE_NO, FIELD_ID, TRACKING_LEVEL, PATH_RENDERER_CLASS, DETAIL_RENDERER_CLASS)
VALUES ('b4364210e49b40279a2af1465842051c', 0, 1, '/', '848a0416952d444ab73d0f84e46d939d', '11', 'itemDesc', 1, 'PathRenderer', 'DetailRenderer');
INSERT INTO CNT_HISTORY_DEF_ITEM
 (ID, REVISION, ENTITY_VERSION, DOMAIN_ID, PARENT_ID, LINE_NO, FIELD_ID, TRACKING_LEVEL, PATH_RENDERER_CLASS, DETAIL_RENDERER_CLASS)
VALUES ('5c18a444b1e34c53b248fe95f61fc780', 0, 1, '/', '848a0416952d444ab73d0f84e46d939d', '12', 'specVersion', 1, 'PathRenderer', 'DetailRenderer');
INSERT INTO CNT_HISTORY_DEF_ITEM
 (ID, REVISION, ENTITY_VERSION, DOMAIN_ID, PARENT_ID, LINE_NO, FIELD_ID, TRACKING_LEVEL, PATH_RENDERER_CLASS, DETAIL_RENDERER_CLASS)
VALUES ('9b2e90b8b66b4b2aba2b38bea801654a', 0, 1, '/', '848a0416952d444ab73d0f84e46d939d', '13', 'specId', 1, 'PathRenderer', 'DetailRenderer');
INSERT INTO CNT_HISTORY_DEF_ITEM
 (ID, REVISION, ENTITY_VERSION, DOMAIN_ID, PARENT_ID, LINE_NO, FIELD_ID, TRACKING_LEVEL, PATH_RENDERER_CLASS, DETAIL_RENDERER_CLASS)
VALUES ('4437dbbd2bc540c8917e7a849c302e22', 0, 1, '/', '848a0416952d444ab73d0f84e46d939d', '14', 'sellingPrice', 1, 'PathRenderer', 'DetailRenderer');
INSERT INTO CNT_HISTORY_DEF_ITEM
 (ID, REVISION, ENTITY_VERSION, DOMAIN_ID, PARENT_ID, LINE_NO, FIELD_ID, TRACKING_LEVEL, PATH_RENDERER_CLASS, DETAIL_RENDERER_CLASS)
VALUES ('2550b8e450634763b881e78f275d68e2', 0, 1, '/', '848a0416952d444ab73d0f84e46d939d', '15', 'buyingPrice', 1, 'PathRenderer', 'DetailRenderer');
INSERT INTO CNT_HISTORY_DEF_ITEM
 (ID, REVISION, ENTITY_VERSION, DOMAIN_ID, PARENT_ID, LINE_NO, FIELD_ID, TRACKING_LEVEL, PATH_RENDERER_CLASS, DETAIL_RENDERER_CLASS)
VALUES ('8c2b736cb0d94f1da90eac5f96c973cb', 0, 1, '/', '848a0416952d444ab73d0f84e46d939d', '16', 'buyingCost', 1, 'PathRenderer', 'DetailRenderer');
INSERT INTO CNT_HISTORY_DEF_ITEM
 (ID, REVISION, ENTITY_VERSION, DOMAIN_ID, PARENT_ID, LINE_NO, FIELD_ID, TRACKING_LEVEL, PATH_RENDERER_CLASS, DETAIL_RENDERER_CLASS)
VALUES ('c8d05bd78d7946e285c275ab5c10e40b', 0, 1, '/', '848a0416952d444ab73d0f84e46d939d', '17', 'quoteNo', 1, 'PathRenderer', 'DetailRenderer');
INSERT INTO CNT_HISTORY_DEF_ITEM
 (ID, REVISION, ENTITY_VERSION, DOMAIN_ID, PARENT_ID, LINE_NO, FIELD_ID, TRACKING_LEVEL, PATH_RENDERER_CLASS, DETAIL_RENDERER_CLASS)
VALUES ('0b5d8bc7433a4351becf360369de0025', 0, 1, '/', '848a0416952d444ab73d0f84e46d939d', '18', 'quoteId', 1, 'PathRenderer', 'DetailRenderer');
INSERT INTO CNT_HISTORY_DEF_ITEM
 (ID, REVISION, ENTITY_VERSION, DOMAIN_ID, PARENT_ID, LINE_NO, FIELD_ID, TRACKING_LEVEL, PATH_RENDERER_CLASS, DETAIL_RENDERER_CLASS)
VALUES ('b52f9d555d3b4486af82f2b9149ede2b', 0, 1, '/', '848a0416952d444ab73d0f84e46d939d', '19', 'uom', 1, 'PathRenderer', 'DetailRenderer');
INSERT INTO CNT_HISTORY_DEF_ITEM
 (ID, REVISION, ENTITY_VERSION, DOMAIN_ID, PARENT_ID, LINE_NO, FIELD_ID, TRACKING_LEVEL, PATH_RENDERER_CLASS, DETAIL_RENDERER_CLASS)
VALUES ('519a5fd360aa493eaeaabc4a3c58ff35', 0, 1, '/', '848a0416952d444ab73d0f84e46d939d', '20', 'qty', 1, 'PathRenderer', 'DetailRenderer');
INSERT INTO CNT_HISTORY_DEF_ITEM
 (ID, REVISION, ENTITY_VERSION, DOMAIN_ID, PARENT_ID, LINE_NO, FIELD_ID, TRACKING_LEVEL, PATH_RENDERER_CLASS, DETAIL_RENDERER_CLASS)
VALUES ('70a9125b0f9a4f129469c04fa3740a2f', 0, 1, '/', '848a0416952d444ab73d0f84e46d939d', '21', 'totalAmount', 1, 'PathRenderer', 'DetailRenderer');
INSERT INTO CNT_HISTORY_DEF_ITEM
 (ID, REVISION, ENTITY_VERSION, DOMAIN_ID, PARENT_ID, LINE_NO, FIELD_ID, TRACKING_LEVEL, PATH_RENDERER_CLASS, DETAIL_RENDERER_CLASS)
VALUES ('22a0e820bdd647dd84aaa7c9e8dfb70f', 0, 1, '/', '848a0416952d444ab73d0f84e46d939d', '22', 'merchandiseHierarchy', 1, 'PathRenderer', 'DetailRenderer');
INSERT INTO CNT_HISTORY_DEF_ITEM
 (ID, REVISION, ENTITY_VERSION, DOMAIN_ID, PARENT_ID, LINE_NO, FIELD_ID, TRACKING_LEVEL, PATH_RENDERER_CLASS, DETAIL_RENDERER_CLASS)
VALUES ('442d54738b7348519b26a7184fea7722', 0, 1, '/', '848a0416952d444ab73d0f84e46d939d', '23', 'market', 1, 'PathRenderer', 'DetailRenderer');
INSERT INTO CNT_HISTORY_DEF_ITEM
 (ID, REVISION, ENTITY_VERSION, DOMAIN_ID, PARENT_ID, LINE_NO, FIELD_ID, TRACKING_LEVEL, PATH_RENDERER_CLASS, DETAIL_RENDERER_CLASS)
VALUES ('089c8335444e444f8f923b97e2b39916', 0, 1, '/', '848a0416952d444ab73d0f84e46d939d', '24', 'channel', 1, 'PathRenderer', 'DetailRenderer');
INSERT INTO CNT_HISTORY_DEF_ITEM
 (ID, REVISION, ENTITY_VERSION, DOMAIN_ID, PARENT_ID, LINE_NO, FIELD_ID, TRACKING_LEVEL, PATH_RENDERER_CLASS, DETAIL_RENDERER_CLASS)
VALUES ('51d3f1e3a0ca4426823486d480b72e6e', 0, 1, '/', '848a0416952d444ab73d0f84e46d939d', '25', 'delWinFr', 1, 'PathRenderer', 'DetailRenderer');
INSERT INTO CNT_HISTORY_DEF_ITEM
 (ID, REVISION, ENTITY_VERSION, DOMAIN_ID, PARENT_ID, LINE_NO, FIELD_ID, TRACKING_LEVEL, PATH_RENDERER_CLASS, DETAIL_RENDERER_CLASS)
VALUES ('bccef7b897c44d77bc63dc96093d9864', 0, 1, '/', '848a0416952d444ab73d0f84e46d939d', '26', 'delWinTo', 1, 'PathRenderer', 'DetailRenderer');
INSERT INTO CNT_HISTORY_DEF_ITEM
 (ID, REVISION, ENTITY_VERSION, DOMAIN_ID, PARENT_ID, LINE_NO, FIELD_ID, TRACKING_LEVEL, PATH_RENDERER_CLASS, DETAIL_RENDERER_CLASS)
VALUES ('7f3eea9b003d4717ae2d747d3e201b8b', 0, 1, '/', '848a0416952d444ab73d0f84e46d939d', '27', 'countryOfDestin', 1, 'PathRenderer', 'DetailRenderer');
INSERT INTO CNT_HISTORY_DEF_ITEM
 (ID, REVISION, ENTITY_VERSION, DOMAIN_ID, PARENT_ID, LINE_NO, FIELD_ID, TRACKING_LEVEL, PATH_RENDERER_CLASS, DETAIL_RENDERER_CLASS)
VALUES ('d55317b4acee418ba191583c48260c8d', 0, 1, '/', '848a0416952d444ab73d0f84e46d939d', '28', 'remarks', 1, 'PathRenderer', 'DetailRenderer');
INSERT INTO CNT_HISTORY_DEF_ITEM
 (ID, REVISION, ENTITY_VERSION, DOMAIN_ID, PARENT_ID, LINE_NO, FIELD_ID, TRACKING_LEVEL, PATH_RENDERER_CLASS, DETAIL_RENDERER_CLASS)
VALUES ('c81f39c961c64c8d93cadd125560873e', 0, 1, '/', '848a0416952d444ab73d0f84e46d939d', '29', 'custText1', 1, 'PathRenderer', 'DetailRenderer');
INSERT INTO CNT_HISTORY_DEF_ITEM
 (ID, REVISION, ENTITY_VERSION, DOMAIN_ID, PARENT_ID, LINE_NO, FIELD_ID, TRACKING_LEVEL, PATH_RENDERER_CLASS, DETAIL_RENDERER_CLASS)
VALUES ('12a734c015fb4d12afd8e74932672b1e', 0, 1, '/', '848a0416952d444ab73d0f84e46d939d', '30', 'custText2', 1, 'PathRenderer', 'DetailRenderer');
INSERT INTO CNT_HISTORY_DEF_ITEM
 (ID, REVISION, ENTITY_VERSION, DOMAIN_ID, PARENT_ID, LINE_NO, FIELD_ID, TRACKING_LEVEL, PATH_RENDERER_CLASS, DETAIL_RENDERER_CLASS)
VALUES ('9feb4314dd9c47ffb33e5da91dc78808', 0, 1, '/', '848a0416952d444ab73d0f84e46d939d', '31', 'custText3', 1, 'PathRenderer', 'DetailRenderer');
INSERT INTO CNT_HISTORY_DEF_ITEM
 (ID, REVISION, ENTITY_VERSION, DOMAIN_ID, PARENT_ID, LINE_NO, FIELD_ID, TRACKING_LEVEL, PATH_RENDERER_CLASS, DETAIL_RENDERER_CLASS)
VALUES ('7d7bd7c1e41845998bb4eb16e2e9e744', 0, 1, '/', '848a0416952d444ab73d0f84e46d939d', '32', 'custText4', 1, 'PathRenderer', 'DetailRenderer');
INSERT INTO CNT_HISTORY_DEF_ITEM
 (ID, REVISION, ENTITY_VERSION, DOMAIN_ID, PARENT_ID, LINE_NO, FIELD_ID, TRACKING_LEVEL, PATH_RENDERER_CLASS, DETAIL_RENDERER_CLASS)
VALUES ('86ec2374edc9471f9c96b9b3d87a4e24', 0, 1, '/', '848a0416952d444ab73d0f84e46d939d', '33', 'custText5', 1, 'PathRenderer', 'DetailRenderer');
INSERT INTO CNT_HISTORY_DEF_ITEM
 (ID, REVISION, ENTITY_VERSION, DOMAIN_ID, PARENT_ID, LINE_NO, FIELD_ID, TRACKING_LEVEL, PATH_RENDERER_CLASS, DETAIL_RENDERER_CLASS)
VALUES ('a8bb553e0d524efcbe7fc0a0f9542bcb', 0, 1, '/', '848a0416952d444ab73d0f84e46d939d', '34', 'custText6', 1, 'PathRenderer', 'DetailRenderer');
INSERT INTO CNT_HISTORY_DEF_ITEM
 (ID, REVISION, ENTITY_VERSION, DOMAIN_ID, PARENT_ID, LINE_NO, FIELD_ID, TRACKING_LEVEL, PATH_RENDERER_CLASS, DETAIL_RENDERER_CLASS)
VALUES ('1cd4d6449cfd40bd879f98827eb0592d', 0, 1, '/', '848a0416952d444ab73d0f84e46d939d', '35', 'custText7', 1, 'PathRenderer', 'DetailRenderer');
INSERT INTO CNT_HISTORY_DEF_ITEM
 (ID, REVISION, ENTITY_VERSION, DOMAIN_ID, PARENT_ID, LINE_NO, FIELD_ID, TRACKING_LEVEL, PATH_RENDERER_CLASS, DETAIL_RENDERER_CLASS)
VALUES ('59fde84b7e444b0ca209aa82deb639a2', 0, 1, '/', '848a0416952d444ab73d0f84e46d939d', '36', 'custDate1', 1, 'PathRenderer', 'DetailRenderer');
INSERT INTO CNT_HISTORY_DEF_ITEM
 (ID, REVISION, ENTITY_VERSION, DOMAIN_ID, PARENT_ID, LINE_NO, FIELD_ID, TRACKING_LEVEL, PATH_RENDERER_CLASS, DETAIL_RENDERER_CLASS)
VALUES ('8a2fe09ed4a548c0a214b22f62618f63', 0, 1, '/', '848a0416952d444ab73d0f84e46d939d', '37', 'custDate2', 1, 'PathRenderer', 'DetailRenderer');
INSERT INTO CNT_HISTORY_DEF_ITEM
 (ID, REVISION, ENTITY_VERSION, DOMAIN_ID, PARENT_ID, LINE_NO, FIELD_ID, TRACKING_LEVEL, PATH_RENDERER_CLASS, DETAIL_RENDERER_CLASS)
VALUES ('4911226ae06940b789774465d34c6a28', 0, 1, '/', '848a0416952d444ab73d0f84e46d939d', '38', 'custDate3', 1, 'PathRenderer', 'DetailRenderer');
INSERT INTO CNT_HISTORY_DEF_ITEM
 (ID, REVISION, ENTITY_VERSION, DOMAIN_ID, PARENT_ID, LINE_NO, FIELD_ID, TRACKING_LEVEL, PATH_RENDERER_CLASS, DETAIL_RENDERER_CLASS)
VALUES ('14a2c16fac2a4abbb0802a5d0a1d21c0', 0, 1, '/', '848a0416952d444ab73d0f84e46d939d', '39', 'custDate4', 1, 'PathRenderer', 'DetailRenderer');
INSERT INTO CNT_HISTORY_DEF_ITEM
 (ID, REVISION, ENTITY_VERSION, DOMAIN_ID, PARENT_ID, LINE_NO, FIELD_ID, TRACKING_LEVEL, PATH_RENDERER_CLASS, DETAIL_RENDERER_CLASS)
VALUES ('ace5e306079c4146985004973736ed34', 0, 1, '/', '848a0416952d444ab73d0f84e46d939d', '40', 'custDate5', 1, 'PathRenderer', 'DetailRenderer');
INSERT INTO CNT_HISTORY_DEF_ITEM
 (ID, REVISION, ENTITY_VERSION, DOMAIN_ID, PARENT_ID, LINE_NO, FIELD_ID, TRACKING_LEVEL, PATH_RENDERER_CLASS, DETAIL_RENDERER_CLASS)
VALUES ('5a38efe2366648aca928c5675a2a024a', 0, 1, '/', '848a0416952d444ab73d0f84e46d939d', '41', 'custDate6', 1, 'PathRenderer', 'DetailRenderer');
INSERT INTO CNT_HISTORY_DEF_ITEM
 (ID, REVISION, ENTITY_VERSION, DOMAIN_ID, PARENT_ID, LINE_NO, FIELD_ID, TRACKING_LEVEL, PATH_RENDERER_CLASS, DETAIL_RENDERER_CLASS)
VALUES ('d9628988fc384decb703d01eda5c7b62', 0, 1, '/', '848a0416952d444ab73d0f84e46d939d', '42', 'custDate7', 1, 'PathRenderer', 'DetailRenderer');
INSERT INTO CNT_HISTORY_DEF_ITEM
 (ID, REVISION, ENTITY_VERSION, DOMAIN_ID, PARENT_ID, LINE_NO, FIELD_ID, TRACKING_LEVEL, PATH_RENDERER_CLASS, DETAIL_RENDERER_CLASS)
VALUES ('bf806817ebe14228b5cb76ee428ef09c', 0, 1, '/', '848a0416952d444ab73d0f84e46d939d', '43', 'custNumber1', 1, 'PathRenderer', 'DetailRenderer');
INSERT INTO CNT_HISTORY_DEF_ITEM
 (ID, REVISION, ENTITY_VERSION, DOMAIN_ID, PARENT_ID, LINE_NO, FIELD_ID, TRACKING_LEVEL, PATH_RENDERER_CLASS, DETAIL_RENDERER_CLASS)
VALUES ('30c26bfe51e444059698990de724a6c8', 0, 1, '/', '848a0416952d444ab73d0f84e46d939d', '44', 'custNumber2', 1, 'PathRenderer', 'DetailRenderer');
INSERT INTO CNT_HISTORY_DEF_ITEM
 (ID, REVISION, ENTITY_VERSION, DOMAIN_ID, PARENT_ID, LINE_NO, FIELD_ID, TRACKING_LEVEL, PATH_RENDERER_CLASS, DETAIL_RENDERER_CLASS)
VALUES ('7095434e82a1468c8c4ea05105b95c70', 0, 1, '/', '848a0416952d444ab73d0f84e46d939d', '45', 'custNumber3', 1, 'PathRenderer', 'DetailRenderer');
INSERT INTO CNT_HISTORY_DEF_ITEM
 (ID, REVISION, ENTITY_VERSION, DOMAIN_ID, PARENT_ID, LINE_NO, FIELD_ID, TRACKING_LEVEL, PATH_RENDERER_CLASS, DETAIL_RENDERER_CLASS)
VALUES ('ccf10c8a597e441cae839905e1c9bf34', 0, 1, '/', '848a0416952d444ab73d0f84e46d939d', '46', 'custNumber4', 1, 'PathRenderer', 'DetailRenderer');
INSERT INTO CNT_HISTORY_DEF_ITEM
 (ID, REVISION, ENTITY_VERSION, DOMAIN_ID, PARENT_ID, LINE_NO, FIELD_ID, TRACKING_LEVEL, PATH_RENDERER_CLASS, DETAIL_RENDERER_CLASS)
VALUES ('b86f5bcf7d9a4b55866ea86200085e55', 0, 1, '/', '848a0416952d444ab73d0f84e46d939d', '47', 'custNumber5', 1, 'PathRenderer', 'DetailRenderer');
INSERT INTO CNT_HISTORY_DEF_ITEM
 (ID, REVISION, ENTITY_VERSION, DOMAIN_ID, PARENT_ID, LINE_NO, FIELD_ID, TRACKING_LEVEL, PATH_RENDERER_CLASS, DETAIL_RENDERER_CLASS)
VALUES ('d9ad00887a1847979f3043dff024b660', 0, 1, '/', '848a0416952d444ab73d0f84e46d939d', '48', 'custNumber6', 1, 'PathRenderer', 'DetailRenderer');
INSERT INTO CNT_HISTORY_DEF_ITEM
 (ID, REVISION, ENTITY_VERSION, DOMAIN_ID, PARENT_ID, LINE_NO, FIELD_ID, TRACKING_LEVEL, PATH_RENDERER_CLASS, DETAIL_RENDERER_CLASS)
VALUES ('fd3af18a87814344a44897628aba27d5', 0, 1, '/', '848a0416952d444ab73d0f84e46d939d', '49', 'custNumber7', 1, 'PathRenderer', 'DetailRenderer');
INSERT INTO CNT_HISTORY_DEF_ITEM
 (ID, REVISION, ENTITY_VERSION, DOMAIN_ID, PARENT_ID, LINE_NO, FIELD_ID, TRACKING_LEVEL, PATH_RENDERER_CLASS, DETAIL_RENDERER_CLASS)
VALUES ('725e5cc8138f43e7bbc11654c4ba6453', 0, 1, '/', '848a0416952d444ab73d0f84e46d939d', '50', 'custDecimal1', 1, 'PathRenderer', 'DetailRenderer');
INSERT INTO CNT_HISTORY_DEF_ITEM
 (ID, REVISION, ENTITY_VERSION, DOMAIN_ID, PARENT_ID, LINE_NO, FIELD_ID, TRACKING_LEVEL, PATH_RENDERER_CLASS, DETAIL_RENDERER_CLASS)
VALUES ('5f9828dee3274a9baf1645807a489a99', 0, 1, '/', '848a0416952d444ab73d0f84e46d939d', '51', 'custDecimal2', 1, 'PathRenderer', 'DetailRenderer');
INSERT INTO CNT_HISTORY_DEF_ITEM
 (ID, REVISION, ENTITY_VERSION, DOMAIN_ID, PARENT_ID, LINE_NO, FIELD_ID, TRACKING_LEVEL, PATH_RENDERER_CLASS, DETAIL_RENDERER_CLASS)
VALUES ('811063ac215b4da3bfee3001a7503d9b', 0, 1, '/', '848a0416952d444ab73d0f84e46d939d', '52', 'custDecimal3', 1, 'PathRenderer', 'DetailRenderer');
INSERT INTO CNT_HISTORY_DEF_ITEM
 (ID, REVISION, ENTITY_VERSION, DOMAIN_ID, PARENT_ID, LINE_NO, FIELD_ID, TRACKING_LEVEL, PATH_RENDERER_CLASS, DETAIL_RENDERER_CLASS)
VALUES ('a101c111fa15400890fb941e1c6e26c7', 0, 1, '/', '848a0416952d444ab73d0f84e46d939d', '53', 'custDecimal4', 1, 'PathRenderer', 'DetailRenderer');
INSERT INTO CNT_HISTORY_DEF_ITEM
 (ID, REVISION, ENTITY_VERSION, DOMAIN_ID, PARENT_ID, LINE_NO, FIELD_ID, TRACKING_LEVEL, PATH_RENDERER_CLASS, DETAIL_RENDERER_CLASS)
VALUES ('cbbdc3f3deb9453e88cb2f390d182874', 0, 1, '/', '848a0416952d444ab73d0f84e46d939d', '54', 'custDecimal5', 1, 'PathRenderer', 'DetailRenderer');
INSERT INTO CNT_HISTORY_DEF_ITEM
 (ID, REVISION, ENTITY_VERSION, DOMAIN_ID, PARENT_ID, LINE_NO, FIELD_ID, TRACKING_LEVEL, PATH_RENDERER_CLASS, DETAIL_RENDERER_CLASS)
VALUES ('e9cc16c3b1854ca3963f179a118c12e5', 0, 1, '/', '848a0416952d444ab73d0f84e46d939d', '55', 'custDecimal6', 1, 'PathRenderer', 'DetailRenderer');
INSERT INTO CNT_HISTORY_DEF_ITEM
 (ID, REVISION, ENTITY_VERSION, DOMAIN_ID, PARENT_ID, LINE_NO, FIELD_ID, TRACKING_LEVEL, PATH_RENDERER_CLASS, DETAIL_RENDERER_CLASS)
VALUES ('762beaf4585a4006a8870452dd2dba8a', 0, 1, '/', '848a0416952d444ab73d0f84e46d939d', '56', 'custDecimal7', 1, 'PathRenderer', 'DetailRenderer');
INSERT INTO CNT_HISTORY_DEF_ITEM
 (ID, REVISION, ENTITY_VERSION, DOMAIN_ID, PARENT_ID, LINE_NO, FIELD_ID, TRACKING_LEVEL, PATH_RENDERER_CLASS, DETAIL_RENDERER_CLASS)
VALUES ('fdd8a81081574c26a0885282428d0bdf', 0, 1, '/', '848a0416952d444ab73d0f84e46d939d', '57', 'custCodelist1', 1, 'PathRenderer', 'DetailRenderer');
INSERT INTO CNT_HISTORY_DEF_ITEM
 (ID, REVISION, ENTITY_VERSION, DOMAIN_ID, PARENT_ID, LINE_NO, FIELD_ID, TRACKING_LEVEL, PATH_RENDERER_CLASS, DETAIL_RENDERER_CLASS)
VALUES ('3d24afd306f346f49b4210b1824c8780', 0, 1, '/', '848a0416952d444ab73d0f84e46d939d', '58', 'custCodelist2', 1, 'PathRenderer', 'DetailRenderer');
INSERT INTO CNT_HISTORY_DEF_ITEM
 (ID, REVISION, ENTITY_VERSION, DOMAIN_ID, PARENT_ID, LINE_NO, FIELD_ID, TRACKING_LEVEL, PATH_RENDERER_CLASS, DETAIL_RENDERER_CLASS)
VALUES ('10faa1aa82594d5494ecec5097dad542', 0, 1, '/', '848a0416952d444ab73d0f84e46d939d', '59', 'custCodelist3', 1, 'PathRenderer', 'DetailRenderer');
INSERT INTO CNT_HISTORY_DEF_ITEM
 (ID, REVISION, ENTITY_VERSION, DOMAIN_ID, PARENT_ID, LINE_NO, FIELD_ID, TRACKING_LEVEL, PATH_RENDERER_CLASS, DETAIL_RENDERER_CLASS)
VALUES ('53e5e4250353492f91fa800924809246', 0, 1, '/', '848a0416952d444ab73d0f84e46d939d', '60', 'custCodelist4', 1, 'PathRenderer', 'DetailRenderer');
INSERT INTO CNT_HISTORY_DEF_ITEM
 (ID, REVISION, ENTITY_VERSION, DOMAIN_ID, PARENT_ID, LINE_NO, FIELD_ID, TRACKING_LEVEL, PATH_RENDERER_CLASS, DETAIL_RENDERER_CLASS)
VALUES ('856168218c6b4547a0ee2b76d1457eb0', 0, 1, '/', '848a0416952d444ab73d0f84e46d939d', '61', 'custCodelist5', 1, 'PathRenderer', 'DetailRenderer');
INSERT INTO CNT_HISTORY_DEF_ITEM
 (ID, REVISION, ENTITY_VERSION, DOMAIN_ID, PARENT_ID, LINE_NO, FIELD_ID, TRACKING_LEVEL, PATH_RENDERER_CLASS, DETAIL_RENDERER_CLASS)
VALUES ('e62b1f568bce4466b95490ba2107e305', 0, 1, '/', '848a0416952d444ab73d0f84e46d939d', '62', 'custCodelist6', 1, 'PathRenderer', 'DetailRenderer');
INSERT INTO CNT_HISTORY_DEF_ITEM
 (ID, REVISION, ENTITY_VERSION, DOMAIN_ID, PARENT_ID, LINE_NO, FIELD_ID, TRACKING_LEVEL, PATH_RENDERER_CLASS, DETAIL_RENDERER_CLASS)
VALUES ('90ca659ab5a842afa5e390eb4ce0016d', 0, 1, '/', '848a0416952d444ab73d0f84e46d939d', '63', 'custCodelist7', 1, 'PathRenderer', 'DetailRenderer');
INSERT INTO CNT_HISTORY_DEF_ITEM
 (ID, REVISION, ENTITY_VERSION, DOMAIN_ID, PARENT_ID, LINE_NO, FIELD_ID, TRACKING_LEVEL, PATH_RENDERER_CLASS, DETAIL_RENDERER_CLASS)
VALUES ('b6554fb47ac047338da72907333209c6', 0, 1, '/', '848a0416952d444ab73d0f84e46d939d', '64', 'custMemoText1', 1, 'PathRenderer', 'DetailRenderer');
INSERT INTO CNT_HISTORY_DEF_ITEM
 (ID, REVISION, ENTITY_VERSION, DOMAIN_ID, PARENT_ID, LINE_NO, FIELD_ID, TRACKING_LEVEL, PATH_RENDERER_CLASS, DETAIL_RENDERER_CLASS)
VALUES ('2f2e5e60d9b14a8489e7a560fba50a3d', 0, 1, '/', '848a0416952d444ab73d0f84e46d939d', '65', 'custMemoText2', 1, 'PathRenderer', 'DetailRenderer');
INSERT INTO CNT_HISTORY_DEF_ITEM
 (ID, REVISION, ENTITY_VERSION, DOMAIN_ID, PARENT_ID, LINE_NO, FIELD_ID, TRACKING_LEVEL, PATH_RENDERER_CLASS, DETAIL_RENDERER_CLASS)
VALUES ('4fbd8553695d402b859e18f9be61e265', 0, 1, '/', '848a0416952d444ab73d0f84e46d939d', '66', 'custMemoText3', 1, 'PathRenderer', 'DetailRenderer');
INSERT INTO CNT_HISTORY_DEF_ITEM
 (ID, REVISION, ENTITY_VERSION, DOMAIN_ID, PARENT_ID, LINE_NO, FIELD_ID, TRACKING_LEVEL, PATH_RENDERER_CLASS, DETAIL_RENDERER_CLASS)
VALUES ('0d132c2d200a4fd98a97d56d7eea463a', 0, 1, '/', '848a0416952d444ab73d0f84e46d939d', '67', 'custMemoText4', 1, 'PathRenderer', 'DetailRenderer');
INSERT INTO CNT_HISTORY_DEF_ITEM
 (ID, REVISION, ENTITY_VERSION, DOMAIN_ID, PARENT_ID, LINE_NO, FIELD_ID, TRACKING_LEVEL, PATH_RENDERER_CLASS, DETAIL_RENDERER_CLASS)
VALUES ('9c2761bceb004d67875e9170f4080782', 0, 1, '/', '848a0416952d444ab73d0f84e46d939d', '68', 'custMemoText5', 1, 'PathRenderer', 'DetailRenderer');
INSERT INTO CNT_HISTORY_DEF_ITEM
 (ID, REVISION, ENTITY_VERSION, DOMAIN_ID, PARENT_ID, LINE_NO, FIELD_ID, TRACKING_LEVEL, PATH_RENDERER_CLASS, DETAIL_RENDERER_CLASS)
VALUES ('be92207398c9486199615fe351e0c0c4', 0, 1, '/', '848a0416952d444ab73d0f84e46d939d', '69', 'custMemoText6', 1, 'PathRenderer', 'DetailRenderer');
INSERT INTO CNT_HISTORY_DEF_ITEM
 (ID, REVISION, ENTITY_VERSION, DOMAIN_ID, PARENT_ID, LINE_NO, FIELD_ID, TRACKING_LEVEL, PATH_RENDERER_CLASS, DETAIL_RENDERER_CLASS)
VALUES ('e1a6b763a1cf444c8f73f8c54aeb8baa', 0, 1, '/', '848a0416952d444ab73d0f84e46d939d', '70', 'custMemoText7', 1, 'PathRenderer', 'DetailRenderer');
INSERT INTO CNT_HISTORY_DEF_ITEM
 (ID, REVISION, ENTITY_VERSION, DOMAIN_ID, PARENT_ID, LINE_NO, FIELD_ID, TRACKING_LEVEL, PATH_RENDERER_CLASS, DETAIL_RENDERER_CLASS)
VALUES ('f9778ae5cf0b40a981228eb21624df40', 0, 1, '/', '848a0416952d444ab73d0f84e46d939d', '71', 'custHcl1', 1, 'PathRenderer', 'DetailRenderer');
INSERT INTO CNT_HISTORY_DEF_ITEM
 (ID, REVISION, ENTITY_VERSION, DOMAIN_ID, PARENT_ID, LINE_NO, FIELD_ID, TRACKING_LEVEL, PATH_RENDERER_CLASS, DETAIL_RENDERER_CLASS)
VALUES ('a921d8f410d7499ebaaac55b8cd1177f', 0, 1, '/', '848a0416952d444ab73d0f84e46d939d', '72', 'custHcl2', 1, 'PathRenderer', 'DetailRenderer');
INSERT INTO CNT_HISTORY_DEF_ITEM
 (ID, REVISION, ENTITY_VERSION, DOMAIN_ID, PARENT_ID, LINE_NO, FIELD_ID, TRACKING_LEVEL, PATH_RENDERER_CLASS, DETAIL_RENDERER_CLASS)
VALUES ('69d8cf6177854f36b2e2279527de3a38', 0, 1, '/', '848a0416952d444ab73d0f84e46d939d', '73', 'custHcl3', 1, 'PathRenderer', 'DetailRenderer');
INSERT INTO CNT_HISTORY_DEF_ITEM
 (ID, REVISION, ENTITY_VERSION, DOMAIN_ID, PARENT_ID, LINE_NO, FIELD_ID, TRACKING_LEVEL, PATH_RENDERER_CLASS, DETAIL_RENDERER_CLASS)
VALUES ('6baaa72a49ac4c3291459baf0bf5e47a', 0, 1, '/', '848a0416952d444ab73d0f84e46d939d', '74', 'custHcl4', 1, 'PathRenderer', 'DetailRenderer');
INSERT INTO CNT_HISTORY_DEF_ITEM
 (ID, REVISION, ENTITY_VERSION, DOMAIN_ID, PARENT_ID, LINE_NO, FIELD_ID, TRACKING_LEVEL, PATH_RENDERER_CLASS, DETAIL_RENDERER_CLASS)
VALUES ('400c265e49df40fd96fc44f1d5064167', 0, 1, '/', '848a0416952d444ab73d0f84e46d939d', '75', 'custHcl5', 1, 'PathRenderer', 'DetailRenderer');
INSERT INTO CNT_HISTORY_DEF_ITEM
 (ID, REVISION, ENTITY_VERSION, DOMAIN_ID, PARENT_ID, LINE_NO, FIELD_ID, TRACKING_LEVEL, PATH_RENDERER_CLASS, DETAIL_RENDERER_CLASS)
VALUES ('b9738675ac2e42f3bda77c2a07690b9b', 0, 1, '/', '848a0416952d444ab73d0f84e46d939d', '76', 'itemImageRef', 0, 'PathRenderer', 'DetailRenderer');
INSERT INTO CNT_HISTORY_DEF_ITEM
 (ID, REVISION, ENTITY_VERSION, DOMAIN_ID, PARENT_ID, LINE_NO, FIELD_ID, TRACKING_LEVEL, PATH_RENDERER_CLASS, DETAIL_RENDERER_CLASS)
VALUES ('554fc385170c456f985f6b89d8c9fd78', 0, 1, '/', '848a0416952d444ab73d0f84e46d939d', '77', 'itemImageVer', 0, 'PathRenderer', 'DetailRenderer');
INSERT INTO CNT_HISTORY_DEF_ITEM
 (ID, REVISION, ENTITY_VERSION, DOMAIN_ID, PARENT_ID, LINE_NO, FIELD_ID, TRACKING_LEVEL, PATH_RENDERER_CLASS, DETAIL_RENDERER_CLASS)
VALUES ('2a5d45ad4893447fa03fa7b669fe680a', 0, 1, '/', '848a0416952d444ab73d0f84e46d939d', '78', 'itemImageRef2', 0, 'PathRenderer', 'DetailRenderer');
INSERT INTO CNT_HISTORY_DEF_ITEM
 (ID, REVISION, ENTITY_VERSION, DOMAIN_ID, PARENT_ID, LINE_NO, FIELD_ID, TRACKING_LEVEL, PATH_RENDERER_CLASS, DETAIL_RENDERER_CLASS)
VALUES ('204fdb27063e4af684f9ff3be8bc0c91', 0, 1, '/', '848a0416952d444ab73d0f84e46d939d', '79', 'custCodelist1Name', 0, 'PathRenderer', 'DetailRenderer');
INSERT INTO CNT_HISTORY_DEF_ITEM
 (ID, REVISION, ENTITY_VERSION, DOMAIN_ID, PARENT_ID, LINE_NO, FIELD_ID, TRACKING_LEVEL, PATH_RENDERER_CLASS, DETAIL_RENDERER_CLASS)
VALUES ('be7165da5c3140e88c607f4a481be73a', 0, 1, '/', '848a0416952d444ab73d0f84e46d939d', '80', 'custCodelist2Name', 0, 'PathRenderer', 'DetailRenderer');
INSERT INTO CNT_HISTORY_DEF_ITEM
 (ID, REVISION, ENTITY_VERSION, DOMAIN_ID, PARENT_ID, LINE_NO, FIELD_ID, TRACKING_LEVEL, PATH_RENDERER_CLASS, DETAIL_RENDERER_CLASS)
VALUES ('75f0e1b4c8274522aec0a27c0bae35aa', 0, 1, '/', '848a0416952d444ab73d0f84e46d939d', '81', 'custCodelist3Name', 0, 'PathRenderer', 'DetailRenderer');
INSERT INTO CNT_HISTORY_DEF_ITEM
 (ID, REVISION, ENTITY_VERSION, DOMAIN_ID, PARENT_ID, LINE_NO, FIELD_ID, TRACKING_LEVEL, PATH_RENDERER_CLASS, DETAIL_RENDERER_CLASS)
VALUES ('480ad3537f7542d48630591ff2713f4e', 0, 1, '/', '848a0416952d444ab73d0f84e46d939d', '82', 'custCodelist4Name', 0, 'PathRenderer', 'DetailRenderer');
INSERT INTO CNT_HISTORY_DEF_ITEM
 (ID, REVISION, ENTITY_VERSION, DOMAIN_ID, PARENT_ID, LINE_NO, FIELD_ID, TRACKING_LEVEL, PATH_RENDERER_CLASS, DETAIL_RENDERER_CLASS)
VALUES ('96ebf90794df40488e77d7e966d1dea0', 0, 1, '/', '848a0416952d444ab73d0f84e46d939d', '83', 'custCodelist5Name', 0, 'PathRenderer', 'DetailRenderer');
INSERT INTO CNT_HISTORY_DEF_ITEM
 (ID, REVISION, ENTITY_VERSION, DOMAIN_ID, PARENT_ID, LINE_NO, FIELD_ID, TRACKING_LEVEL, PATH_RENDERER_CLASS, DETAIL_RENDERER_CLASS)
VALUES ('484992032cd64f9da3d5d477863735ee', 0, 1, '/', '848a0416952d444ab73d0f84e46d939d', '84', 'custCodelist6Name', 0, 'PathRenderer', 'DetailRenderer');
INSERT INTO CNT_HISTORY_DEF_ITEM
 (ID, REVISION, ENTITY_VERSION, DOMAIN_ID, PARENT_ID, LINE_NO, FIELD_ID, TRACKING_LEVEL, PATH_RENDERER_CLASS, DETAIL_RENDERER_CLASS)
VALUES ('cd1d72ba35da4becac4c931946308949', 0, 1, '/', '848a0416952d444ab73d0f84e46d939d', '85', 'custCodelist7Name', 0, 'PathRenderer', 'DetailRenderer');
INSERT INTO CNT_HISTORY_DEF_ITEM
 (ID, REVISION, ENTITY_VERSION, DOMAIN_ID, PARENT_ID, LINE_NO, FIELD_ID, TRACKING_LEVEL, PATH_RENDERER_CLASS, DETAIL_RENDERER_CLASS)
VALUES ('0a4f02f24a8a4a3bb3a0401a09174ce2', 0, 1, '/', '848a0416952d444ab73d0f84e46d939d', '86', 'custHcl1Ref', 0, 'PathRenderer', 'DetailRenderer');
INSERT INTO CNT_HISTORY_DEF_ITEM
 (ID, REVISION, ENTITY_VERSION, DOMAIN_ID, PARENT_ID, LINE_NO, FIELD_ID, TRACKING_LEVEL, PATH_RENDERER_CLASS, DETAIL_RENDERER_CLASS)
VALUES ('0202f6ab78b3401abaa37b2f9b815289', 0, 1, '/', '848a0416952d444ab73d0f84e46d939d', '87', 'custHcl1Ver', 0, 'PathRenderer', 'DetailRenderer');
INSERT INTO CNT_HISTORY_DEF_ITEM
 (ID, REVISION, ENTITY_VERSION, DOMAIN_ID, PARENT_ID, LINE_NO, FIELD_ID, TRACKING_LEVEL, PATH_RENDERER_CLASS, DETAIL_RENDERER_CLASS)
VALUES ('83a95a1d44ba484d9652ddcbb115a13e', 0, 1, '/', '848a0416952d444ab73d0f84e46d939d', '88', 'custHcl1Ref2', 0, 'PathRenderer', 'DetailRenderer');
INSERT INTO CNT_HISTORY_DEF_ITEM
 (ID, REVISION, ENTITY_VERSION, DOMAIN_ID, PARENT_ID, LINE_NO, FIELD_ID, TRACKING_LEVEL, PATH_RENDERER_CLASS, DETAIL_RENDERER_CLASS)
VALUES ('b03501f5f8734bcf985c5d4bd123ba0f', 0, 1, '/', '848a0416952d444ab73d0f84e46d939d', '89', 'custHcl1FullLineage', 0, 'PathRenderer', 'DetailRenderer');
INSERT INTO CNT_HISTORY_DEF_ITEM
 (ID, REVISION, ENTITY_VERSION, DOMAIN_ID, PARENT_ID, LINE_NO, FIELD_ID, TRACKING_LEVEL, PATH_RENDERER_CLASS, DETAIL_RENDERER_CLASS)
VALUES ('9445511319c647289263ad97c7bb45ab', 0, 1, '/', '848a0416952d444ab73d0f84e46d939d', '90', 'custHcl2Ref', 0, 'PathRenderer', 'DetailRenderer');
INSERT INTO CNT_HISTORY_DEF_ITEM
 (ID, REVISION, ENTITY_VERSION, DOMAIN_ID, PARENT_ID, LINE_NO, FIELD_ID, TRACKING_LEVEL, PATH_RENDERER_CLASS, DETAIL_RENDERER_CLASS)
VALUES ('beeebab36ee54b42bf938097b420637b', 0, 1, '/', '848a0416952d444ab73d0f84e46d939d', '91', 'custHcl2Ver', 0, 'PathRenderer', 'DetailRenderer');
INSERT INTO CNT_HISTORY_DEF_ITEM
 (ID, REVISION, ENTITY_VERSION, DOMAIN_ID, PARENT_ID, LINE_NO, FIELD_ID, TRACKING_LEVEL, PATH_RENDERER_CLASS, DETAIL_RENDERER_CLASS)
VALUES ('f46009225df147228e1e68e5dad6a776', 0, 1, '/', '848a0416952d444ab73d0f84e46d939d', '92', 'custHcl2Ref2', 0, 'PathRenderer', 'DetailRenderer');
INSERT INTO CNT_HISTORY_DEF_ITEM
 (ID, REVISION, ENTITY_VERSION, DOMAIN_ID, PARENT_ID, LINE_NO, FIELD_ID, TRACKING_LEVEL, PATH_RENDERER_CLASS, DETAIL_RENDERER_CLASS)
VALUES ('3cea09c87c3d4b5dbe36a01303719066', 0, 1, '/', '848a0416952d444ab73d0f84e46d939d', '93', 'custHcl2FullLineage', 0, 'PathRenderer', 'DetailRenderer');
INSERT INTO CNT_HISTORY_DEF_ITEM
 (ID, REVISION, ENTITY_VERSION, DOMAIN_ID, PARENT_ID, LINE_NO, FIELD_ID, TRACKING_LEVEL, PATH_RENDERER_CLASS, DETAIL_RENDERER_CLASS)
VALUES ('a22b39ea9a964ba6b01853eb28293efd', 0, 1, '/', '848a0416952d444ab73d0f84e46d939d', '94', 'custHcl3Ref', 0, 'PathRenderer', 'DetailRenderer');
INSERT INTO CNT_HISTORY_DEF_ITEM
 (ID, REVISION, ENTITY_VERSION, DOMAIN_ID, PARENT_ID, LINE_NO, FIELD_ID, TRACKING_LEVEL, PATH_RENDERER_CLASS, DETAIL_RENDERER_CLASS)
VALUES ('2117bba073fd48e58561624c3d479f2c', 0, 1, '/', '848a0416952d444ab73d0f84e46d939d', '95', 'custHcl3Ver', 0, 'PathRenderer', 'DetailRenderer');
INSERT INTO CNT_HISTORY_DEF_ITEM
 (ID, REVISION, ENTITY_VERSION, DOMAIN_ID, PARENT_ID, LINE_NO, FIELD_ID, TRACKING_LEVEL, PATH_RENDERER_CLASS, DETAIL_RENDERER_CLASS)
VALUES ('c3a385dce32046e4a10cd834c7d3e1e5', 0, 1, '/', '848a0416952d444ab73d0f84e46d939d', '96', 'custHcl3Ref2', 0, 'PathRenderer', 'DetailRenderer');
INSERT INTO CNT_HISTORY_DEF_ITEM
 (ID, REVISION, ENTITY_VERSION, DOMAIN_ID, PARENT_ID, LINE_NO, FIELD_ID, TRACKING_LEVEL, PATH_RENDERER_CLASS, DETAIL_RENDERER_CLASS)
VALUES ('11805350c6e2476aba201125427d3c38', 0, 1, '/', '848a0416952d444ab73d0f84e46d939d', '97', 'custHcl3FullLineage', 0, 'PathRenderer', 'DetailRenderer');
INSERT INTO CNT_HISTORY_DEF_ITEM
 (ID, REVISION, ENTITY_VERSION, DOMAIN_ID, PARENT_ID, LINE_NO, FIELD_ID, TRACKING_LEVEL, PATH_RENDERER_CLASS, DETAIL_RENDERER_CLASS)
VALUES ('76c26e97b4d846a3b117220a9b88aaef', 0, 1, '/', '848a0416952d444ab73d0f84e46d939d', '98', 'custHcl4Ref', 0, 'PathRenderer', 'DetailRenderer');
INSERT INTO CNT_HISTORY_DEF_ITEM
 (ID, REVISION, ENTITY_VERSION, DOMAIN_ID, PARENT_ID, LINE_NO, FIELD_ID, TRACKING_LEVEL, PATH_RENDERER_CLASS, DETAIL_RENDERER_CLASS)
VALUES ('6e8bc646b2254587b003a42096b0fd49', 0, 1, '/', '848a0416952d444ab73d0f84e46d939d', '99', 'custHcl4Ver', 0, 'PathRenderer', 'DetailRenderer');
INSERT INTO CNT_HISTORY_DEF_ITEM
 (ID, REVISION, ENTITY_VERSION, DOMAIN_ID, PARENT_ID, LINE_NO, FIELD_ID, TRACKING_LEVEL, PATH_RENDERER_CLASS, DETAIL_RENDERER_CLASS)
VALUES ('92b434b52cc14c74b21988b7f7382dc5', 0, 1, '/', '848a0416952d444ab73d0f84e46d939d', '100', 'custHcl4Ref2', 0, 'PathRenderer', 'DetailRenderer');
INSERT INTO CNT_HISTORY_DEF_ITEM
 (ID, REVISION, ENTITY_VERSION, DOMAIN_ID, PARENT_ID, LINE_NO, FIELD_ID, TRACKING_LEVEL, PATH_RENDERER_CLASS, DETAIL_RENDERER_CLASS)
VALUES ('a74c9b55e4ec487e9104f06ef2e8fe9b', 0, 1, '/', '848a0416952d444ab73d0f84e46d939d', '101', 'custHcl4FullLineage', 0, 'PathRenderer', 'DetailRenderer');
INSERT INTO CNT_HISTORY_DEF_ITEM
 (ID, REVISION, ENTITY_VERSION, DOMAIN_ID, PARENT_ID, LINE_NO, FIELD_ID, TRACKING_LEVEL, PATH_RENDERER_CLASS, DETAIL_RENDERER_CLASS)
VALUES ('720913dbf3ef40c385bf241397e5a52f', 0, 1, '/', '848a0416952d444ab73d0f84e46d939d', '102', 'custHcl5Ref', 0, 'PathRenderer', 'DetailRenderer');
INSERT INTO CNT_HISTORY_DEF_ITEM
 (ID, REVISION, ENTITY_VERSION, DOMAIN_ID, PARENT_ID, LINE_NO, FIELD_ID, TRACKING_LEVEL, PATH_RENDERER_CLASS, DETAIL_RENDERER_CLASS)
VALUES ('b8b0c40d20054534b000c2557c280b12', 0, 1, '/', '848a0416952d444ab73d0f84e46d939d', '103', 'custHcl5Ver', 0, 'PathRenderer', 'DetailRenderer');
INSERT INTO CNT_HISTORY_DEF_ITEM
 (ID, REVISION, ENTITY_VERSION, DOMAIN_ID, PARENT_ID, LINE_NO, FIELD_ID, TRACKING_LEVEL, PATH_RENDERER_CLASS, DETAIL_RENDERER_CLASS)
VALUES ('6cab230b59b041caaa331c135a53f666', 0, 1, '/', '848a0416952d444ab73d0f84e46d939d', '104', 'custHcl5Ref2', 0, 'PathRenderer', 'DetailRenderer');
INSERT INTO CNT_HISTORY_DEF_ITEM
 (ID, REVISION, ENTITY_VERSION, DOMAIN_ID, PARENT_ID, LINE_NO, FIELD_ID, TRACKING_LEVEL, PATH_RENDERER_CLASS, DETAIL_RENDERER_CLASS)
VALUES ('a3d006a4d8904546a660d97687254eab', 0, 1, '/', '848a0416952d444ab73d0f84e46d939d', '105', 'custHcl5FullLineage', 0, 'PathRenderer', 'DetailRenderer');
INSERT INTO CNT_HISTORY_DEF
 (ID, REVISION, APPLY_ENTITY, ENTITY_VERSION, DOMAIN_ID , GENERATED, CREATE_USER, CREATE_USER_NAME, CREATED_ON)
VALUES ('e3f4969226774fd48954d870d22b96b7', 0, 'Commit', 1, '/', 1, 'system', 'system', systimestamp);
INSERT INTO CNT_HISTORY_DEF_ITEM
 (ID, REVISION, ENTITY_VERSION, DOMAIN_ID, PARENT_ID, LINE_NO, FIELD_ID, TRACKING_LEVEL, PATH_RENDERER_CLASS, DETAIL_RENDERER_CLASS)
VALUES ('5381ef9b297a41d88084004984d4d8a0', 0, 1, '/', 'e3f4969226774fd48954d870d22b96b7', '0', 'id', 1, 'PathRenderer', 'DetailRenderer');
INSERT INTO CNT_HISTORY_DEF_ITEM
 (ID, REVISION, ENTITY_VERSION, DOMAIN_ID, PARENT_ID, LINE_NO, FIELD_ID, TRACKING_LEVEL, PATH_RENDERER_CLASS, DETAIL_RENDERER_CLASS)
VALUES ('cb42307367f749e39c3240e25fac7599', 0, 1, '/', 'e3f4969226774fd48954d870d22b96b7', '1', 'revision', 1, 'PathRenderer', 'DetailRenderer');
INSERT INTO CNT_HISTORY_DEF_ITEM
 (ID, REVISION, ENTITY_VERSION, DOMAIN_ID, PARENT_ID, LINE_NO, FIELD_ID, TRACKING_LEVEL, PATH_RENDERER_CLASS, DETAIL_RENDERER_CLASS)
VALUES ('f8b6605cb8314ced99076201132c9553', 0, 1, '/', 'e3f4969226774fd48954d870d22b96b7', '2', 'entityVersion', 1, 'PathRenderer', 'DetailRenderer');
INSERT INTO CNT_HISTORY_DEF_ITEM
 (ID, REVISION, ENTITY_VERSION, DOMAIN_ID, PARENT_ID, LINE_NO, FIELD_ID, TRACKING_LEVEL, PATH_RENDERER_CLASS, DETAIL_RENDERER_CLASS)
VALUES ('7b9069db5fa946fd9b1513f65b71a4b4', 0, 1, '/', 'e3f4969226774fd48954d870d22b96b7', '3', 'domainId', 1, 'PathRenderer', 'DetailRenderer');
INSERT INTO CNT_HISTORY_DEF_ITEM
 (ID, REVISION, ENTITY_VERSION, DOMAIN_ID, PARENT_ID, LINE_NO, FIELD_ID, TRACKING_LEVEL, PATH_RENDERER_CLASS, DETAIL_RENDERER_CLASS)
VALUES ('b551fe0e7c0c45599fd4044bbbe55796', 0, 1, '/', 'e3f4969226774fd48954d870d22b96b7', '4', 'hubDomainId', 1, 'PathRenderer', 'DetailRenderer');
INSERT INTO CNT_HISTORY_DEF_ITEM
 (ID, REVISION, ENTITY_VERSION, DOMAIN_ID, PARENT_ID, LINE_NO, FIELD_ID, TRACKING_LEVEL, PATH_RENDERER_CLASS, DETAIL_RENDERER_CLASS)
VALUES ('c600e99ad2c64e54b5b7b365edd4a417', 0, 1, '/', 'e3f4969226774fd48954d870d22b96b7', '5', 'isForReference', 1, 'PathRenderer', 'DetailRenderer');
INSERT INTO CNT_HISTORY_DEF_ITEM
 (ID, REVISION, ENTITY_VERSION, DOMAIN_ID, PARENT_ID, LINE_NO, FIELD_ID, TRACKING_LEVEL, PATH_RENDERER_CLASS, DETAIL_RENDERER_CLASS)
VALUES ('1ef4f8d48f4c4442944801f612a09d2c', 0, 1, '/', 'e3f4969226774fd48954d870d22b96b7', '6', 'version', 1, 'PathRenderer', 'DetailRenderer');
INSERT INTO CNT_HISTORY_DEF_ITEM
 (ID, REVISION, ENTITY_VERSION, DOMAIN_ID, PARENT_ID, LINE_NO, FIELD_ID, TRACKING_LEVEL, PATH_RENDERER_CLASS, DETAIL_RENDERER_CLASS)
VALUES ('a63491c4019e43a3aa0c9ea4db869c85', 0, 1, '/', 'e3f4969226774fd48954d870d22b96b7', '7', 'status', 1, 'PathRenderer', 'DetailRenderer');
INSERT INTO CNT_HISTORY_DEF_ITEM
 (ID, REVISION, ENTITY_VERSION, DOMAIN_ID, PARENT_ID, LINE_NO, FIELD_ID, TRACKING_LEVEL, PATH_RENDERER_CLASS, DETAIL_RENDERER_CLASS)
VALUES ('9ee10859213e4b679ed226f434421048', 0, 1, '/', 'e3f4969226774fd48954d870d22b96b7', '8', 'docStatus', 1, 'PathRenderer', 'DetailRenderer');
INSERT INTO CNT_HISTORY_DEF_ITEM
 (ID, REVISION, ENTITY_VERSION, DOMAIN_ID, PARENT_ID, LINE_NO, FIELD_ID, TRACKING_LEVEL, PATH_RENDERER_CLASS, DETAIL_RENDERER_CLASS)
VALUES ('bdb1f3d6afe94e5d8f8302dd8df32a45', 0, 1, '/', 'e3f4969226774fd48954d870d22b96b7', '9', 'editingStatus', 1, 'PathRenderer', 'DetailRenderer');
INSERT INTO CNT_HISTORY_DEF_ITEM
 (ID, REVISION, ENTITY_VERSION, DOMAIN_ID, PARENT_ID, LINE_NO, FIELD_ID, TRACKING_LEVEL, PATH_RENDERER_CLASS, DETAIL_RENDERER_CLASS)
VALUES ('c9391a6e7acc4af3a25d61a7aa131aa4', 0, 1, '/', 'e3f4969226774fd48954d870d22b96b7', '10', 'createUser', 1, 'PathRenderer', 'DetailRenderer');
INSERT INTO CNT_HISTORY_DEF_ITEM
 (ID, REVISION, ENTITY_VERSION, DOMAIN_ID, PARENT_ID, LINE_NO, FIELD_ID, TRACKING_LEVEL, PATH_RENDERER_CLASS, DETAIL_RENDERER_CLASS)
VALUES ('8f788ddd0cf546ca8188ff0411fbb45a', 0, 1, '/', 'e3f4969226774fd48954d870d22b96b7', '11', 'createUserName', 1, 'PathRenderer', 'DetailRenderer');
INSERT INTO CNT_HISTORY_DEF_ITEM
 (ID, REVISION, ENTITY_VERSION, DOMAIN_ID, PARENT_ID, LINE_NO, FIELD_ID, TRACKING_LEVEL, PATH_RENDERER_CLASS, DETAIL_RENDERER_CLASS)
VALUES ('7041c857e5ba43ad85c1a25b20a19f51', 0, 1, '/', 'e3f4969226774fd48954d870d22b96b7', '12', 'updateUser', 1, 'PathRenderer', 'DetailRenderer');
INSERT INTO CNT_HISTORY_DEF_ITEM
 (ID, REVISION, ENTITY_VERSION, DOMAIN_ID, PARENT_ID, LINE_NO, FIELD_ID, TRACKING_LEVEL, PATH_RENDERER_CLASS, DETAIL_RENDERER_CLASS)
VALUES ('b39442dbff7f4c078d3022c61278441b', 0, 1, '/', 'e3f4969226774fd48954d870d22b96b7', '13', 'updateUserName', 1, 'PathRenderer', 'DetailRenderer');
INSERT INTO CNT_HISTORY_DEF_ITEM
 (ID, REVISION, ENTITY_VERSION, DOMAIN_ID, PARENT_ID, LINE_NO, FIELD_ID, TRACKING_LEVEL, PATH_RENDERER_CLASS, DETAIL_RENDERER_CLASS)
VALUES ('aa5d9dddb075499f8606d91e5351ce56', 0, 1, '/', 'e3f4969226774fd48954d870d22b96b7', '14', 'createdOn', 1, 'PathRenderer', 'DetailRenderer');
INSERT INTO CNT_HISTORY_DEF_ITEM
 (ID, REVISION, ENTITY_VERSION, DOMAIN_ID, PARENT_ID, LINE_NO, FIELD_ID, TRACKING_LEVEL, PATH_RENDERER_CLASS, DETAIL_RENDERER_CLASS)
VALUES ('1d024bc87d354b85a8120bb0143eb61a', 0, 1, '/', 'e3f4969226774fd48954d870d22b96b7', '15', 'updatedOn', 1, 'PathRenderer', 'DetailRenderer');
INSERT INTO CNT_HISTORY_DEF_ITEM
 (ID, REVISION, ENTITY_VERSION, DOMAIN_ID, PARENT_ID, LINE_NO, FIELD_ID, TRACKING_LEVEL, PATH_RENDERER_CLASS, DETAIL_RENDERER_CLASS)
VALUES ('03b674e4be884d3b996515afcb9abb9f', 0, 1, '/', 'e3f4969226774fd48954d870d22b96b7', '16', 'integrationSource', 1, 'PathRenderer', 'DetailRenderer');
INSERT INTO CNT_HISTORY_DEF_ITEM
 (ID, REVISION, ENTITY_VERSION, DOMAIN_ID, PARENT_ID, LINE_NO, FIELD_ID, TRACKING_LEVEL, PATH_RENDERER_CLASS, DETAIL_RENDERER_CLASS)
VALUES ('6b056e6fe7ba43b593425e0780e81083', 0, 1, '/', 'e3f4969226774fd48954d870d22b96b7', '17', 'integrationStatus', 1, 'PathRenderer', 'DetailRenderer');
INSERT INTO CNT_HISTORY_DEF_ITEM
 (ID, REVISION, ENTITY_VERSION, DOMAIN_ID, PARENT_ID, LINE_NO, FIELD_ID, TRACKING_LEVEL, PATH_RENDERER_CLASS, DETAIL_RENDERER_CLASS)
VALUES ('a5f430c851ac4db48c65b4019d3ec4d2', 0, 1, '/', 'e3f4969226774fd48954d870d22b96b7', '18', 'integrationNote', 1, 'PathRenderer', 'DetailRenderer');
INSERT INTO CNT_HISTORY_DEF_ITEM
 (ID, REVISION, ENTITY_VERSION, DOMAIN_ID, PARENT_ID, LINE_NO, FIELD_ID, TRACKING_LEVEL, PATH_RENDERER_CLASS, DETAIL_RENDERER_CLASS)
VALUES ('9f885932b4664b3f81fc6a954844d887', 0, 1, '/', 'e3f4969226774fd48954d870d22b96b7', '19', 'isCpmInitialized', 1, 'PathRenderer', 'DetailRenderer');
INSERT INTO CNT_HISTORY_DEF_ITEM
 (ID, REVISION, ENTITY_VERSION, DOMAIN_ID, PARENT_ID, LINE_NO, FIELD_ID, TRACKING_LEVEL, PATH_RENDERER_CLASS, DETAIL_RENDERER_CLASS)
VALUES ('f086066d33d24d7296c468e91c18d45b', 0, 1, '/', 'e3f4969226774fd48954d870d22b96b7', '20', 'isLatest', 1, 'PathRenderer', 'DetailRenderer');
INSERT INTO CNT_HISTORY_DEF_ITEM
 (ID, REVISION, ENTITY_VERSION, DOMAIN_ID, PARENT_ID, LINE_NO, FIELD_ID, TRACKING_LEVEL, PATH_RENDERER_CLASS, DETAIL_RENDERER_CLASS)
VALUES ('8e18ebec93e741a8a72f461016260bd7', 0, 1, '/', 'e3f4969226774fd48954d870d22b96b7', '21', 'commitNo', 1, 'PathRenderer', 'DetailRenderer');
INSERT INTO CNT_HISTORY_DEF_ITEM
 (ID, REVISION, ENTITY_VERSION, DOMAIN_ID, PARENT_ID, LINE_NO, FIELD_ID, TRACKING_LEVEL, PATH_RENDERER_CLASS, DETAIL_RENDERER_CLASS)
VALUES ('8769bc5c317643078b3de9d0c616e572', 0, 1, '/', 'e3f4969226774fd48954d870d22b96b7', '22', 'commitDate', 1, 'PathRenderer', 'DetailRenderer');
INSERT INTO CNT_HISTORY_DEF_ITEM
 (ID, REVISION, ENTITY_VERSION, DOMAIN_ID, PARENT_ID, LINE_NO, FIELD_ID, TRACKING_LEVEL, PATH_RENDERER_CLASS, DETAIL_RENDERER_CLASS)
VALUES ('7f7ebdd4fb0a49c6b034858ee1e5a1cb', 0, 1, '/', 'e3f4969226774fd48954d870d22b96b7', '23', 'remarks', 1, 'PathRenderer', 'DetailRenderer');
INSERT INTO CNT_HISTORY_DEF_ITEM
 (ID, REVISION, ENTITY_VERSION, DOMAIN_ID, PARENT_ID, LINE_NO, FIELD_ID, TRACKING_LEVEL, PATH_RENDERER_CLASS, DETAIL_RENDERER_CLASS)
VALUES ('192b65fe96f6486483c487c76bf1abdd', 0, 1, '/', 'e3f4969226774fd48954d870d22b96b7', '24', 'season', 1, 'PathRenderer', 'DetailRenderer');
INSERT INTO CNT_HISTORY_DEF_ITEM
 (ID, REVISION, ENTITY_VERSION, DOMAIN_ID, PARENT_ID, LINE_NO, FIELD_ID, TRACKING_LEVEL, PATH_RENDERER_CLASS, DETAIL_RENDERER_CLASS)
VALUES ('88986c7d2fd246c7a3c9fe924e9d9296', 0, 1, '/', 'e3f4969226774fd48954d870d22b96b7', '25', 'merchandiseHierarchy', 1, 'PathRenderer', 'DetailRenderer');
INSERT INTO CNT_HISTORY_DEF_ITEM
 (ID, REVISION, ENTITY_VERSION, DOMAIN_ID, PARENT_ID, LINE_NO, FIELD_ID, TRACKING_LEVEL, PATH_RENDERER_CLASS, DETAIL_RENDERER_CLASS)
VALUES ('2455b12cc2e84a21aa2a09eaa97d4b77', 0, 1, '/', 'e3f4969226774fd48954d870d22b96b7', '26', 'projectReference', 1, 'PathRenderer', 'DetailRenderer');
INSERT INTO CNT_HISTORY_DEF_ITEM
 (ID, REVISION, ENTITY_VERSION, DOMAIN_ID, PARENT_ID, LINE_NO, FIELD_ID, TRACKING_LEVEL, PATH_RENDERER_CLASS, DETAIL_RENDERER_CLASS)
VALUES ('f5ae533cb92d4c54aa78472cee9f8088', 0, 1, '/', 'e3f4969226774fd48954d870d22b96b7', '27', 'custId', 1, 'PathRenderer', 'DetailRenderer');
INSERT INTO CNT_HISTORY_DEF_ITEM
 (ID, REVISION, ENTITY_VERSION, DOMAIN_ID, PARENT_ID, LINE_NO, FIELD_ID, TRACKING_LEVEL, PATH_RENDERER_CLASS, DETAIL_RENDERER_CLASS)
VALUES ('2db5939b38dd471798dffd020c25b5b2', 0, 1, '/', 'e3f4969226774fd48954d870d22b96b7', '28', 'custName', 1, 'PathRenderer', 'DetailRenderer');
INSERT INTO CNT_HISTORY_DEF_ITEM
 (ID, REVISION, ENTITY_VERSION, DOMAIN_ID, PARENT_ID, LINE_NO, FIELD_ID, TRACKING_LEVEL, PATH_RENDERER_CLASS, DETAIL_RENDERER_CLASS)
VALUES ('14e5469420ae4bf5bc2045ba98c6d39b', 0, 1, '/', 'e3f4969226774fd48954d870d22b96b7', '29', 'custCode', 1, 'PathRenderer', 'DetailRenderer');
INSERT INTO CNT_HISTORY_DEF_ITEM
 (ID, REVISION, ENTITY_VERSION, DOMAIN_ID, PARENT_ID, LINE_NO, FIELD_ID, TRACKING_LEVEL, PATH_RENDERER_CLASS, DETAIL_RENDERER_CLASS)
VALUES ('908dcd130e67475a8679d50c8c68e7d2', 0, 1, '/', 'e3f4969226774fd48954d870d22b96b7', '30', 'currency', 1, 'PathRenderer', 'DetailRenderer');
INSERT INTO CNT_HISTORY_DEF_ITEM
 (ID, REVISION, ENTITY_VERSION, DOMAIN_ID, PARENT_ID, LINE_NO, FIELD_ID, TRACKING_LEVEL, PATH_RENDERER_CLASS, DETAIL_RENDERER_CLASS)
VALUES ('7be304b59f004bf9b882660d1509d017', 0, 1, '/', 'e3f4969226774fd48954d870d22b96b7', '31', 'totalQty', 1, 'PathRenderer', 'DetailRenderer');
INSERT INTO CNT_HISTORY_DEF_ITEM
 (ID, REVISION, ENTITY_VERSION, DOMAIN_ID, PARENT_ID, LINE_NO, FIELD_ID, TRACKING_LEVEL, PATH_RENDERER_CLASS, DETAIL_RENDERER_CLASS)
VALUES ('fc296e23a2344c8f9fd1eb8d6c182f52', 0, 1, '/', 'e3f4969226774fd48954d870d22b96b7', '32', 'totalAmount', 1, 'PathRenderer', 'DetailRenderer');
INSERT INTO CNT_HISTORY_DEF_ITEM
 (ID, REVISION, ENTITY_VERSION, DOMAIN_ID, PARENT_ID, LINE_NO, FIELD_ID, TRACKING_LEVEL, PATH_RENDERER_CLASS, DETAIL_RENDERER_CLASS)
VALUES ('01998162e66a4b418c5e42530bdb03b8', 0, 1, '/', 'e3f4969226774fd48954d870d22b96b7', '33', 'incoterm', 1, 'PathRenderer', 'DetailRenderer');
INSERT INTO CNT_HISTORY_DEF_ITEM
 (ID, REVISION, ENTITY_VERSION, DOMAIN_ID, PARENT_ID, LINE_NO, FIELD_ID, TRACKING_LEVEL, PATH_RENDERER_CLASS, DETAIL_RENDERER_CLASS)
VALUES ('12c17618528243d6a068bc897fcb4d9f', 0, 1, '/', 'e3f4969226774fd48954d870d22b96b7', '34', 'paymentTerm', 1, 'PathRenderer', 'DetailRenderer');
INSERT INTO CNT_HISTORY_DEF_ITEM
 (ID, REVISION, ENTITY_VERSION, DOMAIN_ID, PARENT_ID, LINE_NO, FIELD_ID, TRACKING_LEVEL, PATH_RENDERER_CLASS, DETAIL_RENDERER_CLASS)
VALUES ('7d8f050289eb4b5cb09737fd2e0dd2b0', 0, 1, '/', 'e3f4969226774fd48954d870d22b96b7', '35', 'otherTerms', 1, 'PathRenderer', 'DetailRenderer');
INSERT INTO CNT_HISTORY_DEF_ITEM
 (ID, REVISION, ENTITY_VERSION, DOMAIN_ID, PARENT_ID, LINE_NO, FIELD_ID, TRACKING_LEVEL, PATH_RENDERER_CLASS, DETAIL_RENDERER_CLASS)
VALUES ('8850d85f0c5042c6aa63ea498468535e', 0, 1, '/', 'e3f4969226774fd48954d870d22b96b7', '36', 'commitItem', 1, 'PathRenderer', 'DetailRenderer');
INSERT INTO CNT_HISTORY_DEF_ITEM
 (ID, REVISION, ENTITY_VERSION, DOMAIN_ID, PARENT_ID, LINE_NO, FIELD_ID, TRACKING_LEVEL, PATH_RENDERER_CLASS, DETAIL_RENDERER_CLASS)
VALUES ('0f31085b43704e128ef82426eed11ba1', 0, 1, '/', 'e3f4969226774fd48954d870d22b96b7', '37', 'commitContact', 1, 'PathRenderer', 'DetailRenderer');
INSERT INTO CNT_HISTORY_DEF_ITEM
 (ID, REVISION, ENTITY_VERSION, DOMAIN_ID, PARENT_ID, LINE_NO, FIELD_ID, TRACKING_LEVEL, PATH_RENDERER_CLASS, DETAIL_RENDERER_CLASS)
VALUES ('56463e3d18254dd6a4b23ac1ca72290b', 0, 1, '/', 'e3f4969226774fd48954d870d22b96b7', '38', 'commitAddress', 1, 'PathRenderer', 'DetailRenderer');
INSERT INTO CNT_HISTORY_DEF_ITEM
 (ID, REVISION, ENTITY_VERSION, DOMAIN_ID, PARENT_ID, LINE_NO, FIELD_ID, TRACKING_LEVEL, PATH_RENDERER_CLASS, DETAIL_RENDERER_CLASS)
VALUES ('aa31005508b8440a8496ca6f66eb49e9', 0, 1, '/', 'e3f4969226774fd48954d870d22b96b7', '39', 'commitCharge', 1, 'PathRenderer', 'DetailRenderer');
INSERT INTO CNT_HISTORY_DEF_ITEM
 (ID, REVISION, ENTITY_VERSION, DOMAIN_ID, PARENT_ID, LINE_NO, FIELD_ID, TRACKING_LEVEL, PATH_RENDERER_CLASS, DETAIL_RENDERER_CLASS)
VALUES ('421d602d797a4af3871ab4348e1ad27c', 0, 1, '/', 'e3f4969226774fd48954d870d22b96b7', '40', 'commitAttachment', 1, 'PathRenderer', 'DetailRenderer');
INSERT INTO CNT_HISTORY_DEF_ITEM
 (ID, REVISION, ENTITY_VERSION, DOMAIN_ID, PARENT_ID, LINE_NO, FIELD_ID, TRACKING_LEVEL, PATH_RENDERER_CLASS, DETAIL_RENDERER_CLASS)
VALUES ('460e1671520b4554b3b8d4820b0bb61a', 0, 1, '/', 'e3f4969226774fd48954d870d22b96b7', '41', 'refNo', 0, 'PathRenderer', 'DetailRenderer');
INSERT INTO CNT_HISTORY_DEF_ITEM
 (ID, REVISION, ENTITY_VERSION, DOMAIN_ID, PARENT_ID, LINE_NO, FIELD_ID, TRACKING_LEVEL, PATH_RENDERER_CLASS, DETAIL_RENDERER_CLASS)
VALUES ('79b8afd905db49eda1bb00588c67e449', 0, 1, '/', 'e3f4969226774fd48954d870d22b96b7', '42', 'custText1', 1, 'PathRenderer', 'DetailRenderer');
INSERT INTO CNT_HISTORY_DEF_ITEM
 (ID, REVISION, ENTITY_VERSION, DOMAIN_ID, PARENT_ID, LINE_NO, FIELD_ID, TRACKING_LEVEL, PATH_RENDERER_CLASS, DETAIL_RENDERER_CLASS)
VALUES ('012f1565d1a84713ad9ebc5032a7dd25', 0, 1, '/', 'e3f4969226774fd48954d870d22b96b7', '43', 'custText2', 1, 'PathRenderer', 'DetailRenderer');
INSERT INTO CNT_HISTORY_DEF_ITEM
 (ID, REVISION, ENTITY_VERSION, DOMAIN_ID, PARENT_ID, LINE_NO, FIELD_ID, TRACKING_LEVEL, PATH_RENDERER_CLASS, DETAIL_RENDERER_CLASS)
VALUES ('17a8b097306b44d7968cc4d9ebf9d369', 0, 1, '/', 'e3f4969226774fd48954d870d22b96b7', '44', 'custText3', 1, 'PathRenderer', 'DetailRenderer');
INSERT INTO CNT_HISTORY_DEF_ITEM
 (ID, REVISION, ENTITY_VERSION, DOMAIN_ID, PARENT_ID, LINE_NO, FIELD_ID, TRACKING_LEVEL, PATH_RENDERER_CLASS, DETAIL_RENDERER_CLASS)
VALUES ('e25d1055fc4e41249a3fe07e3e8581f7', 0, 1, '/', 'e3f4969226774fd48954d870d22b96b7', '45', 'custText4', 1, 'PathRenderer', 'DetailRenderer');
INSERT INTO CNT_HISTORY_DEF_ITEM
 (ID, REVISION, ENTITY_VERSION, DOMAIN_ID, PARENT_ID, LINE_NO, FIELD_ID, TRACKING_LEVEL, PATH_RENDERER_CLASS, DETAIL_RENDERER_CLASS)
VALUES ('b0cfa4e6e06c4219a056e03ffb96bf91', 0, 1, '/', 'e3f4969226774fd48954d870d22b96b7', '46', 'custText5', 1, 'PathRenderer', 'DetailRenderer');
INSERT INTO CNT_HISTORY_DEF_ITEM
 (ID, REVISION, ENTITY_VERSION, DOMAIN_ID, PARENT_ID, LINE_NO, FIELD_ID, TRACKING_LEVEL, PATH_RENDERER_CLASS, DETAIL_RENDERER_CLASS)
VALUES ('2a0faf02d28146a2a3a064be762a761e', 0, 1, '/', 'e3f4969226774fd48954d870d22b96b7', '47', 'custText6', 1, 'PathRenderer', 'DetailRenderer');
INSERT INTO CNT_HISTORY_DEF_ITEM
 (ID, REVISION, ENTITY_VERSION, DOMAIN_ID, PARENT_ID, LINE_NO, FIELD_ID, TRACKING_LEVEL, PATH_RENDERER_CLASS, DETAIL_RENDERER_CLASS)
VALUES ('230387f6d58a40f2b96da8c1a62e1f39', 0, 1, '/', 'e3f4969226774fd48954d870d22b96b7', '48', 'custText7', 1, 'PathRenderer', 'DetailRenderer');
INSERT INTO CNT_HISTORY_DEF_ITEM
 (ID, REVISION, ENTITY_VERSION, DOMAIN_ID, PARENT_ID, LINE_NO, FIELD_ID, TRACKING_LEVEL, PATH_RENDERER_CLASS, DETAIL_RENDERER_CLASS)
VALUES ('7c075aeef5144d258aaaa3f34280a71d', 0, 1, '/', 'e3f4969226774fd48954d870d22b96b7', '49', 'custDate1', 1, 'PathRenderer', 'DetailRenderer');
INSERT INTO CNT_HISTORY_DEF_ITEM
 (ID, REVISION, ENTITY_VERSION, DOMAIN_ID, PARENT_ID, LINE_NO, FIELD_ID, TRACKING_LEVEL, PATH_RENDERER_CLASS, DETAIL_RENDERER_CLASS)
VALUES ('bfb1cecccf7948838afc739dbf075d67', 0, 1, '/', 'e3f4969226774fd48954d870d22b96b7', '50', 'custDate2', 1, 'PathRenderer', 'DetailRenderer');
INSERT INTO CNT_HISTORY_DEF_ITEM
 (ID, REVISION, ENTITY_VERSION, DOMAIN_ID, PARENT_ID, LINE_NO, FIELD_ID, TRACKING_LEVEL, PATH_RENDERER_CLASS, DETAIL_RENDERER_CLASS)
VALUES ('c700e2692a6b44de8dbd56519e95441a', 0, 1, '/', 'e3f4969226774fd48954d870d22b96b7', '51', 'custDate3', 1, 'PathRenderer', 'DetailRenderer');
INSERT INTO CNT_HISTORY_DEF_ITEM
 (ID, REVISION, ENTITY_VERSION, DOMAIN_ID, PARENT_ID, LINE_NO, FIELD_ID, TRACKING_LEVEL, PATH_RENDERER_CLASS, DETAIL_RENDERER_CLASS)
VALUES ('f36e8f1ff0f7467c9c9a3313660d4e49', 0, 1, '/', 'e3f4969226774fd48954d870d22b96b7', '52', 'custDate4', 1, 'PathRenderer', 'DetailRenderer');
INSERT INTO CNT_HISTORY_DEF_ITEM
 (ID, REVISION, ENTITY_VERSION, DOMAIN_ID, PARENT_ID, LINE_NO, FIELD_ID, TRACKING_LEVEL, PATH_RENDERER_CLASS, DETAIL_RENDERER_CLASS)
VALUES ('4eee0154a4d446e7a7970eb56835b0f2', 0, 1, '/', 'e3f4969226774fd48954d870d22b96b7', '53', 'custDate5', 1, 'PathRenderer', 'DetailRenderer');
INSERT INTO CNT_HISTORY_DEF_ITEM
 (ID, REVISION, ENTITY_VERSION, DOMAIN_ID, PARENT_ID, LINE_NO, FIELD_ID, TRACKING_LEVEL, PATH_RENDERER_CLASS, DETAIL_RENDERER_CLASS)
VALUES ('cda06ba0087c47a99fc7c44590ad8d5d', 0, 1, '/', 'e3f4969226774fd48954d870d22b96b7', '54', 'custDate6', 1, 'PathRenderer', 'DetailRenderer');
INSERT INTO CNT_HISTORY_DEF_ITEM
 (ID, REVISION, ENTITY_VERSION, DOMAIN_ID, PARENT_ID, LINE_NO, FIELD_ID, TRACKING_LEVEL, PATH_RENDERER_CLASS, DETAIL_RENDERER_CLASS)
VALUES ('aa1e8dc62f1d413384e6626d34d2e736', 0, 1, '/', 'e3f4969226774fd48954d870d22b96b7', '55', 'custDate7', 1, 'PathRenderer', 'DetailRenderer');
INSERT INTO CNT_HISTORY_DEF_ITEM
 (ID, REVISION, ENTITY_VERSION, DOMAIN_ID, PARENT_ID, LINE_NO, FIELD_ID, TRACKING_LEVEL, PATH_RENDERER_CLASS, DETAIL_RENDERER_CLASS)
VALUES ('4ab68ab056de4550a61b2db19719bc9e', 0, 1, '/', 'e3f4969226774fd48954d870d22b96b7', '56', 'custNumber1', 1, 'PathRenderer', 'DetailRenderer');
INSERT INTO CNT_HISTORY_DEF_ITEM
 (ID, REVISION, ENTITY_VERSION, DOMAIN_ID, PARENT_ID, LINE_NO, FIELD_ID, TRACKING_LEVEL, PATH_RENDERER_CLASS, DETAIL_RENDERER_CLASS)
VALUES ('ee065536a2e0434e9b33b38747fdf116', 0, 1, '/', 'e3f4969226774fd48954d870d22b96b7', '57', 'custNumber2', 1, 'PathRenderer', 'DetailRenderer');
INSERT INTO CNT_HISTORY_DEF_ITEM
 (ID, REVISION, ENTITY_VERSION, DOMAIN_ID, PARENT_ID, LINE_NO, FIELD_ID, TRACKING_LEVEL, PATH_RENDERER_CLASS, DETAIL_RENDERER_CLASS)
VALUES ('5eb0bbfdcac24f3fac67ac835bf6bb16', 0, 1, '/', 'e3f4969226774fd48954d870d22b96b7', '58', 'custNumber3', 1, 'PathRenderer', 'DetailRenderer');
INSERT INTO CNT_HISTORY_DEF_ITEM
 (ID, REVISION, ENTITY_VERSION, DOMAIN_ID, PARENT_ID, LINE_NO, FIELD_ID, TRACKING_LEVEL, PATH_RENDERER_CLASS, DETAIL_RENDERER_CLASS)
VALUES ('7b9e14ff55534fdf9cf3b02b8fad2b20', 0, 1, '/', 'e3f4969226774fd48954d870d22b96b7', '59', 'custNumber4', 1, 'PathRenderer', 'DetailRenderer');
INSERT INTO CNT_HISTORY_DEF_ITEM
 (ID, REVISION, ENTITY_VERSION, DOMAIN_ID, PARENT_ID, LINE_NO, FIELD_ID, TRACKING_LEVEL, PATH_RENDERER_CLASS, DETAIL_RENDERER_CLASS)
VALUES ('53d5efff22624ef582b48a06d028cbe0', 0, 1, '/', 'e3f4969226774fd48954d870d22b96b7', '60', 'custNumber5', 1, 'PathRenderer', 'DetailRenderer');
INSERT INTO CNT_HISTORY_DEF_ITEM
 (ID, REVISION, ENTITY_VERSION, DOMAIN_ID, PARENT_ID, LINE_NO, FIELD_ID, TRACKING_LEVEL, PATH_RENDERER_CLASS, DETAIL_RENDERER_CLASS)
VALUES ('8206841d62d74ec8a3d1bfb6486cd8a8', 0, 1, '/', 'e3f4969226774fd48954d870d22b96b7', '61', 'custNumber6', 1, 'PathRenderer', 'DetailRenderer');
INSERT INTO CNT_HISTORY_DEF_ITEM
 (ID, REVISION, ENTITY_VERSION, DOMAIN_ID, PARENT_ID, LINE_NO, FIELD_ID, TRACKING_LEVEL, PATH_RENDERER_CLASS, DETAIL_RENDERER_CLASS)
VALUES ('75d5fb84c63547d6b2e327e637c64171', 0, 1, '/', 'e3f4969226774fd48954d870d22b96b7', '62', 'custNumber7', 1, 'PathRenderer', 'DetailRenderer');
INSERT INTO CNT_HISTORY_DEF_ITEM
 (ID, REVISION, ENTITY_VERSION, DOMAIN_ID, PARENT_ID, LINE_NO, FIELD_ID, TRACKING_LEVEL, PATH_RENDERER_CLASS, DETAIL_RENDERER_CLASS)
VALUES ('5cb6bec63a8f4adf8c8f69a713706b6f', 0, 1, '/', 'e3f4969226774fd48954d870d22b96b7', '63', 'custDecimal1', 1, 'PathRenderer', 'DetailRenderer');
INSERT INTO CNT_HISTORY_DEF_ITEM
 (ID, REVISION, ENTITY_VERSION, DOMAIN_ID, PARENT_ID, LINE_NO, FIELD_ID, TRACKING_LEVEL, PATH_RENDERER_CLASS, DETAIL_RENDERER_CLASS)
VALUES ('7c62c3abb8474ba4bb4ad769900a25b2', 0, 1, '/', 'e3f4969226774fd48954d870d22b96b7', '64', 'custDecimal2', 1, 'PathRenderer', 'DetailRenderer');
INSERT INTO CNT_HISTORY_DEF_ITEM
 (ID, REVISION, ENTITY_VERSION, DOMAIN_ID, PARENT_ID, LINE_NO, FIELD_ID, TRACKING_LEVEL, PATH_RENDERER_CLASS, DETAIL_RENDERER_CLASS)
VALUES ('696667fa7f1c4508b47731d0c6a742bb', 0, 1, '/', 'e3f4969226774fd48954d870d22b96b7', '65', 'custDecimal3', 1, 'PathRenderer', 'DetailRenderer');
INSERT INTO CNT_HISTORY_DEF_ITEM
 (ID, REVISION, ENTITY_VERSION, DOMAIN_ID, PARENT_ID, LINE_NO, FIELD_ID, TRACKING_LEVEL, PATH_RENDERER_CLASS, DETAIL_RENDERER_CLASS)
VALUES ('a15f3ccf960645c1822f3a67e0ede945', 0, 1, '/', 'e3f4969226774fd48954d870d22b96b7', '66', 'custDecimal4', 1, 'PathRenderer', 'DetailRenderer');
INSERT INTO CNT_HISTORY_DEF_ITEM
 (ID, REVISION, ENTITY_VERSION, DOMAIN_ID, PARENT_ID, LINE_NO, FIELD_ID, TRACKING_LEVEL, PATH_RENDERER_CLASS, DETAIL_RENDERER_CLASS)
VALUES ('08acc2624241483297b6934def2797fe', 0, 1, '/', 'e3f4969226774fd48954d870d22b96b7', '67', 'custDecimal5', 1, 'PathRenderer', 'DetailRenderer');
INSERT INTO CNT_HISTORY_DEF_ITEM
 (ID, REVISION, ENTITY_VERSION, DOMAIN_ID, PARENT_ID, LINE_NO, FIELD_ID, TRACKING_LEVEL, PATH_RENDERER_CLASS, DETAIL_RENDERER_CLASS)
VALUES ('a6931481ec0342618e82699db9ade0d4', 0, 1, '/', 'e3f4969226774fd48954d870d22b96b7', '68', 'custDecimal6', 1, 'PathRenderer', 'DetailRenderer');
INSERT INTO CNT_HISTORY_DEF_ITEM
 (ID, REVISION, ENTITY_VERSION, DOMAIN_ID, PARENT_ID, LINE_NO, FIELD_ID, TRACKING_LEVEL, PATH_RENDERER_CLASS, DETAIL_RENDERER_CLASS)
VALUES ('84626a2fdfef4f74b1f7d0c84193dbd3', 0, 1, '/', 'e3f4969226774fd48954d870d22b96b7', '69', 'custDecimal7', 1, 'PathRenderer', 'DetailRenderer');
INSERT INTO CNT_HISTORY_DEF_ITEM
 (ID, REVISION, ENTITY_VERSION, DOMAIN_ID, PARENT_ID, LINE_NO, FIELD_ID, TRACKING_LEVEL, PATH_RENDERER_CLASS, DETAIL_RENDERER_CLASS)
VALUES ('c6aec6a005f24d29b7fd0ffa597ba77c', 0, 1, '/', 'e3f4969226774fd48954d870d22b96b7', '70', 'custCodelist1', 1, 'PathRenderer', 'DetailRenderer');
INSERT INTO CNT_HISTORY_DEF_ITEM
 (ID, REVISION, ENTITY_VERSION, DOMAIN_ID, PARENT_ID, LINE_NO, FIELD_ID, TRACKING_LEVEL, PATH_RENDERER_CLASS, DETAIL_RENDERER_CLASS)
VALUES ('8ad0cae222074868941d0959f6b56f65', 0, 1, '/', 'e3f4969226774fd48954d870d22b96b7', '71', 'custCodelist2', 1, 'PathRenderer', 'DetailRenderer');
INSERT INTO CNT_HISTORY_DEF_ITEM
 (ID, REVISION, ENTITY_VERSION, DOMAIN_ID, PARENT_ID, LINE_NO, FIELD_ID, TRACKING_LEVEL, PATH_RENDERER_CLASS, DETAIL_RENDERER_CLASS)
VALUES ('f718d208f4844de0beb7617128e19826', 0, 1, '/', 'e3f4969226774fd48954d870d22b96b7', '72', 'custCodelist3', 1, 'PathRenderer', 'DetailRenderer');
INSERT INTO CNT_HISTORY_DEF_ITEM
 (ID, REVISION, ENTITY_VERSION, DOMAIN_ID, PARENT_ID, LINE_NO, FIELD_ID, TRACKING_LEVEL, PATH_RENDERER_CLASS, DETAIL_RENDERER_CLASS)
VALUES ('4e99ad15f80045d2ac9a2b6297df055c', 0, 1, '/', 'e3f4969226774fd48954d870d22b96b7', '73', 'custCodelist4', 1, 'PathRenderer', 'DetailRenderer');
INSERT INTO CNT_HISTORY_DEF_ITEM
 (ID, REVISION, ENTITY_VERSION, DOMAIN_ID, PARENT_ID, LINE_NO, FIELD_ID, TRACKING_LEVEL, PATH_RENDERER_CLASS, DETAIL_RENDERER_CLASS)
VALUES ('5e425ecc8ec642398bc7ef8ff8c5d24b', 0, 1, '/', 'e3f4969226774fd48954d870d22b96b7', '74', 'custCodelist5', 1, 'PathRenderer', 'DetailRenderer');
INSERT INTO CNT_HISTORY_DEF_ITEM
 (ID, REVISION, ENTITY_VERSION, DOMAIN_ID, PARENT_ID, LINE_NO, FIELD_ID, TRACKING_LEVEL, PATH_RENDERER_CLASS, DETAIL_RENDERER_CLASS)
VALUES ('5d208e274cef4ca58d659e1060fc395a', 0, 1, '/', 'e3f4969226774fd48954d870d22b96b7', '75', 'custCodelist6', 1, 'PathRenderer', 'DetailRenderer');
INSERT INTO CNT_HISTORY_DEF_ITEM
 (ID, REVISION, ENTITY_VERSION, DOMAIN_ID, PARENT_ID, LINE_NO, FIELD_ID, TRACKING_LEVEL, PATH_RENDERER_CLASS, DETAIL_RENDERER_CLASS)
VALUES ('b896dc84c42447dc817acd2ad9033daf', 0, 1, '/', 'e3f4969226774fd48954d870d22b96b7', '76', 'custCodelist7', 1, 'PathRenderer', 'DetailRenderer');
INSERT INTO CNT_HISTORY_DEF_ITEM
 (ID, REVISION, ENTITY_VERSION, DOMAIN_ID, PARENT_ID, LINE_NO, FIELD_ID, TRACKING_LEVEL, PATH_RENDERER_CLASS, DETAIL_RENDERER_CLASS)
VALUES ('3643ae008f5e435ab39643b1ae3cdffa', 0, 1, '/', 'e3f4969226774fd48954d870d22b96b7', '77', 'custMemoText1', 1, 'PathRenderer', 'DetailRenderer');
INSERT INTO CNT_HISTORY_DEF_ITEM
 (ID, REVISION, ENTITY_VERSION, DOMAIN_ID, PARENT_ID, LINE_NO, FIELD_ID, TRACKING_LEVEL, PATH_RENDERER_CLASS, DETAIL_RENDERER_CLASS)
VALUES ('2c25eddb15a8432999898d66c8e4954d', 0, 1, '/', 'e3f4969226774fd48954d870d22b96b7', '78', 'custMemoText2', 1, 'PathRenderer', 'DetailRenderer');
INSERT INTO CNT_HISTORY_DEF_ITEM
 (ID, REVISION, ENTITY_VERSION, DOMAIN_ID, PARENT_ID, LINE_NO, FIELD_ID, TRACKING_LEVEL, PATH_RENDERER_CLASS, DETAIL_RENDERER_CLASS)
VALUES ('68a936afc2cc460faf94be5a868ffa7f', 0, 1, '/', 'e3f4969226774fd48954d870d22b96b7', '79', 'custMemoText3', 1, 'PathRenderer', 'DetailRenderer');
INSERT INTO CNT_HISTORY_DEF_ITEM
 (ID, REVISION, ENTITY_VERSION, DOMAIN_ID, PARENT_ID, LINE_NO, FIELD_ID, TRACKING_LEVEL, PATH_RENDERER_CLASS, DETAIL_RENDERER_CLASS)
VALUES ('465dc1a763304acba152d9843826c180', 0, 1, '/', 'e3f4969226774fd48954d870d22b96b7', '80', 'custMemoText4', 1, 'PathRenderer', 'DetailRenderer');
INSERT INTO CNT_HISTORY_DEF_ITEM
 (ID, REVISION, ENTITY_VERSION, DOMAIN_ID, PARENT_ID, LINE_NO, FIELD_ID, TRACKING_LEVEL, PATH_RENDERER_CLASS, DETAIL_RENDERER_CLASS)
VALUES ('73a1cdc2756d49bfb3e293aef1de02f2', 0, 1, '/', 'e3f4969226774fd48954d870d22b96b7', '81', 'custMemoText5', 1, 'PathRenderer', 'DetailRenderer');
INSERT INTO CNT_HISTORY_DEF_ITEM
 (ID, REVISION, ENTITY_VERSION, DOMAIN_ID, PARENT_ID, LINE_NO, FIELD_ID, TRACKING_LEVEL, PATH_RENDERER_CLASS, DETAIL_RENDERER_CLASS)
VALUES ('9785d0ad2b1d4b01a190d6497a030819', 0, 1, '/', 'e3f4969226774fd48954d870d22b96b7', '82', 'custMemoText6', 1, 'PathRenderer', 'DetailRenderer');
INSERT INTO CNT_HISTORY_DEF_ITEM
 (ID, REVISION, ENTITY_VERSION, DOMAIN_ID, PARENT_ID, LINE_NO, FIELD_ID, TRACKING_LEVEL, PATH_RENDERER_CLASS, DETAIL_RENDERER_CLASS)
VALUES ('cd9c03ad40524c37984a460e37095b80', 0, 1, '/', 'e3f4969226774fd48954d870d22b96b7', '83', 'custMemoText7', 1, 'PathRenderer', 'DetailRenderer');
INSERT INTO CNT_HISTORY_DEF_ITEM
 (ID, REVISION, ENTITY_VERSION, DOMAIN_ID, PARENT_ID, LINE_NO, FIELD_ID, TRACKING_LEVEL, PATH_RENDERER_CLASS, DETAIL_RENDERER_CLASS)
VALUES ('144cd78b03574417afc3cc5dbe7e6b9a', 0, 1, '/', 'e3f4969226774fd48954d870d22b96b7', '84', 'custHcl1', 1, 'PathRenderer', 'DetailRenderer');
INSERT INTO CNT_HISTORY_DEF_ITEM
 (ID, REVISION, ENTITY_VERSION, DOMAIN_ID, PARENT_ID, LINE_NO, FIELD_ID, TRACKING_LEVEL, PATH_RENDERER_CLASS, DETAIL_RENDERER_CLASS)
VALUES ('eb27de343a4d456e8b7683de8f546fa5', 0, 1, '/', 'e3f4969226774fd48954d870d22b96b7', '85', 'custHcl2', 1, 'PathRenderer', 'DetailRenderer');
INSERT INTO CNT_HISTORY_DEF_ITEM
 (ID, REVISION, ENTITY_VERSION, DOMAIN_ID, PARENT_ID, LINE_NO, FIELD_ID, TRACKING_LEVEL, PATH_RENDERER_CLASS, DETAIL_RENDERER_CLASS)
VALUES ('d9247696c43c48e2b4a1bb95963a53a0', 0, 1, '/', 'e3f4969226774fd48954d870d22b96b7', '86', 'custHcl3', 1, 'PathRenderer', 'DetailRenderer');
INSERT INTO CNT_HISTORY_DEF_ITEM
 (ID, REVISION, ENTITY_VERSION, DOMAIN_ID, PARENT_ID, LINE_NO, FIELD_ID, TRACKING_LEVEL, PATH_RENDERER_CLASS, DETAIL_RENDERER_CLASS)
VALUES ('a8a805f5998a41c595ceeeb8f82201ba', 0, 1, '/', 'e3f4969226774fd48954d870d22b96b7', '87', 'custHcl4', 1, 'PathRenderer', 'DetailRenderer');
INSERT INTO CNT_HISTORY_DEF_ITEM
 (ID, REVISION, ENTITY_VERSION, DOMAIN_ID, PARENT_ID, LINE_NO, FIELD_ID, TRACKING_LEVEL, PATH_RENDERER_CLASS, DETAIL_RENDERER_CLASS)
VALUES ('3f093f5e295a42308a0bfc77f02f2ca6', 0, 1, '/', 'e3f4969226774fd48954d870d22b96b7', '88', 'custHcl5', 1, 'PathRenderer', 'DetailRenderer');
INSERT INTO CNT_HISTORY_DEF_ITEM
 (ID, REVISION, ENTITY_VERSION, DOMAIN_ID, PARENT_ID, LINE_NO, FIELD_ID, TRACKING_LEVEL, PATH_RENDERER_CLASS, DETAIL_RENDERER_CLASS)
VALUES ('788c9bbb7faf4ec6870c47f79e68b4c3', 0, 1, '/', 'e3f4969226774fd48954d870d22b96b7', '89', 'merchandiseHierarchyRef', 0, 'PathRenderer', 'DetailRenderer');
INSERT INTO CNT_HISTORY_DEF_ITEM
 (ID, REVISION, ENTITY_VERSION, DOMAIN_ID, PARENT_ID, LINE_NO, FIELD_ID, TRACKING_LEVEL, PATH_RENDERER_CLASS, DETAIL_RENDERER_CLASS)
VALUES ('4b17d1f26fd64c67a96d07c2641e08b4', 0, 1, '/', 'e3f4969226774fd48954d870d22b96b7', '90', 'merchandiseHierarchyVer', 0, 'PathRenderer', 'DetailRenderer');
INSERT INTO CNT_HISTORY_DEF_ITEM
 (ID, REVISION, ENTITY_VERSION, DOMAIN_ID, PARENT_ID, LINE_NO, FIELD_ID, TRACKING_LEVEL, PATH_RENDERER_CLASS, DETAIL_RENDERER_CLASS)
VALUES ('8c3909dfb5434741855869dc67e60805', 0, 1, '/', 'e3f4969226774fd48954d870d22b96b7', '91', 'merchandiseHierarchyRef2', 0, 'PathRenderer', 'DetailRenderer');
INSERT INTO CNT_HISTORY_DEF_ITEM
 (ID, REVISION, ENTITY_VERSION, DOMAIN_ID, PARENT_ID, LINE_NO, FIELD_ID, TRACKING_LEVEL, PATH_RENDERER_CLASS, DETAIL_RENDERER_CLASS)
VALUES ('584572a3b28a41f6b24d19cdd19b9ebd', 0, 1, '/', 'e3f4969226774fd48954d870d22b96b7', '92', 'merchandiseHierarchFullLineage', 0, 'PathRenderer', 'DetailRenderer');
INSERT INTO CNT_HISTORY_DEF_ITEM
 (ID, REVISION, ENTITY_VERSION, DOMAIN_ID, PARENT_ID, LINE_NO, FIELD_ID, TRACKING_LEVEL, PATH_RENDERER_CLASS, DETAIL_RENDERER_CLASS)
VALUES ('25a1e498ace241f891324ecadaf7098f', 0, 1, '/', 'e3f4969226774fd48954d870d22b96b7', '93', 'custCodelist1Name', 0, 'PathRenderer', 'DetailRenderer');
INSERT INTO CNT_HISTORY_DEF_ITEM
 (ID, REVISION, ENTITY_VERSION, DOMAIN_ID, PARENT_ID, LINE_NO, FIELD_ID, TRACKING_LEVEL, PATH_RENDERER_CLASS, DETAIL_RENDERER_CLASS)
VALUES ('a346948c18ba4cd5bcecfdc81d208fc1', 0, 1, '/', 'e3f4969226774fd48954d870d22b96b7', '94', 'custCodelist2Name', 0, 'PathRenderer', 'DetailRenderer');
INSERT INTO CNT_HISTORY_DEF_ITEM
 (ID, REVISION, ENTITY_VERSION, DOMAIN_ID, PARENT_ID, LINE_NO, FIELD_ID, TRACKING_LEVEL, PATH_RENDERER_CLASS, DETAIL_RENDERER_CLASS)
VALUES ('be66807b30c94b9abc1786bad005ebee', 0, 1, '/', 'e3f4969226774fd48954d870d22b96b7', '95', 'custCodelist3Name', 0, 'PathRenderer', 'DetailRenderer');
INSERT INTO CNT_HISTORY_DEF_ITEM
 (ID, REVISION, ENTITY_VERSION, DOMAIN_ID, PARENT_ID, LINE_NO, FIELD_ID, TRACKING_LEVEL, PATH_RENDERER_CLASS, DETAIL_RENDERER_CLASS)
VALUES ('71e428fbcf714ba9a19211b76a2b827d', 0, 1, '/', 'e3f4969226774fd48954d870d22b96b7', '96', 'custCodelist4Name', 0, 'PathRenderer', 'DetailRenderer');
INSERT INTO CNT_HISTORY_DEF_ITEM
 (ID, REVISION, ENTITY_VERSION, DOMAIN_ID, PARENT_ID, LINE_NO, FIELD_ID, TRACKING_LEVEL, PATH_RENDERER_CLASS, DETAIL_RENDERER_CLASS)
VALUES ('9ecb5af9f63f44be98b4b5e06ffa9c45', 0, 1, '/', 'e3f4969226774fd48954d870d22b96b7', '97', 'custCodelist5Name', 0, 'PathRenderer', 'DetailRenderer');
INSERT INTO CNT_HISTORY_DEF_ITEM
 (ID, REVISION, ENTITY_VERSION, DOMAIN_ID, PARENT_ID, LINE_NO, FIELD_ID, TRACKING_LEVEL, PATH_RENDERER_CLASS, DETAIL_RENDERER_CLASS)
VALUES ('6aa952aafa0a4c949f7875ca73911a5f', 0, 1, '/', 'e3f4969226774fd48954d870d22b96b7', '98', 'custCodelist6Name', 0, 'PathRenderer', 'DetailRenderer');
INSERT INTO CNT_HISTORY_DEF_ITEM
 (ID, REVISION, ENTITY_VERSION, DOMAIN_ID, PARENT_ID, LINE_NO, FIELD_ID, TRACKING_LEVEL, PATH_RENDERER_CLASS, DETAIL_RENDERER_CLASS)
VALUES ('1f75e8f92e694ed3957d19449ea00d97', 0, 1, '/', 'e3f4969226774fd48954d870d22b96b7', '99', 'custCodelist7Name', 0, 'PathRenderer', 'DetailRenderer');
INSERT INTO CNT_HISTORY_DEF_ITEM
 (ID, REVISION, ENTITY_VERSION, DOMAIN_ID, PARENT_ID, LINE_NO, FIELD_ID, TRACKING_LEVEL, PATH_RENDERER_CLASS, DETAIL_RENDERER_CLASS)
VALUES ('df10cdabb10b43379138a0b971476e80', 0, 1, '/', 'e3f4969226774fd48954d870d22b96b7', '100', 'custHcl1Ref', 0, 'PathRenderer', 'DetailRenderer');
INSERT INTO CNT_HISTORY_DEF_ITEM
 (ID, REVISION, ENTITY_VERSION, DOMAIN_ID, PARENT_ID, LINE_NO, FIELD_ID, TRACKING_LEVEL, PATH_RENDERER_CLASS, DETAIL_RENDERER_CLASS)
VALUES ('a05d5e1f66d5415db607bd80eafa9233', 0, 1, '/', 'e3f4969226774fd48954d870d22b96b7', '101', 'custHcl1Ver', 0, 'PathRenderer', 'DetailRenderer');
INSERT INTO CNT_HISTORY_DEF_ITEM
 (ID, REVISION, ENTITY_VERSION, DOMAIN_ID, PARENT_ID, LINE_NO, FIELD_ID, TRACKING_LEVEL, PATH_RENDERER_CLASS, DETAIL_RENDERER_CLASS)
VALUES ('3c97f541dbb04b3683120875f3878239', 0, 1, '/', 'e3f4969226774fd48954d870d22b96b7', '102', 'custHcl1Ref2', 0, 'PathRenderer', 'DetailRenderer');
INSERT INTO CNT_HISTORY_DEF_ITEM
 (ID, REVISION, ENTITY_VERSION, DOMAIN_ID, PARENT_ID, LINE_NO, FIELD_ID, TRACKING_LEVEL, PATH_RENDERER_CLASS, DETAIL_RENDERER_CLASS)
VALUES ('71fe2bd01d794aa4af5923ab8eed8d47', 0, 1, '/', 'e3f4969226774fd48954d870d22b96b7', '103', 'custHcl1FullLineage', 0, 'PathRenderer', 'DetailRenderer');
INSERT INTO CNT_HISTORY_DEF_ITEM
 (ID, REVISION, ENTITY_VERSION, DOMAIN_ID, PARENT_ID, LINE_NO, FIELD_ID, TRACKING_LEVEL, PATH_RENDERER_CLASS, DETAIL_RENDERER_CLASS)
VALUES ('2d3cfbc0f5c54b878af79663fa63680e', 0, 1, '/', 'e3f4969226774fd48954d870d22b96b7', '104', 'custHcl2Ref', 0, 'PathRenderer', 'DetailRenderer');
INSERT INTO CNT_HISTORY_DEF_ITEM
 (ID, REVISION, ENTITY_VERSION, DOMAIN_ID, PARENT_ID, LINE_NO, FIELD_ID, TRACKING_LEVEL, PATH_RENDERER_CLASS, DETAIL_RENDERER_CLASS)
VALUES ('b1460a3b98604712a582f48e1e722c13', 0, 1, '/', 'e3f4969226774fd48954d870d22b96b7', '105', 'custHcl2Ver', 0, 'PathRenderer', 'DetailRenderer');
INSERT INTO CNT_HISTORY_DEF_ITEM
 (ID, REVISION, ENTITY_VERSION, DOMAIN_ID, PARENT_ID, LINE_NO, FIELD_ID, TRACKING_LEVEL, PATH_RENDERER_CLASS, DETAIL_RENDERER_CLASS)
VALUES ('c84bd52be58c445f9458995c48ffa240', 0, 1, '/', 'e3f4969226774fd48954d870d22b96b7', '106', 'custHcl2Ref2', 0, 'PathRenderer', 'DetailRenderer');
INSERT INTO CNT_HISTORY_DEF_ITEM
 (ID, REVISION, ENTITY_VERSION, DOMAIN_ID, PARENT_ID, LINE_NO, FIELD_ID, TRACKING_LEVEL, PATH_RENDERER_CLASS, DETAIL_RENDERER_CLASS)
VALUES ('ade6b0e99ac24ffba5416112981a6c45', 0, 1, '/', 'e3f4969226774fd48954d870d22b96b7', '107', 'custHcl2FullLineage', 0, 'PathRenderer', 'DetailRenderer');
INSERT INTO CNT_HISTORY_DEF_ITEM
 (ID, REVISION, ENTITY_VERSION, DOMAIN_ID, PARENT_ID, LINE_NO, FIELD_ID, TRACKING_LEVEL, PATH_RENDERER_CLASS, DETAIL_RENDERER_CLASS)
VALUES ('a32f187923a04db1a39826c1ff52c11b', 0, 1, '/', 'e3f4969226774fd48954d870d22b96b7', '108', 'custHcl3Ref', 0, 'PathRenderer', 'DetailRenderer');
INSERT INTO CNT_HISTORY_DEF_ITEM
 (ID, REVISION, ENTITY_VERSION, DOMAIN_ID, PARENT_ID, LINE_NO, FIELD_ID, TRACKING_LEVEL, PATH_RENDERER_CLASS, DETAIL_RENDERER_CLASS)
VALUES ('4ba9d5e4c8a84fc3a298d1defb2b8ed4', 0, 1, '/', 'e3f4969226774fd48954d870d22b96b7', '109', 'custHcl3Ver', 0, 'PathRenderer', 'DetailRenderer');
INSERT INTO CNT_HISTORY_DEF_ITEM
 (ID, REVISION, ENTITY_VERSION, DOMAIN_ID, PARENT_ID, LINE_NO, FIELD_ID, TRACKING_LEVEL, PATH_RENDERER_CLASS, DETAIL_RENDERER_CLASS)
VALUES ('c7174f5b0aea4592b9f71058be94e4d7', 0, 1, '/', 'e3f4969226774fd48954d870d22b96b7', '110', 'custHcl3Ref2', 0, 'PathRenderer', 'DetailRenderer');
INSERT INTO CNT_HISTORY_DEF_ITEM
 (ID, REVISION, ENTITY_VERSION, DOMAIN_ID, PARENT_ID, LINE_NO, FIELD_ID, TRACKING_LEVEL, PATH_RENDERER_CLASS, DETAIL_RENDERER_CLASS)
VALUES ('c90a75bfa2ee4b0fa4e32afe4ac0f063', 0, 1, '/', 'e3f4969226774fd48954d870d22b96b7', '111', 'custHcl3FullLineage', 0, 'PathRenderer', 'DetailRenderer');
INSERT INTO CNT_HISTORY_DEF_ITEM
 (ID, REVISION, ENTITY_VERSION, DOMAIN_ID, PARENT_ID, LINE_NO, FIELD_ID, TRACKING_LEVEL, PATH_RENDERER_CLASS, DETAIL_RENDERER_CLASS)
VALUES ('f6fbdfd22423424db759d939a08f9eba', 0, 1, '/', 'e3f4969226774fd48954d870d22b96b7', '112', 'custHcl4Ref', 0, 'PathRenderer', 'DetailRenderer');
INSERT INTO CNT_HISTORY_DEF_ITEM
 (ID, REVISION, ENTITY_VERSION, DOMAIN_ID, PARENT_ID, LINE_NO, FIELD_ID, TRACKING_LEVEL, PATH_RENDERER_CLASS, DETAIL_RENDERER_CLASS)
VALUES ('ad868810680a4e938adc3bf9d6d5bf46', 0, 1, '/', 'e3f4969226774fd48954d870d22b96b7', '113', 'custHcl4Ver', 0, 'PathRenderer', 'DetailRenderer');
INSERT INTO CNT_HISTORY_DEF_ITEM
 (ID, REVISION, ENTITY_VERSION, DOMAIN_ID, PARENT_ID, LINE_NO, FIELD_ID, TRACKING_LEVEL, PATH_RENDERER_CLASS, DETAIL_RENDERER_CLASS)
VALUES ('e0752a0eb86d477993f943a3158ac243', 0, 1, '/', 'e3f4969226774fd48954d870d22b96b7', '114', 'custHcl4Ref2', 0, 'PathRenderer', 'DetailRenderer');
INSERT INTO CNT_HISTORY_DEF_ITEM
 (ID, REVISION, ENTITY_VERSION, DOMAIN_ID, PARENT_ID, LINE_NO, FIELD_ID, TRACKING_LEVEL, PATH_RENDERER_CLASS, DETAIL_RENDERER_CLASS)
VALUES ('588e11674f09435eb9b9acce000972dd', 0, 1, '/', 'e3f4969226774fd48954d870d22b96b7', '115', 'custHcl4FullLineage', 0, 'PathRenderer', 'DetailRenderer');
INSERT INTO CNT_HISTORY_DEF_ITEM
 (ID, REVISION, ENTITY_VERSION, DOMAIN_ID, PARENT_ID, LINE_NO, FIELD_ID, TRACKING_LEVEL, PATH_RENDERER_CLASS, DETAIL_RENDERER_CLASS)
VALUES ('ce05af3e618b4ea1b54e0237fcf1db23', 0, 1, '/', 'e3f4969226774fd48954d870d22b96b7', '116', 'custHcl5Ref', 0, 'PathRenderer', 'DetailRenderer');
INSERT INTO CNT_HISTORY_DEF_ITEM
 (ID, REVISION, ENTITY_VERSION, DOMAIN_ID, PARENT_ID, LINE_NO, FIELD_ID, TRACKING_LEVEL, PATH_RENDERER_CLASS, DETAIL_RENDERER_CLASS)
VALUES ('8734ae47806642699e755d24930d7574', 0, 1, '/', 'e3f4969226774fd48954d870d22b96b7', '117', 'custHcl5Ver', 0, 'PathRenderer', 'DetailRenderer');
INSERT INTO CNT_HISTORY_DEF_ITEM
 (ID, REVISION, ENTITY_VERSION, DOMAIN_ID, PARENT_ID, LINE_NO, FIELD_ID, TRACKING_LEVEL, PATH_RENDERER_CLASS, DETAIL_RENDERER_CLASS)
VALUES ('724d0fedd1fd4cb4b60b90f6929cbdd8', 0, 1, '/', 'e3f4969226774fd48954d870d22b96b7', '118', 'custHcl5Ref2', 0, 'PathRenderer', 'DetailRenderer');
INSERT INTO CNT_HISTORY_DEF_ITEM
 (ID, REVISION, ENTITY_VERSION, DOMAIN_ID, PARENT_ID, LINE_NO, FIELD_ID, TRACKING_LEVEL, PATH_RENDERER_CLASS, DETAIL_RENDERER_CLASS)
VALUES ('3c88d1a3319d4618bc671d418a6ea6f4', 0, 1, '/', 'e3f4969226774fd48954d870d22b96b7', '119', 'custHcl5FullLineage', 0, 'PathRenderer', 'DetailRenderer');
INSERT INTO CNT_HISTORY_DEF
 (ID, REVISION, APPLY_ENTITY, ENTITY_VERSION, DOMAIN_ID , GENERATED, CREATE_USER, CREATE_USER_NAME, CREATED_ON)
VALUES ('b16af3ff05d84670ae6878f78f85dbb8', 0, 'CommitAddress', 1, '/', 1, 'system', 'system', systimestamp);
INSERT INTO CNT_HISTORY_DEF_ITEM
 (ID, REVISION, ENTITY_VERSION, DOMAIN_ID, PARENT_ID, LINE_NO, FIELD_ID, TRACKING_LEVEL, PATH_RENDERER_CLASS, DETAIL_RENDERER_CLASS)
VALUES ('c8f49c5dbfa84e8b947ffe2343b7670f', 0, 1, '/', 'b16af3ff05d84670ae6878f78f85dbb8', '0', 'id', 1, 'PathRenderer', 'DetailRenderer');
INSERT INTO CNT_HISTORY_DEF_ITEM
 (ID, REVISION, ENTITY_VERSION, DOMAIN_ID, PARENT_ID, LINE_NO, FIELD_ID, TRACKING_LEVEL, PATH_RENDERER_CLASS, DETAIL_RENDERER_CLASS)
VALUES ('33f2d5a7ae924194a7ff65c93e364000', 0, 1, '/', 'b16af3ff05d84670ae6878f78f85dbb8', '1', 'revision', 1, 'PathRenderer', 'DetailRenderer');
INSERT INTO CNT_HISTORY_DEF_ITEM
 (ID, REVISION, ENTITY_VERSION, DOMAIN_ID, PARENT_ID, LINE_NO, FIELD_ID, TRACKING_LEVEL, PATH_RENDERER_CLASS, DETAIL_RENDERER_CLASS)
VALUES ('94b0e8f201cc4b84b6a7019fbf331750', 0, 1, '/', 'b16af3ff05d84670ae6878f78f85dbb8', '2', 'entityVersion', 1, 'PathRenderer', 'DetailRenderer');
INSERT INTO CNT_HISTORY_DEF_ITEM
 (ID, REVISION, ENTITY_VERSION, DOMAIN_ID, PARENT_ID, LINE_NO, FIELD_ID, TRACKING_LEVEL, PATH_RENDERER_CLASS, DETAIL_RENDERER_CLASS)
VALUES ('d963074befa94cee9fca6706f45b4ef5', 0, 1, '/', 'b16af3ff05d84670ae6878f78f85dbb8', '3', 'domainId', 1, 'PathRenderer', 'DetailRenderer');
INSERT INTO CNT_HISTORY_DEF_ITEM
 (ID, REVISION, ENTITY_VERSION, DOMAIN_ID, PARENT_ID, LINE_NO, FIELD_ID, TRACKING_LEVEL, PATH_RENDERER_CLASS, DETAIL_RENDERER_CLASS)
VALUES ('b82c1e5fcb4e4d29a5d211b56f768b09', 0, 1, '/', 'b16af3ff05d84670ae6878f78f85dbb8', '4', 'hubDomainId', 1, 'PathRenderer', 'DetailRenderer');
INSERT INTO CNT_HISTORY_DEF_ITEM
 (ID, REVISION, ENTITY_VERSION, DOMAIN_ID, PARENT_ID, LINE_NO, FIELD_ID, TRACKING_LEVEL, PATH_RENDERER_CLASS, DETAIL_RENDERER_CLASS)
VALUES ('18600476eb1f409c95b50335a503ecb5', 0, 1, '/', 'b16af3ff05d84670ae6878f78f85dbb8', '5', 'isForReference', 1, 'PathRenderer', 'DetailRenderer');
INSERT INTO CNT_HISTORY_DEF_ITEM
 (ID, REVISION, ENTITY_VERSION, DOMAIN_ID, PARENT_ID, LINE_NO, FIELD_ID, TRACKING_LEVEL, PATH_RENDERER_CLASS, DETAIL_RENDERER_CLASS)
VALUES ('a1a8ccd650184aa5a3e03342a5f8c188', 0, 1, '/', 'b16af3ff05d84670ae6878f78f85dbb8', '6', 'internalSeqNo', 1, 'PathRenderer', 'DetailRenderer');
INSERT INTO CNT_HISTORY_DEF_ITEM
 (ID, REVISION, ENTITY_VERSION, DOMAIN_ID, PARENT_ID, LINE_NO, FIELD_ID, TRACKING_LEVEL, PATH_RENDERER_CLASS, DETAIL_RENDERER_CLASS)
VALUES ('747e3c9924eb4baaad5ae2de3099959f', 0, 1, '/', 'b16af3ff05d84670ae6878f78f85dbb8', '7', 'commitId', 1, 'PathRenderer', 'DetailRenderer');
INSERT INTO CNT_HISTORY_DEF_ITEM
 (ID, REVISION, ENTITY_VERSION, DOMAIN_ID, PARENT_ID, LINE_NO, FIELD_ID, TRACKING_LEVEL, PATH_RENDERER_CLASS, DETAIL_RENDERER_CLASS)
VALUES ('70f2f302a83b4a9b91a4ac5b1a0d4489', 0, 1, '/', 'b16af3ff05d84670ae6878f78f85dbb8', '8', 'commitContactId', 1, 'PathRenderer', 'DetailRenderer');
INSERT INTO CNT_HISTORY_DEF_ITEM
 (ID, REVISION, ENTITY_VERSION, DOMAIN_ID, PARENT_ID, LINE_NO, FIELD_ID, TRACKING_LEVEL, PATH_RENDERER_CLASS, DETAIL_RENDERER_CLASS)
VALUES ('ecd98e851cd348f38af36c133bf5fcd7', 0, 1, '/', 'b16af3ff05d84670ae6878f78f85dbb8', '9', 'addressType', 1, 'PathRenderer', 'DetailRenderer');
INSERT INTO CNT_HISTORY_DEF_ITEM
 (ID, REVISION, ENTITY_VERSION, DOMAIN_ID, PARENT_ID, LINE_NO, FIELD_ID, TRACKING_LEVEL, PATH_RENDERER_CLASS, DETAIL_RENDERER_CLASS)
VALUES ('f8229151aec6469b839aacfca4b6d776', 0, 1, '/', 'b16af3ff05d84670ae6878f78f85dbb8', '10', 'address1', 1, 'PathRenderer', 'DetailRenderer');
INSERT INTO CNT_HISTORY_DEF_ITEM
 (ID, REVISION, ENTITY_VERSION, DOMAIN_ID, PARENT_ID, LINE_NO, FIELD_ID, TRACKING_LEVEL, PATH_RENDERER_CLASS, DETAIL_RENDERER_CLASS)
VALUES ('6d525d451b374006a25e8c50959e913d', 0, 1, '/', 'b16af3ff05d84670ae6878f78f85dbb8', '11', 'address2', 1, 'PathRenderer', 'DetailRenderer');
INSERT INTO CNT_HISTORY_DEF_ITEM
 (ID, REVISION, ENTITY_VERSION, DOMAIN_ID, PARENT_ID, LINE_NO, FIELD_ID, TRACKING_LEVEL, PATH_RENDERER_CLASS, DETAIL_RENDERER_CLASS)
VALUES ('cdb99fcb4875419cb5219e5c6a8cb60f', 0, 1, '/', 'b16af3ff05d84670ae6878f78f85dbb8', '12', 'address3', 1, 'PathRenderer', 'DetailRenderer');
INSERT INTO CNT_HISTORY_DEF_ITEM
 (ID, REVISION, ENTITY_VERSION, DOMAIN_ID, PARENT_ID, LINE_NO, FIELD_ID, TRACKING_LEVEL, PATH_RENDERER_CLASS, DETAIL_RENDERER_CLASS)
VALUES ('6a71abffc9114c23be4a4da95b9c52f7', 0, 1, '/', 'b16af3ff05d84670ae6878f78f85dbb8', '13', 'address4', 1, 'PathRenderer', 'DetailRenderer');
INSERT INTO CNT_HISTORY_DEF_ITEM
 (ID, REVISION, ENTITY_VERSION, DOMAIN_ID, PARENT_ID, LINE_NO, FIELD_ID, TRACKING_LEVEL, PATH_RENDERER_CLASS, DETAIL_RENDERER_CLASS)
VALUES ('e54a2b1c51724aceaaebd66c39c4abed', 0, 1, '/', 'b16af3ff05d84670ae6878f78f85dbb8', '14', 'city', 1, 'PathRenderer', 'DetailRenderer');
INSERT INTO CNT_HISTORY_DEF_ITEM
 (ID, REVISION, ENTITY_VERSION, DOMAIN_ID, PARENT_ID, LINE_NO, FIELD_ID, TRACKING_LEVEL, PATH_RENDERER_CLASS, DETAIL_RENDERER_CLASS)
VALUES ('6ff90339effa4cd8abb5b317e182532f', 0, 1, '/', 'b16af3ff05d84670ae6878f78f85dbb8', '15', 'state', 1, 'PathRenderer', 'DetailRenderer');
INSERT INTO CNT_HISTORY_DEF_ITEM
 (ID, REVISION, ENTITY_VERSION, DOMAIN_ID, PARENT_ID, LINE_NO, FIELD_ID, TRACKING_LEVEL, PATH_RENDERER_CLASS, DETAIL_RENDERER_CLASS)
VALUES ('171bb57ff41245309a58f81a19b7578c', 0, 1, '/', 'b16af3ff05d84670ae6878f78f85dbb8', '16', 'postalCode', 1, 'PathRenderer', 'DetailRenderer');
INSERT INTO CNT_HISTORY_DEF_ITEM
 (ID, REVISION, ENTITY_VERSION, DOMAIN_ID, PARENT_ID, LINE_NO, FIELD_ID, TRACKING_LEVEL, PATH_RENDERER_CLASS, DETAIL_RENDERER_CLASS)
VALUES ('72cae9669d504a4cb579f09084d4fac4', 0, 1, '/', 'b16af3ff05d84670ae6878f78f85dbb8', '17', 'country', 1, 'PathRenderer', 'DetailRenderer');
INSERT INTO CNT_HISTORY_DEF_ITEM
 (ID, REVISION, ENTITY_VERSION, DOMAIN_ID, PARENT_ID, LINE_NO, FIELD_ID, TRACKING_LEVEL, PATH_RENDERER_CLASS, DETAIL_RENDERER_CLASS)
VALUES ('51a2cb294cbd491395e44f31fa21ab4e', 0, 1, '/', 'b16af3ff05d84670ae6878f78f85dbb8', '18', 'port', 1, 'PathRenderer', 'DetailRenderer');
INSERT INTO CNT_HISTORY_DEF_ITEM
 (ID, REVISION, ENTITY_VERSION, DOMAIN_ID, PARENT_ID, LINE_NO, FIELD_ID, TRACKING_LEVEL, PATH_RENDERER_CLASS, DETAIL_RENDERER_CLASS)
VALUES ('cae1c7e6012747d4937d47d6fc84edc2', 0, 1, '/', 'b16af3ff05d84670ae6878f78f85dbb8', '19', 'language', 1, 'PathRenderer', 'DetailRenderer');
INSERT INTO CNT_HISTORY_DEF_ITEM
 (ID, REVISION, ENTITY_VERSION, DOMAIN_ID, PARENT_ID, LINE_NO, FIELD_ID, TRACKING_LEVEL, PATH_RENDERER_CLASS, DETAIL_RENDERER_CLASS)
VALUES ('993a0f946a7244258818a66fa730bd8b', 0, 1, '/', 'b16af3ff05d84670ae6878f78f85dbb8', '20', 'custText1', 1, 'PathRenderer', 'DetailRenderer');
INSERT INTO CNT_HISTORY_DEF_ITEM
 (ID, REVISION, ENTITY_VERSION, DOMAIN_ID, PARENT_ID, LINE_NO, FIELD_ID, TRACKING_LEVEL, PATH_RENDERER_CLASS, DETAIL_RENDERER_CLASS)
VALUES ('2e8532021f584396a706c5c7d385fe07', 0, 1, '/', 'b16af3ff05d84670ae6878f78f85dbb8', '21', 'custText2', 1, 'PathRenderer', 'DetailRenderer');
INSERT INTO CNT_HISTORY_DEF_ITEM
 (ID, REVISION, ENTITY_VERSION, DOMAIN_ID, PARENT_ID, LINE_NO, FIELD_ID, TRACKING_LEVEL, PATH_RENDERER_CLASS, DETAIL_RENDERER_CLASS)
VALUES ('a95be78a2bd84113a28385569afb5e10', 0, 1, '/', 'b16af3ff05d84670ae6878f78f85dbb8', '22', 'custText3', 1, 'PathRenderer', 'DetailRenderer');
INSERT INTO CNT_HISTORY_DEF_ITEM
 (ID, REVISION, ENTITY_VERSION, DOMAIN_ID, PARENT_ID, LINE_NO, FIELD_ID, TRACKING_LEVEL, PATH_RENDERER_CLASS, DETAIL_RENDERER_CLASS)
VALUES ('db932c0291d04059a2ea7e7a345e8736', 0, 1, '/', 'b16af3ff05d84670ae6878f78f85dbb8', '23', 'custText4', 1, 'PathRenderer', 'DetailRenderer');
INSERT INTO CNT_HISTORY_DEF_ITEM
 (ID, REVISION, ENTITY_VERSION, DOMAIN_ID, PARENT_ID, LINE_NO, FIELD_ID, TRACKING_LEVEL, PATH_RENDERER_CLASS, DETAIL_RENDERER_CLASS)
VALUES ('f7c67d004dcd41068f9f5794b5f218a8', 0, 1, '/', 'b16af3ff05d84670ae6878f78f85dbb8', '24', 'custText5', 1, 'PathRenderer', 'DetailRenderer');
INSERT INTO CNT_HISTORY_DEF_ITEM
 (ID, REVISION, ENTITY_VERSION, DOMAIN_ID, PARENT_ID, LINE_NO, FIELD_ID, TRACKING_LEVEL, PATH_RENDERER_CLASS, DETAIL_RENDERER_CLASS)
VALUES ('375c56485d414ffaa5809035e73bf9a5', 0, 1, '/', 'b16af3ff05d84670ae6878f78f85dbb8', '25', 'custText6', 1, 'PathRenderer', 'DetailRenderer');
INSERT INTO CNT_HISTORY_DEF_ITEM
 (ID, REVISION, ENTITY_VERSION, DOMAIN_ID, PARENT_ID, LINE_NO, FIELD_ID, TRACKING_LEVEL, PATH_RENDERER_CLASS, DETAIL_RENDERER_CLASS)
VALUES ('8093d2558f28474d9e703a854c426368', 0, 1, '/', 'b16af3ff05d84670ae6878f78f85dbb8', '26', 'custText7', 1, 'PathRenderer', 'DetailRenderer');
INSERT INTO CNT_HISTORY_DEF_ITEM
 (ID, REVISION, ENTITY_VERSION, DOMAIN_ID, PARENT_ID, LINE_NO, FIELD_ID, TRACKING_LEVEL, PATH_RENDERER_CLASS, DETAIL_RENDERER_CLASS)
VALUES ('c4a0416cb7664ab09ea99cb87453ef70', 0, 1, '/', 'b16af3ff05d84670ae6878f78f85dbb8', '27', 'custDate1', 1, 'PathRenderer', 'DetailRenderer');
INSERT INTO CNT_HISTORY_DEF_ITEM
 (ID, REVISION, ENTITY_VERSION, DOMAIN_ID, PARENT_ID, LINE_NO, FIELD_ID, TRACKING_LEVEL, PATH_RENDERER_CLASS, DETAIL_RENDERER_CLASS)
VALUES ('c56cc7ae1d2a4b7887fabd1f9c361117', 0, 1, '/', 'b16af3ff05d84670ae6878f78f85dbb8', '28', 'custDate2', 1, 'PathRenderer', 'DetailRenderer');
INSERT INTO CNT_HISTORY_DEF_ITEM
 (ID, REVISION, ENTITY_VERSION, DOMAIN_ID, PARENT_ID, LINE_NO, FIELD_ID, TRACKING_LEVEL, PATH_RENDERER_CLASS, DETAIL_RENDERER_CLASS)
VALUES ('ef3384d236be450387b55b90fbbd5834', 0, 1, '/', 'b16af3ff05d84670ae6878f78f85dbb8', '29', 'custDate3', 1, 'PathRenderer', 'DetailRenderer');
INSERT INTO CNT_HISTORY_DEF_ITEM
 (ID, REVISION, ENTITY_VERSION, DOMAIN_ID, PARENT_ID, LINE_NO, FIELD_ID, TRACKING_LEVEL, PATH_RENDERER_CLASS, DETAIL_RENDERER_CLASS)
VALUES ('a14e7c892ce347a79772992acb55fcdd', 0, 1, '/', 'b16af3ff05d84670ae6878f78f85dbb8', '30', 'custDate4', 1, 'PathRenderer', 'DetailRenderer');
INSERT INTO CNT_HISTORY_DEF_ITEM
 (ID, REVISION, ENTITY_VERSION, DOMAIN_ID, PARENT_ID, LINE_NO, FIELD_ID, TRACKING_LEVEL, PATH_RENDERER_CLASS, DETAIL_RENDERER_CLASS)
VALUES ('13dfd1ffcb14482a96a12aa364146405', 0, 1, '/', 'b16af3ff05d84670ae6878f78f85dbb8', '31', 'custDate5', 1, 'PathRenderer', 'DetailRenderer');
INSERT INTO CNT_HISTORY_DEF_ITEM
 (ID, REVISION, ENTITY_VERSION, DOMAIN_ID, PARENT_ID, LINE_NO, FIELD_ID, TRACKING_LEVEL, PATH_RENDERER_CLASS, DETAIL_RENDERER_CLASS)
VALUES ('5a25cd4f16a04652a6455562f7601c68', 0, 1, '/', 'b16af3ff05d84670ae6878f78f85dbb8', '32', 'custDate6', 1, 'PathRenderer', 'DetailRenderer');
INSERT INTO CNT_HISTORY_DEF_ITEM
 (ID, REVISION, ENTITY_VERSION, DOMAIN_ID, PARENT_ID, LINE_NO, FIELD_ID, TRACKING_LEVEL, PATH_RENDERER_CLASS, DETAIL_RENDERER_CLASS)
VALUES ('b8da1133ed8d4f9d955e3448864f6541', 0, 1, '/', 'b16af3ff05d84670ae6878f78f85dbb8', '33', 'custDate7', 1, 'PathRenderer', 'DetailRenderer');
INSERT INTO CNT_HISTORY_DEF_ITEM
 (ID, REVISION, ENTITY_VERSION, DOMAIN_ID, PARENT_ID, LINE_NO, FIELD_ID, TRACKING_LEVEL, PATH_RENDERER_CLASS, DETAIL_RENDERER_CLASS)
VALUES ('e8b7a5f9af444f0d957b9e8f8ea758f8', 0, 1, '/', 'b16af3ff05d84670ae6878f78f85dbb8', '34', 'custNumber1', 1, 'PathRenderer', 'DetailRenderer');
INSERT INTO CNT_HISTORY_DEF_ITEM
 (ID, REVISION, ENTITY_VERSION, DOMAIN_ID, PARENT_ID, LINE_NO, FIELD_ID, TRACKING_LEVEL, PATH_RENDERER_CLASS, DETAIL_RENDERER_CLASS)
VALUES ('feca1ef31aa04125a7878bb7eca6f6c5', 0, 1, '/', 'b16af3ff05d84670ae6878f78f85dbb8', '35', 'custNumber2', 1, 'PathRenderer', 'DetailRenderer');
INSERT INTO CNT_HISTORY_DEF_ITEM
 (ID, REVISION, ENTITY_VERSION, DOMAIN_ID, PARENT_ID, LINE_NO, FIELD_ID, TRACKING_LEVEL, PATH_RENDERER_CLASS, DETAIL_RENDERER_CLASS)
VALUES ('21ee5952636f44b3ad7c4d78689889fe', 0, 1, '/', 'b16af3ff05d84670ae6878f78f85dbb8', '36', 'custNumber3', 1, 'PathRenderer', 'DetailRenderer');
INSERT INTO CNT_HISTORY_DEF_ITEM
 (ID, REVISION, ENTITY_VERSION, DOMAIN_ID, PARENT_ID, LINE_NO, FIELD_ID, TRACKING_LEVEL, PATH_RENDERER_CLASS, DETAIL_RENDERER_CLASS)
VALUES ('32cd0cbc1b3d4486b0f42ffdfee3eb44', 0, 1, '/', 'b16af3ff05d84670ae6878f78f85dbb8', '37', 'custNumber4', 1, 'PathRenderer', 'DetailRenderer');
INSERT INTO CNT_HISTORY_DEF_ITEM
 (ID, REVISION, ENTITY_VERSION, DOMAIN_ID, PARENT_ID, LINE_NO, FIELD_ID, TRACKING_LEVEL, PATH_RENDERER_CLASS, DETAIL_RENDERER_CLASS)
VALUES ('372f8edc2a194f1bb774c7b5e50d4ebd', 0, 1, '/', 'b16af3ff05d84670ae6878f78f85dbb8', '38', 'custNumber5', 1, 'PathRenderer', 'DetailRenderer');
INSERT INTO CNT_HISTORY_DEF_ITEM
 (ID, REVISION, ENTITY_VERSION, DOMAIN_ID, PARENT_ID, LINE_NO, FIELD_ID, TRACKING_LEVEL, PATH_RENDERER_CLASS, DETAIL_RENDERER_CLASS)
VALUES ('2b13e5ecf5234a4d9a4e30f10471a943', 0, 1, '/', 'b16af3ff05d84670ae6878f78f85dbb8', '39', 'custNumber6', 1, 'PathRenderer', 'DetailRenderer');
INSERT INTO CNT_HISTORY_DEF_ITEM
 (ID, REVISION, ENTITY_VERSION, DOMAIN_ID, PARENT_ID, LINE_NO, FIELD_ID, TRACKING_LEVEL, PATH_RENDERER_CLASS, DETAIL_RENDERER_CLASS)
VALUES ('aac0088b587f46feb7fe44c15fbe7065', 0, 1, '/', 'b16af3ff05d84670ae6878f78f85dbb8', '40', 'custNumber7', 1, 'PathRenderer', 'DetailRenderer');
INSERT INTO CNT_HISTORY_DEF_ITEM
 (ID, REVISION, ENTITY_VERSION, DOMAIN_ID, PARENT_ID, LINE_NO, FIELD_ID, TRACKING_LEVEL, PATH_RENDERER_CLASS, DETAIL_RENDERER_CLASS)
VALUES ('d27b0145830b43f0848b0eca4061c96d', 0, 1, '/', 'b16af3ff05d84670ae6878f78f85dbb8', '41', 'custDecimal1', 1, 'PathRenderer', 'DetailRenderer');
INSERT INTO CNT_HISTORY_DEF_ITEM
 (ID, REVISION, ENTITY_VERSION, DOMAIN_ID, PARENT_ID, LINE_NO, FIELD_ID, TRACKING_LEVEL, PATH_RENDERER_CLASS, DETAIL_RENDERER_CLASS)
VALUES ('cc91bb2e1c614e3e9cae003e65775bad', 0, 1, '/', 'b16af3ff05d84670ae6878f78f85dbb8', '42', 'custDecimal2', 1, 'PathRenderer', 'DetailRenderer');
INSERT INTO CNT_HISTORY_DEF_ITEM
 (ID, REVISION, ENTITY_VERSION, DOMAIN_ID, PARENT_ID, LINE_NO, FIELD_ID, TRACKING_LEVEL, PATH_RENDERER_CLASS, DETAIL_RENDERER_CLASS)
VALUES ('7fd1f0e6d6a847aab9f05fc5ef94ff36', 0, 1, '/', 'b16af3ff05d84670ae6878f78f85dbb8', '43', 'custDecimal3', 1, 'PathRenderer', 'DetailRenderer');
INSERT INTO CNT_HISTORY_DEF_ITEM
 (ID, REVISION, ENTITY_VERSION, DOMAIN_ID, PARENT_ID, LINE_NO, FIELD_ID, TRACKING_LEVEL, PATH_RENDERER_CLASS, DETAIL_RENDERER_CLASS)
VALUES ('902491cb7a954c329ea63f4898c7d806', 0, 1, '/', 'b16af3ff05d84670ae6878f78f85dbb8', '44', 'custDecimal4', 1, 'PathRenderer', 'DetailRenderer');
INSERT INTO CNT_HISTORY_DEF_ITEM
 (ID, REVISION, ENTITY_VERSION, DOMAIN_ID, PARENT_ID, LINE_NO, FIELD_ID, TRACKING_LEVEL, PATH_RENDERER_CLASS, DETAIL_RENDERER_CLASS)
VALUES ('b0dd1556eba34337a09ffd2a8a13b3ea', 0, 1, '/', 'b16af3ff05d84670ae6878f78f85dbb8', '45', 'custDecimal5', 1, 'PathRenderer', 'DetailRenderer');
INSERT INTO CNT_HISTORY_DEF_ITEM
 (ID, REVISION, ENTITY_VERSION, DOMAIN_ID, PARENT_ID, LINE_NO, FIELD_ID, TRACKING_LEVEL, PATH_RENDERER_CLASS, DETAIL_RENDERER_CLASS)
VALUES ('0dfe7bc370c74c0ba19587a7eb23b81a', 0, 1, '/', 'b16af3ff05d84670ae6878f78f85dbb8', '46', 'custDecimal6', 1, 'PathRenderer', 'DetailRenderer');
INSERT INTO CNT_HISTORY_DEF_ITEM
 (ID, REVISION, ENTITY_VERSION, DOMAIN_ID, PARENT_ID, LINE_NO, FIELD_ID, TRACKING_LEVEL, PATH_RENDERER_CLASS, DETAIL_RENDERER_CLASS)
VALUES ('0a07160945f54e60968eae363ea4f6e5', 0, 1, '/', 'b16af3ff05d84670ae6878f78f85dbb8', '47', 'custDecimal7', 1, 'PathRenderer', 'DetailRenderer');
INSERT INTO CNT_HISTORY_DEF_ITEM
 (ID, REVISION, ENTITY_VERSION, DOMAIN_ID, PARENT_ID, LINE_NO, FIELD_ID, TRACKING_LEVEL, PATH_RENDERER_CLASS, DETAIL_RENDERER_CLASS)
VALUES ('5f0da19d1270420f8e0a2c25342528a2', 0, 1, '/', 'b16af3ff05d84670ae6878f78f85dbb8', '48', 'custCodelist1', 1, 'PathRenderer', 'DetailRenderer');
INSERT INTO CNT_HISTORY_DEF_ITEM
 (ID, REVISION, ENTITY_VERSION, DOMAIN_ID, PARENT_ID, LINE_NO, FIELD_ID, TRACKING_LEVEL, PATH_RENDERER_CLASS, DETAIL_RENDERER_CLASS)
VALUES ('e2d10d94b155437aa5bec050c96872ab', 0, 1, '/', 'b16af3ff05d84670ae6878f78f85dbb8', '49', 'custCodelist2', 1, 'PathRenderer', 'DetailRenderer');
INSERT INTO CNT_HISTORY_DEF_ITEM
 (ID, REVISION, ENTITY_VERSION, DOMAIN_ID, PARENT_ID, LINE_NO, FIELD_ID, TRACKING_LEVEL, PATH_RENDERER_CLASS, DETAIL_RENDERER_CLASS)
VALUES ('35ca7fafed0d417fa576a74adba74966', 0, 1, '/', 'b16af3ff05d84670ae6878f78f85dbb8', '50', 'custCodelist3', 1, 'PathRenderer', 'DetailRenderer');
INSERT INTO CNT_HISTORY_DEF_ITEM
 (ID, REVISION, ENTITY_VERSION, DOMAIN_ID, PARENT_ID, LINE_NO, FIELD_ID, TRACKING_LEVEL, PATH_RENDERER_CLASS, DETAIL_RENDERER_CLASS)
VALUES ('981bbd05da3d4b8daa7853c467a17e11', 0, 1, '/', 'b16af3ff05d84670ae6878f78f85dbb8', '51', 'custCodelist4', 1, 'PathRenderer', 'DetailRenderer');
INSERT INTO CNT_HISTORY_DEF_ITEM
 (ID, REVISION, ENTITY_VERSION, DOMAIN_ID, PARENT_ID, LINE_NO, FIELD_ID, TRACKING_LEVEL, PATH_RENDERER_CLASS, DETAIL_RENDERER_CLASS)
VALUES ('7d77ab3a3d7d40e384ab32d325f3419f', 0, 1, '/', 'b16af3ff05d84670ae6878f78f85dbb8', '52', 'custCodelist5', 1, 'PathRenderer', 'DetailRenderer');
INSERT INTO CNT_HISTORY_DEF_ITEM
 (ID, REVISION, ENTITY_VERSION, DOMAIN_ID, PARENT_ID, LINE_NO, FIELD_ID, TRACKING_LEVEL, PATH_RENDERER_CLASS, DETAIL_RENDERER_CLASS)
VALUES ('d2e517aa25ae40e5a180430d9f607300', 0, 1, '/', 'b16af3ff05d84670ae6878f78f85dbb8', '53', 'custCodelist6', 1, 'PathRenderer', 'DetailRenderer');
INSERT INTO CNT_HISTORY_DEF_ITEM
 (ID, REVISION, ENTITY_VERSION, DOMAIN_ID, PARENT_ID, LINE_NO, FIELD_ID, TRACKING_LEVEL, PATH_RENDERER_CLASS, DETAIL_RENDERER_CLASS)
VALUES ('6e163c8ebdc644c582b8dc121fd3c8b1', 0, 1, '/', 'b16af3ff05d84670ae6878f78f85dbb8', '54', 'custCodelist7', 1, 'PathRenderer', 'DetailRenderer');
INSERT INTO CNT_HISTORY_DEF_ITEM
 (ID, REVISION, ENTITY_VERSION, DOMAIN_ID, PARENT_ID, LINE_NO, FIELD_ID, TRACKING_LEVEL, PATH_RENDERER_CLASS, DETAIL_RENDERER_CLASS)
VALUES ('cf683b51c27e434fb9ce7486f59380d5', 0, 1, '/', 'b16af3ff05d84670ae6878f78f85dbb8', '55', 'custMemoText1', 1, 'PathRenderer', 'DetailRenderer');
INSERT INTO CNT_HISTORY_DEF_ITEM
 (ID, REVISION, ENTITY_VERSION, DOMAIN_ID, PARENT_ID, LINE_NO, FIELD_ID, TRACKING_LEVEL, PATH_RENDERER_CLASS, DETAIL_RENDERER_CLASS)
VALUES ('e4ede8867758432bbc552498709f2f7b', 0, 1, '/', 'b16af3ff05d84670ae6878f78f85dbb8', '56', 'custMemoText2', 1, 'PathRenderer', 'DetailRenderer');
INSERT INTO CNT_HISTORY_DEF_ITEM
 (ID, REVISION, ENTITY_VERSION, DOMAIN_ID, PARENT_ID, LINE_NO, FIELD_ID, TRACKING_LEVEL, PATH_RENDERER_CLASS, DETAIL_RENDERER_CLASS)
VALUES ('08f21acbbddb4878b36188f8c494fb5e', 0, 1, '/', 'b16af3ff05d84670ae6878f78f85dbb8', '57', 'custMemoText3', 1, 'PathRenderer', 'DetailRenderer');
INSERT INTO CNT_HISTORY_DEF_ITEM
 (ID, REVISION, ENTITY_VERSION, DOMAIN_ID, PARENT_ID, LINE_NO, FIELD_ID, TRACKING_LEVEL, PATH_RENDERER_CLASS, DETAIL_RENDERER_CLASS)
VALUES ('54608f5ccf82462297461c9668da80ee', 0, 1, '/', 'b16af3ff05d84670ae6878f78f85dbb8', '58', 'custMemoText4', 1, 'PathRenderer', 'DetailRenderer');
INSERT INTO CNT_HISTORY_DEF_ITEM
 (ID, REVISION, ENTITY_VERSION, DOMAIN_ID, PARENT_ID, LINE_NO, FIELD_ID, TRACKING_LEVEL, PATH_RENDERER_CLASS, DETAIL_RENDERER_CLASS)
VALUES ('af9a4bf2ef0a49fa99245907c2cb7c73', 0, 1, '/', 'b16af3ff05d84670ae6878f78f85dbb8', '59', 'custMemoText5', 1, 'PathRenderer', 'DetailRenderer');
INSERT INTO CNT_HISTORY_DEF_ITEM
 (ID, REVISION, ENTITY_VERSION, DOMAIN_ID, PARENT_ID, LINE_NO, FIELD_ID, TRACKING_LEVEL, PATH_RENDERER_CLASS, DETAIL_RENDERER_CLASS)
VALUES ('5f7fe2ab3ddd48caa68cd6c72415fe42', 0, 1, '/', 'b16af3ff05d84670ae6878f78f85dbb8', '60', 'custMemoText6', 1, 'PathRenderer', 'DetailRenderer');
INSERT INTO CNT_HISTORY_DEF_ITEM
 (ID, REVISION, ENTITY_VERSION, DOMAIN_ID, PARENT_ID, LINE_NO, FIELD_ID, TRACKING_LEVEL, PATH_RENDERER_CLASS, DETAIL_RENDERER_CLASS)
VALUES ('d784c9239c2e449c8ecdb7fad5cbbbaf', 0, 1, '/', 'b16af3ff05d84670ae6878f78f85dbb8', '61', 'custMemoText7', 1, 'PathRenderer', 'DetailRenderer');
INSERT INTO CNT_HISTORY_DEF_ITEM
 (ID, REVISION, ENTITY_VERSION, DOMAIN_ID, PARENT_ID, LINE_NO, FIELD_ID, TRACKING_LEVEL, PATH_RENDERER_CLASS, DETAIL_RENDERER_CLASS)
VALUES ('df0bc0b862dc4cda9c90a0d3143141fb', 0, 1, '/', 'b16af3ff05d84670ae6878f78f85dbb8', '62', 'custHcl1', 1, 'PathRenderer', 'DetailRenderer');
INSERT INTO CNT_HISTORY_DEF_ITEM
 (ID, REVISION, ENTITY_VERSION, DOMAIN_ID, PARENT_ID, LINE_NO, FIELD_ID, TRACKING_LEVEL, PATH_RENDERER_CLASS, DETAIL_RENDERER_CLASS)
VALUES ('53589688f23141008c837ed1603e21f1', 0, 1, '/', 'b16af3ff05d84670ae6878f78f85dbb8', '63', 'custHcl2', 1, 'PathRenderer', 'DetailRenderer');
INSERT INTO CNT_HISTORY_DEF_ITEM
 (ID, REVISION, ENTITY_VERSION, DOMAIN_ID, PARENT_ID, LINE_NO, FIELD_ID, TRACKING_LEVEL, PATH_RENDERER_CLASS, DETAIL_RENDERER_CLASS)
VALUES ('ea8501d1f2e548c994e64e206997d98e', 0, 1, '/', 'b16af3ff05d84670ae6878f78f85dbb8', '64', 'custHcl3', 1, 'PathRenderer', 'DetailRenderer');
INSERT INTO CNT_HISTORY_DEF_ITEM
 (ID, REVISION, ENTITY_VERSION, DOMAIN_ID, PARENT_ID, LINE_NO, FIELD_ID, TRACKING_LEVEL, PATH_RENDERER_CLASS, DETAIL_RENDERER_CLASS)
VALUES ('4aec0dcb48084b348fd8506e73d4b8ae', 0, 1, '/', 'b16af3ff05d84670ae6878f78f85dbb8', '65', 'custHcl4', 1, 'PathRenderer', 'DetailRenderer');
INSERT INTO CNT_HISTORY_DEF_ITEM
 (ID, REVISION, ENTITY_VERSION, DOMAIN_ID, PARENT_ID, LINE_NO, FIELD_ID, TRACKING_LEVEL, PATH_RENDERER_CLASS, DETAIL_RENDERER_CLASS)
VALUES ('d8cc931bbc754fc581b77c1c2585b4a4', 0, 1, '/', 'b16af3ff05d84670ae6878f78f85dbb8', '66', 'custHcl5', 1, 'PathRenderer', 'DetailRenderer');
INSERT INTO CNT_HISTORY_DEF_ITEM
 (ID, REVISION, ENTITY_VERSION, DOMAIN_ID, PARENT_ID, LINE_NO, FIELD_ID, TRACKING_LEVEL, PATH_RENDERER_CLASS, DETAIL_RENDERER_CLASS)
VALUES ('2c372b0eeab94e68ac82a86f1e7b33fc', 0, 1, '/', 'b16af3ff05d84670ae6878f78f85dbb8', '67', 'custCodelist1Name', 0, 'PathRenderer', 'DetailRenderer');
INSERT INTO CNT_HISTORY_DEF_ITEM
 (ID, REVISION, ENTITY_VERSION, DOMAIN_ID, PARENT_ID, LINE_NO, FIELD_ID, TRACKING_LEVEL, PATH_RENDERER_CLASS, DETAIL_RENDERER_CLASS)
VALUES ('2d32abaebd2c4fc3ab8786adae111fe6', 0, 1, '/', 'b16af3ff05d84670ae6878f78f85dbb8', '68', 'custCodelist2Name', 0, 'PathRenderer', 'DetailRenderer');
INSERT INTO CNT_HISTORY_DEF_ITEM
 (ID, REVISION, ENTITY_VERSION, DOMAIN_ID, PARENT_ID, LINE_NO, FIELD_ID, TRACKING_LEVEL, PATH_RENDERER_CLASS, DETAIL_RENDERER_CLASS)
VALUES ('aa0686fa09d04b238181714fff571bef', 0, 1, '/', 'b16af3ff05d84670ae6878f78f85dbb8', '69', 'custCodelist3Name', 0, 'PathRenderer', 'DetailRenderer');
INSERT INTO CNT_HISTORY_DEF_ITEM
 (ID, REVISION, ENTITY_VERSION, DOMAIN_ID, PARENT_ID, LINE_NO, FIELD_ID, TRACKING_LEVEL, PATH_RENDERER_CLASS, DETAIL_RENDERER_CLASS)
VALUES ('a34325ab37534928ac1e5ef7a04a53db', 0, 1, '/', 'b16af3ff05d84670ae6878f78f85dbb8', '70', 'custCodelist4Name', 0, 'PathRenderer', 'DetailRenderer');
INSERT INTO CNT_HISTORY_DEF_ITEM
 (ID, REVISION, ENTITY_VERSION, DOMAIN_ID, PARENT_ID, LINE_NO, FIELD_ID, TRACKING_LEVEL, PATH_RENDERER_CLASS, DETAIL_RENDERER_CLASS)
VALUES ('f705b5df67d741eca0c55c74772948f8', 0, 1, '/', 'b16af3ff05d84670ae6878f78f85dbb8', '71', 'custCodelist5Name', 0, 'PathRenderer', 'DetailRenderer');
INSERT INTO CNT_HISTORY_DEF_ITEM
 (ID, REVISION, ENTITY_VERSION, DOMAIN_ID, PARENT_ID, LINE_NO, FIELD_ID, TRACKING_LEVEL, PATH_RENDERER_CLASS, DETAIL_RENDERER_CLASS)
VALUES ('6508e28c092b483f969ed6dfcb48ed1e', 0, 1, '/', 'b16af3ff05d84670ae6878f78f85dbb8', '72', 'custCodelist6Name', 0, 'PathRenderer', 'DetailRenderer');
INSERT INTO CNT_HISTORY_DEF_ITEM
 (ID, REVISION, ENTITY_VERSION, DOMAIN_ID, PARENT_ID, LINE_NO, FIELD_ID, TRACKING_LEVEL, PATH_RENDERER_CLASS, DETAIL_RENDERER_CLASS)
VALUES ('d9d17efdf2a54710a0cace5b898269e2', 0, 1, '/', 'b16af3ff05d84670ae6878f78f85dbb8', '73', 'custCodelist7Name', 0, 'PathRenderer', 'DetailRenderer');
INSERT INTO CNT_HISTORY_DEF_ITEM
 (ID, REVISION, ENTITY_VERSION, DOMAIN_ID, PARENT_ID, LINE_NO, FIELD_ID, TRACKING_LEVEL, PATH_RENDERER_CLASS, DETAIL_RENDERER_CLASS)
VALUES ('ba6de5d8560a46348edcca9410ba3415', 0, 1, '/', 'b16af3ff05d84670ae6878f78f85dbb8', '74', 'custHcl1Ref', 0, 'PathRenderer', 'DetailRenderer');
INSERT INTO CNT_HISTORY_DEF_ITEM
 (ID, REVISION, ENTITY_VERSION, DOMAIN_ID, PARENT_ID, LINE_NO, FIELD_ID, TRACKING_LEVEL, PATH_RENDERER_CLASS, DETAIL_RENDERER_CLASS)
VALUES ('253f37f5d43c4e48afbbcc3a256ad6cc', 0, 1, '/', 'b16af3ff05d84670ae6878f78f85dbb8', '75', 'custHcl1Ver', 0, 'PathRenderer', 'DetailRenderer');
INSERT INTO CNT_HISTORY_DEF_ITEM
 (ID, REVISION, ENTITY_VERSION, DOMAIN_ID, PARENT_ID, LINE_NO, FIELD_ID, TRACKING_LEVEL, PATH_RENDERER_CLASS, DETAIL_RENDERER_CLASS)
VALUES ('b951a21233ac4c5aac20bcb97bb6a57b', 0, 1, '/', 'b16af3ff05d84670ae6878f78f85dbb8', '76', 'custHcl1Ref2', 0, 'PathRenderer', 'DetailRenderer');
INSERT INTO CNT_HISTORY_DEF_ITEM
 (ID, REVISION, ENTITY_VERSION, DOMAIN_ID, PARENT_ID, LINE_NO, FIELD_ID, TRACKING_LEVEL, PATH_RENDERER_CLASS, DETAIL_RENDERER_CLASS)
VALUES ('8f52687691d64c379521aa5ccafb9d2d', 0, 1, '/', 'b16af3ff05d84670ae6878f78f85dbb8', '77', 'custHcl1FullLineage', 0, 'PathRenderer', 'DetailRenderer');
INSERT INTO CNT_HISTORY_DEF_ITEM
 (ID, REVISION, ENTITY_VERSION, DOMAIN_ID, PARENT_ID, LINE_NO, FIELD_ID, TRACKING_LEVEL, PATH_RENDERER_CLASS, DETAIL_RENDERER_CLASS)
VALUES ('75ed836ca15041cea9cba94368b7fb9e', 0, 1, '/', 'b16af3ff05d84670ae6878f78f85dbb8', '78', 'custHcl2Ref', 0, 'PathRenderer', 'DetailRenderer');
INSERT INTO CNT_HISTORY_DEF_ITEM
 (ID, REVISION, ENTITY_VERSION, DOMAIN_ID, PARENT_ID, LINE_NO, FIELD_ID, TRACKING_LEVEL, PATH_RENDERER_CLASS, DETAIL_RENDERER_CLASS)
VALUES ('8e07d857ac3f4d32890f8e549838002b', 0, 1, '/', 'b16af3ff05d84670ae6878f78f85dbb8', '79', 'custHcl2Ver', 0, 'PathRenderer', 'DetailRenderer');
INSERT INTO CNT_HISTORY_DEF_ITEM
 (ID, REVISION, ENTITY_VERSION, DOMAIN_ID, PARENT_ID, LINE_NO, FIELD_ID, TRACKING_LEVEL, PATH_RENDERER_CLASS, DETAIL_RENDERER_CLASS)
VALUES ('9af6534fc5ef42f6b011b229f72f85c9', 0, 1, '/', 'b16af3ff05d84670ae6878f78f85dbb8', '80', 'custHcl2Ref2', 0, 'PathRenderer', 'DetailRenderer');
INSERT INTO CNT_HISTORY_DEF_ITEM
 (ID, REVISION, ENTITY_VERSION, DOMAIN_ID, PARENT_ID, LINE_NO, FIELD_ID, TRACKING_LEVEL, PATH_RENDERER_CLASS, DETAIL_RENDERER_CLASS)
VALUES ('9bfd737bb1384837959beba1942af987', 0, 1, '/', 'b16af3ff05d84670ae6878f78f85dbb8', '81', 'custHcl2FullLineage', 0, 'PathRenderer', 'DetailRenderer');
INSERT INTO CNT_HISTORY_DEF_ITEM
 (ID, REVISION, ENTITY_VERSION, DOMAIN_ID, PARENT_ID, LINE_NO, FIELD_ID, TRACKING_LEVEL, PATH_RENDERER_CLASS, DETAIL_RENDERER_CLASS)
VALUES ('26b3dd75c8a349b18f03a254b1151cb3', 0, 1, '/', 'b16af3ff05d84670ae6878f78f85dbb8', '82', 'custHcl3Ref', 0, 'PathRenderer', 'DetailRenderer');
INSERT INTO CNT_HISTORY_DEF_ITEM
 (ID, REVISION, ENTITY_VERSION, DOMAIN_ID, PARENT_ID, LINE_NO, FIELD_ID, TRACKING_LEVEL, PATH_RENDERER_CLASS, DETAIL_RENDERER_CLASS)
VALUES ('28d93a842f2747f99e807403b404606b', 0, 1, '/', 'b16af3ff05d84670ae6878f78f85dbb8', '83', 'custHcl3Ver', 0, 'PathRenderer', 'DetailRenderer');
INSERT INTO CNT_HISTORY_DEF_ITEM
 (ID, REVISION, ENTITY_VERSION, DOMAIN_ID, PARENT_ID, LINE_NO, FIELD_ID, TRACKING_LEVEL, PATH_RENDERER_CLASS, DETAIL_RENDERER_CLASS)
VALUES ('58a76180e16b4c15bb75ee6501286a86', 0, 1, '/', 'b16af3ff05d84670ae6878f78f85dbb8', '84', 'custHcl3Ref2', 0, 'PathRenderer', 'DetailRenderer');
INSERT INTO CNT_HISTORY_DEF_ITEM
 (ID, REVISION, ENTITY_VERSION, DOMAIN_ID, PARENT_ID, LINE_NO, FIELD_ID, TRACKING_LEVEL, PATH_RENDERER_CLASS, DETAIL_RENDERER_CLASS)
VALUES ('0803ff54a6ba4bfba874384071a705d3', 0, 1, '/', 'b16af3ff05d84670ae6878f78f85dbb8', '85', 'custHcl3FullLineage', 0, 'PathRenderer', 'DetailRenderer');
INSERT INTO CNT_HISTORY_DEF_ITEM
 (ID, REVISION, ENTITY_VERSION, DOMAIN_ID, PARENT_ID, LINE_NO, FIELD_ID, TRACKING_LEVEL, PATH_RENDERER_CLASS, DETAIL_RENDERER_CLASS)
VALUES ('024f3fde56434812b889432f4e4da2ff', 0, 1, '/', 'b16af3ff05d84670ae6878f78f85dbb8', '86', 'custHcl4Ref', 0, 'PathRenderer', 'DetailRenderer');
INSERT INTO CNT_HISTORY_DEF_ITEM
 (ID, REVISION, ENTITY_VERSION, DOMAIN_ID, PARENT_ID, LINE_NO, FIELD_ID, TRACKING_LEVEL, PATH_RENDERER_CLASS, DETAIL_RENDERER_CLASS)
VALUES ('19b3a7fa05bd4a20aea761d585fcf975', 0, 1, '/', 'b16af3ff05d84670ae6878f78f85dbb8', '87', 'custHcl4Ver', 0, 'PathRenderer', 'DetailRenderer');
INSERT INTO CNT_HISTORY_DEF_ITEM
 (ID, REVISION, ENTITY_VERSION, DOMAIN_ID, PARENT_ID, LINE_NO, FIELD_ID, TRACKING_LEVEL, PATH_RENDERER_CLASS, DETAIL_RENDERER_CLASS)
VALUES ('5e49c0c09e374dd497f92838345a4790', 0, 1, '/', 'b16af3ff05d84670ae6878f78f85dbb8', '88', 'custHcl4Ref2', 0, 'PathRenderer', 'DetailRenderer');
INSERT INTO CNT_HISTORY_DEF_ITEM
 (ID, REVISION, ENTITY_VERSION, DOMAIN_ID, PARENT_ID, LINE_NO, FIELD_ID, TRACKING_LEVEL, PATH_RENDERER_CLASS, DETAIL_RENDERER_CLASS)
VALUES ('32885fea6a194368ab2c211f1c4289c5', 0, 1, '/', 'b16af3ff05d84670ae6878f78f85dbb8', '89', 'custHcl4FullLineage', 0, 'PathRenderer', 'DetailRenderer');
INSERT INTO CNT_HISTORY_DEF_ITEM
 (ID, REVISION, ENTITY_VERSION, DOMAIN_ID, PARENT_ID, LINE_NO, FIELD_ID, TRACKING_LEVEL, PATH_RENDERER_CLASS, DETAIL_RENDERER_CLASS)
VALUES ('42c54bdc784f4c67952c5e9071866848', 0, 1, '/', 'b16af3ff05d84670ae6878f78f85dbb8', '90', 'custHcl5Ref', 0, 'PathRenderer', 'DetailRenderer');
INSERT INTO CNT_HISTORY_DEF_ITEM
 (ID, REVISION, ENTITY_VERSION, DOMAIN_ID, PARENT_ID, LINE_NO, FIELD_ID, TRACKING_LEVEL, PATH_RENDERER_CLASS, DETAIL_RENDERER_CLASS)
VALUES ('0466a1f833b94b0589a50cb8471f8f8c', 0, 1, '/', 'b16af3ff05d84670ae6878f78f85dbb8', '91', 'custHcl5Ver', 0, 'PathRenderer', 'DetailRenderer');
INSERT INTO CNT_HISTORY_DEF_ITEM
 (ID, REVISION, ENTITY_VERSION, DOMAIN_ID, PARENT_ID, LINE_NO, FIELD_ID, TRACKING_LEVEL, PATH_RENDERER_CLASS, DETAIL_RENDERER_CLASS)
VALUES ('2f4ea0d3afd749ebb96e29d0a83aa033', 0, 1, '/', 'b16af3ff05d84670ae6878f78f85dbb8', '92', 'custHcl5Ref2', 0, 'PathRenderer', 'DetailRenderer');
INSERT INTO CNT_HISTORY_DEF_ITEM
 (ID, REVISION, ENTITY_VERSION, DOMAIN_ID, PARENT_ID, LINE_NO, FIELD_ID, TRACKING_LEVEL, PATH_RENDERER_CLASS, DETAIL_RENDERER_CLASS)
VALUES ('18eda3ed47114334af16ef16959c1266', 0, 1, '/', 'b16af3ff05d84670ae6878f78f85dbb8', '93', 'custHcl5FullLineage', 0, 'PathRenderer', 'DetailRenderer');
