set define off;
DELETE CNT_FIELD_DEFINITION WHERE PARENT_ID = (SELECT ID FROM CNT_ENTITY_DEFINITION WHERE ENTITY_NAME = 'VendorInvoiceAttachment' AND ENTITY_VERSION = 1);
DELETE CNT_ENTITY_DEFINITION WHERE ENTITY_NAME = 'VendorInvoiceAttachment' AND ENTITY_VERSION = 1;
DELETE CNT_FIELD_DEFINITION WHERE PARENT_ID = (SELECT ID FROM CNT_ENTITY_DEFINITION WHERE ENTITY_NAME = 'VIShipmentItemSize' AND ENTITY_VERSION = 1);
DELETE CNT_ENTITY_DEFINITION WHERE ENTITY_NAME = 'VIShipmentItemSize' AND ENTITY_VERSION = 1;
DELETE CNT_FIELD_DEFINITION WHERE PARENT_ID = (SELECT ID FROM CNT_ENTITY_DEFINITION WHERE ENTITY_NAME = 'VendorInvoiceShipItem' AND ENTITY_VERSION = 1);
DELETE CNT_ENTITY_DEFINITION WHERE ENTITY_NAME = 'VendorInvoiceShipItem' AND ENTITY_VERSION = 1;
DELETE CNT_FIELD_DEFINITION WHERE PARENT_ID = (SELECT ID FROM CNT_ENTITY_DEFINITION WHERE ENTITY_NAME = 'VIShipmentItemColor' AND ENTITY_VERSION = 1);
DELETE CNT_ENTITY_DEFINITION WHERE ENTITY_NAME = 'VIShipmentItemColor' AND ENTITY_VERSION = 1;
DELETE CNT_FIELD_DEFINITION WHERE PARENT_ID = (SELECT ID FROM CNT_ENTITY_DEFINITION WHERE ENTITY_NAME = 'VendorInvoice' AND ENTITY_VERSION = 1);
DELETE CNT_ENTITY_DEFINITION WHERE ENTITY_NAME = 'VendorInvoice' AND ENTITY_VERSION = 1;
DELETE CNT_FIELD_DEFINITION WHERE PARENT_ID = (SELECT ID FROM CNT_ENTITY_DEFINITION WHERE ENTITY_NAME = 'VendorInvoiceHistory' AND ENTITY_VERSION = 1);
DELETE CNT_ENTITY_DEFINITION WHERE ENTITY_NAME = 'VendorInvoiceHistory' AND ENTITY_VERSION = 1;
DELETE CNT_FIELD_DEFINITION WHERE PARENT_ID = (SELECT ID FROM CNT_ENTITY_DEFINITION WHERE ENTITY_NAME = 'VendorInvoiceChargeOnDoc' AND ENTITY_VERSION = 1);
DELETE CNT_ENTITY_DEFINITION WHERE ENTITY_NAME = 'VendorInvoiceChargeOnDoc' AND ENTITY_VERSION = 1;
DELETE CNT_FIELD_DEFINITION WHERE PARENT_ID = (SELECT ID FROM CNT_ENTITY_DEFINITION WHERE ENTITY_NAME = 'VIShipmentItemCs' AND ENTITY_VERSION = 1);
DELETE CNT_ENTITY_DEFINITION WHERE ENTITY_NAME = 'VIShipmentItemCs' AND ENTITY_VERSION = 1;
DELETE CNT_FIELD_DEFINITION WHERE PARENT_ID = (SELECT ID FROM CNT_ENTITY_DEFINITION WHERE ENTITY_NAME = 'VendorInvoiceCharge' AND ENTITY_VERSION = 1);
DELETE CNT_ENTITY_DEFINITION WHERE ENTITY_NAME = 'VendorInvoiceCharge' AND ENTITY_VERSION = 1;
DELETE CNT_FIELD_DEFINITION WHERE PARENT_ID = (SELECT ID FROM CNT_ENTITY_DEFINITION WHERE ENTITY_NAME = 'VendorInvoiceContact' AND ENTITY_VERSION = 1);
DELETE CNT_ENTITY_DEFINITION WHERE ENTITY_NAME = 'VendorInvoiceContact' AND ENTITY_VERSION = 1;
DELETE CNT_FIELD_DEFINITION WHERE PARENT_ID = (SELECT ID FROM CNT_ENTITY_DEFINITION WHERE ENTITY_NAME = 'VendorInvoiceAddress' AND ENTITY_VERSION = 1);
DELETE CNT_ENTITY_DEFINITION WHERE ENTITY_NAME = 'VendorInvoiceAddress' AND ENTITY_VERSION = 1;
INSERT INTO CNT_ENTITY_DEFINITION
 (ID, REVISION, ENTITY_NAME, ENTITY_VERSION, PRODUCT_TABLE_NAME, CUSTOM_TABLE_NAME, REPORT_TABLE_NAME, MODULE, TYPE, REVISION_TRACKING, VERSION_TRACKING, HISTORY_ENTITY_NAME, REF_PATTERN, SYSTEM_ENTITY, CREATE_USER, CREATED_ON, IS_FOR_EXTERNAL)
VALUES ('e82fc380dbd54b25802bbc75d23f9f4b', 0, 'VendorInvoiceAttachment', 1, 'CNT_VI_ATTACHMENT', 'CTM_VENDOR_INVOICE', 'VENDOR_INVOICE_ATTACHMENT', 'vendorInvoice', 'inner', '', 'ALL', '', '', 0, 'system', systimestamp, 0);
INSERT INTO CNT_FIELD_DEFINITION
 (ID, REVISION, PARENT_ID, FIELD_ID, COLUMN_NAME, COLUMN_TYPE, REPORT_COLUMN_NAME, PRODUCT_FIELD, FIELD_TYPE, ENTITY_LOOKUP, ENTITY_LOOKUP_KEY, ORDER_BY, GENERATOR, REFER_TABLE, KEY_COLUMN, LOOKUP_COLUMN, MANDATORY, MIN_LENGTH, MAX_LENGTH, MIN_VALUE, MAX_VALUE, CONSTANT_VALUE, UNIQUE_KEY, CREATE_USER, CREATED_ON, LINE_NO, MANAGED, FIELD_PATH, DATA_TYPE, DATA1, DATA2, TRANSITIVE_FIELDS, FORMULA, ENTITY_LOOKUP_TYPE)
VALUES ('b08014b71c4d4edd86c44bd5f5b989d7', 0, 'e82fc380dbd54b25802bbc75d23f9f4b', 'id', 'ID', 'CHAR(32)', '', 1, 'id', '', '', '', 'com.core.cbx.data.generator.UUIDGenerator', '', '', '', 0, 32, 32, NULL, NULL, '', '', 'system', systimestamp, '0', 0, 'entity.vendorInvoiceAttachments.id', '', '', '', '', '', '');
INSERT INTO CNT_FIELD_DEFINITION
 (ID, REVISION, PARENT_ID, FIELD_ID, COLUMN_NAME, COLUMN_TYPE, REPORT_COLUMN_NAME, PRODUCT_FIELD, FIELD_TYPE, ENTITY_LOOKUP, ENTITY_LOOKUP_KEY, ORDER_BY, GENERATOR, REFER_TABLE, KEY_COLUMN, LOOKUP_COLUMN, MANDATORY, MIN_LENGTH, MAX_LENGTH, MIN_VALUE, MAX_VALUE, CONSTANT_VALUE, UNIQUE_KEY, CREATE_USER, CREATED_ON, LINE_NO, MANAGED, FIELD_PATH, DATA_TYPE, DATA1, DATA2, TRANSITIVE_FIELDS, FORMULA, ENTITY_LOOKUP_TYPE)
VALUES ('00316800499940b1b3242de797ca6519', 0, 'e82fc380dbd54b25802bbc75d23f9f4b', 'revision', 'REVISION', 'NUMBER(20, 0)', '', 1, 'integer', '', '', '', '', '', '', '', 0, NULL, 18, NULL, NULL, '', '', 'system', systimestamp, '1', 0, 'entity.vendorInvoiceAttachments.revision', '', '', '', '', '', '');
INSERT INTO CNT_FIELD_DEFINITION
 (ID, REVISION, PARENT_ID, FIELD_ID, COLUMN_NAME, COLUMN_TYPE, REPORT_COLUMN_NAME, PRODUCT_FIELD, FIELD_TYPE, ENTITY_LOOKUP, ENTITY_LOOKUP_KEY, ORDER_BY, GENERATOR, REFER_TABLE, KEY_COLUMN, LOOKUP_COLUMN, MANDATORY, MIN_LENGTH, MAX_LENGTH, MIN_VALUE, MAX_VALUE, CONSTANT_VALUE, UNIQUE_KEY, CREATE_USER, CREATED_ON, LINE_NO, MANAGED, FIELD_PATH, DATA_TYPE, DATA1, DATA2, TRANSITIVE_FIELDS, FORMULA, ENTITY_LOOKUP_TYPE)
VALUES ('6ff86d5fbd014bbc998640aa7f9caab7', 0, 'e82fc380dbd54b25802bbc75d23f9f4b', 'entityVersion', 'ENTITY_VERSION', 'NUMBER(20, 0)', '', 1, 'integer', '', '', '', '', '', '', '', 0, NULL, 18, NULL, NULL, '', '', 'system', systimestamp, '2', 0, 'entity.vendorInvoiceAttachments.entityVersion', '', '', '', '', '', '');
INSERT INTO CNT_FIELD_DEFINITION
 (ID, REVISION, PARENT_ID, FIELD_ID, COLUMN_NAME, COLUMN_TYPE, REPORT_COLUMN_NAME, PRODUCT_FIELD, FIELD_TYPE, ENTITY_LOOKUP, ENTITY_LOOKUP_KEY, ORDER_BY, GENERATOR, REFER_TABLE, KEY_COLUMN, LOOKUP_COLUMN, MANDATORY, MIN_LENGTH, MAX_LENGTH, MIN_VALUE, MAX_VALUE, CONSTANT_VALUE, UNIQUE_KEY, CREATE_USER, CREATED_ON, LINE_NO, MANAGED, FIELD_PATH, DATA_TYPE, DATA1, DATA2, TRANSITIVE_FIELDS, FORMULA, ENTITY_LOOKUP_TYPE)
VALUES ('8081e26f9cee4e7f92ec8e178457bd9e', 0, 'e82fc380dbd54b25802bbc75d23f9f4b', 'domainId', 'DOMAIN_ID', 'NVARCHAR2(400)', '', 1, 'string-m', '', '', '', '', '', '', '', 0, NULL, 400, NULL, NULL, '', '', 'system', systimestamp, '3', 0, 'entity.vendorInvoiceAttachments.domainId', '', '', '', '', '', '');
INSERT INTO CNT_FIELD_DEFINITION
 (ID, REVISION, PARENT_ID, FIELD_ID, COLUMN_NAME, COLUMN_TYPE, REPORT_COLUMN_NAME, PRODUCT_FIELD, FIELD_TYPE, ENTITY_LOOKUP, ENTITY_LOOKUP_KEY, ORDER_BY, GENERATOR, REFER_TABLE, KEY_COLUMN, LOOKUP_COLUMN, MANDATORY, MIN_LENGTH, MAX_LENGTH, MIN_VALUE, MAX_VALUE, CONSTANT_VALUE, UNIQUE_KEY, CREATE_USER, CREATED_ON, LINE_NO, MANAGED, FIELD_PATH, DATA_TYPE, DATA1, DATA2, TRANSITIVE_FIELDS, FORMULA, ENTITY_LOOKUP_TYPE)
VALUES ('cb7fd823903b418aa600255b0aa4a9e2', 0, 'e82fc380dbd54b25802bbc75d23f9f4b', 'hubDomainId', 'HUB_DOMAIN_ID', 'NVARCHAR2(400)', '', 1, 'string-m', '', '', '', '', '', '', '', 0, NULL, 400, NULL, NULL, '', '', 'system', systimestamp, '4', 0, 'entity.vendorInvoiceAttachments.hubDomainId', '', '', '', '', '', '');
INSERT INTO CNT_FIELD_DEFINITION
 (ID, REVISION, PARENT_ID, FIELD_ID, COLUMN_NAME, COLUMN_TYPE, REPORT_COLUMN_NAME, PRODUCT_FIELD, FIELD_TYPE, ENTITY_LOOKUP, ENTITY_LOOKUP_KEY, ORDER_BY, GENERATOR, REFER_TABLE, KEY_COLUMN, LOOKUP_COLUMN, MANDATORY, MIN_LENGTH, MAX_LENGTH, MIN_VALUE, MAX_VALUE, CONSTANT_VALUE, UNIQUE_KEY, CREATE_USER, CREATED_ON, LINE_NO, MANAGED, FIELD_PATH, DATA_TYPE, DATA1, DATA2, TRANSITIVE_FIELDS, FORMULA, ENTITY_LOOKUP_TYPE)
VALUES ('fd6d3bbce947440e8161b851788a6661', 0, 'e82fc380dbd54b25802bbc75d23f9f4b', 'isForReference', 'IS_FOR_REFERENCE', 'NUMBER(1,0)', '', 1, 'boolean', '', '', '', '', '', '', '', 0, NULL, NULL, NULL, NULL, '', '', 'system', systimestamp, '5', 0, 'entity.vendorInvoiceAttachments.isForReference', '', '', '', '', '', '');
INSERT INTO CNT_FIELD_DEFINITION
 (ID, REVISION, PARENT_ID, FIELD_ID, COLUMN_NAME, COLUMN_TYPE, REPORT_COLUMN_NAME, PRODUCT_FIELD, FIELD_TYPE, ENTITY_LOOKUP, ENTITY_LOOKUP_KEY, ORDER_BY, GENERATOR, REFER_TABLE, KEY_COLUMN, LOOKUP_COLUMN, MANDATORY, MIN_LENGTH, MAX_LENGTH, MIN_VALUE, MAX_VALUE, CONSTANT_VALUE, UNIQUE_KEY, CREATE_USER, CREATED_ON, LINE_NO, MANAGED, FIELD_PATH, DATA_TYPE, DATA1, DATA2, TRANSITIVE_FIELDS, FORMULA, ENTITY_LOOKUP_TYPE)
VALUES ('3315d057beb04dfaacdaacc3f94c4bd7', 0, 'e82fc380dbd54b25802bbc75d23f9f4b', 'internalSeqNo', 'INTERNAL_SEQ_NO', 'NUMBER(20, 0)', 'n/a', 1, 'integer', '', '', '', '', '', '', '', 0, NULL, 18, NULL, NULL, '', '', 'system', systimestamp, '6', 0, 'entity.vendorInvoiceAttachments.internalSeqNo', '', '', '', '', '', '');
INSERT INTO CNT_FIELD_DEFINITION
 (ID, REVISION, PARENT_ID, FIELD_ID, COLUMN_NAME, COLUMN_TYPE, REPORT_COLUMN_NAME, PRODUCT_FIELD, FIELD_TYPE, ENTITY_LOOKUP, ENTITY_LOOKUP_KEY, ORDER_BY, GENERATOR, REFER_TABLE, KEY_COLUMN, LOOKUP_COLUMN, MANDATORY, MIN_LENGTH, MAX_LENGTH, MIN_VALUE, MAX_VALUE, CONSTANT_VALUE, UNIQUE_KEY, CREATE_USER, CREATED_ON, LINE_NO, MANAGED, FIELD_PATH, DATA_TYPE, DATA1, DATA2, TRANSITIVE_FIELDS, FORMULA, ENTITY_LOOKUP_TYPE)
VALUES ('e85db6a0921a4ddfac6371b4b5f04fc3', 0, 'e82fc380dbd54b25802bbc75d23f9f4b', 'vendorInvoiceId', 'VENDOR_INVOICE_ID', 'CHAR(32)', 'VENDOR_INVOICE_SYS_ID', 1, 'id', '', '', '', '', '', '', '', 1, 32, 32, NULL, NULL, '', '', 'system', systimestamp, '7', 0, 'entity.vendorInvoiceAttachments.vendorInvoiceId', '', '', '', '', '', '');
INSERT INTO CNT_FIELD_DEFINITION
 (ID, REVISION, PARENT_ID, FIELD_ID, COLUMN_NAME, COLUMN_TYPE, REPORT_COLUMN_NAME, PRODUCT_FIELD, FIELD_TYPE, ENTITY_LOOKUP, ENTITY_LOOKUP_KEY, ORDER_BY, GENERATOR, REFER_TABLE, KEY_COLUMN, LOOKUP_COLUMN, MANDATORY, MIN_LENGTH, MAX_LENGTH, MIN_VALUE, MAX_VALUE, CONSTANT_VALUE, UNIQUE_KEY, CREATE_USER, CREATED_ON, LINE_NO, MANAGED, FIELD_PATH, DATA_TYPE, DATA1, DATA2, TRANSITIVE_FIELDS, FORMULA, ENTITY_LOOKUP_TYPE)
VALUES ('d15e1ba00e2643dcb3270f85cb92af4f', 0, 'e82fc380dbd54b25802bbc75d23f9f4b', 'description', 'DESCRIPTION', 'NVARCHAR2(1000)', 'DESCRIPTION', 1, 'string-l', '', '', '', '', '', '', '', 0, NULL, 1000, NULL, NULL, '', '', 'system', systimestamp, '8', 0, 'entity.vendorInvoiceAttachments.description', '', '', '', '', '', '');
INSERT INTO CNT_FIELD_DEFINITION
 (ID, REVISION, PARENT_ID, FIELD_ID, COLUMN_NAME, COLUMN_TYPE, REPORT_COLUMN_NAME, PRODUCT_FIELD, FIELD_TYPE, ENTITY_LOOKUP, ENTITY_LOOKUP_KEY, ORDER_BY, GENERATOR, REFER_TABLE, KEY_COLUMN, LOOKUP_COLUMN, MANDATORY, MIN_LENGTH, MAX_LENGTH, MIN_VALUE, MAX_VALUE, CONSTANT_VALUE, UNIQUE_KEY, CREATE_USER, CREATED_ON, LINE_NO, MANAGED, FIELD_PATH, DATA_TYPE, DATA1, DATA2, TRANSITIVE_FIELDS, FORMULA, ENTITY_LOOKUP_TYPE)
VALUES ('51179f4f2e1e4b5bbebeb8504d5d3eaa', 0, 'e82fc380dbd54b25802bbc75d23f9f4b', 'attachment', 'ATTACHMENT_ID', 'CHAR(32)', 'ATTACHMENT_SYS_ID', 1, 'entity', 'Attachment', 'id', '', '', '', '', '', 0, 32, 32, NULL, NULL, '', '', 'system', systimestamp, '9', 0, 'entity.vendorInvoiceAttachments.attachment', '', '', '', '', '', '');
INSERT INTO CNT_FIELD_DEFINITION
 (ID, REVISION, PARENT_ID, FIELD_ID, COLUMN_NAME, COLUMN_TYPE, REPORT_COLUMN_NAME, PRODUCT_FIELD, FIELD_TYPE, ENTITY_LOOKUP, ENTITY_LOOKUP_KEY, ORDER_BY, GENERATOR, REFER_TABLE, KEY_COLUMN, LOOKUP_COLUMN, MANDATORY, MIN_LENGTH, MAX_LENGTH, MIN_VALUE, MAX_VALUE, CONSTANT_VALUE, UNIQUE_KEY, CREATE_USER, CREATED_ON, LINE_NO, MANAGED, FIELD_PATH, DATA_TYPE, DATA1, DATA2, TRANSITIVE_FIELDS, FORMULA, ENTITY_LOOKUP_TYPE)
VALUES ('3d19be41c7ca48858c0c5eb3be21c5b7', 0, 'e82fc380dbd54b25802bbc75d23f9f4b', 'linkQc', 'LINK_QC', 'NUMBER(1,0)', 'IS_LINK_TO_QUALITY_CHECKLIST', 1, 'boolean', '', '', '', '', '', '', '', 0, NULL, NULL, NULL, NULL, '', '', 'system', systimestamp, '10', 0, 'entity.vendorInvoiceAttachments.linkQc', '', '', '', '', '', '');
INSERT INTO CNT_FIELD_DEFINITION
 (ID, REVISION, PARENT_ID, FIELD_ID, COLUMN_NAME, COLUMN_TYPE, REPORT_COLUMN_NAME, PRODUCT_FIELD, FIELD_TYPE, ENTITY_LOOKUP, ENTITY_LOOKUP_KEY, ORDER_BY, GENERATOR, REFER_TABLE, KEY_COLUMN, LOOKUP_COLUMN, MANDATORY, MIN_LENGTH, MAX_LENGTH, MIN_VALUE, MAX_VALUE, CONSTANT_VALUE, UNIQUE_KEY, CREATE_USER, CREATED_ON, LINE_NO, MANAGED, FIELD_PATH, DATA_TYPE, DATA1, DATA2, TRANSITIVE_FIELDS, FORMULA, ENTITY_LOOKUP_TYPE)
VALUES ('2c3185024a9846799ac1bdea9d524b17', 0, 'e82fc380dbd54b25802bbc75d23f9f4b', 'attachTypes', 'ATTACH_TYPES', '', '', 1, 'selection', 'SelectionField', 'parentId', '', '', '', '', '', 0, NULL, NULL, NULL, NULL, '', '', 'system', systimestamp, '11', 0, 'entity.vendorInvoiceAttachments.attachTypes', '', '', '', '', '', '');
INSERT INTO CNT_FIELD_DEFINITION
 (ID, REVISION, PARENT_ID, FIELD_ID, COLUMN_NAME, COLUMN_TYPE, REPORT_COLUMN_NAME, PRODUCT_FIELD, FIELD_TYPE, ENTITY_LOOKUP, ENTITY_LOOKUP_KEY, ORDER_BY, GENERATOR, REFER_TABLE, KEY_COLUMN, LOOKUP_COLUMN, MANDATORY, MIN_LENGTH, MAX_LENGTH, MIN_VALUE, MAX_VALUE, CONSTANT_VALUE, UNIQUE_KEY, CREATE_USER, CREATED_ON, LINE_NO, MANAGED, FIELD_PATH, DATA_TYPE, DATA1, DATA2, TRANSITIVE_FIELDS, FORMULA, ENTITY_LOOKUP_TYPE)
VALUES ('5b239826e88548bdaceeacdd9936a09f', 0, 'e82fc380dbd54b25802bbc75d23f9f4b', 'custText1', 'CUST_TEXT1', 'NVARCHAR2(1000)', 'CUSTOM_FIELD_TEXT1', 0, 'string-l', '', '', '', '', '', '', '', 0, NULL, 1000, NULL, NULL, '', '', 'system', systimestamp, '12', 0, 'entity.vendorInvoiceAttachments.custText1', '', '', '', '', '', '');
INSERT INTO CNT_FIELD_DEFINITION
 (ID, REVISION, PARENT_ID, FIELD_ID, COLUMN_NAME, COLUMN_TYPE, REPORT_COLUMN_NAME, PRODUCT_FIELD, FIELD_TYPE, ENTITY_LOOKUP, ENTITY_LOOKUP_KEY, ORDER_BY, GENERATOR, REFER_TABLE, KEY_COLUMN, LOOKUP_COLUMN, MANDATORY, MIN_LENGTH, MAX_LENGTH, MIN_VALUE, MAX_VALUE, CONSTANT_VALUE, UNIQUE_KEY, CREATE_USER, CREATED_ON, LINE_NO, MANAGED, FIELD_PATH, DATA_TYPE, DATA1, DATA2, TRANSITIVE_FIELDS, FORMULA, ENTITY_LOOKUP_TYPE)
VALUES ('5f9c7dd4fd17487aba3a5f50eb93ec3d', 0, 'e82fc380dbd54b25802bbc75d23f9f4b', 'custText2', 'CUST_TEXT2', 'NVARCHAR2(1000)', 'CUSTOM_FIELD_TEXT2', 0, 'string-l', '', '', '', '', '', '', '', 0, NULL, 1000, NULL, NULL, '', '', 'system', systimestamp, '13', 0, 'entity.vendorInvoiceAttachments.custText2', '', '', '', '', '', '');
INSERT INTO CNT_FIELD_DEFINITION
 (ID, REVISION, PARENT_ID, FIELD_ID, COLUMN_NAME, COLUMN_TYPE, REPORT_COLUMN_NAME, PRODUCT_FIELD, FIELD_TYPE, ENTITY_LOOKUP, ENTITY_LOOKUP_KEY, ORDER_BY, GENERATOR, REFER_TABLE, KEY_COLUMN, LOOKUP_COLUMN, MANDATORY, MIN_LENGTH, MAX_LENGTH, MIN_VALUE, MAX_VALUE, CONSTANT_VALUE, UNIQUE_KEY, CREATE_USER, CREATED_ON, LINE_NO, MANAGED, FIELD_PATH, DATA_TYPE, DATA1, DATA2, TRANSITIVE_FIELDS, FORMULA, ENTITY_LOOKUP_TYPE)
VALUES ('bc64070edc264a98a130ae2fb22f1646', 0, 'e82fc380dbd54b25802bbc75d23f9f4b', 'custText3', 'CUST_TEXT3', 'NVARCHAR2(1000)', 'CUSTOM_FIELD_TEXT3', 0, 'string-l', '', '', '', '', '', '', '', 0, NULL, 1000, NULL, NULL, '', '', 'system', systimestamp, '14', 0, 'entity.vendorInvoiceAttachments.custText3', '', '', '', '', '', '');
INSERT INTO CNT_FIELD_DEFINITION
 (ID, REVISION, PARENT_ID, FIELD_ID, COLUMN_NAME, COLUMN_TYPE, REPORT_COLUMN_NAME, PRODUCT_FIELD, FIELD_TYPE, ENTITY_LOOKUP, ENTITY_LOOKUP_KEY, ORDER_BY, GENERATOR, REFER_TABLE, KEY_COLUMN, LOOKUP_COLUMN, MANDATORY, MIN_LENGTH, MAX_LENGTH, MIN_VALUE, MAX_VALUE, CONSTANT_VALUE, UNIQUE_KEY, CREATE_USER, CREATED_ON, LINE_NO, MANAGED, FIELD_PATH, DATA_TYPE, DATA1, DATA2, TRANSITIVE_FIELDS, FORMULA, ENTITY_LOOKUP_TYPE)
VALUES ('0cade61df8904aa88c68d7cd2d158b82', 0, 'e82fc380dbd54b25802bbc75d23f9f4b', 'custText4', 'CUST_TEXT4', 'NVARCHAR2(1000)', 'CUSTOM_FIELD_TEXT4', 0, 'string-l', '', '', '', '', '', '', '', 0, NULL, 1000, NULL, NULL, '', '', 'system', systimestamp, '15', 0, 'entity.vendorInvoiceAttachments.custText4', '', '', '', '', '', '');
INSERT INTO CNT_FIELD_DEFINITION
 (ID, REVISION, PARENT_ID, FIELD_ID, COLUMN_NAME, COLUMN_TYPE, REPORT_COLUMN_NAME, PRODUCT_FIELD, FIELD_TYPE, ENTITY_LOOKUP, ENTITY_LOOKUP_KEY, ORDER_BY, GENERATOR, REFER_TABLE, KEY_COLUMN, LOOKUP_COLUMN, MANDATORY, MIN_LENGTH, MAX_LENGTH, MIN_VALUE, MAX_VALUE, CONSTANT_VALUE, UNIQUE_KEY, CREATE_USER, CREATED_ON, LINE_NO, MANAGED, FIELD_PATH, DATA_TYPE, DATA1, DATA2, TRANSITIVE_FIELDS, FORMULA, ENTITY_LOOKUP_TYPE)
VALUES ('95a1405c1e154a1fb1226b8cda1676d8', 0, 'e82fc380dbd54b25802bbc75d23f9f4b', 'custText5', 'CUST_TEXT5', 'NVARCHAR2(1000)', 'CUSTOM_FIELD_TEXT5', 0, 'string-l', '', '', '', '', '', '', '', 0, NULL, 1000, NULL, NULL, '', '', 'system', systimestamp, '16', 0, 'entity.vendorInvoiceAttachments.custText5', '', '', '', '', '', '');
INSERT INTO CNT_FIELD_DEFINITION
 (ID, REVISION, PARENT_ID, FIELD_ID, COLUMN_NAME, COLUMN_TYPE, REPORT_COLUMN_NAME, PRODUCT_FIELD, FIELD_TYPE, ENTITY_LOOKUP, ENTITY_LOOKUP_KEY, ORDER_BY, GENERATOR, REFER_TABLE, KEY_COLUMN, LOOKUP_COLUMN, MANDATORY, MIN_LENGTH, MAX_LENGTH, MIN_VALUE, MAX_VALUE, CONSTANT_VALUE, UNIQUE_KEY, CREATE_USER, CREATED_ON, LINE_NO, MANAGED, FIELD_PATH, DATA_TYPE, DATA1, DATA2, TRANSITIVE_FIELDS, FORMULA, ENTITY_LOOKUP_TYPE)
VALUES ('c8a88d84327646a1b0b056593f8ade31', 0, 'e82fc380dbd54b25802bbc75d23f9f4b', 'custText6', 'CUST_TEXT6', 'NVARCHAR2(1000)', 'CUSTOM_FIELD_TEXT6', 0, 'string-l', '', '', '', '', '', '', '', 0, NULL, 1000, NULL, NULL, '', '', 'system', systimestamp, '17', 0, 'entity.vendorInvoiceAttachments.custText6', '', '', '', '', '', '');
INSERT INTO CNT_FIELD_DEFINITION
 (ID, REVISION, PARENT_ID, FIELD_ID, COLUMN_NAME, COLUMN_TYPE, REPORT_COLUMN_NAME, PRODUCT_FIELD, FIELD_TYPE, ENTITY_LOOKUP, ENTITY_LOOKUP_KEY, ORDER_BY, GENERATOR, REFER_TABLE, KEY_COLUMN, LOOKUP_COLUMN, MANDATORY, MIN_LENGTH, MAX_LENGTH, MIN_VALUE, MAX_VALUE, CONSTANT_VALUE, UNIQUE_KEY, CREATE_USER, CREATED_ON, LINE_NO, MANAGED, FIELD_PATH, DATA_TYPE, DATA1, DATA2, TRANSITIVE_FIELDS, FORMULA, ENTITY_LOOKUP_TYPE)
VALUES ('61d2b99d2fbc4da1b53418d52dee5f3e', 0, 'e82fc380dbd54b25802bbc75d23f9f4b', 'custText7', 'CUST_TEXT7', 'NVARCHAR2(1000)', 'CUSTOM_FIELD_TEXT7', 0, 'string-l', '', '', '', '', '', '', '', 0, NULL, 1000, NULL, NULL, '', '', 'system', systimestamp, '18', 0, 'entity.vendorInvoiceAttachments.custText7', '', '', '', '', '', '');
INSERT INTO CNT_FIELD_DEFINITION
 (ID, REVISION, PARENT_ID, FIELD_ID, COLUMN_NAME, COLUMN_TYPE, REPORT_COLUMN_NAME, PRODUCT_FIELD, FIELD_TYPE, ENTITY_LOOKUP, ENTITY_LOOKUP_KEY, ORDER_BY, GENERATOR, REFER_TABLE, KEY_COLUMN, LOOKUP_COLUMN, MANDATORY, MIN_LENGTH, MAX_LENGTH, MIN_VALUE, MAX_VALUE, CONSTANT_VALUE, UNIQUE_KEY, CREATE_USER, CREATED_ON, LINE_NO, MANAGED, FIELD_PATH, DATA_TYPE, DATA1, DATA2, TRANSITIVE_FIELDS, FORMULA, ENTITY_LOOKUP_TYPE)
VALUES ('4209e9895dd241fab1bf705d004071de', 0, 'e82fc380dbd54b25802bbc75d23f9f4b', 'custDate1', 'CUST_DATE1', 'DATE', 'CUSTOM_FIELD_DATE1', 0, 'date', '', '', '', '', '', '', '', 0, NULL, NULL, NULL, NULL, '', '', 'system', systimestamp, '19', 0, 'entity.vendorInvoiceAttachments.custDate1', '', '', '', '', '', '');
INSERT INTO CNT_FIELD_DEFINITION
 (ID, REVISION, PARENT_ID, FIELD_ID, COLUMN_NAME, COLUMN_TYPE, REPORT_COLUMN_NAME, PRODUCT_FIELD, FIELD_TYPE, ENTITY_LOOKUP, ENTITY_LOOKUP_KEY, ORDER_BY, GENERATOR, REFER_TABLE, KEY_COLUMN, LOOKUP_COLUMN, MANDATORY, MIN_LENGTH, MAX_LENGTH, MIN_VALUE, MAX_VALUE, CONSTANT_VALUE, UNIQUE_KEY, CREATE_USER, CREATED_ON, LINE_NO, MANAGED, FIELD_PATH, DATA_TYPE, DATA1, DATA2, TRANSITIVE_FIELDS, FORMULA, ENTITY_LOOKUP_TYPE)
VALUES ('ab9c91c67a4647d3abcf3fc03ea4dc72', 0, 'e82fc380dbd54b25802bbc75d23f9f4b', 'custDate2', 'CUST_DATE2', 'DATE', 'CUSTOM_FIELD_DATE2', 0, 'date', '', '', '', '', '', '', '', 0, NULL, NULL, NULL, NULL, '', '', 'system', systimestamp, '20', 0, 'entity.vendorInvoiceAttachments.custDate2', '', '', '', '', '', '');
INSERT INTO CNT_FIELD_DEFINITION
 (ID, REVISION, PARENT_ID, FIELD_ID, COLUMN_NAME, COLUMN_TYPE, REPORT_COLUMN_NAME, PRODUCT_FIELD, FIELD_TYPE, ENTITY_LOOKUP, ENTITY_LOOKUP_KEY, ORDER_BY, GENERATOR, REFER_TABLE, KEY_COLUMN, LOOKUP_COLUMN, MANDATORY, MIN_LENGTH, MAX_LENGTH, MIN_VALUE, MAX_VALUE, CONSTANT_VALUE, UNIQUE_KEY, CREATE_USER, CREATED_ON, LINE_NO, MANAGED, FIELD_PATH, DATA_TYPE, DATA1, DATA2, TRANSITIVE_FIELDS, FORMULA, ENTITY_LOOKUP_TYPE)
VALUES ('b27ef75dbac84a4bbed38621610ddcb3', 0, 'e82fc380dbd54b25802bbc75d23f9f4b', 'custDate3', 'CUST_DATE3', 'DATE', 'CUSTOM_FIELD_DATE3', 0, 'date', '', '', '', '', '', '', '', 0, NULL, NULL, NULL, NULL, '', '', 'system', systimestamp, '21', 0, 'entity.vendorInvoiceAttachments.custDate3', '', '', '', '', '', '');
INSERT INTO CNT_FIELD_DEFINITION
 (ID, REVISION, PARENT_ID, FIELD_ID, COLUMN_NAME, COLUMN_TYPE, REPORT_COLUMN_NAME, PRODUCT_FIELD, FIELD_TYPE, ENTITY_LOOKUP, ENTITY_LOOKUP_KEY, ORDER_BY, GENERATOR, REFER_TABLE, KEY_COLUMN, LOOKUP_COLUMN, MANDATORY, MIN_LENGTH, MAX_LENGTH, MIN_VALUE, MAX_VALUE, CONSTANT_VALUE, UNIQUE_KEY, CREATE_USER, CREATED_ON, LINE_NO, MANAGED, FIELD_PATH, DATA_TYPE, DATA1, DATA2, TRANSITIVE_FIELDS, FORMULA, ENTITY_LOOKUP_TYPE)
VALUES ('be1fae191a464a04a26dd78c5e6526de', 0, 'e82fc380dbd54b25802bbc75d23f9f4b', 'custDate4', 'CUST_DATE4', 'DATE', 'CUSTOM_FIELD_DATE4', 0, 'date', '', '', '', '', '', '', '', 0, NULL, NULL, NULL, NULL, '', '', 'system', systimestamp, '22', 0, 'entity.vendorInvoiceAttachments.custDate4', '', '', '', '', '', '');
INSERT INTO CNT_FIELD_DEFINITION
 (ID, REVISION, PARENT_ID, FIELD_ID, COLUMN_NAME, COLUMN_TYPE, REPORT_COLUMN_NAME, PRODUCT_FIELD, FIELD_TYPE, ENTITY_LOOKUP, ENTITY_LOOKUP_KEY, ORDER_BY, GENERATOR, REFER_TABLE, KEY_COLUMN, LOOKUP_COLUMN, MANDATORY, MIN_LENGTH, MAX_LENGTH, MIN_VALUE, MAX_VALUE, CONSTANT_VALUE, UNIQUE_KEY, CREATE_USER, CREATED_ON, LINE_NO, MANAGED, FIELD_PATH, DATA_TYPE, DATA1, DATA2, TRANSITIVE_FIELDS, FORMULA, ENTITY_LOOKUP_TYPE)
VALUES ('ef4873ccbc3143ac961dfb727e40138e', 0, 'e82fc380dbd54b25802bbc75d23f9f4b', 'custDate5', 'CUST_DATE5', 'DATE', 'CUSTOM_FIELD_DATE5', 0, 'date', '', '', '', '', '', '', '', 0, NULL, NULL, NULL, NULL, '', '', 'system', systimestamp, '23', 0, 'entity.vendorInvoiceAttachments.custDate5', '', '', '', '', '', '');
INSERT INTO CNT_FIELD_DEFINITION
 (ID, REVISION, PARENT_ID, FIELD_ID, COLUMN_NAME, COLUMN_TYPE, REPORT_COLUMN_NAME, PRODUCT_FIELD, FIELD_TYPE, ENTITY_LOOKUP, ENTITY_LOOKUP_KEY, ORDER_BY, GENERATOR, REFER_TABLE, KEY_COLUMN, LOOKUP_COLUMN, MANDATORY, MIN_LENGTH, MAX_LENGTH, MIN_VALUE, MAX_VALUE, CONSTANT_VALUE, UNIQUE_KEY, CREATE_USER, CREATED_ON, LINE_NO, MANAGED, FIELD_PATH, DATA_TYPE, DATA1, DATA2, TRANSITIVE_FIELDS, FORMULA, ENTITY_LOOKUP_TYPE)
VALUES ('bb39ddddb3a045f98bfc0d5cbb95bf6a', 0, 'e82fc380dbd54b25802bbc75d23f9f4b', 'custDate6', 'CUST_DATE6', 'DATE', 'CUSTOM_FIELD_DATE6', 0, 'date', '', '', '', '', '', '', '', 0, NULL, NULL, NULL, NULL, '', '', 'system', systimestamp, '24', 0, 'entity.vendorInvoiceAttachments.custDate6', '', '', '', '', '', '');
INSERT INTO CNT_FIELD_DEFINITION
 (ID, REVISION, PARENT_ID, FIELD_ID, COLUMN_NAME, COLUMN_TYPE, REPORT_COLUMN_NAME, PRODUCT_FIELD, FIELD_TYPE, ENTITY_LOOKUP, ENTITY_LOOKUP_KEY, ORDER_BY, GENERATOR, REFER_TABLE, KEY_COLUMN, LOOKUP_COLUMN, MANDATORY, MIN_LENGTH, MAX_LENGTH, MIN_VALUE, MAX_VALUE, CONSTANT_VALUE, UNIQUE_KEY, CREATE_USER, CREATED_ON, LINE_NO, MANAGED, FIELD_PATH, DATA_TYPE, DATA1, DATA2, TRANSITIVE_FIELDS, FORMULA, ENTITY_LOOKUP_TYPE)
VALUES ('01ca5a8df3024890b0fa2eefc9932ea5', 0, 'e82fc380dbd54b25802bbc75d23f9f4b', 'custDate7', 'CUST_DATE7', 'DATE', 'CUSTOM_FIELD_DATE7', 0, 'date', '', '', '', '', '', '', '', 0, NULL, NULL, NULL, NULL, '', '', 'system', systimestamp, '25', 0, 'entity.vendorInvoiceAttachments.custDate7', '', '', '', '', '', '');
INSERT INTO CNT_FIELD_DEFINITION
 (ID, REVISION, PARENT_ID, FIELD_ID, COLUMN_NAME, COLUMN_TYPE, REPORT_COLUMN_NAME, PRODUCT_FIELD, FIELD_TYPE, ENTITY_LOOKUP, ENTITY_LOOKUP_KEY, ORDER_BY, GENERATOR, REFER_TABLE, KEY_COLUMN, LOOKUP_COLUMN, MANDATORY, MIN_LENGTH, MAX_LENGTH, MIN_VALUE, MAX_VALUE, CONSTANT_VALUE, UNIQUE_KEY, CREATE_USER, CREATED_ON, LINE_NO, MANAGED, FIELD_PATH, DATA_TYPE, DATA1, DATA2, TRANSITIVE_FIELDS, FORMULA, ENTITY_LOOKUP_TYPE)
VALUES ('83982ba4656b4f19837ded7228ec5a95', 0, 'e82fc380dbd54b25802bbc75d23f9f4b', 'custNumber1', 'CUST_NUMBER1', 'NUMBER(20, 0)', 'CUSTOM_FIELD_NUMBER1', 0, 'integer', '', '', '', '', '', '', '', 0, NULL, 18, NULL, NULL, '', '', 'system', systimestamp, '26', 0, 'entity.vendorInvoiceAttachments.custNumber1', '', '', '', '', '', '');
INSERT INTO CNT_FIELD_DEFINITION
 (ID, REVISION, PARENT_ID, FIELD_ID, COLUMN_NAME, COLUMN_TYPE, REPORT_COLUMN_NAME, PRODUCT_FIELD, FIELD_TYPE, ENTITY_LOOKUP, ENTITY_LOOKUP_KEY, ORDER_BY, GENERATOR, REFER_TABLE, KEY_COLUMN, LOOKUP_COLUMN, MANDATORY, MIN_LENGTH, MAX_LENGTH, MIN_VALUE, MAX_VALUE, CONSTANT_VALUE, UNIQUE_KEY, CREATE_USER, CREATED_ON, LINE_NO, MANAGED, FIELD_PATH, DATA_TYPE, DATA1, DATA2, TRANSITIVE_FIELDS, FORMULA, ENTITY_LOOKUP_TYPE)
VALUES ('f28a00ac5bee401285b418e70f913eed', 0, 'e82fc380dbd54b25802bbc75d23f9f4b', 'custNumber2', 'CUST_NUMBER2', 'NUMBER(20, 0)', 'CUSTOM_FIELD_NUMBER2', 0, 'integer', '', '', '', '', '', '', '', 0, NULL, 18, NULL, NULL, '', '', 'system', systimestamp, '27', 0, 'entity.vendorInvoiceAttachments.custNumber2', '', '', '', '', '', '');
INSERT INTO CNT_FIELD_DEFINITION
 (ID, REVISION, PARENT_ID, FIELD_ID, COLUMN_NAME, COLUMN_TYPE, REPORT_COLUMN_NAME, PRODUCT_FIELD, FIELD_TYPE, ENTITY_LOOKUP, ENTITY_LOOKUP_KEY, ORDER_BY, GENERATOR, REFER_TABLE, KEY_COLUMN, LOOKUP_COLUMN, MANDATORY, MIN_LENGTH, MAX_LENGTH, MIN_VALUE, MAX_VALUE, CONSTANT_VALUE, UNIQUE_KEY, CREATE_USER, CREATED_ON, LINE_NO, MANAGED, FIELD_PATH, DATA_TYPE, DATA1, DATA2, TRANSITIVE_FIELDS, FORMULA, ENTITY_LOOKUP_TYPE)
VALUES ('45fb9641a20b4fc5905138acaa0b98b7', 0, 'e82fc380dbd54b25802bbc75d23f9f4b', 'custNumber3', 'CUST_NUMBER3', 'NUMBER(20, 0)', 'CUSTOM_FIELD_NUMBER3', 0, 'integer', '', '', '', '', '', '', '', 0, NULL, 18, NULL, NULL, '', '', 'system', systimestamp, '28', 0, 'entity.vendorInvoiceAttachments.custNumber3', '', '', '', '', '', '');
INSERT INTO CNT_FIELD_DEFINITION
 (ID, REVISION, PARENT_ID, FIELD_ID, COLUMN_NAME, COLUMN_TYPE, REPORT_COLUMN_NAME, PRODUCT_FIELD, FIELD_TYPE, ENTITY_LOOKUP, ENTITY_LOOKUP_KEY, ORDER_BY, GENERATOR, REFER_TABLE, KEY_COLUMN, LOOKUP_COLUMN, MANDATORY, MIN_LENGTH, MAX_LENGTH, MIN_VALUE, MAX_VALUE, CONSTANT_VALUE, UNIQUE_KEY, CREATE_USER, CREATED_ON, LINE_NO, MANAGED, FIELD_PATH, DATA_TYPE, DATA1, DATA2, TRANSITIVE_FIELDS, FORMULA, ENTITY_LOOKUP_TYPE)
VALUES ('756b135371c34dec8ab2e741a9cc0fbb', 0, 'e82fc380dbd54b25802bbc75d23f9f4b', 'custNumber4', 'CUST_NUMBER4', 'NUMBER(20, 0)', 'CUSTOM_FIELD_NUMBER4', 0, 'integer', '', '', '', '', '', '', '', 0, NULL, 18, NULL, NULL, '', '', 'system', systimestamp, '29', 0, 'entity.vendorInvoiceAttachments.custNumber4', '', '', '', '', '', '');
INSERT INTO CNT_FIELD_DEFINITION
 (ID, REVISION, PARENT_ID, FIELD_ID, COLUMN_NAME, COLUMN_TYPE, REPORT_COLUMN_NAME, PRODUCT_FIELD, FIELD_TYPE, ENTITY_LOOKUP, ENTITY_LOOKUP_KEY, ORDER_BY, GENERATOR, REFER_TABLE, KEY_COLUMN, LOOKUP_COLUMN, MANDATORY, MIN_LENGTH, MAX_LENGTH, MIN_VALUE, MAX_VALUE, CONSTANT_VALUE, UNIQUE_KEY, CREATE_USER, CREATED_ON, LINE_NO, MANAGED, FIELD_PATH, DATA_TYPE, DATA1, DATA2, TRANSITIVE_FIELDS, FORMULA, ENTITY_LOOKUP_TYPE)
VALUES ('87fbcca4987c414dbcbc1fc65d189332', 0, 'e82fc380dbd54b25802bbc75d23f9f4b', 'custNumber5', 'CUST_NUMBER5', 'NUMBER(20, 0)', 'CUSTOM_FIELD_NUMBER5', 0, 'integer', '', '', '', '', '', '', '', 0, NULL, 18, NULL, NULL, '', '', 'system', systimestamp, '30', 0, 'entity.vendorInvoiceAttachments.custNumber5', '', '', '', '', '', '');
INSERT INTO CNT_FIELD_DEFINITION
 (ID, REVISION, PARENT_ID, FIELD_ID, COLUMN_NAME, COLUMN_TYPE, REPORT_COLUMN_NAME, PRODUCT_FIELD, FIELD_TYPE, ENTITY_LOOKUP, ENTITY_LOOKUP_KEY, ORDER_BY, GENERATOR, REFER_TABLE, KEY_COLUMN, LOOKUP_COLUMN, MANDATORY, MIN_LENGTH, MAX_LENGTH, MIN_VALUE, MAX_VALUE, CONSTANT_VALUE, UNIQUE_KEY, CREATE_USER, CREATED_ON, LINE_NO, MANAGED, FIELD_PATH, DATA_TYPE, DATA1, DATA2, TRANSITIVE_FIELDS, FORMULA, ENTITY_LOOKUP_TYPE)
VALUES ('f4fa83e89f564d9ea32e0381cdad828a', 0, 'e82fc380dbd54b25802bbc75d23f9f4b', 'custNumber6', 'CUST_NUMBER6', 'NUMBER(20, 0)', 'CUSTOM_FIELD_NUMBER6', 0, 'integer', '', '', '', '', '', '', '', 0, NULL, 18, NULL, NULL, '', '', 'system', systimestamp, '31', 0, 'entity.vendorInvoiceAttachments.custNumber6', '', '', '', '', '', '');
INSERT INTO CNT_FIELD_DEFINITION
 (ID, REVISION, PARENT_ID, FIELD_ID, COLUMN_NAME, COLUMN_TYPE, REPORT_COLUMN_NAME, PRODUCT_FIELD, FIELD_TYPE, ENTITY_LOOKUP, ENTITY_LOOKUP_KEY, ORDER_BY, GENERATOR, REFER_TABLE, KEY_COLUMN, LOOKUP_COLUMN, MANDATORY, MIN_LENGTH, MAX_LENGTH, MIN_VALUE, MAX_VALUE, CONSTANT_VALUE, UNIQUE_KEY, CREATE_USER, CREATED_ON, LINE_NO, MANAGED, FIELD_PATH, DATA_TYPE, DATA1, DATA2, TRANSITIVE_FIELDS, FORMULA, ENTITY_LOOKUP_TYPE)
VALUES ('3260ec2b989d45549e96f36387333cb7', 0, 'e82fc380dbd54b25802bbc75d23f9f4b', 'custNumber7', 'CUST_NUMBER7', 'NUMBER(20, 0)', 'CUSTOM_FIELD_NUMBER7', 0, 'integer', '', '', '', '', '', '', '', 0, NULL, 18, NULL, NULL, '', '', 'system', systimestamp, '32', 0, 'entity.vendorInvoiceAttachments.custNumber7', '', '', '', '', '', '');
INSERT INTO CNT_FIELD_DEFINITION
 (ID, REVISION, PARENT_ID, FIELD_ID, COLUMN_NAME, COLUMN_TYPE, REPORT_COLUMN_NAME, PRODUCT_FIELD, FIELD_TYPE, ENTITY_LOOKUP, ENTITY_LOOKUP_KEY, ORDER_BY, GENERATOR, REFER_TABLE, KEY_COLUMN, LOOKUP_COLUMN, MANDATORY, MIN_LENGTH, MAX_LENGTH, MIN_VALUE, MAX_VALUE, CONSTANT_VALUE, UNIQUE_KEY, CREATE_USER, CREATED_ON, LINE_NO, MANAGED, FIELD_PATH, DATA_TYPE, DATA1, DATA2, TRANSITIVE_FIELDS, FORMULA, ENTITY_LOOKUP_TYPE)
VALUES ('cffe6433ecfa4ef68959e5f08f23f809', 0, 'e82fc380dbd54b25802bbc75d23f9f4b', 'custDecimal1', 'CUST_DECIMAL1', 'NUMBER(25, 5)', 'CUSTOM_FIELD_DECIMAL1', 0, 'decimal-rate', '', '', '', '', '', '', '', 0, NULL, 20, NULL, NULL, '', '', 'system', systimestamp, '33', 0, 'entity.vendorInvoiceAttachments.custDecimal1', '', '', '', '', '', '');
INSERT INTO CNT_FIELD_DEFINITION
 (ID, REVISION, PARENT_ID, FIELD_ID, COLUMN_NAME, COLUMN_TYPE, REPORT_COLUMN_NAME, PRODUCT_FIELD, FIELD_TYPE, ENTITY_LOOKUP, ENTITY_LOOKUP_KEY, ORDER_BY, GENERATOR, REFER_TABLE, KEY_COLUMN, LOOKUP_COLUMN, MANDATORY, MIN_LENGTH, MAX_LENGTH, MIN_VALUE, MAX_VALUE, CONSTANT_VALUE, UNIQUE_KEY, CREATE_USER, CREATED_ON, LINE_NO, MANAGED, FIELD_PATH, DATA_TYPE, DATA1, DATA2, TRANSITIVE_FIELDS, FORMULA, ENTITY_LOOKUP_TYPE)
VALUES ('3fc0036974ed48499015878c13bba126', 0, 'e82fc380dbd54b25802bbc75d23f9f4b', 'custDecimal2', 'CUST_DECIMAL2', 'NUMBER(25, 5)', 'CUSTOM_FIELD_DECIMAL2', 0, 'decimal-rate', '', '', '', '', '', '', '', 0, NULL, 20, NULL, NULL, '', '', 'system', systimestamp, '34', 0, 'entity.vendorInvoiceAttachments.custDecimal2', '', '', '', '', '', '');
INSERT INTO CNT_FIELD_DEFINITION
 (ID, REVISION, PARENT_ID, FIELD_ID, COLUMN_NAME, COLUMN_TYPE, REPORT_COLUMN_NAME, PRODUCT_FIELD, FIELD_TYPE, ENTITY_LOOKUP, ENTITY_LOOKUP_KEY, ORDER_BY, GENERATOR, REFER_TABLE, KEY_COLUMN, LOOKUP_COLUMN, MANDATORY, MIN_LENGTH, MAX_LENGTH, MIN_VALUE, MAX_VALUE, CONSTANT_VALUE, UNIQUE_KEY, CREATE_USER, CREATED_ON, LINE_NO, MANAGED, FIELD_PATH, DATA_TYPE, DATA1, DATA2, TRANSITIVE_FIELDS, FORMULA, ENTITY_LOOKUP_TYPE)
VALUES ('6b9a40dd6a524c7b8c0d980de57917bc', 0, 'e82fc380dbd54b25802bbc75d23f9f4b', 'custDecimal3', 'CUST_DECIMAL3', 'NUMBER(25, 5)', 'CUSTOM_FIELD_DECIMAL3', 0, 'decimal-rate', '', '', '', '', '', '', '', 0, NULL, 20, NULL, NULL, '', '', 'system', systimestamp, '35', 0, 'entity.vendorInvoiceAttachments.custDecimal3', '', '', '', '', '', '');
INSERT INTO CNT_FIELD_DEFINITION
 (ID, REVISION, PARENT_ID, FIELD_ID, COLUMN_NAME, COLUMN_TYPE, REPORT_COLUMN_NAME, PRODUCT_FIELD, FIELD_TYPE, ENTITY_LOOKUP, ENTITY_LOOKUP_KEY, ORDER_BY, GENERATOR, REFER_TABLE, KEY_COLUMN, LOOKUP_COLUMN, MANDATORY, MIN_LENGTH, MAX_LENGTH, MIN_VALUE, MAX_VALUE, CONSTANT_VALUE, UNIQUE_KEY, CREATE_USER, CREATED_ON, LINE_NO, MANAGED, FIELD_PATH, DATA_TYPE, DATA1, DATA2, TRANSITIVE_FIELDS, FORMULA, ENTITY_LOOKUP_TYPE)
VALUES ('1d845e7fa2ec428296280ffe7dd2cd57', 0, 'e82fc380dbd54b25802bbc75d23f9f4b', 'custDecimal4', 'CUST_DECIMAL4', 'NUMBER(25, 5)', 'CUSTOM_FIELD_DECIMAL4', 0, 'decimal-rate', '', '', '', '', '', '', '', 0, NULL, 20, NULL, NULL, '', '', 'system', systimestamp, '36', 0, 'entity.vendorInvoiceAttachments.custDecimal4', '', '', '', '', '', '');
INSERT INTO CNT_FIELD_DEFINITION
 (ID, REVISION, PARENT_ID, FIELD_ID, COLUMN_NAME, COLUMN_TYPE, REPORT_COLUMN_NAME, PRODUCT_FIELD, FIELD_TYPE, ENTITY_LOOKUP, ENTITY_LOOKUP_KEY, ORDER_BY, GENERATOR, REFER_TABLE, KEY_COLUMN, LOOKUP_COLUMN, MANDATORY, MIN_LENGTH, MAX_LENGTH, MIN_VALUE, MAX_VALUE, CONSTANT_VALUE, UNIQUE_KEY, CREATE_USER, CREATED_ON, LINE_NO, MANAGED, FIELD_PATH, DATA_TYPE, DATA1, DATA2, TRANSITIVE_FIELDS, FORMULA, ENTITY_LOOKUP_TYPE)
VALUES ('0993537f527c4766a7592f2abddd9732', 0, 'e82fc380dbd54b25802bbc75d23f9f4b', 'custDecimal5', 'CUST_DECIMAL5', 'NUMBER(25, 5)', 'CUSTOM_FIELD_DECIMAL5', 0, 'decimal-rate', '', '', '', '', '', '', '', 0, NULL, 20, NULL, NULL, '', '', 'system', systimestamp, '37', 0, 'entity.vendorInvoiceAttachments.custDecimal5', '', '', '', '', '', '');
INSERT INTO CNT_FIELD_DEFINITION
 (ID, REVISION, PARENT_ID, FIELD_ID, COLUMN_NAME, COLUMN_TYPE, REPORT_COLUMN_NAME, PRODUCT_FIELD, FIELD_TYPE, ENTITY_LOOKUP, ENTITY_LOOKUP_KEY, ORDER_BY, GENERATOR, REFER_TABLE, KEY_COLUMN, LOOKUP_COLUMN, MANDATORY, MIN_LENGTH, MAX_LENGTH, MIN_VALUE, MAX_VALUE, CONSTANT_VALUE, UNIQUE_KEY, CREATE_USER, CREATED_ON, LINE_NO, MANAGED, FIELD_PATH, DATA_TYPE, DATA1, DATA2, TRANSITIVE_FIELDS, FORMULA, ENTITY_LOOKUP_TYPE)
VALUES ('9e3608fba8dd49609600e76a0f85ec6f', 0, 'e82fc380dbd54b25802bbc75d23f9f4b', 'custDecimal6', 'CUST_DECIMAL6', 'NUMBER(25, 5)', 'CUSTOM_FIELD_DECIMAL6', 0, 'decimal-rate', '', '', '', '', '', '', '', 0, NULL, 20, NULL, NULL, '', '', 'system', systimestamp, '38', 0, 'entity.vendorInvoiceAttachments.custDecimal6', '', '', '', '', '', '');
INSERT INTO CNT_FIELD_DEFINITION
 (ID, REVISION, PARENT_ID, FIELD_ID, COLUMN_NAME, COLUMN_TYPE, REPORT_COLUMN_NAME, PRODUCT_FIELD, FIELD_TYPE, ENTITY_LOOKUP, ENTITY_LOOKUP_KEY, ORDER_BY, GENERATOR, REFER_TABLE, KEY_COLUMN, LOOKUP_COLUMN, MANDATORY, MIN_LENGTH, MAX_LENGTH, MIN_VALUE, MAX_VALUE, CONSTANT_VALUE, UNIQUE_KEY, CREATE_USER, CREATED_ON, LINE_NO, MANAGED, FIELD_PATH, DATA_TYPE, DATA1, DATA2, TRANSITIVE_FIELDS, FORMULA, ENTITY_LOOKUP_TYPE)
VALUES ('82749273adf64f91be545a582deb7dcc', 0, 'e82fc380dbd54b25802bbc75d23f9f4b', 'custDecimal7', 'CUST_DECIMAL7', 'NUMBER(25, 5)', 'CUSTOM_FIELD_DECIMAL7', 0, 'decimal-rate', '', '', '', '', '', '', '', 0, NULL, 20, NULL, NULL, '', '', 'system', systimestamp, '39', 0, 'entity.vendorInvoiceAttachments.custDecimal7', '', '', '', '', '', '');
INSERT INTO CNT_FIELD_DEFINITION
 (ID, REVISION, PARENT_ID, FIELD_ID, COLUMN_NAME, COLUMN_TYPE, REPORT_COLUMN_NAME, PRODUCT_FIELD, FIELD_TYPE, ENTITY_LOOKUP, ENTITY_LOOKUP_KEY, ORDER_BY, GENERATOR, REFER_TABLE, KEY_COLUMN, LOOKUP_COLUMN, MANDATORY, MIN_LENGTH, MAX_LENGTH, MIN_VALUE, MAX_VALUE, CONSTANT_VALUE, UNIQUE_KEY, CREATE_USER, CREATED_ON, LINE_NO, MANAGED, FIELD_PATH, DATA_TYPE, DATA1, DATA2, TRANSITIVE_FIELDS, FORMULA, ENTITY_LOOKUP_TYPE)
VALUES ('ff4a292a6df7456b900c795fbbff3669', 0, 'e82fc380dbd54b25802bbc75d23f9f4b', 'custCodelist1', 'CUST_CODELIST1', 'NVARCHAR2(400)', 'CUSTOM_FIELD_CODE_LIST_CODE1', 0, 'string-m', '', '', '', '', '', '', '', 0, NULL, 400, NULL, NULL, '', '', 'system', systimestamp, '40', 0, 'entity.vendorInvoiceAttachments.custCodelist1', 'codelist', '', '', '', '', '');
INSERT INTO CNT_FIELD_DEFINITION
 (ID, REVISION, PARENT_ID, FIELD_ID, COLUMN_NAME, COLUMN_TYPE, REPORT_COLUMN_NAME, PRODUCT_FIELD, FIELD_TYPE, ENTITY_LOOKUP, ENTITY_LOOKUP_KEY, ORDER_BY, GENERATOR, REFER_TABLE, KEY_COLUMN, LOOKUP_COLUMN, MANDATORY, MIN_LENGTH, MAX_LENGTH, MIN_VALUE, MAX_VALUE, CONSTANT_VALUE, UNIQUE_KEY, CREATE_USER, CREATED_ON, LINE_NO, MANAGED, FIELD_PATH, DATA_TYPE, DATA1, DATA2, TRANSITIVE_FIELDS, FORMULA, ENTITY_LOOKUP_TYPE)
VALUES ('64f4780921e340afa40710e822396d62', 0, 'e82fc380dbd54b25802bbc75d23f9f4b', 'custCodelist2', 'CUST_CODELIST2', 'NVARCHAR2(400)', 'CUSTOM_FIELD_CODE_LIST_CODE2', 0, 'string-m', '', '', '', '', '', '', '', 0, NULL, 400, NULL, NULL, '', '', 'system', systimestamp, '41', 0, 'entity.vendorInvoiceAttachments.custCodelist2', 'codelist', '', '', '', '', '');
INSERT INTO CNT_FIELD_DEFINITION
 (ID, REVISION, PARENT_ID, FIELD_ID, COLUMN_NAME, COLUMN_TYPE, REPORT_COLUMN_NAME, PRODUCT_FIELD, FIELD_TYPE, ENTITY_LOOKUP, ENTITY_LOOKUP_KEY, ORDER_BY, GENERATOR, REFER_TABLE, KEY_COLUMN, LOOKUP_COLUMN, MANDATORY, MIN_LENGTH, MAX_LENGTH, MIN_VALUE, MAX_VALUE, CONSTANT_VALUE, UNIQUE_KEY, CREATE_USER, CREATED_ON, LINE_NO, MANAGED, FIELD_PATH, DATA_TYPE, DATA1, DATA2, TRANSITIVE_FIELDS, FORMULA, ENTITY_LOOKUP_TYPE)
VALUES ('e866230bb0b049f59647eaa315b08870', 0, 'e82fc380dbd54b25802bbc75d23f9f4b', 'custCodelist3', 'CUST_CODELIST3', 'NVARCHAR2(400)', 'CUSTOM_FIELD_CODE_LIST_CODE3', 0, 'string-m', '', '', '', '', '', '', '', 0, NULL, 400, NULL, NULL, '', '', 'system', systimestamp, '42', 0, 'entity.vendorInvoiceAttachments.custCodelist3', 'codelist', '', '', '', '', '');
INSERT INTO CNT_FIELD_DEFINITION
 (ID, REVISION, PARENT_ID, FIELD_ID, COLUMN_NAME, COLUMN_TYPE, REPORT_COLUMN_NAME, PRODUCT_FIELD, FIELD_TYPE, ENTITY_LOOKUP, ENTITY_LOOKUP_KEY, ORDER_BY, GENERATOR, REFER_TABLE, KEY_COLUMN, LOOKUP_COLUMN, MANDATORY, MIN_LENGTH, MAX_LENGTH, MIN_VALUE, MAX_VALUE, CONSTANT_VALUE, UNIQUE_KEY, CREATE_USER, CREATED_ON, LINE_NO, MANAGED, FIELD_PATH, DATA_TYPE, DATA1, DATA2, TRANSITIVE_FIELDS, FORMULA, ENTITY_LOOKUP_TYPE)
VALUES ('da9376ce02cc4f30b015dc8c08282a55', 0, 'e82fc380dbd54b25802bbc75d23f9f4b', 'custCodelist4', 'CUST_CODELIST4', 'NVARCHAR2(400)', 'CUSTOM_FIELD_CODE_LIST_CODE4', 0, 'string-m', '', '', '', '', '', '', '', 0, NULL, 400, NULL, NULL, '', '', 'system', systimestamp, '43', 0, 'entity.vendorInvoiceAttachments.custCodelist4', 'codelist', '', '', '', '', '');
INSERT INTO CNT_FIELD_DEFINITION
 (ID, REVISION, PARENT_ID, FIELD_ID, COLUMN_NAME, COLUMN_TYPE, REPORT_COLUMN_NAME, PRODUCT_FIELD, FIELD_TYPE, ENTITY_LOOKUP, ENTITY_LOOKUP_KEY, ORDER_BY, GENERATOR, REFER_TABLE, KEY_COLUMN, LOOKUP_COLUMN, MANDATORY, MIN_LENGTH, MAX_LENGTH, MIN_VALUE, MAX_VALUE, CONSTANT_VALUE, UNIQUE_KEY, CREATE_USER, CREATED_ON, LINE_NO, MANAGED, FIELD_PATH, DATA_TYPE, DATA1, DATA2, TRANSITIVE_FIELDS, FORMULA, ENTITY_LOOKUP_TYPE)
VALUES ('9f116debc4124b09969b9d25fcf3c2a4', 0, 'e82fc380dbd54b25802bbc75d23f9f4b', 'custCodelist5', 'CUST_CODELIST5', 'NVARCHAR2(400)', 'CUSTOM_FIELD_CODE_LIST_CODE5', 0, 'string-m', '', '', '', '', '', '', '', 0, NULL, 400, NULL, NULL, '', '', 'system', systimestamp, '44', 0, 'entity.vendorInvoiceAttachments.custCodelist5', 'codelist', '', '', '', '', '');
INSERT INTO CNT_FIELD_DEFINITION
 (ID, REVISION, PARENT_ID, FIELD_ID, COLUMN_NAME, COLUMN_TYPE, REPORT_COLUMN_NAME, PRODUCT_FIELD, FIELD_TYPE, ENTITY_LOOKUP, ENTITY_LOOKUP_KEY, ORDER_BY, GENERATOR, REFER_TABLE, KEY_COLUMN, LOOKUP_COLUMN, MANDATORY, MIN_LENGTH, MAX_LENGTH, MIN_VALUE, MAX_VALUE, CONSTANT_VALUE, UNIQUE_KEY, CREATE_USER, CREATED_ON, LINE_NO, MANAGED, FIELD_PATH, DATA_TYPE, DATA1, DATA2, TRANSITIVE_FIELDS, FORMULA, ENTITY_LOOKUP_TYPE)
VALUES ('2ed5bbc871144ef7af355c99cfa921c2', 0, 'e82fc380dbd54b25802bbc75d23f9f4b', 'custCodelist6', 'CUST_CODELIST6', 'NVARCHAR2(400)', 'CUSTOM_FIELD_CODE_LIST_CODE6', 0, 'string-m', '', '', '', '', '', '', '', 0, NULL, 400, NULL, NULL, '', '', 'system', systimestamp, '45', 0, 'entity.vendorInvoiceAttachments.custCodelist6', 'codelist', '', '', '', '', '');
INSERT INTO CNT_FIELD_DEFINITION
 (ID, REVISION, PARENT_ID, FIELD_ID, COLUMN_NAME, COLUMN_TYPE, REPORT_COLUMN_NAME, PRODUCT_FIELD, FIELD_TYPE, ENTITY_LOOKUP, ENTITY_LOOKUP_KEY, ORDER_BY, GENERATOR, REFER_TABLE, KEY_COLUMN, LOOKUP_COLUMN, MANDATORY, MIN_LENGTH, MAX_LENGTH, MIN_VALUE, MAX_VALUE, CONSTANT_VALUE, UNIQUE_KEY, CREATE_USER, CREATED_ON, LINE_NO, MANAGED, FIELD_PATH, DATA_TYPE, DATA1, DATA2, TRANSITIVE_FIELDS, FORMULA, ENTITY_LOOKUP_TYPE)
VALUES ('8b007436d6724ff8adce3bf49300c3d1', 0, 'e82fc380dbd54b25802bbc75d23f9f4b', 'custCodelist7', 'CUST_CODELIST7', 'NVARCHAR2(400)', 'CUSTOM_FIELD_CODE_LIST_CODE7', 0, 'string-m', '', '', '', '', '', '', '', 0, NULL, 400, NULL, NULL, '', '', 'system', systimestamp, '46', 0, 'entity.vendorInvoiceAttachments.custCodelist7', 'codelist', '', '', '', '', '');
INSERT INTO CNT_FIELD_DEFINITION
 (ID, REVISION, PARENT_ID, FIELD_ID, COLUMN_NAME, COLUMN_TYPE, REPORT_COLUMN_NAME, PRODUCT_FIELD, FIELD_TYPE, ENTITY_LOOKUP, ENTITY_LOOKUP_KEY, ORDER_BY, GENERATOR, REFER_TABLE, KEY_COLUMN, LOOKUP_COLUMN, MANDATORY, MIN_LENGTH, MAX_LENGTH, MIN_VALUE, MAX_VALUE, CONSTANT_VALUE, UNIQUE_KEY, CREATE_USER, CREATED_ON, LINE_NO, MANAGED, FIELD_PATH, DATA_TYPE, DATA1, DATA2, TRANSITIVE_FIELDS, FORMULA, ENTITY_LOOKUP_TYPE)
VALUES ('af268f6790aa4c368d1c328404e07f50', 0, 'e82fc380dbd54b25802bbc75d23f9f4b', 'custMemoText1', 'CUST_MEMO_TEXT1', 'NVARCHAR2(1000)', 'CUSTOM_FIELD_MEMO_TEXT1', 0, 'string-l', '', '', '', '', '', '', '', 0, NULL, 1000, NULL, NULL, '', '', 'system', systimestamp, '47', 0, 'entity.vendorInvoiceAttachments.custMemoText1', '', '', '', '', '', '');
INSERT INTO CNT_FIELD_DEFINITION
 (ID, REVISION, PARENT_ID, FIELD_ID, COLUMN_NAME, COLUMN_TYPE, REPORT_COLUMN_NAME, PRODUCT_FIELD, FIELD_TYPE, ENTITY_LOOKUP, ENTITY_LOOKUP_KEY, ORDER_BY, GENERATOR, REFER_TABLE, KEY_COLUMN, LOOKUP_COLUMN, MANDATORY, MIN_LENGTH, MAX_LENGTH, MIN_VALUE, MAX_VALUE, CONSTANT_VALUE, UNIQUE_KEY, CREATE_USER, CREATED_ON, LINE_NO, MANAGED, FIELD_PATH, DATA_TYPE, DATA1, DATA2, TRANSITIVE_FIELDS, FORMULA, ENTITY_LOOKUP_TYPE)
VALUES ('ca6d6b673a7f45938c3ea494cfa74f36', 0, 'e82fc380dbd54b25802bbc75d23f9f4b', 'custMemoText2', 'CUST_MEMO_TEXT2', 'NVARCHAR2(1000)', 'CUSTOM_FIELD_MEMO_TEXT2', 0, 'string-l', '', '', '', '', '', '', '', 0, NULL, 1000, NULL, NULL, '', '', 'system', systimestamp, '48', 0, 'entity.vendorInvoiceAttachments.custMemoText2', '', '', '', '', '', '');
INSERT INTO CNT_FIELD_DEFINITION
 (ID, REVISION, PARENT_ID, FIELD_ID, COLUMN_NAME, COLUMN_TYPE, REPORT_COLUMN_NAME, PRODUCT_FIELD, FIELD_TYPE, ENTITY_LOOKUP, ENTITY_LOOKUP_KEY, ORDER_BY, GENERATOR, REFER_TABLE, KEY_COLUMN, LOOKUP_COLUMN, MANDATORY, MIN_LENGTH, MAX_LENGTH, MIN_VALUE, MAX_VALUE, CONSTANT_VALUE, UNIQUE_KEY, CREATE_USER, CREATED_ON, LINE_NO, MANAGED, FIELD_PATH, DATA_TYPE, DATA1, DATA2, TRANSITIVE_FIELDS, FORMULA, ENTITY_LOOKUP_TYPE)
VALUES ('04febf013fc7424598112bf90f06f5d0', 0, 'e82fc380dbd54b25802bbc75d23f9f4b', 'custMemoText3', 'CUST_MEMO_TEXT3', 'NVARCHAR2(1000)', 'CUSTOM_FIELD_MEMO_TEXT3', 0, 'string-l', '', '', '', '', '', '', '', 0, NULL, 1000, NULL, NULL, '', '', 'system', systimestamp, '49', 0, 'entity.vendorInvoiceAttachments.custMemoText3', '', '', '', '', '', '');
INSERT INTO CNT_FIELD_DEFINITION
 (ID, REVISION, PARENT_ID, FIELD_ID, COLUMN_NAME, COLUMN_TYPE, REPORT_COLUMN_NAME, PRODUCT_FIELD, FIELD_TYPE, ENTITY_LOOKUP, ENTITY_LOOKUP_KEY, ORDER_BY, GENERATOR, REFER_TABLE, KEY_COLUMN, LOOKUP_COLUMN, MANDATORY, MIN_LENGTH, MAX_LENGTH, MIN_VALUE, MAX_VALUE, CONSTANT_VALUE, UNIQUE_KEY, CREATE_USER, CREATED_ON, LINE_NO, MANAGED, FIELD_PATH, DATA_TYPE, DATA1, DATA2, TRANSITIVE_FIELDS, FORMULA, ENTITY_LOOKUP_TYPE)
VALUES ('773616349d114160ad1e494c8ec33495', 0, 'e82fc380dbd54b25802bbc75d23f9f4b', 'custMemoText4', 'CUST_MEMO_TEXT4', 'NVARCHAR2(1000)', 'CUSTOM_FIELD_MEMO_TEXT4', 0, 'string-l', '', '', '', '', '', '', '', 0, NULL, 1000, NULL, NULL, '', '', 'system', systimestamp, '50', 0, 'entity.vendorInvoiceAttachments.custMemoText4', '', '', '', '', '', '');
INSERT INTO CNT_FIELD_DEFINITION
 (ID, REVISION, PARENT_ID, FIELD_ID, COLUMN_NAME, COLUMN_TYPE, REPORT_COLUMN_NAME, PRODUCT_FIELD, FIELD_TYPE, ENTITY_LOOKUP, ENTITY_LOOKUP_KEY, ORDER_BY, GENERATOR, REFER_TABLE, KEY_COLUMN, LOOKUP_COLUMN, MANDATORY, MIN_LENGTH, MAX_LENGTH, MIN_VALUE, MAX_VALUE, CONSTANT_VALUE, UNIQUE_KEY, CREATE_USER, CREATED_ON, LINE_NO, MANAGED, FIELD_PATH, DATA_TYPE, DATA1, DATA2, TRANSITIVE_FIELDS, FORMULA, ENTITY_LOOKUP_TYPE)
VALUES ('5626c0d3c2fc46c181b3d03a0de75a24', 0, 'e82fc380dbd54b25802bbc75d23f9f4b', 'custMemoText5', 'CUST_MEMO_TEXT5', 'NVARCHAR2(1000)', 'CUSTOM_FIELD_MEMO_TEXT5', 0, 'string-l', '', '', '', '', '', '', '', 0, NULL, 1000, NULL, NULL, '', '', 'system', systimestamp, '51', 0, 'entity.vendorInvoiceAttachments.custMemoText5', '', '', '', '', '', '');
INSERT INTO CNT_FIELD_DEFINITION
 (ID, REVISION, PARENT_ID, FIELD_ID, COLUMN_NAME, COLUMN_TYPE, REPORT_COLUMN_NAME, PRODUCT_FIELD, FIELD_TYPE, ENTITY_LOOKUP, ENTITY_LOOKUP_KEY, ORDER_BY, GENERATOR, REFER_TABLE, KEY_COLUMN, LOOKUP_COLUMN, MANDATORY, MIN_LENGTH, MAX_LENGTH, MIN_VALUE, MAX_VALUE, CONSTANT_VALUE, UNIQUE_KEY, CREATE_USER, CREATED_ON, LINE_NO, MANAGED, FIELD_PATH, DATA_TYPE, DATA1, DATA2, TRANSITIVE_FIELDS, FORMULA, ENTITY_LOOKUP_TYPE)
VALUES ('883892959f094b39b96a98ffee4cb7f8', 0, 'e82fc380dbd54b25802bbc75d23f9f4b', 'custMemoText6', 'CUST_MEMO_TEXT6', 'NVARCHAR2(1000)', 'CUSTOM_FIELD_MEMO_TEXT6', 0, 'string-l', '', '', '', '', '', '', '', 0, NULL, 1000, NULL, NULL, '', '', 'system', systimestamp, '52', 0, 'entity.vendorInvoiceAttachments.custMemoText6', '', '', '', '', '', '');
INSERT INTO CNT_FIELD_DEFINITION
 (ID, REVISION, PARENT_ID, FIELD_ID, COLUMN_NAME, COLUMN_TYPE, REPORT_COLUMN_NAME, PRODUCT_FIELD, FIELD_TYPE, ENTITY_LOOKUP, ENTITY_LOOKUP_KEY, ORDER_BY, GENERATOR, REFER_TABLE, KEY_COLUMN, LOOKUP_COLUMN, MANDATORY, MIN_LENGTH, MAX_LENGTH, MIN_VALUE, MAX_VALUE, CONSTANT_VALUE, UNIQUE_KEY, CREATE_USER, CREATED_ON, LINE_NO, MANAGED, FIELD_PATH, DATA_TYPE, DATA1, DATA2, TRANSITIVE_FIELDS, FORMULA, ENTITY_LOOKUP_TYPE)
VALUES ('fbab0603780043e9af2fe25025c5b051', 0, 'e82fc380dbd54b25802bbc75d23f9f4b', 'custMemoText7', 'CUST_MEMO_TEXT7', 'NVARCHAR2(1000)', 'CUSTOM_FIELD_MEMO_TEXT7', 0, 'string-l', '', '', '', '', '', '', '', 0, NULL, 1000, NULL, NULL, '', '', 'system', systimestamp, '53', 0, 'entity.vendorInvoiceAttachments.custMemoText7', '', '', '', '', '', '');
INSERT INTO CNT_FIELD_DEFINITION
 (ID, REVISION, PARENT_ID, FIELD_ID, COLUMN_NAME, COLUMN_TYPE, REPORT_COLUMN_NAME, PRODUCT_FIELD, FIELD_TYPE, ENTITY_LOOKUP, ENTITY_LOOKUP_KEY, ORDER_BY, GENERATOR, REFER_TABLE, KEY_COLUMN, LOOKUP_COLUMN, MANDATORY, MIN_LENGTH, MAX_LENGTH, MIN_VALUE, MAX_VALUE, CONSTANT_VALUE, UNIQUE_KEY, CREATE_USER, CREATED_ON, LINE_NO, MANAGED, FIELD_PATH, DATA_TYPE, DATA1, DATA2, TRANSITIVE_FIELDS, FORMULA, ENTITY_LOOKUP_TYPE)
VALUES ('c8e4a5d742b64012a637e584a3fee646', 0, 'e82fc380dbd54b25802bbc75d23f9f4b', 'custHcl1', 'CUST_HCL1_ID', 'CHAR(32)', 'CUSTOM_FIELD_HCL_CODE_SYS_ID1', 0, 'entity', 'HclNode', 'id', '', '', '', '', '', 0, 32, 32, NULL, NULL, '', '', 'system', systimestamp, '54', 0, 'entity.vendorInvoiceAttachments.custHcl1', '', '', '', '', '', '');
INSERT INTO CNT_FIELD_DEFINITION
 (ID, REVISION, PARENT_ID, FIELD_ID, COLUMN_NAME, COLUMN_TYPE, REPORT_COLUMN_NAME, PRODUCT_FIELD, FIELD_TYPE, ENTITY_LOOKUP, ENTITY_LOOKUP_KEY, ORDER_BY, GENERATOR, REFER_TABLE, KEY_COLUMN, LOOKUP_COLUMN, MANDATORY, MIN_LENGTH, MAX_LENGTH, MIN_VALUE, MAX_VALUE, CONSTANT_VALUE, UNIQUE_KEY, CREATE_USER, CREATED_ON, LINE_NO, MANAGED, FIELD_PATH, DATA_TYPE, DATA1, DATA2, TRANSITIVE_FIELDS, FORMULA, ENTITY_LOOKUP_TYPE)
VALUES ('17f611675a06426ba0df5eb84130b5e0', 0, 'e82fc380dbd54b25802bbc75d23f9f4b', 'custHcl2', 'CUST_HCL2_ID', 'CHAR(32)', 'CUSTOM_FIELD_HCL_CODE_SYS_ID2', 0, 'entity', 'HclNode', 'id', '', '', '', '', '', 0, 32, 32, NULL, NULL, '', '', 'system', systimestamp, '55', 0, 'entity.vendorInvoiceAttachments.custHcl2', '', '', '', '', '', '');
INSERT INTO CNT_FIELD_DEFINITION
 (ID, REVISION, PARENT_ID, FIELD_ID, COLUMN_NAME, COLUMN_TYPE, REPORT_COLUMN_NAME, PRODUCT_FIELD, FIELD_TYPE, ENTITY_LOOKUP, ENTITY_LOOKUP_KEY, ORDER_BY, GENERATOR, REFER_TABLE, KEY_COLUMN, LOOKUP_COLUMN, MANDATORY, MIN_LENGTH, MAX_LENGTH, MIN_VALUE, MAX_VALUE, CONSTANT_VALUE, UNIQUE_KEY, CREATE_USER, CREATED_ON, LINE_NO, MANAGED, FIELD_PATH, DATA_TYPE, DATA1, DATA2, TRANSITIVE_FIELDS, FORMULA, ENTITY_LOOKUP_TYPE)
VALUES ('5229dde39b2742f693b46b7d36f4ba9d', 0, 'e82fc380dbd54b25802bbc75d23f9f4b', 'custHcl3', 'CUST_HCL3_ID', 'CHAR(32)', 'CUSTOM_FIELD_HCL_CODE_SYS_ID3', 0, 'entity', 'HclNode', 'id', '', '', '', '', '', 0, 32, 32, NULL, NULL, '', '', 'system', systimestamp, '56', 0, 'entity.vendorInvoiceAttachments.custHcl3', '', '', '', '', '', '');
INSERT INTO CNT_FIELD_DEFINITION
 (ID, REVISION, PARENT_ID, FIELD_ID, COLUMN_NAME, COLUMN_TYPE, REPORT_COLUMN_NAME, PRODUCT_FIELD, FIELD_TYPE, ENTITY_LOOKUP, ENTITY_LOOKUP_KEY, ORDER_BY, GENERATOR, REFER_TABLE, KEY_COLUMN, LOOKUP_COLUMN, MANDATORY, MIN_LENGTH, MAX_LENGTH, MIN_VALUE, MAX_VALUE, CONSTANT_VALUE, UNIQUE_KEY, CREATE_USER, CREATED_ON, LINE_NO, MANAGED, FIELD_PATH, DATA_TYPE, DATA1, DATA2, TRANSITIVE_FIELDS, FORMULA, ENTITY_LOOKUP_TYPE)
VALUES ('c2f2679d502d491ea20cd972eac7fc98', 0, 'e82fc380dbd54b25802bbc75d23f9f4b', 'custHcl4', 'CUST_HCL4_ID', 'CHAR(32)', 'CUSTOM_FIELD_HCL_CODE_SYS_ID4', 0, 'entity', 'HclNode', 'id', '', '', '', '', '', 0, 32, 32, NULL, NULL, '', '', 'system', systimestamp, '57', 0, 'entity.vendorInvoiceAttachments.custHcl4', '', '', '', '', '', '');
INSERT INTO CNT_FIELD_DEFINITION
 (ID, REVISION, PARENT_ID, FIELD_ID, COLUMN_NAME, COLUMN_TYPE, REPORT_COLUMN_NAME, PRODUCT_FIELD, FIELD_TYPE, ENTITY_LOOKUP, ENTITY_LOOKUP_KEY, ORDER_BY, GENERATOR, REFER_TABLE, KEY_COLUMN, LOOKUP_COLUMN, MANDATORY, MIN_LENGTH, MAX_LENGTH, MIN_VALUE, MAX_VALUE, CONSTANT_VALUE, UNIQUE_KEY, CREATE_USER, CREATED_ON, LINE_NO, MANAGED, FIELD_PATH, DATA_TYPE, DATA1, DATA2, TRANSITIVE_FIELDS, FORMULA, ENTITY_LOOKUP_TYPE)
VALUES ('fdc8e5bed1e149b58a14ce05b2c283ad', 0, 'e82fc380dbd54b25802bbc75d23f9f4b', 'custHcl5', 'CUST_HCL5_ID', 'CHAR(32)', 'CUSTOM_FIELD_HCL_CODE_SYS_ID5', 0, 'entity', 'HclNode', 'id', '', '', '', '', '', 0, 32, 32, NULL, NULL, '', '', 'system', systimestamp, '58', 0, 'entity.vendorInvoiceAttachments.custHcl5', '', '', '', '', '', '');
INSERT INTO CNT_FIELD_DEFINITION
 (ID, REVISION, PARENT_ID, FIELD_ID, COLUMN_NAME, COLUMN_TYPE, REPORT_COLUMN_NAME, PRODUCT_FIELD, FIELD_TYPE, ENTITY_LOOKUP, ENTITY_LOOKUP_KEY, ORDER_BY, GENERATOR, REFER_TABLE, KEY_COLUMN, LOOKUP_COLUMN, MANDATORY, MIN_LENGTH, MAX_LENGTH, MIN_VALUE, MAX_VALUE, CONSTANT_VALUE, UNIQUE_KEY, CREATE_USER, CREATED_ON, LINE_NO, MANAGED, FIELD_PATH, DATA_TYPE, DATA1, DATA2, TRANSITIVE_FIELDS, FORMULA, ENTITY_LOOKUP_TYPE)
VALUES ('dc8475e114a34585bab260fbd0cf249e', 0, 'e82fc380dbd54b25802bbc75d23f9f4b', 'attachmentRef', 'ATTACHMENT_REF', 'NVARCHAR2(1000)', 'N/A', 1, 'string-l', '', '', '', '', '', '', '', 0, NULL, 1000, NULL, NULL, '', '', 'system', systimestamp, '59', 0, 'entity.vendorInvoiceAttachments.attachmentRef', '', '', '', '', '', '');
INSERT INTO CNT_FIELD_DEFINITION
 (ID, REVISION, PARENT_ID, FIELD_ID, COLUMN_NAME, COLUMN_TYPE, REPORT_COLUMN_NAME, PRODUCT_FIELD, FIELD_TYPE, ENTITY_LOOKUP, ENTITY_LOOKUP_KEY, ORDER_BY, GENERATOR, REFER_TABLE, KEY_COLUMN, LOOKUP_COLUMN, MANDATORY, MIN_LENGTH, MAX_LENGTH, MIN_VALUE, MAX_VALUE, CONSTANT_VALUE, UNIQUE_KEY, CREATE_USER, CREATED_ON, LINE_NO, MANAGED, FIELD_PATH, DATA_TYPE, DATA1, DATA2, TRANSITIVE_FIELDS, FORMULA, ENTITY_LOOKUP_TYPE)
VALUES ('d4cd3727fdd04dbda5e24ca77a8312de', 0, 'e82fc380dbd54b25802bbc75d23f9f4b', 'attachmentVer', 'ATTACHMENT_VER', 'NUMBER(20, 0)', 'N/A', 1, 'integer', '', '', '', '', '', '', '', 0, NULL, 18, NULL, NULL, '', '', 'system', systimestamp, '60', 0, 'entity.vendorInvoiceAttachments.attachmentVer', '', '', '', '', '', '');
INSERT INTO CNT_FIELD_DEFINITION
 (ID, REVISION, PARENT_ID, FIELD_ID, COLUMN_NAME, COLUMN_TYPE, REPORT_COLUMN_NAME, PRODUCT_FIELD, FIELD_TYPE, ENTITY_LOOKUP, ENTITY_LOOKUP_KEY, ORDER_BY, GENERATOR, REFER_TABLE, KEY_COLUMN, LOOKUP_COLUMN, MANDATORY, MIN_LENGTH, MAX_LENGTH, MIN_VALUE, MAX_VALUE, CONSTANT_VALUE, UNIQUE_KEY, CREATE_USER, CREATED_ON, LINE_NO, MANAGED, FIELD_PATH, DATA_TYPE, DATA1, DATA2, TRANSITIVE_FIELDS, FORMULA, ENTITY_LOOKUP_TYPE)
VALUES ('be51b9a2eb22411fa74f3b4ad7c00d27', 0, 'e82fc380dbd54b25802bbc75d23f9f4b', 'attachmentRef2', 'ATTACHMENT_REF2', 'NVARCHAR2(1000)', 'N/A', 1, 'string-l', '', '', '', '', '', '', '', 0, NULL, 1000, NULL, NULL, '', '', 'system', systimestamp, '61', 0, 'entity.vendorInvoiceAttachments.attachmentRef2', '', '', '', '', '', '');
INSERT INTO CNT_FIELD_DEFINITION
 (ID, REVISION, PARENT_ID, FIELD_ID, COLUMN_NAME, COLUMN_TYPE, REPORT_COLUMN_NAME, PRODUCT_FIELD, FIELD_TYPE, ENTITY_LOOKUP, ENTITY_LOOKUP_KEY, ORDER_BY, GENERATOR, REFER_TABLE, KEY_COLUMN, LOOKUP_COLUMN, MANDATORY, MIN_LENGTH, MAX_LENGTH, MIN_VALUE, MAX_VALUE, CONSTANT_VALUE, UNIQUE_KEY, CREATE_USER, CREATED_ON, LINE_NO, MANAGED, FIELD_PATH, DATA_TYPE, DATA1, DATA2, TRANSITIVE_FIELDS, FORMULA, ENTITY_LOOKUP_TYPE)
VALUES ('d216ed4a586e4eceb9352468fc76bb28', 0, 'e82fc380dbd54b25802bbc75d23f9f4b', 'attachTypesValue', 'ATTACH_TYPES_VALUE', 'NVARCHAR2(1000)', 'N/A', 1, 'string-l', '', '', '', '', '', '', '', 0, NULL, 1000, NULL, NULL, '', '', 'system', systimestamp, '62', 0, 'entity.vendorInvoiceAttachments.attachTypesValue', '', '', '', '', '', '');
INSERT INTO CNT_FIELD_DEFINITION
 (ID, REVISION, PARENT_ID, FIELD_ID, COLUMN_NAME, COLUMN_TYPE, REPORT_COLUMN_NAME, PRODUCT_FIELD, FIELD_TYPE, ENTITY_LOOKUP, ENTITY_LOOKUP_KEY, ORDER_BY, GENERATOR, REFER_TABLE, KEY_COLUMN, LOOKUP_COLUMN, MANDATORY, MIN_LENGTH, MAX_LENGTH, MIN_VALUE, MAX_VALUE, CONSTANT_VALUE, UNIQUE_KEY, CREATE_USER, CREATED_ON, LINE_NO, MANAGED, FIELD_PATH, DATA_TYPE, DATA1, DATA2, TRANSITIVE_FIELDS, FORMULA, ENTITY_LOOKUP_TYPE)
VALUES ('2801efdc667a49d2b9d9a702dabd9b11', 0, 'e82fc380dbd54b25802bbc75d23f9f4b', 'custCodelist1Name', 'CUST_CODELIST1_NAME', 'NVARCHAR2(400)', 'N/A', 0, 'string-m', '', '', '', '', '', '', '', 0, NULL, 400, NULL, NULL, '', '', 'system', systimestamp, '63', 0, 'entity.vendorInvoiceAttachments.custCodelist1Name', '', '', '', '', '', '');
INSERT INTO CNT_FIELD_DEFINITION
 (ID, REVISION, PARENT_ID, FIELD_ID, COLUMN_NAME, COLUMN_TYPE, REPORT_COLUMN_NAME, PRODUCT_FIELD, FIELD_TYPE, ENTITY_LOOKUP, ENTITY_LOOKUP_KEY, ORDER_BY, GENERATOR, REFER_TABLE, KEY_COLUMN, LOOKUP_COLUMN, MANDATORY, MIN_LENGTH, MAX_LENGTH, MIN_VALUE, MAX_VALUE, CONSTANT_VALUE, UNIQUE_KEY, CREATE_USER, CREATED_ON, LINE_NO, MANAGED, FIELD_PATH, DATA_TYPE, DATA1, DATA2, TRANSITIVE_FIELDS, FORMULA, ENTITY_LOOKUP_TYPE)
VALUES ('46bff19e55b44453a1862c9c94afc1a9', 0, 'e82fc380dbd54b25802bbc75d23f9f4b', 'custCodelist2Name', 'CUST_CODELIST2_NAME', 'NVARCHAR2(400)', 'N/A', 0, 'string-m', '', '', '', '', '', '', '', 0, NULL, 400, NULL, NULL, '', '', 'system', systimestamp, '64', 0, 'entity.vendorInvoiceAttachments.custCodelist2Name', '', '', '', '', '', '');
INSERT INTO CNT_FIELD_DEFINITION
 (ID, REVISION, PARENT_ID, FIELD_ID, COLUMN_NAME, COLUMN_TYPE, REPORT_COLUMN_NAME, PRODUCT_FIELD, FIELD_TYPE, ENTITY_LOOKUP, ENTITY_LOOKUP_KEY, ORDER_BY, GENERATOR, REFER_TABLE, KEY_COLUMN, LOOKUP_COLUMN, MANDATORY, MIN_LENGTH, MAX_LENGTH, MIN_VALUE, MAX_VALUE, CONSTANT_VALUE, UNIQUE_KEY, CREATE_USER, CREATED_ON, LINE_NO, MANAGED, FIELD_PATH, DATA_TYPE, DATA1, DATA2, TRANSITIVE_FIELDS, FORMULA, ENTITY_LOOKUP_TYPE)
VALUES ('51ab975b5bad4086aadb60163f72defa', 0, 'e82fc380dbd54b25802bbc75d23f9f4b', 'custCodelist3Name', 'CUST_CODELIST3_NAME', 'NVARCHAR2(400)', 'N/A', 0, 'string-m', '', '', '', '', '', '', '', 0, NULL, 400, NULL, NULL, '', '', 'system', systimestamp, '65', 0, 'entity.vendorInvoiceAttachments.custCodelist3Name', '', '', '', '', '', '');
INSERT INTO CNT_FIELD_DEFINITION
 (ID, REVISION, PARENT_ID, FIELD_ID, COLUMN_NAME, COLUMN_TYPE, REPORT_COLUMN_NAME, PRODUCT_FIELD, FIELD_TYPE, ENTITY_LOOKUP, ENTITY_LOOKUP_KEY, ORDER_BY, GENERATOR, REFER_TABLE, KEY_COLUMN, LOOKUP_COLUMN, MANDATORY, MIN_LENGTH, MAX_LENGTH, MIN_VALUE, MAX_VALUE, CONSTANT_VALUE, UNIQUE_KEY, CREATE_USER, CREATED_ON, LINE_NO, MANAGED, FIELD_PATH, DATA_TYPE, DATA1, DATA2, TRANSITIVE_FIELDS, FORMULA, ENTITY_LOOKUP_TYPE)
VALUES ('1502232563f64b26b11b4db17e47bd53', 0, 'e82fc380dbd54b25802bbc75d23f9f4b', 'custCodelist4Name', 'CUST_CODELIST4_NAME', 'NVARCHAR2(400)', 'N/A', 0, 'string-m', '', '', '', '', '', '', '', 0, NULL, 400, NULL, NULL, '', '', 'system', systimestamp, '66', 0, 'entity.vendorInvoiceAttachments.custCodelist4Name', '', '', '', '', '', '');
INSERT INTO CNT_FIELD_DEFINITION
 (ID, REVISION, PARENT_ID, FIELD_ID, COLUMN_NAME, COLUMN_TYPE, REPORT_COLUMN_NAME, PRODUCT_FIELD, FIELD_TYPE, ENTITY_LOOKUP, ENTITY_LOOKUP_KEY, ORDER_BY, GENERATOR, REFER_TABLE, KEY_COLUMN, LOOKUP_COLUMN, MANDATORY, MIN_LENGTH, MAX_LENGTH, MIN_VALUE, MAX_VALUE, CONSTANT_VALUE, UNIQUE_KEY, CREATE_USER, CREATED_ON, LINE_NO, MANAGED, FIELD_PATH, DATA_TYPE, DATA1, DATA2, TRANSITIVE_FIELDS, FORMULA, ENTITY_LOOKUP_TYPE)
VALUES ('b986c010969b4dcdb0ce0dce8bc2e16d', 0, 'e82fc380dbd54b25802bbc75d23f9f4b', 'custCodelist5Name', 'CUST_CODELIST5_NAME', 'NVARCHAR2(400)', 'N/A', 0, 'string-m', '', '', '', '', '', '', '', 0, NULL, 400, NULL, NULL, '', '', 'system', systimestamp, '67', 0, 'entity.vendorInvoiceAttachments.custCodelist5Name', '', '', '', '', '', '');
INSERT INTO CNT_FIELD_DEFINITION
 (ID, REVISION, PARENT_ID, FIELD_ID, COLUMN_NAME, COLUMN_TYPE, REPORT_COLUMN_NAME, PRODUCT_FIELD, FIELD_TYPE, ENTITY_LOOKUP, ENTITY_LOOKUP_KEY, ORDER_BY, GENERATOR, REFER_TABLE, KEY_COLUMN, LOOKUP_COLUMN, MANDATORY, MIN_LENGTH, MAX_LENGTH, MIN_VALUE, MAX_VALUE, CONSTANT_VALUE, UNIQUE_KEY, CREATE_USER, CREATED_ON, LINE_NO, MANAGED, FIELD_PATH, DATA_TYPE, DATA1, DATA2, TRANSITIVE_FIELDS, FORMULA, ENTITY_LOOKUP_TYPE)
VALUES ('54b287e3800c40898fcc0fc5e547fd30', 0, 'e82fc380dbd54b25802bbc75d23f9f4b', 'custCodelist6Name', 'CUST_CODELIST6_NAME', 'NVARCHAR2(400)', 'N/A', 0, 'string-m', '', '', '', '', '', '', '', 0, NULL, 400, NULL, NULL, '', '', 'system', systimestamp, '68', 0, 'entity.vendorInvoiceAttachments.custCodelist6Name', '', '', '', '', '', '');
INSERT INTO CNT_FIELD_DEFINITION
 (ID, REVISION, PARENT_ID, FIELD_ID, COLUMN_NAME, COLUMN_TYPE, REPORT_COLUMN_NAME, PRODUCT_FIELD, FIELD_TYPE, ENTITY_LOOKUP, ENTITY_LOOKUP_KEY, ORDER_BY, GENERATOR, REFER_TABLE, KEY_COLUMN, LOOKUP_COLUMN, MANDATORY, MIN_LENGTH, MAX_LENGTH, MIN_VALUE, MAX_VALUE, CONSTANT_VALUE, UNIQUE_KEY, CREATE_USER, CREATED_ON, LINE_NO, MANAGED, FIELD_PATH, DATA_TYPE, DATA1, DATA2, TRANSITIVE_FIELDS, FORMULA, ENTITY_LOOKUP_TYPE)
VALUES ('cc3837be4b8d4f9ca9d94e2fbc4044ae', 0, 'e82fc380dbd54b25802bbc75d23f9f4b', 'custCodelist7Name', 'CUST_CODELIST7_NAME', 'NVARCHAR2(400)', 'N/A', 0, 'string-m', '', '', '', '', '', '', '', 0, NULL, 400, NULL, NULL, '', '', 'system', systimestamp, '69', 0, 'entity.vendorInvoiceAttachments.custCodelist7Name', '', '', '', '', '', '');
INSERT INTO CNT_FIELD_DEFINITION
 (ID, REVISION, PARENT_ID, FIELD_ID, COLUMN_NAME, COLUMN_TYPE, REPORT_COLUMN_NAME, PRODUCT_FIELD, FIELD_TYPE, ENTITY_LOOKUP, ENTITY_LOOKUP_KEY, ORDER_BY, GENERATOR, REFER_TABLE, KEY_COLUMN, LOOKUP_COLUMN, MANDATORY, MIN_LENGTH, MAX_LENGTH, MIN_VALUE, MAX_VALUE, CONSTANT_VALUE, UNIQUE_KEY, CREATE_USER, CREATED_ON, LINE_NO, MANAGED, FIELD_PATH, DATA_TYPE, DATA1, DATA2, TRANSITIVE_FIELDS, FORMULA, ENTITY_LOOKUP_TYPE)
VALUES ('7c34c9857a334b89b75d5200f99140a5', 0, 'e82fc380dbd54b25802bbc75d23f9f4b', 'custHcl1Ref', 'CUST_HCL1_REF', 'NVARCHAR2(1000)', 'N/A', 0, 'string-l', '', '', '', '', '', '', '', 0, NULL, 1000, NULL, NULL, '', '', 'system', systimestamp, '70', 0, 'entity.vendorInvoiceAttachments.custHcl1Ref', '', '', '', '', '', '');
INSERT INTO CNT_FIELD_DEFINITION
 (ID, REVISION, PARENT_ID, FIELD_ID, COLUMN_NAME, COLUMN_TYPE, REPORT_COLUMN_NAME, PRODUCT_FIELD, FIELD_TYPE, ENTITY_LOOKUP, ENTITY_LOOKUP_KEY, ORDER_BY, GENERATOR, REFER_TABLE, KEY_COLUMN, LOOKUP_COLUMN, MANDATORY, MIN_LENGTH, MAX_LENGTH, MIN_VALUE, MAX_VALUE, CONSTANT_VALUE, UNIQUE_KEY, CREATE_USER, CREATED_ON, LINE_NO, MANAGED, FIELD_PATH, DATA_TYPE, DATA1, DATA2, TRANSITIVE_FIELDS, FORMULA, ENTITY_LOOKUP_TYPE)
VALUES ('2642e7b3244048588efd9f6030cc3ad1', 0, 'e82fc380dbd54b25802bbc75d23f9f4b', 'custHcl1Ver', 'CUST_HCL1_VER', 'NUMBER(20, 0)', 'N/A', 0, 'integer', '', '', '', '', '', '', '', 0, NULL, 18, NULL, NULL, '', '', 'system', systimestamp, '71', 0, 'entity.vendorInvoiceAttachments.custHcl1Ver', '', '', '', '', '', '');
INSERT INTO CNT_FIELD_DEFINITION
 (ID, REVISION, PARENT_ID, FIELD_ID, COLUMN_NAME, COLUMN_TYPE, REPORT_COLUMN_NAME, PRODUCT_FIELD, FIELD_TYPE, ENTITY_LOOKUP, ENTITY_LOOKUP_KEY, ORDER_BY, GENERATOR, REFER_TABLE, KEY_COLUMN, LOOKUP_COLUMN, MANDATORY, MIN_LENGTH, MAX_LENGTH, MIN_VALUE, MAX_VALUE, CONSTANT_VALUE, UNIQUE_KEY, CREATE_USER, CREATED_ON, LINE_NO, MANAGED, FIELD_PATH, DATA_TYPE, DATA1, DATA2, TRANSITIVE_FIELDS, FORMULA, ENTITY_LOOKUP_TYPE)
VALUES ('9c3cc41a0dd64198b1a7ac03b8e71781', 0, 'e82fc380dbd54b25802bbc75d23f9f4b', 'custHcl1Ref2', 'CUST_HCL1_REF2', 'NVARCHAR2(1000)', 'N/A', 0, 'string-l', '', '', '', '', '', '', '', 0, NULL, 1000, NULL, NULL, '', '', 'system', systimestamp, '72', 0, 'entity.vendorInvoiceAttachments.custHcl1Ref2', '', '', '', '', '', '');
INSERT INTO CNT_FIELD_DEFINITION
 (ID, REVISION, PARENT_ID, FIELD_ID, COLUMN_NAME, COLUMN_TYPE, REPORT_COLUMN_NAME, PRODUCT_FIELD, FIELD_TYPE, ENTITY_LOOKUP, ENTITY_LOOKUP_KEY, ORDER_BY, GENERATOR, REFER_TABLE, KEY_COLUMN, LOOKUP_COLUMN, MANDATORY, MIN_LENGTH, MAX_LENGTH, MIN_VALUE, MAX_VALUE, CONSTANT_VALUE, UNIQUE_KEY, CREATE_USER, CREATED_ON, LINE_NO, MANAGED, FIELD_PATH, DATA_TYPE, DATA1, DATA2, TRANSITIVE_FIELDS, FORMULA, ENTITY_LOOKUP_TYPE)
VALUES ('e7b695b99d404243abd46eb1a4fd528c', 0, 'e82fc380dbd54b25802bbc75d23f9f4b', 'custHcl1FullLineage', 'CUST_HCL1_FULL_LINEAGE', 'NVARCHAR2(1000)', 'N/A', 0, 'string-l', '', '', '', '', '', '', '', 0, NULL, 1000, NULL, NULL, '', '', 'system', systimestamp, '73', 0, 'entity.vendorInvoiceAttachments.custHcl1FullLineage', '', '', '', '', '', '');
INSERT INTO CNT_FIELD_DEFINITION
 (ID, REVISION, PARENT_ID, FIELD_ID, COLUMN_NAME, COLUMN_TYPE, REPORT_COLUMN_NAME, PRODUCT_FIELD, FIELD_TYPE, ENTITY_LOOKUP, ENTITY_LOOKUP_KEY, ORDER_BY, GENERATOR, REFER_TABLE, KEY_COLUMN, LOOKUP_COLUMN, MANDATORY, MIN_LENGTH, MAX_LENGTH, MIN_VALUE, MAX_VALUE, CONSTANT_VALUE, UNIQUE_KEY, CREATE_USER, CREATED_ON, LINE_NO, MANAGED, FIELD_PATH, DATA_TYPE, DATA1, DATA2, TRANSITIVE_FIELDS, FORMULA, ENTITY_LOOKUP_TYPE)
VALUES ('184ede8a777f490ba13c4acb947df924', 0, 'e82fc380dbd54b25802bbc75d23f9f4b', 'custHcl2Ref', 'CUST_HCL2_REF', 'NVARCHAR2(1000)', 'N/A', 0, 'string-l', '', '', '', '', '', '', '', 0, NULL, 1000, NULL, NULL, '', '', 'system', systimestamp, '74', 0, 'entity.vendorInvoiceAttachments.custHcl2Ref', '', '', '', '', '', '');
INSERT INTO CNT_FIELD_DEFINITION
 (ID, REVISION, PARENT_ID, FIELD_ID, COLUMN_NAME, COLUMN_TYPE, REPORT_COLUMN_NAME, PRODUCT_FIELD, FIELD_TYPE, ENTITY_LOOKUP, ENTITY_LOOKUP_KEY, ORDER_BY, GENERATOR, REFER_TABLE, KEY_COLUMN, LOOKUP_COLUMN, MANDATORY, MIN_LENGTH, MAX_LENGTH, MIN_VALUE, MAX_VALUE, CONSTANT_VALUE, UNIQUE_KEY, CREATE_USER, CREATED_ON, LINE_NO, MANAGED, FIELD_PATH, DATA_TYPE, DATA1, DATA2, TRANSITIVE_FIELDS, FORMULA, ENTITY_LOOKUP_TYPE)
VALUES ('8e9d482a367d4071a04e997f3a7c26d1', 0, 'e82fc380dbd54b25802bbc75d23f9f4b', 'custHcl2Ver', 'CUST_HCL2_VER', 'NUMBER(20, 0)', 'N/A', 0, 'integer', '', '', '', '', '', '', '', 0, NULL, 18, NULL, NULL, '', '', 'system', systimestamp, '75', 0, 'entity.vendorInvoiceAttachments.custHcl2Ver', '', '', '', '', '', '');
INSERT INTO CNT_FIELD_DEFINITION
 (ID, REVISION, PARENT_ID, FIELD_ID, COLUMN_NAME, COLUMN_TYPE, REPORT_COLUMN_NAME, PRODUCT_FIELD, FIELD_TYPE, ENTITY_LOOKUP, ENTITY_LOOKUP_KEY, ORDER_BY, GENERATOR, REFER_TABLE, KEY_COLUMN, LOOKUP_COLUMN, MANDATORY, MIN_LENGTH, MAX_LENGTH, MIN_VALUE, MAX_VALUE, CONSTANT_VALUE, UNIQUE_KEY, CREATE_USER, CREATED_ON, LINE_NO, MANAGED, FIELD_PATH, DATA_TYPE, DATA1, DATA2, TRANSITIVE_FIELDS, FORMULA, ENTITY_LOOKUP_TYPE)
VALUES ('90b1fd1d594344a8a1b20904e547d03d', 0, 'e82fc380dbd54b25802bbc75d23f9f4b', 'custHcl2Ref2', 'CUST_HCL2_REF2', 'NVARCHAR2(1000)', 'N/A', 0, 'string-l', '', '', '', '', '', '', '', 0, NULL, 1000, NULL, NULL, '', '', 'system', systimestamp, '76', 0, 'entity.vendorInvoiceAttachments.custHcl2Ref2', '', '', '', '', '', '');
INSERT INTO CNT_FIELD_DEFINITION
 (ID, REVISION, PARENT_ID, FIELD_ID, COLUMN_NAME, COLUMN_TYPE, REPORT_COLUMN_NAME, PRODUCT_FIELD, FIELD_TYPE, ENTITY_LOOKUP, ENTITY_LOOKUP_KEY, ORDER_BY, GENERATOR, REFER_TABLE, KEY_COLUMN, LOOKUP_COLUMN, MANDATORY, MIN_LENGTH, MAX_LENGTH, MIN_VALUE, MAX_VALUE, CONSTANT_VALUE, UNIQUE_KEY, CREATE_USER, CREATED_ON, LINE_NO, MANAGED, FIELD_PATH, DATA_TYPE, DATA1, DATA2, TRANSITIVE_FIELDS, FORMULA, ENTITY_LOOKUP_TYPE)
VALUES ('18dad11228db4fb6bfa3456eaeee519c', 0, 'e82fc380dbd54b25802bbc75d23f9f4b', 'custHcl2FullLineage', 'CUST_HCL2_FULL_LINEAGE', 'NVARCHAR2(1000)', 'N/A', 0, 'string-l', '', '', '', '', '', '', '', 0, NULL, 1000, NULL, NULL, '', '', 'system', systimestamp, '77', 0, 'entity.vendorInvoiceAttachments.custHcl2FullLineage', '', '', '', '', '', '');
INSERT INTO CNT_FIELD_DEFINITION
 (ID, REVISION, PARENT_ID, FIELD_ID, COLUMN_NAME, COLUMN_TYPE, REPORT_COLUMN_NAME, PRODUCT_FIELD, FIELD_TYPE, ENTITY_LOOKUP, ENTITY_LOOKUP_KEY, ORDER_BY, GENERATOR, REFER_TABLE, KEY_COLUMN, LOOKUP_COLUMN, MANDATORY, MIN_LENGTH, MAX_LENGTH, MIN_VALUE, MAX_VALUE, CONSTANT_VALUE, UNIQUE_KEY, CREATE_USER, CREATED_ON, LINE_NO, MANAGED, FIELD_PATH, DATA_TYPE, DATA1, DATA2, TRANSITIVE_FIELDS, FORMULA, ENTITY_LOOKUP_TYPE)
VALUES ('3b4f4064f4384d0d9db30242919853ab', 0, 'e82fc380dbd54b25802bbc75d23f9f4b', 'custHcl3Ref', 'CUST_HCL3_REF', 'NVARCHAR2(1000)', 'N/A', 0, 'string-l', '', '', '', '', '', '', '', 0, NULL, 1000, NULL, NULL, '', '', 'system', systimestamp, '78', 0, 'entity.vendorInvoiceAttachments.custHcl3Ref', '', '', '', '', '', '');
INSERT INTO CNT_FIELD_DEFINITION
 (ID, REVISION, PARENT_ID, FIELD_ID, COLUMN_NAME, COLUMN_TYPE, REPORT_COLUMN_NAME, PRODUCT_FIELD, FIELD_TYPE, ENTITY_LOOKUP, ENTITY_LOOKUP_KEY, ORDER_BY, GENERATOR, REFER_TABLE, KEY_COLUMN, LOOKUP_COLUMN, MANDATORY, MIN_LENGTH, MAX_LENGTH, MIN_VALUE, MAX_VALUE, CONSTANT_VALUE, UNIQUE_KEY, CREATE_USER, CREATED_ON, LINE_NO, MANAGED, FIELD_PATH, DATA_TYPE, DATA1, DATA2, TRANSITIVE_FIELDS, FORMULA, ENTITY_LOOKUP_TYPE)
VALUES ('1a8a3813dd694777a34cc5a41d5de407', 0, 'e82fc380dbd54b25802bbc75d23f9f4b', 'custHcl3Ver', 'CUST_HCL3_VER', 'NUMBER(20, 0)', 'N/A', 0, 'integer', '', '', '', '', '', '', '', 0, NULL, 18, NULL, NULL, '', '', 'system', systimestamp, '79', 0, 'entity.vendorInvoiceAttachments.custHcl3Ver', '', '', '', '', '', '');
INSERT INTO CNT_FIELD_DEFINITION
 (ID, REVISION, PARENT_ID, FIELD_ID, COLUMN_NAME, COLUMN_TYPE, REPORT_COLUMN_NAME, PRODUCT_FIELD, FIELD_TYPE, ENTITY_LOOKUP, ENTITY_LOOKUP_KEY, ORDER_BY, GENERATOR, REFER_TABLE, KEY_COLUMN, LOOKUP_COLUMN, MANDATORY, MIN_LENGTH, MAX_LENGTH, MIN_VALUE, MAX_VALUE, CONSTANT_VALUE, UNIQUE_KEY, CREATE_USER, CREATED_ON, LINE_NO, MANAGED, FIELD_PATH, DATA_TYPE, DATA1, DATA2, TRANSITIVE_FIELDS, FORMULA, ENTITY_LOOKUP_TYPE)
VALUES ('e8534f187a5045ac9dab8ac764ce52d2', 0, 'e82fc380dbd54b25802bbc75d23f9f4b', 'custHcl3Ref2', 'CUST_HCL3_REF2', 'NVARCHAR2(1000)', 'N/A', 0, 'string-l', '', '', '', '', '', '', '', 0, NULL, 1000, NULL, NULL, '', '', 'system', systimestamp, '80', 0, 'entity.vendorInvoiceAttachments.custHcl3Ref2', '', '', '', '', '', '');
INSERT INTO CNT_FIELD_DEFINITION
 (ID, REVISION, PARENT_ID, FIELD_ID, COLUMN_NAME, COLUMN_TYPE, REPORT_COLUMN_NAME, PRODUCT_FIELD, FIELD_TYPE, ENTITY_LOOKUP, ENTITY_LOOKUP_KEY, ORDER_BY, GENERATOR, REFER_TABLE, KEY_COLUMN, LOOKUP_COLUMN, MANDATORY, MIN_LENGTH, MAX_LENGTH, MIN_VALUE, MAX_VALUE, CONSTANT_VALUE, UNIQUE_KEY, CREATE_USER, CREATED_ON, LINE_NO, MANAGED, FIELD_PATH, DATA_TYPE, DATA1, DATA2, TRANSITIVE_FIELDS, FORMULA, ENTITY_LOOKUP_TYPE)
VALUES ('fc92ef2c25fb445184bbf1e4ef4f3ea5', 0, 'e82fc380dbd54b25802bbc75d23f9f4b', 'custHcl3FullLineage', 'CUST_HCL3_FULL_LINEAGE', 'NVARCHAR2(1000)', 'N/A', 0, 'string-l', '', '', '', '', '', '', '', 0, NULL, 1000, NULL, NULL, '', '', 'system', systimestamp, '81', 0, 'entity.vendorInvoiceAttachments.custHcl3FullLineage', '', '', '', '', '', '');
INSERT INTO CNT_FIELD_DEFINITION
 (ID, REVISION, PARENT_ID, FIELD_ID, COLUMN_NAME, COLUMN_TYPE, REPORT_COLUMN_NAME, PRODUCT_FIELD, FIELD_TYPE, ENTITY_LOOKUP, ENTITY_LOOKUP_KEY, ORDER_BY, GENERATOR, REFER_TABLE, KEY_COLUMN, LOOKUP_COLUMN, MANDATORY, MIN_LENGTH, MAX_LENGTH, MIN_VALUE, MAX_VALUE, CONSTANT_VALUE, UNIQUE_KEY, CREATE_USER, CREATED_ON, LINE_NO, MANAGED, FIELD_PATH, DATA_TYPE, DATA1, DATA2, TRANSITIVE_FIELDS, FORMULA, ENTITY_LOOKUP_TYPE)
VALUES ('aa8d8000ec034ce792940a203881056f', 0, 'e82fc380dbd54b25802bbc75d23f9f4b', 'custHcl4Ref', 'CUST_HCL4_REF', 'NVARCHAR2(1000)', 'N/A', 0, 'string-l', '', '', '', '', '', '', '', 0, NULL, 1000, NULL, NULL, '', '', 'system', systimestamp, '82', 0, 'entity.vendorInvoiceAttachments.custHcl4Ref', '', '', '', '', '', '');
INSERT INTO CNT_FIELD_DEFINITION
 (ID, REVISION, PARENT_ID, FIELD_ID, COLUMN_NAME, COLUMN_TYPE, REPORT_COLUMN_NAME, PRODUCT_FIELD, FIELD_TYPE, ENTITY_LOOKUP, ENTITY_LOOKUP_KEY, ORDER_BY, GENERATOR, REFER_TABLE, KEY_COLUMN, LOOKUP_COLUMN, MANDATORY, MIN_LENGTH, MAX_LENGTH, MIN_VALUE, MAX_VALUE, CONSTANT_VALUE, UNIQUE_KEY, CREATE_USER, CREATED_ON, LINE_NO, MANAGED, FIELD_PATH, DATA_TYPE, DATA1, DATA2, TRANSITIVE_FIELDS, FORMULA, ENTITY_LOOKUP_TYPE)
VALUES ('d24d708ccf8a4f7fa14c318e30005a82', 0, 'e82fc380dbd54b25802bbc75d23f9f4b', 'custHcl4Ver', 'CUST_HCL4_VER', 'NUMBER(20, 0)', 'N/A', 0, 'integer', '', '', '', '', '', '', '', 0, NULL, 18, NULL, NULL, '', '', 'system', systimestamp, '83', 0, 'entity.vendorInvoiceAttachments.custHcl4Ver', '', '', '', '', '', '');
INSERT INTO CNT_FIELD_DEFINITION
 (ID, REVISION, PARENT_ID, FIELD_ID, COLUMN_NAME, COLUMN_TYPE, REPORT_COLUMN_NAME, PRODUCT_FIELD, FIELD_TYPE, ENTITY_LOOKUP, ENTITY_LOOKUP_KEY, ORDER_BY, GENERATOR, REFER_TABLE, KEY_COLUMN, LOOKUP_COLUMN, MANDATORY, MIN_LENGTH, MAX_LENGTH, MIN_VALUE, MAX_VALUE, CONSTANT_VALUE, UNIQUE_KEY, CREATE_USER, CREATED_ON, LINE_NO, MANAGED, FIELD_PATH, DATA_TYPE, DATA1, DATA2, TRANSITIVE_FIELDS, FORMULA, ENTITY_LOOKUP_TYPE)
VALUES ('7421188ebd4e4f1e97f5a7ad7a22b4c3', 0, 'e82fc380dbd54b25802bbc75d23f9f4b', 'custHcl4Ref2', 'CUST_HCL4_REF2', 'NVARCHAR2(1000)', 'N/A', 0, 'string-l', '', '', '', '', '', '', '', 0, NULL, 1000, NULL, NULL, '', '', 'system', systimestamp, '84', 0, 'entity.vendorInvoiceAttachments.custHcl4Ref2', '', '', '', '', '', '');
INSERT INTO CNT_FIELD_DEFINITION
 (ID, REVISION, PARENT_ID, FIELD_ID, COLUMN_NAME, COLUMN_TYPE, REPORT_COLUMN_NAME, PRODUCT_FIELD, FIELD_TYPE, ENTITY_LOOKUP, ENTITY_LOOKUP_KEY, ORDER_BY, GENERATOR, REFER_TABLE, KEY_COLUMN, LOOKUP_COLUMN, MANDATORY, MIN_LENGTH, MAX_LENGTH, MIN_VALUE, MAX_VALUE, CONSTANT_VALUE, UNIQUE_KEY, CREATE_USER, CREATED_ON, LINE_NO, MANAGED, FIELD_PATH, DATA_TYPE, DATA1, DATA2, TRANSITIVE_FIELDS, FORMULA, ENTITY_LOOKUP_TYPE)
VALUES ('d4bdc1ee47384a5bb3c179cc8b450eb2', 0, 'e82fc380dbd54b25802bbc75d23f9f4b', 'custHcl4FullLineage', 'CUST_HCL4_FULL_LINEAGE', 'NVARCHAR2(1000)', 'N/A', 0, 'string-l', '', '', '', '', '', '', '', 0, NULL, 1000, NULL, NULL, '', '', 'system', systimestamp, '85', 0, 'entity.vendorInvoiceAttachments.custHcl4FullLineage', '', '', '', '', '', '');
INSERT INTO CNT_FIELD_DEFINITION
 (ID, REVISION, PARENT_ID, FIELD_ID, COLUMN_NAME, COLUMN_TYPE, REPORT_COLUMN_NAME, PRODUCT_FIELD, FIELD_TYPE, ENTITY_LOOKUP, ENTITY_LOOKUP_KEY, ORDER_BY, GENERATOR, REFER_TABLE, KEY_COLUMN, LOOKUP_COLUMN, MANDATORY, MIN_LENGTH, MAX_LENGTH, MIN_VALUE, MAX_VALUE, CONSTANT_VALUE, UNIQUE_KEY, CREATE_USER, CREATED_ON, LINE_NO, MANAGED, FIELD_PATH, DATA_TYPE, DATA1, DATA2, TRANSITIVE_FIELDS, FORMULA, ENTITY_LOOKUP_TYPE)
VALUES ('21c15876769d48df922ab3c26fdc7861', 0, 'e82fc380dbd54b25802bbc75d23f9f4b', 'custHcl5Ref', 'CUST_HCL5_REF', 'NVARCHAR2(1000)', 'N/A', 0, 'string-l', '', '', '', '', '', '', '', 0, NULL, 1000, NULL, NULL, '', '', 'system', systimestamp, '86', 0, 'entity.vendorInvoiceAttachments.custHcl5Ref', '', '', '', '', '', '');
INSERT INTO CNT_FIELD_DEFINITION
 (ID, REVISION, PARENT_ID, FIELD_ID, COLUMN_NAME, COLUMN_TYPE, REPORT_COLUMN_NAME, PRODUCT_FIELD, FIELD_TYPE, ENTITY_LOOKUP, ENTITY_LOOKUP_KEY, ORDER_BY, GENERATOR, REFER_TABLE, KEY_COLUMN, LOOKUP_COLUMN, MANDATORY, MIN_LENGTH, MAX_LENGTH, MIN_VALUE, MAX_VALUE, CONSTANT_VALUE, UNIQUE_KEY, CREATE_USER, CREATED_ON, LINE_NO, MANAGED, FIELD_PATH, DATA_TYPE, DATA1, DATA2, TRANSITIVE_FIELDS, FORMULA, ENTITY_LOOKUP_TYPE)
VALUES ('959f9d824d3c4f7e8251862620798bac', 0, 'e82fc380dbd54b25802bbc75d23f9f4b', 'custHcl5Ver', 'CUST_HCL5_VER', 'NUMBER(20, 0)', 'N/A', 0, 'integer', '', '', '', '', '', '', '', 0, NULL, 18, NULL, NULL, '', '', 'system', systimestamp, '87', 0, 'entity.vendorInvoiceAttachments.custHcl5Ver', '', '', '', '', '', '');
INSERT INTO CNT_FIELD_DEFINITION
 (ID, REVISION, PARENT_ID, FIELD_ID, COLUMN_NAME, COLUMN_TYPE, REPORT_COLUMN_NAME, PRODUCT_FIELD, FIELD_TYPE, ENTITY_LOOKUP, ENTITY_LOOKUP_KEY, ORDER_BY, GENERATOR, REFER_TABLE, KEY_COLUMN, LOOKUP_COLUMN, MANDATORY, MIN_LENGTH, MAX_LENGTH, MIN_VALUE, MAX_VALUE, CONSTANT_VALUE, UNIQUE_KEY, CREATE_USER, CREATED_ON, LINE_NO, MANAGED, FIELD_PATH, DATA_TYPE, DATA1, DATA2, TRANSITIVE_FIELDS, FORMULA, ENTITY_LOOKUP_TYPE)
VALUES ('366f52036262409291a13cf704cb56a7', 0, 'e82fc380dbd54b25802bbc75d23f9f4b', 'custHcl5Ref2', 'CUST_HCL5_REF2', 'NVARCHAR2(1000)', 'N/A', 0, 'string-l', '', '', '', '', '', '', '', 0, NULL, 1000, NULL, NULL, '', '', 'system', systimestamp, '88', 0, 'entity.vendorInvoiceAttachments.custHcl5Ref2', '', '', '', '', '', '');
INSERT INTO CNT_FIELD_DEFINITION
 (ID, REVISION, PARENT_ID, FIELD_ID, COLUMN_NAME, COLUMN_TYPE, REPORT_COLUMN_NAME, PRODUCT_FIELD, FIELD_TYPE, ENTITY_LOOKUP, ENTITY_LOOKUP_KEY, ORDER_BY, GENERATOR, REFER_TABLE, KEY_COLUMN, LOOKUP_COLUMN, MANDATORY, MIN_LENGTH, MAX_LENGTH, MIN_VALUE, MAX_VALUE, CONSTANT_VALUE, UNIQUE_KEY, CREATE_USER, CREATED_ON, LINE_NO, MANAGED, FIELD_PATH, DATA_TYPE, DATA1, DATA2, TRANSITIVE_FIELDS, FORMULA, ENTITY_LOOKUP_TYPE)
VALUES ('fe4749d5036c475db03d3a693a24d818', 0, 'e82fc380dbd54b25802bbc75d23f9f4b', 'custHcl5FullLineage', 'CUST_HCL5_FULL_LINEAGE', 'NVARCHAR2(1000)', 'N/A', 0, 'string-l', '', '', '', '', '', '', '', 0, NULL, 1000, NULL, NULL, '', '', 'system', systimestamp, '89', 0, 'entity.vendorInvoiceAttachments.custHcl5FullLineage', '', '', '', '', '', '');
INSERT INTO CNT_ENTITY_DEFINITION
 (ID, REVISION, ENTITY_NAME, ENTITY_VERSION, PRODUCT_TABLE_NAME, CUSTOM_TABLE_NAME, REPORT_TABLE_NAME, MODULE, TYPE, REVISION_TRACKING, VERSION_TRACKING, HISTORY_ENTITY_NAME, REF_PATTERN, SYSTEM_ENTITY, CREATE_USER, CREATED_ON, IS_FOR_EXTERNAL)
VALUES ('ca53a5a96c0f49a8ab4e2dc8605d855f', 0, 'VIShipmentItemSize', 1, 'CNT_VI_ITEM_SIZE', 'CTM_VENDOR_INVOICE', 'VENDOR_INVOICE_ITEM_SIZE', 'vendorInvoice', 'inner', '', 'ALL', '', '', 0, 'system', systimestamp, 0);
INSERT INTO CNT_FIELD_DEFINITION
 (ID, REVISION, PARENT_ID, FIELD_ID, COLUMN_NAME, COLUMN_TYPE, REPORT_COLUMN_NAME, PRODUCT_FIELD, FIELD_TYPE, ENTITY_LOOKUP, ENTITY_LOOKUP_KEY, ORDER_BY, GENERATOR, REFER_TABLE, KEY_COLUMN, LOOKUP_COLUMN, MANDATORY, MIN_LENGTH, MAX_LENGTH, MIN_VALUE, MAX_VALUE, CONSTANT_VALUE, UNIQUE_KEY, CREATE_USER, CREATED_ON, LINE_NO, MANAGED, FIELD_PATH, DATA_TYPE, DATA1, DATA2, TRANSITIVE_FIELDS, FORMULA, ENTITY_LOOKUP_TYPE)
VALUES ('1f627b51ccf1409d93e2a695ce5b2226', 0, 'ca53a5a96c0f49a8ab4e2dc8605d855f', 'id', 'ID', 'CHAR(32)', '', 1, 'id', '', '', '', 'com.core.cbx.data.generator.UUIDGenerator', '', '', '', 0, 32, 32, NULL, NULL, '', '', 'system', systimestamp, '0', 0, 'entity.vendorInvoiceShipItems.viShipmentItemSizes.id', '', '', '', '', '', '');
INSERT INTO CNT_FIELD_DEFINITION
 (ID, REVISION, PARENT_ID, FIELD_ID, COLUMN_NAME, COLUMN_TYPE, REPORT_COLUMN_NAME, PRODUCT_FIELD, FIELD_TYPE, ENTITY_LOOKUP, ENTITY_LOOKUP_KEY, ORDER_BY, GENERATOR, REFER_TABLE, KEY_COLUMN, LOOKUP_COLUMN, MANDATORY, MIN_LENGTH, MAX_LENGTH, MIN_VALUE, MAX_VALUE, CONSTANT_VALUE, UNIQUE_KEY, CREATE_USER, CREATED_ON, LINE_NO, MANAGED, FIELD_PATH, DATA_TYPE, DATA1, DATA2, TRANSITIVE_FIELDS, FORMULA, ENTITY_LOOKUP_TYPE)
VALUES ('0c138dfe746d414a8329ac5d76c21c7e', 0, 'ca53a5a96c0f49a8ab4e2dc8605d855f', 'revision', 'REVISION', 'NUMBER(20, 0)', '', 1, 'integer', '', '', '', '', '', '', '', 0, NULL, 18, NULL, NULL, '', '', 'system', systimestamp, '1', 0, 'entity.vendorInvoiceShipItems.viShipmentItemSizes.revision', '', '', '', '', '', '');
INSERT INTO CNT_FIELD_DEFINITION
 (ID, REVISION, PARENT_ID, FIELD_ID, COLUMN_NAME, COLUMN_TYPE, REPORT_COLUMN_NAME, PRODUCT_FIELD, FIELD_TYPE, ENTITY_LOOKUP, ENTITY_LOOKUP_KEY, ORDER_BY, GENERATOR, REFER_TABLE, KEY_COLUMN, LOOKUP_COLUMN, MANDATORY, MIN_LENGTH, MAX_LENGTH, MIN_VALUE, MAX_VALUE, CONSTANT_VALUE, UNIQUE_KEY, CREATE_USER, CREATED_ON, LINE_NO, MANAGED, FIELD_PATH, DATA_TYPE, DATA1, DATA2, TRANSITIVE_FIELDS, FORMULA, ENTITY_LOOKUP_TYPE)
VALUES ('568c1770205b463f9df270b13acf70f5', 0, 'ca53a5a96c0f49a8ab4e2dc8605d855f', 'entityVersion', 'ENTITY_VERSION', 'NUMBER(20, 0)', '', 1, 'integer', '', '', '', '', '', '', '', 0, NULL, 18, NULL, NULL, '', '', 'system', systimestamp, '2', 0, 'entity.vendorInvoiceShipItems.viShipmentItemSizes.entityVersion', '', '', '', '', '', '');
INSERT INTO CNT_FIELD_DEFINITION
 (ID, REVISION, PARENT_ID, FIELD_ID, COLUMN_NAME, COLUMN_TYPE, REPORT_COLUMN_NAME, PRODUCT_FIELD, FIELD_TYPE, ENTITY_LOOKUP, ENTITY_LOOKUP_KEY, ORDER_BY, GENERATOR, REFER_TABLE, KEY_COLUMN, LOOKUP_COLUMN, MANDATORY, MIN_LENGTH, MAX_LENGTH, MIN_VALUE, MAX_VALUE, CONSTANT_VALUE, UNIQUE_KEY, CREATE_USER, CREATED_ON, LINE_NO, MANAGED, FIELD_PATH, DATA_TYPE, DATA1, DATA2, TRANSITIVE_FIELDS, FORMULA, ENTITY_LOOKUP_TYPE)
VALUES ('e7a43a468f5d477a98bcfe71640474ba', 0, 'ca53a5a96c0f49a8ab4e2dc8605d855f', 'domainId', 'DOMAIN_ID', 'NVARCHAR2(400)', '', 1, 'string-m', '', '', '', '', '', '', '', 0, NULL, 400, NULL, NULL, '', '', 'system', systimestamp, '3', 0, 'entity.vendorInvoiceShipItems.viShipmentItemSizes.domainId', '', '', '', '', '', '');
INSERT INTO CNT_FIELD_DEFINITION
 (ID, REVISION, PARENT_ID, FIELD_ID, COLUMN_NAME, COLUMN_TYPE, REPORT_COLUMN_NAME, PRODUCT_FIELD, FIELD_TYPE, ENTITY_LOOKUP, ENTITY_LOOKUP_KEY, ORDER_BY, GENERATOR, REFER_TABLE, KEY_COLUMN, LOOKUP_COLUMN, MANDATORY, MIN_LENGTH, MAX_LENGTH, MIN_VALUE, MAX_VALUE, CONSTANT_VALUE, UNIQUE_KEY, CREATE_USER, CREATED_ON, LINE_NO, MANAGED, FIELD_PATH, DATA_TYPE, DATA1, DATA2, TRANSITIVE_FIELDS, FORMULA, ENTITY_LOOKUP_TYPE)
VALUES ('53049979da5048ef8753952595dc7050', 0, 'ca53a5a96c0f49a8ab4e2dc8605d855f', 'hubDomainId', 'HUB_DOMAIN_ID', 'NVARCHAR2(400)', '', 1, 'string-m', '', '', '', '', '', '', '', 0, NULL, 400, NULL, NULL, '', '', 'system', systimestamp, '4', 0, 'entity.vendorInvoiceShipItems.viShipmentItemSizes.hubDomainId', '', '', '', '', '', '');
INSERT INTO CNT_FIELD_DEFINITION
 (ID, REVISION, PARENT_ID, FIELD_ID, COLUMN_NAME, COLUMN_TYPE, REPORT_COLUMN_NAME, PRODUCT_FIELD, FIELD_TYPE, ENTITY_LOOKUP, ENTITY_LOOKUP_KEY, ORDER_BY, GENERATOR, REFER_TABLE, KEY_COLUMN, LOOKUP_COLUMN, MANDATORY, MIN_LENGTH, MAX_LENGTH, MIN_VALUE, MAX_VALUE, CONSTANT_VALUE, UNIQUE_KEY, CREATE_USER, CREATED_ON, LINE_NO, MANAGED, FIELD_PATH, DATA_TYPE, DATA1, DATA2, TRANSITIVE_FIELDS, FORMULA, ENTITY_LOOKUP_TYPE)
VALUES ('48337b7ac26448f1b721c87143717945', 0, 'ca53a5a96c0f49a8ab4e2dc8605d855f', 'isForReference', 'IS_FOR_REFERENCE', 'NUMBER(1,0)', '', 1, 'boolean', '', '', '', '', '', '', '', 0, NULL, NULL, NULL, NULL, '', '', 'system', systimestamp, '5', 0, 'entity.vendorInvoiceShipItems.viShipmentItemSizes.isForReference', '', '', '', '', '', '');
INSERT INTO CNT_FIELD_DEFINITION
 (ID, REVISION, PARENT_ID, FIELD_ID, COLUMN_NAME, COLUMN_TYPE, REPORT_COLUMN_NAME, PRODUCT_FIELD, FIELD_TYPE, ENTITY_LOOKUP, ENTITY_LOOKUP_KEY, ORDER_BY, GENERATOR, REFER_TABLE, KEY_COLUMN, LOOKUP_COLUMN, MANDATORY, MIN_LENGTH, MAX_LENGTH, MIN_VALUE, MAX_VALUE, CONSTANT_VALUE, UNIQUE_KEY, CREATE_USER, CREATED_ON, LINE_NO, MANAGED, FIELD_PATH, DATA_TYPE, DATA1, DATA2, TRANSITIVE_FIELDS, FORMULA, ENTITY_LOOKUP_TYPE)
VALUES ('a12d58313a904746b3561bf4a552e03d', 0, 'ca53a5a96c0f49a8ab4e2dc8605d855f', 'internalSeqNo', 'INTERNAL_SEQ_NO', 'NUMBER(20, 0)', 'n/a', 1, 'integer', '', '', '', '', '', '', '', 0, NULL, 18, NULL, NULL, '', '', 'system', systimestamp, '6', 0, 'entity.vendorInvoiceShipItems.viShipmentItemSizes.internalSeqNo', '', '', '', '', '', '');
INSERT INTO CNT_FIELD_DEFINITION
 (ID, REVISION, PARENT_ID, FIELD_ID, COLUMN_NAME, COLUMN_TYPE, REPORT_COLUMN_NAME, PRODUCT_FIELD, FIELD_TYPE, ENTITY_LOOKUP, ENTITY_LOOKUP_KEY, ORDER_BY, GENERATOR, REFER_TABLE, KEY_COLUMN, LOOKUP_COLUMN, MANDATORY, MIN_LENGTH, MAX_LENGTH, MIN_VALUE, MAX_VALUE, CONSTANT_VALUE, UNIQUE_KEY, CREATE_USER, CREATED_ON, LINE_NO, MANAGED, FIELD_PATH, DATA_TYPE, DATA1, DATA2, TRANSITIVE_FIELDS, FORMULA, ENTITY_LOOKUP_TYPE)
VALUES ('ef8f17cd50fa4da78ffbcb7f0757197b', 0, 'ca53a5a96c0f49a8ab4e2dc8605d855f', 'viShipmentItemId', 'VI_SHIPMENT_ITEM_ID', 'CHAR(32)', 'VENDOR_INVOICE_ITEM_SYS_ID', 1, 'id', '', '', '', '', '', '', '', 1, 32, 32, NULL, NULL, '', '', 'system', systimestamp, '7', 0, 'entity.vendorInvoiceShipItems.viShipmentItemSizes.viShipmentItemId', '', '', '', '', '', '');
INSERT INTO CNT_FIELD_DEFINITION
 (ID, REVISION, PARENT_ID, FIELD_ID, COLUMN_NAME, COLUMN_TYPE, REPORT_COLUMN_NAME, PRODUCT_FIELD, FIELD_TYPE, ENTITY_LOOKUP, ENTITY_LOOKUP_KEY, ORDER_BY, GENERATOR, REFER_TABLE, KEY_COLUMN, LOOKUP_COLUMN, MANDATORY, MIN_LENGTH, MAX_LENGTH, MIN_VALUE, MAX_VALUE, CONSTANT_VALUE, UNIQUE_KEY, CREATE_USER, CREATED_ON, LINE_NO, MANAGED, FIELD_PATH, DATA_TYPE, DATA1, DATA2, TRANSITIVE_FIELDS, FORMULA, ENTITY_LOOKUP_TYPE)
VALUES ('c341c3c3fe934f24ab877d9abd61b33d', 0, 'ca53a5a96c0f49a8ab4e2dc8605d855f', 'itemId', 'ITEM_ID', 'CHAR(32)', 'ITEM_SYS_ID', 1, 'id', '', '', '', '', '', '', '', 0, 32, 32, NULL, NULL, '', '', 'system', systimestamp, '8', 0, 'entity.vendorInvoiceShipItems.viShipmentItemSizes.itemId', '', '', '', '', '', '');
INSERT INTO CNT_FIELD_DEFINITION
 (ID, REVISION, PARENT_ID, FIELD_ID, COLUMN_NAME, COLUMN_TYPE, REPORT_COLUMN_NAME, PRODUCT_FIELD, FIELD_TYPE, ENTITY_LOOKUP, ENTITY_LOOKUP_KEY, ORDER_BY, GENERATOR, REFER_TABLE, KEY_COLUMN, LOOKUP_COLUMN, MANDATORY, MIN_LENGTH, MAX_LENGTH, MIN_VALUE, MAX_VALUE, CONSTANT_VALUE, UNIQUE_KEY, CREATE_USER, CREATED_ON, LINE_NO, MANAGED, FIELD_PATH, DATA_TYPE, DATA1, DATA2, TRANSITIVE_FIELDS, FORMULA, ENTITY_LOOKUP_TYPE)
VALUES ('76a37e5ff3d34671b5948920b4e6bae2', 0, 'ca53a5a96c0f49a8ab4e2dc8605d855f', 'specId', 'SPEC_ID', 'CHAR(32)', 'SPECIFICATION_SYS_ID', 1, 'id', '', '', '', '', '', '', '', 0, 32, 32, NULL, NULL, '', '', 'system', systimestamp, '9', 0, 'entity.vendorInvoiceShipItems.viShipmentItemSizes.specId', '', '', '', '', '', '');
INSERT INTO CNT_FIELD_DEFINITION
 (ID, REVISION, PARENT_ID, FIELD_ID, COLUMN_NAME, COLUMN_TYPE, REPORT_COLUMN_NAME, PRODUCT_FIELD, FIELD_TYPE, ENTITY_LOOKUP, ENTITY_LOOKUP_KEY, ORDER_BY, GENERATOR, REFER_TABLE, KEY_COLUMN, LOOKUP_COLUMN, MANDATORY, MIN_LENGTH, MAX_LENGTH, MIN_VALUE, MAX_VALUE, CONSTANT_VALUE, UNIQUE_KEY, CREATE_USER, CREATED_ON, LINE_NO, MANAGED, FIELD_PATH, DATA_TYPE, DATA1, DATA2, TRANSITIVE_FIELDS, FORMULA, ENTITY_LOOKUP_TYPE)
VALUES ('9292022d0327450bb94a9683633231ae', 0, 'ca53a5a96c0f49a8ab4e2dc8605d855f', 'specSizeId', 'SPEC_SIZE_ID', 'CHAR(32)', 'SPECIFICATION_SIZE_SYS_ID', 1, 'id', '', '', '', '', '', '', '', 0, 32, 32, NULL, NULL, '', '', 'system', systimestamp, '10', 0, 'entity.vendorInvoiceShipItems.viShipmentItemSizes.specSizeId', '', '', '', '', '', '');
INSERT INTO CNT_FIELD_DEFINITION
 (ID, REVISION, PARENT_ID, FIELD_ID, COLUMN_NAME, COLUMN_TYPE, REPORT_COLUMN_NAME, PRODUCT_FIELD, FIELD_TYPE, ENTITY_LOOKUP, ENTITY_LOOKUP_KEY, ORDER_BY, GENERATOR, REFER_TABLE, KEY_COLUMN, LOOKUP_COLUMN, MANDATORY, MIN_LENGTH, MAX_LENGTH, MIN_VALUE, MAX_VALUE, CONSTANT_VALUE, UNIQUE_KEY, CREATE_USER, CREATED_ON, LINE_NO, MANAGED, FIELD_PATH, DATA_TYPE, DATA1, DATA2, TRANSITIVE_FIELDS, FORMULA, ENTITY_LOOKUP_TYPE)
VALUES ('70d63e7298c649ddb272269c58dcbb88', 0, 'ca53a5a96c0f49a8ab4e2dc8605d855f', 'vpoItemSize', 'VPO_ITEM_SIZE_ID', 'CHAR(32)', 'VENDOR_PO_ITEM_SIZE_SYS_ID', 1, 'entity', 'VpoItemSize', 'id', '', '', '', '', '', 1, 32, 32, NULL, NULL, '', '', 'system', systimestamp, '11', 0, 'entity.vendorInvoiceShipItems.viShipmentItemSizes.vpoItemSize', '', '', '', '', '', 'Snapshot');
INSERT INTO CNT_FIELD_DEFINITION
 (ID, REVISION, PARENT_ID, FIELD_ID, COLUMN_NAME, COLUMN_TYPE, REPORT_COLUMN_NAME, PRODUCT_FIELD, FIELD_TYPE, ENTITY_LOOKUP, ENTITY_LOOKUP_KEY, ORDER_BY, GENERATOR, REFER_TABLE, KEY_COLUMN, LOOKUP_COLUMN, MANDATORY, MIN_LENGTH, MAX_LENGTH, MIN_VALUE, MAX_VALUE, CONSTANT_VALUE, UNIQUE_KEY, CREATE_USER, CREATED_ON, LINE_NO, MANAGED, FIELD_PATH, DATA_TYPE, DATA1, DATA2, TRANSITIVE_FIELDS, FORMULA, ENTITY_LOOKUP_TYPE)
VALUES ('1fee150b84d24d2580309a459a3c81ba', 0, 'ca53a5a96c0f49a8ab4e2dc8605d855f', 'seq', 'SEQ', 'NUMBER(20, 0)', 'SEQ', 1, 'integer', '', '', '', '', '', '', '', 0, NULL, 18, NULL, NULL, '', '', 'system', systimestamp, '12', 0, 'entity.vendorInvoiceShipItems.viShipmentItemSizes.seq', '', '', '', '', '', '');
INSERT INTO CNT_FIELD_DEFINITION
 (ID, REVISION, PARENT_ID, FIELD_ID, COLUMN_NAME, COLUMN_TYPE, REPORT_COLUMN_NAME, PRODUCT_FIELD, FIELD_TYPE, ENTITY_LOOKUP, ENTITY_LOOKUP_KEY, ORDER_BY, GENERATOR, REFER_TABLE, KEY_COLUMN, LOOKUP_COLUMN, MANDATORY, MIN_LENGTH, MAX_LENGTH, MIN_VALUE, MAX_VALUE, CONSTANT_VALUE, UNIQUE_KEY, CREATE_USER, CREATED_ON, LINE_NO, MANAGED, FIELD_PATH, DATA_TYPE, DATA1, DATA2, TRANSITIVE_FIELDS, FORMULA, ENTITY_LOOKUP_TYPE)
VALUES ('404e313852e54af9b0f893e7be588a32', 0, 'ca53a5a96c0f49a8ab4e2dc8605d855f', 'sizeCode', 'SIZE_CODE', 'NVARCHAR2(400)', 'SIZE_CODE', 1, 'string-m', '', '', '', '', '', '', '', 0, NULL, 400, NULL, NULL, '', '', 'system', systimestamp, '13', 0, 'entity.vendorInvoiceShipItems.viShipmentItemSizes.sizeCode', '', '', '', '', '', '');
INSERT INTO CNT_FIELD_DEFINITION
 (ID, REVISION, PARENT_ID, FIELD_ID, COLUMN_NAME, COLUMN_TYPE, REPORT_COLUMN_NAME, PRODUCT_FIELD, FIELD_TYPE, ENTITY_LOOKUP, ENTITY_LOOKUP_KEY, ORDER_BY, GENERATOR, REFER_TABLE, KEY_COLUMN, LOOKUP_COLUMN, MANDATORY, MIN_LENGTH, MAX_LENGTH, MIN_VALUE, MAX_VALUE, CONSTANT_VALUE, UNIQUE_KEY, CREATE_USER, CREATED_ON, LINE_NO, MANAGED, FIELD_PATH, DATA_TYPE, DATA1, DATA2, TRANSITIVE_FIELDS, FORMULA, ENTITY_LOOKUP_TYPE)
VALUES ('761f1cd0e9f14383a10402375dc3204d', 0, 'ca53a5a96c0f49a8ab4e2dc8605d855f', 'sizeName', 'SIZE_NAME', 'NVARCHAR2(400)', 'SIZE_NAME', 1, 'string-m', '', '', '', '', '', '', '', 0, NULL, 400, NULL, NULL, '', '', 'system', systimestamp, '14', 0, 'entity.vendorInvoiceShipItems.viShipmentItemSizes.sizeName', '', '', '', '', '', '');
INSERT INTO CNT_FIELD_DEFINITION
 (ID, REVISION, PARENT_ID, FIELD_ID, COLUMN_NAME, COLUMN_TYPE, REPORT_COLUMN_NAME, PRODUCT_FIELD, FIELD_TYPE, ENTITY_LOOKUP, ENTITY_LOOKUP_KEY, ORDER_BY, GENERATOR, REFER_TABLE, KEY_COLUMN, LOOKUP_COLUMN, MANDATORY, MIN_LENGTH, MAX_LENGTH, MIN_VALUE, MAX_VALUE, CONSTANT_VALUE, UNIQUE_KEY, CREATE_USER, CREATED_ON, LINE_NO, MANAGED, FIELD_PATH, DATA_TYPE, DATA1, DATA2, TRANSITIVE_FIELDS, FORMULA, ENTITY_LOOKUP_TYPE)
VALUES ('97ea36011ac4427cab0dcf4c80235abf', 0, 'ca53a5a96c0f49a8ab4e2dc8605d855f', 'custText1', 'CUST_TEXT1', 'NVARCHAR2(1000)', 'CUSTOM_FIELD_TEXT1', 0, 'string-l', '', '', '', '', '', '', '', 0, NULL, 1000, NULL, NULL, '', '', 'system', systimestamp, '15', 0, 'entity.vendorInvoiceShipItems.viShipmentItemSizes.custText1', '', '', '', '', '', '');
INSERT INTO CNT_FIELD_DEFINITION
 (ID, REVISION, PARENT_ID, FIELD_ID, COLUMN_NAME, COLUMN_TYPE, REPORT_COLUMN_NAME, PRODUCT_FIELD, FIELD_TYPE, ENTITY_LOOKUP, ENTITY_LOOKUP_KEY, ORDER_BY, GENERATOR, REFER_TABLE, KEY_COLUMN, LOOKUP_COLUMN, MANDATORY, MIN_LENGTH, MAX_LENGTH, MIN_VALUE, MAX_VALUE, CONSTANT_VALUE, UNIQUE_KEY, CREATE_USER, CREATED_ON, LINE_NO, MANAGED, FIELD_PATH, DATA_TYPE, DATA1, DATA2, TRANSITIVE_FIELDS, FORMULA, ENTITY_LOOKUP_TYPE)
VALUES ('2258723f17144440a79a19be645af867', 0, 'ca53a5a96c0f49a8ab4e2dc8605d855f', 'custText2', 'CUST_TEXT2', 'NVARCHAR2(1000)', 'CUSTOM_FIELD_TEXT2', 0, 'string-l', '', '', '', '', '', '', '', 0, NULL, 1000, NULL, NULL, '', '', 'system', systimestamp, '16', 0, 'entity.vendorInvoiceShipItems.viShipmentItemSizes.custText2', '', '', '', '', '', '');
INSERT INTO CNT_FIELD_DEFINITION
 (ID, REVISION, PARENT_ID, FIELD_ID, COLUMN_NAME, COLUMN_TYPE, REPORT_COLUMN_NAME, PRODUCT_FIELD, FIELD_TYPE, ENTITY_LOOKUP, ENTITY_LOOKUP_KEY, ORDER_BY, GENERATOR, REFER_TABLE, KEY_COLUMN, LOOKUP_COLUMN, MANDATORY, MIN_LENGTH, MAX_LENGTH, MIN_VALUE, MAX_VALUE, CONSTANT_VALUE, UNIQUE_KEY, CREATE_USER, CREATED_ON, LINE_NO, MANAGED, FIELD_PATH, DATA_TYPE, DATA1, DATA2, TRANSITIVE_FIELDS, FORMULA, ENTITY_LOOKUP_TYPE)
VALUES ('441a901c17fe4cd0b418f7fa90ed1372', 0, 'ca53a5a96c0f49a8ab4e2dc8605d855f', 'custText3', 'CUST_TEXT3', 'NVARCHAR2(1000)', 'CUSTOM_FIELD_TEXT3', 0, 'string-l', '', '', '', '', '', '', '', 0, NULL, 1000, NULL, NULL, '', '', 'system', systimestamp, '17', 0, 'entity.vendorInvoiceShipItems.viShipmentItemSizes.custText3', '', '', '', '', '', '');
INSERT INTO CNT_FIELD_DEFINITION
 (ID, REVISION, PARENT_ID, FIELD_ID, COLUMN_NAME, COLUMN_TYPE, REPORT_COLUMN_NAME, PRODUCT_FIELD, FIELD_TYPE, ENTITY_LOOKUP, ENTITY_LOOKUP_KEY, ORDER_BY, GENERATOR, REFER_TABLE, KEY_COLUMN, LOOKUP_COLUMN, MANDATORY, MIN_LENGTH, MAX_LENGTH, MIN_VALUE, MAX_VALUE, CONSTANT_VALUE, UNIQUE_KEY, CREATE_USER, CREATED_ON, LINE_NO, MANAGED, FIELD_PATH, DATA_TYPE, DATA1, DATA2, TRANSITIVE_FIELDS, FORMULA, ENTITY_LOOKUP_TYPE)
VALUES ('82210f7aaebd4bee94661eb986c7456e', 0, 'ca53a5a96c0f49a8ab4e2dc8605d855f', 'custText4', 'CUST_TEXT4', 'NVARCHAR2(1000)', 'CUSTOM_FIELD_TEXT4', 0, 'string-l', '', '', '', '', '', '', '', 0, NULL, 1000, NULL, NULL, '', '', 'system', systimestamp, '18', 0, 'entity.vendorInvoiceShipItems.viShipmentItemSizes.custText4', '', '', '', '', '', '');
INSERT INTO CNT_FIELD_DEFINITION
 (ID, REVISION, PARENT_ID, FIELD_ID, COLUMN_NAME, COLUMN_TYPE, REPORT_COLUMN_NAME, PRODUCT_FIELD, FIELD_TYPE, ENTITY_LOOKUP, ENTITY_LOOKUP_KEY, ORDER_BY, GENERATOR, REFER_TABLE, KEY_COLUMN, LOOKUP_COLUMN, MANDATORY, MIN_LENGTH, MAX_LENGTH, MIN_VALUE, MAX_VALUE, CONSTANT_VALUE, UNIQUE_KEY, CREATE_USER, CREATED_ON, LINE_NO, MANAGED, FIELD_PATH, DATA_TYPE, DATA1, DATA2, TRANSITIVE_FIELDS, FORMULA, ENTITY_LOOKUP_TYPE)
VALUES ('4fa6b60702bf44169cb2026a2e19db60', 0, 'ca53a5a96c0f49a8ab4e2dc8605d855f', 'custText5', 'CUST_TEXT5', 'NVARCHAR2(1000)', 'CUSTOM_FIELD_TEXT5', 0, 'string-l', '', '', '', '', '', '', '', 0, NULL, 1000, NULL, NULL, '', '', 'system', systimestamp, '19', 0, 'entity.vendorInvoiceShipItems.viShipmentItemSizes.custText5', '', '', '', '', '', '');
INSERT INTO CNT_FIELD_DEFINITION
 (ID, REVISION, PARENT_ID, FIELD_ID, COLUMN_NAME, COLUMN_TYPE, REPORT_COLUMN_NAME, PRODUCT_FIELD, FIELD_TYPE, ENTITY_LOOKUP, ENTITY_LOOKUP_KEY, ORDER_BY, GENERATOR, REFER_TABLE, KEY_COLUMN, LOOKUP_COLUMN, MANDATORY, MIN_LENGTH, MAX_LENGTH, MIN_VALUE, MAX_VALUE, CONSTANT_VALUE, UNIQUE_KEY, CREATE_USER, CREATED_ON, LINE_NO, MANAGED, FIELD_PATH, DATA_TYPE, DATA1, DATA2, TRANSITIVE_FIELDS, FORMULA, ENTITY_LOOKUP_TYPE)
VALUES ('4da751eeb970457890dfd2045e651427', 0, 'ca53a5a96c0f49a8ab4e2dc8605d855f', 'custText6', 'CUST_TEXT6', 'NVARCHAR2(1000)', 'CUSTOM_FIELD_TEXT6', 0, 'string-l', '', '', '', '', '', '', '', 0, NULL, 1000, NULL, NULL, '', '', 'system', systimestamp, '20', 0, 'entity.vendorInvoiceShipItems.viShipmentItemSizes.custText6', '', '', '', '', '', '');
INSERT INTO CNT_FIELD_DEFINITION
 (ID, REVISION, PARENT_ID, FIELD_ID, COLUMN_NAME, COLUMN_TYPE, REPORT_COLUMN_NAME, PRODUCT_FIELD, FIELD_TYPE, ENTITY_LOOKUP, ENTITY_LOOKUP_KEY, ORDER_BY, GENERATOR, REFER_TABLE, KEY_COLUMN, LOOKUP_COLUMN, MANDATORY, MIN_LENGTH, MAX_LENGTH, MIN_VALUE, MAX_VALUE, CONSTANT_VALUE, UNIQUE_KEY, CREATE_USER, CREATED_ON, LINE_NO, MANAGED, FIELD_PATH, DATA_TYPE, DATA1, DATA2, TRANSITIVE_FIELDS, FORMULA, ENTITY_LOOKUP_TYPE)
VALUES ('f65faa3d70624d349693b824f11ccb71', 0, 'ca53a5a96c0f49a8ab4e2dc8605d855f', 'custText7', 'CUST_TEXT7', 'NVARCHAR2(1000)', 'CUSTOM_FIELD_TEXT7', 0, 'string-l', '', '', '', '', '', '', '', 0, NULL, 1000, NULL, NULL, '', '', 'system', systimestamp, '21', 0, 'entity.vendorInvoiceShipItems.viShipmentItemSizes.custText7', '', '', '', '', '', '');
INSERT INTO CNT_FIELD_DEFINITION
 (ID, REVISION, PARENT_ID, FIELD_ID, COLUMN_NAME, COLUMN_TYPE, REPORT_COLUMN_NAME, PRODUCT_FIELD, FIELD_TYPE, ENTITY_LOOKUP, ENTITY_LOOKUP_KEY, ORDER_BY, GENERATOR, REFER_TABLE, KEY_COLUMN, LOOKUP_COLUMN, MANDATORY, MIN_LENGTH, MAX_LENGTH, MIN_VALUE, MAX_VALUE, CONSTANT_VALUE, UNIQUE_KEY, CREATE_USER, CREATED_ON, LINE_NO, MANAGED, FIELD_PATH, DATA_TYPE, DATA1, DATA2, TRANSITIVE_FIELDS, FORMULA, ENTITY_LOOKUP_TYPE)
VALUES ('76a4110caa5749b6a7ac03b83e16b6d4', 0, 'ca53a5a96c0f49a8ab4e2dc8605d855f', 'custDate1', 'CUST_DATE1', 'DATE', 'CUSTOM_FIELD_DATE1', 0, 'date', '', '', '', '', '', '', '', 0, NULL, NULL, NULL, NULL, '', '', 'system', systimestamp, '22', 0, 'entity.vendorInvoiceShipItems.viShipmentItemSizes.custDate1', '', '', '', '', '', '');
INSERT INTO CNT_FIELD_DEFINITION
 (ID, REVISION, PARENT_ID, FIELD_ID, COLUMN_NAME, COLUMN_TYPE, REPORT_COLUMN_NAME, PRODUCT_FIELD, FIELD_TYPE, ENTITY_LOOKUP, ENTITY_LOOKUP_KEY, ORDER_BY, GENERATOR, REFER_TABLE, KEY_COLUMN, LOOKUP_COLUMN, MANDATORY, MIN_LENGTH, MAX_LENGTH, MIN_VALUE, MAX_VALUE, CONSTANT_VALUE, UNIQUE_KEY, CREATE_USER, CREATED_ON, LINE_NO, MANAGED, FIELD_PATH, DATA_TYPE, DATA1, DATA2, TRANSITIVE_FIELDS, FORMULA, ENTITY_LOOKUP_TYPE)
VALUES ('fce02cb0960e451da67fee34b4c8b38b', 0, 'ca53a5a96c0f49a8ab4e2dc8605d855f', 'custDate2', 'CUST_DATE2', 'DATE', 'CUSTOM_FIELD_DATE2', 0, 'date', '', '', '', '', '', '', '', 0, NULL, NULL, NULL, NULL, '', '', 'system', systimestamp, '23', 0, 'entity.vendorInvoiceShipItems.viShipmentItemSizes.custDate2', '', '', '', '', '', '');
INSERT INTO CNT_FIELD_DEFINITION
 (ID, REVISION, PARENT_ID, FIELD_ID, COLUMN_NAME, COLUMN_TYPE, REPORT_COLUMN_NAME, PRODUCT_FIELD, FIELD_TYPE, ENTITY_LOOKUP, ENTITY_LOOKUP_KEY, ORDER_BY, GENERATOR, REFER_TABLE, KEY_COLUMN, LOOKUP_COLUMN, MANDATORY, MIN_LENGTH, MAX_LENGTH, MIN_VALUE, MAX_VALUE, CONSTANT_VALUE, UNIQUE_KEY, CREATE_USER, CREATED_ON, LINE_NO, MANAGED, FIELD_PATH, DATA_TYPE, DATA1, DATA2, TRANSITIVE_FIELDS, FORMULA, ENTITY_LOOKUP_TYPE)
VALUES ('8d83a9327bbd4086b9abfcecb8fa3fed', 0, 'ca53a5a96c0f49a8ab4e2dc8605d855f', 'custDate3', 'CUST_DATE3', 'DATE', 'CUSTOM_FIELD_DATE3', 0, 'date', '', '', '', '', '', '', '', 0, NULL, NULL, NULL, NULL, '', '', 'system', systimestamp, '24', 0, 'entity.vendorInvoiceShipItems.viShipmentItemSizes.custDate3', '', '', '', '', '', '');
INSERT INTO CNT_FIELD_DEFINITION
 (ID, REVISION, PARENT_ID, FIELD_ID, COLUMN_NAME, COLUMN_TYPE, REPORT_COLUMN_NAME, PRODUCT_FIELD, FIELD_TYPE, ENTITY_LOOKUP, ENTITY_LOOKUP_KEY, ORDER_BY, GENERATOR, REFER_TABLE, KEY_COLUMN, LOOKUP_COLUMN, MANDATORY, MIN_LENGTH, MAX_LENGTH, MIN_VALUE, MAX_VALUE, CONSTANT_VALUE, UNIQUE_KEY, CREATE_USER, CREATED_ON, LINE_NO, MANAGED, FIELD_PATH, DATA_TYPE, DATA1, DATA2, TRANSITIVE_FIELDS, FORMULA, ENTITY_LOOKUP_TYPE)
VALUES ('833772e141154aea89d15dc1fb4a863e', 0, 'ca53a5a96c0f49a8ab4e2dc8605d855f', 'custDate4', 'CUST_DATE4', 'DATE', 'CUSTOM_FIELD_DATE4', 0, 'date', '', '', '', '', '', '', '', 0, NULL, NULL, NULL, NULL, '', '', 'system', systimestamp, '25', 0, 'entity.vendorInvoiceShipItems.viShipmentItemSizes.custDate4', '', '', '', '', '', '');
INSERT INTO CNT_FIELD_DEFINITION
 (ID, REVISION, PARENT_ID, FIELD_ID, COLUMN_NAME, COLUMN_TYPE, REPORT_COLUMN_NAME, PRODUCT_FIELD, FIELD_TYPE, ENTITY_LOOKUP, ENTITY_LOOKUP_KEY, ORDER_BY, GENERATOR, REFER_TABLE, KEY_COLUMN, LOOKUP_COLUMN, MANDATORY, MIN_LENGTH, MAX_LENGTH, MIN_VALUE, MAX_VALUE, CONSTANT_VALUE, UNIQUE_KEY, CREATE_USER, CREATED_ON, LINE_NO, MANAGED, FIELD_PATH, DATA_TYPE, DATA1, DATA2, TRANSITIVE_FIELDS, FORMULA, ENTITY_LOOKUP_TYPE)
VALUES ('17e54ed275d246b89ac99af8a3a80450', 0, 'ca53a5a96c0f49a8ab4e2dc8605d855f', 'custDate5', 'CUST_DATE5', 'DATE', 'CUSTOM_FIELD_DATE5', 0, 'date', '', '', '', '', '', '', '', 0, NULL, NULL, NULL, NULL, '', '', 'system', systimestamp, '26', 0, 'entity.vendorInvoiceShipItems.viShipmentItemSizes.custDate5', '', '', '', '', '', '');
INSERT INTO CNT_FIELD_DEFINITION
 (ID, REVISION, PARENT_ID, FIELD_ID, COLUMN_NAME, COLUMN_TYPE, REPORT_COLUMN_NAME, PRODUCT_FIELD, FIELD_TYPE, ENTITY_LOOKUP, ENTITY_LOOKUP_KEY, ORDER_BY, GENERATOR, REFER_TABLE, KEY_COLUMN, LOOKUP_COLUMN, MANDATORY, MIN_LENGTH, MAX_LENGTH, MIN_VALUE, MAX_VALUE, CONSTANT_VALUE, UNIQUE_KEY, CREATE_USER, CREATED_ON, LINE_NO, MANAGED, FIELD_PATH, DATA_TYPE, DATA1, DATA2, TRANSITIVE_FIELDS, FORMULA, ENTITY_LOOKUP_TYPE)
VALUES ('070547199c5c4fabbb1cd2bf6ad6d0cc', 0, 'ca53a5a96c0f49a8ab4e2dc8605d855f', 'custDate6', 'CUST_DATE6', 'DATE', 'CUSTOM_FIELD_DATE6', 0, 'date', '', '', '', '', '', '', '', 0, NULL, NULL, NULL, NULL, '', '', 'system', systimestamp, '27', 0, 'entity.vendorInvoiceShipItems.viShipmentItemSizes.custDate6', '', '', '', '', '', '');
INSERT INTO CNT_FIELD_DEFINITION
 (ID, REVISION, PARENT_ID, FIELD_ID, COLUMN_NAME, COLUMN_TYPE, REPORT_COLUMN_NAME, PRODUCT_FIELD, FIELD_TYPE, ENTITY_LOOKUP, ENTITY_LOOKUP_KEY, ORDER_BY, GENERATOR, REFER_TABLE, KEY_COLUMN, LOOKUP_COLUMN, MANDATORY, MIN_LENGTH, MAX_LENGTH, MIN_VALUE, MAX_VALUE, CONSTANT_VALUE, UNIQUE_KEY, CREATE_USER, CREATED_ON, LINE_NO, MANAGED, FIELD_PATH, DATA_TYPE, DATA1, DATA2, TRANSITIVE_FIELDS, FORMULA, ENTITY_LOOKUP_TYPE)
VALUES ('2cc5d989a609408ba8cbceeb8e21e7ae', 0, 'ca53a5a96c0f49a8ab4e2dc8605d855f', 'custDate7', 'CUST_DATE7', 'DATE', 'CUSTOM_FIELD_DATE7', 0, 'date', '', '', '', '', '', '', '', 0, NULL, NULL, NULL, NULL, '', '', 'system', systimestamp, '28', 0, 'entity.vendorInvoiceShipItems.viShipmentItemSizes.custDate7', '', '', '', '', '', '');
INSERT INTO CNT_FIELD_DEFINITION
 (ID, REVISION, PARENT_ID, FIELD_ID, COLUMN_NAME, COLUMN_TYPE, REPORT_COLUMN_NAME, PRODUCT_FIELD, FIELD_TYPE, ENTITY_LOOKUP, ENTITY_LOOKUP_KEY, ORDER_BY, GENERATOR, REFER_TABLE, KEY_COLUMN, LOOKUP_COLUMN, MANDATORY, MIN_LENGTH, MAX_LENGTH, MIN_VALUE, MAX_VALUE, CONSTANT_VALUE, UNIQUE_KEY, CREATE_USER, CREATED_ON, LINE_NO, MANAGED, FIELD_PATH, DATA_TYPE, DATA1, DATA2, TRANSITIVE_FIELDS, FORMULA, ENTITY_LOOKUP_TYPE)
VALUES ('0fff508582ac43d1bf5f026e61807673', 0, 'ca53a5a96c0f49a8ab4e2dc8605d855f', 'custNumber1', 'CUST_NUMBER1', 'NUMBER(20, 0)', 'CUSTOM_FIELD_NUMBER1', 0, 'integer', '', '', '', '', '', '', '', 0, NULL, 18, NULL, NULL, '', '', 'system', systimestamp, '29', 0, 'entity.vendorInvoiceShipItems.viShipmentItemSizes.custNumber1', '', '', '', '', '', '');
INSERT INTO CNT_FIELD_DEFINITION
 (ID, REVISION, PARENT_ID, FIELD_ID, COLUMN_NAME, COLUMN_TYPE, REPORT_COLUMN_NAME, PRODUCT_FIELD, FIELD_TYPE, ENTITY_LOOKUP, ENTITY_LOOKUP_KEY, ORDER_BY, GENERATOR, REFER_TABLE, KEY_COLUMN, LOOKUP_COLUMN, MANDATORY, MIN_LENGTH, MAX_LENGTH, MIN_VALUE, MAX_VALUE, CONSTANT_VALUE, UNIQUE_KEY, CREATE_USER, CREATED_ON, LINE_NO, MANAGED, FIELD_PATH, DATA_TYPE, DATA1, DATA2, TRANSITIVE_FIELDS, FORMULA, ENTITY_LOOKUP_TYPE)
VALUES ('5b4d885bb6dc494ca00f95bc98177225', 0, 'ca53a5a96c0f49a8ab4e2dc8605d855f', 'custNumber2', 'CUST_NUMBER2', 'NUMBER(20, 0)', 'CUSTOM_FIELD_NUMBER2', 0, 'integer', '', '', '', '', '', '', '', 0, NULL, 18, NULL, NULL, '', '', 'system', systimestamp, '30', 0, 'entity.vendorInvoiceShipItems.viShipmentItemSizes.custNumber2', '', '', '', '', '', '');
INSERT INTO CNT_FIELD_DEFINITION
 (ID, REVISION, PARENT_ID, FIELD_ID, COLUMN_NAME, COLUMN_TYPE, REPORT_COLUMN_NAME, PRODUCT_FIELD, FIELD_TYPE, ENTITY_LOOKUP, ENTITY_LOOKUP_KEY, ORDER_BY, GENERATOR, REFER_TABLE, KEY_COLUMN, LOOKUP_COLUMN, MANDATORY, MIN_LENGTH, MAX_LENGTH, MIN_VALUE, MAX_VALUE, CONSTANT_VALUE, UNIQUE_KEY, CREATE_USER, CREATED_ON, LINE_NO, MANAGED, FIELD_PATH, DATA_TYPE, DATA1, DATA2, TRANSITIVE_FIELDS, FORMULA, ENTITY_LOOKUP_TYPE)
VALUES ('7402d29d5cf04719908b3587b699524c', 0, 'ca53a5a96c0f49a8ab4e2dc8605d855f', 'custNumber3', 'CUST_NUMBER3', 'NUMBER(20, 0)', 'CUSTOM_FIELD_NUMBER3', 0, 'integer', '', '', '', '', '', '', '', 0, NULL, 18, NULL, NULL, '', '', 'system', systimestamp, '31', 0, 'entity.vendorInvoiceShipItems.viShipmentItemSizes.custNumber3', '', '', '', '', '', '');
INSERT INTO CNT_FIELD_DEFINITION
 (ID, REVISION, PARENT_ID, FIELD_ID, COLUMN_NAME, COLUMN_TYPE, REPORT_COLUMN_NAME, PRODUCT_FIELD, FIELD_TYPE, ENTITY_LOOKUP, ENTITY_LOOKUP_KEY, ORDER_BY, GENERATOR, REFER_TABLE, KEY_COLUMN, LOOKUP_COLUMN, MANDATORY, MIN_LENGTH, MAX_LENGTH, MIN_VALUE, MAX_VALUE, CONSTANT_VALUE, UNIQUE_KEY, CREATE_USER, CREATED_ON, LINE_NO, MANAGED, FIELD_PATH, DATA_TYPE, DATA1, DATA2, TRANSITIVE_FIELDS, FORMULA, ENTITY_LOOKUP_TYPE)
VALUES ('fb498c8ac545416daddc142a6ea8f9eb', 0, 'ca53a5a96c0f49a8ab4e2dc8605d855f', 'custNumber4', 'CUST_NUMBER4', 'NUMBER(20, 0)', 'CUSTOM_FIELD_NUMBER4', 0, 'integer', '', '', '', '', '', '', '', 0, NULL, 18, NULL, NULL, '', '', 'system', systimestamp, '32', 0, 'entity.vendorInvoiceShipItems.viShipmentItemSizes.custNumber4', '', '', '', '', '', '');
INSERT INTO CNT_FIELD_DEFINITION
 (ID, REVISION, PARENT_ID, FIELD_ID, COLUMN_NAME, COLUMN_TYPE, REPORT_COLUMN_NAME, PRODUCT_FIELD, FIELD_TYPE, ENTITY_LOOKUP, ENTITY_LOOKUP_KEY, ORDER_BY, GENERATOR, REFER_TABLE, KEY_COLUMN, LOOKUP_COLUMN, MANDATORY, MIN_LENGTH, MAX_LENGTH, MIN_VALUE, MAX_VALUE, CONSTANT_VALUE, UNIQUE_KEY, CREATE_USER, CREATED_ON, LINE_NO, MANAGED, FIELD_PATH, DATA_TYPE, DATA1, DATA2, TRANSITIVE_FIELDS, FORMULA, ENTITY_LOOKUP_TYPE)
VALUES ('93cc2759419248c4b30a2ae54245a2cc', 0, 'ca53a5a96c0f49a8ab4e2dc8605d855f', 'custNumber5', 'CUST_NUMBER5', 'NUMBER(20, 0)', 'CUSTOM_FIELD_NUMBER5', 0, 'integer', '', '', '', '', '', '', '', 0, NULL, 18, NULL, NULL, '', '', 'system', systimestamp, '33', 0, 'entity.vendorInvoiceShipItems.viShipmentItemSizes.custNumber5', '', '', '', '', '', '');
INSERT INTO CNT_FIELD_DEFINITION
 (ID, REVISION, PARENT_ID, FIELD_ID, COLUMN_NAME, COLUMN_TYPE, REPORT_COLUMN_NAME, PRODUCT_FIELD, FIELD_TYPE, ENTITY_LOOKUP, ENTITY_LOOKUP_KEY, ORDER_BY, GENERATOR, REFER_TABLE, KEY_COLUMN, LOOKUP_COLUMN, MANDATORY, MIN_LENGTH, MAX_LENGTH, MIN_VALUE, MAX_VALUE, CONSTANT_VALUE, UNIQUE_KEY, CREATE_USER, CREATED_ON, LINE_NO, MANAGED, FIELD_PATH, DATA_TYPE, DATA1, DATA2, TRANSITIVE_FIELDS, FORMULA, ENTITY_LOOKUP_TYPE)
VALUES ('afb104f7c0f8428a8b17f072bcad4a00', 0, 'ca53a5a96c0f49a8ab4e2dc8605d855f', 'custNumber6', 'CUST_NUMBER6', 'NUMBER(20, 0)', 'CUSTOM_FIELD_NUMBER6', 0, 'integer', '', '', '', '', '', '', '', 0, NULL, 18, NULL, NULL, '', '', 'system', systimestamp, '34', 0, 'entity.vendorInvoiceShipItems.viShipmentItemSizes.custNumber6', '', '', '', '', '', '');
INSERT INTO CNT_FIELD_DEFINITION
 (ID, REVISION, PARENT_ID, FIELD_ID, COLUMN_NAME, COLUMN_TYPE, REPORT_COLUMN_NAME, PRODUCT_FIELD, FIELD_TYPE, ENTITY_LOOKUP, ENTITY_LOOKUP_KEY, ORDER_BY, GENERATOR, REFER_TABLE, KEY_COLUMN, LOOKUP_COLUMN, MANDATORY, MIN_LENGTH, MAX_LENGTH, MIN_VALUE, MAX_VALUE, CONSTANT_VALUE, UNIQUE_KEY, CREATE_USER, CREATED_ON, LINE_NO, MANAGED, FIELD_PATH, DATA_TYPE, DATA1, DATA2, TRANSITIVE_FIELDS, FORMULA, ENTITY_LOOKUP_TYPE)
VALUES ('c4d126fac9d0451891cef6ceb09ab193', 0, 'ca53a5a96c0f49a8ab4e2dc8605d855f', 'custNumber7', 'CUST_NUMBER7', 'NUMBER(20, 0)', 'CUSTOM_FIELD_NUMBER7', 0, 'integer', '', '', '', '', '', '', '', 0, NULL, 18, NULL, NULL, '', '', 'system', systimestamp, '35', 0, 'entity.vendorInvoiceShipItems.viShipmentItemSizes.custNumber7', '', '', '', '', '', '');
INSERT INTO CNT_FIELD_DEFINITION
 (ID, REVISION, PARENT_ID, FIELD_ID, COLUMN_NAME, COLUMN_TYPE, REPORT_COLUMN_NAME, PRODUCT_FIELD, FIELD_TYPE, ENTITY_LOOKUP, ENTITY_LOOKUP_KEY, ORDER_BY, GENERATOR, REFER_TABLE, KEY_COLUMN, LOOKUP_COLUMN, MANDATORY, MIN_LENGTH, MAX_LENGTH, MIN_VALUE, MAX_VALUE, CONSTANT_VALUE, UNIQUE_KEY, CREATE_USER, CREATED_ON, LINE_NO, MANAGED, FIELD_PATH, DATA_TYPE, DATA1, DATA2, TRANSITIVE_FIELDS, FORMULA, ENTITY_LOOKUP_TYPE)
VALUES ('d629f46e6a89405daafe348dc58a39ed', 0, 'ca53a5a96c0f49a8ab4e2dc8605d855f', 'custDecimal1', 'CUST_DECIMAL1', 'NUMBER(25, 5)', 'CUSTOM_FIELD_DECIMAL1', 0, 'decimal-rate', '', '', '', '', '', '', '', 0, NULL, 20, NULL, NULL, '', '', 'system', systimestamp, '36', 0, 'entity.vendorInvoiceShipItems.viShipmentItemSizes.custDecimal1', '', '', '', '', '', '');
INSERT INTO CNT_FIELD_DEFINITION
 (ID, REVISION, PARENT_ID, FIELD_ID, COLUMN_NAME, COLUMN_TYPE, REPORT_COLUMN_NAME, PRODUCT_FIELD, FIELD_TYPE, ENTITY_LOOKUP, ENTITY_LOOKUP_KEY, ORDER_BY, GENERATOR, REFER_TABLE, KEY_COLUMN, LOOKUP_COLUMN, MANDATORY, MIN_LENGTH, MAX_LENGTH, MIN_VALUE, MAX_VALUE, CONSTANT_VALUE, UNIQUE_KEY, CREATE_USER, CREATED_ON, LINE_NO, MANAGED, FIELD_PATH, DATA_TYPE, DATA1, DATA2, TRANSITIVE_FIELDS, FORMULA, ENTITY_LOOKUP_TYPE)
VALUES ('85ee10907eae4d78a35e8d6dd91fe08b', 0, 'ca53a5a96c0f49a8ab4e2dc8605d855f', 'custDecimal2', 'CUST_DECIMAL2', 'NUMBER(25, 5)', 'CUSTOM_FIELD_DECIMAL2', 0, 'decimal-rate', '', '', '', '', '', '', '', 0, NULL, 20, NULL, NULL, '', '', 'system', systimestamp, '37', 0, 'entity.vendorInvoiceShipItems.viShipmentItemSizes.custDecimal2', '', '', '', '', '', '');
INSERT INTO CNT_FIELD_DEFINITION
 (ID, REVISION, PARENT_ID, FIELD_ID, COLUMN_NAME, COLUMN_TYPE, REPORT_COLUMN_NAME, PRODUCT_FIELD, FIELD_TYPE, ENTITY_LOOKUP, ENTITY_LOOKUP_KEY, ORDER_BY, GENERATOR, REFER_TABLE, KEY_COLUMN, LOOKUP_COLUMN, MANDATORY, MIN_LENGTH, MAX_LENGTH, MIN_VALUE, MAX_VALUE, CONSTANT_VALUE, UNIQUE_KEY, CREATE_USER, CREATED_ON, LINE_NO, MANAGED, FIELD_PATH, DATA_TYPE, DATA1, DATA2, TRANSITIVE_FIELDS, FORMULA, ENTITY_LOOKUP_TYPE)
VALUES ('8d928df8dd5e4d1c8f72a42c40a37658', 0, 'ca53a5a96c0f49a8ab4e2dc8605d855f', 'custDecimal3', 'CUST_DECIMAL3', 'NUMBER(25, 5)', 'CUSTOM_FIELD_DECIMAL3', 0, 'decimal-rate', '', '', '', '', '', '', '', 0, NULL, 20, NULL, NULL, '', '', 'system', systimestamp, '38', 0, 'entity.vendorInvoiceShipItems.viShipmentItemSizes.custDecimal3', '', '', '', '', '', '');
INSERT INTO CNT_FIELD_DEFINITION
 (ID, REVISION, PARENT_ID, FIELD_ID, COLUMN_NAME, COLUMN_TYPE, REPORT_COLUMN_NAME, PRODUCT_FIELD, FIELD_TYPE, ENTITY_LOOKUP, ENTITY_LOOKUP_KEY, ORDER_BY, GENERATOR, REFER_TABLE, KEY_COLUMN, LOOKUP_COLUMN, MANDATORY, MIN_LENGTH, MAX_LENGTH, MIN_VALUE, MAX_VALUE, CONSTANT_VALUE, UNIQUE_KEY, CREATE_USER, CREATED_ON, LINE_NO, MANAGED, FIELD_PATH, DATA_TYPE, DATA1, DATA2, TRANSITIVE_FIELDS, FORMULA, ENTITY_LOOKUP_TYPE)
VALUES ('cb8516b5d935411fa25ac30b577fe1ff', 0, 'ca53a5a96c0f49a8ab4e2dc8605d855f', 'custDecimal4', 'CUST_DECIMAL4', 'NUMBER(25, 5)', 'CUSTOM_FIELD_DECIMAL4', 0, 'decimal-rate', '', '', '', '', '', '', '', 0, NULL, 20, NULL, NULL, '', '', 'system', systimestamp, '39', 0, 'entity.vendorInvoiceShipItems.viShipmentItemSizes.custDecimal4', '', '', '', '', '', '');
INSERT INTO CNT_FIELD_DEFINITION
 (ID, REVISION, PARENT_ID, FIELD_ID, COLUMN_NAME, COLUMN_TYPE, REPORT_COLUMN_NAME, PRODUCT_FIELD, FIELD_TYPE, ENTITY_LOOKUP, ENTITY_LOOKUP_KEY, ORDER_BY, GENERATOR, REFER_TABLE, KEY_COLUMN, LOOKUP_COLUMN, MANDATORY, MIN_LENGTH, MAX_LENGTH, MIN_VALUE, MAX_VALUE, CONSTANT_VALUE, UNIQUE_KEY, CREATE_USER, CREATED_ON, LINE_NO, MANAGED, FIELD_PATH, DATA_TYPE, DATA1, DATA2, TRANSITIVE_FIELDS, FORMULA, ENTITY_LOOKUP_TYPE)
VALUES ('be0489ab2460413db25e7cc398691bb4', 0, 'ca53a5a96c0f49a8ab4e2dc8605d855f', 'custDecimal5', 'CUST_DECIMAL5', 'NUMBER(25, 5)', 'CUSTOM_FIELD_DECIMAL5', 0, 'decimal-rate', '', '', '', '', '', '', '', 0, NULL, 20, NULL, NULL, '', '', 'system', systimestamp, '40', 0, 'entity.vendorInvoiceShipItems.viShipmentItemSizes.custDecimal5', '', '', '', '', '', '');
INSERT INTO CNT_FIELD_DEFINITION
 (ID, REVISION, PARENT_ID, FIELD_ID, COLUMN_NAME, COLUMN_TYPE, REPORT_COLUMN_NAME, PRODUCT_FIELD, FIELD_TYPE, ENTITY_LOOKUP, ENTITY_LOOKUP_KEY, ORDER_BY, GENERATOR, REFER_TABLE, KEY_COLUMN, LOOKUP_COLUMN, MANDATORY, MIN_LENGTH, MAX_LENGTH, MIN_VALUE, MAX_VALUE, CONSTANT_VALUE, UNIQUE_KEY, CREATE_USER, CREATED_ON, LINE_NO, MANAGED, FIELD_PATH, DATA_TYPE, DATA1, DATA2, TRANSITIVE_FIELDS, FORMULA, ENTITY_LOOKUP_TYPE)
VALUES ('c3b5f73da695452e8f9e2e2a76a1f6ec', 0, 'ca53a5a96c0f49a8ab4e2dc8605d855f', 'custDecimal6', 'CUST_DECIMAL6', 'NUMBER(25, 5)', 'CUSTOM_FIELD_DECIMAL6', 0, 'decimal-rate', '', '', '', '', '', '', '', 0, NULL, 20, NULL, NULL, '', '', 'system', systimestamp, '41', 0, 'entity.vendorInvoiceShipItems.viShipmentItemSizes.custDecimal6', '', '', '', '', '', '');
INSERT INTO CNT_FIELD_DEFINITION
 (ID, REVISION, PARENT_ID, FIELD_ID, COLUMN_NAME, COLUMN_TYPE, REPORT_COLUMN_NAME, PRODUCT_FIELD, FIELD_TYPE, ENTITY_LOOKUP, ENTITY_LOOKUP_KEY, ORDER_BY, GENERATOR, REFER_TABLE, KEY_COLUMN, LOOKUP_COLUMN, MANDATORY, MIN_LENGTH, MAX_LENGTH, MIN_VALUE, MAX_VALUE, CONSTANT_VALUE, UNIQUE_KEY, CREATE_USER, CREATED_ON, LINE_NO, MANAGED, FIELD_PATH, DATA_TYPE, DATA1, DATA2, TRANSITIVE_FIELDS, FORMULA, ENTITY_LOOKUP_TYPE)
VALUES ('8707c6423f0a400a815c0894d8cfca80', 0, 'ca53a5a96c0f49a8ab4e2dc8605d855f', 'custDecimal7', 'CUST_DECIMAL7', 'NUMBER(25, 5)', 'CUSTOM_FIELD_DECIMAL7', 0, 'decimal-rate', '', '', '', '', '', '', '', 0, NULL, 20, NULL, NULL, '', '', 'system', systimestamp, '42', 0, 'entity.vendorInvoiceShipItems.viShipmentItemSizes.custDecimal7', '', '', '', '', '', '');
INSERT INTO CNT_FIELD_DEFINITION
 (ID, REVISION, PARENT_ID, FIELD_ID, COLUMN_NAME, COLUMN_TYPE, REPORT_COLUMN_NAME, PRODUCT_FIELD, FIELD_TYPE, ENTITY_LOOKUP, ENTITY_LOOKUP_KEY, ORDER_BY, GENERATOR, REFER_TABLE, KEY_COLUMN, LOOKUP_COLUMN, MANDATORY, MIN_LENGTH, MAX_LENGTH, MIN_VALUE, MAX_VALUE, CONSTANT_VALUE, UNIQUE_KEY, CREATE_USER, CREATED_ON, LINE_NO, MANAGED, FIELD_PATH, DATA_TYPE, DATA1, DATA2, TRANSITIVE_FIELDS, FORMULA, ENTITY_LOOKUP_TYPE)
VALUES ('3ac039d4e5e240b99efa77ab13381088', 0, 'ca53a5a96c0f49a8ab4e2dc8605d855f', 'custCodelist1', 'CUST_CODELIST1', 'NVARCHAR2(400)', 'CUSTOM_FIELD_CODE_LIST_CODE1', 0, 'string-m', '', '', '', '', '', '', '', 0, NULL, 400, NULL, NULL, '', '', 'system', systimestamp, '43', 0, 'entity.vendorInvoiceShipItems.viShipmentItemSizes.custCodelist1', 'codelist', '', '', '', '', '');
INSERT INTO CNT_FIELD_DEFINITION
 (ID, REVISION, PARENT_ID, FIELD_ID, COLUMN_NAME, COLUMN_TYPE, REPORT_COLUMN_NAME, PRODUCT_FIELD, FIELD_TYPE, ENTITY_LOOKUP, ENTITY_LOOKUP_KEY, ORDER_BY, GENERATOR, REFER_TABLE, KEY_COLUMN, LOOKUP_COLUMN, MANDATORY, MIN_LENGTH, MAX_LENGTH, MIN_VALUE, MAX_VALUE, CONSTANT_VALUE, UNIQUE_KEY, CREATE_USER, CREATED_ON, LINE_NO, MANAGED, FIELD_PATH, DATA_TYPE, DATA1, DATA2, TRANSITIVE_FIELDS, FORMULA, ENTITY_LOOKUP_TYPE)
VALUES ('a691240ee2f74be09636c46696959375', 0, 'ca53a5a96c0f49a8ab4e2dc8605d855f', 'custCodelist2', 'CUST_CODELIST2', 'NVARCHAR2(400)', 'CUSTOM_FIELD_CODE_LIST_CODE2', 0, 'string-m', '', '', '', '', '', '', '', 0, NULL, 400, NULL, NULL, '', '', 'system', systimestamp, '44', 0, 'entity.vendorInvoiceShipItems.viShipmentItemSizes.custCodelist2', 'codelist', '', '', '', '', '');
INSERT INTO CNT_FIELD_DEFINITION
 (ID, REVISION, PARENT_ID, FIELD_ID, COLUMN_NAME, COLUMN_TYPE, REPORT_COLUMN_NAME, PRODUCT_FIELD, FIELD_TYPE, ENTITY_LOOKUP, ENTITY_LOOKUP_KEY, ORDER_BY, GENERATOR, REFER_TABLE, KEY_COLUMN, LOOKUP_COLUMN, MANDATORY, MIN_LENGTH, MAX_LENGTH, MIN_VALUE, MAX_VALUE, CONSTANT_VALUE, UNIQUE_KEY, CREATE_USER, CREATED_ON, LINE_NO, MANAGED, FIELD_PATH, DATA_TYPE, DATA1, DATA2, TRANSITIVE_FIELDS, FORMULA, ENTITY_LOOKUP_TYPE)
VALUES ('eee59db581fb4c48ad26645662777ec6', 0, 'ca53a5a96c0f49a8ab4e2dc8605d855f', 'custCodelist3', 'CUST_CODELIST3', 'NVARCHAR2(400)', 'CUSTOM_FIELD_CODE_LIST_CODE3', 0, 'string-m', '', '', '', '', '', '', '', 0, NULL, 400, NULL, NULL, '', '', 'system', systimestamp, '45', 0, 'entity.vendorInvoiceShipItems.viShipmentItemSizes.custCodelist3', 'codelist', '', '', '', '', '');
INSERT INTO CNT_FIELD_DEFINITION
 (ID, REVISION, PARENT_ID, FIELD_ID, COLUMN_NAME, COLUMN_TYPE, REPORT_COLUMN_NAME, PRODUCT_FIELD, FIELD_TYPE, ENTITY_LOOKUP, ENTITY_LOOKUP_KEY, ORDER_BY, GENERATOR, REFER_TABLE, KEY_COLUMN, LOOKUP_COLUMN, MANDATORY, MIN_LENGTH, MAX_LENGTH, MIN_VALUE, MAX_VALUE, CONSTANT_VALUE, UNIQUE_KEY, CREATE_USER, CREATED_ON, LINE_NO, MANAGED, FIELD_PATH, DATA_TYPE, DATA1, DATA2, TRANSITIVE_FIELDS, FORMULA, ENTITY_LOOKUP_TYPE)
VALUES ('62060572db754d0497f08cdfeda33bb5', 0, 'ca53a5a96c0f49a8ab4e2dc8605d855f', 'custCodelist4', 'CUST_CODELIST4', 'NVARCHAR2(400)', 'CUSTOM_FIELD_CODE_LIST_CODE4', 0, 'string-m', '', '', '', '', '', '', '', 0, NULL, 400, NULL, NULL, '', '', 'system', systimestamp, '46', 0, 'entity.vendorInvoiceShipItems.viShipmentItemSizes.custCodelist4', 'codelist', '', '', '', '', '');
INSERT INTO CNT_FIELD_DEFINITION
 (ID, REVISION, PARENT_ID, FIELD_ID, COLUMN_NAME, COLUMN_TYPE, REPORT_COLUMN_NAME, PRODUCT_FIELD, FIELD_TYPE, ENTITY_LOOKUP, ENTITY_LOOKUP_KEY, ORDER_BY, GENERATOR, REFER_TABLE, KEY_COLUMN, LOOKUP_COLUMN, MANDATORY, MIN_LENGTH, MAX_LENGTH, MIN_VALUE, MAX_VALUE, CONSTANT_VALUE, UNIQUE_KEY, CREATE_USER, CREATED_ON, LINE_NO, MANAGED, FIELD_PATH, DATA_TYPE, DATA1, DATA2, TRANSITIVE_FIELDS, FORMULA, ENTITY_LOOKUP_TYPE)
VALUES ('de4f119d41004ef2bcc2aeee7b71cef9', 0, 'ca53a5a96c0f49a8ab4e2dc8605d855f', 'custCodelist5', 'CUST_CODELIST5', 'NVARCHAR2(400)', 'CUSTOM_FIELD_CODE_LIST_CODE5', 0, 'string-m', '', '', '', '', '', '', '', 0, NULL, 400, NULL, NULL, '', '', 'system', systimestamp, '47', 0, 'entity.vendorInvoiceShipItems.viShipmentItemSizes.custCodelist5', 'codelist', '', '', '', '', '');
INSERT INTO CNT_FIELD_DEFINITION
 (ID, REVISION, PARENT_ID, FIELD_ID, COLUMN_NAME, COLUMN_TYPE, REPORT_COLUMN_NAME, PRODUCT_FIELD, FIELD_TYPE, ENTITY_LOOKUP, ENTITY_LOOKUP_KEY, ORDER_BY, GENERATOR, REFER_TABLE, KEY_COLUMN, LOOKUP_COLUMN, MANDATORY, MIN_LENGTH, MAX_LENGTH, MIN_VALUE, MAX_VALUE, CONSTANT_VALUE, UNIQUE_KEY, CREATE_USER, CREATED_ON, LINE_NO, MANAGED, FIELD_PATH, DATA_TYPE, DATA1, DATA2, TRANSITIVE_FIELDS, FORMULA, ENTITY_LOOKUP_TYPE)
VALUES ('94b42e2ea6964ac98af82ba6013abf85', 0, 'ca53a5a96c0f49a8ab4e2dc8605d855f', 'custCodelist6', 'CUST_CODELIST6', 'NVARCHAR2(400)', 'CUSTOM_FIELD_CODE_LIST_CODE6', 0, 'string-m', '', '', '', '', '', '', '', 0, NULL, 400, NULL, NULL, '', '', 'system', systimestamp, '48', 0, 'entity.vendorInvoiceShipItems.viShipmentItemSizes.custCodelist6', 'codelist', '', '', '', '', '');
INSERT INTO CNT_FIELD_DEFINITION
 (ID, REVISION, PARENT_ID, FIELD_ID, COLUMN_NAME, COLUMN_TYPE, REPORT_COLUMN_NAME, PRODUCT_FIELD, FIELD_TYPE, ENTITY_LOOKUP, ENTITY_LOOKUP_KEY, ORDER_BY, GENERATOR, REFER_TABLE, KEY_COLUMN, LOOKUP_COLUMN, MANDATORY, MIN_LENGTH, MAX_LENGTH, MIN_VALUE, MAX_VALUE, CONSTANT_VALUE, UNIQUE_KEY, CREATE_USER, CREATED_ON, LINE_NO, MANAGED, FIELD_PATH, DATA_TYPE, DATA1, DATA2, TRANSITIVE_FIELDS, FORMULA, ENTITY_LOOKUP_TYPE)
VALUES ('f59dfb87adfc481bb241f944a32e19e2', 0, 'ca53a5a96c0f49a8ab4e2dc8605d855f', 'custCodelist7', 'CUST_CODELIST7', 'NVARCHAR2(400)', 'CUSTOM_FIELD_CODE_LIST_CODE7', 0, 'string-m', '', '', '', '', '', '', '', 0, NULL, 400, NULL, NULL, '', '', 'system', systimestamp, '49', 0, 'entity.vendorInvoiceShipItems.viShipmentItemSizes.custCodelist7', 'codelist', '', '', '', '', '');
INSERT INTO CNT_FIELD_DEFINITION
 (ID, REVISION, PARENT_ID, FIELD_ID, COLUMN_NAME, COLUMN_TYPE, REPORT_COLUMN_NAME, PRODUCT_FIELD, FIELD_TYPE, ENTITY_LOOKUP, ENTITY_LOOKUP_KEY, ORDER_BY, GENERATOR, REFER_TABLE, KEY_COLUMN, LOOKUP_COLUMN, MANDATORY, MIN_LENGTH, MAX_LENGTH, MIN_VALUE, MAX_VALUE, CONSTANT_VALUE, UNIQUE_KEY, CREATE_USER, CREATED_ON, LINE_NO, MANAGED, FIELD_PATH, DATA_TYPE, DATA1, DATA2, TRANSITIVE_FIELDS, FORMULA, ENTITY_LOOKUP_TYPE)
VALUES ('b74082555498457a88815a9bf8c004c8', 0, 'ca53a5a96c0f49a8ab4e2dc8605d855f', 'custMemoText1', 'CUST_MEMO_TEXT1', 'NVARCHAR2(1000)', 'CUSTOM_FIELD_MEMO_TEXT1', 0, 'string-l', '', '', '', '', '', '', '', 0, NULL, 1000, NULL, NULL, '', '', 'system', systimestamp, '50', 0, 'entity.vendorInvoiceShipItems.viShipmentItemSizes.custMemoText1', '', '', '', '', '', '');
INSERT INTO CNT_FIELD_DEFINITION
 (ID, REVISION, PARENT_ID, FIELD_ID, COLUMN_NAME, COLUMN_TYPE, REPORT_COLUMN_NAME, PRODUCT_FIELD, FIELD_TYPE, ENTITY_LOOKUP, ENTITY_LOOKUP_KEY, ORDER_BY, GENERATOR, REFER_TABLE, KEY_COLUMN, LOOKUP_COLUMN, MANDATORY, MIN_LENGTH, MAX_LENGTH, MIN_VALUE, MAX_VALUE, CONSTANT_VALUE, UNIQUE_KEY, CREATE_USER, CREATED_ON, LINE_NO, MANAGED, FIELD_PATH, DATA_TYPE, DATA1, DATA2, TRANSITIVE_FIELDS, FORMULA, ENTITY_LOOKUP_TYPE)
VALUES ('fa1e1e071ce544aa82fb7720d54fe934', 0, 'ca53a5a96c0f49a8ab4e2dc8605d855f', 'custMemoText2', 'CUST_MEMO_TEXT2', 'NVARCHAR2(1000)', 'CUSTOM_FIELD_MEMO_TEXT2', 0, 'string-l', '', '', '', '', '', '', '', 0, NULL, 1000, NULL, NULL, '', '', 'system', systimestamp, '51', 0, 'entity.vendorInvoiceShipItems.viShipmentItemSizes.custMemoText2', '', '', '', '', '', '');
INSERT INTO CNT_FIELD_DEFINITION
 (ID, REVISION, PARENT_ID, FIELD_ID, COLUMN_NAME, COLUMN_TYPE, REPORT_COLUMN_NAME, PRODUCT_FIELD, FIELD_TYPE, ENTITY_LOOKUP, ENTITY_LOOKUP_KEY, ORDER_BY, GENERATOR, REFER_TABLE, KEY_COLUMN, LOOKUP_COLUMN, MANDATORY, MIN_LENGTH, MAX_LENGTH, MIN_VALUE, MAX_VALUE, CONSTANT_VALUE, UNIQUE_KEY, CREATE_USER, CREATED_ON, LINE_NO, MANAGED, FIELD_PATH, DATA_TYPE, DATA1, DATA2, TRANSITIVE_FIELDS, FORMULA, ENTITY_LOOKUP_TYPE)
VALUES ('7ebb279229fb4ca19f0d3e5e74e77bc4', 0, 'ca53a5a96c0f49a8ab4e2dc8605d855f', 'custMemoText3', 'CUST_MEMO_TEXT3', 'NVARCHAR2(1000)', 'CUSTOM_FIELD_MEMO_TEXT3', 0, 'string-l', '', '', '', '', '', '', '', 0, NULL, 1000, NULL, NULL, '', '', 'system', systimestamp, '52', 0, 'entity.vendorInvoiceShipItems.viShipmentItemSizes.custMemoText3', '', '', '', '', '', '');
INSERT INTO CNT_FIELD_DEFINITION
 (ID, REVISION, PARENT_ID, FIELD_ID, COLUMN_NAME, COLUMN_TYPE, REPORT_COLUMN_NAME, PRODUCT_FIELD, FIELD_TYPE, ENTITY_LOOKUP, ENTITY_LOOKUP_KEY, ORDER_BY, GENERATOR, REFER_TABLE, KEY_COLUMN, LOOKUP_COLUMN, MANDATORY, MIN_LENGTH, MAX_LENGTH, MIN_VALUE, MAX_VALUE, CONSTANT_VALUE, UNIQUE_KEY, CREATE_USER, CREATED_ON, LINE_NO, MANAGED, FIELD_PATH, DATA_TYPE, DATA1, DATA2, TRANSITIVE_FIELDS, FORMULA, ENTITY_LOOKUP_TYPE)
VALUES ('156c39a93b484763a1f7b4f8877a6aff', 0, 'ca53a5a96c0f49a8ab4e2dc8605d855f', 'custMemoText4', 'CUST_MEMO_TEXT4', 'NVARCHAR2(1000)', 'CUSTOM_FIELD_MEMO_TEXT4', 0, 'string-l', '', '', '', '', '', '', '', 0, NULL, 1000, NULL, NULL, '', '', 'system', systimestamp, '53', 0, 'entity.vendorInvoiceShipItems.viShipmentItemSizes.custMemoText4', '', '', '', '', '', '');
INSERT INTO CNT_FIELD_DEFINITION
 (ID, REVISION, PARENT_ID, FIELD_ID, COLUMN_NAME, COLUMN_TYPE, REPORT_COLUMN_NAME, PRODUCT_FIELD, FIELD_TYPE, ENTITY_LOOKUP, ENTITY_LOOKUP_KEY, ORDER_BY, GENERATOR, REFER_TABLE, KEY_COLUMN, LOOKUP_COLUMN, MANDATORY, MIN_LENGTH, MAX_LENGTH, MIN_VALUE, MAX_VALUE, CONSTANT_VALUE, UNIQUE_KEY, CREATE_USER, CREATED_ON, LINE_NO, MANAGED, FIELD_PATH, DATA_TYPE, DATA1, DATA2, TRANSITIVE_FIELDS, FORMULA, ENTITY_LOOKUP_TYPE)
VALUES ('407023019a2c4e4297c9a40563914f78', 0, 'ca53a5a96c0f49a8ab4e2dc8605d855f', 'custMemoText5', 'CUST_MEMO_TEXT5', 'NVARCHAR2(1000)', 'CUSTOM_FIELD_MEMO_TEXT5', 0, 'string-l', '', '', '', '', '', '', '', 0, NULL, 1000, NULL, NULL, '', '', 'system', systimestamp, '54', 0, 'entity.vendorInvoiceShipItems.viShipmentItemSizes.custMemoText5', '', '', '', '', '', '');
INSERT INTO CNT_FIELD_DEFINITION
 (ID, REVISION, PARENT_ID, FIELD_ID, COLUMN_NAME, COLUMN_TYPE, REPORT_COLUMN_NAME, PRODUCT_FIELD, FIELD_TYPE, ENTITY_LOOKUP, ENTITY_LOOKUP_KEY, ORDER_BY, GENERATOR, REFER_TABLE, KEY_COLUMN, LOOKUP_COLUMN, MANDATORY, MIN_LENGTH, MAX_LENGTH, MIN_VALUE, MAX_VALUE, CONSTANT_VALUE, UNIQUE_KEY, CREATE_USER, CREATED_ON, LINE_NO, MANAGED, FIELD_PATH, DATA_TYPE, DATA1, DATA2, TRANSITIVE_FIELDS, FORMULA, ENTITY_LOOKUP_TYPE)
VALUES ('8599d21a1d9643489c90dcc7901c38cf', 0, 'ca53a5a96c0f49a8ab4e2dc8605d855f', 'custMemoText6', 'CUST_MEMO_TEXT6', 'NVARCHAR2(1000)', 'CUSTOM_FIELD_MEMO_TEXT6', 0, 'string-l', '', '', '', '', '', '', '', 0, NULL, 1000, NULL, NULL, '', '', 'system', systimestamp, '55', 0, 'entity.vendorInvoiceShipItems.viShipmentItemSizes.custMemoText6', '', '', '', '', '', '');
INSERT INTO CNT_FIELD_DEFINITION
 (ID, REVISION, PARENT_ID, FIELD_ID, COLUMN_NAME, COLUMN_TYPE, REPORT_COLUMN_NAME, PRODUCT_FIELD, FIELD_TYPE, ENTITY_LOOKUP, ENTITY_LOOKUP_KEY, ORDER_BY, GENERATOR, REFER_TABLE, KEY_COLUMN, LOOKUP_COLUMN, MANDATORY, MIN_LENGTH, MAX_LENGTH, MIN_VALUE, MAX_VALUE, CONSTANT_VALUE, UNIQUE_KEY, CREATE_USER, CREATED_ON, LINE_NO, MANAGED, FIELD_PATH, DATA_TYPE, DATA1, DATA2, TRANSITIVE_FIELDS, FORMULA, ENTITY_LOOKUP_TYPE)
VALUES ('95ef61c0170545ccb29d8d4e9f1ca6d2', 0, 'ca53a5a96c0f49a8ab4e2dc8605d855f', 'custMemoText7', 'CUST_MEMO_TEXT7', 'NVARCHAR2(1000)', 'CUSTOM_FIELD_MEMO_TEXT7', 0, 'string-l', '', '', '', '', '', '', '', 0, NULL, 1000, NULL, NULL, '', '', 'system', systimestamp, '56', 0, 'entity.vendorInvoiceShipItems.viShipmentItemSizes.custMemoText7', '', '', '', '', '', '');
INSERT INTO CNT_FIELD_DEFINITION
 (ID, REVISION, PARENT_ID, FIELD_ID, COLUMN_NAME, COLUMN_TYPE, REPORT_COLUMN_NAME, PRODUCT_FIELD, FIELD_TYPE, ENTITY_LOOKUP, ENTITY_LOOKUP_KEY, ORDER_BY, GENERATOR, REFER_TABLE, KEY_COLUMN, LOOKUP_COLUMN, MANDATORY, MIN_LENGTH, MAX_LENGTH, MIN_VALUE, MAX_VALUE, CONSTANT_VALUE, UNIQUE_KEY, CREATE_USER, CREATED_ON, LINE_NO, MANAGED, FIELD_PATH, DATA_TYPE, DATA1, DATA2, TRANSITIVE_FIELDS, FORMULA, ENTITY_LOOKUP_TYPE)
VALUES ('a068b2bf5a4940788eb8c66d1aaf8014', 0, 'ca53a5a96c0f49a8ab4e2dc8605d855f', 'custHcl1', 'CUST_HCL1_ID', 'CHAR(32)', 'CUSTOM_FIELD_HCL_CODE_SYS_ID1', 0, 'entity', 'HclNode', 'id', '', '', '', '', '', 0, 32, 32, NULL, NULL, '', '', 'system', systimestamp, '57', 0, 'entity.vendorInvoiceShipItems.viShipmentItemSizes.custHcl1', '', '', '', '', '', '');
INSERT INTO CNT_FIELD_DEFINITION
 (ID, REVISION, PARENT_ID, FIELD_ID, COLUMN_NAME, COLUMN_TYPE, REPORT_COLUMN_NAME, PRODUCT_FIELD, FIELD_TYPE, ENTITY_LOOKUP, ENTITY_LOOKUP_KEY, ORDER_BY, GENERATOR, REFER_TABLE, KEY_COLUMN, LOOKUP_COLUMN, MANDATORY, MIN_LENGTH, MAX_LENGTH, MIN_VALUE, MAX_VALUE, CONSTANT_VALUE, UNIQUE_KEY, CREATE_USER, CREATED_ON, LINE_NO, MANAGED, FIELD_PATH, DATA_TYPE, DATA1, DATA2, TRANSITIVE_FIELDS, FORMULA, ENTITY_LOOKUP_TYPE)
VALUES ('15c37b99141d460da9af92b3d279316d', 0, 'ca53a5a96c0f49a8ab4e2dc8605d855f', 'custHcl2', 'CUST_HCL2_ID', 'CHAR(32)', 'CUSTOM_FIELD_HCL_CODE_SYS_ID2', 0, 'entity', 'HclNode', 'id', '', '', '', '', '', 0, 32, 32, NULL, NULL, '', '', 'system', systimestamp, '58', 0, 'entity.vendorInvoiceShipItems.viShipmentItemSizes.custHcl2', '', '', '', '', '', '');
INSERT INTO CNT_FIELD_DEFINITION
 (ID, REVISION, PARENT_ID, FIELD_ID, COLUMN_NAME, COLUMN_TYPE, REPORT_COLUMN_NAME, PRODUCT_FIELD, FIELD_TYPE, ENTITY_LOOKUP, ENTITY_LOOKUP_KEY, ORDER_BY, GENERATOR, REFER_TABLE, KEY_COLUMN, LOOKUP_COLUMN, MANDATORY, MIN_LENGTH, MAX_LENGTH, MIN_VALUE, MAX_VALUE, CONSTANT_VALUE, UNIQUE_KEY, CREATE_USER, CREATED_ON, LINE_NO, MANAGED, FIELD_PATH, DATA_TYPE, DATA1, DATA2, TRANSITIVE_FIELDS, FORMULA, ENTITY_LOOKUP_TYPE)
VALUES ('f2be49d00d4348ab8da7f072c59c115a', 0, 'ca53a5a96c0f49a8ab4e2dc8605d855f', 'custHcl3', 'CUST_HCL3_ID', 'CHAR(32)', 'CUSTOM_FIELD_HCL_CODE_SYS_ID3', 0, 'entity', 'HclNode', 'id', '', '', '', '', '', 0, 32, 32, NULL, NULL, '', '', 'system', systimestamp, '59', 0, 'entity.vendorInvoiceShipItems.viShipmentItemSizes.custHcl3', '', '', '', '', '', '');
INSERT INTO CNT_FIELD_DEFINITION
 (ID, REVISION, PARENT_ID, FIELD_ID, COLUMN_NAME, COLUMN_TYPE, REPORT_COLUMN_NAME, PRODUCT_FIELD, FIELD_TYPE, ENTITY_LOOKUP, ENTITY_LOOKUP_KEY, ORDER_BY, GENERATOR, REFER_TABLE, KEY_COLUMN, LOOKUP_COLUMN, MANDATORY, MIN_LENGTH, MAX_LENGTH, MIN_VALUE, MAX_VALUE, CONSTANT_VALUE, UNIQUE_KEY, CREATE_USER, CREATED_ON, LINE_NO, MANAGED, FIELD_PATH, DATA_TYPE, DATA1, DATA2, TRANSITIVE_FIELDS, FORMULA, ENTITY_LOOKUP_TYPE)
VALUES ('2e706b5b9df8405f9207143ae8ad309a', 0, 'ca53a5a96c0f49a8ab4e2dc8605d855f', 'custHcl4', 'CUST_HCL4_ID', 'CHAR(32)', 'CUSTOM_FIELD_HCL_CODE_SYS_ID4', 0, 'entity', 'HclNode', 'id', '', '', '', '', '', 0, 32, 32, NULL, NULL, '', '', 'system', systimestamp, '60', 0, 'entity.vendorInvoiceShipItems.viShipmentItemSizes.custHcl4', '', '', '', '', '', '');
INSERT INTO CNT_FIELD_DEFINITION
 (ID, REVISION, PARENT_ID, FIELD_ID, COLUMN_NAME, COLUMN_TYPE, REPORT_COLUMN_NAME, PRODUCT_FIELD, FIELD_TYPE, ENTITY_LOOKUP, ENTITY_LOOKUP_KEY, ORDER_BY, GENERATOR, REFER_TABLE, KEY_COLUMN, LOOKUP_COLUMN, MANDATORY, MIN_LENGTH, MAX_LENGTH, MIN_VALUE, MAX_VALUE, CONSTANT_VALUE, UNIQUE_KEY, CREATE_USER, CREATED_ON, LINE_NO, MANAGED, FIELD_PATH, DATA_TYPE, DATA1, DATA2, TRANSITIVE_FIELDS, FORMULA, ENTITY_LOOKUP_TYPE)
VALUES ('04718b4f5a564fd280f663da4e1b4b7a', 0, 'ca53a5a96c0f49a8ab4e2dc8605d855f', 'custHcl5', 'CUST_HCL5_ID', 'CHAR(32)', 'CUSTOM_FIELD_HCL_CODE_SYS_ID5', 0, 'entity', 'HclNode', 'id', '', '', '', '', '', 0, 32, 32, NULL, NULL, '', '', 'system', systimestamp, '61', 0, 'entity.vendorInvoiceShipItems.viShipmentItemSizes.custHcl5', '', '', '', '', '', '');
INSERT INTO CNT_FIELD_DEFINITION
 (ID, REVISION, PARENT_ID, FIELD_ID, COLUMN_NAME, COLUMN_TYPE, REPORT_COLUMN_NAME, PRODUCT_FIELD, FIELD_TYPE, ENTITY_LOOKUP, ENTITY_LOOKUP_KEY, ORDER_BY, GENERATOR, REFER_TABLE, KEY_COLUMN, LOOKUP_COLUMN, MANDATORY, MIN_LENGTH, MAX_LENGTH, MIN_VALUE, MAX_VALUE, CONSTANT_VALUE, UNIQUE_KEY, CREATE_USER, CREATED_ON, LINE_NO, MANAGED, FIELD_PATH, DATA_TYPE, DATA1, DATA2, TRANSITIVE_FIELDS, FORMULA, ENTITY_LOOKUP_TYPE)
VALUES ('a1cb85b94a194a67b6ee090b39444f07', 0, 'ca53a5a96c0f49a8ab4e2dc8605d855f', 'vpoItemSizeRef', 'VPO_ITEM_SIZE_REF', 'NVARCHAR2(1000)', 'N/A', 1, 'string-l', '', '', '', '', '', '', '', 0, NULL, 1000, NULL, NULL, '', '', 'system', systimestamp, '62', 0, 'entity.vendorInvoiceShipItems.viShipmentItemSizes.vpoItemSizeRef', '', '', '', '', '', '');
INSERT INTO CNT_FIELD_DEFINITION
 (ID, REVISION, PARENT_ID, FIELD_ID, COLUMN_NAME, COLUMN_TYPE, REPORT_COLUMN_NAME, PRODUCT_FIELD, FIELD_TYPE, ENTITY_LOOKUP, ENTITY_LOOKUP_KEY, ORDER_BY, GENERATOR, REFER_TABLE, KEY_COLUMN, LOOKUP_COLUMN, MANDATORY, MIN_LENGTH, MAX_LENGTH, MIN_VALUE, MAX_VALUE, CONSTANT_VALUE, UNIQUE_KEY, CREATE_USER, CREATED_ON, LINE_NO, MANAGED, FIELD_PATH, DATA_TYPE, DATA1, DATA2, TRANSITIVE_FIELDS, FORMULA, ENTITY_LOOKUP_TYPE)
VALUES ('79e104b77f23418ab186c75283da639e', 0, 'ca53a5a96c0f49a8ab4e2dc8605d855f', 'vpoItemSizeVer', 'VPO_ITEM_SIZE_VER', 'NUMBER(20, 0)', 'N/A', 1, 'integer', '', '', '', '', '', '', '', 0, NULL, 18, NULL, NULL, '', '', 'system', systimestamp, '63', 0, 'entity.vendorInvoiceShipItems.viShipmentItemSizes.vpoItemSizeVer', '', '', '', '', '', '');
INSERT INTO CNT_FIELD_DEFINITION
 (ID, REVISION, PARENT_ID, FIELD_ID, COLUMN_NAME, COLUMN_TYPE, REPORT_COLUMN_NAME, PRODUCT_FIELD, FIELD_TYPE, ENTITY_LOOKUP, ENTITY_LOOKUP_KEY, ORDER_BY, GENERATOR, REFER_TABLE, KEY_COLUMN, LOOKUP_COLUMN, MANDATORY, MIN_LENGTH, MAX_LENGTH, MIN_VALUE, MAX_VALUE, CONSTANT_VALUE, UNIQUE_KEY, CREATE_USER, CREATED_ON, LINE_NO, MANAGED, FIELD_PATH, DATA_TYPE, DATA1, DATA2, TRANSITIVE_FIELDS, FORMULA, ENTITY_LOOKUP_TYPE)
VALUES ('a446e6ac8939459e8ccf1b5b268f07cb', 0, 'ca53a5a96c0f49a8ab4e2dc8605d855f', 'vpoItemSizeRef2', 'VPO_ITEM_SIZE_REF2', 'NVARCHAR2(1000)', 'N/A', 1, 'string-l', '', '', '', '', '', '', '', 0, NULL, 1000, NULL, NULL, '', '', 'system', systimestamp, '64', 0, 'entity.vendorInvoiceShipItems.viShipmentItemSizes.vpoItemSizeRef2', '', '', '', '', '', '');
INSERT INTO CNT_FIELD_DEFINITION
 (ID, REVISION, PARENT_ID, FIELD_ID, COLUMN_NAME, COLUMN_TYPE, REPORT_COLUMN_NAME, PRODUCT_FIELD, FIELD_TYPE, ENTITY_LOOKUP, ENTITY_LOOKUP_KEY, ORDER_BY, GENERATOR, REFER_TABLE, KEY_COLUMN, LOOKUP_COLUMN, MANDATORY, MIN_LENGTH, MAX_LENGTH, MIN_VALUE, MAX_VALUE, CONSTANT_VALUE, UNIQUE_KEY, CREATE_USER, CREATED_ON, LINE_NO, MANAGED, FIELD_PATH, DATA_TYPE, DATA1, DATA2, TRANSITIVE_FIELDS, FORMULA, ENTITY_LOOKUP_TYPE)
VALUES ('f1089bd6e3804a549f8a0a89c0af843b', 0, 'ca53a5a96c0f49a8ab4e2dc8605d855f', 'custCodelist1Name', 'CUST_CODELIST1_NAME', 'NVARCHAR2(400)', 'N/A', 0, 'string-m', '', '', '', '', '', '', '', 0, NULL, 400, NULL, NULL, '', '', 'system', systimestamp, '65', 0, 'entity.vendorInvoiceShipItems.viShipmentItemSizes.custCodelist1Name', '', '', '', '', '', '');
INSERT INTO CNT_FIELD_DEFINITION
 (ID, REVISION, PARENT_ID, FIELD_ID, COLUMN_NAME, COLUMN_TYPE, REPORT_COLUMN_NAME, PRODUCT_FIELD, FIELD_TYPE, ENTITY_LOOKUP, ENTITY_LOOKUP_KEY, ORDER_BY, GENERATOR, REFER_TABLE, KEY_COLUMN, LOOKUP_COLUMN, MANDATORY, MIN_LENGTH, MAX_LENGTH, MIN_VALUE, MAX_VALUE, CONSTANT_VALUE, UNIQUE_KEY, CREATE_USER, CREATED_ON, LINE_NO, MANAGED, FIELD_PATH, DATA_TYPE, DATA1, DATA2, TRANSITIVE_FIELDS, FORMULA, ENTITY_LOOKUP_TYPE)
VALUES ('dfa1dc381e0b4d3fa35c014fcc5fe6d2', 0, 'ca53a5a96c0f49a8ab4e2dc8605d855f', 'custCodelist2Name', 'CUST_CODELIST2_NAME', 'NVARCHAR2(400)', 'N/A', 0, 'string-m', '', '', '', '', '', '', '', 0, NULL, 400, NULL, NULL, '', '', 'system', systimestamp, '66', 0, 'entity.vendorInvoiceShipItems.viShipmentItemSizes.custCodelist2Name', '', '', '', '', '', '');
INSERT INTO CNT_FIELD_DEFINITION
 (ID, REVISION, PARENT_ID, FIELD_ID, COLUMN_NAME, COLUMN_TYPE, REPORT_COLUMN_NAME, PRODUCT_FIELD, FIELD_TYPE, ENTITY_LOOKUP, ENTITY_LOOKUP_KEY, ORDER_BY, GENERATOR, REFER_TABLE, KEY_COLUMN, LOOKUP_COLUMN, MANDATORY, MIN_LENGTH, MAX_LENGTH, MIN_VALUE, MAX_VALUE, CONSTANT_VALUE, UNIQUE_KEY, CREATE_USER, CREATED_ON, LINE_NO, MANAGED, FIELD_PATH, DATA_TYPE, DATA1, DATA2, TRANSITIVE_FIELDS, FORMULA, ENTITY_LOOKUP_TYPE)
VALUES ('0cf713eded9f429397919bffc8ff6733', 0, 'ca53a5a96c0f49a8ab4e2dc8605d855f', 'custCodelist3Name', 'CUST_CODELIST3_NAME', 'NVARCHAR2(400)', 'N/A', 0, 'string-m', '', '', '', '', '', '', '', 0, NULL, 400, NULL, NULL, '', '', 'system', systimestamp, '67', 0, 'entity.vendorInvoiceShipItems.viShipmentItemSizes.custCodelist3Name', '', '', '', '', '', '');
INSERT INTO CNT_FIELD_DEFINITION
 (ID, REVISION, PARENT_ID, FIELD_ID, COLUMN_NAME, COLUMN_TYPE, REPORT_COLUMN_NAME, PRODUCT_FIELD, FIELD_TYPE, ENTITY_LOOKUP, ENTITY_LOOKUP_KEY, ORDER_BY, GENERATOR, REFER_TABLE, KEY_COLUMN, LOOKUP_COLUMN, MANDATORY, MIN_LENGTH, MAX_LENGTH, MIN_VALUE, MAX_VALUE, CONSTANT_VALUE, UNIQUE_KEY, CREATE_USER, CREATED_ON, LINE_NO, MANAGED, FIELD_PATH, DATA_TYPE, DATA1, DATA2, TRANSITIVE_FIELDS, FORMULA, ENTITY_LOOKUP_TYPE)
VALUES ('884554a09dcf4bfe8ce6444ff3b82f35', 0, 'ca53a5a96c0f49a8ab4e2dc8605d855f', 'custCodelist4Name', 'CUST_CODELIST4_NAME', 'NVARCHAR2(400)', 'N/A', 0, 'string-m', '', '', '', '', '', '', '', 0, NULL, 400, NULL, NULL, '', '', 'system', systimestamp, '68', 0, 'entity.vendorInvoiceShipItems.viShipmentItemSizes.custCodelist4Name', '', '', '', '', '', '');
INSERT INTO CNT_FIELD_DEFINITION
 (ID, REVISION, PARENT_ID, FIELD_ID, COLUMN_NAME, COLUMN_TYPE, REPORT_COLUMN_NAME, PRODUCT_FIELD, FIELD_TYPE, ENTITY_LOOKUP, ENTITY_LOOKUP_KEY, ORDER_BY, GENERATOR, REFER_TABLE, KEY_COLUMN, LOOKUP_COLUMN, MANDATORY, MIN_LENGTH, MAX_LENGTH, MIN_VALUE, MAX_VALUE, CONSTANT_VALUE, UNIQUE_KEY, CREATE_USER, CREATED_ON, LINE_NO, MANAGED, FIELD_PATH, DATA_TYPE, DATA1, DATA2, TRANSITIVE_FIELDS, FORMULA, ENTITY_LOOKUP_TYPE)
VALUES ('5afa317833794c4ea84b843e4ed93d00', 0, 'ca53a5a96c0f49a8ab4e2dc8605d855f', 'custCodelist5Name', 'CUST_CODELIST5_NAME', 'NVARCHAR2(400)', 'N/A', 0, 'string-m', '', '', '', '', '', '', '', 0, NULL, 400, NULL, NULL, '', '', 'system', systimestamp, '69', 0, 'entity.vendorInvoiceShipItems.viShipmentItemSizes.custCodelist5Name', '', '', '', '', '', '');
INSERT INTO CNT_FIELD_DEFINITION
 (ID, REVISION, PARENT_ID, FIELD_ID, COLUMN_NAME, COLUMN_TYPE, REPORT_COLUMN_NAME, PRODUCT_FIELD, FIELD_TYPE, ENTITY_LOOKUP, ENTITY_LOOKUP_KEY, ORDER_BY, GENERATOR, REFER_TABLE, KEY_COLUMN, LOOKUP_COLUMN, MANDATORY, MIN_LENGTH, MAX_LENGTH, MIN_VALUE, MAX_VALUE, CONSTANT_VALUE, UNIQUE_KEY, CREATE_USER, CREATED_ON, LINE_NO, MANAGED, FIELD_PATH, DATA_TYPE, DATA1, DATA2, TRANSITIVE_FIELDS, FORMULA, ENTITY_LOOKUP_TYPE)
VALUES ('18dfa8b13f024753aed93c047f1577d6', 0, 'ca53a5a96c0f49a8ab4e2dc8605d855f', 'custCodelist6Name', 'CUST_CODELIST6_NAME', 'NVARCHAR2(400)', 'N/A', 0, 'string-m', '', '', '', '', '', '', '', 0, NULL, 400, NULL, NULL, '', '', 'system', systimestamp, '70', 0, 'entity.vendorInvoiceShipItems.viShipmentItemSizes.custCodelist6Name', '', '', '', '', '', '');
INSERT INTO CNT_FIELD_DEFINITION
 (ID, REVISION, PARENT_ID, FIELD_ID, COLUMN_NAME, COLUMN_TYPE, REPORT_COLUMN_NAME, PRODUCT_FIELD, FIELD_TYPE, ENTITY_LOOKUP, ENTITY_LOOKUP_KEY, ORDER_BY, GENERATOR, REFER_TABLE, KEY_COLUMN, LOOKUP_COLUMN, MANDATORY, MIN_LENGTH, MAX_LENGTH, MIN_VALUE, MAX_VALUE, CONSTANT_VALUE, UNIQUE_KEY, CREATE_USER, CREATED_ON, LINE_NO, MANAGED, FIELD_PATH, DATA_TYPE, DATA1, DATA2, TRANSITIVE_FIELDS, FORMULA, ENTITY_LOOKUP_TYPE)
VALUES ('78857217214047e4a755a4f0bcfcd686', 0, 'ca53a5a96c0f49a8ab4e2dc8605d855f', 'custCodelist7Name', 'CUST_CODELIST7_NAME', 'NVARCHAR2(400)', 'N/A', 0, 'string-m', '', '', '', '', '', '', '', 0, NULL, 400, NULL, NULL, '', '', 'system', systimestamp, '71', 0, 'entity.vendorInvoiceShipItems.viShipmentItemSizes.custCodelist7Name', '', '', '', '', '', '');
INSERT INTO CNT_FIELD_DEFINITION
 (ID, REVISION, PARENT_ID, FIELD_ID, COLUMN_NAME, COLUMN_TYPE, REPORT_COLUMN_NAME, PRODUCT_FIELD, FIELD_TYPE, ENTITY_LOOKUP, ENTITY_LOOKUP_KEY, ORDER_BY, GENERATOR, REFER_TABLE, KEY_COLUMN, LOOKUP_COLUMN, MANDATORY, MIN_LENGTH, MAX_LENGTH, MIN_VALUE, MAX_VALUE, CONSTANT_VALUE, UNIQUE_KEY, CREATE_USER, CREATED_ON, LINE_NO, MANAGED, FIELD_PATH, DATA_TYPE, DATA1, DATA2, TRANSITIVE_FIELDS, FORMULA, ENTITY_LOOKUP_TYPE)
VALUES ('4b80b77b97a4405e88c340c3c33e8418', 0, 'ca53a5a96c0f49a8ab4e2dc8605d855f', 'custHcl1Ref', 'CUST_HCL1_REF', 'NVARCHAR2(1000)', 'N/A', 0, 'string-l', '', '', '', '', '', '', '', 0, NULL, 1000, NULL, NULL, '', '', 'system', systimestamp, '72', 0, 'entity.vendorInvoiceShipItems.viShipmentItemSizes.custHcl1Ref', '', '', '', '', '', '');
INSERT INTO CNT_FIELD_DEFINITION
 (ID, REVISION, PARENT_ID, FIELD_ID, COLUMN_NAME, COLUMN_TYPE, REPORT_COLUMN_NAME, PRODUCT_FIELD, FIELD_TYPE, ENTITY_LOOKUP, ENTITY_LOOKUP_KEY, ORDER_BY, GENERATOR, REFER_TABLE, KEY_COLUMN, LOOKUP_COLUMN, MANDATORY, MIN_LENGTH, MAX_LENGTH, MIN_VALUE, MAX_VALUE, CONSTANT_VALUE, UNIQUE_KEY, CREATE_USER, CREATED_ON, LINE_NO, MANAGED, FIELD_PATH, DATA_TYPE, DATA1, DATA2, TRANSITIVE_FIELDS, FORMULA, ENTITY_LOOKUP_TYPE)
VALUES ('e0b23d2289004465b486888c50872ac5', 0, 'ca53a5a96c0f49a8ab4e2dc8605d855f', 'custHcl1Ver', 'CUST_HCL1_VER', 'NUMBER(20, 0)', 'N/A', 0, 'integer', '', '', '', '', '', '', '', 0, NULL, 18, NULL, NULL, '', '', 'system', systimestamp, '73', 0, 'entity.vendorInvoiceShipItems.viShipmentItemSizes.custHcl1Ver', '', '', '', '', '', '');
INSERT INTO CNT_FIELD_DEFINITION
 (ID, REVISION, PARENT_ID, FIELD_ID, COLUMN_NAME, COLUMN_TYPE, REPORT_COLUMN_NAME, PRODUCT_FIELD, FIELD_TYPE, ENTITY_LOOKUP, ENTITY_LOOKUP_KEY, ORDER_BY, GENERATOR, REFER_TABLE, KEY_COLUMN, LOOKUP_COLUMN, MANDATORY, MIN_LENGTH, MAX_LENGTH, MIN_VALUE, MAX_VALUE, CONSTANT_VALUE, UNIQUE_KEY, CREATE_USER, CREATED_ON, LINE_NO, MANAGED, FIELD_PATH, DATA_TYPE, DATA1, DATA2, TRANSITIVE_FIELDS, FORMULA, ENTITY_LOOKUP_TYPE)
VALUES ('cf85bc8e027d4a2ca32844422e95c1d9', 0, 'ca53a5a96c0f49a8ab4e2dc8605d855f', 'custHcl1Ref2', 'CUST_HCL1_REF2', 'NVARCHAR2(1000)', 'N/A', 0, 'string-l', '', '', '', '', '', '', '', 0, NULL, 1000, NULL, NULL, '', '', 'system', systimestamp, '74', 0, 'entity.vendorInvoiceShipItems.viShipmentItemSizes.custHcl1Ref2', '', '', '', '', '', '');
INSERT INTO CNT_FIELD_DEFINITION
 (ID, REVISION, PARENT_ID, FIELD_ID, COLUMN_NAME, COLUMN_TYPE, REPORT_COLUMN_NAME, PRODUCT_FIELD, FIELD_TYPE, ENTITY_LOOKUP, ENTITY_LOOKUP_KEY, ORDER_BY, GENERATOR, REFER_TABLE, KEY_COLUMN, LOOKUP_COLUMN, MANDATORY, MIN_LENGTH, MAX_LENGTH, MIN_VALUE, MAX_VALUE, CONSTANT_VALUE, UNIQUE_KEY, CREATE_USER, CREATED_ON, LINE_NO, MANAGED, FIELD_PATH, DATA_TYPE, DATA1, DATA2, TRANSITIVE_FIELDS, FORMULA, ENTITY_LOOKUP_TYPE)
VALUES ('d17cdff422014e9eb37ad927b1dfa2a8', 0, 'ca53a5a96c0f49a8ab4e2dc8605d855f', 'custHcl1FullLineage', 'CUST_HCL1_FULL_LINEAGE', 'NVARCHAR2(1000)', 'N/A', 0, 'string-l', '', '', '', '', '', '', '', 0, NULL, 1000, NULL, NULL, '', '', 'system', systimestamp, '75', 0, 'entity.vendorInvoiceShipItems.viShipmentItemSizes.custHcl1FullLineage', '', '', '', '', '', '');
INSERT INTO CNT_FIELD_DEFINITION
 (ID, REVISION, PARENT_ID, FIELD_ID, COLUMN_NAME, COLUMN_TYPE, REPORT_COLUMN_NAME, PRODUCT_FIELD, FIELD_TYPE, ENTITY_LOOKUP, ENTITY_LOOKUP_KEY, ORDER_BY, GENERATOR, REFER_TABLE, KEY_COLUMN, LOOKUP_COLUMN, MANDATORY, MIN_LENGTH, MAX_LENGTH, MIN_VALUE, MAX_VALUE, CONSTANT_VALUE, UNIQUE_KEY, CREATE_USER, CREATED_ON, LINE_NO, MANAGED, FIELD_PATH, DATA_TYPE, DATA1, DATA2, TRANSITIVE_FIELDS, FORMULA, ENTITY_LOOKUP_TYPE)
VALUES ('fcbf34507ec44fc2aa906cdb5f1a9de9', 0, 'ca53a5a96c0f49a8ab4e2dc8605d855f', 'custHcl2Ref', 'CUST_HCL2_REF', 'NVARCHAR2(1000)', 'N/A', 0, 'string-l', '', '', '', '', '', '', '', 0, NULL, 1000, NULL, NULL, '', '', 'system', systimestamp, '76', 0, 'entity.vendorInvoiceShipItems.viShipmentItemSizes.custHcl2Ref', '', '', '', '', '', '');
INSERT INTO CNT_FIELD_DEFINITION
 (ID, REVISION, PARENT_ID, FIELD_ID, COLUMN_NAME, COLUMN_TYPE, REPORT_COLUMN_NAME, PRODUCT_FIELD, FIELD_TYPE, ENTITY_LOOKUP, ENTITY_LOOKUP_KEY, ORDER_BY, GENERATOR, REFER_TABLE, KEY_COLUMN, LOOKUP_COLUMN, MANDATORY, MIN_LENGTH, MAX_LENGTH, MIN_VALUE, MAX_VALUE, CONSTANT_VALUE, UNIQUE_KEY, CREATE_USER, CREATED_ON, LINE_NO, MANAGED, FIELD_PATH, DATA_TYPE, DATA1, DATA2, TRANSITIVE_FIELDS, FORMULA, ENTITY_LOOKUP_TYPE)
VALUES ('c4b5a5b425be485a998cf258156b2bae', 0, 'ca53a5a96c0f49a8ab4e2dc8605d855f', 'custHcl2Ver', 'CUST_HCL2_VER', 'NUMBER(20, 0)', 'N/A', 0, 'integer', '', '', '', '', '', '', '', 0, NULL, 18, NULL, NULL, '', '', 'system', systimestamp, '77', 0, 'entity.vendorInvoiceShipItems.viShipmentItemSizes.custHcl2Ver', '', '', '', '', '', '');
INSERT INTO CNT_FIELD_DEFINITION
 (ID, REVISION, PARENT_ID, FIELD_ID, COLUMN_NAME, COLUMN_TYPE, REPORT_COLUMN_NAME, PRODUCT_FIELD, FIELD_TYPE, ENTITY_LOOKUP, ENTITY_LOOKUP_KEY, ORDER_BY, GENERATOR, REFER_TABLE, KEY_COLUMN, LOOKUP_COLUMN, MANDATORY, MIN_LENGTH, MAX_LENGTH, MIN_VALUE, MAX_VALUE, CONSTANT_VALUE, UNIQUE_KEY, CREATE_USER, CREATED_ON, LINE_NO, MANAGED, FIELD_PATH, DATA_TYPE, DATA1, DATA2, TRANSITIVE_FIELDS, FORMULA, ENTITY_LOOKUP_TYPE)
VALUES ('c1eb06ba52cb45b1aad3132d73538cd0', 0, 'ca53a5a96c0f49a8ab4e2dc8605d855f', 'custHcl2Ref2', 'CUST_HCL2_REF2', 'NVARCHAR2(1000)', 'N/A', 0, 'string-l', '', '', '', '', '', '', '', 0, NULL, 1000, NULL, NULL, '', '', 'system', systimestamp, '78', 0, 'entity.vendorInvoiceShipItems.viShipmentItemSizes.custHcl2Ref2', '', '', '', '', '', '');
INSERT INTO CNT_FIELD_DEFINITION
 (ID, REVISION, PARENT_ID, FIELD_ID, COLUMN_NAME, COLUMN_TYPE, REPORT_COLUMN_NAME, PRODUCT_FIELD, FIELD_TYPE, ENTITY_LOOKUP, ENTITY_LOOKUP_KEY, ORDER_BY, GENERATOR, REFER_TABLE, KEY_COLUMN, LOOKUP_COLUMN, MANDATORY, MIN_LENGTH, MAX_LENGTH, MIN_VALUE, MAX_VALUE, CONSTANT_VALUE, UNIQUE_KEY, CREATE_USER, CREATED_ON, LINE_NO, MANAGED, FIELD_PATH, DATA_TYPE, DATA1, DATA2, TRANSITIVE_FIELDS, FORMULA, ENTITY_LOOKUP_TYPE)
VALUES ('19f57fba80db4bc5a539dc073c324236', 0, 'ca53a5a96c0f49a8ab4e2dc8605d855f', 'custHcl2FullLineage', 'CUST_HCL2_FULL_LINEAGE', 'NVARCHAR2(1000)', 'N/A', 0, 'string-l', '', '', '', '', '', '', '', 0, NULL, 1000, NULL, NULL, '', '', 'system', systimestamp, '79', 0, 'entity.vendorInvoiceShipItems.viShipmentItemSizes.custHcl2FullLineage', '', '', '', '', '', '');
INSERT INTO CNT_FIELD_DEFINITION
 (ID, REVISION, PARENT_ID, FIELD_ID, COLUMN_NAME, COLUMN_TYPE, REPORT_COLUMN_NAME, PRODUCT_FIELD, FIELD_TYPE, ENTITY_LOOKUP, ENTITY_LOOKUP_KEY, ORDER_BY, GENERATOR, REFER_TABLE, KEY_COLUMN, LOOKUP_COLUMN, MANDATORY, MIN_LENGTH, MAX_LENGTH, MIN_VALUE, MAX_VALUE, CONSTANT_VALUE, UNIQUE_KEY, CREATE_USER, CREATED_ON, LINE_NO, MANAGED, FIELD_PATH, DATA_TYPE, DATA1, DATA2, TRANSITIVE_FIELDS, FORMULA, ENTITY_LOOKUP_TYPE)
VALUES ('c6bf7de03c034360b7bb0065194f29e0', 0, 'ca53a5a96c0f49a8ab4e2dc8605d855f', 'custHcl3Ref', 'CUST_HCL3_REF', 'NVARCHAR2(1000)', 'N/A', 0, 'string-l', '', '', '', '', '', '', '', 0, NULL, 1000, NULL, NULL, '', '', 'system', systimestamp, '80', 0, 'entity.vendorInvoiceShipItems.viShipmentItemSizes.custHcl3Ref', '', '', '', '', '', '');
INSERT INTO CNT_FIELD_DEFINITION
 (ID, REVISION, PARENT_ID, FIELD_ID, COLUMN_NAME, COLUMN_TYPE, REPORT_COLUMN_NAME, PRODUCT_FIELD, FIELD_TYPE, ENTITY_LOOKUP, ENTITY_LOOKUP_KEY, ORDER_BY, GENERATOR, REFER_TABLE, KEY_COLUMN, LOOKUP_COLUMN, MANDATORY, MIN_LENGTH, MAX_LENGTH, MIN_VALUE, MAX_VALUE, CONSTANT_VALUE, UNIQUE_KEY, CREATE_USER, CREATED_ON, LINE_NO, MANAGED, FIELD_PATH, DATA_TYPE, DATA1, DATA2, TRANSITIVE_FIELDS, FORMULA, ENTITY_LOOKUP_TYPE)
VALUES ('3c4a23bad98b4f08bbf5fcf687df26b4', 0, 'ca53a5a96c0f49a8ab4e2dc8605d855f', 'custHcl3Ver', 'CUST_HCL3_VER', 'NUMBER(20, 0)', 'N/A', 0, 'integer', '', '', '', '', '', '', '', 0, NULL, 18, NULL, NULL, '', '', 'system', systimestamp, '81', 0, 'entity.vendorInvoiceShipItems.viShipmentItemSizes.custHcl3Ver', '', '', '', '', '', '');
INSERT INTO CNT_FIELD_DEFINITION
 (ID, REVISION, PARENT_ID, FIELD_ID, COLUMN_NAME, COLUMN_TYPE, REPORT_COLUMN_NAME, PRODUCT_FIELD, FIELD_TYPE, ENTITY_LOOKUP, ENTITY_LOOKUP_KEY, ORDER_BY, GENERATOR, REFER_TABLE, KEY_COLUMN, LOOKUP_COLUMN, MANDATORY, MIN_LENGTH, MAX_LENGTH, MIN_VALUE, MAX_VALUE, CONSTANT_VALUE, UNIQUE_KEY, CREATE_USER, CREATED_ON, LINE_NO, MANAGED, FIELD_PATH, DATA_TYPE, DATA1, DATA2, TRANSITIVE_FIELDS, FORMULA, ENTITY_LOOKUP_TYPE)
VALUES ('33f1de403b95409d917ce169e56b2106', 0, 'ca53a5a96c0f49a8ab4e2dc8605d855f', 'custHcl3Ref2', 'CUST_HCL3_REF2', 'NVARCHAR2(1000)', 'N/A', 0, 'string-l', '', '', '', '', '', '', '', 0, NULL, 1000, NULL, NULL, '', '', 'system', systimestamp, '82', 0, 'entity.vendorInvoiceShipItems.viShipmentItemSizes.custHcl3Ref2', '', '', '', '', '', '');
INSERT INTO CNT_FIELD_DEFINITION
 (ID, REVISION, PARENT_ID, FIELD_ID, COLUMN_NAME, COLUMN_TYPE, REPORT_COLUMN_NAME, PRODUCT_FIELD, FIELD_TYPE, ENTITY_LOOKUP, ENTITY_LOOKUP_KEY, ORDER_BY, GENERATOR, REFER_TABLE, KEY_COLUMN, LOOKUP_COLUMN, MANDATORY, MIN_LENGTH, MAX_LENGTH, MIN_VALUE, MAX_VALUE, CONSTANT_VALUE, UNIQUE_KEY, CREATE_USER, CREATED_ON, LINE_NO, MANAGED, FIELD_PATH, DATA_TYPE, DATA1, DATA2, TRANSITIVE_FIELDS, FORMULA, ENTITY_LOOKUP_TYPE)
VALUES ('d5e68b148cba46e397740b02f88f8d0e', 0, 'ca53a5a96c0f49a8ab4e2dc8605d855f', 'custHcl3FullLineage', 'CUST_HCL3_FULL_LINEAGE', 'NVARCHAR2(1000)', 'N/A', 0, 'string-l', '', '', '', '', '', '', '', 0, NULL, 1000, NULL, NULL, '', '', 'system', systimestamp, '83', 0, 'entity.vendorInvoiceShipItems.viShipmentItemSizes.custHcl3FullLineage', '', '', '', '', '', '');
INSERT INTO CNT_FIELD_DEFINITION
 (ID, REVISION, PARENT_ID, FIELD_ID, COLUMN_NAME, COLUMN_TYPE, REPORT_COLUMN_NAME, PRODUCT_FIELD, FIELD_TYPE, ENTITY_LOOKUP, ENTITY_LOOKUP_KEY, ORDER_BY, GENERATOR, REFER_TABLE, KEY_COLUMN, LOOKUP_COLUMN, MANDATORY, MIN_LENGTH, MAX_LENGTH, MIN_VALUE, MAX_VALUE, CONSTANT_VALUE, UNIQUE_KEY, CREATE_USER, CREATED_ON, LINE_NO, MANAGED, FIELD_PATH, DATA_TYPE, DATA1, DATA2, TRANSITIVE_FIELDS, FORMULA, ENTITY_LOOKUP_TYPE)
VALUES ('2edf26d0858046318497d4132a6d2032', 0, 'ca53a5a96c0f49a8ab4e2dc8605d855f', 'custHcl4Ref', 'CUST_HCL4_REF', 'NVARCHAR2(1000)', 'N/A', 0, 'string-l', '', '', '', '', '', '', '', 0, NULL, 1000, NULL, NULL, '', '', 'system', systimestamp, '84', 0, 'entity.vendorInvoiceShipItems.viShipmentItemSizes.custHcl4Ref', '', '', '', '', '', '');
INSERT INTO CNT_FIELD_DEFINITION
 (ID, REVISION, PARENT_ID, FIELD_ID, COLUMN_NAME, COLUMN_TYPE, REPORT_COLUMN_NAME, PRODUCT_FIELD, FIELD_TYPE, ENTITY_LOOKUP, ENTITY_LOOKUP_KEY, ORDER_BY, GENERATOR, REFER_TABLE, KEY_COLUMN, LOOKUP_COLUMN, MANDATORY, MIN_LENGTH, MAX_LENGTH, MIN_VALUE, MAX_VALUE, CONSTANT_VALUE, UNIQUE_KEY, CREATE_USER, CREATED_ON, LINE_NO, MANAGED, FIELD_PATH, DATA_TYPE, DATA1, DATA2, TRANSITIVE_FIELDS, FORMULA, ENTITY_LOOKUP_TYPE)
VALUES ('830684aae5b64556889f6373711d4e0c', 0, 'ca53a5a96c0f49a8ab4e2dc8605d855f', 'custHcl4Ver', 'CUST_HCL4_VER', 'NUMBER(20, 0)', 'N/A', 0, 'integer', '', '', '', '', '', '', '', 0, NULL, 18, NULL, NULL, '', '', 'system', systimestamp, '85', 0, 'entity.vendorInvoiceShipItems.viShipmentItemSizes.custHcl4Ver', '', '', '', '', '', '');
INSERT INTO CNT_FIELD_DEFINITION
 (ID, REVISION, PARENT_ID, FIELD_ID, COLUMN_NAME, COLUMN_TYPE, REPORT_COLUMN_NAME, PRODUCT_FIELD, FIELD_TYPE, ENTITY_LOOKUP, ENTITY_LOOKUP_KEY, ORDER_BY, GENERATOR, REFER_TABLE, KEY_COLUMN, LOOKUP_COLUMN, MANDATORY, MIN_LENGTH, MAX_LENGTH, MIN_VALUE, MAX_VALUE, CONSTANT_VALUE, UNIQUE_KEY, CREATE_USER, CREATED_ON, LINE_NO, MANAGED, FIELD_PATH, DATA_TYPE, DATA1, DATA2, TRANSITIVE_FIELDS, FORMULA, ENTITY_LOOKUP_TYPE)
VALUES ('9b6b28b785754a6f990ef4b6c5e74a88', 0, 'ca53a5a96c0f49a8ab4e2dc8605d855f', 'custHcl4Ref2', 'CUST_HCL4_REF2', 'NVARCHAR2(1000)', 'N/A', 0, 'string-l', '', '', '', '', '', '', '', 0, NULL, 1000, NULL, NULL, '', '', 'system', systimestamp, '86', 0, 'entity.vendorInvoiceShipItems.viShipmentItemSizes.custHcl4Ref2', '', '', '', '', '', '');
INSERT INTO CNT_FIELD_DEFINITION
 (ID, REVISION, PARENT_ID, FIELD_ID, COLUMN_NAME, COLUMN_TYPE, REPORT_COLUMN_NAME, PRODUCT_FIELD, FIELD_TYPE, ENTITY_LOOKUP, ENTITY_LOOKUP_KEY, ORDER_BY, GENERATOR, REFER_TABLE, KEY_COLUMN, LOOKUP_COLUMN, MANDATORY, MIN_LENGTH, MAX_LENGTH, MIN_VALUE, MAX_VALUE, CONSTANT_VALUE, UNIQUE_KEY, CREATE_USER, CREATED_ON, LINE_NO, MANAGED, FIELD_PATH, DATA_TYPE, DATA1, DATA2, TRANSITIVE_FIELDS, FORMULA, ENTITY_LOOKUP_TYPE)
VALUES ('4d18a8f41c054e70b8231d92c553b3b5', 0, 'ca53a5a96c0f49a8ab4e2dc8605d855f', 'custHcl4FullLineage', 'CUST_HCL4_FULL_LINEAGE', 'NVARCHAR2(1000)', 'N/A', 0, 'string-l', '', '', '', '', '', '', '', 0, NULL, 1000, NULL, NULL, '', '', 'system', systimestamp, '87', 0, 'entity.vendorInvoiceShipItems.viShipmentItemSizes.custHcl4FullLineage', '', '', '', '', '', '');
INSERT INTO CNT_FIELD_DEFINITION
 (ID, REVISION, PARENT_ID, FIELD_ID, COLUMN_NAME, COLUMN_TYPE, REPORT_COLUMN_NAME, PRODUCT_FIELD, FIELD_TYPE, ENTITY_LOOKUP, ENTITY_LOOKUP_KEY, ORDER_BY, GENERATOR, REFER_TABLE, KEY_COLUMN, LOOKUP_COLUMN, MANDATORY, MIN_LENGTH, MAX_LENGTH, MIN_VALUE, MAX_VALUE, CONSTANT_VALUE, UNIQUE_KEY, CREATE_USER, CREATED_ON, LINE_NO, MANAGED, FIELD_PATH, DATA_TYPE, DATA1, DATA2, TRANSITIVE_FIELDS, FORMULA, ENTITY_LOOKUP_TYPE)
VALUES ('6d2a2acd375c465c90fb65d56ffe1a37', 0, 'ca53a5a96c0f49a8ab4e2dc8605d855f', 'custHcl5Ref', 'CUST_HCL5_REF', 'NVARCHAR2(1000)', 'N/A', 0, 'string-l', '', '', '', '', '', '', '', 0, NULL, 1000, NULL, NULL, '', '', 'system', systimestamp, '88', 0, 'entity.vendorInvoiceShipItems.viShipmentItemSizes.custHcl5Ref', '', '', '', '', '', '');
INSERT INTO CNT_FIELD_DEFINITION
 (ID, REVISION, PARENT_ID, FIELD_ID, COLUMN_NAME, COLUMN_TYPE, REPORT_COLUMN_NAME, PRODUCT_FIELD, FIELD_TYPE, ENTITY_LOOKUP, ENTITY_LOOKUP_KEY, ORDER_BY, GENERATOR, REFER_TABLE, KEY_COLUMN, LOOKUP_COLUMN, MANDATORY, MIN_LENGTH, MAX_LENGTH, MIN_VALUE, MAX_VALUE, CONSTANT_VALUE, UNIQUE_KEY, CREATE_USER, CREATED_ON, LINE_NO, MANAGED, FIELD_PATH, DATA_TYPE, DATA1, DATA2, TRANSITIVE_FIELDS, FORMULA, ENTITY_LOOKUP_TYPE)
VALUES ('f93ffcce469d49898c9c385c32ee8c56', 0, 'ca53a5a96c0f49a8ab4e2dc8605d855f', 'custHcl5Ver', 'CUST_HCL5_VER', 'NUMBER(20, 0)', 'N/A', 0, 'integer', '', '', '', '', '', '', '', 0, NULL, 18, NULL, NULL, '', '', 'system', systimestamp, '89', 0, 'entity.vendorInvoiceShipItems.viShipmentItemSizes.custHcl5Ver', '', '', '', '', '', '');
INSERT INTO CNT_FIELD_DEFINITION
 (ID, REVISION, PARENT_ID, FIELD_ID, COLUMN_NAME, COLUMN_TYPE, REPORT_COLUMN_NAME, PRODUCT_FIELD, FIELD_TYPE, ENTITY_LOOKUP, ENTITY_LOOKUP_KEY, ORDER_BY, GENERATOR, REFER_TABLE, KEY_COLUMN, LOOKUP_COLUMN, MANDATORY, MIN_LENGTH, MAX_LENGTH, MIN_VALUE, MAX_VALUE, CONSTANT_VALUE, UNIQUE_KEY, CREATE_USER, CREATED_ON, LINE_NO, MANAGED, FIELD_PATH, DATA_TYPE, DATA1, DATA2, TRANSITIVE_FIELDS, FORMULA, ENTITY_LOOKUP_TYPE)
VALUES ('405c0e5294854321acff6a1517b1bd2d', 0, 'ca53a5a96c0f49a8ab4e2dc8605d855f', 'custHcl5Ref2', 'CUST_HCL5_REF2', 'NVARCHAR2(1000)', 'N/A', 0, 'string-l', '', '', '', '', '', '', '', 0, NULL, 1000, NULL, NULL, '', '', 'system', systimestamp, '90', 0, 'entity.vendorInvoiceShipItems.viShipmentItemSizes.custHcl5Ref2', '', '', '', '', '', '');
INSERT INTO CNT_FIELD_DEFINITION
 (ID, REVISION, PARENT_ID, FIELD_ID, COLUMN_NAME, COLUMN_TYPE, REPORT_COLUMN_NAME, PRODUCT_FIELD, FIELD_TYPE, ENTITY_LOOKUP, ENTITY_LOOKUP_KEY, ORDER_BY, GENERATOR, REFER_TABLE, KEY_COLUMN, LOOKUP_COLUMN, MANDATORY, MIN_LENGTH, MAX_LENGTH, MIN_VALUE, MAX_VALUE, CONSTANT_VALUE, UNIQUE_KEY, CREATE_USER, CREATED_ON, LINE_NO, MANAGED, FIELD_PATH, DATA_TYPE, DATA1, DATA2, TRANSITIVE_FIELDS, FORMULA, ENTITY_LOOKUP_TYPE)
VALUES ('ee156b1f6d494367814179c880531d27', 0, 'ca53a5a96c0f49a8ab4e2dc8605d855f', 'custHcl5FullLineage', 'CUST_HCL5_FULL_LINEAGE', 'NVARCHAR2(1000)', 'N/A', 0, 'string-l', '', '', '', '', '', '', '', 0, NULL, 1000, NULL, NULL, '', '', 'system', systimestamp, '91', 0, 'entity.vendorInvoiceShipItems.viShipmentItemSizes.custHcl5FullLineage', '', '', '', '', '', '');
INSERT INTO CNT_ENTITY_DEFINITION
 (ID, REVISION, ENTITY_NAME, ENTITY_VERSION, PRODUCT_TABLE_NAME, CUSTOM_TABLE_NAME, REPORT_TABLE_NAME, MODULE, TYPE, REVISION_TRACKING, VERSION_TRACKING, HISTORY_ENTITY_NAME, REF_PATTERN, SYSTEM_ENTITY, CREATE_USER, CREATED_ON, IS_FOR_EXTERNAL)
VALUES ('9e3b5932bc3d4313a7e553eae8affbdf', 0, 'VendorInvoiceShipItem', 1, 'CNT_VI_SHIPMENT_ITEM', 'CTM_VENDOR_INVOICE', 'VENDOR_INVOICE_ITEM', 'vendorInvoice', 'inner', '', 'ALL', '', '${vpoShipDtl.vpoShipId.shipmentNo} / ${vpoShipDtl.vpoItemId.itemNo} - ${vpoShipDtl.vpoItemId.lotNo}', 0, 'system', systimestamp, 0);
INSERT INTO CNT_FIELD_DEFINITION
 (ID, REVISION, PARENT_ID, FIELD_ID, COLUMN_NAME, COLUMN_TYPE, REPORT_COLUMN_NAME, PRODUCT_FIELD, FIELD_TYPE, ENTITY_LOOKUP, ENTITY_LOOKUP_KEY, ORDER_BY, GENERATOR, REFER_TABLE, KEY_COLUMN, LOOKUP_COLUMN, MANDATORY, MIN_LENGTH, MAX_LENGTH, MIN_VALUE, MAX_VALUE, CONSTANT_VALUE, UNIQUE_KEY, CREATE_USER, CREATED_ON, LINE_NO, MANAGED, FIELD_PATH, DATA_TYPE, DATA1, DATA2, TRANSITIVE_FIELDS, FORMULA, ENTITY_LOOKUP_TYPE)
VALUES ('0cdbfb52dac44cb1ac2db0236a5d5489', 0, '9e3b5932bc3d4313a7e553eae8affbdf', 'id', 'ID', 'CHAR(32)', '', 1, 'id', '', '', '', 'com.core.cbx.data.generator.UUIDGenerator', '', '', '', 0, 32, 32, NULL, NULL, '', '', 'system', systimestamp, '0', 0, 'entity.vendorInvoiceShipItems.id', '', '', '', '', '', '');
INSERT INTO CNT_FIELD_DEFINITION
 (ID, REVISION, PARENT_ID, FIELD_ID, COLUMN_NAME, COLUMN_TYPE, REPORT_COLUMN_NAME, PRODUCT_FIELD, FIELD_TYPE, ENTITY_LOOKUP, ENTITY_LOOKUP_KEY, ORDER_BY, GENERATOR, REFER_TABLE, KEY_COLUMN, LOOKUP_COLUMN, MANDATORY, MIN_LENGTH, MAX_LENGTH, MIN_VALUE, MAX_VALUE, CONSTANT_VALUE, UNIQUE_KEY, CREATE_USER, CREATED_ON, LINE_NO, MANAGED, FIELD_PATH, DATA_TYPE, DATA1, DATA2, TRANSITIVE_FIELDS, FORMULA, ENTITY_LOOKUP_TYPE)
VALUES ('20e37c5f95ab485fb2d68bda7b9d1cdf', 0, '9e3b5932bc3d4313a7e553eae8affbdf', 'revision', 'REVISION', 'NUMBER(20, 0)', '', 1, 'integer', '', '', '', '', '', '', '', 0, NULL, 18, NULL, NULL, '', '', 'system', systimestamp, '1', 0, 'entity.vendorInvoiceShipItems.revision', '', '', '', '', '', '');
INSERT INTO CNT_FIELD_DEFINITION
 (ID, REVISION, PARENT_ID, FIELD_ID, COLUMN_NAME, COLUMN_TYPE, REPORT_COLUMN_NAME, PRODUCT_FIELD, FIELD_TYPE, ENTITY_LOOKUP, ENTITY_LOOKUP_KEY, ORDER_BY, GENERATOR, REFER_TABLE, KEY_COLUMN, LOOKUP_COLUMN, MANDATORY, MIN_LENGTH, MAX_LENGTH, MIN_VALUE, MAX_VALUE, CONSTANT_VALUE, UNIQUE_KEY, CREATE_USER, CREATED_ON, LINE_NO, MANAGED, FIELD_PATH, DATA_TYPE, DATA1, DATA2, TRANSITIVE_FIELDS, FORMULA, ENTITY_LOOKUP_TYPE)
VALUES ('ba93fc3f39124bd88a8392ece0b5ad2c', 0, '9e3b5932bc3d4313a7e553eae8affbdf', 'entityVersion', 'ENTITY_VERSION', 'NUMBER(20, 0)', '', 1, 'integer', '', '', '', '', '', '', '', 0, NULL, 18, NULL, NULL, '', '', 'system', systimestamp, '2', 0, 'entity.vendorInvoiceShipItems.entityVersion', '', '', '', '', '', '');
INSERT INTO CNT_FIELD_DEFINITION
 (ID, REVISION, PARENT_ID, FIELD_ID, COLUMN_NAME, COLUMN_TYPE, REPORT_COLUMN_NAME, PRODUCT_FIELD, FIELD_TYPE, ENTITY_LOOKUP, ENTITY_LOOKUP_KEY, ORDER_BY, GENERATOR, REFER_TABLE, KEY_COLUMN, LOOKUP_COLUMN, MANDATORY, MIN_LENGTH, MAX_LENGTH, MIN_VALUE, MAX_VALUE, CONSTANT_VALUE, UNIQUE_KEY, CREATE_USER, CREATED_ON, LINE_NO, MANAGED, FIELD_PATH, DATA_TYPE, DATA1, DATA2, TRANSITIVE_FIELDS, FORMULA, ENTITY_LOOKUP_TYPE)
VALUES ('329d36fb6fae4749bf93e4aa47f2628f', 0, '9e3b5932bc3d4313a7e553eae8affbdf', 'domainId', 'DOMAIN_ID', 'NVARCHAR2(400)', '', 1, 'string-m', '', '', '', '', '', '', '', 0, NULL, 400, NULL, NULL, '', '', 'system', systimestamp, '3', 0, 'entity.vendorInvoiceShipItems.domainId', '', '', '', '', '', '');
INSERT INTO CNT_FIELD_DEFINITION
 (ID, REVISION, PARENT_ID, FIELD_ID, COLUMN_NAME, COLUMN_TYPE, REPORT_COLUMN_NAME, PRODUCT_FIELD, FIELD_TYPE, ENTITY_LOOKUP, ENTITY_LOOKUP_KEY, ORDER_BY, GENERATOR, REFER_TABLE, KEY_COLUMN, LOOKUP_COLUMN, MANDATORY, MIN_LENGTH, MAX_LENGTH, MIN_VALUE, MAX_VALUE, CONSTANT_VALUE, UNIQUE_KEY, CREATE_USER, CREATED_ON, LINE_NO, MANAGED, FIELD_PATH, DATA_TYPE, DATA1, DATA2, TRANSITIVE_FIELDS, FORMULA, ENTITY_LOOKUP_TYPE)
VALUES ('fdfe104fb4fc4965b3ce3101a371b1eb', 0, '9e3b5932bc3d4313a7e553eae8affbdf', 'hubDomainId', 'HUB_DOMAIN_ID', 'NVARCHAR2(400)', '', 1, 'string-m', '', '', '', '', '', '', '', 0, NULL, 400, NULL, NULL, '', '', 'system', systimestamp, '4', 0, 'entity.vendorInvoiceShipItems.hubDomainId', '', '', '', '', '', '');
INSERT INTO CNT_FIELD_DEFINITION
 (ID, REVISION, PARENT_ID, FIELD_ID, COLUMN_NAME, COLUMN_TYPE, REPORT_COLUMN_NAME, PRODUCT_FIELD, FIELD_TYPE, ENTITY_LOOKUP, ENTITY_LOOKUP_KEY, ORDER_BY, GENERATOR, REFER_TABLE, KEY_COLUMN, LOOKUP_COLUMN, MANDATORY, MIN_LENGTH, MAX_LENGTH, MIN_VALUE, MAX_VALUE, CONSTANT_VALUE, UNIQUE_KEY, CREATE_USER, CREATED_ON, LINE_NO, MANAGED, FIELD_PATH, DATA_TYPE, DATA1, DATA2, TRANSITIVE_FIELDS, FORMULA, ENTITY_LOOKUP_TYPE)
VALUES ('7b4b86aa360e4f68baf996ae8bcbbb4c', 0, '9e3b5932bc3d4313a7e553eae8affbdf', 'isForReference', 'IS_FOR_REFERENCE', 'NUMBER(1,0)', '', 1, 'boolean', '', '', '', '', '', '', '', 0, NULL, NULL, NULL, NULL, '', '', 'system', systimestamp, '5', 0, 'entity.vendorInvoiceShipItems.isForReference', '', '', '', '', '', '');
INSERT INTO CNT_FIELD_DEFINITION
 (ID, REVISION, PARENT_ID, FIELD_ID, COLUMN_NAME, COLUMN_TYPE, REPORT_COLUMN_NAME, PRODUCT_FIELD, FIELD_TYPE, ENTITY_LOOKUP, ENTITY_LOOKUP_KEY, ORDER_BY, GENERATOR, REFER_TABLE, KEY_COLUMN, LOOKUP_COLUMN, MANDATORY, MIN_LENGTH, MAX_LENGTH, MIN_VALUE, MAX_VALUE, CONSTANT_VALUE, UNIQUE_KEY, CREATE_USER, CREATED_ON, LINE_NO, MANAGED, FIELD_PATH, DATA_TYPE, DATA1, DATA2, TRANSITIVE_FIELDS, FORMULA, ENTITY_LOOKUP_TYPE)
VALUES ('90a04b50ce1d459e920be6eef8446bad', 0, '9e3b5932bc3d4313a7e553eae8affbdf', 'internalSeqNo', 'INTERNAL_SEQ_NO', 'NUMBER(20, 0)', 'n/a', 1, 'integer', '', '', '', '', '', '', '', 0, NULL, 18, NULL, NULL, '', '', 'system', systimestamp, '6', 0, 'entity.vendorInvoiceShipItems.internalSeqNo', '', '', '', '', '', '');
INSERT INTO CNT_FIELD_DEFINITION
 (ID, REVISION, PARENT_ID, FIELD_ID, COLUMN_NAME, COLUMN_TYPE, REPORT_COLUMN_NAME, PRODUCT_FIELD, FIELD_TYPE, ENTITY_LOOKUP, ENTITY_LOOKUP_KEY, ORDER_BY, GENERATOR, REFER_TABLE, KEY_COLUMN, LOOKUP_COLUMN, MANDATORY, MIN_LENGTH, MAX_LENGTH, MIN_VALUE, MAX_VALUE, CONSTANT_VALUE, UNIQUE_KEY, CREATE_USER, CREATED_ON, LINE_NO, MANAGED, FIELD_PATH, DATA_TYPE, DATA1, DATA2, TRANSITIVE_FIELDS, FORMULA, ENTITY_LOOKUP_TYPE)
VALUES ('028dc4816996431e83aa87e0a587cc48', 0, '9e3b5932bc3d4313a7e553eae8affbdf', 'vendorInvoiceId', 'VENDOR_INVOICE_ID', 'CHAR(32)', 'VENDOR_INVOICE_SYS_ID', 1, 'id', '', '', '', '', '', '', '', 1, 32, 32, NULL, NULL, '', '', 'system', systimestamp, '7', 0, 'entity.vendorInvoiceShipItems.vendorInvoiceId', '', '', '', '', '', '');
INSERT INTO CNT_FIELD_DEFINITION
 (ID, REVISION, PARENT_ID, FIELD_ID, COLUMN_NAME, COLUMN_TYPE, REPORT_COLUMN_NAME, PRODUCT_FIELD, FIELD_TYPE, ENTITY_LOOKUP, ENTITY_LOOKUP_KEY, ORDER_BY, GENERATOR, REFER_TABLE, KEY_COLUMN, LOOKUP_COLUMN, MANDATORY, MIN_LENGTH, MAX_LENGTH, MIN_VALUE, MAX_VALUE, CONSTANT_VALUE, UNIQUE_KEY, CREATE_USER, CREATED_ON, LINE_NO, MANAGED, FIELD_PATH, DATA_TYPE, DATA1, DATA2, TRANSITIVE_FIELDS, FORMULA, ENTITY_LOOKUP_TYPE)
VALUES ('9acb541f346a402d974786f29d5a9ba8', 0, '9e3b5932bc3d4313a7e553eae8affbdf', 'shipmentAdvice', 'SHIPMENT_ADVICE_ID', 'CHAR(32)', 'SHIPMENT_ADVICE_SYS_ID', 1, 'entity', 'ShipmentAdvice', 'id', '', '', '', '', '', 0, 32, 32, NULL, NULL, '', '', 'system', systimestamp, '8', 0, 'entity.vendorInvoiceShipItems.shipmentAdvice', '', '', '', '', '', '');
INSERT INTO CNT_FIELD_DEFINITION
 (ID, REVISION, PARENT_ID, FIELD_ID, COLUMN_NAME, COLUMN_TYPE, REPORT_COLUMN_NAME, PRODUCT_FIELD, FIELD_TYPE, ENTITY_LOOKUP, ENTITY_LOOKUP_KEY, ORDER_BY, GENERATOR, REFER_TABLE, KEY_COLUMN, LOOKUP_COLUMN, MANDATORY, MIN_LENGTH, MAX_LENGTH, MIN_VALUE, MAX_VALUE, CONSTANT_VALUE, UNIQUE_KEY, CREATE_USER, CREATED_ON, LINE_NO, MANAGED, FIELD_PATH, DATA_TYPE, DATA1, DATA2, TRANSITIVE_FIELDS, FORMULA, ENTITY_LOOKUP_TYPE)
VALUES ('351a0e1477a84cf29be214df6aa4183a', 0, '9e3b5932bc3d4313a7e553eae8affbdf', 'item', 'ITEM_ID', 'CHAR(32)', 'ITEM_SYS_ID', 1, 'entity', 'Item', 'id', '', '', '', '', '', 0, 32, 32, NULL, NULL, '', '', 'system', systimestamp, '9', 0, 'entity.vendorInvoiceShipItems.item', '', '', '', '', '', '');
INSERT INTO CNT_FIELD_DEFINITION
 (ID, REVISION, PARENT_ID, FIELD_ID, COLUMN_NAME, COLUMN_TYPE, REPORT_COLUMN_NAME, PRODUCT_FIELD, FIELD_TYPE, ENTITY_LOOKUP, ENTITY_LOOKUP_KEY, ORDER_BY, GENERATOR, REFER_TABLE, KEY_COLUMN, LOOKUP_COLUMN, MANDATORY, MIN_LENGTH, MAX_LENGTH, MIN_VALUE, MAX_VALUE, CONSTANT_VALUE, UNIQUE_KEY, CREATE_USER, CREATED_ON, LINE_NO, MANAGED, FIELD_PATH, DATA_TYPE, DATA1, DATA2, TRANSITIVE_FIELDS, FORMULA, ENTITY_LOOKUP_TYPE)
VALUES ('651d3ce28d2e4cedb4e6caaca7aed93f', 0, '9e3b5932bc3d4313a7e553eae8affbdf', 'lotNo', 'LOT_NO', 'NUMBER(20, 0)', 'LOT_NO', 1, 'integer', '', '', '', '', '', '', '', 0, NULL, 18, NULL, NULL, '', '', 'system', systimestamp, '10', 0, 'entity.vendorInvoiceShipItems.lotNo', '', '', '', '', '', '');
INSERT INTO CNT_FIELD_DEFINITION
 (ID, REVISION, PARENT_ID, FIELD_ID, COLUMN_NAME, COLUMN_TYPE, REPORT_COLUMN_NAME, PRODUCT_FIELD, FIELD_TYPE, ENTITY_LOOKUP, ENTITY_LOOKUP_KEY, ORDER_BY, GENERATOR, REFER_TABLE, KEY_COLUMN, LOOKUP_COLUMN, MANDATORY, MIN_LENGTH, MAX_LENGTH, MIN_VALUE, MAX_VALUE, CONSTANT_VALUE, UNIQUE_KEY, CREATE_USER, CREATED_ON, LINE_NO, MANAGED, FIELD_PATH, DATA_TYPE, DATA1, DATA2, TRANSITIVE_FIELDS, FORMULA, ENTITY_LOOKUP_TYPE)
VALUES ('1ac56556e1574ba1b495bc05a4a9dce3', 0, '9e3b5932bc3d4313a7e553eae8affbdf', 'isSet', 'IS_SET', 'NUMBER(1,0)', 'IS_SET', 1, 'boolean', '', '', '', '', '', '', '', 0, NULL, NULL, NULL, NULL, '', '', 'system', systimestamp, '11', 0, 'entity.vendorInvoiceShipItems.isSet', '', '', '', '', '', '');
INSERT INTO CNT_FIELD_DEFINITION
 (ID, REVISION, PARENT_ID, FIELD_ID, COLUMN_NAME, COLUMN_TYPE, REPORT_COLUMN_NAME, PRODUCT_FIELD, FIELD_TYPE, ENTITY_LOOKUP, ENTITY_LOOKUP_KEY, ORDER_BY, GENERATOR, REFER_TABLE, KEY_COLUMN, LOOKUP_COLUMN, MANDATORY, MIN_LENGTH, MAX_LENGTH, MIN_VALUE, MAX_VALUE, CONSTANT_VALUE, UNIQUE_KEY, CREATE_USER, CREATED_ON, LINE_NO, MANAGED, FIELD_PATH, DATA_TYPE, DATA1, DATA2, TRANSITIVE_FIELDS, FORMULA, ENTITY_LOOKUP_TYPE)
VALUES ('1293900d36dd4787b78f1147263d5e7b', 0, '9e3b5932bc3d4313a7e553eae8affbdf', 'itemDesc', 'ITEM_DESC', 'NVARCHAR2(1000)', 'ITEM_DESC', 1, 'string-l', '', '', '', '', '', '', '', 0, NULL, 1000, NULL, NULL, '', '', 'system', systimestamp, '12', 0, 'entity.vendorInvoiceShipItems.itemDesc', '', '', '', '', '', '');
INSERT INTO CNT_FIELD_DEFINITION
 (ID, REVISION, PARENT_ID, FIELD_ID, COLUMN_NAME, COLUMN_TYPE, REPORT_COLUMN_NAME, PRODUCT_FIELD, FIELD_TYPE, ENTITY_LOOKUP, ENTITY_LOOKUP_KEY, ORDER_BY, GENERATOR, REFER_TABLE, KEY_COLUMN, LOOKUP_COLUMN, MANDATORY, MIN_LENGTH, MAX_LENGTH, MIN_VALUE, MAX_VALUE, CONSTANT_VALUE, UNIQUE_KEY, CREATE_USER, CREATED_ON, LINE_NO, MANAGED, FIELD_PATH, DATA_TYPE, DATA1, DATA2, TRANSITIVE_FIELDS, FORMULA, ENTITY_LOOKUP_TYPE)
VALUES ('33f57b5797744144a8b0741df0cde04f', 0, '9e3b5932bc3d4313a7e553eae8affbdf', 'vpoShipDtl', 'VPO_SHIP_DTL_ID', 'CHAR(32)', 'VENDOR_PO_SHIPMENT_ITEM_SYS_ID', 1, 'entity', 'VpoShipDtl', 'id', '', '', '', '', '', 1, 32, 32, NULL, NULL, '', '', 'system', systimestamp, '13', 0, 'entity.vendorInvoiceShipItems.vpoShipDtl', '', '', '', '', '', 'Snapshot');
INSERT INTO CNT_FIELD_DEFINITION
 (ID, REVISION, PARENT_ID, FIELD_ID, COLUMN_NAME, COLUMN_TYPE, REPORT_COLUMN_NAME, PRODUCT_FIELD, FIELD_TYPE, ENTITY_LOOKUP, ENTITY_LOOKUP_KEY, ORDER_BY, GENERATOR, REFER_TABLE, KEY_COLUMN, LOOKUP_COLUMN, MANDATORY, MIN_LENGTH, MAX_LENGTH, MIN_VALUE, MAX_VALUE, CONSTANT_VALUE, UNIQUE_KEY, CREATE_USER, CREATED_ON, LINE_NO, MANAGED, FIELD_PATH, DATA_TYPE, DATA1, DATA2, TRANSITIVE_FIELDS, FORMULA, ENTITY_LOOKUP_TYPE)
VALUES ('ba90a0f2c0cf41b5b2e45c04923e0bf1', 0, '9e3b5932bc3d4313a7e553eae8affbdf', 'vpo', 'VPO_ID', 'CHAR(32)', 'VENDOR_PO_SYS_ID', 1, 'entity', 'Vpo', 'id', '', '', '', '', '', 0, 32, 32, NULL, NULL, '', '', 'system', systimestamp, '14', 0, 'entity.vendorInvoiceShipItems.vpo', '', '', '', '', '', 'Snapshot');
INSERT INTO CNT_FIELD_DEFINITION
 (ID, REVISION, PARENT_ID, FIELD_ID, COLUMN_NAME, COLUMN_TYPE, REPORT_COLUMN_NAME, PRODUCT_FIELD, FIELD_TYPE, ENTITY_LOOKUP, ENTITY_LOOKUP_KEY, ORDER_BY, GENERATOR, REFER_TABLE, KEY_COLUMN, LOOKUP_COLUMN, MANDATORY, MIN_LENGTH, MAX_LENGTH, MIN_VALUE, MAX_VALUE, CONSTANT_VALUE, UNIQUE_KEY, CREATE_USER, CREATED_ON, LINE_NO, MANAGED, FIELD_PATH, DATA_TYPE, DATA1, DATA2, TRANSITIVE_FIELDS, FORMULA, ENTITY_LOOKUP_TYPE)
VALUES ('ce8493ea3a344b278ea6d93ca1863aa2', 0, '9e3b5932bc3d4313a7e553eae8affbdf', 'uom', 'UOM', 'NVARCHAR2(400)', 'UNIT_OF_MEASURE', 1, 'string-m', '', '', '', '', '', '', '', 0, NULL, 400, NULL, NULL, '', '', 'system', systimestamp, '15', 0, 'entity.vendorInvoiceShipItems.uom', 'codelist', 'UOM', '', '', '', '');
INSERT INTO CNT_FIELD_DEFINITION
 (ID, REVISION, PARENT_ID, FIELD_ID, COLUMN_NAME, COLUMN_TYPE, REPORT_COLUMN_NAME, PRODUCT_FIELD, FIELD_TYPE, ENTITY_LOOKUP, ENTITY_LOOKUP_KEY, ORDER_BY, GENERATOR, REFER_TABLE, KEY_COLUMN, LOOKUP_COLUMN, MANDATORY, MIN_LENGTH, MAX_LENGTH, MIN_VALUE, MAX_VALUE, CONSTANT_VALUE, UNIQUE_KEY, CREATE_USER, CREATED_ON, LINE_NO, MANAGED, FIELD_PATH, DATA_TYPE, DATA1, DATA2, TRANSITIVE_FIELDS, FORMULA, ENTITY_LOOKUP_TYPE)
VALUES ('a3f4555209674d039f3244a3ccd9437d', 0, '9e3b5932bc3d4313a7e553eae8affbdf', 'invoiceQty', 'INVOICE_QTY', 'NUMBER(20, 0)', 'INVOICE_QTY', 1, 'integer', '', '', '', '', '', '', '', 0, NULL, 18, NULL, NULL, '', '', 'system', systimestamp, '16', 0, 'entity.vendorInvoiceShipItems.invoiceQty', '', '', '', '', '', '');
INSERT INTO CNT_FIELD_DEFINITION
 (ID, REVISION, PARENT_ID, FIELD_ID, COLUMN_NAME, COLUMN_TYPE, REPORT_COLUMN_NAME, PRODUCT_FIELD, FIELD_TYPE, ENTITY_LOOKUP, ENTITY_LOOKUP_KEY, ORDER_BY, GENERATOR, REFER_TABLE, KEY_COLUMN, LOOKUP_COLUMN, MANDATORY, MIN_LENGTH, MAX_LENGTH, MIN_VALUE, MAX_VALUE, CONSTANT_VALUE, UNIQUE_KEY, CREATE_USER, CREATED_ON, LINE_NO, MANAGED, FIELD_PATH, DATA_TYPE, DATA1, DATA2, TRANSITIVE_FIELDS, FORMULA, ENTITY_LOOKUP_TYPE)
VALUES ('415d74e0b10c44e8a468f105b0a7b9a6', 0, '9e3b5932bc3d4313a7e553eae8affbdf', 'price', 'PRICE', 'NUMBER(25, 5)', 'PRICE', 1, 'decimal-rate', '', '', '', '', '', '', '', 0, NULL, 20, NULL, NULL, '', '', 'system', systimestamp, '17', 0, 'entity.vendorInvoiceShipItems.price', '', '', '', '', '', '');
INSERT INTO CNT_FIELD_DEFINITION
 (ID, REVISION, PARENT_ID, FIELD_ID, COLUMN_NAME, COLUMN_TYPE, REPORT_COLUMN_NAME, PRODUCT_FIELD, FIELD_TYPE, ENTITY_LOOKUP, ENTITY_LOOKUP_KEY, ORDER_BY, GENERATOR, REFER_TABLE, KEY_COLUMN, LOOKUP_COLUMN, MANDATORY, MIN_LENGTH, MAX_LENGTH, MIN_VALUE, MAX_VALUE, CONSTANT_VALUE, UNIQUE_KEY, CREATE_USER, CREATED_ON, LINE_NO, MANAGED, FIELD_PATH, DATA_TYPE, DATA1, DATA2, TRANSITIVE_FIELDS, FORMULA, ENTITY_LOOKUP_TYPE)
VALUES ('69343e2dec9e41d3b88d3d60ab7be33a', 0, '9e3b5932bc3d4313a7e553eae8affbdf', 'totalAmount', 'TOTAL_AMOUNT', 'NUMBER(25, 5)', 'TOTAL_AMOUNT', 1, 'decimal-rate', '', '', '', '', '', '', '', 0, NULL, 20, NULL, NULL, '', '', 'system', systimestamp, '18', 0, 'entity.vendorInvoiceShipItems.totalAmount', '', '', '', '', '', '');
INSERT INTO CNT_FIELD_DEFINITION
 (ID, REVISION, PARENT_ID, FIELD_ID, COLUMN_NAME, COLUMN_TYPE, REPORT_COLUMN_NAME, PRODUCT_FIELD, FIELD_TYPE, ENTITY_LOOKUP, ENTITY_LOOKUP_KEY, ORDER_BY, GENERATOR, REFER_TABLE, KEY_COLUMN, LOOKUP_COLUMN, MANDATORY, MIN_LENGTH, MAX_LENGTH, MIN_VALUE, MAX_VALUE, CONSTANT_VALUE, UNIQUE_KEY, CREATE_USER, CREATED_ON, LINE_NO, MANAGED, FIELD_PATH, DATA_TYPE, DATA1, DATA2, TRANSITIVE_FIELDS, FORMULA, ENTITY_LOOKUP_TYPE)
VALUES ('a605487ccfad4a9aa1fe5d32a2bd5c8a', 0, '9e3b5932bc3d4313a7e553eae8affbdf', 'instructions', 'INSTRUCTIONS', 'NVARCHAR2(1000)', 'NOTES_INSTRUCTIONS', 1, 'string-l', '', '', '', '', '', '', '', 0, NULL, 1000, NULL, NULL, '', '', 'system', systimestamp, '19', 0, 'entity.vendorInvoiceShipItems.instructions', '', '', '', '', '', '');
INSERT INTO CNT_FIELD_DEFINITION
 (ID, REVISION, PARENT_ID, FIELD_ID, COLUMN_NAME, COLUMN_TYPE, REPORT_COLUMN_NAME, PRODUCT_FIELD, FIELD_TYPE, ENTITY_LOOKUP, ENTITY_LOOKUP_KEY, ORDER_BY, GENERATOR, REFER_TABLE, KEY_COLUMN, LOOKUP_COLUMN, MANDATORY, MIN_LENGTH, MAX_LENGTH, MIN_VALUE, MAX_VALUE, CONSTANT_VALUE, UNIQUE_KEY, CREATE_USER, CREATED_ON, LINE_NO, MANAGED, FIELD_PATH, DATA_TYPE, DATA1, DATA2, TRANSITIVE_FIELDS, FORMULA, ENTITY_LOOKUP_TYPE)
VALUES ('2be0ea38de0341aca38b0b7d21c6cc9f', 0, '9e3b5932bc3d4313a7e553eae8affbdf', 'shippedQty', 'SHIPPED_QTY', 'NUMBER(20, 0)', 'SHIPPED_QTY', 1, 'integer', '', '', '', '', '', '', '', 0, NULL, 18, NULL, NULL, '', '', 'system', systimestamp, '20', 0, 'entity.vendorInvoiceShipItems.shippedQty', '', '', '', '', '', '');
INSERT INTO CNT_FIELD_DEFINITION
 (ID, REVISION, PARENT_ID, FIELD_ID, COLUMN_NAME, COLUMN_TYPE, REPORT_COLUMN_NAME, PRODUCT_FIELD, FIELD_TYPE, ENTITY_LOOKUP, ENTITY_LOOKUP_KEY, ORDER_BY, GENERATOR, REFER_TABLE, KEY_COLUMN, LOOKUP_COLUMN, MANDATORY, MIN_LENGTH, MAX_LENGTH, MIN_VALUE, MAX_VALUE, CONSTANT_VALUE, UNIQUE_KEY, CREATE_USER, CREATED_ON, LINE_NO, MANAGED, FIELD_PATH, DATA_TYPE, DATA1, DATA2, TRANSITIVE_FIELDS, FORMULA, ENTITY_LOOKUP_TYPE)
VALUES ('bf25f2579c2042b3b28f7a407c910926', 0, '9e3b5932bc3d4313a7e553eae8affbdf', 'shippedCartonTotalNo', 'SHIPPED_CARTON_TOTAL_NO', 'NUMBER(20, 0)', 'TOTAL_SHIPPED_CARTONS_QTY', 1, 'integer', '', '', '', '', '', '', '', 0, NULL, 18, NULL, NULL, '', '', 'system', systimestamp, '21', 0, 'entity.vendorInvoiceShipItems.shippedCartonTotalNo', '', '', '', '', '', '');
INSERT INTO CNT_FIELD_DEFINITION
 (ID, REVISION, PARENT_ID, FIELD_ID, COLUMN_NAME, COLUMN_TYPE, REPORT_COLUMN_NAME, PRODUCT_FIELD, FIELD_TYPE, ENTITY_LOOKUP, ENTITY_LOOKUP_KEY, ORDER_BY, GENERATOR, REFER_TABLE, KEY_COLUMN, LOOKUP_COLUMN, MANDATORY, MIN_LENGTH, MAX_LENGTH, MIN_VALUE, MAX_VALUE, CONSTANT_VALUE, UNIQUE_KEY, CREATE_USER, CREATED_ON, LINE_NO, MANAGED, FIELD_PATH, DATA_TYPE, DATA1, DATA2, TRANSITIVE_FIELDS, FORMULA, ENTITY_LOOKUP_TYPE)
VALUES ('d13122e317854ef0a61903ef5f423bae', 0, '9e3b5932bc3d4313a7e553eae8affbdf', 'dimensionUOM', 'DIMENSION_UOM', 'NVARCHAR2(400)', 'DIMENSION_UOM', 1, 'string-m', '', '', '', '', '', '', '', 0, NULL, 400, NULL, NULL, '', '', 'system', systimestamp, '22', 0, 'entity.vendorInvoiceShipItems.dimensionUOM', 'codelist', 'DIMENSION_UOM', '', '', '', '');
INSERT INTO CNT_FIELD_DEFINITION
 (ID, REVISION, PARENT_ID, FIELD_ID, COLUMN_NAME, COLUMN_TYPE, REPORT_COLUMN_NAME, PRODUCT_FIELD, FIELD_TYPE, ENTITY_LOOKUP, ENTITY_LOOKUP_KEY, ORDER_BY, GENERATOR, REFER_TABLE, KEY_COLUMN, LOOKUP_COLUMN, MANDATORY, MIN_LENGTH, MAX_LENGTH, MIN_VALUE, MAX_VALUE, CONSTANT_VALUE, UNIQUE_KEY, CREATE_USER, CREATED_ON, LINE_NO, MANAGED, FIELD_PATH, DATA_TYPE, DATA1, DATA2, TRANSITIVE_FIELDS, FORMULA, ENTITY_LOOKUP_TYPE)
VALUES ('99d69277f9d74f8d84b823ae0bde9d1e', 0, '9e3b5932bc3d4313a7e553eae8affbdf', 'shippedCartonL', 'SHIPPED_CARTON_L', 'NUMBER(25, 5)', 'CARTON_LENGTH', 1, 'decimal-dimension', '', '', '', '', '', '', '', 0, NULL, 20, NULL, NULL, '', '', 'system', systimestamp, '23', 0, 'entity.vendorInvoiceShipItems.shippedCartonL', '', '', '', '', '', '');
INSERT INTO CNT_FIELD_DEFINITION
 (ID, REVISION, PARENT_ID, FIELD_ID, COLUMN_NAME, COLUMN_TYPE, REPORT_COLUMN_NAME, PRODUCT_FIELD, FIELD_TYPE, ENTITY_LOOKUP, ENTITY_LOOKUP_KEY, ORDER_BY, GENERATOR, REFER_TABLE, KEY_COLUMN, LOOKUP_COLUMN, MANDATORY, MIN_LENGTH, MAX_LENGTH, MIN_VALUE, MAX_VALUE, CONSTANT_VALUE, UNIQUE_KEY, CREATE_USER, CREATED_ON, LINE_NO, MANAGED, FIELD_PATH, DATA_TYPE, DATA1, DATA2, TRANSITIVE_FIELDS, FORMULA, ENTITY_LOOKUP_TYPE)
VALUES ('051fcb312eaf44e5ac71ba6d4b6afcce', 0, '9e3b5932bc3d4313a7e553eae8affbdf', 'shippedCartonW', 'SHIPPED_CARTON_W', 'NUMBER(25, 5)', 'CARTON_WIDTH', 1, 'decimal-dimension', '', '', '', '', '', '', '', 0, NULL, 20, NULL, NULL, '', '', 'system', systimestamp, '24', 0, 'entity.vendorInvoiceShipItems.shippedCartonW', '', '', '', '', '', '');
INSERT INTO CNT_FIELD_DEFINITION
 (ID, REVISION, PARENT_ID, FIELD_ID, COLUMN_NAME, COLUMN_TYPE, REPORT_COLUMN_NAME, PRODUCT_FIELD, FIELD_TYPE, ENTITY_LOOKUP, ENTITY_LOOKUP_KEY, ORDER_BY, GENERATOR, REFER_TABLE, KEY_COLUMN, LOOKUP_COLUMN, MANDATORY, MIN_LENGTH, MAX_LENGTH, MIN_VALUE, MAX_VALUE, CONSTANT_VALUE, UNIQUE_KEY, CREATE_USER, CREATED_ON, LINE_NO, MANAGED, FIELD_PATH, DATA_TYPE, DATA1, DATA2, TRANSITIVE_FIELDS, FORMULA, ENTITY_LOOKUP_TYPE)
VALUES ('6d93c4c2158e4755acaa836c1dd1f351', 0, '9e3b5932bc3d4313a7e553eae8affbdf', 'shippedCartonH', 'SHIPPED_CARTON_H', 'NUMBER(25, 5)', 'CARTON_HEIGHT', 1, 'decimal-dimension', '', '', '', '', '', '', '', 0, NULL, 20, NULL, NULL, '', '', 'system', systimestamp, '25', 0, 'entity.vendorInvoiceShipItems.shippedCartonH', '', '', '', '', '', '');
INSERT INTO CNT_FIELD_DEFINITION
 (ID, REVISION, PARENT_ID, FIELD_ID, COLUMN_NAME, COLUMN_TYPE, REPORT_COLUMN_NAME, PRODUCT_FIELD, FIELD_TYPE, ENTITY_LOOKUP, ENTITY_LOOKUP_KEY, ORDER_BY, GENERATOR, REFER_TABLE, KEY_COLUMN, LOOKUP_COLUMN, MANDATORY, MIN_LENGTH, MAX_LENGTH, MIN_VALUE, MAX_VALUE, CONSTANT_VALUE, UNIQUE_KEY, CREATE_USER, CREATED_ON, LINE_NO, MANAGED, FIELD_PATH, DATA_TYPE, DATA1, DATA2, TRANSITIVE_FIELDS, FORMULA, ENTITY_LOOKUP_TYPE)
VALUES ('035e85d6a7aa471eacf24252af763488', 0, '9e3b5932bc3d4313a7e553eae8affbdf', 'cbm', 'CBM', 'NUMBER(25, 5)', 'CARTON_CBM', 1, 'decimal-cbm', '', '', '', '', '', '', '', 0, NULL, 20, NULL, NULL, '', '', 'system', systimestamp, '26', 0, 'entity.vendorInvoiceShipItems.cbm', '', '', '', '', '', '');
INSERT INTO CNT_FIELD_DEFINITION
 (ID, REVISION, PARENT_ID, FIELD_ID, COLUMN_NAME, COLUMN_TYPE, REPORT_COLUMN_NAME, PRODUCT_FIELD, FIELD_TYPE, ENTITY_LOOKUP, ENTITY_LOOKUP_KEY, ORDER_BY, GENERATOR, REFER_TABLE, KEY_COLUMN, LOOKUP_COLUMN, MANDATORY, MIN_LENGTH, MAX_LENGTH, MIN_VALUE, MAX_VALUE, CONSTANT_VALUE, UNIQUE_KEY, CREATE_USER, CREATED_ON, LINE_NO, MANAGED, FIELD_PATH, DATA_TYPE, DATA1, DATA2, TRANSITIVE_FIELDS, FORMULA, ENTITY_LOOKUP_TYPE)
VALUES ('7f0775c3a7cc44fcaf3d996eea9633d5', 0, '9e3b5932bc3d4313a7e553eae8affbdf', 'cft', 'CFT', 'NUMBER(25, 5)', 'CARTON_CFT', 1, 'decimal-cbm', '', '', '', '', '', '', '', 0, NULL, 20, NULL, NULL, '', '', 'system', systimestamp, '27', 0, 'entity.vendorInvoiceShipItems.cft', '', '', '', '', '', '');
INSERT INTO CNT_FIELD_DEFINITION
 (ID, REVISION, PARENT_ID, FIELD_ID, COLUMN_NAME, COLUMN_TYPE, REPORT_COLUMN_NAME, PRODUCT_FIELD, FIELD_TYPE, ENTITY_LOOKUP, ENTITY_LOOKUP_KEY, ORDER_BY, GENERATOR, REFER_TABLE, KEY_COLUMN, LOOKUP_COLUMN, MANDATORY, MIN_LENGTH, MAX_LENGTH, MIN_VALUE, MAX_VALUE, CONSTANT_VALUE, UNIQUE_KEY, CREATE_USER, CREATED_ON, LINE_NO, MANAGED, FIELD_PATH, DATA_TYPE, DATA1, DATA2, TRANSITIVE_FIELDS, FORMULA, ENTITY_LOOKUP_TYPE)
VALUES ('21ed124376a84b2d981091faec38131a', 0, '9e3b5932bc3d4313a7e553eae8affbdf', 'weightUOM', 'WEIGHT_UOM', 'NVARCHAR2(400)', 'WEIGHT_UOM', 1, 'string-m', '', '', '', '', '', '', '', 0, NULL, 400, NULL, NULL, '', '', 'system', systimestamp, '28', 0, 'entity.vendorInvoiceShipItems.weightUOM', 'codelist', 'WEIGHT_UOM', '', '', '', '');
INSERT INTO CNT_FIELD_DEFINITION
 (ID, REVISION, PARENT_ID, FIELD_ID, COLUMN_NAME, COLUMN_TYPE, REPORT_COLUMN_NAME, PRODUCT_FIELD, FIELD_TYPE, ENTITY_LOOKUP, ENTITY_LOOKUP_KEY, ORDER_BY, GENERATOR, REFER_TABLE, KEY_COLUMN, LOOKUP_COLUMN, MANDATORY, MIN_LENGTH, MAX_LENGTH, MIN_VALUE, MAX_VALUE, CONSTANT_VALUE, UNIQUE_KEY, CREATE_USER, CREATED_ON, LINE_NO, MANAGED, FIELD_PATH, DATA_TYPE, DATA1, DATA2, TRANSITIVE_FIELDS, FORMULA, ENTITY_LOOKUP_TYPE)
VALUES ('5a21a0932cd7421eb2e2286c9571e8d9', 0, '9e3b5932bc3d4313a7e553eae8affbdf', 'grossWeight', 'GROSS_WEIGHT', 'NUMBER(25, 5)', 'GROSS_WEIGHT', 1, 'decimal-weight', '', '', '', '', '', '', '', 0, NULL, 20, NULL, NULL, '', '', 'system', systimestamp, '29', 0, 'entity.vendorInvoiceShipItems.grossWeight', '', '', '', '', '', '');
INSERT INTO CNT_FIELD_DEFINITION
 (ID, REVISION, PARENT_ID, FIELD_ID, COLUMN_NAME, COLUMN_TYPE, REPORT_COLUMN_NAME, PRODUCT_FIELD, FIELD_TYPE, ENTITY_LOOKUP, ENTITY_LOOKUP_KEY, ORDER_BY, GENERATOR, REFER_TABLE, KEY_COLUMN, LOOKUP_COLUMN, MANDATORY, MIN_LENGTH, MAX_LENGTH, MIN_VALUE, MAX_VALUE, CONSTANT_VALUE, UNIQUE_KEY, CREATE_USER, CREATED_ON, LINE_NO, MANAGED, FIELD_PATH, DATA_TYPE, DATA1, DATA2, TRANSITIVE_FIELDS, FORMULA, ENTITY_LOOKUP_TYPE)
VALUES ('f54fdde73efa470b838150029c293318', 0, '9e3b5932bc3d4313a7e553eae8affbdf', 'netWeight', 'NET_WEIGHT', 'NUMBER(25, 5)', 'NET_WEIGHT', 1, 'decimal-weight', '', '', '', '', '', '', '', 0, NULL, 20, NULL, NULL, '', '', 'system', systimestamp, '30', 0, 'entity.vendorInvoiceShipItems.netWeight', '', '', '', '', '', '');
INSERT INTO CNT_FIELD_DEFINITION
 (ID, REVISION, PARENT_ID, FIELD_ID, COLUMN_NAME, COLUMN_TYPE, REPORT_COLUMN_NAME, PRODUCT_FIELD, FIELD_TYPE, ENTITY_LOOKUP, ENTITY_LOOKUP_KEY, ORDER_BY, GENERATOR, REFER_TABLE, KEY_COLUMN, LOOKUP_COLUMN, MANDATORY, MIN_LENGTH, MAX_LENGTH, MIN_VALUE, MAX_VALUE, CONSTANT_VALUE, UNIQUE_KEY, CREATE_USER, CREATED_ON, LINE_NO, MANAGED, FIELD_PATH, DATA_TYPE, DATA1, DATA2, TRANSITIVE_FIELDS, FORMULA, ENTITY_LOOKUP_TYPE)
VALUES ('b1f0230d3eb44816b3aa3155c353319d', 0, '9e3b5932bc3d4313a7e553eae8affbdf', 'forwarder', 'FORWARDER_ID', 'CHAR(32)', 'FORWARDER_SYS_ID', 1, 'entity', 'Forwarder', 'id', '', '', '', '', '', 0, 32, 32, NULL, NULL, '', '', 'system', systimestamp, '31', 0, 'entity.vendorInvoiceShipItems.forwarder', '', '', '', '', '', 'Snapshot');
INSERT INTO CNT_FIELD_DEFINITION
 (ID, REVISION, PARENT_ID, FIELD_ID, COLUMN_NAME, COLUMN_TYPE, REPORT_COLUMN_NAME, PRODUCT_FIELD, FIELD_TYPE, ENTITY_LOOKUP, ENTITY_LOOKUP_KEY, ORDER_BY, GENERATOR, REFER_TABLE, KEY_COLUMN, LOOKUP_COLUMN, MANDATORY, MIN_LENGTH, MAX_LENGTH, MIN_VALUE, MAX_VALUE, CONSTANT_VALUE, UNIQUE_KEY, CREATE_USER, CREATED_ON, LINE_NO, MANAGED, FIELD_PATH, DATA_TYPE, DATA1, DATA2, TRANSITIVE_FIELDS, FORMULA, ENTITY_LOOKUP_TYPE)
VALUES ('3bad65012c62426fb765c5e6342f25f8', 0, '9e3b5932bc3d4313a7e553eae8affbdf', 'originalForwarder', 'ORIGINAL_FORWARDER_ID', 'CHAR(32)', 'ORIGINAL_FORWARDER_SYS_ID', 1, 'entity', 'Forwarder', 'id', '', '', '', '', '', 0, 32, 32, NULL, NULL, '', '', 'system', systimestamp, '32', 0, 'entity.vendorInvoiceShipItems.originalForwarder', '', '', '', '', '', '');
INSERT INTO CNT_FIELD_DEFINITION
 (ID, REVISION, PARENT_ID, FIELD_ID, COLUMN_NAME, COLUMN_TYPE, REPORT_COLUMN_NAME, PRODUCT_FIELD, FIELD_TYPE, ENTITY_LOOKUP, ENTITY_LOOKUP_KEY, ORDER_BY, GENERATOR, REFER_TABLE, KEY_COLUMN, LOOKUP_COLUMN, MANDATORY, MIN_LENGTH, MAX_LENGTH, MIN_VALUE, MAX_VALUE, CONSTANT_VALUE, UNIQUE_KEY, CREATE_USER, CREATED_ON, LINE_NO, MANAGED, FIELD_PATH, DATA_TYPE, DATA1, DATA2, TRANSITIVE_FIELDS, FORMULA, ENTITY_LOOKUP_TYPE)
VALUES ('6deb120e496b45b3937236f262874c8c', 0, '9e3b5932bc3d4313a7e553eae8affbdf', 'vesselFlightNo', 'VESSEL_FLIGHT_NO', 'NVARCHAR2(400)', 'VESSEL_OR_FLIGHT_NO', 1, 'string-m', '', '', '', '', '', '', '', 0, NULL, 400, NULL, NULL, '', '', 'system', systimestamp, '33', 0, 'entity.vendorInvoiceShipItems.vesselFlightNo', '', '', '', '', '', '');
INSERT INTO CNT_FIELD_DEFINITION
 (ID, REVISION, PARENT_ID, FIELD_ID, COLUMN_NAME, COLUMN_TYPE, REPORT_COLUMN_NAME, PRODUCT_FIELD, FIELD_TYPE, ENTITY_LOOKUP, ENTITY_LOOKUP_KEY, ORDER_BY, GENERATOR, REFER_TABLE, KEY_COLUMN, LOOKUP_COLUMN, MANDATORY, MIN_LENGTH, MAX_LENGTH, MIN_VALUE, MAX_VALUE, CONSTANT_VALUE, UNIQUE_KEY, CREATE_USER, CREATED_ON, LINE_NO, MANAGED, FIELD_PATH, DATA_TYPE, DATA1, DATA2, TRANSITIVE_FIELDS, FORMULA, ENTITY_LOOKUP_TYPE)
VALUES ('7352c3dbe7f7474fb44df7966cf094a3', 0, '9e3b5932bc3d4313a7e553eae8affbdf', 'voyage', 'VOYAGE', 'NVARCHAR2(400)', 'VOYAGE_OR_MAWB', 1, 'string-m', '', '', '', '', '', '', '', 0, NULL, 400, NULL, NULL, '', '', 'system', systimestamp, '34', 0, 'entity.vendorInvoiceShipItems.voyage', '', '', '', '', '', '');
INSERT INTO CNT_FIELD_DEFINITION
 (ID, REVISION, PARENT_ID, FIELD_ID, COLUMN_NAME, COLUMN_TYPE, REPORT_COLUMN_NAME, PRODUCT_FIELD, FIELD_TYPE, ENTITY_LOOKUP, ENTITY_LOOKUP_KEY, ORDER_BY, GENERATOR, REFER_TABLE, KEY_COLUMN, LOOKUP_COLUMN, MANDATORY, MIN_LENGTH, MAX_LENGTH, MIN_VALUE, MAX_VALUE, CONSTANT_VALUE, UNIQUE_KEY, CREATE_USER, CREATED_ON, LINE_NO, MANAGED, FIELD_PATH, DATA_TYPE, DATA1, DATA2, TRANSITIVE_FIELDS, FORMULA, ENTITY_LOOKUP_TYPE)
VALUES ('c04a20c4dc8e4c8daa48e258111578c3', 0, '9e3b5932bc3d4313a7e553eae8affbdf', 'containerNo', 'CONTAINER_NO', 'NVARCHAR2(400)', 'CONTAINER_NO', 1, 'string-m', '', '', '', '', '', '', '', 0, NULL, 400, NULL, NULL, '', '', 'system', systimestamp, '35', 0, 'entity.vendorInvoiceShipItems.containerNo', '', '', '', '', '', '');
INSERT INTO CNT_FIELD_DEFINITION
 (ID, REVISION, PARENT_ID, FIELD_ID, COLUMN_NAME, COLUMN_TYPE, REPORT_COLUMN_NAME, PRODUCT_FIELD, FIELD_TYPE, ENTITY_LOOKUP, ENTITY_LOOKUP_KEY, ORDER_BY, GENERATOR, REFER_TABLE, KEY_COLUMN, LOOKUP_COLUMN, MANDATORY, MIN_LENGTH, MAX_LENGTH, MIN_VALUE, MAX_VALUE, CONSTANT_VALUE, UNIQUE_KEY, CREATE_USER, CREATED_ON, LINE_NO, MANAGED, FIELD_PATH, DATA_TYPE, DATA1, DATA2, TRANSITIVE_FIELDS, FORMULA, ENTITY_LOOKUP_TYPE)
VALUES ('813507e02ed9484181fb8b5ddae5e812', 0, '9e3b5932bc3d4313a7e553eae8affbdf', 'portOfLoading', 'PORT_OF_LOADING', 'NVARCHAR2(400)', 'PORT_OF_LOADING', 1, 'string-m', '', '', '', '', '', '', '', 0, NULL, 400, NULL, NULL, '', '', 'system', systimestamp, '36', 0, 'entity.vendorInvoiceShipItems.portOfLoading', 'codelist', 'PORT', '', '', '', '');
INSERT INTO CNT_FIELD_DEFINITION
 (ID, REVISION, PARENT_ID, FIELD_ID, COLUMN_NAME, COLUMN_TYPE, REPORT_COLUMN_NAME, PRODUCT_FIELD, FIELD_TYPE, ENTITY_LOOKUP, ENTITY_LOOKUP_KEY, ORDER_BY, GENERATOR, REFER_TABLE, KEY_COLUMN, LOOKUP_COLUMN, MANDATORY, MIN_LENGTH, MAX_LENGTH, MIN_VALUE, MAX_VALUE, CONSTANT_VALUE, UNIQUE_KEY, CREATE_USER, CREATED_ON, LINE_NO, MANAGED, FIELD_PATH, DATA_TYPE, DATA1, DATA2, TRANSITIVE_FIELDS, FORMULA, ENTITY_LOOKUP_TYPE)
VALUES ('43d03a41a9264b6cab1e04ea51a1d783', 0, '9e3b5932bc3d4313a7e553eae8affbdf', 'bookingDate', 'BOOKING_DATE', 'DATE', 'BOOKING_DATE', 1, 'date', '', '', '', '', '', '', '', 0, NULL, NULL, NULL, NULL, '', '', 'system', systimestamp, '37', 0, 'entity.vendorInvoiceShipItems.bookingDate', '', '', '', '', '', '');
INSERT INTO CNT_FIELD_DEFINITION
 (ID, REVISION, PARENT_ID, FIELD_ID, COLUMN_NAME, COLUMN_TYPE, REPORT_COLUMN_NAME, PRODUCT_FIELD, FIELD_TYPE, ENTITY_LOOKUP, ENTITY_LOOKUP_KEY, ORDER_BY, GENERATOR, REFER_TABLE, KEY_COLUMN, LOOKUP_COLUMN, MANDATORY, MIN_LENGTH, MAX_LENGTH, MIN_VALUE, MAX_VALUE, CONSTANT_VALUE, UNIQUE_KEY, CREATE_USER, CREATED_ON, LINE_NO, MANAGED, FIELD_PATH, DATA_TYPE, DATA1, DATA2, TRANSITIVE_FIELDS, FORMULA, ENTITY_LOOKUP_TYPE)
VALUES ('3bd345d328e54522b111f7a981fb344a', 0, '9e3b5932bc3d4313a7e553eae8affbdf', 'actualDeliveryDate', 'ACTUAL_DELIVERY_DATE', 'DATE', 'ACTUAL_DELIVERY_DATE', 1, 'date', '', '', '', '', '', '', '', 0, NULL, NULL, NULL, NULL, '', '', 'system', systimestamp, '38', 0, 'entity.vendorInvoiceShipItems.actualDeliveryDate', '', '', '', '', '', '');
INSERT INTO CNT_FIELD_DEFINITION
 (ID, REVISION, PARENT_ID, FIELD_ID, COLUMN_NAME, COLUMN_TYPE, REPORT_COLUMN_NAME, PRODUCT_FIELD, FIELD_TYPE, ENTITY_LOOKUP, ENTITY_LOOKUP_KEY, ORDER_BY, GENERATOR, REFER_TABLE, KEY_COLUMN, LOOKUP_COLUMN, MANDATORY, MIN_LENGTH, MAX_LENGTH, MIN_VALUE, MAX_VALUE, CONSTANT_VALUE, UNIQUE_KEY, CREATE_USER, CREATED_ON, LINE_NO, MANAGED, FIELD_PATH, DATA_TYPE, DATA1, DATA2, TRANSITIVE_FIELDS, FORMULA, ENTITY_LOOKUP_TYPE)
VALUES ('38ab1b6999a14faaab568ebfce72b087', 0, '9e3b5932bc3d4313a7e553eae8affbdf', 'actualArrivalDate', 'ACTUAL_ARRIVAL_DATE', 'DATE', 'ACTUAL_ARRIVAL_DATE', 1, 'date', '', '', '', '', '', '', '', 0, NULL, NULL, NULL, NULL, '', '', 'system', systimestamp, '39', 0, 'entity.vendorInvoiceShipItems.actualArrivalDate', '', '', '', '', '', '');
INSERT INTO CNT_FIELD_DEFINITION
 (ID, REVISION, PARENT_ID, FIELD_ID, COLUMN_NAME, COLUMN_TYPE, REPORT_COLUMN_NAME, PRODUCT_FIELD, FIELD_TYPE, ENTITY_LOOKUP, ENTITY_LOOKUP_KEY, ORDER_BY, GENERATOR, REFER_TABLE, KEY_COLUMN, LOOKUP_COLUMN, MANDATORY, MIN_LENGTH, MAX_LENGTH, MIN_VALUE, MAX_VALUE, CONSTANT_VALUE, UNIQUE_KEY, CREATE_USER, CREATED_ON, LINE_NO, MANAGED, FIELD_PATH, DATA_TYPE, DATA1, DATA2, TRANSITIVE_FIELDS, FORMULA, ENTITY_LOOKUP_TYPE)
VALUES ('a5d5e54e25854e95a559e52a4b834708', 0, '9e3b5932bc3d4313a7e553eae8affbdf', 'dispatchDate', 'DISPATCH_DATE', 'DATE', 'DISPATCH_DATE', 1, 'date', '', '', '', '', '', '', '', 0, NULL, NULL, NULL, NULL, '', '', 'system', systimestamp, '40', 0, 'entity.vendorInvoiceShipItems.dispatchDate', '', '', '', '', '', '');
INSERT INTO CNT_FIELD_DEFINITION
 (ID, REVISION, PARENT_ID, FIELD_ID, COLUMN_NAME, COLUMN_TYPE, REPORT_COLUMN_NAME, PRODUCT_FIELD, FIELD_TYPE, ENTITY_LOOKUP, ENTITY_LOOKUP_KEY, ORDER_BY, GENERATOR, REFER_TABLE, KEY_COLUMN, LOOKUP_COLUMN, MANDATORY, MIN_LENGTH, MAX_LENGTH, MIN_VALUE, MAX_VALUE, CONSTANT_VALUE, UNIQUE_KEY, CREATE_USER, CREATED_ON, LINE_NO, MANAGED, FIELD_PATH, DATA_TYPE, DATA1, DATA2, TRANSITIVE_FIELDS, FORMULA, ENTITY_LOOKUP_TYPE)
VALUES ('2eaa5d5e17bf4fa3adf89c38b1341278', 0, '9e3b5932bc3d4313a7e553eae8affbdf', 'inDCDate', 'IN_DC_DATE', 'DATE', 'IN_DC_DATE', 1, 'date', '', '', '', '', '', '', '', 0, NULL, NULL, NULL, NULL, '', '', 'system', systimestamp, '41', 0, 'entity.vendorInvoiceShipItems.inDCDate', '', '', '', '', '', '');
INSERT INTO CNT_FIELD_DEFINITION
 (ID, REVISION, PARENT_ID, FIELD_ID, COLUMN_NAME, COLUMN_TYPE, REPORT_COLUMN_NAME, PRODUCT_FIELD, FIELD_TYPE, ENTITY_LOOKUP, ENTITY_LOOKUP_KEY, ORDER_BY, GENERATOR, REFER_TABLE, KEY_COLUMN, LOOKUP_COLUMN, MANDATORY, MIN_LENGTH, MAX_LENGTH, MIN_VALUE, MAX_VALUE, CONSTANT_VALUE, UNIQUE_KEY, CREATE_USER, CREATED_ON, LINE_NO, MANAGED, FIELD_PATH, DATA_TYPE, DATA1, DATA2, TRANSITIVE_FIELDS, FORMULA, ENTITY_LOOKUP_TYPE)
VALUES ('86c8fa76f08e4fdca2e32207d5af2ccd', 0, '9e3b5932bc3d4313a7e553eae8affbdf', 'viShipmentItemSizes', 'VI_SHIPMENT_ITEM_SIZES', '', '', 1, 'collection', 'VIShipmentItemSize', 'viShipmentItemId', '', '', '', '', '', 0, NULL, NULL, NULL, NULL, '', '', 'system', systimestamp, '42', 0, 'entity.vendorInvoiceShipItems.viShipmentItemSizes', '', '', '', '', '', '');
INSERT INTO CNT_FIELD_DEFINITION
 (ID, REVISION, PARENT_ID, FIELD_ID, COLUMN_NAME, COLUMN_TYPE, REPORT_COLUMN_NAME, PRODUCT_FIELD, FIELD_TYPE, ENTITY_LOOKUP, ENTITY_LOOKUP_KEY, ORDER_BY, GENERATOR, REFER_TABLE, KEY_COLUMN, LOOKUP_COLUMN, MANDATORY, MIN_LENGTH, MAX_LENGTH, MIN_VALUE, MAX_VALUE, CONSTANT_VALUE, UNIQUE_KEY, CREATE_USER, CREATED_ON, LINE_NO, MANAGED, FIELD_PATH, DATA_TYPE, DATA1, DATA2, TRANSITIVE_FIELDS, FORMULA, ENTITY_LOOKUP_TYPE)
VALUES ('aef36fc706aa40778335a148d52c5d77', 0, '9e3b5932bc3d4313a7e553eae8affbdf', 'viShipmentItemColors', 'VI_SHIPMENT_ITEM_COLORS', '', '', 1, 'collection', 'VIShipmentItemColor', 'viShipmentItemId', '', '', '', '', '', 0, NULL, NULL, NULL, NULL, '', '', 'system', systimestamp, '43', 0, 'entity.vendorInvoiceShipItems.viShipmentItemColors', '', '', '', '', '', '');
INSERT INTO CNT_FIELD_DEFINITION
 (ID, REVISION, PARENT_ID, FIELD_ID, COLUMN_NAME, COLUMN_TYPE, REPORT_COLUMN_NAME, PRODUCT_FIELD, FIELD_TYPE, ENTITY_LOOKUP, ENTITY_LOOKUP_KEY, ORDER_BY, GENERATOR, REFER_TABLE, KEY_COLUMN, LOOKUP_COLUMN, MANDATORY, MIN_LENGTH, MAX_LENGTH, MIN_VALUE, MAX_VALUE, CONSTANT_VALUE, UNIQUE_KEY, CREATE_USER, CREATED_ON, LINE_NO, MANAGED, FIELD_PATH, DATA_TYPE, DATA1, DATA2, TRANSITIVE_FIELDS, FORMULA, ENTITY_LOOKUP_TYPE)
VALUES ('edd50057ae1645cbb50bc8d710cf4b38', 0, '9e3b5932bc3d4313a7e553eae8affbdf', 'viShipmentItemCs', 'VI_SHIPMENT_ITEM_CS', '', '', 1, 'collection', 'VIShipmentItemCs', 'viShipmentItemId', '', '', '', '', '', 0, NULL, NULL, NULL, NULL, '', '', 'system', systimestamp, '44', 0, 'entity.vendorInvoiceShipItems.viShipmentItemCs', '', '', '', '', '', '');
INSERT INTO CNT_FIELD_DEFINITION
 (ID, REVISION, PARENT_ID, FIELD_ID, COLUMN_NAME, COLUMN_TYPE, REPORT_COLUMN_NAME, PRODUCT_FIELD, FIELD_TYPE, ENTITY_LOOKUP, ENTITY_LOOKUP_KEY, ORDER_BY, GENERATOR, REFER_TABLE, KEY_COLUMN, LOOKUP_COLUMN, MANDATORY, MIN_LENGTH, MAX_LENGTH, MIN_VALUE, MAX_VALUE, CONSTANT_VALUE, UNIQUE_KEY, CREATE_USER, CREATED_ON, LINE_NO, MANAGED, FIELD_PATH, DATA_TYPE, DATA1, DATA2, TRANSITIVE_FIELDS, FORMULA, ENTITY_LOOKUP_TYPE)
VALUES ('0b11155171f34d7592e3e47ffa475bf2', 0, '9e3b5932bc3d4313a7e553eae8affbdf', 'refNo', 'REF_NO', 'NVARCHAR2(1000)', '', 1, 'string-l', '', '', '', '', '', '', '', 0, NULL, 1000, NULL, NULL, '', '', 'system', systimestamp, '45', 0, 'entity.vendorInvoiceShipItems.refNo', '', '', '', '', '', '');
INSERT INTO CNT_FIELD_DEFINITION
 (ID, REVISION, PARENT_ID, FIELD_ID, COLUMN_NAME, COLUMN_TYPE, REPORT_COLUMN_NAME, PRODUCT_FIELD, FIELD_TYPE, ENTITY_LOOKUP, ENTITY_LOOKUP_KEY, ORDER_BY, GENERATOR, REFER_TABLE, KEY_COLUMN, LOOKUP_COLUMN, MANDATORY, MIN_LENGTH, MAX_LENGTH, MIN_VALUE, MAX_VALUE, CONSTANT_VALUE, UNIQUE_KEY, CREATE_USER, CREATED_ON, LINE_NO, MANAGED, FIELD_PATH, DATA_TYPE, DATA1, DATA2, TRANSITIVE_FIELDS, FORMULA, ENTITY_LOOKUP_TYPE)
VALUES ('b7d9bcb2fb934e0a930cf4d9ce18b58e', 0, '9e3b5932bc3d4313a7e553eae8affbdf', 'custText1', 'CUST_TEXT1', 'NVARCHAR2(1000)', 'CUSTOM_FIELD_TEXT1', 0, 'string-l', '', '', '', '', '', '', '', 0, NULL, 1000, NULL, NULL, '', '', 'system', systimestamp, '46', 0, 'entity.vendorInvoiceShipItems.custText1', '', '', '', '', '', '');
INSERT INTO CNT_FIELD_DEFINITION
 (ID, REVISION, PARENT_ID, FIELD_ID, COLUMN_NAME, COLUMN_TYPE, REPORT_COLUMN_NAME, PRODUCT_FIELD, FIELD_TYPE, ENTITY_LOOKUP, ENTITY_LOOKUP_KEY, ORDER_BY, GENERATOR, REFER_TABLE, KEY_COLUMN, LOOKUP_COLUMN, MANDATORY, MIN_LENGTH, MAX_LENGTH, MIN_VALUE, MAX_VALUE, CONSTANT_VALUE, UNIQUE_KEY, CREATE_USER, CREATED_ON, LINE_NO, MANAGED, FIELD_PATH, DATA_TYPE, DATA1, DATA2, TRANSITIVE_FIELDS, FORMULA, ENTITY_LOOKUP_TYPE)
VALUES ('69004e3532c546ada0621627a0605348', 0, '9e3b5932bc3d4313a7e553eae8affbdf', 'custText2', 'CUST_TEXT2', 'NVARCHAR2(1000)', 'CUSTOM_FIELD_TEXT2', 0, 'string-l', '', '', '', '', '', '', '', 0, NULL, 1000, NULL, NULL, '', '', 'system', systimestamp, '47', 0, 'entity.vendorInvoiceShipItems.custText2', '', '', '', '', '', '');
INSERT INTO CNT_FIELD_DEFINITION
 (ID, REVISION, PARENT_ID, FIELD_ID, COLUMN_NAME, COLUMN_TYPE, REPORT_COLUMN_NAME, PRODUCT_FIELD, FIELD_TYPE, ENTITY_LOOKUP, ENTITY_LOOKUP_KEY, ORDER_BY, GENERATOR, REFER_TABLE, KEY_COLUMN, LOOKUP_COLUMN, MANDATORY, MIN_LENGTH, MAX_LENGTH, MIN_VALUE, MAX_VALUE, CONSTANT_VALUE, UNIQUE_KEY, CREATE_USER, CREATED_ON, LINE_NO, MANAGED, FIELD_PATH, DATA_TYPE, DATA1, DATA2, TRANSITIVE_FIELDS, FORMULA, ENTITY_LOOKUP_TYPE)
VALUES ('3dabe2366b0d4aa6ae0e239548c3176e', 0, '9e3b5932bc3d4313a7e553eae8affbdf', 'custText3', 'CUST_TEXT3', 'NVARCHAR2(1000)', 'CUSTOM_FIELD_TEXT3', 0, 'string-l', '', '', '', '', '', '', '', 0, NULL, 1000, NULL, NULL, '', '', 'system', systimestamp, '48', 0, 'entity.vendorInvoiceShipItems.custText3', '', '', '', '', '', '');
INSERT INTO CNT_FIELD_DEFINITION
 (ID, REVISION, PARENT_ID, FIELD_ID, COLUMN_NAME, COLUMN_TYPE, REPORT_COLUMN_NAME, PRODUCT_FIELD, FIELD_TYPE, ENTITY_LOOKUP, ENTITY_LOOKUP_KEY, ORDER_BY, GENERATOR, REFER_TABLE, KEY_COLUMN, LOOKUP_COLUMN, MANDATORY, MIN_LENGTH, MAX_LENGTH, MIN_VALUE, MAX_VALUE, CONSTANT_VALUE, UNIQUE_KEY, CREATE_USER, CREATED_ON, LINE_NO, MANAGED, FIELD_PATH, DATA_TYPE, DATA1, DATA2, TRANSITIVE_FIELDS, FORMULA, ENTITY_LOOKUP_TYPE)
VALUES ('c96df61616944df29fb77d2b03a81a98', 0, '9e3b5932bc3d4313a7e553eae8affbdf', 'custText4', 'CUST_TEXT4', 'NVARCHAR2(1000)', 'CUSTOM_FIELD_TEXT4', 0, 'string-l', '', '', '', '', '', '', '', 0, NULL, 1000, NULL, NULL, '', '', 'system', systimestamp, '49', 0, 'entity.vendorInvoiceShipItems.custText4', '', '', '', '', '', '');
INSERT INTO CNT_FIELD_DEFINITION
 (ID, REVISION, PARENT_ID, FIELD_ID, COLUMN_NAME, COLUMN_TYPE, REPORT_COLUMN_NAME, PRODUCT_FIELD, FIELD_TYPE, ENTITY_LOOKUP, ENTITY_LOOKUP_KEY, ORDER_BY, GENERATOR, REFER_TABLE, KEY_COLUMN, LOOKUP_COLUMN, MANDATORY, MIN_LENGTH, MAX_LENGTH, MIN_VALUE, MAX_VALUE, CONSTANT_VALUE, UNIQUE_KEY, CREATE_USER, CREATED_ON, LINE_NO, MANAGED, FIELD_PATH, DATA_TYPE, DATA1, DATA2, TRANSITIVE_FIELDS, FORMULA, ENTITY_LOOKUP_TYPE)
VALUES ('4ab43cac394c489a8910e9b7be80968f', 0, '9e3b5932bc3d4313a7e553eae8affbdf', 'custText5', 'CUST_TEXT5', 'NVARCHAR2(1000)', 'CUSTOM_FIELD_TEXT5', 0, 'string-l', '', '', '', '', '', '', '', 0, NULL, 1000, NULL, NULL, '', '', 'system', systimestamp, '50', 0, 'entity.vendorInvoiceShipItems.custText5', '', '', '', '', '', '');
INSERT INTO CNT_FIELD_DEFINITION
 (ID, REVISION, PARENT_ID, FIELD_ID, COLUMN_NAME, COLUMN_TYPE, REPORT_COLUMN_NAME, PRODUCT_FIELD, FIELD_TYPE, ENTITY_LOOKUP, ENTITY_LOOKUP_KEY, ORDER_BY, GENERATOR, REFER_TABLE, KEY_COLUMN, LOOKUP_COLUMN, MANDATORY, MIN_LENGTH, MAX_LENGTH, MIN_VALUE, MAX_VALUE, CONSTANT_VALUE, UNIQUE_KEY, CREATE_USER, CREATED_ON, LINE_NO, MANAGED, FIELD_PATH, DATA_TYPE, DATA1, DATA2, TRANSITIVE_FIELDS, FORMULA, ENTITY_LOOKUP_TYPE)
VALUES ('229b808aa8b943578c0085ad0b11e5ab', 0, '9e3b5932bc3d4313a7e553eae8affbdf', 'custText6', 'CUST_TEXT6', 'NVARCHAR2(1000)', 'CUSTOM_FIELD_TEXT6', 0, 'string-l', '', '', '', '', '', '', '', 0, NULL, 1000, NULL, NULL, '', '', 'system', systimestamp, '51', 0, 'entity.vendorInvoiceShipItems.custText6', '', '', '', '', '', '');
INSERT INTO CNT_FIELD_DEFINITION
 (ID, REVISION, PARENT_ID, FIELD_ID, COLUMN_NAME, COLUMN_TYPE, REPORT_COLUMN_NAME, PRODUCT_FIELD, FIELD_TYPE, ENTITY_LOOKUP, ENTITY_LOOKUP_KEY, ORDER_BY, GENERATOR, REFER_TABLE, KEY_COLUMN, LOOKUP_COLUMN, MANDATORY, MIN_LENGTH, MAX_LENGTH, MIN_VALUE, MAX_VALUE, CONSTANT_VALUE, UNIQUE_KEY, CREATE_USER, CREATED_ON, LINE_NO, MANAGED, FIELD_PATH, DATA_TYPE, DATA1, DATA2, TRANSITIVE_FIELDS, FORMULA, ENTITY_LOOKUP_TYPE)
VALUES ('dbb14bee51294fb49a3aa58070900c26', 0, '9e3b5932bc3d4313a7e553eae8affbdf', 'custText7', 'CUST_TEXT7', 'NVARCHAR2(1000)', 'CUSTOM_FIELD_TEXT7', 0, 'string-l', '', '', '', '', '', '', '', 0, NULL, 1000, NULL, NULL, '', '', 'system', systimestamp, '52', 0, 'entity.vendorInvoiceShipItems.custText7', '', '', '', '', '', '');
INSERT INTO CNT_FIELD_DEFINITION
 (ID, REVISION, PARENT_ID, FIELD_ID, COLUMN_NAME, COLUMN_TYPE, REPORT_COLUMN_NAME, PRODUCT_FIELD, FIELD_TYPE, ENTITY_LOOKUP, ENTITY_LOOKUP_KEY, ORDER_BY, GENERATOR, REFER_TABLE, KEY_COLUMN, LOOKUP_COLUMN, MANDATORY, MIN_LENGTH, MAX_LENGTH, MIN_VALUE, MAX_VALUE, CONSTANT_VALUE, UNIQUE_KEY, CREATE_USER, CREATED_ON, LINE_NO, MANAGED, FIELD_PATH, DATA_TYPE, DATA1, DATA2, TRANSITIVE_FIELDS, FORMULA, ENTITY_LOOKUP_TYPE)
VALUES ('3c53e5b7cfbc4f3abaacae0fa7ae6089', 0, '9e3b5932bc3d4313a7e553eae8affbdf', 'custDate1', 'CUST_DATE1', 'DATE', 'CUSTOM_FIELD_DATE1', 0, 'date', '', '', '', '', '', '', '', 0, NULL, NULL, NULL, NULL, '', '', 'system', systimestamp, '53', 0, 'entity.vendorInvoiceShipItems.custDate1', '', '', '', '', '', '');
INSERT INTO CNT_FIELD_DEFINITION
 (ID, REVISION, PARENT_ID, FIELD_ID, COLUMN_NAME, COLUMN_TYPE, REPORT_COLUMN_NAME, PRODUCT_FIELD, FIELD_TYPE, ENTITY_LOOKUP, ENTITY_LOOKUP_KEY, ORDER_BY, GENERATOR, REFER_TABLE, KEY_COLUMN, LOOKUP_COLUMN, MANDATORY, MIN_LENGTH, MAX_LENGTH, MIN_VALUE, MAX_VALUE, CONSTANT_VALUE, UNIQUE_KEY, CREATE_USER, CREATED_ON, LINE_NO, MANAGED, FIELD_PATH, DATA_TYPE, DATA1, DATA2, TRANSITIVE_FIELDS, FORMULA, ENTITY_LOOKUP_TYPE)
VALUES ('70ceaf4847b849bf8eaa9d5ee30fefd8', 0, '9e3b5932bc3d4313a7e553eae8affbdf', 'custDate2', 'CUST_DATE2', 'DATE', 'CUSTOM_FIELD_DATE2', 0, 'date', '', '', '', '', '', '', '', 0, NULL, NULL, NULL, NULL, '', '', 'system', systimestamp, '54', 0, 'entity.vendorInvoiceShipItems.custDate2', '', '', '', '', '', '');
INSERT INTO CNT_FIELD_DEFINITION
 (ID, REVISION, PARENT_ID, FIELD_ID, COLUMN_NAME, COLUMN_TYPE, REPORT_COLUMN_NAME, PRODUCT_FIELD, FIELD_TYPE, ENTITY_LOOKUP, ENTITY_LOOKUP_KEY, ORDER_BY, GENERATOR, REFER_TABLE, KEY_COLUMN, LOOKUP_COLUMN, MANDATORY, MIN_LENGTH, MAX_LENGTH, MIN_VALUE, MAX_VALUE, CONSTANT_VALUE, UNIQUE_KEY, CREATE_USER, CREATED_ON, LINE_NO, MANAGED, FIELD_PATH, DATA_TYPE, DATA1, DATA2, TRANSITIVE_FIELDS, FORMULA, ENTITY_LOOKUP_TYPE)
VALUES ('25e85d788c624e88b8610efa2bceffac', 0, '9e3b5932bc3d4313a7e553eae8affbdf', 'custDate3', 'CUST_DATE3', 'DATE', 'CUSTOM_FIELD_DATE3', 0, 'date', '', '', '', '', '', '', '', 0, NULL, NULL, NULL, NULL, '', '', 'system', systimestamp, '55', 0, 'entity.vendorInvoiceShipItems.custDate3', '', '', '', '', '', '');
INSERT INTO CNT_FIELD_DEFINITION
 (ID, REVISION, PARENT_ID, FIELD_ID, COLUMN_NAME, COLUMN_TYPE, REPORT_COLUMN_NAME, PRODUCT_FIELD, FIELD_TYPE, ENTITY_LOOKUP, ENTITY_LOOKUP_KEY, ORDER_BY, GENERATOR, REFER_TABLE, KEY_COLUMN, LOOKUP_COLUMN, MANDATORY, MIN_LENGTH, MAX_LENGTH, MIN_VALUE, MAX_VALUE, CONSTANT_VALUE, UNIQUE_KEY, CREATE_USER, CREATED_ON, LINE_NO, MANAGED, FIELD_PATH, DATA_TYPE, DATA1, DATA2, TRANSITIVE_FIELDS, FORMULA, ENTITY_LOOKUP_TYPE)
VALUES ('f21a84d5118a4e728b73629738c5fd51', 0, '9e3b5932bc3d4313a7e553eae8affbdf', 'custDate4', 'CUST_DATE4', 'DATE', 'CUSTOM_FIELD_DATE4', 0, 'date', '', '', '', '', '', '', '', 0, NULL, NULL, NULL, NULL, '', '', 'system', systimestamp, '56', 0, 'entity.vendorInvoiceShipItems.custDate4', '', '', '', '', '', '');
INSERT INTO CNT_FIELD_DEFINITION
 (ID, REVISION, PARENT_ID, FIELD_ID, COLUMN_NAME, COLUMN_TYPE, REPORT_COLUMN_NAME, PRODUCT_FIELD, FIELD_TYPE, ENTITY_LOOKUP, ENTITY_LOOKUP_KEY, ORDER_BY, GENERATOR, REFER_TABLE, KEY_COLUMN, LOOKUP_COLUMN, MANDATORY, MIN_LENGTH, MAX_LENGTH, MIN_VALUE, MAX_VALUE, CONSTANT_VALUE, UNIQUE_KEY, CREATE_USER, CREATED_ON, LINE_NO, MANAGED, FIELD_PATH, DATA_TYPE, DATA1, DATA2, TRANSITIVE_FIELDS, FORMULA, ENTITY_LOOKUP_TYPE)
VALUES ('65622ba5bdea4db69280848df1452c84', 0, '9e3b5932bc3d4313a7e553eae8affbdf', 'custDate5', 'CUST_DATE5', 'DATE', 'CUSTOM_FIELD_DATE5', 0, 'date', '', '', '', '', '', '', '', 0, NULL, NULL, NULL, NULL, '', '', 'system', systimestamp, '57', 0, 'entity.vendorInvoiceShipItems.custDate5', '', '', '', '', '', '');
INSERT INTO CNT_FIELD_DEFINITION
 (ID, REVISION, PARENT_ID, FIELD_ID, COLUMN_NAME, COLUMN_TYPE, REPORT_COLUMN_NAME, PRODUCT_FIELD, FIELD_TYPE, ENTITY_LOOKUP, ENTITY_LOOKUP_KEY, ORDER_BY, GENERATOR, REFER_TABLE, KEY_COLUMN, LOOKUP_COLUMN, MANDATORY, MIN_LENGTH, MAX_LENGTH, MIN_VALUE, MAX_VALUE, CONSTANT_VALUE, UNIQUE_KEY, CREATE_USER, CREATED_ON, LINE_NO, MANAGED, FIELD_PATH, DATA_TYPE, DATA1, DATA2, TRANSITIVE_FIELDS, FORMULA, ENTITY_LOOKUP_TYPE)
VALUES ('664f133678fe4fb5aadcb5e38ec53308', 0, '9e3b5932bc3d4313a7e553eae8affbdf', 'custDate6', 'CUST_DATE6', 'DATE', 'CUSTOM_FIELD_DATE6', 0, 'date', '', '', '', '', '', '', '', 0, NULL, NULL, NULL, NULL, '', '', 'system', systimestamp, '58', 0, 'entity.vendorInvoiceShipItems.custDate6', '', '', '', '', '', '');
INSERT INTO CNT_FIELD_DEFINITION
 (ID, REVISION, PARENT_ID, FIELD_ID, COLUMN_NAME, COLUMN_TYPE, REPORT_COLUMN_NAME, PRODUCT_FIELD, FIELD_TYPE, ENTITY_LOOKUP, ENTITY_LOOKUP_KEY, ORDER_BY, GENERATOR, REFER_TABLE, KEY_COLUMN, LOOKUP_COLUMN, MANDATORY, MIN_LENGTH, MAX_LENGTH, MIN_VALUE, MAX_VALUE, CONSTANT_VALUE, UNIQUE_KEY, CREATE_USER, CREATED_ON, LINE_NO, MANAGED, FIELD_PATH, DATA_TYPE, DATA1, DATA2, TRANSITIVE_FIELDS, FORMULA, ENTITY_LOOKUP_TYPE)
VALUES ('dc2cbf50b6c745678de1bd126d380a9b', 0, '9e3b5932bc3d4313a7e553eae8affbdf', 'custDate7', 'CUST_DATE7', 'DATE', 'CUSTOM_FIELD_DATE7', 0, 'date', '', '', '', '', '', '', '', 0, NULL, NULL, NULL, NULL, '', '', 'system', systimestamp, '59', 0, 'entity.vendorInvoiceShipItems.custDate7', '', '', '', '', '', '');
INSERT INTO CNT_FIELD_DEFINITION
 (ID, REVISION, PARENT_ID, FIELD_ID, COLUMN_NAME, COLUMN_TYPE, REPORT_COLUMN_NAME, PRODUCT_FIELD, FIELD_TYPE, ENTITY_LOOKUP, ENTITY_LOOKUP_KEY, ORDER_BY, GENERATOR, REFER_TABLE, KEY_COLUMN, LOOKUP_COLUMN, MANDATORY, MIN_LENGTH, MAX_LENGTH, MIN_VALUE, MAX_VALUE, CONSTANT_VALUE, UNIQUE_KEY, CREATE_USER, CREATED_ON, LINE_NO, MANAGED, FIELD_PATH, DATA_TYPE, DATA1, DATA2, TRANSITIVE_FIELDS, FORMULA, ENTITY_LOOKUP_TYPE)
VALUES ('3ed0b58b02634ac5a09d5ad99d626367', 0, '9e3b5932bc3d4313a7e553eae8affbdf', 'custNumber1', 'CUST_NUMBER1', 'NUMBER(20, 0)', 'CUSTOM_FIELD_NUMBER1', 0, 'integer', '', '', '', '', '', '', '', 0, NULL, 18, NULL, NULL, '', '', 'system', systimestamp, '60', 0, 'entity.vendorInvoiceShipItems.custNumber1', '', '', '', '', '', '');
INSERT INTO CNT_FIELD_DEFINITION
 (ID, REVISION, PARENT_ID, FIELD_ID, COLUMN_NAME, COLUMN_TYPE, REPORT_COLUMN_NAME, PRODUCT_FIELD, FIELD_TYPE, ENTITY_LOOKUP, ENTITY_LOOKUP_KEY, ORDER_BY, GENERATOR, REFER_TABLE, KEY_COLUMN, LOOKUP_COLUMN, MANDATORY, MIN_LENGTH, MAX_LENGTH, MIN_VALUE, MAX_VALUE, CONSTANT_VALUE, UNIQUE_KEY, CREATE_USER, CREATED_ON, LINE_NO, MANAGED, FIELD_PATH, DATA_TYPE, DATA1, DATA2, TRANSITIVE_FIELDS, FORMULA, ENTITY_LOOKUP_TYPE)
VALUES ('cb98fef7fc074ecbb5352aa934a07743', 0, '9e3b5932bc3d4313a7e553eae8affbdf', 'custNumber2', 'CUST_NUMBER2', 'NUMBER(20, 0)', 'CUSTOM_FIELD_NUMBER2', 0, 'integer', '', '', '', '', '', '', '', 0, NULL, 18, NULL, NULL, '', '', 'system', systimestamp, '61', 0, 'entity.vendorInvoiceShipItems.custNumber2', '', '', '', '', '', '');
INSERT INTO CNT_FIELD_DEFINITION
 (ID, REVISION, PARENT_ID, FIELD_ID, COLUMN_NAME, COLUMN_TYPE, REPORT_COLUMN_NAME, PRODUCT_FIELD, FIELD_TYPE, ENTITY_LOOKUP, ENTITY_LOOKUP_KEY, ORDER_BY, GENERATOR, REFER_TABLE, KEY_COLUMN, LOOKUP_COLUMN, MANDATORY, MIN_LENGTH, MAX_LENGTH, MIN_VALUE, MAX_VALUE, CONSTANT_VALUE, UNIQUE_KEY, CREATE_USER, CREATED_ON, LINE_NO, MANAGED, FIELD_PATH, DATA_TYPE, DATA1, DATA2, TRANSITIVE_FIELDS, FORMULA, ENTITY_LOOKUP_TYPE)
VALUES ('ad9f7a8542be4d6c9944662c0fd72726', 0, '9e3b5932bc3d4313a7e553eae8affbdf', 'custNumber3', 'CUST_NUMBER3', 'NUMBER(20, 0)', 'CUSTOM_FIELD_NUMBER3', 0, 'integer', '', '', '', '', '', '', '', 0, NULL, 18, NULL, NULL, '', '', 'system', systimestamp, '62', 0, 'entity.vendorInvoiceShipItems.custNumber3', '', '', '', '', '', '');
INSERT INTO CNT_FIELD_DEFINITION
 (ID, REVISION, PARENT_ID, FIELD_ID, COLUMN_NAME, COLUMN_TYPE, REPORT_COLUMN_NAME, PRODUCT_FIELD, FIELD_TYPE, ENTITY_LOOKUP, ENTITY_LOOKUP_KEY, ORDER_BY, GENERATOR, REFER_TABLE, KEY_COLUMN, LOOKUP_COLUMN, MANDATORY, MIN_LENGTH, MAX_LENGTH, MIN_VALUE, MAX_VALUE, CONSTANT_VALUE, UNIQUE_KEY, CREATE_USER, CREATED_ON, LINE_NO, MANAGED, FIELD_PATH, DATA_TYPE, DATA1, DATA2, TRANSITIVE_FIELDS, FORMULA, ENTITY_LOOKUP_TYPE)
VALUES ('7295c062869143c8ab254978c5b74fec', 0, '9e3b5932bc3d4313a7e553eae8affbdf', 'custNumber4', 'CUST_NUMBER4', 'NUMBER(20, 0)', 'CUSTOM_FIELD_NUMBER4', 0, 'integer', '', '', '', '', '', '', '', 0, NULL, 18, NULL, NULL, '', '', 'system', systimestamp, '63', 0, 'entity.vendorInvoiceShipItems.custNumber4', '', '', '', '', '', '');
INSERT INTO CNT_FIELD_DEFINITION
 (ID, REVISION, PARENT_ID, FIELD_ID, COLUMN_NAME, COLUMN_TYPE, REPORT_COLUMN_NAME, PRODUCT_FIELD, FIELD_TYPE, ENTITY_LOOKUP, ENTITY_LOOKUP_KEY, ORDER_BY, GENERATOR, REFER_TABLE, KEY_COLUMN, LOOKUP_COLUMN, MANDATORY, MIN_LENGTH, MAX_LENGTH, MIN_VALUE, MAX_VALUE, CONSTANT_VALUE, UNIQUE_KEY, CREATE_USER, CREATED_ON, LINE_NO, MANAGED, FIELD_PATH, DATA_TYPE, DATA1, DATA2, TRANSITIVE_FIELDS, FORMULA, ENTITY_LOOKUP_TYPE)
VALUES ('1f870f5c007b41a5b57fd9229a59bf90', 0, '9e3b5932bc3d4313a7e553eae8affbdf', 'custNumber5', 'CUST_NUMBER5', 'NUMBER(20, 0)', 'CUSTOM_FIELD_NUMBER5', 0, 'integer', '', '', '', '', '', '', '', 0, NULL, 18, NULL, NULL, '', '', 'system', systimestamp, '64', 0, 'entity.vendorInvoiceShipItems.custNumber5', '', '', '', '', '', '');
INSERT INTO CNT_FIELD_DEFINITION
 (ID, REVISION, PARENT_ID, FIELD_ID, COLUMN_NAME, COLUMN_TYPE, REPORT_COLUMN_NAME, PRODUCT_FIELD, FIELD_TYPE, ENTITY_LOOKUP, ENTITY_LOOKUP_KEY, ORDER_BY, GENERATOR, REFER_TABLE, KEY_COLUMN, LOOKUP_COLUMN, MANDATORY, MIN_LENGTH, MAX_LENGTH, MIN_VALUE, MAX_VALUE, CONSTANT_VALUE, UNIQUE_KEY, CREATE_USER, CREATED_ON, LINE_NO, MANAGED, FIELD_PATH, DATA_TYPE, DATA1, DATA2, TRANSITIVE_FIELDS, FORMULA, ENTITY_LOOKUP_TYPE)
VALUES ('74420e876d884af284c2b899b5dc8943', 0, '9e3b5932bc3d4313a7e553eae8affbdf', 'custNumber6', 'CUST_NUMBER6', 'NUMBER(20, 0)', 'CUSTOM_FIELD_NUMBER6', 0, 'integer', '', '', '', '', '', '', '', 0, NULL, 18, NULL, NULL, '', '', 'system', systimestamp, '65', 0, 'entity.vendorInvoiceShipItems.custNumber6', '', '', '', '', '', '');
INSERT INTO CNT_FIELD_DEFINITION
 (ID, REVISION, PARENT_ID, FIELD_ID, COLUMN_NAME, COLUMN_TYPE, REPORT_COLUMN_NAME, PRODUCT_FIELD, FIELD_TYPE, ENTITY_LOOKUP, ENTITY_LOOKUP_KEY, ORDER_BY, GENERATOR, REFER_TABLE, KEY_COLUMN, LOOKUP_COLUMN, MANDATORY, MIN_LENGTH, MAX_LENGTH, MIN_VALUE, MAX_VALUE, CONSTANT_VALUE, UNIQUE_KEY, CREATE_USER, CREATED_ON, LINE_NO, MANAGED, FIELD_PATH, DATA_TYPE, DATA1, DATA2, TRANSITIVE_FIELDS, FORMULA, ENTITY_LOOKUP_TYPE)
VALUES ('c085b07479774672b4753d3425e9220f', 0, '9e3b5932bc3d4313a7e553eae8affbdf', 'custNumber7', 'CUST_NUMBER7', 'NUMBER(20, 0)', 'CUSTOM_FIELD_NUMBER7', 0, 'integer', '', '', '', '', '', '', '', 0, NULL, 18, NULL, NULL, '', '', 'system', systimestamp, '66', 0, 'entity.vendorInvoiceShipItems.custNumber7', '', '', '', '', '', '');
INSERT INTO CNT_FIELD_DEFINITION
 (ID, REVISION, PARENT_ID, FIELD_ID, COLUMN_NAME, COLUMN_TYPE, REPORT_COLUMN_NAME, PRODUCT_FIELD, FIELD_TYPE, ENTITY_LOOKUP, ENTITY_LOOKUP_KEY, ORDER_BY, GENERATOR, REFER_TABLE, KEY_COLUMN, LOOKUP_COLUMN, MANDATORY, MIN_LENGTH, MAX_LENGTH, MIN_VALUE, MAX_VALUE, CONSTANT_VALUE, UNIQUE_KEY, CREATE_USER, CREATED_ON, LINE_NO, MANAGED, FIELD_PATH, DATA_TYPE, DATA1, DATA2, TRANSITIVE_FIELDS, FORMULA, ENTITY_LOOKUP_TYPE)
VALUES ('ac41e656d9e3445e87b66a7fd924cbdb', 0, '9e3b5932bc3d4313a7e553eae8affbdf', 'custDecimal1', 'CUST_DECIMAL1', 'NUMBER(25, 5)', 'CUSTOM_FIELD_DECIMAL1', 0, 'decimal-rate', '', '', '', '', '', '', '', 0, NULL, 20, NULL, NULL, '', '', 'system', systimestamp, '67', 0, 'entity.vendorInvoiceShipItems.custDecimal1', '', '', '', '', '', '');
INSERT INTO CNT_FIELD_DEFINITION
 (ID, REVISION, PARENT_ID, FIELD_ID, COLUMN_NAME, COLUMN_TYPE, REPORT_COLUMN_NAME, PRODUCT_FIELD, FIELD_TYPE, ENTITY_LOOKUP, ENTITY_LOOKUP_KEY, ORDER_BY, GENERATOR, REFER_TABLE, KEY_COLUMN, LOOKUP_COLUMN, MANDATORY, MIN_LENGTH, MAX_LENGTH, MIN_VALUE, MAX_VALUE, CONSTANT_VALUE, UNIQUE_KEY, CREATE_USER, CREATED_ON, LINE_NO, MANAGED, FIELD_PATH, DATA_TYPE, DATA1, DATA2, TRANSITIVE_FIELDS, FORMULA, ENTITY_LOOKUP_TYPE)
VALUES ('f3d3ac98580040068feaa48e2a5cb002', 0, '9e3b5932bc3d4313a7e553eae8affbdf', 'custDecimal2', 'CUST_DECIMAL2', 'NUMBER(25, 5)', 'CUSTOM_FIELD_DECIMAL2', 0, 'decimal-rate', '', '', '', '', '', '', '', 0, NULL, 20, NULL, NULL, '', '', 'system', systimestamp, '68', 0, 'entity.vendorInvoiceShipItems.custDecimal2', '', '', '', '', '', '');
INSERT INTO CNT_FIELD_DEFINITION
 (ID, REVISION, PARENT_ID, FIELD_ID, COLUMN_NAME, COLUMN_TYPE, REPORT_COLUMN_NAME, PRODUCT_FIELD, FIELD_TYPE, ENTITY_LOOKUP, ENTITY_LOOKUP_KEY, ORDER_BY, GENERATOR, REFER_TABLE, KEY_COLUMN, LOOKUP_COLUMN, MANDATORY, MIN_LENGTH, MAX_LENGTH, MIN_VALUE, MAX_VALUE, CONSTANT_VALUE, UNIQUE_KEY, CREATE_USER, CREATED_ON, LINE_NO, MANAGED, FIELD_PATH, DATA_TYPE, DATA1, DATA2, TRANSITIVE_FIELDS, FORMULA, ENTITY_LOOKUP_TYPE)
VALUES ('9d687515ad144d28a47a7eab95b301c7', 0, '9e3b5932bc3d4313a7e553eae8affbdf', 'custDecimal3', 'CUST_DECIMAL3', 'NUMBER(25, 5)', 'CUSTOM_FIELD_DECIMAL3', 0, 'decimal-rate', '', '', '', '', '', '', '', 0, NULL, 20, NULL, NULL, '', '', 'system', systimestamp, '69', 0, 'entity.vendorInvoiceShipItems.custDecimal3', '', '', '', '', '', '');
INSERT INTO CNT_FIELD_DEFINITION
 (ID, REVISION, PARENT_ID, FIELD_ID, COLUMN_NAME, COLUMN_TYPE, REPORT_COLUMN_NAME, PRODUCT_FIELD, FIELD_TYPE, ENTITY_LOOKUP, ENTITY_LOOKUP_KEY, ORDER_BY, GENERATOR, REFER_TABLE, KEY_COLUMN, LOOKUP_COLUMN, MANDATORY, MIN_LENGTH, MAX_LENGTH, MIN_VALUE, MAX_VALUE, CONSTANT_VALUE, UNIQUE_KEY, CREATE_USER, CREATED_ON, LINE_NO, MANAGED, FIELD_PATH, DATA_TYPE, DATA1, DATA2, TRANSITIVE_FIELDS, FORMULA, ENTITY_LOOKUP_TYPE)
VALUES ('c7e89232c536485b8bce3a908374d71c', 0, '9e3b5932bc3d4313a7e553eae8affbdf', 'custDecimal4', 'CUST_DECIMAL4', 'NUMBER(25, 5)', 'CUSTOM_FIELD_DECIMAL4', 0, 'decimal-rate', '', '', '', '', '', '', '', 0, NULL, 20, NULL, NULL, '', '', 'system', systimestamp, '70', 0, 'entity.vendorInvoiceShipItems.custDecimal4', '', '', '', '', '', '');
INSERT INTO CNT_FIELD_DEFINITION
 (ID, REVISION, PARENT_ID, FIELD_ID, COLUMN_NAME, COLUMN_TYPE, REPORT_COLUMN_NAME, PRODUCT_FIELD, FIELD_TYPE, ENTITY_LOOKUP, ENTITY_LOOKUP_KEY, ORDER_BY, GENERATOR, REFER_TABLE, KEY_COLUMN, LOOKUP_COLUMN, MANDATORY, MIN_LENGTH, MAX_LENGTH, MIN_VALUE, MAX_VALUE, CONSTANT_VALUE, UNIQUE_KEY, CREATE_USER, CREATED_ON, LINE_NO, MANAGED, FIELD_PATH, DATA_TYPE, DATA1, DATA2, TRANSITIVE_FIELDS, FORMULA, ENTITY_LOOKUP_TYPE)
VALUES ('8292b36f06ca46b5903d240f4558cf1b', 0, '9e3b5932bc3d4313a7e553eae8affbdf', 'custDecimal5', 'CUST_DECIMAL5', 'NUMBER(25, 5)', 'CUSTOM_FIELD_DECIMAL5', 0, 'decimal-rate', '', '', '', '', '', '', '', 0, NULL, 20, NULL, NULL, '', '', 'system', systimestamp, '71', 0, 'entity.vendorInvoiceShipItems.custDecimal5', '', '', '', '', '', '');
INSERT INTO CNT_FIELD_DEFINITION
 (ID, REVISION, PARENT_ID, FIELD_ID, COLUMN_NAME, COLUMN_TYPE, REPORT_COLUMN_NAME, PRODUCT_FIELD, FIELD_TYPE, ENTITY_LOOKUP, ENTITY_LOOKUP_KEY, ORDER_BY, GENERATOR, REFER_TABLE, KEY_COLUMN, LOOKUP_COLUMN, MANDATORY, MIN_LENGTH, MAX_LENGTH, MIN_VALUE, MAX_VALUE, CONSTANT_VALUE, UNIQUE_KEY, CREATE_USER, CREATED_ON, LINE_NO, MANAGED, FIELD_PATH, DATA_TYPE, DATA1, DATA2, TRANSITIVE_FIELDS, FORMULA, ENTITY_LOOKUP_TYPE)
VALUES ('39bf578257df44fda50ebcd5ecb276b2', 0, '9e3b5932bc3d4313a7e553eae8affbdf', 'custDecimal6', 'CUST_DECIMAL6', 'NUMBER(25, 5)', 'CUSTOM_FIELD_DECIMAL6', 0, 'decimal-rate', '', '', '', '', '', '', '', 0, NULL, 20, NULL, NULL, '', '', 'system', systimestamp, '72', 0, 'entity.vendorInvoiceShipItems.custDecimal6', '', '', '', '', '', '');
INSERT INTO CNT_FIELD_DEFINITION
 (ID, REVISION, PARENT_ID, FIELD_ID, COLUMN_NAME, COLUMN_TYPE, REPORT_COLUMN_NAME, PRODUCT_FIELD, FIELD_TYPE, ENTITY_LOOKUP, ENTITY_LOOKUP_KEY, ORDER_BY, GENERATOR, REFER_TABLE, KEY_COLUMN, LOOKUP_COLUMN, MANDATORY, MIN_LENGTH, MAX_LENGTH, MIN_VALUE, MAX_VALUE, CONSTANT_VALUE, UNIQUE_KEY, CREATE_USER, CREATED_ON, LINE_NO, MANAGED, FIELD_PATH, DATA_TYPE, DATA1, DATA2, TRANSITIVE_FIELDS, FORMULA, ENTITY_LOOKUP_TYPE)
VALUES ('b9571524bd8548d8b93b24476e5d7f53', 0, '9e3b5932bc3d4313a7e553eae8affbdf', 'custDecimal7', 'CUST_DECIMAL7', 'NUMBER(25, 5)', 'CUSTOM_FIELD_DECIMAL7', 0, 'decimal-rate', '', '', '', '', '', '', '', 0, NULL, 20, NULL, NULL, '', '', 'system', systimestamp, '73', 0, 'entity.vendorInvoiceShipItems.custDecimal7', '', '', '', '', '', '');
INSERT INTO CNT_FIELD_DEFINITION
 (ID, REVISION, PARENT_ID, FIELD_ID, COLUMN_NAME, COLUMN_TYPE, REPORT_COLUMN_NAME, PRODUCT_FIELD, FIELD_TYPE, ENTITY_LOOKUP, ENTITY_LOOKUP_KEY, ORDER_BY, GENERATOR, REFER_TABLE, KEY_COLUMN, LOOKUP_COLUMN, MANDATORY, MIN_LENGTH, MAX_LENGTH, MIN_VALUE, MAX_VALUE, CONSTANT_VALUE, UNIQUE_KEY, CREATE_USER, CREATED_ON, LINE_NO, MANAGED, FIELD_PATH, DATA_TYPE, DATA1, DATA2, TRANSITIVE_FIELDS, FORMULA, ENTITY_LOOKUP_TYPE)
VALUES ('3fb2037c213d491b9bc6de654e39fb6d', 0, '9e3b5932bc3d4313a7e553eae8affbdf', 'custCodelist1', 'CUST_CODELIST1', 'NVARCHAR2(400)', 'CUSTOM_FIELD_CODE_LIST_CODE1', 0, 'string-m', '', '', '', '', '', '', '', 0, NULL, 400, NULL, NULL, '', '', 'system', systimestamp, '74', 0, 'entity.vendorInvoiceShipItems.custCodelist1', 'codelist', '', '', '', '', '');
INSERT INTO CNT_FIELD_DEFINITION
 (ID, REVISION, PARENT_ID, FIELD_ID, COLUMN_NAME, COLUMN_TYPE, REPORT_COLUMN_NAME, PRODUCT_FIELD, FIELD_TYPE, ENTITY_LOOKUP, ENTITY_LOOKUP_KEY, ORDER_BY, GENERATOR, REFER_TABLE, KEY_COLUMN, LOOKUP_COLUMN, MANDATORY, MIN_LENGTH, MAX_LENGTH, MIN_VALUE, MAX_VALUE, CONSTANT_VALUE, UNIQUE_KEY, CREATE_USER, CREATED_ON, LINE_NO, MANAGED, FIELD_PATH, DATA_TYPE, DATA1, DATA2, TRANSITIVE_FIELDS, FORMULA, ENTITY_LOOKUP_TYPE)
VALUES ('cd0211d42c3247afba9d4e9453fea621', 0, '9e3b5932bc3d4313a7e553eae8affbdf', 'custCodelist2', 'CUST_CODELIST2', 'NVARCHAR2(400)', 'CUSTOM_FIELD_CODE_LIST_CODE2', 0, 'string-m', '', '', '', '', '', '', '', 0, NULL, 400, NULL, NULL, '', '', 'system', systimestamp, '75', 0, 'entity.vendorInvoiceShipItems.custCodelist2', 'codelist', '', '', '', '', '');
INSERT INTO CNT_FIELD_DEFINITION
 (ID, REVISION, PARENT_ID, FIELD_ID, COLUMN_NAME, COLUMN_TYPE, REPORT_COLUMN_NAME, PRODUCT_FIELD, FIELD_TYPE, ENTITY_LOOKUP, ENTITY_LOOKUP_KEY, ORDER_BY, GENERATOR, REFER_TABLE, KEY_COLUMN, LOOKUP_COLUMN, MANDATORY, MIN_LENGTH, MAX_LENGTH, MIN_VALUE, MAX_VALUE, CONSTANT_VALUE, UNIQUE_KEY, CREATE_USER, CREATED_ON, LINE_NO, MANAGED, FIELD_PATH, DATA_TYPE, DATA1, DATA2, TRANSITIVE_FIELDS, FORMULA, ENTITY_LOOKUP_TYPE)
VALUES ('1fe3656a60b2482694b183b0a54572da', 0, '9e3b5932bc3d4313a7e553eae8affbdf', 'custCodelist3', 'CUST_CODELIST3', 'NVARCHAR2(400)', 'CUSTOM_FIELD_CODE_LIST_CODE3', 0, 'string-m', '', '', '', '', '', '', '', 0, NULL, 400, NULL, NULL, '', '', 'system', systimestamp, '76', 0, 'entity.vendorInvoiceShipItems.custCodelist3', 'codelist', '', '', '', '', '');
INSERT INTO CNT_FIELD_DEFINITION
 (ID, REVISION, PARENT_ID, FIELD_ID, COLUMN_NAME, COLUMN_TYPE, REPORT_COLUMN_NAME, PRODUCT_FIELD, FIELD_TYPE, ENTITY_LOOKUP, ENTITY_LOOKUP_KEY, ORDER_BY, GENERATOR, REFER_TABLE, KEY_COLUMN, LOOKUP_COLUMN, MANDATORY, MIN_LENGTH, MAX_LENGTH, MIN_VALUE, MAX_VALUE, CONSTANT_VALUE, UNIQUE_KEY, CREATE_USER, CREATED_ON, LINE_NO, MANAGED, FIELD_PATH, DATA_TYPE, DATA1, DATA2, TRANSITIVE_FIELDS, FORMULA, ENTITY_LOOKUP_TYPE)
VALUES ('7c026ee2b0114ff89c8babacb9e7bd4b', 0, '9e3b5932bc3d4313a7e553eae8affbdf', 'custCodelist4', 'CUST_CODELIST4', 'NVARCHAR2(400)', 'CUSTOM_FIELD_CODE_LIST_CODE4', 0, 'string-m', '', '', '', '', '', '', '', 0, NULL, 400, NULL, NULL, '', '', 'system', systimestamp, '77', 0, 'entity.vendorInvoiceShipItems.custCodelist4', 'codelist', '', '', '', '', '');
INSERT INTO CNT_FIELD_DEFINITION
 (ID, REVISION, PARENT_ID, FIELD_ID, COLUMN_NAME, COLUMN_TYPE, REPORT_COLUMN_NAME, PRODUCT_FIELD, FIELD_TYPE, ENTITY_LOOKUP, ENTITY_LOOKUP_KEY, ORDER_BY, GENERATOR, REFER_TABLE, KEY_COLUMN, LOOKUP_COLUMN, MANDATORY, MIN_LENGTH, MAX_LENGTH, MIN_VALUE, MAX_VALUE, CONSTANT_VALUE, UNIQUE_KEY, CREATE_USER, CREATED_ON, LINE_NO, MANAGED, FIELD_PATH, DATA_TYPE, DATA1, DATA2, TRANSITIVE_FIELDS, FORMULA, ENTITY_LOOKUP_TYPE)
VALUES ('8f16c298e1fc4e348aa0dac1857f7024', 0, '9e3b5932bc3d4313a7e553eae8affbdf', 'custCodelist5', 'CUST_CODELIST5', 'NVARCHAR2(400)', 'CUSTOM_FIELD_CODE_LIST_CODE5', 0, 'string-m', '', '', '', '', '', '', '', 0, NULL, 400, NULL, NULL, '', '', 'system', systimestamp, '78', 0, 'entity.vendorInvoiceShipItems.custCodelist5', 'codelist', '', '', '', '', '');
INSERT INTO CNT_FIELD_DEFINITION
 (ID, REVISION, PARENT_ID, FIELD_ID, COLUMN_NAME, COLUMN_TYPE, REPORT_COLUMN_NAME, PRODUCT_FIELD, FIELD_TYPE, ENTITY_LOOKUP, ENTITY_LOOKUP_KEY, ORDER_BY, GENERATOR, REFER_TABLE, KEY_COLUMN, LOOKUP_COLUMN, MANDATORY, MIN_LENGTH, MAX_LENGTH, MIN_VALUE, MAX_VALUE, CONSTANT_VALUE, UNIQUE_KEY, CREATE_USER, CREATED_ON, LINE_NO, MANAGED, FIELD_PATH, DATA_TYPE, DATA1, DATA2, TRANSITIVE_FIELDS, FORMULA, ENTITY_LOOKUP_TYPE)
VALUES ('ebfdef3347754f148bc2d7a0c907b377', 0, '9e3b5932bc3d4313a7e553eae8affbdf', 'custCodelist6', 'CUST_CODELIST6', 'NVARCHAR2(400)', 'CUSTOM_FIELD_CODE_LIST_CODE6', 0, 'string-m', '', '', '', '', '', '', '', 0, NULL, 400, NULL, NULL, '', '', 'system', systimestamp, '79', 0, 'entity.vendorInvoiceShipItems.custCodelist6', 'codelist', '', '', '', '', '');
INSERT INTO CNT_FIELD_DEFINITION
 (ID, REVISION, PARENT_ID, FIELD_ID, COLUMN_NAME, COLUMN_TYPE, REPORT_COLUMN_NAME, PRODUCT_FIELD, FIELD_TYPE, ENTITY_LOOKUP, ENTITY_LOOKUP_KEY, ORDER_BY, GENERATOR, REFER_TABLE, KEY_COLUMN, LOOKUP_COLUMN, MANDATORY, MIN_LENGTH, MAX_LENGTH, MIN_VALUE, MAX_VALUE, CONSTANT_VALUE, UNIQUE_KEY, CREATE_USER, CREATED_ON, LINE_NO, MANAGED, FIELD_PATH, DATA_TYPE, DATA1, DATA2, TRANSITIVE_FIELDS, FORMULA, ENTITY_LOOKUP_TYPE)
VALUES ('75bea35d6b8c4fdb997ae7dc9af9603f', 0, '9e3b5932bc3d4313a7e553eae8affbdf', 'custCodelist7', 'CUST_CODELIST7', 'NVARCHAR2(400)', 'CUSTOM_FIELD_CODE_LIST_CODE7', 0, 'string-m', '', '', '', '', '', '', '', 0, NULL, 400, NULL, NULL, '', '', 'system', systimestamp, '80', 0, 'entity.vendorInvoiceShipItems.custCodelist7', 'codelist', '', '', '', '', '');
INSERT INTO CNT_FIELD_DEFINITION
 (ID, REVISION, PARENT_ID, FIELD_ID, COLUMN_NAME, COLUMN_TYPE, REPORT_COLUMN_NAME, PRODUCT_FIELD, FIELD_TYPE, ENTITY_LOOKUP, ENTITY_LOOKUP_KEY, ORDER_BY, GENERATOR, REFER_TABLE, KEY_COLUMN, LOOKUP_COLUMN, MANDATORY, MIN_LENGTH, MAX_LENGTH, MIN_VALUE, MAX_VALUE, CONSTANT_VALUE, UNIQUE_KEY, CREATE_USER, CREATED_ON, LINE_NO, MANAGED, FIELD_PATH, DATA_TYPE, DATA1, DATA2, TRANSITIVE_FIELDS, FORMULA, ENTITY_LOOKUP_TYPE)
VALUES ('8968f9ab78c84fac8d6df0dcb0596efd', 0, '9e3b5932bc3d4313a7e553eae8affbdf', 'custMemoText1', 'CUST_MEMO_TEXT1', 'NVARCHAR2(1000)', 'CUSTOM_FIELD_MEMO_TEXT1', 0, 'string-l', '', '', '', '', '', '', '', 0, NULL, 1000, NULL, NULL, '', '', 'system', systimestamp, '81', 0, 'entity.vendorInvoiceShipItems.custMemoText1', '', '', '', '', '', '');
INSERT INTO CNT_FIELD_DEFINITION
 (ID, REVISION, PARENT_ID, FIELD_ID, COLUMN_NAME, COLUMN_TYPE, REPORT_COLUMN_NAME, PRODUCT_FIELD, FIELD_TYPE, ENTITY_LOOKUP, ENTITY_LOOKUP_KEY, ORDER_BY, GENERATOR, REFER_TABLE, KEY_COLUMN, LOOKUP_COLUMN, MANDATORY, MIN_LENGTH, MAX_LENGTH, MIN_VALUE, MAX_VALUE, CONSTANT_VALUE, UNIQUE_KEY, CREATE_USER, CREATED_ON, LINE_NO, MANAGED, FIELD_PATH, DATA_TYPE, DATA1, DATA2, TRANSITIVE_FIELDS, FORMULA, ENTITY_LOOKUP_TYPE)
VALUES ('fa2725fb90db4e488e795cbfcc695ebe', 0, '9e3b5932bc3d4313a7e553eae8affbdf', 'custMemoText2', 'CUST_MEMO_TEXT2', 'NVARCHAR2(1000)', 'CUSTOM_FIELD_MEMO_TEXT2', 0, 'string-l', '', '', '', '', '', '', '', 0, NULL, 1000, NULL, NULL, '', '', 'system', systimestamp, '82', 0, 'entity.vendorInvoiceShipItems.custMemoText2', '', '', '', '', '', '');
INSERT INTO CNT_FIELD_DEFINITION
 (ID, REVISION, PARENT_ID, FIELD_ID, COLUMN_NAME, COLUMN_TYPE, REPORT_COLUMN_NAME, PRODUCT_FIELD, FIELD_TYPE, ENTITY_LOOKUP, ENTITY_LOOKUP_KEY, ORDER_BY, GENERATOR, REFER_TABLE, KEY_COLUMN, LOOKUP_COLUMN, MANDATORY, MIN_LENGTH, MAX_LENGTH, MIN_VALUE, MAX_VALUE, CONSTANT_VALUE, UNIQUE_KEY, CREATE_USER, CREATED_ON, LINE_NO, MANAGED, FIELD_PATH, DATA_TYPE, DATA1, DATA2, TRANSITIVE_FIELDS, FORMULA, ENTITY_LOOKUP_TYPE)
VALUES ('beeea1af56c243458c8c19ab00f3a477', 0, '9e3b5932bc3d4313a7e553eae8affbdf', 'custMemoText3', 'CUST_MEMO_TEXT3', 'NVARCHAR2(1000)', 'CUSTOM_FIELD_MEMO_TEXT3', 0, 'string-l', '', '', '', '', '', '', '', 0, NULL, 1000, NULL, NULL, '', '', 'system', systimestamp, '83', 0, 'entity.vendorInvoiceShipItems.custMemoText3', '', '', '', '', '', '');
INSERT INTO CNT_FIELD_DEFINITION
 (ID, REVISION, PARENT_ID, FIELD_ID, COLUMN_NAME, COLUMN_TYPE, REPORT_COLUMN_NAME, PRODUCT_FIELD, FIELD_TYPE, ENTITY_LOOKUP, ENTITY_LOOKUP_KEY, ORDER_BY, GENERATOR, REFER_TABLE, KEY_COLUMN, LOOKUP_COLUMN, MANDATORY, MIN_LENGTH, MAX_LENGTH, MIN_VALUE, MAX_VALUE, CONSTANT_VALUE, UNIQUE_KEY, CREATE_USER, CREATED_ON, LINE_NO, MANAGED, FIELD_PATH, DATA_TYPE, DATA1, DATA2, TRANSITIVE_FIELDS, FORMULA, ENTITY_LOOKUP_TYPE)
VALUES ('e5260bad69044359acce4690f758aaa5', 0, '9e3b5932bc3d4313a7e553eae8affbdf', 'custMemoText4', 'CUST_MEMO_TEXT4', 'NVARCHAR2(1000)', 'CUSTOM_FIELD_MEMO_TEXT4', 0, 'string-l', '', '', '', '', '', '', '', 0, NULL, 1000, NULL, NULL, '', '', 'system', systimestamp, '84', 0, 'entity.vendorInvoiceShipItems.custMemoText4', '', '', '', '', '', '');
INSERT INTO CNT_FIELD_DEFINITION
 (ID, REVISION, PARENT_ID, FIELD_ID, COLUMN_NAME, COLUMN_TYPE, REPORT_COLUMN_NAME, PRODUCT_FIELD, FIELD_TYPE, ENTITY_LOOKUP, ENTITY_LOOKUP_KEY, ORDER_BY, GENERATOR, REFER_TABLE, KEY_COLUMN, LOOKUP_COLUMN, MANDATORY, MIN_LENGTH, MAX_LENGTH, MIN_VALUE, MAX_VALUE, CONSTANT_VALUE, UNIQUE_KEY, CREATE_USER, CREATED_ON, LINE_NO, MANAGED, FIELD_PATH, DATA_TYPE, DATA1, DATA2, TRANSITIVE_FIELDS, FORMULA, ENTITY_LOOKUP_TYPE)
VALUES ('aa97079762724004a74754dfb650dd22', 0, '9e3b5932bc3d4313a7e553eae8affbdf', 'custMemoText5', 'CUST_MEMO_TEXT5', 'NVARCHAR2(1000)', 'CUSTOM_FIELD_MEMO_TEXT5', 0, 'string-l', '', '', '', '', '', '', '', 0, NULL, 1000, NULL, NULL, '', '', 'system', systimestamp, '85', 0, 'entity.vendorInvoiceShipItems.custMemoText5', '', '', '', '', '', '');
INSERT INTO CNT_FIELD_DEFINITION
 (ID, REVISION, PARENT_ID, FIELD_ID, COLUMN_NAME, COLUMN_TYPE, REPORT_COLUMN_NAME, PRODUCT_FIELD, FIELD_TYPE, ENTITY_LOOKUP, ENTITY_LOOKUP_KEY, ORDER_BY, GENERATOR, REFER_TABLE, KEY_COLUMN, LOOKUP_COLUMN, MANDATORY, MIN_LENGTH, MAX_LENGTH, MIN_VALUE, MAX_VALUE, CONSTANT_VALUE, UNIQUE_KEY, CREATE_USER, CREATED_ON, LINE_NO, MANAGED, FIELD_PATH, DATA_TYPE, DATA1, DATA2, TRANSITIVE_FIELDS, FORMULA, ENTITY_LOOKUP_TYPE)
VALUES ('b1b7b534db91433fb3d2723bb66bf8c6', 0, '9e3b5932bc3d4313a7e553eae8affbdf', 'custMemoText6', 'CUST_MEMO_TEXT6', 'NVARCHAR2(1000)', 'CUSTOM_FIELD_MEMO_TEXT6', 0, 'string-l', '', '', '', '', '', '', '', 0, NULL, 1000, NULL, NULL, '', '', 'system', systimestamp, '86', 0, 'entity.vendorInvoiceShipItems.custMemoText6', '', '', '', '', '', '');
INSERT INTO CNT_FIELD_DEFINITION
 (ID, REVISION, PARENT_ID, FIELD_ID, COLUMN_NAME, COLUMN_TYPE, REPORT_COLUMN_NAME, PRODUCT_FIELD, FIELD_TYPE, ENTITY_LOOKUP, ENTITY_LOOKUP_KEY, ORDER_BY, GENERATOR, REFER_TABLE, KEY_COLUMN, LOOKUP_COLUMN, MANDATORY, MIN_LENGTH, MAX_LENGTH, MIN_VALUE, MAX_VALUE, CONSTANT_VALUE, UNIQUE_KEY, CREATE_USER, CREATED_ON, LINE_NO, MANAGED, FIELD_PATH, DATA_TYPE, DATA1, DATA2, TRANSITIVE_FIELDS, FORMULA, ENTITY_LOOKUP_TYPE)
VALUES ('fe01f9a172b04cb9b98a6e13996ae6b6', 0, '9e3b5932bc3d4313a7e553eae8affbdf', 'custMemoText7', 'CUST_MEMO_TEXT7', 'NVARCHAR2(1000)', 'CUSTOM_FIELD_MEMO_TEXT7', 0, 'string-l', '', '', '', '', '', '', '', 0, NULL, 1000, NULL, NULL, '', '', 'system', systimestamp, '87', 0, 'entity.vendorInvoiceShipItems.custMemoText7', '', '', '', '', '', '');
INSERT INTO CNT_FIELD_DEFINITION
 (ID, REVISION, PARENT_ID, FIELD_ID, COLUMN_NAME, COLUMN_TYPE, REPORT_COLUMN_NAME, PRODUCT_FIELD, FIELD_TYPE, ENTITY_LOOKUP, ENTITY_LOOKUP_KEY, ORDER_BY, GENERATOR, REFER_TABLE, KEY_COLUMN, LOOKUP_COLUMN, MANDATORY, MIN_LENGTH, MAX_LENGTH, MIN_VALUE, MAX_VALUE, CONSTANT_VALUE, UNIQUE_KEY, CREATE_USER, CREATED_ON, LINE_NO, MANAGED, FIELD_PATH, DATA_TYPE, DATA1, DATA2, TRANSITIVE_FIELDS, FORMULA, ENTITY_LOOKUP_TYPE)
VALUES ('060dc6b4b56245169145ef019c370dab', 0, '9e3b5932bc3d4313a7e553eae8affbdf', 'custHcl1', 'CUST_HCL1_ID', 'CHAR(32)', 'CUSTOM_FIELD_HCL_CODE_SYS_ID1', 0, 'entity', 'HclNode', 'id', '', '', '', '', '', 0, 32, 32, NULL, NULL, '', '', 'system', systimestamp, '88', 0, 'entity.vendorInvoiceShipItems.custHcl1', '', '', '', '', '', '');
INSERT INTO CNT_FIELD_DEFINITION
 (ID, REVISION, PARENT_ID, FIELD_ID, COLUMN_NAME, COLUMN_TYPE, REPORT_COLUMN_NAME, PRODUCT_FIELD, FIELD_TYPE, ENTITY_LOOKUP, ENTITY_LOOKUP_KEY, ORDER_BY, GENERATOR, REFER_TABLE, KEY_COLUMN, LOOKUP_COLUMN, MANDATORY, MIN_LENGTH, MAX_LENGTH, MIN_VALUE, MAX_VALUE, CONSTANT_VALUE, UNIQUE_KEY, CREATE_USER, CREATED_ON, LINE_NO, MANAGED, FIELD_PATH, DATA_TYPE, DATA1, DATA2, TRANSITIVE_FIELDS, FORMULA, ENTITY_LOOKUP_TYPE)
VALUES ('2e33664298214f4396b4d3541698a601', 0, '9e3b5932bc3d4313a7e553eae8affbdf', 'custHcl2', 'CUST_HCL2_ID', 'CHAR(32)', 'CUSTOM_FIELD_HCL_CODE_SYS_ID2', 0, 'entity', 'HclNode', 'id', '', '', '', '', '', 0, 32, 32, NULL, NULL, '', '', 'system', systimestamp, '89', 0, 'entity.vendorInvoiceShipItems.custHcl2', '', '', '', '', '', '');
INSERT INTO CNT_FIELD_DEFINITION
 (ID, REVISION, PARENT_ID, FIELD_ID, COLUMN_NAME, COLUMN_TYPE, REPORT_COLUMN_NAME, PRODUCT_FIELD, FIELD_TYPE, ENTITY_LOOKUP, ENTITY_LOOKUP_KEY, ORDER_BY, GENERATOR, REFER_TABLE, KEY_COLUMN, LOOKUP_COLUMN, MANDATORY, MIN_LENGTH, MAX_LENGTH, MIN_VALUE, MAX_VALUE, CONSTANT_VALUE, UNIQUE_KEY, CREATE_USER, CREATED_ON, LINE_NO, MANAGED, FIELD_PATH, DATA_TYPE, DATA1, DATA2, TRANSITIVE_FIELDS, FORMULA, ENTITY_LOOKUP_TYPE)
VALUES ('2ea2f415db57451cb5be045f3e889040', 0, '9e3b5932bc3d4313a7e553eae8affbdf', 'custHcl3', 'CUST_HCL3_ID', 'CHAR(32)', 'CUSTOM_FIELD_HCL_CODE_SYS_ID3', 0, 'entity', 'HclNode', 'id', '', '', '', '', '', 0, 32, 32, NULL, NULL, '', '', 'system', systimestamp, '90', 0, 'entity.vendorInvoiceShipItems.custHcl3', '', '', '', '', '', '');
INSERT INTO CNT_FIELD_DEFINITION
 (ID, REVISION, PARENT_ID, FIELD_ID, COLUMN_NAME, COLUMN_TYPE, REPORT_COLUMN_NAME, PRODUCT_FIELD, FIELD_TYPE, ENTITY_LOOKUP, ENTITY_LOOKUP_KEY, ORDER_BY, GENERATOR, REFER_TABLE, KEY_COLUMN, LOOKUP_COLUMN, MANDATORY, MIN_LENGTH, MAX_LENGTH, MIN_VALUE, MAX_VALUE, CONSTANT_VALUE, UNIQUE_KEY, CREATE_USER, CREATED_ON, LINE_NO, MANAGED, FIELD_PATH, DATA_TYPE, DATA1, DATA2, TRANSITIVE_FIELDS, FORMULA, ENTITY_LOOKUP_TYPE)
VALUES ('7a9810c455b94c97879ae69d8602fdd1', 0, '9e3b5932bc3d4313a7e553eae8affbdf', 'custHcl4', 'CUST_HCL4_ID', 'CHAR(32)', 'CUSTOM_FIELD_HCL_CODE_SYS_ID4', 0, 'entity', 'HclNode', 'id', '', '', '', '', '', 0, 32, 32, NULL, NULL, '', '', 'system', systimestamp, '91', 0, 'entity.vendorInvoiceShipItems.custHcl4', '', '', '', '', '', '');
INSERT INTO CNT_FIELD_DEFINITION
 (ID, REVISION, PARENT_ID, FIELD_ID, COLUMN_NAME, COLUMN_TYPE, REPORT_COLUMN_NAME, PRODUCT_FIELD, FIELD_TYPE, ENTITY_LOOKUP, ENTITY_LOOKUP_KEY, ORDER_BY, GENERATOR, REFER_TABLE, KEY_COLUMN, LOOKUP_COLUMN, MANDATORY, MIN_LENGTH, MAX_LENGTH, MIN_VALUE, MAX_VALUE, CONSTANT_VALUE, UNIQUE_KEY, CREATE_USER, CREATED_ON, LINE_NO, MANAGED, FIELD_PATH, DATA_TYPE, DATA1, DATA2, TRANSITIVE_FIELDS, FORMULA, ENTITY_LOOKUP_TYPE)
VALUES ('35de48eb057b4cf88d664ffc85c4d981', 0, '9e3b5932bc3d4313a7e553eae8affbdf', 'custHcl5', 'CUST_HCL5_ID', 'CHAR(32)', 'CUSTOM_FIELD_HCL_CODE_SYS_ID5', 0, 'entity', 'HclNode', 'id', '', '', '', '', '', 0, 32, 32, NULL, NULL, '', '', 'system', systimestamp, '92', 0, 'entity.vendorInvoiceShipItems.custHcl5', '', '', '', '', '', '');
INSERT INTO CNT_FIELD_DEFINITION
 (ID, REVISION, PARENT_ID, FIELD_ID, COLUMN_NAME, COLUMN_TYPE, REPORT_COLUMN_NAME, PRODUCT_FIELD, FIELD_TYPE, ENTITY_LOOKUP, ENTITY_LOOKUP_KEY, ORDER_BY, GENERATOR, REFER_TABLE, KEY_COLUMN, LOOKUP_COLUMN, MANDATORY, MIN_LENGTH, MAX_LENGTH, MIN_VALUE, MAX_VALUE, CONSTANT_VALUE, UNIQUE_KEY, CREATE_USER, CREATED_ON, LINE_NO, MANAGED, FIELD_PATH, DATA_TYPE, DATA1, DATA2, TRANSITIVE_FIELDS, FORMULA, ENTITY_LOOKUP_TYPE)
VALUES ('5483e54ba0d8474f95334819144832af', 0, '9e3b5932bc3d4313a7e553eae8affbdf', 'shipmentAdviceRef', 'SHIPMENT_ADVICE_REF', 'NVARCHAR2(1000)', 'N/A', 1, 'string-l', '', '', '', '', '', '', '', 0, NULL, 1000, NULL, NULL, '', '', 'system', systimestamp, '93', 0, 'entity.vendorInvoiceShipItems.shipmentAdviceRef', '', '', '', '', '', '');
INSERT INTO CNT_FIELD_DEFINITION
 (ID, REVISION, PARENT_ID, FIELD_ID, COLUMN_NAME, COLUMN_TYPE, REPORT_COLUMN_NAME, PRODUCT_FIELD, FIELD_TYPE, ENTITY_LOOKUP, ENTITY_LOOKUP_KEY, ORDER_BY, GENERATOR, REFER_TABLE, KEY_COLUMN, LOOKUP_COLUMN, MANDATORY, MIN_LENGTH, MAX_LENGTH, MIN_VALUE, MAX_VALUE, CONSTANT_VALUE, UNIQUE_KEY, CREATE_USER, CREATED_ON, LINE_NO, MANAGED, FIELD_PATH, DATA_TYPE, DATA1, DATA2, TRANSITIVE_FIELDS, FORMULA, ENTITY_LOOKUP_TYPE)
VALUES ('a43222473715488c9f3b3d855f9087b4', 0, '9e3b5932bc3d4313a7e553eae8affbdf', 'shipmentAdviceVer', 'SHIPMENT_ADVICE_VER', 'NUMBER(20, 0)', 'N/A', 1, 'integer', '', '', '', '', '', '', '', 0, NULL, 18, NULL, NULL, '', '', 'system', systimestamp, '94', 0, 'entity.vendorInvoiceShipItems.shipmentAdviceVer', '', '', '', '', '', '');
INSERT INTO CNT_FIELD_DEFINITION
 (ID, REVISION, PARENT_ID, FIELD_ID, COLUMN_NAME, COLUMN_TYPE, REPORT_COLUMN_NAME, PRODUCT_FIELD, FIELD_TYPE, ENTITY_LOOKUP, ENTITY_LOOKUP_KEY, ORDER_BY, GENERATOR, REFER_TABLE, KEY_COLUMN, LOOKUP_COLUMN, MANDATORY, MIN_LENGTH, MAX_LENGTH, MIN_VALUE, MAX_VALUE, CONSTANT_VALUE, UNIQUE_KEY, CREATE_USER, CREATED_ON, LINE_NO, MANAGED, FIELD_PATH, DATA_TYPE, DATA1, DATA2, TRANSITIVE_FIELDS, FORMULA, ENTITY_LOOKUP_TYPE)
VALUES ('47a06c9bdc3148afb05bf4b1db3282ac', 0, '9e3b5932bc3d4313a7e553eae8affbdf', 'itemRef', 'ITEM_REF', 'NVARCHAR2(1000)', 'N/A', 1, 'string-l', '', '', '', '', '', '', '', 0, NULL, 1000, NULL, NULL, '', '', 'system', systimestamp, '95', 0, 'entity.vendorInvoiceShipItems.itemRef', '', '', '', '', '', '');
INSERT INTO CNT_FIELD_DEFINITION
 (ID, REVISION, PARENT_ID, FIELD_ID, COLUMN_NAME, COLUMN_TYPE, REPORT_COLUMN_NAME, PRODUCT_FIELD, FIELD_TYPE, ENTITY_LOOKUP, ENTITY_LOOKUP_KEY, ORDER_BY, GENERATOR, REFER_TABLE, KEY_COLUMN, LOOKUP_COLUMN, MANDATORY, MIN_LENGTH, MAX_LENGTH, MIN_VALUE, MAX_VALUE, CONSTANT_VALUE, UNIQUE_KEY, CREATE_USER, CREATED_ON, LINE_NO, MANAGED, FIELD_PATH, DATA_TYPE, DATA1, DATA2, TRANSITIVE_FIELDS, FORMULA, ENTITY_LOOKUP_TYPE)
VALUES ('3c404ae39bb24fce87d80240e2000fbf', 0, '9e3b5932bc3d4313a7e553eae8affbdf', 'itemVer', 'ITEM_VER', 'NUMBER(20, 0)', 'N/A', 1, 'integer', '', '', '', '', '', '', '', 0, NULL, 18, NULL, NULL, '', '', 'system', systimestamp, '96', 0, 'entity.vendorInvoiceShipItems.itemVer', '', '', '', '', '', '');
INSERT INTO CNT_FIELD_DEFINITION
 (ID, REVISION, PARENT_ID, FIELD_ID, COLUMN_NAME, COLUMN_TYPE, REPORT_COLUMN_NAME, PRODUCT_FIELD, FIELD_TYPE, ENTITY_LOOKUP, ENTITY_LOOKUP_KEY, ORDER_BY, GENERATOR, REFER_TABLE, KEY_COLUMN, LOOKUP_COLUMN, MANDATORY, MIN_LENGTH, MAX_LENGTH, MIN_VALUE, MAX_VALUE, CONSTANT_VALUE, UNIQUE_KEY, CREATE_USER, CREATED_ON, LINE_NO, MANAGED, FIELD_PATH, DATA_TYPE, DATA1, DATA2, TRANSITIVE_FIELDS, FORMULA, ENTITY_LOOKUP_TYPE)
VALUES ('b117dd5e747f47a9a84b708f8cf4ba9d', 0, '9e3b5932bc3d4313a7e553eae8affbdf', 'vpoShipDtlRef', 'VPO_SHIP_DTL_REF', 'NVARCHAR2(1000)', 'N/A', 1, 'string-l', '', '', '', '', '', '', '', 0, NULL, 1000, NULL, NULL, '', '', 'system', systimestamp, '97', 0, 'entity.vendorInvoiceShipItems.vpoShipDtlRef', '', '', '', '', '', '');
INSERT INTO CNT_FIELD_DEFINITION
 (ID, REVISION, PARENT_ID, FIELD_ID, COLUMN_NAME, COLUMN_TYPE, REPORT_COLUMN_NAME, PRODUCT_FIELD, FIELD_TYPE, ENTITY_LOOKUP, ENTITY_LOOKUP_KEY, ORDER_BY, GENERATOR, REFER_TABLE, KEY_COLUMN, LOOKUP_COLUMN, MANDATORY, MIN_LENGTH, MAX_LENGTH, MIN_VALUE, MAX_VALUE, CONSTANT_VALUE, UNIQUE_KEY, CREATE_USER, CREATED_ON, LINE_NO, MANAGED, FIELD_PATH, DATA_TYPE, DATA1, DATA2, TRANSITIVE_FIELDS, FORMULA, ENTITY_LOOKUP_TYPE)
VALUES ('d79b6fb949094ae0b1efcc761ae428d8', 0, '9e3b5932bc3d4313a7e553eae8affbdf', 'vpoShipDtlVer', 'VPO_SHIP_DTL_VER', 'NUMBER(20, 0)', 'N/A', 1, 'integer', '', '', '', '', '', '', '', 0, NULL, 18, NULL, NULL, '', '', 'system', systimestamp, '98', 0, 'entity.vendorInvoiceShipItems.vpoShipDtlVer', '', '', '', '', '', '');
INSERT INTO CNT_FIELD_DEFINITION
 (ID, REVISION, PARENT_ID, FIELD_ID, COLUMN_NAME, COLUMN_TYPE, REPORT_COLUMN_NAME, PRODUCT_FIELD, FIELD_TYPE, ENTITY_LOOKUP, ENTITY_LOOKUP_KEY, ORDER_BY, GENERATOR, REFER_TABLE, KEY_COLUMN, LOOKUP_COLUMN, MANDATORY, MIN_LENGTH, MAX_LENGTH, MIN_VALUE, MAX_VALUE, CONSTANT_VALUE, UNIQUE_KEY, CREATE_USER, CREATED_ON, LINE_NO, MANAGED, FIELD_PATH, DATA_TYPE, DATA1, DATA2, TRANSITIVE_FIELDS, FORMULA, ENTITY_LOOKUP_TYPE)
VALUES ('591544251c29414ebbe070a52e306dcd', 0, '9e3b5932bc3d4313a7e553eae8affbdf', 'vpoShipDtlRef2', 'VPO_SHIP_DTL_REF2', 'NVARCHAR2(1000)', 'N/A', 1, 'string-l', '', '', '', '', '', '', '', 0, NULL, 1000, NULL, NULL, '', '', 'system', systimestamp, '99', 0, 'entity.vendorInvoiceShipItems.vpoShipDtlRef2', '', '', '', '', '', '');
INSERT INTO CNT_FIELD_DEFINITION
 (ID, REVISION, PARENT_ID, FIELD_ID, COLUMN_NAME, COLUMN_TYPE, REPORT_COLUMN_NAME, PRODUCT_FIELD, FIELD_TYPE, ENTITY_LOOKUP, ENTITY_LOOKUP_KEY, ORDER_BY, GENERATOR, REFER_TABLE, KEY_COLUMN, LOOKUP_COLUMN, MANDATORY, MIN_LENGTH, MAX_LENGTH, MIN_VALUE, MAX_VALUE, CONSTANT_VALUE, UNIQUE_KEY, CREATE_USER, CREATED_ON, LINE_NO, MANAGED, FIELD_PATH, DATA_TYPE, DATA1, DATA2, TRANSITIVE_FIELDS, FORMULA, ENTITY_LOOKUP_TYPE)
VALUES ('92c785f4672a46d5acaaf39ca46ba714', 0, '9e3b5932bc3d4313a7e553eae8affbdf', 'vpoRef', 'VPO_REF', 'NVARCHAR2(1000)', 'N/A', 1, 'string-l', '', '', '', '', '', '', '', 0, NULL, 1000, NULL, NULL, '', '', 'system', systimestamp, '100', 0, 'entity.vendorInvoiceShipItems.vpoRef', '', '', '', '', '', '');
INSERT INTO CNT_FIELD_DEFINITION
 (ID, REVISION, PARENT_ID, FIELD_ID, COLUMN_NAME, COLUMN_TYPE, REPORT_COLUMN_NAME, PRODUCT_FIELD, FIELD_TYPE, ENTITY_LOOKUP, ENTITY_LOOKUP_KEY, ORDER_BY, GENERATOR, REFER_TABLE, KEY_COLUMN, LOOKUP_COLUMN, MANDATORY, MIN_LENGTH, MAX_LENGTH, MIN_VALUE, MAX_VALUE, CONSTANT_VALUE, UNIQUE_KEY, CREATE_USER, CREATED_ON, LINE_NO, MANAGED, FIELD_PATH, DATA_TYPE, DATA1, DATA2, TRANSITIVE_FIELDS, FORMULA, ENTITY_LOOKUP_TYPE)
VALUES ('429d54a7918c48fca7729343ac0c7692', 0, '9e3b5932bc3d4313a7e553eae8affbdf', 'vpoVer', 'VPO_VER', 'NUMBER(20, 0)', 'N/A', 1, 'integer', '', '', '', '', '', '', '', 0, NULL, 18, NULL, NULL, '', '', 'system', systimestamp, '101', 0, 'entity.vendorInvoiceShipItems.vpoVer', '', '', '', '', '', '');
INSERT INTO CNT_FIELD_DEFINITION
 (ID, REVISION, PARENT_ID, FIELD_ID, COLUMN_NAME, COLUMN_TYPE, REPORT_COLUMN_NAME, PRODUCT_FIELD, FIELD_TYPE, ENTITY_LOOKUP, ENTITY_LOOKUP_KEY, ORDER_BY, GENERATOR, REFER_TABLE, KEY_COLUMN, LOOKUP_COLUMN, MANDATORY, MIN_LENGTH, MAX_LENGTH, MIN_VALUE, MAX_VALUE, CONSTANT_VALUE, UNIQUE_KEY, CREATE_USER, CREATED_ON, LINE_NO, MANAGED, FIELD_PATH, DATA_TYPE, DATA1, DATA2, TRANSITIVE_FIELDS, FORMULA, ENTITY_LOOKUP_TYPE)
VALUES ('b47289f87f674553aecfa6ff972261a2', 0, '9e3b5932bc3d4313a7e553eae8affbdf', 'uomName', 'UOM_NAME', 'NVARCHAR2(400)', 'N/A', 1, 'string-m', '', '', '', '', '', '', '', 0, NULL, 400, NULL, NULL, '', '', 'system', systimestamp, '102', 0, 'entity.vendorInvoiceShipItems.uomName', '', '', '', '', '', '');
INSERT INTO CNT_FIELD_DEFINITION
 (ID, REVISION, PARENT_ID, FIELD_ID, COLUMN_NAME, COLUMN_TYPE, REPORT_COLUMN_NAME, PRODUCT_FIELD, FIELD_TYPE, ENTITY_LOOKUP, ENTITY_LOOKUP_KEY, ORDER_BY, GENERATOR, REFER_TABLE, KEY_COLUMN, LOOKUP_COLUMN, MANDATORY, MIN_LENGTH, MAX_LENGTH, MIN_VALUE, MAX_VALUE, CONSTANT_VALUE, UNIQUE_KEY, CREATE_USER, CREATED_ON, LINE_NO, MANAGED, FIELD_PATH, DATA_TYPE, DATA1, DATA2, TRANSITIVE_FIELDS, FORMULA, ENTITY_LOOKUP_TYPE)
VALUES ('cf998d5491b64c979c5362dcadc5f207', 0, '9e3b5932bc3d4313a7e553eae8affbdf', 'dimensionUOMName', 'DIMENSION_UOM_NAME', 'NVARCHAR2(400)', 'N/A', 1, 'string-m', '', '', '', '', '', '', '', 0, NULL, 400, NULL, NULL, '', '', 'system', systimestamp, '103', 0, 'entity.vendorInvoiceShipItems.dimensionUOMName', '', '', '', '', '', '');
INSERT INTO CNT_FIELD_DEFINITION
 (ID, REVISION, PARENT_ID, FIELD_ID, COLUMN_NAME, COLUMN_TYPE, REPORT_COLUMN_NAME, PRODUCT_FIELD, FIELD_TYPE, ENTITY_LOOKUP, ENTITY_LOOKUP_KEY, ORDER_BY, GENERATOR, REFER_TABLE, KEY_COLUMN, LOOKUP_COLUMN, MANDATORY, MIN_LENGTH, MAX_LENGTH, MIN_VALUE, MAX_VALUE, CONSTANT_VALUE, UNIQUE_KEY, CREATE_USER, CREATED_ON, LINE_NO, MANAGED, FIELD_PATH, DATA_TYPE, DATA1, DATA2, TRANSITIVE_FIELDS, FORMULA, ENTITY_LOOKUP_TYPE)
VALUES ('ea58dbe034794748bc8907f454475844', 0, '9e3b5932bc3d4313a7e553eae8affbdf', 'weightUOMName', 'WEIGHT_UOM_NAME', 'NVARCHAR2(400)', 'N/A', 1, 'string-m', '', '', '', '', '', '', '', 0, NULL, 400, NULL, NULL, '', '', 'system', systimestamp, '104', 0, 'entity.vendorInvoiceShipItems.weightUOMName', '', '', '', '', '', '');
INSERT INTO CNT_FIELD_DEFINITION
 (ID, REVISION, PARENT_ID, FIELD_ID, COLUMN_NAME, COLUMN_TYPE, REPORT_COLUMN_NAME, PRODUCT_FIELD, FIELD_TYPE, ENTITY_LOOKUP, ENTITY_LOOKUP_KEY, ORDER_BY, GENERATOR, REFER_TABLE, KEY_COLUMN, LOOKUP_COLUMN, MANDATORY, MIN_LENGTH, MAX_LENGTH, MIN_VALUE, MAX_VALUE, CONSTANT_VALUE, UNIQUE_KEY, CREATE_USER, CREATED_ON, LINE_NO, MANAGED, FIELD_PATH, DATA_TYPE, DATA1, DATA2, TRANSITIVE_FIELDS, FORMULA, ENTITY_LOOKUP_TYPE)
VALUES ('6a3eafd906ff4edb93028eaced468bc1', 0, '9e3b5932bc3d4313a7e553eae8affbdf', 'forwarderRef', 'FORWARDER_REF', 'NVARCHAR2(1000)', 'N/A', 1, 'string-l', '', '', '', '', '', '', '', 0, NULL, 1000, NULL, NULL, '', '', 'system', systimestamp, '105', 0, 'entity.vendorInvoiceShipItems.forwarderRef', '', '', '', '', '', '');
INSERT INTO CNT_FIELD_DEFINITION
 (ID, REVISION, PARENT_ID, FIELD_ID, COLUMN_NAME, COLUMN_TYPE, REPORT_COLUMN_NAME, PRODUCT_FIELD, FIELD_TYPE, ENTITY_LOOKUP, ENTITY_LOOKUP_KEY, ORDER_BY, GENERATOR, REFER_TABLE, KEY_COLUMN, LOOKUP_COLUMN, MANDATORY, MIN_LENGTH, MAX_LENGTH, MIN_VALUE, MAX_VALUE, CONSTANT_VALUE, UNIQUE_KEY, CREATE_USER, CREATED_ON, LINE_NO, MANAGED, FIELD_PATH, DATA_TYPE, DATA1, DATA2, TRANSITIVE_FIELDS, FORMULA, ENTITY_LOOKUP_TYPE)
VALUES ('86d813370cd1443e8790dfaf493df046', 0, '9e3b5932bc3d4313a7e553eae8affbdf', 'forwarderVer', 'FORWARDER_VER', 'NUMBER(20, 0)', 'N/A', 1, 'integer', '', '', '', '', '', '', '', 0, NULL, 18, NULL, NULL, '', '', 'system', systimestamp, '106', 0, 'entity.vendorInvoiceShipItems.forwarderVer', '', '', '', '', '', '');
INSERT INTO CNT_FIELD_DEFINITION
 (ID, REVISION, PARENT_ID, FIELD_ID, COLUMN_NAME, COLUMN_TYPE, REPORT_COLUMN_NAME, PRODUCT_FIELD, FIELD_TYPE, ENTITY_LOOKUP, ENTITY_LOOKUP_KEY, ORDER_BY, GENERATOR, REFER_TABLE, KEY_COLUMN, LOOKUP_COLUMN, MANDATORY, MIN_LENGTH, MAX_LENGTH, MIN_VALUE, MAX_VALUE, CONSTANT_VALUE, UNIQUE_KEY, CREATE_USER, CREATED_ON, LINE_NO, MANAGED, FIELD_PATH, DATA_TYPE, DATA1, DATA2, TRANSITIVE_FIELDS, FORMULA, ENTITY_LOOKUP_TYPE)
VALUES ('4bb42235bd2447ee93d569b171293dab', 0, '9e3b5932bc3d4313a7e553eae8affbdf', 'originalForwarderRef', 'ORIGINAL_FORWARDER_REF', 'NVARCHAR2(1000)', 'N/A', 1, 'string-l', '', '', '', '', '', '', '', 0, NULL, 1000, NULL, NULL, '', '', 'system', systimestamp, '107', 0, 'entity.vendorInvoiceShipItems.originalForwarderRef', '', '', '', '', '', '');
INSERT INTO CNT_FIELD_DEFINITION
 (ID, REVISION, PARENT_ID, FIELD_ID, COLUMN_NAME, COLUMN_TYPE, REPORT_COLUMN_NAME, PRODUCT_FIELD, FIELD_TYPE, ENTITY_LOOKUP, ENTITY_LOOKUP_KEY, ORDER_BY, GENERATOR, REFER_TABLE, KEY_COLUMN, LOOKUP_COLUMN, MANDATORY, MIN_LENGTH, MAX_LENGTH, MIN_VALUE, MAX_VALUE, CONSTANT_VALUE, UNIQUE_KEY, CREATE_USER, CREATED_ON, LINE_NO, MANAGED, FIELD_PATH, DATA_TYPE, DATA1, DATA2, TRANSITIVE_FIELDS, FORMULA, ENTITY_LOOKUP_TYPE)
VALUES ('2c31ea120d9c44a99ff50f2991f5f9b6', 0, '9e3b5932bc3d4313a7e553eae8affbdf', 'originalForwarderVer', 'ORIGINAL_FORWARDER_VER', 'NUMBER(20, 0)', 'N/A', 1, 'integer', '', '', '', '', '', '', '', 0, NULL, 18, NULL, NULL, '', '', 'system', systimestamp, '108', 0, 'entity.vendorInvoiceShipItems.originalForwarderVer', '', '', '', '', '', '');
INSERT INTO CNT_FIELD_DEFINITION
 (ID, REVISION, PARENT_ID, FIELD_ID, COLUMN_NAME, COLUMN_TYPE, REPORT_COLUMN_NAME, PRODUCT_FIELD, FIELD_TYPE, ENTITY_LOOKUP, ENTITY_LOOKUP_KEY, ORDER_BY, GENERATOR, REFER_TABLE, KEY_COLUMN, LOOKUP_COLUMN, MANDATORY, MIN_LENGTH, MAX_LENGTH, MIN_VALUE, MAX_VALUE, CONSTANT_VALUE, UNIQUE_KEY, CREATE_USER, CREATED_ON, LINE_NO, MANAGED, FIELD_PATH, DATA_TYPE, DATA1, DATA2, TRANSITIVE_FIELDS, FORMULA, ENTITY_LOOKUP_TYPE)
VALUES ('98deb0cdb6ee449984dcd149dfd9f1e3', 0, '9e3b5932bc3d4313a7e553eae8affbdf', 'portOfLoadingName', 'PORT_OF_LOADING_NAME', 'NVARCHAR2(400)', 'N/A', 1, 'string-m', '', '', '', '', '', '', '', 0, NULL, 400, NULL, NULL, '', '', 'system', systimestamp, '109', 0, 'entity.vendorInvoiceShipItems.portOfLoadingName', '', '', '', '', '', '');
INSERT INTO CNT_FIELD_DEFINITION
 (ID, REVISION, PARENT_ID, FIELD_ID, COLUMN_NAME, COLUMN_TYPE, REPORT_COLUMN_NAME, PRODUCT_FIELD, FIELD_TYPE, ENTITY_LOOKUP, ENTITY_LOOKUP_KEY, ORDER_BY, GENERATOR, REFER_TABLE, KEY_COLUMN, LOOKUP_COLUMN, MANDATORY, MIN_LENGTH, MAX_LENGTH, MIN_VALUE, MAX_VALUE, CONSTANT_VALUE, UNIQUE_KEY, CREATE_USER, CREATED_ON, LINE_NO, MANAGED, FIELD_PATH, DATA_TYPE, DATA1, DATA2, TRANSITIVE_FIELDS, FORMULA, ENTITY_LOOKUP_TYPE)
VALUES ('ded673a3698f451dac1937d020482df9', 0, '9e3b5932bc3d4313a7e553eae8affbdf', 'custCodelist1Name', 'CUST_CODELIST1_NAME', 'NVARCHAR2(400)', 'N/A', 0, 'string-m', '', '', '', '', '', '', '', 0, NULL, 400, NULL, NULL, '', '', 'system', systimestamp, '110', 0, 'entity.vendorInvoiceShipItems.custCodelist1Name', '', '', '', '', '', '');
INSERT INTO CNT_FIELD_DEFINITION
 (ID, REVISION, PARENT_ID, FIELD_ID, COLUMN_NAME, COLUMN_TYPE, REPORT_COLUMN_NAME, PRODUCT_FIELD, FIELD_TYPE, ENTITY_LOOKUP, ENTITY_LOOKUP_KEY, ORDER_BY, GENERATOR, REFER_TABLE, KEY_COLUMN, LOOKUP_COLUMN, MANDATORY, MIN_LENGTH, MAX_LENGTH, MIN_VALUE, MAX_VALUE, CONSTANT_VALUE, UNIQUE_KEY, CREATE_USER, CREATED_ON, LINE_NO, MANAGED, FIELD_PATH, DATA_TYPE, DATA1, DATA2, TRANSITIVE_FIELDS, FORMULA, ENTITY_LOOKUP_TYPE)
VALUES ('5daa10b1bdf74e56b342b90896d44ef3', 0, '9e3b5932bc3d4313a7e553eae8affbdf', 'custCodelist2Name', 'CUST_CODELIST2_NAME', 'NVARCHAR2(400)', 'N/A', 0, 'string-m', '', '', '', '', '', '', '', 0, NULL, 400, NULL, NULL, '', '', 'system', systimestamp, '111', 0, 'entity.vendorInvoiceShipItems.custCodelist2Name', '', '', '', '', '', '');
INSERT INTO CNT_FIELD_DEFINITION
 (ID, REVISION, PARENT_ID, FIELD_ID, COLUMN_NAME, COLUMN_TYPE, REPORT_COLUMN_NAME, PRODUCT_FIELD, FIELD_TYPE, ENTITY_LOOKUP, ENTITY_LOOKUP_KEY, ORDER_BY, GENERATOR, REFER_TABLE, KEY_COLUMN, LOOKUP_COLUMN, MANDATORY, MIN_LENGTH, MAX_LENGTH, MIN_VALUE, MAX_VALUE, CONSTANT_VALUE, UNIQUE_KEY, CREATE_USER, CREATED_ON, LINE_NO, MANAGED, FIELD_PATH, DATA_TYPE, DATA1, DATA2, TRANSITIVE_FIELDS, FORMULA, ENTITY_LOOKUP_TYPE)
VALUES ('61504d7e3bf04484b99b44c5170abbbb', 0, '9e3b5932bc3d4313a7e553eae8affbdf', 'custCodelist3Name', 'CUST_CODELIST3_NAME', 'NVARCHAR2(400)', 'N/A', 0, 'string-m', '', '', '', '', '', '', '', 0, NULL, 400, NULL, NULL, '', '', 'system', systimestamp, '112', 0, 'entity.vendorInvoiceShipItems.custCodelist3Name', '', '', '', '', '', '');
INSERT INTO CNT_FIELD_DEFINITION
 (ID, REVISION, PARENT_ID, FIELD_ID, COLUMN_NAME, COLUMN_TYPE, REPORT_COLUMN_NAME, PRODUCT_FIELD, FIELD_TYPE, ENTITY_LOOKUP, ENTITY_LOOKUP_KEY, ORDER_BY, GENERATOR, REFER_TABLE, KEY_COLUMN, LOOKUP_COLUMN, MANDATORY, MIN_LENGTH, MAX_LENGTH, MIN_VALUE, MAX_VALUE, CONSTANT_VALUE, UNIQUE_KEY, CREATE_USER, CREATED_ON, LINE_NO, MANAGED, FIELD_PATH, DATA_TYPE, DATA1, DATA2, TRANSITIVE_FIELDS, FORMULA, ENTITY_LOOKUP_TYPE)
VALUES ('fb6631d666774d58bafc8c91e665a30b', 0, '9e3b5932bc3d4313a7e553eae8affbdf', 'custCodelist4Name', 'CUST_CODELIST4_NAME', 'NVARCHAR2(400)', 'N/A', 0, 'string-m', '', '', '', '', '', '', '', 0, NULL, 400, NULL, NULL, '', '', 'system', systimestamp, '113', 0, 'entity.vendorInvoiceShipItems.custCodelist4Name', '', '', '', '', '', '');
INSERT INTO CNT_FIELD_DEFINITION
 (ID, REVISION, PARENT_ID, FIELD_ID, COLUMN_NAME, COLUMN_TYPE, REPORT_COLUMN_NAME, PRODUCT_FIELD, FIELD_TYPE, ENTITY_LOOKUP, ENTITY_LOOKUP_KEY, ORDER_BY, GENERATOR, REFER_TABLE, KEY_COLUMN, LOOKUP_COLUMN, MANDATORY, MIN_LENGTH, MAX_LENGTH, MIN_VALUE, MAX_VALUE, CONSTANT_VALUE, UNIQUE_KEY, CREATE_USER, CREATED_ON, LINE_NO, MANAGED, FIELD_PATH, DATA_TYPE, DATA1, DATA2, TRANSITIVE_FIELDS, FORMULA, ENTITY_LOOKUP_TYPE)
VALUES ('f415858f3e01471ab707c602727bb60f', 0, '9e3b5932bc3d4313a7e553eae8affbdf', 'custCodelist5Name', 'CUST_CODELIST5_NAME', 'NVARCHAR2(400)', 'N/A', 0, 'string-m', '', '', '', '', '', '', '', 0, NULL, 400, NULL, NULL, '', '', 'system', systimestamp, '114', 0, 'entity.vendorInvoiceShipItems.custCodelist5Name', '', '', '', '', '', '');
INSERT INTO CNT_FIELD_DEFINITION
 (ID, REVISION, PARENT_ID, FIELD_ID, COLUMN_NAME, COLUMN_TYPE, REPORT_COLUMN_NAME, PRODUCT_FIELD, FIELD_TYPE, ENTITY_LOOKUP, ENTITY_LOOKUP_KEY, ORDER_BY, GENERATOR, REFER_TABLE, KEY_COLUMN, LOOKUP_COLUMN, MANDATORY, MIN_LENGTH, MAX_LENGTH, MIN_VALUE, MAX_VALUE, CONSTANT_VALUE, UNIQUE_KEY, CREATE_USER, CREATED_ON, LINE_NO, MANAGED, FIELD_PATH, DATA_TYPE, DATA1, DATA2, TRANSITIVE_FIELDS, FORMULA, ENTITY_LOOKUP_TYPE)
VALUES ('bce12609f2e5457c93261c85de709c02', 0, '9e3b5932bc3d4313a7e553eae8affbdf', 'custCodelist6Name', 'CUST_CODELIST6_NAME', 'NVARCHAR2(400)', 'N/A', 0, 'string-m', '', '', '', '', '', '', '', 0, NULL, 400, NULL, NULL, '', '', 'system', systimestamp, '115', 0, 'entity.vendorInvoiceShipItems.custCodelist6Name', '', '', '', '', '', '');
INSERT INTO CNT_FIELD_DEFINITION
 (ID, REVISION, PARENT_ID, FIELD_ID, COLUMN_NAME, COLUMN_TYPE, REPORT_COLUMN_NAME, PRODUCT_FIELD, FIELD_TYPE, ENTITY_LOOKUP, ENTITY_LOOKUP_KEY, ORDER_BY, GENERATOR, REFER_TABLE, KEY_COLUMN, LOOKUP_COLUMN, MANDATORY, MIN_LENGTH, MAX_LENGTH, MIN_VALUE, MAX_VALUE, CONSTANT_VALUE, UNIQUE_KEY, CREATE_USER, CREATED_ON, LINE_NO, MANAGED, FIELD_PATH, DATA_TYPE, DATA1, DATA2, TRANSITIVE_FIELDS, FORMULA, ENTITY_LOOKUP_TYPE)
VALUES ('92b15f87a54e48d894d1fa5255049435', 0, '9e3b5932bc3d4313a7e553eae8affbdf', 'custCodelist7Name', 'CUST_CODELIST7_NAME', 'NVARCHAR2(400)', 'N/A', 0, 'string-m', '', '', '', '', '', '', '', 0, NULL, 400, NULL, NULL, '', '', 'system', systimestamp, '116', 0, 'entity.vendorInvoiceShipItems.custCodelist7Name', '', '', '', '', '', '');
INSERT INTO CNT_FIELD_DEFINITION
 (ID, REVISION, PARENT_ID, FIELD_ID, COLUMN_NAME, COLUMN_TYPE, REPORT_COLUMN_NAME, PRODUCT_FIELD, FIELD_TYPE, ENTITY_LOOKUP, ENTITY_LOOKUP_KEY, ORDER_BY, GENERATOR, REFER_TABLE, KEY_COLUMN, LOOKUP_COLUMN, MANDATORY, MIN_LENGTH, MAX_LENGTH, MIN_VALUE, MAX_VALUE, CONSTANT_VALUE, UNIQUE_KEY, CREATE_USER, CREATED_ON, LINE_NO, MANAGED, FIELD_PATH, DATA_TYPE, DATA1, DATA2, TRANSITIVE_FIELDS, FORMULA, ENTITY_LOOKUP_TYPE)
VALUES ('645eaf5d9f664577954f1e5fce1436de', 0, '9e3b5932bc3d4313a7e553eae8affbdf', 'custHcl1Ref', 'CUST_HCL1_REF', 'NVARCHAR2(1000)', 'N/A', 0, 'string-l', '', '', '', '', '', '', '', 0, NULL, 1000, NULL, NULL, '', '', 'system', systimestamp, '117', 0, 'entity.vendorInvoiceShipItems.custHcl1Ref', '', '', '', '', '', '');
INSERT INTO CNT_FIELD_DEFINITION
 (ID, REVISION, PARENT_ID, FIELD_ID, COLUMN_NAME, COLUMN_TYPE, REPORT_COLUMN_NAME, PRODUCT_FIELD, FIELD_TYPE, ENTITY_LOOKUP, ENTITY_LOOKUP_KEY, ORDER_BY, GENERATOR, REFER_TABLE, KEY_COLUMN, LOOKUP_COLUMN, MANDATORY, MIN_LENGTH, MAX_LENGTH, MIN_VALUE, MAX_VALUE, CONSTANT_VALUE, UNIQUE_KEY, CREATE_USER, CREATED_ON, LINE_NO, MANAGED, FIELD_PATH, DATA_TYPE, DATA1, DATA2, TRANSITIVE_FIELDS, FORMULA, ENTITY_LOOKUP_TYPE)
VALUES ('743aa7a8330e49ada1cc25af6b299fca', 0, '9e3b5932bc3d4313a7e553eae8affbdf', 'custHcl1Ver', 'CUST_HCL1_VER', 'NUMBER(20, 0)', 'N/A', 0, 'integer', '', '', '', '', '', '', '', 0, NULL, 18, NULL, NULL, '', '', 'system', systimestamp, '118', 0, 'entity.vendorInvoiceShipItems.custHcl1Ver', '', '', '', '', '', '');
INSERT INTO CNT_FIELD_DEFINITION
 (ID, REVISION, PARENT_ID, FIELD_ID, COLUMN_NAME, COLUMN_TYPE, REPORT_COLUMN_NAME, PRODUCT_FIELD, FIELD_TYPE, ENTITY_LOOKUP, ENTITY_LOOKUP_KEY, ORDER_BY, GENERATOR, REFER_TABLE, KEY_COLUMN, LOOKUP_COLUMN, MANDATORY, MIN_LENGTH, MAX_LENGTH, MIN_VALUE, MAX_VALUE, CONSTANT_VALUE, UNIQUE_KEY, CREATE_USER, CREATED_ON, LINE_NO, MANAGED, FIELD_PATH, DATA_TYPE, DATA1, DATA2, TRANSITIVE_FIELDS, FORMULA, ENTITY_LOOKUP_TYPE)
VALUES ('9a34ee875874472286bcdcf0d8c30d8c', 0, '9e3b5932bc3d4313a7e553eae8affbdf', 'custHcl1Ref2', 'CUST_HCL1_REF2', 'NVARCHAR2(1000)', 'N/A', 0, 'string-l', '', '', '', '', '', '', '', 0, NULL, 1000, NULL, NULL, '', '', 'system', systimestamp, '119', 0, 'entity.vendorInvoiceShipItems.custHcl1Ref2', '', '', '', '', '', '');
INSERT INTO CNT_FIELD_DEFINITION
 (ID, REVISION, PARENT_ID, FIELD_ID, COLUMN_NAME, COLUMN_TYPE, REPORT_COLUMN_NAME, PRODUCT_FIELD, FIELD_TYPE, ENTITY_LOOKUP, ENTITY_LOOKUP_KEY, ORDER_BY, GENERATOR, REFER_TABLE, KEY_COLUMN, LOOKUP_COLUMN, MANDATORY, MIN_LENGTH, MAX_LENGTH, MIN_VALUE, MAX_VALUE, CONSTANT_VALUE, UNIQUE_KEY, CREATE_USER, CREATED_ON, LINE_NO, MANAGED, FIELD_PATH, DATA_TYPE, DATA1, DATA2, TRANSITIVE_FIELDS, FORMULA, ENTITY_LOOKUP_TYPE)
VALUES ('6b459ba7cf8d435bab80701dbf274454', 0, '9e3b5932bc3d4313a7e553eae8affbdf', 'custHcl1FullLineage', 'CUST_HCL1_FULL_LINEAGE', 'NVARCHAR2(1000)', 'N/A', 0, 'string-l', '', '', '', '', '', '', '', 0, NULL, 1000, NULL, NULL, '', '', 'system', systimestamp, '120', 0, 'entity.vendorInvoiceShipItems.custHcl1FullLineage', '', '', '', '', '', '');
INSERT INTO CNT_FIELD_DEFINITION
 (ID, REVISION, PARENT_ID, FIELD_ID, COLUMN_NAME, COLUMN_TYPE, REPORT_COLUMN_NAME, PRODUCT_FIELD, FIELD_TYPE, ENTITY_LOOKUP, ENTITY_LOOKUP_KEY, ORDER_BY, GENERATOR, REFER_TABLE, KEY_COLUMN, LOOKUP_COLUMN, MANDATORY, MIN_LENGTH, MAX_LENGTH, MIN_VALUE, MAX_VALUE, CONSTANT_VALUE, UNIQUE_KEY, CREATE_USER, CREATED_ON, LINE_NO, MANAGED, FIELD_PATH, DATA_TYPE, DATA1, DATA2, TRANSITIVE_FIELDS, FORMULA, ENTITY_LOOKUP_TYPE)
VALUES ('ed3b3bd24cf84769ba2c8ab7f38f0922', 0, '9e3b5932bc3d4313a7e553eae8affbdf', 'custHcl2Ref', 'CUST_HCL2_REF', 'NVARCHAR2(1000)', 'N/A', 0, 'string-l', '', '', '', '', '', '', '', 0, NULL, 1000, NULL, NULL, '', '', 'system', systimestamp, '121', 0, 'entity.vendorInvoiceShipItems.custHcl2Ref', '', '', '', '', '', '');
INSERT INTO CNT_FIELD_DEFINITION
 (ID, REVISION, PARENT_ID, FIELD_ID, COLUMN_NAME, COLUMN_TYPE, REPORT_COLUMN_NAME, PRODUCT_FIELD, FIELD_TYPE, ENTITY_LOOKUP, ENTITY_LOOKUP_KEY, ORDER_BY, GENERATOR, REFER_TABLE, KEY_COLUMN, LOOKUP_COLUMN, MANDATORY, MIN_LENGTH, MAX_LENGTH, MIN_VALUE, MAX_VALUE, CONSTANT_VALUE, UNIQUE_KEY, CREATE_USER, CREATED_ON, LINE_NO, MANAGED, FIELD_PATH, DATA_TYPE, DATA1, DATA2, TRANSITIVE_FIELDS, FORMULA, ENTITY_LOOKUP_TYPE)
VALUES ('f4e5ba0663ab4080ab57fc06750562ef', 0, '9e3b5932bc3d4313a7e553eae8affbdf', 'custHcl2Ver', 'CUST_HCL2_VER', 'NUMBER(20, 0)', 'N/A', 0, 'integer', '', '', '', '', '', '', '', 0, NULL, 18, NULL, NULL, '', '', 'system', systimestamp, '122', 0, 'entity.vendorInvoiceShipItems.custHcl2Ver', '', '', '', '', '', '');
INSERT INTO CNT_FIELD_DEFINITION
 (ID, REVISION, PARENT_ID, FIELD_ID, COLUMN_NAME, COLUMN_TYPE, REPORT_COLUMN_NAME, PRODUCT_FIELD, FIELD_TYPE, ENTITY_LOOKUP, ENTITY_LOOKUP_KEY, ORDER_BY, GENERATOR, REFER_TABLE, KEY_COLUMN, LOOKUP_COLUMN, MANDATORY, MIN_LENGTH, MAX_LENGTH, MIN_VALUE, MAX_VALUE, CONSTANT_VALUE, UNIQUE_KEY, CREATE_USER, CREATED_ON, LINE_NO, MANAGED, FIELD_PATH, DATA_TYPE, DATA1, DATA2, TRANSITIVE_FIELDS, FORMULA, ENTITY_LOOKUP_TYPE)
VALUES ('22ce330c26b44d6585c2153e09744f51', 0, '9e3b5932bc3d4313a7e553eae8affbdf', 'custHcl2Ref2', 'CUST_HCL2_REF2', 'NVARCHAR2(1000)', 'N/A', 0, 'string-l', '', '', '', '', '', '', '', 0, NULL, 1000, NULL, NULL, '', '', 'system', systimestamp, '123', 0, 'entity.vendorInvoiceShipItems.custHcl2Ref2', '', '', '', '', '', '');
INSERT INTO CNT_FIELD_DEFINITION
 (ID, REVISION, PARENT_ID, FIELD_ID, COLUMN_NAME, COLUMN_TYPE, REPORT_COLUMN_NAME, PRODUCT_FIELD, FIELD_TYPE, ENTITY_LOOKUP, ENTITY_LOOKUP_KEY, ORDER_BY, GENERATOR, REFER_TABLE, KEY_COLUMN, LOOKUP_COLUMN, MANDATORY, MIN_LENGTH, MAX_LENGTH, MIN_VALUE, MAX_VALUE, CONSTANT_VALUE, UNIQUE_KEY, CREATE_USER, CREATED_ON, LINE_NO, MANAGED, FIELD_PATH, DATA_TYPE, DATA1, DATA2, TRANSITIVE_FIELDS, FORMULA, ENTITY_LOOKUP_TYPE)
VALUES ('3f270fa7928745478702c84feefd41e5', 0, '9e3b5932bc3d4313a7e553eae8affbdf', 'custHcl2FullLineage', 'CUST_HCL2_FULL_LINEAGE', 'NVARCHAR2(1000)', 'N/A', 0, 'string-l', '', '', '', '', '', '', '', 0, NULL, 1000, NULL, NULL, '', '', 'system', systimestamp, '124', 0, 'entity.vendorInvoiceShipItems.custHcl2FullLineage', '', '', '', '', '', '');
INSERT INTO CNT_FIELD_DEFINITION
 (ID, REVISION, PARENT_ID, FIELD_ID, COLUMN_NAME, COLUMN_TYPE, REPORT_COLUMN_NAME, PRODUCT_FIELD, FIELD_TYPE, ENTITY_LOOKUP, ENTITY_LOOKUP_KEY, ORDER_BY, GENERATOR, REFER_TABLE, KEY_COLUMN, LOOKUP_COLUMN, MANDATORY, MIN_LENGTH, MAX_LENGTH, MIN_VALUE, MAX_VALUE, CONSTANT_VALUE, UNIQUE_KEY, CREATE_USER, CREATED_ON, LINE_NO, MANAGED, FIELD_PATH, DATA_TYPE, DATA1, DATA2, TRANSITIVE_FIELDS, FORMULA, ENTITY_LOOKUP_TYPE)
VALUES ('00e5298cd32b49bea75ee512a9701e77', 0, '9e3b5932bc3d4313a7e553eae8affbdf', 'custHcl3Ref', 'CUST_HCL3_REF', 'NVARCHAR2(1000)', 'N/A', 0, 'string-l', '', '', '', '', '', '', '', 0, NULL, 1000, NULL, NULL, '', '', 'system', systimestamp, '125', 0, 'entity.vendorInvoiceShipItems.custHcl3Ref', '', '', '', '', '', '');
INSERT INTO CNT_FIELD_DEFINITION
 (ID, REVISION, PARENT_ID, FIELD_ID, COLUMN_NAME, COLUMN_TYPE, REPORT_COLUMN_NAME, PRODUCT_FIELD, FIELD_TYPE, ENTITY_LOOKUP, ENTITY_LOOKUP_KEY, ORDER_BY, GENERATOR, REFER_TABLE, KEY_COLUMN, LOOKUP_COLUMN, MANDATORY, MIN_LENGTH, MAX_LENGTH, MIN_VALUE, MAX_VALUE, CONSTANT_VALUE, UNIQUE_KEY, CREATE_USER, CREATED_ON, LINE_NO, MANAGED, FIELD_PATH, DATA_TYPE, DATA1, DATA2, TRANSITIVE_FIELDS, FORMULA, ENTITY_LOOKUP_TYPE)
VALUES ('c3d902ab7b1b44bcb1050617032dfc36', 0, '9e3b5932bc3d4313a7e553eae8affbdf', 'custHcl3Ver', 'CUST_HCL3_VER', 'NUMBER(20, 0)', 'N/A', 0, 'integer', '', '', '', '', '', '', '', 0, NULL, 18, NULL, NULL, '', '', 'system', systimestamp, '126', 0, 'entity.vendorInvoiceShipItems.custHcl3Ver', '', '', '', '', '', '');
INSERT INTO CNT_FIELD_DEFINITION
 (ID, REVISION, PARENT_ID, FIELD_ID, COLUMN_NAME, COLUMN_TYPE, REPORT_COLUMN_NAME, PRODUCT_FIELD, FIELD_TYPE, ENTITY_LOOKUP, ENTITY_LOOKUP_KEY, ORDER_BY, GENERATOR, REFER_TABLE, KEY_COLUMN, LOOKUP_COLUMN, MANDATORY, MIN_LENGTH, MAX_LENGTH, MIN_VALUE, MAX_VALUE, CONSTANT_VALUE, UNIQUE_KEY, CREATE_USER, CREATED_ON, LINE_NO, MANAGED, FIELD_PATH, DATA_TYPE, DATA1, DATA2, TRANSITIVE_FIELDS, FORMULA, ENTITY_LOOKUP_TYPE)
VALUES ('30818453fc014d6a8baf3bd1ad4155ba', 0, '9e3b5932bc3d4313a7e553eae8affbdf', 'custHcl3Ref2', 'CUST_HCL3_REF2', 'NVARCHAR2(1000)', 'N/A', 0, 'string-l', '', '', '', '', '', '', '', 0, NULL, 1000, NULL, NULL, '', '', 'system', systimestamp, '127', 0, 'entity.vendorInvoiceShipItems.custHcl3Ref2', '', '', '', '', '', '');
INSERT INTO CNT_FIELD_DEFINITION
 (ID, REVISION, PARENT_ID, FIELD_ID, COLUMN_NAME, COLUMN_TYPE, REPORT_COLUMN_NAME, PRODUCT_FIELD, FIELD_TYPE, ENTITY_LOOKUP, ENTITY_LOOKUP_KEY, ORDER_BY, GENERATOR, REFER_TABLE, KEY_COLUMN, LOOKUP_COLUMN, MANDATORY, MIN_LENGTH, MAX_LENGTH, MIN_VALUE, MAX_VALUE, CONSTANT_VALUE, UNIQUE_KEY, CREATE_USER, CREATED_ON, LINE_NO, MANAGED, FIELD_PATH, DATA_TYPE, DATA1, DATA2, TRANSITIVE_FIELDS, FORMULA, ENTITY_LOOKUP_TYPE)
VALUES ('6f46c5d8d0ed4d42b72edb829030cd49', 0, '9e3b5932bc3d4313a7e553eae8affbdf', 'custHcl3FullLineage', 'CUST_HCL3_FULL_LINEAGE', 'NVARCHAR2(1000)', 'N/A', 0, 'string-l', '', '', '', '', '', '', '', 0, NULL, 1000, NULL, NULL, '', '', 'system', systimestamp, '128', 0, 'entity.vendorInvoiceShipItems.custHcl3FullLineage', '', '', '', '', '', '');
INSERT INTO CNT_FIELD_DEFINITION
 (ID, REVISION, PARENT_ID, FIELD_ID, COLUMN_NAME, COLUMN_TYPE, REPORT_COLUMN_NAME, PRODUCT_FIELD, FIELD_TYPE, ENTITY_LOOKUP, ENTITY_LOOKUP_KEY, ORDER_BY, GENERATOR, REFER_TABLE, KEY_COLUMN, LOOKUP_COLUMN, MANDATORY, MIN_LENGTH, MAX_LENGTH, MIN_VALUE, MAX_VALUE, CONSTANT_VALUE, UNIQUE_KEY, CREATE_USER, CREATED_ON, LINE_NO, MANAGED, FIELD_PATH, DATA_TYPE, DATA1, DATA2, TRANSITIVE_FIELDS, FORMULA, ENTITY_LOOKUP_TYPE)
VALUES ('5c240ed922f24c73a835cf58d59fdaac', 0, '9e3b5932bc3d4313a7e553eae8affbdf', 'custHcl4Ref', 'CUST_HCL4_REF', 'NVARCHAR2(1000)', 'N/A', 0, 'string-l', '', '', '', '', '', '', '', 0, NULL, 1000, NULL, NULL, '', '', 'system', systimestamp, '129', 0, 'entity.vendorInvoiceShipItems.custHcl4Ref', '', '', '', '', '', '');
INSERT INTO CNT_FIELD_DEFINITION
 (ID, REVISION, PARENT_ID, FIELD_ID, COLUMN_NAME, COLUMN_TYPE, REPORT_COLUMN_NAME, PRODUCT_FIELD, FIELD_TYPE, ENTITY_LOOKUP, ENTITY_LOOKUP_KEY, ORDER_BY, GENERATOR, REFER_TABLE, KEY_COLUMN, LOOKUP_COLUMN, MANDATORY, MIN_LENGTH, MAX_LENGTH, MIN_VALUE, MAX_VALUE, CONSTANT_VALUE, UNIQUE_KEY, CREATE_USER, CREATED_ON, LINE_NO, MANAGED, FIELD_PATH, DATA_TYPE, DATA1, DATA2, TRANSITIVE_FIELDS, FORMULA, ENTITY_LOOKUP_TYPE)
VALUES ('12667adc58ec4a61843c7800b04f6b2b', 0, '9e3b5932bc3d4313a7e553eae8affbdf', 'custHcl4Ver', 'CUST_HCL4_VER', 'NUMBER(20, 0)', 'N/A', 0, 'integer', '', '', '', '', '', '', '', 0, NULL, 18, NULL, NULL, '', '', 'system', systimestamp, '130', 0, 'entity.vendorInvoiceShipItems.custHcl4Ver', '', '', '', '', '', '');
INSERT INTO CNT_FIELD_DEFINITION
 (ID, REVISION, PARENT_ID, FIELD_ID, COLUMN_NAME, COLUMN_TYPE, REPORT_COLUMN_NAME, PRODUCT_FIELD, FIELD_TYPE, ENTITY_LOOKUP, ENTITY_LOOKUP_KEY, ORDER_BY, GENERATOR, REFER_TABLE, KEY_COLUMN, LOOKUP_COLUMN, MANDATORY, MIN_LENGTH, MAX_LENGTH, MIN_VALUE, MAX_VALUE, CONSTANT_VALUE, UNIQUE_KEY, CREATE_USER, CREATED_ON, LINE_NO, MANAGED, FIELD_PATH, DATA_TYPE, DATA1, DATA2, TRANSITIVE_FIELDS, FORMULA, ENTITY_LOOKUP_TYPE)
VALUES ('8cae0cfa948547a6a92a02d10ecdd97d', 0, '9e3b5932bc3d4313a7e553eae8affbdf', 'custHcl4Ref2', 'CUST_HCL4_REF2', 'NVARCHAR2(1000)', 'N/A', 0, 'string-l', '', '', '', '', '', '', '', 0, NULL, 1000, NULL, NULL, '', '', 'system', systimestamp, '131', 0, 'entity.vendorInvoiceShipItems.custHcl4Ref2', '', '', '', '', '', '');
INSERT INTO CNT_FIELD_DEFINITION
 (ID, REVISION, PARENT_ID, FIELD_ID, COLUMN_NAME, COLUMN_TYPE, REPORT_COLUMN_NAME, PRODUCT_FIELD, FIELD_TYPE, ENTITY_LOOKUP, ENTITY_LOOKUP_KEY, ORDER_BY, GENERATOR, REFER_TABLE, KEY_COLUMN, LOOKUP_COLUMN, MANDATORY, MIN_LENGTH, MAX_LENGTH, MIN_VALUE, MAX_VALUE, CONSTANT_VALUE, UNIQUE_KEY, CREATE_USER, CREATED_ON, LINE_NO, MANAGED, FIELD_PATH, DATA_TYPE, DATA1, DATA2, TRANSITIVE_FIELDS, FORMULA, ENTITY_LOOKUP_TYPE)
VALUES ('179c52ee4d0e4b45946bee6eed5dd150', 0, '9e3b5932bc3d4313a7e553eae8affbdf', 'custHcl4FullLineage', 'CUST_HCL4_FULL_LINEAGE', 'NVARCHAR2(1000)', 'N/A', 0, 'string-l', '', '', '', '', '', '', '', 0, NULL, 1000, NULL, NULL, '', '', 'system', systimestamp, '132', 0, 'entity.vendorInvoiceShipItems.custHcl4FullLineage', '', '', '', '', '', '');
INSERT INTO CNT_FIELD_DEFINITION
 (ID, REVISION, PARENT_ID, FIELD_ID, COLUMN_NAME, COLUMN_TYPE, REPORT_COLUMN_NAME, PRODUCT_FIELD, FIELD_TYPE, ENTITY_LOOKUP, ENTITY_LOOKUP_KEY, ORDER_BY, GENERATOR, REFER_TABLE, KEY_COLUMN, LOOKUP_COLUMN, MANDATORY, MIN_LENGTH, MAX_LENGTH, MIN_VALUE, MAX_VALUE, CONSTANT_VALUE, UNIQUE_KEY, CREATE_USER, CREATED_ON, LINE_NO, MANAGED, FIELD_PATH, DATA_TYPE, DATA1, DATA2, TRANSITIVE_FIELDS, FORMULA, ENTITY_LOOKUP_TYPE)
VALUES ('9eabe8426fc341caa9bf827a4a8fe75a', 0, '9e3b5932bc3d4313a7e553eae8affbdf', 'custHcl5Ref', 'CUST_HCL5_REF', 'NVARCHAR2(1000)', 'N/A', 0, 'string-l', '', '', '', '', '', '', '', 0, NULL, 1000, NULL, NULL, '', '', 'system', systimestamp, '133', 0, 'entity.vendorInvoiceShipItems.custHcl5Ref', '', '', '', '', '', '');
INSERT INTO CNT_FIELD_DEFINITION
 (ID, REVISION, PARENT_ID, FIELD_ID, COLUMN_NAME, COLUMN_TYPE, REPORT_COLUMN_NAME, PRODUCT_FIELD, FIELD_TYPE, ENTITY_LOOKUP, ENTITY_LOOKUP_KEY, ORDER_BY, GENERATOR, REFER_TABLE, KEY_COLUMN, LOOKUP_COLUMN, MANDATORY, MIN_LENGTH, MAX_LENGTH, MIN_VALUE, MAX_VALUE, CONSTANT_VALUE, UNIQUE_KEY, CREATE_USER, CREATED_ON, LINE_NO, MANAGED, FIELD_PATH, DATA_TYPE, DATA1, DATA2, TRANSITIVE_FIELDS, FORMULA, ENTITY_LOOKUP_TYPE)
VALUES ('3f690f0906764bb0a8fb4f110bf68932', 0, '9e3b5932bc3d4313a7e553eae8affbdf', 'custHcl5Ver', 'CUST_HCL5_VER', 'NUMBER(20, 0)', 'N/A', 0, 'integer', '', '', '', '', '', '', '', 0, NULL, 18, NULL, NULL, '', '', 'system', systimestamp, '134', 0, 'entity.vendorInvoiceShipItems.custHcl5Ver', '', '', '', '', '', '');
INSERT INTO CNT_FIELD_DEFINITION
 (ID, REVISION, PARENT_ID, FIELD_ID, COLUMN_NAME, COLUMN_TYPE, REPORT_COLUMN_NAME, PRODUCT_FIELD, FIELD_TYPE, ENTITY_LOOKUP, ENTITY_LOOKUP_KEY, ORDER_BY, GENERATOR, REFER_TABLE, KEY_COLUMN, LOOKUP_COLUMN, MANDATORY, MIN_LENGTH, MAX_LENGTH, MIN_VALUE, MAX_VALUE, CONSTANT_VALUE, UNIQUE_KEY, CREATE_USER, CREATED_ON, LINE_NO, MANAGED, FIELD_PATH, DATA_TYPE, DATA1, DATA2, TRANSITIVE_FIELDS, FORMULA, ENTITY_LOOKUP_TYPE)
VALUES ('56565e8373cf47ffb5397559c69dcd73', 0, '9e3b5932bc3d4313a7e553eae8affbdf', 'custHcl5Ref2', 'CUST_HCL5_REF2', 'NVARCHAR2(1000)', 'N/A', 0, 'string-l', '', '', '', '', '', '', '', 0, NULL, 1000, NULL, NULL, '', '', 'system', systimestamp, '135', 0, 'entity.vendorInvoiceShipItems.custHcl5Ref2', '', '', '', '', '', '');
INSERT INTO CNT_FIELD_DEFINITION
 (ID, REVISION, PARENT_ID, FIELD_ID, COLUMN_NAME, COLUMN_TYPE, REPORT_COLUMN_NAME, PRODUCT_FIELD, FIELD_TYPE, ENTITY_LOOKUP, ENTITY_LOOKUP_KEY, ORDER_BY, GENERATOR, REFER_TABLE, KEY_COLUMN, LOOKUP_COLUMN, MANDATORY, MIN_LENGTH, MAX_LENGTH, MIN_VALUE, MAX_VALUE, CONSTANT_VALUE, UNIQUE_KEY, CREATE_USER, CREATED_ON, LINE_NO, MANAGED, FIELD_PATH, DATA_TYPE, DATA1, DATA2, TRANSITIVE_FIELDS, FORMULA, ENTITY_LOOKUP_TYPE)
VALUES ('d5c0e689e822475a9fbc5c2ab189d820', 0, '9e3b5932bc3d4313a7e553eae8affbdf', 'custHcl5FullLineage', 'CUST_HCL5_FULL_LINEAGE', 'NVARCHAR2(1000)', 'N/A', 0, 'string-l', '', '', '', '', '', '', '', 0, NULL, 1000, NULL, NULL, '', '', 'system', systimestamp, '136', 0, 'entity.vendorInvoiceShipItems.custHcl5FullLineage', '', '', '', '', '', '');
INSERT INTO CNT_ENTITY_DEFINITION
 (ID, REVISION, ENTITY_NAME, ENTITY_VERSION, PRODUCT_TABLE_NAME, CUSTOM_TABLE_NAME, REPORT_TABLE_NAME, MODULE, TYPE, REVISION_TRACKING, VERSION_TRACKING, HISTORY_ENTITY_NAME, REF_PATTERN, SYSTEM_ENTITY, CREATE_USER, CREATED_ON, IS_FOR_EXTERNAL)
VALUES ('f07031098f5141ad87809c363c36a246', 0, 'VIShipmentItemColor', 1, 'CNT_VI_ITEM_COLOR', 'CTM_VENDOR_INVOICE', 'VENDOR_INVOICE_ITEM_COLOR', 'vendorInvoice', 'inner', '', 'ALL', '', '', 0, 'system', systimestamp, 0);
INSERT INTO CNT_FIELD_DEFINITION
 (ID, REVISION, PARENT_ID, FIELD_ID, COLUMN_NAME, COLUMN_TYPE, REPORT_COLUMN_NAME, PRODUCT_FIELD, FIELD_TYPE, ENTITY_LOOKUP, ENTITY_LOOKUP_KEY, ORDER_BY, GENERATOR, REFER_TABLE, KEY_COLUMN, LOOKUP_COLUMN, MANDATORY, MIN_LENGTH, MAX_LENGTH, MIN_VALUE, MAX_VALUE, CONSTANT_VALUE, UNIQUE_KEY, CREATE_USER, CREATED_ON, LINE_NO, MANAGED, FIELD_PATH, DATA_TYPE, DATA1, DATA2, TRANSITIVE_FIELDS, FORMULA, ENTITY_LOOKUP_TYPE)
VALUES ('c7156712b60b4c33a2963899d0391b93', 0, 'f07031098f5141ad87809c363c36a246', 'id', 'ID', 'CHAR(32)', '', 1, 'id', '', '', '', 'com.core.cbx.data.generator.UUIDGenerator', '', '', '', 0, 32, 32, NULL, NULL, '', '', 'system', systimestamp, '0', 0, 'entity.vendorInvoiceShipItems.viShipmentItemColors.id', '', '', '', '', '', '');
INSERT INTO CNT_FIELD_DEFINITION
 (ID, REVISION, PARENT_ID, FIELD_ID, COLUMN_NAME, COLUMN_TYPE, REPORT_COLUMN_NAME, PRODUCT_FIELD, FIELD_TYPE, ENTITY_LOOKUP, ENTITY_LOOKUP_KEY, ORDER_BY, GENERATOR, REFER_TABLE, KEY_COLUMN, LOOKUP_COLUMN, MANDATORY, MIN_LENGTH, MAX_LENGTH, MIN_VALUE, MAX_VALUE, CONSTANT_VALUE, UNIQUE_KEY, CREATE_USER, CREATED_ON, LINE_NO, MANAGED, FIELD_PATH, DATA_TYPE, DATA1, DATA2, TRANSITIVE_FIELDS, FORMULA, ENTITY_LOOKUP_TYPE)
VALUES ('0a085d5214f04db78cf37c93ffca18a1', 0, 'f07031098f5141ad87809c363c36a246', 'revision', 'REVISION', 'NUMBER(20, 0)', '', 1, 'integer', '', '', '', '', '', '', '', 0, NULL, 18, NULL, NULL, '', '', 'system', systimestamp, '1', 0, 'entity.vendorInvoiceShipItems.viShipmentItemColors.revision', '', '', '', '', '', '');
INSERT INTO CNT_FIELD_DEFINITION
 (ID, REVISION, PARENT_ID, FIELD_ID, COLUMN_NAME, COLUMN_TYPE, REPORT_COLUMN_NAME, PRODUCT_FIELD, FIELD_TYPE, ENTITY_LOOKUP, ENTITY_LOOKUP_KEY, ORDER_BY, GENERATOR, REFER_TABLE, KEY_COLUMN, LOOKUP_COLUMN, MANDATORY, MIN_LENGTH, MAX_LENGTH, MIN_VALUE, MAX_VALUE, CONSTANT_VALUE, UNIQUE_KEY, CREATE_USER, CREATED_ON, LINE_NO, MANAGED, FIELD_PATH, DATA_TYPE, DATA1, DATA2, TRANSITIVE_FIELDS, FORMULA, ENTITY_LOOKUP_TYPE)
VALUES ('e1bf5d46baae48cda8e3b5ea588b0e2e', 0, 'f07031098f5141ad87809c363c36a246', 'entityVersion', 'ENTITY_VERSION', 'NUMBER(20, 0)', '', 1, 'integer', '', '', '', '', '', '', '', 0, NULL, 18, NULL, NULL, '', '', 'system', systimestamp, '2', 0, 'entity.vendorInvoiceShipItems.viShipmentItemColors.entityVersion', '', '', '', '', '', '');
INSERT INTO CNT_FIELD_DEFINITION
 (ID, REVISION, PARENT_ID, FIELD_ID, COLUMN_NAME, COLUMN_TYPE, REPORT_COLUMN_NAME, PRODUCT_FIELD, FIELD_TYPE, ENTITY_LOOKUP, ENTITY_LOOKUP_KEY, ORDER_BY, GENERATOR, REFER_TABLE, KEY_COLUMN, LOOKUP_COLUMN, MANDATORY, MIN_LENGTH, MAX_LENGTH, MIN_VALUE, MAX_VALUE, CONSTANT_VALUE, UNIQUE_KEY, CREATE_USER, CREATED_ON, LINE_NO, MANAGED, FIELD_PATH, DATA_TYPE, DATA1, DATA2, TRANSITIVE_FIELDS, FORMULA, ENTITY_LOOKUP_TYPE)
VALUES ('e5084f76e00d4528a759acccab9d65d5', 0, 'f07031098f5141ad87809c363c36a246', 'domainId', 'DOMAIN_ID', 'NVARCHAR2(400)', '', 1, 'string-m', '', '', '', '', '', '', '', 0, NULL, 400, NULL, NULL, '', '', 'system', systimestamp, '3', 0, 'entity.vendorInvoiceShipItems.viShipmentItemColors.domainId', '', '', '', '', '', '');
INSERT INTO CNT_FIELD_DEFINITION
 (ID, REVISION, PARENT_ID, FIELD_ID, COLUMN_NAME, COLUMN_TYPE, REPORT_COLUMN_NAME, PRODUCT_FIELD, FIELD_TYPE, ENTITY_LOOKUP, ENTITY_LOOKUP_KEY, ORDER_BY, GENERATOR, REFER_TABLE, KEY_COLUMN, LOOKUP_COLUMN, MANDATORY, MIN_LENGTH, MAX_LENGTH, MIN_VALUE, MAX_VALUE, CONSTANT_VALUE, UNIQUE_KEY, CREATE_USER, CREATED_ON, LINE_NO, MANAGED, FIELD_PATH, DATA_TYPE, DATA1, DATA2, TRANSITIVE_FIELDS, FORMULA, ENTITY_LOOKUP_TYPE)
VALUES ('3617f0ba352c42faa0ef1f8ce23217a3', 0, 'f07031098f5141ad87809c363c36a246', 'hubDomainId', 'HUB_DOMAIN_ID', 'NVARCHAR2(400)', '', 1, 'string-m', '', '', '', '', '', '', '', 0, NULL, 400, NULL, NULL, '', '', 'system', systimestamp, '4', 0, 'entity.vendorInvoiceShipItems.viShipmentItemColors.hubDomainId', '', '', '', '', '', '');
INSERT INTO CNT_FIELD_DEFINITION
 (ID, REVISION, PARENT_ID, FIELD_ID, COLUMN_NAME, COLUMN_TYPE, REPORT_COLUMN_NAME, PRODUCT_FIELD, FIELD_TYPE, ENTITY_LOOKUP, ENTITY_LOOKUP_KEY, ORDER_BY, GENERATOR, REFER_TABLE, KEY_COLUMN, LOOKUP_COLUMN, MANDATORY, MIN_LENGTH, MAX_LENGTH, MIN_VALUE, MAX_VALUE, CONSTANT_VALUE, UNIQUE_KEY, CREATE_USER, CREATED_ON, LINE_NO, MANAGED, FIELD_PATH, DATA_TYPE, DATA1, DATA2, TRANSITIVE_FIELDS, FORMULA, ENTITY_LOOKUP_TYPE)
VALUES ('24a2cabb8a82417a97b1ef61f5c3ad81', 0, 'f07031098f5141ad87809c363c36a246', 'isForReference', 'IS_FOR_REFERENCE', 'NUMBER(1,0)', '', 1, 'boolean', '', '', '', '', '', '', '', 0, NULL, NULL, NULL, NULL, '', '', 'system', systimestamp, '5', 0, 'entity.vendorInvoiceShipItems.viShipmentItemColors.isForReference', '', '', '', '', '', '');
INSERT INTO CNT_FIELD_DEFINITION
 (ID, REVISION, PARENT_ID, FIELD_ID, COLUMN_NAME, COLUMN_TYPE, REPORT_COLUMN_NAME, PRODUCT_FIELD, FIELD_TYPE, ENTITY_LOOKUP, ENTITY_LOOKUP_KEY, ORDER_BY, GENERATOR, REFER_TABLE, KEY_COLUMN, LOOKUP_COLUMN, MANDATORY, MIN_LENGTH, MAX_LENGTH, MIN_VALUE, MAX_VALUE, CONSTANT_VALUE, UNIQUE_KEY, CREATE_USER, CREATED_ON, LINE_NO, MANAGED, FIELD_PATH, DATA_TYPE, DATA1, DATA2, TRANSITIVE_FIELDS, FORMULA, ENTITY_LOOKUP_TYPE)
VALUES ('ea6d7d1f28f44301b06486fcb213c7e7', 0, 'f07031098f5141ad87809c363c36a246', 'internalSeqNo', 'INTERNAL_SEQ_NO', 'NUMBER(20, 0)', 'n/a', 1, 'integer', '', '', '', '', '', '', '', 0, NULL, 18, NULL, NULL, '', '', 'system', systimestamp, '6', 0, 'entity.vendorInvoiceShipItems.viShipmentItemColors.internalSeqNo', '', '', '', '', '', '');
INSERT INTO CNT_FIELD_DEFINITION
 (ID, REVISION, PARENT_ID, FIELD_ID, COLUMN_NAME, COLUMN_TYPE, REPORT_COLUMN_NAME, PRODUCT_FIELD, FIELD_TYPE, ENTITY_LOOKUP, ENTITY_LOOKUP_KEY, ORDER_BY, GENERATOR, REFER_TABLE, KEY_COLUMN, LOOKUP_COLUMN, MANDATORY, MIN_LENGTH, MAX_LENGTH, MIN_VALUE, MAX_VALUE, CONSTANT_VALUE, UNIQUE_KEY, CREATE_USER, CREATED_ON, LINE_NO, MANAGED, FIELD_PATH, DATA_TYPE, DATA1, DATA2, TRANSITIVE_FIELDS, FORMULA, ENTITY_LOOKUP_TYPE)
VALUES ('cd23ccccefed4705926136648a402b58', 0, 'f07031098f5141ad87809c363c36a246', 'viShipmentItemId', 'VI_SHIPMENT_ITEM_ID', 'CHAR(32)', 'VENDOR_INVOICE_ITEM_SYS_ID', 1, 'id', '', '', '', '', '', '', '', 1, 32, 32, NULL, NULL, '', '', 'system', systimestamp, '7', 0, 'entity.vendorInvoiceShipItems.viShipmentItemColors.viShipmentItemId', '', '', '', '', '', '');
INSERT INTO CNT_FIELD_DEFINITION
 (ID, REVISION, PARENT_ID, FIELD_ID, COLUMN_NAME, COLUMN_TYPE, REPORT_COLUMN_NAME, PRODUCT_FIELD, FIELD_TYPE, ENTITY_LOOKUP, ENTITY_LOOKUP_KEY, ORDER_BY, GENERATOR, REFER_TABLE, KEY_COLUMN, LOOKUP_COLUMN, MANDATORY, MIN_LENGTH, MAX_LENGTH, MIN_VALUE, MAX_VALUE, CONSTANT_VALUE, UNIQUE_KEY, CREATE_USER, CREATED_ON, LINE_NO, MANAGED, FIELD_PATH, DATA_TYPE, DATA1, DATA2, TRANSITIVE_FIELDS, FORMULA, ENTITY_LOOKUP_TYPE)
VALUES ('5b861f95f42d49da965f3fcfcfbc6404', 0, 'f07031098f5141ad87809c363c36a246', 'itemId', 'ITEM_ID', 'CHAR(32)', 'ITEM_SYS_ID', 1, 'id', '', '', '', '', '', '', '', 0, 32, 32, NULL, NULL, '', '', 'system', systimestamp, '8', 0, 'entity.vendorInvoiceShipItems.viShipmentItemColors.itemId', '', '', '', '', '', '');
INSERT INTO CNT_FIELD_DEFINITION
 (ID, REVISION, PARENT_ID, FIELD_ID, COLUMN_NAME, COLUMN_TYPE, REPORT_COLUMN_NAME, PRODUCT_FIELD, FIELD_TYPE, ENTITY_LOOKUP, ENTITY_LOOKUP_KEY, ORDER_BY, GENERATOR, REFER_TABLE, KEY_COLUMN, LOOKUP_COLUMN, MANDATORY, MIN_LENGTH, MAX_LENGTH, MIN_VALUE, MAX_VALUE, CONSTANT_VALUE, UNIQUE_KEY, CREATE_USER, CREATED_ON, LINE_NO, MANAGED, FIELD_PATH, DATA_TYPE, DATA1, DATA2, TRANSITIVE_FIELDS, FORMULA, ENTITY_LOOKUP_TYPE)
VALUES ('b62221e914d84375a6d74e5d8e37fa34', 0, 'f07031098f5141ad87809c363c36a246', 'specId', 'SPEC_ID', 'CHAR(32)', 'SPECIFICATION_SYS_ID', 1, 'id', '', '', '', '', '', '', '', 0, 32, 32, NULL, NULL, '', '', 'system', systimestamp, '9', 0, 'entity.vendorInvoiceShipItems.viShipmentItemColors.specId', '', '', '', '', '', '');
INSERT INTO CNT_FIELD_DEFINITION
 (ID, REVISION, PARENT_ID, FIELD_ID, COLUMN_NAME, COLUMN_TYPE, REPORT_COLUMN_NAME, PRODUCT_FIELD, FIELD_TYPE, ENTITY_LOOKUP, ENTITY_LOOKUP_KEY, ORDER_BY, GENERATOR, REFER_TABLE, KEY_COLUMN, LOOKUP_COLUMN, MANDATORY, MIN_LENGTH, MAX_LENGTH, MIN_VALUE, MAX_VALUE, CONSTANT_VALUE, UNIQUE_KEY, CREATE_USER, CREATED_ON, LINE_NO, MANAGED, FIELD_PATH, DATA_TYPE, DATA1, DATA2, TRANSITIVE_FIELDS, FORMULA, ENTITY_LOOKUP_TYPE)
VALUES ('8e032d0e49734adb874dbcd5111dcf49', 0, 'f07031098f5141ad87809c363c36a246', 'specColorId', 'SPEC_COLOR_ID', 'CHAR(32)', 'SPECIFICATION_COLOR_SYS_ID', 1, 'id', '', '', '', '', '', '', '', 0, 32, 32, NULL, NULL, '', '', 'system', systimestamp, '10', 0, 'entity.vendorInvoiceShipItems.viShipmentItemColors.specColorId', '', '', '', '', '', '');
INSERT INTO CNT_FIELD_DEFINITION
 (ID, REVISION, PARENT_ID, FIELD_ID, COLUMN_NAME, COLUMN_TYPE, REPORT_COLUMN_NAME, PRODUCT_FIELD, FIELD_TYPE, ENTITY_LOOKUP, ENTITY_LOOKUP_KEY, ORDER_BY, GENERATOR, REFER_TABLE, KEY_COLUMN, LOOKUP_COLUMN, MANDATORY, MIN_LENGTH, MAX_LENGTH, MIN_VALUE, MAX_VALUE, CONSTANT_VALUE, UNIQUE_KEY, CREATE_USER, CREATED_ON, LINE_NO, MANAGED, FIELD_PATH, DATA_TYPE, DATA1, DATA2, TRANSITIVE_FIELDS, FORMULA, ENTITY_LOOKUP_TYPE)
VALUES ('54698fa5fa39462b80d15593f756c042', 0, 'f07031098f5141ad87809c363c36a246', 'vpoItemColor', 'VPO_ITEM_COLOR_ID', 'CHAR(32)', 'VENDOR_PO_ITEM_COLOR_SYS_ID', 1, 'entity', 'VpoItemColor', 'id', '', '', '', '', '', 1, 32, 32, NULL, NULL, '', '', 'system', systimestamp, '11', 0, 'entity.vendorInvoiceShipItems.viShipmentItemColors.vpoItemColor', '', '', '', '', '', 'Snapshot');
INSERT INTO CNT_FIELD_DEFINITION
 (ID, REVISION, PARENT_ID, FIELD_ID, COLUMN_NAME, COLUMN_TYPE, REPORT_COLUMN_NAME, PRODUCT_FIELD, FIELD_TYPE, ENTITY_LOOKUP, ENTITY_LOOKUP_KEY, ORDER_BY, GENERATOR, REFER_TABLE, KEY_COLUMN, LOOKUP_COLUMN, MANDATORY, MIN_LENGTH, MAX_LENGTH, MIN_VALUE, MAX_VALUE, CONSTANT_VALUE, UNIQUE_KEY, CREATE_USER, CREATED_ON, LINE_NO, MANAGED, FIELD_PATH, DATA_TYPE, DATA1, DATA2, TRANSITIVE_FIELDS, FORMULA, ENTITY_LOOKUP_TYPE)
VALUES ('797df360b42841c8beb12406362954a2', 0, 'f07031098f5141ad87809c363c36a246', 'seq', 'SEQ', 'NUMBER(20, 0)', 'SEQ', 1, 'integer', '', '', '', '', '', '', '', 0, NULL, 18, NULL, NULL, '', '', 'system', systimestamp, '12', 0, 'entity.vendorInvoiceShipItems.viShipmentItemColors.seq', '', '', '', '', '', '');
INSERT INTO CNT_FIELD_DEFINITION
 (ID, REVISION, PARENT_ID, FIELD_ID, COLUMN_NAME, COLUMN_TYPE, REPORT_COLUMN_NAME, PRODUCT_FIELD, FIELD_TYPE, ENTITY_LOOKUP, ENTITY_LOOKUP_KEY, ORDER_BY, GENERATOR, REFER_TABLE, KEY_COLUMN, LOOKUP_COLUMN, MANDATORY, MIN_LENGTH, MAX_LENGTH, MIN_VALUE, MAX_VALUE, CONSTANT_VALUE, UNIQUE_KEY, CREATE_USER, CREATED_ON, LINE_NO, MANAGED, FIELD_PATH, DATA_TYPE, DATA1, DATA2, TRANSITIVE_FIELDS, FORMULA, ENTITY_LOOKUP_TYPE)
VALUES ('db75d816acbc4041b532322e83119f84', 0, 'f07031098f5141ad87809c363c36a246', 'colorCode', 'COLOR_CODE', 'NVARCHAR2(400)', 'COLOR_CODE', 1, 'string-m', '', '', '', '', '', '', '', 0, NULL, 400, NULL, NULL, '', '', 'system', systimestamp, '13', 0, 'entity.vendorInvoiceShipItems.viShipmentItemColors.colorCode', '', '', '', '', '', '');
INSERT INTO CNT_FIELD_DEFINITION
 (ID, REVISION, PARENT_ID, FIELD_ID, COLUMN_NAME, COLUMN_TYPE, REPORT_COLUMN_NAME, PRODUCT_FIELD, FIELD_TYPE, ENTITY_LOOKUP, ENTITY_LOOKUP_KEY, ORDER_BY, GENERATOR, REFER_TABLE, KEY_COLUMN, LOOKUP_COLUMN, MANDATORY, MIN_LENGTH, MAX_LENGTH, MIN_VALUE, MAX_VALUE, CONSTANT_VALUE, UNIQUE_KEY, CREATE_USER, CREATED_ON, LINE_NO, MANAGED, FIELD_PATH, DATA_TYPE, DATA1, DATA2, TRANSITIVE_FIELDS, FORMULA, ENTITY_LOOKUP_TYPE)
VALUES ('2613805ced1a4536b2a30663fa67be56', 0, 'f07031098f5141ad87809c363c36a246', 'colorName', 'COLOR_NAME', 'NVARCHAR2(400)', 'COLOR_NAME', 1, 'string-m', '', '', '', '', '', '', '', 0, NULL, 400, NULL, NULL, '', '', 'system', systimestamp, '14', 0, 'entity.vendorInvoiceShipItems.viShipmentItemColors.colorName', '', '', '', '', '', '');
INSERT INTO CNT_FIELD_DEFINITION
 (ID, REVISION, PARENT_ID, FIELD_ID, COLUMN_NAME, COLUMN_TYPE, REPORT_COLUMN_NAME, PRODUCT_FIELD, FIELD_TYPE, ENTITY_LOOKUP, ENTITY_LOOKUP_KEY, ORDER_BY, GENERATOR, REFER_TABLE, KEY_COLUMN, LOOKUP_COLUMN, MANDATORY, MIN_LENGTH, MAX_LENGTH, MIN_VALUE, MAX_VALUE, CONSTANT_VALUE, UNIQUE_KEY, CREATE_USER, CREATED_ON, LINE_NO, MANAGED, FIELD_PATH, DATA_TYPE, DATA1, DATA2, TRANSITIVE_FIELDS, FORMULA, ENTITY_LOOKUP_TYPE)
VALUES ('8f396806246845c0bec3fa974a67b221', 0, 'f07031098f5141ad87809c363c36a246', 'custText1', 'CUST_TEXT1', 'NVARCHAR2(1000)', 'CUSTOM_FIELD_TEXT1', 0, 'string-l', '', '', '', '', '', '', '', 0, NULL, 1000, NULL, NULL, '', '', 'system', systimestamp, '15', 0, 'entity.vendorInvoiceShipItems.viShipmentItemColors.custText1', '', '', '', '', '', '');
INSERT INTO CNT_FIELD_DEFINITION
 (ID, REVISION, PARENT_ID, FIELD_ID, COLUMN_NAME, COLUMN_TYPE, REPORT_COLUMN_NAME, PRODUCT_FIELD, FIELD_TYPE, ENTITY_LOOKUP, ENTITY_LOOKUP_KEY, ORDER_BY, GENERATOR, REFER_TABLE, KEY_COLUMN, LOOKUP_COLUMN, MANDATORY, MIN_LENGTH, MAX_LENGTH, MIN_VALUE, MAX_VALUE, CONSTANT_VALUE, UNIQUE_KEY, CREATE_USER, CREATED_ON, LINE_NO, MANAGED, FIELD_PATH, DATA_TYPE, DATA1, DATA2, TRANSITIVE_FIELDS, FORMULA, ENTITY_LOOKUP_TYPE)
VALUES ('971d1c1668e04226986ed3973e04c684', 0, 'f07031098f5141ad87809c363c36a246', 'custText2', 'CUST_TEXT2', 'NVARCHAR2(1000)', 'CUSTOM_FIELD_TEXT2', 0, 'string-l', '', '', '', '', '', '', '', 0, NULL, 1000, NULL, NULL, '', '', 'system', systimestamp, '16', 0, 'entity.vendorInvoiceShipItems.viShipmentItemColors.custText2', '', '', '', '', '', '');
INSERT INTO CNT_FIELD_DEFINITION
 (ID, REVISION, PARENT_ID, FIELD_ID, COLUMN_NAME, COLUMN_TYPE, REPORT_COLUMN_NAME, PRODUCT_FIELD, FIELD_TYPE, ENTITY_LOOKUP, ENTITY_LOOKUP_KEY, ORDER_BY, GENERATOR, REFER_TABLE, KEY_COLUMN, LOOKUP_COLUMN, MANDATORY, MIN_LENGTH, MAX_LENGTH, MIN_VALUE, MAX_VALUE, CONSTANT_VALUE, UNIQUE_KEY, CREATE_USER, CREATED_ON, LINE_NO, MANAGED, FIELD_PATH, DATA_TYPE, DATA1, DATA2, TRANSITIVE_FIELDS, FORMULA, ENTITY_LOOKUP_TYPE)
VALUES ('4903ac10351d41beb4a62583bd766f02', 0, 'f07031098f5141ad87809c363c36a246', 'custText3', 'CUST_TEXT3', 'NVARCHAR2(1000)', 'CUSTOM_FIELD_TEXT3', 0, 'string-l', '', '', '', '', '', '', '', 0, NULL, 1000, NULL, NULL, '', '', 'system', systimestamp, '17', 0, 'entity.vendorInvoiceShipItems.viShipmentItemColors.custText3', '', '', '', '', '', '');
INSERT INTO CNT_FIELD_DEFINITION
 (ID, REVISION, PARENT_ID, FIELD_ID, COLUMN_NAME, COLUMN_TYPE, REPORT_COLUMN_NAME, PRODUCT_FIELD, FIELD_TYPE, ENTITY_LOOKUP, ENTITY_LOOKUP_KEY, ORDER_BY, GENERATOR, REFER_TABLE, KEY_COLUMN, LOOKUP_COLUMN, MANDATORY, MIN_LENGTH, MAX_LENGTH, MIN_VALUE, MAX_VALUE, CONSTANT_VALUE, UNIQUE_KEY, CREATE_USER, CREATED_ON, LINE_NO, MANAGED, FIELD_PATH, DATA_TYPE, DATA1, DATA2, TRANSITIVE_FIELDS, FORMULA, ENTITY_LOOKUP_TYPE)
VALUES ('fb2f2d2f78d44c2a8d240adb3c90652e', 0, 'f07031098f5141ad87809c363c36a246', 'custText4', 'CUST_TEXT4', 'NVARCHAR2(1000)', 'CUSTOM_FIELD_TEXT4', 0, 'string-l', '', '', '', '', '', '', '', 0, NULL, 1000, NULL, NULL, '', '', 'system', systimestamp, '18', 0, 'entity.vendorInvoiceShipItems.viShipmentItemColors.custText4', '', '', '', '', '', '');
INSERT INTO CNT_FIELD_DEFINITION
 (ID, REVISION, PARENT_ID, FIELD_ID, COLUMN_NAME, COLUMN_TYPE, REPORT_COLUMN_NAME, PRODUCT_FIELD, FIELD_TYPE, ENTITY_LOOKUP, ENTITY_LOOKUP_KEY, ORDER_BY, GENERATOR, REFER_TABLE, KEY_COLUMN, LOOKUP_COLUMN, MANDATORY, MIN_LENGTH, MAX_LENGTH, MIN_VALUE, MAX_VALUE, CONSTANT_VALUE, UNIQUE_KEY, CREATE_USER, CREATED_ON, LINE_NO, MANAGED, FIELD_PATH, DATA_TYPE, DATA1, DATA2, TRANSITIVE_FIELDS, FORMULA, ENTITY_LOOKUP_TYPE)
VALUES ('97225a82469642d2bec43fa36ccf8358', 0, 'f07031098f5141ad87809c363c36a246', 'custText5', 'CUST_TEXT5', 'NVARCHAR2(1000)', 'CUSTOM_FIELD_TEXT5', 0, 'string-l', '', '', '', '', '', '', '', 0, NULL, 1000, NULL, NULL, '', '', 'system', systimestamp, '19', 0, 'entity.vendorInvoiceShipItems.viShipmentItemColors.custText5', '', '', '', '', '', '');
INSERT INTO CNT_FIELD_DEFINITION
 (ID, REVISION, PARENT_ID, FIELD_ID, COLUMN_NAME, COLUMN_TYPE, REPORT_COLUMN_NAME, PRODUCT_FIELD, FIELD_TYPE, ENTITY_LOOKUP, ENTITY_LOOKUP_KEY, ORDER_BY, GENERATOR, REFER_TABLE, KEY_COLUMN, LOOKUP_COLUMN, MANDATORY, MIN_LENGTH, MAX_LENGTH, MIN_VALUE, MAX_VALUE, CONSTANT_VALUE, UNIQUE_KEY, CREATE_USER, CREATED_ON, LINE_NO, MANAGED, FIELD_PATH, DATA_TYPE, DATA1, DATA2, TRANSITIVE_FIELDS, FORMULA, ENTITY_LOOKUP_TYPE)
VALUES ('dc854f4b86494d5da95f27eb91145632', 0, 'f07031098f5141ad87809c363c36a246', 'custText6', 'CUST_TEXT6', 'NVARCHAR2(1000)', 'CUSTOM_FIELD_TEXT6', 0, 'string-l', '', '', '', '', '', '', '', 0, NULL, 1000, NULL, NULL, '', '', 'system', systimestamp, '20', 0, 'entity.vendorInvoiceShipItems.viShipmentItemColors.custText6', '', '', '', '', '', '');
INSERT INTO CNT_FIELD_DEFINITION
 (ID, REVISION, PARENT_ID, FIELD_ID, COLUMN_NAME, COLUMN_TYPE, REPORT_COLUMN_NAME, PRODUCT_FIELD, FIELD_TYPE, ENTITY_LOOKUP, ENTITY_LOOKUP_KEY, ORDER_BY, GENERATOR, REFER_TABLE, KEY_COLUMN, LOOKUP_COLUMN, MANDATORY, MIN_LENGTH, MAX_LENGTH, MIN_VALUE, MAX_VALUE, CONSTANT_VALUE, UNIQUE_KEY, CREATE_USER, CREATED_ON, LINE_NO, MANAGED, FIELD_PATH, DATA_TYPE, DATA1, DATA2, TRANSITIVE_FIELDS, FORMULA, ENTITY_LOOKUP_TYPE)
VALUES ('d6731419faae430c95f5996a7f37150c', 0, 'f07031098f5141ad87809c363c36a246', 'custText7', 'CUST_TEXT7', 'NVARCHAR2(1000)', 'CUSTOM_FIELD_TEXT7', 0, 'string-l', '', '', '', '', '', '', '', 0, NULL, 1000, NULL, NULL, '', '', 'system', systimestamp, '21', 0, 'entity.vendorInvoiceShipItems.viShipmentItemColors.custText7', '', '', '', '', '', '');
INSERT INTO CNT_FIELD_DEFINITION
 (ID, REVISION, PARENT_ID, FIELD_ID, COLUMN_NAME, COLUMN_TYPE, REPORT_COLUMN_NAME, PRODUCT_FIELD, FIELD_TYPE, ENTITY_LOOKUP, ENTITY_LOOKUP_KEY, ORDER_BY, GENERATOR, REFER_TABLE, KEY_COLUMN, LOOKUP_COLUMN, MANDATORY, MIN_LENGTH, MAX_LENGTH, MIN_VALUE, MAX_VALUE, CONSTANT_VALUE, UNIQUE_KEY, CREATE_USER, CREATED_ON, LINE_NO, MANAGED, FIELD_PATH, DATA_TYPE, DATA1, DATA2, TRANSITIVE_FIELDS, FORMULA, ENTITY_LOOKUP_TYPE)
VALUES ('3a5802e2abbb45c59c32464a417f86e7', 0, 'f07031098f5141ad87809c363c36a246', 'custDate1', 'CUST_DATE1', 'DATE', 'CUSTOM_FIELD_DATE1', 0, 'date', '', '', '', '', '', '', '', 0, NULL, NULL, NULL, NULL, '', '', 'system', systimestamp, '22', 0, 'entity.vendorInvoiceShipItems.viShipmentItemColors.custDate1', '', '', '', '', '', '');
INSERT INTO CNT_FIELD_DEFINITION
 (ID, REVISION, PARENT_ID, FIELD_ID, COLUMN_NAME, COLUMN_TYPE, REPORT_COLUMN_NAME, PRODUCT_FIELD, FIELD_TYPE, ENTITY_LOOKUP, ENTITY_LOOKUP_KEY, ORDER_BY, GENERATOR, REFER_TABLE, KEY_COLUMN, LOOKUP_COLUMN, MANDATORY, MIN_LENGTH, MAX_LENGTH, MIN_VALUE, MAX_VALUE, CONSTANT_VALUE, UNIQUE_KEY, CREATE_USER, CREATED_ON, LINE_NO, MANAGED, FIELD_PATH, DATA_TYPE, DATA1, DATA2, TRANSITIVE_FIELDS, FORMULA, ENTITY_LOOKUP_TYPE)
VALUES ('20edc89ed4164251b63ad00f197bb934', 0, 'f07031098f5141ad87809c363c36a246', 'custDate2', 'CUST_DATE2', 'DATE', 'CUSTOM_FIELD_DATE2', 0, 'date', '', '', '', '', '', '', '', 0, NULL, NULL, NULL, NULL, '', '', 'system', systimestamp, '23', 0, 'entity.vendorInvoiceShipItems.viShipmentItemColors.custDate2', '', '', '', '', '', '');
INSERT INTO CNT_FIELD_DEFINITION
 (ID, REVISION, PARENT_ID, FIELD_ID, COLUMN_NAME, COLUMN_TYPE, REPORT_COLUMN_NAME, PRODUCT_FIELD, FIELD_TYPE, ENTITY_LOOKUP, ENTITY_LOOKUP_KEY, ORDER_BY, GENERATOR, REFER_TABLE, KEY_COLUMN, LOOKUP_COLUMN, MANDATORY, MIN_LENGTH, MAX_LENGTH, MIN_VALUE, MAX_VALUE, CONSTANT_VALUE, UNIQUE_KEY, CREATE_USER, CREATED_ON, LINE_NO, MANAGED, FIELD_PATH, DATA_TYPE, DATA1, DATA2, TRANSITIVE_FIELDS, FORMULA, ENTITY_LOOKUP_TYPE)
VALUES ('d946f8f303bb4c4280aa457ddfb4b4b4', 0, 'f07031098f5141ad87809c363c36a246', 'custDate3', 'CUST_DATE3', 'DATE', 'CUSTOM_FIELD_DATE3', 0, 'date', '', '', '', '', '', '', '', 0, NULL, NULL, NULL, NULL, '', '', 'system', systimestamp, '24', 0, 'entity.vendorInvoiceShipItems.viShipmentItemColors.custDate3', '', '', '', '', '', '');
INSERT INTO CNT_FIELD_DEFINITION
 (ID, REVISION, PARENT_ID, FIELD_ID, COLUMN_NAME, COLUMN_TYPE, REPORT_COLUMN_NAME, PRODUCT_FIELD, FIELD_TYPE, ENTITY_LOOKUP, ENTITY_LOOKUP_KEY, ORDER_BY, GENERATOR, REFER_TABLE, KEY_COLUMN, LOOKUP_COLUMN, MANDATORY, MIN_LENGTH, MAX_LENGTH, MIN_VALUE, MAX_VALUE, CONSTANT_VALUE, UNIQUE_KEY, CREATE_USER, CREATED_ON, LINE_NO, MANAGED, FIELD_PATH, DATA_TYPE, DATA1, DATA2, TRANSITIVE_FIELDS, FORMULA, ENTITY_LOOKUP_TYPE)
VALUES ('f7652f4ef755406eb2eb6e282269b718', 0, 'f07031098f5141ad87809c363c36a246', 'custDate4', 'CUST_DATE4', 'DATE', 'CUSTOM_FIELD_DATE4', 0, 'date', '', '', '', '', '', '', '', 0, NULL, NULL, NULL, NULL, '', '', 'system', systimestamp, '25', 0, 'entity.vendorInvoiceShipItems.viShipmentItemColors.custDate4', '', '', '', '', '', '');
INSERT INTO CNT_FIELD_DEFINITION
 (ID, REVISION, PARENT_ID, FIELD_ID, COLUMN_NAME, COLUMN_TYPE, REPORT_COLUMN_NAME, PRODUCT_FIELD, FIELD_TYPE, ENTITY_LOOKUP, ENTITY_LOOKUP_KEY, ORDER_BY, GENERATOR, REFER_TABLE, KEY_COLUMN, LOOKUP_COLUMN, MANDATORY, MIN_LENGTH, MAX_LENGTH, MIN_VALUE, MAX_VALUE, CONSTANT_VALUE, UNIQUE_KEY, CREATE_USER, CREATED_ON, LINE_NO, MANAGED, FIELD_PATH, DATA_TYPE, DATA1, DATA2, TRANSITIVE_FIELDS, FORMULA, ENTITY_LOOKUP_TYPE)
VALUES ('4e6ae66897444b45ab3be3541429be6b', 0, 'f07031098f5141ad87809c363c36a246', 'custDate5', 'CUST_DATE5', 'DATE', 'CUSTOM_FIELD_DATE5', 0, 'date', '', '', '', '', '', '', '', 0, NULL, NULL, NULL, NULL, '', '', 'system', systimestamp, '26', 0, 'entity.vendorInvoiceShipItems.viShipmentItemColors.custDate5', '', '', '', '', '', '');
INSERT INTO CNT_FIELD_DEFINITION
 (ID, REVISION, PARENT_ID, FIELD_ID, COLUMN_NAME, COLUMN_TYPE, REPORT_COLUMN_NAME, PRODUCT_FIELD, FIELD_TYPE, ENTITY_LOOKUP, ENTITY_LOOKUP_KEY, ORDER_BY, GENERATOR, REFER_TABLE, KEY_COLUMN, LOOKUP_COLUMN, MANDATORY, MIN_LENGTH, MAX_LENGTH, MIN_VALUE, MAX_VALUE, CONSTANT_VALUE, UNIQUE_KEY, CREATE_USER, CREATED_ON, LINE_NO, MANAGED, FIELD_PATH, DATA_TYPE, DATA1, DATA2, TRANSITIVE_FIELDS, FORMULA, ENTITY_LOOKUP_TYPE)
VALUES ('c6b1e5820f744ef1a72d01dc9beb2028', 0, 'f07031098f5141ad87809c363c36a246', 'custDate6', 'CUST_DATE6', 'DATE', 'CUSTOM_FIELD_DATE6', 0, 'date', '', '', '', '', '', '', '', 0, NULL, NULL, NULL, NULL, '', '', 'system', systimestamp, '27', 0, 'entity.vendorInvoiceShipItems.viShipmentItemColors.custDate6', '', '', '', '', '', '');
INSERT INTO CNT_FIELD_DEFINITION
 (ID, REVISION, PARENT_ID, FIELD_ID, COLUMN_NAME, COLUMN_TYPE, REPORT_COLUMN_NAME, PRODUCT_FIELD, FIELD_TYPE, ENTITY_LOOKUP, ENTITY_LOOKUP_KEY, ORDER_BY, GENERATOR, REFER_TABLE, KEY_COLUMN, LOOKUP_COLUMN, MANDATORY, MIN_LENGTH, MAX_LENGTH, MIN_VALUE, MAX_VALUE, CONSTANT_VALUE, UNIQUE_KEY, CREATE_USER, CREATED_ON, LINE_NO, MANAGED, FIELD_PATH, DATA_TYPE, DATA1, DATA2, TRANSITIVE_FIELDS, FORMULA, ENTITY_LOOKUP_TYPE)
VALUES ('f50d1e2626f64f8196b2432aba6d8c9a', 0, 'f07031098f5141ad87809c363c36a246', 'custDate7', 'CUST_DATE7', 'DATE', 'CUSTOM_FIELD_DATE7', 0, 'date', '', '', '', '', '', '', '', 0, NULL, NULL, NULL, NULL, '', '', 'system', systimestamp, '28', 0, 'entity.vendorInvoiceShipItems.viShipmentItemColors.custDate7', '', '', '', '', '', '');
INSERT INTO CNT_FIELD_DEFINITION
 (ID, REVISION, PARENT_ID, FIELD_ID, COLUMN_NAME, COLUMN_TYPE, REPORT_COLUMN_NAME, PRODUCT_FIELD, FIELD_TYPE, ENTITY_LOOKUP, ENTITY_LOOKUP_KEY, ORDER_BY, GENERATOR, REFER_TABLE, KEY_COLUMN, LOOKUP_COLUMN, MANDATORY, MIN_LENGTH, MAX_LENGTH, MIN_VALUE, MAX_VALUE, CONSTANT_VALUE, UNIQUE_KEY, CREATE_USER, CREATED_ON, LINE_NO, MANAGED, FIELD_PATH, DATA_TYPE, DATA1, DATA2, TRANSITIVE_FIELDS, FORMULA, ENTITY_LOOKUP_TYPE)
VALUES ('1a4e6aeb597a4d09b1b23507ba0482bc', 0, 'f07031098f5141ad87809c363c36a246', 'custNumber1', 'CUST_NUMBER1', 'NUMBER(20, 0)', 'CUSTOM_FIELD_NUMBER1', 0, 'integer', '', '', '', '', '', '', '', 0, NULL, 18, NULL, NULL, '', '', 'system', systimestamp, '29', 0, 'entity.vendorInvoiceShipItems.viShipmentItemColors.custNumber1', '', '', '', '', '', '');
INSERT INTO CNT_FIELD_DEFINITION
 (ID, REVISION, PARENT_ID, FIELD_ID, COLUMN_NAME, COLUMN_TYPE, REPORT_COLUMN_NAME, PRODUCT_FIELD, FIELD_TYPE, ENTITY_LOOKUP, ENTITY_LOOKUP_KEY, ORDER_BY, GENERATOR, REFER_TABLE, KEY_COLUMN, LOOKUP_COLUMN, MANDATORY, MIN_LENGTH, MAX_LENGTH, MIN_VALUE, MAX_VALUE, CONSTANT_VALUE, UNIQUE_KEY, CREATE_USER, CREATED_ON, LINE_NO, MANAGED, FIELD_PATH, DATA_TYPE, DATA1, DATA2, TRANSITIVE_FIELDS, FORMULA, ENTITY_LOOKUP_TYPE)
VALUES ('a900e7dcadfa4775a0707d3c11fa0d03', 0, 'f07031098f5141ad87809c363c36a246', 'custNumber2', 'CUST_NUMBER2', 'NUMBER(20, 0)', 'CUSTOM_FIELD_NUMBER2', 0, 'integer', '', '', '', '', '', '', '', 0, NULL, 18, NULL, NULL, '', '', 'system', systimestamp, '30', 0, 'entity.vendorInvoiceShipItems.viShipmentItemColors.custNumber2', '', '', '', '', '', '');
INSERT INTO CNT_FIELD_DEFINITION
 (ID, REVISION, PARENT_ID, FIELD_ID, COLUMN_NAME, COLUMN_TYPE, REPORT_COLUMN_NAME, PRODUCT_FIELD, FIELD_TYPE, ENTITY_LOOKUP, ENTITY_LOOKUP_KEY, ORDER_BY, GENERATOR, REFER_TABLE, KEY_COLUMN, LOOKUP_COLUMN, MANDATORY, MIN_LENGTH, MAX_LENGTH, MIN_VALUE, MAX_VALUE, CONSTANT_VALUE, UNIQUE_KEY, CREATE_USER, CREATED_ON, LINE_NO, MANAGED, FIELD_PATH, DATA_TYPE, DATA1, DATA2, TRANSITIVE_FIELDS, FORMULA, ENTITY_LOOKUP_TYPE)
VALUES ('048273516d9e4edfb8d8a03a8e3913f1', 0, 'f07031098f5141ad87809c363c36a246', 'custNumber3', 'CUST_NUMBER3', 'NUMBER(20, 0)', 'CUSTOM_FIELD_NUMBER3', 0, 'integer', '', '', '', '', '', '', '', 0, NULL, 18, NULL, NULL, '', '', 'system', systimestamp, '31', 0, 'entity.vendorInvoiceShipItems.viShipmentItemColors.custNumber3', '', '', '', '', '', '');
INSERT INTO CNT_FIELD_DEFINITION
 (ID, REVISION, PARENT_ID, FIELD_ID, COLUMN_NAME, COLUMN_TYPE, REPORT_COLUMN_NAME, PRODUCT_FIELD, FIELD_TYPE, ENTITY_LOOKUP, ENTITY_LOOKUP_KEY, ORDER_BY, GENERATOR, REFER_TABLE, KEY_COLUMN, LOOKUP_COLUMN, MANDATORY, MIN_LENGTH, MAX_LENGTH, MIN_VALUE, MAX_VALUE, CONSTANT_VALUE, UNIQUE_KEY, CREATE_USER, CREATED_ON, LINE_NO, MANAGED, FIELD_PATH, DATA_TYPE, DATA1, DATA2, TRANSITIVE_FIELDS, FORMULA, ENTITY_LOOKUP_TYPE)
VALUES ('af8aefb6553b41d0ba5b764427fad3f0', 0, 'f07031098f5141ad87809c363c36a246', 'custNumber4', 'CUST_NUMBER4', 'NUMBER(20, 0)', 'CUSTOM_FIELD_NUMBER4', 0, 'integer', '', '', '', '', '', '', '', 0, NULL, 18, NULL, NULL, '', '', 'system', systimestamp, '32', 0, 'entity.vendorInvoiceShipItems.viShipmentItemColors.custNumber4', '', '', '', '', '', '');
INSERT INTO CNT_FIELD_DEFINITION
 (ID, REVISION, PARENT_ID, FIELD_ID, COLUMN_NAME, COLUMN_TYPE, REPORT_COLUMN_NAME, PRODUCT_FIELD, FIELD_TYPE, ENTITY_LOOKUP, ENTITY_LOOKUP_KEY, ORDER_BY, GENERATOR, REFER_TABLE, KEY_COLUMN, LOOKUP_COLUMN, MANDATORY, MIN_LENGTH, MAX_LENGTH, MIN_VALUE, MAX_VALUE, CONSTANT_VALUE, UNIQUE_KEY, CREATE_USER, CREATED_ON, LINE_NO, MANAGED, FIELD_PATH, DATA_TYPE, DATA1, DATA2, TRANSITIVE_FIELDS, FORMULA, ENTITY_LOOKUP_TYPE)
VALUES ('09eab3e78c444a09ab87ccd2060cc122', 0, 'f07031098f5141ad87809c363c36a246', 'custNumber5', 'CUST_NUMBER5', 'NUMBER(20, 0)', 'CUSTOM_FIELD_NUMBER5', 0, 'integer', '', '', '', '', '', '', '', 0, NULL, 18, NULL, NULL, '', '', 'system', systimestamp, '33', 0, 'entity.vendorInvoiceShipItems.viShipmentItemColors.custNumber5', '', '', '', '', '', '');
INSERT INTO CNT_FIELD_DEFINITION
 (ID, REVISION, PARENT_ID, FIELD_ID, COLUMN_NAME, COLUMN_TYPE, REPORT_COLUMN_NAME, PRODUCT_FIELD, FIELD_TYPE, ENTITY_LOOKUP, ENTITY_LOOKUP_KEY, ORDER_BY, GENERATOR, REFER_TABLE, KEY_COLUMN, LOOKUP_COLUMN, MANDATORY, MIN_LENGTH, MAX_LENGTH, MIN_VALUE, MAX_VALUE, CONSTANT_VALUE, UNIQUE_KEY, CREATE_USER, CREATED_ON, LINE_NO, MANAGED, FIELD_PATH, DATA_TYPE, DATA1, DATA2, TRANSITIVE_FIELDS, FORMULA, ENTITY_LOOKUP_TYPE)
VALUES ('22ca74889f8f4c479802c4c0b352046f', 0, 'f07031098f5141ad87809c363c36a246', 'custNumber6', 'CUST_NUMBER6', 'NUMBER(20, 0)', 'CUSTOM_FIELD_NUMBER6', 0, 'integer', '', '', '', '', '', '', '', 0, NULL, 18, NULL, NULL, '', '', 'system', systimestamp, '34', 0, 'entity.vendorInvoiceShipItems.viShipmentItemColors.custNumber6', '', '', '', '', '', '');
INSERT INTO CNT_FIELD_DEFINITION
 (ID, REVISION, PARENT_ID, FIELD_ID, COLUMN_NAME, COLUMN_TYPE, REPORT_COLUMN_NAME, PRODUCT_FIELD, FIELD_TYPE, ENTITY_LOOKUP, ENTITY_LOOKUP_KEY, ORDER_BY, GENERATOR, REFER_TABLE, KEY_COLUMN, LOOKUP_COLUMN, MANDATORY, MIN_LENGTH, MAX_LENGTH, MIN_VALUE, MAX_VALUE, CONSTANT_VALUE, UNIQUE_KEY, CREATE_USER, CREATED_ON, LINE_NO, MANAGED, FIELD_PATH, DATA_TYPE, DATA1, DATA2, TRANSITIVE_FIELDS, FORMULA, ENTITY_LOOKUP_TYPE)
VALUES ('c691efcc12a547d4a87d18c988b039ad', 0, 'f07031098f5141ad87809c363c36a246', 'custNumber7', 'CUST_NUMBER7', 'NUMBER(20, 0)', 'CUSTOM_FIELD_NUMBER7', 0, 'integer', '', '', '', '', '', '', '', 0, NULL, 18, NULL, NULL, '', '', 'system', systimestamp, '35', 0, 'entity.vendorInvoiceShipItems.viShipmentItemColors.custNumber7', '', '', '', '', '', '');
INSERT INTO CNT_FIELD_DEFINITION
 (ID, REVISION, PARENT_ID, FIELD_ID, COLUMN_NAME, COLUMN_TYPE, REPORT_COLUMN_NAME, PRODUCT_FIELD, FIELD_TYPE, ENTITY_LOOKUP, ENTITY_LOOKUP_KEY, ORDER_BY, GENERATOR, REFER_TABLE, KEY_COLUMN, LOOKUP_COLUMN, MANDATORY, MIN_LENGTH, MAX_LENGTH, MIN_VALUE, MAX_VALUE, CONSTANT_VALUE, UNIQUE_KEY, CREATE_USER, CREATED_ON, LINE_NO, MANAGED, FIELD_PATH, DATA_TYPE, DATA1, DATA2, TRANSITIVE_FIELDS, FORMULA, ENTITY_LOOKUP_TYPE)
VALUES ('694b5eea51c541ccbc3b08c37149095e', 0, 'f07031098f5141ad87809c363c36a246', 'custDecimal1', 'CUST_DECIMAL1', 'NUMBER(25, 5)', 'CUSTOM_FIELD_DECIMAL1', 0, 'decimal-rate', '', '', '', '', '', '', '', 0, NULL, 20, NULL, NULL, '', '', 'system', systimestamp, '36', 0, 'entity.vendorInvoiceShipItems.viShipmentItemColors.custDecimal1', '', '', '', '', '', '');
INSERT INTO CNT_FIELD_DEFINITION
 (ID, REVISION, PARENT_ID, FIELD_ID, COLUMN_NAME, COLUMN_TYPE, REPORT_COLUMN_NAME, PRODUCT_FIELD, FIELD_TYPE, ENTITY_LOOKUP, ENTITY_LOOKUP_KEY, ORDER_BY, GENERATOR, REFER_TABLE, KEY_COLUMN, LOOKUP_COLUMN, MANDATORY, MIN_LENGTH, MAX_LENGTH, MIN_VALUE, MAX_VALUE, CONSTANT_VALUE, UNIQUE_KEY, CREATE_USER, CREATED_ON, LINE_NO, MANAGED, FIELD_PATH, DATA_TYPE, DATA1, DATA2, TRANSITIVE_FIELDS, FORMULA, ENTITY_LOOKUP_TYPE)
VALUES ('0fa33b7cd63d42d2b573a4f51d16476b', 0, 'f07031098f5141ad87809c363c36a246', 'custDecimal2', 'CUST_DECIMAL2', 'NUMBER(25, 5)', 'CUSTOM_FIELD_DECIMAL2', 0, 'decimal-rate', '', '', '', '', '', '', '', 0, NULL, 20, NULL, NULL, '', '', 'system', systimestamp, '37', 0, 'entity.vendorInvoiceShipItems.viShipmentItemColors.custDecimal2', '', '', '', '', '', '');
INSERT INTO CNT_FIELD_DEFINITION
 (ID, REVISION, PARENT_ID, FIELD_ID, COLUMN_NAME, COLUMN_TYPE, REPORT_COLUMN_NAME, PRODUCT_FIELD, FIELD_TYPE, ENTITY_LOOKUP, ENTITY_LOOKUP_KEY, ORDER_BY, GENERATOR, REFER_TABLE, KEY_COLUMN, LOOKUP_COLUMN, MANDATORY, MIN_LENGTH, MAX_LENGTH, MIN_VALUE, MAX_VALUE, CONSTANT_VALUE, UNIQUE_KEY, CREATE_USER, CREATED_ON, LINE_NO, MANAGED, FIELD_PATH, DATA_TYPE, DATA1, DATA2, TRANSITIVE_FIELDS, FORMULA, ENTITY_LOOKUP_TYPE)
VALUES ('710255aa21a14ebf882e08627e78091a', 0, 'f07031098f5141ad87809c363c36a246', 'custDecimal3', 'CUST_DECIMAL3', 'NUMBER(25, 5)', 'CUSTOM_FIELD_DECIMAL3', 0, 'decimal-rate', '', '', '', '', '', '', '', 0, NULL, 20, NULL, NULL, '', '', 'system', systimestamp, '38', 0, 'entity.vendorInvoiceShipItems.viShipmentItemColors.custDecimal3', '', '', '', '', '', '');
INSERT INTO CNT_FIELD_DEFINITION
 (ID, REVISION, PARENT_ID, FIELD_ID, COLUMN_NAME, COLUMN_TYPE, REPORT_COLUMN_NAME, PRODUCT_FIELD, FIELD_TYPE, ENTITY_LOOKUP, ENTITY_LOOKUP_KEY, ORDER_BY, GENERATOR, REFER_TABLE, KEY_COLUMN, LOOKUP_COLUMN, MANDATORY, MIN_LENGTH, MAX_LENGTH, MIN_VALUE, MAX_VALUE, CONSTANT_VALUE, UNIQUE_KEY, CREATE_USER, CREATED_ON, LINE_NO, MANAGED, FIELD_PATH, DATA_TYPE, DATA1, DATA2, TRANSITIVE_FIELDS, FORMULA, ENTITY_LOOKUP_TYPE)
VALUES ('52f0a3c4ff98467e8e62ca09157e2c77', 0, 'f07031098f5141ad87809c363c36a246', 'custDecimal4', 'CUST_DECIMAL4', 'NUMBER(25, 5)', 'CUSTOM_FIELD_DECIMAL4', 0, 'decimal-rate', '', '', '', '', '', '', '', 0, NULL, 20, NULL, NULL, '', '', 'system', systimestamp, '39', 0, 'entity.vendorInvoiceShipItems.viShipmentItemColors.custDecimal4', '', '', '', '', '', '');
INSERT INTO CNT_FIELD_DEFINITION
 (ID, REVISION, PARENT_ID, FIELD_ID, COLUMN_NAME, COLUMN_TYPE, REPORT_COLUMN_NAME, PRODUCT_FIELD, FIELD_TYPE, ENTITY_LOOKUP, ENTITY_LOOKUP_KEY, ORDER_BY, GENERATOR, REFER_TABLE, KEY_COLUMN, LOOKUP_COLUMN, MANDATORY, MIN_LENGTH, MAX_LENGTH, MIN_VALUE, MAX_VALUE, CONSTANT_VALUE, UNIQUE_KEY, CREATE_USER, CREATED_ON, LINE_NO, MANAGED, FIELD_PATH, DATA_TYPE, DATA1, DATA2, TRANSITIVE_FIELDS, FORMULA, ENTITY_LOOKUP_TYPE)
VALUES ('3caa089622e04af9b3a5e38d21a8f3fd', 0, 'f07031098f5141ad87809c363c36a246', 'custDecimal5', 'CUST_DECIMAL5', 'NUMBER(25, 5)', 'CUSTOM_FIELD_DECIMAL5', 0, 'decimal-rate', '', '', '', '', '', '', '', 0, NULL, 20, NULL, NULL, '', '', 'system', systimestamp, '40', 0, 'entity.vendorInvoiceShipItems.viShipmentItemColors.custDecimal5', '', '', '', '', '', '');
INSERT INTO CNT_FIELD_DEFINITION
 (ID, REVISION, PARENT_ID, FIELD_ID, COLUMN_NAME, COLUMN_TYPE, REPORT_COLUMN_NAME, PRODUCT_FIELD, FIELD_TYPE, ENTITY_LOOKUP, ENTITY_LOOKUP_KEY, ORDER_BY, GENERATOR, REFER_TABLE, KEY_COLUMN, LOOKUP_COLUMN, MANDATORY, MIN_LENGTH, MAX_LENGTH, MIN_VALUE, MAX_VALUE, CONSTANT_VALUE, UNIQUE_KEY, CREATE_USER, CREATED_ON, LINE_NO, MANAGED, FIELD_PATH, DATA_TYPE, DATA1, DATA2, TRANSITIVE_FIELDS, FORMULA, ENTITY_LOOKUP_TYPE)
VALUES ('251f47b3277a492ea82db57127800ab4', 0, 'f07031098f5141ad87809c363c36a246', 'custDecimal6', 'CUST_DECIMAL6', 'NUMBER(25, 5)', 'CUSTOM_FIELD_DECIMAL6', 0, 'decimal-rate', '', '', '', '', '', '', '', 0, NULL, 20, NULL, NULL, '', '', 'system', systimestamp, '41', 0, 'entity.vendorInvoiceShipItems.viShipmentItemColors.custDecimal6', '', '', '', '', '', '');
INSERT INTO CNT_FIELD_DEFINITION
 (ID, REVISION, PARENT_ID, FIELD_ID, COLUMN_NAME, COLUMN_TYPE, REPORT_COLUMN_NAME, PRODUCT_FIELD, FIELD_TYPE, ENTITY_LOOKUP, ENTITY_LOOKUP_KEY, ORDER_BY, GENERATOR, REFER_TABLE, KEY_COLUMN, LOOKUP_COLUMN, MANDATORY, MIN_LENGTH, MAX_LENGTH, MIN_VALUE, MAX_VALUE, CONSTANT_VALUE, UNIQUE_KEY, CREATE_USER, CREATED_ON, LINE_NO, MANAGED, FIELD_PATH, DATA_TYPE, DATA1, DATA2, TRANSITIVE_FIELDS, FORMULA, ENTITY_LOOKUP_TYPE)
VALUES ('1d194e05b7194851a09e1de3c5890d74', 0, 'f07031098f5141ad87809c363c36a246', 'custDecimal7', 'CUST_DECIMAL7', 'NUMBER(25, 5)', 'CUSTOM_FIELD_DECIMAL7', 0, 'decimal-rate', '', '', '', '', '', '', '', 0, NULL, 20, NULL, NULL, '', '', 'system', systimestamp, '42', 0, 'entity.vendorInvoiceShipItems.viShipmentItemColors.custDecimal7', '', '', '', '', '', '');
INSERT INTO CNT_FIELD_DEFINITION
 (ID, REVISION, PARENT_ID, FIELD_ID, COLUMN_NAME, COLUMN_TYPE, REPORT_COLUMN_NAME, PRODUCT_FIELD, FIELD_TYPE, ENTITY_LOOKUP, ENTITY_LOOKUP_KEY, ORDER_BY, GENERATOR, REFER_TABLE, KEY_COLUMN, LOOKUP_COLUMN, MANDATORY, MIN_LENGTH, MAX_LENGTH, MIN_VALUE, MAX_VALUE, CONSTANT_VALUE, UNIQUE_KEY, CREATE_USER, CREATED_ON, LINE_NO, MANAGED, FIELD_PATH, DATA_TYPE, DATA1, DATA2, TRANSITIVE_FIELDS, FORMULA, ENTITY_LOOKUP_TYPE)
VALUES ('95d32e8cf54648fbab8844a5da41a962', 0, 'f07031098f5141ad87809c363c36a246', 'custCodelist1', 'CUST_CODELIST1', 'NVARCHAR2(400)', 'CUSTOM_FIELD_CODE_LIST_CODE1', 0, 'string-m', '', '', '', '', '', '', '', 0, NULL, 400, NULL, NULL, '', '', 'system', systimestamp, '43', 0, 'entity.vendorInvoiceShipItems.viShipmentItemColors.custCodelist1', 'codelist', '', '', '', '', '');
INSERT INTO CNT_FIELD_DEFINITION
 (ID, REVISION, PARENT_ID, FIELD_ID, COLUMN_NAME, COLUMN_TYPE, REPORT_COLUMN_NAME, PRODUCT_FIELD, FIELD_TYPE, ENTITY_LOOKUP, ENTITY_LOOKUP_KEY, ORDER_BY, GENERATOR, REFER_TABLE, KEY_COLUMN, LOOKUP_COLUMN, MANDATORY, MIN_LENGTH, MAX_LENGTH, MIN_VALUE, MAX_VALUE, CONSTANT_VALUE, UNIQUE_KEY, CREATE_USER, CREATED_ON, LINE_NO, MANAGED, FIELD_PATH, DATA_TYPE, DATA1, DATA2, TRANSITIVE_FIELDS, FORMULA, ENTITY_LOOKUP_TYPE)
VALUES ('7b1a8e6412d94771abf3b44bbefcf606', 0, 'f07031098f5141ad87809c363c36a246', 'custCodelist2', 'CUST_CODELIST2', 'NVARCHAR2(400)', 'CUSTOM_FIELD_CODE_LIST_CODE2', 0, 'string-m', '', '', '', '', '', '', '', 0, NULL, 400, NULL, NULL, '', '', 'system', systimestamp, '44', 0, 'entity.vendorInvoiceShipItems.viShipmentItemColors.custCodelist2', 'codelist', '', '', '', '', '');
INSERT INTO CNT_FIELD_DEFINITION
 (ID, REVISION, PARENT_ID, FIELD_ID, COLUMN_NAME, COLUMN_TYPE, REPORT_COLUMN_NAME, PRODUCT_FIELD, FIELD_TYPE, ENTITY_LOOKUP, ENTITY_LOOKUP_KEY, ORDER_BY, GENERATOR, REFER_TABLE, KEY_COLUMN, LOOKUP_COLUMN, MANDATORY, MIN_LENGTH, MAX_LENGTH, MIN_VALUE, MAX_VALUE, CONSTANT_VALUE, UNIQUE_KEY, CREATE_USER, CREATED_ON, LINE_NO, MANAGED, FIELD_PATH, DATA_TYPE, DATA1, DATA2, TRANSITIVE_FIELDS, FORMULA, ENTITY_LOOKUP_TYPE)
VALUES ('a45d6dc3ddc2493b8d6175c04071208a', 0, 'f07031098f5141ad87809c363c36a246', 'custCodelist3', 'CUST_CODELIST3', 'NVARCHAR2(400)', 'CUSTOM_FIELD_CODE_LIST_CODE3', 0, 'string-m', '', '', '', '', '', '', '', 0, NULL, 400, NULL, NULL, '', '', 'system', systimestamp, '45', 0, 'entity.vendorInvoiceShipItems.viShipmentItemColors.custCodelist3', 'codelist', '', '', '', '', '');
INSERT INTO CNT_FIELD_DEFINITION
 (ID, REVISION, PARENT_ID, FIELD_ID, COLUMN_NAME, COLUMN_TYPE, REPORT_COLUMN_NAME, PRODUCT_FIELD, FIELD_TYPE, ENTITY_LOOKUP, ENTITY_LOOKUP_KEY, ORDER_BY, GENERATOR, REFER_TABLE, KEY_COLUMN, LOOKUP_COLUMN, MANDATORY, MIN_LENGTH, MAX_LENGTH, MIN_VALUE, MAX_VALUE, CONSTANT_VALUE, UNIQUE_KEY, CREATE_USER, CREATED_ON, LINE_NO, MANAGED, FIELD_PATH, DATA_TYPE, DATA1, DATA2, TRANSITIVE_FIELDS, FORMULA, ENTITY_LOOKUP_TYPE)
VALUES ('fa01ed230f584b5aac24884ad42dd009', 0, 'f07031098f5141ad87809c363c36a246', 'custCodelist4', 'CUST_CODELIST4', 'NVARCHAR2(400)', 'CUSTOM_FIELD_CODE_LIST_CODE4', 0, 'string-m', '', '', '', '', '', '', '', 0, NULL, 400, NULL, NULL, '', '', 'system', systimestamp, '46', 0, 'entity.vendorInvoiceShipItems.viShipmentItemColors.custCodelist4', 'codelist', '', '', '', '', '');
INSERT INTO CNT_FIELD_DEFINITION
 (ID, REVISION, PARENT_ID, FIELD_ID, COLUMN_NAME, COLUMN_TYPE, REPORT_COLUMN_NAME, PRODUCT_FIELD, FIELD_TYPE, ENTITY_LOOKUP, ENTITY_LOOKUP_KEY, ORDER_BY, GENERATOR, REFER_TABLE, KEY_COLUMN, LOOKUP_COLUMN, MANDATORY, MIN_LENGTH, MAX_LENGTH, MIN_VALUE, MAX_VALUE, CONSTANT_VALUE, UNIQUE_KEY, CREATE_USER, CREATED_ON, LINE_NO, MANAGED, FIELD_PATH, DATA_TYPE, DATA1, DATA2, TRANSITIVE_FIELDS, FORMULA, ENTITY_LOOKUP_TYPE)
VALUES ('8623eae0f8234b3482c965869d4c435b', 0, 'f07031098f5141ad87809c363c36a246', 'custCodelist5', 'CUST_CODELIST5', 'NVARCHAR2(400)', 'CUSTOM_FIELD_CODE_LIST_CODE5', 0, 'string-m', '', '', '', '', '', '', '', 0, NULL, 400, NULL, NULL, '', '', 'system', systimestamp, '47', 0, 'entity.vendorInvoiceShipItems.viShipmentItemColors.custCodelist5', 'codelist', '', '', '', '', '');
INSERT INTO CNT_FIELD_DEFINITION
 (ID, REVISION, PARENT_ID, FIELD_ID, COLUMN_NAME, COLUMN_TYPE, REPORT_COLUMN_NAME, PRODUCT_FIELD, FIELD_TYPE, ENTITY_LOOKUP, ENTITY_LOOKUP_KEY, ORDER_BY, GENERATOR, REFER_TABLE, KEY_COLUMN, LOOKUP_COLUMN, MANDATORY, MIN_LENGTH, MAX_LENGTH, MIN_VALUE, MAX_VALUE, CONSTANT_VALUE, UNIQUE_KEY, CREATE_USER, CREATED_ON, LINE_NO, MANAGED, FIELD_PATH, DATA_TYPE, DATA1, DATA2, TRANSITIVE_FIELDS, FORMULA, ENTITY_LOOKUP_TYPE)
VALUES ('9ab13bb915474372b4afad161dba974c', 0, 'f07031098f5141ad87809c363c36a246', 'custCodelist6', 'CUST_CODELIST6', 'NVARCHAR2(400)', 'CUSTOM_FIELD_CODE_LIST_CODE6', 0, 'string-m', '', '', '', '', '', '', '', 0, NULL, 400, NULL, NULL, '', '', 'system', systimestamp, '48', 0, 'entity.vendorInvoiceShipItems.viShipmentItemColors.custCodelist6', 'codelist', '', '', '', '', '');
INSERT INTO CNT_FIELD_DEFINITION
 (ID, REVISION, PARENT_ID, FIELD_ID, COLUMN_NAME, COLUMN_TYPE, REPORT_COLUMN_NAME, PRODUCT_FIELD, FIELD_TYPE, ENTITY_LOOKUP, ENTITY_LOOKUP_KEY, ORDER_BY, GENERATOR, REFER_TABLE, KEY_COLUMN, LOOKUP_COLUMN, MANDATORY, MIN_LENGTH, MAX_LENGTH, MIN_VALUE, MAX_VALUE, CONSTANT_VALUE, UNIQUE_KEY, CREATE_USER, CREATED_ON, LINE_NO, MANAGED, FIELD_PATH, DATA_TYPE, DATA1, DATA2, TRANSITIVE_FIELDS, FORMULA, ENTITY_LOOKUP_TYPE)
VALUES ('3f1d4843f4714b7a96458b9802559ba4', 0, 'f07031098f5141ad87809c363c36a246', 'custCodelist7', 'CUST_CODELIST7', 'NVARCHAR2(400)', 'CUSTOM_FIELD_CODE_LIST_CODE7', 0, 'string-m', '', '', '', '', '', '', '', 0, NULL, 400, NULL, NULL, '', '', 'system', systimestamp, '49', 0, 'entity.vendorInvoiceShipItems.viShipmentItemColors.custCodelist7', 'codelist', '', '', '', '', '');
INSERT INTO CNT_FIELD_DEFINITION
 (ID, REVISION, PARENT_ID, FIELD_ID, COLUMN_NAME, COLUMN_TYPE, REPORT_COLUMN_NAME, PRODUCT_FIELD, FIELD_TYPE, ENTITY_LOOKUP, ENTITY_LOOKUP_KEY, ORDER_BY, GENERATOR, REFER_TABLE, KEY_COLUMN, LOOKUP_COLUMN, MANDATORY, MIN_LENGTH, MAX_LENGTH, MIN_VALUE, MAX_VALUE, CONSTANT_VALUE, UNIQUE_KEY, CREATE_USER, CREATED_ON, LINE_NO, MANAGED, FIELD_PATH, DATA_TYPE, DATA1, DATA2, TRANSITIVE_FIELDS, FORMULA, ENTITY_LOOKUP_TYPE)
VALUES ('0a82195f3d7f4d88b74f79d78ba6b0dd', 0, 'f07031098f5141ad87809c363c36a246', 'custMemoText1', 'CUST_MEMO_TEXT1', 'NVARCHAR2(1000)', 'CUSTOM_FIELD_MEMO_TEXT1', 0, 'string-l', '', '', '', '', '', '', '', 0, NULL, 1000, NULL, NULL, '', '', 'system', systimestamp, '50', 0, 'entity.vendorInvoiceShipItems.viShipmentItemColors.custMemoText1', '', '', '', '', '', '');
INSERT INTO CNT_FIELD_DEFINITION
 (ID, REVISION, PARENT_ID, FIELD_ID, COLUMN_NAME, COLUMN_TYPE, REPORT_COLUMN_NAME, PRODUCT_FIELD, FIELD_TYPE, ENTITY_LOOKUP, ENTITY_LOOKUP_KEY, ORDER_BY, GENERATOR, REFER_TABLE, KEY_COLUMN, LOOKUP_COLUMN, MANDATORY, MIN_LENGTH, MAX_LENGTH, MIN_VALUE, MAX_VALUE, CONSTANT_VALUE, UNIQUE_KEY, CREATE_USER, CREATED_ON, LINE_NO, MANAGED, FIELD_PATH, DATA_TYPE, DATA1, DATA2, TRANSITIVE_FIELDS, FORMULA, ENTITY_LOOKUP_TYPE)
VALUES ('a84d80e3c24c41fcbcd1b2b48b77212e', 0, 'f07031098f5141ad87809c363c36a246', 'custMemoText2', 'CUST_MEMO_TEXT2', 'NVARCHAR2(1000)', 'CUSTOM_FIELD_MEMO_TEXT2', 0, 'string-l', '', '', '', '', '', '', '', 0, NULL, 1000, NULL, NULL, '', '', 'system', systimestamp, '51', 0, 'entity.vendorInvoiceShipItems.viShipmentItemColors.custMemoText2', '', '', '', '', '', '');
INSERT INTO CNT_FIELD_DEFINITION
 (ID, REVISION, PARENT_ID, FIELD_ID, COLUMN_NAME, COLUMN_TYPE, REPORT_COLUMN_NAME, PRODUCT_FIELD, FIELD_TYPE, ENTITY_LOOKUP, ENTITY_LOOKUP_KEY, ORDER_BY, GENERATOR, REFER_TABLE, KEY_COLUMN, LOOKUP_COLUMN, MANDATORY, MIN_LENGTH, MAX_LENGTH, MIN_VALUE, MAX_VALUE, CONSTANT_VALUE, UNIQUE_KEY, CREATE_USER, CREATED_ON, LINE_NO, MANAGED, FIELD_PATH, DATA_TYPE, DATA1, DATA2, TRANSITIVE_FIELDS, FORMULA, ENTITY_LOOKUP_TYPE)
VALUES ('d1a8bc70dd044dcc8411cded1cd98e7b', 0, 'f07031098f5141ad87809c363c36a246', 'custMemoText3', 'CUST_MEMO_TEXT3', 'NVARCHAR2(1000)', 'CUSTOM_FIELD_MEMO_TEXT3', 0, 'string-l', '', '', '', '', '', '', '', 0, NULL, 1000, NULL, NULL, '', '', 'system', systimestamp, '52', 0, 'entity.vendorInvoiceShipItems.viShipmentItemColors.custMemoText3', '', '', '', '', '', '');
INSERT INTO CNT_FIELD_DEFINITION
 (ID, REVISION, PARENT_ID, FIELD_ID, COLUMN_NAME, COLUMN_TYPE, REPORT_COLUMN_NAME, PRODUCT_FIELD, FIELD_TYPE, ENTITY_LOOKUP, ENTITY_LOOKUP_KEY, ORDER_BY, GENERATOR, REFER_TABLE, KEY_COLUMN, LOOKUP_COLUMN, MANDATORY, MIN_LENGTH, MAX_LENGTH, MIN_VALUE, MAX_VALUE, CONSTANT_VALUE, UNIQUE_KEY, CREATE_USER, CREATED_ON, LINE_NO, MANAGED, FIELD_PATH, DATA_TYPE, DATA1, DATA2, TRANSITIVE_FIELDS, FORMULA, ENTITY_LOOKUP_TYPE)
VALUES ('e87e428469da4580aa7b4ca42fce345c', 0, 'f07031098f5141ad87809c363c36a246', 'custMemoText4', 'CUST_MEMO_TEXT4', 'NVARCHAR2(1000)', 'CUSTOM_FIELD_MEMO_TEXT4', 0, 'string-l', '', '', '', '', '', '', '', 0, NULL, 1000, NULL, NULL, '', '', 'system', systimestamp, '53', 0, 'entity.vendorInvoiceShipItems.viShipmentItemColors.custMemoText4', '', '', '', '', '', '');
INSERT INTO CNT_FIELD_DEFINITION
 (ID, REVISION, PARENT_ID, FIELD_ID, COLUMN_NAME, COLUMN_TYPE, REPORT_COLUMN_NAME, PRODUCT_FIELD, FIELD_TYPE, ENTITY_LOOKUP, ENTITY_LOOKUP_KEY, ORDER_BY, GENERATOR, REFER_TABLE, KEY_COLUMN, LOOKUP_COLUMN, MANDATORY, MIN_LENGTH, MAX_LENGTH, MIN_VALUE, MAX_VALUE, CONSTANT_VALUE, UNIQUE_KEY, CREATE_USER, CREATED_ON, LINE_NO, MANAGED, FIELD_PATH, DATA_TYPE, DATA1, DATA2, TRANSITIVE_FIELDS, FORMULA, ENTITY_LOOKUP_TYPE)
VALUES ('4a1683dee2324dc4be24e2f8d46d2506', 0, 'f07031098f5141ad87809c363c36a246', 'custMemoText5', 'CUST_MEMO_TEXT5', 'NVARCHAR2(1000)', 'CUSTOM_FIELD_MEMO_TEXT5', 0, 'string-l', '', '', '', '', '', '', '', 0, NULL, 1000, NULL, NULL, '', '', 'system', systimestamp, '54', 0, 'entity.vendorInvoiceShipItems.viShipmentItemColors.custMemoText5', '', '', '', '', '', '');
INSERT INTO CNT_FIELD_DEFINITION
 (ID, REVISION, PARENT_ID, FIELD_ID, COLUMN_NAME, COLUMN_TYPE, REPORT_COLUMN_NAME, PRODUCT_FIELD, FIELD_TYPE, ENTITY_LOOKUP, ENTITY_LOOKUP_KEY, ORDER_BY, GENERATOR, REFER_TABLE, KEY_COLUMN, LOOKUP_COLUMN, MANDATORY, MIN_LENGTH, MAX_LENGTH, MIN_VALUE, MAX_VALUE, CONSTANT_VALUE, UNIQUE_KEY, CREATE_USER, CREATED_ON, LINE_NO, MANAGED, FIELD_PATH, DATA_TYPE, DATA1, DATA2, TRANSITIVE_FIELDS, FORMULA, ENTITY_LOOKUP_TYPE)
VALUES ('f26fc920320d4c56aa58984ec357d74b', 0, 'f07031098f5141ad87809c363c36a246', 'custMemoText6', 'CUST_MEMO_TEXT6', 'NVARCHAR2(1000)', 'CUSTOM_FIELD_MEMO_TEXT6', 0, 'string-l', '', '', '', '', '', '', '', 0, NULL, 1000, NULL, NULL, '', '', 'system', systimestamp, '55', 0, 'entity.vendorInvoiceShipItems.viShipmentItemColors.custMemoText6', '', '', '', '', '', '');
INSERT INTO CNT_FIELD_DEFINITION
 (ID, REVISION, PARENT_ID, FIELD_ID, COLUMN_NAME, COLUMN_TYPE, REPORT_COLUMN_NAME, PRODUCT_FIELD, FIELD_TYPE, ENTITY_LOOKUP, ENTITY_LOOKUP_KEY, ORDER_BY, GENERATOR, REFER_TABLE, KEY_COLUMN, LOOKUP_COLUMN, MANDATORY, MIN_LENGTH, MAX_LENGTH, MIN_VALUE, MAX_VALUE, CONSTANT_VALUE, UNIQUE_KEY, CREATE_USER, CREATED_ON, LINE_NO, MANAGED, FIELD_PATH, DATA_TYPE, DATA1, DATA2, TRANSITIVE_FIELDS, FORMULA, ENTITY_LOOKUP_TYPE)
VALUES ('138c3e30bde34670a04cb5d797d34b0c', 0, 'f07031098f5141ad87809c363c36a246', 'custMemoText7', 'CUST_MEMO_TEXT7', 'NVARCHAR2(1000)', 'CUSTOM_FIELD_MEMO_TEXT7', 0, 'string-l', '', '', '', '', '', '', '', 0, NULL, 1000, NULL, NULL, '', '', 'system', systimestamp, '56', 0, 'entity.vendorInvoiceShipItems.viShipmentItemColors.custMemoText7', '', '', '', '', '', '');
INSERT INTO CNT_FIELD_DEFINITION
 (ID, REVISION, PARENT_ID, FIELD_ID, COLUMN_NAME, COLUMN_TYPE, REPORT_COLUMN_NAME, PRODUCT_FIELD, FIELD_TYPE, ENTITY_LOOKUP, ENTITY_LOOKUP_KEY, ORDER_BY, GENERATOR, REFER_TABLE, KEY_COLUMN, LOOKUP_COLUMN, MANDATORY, MIN_LENGTH, MAX_LENGTH, MIN_VALUE, MAX_VALUE, CONSTANT_VALUE, UNIQUE_KEY, CREATE_USER, CREATED_ON, LINE_NO, MANAGED, FIELD_PATH, DATA_TYPE, DATA1, DATA2, TRANSITIVE_FIELDS, FORMULA, ENTITY_LOOKUP_TYPE)
VALUES ('846b73c7282141d8ae073511a4a0c049', 0, 'f07031098f5141ad87809c363c36a246', 'custHcl1', 'CUST_HCL1_ID', 'CHAR(32)', 'CUSTOM_FIELD_HCL_CODE_SYS_ID1', 0, 'entity', 'HclNode', 'id', '', '', '', '', '', 0, 32, 32, NULL, NULL, '', '', 'system', systimestamp, '57', 0, 'entity.vendorInvoiceShipItems.viShipmentItemColors.custHcl1', '', '', '', '', '', '');
INSERT INTO CNT_FIELD_DEFINITION
 (ID, REVISION, PARENT_ID, FIELD_ID, COLUMN_NAME, COLUMN_TYPE, REPORT_COLUMN_NAME, PRODUCT_FIELD, FIELD_TYPE, ENTITY_LOOKUP, ENTITY_LOOKUP_KEY, ORDER_BY, GENERATOR, REFER_TABLE, KEY_COLUMN, LOOKUP_COLUMN, MANDATORY, MIN_LENGTH, MAX_LENGTH, MIN_VALUE, MAX_VALUE, CONSTANT_VALUE, UNIQUE_KEY, CREATE_USER, CREATED_ON, LINE_NO, MANAGED, FIELD_PATH, DATA_TYPE, DATA1, DATA2, TRANSITIVE_FIELDS, FORMULA, ENTITY_LOOKUP_TYPE)
VALUES ('75ef6fdf6c404ca8bd1ae83f6dfb66dd', 0, 'f07031098f5141ad87809c363c36a246', 'custHcl2', 'CUST_HCL2_ID', 'CHAR(32)', 'CUSTOM_FIELD_HCL_CODE_SYS_ID2', 0, 'entity', 'HclNode', 'id', '', '', '', '', '', 0, 32, 32, NULL, NULL, '', '', 'system', systimestamp, '58', 0, 'entity.vendorInvoiceShipItems.viShipmentItemColors.custHcl2', '', '', '', '', '', '');
INSERT INTO CNT_FIELD_DEFINITION
 (ID, REVISION, PARENT_ID, FIELD_ID, COLUMN_NAME, COLUMN_TYPE, REPORT_COLUMN_NAME, PRODUCT_FIELD, FIELD_TYPE, ENTITY_LOOKUP, ENTITY_LOOKUP_KEY, ORDER_BY, GENERATOR, REFER_TABLE, KEY_COLUMN, LOOKUP_COLUMN, MANDATORY, MIN_LENGTH, MAX_LENGTH, MIN_VALUE, MAX_VALUE, CONSTANT_VALUE, UNIQUE_KEY, CREATE_USER, CREATED_ON, LINE_NO, MANAGED, FIELD_PATH, DATA_TYPE, DATA1, DATA2, TRANSITIVE_FIELDS, FORMULA, ENTITY_LOOKUP_TYPE)
VALUES ('9715b2029aca47c1b4aafb01c21cbfdf', 0, 'f07031098f5141ad87809c363c36a246', 'custHcl3', 'CUST_HCL3_ID', 'CHAR(32)', 'CUSTOM_FIELD_HCL_CODE_SYS_ID3', 0, 'entity', 'HclNode', 'id', '', '', '', '', '', 0, 32, 32, NULL, NULL, '', '', 'system', systimestamp, '59', 0, 'entity.vendorInvoiceShipItems.viShipmentItemColors.custHcl3', '', '', '', '', '', '');
INSERT INTO CNT_FIELD_DEFINITION
 (ID, REVISION, PARENT_ID, FIELD_ID, COLUMN_NAME, COLUMN_TYPE, REPORT_COLUMN_NAME, PRODUCT_FIELD, FIELD_TYPE, ENTITY_LOOKUP, ENTITY_LOOKUP_KEY, ORDER_BY, GENERATOR, REFER_TABLE, KEY_COLUMN, LOOKUP_COLUMN, MANDATORY, MIN_LENGTH, MAX_LENGTH, MIN_VALUE, MAX_VALUE, CONSTANT_VALUE, UNIQUE_KEY, CREATE_USER, CREATED_ON, LINE_NO, MANAGED, FIELD_PATH, DATA_TYPE, DATA1, DATA2, TRANSITIVE_FIELDS, FORMULA, ENTITY_LOOKUP_TYPE)
VALUES ('013e1c71710540c58db85692f2c2e476', 0, 'f07031098f5141ad87809c363c36a246', 'custHcl4', 'CUST_HCL4_ID', 'CHAR(32)', 'CUSTOM_FIELD_HCL_CODE_SYS_ID4', 0, 'entity', 'HclNode', 'id', '', '', '', '', '', 0, 32, 32, NULL, NULL, '', '', 'system', systimestamp, '60', 0, 'entity.vendorInvoiceShipItems.viShipmentItemColors.custHcl4', '', '', '', '', '', '');
INSERT INTO CNT_FIELD_DEFINITION
 (ID, REVISION, PARENT_ID, FIELD_ID, COLUMN_NAME, COLUMN_TYPE, REPORT_COLUMN_NAME, PRODUCT_FIELD, FIELD_TYPE, ENTITY_LOOKUP, ENTITY_LOOKUP_KEY, ORDER_BY, GENERATOR, REFER_TABLE, KEY_COLUMN, LOOKUP_COLUMN, MANDATORY, MIN_LENGTH, MAX_LENGTH, MIN_VALUE, MAX_VALUE, CONSTANT_VALUE, UNIQUE_KEY, CREATE_USER, CREATED_ON, LINE_NO, MANAGED, FIELD_PATH, DATA_TYPE, DATA1, DATA2, TRANSITIVE_FIELDS, FORMULA, ENTITY_LOOKUP_TYPE)
VALUES ('56fc0b877ce14c37a34ea824c72dfef2', 0, 'f07031098f5141ad87809c363c36a246', 'custHcl5', 'CUST_HCL5_ID', 'CHAR(32)', 'CUSTOM_FIELD_HCL_CODE_SYS_ID5', 0, 'entity', 'HclNode', 'id', '', '', '', '', '', 0, 32, 32, NULL, NULL, '', '', 'system', systimestamp, '61', 0, 'entity.vendorInvoiceShipItems.viShipmentItemColors.custHcl5', '', '', '', '', '', '');
INSERT INTO CNT_FIELD_DEFINITION
 (ID, REVISION, PARENT_ID, FIELD_ID, COLUMN_NAME, COLUMN_TYPE, REPORT_COLUMN_NAME, PRODUCT_FIELD, FIELD_TYPE, ENTITY_LOOKUP, ENTITY_LOOKUP_KEY, ORDER_BY, GENERATOR, REFER_TABLE, KEY_COLUMN, LOOKUP_COLUMN, MANDATORY, MIN_LENGTH, MAX_LENGTH, MIN_VALUE, MAX_VALUE, CONSTANT_VALUE, UNIQUE_KEY, CREATE_USER, CREATED_ON, LINE_NO, MANAGED, FIELD_PATH, DATA_TYPE, DATA1, DATA2, TRANSITIVE_FIELDS, FORMULA, ENTITY_LOOKUP_TYPE)
VALUES ('c0ca3741eda04eaf87e821b968a8847e', 0, 'f07031098f5141ad87809c363c36a246', 'vpoItemColorRef', 'VPO_ITEM_COLOR_REF', 'NVARCHAR2(1000)', 'N/A', 1, 'string-l', '', '', '', '', '', '', '', 0, NULL, 1000, NULL, NULL, '', '', 'system', systimestamp, '62', 0, 'entity.vendorInvoiceShipItems.viShipmentItemColors.vpoItemColorRef', '', '', '', '', '', '');
INSERT INTO CNT_FIELD_DEFINITION
 (ID, REVISION, PARENT_ID, FIELD_ID, COLUMN_NAME, COLUMN_TYPE, REPORT_COLUMN_NAME, PRODUCT_FIELD, FIELD_TYPE, ENTITY_LOOKUP, ENTITY_LOOKUP_KEY, ORDER_BY, GENERATOR, REFER_TABLE, KEY_COLUMN, LOOKUP_COLUMN, MANDATORY, MIN_LENGTH, MAX_LENGTH, MIN_VALUE, MAX_VALUE, CONSTANT_VALUE, UNIQUE_KEY, CREATE_USER, CREATED_ON, LINE_NO, MANAGED, FIELD_PATH, DATA_TYPE, DATA1, DATA2, TRANSITIVE_FIELDS, FORMULA, ENTITY_LOOKUP_TYPE)
VALUES ('d396dcca8fd1488e89dacbfa5ce6bf0e', 0, 'f07031098f5141ad87809c363c36a246', 'vpoItemColorVer', 'VPO_ITEM_COLOR_VER', 'NUMBER(20, 0)', 'N/A', 1, 'integer', '', '', '', '', '', '', '', 0, NULL, 18, NULL, NULL, '', '', 'system', systimestamp, '63', 0, 'entity.vendorInvoiceShipItems.viShipmentItemColors.vpoItemColorVer', '', '', '', '', '', '');
INSERT INTO CNT_FIELD_DEFINITION
 (ID, REVISION, PARENT_ID, FIELD_ID, COLUMN_NAME, COLUMN_TYPE, REPORT_COLUMN_NAME, PRODUCT_FIELD, FIELD_TYPE, ENTITY_LOOKUP, ENTITY_LOOKUP_KEY, ORDER_BY, GENERATOR, REFER_TABLE, KEY_COLUMN, LOOKUP_COLUMN, MANDATORY, MIN_LENGTH, MAX_LENGTH, MIN_VALUE, MAX_VALUE, CONSTANT_VALUE, UNIQUE_KEY, CREATE_USER, CREATED_ON, LINE_NO, MANAGED, FIELD_PATH, DATA_TYPE, DATA1, DATA2, TRANSITIVE_FIELDS, FORMULA, ENTITY_LOOKUP_TYPE)
VALUES ('3775f4cb1ead4717873d4e87b078b2c5', 0, 'f07031098f5141ad87809c363c36a246', 'vpoItemColorRef2', 'VPO_ITEM_COLOR_REF2', 'NVARCHAR2(1000)', 'N/A', 1, 'string-l', '', '', '', '', '', '', '', 0, NULL, 1000, NULL, NULL, '', '', 'system', systimestamp, '64', 0, 'entity.vendorInvoiceShipItems.viShipmentItemColors.vpoItemColorRef2', '', '', '', '', '', '');
INSERT INTO CNT_FIELD_DEFINITION
 (ID, REVISION, PARENT_ID, FIELD_ID, COLUMN_NAME, COLUMN_TYPE, REPORT_COLUMN_NAME, PRODUCT_FIELD, FIELD_TYPE, ENTITY_LOOKUP, ENTITY_LOOKUP_KEY, ORDER_BY, GENERATOR, REFER_TABLE, KEY_COLUMN, LOOKUP_COLUMN, MANDATORY, MIN_LENGTH, MAX_LENGTH, MIN_VALUE, MAX_VALUE, CONSTANT_VALUE, UNIQUE_KEY, CREATE_USER, CREATED_ON, LINE_NO, MANAGED, FIELD_PATH, DATA_TYPE, DATA1, DATA2, TRANSITIVE_FIELDS, FORMULA, ENTITY_LOOKUP_TYPE)
VALUES ('e98d14d644204e8297d468ede6722b23', 0, 'f07031098f5141ad87809c363c36a246', 'custCodelist1Name', 'CUST_CODELIST1_NAME', 'NVARCHAR2(400)', 'N/A', 0, 'string-m', '', '', '', '', '', '', '', 0, NULL, 400, NULL, NULL, '', '', 'system', systimestamp, '65', 0, 'entity.vendorInvoiceShipItems.viShipmentItemColors.custCodelist1Name', '', '', '', '', '', '');
INSERT INTO CNT_FIELD_DEFINITION
 (ID, REVISION, PARENT_ID, FIELD_ID, COLUMN_NAME, COLUMN_TYPE, REPORT_COLUMN_NAME, PRODUCT_FIELD, FIELD_TYPE, ENTITY_LOOKUP, ENTITY_LOOKUP_KEY, ORDER_BY, GENERATOR, REFER_TABLE, KEY_COLUMN, LOOKUP_COLUMN, MANDATORY, MIN_LENGTH, MAX_LENGTH, MIN_VALUE, MAX_VALUE, CONSTANT_VALUE, UNIQUE_KEY, CREATE_USER, CREATED_ON, LINE_NO, MANAGED, FIELD_PATH, DATA_TYPE, DATA1, DATA2, TRANSITIVE_FIELDS, FORMULA, ENTITY_LOOKUP_TYPE)
VALUES ('f3cb6b6e059e47a79d0f0b1a8d0177fa', 0, 'f07031098f5141ad87809c363c36a246', 'custCodelist2Name', 'CUST_CODELIST2_NAME', 'NVARCHAR2(400)', 'N/A', 0, 'string-m', '', '', '', '', '', '', '', 0, NULL, 400, NULL, NULL, '', '', 'system', systimestamp, '66', 0, 'entity.vendorInvoiceShipItems.viShipmentItemColors.custCodelist2Name', '', '', '', '', '', '');
INSERT INTO CNT_FIELD_DEFINITION
 (ID, REVISION, PARENT_ID, FIELD_ID, COLUMN_NAME, COLUMN_TYPE, REPORT_COLUMN_NAME, PRODUCT_FIELD, FIELD_TYPE, ENTITY_LOOKUP, ENTITY_LOOKUP_KEY, ORDER_BY, GENERATOR, REFER_TABLE, KEY_COLUMN, LOOKUP_COLUMN, MANDATORY, MIN_LENGTH, MAX_LENGTH, MIN_VALUE, MAX_VALUE, CONSTANT_VALUE, UNIQUE_KEY, CREATE_USER, CREATED_ON, LINE_NO, MANAGED, FIELD_PATH, DATA_TYPE, DATA1, DATA2, TRANSITIVE_FIELDS, FORMULA, ENTITY_LOOKUP_TYPE)
VALUES ('7d0a1a6c51fc4e17af49f132eb8c491e', 0, 'f07031098f5141ad87809c363c36a246', 'custCodelist3Name', 'CUST_CODELIST3_NAME', 'NVARCHAR2(400)', 'N/A', 0, 'string-m', '', '', '', '', '', '', '', 0, NULL, 400, NULL, NULL, '', '', 'system', systimestamp, '67', 0, 'entity.vendorInvoiceShipItems.viShipmentItemColors.custCodelist3Name', '', '', '', '', '', '');
INSERT INTO CNT_FIELD_DEFINITION
 (ID, REVISION, PARENT_ID, FIELD_ID, COLUMN_NAME, COLUMN_TYPE, REPORT_COLUMN_NAME, PRODUCT_FIELD, FIELD_TYPE, ENTITY_LOOKUP, ENTITY_LOOKUP_KEY, ORDER_BY, GENERATOR, REFER_TABLE, KEY_COLUMN, LOOKUP_COLUMN, MANDATORY, MIN_LENGTH, MAX_LENGTH, MIN_VALUE, MAX_VALUE, CONSTANT_VALUE, UNIQUE_KEY, CREATE_USER, CREATED_ON, LINE_NO, MANAGED, FIELD_PATH, DATA_TYPE, DATA1, DATA2, TRANSITIVE_FIELDS, FORMULA, ENTITY_LOOKUP_TYPE)
VALUES ('e0e9ca13d62f4e1486fa733e91f875bf', 0, 'f07031098f5141ad87809c363c36a246', 'custCodelist4Name', 'CUST_CODELIST4_NAME', 'NVARCHAR2(400)', 'N/A', 0, 'string-m', '', '', '', '', '', '', '', 0, NULL, 400, NULL, NULL, '', '', 'system', systimestamp, '68', 0, 'entity.vendorInvoiceShipItems.viShipmentItemColors.custCodelist4Name', '', '', '', '', '', '');
INSERT INTO CNT_FIELD_DEFINITION
 (ID, REVISION, PARENT_ID, FIELD_ID, COLUMN_NAME, COLUMN_TYPE, REPORT_COLUMN_NAME, PRODUCT_FIELD, FIELD_TYPE, ENTITY_LOOKUP, ENTITY_LOOKUP_KEY, ORDER_BY, GENERATOR, REFER_TABLE, KEY_COLUMN, LOOKUP_COLUMN, MANDATORY, MIN_LENGTH, MAX_LENGTH, MIN_VALUE, MAX_VALUE, CONSTANT_VALUE, UNIQUE_KEY, CREATE_USER, CREATED_ON, LINE_NO, MANAGED, FIELD_PATH, DATA_TYPE, DATA1, DATA2, TRANSITIVE_FIELDS, FORMULA, ENTITY_LOOKUP_TYPE)
VALUES ('ca857811d9594eba994a01dc2a70c677', 0, 'f07031098f5141ad87809c363c36a246', 'custCodelist5Name', 'CUST_CODELIST5_NAME', 'NVARCHAR2(400)', 'N/A', 0, 'string-m', '', '', '', '', '', '', '', 0, NULL, 400, NULL, NULL, '', '', 'system', systimestamp, '69', 0, 'entity.vendorInvoiceShipItems.viShipmentItemColors.custCodelist5Name', '', '', '', '', '', '');
INSERT INTO CNT_FIELD_DEFINITION
 (ID, REVISION, PARENT_ID, FIELD_ID, COLUMN_NAME, COLUMN_TYPE, REPORT_COLUMN_NAME, PRODUCT_FIELD, FIELD_TYPE, ENTITY_LOOKUP, ENTITY_LOOKUP_KEY, ORDER_BY, GENERATOR, REFER_TABLE, KEY_COLUMN, LOOKUP_COLUMN, MANDATORY, MIN_LENGTH, MAX_LENGTH, MIN_VALUE, MAX_VALUE, CONSTANT_VALUE, UNIQUE_KEY, CREATE_USER, CREATED_ON, LINE_NO, MANAGED, FIELD_PATH, DATA_TYPE, DATA1, DATA2, TRANSITIVE_FIELDS, FORMULA, ENTITY_LOOKUP_TYPE)
VALUES ('ab68eec91f184891894ba560faecf82c', 0, 'f07031098f5141ad87809c363c36a246', 'custCodelist6Name', 'CUST_CODELIST6_NAME', 'NVARCHAR2(400)', 'N/A', 0, 'string-m', '', '', '', '', '', '', '', 0, NULL, 400, NULL, NULL, '', '', 'system', systimestamp, '70', 0, 'entity.vendorInvoiceShipItems.viShipmentItemColors.custCodelist6Name', '', '', '', '', '', '');
INSERT INTO CNT_FIELD_DEFINITION
 (ID, REVISION, PARENT_ID, FIELD_ID, COLUMN_NAME, COLUMN_TYPE, REPORT_COLUMN_NAME, PRODUCT_FIELD, FIELD_TYPE, ENTITY_LOOKUP, ENTITY_LOOKUP_KEY, ORDER_BY, GENERATOR, REFER_TABLE, KEY_COLUMN, LOOKUP_COLUMN, MANDATORY, MIN_LENGTH, MAX_LENGTH, MIN_VALUE, MAX_VALUE, CONSTANT_VALUE, UNIQUE_KEY, CREATE_USER, CREATED_ON, LINE_NO, MANAGED, FIELD_PATH, DATA_TYPE, DATA1, DATA2, TRANSITIVE_FIELDS, FORMULA, ENTITY_LOOKUP_TYPE)
VALUES ('e7ac89ee11b8495fbe3f54ca4403496a', 0, 'f07031098f5141ad87809c363c36a246', 'custCodelist7Name', 'CUST_CODELIST7_NAME', 'NVARCHAR2(400)', 'N/A', 0, 'string-m', '', '', '', '', '', '', '', 0, NULL, 400, NULL, NULL, '', '', 'system', systimestamp, '71', 0, 'entity.vendorInvoiceShipItems.viShipmentItemColors.custCodelist7Name', '', '', '', '', '', '');
INSERT INTO CNT_FIELD_DEFINITION
 (ID, REVISION, PARENT_ID, FIELD_ID, COLUMN_NAME, COLUMN_TYPE, REPORT_COLUMN_NAME, PRODUCT_FIELD, FIELD_TYPE, ENTITY_LOOKUP, ENTITY_LOOKUP_KEY, ORDER_BY, GENERATOR, REFER_TABLE, KEY_COLUMN, LOOKUP_COLUMN, MANDATORY, MIN_LENGTH, MAX_LENGTH, MIN_VALUE, MAX_VALUE, CONSTANT_VALUE, UNIQUE_KEY, CREATE_USER, CREATED_ON, LINE_NO, MANAGED, FIELD_PATH, DATA_TYPE, DATA1, DATA2, TRANSITIVE_FIELDS, FORMULA, ENTITY_LOOKUP_TYPE)
VALUES ('813b972204314325808dddd4588e6252', 0, 'f07031098f5141ad87809c363c36a246', 'custHcl1Ref', 'CUST_HCL1_REF', 'NVARCHAR2(1000)', 'N/A', 0, 'string-l', '', '', '', '', '', '', '', 0, NULL, 1000, NULL, NULL, '', '', 'system', systimestamp, '72', 0, 'entity.vendorInvoiceShipItems.viShipmentItemColors.custHcl1Ref', '', '', '', '', '', '');
INSERT INTO CNT_FIELD_DEFINITION
 (ID, REVISION, PARENT_ID, FIELD_ID, COLUMN_NAME, COLUMN_TYPE, REPORT_COLUMN_NAME, PRODUCT_FIELD, FIELD_TYPE, ENTITY_LOOKUP, ENTITY_LOOKUP_KEY, ORDER_BY, GENERATOR, REFER_TABLE, KEY_COLUMN, LOOKUP_COLUMN, MANDATORY, MIN_LENGTH, MAX_LENGTH, MIN_VALUE, MAX_VALUE, CONSTANT_VALUE, UNIQUE_KEY, CREATE_USER, CREATED_ON, LINE_NO, MANAGED, FIELD_PATH, DATA_TYPE, DATA1, DATA2, TRANSITIVE_FIELDS, FORMULA, ENTITY_LOOKUP_TYPE)
VALUES ('3aa47016825746c7859c8de219c328d9', 0, 'f07031098f5141ad87809c363c36a246', 'custHcl1Ver', 'CUST_HCL1_VER', 'NUMBER(20, 0)', 'N/A', 0, 'integer', '', '', '', '', '', '', '', 0, NULL, 18, NULL, NULL, '', '', 'system', systimestamp, '73', 0, 'entity.vendorInvoiceShipItems.viShipmentItemColors.custHcl1Ver', '', '', '', '', '', '');
INSERT INTO CNT_FIELD_DEFINITION
 (ID, REVISION, PARENT_ID, FIELD_ID, COLUMN_NAME, COLUMN_TYPE, REPORT_COLUMN_NAME, PRODUCT_FIELD, FIELD_TYPE, ENTITY_LOOKUP, ENTITY_LOOKUP_KEY, ORDER_BY, GENERATOR, REFER_TABLE, KEY_COLUMN, LOOKUP_COLUMN, MANDATORY, MIN_LENGTH, MAX_LENGTH, MIN_VALUE, MAX_VALUE, CONSTANT_VALUE, UNIQUE_KEY, CREATE_USER, CREATED_ON, LINE_NO, MANAGED, FIELD_PATH, DATA_TYPE, DATA1, DATA2, TRANSITIVE_FIELDS, FORMULA, ENTITY_LOOKUP_TYPE)
VALUES ('128d80d4993d46519b686311ae7f37df', 0, 'f07031098f5141ad87809c363c36a246', 'custHcl1Ref2', 'CUST_HCL1_REF2', 'NVARCHAR2(1000)', 'N/A', 0, 'string-l', '', '', '', '', '', '', '', 0, NULL, 1000, NULL, NULL, '', '', 'system', systimestamp, '74', 0, 'entity.vendorInvoiceShipItems.viShipmentItemColors.custHcl1Ref2', '', '', '', '', '', '');
INSERT INTO CNT_FIELD_DEFINITION
 (ID, REVISION, PARENT_ID, FIELD_ID, COLUMN_NAME, COLUMN_TYPE, REPORT_COLUMN_NAME, PRODUCT_FIELD, FIELD_TYPE, ENTITY_LOOKUP, ENTITY_LOOKUP_KEY, ORDER_BY, GENERATOR, REFER_TABLE, KEY_COLUMN, LOOKUP_COLUMN, MANDATORY, MIN_LENGTH, MAX_LENGTH, MIN_VALUE, MAX_VALUE, CONSTANT_VALUE, UNIQUE_KEY, CREATE_USER, CREATED_ON, LINE_NO, MANAGED, FIELD_PATH, DATA_TYPE, DATA1, DATA2, TRANSITIVE_FIELDS, FORMULA, ENTITY_LOOKUP_TYPE)
VALUES ('8167e8b7160045b38e96fd7cfdc3cfec', 0, 'f07031098f5141ad87809c363c36a246', 'custHcl1FullLineage', 'CUST_HCL1_FULL_LINEAGE', 'NVARCHAR2(1000)', 'N/A', 0, 'string-l', '', '', '', '', '', '', '', 0, NULL, 1000, NULL, NULL, '', '', 'system', systimestamp, '75', 0, 'entity.vendorInvoiceShipItems.viShipmentItemColors.custHcl1FullLineage', '', '', '', '', '', '');
INSERT INTO CNT_FIELD_DEFINITION
 (ID, REVISION, PARENT_ID, FIELD_ID, COLUMN_NAME, COLUMN_TYPE, REPORT_COLUMN_NAME, PRODUCT_FIELD, FIELD_TYPE, ENTITY_LOOKUP, ENTITY_LOOKUP_KEY, ORDER_BY, GENERATOR, REFER_TABLE, KEY_COLUMN, LOOKUP_COLUMN, MANDATORY, MIN_LENGTH, MAX_LENGTH, MIN_VALUE, MAX_VALUE, CONSTANT_VALUE, UNIQUE_KEY, CREATE_USER, CREATED_ON, LINE_NO, MANAGED, FIELD_PATH, DATA_TYPE, DATA1, DATA2, TRANSITIVE_FIELDS, FORMULA, ENTITY_LOOKUP_TYPE)
VALUES ('7f39b0395d7449329d29535c2eea0966', 0, 'f07031098f5141ad87809c363c36a246', 'custHcl2Ref', 'CUST_HCL2_REF', 'NVARCHAR2(1000)', 'N/A', 0, 'string-l', '', '', '', '', '', '', '', 0, NULL, 1000, NULL, NULL, '', '', 'system', systimestamp, '76', 0, 'entity.vendorInvoiceShipItems.viShipmentItemColors.custHcl2Ref', '', '', '', '', '', '');
INSERT INTO CNT_FIELD_DEFINITION
 (ID, REVISION, PARENT_ID, FIELD_ID, COLUMN_NAME, COLUMN_TYPE, REPORT_COLUMN_NAME, PRODUCT_FIELD, FIELD_TYPE, ENTITY_LOOKUP, ENTITY_LOOKUP_KEY, ORDER_BY, GENERATOR, REFER_TABLE, KEY_COLUMN, LOOKUP_COLUMN, MANDATORY, MIN_LENGTH, MAX_LENGTH, MIN_VALUE, MAX_VALUE, CONSTANT_VALUE, UNIQUE_KEY, CREATE_USER, CREATED_ON, LINE_NO, MANAGED, FIELD_PATH, DATA_TYPE, DATA1, DATA2, TRANSITIVE_FIELDS, FORMULA, ENTITY_LOOKUP_TYPE)
VALUES ('c9fec18c16bc4680b298431eba8e0929', 0, 'f07031098f5141ad87809c363c36a246', 'custHcl2Ver', 'CUST_HCL2_VER', 'NUMBER(20, 0)', 'N/A', 0, 'integer', '', '', '', '', '', '', '', 0, NULL, 18, NULL, NULL, '', '', 'system', systimestamp, '77', 0, 'entity.vendorInvoiceShipItems.viShipmentItemColors.custHcl2Ver', '', '', '', '', '', '');
INSERT INTO CNT_FIELD_DEFINITION
 (ID, REVISION, PARENT_ID, FIELD_ID, COLUMN_NAME, COLUMN_TYPE, REPORT_COLUMN_NAME, PRODUCT_FIELD, FIELD_TYPE, ENTITY_LOOKUP, ENTITY_LOOKUP_KEY, ORDER_BY, GENERATOR, REFER_TABLE, KEY_COLUMN, LOOKUP_COLUMN, MANDATORY, MIN_LENGTH, MAX_LENGTH, MIN_VALUE, MAX_VALUE, CONSTANT_VALUE, UNIQUE_KEY, CREATE_USER, CREATED_ON, LINE_NO, MANAGED, FIELD_PATH, DATA_TYPE, DATA1, DATA2, TRANSITIVE_FIELDS, FORMULA, ENTITY_LOOKUP_TYPE)
VALUES ('5df6a2ed0b4144ac81c80d0df13896e2', 0, 'f07031098f5141ad87809c363c36a246', 'custHcl2Ref2', 'CUST_HCL2_REF2', 'NVARCHAR2(1000)', 'N/A', 0, 'string-l', '', '', '', '', '', '', '', 0, NULL, 1000, NULL, NULL, '', '', 'system', systimestamp, '78', 0, 'entity.vendorInvoiceShipItems.viShipmentItemColors.custHcl2Ref2', '', '', '', '', '', '');
INSERT INTO CNT_FIELD_DEFINITION
 (ID, REVISION, PARENT_ID, FIELD_ID, COLUMN_NAME, COLUMN_TYPE, REPORT_COLUMN_NAME, PRODUCT_FIELD, FIELD_TYPE, ENTITY_LOOKUP, ENTITY_LOOKUP_KEY, ORDER_BY, GENERATOR, REFER_TABLE, KEY_COLUMN, LOOKUP_COLUMN, MANDATORY, MIN_LENGTH, MAX_LENGTH, MIN_VALUE, MAX_VALUE, CONSTANT_VALUE, UNIQUE_KEY, CREATE_USER, CREATED_ON, LINE_NO, MANAGED, FIELD_PATH, DATA_TYPE, DATA1, DATA2, TRANSITIVE_FIELDS, FORMULA, ENTITY_LOOKUP_TYPE)
VALUES ('d0f1ee82cd59413ba9017f9410bad883', 0, 'f07031098f5141ad87809c363c36a246', 'custHcl2FullLineage', 'CUST_HCL2_FULL_LINEAGE', 'NVARCHAR2(1000)', 'N/A', 0, 'string-l', '', '', '', '', '', '', '', 0, NULL, 1000, NULL, NULL, '', '', 'system', systimestamp, '79', 0, 'entity.vendorInvoiceShipItems.viShipmentItemColors.custHcl2FullLineage', '', '', '', '', '', '');
INSERT INTO CNT_FIELD_DEFINITION
 (ID, REVISION, PARENT_ID, FIELD_ID, COLUMN_NAME, COLUMN_TYPE, REPORT_COLUMN_NAME, PRODUCT_FIELD, FIELD_TYPE, ENTITY_LOOKUP, ENTITY_LOOKUP_KEY, ORDER_BY, GENERATOR, REFER_TABLE, KEY_COLUMN, LOOKUP_COLUMN, MANDATORY, MIN_LENGTH, MAX_LENGTH, MIN_VALUE, MAX_VALUE, CONSTANT_VALUE, UNIQUE_KEY, CREATE_USER, CREATED_ON, LINE_NO, MANAGED, FIELD_PATH, DATA_TYPE, DATA1, DATA2, TRANSITIVE_FIELDS, FORMULA, ENTITY_LOOKUP_TYPE)
VALUES ('a43439decb5f43c793234f883f8bb164', 0, 'f07031098f5141ad87809c363c36a246', 'custHcl3Ref', 'CUST_HCL3_REF', 'NVARCHAR2(1000)', 'N/A', 0, 'string-l', '', '', '', '', '', '', '', 0, NULL, 1000, NULL, NULL, '', '', 'system', systimestamp, '80', 0, 'entity.vendorInvoiceShipItems.viShipmentItemColors.custHcl3Ref', '', '', '', '', '', '');
INSERT INTO CNT_FIELD_DEFINITION
 (ID, REVISION, PARENT_ID, FIELD_ID, COLUMN_NAME, COLUMN_TYPE, REPORT_COLUMN_NAME, PRODUCT_FIELD, FIELD_TYPE, ENTITY_LOOKUP, ENTITY_LOOKUP_KEY, ORDER_BY, GENERATOR, REFER_TABLE, KEY_COLUMN, LOOKUP_COLUMN, MANDATORY, MIN_LENGTH, MAX_LENGTH, MIN_VALUE, MAX_VALUE, CONSTANT_VALUE, UNIQUE_KEY, CREATE_USER, CREATED_ON, LINE_NO, MANAGED, FIELD_PATH, DATA_TYPE, DATA1, DATA2, TRANSITIVE_FIELDS, FORMULA, ENTITY_LOOKUP_TYPE)
VALUES ('78fc969dbb60460daf7d1a203794f569', 0, 'f07031098f5141ad87809c363c36a246', 'custHcl3Ver', 'CUST_HCL3_VER', 'NUMBER(20, 0)', 'N/A', 0, 'integer', '', '', '', '', '', '', '', 0, NULL, 18, NULL, NULL, '', '', 'system', systimestamp, '81', 0, 'entity.vendorInvoiceShipItems.viShipmentItemColors.custHcl3Ver', '', '', '', '', '', '');
INSERT INTO CNT_FIELD_DEFINITION
 (ID, REVISION, PARENT_ID, FIELD_ID, COLUMN_NAME, COLUMN_TYPE, REPORT_COLUMN_NAME, PRODUCT_FIELD, FIELD_TYPE, ENTITY_LOOKUP, ENTITY_LOOKUP_KEY, ORDER_BY, GENERATOR, REFER_TABLE, KEY_COLUMN, LOOKUP_COLUMN, MANDATORY, MIN_LENGTH, MAX_LENGTH, MIN_VALUE, MAX_VALUE, CONSTANT_VALUE, UNIQUE_KEY, CREATE_USER, CREATED_ON, LINE_NO, MANAGED, FIELD_PATH, DATA_TYPE, DATA1, DATA2, TRANSITIVE_FIELDS, FORMULA, ENTITY_LOOKUP_TYPE)
VALUES ('53de2a0a09734d278ce62b2889a9b8ae', 0, 'f07031098f5141ad87809c363c36a246', 'custHcl3Ref2', 'CUST_HCL3_REF2', 'NVARCHAR2(1000)', 'N/A', 0, 'string-l', '', '', '', '', '', '', '', 0, NULL, 1000, NULL, NULL, '', '', 'system', systimestamp, '82', 0, 'entity.vendorInvoiceShipItems.viShipmentItemColors.custHcl3Ref2', '', '', '', '', '', '');
INSERT INTO CNT_FIELD_DEFINITION
 (ID, REVISION, PARENT_ID, FIELD_ID, COLUMN_NAME, COLUMN_TYPE, REPORT_COLUMN_NAME, PRODUCT_FIELD, FIELD_TYPE, ENTITY_LOOKUP, ENTITY_LOOKUP_KEY, ORDER_BY, GENERATOR, REFER_TABLE, KEY_COLUMN, LOOKUP_COLUMN, MANDATORY, MIN_LENGTH, MAX_LENGTH, MIN_VALUE, MAX_VALUE, CONSTANT_VALUE, UNIQUE_KEY, CREATE_USER, CREATED_ON, LINE_NO, MANAGED, FIELD_PATH, DATA_TYPE, DATA1, DATA2, TRANSITIVE_FIELDS, FORMULA, ENTITY_LOOKUP_TYPE)
VALUES ('0ba5390339fe476a819754892713c057', 0, 'f07031098f5141ad87809c363c36a246', 'custHcl3FullLineage', 'CUST_HCL3_FULL_LINEAGE', 'NVARCHAR2(1000)', 'N/A', 0, 'string-l', '', '', '', '', '', '', '', 0, NULL, 1000, NULL, NULL, '', '', 'system', systimestamp, '83', 0, 'entity.vendorInvoiceShipItems.viShipmentItemColors.custHcl3FullLineage', '', '', '', '', '', '');
INSERT INTO CNT_FIELD_DEFINITION
 (ID, REVISION, PARENT_ID, FIELD_ID, COLUMN_NAME, COLUMN_TYPE, REPORT_COLUMN_NAME, PRODUCT_FIELD, FIELD_TYPE, ENTITY_LOOKUP, ENTITY_LOOKUP_KEY, ORDER_BY, GENERATOR, REFER_TABLE, KEY_COLUMN, LOOKUP_COLUMN, MANDATORY, MIN_LENGTH, MAX_LENGTH, MIN_VALUE, MAX_VALUE, CONSTANT_VALUE, UNIQUE_KEY, CREATE_USER, CREATED_ON, LINE_NO, MANAGED, FIELD_PATH, DATA_TYPE, DATA1, DATA2, TRANSITIVE_FIELDS, FORMULA, ENTITY_LOOKUP_TYPE)
VALUES ('2258ae88f4dc48d3af861b738ebbfeba', 0, 'f07031098f5141ad87809c363c36a246', 'custHcl4Ref', 'CUST_HCL4_REF', 'NVARCHAR2(1000)', 'N/A', 0, 'string-l', '', '', '', '', '', '', '', 0, NULL, 1000, NULL, NULL, '', '', 'system', systimestamp, '84', 0, 'entity.vendorInvoiceShipItems.viShipmentItemColors.custHcl4Ref', '', '', '', '', '', '');
INSERT INTO CNT_FIELD_DEFINITION
 (ID, REVISION, PARENT_ID, FIELD_ID, COLUMN_NAME, COLUMN_TYPE, REPORT_COLUMN_NAME, PRODUCT_FIELD, FIELD_TYPE, ENTITY_LOOKUP, ENTITY_LOOKUP_KEY, ORDER_BY, GENERATOR, REFER_TABLE, KEY_COLUMN, LOOKUP_COLUMN, MANDATORY, MIN_LENGTH, MAX_LENGTH, MIN_VALUE, MAX_VALUE, CONSTANT_VALUE, UNIQUE_KEY, CREATE_USER, CREATED_ON, LINE_NO, MANAGED, FIELD_PATH, DATA_TYPE, DATA1, DATA2, TRANSITIVE_FIELDS, FORMULA, ENTITY_LOOKUP_TYPE)
VALUES ('4426ec9bd3544752a69938cac9f377f8', 0, 'f07031098f5141ad87809c363c36a246', 'custHcl4Ver', 'CUST_HCL4_VER', 'NUMBER(20, 0)', 'N/A', 0, 'integer', '', '', '', '', '', '', '', 0, NULL, 18, NULL, NULL, '', '', 'system', systimestamp, '85', 0, 'entity.vendorInvoiceShipItems.viShipmentItemColors.custHcl4Ver', '', '', '', '', '', '');
INSERT INTO CNT_FIELD_DEFINITION
 (ID, REVISION, PARENT_ID, FIELD_ID, COLUMN_NAME, COLUMN_TYPE, REPORT_COLUMN_NAME, PRODUCT_FIELD, FIELD_TYPE, ENTITY_LOOKUP, ENTITY_LOOKUP_KEY, ORDER_BY, GENERATOR, REFER_TABLE, KEY_COLUMN, LOOKUP_COLUMN, MANDATORY, MIN_LENGTH, MAX_LENGTH, MIN_VALUE, MAX_VALUE, CONSTANT_VALUE, UNIQUE_KEY, CREATE_USER, CREATED_ON, LINE_NO, MANAGED, FIELD_PATH, DATA_TYPE, DATA1, DATA2, TRANSITIVE_FIELDS, FORMULA, ENTITY_LOOKUP_TYPE)
VALUES ('6f28d59ebd23444395d224253fb480ab', 0, 'f07031098f5141ad87809c363c36a246', 'custHcl4Ref2', 'CUST_HCL4_REF2', 'NVARCHAR2(1000)', 'N/A', 0, 'string-l', '', '', '', '', '', '', '', 0, NULL, 1000, NULL, NULL, '', '', 'system', systimestamp, '86', 0, 'entity.vendorInvoiceShipItems.viShipmentItemColors.custHcl4Ref2', '', '', '', '', '', '');
INSERT INTO CNT_FIELD_DEFINITION
 (ID, REVISION, PARENT_ID, FIELD_ID, COLUMN_NAME, COLUMN_TYPE, REPORT_COLUMN_NAME, PRODUCT_FIELD, FIELD_TYPE, ENTITY_LOOKUP, ENTITY_LOOKUP_KEY, ORDER_BY, GENERATOR, REFER_TABLE, KEY_COLUMN, LOOKUP_COLUMN, MANDATORY, MIN_LENGTH, MAX_LENGTH, MIN_VALUE, MAX_VALUE, CONSTANT_VALUE, UNIQUE_KEY, CREATE_USER, CREATED_ON, LINE_NO, MANAGED, FIELD_PATH, DATA_TYPE, DATA1, DATA2, TRANSITIVE_FIELDS, FORMULA, ENTITY_LOOKUP_TYPE)
VALUES ('4bd9abf43c5e4cd88e9b81a3a2f1df83', 0, 'f07031098f5141ad87809c363c36a246', 'custHcl4FullLineage', 'CUST_HCL4_FULL_LINEAGE', 'NVARCHAR2(1000)', 'N/A', 0, 'string-l', '', '', '', '', '', '', '', 0, NULL, 1000, NULL, NULL, '', '', 'system', systimestamp, '87', 0, 'entity.vendorInvoiceShipItems.viShipmentItemColors.custHcl4FullLineage', '', '', '', '', '', '');
INSERT INTO CNT_FIELD_DEFINITION
 (ID, REVISION, PARENT_ID, FIELD_ID, COLUMN_NAME, COLUMN_TYPE, REPORT_COLUMN_NAME, PRODUCT_FIELD, FIELD_TYPE, ENTITY_LOOKUP, ENTITY_LOOKUP_KEY, ORDER_BY, GENERATOR, REFER_TABLE, KEY_COLUMN, LOOKUP_COLUMN, MANDATORY, MIN_LENGTH, MAX_LENGTH, MIN_VALUE, MAX_VALUE, CONSTANT_VALUE, UNIQUE_KEY, CREATE_USER, CREATED_ON, LINE_NO, MANAGED, FIELD_PATH, DATA_TYPE, DATA1, DATA2, TRANSITIVE_FIELDS, FORMULA, ENTITY_LOOKUP_TYPE)
VALUES ('3b60fbfc543c466d80d75eb42b212863', 0, 'f07031098f5141ad87809c363c36a246', 'custHcl5Ref', 'CUST_HCL5_REF', 'NVARCHAR2(1000)', 'N/A', 0, 'string-l', '', '', '', '', '', '', '', 0, NULL, 1000, NULL, NULL, '', '', 'system', systimestamp, '88', 0, 'entity.vendorInvoiceShipItems.viShipmentItemColors.custHcl5Ref', '', '', '', '', '', '');
INSERT INTO CNT_FIELD_DEFINITION
 (ID, REVISION, PARENT_ID, FIELD_ID, COLUMN_NAME, COLUMN_TYPE, REPORT_COLUMN_NAME, PRODUCT_FIELD, FIELD_TYPE, ENTITY_LOOKUP, ENTITY_LOOKUP_KEY, ORDER_BY, GENERATOR, REFER_TABLE, KEY_COLUMN, LOOKUP_COLUMN, MANDATORY, MIN_LENGTH, MAX_LENGTH, MIN_VALUE, MAX_VALUE, CONSTANT_VALUE, UNIQUE_KEY, CREATE_USER, CREATED_ON, LINE_NO, MANAGED, FIELD_PATH, DATA_TYPE, DATA1, DATA2, TRANSITIVE_FIELDS, FORMULA, ENTITY_LOOKUP_TYPE)
VALUES ('4b49b16be84345d5bcec14f7576361f4', 0, 'f07031098f5141ad87809c363c36a246', 'custHcl5Ver', 'CUST_HCL5_VER', 'NUMBER(20, 0)', 'N/A', 0, 'integer', '', '', '', '', '', '', '', 0, NULL, 18, NULL, NULL, '', '', 'system', systimestamp, '89', 0, 'entity.vendorInvoiceShipItems.viShipmentItemColors.custHcl5Ver', '', '', '', '', '', '');
INSERT INTO CNT_FIELD_DEFINITION
 (ID, REVISION, PARENT_ID, FIELD_ID, COLUMN_NAME, COLUMN_TYPE, REPORT_COLUMN_NAME, PRODUCT_FIELD, FIELD_TYPE, ENTITY_LOOKUP, ENTITY_LOOKUP_KEY, ORDER_BY, GENERATOR, REFER_TABLE, KEY_COLUMN, LOOKUP_COLUMN, MANDATORY, MIN_LENGTH, MAX_LENGTH, MIN_VALUE, MAX_VALUE, CONSTANT_VALUE, UNIQUE_KEY, CREATE_USER, CREATED_ON, LINE_NO, MANAGED, FIELD_PATH, DATA_TYPE, DATA1, DATA2, TRANSITIVE_FIELDS, FORMULA, ENTITY_LOOKUP_TYPE)
VALUES ('019b60d4babc4212bc7110db99d6a569', 0, 'f07031098f5141ad87809c363c36a246', 'custHcl5Ref2', 'CUST_HCL5_REF2', 'NVARCHAR2(1000)', 'N/A', 0, 'string-l', '', '', '', '', '', '', '', 0, NULL, 1000, NULL, NULL, '', '', 'system', systimestamp, '90', 0, 'entity.vendorInvoiceShipItems.viShipmentItemColors.custHcl5Ref2', '', '', '', '', '', '');
INSERT INTO CNT_FIELD_DEFINITION
 (ID, REVISION, PARENT_ID, FIELD_ID, COLUMN_NAME, COLUMN_TYPE, REPORT_COLUMN_NAME, PRODUCT_FIELD, FIELD_TYPE, ENTITY_LOOKUP, ENTITY_LOOKUP_KEY, ORDER_BY, GENERATOR, REFER_TABLE, KEY_COLUMN, LOOKUP_COLUMN, MANDATORY, MIN_LENGTH, MAX_LENGTH, MIN_VALUE, MAX_VALUE, CONSTANT_VALUE, UNIQUE_KEY, CREATE_USER, CREATED_ON, LINE_NO, MANAGED, FIELD_PATH, DATA_TYPE, DATA1, DATA2, TRANSITIVE_FIELDS, FORMULA, ENTITY_LOOKUP_TYPE)
VALUES ('39839f055e1b425297266c5c5e8b15ac', 0, 'f07031098f5141ad87809c363c36a246', 'custHcl5FullLineage', 'CUST_HCL5_FULL_LINEAGE', 'NVARCHAR2(1000)', 'N/A', 0, 'string-l', '', '', '', '', '', '', '', 0, NULL, 1000, NULL, NULL, '', '', 'system', systimestamp, '91', 0, 'entity.vendorInvoiceShipItems.viShipmentItemColors.custHcl5FullLineage', '', '', '', '', '', '');
INSERT INTO CNT_ENTITY_DEFINITION
 (ID, REVISION, ENTITY_NAME, ENTITY_VERSION, PRODUCT_TABLE_NAME, CUSTOM_TABLE_NAME, REPORT_TABLE_NAME, MODULE, TYPE, REVISION_TRACKING, VERSION_TRACKING, HISTORY_ENTITY_NAME, REF_PATTERN, SYSTEM_ENTITY, CREATE_USER, CREATED_ON, IS_FOR_EXTERNAL)
VALUES ('7580745602934a4ba7c7118e9dff16e7', 0, 'VendorInvoice', 1, 'CNT_VENDOR_INVOICE', 'CTM_VENDOR_INVOICE', 'VENDOR_INVOICE', 'vendorInvoice', 'main', '', 'ALL', 'VendorInvoiceHistory', '${invoiceNo}', 0, 'system', systimestamp, 0);
INSERT INTO CNT_FIELD_DEFINITION
 (ID, REVISION, PARENT_ID, FIELD_ID, COLUMN_NAME, COLUMN_TYPE, REPORT_COLUMN_NAME, PRODUCT_FIELD, FIELD_TYPE, ENTITY_LOOKUP, ENTITY_LOOKUP_KEY, ORDER_BY, GENERATOR, REFER_TABLE, KEY_COLUMN, LOOKUP_COLUMN, MANDATORY, MIN_LENGTH, MAX_LENGTH, MIN_VALUE, MAX_VALUE, CONSTANT_VALUE, UNIQUE_KEY, CREATE_USER, CREATED_ON, LINE_NO, MANAGED, FIELD_PATH, DATA_TYPE, DATA1, DATA2, TRANSITIVE_FIELDS, FORMULA, ENTITY_LOOKUP_TYPE)
VALUES ('d4e47af462d048939ad4da7a84d6c537', 0, '7580745602934a4ba7c7118e9dff16e7', 'id', 'ID', 'CHAR(32)', '', 1, 'id', '', '', '', 'com.core.cbx.data.generator.UUIDGenerator', '', '', '', 0, 32, 32, NULL, NULL, '', '', 'system', systimestamp, '0', 0, 'entity.id', '', '', '', '', '', '');
INSERT INTO CNT_FIELD_DEFINITION
 (ID, REVISION, PARENT_ID, FIELD_ID, COLUMN_NAME, COLUMN_TYPE, REPORT_COLUMN_NAME, PRODUCT_FIELD, FIELD_TYPE, ENTITY_LOOKUP, ENTITY_LOOKUP_KEY, ORDER_BY, GENERATOR, REFER_TABLE, KEY_COLUMN, LOOKUP_COLUMN, MANDATORY, MIN_LENGTH, MAX_LENGTH, MIN_VALUE, MAX_VALUE, CONSTANT_VALUE, UNIQUE_KEY, CREATE_USER, CREATED_ON, LINE_NO, MANAGED, FIELD_PATH, DATA_TYPE, DATA1, DATA2, TRANSITIVE_FIELDS, FORMULA, ENTITY_LOOKUP_TYPE)
VALUES ('337e1f3def7341a1a7296a21c91975aa', 0, '7580745602934a4ba7c7118e9dff16e7', 'revision', 'REVISION', 'NUMBER(20, 0)', '', 1, 'integer', '', '', '', '', '', '', '', 0, NULL, 18, NULL, NULL, '', '', 'system', systimestamp, '1', 0, 'entity.revision', '', '', '', '', '', '');
INSERT INTO CNT_FIELD_DEFINITION
 (ID, REVISION, PARENT_ID, FIELD_ID, COLUMN_NAME, COLUMN_TYPE, REPORT_COLUMN_NAME, PRODUCT_FIELD, FIELD_TYPE, ENTITY_LOOKUP, ENTITY_LOOKUP_KEY, ORDER_BY, GENERATOR, REFER_TABLE, KEY_COLUMN, LOOKUP_COLUMN, MANDATORY, MIN_LENGTH, MAX_LENGTH, MIN_VALUE, MAX_VALUE, CONSTANT_VALUE, UNIQUE_KEY, CREATE_USER, CREATED_ON, LINE_NO, MANAGED, FIELD_PATH, DATA_TYPE, DATA1, DATA2, TRANSITIVE_FIELDS, FORMULA, ENTITY_LOOKUP_TYPE)
VALUES ('1e5908ed10b84c1ca05f231e31edb223', 0, '7580745602934a4ba7c7118e9dff16e7', 'entityVersion', 'ENTITY_VERSION', 'NUMBER(20, 0)', '', 1, 'integer', '', '', '', '', '', '', '', 0, NULL, 18, NULL, NULL, '', '', 'system', systimestamp, '2', 0, 'entity.entityVersion', '', '', '', '', '', '');
INSERT INTO CNT_FIELD_DEFINITION
 (ID, REVISION, PARENT_ID, FIELD_ID, COLUMN_NAME, COLUMN_TYPE, REPORT_COLUMN_NAME, PRODUCT_FIELD, FIELD_TYPE, ENTITY_LOOKUP, ENTITY_LOOKUP_KEY, ORDER_BY, GENERATOR, REFER_TABLE, KEY_COLUMN, LOOKUP_COLUMN, MANDATORY, MIN_LENGTH, MAX_LENGTH, MIN_VALUE, MAX_VALUE, CONSTANT_VALUE, UNIQUE_KEY, CREATE_USER, CREATED_ON, LINE_NO, MANAGED, FIELD_PATH, DATA_TYPE, DATA1, DATA2, TRANSITIVE_FIELDS, FORMULA, ENTITY_LOOKUP_TYPE)
VALUES ('303de596a8644576b005d28434550142', 0, '7580745602934a4ba7c7118e9dff16e7', 'domainId', 'DOMAIN_ID', 'NVARCHAR2(400)', '', 1, 'string-m', '', '', '', '', '', '', '', 0, NULL, 400, NULL, NULL, '', '', 'system', systimestamp, '3', 0, 'entity.domainId', '', '', '', '', '', '');
INSERT INTO CNT_FIELD_DEFINITION
 (ID, REVISION, PARENT_ID, FIELD_ID, COLUMN_NAME, COLUMN_TYPE, REPORT_COLUMN_NAME, PRODUCT_FIELD, FIELD_TYPE, ENTITY_LOOKUP, ENTITY_LOOKUP_KEY, ORDER_BY, GENERATOR, REFER_TABLE, KEY_COLUMN, LOOKUP_COLUMN, MANDATORY, MIN_LENGTH, MAX_LENGTH, MIN_VALUE, MAX_VALUE, CONSTANT_VALUE, UNIQUE_KEY, CREATE_USER, CREATED_ON, LINE_NO, MANAGED, FIELD_PATH, DATA_TYPE, DATA1, DATA2, TRANSITIVE_FIELDS, FORMULA, ENTITY_LOOKUP_TYPE)
VALUES ('feec8b225ca24b72b13faa3ce7c3725c', 0, '7580745602934a4ba7c7118e9dff16e7', 'hubDomainId', 'HUB_DOMAIN_ID', 'NVARCHAR2(400)', '', 1, 'string-m', '', '', '', '', '', '', '', 0, NULL, 400, NULL, NULL, '', '', 'system', systimestamp, '4', 0, 'entity.hubDomainId', '', '', '', '', '', '');
INSERT INTO CNT_FIELD_DEFINITION
 (ID, REVISION, PARENT_ID, FIELD_ID, COLUMN_NAME, COLUMN_TYPE, REPORT_COLUMN_NAME, PRODUCT_FIELD, FIELD_TYPE, ENTITY_LOOKUP, ENTITY_LOOKUP_KEY, ORDER_BY, GENERATOR, REFER_TABLE, KEY_COLUMN, LOOKUP_COLUMN, MANDATORY, MIN_LENGTH, MAX_LENGTH, MIN_VALUE, MAX_VALUE, CONSTANT_VALUE, UNIQUE_KEY, CREATE_USER, CREATED_ON, LINE_NO, MANAGED, FIELD_PATH, DATA_TYPE, DATA1, DATA2, TRANSITIVE_FIELDS, FORMULA, ENTITY_LOOKUP_TYPE)
VALUES ('c4792f78a68049798c1b6f9ab4729153', 0, '7580745602934a4ba7c7118e9dff16e7', 'isForReference', 'IS_FOR_REFERENCE', 'NUMBER(1,0)', '', 1, 'boolean', '', '', '', '', '', '', '', 0, NULL, NULL, NULL, NULL, '', '', 'system', systimestamp, '5', 0, 'entity.isForReference', '', '', '', '', '', '');
INSERT INTO CNT_FIELD_DEFINITION
 (ID, REVISION, PARENT_ID, FIELD_ID, COLUMN_NAME, COLUMN_TYPE, REPORT_COLUMN_NAME, PRODUCT_FIELD, FIELD_TYPE, ENTITY_LOOKUP, ENTITY_LOOKUP_KEY, ORDER_BY, GENERATOR, REFER_TABLE, KEY_COLUMN, LOOKUP_COLUMN, MANDATORY, MIN_LENGTH, MAX_LENGTH, MIN_VALUE, MAX_VALUE, CONSTANT_VALUE, UNIQUE_KEY, CREATE_USER, CREATED_ON, LINE_NO, MANAGED, FIELD_PATH, DATA_TYPE, DATA1, DATA2, TRANSITIVE_FIELDS, FORMULA, ENTITY_LOOKUP_TYPE)
VALUES ('0b6448a949bc456cb31e784eb98f3dfc', 0, '7580745602934a4ba7c7118e9dff16e7', 'version', 'VERSION', 'NUMBER(20, 0)', '', 1, 'integer', '', '', '', '', '', '', '', 0, NULL, 18, NULL, NULL, '', '', 'system', systimestamp, '6', 0, 'entity.version', '', '', '', '', '', '');
INSERT INTO CNT_FIELD_DEFINITION
 (ID, REVISION, PARENT_ID, FIELD_ID, COLUMN_NAME, COLUMN_TYPE, REPORT_COLUMN_NAME, PRODUCT_FIELD, FIELD_TYPE, ENTITY_LOOKUP, ENTITY_LOOKUP_KEY, ORDER_BY, GENERATOR, REFER_TABLE, KEY_COLUMN, LOOKUP_COLUMN, MANDATORY, MIN_LENGTH, MAX_LENGTH, MIN_VALUE, MAX_VALUE, CONSTANT_VALUE, UNIQUE_KEY, CREATE_USER, CREATED_ON, LINE_NO, MANAGED, FIELD_PATH, DATA_TYPE, DATA1, DATA2, TRANSITIVE_FIELDS, FORMULA, ENTITY_LOOKUP_TYPE)
VALUES ('70f154016caa4dda8d14efad4c7b2823', 0, '7580745602934a4ba7c7118e9dff16e7', 'status', 'STATUS', 'NVARCHAR2(400)', '', 1, 'string-m', '', '', '', '', '', '', '', 0, NULL, 400, NULL, NULL, '', '', 'system', systimestamp, '7', 0, 'entity.status', '', '', '', '', '', '');
INSERT INTO CNT_FIELD_DEFINITION
 (ID, REVISION, PARENT_ID, FIELD_ID, COLUMN_NAME, COLUMN_TYPE, REPORT_COLUMN_NAME, PRODUCT_FIELD, FIELD_TYPE, ENTITY_LOOKUP, ENTITY_LOOKUP_KEY, ORDER_BY, GENERATOR, REFER_TABLE, KEY_COLUMN, LOOKUP_COLUMN, MANDATORY, MIN_LENGTH, MAX_LENGTH, MIN_VALUE, MAX_VALUE, CONSTANT_VALUE, UNIQUE_KEY, CREATE_USER, CREATED_ON, LINE_NO, MANAGED, FIELD_PATH, DATA_TYPE, DATA1, DATA2, TRANSITIVE_FIELDS, FORMULA, ENTITY_LOOKUP_TYPE)
VALUES ('386fd7b6e2fc42468e5a5ccc13e75c64', 0, '7580745602934a4ba7c7118e9dff16e7', 'docStatus', 'DOC_STATUS', 'NVARCHAR2(400)', '', 1, 'string-m', '', '', '', '', '', '', '', 0, NULL, 400, NULL, NULL, '', '', 'system', systimestamp, '8', 0, 'entity.docStatus', '', '', '', '', '', '');
INSERT INTO CNT_FIELD_DEFINITION
 (ID, REVISION, PARENT_ID, FIELD_ID, COLUMN_NAME, COLUMN_TYPE, REPORT_COLUMN_NAME, PRODUCT_FIELD, FIELD_TYPE, ENTITY_LOOKUP, ENTITY_LOOKUP_KEY, ORDER_BY, GENERATOR, REFER_TABLE, KEY_COLUMN, LOOKUP_COLUMN, MANDATORY, MIN_LENGTH, MAX_LENGTH, MIN_VALUE, MAX_VALUE, CONSTANT_VALUE, UNIQUE_KEY, CREATE_USER, CREATED_ON, LINE_NO, MANAGED, FIELD_PATH, DATA_TYPE, DATA1, DATA2, TRANSITIVE_FIELDS, FORMULA, ENTITY_LOOKUP_TYPE)
VALUES ('e0f56bfb927449bf8f402a8ec1b51be9', 0, '7580745602934a4ba7c7118e9dff16e7', 'editingStatus', 'EDITING_STATUS', 'NVARCHAR2(400)', '', 1, 'string-m', '', '', '', '', '', '', '', 0, NULL, 400, NULL, NULL, '', '', 'system', systimestamp, '9', 0, 'entity.editingStatus', '', '', '', '', '', '');
INSERT INTO CNT_FIELD_DEFINITION
 (ID, REVISION, PARENT_ID, FIELD_ID, COLUMN_NAME, COLUMN_TYPE, REPORT_COLUMN_NAME, PRODUCT_FIELD, FIELD_TYPE, ENTITY_LOOKUP, ENTITY_LOOKUP_KEY, ORDER_BY, GENERATOR, REFER_TABLE, KEY_COLUMN, LOOKUP_COLUMN, MANDATORY, MIN_LENGTH, MAX_LENGTH, MIN_VALUE, MAX_VALUE, CONSTANT_VALUE, UNIQUE_KEY, CREATE_USER, CREATED_ON, LINE_NO, MANAGED, FIELD_PATH, DATA_TYPE, DATA1, DATA2, TRANSITIVE_FIELDS, FORMULA, ENTITY_LOOKUP_TYPE)
VALUES ('74ae04a010954159b078a16e45a0de10', 0, '7580745602934a4ba7c7118e9dff16e7', 'createUser', 'CREATE_USER', 'NVARCHAR2(100)', '', 1, 'string-s', '', '', '', '', '', '', '', 0, NULL, 100, NULL, NULL, '', '', 'system', systimestamp, '10', 0, 'entity.createUser', '', '', '', '', '', '');
INSERT INTO CNT_FIELD_DEFINITION
 (ID, REVISION, PARENT_ID, FIELD_ID, COLUMN_NAME, COLUMN_TYPE, REPORT_COLUMN_NAME, PRODUCT_FIELD, FIELD_TYPE, ENTITY_LOOKUP, ENTITY_LOOKUP_KEY, ORDER_BY, GENERATOR, REFER_TABLE, KEY_COLUMN, LOOKUP_COLUMN, MANDATORY, MIN_LENGTH, MAX_LENGTH, MIN_VALUE, MAX_VALUE, CONSTANT_VALUE, UNIQUE_KEY, CREATE_USER, CREATED_ON, LINE_NO, MANAGED, FIELD_PATH, DATA_TYPE, DATA1, DATA2, TRANSITIVE_FIELDS, FORMULA, ENTITY_LOOKUP_TYPE)
VALUES ('9cc52304dc644cf2a8d4560938a8c7b3', 0, '7580745602934a4ba7c7118e9dff16e7', 'createUserName', 'CREATE_USER_NAME', 'NVARCHAR2(100)', '', 1, 'string-s', '', '', '', '', '', '', '', 0, NULL, 100, NULL, NULL, '', '', 'system', systimestamp, '11', 0, 'entity.createUserName', '', '', '', '', '', '');
INSERT INTO CNT_FIELD_DEFINITION
 (ID, REVISION, PARENT_ID, FIELD_ID, COLUMN_NAME, COLUMN_TYPE, REPORT_COLUMN_NAME, PRODUCT_FIELD, FIELD_TYPE, ENTITY_LOOKUP, ENTITY_LOOKUP_KEY, ORDER_BY, GENERATOR, REFER_TABLE, KEY_COLUMN, LOOKUP_COLUMN, MANDATORY, MIN_LENGTH, MAX_LENGTH, MIN_VALUE, MAX_VALUE, CONSTANT_VALUE, UNIQUE_KEY, CREATE_USER, CREATED_ON, LINE_NO, MANAGED, FIELD_PATH, DATA_TYPE, DATA1, DATA2, TRANSITIVE_FIELDS, FORMULA, ENTITY_LOOKUP_TYPE)
VALUES ('c84c1bb5c2c145b58debb365809b9c16', 0, '7580745602934a4ba7c7118e9dff16e7', 'updateUser', 'UPDATE_USER', 'NVARCHAR2(100)', '', 1, 'string-s', '', '', '', '', '', '', '', 0, NULL, 100, NULL, NULL, '', '', 'system', systimestamp, '12', 0, 'entity.updateUser', '', '', '', '', '', '');
INSERT INTO CNT_FIELD_DEFINITION
 (ID, REVISION, PARENT_ID, FIELD_ID, COLUMN_NAME, COLUMN_TYPE, REPORT_COLUMN_NAME, PRODUCT_FIELD, FIELD_TYPE, ENTITY_LOOKUP, ENTITY_LOOKUP_KEY, ORDER_BY, GENERATOR, REFER_TABLE, KEY_COLUMN, LOOKUP_COLUMN, MANDATORY, MIN_LENGTH, MAX_LENGTH, MIN_VALUE, MAX_VALUE, CONSTANT_VALUE, UNIQUE_KEY, CREATE_USER, CREATED_ON, LINE_NO, MANAGED, FIELD_PATH, DATA_TYPE, DATA1, DATA2, TRANSITIVE_FIELDS, FORMULA, ENTITY_LOOKUP_TYPE)
VALUES ('c5fbec1f879d4442ac8f14469c990cee', 0, '7580745602934a4ba7c7118e9dff16e7', 'updateUserName', 'UPDATE_USER_NAME', 'NVARCHAR2(100)', '', 1, 'string-s', '', '', '', '', '', '', '', 0, NULL, 100, NULL, NULL, '', '', 'system', systimestamp, '13', 0, 'entity.updateUserName', '', '', '', '', '', '');
INSERT INTO CNT_FIELD_DEFINITION
 (ID, REVISION, PARENT_ID, FIELD_ID, COLUMN_NAME, COLUMN_TYPE, REPORT_COLUMN_NAME, PRODUCT_FIELD, FIELD_TYPE, ENTITY_LOOKUP, ENTITY_LOOKUP_KEY, ORDER_BY, GENERATOR, REFER_TABLE, KEY_COLUMN, LOOKUP_COLUMN, MANDATORY, MIN_LENGTH, MAX_LENGTH, MIN_VALUE, MAX_VALUE, CONSTANT_VALUE, UNIQUE_KEY, CREATE_USER, CREATED_ON, LINE_NO, MANAGED, FIELD_PATH, DATA_TYPE, DATA1, DATA2, TRANSITIVE_FIELDS, FORMULA, ENTITY_LOOKUP_TYPE)
VALUES ('726eb9c67ca147f6ae0765fb251562f3', 0, '7580745602934a4ba7c7118e9dff16e7', 'createdOn', 'CREATED_ON', 'TIMESTAMP', '', 1, 'timestamp', '', '', '', '', '', '', '', 0, NULL, NULL, NULL, NULL, '', '', 'system', systimestamp, '14', 0, 'entity.createdOn', '', '', '', '', '', '');
INSERT INTO CNT_FIELD_DEFINITION
 (ID, REVISION, PARENT_ID, FIELD_ID, COLUMN_NAME, COLUMN_TYPE, REPORT_COLUMN_NAME, PRODUCT_FIELD, FIELD_TYPE, ENTITY_LOOKUP, ENTITY_LOOKUP_KEY, ORDER_BY, GENERATOR, REFER_TABLE, KEY_COLUMN, LOOKUP_COLUMN, MANDATORY, MIN_LENGTH, MAX_LENGTH, MIN_VALUE, MAX_VALUE, CONSTANT_VALUE, UNIQUE_KEY, CREATE_USER, CREATED_ON, LINE_NO, MANAGED, FIELD_PATH, DATA_TYPE, DATA1, DATA2, TRANSITIVE_FIELDS, FORMULA, ENTITY_LOOKUP_TYPE)
VALUES ('a52092adc13c4128bb5ea843e487b43a', 0, '7580745602934a4ba7c7118e9dff16e7', 'updatedOn', 'UPDATED_ON', 'TIMESTAMP', '', 1, 'timestamp', '', '', '', '', '', '', '', 0, NULL, NULL, NULL, NULL, '', '', 'system', systimestamp, '15', 0, 'entity.updatedOn', '', '', '', '', '', '');
INSERT INTO CNT_FIELD_DEFINITION
 (ID, REVISION, PARENT_ID, FIELD_ID, COLUMN_NAME, COLUMN_TYPE, REPORT_COLUMN_NAME, PRODUCT_FIELD, FIELD_TYPE, ENTITY_LOOKUP, ENTITY_LOOKUP_KEY, ORDER_BY, GENERATOR, REFER_TABLE, KEY_COLUMN, LOOKUP_COLUMN, MANDATORY, MIN_LENGTH, MAX_LENGTH, MIN_VALUE, MAX_VALUE, CONSTANT_VALUE, UNIQUE_KEY, CREATE_USER, CREATED_ON, LINE_NO, MANAGED, FIELD_PATH, DATA_TYPE, DATA1, DATA2, TRANSITIVE_FIELDS, FORMULA, ENTITY_LOOKUP_TYPE)
VALUES ('896db75e832a49ceab2ec9cd7456989a', 0, '7580745602934a4ba7c7118e9dff16e7', 'integrationSource', 'INTEGRATION_SOURCE', 'NVARCHAR2(400)', '', 1, 'string-m', '', '', '', '', '', '', '', 0, NULL, 400, NULL, NULL, '', '', 'system', systimestamp, '16', 0, 'entity.integrationSource', '', '', '', '', '', '');
INSERT INTO CNT_FIELD_DEFINITION
 (ID, REVISION, PARENT_ID, FIELD_ID, COLUMN_NAME, COLUMN_TYPE, REPORT_COLUMN_NAME, PRODUCT_FIELD, FIELD_TYPE, ENTITY_LOOKUP, ENTITY_LOOKUP_KEY, ORDER_BY, GENERATOR, REFER_TABLE, KEY_COLUMN, LOOKUP_COLUMN, MANDATORY, MIN_LENGTH, MAX_LENGTH, MIN_VALUE, MAX_VALUE, CONSTANT_VALUE, UNIQUE_KEY, CREATE_USER, CREATED_ON, LINE_NO, MANAGED, FIELD_PATH, DATA_TYPE, DATA1, DATA2, TRANSITIVE_FIELDS, FORMULA, ENTITY_LOOKUP_TYPE)
VALUES ('c9657f6f77fd4c7d940afe39b0cfee5b', 0, '7580745602934a4ba7c7118e9dff16e7', 'integrationStatus', 'INTEGRATION_STATUS', 'NVARCHAR2(400)', '', 1, 'string-m', '', '', '', '', '', '', '', 0, NULL, 400, NULL, NULL, '', '', 'system', systimestamp, '17', 0, 'entity.integrationStatus', '', '', '', '', '', '');
INSERT INTO CNT_FIELD_DEFINITION
 (ID, REVISION, PARENT_ID, FIELD_ID, COLUMN_NAME, COLUMN_TYPE, REPORT_COLUMN_NAME, PRODUCT_FIELD, FIELD_TYPE, ENTITY_LOOKUP, ENTITY_LOOKUP_KEY, ORDER_BY, GENERATOR, REFER_TABLE, KEY_COLUMN, LOOKUP_COLUMN, MANDATORY, MIN_LENGTH, MAX_LENGTH, MIN_VALUE, MAX_VALUE, CONSTANT_VALUE, UNIQUE_KEY, CREATE_USER, CREATED_ON, LINE_NO, MANAGED, FIELD_PATH, DATA_TYPE, DATA1, DATA2, TRANSITIVE_FIELDS, FORMULA, ENTITY_LOOKUP_TYPE)
VALUES ('739b0fc55b8349e7ad2b1069dd6a146e', 0, '7580745602934a4ba7c7118e9dff16e7', 'integrationNote', 'INTEGRATION_NOTE', 'NVARCHAR2(1000)', '', 1, 'string-l', '', '', '', '', '', '', '', 0, NULL, 1000, NULL, NULL, '', '', 'system', systimestamp, '18', 0, 'entity.integrationNote', '', '', '', '', '', '');
INSERT INTO CNT_FIELD_DEFINITION
 (ID, REVISION, PARENT_ID, FIELD_ID, COLUMN_NAME, COLUMN_TYPE, REPORT_COLUMN_NAME, PRODUCT_FIELD, FIELD_TYPE, ENTITY_LOOKUP, ENTITY_LOOKUP_KEY, ORDER_BY, GENERATOR, REFER_TABLE, KEY_COLUMN, LOOKUP_COLUMN, MANDATORY, MIN_LENGTH, MAX_LENGTH, MIN_VALUE, MAX_VALUE, CONSTANT_VALUE, UNIQUE_KEY, CREATE_USER, CREATED_ON, LINE_NO, MANAGED, FIELD_PATH, DATA_TYPE, DATA1, DATA2, TRANSITIVE_FIELDS, FORMULA, ENTITY_LOOKUP_TYPE)
VALUES ('09dd4e3af6264887b12428a915a246bd', 0, '7580745602934a4ba7c7118e9dff16e7', 'isCpmInitialized', 'IS_CPM_INITIALIZED', 'NUMBER(1,0)', '', 1, 'boolean', '', '', '', '', '', '', '', 0, NULL, NULL, NULL, NULL, '', '', 'system', systimestamp, '19', 0, 'entity.isCpmInitialized', '', '', '', '', '', '');
INSERT INTO CNT_FIELD_DEFINITION
 (ID, REVISION, PARENT_ID, FIELD_ID, COLUMN_NAME, COLUMN_TYPE, REPORT_COLUMN_NAME, PRODUCT_FIELD, FIELD_TYPE, ENTITY_LOOKUP, ENTITY_LOOKUP_KEY, ORDER_BY, GENERATOR, REFER_TABLE, KEY_COLUMN, LOOKUP_COLUMN, MANDATORY, MIN_LENGTH, MAX_LENGTH, MIN_VALUE, MAX_VALUE, CONSTANT_VALUE, UNIQUE_KEY, CREATE_USER, CREATED_ON, LINE_NO, MANAGED, FIELD_PATH, DATA_TYPE, DATA1, DATA2, TRANSITIVE_FIELDS, FORMULA, ENTITY_LOOKUP_TYPE)
VALUES ('62cd8d6ac94c4c7b8b2ec5406afe6086', 0, '7580745602934a4ba7c7118e9dff16e7', 'isLatest', 'IS_LATEST', 'NUMBER(1,0)', '', 1, 'boolean', '', '', '', '', '', '', '', 0, NULL, NULL, NULL, NULL, '', '', 'system', systimestamp, '20', 0, 'entity.isLatest', '', '', '', '', '', '');
INSERT INTO CNT_FIELD_DEFINITION
 (ID, REVISION, PARENT_ID, FIELD_ID, COLUMN_NAME, COLUMN_TYPE, REPORT_COLUMN_NAME, PRODUCT_FIELD, FIELD_TYPE, ENTITY_LOOKUP, ENTITY_LOOKUP_KEY, ORDER_BY, GENERATOR, REFER_TABLE, KEY_COLUMN, LOOKUP_COLUMN, MANDATORY, MIN_LENGTH, MAX_LENGTH, MIN_VALUE, MAX_VALUE, CONSTANT_VALUE, UNIQUE_KEY, CREATE_USER, CREATED_ON, LINE_NO, MANAGED, FIELD_PATH, DATA_TYPE, DATA1, DATA2, TRANSITIVE_FIELDS, FORMULA, ENTITY_LOOKUP_TYPE)
VALUES ('0e19ca12750b47f2b6da2f7f2023a5be', 0, '7580745602934a4ba7c7118e9dff16e7', 'invoiceNo', 'INVOICE_NO', 'NVARCHAR2(400)', 'VENDOR_INVOICE_NO', 1, 'string-m', '', '', '', '', '', '', '', 0, NULL, 400, NULL, NULL, '', '', 'system', systimestamp, '21', 0, 'entity.invoiceNo', '', '', '', '', 'refNo', '');
INSERT INTO CNT_FIELD_DEFINITION
 (ID, REVISION, PARENT_ID, FIELD_ID, COLUMN_NAME, COLUMN_TYPE, REPORT_COLUMN_NAME, PRODUCT_FIELD, FIELD_TYPE, ENTITY_LOOKUP, ENTITY_LOOKUP_KEY, ORDER_BY, GENERATOR, REFER_TABLE, KEY_COLUMN, LOOKUP_COLUMN, MANDATORY, MIN_LENGTH, MAX_LENGTH, MIN_VALUE, MAX_VALUE, CONSTANT_VALUE, UNIQUE_KEY, CREATE_USER, CREATED_ON, LINE_NO, MANAGED, FIELD_PATH, DATA_TYPE, DATA1, DATA2, TRANSITIVE_FIELDS, FORMULA, ENTITY_LOOKUP_TYPE)
VALUES ('b15545b9580f4fafa4155ba64469dec7', 0, '7580745602934a4ba7c7118e9dff16e7', 'shortDescription', 'SHORT_DESCRIPTION', 'NVARCHAR2(1000)', 'SHORT_DESC', 1, 'string-l', '', '', '', '', '', '', '', 0, NULL, 1000, NULL, NULL, '', '', 'system', systimestamp, '22', 0, 'entity.shortDescription', '', '', '', '', '', '');
INSERT INTO CNT_FIELD_DEFINITION
 (ID, REVISION, PARENT_ID, FIELD_ID, COLUMN_NAME, COLUMN_TYPE, REPORT_COLUMN_NAME, PRODUCT_FIELD, FIELD_TYPE, ENTITY_LOOKUP, ENTITY_LOOKUP_KEY, ORDER_BY, GENERATOR, REFER_TABLE, KEY_COLUMN, LOOKUP_COLUMN, MANDATORY, MIN_LENGTH, MAX_LENGTH, MIN_VALUE, MAX_VALUE, CONSTANT_VALUE, UNIQUE_KEY, CREATE_USER, CREATED_ON, LINE_NO, MANAGED, FIELD_PATH, DATA_TYPE, DATA1, DATA2, TRANSITIVE_FIELDS, FORMULA, ENTITY_LOOKUP_TYPE)
VALUES ('c9e5a1cb617f4e75ab3709cc43bd9858', 0, '7580745602934a4ba7c7118e9dff16e7', 'invoiceDate', 'INVOICE_DATE', 'DATE', 'VENDOR_INVOICE_DATE', 1, 'date', '', '', '', '', '', '', '', 0, NULL, NULL, NULL, NULL, '', '', 'system', systimestamp, '23', 0, 'entity.invoiceDate', '', '', '', '', '', '');
INSERT INTO CNT_FIELD_DEFINITION
 (ID, REVISION, PARENT_ID, FIELD_ID, COLUMN_NAME, COLUMN_TYPE, REPORT_COLUMN_NAME, PRODUCT_FIELD, FIELD_TYPE, ENTITY_LOOKUP, ENTITY_LOOKUP_KEY, ORDER_BY, GENERATOR, REFER_TABLE, KEY_COLUMN, LOOKUP_COLUMN, MANDATORY, MIN_LENGTH, MAX_LENGTH, MIN_VALUE, MAX_VALUE, CONSTANT_VALUE, UNIQUE_KEY, CREATE_USER, CREATED_ON, LINE_NO, MANAGED, FIELD_PATH, DATA_TYPE, DATA1, DATA2, TRANSITIVE_FIELDS, FORMULA, ENTITY_LOOKUP_TYPE)
VALUES ('55a48c4640644830a77d739b2c32b3c7', 0, '7580745602934a4ba7c7118e9dff16e7', 'season', 'SEASON', 'NVARCHAR2(400)', 'SEASON', 1, 'string-m', '', '', '', '', '', '', '', 0, NULL, 400, NULL, NULL, '', '', 'system', systimestamp, '24', 0, 'entity.season', 'codelist', 'SEASON', '', '', '', '');
INSERT INTO CNT_FIELD_DEFINITION
 (ID, REVISION, PARENT_ID, FIELD_ID, COLUMN_NAME, COLUMN_TYPE, REPORT_COLUMN_NAME, PRODUCT_FIELD, FIELD_TYPE, ENTITY_LOOKUP, ENTITY_LOOKUP_KEY, ORDER_BY, GENERATOR, REFER_TABLE, KEY_COLUMN, LOOKUP_COLUMN, MANDATORY, MIN_LENGTH, MAX_LENGTH, MIN_VALUE, MAX_VALUE, CONSTANT_VALUE, UNIQUE_KEY, CREATE_USER, CREATED_ON, LINE_NO, MANAGED, FIELD_PATH, DATA_TYPE, DATA1, DATA2, TRANSITIVE_FIELDS, FORMULA, ENTITY_LOOKUP_TYPE)
VALUES ('9bdb604515054cc7a3226aac517411c1', 0, '7580745602934a4ba7c7118e9dff16e7', 'vendor', 'VENDOR_ID', 'CHAR(32)', 'VENDOR_SYS_ID', 1, 'entity', 'Vendor', 'id', '', '', '', '', '', 0, 32, 32, NULL, NULL, '', '', 'system', systimestamp, '25', 0, 'entity.vendor', '', '', '', '', '', 'Snapshot');
INSERT INTO CNT_FIELD_DEFINITION
 (ID, REVISION, PARENT_ID, FIELD_ID, COLUMN_NAME, COLUMN_TYPE, REPORT_COLUMN_NAME, PRODUCT_FIELD, FIELD_TYPE, ENTITY_LOOKUP, ENTITY_LOOKUP_KEY, ORDER_BY, GENERATOR, REFER_TABLE, KEY_COLUMN, LOOKUP_COLUMN, MANDATORY, MIN_LENGTH, MAX_LENGTH, MIN_VALUE, MAX_VALUE, CONSTANT_VALUE, UNIQUE_KEY, CREATE_USER, CREATED_ON, LINE_NO, MANAGED, FIELD_PATH, DATA_TYPE, DATA1, DATA2, TRANSITIVE_FIELDS, FORMULA, ENTITY_LOOKUP_TYPE)
VALUES ('a54b215d4b52477cbd1bbe6b8fcb8b2b', 0, '7580745602934a4ba7c7118e9dff16e7', 'vendorDocNo', 'VENDOR_DOC_NO', 'NVARCHAR2(400)', 'VENDOR_DOC_NO', 1, 'string-m', '', '', '', '', '', '', '', 0, NULL, 400, NULL, NULL, '', '', 'system', systimestamp, '26', 0, 'entity.vendorDocNo', '', '', '', '', '', '');
INSERT INTO CNT_FIELD_DEFINITION
 (ID, REVISION, PARENT_ID, FIELD_ID, COLUMN_NAME, COLUMN_TYPE, REPORT_COLUMN_NAME, PRODUCT_FIELD, FIELD_TYPE, ENTITY_LOOKUP, ENTITY_LOOKUP_KEY, ORDER_BY, GENERATOR, REFER_TABLE, KEY_COLUMN, LOOKUP_COLUMN, MANDATORY, MIN_LENGTH, MAX_LENGTH, MIN_VALUE, MAX_VALUE, CONSTANT_VALUE, UNIQUE_KEY, CREATE_USER, CREATED_ON, LINE_NO, MANAGED, FIELD_PATH, DATA_TYPE, DATA1, DATA2, TRANSITIVE_FIELDS, FORMULA, ENTITY_LOOKUP_TYPE)
VALUES ('e7217a2661c7430ab235d6ead575665f', 0, '7580745602934a4ba7c7118e9dff16e7', 'paymentMethod', 'PAYMENT_METHOD', 'NVARCHAR2(400)', 'PAYMENT_METHOD', 1, 'string-m', '', '', '', '', '', '', '', 0, NULL, 400, NULL, NULL, '', '', 'system', systimestamp, '27', 0, 'entity.paymentMethod', 'codelist', 'PAYMENT_METHOD', '', '', '', '');
INSERT INTO CNT_FIELD_DEFINITION
 (ID, REVISION, PARENT_ID, FIELD_ID, COLUMN_NAME, COLUMN_TYPE, REPORT_COLUMN_NAME, PRODUCT_FIELD, FIELD_TYPE, ENTITY_LOOKUP, ENTITY_LOOKUP_KEY, ORDER_BY, GENERATOR, REFER_TABLE, KEY_COLUMN, LOOKUP_COLUMN, MANDATORY, MIN_LENGTH, MAX_LENGTH, MIN_VALUE, MAX_VALUE, CONSTANT_VALUE, UNIQUE_KEY, CREATE_USER, CREATED_ON, LINE_NO, MANAGED, FIELD_PATH, DATA_TYPE, DATA1, DATA2, TRANSITIVE_FIELDS, FORMULA, ENTITY_LOOKUP_TYPE)
VALUES ('f4907cc16e4c44d9a203fedf394187fc', 0, '7580745602934a4ba7c7118e9dff16e7', 'bankLCNo', 'BANK_LC_NO', 'NVARCHAR2(400)', 'BANK_LC_NO', 1, 'string-m', '', '', '', '', '', '', '', 0, NULL, 400, NULL, NULL, '', '', 'system', systimestamp, '28', 0, 'entity.bankLCNo', '', '', '', '', '', '');
INSERT INTO CNT_FIELD_DEFINITION
 (ID, REVISION, PARENT_ID, FIELD_ID, COLUMN_NAME, COLUMN_TYPE, REPORT_COLUMN_NAME, PRODUCT_FIELD, FIELD_TYPE, ENTITY_LOOKUP, ENTITY_LOOKUP_KEY, ORDER_BY, GENERATOR, REFER_TABLE, KEY_COLUMN, LOOKUP_COLUMN, MANDATORY, MIN_LENGTH, MAX_LENGTH, MIN_VALUE, MAX_VALUE, CONSTANT_VALUE, UNIQUE_KEY, CREATE_USER, CREATED_ON, LINE_NO, MANAGED, FIELD_PATH, DATA_TYPE, DATA1, DATA2, TRANSITIVE_FIELDS, FORMULA, ENTITY_LOOKUP_TYPE)
VALUES ('b355c3b243c1499d81cc6cb393fda4ec', 0, '7580745602934a4ba7c7118e9dff16e7', 'currency', 'CURRENCY', 'NVARCHAR2(400)', 'CURRENCY', 1, 'string-m', '', '', '', '', '', '', '', 0, NULL, 400, NULL, NULL, '', '', 'system', systimestamp, '29', 0, 'entity.currency', 'codelist', 'CURRENCY', '', '', '', '');
INSERT INTO CNT_FIELD_DEFINITION
 (ID, REVISION, PARENT_ID, FIELD_ID, COLUMN_NAME, COLUMN_TYPE, REPORT_COLUMN_NAME, PRODUCT_FIELD, FIELD_TYPE, ENTITY_LOOKUP, ENTITY_LOOKUP_KEY, ORDER_BY, GENERATOR, REFER_TABLE, KEY_COLUMN, LOOKUP_COLUMN, MANDATORY, MIN_LENGTH, MAX_LENGTH, MIN_VALUE, MAX_VALUE, CONSTANT_VALUE, UNIQUE_KEY, CREATE_USER, CREATED_ON, LINE_NO, MANAGED, FIELD_PATH, DATA_TYPE, DATA1, DATA2, TRANSITIVE_FIELDS, FORMULA, ENTITY_LOOKUP_TYPE)
VALUES ('07667ced54fc45888a9b0a55e963dad3', 0, '7580745602934a4ba7c7118e9dff16e7', 'totalItems', 'TOTAL_ITEMS', 'NUMBER(20, 0)', 'TOTAL_ITEMS', 1, 'integer', '', '', '', '', '', '', '', 0, NULL, 18, NULL, NULL, '', '', 'system', systimestamp, '30', 0, 'entity.totalItems', '', '', '', '', '', '');
INSERT INTO CNT_FIELD_DEFINITION
 (ID, REVISION, PARENT_ID, FIELD_ID, COLUMN_NAME, COLUMN_TYPE, REPORT_COLUMN_NAME, PRODUCT_FIELD, FIELD_TYPE, ENTITY_LOOKUP, ENTITY_LOOKUP_KEY, ORDER_BY, GENERATOR, REFER_TABLE, KEY_COLUMN, LOOKUP_COLUMN, MANDATORY, MIN_LENGTH, MAX_LENGTH, MIN_VALUE, MAX_VALUE, CONSTANT_VALUE, UNIQUE_KEY, CREATE_USER, CREATED_ON, LINE_NO, MANAGED, FIELD_PATH, DATA_TYPE, DATA1, DATA2, TRANSITIVE_FIELDS, FORMULA, ENTITY_LOOKUP_TYPE)
VALUES ('1e7cd6da3d174c0384ca6a964f603170', 0, '7580745602934a4ba7c7118e9dff16e7', 'totalQty', 'TOTAL_QTY', 'NUMBER(20, 0)', 'TOTAL_QTY', 1, 'integer', '', '', '', '', '', '', '', 0, NULL, 18, NULL, NULL, '', '', 'system', systimestamp, '31', 0, 'entity.totalQty', '', '', '', '', '', '');
INSERT INTO CNT_FIELD_DEFINITION
 (ID, REVISION, PARENT_ID, FIELD_ID, COLUMN_NAME, COLUMN_TYPE, REPORT_COLUMN_NAME, PRODUCT_FIELD, FIELD_TYPE, ENTITY_LOOKUP, ENTITY_LOOKUP_KEY, ORDER_BY, GENERATOR, REFER_TABLE, KEY_COLUMN, LOOKUP_COLUMN, MANDATORY, MIN_LENGTH, MAX_LENGTH, MIN_VALUE, MAX_VALUE, CONSTANT_VALUE, UNIQUE_KEY, CREATE_USER, CREATED_ON, LINE_NO, MANAGED, FIELD_PATH, DATA_TYPE, DATA1, DATA2, TRANSITIVE_FIELDS, FORMULA, ENTITY_LOOKUP_TYPE)
VALUES ('56d0921c72e846bca4eba856ec6599e2', 0, '7580745602934a4ba7c7118e9dff16e7', 'totalAmt', 'TOTAL_AMT', 'NUMBER(25, 5)', 'TOTAL_AMOUNT', 1, 'decimal-rate', '', '', '', '', '', '', '', 0, NULL, 20, NULL, NULL, '', '', 'system', systimestamp, '32', 0, 'entity.totalAmt', '', '', '', '', '', '');
INSERT INTO CNT_FIELD_DEFINITION
 (ID, REVISION, PARENT_ID, FIELD_ID, COLUMN_NAME, COLUMN_TYPE, REPORT_COLUMN_NAME, PRODUCT_FIELD, FIELD_TYPE, ENTITY_LOOKUP, ENTITY_LOOKUP_KEY, ORDER_BY, GENERATOR, REFER_TABLE, KEY_COLUMN, LOOKUP_COLUMN, MANDATORY, MIN_LENGTH, MAX_LENGTH, MIN_VALUE, MAX_VALUE, CONSTANT_VALUE, UNIQUE_KEY, CREATE_USER, CREATED_ON, LINE_NO, MANAGED, FIELD_PATH, DATA_TYPE, DATA1, DATA2, TRANSITIVE_FIELDS, FORMULA, ENTITY_LOOKUP_TYPE)
VALUES ('9ed22feb88fe4dfbb2614cdc61a44255', 0, '7580745602934a4ba7c7118e9dff16e7', 'incoterm', 'INCOTERM', 'NVARCHAR2(400)', 'INCOTERM', 1, 'string-m', '', '', '', '', '', '', '', 0, NULL, 400, NULL, NULL, '', '', 'system', systimestamp, '33', 0, 'entity.incoterm', 'codelist', 'INCOTERM', '', '', '', '');
INSERT INTO CNT_FIELD_DEFINITION
 (ID, REVISION, PARENT_ID, FIELD_ID, COLUMN_NAME, COLUMN_TYPE, REPORT_COLUMN_NAME, PRODUCT_FIELD, FIELD_TYPE, ENTITY_LOOKUP, ENTITY_LOOKUP_KEY, ORDER_BY, GENERATOR, REFER_TABLE, KEY_COLUMN, LOOKUP_COLUMN, MANDATORY, MIN_LENGTH, MAX_LENGTH, MIN_VALUE, MAX_VALUE, CONSTANT_VALUE, UNIQUE_KEY, CREATE_USER, CREATED_ON, LINE_NO, MANAGED, FIELD_PATH, DATA_TYPE, DATA1, DATA2, TRANSITIVE_FIELDS, FORMULA, ENTITY_LOOKUP_TYPE)
VALUES ('96f5b854d27c440dae0a1836337d97f3', 0, '7580745602934a4ba7c7118e9dff16e7', 'paymentTerm', 'PAYMENT_TERM', 'NVARCHAR2(400)', 'PAYMENT_TERM', 1, 'string-m', '', '', '', '', '', '', '', 0, NULL, 400, NULL, NULL, '', '', 'system', systimestamp, '34', 0, 'entity.paymentTerm', 'codelist', 'PAYMENT_TERM', '', '', '', '');
INSERT INTO CNT_FIELD_DEFINITION
 (ID, REVISION, PARENT_ID, FIELD_ID, COLUMN_NAME, COLUMN_TYPE, REPORT_COLUMN_NAME, PRODUCT_FIELD, FIELD_TYPE, ENTITY_LOOKUP, ENTITY_LOOKUP_KEY, ORDER_BY, GENERATOR, REFER_TABLE, KEY_COLUMN, LOOKUP_COLUMN, MANDATORY, MIN_LENGTH, MAX_LENGTH, MIN_VALUE, MAX_VALUE, CONSTANT_VALUE, UNIQUE_KEY, CREATE_USER, CREATED_ON, LINE_NO, MANAGED, FIELD_PATH, DATA_TYPE, DATA1, DATA2, TRANSITIVE_FIELDS, FORMULA, ENTITY_LOOKUP_TYPE)
VALUES ('9d3f241298e240a3913c3b40e13d9d22', 0, '7580745602934a4ba7c7118e9dff16e7', 'paymentInstructions', 'PAYMENT_INSTRUCTIONS', 'NVARCHAR2(1000)', 'PAYMENT_INSTRUCTIONS', 1, 'string-l', '', '', '', '', '', '', '', 0, NULL, 1000, NULL, NULL, '', '', 'system', systimestamp, '35', 0, 'entity.paymentInstructions', '', '', '', '', '', '');
INSERT INTO CNT_FIELD_DEFINITION
 (ID, REVISION, PARENT_ID, FIELD_ID, COLUMN_NAME, COLUMN_TYPE, REPORT_COLUMN_NAME, PRODUCT_FIELD, FIELD_TYPE, ENTITY_LOOKUP, ENTITY_LOOKUP_KEY, ORDER_BY, GENERATOR, REFER_TABLE, KEY_COLUMN, LOOKUP_COLUMN, MANDATORY, MIN_LENGTH, MAX_LENGTH, MIN_VALUE, MAX_VALUE, CONSTANT_VALUE, UNIQUE_KEY, CREATE_USER, CREATED_ON, LINE_NO, MANAGED, FIELD_PATH, DATA_TYPE, DATA1, DATA2, TRANSITIVE_FIELDS, FORMULA, ENTITY_LOOKUP_TYPE)
VALUES ('5f4ab382bdd24b6aa2bcd97862c8f186', 0, '7580745602934a4ba7c7118e9dff16e7', 'otherTerms', 'OTHER_TERMS', 'NVARCHAR2(1000)', 'OTHER_TERMS', 1, 'string-l', '', '', '', '', '', '', '', 0, NULL, 1000, NULL, NULL, '', '', 'system', systimestamp, '36', 0, 'entity.otherTerms', '', '', '', '', '', '');
INSERT INTO CNT_FIELD_DEFINITION
 (ID, REVISION, PARENT_ID, FIELD_ID, COLUMN_NAME, COLUMN_TYPE, REPORT_COLUMN_NAME, PRODUCT_FIELD, FIELD_TYPE, ENTITY_LOOKUP, ENTITY_LOOKUP_KEY, ORDER_BY, GENERATOR, REFER_TABLE, KEY_COLUMN, LOOKUP_COLUMN, MANDATORY, MIN_LENGTH, MAX_LENGTH, MIN_VALUE, MAX_VALUE, CONSTANT_VALUE, UNIQUE_KEY, CREATE_USER, CREATED_ON, LINE_NO, MANAGED, FIELD_PATH, DATA_TYPE, DATA1, DATA2, TRANSITIVE_FIELDS, FORMULA, ENTITY_LOOKUP_TYPE)
VALUES ('2a31b059b1484be186e948130e0b536c', 0, '7580745602934a4ba7c7118e9dff16e7', 'merchandiseHierarchy', 'MERCHANDISE_HIERARCHY_ID', 'CHAR(32)', 'MERCHANDISE_HIERARCHY', 1, 'entity', 'HclNode', 'id', '', '', '', '', '', 0, 32, 32, NULL, NULL, '', '', 'system', systimestamp, '37', 0, 'entity.merchandiseHierarchy', '', '', '', '', '', '');
INSERT INTO CNT_FIELD_DEFINITION
 (ID, REVISION, PARENT_ID, FIELD_ID, COLUMN_NAME, COLUMN_TYPE, REPORT_COLUMN_NAME, PRODUCT_FIELD, FIELD_TYPE, ENTITY_LOOKUP, ENTITY_LOOKUP_KEY, ORDER_BY, GENERATOR, REFER_TABLE, KEY_COLUMN, LOOKUP_COLUMN, MANDATORY, MIN_LENGTH, MAX_LENGTH, MIN_VALUE, MAX_VALUE, CONSTANT_VALUE, UNIQUE_KEY, CREATE_USER, CREATED_ON, LINE_NO, MANAGED, FIELD_PATH, DATA_TYPE, DATA1, DATA2, TRANSITIVE_FIELDS, FORMULA, ENTITY_LOOKUP_TYPE)
VALUES ('cb737ed193c14858a0c5b70df8bd4291', 0, '7580745602934a4ba7c7118e9dff16e7', 'vendorInvoiceShipItems', 'VENDOR_INVOICE_SHIP_ITEMS', '', '', 1, 'collection', 'VendorInvoiceShipItem', 'vendorInvoiceId', '', '', '', '', '', 0, NULL, NULL, NULL, NULL, '', '', 'system', systimestamp, '38', 0, 'entity.vendorInvoiceShipItems', '', '', '', '', '', '');
INSERT INTO CNT_FIELD_DEFINITION
 (ID, REVISION, PARENT_ID, FIELD_ID, COLUMN_NAME, COLUMN_TYPE, REPORT_COLUMN_NAME, PRODUCT_FIELD, FIELD_TYPE, ENTITY_LOOKUP, ENTITY_LOOKUP_KEY, ORDER_BY, GENERATOR, REFER_TABLE, KEY_COLUMN, LOOKUP_COLUMN, MANDATORY, MIN_LENGTH, MAX_LENGTH, MIN_VALUE, MAX_VALUE, CONSTANT_VALUE, UNIQUE_KEY, CREATE_USER, CREATED_ON, LINE_NO, MANAGED, FIELD_PATH, DATA_TYPE, DATA1, DATA2, TRANSITIVE_FIELDS, FORMULA, ENTITY_LOOKUP_TYPE)
VALUES ('2b90ac2a32e14facabe3e97b5a0532ad', 0, '7580745602934a4ba7c7118e9dff16e7', 'vendorInvoiceContacts', 'VENDOR_INVOICE_CONTACTS', '', '', 1, 'collection', 'VendorInvoiceContact', 'vendorInvoiceId', '', '', '', '', '', 0, NULL, NULL, NULL, NULL, '', '', 'system', systimestamp, '39', 0, 'entity.vendorInvoiceContacts', '', '', '', '', '', '');
INSERT INTO CNT_FIELD_DEFINITION
 (ID, REVISION, PARENT_ID, FIELD_ID, COLUMN_NAME, COLUMN_TYPE, REPORT_COLUMN_NAME, PRODUCT_FIELD, FIELD_TYPE, ENTITY_LOOKUP, ENTITY_LOOKUP_KEY, ORDER_BY, GENERATOR, REFER_TABLE, KEY_COLUMN, LOOKUP_COLUMN, MANDATORY, MIN_LENGTH, MAX_LENGTH, MIN_VALUE, MAX_VALUE, CONSTANT_VALUE, UNIQUE_KEY, CREATE_USER, CREATED_ON, LINE_NO, MANAGED, FIELD_PATH, DATA_TYPE, DATA1, DATA2, TRANSITIVE_FIELDS, FORMULA, ENTITY_LOOKUP_TYPE)
VALUES ('bf3b11cc6440426ba0e1017c1db28b65', 0, '7580745602934a4ba7c7118e9dff16e7', 'vendorInvoiceAddresses', 'VENDOR_INVOICE_ADDRESSES', '', '', 1, 'collection', 'VendorInvoiceAddress', 'vendorInvoiceId', '', '', '', '', '', 0, NULL, NULL, NULL, NULL, '', '', 'system', systimestamp, '40', 0, 'entity.vendorInvoiceAddresses', '', '', '', '', '', '');
INSERT INTO CNT_FIELD_DEFINITION
 (ID, REVISION, PARENT_ID, FIELD_ID, COLUMN_NAME, COLUMN_TYPE, REPORT_COLUMN_NAME, PRODUCT_FIELD, FIELD_TYPE, ENTITY_LOOKUP, ENTITY_LOOKUP_KEY, ORDER_BY, GENERATOR, REFER_TABLE, KEY_COLUMN, LOOKUP_COLUMN, MANDATORY, MIN_LENGTH, MAX_LENGTH, MIN_VALUE, MAX_VALUE, CONSTANT_VALUE, UNIQUE_KEY, CREATE_USER, CREATED_ON, LINE_NO, MANAGED, FIELD_PATH, DATA_TYPE, DATA1, DATA2, TRANSITIVE_FIELDS, FORMULA, ENTITY_LOOKUP_TYPE)
VALUES ('1d5efe0d07ba4840a298e0d709151dea', 0, '7580745602934a4ba7c7118e9dff16e7', 'vendorInvoiceCharges', 'VENDOR_INVOICE_CHARGES', '', '', 1, 'collection', 'VendorInvoiceCharge', 'vendorInvoiceId', '', '', '', '', '', 0, NULL, NULL, NULL, NULL, '', '', 'system', systimestamp, '41', 0, 'entity.vendorInvoiceCharges', '', '', '', '', '', '');
INSERT INTO CNT_FIELD_DEFINITION
 (ID, REVISION, PARENT_ID, FIELD_ID, COLUMN_NAME, COLUMN_TYPE, REPORT_COLUMN_NAME, PRODUCT_FIELD, FIELD_TYPE, ENTITY_LOOKUP, ENTITY_LOOKUP_KEY, ORDER_BY, GENERATOR, REFER_TABLE, KEY_COLUMN, LOOKUP_COLUMN, MANDATORY, MIN_LENGTH, MAX_LENGTH, MIN_VALUE, MAX_VALUE, CONSTANT_VALUE, UNIQUE_KEY, CREATE_USER, CREATED_ON, LINE_NO, MANAGED, FIELD_PATH, DATA_TYPE, DATA1, DATA2, TRANSITIVE_FIELDS, FORMULA, ENTITY_LOOKUP_TYPE)
VALUES ('5ee0707bab094b16b858fb0fda10a2a7', 0, '7580745602934a4ba7c7118e9dff16e7', 'vendorInvoiceChargeOnDocs', 'VENDOR_INVOICE_CHARGE_ON_DOCS', '', '', 1, 'collection', 'VendorInvoiceChargeOnDoc', 'vendorInvoiceId', '', '', '', '', '', 0, NULL, NULL, NULL, NULL, '', '', 'system', systimestamp, '42', 0, 'entity.vendorInvoiceChargeOnDocs', '', '', '', '', '', '');
INSERT INTO CNT_FIELD_DEFINITION
 (ID, REVISION, PARENT_ID, FIELD_ID, COLUMN_NAME, COLUMN_TYPE, REPORT_COLUMN_NAME, PRODUCT_FIELD, FIELD_TYPE, ENTITY_LOOKUP, ENTITY_LOOKUP_KEY, ORDER_BY, GENERATOR, REFER_TABLE, KEY_COLUMN, LOOKUP_COLUMN, MANDATORY, MIN_LENGTH, MAX_LENGTH, MIN_VALUE, MAX_VALUE, CONSTANT_VALUE, UNIQUE_KEY, CREATE_USER, CREATED_ON, LINE_NO, MANAGED, FIELD_PATH, DATA_TYPE, DATA1, DATA2, TRANSITIVE_FIELDS, FORMULA, ENTITY_LOOKUP_TYPE)
VALUES ('aa74675d37c741fdaf8c7849ba4e5add', 0, '7580745602934a4ba7c7118e9dff16e7', 'vendorInvoiceAttachments', 'VENDOR_INVOICE_ATTACHMENTS', '', '', 1, 'collection', 'VendorInvoiceAttachment', 'vendorInvoiceId', '', '', '', '', '', 0, NULL, NULL, NULL, NULL, '', '', 'system', systimestamp, '43', 0, 'entity.vendorInvoiceAttachments', '', '', '', '', '', '');
INSERT INTO CNT_FIELD_DEFINITION
 (ID, REVISION, PARENT_ID, FIELD_ID, COLUMN_NAME, COLUMN_TYPE, REPORT_COLUMN_NAME, PRODUCT_FIELD, FIELD_TYPE, ENTITY_LOOKUP, ENTITY_LOOKUP_KEY, ORDER_BY, GENERATOR, REFER_TABLE, KEY_COLUMN, LOOKUP_COLUMN, MANDATORY, MIN_LENGTH, MAX_LENGTH, MIN_VALUE, MAX_VALUE, CONSTANT_VALUE, UNIQUE_KEY, CREATE_USER, CREATED_ON, LINE_NO, MANAGED, FIELD_PATH, DATA_TYPE, DATA1, DATA2, TRANSITIVE_FIELDS, FORMULA, ENTITY_LOOKUP_TYPE)
VALUES ('d12efdf7190844f7a8356d045b127f4a', 0, '7580745602934a4ba7c7118e9dff16e7', 'refNo', 'REF_NO', 'NVARCHAR2(1000)', '', 1, 'string-l', '', '', '', 'com.core.cbx.data.generator.DomainPatternSeqGenerator("CBX_SEQ_VI_CODE","system.pattern.InvoiceNo","VI#{Date:YYMM}-#{Seq:6}")', '', '', '', 0, NULL, 1000, NULL, NULL, '', '', 'system', systimestamp, '44', 0, 'entity.refNo', '', '', '', '', '', '');
INSERT INTO CNT_FIELD_DEFINITION
 (ID, REVISION, PARENT_ID, FIELD_ID, COLUMN_NAME, COLUMN_TYPE, REPORT_COLUMN_NAME, PRODUCT_FIELD, FIELD_TYPE, ENTITY_LOOKUP, ENTITY_LOOKUP_KEY, ORDER_BY, GENERATOR, REFER_TABLE, KEY_COLUMN, LOOKUP_COLUMN, MANDATORY, MIN_LENGTH, MAX_LENGTH, MIN_VALUE, MAX_VALUE, CONSTANT_VALUE, UNIQUE_KEY, CREATE_USER, CREATED_ON, LINE_NO, MANAGED, FIELD_PATH, DATA_TYPE, DATA1, DATA2, TRANSITIVE_FIELDS, FORMULA, ENTITY_LOOKUP_TYPE)
VALUES ('77f3fcf5c6754f199e28122c81fd65ac', 0, '7580745602934a4ba7c7118e9dff16e7', 'custText1', 'CUST_TEXT1', 'NVARCHAR2(1000)', 'CUSTOM_FIELD_TEXT1', 0, 'string-l', '', '', '', '', '', '', '', 0, NULL, 1000, NULL, NULL, '', '', 'system', systimestamp, '45', 0, 'entity.custText1', '', '', '', '', '', '');
INSERT INTO CNT_FIELD_DEFINITION
 (ID, REVISION, PARENT_ID, FIELD_ID, COLUMN_NAME, COLUMN_TYPE, REPORT_COLUMN_NAME, PRODUCT_FIELD, FIELD_TYPE, ENTITY_LOOKUP, ENTITY_LOOKUP_KEY, ORDER_BY, GENERATOR, REFER_TABLE, KEY_COLUMN, LOOKUP_COLUMN, MANDATORY, MIN_LENGTH, MAX_LENGTH, MIN_VALUE, MAX_VALUE, CONSTANT_VALUE, UNIQUE_KEY, CREATE_USER, CREATED_ON, LINE_NO, MANAGED, FIELD_PATH, DATA_TYPE, DATA1, DATA2, TRANSITIVE_FIELDS, FORMULA, ENTITY_LOOKUP_TYPE)
VALUES ('2711bc327d6d46bea3bac7f1a008af65', 0, '7580745602934a4ba7c7118e9dff16e7', 'custText2', 'CUST_TEXT2', 'NVARCHAR2(1000)', 'CUSTOM_FIELD_TEXT2', 0, 'string-l', '', '', '', '', '', '', '', 0, NULL, 1000, NULL, NULL, '', '', 'system', systimestamp, '46', 0, 'entity.custText2', '', '', '', '', '', '');
INSERT INTO CNT_FIELD_DEFINITION
 (ID, REVISION, PARENT_ID, FIELD_ID, COLUMN_NAME, COLUMN_TYPE, REPORT_COLUMN_NAME, PRODUCT_FIELD, FIELD_TYPE, ENTITY_LOOKUP, ENTITY_LOOKUP_KEY, ORDER_BY, GENERATOR, REFER_TABLE, KEY_COLUMN, LOOKUP_COLUMN, MANDATORY, MIN_LENGTH, MAX_LENGTH, MIN_VALUE, MAX_VALUE, CONSTANT_VALUE, UNIQUE_KEY, CREATE_USER, CREATED_ON, LINE_NO, MANAGED, FIELD_PATH, DATA_TYPE, DATA1, DATA2, TRANSITIVE_FIELDS, FORMULA, ENTITY_LOOKUP_TYPE)
VALUES ('0dc6502b8b5e4ccda17a1943e33addb5', 0, '7580745602934a4ba7c7118e9dff16e7', 'custText3', 'CUST_TEXT3', 'NVARCHAR2(1000)', 'CUSTOM_FIELD_TEXT3', 0, 'string-l', '', '', '', '', '', '', '', 0, NULL, 1000, NULL, NULL, '', '', 'system', systimestamp, '47', 0, 'entity.custText3', '', '', '', '', '', '');
INSERT INTO CNT_FIELD_DEFINITION
 (ID, REVISION, PARENT_ID, FIELD_ID, COLUMN_NAME, COLUMN_TYPE, REPORT_COLUMN_NAME, PRODUCT_FIELD, FIELD_TYPE, ENTITY_LOOKUP, ENTITY_LOOKUP_KEY, ORDER_BY, GENERATOR, REFER_TABLE, KEY_COLUMN, LOOKUP_COLUMN, MANDATORY, MIN_LENGTH, MAX_LENGTH, MIN_VALUE, MAX_VALUE, CONSTANT_VALUE, UNIQUE_KEY, CREATE_USER, CREATED_ON, LINE_NO, MANAGED, FIELD_PATH, DATA_TYPE, DATA1, DATA2, TRANSITIVE_FIELDS, FORMULA, ENTITY_LOOKUP_TYPE)
VALUES ('2bbef61515744f809a8b2cfdf674dca5', 0, '7580745602934a4ba7c7118e9dff16e7', 'custText4', 'CUST_TEXT4', 'NVARCHAR2(1000)', 'CUSTOM_FIELD_TEXT4', 0, 'string-l', '', '', '', '', '', '', '', 0, NULL, 1000, NULL, NULL, '', '', 'system', systimestamp, '48', 0, 'entity.custText4', '', '', '', '', '', '');
INSERT INTO CNT_FIELD_DEFINITION
 (ID, REVISION, PARENT_ID, FIELD_ID, COLUMN_NAME, COLUMN_TYPE, REPORT_COLUMN_NAME, PRODUCT_FIELD, FIELD_TYPE, ENTITY_LOOKUP, ENTITY_LOOKUP_KEY, ORDER_BY, GENERATOR, REFER_TABLE, KEY_COLUMN, LOOKUP_COLUMN, MANDATORY, MIN_LENGTH, MAX_LENGTH, MIN_VALUE, MAX_VALUE, CONSTANT_VALUE, UNIQUE_KEY, CREATE_USER, CREATED_ON, LINE_NO, MANAGED, FIELD_PATH, DATA_TYPE, DATA1, DATA2, TRANSITIVE_FIELDS, FORMULA, ENTITY_LOOKUP_TYPE)
VALUES ('57a33349ba464bc98a9d9b97d10ed4eb', 0, '7580745602934a4ba7c7118e9dff16e7', 'custText5', 'CUST_TEXT5', 'NVARCHAR2(1000)', 'CUSTOM_FIELD_TEXT5', 0, 'string-l', '', '', '', '', '', '', '', 0, NULL, 1000, NULL, NULL, '', '', 'system', systimestamp, '49', 0, 'entity.custText5', '', '', '', '', '', '');
INSERT INTO CNT_FIELD_DEFINITION
 (ID, REVISION, PARENT_ID, FIELD_ID, COLUMN_NAME, COLUMN_TYPE, REPORT_COLUMN_NAME, PRODUCT_FIELD, FIELD_TYPE, ENTITY_LOOKUP, ENTITY_LOOKUP_KEY, ORDER_BY, GENERATOR, REFER_TABLE, KEY_COLUMN, LOOKUP_COLUMN, MANDATORY, MIN_LENGTH, MAX_LENGTH, MIN_VALUE, MAX_VALUE, CONSTANT_VALUE, UNIQUE_KEY, CREATE_USER, CREATED_ON, LINE_NO, MANAGED, FIELD_PATH, DATA_TYPE, DATA1, DATA2, TRANSITIVE_FIELDS, FORMULA, ENTITY_LOOKUP_TYPE)
VALUES ('f20f246dcbeb4cec9ee5241288d855d2', 0, '7580745602934a4ba7c7118e9dff16e7', 'custText6', 'CUST_TEXT6', 'NVARCHAR2(1000)', 'CUSTOM_FIELD_TEXT6', 0, 'string-l', '', '', '', '', '', '', '', 0, NULL, 1000, NULL, NULL, '', '', 'system', systimestamp, '50', 0, 'entity.custText6', '', '', '', '', '', '');
INSERT INTO CNT_FIELD_DEFINITION
 (ID, REVISION, PARENT_ID, FIELD_ID, COLUMN_NAME, COLUMN_TYPE, REPORT_COLUMN_NAME, PRODUCT_FIELD, FIELD_TYPE, ENTITY_LOOKUP, ENTITY_LOOKUP_KEY, ORDER_BY, GENERATOR, REFER_TABLE, KEY_COLUMN, LOOKUP_COLUMN, MANDATORY, MIN_LENGTH, MAX_LENGTH, MIN_VALUE, MAX_VALUE, CONSTANT_VALUE, UNIQUE_KEY, CREATE_USER, CREATED_ON, LINE_NO, MANAGED, FIELD_PATH, DATA_TYPE, DATA1, DATA2, TRANSITIVE_FIELDS, FORMULA, ENTITY_LOOKUP_TYPE)
VALUES ('823c7c49908c4ad7bfada6d1108760ce', 0, '7580745602934a4ba7c7118e9dff16e7', 'custText7', 'CUST_TEXT7', 'NVARCHAR2(1000)', 'CUSTOM_FIELD_TEXT7', 0, 'string-l', '', '', '', '', '', '', '', 0, NULL, 1000, NULL, NULL, '', '', 'system', systimestamp, '51', 0, 'entity.custText7', '', '', '', '', '', '');
INSERT INTO CNT_FIELD_DEFINITION
 (ID, REVISION, PARENT_ID, FIELD_ID, COLUMN_NAME, COLUMN_TYPE, REPORT_COLUMN_NAME, PRODUCT_FIELD, FIELD_TYPE, ENTITY_LOOKUP, ENTITY_LOOKUP_KEY, ORDER_BY, GENERATOR, REFER_TABLE, KEY_COLUMN, LOOKUP_COLUMN, MANDATORY, MIN_LENGTH, MAX_LENGTH, MIN_VALUE, MAX_VALUE, CONSTANT_VALUE, UNIQUE_KEY, CREATE_USER, CREATED_ON, LINE_NO, MANAGED, FIELD_PATH, DATA_TYPE, DATA1, DATA2, TRANSITIVE_FIELDS, FORMULA, ENTITY_LOOKUP_TYPE)
VALUES ('4c28802625664391b1509bed09c6c7ba', 0, '7580745602934a4ba7c7118e9dff16e7', 'custDate1', 'CUST_DATE1', 'DATE', 'CUSTOM_FIELD_DATE1', 0, 'date', '', '', '', '', '', '', '', 0, NULL, NULL, NULL, NULL, '', '', 'system', systimestamp, '52', 0, 'entity.custDate1', '', '', '', '', '', '');
INSERT INTO CNT_FIELD_DEFINITION
 (ID, REVISION, PARENT_ID, FIELD_ID, COLUMN_NAME, COLUMN_TYPE, REPORT_COLUMN_NAME, PRODUCT_FIELD, FIELD_TYPE, ENTITY_LOOKUP, ENTITY_LOOKUP_KEY, ORDER_BY, GENERATOR, REFER_TABLE, KEY_COLUMN, LOOKUP_COLUMN, MANDATORY, MIN_LENGTH, MAX_LENGTH, MIN_VALUE, MAX_VALUE, CONSTANT_VALUE, UNIQUE_KEY, CREATE_USER, CREATED_ON, LINE_NO, MANAGED, FIELD_PATH, DATA_TYPE, DATA1, DATA2, TRANSITIVE_FIELDS, FORMULA, ENTITY_LOOKUP_TYPE)
VALUES ('56a2cb294b2b4cf99852dfbb9e0f8447', 0, '7580745602934a4ba7c7118e9dff16e7', 'custDate2', 'CUST_DATE2', 'DATE', 'CUSTOM_FIELD_DATE2', 0, 'date', '', '', '', '', '', '', '', 0, NULL, NULL, NULL, NULL, '', '', 'system', systimestamp, '53', 0, 'entity.custDate2', '', '', '', '', '', '');
INSERT INTO CNT_FIELD_DEFINITION
 (ID, REVISION, PARENT_ID, FIELD_ID, COLUMN_NAME, COLUMN_TYPE, REPORT_COLUMN_NAME, PRODUCT_FIELD, FIELD_TYPE, ENTITY_LOOKUP, ENTITY_LOOKUP_KEY, ORDER_BY, GENERATOR, REFER_TABLE, KEY_COLUMN, LOOKUP_COLUMN, MANDATORY, MIN_LENGTH, MAX_LENGTH, MIN_VALUE, MAX_VALUE, CONSTANT_VALUE, UNIQUE_KEY, CREATE_USER, CREATED_ON, LINE_NO, MANAGED, FIELD_PATH, DATA_TYPE, DATA1, DATA2, TRANSITIVE_FIELDS, FORMULA, ENTITY_LOOKUP_TYPE)
VALUES ('0b8d057c5cdc4492b64f87a385349e2d', 0, '7580745602934a4ba7c7118e9dff16e7', 'custDate3', 'CUST_DATE3', 'DATE', 'CUSTOM_FIELD_DATE3', 0, 'date', '', '', '', '', '', '', '', 0, NULL, NULL, NULL, NULL, '', '', 'system', systimestamp, '54', 0, 'entity.custDate3', '', '', '', '', '', '');
INSERT INTO CNT_FIELD_DEFINITION
 (ID, REVISION, PARENT_ID, FIELD_ID, COLUMN_NAME, COLUMN_TYPE, REPORT_COLUMN_NAME, PRODUCT_FIELD, FIELD_TYPE, ENTITY_LOOKUP, ENTITY_LOOKUP_KEY, ORDER_BY, GENERATOR, REFER_TABLE, KEY_COLUMN, LOOKUP_COLUMN, MANDATORY, MIN_LENGTH, MAX_LENGTH, MIN_VALUE, MAX_VALUE, CONSTANT_VALUE, UNIQUE_KEY, CREATE_USER, CREATED_ON, LINE_NO, MANAGED, FIELD_PATH, DATA_TYPE, DATA1, DATA2, TRANSITIVE_FIELDS, FORMULA, ENTITY_LOOKUP_TYPE)
VALUES ('ec5f8a62aa20482eb9e57591a7b08e54', 0, '7580745602934a4ba7c7118e9dff16e7', 'custDate4', 'CUST_DATE4', 'DATE', 'CUSTOM_FIELD_DATE4', 0, 'date', '', '', '', '', '', '', '', 0, NULL, NULL, NULL, NULL, '', '', 'system', systimestamp, '55', 0, 'entity.custDate4', '', '', '', '', '', '');
INSERT INTO CNT_FIELD_DEFINITION
 (ID, REVISION, PARENT_ID, FIELD_ID, COLUMN_NAME, COLUMN_TYPE, REPORT_COLUMN_NAME, PRODUCT_FIELD, FIELD_TYPE, ENTITY_LOOKUP, ENTITY_LOOKUP_KEY, ORDER_BY, GENERATOR, REFER_TABLE, KEY_COLUMN, LOOKUP_COLUMN, MANDATORY, MIN_LENGTH, MAX_LENGTH, MIN_VALUE, MAX_VALUE, CONSTANT_VALUE, UNIQUE_KEY, CREATE_USER, CREATED_ON, LINE_NO, MANAGED, FIELD_PATH, DATA_TYPE, DATA1, DATA2, TRANSITIVE_FIELDS, FORMULA, ENTITY_LOOKUP_TYPE)
VALUES ('832df73d2c5d426da9a72550ac8c7da5', 0, '7580745602934a4ba7c7118e9dff16e7', 'custDate5', 'CUST_DATE5', 'DATE', 'CUSTOM_FIELD_DATE5', 0, 'date', '', '', '', '', '', '', '', 0, NULL, NULL, NULL, NULL, '', '', 'system', systimestamp, '56', 0, 'entity.custDate5', '', '', '', '', '', '');
INSERT INTO CNT_FIELD_DEFINITION
 (ID, REVISION, PARENT_ID, FIELD_ID, COLUMN_NAME, COLUMN_TYPE, REPORT_COLUMN_NAME, PRODUCT_FIELD, FIELD_TYPE, ENTITY_LOOKUP, ENTITY_LOOKUP_KEY, ORDER_BY, GENERATOR, REFER_TABLE, KEY_COLUMN, LOOKUP_COLUMN, MANDATORY, MIN_LENGTH, MAX_LENGTH, MIN_VALUE, MAX_VALUE, CONSTANT_VALUE, UNIQUE_KEY, CREATE_USER, CREATED_ON, LINE_NO, MANAGED, FIELD_PATH, DATA_TYPE, DATA1, DATA2, TRANSITIVE_FIELDS, FORMULA, ENTITY_LOOKUP_TYPE)
VALUES ('e388e09b877c467aa0e3be7fea5a84b1', 0, '7580745602934a4ba7c7118e9dff16e7', 'custDate6', 'CUST_DATE6', 'DATE', 'CUSTOM_FIELD_DATE6', 0, 'date', '', '', '', '', '', '', '', 0, NULL, NULL, NULL, NULL, '', '', 'system', systimestamp, '57', 0, 'entity.custDate6', '', '', '', '', '', '');
INSERT INTO CNT_FIELD_DEFINITION
 (ID, REVISION, PARENT_ID, FIELD_ID, COLUMN_NAME, COLUMN_TYPE, REPORT_COLUMN_NAME, PRODUCT_FIELD, FIELD_TYPE, ENTITY_LOOKUP, ENTITY_LOOKUP_KEY, ORDER_BY, GENERATOR, REFER_TABLE, KEY_COLUMN, LOOKUP_COLUMN, MANDATORY, MIN_LENGTH, MAX_LENGTH, MIN_VALUE, MAX_VALUE, CONSTANT_VALUE, UNIQUE_KEY, CREATE_USER, CREATED_ON, LINE_NO, MANAGED, FIELD_PATH, DATA_TYPE, DATA1, DATA2, TRANSITIVE_FIELDS, FORMULA, ENTITY_LOOKUP_TYPE)
VALUES ('0e893462d6eb4c46a1271a610734a4c2', 0, '7580745602934a4ba7c7118e9dff16e7', 'custDate7', 'CUST_DATE7', 'DATE', 'CUSTOM_FIELD_DATE7', 0, 'date', '', '', '', '', '', '', '', 0, NULL, NULL, NULL, NULL, '', '', 'system', systimestamp, '58', 0, 'entity.custDate7', '', '', '', '', '', '');
INSERT INTO CNT_FIELD_DEFINITION
 (ID, REVISION, PARENT_ID, FIELD_ID, COLUMN_NAME, COLUMN_TYPE, REPORT_COLUMN_NAME, PRODUCT_FIELD, FIELD_TYPE, ENTITY_LOOKUP, ENTITY_LOOKUP_KEY, ORDER_BY, GENERATOR, REFER_TABLE, KEY_COLUMN, LOOKUP_COLUMN, MANDATORY, MIN_LENGTH, MAX_LENGTH, MIN_VALUE, MAX_VALUE, CONSTANT_VALUE, UNIQUE_KEY, CREATE_USER, CREATED_ON, LINE_NO, MANAGED, FIELD_PATH, DATA_TYPE, DATA1, DATA2, TRANSITIVE_FIELDS, FORMULA, ENTITY_LOOKUP_TYPE)
VALUES ('ece3596bb11e4b24a7860c44710f2a30', 0, '7580745602934a4ba7c7118e9dff16e7', 'custNumber1', 'CUST_NUMBER1', 'NUMBER(20, 0)', 'CUSTOM_FIELD_NUMBER1', 0, 'integer', '', '', '', '', '', '', '', 0, NULL, 18, NULL, NULL, '', '', 'system', systimestamp, '59', 0, 'entity.custNumber1', '', '', '', '', '', '');
INSERT INTO CNT_FIELD_DEFINITION
 (ID, REVISION, PARENT_ID, FIELD_ID, COLUMN_NAME, COLUMN_TYPE, REPORT_COLUMN_NAME, PRODUCT_FIELD, FIELD_TYPE, ENTITY_LOOKUP, ENTITY_LOOKUP_KEY, ORDER_BY, GENERATOR, REFER_TABLE, KEY_COLUMN, LOOKUP_COLUMN, MANDATORY, MIN_LENGTH, MAX_LENGTH, MIN_VALUE, MAX_VALUE, CONSTANT_VALUE, UNIQUE_KEY, CREATE_USER, CREATED_ON, LINE_NO, MANAGED, FIELD_PATH, DATA_TYPE, DATA1, DATA2, TRANSITIVE_FIELDS, FORMULA, ENTITY_LOOKUP_TYPE)
VALUES ('aa40a773d47b453f8896221f146fb33a', 0, '7580745602934a4ba7c7118e9dff16e7', 'custNumber2', 'CUST_NUMBER2', 'NUMBER(20, 0)', 'CUSTOM_FIELD_NUMBER2', 0, 'integer', '', '', '', '', '', '', '', 0, NULL, 18, NULL, NULL, '', '', 'system', systimestamp, '60', 0, 'entity.custNumber2', '', '', '', '', '', '');
INSERT INTO CNT_FIELD_DEFINITION
 (ID, REVISION, PARENT_ID, FIELD_ID, COLUMN_NAME, COLUMN_TYPE, REPORT_COLUMN_NAME, PRODUCT_FIELD, FIELD_TYPE, ENTITY_LOOKUP, ENTITY_LOOKUP_KEY, ORDER_BY, GENERATOR, REFER_TABLE, KEY_COLUMN, LOOKUP_COLUMN, MANDATORY, MIN_LENGTH, MAX_LENGTH, MIN_VALUE, MAX_VALUE, CONSTANT_VALUE, UNIQUE_KEY, CREATE_USER, CREATED_ON, LINE_NO, MANAGED, FIELD_PATH, DATA_TYPE, DATA1, DATA2, TRANSITIVE_FIELDS, FORMULA, ENTITY_LOOKUP_TYPE)
VALUES ('654633c139984960b927be9fc1d57369', 0, '7580745602934a4ba7c7118e9dff16e7', 'custNumber3', 'CUST_NUMBER3', 'NUMBER(20, 0)', 'CUSTOM_FIELD_NUMBER3', 0, 'integer', '', '', '', '', '', '', '', 0, NULL, 18, NULL, NULL, '', '', 'system', systimestamp, '61', 0, 'entity.custNumber3', '', '', '', '', '', '');
INSERT INTO CNT_FIELD_DEFINITION
 (ID, REVISION, PARENT_ID, FIELD_ID, COLUMN_NAME, COLUMN_TYPE, REPORT_COLUMN_NAME, PRODUCT_FIELD, FIELD_TYPE, ENTITY_LOOKUP, ENTITY_LOOKUP_KEY, ORDER_BY, GENERATOR, REFER_TABLE, KEY_COLUMN, LOOKUP_COLUMN, MANDATORY, MIN_LENGTH, MAX_LENGTH, MIN_VALUE, MAX_VALUE, CONSTANT_VALUE, UNIQUE_KEY, CREATE_USER, CREATED_ON, LINE_NO, MANAGED, FIELD_PATH, DATA_TYPE, DATA1, DATA2, TRANSITIVE_FIELDS, FORMULA, ENTITY_LOOKUP_TYPE)
VALUES ('6836efd3ee1648b28cf83e4203d26347', 0, '7580745602934a4ba7c7118e9dff16e7', 'custNumber4', 'CUST_NUMBER4', 'NUMBER(20, 0)', 'CUSTOM_FIELD_NUMBER4', 0, 'integer', '', '', '', '', '', '', '', 0, NULL, 18, NULL, NULL, '', '', 'system', systimestamp, '62', 0, 'entity.custNumber4', '', '', '', '', '', '');
INSERT INTO CNT_FIELD_DEFINITION
 (ID, REVISION, PARENT_ID, FIELD_ID, COLUMN_NAME, COLUMN_TYPE, REPORT_COLUMN_NAME, PRODUCT_FIELD, FIELD_TYPE, ENTITY_LOOKUP, ENTITY_LOOKUP_KEY, ORDER_BY, GENERATOR, REFER_TABLE, KEY_COLUMN, LOOKUP_COLUMN, MANDATORY, MIN_LENGTH, MAX_LENGTH, MIN_VALUE, MAX_VALUE, CONSTANT_VALUE, UNIQUE_KEY, CREATE_USER, CREATED_ON, LINE_NO, MANAGED, FIELD_PATH, DATA_TYPE, DATA1, DATA2, TRANSITIVE_FIELDS, FORMULA, ENTITY_LOOKUP_TYPE)
VALUES ('5652593be4de4fdcaf10e1e1c47033ed', 0, '7580745602934a4ba7c7118e9dff16e7', 'custNumber5', 'CUST_NUMBER5', 'NUMBER(20, 0)', 'CUSTOM_FIELD_NUMBER5', 0, 'integer', '', '', '', '', '', '', '', 0, NULL, 18, NULL, NULL, '', '', 'system', systimestamp, '63', 0, 'entity.custNumber5', '', '', '', '', '', '');
INSERT INTO CNT_FIELD_DEFINITION
 (ID, REVISION, PARENT_ID, FIELD_ID, COLUMN_NAME, COLUMN_TYPE, REPORT_COLUMN_NAME, PRODUCT_FIELD, FIELD_TYPE, ENTITY_LOOKUP, ENTITY_LOOKUP_KEY, ORDER_BY, GENERATOR, REFER_TABLE, KEY_COLUMN, LOOKUP_COLUMN, MANDATORY, MIN_LENGTH, MAX_LENGTH, MIN_VALUE, MAX_VALUE, CONSTANT_VALUE, UNIQUE_KEY, CREATE_USER, CREATED_ON, LINE_NO, MANAGED, FIELD_PATH, DATA_TYPE, DATA1, DATA2, TRANSITIVE_FIELDS, FORMULA, ENTITY_LOOKUP_TYPE)
VALUES ('54ad1ee8aa0d4fc985dbaea41c9cb428', 0, '7580745602934a4ba7c7118e9dff16e7', 'custNumber6', 'CUST_NUMBER6', 'NUMBER(20, 0)', 'CUSTOM_FIELD_NUMBER6', 0, 'integer', '', '', '', '', '', '', '', 0, NULL, 18, NULL, NULL, '', '', 'system', systimestamp, '64', 0, 'entity.custNumber6', '', '', '', '', '', '');
INSERT INTO CNT_FIELD_DEFINITION
 (ID, REVISION, PARENT_ID, FIELD_ID, COLUMN_NAME, COLUMN_TYPE, REPORT_COLUMN_NAME, PRODUCT_FIELD, FIELD_TYPE, ENTITY_LOOKUP, ENTITY_LOOKUP_KEY, ORDER_BY, GENERATOR, REFER_TABLE, KEY_COLUMN, LOOKUP_COLUMN, MANDATORY, MIN_LENGTH, MAX_LENGTH, MIN_VALUE, MAX_VALUE, CONSTANT_VALUE, UNIQUE_KEY, CREATE_USER, CREATED_ON, LINE_NO, MANAGED, FIELD_PATH, DATA_TYPE, DATA1, DATA2, TRANSITIVE_FIELDS, FORMULA, ENTITY_LOOKUP_TYPE)
VALUES ('1741c487dec949a8a81d3a830b6b4417', 0, '7580745602934a4ba7c7118e9dff16e7', 'custNumber7', 'CUST_NUMBER7', 'NUMBER(20, 0)', 'CUSTOM_FIELD_NUMBER7', 0, 'integer', '', '', '', '', '', '', '', 0, NULL, 18, NULL, NULL, '', '', 'system', systimestamp, '65', 0, 'entity.custNumber7', '', '', '', '', '', '');
INSERT INTO CNT_FIELD_DEFINITION
 (ID, REVISION, PARENT_ID, FIELD_ID, COLUMN_NAME, COLUMN_TYPE, REPORT_COLUMN_NAME, PRODUCT_FIELD, FIELD_TYPE, ENTITY_LOOKUP, ENTITY_LOOKUP_KEY, ORDER_BY, GENERATOR, REFER_TABLE, KEY_COLUMN, LOOKUP_COLUMN, MANDATORY, MIN_LENGTH, MAX_LENGTH, MIN_VALUE, MAX_VALUE, CONSTANT_VALUE, UNIQUE_KEY, CREATE_USER, CREATED_ON, LINE_NO, MANAGED, FIELD_PATH, DATA_TYPE, DATA1, DATA2, TRANSITIVE_FIELDS, FORMULA, ENTITY_LOOKUP_TYPE)
VALUES ('626e4064ec4c451d9458df1706de5dd6', 0, '7580745602934a4ba7c7118e9dff16e7', 'custDecimal1', 'CUST_DECIMAL1', 'NUMBER(25, 5)', 'CUSTOM_FIELD_DECIMAL1', 0, 'decimal-rate', '', '', '', '', '', '', '', 0, NULL, 20, NULL, NULL, '', '', 'system', systimestamp, '66', 0, 'entity.custDecimal1', '', '', '', '', '', '');
INSERT INTO CNT_FIELD_DEFINITION
 (ID, REVISION, PARENT_ID, FIELD_ID, COLUMN_NAME, COLUMN_TYPE, REPORT_COLUMN_NAME, PRODUCT_FIELD, FIELD_TYPE, ENTITY_LOOKUP, ENTITY_LOOKUP_KEY, ORDER_BY, GENERATOR, REFER_TABLE, KEY_COLUMN, LOOKUP_COLUMN, MANDATORY, MIN_LENGTH, MAX_LENGTH, MIN_VALUE, MAX_VALUE, CONSTANT_VALUE, UNIQUE_KEY, CREATE_USER, CREATED_ON, LINE_NO, MANAGED, FIELD_PATH, DATA_TYPE, DATA1, DATA2, TRANSITIVE_FIELDS, FORMULA, ENTITY_LOOKUP_TYPE)
VALUES ('fb693ba2585041f9bdfd8773bc02e181', 0, '7580745602934a4ba7c7118e9dff16e7', 'custDecimal2', 'CUST_DECIMAL2', 'NUMBER(25, 5)', 'CUSTOM_FIELD_DECIMAL2', 0, 'decimal-rate', '', '', '', '', '', '', '', 0, NULL, 20, NULL, NULL, '', '', 'system', systimestamp, '67', 0, 'entity.custDecimal2', '', '', '', '', '', '');
INSERT INTO CNT_FIELD_DEFINITION
 (ID, REVISION, PARENT_ID, FIELD_ID, COLUMN_NAME, COLUMN_TYPE, REPORT_COLUMN_NAME, PRODUCT_FIELD, FIELD_TYPE, ENTITY_LOOKUP, ENTITY_LOOKUP_KEY, ORDER_BY, GENERATOR, REFER_TABLE, KEY_COLUMN, LOOKUP_COLUMN, MANDATORY, MIN_LENGTH, MAX_LENGTH, MIN_VALUE, MAX_VALUE, CONSTANT_VALUE, UNIQUE_KEY, CREATE_USER, CREATED_ON, LINE_NO, MANAGED, FIELD_PATH, DATA_TYPE, DATA1, DATA2, TRANSITIVE_FIELDS, FORMULA, ENTITY_LOOKUP_TYPE)
VALUES ('19014f5b93064a1a973b4de6a58139a2', 0, '7580745602934a4ba7c7118e9dff16e7', 'custDecimal3', 'CUST_DECIMAL3', 'NUMBER(25, 5)', 'CUSTOM_FIELD_DECIMAL3', 0, 'decimal-rate', '', '', '', '', '', '', '', 0, NULL, 20, NULL, NULL, '', '', 'system', systimestamp, '68', 0, 'entity.custDecimal3', '', '', '', '', '', '');
INSERT INTO CNT_FIELD_DEFINITION
 (ID, REVISION, PARENT_ID, FIELD_ID, COLUMN_NAME, COLUMN_TYPE, REPORT_COLUMN_NAME, PRODUCT_FIELD, FIELD_TYPE, ENTITY_LOOKUP, ENTITY_LOOKUP_KEY, ORDER_BY, GENERATOR, REFER_TABLE, KEY_COLUMN, LOOKUP_COLUMN, MANDATORY, MIN_LENGTH, MAX_LENGTH, MIN_VALUE, MAX_VALUE, CONSTANT_VALUE, UNIQUE_KEY, CREATE_USER, CREATED_ON, LINE_NO, MANAGED, FIELD_PATH, DATA_TYPE, DATA1, DATA2, TRANSITIVE_FIELDS, FORMULA, ENTITY_LOOKUP_TYPE)
VALUES ('a255ee4abbbc4467b8a7c223510d7e9b', 0, '7580745602934a4ba7c7118e9dff16e7', 'custDecimal4', 'CUST_DECIMAL4', 'NUMBER(25, 5)', 'CUSTOM_FIELD_DECIMAL4', 0, 'decimal-rate', '', '', '', '', '', '', '', 0, NULL, 20, NULL, NULL, '', '', 'system', systimestamp, '69', 0, 'entity.custDecimal4', '', '', '', '', '', '');
INSERT INTO CNT_FIELD_DEFINITION
 (ID, REVISION, PARENT_ID, FIELD_ID, COLUMN_NAME, COLUMN_TYPE, REPORT_COLUMN_NAME, PRODUCT_FIELD, FIELD_TYPE, ENTITY_LOOKUP, ENTITY_LOOKUP_KEY, ORDER_BY, GENERATOR, REFER_TABLE, KEY_COLUMN, LOOKUP_COLUMN, MANDATORY, MIN_LENGTH, MAX_LENGTH, MIN_VALUE, MAX_VALUE, CONSTANT_VALUE, UNIQUE_KEY, CREATE_USER, CREATED_ON, LINE_NO, MANAGED, FIELD_PATH, DATA_TYPE, DATA1, DATA2, TRANSITIVE_FIELDS, FORMULA, ENTITY_LOOKUP_TYPE)
VALUES ('86be23a3a41449a8a3d6f117656882fb', 0, '7580745602934a4ba7c7118e9dff16e7', 'custDecimal5', 'CUST_DECIMAL5', 'NUMBER(25, 5)', 'CUSTOM_FIELD_DECIMAL5', 0, 'decimal-rate', '', '', '', '', '', '', '', 0, NULL, 20, NULL, NULL, '', '', 'system', systimestamp, '70', 0, 'entity.custDecimal5', '', '', '', '', '', '');
INSERT INTO CNT_FIELD_DEFINITION
 (ID, REVISION, PARENT_ID, FIELD_ID, COLUMN_NAME, COLUMN_TYPE, REPORT_COLUMN_NAME, PRODUCT_FIELD, FIELD_TYPE, ENTITY_LOOKUP, ENTITY_LOOKUP_KEY, ORDER_BY, GENERATOR, REFER_TABLE, KEY_COLUMN, LOOKUP_COLUMN, MANDATORY, MIN_LENGTH, MAX_LENGTH, MIN_VALUE, MAX_VALUE, CONSTANT_VALUE, UNIQUE_KEY, CREATE_USER, CREATED_ON, LINE_NO, MANAGED, FIELD_PATH, DATA_TYPE, DATA1, DATA2, TRANSITIVE_FIELDS, FORMULA, ENTITY_LOOKUP_TYPE)
VALUES ('eeabd07d086a43e2b8db7d89e3a48714', 0, '7580745602934a4ba7c7118e9dff16e7', 'custDecimal6', 'CUST_DECIMAL6', 'NUMBER(25, 5)', 'CUSTOM_FIELD_DECIMAL6', 0, 'decimal-rate', '', '', '', '', '', '', '', 0, NULL, 20, NULL, NULL, '', '', 'system', systimestamp, '71', 0, 'entity.custDecimal6', '', '', '', '', '', '');
INSERT INTO CNT_FIELD_DEFINITION
 (ID, REVISION, PARENT_ID, FIELD_ID, COLUMN_NAME, COLUMN_TYPE, REPORT_COLUMN_NAME, PRODUCT_FIELD, FIELD_TYPE, ENTITY_LOOKUP, ENTITY_LOOKUP_KEY, ORDER_BY, GENERATOR, REFER_TABLE, KEY_COLUMN, LOOKUP_COLUMN, MANDATORY, MIN_LENGTH, MAX_LENGTH, MIN_VALUE, MAX_VALUE, CONSTANT_VALUE, UNIQUE_KEY, CREATE_USER, CREATED_ON, LINE_NO, MANAGED, FIELD_PATH, DATA_TYPE, DATA1, DATA2, TRANSITIVE_FIELDS, FORMULA, ENTITY_LOOKUP_TYPE)
VALUES ('7e57f6d7048248069c1858f0e28b3d8c', 0, '7580745602934a4ba7c7118e9dff16e7', 'custDecimal7', 'CUST_DECIMAL7', 'NUMBER(25, 5)', 'CUSTOM_FIELD_DECIMAL7', 0, 'decimal-rate', '', '', '', '', '', '', '', 0, NULL, 20, NULL, NULL, '', '', 'system', systimestamp, '72', 0, 'entity.custDecimal7', '', '', '', '', '', '');
INSERT INTO CNT_FIELD_DEFINITION
 (ID, REVISION, PARENT_ID, FIELD_ID, COLUMN_NAME, COLUMN_TYPE, REPORT_COLUMN_NAME, PRODUCT_FIELD, FIELD_TYPE, ENTITY_LOOKUP, ENTITY_LOOKUP_KEY, ORDER_BY, GENERATOR, REFER_TABLE, KEY_COLUMN, LOOKUP_COLUMN, MANDATORY, MIN_LENGTH, MAX_LENGTH, MIN_VALUE, MAX_VALUE, CONSTANT_VALUE, UNIQUE_KEY, CREATE_USER, CREATED_ON, LINE_NO, MANAGED, FIELD_PATH, DATA_TYPE, DATA1, DATA2, TRANSITIVE_FIELDS, FORMULA, ENTITY_LOOKUP_TYPE)
VALUES ('69c880b771994cdd8fc588ce844af707', 0, '7580745602934a4ba7c7118e9dff16e7', 'custCodelist1', 'CUST_CODELIST1', 'NVARCHAR2(400)', 'CUSTOM_FIELD_CODE_LIST_CODE1', 0, 'string-m', '', '', '', '', '', '', '', 0, NULL, 400, NULL, NULL, '', '', 'system', systimestamp, '73', 0, 'entity.custCodelist1', 'codelist', '', '', '', '', '');
INSERT INTO CNT_FIELD_DEFINITION
 (ID, REVISION, PARENT_ID, FIELD_ID, COLUMN_NAME, COLUMN_TYPE, REPORT_COLUMN_NAME, PRODUCT_FIELD, FIELD_TYPE, ENTITY_LOOKUP, ENTITY_LOOKUP_KEY, ORDER_BY, GENERATOR, REFER_TABLE, KEY_COLUMN, LOOKUP_COLUMN, MANDATORY, MIN_LENGTH, MAX_LENGTH, MIN_VALUE, MAX_VALUE, CONSTANT_VALUE, UNIQUE_KEY, CREATE_USER, CREATED_ON, LINE_NO, MANAGED, FIELD_PATH, DATA_TYPE, DATA1, DATA2, TRANSITIVE_FIELDS, FORMULA, ENTITY_LOOKUP_TYPE)
VALUES ('0d852f493a14453ba77d3c82790d7f9c', 0, '7580745602934a4ba7c7118e9dff16e7', 'custCodelist2', 'CUST_CODELIST2', 'NVARCHAR2(400)', 'CUSTOM_FIELD_CODE_LIST_CODE2', 0, 'string-m', '', '', '', '', '', '', '', 0, NULL, 400, NULL, NULL, '', '', 'system', systimestamp, '74', 0, 'entity.custCodelist2', 'codelist', '', '', '', '', '');
INSERT INTO CNT_FIELD_DEFINITION
 (ID, REVISION, PARENT_ID, FIELD_ID, COLUMN_NAME, COLUMN_TYPE, REPORT_COLUMN_NAME, PRODUCT_FIELD, FIELD_TYPE, ENTITY_LOOKUP, ENTITY_LOOKUP_KEY, ORDER_BY, GENERATOR, REFER_TABLE, KEY_COLUMN, LOOKUP_COLUMN, MANDATORY, MIN_LENGTH, MAX_LENGTH, MIN_VALUE, MAX_VALUE, CONSTANT_VALUE, UNIQUE_KEY, CREATE_USER, CREATED_ON, LINE_NO, MANAGED, FIELD_PATH, DATA_TYPE, DATA1, DATA2, TRANSITIVE_FIELDS, FORMULA, ENTITY_LOOKUP_TYPE)
VALUES ('2b3da35cf5774a1d85fb82098d1839cf', 0, '7580745602934a4ba7c7118e9dff16e7', 'custCodelist3', 'CUST_CODELIST3', 'NVARCHAR2(400)', 'CUSTOM_FIELD_CODE_LIST_CODE3', 0, 'string-m', '', '', '', '', '', '', '', 0, NULL, 400, NULL, NULL, '', '', 'system', systimestamp, '75', 0, 'entity.custCodelist3', 'codelist', '', '', '', '', '');
INSERT INTO CNT_FIELD_DEFINITION
 (ID, REVISION, PARENT_ID, FIELD_ID, COLUMN_NAME, COLUMN_TYPE, REPORT_COLUMN_NAME, PRODUCT_FIELD, FIELD_TYPE, ENTITY_LOOKUP, ENTITY_LOOKUP_KEY, ORDER_BY, GENERATOR, REFER_TABLE, KEY_COLUMN, LOOKUP_COLUMN, MANDATORY, MIN_LENGTH, MAX_LENGTH, MIN_VALUE, MAX_VALUE, CONSTANT_VALUE, UNIQUE_KEY, CREATE_USER, CREATED_ON, LINE_NO, MANAGED, FIELD_PATH, DATA_TYPE, DATA1, DATA2, TRANSITIVE_FIELDS, FORMULA, ENTITY_LOOKUP_TYPE)
VALUES ('13418d58c675405383882dacd1520501', 0, '7580745602934a4ba7c7118e9dff16e7', 'custCodelist4', 'CUST_CODELIST4', 'NVARCHAR2(400)', 'CUSTOM_FIELD_CODE_LIST_CODE4', 0, 'string-m', '', '', '', '', '', '', '', 0, NULL, 400, NULL, NULL, '', '', 'system', systimestamp, '76', 0, 'entity.custCodelist4', 'codelist', '', '', '', '', '');
INSERT INTO CNT_FIELD_DEFINITION
 (ID, REVISION, PARENT_ID, FIELD_ID, COLUMN_NAME, COLUMN_TYPE, REPORT_COLUMN_NAME, PRODUCT_FIELD, FIELD_TYPE, ENTITY_LOOKUP, ENTITY_LOOKUP_KEY, ORDER_BY, GENERATOR, REFER_TABLE, KEY_COLUMN, LOOKUP_COLUMN, MANDATORY, MIN_LENGTH, MAX_LENGTH, MIN_VALUE, MAX_VALUE, CONSTANT_VALUE, UNIQUE_KEY, CREATE_USER, CREATED_ON, LINE_NO, MANAGED, FIELD_PATH, DATA_TYPE, DATA1, DATA2, TRANSITIVE_FIELDS, FORMULA, ENTITY_LOOKUP_TYPE)
VALUES ('c057fcf6309c4ecb8f3b228c1861b4dc', 0, '7580745602934a4ba7c7118e9dff16e7', 'custCodelist5', 'CUST_CODELIST5', 'NVARCHAR2(400)', 'CUSTOM_FIELD_CODE_LIST_CODE5', 0, 'string-m', '', '', '', '', '', '', '', 0, NULL, 400, NULL, NULL, '', '', 'system', systimestamp, '77', 0, 'entity.custCodelist5', 'codelist', '', '', '', '', '');
INSERT INTO CNT_FIELD_DEFINITION
 (ID, REVISION, PARENT_ID, FIELD_ID, COLUMN_NAME, COLUMN_TYPE, REPORT_COLUMN_NAME, PRODUCT_FIELD, FIELD_TYPE, ENTITY_LOOKUP, ENTITY_LOOKUP_KEY, ORDER_BY, GENERATOR, REFER_TABLE, KEY_COLUMN, LOOKUP_COLUMN, MANDATORY, MIN_LENGTH, MAX_LENGTH, MIN_VALUE, MAX_VALUE, CONSTANT_VALUE, UNIQUE_KEY, CREATE_USER, CREATED_ON, LINE_NO, MANAGED, FIELD_PATH, DATA_TYPE, DATA1, DATA2, TRANSITIVE_FIELDS, FORMULA, ENTITY_LOOKUP_TYPE)
VALUES ('a1fb3e5e618847f8b07102c70935570d', 0, '7580745602934a4ba7c7118e9dff16e7', 'custCodelist6', 'CUST_CODELIST6', 'NVARCHAR2(400)', 'CUSTOM_FIELD_CODE_LIST_CODE6', 0, 'string-m', '', '', '', '', '', '', '', 0, NULL, 400, NULL, NULL, '', '', 'system', systimestamp, '78', 0, 'entity.custCodelist6', 'codelist', '', '', '', '', '');
INSERT INTO CNT_FIELD_DEFINITION
 (ID, REVISION, PARENT_ID, FIELD_ID, COLUMN_NAME, COLUMN_TYPE, REPORT_COLUMN_NAME, PRODUCT_FIELD, FIELD_TYPE, ENTITY_LOOKUP, ENTITY_LOOKUP_KEY, ORDER_BY, GENERATOR, REFER_TABLE, KEY_COLUMN, LOOKUP_COLUMN, MANDATORY, MIN_LENGTH, MAX_LENGTH, MIN_VALUE, MAX_VALUE, CONSTANT_VALUE, UNIQUE_KEY, CREATE_USER, CREATED_ON, LINE_NO, MANAGED, FIELD_PATH, DATA_TYPE, DATA1, DATA2, TRANSITIVE_FIELDS, FORMULA, ENTITY_LOOKUP_TYPE)
VALUES ('0511087d262a41938dab5a75d9027911', 0, '7580745602934a4ba7c7118e9dff16e7', 'custCodelist7', 'CUST_CODELIST7', 'NVARCHAR2(400)', 'CUSTOM_FIELD_CODE_LIST_CODE7', 0, 'string-m', '', '', '', '', '', '', '', 0, NULL, 400, NULL, NULL, '', '', 'system', systimestamp, '79', 0, 'entity.custCodelist7', 'codelist', '', '', '', '', '');
INSERT INTO CNT_FIELD_DEFINITION
 (ID, REVISION, PARENT_ID, FIELD_ID, COLUMN_NAME, COLUMN_TYPE, REPORT_COLUMN_NAME, PRODUCT_FIELD, FIELD_TYPE, ENTITY_LOOKUP, ENTITY_LOOKUP_KEY, ORDER_BY, GENERATOR, REFER_TABLE, KEY_COLUMN, LOOKUP_COLUMN, MANDATORY, MIN_LENGTH, MAX_LENGTH, MIN_VALUE, MAX_VALUE, CONSTANT_VALUE, UNIQUE_KEY, CREATE_USER, CREATED_ON, LINE_NO, MANAGED, FIELD_PATH, DATA_TYPE, DATA1, DATA2, TRANSITIVE_FIELDS, FORMULA, ENTITY_LOOKUP_TYPE)
VALUES ('bffde136b69e44278ab307cd9a3d1564', 0, '7580745602934a4ba7c7118e9dff16e7', 'custMemoText1', 'CUST_MEMO_TEXT1', 'NVARCHAR2(1000)', 'CUSTOM_FIELD_MEMO_TEXT1', 0, 'string-l', '', '', '', '', '', '', '', 0, NULL, 1000, NULL, NULL, '', '', 'system', systimestamp, '80', 0, 'entity.custMemoText1', '', '', '', '', '', '');
INSERT INTO CNT_FIELD_DEFINITION
 (ID, REVISION, PARENT_ID, FIELD_ID, COLUMN_NAME, COLUMN_TYPE, REPORT_COLUMN_NAME, PRODUCT_FIELD, FIELD_TYPE, ENTITY_LOOKUP, ENTITY_LOOKUP_KEY, ORDER_BY, GENERATOR, REFER_TABLE, KEY_COLUMN, LOOKUP_COLUMN, MANDATORY, MIN_LENGTH, MAX_LENGTH, MIN_VALUE, MAX_VALUE, CONSTANT_VALUE, UNIQUE_KEY, CREATE_USER, CREATED_ON, LINE_NO, MANAGED, FIELD_PATH, DATA_TYPE, DATA1, DATA2, TRANSITIVE_FIELDS, FORMULA, ENTITY_LOOKUP_TYPE)
VALUES ('442b9a35a8f441f29205049261c21fe6', 0, '7580745602934a4ba7c7118e9dff16e7', 'custMemoText2', 'CUST_MEMO_TEXT2', 'NVARCHAR2(1000)', 'CUSTOM_FIELD_MEMO_TEXT2', 0, 'string-l', '', '', '', '', '', '', '', 0, NULL, 1000, NULL, NULL, '', '', 'system', systimestamp, '81', 0, 'entity.custMemoText2', '', '', '', '', '', '');
INSERT INTO CNT_FIELD_DEFINITION
 (ID, REVISION, PARENT_ID, FIELD_ID, COLUMN_NAME, COLUMN_TYPE, REPORT_COLUMN_NAME, PRODUCT_FIELD, FIELD_TYPE, ENTITY_LOOKUP, ENTITY_LOOKUP_KEY, ORDER_BY, GENERATOR, REFER_TABLE, KEY_COLUMN, LOOKUP_COLUMN, MANDATORY, MIN_LENGTH, MAX_LENGTH, MIN_VALUE, MAX_VALUE, CONSTANT_VALUE, UNIQUE_KEY, CREATE_USER, CREATED_ON, LINE_NO, MANAGED, FIELD_PATH, DATA_TYPE, DATA1, DATA2, TRANSITIVE_FIELDS, FORMULA, ENTITY_LOOKUP_TYPE)
VALUES ('5a22b21e73d24cdbba4153d31781d4ce', 0, '7580745602934a4ba7c7118e9dff16e7', 'custMemoText3', 'CUST_MEMO_TEXT3', 'NVARCHAR2(1000)', 'CUSTOM_FIELD_MEMO_TEXT3', 0, 'string-l', '', '', '', '', '', '', '', 0, NULL, 1000, NULL, NULL, '', '', 'system', systimestamp, '82', 0, 'entity.custMemoText3', '', '', '', '', '', '');
INSERT INTO CNT_FIELD_DEFINITION
 (ID, REVISION, PARENT_ID, FIELD_ID, COLUMN_NAME, COLUMN_TYPE, REPORT_COLUMN_NAME, PRODUCT_FIELD, FIELD_TYPE, ENTITY_LOOKUP, ENTITY_LOOKUP_KEY, ORDER_BY, GENERATOR, REFER_TABLE, KEY_COLUMN, LOOKUP_COLUMN, MANDATORY, MIN_LENGTH, MAX_LENGTH, MIN_VALUE, MAX_VALUE, CONSTANT_VALUE, UNIQUE_KEY, CREATE_USER, CREATED_ON, LINE_NO, MANAGED, FIELD_PATH, DATA_TYPE, DATA1, DATA2, TRANSITIVE_FIELDS, FORMULA, ENTITY_LOOKUP_TYPE)
VALUES ('ab171a86722b43c886ea6b0efcfb2a49', 0, '7580745602934a4ba7c7118e9dff16e7', 'custMemoText4', 'CUST_MEMO_TEXT4', 'NVARCHAR2(1000)', 'CUSTOM_FIELD_MEMO_TEXT4', 0, 'string-l', '', '', '', '', '', '', '', 0, NULL, 1000, NULL, NULL, '', '', 'system', systimestamp, '83', 0, 'entity.custMemoText4', '', '', '', '', '', '');
INSERT INTO CNT_FIELD_DEFINITION
 (ID, REVISION, PARENT_ID, FIELD_ID, COLUMN_NAME, COLUMN_TYPE, REPORT_COLUMN_NAME, PRODUCT_FIELD, FIELD_TYPE, ENTITY_LOOKUP, ENTITY_LOOKUP_KEY, ORDER_BY, GENERATOR, REFER_TABLE, KEY_COLUMN, LOOKUP_COLUMN, MANDATORY, MIN_LENGTH, MAX_LENGTH, MIN_VALUE, MAX_VALUE, CONSTANT_VALUE, UNIQUE_KEY, CREATE_USER, CREATED_ON, LINE_NO, MANAGED, FIELD_PATH, DATA_TYPE, DATA1, DATA2, TRANSITIVE_FIELDS, FORMULA, ENTITY_LOOKUP_TYPE)
VALUES ('74c8a6f15ab946078cfc47d5fd5f38c0', 0, '7580745602934a4ba7c7118e9dff16e7', 'custMemoText5', 'CUST_MEMO_TEXT5', 'NVARCHAR2(1000)', 'CUSTOM_FIELD_MEMO_TEXT5', 0, 'string-l', '', '', '', '', '', '', '', 0, NULL, 1000, NULL, NULL, '', '', 'system', systimestamp, '84', 0, 'entity.custMemoText5', '', '', '', '', '', '');
INSERT INTO CNT_FIELD_DEFINITION
 (ID, REVISION, PARENT_ID, FIELD_ID, COLUMN_NAME, COLUMN_TYPE, REPORT_COLUMN_NAME, PRODUCT_FIELD, FIELD_TYPE, ENTITY_LOOKUP, ENTITY_LOOKUP_KEY, ORDER_BY, GENERATOR, REFER_TABLE, KEY_COLUMN, LOOKUP_COLUMN, MANDATORY, MIN_LENGTH, MAX_LENGTH, MIN_VALUE, MAX_VALUE, CONSTANT_VALUE, UNIQUE_KEY, CREATE_USER, CREATED_ON, LINE_NO, MANAGED, FIELD_PATH, DATA_TYPE, DATA1, DATA2, TRANSITIVE_FIELDS, FORMULA, ENTITY_LOOKUP_TYPE)
VALUES ('1d39df32fb044842ab7b8c31cabf6da7', 0, '7580745602934a4ba7c7118e9dff16e7', 'custMemoText6', 'CUST_MEMO_TEXT6', 'NVARCHAR2(1000)', 'CUSTOM_FIELD_MEMO_TEXT6', 0, 'string-l', '', '', '', '', '', '', '', 0, NULL, 1000, NULL, NULL, '', '', 'system', systimestamp, '85', 0, 'entity.custMemoText6', '', '', '', '', '', '');
INSERT INTO CNT_FIELD_DEFINITION
 (ID, REVISION, PARENT_ID, FIELD_ID, COLUMN_NAME, COLUMN_TYPE, REPORT_COLUMN_NAME, PRODUCT_FIELD, FIELD_TYPE, ENTITY_LOOKUP, ENTITY_LOOKUP_KEY, ORDER_BY, GENERATOR, REFER_TABLE, KEY_COLUMN, LOOKUP_COLUMN, MANDATORY, MIN_LENGTH, MAX_LENGTH, MIN_VALUE, MAX_VALUE, CONSTANT_VALUE, UNIQUE_KEY, CREATE_USER, CREATED_ON, LINE_NO, MANAGED, FIELD_PATH, DATA_TYPE, DATA1, DATA2, TRANSITIVE_FIELDS, FORMULA, ENTITY_LOOKUP_TYPE)
VALUES ('b849b99acefc48ba87fb7396886323aa', 0, '7580745602934a4ba7c7118e9dff16e7', 'custMemoText7', 'CUST_MEMO_TEXT7', 'NVARCHAR2(1000)', 'CUSTOM_FIELD_MEMO_TEXT7', 0, 'string-l', '', '', '', '', '', '', '', 0, NULL, 1000, NULL, NULL, '', '', 'system', systimestamp, '86', 0, 'entity.custMemoText7', '', '', '', '', '', '');
INSERT INTO CNT_FIELD_DEFINITION
 (ID, REVISION, PARENT_ID, FIELD_ID, COLUMN_NAME, COLUMN_TYPE, REPORT_COLUMN_NAME, PRODUCT_FIELD, FIELD_TYPE, ENTITY_LOOKUP, ENTITY_LOOKUP_KEY, ORDER_BY, GENERATOR, REFER_TABLE, KEY_COLUMN, LOOKUP_COLUMN, MANDATORY, MIN_LENGTH, MAX_LENGTH, MIN_VALUE, MAX_VALUE, CONSTANT_VALUE, UNIQUE_KEY, CREATE_USER, CREATED_ON, LINE_NO, MANAGED, FIELD_PATH, DATA_TYPE, DATA1, DATA2, TRANSITIVE_FIELDS, FORMULA, ENTITY_LOOKUP_TYPE)
VALUES ('caa374922b55442b85bf00ead6f7d814', 0, '7580745602934a4ba7c7118e9dff16e7', 'custHcl1', 'CUST_HCL1_ID', 'CHAR(32)', 'CUSTOM_FIELD_HCL_CODE_SYS_ID1', 0, 'entity', 'HclNode', 'id', '', '', '', '', '', 0, 32, 32, NULL, NULL, '', '', 'system', systimestamp, '87', 0, 'entity.custHcl1', '', '', '', '', '', '');
INSERT INTO CNT_FIELD_DEFINITION
 (ID, REVISION, PARENT_ID, FIELD_ID, COLUMN_NAME, COLUMN_TYPE, REPORT_COLUMN_NAME, PRODUCT_FIELD, FIELD_TYPE, ENTITY_LOOKUP, ENTITY_LOOKUP_KEY, ORDER_BY, GENERATOR, REFER_TABLE, KEY_COLUMN, LOOKUP_COLUMN, MANDATORY, MIN_LENGTH, MAX_LENGTH, MIN_VALUE, MAX_VALUE, CONSTANT_VALUE, UNIQUE_KEY, CREATE_USER, CREATED_ON, LINE_NO, MANAGED, FIELD_PATH, DATA_TYPE, DATA1, DATA2, TRANSITIVE_FIELDS, FORMULA, ENTITY_LOOKUP_TYPE)
VALUES ('dece934954bb42d88e11b2d71c72fef5', 0, '7580745602934a4ba7c7118e9dff16e7', 'custHcl2', 'CUST_HCL2_ID', 'CHAR(32)', 'CUSTOM_FIELD_HCL_CODE_SYS_ID2', 0, 'entity', 'HclNode', 'id', '', '', '', '', '', 0, 32, 32, NULL, NULL, '', '', 'system', systimestamp, '88', 0, 'entity.custHcl2', '', '', '', '', '', '');
INSERT INTO CNT_FIELD_DEFINITION
 (ID, REVISION, PARENT_ID, FIELD_ID, COLUMN_NAME, COLUMN_TYPE, REPORT_COLUMN_NAME, PRODUCT_FIELD, FIELD_TYPE, ENTITY_LOOKUP, ENTITY_LOOKUP_KEY, ORDER_BY, GENERATOR, REFER_TABLE, KEY_COLUMN, LOOKUP_COLUMN, MANDATORY, MIN_LENGTH, MAX_LENGTH, MIN_VALUE, MAX_VALUE, CONSTANT_VALUE, UNIQUE_KEY, CREATE_USER, CREATED_ON, LINE_NO, MANAGED, FIELD_PATH, DATA_TYPE, DATA1, DATA2, TRANSITIVE_FIELDS, FORMULA, ENTITY_LOOKUP_TYPE)
VALUES ('662dfdb647014d948866dd29ddc3b53c', 0, '7580745602934a4ba7c7118e9dff16e7', 'custHcl3', 'CUST_HCL3_ID', 'CHAR(32)', 'CUSTOM_FIELD_HCL_CODE_SYS_ID3', 0, 'entity', 'HclNode', 'id', '', '', '', '', '', 0, 32, 32, NULL, NULL, '', '', 'system', systimestamp, '89', 0, 'entity.custHcl3', '', '', '', '', '', '');
INSERT INTO CNT_FIELD_DEFINITION
 (ID, REVISION, PARENT_ID, FIELD_ID, COLUMN_NAME, COLUMN_TYPE, REPORT_COLUMN_NAME, PRODUCT_FIELD, FIELD_TYPE, ENTITY_LOOKUP, ENTITY_LOOKUP_KEY, ORDER_BY, GENERATOR, REFER_TABLE, KEY_COLUMN, LOOKUP_COLUMN, MANDATORY, MIN_LENGTH, MAX_LENGTH, MIN_VALUE, MAX_VALUE, CONSTANT_VALUE, UNIQUE_KEY, CREATE_USER, CREATED_ON, LINE_NO, MANAGED, FIELD_PATH, DATA_TYPE, DATA1, DATA2, TRANSITIVE_FIELDS, FORMULA, ENTITY_LOOKUP_TYPE)
VALUES ('e33eaf22ba3a4217813a0a688636826e', 0, '7580745602934a4ba7c7118e9dff16e7', 'custHcl4', 'CUST_HCL4_ID', 'CHAR(32)', 'CUSTOM_FIELD_HCL_CODE_SYS_ID4', 0, 'entity', 'HclNode', 'id', '', '', '', '', '', 0, 32, 32, NULL, NULL, '', '', 'system', systimestamp, '90', 0, 'entity.custHcl4', '', '', '', '', '', '');
INSERT INTO CNT_FIELD_DEFINITION
 (ID, REVISION, PARENT_ID, FIELD_ID, COLUMN_NAME, COLUMN_TYPE, REPORT_COLUMN_NAME, PRODUCT_FIELD, FIELD_TYPE, ENTITY_LOOKUP, ENTITY_LOOKUP_KEY, ORDER_BY, GENERATOR, REFER_TABLE, KEY_COLUMN, LOOKUP_COLUMN, MANDATORY, MIN_LENGTH, MAX_LENGTH, MIN_VALUE, MAX_VALUE, CONSTANT_VALUE, UNIQUE_KEY, CREATE_USER, CREATED_ON, LINE_NO, MANAGED, FIELD_PATH, DATA_TYPE, DATA1, DATA2, TRANSITIVE_FIELDS, FORMULA, ENTITY_LOOKUP_TYPE)
VALUES ('388e9f7ca0cf4d1bac19bc86aaae4008', 0, '7580745602934a4ba7c7118e9dff16e7', 'custHcl5', 'CUST_HCL5_ID', 'CHAR(32)', 'CUSTOM_FIELD_HCL_CODE_SYS_ID5', 0, 'entity', 'HclNode', 'id', '', '', '', '', '', 0, 32, 32, NULL, NULL, '', '', 'system', systimestamp, '91', 0, 'entity.custHcl5', '', '', '', '', '', '');
INSERT INTO CNT_FIELD_DEFINITION
 (ID, REVISION, PARENT_ID, FIELD_ID, COLUMN_NAME, COLUMN_TYPE, REPORT_COLUMN_NAME, PRODUCT_FIELD, FIELD_TYPE, ENTITY_LOOKUP, ENTITY_LOOKUP_KEY, ORDER_BY, GENERATOR, REFER_TABLE, KEY_COLUMN, LOOKUP_COLUMN, MANDATORY, MIN_LENGTH, MAX_LENGTH, MIN_VALUE, MAX_VALUE, CONSTANT_VALUE, UNIQUE_KEY, CREATE_USER, CREATED_ON, LINE_NO, MANAGED, FIELD_PATH, DATA_TYPE, DATA1, DATA2, TRANSITIVE_FIELDS, FORMULA, ENTITY_LOOKUP_TYPE)
VALUES ('e0c7e7eb9b844e459a062d9d9134b0b5', 0, '7580745602934a4ba7c7118e9dff16e7', 'seasonName', 'SEASON_NAME', 'NVARCHAR2(400)', 'N/A', 1, 'string-m', '', '', '', '', '', '', '', 0, NULL, 400, NULL, NULL, '', '', 'system', systimestamp, '92', 0, 'entity.seasonName', '', '', '', '', '', '');
INSERT INTO CNT_FIELD_DEFINITION
 (ID, REVISION, PARENT_ID, FIELD_ID, COLUMN_NAME, COLUMN_TYPE, REPORT_COLUMN_NAME, PRODUCT_FIELD, FIELD_TYPE, ENTITY_LOOKUP, ENTITY_LOOKUP_KEY, ORDER_BY, GENERATOR, REFER_TABLE, KEY_COLUMN, LOOKUP_COLUMN, MANDATORY, MIN_LENGTH, MAX_LENGTH, MIN_VALUE, MAX_VALUE, CONSTANT_VALUE, UNIQUE_KEY, CREATE_USER, CREATED_ON, LINE_NO, MANAGED, FIELD_PATH, DATA_TYPE, DATA1, DATA2, TRANSITIVE_FIELDS, FORMULA, ENTITY_LOOKUP_TYPE)
VALUES ('ffacd4a3cc3740dcb6c71773ee296e6f', 0, '7580745602934a4ba7c7118e9dff16e7', 'vendorRef', 'VENDOR_REF', 'NVARCHAR2(1000)', 'N/A', 1, 'string-l', '', '', '', '', '', '', '', 0, NULL, 1000, NULL, NULL, '', '', 'system', systimestamp, '93', 0, 'entity.vendorRef', '', '', '', '', '', '');
INSERT INTO CNT_FIELD_DEFINITION
 (ID, REVISION, PARENT_ID, FIELD_ID, COLUMN_NAME, COLUMN_TYPE, REPORT_COLUMN_NAME, PRODUCT_FIELD, FIELD_TYPE, ENTITY_LOOKUP, ENTITY_LOOKUP_KEY, ORDER_BY, GENERATOR, REFER_TABLE, KEY_COLUMN, LOOKUP_COLUMN, MANDATORY, MIN_LENGTH, MAX_LENGTH, MIN_VALUE, MAX_VALUE, CONSTANT_VALUE, UNIQUE_KEY, CREATE_USER, CREATED_ON, LINE_NO, MANAGED, FIELD_PATH, DATA_TYPE, DATA1, DATA2, TRANSITIVE_FIELDS, FORMULA, ENTITY_LOOKUP_TYPE)
VALUES ('59d6996f7d884edaa62bc5e50e3226ab', 0, '7580745602934a4ba7c7118e9dff16e7', 'vendorVer', 'VENDOR_VER', 'NUMBER(20, 0)', 'N/A', 1, 'integer', '', '', '', '', '', '', '', 0, NULL, 18, NULL, NULL, '', '', 'system', systimestamp, '94', 0, 'entity.vendorVer', '', '', '', '', '', '');
INSERT INTO CNT_FIELD_DEFINITION
 (ID, REVISION, PARENT_ID, FIELD_ID, COLUMN_NAME, COLUMN_TYPE, REPORT_COLUMN_NAME, PRODUCT_FIELD, FIELD_TYPE, ENTITY_LOOKUP, ENTITY_LOOKUP_KEY, ORDER_BY, GENERATOR, REFER_TABLE, KEY_COLUMN, LOOKUP_COLUMN, MANDATORY, MIN_LENGTH, MAX_LENGTH, MIN_VALUE, MAX_VALUE, CONSTANT_VALUE, UNIQUE_KEY, CREATE_USER, CREATED_ON, LINE_NO, MANAGED, FIELD_PATH, DATA_TYPE, DATA1, DATA2, TRANSITIVE_FIELDS, FORMULA, ENTITY_LOOKUP_TYPE)
VALUES ('7dba5bf61ec343babb4406b597ec996f', 0, '7580745602934a4ba7c7118e9dff16e7', 'paymentMethodName', 'PAYMENT_METHOD_NAME', 'NVARCHAR2(400)', 'N/A', 1, 'string-m', '', '', '', '', '', '', '', 0, NULL, 400, NULL, NULL, '', '', 'system', systimestamp, '95', 0, 'entity.paymentMethodName', '', '', '', '', '', '');
INSERT INTO CNT_FIELD_DEFINITION
 (ID, REVISION, PARENT_ID, FIELD_ID, COLUMN_NAME, COLUMN_TYPE, REPORT_COLUMN_NAME, PRODUCT_FIELD, FIELD_TYPE, ENTITY_LOOKUP, ENTITY_LOOKUP_KEY, ORDER_BY, GENERATOR, REFER_TABLE, KEY_COLUMN, LOOKUP_COLUMN, MANDATORY, MIN_LENGTH, MAX_LENGTH, MIN_VALUE, MAX_VALUE, CONSTANT_VALUE, UNIQUE_KEY, CREATE_USER, CREATED_ON, LINE_NO, MANAGED, FIELD_PATH, DATA_TYPE, DATA1, DATA2, TRANSITIVE_FIELDS, FORMULA, ENTITY_LOOKUP_TYPE)
VALUES ('c117ac5362564d24bdb8f4fb50cf93ae', 0, '7580745602934a4ba7c7118e9dff16e7', 'currencyName', 'CURRENCY_NAME', 'NVARCHAR2(400)', 'N/A', 1, 'string-m', '', '', '', '', '', '', '', 0, NULL, 400, NULL, NULL, '', '', 'system', systimestamp, '96', 0, 'entity.currencyName', '', '', '', '', '', '');
INSERT INTO CNT_FIELD_DEFINITION
 (ID, REVISION, PARENT_ID, FIELD_ID, COLUMN_NAME, COLUMN_TYPE, REPORT_COLUMN_NAME, PRODUCT_FIELD, FIELD_TYPE, ENTITY_LOOKUP, ENTITY_LOOKUP_KEY, ORDER_BY, GENERATOR, REFER_TABLE, KEY_COLUMN, LOOKUP_COLUMN, MANDATORY, MIN_LENGTH, MAX_LENGTH, MIN_VALUE, MAX_VALUE, CONSTANT_VALUE, UNIQUE_KEY, CREATE_USER, CREATED_ON, LINE_NO, MANAGED, FIELD_PATH, DATA_TYPE, DATA1, DATA2, TRANSITIVE_FIELDS, FORMULA, ENTITY_LOOKUP_TYPE)
VALUES ('51a0418817014d4a95d539c99032478e', 0, '7580745602934a4ba7c7118e9dff16e7', 'incotermName', 'INCOTERM_NAME', 'NVARCHAR2(400)', 'N/A', 1, 'string-m', '', '', '', '', '', '', '', 0, NULL, 400, NULL, NULL, '', '', 'system', systimestamp, '97', 0, 'entity.incotermName', '', '', '', '', '', '');
INSERT INTO CNT_FIELD_DEFINITION
 (ID, REVISION, PARENT_ID, FIELD_ID, COLUMN_NAME, COLUMN_TYPE, REPORT_COLUMN_NAME, PRODUCT_FIELD, FIELD_TYPE, ENTITY_LOOKUP, ENTITY_LOOKUP_KEY, ORDER_BY, GENERATOR, REFER_TABLE, KEY_COLUMN, LOOKUP_COLUMN, MANDATORY, MIN_LENGTH, MAX_LENGTH, MIN_VALUE, MAX_VALUE, CONSTANT_VALUE, UNIQUE_KEY, CREATE_USER, CREATED_ON, LINE_NO, MANAGED, FIELD_PATH, DATA_TYPE, DATA1, DATA2, TRANSITIVE_FIELDS, FORMULA, ENTITY_LOOKUP_TYPE)
VALUES ('66186541ed664eac945492cbe3bce9f3', 0, '7580745602934a4ba7c7118e9dff16e7', 'paymentTermName', 'PAYMENT_TERM_NAME', 'NVARCHAR2(400)', 'N/A', 1, 'string-m', '', '', '', '', '', '', '', 0, NULL, 400, NULL, NULL, '', '', 'system', systimestamp, '98', 0, 'entity.paymentTermName', '', '', '', '', '', '');
INSERT INTO CNT_FIELD_DEFINITION
 (ID, REVISION, PARENT_ID, FIELD_ID, COLUMN_NAME, COLUMN_TYPE, REPORT_COLUMN_NAME, PRODUCT_FIELD, FIELD_TYPE, ENTITY_LOOKUP, ENTITY_LOOKUP_KEY, ORDER_BY, GENERATOR, REFER_TABLE, KEY_COLUMN, LOOKUP_COLUMN, MANDATORY, MIN_LENGTH, MAX_LENGTH, MIN_VALUE, MAX_VALUE, CONSTANT_VALUE, UNIQUE_KEY, CREATE_USER, CREATED_ON, LINE_NO, MANAGED, FIELD_PATH, DATA_TYPE, DATA1, DATA2, TRANSITIVE_FIELDS, FORMULA, ENTITY_LOOKUP_TYPE)
VALUES ('950f548fc37b42ed921df683314a90bc', 0, '7580745602934a4ba7c7118e9dff16e7', 'merchandiseHierarchyRef', 'MERCHANDISE_HIERARCHY_REF', 'NVARCHAR2(1000)', 'N/A', 1, 'string-l', '', '', '', '', '', '', '', 0, NULL, 1000, NULL, NULL, '', '', 'system', systimestamp, '99', 0, 'entity.merchandiseHierarchyRef', '', '', '', '', '', '');
INSERT INTO CNT_FIELD_DEFINITION
 (ID, REVISION, PARENT_ID, FIELD_ID, COLUMN_NAME, COLUMN_TYPE, REPORT_COLUMN_NAME, PRODUCT_FIELD, FIELD_TYPE, ENTITY_LOOKUP, ENTITY_LOOKUP_KEY, ORDER_BY, GENERATOR, REFER_TABLE, KEY_COLUMN, LOOKUP_COLUMN, MANDATORY, MIN_LENGTH, MAX_LENGTH, MIN_VALUE, MAX_VALUE, CONSTANT_VALUE, UNIQUE_KEY, CREATE_USER, CREATED_ON, LINE_NO, MANAGED, FIELD_PATH, DATA_TYPE, DATA1, DATA2, TRANSITIVE_FIELDS, FORMULA, ENTITY_LOOKUP_TYPE)
VALUES ('d65aa2ceae26423f85172a79630b3896', 0, '7580745602934a4ba7c7118e9dff16e7', 'merchandiseHierarchyVer', 'MERCHANDISE_HIERARCHY_VER', 'NUMBER(20, 0)', 'N/A', 1, 'integer', '', '', '', '', '', '', '', 0, NULL, 18, NULL, NULL, '', '', 'system', systimestamp, '100', 0, 'entity.merchandiseHierarchyVer', '', '', '', '', '', '');
INSERT INTO CNT_FIELD_DEFINITION
 (ID, REVISION, PARENT_ID, FIELD_ID, COLUMN_NAME, COLUMN_TYPE, REPORT_COLUMN_NAME, PRODUCT_FIELD, FIELD_TYPE, ENTITY_LOOKUP, ENTITY_LOOKUP_KEY, ORDER_BY, GENERATOR, REFER_TABLE, KEY_COLUMN, LOOKUP_COLUMN, MANDATORY, MIN_LENGTH, MAX_LENGTH, MIN_VALUE, MAX_VALUE, CONSTANT_VALUE, UNIQUE_KEY, CREATE_USER, CREATED_ON, LINE_NO, MANAGED, FIELD_PATH, DATA_TYPE, DATA1, DATA2, TRANSITIVE_FIELDS, FORMULA, ENTITY_LOOKUP_TYPE)
VALUES ('9d20162ec4134c9382ab740deb2f4cde', 0, '7580745602934a4ba7c7118e9dff16e7', 'merchandiseHierarchyRef2', 'MERCHANDISE_HIERARCHY_REF2', 'NVARCHAR2(1000)', 'N/A', 1, 'string-l', '', '', '', '', '', '', '', 0, NULL, 1000, NULL, NULL, '', '', 'system', systimestamp, '101', 0, 'entity.merchandiseHierarchyRef2', '', '', '', '', '', '');
INSERT INTO CNT_FIELD_DEFINITION
 (ID, REVISION, PARENT_ID, FIELD_ID, COLUMN_NAME, COLUMN_TYPE, REPORT_COLUMN_NAME, PRODUCT_FIELD, FIELD_TYPE, ENTITY_LOOKUP, ENTITY_LOOKUP_KEY, ORDER_BY, GENERATOR, REFER_TABLE, KEY_COLUMN, LOOKUP_COLUMN, MANDATORY, MIN_LENGTH, MAX_LENGTH, MIN_VALUE, MAX_VALUE, CONSTANT_VALUE, UNIQUE_KEY, CREATE_USER, CREATED_ON, LINE_NO, MANAGED, FIELD_PATH, DATA_TYPE, DATA1, DATA2, TRANSITIVE_FIELDS, FORMULA, ENTITY_LOOKUP_TYPE)
VALUES ('eefb0626063b49239ae13f36eeaed62d', 0, '7580745602934a4ba7c7118e9dff16e7', 'merchandiseHierarchFullLineage', 'MERCHANDISE_HIERARCH_FULL_L_0', 'NVARCHAR2(1000)', 'N/A', 1, 'string-l', '', '', '', '', '', '', '', 0, NULL, 1000, NULL, NULL, '', '', 'system', systimestamp, '102', 0, 'entity.merchandiseHierarchFullLineage', '', '', '', '', '', '');
INSERT INTO CNT_FIELD_DEFINITION
 (ID, REVISION, PARENT_ID, FIELD_ID, COLUMN_NAME, COLUMN_TYPE, REPORT_COLUMN_NAME, PRODUCT_FIELD, FIELD_TYPE, ENTITY_LOOKUP, ENTITY_LOOKUP_KEY, ORDER_BY, GENERATOR, REFER_TABLE, KEY_COLUMN, LOOKUP_COLUMN, MANDATORY, MIN_LENGTH, MAX_LENGTH, MIN_VALUE, MAX_VALUE, CONSTANT_VALUE, UNIQUE_KEY, CREATE_USER, CREATED_ON, LINE_NO, MANAGED, FIELD_PATH, DATA_TYPE, DATA1, DATA2, TRANSITIVE_FIELDS, FORMULA, ENTITY_LOOKUP_TYPE)
VALUES ('abc70336f05c48a8a713e8f2fc6c56dd', 0, '7580745602934a4ba7c7118e9dff16e7', 'custCodelist1Name', 'CUST_CODELIST1_NAME', 'NVARCHAR2(400)', 'N/A', 0, 'string-m', '', '', '', '', '', '', '', 0, NULL, 400, NULL, NULL, '', '', 'system', systimestamp, '103', 0, 'entity.custCodelist1Name', '', '', '', '', '', '');
INSERT INTO CNT_FIELD_DEFINITION
 (ID, REVISION, PARENT_ID, FIELD_ID, COLUMN_NAME, COLUMN_TYPE, REPORT_COLUMN_NAME, PRODUCT_FIELD, FIELD_TYPE, ENTITY_LOOKUP, ENTITY_LOOKUP_KEY, ORDER_BY, GENERATOR, REFER_TABLE, KEY_COLUMN, LOOKUP_COLUMN, MANDATORY, MIN_LENGTH, MAX_LENGTH, MIN_VALUE, MAX_VALUE, CONSTANT_VALUE, UNIQUE_KEY, CREATE_USER, CREATED_ON, LINE_NO, MANAGED, FIELD_PATH, DATA_TYPE, DATA1, DATA2, TRANSITIVE_FIELDS, FORMULA, ENTITY_LOOKUP_TYPE)
VALUES ('39cb197ccf8844a5952150aaf5222015', 0, '7580745602934a4ba7c7118e9dff16e7', 'custCodelist2Name', 'CUST_CODELIST2_NAME', 'NVARCHAR2(400)', 'N/A', 0, 'string-m', '', '', '', '', '', '', '', 0, NULL, 400, NULL, NULL, '', '', 'system', systimestamp, '104', 0, 'entity.custCodelist2Name', '', '', '', '', '', '');
INSERT INTO CNT_FIELD_DEFINITION
 (ID, REVISION, PARENT_ID, FIELD_ID, COLUMN_NAME, COLUMN_TYPE, REPORT_COLUMN_NAME, PRODUCT_FIELD, FIELD_TYPE, ENTITY_LOOKUP, ENTITY_LOOKUP_KEY, ORDER_BY, GENERATOR, REFER_TABLE, KEY_COLUMN, LOOKUP_COLUMN, MANDATORY, MIN_LENGTH, MAX_LENGTH, MIN_VALUE, MAX_VALUE, CONSTANT_VALUE, UNIQUE_KEY, CREATE_USER, CREATED_ON, LINE_NO, MANAGED, FIELD_PATH, DATA_TYPE, DATA1, DATA2, TRANSITIVE_FIELDS, FORMULA, ENTITY_LOOKUP_TYPE)
VALUES ('05e2a9011c2444d697694cce1b2e3133', 0, '7580745602934a4ba7c7118e9dff16e7', 'custCodelist3Name', 'CUST_CODELIST3_NAME', 'NVARCHAR2(400)', 'N/A', 0, 'string-m', '', '', '', '', '', '', '', 0, NULL, 400, NULL, NULL, '', '', 'system', systimestamp, '105', 0, 'entity.custCodelist3Name', '', '', '', '', '', '');
INSERT INTO CNT_FIELD_DEFINITION
 (ID, REVISION, PARENT_ID, FIELD_ID, COLUMN_NAME, COLUMN_TYPE, REPORT_COLUMN_NAME, PRODUCT_FIELD, FIELD_TYPE, ENTITY_LOOKUP, ENTITY_LOOKUP_KEY, ORDER_BY, GENERATOR, REFER_TABLE, KEY_COLUMN, LOOKUP_COLUMN, MANDATORY, MIN_LENGTH, MAX_LENGTH, MIN_VALUE, MAX_VALUE, CONSTANT_VALUE, UNIQUE_KEY, CREATE_USER, CREATED_ON, LINE_NO, MANAGED, FIELD_PATH, DATA_TYPE, DATA1, DATA2, TRANSITIVE_FIELDS, FORMULA, ENTITY_LOOKUP_TYPE)
VALUES ('cad2100d257c46308ebe91b17fcca052', 0, '7580745602934a4ba7c7118e9dff16e7', 'custCodelist4Name', 'CUST_CODELIST4_NAME', 'NVARCHAR2(400)', 'N/A', 0, 'string-m', '', '', '', '', '', '', '', 0, NULL, 400, NULL, NULL, '', '', 'system', systimestamp, '106', 0, 'entity.custCodelist4Name', '', '', '', '', '', '');
INSERT INTO CNT_FIELD_DEFINITION
 (ID, REVISION, PARENT_ID, FIELD_ID, COLUMN_NAME, COLUMN_TYPE, REPORT_COLUMN_NAME, PRODUCT_FIELD, FIELD_TYPE, ENTITY_LOOKUP, ENTITY_LOOKUP_KEY, ORDER_BY, GENERATOR, REFER_TABLE, KEY_COLUMN, LOOKUP_COLUMN, MANDATORY, MIN_LENGTH, MAX_LENGTH, MIN_VALUE, MAX_VALUE, CONSTANT_VALUE, UNIQUE_KEY, CREATE_USER, CREATED_ON, LINE_NO, MANAGED, FIELD_PATH, DATA_TYPE, DATA1, DATA2, TRANSITIVE_FIELDS, FORMULA, ENTITY_LOOKUP_TYPE)
VALUES ('fc4b305f923246478deb02cb057e3807', 0, '7580745602934a4ba7c7118e9dff16e7', 'custCodelist5Name', 'CUST_CODELIST5_NAME', 'NVARCHAR2(400)', 'N/A', 0, 'string-m', '', '', '', '', '', '', '', 0, NULL, 400, NULL, NULL, '', '', 'system', systimestamp, '107', 0, 'entity.custCodelist5Name', '', '', '', '', '', '');
INSERT INTO CNT_FIELD_DEFINITION
 (ID, REVISION, PARENT_ID, FIELD_ID, COLUMN_NAME, COLUMN_TYPE, REPORT_COLUMN_NAME, PRODUCT_FIELD, FIELD_TYPE, ENTITY_LOOKUP, ENTITY_LOOKUP_KEY, ORDER_BY, GENERATOR, REFER_TABLE, KEY_COLUMN, LOOKUP_COLUMN, MANDATORY, MIN_LENGTH, MAX_LENGTH, MIN_VALUE, MAX_VALUE, CONSTANT_VALUE, UNIQUE_KEY, CREATE_USER, CREATED_ON, LINE_NO, MANAGED, FIELD_PATH, DATA_TYPE, DATA1, DATA2, TRANSITIVE_FIELDS, FORMULA, ENTITY_LOOKUP_TYPE)
VALUES ('06efed044ccf4bff95e5f9aabb6d9a39', 0, '7580745602934a4ba7c7118e9dff16e7', 'custCodelist6Name', 'CUST_CODELIST6_NAME', 'NVARCHAR2(400)', 'N/A', 0, 'string-m', '', '', '', '', '', '', '', 0, NULL, 400, NULL, NULL, '', '', 'system', systimestamp, '108', 0, 'entity.custCodelist6Name', '', '', '', '', '', '');
INSERT INTO CNT_FIELD_DEFINITION
 (ID, REVISION, PARENT_ID, FIELD_ID, COLUMN_NAME, COLUMN_TYPE, REPORT_COLUMN_NAME, PRODUCT_FIELD, FIELD_TYPE, ENTITY_LOOKUP, ENTITY_LOOKUP_KEY, ORDER_BY, GENERATOR, REFER_TABLE, KEY_COLUMN, LOOKUP_COLUMN, MANDATORY, MIN_LENGTH, MAX_LENGTH, MIN_VALUE, MAX_VALUE, CONSTANT_VALUE, UNIQUE_KEY, CREATE_USER, CREATED_ON, LINE_NO, MANAGED, FIELD_PATH, DATA_TYPE, DATA1, DATA2, TRANSITIVE_FIELDS, FORMULA, ENTITY_LOOKUP_TYPE)
VALUES ('b143d447d63c4fbabd78f5c24d79d2ac', 0, '7580745602934a4ba7c7118e9dff16e7', 'custCodelist7Name', 'CUST_CODELIST7_NAME', 'NVARCHAR2(400)', 'N/A', 0, 'string-m', '', '', '', '', '', '', '', 0, NULL, 400, NULL, NULL, '', '', 'system', systimestamp, '109', 0, 'entity.custCodelist7Name', '', '', '', '', '', '');
INSERT INTO CNT_FIELD_DEFINITION
 (ID, REVISION, PARENT_ID, FIELD_ID, COLUMN_NAME, COLUMN_TYPE, REPORT_COLUMN_NAME, PRODUCT_FIELD, FIELD_TYPE, ENTITY_LOOKUP, ENTITY_LOOKUP_KEY, ORDER_BY, GENERATOR, REFER_TABLE, KEY_COLUMN, LOOKUP_COLUMN, MANDATORY, MIN_LENGTH, MAX_LENGTH, MIN_VALUE, MAX_VALUE, CONSTANT_VALUE, UNIQUE_KEY, CREATE_USER, CREATED_ON, LINE_NO, MANAGED, FIELD_PATH, DATA_TYPE, DATA1, DATA2, TRANSITIVE_FIELDS, FORMULA, ENTITY_LOOKUP_TYPE)
VALUES ('e83da4bdb083471f8e9e87f2423e1012', 0, '7580745602934a4ba7c7118e9dff16e7', 'custHcl1Ref', 'CUST_HCL1_REF', 'NVARCHAR2(1000)', 'N/A', 0, 'string-l', '', '', '', '', '', '', '', 0, NULL, 1000, NULL, NULL, '', '', 'system', systimestamp, '110', 0, 'entity.custHcl1Ref', '', '', '', '', '', '');
INSERT INTO CNT_FIELD_DEFINITION
 (ID, REVISION, PARENT_ID, FIELD_ID, COLUMN_NAME, COLUMN_TYPE, REPORT_COLUMN_NAME, PRODUCT_FIELD, FIELD_TYPE, ENTITY_LOOKUP, ENTITY_LOOKUP_KEY, ORDER_BY, GENERATOR, REFER_TABLE, KEY_COLUMN, LOOKUP_COLUMN, MANDATORY, MIN_LENGTH, MAX_LENGTH, MIN_VALUE, MAX_VALUE, CONSTANT_VALUE, UNIQUE_KEY, CREATE_USER, CREATED_ON, LINE_NO, MANAGED, FIELD_PATH, DATA_TYPE, DATA1, DATA2, TRANSITIVE_FIELDS, FORMULA, ENTITY_LOOKUP_TYPE)
VALUES ('284ed75305224f81987b7b5c5abfcf68', 0, '7580745602934a4ba7c7118e9dff16e7', 'custHcl1Ver', 'CUST_HCL1_VER', 'NUMBER(20, 0)', 'N/A', 0, 'integer', '', '', '', '', '', '', '', 0, NULL, 18, NULL, NULL, '', '', 'system', systimestamp, '111', 0, 'entity.custHcl1Ver', '', '', '', '', '', '');
INSERT INTO CNT_FIELD_DEFINITION
 (ID, REVISION, PARENT_ID, FIELD_ID, COLUMN_NAME, COLUMN_TYPE, REPORT_COLUMN_NAME, PRODUCT_FIELD, FIELD_TYPE, ENTITY_LOOKUP, ENTITY_LOOKUP_KEY, ORDER_BY, GENERATOR, REFER_TABLE, KEY_COLUMN, LOOKUP_COLUMN, MANDATORY, MIN_LENGTH, MAX_LENGTH, MIN_VALUE, MAX_VALUE, CONSTANT_VALUE, UNIQUE_KEY, CREATE_USER, CREATED_ON, LINE_NO, MANAGED, FIELD_PATH, DATA_TYPE, DATA1, DATA2, TRANSITIVE_FIELDS, FORMULA, ENTITY_LOOKUP_TYPE)
VALUES ('662ed680c89d497187dc67f0c7ffbe27', 0, '7580745602934a4ba7c7118e9dff16e7', 'custHcl1Ref2', 'CUST_HCL1_REF2', 'NVARCHAR2(1000)', 'N/A', 0, 'string-l', '', '', '', '', '', '', '', 0, NULL, 1000, NULL, NULL, '', '', 'system', systimestamp, '112', 0, 'entity.custHcl1Ref2', '', '', '', '', '', '');
INSERT INTO CNT_FIELD_DEFINITION
 (ID, REVISION, PARENT_ID, FIELD_ID, COLUMN_NAME, COLUMN_TYPE, REPORT_COLUMN_NAME, PRODUCT_FIELD, FIELD_TYPE, ENTITY_LOOKUP, ENTITY_LOOKUP_KEY, ORDER_BY, GENERATOR, REFER_TABLE, KEY_COLUMN, LOOKUP_COLUMN, MANDATORY, MIN_LENGTH, MAX_LENGTH, MIN_VALUE, MAX_VALUE, CONSTANT_VALUE, UNIQUE_KEY, CREATE_USER, CREATED_ON, LINE_NO, MANAGED, FIELD_PATH, DATA_TYPE, DATA1, DATA2, TRANSITIVE_FIELDS, FORMULA, ENTITY_LOOKUP_TYPE)
VALUES ('794d49fbfca341d59a96c0f3e5529832', 0, '7580745602934a4ba7c7118e9dff16e7', 'custHcl1FullLineage', 'CUST_HCL1_FULL_LINEAGE', 'NVARCHAR2(1000)', 'N/A', 0, 'string-l', '', '', '', '', '', '', '', 0, NULL, 1000, NULL, NULL, '', '', 'system', systimestamp, '113', 0, 'entity.custHcl1FullLineage', '', '', '', '', '', '');
INSERT INTO CNT_FIELD_DEFINITION
 (ID, REVISION, PARENT_ID, FIELD_ID, COLUMN_NAME, COLUMN_TYPE, REPORT_COLUMN_NAME, PRODUCT_FIELD, FIELD_TYPE, ENTITY_LOOKUP, ENTITY_LOOKUP_KEY, ORDER_BY, GENERATOR, REFER_TABLE, KEY_COLUMN, LOOKUP_COLUMN, MANDATORY, MIN_LENGTH, MAX_LENGTH, MIN_VALUE, MAX_VALUE, CONSTANT_VALUE, UNIQUE_KEY, CREATE_USER, CREATED_ON, LINE_NO, MANAGED, FIELD_PATH, DATA_TYPE, DATA1, DATA2, TRANSITIVE_FIELDS, FORMULA, ENTITY_LOOKUP_TYPE)
VALUES ('5af12a0f3c3441a2945d1c28e0dea7f0', 0, '7580745602934a4ba7c7118e9dff16e7', 'custHcl2Ref', 'CUST_HCL2_REF', 'NVARCHAR2(1000)', 'N/A', 0, 'string-l', '', '', '', '', '', '', '', 0, NULL, 1000, NULL, NULL, '', '', 'system', systimestamp, '114', 0, 'entity.custHcl2Ref', '', '', '', '', '', '');
INSERT INTO CNT_FIELD_DEFINITION
 (ID, REVISION, PARENT_ID, FIELD_ID, COLUMN_NAME, COLUMN_TYPE, REPORT_COLUMN_NAME, PRODUCT_FIELD, FIELD_TYPE, ENTITY_LOOKUP, ENTITY_LOOKUP_KEY, ORDER_BY, GENERATOR, REFER_TABLE, KEY_COLUMN, LOOKUP_COLUMN, MANDATORY, MIN_LENGTH, MAX_LENGTH, MIN_VALUE, MAX_VALUE, CONSTANT_VALUE, UNIQUE_KEY, CREATE_USER, CREATED_ON, LINE_NO, MANAGED, FIELD_PATH, DATA_TYPE, DATA1, DATA2, TRANSITIVE_FIELDS, FORMULA, ENTITY_LOOKUP_TYPE)
VALUES ('ee22f02cd907496dbcd70e81638b23fa', 0, '7580745602934a4ba7c7118e9dff16e7', 'custHcl2Ver', 'CUST_HCL2_VER', 'NUMBER(20, 0)', 'N/A', 0, 'integer', '', '', '', '', '', '', '', 0, NULL, 18, NULL, NULL, '', '', 'system', systimestamp, '115', 0, 'entity.custHcl2Ver', '', '', '', '', '', '');
INSERT INTO CNT_FIELD_DEFINITION
 (ID, REVISION, PARENT_ID, FIELD_ID, COLUMN_NAME, COLUMN_TYPE, REPORT_COLUMN_NAME, PRODUCT_FIELD, FIELD_TYPE, ENTITY_LOOKUP, ENTITY_LOOKUP_KEY, ORDER_BY, GENERATOR, REFER_TABLE, KEY_COLUMN, LOOKUP_COLUMN, MANDATORY, MIN_LENGTH, MAX_LENGTH, MIN_VALUE, MAX_VALUE, CONSTANT_VALUE, UNIQUE_KEY, CREATE_USER, CREATED_ON, LINE_NO, MANAGED, FIELD_PATH, DATA_TYPE, DATA1, DATA2, TRANSITIVE_FIELDS, FORMULA, ENTITY_LOOKUP_TYPE)
VALUES ('eda46e5157f4479db0754167aca49fe3', 0, '7580745602934a4ba7c7118e9dff16e7', 'custHcl2Ref2', 'CUST_HCL2_REF2', 'NVARCHAR2(1000)', 'N/A', 0, 'string-l', '', '', '', '', '', '', '', 0, NULL, 1000, NULL, NULL, '', '', 'system', systimestamp, '116', 0, 'entity.custHcl2Ref2', '', '', '', '', '', '');
INSERT INTO CNT_FIELD_DEFINITION
 (ID, REVISION, PARENT_ID, FIELD_ID, COLUMN_NAME, COLUMN_TYPE, REPORT_COLUMN_NAME, PRODUCT_FIELD, FIELD_TYPE, ENTITY_LOOKUP, ENTITY_LOOKUP_KEY, ORDER_BY, GENERATOR, REFER_TABLE, KEY_COLUMN, LOOKUP_COLUMN, MANDATORY, MIN_LENGTH, MAX_LENGTH, MIN_VALUE, MAX_VALUE, CONSTANT_VALUE, UNIQUE_KEY, CREATE_USER, CREATED_ON, LINE_NO, MANAGED, FIELD_PATH, DATA_TYPE, DATA1, DATA2, TRANSITIVE_FIELDS, FORMULA, ENTITY_LOOKUP_TYPE)
VALUES ('74e17e044edb466fbfadb882265f7c69', 0, '7580745602934a4ba7c7118e9dff16e7', 'custHcl2FullLineage', 'CUST_HCL2_FULL_LINEAGE', 'NVARCHAR2(1000)', 'N/A', 0, 'string-l', '', '', '', '', '', '', '', 0, NULL, 1000, NULL, NULL, '', '', 'system', systimestamp, '117', 0, 'entity.custHcl2FullLineage', '', '', '', '', '', '');
INSERT INTO CNT_FIELD_DEFINITION
 (ID, REVISION, PARENT_ID, FIELD_ID, COLUMN_NAME, COLUMN_TYPE, REPORT_COLUMN_NAME, PRODUCT_FIELD, FIELD_TYPE, ENTITY_LOOKUP, ENTITY_LOOKUP_KEY, ORDER_BY, GENERATOR, REFER_TABLE, KEY_COLUMN, LOOKUP_COLUMN, MANDATORY, MIN_LENGTH, MAX_LENGTH, MIN_VALUE, MAX_VALUE, CONSTANT_VALUE, UNIQUE_KEY, CREATE_USER, CREATED_ON, LINE_NO, MANAGED, FIELD_PATH, DATA_TYPE, DATA1, DATA2, TRANSITIVE_FIELDS, FORMULA, ENTITY_LOOKUP_TYPE)
VALUES ('0ca002f42df34ba3b82181f21d47f9a1', 0, '7580745602934a4ba7c7118e9dff16e7', 'custHcl3Ref', 'CUST_HCL3_REF', 'NVARCHAR2(1000)', 'N/A', 0, 'string-l', '', '', '', '', '', '', '', 0, NULL, 1000, NULL, NULL, '', '', 'system', systimestamp, '118', 0, 'entity.custHcl3Ref', '', '', '', '', '', '');
INSERT INTO CNT_FIELD_DEFINITION
 (ID, REVISION, PARENT_ID, FIELD_ID, COLUMN_NAME, COLUMN_TYPE, REPORT_COLUMN_NAME, PRODUCT_FIELD, FIELD_TYPE, ENTITY_LOOKUP, ENTITY_LOOKUP_KEY, ORDER_BY, GENERATOR, REFER_TABLE, KEY_COLUMN, LOOKUP_COLUMN, MANDATORY, MIN_LENGTH, MAX_LENGTH, MIN_VALUE, MAX_VALUE, CONSTANT_VALUE, UNIQUE_KEY, CREATE_USER, CREATED_ON, LINE_NO, MANAGED, FIELD_PATH, DATA_TYPE, DATA1, DATA2, TRANSITIVE_FIELDS, FORMULA, ENTITY_LOOKUP_TYPE)
VALUES ('482ce19f34b84c419bcb936b1a12d1a6', 0, '7580745602934a4ba7c7118e9dff16e7', 'custHcl3Ver', 'CUST_HCL3_VER', 'NUMBER(20, 0)', 'N/A', 0, 'integer', '', '', '', '', '', '', '', 0, NULL, 18, NULL, NULL, '', '', 'system', systimestamp, '119', 0, 'entity.custHcl3Ver', '', '', '', '', '', '');
INSERT INTO CNT_FIELD_DEFINITION
 (ID, REVISION, PARENT_ID, FIELD_ID, COLUMN_NAME, COLUMN_TYPE, REPORT_COLUMN_NAME, PRODUCT_FIELD, FIELD_TYPE, ENTITY_LOOKUP, ENTITY_LOOKUP_KEY, ORDER_BY, GENERATOR, REFER_TABLE, KEY_COLUMN, LOOKUP_COLUMN, MANDATORY, MIN_LENGTH, MAX_LENGTH, MIN_VALUE, MAX_VALUE, CONSTANT_VALUE, UNIQUE_KEY, CREATE_USER, CREATED_ON, LINE_NO, MANAGED, FIELD_PATH, DATA_TYPE, DATA1, DATA2, TRANSITIVE_FIELDS, FORMULA, ENTITY_LOOKUP_TYPE)
VALUES ('16ca34c1d0744f8ca6a139c7ad6f0e88', 0, '7580745602934a4ba7c7118e9dff16e7', 'custHcl3Ref2', 'CUST_HCL3_REF2', 'NVARCHAR2(1000)', 'N/A', 0, 'string-l', '', '', '', '', '', '', '', 0, NULL, 1000, NULL, NULL, '', '', 'system', systimestamp, '120', 0, 'entity.custHcl3Ref2', '', '', '', '', '', '');
INSERT INTO CNT_FIELD_DEFINITION
 (ID, REVISION, PARENT_ID, FIELD_ID, COLUMN_NAME, COLUMN_TYPE, REPORT_COLUMN_NAME, PRODUCT_FIELD, FIELD_TYPE, ENTITY_LOOKUP, ENTITY_LOOKUP_KEY, ORDER_BY, GENERATOR, REFER_TABLE, KEY_COLUMN, LOOKUP_COLUMN, MANDATORY, MIN_LENGTH, MAX_LENGTH, MIN_VALUE, MAX_VALUE, CONSTANT_VALUE, UNIQUE_KEY, CREATE_USER, CREATED_ON, LINE_NO, MANAGED, FIELD_PATH, DATA_TYPE, DATA1, DATA2, TRANSITIVE_FIELDS, FORMULA, ENTITY_LOOKUP_TYPE)
VALUES ('29c97effac5b42779995e7fda6217e90', 0, '7580745602934a4ba7c7118e9dff16e7', 'custHcl3FullLineage', 'CUST_HCL3_FULL_LINEAGE', 'NVARCHAR2(1000)', 'N/A', 0, 'string-l', '', '', '', '', '', '', '', 0, NULL, 1000, NULL, NULL, '', '', 'system', systimestamp, '121', 0, 'entity.custHcl3FullLineage', '', '', '', '', '', '');
INSERT INTO CNT_FIELD_DEFINITION
 (ID, REVISION, PARENT_ID, FIELD_ID, COLUMN_NAME, COLUMN_TYPE, REPORT_COLUMN_NAME, PRODUCT_FIELD, FIELD_TYPE, ENTITY_LOOKUP, ENTITY_LOOKUP_KEY, ORDER_BY, GENERATOR, REFER_TABLE, KEY_COLUMN, LOOKUP_COLUMN, MANDATORY, MIN_LENGTH, MAX_LENGTH, MIN_VALUE, MAX_VALUE, CONSTANT_VALUE, UNIQUE_KEY, CREATE_USER, CREATED_ON, LINE_NO, MANAGED, FIELD_PATH, DATA_TYPE, DATA1, DATA2, TRANSITIVE_FIELDS, FORMULA, ENTITY_LOOKUP_TYPE)
VALUES ('aaaab824d0db4ee5a053f1b4ea8d3c1c', 0, '7580745602934a4ba7c7118e9dff16e7', 'custHcl4Ref', 'CUST_HCL4_REF', 'NVARCHAR2(1000)', 'N/A', 0, 'string-l', '', '', '', '', '', '', '', 0, NULL, 1000, NULL, NULL, '', '', 'system', systimestamp, '122', 0, 'entity.custHcl4Ref', '', '', '', '', '', '');
INSERT INTO CNT_FIELD_DEFINITION
 (ID, REVISION, PARENT_ID, FIELD_ID, COLUMN_NAME, COLUMN_TYPE, REPORT_COLUMN_NAME, PRODUCT_FIELD, FIELD_TYPE, ENTITY_LOOKUP, ENTITY_LOOKUP_KEY, ORDER_BY, GENERATOR, REFER_TABLE, KEY_COLUMN, LOOKUP_COLUMN, MANDATORY, MIN_LENGTH, MAX_LENGTH, MIN_VALUE, MAX_VALUE, CONSTANT_VALUE, UNIQUE_KEY, CREATE_USER, CREATED_ON, LINE_NO, MANAGED, FIELD_PATH, DATA_TYPE, DATA1, DATA2, TRANSITIVE_FIELDS, FORMULA, ENTITY_LOOKUP_TYPE)
VALUES ('15b0cf477181416f92916e3460a1ed92', 0, '7580745602934a4ba7c7118e9dff16e7', 'custHcl4Ver', 'CUST_HCL4_VER', 'NUMBER(20, 0)', 'N/A', 0, 'integer', '', '', '', '', '', '', '', 0, NULL, 18, NULL, NULL, '', '', 'system', systimestamp, '123', 0, 'entity.custHcl4Ver', '', '', '', '', '', '');
INSERT INTO CNT_FIELD_DEFINITION
 (ID, REVISION, PARENT_ID, FIELD_ID, COLUMN_NAME, COLUMN_TYPE, REPORT_COLUMN_NAME, PRODUCT_FIELD, FIELD_TYPE, ENTITY_LOOKUP, ENTITY_LOOKUP_KEY, ORDER_BY, GENERATOR, REFER_TABLE, KEY_COLUMN, LOOKUP_COLUMN, MANDATORY, MIN_LENGTH, MAX_LENGTH, MIN_VALUE, MAX_VALUE, CONSTANT_VALUE, UNIQUE_KEY, CREATE_USER, CREATED_ON, LINE_NO, MANAGED, FIELD_PATH, DATA_TYPE, DATA1, DATA2, TRANSITIVE_FIELDS, FORMULA, ENTITY_LOOKUP_TYPE)
VALUES ('ed9495d69c5340b1a5ed8f6207dcb62a', 0, '7580745602934a4ba7c7118e9dff16e7', 'custHcl4Ref2', 'CUST_HCL4_REF2', 'NVARCHAR2(1000)', 'N/A', 0, 'string-l', '', '', '', '', '', '', '', 0, NULL, 1000, NULL, NULL, '', '', 'system', systimestamp, '124', 0, 'entity.custHcl4Ref2', '', '', '', '', '', '');
INSERT INTO CNT_FIELD_DEFINITION
 (ID, REVISION, PARENT_ID, FIELD_ID, COLUMN_NAME, COLUMN_TYPE, REPORT_COLUMN_NAME, PRODUCT_FIELD, FIELD_TYPE, ENTITY_LOOKUP, ENTITY_LOOKUP_KEY, ORDER_BY, GENERATOR, REFER_TABLE, KEY_COLUMN, LOOKUP_COLUMN, MANDATORY, MIN_LENGTH, MAX_LENGTH, MIN_VALUE, MAX_VALUE, CONSTANT_VALUE, UNIQUE_KEY, CREATE_USER, CREATED_ON, LINE_NO, MANAGED, FIELD_PATH, DATA_TYPE, DATA1, DATA2, TRANSITIVE_FIELDS, FORMULA, ENTITY_LOOKUP_TYPE)
VALUES ('8afa542925334329abc66411b0932a67', 0, '7580745602934a4ba7c7118e9dff16e7', 'custHcl4FullLineage', 'CUST_HCL4_FULL_LINEAGE', 'NVARCHAR2(1000)', 'N/A', 0, 'string-l', '', '', '', '', '', '', '', 0, NULL, 1000, NULL, NULL, '', '', 'system', systimestamp, '125', 0, 'entity.custHcl4FullLineage', '', '', '', '', '', '');
INSERT INTO CNT_FIELD_DEFINITION
 (ID, REVISION, PARENT_ID, FIELD_ID, COLUMN_NAME, COLUMN_TYPE, REPORT_COLUMN_NAME, PRODUCT_FIELD, FIELD_TYPE, ENTITY_LOOKUP, ENTITY_LOOKUP_KEY, ORDER_BY, GENERATOR, REFER_TABLE, KEY_COLUMN, LOOKUP_COLUMN, MANDATORY, MIN_LENGTH, MAX_LENGTH, MIN_VALUE, MAX_VALUE, CONSTANT_VALUE, UNIQUE_KEY, CREATE_USER, CREATED_ON, LINE_NO, MANAGED, FIELD_PATH, DATA_TYPE, DATA1, DATA2, TRANSITIVE_FIELDS, FORMULA, ENTITY_LOOKUP_TYPE)
VALUES ('dd4a540fc17a41f69813a6d55d6f1fe9', 0, '7580745602934a4ba7c7118e9dff16e7', 'custHcl5Ref', 'CUST_HCL5_REF', 'NVARCHAR2(1000)', 'N/A', 0, 'string-l', '', '', '', '', '', '', '', 0, NULL, 1000, NULL, NULL, '', '', 'system', systimestamp, '126', 0, 'entity.custHcl5Ref', '', '', '', '', '', '');
INSERT INTO CNT_FIELD_DEFINITION
 (ID, REVISION, PARENT_ID, FIELD_ID, COLUMN_NAME, COLUMN_TYPE, REPORT_COLUMN_NAME, PRODUCT_FIELD, FIELD_TYPE, ENTITY_LOOKUP, ENTITY_LOOKUP_KEY, ORDER_BY, GENERATOR, REFER_TABLE, KEY_COLUMN, LOOKUP_COLUMN, MANDATORY, MIN_LENGTH, MAX_LENGTH, MIN_VALUE, MAX_VALUE, CONSTANT_VALUE, UNIQUE_KEY, CREATE_USER, CREATED_ON, LINE_NO, MANAGED, FIELD_PATH, DATA_TYPE, DATA1, DATA2, TRANSITIVE_FIELDS, FORMULA, ENTITY_LOOKUP_TYPE)
VALUES ('51fc271c25734b23b24d1c0590f956bc', 0, '7580745602934a4ba7c7118e9dff16e7', 'custHcl5Ver', 'CUST_HCL5_VER', 'NUMBER(20, 0)', 'N/A', 0, 'integer', '', '', '', '', '', '', '', 0, NULL, 18, NULL, NULL, '', '', 'system', systimestamp, '127', 0, 'entity.custHcl5Ver', '', '', '', '', '', '');
INSERT INTO CNT_FIELD_DEFINITION
 (ID, REVISION, PARENT_ID, FIELD_ID, COLUMN_NAME, COLUMN_TYPE, REPORT_COLUMN_NAME, PRODUCT_FIELD, FIELD_TYPE, ENTITY_LOOKUP, ENTITY_LOOKUP_KEY, ORDER_BY, GENERATOR, REFER_TABLE, KEY_COLUMN, LOOKUP_COLUMN, MANDATORY, MIN_LENGTH, MAX_LENGTH, MIN_VALUE, MAX_VALUE, CONSTANT_VALUE, UNIQUE_KEY, CREATE_USER, CREATED_ON, LINE_NO, MANAGED, FIELD_PATH, DATA_TYPE, DATA1, DATA2, TRANSITIVE_FIELDS, FORMULA, ENTITY_LOOKUP_TYPE)
VALUES ('1d56ddda948d4b0da4f6c7cd7849bf7e', 0, '7580745602934a4ba7c7118e9dff16e7', 'custHcl5Ref2', 'CUST_HCL5_REF2', 'NVARCHAR2(1000)', 'N/A', 0, 'string-l', '', '', '', '', '', '', '', 0, NULL, 1000, NULL, NULL, '', '', 'system', systimestamp, '128', 0, 'entity.custHcl5Ref2', '', '', '', '', '', '');
INSERT INTO CNT_FIELD_DEFINITION
 (ID, REVISION, PARENT_ID, FIELD_ID, COLUMN_NAME, COLUMN_TYPE, REPORT_COLUMN_NAME, PRODUCT_FIELD, FIELD_TYPE, ENTITY_LOOKUP, ENTITY_LOOKUP_KEY, ORDER_BY, GENERATOR, REFER_TABLE, KEY_COLUMN, LOOKUP_COLUMN, MANDATORY, MIN_LENGTH, MAX_LENGTH, MIN_VALUE, MAX_VALUE, CONSTANT_VALUE, UNIQUE_KEY, CREATE_USER, CREATED_ON, LINE_NO, MANAGED, FIELD_PATH, DATA_TYPE, DATA1, DATA2, TRANSITIVE_FIELDS, FORMULA, ENTITY_LOOKUP_TYPE)
VALUES ('5da8b1b5c5e04b828d3ec0e04462678f', 0, '7580745602934a4ba7c7118e9dff16e7', 'custHcl5FullLineage', 'CUST_HCL5_FULL_LINEAGE', 'NVARCHAR2(1000)', 'N/A', 0, 'string-l', '', '', '', '', '', '', '', 0, NULL, 1000, NULL, NULL, '', '', 'system', systimestamp, '129', 0, 'entity.custHcl5FullLineage', '', '', '', '', '', '');
INSERT INTO CNT_ENTITY_DEFINITION
 (ID, REVISION, ENTITY_NAME, ENTITY_VERSION, PRODUCT_TABLE_NAME, CUSTOM_TABLE_NAME, REPORT_TABLE_NAME, MODULE, TYPE, REVISION_TRACKING, VERSION_TRACKING, HISTORY_ENTITY_NAME, REF_PATTERN, SYSTEM_ENTITY, CREATE_USER, CREATED_ON, IS_FOR_EXTERNAL)
VALUES ('95a86b007e5d414ca5379460b73ae845', 0, 'VendorInvoiceHistory', 1, 'CNT_VENDOR_INVOICE_H', '', '', 'vendorInvoice', 'inner', '', '', '', '', 1, 'system', systimestamp, 0);
INSERT INTO CNT_FIELD_DEFINITION
 (ID, REVISION, PARENT_ID, FIELD_ID, COLUMN_NAME, COLUMN_TYPE, REPORT_COLUMN_NAME, PRODUCT_FIELD, FIELD_TYPE, ENTITY_LOOKUP, ENTITY_LOOKUP_KEY, ORDER_BY, GENERATOR, REFER_TABLE, KEY_COLUMN, LOOKUP_COLUMN, MANDATORY, MIN_LENGTH, MAX_LENGTH, MIN_VALUE, MAX_VALUE, CONSTANT_VALUE, UNIQUE_KEY, CREATE_USER, CREATED_ON, LINE_NO, MANAGED, FIELD_PATH, DATA_TYPE, DATA1, DATA2, TRANSITIVE_FIELDS, FORMULA, ENTITY_LOOKUP_TYPE)
VALUES ('25cb63d6c11e4d5e99bf46af44c0b306', 0, '95a86b007e5d414ca5379460b73ae845', 'id', 'ID', 'CHAR(32)', '', 1, 'id', '', '', '', 'com.core.cbx.data.generator.UUIDGenerator', '', '', '', 0, 32, 32, NULL, NULL, '', '', 'system', systimestamp, '0', 0, 'entity.id', '', '', '', '', '', '');
INSERT INTO CNT_FIELD_DEFINITION
 (ID, REVISION, PARENT_ID, FIELD_ID, COLUMN_NAME, COLUMN_TYPE, REPORT_COLUMN_NAME, PRODUCT_FIELD, FIELD_TYPE, ENTITY_LOOKUP, ENTITY_LOOKUP_KEY, ORDER_BY, GENERATOR, REFER_TABLE, KEY_COLUMN, LOOKUP_COLUMN, MANDATORY, MIN_LENGTH, MAX_LENGTH, MIN_VALUE, MAX_VALUE, CONSTANT_VALUE, UNIQUE_KEY, CREATE_USER, CREATED_ON, LINE_NO, MANAGED, FIELD_PATH, DATA_TYPE, DATA1, DATA2, TRANSITIVE_FIELDS, FORMULA, ENTITY_LOOKUP_TYPE)
VALUES ('8813b31d4a5b4620917adc5244f487e8', 0, '95a86b007e5d414ca5379460b73ae845', 'revision', 'REVISION', 'NUMBER(20, 0)', '', 1, 'integer', '', '', '', '', '', '', '', 0, NULL, 18, NULL, NULL, '', '', 'system', systimestamp, '1', 0, 'entity.revision', '', '', '', '', '', '');
INSERT INTO CNT_FIELD_DEFINITION
 (ID, REVISION, PARENT_ID, FIELD_ID, COLUMN_NAME, COLUMN_TYPE, REPORT_COLUMN_NAME, PRODUCT_FIELD, FIELD_TYPE, ENTITY_LOOKUP, ENTITY_LOOKUP_KEY, ORDER_BY, GENERATOR, REFER_TABLE, KEY_COLUMN, LOOKUP_COLUMN, MANDATORY, MIN_LENGTH, MAX_LENGTH, MIN_VALUE, MAX_VALUE, CONSTANT_VALUE, UNIQUE_KEY, CREATE_USER, CREATED_ON, LINE_NO, MANAGED, FIELD_PATH, DATA_TYPE, DATA1, DATA2, TRANSITIVE_FIELDS, FORMULA, ENTITY_LOOKUP_TYPE)
VALUES ('ee8845af41224c54bf72a746731c0580', 0, '95a86b007e5d414ca5379460b73ae845', 'entityVersion', 'ENTITY_VERSION', 'NUMBER(20, 0)', '', 1, 'integer', '', '', '', '', '', '', '', 0, NULL, 18, NULL, NULL, '', '', 'system', systimestamp, '2', 0, 'entity.entityVersion', '', '', '', '', '', '');
INSERT INTO CNT_FIELD_DEFINITION
 (ID, REVISION, PARENT_ID, FIELD_ID, COLUMN_NAME, COLUMN_TYPE, REPORT_COLUMN_NAME, PRODUCT_FIELD, FIELD_TYPE, ENTITY_LOOKUP, ENTITY_LOOKUP_KEY, ORDER_BY, GENERATOR, REFER_TABLE, KEY_COLUMN, LOOKUP_COLUMN, MANDATORY, MIN_LENGTH, MAX_LENGTH, MIN_VALUE, MAX_VALUE, CONSTANT_VALUE, UNIQUE_KEY, CREATE_USER, CREATED_ON, LINE_NO, MANAGED, FIELD_PATH, DATA_TYPE, DATA1, DATA2, TRANSITIVE_FIELDS, FORMULA, ENTITY_LOOKUP_TYPE)
VALUES ('c4028391e97741a29140f6b9a9d8ba84', 0, '95a86b007e5d414ca5379460b73ae845', 'domainId', 'DOMAIN_ID', 'NVARCHAR2(400)', '', 1, 'string-m', '', '', '', '', '', '', '', 0, NULL, 400, NULL, NULL, '', '', 'system', systimestamp, '3', 0, 'entity.domainId', '', '', '', '', '', '');
INSERT INTO CNT_FIELD_DEFINITION
 (ID, REVISION, PARENT_ID, FIELD_ID, COLUMN_NAME, COLUMN_TYPE, REPORT_COLUMN_NAME, PRODUCT_FIELD, FIELD_TYPE, ENTITY_LOOKUP, ENTITY_LOOKUP_KEY, ORDER_BY, GENERATOR, REFER_TABLE, KEY_COLUMN, LOOKUP_COLUMN, MANDATORY, MIN_LENGTH, MAX_LENGTH, MIN_VALUE, MAX_VALUE, CONSTANT_VALUE, UNIQUE_KEY, CREATE_USER, CREATED_ON, LINE_NO, MANAGED, FIELD_PATH, DATA_TYPE, DATA1, DATA2, TRANSITIVE_FIELDS, FORMULA, ENTITY_LOOKUP_TYPE)
VALUES ('d79f3b0565f245f7bdd095da2397dc30', 0, '95a86b007e5d414ca5379460b73ae845', 'hubDomainId', 'HUB_DOMAIN_ID', 'NVARCHAR2(400)', '', 1, 'string-m', '', '', '', '', '', '', '', 0, NULL, 400, NULL, NULL, '', '', 'system', systimestamp, '4', 0, 'entity.hubDomainId', '', '', '', '', '', '');
INSERT INTO CNT_FIELD_DEFINITION
 (ID, REVISION, PARENT_ID, FIELD_ID, COLUMN_NAME, COLUMN_TYPE, REPORT_COLUMN_NAME, PRODUCT_FIELD, FIELD_TYPE, ENTITY_LOOKUP, ENTITY_LOOKUP_KEY, ORDER_BY, GENERATOR, REFER_TABLE, KEY_COLUMN, LOOKUP_COLUMN, MANDATORY, MIN_LENGTH, MAX_LENGTH, MIN_VALUE, MAX_VALUE, CONSTANT_VALUE, UNIQUE_KEY, CREATE_USER, CREATED_ON, LINE_NO, MANAGED, FIELD_PATH, DATA_TYPE, DATA1, DATA2, TRANSITIVE_FIELDS, FORMULA, ENTITY_LOOKUP_TYPE)
VALUES ('3afd4fa895c04ba1861011442114fc56', 0, '95a86b007e5d414ca5379460b73ae845', 'isForReference', 'IS_FOR_REFERENCE', 'NUMBER(1,0)', '', 1, 'boolean', '', '', '', '', '', '', '', 0, NULL, NULL, NULL, NULL, '', '', 'system', systimestamp, '5', 0, 'entity.isForReference', '', '', '', '', '', '');
INSERT INTO CNT_FIELD_DEFINITION
 (ID, REVISION, PARENT_ID, FIELD_ID, COLUMN_NAME, COLUMN_TYPE, REPORT_COLUMN_NAME, PRODUCT_FIELD, FIELD_TYPE, ENTITY_LOOKUP, ENTITY_LOOKUP_KEY, ORDER_BY, GENERATOR, REFER_TABLE, KEY_COLUMN, LOOKUP_COLUMN, MANDATORY, MIN_LENGTH, MAX_LENGTH, MIN_VALUE, MAX_VALUE, CONSTANT_VALUE, UNIQUE_KEY, CREATE_USER, CREATED_ON, LINE_NO, MANAGED, FIELD_PATH, DATA_TYPE, DATA1, DATA2, TRANSITIVE_FIELDS, FORMULA, ENTITY_LOOKUP_TYPE)
VALUES ('5de8c1c96fec47bba22865923993f72c', 0, '95a86b007e5d414ca5379460b73ae845', 'internalSeqNo', 'INTERNAL_SEQ_NO', 'NUMBER(20, 0)', 'n/a', 1, 'integer', '', '', '', '', '', '', '', 0, NULL, 18, NULL, NULL, '', '', 'system', systimestamp, '6', 0, 'entity.internalSeqNo', '', '', '', '', '', '');
INSERT INTO CNT_FIELD_DEFINITION
 (ID, REVISION, PARENT_ID, FIELD_ID, COLUMN_NAME, COLUMN_TYPE, REPORT_COLUMN_NAME, PRODUCT_FIELD, FIELD_TYPE, ENTITY_LOOKUP, ENTITY_LOOKUP_KEY, ORDER_BY, GENERATOR, REFER_TABLE, KEY_COLUMN, LOOKUP_COLUMN, MANDATORY, MIN_LENGTH, MAX_LENGTH, MIN_VALUE, MAX_VALUE, CONSTANT_VALUE, UNIQUE_KEY, CREATE_USER, CREATED_ON, LINE_NO, MANAGED, FIELD_PATH, DATA_TYPE, DATA1, DATA2, TRANSITIVE_FIELDS, FORMULA, ENTITY_LOOKUP_TYPE)
VALUES ('592f238318894c4d8be04d87aa2bd7a1', 0, '95a86b007e5d414ca5379460b73ae845', 'parentId', 'PARENT_ID', 'NVARCHAR2(400)', '', 1, 'string-m', '', '', '', '', '', '', '', 0, NULL, 400, NULL, NULL, '', '', 'system', systimestamp, '7', 0, 'entity.parentId', '', '', '', '', '', '');
INSERT INTO CNT_FIELD_DEFINITION
 (ID, REVISION, PARENT_ID, FIELD_ID, COLUMN_NAME, COLUMN_TYPE, REPORT_COLUMN_NAME, PRODUCT_FIELD, FIELD_TYPE, ENTITY_LOOKUP, ENTITY_LOOKUP_KEY, ORDER_BY, GENERATOR, REFER_TABLE, KEY_COLUMN, LOOKUP_COLUMN, MANDATORY, MIN_LENGTH, MAX_LENGTH, MIN_VALUE, MAX_VALUE, CONSTANT_VALUE, UNIQUE_KEY, CREATE_USER, CREATED_ON, LINE_NO, MANAGED, FIELD_PATH, DATA_TYPE, DATA1, DATA2, TRANSITIVE_FIELDS, FORMULA, ENTITY_LOOKUP_TYPE)
VALUES ('28fa9594a8b64f128552a4cab4ac8d32', 0, '95a86b007e5d414ca5379460b73ae845', 'docVersion', 'DOC_VERSION', 'NUMBER(20, 0)', '', 1, 'integer', '', '', '', '', '', '', '', 0, NULL, 18, NULL, NULL, '', '', 'system', systimestamp, '8', 0, 'entity.docVersion', '', '', '', '', '', '');
INSERT INTO CNT_FIELD_DEFINITION
 (ID, REVISION, PARENT_ID, FIELD_ID, COLUMN_NAME, COLUMN_TYPE, REPORT_COLUMN_NAME, PRODUCT_FIELD, FIELD_TYPE, ENTITY_LOOKUP, ENTITY_LOOKUP_KEY, ORDER_BY, GENERATOR, REFER_TABLE, KEY_COLUMN, LOOKUP_COLUMN, MANDATORY, MIN_LENGTH, MAX_LENGTH, MIN_VALUE, MAX_VALUE, CONSTANT_VALUE, UNIQUE_KEY, CREATE_USER, CREATED_ON, LINE_NO, MANAGED, FIELD_PATH, DATA_TYPE, DATA1, DATA2, TRANSITIVE_FIELDS, FORMULA, ENTITY_LOOKUP_TYPE)
VALUES ('3d95740e7477476181a102778aec2e0f', 0, '95a86b007e5d414ca5379460b73ae845', 'docRevision', 'DOC_REVISION', 'NUMBER(20, 0)', '', 1, 'integer', '', '', '', '', '', '', '', 0, NULL, 18, NULL, NULL, '', '', 'system', systimestamp, '9', 0, 'entity.docRevision', '', '', '', '', '', '');
INSERT INTO CNT_FIELD_DEFINITION
 (ID, REVISION, PARENT_ID, FIELD_ID, COLUMN_NAME, COLUMN_TYPE, REPORT_COLUMN_NAME, PRODUCT_FIELD, FIELD_TYPE, ENTITY_LOOKUP, ENTITY_LOOKUP_KEY, ORDER_BY, GENERATOR, REFER_TABLE, KEY_COLUMN, LOOKUP_COLUMN, MANDATORY, MIN_LENGTH, MAX_LENGTH, MIN_VALUE, MAX_VALUE, CONSTANT_VALUE, UNIQUE_KEY, CREATE_USER, CREATED_ON, LINE_NO, MANAGED, FIELD_PATH, DATA_TYPE, DATA1, DATA2, TRANSITIVE_FIELDS, FORMULA, ENTITY_LOOKUP_TYPE)
VALUES ('123e0c390f73400a9cc2ec1eca40a476', 0, '95a86b007e5d414ca5379460b73ae845', 'itemId', 'ITEM_ID', 'NVARCHAR2(400)', '', 1, 'string-m', '', '', '', '', '', '', '', 0, NULL, 400, NULL, NULL, '', '', 'system', systimestamp, '10', 0, 'entity.itemId', '', '', '', '', '', '');
INSERT INTO CNT_FIELD_DEFINITION
 (ID, REVISION, PARENT_ID, FIELD_ID, COLUMN_NAME, COLUMN_TYPE, REPORT_COLUMN_NAME, PRODUCT_FIELD, FIELD_TYPE, ENTITY_LOOKUP, ENTITY_LOOKUP_KEY, ORDER_BY, GENERATOR, REFER_TABLE, KEY_COLUMN, LOOKUP_COLUMN, MANDATORY, MIN_LENGTH, MAX_LENGTH, MIN_VALUE, MAX_VALUE, CONSTANT_VALUE, UNIQUE_KEY, CREATE_USER, CREATED_ON, LINE_NO, MANAGED, FIELD_PATH, DATA_TYPE, DATA1, DATA2, TRANSITIVE_FIELDS, FORMULA, ENTITY_LOOKUP_TYPE)
VALUES ('a24324bb9a4e4a9d8cfd89471cfd67cd', 0, '95a86b007e5d414ca5379460b73ae845', 'itemRevision', 'ITEM_REVISION', 'NUMBER(20, 0)', '', 1, 'integer', '', '', '', '', '', '', '', 0, NULL, 18, NULL, NULL, '', '', 'system', systimestamp, '11', 0, 'entity.itemRevision', '', '', '', '', '', '');
INSERT INTO CNT_FIELD_DEFINITION
 (ID, REVISION, PARENT_ID, FIELD_ID, COLUMN_NAME, COLUMN_TYPE, REPORT_COLUMN_NAME, PRODUCT_FIELD, FIELD_TYPE, ENTITY_LOOKUP, ENTITY_LOOKUP_KEY, ORDER_BY, GENERATOR, REFER_TABLE, KEY_COLUMN, LOOKUP_COLUMN, MANDATORY, MIN_LENGTH, MAX_LENGTH, MIN_VALUE, MAX_VALUE, CONSTANT_VALUE, UNIQUE_KEY, CREATE_USER, CREATED_ON, LINE_NO, MANAGED, FIELD_PATH, DATA_TYPE, DATA1, DATA2, TRANSITIVE_FIELDS, FORMULA, ENTITY_LOOKUP_TYPE)
VALUES ('32351fe044e544089c1796f3712e0a5c', 0, '95a86b007e5d414ca5379460b73ae845', 'itemEntityName', 'ITEM_ENTITY_NAME', 'NVARCHAR2(400)', '', 1, 'string-m', '', '', '', '', '', '', '', 0, NULL, 400, NULL, NULL, '', '', 'system', systimestamp, '12', 0, 'entity.itemEntityName', '', '', '', '', '', '');
INSERT INTO CNT_FIELD_DEFINITION
 (ID, REVISION, PARENT_ID, FIELD_ID, COLUMN_NAME, COLUMN_TYPE, REPORT_COLUMN_NAME, PRODUCT_FIELD, FIELD_TYPE, ENTITY_LOOKUP, ENTITY_LOOKUP_KEY, ORDER_BY, GENERATOR, REFER_TABLE, KEY_COLUMN, LOOKUP_COLUMN, MANDATORY, MIN_LENGTH, MAX_LENGTH, MIN_VALUE, MAX_VALUE, CONSTANT_VALUE, UNIQUE_KEY, CREATE_USER, CREATED_ON, LINE_NO, MANAGED, FIELD_PATH, DATA_TYPE, DATA1, DATA2, TRANSITIVE_FIELDS, FORMULA, ENTITY_LOOKUP_TYPE)
VALUES ('58e10d92ded7419baeb6eb9b510ac249', 0, '95a86b007e5d414ca5379460b73ae845', 'type', 'TYPE', 'NUMBER(20, 0)', '', 1, 'integer', '', '', '', '', '', '', '', 0, NULL, 18, NULL, NULL, '', '', 'system', systimestamp, '13', 0, 'entity.type', '', '', '', '', '', '');
INSERT INTO CNT_FIELD_DEFINITION
 (ID, REVISION, PARENT_ID, FIELD_ID, COLUMN_NAME, COLUMN_TYPE, REPORT_COLUMN_NAME, PRODUCT_FIELD, FIELD_TYPE, ENTITY_LOOKUP, ENTITY_LOOKUP_KEY, ORDER_BY, GENERATOR, REFER_TABLE, KEY_COLUMN, LOOKUP_COLUMN, MANDATORY, MIN_LENGTH, MAX_LENGTH, MIN_VALUE, MAX_VALUE, CONSTANT_VALUE, UNIQUE_KEY, CREATE_USER, CREATED_ON, LINE_NO, MANAGED, FIELD_PATH, DATA_TYPE, DATA1, DATA2, TRANSITIVE_FIELDS, FORMULA, ENTITY_LOOKUP_TYPE)
VALUES ('7257d9b833e0402dbf5965628e1271b8', 0, '95a86b007e5d414ca5379460b73ae845', 'fieldId', 'FIELD_ID', 'NVARCHAR2(400)', '', 1, 'string-m', '', '', '', '', '', '', '', 0, NULL, 400, NULL, NULL, '', '', 'system', systimestamp, '14', 0, 'entity.fieldId', '', '', '', '', '', '');
INSERT INTO CNT_FIELD_DEFINITION
 (ID, REVISION, PARENT_ID, FIELD_ID, COLUMN_NAME, COLUMN_TYPE, REPORT_COLUMN_NAME, PRODUCT_FIELD, FIELD_TYPE, ENTITY_LOOKUP, ENTITY_LOOKUP_KEY, ORDER_BY, GENERATOR, REFER_TABLE, KEY_COLUMN, LOOKUP_COLUMN, MANDATORY, MIN_LENGTH, MAX_LENGTH, MIN_VALUE, MAX_VALUE, CONSTANT_VALUE, UNIQUE_KEY, CREATE_USER, CREATED_ON, LINE_NO, MANAGED, FIELD_PATH, DATA_TYPE, DATA1, DATA2, TRANSITIVE_FIELDS, FORMULA, ENTITY_LOOKUP_TYPE)
VALUES ('88e6c41d73934c3187ee1ad623bbcf2f', 0, '95a86b007e5d414ca5379460b73ae845', 'path', 'PATH', 'NVARCHAR2(1000)', '', 1, 'string-l', '', '', '', '', '', '', '', 0, NULL, 1000, NULL, NULL, '', '', 'system', systimestamp, '15', 0, 'entity.path', '', '', '', '', '', '');
INSERT INTO CNT_FIELD_DEFINITION
 (ID, REVISION, PARENT_ID, FIELD_ID, COLUMN_NAME, COLUMN_TYPE, REPORT_COLUMN_NAME, PRODUCT_FIELD, FIELD_TYPE, ENTITY_LOOKUP, ENTITY_LOOKUP_KEY, ORDER_BY, GENERATOR, REFER_TABLE, KEY_COLUMN, LOOKUP_COLUMN, MANDATORY, MIN_LENGTH, MAX_LENGTH, MIN_VALUE, MAX_VALUE, CONSTANT_VALUE, UNIQUE_KEY, CREATE_USER, CREATED_ON, LINE_NO, MANAGED, FIELD_PATH, DATA_TYPE, DATA1, DATA2, TRANSITIVE_FIELDS, FORMULA, ENTITY_LOOKUP_TYPE)
VALUES ('a8f8b277edf742caa38a13b9591882b0', 0, '95a86b007e5d414ca5379460b73ae845', 'refValue', 'REF_VALUE', 'NVARCHAR2(400)', '', 1, 'string-m', '', '', '', '', '', '', '', 0, NULL, 400, NULL, NULL, '', '', 'system', systimestamp, '16', 0, 'entity.refValue', '', '', '', '', '', '');
INSERT INTO CNT_FIELD_DEFINITION
 (ID, REVISION, PARENT_ID, FIELD_ID, COLUMN_NAME, COLUMN_TYPE, REPORT_COLUMN_NAME, PRODUCT_FIELD, FIELD_TYPE, ENTITY_LOOKUP, ENTITY_LOOKUP_KEY, ORDER_BY, GENERATOR, REFER_TABLE, KEY_COLUMN, LOOKUP_COLUMN, MANDATORY, MIN_LENGTH, MAX_LENGTH, MIN_VALUE, MAX_VALUE, CONSTANT_VALUE, UNIQUE_KEY, CREATE_USER, CREATED_ON, LINE_NO, MANAGED, FIELD_PATH, DATA_TYPE, DATA1, DATA2, TRANSITIVE_FIELDS, FORMULA, ENTITY_LOOKUP_TYPE)
VALUES ('95f4f7e631a54ee78b84d31d74ab9c85', 0, '95a86b007e5d414ca5379460b73ae845', 'operation', 'OPERATION', 'NVARCHAR2(400)', '', 1, 'string-m', '', '', '', '', '', '', '', 0, NULL, 400, NULL, NULL, '', '', 'system', systimestamp, '17', 0, 'entity.operation', '', '', '', '', '', '');
INSERT INTO CNT_FIELD_DEFINITION
 (ID, REVISION, PARENT_ID, FIELD_ID, COLUMN_NAME, COLUMN_TYPE, REPORT_COLUMN_NAME, PRODUCT_FIELD, FIELD_TYPE, ENTITY_LOOKUP, ENTITY_LOOKUP_KEY, ORDER_BY, GENERATOR, REFER_TABLE, KEY_COLUMN, LOOKUP_COLUMN, MANDATORY, MIN_LENGTH, MAX_LENGTH, MIN_VALUE, MAX_VALUE, CONSTANT_VALUE, UNIQUE_KEY, CREATE_USER, CREATED_ON, LINE_NO, MANAGED, FIELD_PATH, DATA_TYPE, DATA1, DATA2, TRANSITIVE_FIELDS, FORMULA, ENTITY_LOOKUP_TYPE)
VALUES ('574b4715335d4418be3cd8592db5a665', 0, '95a86b007e5d414ca5379460b73ae845', 'valueBefore', 'VALUE_BEFORE', 'CLOB', '', 1, 'clob', '', '', '', '', '', '', '', 0, NULL, NULL, NULL, NULL, '', '', 'system', systimestamp, '18', 0, 'entity.valueBefore', '', '', '', '', '', '');
INSERT INTO CNT_FIELD_DEFINITION
 (ID, REVISION, PARENT_ID, FIELD_ID, COLUMN_NAME, COLUMN_TYPE, REPORT_COLUMN_NAME, PRODUCT_FIELD, FIELD_TYPE, ENTITY_LOOKUP, ENTITY_LOOKUP_KEY, ORDER_BY, GENERATOR, REFER_TABLE, KEY_COLUMN, LOOKUP_COLUMN, MANDATORY, MIN_LENGTH, MAX_LENGTH, MIN_VALUE, MAX_VALUE, CONSTANT_VALUE, UNIQUE_KEY, CREATE_USER, CREATED_ON, LINE_NO, MANAGED, FIELD_PATH, DATA_TYPE, DATA1, DATA2, TRANSITIVE_FIELDS, FORMULA, ENTITY_LOOKUP_TYPE)
VALUES ('55236f202d704490ba278dc99f558a32', 0, '95a86b007e5d414ca5379460b73ae845', 'valueAfter', 'VALUE_AFTER', 'CLOB', '', 1, 'clob', '', '', '', '', '', '', '', 0, NULL, NULL, NULL, NULL, '', '', 'system', systimestamp, '19', 0, 'entity.valueAfter', '', '', '', '', '', '');
INSERT INTO CNT_FIELD_DEFINITION
 (ID, REVISION, PARENT_ID, FIELD_ID, COLUMN_NAME, COLUMN_TYPE, REPORT_COLUMN_NAME, PRODUCT_FIELD, FIELD_TYPE, ENTITY_LOOKUP, ENTITY_LOOKUP_KEY, ORDER_BY, GENERATOR, REFER_TABLE, KEY_COLUMN, LOOKUP_COLUMN, MANDATORY, MIN_LENGTH, MAX_LENGTH, MIN_VALUE, MAX_VALUE, CONSTANT_VALUE, UNIQUE_KEY, CREATE_USER, CREATED_ON, LINE_NO, MANAGED, FIELD_PATH, DATA_TYPE, DATA1, DATA2, TRANSITIVE_FIELDS, FORMULA, ENTITY_LOOKUP_TYPE)
VALUES ('45e4764f850e4ee3a7bc518366c8c27c', 0, '95a86b007e5d414ca5379460b73ae845', 'createUser', 'CREATE_USER', 'NVARCHAR2(100)', '', 1, 'string-s', '', '', '', '', '', '', '', 0, NULL, 100, NULL, NULL, '', '', 'system', systimestamp, '20', 0, 'entity.createUser', '', '', '', '', '', '');
INSERT INTO CNT_FIELD_DEFINITION
 (ID, REVISION, PARENT_ID, FIELD_ID, COLUMN_NAME, COLUMN_TYPE, REPORT_COLUMN_NAME, PRODUCT_FIELD, FIELD_TYPE, ENTITY_LOOKUP, ENTITY_LOOKUP_KEY, ORDER_BY, GENERATOR, REFER_TABLE, KEY_COLUMN, LOOKUP_COLUMN, MANDATORY, MIN_LENGTH, MAX_LENGTH, MIN_VALUE, MAX_VALUE, CONSTANT_VALUE, UNIQUE_KEY, CREATE_USER, CREATED_ON, LINE_NO, MANAGED, FIELD_PATH, DATA_TYPE, DATA1, DATA2, TRANSITIVE_FIELDS, FORMULA, ENTITY_LOOKUP_TYPE)
VALUES ('c7519167492946dab23d3f0b35ff9222', 0, '95a86b007e5d414ca5379460b73ae845', 'createUserName', 'CREATE_USER_NAME', 'NVARCHAR2(100)', '', 1, 'string-s', '', '', '', '', '', '', '', 0, NULL, 100, NULL, NULL, '', '', 'system', systimestamp, '21', 0, 'entity.createUserName', '', '', '', '', '', '');
INSERT INTO CNT_FIELD_DEFINITION
 (ID, REVISION, PARENT_ID, FIELD_ID, COLUMN_NAME, COLUMN_TYPE, REPORT_COLUMN_NAME, PRODUCT_FIELD, FIELD_TYPE, ENTITY_LOOKUP, ENTITY_LOOKUP_KEY, ORDER_BY, GENERATOR, REFER_TABLE, KEY_COLUMN, LOOKUP_COLUMN, MANDATORY, MIN_LENGTH, MAX_LENGTH, MIN_VALUE, MAX_VALUE, CONSTANT_VALUE, UNIQUE_KEY, CREATE_USER, CREATED_ON, LINE_NO, MANAGED, FIELD_PATH, DATA_TYPE, DATA1, DATA2, TRANSITIVE_FIELDS, FORMULA, ENTITY_LOOKUP_TYPE)
VALUES ('ee26dbfe606b40c58ebd62f2a6aeaa8f', 0, '95a86b007e5d414ca5379460b73ae845', 'createdOn', 'CREATED_ON', 'TIMESTAMP', '', 1, 'timestamp', '', '', '', '', '', '', '', 0, NULL, NULL, NULL, NULL, '', '', 'system', systimestamp, '22', 0, 'entity.createdOn', '', '', '', '', '', '');
INSERT INTO CNT_FIELD_DEFINITION
 (ID, REVISION, PARENT_ID, FIELD_ID, COLUMN_NAME, COLUMN_TYPE, REPORT_COLUMN_NAME, PRODUCT_FIELD, FIELD_TYPE, ENTITY_LOOKUP, ENTITY_LOOKUP_KEY, ORDER_BY, GENERATOR, REFER_TABLE, KEY_COLUMN, LOOKUP_COLUMN, MANDATORY, MIN_LENGTH, MAX_LENGTH, MIN_VALUE, MAX_VALUE, CONSTANT_VALUE, UNIQUE_KEY, CREATE_USER, CREATED_ON, LINE_NO, MANAGED, FIELD_PATH, DATA_TYPE, DATA1, DATA2, TRANSITIVE_FIELDS, FORMULA, ENTITY_LOOKUP_TYPE)
VALUES ('fcf3fc89c6124635a9989ee59224a52f', 0, '95a86b007e5d414ca5379460b73ae845', 'trackingLevel', 'TRACKING_LEVEL', 'NUMBER(20, 0)', '', 1, 'integer', '', '', '', '', '', '', '', 0, NULL, 18, NULL, NULL, '', '', 'system', systimestamp, '23', 0, 'entity.trackingLevel', '', '', '', '', '', '');
INSERT INTO CNT_ENTITY_DEFINITION
 (ID, REVISION, ENTITY_NAME, ENTITY_VERSION, PRODUCT_TABLE_NAME, CUSTOM_TABLE_NAME, REPORT_TABLE_NAME, MODULE, TYPE, REVISION_TRACKING, VERSION_TRACKING, HISTORY_ENTITY_NAME, REF_PATTERN, SYSTEM_ENTITY, CREATE_USER, CREATED_ON, IS_FOR_EXTERNAL)
VALUES ('2860ed0ed88742d6a85732b10060881c', 0, 'VendorInvoiceChargeOnDoc', 1, 'CNT_VI_CHARGE_ON_DOC', 'CTM_VENDOR_INVOICE', 'VENDOR_INVOICE_CHARGE_ON_DOC', 'vendorInvoice', 'inner', '', 'ALL', '', '${chargeType.name} / ${chargeDesc}', 0, 'system', systimestamp, 0);
INSERT INTO CNT_FIELD_DEFINITION
 (ID, REVISION, PARENT_ID, FIELD_ID, COLUMN_NAME, COLUMN_TYPE, REPORT_COLUMN_NAME, PRODUCT_FIELD, FIELD_TYPE, ENTITY_LOOKUP, ENTITY_LOOKUP_KEY, ORDER_BY, GENERATOR, REFER_TABLE, KEY_COLUMN, LOOKUP_COLUMN, MANDATORY, MIN_LENGTH, MAX_LENGTH, MIN_VALUE, MAX_VALUE, CONSTANT_VALUE, UNIQUE_KEY, CREATE_USER, CREATED_ON, LINE_NO, MANAGED, FIELD_PATH, DATA_TYPE, DATA1, DATA2, TRANSITIVE_FIELDS, FORMULA, ENTITY_LOOKUP_TYPE)
VALUES ('572d0f52467f4742b6f32c7d46501788', 0, '2860ed0ed88742d6a85732b10060881c', 'id', 'ID', 'CHAR(32)', '', 1, 'id', '', '', '', 'com.core.cbx.data.generator.UUIDGenerator', '', '', '', 0, 32, 32, NULL, NULL, '', '', 'system', systimestamp, '0', 0, 'entity.vendorInvoiceChargeOnDocs.id', '', '', '', '', '', '');
INSERT INTO CNT_FIELD_DEFINITION
 (ID, REVISION, PARENT_ID, FIELD_ID, COLUMN_NAME, COLUMN_TYPE, REPORT_COLUMN_NAME, PRODUCT_FIELD, FIELD_TYPE, ENTITY_LOOKUP, ENTITY_LOOKUP_KEY, ORDER_BY, GENERATOR, REFER_TABLE, KEY_COLUMN, LOOKUP_COLUMN, MANDATORY, MIN_LENGTH, MAX_LENGTH, MIN_VALUE, MAX_VALUE, CONSTANT_VALUE, UNIQUE_KEY, CREATE_USER, CREATED_ON, LINE_NO, MANAGED, FIELD_PATH, DATA_TYPE, DATA1, DATA2, TRANSITIVE_FIELDS, FORMULA, ENTITY_LOOKUP_TYPE)
VALUES ('c79b2cd9f00948dbbf91cdcbed4a1af0', 0, '2860ed0ed88742d6a85732b10060881c', 'revision', 'REVISION', 'NUMBER(20, 0)', '', 1, 'integer', '', '', '', '', '', '', '', 0, NULL, 18, NULL, NULL, '', '', 'system', systimestamp, '1', 0, 'entity.vendorInvoiceChargeOnDocs.revision', '', '', '', '', '', '');
INSERT INTO CNT_FIELD_DEFINITION
 (ID, REVISION, PARENT_ID, FIELD_ID, COLUMN_NAME, COLUMN_TYPE, REPORT_COLUMN_NAME, PRODUCT_FIELD, FIELD_TYPE, ENTITY_LOOKUP, ENTITY_LOOKUP_KEY, ORDER_BY, GENERATOR, REFER_TABLE, KEY_COLUMN, LOOKUP_COLUMN, MANDATORY, MIN_LENGTH, MAX_LENGTH, MIN_VALUE, MAX_VALUE, CONSTANT_VALUE, UNIQUE_KEY, CREATE_USER, CREATED_ON, LINE_NO, MANAGED, FIELD_PATH, DATA_TYPE, DATA1, DATA2, TRANSITIVE_FIELDS, FORMULA, ENTITY_LOOKUP_TYPE)
VALUES ('80a9595284ca4fe6832f1de308978d38', 0, '2860ed0ed88742d6a85732b10060881c', 'entityVersion', 'ENTITY_VERSION', 'NUMBER(20, 0)', '', 1, 'integer', '', '', '', '', '', '', '', 0, NULL, 18, NULL, NULL, '', '', 'system', systimestamp, '2', 0, 'entity.vendorInvoiceChargeOnDocs.entityVersion', '', '', '', '', '', '');
INSERT INTO CNT_FIELD_DEFINITION
 (ID, REVISION, PARENT_ID, FIELD_ID, COLUMN_NAME, COLUMN_TYPE, REPORT_COLUMN_NAME, PRODUCT_FIELD, FIELD_TYPE, ENTITY_LOOKUP, ENTITY_LOOKUP_KEY, ORDER_BY, GENERATOR, REFER_TABLE, KEY_COLUMN, LOOKUP_COLUMN, MANDATORY, MIN_LENGTH, MAX_LENGTH, MIN_VALUE, MAX_VALUE, CONSTANT_VALUE, UNIQUE_KEY, CREATE_USER, CREATED_ON, LINE_NO, MANAGED, FIELD_PATH, DATA_TYPE, DATA1, DATA2, TRANSITIVE_FIELDS, FORMULA, ENTITY_LOOKUP_TYPE)
VALUES ('47ece0a149d448c4b54d318c968cf80a', 0, '2860ed0ed88742d6a85732b10060881c', 'domainId', 'DOMAIN_ID', 'NVARCHAR2(400)', '', 1, 'string-m', '', '', '', '', '', '', '', 0, NULL, 400, NULL, NULL, '', '', 'system', systimestamp, '3', 0, 'entity.vendorInvoiceChargeOnDocs.domainId', '', '', '', '', '', '');
INSERT INTO CNT_FIELD_DEFINITION
 (ID, REVISION, PARENT_ID, FIELD_ID, COLUMN_NAME, COLUMN_TYPE, REPORT_COLUMN_NAME, PRODUCT_FIELD, FIELD_TYPE, ENTITY_LOOKUP, ENTITY_LOOKUP_KEY, ORDER_BY, GENERATOR, REFER_TABLE, KEY_COLUMN, LOOKUP_COLUMN, MANDATORY, MIN_LENGTH, MAX_LENGTH, MIN_VALUE, MAX_VALUE, CONSTANT_VALUE, UNIQUE_KEY, CREATE_USER, CREATED_ON, LINE_NO, MANAGED, FIELD_PATH, DATA_TYPE, DATA1, DATA2, TRANSITIVE_FIELDS, FORMULA, ENTITY_LOOKUP_TYPE)
VALUES ('89b995cc0287419186d6a3245dfe20b3', 0, '2860ed0ed88742d6a85732b10060881c', 'hubDomainId', 'HUB_DOMAIN_ID', 'NVARCHAR2(400)', '', 1, 'string-m', '', '', '', '', '', '', '', 0, NULL, 400, NULL, NULL, '', '', 'system', systimestamp, '4', 0, 'entity.vendorInvoiceChargeOnDocs.hubDomainId', '', '', '', '', '', '');
INSERT INTO CNT_FIELD_DEFINITION
 (ID, REVISION, PARENT_ID, FIELD_ID, COLUMN_NAME, COLUMN_TYPE, REPORT_COLUMN_NAME, PRODUCT_FIELD, FIELD_TYPE, ENTITY_LOOKUP, ENTITY_LOOKUP_KEY, ORDER_BY, GENERATOR, REFER_TABLE, KEY_COLUMN, LOOKUP_COLUMN, MANDATORY, MIN_LENGTH, MAX_LENGTH, MIN_VALUE, MAX_VALUE, CONSTANT_VALUE, UNIQUE_KEY, CREATE_USER, CREATED_ON, LINE_NO, MANAGED, FIELD_PATH, DATA_TYPE, DATA1, DATA2, TRANSITIVE_FIELDS, FORMULA, ENTITY_LOOKUP_TYPE)
VALUES ('34e5d693397b450384c76f9194880310', 0, '2860ed0ed88742d6a85732b10060881c', 'isForReference', 'IS_FOR_REFERENCE', 'NUMBER(1,0)', '', 1, 'boolean', '', '', '', '', '', '', '', 0, NULL, NULL, NULL, NULL, '', '', 'system', systimestamp, '5', 0, 'entity.vendorInvoiceChargeOnDocs.isForReference', '', '', '', '', '', '');
INSERT INTO CNT_FIELD_DEFINITION
 (ID, REVISION, PARENT_ID, FIELD_ID, COLUMN_NAME, COLUMN_TYPE, REPORT_COLUMN_NAME, PRODUCT_FIELD, FIELD_TYPE, ENTITY_LOOKUP, ENTITY_LOOKUP_KEY, ORDER_BY, GENERATOR, REFER_TABLE, KEY_COLUMN, LOOKUP_COLUMN, MANDATORY, MIN_LENGTH, MAX_LENGTH, MIN_VALUE, MAX_VALUE, CONSTANT_VALUE, UNIQUE_KEY, CREATE_USER, CREATED_ON, LINE_NO, MANAGED, FIELD_PATH, DATA_TYPE, DATA1, DATA2, TRANSITIVE_FIELDS, FORMULA, ENTITY_LOOKUP_TYPE)
VALUES ('4a9289c120e744c59d6aabb377dea055', 0, '2860ed0ed88742d6a85732b10060881c', 'internalSeqNo', 'INTERNAL_SEQ_NO', 'NUMBER(20, 0)', 'n/a', 1, 'integer', '', '', '', '', '', '', '', 0, NULL, 18, NULL, NULL, '', '', 'system', systimestamp, '6', 0, 'entity.vendorInvoiceChargeOnDocs.internalSeqNo', '', '', '', '', '', '');
INSERT INTO CNT_FIELD_DEFINITION
 (ID, REVISION, PARENT_ID, FIELD_ID, COLUMN_NAME, COLUMN_TYPE, REPORT_COLUMN_NAME, PRODUCT_FIELD, FIELD_TYPE, ENTITY_LOOKUP, ENTITY_LOOKUP_KEY, ORDER_BY, GENERATOR, REFER_TABLE, KEY_COLUMN, LOOKUP_COLUMN, MANDATORY, MIN_LENGTH, MAX_LENGTH, MIN_VALUE, MAX_VALUE, CONSTANT_VALUE, UNIQUE_KEY, CREATE_USER, CREATED_ON, LINE_NO, MANAGED, FIELD_PATH, DATA_TYPE, DATA1, DATA2, TRANSITIVE_FIELDS, FORMULA, ENTITY_LOOKUP_TYPE)
VALUES ('e27fd0d92db64ed5a03847090edf31f3', 0, '2860ed0ed88742d6a85732b10060881c', 'vendorInvoiceId', 'VENDOR_INVOICE_ID', 'CHAR(32)', 'VENDOR_INVOICE_SYS_ID', 1, 'id', '', '', '', '', '', '', '', 1, 32, 32, NULL, NULL, '', '', 'system', systimestamp, '7', 0, 'entity.vendorInvoiceChargeOnDocs.vendorInvoiceId', '', '', '', '', '', '');
INSERT INTO CNT_FIELD_DEFINITION
 (ID, REVISION, PARENT_ID, FIELD_ID, COLUMN_NAME, COLUMN_TYPE, REPORT_COLUMN_NAME, PRODUCT_FIELD, FIELD_TYPE, ENTITY_LOOKUP, ENTITY_LOOKUP_KEY, ORDER_BY, GENERATOR, REFER_TABLE, KEY_COLUMN, LOOKUP_COLUMN, MANDATORY, MIN_LENGTH, MAX_LENGTH, MIN_VALUE, MAX_VALUE, CONSTANT_VALUE, UNIQUE_KEY, CREATE_USER, CREATED_ON, LINE_NO, MANAGED, FIELD_PATH, DATA_TYPE, DATA1, DATA2, TRANSITIVE_FIELDS, FORMULA, ENTITY_LOOKUP_TYPE)
VALUES ('8da30353144b44d69e188bacef0e457f', 0, '2860ed0ed88742d6a85732b10060881c', 'referencedDoc', 'REFERENCED_DOC', 'NVARCHAR2(400)', 'REFERENCED_DOC', 1, 'string-m', '', '', '', '', '', '', '', 0, NULL, 400, NULL, NULL, '', '', 'system', systimestamp, '8', 0, 'entity.vendorInvoiceChargeOnDocs.referencedDoc', '', '', '', '', '', '');
INSERT INTO CNT_FIELD_DEFINITION
 (ID, REVISION, PARENT_ID, FIELD_ID, COLUMN_NAME, COLUMN_TYPE, REPORT_COLUMN_NAME, PRODUCT_FIELD, FIELD_TYPE, ENTITY_LOOKUP, ENTITY_LOOKUP_KEY, ORDER_BY, GENERATOR, REFER_TABLE, KEY_COLUMN, LOOKUP_COLUMN, MANDATORY, MIN_LENGTH, MAX_LENGTH, MIN_VALUE, MAX_VALUE, CONSTANT_VALUE, UNIQUE_KEY, CREATE_USER, CREATED_ON, LINE_NO, MANAGED, FIELD_PATH, DATA_TYPE, DATA1, DATA2, TRANSITIVE_FIELDS, FORMULA, ENTITY_LOOKUP_TYPE)
VALUES ('a12eb6972d60482b89d150f2aaf2a27b', 0, '2860ed0ed88742d6a85732b10060881c', 'notes', 'NOTES', 'NVARCHAR2(1000)', 'NOTES', 1, 'string-l', '', '', '', '', '', '', '', 0, NULL, 1000, NULL, NULL, '', '', 'system', systimestamp, '9', 0, 'entity.vendorInvoiceChargeOnDocs.notes', '', '', '', '', '', '');
INSERT INTO CNT_FIELD_DEFINITION
 (ID, REVISION, PARENT_ID, FIELD_ID, COLUMN_NAME, COLUMN_TYPE, REPORT_COLUMN_NAME, PRODUCT_FIELD, FIELD_TYPE, ENTITY_LOOKUP, ENTITY_LOOKUP_KEY, ORDER_BY, GENERATOR, REFER_TABLE, KEY_COLUMN, LOOKUP_COLUMN, MANDATORY, MIN_LENGTH, MAX_LENGTH, MIN_VALUE, MAX_VALUE, CONSTANT_VALUE, UNIQUE_KEY, CREATE_USER, CREATED_ON, LINE_NO, MANAGED, FIELD_PATH, DATA_TYPE, DATA1, DATA2, TRANSITIVE_FIELDS, FORMULA, ENTITY_LOOKUP_TYPE)
VALUES ('ec345d39e10a40d7bff44425faa0d5e2', 0, '2860ed0ed88742d6a85732b10060881c', 'reasonCode', 'REASON_CODE', 'NVARCHAR2(400)', 'REASON_CODE', 1, 'string-m', '', '', '', '', '', '', '', 0, NULL, 400, NULL, NULL, '', '', 'system', systimestamp, '10', 0, 'entity.vendorInvoiceChargeOnDocs.reasonCode', 'codelist', 'CHARGE_DISCOUNT_REASON_CODE', '', '', '', '');
INSERT INTO CNT_FIELD_DEFINITION
 (ID, REVISION, PARENT_ID, FIELD_ID, COLUMN_NAME, COLUMN_TYPE, REPORT_COLUMN_NAME, PRODUCT_FIELD, FIELD_TYPE, ENTITY_LOOKUP, ENTITY_LOOKUP_KEY, ORDER_BY, GENERATOR, REFER_TABLE, KEY_COLUMN, LOOKUP_COLUMN, MANDATORY, MIN_LENGTH, MAX_LENGTH, MIN_VALUE, MAX_VALUE, CONSTANT_VALUE, UNIQUE_KEY, CREATE_USER, CREATED_ON, LINE_NO, MANAGED, FIELD_PATH, DATA_TYPE, DATA1, DATA2, TRANSITIVE_FIELDS, FORMULA, ENTITY_LOOKUP_TYPE)
VALUES ('155549901259400fb07525197e1e74dd', 0, '2860ed0ed88742d6a85732b10060881c', 'chargeType', 'CHARGE_TYPE', 'NVARCHAR2(400)', 'CHARGE_TYPE', 1, 'string-m', '', '', '', '', '', '', '', 0, NULL, 400, NULL, NULL, '', '', 'system', systimestamp, '11', 0, 'entity.vendorInvoiceChargeOnDocs.chargeType', 'codelist', 'CHARGE_DISCOUNT_TYPE', '', '', '', '');
INSERT INTO CNT_FIELD_DEFINITION
 (ID, REVISION, PARENT_ID, FIELD_ID, COLUMN_NAME, COLUMN_TYPE, REPORT_COLUMN_NAME, PRODUCT_FIELD, FIELD_TYPE, ENTITY_LOOKUP, ENTITY_LOOKUP_KEY, ORDER_BY, GENERATOR, REFER_TABLE, KEY_COLUMN, LOOKUP_COLUMN, MANDATORY, MIN_LENGTH, MAX_LENGTH, MIN_VALUE, MAX_VALUE, CONSTANT_VALUE, UNIQUE_KEY, CREATE_USER, CREATED_ON, LINE_NO, MANAGED, FIELD_PATH, DATA_TYPE, DATA1, DATA2, TRANSITIVE_FIELDS, FORMULA, ENTITY_LOOKUP_TYPE)
VALUES ('db8e1aa8e1824021961e356b0f294269', 0, '2860ed0ed88742d6a85732b10060881c', 'chargeDesc', 'CHARGE_DESC', 'NVARCHAR2(1000)', 'CHARGE_DESC', 1, 'string-l', '', '', '', '', '', '', '', 0, NULL, 1000, NULL, NULL, '', '', 'system', systimestamp, '12', 0, 'entity.vendorInvoiceChargeOnDocs.chargeDesc', '', '', '', '', '', '');
INSERT INTO CNT_FIELD_DEFINITION
 (ID, REVISION, PARENT_ID, FIELD_ID, COLUMN_NAME, COLUMN_TYPE, REPORT_COLUMN_NAME, PRODUCT_FIELD, FIELD_TYPE, ENTITY_LOOKUP, ENTITY_LOOKUP_KEY, ORDER_BY, GENERATOR, REFER_TABLE, KEY_COLUMN, LOOKUP_COLUMN, MANDATORY, MIN_LENGTH, MAX_LENGTH, MIN_VALUE, MAX_VALUE, CONSTANT_VALUE, UNIQUE_KEY, CREATE_USER, CREATED_ON, LINE_NO, MANAGED, FIELD_PATH, DATA_TYPE, DATA1, DATA2, TRANSITIVE_FIELDS, FORMULA, ENTITY_LOOKUP_TYPE)
VALUES ('22dccfa921f04eea8ee60f2cfefbf2c1', 0, '2860ed0ed88742d6a85732b10060881c', 'calculateType', 'CALCULATE_TYPE', 'NVARCHAR2(400)', 'CALCULATION_TYPE', 1, 'string-m', '', '', '', '', '', '', '', 0, NULL, 400, NULL, NULL, '', '', 'system', systimestamp, '13', 0, 'entity.vendorInvoiceChargeOnDocs.calculateType', 'codelist', 'CHARGE_DISCOUNT_CALCULATED_BY', '', '', '', '');
INSERT INTO CNT_FIELD_DEFINITION
 (ID, REVISION, PARENT_ID, FIELD_ID, COLUMN_NAME, COLUMN_TYPE, REPORT_COLUMN_NAME, PRODUCT_FIELD, FIELD_TYPE, ENTITY_LOOKUP, ENTITY_LOOKUP_KEY, ORDER_BY, GENERATOR, REFER_TABLE, KEY_COLUMN, LOOKUP_COLUMN, MANDATORY, MIN_LENGTH, MAX_LENGTH, MIN_VALUE, MAX_VALUE, CONSTANT_VALUE, UNIQUE_KEY, CREATE_USER, CREATED_ON, LINE_NO, MANAGED, FIELD_PATH, DATA_TYPE, DATA1, DATA2, TRANSITIVE_FIELDS, FORMULA, ENTITY_LOOKUP_TYPE)
VALUES ('dd794aed580b47f89254a54ce2256f2a', 0, '2860ed0ed88742d6a85732b10060881c', 'chargeValue', 'CHARGE_VALUE', 'NUMBER(25, 5)', 'CHARGE_VALUE', 1, 'decimal-rate', '', '', '', '', '', '', '', 0, NULL, 20, NULL, NULL, '', '', 'system', systimestamp, '14', 0, 'entity.vendorInvoiceChargeOnDocs.chargeValue', '', '', '', '', '', '');
INSERT INTO CNT_FIELD_DEFINITION
 (ID, REVISION, PARENT_ID, FIELD_ID, COLUMN_NAME, COLUMN_TYPE, REPORT_COLUMN_NAME, PRODUCT_FIELD, FIELD_TYPE, ENTITY_LOOKUP, ENTITY_LOOKUP_KEY, ORDER_BY, GENERATOR, REFER_TABLE, KEY_COLUMN, LOOKUP_COLUMN, MANDATORY, MIN_LENGTH, MAX_LENGTH, MIN_VALUE, MAX_VALUE, CONSTANT_VALUE, UNIQUE_KEY, CREATE_USER, CREATED_ON, LINE_NO, MANAGED, FIELD_PATH, DATA_TYPE, DATA1, DATA2, TRANSITIVE_FIELDS, FORMULA, ENTITY_LOOKUP_TYPE)
VALUES ('f91742da09094cf78987bafbffabc3ef', 0, '2860ed0ed88742d6a85732b10060881c', 'chargeAmt', 'CHARGE_AMT', 'NUMBER(25, 5)', 'CHARGE_AMOUNT', 1, 'decimal-rate', '', '', '', '', '', '', '', 0, NULL, 20, NULL, NULL, '', '', 'system', systimestamp, '15', 0, 'entity.vendorInvoiceChargeOnDocs.chargeAmt', '', '', '', '', '', '');
INSERT INTO CNT_FIELD_DEFINITION
 (ID, REVISION, PARENT_ID, FIELD_ID, COLUMN_NAME, COLUMN_TYPE, REPORT_COLUMN_NAME, PRODUCT_FIELD, FIELD_TYPE, ENTITY_LOOKUP, ENTITY_LOOKUP_KEY, ORDER_BY, GENERATOR, REFER_TABLE, KEY_COLUMN, LOOKUP_COLUMN, MANDATORY, MIN_LENGTH, MAX_LENGTH, MIN_VALUE, MAX_VALUE, CONSTANT_VALUE, UNIQUE_KEY, CREATE_USER, CREATED_ON, LINE_NO, MANAGED, FIELD_PATH, DATA_TYPE, DATA1, DATA2, TRANSITIVE_FIELDS, FORMULA, ENTITY_LOOKUP_TYPE)
VALUES ('30d89e2c3d55432886e838711a57a27f', 0, '2860ed0ed88742d6a85732b10060881c', 'refNo', 'REF_NO', 'NVARCHAR2(1000)', '', 1, 'string-l', '', '', '', '', '', '', '', 0, NULL, 1000, NULL, NULL, '', '', 'system', systimestamp, '16', 0, 'entity.vendorInvoiceChargeOnDocs.refNo', '', '', '', '', '', '');
INSERT INTO CNT_FIELD_DEFINITION
 (ID, REVISION, PARENT_ID, FIELD_ID, COLUMN_NAME, COLUMN_TYPE, REPORT_COLUMN_NAME, PRODUCT_FIELD, FIELD_TYPE, ENTITY_LOOKUP, ENTITY_LOOKUP_KEY, ORDER_BY, GENERATOR, REFER_TABLE, KEY_COLUMN, LOOKUP_COLUMN, MANDATORY, MIN_LENGTH, MAX_LENGTH, MIN_VALUE, MAX_VALUE, CONSTANT_VALUE, UNIQUE_KEY, CREATE_USER, CREATED_ON, LINE_NO, MANAGED, FIELD_PATH, DATA_TYPE, DATA1, DATA2, TRANSITIVE_FIELDS, FORMULA, ENTITY_LOOKUP_TYPE)
VALUES ('ab9dd991efc548898a55949ef36d6277', 0, '2860ed0ed88742d6a85732b10060881c', 'custText1', 'CUST_TEXT1', 'NVARCHAR2(1000)', 'CUSTOM_FIELD_TEXT1', 0, 'string-l', '', '', '', '', '', '', '', 0, NULL, 1000, NULL, NULL, '', '', 'system', systimestamp, '17', 0, 'entity.vendorInvoiceChargeOnDocs.custText1', '', '', '', '', '', '');
INSERT INTO CNT_FIELD_DEFINITION
 (ID, REVISION, PARENT_ID, FIELD_ID, COLUMN_NAME, COLUMN_TYPE, REPORT_COLUMN_NAME, PRODUCT_FIELD, FIELD_TYPE, ENTITY_LOOKUP, ENTITY_LOOKUP_KEY, ORDER_BY, GENERATOR, REFER_TABLE, KEY_COLUMN, LOOKUP_COLUMN, MANDATORY, MIN_LENGTH, MAX_LENGTH, MIN_VALUE, MAX_VALUE, CONSTANT_VALUE, UNIQUE_KEY, CREATE_USER, CREATED_ON, LINE_NO, MANAGED, FIELD_PATH, DATA_TYPE, DATA1, DATA2, TRANSITIVE_FIELDS, FORMULA, ENTITY_LOOKUP_TYPE)
VALUES ('5cef38c4a6144a02a13eee0c5756fd6e', 0, '2860ed0ed88742d6a85732b10060881c', 'custText2', 'CUST_TEXT2', 'NVARCHAR2(1000)', 'CUSTOM_FIELD_TEXT2', 0, 'string-l', '', '', '', '', '', '', '', 0, NULL, 1000, NULL, NULL, '', '', 'system', systimestamp, '18', 0, 'entity.vendorInvoiceChargeOnDocs.custText2', '', '', '', '', '', '');
INSERT INTO CNT_FIELD_DEFINITION
 (ID, REVISION, PARENT_ID, FIELD_ID, COLUMN_NAME, COLUMN_TYPE, REPORT_COLUMN_NAME, PRODUCT_FIELD, FIELD_TYPE, ENTITY_LOOKUP, ENTITY_LOOKUP_KEY, ORDER_BY, GENERATOR, REFER_TABLE, KEY_COLUMN, LOOKUP_COLUMN, MANDATORY, MIN_LENGTH, MAX_LENGTH, MIN_VALUE, MAX_VALUE, CONSTANT_VALUE, UNIQUE_KEY, CREATE_USER, CREATED_ON, LINE_NO, MANAGED, FIELD_PATH, DATA_TYPE, DATA1, DATA2, TRANSITIVE_FIELDS, FORMULA, ENTITY_LOOKUP_TYPE)
VALUES ('de3548e1ed5b4f0aa7bae7c39d63d293', 0, '2860ed0ed88742d6a85732b10060881c', 'custText3', 'CUST_TEXT3', 'NVARCHAR2(1000)', 'CUSTOM_FIELD_TEXT3', 0, 'string-l', '', '', '', '', '', '', '', 0, NULL, 1000, NULL, NULL, '', '', 'system', systimestamp, '19', 0, 'entity.vendorInvoiceChargeOnDocs.custText3', '', '', '', '', '', '');
INSERT INTO CNT_FIELD_DEFINITION
 (ID, REVISION, PARENT_ID, FIELD_ID, COLUMN_NAME, COLUMN_TYPE, REPORT_COLUMN_NAME, PRODUCT_FIELD, FIELD_TYPE, ENTITY_LOOKUP, ENTITY_LOOKUP_KEY, ORDER_BY, GENERATOR, REFER_TABLE, KEY_COLUMN, LOOKUP_COLUMN, MANDATORY, MIN_LENGTH, MAX_LENGTH, MIN_VALUE, MAX_VALUE, CONSTANT_VALUE, UNIQUE_KEY, CREATE_USER, CREATED_ON, LINE_NO, MANAGED, FIELD_PATH, DATA_TYPE, DATA1, DATA2, TRANSITIVE_FIELDS, FORMULA, ENTITY_LOOKUP_TYPE)
VALUES ('aa24f02372e247cfb9178464c8ab7ee0', 0, '2860ed0ed88742d6a85732b10060881c', 'custText4', 'CUST_TEXT4', 'NVARCHAR2(1000)', 'CUSTOM_FIELD_TEXT4', 0, 'string-l', '', '', '', '', '', '', '', 0, NULL, 1000, NULL, NULL, '', '', 'system', systimestamp, '20', 0, 'entity.vendorInvoiceChargeOnDocs.custText4', '', '', '', '', '', '');
INSERT INTO CNT_FIELD_DEFINITION
 (ID, REVISION, PARENT_ID, FIELD_ID, COLUMN_NAME, COLUMN_TYPE, REPORT_COLUMN_NAME, PRODUCT_FIELD, FIELD_TYPE, ENTITY_LOOKUP, ENTITY_LOOKUP_KEY, ORDER_BY, GENERATOR, REFER_TABLE, KEY_COLUMN, LOOKUP_COLUMN, MANDATORY, MIN_LENGTH, MAX_LENGTH, MIN_VALUE, MAX_VALUE, CONSTANT_VALUE, UNIQUE_KEY, CREATE_USER, CREATED_ON, LINE_NO, MANAGED, FIELD_PATH, DATA_TYPE, DATA1, DATA2, TRANSITIVE_FIELDS, FORMULA, ENTITY_LOOKUP_TYPE)
VALUES ('e0142ce73571433abc308f5ec1b21fc3', 0, '2860ed0ed88742d6a85732b10060881c', 'custText5', 'CUST_TEXT5', 'NVARCHAR2(1000)', 'CUSTOM_FIELD_TEXT5', 0, 'string-l', '', '', '', '', '', '', '', 0, NULL, 1000, NULL, NULL, '', '', 'system', systimestamp, '21', 0, 'entity.vendorInvoiceChargeOnDocs.custText5', '', '', '', '', '', '');
INSERT INTO CNT_FIELD_DEFINITION
 (ID, REVISION, PARENT_ID, FIELD_ID, COLUMN_NAME, COLUMN_TYPE, REPORT_COLUMN_NAME, PRODUCT_FIELD, FIELD_TYPE, ENTITY_LOOKUP, ENTITY_LOOKUP_KEY, ORDER_BY, GENERATOR, REFER_TABLE, KEY_COLUMN, LOOKUP_COLUMN, MANDATORY, MIN_LENGTH, MAX_LENGTH, MIN_VALUE, MAX_VALUE, CONSTANT_VALUE, UNIQUE_KEY, CREATE_USER, CREATED_ON, LINE_NO, MANAGED, FIELD_PATH, DATA_TYPE, DATA1, DATA2, TRANSITIVE_FIELDS, FORMULA, ENTITY_LOOKUP_TYPE)
VALUES ('9d43a7610db6444cad584d977a7ec859', 0, '2860ed0ed88742d6a85732b10060881c', 'custText6', 'CUST_TEXT6', 'NVARCHAR2(1000)', 'CUSTOM_FIELD_TEXT6', 0, 'string-l', '', '', '', '', '', '', '', 0, NULL, 1000, NULL, NULL, '', '', 'system', systimestamp, '22', 0, 'entity.vendorInvoiceChargeOnDocs.custText6', '', '', '', '', '', '');
INSERT INTO CNT_FIELD_DEFINITION
 (ID, REVISION, PARENT_ID, FIELD_ID, COLUMN_NAME, COLUMN_TYPE, REPORT_COLUMN_NAME, PRODUCT_FIELD, FIELD_TYPE, ENTITY_LOOKUP, ENTITY_LOOKUP_KEY, ORDER_BY, GENERATOR, REFER_TABLE, KEY_COLUMN, LOOKUP_COLUMN, MANDATORY, MIN_LENGTH, MAX_LENGTH, MIN_VALUE, MAX_VALUE, CONSTANT_VALUE, UNIQUE_KEY, CREATE_USER, CREATED_ON, LINE_NO, MANAGED, FIELD_PATH, DATA_TYPE, DATA1, DATA2, TRANSITIVE_FIELDS, FORMULA, ENTITY_LOOKUP_TYPE)
VALUES ('d58488b104c24c5bb81e7736271ac317', 0, '2860ed0ed88742d6a85732b10060881c', 'custText7', 'CUST_TEXT7', 'NVARCHAR2(1000)', 'CUSTOM_FIELD_TEXT7', 0, 'string-l', '', '', '', '', '', '', '', 0, NULL, 1000, NULL, NULL, '', '', 'system', systimestamp, '23', 0, 'entity.vendorInvoiceChargeOnDocs.custText7', '', '', '', '', '', '');
INSERT INTO CNT_FIELD_DEFINITION
 (ID, REVISION, PARENT_ID, FIELD_ID, COLUMN_NAME, COLUMN_TYPE, REPORT_COLUMN_NAME, PRODUCT_FIELD, FIELD_TYPE, ENTITY_LOOKUP, ENTITY_LOOKUP_KEY, ORDER_BY, GENERATOR, REFER_TABLE, KEY_COLUMN, LOOKUP_COLUMN, MANDATORY, MIN_LENGTH, MAX_LENGTH, MIN_VALUE, MAX_VALUE, CONSTANT_VALUE, UNIQUE_KEY, CREATE_USER, CREATED_ON, LINE_NO, MANAGED, FIELD_PATH, DATA_TYPE, DATA1, DATA2, TRANSITIVE_FIELDS, FORMULA, ENTITY_LOOKUP_TYPE)
VALUES ('b13c34df166b4980bd29166e1921691e', 0, '2860ed0ed88742d6a85732b10060881c', 'custDate1', 'CUST_DATE1', 'DATE', 'CUSTOM_FIELD_DATE1', 0, 'date', '', '', '', '', '', '', '', 0, NULL, NULL, NULL, NULL, '', '', 'system', systimestamp, '24', 0, 'entity.vendorInvoiceChargeOnDocs.custDate1', '', '', '', '', '', '');
INSERT INTO CNT_FIELD_DEFINITION
 (ID, REVISION, PARENT_ID, FIELD_ID, COLUMN_NAME, COLUMN_TYPE, REPORT_COLUMN_NAME, PRODUCT_FIELD, FIELD_TYPE, ENTITY_LOOKUP, ENTITY_LOOKUP_KEY, ORDER_BY, GENERATOR, REFER_TABLE, KEY_COLUMN, LOOKUP_COLUMN, MANDATORY, MIN_LENGTH, MAX_LENGTH, MIN_VALUE, MAX_VALUE, CONSTANT_VALUE, UNIQUE_KEY, CREATE_USER, CREATED_ON, LINE_NO, MANAGED, FIELD_PATH, DATA_TYPE, DATA1, DATA2, TRANSITIVE_FIELDS, FORMULA, ENTITY_LOOKUP_TYPE)
VALUES ('26b5b43fd9924448b3597dd16ad23ced', 0, '2860ed0ed88742d6a85732b10060881c', 'custDate2', 'CUST_DATE2', 'DATE', 'CUSTOM_FIELD_DATE2', 0, 'date', '', '', '', '', '', '', '', 0, NULL, NULL, NULL, NULL, '', '', 'system', systimestamp, '25', 0, 'entity.vendorInvoiceChargeOnDocs.custDate2', '', '', '', '', '', '');
INSERT INTO CNT_FIELD_DEFINITION
 (ID, REVISION, PARENT_ID, FIELD_ID, COLUMN_NAME, COLUMN_TYPE, REPORT_COLUMN_NAME, PRODUCT_FIELD, FIELD_TYPE, ENTITY_LOOKUP, ENTITY_LOOKUP_KEY, ORDER_BY, GENERATOR, REFER_TABLE, KEY_COLUMN, LOOKUP_COLUMN, MANDATORY, MIN_LENGTH, MAX_LENGTH, MIN_VALUE, MAX_VALUE, CONSTANT_VALUE, UNIQUE_KEY, CREATE_USER, CREATED_ON, LINE_NO, MANAGED, FIELD_PATH, DATA_TYPE, DATA1, DATA2, TRANSITIVE_FIELDS, FORMULA, ENTITY_LOOKUP_TYPE)
VALUES ('633349a4a89149c2bc95d82e7f2b48fa', 0, '2860ed0ed88742d6a85732b10060881c', 'custDate3', 'CUST_DATE3', 'DATE', 'CUSTOM_FIELD_DATE3', 0, 'date', '', '', '', '', '', '', '', 0, NULL, NULL, NULL, NULL, '', '', 'system', systimestamp, '26', 0, 'entity.vendorInvoiceChargeOnDocs.custDate3', '', '', '', '', '', '');
INSERT INTO CNT_FIELD_DEFINITION
 (ID, REVISION, PARENT_ID, FIELD_ID, COLUMN_NAME, COLUMN_TYPE, REPORT_COLUMN_NAME, PRODUCT_FIELD, FIELD_TYPE, ENTITY_LOOKUP, ENTITY_LOOKUP_KEY, ORDER_BY, GENERATOR, REFER_TABLE, KEY_COLUMN, LOOKUP_COLUMN, MANDATORY, MIN_LENGTH, MAX_LENGTH, MIN_VALUE, MAX_VALUE, CONSTANT_VALUE, UNIQUE_KEY, CREATE_USER, CREATED_ON, LINE_NO, MANAGED, FIELD_PATH, DATA_TYPE, DATA1, DATA2, TRANSITIVE_FIELDS, FORMULA, ENTITY_LOOKUP_TYPE)
VALUES ('ec0bbac4334b4e47bf453099c189eab5', 0, '2860ed0ed88742d6a85732b10060881c', 'custDate4', 'CUST_DATE4', 'DATE', 'CUSTOM_FIELD_DATE4', 0, 'date', '', '', '', '', '', '', '', 0, NULL, NULL, NULL, NULL, '', '', 'system', systimestamp, '27', 0, 'entity.vendorInvoiceChargeOnDocs.custDate4', '', '', '', '', '', '');
INSERT INTO CNT_FIELD_DEFINITION
 (ID, REVISION, PARENT_ID, FIELD_ID, COLUMN_NAME, COLUMN_TYPE, REPORT_COLUMN_NAME, PRODUCT_FIELD, FIELD_TYPE, ENTITY_LOOKUP, ENTITY_LOOKUP_KEY, ORDER_BY, GENERATOR, REFER_TABLE, KEY_COLUMN, LOOKUP_COLUMN, MANDATORY, MIN_LENGTH, MAX_LENGTH, MIN_VALUE, MAX_VALUE, CONSTANT_VALUE, UNIQUE_KEY, CREATE_USER, CREATED_ON, LINE_NO, MANAGED, FIELD_PATH, DATA_TYPE, DATA1, DATA2, TRANSITIVE_FIELDS, FORMULA, ENTITY_LOOKUP_TYPE)
VALUES ('96d923a5707448398bb3b656d39ed146', 0, '2860ed0ed88742d6a85732b10060881c', 'custDate5', 'CUST_DATE5', 'DATE', 'CUSTOM_FIELD_DATE5', 0, 'date', '', '', '', '', '', '', '', 0, NULL, NULL, NULL, NULL, '', '', 'system', systimestamp, '28', 0, 'entity.vendorInvoiceChargeOnDocs.custDate5', '', '', '', '', '', '');
INSERT INTO CNT_FIELD_DEFINITION
 (ID, REVISION, PARENT_ID, FIELD_ID, COLUMN_NAME, COLUMN_TYPE, REPORT_COLUMN_NAME, PRODUCT_FIELD, FIELD_TYPE, ENTITY_LOOKUP, ENTITY_LOOKUP_KEY, ORDER_BY, GENERATOR, REFER_TABLE, KEY_COLUMN, LOOKUP_COLUMN, MANDATORY, MIN_LENGTH, MAX_LENGTH, MIN_VALUE, MAX_VALUE, CONSTANT_VALUE, UNIQUE_KEY, CREATE_USER, CREATED_ON, LINE_NO, MANAGED, FIELD_PATH, DATA_TYPE, DATA1, DATA2, TRANSITIVE_FIELDS, FORMULA, ENTITY_LOOKUP_TYPE)
VALUES ('4c2a23980a6f4ed3b4028b5cff7509f2', 0, '2860ed0ed88742d6a85732b10060881c', 'custDate6', 'CUST_DATE6', 'DATE', 'CUSTOM_FIELD_DATE6', 0, 'date', '', '', '', '', '', '', '', 0, NULL, NULL, NULL, NULL, '', '', 'system', systimestamp, '29', 0, 'entity.vendorInvoiceChargeOnDocs.custDate6', '', '', '', '', '', '');
INSERT INTO CNT_FIELD_DEFINITION
 (ID, REVISION, PARENT_ID, FIELD_ID, COLUMN_NAME, COLUMN_TYPE, REPORT_COLUMN_NAME, PRODUCT_FIELD, FIELD_TYPE, ENTITY_LOOKUP, ENTITY_LOOKUP_KEY, ORDER_BY, GENERATOR, REFER_TABLE, KEY_COLUMN, LOOKUP_COLUMN, MANDATORY, MIN_LENGTH, MAX_LENGTH, MIN_VALUE, MAX_VALUE, CONSTANT_VALUE, UNIQUE_KEY, CREATE_USER, CREATED_ON, LINE_NO, MANAGED, FIELD_PATH, DATA_TYPE, DATA1, DATA2, TRANSITIVE_FIELDS, FORMULA, ENTITY_LOOKUP_TYPE)
VALUES ('3ac1a8680994408684967b18e606a7cc', 0, '2860ed0ed88742d6a85732b10060881c', 'custDate7', 'CUST_DATE7', 'DATE', 'CUSTOM_FIELD_DATE7', 0, 'date', '', '', '', '', '', '', '', 0, NULL, NULL, NULL, NULL, '', '', 'system', systimestamp, '30', 0, 'entity.vendorInvoiceChargeOnDocs.custDate7', '', '', '', '', '', '');
INSERT INTO CNT_FIELD_DEFINITION
 (ID, REVISION, PARENT_ID, FIELD_ID, COLUMN_NAME, COLUMN_TYPE, REPORT_COLUMN_NAME, PRODUCT_FIELD, FIELD_TYPE, ENTITY_LOOKUP, ENTITY_LOOKUP_KEY, ORDER_BY, GENERATOR, REFER_TABLE, KEY_COLUMN, LOOKUP_COLUMN, MANDATORY, MIN_LENGTH, MAX_LENGTH, MIN_VALUE, MAX_VALUE, CONSTANT_VALUE, UNIQUE_KEY, CREATE_USER, CREATED_ON, LINE_NO, MANAGED, FIELD_PATH, DATA_TYPE, DATA1, DATA2, TRANSITIVE_FIELDS, FORMULA, ENTITY_LOOKUP_TYPE)
VALUES ('18297896853b43b284f291d7c53b9984', 0, '2860ed0ed88742d6a85732b10060881c', 'custNumber1', 'CUST_NUMBER1', 'NUMBER(20, 0)', 'CUSTOM_FIELD_NUMBER1', 0, 'integer', '', '', '', '', '', '', '', 0, NULL, 18, NULL, NULL, '', '', 'system', systimestamp, '31', 0, 'entity.vendorInvoiceChargeOnDocs.custNumber1', '', '', '', '', '', '');
INSERT INTO CNT_FIELD_DEFINITION
 (ID, REVISION, PARENT_ID, FIELD_ID, COLUMN_NAME, COLUMN_TYPE, REPORT_COLUMN_NAME, PRODUCT_FIELD, FIELD_TYPE, ENTITY_LOOKUP, ENTITY_LOOKUP_KEY, ORDER_BY, GENERATOR, REFER_TABLE, KEY_COLUMN, LOOKUP_COLUMN, MANDATORY, MIN_LENGTH, MAX_LENGTH, MIN_VALUE, MAX_VALUE, CONSTANT_VALUE, UNIQUE_KEY, CREATE_USER, CREATED_ON, LINE_NO, MANAGED, FIELD_PATH, DATA_TYPE, DATA1, DATA2, TRANSITIVE_FIELDS, FORMULA, ENTITY_LOOKUP_TYPE)
VALUES ('215e00f186f04efc8b6222c23b90af64', 0, '2860ed0ed88742d6a85732b10060881c', 'custNumber2', 'CUST_NUMBER2', 'NUMBER(20, 0)', 'CUSTOM_FIELD_NUMBER2', 0, 'integer', '', '', '', '', '', '', '', 0, NULL, 18, NULL, NULL, '', '', 'system', systimestamp, '32', 0, 'entity.vendorInvoiceChargeOnDocs.custNumber2', '', '', '', '', '', '');
INSERT INTO CNT_FIELD_DEFINITION
 (ID, REVISION, PARENT_ID, FIELD_ID, COLUMN_NAME, COLUMN_TYPE, REPORT_COLUMN_NAME, PRODUCT_FIELD, FIELD_TYPE, ENTITY_LOOKUP, ENTITY_LOOKUP_KEY, ORDER_BY, GENERATOR, REFER_TABLE, KEY_COLUMN, LOOKUP_COLUMN, MANDATORY, MIN_LENGTH, MAX_LENGTH, MIN_VALUE, MAX_VALUE, CONSTANT_VALUE, UNIQUE_KEY, CREATE_USER, CREATED_ON, LINE_NO, MANAGED, FIELD_PATH, DATA_TYPE, DATA1, DATA2, TRANSITIVE_FIELDS, FORMULA, ENTITY_LOOKUP_TYPE)
VALUES ('cb1f89da08a743649af4cb32f4b58065', 0, '2860ed0ed88742d6a85732b10060881c', 'custNumber3', 'CUST_NUMBER3', 'NUMBER(20, 0)', 'CUSTOM_FIELD_NUMBER3', 0, 'integer', '', '', '', '', '', '', '', 0, NULL, 18, NULL, NULL, '', '', 'system', systimestamp, '33', 0, 'entity.vendorInvoiceChargeOnDocs.custNumber3', '', '', '', '', '', '');
INSERT INTO CNT_FIELD_DEFINITION
 (ID, REVISION, PARENT_ID, FIELD_ID, COLUMN_NAME, COLUMN_TYPE, REPORT_COLUMN_NAME, PRODUCT_FIELD, FIELD_TYPE, ENTITY_LOOKUP, ENTITY_LOOKUP_KEY, ORDER_BY, GENERATOR, REFER_TABLE, KEY_COLUMN, LOOKUP_COLUMN, MANDATORY, MIN_LENGTH, MAX_LENGTH, MIN_VALUE, MAX_VALUE, CONSTANT_VALUE, UNIQUE_KEY, CREATE_USER, CREATED_ON, LINE_NO, MANAGED, FIELD_PATH, DATA_TYPE, DATA1, DATA2, TRANSITIVE_FIELDS, FORMULA, ENTITY_LOOKUP_TYPE)
VALUES ('126f502d005a4514ab585c42cdbe29b3', 0, '2860ed0ed88742d6a85732b10060881c', 'custNumber4', 'CUST_NUMBER4', 'NUMBER(20, 0)', 'CUSTOM_FIELD_NUMBER4', 0, 'integer', '', '', '', '', '', '', '', 0, NULL, 18, NULL, NULL, '', '', 'system', systimestamp, '34', 0, 'entity.vendorInvoiceChargeOnDocs.custNumber4', '', '', '', '', '', '');
INSERT INTO CNT_FIELD_DEFINITION
 (ID, REVISION, PARENT_ID, FIELD_ID, COLUMN_NAME, COLUMN_TYPE, REPORT_COLUMN_NAME, PRODUCT_FIELD, FIELD_TYPE, ENTITY_LOOKUP, ENTITY_LOOKUP_KEY, ORDER_BY, GENERATOR, REFER_TABLE, KEY_COLUMN, LOOKUP_COLUMN, MANDATORY, MIN_LENGTH, MAX_LENGTH, MIN_VALUE, MAX_VALUE, CONSTANT_VALUE, UNIQUE_KEY, CREATE_USER, CREATED_ON, LINE_NO, MANAGED, FIELD_PATH, DATA_TYPE, DATA1, DATA2, TRANSITIVE_FIELDS, FORMULA, ENTITY_LOOKUP_TYPE)
VALUES ('6ff2b37431704393b2f1876da865f762', 0, '2860ed0ed88742d6a85732b10060881c', 'custNumber5', 'CUST_NUMBER5', 'NUMBER(20, 0)', 'CUSTOM_FIELD_NUMBER5', 0, 'integer', '', '', '', '', '', '', '', 0, NULL, 18, NULL, NULL, '', '', 'system', systimestamp, '35', 0, 'entity.vendorInvoiceChargeOnDocs.custNumber5', '', '', '', '', '', '');
INSERT INTO CNT_FIELD_DEFINITION
 (ID, REVISION, PARENT_ID, FIELD_ID, COLUMN_NAME, COLUMN_TYPE, REPORT_COLUMN_NAME, PRODUCT_FIELD, FIELD_TYPE, ENTITY_LOOKUP, ENTITY_LOOKUP_KEY, ORDER_BY, GENERATOR, REFER_TABLE, KEY_COLUMN, LOOKUP_COLUMN, MANDATORY, MIN_LENGTH, MAX_LENGTH, MIN_VALUE, MAX_VALUE, CONSTANT_VALUE, UNIQUE_KEY, CREATE_USER, CREATED_ON, LINE_NO, MANAGED, FIELD_PATH, DATA_TYPE, DATA1, DATA2, TRANSITIVE_FIELDS, FORMULA, ENTITY_LOOKUP_TYPE)
VALUES ('1630c6442add4c9fbce082009f6d182a', 0, '2860ed0ed88742d6a85732b10060881c', 'custNumber6', 'CUST_NUMBER6', 'NUMBER(20, 0)', 'CUSTOM_FIELD_NUMBER6', 0, 'integer', '', '', '', '', '', '', '', 0, NULL, 18, NULL, NULL, '', '', 'system', systimestamp, '36', 0, 'entity.vendorInvoiceChargeOnDocs.custNumber6', '', '', '', '', '', '');
INSERT INTO CNT_FIELD_DEFINITION
 (ID, REVISION, PARENT_ID, FIELD_ID, COLUMN_NAME, COLUMN_TYPE, REPORT_COLUMN_NAME, PRODUCT_FIELD, FIELD_TYPE, ENTITY_LOOKUP, ENTITY_LOOKUP_KEY, ORDER_BY, GENERATOR, REFER_TABLE, KEY_COLUMN, LOOKUP_COLUMN, MANDATORY, MIN_LENGTH, MAX_LENGTH, MIN_VALUE, MAX_VALUE, CONSTANT_VALUE, UNIQUE_KEY, CREATE_USER, CREATED_ON, LINE_NO, MANAGED, FIELD_PATH, DATA_TYPE, DATA1, DATA2, TRANSITIVE_FIELDS, FORMULA, ENTITY_LOOKUP_TYPE)
VALUES ('dfedf2331c68404193671e067cb5dc52', 0, '2860ed0ed88742d6a85732b10060881c', 'custNumber7', 'CUST_NUMBER7', 'NUMBER(20, 0)', 'CUSTOM_FIELD_NUMBER7', 0, 'integer', '', '', '', '', '', '', '', 0, NULL, 18, NULL, NULL, '', '', 'system', systimestamp, '37', 0, 'entity.vendorInvoiceChargeOnDocs.custNumber7', '', '', '', '', '', '');
INSERT INTO CNT_FIELD_DEFINITION
 (ID, REVISION, PARENT_ID, FIELD_ID, COLUMN_NAME, COLUMN_TYPE, REPORT_COLUMN_NAME, PRODUCT_FIELD, FIELD_TYPE, ENTITY_LOOKUP, ENTITY_LOOKUP_KEY, ORDER_BY, GENERATOR, REFER_TABLE, KEY_COLUMN, LOOKUP_COLUMN, MANDATORY, MIN_LENGTH, MAX_LENGTH, MIN_VALUE, MAX_VALUE, CONSTANT_VALUE, UNIQUE_KEY, CREATE_USER, CREATED_ON, LINE_NO, MANAGED, FIELD_PATH, DATA_TYPE, DATA1, DATA2, TRANSITIVE_FIELDS, FORMULA, ENTITY_LOOKUP_TYPE)
VALUES ('cacd1d17f0b24c2ab2a5b11e01817d38', 0, '2860ed0ed88742d6a85732b10060881c', 'custDecimal1', 'CUST_DECIMAL1', 'NUMBER(25, 5)', 'CUSTOM_FIELD_DECIMAL1', 0, 'decimal-rate', '', '', '', '', '', '', '', 0, NULL, 20, NULL, NULL, '', '', 'system', systimestamp, '38', 0, 'entity.vendorInvoiceChargeOnDocs.custDecimal1', '', '', '', '', '', '');
INSERT INTO CNT_FIELD_DEFINITION
 (ID, REVISION, PARENT_ID, FIELD_ID, COLUMN_NAME, COLUMN_TYPE, REPORT_COLUMN_NAME, PRODUCT_FIELD, FIELD_TYPE, ENTITY_LOOKUP, ENTITY_LOOKUP_KEY, ORDER_BY, GENERATOR, REFER_TABLE, KEY_COLUMN, LOOKUP_COLUMN, MANDATORY, MIN_LENGTH, MAX_LENGTH, MIN_VALUE, MAX_VALUE, CONSTANT_VALUE, UNIQUE_KEY, CREATE_USER, CREATED_ON, LINE_NO, MANAGED, FIELD_PATH, DATA_TYPE, DATA1, DATA2, TRANSITIVE_FIELDS, FORMULA, ENTITY_LOOKUP_TYPE)
VALUES ('1ae0a5a8a0ca424b82dc688ae4216f21', 0, '2860ed0ed88742d6a85732b10060881c', 'custDecimal2', 'CUST_DECIMAL2', 'NUMBER(25, 5)', 'CUSTOM_FIELD_DECIMAL2', 0, 'decimal-rate', '', '', '', '', '', '', '', 0, NULL, 20, NULL, NULL, '', '', 'system', systimestamp, '39', 0, 'entity.vendorInvoiceChargeOnDocs.custDecimal2', '', '', '', '', '', '');
INSERT INTO CNT_FIELD_DEFINITION
 (ID, REVISION, PARENT_ID, FIELD_ID, COLUMN_NAME, COLUMN_TYPE, REPORT_COLUMN_NAME, PRODUCT_FIELD, FIELD_TYPE, ENTITY_LOOKUP, ENTITY_LOOKUP_KEY, ORDER_BY, GENERATOR, REFER_TABLE, KEY_COLUMN, LOOKUP_COLUMN, MANDATORY, MIN_LENGTH, MAX_LENGTH, MIN_VALUE, MAX_VALUE, CONSTANT_VALUE, UNIQUE_KEY, CREATE_USER, CREATED_ON, LINE_NO, MANAGED, FIELD_PATH, DATA_TYPE, DATA1, DATA2, TRANSITIVE_FIELDS, FORMULA, ENTITY_LOOKUP_TYPE)
VALUES ('c7bf7d7d65554af2a636b67ad95ac7ce', 0, '2860ed0ed88742d6a85732b10060881c', 'custDecimal3', 'CUST_DECIMAL3', 'NUMBER(25, 5)', 'CUSTOM_FIELD_DECIMAL3', 0, 'decimal-rate', '', '', '', '', '', '', '', 0, NULL, 20, NULL, NULL, '', '', 'system', systimestamp, '40', 0, 'entity.vendorInvoiceChargeOnDocs.custDecimal3', '', '', '', '', '', '');
INSERT INTO CNT_FIELD_DEFINITION
 (ID, REVISION, PARENT_ID, FIELD_ID, COLUMN_NAME, COLUMN_TYPE, REPORT_COLUMN_NAME, PRODUCT_FIELD, FIELD_TYPE, ENTITY_LOOKUP, ENTITY_LOOKUP_KEY, ORDER_BY, GENERATOR, REFER_TABLE, KEY_COLUMN, LOOKUP_COLUMN, MANDATORY, MIN_LENGTH, MAX_LENGTH, MIN_VALUE, MAX_VALUE, CONSTANT_VALUE, UNIQUE_KEY, CREATE_USER, CREATED_ON, LINE_NO, MANAGED, FIELD_PATH, DATA_TYPE, DATA1, DATA2, TRANSITIVE_FIELDS, FORMULA, ENTITY_LOOKUP_TYPE)
VALUES ('567f521ccfac47e8b129b662d95abe9d', 0, '2860ed0ed88742d6a85732b10060881c', 'custDecimal4', 'CUST_DECIMAL4', 'NUMBER(25, 5)', 'CUSTOM_FIELD_DECIMAL4', 0, 'decimal-rate', '', '', '', '', '', '', '', 0, NULL, 20, NULL, NULL, '', '', 'system', systimestamp, '41', 0, 'entity.vendorInvoiceChargeOnDocs.custDecimal4', '', '', '', '', '', '');
INSERT INTO CNT_FIELD_DEFINITION
 (ID, REVISION, PARENT_ID, FIELD_ID, COLUMN_NAME, COLUMN_TYPE, REPORT_COLUMN_NAME, PRODUCT_FIELD, FIELD_TYPE, ENTITY_LOOKUP, ENTITY_LOOKUP_KEY, ORDER_BY, GENERATOR, REFER_TABLE, KEY_COLUMN, LOOKUP_COLUMN, MANDATORY, MIN_LENGTH, MAX_LENGTH, MIN_VALUE, MAX_VALUE, CONSTANT_VALUE, UNIQUE_KEY, CREATE_USER, CREATED_ON, LINE_NO, MANAGED, FIELD_PATH, DATA_TYPE, DATA1, DATA2, TRANSITIVE_FIELDS, FORMULA, ENTITY_LOOKUP_TYPE)
VALUES ('9f5bb10cf776443b8304ecee0854eb09', 0, '2860ed0ed88742d6a85732b10060881c', 'custDecimal5', 'CUST_DECIMAL5', 'NUMBER(25, 5)', 'CUSTOM_FIELD_DECIMAL5', 0, 'decimal-rate', '', '', '', '', '', '', '', 0, NULL, 20, NULL, NULL, '', '', 'system', systimestamp, '42', 0, 'entity.vendorInvoiceChargeOnDocs.custDecimal5', '', '', '', '', '', '');
INSERT INTO CNT_FIELD_DEFINITION
 (ID, REVISION, PARENT_ID, FIELD_ID, COLUMN_NAME, COLUMN_TYPE, REPORT_COLUMN_NAME, PRODUCT_FIELD, FIELD_TYPE, ENTITY_LOOKUP, ENTITY_LOOKUP_KEY, ORDER_BY, GENERATOR, REFER_TABLE, KEY_COLUMN, LOOKUP_COLUMN, MANDATORY, MIN_LENGTH, MAX_LENGTH, MIN_VALUE, MAX_VALUE, CONSTANT_VALUE, UNIQUE_KEY, CREATE_USER, CREATED_ON, LINE_NO, MANAGED, FIELD_PATH, DATA_TYPE, DATA1, DATA2, TRANSITIVE_FIELDS, FORMULA, ENTITY_LOOKUP_TYPE)
VALUES ('2134272c85e34fb5954cf4d767935820', 0, '2860ed0ed88742d6a85732b10060881c', 'custDecimal6', 'CUST_DECIMAL6', 'NUMBER(25, 5)', 'CUSTOM_FIELD_DECIMAL6', 0, 'decimal-rate', '', '', '', '', '', '', '', 0, NULL, 20, NULL, NULL, '', '', 'system', systimestamp, '43', 0, 'entity.vendorInvoiceChargeOnDocs.custDecimal6', '', '', '', '', '', '');
INSERT INTO CNT_FIELD_DEFINITION
 (ID, REVISION, PARENT_ID, FIELD_ID, COLUMN_NAME, COLUMN_TYPE, REPORT_COLUMN_NAME, PRODUCT_FIELD, FIELD_TYPE, ENTITY_LOOKUP, ENTITY_LOOKUP_KEY, ORDER_BY, GENERATOR, REFER_TABLE, KEY_COLUMN, LOOKUP_COLUMN, MANDATORY, MIN_LENGTH, MAX_LENGTH, MIN_VALUE, MAX_VALUE, CONSTANT_VALUE, UNIQUE_KEY, CREATE_USER, CREATED_ON, LINE_NO, MANAGED, FIELD_PATH, DATA_TYPE, DATA1, DATA2, TRANSITIVE_FIELDS, FORMULA, ENTITY_LOOKUP_TYPE)
VALUES ('410064d56fcd42b2869de52141df9723', 0, '2860ed0ed88742d6a85732b10060881c', 'custDecimal7', 'CUST_DECIMAL7', 'NUMBER(25, 5)', 'CUSTOM_FIELD_DECIMAL7', 0, 'decimal-rate', '', '', '', '', '', '', '', 0, NULL, 20, NULL, NULL, '', '', 'system', systimestamp, '44', 0, 'entity.vendorInvoiceChargeOnDocs.custDecimal7', '', '', '', '', '', '');
INSERT INTO CNT_FIELD_DEFINITION
 (ID, REVISION, PARENT_ID, FIELD_ID, COLUMN_NAME, COLUMN_TYPE, REPORT_COLUMN_NAME, PRODUCT_FIELD, FIELD_TYPE, ENTITY_LOOKUP, ENTITY_LOOKUP_KEY, ORDER_BY, GENERATOR, REFER_TABLE, KEY_COLUMN, LOOKUP_COLUMN, MANDATORY, MIN_LENGTH, MAX_LENGTH, MIN_VALUE, MAX_VALUE, CONSTANT_VALUE, UNIQUE_KEY, CREATE_USER, CREATED_ON, LINE_NO, MANAGED, FIELD_PATH, DATA_TYPE, DATA1, DATA2, TRANSITIVE_FIELDS, FORMULA, ENTITY_LOOKUP_TYPE)
VALUES ('77de3226e1f44b518e93e713bf396d27', 0, '2860ed0ed88742d6a85732b10060881c', 'custCodelist1', 'CUST_CODELIST1', 'NVARCHAR2(400)', 'CUSTOM_FIELD_CODE_LIST_CODE1', 0, 'string-m', '', '', '', '', '', '', '', 0, NULL, 400, NULL, NULL, '', '', 'system', systimestamp, '45', 0, 'entity.vendorInvoiceChargeOnDocs.custCodelist1', 'codelist', '', '', '', '', '');
INSERT INTO CNT_FIELD_DEFINITION
 (ID, REVISION, PARENT_ID, FIELD_ID, COLUMN_NAME, COLUMN_TYPE, REPORT_COLUMN_NAME, PRODUCT_FIELD, FIELD_TYPE, ENTITY_LOOKUP, ENTITY_LOOKUP_KEY, ORDER_BY, GENERATOR, REFER_TABLE, KEY_COLUMN, LOOKUP_COLUMN, MANDATORY, MIN_LENGTH, MAX_LENGTH, MIN_VALUE, MAX_VALUE, CONSTANT_VALUE, UNIQUE_KEY, CREATE_USER, CREATED_ON, LINE_NO, MANAGED, FIELD_PATH, DATA_TYPE, DATA1, DATA2, TRANSITIVE_FIELDS, FORMULA, ENTITY_LOOKUP_TYPE)
VALUES ('d9c3a2185f40465aa6e5b518c2d8df82', 0, '2860ed0ed88742d6a85732b10060881c', 'custCodelist2', 'CUST_CODELIST2', 'NVARCHAR2(400)', 'CUSTOM_FIELD_CODE_LIST_CODE2', 0, 'string-m', '', '', '', '', '', '', '', 0, NULL, 400, NULL, NULL, '', '', 'system', systimestamp, '46', 0, 'entity.vendorInvoiceChargeOnDocs.custCodelist2', 'codelist', '', '', '', '', '');
INSERT INTO CNT_FIELD_DEFINITION
 (ID, REVISION, PARENT_ID, FIELD_ID, COLUMN_NAME, COLUMN_TYPE, REPORT_COLUMN_NAME, PRODUCT_FIELD, FIELD_TYPE, ENTITY_LOOKUP, ENTITY_LOOKUP_KEY, ORDER_BY, GENERATOR, REFER_TABLE, KEY_COLUMN, LOOKUP_COLUMN, MANDATORY, MIN_LENGTH, MAX_LENGTH, MIN_VALUE, MAX_VALUE, CONSTANT_VALUE, UNIQUE_KEY, CREATE_USER, CREATED_ON, LINE_NO, MANAGED, FIELD_PATH, DATA_TYPE, DATA1, DATA2, TRANSITIVE_FIELDS, FORMULA, ENTITY_LOOKUP_TYPE)
VALUES ('edd76172bd584a5ca7eb47232aff0b3c', 0, '2860ed0ed88742d6a85732b10060881c', 'custCodelist3', 'CUST_CODELIST3', 'NVARCHAR2(400)', 'CUSTOM_FIELD_CODE_LIST_CODE3', 0, 'string-m', '', '', '', '', '', '', '', 0, NULL, 400, NULL, NULL, '', '', 'system', systimestamp, '47', 0, 'entity.vendorInvoiceChargeOnDocs.custCodelist3', 'codelist', '', '', '', '', '');
INSERT INTO CNT_FIELD_DEFINITION
 (ID, REVISION, PARENT_ID, FIELD_ID, COLUMN_NAME, COLUMN_TYPE, REPORT_COLUMN_NAME, PRODUCT_FIELD, FIELD_TYPE, ENTITY_LOOKUP, ENTITY_LOOKUP_KEY, ORDER_BY, GENERATOR, REFER_TABLE, KEY_COLUMN, LOOKUP_COLUMN, MANDATORY, MIN_LENGTH, MAX_LENGTH, MIN_VALUE, MAX_VALUE, CONSTANT_VALUE, UNIQUE_KEY, CREATE_USER, CREATED_ON, LINE_NO, MANAGED, FIELD_PATH, DATA_TYPE, DATA1, DATA2, TRANSITIVE_FIELDS, FORMULA, ENTITY_LOOKUP_TYPE)
VALUES ('1214982f02574afbbf4431595ef65491', 0, '2860ed0ed88742d6a85732b10060881c', 'custCodelist4', 'CUST_CODELIST4', 'NVARCHAR2(400)', 'CUSTOM_FIELD_CODE_LIST_CODE4', 0, 'string-m', '', '', '', '', '', '', '', 0, NULL, 400, NULL, NULL, '', '', 'system', systimestamp, '48', 0, 'entity.vendorInvoiceChargeOnDocs.custCodelist4', 'codelist', '', '', '', '', '');
INSERT INTO CNT_FIELD_DEFINITION
 (ID, REVISION, PARENT_ID, FIELD_ID, COLUMN_NAME, COLUMN_TYPE, REPORT_COLUMN_NAME, PRODUCT_FIELD, FIELD_TYPE, ENTITY_LOOKUP, ENTITY_LOOKUP_KEY, ORDER_BY, GENERATOR, REFER_TABLE, KEY_COLUMN, LOOKUP_COLUMN, MANDATORY, MIN_LENGTH, MAX_LENGTH, MIN_VALUE, MAX_VALUE, CONSTANT_VALUE, UNIQUE_KEY, CREATE_USER, CREATED_ON, LINE_NO, MANAGED, FIELD_PATH, DATA_TYPE, DATA1, DATA2, TRANSITIVE_FIELDS, FORMULA, ENTITY_LOOKUP_TYPE)
VALUES ('f40a4eb79dbf40bbba1e9c4bd85563a5', 0, '2860ed0ed88742d6a85732b10060881c', 'custCodelist5', 'CUST_CODELIST5', 'NVARCHAR2(400)', 'CUSTOM_FIELD_CODE_LIST_CODE5', 0, 'string-m', '', '', '', '', '', '', '', 0, NULL, 400, NULL, NULL, '', '', 'system', systimestamp, '49', 0, 'entity.vendorInvoiceChargeOnDocs.custCodelist5', 'codelist', '', '', '', '', '');
INSERT INTO CNT_FIELD_DEFINITION
 (ID, REVISION, PARENT_ID, FIELD_ID, COLUMN_NAME, COLUMN_TYPE, REPORT_COLUMN_NAME, PRODUCT_FIELD, FIELD_TYPE, ENTITY_LOOKUP, ENTITY_LOOKUP_KEY, ORDER_BY, GENERATOR, REFER_TABLE, KEY_COLUMN, LOOKUP_COLUMN, MANDATORY, MIN_LENGTH, MAX_LENGTH, MIN_VALUE, MAX_VALUE, CONSTANT_VALUE, UNIQUE_KEY, CREATE_USER, CREATED_ON, LINE_NO, MANAGED, FIELD_PATH, DATA_TYPE, DATA1, DATA2, TRANSITIVE_FIELDS, FORMULA, ENTITY_LOOKUP_TYPE)
VALUES ('6d6fddd2fdeb40a080dfa2697f4a57d2', 0, '2860ed0ed88742d6a85732b10060881c', 'custCodelist6', 'CUST_CODELIST6', 'NVARCHAR2(400)', 'CUSTOM_FIELD_CODE_LIST_CODE6', 0, 'string-m', '', '', '', '', '', '', '', 0, NULL, 400, NULL, NULL, '', '', 'system', systimestamp, '50', 0, 'entity.vendorInvoiceChargeOnDocs.custCodelist6', 'codelist', '', '', '', '', '');
INSERT INTO CNT_FIELD_DEFINITION
 (ID, REVISION, PARENT_ID, FIELD_ID, COLUMN_NAME, COLUMN_TYPE, REPORT_COLUMN_NAME, PRODUCT_FIELD, FIELD_TYPE, ENTITY_LOOKUP, ENTITY_LOOKUP_KEY, ORDER_BY, GENERATOR, REFER_TABLE, KEY_COLUMN, LOOKUP_COLUMN, MANDATORY, MIN_LENGTH, MAX_LENGTH, MIN_VALUE, MAX_VALUE, CONSTANT_VALUE, UNIQUE_KEY, CREATE_USER, CREATED_ON, LINE_NO, MANAGED, FIELD_PATH, DATA_TYPE, DATA1, DATA2, TRANSITIVE_FIELDS, FORMULA, ENTITY_LOOKUP_TYPE)
VALUES ('a3de8f2d4d964e76ab395b66ab246391', 0, '2860ed0ed88742d6a85732b10060881c', 'custCodelist7', 'CUST_CODELIST7', 'NVARCHAR2(400)', 'CUSTOM_FIELD_CODE_LIST_CODE7', 0, 'string-m', '', '', '', '', '', '', '', 0, NULL, 400, NULL, NULL, '', '', 'system', systimestamp, '51', 0, 'entity.vendorInvoiceChargeOnDocs.custCodelist7', 'codelist', '', '', '', '', '');
INSERT INTO CNT_FIELD_DEFINITION
 (ID, REVISION, PARENT_ID, FIELD_ID, COLUMN_NAME, COLUMN_TYPE, REPORT_COLUMN_NAME, PRODUCT_FIELD, FIELD_TYPE, ENTITY_LOOKUP, ENTITY_LOOKUP_KEY, ORDER_BY, GENERATOR, REFER_TABLE, KEY_COLUMN, LOOKUP_COLUMN, MANDATORY, MIN_LENGTH, MAX_LENGTH, MIN_VALUE, MAX_VALUE, CONSTANT_VALUE, UNIQUE_KEY, CREATE_USER, CREATED_ON, LINE_NO, MANAGED, FIELD_PATH, DATA_TYPE, DATA1, DATA2, TRANSITIVE_FIELDS, FORMULA, ENTITY_LOOKUP_TYPE)
VALUES ('238fce81c06d4556b4c786272736a38e', 0, '2860ed0ed88742d6a85732b10060881c', 'custMemoText1', 'CUST_MEMO_TEXT1', 'NVARCHAR2(1000)', 'CUSTOM_FIELD_MEMO_TEXT1', 0, 'string-l', '', '', '', '', '', '', '', 0, NULL, 1000, NULL, NULL, '', '', 'system', systimestamp, '52', 0, 'entity.vendorInvoiceChargeOnDocs.custMemoText1', '', '', '', '', '', '');
INSERT INTO CNT_FIELD_DEFINITION
 (ID, REVISION, PARENT_ID, FIELD_ID, COLUMN_NAME, COLUMN_TYPE, REPORT_COLUMN_NAME, PRODUCT_FIELD, FIELD_TYPE, ENTITY_LOOKUP, ENTITY_LOOKUP_KEY, ORDER_BY, GENERATOR, REFER_TABLE, KEY_COLUMN, LOOKUP_COLUMN, MANDATORY, MIN_LENGTH, MAX_LENGTH, MIN_VALUE, MAX_VALUE, CONSTANT_VALUE, UNIQUE_KEY, CREATE_USER, CREATED_ON, LINE_NO, MANAGED, FIELD_PATH, DATA_TYPE, DATA1, DATA2, TRANSITIVE_FIELDS, FORMULA, ENTITY_LOOKUP_TYPE)
VALUES ('73d5e9e07cbb44878607d60a67b4b656', 0, '2860ed0ed88742d6a85732b10060881c', 'custMemoText2', 'CUST_MEMO_TEXT2', 'NVARCHAR2(1000)', 'CUSTOM_FIELD_MEMO_TEXT2', 0, 'string-l', '', '', '', '', '', '', '', 0, NULL, 1000, NULL, NULL, '', '', 'system', systimestamp, '53', 0, 'entity.vendorInvoiceChargeOnDocs.custMemoText2', '', '', '', '', '', '');
INSERT INTO CNT_FIELD_DEFINITION
 (ID, REVISION, PARENT_ID, FIELD_ID, COLUMN_NAME, COLUMN_TYPE, REPORT_COLUMN_NAME, PRODUCT_FIELD, FIELD_TYPE, ENTITY_LOOKUP, ENTITY_LOOKUP_KEY, ORDER_BY, GENERATOR, REFER_TABLE, KEY_COLUMN, LOOKUP_COLUMN, MANDATORY, MIN_LENGTH, MAX_LENGTH, MIN_VALUE, MAX_VALUE, CONSTANT_VALUE, UNIQUE_KEY, CREATE_USER, CREATED_ON, LINE_NO, MANAGED, FIELD_PATH, DATA_TYPE, DATA1, DATA2, TRANSITIVE_FIELDS, FORMULA, ENTITY_LOOKUP_TYPE)
VALUES ('ca8f39f21b004171903565d6e7c1bd46', 0, '2860ed0ed88742d6a85732b10060881c', 'custMemoText3', 'CUST_MEMO_TEXT3', 'NVARCHAR2(1000)', 'CUSTOM_FIELD_MEMO_TEXT3', 0, 'string-l', '', '', '', '', '', '', '', 0, NULL, 1000, NULL, NULL, '', '', 'system', systimestamp, '54', 0, 'entity.vendorInvoiceChargeOnDocs.custMemoText3', '', '', '', '', '', '');
INSERT INTO CNT_FIELD_DEFINITION
 (ID, REVISION, PARENT_ID, FIELD_ID, COLUMN_NAME, COLUMN_TYPE, REPORT_COLUMN_NAME, PRODUCT_FIELD, FIELD_TYPE, ENTITY_LOOKUP, ENTITY_LOOKUP_KEY, ORDER_BY, GENERATOR, REFER_TABLE, KEY_COLUMN, LOOKUP_COLUMN, MANDATORY, MIN_LENGTH, MAX_LENGTH, MIN_VALUE, MAX_VALUE, CONSTANT_VALUE, UNIQUE_KEY, CREATE_USER, CREATED_ON, LINE_NO, MANAGED, FIELD_PATH, DATA_TYPE, DATA1, DATA2, TRANSITIVE_FIELDS, FORMULA, ENTITY_LOOKUP_TYPE)
VALUES ('242af259f29c4a0e94cf4004544100fc', 0, '2860ed0ed88742d6a85732b10060881c', 'custMemoText4', 'CUST_MEMO_TEXT4', 'NVARCHAR2(1000)', 'CUSTOM_FIELD_MEMO_TEXT4', 0, 'string-l', '', '', '', '', '', '', '', 0, NULL, 1000, NULL, NULL, '', '', 'system', systimestamp, '55', 0, 'entity.vendorInvoiceChargeOnDocs.custMemoText4', '', '', '', '', '', '');
INSERT INTO CNT_FIELD_DEFINITION
 (ID, REVISION, PARENT_ID, FIELD_ID, COLUMN_NAME, COLUMN_TYPE, REPORT_COLUMN_NAME, PRODUCT_FIELD, FIELD_TYPE, ENTITY_LOOKUP, ENTITY_LOOKUP_KEY, ORDER_BY, GENERATOR, REFER_TABLE, KEY_COLUMN, LOOKUP_COLUMN, MANDATORY, MIN_LENGTH, MAX_LENGTH, MIN_VALUE, MAX_VALUE, CONSTANT_VALUE, UNIQUE_KEY, CREATE_USER, CREATED_ON, LINE_NO, MANAGED, FIELD_PATH, DATA_TYPE, DATA1, DATA2, TRANSITIVE_FIELDS, FORMULA, ENTITY_LOOKUP_TYPE)
VALUES ('318bcace509b4a1ca2b7b8c5bb270b71', 0, '2860ed0ed88742d6a85732b10060881c', 'custMemoText5', 'CUST_MEMO_TEXT5', 'NVARCHAR2(1000)', 'CUSTOM_FIELD_MEMO_TEXT5', 0, 'string-l', '', '', '', '', '', '', '', 0, NULL, 1000, NULL, NULL, '', '', 'system', systimestamp, '56', 0, 'entity.vendorInvoiceChargeOnDocs.custMemoText5', '', '', '', '', '', '');
INSERT INTO CNT_FIELD_DEFINITION
 (ID, REVISION, PARENT_ID, FIELD_ID, COLUMN_NAME, COLUMN_TYPE, REPORT_COLUMN_NAME, PRODUCT_FIELD, FIELD_TYPE, ENTITY_LOOKUP, ENTITY_LOOKUP_KEY, ORDER_BY, GENERATOR, REFER_TABLE, KEY_COLUMN, LOOKUP_COLUMN, MANDATORY, MIN_LENGTH, MAX_LENGTH, MIN_VALUE, MAX_VALUE, CONSTANT_VALUE, UNIQUE_KEY, CREATE_USER, CREATED_ON, LINE_NO, MANAGED, FIELD_PATH, DATA_TYPE, DATA1, DATA2, TRANSITIVE_FIELDS, FORMULA, ENTITY_LOOKUP_TYPE)
VALUES ('3f52206d1a604d2db30fd54a70009705', 0, '2860ed0ed88742d6a85732b10060881c', 'custMemoText6', 'CUST_MEMO_TEXT6', 'NVARCHAR2(1000)', 'CUSTOM_FIELD_MEMO_TEXT6', 0, 'string-l', '', '', '', '', '', '', '', 0, NULL, 1000, NULL, NULL, '', '', 'system', systimestamp, '57', 0, 'entity.vendorInvoiceChargeOnDocs.custMemoText6', '', '', '', '', '', '');
INSERT INTO CNT_FIELD_DEFINITION
 (ID, REVISION, PARENT_ID, FIELD_ID, COLUMN_NAME, COLUMN_TYPE, REPORT_COLUMN_NAME, PRODUCT_FIELD, FIELD_TYPE, ENTITY_LOOKUP, ENTITY_LOOKUP_KEY, ORDER_BY, GENERATOR, REFER_TABLE, KEY_COLUMN, LOOKUP_COLUMN, MANDATORY, MIN_LENGTH, MAX_LENGTH, MIN_VALUE, MAX_VALUE, CONSTANT_VALUE, UNIQUE_KEY, CREATE_USER, CREATED_ON, LINE_NO, MANAGED, FIELD_PATH, DATA_TYPE, DATA1, DATA2, TRANSITIVE_FIELDS, FORMULA, ENTITY_LOOKUP_TYPE)
VALUES ('6b8eb4b6b7fb42f09f62b99046846a21', 0, '2860ed0ed88742d6a85732b10060881c', 'custMemoText7', 'CUST_MEMO_TEXT7', 'NVARCHAR2(1000)', 'CUSTOM_FIELD_MEMO_TEXT7', 0, 'string-l', '', '', '', '', '', '', '', 0, NULL, 1000, NULL, NULL, '', '', 'system', systimestamp, '58', 0, 'entity.vendorInvoiceChargeOnDocs.custMemoText7', '', '', '', '', '', '');
INSERT INTO CNT_FIELD_DEFINITION
 (ID, REVISION, PARENT_ID, FIELD_ID, COLUMN_NAME, COLUMN_TYPE, REPORT_COLUMN_NAME, PRODUCT_FIELD, FIELD_TYPE, ENTITY_LOOKUP, ENTITY_LOOKUP_KEY, ORDER_BY, GENERATOR, REFER_TABLE, KEY_COLUMN, LOOKUP_COLUMN, MANDATORY, MIN_LENGTH, MAX_LENGTH, MIN_VALUE, MAX_VALUE, CONSTANT_VALUE, UNIQUE_KEY, CREATE_USER, CREATED_ON, LINE_NO, MANAGED, FIELD_PATH, DATA_TYPE, DATA1, DATA2, TRANSITIVE_FIELDS, FORMULA, ENTITY_LOOKUP_TYPE)
VALUES ('db860dabc38c4161bd1c6311de60ecdd', 0, '2860ed0ed88742d6a85732b10060881c', 'custHcl1', 'CUST_HCL1_ID', 'CHAR(32)', 'CUSTOM_FIELD_HCL_CODE_SYS_ID1', 0, 'entity', 'HclNode', 'id', '', '', '', '', '', 0, 32, 32, NULL, NULL, '', '', 'system', systimestamp, '59', 0, 'entity.vendorInvoiceChargeOnDocs.custHcl1', '', '', '', '', '', '');
INSERT INTO CNT_FIELD_DEFINITION
 (ID, REVISION, PARENT_ID, FIELD_ID, COLUMN_NAME, COLUMN_TYPE, REPORT_COLUMN_NAME, PRODUCT_FIELD, FIELD_TYPE, ENTITY_LOOKUP, ENTITY_LOOKUP_KEY, ORDER_BY, GENERATOR, REFER_TABLE, KEY_COLUMN, LOOKUP_COLUMN, MANDATORY, MIN_LENGTH, MAX_LENGTH, MIN_VALUE, MAX_VALUE, CONSTANT_VALUE, UNIQUE_KEY, CREATE_USER, CREATED_ON, LINE_NO, MANAGED, FIELD_PATH, DATA_TYPE, DATA1, DATA2, TRANSITIVE_FIELDS, FORMULA, ENTITY_LOOKUP_TYPE)
VALUES ('6e1b78ec2dcc4141b9e9f1c285895941', 0, '2860ed0ed88742d6a85732b10060881c', 'custHcl2', 'CUST_HCL2_ID', 'CHAR(32)', 'CUSTOM_FIELD_HCL_CODE_SYS_ID2', 0, 'entity', 'HclNode', 'id', '', '', '', '', '', 0, 32, 32, NULL, NULL, '', '', 'system', systimestamp, '60', 0, 'entity.vendorInvoiceChargeOnDocs.custHcl2', '', '', '', '', '', '');
INSERT INTO CNT_FIELD_DEFINITION
 (ID, REVISION, PARENT_ID, FIELD_ID, COLUMN_NAME, COLUMN_TYPE, REPORT_COLUMN_NAME, PRODUCT_FIELD, FIELD_TYPE, ENTITY_LOOKUP, ENTITY_LOOKUP_KEY, ORDER_BY, GENERATOR, REFER_TABLE, KEY_COLUMN, LOOKUP_COLUMN, MANDATORY, MIN_LENGTH, MAX_LENGTH, MIN_VALUE, MAX_VALUE, CONSTANT_VALUE, UNIQUE_KEY, CREATE_USER, CREATED_ON, LINE_NO, MANAGED, FIELD_PATH, DATA_TYPE, DATA1, DATA2, TRANSITIVE_FIELDS, FORMULA, ENTITY_LOOKUP_TYPE)
VALUES ('716bb60c08b947c28ccabd9a3d86c30f', 0, '2860ed0ed88742d6a85732b10060881c', 'custHcl3', 'CUST_HCL3_ID', 'CHAR(32)', 'CUSTOM_FIELD_HCL_CODE_SYS_ID3', 0, 'entity', 'HclNode', 'id', '', '', '', '', '', 0, 32, 32, NULL, NULL, '', '', 'system', systimestamp, '61', 0, 'entity.vendorInvoiceChargeOnDocs.custHcl3', '', '', '', '', '', '');
INSERT INTO CNT_FIELD_DEFINITION
 (ID, REVISION, PARENT_ID, FIELD_ID, COLUMN_NAME, COLUMN_TYPE, REPORT_COLUMN_NAME, PRODUCT_FIELD, FIELD_TYPE, ENTITY_LOOKUP, ENTITY_LOOKUP_KEY, ORDER_BY, GENERATOR, REFER_TABLE, KEY_COLUMN, LOOKUP_COLUMN, MANDATORY, MIN_LENGTH, MAX_LENGTH, MIN_VALUE, MAX_VALUE, CONSTANT_VALUE, UNIQUE_KEY, CREATE_USER, CREATED_ON, LINE_NO, MANAGED, FIELD_PATH, DATA_TYPE, DATA1, DATA2, TRANSITIVE_FIELDS, FORMULA, ENTITY_LOOKUP_TYPE)
VALUES ('bb8fcd49f1e1438885d09ef295d492cc', 0, '2860ed0ed88742d6a85732b10060881c', 'custHcl4', 'CUST_HCL4_ID', 'CHAR(32)', 'CUSTOM_FIELD_HCL_CODE_SYS_ID4', 0, 'entity', 'HclNode', 'id', '', '', '', '', '', 0, 32, 32, NULL, NULL, '', '', 'system', systimestamp, '62', 0, 'entity.vendorInvoiceChargeOnDocs.custHcl4', '', '', '', '', '', '');
INSERT INTO CNT_FIELD_DEFINITION
 (ID, REVISION, PARENT_ID, FIELD_ID, COLUMN_NAME, COLUMN_TYPE, REPORT_COLUMN_NAME, PRODUCT_FIELD, FIELD_TYPE, ENTITY_LOOKUP, ENTITY_LOOKUP_KEY, ORDER_BY, GENERATOR, REFER_TABLE, KEY_COLUMN, LOOKUP_COLUMN, MANDATORY, MIN_LENGTH, MAX_LENGTH, MIN_VALUE, MAX_VALUE, CONSTANT_VALUE, UNIQUE_KEY, CREATE_USER, CREATED_ON, LINE_NO, MANAGED, FIELD_PATH, DATA_TYPE, DATA1, DATA2, TRANSITIVE_FIELDS, FORMULA, ENTITY_LOOKUP_TYPE)
VALUES ('b6b72f4183de44cb92de226867b71b63', 0, '2860ed0ed88742d6a85732b10060881c', 'custHcl5', 'CUST_HCL5_ID', 'CHAR(32)', 'CUSTOM_FIELD_HCL_CODE_SYS_ID5', 0, 'entity', 'HclNode', 'id', '', '', '', '', '', 0, 32, 32, NULL, NULL, '', '', 'system', systimestamp, '63', 0, 'entity.vendorInvoiceChargeOnDocs.custHcl5', '', '', '', '', '', '');
INSERT INTO CNT_FIELD_DEFINITION
 (ID, REVISION, PARENT_ID, FIELD_ID, COLUMN_NAME, COLUMN_TYPE, REPORT_COLUMN_NAME, PRODUCT_FIELD, FIELD_TYPE, ENTITY_LOOKUP, ENTITY_LOOKUP_KEY, ORDER_BY, GENERATOR, REFER_TABLE, KEY_COLUMN, LOOKUP_COLUMN, MANDATORY, MIN_LENGTH, MAX_LENGTH, MIN_VALUE, MAX_VALUE, CONSTANT_VALUE, UNIQUE_KEY, CREATE_USER, CREATED_ON, LINE_NO, MANAGED, FIELD_PATH, DATA_TYPE, DATA1, DATA2, TRANSITIVE_FIELDS, FORMULA, ENTITY_LOOKUP_TYPE)
VALUES ('a19c7d9ec835493bb8a4b20e06256308', 0, '2860ed0ed88742d6a85732b10060881c', 'reasonCodeName', 'REASON_CODE_NAME', 'NVARCHAR2(400)', 'N/A', 1, 'string-m', '', '', '', '', '', '', '', 0, NULL, 400, NULL, NULL, '', '', 'system', systimestamp, '64', 0, 'entity.vendorInvoiceChargeOnDocs.reasonCodeName', '', '', '', '', '', '');
INSERT INTO CNT_FIELD_DEFINITION
 (ID, REVISION, PARENT_ID, FIELD_ID, COLUMN_NAME, COLUMN_TYPE, REPORT_COLUMN_NAME, PRODUCT_FIELD, FIELD_TYPE, ENTITY_LOOKUP, ENTITY_LOOKUP_KEY, ORDER_BY, GENERATOR, REFER_TABLE, KEY_COLUMN, LOOKUP_COLUMN, MANDATORY, MIN_LENGTH, MAX_LENGTH, MIN_VALUE, MAX_VALUE, CONSTANT_VALUE, UNIQUE_KEY, CREATE_USER, CREATED_ON, LINE_NO, MANAGED, FIELD_PATH, DATA_TYPE, DATA1, DATA2, TRANSITIVE_FIELDS, FORMULA, ENTITY_LOOKUP_TYPE)
VALUES ('38ec84d0c1d049e586f340e1fdf818d8', 0, '2860ed0ed88742d6a85732b10060881c', 'chargeTypeName', 'CHARGE_TYPE_NAME', 'NVARCHAR2(400)', 'N/A', 1, 'string-m', '', '', '', '', '', '', '', 0, NULL, 400, NULL, NULL, '', '', 'system', systimestamp, '65', 0, 'entity.vendorInvoiceChargeOnDocs.chargeTypeName', '', '', '', '', '', '');
INSERT INTO CNT_FIELD_DEFINITION
 (ID, REVISION, PARENT_ID, FIELD_ID, COLUMN_NAME, COLUMN_TYPE, REPORT_COLUMN_NAME, PRODUCT_FIELD, FIELD_TYPE, ENTITY_LOOKUP, ENTITY_LOOKUP_KEY, ORDER_BY, GENERATOR, REFER_TABLE, KEY_COLUMN, LOOKUP_COLUMN, MANDATORY, MIN_LENGTH, MAX_LENGTH, MIN_VALUE, MAX_VALUE, CONSTANT_VALUE, UNIQUE_KEY, CREATE_USER, CREATED_ON, LINE_NO, MANAGED, FIELD_PATH, DATA_TYPE, DATA1, DATA2, TRANSITIVE_FIELDS, FORMULA, ENTITY_LOOKUP_TYPE)
VALUES ('91520f5b9a5f41418c29fd7b046a7e6f', 0, '2860ed0ed88742d6a85732b10060881c', 'calculateTypeName', 'CALCULATE_TYPE_NAME', 'NVARCHAR2(400)', 'N/A', 1, 'string-m', '', '', '', '', '', '', '', 0, NULL, 400, NULL, NULL, '', '', 'system', systimestamp, '66', 0, 'entity.vendorInvoiceChargeOnDocs.calculateTypeName', '', '', '', '', '', '');
INSERT INTO CNT_FIELD_DEFINITION
 (ID, REVISION, PARENT_ID, FIELD_ID, COLUMN_NAME, COLUMN_TYPE, REPORT_COLUMN_NAME, PRODUCT_FIELD, FIELD_TYPE, ENTITY_LOOKUP, ENTITY_LOOKUP_KEY, ORDER_BY, GENERATOR, REFER_TABLE, KEY_COLUMN, LOOKUP_COLUMN, MANDATORY, MIN_LENGTH, MAX_LENGTH, MIN_VALUE, MAX_VALUE, CONSTANT_VALUE, UNIQUE_KEY, CREATE_USER, CREATED_ON, LINE_NO, MANAGED, FIELD_PATH, DATA_TYPE, DATA1, DATA2, TRANSITIVE_FIELDS, FORMULA, ENTITY_LOOKUP_TYPE)
VALUES ('463aa02dff6a4f01b3b356a9a846278a', 0, '2860ed0ed88742d6a85732b10060881c', 'custCodelist1Name', 'CUST_CODELIST1_NAME', 'NVARCHAR2(400)', 'N/A', 0, 'string-m', '', '', '', '', '', '', '', 0, NULL, 400, NULL, NULL, '', '', 'system', systimestamp, '67', 0, 'entity.vendorInvoiceChargeOnDocs.custCodelist1Name', '', '', '', '', '', '');
INSERT INTO CNT_FIELD_DEFINITION
 (ID, REVISION, PARENT_ID, FIELD_ID, COLUMN_NAME, COLUMN_TYPE, REPORT_COLUMN_NAME, PRODUCT_FIELD, FIELD_TYPE, ENTITY_LOOKUP, ENTITY_LOOKUP_KEY, ORDER_BY, GENERATOR, REFER_TABLE, KEY_COLUMN, LOOKUP_COLUMN, MANDATORY, MIN_LENGTH, MAX_LENGTH, MIN_VALUE, MAX_VALUE, CONSTANT_VALUE, UNIQUE_KEY, CREATE_USER, CREATED_ON, LINE_NO, MANAGED, FIELD_PATH, DATA_TYPE, DATA1, DATA2, TRANSITIVE_FIELDS, FORMULA, ENTITY_LOOKUP_TYPE)
VALUES ('6573eaec35a345938b326580ca14d087', 0, '2860ed0ed88742d6a85732b10060881c', 'custCodelist2Name', 'CUST_CODELIST2_NAME', 'NVARCHAR2(400)', 'N/A', 0, 'string-m', '', '', '', '', '', '', '', 0, NULL, 400, NULL, NULL, '', '', 'system', systimestamp, '68', 0, 'entity.vendorInvoiceChargeOnDocs.custCodelist2Name', '', '', '', '', '', '');
INSERT INTO CNT_FIELD_DEFINITION
 (ID, REVISION, PARENT_ID, FIELD_ID, COLUMN_NAME, COLUMN_TYPE, REPORT_COLUMN_NAME, PRODUCT_FIELD, FIELD_TYPE, ENTITY_LOOKUP, ENTITY_LOOKUP_KEY, ORDER_BY, GENERATOR, REFER_TABLE, KEY_COLUMN, LOOKUP_COLUMN, MANDATORY, MIN_LENGTH, MAX_LENGTH, MIN_VALUE, MAX_VALUE, CONSTANT_VALUE, UNIQUE_KEY, CREATE_USER, CREATED_ON, LINE_NO, MANAGED, FIELD_PATH, DATA_TYPE, DATA1, DATA2, TRANSITIVE_FIELDS, FORMULA, ENTITY_LOOKUP_TYPE)
VALUES ('e8775dafcc2e4761a60622434c05ea70', 0, '2860ed0ed88742d6a85732b10060881c', 'custCodelist3Name', 'CUST_CODELIST3_NAME', 'NVARCHAR2(400)', 'N/A', 0, 'string-m', '', '', '', '', '', '', '', 0, NULL, 400, NULL, NULL, '', '', 'system', systimestamp, '69', 0, 'entity.vendorInvoiceChargeOnDocs.custCodelist3Name', '', '', '', '', '', '');
INSERT INTO CNT_FIELD_DEFINITION
 (ID, REVISION, PARENT_ID, FIELD_ID, COLUMN_NAME, COLUMN_TYPE, REPORT_COLUMN_NAME, PRODUCT_FIELD, FIELD_TYPE, ENTITY_LOOKUP, ENTITY_LOOKUP_KEY, ORDER_BY, GENERATOR, REFER_TABLE, KEY_COLUMN, LOOKUP_COLUMN, MANDATORY, MIN_LENGTH, MAX_LENGTH, MIN_VALUE, MAX_VALUE, CONSTANT_VALUE, UNIQUE_KEY, CREATE_USER, CREATED_ON, LINE_NO, MANAGED, FIELD_PATH, DATA_TYPE, DATA1, DATA2, TRANSITIVE_FIELDS, FORMULA, ENTITY_LOOKUP_TYPE)
VALUES ('bef7c1dee9484f8682db965ef9cd8f11', 0, '2860ed0ed88742d6a85732b10060881c', 'custCodelist4Name', 'CUST_CODELIST4_NAME', 'NVARCHAR2(400)', 'N/A', 0, 'string-m', '', '', '', '', '', '', '', 0, NULL, 400, NULL, NULL, '', '', 'system', systimestamp, '70', 0, 'entity.vendorInvoiceChargeOnDocs.custCodelist4Name', '', '', '', '', '', '');
INSERT INTO CNT_FIELD_DEFINITION
 (ID, REVISION, PARENT_ID, FIELD_ID, COLUMN_NAME, COLUMN_TYPE, REPORT_COLUMN_NAME, PRODUCT_FIELD, FIELD_TYPE, ENTITY_LOOKUP, ENTITY_LOOKUP_KEY, ORDER_BY, GENERATOR, REFER_TABLE, KEY_COLUMN, LOOKUP_COLUMN, MANDATORY, MIN_LENGTH, MAX_LENGTH, MIN_VALUE, MAX_VALUE, CONSTANT_VALUE, UNIQUE_KEY, CREATE_USER, CREATED_ON, LINE_NO, MANAGED, FIELD_PATH, DATA_TYPE, DATA1, DATA2, TRANSITIVE_FIELDS, FORMULA, ENTITY_LOOKUP_TYPE)
VALUES ('8eed1908134547d19ec5df02e7631f4b', 0, '2860ed0ed88742d6a85732b10060881c', 'custCodelist5Name', 'CUST_CODELIST5_NAME', 'NVARCHAR2(400)', 'N/A', 0, 'string-m', '', '', '', '', '', '', '', 0, NULL, 400, NULL, NULL, '', '', 'system', systimestamp, '71', 0, 'entity.vendorInvoiceChargeOnDocs.custCodelist5Name', '', '', '', '', '', '');
INSERT INTO CNT_FIELD_DEFINITION
 (ID, REVISION, PARENT_ID, FIELD_ID, COLUMN_NAME, COLUMN_TYPE, REPORT_COLUMN_NAME, PRODUCT_FIELD, FIELD_TYPE, ENTITY_LOOKUP, ENTITY_LOOKUP_KEY, ORDER_BY, GENERATOR, REFER_TABLE, KEY_COLUMN, LOOKUP_COLUMN, MANDATORY, MIN_LENGTH, MAX_LENGTH, MIN_VALUE, MAX_VALUE, CONSTANT_VALUE, UNIQUE_KEY, CREATE_USER, CREATED_ON, LINE_NO, MANAGED, FIELD_PATH, DATA_TYPE, DATA1, DATA2, TRANSITIVE_FIELDS, FORMULA, ENTITY_LOOKUP_TYPE)
VALUES ('26b5c5d9257743f0b37eda88e4965d08', 0, '2860ed0ed88742d6a85732b10060881c', 'custCodelist6Name', 'CUST_CODELIST6_NAME', 'NVARCHAR2(400)', 'N/A', 0, 'string-m', '', '', '', '', '', '', '', 0, NULL, 400, NULL, NULL, '', '', 'system', systimestamp, '72', 0, 'entity.vendorInvoiceChargeOnDocs.custCodelist6Name', '', '', '', '', '', '');
INSERT INTO CNT_FIELD_DEFINITION
 (ID, REVISION, PARENT_ID, FIELD_ID, COLUMN_NAME, COLUMN_TYPE, REPORT_COLUMN_NAME, PRODUCT_FIELD, FIELD_TYPE, ENTITY_LOOKUP, ENTITY_LOOKUP_KEY, ORDER_BY, GENERATOR, REFER_TABLE, KEY_COLUMN, LOOKUP_COLUMN, MANDATORY, MIN_LENGTH, MAX_LENGTH, MIN_VALUE, MAX_VALUE, CONSTANT_VALUE, UNIQUE_KEY, CREATE_USER, CREATED_ON, LINE_NO, MANAGED, FIELD_PATH, DATA_TYPE, DATA1, DATA2, TRANSITIVE_FIELDS, FORMULA, ENTITY_LOOKUP_TYPE)
VALUES ('29c559c6fb8c4d2c893ac31ab488bda6', 0, '2860ed0ed88742d6a85732b10060881c', 'custCodelist7Name', 'CUST_CODELIST7_NAME', 'NVARCHAR2(400)', 'N/A', 0, 'string-m', '', '', '', '', '', '', '', 0, NULL, 400, NULL, NULL, '', '', 'system', systimestamp, '73', 0, 'entity.vendorInvoiceChargeOnDocs.custCodelist7Name', '', '', '', '', '', '');
INSERT INTO CNT_FIELD_DEFINITION
 (ID, REVISION, PARENT_ID, FIELD_ID, COLUMN_NAME, COLUMN_TYPE, REPORT_COLUMN_NAME, PRODUCT_FIELD, FIELD_TYPE, ENTITY_LOOKUP, ENTITY_LOOKUP_KEY, ORDER_BY, GENERATOR, REFER_TABLE, KEY_COLUMN, LOOKUP_COLUMN, MANDATORY, MIN_LENGTH, MAX_LENGTH, MIN_VALUE, MAX_VALUE, CONSTANT_VALUE, UNIQUE_KEY, CREATE_USER, CREATED_ON, LINE_NO, MANAGED, FIELD_PATH, DATA_TYPE, DATA1, DATA2, TRANSITIVE_FIELDS, FORMULA, ENTITY_LOOKUP_TYPE)
VALUES ('acb9f2d593fa49eda3e37efe9fff2189', 0, '2860ed0ed88742d6a85732b10060881c', 'custHcl1Ref', 'CUST_HCL1_REF', 'NVARCHAR2(1000)', 'N/A', 0, 'string-l', '', '', '', '', '', '', '', 0, NULL, 1000, NULL, NULL, '', '', 'system', systimestamp, '74', 0, 'entity.vendorInvoiceChargeOnDocs.custHcl1Ref', '', '', '', '', '', '');
INSERT INTO CNT_FIELD_DEFINITION
 (ID, REVISION, PARENT_ID, FIELD_ID, COLUMN_NAME, COLUMN_TYPE, REPORT_COLUMN_NAME, PRODUCT_FIELD, FIELD_TYPE, ENTITY_LOOKUP, ENTITY_LOOKUP_KEY, ORDER_BY, GENERATOR, REFER_TABLE, KEY_COLUMN, LOOKUP_COLUMN, MANDATORY, MIN_LENGTH, MAX_LENGTH, MIN_VALUE, MAX_VALUE, CONSTANT_VALUE, UNIQUE_KEY, CREATE_USER, CREATED_ON, LINE_NO, MANAGED, FIELD_PATH, DATA_TYPE, DATA1, DATA2, TRANSITIVE_FIELDS, FORMULA, ENTITY_LOOKUP_TYPE)
VALUES ('8c8bb4725abd453f90b34153a745f547', 0, '2860ed0ed88742d6a85732b10060881c', 'custHcl1Ver', 'CUST_HCL1_VER', 'NUMBER(20, 0)', 'N/A', 0, 'integer', '', '', '', '', '', '', '', 0, NULL, 18, NULL, NULL, '', '', 'system', systimestamp, '75', 0, 'entity.vendorInvoiceChargeOnDocs.custHcl1Ver', '', '', '', '', '', '');
INSERT INTO CNT_FIELD_DEFINITION
 (ID, REVISION, PARENT_ID, FIELD_ID, COLUMN_NAME, COLUMN_TYPE, REPORT_COLUMN_NAME, PRODUCT_FIELD, FIELD_TYPE, ENTITY_LOOKUP, ENTITY_LOOKUP_KEY, ORDER_BY, GENERATOR, REFER_TABLE, KEY_COLUMN, LOOKUP_COLUMN, MANDATORY, MIN_LENGTH, MAX_LENGTH, MIN_VALUE, MAX_VALUE, CONSTANT_VALUE, UNIQUE_KEY, CREATE_USER, CREATED_ON, LINE_NO, MANAGED, FIELD_PATH, DATA_TYPE, DATA1, DATA2, TRANSITIVE_FIELDS, FORMULA, ENTITY_LOOKUP_TYPE)
VALUES ('e47161dd39e7441f934edc986ed260b9', 0, '2860ed0ed88742d6a85732b10060881c', 'custHcl1Ref2', 'CUST_HCL1_REF2', 'NVARCHAR2(1000)', 'N/A', 0, 'string-l', '', '', '', '', '', '', '', 0, NULL, 1000, NULL, NULL, '', '', 'system', systimestamp, '76', 0, 'entity.vendorInvoiceChargeOnDocs.custHcl1Ref2', '', '', '', '', '', '');
INSERT INTO CNT_FIELD_DEFINITION
 (ID, REVISION, PARENT_ID, FIELD_ID, COLUMN_NAME, COLUMN_TYPE, REPORT_COLUMN_NAME, PRODUCT_FIELD, FIELD_TYPE, ENTITY_LOOKUP, ENTITY_LOOKUP_KEY, ORDER_BY, GENERATOR, REFER_TABLE, KEY_COLUMN, LOOKUP_COLUMN, MANDATORY, MIN_LENGTH, MAX_LENGTH, MIN_VALUE, MAX_VALUE, CONSTANT_VALUE, UNIQUE_KEY, CREATE_USER, CREATED_ON, LINE_NO, MANAGED, FIELD_PATH, DATA_TYPE, DATA1, DATA2, TRANSITIVE_FIELDS, FORMULA, ENTITY_LOOKUP_TYPE)
VALUES ('9c5ca3b0d892400692925aeeef7359e4', 0, '2860ed0ed88742d6a85732b10060881c', 'custHcl1FullLineage', 'CUST_HCL1_FULL_LINEAGE', 'NVARCHAR2(1000)', 'N/A', 0, 'string-l', '', '', '', '', '', '', '', 0, NULL, 1000, NULL, NULL, '', '', 'system', systimestamp, '77', 0, 'entity.vendorInvoiceChargeOnDocs.custHcl1FullLineage', '', '', '', '', '', '');
INSERT INTO CNT_FIELD_DEFINITION
 (ID, REVISION, PARENT_ID, FIELD_ID, COLUMN_NAME, COLUMN_TYPE, REPORT_COLUMN_NAME, PRODUCT_FIELD, FIELD_TYPE, ENTITY_LOOKUP, ENTITY_LOOKUP_KEY, ORDER_BY, GENERATOR, REFER_TABLE, KEY_COLUMN, LOOKUP_COLUMN, MANDATORY, MIN_LENGTH, MAX_LENGTH, MIN_VALUE, MAX_VALUE, CONSTANT_VALUE, UNIQUE_KEY, CREATE_USER, CREATED_ON, LINE_NO, MANAGED, FIELD_PATH, DATA_TYPE, DATA1, DATA2, TRANSITIVE_FIELDS, FORMULA, ENTITY_LOOKUP_TYPE)
VALUES ('cdab1d411cbf436a85990764a60702eb', 0, '2860ed0ed88742d6a85732b10060881c', 'custHcl2Ref', 'CUST_HCL2_REF', 'NVARCHAR2(1000)', 'N/A', 0, 'string-l', '', '', '', '', '', '', '', 0, NULL, 1000, NULL, NULL, '', '', 'system', systimestamp, '78', 0, 'entity.vendorInvoiceChargeOnDocs.custHcl2Ref', '', '', '', '', '', '');
INSERT INTO CNT_FIELD_DEFINITION
 (ID, REVISION, PARENT_ID, FIELD_ID, COLUMN_NAME, COLUMN_TYPE, REPORT_COLUMN_NAME, PRODUCT_FIELD, FIELD_TYPE, ENTITY_LOOKUP, ENTITY_LOOKUP_KEY, ORDER_BY, GENERATOR, REFER_TABLE, KEY_COLUMN, LOOKUP_COLUMN, MANDATORY, MIN_LENGTH, MAX_LENGTH, MIN_VALUE, MAX_VALUE, CONSTANT_VALUE, UNIQUE_KEY, CREATE_USER, CREATED_ON, LINE_NO, MANAGED, FIELD_PATH, DATA_TYPE, DATA1, DATA2, TRANSITIVE_FIELDS, FORMULA, ENTITY_LOOKUP_TYPE)
VALUES ('ce204f82dccb4c8d998944b2a24ad3e2', 0, '2860ed0ed88742d6a85732b10060881c', 'custHcl2Ver', 'CUST_HCL2_VER', 'NUMBER(20, 0)', 'N/A', 0, 'integer', '', '', '', '', '', '', '', 0, NULL, 18, NULL, NULL, '', '', 'system', systimestamp, '79', 0, 'entity.vendorInvoiceChargeOnDocs.custHcl2Ver', '', '', '', '', '', '');
INSERT INTO CNT_FIELD_DEFINITION
 (ID, REVISION, PARENT_ID, FIELD_ID, COLUMN_NAME, COLUMN_TYPE, REPORT_COLUMN_NAME, PRODUCT_FIELD, FIELD_TYPE, ENTITY_LOOKUP, ENTITY_LOOKUP_KEY, ORDER_BY, GENERATOR, REFER_TABLE, KEY_COLUMN, LOOKUP_COLUMN, MANDATORY, MIN_LENGTH, MAX_LENGTH, MIN_VALUE, MAX_VALUE, CONSTANT_VALUE, UNIQUE_KEY, CREATE_USER, CREATED_ON, LINE_NO, MANAGED, FIELD_PATH, DATA_TYPE, DATA1, DATA2, TRANSITIVE_FIELDS, FORMULA, ENTITY_LOOKUP_TYPE)
VALUES ('201d820cf5314c89ba0bcaf258168878', 0, '2860ed0ed88742d6a85732b10060881c', 'custHcl2Ref2', 'CUST_HCL2_REF2', 'NVARCHAR2(1000)', 'N/A', 0, 'string-l', '', '', '', '', '', '', '', 0, NULL, 1000, NULL, NULL, '', '', 'system', systimestamp, '80', 0, 'entity.vendorInvoiceChargeOnDocs.custHcl2Ref2', '', '', '', '', '', '');
INSERT INTO CNT_FIELD_DEFINITION
 (ID, REVISION, PARENT_ID, FIELD_ID, COLUMN_NAME, COLUMN_TYPE, REPORT_COLUMN_NAME, PRODUCT_FIELD, FIELD_TYPE, ENTITY_LOOKUP, ENTITY_LOOKUP_KEY, ORDER_BY, GENERATOR, REFER_TABLE, KEY_COLUMN, LOOKUP_COLUMN, MANDATORY, MIN_LENGTH, MAX_LENGTH, MIN_VALUE, MAX_VALUE, CONSTANT_VALUE, UNIQUE_KEY, CREATE_USER, CREATED_ON, LINE_NO, MANAGED, FIELD_PATH, DATA_TYPE, DATA1, DATA2, TRANSITIVE_FIELDS, FORMULA, ENTITY_LOOKUP_TYPE)
VALUES ('d7e519e778664a7f8dc935134934b31f', 0, '2860ed0ed88742d6a85732b10060881c', 'custHcl2FullLineage', 'CUST_HCL2_FULL_LINEAGE', 'NVARCHAR2(1000)', 'N/A', 0, 'string-l', '', '', '', '', '', '', '', 0, NULL, 1000, NULL, NULL, '', '', 'system', systimestamp, '81', 0, 'entity.vendorInvoiceChargeOnDocs.custHcl2FullLineage', '', '', '', '', '', '');
INSERT INTO CNT_FIELD_DEFINITION
 (ID, REVISION, PARENT_ID, FIELD_ID, COLUMN_NAME, COLUMN_TYPE, REPORT_COLUMN_NAME, PRODUCT_FIELD, FIELD_TYPE, ENTITY_LOOKUP, ENTITY_LOOKUP_KEY, ORDER_BY, GENERATOR, REFER_TABLE, KEY_COLUMN, LOOKUP_COLUMN, MANDATORY, MIN_LENGTH, MAX_LENGTH, MIN_VALUE, MAX_VALUE, CONSTANT_VALUE, UNIQUE_KEY, CREATE_USER, CREATED_ON, LINE_NO, MANAGED, FIELD_PATH, DATA_TYPE, DATA1, DATA2, TRANSITIVE_FIELDS, FORMULA, ENTITY_LOOKUP_TYPE)
VALUES ('8e5631ff18e543cd8d4d654bf4624092', 0, '2860ed0ed88742d6a85732b10060881c', 'custHcl3Ref', 'CUST_HCL3_REF', 'NVARCHAR2(1000)', 'N/A', 0, 'string-l', '', '', '', '', '', '', '', 0, NULL, 1000, NULL, NULL, '', '', 'system', systimestamp, '82', 0, 'entity.vendorInvoiceChargeOnDocs.custHcl3Ref', '', '', '', '', '', '');
INSERT INTO CNT_FIELD_DEFINITION
 (ID, REVISION, PARENT_ID, FIELD_ID, COLUMN_NAME, COLUMN_TYPE, REPORT_COLUMN_NAME, PRODUCT_FIELD, FIELD_TYPE, ENTITY_LOOKUP, ENTITY_LOOKUP_KEY, ORDER_BY, GENERATOR, REFER_TABLE, KEY_COLUMN, LOOKUP_COLUMN, MANDATORY, MIN_LENGTH, MAX_LENGTH, MIN_VALUE, MAX_VALUE, CONSTANT_VALUE, UNIQUE_KEY, CREATE_USER, CREATED_ON, LINE_NO, MANAGED, FIELD_PATH, DATA_TYPE, DATA1, DATA2, TRANSITIVE_FIELDS, FORMULA, ENTITY_LOOKUP_TYPE)
VALUES ('9b2b46e062b3423bbb188a200d49603b', 0, '2860ed0ed88742d6a85732b10060881c', 'custHcl3Ver', 'CUST_HCL3_VER', 'NUMBER(20, 0)', 'N/A', 0, 'integer', '', '', '', '', '', '', '', 0, NULL, 18, NULL, NULL, '', '', 'system', systimestamp, '83', 0, 'entity.vendorInvoiceChargeOnDocs.custHcl3Ver', '', '', '', '', '', '');
INSERT INTO CNT_FIELD_DEFINITION
 (ID, REVISION, PARENT_ID, FIELD_ID, COLUMN_NAME, COLUMN_TYPE, REPORT_COLUMN_NAME, PRODUCT_FIELD, FIELD_TYPE, ENTITY_LOOKUP, ENTITY_LOOKUP_KEY, ORDER_BY, GENERATOR, REFER_TABLE, KEY_COLUMN, LOOKUP_COLUMN, MANDATORY, MIN_LENGTH, MAX_LENGTH, MIN_VALUE, MAX_VALUE, CONSTANT_VALUE, UNIQUE_KEY, CREATE_USER, CREATED_ON, LINE_NO, MANAGED, FIELD_PATH, DATA_TYPE, DATA1, DATA2, TRANSITIVE_FIELDS, FORMULA, ENTITY_LOOKUP_TYPE)
VALUES ('d8e957c3b19645bd96ccac991aa62340', 0, '2860ed0ed88742d6a85732b10060881c', 'custHcl3Ref2', 'CUST_HCL3_REF2', 'NVARCHAR2(1000)', 'N/A', 0, 'string-l', '', '', '', '', '', '', '', 0, NULL, 1000, NULL, NULL, '', '', 'system', systimestamp, '84', 0, 'entity.vendorInvoiceChargeOnDocs.custHcl3Ref2', '', '', '', '', '', '');
INSERT INTO CNT_FIELD_DEFINITION
 (ID, REVISION, PARENT_ID, FIELD_ID, COLUMN_NAME, COLUMN_TYPE, REPORT_COLUMN_NAME, PRODUCT_FIELD, FIELD_TYPE, ENTITY_LOOKUP, ENTITY_LOOKUP_KEY, ORDER_BY, GENERATOR, REFER_TABLE, KEY_COLUMN, LOOKUP_COLUMN, MANDATORY, MIN_LENGTH, MAX_LENGTH, MIN_VALUE, MAX_VALUE, CONSTANT_VALUE, UNIQUE_KEY, CREATE_USER, CREATED_ON, LINE_NO, MANAGED, FIELD_PATH, DATA_TYPE, DATA1, DATA2, TRANSITIVE_FIELDS, FORMULA, ENTITY_LOOKUP_TYPE)
VALUES ('42463c223c884fe1ace47b8b974cfd7f', 0, '2860ed0ed88742d6a85732b10060881c', 'custHcl3FullLineage', 'CUST_HCL3_FULL_LINEAGE', 'NVARCHAR2(1000)', 'N/A', 0, 'string-l', '', '', '', '', '', '', '', 0, NULL, 1000, NULL, NULL, '', '', 'system', systimestamp, '85', 0, 'entity.vendorInvoiceChargeOnDocs.custHcl3FullLineage', '', '', '', '', '', '');
INSERT INTO CNT_FIELD_DEFINITION
 (ID, REVISION, PARENT_ID, FIELD_ID, COLUMN_NAME, COLUMN_TYPE, REPORT_COLUMN_NAME, PRODUCT_FIELD, FIELD_TYPE, ENTITY_LOOKUP, ENTITY_LOOKUP_KEY, ORDER_BY, GENERATOR, REFER_TABLE, KEY_COLUMN, LOOKUP_COLUMN, MANDATORY, MIN_LENGTH, MAX_LENGTH, MIN_VALUE, MAX_VALUE, CONSTANT_VALUE, UNIQUE_KEY, CREATE_USER, CREATED_ON, LINE_NO, MANAGED, FIELD_PATH, DATA_TYPE, DATA1, DATA2, TRANSITIVE_FIELDS, FORMULA, ENTITY_LOOKUP_TYPE)
VALUES ('5267db8840ff4327905c5d5a0687852e', 0, '2860ed0ed88742d6a85732b10060881c', 'custHcl4Ref', 'CUST_HCL4_REF', 'NVARCHAR2(1000)', 'N/A', 0, 'string-l', '', '', '', '', '', '', '', 0, NULL, 1000, NULL, NULL, '', '', 'system', systimestamp, '86', 0, 'entity.vendorInvoiceChargeOnDocs.custHcl4Ref', '', '', '', '', '', '');
INSERT INTO CNT_FIELD_DEFINITION
 (ID, REVISION, PARENT_ID, FIELD_ID, COLUMN_NAME, COLUMN_TYPE, REPORT_COLUMN_NAME, PRODUCT_FIELD, FIELD_TYPE, ENTITY_LOOKUP, ENTITY_LOOKUP_KEY, ORDER_BY, GENERATOR, REFER_TABLE, KEY_COLUMN, LOOKUP_COLUMN, MANDATORY, MIN_LENGTH, MAX_LENGTH, MIN_VALUE, MAX_VALUE, CONSTANT_VALUE, UNIQUE_KEY, CREATE_USER, CREATED_ON, LINE_NO, MANAGED, FIELD_PATH, DATA_TYPE, DATA1, DATA2, TRANSITIVE_FIELDS, FORMULA, ENTITY_LOOKUP_TYPE)
VALUES ('41363937d1724e0a88ace08805d3b391', 0, '2860ed0ed88742d6a85732b10060881c', 'custHcl4Ver', 'CUST_HCL4_VER', 'NUMBER(20, 0)', 'N/A', 0, 'integer', '', '', '', '', '', '', '', 0, NULL, 18, NULL, NULL, '', '', 'system', systimestamp, '87', 0, 'entity.vendorInvoiceChargeOnDocs.custHcl4Ver', '', '', '', '', '', '');
INSERT INTO CNT_FIELD_DEFINITION
 (ID, REVISION, PARENT_ID, FIELD_ID, COLUMN_NAME, COLUMN_TYPE, REPORT_COLUMN_NAME, PRODUCT_FIELD, FIELD_TYPE, ENTITY_LOOKUP, ENTITY_LOOKUP_KEY, ORDER_BY, GENERATOR, REFER_TABLE, KEY_COLUMN, LOOKUP_COLUMN, MANDATORY, MIN_LENGTH, MAX_LENGTH, MIN_VALUE, MAX_VALUE, CONSTANT_VALUE, UNIQUE_KEY, CREATE_USER, CREATED_ON, LINE_NO, MANAGED, FIELD_PATH, DATA_TYPE, DATA1, DATA2, TRANSITIVE_FIELDS, FORMULA, ENTITY_LOOKUP_TYPE)
VALUES ('a7774efd9fd9482c9e2f09ce9311a00e', 0, '2860ed0ed88742d6a85732b10060881c', 'custHcl4Ref2', 'CUST_HCL4_REF2', 'NVARCHAR2(1000)', 'N/A', 0, 'string-l', '', '', '', '', '', '', '', 0, NULL, 1000, NULL, NULL, '', '', 'system', systimestamp, '88', 0, 'entity.vendorInvoiceChargeOnDocs.custHcl4Ref2', '', '', '', '', '', '');
INSERT INTO CNT_FIELD_DEFINITION
 (ID, REVISION, PARENT_ID, FIELD_ID, COLUMN_NAME, COLUMN_TYPE, REPORT_COLUMN_NAME, PRODUCT_FIELD, FIELD_TYPE, ENTITY_LOOKUP, ENTITY_LOOKUP_KEY, ORDER_BY, GENERATOR, REFER_TABLE, KEY_COLUMN, LOOKUP_COLUMN, MANDATORY, MIN_LENGTH, MAX_LENGTH, MIN_VALUE, MAX_VALUE, CONSTANT_VALUE, UNIQUE_KEY, CREATE_USER, CREATED_ON, LINE_NO, MANAGED, FIELD_PATH, DATA_TYPE, DATA1, DATA2, TRANSITIVE_FIELDS, FORMULA, ENTITY_LOOKUP_TYPE)
VALUES ('09d6283a4b6f4067b529a6d4ebdf1ee2', 0, '2860ed0ed88742d6a85732b10060881c', 'custHcl4FullLineage', 'CUST_HCL4_FULL_LINEAGE', 'NVARCHAR2(1000)', 'N/A', 0, 'string-l', '', '', '', '', '', '', '', 0, NULL, 1000, NULL, NULL, '', '', 'system', systimestamp, '89', 0, 'entity.vendorInvoiceChargeOnDocs.custHcl4FullLineage', '', '', '', '', '', '');
INSERT INTO CNT_FIELD_DEFINITION
 (ID, REVISION, PARENT_ID, FIELD_ID, COLUMN_NAME, COLUMN_TYPE, REPORT_COLUMN_NAME, PRODUCT_FIELD, FIELD_TYPE, ENTITY_LOOKUP, ENTITY_LOOKUP_KEY, ORDER_BY, GENERATOR, REFER_TABLE, KEY_COLUMN, LOOKUP_COLUMN, MANDATORY, MIN_LENGTH, MAX_LENGTH, MIN_VALUE, MAX_VALUE, CONSTANT_VALUE, UNIQUE_KEY, CREATE_USER, CREATED_ON, LINE_NO, MANAGED, FIELD_PATH, DATA_TYPE, DATA1, DATA2, TRANSITIVE_FIELDS, FORMULA, ENTITY_LOOKUP_TYPE)
VALUES ('883f6954fd154aa596e37c4fc2867ac1', 0, '2860ed0ed88742d6a85732b10060881c', 'custHcl5Ref', 'CUST_HCL5_REF', 'NVARCHAR2(1000)', 'N/A', 0, 'string-l', '', '', '', '', '', '', '', 0, NULL, 1000, NULL, NULL, '', '', 'system', systimestamp, '90', 0, 'entity.vendorInvoiceChargeOnDocs.custHcl5Ref', '', '', '', '', '', '');
INSERT INTO CNT_FIELD_DEFINITION
 (ID, REVISION, PARENT_ID, FIELD_ID, COLUMN_NAME, COLUMN_TYPE, REPORT_COLUMN_NAME, PRODUCT_FIELD, FIELD_TYPE, ENTITY_LOOKUP, ENTITY_LOOKUP_KEY, ORDER_BY, GENERATOR, REFER_TABLE, KEY_COLUMN, LOOKUP_COLUMN, MANDATORY, MIN_LENGTH, MAX_LENGTH, MIN_VALUE, MAX_VALUE, CONSTANT_VALUE, UNIQUE_KEY, CREATE_USER, CREATED_ON, LINE_NO, MANAGED, FIELD_PATH, DATA_TYPE, DATA1, DATA2, TRANSITIVE_FIELDS, FORMULA, ENTITY_LOOKUP_TYPE)
VALUES ('05d442a0c7824c54b18865fa3f874483', 0, '2860ed0ed88742d6a85732b10060881c', 'custHcl5Ver', 'CUST_HCL5_VER', 'NUMBER(20, 0)', 'N/A', 0, 'integer', '', '', '', '', '', '', '', 0, NULL, 18, NULL, NULL, '', '', 'system', systimestamp, '91', 0, 'entity.vendorInvoiceChargeOnDocs.custHcl5Ver', '', '', '', '', '', '');
INSERT INTO CNT_FIELD_DEFINITION
 (ID, REVISION, PARENT_ID, FIELD_ID, COLUMN_NAME, COLUMN_TYPE, REPORT_COLUMN_NAME, PRODUCT_FIELD, FIELD_TYPE, ENTITY_LOOKUP, ENTITY_LOOKUP_KEY, ORDER_BY, GENERATOR, REFER_TABLE, KEY_COLUMN, LOOKUP_COLUMN, MANDATORY, MIN_LENGTH, MAX_LENGTH, MIN_VALUE, MAX_VALUE, CONSTANT_VALUE, UNIQUE_KEY, CREATE_USER, CREATED_ON, LINE_NO, MANAGED, FIELD_PATH, DATA_TYPE, DATA1, DATA2, TRANSITIVE_FIELDS, FORMULA, ENTITY_LOOKUP_TYPE)
VALUES ('d20a204b473e4ebf9b97d85855c1007c', 0, '2860ed0ed88742d6a85732b10060881c', 'custHcl5Ref2', 'CUST_HCL5_REF2', 'NVARCHAR2(1000)', 'N/A', 0, 'string-l', '', '', '', '', '', '', '', 0, NULL, 1000, NULL, NULL, '', '', 'system', systimestamp, '92', 0, 'entity.vendorInvoiceChargeOnDocs.custHcl5Ref2', '', '', '', '', '', '');
INSERT INTO CNT_FIELD_DEFINITION
 (ID, REVISION, PARENT_ID, FIELD_ID, COLUMN_NAME, COLUMN_TYPE, REPORT_COLUMN_NAME, PRODUCT_FIELD, FIELD_TYPE, ENTITY_LOOKUP, ENTITY_LOOKUP_KEY, ORDER_BY, GENERATOR, REFER_TABLE, KEY_COLUMN, LOOKUP_COLUMN, MANDATORY, MIN_LENGTH, MAX_LENGTH, MIN_VALUE, MAX_VALUE, CONSTANT_VALUE, UNIQUE_KEY, CREATE_USER, CREATED_ON, LINE_NO, MANAGED, FIELD_PATH, DATA_TYPE, DATA1, DATA2, TRANSITIVE_FIELDS, FORMULA, ENTITY_LOOKUP_TYPE)
VALUES ('19fb811c920c4ae68ac8ca25ed3c87df', 0, '2860ed0ed88742d6a85732b10060881c', 'custHcl5FullLineage', 'CUST_HCL5_FULL_LINEAGE', 'NVARCHAR2(1000)', 'N/A', 0, 'string-l', '', '', '', '', '', '', '', 0, NULL, 1000, NULL, NULL, '', '', 'system', systimestamp, '93', 0, 'entity.vendorInvoiceChargeOnDocs.custHcl5FullLineage', '', '', '', '', '', '');
INSERT INTO CNT_ENTITY_DEFINITION
 (ID, REVISION, ENTITY_NAME, ENTITY_VERSION, PRODUCT_TABLE_NAME, CUSTOM_TABLE_NAME, REPORT_TABLE_NAME, MODULE, TYPE, REVISION_TRACKING, VERSION_TRACKING, HISTORY_ENTITY_NAME, REF_PATTERN, SYSTEM_ENTITY, CREATE_USER, CREATED_ON, IS_FOR_EXTERNAL)
VALUES ('e4b68d6e2c7143c6ac9a57d7c221ff8f', 0, 'VIShipmentItemCs', 1, 'CNT_VI_ITEM_CS', 'CTM_VENDOR_INVOICE', 'VENDOR_INVOICE_ITEM_CS', 'vendorInvoice', 'inner', '', 'ALL', '', '${vpoShipDtl.vpoShipId.shipmentNo} / ${vpoShipDtl.vpoItemId.itemNo} - ${vpoShipDtl.vpoItemId.lotNo} / ${vpoShipDtlCs.vpoShipDtlColorId.colorName} / ${vpoShipDtlCs.vpoShipDtlSizeId.sizeName}', 0, 'system', systimestamp, 0);
INSERT INTO CNT_FIELD_DEFINITION
 (ID, REVISION, PARENT_ID, FIELD_ID, COLUMN_NAME, COLUMN_TYPE, REPORT_COLUMN_NAME, PRODUCT_FIELD, FIELD_TYPE, ENTITY_LOOKUP, ENTITY_LOOKUP_KEY, ORDER_BY, GENERATOR, REFER_TABLE, KEY_COLUMN, LOOKUP_COLUMN, MANDATORY, MIN_LENGTH, MAX_LENGTH, MIN_VALUE, MAX_VALUE, CONSTANT_VALUE, UNIQUE_KEY, CREATE_USER, CREATED_ON, LINE_NO, MANAGED, FIELD_PATH, DATA_TYPE, DATA1, DATA2, TRANSITIVE_FIELDS, FORMULA, ENTITY_LOOKUP_TYPE)
VALUES ('237311d8ae1f4ce6a8b211b666b4d6a4', 0, 'e4b68d6e2c7143c6ac9a57d7c221ff8f', 'id', 'ID', 'CHAR(32)', '', 1, 'id', '', '', '', 'com.core.cbx.data.generator.UUIDGenerator', '', '', '', 0, 32, 32, NULL, NULL, '', '', 'system', systimestamp, '0', 0, 'entity.vendorInvoiceShipItems.viShipmentItemCs.id', '', '', '', '', '', '');
INSERT INTO CNT_FIELD_DEFINITION
 (ID, REVISION, PARENT_ID, FIELD_ID, COLUMN_NAME, COLUMN_TYPE, REPORT_COLUMN_NAME, PRODUCT_FIELD, FIELD_TYPE, ENTITY_LOOKUP, ENTITY_LOOKUP_KEY, ORDER_BY, GENERATOR, REFER_TABLE, KEY_COLUMN, LOOKUP_COLUMN, MANDATORY, MIN_LENGTH, MAX_LENGTH, MIN_VALUE, MAX_VALUE, CONSTANT_VALUE, UNIQUE_KEY, CREATE_USER, CREATED_ON, LINE_NO, MANAGED, FIELD_PATH, DATA_TYPE, DATA1, DATA2, TRANSITIVE_FIELDS, FORMULA, ENTITY_LOOKUP_TYPE)
VALUES ('c2123305962f4146a8acccd3ceab69eb', 0, 'e4b68d6e2c7143c6ac9a57d7c221ff8f', 'revision', 'REVISION', 'NUMBER(20, 0)', '', 1, 'integer', '', '', '', '', '', '', '', 0, NULL, 18, NULL, NULL, '', '', 'system', systimestamp, '1', 0, 'entity.vendorInvoiceShipItems.viShipmentItemCs.revision', '', '', '', '', '', '');
INSERT INTO CNT_FIELD_DEFINITION
 (ID, REVISION, PARENT_ID, FIELD_ID, COLUMN_NAME, COLUMN_TYPE, REPORT_COLUMN_NAME, PRODUCT_FIELD, FIELD_TYPE, ENTITY_LOOKUP, ENTITY_LOOKUP_KEY, ORDER_BY, GENERATOR, REFER_TABLE, KEY_COLUMN, LOOKUP_COLUMN, MANDATORY, MIN_LENGTH, MAX_LENGTH, MIN_VALUE, MAX_VALUE, CONSTANT_VALUE, UNIQUE_KEY, CREATE_USER, CREATED_ON, LINE_NO, MANAGED, FIELD_PATH, DATA_TYPE, DATA1, DATA2, TRANSITIVE_FIELDS, FORMULA, ENTITY_LOOKUP_TYPE)
VALUES ('9282f1fd83714b0d9372fe411f658e34', 0, 'e4b68d6e2c7143c6ac9a57d7c221ff8f', 'entityVersion', 'ENTITY_VERSION', 'NUMBER(20, 0)', '', 1, 'integer', '', '', '', '', '', '', '', 0, NULL, 18, NULL, NULL, '', '', 'system', systimestamp, '2', 0, 'entity.vendorInvoiceShipItems.viShipmentItemCs.entityVersion', '', '', '', '', '', '');
INSERT INTO CNT_FIELD_DEFINITION
 (ID, REVISION, PARENT_ID, FIELD_ID, COLUMN_NAME, COLUMN_TYPE, REPORT_COLUMN_NAME, PRODUCT_FIELD, FIELD_TYPE, ENTITY_LOOKUP, ENTITY_LOOKUP_KEY, ORDER_BY, GENERATOR, REFER_TABLE, KEY_COLUMN, LOOKUP_COLUMN, MANDATORY, MIN_LENGTH, MAX_LENGTH, MIN_VALUE, MAX_VALUE, CONSTANT_VALUE, UNIQUE_KEY, CREATE_USER, CREATED_ON, LINE_NO, MANAGED, FIELD_PATH, DATA_TYPE, DATA1, DATA2, TRANSITIVE_FIELDS, FORMULA, ENTITY_LOOKUP_TYPE)
VALUES ('4ecb774d2b9c4cfcbea714154d7c4279', 0, 'e4b68d6e2c7143c6ac9a57d7c221ff8f', 'domainId', 'DOMAIN_ID', 'NVARCHAR2(400)', '', 1, 'string-m', '', '', '', '', '', '', '', 0, NULL, 400, NULL, NULL, '', '', 'system', systimestamp, '3', 0, 'entity.vendorInvoiceShipItems.viShipmentItemCs.domainId', '', '', '', '', '', '');
INSERT INTO CNT_FIELD_DEFINITION
 (ID, REVISION, PARENT_ID, FIELD_ID, COLUMN_NAME, COLUMN_TYPE, REPORT_COLUMN_NAME, PRODUCT_FIELD, FIELD_TYPE, ENTITY_LOOKUP, ENTITY_LOOKUP_KEY, ORDER_BY, GENERATOR, REFER_TABLE, KEY_COLUMN, LOOKUP_COLUMN, MANDATORY, MIN_LENGTH, MAX_LENGTH, MIN_VALUE, MAX_VALUE, CONSTANT_VALUE, UNIQUE_KEY, CREATE_USER, CREATED_ON, LINE_NO, MANAGED, FIELD_PATH, DATA_TYPE, DATA1, DATA2, TRANSITIVE_FIELDS, FORMULA, ENTITY_LOOKUP_TYPE)
VALUES ('60511f3dd4e948cca67d8f2e645d9c4b', 0, 'e4b68d6e2c7143c6ac9a57d7c221ff8f', 'hubDomainId', 'HUB_DOMAIN_ID', 'NVARCHAR2(400)', '', 1, 'string-m', '', '', '', '', '', '', '', 0, NULL, 400, NULL, NULL, '', '', 'system', systimestamp, '4', 0, 'entity.vendorInvoiceShipItems.viShipmentItemCs.hubDomainId', '', '', '', '', '', '');
INSERT INTO CNT_FIELD_DEFINITION
 (ID, REVISION, PARENT_ID, FIELD_ID, COLUMN_NAME, COLUMN_TYPE, REPORT_COLUMN_NAME, PRODUCT_FIELD, FIELD_TYPE, ENTITY_LOOKUP, ENTITY_LOOKUP_KEY, ORDER_BY, GENERATOR, REFER_TABLE, KEY_COLUMN, LOOKUP_COLUMN, MANDATORY, MIN_LENGTH, MAX_LENGTH, MIN_VALUE, MAX_VALUE, CONSTANT_VALUE, UNIQUE_KEY, CREATE_USER, CREATED_ON, LINE_NO, MANAGED, FIELD_PATH, DATA_TYPE, DATA1, DATA2, TRANSITIVE_FIELDS, FORMULA, ENTITY_LOOKUP_TYPE)
VALUES ('1c09d95ab520459da9e8a2f282d2b720', 0, 'e4b68d6e2c7143c6ac9a57d7c221ff8f', 'isForReference', 'IS_FOR_REFERENCE', 'NUMBER(1,0)', '', 1, 'boolean', '', '', '', '', '', '', '', 0, NULL, NULL, NULL, NULL, '', '', 'system', systimestamp, '5', 0, 'entity.vendorInvoiceShipItems.viShipmentItemCs.isForReference', '', '', '', '', '', '');
INSERT INTO CNT_FIELD_DEFINITION
 (ID, REVISION, PARENT_ID, FIELD_ID, COLUMN_NAME, COLUMN_TYPE, REPORT_COLUMN_NAME, PRODUCT_FIELD, FIELD_TYPE, ENTITY_LOOKUP, ENTITY_LOOKUP_KEY, ORDER_BY, GENERATOR, REFER_TABLE, KEY_COLUMN, LOOKUP_COLUMN, MANDATORY, MIN_LENGTH, MAX_LENGTH, MIN_VALUE, MAX_VALUE, CONSTANT_VALUE, UNIQUE_KEY, CREATE_USER, CREATED_ON, LINE_NO, MANAGED, FIELD_PATH, DATA_TYPE, DATA1, DATA2, TRANSITIVE_FIELDS, FORMULA, ENTITY_LOOKUP_TYPE)
VALUES ('1d3f1af619c74a2787efa3eb1f5f331d', 0, 'e4b68d6e2c7143c6ac9a57d7c221ff8f', 'internalSeqNo', 'INTERNAL_SEQ_NO', 'NUMBER(20, 0)', 'n/a', 1, 'integer', '', '', '', '', '', '', '', 0, NULL, 18, NULL, NULL, '', '', 'system', systimestamp, '6', 0, 'entity.vendorInvoiceShipItems.viShipmentItemCs.internalSeqNo', '', '', '', '', '', '');
INSERT INTO CNT_FIELD_DEFINITION
 (ID, REVISION, PARENT_ID, FIELD_ID, COLUMN_NAME, COLUMN_TYPE, REPORT_COLUMN_NAME, PRODUCT_FIELD, FIELD_TYPE, ENTITY_LOOKUP, ENTITY_LOOKUP_KEY, ORDER_BY, GENERATOR, REFER_TABLE, KEY_COLUMN, LOOKUP_COLUMN, MANDATORY, MIN_LENGTH, MAX_LENGTH, MIN_VALUE, MAX_VALUE, CONSTANT_VALUE, UNIQUE_KEY, CREATE_USER, CREATED_ON, LINE_NO, MANAGED, FIELD_PATH, DATA_TYPE, DATA1, DATA2, TRANSITIVE_FIELDS, FORMULA, ENTITY_LOOKUP_TYPE)
VALUES ('a780ca2f3eac4309a331290d3913af10', 0, 'e4b68d6e2c7143c6ac9a57d7c221ff8f', 'viShipmentItemId', 'VI_SHIPMENT_ITEM_ID', 'CHAR(32)', 'VENDOR_INVOICE_ITEM_SID', 1, 'id', '', '', '', '', '', '', '', 1, 32, 32, NULL, NULL, '', '', 'system', systimestamp, '7', 0, 'entity.vendorInvoiceShipItems.viShipmentItemCs.viShipmentItemId', '', '', '', '', '', '');
INSERT INTO CNT_FIELD_DEFINITION
 (ID, REVISION, PARENT_ID, FIELD_ID, COLUMN_NAME, COLUMN_TYPE, REPORT_COLUMN_NAME, PRODUCT_FIELD, FIELD_TYPE, ENTITY_LOOKUP, ENTITY_LOOKUP_KEY, ORDER_BY, GENERATOR, REFER_TABLE, KEY_COLUMN, LOOKUP_COLUMN, MANDATORY, MIN_LENGTH, MAX_LENGTH, MIN_VALUE, MAX_VALUE, CONSTANT_VALUE, UNIQUE_KEY, CREATE_USER, CREATED_ON, LINE_NO, MANAGED, FIELD_PATH, DATA_TYPE, DATA1, DATA2, TRANSITIVE_FIELDS, FORMULA, ENTITY_LOOKUP_TYPE)
VALUES ('c9666139573444bc972bb9cde7551cd9', 0, 'e4b68d6e2c7143c6ac9a57d7c221ff8f', 'viShipmentItemColorId', 'VI_SHIPMENT_ITEM_COLOR_ID', 'CHAR(32)', 'VENDOR_INVOICE_ITEM_C_SID', 1, 'id', '', '', '', '', '', '', '', 1, 32, 32, NULL, NULL, '', '', 'system', systimestamp, '8', 0, 'entity.vendorInvoiceShipItems.viShipmentItemCs.viShipmentItemColorId', '', '', '', '', '', '');
INSERT INTO CNT_FIELD_DEFINITION
 (ID, REVISION, PARENT_ID, FIELD_ID, COLUMN_NAME, COLUMN_TYPE, REPORT_COLUMN_NAME, PRODUCT_FIELD, FIELD_TYPE, ENTITY_LOOKUP, ENTITY_LOOKUP_KEY, ORDER_BY, GENERATOR, REFER_TABLE, KEY_COLUMN, LOOKUP_COLUMN, MANDATORY, MIN_LENGTH, MAX_LENGTH, MIN_VALUE, MAX_VALUE, CONSTANT_VALUE, UNIQUE_KEY, CREATE_USER, CREATED_ON, LINE_NO, MANAGED, FIELD_PATH, DATA_TYPE, DATA1, DATA2, TRANSITIVE_FIELDS, FORMULA, ENTITY_LOOKUP_TYPE)
VALUES ('7728eead84a4409791b165d67fa3c1e2', 0, 'e4b68d6e2c7143c6ac9a57d7c221ff8f', 'viShipmentItemSizeId', 'VI_SHIPMENT_ITEM_SIZE_ID', 'CHAR(32)', 'VENDOR_INVOICE_ITEM_S_SID', 1, 'id', '', '', '', '', '', '', '', 1, 32, 32, NULL, NULL, '', '', 'system', systimestamp, '9', 0, 'entity.vendorInvoiceShipItems.viShipmentItemCs.viShipmentItemSizeId', '', '', '', '', '', '');
INSERT INTO CNT_FIELD_DEFINITION
 (ID, REVISION, PARENT_ID, FIELD_ID, COLUMN_NAME, COLUMN_TYPE, REPORT_COLUMN_NAME, PRODUCT_FIELD, FIELD_TYPE, ENTITY_LOOKUP, ENTITY_LOOKUP_KEY, ORDER_BY, GENERATOR, REFER_TABLE, KEY_COLUMN, LOOKUP_COLUMN, MANDATORY, MIN_LENGTH, MAX_LENGTH, MIN_VALUE, MAX_VALUE, CONSTANT_VALUE, UNIQUE_KEY, CREATE_USER, CREATED_ON, LINE_NO, MANAGED, FIELD_PATH, DATA_TYPE, DATA1, DATA2, TRANSITIVE_FIELDS, FORMULA, ENTITY_LOOKUP_TYPE)
VALUES ('05712fa8778d42b08791456b26221dbd', 0, 'e4b68d6e2c7143c6ac9a57d7c221ff8f', 'itemId', 'ITEM_ID', 'CHAR(32)', 'ITEM_SYS_ID', 1, 'id', '', '', '', '', '', '', '', 0, 32, 32, NULL, NULL, '', '', 'system', systimestamp, '10', 0, 'entity.vendorInvoiceShipItems.viShipmentItemCs.itemId', '', '', '', '', '', '');
INSERT INTO CNT_FIELD_DEFINITION
 (ID, REVISION, PARENT_ID, FIELD_ID, COLUMN_NAME, COLUMN_TYPE, REPORT_COLUMN_NAME, PRODUCT_FIELD, FIELD_TYPE, ENTITY_LOOKUP, ENTITY_LOOKUP_KEY, ORDER_BY, GENERATOR, REFER_TABLE, KEY_COLUMN, LOOKUP_COLUMN, MANDATORY, MIN_LENGTH, MAX_LENGTH, MIN_VALUE, MAX_VALUE, CONSTANT_VALUE, UNIQUE_KEY, CREATE_USER, CREATED_ON, LINE_NO, MANAGED, FIELD_PATH, DATA_TYPE, DATA1, DATA2, TRANSITIVE_FIELDS, FORMULA, ENTITY_LOOKUP_TYPE)
VALUES ('74972d84f577452dbf7d11df9045ef4b', 0, 'e4b68d6e2c7143c6ac9a57d7c221ff8f', 'specId', 'SPEC_ID', 'CHAR(32)', 'SPECIFICATION_SYS_ID', 1, 'id', '', '', '', '', '', '', '', 0, 32, 32, NULL, NULL, '', '', 'system', systimestamp, '11', 0, 'entity.vendorInvoiceShipItems.viShipmentItemCs.specId', '', '', '', '', '', '');
INSERT INTO CNT_FIELD_DEFINITION
 (ID, REVISION, PARENT_ID, FIELD_ID, COLUMN_NAME, COLUMN_TYPE, REPORT_COLUMN_NAME, PRODUCT_FIELD, FIELD_TYPE, ENTITY_LOOKUP, ENTITY_LOOKUP_KEY, ORDER_BY, GENERATOR, REFER_TABLE, KEY_COLUMN, LOOKUP_COLUMN, MANDATORY, MIN_LENGTH, MAX_LENGTH, MIN_VALUE, MAX_VALUE, CONSTANT_VALUE, UNIQUE_KEY, CREATE_USER, CREATED_ON, LINE_NO, MANAGED, FIELD_PATH, DATA_TYPE, DATA1, DATA2, TRANSITIVE_FIELDS, FORMULA, ENTITY_LOOKUP_TYPE)
VALUES ('780657919dcb484a91a82ba2b5c4bf10', 0, 'e4b68d6e2c7143c6ac9a57d7c221ff8f', 'specColorId', 'SPEC_COLOR_ID', 'CHAR(32)', 'SPECIFICATION_COLOR_SYS_ID', 1, 'id', '', '', '', '', '', '', '', 0, 32, 32, NULL, NULL, '', '', 'system', systimestamp, '12', 0, 'entity.vendorInvoiceShipItems.viShipmentItemCs.specColorId', '', '', '', '', '', '');
INSERT INTO CNT_FIELD_DEFINITION
 (ID, REVISION, PARENT_ID, FIELD_ID, COLUMN_NAME, COLUMN_TYPE, REPORT_COLUMN_NAME, PRODUCT_FIELD, FIELD_TYPE, ENTITY_LOOKUP, ENTITY_LOOKUP_KEY, ORDER_BY, GENERATOR, REFER_TABLE, KEY_COLUMN, LOOKUP_COLUMN, MANDATORY, MIN_LENGTH, MAX_LENGTH, MIN_VALUE, MAX_VALUE, CONSTANT_VALUE, UNIQUE_KEY, CREATE_USER, CREATED_ON, LINE_NO, MANAGED, FIELD_PATH, DATA_TYPE, DATA1, DATA2, TRANSITIVE_FIELDS, FORMULA, ENTITY_LOOKUP_TYPE)
VALUES ('5553a84a2b2544979e0bcda22a840266', 0, 'e4b68d6e2c7143c6ac9a57d7c221ff8f', 'specSizeId', 'SPEC_SIZE_ID', 'CHAR(32)', 'SPECIFICATION_SIZE_SYS_ID', 1, 'id', '', '', '', '', '', '', '', 0, 32, 32, NULL, NULL, '', '', 'system', systimestamp, '13', 0, 'entity.vendorInvoiceShipItems.viShipmentItemCs.specSizeId', '', '', '', '', '', '');
INSERT INTO CNT_FIELD_DEFINITION
 (ID, REVISION, PARENT_ID, FIELD_ID, COLUMN_NAME, COLUMN_TYPE, REPORT_COLUMN_NAME, PRODUCT_FIELD, FIELD_TYPE, ENTITY_LOOKUP, ENTITY_LOOKUP_KEY, ORDER_BY, GENERATOR, REFER_TABLE, KEY_COLUMN, LOOKUP_COLUMN, MANDATORY, MIN_LENGTH, MAX_LENGTH, MIN_VALUE, MAX_VALUE, CONSTANT_VALUE, UNIQUE_KEY, CREATE_USER, CREATED_ON, LINE_NO, MANAGED, FIELD_PATH, DATA_TYPE, DATA1, DATA2, TRANSITIVE_FIELDS, FORMULA, ENTITY_LOOKUP_TYPE)
VALUES ('eab24993d0f847e99703d8126f520775', 0, 'e4b68d6e2c7143c6ac9a57d7c221ff8f', 'vpoShipDtlCs', 'VPO_SHIP_DTL_CS_ID', 'CHAR(32)', 'VENDOR_PO_SHIPMENT_ITEM_CS_SID', 1, 'entity', 'VpoShipDtlCs', 'id', '', '', '', '', '', 0, 32, 32, NULL, NULL, '', '', 'system', systimestamp, '14', 0, 'entity.vendorInvoiceShipItems.viShipmentItemCs.vpoShipDtlCs', '', '', '', '', '', 'Snapshot');
INSERT INTO CNT_FIELD_DEFINITION
 (ID, REVISION, PARENT_ID, FIELD_ID, COLUMN_NAME, COLUMN_TYPE, REPORT_COLUMN_NAME, PRODUCT_FIELD, FIELD_TYPE, ENTITY_LOOKUP, ENTITY_LOOKUP_KEY, ORDER_BY, GENERATOR, REFER_TABLE, KEY_COLUMN, LOOKUP_COLUMN, MANDATORY, MIN_LENGTH, MAX_LENGTH, MIN_VALUE, MAX_VALUE, CONSTANT_VALUE, UNIQUE_KEY, CREATE_USER, CREATED_ON, LINE_NO, MANAGED, FIELD_PATH, DATA_TYPE, DATA1, DATA2, TRANSITIVE_FIELDS, FORMULA, ENTITY_LOOKUP_TYPE)
VALUES ('17dc81e952f74be6b65aa5f6212f5c98', 0, 'e4b68d6e2c7143c6ac9a57d7c221ff8f', 'price', 'PRICE', 'NUMBER(25, 5)', 'PRICE', 1, 'decimal-rate', '', '', '', '', '', '', '', 0, NULL, 20, NULL, NULL, '', '', 'system', systimestamp, '15', 0, 'entity.vendorInvoiceShipItems.viShipmentItemCs.price', '', '', '', '', '', '');
INSERT INTO CNT_FIELD_DEFINITION
 (ID, REVISION, PARENT_ID, FIELD_ID, COLUMN_NAME, COLUMN_TYPE, REPORT_COLUMN_NAME, PRODUCT_FIELD, FIELD_TYPE, ENTITY_LOOKUP, ENTITY_LOOKUP_KEY, ORDER_BY, GENERATOR, REFER_TABLE, KEY_COLUMN, LOOKUP_COLUMN, MANDATORY, MIN_LENGTH, MAX_LENGTH, MIN_VALUE, MAX_VALUE, CONSTANT_VALUE, UNIQUE_KEY, CREATE_USER, CREATED_ON, LINE_NO, MANAGED, FIELD_PATH, DATA_TYPE, DATA1, DATA2, TRANSITIVE_FIELDS, FORMULA, ENTITY_LOOKUP_TYPE)
VALUES ('68ac6abcccb24b39bef2d7cd4bf8d6a0', 0, 'e4b68d6e2c7143c6ac9a57d7c221ff8f', 'qty', 'QTY', 'NUMBER(20, 0)', 'QTY', 1, 'integer', '', '', '', '', '', '', '', 0, NULL, 18, NULL, NULL, '', '', 'system', systimestamp, '16', 0, 'entity.vendorInvoiceShipItems.viShipmentItemCs.qty', '', '', '', '', '', '');
INSERT INTO CNT_FIELD_DEFINITION
 (ID, REVISION, PARENT_ID, FIELD_ID, COLUMN_NAME, COLUMN_TYPE, REPORT_COLUMN_NAME, PRODUCT_FIELD, FIELD_TYPE, ENTITY_LOOKUP, ENTITY_LOOKUP_KEY, ORDER_BY, GENERATOR, REFER_TABLE, KEY_COLUMN, LOOKUP_COLUMN, MANDATORY, MIN_LENGTH, MAX_LENGTH, MIN_VALUE, MAX_VALUE, CONSTANT_VALUE, UNIQUE_KEY, CREATE_USER, CREATED_ON, LINE_NO, MANAGED, FIELD_PATH, DATA_TYPE, DATA1, DATA2, TRANSITIVE_FIELDS, FORMULA, ENTITY_LOOKUP_TYPE)
VALUES ('a6f6ad5a5af0485b88f0956107c68044', 0, 'e4b68d6e2c7143c6ac9a57d7c221ff8f', 'ratios', 'RATIOS', 'NUMBER(25, 5)', 'RATIO', 1, 'decimal-rate', '', '', '', '', '', '', '', 0, NULL, 20, NULL, NULL, '', '', 'system', systimestamp, '17', 0, 'entity.vendorInvoiceShipItems.viShipmentItemCs.ratios', '', '', '', '', '', '');
INSERT INTO CNT_FIELD_DEFINITION
 (ID, REVISION, PARENT_ID, FIELD_ID, COLUMN_NAME, COLUMN_TYPE, REPORT_COLUMN_NAME, PRODUCT_FIELD, FIELD_TYPE, ENTITY_LOOKUP, ENTITY_LOOKUP_KEY, ORDER_BY, GENERATOR, REFER_TABLE, KEY_COLUMN, LOOKUP_COLUMN, MANDATORY, MIN_LENGTH, MAX_LENGTH, MIN_VALUE, MAX_VALUE, CONSTANT_VALUE, UNIQUE_KEY, CREATE_USER, CREATED_ON, LINE_NO, MANAGED, FIELD_PATH, DATA_TYPE, DATA1, DATA2, TRANSITIVE_FIELDS, FORMULA, ENTITY_LOOKUP_TYPE)
VALUES ('d1ae656409b34844a1837032a6714d4e', 0, 'e4b68d6e2c7143c6ac9a57d7c221ff8f', 'refNo', 'REF_NO', 'NVARCHAR2(1000)', '', 1, 'string-l', '', '', '', '', '', '', '', 0, NULL, 1000, NULL, NULL, '', '', 'system', systimestamp, '18', 0, 'entity.vendorInvoiceShipItems.viShipmentItemCs.refNo', '', '', '', '', '', '');
INSERT INTO CNT_FIELD_DEFINITION
 (ID, REVISION, PARENT_ID, FIELD_ID, COLUMN_NAME, COLUMN_TYPE, REPORT_COLUMN_NAME, PRODUCT_FIELD, FIELD_TYPE, ENTITY_LOOKUP, ENTITY_LOOKUP_KEY, ORDER_BY, GENERATOR, REFER_TABLE, KEY_COLUMN, LOOKUP_COLUMN, MANDATORY, MIN_LENGTH, MAX_LENGTH, MIN_VALUE, MAX_VALUE, CONSTANT_VALUE, UNIQUE_KEY, CREATE_USER, CREATED_ON, LINE_NO, MANAGED, FIELD_PATH, DATA_TYPE, DATA1, DATA2, TRANSITIVE_FIELDS, FORMULA, ENTITY_LOOKUP_TYPE)
VALUES ('2910ea3acdca45dc95b55b974c45494a', 0, 'e4b68d6e2c7143c6ac9a57d7c221ff8f', 'custText1', 'CUST_TEXT1', 'NVARCHAR2(1000)', 'CUSTOM_FIELD_TEXT1', 0, 'string-l', '', '', '', '', '', '', '', 0, NULL, 1000, NULL, NULL, '', '', 'system', systimestamp, '19', 0, 'entity.vendorInvoiceShipItems.viShipmentItemCs.custText1', '', '', '', '', '', '');
INSERT INTO CNT_FIELD_DEFINITION
 (ID, REVISION, PARENT_ID, FIELD_ID, COLUMN_NAME, COLUMN_TYPE, REPORT_COLUMN_NAME, PRODUCT_FIELD, FIELD_TYPE, ENTITY_LOOKUP, ENTITY_LOOKUP_KEY, ORDER_BY, GENERATOR, REFER_TABLE, KEY_COLUMN, LOOKUP_COLUMN, MANDATORY, MIN_LENGTH, MAX_LENGTH, MIN_VALUE, MAX_VALUE, CONSTANT_VALUE, UNIQUE_KEY, CREATE_USER, CREATED_ON, LINE_NO, MANAGED, FIELD_PATH, DATA_TYPE, DATA1, DATA2, TRANSITIVE_FIELDS, FORMULA, ENTITY_LOOKUP_TYPE)
VALUES ('1153a449a267456a9496978846aada6d', 0, 'e4b68d6e2c7143c6ac9a57d7c221ff8f', 'custText2', 'CUST_TEXT2', 'NVARCHAR2(1000)', 'CUSTOM_FIELD_TEXT2', 0, 'string-l', '', '', '', '', '', '', '', 0, NULL, 1000, NULL, NULL, '', '', 'system', systimestamp, '20', 0, 'entity.vendorInvoiceShipItems.viShipmentItemCs.custText2', '', '', '', '', '', '');
INSERT INTO CNT_FIELD_DEFINITION
 (ID, REVISION, PARENT_ID, FIELD_ID, COLUMN_NAME, COLUMN_TYPE, REPORT_COLUMN_NAME, PRODUCT_FIELD, FIELD_TYPE, ENTITY_LOOKUP, ENTITY_LOOKUP_KEY, ORDER_BY, GENERATOR, REFER_TABLE, KEY_COLUMN, LOOKUP_COLUMN, MANDATORY, MIN_LENGTH, MAX_LENGTH, MIN_VALUE, MAX_VALUE, CONSTANT_VALUE, UNIQUE_KEY, CREATE_USER, CREATED_ON, LINE_NO, MANAGED, FIELD_PATH, DATA_TYPE, DATA1, DATA2, TRANSITIVE_FIELDS, FORMULA, ENTITY_LOOKUP_TYPE)
VALUES ('569b06545693403a922c45e025ed1e6a', 0, 'e4b68d6e2c7143c6ac9a57d7c221ff8f', 'custText3', 'CUST_TEXT3', 'NVARCHAR2(1000)', 'CUSTOM_FIELD_TEXT3', 0, 'string-l', '', '', '', '', '', '', '', 0, NULL, 1000, NULL, NULL, '', '', 'system', systimestamp, '21', 0, 'entity.vendorInvoiceShipItems.viShipmentItemCs.custText3', '', '', '', '', '', '');
INSERT INTO CNT_FIELD_DEFINITION
 (ID, REVISION, PARENT_ID, FIELD_ID, COLUMN_NAME, COLUMN_TYPE, REPORT_COLUMN_NAME, PRODUCT_FIELD, FIELD_TYPE, ENTITY_LOOKUP, ENTITY_LOOKUP_KEY, ORDER_BY, GENERATOR, REFER_TABLE, KEY_COLUMN, LOOKUP_COLUMN, MANDATORY, MIN_LENGTH, MAX_LENGTH, MIN_VALUE, MAX_VALUE, CONSTANT_VALUE, UNIQUE_KEY, CREATE_USER, CREATED_ON, LINE_NO, MANAGED, FIELD_PATH, DATA_TYPE, DATA1, DATA2, TRANSITIVE_FIELDS, FORMULA, ENTITY_LOOKUP_TYPE)
VALUES ('136a8c672ab649329ea358b6c5e09ece', 0, 'e4b68d6e2c7143c6ac9a57d7c221ff8f', 'custText4', 'CUST_TEXT4', 'NVARCHAR2(1000)', 'CUSTOM_FIELD_TEXT4', 0, 'string-l', '', '', '', '', '', '', '', 0, NULL, 1000, NULL, NULL, '', '', 'system', systimestamp, '22', 0, 'entity.vendorInvoiceShipItems.viShipmentItemCs.custText4', '', '', '', '', '', '');
INSERT INTO CNT_FIELD_DEFINITION
 (ID, REVISION, PARENT_ID, FIELD_ID, COLUMN_NAME, COLUMN_TYPE, REPORT_COLUMN_NAME, PRODUCT_FIELD, FIELD_TYPE, ENTITY_LOOKUP, ENTITY_LOOKUP_KEY, ORDER_BY, GENERATOR, REFER_TABLE, KEY_COLUMN, LOOKUP_COLUMN, MANDATORY, MIN_LENGTH, MAX_LENGTH, MIN_VALUE, MAX_VALUE, CONSTANT_VALUE, UNIQUE_KEY, CREATE_USER, CREATED_ON, LINE_NO, MANAGED, FIELD_PATH, DATA_TYPE, DATA1, DATA2, TRANSITIVE_FIELDS, FORMULA, ENTITY_LOOKUP_TYPE)
VALUES ('7137c151e5bf451f94fb166640ebe7e9', 0, 'e4b68d6e2c7143c6ac9a57d7c221ff8f', 'custText5', 'CUST_TEXT5', 'NVARCHAR2(1000)', 'CUSTOM_FIELD_TEXT5', 0, 'string-l', '', '', '', '', '', '', '', 0, NULL, 1000, NULL, NULL, '', '', 'system', systimestamp, '23', 0, 'entity.vendorInvoiceShipItems.viShipmentItemCs.custText5', '', '', '', '', '', '');
INSERT INTO CNT_FIELD_DEFINITION
 (ID, REVISION, PARENT_ID, FIELD_ID, COLUMN_NAME, COLUMN_TYPE, REPORT_COLUMN_NAME, PRODUCT_FIELD, FIELD_TYPE, ENTITY_LOOKUP, ENTITY_LOOKUP_KEY, ORDER_BY, GENERATOR, REFER_TABLE, KEY_COLUMN, LOOKUP_COLUMN, MANDATORY, MIN_LENGTH, MAX_LENGTH, MIN_VALUE, MAX_VALUE, CONSTANT_VALUE, UNIQUE_KEY, CREATE_USER, CREATED_ON, LINE_NO, MANAGED, FIELD_PATH, DATA_TYPE, DATA1, DATA2, TRANSITIVE_FIELDS, FORMULA, ENTITY_LOOKUP_TYPE)
VALUES ('2a45a844afc3453e90a10c0d5ba4bea3', 0, 'e4b68d6e2c7143c6ac9a57d7c221ff8f', 'custText6', 'CUST_TEXT6', 'NVARCHAR2(1000)', 'CUSTOM_FIELD_TEXT6', 0, 'string-l', '', '', '', '', '', '', '', 0, NULL, 1000, NULL, NULL, '', '', 'system', systimestamp, '24', 0, 'entity.vendorInvoiceShipItems.viShipmentItemCs.custText6', '', '', '', '', '', '');
INSERT INTO CNT_FIELD_DEFINITION
 (ID, REVISION, PARENT_ID, FIELD_ID, COLUMN_NAME, COLUMN_TYPE, REPORT_COLUMN_NAME, PRODUCT_FIELD, FIELD_TYPE, ENTITY_LOOKUP, ENTITY_LOOKUP_KEY, ORDER_BY, GENERATOR, REFER_TABLE, KEY_COLUMN, LOOKUP_COLUMN, MANDATORY, MIN_LENGTH, MAX_LENGTH, MIN_VALUE, MAX_VALUE, CONSTANT_VALUE, UNIQUE_KEY, CREATE_USER, CREATED_ON, LINE_NO, MANAGED, FIELD_PATH, DATA_TYPE, DATA1, DATA2, TRANSITIVE_FIELDS, FORMULA, ENTITY_LOOKUP_TYPE)
VALUES ('65227692a0464a1384d8cacb27c6ea59', 0, 'e4b68d6e2c7143c6ac9a57d7c221ff8f', 'custText7', 'CUST_TEXT7', 'NVARCHAR2(1000)', 'CUSTOM_FIELD_TEXT7', 0, 'string-l', '', '', '', '', '', '', '', 0, NULL, 1000, NULL, NULL, '', '', 'system', systimestamp, '25', 0, 'entity.vendorInvoiceShipItems.viShipmentItemCs.custText7', '', '', '', '', '', '');
INSERT INTO CNT_FIELD_DEFINITION
 (ID, REVISION, PARENT_ID, FIELD_ID, COLUMN_NAME, COLUMN_TYPE, REPORT_COLUMN_NAME, PRODUCT_FIELD, FIELD_TYPE, ENTITY_LOOKUP, ENTITY_LOOKUP_KEY, ORDER_BY, GENERATOR, REFER_TABLE, KEY_COLUMN, LOOKUP_COLUMN, MANDATORY, MIN_LENGTH, MAX_LENGTH, MIN_VALUE, MAX_VALUE, CONSTANT_VALUE, UNIQUE_KEY, CREATE_USER, CREATED_ON, LINE_NO, MANAGED, FIELD_PATH, DATA_TYPE, DATA1, DATA2, TRANSITIVE_FIELDS, FORMULA, ENTITY_LOOKUP_TYPE)
VALUES ('d60767cd7f7e4ad992878d9497e50e42', 0, 'e4b68d6e2c7143c6ac9a57d7c221ff8f', 'custDate1', 'CUST_DATE1', 'DATE', 'CUSTOM_FIELD_DATE1', 0, 'date', '', '', '', '', '', '', '', 0, NULL, NULL, NULL, NULL, '', '', 'system', systimestamp, '26', 0, 'entity.vendorInvoiceShipItems.viShipmentItemCs.custDate1', '', '', '', '', '', '');
INSERT INTO CNT_FIELD_DEFINITION
 (ID, REVISION, PARENT_ID, FIELD_ID, COLUMN_NAME, COLUMN_TYPE, REPORT_COLUMN_NAME, PRODUCT_FIELD, FIELD_TYPE, ENTITY_LOOKUP, ENTITY_LOOKUP_KEY, ORDER_BY, GENERATOR, REFER_TABLE, KEY_COLUMN, LOOKUP_COLUMN, MANDATORY, MIN_LENGTH, MAX_LENGTH, MIN_VALUE, MAX_VALUE, CONSTANT_VALUE, UNIQUE_KEY, CREATE_USER, CREATED_ON, LINE_NO, MANAGED, FIELD_PATH, DATA_TYPE, DATA1, DATA2, TRANSITIVE_FIELDS, FORMULA, ENTITY_LOOKUP_TYPE)
VALUES ('9fd3ec8f30d848ac985d367dcfd1fadc', 0, 'e4b68d6e2c7143c6ac9a57d7c221ff8f', 'custDate2', 'CUST_DATE2', 'DATE', 'CUSTOM_FIELD_DATE2', 0, 'date', '', '', '', '', '', '', '', 0, NULL, NULL, NULL, NULL, '', '', 'system', systimestamp, '27', 0, 'entity.vendorInvoiceShipItems.viShipmentItemCs.custDate2', '', '', '', '', '', '');
INSERT INTO CNT_FIELD_DEFINITION
 (ID, REVISION, PARENT_ID, FIELD_ID, COLUMN_NAME, COLUMN_TYPE, REPORT_COLUMN_NAME, PRODUCT_FIELD, FIELD_TYPE, ENTITY_LOOKUP, ENTITY_LOOKUP_KEY, ORDER_BY, GENERATOR, REFER_TABLE, KEY_COLUMN, LOOKUP_COLUMN, MANDATORY, MIN_LENGTH, MAX_LENGTH, MIN_VALUE, MAX_VALUE, CONSTANT_VALUE, UNIQUE_KEY, CREATE_USER, CREATED_ON, LINE_NO, MANAGED, FIELD_PATH, DATA_TYPE, DATA1, DATA2, TRANSITIVE_FIELDS, FORMULA, ENTITY_LOOKUP_TYPE)
VALUES ('b8e60452aa73478a87bd42532ef3398c', 0, 'e4b68d6e2c7143c6ac9a57d7c221ff8f', 'custDate3', 'CUST_DATE3', 'DATE', 'CUSTOM_FIELD_DATE3', 0, 'date', '', '', '', '', '', '', '', 0, NULL, NULL, NULL, NULL, '', '', 'system', systimestamp, '28', 0, 'entity.vendorInvoiceShipItems.viShipmentItemCs.custDate3', '', '', '', '', '', '');
INSERT INTO CNT_FIELD_DEFINITION
 (ID, REVISION, PARENT_ID, FIELD_ID, COLUMN_NAME, COLUMN_TYPE, REPORT_COLUMN_NAME, PRODUCT_FIELD, FIELD_TYPE, ENTITY_LOOKUP, ENTITY_LOOKUP_KEY, ORDER_BY, GENERATOR, REFER_TABLE, KEY_COLUMN, LOOKUP_COLUMN, MANDATORY, MIN_LENGTH, MAX_LENGTH, MIN_VALUE, MAX_VALUE, CONSTANT_VALUE, UNIQUE_KEY, CREATE_USER, CREATED_ON, LINE_NO, MANAGED, FIELD_PATH, DATA_TYPE, DATA1, DATA2, TRANSITIVE_FIELDS, FORMULA, ENTITY_LOOKUP_TYPE)
VALUES ('94f9bd1a9dd24e6da7e4f7e4f6da89a0', 0, 'e4b68d6e2c7143c6ac9a57d7c221ff8f', 'custDate4', 'CUST_DATE4', 'DATE', 'CUSTOM_FIELD_DATE4', 0, 'date', '', '', '', '', '', '', '', 0, NULL, NULL, NULL, NULL, '', '', 'system', systimestamp, '29', 0, 'entity.vendorInvoiceShipItems.viShipmentItemCs.custDate4', '', '', '', '', '', '');
INSERT INTO CNT_FIELD_DEFINITION
 (ID, REVISION, PARENT_ID, FIELD_ID, COLUMN_NAME, COLUMN_TYPE, REPORT_COLUMN_NAME, PRODUCT_FIELD, FIELD_TYPE, ENTITY_LOOKUP, ENTITY_LOOKUP_KEY, ORDER_BY, GENERATOR, REFER_TABLE, KEY_COLUMN, LOOKUP_COLUMN, MANDATORY, MIN_LENGTH, MAX_LENGTH, MIN_VALUE, MAX_VALUE, CONSTANT_VALUE, UNIQUE_KEY, CREATE_USER, CREATED_ON, LINE_NO, MANAGED, FIELD_PATH, DATA_TYPE, DATA1, DATA2, TRANSITIVE_FIELDS, FORMULA, ENTITY_LOOKUP_TYPE)
VALUES ('bd91ceb41d29452baec0eb8e4b303ae5', 0, 'e4b68d6e2c7143c6ac9a57d7c221ff8f', 'custDate5', 'CUST_DATE5', 'DATE', 'CUSTOM_FIELD_DATE5', 0, 'date', '', '', '', '', '', '', '', 0, NULL, NULL, NULL, NULL, '', '', 'system', systimestamp, '30', 0, 'entity.vendorInvoiceShipItems.viShipmentItemCs.custDate5', '', '', '', '', '', '');
INSERT INTO CNT_FIELD_DEFINITION
 (ID, REVISION, PARENT_ID, FIELD_ID, COLUMN_NAME, COLUMN_TYPE, REPORT_COLUMN_NAME, PRODUCT_FIELD, FIELD_TYPE, ENTITY_LOOKUP, ENTITY_LOOKUP_KEY, ORDER_BY, GENERATOR, REFER_TABLE, KEY_COLUMN, LOOKUP_COLUMN, MANDATORY, MIN_LENGTH, MAX_LENGTH, MIN_VALUE, MAX_VALUE, CONSTANT_VALUE, UNIQUE_KEY, CREATE_USER, CREATED_ON, LINE_NO, MANAGED, FIELD_PATH, DATA_TYPE, DATA1, DATA2, TRANSITIVE_FIELDS, FORMULA, ENTITY_LOOKUP_TYPE)
VALUES ('5da4503e57754e4fb5fb59f2bbc30e9c', 0, 'e4b68d6e2c7143c6ac9a57d7c221ff8f', 'custDate6', 'CUST_DATE6', 'DATE', 'CUSTOM_FIELD_DATE6', 0, 'date', '', '', '', '', '', '', '', 0, NULL, NULL, NULL, NULL, '', '', 'system', systimestamp, '31', 0, 'entity.vendorInvoiceShipItems.viShipmentItemCs.custDate6', '', '', '', '', '', '');
INSERT INTO CNT_FIELD_DEFINITION
 (ID, REVISION, PARENT_ID, FIELD_ID, COLUMN_NAME, COLUMN_TYPE, REPORT_COLUMN_NAME, PRODUCT_FIELD, FIELD_TYPE, ENTITY_LOOKUP, ENTITY_LOOKUP_KEY, ORDER_BY, GENERATOR, REFER_TABLE, KEY_COLUMN, LOOKUP_COLUMN, MANDATORY, MIN_LENGTH, MAX_LENGTH, MIN_VALUE, MAX_VALUE, CONSTANT_VALUE, UNIQUE_KEY, CREATE_USER, CREATED_ON, LINE_NO, MANAGED, FIELD_PATH, DATA_TYPE, DATA1, DATA2, TRANSITIVE_FIELDS, FORMULA, ENTITY_LOOKUP_TYPE)
VALUES ('64ae3c0fcd284b40be2d9b8776a93153', 0, 'e4b68d6e2c7143c6ac9a57d7c221ff8f', 'custDate7', 'CUST_DATE7', 'DATE', 'CUSTOM_FIELD_DATE7', 0, 'date', '', '', '', '', '', '', '', 0, NULL, NULL, NULL, NULL, '', '', 'system', systimestamp, '32', 0, 'entity.vendorInvoiceShipItems.viShipmentItemCs.custDate7', '', '', '', '', '', '');
INSERT INTO CNT_FIELD_DEFINITION
 (ID, REVISION, PARENT_ID, FIELD_ID, COLUMN_NAME, COLUMN_TYPE, REPORT_COLUMN_NAME, PRODUCT_FIELD, FIELD_TYPE, ENTITY_LOOKUP, ENTITY_LOOKUP_KEY, ORDER_BY, GENERATOR, REFER_TABLE, KEY_COLUMN, LOOKUP_COLUMN, MANDATORY, MIN_LENGTH, MAX_LENGTH, MIN_VALUE, MAX_VALUE, CONSTANT_VALUE, UNIQUE_KEY, CREATE_USER, CREATED_ON, LINE_NO, MANAGED, FIELD_PATH, DATA_TYPE, DATA1, DATA2, TRANSITIVE_FIELDS, FORMULA, ENTITY_LOOKUP_TYPE)
VALUES ('e63f050a76484d6fb80a521d154fade8', 0, 'e4b68d6e2c7143c6ac9a57d7c221ff8f', 'custNumber1', 'CUST_NUMBER1', 'NUMBER(20, 0)', 'CUSTOM_FIELD_NUMBER1', 0, 'integer', '', '', '', '', '', '', '', 0, NULL, 18, NULL, NULL, '', '', 'system', systimestamp, '33', 0, 'entity.vendorInvoiceShipItems.viShipmentItemCs.custNumber1', '', '', '', '', '', '');
INSERT INTO CNT_FIELD_DEFINITION
 (ID, REVISION, PARENT_ID, FIELD_ID, COLUMN_NAME, COLUMN_TYPE, REPORT_COLUMN_NAME, PRODUCT_FIELD, FIELD_TYPE, ENTITY_LOOKUP, ENTITY_LOOKUP_KEY, ORDER_BY, GENERATOR, REFER_TABLE, KEY_COLUMN, LOOKUP_COLUMN, MANDATORY, MIN_LENGTH, MAX_LENGTH, MIN_VALUE, MAX_VALUE, CONSTANT_VALUE, UNIQUE_KEY, CREATE_USER, CREATED_ON, LINE_NO, MANAGED, FIELD_PATH, DATA_TYPE, DATA1, DATA2, TRANSITIVE_FIELDS, FORMULA, ENTITY_LOOKUP_TYPE)
VALUES ('0e851e8822c749d895778476f9d04aec', 0, 'e4b68d6e2c7143c6ac9a57d7c221ff8f', 'custNumber2', 'CUST_NUMBER2', 'NUMBER(20, 0)', 'CUSTOM_FIELD_NUMBER2', 0, 'integer', '', '', '', '', '', '', '', 0, NULL, 18, NULL, NULL, '', '', 'system', systimestamp, '34', 0, 'entity.vendorInvoiceShipItems.viShipmentItemCs.custNumber2', '', '', '', '', '', '');
INSERT INTO CNT_FIELD_DEFINITION
 (ID, REVISION, PARENT_ID, FIELD_ID, COLUMN_NAME, COLUMN_TYPE, REPORT_COLUMN_NAME, PRODUCT_FIELD, FIELD_TYPE, ENTITY_LOOKUP, ENTITY_LOOKUP_KEY, ORDER_BY, GENERATOR, REFER_TABLE, KEY_COLUMN, LOOKUP_COLUMN, MANDATORY, MIN_LENGTH, MAX_LENGTH, MIN_VALUE, MAX_VALUE, CONSTANT_VALUE, UNIQUE_KEY, CREATE_USER, CREATED_ON, LINE_NO, MANAGED, FIELD_PATH, DATA_TYPE, DATA1, DATA2, TRANSITIVE_FIELDS, FORMULA, ENTITY_LOOKUP_TYPE)
VALUES ('b5f2aca0f5b247f68d27c65e7a8e7c44', 0, 'e4b68d6e2c7143c6ac9a57d7c221ff8f', 'custNumber3', 'CUST_NUMBER3', 'NUMBER(20, 0)', 'CUSTOM_FIELD_NUMBER3', 0, 'integer', '', '', '', '', '', '', '', 0, NULL, 18, NULL, NULL, '', '', 'system', systimestamp, '35', 0, 'entity.vendorInvoiceShipItems.viShipmentItemCs.custNumber3', '', '', '', '', '', '');
INSERT INTO CNT_FIELD_DEFINITION
 (ID, REVISION, PARENT_ID, FIELD_ID, COLUMN_NAME, COLUMN_TYPE, REPORT_COLUMN_NAME, PRODUCT_FIELD, FIELD_TYPE, ENTITY_LOOKUP, ENTITY_LOOKUP_KEY, ORDER_BY, GENERATOR, REFER_TABLE, KEY_COLUMN, LOOKUP_COLUMN, MANDATORY, MIN_LENGTH, MAX_LENGTH, MIN_VALUE, MAX_VALUE, CONSTANT_VALUE, UNIQUE_KEY, CREATE_USER, CREATED_ON, LINE_NO, MANAGED, FIELD_PATH, DATA_TYPE, DATA1, DATA2, TRANSITIVE_FIELDS, FORMULA, ENTITY_LOOKUP_TYPE)
VALUES ('b6c4bfc232b24a4caa838c4ae7cbcede', 0, 'e4b68d6e2c7143c6ac9a57d7c221ff8f', 'custNumber4', 'CUST_NUMBER4', 'NUMBER(20, 0)', 'CUSTOM_FIELD_NUMBER4', 0, 'integer', '', '', '', '', '', '', '', 0, NULL, 18, NULL, NULL, '', '', 'system', systimestamp, '36', 0, 'entity.vendorInvoiceShipItems.viShipmentItemCs.custNumber4', '', '', '', '', '', '');
INSERT INTO CNT_FIELD_DEFINITION
 (ID, REVISION, PARENT_ID, FIELD_ID, COLUMN_NAME, COLUMN_TYPE, REPORT_COLUMN_NAME, PRODUCT_FIELD, FIELD_TYPE, ENTITY_LOOKUP, ENTITY_LOOKUP_KEY, ORDER_BY, GENERATOR, REFER_TABLE, KEY_COLUMN, LOOKUP_COLUMN, MANDATORY, MIN_LENGTH, MAX_LENGTH, MIN_VALUE, MAX_VALUE, CONSTANT_VALUE, UNIQUE_KEY, CREATE_USER, CREATED_ON, LINE_NO, MANAGED, FIELD_PATH, DATA_TYPE, DATA1, DATA2, TRANSITIVE_FIELDS, FORMULA, ENTITY_LOOKUP_TYPE)
VALUES ('cc8d8dd3c6974884835826159904dcca', 0, 'e4b68d6e2c7143c6ac9a57d7c221ff8f', 'custNumber5', 'CUST_NUMBER5', 'NUMBER(20, 0)', 'CUSTOM_FIELD_NUMBER5', 0, 'integer', '', '', '', '', '', '', '', 0, NULL, 18, NULL, NULL, '', '', 'system', systimestamp, '37', 0, 'entity.vendorInvoiceShipItems.viShipmentItemCs.custNumber5', '', '', '', '', '', '');
INSERT INTO CNT_FIELD_DEFINITION
 (ID, REVISION, PARENT_ID, FIELD_ID, COLUMN_NAME, COLUMN_TYPE, REPORT_COLUMN_NAME, PRODUCT_FIELD, FIELD_TYPE, ENTITY_LOOKUP, ENTITY_LOOKUP_KEY, ORDER_BY, GENERATOR, REFER_TABLE, KEY_COLUMN, LOOKUP_COLUMN, MANDATORY, MIN_LENGTH, MAX_LENGTH, MIN_VALUE, MAX_VALUE, CONSTANT_VALUE, UNIQUE_KEY, CREATE_USER, CREATED_ON, LINE_NO, MANAGED, FIELD_PATH, DATA_TYPE, DATA1, DATA2, TRANSITIVE_FIELDS, FORMULA, ENTITY_LOOKUP_TYPE)
VALUES ('088a7471d4224a21b1f2073b0cceae7b', 0, 'e4b68d6e2c7143c6ac9a57d7c221ff8f', 'custNumber6', 'CUST_NUMBER6', 'NUMBER(20, 0)', 'CUSTOM_FIELD_NUMBER6', 0, 'integer', '', '', '', '', '', '', '', 0, NULL, 18, NULL, NULL, '', '', 'system', systimestamp, '38', 0, 'entity.vendorInvoiceShipItems.viShipmentItemCs.custNumber6', '', '', '', '', '', '');
INSERT INTO CNT_FIELD_DEFINITION
 (ID, REVISION, PARENT_ID, FIELD_ID, COLUMN_NAME, COLUMN_TYPE, REPORT_COLUMN_NAME, PRODUCT_FIELD, FIELD_TYPE, ENTITY_LOOKUP, ENTITY_LOOKUP_KEY, ORDER_BY, GENERATOR, REFER_TABLE, KEY_COLUMN, LOOKUP_COLUMN, MANDATORY, MIN_LENGTH, MAX_LENGTH, MIN_VALUE, MAX_VALUE, CONSTANT_VALUE, UNIQUE_KEY, CREATE_USER, CREATED_ON, LINE_NO, MANAGED, FIELD_PATH, DATA_TYPE, DATA1, DATA2, TRANSITIVE_FIELDS, FORMULA, ENTITY_LOOKUP_TYPE)
VALUES ('6597f78f454f4a38a5b341cd653510e9', 0, 'e4b68d6e2c7143c6ac9a57d7c221ff8f', 'custNumber7', 'CUST_NUMBER7', 'NUMBER(20, 0)', 'CUSTOM_FIELD_NUMBER7', 0, 'integer', '', '', '', '', '', '', '', 0, NULL, 18, NULL, NULL, '', '', 'system', systimestamp, '39', 0, 'entity.vendorInvoiceShipItems.viShipmentItemCs.custNumber7', '', '', '', '', '', '');
INSERT INTO CNT_FIELD_DEFINITION
 (ID, REVISION, PARENT_ID, FIELD_ID, COLUMN_NAME, COLUMN_TYPE, REPORT_COLUMN_NAME, PRODUCT_FIELD, FIELD_TYPE, ENTITY_LOOKUP, ENTITY_LOOKUP_KEY, ORDER_BY, GENERATOR, REFER_TABLE, KEY_COLUMN, LOOKUP_COLUMN, MANDATORY, MIN_LENGTH, MAX_LENGTH, MIN_VALUE, MAX_VALUE, CONSTANT_VALUE, UNIQUE_KEY, CREATE_USER, CREATED_ON, LINE_NO, MANAGED, FIELD_PATH, DATA_TYPE, DATA1, DATA2, TRANSITIVE_FIELDS, FORMULA, ENTITY_LOOKUP_TYPE)
VALUES ('ee087aebcc574fc78843868bf11b7ba7', 0, 'e4b68d6e2c7143c6ac9a57d7c221ff8f', 'custDecimal1', 'CUST_DECIMAL1', 'NUMBER(25, 5)', 'CUSTOM_FIELD_DECIMAL1', 0, 'decimal-rate', '', '', '', '', '', '', '', 0, NULL, 20, NULL, NULL, '', '', 'system', systimestamp, '40', 0, 'entity.vendorInvoiceShipItems.viShipmentItemCs.custDecimal1', '', '', '', '', '', '');
INSERT INTO CNT_FIELD_DEFINITION
 (ID, REVISION, PARENT_ID, FIELD_ID, COLUMN_NAME, COLUMN_TYPE, REPORT_COLUMN_NAME, PRODUCT_FIELD, FIELD_TYPE, ENTITY_LOOKUP, ENTITY_LOOKUP_KEY, ORDER_BY, GENERATOR, REFER_TABLE, KEY_COLUMN, LOOKUP_COLUMN, MANDATORY, MIN_LENGTH, MAX_LENGTH, MIN_VALUE, MAX_VALUE, CONSTANT_VALUE, UNIQUE_KEY, CREATE_USER, CREATED_ON, LINE_NO, MANAGED, FIELD_PATH, DATA_TYPE, DATA1, DATA2, TRANSITIVE_FIELDS, FORMULA, ENTITY_LOOKUP_TYPE)
VALUES ('502642a90abe4006b42322be7437810b', 0, 'e4b68d6e2c7143c6ac9a57d7c221ff8f', 'custDecimal2', 'CUST_DECIMAL2', 'NUMBER(25, 5)', 'CUSTOM_FIELD_DECIMAL2', 0, 'decimal-rate', '', '', '', '', '', '', '', 0, NULL, 20, NULL, NULL, '', '', 'system', systimestamp, '41', 0, 'entity.vendorInvoiceShipItems.viShipmentItemCs.custDecimal2', '', '', '', '', '', '');
INSERT INTO CNT_FIELD_DEFINITION
 (ID, REVISION, PARENT_ID, FIELD_ID, COLUMN_NAME, COLUMN_TYPE, REPORT_COLUMN_NAME, PRODUCT_FIELD, FIELD_TYPE, ENTITY_LOOKUP, ENTITY_LOOKUP_KEY, ORDER_BY, GENERATOR, REFER_TABLE, KEY_COLUMN, LOOKUP_COLUMN, MANDATORY, MIN_LENGTH, MAX_LENGTH, MIN_VALUE, MAX_VALUE, CONSTANT_VALUE, UNIQUE_KEY, CREATE_USER, CREATED_ON, LINE_NO, MANAGED, FIELD_PATH, DATA_TYPE, DATA1, DATA2, TRANSITIVE_FIELDS, FORMULA, ENTITY_LOOKUP_TYPE)
VALUES ('527e18be1a8546588aa6e15dfe981d73', 0, 'e4b68d6e2c7143c6ac9a57d7c221ff8f', 'custDecimal3', 'CUST_DECIMAL3', 'NUMBER(25, 5)', 'CUSTOM_FIELD_DECIMAL3', 0, 'decimal-rate', '', '', '', '', '', '', '', 0, NULL, 20, NULL, NULL, '', '', 'system', systimestamp, '42', 0, 'entity.vendorInvoiceShipItems.viShipmentItemCs.custDecimal3', '', '', '', '', '', '');
INSERT INTO CNT_FIELD_DEFINITION
 (ID, REVISION, PARENT_ID, FIELD_ID, COLUMN_NAME, COLUMN_TYPE, REPORT_COLUMN_NAME, PRODUCT_FIELD, FIELD_TYPE, ENTITY_LOOKUP, ENTITY_LOOKUP_KEY, ORDER_BY, GENERATOR, REFER_TABLE, KEY_COLUMN, LOOKUP_COLUMN, MANDATORY, MIN_LENGTH, MAX_LENGTH, MIN_VALUE, MAX_VALUE, CONSTANT_VALUE, UNIQUE_KEY, CREATE_USER, CREATED_ON, LINE_NO, MANAGED, FIELD_PATH, DATA_TYPE, DATA1, DATA2, TRANSITIVE_FIELDS, FORMULA, ENTITY_LOOKUP_TYPE)
VALUES ('1ce2f2842a3449069761fe18ccff77fd', 0, 'e4b68d6e2c7143c6ac9a57d7c221ff8f', 'custDecimal4', 'CUST_DECIMAL4', 'NUMBER(25, 5)', 'CUSTOM_FIELD_DECIMAL4', 0, 'decimal-rate', '', '', '', '', '', '', '', 0, NULL, 20, NULL, NULL, '', '', 'system', systimestamp, '43', 0, 'entity.vendorInvoiceShipItems.viShipmentItemCs.custDecimal4', '', '', '', '', '', '');
INSERT INTO CNT_FIELD_DEFINITION
 (ID, REVISION, PARENT_ID, FIELD_ID, COLUMN_NAME, COLUMN_TYPE, REPORT_COLUMN_NAME, PRODUCT_FIELD, FIELD_TYPE, ENTITY_LOOKUP, ENTITY_LOOKUP_KEY, ORDER_BY, GENERATOR, REFER_TABLE, KEY_COLUMN, LOOKUP_COLUMN, MANDATORY, MIN_LENGTH, MAX_LENGTH, MIN_VALUE, MAX_VALUE, CONSTANT_VALUE, UNIQUE_KEY, CREATE_USER, CREATED_ON, LINE_NO, MANAGED, FIELD_PATH, DATA_TYPE, DATA1, DATA2, TRANSITIVE_FIELDS, FORMULA, ENTITY_LOOKUP_TYPE)
VALUES ('3a25d9a6f902430fb90d2b1dc448d9c5', 0, 'e4b68d6e2c7143c6ac9a57d7c221ff8f', 'custDecimal5', 'CUST_DECIMAL5', 'NUMBER(25, 5)', 'CUSTOM_FIELD_DECIMAL5', 0, 'decimal-rate', '', '', '', '', '', '', '', 0, NULL, 20, NULL, NULL, '', '', 'system', systimestamp, '44', 0, 'entity.vendorInvoiceShipItems.viShipmentItemCs.custDecimal5', '', '', '', '', '', '');
INSERT INTO CNT_FIELD_DEFINITION
 (ID, REVISION, PARENT_ID, FIELD_ID, COLUMN_NAME, COLUMN_TYPE, REPORT_COLUMN_NAME, PRODUCT_FIELD, FIELD_TYPE, ENTITY_LOOKUP, ENTITY_LOOKUP_KEY, ORDER_BY, GENERATOR, REFER_TABLE, KEY_COLUMN, LOOKUP_COLUMN, MANDATORY, MIN_LENGTH, MAX_LENGTH, MIN_VALUE, MAX_VALUE, CONSTANT_VALUE, UNIQUE_KEY, CREATE_USER, CREATED_ON, LINE_NO, MANAGED, FIELD_PATH, DATA_TYPE, DATA1, DATA2, TRANSITIVE_FIELDS, FORMULA, ENTITY_LOOKUP_TYPE)
VALUES ('960dad912b884c6da938ac9ac541b313', 0, 'e4b68d6e2c7143c6ac9a57d7c221ff8f', 'custDecimal6', 'CUST_DECIMAL6', 'NUMBER(25, 5)', 'CUSTOM_FIELD_DECIMAL6', 0, 'decimal-rate', '', '', '', '', '', '', '', 0, NULL, 20, NULL, NULL, '', '', 'system', systimestamp, '45', 0, 'entity.vendorInvoiceShipItems.viShipmentItemCs.custDecimal6', '', '', '', '', '', '');
INSERT INTO CNT_FIELD_DEFINITION
 (ID, REVISION, PARENT_ID, FIELD_ID, COLUMN_NAME, COLUMN_TYPE, REPORT_COLUMN_NAME, PRODUCT_FIELD, FIELD_TYPE, ENTITY_LOOKUP, ENTITY_LOOKUP_KEY, ORDER_BY, GENERATOR, REFER_TABLE, KEY_COLUMN, LOOKUP_COLUMN, MANDATORY, MIN_LENGTH, MAX_LENGTH, MIN_VALUE, MAX_VALUE, CONSTANT_VALUE, UNIQUE_KEY, CREATE_USER, CREATED_ON, LINE_NO, MANAGED, FIELD_PATH, DATA_TYPE, DATA1, DATA2, TRANSITIVE_FIELDS, FORMULA, ENTITY_LOOKUP_TYPE)
VALUES ('1f47c6a00a2a415a9271a7ab7e61f898', 0, 'e4b68d6e2c7143c6ac9a57d7c221ff8f', 'custDecimal7', 'CUST_DECIMAL7', 'NUMBER(25, 5)', 'CUSTOM_FIELD_DECIMAL7', 0, 'decimal-rate', '', '', '', '', '', '', '', 0, NULL, 20, NULL, NULL, '', '', 'system', systimestamp, '46', 0, 'entity.vendorInvoiceShipItems.viShipmentItemCs.custDecimal7', '', '', '', '', '', '');
INSERT INTO CNT_FIELD_DEFINITION
 (ID, REVISION, PARENT_ID, FIELD_ID, COLUMN_NAME, COLUMN_TYPE, REPORT_COLUMN_NAME, PRODUCT_FIELD, FIELD_TYPE, ENTITY_LOOKUP, ENTITY_LOOKUP_KEY, ORDER_BY, GENERATOR, REFER_TABLE, KEY_COLUMN, LOOKUP_COLUMN, MANDATORY, MIN_LENGTH, MAX_LENGTH, MIN_VALUE, MAX_VALUE, CONSTANT_VALUE, UNIQUE_KEY, CREATE_USER, CREATED_ON, LINE_NO, MANAGED, FIELD_PATH, DATA_TYPE, DATA1, DATA2, TRANSITIVE_FIELDS, FORMULA, ENTITY_LOOKUP_TYPE)
VALUES ('0525c880455043468f60f0f43cd1e2c9', 0, 'e4b68d6e2c7143c6ac9a57d7c221ff8f', 'custCodelist1', 'CUST_CODELIST1', 'NVARCHAR2(400)', 'CUSTOM_FIELD_CODE_LIST_CODE1', 0, 'string-m', '', '', '', '', '', '', '', 0, NULL, 400, NULL, NULL, '', '', 'system', systimestamp, '47', 0, 'entity.vendorInvoiceShipItems.viShipmentItemCs.custCodelist1', 'codelist', '', '', '', '', '');
INSERT INTO CNT_FIELD_DEFINITION
 (ID, REVISION, PARENT_ID, FIELD_ID, COLUMN_NAME, COLUMN_TYPE, REPORT_COLUMN_NAME, PRODUCT_FIELD, FIELD_TYPE, ENTITY_LOOKUP, ENTITY_LOOKUP_KEY, ORDER_BY, GENERATOR, REFER_TABLE, KEY_COLUMN, LOOKUP_COLUMN, MANDATORY, MIN_LENGTH, MAX_LENGTH, MIN_VALUE, MAX_VALUE, CONSTANT_VALUE, UNIQUE_KEY, CREATE_USER, CREATED_ON, LINE_NO, MANAGED, FIELD_PATH, DATA_TYPE, DATA1, DATA2, TRANSITIVE_FIELDS, FORMULA, ENTITY_LOOKUP_TYPE)
VALUES ('e6a663efb29b41338fb0a9170faa58bb', 0, 'e4b68d6e2c7143c6ac9a57d7c221ff8f', 'custCodelist2', 'CUST_CODELIST2', 'NVARCHAR2(400)', 'CUSTOM_FIELD_CODE_LIST_CODE2', 0, 'string-m', '', '', '', '', '', '', '', 0, NULL, 400, NULL, NULL, '', '', 'system', systimestamp, '48', 0, 'entity.vendorInvoiceShipItems.viShipmentItemCs.custCodelist2', 'codelist', '', '', '', '', '');
INSERT INTO CNT_FIELD_DEFINITION
 (ID, REVISION, PARENT_ID, FIELD_ID, COLUMN_NAME, COLUMN_TYPE, REPORT_COLUMN_NAME, PRODUCT_FIELD, FIELD_TYPE, ENTITY_LOOKUP, ENTITY_LOOKUP_KEY, ORDER_BY, GENERATOR, REFER_TABLE, KEY_COLUMN, LOOKUP_COLUMN, MANDATORY, MIN_LENGTH, MAX_LENGTH, MIN_VALUE, MAX_VALUE, CONSTANT_VALUE, UNIQUE_KEY, CREATE_USER, CREATED_ON, LINE_NO, MANAGED, FIELD_PATH, DATA_TYPE, DATA1, DATA2, TRANSITIVE_FIELDS, FORMULA, ENTITY_LOOKUP_TYPE)
VALUES ('3f4bb3d88f70404cb1230c0af4c497ab', 0, 'e4b68d6e2c7143c6ac9a57d7c221ff8f', 'custCodelist3', 'CUST_CODELIST3', 'NVARCHAR2(400)', 'CUSTOM_FIELD_CODE_LIST_CODE3', 0, 'string-m', '', '', '', '', '', '', '', 0, NULL, 400, NULL, NULL, '', '', 'system', systimestamp, '49', 0, 'entity.vendorInvoiceShipItems.viShipmentItemCs.custCodelist3', 'codelist', '', '', '', '', '');
INSERT INTO CNT_FIELD_DEFINITION
 (ID, REVISION, PARENT_ID, FIELD_ID, COLUMN_NAME, COLUMN_TYPE, REPORT_COLUMN_NAME, PRODUCT_FIELD, FIELD_TYPE, ENTITY_LOOKUP, ENTITY_LOOKUP_KEY, ORDER_BY, GENERATOR, REFER_TABLE, KEY_COLUMN, LOOKUP_COLUMN, MANDATORY, MIN_LENGTH, MAX_LENGTH, MIN_VALUE, MAX_VALUE, CONSTANT_VALUE, UNIQUE_KEY, CREATE_USER, CREATED_ON, LINE_NO, MANAGED, FIELD_PATH, DATA_TYPE, DATA1, DATA2, TRANSITIVE_FIELDS, FORMULA, ENTITY_LOOKUP_TYPE)
VALUES ('bd94a5263a0b4954888fab0791b3a19c', 0, 'e4b68d6e2c7143c6ac9a57d7c221ff8f', 'custCodelist4', 'CUST_CODELIST4', 'NVARCHAR2(400)', 'CUSTOM_FIELD_CODE_LIST_CODE4', 0, 'string-m', '', '', '', '', '', '', '', 0, NULL, 400, NULL, NULL, '', '', 'system', systimestamp, '50', 0, 'entity.vendorInvoiceShipItems.viShipmentItemCs.custCodelist4', 'codelist', '', '', '', '', '');
INSERT INTO CNT_FIELD_DEFINITION
 (ID, REVISION, PARENT_ID, FIELD_ID, COLUMN_NAME, COLUMN_TYPE, REPORT_COLUMN_NAME, PRODUCT_FIELD, FIELD_TYPE, ENTITY_LOOKUP, ENTITY_LOOKUP_KEY, ORDER_BY, GENERATOR, REFER_TABLE, KEY_COLUMN, LOOKUP_COLUMN, MANDATORY, MIN_LENGTH, MAX_LENGTH, MIN_VALUE, MAX_VALUE, CONSTANT_VALUE, UNIQUE_KEY, CREATE_USER, CREATED_ON, LINE_NO, MANAGED, FIELD_PATH, DATA_TYPE, DATA1, DATA2, TRANSITIVE_FIELDS, FORMULA, ENTITY_LOOKUP_TYPE)
VALUES ('8a3e0d0deb8e4650b6580f7221845ea3', 0, 'e4b68d6e2c7143c6ac9a57d7c221ff8f', 'custCodelist5', 'CUST_CODELIST5', 'NVARCHAR2(400)', 'CUSTOM_FIELD_CODE_LIST_CODE5', 0, 'string-m', '', '', '', '', '', '', '', 0, NULL, 400, NULL, NULL, '', '', 'system', systimestamp, '51', 0, 'entity.vendorInvoiceShipItems.viShipmentItemCs.custCodelist5', 'codelist', '', '', '', '', '');
INSERT INTO CNT_FIELD_DEFINITION
 (ID, REVISION, PARENT_ID, FIELD_ID, COLUMN_NAME, COLUMN_TYPE, REPORT_COLUMN_NAME, PRODUCT_FIELD, FIELD_TYPE, ENTITY_LOOKUP, ENTITY_LOOKUP_KEY, ORDER_BY, GENERATOR, REFER_TABLE, KEY_COLUMN, LOOKUP_COLUMN, MANDATORY, MIN_LENGTH, MAX_LENGTH, MIN_VALUE, MAX_VALUE, CONSTANT_VALUE, UNIQUE_KEY, CREATE_USER, CREATED_ON, LINE_NO, MANAGED, FIELD_PATH, DATA_TYPE, DATA1, DATA2, TRANSITIVE_FIELDS, FORMULA, ENTITY_LOOKUP_TYPE)
VALUES ('121f1b160780414ca775169ab476bf30', 0, 'e4b68d6e2c7143c6ac9a57d7c221ff8f', 'custCodelist6', 'CUST_CODELIST6', 'NVARCHAR2(400)', 'CUSTOM_FIELD_CODE_LIST_CODE6', 0, 'string-m', '', '', '', '', '', '', '', 0, NULL, 400, NULL, NULL, '', '', 'system', systimestamp, '52', 0, 'entity.vendorInvoiceShipItems.viShipmentItemCs.custCodelist6', 'codelist', '', '', '', '', '');
INSERT INTO CNT_FIELD_DEFINITION
 (ID, REVISION, PARENT_ID, FIELD_ID, COLUMN_NAME, COLUMN_TYPE, REPORT_COLUMN_NAME, PRODUCT_FIELD, FIELD_TYPE, ENTITY_LOOKUP, ENTITY_LOOKUP_KEY, ORDER_BY, GENERATOR, REFER_TABLE, KEY_COLUMN, LOOKUP_COLUMN, MANDATORY, MIN_LENGTH, MAX_LENGTH, MIN_VALUE, MAX_VALUE, CONSTANT_VALUE, UNIQUE_KEY, CREATE_USER, CREATED_ON, LINE_NO, MANAGED, FIELD_PATH, DATA_TYPE, DATA1, DATA2, TRANSITIVE_FIELDS, FORMULA, ENTITY_LOOKUP_TYPE)
VALUES ('1fb7bbb4ef63411c8e18f161f1345da6', 0, 'e4b68d6e2c7143c6ac9a57d7c221ff8f', 'custCodelist7', 'CUST_CODELIST7', 'NVARCHAR2(400)', 'CUSTOM_FIELD_CODE_LIST_CODE7', 0, 'string-m', '', '', '', '', '', '', '', 0, NULL, 400, NULL, NULL, '', '', 'system', systimestamp, '53', 0, 'entity.vendorInvoiceShipItems.viShipmentItemCs.custCodelist7', 'codelist', '', '', '', '', '');
INSERT INTO CNT_FIELD_DEFINITION
 (ID, REVISION, PARENT_ID, FIELD_ID, COLUMN_NAME, COLUMN_TYPE, REPORT_COLUMN_NAME, PRODUCT_FIELD, FIELD_TYPE, ENTITY_LOOKUP, ENTITY_LOOKUP_KEY, ORDER_BY, GENERATOR, REFER_TABLE, KEY_COLUMN, LOOKUP_COLUMN, MANDATORY, MIN_LENGTH, MAX_LENGTH, MIN_VALUE, MAX_VALUE, CONSTANT_VALUE, UNIQUE_KEY, CREATE_USER, CREATED_ON, LINE_NO, MANAGED, FIELD_PATH, DATA_TYPE, DATA1, DATA2, TRANSITIVE_FIELDS, FORMULA, ENTITY_LOOKUP_TYPE)
VALUES ('3e1cad7fce75406da1b432344c48ca8e', 0, 'e4b68d6e2c7143c6ac9a57d7c221ff8f', 'custMemoText1', 'CUST_MEMO_TEXT1', 'NVARCHAR2(1000)', 'CUSTOM_FIELD_MEMO_TEXT1', 0, 'string-l', '', '', '', '', '', '', '', 0, NULL, 1000, NULL, NULL, '', '', 'system', systimestamp, '54', 0, 'entity.vendorInvoiceShipItems.viShipmentItemCs.custMemoText1', '', '', '', '', '', '');
INSERT INTO CNT_FIELD_DEFINITION
 (ID, REVISION, PARENT_ID, FIELD_ID, COLUMN_NAME, COLUMN_TYPE, REPORT_COLUMN_NAME, PRODUCT_FIELD, FIELD_TYPE, ENTITY_LOOKUP, ENTITY_LOOKUP_KEY, ORDER_BY, GENERATOR, REFER_TABLE, KEY_COLUMN, LOOKUP_COLUMN, MANDATORY, MIN_LENGTH, MAX_LENGTH, MIN_VALUE, MAX_VALUE, CONSTANT_VALUE, UNIQUE_KEY, CREATE_USER, CREATED_ON, LINE_NO, MANAGED, FIELD_PATH, DATA_TYPE, DATA1, DATA2, TRANSITIVE_FIELDS, FORMULA, ENTITY_LOOKUP_TYPE)
VALUES ('e63868f3fc574045bf01afb1425d40a6', 0, 'e4b68d6e2c7143c6ac9a57d7c221ff8f', 'custMemoText2', 'CUST_MEMO_TEXT2', 'NVARCHAR2(1000)', 'CUSTOM_FIELD_MEMO_TEXT2', 0, 'string-l', '', '', '', '', '', '', '', 0, NULL, 1000, NULL, NULL, '', '', 'system', systimestamp, '55', 0, 'entity.vendorInvoiceShipItems.viShipmentItemCs.custMemoText2', '', '', '', '', '', '');
INSERT INTO CNT_FIELD_DEFINITION
 (ID, REVISION, PARENT_ID, FIELD_ID, COLUMN_NAME, COLUMN_TYPE, REPORT_COLUMN_NAME, PRODUCT_FIELD, FIELD_TYPE, ENTITY_LOOKUP, ENTITY_LOOKUP_KEY, ORDER_BY, GENERATOR, REFER_TABLE, KEY_COLUMN, LOOKUP_COLUMN, MANDATORY, MIN_LENGTH, MAX_LENGTH, MIN_VALUE, MAX_VALUE, CONSTANT_VALUE, UNIQUE_KEY, CREATE_USER, CREATED_ON, LINE_NO, MANAGED, FIELD_PATH, DATA_TYPE, DATA1, DATA2, TRANSITIVE_FIELDS, FORMULA, ENTITY_LOOKUP_TYPE)
VALUES ('3f1dc13295e94b81a80dc0e475074f31', 0, 'e4b68d6e2c7143c6ac9a57d7c221ff8f', 'custMemoText3', 'CUST_MEMO_TEXT3', 'NVARCHAR2(1000)', 'CUSTOM_FIELD_MEMO_TEXT3', 0, 'string-l', '', '', '', '', '', '', '', 0, NULL, 1000, NULL, NULL, '', '', 'system', systimestamp, '56', 0, 'entity.vendorInvoiceShipItems.viShipmentItemCs.custMemoText3', '', '', '', '', '', '');
INSERT INTO CNT_FIELD_DEFINITION
 (ID, REVISION, PARENT_ID, FIELD_ID, COLUMN_NAME, COLUMN_TYPE, REPORT_COLUMN_NAME, PRODUCT_FIELD, FIELD_TYPE, ENTITY_LOOKUP, ENTITY_LOOKUP_KEY, ORDER_BY, GENERATOR, REFER_TABLE, KEY_COLUMN, LOOKUP_COLUMN, MANDATORY, MIN_LENGTH, MAX_LENGTH, MIN_VALUE, MAX_VALUE, CONSTANT_VALUE, UNIQUE_KEY, CREATE_USER, CREATED_ON, LINE_NO, MANAGED, FIELD_PATH, DATA_TYPE, DATA1, DATA2, TRANSITIVE_FIELDS, FORMULA, ENTITY_LOOKUP_TYPE)
VALUES ('e8ca15dda07a4c10ab4c99149cf46fbb', 0, 'e4b68d6e2c7143c6ac9a57d7c221ff8f', 'custMemoText4', 'CUST_MEMO_TEXT4', 'NVARCHAR2(1000)', 'CUSTOM_FIELD_MEMO_TEXT4', 0, 'string-l', '', '', '', '', '', '', '', 0, NULL, 1000, NULL, NULL, '', '', 'system', systimestamp, '57', 0, 'entity.vendorInvoiceShipItems.viShipmentItemCs.custMemoText4', '', '', '', '', '', '');
INSERT INTO CNT_FIELD_DEFINITION
 (ID, REVISION, PARENT_ID, FIELD_ID, COLUMN_NAME, COLUMN_TYPE, REPORT_COLUMN_NAME, PRODUCT_FIELD, FIELD_TYPE, ENTITY_LOOKUP, ENTITY_LOOKUP_KEY, ORDER_BY, GENERATOR, REFER_TABLE, KEY_COLUMN, LOOKUP_COLUMN, MANDATORY, MIN_LENGTH, MAX_LENGTH, MIN_VALUE, MAX_VALUE, CONSTANT_VALUE, UNIQUE_KEY, CREATE_USER, CREATED_ON, LINE_NO, MANAGED, FIELD_PATH, DATA_TYPE, DATA1, DATA2, TRANSITIVE_FIELDS, FORMULA, ENTITY_LOOKUP_TYPE)
VALUES ('4060adb1313e45e2a0372d49efe78c2a', 0, 'e4b68d6e2c7143c6ac9a57d7c221ff8f', 'custMemoText5', 'CUST_MEMO_TEXT5', 'NVARCHAR2(1000)', 'CUSTOM_FIELD_MEMO_TEXT5', 0, 'string-l', '', '', '', '', '', '', '', 0, NULL, 1000, NULL, NULL, '', '', 'system', systimestamp, '58', 0, 'entity.vendorInvoiceShipItems.viShipmentItemCs.custMemoText5', '', '', '', '', '', '');
INSERT INTO CNT_FIELD_DEFINITION
 (ID, REVISION, PARENT_ID, FIELD_ID, COLUMN_NAME, COLUMN_TYPE, REPORT_COLUMN_NAME, PRODUCT_FIELD, FIELD_TYPE, ENTITY_LOOKUP, ENTITY_LOOKUP_KEY, ORDER_BY, GENERATOR, REFER_TABLE, KEY_COLUMN, LOOKUP_COLUMN, MANDATORY, MIN_LENGTH, MAX_LENGTH, MIN_VALUE, MAX_VALUE, CONSTANT_VALUE, UNIQUE_KEY, CREATE_USER, CREATED_ON, LINE_NO, MANAGED, FIELD_PATH, DATA_TYPE, DATA1, DATA2, TRANSITIVE_FIELDS, FORMULA, ENTITY_LOOKUP_TYPE)
VALUES ('b35ab0cc14cf4911b06f175db80b0bf5', 0, 'e4b68d6e2c7143c6ac9a57d7c221ff8f', 'custMemoText6', 'CUST_MEMO_TEXT6', 'NVARCHAR2(1000)', 'CUSTOM_FIELD_MEMO_TEXT6', 0, 'string-l', '', '', '', '', '', '', '', 0, NULL, 1000, NULL, NULL, '', '', 'system', systimestamp, '59', 0, 'entity.vendorInvoiceShipItems.viShipmentItemCs.custMemoText6', '', '', '', '', '', '');
INSERT INTO CNT_FIELD_DEFINITION
 (ID, REVISION, PARENT_ID, FIELD_ID, COLUMN_NAME, COLUMN_TYPE, REPORT_COLUMN_NAME, PRODUCT_FIELD, FIELD_TYPE, ENTITY_LOOKUP, ENTITY_LOOKUP_KEY, ORDER_BY, GENERATOR, REFER_TABLE, KEY_COLUMN, LOOKUP_COLUMN, MANDATORY, MIN_LENGTH, MAX_LENGTH, MIN_VALUE, MAX_VALUE, CONSTANT_VALUE, UNIQUE_KEY, CREATE_USER, CREATED_ON, LINE_NO, MANAGED, FIELD_PATH, DATA_TYPE, DATA1, DATA2, TRANSITIVE_FIELDS, FORMULA, ENTITY_LOOKUP_TYPE)
VALUES ('0f1ff96010ae4da79d1bef3f52f9ace4', 0, 'e4b68d6e2c7143c6ac9a57d7c221ff8f', 'custMemoText7', 'CUST_MEMO_TEXT7', 'NVARCHAR2(1000)', 'CUSTOM_FIELD_MEMO_TEXT7', 0, 'string-l', '', '', '', '', '', '', '', 0, NULL, 1000, NULL, NULL, '', '', 'system', systimestamp, '60', 0, 'entity.vendorInvoiceShipItems.viShipmentItemCs.custMemoText7', '', '', '', '', '', '');
INSERT INTO CNT_FIELD_DEFINITION
 (ID, REVISION, PARENT_ID, FIELD_ID, COLUMN_NAME, COLUMN_TYPE, REPORT_COLUMN_NAME, PRODUCT_FIELD, FIELD_TYPE, ENTITY_LOOKUP, ENTITY_LOOKUP_KEY, ORDER_BY, GENERATOR, REFER_TABLE, KEY_COLUMN, LOOKUP_COLUMN, MANDATORY, MIN_LENGTH, MAX_LENGTH, MIN_VALUE, MAX_VALUE, CONSTANT_VALUE, UNIQUE_KEY, CREATE_USER, CREATED_ON, LINE_NO, MANAGED, FIELD_PATH, DATA_TYPE, DATA1, DATA2, TRANSITIVE_FIELDS, FORMULA, ENTITY_LOOKUP_TYPE)
VALUES ('71b3ddef5d8448b5bb2bd8e9e0b0a7d5', 0, 'e4b68d6e2c7143c6ac9a57d7c221ff8f', 'custHcl1', 'CUST_HCL1_ID', 'CHAR(32)', 'CUSTOM_FIELD_HCL_CODE_SYS_ID1', 0, 'entity', 'HclNode', 'id', '', '', '', '', '', 0, 32, 32, NULL, NULL, '', '', 'system', systimestamp, '61', 0, 'entity.vendorInvoiceShipItems.viShipmentItemCs.custHcl1', '', '', '', '', '', '');
INSERT INTO CNT_FIELD_DEFINITION
 (ID, REVISION, PARENT_ID, FIELD_ID, COLUMN_NAME, COLUMN_TYPE, REPORT_COLUMN_NAME, PRODUCT_FIELD, FIELD_TYPE, ENTITY_LOOKUP, ENTITY_LOOKUP_KEY, ORDER_BY, GENERATOR, REFER_TABLE, KEY_COLUMN, LOOKUP_COLUMN, MANDATORY, MIN_LENGTH, MAX_LENGTH, MIN_VALUE, MAX_VALUE, CONSTANT_VALUE, UNIQUE_KEY, CREATE_USER, CREATED_ON, LINE_NO, MANAGED, FIELD_PATH, DATA_TYPE, DATA1, DATA2, TRANSITIVE_FIELDS, FORMULA, ENTITY_LOOKUP_TYPE)
VALUES ('c15231eb1fbe41a4a476023145af2811', 0, 'e4b68d6e2c7143c6ac9a57d7c221ff8f', 'custHcl2', 'CUST_HCL2_ID', 'CHAR(32)', 'CUSTOM_FIELD_HCL_CODE_SYS_ID2', 0, 'entity', 'HclNode', 'id', '', '', '', '', '', 0, 32, 32, NULL, NULL, '', '', 'system', systimestamp, '62', 0, 'entity.vendorInvoiceShipItems.viShipmentItemCs.custHcl2', '', '', '', '', '', '');
INSERT INTO CNT_FIELD_DEFINITION
 (ID, REVISION, PARENT_ID, FIELD_ID, COLUMN_NAME, COLUMN_TYPE, REPORT_COLUMN_NAME, PRODUCT_FIELD, FIELD_TYPE, ENTITY_LOOKUP, ENTITY_LOOKUP_KEY, ORDER_BY, GENERATOR, REFER_TABLE, KEY_COLUMN, LOOKUP_COLUMN, MANDATORY, MIN_LENGTH, MAX_LENGTH, MIN_VALUE, MAX_VALUE, CONSTANT_VALUE, UNIQUE_KEY, CREATE_USER, CREATED_ON, LINE_NO, MANAGED, FIELD_PATH, DATA_TYPE, DATA1, DATA2, TRANSITIVE_FIELDS, FORMULA, ENTITY_LOOKUP_TYPE)
VALUES ('c1433cae48354cbcb0e20613b6a66aac', 0, 'e4b68d6e2c7143c6ac9a57d7c221ff8f', 'custHcl3', 'CUST_HCL3_ID', 'CHAR(32)', 'CUSTOM_FIELD_HCL_CODE_SYS_ID3', 0, 'entity', 'HclNode', 'id', '', '', '', '', '', 0, 32, 32, NULL, NULL, '', '', 'system', systimestamp, '63', 0, 'entity.vendorInvoiceShipItems.viShipmentItemCs.custHcl3', '', '', '', '', '', '');
INSERT INTO CNT_FIELD_DEFINITION
 (ID, REVISION, PARENT_ID, FIELD_ID, COLUMN_NAME, COLUMN_TYPE, REPORT_COLUMN_NAME, PRODUCT_FIELD, FIELD_TYPE, ENTITY_LOOKUP, ENTITY_LOOKUP_KEY, ORDER_BY, GENERATOR, REFER_TABLE, KEY_COLUMN, LOOKUP_COLUMN, MANDATORY, MIN_LENGTH, MAX_LENGTH, MIN_VALUE, MAX_VALUE, CONSTANT_VALUE, UNIQUE_KEY, CREATE_USER, CREATED_ON, LINE_NO, MANAGED, FIELD_PATH, DATA_TYPE, DATA1, DATA2, TRANSITIVE_FIELDS, FORMULA, ENTITY_LOOKUP_TYPE)
VALUES ('24b8da7380a04df49ed2a7a6b813c98c', 0, 'e4b68d6e2c7143c6ac9a57d7c221ff8f', 'custHcl4', 'CUST_HCL4_ID', 'CHAR(32)', 'CUSTOM_FIELD_HCL_CODE_SYS_ID4', 0, 'entity', 'HclNode', 'id', '', '', '', '', '', 0, 32, 32, NULL, NULL, '', '', 'system', systimestamp, '64', 0, 'entity.vendorInvoiceShipItems.viShipmentItemCs.custHcl4', '', '', '', '', '', '');
INSERT INTO CNT_FIELD_DEFINITION
 (ID, REVISION, PARENT_ID, FIELD_ID, COLUMN_NAME, COLUMN_TYPE, REPORT_COLUMN_NAME, PRODUCT_FIELD, FIELD_TYPE, ENTITY_LOOKUP, ENTITY_LOOKUP_KEY, ORDER_BY, GENERATOR, REFER_TABLE, KEY_COLUMN, LOOKUP_COLUMN, MANDATORY, MIN_LENGTH, MAX_LENGTH, MIN_VALUE, MAX_VALUE, CONSTANT_VALUE, UNIQUE_KEY, CREATE_USER, CREATED_ON, LINE_NO, MANAGED, FIELD_PATH, DATA_TYPE, DATA1, DATA2, TRANSITIVE_FIELDS, FORMULA, ENTITY_LOOKUP_TYPE)
VALUES ('59e8f551e12c4ef3a1ff9b3b817815da', 0, 'e4b68d6e2c7143c6ac9a57d7c221ff8f', 'custHcl5', 'CUST_HCL5_ID', 'CHAR(32)', 'CUSTOM_FIELD_HCL_CODE_SYS_ID5', 0, 'entity', 'HclNode', 'id', '', '', '', '', '', 0, 32, 32, NULL, NULL, '', '', 'system', systimestamp, '65', 0, 'entity.vendorInvoiceShipItems.viShipmentItemCs.custHcl5', '', '', '', '', '', '');
INSERT INTO CNT_FIELD_DEFINITION
 (ID, REVISION, PARENT_ID, FIELD_ID, COLUMN_NAME, COLUMN_TYPE, REPORT_COLUMN_NAME, PRODUCT_FIELD, FIELD_TYPE, ENTITY_LOOKUP, ENTITY_LOOKUP_KEY, ORDER_BY, GENERATOR, REFER_TABLE, KEY_COLUMN, LOOKUP_COLUMN, MANDATORY, MIN_LENGTH, MAX_LENGTH, MIN_VALUE, MAX_VALUE, CONSTANT_VALUE, UNIQUE_KEY, CREATE_USER, CREATED_ON, LINE_NO, MANAGED, FIELD_PATH, DATA_TYPE, DATA1, DATA2, TRANSITIVE_FIELDS, FORMULA, ENTITY_LOOKUP_TYPE)
VALUES ('3c64f403c4494d6095c5b6f7da763854', 0, 'e4b68d6e2c7143c6ac9a57d7c221ff8f', 'vpoShipDtlCsRef', 'VPO_SHIP_DTL_CS_REF', 'NVARCHAR2(1000)', 'N/A', 1, 'string-l', '', '', '', '', '', '', '', 0, NULL, 1000, NULL, NULL, '', '', 'system', systimestamp, '66', 0, 'entity.vendorInvoiceShipItems.viShipmentItemCs.vpoShipDtlCsRef', '', '', '', '', '', '');
INSERT INTO CNT_FIELD_DEFINITION
 (ID, REVISION, PARENT_ID, FIELD_ID, COLUMN_NAME, COLUMN_TYPE, REPORT_COLUMN_NAME, PRODUCT_FIELD, FIELD_TYPE, ENTITY_LOOKUP, ENTITY_LOOKUP_KEY, ORDER_BY, GENERATOR, REFER_TABLE, KEY_COLUMN, LOOKUP_COLUMN, MANDATORY, MIN_LENGTH, MAX_LENGTH, MIN_VALUE, MAX_VALUE, CONSTANT_VALUE, UNIQUE_KEY, CREATE_USER, CREATED_ON, LINE_NO, MANAGED, FIELD_PATH, DATA_TYPE, DATA1, DATA2, TRANSITIVE_FIELDS, FORMULA, ENTITY_LOOKUP_TYPE)
VALUES ('17e49505b4ac4798bd2d30bf526a04e0', 0, 'e4b68d6e2c7143c6ac9a57d7c221ff8f', 'vpoShipDtlCsVer', 'VPO_SHIP_DTL_CS_VER', 'NUMBER(20, 0)', 'N/A', 1, 'integer', '', '', '', '', '', '', '', 0, NULL, 18, NULL, NULL, '', '', 'system', systimestamp, '67', 0, 'entity.vendorInvoiceShipItems.viShipmentItemCs.vpoShipDtlCsVer', '', '', '', '', '', '');
INSERT INTO CNT_FIELD_DEFINITION
 (ID, REVISION, PARENT_ID, FIELD_ID, COLUMN_NAME, COLUMN_TYPE, REPORT_COLUMN_NAME, PRODUCT_FIELD, FIELD_TYPE, ENTITY_LOOKUP, ENTITY_LOOKUP_KEY, ORDER_BY, GENERATOR, REFER_TABLE, KEY_COLUMN, LOOKUP_COLUMN, MANDATORY, MIN_LENGTH, MAX_LENGTH, MIN_VALUE, MAX_VALUE, CONSTANT_VALUE, UNIQUE_KEY, CREATE_USER, CREATED_ON, LINE_NO, MANAGED, FIELD_PATH, DATA_TYPE, DATA1, DATA2, TRANSITIVE_FIELDS, FORMULA, ENTITY_LOOKUP_TYPE)
VALUES ('274a95f6822a4c84869d57d2a031e973', 0, 'e4b68d6e2c7143c6ac9a57d7c221ff8f', 'vpoShipDtlCsRef2', 'VPO_SHIP_DTL_CS_REF2', 'NVARCHAR2(1000)', 'N/A', 1, 'string-l', '', '', '', '', '', '', '', 0, NULL, 1000, NULL, NULL, '', '', 'system', systimestamp, '68', 0, 'entity.vendorInvoiceShipItems.viShipmentItemCs.vpoShipDtlCsRef2', '', '', '', '', '', '');
INSERT INTO CNT_FIELD_DEFINITION
 (ID, REVISION, PARENT_ID, FIELD_ID, COLUMN_NAME, COLUMN_TYPE, REPORT_COLUMN_NAME, PRODUCT_FIELD, FIELD_TYPE, ENTITY_LOOKUP, ENTITY_LOOKUP_KEY, ORDER_BY, GENERATOR, REFER_TABLE, KEY_COLUMN, LOOKUP_COLUMN, MANDATORY, MIN_LENGTH, MAX_LENGTH, MIN_VALUE, MAX_VALUE, CONSTANT_VALUE, UNIQUE_KEY, CREATE_USER, CREATED_ON, LINE_NO, MANAGED, FIELD_PATH, DATA_TYPE, DATA1, DATA2, TRANSITIVE_FIELDS, FORMULA, ENTITY_LOOKUP_TYPE)
VALUES ('8fb66f1c153046d2ace1a5e9f6d9b3a1', 0, 'e4b68d6e2c7143c6ac9a57d7c221ff8f', 'custCodelist1Name', 'CUST_CODELIST1_NAME', 'NVARCHAR2(400)', 'N/A', 0, 'string-m', '', '', '', '', '', '', '', 0, NULL, 400, NULL, NULL, '', '', 'system', systimestamp, '69', 0, 'entity.vendorInvoiceShipItems.viShipmentItemCs.custCodelist1Name', '', '', '', '', '', '');
INSERT INTO CNT_FIELD_DEFINITION
 (ID, REVISION, PARENT_ID, FIELD_ID, COLUMN_NAME, COLUMN_TYPE, REPORT_COLUMN_NAME, PRODUCT_FIELD, FIELD_TYPE, ENTITY_LOOKUP, ENTITY_LOOKUP_KEY, ORDER_BY, GENERATOR, REFER_TABLE, KEY_COLUMN, LOOKUP_COLUMN, MANDATORY, MIN_LENGTH, MAX_LENGTH, MIN_VALUE, MAX_VALUE, CONSTANT_VALUE, UNIQUE_KEY, CREATE_USER, CREATED_ON, LINE_NO, MANAGED, FIELD_PATH, DATA_TYPE, DATA1, DATA2, TRANSITIVE_FIELDS, FORMULA, ENTITY_LOOKUP_TYPE)
VALUES ('41a7e54c596f4684bf3b2587e03ca5c4', 0, 'e4b68d6e2c7143c6ac9a57d7c221ff8f', 'custCodelist2Name', 'CUST_CODELIST2_NAME', 'NVARCHAR2(400)', 'N/A', 0, 'string-m', '', '', '', '', '', '', '', 0, NULL, 400, NULL, NULL, '', '', 'system', systimestamp, '70', 0, 'entity.vendorInvoiceShipItems.viShipmentItemCs.custCodelist2Name', '', '', '', '', '', '');
INSERT INTO CNT_FIELD_DEFINITION
 (ID, REVISION, PARENT_ID, FIELD_ID, COLUMN_NAME, COLUMN_TYPE, REPORT_COLUMN_NAME, PRODUCT_FIELD, FIELD_TYPE, ENTITY_LOOKUP, ENTITY_LOOKUP_KEY, ORDER_BY, GENERATOR, REFER_TABLE, KEY_COLUMN, LOOKUP_COLUMN, MANDATORY, MIN_LENGTH, MAX_LENGTH, MIN_VALUE, MAX_VALUE, CONSTANT_VALUE, UNIQUE_KEY, CREATE_USER, CREATED_ON, LINE_NO, MANAGED, FIELD_PATH, DATA_TYPE, DATA1, DATA2, TRANSITIVE_FIELDS, FORMULA, ENTITY_LOOKUP_TYPE)
VALUES ('1328a70266fa404db9f85feb050978b1', 0, 'e4b68d6e2c7143c6ac9a57d7c221ff8f', 'custCodelist3Name', 'CUST_CODELIST3_NAME', 'NVARCHAR2(400)', 'N/A', 0, 'string-m', '', '', '', '', '', '', '', 0, NULL, 400, NULL, NULL, '', '', 'system', systimestamp, '71', 0, 'entity.vendorInvoiceShipItems.viShipmentItemCs.custCodelist3Name', '', '', '', '', '', '');
INSERT INTO CNT_FIELD_DEFINITION
 (ID, REVISION, PARENT_ID, FIELD_ID, COLUMN_NAME, COLUMN_TYPE, REPORT_COLUMN_NAME, PRODUCT_FIELD, FIELD_TYPE, ENTITY_LOOKUP, ENTITY_LOOKUP_KEY, ORDER_BY, GENERATOR, REFER_TABLE, KEY_COLUMN, LOOKUP_COLUMN, MANDATORY, MIN_LENGTH, MAX_LENGTH, MIN_VALUE, MAX_VALUE, CONSTANT_VALUE, UNIQUE_KEY, CREATE_USER, CREATED_ON, LINE_NO, MANAGED, FIELD_PATH, DATA_TYPE, DATA1, DATA2, TRANSITIVE_FIELDS, FORMULA, ENTITY_LOOKUP_TYPE)
VALUES ('c48245bfa65e4cc19542fba6768c03f3', 0, 'e4b68d6e2c7143c6ac9a57d7c221ff8f', 'custCodelist4Name', 'CUST_CODELIST4_NAME', 'NVARCHAR2(400)', 'N/A', 0, 'string-m', '', '', '', '', '', '', '', 0, NULL, 400, NULL, NULL, '', '', 'system', systimestamp, '72', 0, 'entity.vendorInvoiceShipItems.viShipmentItemCs.custCodelist4Name', '', '', '', '', '', '');
INSERT INTO CNT_FIELD_DEFINITION
 (ID, REVISION, PARENT_ID, FIELD_ID, COLUMN_NAME, COLUMN_TYPE, REPORT_COLUMN_NAME, PRODUCT_FIELD, FIELD_TYPE, ENTITY_LOOKUP, ENTITY_LOOKUP_KEY, ORDER_BY, GENERATOR, REFER_TABLE, KEY_COLUMN, LOOKUP_COLUMN, MANDATORY, MIN_LENGTH, MAX_LENGTH, MIN_VALUE, MAX_VALUE, CONSTANT_VALUE, UNIQUE_KEY, CREATE_USER, CREATED_ON, LINE_NO, MANAGED, FIELD_PATH, DATA_TYPE, DATA1, DATA2, TRANSITIVE_FIELDS, FORMULA, ENTITY_LOOKUP_TYPE)
VALUES ('8a98e30065fc4811a2f82cca0aed90aa', 0, 'e4b68d6e2c7143c6ac9a57d7c221ff8f', 'custCodelist5Name', 'CUST_CODELIST5_NAME', 'NVARCHAR2(400)', 'N/A', 0, 'string-m', '', '', '', '', '', '', '', 0, NULL, 400, NULL, NULL, '', '', 'system', systimestamp, '73', 0, 'entity.vendorInvoiceShipItems.viShipmentItemCs.custCodelist5Name', '', '', '', '', '', '');
INSERT INTO CNT_FIELD_DEFINITION
 (ID, REVISION, PARENT_ID, FIELD_ID, COLUMN_NAME, COLUMN_TYPE, REPORT_COLUMN_NAME, PRODUCT_FIELD, FIELD_TYPE, ENTITY_LOOKUP, ENTITY_LOOKUP_KEY, ORDER_BY, GENERATOR, REFER_TABLE, KEY_COLUMN, LOOKUP_COLUMN, MANDATORY, MIN_LENGTH, MAX_LENGTH, MIN_VALUE, MAX_VALUE, CONSTANT_VALUE, UNIQUE_KEY, CREATE_USER, CREATED_ON, LINE_NO, MANAGED, FIELD_PATH, DATA_TYPE, DATA1, DATA2, TRANSITIVE_FIELDS, FORMULA, ENTITY_LOOKUP_TYPE)
VALUES ('e0888b6060814d26bbef2e5e8f7bb59f', 0, 'e4b68d6e2c7143c6ac9a57d7c221ff8f', 'custCodelist6Name', 'CUST_CODELIST6_NAME', 'NVARCHAR2(400)', 'N/A', 0, 'string-m', '', '', '', '', '', '', '', 0, NULL, 400, NULL, NULL, '', '', 'system', systimestamp, '74', 0, 'entity.vendorInvoiceShipItems.viShipmentItemCs.custCodelist6Name', '', '', '', '', '', '');
INSERT INTO CNT_FIELD_DEFINITION
 (ID, REVISION, PARENT_ID, FIELD_ID, COLUMN_NAME, COLUMN_TYPE, REPORT_COLUMN_NAME, PRODUCT_FIELD, FIELD_TYPE, ENTITY_LOOKUP, ENTITY_LOOKUP_KEY, ORDER_BY, GENERATOR, REFER_TABLE, KEY_COLUMN, LOOKUP_COLUMN, MANDATORY, MIN_LENGTH, MAX_LENGTH, MIN_VALUE, MAX_VALUE, CONSTANT_VALUE, UNIQUE_KEY, CREATE_USER, CREATED_ON, LINE_NO, MANAGED, FIELD_PATH, DATA_TYPE, DATA1, DATA2, TRANSITIVE_FIELDS, FORMULA, ENTITY_LOOKUP_TYPE)
VALUES ('e66a9ff5a6614ed7bf08249ace460b3d', 0, 'e4b68d6e2c7143c6ac9a57d7c221ff8f', 'custCodelist7Name', 'CUST_CODELIST7_NAME', 'NVARCHAR2(400)', 'N/A', 0, 'string-m', '', '', '', '', '', '', '', 0, NULL, 400, NULL, NULL, '', '', 'system', systimestamp, '75', 0, 'entity.vendorInvoiceShipItems.viShipmentItemCs.custCodelist7Name', '', '', '', '', '', '');
INSERT INTO CNT_FIELD_DEFINITION
 (ID, REVISION, PARENT_ID, FIELD_ID, COLUMN_NAME, COLUMN_TYPE, REPORT_COLUMN_NAME, PRODUCT_FIELD, FIELD_TYPE, ENTITY_LOOKUP, ENTITY_LOOKUP_KEY, ORDER_BY, GENERATOR, REFER_TABLE, KEY_COLUMN, LOOKUP_COLUMN, MANDATORY, MIN_LENGTH, MAX_LENGTH, MIN_VALUE, MAX_VALUE, CONSTANT_VALUE, UNIQUE_KEY, CREATE_USER, CREATED_ON, LINE_NO, MANAGED, FIELD_PATH, DATA_TYPE, DATA1, DATA2, TRANSITIVE_FIELDS, FORMULA, ENTITY_LOOKUP_TYPE)
VALUES ('6053ce181a894e85b722f5876968c479', 0, 'e4b68d6e2c7143c6ac9a57d7c221ff8f', 'custHcl1Ref', 'CUST_HCL1_REF', 'NVARCHAR2(1000)', 'N/A', 0, 'string-l', '', '', '', '', '', '', '', 0, NULL, 1000, NULL, NULL, '', '', 'system', systimestamp, '76', 0, 'entity.vendorInvoiceShipItems.viShipmentItemCs.custHcl1Ref', '', '', '', '', '', '');
INSERT INTO CNT_FIELD_DEFINITION
 (ID, REVISION, PARENT_ID, FIELD_ID, COLUMN_NAME, COLUMN_TYPE, REPORT_COLUMN_NAME, PRODUCT_FIELD, FIELD_TYPE, ENTITY_LOOKUP, ENTITY_LOOKUP_KEY, ORDER_BY, GENERATOR, REFER_TABLE, KEY_COLUMN, LOOKUP_COLUMN, MANDATORY, MIN_LENGTH, MAX_LENGTH, MIN_VALUE, MAX_VALUE, CONSTANT_VALUE, UNIQUE_KEY, CREATE_USER, CREATED_ON, LINE_NO, MANAGED, FIELD_PATH, DATA_TYPE, DATA1, DATA2, TRANSITIVE_FIELDS, FORMULA, ENTITY_LOOKUP_TYPE)
VALUES ('c042a23d2b314df6ae79e7f66b4a3460', 0, 'e4b68d6e2c7143c6ac9a57d7c221ff8f', 'custHcl1Ver', 'CUST_HCL1_VER', 'NUMBER(20, 0)', 'N/A', 0, 'integer', '', '', '', '', '', '', '', 0, NULL, 18, NULL, NULL, '', '', 'system', systimestamp, '77', 0, 'entity.vendorInvoiceShipItems.viShipmentItemCs.custHcl1Ver', '', '', '', '', '', '');
INSERT INTO CNT_FIELD_DEFINITION
 (ID, REVISION, PARENT_ID, FIELD_ID, COLUMN_NAME, COLUMN_TYPE, REPORT_COLUMN_NAME, PRODUCT_FIELD, FIELD_TYPE, ENTITY_LOOKUP, ENTITY_LOOKUP_KEY, ORDER_BY, GENERATOR, REFER_TABLE, KEY_COLUMN, LOOKUP_COLUMN, MANDATORY, MIN_LENGTH, MAX_LENGTH, MIN_VALUE, MAX_VALUE, CONSTANT_VALUE, UNIQUE_KEY, CREATE_USER, CREATED_ON, LINE_NO, MANAGED, FIELD_PATH, DATA_TYPE, DATA1, DATA2, TRANSITIVE_FIELDS, FORMULA, ENTITY_LOOKUP_TYPE)
VALUES ('9faa2dc877ce4218951a48339ba3dc53', 0, 'e4b68d6e2c7143c6ac9a57d7c221ff8f', 'custHcl1Ref2', 'CUST_HCL1_REF2', 'NVARCHAR2(1000)', 'N/A', 0, 'string-l', '', '', '', '', '', '', '', 0, NULL, 1000, NULL, NULL, '', '', 'system', systimestamp, '78', 0, 'entity.vendorInvoiceShipItems.viShipmentItemCs.custHcl1Ref2', '', '', '', '', '', '');
INSERT INTO CNT_FIELD_DEFINITION
 (ID, REVISION, PARENT_ID, FIELD_ID, COLUMN_NAME, COLUMN_TYPE, REPORT_COLUMN_NAME, PRODUCT_FIELD, FIELD_TYPE, ENTITY_LOOKUP, ENTITY_LOOKUP_KEY, ORDER_BY, GENERATOR, REFER_TABLE, KEY_COLUMN, LOOKUP_COLUMN, MANDATORY, MIN_LENGTH, MAX_LENGTH, MIN_VALUE, MAX_VALUE, CONSTANT_VALUE, UNIQUE_KEY, CREATE_USER, CREATED_ON, LINE_NO, MANAGED, FIELD_PATH, DATA_TYPE, DATA1, DATA2, TRANSITIVE_FIELDS, FORMULA, ENTITY_LOOKUP_TYPE)
VALUES ('4e33704adbd24616a4c422976e859bc5', 0, 'e4b68d6e2c7143c6ac9a57d7c221ff8f', 'custHcl1FullLineage', 'CUST_HCL1_FULL_LINEAGE', 'NVARCHAR2(1000)', 'N/A', 0, 'string-l', '', '', '', '', '', '', '', 0, NULL, 1000, NULL, NULL, '', '', 'system', systimestamp, '79', 0, 'entity.vendorInvoiceShipItems.viShipmentItemCs.custHcl1FullLineage', '', '', '', '', '', '');
INSERT INTO CNT_FIELD_DEFINITION
 (ID, REVISION, PARENT_ID, FIELD_ID, COLUMN_NAME, COLUMN_TYPE, REPORT_COLUMN_NAME, PRODUCT_FIELD, FIELD_TYPE, ENTITY_LOOKUP, ENTITY_LOOKUP_KEY, ORDER_BY, GENERATOR, REFER_TABLE, KEY_COLUMN, LOOKUP_COLUMN, MANDATORY, MIN_LENGTH, MAX_LENGTH, MIN_VALUE, MAX_VALUE, CONSTANT_VALUE, UNIQUE_KEY, CREATE_USER, CREATED_ON, LINE_NO, MANAGED, FIELD_PATH, DATA_TYPE, DATA1, DATA2, TRANSITIVE_FIELDS, FORMULA, ENTITY_LOOKUP_TYPE)
VALUES ('81fb1e014d0743ec8261ee372959e5e6', 0, 'e4b68d6e2c7143c6ac9a57d7c221ff8f', 'custHcl2Ref', 'CUST_HCL2_REF', 'NVARCHAR2(1000)', 'N/A', 0, 'string-l', '', '', '', '', '', '', '', 0, NULL, 1000, NULL, NULL, '', '', 'system', systimestamp, '80', 0, 'entity.vendorInvoiceShipItems.viShipmentItemCs.custHcl2Ref', '', '', '', '', '', '');
INSERT INTO CNT_FIELD_DEFINITION
 (ID, REVISION, PARENT_ID, FIELD_ID, COLUMN_NAME, COLUMN_TYPE, REPORT_COLUMN_NAME, PRODUCT_FIELD, FIELD_TYPE, ENTITY_LOOKUP, ENTITY_LOOKUP_KEY, ORDER_BY, GENERATOR, REFER_TABLE, KEY_COLUMN, LOOKUP_COLUMN, MANDATORY, MIN_LENGTH, MAX_LENGTH, MIN_VALUE, MAX_VALUE, CONSTANT_VALUE, UNIQUE_KEY, CREATE_USER, CREATED_ON, LINE_NO, MANAGED, FIELD_PATH, DATA_TYPE, DATA1, DATA2, TRANSITIVE_FIELDS, FORMULA, ENTITY_LOOKUP_TYPE)
VALUES ('91420661f2a64cc0a609e24efcb08c3c', 0, 'e4b68d6e2c7143c6ac9a57d7c221ff8f', 'custHcl2Ver', 'CUST_HCL2_VER', 'NUMBER(20, 0)', 'N/A', 0, 'integer', '', '', '', '', '', '', '', 0, NULL, 18, NULL, NULL, '', '', 'system', systimestamp, '81', 0, 'entity.vendorInvoiceShipItems.viShipmentItemCs.custHcl2Ver', '', '', '', '', '', '');
INSERT INTO CNT_FIELD_DEFINITION
 (ID, REVISION, PARENT_ID, FIELD_ID, COLUMN_NAME, COLUMN_TYPE, REPORT_COLUMN_NAME, PRODUCT_FIELD, FIELD_TYPE, ENTITY_LOOKUP, ENTITY_LOOKUP_KEY, ORDER_BY, GENERATOR, REFER_TABLE, KEY_COLUMN, LOOKUP_COLUMN, MANDATORY, MIN_LENGTH, MAX_LENGTH, MIN_VALUE, MAX_VALUE, CONSTANT_VALUE, UNIQUE_KEY, CREATE_USER, CREATED_ON, LINE_NO, MANAGED, FIELD_PATH, DATA_TYPE, DATA1, DATA2, TRANSITIVE_FIELDS, FORMULA, ENTITY_LOOKUP_TYPE)
VALUES ('16b56f9555e84fcaa976e81fbbaaf705', 0, 'e4b68d6e2c7143c6ac9a57d7c221ff8f', 'custHcl2Ref2', 'CUST_HCL2_REF2', 'NVARCHAR2(1000)', 'N/A', 0, 'string-l', '', '', '', '', '', '', '', 0, NULL, 1000, NULL, NULL, '', '', 'system', systimestamp, '82', 0, 'entity.vendorInvoiceShipItems.viShipmentItemCs.custHcl2Ref2', '', '', '', '', '', '');
INSERT INTO CNT_FIELD_DEFINITION
 (ID, REVISION, PARENT_ID, FIELD_ID, COLUMN_NAME, COLUMN_TYPE, REPORT_COLUMN_NAME, PRODUCT_FIELD, FIELD_TYPE, ENTITY_LOOKUP, ENTITY_LOOKUP_KEY, ORDER_BY, GENERATOR, REFER_TABLE, KEY_COLUMN, LOOKUP_COLUMN, MANDATORY, MIN_LENGTH, MAX_LENGTH, MIN_VALUE, MAX_VALUE, CONSTANT_VALUE, UNIQUE_KEY, CREATE_USER, CREATED_ON, LINE_NO, MANAGED, FIELD_PATH, DATA_TYPE, DATA1, DATA2, TRANSITIVE_FIELDS, FORMULA, ENTITY_LOOKUP_TYPE)
VALUES ('cca5d3169a2c4d4b8298ed06a70a4002', 0, 'e4b68d6e2c7143c6ac9a57d7c221ff8f', 'custHcl2FullLineage', 'CUST_HCL2_FULL_LINEAGE', 'NVARCHAR2(1000)', 'N/A', 0, 'string-l', '', '', '', '', '', '', '', 0, NULL, 1000, NULL, NULL, '', '', 'system', systimestamp, '83', 0, 'entity.vendorInvoiceShipItems.viShipmentItemCs.custHcl2FullLineage', '', '', '', '', '', '');
INSERT INTO CNT_FIELD_DEFINITION
 (ID, REVISION, PARENT_ID, FIELD_ID, COLUMN_NAME, COLUMN_TYPE, REPORT_COLUMN_NAME, PRODUCT_FIELD, FIELD_TYPE, ENTITY_LOOKUP, ENTITY_LOOKUP_KEY, ORDER_BY, GENERATOR, REFER_TABLE, KEY_COLUMN, LOOKUP_COLUMN, MANDATORY, MIN_LENGTH, MAX_LENGTH, MIN_VALUE, MAX_VALUE, CONSTANT_VALUE, UNIQUE_KEY, CREATE_USER, CREATED_ON, LINE_NO, MANAGED, FIELD_PATH, DATA_TYPE, DATA1, DATA2, TRANSITIVE_FIELDS, FORMULA, ENTITY_LOOKUP_TYPE)
VALUES ('28c47b2d6f234accaf4f18c9a269e36b', 0, 'e4b68d6e2c7143c6ac9a57d7c221ff8f', 'custHcl3Ref', 'CUST_HCL3_REF', 'NVARCHAR2(1000)', 'N/A', 0, 'string-l', '', '', '', '', '', '', '', 0, NULL, 1000, NULL, NULL, '', '', 'system', systimestamp, '84', 0, 'entity.vendorInvoiceShipItems.viShipmentItemCs.custHcl3Ref', '', '', '', '', '', '');
INSERT INTO CNT_FIELD_DEFINITION
 (ID, REVISION, PARENT_ID, FIELD_ID, COLUMN_NAME, COLUMN_TYPE, REPORT_COLUMN_NAME, PRODUCT_FIELD, FIELD_TYPE, ENTITY_LOOKUP, ENTITY_LOOKUP_KEY, ORDER_BY, GENERATOR, REFER_TABLE, KEY_COLUMN, LOOKUP_COLUMN, MANDATORY, MIN_LENGTH, MAX_LENGTH, MIN_VALUE, MAX_VALUE, CONSTANT_VALUE, UNIQUE_KEY, CREATE_USER, CREATED_ON, LINE_NO, MANAGED, FIELD_PATH, DATA_TYPE, DATA1, DATA2, TRANSITIVE_FIELDS, FORMULA, ENTITY_LOOKUP_TYPE)
VALUES ('8ae5d76c9565471ca0692476765cf2a0', 0, 'e4b68d6e2c7143c6ac9a57d7c221ff8f', 'custHcl3Ver', 'CUST_HCL3_VER', 'NUMBER(20, 0)', 'N/A', 0, 'integer', '', '', '', '', '', '', '', 0, NULL, 18, NULL, NULL, '', '', 'system', systimestamp, '85', 0, 'entity.vendorInvoiceShipItems.viShipmentItemCs.custHcl3Ver', '', '', '', '', '', '');
INSERT INTO CNT_FIELD_DEFINITION
 (ID, REVISION, PARENT_ID, FIELD_ID, COLUMN_NAME, COLUMN_TYPE, REPORT_COLUMN_NAME, PRODUCT_FIELD, FIELD_TYPE, ENTITY_LOOKUP, ENTITY_LOOKUP_KEY, ORDER_BY, GENERATOR, REFER_TABLE, KEY_COLUMN, LOOKUP_COLUMN, MANDATORY, MIN_LENGTH, MAX_LENGTH, MIN_VALUE, MAX_VALUE, CONSTANT_VALUE, UNIQUE_KEY, CREATE_USER, CREATED_ON, LINE_NO, MANAGED, FIELD_PATH, DATA_TYPE, DATA1, DATA2, TRANSITIVE_FIELDS, FORMULA, ENTITY_LOOKUP_TYPE)
VALUES ('677fdc2a68de42708eda5fc9adfb6891', 0, 'e4b68d6e2c7143c6ac9a57d7c221ff8f', 'custHcl3Ref2', 'CUST_HCL3_REF2', 'NVARCHAR2(1000)', 'N/A', 0, 'string-l', '', '', '', '', '', '', '', 0, NULL, 1000, NULL, NULL, '', '', 'system', systimestamp, '86', 0, 'entity.vendorInvoiceShipItems.viShipmentItemCs.custHcl3Ref2', '', '', '', '', '', '');
INSERT INTO CNT_FIELD_DEFINITION
 (ID, REVISION, PARENT_ID, FIELD_ID, COLUMN_NAME, COLUMN_TYPE, REPORT_COLUMN_NAME, PRODUCT_FIELD, FIELD_TYPE, ENTITY_LOOKUP, ENTITY_LOOKUP_KEY, ORDER_BY, GENERATOR, REFER_TABLE, KEY_COLUMN, LOOKUP_COLUMN, MANDATORY, MIN_LENGTH, MAX_LENGTH, MIN_VALUE, MAX_VALUE, CONSTANT_VALUE, UNIQUE_KEY, CREATE_USER, CREATED_ON, LINE_NO, MANAGED, FIELD_PATH, DATA_TYPE, DATA1, DATA2, TRANSITIVE_FIELDS, FORMULA, ENTITY_LOOKUP_TYPE)
VALUES ('1bbd223cdc4e4012a7399370bfbefe26', 0, 'e4b68d6e2c7143c6ac9a57d7c221ff8f', 'custHcl3FullLineage', 'CUST_HCL3_FULL_LINEAGE', 'NVARCHAR2(1000)', 'N/A', 0, 'string-l', '', '', '', '', '', '', '', 0, NULL, 1000, NULL, NULL, '', '', 'system', systimestamp, '87', 0, 'entity.vendorInvoiceShipItems.viShipmentItemCs.custHcl3FullLineage', '', '', '', '', '', '');
INSERT INTO CNT_FIELD_DEFINITION
 (ID, REVISION, PARENT_ID, FIELD_ID, COLUMN_NAME, COLUMN_TYPE, REPORT_COLUMN_NAME, PRODUCT_FIELD, FIELD_TYPE, ENTITY_LOOKUP, ENTITY_LOOKUP_KEY, ORDER_BY, GENERATOR, REFER_TABLE, KEY_COLUMN, LOOKUP_COLUMN, MANDATORY, MIN_LENGTH, MAX_LENGTH, MIN_VALUE, MAX_VALUE, CONSTANT_VALUE, UNIQUE_KEY, CREATE_USER, CREATED_ON, LINE_NO, MANAGED, FIELD_PATH, DATA_TYPE, DATA1, DATA2, TRANSITIVE_FIELDS, FORMULA, ENTITY_LOOKUP_TYPE)
VALUES ('1a09e549f9844a4b87f95a89ce7fe535', 0, 'e4b68d6e2c7143c6ac9a57d7c221ff8f', 'custHcl4Ref', 'CUST_HCL4_REF', 'NVARCHAR2(1000)', 'N/A', 0, 'string-l', '', '', '', '', '', '', '', 0, NULL, 1000, NULL, NULL, '', '', 'system', systimestamp, '88', 0, 'entity.vendorInvoiceShipItems.viShipmentItemCs.custHcl4Ref', '', '', '', '', '', '');
INSERT INTO CNT_FIELD_DEFINITION
 (ID, REVISION, PARENT_ID, FIELD_ID, COLUMN_NAME, COLUMN_TYPE, REPORT_COLUMN_NAME, PRODUCT_FIELD, FIELD_TYPE, ENTITY_LOOKUP, ENTITY_LOOKUP_KEY, ORDER_BY, GENERATOR, REFER_TABLE, KEY_COLUMN, LOOKUP_COLUMN, MANDATORY, MIN_LENGTH, MAX_LENGTH, MIN_VALUE, MAX_VALUE, CONSTANT_VALUE, UNIQUE_KEY, CREATE_USER, CREATED_ON, LINE_NO, MANAGED, FIELD_PATH, DATA_TYPE, DATA1, DATA2, TRANSITIVE_FIELDS, FORMULA, ENTITY_LOOKUP_TYPE)
VALUES ('04d3821eb9dc45e78cc1a404c70d0bb3', 0, 'e4b68d6e2c7143c6ac9a57d7c221ff8f', 'custHcl4Ver', 'CUST_HCL4_VER', 'NUMBER(20, 0)', 'N/A', 0, 'integer', '', '', '', '', '', '', '', 0, NULL, 18, NULL, NULL, '', '', 'system', systimestamp, '89', 0, 'entity.vendorInvoiceShipItems.viShipmentItemCs.custHcl4Ver', '', '', '', '', '', '');
INSERT INTO CNT_FIELD_DEFINITION
 (ID, REVISION, PARENT_ID, FIELD_ID, COLUMN_NAME, COLUMN_TYPE, REPORT_COLUMN_NAME, PRODUCT_FIELD, FIELD_TYPE, ENTITY_LOOKUP, ENTITY_LOOKUP_KEY, ORDER_BY, GENERATOR, REFER_TABLE, KEY_COLUMN, LOOKUP_COLUMN, MANDATORY, MIN_LENGTH, MAX_LENGTH, MIN_VALUE, MAX_VALUE, CONSTANT_VALUE, UNIQUE_KEY, CREATE_USER, CREATED_ON, LINE_NO, MANAGED, FIELD_PATH, DATA_TYPE, DATA1, DATA2, TRANSITIVE_FIELDS, FORMULA, ENTITY_LOOKUP_TYPE)
VALUES ('da219eea60e24b71bdfd6c17bd1447bf', 0, 'e4b68d6e2c7143c6ac9a57d7c221ff8f', 'custHcl4Ref2', 'CUST_HCL4_REF2', 'NVARCHAR2(1000)', 'N/A', 0, 'string-l', '', '', '', '', '', '', '', 0, NULL, 1000, NULL, NULL, '', '', 'system', systimestamp, '90', 0, 'entity.vendorInvoiceShipItems.viShipmentItemCs.custHcl4Ref2', '', '', '', '', '', '');
INSERT INTO CNT_FIELD_DEFINITION
 (ID, REVISION, PARENT_ID, FIELD_ID, COLUMN_NAME, COLUMN_TYPE, REPORT_COLUMN_NAME, PRODUCT_FIELD, FIELD_TYPE, ENTITY_LOOKUP, ENTITY_LOOKUP_KEY, ORDER_BY, GENERATOR, REFER_TABLE, KEY_COLUMN, LOOKUP_COLUMN, MANDATORY, MIN_LENGTH, MAX_LENGTH, MIN_VALUE, MAX_VALUE, CONSTANT_VALUE, UNIQUE_KEY, CREATE_USER, CREATED_ON, LINE_NO, MANAGED, FIELD_PATH, DATA_TYPE, DATA1, DATA2, TRANSITIVE_FIELDS, FORMULA, ENTITY_LOOKUP_TYPE)
VALUES ('df830097ed604d1f885b7559a4ef2acd', 0, 'e4b68d6e2c7143c6ac9a57d7c221ff8f', 'custHcl4FullLineage', 'CUST_HCL4_FULL_LINEAGE', 'NVARCHAR2(1000)', 'N/A', 0, 'string-l', '', '', '', '', '', '', '', 0, NULL, 1000, NULL, NULL, '', '', 'system', systimestamp, '91', 0, 'entity.vendorInvoiceShipItems.viShipmentItemCs.custHcl4FullLineage', '', '', '', '', '', '');
INSERT INTO CNT_FIELD_DEFINITION
 (ID, REVISION, PARENT_ID, FIELD_ID, COLUMN_NAME, COLUMN_TYPE, REPORT_COLUMN_NAME, PRODUCT_FIELD, FIELD_TYPE, ENTITY_LOOKUP, ENTITY_LOOKUP_KEY, ORDER_BY, GENERATOR, REFER_TABLE, KEY_COLUMN, LOOKUP_COLUMN, MANDATORY, MIN_LENGTH, MAX_LENGTH, MIN_VALUE, MAX_VALUE, CONSTANT_VALUE, UNIQUE_KEY, CREATE_USER, CREATED_ON, LINE_NO, MANAGED, FIELD_PATH, DATA_TYPE, DATA1, DATA2, TRANSITIVE_FIELDS, FORMULA, ENTITY_LOOKUP_TYPE)
VALUES ('80b100b277ba445abfff6087e3715bbc', 0, 'e4b68d6e2c7143c6ac9a57d7c221ff8f', 'custHcl5Ref', 'CUST_HCL5_REF', 'NVARCHAR2(1000)', 'N/A', 0, 'string-l', '', '', '', '', '', '', '', 0, NULL, 1000, NULL, NULL, '', '', 'system', systimestamp, '92', 0, 'entity.vendorInvoiceShipItems.viShipmentItemCs.custHcl5Ref', '', '', '', '', '', '');
INSERT INTO CNT_FIELD_DEFINITION
 (ID, REVISION, PARENT_ID, FIELD_ID, COLUMN_NAME, COLUMN_TYPE, REPORT_COLUMN_NAME, PRODUCT_FIELD, FIELD_TYPE, ENTITY_LOOKUP, ENTITY_LOOKUP_KEY, ORDER_BY, GENERATOR, REFER_TABLE, KEY_COLUMN, LOOKUP_COLUMN, MANDATORY, MIN_LENGTH, MAX_LENGTH, MIN_VALUE, MAX_VALUE, CONSTANT_VALUE, UNIQUE_KEY, CREATE_USER, CREATED_ON, LINE_NO, MANAGED, FIELD_PATH, DATA_TYPE, DATA1, DATA2, TRANSITIVE_FIELDS, FORMULA, ENTITY_LOOKUP_TYPE)
VALUES ('4044331a5a234296baa43060a301d2d4', 0, 'e4b68d6e2c7143c6ac9a57d7c221ff8f', 'custHcl5Ver', 'CUST_HCL5_VER', 'NUMBER(20, 0)', 'N/A', 0, 'integer', '', '', '', '', '', '', '', 0, NULL, 18, NULL, NULL, '', '', 'system', systimestamp, '93', 0, 'entity.vendorInvoiceShipItems.viShipmentItemCs.custHcl5Ver', '', '', '', '', '', '');
INSERT INTO CNT_FIELD_DEFINITION
 (ID, REVISION, PARENT_ID, FIELD_ID, COLUMN_NAME, COLUMN_TYPE, REPORT_COLUMN_NAME, PRODUCT_FIELD, FIELD_TYPE, ENTITY_LOOKUP, ENTITY_LOOKUP_KEY, ORDER_BY, GENERATOR, REFER_TABLE, KEY_COLUMN, LOOKUP_COLUMN, MANDATORY, MIN_LENGTH, MAX_LENGTH, MIN_VALUE, MAX_VALUE, CONSTANT_VALUE, UNIQUE_KEY, CREATE_USER, CREATED_ON, LINE_NO, MANAGED, FIELD_PATH, DATA_TYPE, DATA1, DATA2, TRANSITIVE_FIELDS, FORMULA, ENTITY_LOOKUP_TYPE)
VALUES ('65aca204eb2f414bbb7b5fa7d7be9cf9', 0, 'e4b68d6e2c7143c6ac9a57d7c221ff8f', 'custHcl5Ref2', 'CUST_HCL5_REF2', 'NVARCHAR2(1000)', 'N/A', 0, 'string-l', '', '', '', '', '', '', '', 0, NULL, 1000, NULL, NULL, '', '', 'system', systimestamp, '94', 0, 'entity.vendorInvoiceShipItems.viShipmentItemCs.custHcl5Ref2', '', '', '', '', '', '');
INSERT INTO CNT_FIELD_DEFINITION
 (ID, REVISION, PARENT_ID, FIELD_ID, COLUMN_NAME, COLUMN_TYPE, REPORT_COLUMN_NAME, PRODUCT_FIELD, FIELD_TYPE, ENTITY_LOOKUP, ENTITY_LOOKUP_KEY, ORDER_BY, GENERATOR, REFER_TABLE, KEY_COLUMN, LOOKUP_COLUMN, MANDATORY, MIN_LENGTH, MAX_LENGTH, MIN_VALUE, MAX_VALUE, CONSTANT_VALUE, UNIQUE_KEY, CREATE_USER, CREATED_ON, LINE_NO, MANAGED, FIELD_PATH, DATA_TYPE, DATA1, DATA2, TRANSITIVE_FIELDS, FORMULA, ENTITY_LOOKUP_TYPE)
VALUES ('4407a9e85a034081a1905ceed901777c', 0, 'e4b68d6e2c7143c6ac9a57d7c221ff8f', 'custHcl5FullLineage', 'CUST_HCL5_FULL_LINEAGE', 'NVARCHAR2(1000)', 'N/A', 0, 'string-l', '', '', '', '', '', '', '', 0, NULL, 1000, NULL, NULL, '', '', 'system', systimestamp, '95', 0, 'entity.vendorInvoiceShipItems.viShipmentItemCs.custHcl5FullLineage', '', '', '', '', '', '');
INSERT INTO CNT_ENTITY_DEFINITION
 (ID, REVISION, ENTITY_NAME, ENTITY_VERSION, PRODUCT_TABLE_NAME, CUSTOM_TABLE_NAME, REPORT_TABLE_NAME, MODULE, TYPE, REVISION_TRACKING, VERSION_TRACKING, HISTORY_ENTITY_NAME, REF_PATTERN, SYSTEM_ENTITY, CREATE_USER, CREATED_ON, IS_FOR_EXTERNAL)
VALUES ('2f668d4905df4f3da459a12dc62b3877', 0, 'VendorInvoiceCharge', 1, 'CNT_VI_CHARGE', 'CTM_VENDOR_INVOICE', 'VENDOR_INVOICE_CHARGE_ON_ITEM', 'vendorInvoice', 'inner', '', 'ALL', '', '${chargeType.name} / ${viShipmentItem.vpoShipDtl.vpoItemId.itemNo} - ${viShipmentItem.vpoShipDtl.vpoItemId.lotNo}', 0, 'system', systimestamp, 0);
INSERT INTO CNT_FIELD_DEFINITION
 (ID, REVISION, PARENT_ID, FIELD_ID, COLUMN_NAME, COLUMN_TYPE, REPORT_COLUMN_NAME, PRODUCT_FIELD, FIELD_TYPE, ENTITY_LOOKUP, ENTITY_LOOKUP_KEY, ORDER_BY, GENERATOR, REFER_TABLE, KEY_COLUMN, LOOKUP_COLUMN, MANDATORY, MIN_LENGTH, MAX_LENGTH, MIN_VALUE, MAX_VALUE, CONSTANT_VALUE, UNIQUE_KEY, CREATE_USER, CREATED_ON, LINE_NO, MANAGED, FIELD_PATH, DATA_TYPE, DATA1, DATA2, TRANSITIVE_FIELDS, FORMULA, ENTITY_LOOKUP_TYPE)
VALUES ('2d6926e26e764f77b6adbf4f74ebce50', 0, '2f668d4905df4f3da459a12dc62b3877', 'id', 'ID', 'CHAR(32)', '', 1, 'id', '', '', '', 'com.core.cbx.data.generator.UUIDGenerator', '', '', '', 0, 32, 32, NULL, NULL, '', '', 'system', systimestamp, '0', 0, 'entity.vendorInvoiceCharges.id', '', '', '', '', '', '');
INSERT INTO CNT_FIELD_DEFINITION
 (ID, REVISION, PARENT_ID, FIELD_ID, COLUMN_NAME, COLUMN_TYPE, REPORT_COLUMN_NAME, PRODUCT_FIELD, FIELD_TYPE, ENTITY_LOOKUP, ENTITY_LOOKUP_KEY, ORDER_BY, GENERATOR, REFER_TABLE, KEY_COLUMN, LOOKUP_COLUMN, MANDATORY, MIN_LENGTH, MAX_LENGTH, MIN_VALUE, MAX_VALUE, CONSTANT_VALUE, UNIQUE_KEY, CREATE_USER, CREATED_ON, LINE_NO, MANAGED, FIELD_PATH, DATA_TYPE, DATA1, DATA2, TRANSITIVE_FIELDS, FORMULA, ENTITY_LOOKUP_TYPE)
VALUES ('76dad302ed9841088e7737155c779e14', 0, '2f668d4905df4f3da459a12dc62b3877', 'revision', 'REVISION', 'NUMBER(20, 0)', '', 1, 'integer', '', '', '', '', '', '', '', 0, NULL, 18, NULL, NULL, '', '', 'system', systimestamp, '1', 0, 'entity.vendorInvoiceCharges.revision', '', '', '', '', '', '');
INSERT INTO CNT_FIELD_DEFINITION
 (ID, REVISION, PARENT_ID, FIELD_ID, COLUMN_NAME, COLUMN_TYPE, REPORT_COLUMN_NAME, PRODUCT_FIELD, FIELD_TYPE, ENTITY_LOOKUP, ENTITY_LOOKUP_KEY, ORDER_BY, GENERATOR, REFER_TABLE, KEY_COLUMN, LOOKUP_COLUMN, MANDATORY, MIN_LENGTH, MAX_LENGTH, MIN_VALUE, MAX_VALUE, CONSTANT_VALUE, UNIQUE_KEY, CREATE_USER, CREATED_ON, LINE_NO, MANAGED, FIELD_PATH, DATA_TYPE, DATA1, DATA2, TRANSITIVE_FIELDS, FORMULA, ENTITY_LOOKUP_TYPE)
VALUES ('cc7d3b2d7e03413c934915e521a2826d', 0, '2f668d4905df4f3da459a12dc62b3877', 'entityVersion', 'ENTITY_VERSION', 'NUMBER(20, 0)', '', 1, 'integer', '', '', '', '', '', '', '', 0, NULL, 18, NULL, NULL, '', '', 'system', systimestamp, '2', 0, 'entity.vendorInvoiceCharges.entityVersion', '', '', '', '', '', '');
INSERT INTO CNT_FIELD_DEFINITION
 (ID, REVISION, PARENT_ID, FIELD_ID, COLUMN_NAME, COLUMN_TYPE, REPORT_COLUMN_NAME, PRODUCT_FIELD, FIELD_TYPE, ENTITY_LOOKUP, ENTITY_LOOKUP_KEY, ORDER_BY, GENERATOR, REFER_TABLE, KEY_COLUMN, LOOKUP_COLUMN, MANDATORY, MIN_LENGTH, MAX_LENGTH, MIN_VALUE, MAX_VALUE, CONSTANT_VALUE, UNIQUE_KEY, CREATE_USER, CREATED_ON, LINE_NO, MANAGED, FIELD_PATH, DATA_TYPE, DATA1, DATA2, TRANSITIVE_FIELDS, FORMULA, ENTITY_LOOKUP_TYPE)
VALUES ('d0f76d25fe094ea6bbcf1f76152be823', 0, '2f668d4905df4f3da459a12dc62b3877', 'domainId', 'DOMAIN_ID', 'NVARCHAR2(400)', '', 1, 'string-m', '', '', '', '', '', '', '', 0, NULL, 400, NULL, NULL, '', '', 'system', systimestamp, '3', 0, 'entity.vendorInvoiceCharges.domainId', '', '', '', '', '', '');
INSERT INTO CNT_FIELD_DEFINITION
 (ID, REVISION, PARENT_ID, FIELD_ID, COLUMN_NAME, COLUMN_TYPE, REPORT_COLUMN_NAME, PRODUCT_FIELD, FIELD_TYPE, ENTITY_LOOKUP, ENTITY_LOOKUP_KEY, ORDER_BY, GENERATOR, REFER_TABLE, KEY_COLUMN, LOOKUP_COLUMN, MANDATORY, MIN_LENGTH, MAX_LENGTH, MIN_VALUE, MAX_VALUE, CONSTANT_VALUE, UNIQUE_KEY, CREATE_USER, CREATED_ON, LINE_NO, MANAGED, FIELD_PATH, DATA_TYPE, DATA1, DATA2, TRANSITIVE_FIELDS, FORMULA, ENTITY_LOOKUP_TYPE)
VALUES ('6ad89e39d24e487da70784a6e2d15e16', 0, '2f668d4905df4f3da459a12dc62b3877', 'hubDomainId', 'HUB_DOMAIN_ID', 'NVARCHAR2(400)', '', 1, 'string-m', '', '', '', '', '', '', '', 0, NULL, 400, NULL, NULL, '', '', 'system', systimestamp, '4', 0, 'entity.vendorInvoiceCharges.hubDomainId', '', '', '', '', '', '');
INSERT INTO CNT_FIELD_DEFINITION
 (ID, REVISION, PARENT_ID, FIELD_ID, COLUMN_NAME, COLUMN_TYPE, REPORT_COLUMN_NAME, PRODUCT_FIELD, FIELD_TYPE, ENTITY_LOOKUP, ENTITY_LOOKUP_KEY, ORDER_BY, GENERATOR, REFER_TABLE, KEY_COLUMN, LOOKUP_COLUMN, MANDATORY, MIN_LENGTH, MAX_LENGTH, MIN_VALUE, MAX_VALUE, CONSTANT_VALUE, UNIQUE_KEY, CREATE_USER, CREATED_ON, LINE_NO, MANAGED, FIELD_PATH, DATA_TYPE, DATA1, DATA2, TRANSITIVE_FIELDS, FORMULA, ENTITY_LOOKUP_TYPE)
VALUES ('e1c9a335c5aa49b297c52858418d31e4', 0, '2f668d4905df4f3da459a12dc62b3877', 'isForReference', 'IS_FOR_REFERENCE', 'NUMBER(1,0)', '', 1, 'boolean', '', '', '', '', '', '', '', 0, NULL, NULL, NULL, NULL, '', '', 'system', systimestamp, '5', 0, 'entity.vendorInvoiceCharges.isForReference', '', '', '', '', '', '');
INSERT INTO CNT_FIELD_DEFINITION
 (ID, REVISION, PARENT_ID, FIELD_ID, COLUMN_NAME, COLUMN_TYPE, REPORT_COLUMN_NAME, PRODUCT_FIELD, FIELD_TYPE, ENTITY_LOOKUP, ENTITY_LOOKUP_KEY, ORDER_BY, GENERATOR, REFER_TABLE, KEY_COLUMN, LOOKUP_COLUMN, MANDATORY, MIN_LENGTH, MAX_LENGTH, MIN_VALUE, MAX_VALUE, CONSTANT_VALUE, UNIQUE_KEY, CREATE_USER, CREATED_ON, LINE_NO, MANAGED, FIELD_PATH, DATA_TYPE, DATA1, DATA2, TRANSITIVE_FIELDS, FORMULA, ENTITY_LOOKUP_TYPE)
VALUES ('357b34ccdb674bce8f0981b9c5812b34', 0, '2f668d4905df4f3da459a12dc62b3877', 'internalSeqNo', 'INTERNAL_SEQ_NO', 'NUMBER(20, 0)', 'n/a', 1, 'integer', '', '', '', '', '', '', '', 0, NULL, 18, NULL, NULL, '', '', 'system', systimestamp, '6', 0, 'entity.vendorInvoiceCharges.internalSeqNo', '', '', '', '', '', '');
INSERT INTO CNT_FIELD_DEFINITION
 (ID, REVISION, PARENT_ID, FIELD_ID, COLUMN_NAME, COLUMN_TYPE, REPORT_COLUMN_NAME, PRODUCT_FIELD, FIELD_TYPE, ENTITY_LOOKUP, ENTITY_LOOKUP_KEY, ORDER_BY, GENERATOR, REFER_TABLE, KEY_COLUMN, LOOKUP_COLUMN, MANDATORY, MIN_LENGTH, MAX_LENGTH, MIN_VALUE, MAX_VALUE, CONSTANT_VALUE, UNIQUE_KEY, CREATE_USER, CREATED_ON, LINE_NO, MANAGED, FIELD_PATH, DATA_TYPE, DATA1, DATA2, TRANSITIVE_FIELDS, FORMULA, ENTITY_LOOKUP_TYPE)
VALUES ('ce0dbdefad1d4748914e1571e05b823e', 0, '2f668d4905df4f3da459a12dc62b3877', 'vendorInvoiceId', 'VENDOR_INVOICE_ID', 'CHAR(32)', 'VENDOR_INVOICE_SYS_ID', 1, 'id', '', '', '', '', '', '', '', 1, 32, 32, NULL, NULL, '', '', 'system', systimestamp, '7', 0, 'entity.vendorInvoiceCharges.vendorInvoiceId', '', '', '', '', '', '');
INSERT INTO CNT_FIELD_DEFINITION
 (ID, REVISION, PARENT_ID, FIELD_ID, COLUMN_NAME, COLUMN_TYPE, REPORT_COLUMN_NAME, PRODUCT_FIELD, FIELD_TYPE, ENTITY_LOOKUP, ENTITY_LOOKUP_KEY, ORDER_BY, GENERATOR, REFER_TABLE, KEY_COLUMN, LOOKUP_COLUMN, MANDATORY, MIN_LENGTH, MAX_LENGTH, MIN_VALUE, MAX_VALUE, CONSTANT_VALUE, UNIQUE_KEY, CREATE_USER, CREATED_ON, LINE_NO, MANAGED, FIELD_PATH, DATA_TYPE, DATA1, DATA2, TRANSITIVE_FIELDS, FORMULA, ENTITY_LOOKUP_TYPE)
VALUES ('5f7a0fcba7544a5cbe6860e6cbb7b34e', 0, '2f668d4905df4f3da459a12dc62b3877', 'viShipmentItem', 'VI_SHIPMENT_ITEM_ID', 'CHAR(32)', 'VENDOR_INVOICE_ITEM_SID', 1, 'entity', 'VendorInvoiceShipItem', 'id', '', '', '', '', '', 1, 32, 32, NULL, NULL, '', '', 'system', systimestamp, '8', 0, 'entity.vendorInvoiceCharges.viShipmentItem', '', '', '', '', '', 'Dynamic');
INSERT INTO CNT_FIELD_DEFINITION
 (ID, REVISION, PARENT_ID, FIELD_ID, COLUMN_NAME, COLUMN_TYPE, REPORT_COLUMN_NAME, PRODUCT_FIELD, FIELD_TYPE, ENTITY_LOOKUP, ENTITY_LOOKUP_KEY, ORDER_BY, GENERATOR, REFER_TABLE, KEY_COLUMN, LOOKUP_COLUMN, MANDATORY, MIN_LENGTH, MAX_LENGTH, MIN_VALUE, MAX_VALUE, CONSTANT_VALUE, UNIQUE_KEY, CREATE_USER, CREATED_ON, LINE_NO, MANAGED, FIELD_PATH, DATA_TYPE, DATA1, DATA2, TRANSITIVE_FIELDS, FORMULA, ENTITY_LOOKUP_TYPE)
VALUES ('76b728b835f84b4088c7ff364c093ef2', 0, '2f668d4905df4f3da459a12dc62b3877', 'notes', 'NOTES', 'NVARCHAR2(1000)', 'NOTES', 1, 'string-l', '', '', '', '', '', '', '', 0, NULL, 1000, NULL, NULL, '', '', 'system', systimestamp, '9', 0, 'entity.vendorInvoiceCharges.notes', '', '', '', '', '', '');
INSERT INTO CNT_FIELD_DEFINITION
 (ID, REVISION, PARENT_ID, FIELD_ID, COLUMN_NAME, COLUMN_TYPE, REPORT_COLUMN_NAME, PRODUCT_FIELD, FIELD_TYPE, ENTITY_LOOKUP, ENTITY_LOOKUP_KEY, ORDER_BY, GENERATOR, REFER_TABLE, KEY_COLUMN, LOOKUP_COLUMN, MANDATORY, MIN_LENGTH, MAX_LENGTH, MIN_VALUE, MAX_VALUE, CONSTANT_VALUE, UNIQUE_KEY, CREATE_USER, CREATED_ON, LINE_NO, MANAGED, FIELD_PATH, DATA_TYPE, DATA1, DATA2, TRANSITIVE_FIELDS, FORMULA, ENTITY_LOOKUP_TYPE)
VALUES ('48133a67b29148c794aa07aab5ea39ba', 0, '2f668d4905df4f3da459a12dc62b3877', 'reasonCode', 'REASON_CODE', 'NVARCHAR2(400)', 'REASON_CODE', 1, 'string-m', '', '', '', '', '', '', '', 0, NULL, 400, NULL, NULL, '', '', 'system', systimestamp, '10', 0, 'entity.vendorInvoiceCharges.reasonCode', 'codelist', 'CHARGE_DISCOUNT_REASON_CODE', '', '', '', '');
INSERT INTO CNT_FIELD_DEFINITION
 (ID, REVISION, PARENT_ID, FIELD_ID, COLUMN_NAME, COLUMN_TYPE, REPORT_COLUMN_NAME, PRODUCT_FIELD, FIELD_TYPE, ENTITY_LOOKUP, ENTITY_LOOKUP_KEY, ORDER_BY, GENERATOR, REFER_TABLE, KEY_COLUMN, LOOKUP_COLUMN, MANDATORY, MIN_LENGTH, MAX_LENGTH, MIN_VALUE, MAX_VALUE, CONSTANT_VALUE, UNIQUE_KEY, CREATE_USER, CREATED_ON, LINE_NO, MANAGED, FIELD_PATH, DATA_TYPE, DATA1, DATA2, TRANSITIVE_FIELDS, FORMULA, ENTITY_LOOKUP_TYPE)
VALUES ('7b6f9f14953341199adbfe1b7d4e0617', 0, '2f668d4905df4f3da459a12dc62b3877', 'chargeType', 'CHARGE_TYPE', 'NVARCHAR2(400)', 'CHARGE_TYPE', 1, 'string-m', '', '', '', '', '', '', '', 0, NULL, 400, NULL, NULL, '', '', 'system', systimestamp, '11', 0, 'entity.vendorInvoiceCharges.chargeType', 'codelist', 'CHARGE_DISCOUNT_TYPE', '', '', '', '');
INSERT INTO CNT_FIELD_DEFINITION
 (ID, REVISION, PARENT_ID, FIELD_ID, COLUMN_NAME, COLUMN_TYPE, REPORT_COLUMN_NAME, PRODUCT_FIELD, FIELD_TYPE, ENTITY_LOOKUP, ENTITY_LOOKUP_KEY, ORDER_BY, GENERATOR, REFER_TABLE, KEY_COLUMN, LOOKUP_COLUMN, MANDATORY, MIN_LENGTH, MAX_LENGTH, MIN_VALUE, MAX_VALUE, CONSTANT_VALUE, UNIQUE_KEY, CREATE_USER, CREATED_ON, LINE_NO, MANAGED, FIELD_PATH, DATA_TYPE, DATA1, DATA2, TRANSITIVE_FIELDS, FORMULA, ENTITY_LOOKUP_TYPE)
VALUES ('5da05f8e5dd5460b9f080200e7062081', 0, '2f668d4905df4f3da459a12dc62b3877', 'chargeDesc', 'CHARGE_DESC', 'NVARCHAR2(1000)', 'CHARGE_DESC', 1, 'string-l', '', '', '', '', '', '', '', 0, NULL, 1000, NULL, NULL, '', '', 'system', systimestamp, '12', 0, 'entity.vendorInvoiceCharges.chargeDesc', '', '', '', '', '', '');
INSERT INTO CNT_FIELD_DEFINITION
 (ID, REVISION, PARENT_ID, FIELD_ID, COLUMN_NAME, COLUMN_TYPE, REPORT_COLUMN_NAME, PRODUCT_FIELD, FIELD_TYPE, ENTITY_LOOKUP, ENTITY_LOOKUP_KEY, ORDER_BY, GENERATOR, REFER_TABLE, KEY_COLUMN, LOOKUP_COLUMN, MANDATORY, MIN_LENGTH, MAX_LENGTH, MIN_VALUE, MAX_VALUE, CONSTANT_VALUE, UNIQUE_KEY, CREATE_USER, CREATED_ON, LINE_NO, MANAGED, FIELD_PATH, DATA_TYPE, DATA1, DATA2, TRANSITIVE_FIELDS, FORMULA, ENTITY_LOOKUP_TYPE)
VALUES ('c2bbf2da4deb4261bb982970720cad18', 0, '2f668d4905df4f3da459a12dc62b3877', 'calculateType', 'CALCULATE_TYPE', 'NVARCHAR2(400)', 'CALCULATION_TYPE', 1, 'string-m', '', '', '', '', '', '', '', 0, NULL, 400, NULL, NULL, '', '', 'system', systimestamp, '13', 0, 'entity.vendorInvoiceCharges.calculateType', 'codelist', 'CHARGE_DISCOUNT_CALCULATED_BY', '', '', '', '');
INSERT INTO CNT_FIELD_DEFINITION
 (ID, REVISION, PARENT_ID, FIELD_ID, COLUMN_NAME, COLUMN_TYPE, REPORT_COLUMN_NAME, PRODUCT_FIELD, FIELD_TYPE, ENTITY_LOOKUP, ENTITY_LOOKUP_KEY, ORDER_BY, GENERATOR, REFER_TABLE, KEY_COLUMN, LOOKUP_COLUMN, MANDATORY, MIN_LENGTH, MAX_LENGTH, MIN_VALUE, MAX_VALUE, CONSTANT_VALUE, UNIQUE_KEY, CREATE_USER, CREATED_ON, LINE_NO, MANAGED, FIELD_PATH, DATA_TYPE, DATA1, DATA2, TRANSITIVE_FIELDS, FORMULA, ENTITY_LOOKUP_TYPE)
VALUES ('6580b8d88c9b4c008745486c7e338ae2', 0, '2f668d4905df4f3da459a12dc62b3877', 'chargeValue', 'CHARGE_VALUE', 'NUMBER(25, 5)', 'CHARGE_VALUE', 1, 'decimal-rate', '', '', '', '', '', '', '', 0, NULL, 20, NULL, NULL, '', '', 'system', systimestamp, '14', 0, 'entity.vendorInvoiceCharges.chargeValue', '', '', '', '', '', '');
INSERT INTO CNT_FIELD_DEFINITION
 (ID, REVISION, PARENT_ID, FIELD_ID, COLUMN_NAME, COLUMN_TYPE, REPORT_COLUMN_NAME, PRODUCT_FIELD, FIELD_TYPE, ENTITY_LOOKUP, ENTITY_LOOKUP_KEY, ORDER_BY, GENERATOR, REFER_TABLE, KEY_COLUMN, LOOKUP_COLUMN, MANDATORY, MIN_LENGTH, MAX_LENGTH, MIN_VALUE, MAX_VALUE, CONSTANT_VALUE, UNIQUE_KEY, CREATE_USER, CREATED_ON, LINE_NO, MANAGED, FIELD_PATH, DATA_TYPE, DATA1, DATA2, TRANSITIVE_FIELDS, FORMULA, ENTITY_LOOKUP_TYPE)
VALUES ('1fa1fb4a0ad54872a06a81075765c903', 0, '2f668d4905df4f3da459a12dc62b3877', 'chargeAmt', 'CHARGE_AMT', 'NUMBER(25, 5)', 'CHARGE_AMOUNT', 1, 'decimal-rate', '', '', '', '', '', '', '', 0, NULL, 20, NULL, NULL, '', '', 'system', systimestamp, '15', 0, 'entity.vendorInvoiceCharges.chargeAmt', '', '', '', '', '', '');
INSERT INTO CNT_FIELD_DEFINITION
 (ID, REVISION, PARENT_ID, FIELD_ID, COLUMN_NAME, COLUMN_TYPE, REPORT_COLUMN_NAME, PRODUCT_FIELD, FIELD_TYPE, ENTITY_LOOKUP, ENTITY_LOOKUP_KEY, ORDER_BY, GENERATOR, REFER_TABLE, KEY_COLUMN, LOOKUP_COLUMN, MANDATORY, MIN_LENGTH, MAX_LENGTH, MIN_VALUE, MAX_VALUE, CONSTANT_VALUE, UNIQUE_KEY, CREATE_USER, CREATED_ON, LINE_NO, MANAGED, FIELD_PATH, DATA_TYPE, DATA1, DATA2, TRANSITIVE_FIELDS, FORMULA, ENTITY_LOOKUP_TYPE)
VALUES ('fd7d1db5049242ae9105395e935a3caa', 0, '2f668d4905df4f3da459a12dc62b3877', 'refNo', 'REF_NO', 'NVARCHAR2(1000)', '', 1, 'string-l', '', '', '', '', '', '', '', 0, NULL, 1000, NULL, NULL, '', '', 'system', systimestamp, '16', 0, 'entity.vendorInvoiceCharges.refNo', '', '', '', '', '', '');
INSERT INTO CNT_FIELD_DEFINITION
 (ID, REVISION, PARENT_ID, FIELD_ID, COLUMN_NAME, COLUMN_TYPE, REPORT_COLUMN_NAME, PRODUCT_FIELD, FIELD_TYPE, ENTITY_LOOKUP, ENTITY_LOOKUP_KEY, ORDER_BY, GENERATOR, REFER_TABLE, KEY_COLUMN, LOOKUP_COLUMN, MANDATORY, MIN_LENGTH, MAX_LENGTH, MIN_VALUE, MAX_VALUE, CONSTANT_VALUE, UNIQUE_KEY, CREATE_USER, CREATED_ON, LINE_NO, MANAGED, FIELD_PATH, DATA_TYPE, DATA1, DATA2, TRANSITIVE_FIELDS, FORMULA, ENTITY_LOOKUP_TYPE)
VALUES ('344dffdc1c974569acf043a51bb9eb4c', 0, '2f668d4905df4f3da459a12dc62b3877', 'custText1', 'CUST_TEXT1', 'NVARCHAR2(1000)', 'CUSTOM_FIELD_TEXT1', 0, 'string-l', '', '', '', '', '', '', '', 0, NULL, 1000, NULL, NULL, '', '', 'system', systimestamp, '17', 0, 'entity.vendorInvoiceCharges.custText1', '', '', '', '', '', '');
INSERT INTO CNT_FIELD_DEFINITION
 (ID, REVISION, PARENT_ID, FIELD_ID, COLUMN_NAME, COLUMN_TYPE, REPORT_COLUMN_NAME, PRODUCT_FIELD, FIELD_TYPE, ENTITY_LOOKUP, ENTITY_LOOKUP_KEY, ORDER_BY, GENERATOR, REFER_TABLE, KEY_COLUMN, LOOKUP_COLUMN, MANDATORY, MIN_LENGTH, MAX_LENGTH, MIN_VALUE, MAX_VALUE, CONSTANT_VALUE, UNIQUE_KEY, CREATE_USER, CREATED_ON, LINE_NO, MANAGED, FIELD_PATH, DATA_TYPE, DATA1, DATA2, TRANSITIVE_FIELDS, FORMULA, ENTITY_LOOKUP_TYPE)
VALUES ('b91b8d002c384d709925305f248946c4', 0, '2f668d4905df4f3da459a12dc62b3877', 'custText2', 'CUST_TEXT2', 'NVARCHAR2(1000)', 'CUSTOM_FIELD_TEXT2', 0, 'string-l', '', '', '', '', '', '', '', 0, NULL, 1000, NULL, NULL, '', '', 'system', systimestamp, '18', 0, 'entity.vendorInvoiceCharges.custText2', '', '', '', '', '', '');
INSERT INTO CNT_FIELD_DEFINITION
 (ID, REVISION, PARENT_ID, FIELD_ID, COLUMN_NAME, COLUMN_TYPE, REPORT_COLUMN_NAME, PRODUCT_FIELD, FIELD_TYPE, ENTITY_LOOKUP, ENTITY_LOOKUP_KEY, ORDER_BY, GENERATOR, REFER_TABLE, KEY_COLUMN, LOOKUP_COLUMN, MANDATORY, MIN_LENGTH, MAX_LENGTH, MIN_VALUE, MAX_VALUE, CONSTANT_VALUE, UNIQUE_KEY, CREATE_USER, CREATED_ON, LINE_NO, MANAGED, FIELD_PATH, DATA_TYPE, DATA1, DATA2, TRANSITIVE_FIELDS, FORMULA, ENTITY_LOOKUP_TYPE)
VALUES ('89149c59e6134cd1876557daafd65ab0', 0, '2f668d4905df4f3da459a12dc62b3877', 'custText3', 'CUST_TEXT3', 'NVARCHAR2(1000)', 'CUSTOM_FIELD_TEXT3', 0, 'string-l', '', '', '', '', '', '', '', 0, NULL, 1000, NULL, NULL, '', '', 'system', systimestamp, '19', 0, 'entity.vendorInvoiceCharges.custText3', '', '', '', '', '', '');
INSERT INTO CNT_FIELD_DEFINITION
 (ID, REVISION, PARENT_ID, FIELD_ID, COLUMN_NAME, COLUMN_TYPE, REPORT_COLUMN_NAME, PRODUCT_FIELD, FIELD_TYPE, ENTITY_LOOKUP, ENTITY_LOOKUP_KEY, ORDER_BY, GENERATOR, REFER_TABLE, KEY_COLUMN, LOOKUP_COLUMN, MANDATORY, MIN_LENGTH, MAX_LENGTH, MIN_VALUE, MAX_VALUE, CONSTANT_VALUE, UNIQUE_KEY, CREATE_USER, CREATED_ON, LINE_NO, MANAGED, FIELD_PATH, DATA_TYPE, DATA1, DATA2, TRANSITIVE_FIELDS, FORMULA, ENTITY_LOOKUP_TYPE)
VALUES ('06628fb3680746fd836c5c2dd1d81b12', 0, '2f668d4905df4f3da459a12dc62b3877', 'custText4', 'CUST_TEXT4', 'NVARCHAR2(1000)', 'CUSTOM_FIELD_TEXT4', 0, 'string-l', '', '', '', '', '', '', '', 0, NULL, 1000, NULL, NULL, '', '', 'system', systimestamp, '20', 0, 'entity.vendorInvoiceCharges.custText4', '', '', '', '', '', '');
INSERT INTO CNT_FIELD_DEFINITION
 (ID, REVISION, PARENT_ID, FIELD_ID, COLUMN_NAME, COLUMN_TYPE, REPORT_COLUMN_NAME, PRODUCT_FIELD, FIELD_TYPE, ENTITY_LOOKUP, ENTITY_LOOKUP_KEY, ORDER_BY, GENERATOR, REFER_TABLE, KEY_COLUMN, LOOKUP_COLUMN, MANDATORY, MIN_LENGTH, MAX_LENGTH, MIN_VALUE, MAX_VALUE, CONSTANT_VALUE, UNIQUE_KEY, CREATE_USER, CREATED_ON, LINE_NO, MANAGED, FIELD_PATH, DATA_TYPE, DATA1, DATA2, TRANSITIVE_FIELDS, FORMULA, ENTITY_LOOKUP_TYPE)
VALUES ('5e9e1de16a104a7b931042b5e6b46912', 0, '2f668d4905df4f3da459a12dc62b3877', 'custText5', 'CUST_TEXT5', 'NVARCHAR2(1000)', 'CUSTOM_FIELD_TEXT5', 0, 'string-l', '', '', '', '', '', '', '', 0, NULL, 1000, NULL, NULL, '', '', 'system', systimestamp, '21', 0, 'entity.vendorInvoiceCharges.custText5', '', '', '', '', '', '');
INSERT INTO CNT_FIELD_DEFINITION
 (ID, REVISION, PARENT_ID, FIELD_ID, COLUMN_NAME, COLUMN_TYPE, REPORT_COLUMN_NAME, PRODUCT_FIELD, FIELD_TYPE, ENTITY_LOOKUP, ENTITY_LOOKUP_KEY, ORDER_BY, GENERATOR, REFER_TABLE, KEY_COLUMN, LOOKUP_COLUMN, MANDATORY, MIN_LENGTH, MAX_LENGTH, MIN_VALUE, MAX_VALUE, CONSTANT_VALUE, UNIQUE_KEY, CREATE_USER, CREATED_ON, LINE_NO, MANAGED, FIELD_PATH, DATA_TYPE, DATA1, DATA2, TRANSITIVE_FIELDS, FORMULA, ENTITY_LOOKUP_TYPE)
VALUES ('013c04cdd0ec474bb3d9934a7cd2ef6b', 0, '2f668d4905df4f3da459a12dc62b3877', 'custText6', 'CUST_TEXT6', 'NVARCHAR2(1000)', 'CUSTOM_FIELD_TEXT6', 0, 'string-l', '', '', '', '', '', '', '', 0, NULL, 1000, NULL, NULL, '', '', 'system', systimestamp, '22', 0, 'entity.vendorInvoiceCharges.custText6', '', '', '', '', '', '');
INSERT INTO CNT_FIELD_DEFINITION
 (ID, REVISION, PARENT_ID, FIELD_ID, COLUMN_NAME, COLUMN_TYPE, REPORT_COLUMN_NAME, PRODUCT_FIELD, FIELD_TYPE, ENTITY_LOOKUP, ENTITY_LOOKUP_KEY, ORDER_BY, GENERATOR, REFER_TABLE, KEY_COLUMN, LOOKUP_COLUMN, MANDATORY, MIN_LENGTH, MAX_LENGTH, MIN_VALUE, MAX_VALUE, CONSTANT_VALUE, UNIQUE_KEY, CREATE_USER, CREATED_ON, LINE_NO, MANAGED, FIELD_PATH, DATA_TYPE, DATA1, DATA2, TRANSITIVE_FIELDS, FORMULA, ENTITY_LOOKUP_TYPE)
VALUES ('18b322b24b55431a9f222ada25f36114', 0, '2f668d4905df4f3da459a12dc62b3877', 'custText7', 'CUST_TEXT7', 'NVARCHAR2(1000)', 'CUSTOM_FIELD_TEXT7', 0, 'string-l', '', '', '', '', '', '', '', 0, NULL, 1000, NULL, NULL, '', '', 'system', systimestamp, '23', 0, 'entity.vendorInvoiceCharges.custText7', '', '', '', '', '', '');
INSERT INTO CNT_FIELD_DEFINITION
 (ID, REVISION, PARENT_ID, FIELD_ID, COLUMN_NAME, COLUMN_TYPE, REPORT_COLUMN_NAME, PRODUCT_FIELD, FIELD_TYPE, ENTITY_LOOKUP, ENTITY_LOOKUP_KEY, ORDER_BY, GENERATOR, REFER_TABLE, KEY_COLUMN, LOOKUP_COLUMN, MANDATORY, MIN_LENGTH, MAX_LENGTH, MIN_VALUE, MAX_VALUE, CONSTANT_VALUE, UNIQUE_KEY, CREATE_USER, CREATED_ON, LINE_NO, MANAGED, FIELD_PATH, DATA_TYPE, DATA1, DATA2, TRANSITIVE_FIELDS, FORMULA, ENTITY_LOOKUP_TYPE)
VALUES ('3ee152b831634660b0effbdc0060eb5a', 0, '2f668d4905df4f3da459a12dc62b3877', 'custDate1', 'CUST_DATE1', 'DATE', 'CUSTOM_FIELD_DATE1', 0, 'date', '', '', '', '', '', '', '', 0, NULL, NULL, NULL, NULL, '', '', 'system', systimestamp, '24', 0, 'entity.vendorInvoiceCharges.custDate1', '', '', '', '', '', '');
INSERT INTO CNT_FIELD_DEFINITION
 (ID, REVISION, PARENT_ID, FIELD_ID, COLUMN_NAME, COLUMN_TYPE, REPORT_COLUMN_NAME, PRODUCT_FIELD, FIELD_TYPE, ENTITY_LOOKUP, ENTITY_LOOKUP_KEY, ORDER_BY, GENERATOR, REFER_TABLE, KEY_COLUMN, LOOKUP_COLUMN, MANDATORY, MIN_LENGTH, MAX_LENGTH, MIN_VALUE, MAX_VALUE, CONSTANT_VALUE, UNIQUE_KEY, CREATE_USER, CREATED_ON, LINE_NO, MANAGED, FIELD_PATH, DATA_TYPE, DATA1, DATA2, TRANSITIVE_FIELDS, FORMULA, ENTITY_LOOKUP_TYPE)
VALUES ('4cb63aae0f004280a25eaf943e3d0c71', 0, '2f668d4905df4f3da459a12dc62b3877', 'custDate2', 'CUST_DATE2', 'DATE', 'CUSTOM_FIELD_DATE2', 0, 'date', '', '', '', '', '', '', '', 0, NULL, NULL, NULL, NULL, '', '', 'system', systimestamp, '25', 0, 'entity.vendorInvoiceCharges.custDate2', '', '', '', '', '', '');
INSERT INTO CNT_FIELD_DEFINITION
 (ID, REVISION, PARENT_ID, FIELD_ID, COLUMN_NAME, COLUMN_TYPE, REPORT_COLUMN_NAME, PRODUCT_FIELD, FIELD_TYPE, ENTITY_LOOKUP, ENTITY_LOOKUP_KEY, ORDER_BY, GENERATOR, REFER_TABLE, KEY_COLUMN, LOOKUP_COLUMN, MANDATORY, MIN_LENGTH, MAX_LENGTH, MIN_VALUE, MAX_VALUE, CONSTANT_VALUE, UNIQUE_KEY, CREATE_USER, CREATED_ON, LINE_NO, MANAGED, FIELD_PATH, DATA_TYPE, DATA1, DATA2, TRANSITIVE_FIELDS, FORMULA, ENTITY_LOOKUP_TYPE)
VALUES ('98701f440ab14caf8afdc9aba61137d2', 0, '2f668d4905df4f3da459a12dc62b3877', 'custDate3', 'CUST_DATE3', 'DATE', 'CUSTOM_FIELD_DATE3', 0, 'date', '', '', '', '', '', '', '', 0, NULL, NULL, NULL, NULL, '', '', 'system', systimestamp, '26', 0, 'entity.vendorInvoiceCharges.custDate3', '', '', '', '', '', '');
INSERT INTO CNT_FIELD_DEFINITION
 (ID, REVISION, PARENT_ID, FIELD_ID, COLUMN_NAME, COLUMN_TYPE, REPORT_COLUMN_NAME, PRODUCT_FIELD, FIELD_TYPE, ENTITY_LOOKUP, ENTITY_LOOKUP_KEY, ORDER_BY, GENERATOR, REFER_TABLE, KEY_COLUMN, LOOKUP_COLUMN, MANDATORY, MIN_LENGTH, MAX_LENGTH, MIN_VALUE, MAX_VALUE, CONSTANT_VALUE, UNIQUE_KEY, CREATE_USER, CREATED_ON, LINE_NO, MANAGED, FIELD_PATH, DATA_TYPE, DATA1, DATA2, TRANSITIVE_FIELDS, FORMULA, ENTITY_LOOKUP_TYPE)
VALUES ('fdd0489ce4fa4377bf0174e3142e54e1', 0, '2f668d4905df4f3da459a12dc62b3877', 'custDate4', 'CUST_DATE4', 'DATE', 'CUSTOM_FIELD_DATE4', 0, 'date', '', '', '', '', '', '', '', 0, NULL, NULL, NULL, NULL, '', '', 'system', systimestamp, '27', 0, 'entity.vendorInvoiceCharges.custDate4', '', '', '', '', '', '');
INSERT INTO CNT_FIELD_DEFINITION
 (ID, REVISION, PARENT_ID, FIELD_ID, COLUMN_NAME, COLUMN_TYPE, REPORT_COLUMN_NAME, PRODUCT_FIELD, FIELD_TYPE, ENTITY_LOOKUP, ENTITY_LOOKUP_KEY, ORDER_BY, GENERATOR, REFER_TABLE, KEY_COLUMN, LOOKUP_COLUMN, MANDATORY, MIN_LENGTH, MAX_LENGTH, MIN_VALUE, MAX_VALUE, CONSTANT_VALUE, UNIQUE_KEY, CREATE_USER, CREATED_ON, LINE_NO, MANAGED, FIELD_PATH, DATA_TYPE, DATA1, DATA2, TRANSITIVE_FIELDS, FORMULA, ENTITY_LOOKUP_TYPE)
VALUES ('78bcee96261f46eba408a96ba24afb43', 0, '2f668d4905df4f3da459a12dc62b3877', 'custDate5', 'CUST_DATE5', 'DATE', 'CUSTOM_FIELD_DATE5', 0, 'date', '', '', '', '', '', '', '', 0, NULL, NULL, NULL, NULL, '', '', 'system', systimestamp, '28', 0, 'entity.vendorInvoiceCharges.custDate5', '', '', '', '', '', '');
INSERT INTO CNT_FIELD_DEFINITION
 (ID, REVISION, PARENT_ID, FIELD_ID, COLUMN_NAME, COLUMN_TYPE, REPORT_COLUMN_NAME, PRODUCT_FIELD, FIELD_TYPE, ENTITY_LOOKUP, ENTITY_LOOKUP_KEY, ORDER_BY, GENERATOR, REFER_TABLE, KEY_COLUMN, LOOKUP_COLUMN, MANDATORY, MIN_LENGTH, MAX_LENGTH, MIN_VALUE, MAX_VALUE, CONSTANT_VALUE, UNIQUE_KEY, CREATE_USER, CREATED_ON, LINE_NO, MANAGED, FIELD_PATH, DATA_TYPE, DATA1, DATA2, TRANSITIVE_FIELDS, FORMULA, ENTITY_LOOKUP_TYPE)
VALUES ('8fa5778a477d4ab88f41e2d5a64d2e19', 0, '2f668d4905df4f3da459a12dc62b3877', 'custDate6', 'CUST_DATE6', 'DATE', 'CUSTOM_FIELD_DATE6', 0, 'date', '', '', '', '', '', '', '', 0, NULL, NULL, NULL, NULL, '', '', 'system', systimestamp, '29', 0, 'entity.vendorInvoiceCharges.custDate6', '', '', '', '', '', '');
INSERT INTO CNT_FIELD_DEFINITION
 (ID, REVISION, PARENT_ID, FIELD_ID, COLUMN_NAME, COLUMN_TYPE, REPORT_COLUMN_NAME, PRODUCT_FIELD, FIELD_TYPE, ENTITY_LOOKUP, ENTITY_LOOKUP_KEY, ORDER_BY, GENERATOR, REFER_TABLE, KEY_COLUMN, LOOKUP_COLUMN, MANDATORY, MIN_LENGTH, MAX_LENGTH, MIN_VALUE, MAX_VALUE, CONSTANT_VALUE, UNIQUE_KEY, CREATE_USER, CREATED_ON, LINE_NO, MANAGED, FIELD_PATH, DATA_TYPE, DATA1, DATA2, TRANSITIVE_FIELDS, FORMULA, ENTITY_LOOKUP_TYPE)
VALUES ('e80d6327b2f34a02a8d22e96c4179fda', 0, '2f668d4905df4f3da459a12dc62b3877', 'custDate7', 'CUST_DATE7', 'DATE', 'CUSTOM_FIELD_DATE7', 0, 'date', '', '', '', '', '', '', '', 0, NULL, NULL, NULL, NULL, '', '', 'system', systimestamp, '30', 0, 'entity.vendorInvoiceCharges.custDate7', '', '', '', '', '', '');
INSERT INTO CNT_FIELD_DEFINITION
 (ID, REVISION, PARENT_ID, FIELD_ID, COLUMN_NAME, COLUMN_TYPE, REPORT_COLUMN_NAME, PRODUCT_FIELD, FIELD_TYPE, ENTITY_LOOKUP, ENTITY_LOOKUP_KEY, ORDER_BY, GENERATOR, REFER_TABLE, KEY_COLUMN, LOOKUP_COLUMN, MANDATORY, MIN_LENGTH, MAX_LENGTH, MIN_VALUE, MAX_VALUE, CONSTANT_VALUE, UNIQUE_KEY, CREATE_USER, CREATED_ON, LINE_NO, MANAGED, FIELD_PATH, DATA_TYPE, DATA1, DATA2, TRANSITIVE_FIELDS, FORMULA, ENTITY_LOOKUP_TYPE)
VALUES ('1f995929bdca4cc5b6b9503ea61ec35d', 0, '2f668d4905df4f3da459a12dc62b3877', 'custNumber1', 'CUST_NUMBER1', 'NUMBER(20, 0)', 'CUSTOM_FIELD_NUMBER1', 0, 'integer', '', '', '', '', '', '', '', 0, NULL, 18, NULL, NULL, '', '', 'system', systimestamp, '31', 0, 'entity.vendorInvoiceCharges.custNumber1', '', '', '', '', '', '');
INSERT INTO CNT_FIELD_DEFINITION
 (ID, REVISION, PARENT_ID, FIELD_ID, COLUMN_NAME, COLUMN_TYPE, REPORT_COLUMN_NAME, PRODUCT_FIELD, FIELD_TYPE, ENTITY_LOOKUP, ENTITY_LOOKUP_KEY, ORDER_BY, GENERATOR, REFER_TABLE, KEY_COLUMN, LOOKUP_COLUMN, MANDATORY, MIN_LENGTH, MAX_LENGTH, MIN_VALUE, MAX_VALUE, CONSTANT_VALUE, UNIQUE_KEY, CREATE_USER, CREATED_ON, LINE_NO, MANAGED, FIELD_PATH, DATA_TYPE, DATA1, DATA2, TRANSITIVE_FIELDS, FORMULA, ENTITY_LOOKUP_TYPE)
VALUES ('c1ed982d057d43879791b86ddcea86f3', 0, '2f668d4905df4f3da459a12dc62b3877', 'custNumber2', 'CUST_NUMBER2', 'NUMBER(20, 0)', 'CUSTOM_FIELD_NUMBER2', 0, 'integer', '', '', '', '', '', '', '', 0, NULL, 18, NULL, NULL, '', '', 'system', systimestamp, '32', 0, 'entity.vendorInvoiceCharges.custNumber2', '', '', '', '', '', '');
INSERT INTO CNT_FIELD_DEFINITION
 (ID, REVISION, PARENT_ID, FIELD_ID, COLUMN_NAME, COLUMN_TYPE, REPORT_COLUMN_NAME, PRODUCT_FIELD, FIELD_TYPE, ENTITY_LOOKUP, ENTITY_LOOKUP_KEY, ORDER_BY, GENERATOR, REFER_TABLE, KEY_COLUMN, LOOKUP_COLUMN, MANDATORY, MIN_LENGTH, MAX_LENGTH, MIN_VALUE, MAX_VALUE, CONSTANT_VALUE, UNIQUE_KEY, CREATE_USER, CREATED_ON, LINE_NO, MANAGED, FIELD_PATH, DATA_TYPE, DATA1, DATA2, TRANSITIVE_FIELDS, FORMULA, ENTITY_LOOKUP_TYPE)
VALUES ('4679243e632e47b3808d620571f4df87', 0, '2f668d4905df4f3da459a12dc62b3877', 'custNumber3', 'CUST_NUMBER3', 'NUMBER(20, 0)', 'CUSTOM_FIELD_NUMBER3', 0, 'integer', '', '', '', '', '', '', '', 0, NULL, 18, NULL, NULL, '', '', 'system', systimestamp, '33', 0, 'entity.vendorInvoiceCharges.custNumber3', '', '', '', '', '', '');
INSERT INTO CNT_FIELD_DEFINITION
 (ID, REVISION, PARENT_ID, FIELD_ID, COLUMN_NAME, COLUMN_TYPE, REPORT_COLUMN_NAME, PRODUCT_FIELD, FIELD_TYPE, ENTITY_LOOKUP, ENTITY_LOOKUP_KEY, ORDER_BY, GENERATOR, REFER_TABLE, KEY_COLUMN, LOOKUP_COLUMN, MANDATORY, MIN_LENGTH, MAX_LENGTH, MIN_VALUE, MAX_VALUE, CONSTANT_VALUE, UNIQUE_KEY, CREATE_USER, CREATED_ON, LINE_NO, MANAGED, FIELD_PATH, DATA_TYPE, DATA1, DATA2, TRANSITIVE_FIELDS, FORMULA, ENTITY_LOOKUP_TYPE)
VALUES ('1e03a194b012424db84c1a9afb5584a2', 0, '2f668d4905df4f3da459a12dc62b3877', 'custNumber4', 'CUST_NUMBER4', 'NUMBER(20, 0)', 'CUSTOM_FIELD_NUMBER4', 0, 'integer', '', '', '', '', '', '', '', 0, NULL, 18, NULL, NULL, '', '', 'system', systimestamp, '34', 0, 'entity.vendorInvoiceCharges.custNumber4', '', '', '', '', '', '');
INSERT INTO CNT_FIELD_DEFINITION
 (ID, REVISION, PARENT_ID, FIELD_ID, COLUMN_NAME, COLUMN_TYPE, REPORT_COLUMN_NAME, PRODUCT_FIELD, FIELD_TYPE, ENTITY_LOOKUP, ENTITY_LOOKUP_KEY, ORDER_BY, GENERATOR, REFER_TABLE, KEY_COLUMN, LOOKUP_COLUMN, MANDATORY, MIN_LENGTH, MAX_LENGTH, MIN_VALUE, MAX_VALUE, CONSTANT_VALUE, UNIQUE_KEY, CREATE_USER, CREATED_ON, LINE_NO, MANAGED, FIELD_PATH, DATA_TYPE, DATA1, DATA2, TRANSITIVE_FIELDS, FORMULA, ENTITY_LOOKUP_TYPE)
VALUES ('cf6bead6315a439cb7c7906bf6155cf1', 0, '2f668d4905df4f3da459a12dc62b3877', 'custNumber5', 'CUST_NUMBER5', 'NUMBER(20, 0)', 'CUSTOM_FIELD_NUMBER5', 0, 'integer', '', '', '', '', '', '', '', 0, NULL, 18, NULL, NULL, '', '', 'system', systimestamp, '35', 0, 'entity.vendorInvoiceCharges.custNumber5', '', '', '', '', '', '');
INSERT INTO CNT_FIELD_DEFINITION
 (ID, REVISION, PARENT_ID, FIELD_ID, COLUMN_NAME, COLUMN_TYPE, REPORT_COLUMN_NAME, PRODUCT_FIELD, FIELD_TYPE, ENTITY_LOOKUP, ENTITY_LOOKUP_KEY, ORDER_BY, GENERATOR, REFER_TABLE, KEY_COLUMN, LOOKUP_COLUMN, MANDATORY, MIN_LENGTH, MAX_LENGTH, MIN_VALUE, MAX_VALUE, CONSTANT_VALUE, UNIQUE_KEY, CREATE_USER, CREATED_ON, LINE_NO, MANAGED, FIELD_PATH, DATA_TYPE, DATA1, DATA2, TRANSITIVE_FIELDS, FORMULA, ENTITY_LOOKUP_TYPE)
VALUES ('f68c30da9162478591730d8bd70e6c84', 0, '2f668d4905df4f3da459a12dc62b3877', 'custNumber6', 'CUST_NUMBER6', 'NUMBER(20, 0)', 'CUSTOM_FIELD_NUMBER6', 0, 'integer', '', '', '', '', '', '', '', 0, NULL, 18, NULL, NULL, '', '', 'system', systimestamp, '36', 0, 'entity.vendorInvoiceCharges.custNumber6', '', '', '', '', '', '');
INSERT INTO CNT_FIELD_DEFINITION
 (ID, REVISION, PARENT_ID, FIELD_ID, COLUMN_NAME, COLUMN_TYPE, REPORT_COLUMN_NAME, PRODUCT_FIELD, FIELD_TYPE, ENTITY_LOOKUP, ENTITY_LOOKUP_KEY, ORDER_BY, GENERATOR, REFER_TABLE, KEY_COLUMN, LOOKUP_COLUMN, MANDATORY, MIN_LENGTH, MAX_LENGTH, MIN_VALUE, MAX_VALUE, CONSTANT_VALUE, UNIQUE_KEY, CREATE_USER, CREATED_ON, LINE_NO, MANAGED, FIELD_PATH, DATA_TYPE, DATA1, DATA2, TRANSITIVE_FIELDS, FORMULA, ENTITY_LOOKUP_TYPE)
VALUES ('75b696a537ba41acba9494d5bcbe6aed', 0, '2f668d4905df4f3da459a12dc62b3877', 'custNumber7', 'CUST_NUMBER7', 'NUMBER(20, 0)', 'CUSTOM_FIELD_NUMBER7', 0, 'integer', '', '', '', '', '', '', '', 0, NULL, 18, NULL, NULL, '', '', 'system', systimestamp, '37', 0, 'entity.vendorInvoiceCharges.custNumber7', '', '', '', '', '', '');
INSERT INTO CNT_FIELD_DEFINITION
 (ID, REVISION, PARENT_ID, FIELD_ID, COLUMN_NAME, COLUMN_TYPE, REPORT_COLUMN_NAME, PRODUCT_FIELD, FIELD_TYPE, ENTITY_LOOKUP, ENTITY_LOOKUP_KEY, ORDER_BY, GENERATOR, REFER_TABLE, KEY_COLUMN, LOOKUP_COLUMN, MANDATORY, MIN_LENGTH, MAX_LENGTH, MIN_VALUE, MAX_VALUE, CONSTANT_VALUE, UNIQUE_KEY, CREATE_USER, CREATED_ON, LINE_NO, MANAGED, FIELD_PATH, DATA_TYPE, DATA1, DATA2, TRANSITIVE_FIELDS, FORMULA, ENTITY_LOOKUP_TYPE)
VALUES ('d782041a21b44023a0b041fa20391384', 0, '2f668d4905df4f3da459a12dc62b3877', 'custDecimal1', 'CUST_DECIMAL1', 'NUMBER(25, 5)', 'CUSTOM_FIELD_DECIMAL1', 0, 'decimal-rate', '', '', '', '', '', '', '', 0, NULL, 20, NULL, NULL, '', '', 'system', systimestamp, '38', 0, 'entity.vendorInvoiceCharges.custDecimal1', '', '', '', '', '', '');
INSERT INTO CNT_FIELD_DEFINITION
 (ID, REVISION, PARENT_ID, FIELD_ID, COLUMN_NAME, COLUMN_TYPE, REPORT_COLUMN_NAME, PRODUCT_FIELD, FIELD_TYPE, ENTITY_LOOKUP, ENTITY_LOOKUP_KEY, ORDER_BY, GENERATOR, REFER_TABLE, KEY_COLUMN, LOOKUP_COLUMN, MANDATORY, MIN_LENGTH, MAX_LENGTH, MIN_VALUE, MAX_VALUE, CONSTANT_VALUE, UNIQUE_KEY, CREATE_USER, CREATED_ON, LINE_NO, MANAGED, FIELD_PATH, DATA_TYPE, DATA1, DATA2, TRANSITIVE_FIELDS, FORMULA, ENTITY_LOOKUP_TYPE)
VALUES ('f020e16aec194d119acac78c5a7be7d3', 0, '2f668d4905df4f3da459a12dc62b3877', 'custDecimal2', 'CUST_DECIMAL2', 'NUMBER(25, 5)', 'CUSTOM_FIELD_DECIMAL2', 0, 'decimal-rate', '', '', '', '', '', '', '', 0, NULL, 20, NULL, NULL, '', '', 'system', systimestamp, '39', 0, 'entity.vendorInvoiceCharges.custDecimal2', '', '', '', '', '', '');
INSERT INTO CNT_FIELD_DEFINITION
 (ID, REVISION, PARENT_ID, FIELD_ID, COLUMN_NAME, COLUMN_TYPE, REPORT_COLUMN_NAME, PRODUCT_FIELD, FIELD_TYPE, ENTITY_LOOKUP, ENTITY_LOOKUP_KEY, ORDER_BY, GENERATOR, REFER_TABLE, KEY_COLUMN, LOOKUP_COLUMN, MANDATORY, MIN_LENGTH, MAX_LENGTH, MIN_VALUE, MAX_VALUE, CONSTANT_VALUE, UNIQUE_KEY, CREATE_USER, CREATED_ON, LINE_NO, MANAGED, FIELD_PATH, DATA_TYPE, DATA1, DATA2, TRANSITIVE_FIELDS, FORMULA, ENTITY_LOOKUP_TYPE)
VALUES ('ecef6fa585db4857b26042e3d4616077', 0, '2f668d4905df4f3da459a12dc62b3877', 'custDecimal3', 'CUST_DECIMAL3', 'NUMBER(25, 5)', 'CUSTOM_FIELD_DECIMAL3', 0, 'decimal-rate', '', '', '', '', '', '', '', 0, NULL, 20, NULL, NULL, '', '', 'system', systimestamp, '40', 0, 'entity.vendorInvoiceCharges.custDecimal3', '', '', '', '', '', '');
INSERT INTO CNT_FIELD_DEFINITION
 (ID, REVISION, PARENT_ID, FIELD_ID, COLUMN_NAME, COLUMN_TYPE, REPORT_COLUMN_NAME, PRODUCT_FIELD, FIELD_TYPE, ENTITY_LOOKUP, ENTITY_LOOKUP_KEY, ORDER_BY, GENERATOR, REFER_TABLE, KEY_COLUMN, LOOKUP_COLUMN, MANDATORY, MIN_LENGTH, MAX_LENGTH, MIN_VALUE, MAX_VALUE, CONSTANT_VALUE, UNIQUE_KEY, CREATE_USER, CREATED_ON, LINE_NO, MANAGED, FIELD_PATH, DATA_TYPE, DATA1, DATA2, TRANSITIVE_FIELDS, FORMULA, ENTITY_LOOKUP_TYPE)
VALUES ('40f356ac8ab1433d9779dd3258f59df6', 0, '2f668d4905df4f3da459a12dc62b3877', 'custDecimal4', 'CUST_DECIMAL4', 'NUMBER(25, 5)', 'CUSTOM_FIELD_DECIMAL4', 0, 'decimal-rate', '', '', '', '', '', '', '', 0, NULL, 20, NULL, NULL, '', '', 'system', systimestamp, '41', 0, 'entity.vendorInvoiceCharges.custDecimal4', '', '', '', '', '', '');
INSERT INTO CNT_FIELD_DEFINITION
 (ID, REVISION, PARENT_ID, FIELD_ID, COLUMN_NAME, COLUMN_TYPE, REPORT_COLUMN_NAME, PRODUCT_FIELD, FIELD_TYPE, ENTITY_LOOKUP, ENTITY_LOOKUP_KEY, ORDER_BY, GENERATOR, REFER_TABLE, KEY_COLUMN, LOOKUP_COLUMN, MANDATORY, MIN_LENGTH, MAX_LENGTH, MIN_VALUE, MAX_VALUE, CONSTANT_VALUE, UNIQUE_KEY, CREATE_USER, CREATED_ON, LINE_NO, MANAGED, FIELD_PATH, DATA_TYPE, DATA1, DATA2, TRANSITIVE_FIELDS, FORMULA, ENTITY_LOOKUP_TYPE)
VALUES ('48b299b568ff455d86a7699022eea13f', 0, '2f668d4905df4f3da459a12dc62b3877', 'custDecimal5', 'CUST_DECIMAL5', 'NUMBER(25, 5)', 'CUSTOM_FIELD_DECIMAL5', 0, 'decimal-rate', '', '', '', '', '', '', '', 0, NULL, 20, NULL, NULL, '', '', 'system', systimestamp, '42', 0, 'entity.vendorInvoiceCharges.custDecimal5', '', '', '', '', '', '');
INSERT INTO CNT_FIELD_DEFINITION
 (ID, REVISION, PARENT_ID, FIELD_ID, COLUMN_NAME, COLUMN_TYPE, REPORT_COLUMN_NAME, PRODUCT_FIELD, FIELD_TYPE, ENTITY_LOOKUP, ENTITY_LOOKUP_KEY, ORDER_BY, GENERATOR, REFER_TABLE, KEY_COLUMN, LOOKUP_COLUMN, MANDATORY, MIN_LENGTH, MAX_LENGTH, MIN_VALUE, MAX_VALUE, CONSTANT_VALUE, UNIQUE_KEY, CREATE_USER, CREATED_ON, LINE_NO, MANAGED, FIELD_PATH, DATA_TYPE, DATA1, DATA2, TRANSITIVE_FIELDS, FORMULA, ENTITY_LOOKUP_TYPE)
VALUES ('e2caf0123a6f48b7a29b6420b7145d33', 0, '2f668d4905df4f3da459a12dc62b3877', 'custDecimal6', 'CUST_DECIMAL6', 'NUMBER(25, 5)', 'CUSTOM_FIELD_DECIMAL6', 0, 'decimal-rate', '', '', '', '', '', '', '', 0, NULL, 20, NULL, NULL, '', '', 'system', systimestamp, '43', 0, 'entity.vendorInvoiceCharges.custDecimal6', '', '', '', '', '', '');
INSERT INTO CNT_FIELD_DEFINITION
 (ID, REVISION, PARENT_ID, FIELD_ID, COLUMN_NAME, COLUMN_TYPE, REPORT_COLUMN_NAME, PRODUCT_FIELD, FIELD_TYPE, ENTITY_LOOKUP, ENTITY_LOOKUP_KEY, ORDER_BY, GENERATOR, REFER_TABLE, KEY_COLUMN, LOOKUP_COLUMN, MANDATORY, MIN_LENGTH, MAX_LENGTH, MIN_VALUE, MAX_VALUE, CONSTANT_VALUE, UNIQUE_KEY, CREATE_USER, CREATED_ON, LINE_NO, MANAGED, FIELD_PATH, DATA_TYPE, DATA1, DATA2, TRANSITIVE_FIELDS, FORMULA, ENTITY_LOOKUP_TYPE)
VALUES ('6bbb467967364ba7b8f18667b18fcb7d', 0, '2f668d4905df4f3da459a12dc62b3877', 'custDecimal7', 'CUST_DECIMAL7', 'NUMBER(25, 5)', 'CUSTOM_FIELD_DECIMAL7', 0, 'decimal-rate', '', '', '', '', '', '', '', 0, NULL, 20, NULL, NULL, '', '', 'system', systimestamp, '44', 0, 'entity.vendorInvoiceCharges.custDecimal7', '', '', '', '', '', '');
INSERT INTO CNT_FIELD_DEFINITION
 (ID, REVISION, PARENT_ID, FIELD_ID, COLUMN_NAME, COLUMN_TYPE, REPORT_COLUMN_NAME, PRODUCT_FIELD, FIELD_TYPE, ENTITY_LOOKUP, ENTITY_LOOKUP_KEY, ORDER_BY, GENERATOR, REFER_TABLE, KEY_COLUMN, LOOKUP_COLUMN, MANDATORY, MIN_LENGTH, MAX_LENGTH, MIN_VALUE, MAX_VALUE, CONSTANT_VALUE, UNIQUE_KEY, CREATE_USER, CREATED_ON, LINE_NO, MANAGED, FIELD_PATH, DATA_TYPE, DATA1, DATA2, TRANSITIVE_FIELDS, FORMULA, ENTITY_LOOKUP_TYPE)
VALUES ('55efc36bae01445abd1673f5ce106867', 0, '2f668d4905df4f3da459a12dc62b3877', 'custCodelist1', 'CUST_CODELIST1', 'NVARCHAR2(400)', 'CUSTOM_FIELD_CODE_LIST_CODE1', 0, 'string-m', '', '', '', '', '', '', '', 0, NULL, 400, NULL, NULL, '', '', 'system', systimestamp, '45', 0, 'entity.vendorInvoiceCharges.custCodelist1', 'codelist', '', '', '', '', '');
INSERT INTO CNT_FIELD_DEFINITION
 (ID, REVISION, PARENT_ID, FIELD_ID, COLUMN_NAME, COLUMN_TYPE, REPORT_COLUMN_NAME, PRODUCT_FIELD, FIELD_TYPE, ENTITY_LOOKUP, ENTITY_LOOKUP_KEY, ORDER_BY, GENERATOR, REFER_TABLE, KEY_COLUMN, LOOKUP_COLUMN, MANDATORY, MIN_LENGTH, MAX_LENGTH, MIN_VALUE, MAX_VALUE, CONSTANT_VALUE, UNIQUE_KEY, CREATE_USER, CREATED_ON, LINE_NO, MANAGED, FIELD_PATH, DATA_TYPE, DATA1, DATA2, TRANSITIVE_FIELDS, FORMULA, ENTITY_LOOKUP_TYPE)
VALUES ('ae9ee478f3294429b0ccf26991ad8532', 0, '2f668d4905df4f3da459a12dc62b3877', 'custCodelist2', 'CUST_CODELIST2', 'NVARCHAR2(400)', 'CUSTOM_FIELD_CODE_LIST_CODE2', 0, 'string-m', '', '', '', '', '', '', '', 0, NULL, 400, NULL, NULL, '', '', 'system', systimestamp, '46', 0, 'entity.vendorInvoiceCharges.custCodelist2', 'codelist', '', '', '', '', '');
INSERT INTO CNT_FIELD_DEFINITION
 (ID, REVISION, PARENT_ID, FIELD_ID, COLUMN_NAME, COLUMN_TYPE, REPORT_COLUMN_NAME, PRODUCT_FIELD, FIELD_TYPE, ENTITY_LOOKUP, ENTITY_LOOKUP_KEY, ORDER_BY, GENERATOR, REFER_TABLE, KEY_COLUMN, LOOKUP_COLUMN, MANDATORY, MIN_LENGTH, MAX_LENGTH, MIN_VALUE, MAX_VALUE, CONSTANT_VALUE, UNIQUE_KEY, CREATE_USER, CREATED_ON, LINE_NO, MANAGED, FIELD_PATH, DATA_TYPE, DATA1, DATA2, TRANSITIVE_FIELDS, FORMULA, ENTITY_LOOKUP_TYPE)
VALUES ('7e75da520d3b4eefbbffb43d1acdfb7c', 0, '2f668d4905df4f3da459a12dc62b3877', 'custCodelist3', 'CUST_CODELIST3', 'NVARCHAR2(400)', 'CUSTOM_FIELD_CODE_LIST_CODE3', 0, 'string-m', '', '', '', '', '', '', '', 0, NULL, 400, NULL, NULL, '', '', 'system', systimestamp, '47', 0, 'entity.vendorInvoiceCharges.custCodelist3', 'codelist', '', '', '', '', '');
INSERT INTO CNT_FIELD_DEFINITION
 (ID, REVISION, PARENT_ID, FIELD_ID, COLUMN_NAME, COLUMN_TYPE, REPORT_COLUMN_NAME, PRODUCT_FIELD, FIELD_TYPE, ENTITY_LOOKUP, ENTITY_LOOKUP_KEY, ORDER_BY, GENERATOR, REFER_TABLE, KEY_COLUMN, LOOKUP_COLUMN, MANDATORY, MIN_LENGTH, MAX_LENGTH, MIN_VALUE, MAX_VALUE, CONSTANT_VALUE, UNIQUE_KEY, CREATE_USER, CREATED_ON, LINE_NO, MANAGED, FIELD_PATH, DATA_TYPE, DATA1, DATA2, TRANSITIVE_FIELDS, FORMULA, ENTITY_LOOKUP_TYPE)
VALUES ('17540ed9e7024938aef43f41b4853b30', 0, '2f668d4905df4f3da459a12dc62b3877', 'custCodelist4', 'CUST_CODELIST4', 'NVARCHAR2(400)', 'CUSTOM_FIELD_CODE_LIST_CODE4', 0, 'string-m', '', '', '', '', '', '', '', 0, NULL, 400, NULL, NULL, '', '', 'system', systimestamp, '48', 0, 'entity.vendorInvoiceCharges.custCodelist4', 'codelist', '', '', '', '', '');
INSERT INTO CNT_FIELD_DEFINITION
 (ID, REVISION, PARENT_ID, FIELD_ID, COLUMN_NAME, COLUMN_TYPE, REPORT_COLUMN_NAME, PRODUCT_FIELD, FIELD_TYPE, ENTITY_LOOKUP, ENTITY_LOOKUP_KEY, ORDER_BY, GENERATOR, REFER_TABLE, KEY_COLUMN, LOOKUP_COLUMN, MANDATORY, MIN_LENGTH, MAX_LENGTH, MIN_VALUE, MAX_VALUE, CONSTANT_VALUE, UNIQUE_KEY, CREATE_USER, CREATED_ON, LINE_NO, MANAGED, FIELD_PATH, DATA_TYPE, DATA1, DATA2, TRANSITIVE_FIELDS, FORMULA, ENTITY_LOOKUP_TYPE)
VALUES ('b355539301d545a4b37b754942cba867', 0, '2f668d4905df4f3da459a12dc62b3877', 'custCodelist5', 'CUST_CODELIST5', 'NVARCHAR2(400)', 'CUSTOM_FIELD_CODE_LIST_CODE5', 0, 'string-m', '', '', '', '', '', '', '', 0, NULL, 400, NULL, NULL, '', '', 'system', systimestamp, '49', 0, 'entity.vendorInvoiceCharges.custCodelist5', 'codelist', '', '', '', '', '');
INSERT INTO CNT_FIELD_DEFINITION
 (ID, REVISION, PARENT_ID, FIELD_ID, COLUMN_NAME, COLUMN_TYPE, REPORT_COLUMN_NAME, PRODUCT_FIELD, FIELD_TYPE, ENTITY_LOOKUP, ENTITY_LOOKUP_KEY, ORDER_BY, GENERATOR, REFER_TABLE, KEY_COLUMN, LOOKUP_COLUMN, MANDATORY, MIN_LENGTH, MAX_LENGTH, MIN_VALUE, MAX_VALUE, CONSTANT_VALUE, UNIQUE_KEY, CREATE_USER, CREATED_ON, LINE_NO, MANAGED, FIELD_PATH, DATA_TYPE, DATA1, DATA2, TRANSITIVE_FIELDS, FORMULA, ENTITY_LOOKUP_TYPE)
VALUES ('d38410fa3442410d80b4888ef564de8e', 0, '2f668d4905df4f3da459a12dc62b3877', 'custCodelist6', 'CUST_CODELIST6', 'NVARCHAR2(400)', 'CUSTOM_FIELD_CODE_LIST_CODE6', 0, 'string-m', '', '', '', '', '', '', '', 0, NULL, 400, NULL, NULL, '', '', 'system', systimestamp, '50', 0, 'entity.vendorInvoiceCharges.custCodelist6', 'codelist', '', '', '', '', '');
INSERT INTO CNT_FIELD_DEFINITION
 (ID, REVISION, PARENT_ID, FIELD_ID, COLUMN_NAME, COLUMN_TYPE, REPORT_COLUMN_NAME, PRODUCT_FIELD, FIELD_TYPE, ENTITY_LOOKUP, ENTITY_LOOKUP_KEY, ORDER_BY, GENERATOR, REFER_TABLE, KEY_COLUMN, LOOKUP_COLUMN, MANDATORY, MIN_LENGTH, MAX_LENGTH, MIN_VALUE, MAX_VALUE, CONSTANT_VALUE, UNIQUE_KEY, CREATE_USER, CREATED_ON, LINE_NO, MANAGED, FIELD_PATH, DATA_TYPE, DATA1, DATA2, TRANSITIVE_FIELDS, FORMULA, ENTITY_LOOKUP_TYPE)
VALUES ('2699186f18db4becb4421b6b6f79140d', 0, '2f668d4905df4f3da459a12dc62b3877', 'custCodelist7', 'CUST_CODELIST7', 'NVARCHAR2(400)', 'CUSTOM_FIELD_CODE_LIST_CODE7', 0, 'string-m', '', '', '', '', '', '', '', 0, NULL, 400, NULL, NULL, '', '', 'system', systimestamp, '51', 0, 'entity.vendorInvoiceCharges.custCodelist7', 'codelist', '', '', '', '', '');
INSERT INTO CNT_FIELD_DEFINITION
 (ID, REVISION, PARENT_ID, FIELD_ID, COLUMN_NAME, COLUMN_TYPE, REPORT_COLUMN_NAME, PRODUCT_FIELD, FIELD_TYPE, ENTITY_LOOKUP, ENTITY_LOOKUP_KEY, ORDER_BY, GENERATOR, REFER_TABLE, KEY_COLUMN, LOOKUP_COLUMN, MANDATORY, MIN_LENGTH, MAX_LENGTH, MIN_VALUE, MAX_VALUE, CONSTANT_VALUE, UNIQUE_KEY, CREATE_USER, CREATED_ON, LINE_NO, MANAGED, FIELD_PATH, DATA_TYPE, DATA1, DATA2, TRANSITIVE_FIELDS, FORMULA, ENTITY_LOOKUP_TYPE)
VALUES ('c63ece90f3544d6ebbe767fd4319a97f', 0, '2f668d4905df4f3da459a12dc62b3877', 'custMemoText1', 'CUST_MEMO_TEXT1', 'NVARCHAR2(1000)', 'CUSTOM_FIELD_MEMO_TEXT1', 0, 'string-l', '', '', '', '', '', '', '', 0, NULL, 1000, NULL, NULL, '', '', 'system', systimestamp, '52', 0, 'entity.vendorInvoiceCharges.custMemoText1', '', '', '', '', '', '');
INSERT INTO CNT_FIELD_DEFINITION
 (ID, REVISION, PARENT_ID, FIELD_ID, COLUMN_NAME, COLUMN_TYPE, REPORT_COLUMN_NAME, PRODUCT_FIELD, FIELD_TYPE, ENTITY_LOOKUP, ENTITY_LOOKUP_KEY, ORDER_BY, GENERATOR, REFER_TABLE, KEY_COLUMN, LOOKUP_COLUMN, MANDATORY, MIN_LENGTH, MAX_LENGTH, MIN_VALUE, MAX_VALUE, CONSTANT_VALUE, UNIQUE_KEY, CREATE_USER, CREATED_ON, LINE_NO, MANAGED, FIELD_PATH, DATA_TYPE, DATA1, DATA2, TRANSITIVE_FIELDS, FORMULA, ENTITY_LOOKUP_TYPE)
VALUES ('6f1fff44ae3c4a14be58071542d85539', 0, '2f668d4905df4f3da459a12dc62b3877', 'custMemoText2', 'CUST_MEMO_TEXT2', 'NVARCHAR2(1000)', 'CUSTOM_FIELD_MEMO_TEXT2', 0, 'string-l', '', '', '', '', '', '', '', 0, NULL, 1000, NULL, NULL, '', '', 'system', systimestamp, '53', 0, 'entity.vendorInvoiceCharges.custMemoText2', '', '', '', '', '', '');
INSERT INTO CNT_FIELD_DEFINITION
 (ID, REVISION, PARENT_ID, FIELD_ID, COLUMN_NAME, COLUMN_TYPE, REPORT_COLUMN_NAME, PRODUCT_FIELD, FIELD_TYPE, ENTITY_LOOKUP, ENTITY_LOOKUP_KEY, ORDER_BY, GENERATOR, REFER_TABLE, KEY_COLUMN, LOOKUP_COLUMN, MANDATORY, MIN_LENGTH, MAX_LENGTH, MIN_VALUE, MAX_VALUE, CONSTANT_VALUE, UNIQUE_KEY, CREATE_USER, CREATED_ON, LINE_NO, MANAGED, FIELD_PATH, DATA_TYPE, DATA1, DATA2, TRANSITIVE_FIELDS, FORMULA, ENTITY_LOOKUP_TYPE)
VALUES ('255fa6a2727b4248bc2a1bfd3e9825e9', 0, '2f668d4905df4f3da459a12dc62b3877', 'custMemoText3', 'CUST_MEMO_TEXT3', 'NVARCHAR2(1000)', 'CUSTOM_FIELD_MEMO_TEXT3', 0, 'string-l', '', '', '', '', '', '', '', 0, NULL, 1000, NULL, NULL, '', '', 'system', systimestamp, '54', 0, 'entity.vendorInvoiceCharges.custMemoText3', '', '', '', '', '', '');
INSERT INTO CNT_FIELD_DEFINITION
 (ID, REVISION, PARENT_ID, FIELD_ID, COLUMN_NAME, COLUMN_TYPE, REPORT_COLUMN_NAME, PRODUCT_FIELD, FIELD_TYPE, ENTITY_LOOKUP, ENTITY_LOOKUP_KEY, ORDER_BY, GENERATOR, REFER_TABLE, KEY_COLUMN, LOOKUP_COLUMN, MANDATORY, MIN_LENGTH, MAX_LENGTH, MIN_VALUE, MAX_VALUE, CONSTANT_VALUE, UNIQUE_KEY, CREATE_USER, CREATED_ON, LINE_NO, MANAGED, FIELD_PATH, DATA_TYPE, DATA1, DATA2, TRANSITIVE_FIELDS, FORMULA, ENTITY_LOOKUP_TYPE)
VALUES ('e3f776995f71435b95cc0dd360ba3ed8', 0, '2f668d4905df4f3da459a12dc62b3877', 'custMemoText4', 'CUST_MEMO_TEXT4', 'NVARCHAR2(1000)', 'CUSTOM_FIELD_MEMO_TEXT4', 0, 'string-l', '', '', '', '', '', '', '', 0, NULL, 1000, NULL, NULL, '', '', 'system', systimestamp, '55', 0, 'entity.vendorInvoiceCharges.custMemoText4', '', '', '', '', '', '');
INSERT INTO CNT_FIELD_DEFINITION
 (ID, REVISION, PARENT_ID, FIELD_ID, COLUMN_NAME, COLUMN_TYPE, REPORT_COLUMN_NAME, PRODUCT_FIELD, FIELD_TYPE, ENTITY_LOOKUP, ENTITY_LOOKUP_KEY, ORDER_BY, GENERATOR, REFER_TABLE, KEY_COLUMN, LOOKUP_COLUMN, MANDATORY, MIN_LENGTH, MAX_LENGTH, MIN_VALUE, MAX_VALUE, CONSTANT_VALUE, UNIQUE_KEY, CREATE_USER, CREATED_ON, LINE_NO, MANAGED, FIELD_PATH, DATA_TYPE, DATA1, DATA2, TRANSITIVE_FIELDS, FORMULA, ENTITY_LOOKUP_TYPE)
VALUES ('042dc1bc15b04372b2bd4a02705b65a8', 0, '2f668d4905df4f3da459a12dc62b3877', 'custMemoText5', 'CUST_MEMO_TEXT5', 'NVARCHAR2(1000)', 'CUSTOM_FIELD_MEMO_TEXT5', 0, 'string-l', '', '', '', '', '', '', '', 0, NULL, 1000, NULL, NULL, '', '', 'system', systimestamp, '56', 0, 'entity.vendorInvoiceCharges.custMemoText5', '', '', '', '', '', '');
INSERT INTO CNT_FIELD_DEFINITION
 (ID, REVISION, PARENT_ID, FIELD_ID, COLUMN_NAME, COLUMN_TYPE, REPORT_COLUMN_NAME, PRODUCT_FIELD, FIELD_TYPE, ENTITY_LOOKUP, ENTITY_LOOKUP_KEY, ORDER_BY, GENERATOR, REFER_TABLE, KEY_COLUMN, LOOKUP_COLUMN, MANDATORY, MIN_LENGTH, MAX_LENGTH, MIN_VALUE, MAX_VALUE, CONSTANT_VALUE, UNIQUE_KEY, CREATE_USER, CREATED_ON, LINE_NO, MANAGED, FIELD_PATH, DATA_TYPE, DATA1, DATA2, TRANSITIVE_FIELDS, FORMULA, ENTITY_LOOKUP_TYPE)
VALUES ('005feb6649bc42bfb3bc513b6f791bd4', 0, '2f668d4905df4f3da459a12dc62b3877', 'custMemoText6', 'CUST_MEMO_TEXT6', 'NVARCHAR2(1000)', 'CUSTOM_FIELD_MEMO_TEXT6', 0, 'string-l', '', '', '', '', '', '', '', 0, NULL, 1000, NULL, NULL, '', '', 'system', systimestamp, '57', 0, 'entity.vendorInvoiceCharges.custMemoText6', '', '', '', '', '', '');
INSERT INTO CNT_FIELD_DEFINITION
 (ID, REVISION, PARENT_ID, FIELD_ID, COLUMN_NAME, COLUMN_TYPE, REPORT_COLUMN_NAME, PRODUCT_FIELD, FIELD_TYPE, ENTITY_LOOKUP, ENTITY_LOOKUP_KEY, ORDER_BY, GENERATOR, REFER_TABLE, KEY_COLUMN, LOOKUP_COLUMN, MANDATORY, MIN_LENGTH, MAX_LENGTH, MIN_VALUE, MAX_VALUE, CONSTANT_VALUE, UNIQUE_KEY, CREATE_USER, CREATED_ON, LINE_NO, MANAGED, FIELD_PATH, DATA_TYPE, DATA1, DATA2, TRANSITIVE_FIELDS, FORMULA, ENTITY_LOOKUP_TYPE)
VALUES ('12a2c2ec67e646d4844e40eb58f975f3', 0, '2f668d4905df4f3da459a12dc62b3877', 'custMemoText7', 'CUST_MEMO_TEXT7', 'NVARCHAR2(1000)', 'CUSTOM_FIELD_MEMO_TEXT7', 0, 'string-l', '', '', '', '', '', '', '', 0, NULL, 1000, NULL, NULL, '', '', 'system', systimestamp, '58', 0, 'entity.vendorInvoiceCharges.custMemoText7', '', '', '', '', '', '');
INSERT INTO CNT_FIELD_DEFINITION
 (ID, REVISION, PARENT_ID, FIELD_ID, COLUMN_NAME, COLUMN_TYPE, REPORT_COLUMN_NAME, PRODUCT_FIELD, FIELD_TYPE, ENTITY_LOOKUP, ENTITY_LOOKUP_KEY, ORDER_BY, GENERATOR, REFER_TABLE, KEY_COLUMN, LOOKUP_COLUMN, MANDATORY, MIN_LENGTH, MAX_LENGTH, MIN_VALUE, MAX_VALUE, CONSTANT_VALUE, UNIQUE_KEY, CREATE_USER, CREATED_ON, LINE_NO, MANAGED, FIELD_PATH, DATA_TYPE, DATA1, DATA2, TRANSITIVE_FIELDS, FORMULA, ENTITY_LOOKUP_TYPE)
VALUES ('6848dee3051c4409a5022aafe7731f3a', 0, '2f668d4905df4f3da459a12dc62b3877', 'custHcl1', 'CUST_HCL1_ID', 'CHAR(32)', 'CUSTOM_FIELD_HCL_CODE_SYS_ID1', 0, 'entity', 'HclNode', 'id', '', '', '', '', '', 0, 32, 32, NULL, NULL, '', '', 'system', systimestamp, '59', 0, 'entity.vendorInvoiceCharges.custHcl1', '', '', '', '', '', '');
INSERT INTO CNT_FIELD_DEFINITION
 (ID, REVISION, PARENT_ID, FIELD_ID, COLUMN_NAME, COLUMN_TYPE, REPORT_COLUMN_NAME, PRODUCT_FIELD, FIELD_TYPE, ENTITY_LOOKUP, ENTITY_LOOKUP_KEY, ORDER_BY, GENERATOR, REFER_TABLE, KEY_COLUMN, LOOKUP_COLUMN, MANDATORY, MIN_LENGTH, MAX_LENGTH, MIN_VALUE, MAX_VALUE, CONSTANT_VALUE, UNIQUE_KEY, CREATE_USER, CREATED_ON, LINE_NO, MANAGED, FIELD_PATH, DATA_TYPE, DATA1, DATA2, TRANSITIVE_FIELDS, FORMULA, ENTITY_LOOKUP_TYPE)
VALUES ('e50c59dbd2dd477e9f1abc75e10a6bfb', 0, '2f668d4905df4f3da459a12dc62b3877', 'custHcl2', 'CUST_HCL2_ID', 'CHAR(32)', 'CUSTOM_FIELD_HCL_CODE_SYS_ID2', 0, 'entity', 'HclNode', 'id', '', '', '', '', '', 0, 32, 32, NULL, NULL, '', '', 'system', systimestamp, '60', 0, 'entity.vendorInvoiceCharges.custHcl2', '', '', '', '', '', '');
INSERT INTO CNT_FIELD_DEFINITION
 (ID, REVISION, PARENT_ID, FIELD_ID, COLUMN_NAME, COLUMN_TYPE, REPORT_COLUMN_NAME, PRODUCT_FIELD, FIELD_TYPE, ENTITY_LOOKUP, ENTITY_LOOKUP_KEY, ORDER_BY, GENERATOR, REFER_TABLE, KEY_COLUMN, LOOKUP_COLUMN, MANDATORY, MIN_LENGTH, MAX_LENGTH, MIN_VALUE, MAX_VALUE, CONSTANT_VALUE, UNIQUE_KEY, CREATE_USER, CREATED_ON, LINE_NO, MANAGED, FIELD_PATH, DATA_TYPE, DATA1, DATA2, TRANSITIVE_FIELDS, FORMULA, ENTITY_LOOKUP_TYPE)
VALUES ('978bc44223814e34a17507bb5603f2fd', 0, '2f668d4905df4f3da459a12dc62b3877', 'custHcl3', 'CUST_HCL3_ID', 'CHAR(32)', 'CUSTOM_FIELD_HCL_CODE_SYS_ID3', 0, 'entity', 'HclNode', 'id', '', '', '', '', '', 0, 32, 32, NULL, NULL, '', '', 'system', systimestamp, '61', 0, 'entity.vendorInvoiceCharges.custHcl3', '', '', '', '', '', '');
INSERT INTO CNT_FIELD_DEFINITION
 (ID, REVISION, PARENT_ID, FIELD_ID, COLUMN_NAME, COLUMN_TYPE, REPORT_COLUMN_NAME, PRODUCT_FIELD, FIELD_TYPE, ENTITY_LOOKUP, ENTITY_LOOKUP_KEY, ORDER_BY, GENERATOR, REFER_TABLE, KEY_COLUMN, LOOKUP_COLUMN, MANDATORY, MIN_LENGTH, MAX_LENGTH, MIN_VALUE, MAX_VALUE, CONSTANT_VALUE, UNIQUE_KEY, CREATE_USER, CREATED_ON, LINE_NO, MANAGED, FIELD_PATH, DATA_TYPE, DATA1, DATA2, TRANSITIVE_FIELDS, FORMULA, ENTITY_LOOKUP_TYPE)
VALUES ('7b07ae0fe5164c119754fad765e44e06', 0, '2f668d4905df4f3da459a12dc62b3877', 'custHcl4', 'CUST_HCL4_ID', 'CHAR(32)', 'CUSTOM_FIELD_HCL_CODE_SYS_ID4', 0, 'entity', 'HclNode', 'id', '', '', '', '', '', 0, 32, 32, NULL, NULL, '', '', 'system', systimestamp, '62', 0, 'entity.vendorInvoiceCharges.custHcl4', '', '', '', '', '', '');
INSERT INTO CNT_FIELD_DEFINITION
 (ID, REVISION, PARENT_ID, FIELD_ID, COLUMN_NAME, COLUMN_TYPE, REPORT_COLUMN_NAME, PRODUCT_FIELD, FIELD_TYPE, ENTITY_LOOKUP, ENTITY_LOOKUP_KEY, ORDER_BY, GENERATOR, REFER_TABLE, KEY_COLUMN, LOOKUP_COLUMN, MANDATORY, MIN_LENGTH, MAX_LENGTH, MIN_VALUE, MAX_VALUE, CONSTANT_VALUE, UNIQUE_KEY, CREATE_USER, CREATED_ON, LINE_NO, MANAGED, FIELD_PATH, DATA_TYPE, DATA1, DATA2, TRANSITIVE_FIELDS, FORMULA, ENTITY_LOOKUP_TYPE)
VALUES ('7df90b52f8204e38bf19562b9c9ab341', 0, '2f668d4905df4f3da459a12dc62b3877', 'custHcl5', 'CUST_HCL5_ID', 'CHAR(32)', 'CUSTOM_FIELD_HCL_CODE_SYS_ID5', 0, 'entity', 'HclNode', 'id', '', '', '', '', '', 0, 32, 32, NULL, NULL, '', '', 'system', systimestamp, '63', 0, 'entity.vendorInvoiceCharges.custHcl5', '', '', '', '', '', '');
INSERT INTO CNT_FIELD_DEFINITION
 (ID, REVISION, PARENT_ID, FIELD_ID, COLUMN_NAME, COLUMN_TYPE, REPORT_COLUMN_NAME, PRODUCT_FIELD, FIELD_TYPE, ENTITY_LOOKUP, ENTITY_LOOKUP_KEY, ORDER_BY, GENERATOR, REFER_TABLE, KEY_COLUMN, LOOKUP_COLUMN, MANDATORY, MIN_LENGTH, MAX_LENGTH, MIN_VALUE, MAX_VALUE, CONSTANT_VALUE, UNIQUE_KEY, CREATE_USER, CREATED_ON, LINE_NO, MANAGED, FIELD_PATH, DATA_TYPE, DATA1, DATA2, TRANSITIVE_FIELDS, FORMULA, ENTITY_LOOKUP_TYPE)
VALUES ('b73690f2a4ba4086bb0f31da1b1769f8', 0, '2f668d4905df4f3da459a12dc62b3877', 'viShipmentItemRef', 'VI_SHIPMENT_ITEM_REF', 'NVARCHAR2(1000)', 'N/A', 1, 'string-l', '', '', '', '', '', '', '', 0, NULL, 1000, NULL, NULL, '', '', 'system', systimestamp, '64', 0, 'entity.vendorInvoiceCharges.viShipmentItemRef', '', '', '', '', '', '');
INSERT INTO CNT_FIELD_DEFINITION
 (ID, REVISION, PARENT_ID, FIELD_ID, COLUMN_NAME, COLUMN_TYPE, REPORT_COLUMN_NAME, PRODUCT_FIELD, FIELD_TYPE, ENTITY_LOOKUP, ENTITY_LOOKUP_KEY, ORDER_BY, GENERATOR, REFER_TABLE, KEY_COLUMN, LOOKUP_COLUMN, MANDATORY, MIN_LENGTH, MAX_LENGTH, MIN_VALUE, MAX_VALUE, CONSTANT_VALUE, UNIQUE_KEY, CREATE_USER, CREATED_ON, LINE_NO, MANAGED, FIELD_PATH, DATA_TYPE, DATA1, DATA2, TRANSITIVE_FIELDS, FORMULA, ENTITY_LOOKUP_TYPE)
VALUES ('dcf4651f712c4a31b5acd36853c0ffe4', 0, '2f668d4905df4f3da459a12dc62b3877', 'reasonCodeName', 'REASON_CODE_NAME', 'NVARCHAR2(400)', 'N/A', 1, 'string-m', '', '', '', '', '', '', '', 0, NULL, 400, NULL, NULL, '', '', 'system', systimestamp, '65', 0, 'entity.vendorInvoiceCharges.reasonCodeName', '', '', '', '', '', '');
INSERT INTO CNT_FIELD_DEFINITION
 (ID, REVISION, PARENT_ID, FIELD_ID, COLUMN_NAME, COLUMN_TYPE, REPORT_COLUMN_NAME, PRODUCT_FIELD, FIELD_TYPE, ENTITY_LOOKUP, ENTITY_LOOKUP_KEY, ORDER_BY, GENERATOR, REFER_TABLE, KEY_COLUMN, LOOKUP_COLUMN, MANDATORY, MIN_LENGTH, MAX_LENGTH, MIN_VALUE, MAX_VALUE, CONSTANT_VALUE, UNIQUE_KEY, CREATE_USER, CREATED_ON, LINE_NO, MANAGED, FIELD_PATH, DATA_TYPE, DATA1, DATA2, TRANSITIVE_FIELDS, FORMULA, ENTITY_LOOKUP_TYPE)
VALUES ('8b32e6ad1ee1435fb2b896ab2171782d', 0, '2f668d4905df4f3da459a12dc62b3877', 'chargeTypeName', 'CHARGE_TYPE_NAME', 'NVARCHAR2(400)', 'N/A', 1, 'string-m', '', '', '', '', '', '', '', 0, NULL, 400, NULL, NULL, '', '', 'system', systimestamp, '66', 0, 'entity.vendorInvoiceCharges.chargeTypeName', '', '', '', '', '', '');
INSERT INTO CNT_FIELD_DEFINITION
 (ID, REVISION, PARENT_ID, FIELD_ID, COLUMN_NAME, COLUMN_TYPE, REPORT_COLUMN_NAME, PRODUCT_FIELD, FIELD_TYPE, ENTITY_LOOKUP, ENTITY_LOOKUP_KEY, ORDER_BY, GENERATOR, REFER_TABLE, KEY_COLUMN, LOOKUP_COLUMN, MANDATORY, MIN_LENGTH, MAX_LENGTH, MIN_VALUE, MAX_VALUE, CONSTANT_VALUE, UNIQUE_KEY, CREATE_USER, CREATED_ON, LINE_NO, MANAGED, FIELD_PATH, DATA_TYPE, DATA1, DATA2, TRANSITIVE_FIELDS, FORMULA, ENTITY_LOOKUP_TYPE)
VALUES ('721f0853f5014ad6b779ca995aa78441', 0, '2f668d4905df4f3da459a12dc62b3877', 'calculateTypeName', 'CALCULATE_TYPE_NAME', 'NVARCHAR2(400)', 'N/A', 1, 'string-m', '', '', '', '', '', '', '', 0, NULL, 400, NULL, NULL, '', '', 'system', systimestamp, '67', 0, 'entity.vendorInvoiceCharges.calculateTypeName', '', '', '', '', '', '');
INSERT INTO CNT_FIELD_DEFINITION
 (ID, REVISION, PARENT_ID, FIELD_ID, COLUMN_NAME, COLUMN_TYPE, REPORT_COLUMN_NAME, PRODUCT_FIELD, FIELD_TYPE, ENTITY_LOOKUP, ENTITY_LOOKUP_KEY, ORDER_BY, GENERATOR, REFER_TABLE, KEY_COLUMN, LOOKUP_COLUMN, MANDATORY, MIN_LENGTH, MAX_LENGTH, MIN_VALUE, MAX_VALUE, CONSTANT_VALUE, UNIQUE_KEY, CREATE_USER, CREATED_ON, LINE_NO, MANAGED, FIELD_PATH, DATA_TYPE, DATA1, DATA2, TRANSITIVE_FIELDS, FORMULA, ENTITY_LOOKUP_TYPE)
VALUES ('2c50c3aefd944263852a7d73451411e7', 0, '2f668d4905df4f3da459a12dc62b3877', 'custCodelist1Name', 'CUST_CODELIST1_NAME', 'NVARCHAR2(400)', 'N/A', 0, 'string-m', '', '', '', '', '', '', '', 0, NULL, 400, NULL, NULL, '', '', 'system', systimestamp, '68', 0, 'entity.vendorInvoiceCharges.custCodelist1Name', '', '', '', '', '', '');
INSERT INTO CNT_FIELD_DEFINITION
 (ID, REVISION, PARENT_ID, FIELD_ID, COLUMN_NAME, COLUMN_TYPE, REPORT_COLUMN_NAME, PRODUCT_FIELD, FIELD_TYPE, ENTITY_LOOKUP, ENTITY_LOOKUP_KEY, ORDER_BY, GENERATOR, REFER_TABLE, KEY_COLUMN, LOOKUP_COLUMN, MANDATORY, MIN_LENGTH, MAX_LENGTH, MIN_VALUE, MAX_VALUE, CONSTANT_VALUE, UNIQUE_KEY, CREATE_USER, CREATED_ON, LINE_NO, MANAGED, FIELD_PATH, DATA_TYPE, DATA1, DATA2, TRANSITIVE_FIELDS, FORMULA, ENTITY_LOOKUP_TYPE)
VALUES ('cd0da7b1080e488da795805291ee4860', 0, '2f668d4905df4f3da459a12dc62b3877', 'custCodelist2Name', 'CUST_CODELIST2_NAME', 'NVARCHAR2(400)', 'N/A', 0, 'string-m', '', '', '', '', '', '', '', 0, NULL, 400, NULL, NULL, '', '', 'system', systimestamp, '69', 0, 'entity.vendorInvoiceCharges.custCodelist2Name', '', '', '', '', '', '');
INSERT INTO CNT_FIELD_DEFINITION
 (ID, REVISION, PARENT_ID, FIELD_ID, COLUMN_NAME, COLUMN_TYPE, REPORT_COLUMN_NAME, PRODUCT_FIELD, FIELD_TYPE, ENTITY_LOOKUP, ENTITY_LOOKUP_KEY, ORDER_BY, GENERATOR, REFER_TABLE, KEY_COLUMN, LOOKUP_COLUMN, MANDATORY, MIN_LENGTH, MAX_LENGTH, MIN_VALUE, MAX_VALUE, CONSTANT_VALUE, UNIQUE_KEY, CREATE_USER, CREATED_ON, LINE_NO, MANAGED, FIELD_PATH, DATA_TYPE, DATA1, DATA2, TRANSITIVE_FIELDS, FORMULA, ENTITY_LOOKUP_TYPE)
VALUES ('b6966ef588164c48bf863a901a4c7b43', 0, '2f668d4905df4f3da459a12dc62b3877', 'custCodelist3Name', 'CUST_CODELIST3_NAME', 'NVARCHAR2(400)', 'N/A', 0, 'string-m', '', '', '', '', '', '', '', 0, NULL, 400, NULL, NULL, '', '', 'system', systimestamp, '70', 0, 'entity.vendorInvoiceCharges.custCodelist3Name', '', '', '', '', '', '');
INSERT INTO CNT_FIELD_DEFINITION
 (ID, REVISION, PARENT_ID, FIELD_ID, COLUMN_NAME, COLUMN_TYPE, REPORT_COLUMN_NAME, PRODUCT_FIELD, FIELD_TYPE, ENTITY_LOOKUP, ENTITY_LOOKUP_KEY, ORDER_BY, GENERATOR, REFER_TABLE, KEY_COLUMN, LOOKUP_COLUMN, MANDATORY, MIN_LENGTH, MAX_LENGTH, MIN_VALUE, MAX_VALUE, CONSTANT_VALUE, UNIQUE_KEY, CREATE_USER, CREATED_ON, LINE_NO, MANAGED, FIELD_PATH, DATA_TYPE, DATA1, DATA2, TRANSITIVE_FIELDS, FORMULA, ENTITY_LOOKUP_TYPE)
VALUES ('ef2ad39b6b9b4eb8a8a6fa0081019708', 0, '2f668d4905df4f3da459a12dc62b3877', 'custCodelist4Name', 'CUST_CODELIST4_NAME', 'NVARCHAR2(400)', 'N/A', 0, 'string-m', '', '', '', '', '', '', '', 0, NULL, 400, NULL, NULL, '', '', 'system', systimestamp, '71', 0, 'entity.vendorInvoiceCharges.custCodelist4Name', '', '', '', '', '', '');
INSERT INTO CNT_FIELD_DEFINITION
 (ID, REVISION, PARENT_ID, FIELD_ID, COLUMN_NAME, COLUMN_TYPE, REPORT_COLUMN_NAME, PRODUCT_FIELD, FIELD_TYPE, ENTITY_LOOKUP, ENTITY_LOOKUP_KEY, ORDER_BY, GENERATOR, REFER_TABLE, KEY_COLUMN, LOOKUP_COLUMN, MANDATORY, MIN_LENGTH, MAX_LENGTH, MIN_VALUE, MAX_VALUE, CONSTANT_VALUE, UNIQUE_KEY, CREATE_USER, CREATED_ON, LINE_NO, MANAGED, FIELD_PATH, DATA_TYPE, DATA1, DATA2, TRANSITIVE_FIELDS, FORMULA, ENTITY_LOOKUP_TYPE)
VALUES ('cab74ad2e52a494b9c16ca688acc6b88', 0, '2f668d4905df4f3da459a12dc62b3877', 'custCodelist5Name', 'CUST_CODELIST5_NAME', 'NVARCHAR2(400)', 'N/A', 0, 'string-m', '', '', '', '', '', '', '', 0, NULL, 400, NULL, NULL, '', '', 'system', systimestamp, '72', 0, 'entity.vendorInvoiceCharges.custCodelist5Name', '', '', '', '', '', '');
INSERT INTO CNT_FIELD_DEFINITION
 (ID, REVISION, PARENT_ID, FIELD_ID, COLUMN_NAME, COLUMN_TYPE, REPORT_COLUMN_NAME, PRODUCT_FIELD, FIELD_TYPE, ENTITY_LOOKUP, ENTITY_LOOKUP_KEY, ORDER_BY, GENERATOR, REFER_TABLE, KEY_COLUMN, LOOKUP_COLUMN, MANDATORY, MIN_LENGTH, MAX_LENGTH, MIN_VALUE, MAX_VALUE, CONSTANT_VALUE, UNIQUE_KEY, CREATE_USER, CREATED_ON, LINE_NO, MANAGED, FIELD_PATH, DATA_TYPE, DATA1, DATA2, TRANSITIVE_FIELDS, FORMULA, ENTITY_LOOKUP_TYPE)
VALUES ('c161ac62901f4c91aa09f1ffaa815e50', 0, '2f668d4905df4f3da459a12dc62b3877', 'custCodelist6Name', 'CUST_CODELIST6_NAME', 'NVARCHAR2(400)', 'N/A', 0, 'string-m', '', '', '', '', '', '', '', 0, NULL, 400, NULL, NULL, '', '', 'system', systimestamp, '73', 0, 'entity.vendorInvoiceCharges.custCodelist6Name', '', '', '', '', '', '');
INSERT INTO CNT_FIELD_DEFINITION
 (ID, REVISION, PARENT_ID, FIELD_ID, COLUMN_NAME, COLUMN_TYPE, REPORT_COLUMN_NAME, PRODUCT_FIELD, FIELD_TYPE, ENTITY_LOOKUP, ENTITY_LOOKUP_KEY, ORDER_BY, GENERATOR, REFER_TABLE, KEY_COLUMN, LOOKUP_COLUMN, MANDATORY, MIN_LENGTH, MAX_LENGTH, MIN_VALUE, MAX_VALUE, CONSTANT_VALUE, UNIQUE_KEY, CREATE_USER, CREATED_ON, LINE_NO, MANAGED, FIELD_PATH, DATA_TYPE, DATA1, DATA2, TRANSITIVE_FIELDS, FORMULA, ENTITY_LOOKUP_TYPE)
VALUES ('7d61237077f24009b2585d67ce16514b', 0, '2f668d4905df4f3da459a12dc62b3877', 'custCodelist7Name', 'CUST_CODELIST7_NAME', 'NVARCHAR2(400)', 'N/A', 0, 'string-m', '', '', '', '', '', '', '', 0, NULL, 400, NULL, NULL, '', '', 'system', systimestamp, '74', 0, 'entity.vendorInvoiceCharges.custCodelist7Name', '', '', '', '', '', '');
INSERT INTO CNT_FIELD_DEFINITION
 (ID, REVISION, PARENT_ID, FIELD_ID, COLUMN_NAME, COLUMN_TYPE, REPORT_COLUMN_NAME, PRODUCT_FIELD, FIELD_TYPE, ENTITY_LOOKUP, ENTITY_LOOKUP_KEY, ORDER_BY, GENERATOR, REFER_TABLE, KEY_COLUMN, LOOKUP_COLUMN, MANDATORY, MIN_LENGTH, MAX_LENGTH, MIN_VALUE, MAX_VALUE, CONSTANT_VALUE, UNIQUE_KEY, CREATE_USER, CREATED_ON, LINE_NO, MANAGED, FIELD_PATH, DATA_TYPE, DATA1, DATA2, TRANSITIVE_FIELDS, FORMULA, ENTITY_LOOKUP_TYPE)
VALUES ('461019793c5b4fb89b7a27ef50d62867', 0, '2f668d4905df4f3da459a12dc62b3877', 'custHcl1Ref', 'CUST_HCL1_REF', 'NVARCHAR2(1000)', 'N/A', 0, 'string-l', '', '', '', '', '', '', '', 0, NULL, 1000, NULL, NULL, '', '', 'system', systimestamp, '75', 0, 'entity.vendorInvoiceCharges.custHcl1Ref', '', '', '', '', '', '');
INSERT INTO CNT_FIELD_DEFINITION
 (ID, REVISION, PARENT_ID, FIELD_ID, COLUMN_NAME, COLUMN_TYPE, REPORT_COLUMN_NAME, PRODUCT_FIELD, FIELD_TYPE, ENTITY_LOOKUP, ENTITY_LOOKUP_KEY, ORDER_BY, GENERATOR, REFER_TABLE, KEY_COLUMN, LOOKUP_COLUMN, MANDATORY, MIN_LENGTH, MAX_LENGTH, MIN_VALUE, MAX_VALUE, CONSTANT_VALUE, UNIQUE_KEY, CREATE_USER, CREATED_ON, LINE_NO, MANAGED, FIELD_PATH, DATA_TYPE, DATA1, DATA2, TRANSITIVE_FIELDS, FORMULA, ENTITY_LOOKUP_TYPE)
VALUES ('4f7e0179799a4a389c4f0b604e9caf90', 0, '2f668d4905df4f3da459a12dc62b3877', 'custHcl1Ver', 'CUST_HCL1_VER', 'NUMBER(20, 0)', 'N/A', 0, 'integer', '', '', '', '', '', '', '', 0, NULL, 18, NULL, NULL, '', '', 'system', systimestamp, '76', 0, 'entity.vendorInvoiceCharges.custHcl1Ver', '', '', '', '', '', '');
INSERT INTO CNT_FIELD_DEFINITION
 (ID, REVISION, PARENT_ID, FIELD_ID, COLUMN_NAME, COLUMN_TYPE, REPORT_COLUMN_NAME, PRODUCT_FIELD, FIELD_TYPE, ENTITY_LOOKUP, ENTITY_LOOKUP_KEY, ORDER_BY, GENERATOR, REFER_TABLE, KEY_COLUMN, LOOKUP_COLUMN, MANDATORY, MIN_LENGTH, MAX_LENGTH, MIN_VALUE, MAX_VALUE, CONSTANT_VALUE, UNIQUE_KEY, CREATE_USER, CREATED_ON, LINE_NO, MANAGED, FIELD_PATH, DATA_TYPE, DATA1, DATA2, TRANSITIVE_FIELDS, FORMULA, ENTITY_LOOKUP_TYPE)
VALUES ('81c4edddff7c4149a4547244943428df', 0, '2f668d4905df4f3da459a12dc62b3877', 'custHcl1Ref2', 'CUST_HCL1_REF2', 'NVARCHAR2(1000)', 'N/A', 0, 'string-l', '', '', '', '', '', '', '', 0, NULL, 1000, NULL, NULL, '', '', 'system', systimestamp, '77', 0, 'entity.vendorInvoiceCharges.custHcl1Ref2', '', '', '', '', '', '');
INSERT INTO CNT_FIELD_DEFINITION
 (ID, REVISION, PARENT_ID, FIELD_ID, COLUMN_NAME, COLUMN_TYPE, REPORT_COLUMN_NAME, PRODUCT_FIELD, FIELD_TYPE, ENTITY_LOOKUP, ENTITY_LOOKUP_KEY, ORDER_BY, GENERATOR, REFER_TABLE, KEY_COLUMN, LOOKUP_COLUMN, MANDATORY, MIN_LENGTH, MAX_LENGTH, MIN_VALUE, MAX_VALUE, CONSTANT_VALUE, UNIQUE_KEY, CREATE_USER, CREATED_ON, LINE_NO, MANAGED, FIELD_PATH, DATA_TYPE, DATA1, DATA2, TRANSITIVE_FIELDS, FORMULA, ENTITY_LOOKUP_TYPE)
VALUES ('8c9fb49be271467fa16966ae170f3719', 0, '2f668d4905df4f3da459a12dc62b3877', 'custHcl1FullLineage', 'CUST_HCL1_FULL_LINEAGE', 'NVARCHAR2(1000)', 'N/A', 0, 'string-l', '', '', '', '', '', '', '', 0, NULL, 1000, NULL, NULL, '', '', 'system', systimestamp, '78', 0, 'entity.vendorInvoiceCharges.custHcl1FullLineage', '', '', '', '', '', '');
INSERT INTO CNT_FIELD_DEFINITION
 (ID, REVISION, PARENT_ID, FIELD_ID, COLUMN_NAME, COLUMN_TYPE, REPORT_COLUMN_NAME, PRODUCT_FIELD, FIELD_TYPE, ENTITY_LOOKUP, ENTITY_LOOKUP_KEY, ORDER_BY, GENERATOR, REFER_TABLE, KEY_COLUMN, LOOKUP_COLUMN, MANDATORY, MIN_LENGTH, MAX_LENGTH, MIN_VALUE, MAX_VALUE, CONSTANT_VALUE, UNIQUE_KEY, CREATE_USER, CREATED_ON, LINE_NO, MANAGED, FIELD_PATH, DATA_TYPE, DATA1, DATA2, TRANSITIVE_FIELDS, FORMULA, ENTITY_LOOKUP_TYPE)
VALUES ('b2b76bcfabcd4cb29e9be7f6f134c7c5', 0, '2f668d4905df4f3da459a12dc62b3877', 'custHcl2Ref', 'CUST_HCL2_REF', 'NVARCHAR2(1000)', 'N/A', 0, 'string-l', '', '', '', '', '', '', '', 0, NULL, 1000, NULL, NULL, '', '', 'system', systimestamp, '79', 0, 'entity.vendorInvoiceCharges.custHcl2Ref', '', '', '', '', '', '');
INSERT INTO CNT_FIELD_DEFINITION
 (ID, REVISION, PARENT_ID, FIELD_ID, COLUMN_NAME, COLUMN_TYPE, REPORT_COLUMN_NAME, PRODUCT_FIELD, FIELD_TYPE, ENTITY_LOOKUP, ENTITY_LOOKUP_KEY, ORDER_BY, GENERATOR, REFER_TABLE, KEY_COLUMN, LOOKUP_COLUMN, MANDATORY, MIN_LENGTH, MAX_LENGTH, MIN_VALUE, MAX_VALUE, CONSTANT_VALUE, UNIQUE_KEY, CREATE_USER, CREATED_ON, LINE_NO, MANAGED, FIELD_PATH, DATA_TYPE, DATA1, DATA2, TRANSITIVE_FIELDS, FORMULA, ENTITY_LOOKUP_TYPE)
VALUES ('532bcffc60d94912a8054f2e18a43223', 0, '2f668d4905df4f3da459a12dc62b3877', 'custHcl2Ver', 'CUST_HCL2_VER', 'NUMBER(20, 0)', 'N/A', 0, 'integer', '', '', '', '', '', '', '', 0, NULL, 18, NULL, NULL, '', '', 'system', systimestamp, '80', 0, 'entity.vendorInvoiceCharges.custHcl2Ver', '', '', '', '', '', '');
INSERT INTO CNT_FIELD_DEFINITION
 (ID, REVISION, PARENT_ID, FIELD_ID, COLUMN_NAME, COLUMN_TYPE, REPORT_COLUMN_NAME, PRODUCT_FIELD, FIELD_TYPE, ENTITY_LOOKUP, ENTITY_LOOKUP_KEY, ORDER_BY, GENERATOR, REFER_TABLE, KEY_COLUMN, LOOKUP_COLUMN, MANDATORY, MIN_LENGTH, MAX_LENGTH, MIN_VALUE, MAX_VALUE, CONSTANT_VALUE, UNIQUE_KEY, CREATE_USER, CREATED_ON, LINE_NO, MANAGED, FIELD_PATH, DATA_TYPE, DATA1, DATA2, TRANSITIVE_FIELDS, FORMULA, ENTITY_LOOKUP_TYPE)
VALUES ('97f1650f65094b558eaf267e36c70fe2', 0, '2f668d4905df4f3da459a12dc62b3877', 'custHcl2Ref2', 'CUST_HCL2_REF2', 'NVARCHAR2(1000)', 'N/A', 0, 'string-l', '', '', '', '', '', '', '', 0, NULL, 1000, NULL, NULL, '', '', 'system', systimestamp, '81', 0, 'entity.vendorInvoiceCharges.custHcl2Ref2', '', '', '', '', '', '');
INSERT INTO CNT_FIELD_DEFINITION
 (ID, REVISION, PARENT_ID, FIELD_ID, COLUMN_NAME, COLUMN_TYPE, REPORT_COLUMN_NAME, PRODUCT_FIELD, FIELD_TYPE, ENTITY_LOOKUP, ENTITY_LOOKUP_KEY, ORDER_BY, GENERATOR, REFER_TABLE, KEY_COLUMN, LOOKUP_COLUMN, MANDATORY, MIN_LENGTH, MAX_LENGTH, MIN_VALUE, MAX_VALUE, CONSTANT_VALUE, UNIQUE_KEY, CREATE_USER, CREATED_ON, LINE_NO, MANAGED, FIELD_PATH, DATA_TYPE, DATA1, DATA2, TRANSITIVE_FIELDS, FORMULA, ENTITY_LOOKUP_TYPE)
VALUES ('63703695e7624b8ea898ceda8c7f3d5f', 0, '2f668d4905df4f3da459a12dc62b3877', 'custHcl2FullLineage', 'CUST_HCL2_FULL_LINEAGE', 'NVARCHAR2(1000)', 'N/A', 0, 'string-l', '', '', '', '', '', '', '', 0, NULL, 1000, NULL, NULL, '', '', 'system', systimestamp, '82', 0, 'entity.vendorInvoiceCharges.custHcl2FullLineage', '', '', '', '', '', '');
INSERT INTO CNT_FIELD_DEFINITION
 (ID, REVISION, PARENT_ID, FIELD_ID, COLUMN_NAME, COLUMN_TYPE, REPORT_COLUMN_NAME, PRODUCT_FIELD, FIELD_TYPE, ENTITY_LOOKUP, ENTITY_LOOKUP_KEY, ORDER_BY, GENERATOR, REFER_TABLE, KEY_COLUMN, LOOKUP_COLUMN, MANDATORY, MIN_LENGTH, MAX_LENGTH, MIN_VALUE, MAX_VALUE, CONSTANT_VALUE, UNIQUE_KEY, CREATE_USER, CREATED_ON, LINE_NO, MANAGED, FIELD_PATH, DATA_TYPE, DATA1, DATA2, TRANSITIVE_FIELDS, FORMULA, ENTITY_LOOKUP_TYPE)
VALUES ('e0a3307d4d6d41379dbefa2d96ba2071', 0, '2f668d4905df4f3da459a12dc62b3877', 'custHcl3Ref', 'CUST_HCL3_REF', 'NVARCHAR2(1000)', 'N/A', 0, 'string-l', '', '', '', '', '', '', '', 0, NULL, 1000, NULL, NULL, '', '', 'system', systimestamp, '83', 0, 'entity.vendorInvoiceCharges.custHcl3Ref', '', '', '', '', '', '');
INSERT INTO CNT_FIELD_DEFINITION
 (ID, REVISION, PARENT_ID, FIELD_ID, COLUMN_NAME, COLUMN_TYPE, REPORT_COLUMN_NAME, PRODUCT_FIELD, FIELD_TYPE, ENTITY_LOOKUP, ENTITY_LOOKUP_KEY, ORDER_BY, GENERATOR, REFER_TABLE, KEY_COLUMN, LOOKUP_COLUMN, MANDATORY, MIN_LENGTH, MAX_LENGTH, MIN_VALUE, MAX_VALUE, CONSTANT_VALUE, UNIQUE_KEY, CREATE_USER, CREATED_ON, LINE_NO, MANAGED, FIELD_PATH, DATA_TYPE, DATA1, DATA2, TRANSITIVE_FIELDS, FORMULA, ENTITY_LOOKUP_TYPE)
VALUES ('3acbcd2ee4d24dc38cd8dd7c6480281f', 0, '2f668d4905df4f3da459a12dc62b3877', 'custHcl3Ver', 'CUST_HCL3_VER', 'NUMBER(20, 0)', 'N/A', 0, 'integer', '', '', '', '', '', '', '', 0, NULL, 18, NULL, NULL, '', '', 'system', systimestamp, '84', 0, 'entity.vendorInvoiceCharges.custHcl3Ver', '', '', '', '', '', '');
INSERT INTO CNT_FIELD_DEFINITION
 (ID, REVISION, PARENT_ID, FIELD_ID, COLUMN_NAME, COLUMN_TYPE, REPORT_COLUMN_NAME, PRODUCT_FIELD, FIELD_TYPE, ENTITY_LOOKUP, ENTITY_LOOKUP_KEY, ORDER_BY, GENERATOR, REFER_TABLE, KEY_COLUMN, LOOKUP_COLUMN, MANDATORY, MIN_LENGTH, MAX_LENGTH, MIN_VALUE, MAX_VALUE, CONSTANT_VALUE, UNIQUE_KEY, CREATE_USER, CREATED_ON, LINE_NO, MANAGED, FIELD_PATH, DATA_TYPE, DATA1, DATA2, TRANSITIVE_FIELDS, FORMULA, ENTITY_LOOKUP_TYPE)
VALUES ('a8b1f832606b46f4a9854c1ddf805612', 0, '2f668d4905df4f3da459a12dc62b3877', 'custHcl3Ref2', 'CUST_HCL3_REF2', 'NVARCHAR2(1000)', 'N/A', 0, 'string-l', '', '', '', '', '', '', '', 0, NULL, 1000, NULL, NULL, '', '', 'system', systimestamp, '85', 0, 'entity.vendorInvoiceCharges.custHcl3Ref2', '', '', '', '', '', '');
INSERT INTO CNT_FIELD_DEFINITION
 (ID, REVISION, PARENT_ID, FIELD_ID, COLUMN_NAME, COLUMN_TYPE, REPORT_COLUMN_NAME, PRODUCT_FIELD, FIELD_TYPE, ENTITY_LOOKUP, ENTITY_LOOKUP_KEY, ORDER_BY, GENERATOR, REFER_TABLE, KEY_COLUMN, LOOKUP_COLUMN, MANDATORY, MIN_LENGTH, MAX_LENGTH, MIN_VALUE, MAX_VALUE, CONSTANT_VALUE, UNIQUE_KEY, CREATE_USER, CREATED_ON, LINE_NO, MANAGED, FIELD_PATH, DATA_TYPE, DATA1, DATA2, TRANSITIVE_FIELDS, FORMULA, ENTITY_LOOKUP_TYPE)
VALUES ('2690a23e5a2747f39c420cd72f0c7b48', 0, '2f668d4905df4f3da459a12dc62b3877', 'custHcl3FullLineage', 'CUST_HCL3_FULL_LINEAGE', 'NVARCHAR2(1000)', 'N/A', 0, 'string-l', '', '', '', '', '', '', '', 0, NULL, 1000, NULL, NULL, '', '', 'system', systimestamp, '86', 0, 'entity.vendorInvoiceCharges.custHcl3FullLineage', '', '', '', '', '', '');
INSERT INTO CNT_FIELD_DEFINITION
 (ID, REVISION, PARENT_ID, FIELD_ID, COLUMN_NAME, COLUMN_TYPE, REPORT_COLUMN_NAME, PRODUCT_FIELD, FIELD_TYPE, ENTITY_LOOKUP, ENTITY_LOOKUP_KEY, ORDER_BY, GENERATOR, REFER_TABLE, KEY_COLUMN, LOOKUP_COLUMN, MANDATORY, MIN_LENGTH, MAX_LENGTH, MIN_VALUE, MAX_VALUE, CONSTANT_VALUE, UNIQUE_KEY, CREATE_USER, CREATED_ON, LINE_NO, MANAGED, FIELD_PATH, DATA_TYPE, DATA1, DATA2, TRANSITIVE_FIELDS, FORMULA, ENTITY_LOOKUP_TYPE)
VALUES ('3c117621200046248146bdcfe22f63c9', 0, '2f668d4905df4f3da459a12dc62b3877', 'custHcl4Ref', 'CUST_HCL4_REF', 'NVARCHAR2(1000)', 'N/A', 0, 'string-l', '', '', '', '', '', '', '', 0, NULL, 1000, NULL, NULL, '', '', 'system', systimestamp, '87', 0, 'entity.vendorInvoiceCharges.custHcl4Ref', '', '', '', '', '', '');
INSERT INTO CNT_FIELD_DEFINITION
 (ID, REVISION, PARENT_ID, FIELD_ID, COLUMN_NAME, COLUMN_TYPE, REPORT_COLUMN_NAME, PRODUCT_FIELD, FIELD_TYPE, ENTITY_LOOKUP, ENTITY_LOOKUP_KEY, ORDER_BY, GENERATOR, REFER_TABLE, KEY_COLUMN, LOOKUP_COLUMN, MANDATORY, MIN_LENGTH, MAX_LENGTH, MIN_VALUE, MAX_VALUE, CONSTANT_VALUE, UNIQUE_KEY, CREATE_USER, CREATED_ON, LINE_NO, MANAGED, FIELD_PATH, DATA_TYPE, DATA1, DATA2, TRANSITIVE_FIELDS, FORMULA, ENTITY_LOOKUP_TYPE)
VALUES ('29881327b11b42bfaf62aa3fdd210de4', 0, '2f668d4905df4f3da459a12dc62b3877', 'custHcl4Ver', 'CUST_HCL4_VER', 'NUMBER(20, 0)', 'N/A', 0, 'integer', '', '', '', '', '', '', '', 0, NULL, 18, NULL, NULL, '', '', 'system', systimestamp, '88', 0, 'entity.vendorInvoiceCharges.custHcl4Ver', '', '', '', '', '', '');
INSERT INTO CNT_FIELD_DEFINITION
 (ID, REVISION, PARENT_ID, FIELD_ID, COLUMN_NAME, COLUMN_TYPE, REPORT_COLUMN_NAME, PRODUCT_FIELD, FIELD_TYPE, ENTITY_LOOKUP, ENTITY_LOOKUP_KEY, ORDER_BY, GENERATOR, REFER_TABLE, KEY_COLUMN, LOOKUP_COLUMN, MANDATORY, MIN_LENGTH, MAX_LENGTH, MIN_VALUE, MAX_VALUE, CONSTANT_VALUE, UNIQUE_KEY, CREATE_USER, CREATED_ON, LINE_NO, MANAGED, FIELD_PATH, DATA_TYPE, DATA1, DATA2, TRANSITIVE_FIELDS, FORMULA, ENTITY_LOOKUP_TYPE)
VALUES ('15b941f4e345479e8f0acb48364e584e', 0, '2f668d4905df4f3da459a12dc62b3877', 'custHcl4Ref2', 'CUST_HCL4_REF2', 'NVARCHAR2(1000)', 'N/A', 0, 'string-l', '', '', '', '', '', '', '', 0, NULL, 1000, NULL, NULL, '', '', 'system', systimestamp, '89', 0, 'entity.vendorInvoiceCharges.custHcl4Ref2', '', '', '', '', '', '');
INSERT INTO CNT_FIELD_DEFINITION
 (ID, REVISION, PARENT_ID, FIELD_ID, COLUMN_NAME, COLUMN_TYPE, REPORT_COLUMN_NAME, PRODUCT_FIELD, FIELD_TYPE, ENTITY_LOOKUP, ENTITY_LOOKUP_KEY, ORDER_BY, GENERATOR, REFER_TABLE, KEY_COLUMN, LOOKUP_COLUMN, MANDATORY, MIN_LENGTH, MAX_LENGTH, MIN_VALUE, MAX_VALUE, CONSTANT_VALUE, UNIQUE_KEY, CREATE_USER, CREATED_ON, LINE_NO, MANAGED, FIELD_PATH, DATA_TYPE, DATA1, DATA2, TRANSITIVE_FIELDS, FORMULA, ENTITY_LOOKUP_TYPE)
VALUES ('0637e98d30aa47bcbf2e7e46cfb2fcd9', 0, '2f668d4905df4f3da459a12dc62b3877', 'custHcl4FullLineage', 'CUST_HCL4_FULL_LINEAGE', 'NVARCHAR2(1000)', 'N/A', 0, 'string-l', '', '', '', '', '', '', '', 0, NULL, 1000, NULL, NULL, '', '', 'system', systimestamp, '90', 0, 'entity.vendorInvoiceCharges.custHcl4FullLineage', '', '', '', '', '', '');
INSERT INTO CNT_FIELD_DEFINITION
 (ID, REVISION, PARENT_ID, FIELD_ID, COLUMN_NAME, COLUMN_TYPE, REPORT_COLUMN_NAME, PRODUCT_FIELD, FIELD_TYPE, ENTITY_LOOKUP, ENTITY_LOOKUP_KEY, ORDER_BY, GENERATOR, REFER_TABLE, KEY_COLUMN, LOOKUP_COLUMN, MANDATORY, MIN_LENGTH, MAX_LENGTH, MIN_VALUE, MAX_VALUE, CONSTANT_VALUE, UNIQUE_KEY, CREATE_USER, CREATED_ON, LINE_NO, MANAGED, FIELD_PATH, DATA_TYPE, DATA1, DATA2, TRANSITIVE_FIELDS, FORMULA, ENTITY_LOOKUP_TYPE)
VALUES ('3e56800190d048b0a4f7fe37f8b85c84', 0, '2f668d4905df4f3da459a12dc62b3877', 'custHcl5Ref', 'CUST_HCL5_REF', 'NVARCHAR2(1000)', 'N/A', 0, 'string-l', '', '', '', '', '', '', '', 0, NULL, 1000, NULL, NULL, '', '', 'system', systimestamp, '91', 0, 'entity.vendorInvoiceCharges.custHcl5Ref', '', '', '', '', '', '');
INSERT INTO CNT_FIELD_DEFINITION
 (ID, REVISION, PARENT_ID, FIELD_ID, COLUMN_NAME, COLUMN_TYPE, REPORT_COLUMN_NAME, PRODUCT_FIELD, FIELD_TYPE, ENTITY_LOOKUP, ENTITY_LOOKUP_KEY, ORDER_BY, GENERATOR, REFER_TABLE, KEY_COLUMN, LOOKUP_COLUMN, MANDATORY, MIN_LENGTH, MAX_LENGTH, MIN_VALUE, MAX_VALUE, CONSTANT_VALUE, UNIQUE_KEY, CREATE_USER, CREATED_ON, LINE_NO, MANAGED, FIELD_PATH, DATA_TYPE, DATA1, DATA2, TRANSITIVE_FIELDS, FORMULA, ENTITY_LOOKUP_TYPE)
VALUES ('3ff3dcb426f7487a8932eeede9cc111b', 0, '2f668d4905df4f3da459a12dc62b3877', 'custHcl5Ver', 'CUST_HCL5_VER', 'NUMBER(20, 0)', 'N/A', 0, 'integer', '', '', '', '', '', '', '', 0, NULL, 18, NULL, NULL, '', '', 'system', systimestamp, '92', 0, 'entity.vendorInvoiceCharges.custHcl5Ver', '', '', '', '', '', '');
INSERT INTO CNT_FIELD_DEFINITION
 (ID, REVISION, PARENT_ID, FIELD_ID, COLUMN_NAME, COLUMN_TYPE, REPORT_COLUMN_NAME, PRODUCT_FIELD, FIELD_TYPE, ENTITY_LOOKUP, ENTITY_LOOKUP_KEY, ORDER_BY, GENERATOR, REFER_TABLE, KEY_COLUMN, LOOKUP_COLUMN, MANDATORY, MIN_LENGTH, MAX_LENGTH, MIN_VALUE, MAX_VALUE, CONSTANT_VALUE, UNIQUE_KEY, CREATE_USER, CREATED_ON, LINE_NO, MANAGED, FIELD_PATH, DATA_TYPE, DATA1, DATA2, TRANSITIVE_FIELDS, FORMULA, ENTITY_LOOKUP_TYPE)
VALUES ('3c31883a5be543b682d5a48ab81770a5', 0, '2f668d4905df4f3da459a12dc62b3877', 'custHcl5Ref2', 'CUST_HCL5_REF2', 'NVARCHAR2(1000)', 'N/A', 0, 'string-l', '', '', '', '', '', '', '', 0, NULL, 1000, NULL, NULL, '', '', 'system', systimestamp, '93', 0, 'entity.vendorInvoiceCharges.custHcl5Ref2', '', '', '', '', '', '');
INSERT INTO CNT_FIELD_DEFINITION
 (ID, REVISION, PARENT_ID, FIELD_ID, COLUMN_NAME, COLUMN_TYPE, REPORT_COLUMN_NAME, PRODUCT_FIELD, FIELD_TYPE, ENTITY_LOOKUP, ENTITY_LOOKUP_KEY, ORDER_BY, GENERATOR, REFER_TABLE, KEY_COLUMN, LOOKUP_COLUMN, MANDATORY, MIN_LENGTH, MAX_LENGTH, MIN_VALUE, MAX_VALUE, CONSTANT_VALUE, UNIQUE_KEY, CREATE_USER, CREATED_ON, LINE_NO, MANAGED, FIELD_PATH, DATA_TYPE, DATA1, DATA2, TRANSITIVE_FIELDS, FORMULA, ENTITY_LOOKUP_TYPE)
VALUES ('8b5e47ab7b734fb193d3388803f8b339', 0, '2f668d4905df4f3da459a12dc62b3877', 'custHcl5FullLineage', 'CUST_HCL5_FULL_LINEAGE', 'NVARCHAR2(1000)', 'N/A', 0, 'string-l', '', '', '', '', '', '', '', 0, NULL, 1000, NULL, NULL, '', '', 'system', systimestamp, '94', 0, 'entity.vendorInvoiceCharges.custHcl5FullLineage', '', '', '', '', '', '');
INSERT INTO CNT_ENTITY_DEFINITION
 (ID, REVISION, ENTITY_NAME, ENTITY_VERSION, PRODUCT_TABLE_NAME, CUSTOM_TABLE_NAME, REPORT_TABLE_NAME, MODULE, TYPE, REVISION_TRACKING, VERSION_TRACKING, HISTORY_ENTITY_NAME, REF_PATTERN, SYSTEM_ENTITY, CREATE_USER, CREATED_ON, IS_FOR_EXTERNAL)
VALUES ('3a3b01f87c4947e68d068b7ef70f1ebf', 0, 'VendorInvoiceContact', 1, 'CNT_VI_CONTACT', 'CTM_VENDOR_INVOICE', 'VENDOR_INVOICE_CONTACT', 'vendorInvoice', 'inner', '', 'ALL', '', '${firstName} ${lastName}', 0, 'system', systimestamp, 0);
INSERT INTO CNT_FIELD_DEFINITION
 (ID, REVISION, PARENT_ID, FIELD_ID, COLUMN_NAME, COLUMN_TYPE, REPORT_COLUMN_NAME, PRODUCT_FIELD, FIELD_TYPE, ENTITY_LOOKUP, ENTITY_LOOKUP_KEY, ORDER_BY, GENERATOR, REFER_TABLE, KEY_COLUMN, LOOKUP_COLUMN, MANDATORY, MIN_LENGTH, MAX_LENGTH, MIN_VALUE, MAX_VALUE, CONSTANT_VALUE, UNIQUE_KEY, CREATE_USER, CREATED_ON, LINE_NO, MANAGED, FIELD_PATH, DATA_TYPE, DATA1, DATA2, TRANSITIVE_FIELDS, FORMULA, ENTITY_LOOKUP_TYPE)
VALUES ('187f3492df7c4430abb800a60a9d4e76', 0, '3a3b01f87c4947e68d068b7ef70f1ebf', 'id', 'ID', 'CHAR(32)', '', 1, 'id', '', '', '', 'com.core.cbx.data.generator.UUIDGenerator', '', '', '', 0, 32, 32, NULL, NULL, '', '', 'system', systimestamp, '0', 0, 'entity.vendorInvoiceContacts.id', '', '', '', '', '', '');
INSERT INTO CNT_FIELD_DEFINITION
 (ID, REVISION, PARENT_ID, FIELD_ID, COLUMN_NAME, COLUMN_TYPE, REPORT_COLUMN_NAME, PRODUCT_FIELD, FIELD_TYPE, ENTITY_LOOKUP, ENTITY_LOOKUP_KEY, ORDER_BY, GENERATOR, REFER_TABLE, KEY_COLUMN, LOOKUP_COLUMN, MANDATORY, MIN_LENGTH, MAX_LENGTH, MIN_VALUE, MAX_VALUE, CONSTANT_VALUE, UNIQUE_KEY, CREATE_USER, CREATED_ON, LINE_NO, MANAGED, FIELD_PATH, DATA_TYPE, DATA1, DATA2, TRANSITIVE_FIELDS, FORMULA, ENTITY_LOOKUP_TYPE)
VALUES ('7abdc6bb98eb4ac0837a72c910d7aaa9', 0, '3a3b01f87c4947e68d068b7ef70f1ebf', 'revision', 'REVISION', 'NUMBER(20, 0)', '', 1, 'integer', '', '', '', '', '', '', '', 0, NULL, 18, NULL, NULL, '', '', 'system', systimestamp, '1', 0, 'entity.vendorInvoiceContacts.revision', '', '', '', '', '', '');
INSERT INTO CNT_FIELD_DEFINITION
 (ID, REVISION, PARENT_ID, FIELD_ID, COLUMN_NAME, COLUMN_TYPE, REPORT_COLUMN_NAME, PRODUCT_FIELD, FIELD_TYPE, ENTITY_LOOKUP, ENTITY_LOOKUP_KEY, ORDER_BY, GENERATOR, REFER_TABLE, KEY_COLUMN, LOOKUP_COLUMN, MANDATORY, MIN_LENGTH, MAX_LENGTH, MIN_VALUE, MAX_VALUE, CONSTANT_VALUE, UNIQUE_KEY, CREATE_USER, CREATED_ON, LINE_NO, MANAGED, FIELD_PATH, DATA_TYPE, DATA1, DATA2, TRANSITIVE_FIELDS, FORMULA, ENTITY_LOOKUP_TYPE)
VALUES ('450722e80308483d959e8784d712e726', 0, '3a3b01f87c4947e68d068b7ef70f1ebf', 'entityVersion', 'ENTITY_VERSION', 'NUMBER(20, 0)', '', 1, 'integer', '', '', '', '', '', '', '', 0, NULL, 18, NULL, NULL, '', '', 'system', systimestamp, '2', 0, 'entity.vendorInvoiceContacts.entityVersion', '', '', '', '', '', '');
INSERT INTO CNT_FIELD_DEFINITION
 (ID, REVISION, PARENT_ID, FIELD_ID, COLUMN_NAME, COLUMN_TYPE, REPORT_COLUMN_NAME, PRODUCT_FIELD, FIELD_TYPE, ENTITY_LOOKUP, ENTITY_LOOKUP_KEY, ORDER_BY, GENERATOR, REFER_TABLE, KEY_COLUMN, LOOKUP_COLUMN, MANDATORY, MIN_LENGTH, MAX_LENGTH, MIN_VALUE, MAX_VALUE, CONSTANT_VALUE, UNIQUE_KEY, CREATE_USER, CREATED_ON, LINE_NO, MANAGED, FIELD_PATH, DATA_TYPE, DATA1, DATA2, TRANSITIVE_FIELDS, FORMULA, ENTITY_LOOKUP_TYPE)
VALUES ('f1b893076b294341bf3888e4192698bd', 0, '3a3b01f87c4947e68d068b7ef70f1ebf', 'domainId', 'DOMAIN_ID', 'NVARCHAR2(400)', '', 1, 'string-m', '', '', '', '', '', '', '', 0, NULL, 400, NULL, NULL, '', '', 'system', systimestamp, '3', 0, 'entity.vendorInvoiceContacts.domainId', '', '', '', '', '', '');
INSERT INTO CNT_FIELD_DEFINITION
 (ID, REVISION, PARENT_ID, FIELD_ID, COLUMN_NAME, COLUMN_TYPE, REPORT_COLUMN_NAME, PRODUCT_FIELD, FIELD_TYPE, ENTITY_LOOKUP, ENTITY_LOOKUP_KEY, ORDER_BY, GENERATOR, REFER_TABLE, KEY_COLUMN, LOOKUP_COLUMN, MANDATORY, MIN_LENGTH, MAX_LENGTH, MIN_VALUE, MAX_VALUE, CONSTANT_VALUE, UNIQUE_KEY, CREATE_USER, CREATED_ON, LINE_NO, MANAGED, FIELD_PATH, DATA_TYPE, DATA1, DATA2, TRANSITIVE_FIELDS, FORMULA, ENTITY_LOOKUP_TYPE)
VALUES ('08cdd1e827ec425bb76b01911320215a', 0, '3a3b01f87c4947e68d068b7ef70f1ebf', 'hubDomainId', 'HUB_DOMAIN_ID', 'NVARCHAR2(400)', '', 1, 'string-m', '', '', '', '', '', '', '', 0, NULL, 400, NULL, NULL, '', '', 'system', systimestamp, '4', 0, 'entity.vendorInvoiceContacts.hubDomainId', '', '', '', '', '', '');
INSERT INTO CNT_FIELD_DEFINITION
 (ID, REVISION, PARENT_ID, FIELD_ID, COLUMN_NAME, COLUMN_TYPE, REPORT_COLUMN_NAME, PRODUCT_FIELD, FIELD_TYPE, ENTITY_LOOKUP, ENTITY_LOOKUP_KEY, ORDER_BY, GENERATOR, REFER_TABLE, KEY_COLUMN, LOOKUP_COLUMN, MANDATORY, MIN_LENGTH, MAX_LENGTH, MIN_VALUE, MAX_VALUE, CONSTANT_VALUE, UNIQUE_KEY, CREATE_USER, CREATED_ON, LINE_NO, MANAGED, FIELD_PATH, DATA_TYPE, DATA1, DATA2, TRANSITIVE_FIELDS, FORMULA, ENTITY_LOOKUP_TYPE)
VALUES ('03c9bfd0dff84cee940cd7c50b0f850b', 0, '3a3b01f87c4947e68d068b7ef70f1ebf', 'isForReference', 'IS_FOR_REFERENCE', 'NUMBER(1,0)', '', 1, 'boolean', '', '', '', '', '', '', '', 0, NULL, NULL, NULL, NULL, '', '', 'system', systimestamp, '5', 0, 'entity.vendorInvoiceContacts.isForReference', '', '', '', '', '', '');
INSERT INTO CNT_FIELD_DEFINITION
 (ID, REVISION, PARENT_ID, FIELD_ID, COLUMN_NAME, COLUMN_TYPE, REPORT_COLUMN_NAME, PRODUCT_FIELD, FIELD_TYPE, ENTITY_LOOKUP, ENTITY_LOOKUP_KEY, ORDER_BY, GENERATOR, REFER_TABLE, KEY_COLUMN, LOOKUP_COLUMN, MANDATORY, MIN_LENGTH, MAX_LENGTH, MIN_VALUE, MAX_VALUE, CONSTANT_VALUE, UNIQUE_KEY, CREATE_USER, CREATED_ON, LINE_NO, MANAGED, FIELD_PATH, DATA_TYPE, DATA1, DATA2, TRANSITIVE_FIELDS, FORMULA, ENTITY_LOOKUP_TYPE)
VALUES ('d5eaaacc853f441bb80a03c15f49cf7c', 0, '3a3b01f87c4947e68d068b7ef70f1ebf', 'internalSeqNo', 'INTERNAL_SEQ_NO', 'NUMBER(20, 0)', 'n/a', 1, 'integer', '', '', '', '', '', '', '', 0, NULL, 18, NULL, NULL, '', '', 'system', systimestamp, '6', 0, 'entity.vendorInvoiceContacts.internalSeqNo', '', '', '', '', '', '');
INSERT INTO CNT_FIELD_DEFINITION
 (ID, REVISION, PARENT_ID, FIELD_ID, COLUMN_NAME, COLUMN_TYPE, REPORT_COLUMN_NAME, PRODUCT_FIELD, FIELD_TYPE, ENTITY_LOOKUP, ENTITY_LOOKUP_KEY, ORDER_BY, GENERATOR, REFER_TABLE, KEY_COLUMN, LOOKUP_COLUMN, MANDATORY, MIN_LENGTH, MAX_LENGTH, MIN_VALUE, MAX_VALUE, CONSTANT_VALUE, UNIQUE_KEY, CREATE_USER, CREATED_ON, LINE_NO, MANAGED, FIELD_PATH, DATA_TYPE, DATA1, DATA2, TRANSITIVE_FIELDS, FORMULA, ENTITY_LOOKUP_TYPE)
VALUES ('b8d9f5ab2d104b6891ed636660376712', 0, '3a3b01f87c4947e68d068b7ef70f1ebf', 'vendorInvoiceId', 'VENDOR_INVOICE_ID', 'CHAR(32)', 'VENDOR_INVOICE_SYS_ID', 1, 'id', '', '', '', '', '', '', '', 1, 32, 32, NULL, NULL, '', '', 'system', systimestamp, '7', 0, 'entity.vendorInvoiceContacts.vendorInvoiceId', '', '', '', '', '', '');
INSERT INTO CNT_FIELD_DEFINITION
 (ID, REVISION, PARENT_ID, FIELD_ID, COLUMN_NAME, COLUMN_TYPE, REPORT_COLUMN_NAME, PRODUCT_FIELD, FIELD_TYPE, ENTITY_LOOKUP, ENTITY_LOOKUP_KEY, ORDER_BY, GENERATOR, REFER_TABLE, KEY_COLUMN, LOOKUP_COLUMN, MANDATORY, MIN_LENGTH, MAX_LENGTH, MIN_VALUE, MAX_VALUE, CONSTANT_VALUE, UNIQUE_KEY, CREATE_USER, CREATED_ON, LINE_NO, MANAGED, FIELD_PATH, DATA_TYPE, DATA1, DATA2, TRANSITIVE_FIELDS, FORMULA, ENTITY_LOOKUP_TYPE)
VALUES ('0dc3e8aad842449883942e382453dd13', 0, '3a3b01f87c4947e68d068b7ef70f1ebf', 'title', 'TITLE', 'NVARCHAR2(400)', 'TITLE', 1, 'string-m', '', '', '', '', '', '', '', 0, NULL, 400, NULL, NULL, '', '', 'system', systimestamp, '8', 0, 'entity.vendorInvoiceContacts.title', 'codelist', 'SALUTATION', '', '', '', '');
INSERT INTO CNT_FIELD_DEFINITION
 (ID, REVISION, PARENT_ID, FIELD_ID, COLUMN_NAME, COLUMN_TYPE, REPORT_COLUMN_NAME, PRODUCT_FIELD, FIELD_TYPE, ENTITY_LOOKUP, ENTITY_LOOKUP_KEY, ORDER_BY, GENERATOR, REFER_TABLE, KEY_COLUMN, LOOKUP_COLUMN, MANDATORY, MIN_LENGTH, MAX_LENGTH, MIN_VALUE, MAX_VALUE, CONSTANT_VALUE, UNIQUE_KEY, CREATE_USER, CREATED_ON, LINE_NO, MANAGED, FIELD_PATH, DATA_TYPE, DATA1, DATA2, TRANSITIVE_FIELDS, FORMULA, ENTITY_LOOKUP_TYPE)
VALUES ('1d1f3a4932d0465c8a319847d4ae824d', 0, '3a3b01f87c4947e68d068b7ef70f1ebf', 'firstName', 'FIRST_NAME', 'NVARCHAR2(400)', 'FIRST_NAME', 1, 'string-m', '', '', '', '', '', '', '', 0, NULL, 400, NULL, NULL, '', '', 'system', systimestamp, '9', 0, 'entity.vendorInvoiceContacts.firstName', '', '', '', '', 'refNo', '');
INSERT INTO CNT_FIELD_DEFINITION
 (ID, REVISION, PARENT_ID, FIELD_ID, COLUMN_NAME, COLUMN_TYPE, REPORT_COLUMN_NAME, PRODUCT_FIELD, FIELD_TYPE, ENTITY_LOOKUP, ENTITY_LOOKUP_KEY, ORDER_BY, GENERATOR, REFER_TABLE, KEY_COLUMN, LOOKUP_COLUMN, MANDATORY, MIN_LENGTH, MAX_LENGTH, MIN_VALUE, MAX_VALUE, CONSTANT_VALUE, UNIQUE_KEY, CREATE_USER, CREATED_ON, LINE_NO, MANAGED, FIELD_PATH, DATA_TYPE, DATA1, DATA2, TRANSITIVE_FIELDS, FORMULA, ENTITY_LOOKUP_TYPE)
VALUES ('ac9746be25d54606b1a0038fb514c3f0', 0, '3a3b01f87c4947e68d068b7ef70f1ebf', 'lastName', 'LAST_NAME', 'NVARCHAR2(400)', 'LAST_NAME', 1, 'string-m', '', '', '', '', '', '', '', 0, NULL, 400, NULL, NULL, '', '', 'system', systimestamp, '10', 0, 'entity.vendorInvoiceContacts.lastName', '', '', '', '', '', '');
INSERT INTO CNT_FIELD_DEFINITION
 (ID, REVISION, PARENT_ID, FIELD_ID, COLUMN_NAME, COLUMN_TYPE, REPORT_COLUMN_NAME, PRODUCT_FIELD, FIELD_TYPE, ENTITY_LOOKUP, ENTITY_LOOKUP_KEY, ORDER_BY, GENERATOR, REFER_TABLE, KEY_COLUMN, LOOKUP_COLUMN, MANDATORY, MIN_LENGTH, MAX_LENGTH, MIN_VALUE, MAX_VALUE, CONSTANT_VALUE, UNIQUE_KEY, CREATE_USER, CREATED_ON, LINE_NO, MANAGED, FIELD_PATH, DATA_TYPE, DATA1, DATA2, TRANSITIVE_FIELDS, FORMULA, ENTITY_LOOKUP_TYPE)
VALUES ('526208cb5d53436cbe959bb2be870e41', 0, '3a3b01f87c4947e68d068b7ef70f1ebf', 'position', 'POSITION', 'NVARCHAR2(400)', 'POSITION', 1, 'string-m', '', '', '', '', '', '', '', 0, NULL, 400, NULL, NULL, '', '', 'system', systimestamp, '11', 0, 'entity.vendorInvoiceContacts.position', '', '', '', '', '', '');
INSERT INTO CNT_FIELD_DEFINITION
 (ID, REVISION, PARENT_ID, FIELD_ID, COLUMN_NAME, COLUMN_TYPE, REPORT_COLUMN_NAME, PRODUCT_FIELD, FIELD_TYPE, ENTITY_LOOKUP, ENTITY_LOOKUP_KEY, ORDER_BY, GENERATOR, REFER_TABLE, KEY_COLUMN, LOOKUP_COLUMN, MANDATORY, MIN_LENGTH, MAX_LENGTH, MIN_VALUE, MAX_VALUE, CONSTANT_VALUE, UNIQUE_KEY, CREATE_USER, CREATED_ON, LINE_NO, MANAGED, FIELD_PATH, DATA_TYPE, DATA1, DATA2, TRANSITIVE_FIELDS, FORMULA, ENTITY_LOOKUP_TYPE)
VALUES ('858e55f38da747ba9876ee8f76f03bbe', 0, '3a3b01f87c4947e68d068b7ef70f1ebf', 'department', 'DEPARTMENT', 'NVARCHAR2(400)', 'DEPARTMENT', 1, 'string-m', '', '', '', '', '', '', '', 0, NULL, 400, NULL, NULL, '', '', 'system', systimestamp, '12', 0, 'entity.vendorInvoiceContacts.department', '', '', '', '', '', '');
INSERT INTO CNT_FIELD_DEFINITION
 (ID, REVISION, PARENT_ID, FIELD_ID, COLUMN_NAME, COLUMN_TYPE, REPORT_COLUMN_NAME, PRODUCT_FIELD, FIELD_TYPE, ENTITY_LOOKUP, ENTITY_LOOKUP_KEY, ORDER_BY, GENERATOR, REFER_TABLE, KEY_COLUMN, LOOKUP_COLUMN, MANDATORY, MIN_LENGTH, MAX_LENGTH, MIN_VALUE, MAX_VALUE, CONSTANT_VALUE, UNIQUE_KEY, CREATE_USER, CREATED_ON, LINE_NO, MANAGED, FIELD_PATH, DATA_TYPE, DATA1, DATA2, TRANSITIVE_FIELDS, FORMULA, ENTITY_LOOKUP_TYPE)
VALUES ('311a9fbe8e29451baed69573ffe588f8', 0, '3a3b01f87c4947e68d068b7ef70f1ebf', 'telNo', 'TEL_NO', 'NVARCHAR2(400)', 'PHONE', 1, 'string-m', '', '', '', '', '', '', '', 0, NULL, 400, NULL, NULL, '', '', 'system', systimestamp, '13', 0, 'entity.vendorInvoiceContacts.telNo', '', '', '', '', '', '');
INSERT INTO CNT_FIELD_DEFINITION
 (ID, REVISION, PARENT_ID, FIELD_ID, COLUMN_NAME, COLUMN_TYPE, REPORT_COLUMN_NAME, PRODUCT_FIELD, FIELD_TYPE, ENTITY_LOOKUP, ENTITY_LOOKUP_KEY, ORDER_BY, GENERATOR, REFER_TABLE, KEY_COLUMN, LOOKUP_COLUMN, MANDATORY, MIN_LENGTH, MAX_LENGTH, MIN_VALUE, MAX_VALUE, CONSTANT_VALUE, UNIQUE_KEY, CREATE_USER, CREATED_ON, LINE_NO, MANAGED, FIELD_PATH, DATA_TYPE, DATA1, DATA2, TRANSITIVE_FIELDS, FORMULA, ENTITY_LOOKUP_TYPE)
VALUES ('d13f20b42d9d4646b4dc5008d63dd71a', 0, '3a3b01f87c4947e68d068b7ef70f1ebf', 'mobileNo', 'MOBILE_NO', 'NVARCHAR2(400)', 'MOBILE', 1, 'string-m', '', '', '', '', '', '', '', 0, NULL, 400, NULL, NULL, '', '', 'system', systimestamp, '14', 0, 'entity.vendorInvoiceContacts.mobileNo', '', '', '', '', '', '');
INSERT INTO CNT_FIELD_DEFINITION
 (ID, REVISION, PARENT_ID, FIELD_ID, COLUMN_NAME, COLUMN_TYPE, REPORT_COLUMN_NAME, PRODUCT_FIELD, FIELD_TYPE, ENTITY_LOOKUP, ENTITY_LOOKUP_KEY, ORDER_BY, GENERATOR, REFER_TABLE, KEY_COLUMN, LOOKUP_COLUMN, MANDATORY, MIN_LENGTH, MAX_LENGTH, MIN_VALUE, MAX_VALUE, CONSTANT_VALUE, UNIQUE_KEY, CREATE_USER, CREATED_ON, LINE_NO, MANAGED, FIELD_PATH, DATA_TYPE, DATA1, DATA2, TRANSITIVE_FIELDS, FORMULA, ENTITY_LOOKUP_TYPE)
VALUES ('99c5703f33e44a4cac2e5be4ed2f944b', 0, '3a3b01f87c4947e68d068b7ef70f1ebf', 'faxNo', 'FAX_NO', 'NVARCHAR2(400)', 'FAX', 1, 'string-m', '', '', '', '', '', '', '', 0, NULL, 400, NULL, NULL, '', '', 'system', systimestamp, '15', 0, 'entity.vendorInvoiceContacts.faxNo', '', '', '', '', '', '');
INSERT INTO CNT_FIELD_DEFINITION
 (ID, REVISION, PARENT_ID, FIELD_ID, COLUMN_NAME, COLUMN_TYPE, REPORT_COLUMN_NAME, PRODUCT_FIELD, FIELD_TYPE, ENTITY_LOOKUP, ENTITY_LOOKUP_KEY, ORDER_BY, GENERATOR, REFER_TABLE, KEY_COLUMN, LOOKUP_COLUMN, MANDATORY, MIN_LENGTH, MAX_LENGTH, MIN_VALUE, MAX_VALUE, CONSTANT_VALUE, UNIQUE_KEY, CREATE_USER, CREATED_ON, LINE_NO, MANAGED, FIELD_PATH, DATA_TYPE, DATA1, DATA2, TRANSITIVE_FIELDS, FORMULA, ENTITY_LOOKUP_TYPE)
VALUES ('fa7e8bb6d3614bd7990c38a24386312e', 0, '3a3b01f87c4947e68d068b7ef70f1ebf', 'email', 'EMAIL', 'NVARCHAR2(400)', 'EMAIL', 1, 'string-m', '', '', '', '', '', '', '', 0, NULL, 400, NULL, NULL, '', '', 'system', systimestamp, '16', 0, 'entity.vendorInvoiceContacts.email', '', '', '', '', '', '');
INSERT INTO CNT_FIELD_DEFINITION
 (ID, REVISION, PARENT_ID, FIELD_ID, COLUMN_NAME, COLUMN_TYPE, REPORT_COLUMN_NAME, PRODUCT_FIELD, FIELD_TYPE, ENTITY_LOOKUP, ENTITY_LOOKUP_KEY, ORDER_BY, GENERATOR, REFER_TABLE, KEY_COLUMN, LOOKUP_COLUMN, MANDATORY, MIN_LENGTH, MAX_LENGTH, MIN_VALUE, MAX_VALUE, CONSTANT_VALUE, UNIQUE_KEY, CREATE_USER, CREATED_ON, LINE_NO, MANAGED, FIELD_PATH, DATA_TYPE, DATA1, DATA2, TRANSITIVE_FIELDS, FORMULA, ENTITY_LOOKUP_TYPE)
VALUES ('c9e0619bb4a64f148a01b05e8a5d22cd', 0, '3a3b01f87c4947e68d068b7ef70f1ebf', 'contactTypes', 'CONTACT_TYPES', '', '', 1, 'selection', 'SelectionField', 'parentId', '', '', '', '', '', 0, NULL, NULL, NULL, NULL, '', '', 'system', systimestamp, '17', 0, 'entity.vendorInvoiceContacts.contactTypes', '', '', '', '', '', '');
INSERT INTO CNT_FIELD_DEFINITION
 (ID, REVISION, PARENT_ID, FIELD_ID, COLUMN_NAME, COLUMN_TYPE, REPORT_COLUMN_NAME, PRODUCT_FIELD, FIELD_TYPE, ENTITY_LOOKUP, ENTITY_LOOKUP_KEY, ORDER_BY, GENERATOR, REFER_TABLE, KEY_COLUMN, LOOKUP_COLUMN, MANDATORY, MIN_LENGTH, MAX_LENGTH, MIN_VALUE, MAX_VALUE, CONSTANT_VALUE, UNIQUE_KEY, CREATE_USER, CREATED_ON, LINE_NO, MANAGED, FIELD_PATH, DATA_TYPE, DATA1, DATA2, TRANSITIVE_FIELDS, FORMULA, ENTITY_LOOKUP_TYPE)
VALUES ('9eb9576bcba2471ab4fe6f789abdb059', 0, '3a3b01f87c4947e68d068b7ef70f1ebf', 'refNo', 'REF_NO', 'NVARCHAR2(1000)', '', 1, 'string-l', '', '', '', '', '', '', '', 0, NULL, 1000, NULL, NULL, '', '', 'system', systimestamp, '18', 0, 'entity.vendorInvoiceContacts.refNo', '', '', '', '', '', '');
INSERT INTO CNT_FIELD_DEFINITION
 (ID, REVISION, PARENT_ID, FIELD_ID, COLUMN_NAME, COLUMN_TYPE, REPORT_COLUMN_NAME, PRODUCT_FIELD, FIELD_TYPE, ENTITY_LOOKUP, ENTITY_LOOKUP_KEY, ORDER_BY, GENERATOR, REFER_TABLE, KEY_COLUMN, LOOKUP_COLUMN, MANDATORY, MIN_LENGTH, MAX_LENGTH, MIN_VALUE, MAX_VALUE, CONSTANT_VALUE, UNIQUE_KEY, CREATE_USER, CREATED_ON, LINE_NO, MANAGED, FIELD_PATH, DATA_TYPE, DATA1, DATA2, TRANSITIVE_FIELDS, FORMULA, ENTITY_LOOKUP_TYPE)
VALUES ('be9bb37da353403abd15601078ed317d', 0, '3a3b01f87c4947e68d068b7ef70f1ebf', 'custText1', 'CUST_TEXT1', 'NVARCHAR2(1000)', 'CUSTOM_FIELD_TEXT1', 0, 'string-l', '', '', '', '', '', '', '', 0, NULL, 1000, NULL, NULL, '', '', 'system', systimestamp, '19', 0, 'entity.vendorInvoiceContacts.custText1', '', '', '', '', '', '');
INSERT INTO CNT_FIELD_DEFINITION
 (ID, REVISION, PARENT_ID, FIELD_ID, COLUMN_NAME, COLUMN_TYPE, REPORT_COLUMN_NAME, PRODUCT_FIELD, FIELD_TYPE, ENTITY_LOOKUP, ENTITY_LOOKUP_KEY, ORDER_BY, GENERATOR, REFER_TABLE, KEY_COLUMN, LOOKUP_COLUMN, MANDATORY, MIN_LENGTH, MAX_LENGTH, MIN_VALUE, MAX_VALUE, CONSTANT_VALUE, UNIQUE_KEY, CREATE_USER, CREATED_ON, LINE_NO, MANAGED, FIELD_PATH, DATA_TYPE, DATA1, DATA2, TRANSITIVE_FIELDS, FORMULA, ENTITY_LOOKUP_TYPE)
VALUES ('a99bc82fc1a5496d91d99564e3011a20', 0, '3a3b01f87c4947e68d068b7ef70f1ebf', 'custText2', 'CUST_TEXT2', 'NVARCHAR2(1000)', 'CUSTOM_FIELD_TEXT2', 0, 'string-l', '', '', '', '', '', '', '', 0, NULL, 1000, NULL, NULL, '', '', 'system', systimestamp, '20', 0, 'entity.vendorInvoiceContacts.custText2', '', '', '', '', '', '');
INSERT INTO CNT_FIELD_DEFINITION
 (ID, REVISION, PARENT_ID, FIELD_ID, COLUMN_NAME, COLUMN_TYPE, REPORT_COLUMN_NAME, PRODUCT_FIELD, FIELD_TYPE, ENTITY_LOOKUP, ENTITY_LOOKUP_KEY, ORDER_BY, GENERATOR, REFER_TABLE, KEY_COLUMN, LOOKUP_COLUMN, MANDATORY, MIN_LENGTH, MAX_LENGTH, MIN_VALUE, MAX_VALUE, CONSTANT_VALUE, UNIQUE_KEY, CREATE_USER, CREATED_ON, LINE_NO, MANAGED, FIELD_PATH, DATA_TYPE, DATA1, DATA2, TRANSITIVE_FIELDS, FORMULA, ENTITY_LOOKUP_TYPE)
VALUES ('b4f62b8977e6411a8e9b5cfb2fd82510', 0, '3a3b01f87c4947e68d068b7ef70f1ebf', 'custText3', 'CUST_TEXT3', 'NVARCHAR2(1000)', 'CUSTOM_FIELD_TEXT3', 0, 'string-l', '', '', '', '', '', '', '', 0, NULL, 1000, NULL, NULL, '', '', 'system', systimestamp, '21', 0, 'entity.vendorInvoiceContacts.custText3', '', '', '', '', '', '');
INSERT INTO CNT_FIELD_DEFINITION
 (ID, REVISION, PARENT_ID, FIELD_ID, COLUMN_NAME, COLUMN_TYPE, REPORT_COLUMN_NAME, PRODUCT_FIELD, FIELD_TYPE, ENTITY_LOOKUP, ENTITY_LOOKUP_KEY, ORDER_BY, GENERATOR, REFER_TABLE, KEY_COLUMN, LOOKUP_COLUMN, MANDATORY, MIN_LENGTH, MAX_LENGTH, MIN_VALUE, MAX_VALUE, CONSTANT_VALUE, UNIQUE_KEY, CREATE_USER, CREATED_ON, LINE_NO, MANAGED, FIELD_PATH, DATA_TYPE, DATA1, DATA2, TRANSITIVE_FIELDS, FORMULA, ENTITY_LOOKUP_TYPE)
VALUES ('3f07dd12e8ce4bb9bac43922cbc449e3', 0, '3a3b01f87c4947e68d068b7ef70f1ebf', 'custText4', 'CUST_TEXT4', 'NVARCHAR2(1000)', 'CUSTOM_FIELD_TEXT4', 0, 'string-l', '', '', '', '', '', '', '', 0, NULL, 1000, NULL, NULL, '', '', 'system', systimestamp, '22', 0, 'entity.vendorInvoiceContacts.custText4', '', '', '', '', '', '');
INSERT INTO CNT_FIELD_DEFINITION
 (ID, REVISION, PARENT_ID, FIELD_ID, COLUMN_NAME, COLUMN_TYPE, REPORT_COLUMN_NAME, PRODUCT_FIELD, FIELD_TYPE, ENTITY_LOOKUP, ENTITY_LOOKUP_KEY, ORDER_BY, GENERATOR, REFER_TABLE, KEY_COLUMN, LOOKUP_COLUMN, MANDATORY, MIN_LENGTH, MAX_LENGTH, MIN_VALUE, MAX_VALUE, CONSTANT_VALUE, UNIQUE_KEY, CREATE_USER, CREATED_ON, LINE_NO, MANAGED, FIELD_PATH, DATA_TYPE, DATA1, DATA2, TRANSITIVE_FIELDS, FORMULA, ENTITY_LOOKUP_TYPE)
VALUES ('3b22b862483b4a9b9363d862bfa061ea', 0, '3a3b01f87c4947e68d068b7ef70f1ebf', 'custText5', 'CUST_TEXT5', 'NVARCHAR2(1000)', 'CUSTOM_FIELD_TEXT5', 0, 'string-l', '', '', '', '', '', '', '', 0, NULL, 1000, NULL, NULL, '', '', 'system', systimestamp, '23', 0, 'entity.vendorInvoiceContacts.custText5', '', '', '', '', '', '');
INSERT INTO CNT_FIELD_DEFINITION
 (ID, REVISION, PARENT_ID, FIELD_ID, COLUMN_NAME, COLUMN_TYPE, REPORT_COLUMN_NAME, PRODUCT_FIELD, FIELD_TYPE, ENTITY_LOOKUP, ENTITY_LOOKUP_KEY, ORDER_BY, GENERATOR, REFER_TABLE, KEY_COLUMN, LOOKUP_COLUMN, MANDATORY, MIN_LENGTH, MAX_LENGTH, MIN_VALUE, MAX_VALUE, CONSTANT_VALUE, UNIQUE_KEY, CREATE_USER, CREATED_ON, LINE_NO, MANAGED, FIELD_PATH, DATA_TYPE, DATA1, DATA2, TRANSITIVE_FIELDS, FORMULA, ENTITY_LOOKUP_TYPE)
VALUES ('b47dabf1362545229ef73645e1cc3578', 0, '3a3b01f87c4947e68d068b7ef70f1ebf', 'custText6', 'CUST_TEXT6', 'NVARCHAR2(1000)', 'CUSTOM_FIELD_TEXT6', 0, 'string-l', '', '', '', '', '', '', '', 0, NULL, 1000, NULL, NULL, '', '', 'system', systimestamp, '24', 0, 'entity.vendorInvoiceContacts.custText6', '', '', '', '', '', '');
INSERT INTO CNT_FIELD_DEFINITION
 (ID, REVISION, PARENT_ID, FIELD_ID, COLUMN_NAME, COLUMN_TYPE, REPORT_COLUMN_NAME, PRODUCT_FIELD, FIELD_TYPE, ENTITY_LOOKUP, ENTITY_LOOKUP_KEY, ORDER_BY, GENERATOR, REFER_TABLE, KEY_COLUMN, LOOKUP_COLUMN, MANDATORY, MIN_LENGTH, MAX_LENGTH, MIN_VALUE, MAX_VALUE, CONSTANT_VALUE, UNIQUE_KEY, CREATE_USER, CREATED_ON, LINE_NO, MANAGED, FIELD_PATH, DATA_TYPE, DATA1, DATA2, TRANSITIVE_FIELDS, FORMULA, ENTITY_LOOKUP_TYPE)
VALUES ('8edc10e5cfa34ed98c0211ce4d3c5109', 0, '3a3b01f87c4947e68d068b7ef70f1ebf', 'custText7', 'CUST_TEXT7', 'NVARCHAR2(1000)', 'CUSTOM_FIELD_TEXT7', 0, 'string-l', '', '', '', '', '', '', '', 0, NULL, 1000, NULL, NULL, '', '', 'system', systimestamp, '25', 0, 'entity.vendorInvoiceContacts.custText7', '', '', '', '', '', '');
INSERT INTO CNT_FIELD_DEFINITION
 (ID, REVISION, PARENT_ID, FIELD_ID, COLUMN_NAME, COLUMN_TYPE, REPORT_COLUMN_NAME, PRODUCT_FIELD, FIELD_TYPE, ENTITY_LOOKUP, ENTITY_LOOKUP_KEY, ORDER_BY, GENERATOR, REFER_TABLE, KEY_COLUMN, LOOKUP_COLUMN, MANDATORY, MIN_LENGTH, MAX_LENGTH, MIN_VALUE, MAX_VALUE, CONSTANT_VALUE, UNIQUE_KEY, CREATE_USER, CREATED_ON, LINE_NO, MANAGED, FIELD_PATH, DATA_TYPE, DATA1, DATA2, TRANSITIVE_FIELDS, FORMULA, ENTITY_LOOKUP_TYPE)
VALUES ('5a5149c6c9a84807901c74fb8465c2be', 0, '3a3b01f87c4947e68d068b7ef70f1ebf', 'custDate1', 'CUST_DATE1', 'DATE', 'CUSTOM_FIELD_DATE1', 0, 'date', '', '', '', '', '', '', '', 0, NULL, NULL, NULL, NULL, '', '', 'system', systimestamp, '26', 0, 'entity.vendorInvoiceContacts.custDate1', '', '', '', '', '', '');
INSERT INTO CNT_FIELD_DEFINITION
 (ID, REVISION, PARENT_ID, FIELD_ID, COLUMN_NAME, COLUMN_TYPE, REPORT_COLUMN_NAME, PRODUCT_FIELD, FIELD_TYPE, ENTITY_LOOKUP, ENTITY_LOOKUP_KEY, ORDER_BY, GENERATOR, REFER_TABLE, KEY_COLUMN, LOOKUP_COLUMN, MANDATORY, MIN_LENGTH, MAX_LENGTH, MIN_VALUE, MAX_VALUE, CONSTANT_VALUE, UNIQUE_KEY, CREATE_USER, CREATED_ON, LINE_NO, MANAGED, FIELD_PATH, DATA_TYPE, DATA1, DATA2, TRANSITIVE_FIELDS, FORMULA, ENTITY_LOOKUP_TYPE)
VALUES ('cc230f77d2e146b48c97dee67f977df4', 0, '3a3b01f87c4947e68d068b7ef70f1ebf', 'custDate2', 'CUST_DATE2', 'DATE', 'CUSTOM_FIELD_DATE2', 0, 'date', '', '', '', '', '', '', '', 0, NULL, NULL, NULL, NULL, '', '', 'system', systimestamp, '27', 0, 'entity.vendorInvoiceContacts.custDate2', '', '', '', '', '', '');
INSERT INTO CNT_FIELD_DEFINITION
 (ID, REVISION, PARENT_ID, FIELD_ID, COLUMN_NAME, COLUMN_TYPE, REPORT_COLUMN_NAME, PRODUCT_FIELD, FIELD_TYPE, ENTITY_LOOKUP, ENTITY_LOOKUP_KEY, ORDER_BY, GENERATOR, REFER_TABLE, KEY_COLUMN, LOOKUP_COLUMN, MANDATORY, MIN_LENGTH, MAX_LENGTH, MIN_VALUE, MAX_VALUE, CONSTANT_VALUE, UNIQUE_KEY, CREATE_USER, CREATED_ON, LINE_NO, MANAGED, FIELD_PATH, DATA_TYPE, DATA1, DATA2, TRANSITIVE_FIELDS, FORMULA, ENTITY_LOOKUP_TYPE)
VALUES ('34763abbdf854b3f941c1733933915df', 0, '3a3b01f87c4947e68d068b7ef70f1ebf', 'custDate3', 'CUST_DATE3', 'DATE', 'CUSTOM_FIELD_DATE3', 0, 'date', '', '', '', '', '', '', '', 0, NULL, NULL, NULL, NULL, '', '', 'system', systimestamp, '28', 0, 'entity.vendorInvoiceContacts.custDate3', '', '', '', '', '', '');
INSERT INTO CNT_FIELD_DEFINITION
 (ID, REVISION, PARENT_ID, FIELD_ID, COLUMN_NAME, COLUMN_TYPE, REPORT_COLUMN_NAME, PRODUCT_FIELD, FIELD_TYPE, ENTITY_LOOKUP, ENTITY_LOOKUP_KEY, ORDER_BY, GENERATOR, REFER_TABLE, KEY_COLUMN, LOOKUP_COLUMN, MANDATORY, MIN_LENGTH, MAX_LENGTH, MIN_VALUE, MAX_VALUE, CONSTANT_VALUE, UNIQUE_KEY, CREATE_USER, CREATED_ON, LINE_NO, MANAGED, FIELD_PATH, DATA_TYPE, DATA1, DATA2, TRANSITIVE_FIELDS, FORMULA, ENTITY_LOOKUP_TYPE)
VALUES ('3f72d99cc6bd492e9258a4f81055d875', 0, '3a3b01f87c4947e68d068b7ef70f1ebf', 'custDate4', 'CUST_DATE4', 'DATE', 'CUSTOM_FIELD_DATE4', 0, 'date', '', '', '', '', '', '', '', 0, NULL, NULL, NULL, NULL, '', '', 'system', systimestamp, '29', 0, 'entity.vendorInvoiceContacts.custDate4', '', '', '', '', '', '');
INSERT INTO CNT_FIELD_DEFINITION
 (ID, REVISION, PARENT_ID, FIELD_ID, COLUMN_NAME, COLUMN_TYPE, REPORT_COLUMN_NAME, PRODUCT_FIELD, FIELD_TYPE, ENTITY_LOOKUP, ENTITY_LOOKUP_KEY, ORDER_BY, GENERATOR, REFER_TABLE, KEY_COLUMN, LOOKUP_COLUMN, MANDATORY, MIN_LENGTH, MAX_LENGTH, MIN_VALUE, MAX_VALUE, CONSTANT_VALUE, UNIQUE_KEY, CREATE_USER, CREATED_ON, LINE_NO, MANAGED, FIELD_PATH, DATA_TYPE, DATA1, DATA2, TRANSITIVE_FIELDS, FORMULA, ENTITY_LOOKUP_TYPE)
VALUES ('4e4116ede65c4370b08660bef4f09997', 0, '3a3b01f87c4947e68d068b7ef70f1ebf', 'custDate5', 'CUST_DATE5', 'DATE', 'CUSTOM_FIELD_DATE5', 0, 'date', '', '', '', '', '', '', '', 0, NULL, NULL, NULL, NULL, '', '', 'system', systimestamp, '30', 0, 'entity.vendorInvoiceContacts.custDate5', '', '', '', '', '', '');
INSERT INTO CNT_FIELD_DEFINITION
 (ID, REVISION, PARENT_ID, FIELD_ID, COLUMN_NAME, COLUMN_TYPE, REPORT_COLUMN_NAME, PRODUCT_FIELD, FIELD_TYPE, ENTITY_LOOKUP, ENTITY_LOOKUP_KEY, ORDER_BY, GENERATOR, REFER_TABLE, KEY_COLUMN, LOOKUP_COLUMN, MANDATORY, MIN_LENGTH, MAX_LENGTH, MIN_VALUE, MAX_VALUE, CONSTANT_VALUE, UNIQUE_KEY, CREATE_USER, CREATED_ON, LINE_NO, MANAGED, FIELD_PATH, DATA_TYPE, DATA1, DATA2, TRANSITIVE_FIELDS, FORMULA, ENTITY_LOOKUP_TYPE)
VALUES ('264cbe5718b14aa2996a938a6e3fdf60', 0, '3a3b01f87c4947e68d068b7ef70f1ebf', 'custDate6', 'CUST_DATE6', 'DATE', 'CUSTOM_FIELD_DATE6', 0, 'date', '', '', '', '', '', '', '', 0, NULL, NULL, NULL, NULL, '', '', 'system', systimestamp, '31', 0, 'entity.vendorInvoiceContacts.custDate6', '', '', '', '', '', '');
INSERT INTO CNT_FIELD_DEFINITION
 (ID, REVISION, PARENT_ID, FIELD_ID, COLUMN_NAME, COLUMN_TYPE, REPORT_COLUMN_NAME, PRODUCT_FIELD, FIELD_TYPE, ENTITY_LOOKUP, ENTITY_LOOKUP_KEY, ORDER_BY, GENERATOR, REFER_TABLE, KEY_COLUMN, LOOKUP_COLUMN, MANDATORY, MIN_LENGTH, MAX_LENGTH, MIN_VALUE, MAX_VALUE, CONSTANT_VALUE, UNIQUE_KEY, CREATE_USER, CREATED_ON, LINE_NO, MANAGED, FIELD_PATH, DATA_TYPE, DATA1, DATA2, TRANSITIVE_FIELDS, FORMULA, ENTITY_LOOKUP_TYPE)
VALUES ('8f090e9824a34a50bf9c94ad063bbd03', 0, '3a3b01f87c4947e68d068b7ef70f1ebf', 'custDate7', 'CUST_DATE7', 'DATE', 'CUSTOM_FIELD_DATE7', 0, 'date', '', '', '', '', '', '', '', 0, NULL, NULL, NULL, NULL, '', '', 'system', systimestamp, '32', 0, 'entity.vendorInvoiceContacts.custDate7', '', '', '', '', '', '');
INSERT INTO CNT_FIELD_DEFINITION
 (ID, REVISION, PARENT_ID, FIELD_ID, COLUMN_NAME, COLUMN_TYPE, REPORT_COLUMN_NAME, PRODUCT_FIELD, FIELD_TYPE, ENTITY_LOOKUP, ENTITY_LOOKUP_KEY, ORDER_BY, GENERATOR, REFER_TABLE, KEY_COLUMN, LOOKUP_COLUMN, MANDATORY, MIN_LENGTH, MAX_LENGTH, MIN_VALUE, MAX_VALUE, CONSTANT_VALUE, UNIQUE_KEY, CREATE_USER, CREATED_ON, LINE_NO, MANAGED, FIELD_PATH, DATA_TYPE, DATA1, DATA2, TRANSITIVE_FIELDS, FORMULA, ENTITY_LOOKUP_TYPE)
VALUES ('c22eaad74f4243afb3383b7c71fb7d58', 0, '3a3b01f87c4947e68d068b7ef70f1ebf', 'custNumber1', 'CUST_NUMBER1', 'NUMBER(20, 0)', 'CUSTOM_FIELD_NUMBER1', 0, 'integer', '', '', '', '', '', '', '', 0, NULL, 18, NULL, NULL, '', '', 'system', systimestamp, '33', 0, 'entity.vendorInvoiceContacts.custNumber1', '', '', '', '', '', '');
INSERT INTO CNT_FIELD_DEFINITION
 (ID, REVISION, PARENT_ID, FIELD_ID, COLUMN_NAME, COLUMN_TYPE, REPORT_COLUMN_NAME, PRODUCT_FIELD, FIELD_TYPE, ENTITY_LOOKUP, ENTITY_LOOKUP_KEY, ORDER_BY, GENERATOR, REFER_TABLE, KEY_COLUMN, LOOKUP_COLUMN, MANDATORY, MIN_LENGTH, MAX_LENGTH, MIN_VALUE, MAX_VALUE, CONSTANT_VALUE, UNIQUE_KEY, CREATE_USER, CREATED_ON, LINE_NO, MANAGED, FIELD_PATH, DATA_TYPE, DATA1, DATA2, TRANSITIVE_FIELDS, FORMULA, ENTITY_LOOKUP_TYPE)
VALUES ('c35303c488104fe9913371159dcb4b24', 0, '3a3b01f87c4947e68d068b7ef70f1ebf', 'custNumber2', 'CUST_NUMBER2', 'NUMBER(20, 0)', 'CUSTOM_FIELD_NUMBER2', 0, 'integer', '', '', '', '', '', '', '', 0, NULL, 18, NULL, NULL, '', '', 'system', systimestamp, '34', 0, 'entity.vendorInvoiceContacts.custNumber2', '', '', '', '', '', '');
INSERT INTO CNT_FIELD_DEFINITION
 (ID, REVISION, PARENT_ID, FIELD_ID, COLUMN_NAME, COLUMN_TYPE, REPORT_COLUMN_NAME, PRODUCT_FIELD, FIELD_TYPE, ENTITY_LOOKUP, ENTITY_LOOKUP_KEY, ORDER_BY, GENERATOR, REFER_TABLE, KEY_COLUMN, LOOKUP_COLUMN, MANDATORY, MIN_LENGTH, MAX_LENGTH, MIN_VALUE, MAX_VALUE, CONSTANT_VALUE, UNIQUE_KEY, CREATE_USER, CREATED_ON, LINE_NO, MANAGED, FIELD_PATH, DATA_TYPE, DATA1, DATA2, TRANSITIVE_FIELDS, FORMULA, ENTITY_LOOKUP_TYPE)
VALUES ('e8d8128cc1b54ec2839e4c91792e8f8d', 0, '3a3b01f87c4947e68d068b7ef70f1ebf', 'custNumber3', 'CUST_NUMBER3', 'NUMBER(20, 0)', 'CUSTOM_FIELD_NUMBER3', 0, 'integer', '', '', '', '', '', '', '', 0, NULL, 18, NULL, NULL, '', '', 'system', systimestamp, '35', 0, 'entity.vendorInvoiceContacts.custNumber3', '', '', '', '', '', '');
INSERT INTO CNT_FIELD_DEFINITION
 (ID, REVISION, PARENT_ID, FIELD_ID, COLUMN_NAME, COLUMN_TYPE, REPORT_COLUMN_NAME, PRODUCT_FIELD, FIELD_TYPE, ENTITY_LOOKUP, ENTITY_LOOKUP_KEY, ORDER_BY, GENERATOR, REFER_TABLE, KEY_COLUMN, LOOKUP_COLUMN, MANDATORY, MIN_LENGTH, MAX_LENGTH, MIN_VALUE, MAX_VALUE, CONSTANT_VALUE, UNIQUE_KEY, CREATE_USER, CREATED_ON, LINE_NO, MANAGED, FIELD_PATH, DATA_TYPE, DATA1, DATA2, TRANSITIVE_FIELDS, FORMULA, ENTITY_LOOKUP_TYPE)
VALUES ('f1220d10e6ff489a8d94be863fa5377e', 0, '3a3b01f87c4947e68d068b7ef70f1ebf', 'custNumber4', 'CUST_NUMBER4', 'NUMBER(20, 0)', 'CUSTOM_FIELD_NUMBER4', 0, 'integer', '', '', '', '', '', '', '', 0, NULL, 18, NULL, NULL, '', '', 'system', systimestamp, '36', 0, 'entity.vendorInvoiceContacts.custNumber4', '', '', '', '', '', '');
INSERT INTO CNT_FIELD_DEFINITION
 (ID, REVISION, PARENT_ID, FIELD_ID, COLUMN_NAME, COLUMN_TYPE, REPORT_COLUMN_NAME, PRODUCT_FIELD, FIELD_TYPE, ENTITY_LOOKUP, ENTITY_LOOKUP_KEY, ORDER_BY, GENERATOR, REFER_TABLE, KEY_COLUMN, LOOKUP_COLUMN, MANDATORY, MIN_LENGTH, MAX_LENGTH, MIN_VALUE, MAX_VALUE, CONSTANT_VALUE, UNIQUE_KEY, CREATE_USER, CREATED_ON, LINE_NO, MANAGED, FIELD_PATH, DATA_TYPE, DATA1, DATA2, TRANSITIVE_FIELDS, FORMULA, ENTITY_LOOKUP_TYPE)
VALUES ('4d1616b08d834d5782129a3088726c3b', 0, '3a3b01f87c4947e68d068b7ef70f1ebf', 'custNumber5', 'CUST_NUMBER5', 'NUMBER(20, 0)', 'CUSTOM_FIELD_NUMBER5', 0, 'integer', '', '', '', '', '', '', '', 0, NULL, 18, NULL, NULL, '', '', 'system', systimestamp, '37', 0, 'entity.vendorInvoiceContacts.custNumber5', '', '', '', '', '', '');
INSERT INTO CNT_FIELD_DEFINITION
 (ID, REVISION, PARENT_ID, FIELD_ID, COLUMN_NAME, COLUMN_TYPE, REPORT_COLUMN_NAME, PRODUCT_FIELD, FIELD_TYPE, ENTITY_LOOKUP, ENTITY_LOOKUP_KEY, ORDER_BY, GENERATOR, REFER_TABLE, KEY_COLUMN, LOOKUP_COLUMN, MANDATORY, MIN_LENGTH, MAX_LENGTH, MIN_VALUE, MAX_VALUE, CONSTANT_VALUE, UNIQUE_KEY, CREATE_USER, CREATED_ON, LINE_NO, MANAGED, FIELD_PATH, DATA_TYPE, DATA1, DATA2, TRANSITIVE_FIELDS, FORMULA, ENTITY_LOOKUP_TYPE)
VALUES ('175c0215bcea4f7287b10fc29f97be3a', 0, '3a3b01f87c4947e68d068b7ef70f1ebf', 'custNumber6', 'CUST_NUMBER6', 'NUMBER(20, 0)', 'CUSTOM_FIELD_NUMBER6', 0, 'integer', '', '', '', '', '', '', '', 0, NULL, 18, NULL, NULL, '', '', 'system', systimestamp, '38', 0, 'entity.vendorInvoiceContacts.custNumber6', '', '', '', '', '', '');
INSERT INTO CNT_FIELD_DEFINITION
 (ID, REVISION, PARENT_ID, FIELD_ID, COLUMN_NAME, COLUMN_TYPE, REPORT_COLUMN_NAME, PRODUCT_FIELD, FIELD_TYPE, ENTITY_LOOKUP, ENTITY_LOOKUP_KEY, ORDER_BY, GENERATOR, REFER_TABLE, KEY_COLUMN, LOOKUP_COLUMN, MANDATORY, MIN_LENGTH, MAX_LENGTH, MIN_VALUE, MAX_VALUE, CONSTANT_VALUE, UNIQUE_KEY, CREATE_USER, CREATED_ON, LINE_NO, MANAGED, FIELD_PATH, DATA_TYPE, DATA1, DATA2, TRANSITIVE_FIELDS, FORMULA, ENTITY_LOOKUP_TYPE)
VALUES ('6bbbf3bf303c4ceea11fccf8c910a424', 0, '3a3b01f87c4947e68d068b7ef70f1ebf', 'custNumber7', 'CUST_NUMBER7', 'NUMBER(20, 0)', 'CUSTOM_FIELD_NUMBER7', 0, 'integer', '', '', '', '', '', '', '', 0, NULL, 18, NULL, NULL, '', '', 'system', systimestamp, '39', 0, 'entity.vendorInvoiceContacts.custNumber7', '', '', '', '', '', '');
INSERT INTO CNT_FIELD_DEFINITION
 (ID, REVISION, PARENT_ID, FIELD_ID, COLUMN_NAME, COLUMN_TYPE, REPORT_COLUMN_NAME, PRODUCT_FIELD, FIELD_TYPE, ENTITY_LOOKUP, ENTITY_LOOKUP_KEY, ORDER_BY, GENERATOR, REFER_TABLE, KEY_COLUMN, LOOKUP_COLUMN, MANDATORY, MIN_LENGTH, MAX_LENGTH, MIN_VALUE, MAX_VALUE, CONSTANT_VALUE, UNIQUE_KEY, CREATE_USER, CREATED_ON, LINE_NO, MANAGED, FIELD_PATH, DATA_TYPE, DATA1, DATA2, TRANSITIVE_FIELDS, FORMULA, ENTITY_LOOKUP_TYPE)
VALUES ('ba2f53dfe42d416fbab334d60e86bda5', 0, '3a3b01f87c4947e68d068b7ef70f1ebf', 'custDecimal1', 'CUST_DECIMAL1', 'NUMBER(25, 5)', 'CUSTOM_FIELD_DECIMAL1', 0, 'decimal-rate', '', '', '', '', '', '', '', 0, NULL, 20, NULL, NULL, '', '', 'system', systimestamp, '40', 0, 'entity.vendorInvoiceContacts.custDecimal1', '', '', '', '', '', '');
INSERT INTO CNT_FIELD_DEFINITION
 (ID, REVISION, PARENT_ID, FIELD_ID, COLUMN_NAME, COLUMN_TYPE, REPORT_COLUMN_NAME, PRODUCT_FIELD, FIELD_TYPE, ENTITY_LOOKUP, ENTITY_LOOKUP_KEY, ORDER_BY, GENERATOR, REFER_TABLE, KEY_COLUMN, LOOKUP_COLUMN, MANDATORY, MIN_LENGTH, MAX_LENGTH, MIN_VALUE, MAX_VALUE, CONSTANT_VALUE, UNIQUE_KEY, CREATE_USER, CREATED_ON, LINE_NO, MANAGED, FIELD_PATH, DATA_TYPE, DATA1, DATA2, TRANSITIVE_FIELDS, FORMULA, ENTITY_LOOKUP_TYPE)
VALUES ('0a7c0306729a4f1a9d24251cc920c4b0', 0, '3a3b01f87c4947e68d068b7ef70f1ebf', 'custDecimal2', 'CUST_DECIMAL2', 'NUMBER(25, 5)', 'CUSTOM_FIELD_DECIMAL2', 0, 'decimal-rate', '', '', '', '', '', '', '', 0, NULL, 20, NULL, NULL, '', '', 'system', systimestamp, '41', 0, 'entity.vendorInvoiceContacts.custDecimal2', '', '', '', '', '', '');
INSERT INTO CNT_FIELD_DEFINITION
 (ID, REVISION, PARENT_ID, FIELD_ID, COLUMN_NAME, COLUMN_TYPE, REPORT_COLUMN_NAME, PRODUCT_FIELD, FIELD_TYPE, ENTITY_LOOKUP, ENTITY_LOOKUP_KEY, ORDER_BY, GENERATOR, REFER_TABLE, KEY_COLUMN, LOOKUP_COLUMN, MANDATORY, MIN_LENGTH, MAX_LENGTH, MIN_VALUE, MAX_VALUE, CONSTANT_VALUE, UNIQUE_KEY, CREATE_USER, CREATED_ON, LINE_NO, MANAGED, FIELD_PATH, DATA_TYPE, DATA1, DATA2, TRANSITIVE_FIELDS, FORMULA, ENTITY_LOOKUP_TYPE)
VALUES ('1e08f5ba205a4feaa61e29776d1c6277', 0, '3a3b01f87c4947e68d068b7ef70f1ebf', 'custDecimal3', 'CUST_DECIMAL3', 'NUMBER(25, 5)', 'CUSTOM_FIELD_DECIMAL3', 0, 'decimal-rate', '', '', '', '', '', '', '', 0, NULL, 20, NULL, NULL, '', '', 'system', systimestamp, '42', 0, 'entity.vendorInvoiceContacts.custDecimal3', '', '', '', '', '', '');
INSERT INTO CNT_FIELD_DEFINITION
 (ID, REVISION, PARENT_ID, FIELD_ID, COLUMN_NAME, COLUMN_TYPE, REPORT_COLUMN_NAME, PRODUCT_FIELD, FIELD_TYPE, ENTITY_LOOKUP, ENTITY_LOOKUP_KEY, ORDER_BY, GENERATOR, REFER_TABLE, KEY_COLUMN, LOOKUP_COLUMN, MANDATORY, MIN_LENGTH, MAX_LENGTH, MIN_VALUE, MAX_VALUE, CONSTANT_VALUE, UNIQUE_KEY, CREATE_USER, CREATED_ON, LINE_NO, MANAGED, FIELD_PATH, DATA_TYPE, DATA1, DATA2, TRANSITIVE_FIELDS, FORMULA, ENTITY_LOOKUP_TYPE)
VALUES ('8b517527e5ea4e38ad80c92773322b21', 0, '3a3b01f87c4947e68d068b7ef70f1ebf', 'custDecimal4', 'CUST_DECIMAL4', 'NUMBER(25, 5)', 'CUSTOM_FIELD_DECIMAL4', 0, 'decimal-rate', '', '', '', '', '', '', '', 0, NULL, 20, NULL, NULL, '', '', 'system', systimestamp, '43', 0, 'entity.vendorInvoiceContacts.custDecimal4', '', '', '', '', '', '');
INSERT INTO CNT_FIELD_DEFINITION
 (ID, REVISION, PARENT_ID, FIELD_ID, COLUMN_NAME, COLUMN_TYPE, REPORT_COLUMN_NAME, PRODUCT_FIELD, FIELD_TYPE, ENTITY_LOOKUP, ENTITY_LOOKUP_KEY, ORDER_BY, GENERATOR, REFER_TABLE, KEY_COLUMN, LOOKUP_COLUMN, MANDATORY, MIN_LENGTH, MAX_LENGTH, MIN_VALUE, MAX_VALUE, CONSTANT_VALUE, UNIQUE_KEY, CREATE_USER, CREATED_ON, LINE_NO, MANAGED, FIELD_PATH, DATA_TYPE, DATA1, DATA2, TRANSITIVE_FIELDS, FORMULA, ENTITY_LOOKUP_TYPE)
VALUES ('efeed0534dde44f3be22325fd27a43c3', 0, '3a3b01f87c4947e68d068b7ef70f1ebf', 'custDecimal5', 'CUST_DECIMAL5', 'NUMBER(25, 5)', 'CUSTOM_FIELD_DECIMAL5', 0, 'decimal-rate', '', '', '', '', '', '', '', 0, NULL, 20, NULL, NULL, '', '', 'system', systimestamp, '44', 0, 'entity.vendorInvoiceContacts.custDecimal5', '', '', '', '', '', '');
INSERT INTO CNT_FIELD_DEFINITION
 (ID, REVISION, PARENT_ID, FIELD_ID, COLUMN_NAME, COLUMN_TYPE, REPORT_COLUMN_NAME, PRODUCT_FIELD, FIELD_TYPE, ENTITY_LOOKUP, ENTITY_LOOKUP_KEY, ORDER_BY, GENERATOR, REFER_TABLE, KEY_COLUMN, LOOKUP_COLUMN, MANDATORY, MIN_LENGTH, MAX_LENGTH, MIN_VALUE, MAX_VALUE, CONSTANT_VALUE, UNIQUE_KEY, CREATE_USER, CREATED_ON, LINE_NO, MANAGED, FIELD_PATH, DATA_TYPE, DATA1, DATA2, TRANSITIVE_FIELDS, FORMULA, ENTITY_LOOKUP_TYPE)
VALUES ('2eb17a7fc07d4f3db5625140436f5ebf', 0, '3a3b01f87c4947e68d068b7ef70f1ebf', 'custDecimal6', 'CUST_DECIMAL6', 'NUMBER(25, 5)', 'CUSTOM_FIELD_DECIMAL6', 0, 'decimal-rate', '', '', '', '', '', '', '', 0, NULL, 20, NULL, NULL, '', '', 'system', systimestamp, '45', 0, 'entity.vendorInvoiceContacts.custDecimal6', '', '', '', '', '', '');
INSERT INTO CNT_FIELD_DEFINITION
 (ID, REVISION, PARENT_ID, FIELD_ID, COLUMN_NAME, COLUMN_TYPE, REPORT_COLUMN_NAME, PRODUCT_FIELD, FIELD_TYPE, ENTITY_LOOKUP, ENTITY_LOOKUP_KEY, ORDER_BY, GENERATOR, REFER_TABLE, KEY_COLUMN, LOOKUP_COLUMN, MANDATORY, MIN_LENGTH, MAX_LENGTH, MIN_VALUE, MAX_VALUE, CONSTANT_VALUE, UNIQUE_KEY, CREATE_USER, CREATED_ON, LINE_NO, MANAGED, FIELD_PATH, DATA_TYPE, DATA1, DATA2, TRANSITIVE_FIELDS, FORMULA, ENTITY_LOOKUP_TYPE)
VALUES ('8071b39ecd0445f89563d8fda2228bf4', 0, '3a3b01f87c4947e68d068b7ef70f1ebf', 'custDecimal7', 'CUST_DECIMAL7', 'NUMBER(25, 5)', 'CUSTOM_FIELD_DECIMAL7', 0, 'decimal-rate', '', '', '', '', '', '', '', 0, NULL, 20, NULL, NULL, '', '', 'system', systimestamp, '46', 0, 'entity.vendorInvoiceContacts.custDecimal7', '', '', '', '', '', '');
INSERT INTO CNT_FIELD_DEFINITION
 (ID, REVISION, PARENT_ID, FIELD_ID, COLUMN_NAME, COLUMN_TYPE, REPORT_COLUMN_NAME, PRODUCT_FIELD, FIELD_TYPE, ENTITY_LOOKUP, ENTITY_LOOKUP_KEY, ORDER_BY, GENERATOR, REFER_TABLE, KEY_COLUMN, LOOKUP_COLUMN, MANDATORY, MIN_LENGTH, MAX_LENGTH, MIN_VALUE, MAX_VALUE, CONSTANT_VALUE, UNIQUE_KEY, CREATE_USER, CREATED_ON, LINE_NO, MANAGED, FIELD_PATH, DATA_TYPE, DATA1, DATA2, TRANSITIVE_FIELDS, FORMULA, ENTITY_LOOKUP_TYPE)
VALUES ('f565700728fb4c52b069197d817f9fec', 0, '3a3b01f87c4947e68d068b7ef70f1ebf', 'custCodelist1', 'CUST_CODELIST1', 'NVARCHAR2(400)', 'CUSTOM_FIELD_CODE_LIST_CODE1', 0, 'string-m', '', '', '', '', '', '', '', 0, NULL, 400, NULL, NULL, '', '', 'system', systimestamp, '47', 0, 'entity.vendorInvoiceContacts.custCodelist1', 'codelist', '', '', '', '', '');
INSERT INTO CNT_FIELD_DEFINITION
 (ID, REVISION, PARENT_ID, FIELD_ID, COLUMN_NAME, COLUMN_TYPE, REPORT_COLUMN_NAME, PRODUCT_FIELD, FIELD_TYPE, ENTITY_LOOKUP, ENTITY_LOOKUP_KEY, ORDER_BY, GENERATOR, REFER_TABLE, KEY_COLUMN, LOOKUP_COLUMN, MANDATORY, MIN_LENGTH, MAX_LENGTH, MIN_VALUE, MAX_VALUE, CONSTANT_VALUE, UNIQUE_KEY, CREATE_USER, CREATED_ON, LINE_NO, MANAGED, FIELD_PATH, DATA_TYPE, DATA1, DATA2, TRANSITIVE_FIELDS, FORMULA, ENTITY_LOOKUP_TYPE)
VALUES ('042fbf3b97c84ab7a8e7c18a6a001f5e', 0, '3a3b01f87c4947e68d068b7ef70f1ebf', 'custCodelist2', 'CUST_CODELIST2', 'NVARCHAR2(400)', 'CUSTOM_FIELD_CODE_LIST_CODE2', 0, 'string-m', '', '', '', '', '', '', '', 0, NULL, 400, NULL, NULL, '', '', 'system', systimestamp, '48', 0, 'entity.vendorInvoiceContacts.custCodelist2', 'codelist', '', '', '', '', '');
INSERT INTO CNT_FIELD_DEFINITION
 (ID, REVISION, PARENT_ID, FIELD_ID, COLUMN_NAME, COLUMN_TYPE, REPORT_COLUMN_NAME, PRODUCT_FIELD, FIELD_TYPE, ENTITY_LOOKUP, ENTITY_LOOKUP_KEY, ORDER_BY, GENERATOR, REFER_TABLE, KEY_COLUMN, LOOKUP_COLUMN, MANDATORY, MIN_LENGTH, MAX_LENGTH, MIN_VALUE, MAX_VALUE, CONSTANT_VALUE, UNIQUE_KEY, CREATE_USER, CREATED_ON, LINE_NO, MANAGED, FIELD_PATH, DATA_TYPE, DATA1, DATA2, TRANSITIVE_FIELDS, FORMULA, ENTITY_LOOKUP_TYPE)
VALUES ('ac721ecdf6f147f1bb2c75286a31eeca', 0, '3a3b01f87c4947e68d068b7ef70f1ebf', 'custCodelist3', 'CUST_CODELIST3', 'NVARCHAR2(400)', 'CUSTOM_FIELD_CODE_LIST_CODE3', 0, 'string-m', '', '', '', '', '', '', '', 0, NULL, 400, NULL, NULL, '', '', 'system', systimestamp, '49', 0, 'entity.vendorInvoiceContacts.custCodelist3', 'codelist', '', '', '', '', '');
INSERT INTO CNT_FIELD_DEFINITION
 (ID, REVISION, PARENT_ID, FIELD_ID, COLUMN_NAME, COLUMN_TYPE, REPORT_COLUMN_NAME, PRODUCT_FIELD, FIELD_TYPE, ENTITY_LOOKUP, ENTITY_LOOKUP_KEY, ORDER_BY, GENERATOR, REFER_TABLE, KEY_COLUMN, LOOKUP_COLUMN, MANDATORY, MIN_LENGTH, MAX_LENGTH, MIN_VALUE, MAX_VALUE, CONSTANT_VALUE, UNIQUE_KEY, CREATE_USER, CREATED_ON, LINE_NO, MANAGED, FIELD_PATH, DATA_TYPE, DATA1, DATA2, TRANSITIVE_FIELDS, FORMULA, ENTITY_LOOKUP_TYPE)
VALUES ('fea6d3ba60d041b3a2dab3a517b81017', 0, '3a3b01f87c4947e68d068b7ef70f1ebf', 'custCodelist4', 'CUST_CODELIST4', 'NVARCHAR2(400)', 'CUSTOM_FIELD_CODE_LIST_CODE4', 0, 'string-m', '', '', '', '', '', '', '', 0, NULL, 400, NULL, NULL, '', '', 'system', systimestamp, '50', 0, 'entity.vendorInvoiceContacts.custCodelist4', 'codelist', '', '', '', '', '');
INSERT INTO CNT_FIELD_DEFINITION
 (ID, REVISION, PARENT_ID, FIELD_ID, COLUMN_NAME, COLUMN_TYPE, REPORT_COLUMN_NAME, PRODUCT_FIELD, FIELD_TYPE, ENTITY_LOOKUP, ENTITY_LOOKUP_KEY, ORDER_BY, GENERATOR, REFER_TABLE, KEY_COLUMN, LOOKUP_COLUMN, MANDATORY, MIN_LENGTH, MAX_LENGTH, MIN_VALUE, MAX_VALUE, CONSTANT_VALUE, UNIQUE_KEY, CREATE_USER, CREATED_ON, LINE_NO, MANAGED, FIELD_PATH, DATA_TYPE, DATA1, DATA2, TRANSITIVE_FIELDS, FORMULA, ENTITY_LOOKUP_TYPE)
VALUES ('194ede599b314f38bf634956994d7b9b', 0, '3a3b01f87c4947e68d068b7ef70f1ebf', 'custCodelist5', 'CUST_CODELIST5', 'NVARCHAR2(400)', 'CUSTOM_FIELD_CODE_LIST_CODE5', 0, 'string-m', '', '', '', '', '', '', '', 0, NULL, 400, NULL, NULL, '', '', 'system', systimestamp, '51', 0, 'entity.vendorInvoiceContacts.custCodelist5', 'codelist', '', '', '', '', '');
INSERT INTO CNT_FIELD_DEFINITION
 (ID, REVISION, PARENT_ID, FIELD_ID, COLUMN_NAME, COLUMN_TYPE, REPORT_COLUMN_NAME, PRODUCT_FIELD, FIELD_TYPE, ENTITY_LOOKUP, ENTITY_LOOKUP_KEY, ORDER_BY, GENERATOR, REFER_TABLE, KEY_COLUMN, LOOKUP_COLUMN, MANDATORY, MIN_LENGTH, MAX_LENGTH, MIN_VALUE, MAX_VALUE, CONSTANT_VALUE, UNIQUE_KEY, CREATE_USER, CREATED_ON, LINE_NO, MANAGED, FIELD_PATH, DATA_TYPE, DATA1, DATA2, TRANSITIVE_FIELDS, FORMULA, ENTITY_LOOKUP_TYPE)
VALUES ('b9058ea21fff4cf299b5c84f7b8b7041', 0, '3a3b01f87c4947e68d068b7ef70f1ebf', 'custCodelist6', 'CUST_CODELIST6', 'NVARCHAR2(400)', 'CUSTOM_FIELD_CODE_LIST_CODE6', 0, 'string-m', '', '', '', '', '', '', '', 0, NULL, 400, NULL, NULL, '', '', 'system', systimestamp, '52', 0, 'entity.vendorInvoiceContacts.custCodelist6', 'codelist', '', '', '', '', '');
INSERT INTO CNT_FIELD_DEFINITION
 (ID, REVISION, PARENT_ID, FIELD_ID, COLUMN_NAME, COLUMN_TYPE, REPORT_COLUMN_NAME, PRODUCT_FIELD, FIELD_TYPE, ENTITY_LOOKUP, ENTITY_LOOKUP_KEY, ORDER_BY, GENERATOR, REFER_TABLE, KEY_COLUMN, LOOKUP_COLUMN, MANDATORY, MIN_LENGTH, MAX_LENGTH, MIN_VALUE, MAX_VALUE, CONSTANT_VALUE, UNIQUE_KEY, CREATE_USER, CREATED_ON, LINE_NO, MANAGED, FIELD_PATH, DATA_TYPE, DATA1, DATA2, TRANSITIVE_FIELDS, FORMULA, ENTITY_LOOKUP_TYPE)
VALUES ('610f54ceb88546e4970ea60a06fc67d1', 0, '3a3b01f87c4947e68d068b7ef70f1ebf', 'custCodelist7', 'CUST_CODELIST7', 'NVARCHAR2(400)', 'CUSTOM_FIELD_CODE_LIST_CODE7', 0, 'string-m', '', '', '', '', '', '', '', 0, NULL, 400, NULL, NULL, '', '', 'system', systimestamp, '53', 0, 'entity.vendorInvoiceContacts.custCodelist7', 'codelist', '', '', '', '', '');
INSERT INTO CNT_FIELD_DEFINITION
 (ID, REVISION, PARENT_ID, FIELD_ID, COLUMN_NAME, COLUMN_TYPE, REPORT_COLUMN_NAME, PRODUCT_FIELD, FIELD_TYPE, ENTITY_LOOKUP, ENTITY_LOOKUP_KEY, ORDER_BY, GENERATOR, REFER_TABLE, KEY_COLUMN, LOOKUP_COLUMN, MANDATORY, MIN_LENGTH, MAX_LENGTH, MIN_VALUE, MAX_VALUE, CONSTANT_VALUE, UNIQUE_KEY, CREATE_USER, CREATED_ON, LINE_NO, MANAGED, FIELD_PATH, DATA_TYPE, DATA1, DATA2, TRANSITIVE_FIELDS, FORMULA, ENTITY_LOOKUP_TYPE)
VALUES ('c088a14bdc8145ba892fc1baf1efe8ec', 0, '3a3b01f87c4947e68d068b7ef70f1ebf', 'custMemoText1', 'CUST_MEMO_TEXT1', 'NVARCHAR2(1000)', 'CUSTOM_FIELD_MEMO_TEXT1', 0, 'string-l', '', '', '', '', '', '', '', 0, NULL, 1000, NULL, NULL, '', '', 'system', systimestamp, '54', 0, 'entity.vendorInvoiceContacts.custMemoText1', '', '', '', '', '', '');
INSERT INTO CNT_FIELD_DEFINITION
 (ID, REVISION, PARENT_ID, FIELD_ID, COLUMN_NAME, COLUMN_TYPE, REPORT_COLUMN_NAME, PRODUCT_FIELD, FIELD_TYPE, ENTITY_LOOKUP, ENTITY_LOOKUP_KEY, ORDER_BY, GENERATOR, REFER_TABLE, KEY_COLUMN, LOOKUP_COLUMN, MANDATORY, MIN_LENGTH, MAX_LENGTH, MIN_VALUE, MAX_VALUE, CONSTANT_VALUE, UNIQUE_KEY, CREATE_USER, CREATED_ON, LINE_NO, MANAGED, FIELD_PATH, DATA_TYPE, DATA1, DATA2, TRANSITIVE_FIELDS, FORMULA, ENTITY_LOOKUP_TYPE)
VALUES ('eb0884510ed64c089a3958e0f885ea72', 0, '3a3b01f87c4947e68d068b7ef70f1ebf', 'custMemoText2', 'CUST_MEMO_TEXT2', 'NVARCHAR2(1000)', 'CUSTOM_FIELD_MEMO_TEXT2', 0, 'string-l', '', '', '', '', '', '', '', 0, NULL, 1000, NULL, NULL, '', '', 'system', systimestamp, '55', 0, 'entity.vendorInvoiceContacts.custMemoText2', '', '', '', '', '', '');
INSERT INTO CNT_FIELD_DEFINITION
 (ID, REVISION, PARENT_ID, FIELD_ID, COLUMN_NAME, COLUMN_TYPE, REPORT_COLUMN_NAME, PRODUCT_FIELD, FIELD_TYPE, ENTITY_LOOKUP, ENTITY_LOOKUP_KEY, ORDER_BY, GENERATOR, REFER_TABLE, KEY_COLUMN, LOOKUP_COLUMN, MANDATORY, MIN_LENGTH, MAX_LENGTH, MIN_VALUE, MAX_VALUE, CONSTANT_VALUE, UNIQUE_KEY, CREATE_USER, CREATED_ON, LINE_NO, MANAGED, FIELD_PATH, DATA_TYPE, DATA1, DATA2, TRANSITIVE_FIELDS, FORMULA, ENTITY_LOOKUP_TYPE)
VALUES ('5a80ebf2f259401fbb3e674d80782eb0', 0, '3a3b01f87c4947e68d068b7ef70f1ebf', 'custMemoText3', 'CUST_MEMO_TEXT3', 'NVARCHAR2(1000)', 'CUSTOM_FIELD_MEMO_TEXT3', 0, 'string-l', '', '', '', '', '', '', '', 0, NULL, 1000, NULL, NULL, '', '', 'system', systimestamp, '56', 0, 'entity.vendorInvoiceContacts.custMemoText3', '', '', '', '', '', '');
INSERT INTO CNT_FIELD_DEFINITION
 (ID, REVISION, PARENT_ID, FIELD_ID, COLUMN_NAME, COLUMN_TYPE, REPORT_COLUMN_NAME, PRODUCT_FIELD, FIELD_TYPE, ENTITY_LOOKUP, ENTITY_LOOKUP_KEY, ORDER_BY, GENERATOR, REFER_TABLE, KEY_COLUMN, LOOKUP_COLUMN, MANDATORY, MIN_LENGTH, MAX_LENGTH, MIN_VALUE, MAX_VALUE, CONSTANT_VALUE, UNIQUE_KEY, CREATE_USER, CREATED_ON, LINE_NO, MANAGED, FIELD_PATH, DATA_TYPE, DATA1, DATA2, TRANSITIVE_FIELDS, FORMULA, ENTITY_LOOKUP_TYPE)
VALUES ('46012d0052da49bea118072c6e445096', 0, '3a3b01f87c4947e68d068b7ef70f1ebf', 'custMemoText4', 'CUST_MEMO_TEXT4', 'NVARCHAR2(1000)', 'CUSTOM_FIELD_MEMO_TEXT4', 0, 'string-l', '', '', '', '', '', '', '', 0, NULL, 1000, NULL, NULL, '', '', 'system', systimestamp, '57', 0, 'entity.vendorInvoiceContacts.custMemoText4', '', '', '', '', '', '');
INSERT INTO CNT_FIELD_DEFINITION
 (ID, REVISION, PARENT_ID, FIELD_ID, COLUMN_NAME, COLUMN_TYPE, REPORT_COLUMN_NAME, PRODUCT_FIELD, FIELD_TYPE, ENTITY_LOOKUP, ENTITY_LOOKUP_KEY, ORDER_BY, GENERATOR, REFER_TABLE, KEY_COLUMN, LOOKUP_COLUMN, MANDATORY, MIN_LENGTH, MAX_LENGTH, MIN_VALUE, MAX_VALUE, CONSTANT_VALUE, UNIQUE_KEY, CREATE_USER, CREATED_ON, LINE_NO, MANAGED, FIELD_PATH, DATA_TYPE, DATA1, DATA2, TRANSITIVE_FIELDS, FORMULA, ENTITY_LOOKUP_TYPE)
VALUES ('a086e6cf47f741baa6030099ea9c3496', 0, '3a3b01f87c4947e68d068b7ef70f1ebf', 'custMemoText5', 'CUST_MEMO_TEXT5', 'NVARCHAR2(1000)', 'CUSTOM_FIELD_MEMO_TEXT5', 0, 'string-l', '', '', '', '', '', '', '', 0, NULL, 1000, NULL, NULL, '', '', 'system', systimestamp, '58', 0, 'entity.vendorInvoiceContacts.custMemoText5', '', '', '', '', '', '');
INSERT INTO CNT_FIELD_DEFINITION
 (ID, REVISION, PARENT_ID, FIELD_ID, COLUMN_NAME, COLUMN_TYPE, REPORT_COLUMN_NAME, PRODUCT_FIELD, FIELD_TYPE, ENTITY_LOOKUP, ENTITY_LOOKUP_KEY, ORDER_BY, GENERATOR, REFER_TABLE, KEY_COLUMN, LOOKUP_COLUMN, MANDATORY, MIN_LENGTH, MAX_LENGTH, MIN_VALUE, MAX_VALUE, CONSTANT_VALUE, UNIQUE_KEY, CREATE_USER, CREATED_ON, LINE_NO, MANAGED, FIELD_PATH, DATA_TYPE, DATA1, DATA2, TRANSITIVE_FIELDS, FORMULA, ENTITY_LOOKUP_TYPE)
VALUES ('2f9fc65e4da742b0bd7b5f76b0a2210d', 0, '3a3b01f87c4947e68d068b7ef70f1ebf', 'custMemoText6', 'CUST_MEMO_TEXT6', 'NVARCHAR2(1000)', 'CUSTOM_FIELD_MEMO_TEXT6', 0, 'string-l', '', '', '', '', '', '', '', 0, NULL, 1000, NULL, NULL, '', '', 'system', systimestamp, '59', 0, 'entity.vendorInvoiceContacts.custMemoText6', '', '', '', '', '', '');
INSERT INTO CNT_FIELD_DEFINITION
 (ID, REVISION, PARENT_ID, FIELD_ID, COLUMN_NAME, COLUMN_TYPE, REPORT_COLUMN_NAME, PRODUCT_FIELD, FIELD_TYPE, ENTITY_LOOKUP, ENTITY_LOOKUP_KEY, ORDER_BY, GENERATOR, REFER_TABLE, KEY_COLUMN, LOOKUP_COLUMN, MANDATORY, MIN_LENGTH, MAX_LENGTH, MIN_VALUE, MAX_VALUE, CONSTANT_VALUE, UNIQUE_KEY, CREATE_USER, CREATED_ON, LINE_NO, MANAGED, FIELD_PATH, DATA_TYPE, DATA1, DATA2, TRANSITIVE_FIELDS, FORMULA, ENTITY_LOOKUP_TYPE)
VALUES ('2d3c603ffed6441aae8eaa2fbfc745f4', 0, '3a3b01f87c4947e68d068b7ef70f1ebf', 'custMemoText7', 'CUST_MEMO_TEXT7', 'NVARCHAR2(1000)', 'CUSTOM_FIELD_MEMO_TEXT7', 0, 'string-l', '', '', '', '', '', '', '', 0, NULL, 1000, NULL, NULL, '', '', 'system', systimestamp, '60', 0, 'entity.vendorInvoiceContacts.custMemoText7', '', '', '', '', '', '');
INSERT INTO CNT_FIELD_DEFINITION
 (ID, REVISION, PARENT_ID, FIELD_ID, COLUMN_NAME, COLUMN_TYPE, REPORT_COLUMN_NAME, PRODUCT_FIELD, FIELD_TYPE, ENTITY_LOOKUP, ENTITY_LOOKUP_KEY, ORDER_BY, GENERATOR, REFER_TABLE, KEY_COLUMN, LOOKUP_COLUMN, MANDATORY, MIN_LENGTH, MAX_LENGTH, MIN_VALUE, MAX_VALUE, CONSTANT_VALUE, UNIQUE_KEY, CREATE_USER, CREATED_ON, LINE_NO, MANAGED, FIELD_PATH, DATA_TYPE, DATA1, DATA2, TRANSITIVE_FIELDS, FORMULA, ENTITY_LOOKUP_TYPE)
VALUES ('a4ef71b13c404880ac3494f815999833', 0, '3a3b01f87c4947e68d068b7ef70f1ebf', 'custHcl1', 'CUST_HCL1_ID', 'CHAR(32)', 'CUSTOM_FIELD_HCL_CODE_SYS_ID1', 0, 'entity', 'HclNode', 'id', '', '', '', '', '', 0, 32, 32, NULL, NULL, '', '', 'system', systimestamp, '61', 0, 'entity.vendorInvoiceContacts.custHcl1', '', '', '', '', '', '');
INSERT INTO CNT_FIELD_DEFINITION
 (ID, REVISION, PARENT_ID, FIELD_ID, COLUMN_NAME, COLUMN_TYPE, REPORT_COLUMN_NAME, PRODUCT_FIELD, FIELD_TYPE, ENTITY_LOOKUP, ENTITY_LOOKUP_KEY, ORDER_BY, GENERATOR, REFER_TABLE, KEY_COLUMN, LOOKUP_COLUMN, MANDATORY, MIN_LENGTH, MAX_LENGTH, MIN_VALUE, MAX_VALUE, CONSTANT_VALUE, UNIQUE_KEY, CREATE_USER, CREATED_ON, LINE_NO, MANAGED, FIELD_PATH, DATA_TYPE, DATA1, DATA2, TRANSITIVE_FIELDS, FORMULA, ENTITY_LOOKUP_TYPE)
VALUES ('6824739481e0401e88f2c2187428ee31', 0, '3a3b01f87c4947e68d068b7ef70f1ebf', 'custHcl2', 'CUST_HCL2_ID', 'CHAR(32)', 'CUSTOM_FIELD_HCL_CODE_SYS_ID2', 0, 'entity', 'HclNode', 'id', '', '', '', '', '', 0, 32, 32, NULL, NULL, '', '', 'system', systimestamp, '62', 0, 'entity.vendorInvoiceContacts.custHcl2', '', '', '', '', '', '');
INSERT INTO CNT_FIELD_DEFINITION
 (ID, REVISION, PARENT_ID, FIELD_ID, COLUMN_NAME, COLUMN_TYPE, REPORT_COLUMN_NAME, PRODUCT_FIELD, FIELD_TYPE, ENTITY_LOOKUP, ENTITY_LOOKUP_KEY, ORDER_BY, GENERATOR, REFER_TABLE, KEY_COLUMN, LOOKUP_COLUMN, MANDATORY, MIN_LENGTH, MAX_LENGTH, MIN_VALUE, MAX_VALUE, CONSTANT_VALUE, UNIQUE_KEY, CREATE_USER, CREATED_ON, LINE_NO, MANAGED, FIELD_PATH, DATA_TYPE, DATA1, DATA2, TRANSITIVE_FIELDS, FORMULA, ENTITY_LOOKUP_TYPE)
VALUES ('9cf28b4bbc59489fb9757981e166dd0d', 0, '3a3b01f87c4947e68d068b7ef70f1ebf', 'custHcl3', 'CUST_HCL3_ID', 'CHAR(32)', 'CUSTOM_FIELD_HCL_CODE_SYS_ID3', 0, 'entity', 'HclNode', 'id', '', '', '', '', '', 0, 32, 32, NULL, NULL, '', '', 'system', systimestamp, '63', 0, 'entity.vendorInvoiceContacts.custHcl3', '', '', '', '', '', '');
INSERT INTO CNT_FIELD_DEFINITION
 (ID, REVISION, PARENT_ID, FIELD_ID, COLUMN_NAME, COLUMN_TYPE, REPORT_COLUMN_NAME, PRODUCT_FIELD, FIELD_TYPE, ENTITY_LOOKUP, ENTITY_LOOKUP_KEY, ORDER_BY, GENERATOR, REFER_TABLE, KEY_COLUMN, LOOKUP_COLUMN, MANDATORY, MIN_LENGTH, MAX_LENGTH, MIN_VALUE, MAX_VALUE, CONSTANT_VALUE, UNIQUE_KEY, CREATE_USER, CREATED_ON, LINE_NO, MANAGED, FIELD_PATH, DATA_TYPE, DATA1, DATA2, TRANSITIVE_FIELDS, FORMULA, ENTITY_LOOKUP_TYPE)
VALUES ('effc91b344754a0e9423390d2d5d2e12', 0, '3a3b01f87c4947e68d068b7ef70f1ebf', 'custHcl4', 'CUST_HCL4_ID', 'CHAR(32)', 'CUSTOM_FIELD_HCL_CODE_SYS_ID4', 0, 'entity', 'HclNode', 'id', '', '', '', '', '', 0, 32, 32, NULL, NULL, '', '', 'system', systimestamp, '64', 0, 'entity.vendorInvoiceContacts.custHcl4', '', '', '', '', '', '');
INSERT INTO CNT_FIELD_DEFINITION
 (ID, REVISION, PARENT_ID, FIELD_ID, COLUMN_NAME, COLUMN_TYPE, REPORT_COLUMN_NAME, PRODUCT_FIELD, FIELD_TYPE, ENTITY_LOOKUP, ENTITY_LOOKUP_KEY, ORDER_BY, GENERATOR, REFER_TABLE, KEY_COLUMN, LOOKUP_COLUMN, MANDATORY, MIN_LENGTH, MAX_LENGTH, MIN_VALUE, MAX_VALUE, CONSTANT_VALUE, UNIQUE_KEY, CREATE_USER, CREATED_ON, LINE_NO, MANAGED, FIELD_PATH, DATA_TYPE, DATA1, DATA2, TRANSITIVE_FIELDS, FORMULA, ENTITY_LOOKUP_TYPE)
VALUES ('0d086b1bbf96436e8353f1fa3fe4a9ad', 0, '3a3b01f87c4947e68d068b7ef70f1ebf', 'custHcl5', 'CUST_HCL5_ID', 'CHAR(32)', 'CUSTOM_FIELD_HCL_CODE_SYS_ID5', 0, 'entity', 'HclNode', 'id', '', '', '', '', '', 0, 32, 32, NULL, NULL, '', '', 'system', systimestamp, '65', 0, 'entity.vendorInvoiceContacts.custHcl5', '', '', '', '', '', '');
INSERT INTO CNT_FIELD_DEFINITION
 (ID, REVISION, PARENT_ID, FIELD_ID, COLUMN_NAME, COLUMN_TYPE, REPORT_COLUMN_NAME, PRODUCT_FIELD, FIELD_TYPE, ENTITY_LOOKUP, ENTITY_LOOKUP_KEY, ORDER_BY, GENERATOR, REFER_TABLE, KEY_COLUMN, LOOKUP_COLUMN, MANDATORY, MIN_LENGTH, MAX_LENGTH, MIN_VALUE, MAX_VALUE, CONSTANT_VALUE, UNIQUE_KEY, CREATE_USER, CREATED_ON, LINE_NO, MANAGED, FIELD_PATH, DATA_TYPE, DATA1, DATA2, TRANSITIVE_FIELDS, FORMULA, ENTITY_LOOKUP_TYPE)
VALUES ('7bc447f9ad414f7da69df749efa489c8', 0, '3a3b01f87c4947e68d068b7ef70f1ebf', 'titleName', 'TITLE_NAME', 'NVARCHAR2(400)', 'N/A', 1, 'string-m', '', '', '', '', '', '', '', 0, NULL, 400, NULL, NULL, '', '', 'system', systimestamp, '66', 0, 'entity.vendorInvoiceContacts.titleName', '', '', '', '', '', '');
INSERT INTO CNT_FIELD_DEFINITION
 (ID, REVISION, PARENT_ID, FIELD_ID, COLUMN_NAME, COLUMN_TYPE, REPORT_COLUMN_NAME, PRODUCT_FIELD, FIELD_TYPE, ENTITY_LOOKUP, ENTITY_LOOKUP_KEY, ORDER_BY, GENERATOR, REFER_TABLE, KEY_COLUMN, LOOKUP_COLUMN, MANDATORY, MIN_LENGTH, MAX_LENGTH, MIN_VALUE, MAX_VALUE, CONSTANT_VALUE, UNIQUE_KEY, CREATE_USER, CREATED_ON, LINE_NO, MANAGED, FIELD_PATH, DATA_TYPE, DATA1, DATA2, TRANSITIVE_FIELDS, FORMULA, ENTITY_LOOKUP_TYPE)
VALUES ('56d982dca7ab4ff68679a81d0e280bc5', 0, '3a3b01f87c4947e68d068b7ef70f1ebf', 'contactTypesValue', 'CONTACT_TYPES_VALUE', 'NVARCHAR2(1000)', 'N/A', 1, 'string-l', '', '', '', '', '', '', '', 0, NULL, 1000, NULL, NULL, '', '', 'system', systimestamp, '67', 0, 'entity.vendorInvoiceContacts.contactTypesValue', '', '', '', '', '', '');
INSERT INTO CNT_FIELD_DEFINITION
 (ID, REVISION, PARENT_ID, FIELD_ID, COLUMN_NAME, COLUMN_TYPE, REPORT_COLUMN_NAME, PRODUCT_FIELD, FIELD_TYPE, ENTITY_LOOKUP, ENTITY_LOOKUP_KEY, ORDER_BY, GENERATOR, REFER_TABLE, KEY_COLUMN, LOOKUP_COLUMN, MANDATORY, MIN_LENGTH, MAX_LENGTH, MIN_VALUE, MAX_VALUE, CONSTANT_VALUE, UNIQUE_KEY, CREATE_USER, CREATED_ON, LINE_NO, MANAGED, FIELD_PATH, DATA_TYPE, DATA1, DATA2, TRANSITIVE_FIELDS, FORMULA, ENTITY_LOOKUP_TYPE)
VALUES ('4b54876a97324209ba017555f805ecc8', 0, '3a3b01f87c4947e68d068b7ef70f1ebf', 'custCodelist1Name', 'CUST_CODELIST1_NAME', 'NVARCHAR2(400)', 'N/A', 0, 'string-m', '', '', '', '', '', '', '', 0, NULL, 400, NULL, NULL, '', '', 'system', systimestamp, '68', 0, 'entity.vendorInvoiceContacts.custCodelist1Name', '', '', '', '', '', '');
INSERT INTO CNT_FIELD_DEFINITION
 (ID, REVISION, PARENT_ID, FIELD_ID, COLUMN_NAME, COLUMN_TYPE, REPORT_COLUMN_NAME, PRODUCT_FIELD, FIELD_TYPE, ENTITY_LOOKUP, ENTITY_LOOKUP_KEY, ORDER_BY, GENERATOR, REFER_TABLE, KEY_COLUMN, LOOKUP_COLUMN, MANDATORY, MIN_LENGTH, MAX_LENGTH, MIN_VALUE, MAX_VALUE, CONSTANT_VALUE, UNIQUE_KEY, CREATE_USER, CREATED_ON, LINE_NO, MANAGED, FIELD_PATH, DATA_TYPE, DATA1, DATA2, TRANSITIVE_FIELDS, FORMULA, ENTITY_LOOKUP_TYPE)
VALUES ('0cc8f928f50445d8b8b9df6c98e32ae1', 0, '3a3b01f87c4947e68d068b7ef70f1ebf', 'custCodelist2Name', 'CUST_CODELIST2_NAME', 'NVARCHAR2(400)', 'N/A', 0, 'string-m', '', '', '', '', '', '', '', 0, NULL, 400, NULL, NULL, '', '', 'system', systimestamp, '69', 0, 'entity.vendorInvoiceContacts.custCodelist2Name', '', '', '', '', '', '');
INSERT INTO CNT_FIELD_DEFINITION
 (ID, REVISION, PARENT_ID, FIELD_ID, COLUMN_NAME, COLUMN_TYPE, REPORT_COLUMN_NAME, PRODUCT_FIELD, FIELD_TYPE, ENTITY_LOOKUP, ENTITY_LOOKUP_KEY, ORDER_BY, GENERATOR, REFER_TABLE, KEY_COLUMN, LOOKUP_COLUMN, MANDATORY, MIN_LENGTH, MAX_LENGTH, MIN_VALUE, MAX_VALUE, CONSTANT_VALUE, UNIQUE_KEY, CREATE_USER, CREATED_ON, LINE_NO, MANAGED, FIELD_PATH, DATA_TYPE, DATA1, DATA2, TRANSITIVE_FIELDS, FORMULA, ENTITY_LOOKUP_TYPE)
VALUES ('7a3711c7066a4df196ad15eb2a4df2d5', 0, '3a3b01f87c4947e68d068b7ef70f1ebf', 'custCodelist3Name', 'CUST_CODELIST3_NAME', 'NVARCHAR2(400)', 'N/A', 0, 'string-m', '', '', '', '', '', '', '', 0, NULL, 400, NULL, NULL, '', '', 'system', systimestamp, '70', 0, 'entity.vendorInvoiceContacts.custCodelist3Name', '', '', '', '', '', '');
INSERT INTO CNT_FIELD_DEFINITION
 (ID, REVISION, PARENT_ID, FIELD_ID, COLUMN_NAME, COLUMN_TYPE, REPORT_COLUMN_NAME, PRODUCT_FIELD, FIELD_TYPE, ENTITY_LOOKUP, ENTITY_LOOKUP_KEY, ORDER_BY, GENERATOR, REFER_TABLE, KEY_COLUMN, LOOKUP_COLUMN, MANDATORY, MIN_LENGTH, MAX_LENGTH, MIN_VALUE, MAX_VALUE, CONSTANT_VALUE, UNIQUE_KEY, CREATE_USER, CREATED_ON, LINE_NO, MANAGED, FIELD_PATH, DATA_TYPE, DATA1, DATA2, TRANSITIVE_FIELDS, FORMULA, ENTITY_LOOKUP_TYPE)
VALUES ('01eda301c3084766b0b98bfca006aed0', 0, '3a3b01f87c4947e68d068b7ef70f1ebf', 'custCodelist4Name', 'CUST_CODELIST4_NAME', 'NVARCHAR2(400)', 'N/A', 0, 'string-m', '', '', '', '', '', '', '', 0, NULL, 400, NULL, NULL, '', '', 'system', systimestamp, '71', 0, 'entity.vendorInvoiceContacts.custCodelist4Name', '', '', '', '', '', '');
INSERT INTO CNT_FIELD_DEFINITION
 (ID, REVISION, PARENT_ID, FIELD_ID, COLUMN_NAME, COLUMN_TYPE, REPORT_COLUMN_NAME, PRODUCT_FIELD, FIELD_TYPE, ENTITY_LOOKUP, ENTITY_LOOKUP_KEY, ORDER_BY, GENERATOR, REFER_TABLE, KEY_COLUMN, LOOKUP_COLUMN, MANDATORY, MIN_LENGTH, MAX_LENGTH, MIN_VALUE, MAX_VALUE, CONSTANT_VALUE, UNIQUE_KEY, CREATE_USER, CREATED_ON, LINE_NO, MANAGED, FIELD_PATH, DATA_TYPE, DATA1, DATA2, TRANSITIVE_FIELDS, FORMULA, ENTITY_LOOKUP_TYPE)
VALUES ('d6b73f8d78184b6ab46ae4127814ae8d', 0, '3a3b01f87c4947e68d068b7ef70f1ebf', 'custCodelist5Name', 'CUST_CODELIST5_NAME', 'NVARCHAR2(400)', 'N/A', 0, 'string-m', '', '', '', '', '', '', '', 0, NULL, 400, NULL, NULL, '', '', 'system', systimestamp, '72', 0, 'entity.vendorInvoiceContacts.custCodelist5Name', '', '', '', '', '', '');
INSERT INTO CNT_FIELD_DEFINITION
 (ID, REVISION, PARENT_ID, FIELD_ID, COLUMN_NAME, COLUMN_TYPE, REPORT_COLUMN_NAME, PRODUCT_FIELD, FIELD_TYPE, ENTITY_LOOKUP, ENTITY_LOOKUP_KEY, ORDER_BY, GENERATOR, REFER_TABLE, KEY_COLUMN, LOOKUP_COLUMN, MANDATORY, MIN_LENGTH, MAX_LENGTH, MIN_VALUE, MAX_VALUE, CONSTANT_VALUE, UNIQUE_KEY, CREATE_USER, CREATED_ON, LINE_NO, MANAGED, FIELD_PATH, DATA_TYPE, DATA1, DATA2, TRANSITIVE_FIELDS, FORMULA, ENTITY_LOOKUP_TYPE)
VALUES ('a1e435b55b5e4a56a27802ed78cfaa20', 0, '3a3b01f87c4947e68d068b7ef70f1ebf', 'custCodelist6Name', 'CUST_CODELIST6_NAME', 'NVARCHAR2(400)', 'N/A', 0, 'string-m', '', '', '', '', '', '', '', 0, NULL, 400, NULL, NULL, '', '', 'system', systimestamp, '73', 0, 'entity.vendorInvoiceContacts.custCodelist6Name', '', '', '', '', '', '');
INSERT INTO CNT_FIELD_DEFINITION
 (ID, REVISION, PARENT_ID, FIELD_ID, COLUMN_NAME, COLUMN_TYPE, REPORT_COLUMN_NAME, PRODUCT_FIELD, FIELD_TYPE, ENTITY_LOOKUP, ENTITY_LOOKUP_KEY, ORDER_BY, GENERATOR, REFER_TABLE, KEY_COLUMN, LOOKUP_COLUMN, MANDATORY, MIN_LENGTH, MAX_LENGTH, MIN_VALUE, MAX_VALUE, CONSTANT_VALUE, UNIQUE_KEY, CREATE_USER, CREATED_ON, LINE_NO, MANAGED, FIELD_PATH, DATA_TYPE, DATA1, DATA2, TRANSITIVE_FIELDS, FORMULA, ENTITY_LOOKUP_TYPE)
VALUES ('64c709f7e6f44ad793ec34de6c0528b6', 0, '3a3b01f87c4947e68d068b7ef70f1ebf', 'custCodelist7Name', 'CUST_CODELIST7_NAME', 'NVARCHAR2(400)', 'N/A', 0, 'string-m', '', '', '', '', '', '', '', 0, NULL, 400, NULL, NULL, '', '', 'system', systimestamp, '74', 0, 'entity.vendorInvoiceContacts.custCodelist7Name', '', '', '', '', '', '');
INSERT INTO CNT_FIELD_DEFINITION
 (ID, REVISION, PARENT_ID, FIELD_ID, COLUMN_NAME, COLUMN_TYPE, REPORT_COLUMN_NAME, PRODUCT_FIELD, FIELD_TYPE, ENTITY_LOOKUP, ENTITY_LOOKUP_KEY, ORDER_BY, GENERATOR, REFER_TABLE, KEY_COLUMN, LOOKUP_COLUMN, MANDATORY, MIN_LENGTH, MAX_LENGTH, MIN_VALUE, MAX_VALUE, CONSTANT_VALUE, UNIQUE_KEY, CREATE_USER, CREATED_ON, LINE_NO, MANAGED, FIELD_PATH, DATA_TYPE, DATA1, DATA2, TRANSITIVE_FIELDS, FORMULA, ENTITY_LOOKUP_TYPE)
VALUES ('54b79bfbfc78436399e0696eee5d53d7', 0, '3a3b01f87c4947e68d068b7ef70f1ebf', 'custHcl1Ref', 'CUST_HCL1_REF', 'NVARCHAR2(1000)', 'N/A', 0, 'string-l', '', '', '', '', '', '', '', 0, NULL, 1000, NULL, NULL, '', '', 'system', systimestamp, '75', 0, 'entity.vendorInvoiceContacts.custHcl1Ref', '', '', '', '', '', '');
INSERT INTO CNT_FIELD_DEFINITION
 (ID, REVISION, PARENT_ID, FIELD_ID, COLUMN_NAME, COLUMN_TYPE, REPORT_COLUMN_NAME, PRODUCT_FIELD, FIELD_TYPE, ENTITY_LOOKUP, ENTITY_LOOKUP_KEY, ORDER_BY, GENERATOR, REFER_TABLE, KEY_COLUMN, LOOKUP_COLUMN, MANDATORY, MIN_LENGTH, MAX_LENGTH, MIN_VALUE, MAX_VALUE, CONSTANT_VALUE, UNIQUE_KEY, CREATE_USER, CREATED_ON, LINE_NO, MANAGED, FIELD_PATH, DATA_TYPE, DATA1, DATA2, TRANSITIVE_FIELDS, FORMULA, ENTITY_LOOKUP_TYPE)
VALUES ('248b129b838646cfae215cf0fce96a57', 0, '3a3b01f87c4947e68d068b7ef70f1ebf', 'custHcl1Ver', 'CUST_HCL1_VER', 'NUMBER(20, 0)', 'N/A', 0, 'integer', '', '', '', '', '', '', '', 0, NULL, 18, NULL, NULL, '', '', 'system', systimestamp, '76', 0, 'entity.vendorInvoiceContacts.custHcl1Ver', '', '', '', '', '', '');
INSERT INTO CNT_FIELD_DEFINITION
 (ID, REVISION, PARENT_ID, FIELD_ID, COLUMN_NAME, COLUMN_TYPE, REPORT_COLUMN_NAME, PRODUCT_FIELD, FIELD_TYPE, ENTITY_LOOKUP, ENTITY_LOOKUP_KEY, ORDER_BY, GENERATOR, REFER_TABLE, KEY_COLUMN, LOOKUP_COLUMN, MANDATORY, MIN_LENGTH, MAX_LENGTH, MIN_VALUE, MAX_VALUE, CONSTANT_VALUE, UNIQUE_KEY, CREATE_USER, CREATED_ON, LINE_NO, MANAGED, FIELD_PATH, DATA_TYPE, DATA1, DATA2, TRANSITIVE_FIELDS, FORMULA, ENTITY_LOOKUP_TYPE)
VALUES ('3e0f7b5ad7734d2b8bd8af43a70645ad', 0, '3a3b01f87c4947e68d068b7ef70f1ebf', 'custHcl1Ref2', 'CUST_HCL1_REF2', 'NVARCHAR2(1000)', 'N/A', 0, 'string-l', '', '', '', '', '', '', '', 0, NULL, 1000, NULL, NULL, '', '', 'system', systimestamp, '77', 0, 'entity.vendorInvoiceContacts.custHcl1Ref2', '', '', '', '', '', '');
INSERT INTO CNT_FIELD_DEFINITION
 (ID, REVISION, PARENT_ID, FIELD_ID, COLUMN_NAME, COLUMN_TYPE, REPORT_COLUMN_NAME, PRODUCT_FIELD, FIELD_TYPE, ENTITY_LOOKUP, ENTITY_LOOKUP_KEY, ORDER_BY, GENERATOR, REFER_TABLE, KEY_COLUMN, LOOKUP_COLUMN, MANDATORY, MIN_LENGTH, MAX_LENGTH, MIN_VALUE, MAX_VALUE, CONSTANT_VALUE, UNIQUE_KEY, CREATE_USER, CREATED_ON, LINE_NO, MANAGED, FIELD_PATH, DATA_TYPE, DATA1, DATA2, TRANSITIVE_FIELDS, FORMULA, ENTITY_LOOKUP_TYPE)
VALUES ('66afe0cf45ed41f99892de6e20b0adce', 0, '3a3b01f87c4947e68d068b7ef70f1ebf', 'custHcl1FullLineage', 'CUST_HCL1_FULL_LINEAGE', 'NVARCHAR2(1000)', 'N/A', 0, 'string-l', '', '', '', '', '', '', '', 0, NULL, 1000, NULL, NULL, '', '', 'system', systimestamp, '78', 0, 'entity.vendorInvoiceContacts.custHcl1FullLineage', '', '', '', '', '', '');
INSERT INTO CNT_FIELD_DEFINITION
 (ID, REVISION, PARENT_ID, FIELD_ID, COLUMN_NAME, COLUMN_TYPE, REPORT_COLUMN_NAME, PRODUCT_FIELD, FIELD_TYPE, ENTITY_LOOKUP, ENTITY_LOOKUP_KEY, ORDER_BY, GENERATOR, REFER_TABLE, KEY_COLUMN, LOOKUP_COLUMN, MANDATORY, MIN_LENGTH, MAX_LENGTH, MIN_VALUE, MAX_VALUE, CONSTANT_VALUE, UNIQUE_KEY, CREATE_USER, CREATED_ON, LINE_NO, MANAGED, FIELD_PATH, DATA_TYPE, DATA1, DATA2, TRANSITIVE_FIELDS, FORMULA, ENTITY_LOOKUP_TYPE)
VALUES ('1f13d8afca2f4ae48c66dc269926fc11', 0, '3a3b01f87c4947e68d068b7ef70f1ebf', 'custHcl2Ref', 'CUST_HCL2_REF', 'NVARCHAR2(1000)', 'N/A', 0, 'string-l', '', '', '', '', '', '', '', 0, NULL, 1000, NULL, NULL, '', '', 'system', systimestamp, '79', 0, 'entity.vendorInvoiceContacts.custHcl2Ref', '', '', '', '', '', '');
INSERT INTO CNT_FIELD_DEFINITION
 (ID, REVISION, PARENT_ID, FIELD_ID, COLUMN_NAME, COLUMN_TYPE, REPORT_COLUMN_NAME, PRODUCT_FIELD, FIELD_TYPE, ENTITY_LOOKUP, ENTITY_LOOKUP_KEY, ORDER_BY, GENERATOR, REFER_TABLE, KEY_COLUMN, LOOKUP_COLUMN, MANDATORY, MIN_LENGTH, MAX_LENGTH, MIN_VALUE, MAX_VALUE, CONSTANT_VALUE, UNIQUE_KEY, CREATE_USER, CREATED_ON, LINE_NO, MANAGED, FIELD_PATH, DATA_TYPE, DATA1, DATA2, TRANSITIVE_FIELDS, FORMULA, ENTITY_LOOKUP_TYPE)
VALUES ('718c0cfa55624ede8842482e83c2d476', 0, '3a3b01f87c4947e68d068b7ef70f1ebf', 'custHcl2Ver', 'CUST_HCL2_VER', 'NUMBER(20, 0)', 'N/A', 0, 'integer', '', '', '', '', '', '', '', 0, NULL, 18, NULL, NULL, '', '', 'system', systimestamp, '80', 0, 'entity.vendorInvoiceContacts.custHcl2Ver', '', '', '', '', '', '');
INSERT INTO CNT_FIELD_DEFINITION
 (ID, REVISION, PARENT_ID, FIELD_ID, COLUMN_NAME, COLUMN_TYPE, REPORT_COLUMN_NAME, PRODUCT_FIELD, FIELD_TYPE, ENTITY_LOOKUP, ENTITY_LOOKUP_KEY, ORDER_BY, GENERATOR, REFER_TABLE, KEY_COLUMN, LOOKUP_COLUMN, MANDATORY, MIN_LENGTH, MAX_LENGTH, MIN_VALUE, MAX_VALUE, CONSTANT_VALUE, UNIQUE_KEY, CREATE_USER, CREATED_ON, LINE_NO, MANAGED, FIELD_PATH, DATA_TYPE, DATA1, DATA2, TRANSITIVE_FIELDS, FORMULA, ENTITY_LOOKUP_TYPE)
VALUES ('cfd7a84ff76b4f959a362593e161d0e0', 0, '3a3b01f87c4947e68d068b7ef70f1ebf', 'custHcl2Ref2', 'CUST_HCL2_REF2', 'NVARCHAR2(1000)', 'N/A', 0, 'string-l', '', '', '', '', '', '', '', 0, NULL, 1000, NULL, NULL, '', '', 'system', systimestamp, '81', 0, 'entity.vendorInvoiceContacts.custHcl2Ref2', '', '', '', '', '', '');
INSERT INTO CNT_FIELD_DEFINITION
 (ID, REVISION, PARENT_ID, FIELD_ID, COLUMN_NAME, COLUMN_TYPE, REPORT_COLUMN_NAME, PRODUCT_FIELD, FIELD_TYPE, ENTITY_LOOKUP, ENTITY_LOOKUP_KEY, ORDER_BY, GENERATOR, REFER_TABLE, KEY_COLUMN, LOOKUP_COLUMN, MANDATORY, MIN_LENGTH, MAX_LENGTH, MIN_VALUE, MAX_VALUE, CONSTANT_VALUE, UNIQUE_KEY, CREATE_USER, CREATED_ON, LINE_NO, MANAGED, FIELD_PATH, DATA_TYPE, DATA1, DATA2, TRANSITIVE_FIELDS, FORMULA, ENTITY_LOOKUP_TYPE)
VALUES ('bf7aef247b1b43fd9c4c947175ef1a93', 0, '3a3b01f87c4947e68d068b7ef70f1ebf', 'custHcl2FullLineage', 'CUST_HCL2_FULL_LINEAGE', 'NVARCHAR2(1000)', 'N/A', 0, 'string-l', '', '', '', '', '', '', '', 0, NULL, 1000, NULL, NULL, '', '', 'system', systimestamp, '82', 0, 'entity.vendorInvoiceContacts.custHcl2FullLineage', '', '', '', '', '', '');
INSERT INTO CNT_FIELD_DEFINITION
 (ID, REVISION, PARENT_ID, FIELD_ID, COLUMN_NAME, COLUMN_TYPE, REPORT_COLUMN_NAME, PRODUCT_FIELD, FIELD_TYPE, ENTITY_LOOKUP, ENTITY_LOOKUP_KEY, ORDER_BY, GENERATOR, REFER_TABLE, KEY_COLUMN, LOOKUP_COLUMN, MANDATORY, MIN_LENGTH, MAX_LENGTH, MIN_VALUE, MAX_VALUE, CONSTANT_VALUE, UNIQUE_KEY, CREATE_USER, CREATED_ON, LINE_NO, MANAGED, FIELD_PATH, DATA_TYPE, DATA1, DATA2, TRANSITIVE_FIELDS, FORMULA, ENTITY_LOOKUP_TYPE)
VALUES ('7c7397e444be4942a944859bbb9d64dd', 0, '3a3b01f87c4947e68d068b7ef70f1ebf', 'custHcl3Ref', 'CUST_HCL3_REF', 'NVARCHAR2(1000)', 'N/A', 0, 'string-l', '', '', '', '', '', '', '', 0, NULL, 1000, NULL, NULL, '', '', 'system', systimestamp, '83', 0, 'entity.vendorInvoiceContacts.custHcl3Ref', '', '', '', '', '', '');
INSERT INTO CNT_FIELD_DEFINITION
 (ID, REVISION, PARENT_ID, FIELD_ID, COLUMN_NAME, COLUMN_TYPE, REPORT_COLUMN_NAME, PRODUCT_FIELD, FIELD_TYPE, ENTITY_LOOKUP, ENTITY_LOOKUP_KEY, ORDER_BY, GENERATOR, REFER_TABLE, KEY_COLUMN, LOOKUP_COLUMN, MANDATORY, MIN_LENGTH, MAX_LENGTH, MIN_VALUE, MAX_VALUE, CONSTANT_VALUE, UNIQUE_KEY, CREATE_USER, CREATED_ON, LINE_NO, MANAGED, FIELD_PATH, DATA_TYPE, DATA1, DATA2, TRANSITIVE_FIELDS, FORMULA, ENTITY_LOOKUP_TYPE)
VALUES ('efdbe9e347f54d6a8c74c8312e37bece', 0, '3a3b01f87c4947e68d068b7ef70f1ebf', 'custHcl3Ver', 'CUST_HCL3_VER', 'NUMBER(20, 0)', 'N/A', 0, 'integer', '', '', '', '', '', '', '', 0, NULL, 18, NULL, NULL, '', '', 'system', systimestamp, '84', 0, 'entity.vendorInvoiceContacts.custHcl3Ver', '', '', '', '', '', '');
INSERT INTO CNT_FIELD_DEFINITION
 (ID, REVISION, PARENT_ID, FIELD_ID, COLUMN_NAME, COLUMN_TYPE, REPORT_COLUMN_NAME, PRODUCT_FIELD, FIELD_TYPE, ENTITY_LOOKUP, ENTITY_LOOKUP_KEY, ORDER_BY, GENERATOR, REFER_TABLE, KEY_COLUMN, LOOKUP_COLUMN, MANDATORY, MIN_LENGTH, MAX_LENGTH, MIN_VALUE, MAX_VALUE, CONSTANT_VALUE, UNIQUE_KEY, CREATE_USER, CREATED_ON, LINE_NO, MANAGED, FIELD_PATH, DATA_TYPE, DATA1, DATA2, TRANSITIVE_FIELDS, FORMULA, ENTITY_LOOKUP_TYPE)
VALUES ('22e929b0735e40f3b1720a3b5201493a', 0, '3a3b01f87c4947e68d068b7ef70f1ebf', 'custHcl3Ref2', 'CUST_HCL3_REF2', 'NVARCHAR2(1000)', 'N/A', 0, 'string-l', '', '', '', '', '', '', '', 0, NULL, 1000, NULL, NULL, '', '', 'system', systimestamp, '85', 0, 'entity.vendorInvoiceContacts.custHcl3Ref2', '', '', '', '', '', '');
INSERT INTO CNT_FIELD_DEFINITION
 (ID, REVISION, PARENT_ID, FIELD_ID, COLUMN_NAME, COLUMN_TYPE, REPORT_COLUMN_NAME, PRODUCT_FIELD, FIELD_TYPE, ENTITY_LOOKUP, ENTITY_LOOKUP_KEY, ORDER_BY, GENERATOR, REFER_TABLE, KEY_COLUMN, LOOKUP_COLUMN, MANDATORY, MIN_LENGTH, MAX_LENGTH, MIN_VALUE, MAX_VALUE, CONSTANT_VALUE, UNIQUE_KEY, CREATE_USER, CREATED_ON, LINE_NO, MANAGED, FIELD_PATH, DATA_TYPE, DATA1, DATA2, TRANSITIVE_FIELDS, FORMULA, ENTITY_LOOKUP_TYPE)
VALUES ('c6f17729ecdd426aa74ff8daeab97f2f', 0, '3a3b01f87c4947e68d068b7ef70f1ebf', 'custHcl3FullLineage', 'CUST_HCL3_FULL_LINEAGE', 'NVARCHAR2(1000)', 'N/A', 0, 'string-l', '', '', '', '', '', '', '', 0, NULL, 1000, NULL, NULL, '', '', 'system', systimestamp, '86', 0, 'entity.vendorInvoiceContacts.custHcl3FullLineage', '', '', '', '', '', '');
INSERT INTO CNT_FIELD_DEFINITION
 (ID, REVISION, PARENT_ID, FIELD_ID, COLUMN_NAME, COLUMN_TYPE, REPORT_COLUMN_NAME, PRODUCT_FIELD, FIELD_TYPE, ENTITY_LOOKUP, ENTITY_LOOKUP_KEY, ORDER_BY, GENERATOR, REFER_TABLE, KEY_COLUMN, LOOKUP_COLUMN, MANDATORY, MIN_LENGTH, MAX_LENGTH, MIN_VALUE, MAX_VALUE, CONSTANT_VALUE, UNIQUE_KEY, CREATE_USER, CREATED_ON, LINE_NO, MANAGED, FIELD_PATH, DATA_TYPE, DATA1, DATA2, TRANSITIVE_FIELDS, FORMULA, ENTITY_LOOKUP_TYPE)
VALUES ('94d176e5ddbf4e4999bbef8b418278fa', 0, '3a3b01f87c4947e68d068b7ef70f1ebf', 'custHcl4Ref', 'CUST_HCL4_REF', 'NVARCHAR2(1000)', 'N/A', 0, 'string-l', '', '', '', '', '', '', '', 0, NULL, 1000, NULL, NULL, '', '', 'system', systimestamp, '87', 0, 'entity.vendorInvoiceContacts.custHcl4Ref', '', '', '', '', '', '');
INSERT INTO CNT_FIELD_DEFINITION
 (ID, REVISION, PARENT_ID, FIELD_ID, COLUMN_NAME, COLUMN_TYPE, REPORT_COLUMN_NAME, PRODUCT_FIELD, FIELD_TYPE, ENTITY_LOOKUP, ENTITY_LOOKUP_KEY, ORDER_BY, GENERATOR, REFER_TABLE, KEY_COLUMN, LOOKUP_COLUMN, MANDATORY, MIN_LENGTH, MAX_LENGTH, MIN_VALUE, MAX_VALUE, CONSTANT_VALUE, UNIQUE_KEY, CREATE_USER, CREATED_ON, LINE_NO, MANAGED, FIELD_PATH, DATA_TYPE, DATA1, DATA2, TRANSITIVE_FIELDS, FORMULA, ENTITY_LOOKUP_TYPE)
VALUES ('03ca52d26b0a4fa59b3c87e8387d9a75', 0, '3a3b01f87c4947e68d068b7ef70f1ebf', 'custHcl4Ver', 'CUST_HCL4_VER', 'NUMBER(20, 0)', 'N/A', 0, 'integer', '', '', '', '', '', '', '', 0, NULL, 18, NULL, NULL, '', '', 'system', systimestamp, '88', 0, 'entity.vendorInvoiceContacts.custHcl4Ver', '', '', '', '', '', '');
INSERT INTO CNT_FIELD_DEFINITION
 (ID, REVISION, PARENT_ID, FIELD_ID, COLUMN_NAME, COLUMN_TYPE, REPORT_COLUMN_NAME, PRODUCT_FIELD, FIELD_TYPE, ENTITY_LOOKUP, ENTITY_LOOKUP_KEY, ORDER_BY, GENERATOR, REFER_TABLE, KEY_COLUMN, LOOKUP_COLUMN, MANDATORY, MIN_LENGTH, MAX_LENGTH, MIN_VALUE, MAX_VALUE, CONSTANT_VALUE, UNIQUE_KEY, CREATE_USER, CREATED_ON, LINE_NO, MANAGED, FIELD_PATH, DATA_TYPE, DATA1, DATA2, TRANSITIVE_FIELDS, FORMULA, ENTITY_LOOKUP_TYPE)
VALUES ('9b24b1a9f85e407bab1dba16c1974f1a', 0, '3a3b01f87c4947e68d068b7ef70f1ebf', 'custHcl4Ref2', 'CUST_HCL4_REF2', 'NVARCHAR2(1000)', 'N/A', 0, 'string-l', '', '', '', '', '', '', '', 0, NULL, 1000, NULL, NULL, '', '', 'system', systimestamp, '89', 0, 'entity.vendorInvoiceContacts.custHcl4Ref2', '', '', '', '', '', '');
INSERT INTO CNT_FIELD_DEFINITION
 (ID, REVISION, PARENT_ID, FIELD_ID, COLUMN_NAME, COLUMN_TYPE, REPORT_COLUMN_NAME, PRODUCT_FIELD, FIELD_TYPE, ENTITY_LOOKUP, ENTITY_LOOKUP_KEY, ORDER_BY, GENERATOR, REFER_TABLE, KEY_COLUMN, LOOKUP_COLUMN, MANDATORY, MIN_LENGTH, MAX_LENGTH, MIN_VALUE, MAX_VALUE, CONSTANT_VALUE, UNIQUE_KEY, CREATE_USER, CREATED_ON, LINE_NO, MANAGED, FIELD_PATH, DATA_TYPE, DATA1, DATA2, TRANSITIVE_FIELDS, FORMULA, ENTITY_LOOKUP_TYPE)
VALUES ('cd48607377964b82b21ad34199777955', 0, '3a3b01f87c4947e68d068b7ef70f1ebf', 'custHcl4FullLineage', 'CUST_HCL4_FULL_LINEAGE', 'NVARCHAR2(1000)', 'N/A', 0, 'string-l', '', '', '', '', '', '', '', 0, NULL, 1000, NULL, NULL, '', '', 'system', systimestamp, '90', 0, 'entity.vendorInvoiceContacts.custHcl4FullLineage', '', '', '', '', '', '');
INSERT INTO CNT_FIELD_DEFINITION
 (ID, REVISION, PARENT_ID, FIELD_ID, COLUMN_NAME, COLUMN_TYPE, REPORT_COLUMN_NAME, PRODUCT_FIELD, FIELD_TYPE, ENTITY_LOOKUP, ENTITY_LOOKUP_KEY, ORDER_BY, GENERATOR, REFER_TABLE, KEY_COLUMN, LOOKUP_COLUMN, MANDATORY, MIN_LENGTH, MAX_LENGTH, MIN_VALUE, MAX_VALUE, CONSTANT_VALUE, UNIQUE_KEY, CREATE_USER, CREATED_ON, LINE_NO, MANAGED, FIELD_PATH, DATA_TYPE, DATA1, DATA2, TRANSITIVE_FIELDS, FORMULA, ENTITY_LOOKUP_TYPE)
VALUES ('2914712ccdd74100a971fd46c9f5a1ab', 0, '3a3b01f87c4947e68d068b7ef70f1ebf', 'custHcl5Ref', 'CUST_HCL5_REF', 'NVARCHAR2(1000)', 'N/A', 0, 'string-l', '', '', '', '', '', '', '', 0, NULL, 1000, NULL, NULL, '', '', 'system', systimestamp, '91', 0, 'entity.vendorInvoiceContacts.custHcl5Ref', '', '', '', '', '', '');
INSERT INTO CNT_FIELD_DEFINITION
 (ID, REVISION, PARENT_ID, FIELD_ID, COLUMN_NAME, COLUMN_TYPE, REPORT_COLUMN_NAME, PRODUCT_FIELD, FIELD_TYPE, ENTITY_LOOKUP, ENTITY_LOOKUP_KEY, ORDER_BY, GENERATOR, REFER_TABLE, KEY_COLUMN, LOOKUP_COLUMN, MANDATORY, MIN_LENGTH, MAX_LENGTH, MIN_VALUE, MAX_VALUE, CONSTANT_VALUE, UNIQUE_KEY, CREATE_USER, CREATED_ON, LINE_NO, MANAGED, FIELD_PATH, DATA_TYPE, DATA1, DATA2, TRANSITIVE_FIELDS, FORMULA, ENTITY_LOOKUP_TYPE)
VALUES ('c35b5003582c4a67a013b53064f975c3', 0, '3a3b01f87c4947e68d068b7ef70f1ebf', 'custHcl5Ver', 'CUST_HCL5_VER', 'NUMBER(20, 0)', 'N/A', 0, 'integer', '', '', '', '', '', '', '', 0, NULL, 18, NULL, NULL, '', '', 'system', systimestamp, '92', 0, 'entity.vendorInvoiceContacts.custHcl5Ver', '', '', '', '', '', '');
INSERT INTO CNT_FIELD_DEFINITION
 (ID, REVISION, PARENT_ID, FIELD_ID, COLUMN_NAME, COLUMN_TYPE, REPORT_COLUMN_NAME, PRODUCT_FIELD, FIELD_TYPE, ENTITY_LOOKUP, ENTITY_LOOKUP_KEY, ORDER_BY, GENERATOR, REFER_TABLE, KEY_COLUMN, LOOKUP_COLUMN, MANDATORY, MIN_LENGTH, MAX_LENGTH, MIN_VALUE, MAX_VALUE, CONSTANT_VALUE, UNIQUE_KEY, CREATE_USER, CREATED_ON, LINE_NO, MANAGED, FIELD_PATH, DATA_TYPE, DATA1, DATA2, TRANSITIVE_FIELDS, FORMULA, ENTITY_LOOKUP_TYPE)
VALUES ('161a17e4f428451a830d2cc38fd66a91', 0, '3a3b01f87c4947e68d068b7ef70f1ebf', 'custHcl5Ref2', 'CUST_HCL5_REF2', 'NVARCHAR2(1000)', 'N/A', 0, 'string-l', '', '', '', '', '', '', '', 0, NULL, 1000, NULL, NULL, '', '', 'system', systimestamp, '93', 0, 'entity.vendorInvoiceContacts.custHcl5Ref2', '', '', '', '', '', '');
INSERT INTO CNT_FIELD_DEFINITION
 (ID, REVISION, PARENT_ID, FIELD_ID, COLUMN_NAME, COLUMN_TYPE, REPORT_COLUMN_NAME, PRODUCT_FIELD, FIELD_TYPE, ENTITY_LOOKUP, ENTITY_LOOKUP_KEY, ORDER_BY, GENERATOR, REFER_TABLE, KEY_COLUMN, LOOKUP_COLUMN, MANDATORY, MIN_LENGTH, MAX_LENGTH, MIN_VALUE, MAX_VALUE, CONSTANT_VALUE, UNIQUE_KEY, CREATE_USER, CREATED_ON, LINE_NO, MANAGED, FIELD_PATH, DATA_TYPE, DATA1, DATA2, TRANSITIVE_FIELDS, FORMULA, ENTITY_LOOKUP_TYPE)
VALUES ('ed489d7274f64ef7af514ba8815b0f68', 0, '3a3b01f87c4947e68d068b7ef70f1ebf', 'custHcl5FullLineage', 'CUST_HCL5_FULL_LINEAGE', 'NVARCHAR2(1000)', 'N/A', 0, 'string-l', '', '', '', '', '', '', '', 0, NULL, 1000, NULL, NULL, '', '', 'system', systimestamp, '94', 0, 'entity.vendorInvoiceContacts.custHcl5FullLineage', '', '', '', '', '', '');
INSERT INTO CNT_ENTITY_DEFINITION
 (ID, REVISION, ENTITY_NAME, ENTITY_VERSION, PRODUCT_TABLE_NAME, CUSTOM_TABLE_NAME, REPORT_TABLE_NAME, MODULE, TYPE, REVISION_TRACKING, VERSION_TRACKING, HISTORY_ENTITY_NAME, REF_PATTERN, SYSTEM_ENTITY, CREATE_USER, CREATED_ON, IS_FOR_EXTERNAL)
VALUES ('04098c0597124705ad32c63cc1e60ce0', 0, 'VendorInvoiceAddress', 1, 'CNT_VI_ADDRESS', 'CTM_VENDOR_INVOICE', 'VENDOR_INVOICE_ADDRESS', 'vendorInvoice', 'inner', '', 'ALL', '', '', 0, 'system', systimestamp, 0);
INSERT INTO CNT_FIELD_DEFINITION
 (ID, REVISION, PARENT_ID, FIELD_ID, COLUMN_NAME, COLUMN_TYPE, REPORT_COLUMN_NAME, PRODUCT_FIELD, FIELD_TYPE, ENTITY_LOOKUP, ENTITY_LOOKUP_KEY, ORDER_BY, GENERATOR, REFER_TABLE, KEY_COLUMN, LOOKUP_COLUMN, MANDATORY, MIN_LENGTH, MAX_LENGTH, MIN_VALUE, MAX_VALUE, CONSTANT_VALUE, UNIQUE_KEY, CREATE_USER, CREATED_ON, LINE_NO, MANAGED, FIELD_PATH, DATA_TYPE, DATA1, DATA2, TRANSITIVE_FIELDS, FORMULA, ENTITY_LOOKUP_TYPE)
VALUES ('b6e7112b9a234b0f9185a2b367997ff4', 0, '04098c0597124705ad32c63cc1e60ce0', 'id', 'ID', 'CHAR(32)', '', 1, 'id', '', '', '', 'com.core.cbx.data.generator.UUIDGenerator', '', '', '', 0, 32, 32, NULL, NULL, '', '', 'system', systimestamp, '0', 0, 'entity.vendorInvoiceAddresses.id', '', '', '', '', '', '');
INSERT INTO CNT_FIELD_DEFINITION
 (ID, REVISION, PARENT_ID, FIELD_ID, COLUMN_NAME, COLUMN_TYPE, REPORT_COLUMN_NAME, PRODUCT_FIELD, FIELD_TYPE, ENTITY_LOOKUP, ENTITY_LOOKUP_KEY, ORDER_BY, GENERATOR, REFER_TABLE, KEY_COLUMN, LOOKUP_COLUMN, MANDATORY, MIN_LENGTH, MAX_LENGTH, MIN_VALUE, MAX_VALUE, CONSTANT_VALUE, UNIQUE_KEY, CREATE_USER, CREATED_ON, LINE_NO, MANAGED, FIELD_PATH, DATA_TYPE, DATA1, DATA2, TRANSITIVE_FIELDS, FORMULA, ENTITY_LOOKUP_TYPE)
VALUES ('2e74ee35a3c24205a4cc826b59f7fb60', 0, '04098c0597124705ad32c63cc1e60ce0', 'revision', 'REVISION', 'NUMBER(20, 0)', '', 1, 'integer', '', '', '', '', '', '', '', 0, NULL, 18, NULL, NULL, '', '', 'system', systimestamp, '1', 0, 'entity.vendorInvoiceAddresses.revision', '', '', '', '', '', '');
INSERT INTO CNT_FIELD_DEFINITION
 (ID, REVISION, PARENT_ID, FIELD_ID, COLUMN_NAME, COLUMN_TYPE, REPORT_COLUMN_NAME, PRODUCT_FIELD, FIELD_TYPE, ENTITY_LOOKUP, ENTITY_LOOKUP_KEY, ORDER_BY, GENERATOR, REFER_TABLE, KEY_COLUMN, LOOKUP_COLUMN, MANDATORY, MIN_LENGTH, MAX_LENGTH, MIN_VALUE, MAX_VALUE, CONSTANT_VALUE, UNIQUE_KEY, CREATE_USER, CREATED_ON, LINE_NO, MANAGED, FIELD_PATH, DATA_TYPE, DATA1, DATA2, TRANSITIVE_FIELDS, FORMULA, ENTITY_LOOKUP_TYPE)
VALUES ('8cc43abec9284ce286bb19796ff0a2ec', 0, '04098c0597124705ad32c63cc1e60ce0', 'entityVersion', 'ENTITY_VERSION', 'NUMBER(20, 0)', '', 1, 'integer', '', '', '', '', '', '', '', 0, NULL, 18, NULL, NULL, '', '', 'system', systimestamp, '2', 0, 'entity.vendorInvoiceAddresses.entityVersion', '', '', '', '', '', '');
INSERT INTO CNT_FIELD_DEFINITION
 (ID, REVISION, PARENT_ID, FIELD_ID, COLUMN_NAME, COLUMN_TYPE, REPORT_COLUMN_NAME, PRODUCT_FIELD, FIELD_TYPE, ENTITY_LOOKUP, ENTITY_LOOKUP_KEY, ORDER_BY, GENERATOR, REFER_TABLE, KEY_COLUMN, LOOKUP_COLUMN, MANDATORY, MIN_LENGTH, MAX_LENGTH, MIN_VALUE, MAX_VALUE, CONSTANT_VALUE, UNIQUE_KEY, CREATE_USER, CREATED_ON, LINE_NO, MANAGED, FIELD_PATH, DATA_TYPE, DATA1, DATA2, TRANSITIVE_FIELDS, FORMULA, ENTITY_LOOKUP_TYPE)
VALUES ('99b3eaf9a40c4553ad3d00956838cd94', 0, '04098c0597124705ad32c63cc1e60ce0', 'domainId', 'DOMAIN_ID', 'NVARCHAR2(400)', '', 1, 'string-m', '', '', '', '', '', '', '', 0, NULL, 400, NULL, NULL, '', '', 'system', systimestamp, '3', 0, 'entity.vendorInvoiceAddresses.domainId', '', '', '', '', '', '');
INSERT INTO CNT_FIELD_DEFINITION
 (ID, REVISION, PARENT_ID, FIELD_ID, COLUMN_NAME, COLUMN_TYPE, REPORT_COLUMN_NAME, PRODUCT_FIELD, FIELD_TYPE, ENTITY_LOOKUP, ENTITY_LOOKUP_KEY, ORDER_BY, GENERATOR, REFER_TABLE, KEY_COLUMN, LOOKUP_COLUMN, MANDATORY, MIN_LENGTH, MAX_LENGTH, MIN_VALUE, MAX_VALUE, CONSTANT_VALUE, UNIQUE_KEY, CREATE_USER, CREATED_ON, LINE_NO, MANAGED, FIELD_PATH, DATA_TYPE, DATA1, DATA2, TRANSITIVE_FIELDS, FORMULA, ENTITY_LOOKUP_TYPE)
VALUES ('31477cc211564e2ba3a1bbc69473199a', 0, '04098c0597124705ad32c63cc1e60ce0', 'hubDomainId', 'HUB_DOMAIN_ID', 'NVARCHAR2(400)', '', 1, 'string-m', '', '', '', '', '', '', '', 0, NULL, 400, NULL, NULL, '', '', 'system', systimestamp, '4', 0, 'entity.vendorInvoiceAddresses.hubDomainId', '', '', '', '', '', '');
INSERT INTO CNT_FIELD_DEFINITION
 (ID, REVISION, PARENT_ID, FIELD_ID, COLUMN_NAME, COLUMN_TYPE, REPORT_COLUMN_NAME, PRODUCT_FIELD, FIELD_TYPE, ENTITY_LOOKUP, ENTITY_LOOKUP_KEY, ORDER_BY, GENERATOR, REFER_TABLE, KEY_COLUMN, LOOKUP_COLUMN, MANDATORY, MIN_LENGTH, MAX_LENGTH, MIN_VALUE, MAX_VALUE, CONSTANT_VALUE, UNIQUE_KEY, CREATE_USER, CREATED_ON, LINE_NO, MANAGED, FIELD_PATH, DATA_TYPE, DATA1, DATA2, TRANSITIVE_FIELDS, FORMULA, ENTITY_LOOKUP_TYPE)
VALUES ('ca4e8d3993bb4c629f467a1b7a7d5bc7', 0, '04098c0597124705ad32c63cc1e60ce0', 'isForReference', 'IS_FOR_REFERENCE', 'NUMBER(1,0)', '', 1, 'boolean', '', '', '', '', '', '', '', 0, NULL, NULL, NULL, NULL, '', '', 'system', systimestamp, '5', 0, 'entity.vendorInvoiceAddresses.isForReference', '', '', '', '', '', '');
INSERT INTO CNT_FIELD_DEFINITION
 (ID, REVISION, PARENT_ID, FIELD_ID, COLUMN_NAME, COLUMN_TYPE, REPORT_COLUMN_NAME, PRODUCT_FIELD, FIELD_TYPE, ENTITY_LOOKUP, ENTITY_LOOKUP_KEY, ORDER_BY, GENERATOR, REFER_TABLE, KEY_COLUMN, LOOKUP_COLUMN, MANDATORY, MIN_LENGTH, MAX_LENGTH, MIN_VALUE, MAX_VALUE, CONSTANT_VALUE, UNIQUE_KEY, CREATE_USER, CREATED_ON, LINE_NO, MANAGED, FIELD_PATH, DATA_TYPE, DATA1, DATA2, TRANSITIVE_FIELDS, FORMULA, ENTITY_LOOKUP_TYPE)
VALUES ('8eaa41a9906c4c569b28a1bbc515e87a', 0, '04098c0597124705ad32c63cc1e60ce0', 'internalSeqNo', 'INTERNAL_SEQ_NO', 'NUMBER(20, 0)', 'n/a', 1, 'integer', '', '', '', '', '', '', '', 0, NULL, 18, NULL, NULL, '', '', 'system', systimestamp, '6', 0, 'entity.vendorInvoiceAddresses.internalSeqNo', '', '', '', '', '', '');
INSERT INTO CNT_FIELD_DEFINITION
 (ID, REVISION, PARENT_ID, FIELD_ID, COLUMN_NAME, COLUMN_TYPE, REPORT_COLUMN_NAME, PRODUCT_FIELD, FIELD_TYPE, ENTITY_LOOKUP, ENTITY_LOOKUP_KEY, ORDER_BY, GENERATOR, REFER_TABLE, KEY_COLUMN, LOOKUP_COLUMN, MANDATORY, MIN_LENGTH, MAX_LENGTH, MIN_VALUE, MAX_VALUE, CONSTANT_VALUE, UNIQUE_KEY, CREATE_USER, CREATED_ON, LINE_NO, MANAGED, FIELD_PATH, DATA_TYPE, DATA1, DATA2, TRANSITIVE_FIELDS, FORMULA, ENTITY_LOOKUP_TYPE)
VALUES ('c9df636605d6457a96df8f46ca6c165b', 0, '04098c0597124705ad32c63cc1e60ce0', 'vendorInvoiceId', 'VENDOR_INVOICE_ID', 'CHAR(32)', 'VENDOR_INVOICE_SYS_ID', 1, 'id', '', '', '', '', '', '', '', 1, 32, 32, NULL, NULL, '', '', 'system', systimestamp, '7', 0, 'entity.vendorInvoiceAddresses.vendorInvoiceId', '', '', '', '', '', '');
INSERT INTO CNT_FIELD_DEFINITION
 (ID, REVISION, PARENT_ID, FIELD_ID, COLUMN_NAME, COLUMN_TYPE, REPORT_COLUMN_NAME, PRODUCT_FIELD, FIELD_TYPE, ENTITY_LOOKUP, ENTITY_LOOKUP_KEY, ORDER_BY, GENERATOR, REFER_TABLE, KEY_COLUMN, LOOKUP_COLUMN, MANDATORY, MIN_LENGTH, MAX_LENGTH, MIN_VALUE, MAX_VALUE, CONSTANT_VALUE, UNIQUE_KEY, CREATE_USER, CREATED_ON, LINE_NO, MANAGED, FIELD_PATH, DATA_TYPE, DATA1, DATA2, TRANSITIVE_FIELDS, FORMULA, ENTITY_LOOKUP_TYPE)
VALUES ('fb107f4b814245f388447e4f18e23801', 0, '04098c0597124705ad32c63cc1e60ce0', 'companyName', 'COMPANY_NAME', 'NVARCHAR2(400)', 'COMPANY_NAME', 1, 'string-m', '', '', '', '', '', '', '', 0, NULL, 400, NULL, NULL, '', '', 'system', systimestamp, '8', 0, 'entity.vendorInvoiceAddresses.companyName', '', '', '', '', '', '');
INSERT INTO CNT_FIELD_DEFINITION
 (ID, REVISION, PARENT_ID, FIELD_ID, COLUMN_NAME, COLUMN_TYPE, REPORT_COLUMN_NAME, PRODUCT_FIELD, FIELD_TYPE, ENTITY_LOOKUP, ENTITY_LOOKUP_KEY, ORDER_BY, GENERATOR, REFER_TABLE, KEY_COLUMN, LOOKUP_COLUMN, MANDATORY, MIN_LENGTH, MAX_LENGTH, MIN_VALUE, MAX_VALUE, CONSTANT_VALUE, UNIQUE_KEY, CREATE_USER, CREATED_ON, LINE_NO, MANAGED, FIELD_PATH, DATA_TYPE, DATA1, DATA2, TRANSITIVE_FIELDS, FORMULA, ENTITY_LOOKUP_TYPE)
VALUES ('16f395d5268148eabaf95888f28212ec', 0, '04098c0597124705ad32c63cc1e60ce0', 'address1', 'ADDRESS1', 'NVARCHAR2(1000)', 'ADDRESS1', 1, 'string-l', '', '', '', '', '', '', '', 0, NULL, 1000, NULL, NULL, '', '', 'system', systimestamp, '9', 0, 'entity.vendorInvoiceAddresses.address1', '', '', '', '', '', '');
INSERT INTO CNT_FIELD_DEFINITION
 (ID, REVISION, PARENT_ID, FIELD_ID, COLUMN_NAME, COLUMN_TYPE, REPORT_COLUMN_NAME, PRODUCT_FIELD, FIELD_TYPE, ENTITY_LOOKUP, ENTITY_LOOKUP_KEY, ORDER_BY, GENERATOR, REFER_TABLE, KEY_COLUMN, LOOKUP_COLUMN, MANDATORY, MIN_LENGTH, MAX_LENGTH, MIN_VALUE, MAX_VALUE, CONSTANT_VALUE, UNIQUE_KEY, CREATE_USER, CREATED_ON, LINE_NO, MANAGED, FIELD_PATH, DATA_TYPE, DATA1, DATA2, TRANSITIVE_FIELDS, FORMULA, ENTITY_LOOKUP_TYPE)
VALUES ('1284d419f3ff4422b020f3e4ec6eae27', 0, '04098c0597124705ad32c63cc1e60ce0', 'address2', 'ADDRESS2', 'NVARCHAR2(1000)', 'ADDRESS2', 1, 'string-l', '', '', '', '', '', '', '', 0, NULL, 1000, NULL, NULL, '', '', 'system', systimestamp, '10', 0, 'entity.vendorInvoiceAddresses.address2', '', '', '', '', '', '');
INSERT INTO CNT_FIELD_DEFINITION
 (ID, REVISION, PARENT_ID, FIELD_ID, COLUMN_NAME, COLUMN_TYPE, REPORT_COLUMN_NAME, PRODUCT_FIELD, FIELD_TYPE, ENTITY_LOOKUP, ENTITY_LOOKUP_KEY, ORDER_BY, GENERATOR, REFER_TABLE, KEY_COLUMN, LOOKUP_COLUMN, MANDATORY, MIN_LENGTH, MAX_LENGTH, MIN_VALUE, MAX_VALUE, CONSTANT_VALUE, UNIQUE_KEY, CREATE_USER, CREATED_ON, LINE_NO, MANAGED, FIELD_PATH, DATA_TYPE, DATA1, DATA2, TRANSITIVE_FIELDS, FORMULA, ENTITY_LOOKUP_TYPE)
VALUES ('6ed8896b9e73433fadb39da90269a226', 0, '04098c0597124705ad32c63cc1e60ce0', 'address3', 'ADDRESS3', 'NVARCHAR2(1000)', 'ADDRESS3', 1, 'string-l', '', '', '', '', '', '', '', 0, NULL, 1000, NULL, NULL, '', '', 'system', systimestamp, '11', 0, 'entity.vendorInvoiceAddresses.address3', '', '', '', '', '', '');
INSERT INTO CNT_FIELD_DEFINITION
 (ID, REVISION, PARENT_ID, FIELD_ID, COLUMN_NAME, COLUMN_TYPE, REPORT_COLUMN_NAME, PRODUCT_FIELD, FIELD_TYPE, ENTITY_LOOKUP, ENTITY_LOOKUP_KEY, ORDER_BY, GENERATOR, REFER_TABLE, KEY_COLUMN, LOOKUP_COLUMN, MANDATORY, MIN_LENGTH, MAX_LENGTH, MIN_VALUE, MAX_VALUE, CONSTANT_VALUE, UNIQUE_KEY, CREATE_USER, CREATED_ON, LINE_NO, MANAGED, FIELD_PATH, DATA_TYPE, DATA1, DATA2, TRANSITIVE_FIELDS, FORMULA, ENTITY_LOOKUP_TYPE)
VALUES ('a1f0cc71b1b84a2b8221f224dfce8e37', 0, '04098c0597124705ad32c63cc1e60ce0', 'address4', 'ADDRESS4', 'NVARCHAR2(1000)', 'ADDRESS4', 1, 'string-l', '', '', '', '', '', '', '', 0, NULL, 1000, NULL, NULL, '', '', 'system', systimestamp, '12', 0, 'entity.vendorInvoiceAddresses.address4', '', '', '', '', '', '');
INSERT INTO CNT_FIELD_DEFINITION
 (ID, REVISION, PARENT_ID, FIELD_ID, COLUMN_NAME, COLUMN_TYPE, REPORT_COLUMN_NAME, PRODUCT_FIELD, FIELD_TYPE, ENTITY_LOOKUP, ENTITY_LOOKUP_KEY, ORDER_BY, GENERATOR, REFER_TABLE, KEY_COLUMN, LOOKUP_COLUMN, MANDATORY, MIN_LENGTH, MAX_LENGTH, MIN_VALUE, MAX_VALUE, CONSTANT_VALUE, UNIQUE_KEY, CREATE_USER, CREATED_ON, LINE_NO, MANAGED, FIELD_PATH, DATA_TYPE, DATA1, DATA2, TRANSITIVE_FIELDS, FORMULA, ENTITY_LOOKUP_TYPE)
VALUES ('3e1c06b40f0e4eceb4cb9c0d5afcf11e', 0, '04098c0597124705ad32c63cc1e60ce0', 'city', 'CITY', 'NVARCHAR2(400)', 'CITY', 1, 'string-m', '', '', '', '', '', '', '', 0, NULL, 400, NULL, NULL, '', '', 'system', systimestamp, '13', 0, 'entity.vendorInvoiceAddresses.city', '', '', '', '', '', '');
INSERT INTO CNT_FIELD_DEFINITION
 (ID, REVISION, PARENT_ID, FIELD_ID, COLUMN_NAME, COLUMN_TYPE, REPORT_COLUMN_NAME, PRODUCT_FIELD, FIELD_TYPE, ENTITY_LOOKUP, ENTITY_LOOKUP_KEY, ORDER_BY, GENERATOR, REFER_TABLE, KEY_COLUMN, LOOKUP_COLUMN, MANDATORY, MIN_LENGTH, MAX_LENGTH, MIN_VALUE, MAX_VALUE, CONSTANT_VALUE, UNIQUE_KEY, CREATE_USER, CREATED_ON, LINE_NO, MANAGED, FIELD_PATH, DATA_TYPE, DATA1, DATA2, TRANSITIVE_FIELDS, FORMULA, ENTITY_LOOKUP_TYPE)
VALUES ('249f2459215d4320aba3cc6bd8db714a', 0, '04098c0597124705ad32c63cc1e60ce0', 'district', 'DISTRICT', 'NVARCHAR2(400)', 'DISTRICT', 1, 'string-m', '', '', '', '', '', '', '', 0, NULL, 400, NULL, NULL, '', '', 'system', systimestamp, '14', 0, 'entity.vendorInvoiceAddresses.district', '', '', '', '', '', '');
INSERT INTO CNT_FIELD_DEFINITION
 (ID, REVISION, PARENT_ID, FIELD_ID, COLUMN_NAME, COLUMN_TYPE, REPORT_COLUMN_NAME, PRODUCT_FIELD, FIELD_TYPE, ENTITY_LOOKUP, ENTITY_LOOKUP_KEY, ORDER_BY, GENERATOR, REFER_TABLE, KEY_COLUMN, LOOKUP_COLUMN, MANDATORY, MIN_LENGTH, MAX_LENGTH, MIN_VALUE, MAX_VALUE, CONSTANT_VALUE, UNIQUE_KEY, CREATE_USER, CREATED_ON, LINE_NO, MANAGED, FIELD_PATH, DATA_TYPE, DATA1, DATA2, TRANSITIVE_FIELDS, FORMULA, ENTITY_LOOKUP_TYPE)
VALUES ('473cdd9958334fd4aeddd251e29a5cd6', 0, '04098c0597124705ad32c63cc1e60ce0', 'postalCode', 'POSTAL_CODE', 'NVARCHAR2(400)', 'POSTAL_CODE', 1, 'string-m', '', '', '', '', '', '', '', 0, NULL, 400, NULL, NULL, '', '', 'system', systimestamp, '15', 0, 'entity.vendorInvoiceAddresses.postalCode', '', '', '', '', '', '');
INSERT INTO CNT_FIELD_DEFINITION
 (ID, REVISION, PARENT_ID, FIELD_ID, COLUMN_NAME, COLUMN_TYPE, REPORT_COLUMN_NAME, PRODUCT_FIELD, FIELD_TYPE, ENTITY_LOOKUP, ENTITY_LOOKUP_KEY, ORDER_BY, GENERATOR, REFER_TABLE, KEY_COLUMN, LOOKUP_COLUMN, MANDATORY, MIN_LENGTH, MAX_LENGTH, MIN_VALUE, MAX_VALUE, CONSTANT_VALUE, UNIQUE_KEY, CREATE_USER, CREATED_ON, LINE_NO, MANAGED, FIELD_PATH, DATA_TYPE, DATA1, DATA2, TRANSITIVE_FIELDS, FORMULA, ENTITY_LOOKUP_TYPE)
VALUES ('38ba9bb931704a84a7b1d93eb6d4e74e', 0, '04098c0597124705ad32c63cc1e60ce0', 'country', 'COUNTRY', 'NVARCHAR2(400)', 'COUNTRY', 1, 'string-m', '', '', '', '', '', '', '', 0, NULL, 400, NULL, NULL, '', '', 'system', systimestamp, '16', 0, 'entity.vendorInvoiceAddresses.country', 'codelist', 'COUNTRY', '', '', '', '');
INSERT INTO CNT_FIELD_DEFINITION
 (ID, REVISION, PARENT_ID, FIELD_ID, COLUMN_NAME, COLUMN_TYPE, REPORT_COLUMN_NAME, PRODUCT_FIELD, FIELD_TYPE, ENTITY_LOOKUP, ENTITY_LOOKUP_KEY, ORDER_BY, GENERATOR, REFER_TABLE, KEY_COLUMN, LOOKUP_COLUMN, MANDATORY, MIN_LENGTH, MAX_LENGTH, MIN_VALUE, MAX_VALUE, CONSTANT_VALUE, UNIQUE_KEY, CREATE_USER, CREATED_ON, LINE_NO, MANAGED, FIELD_PATH, DATA_TYPE, DATA1, DATA2, TRANSITIVE_FIELDS, FORMULA, ENTITY_LOOKUP_TYPE)
VALUES ('b9e3f9ee3f6e445ea5e79d9e2c7f2069', 0, '04098c0597124705ad32c63cc1e60ce0', 'port', 'PORT', 'NVARCHAR2(400)', 'PORT', 1, 'string-m', '', '', '', '', '', '', '', 0, NULL, 400, NULL, NULL, '', '', 'system', systimestamp, '17', 0, 'entity.vendorInvoiceAddresses.port', 'codelist', 'PORT', '', '', '', '');
INSERT INTO CNT_FIELD_DEFINITION
 (ID, REVISION, PARENT_ID, FIELD_ID, COLUMN_NAME, COLUMN_TYPE, REPORT_COLUMN_NAME, PRODUCT_FIELD, FIELD_TYPE, ENTITY_LOOKUP, ENTITY_LOOKUP_KEY, ORDER_BY, GENERATOR, REFER_TABLE, KEY_COLUMN, LOOKUP_COLUMN, MANDATORY, MIN_LENGTH, MAX_LENGTH, MIN_VALUE, MAX_VALUE, CONSTANT_VALUE, UNIQUE_KEY, CREATE_USER, CREATED_ON, LINE_NO, MANAGED, FIELD_PATH, DATA_TYPE, DATA1, DATA2, TRANSITIVE_FIELDS, FORMULA, ENTITY_LOOKUP_TYPE)
VALUES ('142988b69d984ecfa1c2dc91b1a8bd68', 0, '04098c0597124705ad32c63cc1e60ce0', 'language', 'LANGUAGE', 'NVARCHAR2(400)', 'LANGUAGE', 1, 'string-m', '', '', '', '', '', '', '', 0, NULL, 400, NULL, NULL, '', '', 'system', systimestamp, '18', 0, 'entity.vendorInvoiceAddresses.language', 'codelist', 'LANGUAGE', '', '', '', '');
INSERT INTO CNT_FIELD_DEFINITION
 (ID, REVISION, PARENT_ID, FIELD_ID, COLUMN_NAME, COLUMN_TYPE, REPORT_COLUMN_NAME, PRODUCT_FIELD, FIELD_TYPE, ENTITY_LOOKUP, ENTITY_LOOKUP_KEY, ORDER_BY, GENERATOR, REFER_TABLE, KEY_COLUMN, LOOKUP_COLUMN, MANDATORY, MIN_LENGTH, MAX_LENGTH, MIN_VALUE, MAX_VALUE, CONSTANT_VALUE, UNIQUE_KEY, CREATE_USER, CREATED_ON, LINE_NO, MANAGED, FIELD_PATH, DATA_TYPE, DATA1, DATA2, TRANSITIVE_FIELDS, FORMULA, ENTITY_LOOKUP_TYPE)
VALUES ('9b54c094ad054c9aa5d69a8dd33edf38', 0, '04098c0597124705ad32c63cc1e60ce0', 'addressTypes', 'ADDRESS_TYPES', '', '', 1, 'selection', 'SelectionField', 'parentId', '', '', '', '', '', 0, NULL, NULL, NULL, NULL, '', '', 'system', systimestamp, '19', 0, 'entity.vendorInvoiceAddresses.addressTypes', '', '', '', '', '', '');
INSERT INTO CNT_FIELD_DEFINITION
 (ID, REVISION, PARENT_ID, FIELD_ID, COLUMN_NAME, COLUMN_TYPE, REPORT_COLUMN_NAME, PRODUCT_FIELD, FIELD_TYPE, ENTITY_LOOKUP, ENTITY_LOOKUP_KEY, ORDER_BY, GENERATOR, REFER_TABLE, KEY_COLUMN, LOOKUP_COLUMN, MANDATORY, MIN_LENGTH, MAX_LENGTH, MIN_VALUE, MAX_VALUE, CONSTANT_VALUE, UNIQUE_KEY, CREATE_USER, CREATED_ON, LINE_NO, MANAGED, FIELD_PATH, DATA_TYPE, DATA1, DATA2, TRANSITIVE_FIELDS, FORMULA, ENTITY_LOOKUP_TYPE)
VALUES ('3ae043f332994762a8822929a3686dd4', 0, '04098c0597124705ad32c63cc1e60ce0', 'custText1', 'CUST_TEXT1', 'NVARCHAR2(1000)', 'CUSTOM_FIELD_TEXT1', 0, 'string-l', '', '', '', '', '', '', '', 0, NULL, 1000, NULL, NULL, '', '', 'system', systimestamp, '20', 0, 'entity.vendorInvoiceAddresses.custText1', '', '', '', '', '', '');
INSERT INTO CNT_FIELD_DEFINITION
 (ID, REVISION, PARENT_ID, FIELD_ID, COLUMN_NAME, COLUMN_TYPE, REPORT_COLUMN_NAME, PRODUCT_FIELD, FIELD_TYPE, ENTITY_LOOKUP, ENTITY_LOOKUP_KEY, ORDER_BY, GENERATOR, REFER_TABLE, KEY_COLUMN, LOOKUP_COLUMN, MANDATORY, MIN_LENGTH, MAX_LENGTH, MIN_VALUE, MAX_VALUE, CONSTANT_VALUE, UNIQUE_KEY, CREATE_USER, CREATED_ON, LINE_NO, MANAGED, FIELD_PATH, DATA_TYPE, DATA1, DATA2, TRANSITIVE_FIELDS, FORMULA, ENTITY_LOOKUP_TYPE)
VALUES ('c8723f1ca795454494d891215229b10d', 0, '04098c0597124705ad32c63cc1e60ce0', 'custText2', 'CUST_TEXT2', 'NVARCHAR2(1000)', 'CUSTOM_FIELD_TEXT2', 0, 'string-l', '', '', '', '', '', '', '', 0, NULL, 1000, NULL, NULL, '', '', 'system', systimestamp, '21', 0, 'entity.vendorInvoiceAddresses.custText2', '', '', '', '', '', '');
INSERT INTO CNT_FIELD_DEFINITION
 (ID, REVISION, PARENT_ID, FIELD_ID, COLUMN_NAME, COLUMN_TYPE, REPORT_COLUMN_NAME, PRODUCT_FIELD, FIELD_TYPE, ENTITY_LOOKUP, ENTITY_LOOKUP_KEY, ORDER_BY, GENERATOR, REFER_TABLE, KEY_COLUMN, LOOKUP_COLUMN, MANDATORY, MIN_LENGTH, MAX_LENGTH, MIN_VALUE, MAX_VALUE, CONSTANT_VALUE, UNIQUE_KEY, CREATE_USER, CREATED_ON, LINE_NO, MANAGED, FIELD_PATH, DATA_TYPE, DATA1, DATA2, TRANSITIVE_FIELDS, FORMULA, ENTITY_LOOKUP_TYPE)
VALUES ('689b26e4c27c433aa1911caebcfd5183', 0, '04098c0597124705ad32c63cc1e60ce0', 'custText3', 'CUST_TEXT3', 'NVARCHAR2(1000)', 'CUSTOM_FIELD_TEXT3', 0, 'string-l', '', '', '', '', '', '', '', 0, NULL, 1000, NULL, NULL, '', '', 'system', systimestamp, '22', 0, 'entity.vendorInvoiceAddresses.custText3', '', '', '', '', '', '');
INSERT INTO CNT_FIELD_DEFINITION
 (ID, REVISION, PARENT_ID, FIELD_ID, COLUMN_NAME, COLUMN_TYPE, REPORT_COLUMN_NAME, PRODUCT_FIELD, FIELD_TYPE, ENTITY_LOOKUP, ENTITY_LOOKUP_KEY, ORDER_BY, GENERATOR, REFER_TABLE, KEY_COLUMN, LOOKUP_COLUMN, MANDATORY, MIN_LENGTH, MAX_LENGTH, MIN_VALUE, MAX_VALUE, CONSTANT_VALUE, UNIQUE_KEY, CREATE_USER, CREATED_ON, LINE_NO, MANAGED, FIELD_PATH, DATA_TYPE, DATA1, DATA2, TRANSITIVE_FIELDS, FORMULA, ENTITY_LOOKUP_TYPE)
VALUES ('ddd0fe2f426e48b29b0d5d3d6ceeb9d9', 0, '04098c0597124705ad32c63cc1e60ce0', 'custText4', 'CUST_TEXT4', 'NVARCHAR2(1000)', 'CUSTOM_FIELD_TEXT4', 0, 'string-l', '', '', '', '', '', '', '', 0, NULL, 1000, NULL, NULL, '', '', 'system', systimestamp, '23', 0, 'entity.vendorInvoiceAddresses.custText4', '', '', '', '', '', '');
INSERT INTO CNT_FIELD_DEFINITION
 (ID, REVISION, PARENT_ID, FIELD_ID, COLUMN_NAME, COLUMN_TYPE, REPORT_COLUMN_NAME, PRODUCT_FIELD, FIELD_TYPE, ENTITY_LOOKUP, ENTITY_LOOKUP_KEY, ORDER_BY, GENERATOR, REFER_TABLE, KEY_COLUMN, LOOKUP_COLUMN, MANDATORY, MIN_LENGTH, MAX_LENGTH, MIN_VALUE, MAX_VALUE, CONSTANT_VALUE, UNIQUE_KEY, CREATE_USER, CREATED_ON, LINE_NO, MANAGED, FIELD_PATH, DATA_TYPE, DATA1, DATA2, TRANSITIVE_FIELDS, FORMULA, ENTITY_LOOKUP_TYPE)
VALUES ('56aa908bf9654b5187b784c1465235f0', 0, '04098c0597124705ad32c63cc1e60ce0', 'custText5', 'CUST_TEXT5', 'NVARCHAR2(1000)', 'CUSTOM_FIELD_TEXT5', 0, 'string-l', '', '', '', '', '', '', '', 0, NULL, 1000, NULL, NULL, '', '', 'system', systimestamp, '24', 0, 'entity.vendorInvoiceAddresses.custText5', '', '', '', '', '', '');
INSERT INTO CNT_FIELD_DEFINITION
 (ID, REVISION, PARENT_ID, FIELD_ID, COLUMN_NAME, COLUMN_TYPE, REPORT_COLUMN_NAME, PRODUCT_FIELD, FIELD_TYPE, ENTITY_LOOKUP, ENTITY_LOOKUP_KEY, ORDER_BY, GENERATOR, REFER_TABLE, KEY_COLUMN, LOOKUP_COLUMN, MANDATORY, MIN_LENGTH, MAX_LENGTH, MIN_VALUE, MAX_VALUE, CONSTANT_VALUE, UNIQUE_KEY, CREATE_USER, CREATED_ON, LINE_NO, MANAGED, FIELD_PATH, DATA_TYPE, DATA1, DATA2, TRANSITIVE_FIELDS, FORMULA, ENTITY_LOOKUP_TYPE)
VALUES ('79181cd1a004460ca86694155f7f8c0a', 0, '04098c0597124705ad32c63cc1e60ce0', 'custText6', 'CUST_TEXT6', 'NVARCHAR2(1000)', 'CUSTOM_FIELD_TEXT6', 0, 'string-l', '', '', '', '', '', '', '', 0, NULL, 1000, NULL, NULL, '', '', 'system', systimestamp, '25', 0, 'entity.vendorInvoiceAddresses.custText6', '', '', '', '', '', '');
INSERT INTO CNT_FIELD_DEFINITION
 (ID, REVISION, PARENT_ID, FIELD_ID, COLUMN_NAME, COLUMN_TYPE, REPORT_COLUMN_NAME, PRODUCT_FIELD, FIELD_TYPE, ENTITY_LOOKUP, ENTITY_LOOKUP_KEY, ORDER_BY, GENERATOR, REFER_TABLE, KEY_COLUMN, LOOKUP_COLUMN, MANDATORY, MIN_LENGTH, MAX_LENGTH, MIN_VALUE, MAX_VALUE, CONSTANT_VALUE, UNIQUE_KEY, CREATE_USER, CREATED_ON, LINE_NO, MANAGED, FIELD_PATH, DATA_TYPE, DATA1, DATA2, TRANSITIVE_FIELDS, FORMULA, ENTITY_LOOKUP_TYPE)
VALUES ('8c9cefafca004fefab786f173b5e6f7c', 0, '04098c0597124705ad32c63cc1e60ce0', 'custText7', 'CUST_TEXT7', 'NVARCHAR2(1000)', 'CUSTOM_FIELD_TEXT7', 0, 'string-l', '', '', '', '', '', '', '', 0, NULL, 1000, NULL, NULL, '', '', 'system', systimestamp, '26', 0, 'entity.vendorInvoiceAddresses.custText7', '', '', '', '', '', '');
INSERT INTO CNT_FIELD_DEFINITION
 (ID, REVISION, PARENT_ID, FIELD_ID, COLUMN_NAME, COLUMN_TYPE, REPORT_COLUMN_NAME, PRODUCT_FIELD, FIELD_TYPE, ENTITY_LOOKUP, ENTITY_LOOKUP_KEY, ORDER_BY, GENERATOR, REFER_TABLE, KEY_COLUMN, LOOKUP_COLUMN, MANDATORY, MIN_LENGTH, MAX_LENGTH, MIN_VALUE, MAX_VALUE, CONSTANT_VALUE, UNIQUE_KEY, CREATE_USER, CREATED_ON, LINE_NO, MANAGED, FIELD_PATH, DATA_TYPE, DATA1, DATA2, TRANSITIVE_FIELDS, FORMULA, ENTITY_LOOKUP_TYPE)
VALUES ('258b6e1301be4f0883d043a09c052484', 0, '04098c0597124705ad32c63cc1e60ce0', 'custDate1', 'CUST_DATE1', 'DATE', 'CUSTOM_FIELD_DATE1', 0, 'date', '', '', '', '', '', '', '', 0, NULL, NULL, NULL, NULL, '', '', 'system', systimestamp, '27', 0, 'entity.vendorInvoiceAddresses.custDate1', '', '', '', '', '', '');
INSERT INTO CNT_FIELD_DEFINITION
 (ID, REVISION, PARENT_ID, FIELD_ID, COLUMN_NAME, COLUMN_TYPE, REPORT_COLUMN_NAME, PRODUCT_FIELD, FIELD_TYPE, ENTITY_LOOKUP, ENTITY_LOOKUP_KEY, ORDER_BY, GENERATOR, REFER_TABLE, KEY_COLUMN, LOOKUP_COLUMN, MANDATORY, MIN_LENGTH, MAX_LENGTH, MIN_VALUE, MAX_VALUE, CONSTANT_VALUE, UNIQUE_KEY, CREATE_USER, CREATED_ON, LINE_NO, MANAGED, FIELD_PATH, DATA_TYPE, DATA1, DATA2, TRANSITIVE_FIELDS, FORMULA, ENTITY_LOOKUP_TYPE)
VALUES ('02ce8f4c88e54d3eb7dcf1f23efe12fd', 0, '04098c0597124705ad32c63cc1e60ce0', 'custDate2', 'CUST_DATE2', 'DATE', 'CUSTOM_FIELD_DATE2', 0, 'date', '', '', '', '', '', '', '', 0, NULL, NULL, NULL, NULL, '', '', 'system', systimestamp, '28', 0, 'entity.vendorInvoiceAddresses.custDate2', '', '', '', '', '', '');
INSERT INTO CNT_FIELD_DEFINITION
 (ID, REVISION, PARENT_ID, FIELD_ID, COLUMN_NAME, COLUMN_TYPE, REPORT_COLUMN_NAME, PRODUCT_FIELD, FIELD_TYPE, ENTITY_LOOKUP, ENTITY_LOOKUP_KEY, ORDER_BY, GENERATOR, REFER_TABLE, KEY_COLUMN, LOOKUP_COLUMN, MANDATORY, MIN_LENGTH, MAX_LENGTH, MIN_VALUE, MAX_VALUE, CONSTANT_VALUE, UNIQUE_KEY, CREATE_USER, CREATED_ON, LINE_NO, MANAGED, FIELD_PATH, DATA_TYPE, DATA1, DATA2, TRANSITIVE_FIELDS, FORMULA, ENTITY_LOOKUP_TYPE)
VALUES ('2ce8a32e32594f199bef08a50f89120f', 0, '04098c0597124705ad32c63cc1e60ce0', 'custDate3', 'CUST_DATE3', 'DATE', 'CUSTOM_FIELD_DATE3', 0, 'date', '', '', '', '', '', '', '', 0, NULL, NULL, NULL, NULL, '', '', 'system', systimestamp, '29', 0, 'entity.vendorInvoiceAddresses.custDate3', '', '', '', '', '', '');
INSERT INTO CNT_FIELD_DEFINITION
 (ID, REVISION, PARENT_ID, FIELD_ID, COLUMN_NAME, COLUMN_TYPE, REPORT_COLUMN_NAME, PRODUCT_FIELD, FIELD_TYPE, ENTITY_LOOKUP, ENTITY_LOOKUP_KEY, ORDER_BY, GENERATOR, REFER_TABLE, KEY_COLUMN, LOOKUP_COLUMN, MANDATORY, MIN_LENGTH, MAX_LENGTH, MIN_VALUE, MAX_VALUE, CONSTANT_VALUE, UNIQUE_KEY, CREATE_USER, CREATED_ON, LINE_NO, MANAGED, FIELD_PATH, DATA_TYPE, DATA1, DATA2, TRANSITIVE_FIELDS, FORMULA, ENTITY_LOOKUP_TYPE)
VALUES ('590bf42ccec04cf6a6d621c0f5247b34', 0, '04098c0597124705ad32c63cc1e60ce0', 'custDate4', 'CUST_DATE4', 'DATE', 'CUSTOM_FIELD_DATE4', 0, 'date', '', '', '', '', '', '', '', 0, NULL, NULL, NULL, NULL, '', '', 'system', systimestamp, '30', 0, 'entity.vendorInvoiceAddresses.custDate4', '', '', '', '', '', '');
INSERT INTO CNT_FIELD_DEFINITION
 (ID, REVISION, PARENT_ID, FIELD_ID, COLUMN_NAME, COLUMN_TYPE, REPORT_COLUMN_NAME, PRODUCT_FIELD, FIELD_TYPE, ENTITY_LOOKUP, ENTITY_LOOKUP_KEY, ORDER_BY, GENERATOR, REFER_TABLE, KEY_COLUMN, LOOKUP_COLUMN, MANDATORY, MIN_LENGTH, MAX_LENGTH, MIN_VALUE, MAX_VALUE, CONSTANT_VALUE, UNIQUE_KEY, CREATE_USER, CREATED_ON, LINE_NO, MANAGED, FIELD_PATH, DATA_TYPE, DATA1, DATA2, TRANSITIVE_FIELDS, FORMULA, ENTITY_LOOKUP_TYPE)
VALUES ('a9926bc71ca24a9f99ffca616e09732b', 0, '04098c0597124705ad32c63cc1e60ce0', 'custDate5', 'CUST_DATE5', 'DATE', 'CUSTOM_FIELD_DATE5', 0, 'date', '', '', '', '', '', '', '', 0, NULL, NULL, NULL, NULL, '', '', 'system', systimestamp, '31', 0, 'entity.vendorInvoiceAddresses.custDate5', '', '', '', '', '', '');
INSERT INTO CNT_FIELD_DEFINITION
 (ID, REVISION, PARENT_ID, FIELD_ID, COLUMN_NAME, COLUMN_TYPE, REPORT_COLUMN_NAME, PRODUCT_FIELD, FIELD_TYPE, ENTITY_LOOKUP, ENTITY_LOOKUP_KEY, ORDER_BY, GENERATOR, REFER_TABLE, KEY_COLUMN, LOOKUP_COLUMN, MANDATORY, MIN_LENGTH, MAX_LENGTH, MIN_VALUE, MAX_VALUE, CONSTANT_VALUE, UNIQUE_KEY, CREATE_USER, CREATED_ON, LINE_NO, MANAGED, FIELD_PATH, DATA_TYPE, DATA1, DATA2, TRANSITIVE_FIELDS, FORMULA, ENTITY_LOOKUP_TYPE)
VALUES ('72ae40da8f074a7b899d9cc6c6e0f1a3', 0, '04098c0597124705ad32c63cc1e60ce0', 'custDate6', 'CUST_DATE6', 'DATE', 'CUSTOM_FIELD_DATE6', 0, 'date', '', '', '', '', '', '', '', 0, NULL, NULL, NULL, NULL, '', '', 'system', systimestamp, '32', 0, 'entity.vendorInvoiceAddresses.custDate6', '', '', '', '', '', '');
INSERT INTO CNT_FIELD_DEFINITION
 (ID, REVISION, PARENT_ID, FIELD_ID, COLUMN_NAME, COLUMN_TYPE, REPORT_COLUMN_NAME, PRODUCT_FIELD, FIELD_TYPE, ENTITY_LOOKUP, ENTITY_LOOKUP_KEY, ORDER_BY, GENERATOR, REFER_TABLE, KEY_COLUMN, LOOKUP_COLUMN, MANDATORY, MIN_LENGTH, MAX_LENGTH, MIN_VALUE, MAX_VALUE, CONSTANT_VALUE, UNIQUE_KEY, CREATE_USER, CREATED_ON, LINE_NO, MANAGED, FIELD_PATH, DATA_TYPE, DATA1, DATA2, TRANSITIVE_FIELDS, FORMULA, ENTITY_LOOKUP_TYPE)
VALUES ('8fca6188e3d9473cbba65557cc6bc86b', 0, '04098c0597124705ad32c63cc1e60ce0', 'custDate7', 'CUST_DATE7', 'DATE', 'CUSTOM_FIELD_DATE7', 0, 'date', '', '', '', '', '', '', '', 0, NULL, NULL, NULL, NULL, '', '', 'system', systimestamp, '33', 0, 'entity.vendorInvoiceAddresses.custDate7', '', '', '', '', '', '');
INSERT INTO CNT_FIELD_DEFINITION
 (ID, REVISION, PARENT_ID, FIELD_ID, COLUMN_NAME, COLUMN_TYPE, REPORT_COLUMN_NAME, PRODUCT_FIELD, FIELD_TYPE, ENTITY_LOOKUP, ENTITY_LOOKUP_KEY, ORDER_BY, GENERATOR, REFER_TABLE, KEY_COLUMN, LOOKUP_COLUMN, MANDATORY, MIN_LENGTH, MAX_LENGTH, MIN_VALUE, MAX_VALUE, CONSTANT_VALUE, UNIQUE_KEY, CREATE_USER, CREATED_ON, LINE_NO, MANAGED, FIELD_PATH, DATA_TYPE, DATA1, DATA2, TRANSITIVE_FIELDS, FORMULA, ENTITY_LOOKUP_TYPE)
VALUES ('5954ee98ba094303b2a592cebfbbbac6', 0, '04098c0597124705ad32c63cc1e60ce0', 'custNumber1', 'CUST_NUMBER1', 'NUMBER(20, 0)', 'CUSTOM_FIELD_NUMBER1', 0, 'integer', '', '', '', '', '', '', '', 0, NULL, 18, NULL, NULL, '', '', 'system', systimestamp, '34', 0, 'entity.vendorInvoiceAddresses.custNumber1', '', '', '', '', '', '');
INSERT INTO CNT_FIELD_DEFINITION
 (ID, REVISION, PARENT_ID, FIELD_ID, COLUMN_NAME, COLUMN_TYPE, REPORT_COLUMN_NAME, PRODUCT_FIELD, FIELD_TYPE, ENTITY_LOOKUP, ENTITY_LOOKUP_KEY, ORDER_BY, GENERATOR, REFER_TABLE, KEY_COLUMN, LOOKUP_COLUMN, MANDATORY, MIN_LENGTH, MAX_LENGTH, MIN_VALUE, MAX_VALUE, CONSTANT_VALUE, UNIQUE_KEY, CREATE_USER, CREATED_ON, LINE_NO, MANAGED, FIELD_PATH, DATA_TYPE, DATA1, DATA2, TRANSITIVE_FIELDS, FORMULA, ENTITY_LOOKUP_TYPE)
VALUES ('fb033c51824246e2b8a49fe8f2c0a6cd', 0, '04098c0597124705ad32c63cc1e60ce0', 'custNumber2', 'CUST_NUMBER2', 'NUMBER(20, 0)', 'CUSTOM_FIELD_NUMBER2', 0, 'integer', '', '', '', '', '', '', '', 0, NULL, 18, NULL, NULL, '', '', 'system', systimestamp, '35', 0, 'entity.vendorInvoiceAddresses.custNumber2', '', '', '', '', '', '');
INSERT INTO CNT_FIELD_DEFINITION
 (ID, REVISION, PARENT_ID, FIELD_ID, COLUMN_NAME, COLUMN_TYPE, REPORT_COLUMN_NAME, PRODUCT_FIELD, FIELD_TYPE, ENTITY_LOOKUP, ENTITY_LOOKUP_KEY, ORDER_BY, GENERATOR, REFER_TABLE, KEY_COLUMN, LOOKUP_COLUMN, MANDATORY, MIN_LENGTH, MAX_LENGTH, MIN_VALUE, MAX_VALUE, CONSTANT_VALUE, UNIQUE_KEY, CREATE_USER, CREATED_ON, LINE_NO, MANAGED, FIELD_PATH, DATA_TYPE, DATA1, DATA2, TRANSITIVE_FIELDS, FORMULA, ENTITY_LOOKUP_TYPE)
VALUES ('cc6ae63faf0a49a8aeea3a61a6dafe4b', 0, '04098c0597124705ad32c63cc1e60ce0', 'custNumber3', 'CUST_NUMBER3', 'NUMBER(20, 0)', 'CUSTOM_FIELD_NUMBER3', 0, 'integer', '', '', '', '', '', '', '', 0, NULL, 18, NULL, NULL, '', '', 'system', systimestamp, '36', 0, 'entity.vendorInvoiceAddresses.custNumber3', '', '', '', '', '', '');
INSERT INTO CNT_FIELD_DEFINITION
 (ID, REVISION, PARENT_ID, FIELD_ID, COLUMN_NAME, COLUMN_TYPE, REPORT_COLUMN_NAME, PRODUCT_FIELD, FIELD_TYPE, ENTITY_LOOKUP, ENTITY_LOOKUP_KEY, ORDER_BY, GENERATOR, REFER_TABLE, KEY_COLUMN, LOOKUP_COLUMN, MANDATORY, MIN_LENGTH, MAX_LENGTH, MIN_VALUE, MAX_VALUE, CONSTANT_VALUE, UNIQUE_KEY, CREATE_USER, CREATED_ON, LINE_NO, MANAGED, FIELD_PATH, DATA_TYPE, DATA1, DATA2, TRANSITIVE_FIELDS, FORMULA, ENTITY_LOOKUP_TYPE)
VALUES ('d6f545b8b9a04bc4a269501f65ca109e', 0, '04098c0597124705ad32c63cc1e60ce0', 'custNumber4', 'CUST_NUMBER4', 'NUMBER(20, 0)', 'CUSTOM_FIELD_NUMBER4', 0, 'integer', '', '', '', '', '', '', '', 0, NULL, 18, NULL, NULL, '', '', 'system', systimestamp, '37', 0, 'entity.vendorInvoiceAddresses.custNumber4', '', '', '', '', '', '');
INSERT INTO CNT_FIELD_DEFINITION
 (ID, REVISION, PARENT_ID, FIELD_ID, COLUMN_NAME, COLUMN_TYPE, REPORT_COLUMN_NAME, PRODUCT_FIELD, FIELD_TYPE, ENTITY_LOOKUP, ENTITY_LOOKUP_KEY, ORDER_BY, GENERATOR, REFER_TABLE, KEY_COLUMN, LOOKUP_COLUMN, MANDATORY, MIN_LENGTH, MAX_LENGTH, MIN_VALUE, MAX_VALUE, CONSTANT_VALUE, UNIQUE_KEY, CREATE_USER, CREATED_ON, LINE_NO, MANAGED, FIELD_PATH, DATA_TYPE, DATA1, DATA2, TRANSITIVE_FIELDS, FORMULA, ENTITY_LOOKUP_TYPE)
VALUES ('187995aa79614bc4b090397af9fc5146', 0, '04098c0597124705ad32c63cc1e60ce0', 'custNumber5', 'CUST_NUMBER5', 'NUMBER(20, 0)', 'CUSTOM_FIELD_NUMBER5', 0, 'integer', '', '', '', '', '', '', '', 0, NULL, 18, NULL, NULL, '', '', 'system', systimestamp, '38', 0, 'entity.vendorInvoiceAddresses.custNumber5', '', '', '', '', '', '');
INSERT INTO CNT_FIELD_DEFINITION
 (ID, REVISION, PARENT_ID, FIELD_ID, COLUMN_NAME, COLUMN_TYPE, REPORT_COLUMN_NAME, PRODUCT_FIELD, FIELD_TYPE, ENTITY_LOOKUP, ENTITY_LOOKUP_KEY, ORDER_BY, GENERATOR, REFER_TABLE, KEY_COLUMN, LOOKUP_COLUMN, MANDATORY, MIN_LENGTH, MAX_LENGTH, MIN_VALUE, MAX_VALUE, CONSTANT_VALUE, UNIQUE_KEY, CREATE_USER, CREATED_ON, LINE_NO, MANAGED, FIELD_PATH, DATA_TYPE, DATA1, DATA2, TRANSITIVE_FIELDS, FORMULA, ENTITY_LOOKUP_TYPE)
VALUES ('84095eac602943a6a80bb87afef00bc2', 0, '04098c0597124705ad32c63cc1e60ce0', 'custNumber6', 'CUST_NUMBER6', 'NUMBER(20, 0)', 'CUSTOM_FIELD_NUMBER6', 0, 'integer', '', '', '', '', '', '', '', 0, NULL, 18, NULL, NULL, '', '', 'system', systimestamp, '39', 0, 'entity.vendorInvoiceAddresses.custNumber6', '', '', '', '', '', '');
INSERT INTO CNT_FIELD_DEFINITION
 (ID, REVISION, PARENT_ID, FIELD_ID, COLUMN_NAME, COLUMN_TYPE, REPORT_COLUMN_NAME, PRODUCT_FIELD, FIELD_TYPE, ENTITY_LOOKUP, ENTITY_LOOKUP_KEY, ORDER_BY, GENERATOR, REFER_TABLE, KEY_COLUMN, LOOKUP_COLUMN, MANDATORY, MIN_LENGTH, MAX_LENGTH, MIN_VALUE, MAX_VALUE, CONSTANT_VALUE, UNIQUE_KEY, CREATE_USER, CREATED_ON, LINE_NO, MANAGED, FIELD_PATH, DATA_TYPE, DATA1, DATA2, TRANSITIVE_FIELDS, FORMULA, ENTITY_LOOKUP_TYPE)
VALUES ('6b0871d56fce46abb8ff83b4abcdd716', 0, '04098c0597124705ad32c63cc1e60ce0', 'custNumber7', 'CUST_NUMBER7', 'NUMBER(20, 0)', 'CUSTOM_FIELD_NUMBER7', 0, 'integer', '', '', '', '', '', '', '', 0, NULL, 18, NULL, NULL, '', '', 'system', systimestamp, '40', 0, 'entity.vendorInvoiceAddresses.custNumber7', '', '', '', '', '', '');
INSERT INTO CNT_FIELD_DEFINITION
 (ID, REVISION, PARENT_ID, FIELD_ID, COLUMN_NAME, COLUMN_TYPE, REPORT_COLUMN_NAME, PRODUCT_FIELD, FIELD_TYPE, ENTITY_LOOKUP, ENTITY_LOOKUP_KEY, ORDER_BY, GENERATOR, REFER_TABLE, KEY_COLUMN, LOOKUP_COLUMN, MANDATORY, MIN_LENGTH, MAX_LENGTH, MIN_VALUE, MAX_VALUE, CONSTANT_VALUE, UNIQUE_KEY, CREATE_USER, CREATED_ON, LINE_NO, MANAGED, FIELD_PATH, DATA_TYPE, DATA1, DATA2, TRANSITIVE_FIELDS, FORMULA, ENTITY_LOOKUP_TYPE)
VALUES ('5ca31c503d7f4d229aa5b9b684c3c654', 0, '04098c0597124705ad32c63cc1e60ce0', 'custDecimal1', 'CUST_DECIMAL1', 'NUMBER(25, 5)', 'CUSTOM_FIELD_DECIMAL1', 0, 'decimal-rate', '', '', '', '', '', '', '', 0, NULL, 20, NULL, NULL, '', '', 'system', systimestamp, '41', 0, 'entity.vendorInvoiceAddresses.custDecimal1', '', '', '', '', '', '');
INSERT INTO CNT_FIELD_DEFINITION
 (ID, REVISION, PARENT_ID, FIELD_ID, COLUMN_NAME, COLUMN_TYPE, REPORT_COLUMN_NAME, PRODUCT_FIELD, FIELD_TYPE, ENTITY_LOOKUP, ENTITY_LOOKUP_KEY, ORDER_BY, GENERATOR, REFER_TABLE, KEY_COLUMN, LOOKUP_COLUMN, MANDATORY, MIN_LENGTH, MAX_LENGTH, MIN_VALUE, MAX_VALUE, CONSTANT_VALUE, UNIQUE_KEY, CREATE_USER, CREATED_ON, LINE_NO, MANAGED, FIELD_PATH, DATA_TYPE, DATA1, DATA2, TRANSITIVE_FIELDS, FORMULA, ENTITY_LOOKUP_TYPE)
VALUES ('245db3fa1ab248689b48e8fd0f9bb701', 0, '04098c0597124705ad32c63cc1e60ce0', 'custDecimal2', 'CUST_DECIMAL2', 'NUMBER(25, 5)', 'CUSTOM_FIELD_DECIMAL2', 0, 'decimal-rate', '', '', '', '', '', '', '', 0, NULL, 20, NULL, NULL, '', '', 'system', systimestamp, '42', 0, 'entity.vendorInvoiceAddresses.custDecimal2', '', '', '', '', '', '');
INSERT INTO CNT_FIELD_DEFINITION
 (ID, REVISION, PARENT_ID, FIELD_ID, COLUMN_NAME, COLUMN_TYPE, REPORT_COLUMN_NAME, PRODUCT_FIELD, FIELD_TYPE, ENTITY_LOOKUP, ENTITY_LOOKUP_KEY, ORDER_BY, GENERATOR, REFER_TABLE, KEY_COLUMN, LOOKUP_COLUMN, MANDATORY, MIN_LENGTH, MAX_LENGTH, MIN_VALUE, MAX_VALUE, CONSTANT_VALUE, UNIQUE_KEY, CREATE_USER, CREATED_ON, LINE_NO, MANAGED, FIELD_PATH, DATA_TYPE, DATA1, DATA2, TRANSITIVE_FIELDS, FORMULA, ENTITY_LOOKUP_TYPE)
VALUES ('5dd08113b8fd49c5adde9dcfe494510a', 0, '04098c0597124705ad32c63cc1e60ce0', 'custDecimal3', 'CUST_DECIMAL3', 'NUMBER(25, 5)', 'CUSTOM_FIELD_DECIMAL3', 0, 'decimal-rate', '', '', '', '', '', '', '', 0, NULL, 20, NULL, NULL, '', '', 'system', systimestamp, '43', 0, 'entity.vendorInvoiceAddresses.custDecimal3', '', '', '', '', '', '');
INSERT INTO CNT_FIELD_DEFINITION
 (ID, REVISION, PARENT_ID, FIELD_ID, COLUMN_NAME, COLUMN_TYPE, REPORT_COLUMN_NAME, PRODUCT_FIELD, FIELD_TYPE, ENTITY_LOOKUP, ENTITY_LOOKUP_KEY, ORDER_BY, GENERATOR, REFER_TABLE, KEY_COLUMN, LOOKUP_COLUMN, MANDATORY, MIN_LENGTH, MAX_LENGTH, MIN_VALUE, MAX_VALUE, CONSTANT_VALUE, UNIQUE_KEY, CREATE_USER, CREATED_ON, LINE_NO, MANAGED, FIELD_PATH, DATA_TYPE, DATA1, DATA2, TRANSITIVE_FIELDS, FORMULA, ENTITY_LOOKUP_TYPE)
VALUES ('6552d5fded16444488e23fafb28ad43d', 0, '04098c0597124705ad32c63cc1e60ce0', 'custDecimal4', 'CUST_DECIMAL4', 'NUMBER(25, 5)', 'CUSTOM_FIELD_DECIMAL4', 0, 'decimal-rate', '', '', '', '', '', '', '', 0, NULL, 20, NULL, NULL, '', '', 'system', systimestamp, '44', 0, 'entity.vendorInvoiceAddresses.custDecimal4', '', '', '', '', '', '');
INSERT INTO CNT_FIELD_DEFINITION
 (ID, REVISION, PARENT_ID, FIELD_ID, COLUMN_NAME, COLUMN_TYPE, REPORT_COLUMN_NAME, PRODUCT_FIELD, FIELD_TYPE, ENTITY_LOOKUP, ENTITY_LOOKUP_KEY, ORDER_BY, GENERATOR, REFER_TABLE, KEY_COLUMN, LOOKUP_COLUMN, MANDATORY, MIN_LENGTH, MAX_LENGTH, MIN_VALUE, MAX_VALUE, CONSTANT_VALUE, UNIQUE_KEY, CREATE_USER, CREATED_ON, LINE_NO, MANAGED, FIELD_PATH, DATA_TYPE, DATA1, DATA2, TRANSITIVE_FIELDS, FORMULA, ENTITY_LOOKUP_TYPE)
VALUES ('f50275377a4242048a4555876ffe4980', 0, '04098c0597124705ad32c63cc1e60ce0', 'custDecimal5', 'CUST_DECIMAL5', 'NUMBER(25, 5)', 'CUSTOM_FIELD_DECIMAL5', 0, 'decimal-rate', '', '', '', '', '', '', '', 0, NULL, 20, NULL, NULL, '', '', 'system', systimestamp, '45', 0, 'entity.vendorInvoiceAddresses.custDecimal5', '', '', '', '', '', '');
INSERT INTO CNT_FIELD_DEFINITION
 (ID, REVISION, PARENT_ID, FIELD_ID, COLUMN_NAME, COLUMN_TYPE, REPORT_COLUMN_NAME, PRODUCT_FIELD, FIELD_TYPE, ENTITY_LOOKUP, ENTITY_LOOKUP_KEY, ORDER_BY, GENERATOR, REFER_TABLE, KEY_COLUMN, LOOKUP_COLUMN, MANDATORY, MIN_LENGTH, MAX_LENGTH, MIN_VALUE, MAX_VALUE, CONSTANT_VALUE, UNIQUE_KEY, CREATE_USER, CREATED_ON, LINE_NO, MANAGED, FIELD_PATH, DATA_TYPE, DATA1, DATA2, TRANSITIVE_FIELDS, FORMULA, ENTITY_LOOKUP_TYPE)
VALUES ('7be73c98da7f430bbe04079a4427f8b9', 0, '04098c0597124705ad32c63cc1e60ce0', 'custDecimal6', 'CUST_DECIMAL6', 'NUMBER(25, 5)', 'CUSTOM_FIELD_DECIMAL6', 0, 'decimal-rate', '', '', '', '', '', '', '', 0, NULL, 20, NULL, NULL, '', '', 'system', systimestamp, '46', 0, 'entity.vendorInvoiceAddresses.custDecimal6', '', '', '', '', '', '');
INSERT INTO CNT_FIELD_DEFINITION
 (ID, REVISION, PARENT_ID, FIELD_ID, COLUMN_NAME, COLUMN_TYPE, REPORT_COLUMN_NAME, PRODUCT_FIELD, FIELD_TYPE, ENTITY_LOOKUP, ENTITY_LOOKUP_KEY, ORDER_BY, GENERATOR, REFER_TABLE, KEY_COLUMN, LOOKUP_COLUMN, MANDATORY, MIN_LENGTH, MAX_LENGTH, MIN_VALUE, MAX_VALUE, CONSTANT_VALUE, UNIQUE_KEY, CREATE_USER, CREATED_ON, LINE_NO, MANAGED, FIELD_PATH, DATA_TYPE, DATA1, DATA2, TRANSITIVE_FIELDS, FORMULA, ENTITY_LOOKUP_TYPE)
VALUES ('2b1eac8318c54756ba8c77cb3d9b98c4', 0, '04098c0597124705ad32c63cc1e60ce0', 'custDecimal7', 'CUST_DECIMAL7', 'NUMBER(25, 5)', 'CUSTOM_FIELD_DECIMAL7', 0, 'decimal-rate', '', '', '', '', '', '', '', 0, NULL, 20, NULL, NULL, '', '', 'system', systimestamp, '47', 0, 'entity.vendorInvoiceAddresses.custDecimal7', '', '', '', '', '', '');
INSERT INTO CNT_FIELD_DEFINITION
 (ID, REVISION, PARENT_ID, FIELD_ID, COLUMN_NAME, COLUMN_TYPE, REPORT_COLUMN_NAME, PRODUCT_FIELD, FIELD_TYPE, ENTITY_LOOKUP, ENTITY_LOOKUP_KEY, ORDER_BY, GENERATOR, REFER_TABLE, KEY_COLUMN, LOOKUP_COLUMN, MANDATORY, MIN_LENGTH, MAX_LENGTH, MIN_VALUE, MAX_VALUE, CONSTANT_VALUE, UNIQUE_KEY, CREATE_USER, CREATED_ON, LINE_NO, MANAGED, FIELD_PATH, DATA_TYPE, DATA1, DATA2, TRANSITIVE_FIELDS, FORMULA, ENTITY_LOOKUP_TYPE)
VALUES ('ddaccf84311e486cbdc7d4eadaefd7b5', 0, '04098c0597124705ad32c63cc1e60ce0', 'custCodelist1', 'CUST_CODELIST1', 'NVARCHAR2(400)', 'CUSTOM_FIELD_CODE_LIST_CODE1', 0, 'string-m', '', '', '', '', '', '', '', 0, NULL, 400, NULL, NULL, '', '', 'system', systimestamp, '48', 0, 'entity.vendorInvoiceAddresses.custCodelist1', 'codelist', '', '', '', '', '');
INSERT INTO CNT_FIELD_DEFINITION
 (ID, REVISION, PARENT_ID, FIELD_ID, COLUMN_NAME, COLUMN_TYPE, REPORT_COLUMN_NAME, PRODUCT_FIELD, FIELD_TYPE, ENTITY_LOOKUP, ENTITY_LOOKUP_KEY, ORDER_BY, GENERATOR, REFER_TABLE, KEY_COLUMN, LOOKUP_COLUMN, MANDATORY, MIN_LENGTH, MAX_LENGTH, MIN_VALUE, MAX_VALUE, CONSTANT_VALUE, UNIQUE_KEY, CREATE_USER, CREATED_ON, LINE_NO, MANAGED, FIELD_PATH, DATA_TYPE, DATA1, DATA2, TRANSITIVE_FIELDS, FORMULA, ENTITY_LOOKUP_TYPE)
VALUES ('6fbb5d8175bb4a5ba72f965caa48be7d', 0, '04098c0597124705ad32c63cc1e60ce0', 'custCodelist2', 'CUST_CODELIST2', 'NVARCHAR2(400)', 'CUSTOM_FIELD_CODE_LIST_CODE2', 0, 'string-m', '', '', '', '', '', '', '', 0, NULL, 400, NULL, NULL, '', '', 'system', systimestamp, '49', 0, 'entity.vendorInvoiceAddresses.custCodelist2', 'codelist', '', '', '', '', '');
INSERT INTO CNT_FIELD_DEFINITION
 (ID, REVISION, PARENT_ID, FIELD_ID, COLUMN_NAME, COLUMN_TYPE, REPORT_COLUMN_NAME, PRODUCT_FIELD, FIELD_TYPE, ENTITY_LOOKUP, ENTITY_LOOKUP_KEY, ORDER_BY, GENERATOR, REFER_TABLE, KEY_COLUMN, LOOKUP_COLUMN, MANDATORY, MIN_LENGTH, MAX_LENGTH, MIN_VALUE, MAX_VALUE, CONSTANT_VALUE, UNIQUE_KEY, CREATE_USER, CREATED_ON, LINE_NO, MANAGED, FIELD_PATH, DATA_TYPE, DATA1, DATA2, TRANSITIVE_FIELDS, FORMULA, ENTITY_LOOKUP_TYPE)
VALUES ('7de5d859ddae491097ec52121ca0b455', 0, '04098c0597124705ad32c63cc1e60ce0', 'custCodelist3', 'CUST_CODELIST3', 'NVARCHAR2(400)', 'CUSTOM_FIELD_CODE_LIST_CODE3', 0, 'string-m', '', '', '', '', '', '', '', 0, NULL, 400, NULL, NULL, '', '', 'system', systimestamp, '50', 0, 'entity.vendorInvoiceAddresses.custCodelist3', 'codelist', '', '', '', '', '');
INSERT INTO CNT_FIELD_DEFINITION
 (ID, REVISION, PARENT_ID, FIELD_ID, COLUMN_NAME, COLUMN_TYPE, REPORT_COLUMN_NAME, PRODUCT_FIELD, FIELD_TYPE, ENTITY_LOOKUP, ENTITY_LOOKUP_KEY, ORDER_BY, GENERATOR, REFER_TABLE, KEY_COLUMN, LOOKUP_COLUMN, MANDATORY, MIN_LENGTH, MAX_LENGTH, MIN_VALUE, MAX_VALUE, CONSTANT_VALUE, UNIQUE_KEY, CREATE_USER, CREATED_ON, LINE_NO, MANAGED, FIELD_PATH, DATA_TYPE, DATA1, DATA2, TRANSITIVE_FIELDS, FORMULA, ENTITY_LOOKUP_TYPE)
VALUES ('9b0a0180ba254479a6f217ae01825d79', 0, '04098c0597124705ad32c63cc1e60ce0', 'custCodelist4', 'CUST_CODELIST4', 'NVARCHAR2(400)', 'CUSTOM_FIELD_CODE_LIST_CODE4', 0, 'string-m', '', '', '', '', '', '', '', 0, NULL, 400, NULL, NULL, '', '', 'system', systimestamp, '51', 0, 'entity.vendorInvoiceAddresses.custCodelist4', 'codelist', '', '', '', '', '');
INSERT INTO CNT_FIELD_DEFINITION
 (ID, REVISION, PARENT_ID, FIELD_ID, COLUMN_NAME, COLUMN_TYPE, REPORT_COLUMN_NAME, PRODUCT_FIELD, FIELD_TYPE, ENTITY_LOOKUP, ENTITY_LOOKUP_KEY, ORDER_BY, GENERATOR, REFER_TABLE, KEY_COLUMN, LOOKUP_COLUMN, MANDATORY, MIN_LENGTH, MAX_LENGTH, MIN_VALUE, MAX_VALUE, CONSTANT_VALUE, UNIQUE_KEY, CREATE_USER, CREATED_ON, LINE_NO, MANAGED, FIELD_PATH, DATA_TYPE, DATA1, DATA2, TRANSITIVE_FIELDS, FORMULA, ENTITY_LOOKUP_TYPE)
VALUES ('81299bdd726e4340a6638e92d50ca08b', 0, '04098c0597124705ad32c63cc1e60ce0', 'custCodelist5', 'CUST_CODELIST5', 'NVARCHAR2(400)', 'CUSTOM_FIELD_CODE_LIST_CODE5', 0, 'string-m', '', '', '', '', '', '', '', 0, NULL, 400, NULL, NULL, '', '', 'system', systimestamp, '52', 0, 'entity.vendorInvoiceAddresses.custCodelist5', 'codelist', '', '', '', '', '');
INSERT INTO CNT_FIELD_DEFINITION
 (ID, REVISION, PARENT_ID, FIELD_ID, COLUMN_NAME, COLUMN_TYPE, REPORT_COLUMN_NAME, PRODUCT_FIELD, FIELD_TYPE, ENTITY_LOOKUP, ENTITY_LOOKUP_KEY, ORDER_BY, GENERATOR, REFER_TABLE, KEY_COLUMN, LOOKUP_COLUMN, MANDATORY, MIN_LENGTH, MAX_LENGTH, MIN_VALUE, MAX_VALUE, CONSTANT_VALUE, UNIQUE_KEY, CREATE_USER, CREATED_ON, LINE_NO, MANAGED, FIELD_PATH, DATA_TYPE, DATA1, DATA2, TRANSITIVE_FIELDS, FORMULA, ENTITY_LOOKUP_TYPE)
VALUES ('5b6c740086b34096a311d7bea4ed4851', 0, '04098c0597124705ad32c63cc1e60ce0', 'custCodelist6', 'CUST_CODELIST6', 'NVARCHAR2(400)', 'CUSTOM_FIELD_CODE_LIST_CODE6', 0, 'string-m', '', '', '', '', '', '', '', 0, NULL, 400, NULL, NULL, '', '', 'system', systimestamp, '53', 0, 'entity.vendorInvoiceAddresses.custCodelist6', 'codelist', '', '', '', '', '');
INSERT INTO CNT_FIELD_DEFINITION
 (ID, REVISION, PARENT_ID, FIELD_ID, COLUMN_NAME, COLUMN_TYPE, REPORT_COLUMN_NAME, PRODUCT_FIELD, FIELD_TYPE, ENTITY_LOOKUP, ENTITY_LOOKUP_KEY, ORDER_BY, GENERATOR, REFER_TABLE, KEY_COLUMN, LOOKUP_COLUMN, MANDATORY, MIN_LENGTH, MAX_LENGTH, MIN_VALUE, MAX_VALUE, CONSTANT_VALUE, UNIQUE_KEY, CREATE_USER, CREATED_ON, LINE_NO, MANAGED, FIELD_PATH, DATA_TYPE, DATA1, DATA2, TRANSITIVE_FIELDS, FORMULA, ENTITY_LOOKUP_TYPE)
VALUES ('fdc0533121d2434ba9b6ef221b498728', 0, '04098c0597124705ad32c63cc1e60ce0', 'custCodelist7', 'CUST_CODELIST7', 'NVARCHAR2(400)', 'CUSTOM_FIELD_CODE_LIST_CODE7', 0, 'string-m', '', '', '', '', '', '', '', 0, NULL, 400, NULL, NULL, '', '', 'system', systimestamp, '54', 0, 'entity.vendorInvoiceAddresses.custCodelist7', 'codelist', '', '', '', '', '');
INSERT INTO CNT_FIELD_DEFINITION
 (ID, REVISION, PARENT_ID, FIELD_ID, COLUMN_NAME, COLUMN_TYPE, REPORT_COLUMN_NAME, PRODUCT_FIELD, FIELD_TYPE, ENTITY_LOOKUP, ENTITY_LOOKUP_KEY, ORDER_BY, GENERATOR, REFER_TABLE, KEY_COLUMN, LOOKUP_COLUMN, MANDATORY, MIN_LENGTH, MAX_LENGTH, MIN_VALUE, MAX_VALUE, CONSTANT_VALUE, UNIQUE_KEY, CREATE_USER, CREATED_ON, LINE_NO, MANAGED, FIELD_PATH, DATA_TYPE, DATA1, DATA2, TRANSITIVE_FIELDS, FORMULA, ENTITY_LOOKUP_TYPE)
VALUES ('78c2f70e918746a39311b43185d4e91e', 0, '04098c0597124705ad32c63cc1e60ce0', 'custMemoText1', 'CUST_MEMO_TEXT1', 'NVARCHAR2(1000)', 'CUSTOM_FIELD_MEMO_TEXT1', 0, 'string-l', '', '', '', '', '', '', '', 0, NULL, 1000, NULL, NULL, '', '', 'system', systimestamp, '55', 0, 'entity.vendorInvoiceAddresses.custMemoText1', '', '', '', '', '', '');
INSERT INTO CNT_FIELD_DEFINITION
 (ID, REVISION, PARENT_ID, FIELD_ID, COLUMN_NAME, COLUMN_TYPE, REPORT_COLUMN_NAME, PRODUCT_FIELD, FIELD_TYPE, ENTITY_LOOKUP, ENTITY_LOOKUP_KEY, ORDER_BY, GENERATOR, REFER_TABLE, KEY_COLUMN, LOOKUP_COLUMN, MANDATORY, MIN_LENGTH, MAX_LENGTH, MIN_VALUE, MAX_VALUE, CONSTANT_VALUE, UNIQUE_KEY, CREATE_USER, CREATED_ON, LINE_NO, MANAGED, FIELD_PATH, DATA_TYPE, DATA1, DATA2, TRANSITIVE_FIELDS, FORMULA, ENTITY_LOOKUP_TYPE)
VALUES ('f4b5e3163b964a2ea7a28367c2102240', 0, '04098c0597124705ad32c63cc1e60ce0', 'custMemoText2', 'CUST_MEMO_TEXT2', 'NVARCHAR2(1000)', 'CUSTOM_FIELD_MEMO_TEXT2', 0, 'string-l', '', '', '', '', '', '', '', 0, NULL, 1000, NULL, NULL, '', '', 'system', systimestamp, '56', 0, 'entity.vendorInvoiceAddresses.custMemoText2', '', '', '', '', '', '');
INSERT INTO CNT_FIELD_DEFINITION
 (ID, REVISION, PARENT_ID, FIELD_ID, COLUMN_NAME, COLUMN_TYPE, REPORT_COLUMN_NAME, PRODUCT_FIELD, FIELD_TYPE, ENTITY_LOOKUP, ENTITY_LOOKUP_KEY, ORDER_BY, GENERATOR, REFER_TABLE, KEY_COLUMN, LOOKUP_COLUMN, MANDATORY, MIN_LENGTH, MAX_LENGTH, MIN_VALUE, MAX_VALUE, CONSTANT_VALUE, UNIQUE_KEY, CREATE_USER, CREATED_ON, LINE_NO, MANAGED, FIELD_PATH, DATA_TYPE, DATA1, DATA2, TRANSITIVE_FIELDS, FORMULA, ENTITY_LOOKUP_TYPE)
VALUES ('50d54588e8864d64ba2a9466f46d9352', 0, '04098c0597124705ad32c63cc1e60ce0', 'custMemoText3', 'CUST_MEMO_TEXT3', 'NVARCHAR2(1000)', 'CUSTOM_FIELD_MEMO_TEXT3', 0, 'string-l', '', '', '', '', '', '', '', 0, NULL, 1000, NULL, NULL, '', '', 'system', systimestamp, '57', 0, 'entity.vendorInvoiceAddresses.custMemoText3', '', '', '', '', '', '');
INSERT INTO CNT_FIELD_DEFINITION
 (ID, REVISION, PARENT_ID, FIELD_ID, COLUMN_NAME, COLUMN_TYPE, REPORT_COLUMN_NAME, PRODUCT_FIELD, FIELD_TYPE, ENTITY_LOOKUP, ENTITY_LOOKUP_KEY, ORDER_BY, GENERATOR, REFER_TABLE, KEY_COLUMN, LOOKUP_COLUMN, MANDATORY, MIN_LENGTH, MAX_LENGTH, MIN_VALUE, MAX_VALUE, CONSTANT_VALUE, UNIQUE_KEY, CREATE_USER, CREATED_ON, LINE_NO, MANAGED, FIELD_PATH, DATA_TYPE, DATA1, DATA2, TRANSITIVE_FIELDS, FORMULA, ENTITY_LOOKUP_TYPE)
VALUES ('cd3029a2823747219051821fb2fb39c2', 0, '04098c0597124705ad32c63cc1e60ce0', 'custMemoText4', 'CUST_MEMO_TEXT4', 'NVARCHAR2(1000)', 'CUSTOM_FIELD_MEMO_TEXT4', 0, 'string-l', '', '', '', '', '', '', '', 0, NULL, 1000, NULL, NULL, '', '', 'system', systimestamp, '58', 0, 'entity.vendorInvoiceAddresses.custMemoText4', '', '', '', '', '', '');
INSERT INTO CNT_FIELD_DEFINITION
 (ID, REVISION, PARENT_ID, FIELD_ID, COLUMN_NAME, COLUMN_TYPE, REPORT_COLUMN_NAME, PRODUCT_FIELD, FIELD_TYPE, ENTITY_LOOKUP, ENTITY_LOOKUP_KEY, ORDER_BY, GENERATOR, REFER_TABLE, KEY_COLUMN, LOOKUP_COLUMN, MANDATORY, MIN_LENGTH, MAX_LENGTH, MIN_VALUE, MAX_VALUE, CONSTANT_VALUE, UNIQUE_KEY, CREATE_USER, CREATED_ON, LINE_NO, MANAGED, FIELD_PATH, DATA_TYPE, DATA1, DATA2, TRANSITIVE_FIELDS, FORMULA, ENTITY_LOOKUP_TYPE)
VALUES ('638d1f5f3acc483cb6a3de46ec91e747', 0, '04098c0597124705ad32c63cc1e60ce0', 'custMemoText5', 'CUST_MEMO_TEXT5', 'NVARCHAR2(1000)', 'CUSTOM_FIELD_MEMO_TEXT5', 0, 'string-l', '', '', '', '', '', '', '', 0, NULL, 1000, NULL, NULL, '', '', 'system', systimestamp, '59', 0, 'entity.vendorInvoiceAddresses.custMemoText5', '', '', '', '', '', '');
INSERT INTO CNT_FIELD_DEFINITION
 (ID, REVISION, PARENT_ID, FIELD_ID, COLUMN_NAME, COLUMN_TYPE, REPORT_COLUMN_NAME, PRODUCT_FIELD, FIELD_TYPE, ENTITY_LOOKUP, ENTITY_LOOKUP_KEY, ORDER_BY, GENERATOR, REFER_TABLE, KEY_COLUMN, LOOKUP_COLUMN, MANDATORY, MIN_LENGTH, MAX_LENGTH, MIN_VALUE, MAX_VALUE, CONSTANT_VALUE, UNIQUE_KEY, CREATE_USER, CREATED_ON, LINE_NO, MANAGED, FIELD_PATH, DATA_TYPE, DATA1, DATA2, TRANSITIVE_FIELDS, FORMULA, ENTITY_LOOKUP_TYPE)
VALUES ('225687c5d3854385a179710eef96c43f', 0, '04098c0597124705ad32c63cc1e60ce0', 'custMemoText6', 'CUST_MEMO_TEXT6', 'NVARCHAR2(1000)', 'CUSTOM_FIELD_MEMO_TEXT6', 0, 'string-l', '', '', '', '', '', '', '', 0, NULL, 1000, NULL, NULL, '', '', 'system', systimestamp, '60', 0, 'entity.vendorInvoiceAddresses.custMemoText6', '', '', '', '', '', '');
INSERT INTO CNT_FIELD_DEFINITION
 (ID, REVISION, PARENT_ID, FIELD_ID, COLUMN_NAME, COLUMN_TYPE, REPORT_COLUMN_NAME, PRODUCT_FIELD, FIELD_TYPE, ENTITY_LOOKUP, ENTITY_LOOKUP_KEY, ORDER_BY, GENERATOR, REFER_TABLE, KEY_COLUMN, LOOKUP_COLUMN, MANDATORY, MIN_LENGTH, MAX_LENGTH, MIN_VALUE, MAX_VALUE, CONSTANT_VALUE, UNIQUE_KEY, CREATE_USER, CREATED_ON, LINE_NO, MANAGED, FIELD_PATH, DATA_TYPE, DATA1, DATA2, TRANSITIVE_FIELDS, FORMULA, ENTITY_LOOKUP_TYPE)
VALUES ('b93ec9e435e94f89aa0940d1bbc3dfab', 0, '04098c0597124705ad32c63cc1e60ce0', 'custMemoText7', 'CUST_MEMO_TEXT7', 'NVARCHAR2(1000)', 'CUSTOM_FIELD_MEMO_TEXT7', 0, 'string-l', '', '', '', '', '', '', '', 0, NULL, 1000, NULL, NULL, '', '', 'system', systimestamp, '61', 0, 'entity.vendorInvoiceAddresses.custMemoText7', '', '', '', '', '', '');
INSERT INTO CNT_FIELD_DEFINITION
 (ID, REVISION, PARENT_ID, FIELD_ID, COLUMN_NAME, COLUMN_TYPE, REPORT_COLUMN_NAME, PRODUCT_FIELD, FIELD_TYPE, ENTITY_LOOKUP, ENTITY_LOOKUP_KEY, ORDER_BY, GENERATOR, REFER_TABLE, KEY_COLUMN, LOOKUP_COLUMN, MANDATORY, MIN_LENGTH, MAX_LENGTH, MIN_VALUE, MAX_VALUE, CONSTANT_VALUE, UNIQUE_KEY, CREATE_USER, CREATED_ON, LINE_NO, MANAGED, FIELD_PATH, DATA_TYPE, DATA1, DATA2, TRANSITIVE_FIELDS, FORMULA, ENTITY_LOOKUP_TYPE)
VALUES ('6a05e48a6f7447139e0858cd0dd49762', 0, '04098c0597124705ad32c63cc1e60ce0', 'custHcl1', 'CUST_HCL1_ID', 'CHAR(32)', 'CUSTOM_FIELD_HCL_CODE_SYS_ID1', 0, 'entity', 'HclNode', 'id', '', '', '', '', '', 0, 32, 32, NULL, NULL, '', '', 'system', systimestamp, '62', 0, 'entity.vendorInvoiceAddresses.custHcl1', '', '', '', '', '', '');
INSERT INTO CNT_FIELD_DEFINITION
 (ID, REVISION, PARENT_ID, FIELD_ID, COLUMN_NAME, COLUMN_TYPE, REPORT_COLUMN_NAME, PRODUCT_FIELD, FIELD_TYPE, ENTITY_LOOKUP, ENTITY_LOOKUP_KEY, ORDER_BY, GENERATOR, REFER_TABLE, KEY_COLUMN, LOOKUP_COLUMN, MANDATORY, MIN_LENGTH, MAX_LENGTH, MIN_VALUE, MAX_VALUE, CONSTANT_VALUE, UNIQUE_KEY, CREATE_USER, CREATED_ON, LINE_NO, MANAGED, FIELD_PATH, DATA_TYPE, DATA1, DATA2, TRANSITIVE_FIELDS, FORMULA, ENTITY_LOOKUP_TYPE)
VALUES ('b41558c283014455a6e7414f81efd84a', 0, '04098c0597124705ad32c63cc1e60ce0', 'custHcl2', 'CUST_HCL2_ID', 'CHAR(32)', 'CUSTOM_FIELD_HCL_CODE_SYS_ID2', 0, 'entity', 'HclNode', 'id', '', '', '', '', '', 0, 32, 32, NULL, NULL, '', '', 'system', systimestamp, '63', 0, 'entity.vendorInvoiceAddresses.custHcl2', '', '', '', '', '', '');
INSERT INTO CNT_FIELD_DEFINITION
 (ID, REVISION, PARENT_ID, FIELD_ID, COLUMN_NAME, COLUMN_TYPE, REPORT_COLUMN_NAME, PRODUCT_FIELD, FIELD_TYPE, ENTITY_LOOKUP, ENTITY_LOOKUP_KEY, ORDER_BY, GENERATOR, REFER_TABLE, KEY_COLUMN, LOOKUP_COLUMN, MANDATORY, MIN_LENGTH, MAX_LENGTH, MIN_VALUE, MAX_VALUE, CONSTANT_VALUE, UNIQUE_KEY, CREATE_USER, CREATED_ON, LINE_NO, MANAGED, FIELD_PATH, DATA_TYPE, DATA1, DATA2, TRANSITIVE_FIELDS, FORMULA, ENTITY_LOOKUP_TYPE)
VALUES ('45c7c177c78141b4bff280b0ccb86fef', 0, '04098c0597124705ad32c63cc1e60ce0', 'custHcl3', 'CUST_HCL3_ID', 'CHAR(32)', 'CUSTOM_FIELD_HCL_CODE_SYS_ID3', 0, 'entity', 'HclNode', 'id', '', '', '', '', '', 0, 32, 32, NULL, NULL, '', '', 'system', systimestamp, '64', 0, 'entity.vendorInvoiceAddresses.custHcl3', '', '', '', '', '', '');
INSERT INTO CNT_FIELD_DEFINITION
 (ID, REVISION, PARENT_ID, FIELD_ID, COLUMN_NAME, COLUMN_TYPE, REPORT_COLUMN_NAME, PRODUCT_FIELD, FIELD_TYPE, ENTITY_LOOKUP, ENTITY_LOOKUP_KEY, ORDER_BY, GENERATOR, REFER_TABLE, KEY_COLUMN, LOOKUP_COLUMN, MANDATORY, MIN_LENGTH, MAX_LENGTH, MIN_VALUE, MAX_VALUE, CONSTANT_VALUE, UNIQUE_KEY, CREATE_USER, CREATED_ON, LINE_NO, MANAGED, FIELD_PATH, DATA_TYPE, DATA1, DATA2, TRANSITIVE_FIELDS, FORMULA, ENTITY_LOOKUP_TYPE)
VALUES ('900d697ffd534ac1b3767b95fc052217', 0, '04098c0597124705ad32c63cc1e60ce0', 'custHcl4', 'CUST_HCL4_ID', 'CHAR(32)', 'CUSTOM_FIELD_HCL_CODE_SYS_ID4', 0, 'entity', 'HclNode', 'id', '', '', '', '', '', 0, 32, 32, NULL, NULL, '', '', 'system', systimestamp, '65', 0, 'entity.vendorInvoiceAddresses.custHcl4', '', '', '', '', '', '');
INSERT INTO CNT_FIELD_DEFINITION
 (ID, REVISION, PARENT_ID, FIELD_ID, COLUMN_NAME, COLUMN_TYPE, REPORT_COLUMN_NAME, PRODUCT_FIELD, FIELD_TYPE, ENTITY_LOOKUP, ENTITY_LOOKUP_KEY, ORDER_BY, GENERATOR, REFER_TABLE, KEY_COLUMN, LOOKUP_COLUMN, MANDATORY, MIN_LENGTH, MAX_LENGTH, MIN_VALUE, MAX_VALUE, CONSTANT_VALUE, UNIQUE_KEY, CREATE_USER, CREATED_ON, LINE_NO, MANAGED, FIELD_PATH, DATA_TYPE, DATA1, DATA2, TRANSITIVE_FIELDS, FORMULA, ENTITY_LOOKUP_TYPE)
VALUES ('bc0eb76969034692b340507141732535', 0, '04098c0597124705ad32c63cc1e60ce0', 'custHcl5', 'CUST_HCL5_ID', 'CHAR(32)', 'CUSTOM_FIELD_HCL_CODE_SYS_ID5', 0, 'entity', 'HclNode', 'id', '', '', '', '', '', 0, 32, 32, NULL, NULL, '', '', 'system', systimestamp, '66', 0, 'entity.vendorInvoiceAddresses.custHcl5', '', '', '', '', '', '');
INSERT INTO CNT_FIELD_DEFINITION
 (ID, REVISION, PARENT_ID, FIELD_ID, COLUMN_NAME, COLUMN_TYPE, REPORT_COLUMN_NAME, PRODUCT_FIELD, FIELD_TYPE, ENTITY_LOOKUP, ENTITY_LOOKUP_KEY, ORDER_BY, GENERATOR, REFER_TABLE, KEY_COLUMN, LOOKUP_COLUMN, MANDATORY, MIN_LENGTH, MAX_LENGTH, MIN_VALUE, MAX_VALUE, CONSTANT_VALUE, UNIQUE_KEY, CREATE_USER, CREATED_ON, LINE_NO, MANAGED, FIELD_PATH, DATA_TYPE, DATA1, DATA2, TRANSITIVE_FIELDS, FORMULA, ENTITY_LOOKUP_TYPE)
VALUES ('b7f10b9799784008b89f3eadbc706e90', 0, '04098c0597124705ad32c63cc1e60ce0', 'countryName', 'COUNTRY_NAME', 'NVARCHAR2(400)', 'N/A', 1, 'string-m', '', '', '', '', '', '', '', 0, NULL, 400, NULL, NULL, '', '', 'system', systimestamp, '67', 0, 'entity.vendorInvoiceAddresses.countryName', '', '', '', '', '', '');
INSERT INTO CNT_FIELD_DEFINITION
 (ID, REVISION, PARENT_ID, FIELD_ID, COLUMN_NAME, COLUMN_TYPE, REPORT_COLUMN_NAME, PRODUCT_FIELD, FIELD_TYPE, ENTITY_LOOKUP, ENTITY_LOOKUP_KEY, ORDER_BY, GENERATOR, REFER_TABLE, KEY_COLUMN, LOOKUP_COLUMN, MANDATORY, MIN_LENGTH, MAX_LENGTH, MIN_VALUE, MAX_VALUE, CONSTANT_VALUE, UNIQUE_KEY, CREATE_USER, CREATED_ON, LINE_NO, MANAGED, FIELD_PATH, DATA_TYPE, DATA1, DATA2, TRANSITIVE_FIELDS, FORMULA, ENTITY_LOOKUP_TYPE)
VALUES ('33c42ee8f8a7437894f093ceabbb72ea', 0, '04098c0597124705ad32c63cc1e60ce0', 'portName', 'PORT_NAME', 'NVARCHAR2(400)', 'N/A', 1, 'string-m', '', '', '', '', '', '', '', 0, NULL, 400, NULL, NULL, '', '', 'system', systimestamp, '68', 0, 'entity.vendorInvoiceAddresses.portName', '', '', '', '', '', '');
INSERT INTO CNT_FIELD_DEFINITION
 (ID, REVISION, PARENT_ID, FIELD_ID, COLUMN_NAME, COLUMN_TYPE, REPORT_COLUMN_NAME, PRODUCT_FIELD, FIELD_TYPE, ENTITY_LOOKUP, ENTITY_LOOKUP_KEY, ORDER_BY, GENERATOR, REFER_TABLE, KEY_COLUMN, LOOKUP_COLUMN, MANDATORY, MIN_LENGTH, MAX_LENGTH, MIN_VALUE, MAX_VALUE, CONSTANT_VALUE, UNIQUE_KEY, CREATE_USER, CREATED_ON, LINE_NO, MANAGED, FIELD_PATH, DATA_TYPE, DATA1, DATA2, TRANSITIVE_FIELDS, FORMULA, ENTITY_LOOKUP_TYPE)
VALUES ('76fe005ef8f449a0872baf14f9d059fe', 0, '04098c0597124705ad32c63cc1e60ce0', 'languageName', 'LANGUAGE_NAME', 'NVARCHAR2(400)', 'N/A', 1, 'string-m', '', '', '', '', '', '', '', 0, NULL, 400, NULL, NULL, '', '', 'system', systimestamp, '69', 0, 'entity.vendorInvoiceAddresses.languageName', '', '', '', '', '', '');
INSERT INTO CNT_FIELD_DEFINITION
 (ID, REVISION, PARENT_ID, FIELD_ID, COLUMN_NAME, COLUMN_TYPE, REPORT_COLUMN_NAME, PRODUCT_FIELD, FIELD_TYPE, ENTITY_LOOKUP, ENTITY_LOOKUP_KEY, ORDER_BY, GENERATOR, REFER_TABLE, KEY_COLUMN, LOOKUP_COLUMN, MANDATORY, MIN_LENGTH, MAX_LENGTH, MIN_VALUE, MAX_VALUE, CONSTANT_VALUE, UNIQUE_KEY, CREATE_USER, CREATED_ON, LINE_NO, MANAGED, FIELD_PATH, DATA_TYPE, DATA1, DATA2, TRANSITIVE_FIELDS, FORMULA, ENTITY_LOOKUP_TYPE)
VALUES ('31a1d59eae33447eb9d45e74a9c99855', 0, '04098c0597124705ad32c63cc1e60ce0', 'addressTypesValue', 'ADDRESS_TYPES_VALUE', 'NVARCHAR2(1000)', 'N/A', 1, 'string-l', '', '', '', '', '', '', '', 0, NULL, 1000, NULL, NULL, '', '', 'system', systimestamp, '70', 0, 'entity.vendorInvoiceAddresses.addressTypesValue', '', '', '', '', '', '');
INSERT INTO CNT_FIELD_DEFINITION
 (ID, REVISION, PARENT_ID, FIELD_ID, COLUMN_NAME, COLUMN_TYPE, REPORT_COLUMN_NAME, PRODUCT_FIELD, FIELD_TYPE, ENTITY_LOOKUP, ENTITY_LOOKUP_KEY, ORDER_BY, GENERATOR, REFER_TABLE, KEY_COLUMN, LOOKUP_COLUMN, MANDATORY, MIN_LENGTH, MAX_LENGTH, MIN_VALUE, MAX_VALUE, CONSTANT_VALUE, UNIQUE_KEY, CREATE_USER, CREATED_ON, LINE_NO, MANAGED, FIELD_PATH, DATA_TYPE, DATA1, DATA2, TRANSITIVE_FIELDS, FORMULA, ENTITY_LOOKUP_TYPE)
VALUES ('5d931ebb8cc14674be8592996c559613', 0, '04098c0597124705ad32c63cc1e60ce0', 'custCodelist1Name', 'CUST_CODELIST1_NAME', 'NVARCHAR2(400)', 'N/A', 0, 'string-m', '', '', '', '', '', '', '', 0, NULL, 400, NULL, NULL, '', '', 'system', systimestamp, '71', 0, 'entity.vendorInvoiceAddresses.custCodelist1Name', '', '', '', '', '', '');
INSERT INTO CNT_FIELD_DEFINITION
 (ID, REVISION, PARENT_ID, FIELD_ID, COLUMN_NAME, COLUMN_TYPE, REPORT_COLUMN_NAME, PRODUCT_FIELD, FIELD_TYPE, ENTITY_LOOKUP, ENTITY_LOOKUP_KEY, ORDER_BY, GENERATOR, REFER_TABLE, KEY_COLUMN, LOOKUP_COLUMN, MANDATORY, MIN_LENGTH, MAX_LENGTH, MIN_VALUE, MAX_VALUE, CONSTANT_VALUE, UNIQUE_KEY, CREATE_USER, CREATED_ON, LINE_NO, MANAGED, FIELD_PATH, DATA_TYPE, DATA1, DATA2, TRANSITIVE_FIELDS, FORMULA, ENTITY_LOOKUP_TYPE)
VALUES ('aa7f7cbfc23d4c2a85d4c9d243c79942', 0, '04098c0597124705ad32c63cc1e60ce0', 'custCodelist2Name', 'CUST_CODELIST2_NAME', 'NVARCHAR2(400)', 'N/A', 0, 'string-m', '', '', '', '', '', '', '', 0, NULL, 400, NULL, NULL, '', '', 'system', systimestamp, '72', 0, 'entity.vendorInvoiceAddresses.custCodelist2Name', '', '', '', '', '', '');
INSERT INTO CNT_FIELD_DEFINITION
 (ID, REVISION, PARENT_ID, FIELD_ID, COLUMN_NAME, COLUMN_TYPE, REPORT_COLUMN_NAME, PRODUCT_FIELD, FIELD_TYPE, ENTITY_LOOKUP, ENTITY_LOOKUP_KEY, ORDER_BY, GENERATOR, REFER_TABLE, KEY_COLUMN, LOOKUP_COLUMN, MANDATORY, MIN_LENGTH, MAX_LENGTH, MIN_VALUE, MAX_VALUE, CONSTANT_VALUE, UNIQUE_KEY, CREATE_USER, CREATED_ON, LINE_NO, MANAGED, FIELD_PATH, DATA_TYPE, DATA1, DATA2, TRANSITIVE_FIELDS, FORMULA, ENTITY_LOOKUP_TYPE)
VALUES ('0660842951ed47d58a07347781ddbac4', 0, '04098c0597124705ad32c63cc1e60ce0', 'custCodelist3Name', 'CUST_CODELIST3_NAME', 'NVARCHAR2(400)', 'N/A', 0, 'string-m', '', '', '', '', '', '', '', 0, NULL, 400, NULL, NULL, '', '', 'system', systimestamp, '73', 0, 'entity.vendorInvoiceAddresses.custCodelist3Name', '', '', '', '', '', '');
INSERT INTO CNT_FIELD_DEFINITION
 (ID, REVISION, PARENT_ID, FIELD_ID, COLUMN_NAME, COLUMN_TYPE, REPORT_COLUMN_NAME, PRODUCT_FIELD, FIELD_TYPE, ENTITY_LOOKUP, ENTITY_LOOKUP_KEY, ORDER_BY, GENERATOR, REFER_TABLE, KEY_COLUMN, LOOKUP_COLUMN, MANDATORY, MIN_LENGTH, MAX_LENGTH, MIN_VALUE, MAX_VALUE, CONSTANT_VALUE, UNIQUE_KEY, CREATE_USER, CREATED_ON, LINE_NO, MANAGED, FIELD_PATH, DATA_TYPE, DATA1, DATA2, TRANSITIVE_FIELDS, FORMULA, ENTITY_LOOKUP_TYPE)
VALUES ('a6e83f595f244750a02393aba61e7df2', 0, '04098c0597124705ad32c63cc1e60ce0', 'custCodelist4Name', 'CUST_CODELIST4_NAME', 'NVARCHAR2(400)', 'N/A', 0, 'string-m', '', '', '', '', '', '', '', 0, NULL, 400, NULL, NULL, '', '', 'system', systimestamp, '74', 0, 'entity.vendorInvoiceAddresses.custCodelist4Name', '', '', '', '', '', '');
INSERT INTO CNT_FIELD_DEFINITION
 (ID, REVISION, PARENT_ID, FIELD_ID, COLUMN_NAME, COLUMN_TYPE, REPORT_COLUMN_NAME, PRODUCT_FIELD, FIELD_TYPE, ENTITY_LOOKUP, ENTITY_LOOKUP_KEY, ORDER_BY, GENERATOR, REFER_TABLE, KEY_COLUMN, LOOKUP_COLUMN, MANDATORY, MIN_LENGTH, MAX_LENGTH, MIN_VALUE, MAX_VALUE, CONSTANT_VALUE, UNIQUE_KEY, CREATE_USER, CREATED_ON, LINE_NO, MANAGED, FIELD_PATH, DATA_TYPE, DATA1, DATA2, TRANSITIVE_FIELDS, FORMULA, ENTITY_LOOKUP_TYPE)
VALUES ('e62e1d628ba24f0fb150985bb64872e2', 0, '04098c0597124705ad32c63cc1e60ce0', 'custCodelist5Name', 'CUST_CODELIST5_NAME', 'NVARCHAR2(400)', 'N/A', 0, 'string-m', '', '', '', '', '', '', '', 0, NULL, 400, NULL, NULL, '', '', 'system', systimestamp, '75', 0, 'entity.vendorInvoiceAddresses.custCodelist5Name', '', '', '', '', '', '');
INSERT INTO CNT_FIELD_DEFINITION
 (ID, REVISION, PARENT_ID, FIELD_ID, COLUMN_NAME, COLUMN_TYPE, REPORT_COLUMN_NAME, PRODUCT_FIELD, FIELD_TYPE, ENTITY_LOOKUP, ENTITY_LOOKUP_KEY, ORDER_BY, GENERATOR, REFER_TABLE, KEY_COLUMN, LOOKUP_COLUMN, MANDATORY, MIN_LENGTH, MAX_LENGTH, MIN_VALUE, MAX_VALUE, CONSTANT_VALUE, UNIQUE_KEY, CREATE_USER, CREATED_ON, LINE_NO, MANAGED, FIELD_PATH, DATA_TYPE, DATA1, DATA2, TRANSITIVE_FIELDS, FORMULA, ENTITY_LOOKUP_TYPE)
VALUES ('6606eaecceea4ba6933e18fab20f834f', 0, '04098c0597124705ad32c63cc1e60ce0', 'custCodelist6Name', 'CUST_CODELIST6_NAME', 'NVARCHAR2(400)', 'N/A', 0, 'string-m', '', '', '', '', '', '', '', 0, NULL, 400, NULL, NULL, '', '', 'system', systimestamp, '76', 0, 'entity.vendorInvoiceAddresses.custCodelist6Name', '', '', '', '', '', '');
INSERT INTO CNT_FIELD_DEFINITION
 (ID, REVISION, PARENT_ID, FIELD_ID, COLUMN_NAME, COLUMN_TYPE, REPORT_COLUMN_NAME, PRODUCT_FIELD, FIELD_TYPE, ENTITY_LOOKUP, ENTITY_LOOKUP_KEY, ORDER_BY, GENERATOR, REFER_TABLE, KEY_COLUMN, LOOKUP_COLUMN, MANDATORY, MIN_LENGTH, MAX_LENGTH, MIN_VALUE, MAX_VALUE, CONSTANT_VALUE, UNIQUE_KEY, CREATE_USER, CREATED_ON, LINE_NO, MANAGED, FIELD_PATH, DATA_TYPE, DATA1, DATA2, TRANSITIVE_FIELDS, FORMULA, ENTITY_LOOKUP_TYPE)
VALUES ('1d791b488b114bfd8676a77268e89e96', 0, '04098c0597124705ad32c63cc1e60ce0', 'custCodelist7Name', 'CUST_CODELIST7_NAME', 'NVARCHAR2(400)', 'N/A', 0, 'string-m', '', '', '', '', '', '', '', 0, NULL, 400, NULL, NULL, '', '', 'system', systimestamp, '77', 0, 'entity.vendorInvoiceAddresses.custCodelist7Name', '', '', '', '', '', '');
INSERT INTO CNT_FIELD_DEFINITION
 (ID, REVISION, PARENT_ID, FIELD_ID, COLUMN_NAME, COLUMN_TYPE, REPORT_COLUMN_NAME, PRODUCT_FIELD, FIELD_TYPE, ENTITY_LOOKUP, ENTITY_LOOKUP_KEY, ORDER_BY, GENERATOR, REFER_TABLE, KEY_COLUMN, LOOKUP_COLUMN, MANDATORY, MIN_LENGTH, MAX_LENGTH, MIN_VALUE, MAX_VALUE, CONSTANT_VALUE, UNIQUE_KEY, CREATE_USER, CREATED_ON, LINE_NO, MANAGED, FIELD_PATH, DATA_TYPE, DATA1, DATA2, TRANSITIVE_FIELDS, FORMULA, ENTITY_LOOKUP_TYPE)
VALUES ('1fb251229c734d90961a6e2f207b2e61', 0, '04098c0597124705ad32c63cc1e60ce0', 'custHcl1Ref', 'CUST_HCL1_REF', 'NVARCHAR2(1000)', 'N/A', 0, 'string-l', '', '', '', '', '', '', '', 0, NULL, 1000, NULL, NULL, '', '', 'system', systimestamp, '78', 0, 'entity.vendorInvoiceAddresses.custHcl1Ref', '', '', '', '', '', '');
INSERT INTO CNT_FIELD_DEFINITION
 (ID, REVISION, PARENT_ID, FIELD_ID, COLUMN_NAME, COLUMN_TYPE, REPORT_COLUMN_NAME, PRODUCT_FIELD, FIELD_TYPE, ENTITY_LOOKUP, ENTITY_LOOKUP_KEY, ORDER_BY, GENERATOR, REFER_TABLE, KEY_COLUMN, LOOKUP_COLUMN, MANDATORY, MIN_LENGTH, MAX_LENGTH, MIN_VALUE, MAX_VALUE, CONSTANT_VALUE, UNIQUE_KEY, CREATE_USER, CREATED_ON, LINE_NO, MANAGED, FIELD_PATH, DATA_TYPE, DATA1, DATA2, TRANSITIVE_FIELDS, FORMULA, ENTITY_LOOKUP_TYPE)
VALUES ('d737746acefd4dd99afec582a3b3bcc9', 0, '04098c0597124705ad32c63cc1e60ce0', 'custHcl1Ver', 'CUST_HCL1_VER', 'NUMBER(20, 0)', 'N/A', 0, 'integer', '', '', '', '', '', '', '', 0, NULL, 18, NULL, NULL, '', '', 'system', systimestamp, '79', 0, 'entity.vendorInvoiceAddresses.custHcl1Ver', '', '', '', '', '', '');
INSERT INTO CNT_FIELD_DEFINITION
 (ID, REVISION, PARENT_ID, FIELD_ID, COLUMN_NAME, COLUMN_TYPE, REPORT_COLUMN_NAME, PRODUCT_FIELD, FIELD_TYPE, ENTITY_LOOKUP, ENTITY_LOOKUP_KEY, ORDER_BY, GENERATOR, REFER_TABLE, KEY_COLUMN, LOOKUP_COLUMN, MANDATORY, MIN_LENGTH, MAX_LENGTH, MIN_VALUE, MAX_VALUE, CONSTANT_VALUE, UNIQUE_KEY, CREATE_USER, CREATED_ON, LINE_NO, MANAGED, FIELD_PATH, DATA_TYPE, DATA1, DATA2, TRANSITIVE_FIELDS, FORMULA, ENTITY_LOOKUP_TYPE)
VALUES ('554dd89be4164269a3bb4dbc6510d964', 0, '04098c0597124705ad32c63cc1e60ce0', 'custHcl1Ref2', 'CUST_HCL1_REF2', 'NVARCHAR2(1000)', 'N/A', 0, 'string-l', '', '', '', '', '', '', '', 0, NULL, 1000, NULL, NULL, '', '', 'system', systimestamp, '80', 0, 'entity.vendorInvoiceAddresses.custHcl1Ref2', '', '', '', '', '', '');
INSERT INTO CNT_FIELD_DEFINITION
 (ID, REVISION, PARENT_ID, FIELD_ID, COLUMN_NAME, COLUMN_TYPE, REPORT_COLUMN_NAME, PRODUCT_FIELD, FIELD_TYPE, ENTITY_LOOKUP, ENTITY_LOOKUP_KEY, ORDER_BY, GENERATOR, REFER_TABLE, KEY_COLUMN, LOOKUP_COLUMN, MANDATORY, MIN_LENGTH, MAX_LENGTH, MIN_VALUE, MAX_VALUE, CONSTANT_VALUE, UNIQUE_KEY, CREATE_USER, CREATED_ON, LINE_NO, MANAGED, FIELD_PATH, DATA_TYPE, DATA1, DATA2, TRANSITIVE_FIELDS, FORMULA, ENTITY_LOOKUP_TYPE)
VALUES ('92a74abb415941fba7c2e6fecad48858', 0, '04098c0597124705ad32c63cc1e60ce0', 'custHcl1FullLineage', 'CUST_HCL1_FULL_LINEAGE', 'NVARCHAR2(1000)', 'N/A', 0, 'string-l', '', '', '', '', '', '', '', 0, NULL, 1000, NULL, NULL, '', '', 'system', systimestamp, '81', 0, 'entity.vendorInvoiceAddresses.custHcl1FullLineage', '', '', '', '', '', '');
INSERT INTO CNT_FIELD_DEFINITION
 (ID, REVISION, PARENT_ID, FIELD_ID, COLUMN_NAME, COLUMN_TYPE, REPORT_COLUMN_NAME, PRODUCT_FIELD, FIELD_TYPE, ENTITY_LOOKUP, ENTITY_LOOKUP_KEY, ORDER_BY, GENERATOR, REFER_TABLE, KEY_COLUMN, LOOKUP_COLUMN, MANDATORY, MIN_LENGTH, MAX_LENGTH, MIN_VALUE, MAX_VALUE, CONSTANT_VALUE, UNIQUE_KEY, CREATE_USER, CREATED_ON, LINE_NO, MANAGED, FIELD_PATH, DATA_TYPE, DATA1, DATA2, TRANSITIVE_FIELDS, FORMULA, ENTITY_LOOKUP_TYPE)
VALUES ('2dc62059709042d1bb03c142019f8b56', 0, '04098c0597124705ad32c63cc1e60ce0', 'custHcl2Ref', 'CUST_HCL2_REF', 'NVARCHAR2(1000)', 'N/A', 0, 'string-l', '', '', '', '', '', '', '', 0, NULL, 1000, NULL, NULL, '', '', 'system', systimestamp, '82', 0, 'entity.vendorInvoiceAddresses.custHcl2Ref', '', '', '', '', '', '');
INSERT INTO CNT_FIELD_DEFINITION
 (ID, REVISION, PARENT_ID, FIELD_ID, COLUMN_NAME, COLUMN_TYPE, REPORT_COLUMN_NAME, PRODUCT_FIELD, FIELD_TYPE, ENTITY_LOOKUP, ENTITY_LOOKUP_KEY, ORDER_BY, GENERATOR, REFER_TABLE, KEY_COLUMN, LOOKUP_COLUMN, MANDATORY, MIN_LENGTH, MAX_LENGTH, MIN_VALUE, MAX_VALUE, CONSTANT_VALUE, UNIQUE_KEY, CREATE_USER, CREATED_ON, LINE_NO, MANAGED, FIELD_PATH, DATA_TYPE, DATA1, DATA2, TRANSITIVE_FIELDS, FORMULA, ENTITY_LOOKUP_TYPE)
VALUES ('43b0ba5d52514cfcba30386e6f4d7dd1', 0, '04098c0597124705ad32c63cc1e60ce0', 'custHcl2Ver', 'CUST_HCL2_VER', 'NUMBER(20, 0)', 'N/A', 0, 'integer', '', '', '', '', '', '', '', 0, NULL, 18, NULL, NULL, '', '', 'system', systimestamp, '83', 0, 'entity.vendorInvoiceAddresses.custHcl2Ver', '', '', '', '', '', '');
INSERT INTO CNT_FIELD_DEFINITION
 (ID, REVISION, PARENT_ID, FIELD_ID, COLUMN_NAME, COLUMN_TYPE, REPORT_COLUMN_NAME, PRODUCT_FIELD, FIELD_TYPE, ENTITY_LOOKUP, ENTITY_LOOKUP_KEY, ORDER_BY, GENERATOR, REFER_TABLE, KEY_COLUMN, LOOKUP_COLUMN, MANDATORY, MIN_LENGTH, MAX_LENGTH, MIN_VALUE, MAX_VALUE, CONSTANT_VALUE, UNIQUE_KEY, CREATE_USER, CREATED_ON, LINE_NO, MANAGED, FIELD_PATH, DATA_TYPE, DATA1, DATA2, TRANSITIVE_FIELDS, FORMULA, ENTITY_LOOKUP_TYPE)
VALUES ('033f9d50f3c14482800b8872ab12bfd7', 0, '04098c0597124705ad32c63cc1e60ce0', 'custHcl2Ref2', 'CUST_HCL2_REF2', 'NVARCHAR2(1000)', 'N/A', 0, 'string-l', '', '', '', '', '', '', '', 0, NULL, 1000, NULL, NULL, '', '', 'system', systimestamp, '84', 0, 'entity.vendorInvoiceAddresses.custHcl2Ref2', '', '', '', '', '', '');
INSERT INTO CNT_FIELD_DEFINITION
 (ID, REVISION, PARENT_ID, FIELD_ID, COLUMN_NAME, COLUMN_TYPE, REPORT_COLUMN_NAME, PRODUCT_FIELD, FIELD_TYPE, ENTITY_LOOKUP, ENTITY_LOOKUP_KEY, ORDER_BY, GENERATOR, REFER_TABLE, KEY_COLUMN, LOOKUP_COLUMN, MANDATORY, MIN_LENGTH, MAX_LENGTH, MIN_VALUE, MAX_VALUE, CONSTANT_VALUE, UNIQUE_KEY, CREATE_USER, CREATED_ON, LINE_NO, MANAGED, FIELD_PATH, DATA_TYPE, DATA1, DATA2, TRANSITIVE_FIELDS, FORMULA, ENTITY_LOOKUP_TYPE)
VALUES ('72ec461c1c544b878b4125b7d82f2232', 0, '04098c0597124705ad32c63cc1e60ce0', 'custHcl2FullLineage', 'CUST_HCL2_FULL_LINEAGE', 'NVARCHAR2(1000)', 'N/A', 0, 'string-l', '', '', '', '', '', '', '', 0, NULL, 1000, NULL, NULL, '', '', 'system', systimestamp, '85', 0, 'entity.vendorInvoiceAddresses.custHcl2FullLineage', '', '', '', '', '', '');
INSERT INTO CNT_FIELD_DEFINITION
 (ID, REVISION, PARENT_ID, FIELD_ID, COLUMN_NAME, COLUMN_TYPE, REPORT_COLUMN_NAME, PRODUCT_FIELD, FIELD_TYPE, ENTITY_LOOKUP, ENTITY_LOOKUP_KEY, ORDER_BY, GENERATOR, REFER_TABLE, KEY_COLUMN, LOOKUP_COLUMN, MANDATORY, MIN_LENGTH, MAX_LENGTH, MIN_VALUE, MAX_VALUE, CONSTANT_VALUE, UNIQUE_KEY, CREATE_USER, CREATED_ON, LINE_NO, MANAGED, FIELD_PATH, DATA_TYPE, DATA1, DATA2, TRANSITIVE_FIELDS, FORMULA, ENTITY_LOOKUP_TYPE)
VALUES ('417ab97715484f8194386df29847a594', 0, '04098c0597124705ad32c63cc1e60ce0', 'custHcl3Ref', 'CUST_HCL3_REF', 'NVARCHAR2(1000)', 'N/A', 0, 'string-l', '', '', '', '', '', '', '', 0, NULL, 1000, NULL, NULL, '', '', 'system', systimestamp, '86', 0, 'entity.vendorInvoiceAddresses.custHcl3Ref', '', '', '', '', '', '');
INSERT INTO CNT_FIELD_DEFINITION
 (ID, REVISION, PARENT_ID, FIELD_ID, COLUMN_NAME, COLUMN_TYPE, REPORT_COLUMN_NAME, PRODUCT_FIELD, FIELD_TYPE, ENTITY_LOOKUP, ENTITY_LOOKUP_KEY, ORDER_BY, GENERATOR, REFER_TABLE, KEY_COLUMN, LOOKUP_COLUMN, MANDATORY, MIN_LENGTH, MAX_LENGTH, MIN_VALUE, MAX_VALUE, CONSTANT_VALUE, UNIQUE_KEY, CREATE_USER, CREATED_ON, LINE_NO, MANAGED, FIELD_PATH, DATA_TYPE, DATA1, DATA2, TRANSITIVE_FIELDS, FORMULA, ENTITY_LOOKUP_TYPE)
VALUES ('4a1f2efb165b4c06868a18db096e79f5', 0, '04098c0597124705ad32c63cc1e60ce0', 'custHcl3Ver', 'CUST_HCL3_VER', 'NUMBER(20, 0)', 'N/A', 0, 'integer', '', '', '', '', '', '', '', 0, NULL, 18, NULL, NULL, '', '', 'system', systimestamp, '87', 0, 'entity.vendorInvoiceAddresses.custHcl3Ver', '', '', '', '', '', '');
INSERT INTO CNT_FIELD_DEFINITION
 (ID, REVISION, PARENT_ID, FIELD_ID, COLUMN_NAME, COLUMN_TYPE, REPORT_COLUMN_NAME, PRODUCT_FIELD, FIELD_TYPE, ENTITY_LOOKUP, ENTITY_LOOKUP_KEY, ORDER_BY, GENERATOR, REFER_TABLE, KEY_COLUMN, LOOKUP_COLUMN, MANDATORY, MIN_LENGTH, MAX_LENGTH, MIN_VALUE, MAX_VALUE, CONSTANT_VALUE, UNIQUE_KEY, CREATE_USER, CREATED_ON, LINE_NO, MANAGED, FIELD_PATH, DATA_TYPE, DATA1, DATA2, TRANSITIVE_FIELDS, FORMULA, ENTITY_LOOKUP_TYPE)
VALUES ('9de327bab9fb47419e291c17fbdae779', 0, '04098c0597124705ad32c63cc1e60ce0', 'custHcl3Ref2', 'CUST_HCL3_REF2', 'NVARCHAR2(1000)', 'N/A', 0, 'string-l', '', '', '', '', '', '', '', 0, NULL, 1000, NULL, NULL, '', '', 'system', systimestamp, '88', 0, 'entity.vendorInvoiceAddresses.custHcl3Ref2', '', '', '', '', '', '');
INSERT INTO CNT_FIELD_DEFINITION
 (ID, REVISION, PARENT_ID, FIELD_ID, COLUMN_NAME, COLUMN_TYPE, REPORT_COLUMN_NAME, PRODUCT_FIELD, FIELD_TYPE, ENTITY_LOOKUP, ENTITY_LOOKUP_KEY, ORDER_BY, GENERATOR, REFER_TABLE, KEY_COLUMN, LOOKUP_COLUMN, MANDATORY, MIN_LENGTH, MAX_LENGTH, MIN_VALUE, MAX_VALUE, CONSTANT_VALUE, UNIQUE_KEY, CREATE_USER, CREATED_ON, LINE_NO, MANAGED, FIELD_PATH, DATA_TYPE, DATA1, DATA2, TRANSITIVE_FIELDS, FORMULA, ENTITY_LOOKUP_TYPE)
VALUES ('577e1fb341a742eab800e86e8e3e03ac', 0, '04098c0597124705ad32c63cc1e60ce0', 'custHcl3FullLineage', 'CUST_HCL3_FULL_LINEAGE', 'NVARCHAR2(1000)', 'N/A', 0, 'string-l', '', '', '', '', '', '', '', 0, NULL, 1000, NULL, NULL, '', '', 'system', systimestamp, '89', 0, 'entity.vendorInvoiceAddresses.custHcl3FullLineage', '', '', '', '', '', '');
INSERT INTO CNT_FIELD_DEFINITION
 (ID, REVISION, PARENT_ID, FIELD_ID, COLUMN_NAME, COLUMN_TYPE, REPORT_COLUMN_NAME, PRODUCT_FIELD, FIELD_TYPE, ENTITY_LOOKUP, ENTITY_LOOKUP_KEY, ORDER_BY, GENERATOR, REFER_TABLE, KEY_COLUMN, LOOKUP_COLUMN, MANDATORY, MIN_LENGTH, MAX_LENGTH, MIN_VALUE, MAX_VALUE, CONSTANT_VALUE, UNIQUE_KEY, CREATE_USER, CREATED_ON, LINE_NO, MANAGED, FIELD_PATH, DATA_TYPE, DATA1, DATA2, TRANSITIVE_FIELDS, FORMULA, ENTITY_LOOKUP_TYPE)
VALUES ('a6da22828d3746ab8174ad8d29045f9a', 0, '04098c0597124705ad32c63cc1e60ce0', 'custHcl4Ref', 'CUST_HCL4_REF', 'NVARCHAR2(1000)', 'N/A', 0, 'string-l', '', '', '', '', '', '', '', 0, NULL, 1000, NULL, NULL, '', '', 'system', systimestamp, '90', 0, 'entity.vendorInvoiceAddresses.custHcl4Ref', '', '', '', '', '', '');
INSERT INTO CNT_FIELD_DEFINITION
 (ID, REVISION, PARENT_ID, FIELD_ID, COLUMN_NAME, COLUMN_TYPE, REPORT_COLUMN_NAME, PRODUCT_FIELD, FIELD_TYPE, ENTITY_LOOKUP, ENTITY_LOOKUP_KEY, ORDER_BY, GENERATOR, REFER_TABLE, KEY_COLUMN, LOOKUP_COLUMN, MANDATORY, MIN_LENGTH, MAX_LENGTH, MIN_VALUE, MAX_VALUE, CONSTANT_VALUE, UNIQUE_KEY, CREATE_USER, CREATED_ON, LINE_NO, MANAGED, FIELD_PATH, DATA_TYPE, DATA1, DATA2, TRANSITIVE_FIELDS, FORMULA, ENTITY_LOOKUP_TYPE)
VALUES ('4f178485f3db4ec596ff76f03a8cdf4c', 0, '04098c0597124705ad32c63cc1e60ce0', 'custHcl4Ver', 'CUST_HCL4_VER', 'NUMBER(20, 0)', 'N/A', 0, 'integer', '', '', '', '', '', '', '', 0, NULL, 18, NULL, NULL, '', '', 'system', systimestamp, '91', 0, 'entity.vendorInvoiceAddresses.custHcl4Ver', '', '', '', '', '', '');
INSERT INTO CNT_FIELD_DEFINITION
 (ID, REVISION, PARENT_ID, FIELD_ID, COLUMN_NAME, COLUMN_TYPE, REPORT_COLUMN_NAME, PRODUCT_FIELD, FIELD_TYPE, ENTITY_LOOKUP, ENTITY_LOOKUP_KEY, ORDER_BY, GENERATOR, REFER_TABLE, KEY_COLUMN, LOOKUP_COLUMN, MANDATORY, MIN_LENGTH, MAX_LENGTH, MIN_VALUE, MAX_VALUE, CONSTANT_VALUE, UNIQUE_KEY, CREATE_USER, CREATED_ON, LINE_NO, MANAGED, FIELD_PATH, DATA_TYPE, DATA1, DATA2, TRANSITIVE_FIELDS, FORMULA, ENTITY_LOOKUP_TYPE)
VALUES ('3e3c0b93d34c44978d8086e5fef8e372', 0, '04098c0597124705ad32c63cc1e60ce0', 'custHcl4Ref2', 'CUST_HCL4_REF2', 'NVARCHAR2(1000)', 'N/A', 0, 'string-l', '', '', '', '', '', '', '', 0, NULL, 1000, NULL, NULL, '', '', 'system', systimestamp, '92', 0, 'entity.vendorInvoiceAddresses.custHcl4Ref2', '', '', '', '', '', '');
INSERT INTO CNT_FIELD_DEFINITION
 (ID, REVISION, PARENT_ID, FIELD_ID, COLUMN_NAME, COLUMN_TYPE, REPORT_COLUMN_NAME, PRODUCT_FIELD, FIELD_TYPE, ENTITY_LOOKUP, ENTITY_LOOKUP_KEY, ORDER_BY, GENERATOR, REFER_TABLE, KEY_COLUMN, LOOKUP_COLUMN, MANDATORY, MIN_LENGTH, MAX_LENGTH, MIN_VALUE, MAX_VALUE, CONSTANT_VALUE, UNIQUE_KEY, CREATE_USER, CREATED_ON, LINE_NO, MANAGED, FIELD_PATH, DATA_TYPE, DATA1, DATA2, TRANSITIVE_FIELDS, FORMULA, ENTITY_LOOKUP_TYPE)
VALUES ('f7295d1909b64fc4ac830dd8162d4575', 0, '04098c0597124705ad32c63cc1e60ce0', 'custHcl4FullLineage', 'CUST_HCL4_FULL_LINEAGE', 'NVARCHAR2(1000)', 'N/A', 0, 'string-l', '', '', '', '', '', '', '', 0, NULL, 1000, NULL, NULL, '', '', 'system', systimestamp, '93', 0, 'entity.vendorInvoiceAddresses.custHcl4FullLineage', '', '', '', '', '', '');
INSERT INTO CNT_FIELD_DEFINITION
 (ID, REVISION, PARENT_ID, FIELD_ID, COLUMN_NAME, COLUMN_TYPE, REPORT_COLUMN_NAME, PRODUCT_FIELD, FIELD_TYPE, ENTITY_LOOKUP, ENTITY_LOOKUP_KEY, ORDER_BY, GENERATOR, REFER_TABLE, KEY_COLUMN, LOOKUP_COLUMN, MANDATORY, MIN_LENGTH, MAX_LENGTH, MIN_VALUE, MAX_VALUE, CONSTANT_VALUE, UNIQUE_KEY, CREATE_USER, CREATED_ON, LINE_NO, MANAGED, FIELD_PATH, DATA_TYPE, DATA1, DATA2, TRANSITIVE_FIELDS, FORMULA, ENTITY_LOOKUP_TYPE)
VALUES ('8984cec9689c4219b91f7f831b351fe6', 0, '04098c0597124705ad32c63cc1e60ce0', 'custHcl5Ref', 'CUST_HCL5_REF', 'NVARCHAR2(1000)', 'N/A', 0, 'string-l', '', '', '', '', '', '', '', 0, NULL, 1000, NULL, NULL, '', '', 'system', systimestamp, '94', 0, 'entity.vendorInvoiceAddresses.custHcl5Ref', '', '', '', '', '', '');
INSERT INTO CNT_FIELD_DEFINITION
 (ID, REVISION, PARENT_ID, FIELD_ID, COLUMN_NAME, COLUMN_TYPE, REPORT_COLUMN_NAME, PRODUCT_FIELD, FIELD_TYPE, ENTITY_LOOKUP, ENTITY_LOOKUP_KEY, ORDER_BY, GENERATOR, REFER_TABLE, KEY_COLUMN, LOOKUP_COLUMN, MANDATORY, MIN_LENGTH, MAX_LENGTH, MIN_VALUE, MAX_VALUE, CONSTANT_VALUE, UNIQUE_KEY, CREATE_USER, CREATED_ON, LINE_NO, MANAGED, FIELD_PATH, DATA_TYPE, DATA1, DATA2, TRANSITIVE_FIELDS, FORMULA, ENTITY_LOOKUP_TYPE)
VALUES ('82ef3c68034e4c2b907b5a8ff6158801', 0, '04098c0597124705ad32c63cc1e60ce0', 'custHcl5Ver', 'CUST_HCL5_VER', 'NUMBER(20, 0)', 'N/A', 0, 'integer', '', '', '', '', '', '', '', 0, NULL, 18, NULL, NULL, '', '', 'system', systimestamp, '95', 0, 'entity.vendorInvoiceAddresses.custHcl5Ver', '', '', '', '', '', '');
INSERT INTO CNT_FIELD_DEFINITION
 (ID, REVISION, PARENT_ID, FIELD_ID, COLUMN_NAME, COLUMN_TYPE, REPORT_COLUMN_NAME, PRODUCT_FIELD, FIELD_TYPE, ENTITY_LOOKUP, ENTITY_LOOKUP_KEY, ORDER_BY, GENERATOR, REFER_TABLE, KEY_COLUMN, LOOKUP_COLUMN, MANDATORY, MIN_LENGTH, MAX_LENGTH, MIN_VALUE, MAX_VALUE, CONSTANT_VALUE, UNIQUE_KEY, CREATE_USER, CREATED_ON, LINE_NO, MANAGED, FIELD_PATH, DATA_TYPE, DATA1, DATA2, TRANSITIVE_FIELDS, FORMULA, ENTITY_LOOKUP_TYPE)
VALUES ('5faf51c6cc7b4a3684d98c2f18f734d2', 0, '04098c0597124705ad32c63cc1e60ce0', 'custHcl5Ref2', 'CUST_HCL5_REF2', 'NVARCHAR2(1000)', 'N/A', 0, 'string-l', '', '', '', '', '', '', '', 0, NULL, 1000, NULL, NULL, '', '', 'system', systimestamp, '96', 0, 'entity.vendorInvoiceAddresses.custHcl5Ref2', '', '', '', '', '', '');
INSERT INTO CNT_FIELD_DEFINITION
 (ID, REVISION, PARENT_ID, FIELD_ID, COLUMN_NAME, COLUMN_TYPE, REPORT_COLUMN_NAME, PRODUCT_FIELD, FIELD_TYPE, ENTITY_LOOKUP, ENTITY_LOOKUP_KEY, ORDER_BY, GENERATOR, REFER_TABLE, KEY_COLUMN, LOOKUP_COLUMN, MANDATORY, MIN_LENGTH, MAX_LENGTH, MIN_VALUE, MAX_VALUE, CONSTANT_VALUE, UNIQUE_KEY, CREATE_USER, CREATED_ON, LINE_NO, MANAGED, FIELD_PATH, DATA_TYPE, DATA1, DATA2, TRANSITIVE_FIELDS, FORMULA, ENTITY_LOOKUP_TYPE)
VALUES ('1260c7abb7454c3481176272f60ca1d8', 0, '04098c0597124705ad32c63cc1e60ce0', 'custHcl5FullLineage', 'CUST_HCL5_FULL_LINEAGE', 'NVARCHAR2(1000)', 'N/A', 0, 'string-l', '', '', '', '', '', '', '', 0, NULL, 1000, NULL, NULL, '', '', 'system', systimestamp, '97', 0, 'entity.vendorInvoiceAddresses.custHcl5FullLineage', '', '', '', '', '', '');



DELETE CNT_HISTORY_DEF_ITEM WHERE PARENT_ID IN (SELECT ID FROM CNT_HISTORY_DEF WHERE DOMAIN_ID = '/' AND APPLY_ENTITY = 'VendorInvoiceAttachment' AND ENTITY_VERSION = 1);
DELETE CNT_HISTORY_DEF WHERE DOMAIN_ID = '/' AND APPLY_ENTITY = 'VendorInvoiceAttachment' AND ENTITY_VERSION = 1;
DELETE CNT_HISTORY_DEF_ITEM WHERE PARENT_ID IN (SELECT ID FROM CNT_HISTORY_DEF WHERE DOMAIN_ID = '/' AND APPLY_ENTITY = 'VIShipmentItemSize' AND ENTITY_VERSION = 1);
DELETE CNT_HISTORY_DEF WHERE DOMAIN_ID = '/' AND APPLY_ENTITY = 'VIShipmentItemSize' AND ENTITY_VERSION = 1;
DELETE CNT_HISTORY_DEF_ITEM WHERE PARENT_ID IN (SELECT ID FROM CNT_HISTORY_DEF WHERE DOMAIN_ID = '/' AND APPLY_ENTITY = 'VendorInvoiceShipItem' AND ENTITY_VERSION = 1);
DELETE CNT_HISTORY_DEF WHERE DOMAIN_ID = '/' AND APPLY_ENTITY = 'VendorInvoiceShipItem' AND ENTITY_VERSION = 1;
DELETE CNT_HISTORY_DEF_ITEM WHERE PARENT_ID IN (SELECT ID FROM CNT_HISTORY_DEF WHERE DOMAIN_ID = '/' AND APPLY_ENTITY = 'VIShipmentItemColor' AND ENTITY_VERSION = 1);
DELETE CNT_HISTORY_DEF WHERE DOMAIN_ID = '/' AND APPLY_ENTITY = 'VIShipmentItemColor' AND ENTITY_VERSION = 1;
DELETE CNT_HISTORY_DEF_ITEM WHERE PARENT_ID IN (SELECT ID FROM CNT_HISTORY_DEF WHERE DOMAIN_ID = '/' AND APPLY_ENTITY = 'VendorInvoice' AND ENTITY_VERSION = 1);
DELETE CNT_HISTORY_DEF WHERE DOMAIN_ID = '/' AND APPLY_ENTITY = 'VendorInvoice' AND ENTITY_VERSION = 1;
DELETE CNT_HISTORY_DEF_ITEM WHERE PARENT_ID IN (SELECT ID FROM CNT_HISTORY_DEF WHERE DOMAIN_ID = '/' AND APPLY_ENTITY = 'VendorInvoiceChargeOnDoc' AND ENTITY_VERSION = 1);
DELETE CNT_HISTORY_DEF WHERE DOMAIN_ID = '/' AND APPLY_ENTITY = 'VendorInvoiceChargeOnDoc' AND ENTITY_VERSION = 1;
DELETE CNT_HISTORY_DEF_ITEM WHERE PARENT_ID IN (SELECT ID FROM CNT_HISTORY_DEF WHERE DOMAIN_ID = '/' AND APPLY_ENTITY = 'VIShipmentItemCs' AND ENTITY_VERSION = 1);
DELETE CNT_HISTORY_DEF WHERE DOMAIN_ID = '/' AND APPLY_ENTITY = 'VIShipmentItemCs' AND ENTITY_VERSION = 1;
DELETE CNT_HISTORY_DEF_ITEM WHERE PARENT_ID IN (SELECT ID FROM CNT_HISTORY_DEF WHERE DOMAIN_ID = '/' AND APPLY_ENTITY = 'VendorInvoiceCharge' AND ENTITY_VERSION = 1);
DELETE CNT_HISTORY_DEF WHERE DOMAIN_ID = '/' AND APPLY_ENTITY = 'VendorInvoiceCharge' AND ENTITY_VERSION = 1;
DELETE CNT_HISTORY_DEF_ITEM WHERE PARENT_ID IN (SELECT ID FROM CNT_HISTORY_DEF WHERE DOMAIN_ID = '/' AND APPLY_ENTITY = 'VendorInvoiceContact' AND ENTITY_VERSION = 1);
DELETE CNT_HISTORY_DEF WHERE DOMAIN_ID = '/' AND APPLY_ENTITY = 'VendorInvoiceContact' AND ENTITY_VERSION = 1;
DELETE CNT_HISTORY_DEF_ITEM WHERE PARENT_ID IN (SELECT ID FROM CNT_HISTORY_DEF WHERE DOMAIN_ID = '/' AND APPLY_ENTITY = 'VendorInvoiceAddress' AND ENTITY_VERSION = 1);
DELETE CNT_HISTORY_DEF WHERE DOMAIN_ID = '/' AND APPLY_ENTITY = 'VendorInvoiceAddress' AND ENTITY_VERSION = 1;
INSERT INTO CNT_HISTORY_DEF
 (ID, REVISION, APPLY_ENTITY, ENTITY_VERSION, DOMAIN_ID , GENERATED, CREATE_USER, CREATE_USER_NAME, CREATED_ON)
VALUES ('a0b3c9a52b4246788e59688bb0a94002', 0, 'VendorInvoiceAttachment', 1, '/', 1, 'system', 'system', systimestamp);
INSERT INTO CNT_HISTORY_DEF_ITEM
 (ID, REVISION, ENTITY_VERSION, DOMAIN_ID, PARENT_ID, LINE_NO, FIELD_ID, TRACKING_LEVEL, PATH_RENDERER_CLASS, DETAIL_RENDERER_CLASS)
VALUES ('461f929edc9a476aa0fc9b92c45d17d6', 0, 1, '/', 'a0b3c9a52b4246788e59688bb0a94002', '0', 'id', 1, 'PathRenderer', 'DetailRenderer');
INSERT INTO CNT_HISTORY_DEF_ITEM
 (ID, REVISION, ENTITY_VERSION, DOMAIN_ID, PARENT_ID, LINE_NO, FIELD_ID, TRACKING_LEVEL, PATH_RENDERER_CLASS, DETAIL_RENDERER_CLASS)
VALUES ('45215d2b0ac244aaafa48aef56d99f84', 0, 1, '/', 'a0b3c9a52b4246788e59688bb0a94002', '1', 'revision', 1, 'PathRenderer', 'DetailRenderer');
INSERT INTO CNT_HISTORY_DEF_ITEM
 (ID, REVISION, ENTITY_VERSION, DOMAIN_ID, PARENT_ID, LINE_NO, FIELD_ID, TRACKING_LEVEL, PATH_RENDERER_CLASS, DETAIL_RENDERER_CLASS)
VALUES ('4f8d65a94be748b7bbe2b3cf7d14a3ec', 0, 1, '/', 'a0b3c9a52b4246788e59688bb0a94002', '2', 'entityVersion', 1, 'PathRenderer', 'DetailRenderer');
INSERT INTO CNT_HISTORY_DEF_ITEM
 (ID, REVISION, ENTITY_VERSION, DOMAIN_ID, PARENT_ID, LINE_NO, FIELD_ID, TRACKING_LEVEL, PATH_RENDERER_CLASS, DETAIL_RENDERER_CLASS)
VALUES ('975304eb8eed41059449988f565384bf', 0, 1, '/', 'a0b3c9a52b4246788e59688bb0a94002', '3', 'domainId', 1, 'PathRenderer', 'DetailRenderer');
INSERT INTO CNT_HISTORY_DEF_ITEM
 (ID, REVISION, ENTITY_VERSION, DOMAIN_ID, PARENT_ID, LINE_NO, FIELD_ID, TRACKING_LEVEL, PATH_RENDERER_CLASS, DETAIL_RENDERER_CLASS)
VALUES ('40d031708e8e49e0be223febb119593a', 0, 1, '/', 'a0b3c9a52b4246788e59688bb0a94002', '4', 'hubDomainId', 1, 'PathRenderer', 'DetailRenderer');
INSERT INTO CNT_HISTORY_DEF_ITEM
 (ID, REVISION, ENTITY_VERSION, DOMAIN_ID, PARENT_ID, LINE_NO, FIELD_ID, TRACKING_LEVEL, PATH_RENDERER_CLASS, DETAIL_RENDERER_CLASS)
VALUES ('8f3e7bd72d294d6ea2454f7c9795ade4', 0, 1, '/', 'a0b3c9a52b4246788e59688bb0a94002', '5', 'isForReference', 1, 'PathRenderer', 'DetailRenderer');
INSERT INTO CNT_HISTORY_DEF_ITEM
 (ID, REVISION, ENTITY_VERSION, DOMAIN_ID, PARENT_ID, LINE_NO, FIELD_ID, TRACKING_LEVEL, PATH_RENDERER_CLASS, DETAIL_RENDERER_CLASS)
VALUES ('a4551bf93b2c42819d521513281a9164', 0, 1, '/', 'a0b3c9a52b4246788e59688bb0a94002', '6', 'internalSeqNo', 1, 'PathRenderer', 'DetailRenderer');
INSERT INTO CNT_HISTORY_DEF_ITEM
 (ID, REVISION, ENTITY_VERSION, DOMAIN_ID, PARENT_ID, LINE_NO, FIELD_ID, TRACKING_LEVEL, PATH_RENDERER_CLASS, DETAIL_RENDERER_CLASS)
VALUES ('36df29919d9d4a24bd01cb3ba094563e', 0, 1, '/', 'a0b3c9a52b4246788e59688bb0a94002', '7', 'vendorInvoiceId', 1, 'PathRenderer', 'DetailRenderer');
INSERT INTO CNT_HISTORY_DEF_ITEM
 (ID, REVISION, ENTITY_VERSION, DOMAIN_ID, PARENT_ID, LINE_NO, FIELD_ID, TRACKING_LEVEL, PATH_RENDERER_CLASS, DETAIL_RENDERER_CLASS)
VALUES ('0b0c78b2ae2242f9bd4d341abd5b3fab', 0, 1, '/', 'a0b3c9a52b4246788e59688bb0a94002', '8', 'description', 1, 'PathRenderer', 'DetailRenderer');
INSERT INTO CNT_HISTORY_DEF_ITEM
 (ID, REVISION, ENTITY_VERSION, DOMAIN_ID, PARENT_ID, LINE_NO, FIELD_ID, TRACKING_LEVEL, PATH_RENDERER_CLASS, DETAIL_RENDERER_CLASS)
VALUES ('c33d8975f1b648db9646b052edbc371d', 0, 1, '/', 'a0b3c9a52b4246788e59688bb0a94002', '9', 'attachment', 1, 'PathRenderer', 'DetailRenderer');
INSERT INTO CNT_HISTORY_DEF_ITEM
 (ID, REVISION, ENTITY_VERSION, DOMAIN_ID, PARENT_ID, LINE_NO, FIELD_ID, TRACKING_LEVEL, PATH_RENDERER_CLASS, DETAIL_RENDERER_CLASS)
VALUES ('0b71411aabce40d6959acffdb0d1625a', 0, 1, '/', 'a0b3c9a52b4246788e59688bb0a94002', '10', 'linkQc', 1, 'PathRenderer', 'DetailRenderer');
INSERT INTO CNT_HISTORY_DEF_ITEM
 (ID, REVISION, ENTITY_VERSION, DOMAIN_ID, PARENT_ID, LINE_NO, FIELD_ID, TRACKING_LEVEL, PATH_RENDERER_CLASS, DETAIL_RENDERER_CLASS)
VALUES ('6d3c830dbe23478daade89ec866c8d3e', 0, 1, '/', 'a0b3c9a52b4246788e59688bb0a94002', '11', 'attachTypes', 1, 'PathRenderer', 'SelectionDetailRenderer');
INSERT INTO CNT_HISTORY_DEF_ITEM
 (ID, REVISION, ENTITY_VERSION, DOMAIN_ID, PARENT_ID, LINE_NO, FIELD_ID, TRACKING_LEVEL, PATH_RENDERER_CLASS, DETAIL_RENDERER_CLASS)
VALUES ('8c2ba9184bc4460ea4d39d0957089caf', 0, 1, '/', 'a0b3c9a52b4246788e59688bb0a94002', '12', 'custText1', 1, 'PathRenderer', 'DetailRenderer');
INSERT INTO CNT_HISTORY_DEF_ITEM
 (ID, REVISION, ENTITY_VERSION, DOMAIN_ID, PARENT_ID, LINE_NO, FIELD_ID, TRACKING_LEVEL, PATH_RENDERER_CLASS, DETAIL_RENDERER_CLASS)
VALUES ('97a83bb06bfa43f89c16d461e3b2b4a4', 0, 1, '/', 'a0b3c9a52b4246788e59688bb0a94002', '13', 'custText2', 1, 'PathRenderer', 'DetailRenderer');
INSERT INTO CNT_HISTORY_DEF_ITEM
 (ID, REVISION, ENTITY_VERSION, DOMAIN_ID, PARENT_ID, LINE_NO, FIELD_ID, TRACKING_LEVEL, PATH_RENDERER_CLASS, DETAIL_RENDERER_CLASS)
VALUES ('981f776e010f4ed9a4fecf4279f297ac', 0, 1, '/', 'a0b3c9a52b4246788e59688bb0a94002', '14', 'custText3', 1, 'PathRenderer', 'DetailRenderer');
INSERT INTO CNT_HISTORY_DEF_ITEM
 (ID, REVISION, ENTITY_VERSION, DOMAIN_ID, PARENT_ID, LINE_NO, FIELD_ID, TRACKING_LEVEL, PATH_RENDERER_CLASS, DETAIL_RENDERER_CLASS)
VALUES ('54414c3a47af4ce59302ed5db730f63f', 0, 1, '/', 'a0b3c9a52b4246788e59688bb0a94002', '15', 'custText4', 1, 'PathRenderer', 'DetailRenderer');
INSERT INTO CNT_HISTORY_DEF_ITEM
 (ID, REVISION, ENTITY_VERSION, DOMAIN_ID, PARENT_ID, LINE_NO, FIELD_ID, TRACKING_LEVEL, PATH_RENDERER_CLASS, DETAIL_RENDERER_CLASS)
VALUES ('2c14d77608ed478a80cba3adce6a65a6', 0, 1, '/', 'a0b3c9a52b4246788e59688bb0a94002', '16', 'custText5', 1, 'PathRenderer', 'DetailRenderer');
INSERT INTO CNT_HISTORY_DEF_ITEM
 (ID, REVISION, ENTITY_VERSION, DOMAIN_ID, PARENT_ID, LINE_NO, FIELD_ID, TRACKING_LEVEL, PATH_RENDERER_CLASS, DETAIL_RENDERER_CLASS)
VALUES ('8dd6a37ba51d483a9bd3ef46990fb120', 0, 1, '/', 'a0b3c9a52b4246788e59688bb0a94002', '17', 'custText6', 1, 'PathRenderer', 'DetailRenderer');
INSERT INTO CNT_HISTORY_DEF_ITEM
 (ID, REVISION, ENTITY_VERSION, DOMAIN_ID, PARENT_ID, LINE_NO, FIELD_ID, TRACKING_LEVEL, PATH_RENDERER_CLASS, DETAIL_RENDERER_CLASS)
VALUES ('d655c2c0217f456dbdded142a84370f2', 0, 1, '/', 'a0b3c9a52b4246788e59688bb0a94002', '18', 'custText7', 1, 'PathRenderer', 'DetailRenderer');
INSERT INTO CNT_HISTORY_DEF_ITEM
 (ID, REVISION, ENTITY_VERSION, DOMAIN_ID, PARENT_ID, LINE_NO, FIELD_ID, TRACKING_LEVEL, PATH_RENDERER_CLASS, DETAIL_RENDERER_CLASS)
VALUES ('638621ef21474d32b0139c4776fa55d9', 0, 1, '/', 'a0b3c9a52b4246788e59688bb0a94002', '19', 'custDate1', 1, 'PathRenderer', 'DetailRenderer');
INSERT INTO CNT_HISTORY_DEF_ITEM
 (ID, REVISION, ENTITY_VERSION, DOMAIN_ID, PARENT_ID, LINE_NO, FIELD_ID, TRACKING_LEVEL, PATH_RENDERER_CLASS, DETAIL_RENDERER_CLASS)
VALUES ('e18cd13dce2c4889b7154b4e7f921b7c', 0, 1, '/', 'a0b3c9a52b4246788e59688bb0a94002', '20', 'custDate2', 1, 'PathRenderer', 'DetailRenderer');
INSERT INTO CNT_HISTORY_DEF_ITEM
 (ID, REVISION, ENTITY_VERSION, DOMAIN_ID, PARENT_ID, LINE_NO, FIELD_ID, TRACKING_LEVEL, PATH_RENDERER_CLASS, DETAIL_RENDERER_CLASS)
VALUES ('4b413111cc264ab082fa67b4723fade2', 0, 1, '/', 'a0b3c9a52b4246788e59688bb0a94002', '21', 'custDate3', 1, 'PathRenderer', 'DetailRenderer');
INSERT INTO CNT_HISTORY_DEF_ITEM
 (ID, REVISION, ENTITY_VERSION, DOMAIN_ID, PARENT_ID, LINE_NO, FIELD_ID, TRACKING_LEVEL, PATH_RENDERER_CLASS, DETAIL_RENDERER_CLASS)
VALUES ('3bb157ed160a4c59a27a0f6f3023110b', 0, 1, '/', 'a0b3c9a52b4246788e59688bb0a94002', '22', 'custDate4', 1, 'PathRenderer', 'DetailRenderer');
INSERT INTO CNT_HISTORY_DEF_ITEM
 (ID, REVISION, ENTITY_VERSION, DOMAIN_ID, PARENT_ID, LINE_NO, FIELD_ID, TRACKING_LEVEL, PATH_RENDERER_CLASS, DETAIL_RENDERER_CLASS)
VALUES ('c5f48c523b984e1cbce43990d0d75aa7', 0, 1, '/', 'a0b3c9a52b4246788e59688bb0a94002', '23', 'custDate5', 1, 'PathRenderer', 'DetailRenderer');
INSERT INTO CNT_HISTORY_DEF_ITEM
 (ID, REVISION, ENTITY_VERSION, DOMAIN_ID, PARENT_ID, LINE_NO, FIELD_ID, TRACKING_LEVEL, PATH_RENDERER_CLASS, DETAIL_RENDERER_CLASS)
VALUES ('1e74553bc9274820a3f461b2960d2ce3', 0, 1, '/', 'a0b3c9a52b4246788e59688bb0a94002', '24', 'custDate6', 1, 'PathRenderer', 'DetailRenderer');
INSERT INTO CNT_HISTORY_DEF_ITEM
 (ID, REVISION, ENTITY_VERSION, DOMAIN_ID, PARENT_ID, LINE_NO, FIELD_ID, TRACKING_LEVEL, PATH_RENDERER_CLASS, DETAIL_RENDERER_CLASS)
VALUES ('c4247a82bb7c4378ab18cee9085521d6', 0, 1, '/', 'a0b3c9a52b4246788e59688bb0a94002', '25', 'custDate7', 1, 'PathRenderer', 'DetailRenderer');
INSERT INTO CNT_HISTORY_DEF_ITEM
 (ID, REVISION, ENTITY_VERSION, DOMAIN_ID, PARENT_ID, LINE_NO, FIELD_ID, TRACKING_LEVEL, PATH_RENDERER_CLASS, DETAIL_RENDERER_CLASS)
VALUES ('ec096c08e27f4d38983bf2e45cd046d9', 0, 1, '/', 'a0b3c9a52b4246788e59688bb0a94002', '26', 'custNumber1', 1, 'PathRenderer', 'DetailRenderer');
INSERT INTO CNT_HISTORY_DEF_ITEM
 (ID, REVISION, ENTITY_VERSION, DOMAIN_ID, PARENT_ID, LINE_NO, FIELD_ID, TRACKING_LEVEL, PATH_RENDERER_CLASS, DETAIL_RENDERER_CLASS)
VALUES ('1fc73dbc14e14b7d957a9f5a86ae8786', 0, 1, '/', 'a0b3c9a52b4246788e59688bb0a94002', '27', 'custNumber2', 1, 'PathRenderer', 'DetailRenderer');
INSERT INTO CNT_HISTORY_DEF_ITEM
 (ID, REVISION, ENTITY_VERSION, DOMAIN_ID, PARENT_ID, LINE_NO, FIELD_ID, TRACKING_LEVEL, PATH_RENDERER_CLASS, DETAIL_RENDERER_CLASS)
VALUES ('f9f873b2f4a4461fa0b9344e506b8c6a', 0, 1, '/', 'a0b3c9a52b4246788e59688bb0a94002', '28', 'custNumber3', 1, 'PathRenderer', 'DetailRenderer');
INSERT INTO CNT_HISTORY_DEF_ITEM
 (ID, REVISION, ENTITY_VERSION, DOMAIN_ID, PARENT_ID, LINE_NO, FIELD_ID, TRACKING_LEVEL, PATH_RENDERER_CLASS, DETAIL_RENDERER_CLASS)
VALUES ('3eca7614d8a8465892f15c5ae6df8a2a', 0, 1, '/', 'a0b3c9a52b4246788e59688bb0a94002', '29', 'custNumber4', 1, 'PathRenderer', 'DetailRenderer');
INSERT INTO CNT_HISTORY_DEF_ITEM
 (ID, REVISION, ENTITY_VERSION, DOMAIN_ID, PARENT_ID, LINE_NO, FIELD_ID, TRACKING_LEVEL, PATH_RENDERER_CLASS, DETAIL_RENDERER_CLASS)
VALUES ('00740bbafd83419e8b953c671cc26eb1', 0, 1, '/', 'a0b3c9a52b4246788e59688bb0a94002', '30', 'custNumber5', 1, 'PathRenderer', 'DetailRenderer');
INSERT INTO CNT_HISTORY_DEF_ITEM
 (ID, REVISION, ENTITY_VERSION, DOMAIN_ID, PARENT_ID, LINE_NO, FIELD_ID, TRACKING_LEVEL, PATH_RENDERER_CLASS, DETAIL_RENDERER_CLASS)
VALUES ('7c8f3133c70447bda1fb3922328b441d', 0, 1, '/', 'a0b3c9a52b4246788e59688bb0a94002', '31', 'custNumber6', 1, 'PathRenderer', 'DetailRenderer');
INSERT INTO CNT_HISTORY_DEF_ITEM
 (ID, REVISION, ENTITY_VERSION, DOMAIN_ID, PARENT_ID, LINE_NO, FIELD_ID, TRACKING_LEVEL, PATH_RENDERER_CLASS, DETAIL_RENDERER_CLASS)
VALUES ('34fca65a74ba42118da31141ef69f3e2', 0, 1, '/', 'a0b3c9a52b4246788e59688bb0a94002', '32', 'custNumber7', 1, 'PathRenderer', 'DetailRenderer');
INSERT INTO CNT_HISTORY_DEF_ITEM
 (ID, REVISION, ENTITY_VERSION, DOMAIN_ID, PARENT_ID, LINE_NO, FIELD_ID, TRACKING_LEVEL, PATH_RENDERER_CLASS, DETAIL_RENDERER_CLASS)
VALUES ('1bfc0887bd49488fba0709ff68b72f08', 0, 1, '/', 'a0b3c9a52b4246788e59688bb0a94002', '33', 'custDecimal1', 1, 'PathRenderer', 'DetailRenderer');
INSERT INTO CNT_HISTORY_DEF_ITEM
 (ID, REVISION, ENTITY_VERSION, DOMAIN_ID, PARENT_ID, LINE_NO, FIELD_ID, TRACKING_LEVEL, PATH_RENDERER_CLASS, DETAIL_RENDERER_CLASS)
VALUES ('018be273d03c44acaef15c0f22d2e3f2', 0, 1, '/', 'a0b3c9a52b4246788e59688bb0a94002', '34', 'custDecimal2', 1, 'PathRenderer', 'DetailRenderer');
INSERT INTO CNT_HISTORY_DEF_ITEM
 (ID, REVISION, ENTITY_VERSION, DOMAIN_ID, PARENT_ID, LINE_NO, FIELD_ID, TRACKING_LEVEL, PATH_RENDERER_CLASS, DETAIL_RENDERER_CLASS)
VALUES ('a7379f6c466a4acd8f436274232b568d', 0, 1, '/', 'a0b3c9a52b4246788e59688bb0a94002', '35', 'custDecimal3', 1, 'PathRenderer', 'DetailRenderer');
INSERT INTO CNT_HISTORY_DEF_ITEM
 (ID, REVISION, ENTITY_VERSION, DOMAIN_ID, PARENT_ID, LINE_NO, FIELD_ID, TRACKING_LEVEL, PATH_RENDERER_CLASS, DETAIL_RENDERER_CLASS)
VALUES ('6027c08889804f0ca9ae5eca69f14eed', 0, 1, '/', 'a0b3c9a52b4246788e59688bb0a94002', '36', 'custDecimal4', 1, 'PathRenderer', 'DetailRenderer');
INSERT INTO CNT_HISTORY_DEF_ITEM
 (ID, REVISION, ENTITY_VERSION, DOMAIN_ID, PARENT_ID, LINE_NO, FIELD_ID, TRACKING_LEVEL, PATH_RENDERER_CLASS, DETAIL_RENDERER_CLASS)
VALUES ('1bd8343c242447aeb208374c79da1dca', 0, 1, '/', 'a0b3c9a52b4246788e59688bb0a94002', '37', 'custDecimal5', 1, 'PathRenderer', 'DetailRenderer');
INSERT INTO CNT_HISTORY_DEF_ITEM
 (ID, REVISION, ENTITY_VERSION, DOMAIN_ID, PARENT_ID, LINE_NO, FIELD_ID, TRACKING_LEVEL, PATH_RENDERER_CLASS, DETAIL_RENDERER_CLASS)
VALUES ('abc795f776e54d658e6cf39a81b0a2b9', 0, 1, '/', 'a0b3c9a52b4246788e59688bb0a94002', '38', 'custDecimal6', 1, 'PathRenderer', 'DetailRenderer');
INSERT INTO CNT_HISTORY_DEF_ITEM
 (ID, REVISION, ENTITY_VERSION, DOMAIN_ID, PARENT_ID, LINE_NO, FIELD_ID, TRACKING_LEVEL, PATH_RENDERER_CLASS, DETAIL_RENDERER_CLASS)
VALUES ('9bafa5c3918047d98afae0ff3eab1a6c', 0, 1, '/', 'a0b3c9a52b4246788e59688bb0a94002', '39', 'custDecimal7', 1, 'PathRenderer', 'DetailRenderer');
INSERT INTO CNT_HISTORY_DEF_ITEM
 (ID, REVISION, ENTITY_VERSION, DOMAIN_ID, PARENT_ID, LINE_NO, FIELD_ID, TRACKING_LEVEL, PATH_RENDERER_CLASS, DETAIL_RENDERER_CLASS)
VALUES ('04a007e13449456393cc57e94dde6962', 0, 1, '/', 'a0b3c9a52b4246788e59688bb0a94002', '40', 'custCodelist1', 1, 'PathRenderer', 'DetailRenderer');
INSERT INTO CNT_HISTORY_DEF_ITEM
 (ID, REVISION, ENTITY_VERSION, DOMAIN_ID, PARENT_ID, LINE_NO, FIELD_ID, TRACKING_LEVEL, PATH_RENDERER_CLASS, DETAIL_RENDERER_CLASS)
VALUES ('c935968ebd354ee6b07b2d65e3d1341c', 0, 1, '/', 'a0b3c9a52b4246788e59688bb0a94002', '41', 'custCodelist2', 1, 'PathRenderer', 'DetailRenderer');
INSERT INTO CNT_HISTORY_DEF_ITEM
 (ID, REVISION, ENTITY_VERSION, DOMAIN_ID, PARENT_ID, LINE_NO, FIELD_ID, TRACKING_LEVEL, PATH_RENDERER_CLASS, DETAIL_RENDERER_CLASS)
VALUES ('fd272bcae03b4f8e82495a5ad301a599', 0, 1, '/', 'a0b3c9a52b4246788e59688bb0a94002', '42', 'custCodelist3', 1, 'PathRenderer', 'DetailRenderer');
INSERT INTO CNT_HISTORY_DEF_ITEM
 (ID, REVISION, ENTITY_VERSION, DOMAIN_ID, PARENT_ID, LINE_NO, FIELD_ID, TRACKING_LEVEL, PATH_RENDERER_CLASS, DETAIL_RENDERER_CLASS)
VALUES ('3bd8337179464aff9bcb5d4fc7b0cd83', 0, 1, '/', 'a0b3c9a52b4246788e59688bb0a94002', '43', 'custCodelist4', 1, 'PathRenderer', 'DetailRenderer');
INSERT INTO CNT_HISTORY_DEF_ITEM
 (ID, REVISION, ENTITY_VERSION, DOMAIN_ID, PARENT_ID, LINE_NO, FIELD_ID, TRACKING_LEVEL, PATH_RENDERER_CLASS, DETAIL_RENDERER_CLASS)
VALUES ('74bf9ae032c546bf9f1e8a00abb46ca8', 0, 1, '/', 'a0b3c9a52b4246788e59688bb0a94002', '44', 'custCodelist5', 1, 'PathRenderer', 'DetailRenderer');
INSERT INTO CNT_HISTORY_DEF_ITEM
 (ID, REVISION, ENTITY_VERSION, DOMAIN_ID, PARENT_ID, LINE_NO, FIELD_ID, TRACKING_LEVEL, PATH_RENDERER_CLASS, DETAIL_RENDERER_CLASS)
VALUES ('b3e82ad0292a4515b23dcb97cb8d5c34', 0, 1, '/', 'a0b3c9a52b4246788e59688bb0a94002', '45', 'custCodelist6', 1, 'PathRenderer', 'DetailRenderer');
INSERT INTO CNT_HISTORY_DEF_ITEM
 (ID, REVISION, ENTITY_VERSION, DOMAIN_ID, PARENT_ID, LINE_NO, FIELD_ID, TRACKING_LEVEL, PATH_RENDERER_CLASS, DETAIL_RENDERER_CLASS)
VALUES ('b5ab2e4a67cc431a916715acfea579d9', 0, 1, '/', 'a0b3c9a52b4246788e59688bb0a94002', '46', 'custCodelist7', 1, 'PathRenderer', 'DetailRenderer');
INSERT INTO CNT_HISTORY_DEF_ITEM
 (ID, REVISION, ENTITY_VERSION, DOMAIN_ID, PARENT_ID, LINE_NO, FIELD_ID, TRACKING_LEVEL, PATH_RENDERER_CLASS, DETAIL_RENDERER_CLASS)
VALUES ('a2ff5f75f98443abaf4e98f755bcccbd', 0, 1, '/', 'a0b3c9a52b4246788e59688bb0a94002', '47', 'custMemoText1', 1, 'PathRenderer', 'DetailRenderer');
INSERT INTO CNT_HISTORY_DEF_ITEM
 (ID, REVISION, ENTITY_VERSION, DOMAIN_ID, PARENT_ID, LINE_NO, FIELD_ID, TRACKING_LEVEL, PATH_RENDERER_CLASS, DETAIL_RENDERER_CLASS)
VALUES ('c7b3aa58d6b54ae7bc5e43d317f576e2', 0, 1, '/', 'a0b3c9a52b4246788e59688bb0a94002', '48', 'custMemoText2', 1, 'PathRenderer', 'DetailRenderer');
INSERT INTO CNT_HISTORY_DEF_ITEM
 (ID, REVISION, ENTITY_VERSION, DOMAIN_ID, PARENT_ID, LINE_NO, FIELD_ID, TRACKING_LEVEL, PATH_RENDERER_CLASS, DETAIL_RENDERER_CLASS)
VALUES ('67e384f979a34cf4941ba98e4b4d7953', 0, 1, '/', 'a0b3c9a52b4246788e59688bb0a94002', '49', 'custMemoText3', 1, 'PathRenderer', 'DetailRenderer');
INSERT INTO CNT_HISTORY_DEF_ITEM
 (ID, REVISION, ENTITY_VERSION, DOMAIN_ID, PARENT_ID, LINE_NO, FIELD_ID, TRACKING_LEVEL, PATH_RENDERER_CLASS, DETAIL_RENDERER_CLASS)
VALUES ('646eeb0242314105a8f73734d4651106', 0, 1, '/', 'a0b3c9a52b4246788e59688bb0a94002', '50', 'custMemoText4', 1, 'PathRenderer', 'DetailRenderer');
INSERT INTO CNT_HISTORY_DEF_ITEM
 (ID, REVISION, ENTITY_VERSION, DOMAIN_ID, PARENT_ID, LINE_NO, FIELD_ID, TRACKING_LEVEL, PATH_RENDERER_CLASS, DETAIL_RENDERER_CLASS)
VALUES ('2b5c60340396494684bca784f946e18c', 0, 1, '/', 'a0b3c9a52b4246788e59688bb0a94002', '51', 'custMemoText5', 1, 'PathRenderer', 'DetailRenderer');
INSERT INTO CNT_HISTORY_DEF_ITEM
 (ID, REVISION, ENTITY_VERSION, DOMAIN_ID, PARENT_ID, LINE_NO, FIELD_ID, TRACKING_LEVEL, PATH_RENDERER_CLASS, DETAIL_RENDERER_CLASS)
VALUES ('f75a95fd141b449985c27aa0894d100a', 0, 1, '/', 'a0b3c9a52b4246788e59688bb0a94002', '52', 'custMemoText6', 1, 'PathRenderer', 'DetailRenderer');
INSERT INTO CNT_HISTORY_DEF_ITEM
 (ID, REVISION, ENTITY_VERSION, DOMAIN_ID, PARENT_ID, LINE_NO, FIELD_ID, TRACKING_LEVEL, PATH_RENDERER_CLASS, DETAIL_RENDERER_CLASS)
VALUES ('cce03246442c460184028c0f209d62f5', 0, 1, '/', 'a0b3c9a52b4246788e59688bb0a94002', '53', 'custMemoText7', 1, 'PathRenderer', 'DetailRenderer');
INSERT INTO CNT_HISTORY_DEF_ITEM
 (ID, REVISION, ENTITY_VERSION, DOMAIN_ID, PARENT_ID, LINE_NO, FIELD_ID, TRACKING_LEVEL, PATH_RENDERER_CLASS, DETAIL_RENDERER_CLASS)
VALUES ('8e4356044e044092a5221208065bcade', 0, 1, '/', 'a0b3c9a52b4246788e59688bb0a94002', '54', 'custHcl1', 1, 'PathRenderer', 'DetailRenderer');
INSERT INTO CNT_HISTORY_DEF_ITEM
 (ID, REVISION, ENTITY_VERSION, DOMAIN_ID, PARENT_ID, LINE_NO, FIELD_ID, TRACKING_LEVEL, PATH_RENDERER_CLASS, DETAIL_RENDERER_CLASS)
VALUES ('9f488de9f3644ecab259824c82d72cb7', 0, 1, '/', 'a0b3c9a52b4246788e59688bb0a94002', '55', 'custHcl2', 1, 'PathRenderer', 'DetailRenderer');
INSERT INTO CNT_HISTORY_DEF_ITEM
 (ID, REVISION, ENTITY_VERSION, DOMAIN_ID, PARENT_ID, LINE_NO, FIELD_ID, TRACKING_LEVEL, PATH_RENDERER_CLASS, DETAIL_RENDERER_CLASS)
VALUES ('421f030c88534575bbbb3ad0e921fe59', 0, 1, '/', 'a0b3c9a52b4246788e59688bb0a94002', '56', 'custHcl3', 1, 'PathRenderer', 'DetailRenderer');
INSERT INTO CNT_HISTORY_DEF_ITEM
 (ID, REVISION, ENTITY_VERSION, DOMAIN_ID, PARENT_ID, LINE_NO, FIELD_ID, TRACKING_LEVEL, PATH_RENDERER_CLASS, DETAIL_RENDERER_CLASS)
VALUES ('a983f04a5bfb4258b576460b56a36478', 0, 1, '/', 'a0b3c9a52b4246788e59688bb0a94002', '57', 'custHcl4', 1, 'PathRenderer', 'DetailRenderer');
INSERT INTO CNT_HISTORY_DEF_ITEM
 (ID, REVISION, ENTITY_VERSION, DOMAIN_ID, PARENT_ID, LINE_NO, FIELD_ID, TRACKING_LEVEL, PATH_RENDERER_CLASS, DETAIL_RENDERER_CLASS)
VALUES ('14c12372ba4f4318b6bf25317789f53d', 0, 1, '/', 'a0b3c9a52b4246788e59688bb0a94002', '58', 'custHcl5', 1, 'PathRenderer', 'DetailRenderer');
INSERT INTO CNT_HISTORY_DEF_ITEM
 (ID, REVISION, ENTITY_VERSION, DOMAIN_ID, PARENT_ID, LINE_NO, FIELD_ID, TRACKING_LEVEL, PATH_RENDERER_CLASS, DETAIL_RENDERER_CLASS)
VALUES ('21548cf601594bfbab98f7d8a43374d8', 0, 1, '/', 'a0b3c9a52b4246788e59688bb0a94002', '59', 'attachmentRef', 0, 'PathRenderer', 'DetailRenderer');
INSERT INTO CNT_HISTORY_DEF_ITEM
 (ID, REVISION, ENTITY_VERSION, DOMAIN_ID, PARENT_ID, LINE_NO, FIELD_ID, TRACKING_LEVEL, PATH_RENDERER_CLASS, DETAIL_RENDERER_CLASS)
VALUES ('1be79ee160b2421681bc8a0268ce2771', 0, 1, '/', 'a0b3c9a52b4246788e59688bb0a94002', '60', 'attachmentVer', 0, 'PathRenderer', 'DetailRenderer');
INSERT INTO CNT_HISTORY_DEF_ITEM
 (ID, REVISION, ENTITY_VERSION, DOMAIN_ID, PARENT_ID, LINE_NO, FIELD_ID, TRACKING_LEVEL, PATH_RENDERER_CLASS, DETAIL_RENDERER_CLASS)
VALUES ('1f86e20ec263448b88032652737ed928', 0, 1, '/', 'a0b3c9a52b4246788e59688bb0a94002', '61', 'attachmentRef2', 0, 'PathRenderer', 'DetailRenderer');
INSERT INTO CNT_HISTORY_DEF_ITEM
 (ID, REVISION, ENTITY_VERSION, DOMAIN_ID, PARENT_ID, LINE_NO, FIELD_ID, TRACKING_LEVEL, PATH_RENDERER_CLASS, DETAIL_RENDERER_CLASS)
VALUES ('63a45c17103b49ae9b2e75db9bd5764a', 0, 1, '/', 'a0b3c9a52b4246788e59688bb0a94002', '62', 'attachTypesValue', 0, 'PathRenderer', 'DetailRenderer');
INSERT INTO CNT_HISTORY_DEF_ITEM
 (ID, REVISION, ENTITY_VERSION, DOMAIN_ID, PARENT_ID, LINE_NO, FIELD_ID, TRACKING_LEVEL, PATH_RENDERER_CLASS, DETAIL_RENDERER_CLASS)
VALUES ('45714fdf22bc41b4b94ff1660413c740', 0, 1, '/', 'a0b3c9a52b4246788e59688bb0a94002', '63', 'custCodelist1Name', 0, 'PathRenderer', 'DetailRenderer');
INSERT INTO CNT_HISTORY_DEF_ITEM
 (ID, REVISION, ENTITY_VERSION, DOMAIN_ID, PARENT_ID, LINE_NO, FIELD_ID, TRACKING_LEVEL, PATH_RENDERER_CLASS, DETAIL_RENDERER_CLASS)
VALUES ('bad8608acf11422aae4bf226ef6ded3b', 0, 1, '/', 'a0b3c9a52b4246788e59688bb0a94002', '64', 'custCodelist2Name', 0, 'PathRenderer', 'DetailRenderer');
INSERT INTO CNT_HISTORY_DEF_ITEM
 (ID, REVISION, ENTITY_VERSION, DOMAIN_ID, PARENT_ID, LINE_NO, FIELD_ID, TRACKING_LEVEL, PATH_RENDERER_CLASS, DETAIL_RENDERER_CLASS)
VALUES ('a648f0d6a1b34e42897833883bf5afd1', 0, 1, '/', 'a0b3c9a52b4246788e59688bb0a94002', '65', 'custCodelist3Name', 0, 'PathRenderer', 'DetailRenderer');
INSERT INTO CNT_HISTORY_DEF_ITEM
 (ID, REVISION, ENTITY_VERSION, DOMAIN_ID, PARENT_ID, LINE_NO, FIELD_ID, TRACKING_LEVEL, PATH_RENDERER_CLASS, DETAIL_RENDERER_CLASS)
VALUES ('f8195678b11542f58a144bd737a571d7', 0, 1, '/', 'a0b3c9a52b4246788e59688bb0a94002', '66', 'custCodelist4Name', 0, 'PathRenderer', 'DetailRenderer');
INSERT INTO CNT_HISTORY_DEF_ITEM
 (ID, REVISION, ENTITY_VERSION, DOMAIN_ID, PARENT_ID, LINE_NO, FIELD_ID, TRACKING_LEVEL, PATH_RENDERER_CLASS, DETAIL_RENDERER_CLASS)
VALUES ('aeabe9eb600e4f41b2f50b49c8aebc2b', 0, 1, '/', 'a0b3c9a52b4246788e59688bb0a94002', '67', 'custCodelist5Name', 0, 'PathRenderer', 'DetailRenderer');
INSERT INTO CNT_HISTORY_DEF_ITEM
 (ID, REVISION, ENTITY_VERSION, DOMAIN_ID, PARENT_ID, LINE_NO, FIELD_ID, TRACKING_LEVEL, PATH_RENDERER_CLASS, DETAIL_RENDERER_CLASS)
VALUES ('4d3e75a2069d4612a929f6e3ce92b06c', 0, 1, '/', 'a0b3c9a52b4246788e59688bb0a94002', '68', 'custCodelist6Name', 0, 'PathRenderer', 'DetailRenderer');
INSERT INTO CNT_HISTORY_DEF_ITEM
 (ID, REVISION, ENTITY_VERSION, DOMAIN_ID, PARENT_ID, LINE_NO, FIELD_ID, TRACKING_LEVEL, PATH_RENDERER_CLASS, DETAIL_RENDERER_CLASS)
VALUES ('bc47c4f93c4c4e3a8593804bf1300a79', 0, 1, '/', 'a0b3c9a52b4246788e59688bb0a94002', '69', 'custCodelist7Name', 0, 'PathRenderer', 'DetailRenderer');
INSERT INTO CNT_HISTORY_DEF_ITEM
 (ID, REVISION, ENTITY_VERSION, DOMAIN_ID, PARENT_ID, LINE_NO, FIELD_ID, TRACKING_LEVEL, PATH_RENDERER_CLASS, DETAIL_RENDERER_CLASS)
VALUES ('d7705bb12b7840f089068d6c2ea39626', 0, 1, '/', 'a0b3c9a52b4246788e59688bb0a94002', '70', 'custHcl1Ref', 0, 'PathRenderer', 'DetailRenderer');
INSERT INTO CNT_HISTORY_DEF_ITEM
 (ID, REVISION, ENTITY_VERSION, DOMAIN_ID, PARENT_ID, LINE_NO, FIELD_ID, TRACKING_LEVEL, PATH_RENDERER_CLASS, DETAIL_RENDERER_CLASS)
VALUES ('798eee1a6ffc4e45941bd0034022c123', 0, 1, '/', 'a0b3c9a52b4246788e59688bb0a94002', '71', 'custHcl1Ver', 0, 'PathRenderer', 'DetailRenderer');
INSERT INTO CNT_HISTORY_DEF_ITEM
 (ID, REVISION, ENTITY_VERSION, DOMAIN_ID, PARENT_ID, LINE_NO, FIELD_ID, TRACKING_LEVEL, PATH_RENDERER_CLASS, DETAIL_RENDERER_CLASS)
VALUES ('b08ebb13d50442eea183b183f9690984', 0, 1, '/', 'a0b3c9a52b4246788e59688bb0a94002', '72', 'custHcl1Ref2', 0, 'PathRenderer', 'DetailRenderer');
INSERT INTO CNT_HISTORY_DEF_ITEM
 (ID, REVISION, ENTITY_VERSION, DOMAIN_ID, PARENT_ID, LINE_NO, FIELD_ID, TRACKING_LEVEL, PATH_RENDERER_CLASS, DETAIL_RENDERER_CLASS)
VALUES ('cfa31b2f594f4706aea1bda1f3a03634', 0, 1, '/', 'a0b3c9a52b4246788e59688bb0a94002', '73', 'custHcl1FullLineage', 0, 'PathRenderer', 'DetailRenderer');
INSERT INTO CNT_HISTORY_DEF_ITEM
 (ID, REVISION, ENTITY_VERSION, DOMAIN_ID, PARENT_ID, LINE_NO, FIELD_ID, TRACKING_LEVEL, PATH_RENDERER_CLASS, DETAIL_RENDERER_CLASS)
VALUES ('596b0b5b824540b98f302c359a7148d9', 0, 1, '/', 'a0b3c9a52b4246788e59688bb0a94002', '74', 'custHcl2Ref', 0, 'PathRenderer', 'DetailRenderer');
INSERT INTO CNT_HISTORY_DEF_ITEM
 (ID, REVISION, ENTITY_VERSION, DOMAIN_ID, PARENT_ID, LINE_NO, FIELD_ID, TRACKING_LEVEL, PATH_RENDERER_CLASS, DETAIL_RENDERER_CLASS)
VALUES ('ef44b655a10043889cc1cffa4171962a', 0, 1, '/', 'a0b3c9a52b4246788e59688bb0a94002', '75', 'custHcl2Ver', 0, 'PathRenderer', 'DetailRenderer');
INSERT INTO CNT_HISTORY_DEF_ITEM
 (ID, REVISION, ENTITY_VERSION, DOMAIN_ID, PARENT_ID, LINE_NO, FIELD_ID, TRACKING_LEVEL, PATH_RENDERER_CLASS, DETAIL_RENDERER_CLASS)
VALUES ('40f29cdd3bd04f6cbe80f6b73c2f7f20', 0, 1, '/', 'a0b3c9a52b4246788e59688bb0a94002', '76', 'custHcl2Ref2', 0, 'PathRenderer', 'DetailRenderer');
INSERT INTO CNT_HISTORY_DEF_ITEM
 (ID, REVISION, ENTITY_VERSION, DOMAIN_ID, PARENT_ID, LINE_NO, FIELD_ID, TRACKING_LEVEL, PATH_RENDERER_CLASS, DETAIL_RENDERER_CLASS)
VALUES ('d66244394f104c4eb15e7b73d3fb307b', 0, 1, '/', 'a0b3c9a52b4246788e59688bb0a94002', '77', 'custHcl2FullLineage', 0, 'PathRenderer', 'DetailRenderer');
INSERT INTO CNT_HISTORY_DEF_ITEM
 (ID, REVISION, ENTITY_VERSION, DOMAIN_ID, PARENT_ID, LINE_NO, FIELD_ID, TRACKING_LEVEL, PATH_RENDERER_CLASS, DETAIL_RENDERER_CLASS)
VALUES ('e7f279ba15b44644b8b98c1af0d4372b', 0, 1, '/', 'a0b3c9a52b4246788e59688bb0a94002', '78', 'custHcl3Ref', 0, 'PathRenderer', 'DetailRenderer');
INSERT INTO CNT_HISTORY_DEF_ITEM
 (ID, REVISION, ENTITY_VERSION, DOMAIN_ID, PARENT_ID, LINE_NO, FIELD_ID, TRACKING_LEVEL, PATH_RENDERER_CLASS, DETAIL_RENDERER_CLASS)
VALUES ('f0c22e461ebf45d09f3102af806000ff', 0, 1, '/', 'a0b3c9a52b4246788e59688bb0a94002', '79', 'custHcl3Ver', 0, 'PathRenderer', 'DetailRenderer');
INSERT INTO CNT_HISTORY_DEF_ITEM
 (ID, REVISION, ENTITY_VERSION, DOMAIN_ID, PARENT_ID, LINE_NO, FIELD_ID, TRACKING_LEVEL, PATH_RENDERER_CLASS, DETAIL_RENDERER_CLASS)
VALUES ('b228f089f10f4731bc9a50a42eda929d', 0, 1, '/', 'a0b3c9a52b4246788e59688bb0a94002', '80', 'custHcl3Ref2', 0, 'PathRenderer', 'DetailRenderer');
INSERT INTO CNT_HISTORY_DEF_ITEM
 (ID, REVISION, ENTITY_VERSION, DOMAIN_ID, PARENT_ID, LINE_NO, FIELD_ID, TRACKING_LEVEL, PATH_RENDERER_CLASS, DETAIL_RENDERER_CLASS)
VALUES ('925c4d94f7fd4ed286b8db6fba1956e6', 0, 1, '/', 'a0b3c9a52b4246788e59688bb0a94002', '81', 'custHcl3FullLineage', 0, 'PathRenderer', 'DetailRenderer');
INSERT INTO CNT_HISTORY_DEF_ITEM
 (ID, REVISION, ENTITY_VERSION, DOMAIN_ID, PARENT_ID, LINE_NO, FIELD_ID, TRACKING_LEVEL, PATH_RENDERER_CLASS, DETAIL_RENDERER_CLASS)
VALUES ('13c3587aa6aa4939a0a0e6a0e8adf7f9', 0, 1, '/', 'a0b3c9a52b4246788e59688bb0a94002', '82', 'custHcl4Ref', 0, 'PathRenderer', 'DetailRenderer');
INSERT INTO CNT_HISTORY_DEF_ITEM
 (ID, REVISION, ENTITY_VERSION, DOMAIN_ID, PARENT_ID, LINE_NO, FIELD_ID, TRACKING_LEVEL, PATH_RENDERER_CLASS, DETAIL_RENDERER_CLASS)
VALUES ('a3a1ec5c91d34d558545c7a2d388db73', 0, 1, '/', 'a0b3c9a52b4246788e59688bb0a94002', '83', 'custHcl4Ver', 0, 'PathRenderer', 'DetailRenderer');
INSERT INTO CNT_HISTORY_DEF_ITEM
 (ID, REVISION, ENTITY_VERSION, DOMAIN_ID, PARENT_ID, LINE_NO, FIELD_ID, TRACKING_LEVEL, PATH_RENDERER_CLASS, DETAIL_RENDERER_CLASS)
VALUES ('51ac4864bf1a4fd39d2d1078f5b8c916', 0, 1, '/', 'a0b3c9a52b4246788e59688bb0a94002', '84', 'custHcl4Ref2', 0, 'PathRenderer', 'DetailRenderer');
INSERT INTO CNT_HISTORY_DEF_ITEM
 (ID, REVISION, ENTITY_VERSION, DOMAIN_ID, PARENT_ID, LINE_NO, FIELD_ID, TRACKING_LEVEL, PATH_RENDERER_CLASS, DETAIL_RENDERER_CLASS)
VALUES ('3342376a6e83407a87417473bb6d0d50', 0, 1, '/', 'a0b3c9a52b4246788e59688bb0a94002', '85', 'custHcl4FullLineage', 0, 'PathRenderer', 'DetailRenderer');
INSERT INTO CNT_HISTORY_DEF_ITEM
 (ID, REVISION, ENTITY_VERSION, DOMAIN_ID, PARENT_ID, LINE_NO, FIELD_ID, TRACKING_LEVEL, PATH_RENDERER_CLASS, DETAIL_RENDERER_CLASS)
VALUES ('8f6a4443bc574bc68f6289dea153c49c', 0, 1, '/', 'a0b3c9a52b4246788e59688bb0a94002', '86', 'custHcl5Ref', 0, 'PathRenderer', 'DetailRenderer');
INSERT INTO CNT_HISTORY_DEF_ITEM
 (ID, REVISION, ENTITY_VERSION, DOMAIN_ID, PARENT_ID, LINE_NO, FIELD_ID, TRACKING_LEVEL, PATH_RENDERER_CLASS, DETAIL_RENDERER_CLASS)
VALUES ('856b136ff99945cd8090b344bb9e2a32', 0, 1, '/', 'a0b3c9a52b4246788e59688bb0a94002', '87', 'custHcl5Ver', 0, 'PathRenderer', 'DetailRenderer');
INSERT INTO CNT_HISTORY_DEF_ITEM
 (ID, REVISION, ENTITY_VERSION, DOMAIN_ID, PARENT_ID, LINE_NO, FIELD_ID, TRACKING_LEVEL, PATH_RENDERER_CLASS, DETAIL_RENDERER_CLASS)
VALUES ('c6d0567dfe1749b2ad4f4975359fd8d1', 0, 1, '/', 'a0b3c9a52b4246788e59688bb0a94002', '88', 'custHcl5Ref2', 0, 'PathRenderer', 'DetailRenderer');
INSERT INTO CNT_HISTORY_DEF_ITEM
 (ID, REVISION, ENTITY_VERSION, DOMAIN_ID, PARENT_ID, LINE_NO, FIELD_ID, TRACKING_LEVEL, PATH_RENDERER_CLASS, DETAIL_RENDERER_CLASS)
VALUES ('84e8f5f1cc9a49968d6dc2bd04026924', 0, 1, '/', 'a0b3c9a52b4246788e59688bb0a94002', '89', 'custHcl5FullLineage', 0, 'PathRenderer', 'DetailRenderer');
INSERT INTO CNT_HISTORY_DEF
 (ID, REVISION, APPLY_ENTITY, ENTITY_VERSION, DOMAIN_ID , GENERATED, CREATE_USER, CREATE_USER_NAME, CREATED_ON)
VALUES ('ef9c635b78ee48948af0cb454ff2d4e9', 0, 'VIShipmentItemSize', 1, '/', 1, 'system', 'system', systimestamp);
INSERT INTO CNT_HISTORY_DEF_ITEM
 (ID, REVISION, ENTITY_VERSION, DOMAIN_ID, PARENT_ID, LINE_NO, FIELD_ID, TRACKING_LEVEL, PATH_RENDERER_CLASS, DETAIL_RENDERER_CLASS)
VALUES ('d2e57f745da34959a589b10f40fcb5b2', 0, 1, '/', 'ef9c635b78ee48948af0cb454ff2d4e9', '0', 'id', 1, 'PathRenderer', 'DetailRenderer');
INSERT INTO CNT_HISTORY_DEF_ITEM
 (ID, REVISION, ENTITY_VERSION, DOMAIN_ID, PARENT_ID, LINE_NO, FIELD_ID, TRACKING_LEVEL, PATH_RENDERER_CLASS, DETAIL_RENDERER_CLASS)
VALUES ('79a30b6e6db64d758e9a9e46b696c2c8', 0, 1, '/', 'ef9c635b78ee48948af0cb454ff2d4e9', '1', 'revision', 1, 'PathRenderer', 'DetailRenderer');
INSERT INTO CNT_HISTORY_DEF_ITEM
 (ID, REVISION, ENTITY_VERSION, DOMAIN_ID, PARENT_ID, LINE_NO, FIELD_ID, TRACKING_LEVEL, PATH_RENDERER_CLASS, DETAIL_RENDERER_CLASS)
VALUES ('a622a90f072a49d2bb461246585ddcd0', 0, 1, '/', 'ef9c635b78ee48948af0cb454ff2d4e9', '2', 'entityVersion', 1, 'PathRenderer', 'DetailRenderer');
INSERT INTO CNT_HISTORY_DEF_ITEM
 (ID, REVISION, ENTITY_VERSION, DOMAIN_ID, PARENT_ID, LINE_NO, FIELD_ID, TRACKING_LEVEL, PATH_RENDERER_CLASS, DETAIL_RENDERER_CLASS)
VALUES ('72e067bb1d1c480da79064240e2a009f', 0, 1, '/', 'ef9c635b78ee48948af0cb454ff2d4e9', '3', 'domainId', 1, 'PathRenderer', 'DetailRenderer');
INSERT INTO CNT_HISTORY_DEF_ITEM
 (ID, REVISION, ENTITY_VERSION, DOMAIN_ID, PARENT_ID, LINE_NO, FIELD_ID, TRACKING_LEVEL, PATH_RENDERER_CLASS, DETAIL_RENDERER_CLASS)
VALUES ('cd1d336c964f42429ccf41b08bc0ae77', 0, 1, '/', 'ef9c635b78ee48948af0cb454ff2d4e9', '4', 'hubDomainId', 1, 'PathRenderer', 'DetailRenderer');
INSERT INTO CNT_HISTORY_DEF_ITEM
 (ID, REVISION, ENTITY_VERSION, DOMAIN_ID, PARENT_ID, LINE_NO, FIELD_ID, TRACKING_LEVEL, PATH_RENDERER_CLASS, DETAIL_RENDERER_CLASS)
VALUES ('21276bff40084001a852e5b0f1f6ea8e', 0, 1, '/', 'ef9c635b78ee48948af0cb454ff2d4e9', '5', 'isForReference', 1, 'PathRenderer', 'DetailRenderer');
INSERT INTO CNT_HISTORY_DEF_ITEM
 (ID, REVISION, ENTITY_VERSION, DOMAIN_ID, PARENT_ID, LINE_NO, FIELD_ID, TRACKING_LEVEL, PATH_RENDERER_CLASS, DETAIL_RENDERER_CLASS)
VALUES ('86387b20e08a44cc9132d9531367ae5e', 0, 1, '/', 'ef9c635b78ee48948af0cb454ff2d4e9', '6', 'internalSeqNo', 1, 'PathRenderer', 'DetailRenderer');
INSERT INTO CNT_HISTORY_DEF_ITEM
 (ID, REVISION, ENTITY_VERSION, DOMAIN_ID, PARENT_ID, LINE_NO, FIELD_ID, TRACKING_LEVEL, PATH_RENDERER_CLASS, DETAIL_RENDERER_CLASS)
VALUES ('f04381f0ad864796baf197a7e53571b7', 0, 1, '/', 'ef9c635b78ee48948af0cb454ff2d4e9', '7', 'viShipmentItemId', 1, 'PathRenderer', 'DetailRenderer');
INSERT INTO CNT_HISTORY_DEF_ITEM
 (ID, REVISION, ENTITY_VERSION, DOMAIN_ID, PARENT_ID, LINE_NO, FIELD_ID, TRACKING_LEVEL, PATH_RENDERER_CLASS, DETAIL_RENDERER_CLASS)
VALUES ('add12c91fad3446ea424d235d082e4e0', 0, 1, '/', 'ef9c635b78ee48948af0cb454ff2d4e9', '8', 'itemId', 1, 'PathRenderer', 'DetailRenderer');
INSERT INTO CNT_HISTORY_DEF_ITEM
 (ID, REVISION, ENTITY_VERSION, DOMAIN_ID, PARENT_ID, LINE_NO, FIELD_ID, TRACKING_LEVEL, PATH_RENDERER_CLASS, DETAIL_RENDERER_CLASS)
VALUES ('730d77e8a766499b8dbc16f039d4ca98', 0, 1, '/', 'ef9c635b78ee48948af0cb454ff2d4e9', '9', 'specId', 1, 'PathRenderer', 'DetailRenderer');
INSERT INTO CNT_HISTORY_DEF_ITEM
 (ID, REVISION, ENTITY_VERSION, DOMAIN_ID, PARENT_ID, LINE_NO, FIELD_ID, TRACKING_LEVEL, PATH_RENDERER_CLASS, DETAIL_RENDERER_CLASS)
VALUES ('b2f64831d7c2448dac7a1157a6d41359', 0, 1, '/', 'ef9c635b78ee48948af0cb454ff2d4e9', '10', 'specSizeId', 1, 'PathRenderer', 'DetailRenderer');
INSERT INTO CNT_HISTORY_DEF_ITEM
 (ID, REVISION, ENTITY_VERSION, DOMAIN_ID, PARENT_ID, LINE_NO, FIELD_ID, TRACKING_LEVEL, PATH_RENDERER_CLASS, DETAIL_RENDERER_CLASS)
VALUES ('84c33ec2bd0a4b58bf3b39c1510b5811', 0, 1, '/', 'ef9c635b78ee48948af0cb454ff2d4e9', '11', 'vpoItemSize', 1, 'PathRenderer', 'DetailRenderer');
INSERT INTO CNT_HISTORY_DEF_ITEM
 (ID, REVISION, ENTITY_VERSION, DOMAIN_ID, PARENT_ID, LINE_NO, FIELD_ID, TRACKING_LEVEL, PATH_RENDERER_CLASS, DETAIL_RENDERER_CLASS)
VALUES ('3b926cd27bf74521b4b8add545fb4a28', 0, 1, '/', 'ef9c635b78ee48948af0cb454ff2d4e9', '12', 'seq', 1, 'PathRenderer', 'DetailRenderer');
INSERT INTO CNT_HISTORY_DEF_ITEM
 (ID, REVISION, ENTITY_VERSION, DOMAIN_ID, PARENT_ID, LINE_NO, FIELD_ID, TRACKING_LEVEL, PATH_RENDERER_CLASS, DETAIL_RENDERER_CLASS)
VALUES ('295296ace0c84e1285d94a0fb21b8556', 0, 1, '/', 'ef9c635b78ee48948af0cb454ff2d4e9', '13', 'sizeCode', 1, 'PathRenderer', 'DetailRenderer');
INSERT INTO CNT_HISTORY_DEF_ITEM
 (ID, REVISION, ENTITY_VERSION, DOMAIN_ID, PARENT_ID, LINE_NO, FIELD_ID, TRACKING_LEVEL, PATH_RENDERER_CLASS, DETAIL_RENDERER_CLASS)
VALUES ('eb8b83fa691c4bf583e42286d766ae19', 0, 1, '/', 'ef9c635b78ee48948af0cb454ff2d4e9', '14', 'sizeName', 1, 'PathRenderer', 'DetailRenderer');
INSERT INTO CNT_HISTORY_DEF_ITEM
 (ID, REVISION, ENTITY_VERSION, DOMAIN_ID, PARENT_ID, LINE_NO, FIELD_ID, TRACKING_LEVEL, PATH_RENDERER_CLASS, DETAIL_RENDERER_CLASS)
VALUES ('6f2c255cdccc439cb20db7e416879918', 0, 1, '/', 'ef9c635b78ee48948af0cb454ff2d4e9', '15', 'custText1', 1, 'PathRenderer', 'DetailRenderer');
INSERT INTO CNT_HISTORY_DEF_ITEM
 (ID, REVISION, ENTITY_VERSION, DOMAIN_ID, PARENT_ID, LINE_NO, FIELD_ID, TRACKING_LEVEL, PATH_RENDERER_CLASS, DETAIL_RENDERER_CLASS)
VALUES ('944eb481b32748cea32a25c34b43f859', 0, 1, '/', 'ef9c635b78ee48948af0cb454ff2d4e9', '16', 'custText2', 1, 'PathRenderer', 'DetailRenderer');
INSERT INTO CNT_HISTORY_DEF_ITEM
 (ID, REVISION, ENTITY_VERSION, DOMAIN_ID, PARENT_ID, LINE_NO, FIELD_ID, TRACKING_LEVEL, PATH_RENDERER_CLASS, DETAIL_RENDERER_CLASS)
VALUES ('b13c4cf304c54540b5903c4608a7b32a', 0, 1, '/', 'ef9c635b78ee48948af0cb454ff2d4e9', '17', 'custText3', 1, 'PathRenderer', 'DetailRenderer');
INSERT INTO CNT_HISTORY_DEF_ITEM
 (ID, REVISION, ENTITY_VERSION, DOMAIN_ID, PARENT_ID, LINE_NO, FIELD_ID, TRACKING_LEVEL, PATH_RENDERER_CLASS, DETAIL_RENDERER_CLASS)
VALUES ('c490121c362e4aa4a6ca2629fb5fc0e4', 0, 1, '/', 'ef9c635b78ee48948af0cb454ff2d4e9', '18', 'custText4', 1, 'PathRenderer', 'DetailRenderer');
INSERT INTO CNT_HISTORY_DEF_ITEM
 (ID, REVISION, ENTITY_VERSION, DOMAIN_ID, PARENT_ID, LINE_NO, FIELD_ID, TRACKING_LEVEL, PATH_RENDERER_CLASS, DETAIL_RENDERER_CLASS)
VALUES ('abe243b16be449628eb5c904c297759d', 0, 1, '/', 'ef9c635b78ee48948af0cb454ff2d4e9', '19', 'custText5', 1, 'PathRenderer', 'DetailRenderer');
INSERT INTO CNT_HISTORY_DEF_ITEM
 (ID, REVISION, ENTITY_VERSION, DOMAIN_ID, PARENT_ID, LINE_NO, FIELD_ID, TRACKING_LEVEL, PATH_RENDERER_CLASS, DETAIL_RENDERER_CLASS)
VALUES ('6dbe4b646ee34b178a68ad47ac19a405', 0, 1, '/', 'ef9c635b78ee48948af0cb454ff2d4e9', '20', 'custText6', 1, 'PathRenderer', 'DetailRenderer');
INSERT INTO CNT_HISTORY_DEF_ITEM
 (ID, REVISION, ENTITY_VERSION, DOMAIN_ID, PARENT_ID, LINE_NO, FIELD_ID, TRACKING_LEVEL, PATH_RENDERER_CLASS, DETAIL_RENDERER_CLASS)
VALUES ('d63ecbda385a4364b2e1fcb142f152b1', 0, 1, '/', 'ef9c635b78ee48948af0cb454ff2d4e9', '21', 'custText7', 1, 'PathRenderer', 'DetailRenderer');
INSERT INTO CNT_HISTORY_DEF_ITEM
 (ID, REVISION, ENTITY_VERSION, DOMAIN_ID, PARENT_ID, LINE_NO, FIELD_ID, TRACKING_LEVEL, PATH_RENDERER_CLASS, DETAIL_RENDERER_CLASS)
VALUES ('675f330f4efb455789995471982971c0', 0, 1, '/', 'ef9c635b78ee48948af0cb454ff2d4e9', '22', 'custDate1', 1, 'PathRenderer', 'DetailRenderer');
INSERT INTO CNT_HISTORY_DEF_ITEM
 (ID, REVISION, ENTITY_VERSION, DOMAIN_ID, PARENT_ID, LINE_NO, FIELD_ID, TRACKING_LEVEL, PATH_RENDERER_CLASS, DETAIL_RENDERER_CLASS)
VALUES ('0b3966509ea34cb8b2f52a1dc7d495d0', 0, 1, '/', 'ef9c635b78ee48948af0cb454ff2d4e9', '23', 'custDate2', 1, 'PathRenderer', 'DetailRenderer');
INSERT INTO CNT_HISTORY_DEF_ITEM
 (ID, REVISION, ENTITY_VERSION, DOMAIN_ID, PARENT_ID, LINE_NO, FIELD_ID, TRACKING_LEVEL, PATH_RENDERER_CLASS, DETAIL_RENDERER_CLASS)
VALUES ('edd7afe4bcdb447687722701fad9158d', 0, 1, '/', 'ef9c635b78ee48948af0cb454ff2d4e9', '24', 'custDate3', 1, 'PathRenderer', 'DetailRenderer');
INSERT INTO CNT_HISTORY_DEF_ITEM
 (ID, REVISION, ENTITY_VERSION, DOMAIN_ID, PARENT_ID, LINE_NO, FIELD_ID, TRACKING_LEVEL, PATH_RENDERER_CLASS, DETAIL_RENDERER_CLASS)
VALUES ('d45d15a19f3d43b98ecc3c21b85e2b85', 0, 1, '/', 'ef9c635b78ee48948af0cb454ff2d4e9', '25', 'custDate4', 1, 'PathRenderer', 'DetailRenderer');
INSERT INTO CNT_HISTORY_DEF_ITEM
 (ID, REVISION, ENTITY_VERSION, DOMAIN_ID, PARENT_ID, LINE_NO, FIELD_ID, TRACKING_LEVEL, PATH_RENDERER_CLASS, DETAIL_RENDERER_CLASS)
VALUES ('13aee7a208d2413aae49569f703593e8', 0, 1, '/', 'ef9c635b78ee48948af0cb454ff2d4e9', '26', 'custDate5', 1, 'PathRenderer', 'DetailRenderer');
INSERT INTO CNT_HISTORY_DEF_ITEM
 (ID, REVISION, ENTITY_VERSION, DOMAIN_ID, PARENT_ID, LINE_NO, FIELD_ID, TRACKING_LEVEL, PATH_RENDERER_CLASS, DETAIL_RENDERER_CLASS)
VALUES ('16be3a86da474cafa497b764b906b209', 0, 1, '/', 'ef9c635b78ee48948af0cb454ff2d4e9', '27', 'custDate6', 1, 'PathRenderer', 'DetailRenderer');
INSERT INTO CNT_HISTORY_DEF_ITEM
 (ID, REVISION, ENTITY_VERSION, DOMAIN_ID, PARENT_ID, LINE_NO, FIELD_ID, TRACKING_LEVEL, PATH_RENDERER_CLASS, DETAIL_RENDERER_CLASS)
VALUES ('c73d4cc17b2e4bdf8f56382bf75c02c2', 0, 1, '/', 'ef9c635b78ee48948af0cb454ff2d4e9', '28', 'custDate7', 1, 'PathRenderer', 'DetailRenderer');
INSERT INTO CNT_HISTORY_DEF_ITEM
 (ID, REVISION, ENTITY_VERSION, DOMAIN_ID, PARENT_ID, LINE_NO, FIELD_ID, TRACKING_LEVEL, PATH_RENDERER_CLASS, DETAIL_RENDERER_CLASS)
VALUES ('b871951dd3c04c3793842a60200facfc', 0, 1, '/', 'ef9c635b78ee48948af0cb454ff2d4e9', '29', 'custNumber1', 1, 'PathRenderer', 'DetailRenderer');
INSERT INTO CNT_HISTORY_DEF_ITEM
 (ID, REVISION, ENTITY_VERSION, DOMAIN_ID, PARENT_ID, LINE_NO, FIELD_ID, TRACKING_LEVEL, PATH_RENDERER_CLASS, DETAIL_RENDERER_CLASS)
VALUES ('09888a801466405b8618bcc694d74055', 0, 1, '/', 'ef9c635b78ee48948af0cb454ff2d4e9', '30', 'custNumber2', 1, 'PathRenderer', 'DetailRenderer');
INSERT INTO CNT_HISTORY_DEF_ITEM
 (ID, REVISION, ENTITY_VERSION, DOMAIN_ID, PARENT_ID, LINE_NO, FIELD_ID, TRACKING_LEVEL, PATH_RENDERER_CLASS, DETAIL_RENDERER_CLASS)
VALUES ('87a09a05b94d48eeb1405a3aa0ac91b0', 0, 1, '/', 'ef9c635b78ee48948af0cb454ff2d4e9', '31', 'custNumber3', 1, 'PathRenderer', 'DetailRenderer');
INSERT INTO CNT_HISTORY_DEF_ITEM
 (ID, REVISION, ENTITY_VERSION, DOMAIN_ID, PARENT_ID, LINE_NO, FIELD_ID, TRACKING_LEVEL, PATH_RENDERER_CLASS, DETAIL_RENDERER_CLASS)
VALUES ('e79bdeb9b5e846d180821187f66c8849', 0, 1, '/', 'ef9c635b78ee48948af0cb454ff2d4e9', '32', 'custNumber4', 1, 'PathRenderer', 'DetailRenderer');
INSERT INTO CNT_HISTORY_DEF_ITEM
 (ID, REVISION, ENTITY_VERSION, DOMAIN_ID, PARENT_ID, LINE_NO, FIELD_ID, TRACKING_LEVEL, PATH_RENDERER_CLASS, DETAIL_RENDERER_CLASS)
VALUES ('16b5d308e23a4d898363b1889905940e', 0, 1, '/', 'ef9c635b78ee48948af0cb454ff2d4e9', '33', 'custNumber5', 1, 'PathRenderer', 'DetailRenderer');
INSERT INTO CNT_HISTORY_DEF_ITEM
 (ID, REVISION, ENTITY_VERSION, DOMAIN_ID, PARENT_ID, LINE_NO, FIELD_ID, TRACKING_LEVEL, PATH_RENDERER_CLASS, DETAIL_RENDERER_CLASS)
VALUES ('7e88d1628c4c4a179538d6d76b5dc721', 0, 1, '/', 'ef9c635b78ee48948af0cb454ff2d4e9', '34', 'custNumber6', 1, 'PathRenderer', 'DetailRenderer');
INSERT INTO CNT_HISTORY_DEF_ITEM
 (ID, REVISION, ENTITY_VERSION, DOMAIN_ID, PARENT_ID, LINE_NO, FIELD_ID, TRACKING_LEVEL, PATH_RENDERER_CLASS, DETAIL_RENDERER_CLASS)
VALUES ('81fe5a8048c64fcfb5987a46ecbb3487', 0, 1, '/', 'ef9c635b78ee48948af0cb454ff2d4e9', '35', 'custNumber7', 1, 'PathRenderer', 'DetailRenderer');
INSERT INTO CNT_HISTORY_DEF_ITEM
 (ID, REVISION, ENTITY_VERSION, DOMAIN_ID, PARENT_ID, LINE_NO, FIELD_ID, TRACKING_LEVEL, PATH_RENDERER_CLASS, DETAIL_RENDERER_CLASS)
VALUES ('87b0b844d4804f3ebc3b79c055042cc2', 0, 1, '/', 'ef9c635b78ee48948af0cb454ff2d4e9', '36', 'custDecimal1', 1, 'PathRenderer', 'DetailRenderer');
INSERT INTO CNT_HISTORY_DEF_ITEM
 (ID, REVISION, ENTITY_VERSION, DOMAIN_ID, PARENT_ID, LINE_NO, FIELD_ID, TRACKING_LEVEL, PATH_RENDERER_CLASS, DETAIL_RENDERER_CLASS)
VALUES ('07fe7957702a42bfb46d16ddcf5e5e21', 0, 1, '/', 'ef9c635b78ee48948af0cb454ff2d4e9', '37', 'custDecimal2', 1, 'PathRenderer', 'DetailRenderer');
INSERT INTO CNT_HISTORY_DEF_ITEM
 (ID, REVISION, ENTITY_VERSION, DOMAIN_ID, PARENT_ID, LINE_NO, FIELD_ID, TRACKING_LEVEL, PATH_RENDERER_CLASS, DETAIL_RENDERER_CLASS)
VALUES ('e91cfaa88a13408180aeb2280a6c199b', 0, 1, '/', 'ef9c635b78ee48948af0cb454ff2d4e9', '38', 'custDecimal3', 1, 'PathRenderer', 'DetailRenderer');
INSERT INTO CNT_HISTORY_DEF_ITEM
 (ID, REVISION, ENTITY_VERSION, DOMAIN_ID, PARENT_ID, LINE_NO, FIELD_ID, TRACKING_LEVEL, PATH_RENDERER_CLASS, DETAIL_RENDERER_CLASS)
VALUES ('8bee795d7c074f0d902d0afb06554bb8', 0, 1, '/', 'ef9c635b78ee48948af0cb454ff2d4e9', '39', 'custDecimal4', 1, 'PathRenderer', 'DetailRenderer');
INSERT INTO CNT_HISTORY_DEF_ITEM
 (ID, REVISION, ENTITY_VERSION, DOMAIN_ID, PARENT_ID, LINE_NO, FIELD_ID, TRACKING_LEVEL, PATH_RENDERER_CLASS, DETAIL_RENDERER_CLASS)
VALUES ('ebaa7b1ad75944babca06c67d8952014', 0, 1, '/', 'ef9c635b78ee48948af0cb454ff2d4e9', '40', 'custDecimal5', 1, 'PathRenderer', 'DetailRenderer');
INSERT INTO CNT_HISTORY_DEF_ITEM
 (ID, REVISION, ENTITY_VERSION, DOMAIN_ID, PARENT_ID, LINE_NO, FIELD_ID, TRACKING_LEVEL, PATH_RENDERER_CLASS, DETAIL_RENDERER_CLASS)
VALUES ('b04bfc2f3c764b1eae676f1035c9ef5b', 0, 1, '/', 'ef9c635b78ee48948af0cb454ff2d4e9', '41', 'custDecimal6', 1, 'PathRenderer', 'DetailRenderer');
INSERT INTO CNT_HISTORY_DEF_ITEM
 (ID, REVISION, ENTITY_VERSION, DOMAIN_ID, PARENT_ID, LINE_NO, FIELD_ID, TRACKING_LEVEL, PATH_RENDERER_CLASS, DETAIL_RENDERER_CLASS)
VALUES ('774858fb492e49e88dfc4b6ec17f8673', 0, 1, '/', 'ef9c635b78ee48948af0cb454ff2d4e9', '42', 'custDecimal7', 1, 'PathRenderer', 'DetailRenderer');
INSERT INTO CNT_HISTORY_DEF_ITEM
 (ID, REVISION, ENTITY_VERSION, DOMAIN_ID, PARENT_ID, LINE_NO, FIELD_ID, TRACKING_LEVEL, PATH_RENDERER_CLASS, DETAIL_RENDERER_CLASS)
VALUES ('c700a1491a6e419d8024317794af5516', 0, 1, '/', 'ef9c635b78ee48948af0cb454ff2d4e9', '43', 'custCodelist1', 1, 'PathRenderer', 'DetailRenderer');
INSERT INTO CNT_HISTORY_DEF_ITEM
 (ID, REVISION, ENTITY_VERSION, DOMAIN_ID, PARENT_ID, LINE_NO, FIELD_ID, TRACKING_LEVEL, PATH_RENDERER_CLASS, DETAIL_RENDERER_CLASS)
VALUES ('847529d8dc8c4de9b55ad9c74c5fad7a', 0, 1, '/', 'ef9c635b78ee48948af0cb454ff2d4e9', '44', 'custCodelist2', 1, 'PathRenderer', 'DetailRenderer');
INSERT INTO CNT_HISTORY_DEF_ITEM
 (ID, REVISION, ENTITY_VERSION, DOMAIN_ID, PARENT_ID, LINE_NO, FIELD_ID, TRACKING_LEVEL, PATH_RENDERER_CLASS, DETAIL_RENDERER_CLASS)
VALUES ('e22e2fa2e17a4f8781419d96c8e710cf', 0, 1, '/', 'ef9c635b78ee48948af0cb454ff2d4e9', '45', 'custCodelist3', 1, 'PathRenderer', 'DetailRenderer');
INSERT INTO CNT_HISTORY_DEF_ITEM
 (ID, REVISION, ENTITY_VERSION, DOMAIN_ID, PARENT_ID, LINE_NO, FIELD_ID, TRACKING_LEVEL, PATH_RENDERER_CLASS, DETAIL_RENDERER_CLASS)
VALUES ('71e2546f74eb4b63aa55055112f21563', 0, 1, '/', 'ef9c635b78ee48948af0cb454ff2d4e9', '46', 'custCodelist4', 1, 'PathRenderer', 'DetailRenderer');
INSERT INTO CNT_HISTORY_DEF_ITEM
 (ID, REVISION, ENTITY_VERSION, DOMAIN_ID, PARENT_ID, LINE_NO, FIELD_ID, TRACKING_LEVEL, PATH_RENDERER_CLASS, DETAIL_RENDERER_CLASS)
VALUES ('089620adb3d444bb8d3802c825ff8d5d', 0, 1, '/', 'ef9c635b78ee48948af0cb454ff2d4e9', '47', 'custCodelist5', 1, 'PathRenderer', 'DetailRenderer');
INSERT INTO CNT_HISTORY_DEF_ITEM
 (ID, REVISION, ENTITY_VERSION, DOMAIN_ID, PARENT_ID, LINE_NO, FIELD_ID, TRACKING_LEVEL, PATH_RENDERER_CLASS, DETAIL_RENDERER_CLASS)
VALUES ('3c56939155084f2091fedfc3d9b0def8', 0, 1, '/', 'ef9c635b78ee48948af0cb454ff2d4e9', '48', 'custCodelist6', 1, 'PathRenderer', 'DetailRenderer');
INSERT INTO CNT_HISTORY_DEF_ITEM
 (ID, REVISION, ENTITY_VERSION, DOMAIN_ID, PARENT_ID, LINE_NO, FIELD_ID, TRACKING_LEVEL, PATH_RENDERER_CLASS, DETAIL_RENDERER_CLASS)
VALUES ('012e5173ef2945c0b0ec10d65605f7e2', 0, 1, '/', 'ef9c635b78ee48948af0cb454ff2d4e9', '49', 'custCodelist7', 1, 'PathRenderer', 'DetailRenderer');
INSERT INTO CNT_HISTORY_DEF_ITEM
 (ID, REVISION, ENTITY_VERSION, DOMAIN_ID, PARENT_ID, LINE_NO, FIELD_ID, TRACKING_LEVEL, PATH_RENDERER_CLASS, DETAIL_RENDERER_CLASS)
VALUES ('18cded0a97c2445cbd2f45744fdcfde0', 0, 1, '/', 'ef9c635b78ee48948af0cb454ff2d4e9', '50', 'custMemoText1', 1, 'PathRenderer', 'DetailRenderer');
INSERT INTO CNT_HISTORY_DEF_ITEM
 (ID, REVISION, ENTITY_VERSION, DOMAIN_ID, PARENT_ID, LINE_NO, FIELD_ID, TRACKING_LEVEL, PATH_RENDERER_CLASS, DETAIL_RENDERER_CLASS)
VALUES ('da80549b83334d658bb2bae5205ad9f7', 0, 1, '/', 'ef9c635b78ee48948af0cb454ff2d4e9', '51', 'custMemoText2', 1, 'PathRenderer', 'DetailRenderer');
INSERT INTO CNT_HISTORY_DEF_ITEM
 (ID, REVISION, ENTITY_VERSION, DOMAIN_ID, PARENT_ID, LINE_NO, FIELD_ID, TRACKING_LEVEL, PATH_RENDERER_CLASS, DETAIL_RENDERER_CLASS)
VALUES ('5d52a5d8c7e04044bdf7e787b00d9866', 0, 1, '/', 'ef9c635b78ee48948af0cb454ff2d4e9', '52', 'custMemoText3', 1, 'PathRenderer', 'DetailRenderer');
INSERT INTO CNT_HISTORY_DEF_ITEM
 (ID, REVISION, ENTITY_VERSION, DOMAIN_ID, PARENT_ID, LINE_NO, FIELD_ID, TRACKING_LEVEL, PATH_RENDERER_CLASS, DETAIL_RENDERER_CLASS)
VALUES ('1a64026d7d6046cd97cdd50ceb2ab56b', 0, 1, '/', 'ef9c635b78ee48948af0cb454ff2d4e9', '53', 'custMemoText4', 1, 'PathRenderer', 'DetailRenderer');
INSERT INTO CNT_HISTORY_DEF_ITEM
 (ID, REVISION, ENTITY_VERSION, DOMAIN_ID, PARENT_ID, LINE_NO, FIELD_ID, TRACKING_LEVEL, PATH_RENDERER_CLASS, DETAIL_RENDERER_CLASS)
VALUES ('4fbf5db096fb4390961561687315de51', 0, 1, '/', 'ef9c635b78ee48948af0cb454ff2d4e9', '54', 'custMemoText5', 1, 'PathRenderer', 'DetailRenderer');
INSERT INTO CNT_HISTORY_DEF_ITEM
 (ID, REVISION, ENTITY_VERSION, DOMAIN_ID, PARENT_ID, LINE_NO, FIELD_ID, TRACKING_LEVEL, PATH_RENDERER_CLASS, DETAIL_RENDERER_CLASS)
VALUES ('49466fc3c11a43ac8f5b7311b08b01af', 0, 1, '/', 'ef9c635b78ee48948af0cb454ff2d4e9', '55', 'custMemoText6', 1, 'PathRenderer', 'DetailRenderer');
INSERT INTO CNT_HISTORY_DEF_ITEM
 (ID, REVISION, ENTITY_VERSION, DOMAIN_ID, PARENT_ID, LINE_NO, FIELD_ID, TRACKING_LEVEL, PATH_RENDERER_CLASS, DETAIL_RENDERER_CLASS)
VALUES ('727bdab4da584ed785bb2b91b049d8a9', 0, 1, '/', 'ef9c635b78ee48948af0cb454ff2d4e9', '56', 'custMemoText7', 1, 'PathRenderer', 'DetailRenderer');
INSERT INTO CNT_HISTORY_DEF_ITEM
 (ID, REVISION, ENTITY_VERSION, DOMAIN_ID, PARENT_ID, LINE_NO, FIELD_ID, TRACKING_LEVEL, PATH_RENDERER_CLASS, DETAIL_RENDERER_CLASS)
VALUES ('928dbbaa4b324586a25718062397b2c1', 0, 1, '/', 'ef9c635b78ee48948af0cb454ff2d4e9', '57', 'custHcl1', 1, 'PathRenderer', 'DetailRenderer');
INSERT INTO CNT_HISTORY_DEF_ITEM
 (ID, REVISION, ENTITY_VERSION, DOMAIN_ID, PARENT_ID, LINE_NO, FIELD_ID, TRACKING_LEVEL, PATH_RENDERER_CLASS, DETAIL_RENDERER_CLASS)
VALUES ('2be3b3d27959445180698cb9a208f45c', 0, 1, '/', 'ef9c635b78ee48948af0cb454ff2d4e9', '58', 'custHcl2', 1, 'PathRenderer', 'DetailRenderer');
INSERT INTO CNT_HISTORY_DEF_ITEM
 (ID, REVISION, ENTITY_VERSION, DOMAIN_ID, PARENT_ID, LINE_NO, FIELD_ID, TRACKING_LEVEL, PATH_RENDERER_CLASS, DETAIL_RENDERER_CLASS)
VALUES ('2f68dbe5bd25438fb01b6c6c5440d112', 0, 1, '/', 'ef9c635b78ee48948af0cb454ff2d4e9', '59', 'custHcl3', 1, 'PathRenderer', 'DetailRenderer');
INSERT INTO CNT_HISTORY_DEF_ITEM
 (ID, REVISION, ENTITY_VERSION, DOMAIN_ID, PARENT_ID, LINE_NO, FIELD_ID, TRACKING_LEVEL, PATH_RENDERER_CLASS, DETAIL_RENDERER_CLASS)
VALUES ('0c6337968f8345f4834a880f2bad82b2', 0, 1, '/', 'ef9c635b78ee48948af0cb454ff2d4e9', '60', 'custHcl4', 1, 'PathRenderer', 'DetailRenderer');
INSERT INTO CNT_HISTORY_DEF_ITEM
 (ID, REVISION, ENTITY_VERSION, DOMAIN_ID, PARENT_ID, LINE_NO, FIELD_ID, TRACKING_LEVEL, PATH_RENDERER_CLASS, DETAIL_RENDERER_CLASS)
VALUES ('924b35bc11db4be3aff1ef65e57825b5', 0, 1, '/', 'ef9c635b78ee48948af0cb454ff2d4e9', '61', 'custHcl5', 1, 'PathRenderer', 'DetailRenderer');
INSERT INTO CNT_HISTORY_DEF_ITEM
 (ID, REVISION, ENTITY_VERSION, DOMAIN_ID, PARENT_ID, LINE_NO, FIELD_ID, TRACKING_LEVEL, PATH_RENDERER_CLASS, DETAIL_RENDERER_CLASS)
VALUES ('e73f268d97d74f60829f4db9ac7cbb1e', 0, 1, '/', 'ef9c635b78ee48948af0cb454ff2d4e9', '62', 'vpoItemSizeRef', 0, 'PathRenderer', 'DetailRenderer');
INSERT INTO CNT_HISTORY_DEF_ITEM
 (ID, REVISION, ENTITY_VERSION, DOMAIN_ID, PARENT_ID, LINE_NO, FIELD_ID, TRACKING_LEVEL, PATH_RENDERER_CLASS, DETAIL_RENDERER_CLASS)
VALUES ('7221683252ea41d5b61249baca5fd917', 0, 1, '/', 'ef9c635b78ee48948af0cb454ff2d4e9', '63', 'vpoItemSizeVer', 0, 'PathRenderer', 'DetailRenderer');
INSERT INTO CNT_HISTORY_DEF_ITEM
 (ID, REVISION, ENTITY_VERSION, DOMAIN_ID, PARENT_ID, LINE_NO, FIELD_ID, TRACKING_LEVEL, PATH_RENDERER_CLASS, DETAIL_RENDERER_CLASS)
VALUES ('1fcb6894911c434b817ccb91bce25191', 0, 1, '/', 'ef9c635b78ee48948af0cb454ff2d4e9', '64', 'vpoItemSizeRef2', 0, 'PathRenderer', 'DetailRenderer');
INSERT INTO CNT_HISTORY_DEF_ITEM
 (ID, REVISION, ENTITY_VERSION, DOMAIN_ID, PARENT_ID, LINE_NO, FIELD_ID, TRACKING_LEVEL, PATH_RENDERER_CLASS, DETAIL_RENDERER_CLASS)
VALUES ('0df9fcd431454f458877d13921f39e04', 0, 1, '/', 'ef9c635b78ee48948af0cb454ff2d4e9', '65', 'custCodelist1Name', 0, 'PathRenderer', 'DetailRenderer');
INSERT INTO CNT_HISTORY_DEF_ITEM
 (ID, REVISION, ENTITY_VERSION, DOMAIN_ID, PARENT_ID, LINE_NO, FIELD_ID, TRACKING_LEVEL, PATH_RENDERER_CLASS, DETAIL_RENDERER_CLASS)
VALUES ('4a2ab1fe09c04ac9863cbc0efa98ddc7', 0, 1, '/', 'ef9c635b78ee48948af0cb454ff2d4e9', '66', 'custCodelist2Name', 0, 'PathRenderer', 'DetailRenderer');
INSERT INTO CNT_HISTORY_DEF_ITEM
 (ID, REVISION, ENTITY_VERSION, DOMAIN_ID, PARENT_ID, LINE_NO, FIELD_ID, TRACKING_LEVEL, PATH_RENDERER_CLASS, DETAIL_RENDERER_CLASS)
VALUES ('0e651ec0477e4d5795620860fc04dcea', 0, 1, '/', 'ef9c635b78ee48948af0cb454ff2d4e9', '67', 'custCodelist3Name', 0, 'PathRenderer', 'DetailRenderer');
INSERT INTO CNT_HISTORY_DEF_ITEM
 (ID, REVISION, ENTITY_VERSION, DOMAIN_ID, PARENT_ID, LINE_NO, FIELD_ID, TRACKING_LEVEL, PATH_RENDERER_CLASS, DETAIL_RENDERER_CLASS)
VALUES ('ac5ab6b1a17d40c9b20aff9245c58b64', 0, 1, '/', 'ef9c635b78ee48948af0cb454ff2d4e9', '68', 'custCodelist4Name', 0, 'PathRenderer', 'DetailRenderer');
INSERT INTO CNT_HISTORY_DEF_ITEM
 (ID, REVISION, ENTITY_VERSION, DOMAIN_ID, PARENT_ID, LINE_NO, FIELD_ID, TRACKING_LEVEL, PATH_RENDERER_CLASS, DETAIL_RENDERER_CLASS)
VALUES ('6c62e3b85cd14eafa30228dc7082357b', 0, 1, '/', 'ef9c635b78ee48948af0cb454ff2d4e9', '69', 'custCodelist5Name', 0, 'PathRenderer', 'DetailRenderer');
INSERT INTO CNT_HISTORY_DEF_ITEM
 (ID, REVISION, ENTITY_VERSION, DOMAIN_ID, PARENT_ID, LINE_NO, FIELD_ID, TRACKING_LEVEL, PATH_RENDERER_CLASS, DETAIL_RENDERER_CLASS)
VALUES ('23fbc2c265d144ffa1a02cc532d68d2f', 0, 1, '/', 'ef9c635b78ee48948af0cb454ff2d4e9', '70', 'custCodelist6Name', 0, 'PathRenderer', 'DetailRenderer');
INSERT INTO CNT_HISTORY_DEF_ITEM
 (ID, REVISION, ENTITY_VERSION, DOMAIN_ID, PARENT_ID, LINE_NO, FIELD_ID, TRACKING_LEVEL, PATH_RENDERER_CLASS, DETAIL_RENDERER_CLASS)
VALUES ('a7b41e2fba824ba3baf90a272a9fa352', 0, 1, '/', 'ef9c635b78ee48948af0cb454ff2d4e9', '71', 'custCodelist7Name', 0, 'PathRenderer', 'DetailRenderer');
INSERT INTO CNT_HISTORY_DEF_ITEM
 (ID, REVISION, ENTITY_VERSION, DOMAIN_ID, PARENT_ID, LINE_NO, FIELD_ID, TRACKING_LEVEL, PATH_RENDERER_CLASS, DETAIL_RENDERER_CLASS)
VALUES ('3885b019777e4a5d980dc7240a149869', 0, 1, '/', 'ef9c635b78ee48948af0cb454ff2d4e9', '72', 'custHcl1Ref', 0, 'PathRenderer', 'DetailRenderer');
INSERT INTO CNT_HISTORY_DEF_ITEM
 (ID, REVISION, ENTITY_VERSION, DOMAIN_ID, PARENT_ID, LINE_NO, FIELD_ID, TRACKING_LEVEL, PATH_RENDERER_CLASS, DETAIL_RENDERER_CLASS)
VALUES ('a52e1805f95f4d759fc3854a72b6ebda', 0, 1, '/', 'ef9c635b78ee48948af0cb454ff2d4e9', '73', 'custHcl1Ver', 0, 'PathRenderer', 'DetailRenderer');
INSERT INTO CNT_HISTORY_DEF_ITEM
 (ID, REVISION, ENTITY_VERSION, DOMAIN_ID, PARENT_ID, LINE_NO, FIELD_ID, TRACKING_LEVEL, PATH_RENDERER_CLASS, DETAIL_RENDERER_CLASS)
VALUES ('b049d1d652c8499081edb6ef12e5198e', 0, 1, '/', 'ef9c635b78ee48948af0cb454ff2d4e9', '74', 'custHcl1Ref2', 0, 'PathRenderer', 'DetailRenderer');
INSERT INTO CNT_HISTORY_DEF_ITEM
 (ID, REVISION, ENTITY_VERSION, DOMAIN_ID, PARENT_ID, LINE_NO, FIELD_ID, TRACKING_LEVEL, PATH_RENDERER_CLASS, DETAIL_RENDERER_CLASS)
VALUES ('a785878fa7f0470d84dcc060e1d3a86d', 0, 1, '/', 'ef9c635b78ee48948af0cb454ff2d4e9', '75', 'custHcl1FullLineage', 0, 'PathRenderer', 'DetailRenderer');
INSERT INTO CNT_HISTORY_DEF_ITEM
 (ID, REVISION, ENTITY_VERSION, DOMAIN_ID, PARENT_ID, LINE_NO, FIELD_ID, TRACKING_LEVEL, PATH_RENDERER_CLASS, DETAIL_RENDERER_CLASS)
VALUES ('3ce2a49ea7d448a7929a726776fbecc1', 0, 1, '/', 'ef9c635b78ee48948af0cb454ff2d4e9', '76', 'custHcl2Ref', 0, 'PathRenderer', 'DetailRenderer');
INSERT INTO CNT_HISTORY_DEF_ITEM
 (ID, REVISION, ENTITY_VERSION, DOMAIN_ID, PARENT_ID, LINE_NO, FIELD_ID, TRACKING_LEVEL, PATH_RENDERER_CLASS, DETAIL_RENDERER_CLASS)
VALUES ('45333c9344a1429d98a400e7ad67ec8a', 0, 1, '/', 'ef9c635b78ee48948af0cb454ff2d4e9', '77', 'custHcl2Ver', 0, 'PathRenderer', 'DetailRenderer');
INSERT INTO CNT_HISTORY_DEF_ITEM
 (ID, REVISION, ENTITY_VERSION, DOMAIN_ID, PARENT_ID, LINE_NO, FIELD_ID, TRACKING_LEVEL, PATH_RENDERER_CLASS, DETAIL_RENDERER_CLASS)
VALUES ('7fa036744b594622ad61e18a7f311aeb', 0, 1, '/', 'ef9c635b78ee48948af0cb454ff2d4e9', '78', 'custHcl2Ref2', 0, 'PathRenderer', 'DetailRenderer');
INSERT INTO CNT_HISTORY_DEF_ITEM
 (ID, REVISION, ENTITY_VERSION, DOMAIN_ID, PARENT_ID, LINE_NO, FIELD_ID, TRACKING_LEVEL, PATH_RENDERER_CLASS, DETAIL_RENDERER_CLASS)
VALUES ('f886d7627b134c979999dec911168c55', 0, 1, '/', 'ef9c635b78ee48948af0cb454ff2d4e9', '79', 'custHcl2FullLineage', 0, 'PathRenderer', 'DetailRenderer');
INSERT INTO CNT_HISTORY_DEF_ITEM
 (ID, REVISION, ENTITY_VERSION, DOMAIN_ID, PARENT_ID, LINE_NO, FIELD_ID, TRACKING_LEVEL, PATH_RENDERER_CLASS, DETAIL_RENDERER_CLASS)
VALUES ('4794e1b53486490882656b5cd8512796', 0, 1, '/', 'ef9c635b78ee48948af0cb454ff2d4e9', '80', 'custHcl3Ref', 0, 'PathRenderer', 'DetailRenderer');
INSERT INTO CNT_HISTORY_DEF_ITEM
 (ID, REVISION, ENTITY_VERSION, DOMAIN_ID, PARENT_ID, LINE_NO, FIELD_ID, TRACKING_LEVEL, PATH_RENDERER_CLASS, DETAIL_RENDERER_CLASS)
VALUES ('092eecd260e14c629ab3902f26e4c02e', 0, 1, '/', 'ef9c635b78ee48948af0cb454ff2d4e9', '81', 'custHcl3Ver', 0, 'PathRenderer', 'DetailRenderer');
INSERT INTO CNT_HISTORY_DEF_ITEM
 (ID, REVISION, ENTITY_VERSION, DOMAIN_ID, PARENT_ID, LINE_NO, FIELD_ID, TRACKING_LEVEL, PATH_RENDERER_CLASS, DETAIL_RENDERER_CLASS)
VALUES ('20fa42db919445909e58d3a66573b776', 0, 1, '/', 'ef9c635b78ee48948af0cb454ff2d4e9', '82', 'custHcl3Ref2', 0, 'PathRenderer', 'DetailRenderer');
INSERT INTO CNT_HISTORY_DEF_ITEM
 (ID, REVISION, ENTITY_VERSION, DOMAIN_ID, PARENT_ID, LINE_NO, FIELD_ID, TRACKING_LEVEL, PATH_RENDERER_CLASS, DETAIL_RENDERER_CLASS)
VALUES ('f6354a32b8ee496e8e21889d69969ac8', 0, 1, '/', 'ef9c635b78ee48948af0cb454ff2d4e9', '83', 'custHcl3FullLineage', 0, 'PathRenderer', 'DetailRenderer');
INSERT INTO CNT_HISTORY_DEF_ITEM
 (ID, REVISION, ENTITY_VERSION, DOMAIN_ID, PARENT_ID, LINE_NO, FIELD_ID, TRACKING_LEVEL, PATH_RENDERER_CLASS, DETAIL_RENDERER_CLASS)
VALUES ('cb58361929d44ca5ab50f5887749ff11', 0, 1, '/', 'ef9c635b78ee48948af0cb454ff2d4e9', '84', 'custHcl4Ref', 0, 'PathRenderer', 'DetailRenderer');
INSERT INTO CNT_HISTORY_DEF_ITEM
 (ID, REVISION, ENTITY_VERSION, DOMAIN_ID, PARENT_ID, LINE_NO, FIELD_ID, TRACKING_LEVEL, PATH_RENDERER_CLASS, DETAIL_RENDERER_CLASS)
VALUES ('fb830769f71a4a079ef6b89831762a12', 0, 1, '/', 'ef9c635b78ee48948af0cb454ff2d4e9', '85', 'custHcl4Ver', 0, 'PathRenderer', 'DetailRenderer');
INSERT INTO CNT_HISTORY_DEF_ITEM
 (ID, REVISION, ENTITY_VERSION, DOMAIN_ID, PARENT_ID, LINE_NO, FIELD_ID, TRACKING_LEVEL, PATH_RENDERER_CLASS, DETAIL_RENDERER_CLASS)
VALUES ('3c6d1ffbe2d54f3f988f380dcce06ee9', 0, 1, '/', 'ef9c635b78ee48948af0cb454ff2d4e9', '86', 'custHcl4Ref2', 0, 'PathRenderer', 'DetailRenderer');
INSERT INTO CNT_HISTORY_DEF_ITEM
 (ID, REVISION, ENTITY_VERSION, DOMAIN_ID, PARENT_ID, LINE_NO, FIELD_ID, TRACKING_LEVEL, PATH_RENDERER_CLASS, DETAIL_RENDERER_CLASS)
VALUES ('31a832a5dd814ef7977d08381bf5dc40', 0, 1, '/', 'ef9c635b78ee48948af0cb454ff2d4e9', '87', 'custHcl4FullLineage', 0, 'PathRenderer', 'DetailRenderer');
INSERT INTO CNT_HISTORY_DEF_ITEM
 (ID, REVISION, ENTITY_VERSION, DOMAIN_ID, PARENT_ID, LINE_NO, FIELD_ID, TRACKING_LEVEL, PATH_RENDERER_CLASS, DETAIL_RENDERER_CLASS)
VALUES ('ab6799b8befa453fb497961593c2b868', 0, 1, '/', 'ef9c635b78ee48948af0cb454ff2d4e9', '88', 'custHcl5Ref', 0, 'PathRenderer', 'DetailRenderer');
INSERT INTO CNT_HISTORY_DEF_ITEM
 (ID, REVISION, ENTITY_VERSION, DOMAIN_ID, PARENT_ID, LINE_NO, FIELD_ID, TRACKING_LEVEL, PATH_RENDERER_CLASS, DETAIL_RENDERER_CLASS)
VALUES ('c5bdfd8dc09a45d480654942c620247c', 0, 1, '/', 'ef9c635b78ee48948af0cb454ff2d4e9', '89', 'custHcl5Ver', 0, 'PathRenderer', 'DetailRenderer');
INSERT INTO CNT_HISTORY_DEF_ITEM
 (ID, REVISION, ENTITY_VERSION, DOMAIN_ID, PARENT_ID, LINE_NO, FIELD_ID, TRACKING_LEVEL, PATH_RENDERER_CLASS, DETAIL_RENDERER_CLASS)
VALUES ('d82d253846e74e98bb374fb3fec90955', 0, 1, '/', 'ef9c635b78ee48948af0cb454ff2d4e9', '90', 'custHcl5Ref2', 0, 'PathRenderer', 'DetailRenderer');
INSERT INTO CNT_HISTORY_DEF_ITEM
 (ID, REVISION, ENTITY_VERSION, DOMAIN_ID, PARENT_ID, LINE_NO, FIELD_ID, TRACKING_LEVEL, PATH_RENDERER_CLASS, DETAIL_RENDERER_CLASS)
VALUES ('7f26cc40b01e4bad8d9fa1b8fa24bd3d', 0, 1, '/', 'ef9c635b78ee48948af0cb454ff2d4e9', '91', 'custHcl5FullLineage', 0, 'PathRenderer', 'DetailRenderer');
INSERT INTO CNT_HISTORY_DEF
 (ID, REVISION, APPLY_ENTITY, ENTITY_VERSION, DOMAIN_ID , GENERATED, CREATE_USER, CREATE_USER_NAME, CREATED_ON)
VALUES ('e9241f7f707544c1aef78cfa45b217fe', 0, 'VendorInvoiceShipItem', 1, '/', 1, 'system', 'system', systimestamp);
INSERT INTO CNT_HISTORY_DEF_ITEM
 (ID, REVISION, ENTITY_VERSION, DOMAIN_ID, PARENT_ID, LINE_NO, FIELD_ID, TRACKING_LEVEL, PATH_RENDERER_CLASS, DETAIL_RENDERER_CLASS)
VALUES ('e4c81f2c16a14ebf88441f1d306023a7', 0, 1, '/', 'e9241f7f707544c1aef78cfa45b217fe', '0', 'id', 1, 'PathRenderer', 'DetailRenderer');
INSERT INTO CNT_HISTORY_DEF_ITEM
 (ID, REVISION, ENTITY_VERSION, DOMAIN_ID, PARENT_ID, LINE_NO, FIELD_ID, TRACKING_LEVEL, PATH_RENDERER_CLASS, DETAIL_RENDERER_CLASS)
VALUES ('bab7b8bba1d649909331257570c1dc26', 0, 1, '/', 'e9241f7f707544c1aef78cfa45b217fe', '1', 'revision', 1, 'PathRenderer', 'DetailRenderer');
INSERT INTO CNT_HISTORY_DEF_ITEM
 (ID, REVISION, ENTITY_VERSION, DOMAIN_ID, PARENT_ID, LINE_NO, FIELD_ID, TRACKING_LEVEL, PATH_RENDERER_CLASS, DETAIL_RENDERER_CLASS)
VALUES ('29edfff63a864387943f2887bd616efb', 0, 1, '/', 'e9241f7f707544c1aef78cfa45b217fe', '2', 'entityVersion', 1, 'PathRenderer', 'DetailRenderer');
INSERT INTO CNT_HISTORY_DEF_ITEM
 (ID, REVISION, ENTITY_VERSION, DOMAIN_ID, PARENT_ID, LINE_NO, FIELD_ID, TRACKING_LEVEL, PATH_RENDERER_CLASS, DETAIL_RENDERER_CLASS)
VALUES ('89fe7f5f09e9405c869912372328af6c', 0, 1, '/', 'e9241f7f707544c1aef78cfa45b217fe', '3', 'domainId', 1, 'PathRenderer', 'DetailRenderer');
INSERT INTO CNT_HISTORY_DEF_ITEM
 (ID, REVISION, ENTITY_VERSION, DOMAIN_ID, PARENT_ID, LINE_NO, FIELD_ID, TRACKING_LEVEL, PATH_RENDERER_CLASS, DETAIL_RENDERER_CLASS)
VALUES ('168d777849214d13acff9ca15b2b5f90', 0, 1, '/', 'e9241f7f707544c1aef78cfa45b217fe', '4', 'hubDomainId', 1, 'PathRenderer', 'DetailRenderer');
INSERT INTO CNT_HISTORY_DEF_ITEM
 (ID, REVISION, ENTITY_VERSION, DOMAIN_ID, PARENT_ID, LINE_NO, FIELD_ID, TRACKING_LEVEL, PATH_RENDERER_CLASS, DETAIL_RENDERER_CLASS)
VALUES ('090e4bb4453740fe890ed49c45596111', 0, 1, '/', 'e9241f7f707544c1aef78cfa45b217fe', '5', 'isForReference', 1, 'PathRenderer', 'DetailRenderer');
INSERT INTO CNT_HISTORY_DEF_ITEM
 (ID, REVISION, ENTITY_VERSION, DOMAIN_ID, PARENT_ID, LINE_NO, FIELD_ID, TRACKING_LEVEL, PATH_RENDERER_CLASS, DETAIL_RENDERER_CLASS)
VALUES ('79a3660b967c434fbc104d54bebc5403', 0, 1, '/', 'e9241f7f707544c1aef78cfa45b217fe', '6', 'internalSeqNo', 1, 'PathRenderer', 'DetailRenderer');
INSERT INTO CNT_HISTORY_DEF_ITEM
 (ID, REVISION, ENTITY_VERSION, DOMAIN_ID, PARENT_ID, LINE_NO, FIELD_ID, TRACKING_LEVEL, PATH_RENDERER_CLASS, DETAIL_RENDERER_CLASS)
VALUES ('d5fb97f4bfd348789d7d4f6485fb9bd2', 0, 1, '/', 'e9241f7f707544c1aef78cfa45b217fe', '7', 'vendorInvoiceId', 1, 'PathRenderer', 'DetailRenderer');
INSERT INTO CNT_HISTORY_DEF_ITEM
 (ID, REVISION, ENTITY_VERSION, DOMAIN_ID, PARENT_ID, LINE_NO, FIELD_ID, TRACKING_LEVEL, PATH_RENDERER_CLASS, DETAIL_RENDERER_CLASS)
VALUES ('dde25573b0c9449ba902ac0e9ef1eae2', 0, 1, '/', 'e9241f7f707544c1aef78cfa45b217fe', '8', 'shipmentAdvice', 1, 'PathRenderer', 'DetailRenderer');
INSERT INTO CNT_HISTORY_DEF_ITEM
 (ID, REVISION, ENTITY_VERSION, DOMAIN_ID, PARENT_ID, LINE_NO, FIELD_ID, TRACKING_LEVEL, PATH_RENDERER_CLASS, DETAIL_RENDERER_CLASS)
VALUES ('cb5f962d16f244bd9fe25e7b0099597c', 0, 1, '/', 'e9241f7f707544c1aef78cfa45b217fe', '9', 'item', 1, 'PathRenderer', 'DetailRenderer');
INSERT INTO CNT_HISTORY_DEF_ITEM
 (ID, REVISION, ENTITY_VERSION, DOMAIN_ID, PARENT_ID, LINE_NO, FIELD_ID, TRACKING_LEVEL, PATH_RENDERER_CLASS, DETAIL_RENDERER_CLASS)
VALUES ('6ec1a8df321749dba84f23819fa4168b', 0, 1, '/', 'e9241f7f707544c1aef78cfa45b217fe', '10', 'lotNo', 1, 'PathRenderer', 'DetailRenderer');
INSERT INTO CNT_HISTORY_DEF_ITEM
 (ID, REVISION, ENTITY_VERSION, DOMAIN_ID, PARENT_ID, LINE_NO, FIELD_ID, TRACKING_LEVEL, PATH_RENDERER_CLASS, DETAIL_RENDERER_CLASS)
VALUES ('416a1a554ce84b5c91e66c5836926fea', 0, 1, '/', 'e9241f7f707544c1aef78cfa45b217fe', '11', 'isSet', 1, 'PathRenderer', 'DetailRenderer');
INSERT INTO CNT_HISTORY_DEF_ITEM
 (ID, REVISION, ENTITY_VERSION, DOMAIN_ID, PARENT_ID, LINE_NO, FIELD_ID, TRACKING_LEVEL, PATH_RENDERER_CLASS, DETAIL_RENDERER_CLASS)
VALUES ('eb0b1eda29994aa9bd682b7739e56a8b', 0, 1, '/', 'e9241f7f707544c1aef78cfa45b217fe', '12', 'itemDesc', 1, 'PathRenderer', 'DetailRenderer');
INSERT INTO CNT_HISTORY_DEF_ITEM
 (ID, REVISION, ENTITY_VERSION, DOMAIN_ID, PARENT_ID, LINE_NO, FIELD_ID, TRACKING_LEVEL, PATH_RENDERER_CLASS, DETAIL_RENDERER_CLASS)
VALUES ('209256fb863f419089d8da7cc9391717', 0, 1, '/', 'e9241f7f707544c1aef78cfa45b217fe', '13', 'vpoShipDtl', 1, 'PathRenderer', 'DetailRenderer');
INSERT INTO CNT_HISTORY_DEF_ITEM
 (ID, REVISION, ENTITY_VERSION, DOMAIN_ID, PARENT_ID, LINE_NO, FIELD_ID, TRACKING_LEVEL, PATH_RENDERER_CLASS, DETAIL_RENDERER_CLASS)
VALUES ('b676ae20f43a47a5802b75439d697a57', 0, 1, '/', 'e9241f7f707544c1aef78cfa45b217fe', '14', 'vpo', 1, 'PathRenderer', 'DetailRenderer');
INSERT INTO CNT_HISTORY_DEF_ITEM
 (ID, REVISION, ENTITY_VERSION, DOMAIN_ID, PARENT_ID, LINE_NO, FIELD_ID, TRACKING_LEVEL, PATH_RENDERER_CLASS, DETAIL_RENDERER_CLASS)
VALUES ('f3f617a09a9047e3867f17b09a0fac66', 0, 1, '/', 'e9241f7f707544c1aef78cfa45b217fe', '15', 'uom', 1, 'PathRenderer', 'DetailRenderer');
INSERT INTO CNT_HISTORY_DEF_ITEM
 (ID, REVISION, ENTITY_VERSION, DOMAIN_ID, PARENT_ID, LINE_NO, FIELD_ID, TRACKING_LEVEL, PATH_RENDERER_CLASS, DETAIL_RENDERER_CLASS)
VALUES ('461560dca4f14da4b0db0a710ed22c9b', 0, 1, '/', 'e9241f7f707544c1aef78cfa45b217fe', '16', 'invoiceQty', 1, 'PathRenderer', 'DetailRenderer');
INSERT INTO CNT_HISTORY_DEF_ITEM
 (ID, REVISION, ENTITY_VERSION, DOMAIN_ID, PARENT_ID, LINE_NO, FIELD_ID, TRACKING_LEVEL, PATH_RENDERER_CLASS, DETAIL_RENDERER_CLASS)
VALUES ('c75fb570f45b4762af5a50f02ddea461', 0, 1, '/', 'e9241f7f707544c1aef78cfa45b217fe', '17', 'price', 1, 'PathRenderer', 'DetailRenderer');
INSERT INTO CNT_HISTORY_DEF_ITEM
 (ID, REVISION, ENTITY_VERSION, DOMAIN_ID, PARENT_ID, LINE_NO, FIELD_ID, TRACKING_LEVEL, PATH_RENDERER_CLASS, DETAIL_RENDERER_CLASS)
VALUES ('77e3c9a05a394102aafb9285943a1b77', 0, 1, '/', 'e9241f7f707544c1aef78cfa45b217fe', '18', 'totalAmount', 1, 'PathRenderer', 'DetailRenderer');
INSERT INTO CNT_HISTORY_DEF_ITEM
 (ID, REVISION, ENTITY_VERSION, DOMAIN_ID, PARENT_ID, LINE_NO, FIELD_ID, TRACKING_LEVEL, PATH_RENDERER_CLASS, DETAIL_RENDERER_CLASS)
VALUES ('dd50a8de0b52413bac13beab1fc00a96', 0, 1, '/', 'e9241f7f707544c1aef78cfa45b217fe', '19', 'instructions', 1, 'PathRenderer', 'DetailRenderer');
INSERT INTO CNT_HISTORY_DEF_ITEM
 (ID, REVISION, ENTITY_VERSION, DOMAIN_ID, PARENT_ID, LINE_NO, FIELD_ID, TRACKING_LEVEL, PATH_RENDERER_CLASS, DETAIL_RENDERER_CLASS)
VALUES ('ea831d1c335c49a98add14d015926ca6', 0, 1, '/', 'e9241f7f707544c1aef78cfa45b217fe', '20', 'shippedQty', 1, 'PathRenderer', 'DetailRenderer');
INSERT INTO CNT_HISTORY_DEF_ITEM
 (ID, REVISION, ENTITY_VERSION, DOMAIN_ID, PARENT_ID, LINE_NO, FIELD_ID, TRACKING_LEVEL, PATH_RENDERER_CLASS, DETAIL_RENDERER_CLASS)
VALUES ('3f70843c5e274be0a8eeb5b9c9b6c7b3', 0, 1, '/', 'e9241f7f707544c1aef78cfa45b217fe', '21', 'shippedCartonTotalNo', 1, 'PathRenderer', 'DetailRenderer');
INSERT INTO CNT_HISTORY_DEF_ITEM
 (ID, REVISION, ENTITY_VERSION, DOMAIN_ID, PARENT_ID, LINE_NO, FIELD_ID, TRACKING_LEVEL, PATH_RENDERER_CLASS, DETAIL_RENDERER_CLASS)
VALUES ('0174b7ad09f74564b81673305583f0b7', 0, 1, '/', 'e9241f7f707544c1aef78cfa45b217fe', '22', 'dimensionUOM', 1, 'PathRenderer', 'DetailRenderer');
INSERT INTO CNT_HISTORY_DEF_ITEM
 (ID, REVISION, ENTITY_VERSION, DOMAIN_ID, PARENT_ID, LINE_NO, FIELD_ID, TRACKING_LEVEL, PATH_RENDERER_CLASS, DETAIL_RENDERER_CLASS)
VALUES ('316357c99f1746b1b633cd1511ca83cb', 0, 1, '/', 'e9241f7f707544c1aef78cfa45b217fe', '23', 'shippedCartonL', 1, 'PathRenderer', 'DetailRenderer');
INSERT INTO CNT_HISTORY_DEF_ITEM
 (ID, REVISION, ENTITY_VERSION, DOMAIN_ID, PARENT_ID, LINE_NO, FIELD_ID, TRACKING_LEVEL, PATH_RENDERER_CLASS, DETAIL_RENDERER_CLASS)
VALUES ('82b75ab76b0b49fa99b6143aa9ea2553', 0, 1, '/', 'e9241f7f707544c1aef78cfa45b217fe', '24', 'shippedCartonW', 1, 'PathRenderer', 'DetailRenderer');
INSERT INTO CNT_HISTORY_DEF_ITEM
 (ID, REVISION, ENTITY_VERSION, DOMAIN_ID, PARENT_ID, LINE_NO, FIELD_ID, TRACKING_LEVEL, PATH_RENDERER_CLASS, DETAIL_RENDERER_CLASS)
VALUES ('20203b8edbd84e22921b5bf09d822875', 0, 1, '/', 'e9241f7f707544c1aef78cfa45b217fe', '25', 'shippedCartonH', 1, 'PathRenderer', 'DetailRenderer');
INSERT INTO CNT_HISTORY_DEF_ITEM
 (ID, REVISION, ENTITY_VERSION, DOMAIN_ID, PARENT_ID, LINE_NO, FIELD_ID, TRACKING_LEVEL, PATH_RENDERER_CLASS, DETAIL_RENDERER_CLASS)
VALUES ('6c6a39502b1a42908cdb7997a5e42c1b', 0, 1, '/', 'e9241f7f707544c1aef78cfa45b217fe', '26', 'cbm', 1, 'PathRenderer', 'DetailRenderer');
INSERT INTO CNT_HISTORY_DEF_ITEM
 (ID, REVISION, ENTITY_VERSION, DOMAIN_ID, PARENT_ID, LINE_NO, FIELD_ID, TRACKING_LEVEL, PATH_RENDERER_CLASS, DETAIL_RENDERER_CLASS)
VALUES ('e133ce2d63b844ad9d8e775311f509aa', 0, 1, '/', 'e9241f7f707544c1aef78cfa45b217fe', '27', 'cft', 1, 'PathRenderer', 'DetailRenderer');
INSERT INTO CNT_HISTORY_DEF_ITEM
 (ID, REVISION, ENTITY_VERSION, DOMAIN_ID, PARENT_ID, LINE_NO, FIELD_ID, TRACKING_LEVEL, PATH_RENDERER_CLASS, DETAIL_RENDERER_CLASS)
VALUES ('93055d6887014c15a1c235743b0c3c83', 0, 1, '/', 'e9241f7f707544c1aef78cfa45b217fe', '28', 'weightUOM', 1, 'PathRenderer', 'DetailRenderer');
INSERT INTO CNT_HISTORY_DEF_ITEM
 (ID, REVISION, ENTITY_VERSION, DOMAIN_ID, PARENT_ID, LINE_NO, FIELD_ID, TRACKING_LEVEL, PATH_RENDERER_CLASS, DETAIL_RENDERER_CLASS)
VALUES ('7b5f6de57fed46aba56fcf9c0e835cba', 0, 1, '/', 'e9241f7f707544c1aef78cfa45b217fe', '29', 'grossWeight', 1, 'PathRenderer', 'DetailRenderer');
INSERT INTO CNT_HISTORY_DEF_ITEM
 (ID, REVISION, ENTITY_VERSION, DOMAIN_ID, PARENT_ID, LINE_NO, FIELD_ID, TRACKING_LEVEL, PATH_RENDERER_CLASS, DETAIL_RENDERER_CLASS)
VALUES ('daa0b862c45947139099a1b24ad4932a', 0, 1, '/', 'e9241f7f707544c1aef78cfa45b217fe', '30', 'netWeight', 1, 'PathRenderer', 'DetailRenderer');
INSERT INTO CNT_HISTORY_DEF_ITEM
 (ID, REVISION, ENTITY_VERSION, DOMAIN_ID, PARENT_ID, LINE_NO, FIELD_ID, TRACKING_LEVEL, PATH_RENDERER_CLASS, DETAIL_RENDERER_CLASS)
VALUES ('772b74a3c32846bdabe81792eff38107', 0, 1, '/', 'e9241f7f707544c1aef78cfa45b217fe', '31', 'forwarder', 1, 'PathRenderer', 'DetailRenderer');
INSERT INTO CNT_HISTORY_DEF_ITEM
 (ID, REVISION, ENTITY_VERSION, DOMAIN_ID, PARENT_ID, LINE_NO, FIELD_ID, TRACKING_LEVEL, PATH_RENDERER_CLASS, DETAIL_RENDERER_CLASS)
VALUES ('d0c16c15ab3a42d3bc334faca94f10e4', 0, 1, '/', 'e9241f7f707544c1aef78cfa45b217fe', '32', 'originalForwarder', 1, 'PathRenderer', 'DetailRenderer');
INSERT INTO CNT_HISTORY_DEF_ITEM
 (ID, REVISION, ENTITY_VERSION, DOMAIN_ID, PARENT_ID, LINE_NO, FIELD_ID, TRACKING_LEVEL, PATH_RENDERER_CLASS, DETAIL_RENDERER_CLASS)
VALUES ('4ad31e54b7bd4ce4be2318297f2dc220', 0, 1, '/', 'e9241f7f707544c1aef78cfa45b217fe', '33', 'vesselFlightNo', 1, 'PathRenderer', 'DetailRenderer');
INSERT INTO CNT_HISTORY_DEF_ITEM
 (ID, REVISION, ENTITY_VERSION, DOMAIN_ID, PARENT_ID, LINE_NO, FIELD_ID, TRACKING_LEVEL, PATH_RENDERER_CLASS, DETAIL_RENDERER_CLASS)
VALUES ('0e7643bab47d48fe818c7794da250f68', 0, 1, '/', 'e9241f7f707544c1aef78cfa45b217fe', '34', 'voyage', 1, 'PathRenderer', 'DetailRenderer');
INSERT INTO CNT_HISTORY_DEF_ITEM
 (ID, REVISION, ENTITY_VERSION, DOMAIN_ID, PARENT_ID, LINE_NO, FIELD_ID, TRACKING_LEVEL, PATH_RENDERER_CLASS, DETAIL_RENDERER_CLASS)
VALUES ('7e8f4f2e98e94d408d7fc320b266d60f', 0, 1, '/', 'e9241f7f707544c1aef78cfa45b217fe', '35', 'containerNo', 1, 'PathRenderer', 'DetailRenderer');
INSERT INTO CNT_HISTORY_DEF_ITEM
 (ID, REVISION, ENTITY_VERSION, DOMAIN_ID, PARENT_ID, LINE_NO, FIELD_ID, TRACKING_LEVEL, PATH_RENDERER_CLASS, DETAIL_RENDERER_CLASS)
VALUES ('d2eaca8a73cf4c2b92112357afbfbbbf', 0, 1, '/', 'e9241f7f707544c1aef78cfa45b217fe', '36', 'portOfLoading', 1, 'PathRenderer', 'DetailRenderer');
INSERT INTO CNT_HISTORY_DEF_ITEM
 (ID, REVISION, ENTITY_VERSION, DOMAIN_ID, PARENT_ID, LINE_NO, FIELD_ID, TRACKING_LEVEL, PATH_RENDERER_CLASS, DETAIL_RENDERER_CLASS)
VALUES ('f1cd5552b380489fa0067f0241c3b7ec', 0, 1, '/', 'e9241f7f707544c1aef78cfa45b217fe', '37', 'bookingDate', 1, 'PathRenderer', 'DetailRenderer');
INSERT INTO CNT_HISTORY_DEF_ITEM
 (ID, REVISION, ENTITY_VERSION, DOMAIN_ID, PARENT_ID, LINE_NO, FIELD_ID, TRACKING_LEVEL, PATH_RENDERER_CLASS, DETAIL_RENDERER_CLASS)
VALUES ('f82abcfe9dd148c9a04f5c39f7d868c2', 0, 1, '/', 'e9241f7f707544c1aef78cfa45b217fe', '38', 'actualDeliveryDate', 1, 'PathRenderer', 'DetailRenderer');
INSERT INTO CNT_HISTORY_DEF_ITEM
 (ID, REVISION, ENTITY_VERSION, DOMAIN_ID, PARENT_ID, LINE_NO, FIELD_ID, TRACKING_LEVEL, PATH_RENDERER_CLASS, DETAIL_RENDERER_CLASS)
VALUES ('44ae151c64ed46dbaeb61d1c654cad61', 0, 1, '/', 'e9241f7f707544c1aef78cfa45b217fe', '39', 'actualArrivalDate', 1, 'PathRenderer', 'DetailRenderer');
INSERT INTO CNT_HISTORY_DEF_ITEM
 (ID, REVISION, ENTITY_VERSION, DOMAIN_ID, PARENT_ID, LINE_NO, FIELD_ID, TRACKING_LEVEL, PATH_RENDERER_CLASS, DETAIL_RENDERER_CLASS)
VALUES ('9b666ec6ebe24bea811feefbfd2864e7', 0, 1, '/', 'e9241f7f707544c1aef78cfa45b217fe', '40', 'dispatchDate', 1, 'PathRenderer', 'DetailRenderer');
INSERT INTO CNT_HISTORY_DEF_ITEM
 (ID, REVISION, ENTITY_VERSION, DOMAIN_ID, PARENT_ID, LINE_NO, FIELD_ID, TRACKING_LEVEL, PATH_RENDERER_CLASS, DETAIL_RENDERER_CLASS)
VALUES ('2d8c99c5a25f4e12bea37d9227d06304', 0, 1, '/', 'e9241f7f707544c1aef78cfa45b217fe', '41', 'inDCDate', 1, 'PathRenderer', 'DetailRenderer');
INSERT INTO CNT_HISTORY_DEF_ITEM
 (ID, REVISION, ENTITY_VERSION, DOMAIN_ID, PARENT_ID, LINE_NO, FIELD_ID, TRACKING_LEVEL, PATH_RENDERER_CLASS, DETAIL_RENDERER_CLASS)
VALUES ('27cad9dc88d8436abeedc3b16d04cc49', 0, 1, '/', 'e9241f7f707544c1aef78cfa45b217fe', '42', 'viShipmentItemSizes', 1, 'PathRenderer', 'DetailRenderer');
INSERT INTO CNT_HISTORY_DEF_ITEM
 (ID, REVISION, ENTITY_VERSION, DOMAIN_ID, PARENT_ID, LINE_NO, FIELD_ID, TRACKING_LEVEL, PATH_RENDERER_CLASS, DETAIL_RENDERER_CLASS)
VALUES ('a5f129dc3d4542b084a6eac9b4ebe09a', 0, 1, '/', 'e9241f7f707544c1aef78cfa45b217fe', '43', 'viShipmentItemColors', 1, 'PathRenderer', 'DetailRenderer');
INSERT INTO CNT_HISTORY_DEF_ITEM
 (ID, REVISION, ENTITY_VERSION, DOMAIN_ID, PARENT_ID, LINE_NO, FIELD_ID, TRACKING_LEVEL, PATH_RENDERER_CLASS, DETAIL_RENDERER_CLASS)
VALUES ('a0774ce668614e7b936760be5d54f9f6', 0, 1, '/', 'e9241f7f707544c1aef78cfa45b217fe', '44', 'viShipmentItemCs', 1, 'PathRenderer', 'DetailRenderer');
INSERT INTO CNT_HISTORY_DEF_ITEM
 (ID, REVISION, ENTITY_VERSION, DOMAIN_ID, PARENT_ID, LINE_NO, FIELD_ID, TRACKING_LEVEL, PATH_RENDERER_CLASS, DETAIL_RENDERER_CLASS)
VALUES ('6a09c63cb95b46f2bd44b9cab34a1857', 0, 1, '/', 'e9241f7f707544c1aef78cfa45b217fe', '45', 'refNo', 0, 'PathRenderer', 'DetailRenderer');
INSERT INTO CNT_HISTORY_DEF_ITEM
 (ID, REVISION, ENTITY_VERSION, DOMAIN_ID, PARENT_ID, LINE_NO, FIELD_ID, TRACKING_LEVEL, PATH_RENDERER_CLASS, DETAIL_RENDERER_CLASS)
VALUES ('17bbcad84d7d4b968c4180c09b74660a', 0, 1, '/', 'e9241f7f707544c1aef78cfa45b217fe', '46', 'custText1', 1, 'PathRenderer', 'DetailRenderer');
INSERT INTO CNT_HISTORY_DEF_ITEM
 (ID, REVISION, ENTITY_VERSION, DOMAIN_ID, PARENT_ID, LINE_NO, FIELD_ID, TRACKING_LEVEL, PATH_RENDERER_CLASS, DETAIL_RENDERER_CLASS)
VALUES ('bd9f16dc1d784e73a52931bb159d3beb', 0, 1, '/', 'e9241f7f707544c1aef78cfa45b217fe', '47', 'custText2', 1, 'PathRenderer', 'DetailRenderer');
INSERT INTO CNT_HISTORY_DEF_ITEM
 (ID, REVISION, ENTITY_VERSION, DOMAIN_ID, PARENT_ID, LINE_NO, FIELD_ID, TRACKING_LEVEL, PATH_RENDERER_CLASS, DETAIL_RENDERER_CLASS)
VALUES ('1d5e22a623cc416a9016d10d0068f28a', 0, 1, '/', 'e9241f7f707544c1aef78cfa45b217fe', '48', 'custText3', 1, 'PathRenderer', 'DetailRenderer');
INSERT INTO CNT_HISTORY_DEF_ITEM
 (ID, REVISION, ENTITY_VERSION, DOMAIN_ID, PARENT_ID, LINE_NO, FIELD_ID, TRACKING_LEVEL, PATH_RENDERER_CLASS, DETAIL_RENDERER_CLASS)
VALUES ('cc16fcc4b86e4e2eb1fd21e2caccdc4a', 0, 1, '/', 'e9241f7f707544c1aef78cfa45b217fe', '49', 'custText4', 1, 'PathRenderer', 'DetailRenderer');
INSERT INTO CNT_HISTORY_DEF_ITEM
 (ID, REVISION, ENTITY_VERSION, DOMAIN_ID, PARENT_ID, LINE_NO, FIELD_ID, TRACKING_LEVEL, PATH_RENDERER_CLASS, DETAIL_RENDERER_CLASS)
VALUES ('b8391684d7b44cd9a92252f655fbdc50', 0, 1, '/', 'e9241f7f707544c1aef78cfa45b217fe', '50', 'custText5', 1, 'PathRenderer', 'DetailRenderer');
INSERT INTO CNT_HISTORY_DEF_ITEM
 (ID, REVISION, ENTITY_VERSION, DOMAIN_ID, PARENT_ID, LINE_NO, FIELD_ID, TRACKING_LEVEL, PATH_RENDERER_CLASS, DETAIL_RENDERER_CLASS)
VALUES ('2359a5d79ad7458ab0a9be407e080a87', 0, 1, '/', 'e9241f7f707544c1aef78cfa45b217fe', '51', 'custText6', 1, 'PathRenderer', 'DetailRenderer');
INSERT INTO CNT_HISTORY_DEF_ITEM
 (ID, REVISION, ENTITY_VERSION, DOMAIN_ID, PARENT_ID, LINE_NO, FIELD_ID, TRACKING_LEVEL, PATH_RENDERER_CLASS, DETAIL_RENDERER_CLASS)
VALUES ('f7506645aad0434b965c893ab9b349c8', 0, 1, '/', 'e9241f7f707544c1aef78cfa45b217fe', '52', 'custText7', 1, 'PathRenderer', 'DetailRenderer');
INSERT INTO CNT_HISTORY_DEF_ITEM
 (ID, REVISION, ENTITY_VERSION, DOMAIN_ID, PARENT_ID, LINE_NO, FIELD_ID, TRACKING_LEVEL, PATH_RENDERER_CLASS, DETAIL_RENDERER_CLASS)
VALUES ('5e34b65522a1468586db7cb0d9ec9651', 0, 1, '/', 'e9241f7f707544c1aef78cfa45b217fe', '53', 'custDate1', 1, 'PathRenderer', 'DetailRenderer');
INSERT INTO CNT_HISTORY_DEF_ITEM
 (ID, REVISION, ENTITY_VERSION, DOMAIN_ID, PARENT_ID, LINE_NO, FIELD_ID, TRACKING_LEVEL, PATH_RENDERER_CLASS, DETAIL_RENDERER_CLASS)
VALUES ('bf5fdc9fd2cb45adbb96522da1785508', 0, 1, '/', 'e9241f7f707544c1aef78cfa45b217fe', '54', 'custDate2', 1, 'PathRenderer', 'DetailRenderer');
INSERT INTO CNT_HISTORY_DEF_ITEM
 (ID, REVISION, ENTITY_VERSION, DOMAIN_ID, PARENT_ID, LINE_NO, FIELD_ID, TRACKING_LEVEL, PATH_RENDERER_CLASS, DETAIL_RENDERER_CLASS)
VALUES ('5eecdc4d219e46e89f802eeec6669d1d', 0, 1, '/', 'e9241f7f707544c1aef78cfa45b217fe', '55', 'custDate3', 1, 'PathRenderer', 'DetailRenderer');
INSERT INTO CNT_HISTORY_DEF_ITEM
 (ID, REVISION, ENTITY_VERSION, DOMAIN_ID, PARENT_ID, LINE_NO, FIELD_ID, TRACKING_LEVEL, PATH_RENDERER_CLASS, DETAIL_RENDERER_CLASS)
VALUES ('72e592e514eb44afa7336a14ede96266', 0, 1, '/', 'e9241f7f707544c1aef78cfa45b217fe', '56', 'custDate4', 1, 'PathRenderer', 'DetailRenderer');
INSERT INTO CNT_HISTORY_DEF_ITEM
 (ID, REVISION, ENTITY_VERSION, DOMAIN_ID, PARENT_ID, LINE_NO, FIELD_ID, TRACKING_LEVEL, PATH_RENDERER_CLASS, DETAIL_RENDERER_CLASS)
VALUES ('21b64dc1e80f4233b615cba2deda0bc8', 0, 1, '/', 'e9241f7f707544c1aef78cfa45b217fe', '57', 'custDate5', 1, 'PathRenderer', 'DetailRenderer');
INSERT INTO CNT_HISTORY_DEF_ITEM
 (ID, REVISION, ENTITY_VERSION, DOMAIN_ID, PARENT_ID, LINE_NO, FIELD_ID, TRACKING_LEVEL, PATH_RENDERER_CLASS, DETAIL_RENDERER_CLASS)
VALUES ('b1e21e32ee674cab8c015304a19ad031', 0, 1, '/', 'e9241f7f707544c1aef78cfa45b217fe', '58', 'custDate6', 1, 'PathRenderer', 'DetailRenderer');
INSERT INTO CNT_HISTORY_DEF_ITEM
 (ID, REVISION, ENTITY_VERSION, DOMAIN_ID, PARENT_ID, LINE_NO, FIELD_ID, TRACKING_LEVEL, PATH_RENDERER_CLASS, DETAIL_RENDERER_CLASS)
VALUES ('6291d542498849f6b7deb8398ba9ea44', 0, 1, '/', 'e9241f7f707544c1aef78cfa45b217fe', '59', 'custDate7', 1, 'PathRenderer', 'DetailRenderer');
INSERT INTO CNT_HISTORY_DEF_ITEM
 (ID, REVISION, ENTITY_VERSION, DOMAIN_ID, PARENT_ID, LINE_NO, FIELD_ID, TRACKING_LEVEL, PATH_RENDERER_CLASS, DETAIL_RENDERER_CLASS)
VALUES ('32faaee9c25b4a39abb9ed254bc4cda2', 0, 1, '/', 'e9241f7f707544c1aef78cfa45b217fe', '60', 'custNumber1', 1, 'PathRenderer', 'DetailRenderer');
INSERT INTO CNT_HISTORY_DEF_ITEM
 (ID, REVISION, ENTITY_VERSION, DOMAIN_ID, PARENT_ID, LINE_NO, FIELD_ID, TRACKING_LEVEL, PATH_RENDERER_CLASS, DETAIL_RENDERER_CLASS)
VALUES ('b2cff0e5fc174573bfe9b7e5fc8a781d', 0, 1, '/', 'e9241f7f707544c1aef78cfa45b217fe', '61', 'custNumber2', 1, 'PathRenderer', 'DetailRenderer');
INSERT INTO CNT_HISTORY_DEF_ITEM
 (ID, REVISION, ENTITY_VERSION, DOMAIN_ID, PARENT_ID, LINE_NO, FIELD_ID, TRACKING_LEVEL, PATH_RENDERER_CLASS, DETAIL_RENDERER_CLASS)
VALUES ('0f069c28b4de4cdc9c1768a65bb22415', 0, 1, '/', 'e9241f7f707544c1aef78cfa45b217fe', '62', 'custNumber3', 1, 'PathRenderer', 'DetailRenderer');
INSERT INTO CNT_HISTORY_DEF_ITEM
 (ID, REVISION, ENTITY_VERSION, DOMAIN_ID, PARENT_ID, LINE_NO, FIELD_ID, TRACKING_LEVEL, PATH_RENDERER_CLASS, DETAIL_RENDERER_CLASS)
VALUES ('93aca44d08b947cf9d262839b483ebb5', 0, 1, '/', 'e9241f7f707544c1aef78cfa45b217fe', '63', 'custNumber4', 1, 'PathRenderer', 'DetailRenderer');
INSERT INTO CNT_HISTORY_DEF_ITEM
 (ID, REVISION, ENTITY_VERSION, DOMAIN_ID, PARENT_ID, LINE_NO, FIELD_ID, TRACKING_LEVEL, PATH_RENDERER_CLASS, DETAIL_RENDERER_CLASS)
VALUES ('52a239cecb7d4bcbbe498c7ab815123b', 0, 1, '/', 'e9241f7f707544c1aef78cfa45b217fe', '64', 'custNumber5', 1, 'PathRenderer', 'DetailRenderer');
INSERT INTO CNT_HISTORY_DEF_ITEM
 (ID, REVISION, ENTITY_VERSION, DOMAIN_ID, PARENT_ID, LINE_NO, FIELD_ID, TRACKING_LEVEL, PATH_RENDERER_CLASS, DETAIL_RENDERER_CLASS)
VALUES ('396b14bc29394b2e851cd7488690c773', 0, 1, '/', 'e9241f7f707544c1aef78cfa45b217fe', '65', 'custNumber6', 1, 'PathRenderer', 'DetailRenderer');
INSERT INTO CNT_HISTORY_DEF_ITEM
 (ID, REVISION, ENTITY_VERSION, DOMAIN_ID, PARENT_ID, LINE_NO, FIELD_ID, TRACKING_LEVEL, PATH_RENDERER_CLASS, DETAIL_RENDERER_CLASS)
VALUES ('ac8beaecf3474fb4bbfa37ce22cff090', 0, 1, '/', 'e9241f7f707544c1aef78cfa45b217fe', '66', 'custNumber7', 1, 'PathRenderer', 'DetailRenderer');
INSERT INTO CNT_HISTORY_DEF_ITEM
 (ID, REVISION, ENTITY_VERSION, DOMAIN_ID, PARENT_ID, LINE_NO, FIELD_ID, TRACKING_LEVEL, PATH_RENDERER_CLASS, DETAIL_RENDERER_CLASS)
VALUES ('9a890713b0204e899b4de21d63264c50', 0, 1, '/', 'e9241f7f707544c1aef78cfa45b217fe', '67', 'custDecimal1', 1, 'PathRenderer', 'DetailRenderer');
INSERT INTO CNT_HISTORY_DEF_ITEM
 (ID, REVISION, ENTITY_VERSION, DOMAIN_ID, PARENT_ID, LINE_NO, FIELD_ID, TRACKING_LEVEL, PATH_RENDERER_CLASS, DETAIL_RENDERER_CLASS)
VALUES ('804c873600b24bca8ded7ad03ec64791', 0, 1, '/', 'e9241f7f707544c1aef78cfa45b217fe', '68', 'custDecimal2', 1, 'PathRenderer', 'DetailRenderer');
INSERT INTO CNT_HISTORY_DEF_ITEM
 (ID, REVISION, ENTITY_VERSION, DOMAIN_ID, PARENT_ID, LINE_NO, FIELD_ID, TRACKING_LEVEL, PATH_RENDERER_CLASS, DETAIL_RENDERER_CLASS)
VALUES ('a5cf3f35e2e745c6a49e334c4ca94800', 0, 1, '/', 'e9241f7f707544c1aef78cfa45b217fe', '69', 'custDecimal3', 1, 'PathRenderer', 'DetailRenderer');
INSERT INTO CNT_HISTORY_DEF_ITEM
 (ID, REVISION, ENTITY_VERSION, DOMAIN_ID, PARENT_ID, LINE_NO, FIELD_ID, TRACKING_LEVEL, PATH_RENDERER_CLASS, DETAIL_RENDERER_CLASS)
VALUES ('6791f004eda9472a9400fcf34802a239', 0, 1, '/', 'e9241f7f707544c1aef78cfa45b217fe', '70', 'custDecimal4', 1, 'PathRenderer', 'DetailRenderer');
INSERT INTO CNT_HISTORY_DEF_ITEM
 (ID, REVISION, ENTITY_VERSION, DOMAIN_ID, PARENT_ID, LINE_NO, FIELD_ID, TRACKING_LEVEL, PATH_RENDERER_CLASS, DETAIL_RENDERER_CLASS)
VALUES ('f6a1d74e17174d348fed539a725f349e', 0, 1, '/', 'e9241f7f707544c1aef78cfa45b217fe', '71', 'custDecimal5', 1, 'PathRenderer', 'DetailRenderer');
INSERT INTO CNT_HISTORY_DEF_ITEM
 (ID, REVISION, ENTITY_VERSION, DOMAIN_ID, PARENT_ID, LINE_NO, FIELD_ID, TRACKING_LEVEL, PATH_RENDERER_CLASS, DETAIL_RENDERER_CLASS)
VALUES ('f41d59955db14dafaa28a72972877708', 0, 1, '/', 'e9241f7f707544c1aef78cfa45b217fe', '72', 'custDecimal6', 1, 'PathRenderer', 'DetailRenderer');
INSERT INTO CNT_HISTORY_DEF_ITEM
 (ID, REVISION, ENTITY_VERSION, DOMAIN_ID, PARENT_ID, LINE_NO, FIELD_ID, TRACKING_LEVEL, PATH_RENDERER_CLASS, DETAIL_RENDERER_CLASS)
VALUES ('8b93ac3193b14688ba62cc335350d65b', 0, 1, '/', 'e9241f7f707544c1aef78cfa45b217fe', '73', 'custDecimal7', 1, 'PathRenderer', 'DetailRenderer');
INSERT INTO CNT_HISTORY_DEF_ITEM
 (ID, REVISION, ENTITY_VERSION, DOMAIN_ID, PARENT_ID, LINE_NO, FIELD_ID, TRACKING_LEVEL, PATH_RENDERER_CLASS, DETAIL_RENDERER_CLASS)
VALUES ('50bed408778c42f0b0df1b6f495c654b', 0, 1, '/', 'e9241f7f707544c1aef78cfa45b217fe', '74', 'custCodelist1', 1, 'PathRenderer', 'DetailRenderer');
INSERT INTO CNT_HISTORY_DEF_ITEM
 (ID, REVISION, ENTITY_VERSION, DOMAIN_ID, PARENT_ID, LINE_NO, FIELD_ID, TRACKING_LEVEL, PATH_RENDERER_CLASS, DETAIL_RENDERER_CLASS)
VALUES ('e866f9c90f5b49d0a9f647c8e9473ca3', 0, 1, '/', 'e9241f7f707544c1aef78cfa45b217fe', '75', 'custCodelist2', 1, 'PathRenderer', 'DetailRenderer');
INSERT INTO CNT_HISTORY_DEF_ITEM
 (ID, REVISION, ENTITY_VERSION, DOMAIN_ID, PARENT_ID, LINE_NO, FIELD_ID, TRACKING_LEVEL, PATH_RENDERER_CLASS, DETAIL_RENDERER_CLASS)
VALUES ('00c8ac5f7a064b5dafe9d2348b841596', 0, 1, '/', 'e9241f7f707544c1aef78cfa45b217fe', '76', 'custCodelist3', 1, 'PathRenderer', 'DetailRenderer');
INSERT INTO CNT_HISTORY_DEF_ITEM
 (ID, REVISION, ENTITY_VERSION, DOMAIN_ID, PARENT_ID, LINE_NO, FIELD_ID, TRACKING_LEVEL, PATH_RENDERER_CLASS, DETAIL_RENDERER_CLASS)
VALUES ('6f724cd5f62b4e37970d99e9daddac03', 0, 1, '/', 'e9241f7f707544c1aef78cfa45b217fe', '77', 'custCodelist4', 1, 'PathRenderer', 'DetailRenderer');
INSERT INTO CNT_HISTORY_DEF_ITEM
 (ID, REVISION, ENTITY_VERSION, DOMAIN_ID, PARENT_ID, LINE_NO, FIELD_ID, TRACKING_LEVEL, PATH_RENDERER_CLASS, DETAIL_RENDERER_CLASS)
VALUES ('fabfe62783b748dd9b1f835d6f986790', 0, 1, '/', 'e9241f7f707544c1aef78cfa45b217fe', '78', 'custCodelist5', 1, 'PathRenderer', 'DetailRenderer');
INSERT INTO CNT_HISTORY_DEF_ITEM
 (ID, REVISION, ENTITY_VERSION, DOMAIN_ID, PARENT_ID, LINE_NO, FIELD_ID, TRACKING_LEVEL, PATH_RENDERER_CLASS, DETAIL_RENDERER_CLASS)
VALUES ('0cfe96d1b31b40649aaff643e9d50bd6', 0, 1, '/', 'e9241f7f707544c1aef78cfa45b217fe', '79', 'custCodelist6', 1, 'PathRenderer', 'DetailRenderer');
INSERT INTO CNT_HISTORY_DEF_ITEM
 (ID, REVISION, ENTITY_VERSION, DOMAIN_ID, PARENT_ID, LINE_NO, FIELD_ID, TRACKING_LEVEL, PATH_RENDERER_CLASS, DETAIL_RENDERER_CLASS)
VALUES ('f3fefa0023ca46b78e697d413733823d', 0, 1, '/', 'e9241f7f707544c1aef78cfa45b217fe', '80', 'custCodelist7', 1, 'PathRenderer', 'DetailRenderer');
INSERT INTO CNT_HISTORY_DEF_ITEM
 (ID, REVISION, ENTITY_VERSION, DOMAIN_ID, PARENT_ID, LINE_NO, FIELD_ID, TRACKING_LEVEL, PATH_RENDERER_CLASS, DETAIL_RENDERER_CLASS)
VALUES ('0d143d6c8bf34c17967c50150d74a6db', 0, 1, '/', 'e9241f7f707544c1aef78cfa45b217fe', '81', 'custMemoText1', 1, 'PathRenderer', 'DetailRenderer');
INSERT INTO CNT_HISTORY_DEF_ITEM
 (ID, REVISION, ENTITY_VERSION, DOMAIN_ID, PARENT_ID, LINE_NO, FIELD_ID, TRACKING_LEVEL, PATH_RENDERER_CLASS, DETAIL_RENDERER_CLASS)
VALUES ('146015d6e5f54bec9a7bb054bdb64281', 0, 1, '/', 'e9241f7f707544c1aef78cfa45b217fe', '82', 'custMemoText2', 1, 'PathRenderer', 'DetailRenderer');
INSERT INTO CNT_HISTORY_DEF_ITEM
 (ID, REVISION, ENTITY_VERSION, DOMAIN_ID, PARENT_ID, LINE_NO, FIELD_ID, TRACKING_LEVEL, PATH_RENDERER_CLASS, DETAIL_RENDERER_CLASS)
VALUES ('e187682251304c7ba47670a72f54c3b0', 0, 1, '/', 'e9241f7f707544c1aef78cfa45b217fe', '83', 'custMemoText3', 1, 'PathRenderer', 'DetailRenderer');
INSERT INTO CNT_HISTORY_DEF_ITEM
 (ID, REVISION, ENTITY_VERSION, DOMAIN_ID, PARENT_ID, LINE_NO, FIELD_ID, TRACKING_LEVEL, PATH_RENDERER_CLASS, DETAIL_RENDERER_CLASS)
VALUES ('fcb0450074f8457199ce4f549332cace', 0, 1, '/', 'e9241f7f707544c1aef78cfa45b217fe', '84', 'custMemoText4', 1, 'PathRenderer', 'DetailRenderer');
INSERT INTO CNT_HISTORY_DEF_ITEM
 (ID, REVISION, ENTITY_VERSION, DOMAIN_ID, PARENT_ID, LINE_NO, FIELD_ID, TRACKING_LEVEL, PATH_RENDERER_CLASS, DETAIL_RENDERER_CLASS)
VALUES ('9f0c303cc4e945fd9fef1677ee800818', 0, 1, '/', 'e9241f7f707544c1aef78cfa45b217fe', '85', 'custMemoText5', 1, 'PathRenderer', 'DetailRenderer');
INSERT INTO CNT_HISTORY_DEF_ITEM
 (ID, REVISION, ENTITY_VERSION, DOMAIN_ID, PARENT_ID, LINE_NO, FIELD_ID, TRACKING_LEVEL, PATH_RENDERER_CLASS, DETAIL_RENDERER_CLASS)
VALUES ('e9f41250fd964cb9bbd8999b1ca7b5a7', 0, 1, '/', 'e9241f7f707544c1aef78cfa45b217fe', '86', 'custMemoText6', 1, 'PathRenderer', 'DetailRenderer');
INSERT INTO CNT_HISTORY_DEF_ITEM
 (ID, REVISION, ENTITY_VERSION, DOMAIN_ID, PARENT_ID, LINE_NO, FIELD_ID, TRACKING_LEVEL, PATH_RENDERER_CLASS, DETAIL_RENDERER_CLASS)
VALUES ('e80c5fea41824bc8859ecbec22e65b45', 0, 1, '/', 'e9241f7f707544c1aef78cfa45b217fe', '87', 'custMemoText7', 1, 'PathRenderer', 'DetailRenderer');
INSERT INTO CNT_HISTORY_DEF_ITEM
 (ID, REVISION, ENTITY_VERSION, DOMAIN_ID, PARENT_ID, LINE_NO, FIELD_ID, TRACKING_LEVEL, PATH_RENDERER_CLASS, DETAIL_RENDERER_CLASS)
VALUES ('fe12ed000a5d4e2694d26addd9249f69', 0, 1, '/', 'e9241f7f707544c1aef78cfa45b217fe', '88', 'custHcl1', 1, 'PathRenderer', 'DetailRenderer');
INSERT INTO CNT_HISTORY_DEF_ITEM
 (ID, REVISION, ENTITY_VERSION, DOMAIN_ID, PARENT_ID, LINE_NO, FIELD_ID, TRACKING_LEVEL, PATH_RENDERER_CLASS, DETAIL_RENDERER_CLASS)
VALUES ('a74cd40d45ba488290361608f42d4104', 0, 1, '/', 'e9241f7f707544c1aef78cfa45b217fe', '89', 'custHcl2', 1, 'PathRenderer', 'DetailRenderer');
INSERT INTO CNT_HISTORY_DEF_ITEM
 (ID, REVISION, ENTITY_VERSION, DOMAIN_ID, PARENT_ID, LINE_NO, FIELD_ID, TRACKING_LEVEL, PATH_RENDERER_CLASS, DETAIL_RENDERER_CLASS)
VALUES ('c231940e0ff142cb947c8a06e834e5bf', 0, 1, '/', 'e9241f7f707544c1aef78cfa45b217fe', '90', 'custHcl3', 1, 'PathRenderer', 'DetailRenderer');
INSERT INTO CNT_HISTORY_DEF_ITEM
 (ID, REVISION, ENTITY_VERSION, DOMAIN_ID, PARENT_ID, LINE_NO, FIELD_ID, TRACKING_LEVEL, PATH_RENDERER_CLASS, DETAIL_RENDERER_CLASS)
VALUES ('76fff6ec8cf84b138dc6c3ab6a313453', 0, 1, '/', 'e9241f7f707544c1aef78cfa45b217fe', '91', 'custHcl4', 1, 'PathRenderer', 'DetailRenderer');
INSERT INTO CNT_HISTORY_DEF_ITEM
 (ID, REVISION, ENTITY_VERSION, DOMAIN_ID, PARENT_ID, LINE_NO, FIELD_ID, TRACKING_LEVEL, PATH_RENDERER_CLASS, DETAIL_RENDERER_CLASS)
VALUES ('2a787d9607ae47aa8bf16b7f47b76f0f', 0, 1, '/', 'e9241f7f707544c1aef78cfa45b217fe', '92', 'custHcl5', 1, 'PathRenderer', 'DetailRenderer');
INSERT INTO CNT_HISTORY_DEF_ITEM
 (ID, REVISION, ENTITY_VERSION, DOMAIN_ID, PARENT_ID, LINE_NO, FIELD_ID, TRACKING_LEVEL, PATH_RENDERER_CLASS, DETAIL_RENDERER_CLASS)
VALUES ('b42db547283d4104b514b52b9e0d2af9', 0, 1, '/', 'e9241f7f707544c1aef78cfa45b217fe', '93', 'shipmentAdviceRef', 0, 'PathRenderer', 'DetailRenderer');
INSERT INTO CNT_HISTORY_DEF_ITEM
 (ID, REVISION, ENTITY_VERSION, DOMAIN_ID, PARENT_ID, LINE_NO, FIELD_ID, TRACKING_LEVEL, PATH_RENDERER_CLASS, DETAIL_RENDERER_CLASS)
VALUES ('e90f1ee989494418ac5e7cb325f5c332', 0, 1, '/', 'e9241f7f707544c1aef78cfa45b217fe', '94', 'shipmentAdviceVer', 0, 'PathRenderer', 'DetailRenderer');
INSERT INTO CNT_HISTORY_DEF_ITEM
 (ID, REVISION, ENTITY_VERSION, DOMAIN_ID, PARENT_ID, LINE_NO, FIELD_ID, TRACKING_LEVEL, PATH_RENDERER_CLASS, DETAIL_RENDERER_CLASS)
VALUES ('f7da6f03aa74429ba76dba856d02cdf9', 0, 1, '/', 'e9241f7f707544c1aef78cfa45b217fe', '95', 'itemRef', 0, 'PathRenderer', 'DetailRenderer');
INSERT INTO CNT_HISTORY_DEF_ITEM
 (ID, REVISION, ENTITY_VERSION, DOMAIN_ID, PARENT_ID, LINE_NO, FIELD_ID, TRACKING_LEVEL, PATH_RENDERER_CLASS, DETAIL_RENDERER_CLASS)
VALUES ('1ac8a8100e014eaa9b0d8d17457df67f', 0, 1, '/', 'e9241f7f707544c1aef78cfa45b217fe', '96', 'itemVer', 0, 'PathRenderer', 'DetailRenderer');
INSERT INTO CNT_HISTORY_DEF_ITEM
 (ID, REVISION, ENTITY_VERSION, DOMAIN_ID, PARENT_ID, LINE_NO, FIELD_ID, TRACKING_LEVEL, PATH_RENDERER_CLASS, DETAIL_RENDERER_CLASS)
VALUES ('a4270d358bc04b829447c9b9b856199e', 0, 1, '/', 'e9241f7f707544c1aef78cfa45b217fe', '97', 'vpoShipDtlRef', 0, 'PathRenderer', 'DetailRenderer');
INSERT INTO CNT_HISTORY_DEF_ITEM
 (ID, REVISION, ENTITY_VERSION, DOMAIN_ID, PARENT_ID, LINE_NO, FIELD_ID, TRACKING_LEVEL, PATH_RENDERER_CLASS, DETAIL_RENDERER_CLASS)
VALUES ('129311224b1341048137837ead9269c3', 0, 1, '/', 'e9241f7f707544c1aef78cfa45b217fe', '98', 'vpoShipDtlVer', 0, 'PathRenderer', 'DetailRenderer');
INSERT INTO CNT_HISTORY_DEF_ITEM
 (ID, REVISION, ENTITY_VERSION, DOMAIN_ID, PARENT_ID, LINE_NO, FIELD_ID, TRACKING_LEVEL, PATH_RENDERER_CLASS, DETAIL_RENDERER_CLASS)
VALUES ('b9de7874a9494a4da434c6b6918dcc31', 0, 1, '/', 'e9241f7f707544c1aef78cfa45b217fe', '99', 'vpoShipDtlRef2', 0, 'PathRenderer', 'DetailRenderer');
INSERT INTO CNT_HISTORY_DEF_ITEM
 (ID, REVISION, ENTITY_VERSION, DOMAIN_ID, PARENT_ID, LINE_NO, FIELD_ID, TRACKING_LEVEL, PATH_RENDERER_CLASS, DETAIL_RENDERER_CLASS)
VALUES ('212779790f724165828e022072c190e3', 0, 1, '/', 'e9241f7f707544c1aef78cfa45b217fe', '100', 'vpoRef', 0, 'PathRenderer', 'DetailRenderer');
INSERT INTO CNT_HISTORY_DEF_ITEM
 (ID, REVISION, ENTITY_VERSION, DOMAIN_ID, PARENT_ID, LINE_NO, FIELD_ID, TRACKING_LEVEL, PATH_RENDERER_CLASS, DETAIL_RENDERER_CLASS)
VALUES ('18bcba86224f4b97a67fdb8495484d44', 0, 1, '/', 'e9241f7f707544c1aef78cfa45b217fe', '101', 'vpoVer', 0, 'PathRenderer', 'DetailRenderer');
INSERT INTO CNT_HISTORY_DEF_ITEM
 (ID, REVISION, ENTITY_VERSION, DOMAIN_ID, PARENT_ID, LINE_NO, FIELD_ID, TRACKING_LEVEL, PATH_RENDERER_CLASS, DETAIL_RENDERER_CLASS)
VALUES ('4f06dccddf454c2b9847f80b6fb3180e', 0, 1, '/', 'e9241f7f707544c1aef78cfa45b217fe', '102', 'uomName', 0, 'PathRenderer', 'DetailRenderer');
INSERT INTO CNT_HISTORY_DEF_ITEM
 (ID, REVISION, ENTITY_VERSION, DOMAIN_ID, PARENT_ID, LINE_NO, FIELD_ID, TRACKING_LEVEL, PATH_RENDERER_CLASS, DETAIL_RENDERER_CLASS)
VALUES ('3ef71b25faf14ec7a8036ef346b62612', 0, 1, '/', 'e9241f7f707544c1aef78cfa45b217fe', '103', 'dimensionUOMName', 0, 'PathRenderer', 'DetailRenderer');
INSERT INTO CNT_HISTORY_DEF_ITEM
 (ID, REVISION, ENTITY_VERSION, DOMAIN_ID, PARENT_ID, LINE_NO, FIELD_ID, TRACKING_LEVEL, PATH_RENDERER_CLASS, DETAIL_RENDERER_CLASS)
VALUES ('b32d2f9bec9847f19e2ecf982132f3b5', 0, 1, '/', 'e9241f7f707544c1aef78cfa45b217fe', '104', 'weightUOMName', 0, 'PathRenderer', 'DetailRenderer');
INSERT INTO CNT_HISTORY_DEF_ITEM
 (ID, REVISION, ENTITY_VERSION, DOMAIN_ID, PARENT_ID, LINE_NO, FIELD_ID, TRACKING_LEVEL, PATH_RENDERER_CLASS, DETAIL_RENDERER_CLASS)
VALUES ('8d518a50d1ac423d99f1811cb612d1b6', 0, 1, '/', 'e9241f7f707544c1aef78cfa45b217fe', '105', 'forwarderRef', 0, 'PathRenderer', 'DetailRenderer');
INSERT INTO CNT_HISTORY_DEF_ITEM
 (ID, REVISION, ENTITY_VERSION, DOMAIN_ID, PARENT_ID, LINE_NO, FIELD_ID, TRACKING_LEVEL, PATH_RENDERER_CLASS, DETAIL_RENDERER_CLASS)
VALUES ('74465aa9a9cd450d98ab762f72bce248', 0, 1, '/', 'e9241f7f707544c1aef78cfa45b217fe', '106', 'forwarderVer', 0, 'PathRenderer', 'DetailRenderer');
INSERT INTO CNT_HISTORY_DEF_ITEM
 (ID, REVISION, ENTITY_VERSION, DOMAIN_ID, PARENT_ID, LINE_NO, FIELD_ID, TRACKING_LEVEL, PATH_RENDERER_CLASS, DETAIL_RENDERER_CLASS)
VALUES ('4827773854c747f89070278e39ee4569', 0, 1, '/', 'e9241f7f707544c1aef78cfa45b217fe', '107', 'originalForwarderRef', 0, 'PathRenderer', 'DetailRenderer');
INSERT INTO CNT_HISTORY_DEF_ITEM
 (ID, REVISION, ENTITY_VERSION, DOMAIN_ID, PARENT_ID, LINE_NO, FIELD_ID, TRACKING_LEVEL, PATH_RENDERER_CLASS, DETAIL_RENDERER_CLASS)
VALUES ('a89a493e3d7e4ce5a6b6863586694703', 0, 1, '/', 'e9241f7f707544c1aef78cfa45b217fe', '108', 'originalForwarderVer', 0, 'PathRenderer', 'DetailRenderer');
INSERT INTO CNT_HISTORY_DEF_ITEM
 (ID, REVISION, ENTITY_VERSION, DOMAIN_ID, PARENT_ID, LINE_NO, FIELD_ID, TRACKING_LEVEL, PATH_RENDERER_CLASS, DETAIL_RENDERER_CLASS)
VALUES ('bea9767c215a403c99414f0318ab59c5', 0, 1, '/', 'e9241f7f707544c1aef78cfa45b217fe', '109', 'portOfLoadingName', 0, 'PathRenderer', 'DetailRenderer');
INSERT INTO CNT_HISTORY_DEF_ITEM
 (ID, REVISION, ENTITY_VERSION, DOMAIN_ID, PARENT_ID, LINE_NO, FIELD_ID, TRACKING_LEVEL, PATH_RENDERER_CLASS, DETAIL_RENDERER_CLASS)
VALUES ('7f84f54408c64fadb3102b05feb8ab76', 0, 1, '/', 'e9241f7f707544c1aef78cfa45b217fe', '110', 'custCodelist1Name', 0, 'PathRenderer', 'DetailRenderer');
INSERT INTO CNT_HISTORY_DEF_ITEM
 (ID, REVISION, ENTITY_VERSION, DOMAIN_ID, PARENT_ID, LINE_NO, FIELD_ID, TRACKING_LEVEL, PATH_RENDERER_CLASS, DETAIL_RENDERER_CLASS)
VALUES ('05c68869e5e94d97a12644604d88c86a', 0, 1, '/', 'e9241f7f707544c1aef78cfa45b217fe', '111', 'custCodelist2Name', 0, 'PathRenderer', 'DetailRenderer');
INSERT INTO CNT_HISTORY_DEF_ITEM
 (ID, REVISION, ENTITY_VERSION, DOMAIN_ID, PARENT_ID, LINE_NO, FIELD_ID, TRACKING_LEVEL, PATH_RENDERER_CLASS, DETAIL_RENDERER_CLASS)
VALUES ('d8280a70232b44ad93fad3b4c80be31e', 0, 1, '/', 'e9241f7f707544c1aef78cfa45b217fe', '112', 'custCodelist3Name', 0, 'PathRenderer', 'DetailRenderer');
INSERT INTO CNT_HISTORY_DEF_ITEM
 (ID, REVISION, ENTITY_VERSION, DOMAIN_ID, PARENT_ID, LINE_NO, FIELD_ID, TRACKING_LEVEL, PATH_RENDERER_CLASS, DETAIL_RENDERER_CLASS)
VALUES ('8b4767e140bd4c958fe3a6b8173fea7d', 0, 1, '/', 'e9241f7f707544c1aef78cfa45b217fe', '113', 'custCodelist4Name', 0, 'PathRenderer', 'DetailRenderer');
INSERT INTO CNT_HISTORY_DEF_ITEM
 (ID, REVISION, ENTITY_VERSION, DOMAIN_ID, PARENT_ID, LINE_NO, FIELD_ID, TRACKING_LEVEL, PATH_RENDERER_CLASS, DETAIL_RENDERER_CLASS)
VALUES ('922dffc35dc44edd899294cbde3679c4', 0, 1, '/', 'e9241f7f707544c1aef78cfa45b217fe', '114', 'custCodelist5Name', 0, 'PathRenderer', 'DetailRenderer');
INSERT INTO CNT_HISTORY_DEF_ITEM
 (ID, REVISION, ENTITY_VERSION, DOMAIN_ID, PARENT_ID, LINE_NO, FIELD_ID, TRACKING_LEVEL, PATH_RENDERER_CLASS, DETAIL_RENDERER_CLASS)
VALUES ('9f66ee1b796842c1a45799f9198c3a24', 0, 1, '/', 'e9241f7f707544c1aef78cfa45b217fe', '115', 'custCodelist6Name', 0, 'PathRenderer', 'DetailRenderer');
INSERT INTO CNT_HISTORY_DEF_ITEM
 (ID, REVISION, ENTITY_VERSION, DOMAIN_ID, PARENT_ID, LINE_NO, FIELD_ID, TRACKING_LEVEL, PATH_RENDERER_CLASS, DETAIL_RENDERER_CLASS)
VALUES ('b38dc0024b2a42feb7486f0ce1d334a7', 0, 1, '/', 'e9241f7f707544c1aef78cfa45b217fe', '116', 'custCodelist7Name', 0, 'PathRenderer', 'DetailRenderer');
INSERT INTO CNT_HISTORY_DEF_ITEM
 (ID, REVISION, ENTITY_VERSION, DOMAIN_ID, PARENT_ID, LINE_NO, FIELD_ID, TRACKING_LEVEL, PATH_RENDERER_CLASS, DETAIL_RENDERER_CLASS)
VALUES ('74c8a540d30043f0a87f01945723b5ed', 0, 1, '/', 'e9241f7f707544c1aef78cfa45b217fe', '117', 'custHcl1Ref', 0, 'PathRenderer', 'DetailRenderer');
INSERT INTO CNT_HISTORY_DEF_ITEM
 (ID, REVISION, ENTITY_VERSION, DOMAIN_ID, PARENT_ID, LINE_NO, FIELD_ID, TRACKING_LEVEL, PATH_RENDERER_CLASS, DETAIL_RENDERER_CLASS)
VALUES ('33bcf8402838455e9937c98819dd2a53', 0, 1, '/', 'e9241f7f707544c1aef78cfa45b217fe', '118', 'custHcl1Ver', 0, 'PathRenderer', 'DetailRenderer');
INSERT INTO CNT_HISTORY_DEF_ITEM
 (ID, REVISION, ENTITY_VERSION, DOMAIN_ID, PARENT_ID, LINE_NO, FIELD_ID, TRACKING_LEVEL, PATH_RENDERER_CLASS, DETAIL_RENDERER_CLASS)
VALUES ('a32aa1711880403aa2e1641a35f5b5ce', 0, 1, '/', 'e9241f7f707544c1aef78cfa45b217fe', '119', 'custHcl1Ref2', 0, 'PathRenderer', 'DetailRenderer');
INSERT INTO CNT_HISTORY_DEF_ITEM
 (ID, REVISION, ENTITY_VERSION, DOMAIN_ID, PARENT_ID, LINE_NO, FIELD_ID, TRACKING_LEVEL, PATH_RENDERER_CLASS, DETAIL_RENDERER_CLASS)
VALUES ('7f3966c62d3b486b867700e5bd3f23ec', 0, 1, '/', 'e9241f7f707544c1aef78cfa45b217fe', '120', 'custHcl1FullLineage', 0, 'PathRenderer', 'DetailRenderer');
INSERT INTO CNT_HISTORY_DEF_ITEM
 (ID, REVISION, ENTITY_VERSION, DOMAIN_ID, PARENT_ID, LINE_NO, FIELD_ID, TRACKING_LEVEL, PATH_RENDERER_CLASS, DETAIL_RENDERER_CLASS)
VALUES ('38a09fc94f504f66a0a9a9df7c01218d', 0, 1, '/', 'e9241f7f707544c1aef78cfa45b217fe', '121', 'custHcl2Ref', 0, 'PathRenderer', 'DetailRenderer');
INSERT INTO CNT_HISTORY_DEF_ITEM
 (ID, REVISION, ENTITY_VERSION, DOMAIN_ID, PARENT_ID, LINE_NO, FIELD_ID, TRACKING_LEVEL, PATH_RENDERER_CLASS, DETAIL_RENDERER_CLASS)
VALUES ('6d91d7b9b7d145b5a447700b1b9a2520', 0, 1, '/', 'e9241f7f707544c1aef78cfa45b217fe', '122', 'custHcl2Ver', 0, 'PathRenderer', 'DetailRenderer');
INSERT INTO CNT_HISTORY_DEF_ITEM
 (ID, REVISION, ENTITY_VERSION, DOMAIN_ID, PARENT_ID, LINE_NO, FIELD_ID, TRACKING_LEVEL, PATH_RENDERER_CLASS, DETAIL_RENDERER_CLASS)
VALUES ('143360533cb940dba4de70ad0e3db3b7', 0, 1, '/', 'e9241f7f707544c1aef78cfa45b217fe', '123', 'custHcl2Ref2', 0, 'PathRenderer', 'DetailRenderer');
INSERT INTO CNT_HISTORY_DEF_ITEM
 (ID, REVISION, ENTITY_VERSION, DOMAIN_ID, PARENT_ID, LINE_NO, FIELD_ID, TRACKING_LEVEL, PATH_RENDERER_CLASS, DETAIL_RENDERER_CLASS)
VALUES ('3f9b8b22811e4aa195af7713c326e40b', 0, 1, '/', 'e9241f7f707544c1aef78cfa45b217fe', '124', 'custHcl2FullLineage', 0, 'PathRenderer', 'DetailRenderer');
INSERT INTO CNT_HISTORY_DEF_ITEM
 (ID, REVISION, ENTITY_VERSION, DOMAIN_ID, PARENT_ID, LINE_NO, FIELD_ID, TRACKING_LEVEL, PATH_RENDERER_CLASS, DETAIL_RENDERER_CLASS)
VALUES ('02164d6aead84ad6836f64a6813e8acd', 0, 1, '/', 'e9241f7f707544c1aef78cfa45b217fe', '125', 'custHcl3Ref', 0, 'PathRenderer', 'DetailRenderer');
INSERT INTO CNT_HISTORY_DEF_ITEM
 (ID, REVISION, ENTITY_VERSION, DOMAIN_ID, PARENT_ID, LINE_NO, FIELD_ID, TRACKING_LEVEL, PATH_RENDERER_CLASS, DETAIL_RENDERER_CLASS)
VALUES ('1d875bcbc742446a83a20bf9954ce0d5', 0, 1, '/', 'e9241f7f707544c1aef78cfa45b217fe', '126', 'custHcl3Ver', 0, 'PathRenderer', 'DetailRenderer');
INSERT INTO CNT_HISTORY_DEF_ITEM
 (ID, REVISION, ENTITY_VERSION, DOMAIN_ID, PARENT_ID, LINE_NO, FIELD_ID, TRACKING_LEVEL, PATH_RENDERER_CLASS, DETAIL_RENDERER_CLASS)
VALUES ('2f354fe4629642e2b3df2a5ee3bc3bce', 0, 1, '/', 'e9241f7f707544c1aef78cfa45b217fe', '127', 'custHcl3Ref2', 0, 'PathRenderer', 'DetailRenderer');
INSERT INTO CNT_HISTORY_DEF_ITEM
 (ID, REVISION, ENTITY_VERSION, DOMAIN_ID, PARENT_ID, LINE_NO, FIELD_ID, TRACKING_LEVEL, PATH_RENDERER_CLASS, DETAIL_RENDERER_CLASS)
VALUES ('ec31687dab71401a914d1f2076cc7a64', 0, 1, '/', 'e9241f7f707544c1aef78cfa45b217fe', '128', 'custHcl3FullLineage', 0, 'PathRenderer', 'DetailRenderer');
INSERT INTO CNT_HISTORY_DEF_ITEM
 (ID, REVISION, ENTITY_VERSION, DOMAIN_ID, PARENT_ID, LINE_NO, FIELD_ID, TRACKING_LEVEL, PATH_RENDERER_CLASS, DETAIL_RENDERER_CLASS)
VALUES ('01521b03539d40218ca89ec063ea2f5d', 0, 1, '/', 'e9241f7f707544c1aef78cfa45b217fe', '129', 'custHcl4Ref', 0, 'PathRenderer', 'DetailRenderer');
INSERT INTO CNT_HISTORY_DEF_ITEM
 (ID, REVISION, ENTITY_VERSION, DOMAIN_ID, PARENT_ID, LINE_NO, FIELD_ID, TRACKING_LEVEL, PATH_RENDERER_CLASS, DETAIL_RENDERER_CLASS)
VALUES ('ee8bf6f169ac4eba9552f6d6f9ccebff', 0, 1, '/', 'e9241f7f707544c1aef78cfa45b217fe', '130', 'custHcl4Ver', 0, 'PathRenderer', 'DetailRenderer');
INSERT INTO CNT_HISTORY_DEF_ITEM
 (ID, REVISION, ENTITY_VERSION, DOMAIN_ID, PARENT_ID, LINE_NO, FIELD_ID, TRACKING_LEVEL, PATH_RENDERER_CLASS, DETAIL_RENDERER_CLASS)
VALUES ('83d142e8030649b4bf8edc296b9760c8', 0, 1, '/', 'e9241f7f707544c1aef78cfa45b217fe', '131', 'custHcl4Ref2', 0, 'PathRenderer', 'DetailRenderer');
INSERT INTO CNT_HISTORY_DEF_ITEM
 (ID, REVISION, ENTITY_VERSION, DOMAIN_ID, PARENT_ID, LINE_NO, FIELD_ID, TRACKING_LEVEL, PATH_RENDERER_CLASS, DETAIL_RENDERER_CLASS)
VALUES ('9b6d43bcbc584c0197c3104b5129bc5f', 0, 1, '/', 'e9241f7f707544c1aef78cfa45b217fe', '132', 'custHcl4FullLineage', 0, 'PathRenderer', 'DetailRenderer');
INSERT INTO CNT_HISTORY_DEF_ITEM
 (ID, REVISION, ENTITY_VERSION, DOMAIN_ID, PARENT_ID, LINE_NO, FIELD_ID, TRACKING_LEVEL, PATH_RENDERER_CLASS, DETAIL_RENDERER_CLASS)
VALUES ('a9c9db49b05d4c1690066bd5af39995b', 0, 1, '/', 'e9241f7f707544c1aef78cfa45b217fe', '133', 'custHcl5Ref', 0, 'PathRenderer', 'DetailRenderer');
INSERT INTO CNT_HISTORY_DEF_ITEM
 (ID, REVISION, ENTITY_VERSION, DOMAIN_ID, PARENT_ID, LINE_NO, FIELD_ID, TRACKING_LEVEL, PATH_RENDERER_CLASS, DETAIL_RENDERER_CLASS)
VALUES ('a666ea056bdf4da78e60f8fb3881dd76', 0, 1, '/', 'e9241f7f707544c1aef78cfa45b217fe', '134', 'custHcl5Ver', 0, 'PathRenderer', 'DetailRenderer');
INSERT INTO CNT_HISTORY_DEF_ITEM
 (ID, REVISION, ENTITY_VERSION, DOMAIN_ID, PARENT_ID, LINE_NO, FIELD_ID, TRACKING_LEVEL, PATH_RENDERER_CLASS, DETAIL_RENDERER_CLASS)
VALUES ('65c354fd839e40ec85565f27c822fcf0', 0, 1, '/', 'e9241f7f707544c1aef78cfa45b217fe', '135', 'custHcl5Ref2', 0, 'PathRenderer', 'DetailRenderer');
INSERT INTO CNT_HISTORY_DEF_ITEM
 (ID, REVISION, ENTITY_VERSION, DOMAIN_ID, PARENT_ID, LINE_NO, FIELD_ID, TRACKING_LEVEL, PATH_RENDERER_CLASS, DETAIL_RENDERER_CLASS)
VALUES ('42945c489a3748f299aa0c267d66734f', 0, 1, '/', 'e9241f7f707544c1aef78cfa45b217fe', '136', 'custHcl5FullLineage', 0, 'PathRenderer', 'DetailRenderer');
INSERT INTO CNT_HISTORY_DEF
 (ID, REVISION, APPLY_ENTITY, ENTITY_VERSION, DOMAIN_ID , GENERATED, CREATE_USER, CREATE_USER_NAME, CREATED_ON)
VALUES ('6c3ed119746541d4bca269f4b7629608', 0, 'VIShipmentItemColor', 1, '/', 1, 'system', 'system', systimestamp);
INSERT INTO CNT_HISTORY_DEF_ITEM
 (ID, REVISION, ENTITY_VERSION, DOMAIN_ID, PARENT_ID, LINE_NO, FIELD_ID, TRACKING_LEVEL, PATH_RENDERER_CLASS, DETAIL_RENDERER_CLASS)
VALUES ('5a8d6215fc544ed3b5cbe8c9d6dc90fd', 0, 1, '/', '6c3ed119746541d4bca269f4b7629608', '0', 'id', 1, 'PathRenderer', 'DetailRenderer');
INSERT INTO CNT_HISTORY_DEF_ITEM
 (ID, REVISION, ENTITY_VERSION, DOMAIN_ID, PARENT_ID, LINE_NO, FIELD_ID, TRACKING_LEVEL, PATH_RENDERER_CLASS, DETAIL_RENDERER_CLASS)
VALUES ('0e0fb81075a7476d82eced2bb8220ea9', 0, 1, '/', '6c3ed119746541d4bca269f4b7629608', '1', 'revision', 1, 'PathRenderer', 'DetailRenderer');
INSERT INTO CNT_HISTORY_DEF_ITEM
 (ID, REVISION, ENTITY_VERSION, DOMAIN_ID, PARENT_ID, LINE_NO, FIELD_ID, TRACKING_LEVEL, PATH_RENDERER_CLASS, DETAIL_RENDERER_CLASS)
VALUES ('028340026832479aa0a7e49e3f727734', 0, 1, '/', '6c3ed119746541d4bca269f4b7629608', '2', 'entityVersion', 1, 'PathRenderer', 'DetailRenderer');
INSERT INTO CNT_HISTORY_DEF_ITEM
 (ID, REVISION, ENTITY_VERSION, DOMAIN_ID, PARENT_ID, LINE_NO, FIELD_ID, TRACKING_LEVEL, PATH_RENDERER_CLASS, DETAIL_RENDERER_CLASS)
VALUES ('67b150d01ceb42338a03cd0665b11959', 0, 1, '/', '6c3ed119746541d4bca269f4b7629608', '3', 'domainId', 1, 'PathRenderer', 'DetailRenderer');
INSERT INTO CNT_HISTORY_DEF_ITEM
 (ID, REVISION, ENTITY_VERSION, DOMAIN_ID, PARENT_ID, LINE_NO, FIELD_ID, TRACKING_LEVEL, PATH_RENDERER_CLASS, DETAIL_RENDERER_CLASS)
VALUES ('8adbbb72f3884c0187a1123c36b5db26', 0, 1, '/', '6c3ed119746541d4bca269f4b7629608', '4', 'hubDomainId', 1, 'PathRenderer', 'DetailRenderer');
INSERT INTO CNT_HISTORY_DEF_ITEM
 (ID, REVISION, ENTITY_VERSION, DOMAIN_ID, PARENT_ID, LINE_NO, FIELD_ID, TRACKING_LEVEL, PATH_RENDERER_CLASS, DETAIL_RENDERER_CLASS)
VALUES ('a03592abe13641b1a53c206e21a89392', 0, 1, '/', '6c3ed119746541d4bca269f4b7629608', '5', 'isForReference', 1, 'PathRenderer', 'DetailRenderer');
INSERT INTO CNT_HISTORY_DEF_ITEM
 (ID, REVISION, ENTITY_VERSION, DOMAIN_ID, PARENT_ID, LINE_NO, FIELD_ID, TRACKING_LEVEL, PATH_RENDERER_CLASS, DETAIL_RENDERER_CLASS)
VALUES ('ef633a4466114681be577f30e255dae2', 0, 1, '/', '6c3ed119746541d4bca269f4b7629608', '6', 'internalSeqNo', 1, 'PathRenderer', 'DetailRenderer');
INSERT INTO CNT_HISTORY_DEF_ITEM
 (ID, REVISION, ENTITY_VERSION, DOMAIN_ID, PARENT_ID, LINE_NO, FIELD_ID, TRACKING_LEVEL, PATH_RENDERER_CLASS, DETAIL_RENDERER_CLASS)
VALUES ('7aa57b6c4a494974a8790beec9615cb8', 0, 1, '/', '6c3ed119746541d4bca269f4b7629608', '7', 'viShipmentItemId', 1, 'PathRenderer', 'DetailRenderer');
INSERT INTO CNT_HISTORY_DEF_ITEM
 (ID, REVISION, ENTITY_VERSION, DOMAIN_ID, PARENT_ID, LINE_NO, FIELD_ID, TRACKING_LEVEL, PATH_RENDERER_CLASS, DETAIL_RENDERER_CLASS)
VALUES ('e191b338e044446ca547de926273d64f', 0, 1, '/', '6c3ed119746541d4bca269f4b7629608', '8', 'itemId', 1, 'PathRenderer', 'DetailRenderer');
INSERT INTO CNT_HISTORY_DEF_ITEM
 (ID, REVISION, ENTITY_VERSION, DOMAIN_ID, PARENT_ID, LINE_NO, FIELD_ID, TRACKING_LEVEL, PATH_RENDERER_CLASS, DETAIL_RENDERER_CLASS)
VALUES ('324c229cf6ab4f4ca04999927f208f25', 0, 1, '/', '6c3ed119746541d4bca269f4b7629608', '9', 'specId', 1, 'PathRenderer', 'DetailRenderer');
INSERT INTO CNT_HISTORY_DEF_ITEM
 (ID, REVISION, ENTITY_VERSION, DOMAIN_ID, PARENT_ID, LINE_NO, FIELD_ID, TRACKING_LEVEL, PATH_RENDERER_CLASS, DETAIL_RENDERER_CLASS)
VALUES ('a0f5725af28f485d847ce7db62876bf4', 0, 1, '/', '6c3ed119746541d4bca269f4b7629608', '10', 'specColorId', 1, 'PathRenderer', 'DetailRenderer');
INSERT INTO CNT_HISTORY_DEF_ITEM
 (ID, REVISION, ENTITY_VERSION, DOMAIN_ID, PARENT_ID, LINE_NO, FIELD_ID, TRACKING_LEVEL, PATH_RENDERER_CLASS, DETAIL_RENDERER_CLASS)
VALUES ('24d657dc88044dd1b696448a37a921a6', 0, 1, '/', '6c3ed119746541d4bca269f4b7629608', '11', 'vpoItemColor', 1, 'PathRenderer', 'DetailRenderer');
INSERT INTO CNT_HISTORY_DEF_ITEM
 (ID, REVISION, ENTITY_VERSION, DOMAIN_ID, PARENT_ID, LINE_NO, FIELD_ID, TRACKING_LEVEL, PATH_RENDERER_CLASS, DETAIL_RENDERER_CLASS)
VALUES ('6134b0739f604bb5b88179dc570cc212', 0, 1, '/', '6c3ed119746541d4bca269f4b7629608', '12', 'seq', 1, 'PathRenderer', 'DetailRenderer');
INSERT INTO CNT_HISTORY_DEF_ITEM
 (ID, REVISION, ENTITY_VERSION, DOMAIN_ID, PARENT_ID, LINE_NO, FIELD_ID, TRACKING_LEVEL, PATH_RENDERER_CLASS, DETAIL_RENDERER_CLASS)
VALUES ('ae7e066996304c56b1ee83d06c4d50a1', 0, 1, '/', '6c3ed119746541d4bca269f4b7629608', '13', 'colorCode', 1, 'PathRenderer', 'DetailRenderer');
INSERT INTO CNT_HISTORY_DEF_ITEM
 (ID, REVISION, ENTITY_VERSION, DOMAIN_ID, PARENT_ID, LINE_NO, FIELD_ID, TRACKING_LEVEL, PATH_RENDERER_CLASS, DETAIL_RENDERER_CLASS)
VALUES ('be11f40ff9b54b24b855a8e5845716ae', 0, 1, '/', '6c3ed119746541d4bca269f4b7629608', '14', 'colorName', 1, 'PathRenderer', 'DetailRenderer');
INSERT INTO CNT_HISTORY_DEF_ITEM
 (ID, REVISION, ENTITY_VERSION, DOMAIN_ID, PARENT_ID, LINE_NO, FIELD_ID, TRACKING_LEVEL, PATH_RENDERER_CLASS, DETAIL_RENDERER_CLASS)
VALUES ('32d9086f3630480a8d8877b3634f4641', 0, 1, '/', '6c3ed119746541d4bca269f4b7629608', '15', 'custText1', 1, 'PathRenderer', 'DetailRenderer');
INSERT INTO CNT_HISTORY_DEF_ITEM
 (ID, REVISION, ENTITY_VERSION, DOMAIN_ID, PARENT_ID, LINE_NO, FIELD_ID, TRACKING_LEVEL, PATH_RENDERER_CLASS, DETAIL_RENDERER_CLASS)
VALUES ('59ef5c06c733481191ee5e0acd6ff624', 0, 1, '/', '6c3ed119746541d4bca269f4b7629608', '16', 'custText2', 1, 'PathRenderer', 'DetailRenderer');
INSERT INTO CNT_HISTORY_DEF_ITEM
 (ID, REVISION, ENTITY_VERSION, DOMAIN_ID, PARENT_ID, LINE_NO, FIELD_ID, TRACKING_LEVEL, PATH_RENDERER_CLASS, DETAIL_RENDERER_CLASS)
VALUES ('e417b0fd47df48e1aec73416d22a4ed4', 0, 1, '/', '6c3ed119746541d4bca269f4b7629608', '17', 'custText3', 1, 'PathRenderer', 'DetailRenderer');
INSERT INTO CNT_HISTORY_DEF_ITEM
 (ID, REVISION, ENTITY_VERSION, DOMAIN_ID, PARENT_ID, LINE_NO, FIELD_ID, TRACKING_LEVEL, PATH_RENDERER_CLASS, DETAIL_RENDERER_CLASS)
VALUES ('3e159648aa1c42168896b72e2cb3f632', 0, 1, '/', '6c3ed119746541d4bca269f4b7629608', '18', 'custText4', 1, 'PathRenderer', 'DetailRenderer');
INSERT INTO CNT_HISTORY_DEF_ITEM
 (ID, REVISION, ENTITY_VERSION, DOMAIN_ID, PARENT_ID, LINE_NO, FIELD_ID, TRACKING_LEVEL, PATH_RENDERER_CLASS, DETAIL_RENDERER_CLASS)
VALUES ('0e11f5608b154d889a5a2f478ca41ddd', 0, 1, '/', '6c3ed119746541d4bca269f4b7629608', '19', 'custText5', 1, 'PathRenderer', 'DetailRenderer');
INSERT INTO CNT_HISTORY_DEF_ITEM
 (ID, REVISION, ENTITY_VERSION, DOMAIN_ID, PARENT_ID, LINE_NO, FIELD_ID, TRACKING_LEVEL, PATH_RENDERER_CLASS, DETAIL_RENDERER_CLASS)
VALUES ('96a2b30098e84572b3037174f4e82e90', 0, 1, '/', '6c3ed119746541d4bca269f4b7629608', '20', 'custText6', 1, 'PathRenderer', 'DetailRenderer');
INSERT INTO CNT_HISTORY_DEF_ITEM
 (ID, REVISION, ENTITY_VERSION, DOMAIN_ID, PARENT_ID, LINE_NO, FIELD_ID, TRACKING_LEVEL, PATH_RENDERER_CLASS, DETAIL_RENDERER_CLASS)
VALUES ('f7feaa5a56da4378868618dd14b2de3e', 0, 1, '/', '6c3ed119746541d4bca269f4b7629608', '21', 'custText7', 1, 'PathRenderer', 'DetailRenderer');
INSERT INTO CNT_HISTORY_DEF_ITEM
 (ID, REVISION, ENTITY_VERSION, DOMAIN_ID, PARENT_ID, LINE_NO, FIELD_ID, TRACKING_LEVEL, PATH_RENDERER_CLASS, DETAIL_RENDERER_CLASS)
VALUES ('d95a2e635d7b4ff98d9fe96929143d7b', 0, 1, '/', '6c3ed119746541d4bca269f4b7629608', '22', 'custDate1', 1, 'PathRenderer', 'DetailRenderer');
INSERT INTO CNT_HISTORY_DEF_ITEM
 (ID, REVISION, ENTITY_VERSION, DOMAIN_ID, PARENT_ID, LINE_NO, FIELD_ID, TRACKING_LEVEL, PATH_RENDERER_CLASS, DETAIL_RENDERER_CLASS)
VALUES ('199b31545d0b46b3a745fbee9c720bca', 0, 1, '/', '6c3ed119746541d4bca269f4b7629608', '23', 'custDate2', 1, 'PathRenderer', 'DetailRenderer');
INSERT INTO CNT_HISTORY_DEF_ITEM
 (ID, REVISION, ENTITY_VERSION, DOMAIN_ID, PARENT_ID, LINE_NO, FIELD_ID, TRACKING_LEVEL, PATH_RENDERER_CLASS, DETAIL_RENDERER_CLASS)
VALUES ('d5bf6cf9778f47fbac61f6a817b94645', 0, 1, '/', '6c3ed119746541d4bca269f4b7629608', '24', 'custDate3', 1, 'PathRenderer', 'DetailRenderer');
INSERT INTO CNT_HISTORY_DEF_ITEM
 (ID, REVISION, ENTITY_VERSION, DOMAIN_ID, PARENT_ID, LINE_NO, FIELD_ID, TRACKING_LEVEL, PATH_RENDERER_CLASS, DETAIL_RENDERER_CLASS)
VALUES ('393643a4679143a094574a0d0b22b6e2', 0, 1, '/', '6c3ed119746541d4bca269f4b7629608', '25', 'custDate4', 1, 'PathRenderer', 'DetailRenderer');
INSERT INTO CNT_HISTORY_DEF_ITEM
 (ID, REVISION, ENTITY_VERSION, DOMAIN_ID, PARENT_ID, LINE_NO, FIELD_ID, TRACKING_LEVEL, PATH_RENDERER_CLASS, DETAIL_RENDERER_CLASS)
VALUES ('e2a24c379fa84be5835f27b8baf213da', 0, 1, '/', '6c3ed119746541d4bca269f4b7629608', '26', 'custDate5', 1, 'PathRenderer', 'DetailRenderer');
INSERT INTO CNT_HISTORY_DEF_ITEM
 (ID, REVISION, ENTITY_VERSION, DOMAIN_ID, PARENT_ID, LINE_NO, FIELD_ID, TRACKING_LEVEL, PATH_RENDERER_CLASS, DETAIL_RENDERER_CLASS)
VALUES ('9aced1ed1b104a1aa30e7f00f4f545ea', 0, 1, '/', '6c3ed119746541d4bca269f4b7629608', '27', 'custDate6', 1, 'PathRenderer', 'DetailRenderer');
INSERT INTO CNT_HISTORY_DEF_ITEM
 (ID, REVISION, ENTITY_VERSION, DOMAIN_ID, PARENT_ID, LINE_NO, FIELD_ID, TRACKING_LEVEL, PATH_RENDERER_CLASS, DETAIL_RENDERER_CLASS)
VALUES ('0d91a4e343914804b4c237076781839e', 0, 1, '/', '6c3ed119746541d4bca269f4b7629608', '28', 'custDate7', 1, 'PathRenderer', 'DetailRenderer');
INSERT INTO CNT_HISTORY_DEF_ITEM
 (ID, REVISION, ENTITY_VERSION, DOMAIN_ID, PARENT_ID, LINE_NO, FIELD_ID, TRACKING_LEVEL, PATH_RENDERER_CLASS, DETAIL_RENDERER_CLASS)
VALUES ('ec4313e8888849b3801e7ce50491fe6b', 0, 1, '/', '6c3ed119746541d4bca269f4b7629608', '29', 'custNumber1', 1, 'PathRenderer', 'DetailRenderer');
INSERT INTO CNT_HISTORY_DEF_ITEM
 (ID, REVISION, ENTITY_VERSION, DOMAIN_ID, PARENT_ID, LINE_NO, FIELD_ID, TRACKING_LEVEL, PATH_RENDERER_CLASS, DETAIL_RENDERER_CLASS)
VALUES ('85afe30bdfde48f1b1ee0b730c9f2c43', 0, 1, '/', '6c3ed119746541d4bca269f4b7629608', '30', 'custNumber2', 1, 'PathRenderer', 'DetailRenderer');
INSERT INTO CNT_HISTORY_DEF_ITEM
 (ID, REVISION, ENTITY_VERSION, DOMAIN_ID, PARENT_ID, LINE_NO, FIELD_ID, TRACKING_LEVEL, PATH_RENDERER_CLASS, DETAIL_RENDERER_CLASS)
VALUES ('f477132fb254415da4f2a2f89ac058de', 0, 1, '/', '6c3ed119746541d4bca269f4b7629608', '31', 'custNumber3', 1, 'PathRenderer', 'DetailRenderer');
INSERT INTO CNT_HISTORY_DEF_ITEM
 (ID, REVISION, ENTITY_VERSION, DOMAIN_ID, PARENT_ID, LINE_NO, FIELD_ID, TRACKING_LEVEL, PATH_RENDERER_CLASS, DETAIL_RENDERER_CLASS)
VALUES ('37b3668eeaa64990aae9e7984e51e4b8', 0, 1, '/', '6c3ed119746541d4bca269f4b7629608', '32', 'custNumber4', 1, 'PathRenderer', 'DetailRenderer');
INSERT INTO CNT_HISTORY_DEF_ITEM
 (ID, REVISION, ENTITY_VERSION, DOMAIN_ID, PARENT_ID, LINE_NO, FIELD_ID, TRACKING_LEVEL, PATH_RENDERER_CLASS, DETAIL_RENDERER_CLASS)
VALUES ('b44b9b18e97d433cb669e51f3472016e', 0, 1, '/', '6c3ed119746541d4bca269f4b7629608', '33', 'custNumber5', 1, 'PathRenderer', 'DetailRenderer');
INSERT INTO CNT_HISTORY_DEF_ITEM
 (ID, REVISION, ENTITY_VERSION, DOMAIN_ID, PARENT_ID, LINE_NO, FIELD_ID, TRACKING_LEVEL, PATH_RENDERER_CLASS, DETAIL_RENDERER_CLASS)
VALUES ('883eab0b70dd492691f0de7f94a633c7', 0, 1, '/', '6c3ed119746541d4bca269f4b7629608', '34', 'custNumber6', 1, 'PathRenderer', 'DetailRenderer');
INSERT INTO CNT_HISTORY_DEF_ITEM
 (ID, REVISION, ENTITY_VERSION, DOMAIN_ID, PARENT_ID, LINE_NO, FIELD_ID, TRACKING_LEVEL, PATH_RENDERER_CLASS, DETAIL_RENDERER_CLASS)
VALUES ('6f2546249a08468aac0d015031f7c59c', 0, 1, '/', '6c3ed119746541d4bca269f4b7629608', '35', 'custNumber7', 1, 'PathRenderer', 'DetailRenderer');
INSERT INTO CNT_HISTORY_DEF_ITEM
 (ID, REVISION, ENTITY_VERSION, DOMAIN_ID, PARENT_ID, LINE_NO, FIELD_ID, TRACKING_LEVEL, PATH_RENDERER_CLASS, DETAIL_RENDERER_CLASS)
VALUES ('9de7e849d6034de3bb048f3849ea84be', 0, 1, '/', '6c3ed119746541d4bca269f4b7629608', '36', 'custDecimal1', 1, 'PathRenderer', 'DetailRenderer');
INSERT INTO CNT_HISTORY_DEF_ITEM
 (ID, REVISION, ENTITY_VERSION, DOMAIN_ID, PARENT_ID, LINE_NO, FIELD_ID, TRACKING_LEVEL, PATH_RENDERER_CLASS, DETAIL_RENDERER_CLASS)
VALUES ('c2ab822e350f4469aa760bdb00d4e5a7', 0, 1, '/', '6c3ed119746541d4bca269f4b7629608', '37', 'custDecimal2', 1, 'PathRenderer', 'DetailRenderer');
INSERT INTO CNT_HISTORY_DEF_ITEM
 (ID, REVISION, ENTITY_VERSION, DOMAIN_ID, PARENT_ID, LINE_NO, FIELD_ID, TRACKING_LEVEL, PATH_RENDERER_CLASS, DETAIL_RENDERER_CLASS)
VALUES ('ca60d3b2fc984ef38764ad67e54f4666', 0, 1, '/', '6c3ed119746541d4bca269f4b7629608', '38', 'custDecimal3', 1, 'PathRenderer', 'DetailRenderer');
INSERT INTO CNT_HISTORY_DEF_ITEM
 (ID, REVISION, ENTITY_VERSION, DOMAIN_ID, PARENT_ID, LINE_NO, FIELD_ID, TRACKING_LEVEL, PATH_RENDERER_CLASS, DETAIL_RENDERER_CLASS)
VALUES ('b8e7e0f5de00478daa6c487dd209b031', 0, 1, '/', '6c3ed119746541d4bca269f4b7629608', '39', 'custDecimal4', 1, 'PathRenderer', 'DetailRenderer');
INSERT INTO CNT_HISTORY_DEF_ITEM
 (ID, REVISION, ENTITY_VERSION, DOMAIN_ID, PARENT_ID, LINE_NO, FIELD_ID, TRACKING_LEVEL, PATH_RENDERER_CLASS, DETAIL_RENDERER_CLASS)
VALUES ('16ff66f3af0c4a2b976ed0e56b7a5ca3', 0, 1, '/', '6c3ed119746541d4bca269f4b7629608', '40', 'custDecimal5', 1, 'PathRenderer', 'DetailRenderer');
INSERT INTO CNT_HISTORY_DEF_ITEM
 (ID, REVISION, ENTITY_VERSION, DOMAIN_ID, PARENT_ID, LINE_NO, FIELD_ID, TRACKING_LEVEL, PATH_RENDERER_CLASS, DETAIL_RENDERER_CLASS)
VALUES ('4f40a5febbd646bd8b5df14769e13898', 0, 1, '/', '6c3ed119746541d4bca269f4b7629608', '41', 'custDecimal6', 1, 'PathRenderer', 'DetailRenderer');
INSERT INTO CNT_HISTORY_DEF_ITEM
 (ID, REVISION, ENTITY_VERSION, DOMAIN_ID, PARENT_ID, LINE_NO, FIELD_ID, TRACKING_LEVEL, PATH_RENDERER_CLASS, DETAIL_RENDERER_CLASS)
VALUES ('d02edcaa524046129c04f71df6a4110b', 0, 1, '/', '6c3ed119746541d4bca269f4b7629608', '42', 'custDecimal7', 1, 'PathRenderer', 'DetailRenderer');
INSERT INTO CNT_HISTORY_DEF_ITEM
 (ID, REVISION, ENTITY_VERSION, DOMAIN_ID, PARENT_ID, LINE_NO, FIELD_ID, TRACKING_LEVEL, PATH_RENDERER_CLASS, DETAIL_RENDERER_CLASS)
VALUES ('726cddba63c341098bf532abd25d94f5', 0, 1, '/', '6c3ed119746541d4bca269f4b7629608', '43', 'custCodelist1', 1, 'PathRenderer', 'DetailRenderer');
INSERT INTO CNT_HISTORY_DEF_ITEM
 (ID, REVISION, ENTITY_VERSION, DOMAIN_ID, PARENT_ID, LINE_NO, FIELD_ID, TRACKING_LEVEL, PATH_RENDERER_CLASS, DETAIL_RENDERER_CLASS)
VALUES ('2c8c66f1b98349358d1185dbc59809ed', 0, 1, '/', '6c3ed119746541d4bca269f4b7629608', '44', 'custCodelist2', 1, 'PathRenderer', 'DetailRenderer');
INSERT INTO CNT_HISTORY_DEF_ITEM
 (ID, REVISION, ENTITY_VERSION, DOMAIN_ID, PARENT_ID, LINE_NO, FIELD_ID, TRACKING_LEVEL, PATH_RENDERER_CLASS, DETAIL_RENDERER_CLASS)
VALUES ('76027e1d188f48a9b9c84e88ca9b927b', 0, 1, '/', '6c3ed119746541d4bca269f4b7629608', '45', 'custCodelist3', 1, 'PathRenderer', 'DetailRenderer');
INSERT INTO CNT_HISTORY_DEF_ITEM
 (ID, REVISION, ENTITY_VERSION, DOMAIN_ID, PARENT_ID, LINE_NO, FIELD_ID, TRACKING_LEVEL, PATH_RENDERER_CLASS, DETAIL_RENDERER_CLASS)
VALUES ('a65c3e6e3fd3427f8f957abfb3164097', 0, 1, '/', '6c3ed119746541d4bca269f4b7629608', '46', 'custCodelist4', 1, 'PathRenderer', 'DetailRenderer');
INSERT INTO CNT_HISTORY_DEF_ITEM
 (ID, REVISION, ENTITY_VERSION, DOMAIN_ID, PARENT_ID, LINE_NO, FIELD_ID, TRACKING_LEVEL, PATH_RENDERER_CLASS, DETAIL_RENDERER_CLASS)
VALUES ('a679740588d548f8a1547229db85eb38', 0, 1, '/', '6c3ed119746541d4bca269f4b7629608', '47', 'custCodelist5', 1, 'PathRenderer', 'DetailRenderer');
INSERT INTO CNT_HISTORY_DEF_ITEM
 (ID, REVISION, ENTITY_VERSION, DOMAIN_ID, PARENT_ID, LINE_NO, FIELD_ID, TRACKING_LEVEL, PATH_RENDERER_CLASS, DETAIL_RENDERER_CLASS)
VALUES ('fb4df9d0ffb94a3284daaa4e6ce77049', 0, 1, '/', '6c3ed119746541d4bca269f4b7629608', '48', 'custCodelist6', 1, 'PathRenderer', 'DetailRenderer');
INSERT INTO CNT_HISTORY_DEF_ITEM
 (ID, REVISION, ENTITY_VERSION, DOMAIN_ID, PARENT_ID, LINE_NO, FIELD_ID, TRACKING_LEVEL, PATH_RENDERER_CLASS, DETAIL_RENDERER_CLASS)
VALUES ('39f40baa591842f2aa36e7697cfa0824', 0, 1, '/', '6c3ed119746541d4bca269f4b7629608', '49', 'custCodelist7', 1, 'PathRenderer', 'DetailRenderer');
INSERT INTO CNT_HISTORY_DEF_ITEM
 (ID, REVISION, ENTITY_VERSION, DOMAIN_ID, PARENT_ID, LINE_NO, FIELD_ID, TRACKING_LEVEL, PATH_RENDERER_CLASS, DETAIL_RENDERER_CLASS)
VALUES ('744cd55a5a5f40fea2fd31bd529639f5', 0, 1, '/', '6c3ed119746541d4bca269f4b7629608', '50', 'custMemoText1', 1, 'PathRenderer', 'DetailRenderer');
INSERT INTO CNT_HISTORY_DEF_ITEM
 (ID, REVISION, ENTITY_VERSION, DOMAIN_ID, PARENT_ID, LINE_NO, FIELD_ID, TRACKING_LEVEL, PATH_RENDERER_CLASS, DETAIL_RENDERER_CLASS)
VALUES ('02796affd6054b248146bb73f013c8f8', 0, 1, '/', '6c3ed119746541d4bca269f4b7629608', '51', 'custMemoText2', 1, 'PathRenderer', 'DetailRenderer');
INSERT INTO CNT_HISTORY_DEF_ITEM
 (ID, REVISION, ENTITY_VERSION, DOMAIN_ID, PARENT_ID, LINE_NO, FIELD_ID, TRACKING_LEVEL, PATH_RENDERER_CLASS, DETAIL_RENDERER_CLASS)
VALUES ('cdb9aa91c83b47059c2a23f491e02a38', 0, 1, '/', '6c3ed119746541d4bca269f4b7629608', '52', 'custMemoText3', 1, 'PathRenderer', 'DetailRenderer');
INSERT INTO CNT_HISTORY_DEF_ITEM
 (ID, REVISION, ENTITY_VERSION, DOMAIN_ID, PARENT_ID, LINE_NO, FIELD_ID, TRACKING_LEVEL, PATH_RENDERER_CLASS, DETAIL_RENDERER_CLASS)
VALUES ('dd4f708c5d664672bb8ad50e15db0fa0', 0, 1, '/', '6c3ed119746541d4bca269f4b7629608', '53', 'custMemoText4', 1, 'PathRenderer', 'DetailRenderer');
INSERT INTO CNT_HISTORY_DEF_ITEM
 (ID, REVISION, ENTITY_VERSION, DOMAIN_ID, PARENT_ID, LINE_NO, FIELD_ID, TRACKING_LEVEL, PATH_RENDERER_CLASS, DETAIL_RENDERER_CLASS)
VALUES ('f1c61b4dea1e4ff18783bac7ad1ede76', 0, 1, '/', '6c3ed119746541d4bca269f4b7629608', '54', 'custMemoText5', 1, 'PathRenderer', 'DetailRenderer');
INSERT INTO CNT_HISTORY_DEF_ITEM
 (ID, REVISION, ENTITY_VERSION, DOMAIN_ID, PARENT_ID, LINE_NO, FIELD_ID, TRACKING_LEVEL, PATH_RENDERER_CLASS, DETAIL_RENDERER_CLASS)
VALUES ('6f14561f856e44a893ca3b3101d98d6f', 0, 1, '/', '6c3ed119746541d4bca269f4b7629608', '55', 'custMemoText6', 1, 'PathRenderer', 'DetailRenderer');
INSERT INTO CNT_HISTORY_DEF_ITEM
 (ID, REVISION, ENTITY_VERSION, DOMAIN_ID, PARENT_ID, LINE_NO, FIELD_ID, TRACKING_LEVEL, PATH_RENDERER_CLASS, DETAIL_RENDERER_CLASS)
VALUES ('111e2a8c99fd4cde99decf27db95ec4e', 0, 1, '/', '6c3ed119746541d4bca269f4b7629608', '56', 'custMemoText7', 1, 'PathRenderer', 'DetailRenderer');
INSERT INTO CNT_HISTORY_DEF_ITEM
 (ID, REVISION, ENTITY_VERSION, DOMAIN_ID, PARENT_ID, LINE_NO, FIELD_ID, TRACKING_LEVEL, PATH_RENDERER_CLASS, DETAIL_RENDERER_CLASS)
VALUES ('47bbe5d79ab34a84995fc50639c693d4', 0, 1, '/', '6c3ed119746541d4bca269f4b7629608', '57', 'custHcl1', 1, 'PathRenderer', 'DetailRenderer');
INSERT INTO CNT_HISTORY_DEF_ITEM
 (ID, REVISION, ENTITY_VERSION, DOMAIN_ID, PARENT_ID, LINE_NO, FIELD_ID, TRACKING_LEVEL, PATH_RENDERER_CLASS, DETAIL_RENDERER_CLASS)
VALUES ('9433ae63bd1e4bb5ae691f0d812a73ce', 0, 1, '/', '6c3ed119746541d4bca269f4b7629608', '58', 'custHcl2', 1, 'PathRenderer', 'DetailRenderer');
INSERT INTO CNT_HISTORY_DEF_ITEM
 (ID, REVISION, ENTITY_VERSION, DOMAIN_ID, PARENT_ID, LINE_NO, FIELD_ID, TRACKING_LEVEL, PATH_RENDERER_CLASS, DETAIL_RENDERER_CLASS)
VALUES ('ac6579839dd44928ad814f40d65835c5', 0, 1, '/', '6c3ed119746541d4bca269f4b7629608', '59', 'custHcl3', 1, 'PathRenderer', 'DetailRenderer');
INSERT INTO CNT_HISTORY_DEF_ITEM
 (ID, REVISION, ENTITY_VERSION, DOMAIN_ID, PARENT_ID, LINE_NO, FIELD_ID, TRACKING_LEVEL, PATH_RENDERER_CLASS, DETAIL_RENDERER_CLASS)
VALUES ('80840854dec24d8c8d3f67eb93136916', 0, 1, '/', '6c3ed119746541d4bca269f4b7629608', '60', 'custHcl4', 1, 'PathRenderer', 'DetailRenderer');
INSERT INTO CNT_HISTORY_DEF_ITEM
 (ID, REVISION, ENTITY_VERSION, DOMAIN_ID, PARENT_ID, LINE_NO, FIELD_ID, TRACKING_LEVEL, PATH_RENDERER_CLASS, DETAIL_RENDERER_CLASS)
VALUES ('e1fcd7ee51b34618893735a4d5587284', 0, 1, '/', '6c3ed119746541d4bca269f4b7629608', '61', 'custHcl5', 1, 'PathRenderer', 'DetailRenderer');
INSERT INTO CNT_HISTORY_DEF_ITEM
 (ID, REVISION, ENTITY_VERSION, DOMAIN_ID, PARENT_ID, LINE_NO, FIELD_ID, TRACKING_LEVEL, PATH_RENDERER_CLASS, DETAIL_RENDERER_CLASS)
VALUES ('8b68b506507e4baa8faacb05bc2455a1', 0, 1, '/', '6c3ed119746541d4bca269f4b7629608', '62', 'vpoItemColorRef', 0, 'PathRenderer', 'DetailRenderer');
INSERT INTO CNT_HISTORY_DEF_ITEM
 (ID, REVISION, ENTITY_VERSION, DOMAIN_ID, PARENT_ID, LINE_NO, FIELD_ID, TRACKING_LEVEL, PATH_RENDERER_CLASS, DETAIL_RENDERER_CLASS)
VALUES ('2a32a5ae4ee6492095ec94910acc9991', 0, 1, '/', '6c3ed119746541d4bca269f4b7629608', '63', 'vpoItemColorVer', 0, 'PathRenderer', 'DetailRenderer');
INSERT INTO CNT_HISTORY_DEF_ITEM
 (ID, REVISION, ENTITY_VERSION, DOMAIN_ID, PARENT_ID, LINE_NO, FIELD_ID, TRACKING_LEVEL, PATH_RENDERER_CLASS, DETAIL_RENDERER_CLASS)
VALUES ('a0f60a215e004d3e8b2948f7a45e1f1c', 0, 1, '/', '6c3ed119746541d4bca269f4b7629608', '64', 'vpoItemColorRef2', 0, 'PathRenderer', 'DetailRenderer');
INSERT INTO CNT_HISTORY_DEF_ITEM
 (ID, REVISION, ENTITY_VERSION, DOMAIN_ID, PARENT_ID, LINE_NO, FIELD_ID, TRACKING_LEVEL, PATH_RENDERER_CLASS, DETAIL_RENDERER_CLASS)
VALUES ('ce6f11c876b64d94b8383f4061c40b29', 0, 1, '/', '6c3ed119746541d4bca269f4b7629608', '65', 'custCodelist1Name', 0, 'PathRenderer', 'DetailRenderer');
INSERT INTO CNT_HISTORY_DEF_ITEM
 (ID, REVISION, ENTITY_VERSION, DOMAIN_ID, PARENT_ID, LINE_NO, FIELD_ID, TRACKING_LEVEL, PATH_RENDERER_CLASS, DETAIL_RENDERER_CLASS)
VALUES ('c3e3120fdd5e45bfafdf2e9bebb4192f', 0, 1, '/', '6c3ed119746541d4bca269f4b7629608', '66', 'custCodelist2Name', 0, 'PathRenderer', 'DetailRenderer');
INSERT INTO CNT_HISTORY_DEF_ITEM
 (ID, REVISION, ENTITY_VERSION, DOMAIN_ID, PARENT_ID, LINE_NO, FIELD_ID, TRACKING_LEVEL, PATH_RENDERER_CLASS, DETAIL_RENDERER_CLASS)
VALUES ('44bd061fe8d947bca0010dd85297fe6f', 0, 1, '/', '6c3ed119746541d4bca269f4b7629608', '67', 'custCodelist3Name', 0, 'PathRenderer', 'DetailRenderer');
INSERT INTO CNT_HISTORY_DEF_ITEM
 (ID, REVISION, ENTITY_VERSION, DOMAIN_ID, PARENT_ID, LINE_NO, FIELD_ID, TRACKING_LEVEL, PATH_RENDERER_CLASS, DETAIL_RENDERER_CLASS)
VALUES ('280fb6f6238341c3b3fe6c0c15b1c9da', 0, 1, '/', '6c3ed119746541d4bca269f4b7629608', '68', 'custCodelist4Name', 0, 'PathRenderer', 'DetailRenderer');
INSERT INTO CNT_HISTORY_DEF_ITEM
 (ID, REVISION, ENTITY_VERSION, DOMAIN_ID, PARENT_ID, LINE_NO, FIELD_ID, TRACKING_LEVEL, PATH_RENDERER_CLASS, DETAIL_RENDERER_CLASS)
VALUES ('f2237b17c2aa4f3b853572f2e55601ec', 0, 1, '/', '6c3ed119746541d4bca269f4b7629608', '69', 'custCodelist5Name', 0, 'PathRenderer', 'DetailRenderer');
INSERT INTO CNT_HISTORY_DEF_ITEM
 (ID, REVISION, ENTITY_VERSION, DOMAIN_ID, PARENT_ID, LINE_NO, FIELD_ID, TRACKING_LEVEL, PATH_RENDERER_CLASS, DETAIL_RENDERER_CLASS)
VALUES ('a07c8f223b764e62998ad917e9f719a0', 0, 1, '/', '6c3ed119746541d4bca269f4b7629608', '70', 'custCodelist6Name', 0, 'PathRenderer', 'DetailRenderer');
INSERT INTO CNT_HISTORY_DEF_ITEM
 (ID, REVISION, ENTITY_VERSION, DOMAIN_ID, PARENT_ID, LINE_NO, FIELD_ID, TRACKING_LEVEL, PATH_RENDERER_CLASS, DETAIL_RENDERER_CLASS)
VALUES ('fe86263094c142d6af0f2d9292f53e80', 0, 1, '/', '6c3ed119746541d4bca269f4b7629608', '71', 'custCodelist7Name', 0, 'PathRenderer', 'DetailRenderer');
INSERT INTO CNT_HISTORY_DEF_ITEM
 (ID, REVISION, ENTITY_VERSION, DOMAIN_ID, PARENT_ID, LINE_NO, FIELD_ID, TRACKING_LEVEL, PATH_RENDERER_CLASS, DETAIL_RENDERER_CLASS)
VALUES ('0c788336db6a47a09f08de68e559ae9a', 0, 1, '/', '6c3ed119746541d4bca269f4b7629608', '72', 'custHcl1Ref', 0, 'PathRenderer', 'DetailRenderer');
INSERT INTO CNT_HISTORY_DEF_ITEM
 (ID, REVISION, ENTITY_VERSION, DOMAIN_ID, PARENT_ID, LINE_NO, FIELD_ID, TRACKING_LEVEL, PATH_RENDERER_CLASS, DETAIL_RENDERER_CLASS)
VALUES ('74edf31c0a6c4afe8ea1d51d28fc4c19', 0, 1, '/', '6c3ed119746541d4bca269f4b7629608', '73', 'custHcl1Ver', 0, 'PathRenderer', 'DetailRenderer');
INSERT INTO CNT_HISTORY_DEF_ITEM
 (ID, REVISION, ENTITY_VERSION, DOMAIN_ID, PARENT_ID, LINE_NO, FIELD_ID, TRACKING_LEVEL, PATH_RENDERER_CLASS, DETAIL_RENDERER_CLASS)
VALUES ('e77580d2b0ed4cc4b0548d7b1e2711f8', 0, 1, '/', '6c3ed119746541d4bca269f4b7629608', '74', 'custHcl1Ref2', 0, 'PathRenderer', 'DetailRenderer');
INSERT INTO CNT_HISTORY_DEF_ITEM
 (ID, REVISION, ENTITY_VERSION, DOMAIN_ID, PARENT_ID, LINE_NO, FIELD_ID, TRACKING_LEVEL, PATH_RENDERER_CLASS, DETAIL_RENDERER_CLASS)
VALUES ('98ddb6b244f64676a4b841ad529c85dc', 0, 1, '/', '6c3ed119746541d4bca269f4b7629608', '75', 'custHcl1FullLineage', 0, 'PathRenderer', 'DetailRenderer');
INSERT INTO CNT_HISTORY_DEF_ITEM
 (ID, REVISION, ENTITY_VERSION, DOMAIN_ID, PARENT_ID, LINE_NO, FIELD_ID, TRACKING_LEVEL, PATH_RENDERER_CLASS, DETAIL_RENDERER_CLASS)
VALUES ('6ae489da2c36405f822143b9f1edc3a8', 0, 1, '/', '6c3ed119746541d4bca269f4b7629608', '76', 'custHcl2Ref', 0, 'PathRenderer', 'DetailRenderer');
INSERT INTO CNT_HISTORY_DEF_ITEM
 (ID, REVISION, ENTITY_VERSION, DOMAIN_ID, PARENT_ID, LINE_NO, FIELD_ID, TRACKING_LEVEL, PATH_RENDERER_CLASS, DETAIL_RENDERER_CLASS)
VALUES ('1916e434457343449a1c39fc63d97afd', 0, 1, '/', '6c3ed119746541d4bca269f4b7629608', '77', 'custHcl2Ver', 0, 'PathRenderer', 'DetailRenderer');
INSERT INTO CNT_HISTORY_DEF_ITEM
 (ID, REVISION, ENTITY_VERSION, DOMAIN_ID, PARENT_ID, LINE_NO, FIELD_ID, TRACKING_LEVEL, PATH_RENDERER_CLASS, DETAIL_RENDERER_CLASS)
VALUES ('fb14f1de591e4fe39b23b2eab8dddb38', 0, 1, '/', '6c3ed119746541d4bca269f4b7629608', '78', 'custHcl2Ref2', 0, 'PathRenderer', 'DetailRenderer');
INSERT INTO CNT_HISTORY_DEF_ITEM
 (ID, REVISION, ENTITY_VERSION, DOMAIN_ID, PARENT_ID, LINE_NO, FIELD_ID, TRACKING_LEVEL, PATH_RENDERER_CLASS, DETAIL_RENDERER_CLASS)
VALUES ('cedd1504644048168cb81a2404be0488', 0, 1, '/', '6c3ed119746541d4bca269f4b7629608', '79', 'custHcl2FullLineage', 0, 'PathRenderer', 'DetailRenderer');
INSERT INTO CNT_HISTORY_DEF_ITEM
 (ID, REVISION, ENTITY_VERSION, DOMAIN_ID, PARENT_ID, LINE_NO, FIELD_ID, TRACKING_LEVEL, PATH_RENDERER_CLASS, DETAIL_RENDERER_CLASS)
VALUES ('9604a622007e400fbe0f7b1afb3a0790', 0, 1, '/', '6c3ed119746541d4bca269f4b7629608', '80', 'custHcl3Ref', 0, 'PathRenderer', 'DetailRenderer');
INSERT INTO CNT_HISTORY_DEF_ITEM
 (ID, REVISION, ENTITY_VERSION, DOMAIN_ID, PARENT_ID, LINE_NO, FIELD_ID, TRACKING_LEVEL, PATH_RENDERER_CLASS, DETAIL_RENDERER_CLASS)
VALUES ('910cef5e08ce4efb9b0b7699ce23167c', 0, 1, '/', '6c3ed119746541d4bca269f4b7629608', '81', 'custHcl3Ver', 0, 'PathRenderer', 'DetailRenderer');
INSERT INTO CNT_HISTORY_DEF_ITEM
 (ID, REVISION, ENTITY_VERSION, DOMAIN_ID, PARENT_ID, LINE_NO, FIELD_ID, TRACKING_LEVEL, PATH_RENDERER_CLASS, DETAIL_RENDERER_CLASS)
VALUES ('7c1a3f102af8442b84ea1347b3bbd72f', 0, 1, '/', '6c3ed119746541d4bca269f4b7629608', '82', 'custHcl3Ref2', 0, 'PathRenderer', 'DetailRenderer');
INSERT INTO CNT_HISTORY_DEF_ITEM
 (ID, REVISION, ENTITY_VERSION, DOMAIN_ID, PARENT_ID, LINE_NO, FIELD_ID, TRACKING_LEVEL, PATH_RENDERER_CLASS, DETAIL_RENDERER_CLASS)
VALUES ('41a055f498cb482c9d0333e8e305cb93', 0, 1, '/', '6c3ed119746541d4bca269f4b7629608', '83', 'custHcl3FullLineage', 0, 'PathRenderer', 'DetailRenderer');
INSERT INTO CNT_HISTORY_DEF_ITEM
 (ID, REVISION, ENTITY_VERSION, DOMAIN_ID, PARENT_ID, LINE_NO, FIELD_ID, TRACKING_LEVEL, PATH_RENDERER_CLASS, DETAIL_RENDERER_CLASS)
VALUES ('1aabb1e9cad24bf79d830945bf3feebe', 0, 1, '/', '6c3ed119746541d4bca269f4b7629608', '84', 'custHcl4Ref', 0, 'PathRenderer', 'DetailRenderer');
INSERT INTO CNT_HISTORY_DEF_ITEM
 (ID, REVISION, ENTITY_VERSION, DOMAIN_ID, PARENT_ID, LINE_NO, FIELD_ID, TRACKING_LEVEL, PATH_RENDERER_CLASS, DETAIL_RENDERER_CLASS)
VALUES ('2ee854fd3f134d48b39d519eedc4ca6d', 0, 1, '/', '6c3ed119746541d4bca269f4b7629608', '85', 'custHcl4Ver', 0, 'PathRenderer', 'DetailRenderer');
INSERT INTO CNT_HISTORY_DEF_ITEM
 (ID, REVISION, ENTITY_VERSION, DOMAIN_ID, PARENT_ID, LINE_NO, FIELD_ID, TRACKING_LEVEL, PATH_RENDERER_CLASS, DETAIL_RENDERER_CLASS)
VALUES ('ca8de569b22d4c708b1ed2e1faf75c5d', 0, 1, '/', '6c3ed119746541d4bca269f4b7629608', '86', 'custHcl4Ref2', 0, 'PathRenderer', 'DetailRenderer');
INSERT INTO CNT_HISTORY_DEF_ITEM
 (ID, REVISION, ENTITY_VERSION, DOMAIN_ID, PARENT_ID, LINE_NO, FIELD_ID, TRACKING_LEVEL, PATH_RENDERER_CLASS, DETAIL_RENDERER_CLASS)
VALUES ('017cbc823dde48f0910a1cf922d67436', 0, 1, '/', '6c3ed119746541d4bca269f4b7629608', '87', 'custHcl4FullLineage', 0, 'PathRenderer', 'DetailRenderer');
INSERT INTO CNT_HISTORY_DEF_ITEM
 (ID, REVISION, ENTITY_VERSION, DOMAIN_ID, PARENT_ID, LINE_NO, FIELD_ID, TRACKING_LEVEL, PATH_RENDERER_CLASS, DETAIL_RENDERER_CLASS)
VALUES ('e923274a9279416d8415f8e75d4dc18a', 0, 1, '/', '6c3ed119746541d4bca269f4b7629608', '88', 'custHcl5Ref', 0, 'PathRenderer', 'DetailRenderer');
INSERT INTO CNT_HISTORY_DEF_ITEM
 (ID, REVISION, ENTITY_VERSION, DOMAIN_ID, PARENT_ID, LINE_NO, FIELD_ID, TRACKING_LEVEL, PATH_RENDERER_CLASS, DETAIL_RENDERER_CLASS)
VALUES ('cd991ac166ad489b8e3303619748c024', 0, 1, '/', '6c3ed119746541d4bca269f4b7629608', '89', 'custHcl5Ver', 0, 'PathRenderer', 'DetailRenderer');
INSERT INTO CNT_HISTORY_DEF_ITEM
 (ID, REVISION, ENTITY_VERSION, DOMAIN_ID, PARENT_ID, LINE_NO, FIELD_ID, TRACKING_LEVEL, PATH_RENDERER_CLASS, DETAIL_RENDERER_CLASS)
VALUES ('3f204595ce5d46a5a8f8badb7e45083e', 0, 1, '/', '6c3ed119746541d4bca269f4b7629608', '90', 'custHcl5Ref2', 0, 'PathRenderer', 'DetailRenderer');
INSERT INTO CNT_HISTORY_DEF_ITEM
 (ID, REVISION, ENTITY_VERSION, DOMAIN_ID, PARENT_ID, LINE_NO, FIELD_ID, TRACKING_LEVEL, PATH_RENDERER_CLASS, DETAIL_RENDERER_CLASS)
VALUES ('d55ff80ef65d40579389f7546c761f63', 0, 1, '/', '6c3ed119746541d4bca269f4b7629608', '91', 'custHcl5FullLineage', 0, 'PathRenderer', 'DetailRenderer');
INSERT INTO CNT_HISTORY_DEF
 (ID, REVISION, APPLY_ENTITY, ENTITY_VERSION, DOMAIN_ID , GENERATED, CREATE_USER, CREATE_USER_NAME, CREATED_ON)
VALUES ('a5d7a993c6374de3a01627cc1ffe83d4', 0, 'VendorInvoice', 1, '/', 1, 'system', 'system', systimestamp);
INSERT INTO CNT_HISTORY_DEF_ITEM
 (ID, REVISION, ENTITY_VERSION, DOMAIN_ID, PARENT_ID, LINE_NO, FIELD_ID, TRACKING_LEVEL, PATH_RENDERER_CLASS, DETAIL_RENDERER_CLASS)
VALUES ('328c1c60aaa3454882c1fc6f0673259b', 0, 1, '/', 'a5d7a993c6374de3a01627cc1ffe83d4', '0', 'id', 1, 'PathRenderer', 'DetailRenderer');
INSERT INTO CNT_HISTORY_DEF_ITEM
 (ID, REVISION, ENTITY_VERSION, DOMAIN_ID, PARENT_ID, LINE_NO, FIELD_ID, TRACKING_LEVEL, PATH_RENDERER_CLASS, DETAIL_RENDERER_CLASS)
VALUES ('ae8663bc0cd941e99246b472e8956616', 0, 1, '/', 'a5d7a993c6374de3a01627cc1ffe83d4', '1', 'revision', 1, 'PathRenderer', 'DetailRenderer');
INSERT INTO CNT_HISTORY_DEF_ITEM
 (ID, REVISION, ENTITY_VERSION, DOMAIN_ID, PARENT_ID, LINE_NO, FIELD_ID, TRACKING_LEVEL, PATH_RENDERER_CLASS, DETAIL_RENDERER_CLASS)
VALUES ('8c130aeedb5249ffaaedcaa7f1c066a7', 0, 1, '/', 'a5d7a993c6374de3a01627cc1ffe83d4', '2', 'entityVersion', 1, 'PathRenderer', 'DetailRenderer');
INSERT INTO CNT_HISTORY_DEF_ITEM
 (ID, REVISION, ENTITY_VERSION, DOMAIN_ID, PARENT_ID, LINE_NO, FIELD_ID, TRACKING_LEVEL, PATH_RENDERER_CLASS, DETAIL_RENDERER_CLASS)
VALUES ('86ad7c5fd67b44b19f6efff5e1c36118', 0, 1, '/', 'a5d7a993c6374de3a01627cc1ffe83d4', '3', 'domainId', 1, 'PathRenderer', 'DetailRenderer');
INSERT INTO CNT_HISTORY_DEF_ITEM
 (ID, REVISION, ENTITY_VERSION, DOMAIN_ID, PARENT_ID, LINE_NO, FIELD_ID, TRACKING_LEVEL, PATH_RENDERER_CLASS, DETAIL_RENDERER_CLASS)
VALUES ('59ab7c3a1b3848c88199729b860516fd', 0, 1, '/', 'a5d7a993c6374de3a01627cc1ffe83d4', '4', 'hubDomainId', 1, 'PathRenderer', 'DetailRenderer');
INSERT INTO CNT_HISTORY_DEF_ITEM
 (ID, REVISION, ENTITY_VERSION, DOMAIN_ID, PARENT_ID, LINE_NO, FIELD_ID, TRACKING_LEVEL, PATH_RENDERER_CLASS, DETAIL_RENDERER_CLASS)
VALUES ('e431a48e20954b1589d4d6b2f532a41b', 0, 1, '/', 'a5d7a993c6374de3a01627cc1ffe83d4', '5', 'isForReference', 1, 'PathRenderer', 'DetailRenderer');
INSERT INTO CNT_HISTORY_DEF_ITEM
 (ID, REVISION, ENTITY_VERSION, DOMAIN_ID, PARENT_ID, LINE_NO, FIELD_ID, TRACKING_LEVEL, PATH_RENDERER_CLASS, DETAIL_RENDERER_CLASS)
VALUES ('759cd5464b7740c6bc416b909d6de226', 0, 1, '/', 'a5d7a993c6374de3a01627cc1ffe83d4', '6', 'version', 1, 'PathRenderer', 'DetailRenderer');
INSERT INTO CNT_HISTORY_DEF_ITEM
 (ID, REVISION, ENTITY_VERSION, DOMAIN_ID, PARENT_ID, LINE_NO, FIELD_ID, TRACKING_LEVEL, PATH_RENDERER_CLASS, DETAIL_RENDERER_CLASS)
VALUES ('35d540e8ec004a15be2df1d52fe3ba17', 0, 1, '/', 'a5d7a993c6374de3a01627cc1ffe83d4', '7', 'status', 1, 'PathRenderer', 'DetailRenderer');
INSERT INTO CNT_HISTORY_DEF_ITEM
 (ID, REVISION, ENTITY_VERSION, DOMAIN_ID, PARENT_ID, LINE_NO, FIELD_ID, TRACKING_LEVEL, PATH_RENDERER_CLASS, DETAIL_RENDERER_CLASS)
VALUES ('2520eb4eaa5c49bb81c90a80d94d0406', 0, 1, '/', 'a5d7a993c6374de3a01627cc1ffe83d4', '8', 'docStatus', 1, 'PathRenderer', 'DetailRenderer');
INSERT INTO CNT_HISTORY_DEF_ITEM
 (ID, REVISION, ENTITY_VERSION, DOMAIN_ID, PARENT_ID, LINE_NO, FIELD_ID, TRACKING_LEVEL, PATH_RENDERER_CLASS, DETAIL_RENDERER_CLASS)
VALUES ('0df98b7ebdb646e0b788cedfaced96d0', 0, 1, '/', 'a5d7a993c6374de3a01627cc1ffe83d4', '9', 'editingStatus', 1, 'PathRenderer', 'DetailRenderer');
INSERT INTO CNT_HISTORY_DEF_ITEM
 (ID, REVISION, ENTITY_VERSION, DOMAIN_ID, PARENT_ID, LINE_NO, FIELD_ID, TRACKING_LEVEL, PATH_RENDERER_CLASS, DETAIL_RENDERER_CLASS)
VALUES ('6ee7a800e5da492e9438245523539bab', 0, 1, '/', 'a5d7a993c6374de3a01627cc1ffe83d4', '10', 'createUser', 1, 'PathRenderer', 'DetailRenderer');
INSERT INTO CNT_HISTORY_DEF_ITEM
 (ID, REVISION, ENTITY_VERSION, DOMAIN_ID, PARENT_ID, LINE_NO, FIELD_ID, TRACKING_LEVEL, PATH_RENDERER_CLASS, DETAIL_RENDERER_CLASS)
VALUES ('6e5ad4d81cd447c0bd6ee91ec883798d', 0, 1, '/', 'a5d7a993c6374de3a01627cc1ffe83d4', '11', 'createUserName', 1, 'PathRenderer', 'DetailRenderer');
INSERT INTO CNT_HISTORY_DEF_ITEM
 (ID, REVISION, ENTITY_VERSION, DOMAIN_ID, PARENT_ID, LINE_NO, FIELD_ID, TRACKING_LEVEL, PATH_RENDERER_CLASS, DETAIL_RENDERER_CLASS)
VALUES ('ddbffb98a9ae44ada64def2caf1e82bb', 0, 1, '/', 'a5d7a993c6374de3a01627cc1ffe83d4', '12', 'updateUser', 1, 'PathRenderer', 'DetailRenderer');
INSERT INTO CNT_HISTORY_DEF_ITEM
 (ID, REVISION, ENTITY_VERSION, DOMAIN_ID, PARENT_ID, LINE_NO, FIELD_ID, TRACKING_LEVEL, PATH_RENDERER_CLASS, DETAIL_RENDERER_CLASS)
VALUES ('67f99e6c2ae8402b87a5541fbf87ec1e', 0, 1, '/', 'a5d7a993c6374de3a01627cc1ffe83d4', '13', 'updateUserName', 1, 'PathRenderer', 'DetailRenderer');
INSERT INTO CNT_HISTORY_DEF_ITEM
 (ID, REVISION, ENTITY_VERSION, DOMAIN_ID, PARENT_ID, LINE_NO, FIELD_ID, TRACKING_LEVEL, PATH_RENDERER_CLASS, DETAIL_RENDERER_CLASS)
VALUES ('5fd3cf8385304f8b9f0f0bc768869b20', 0, 1, '/', 'a5d7a993c6374de3a01627cc1ffe83d4', '14', 'createdOn', 1, 'PathRenderer', 'DetailRenderer');
INSERT INTO CNT_HISTORY_DEF_ITEM
 (ID, REVISION, ENTITY_VERSION, DOMAIN_ID, PARENT_ID, LINE_NO, FIELD_ID, TRACKING_LEVEL, PATH_RENDERER_CLASS, DETAIL_RENDERER_CLASS)
VALUES ('872c7ceeb50d4b22ae7f3c5d777c9369', 0, 1, '/', 'a5d7a993c6374de3a01627cc1ffe83d4', '15', 'updatedOn', 1, 'PathRenderer', 'DetailRenderer');
INSERT INTO CNT_HISTORY_DEF_ITEM
 (ID, REVISION, ENTITY_VERSION, DOMAIN_ID, PARENT_ID, LINE_NO, FIELD_ID, TRACKING_LEVEL, PATH_RENDERER_CLASS, DETAIL_RENDERER_CLASS)
VALUES ('c7a0dadae2dc49c18a05bbdfd6da1720', 0, 1, '/', 'a5d7a993c6374de3a01627cc1ffe83d4', '16', 'integrationSource', 1, 'PathRenderer', 'DetailRenderer');
INSERT INTO CNT_HISTORY_DEF_ITEM
 (ID, REVISION, ENTITY_VERSION, DOMAIN_ID, PARENT_ID, LINE_NO, FIELD_ID, TRACKING_LEVEL, PATH_RENDERER_CLASS, DETAIL_RENDERER_CLASS)
VALUES ('6f516fed01f045dd8634b561c81d9d28', 0, 1, '/', 'a5d7a993c6374de3a01627cc1ffe83d4', '17', 'integrationStatus', 1, 'PathRenderer', 'DetailRenderer');
INSERT INTO CNT_HISTORY_DEF_ITEM
 (ID, REVISION, ENTITY_VERSION, DOMAIN_ID, PARENT_ID, LINE_NO, FIELD_ID, TRACKING_LEVEL, PATH_RENDERER_CLASS, DETAIL_RENDERER_CLASS)
VALUES ('7b7cc8e444154eb58fd2f0d1e8e7cf9c', 0, 1, '/', 'a5d7a993c6374de3a01627cc1ffe83d4', '18', 'integrationNote', 1, 'PathRenderer', 'DetailRenderer');
INSERT INTO CNT_HISTORY_DEF_ITEM
 (ID, REVISION, ENTITY_VERSION, DOMAIN_ID, PARENT_ID, LINE_NO, FIELD_ID, TRACKING_LEVEL, PATH_RENDERER_CLASS, DETAIL_RENDERER_CLASS)
VALUES ('ba3f276aa33442dba4181f3078791c72', 0, 1, '/', 'a5d7a993c6374de3a01627cc1ffe83d4', '19', 'isCpmInitialized', 1, 'PathRenderer', 'DetailRenderer');
INSERT INTO CNT_HISTORY_DEF_ITEM
 (ID, REVISION, ENTITY_VERSION, DOMAIN_ID, PARENT_ID, LINE_NO, FIELD_ID, TRACKING_LEVEL, PATH_RENDERER_CLASS, DETAIL_RENDERER_CLASS)
VALUES ('f8cafc1228354a64a4c703cf6b15bfbc', 0, 1, '/', 'a5d7a993c6374de3a01627cc1ffe83d4', '20', 'isLatest', 1, 'PathRenderer', 'DetailRenderer');
INSERT INTO CNT_HISTORY_DEF_ITEM
 (ID, REVISION, ENTITY_VERSION, DOMAIN_ID, PARENT_ID, LINE_NO, FIELD_ID, TRACKING_LEVEL, PATH_RENDERER_CLASS, DETAIL_RENDERER_CLASS)
VALUES ('fd54f68d80694e9182577918978a84f9', 0, 1, '/', 'a5d7a993c6374de3a01627cc1ffe83d4', '21', 'invoiceNo', 2, 'PathRenderer', 'DetailRenderer');
INSERT INTO CNT_HISTORY_DEF_ITEM
 (ID, REVISION, ENTITY_VERSION, DOMAIN_ID, PARENT_ID, LINE_NO, FIELD_ID, TRACKING_LEVEL, PATH_RENDERER_CLASS, DETAIL_RENDERER_CLASS)
VALUES ('1fa62a5dce49451a9e02e1277dbf8360', 0, 1, '/', 'a5d7a993c6374de3a01627cc1ffe83d4', '22', 'shortDescription', 1, 'PathRenderer', 'DetailRenderer');
INSERT INTO CNT_HISTORY_DEF_ITEM
 (ID, REVISION, ENTITY_VERSION, DOMAIN_ID, PARENT_ID, LINE_NO, FIELD_ID, TRACKING_LEVEL, PATH_RENDERER_CLASS, DETAIL_RENDERER_CLASS)
VALUES ('608cd41493ee46ac9386336e739db49e', 0, 1, '/', 'a5d7a993c6374de3a01627cc1ffe83d4', '23', 'invoiceDate', 2, 'PathRenderer', 'DetailRenderer');
INSERT INTO CNT_HISTORY_DEF_ITEM
 (ID, REVISION, ENTITY_VERSION, DOMAIN_ID, PARENT_ID, LINE_NO, FIELD_ID, TRACKING_LEVEL, PATH_RENDERER_CLASS, DETAIL_RENDERER_CLASS)
VALUES ('e3fcbbc4956647baae505b526e01c4df', 0, 1, '/', 'a5d7a993c6374de3a01627cc1ffe83d4', '24', 'season', 2, 'PathRenderer', 'DetailRenderer');
INSERT INTO CNT_HISTORY_DEF_ITEM
 (ID, REVISION, ENTITY_VERSION, DOMAIN_ID, PARENT_ID, LINE_NO, FIELD_ID, TRACKING_LEVEL, PATH_RENDERER_CLASS, DETAIL_RENDERER_CLASS)
VALUES ('16d9112090cd446989af786913fb787c', 0, 1, '/', 'a5d7a993c6374de3a01627cc1ffe83d4', '25', 'vendor', 2, 'PathRenderer', 'DetailRenderer');
INSERT INTO CNT_HISTORY_DEF_ITEM
 (ID, REVISION, ENTITY_VERSION, DOMAIN_ID, PARENT_ID, LINE_NO, FIELD_ID, TRACKING_LEVEL, PATH_RENDERER_CLASS, DETAIL_RENDERER_CLASS)
VALUES ('ad55d926046146d2bc106b2f55b88d01', 0, 1, '/', 'a5d7a993c6374de3a01627cc1ffe83d4', '26', 'vendorDocNo', 2, 'PathRenderer', 'DetailRenderer');
INSERT INTO CNT_HISTORY_DEF_ITEM
 (ID, REVISION, ENTITY_VERSION, DOMAIN_ID, PARENT_ID, LINE_NO, FIELD_ID, TRACKING_LEVEL, PATH_RENDERER_CLASS, DETAIL_RENDERER_CLASS)
VALUES ('72cce71036344ea2b7f4d88fdacafdc4', 0, 1, '/', 'a5d7a993c6374de3a01627cc1ffe83d4', '27', 'paymentMethod', 1, 'PathRenderer', 'DetailRenderer');
INSERT INTO CNT_HISTORY_DEF_ITEM
 (ID, REVISION, ENTITY_VERSION, DOMAIN_ID, PARENT_ID, LINE_NO, FIELD_ID, TRACKING_LEVEL, PATH_RENDERER_CLASS, DETAIL_RENDERER_CLASS)
VALUES ('e87e0c5bfe65471783c233e10bc09eb0', 0, 1, '/', 'a5d7a993c6374de3a01627cc1ffe83d4', '28', 'bankLCNo', 2, 'PathRenderer', 'DetailRenderer');
INSERT INTO CNT_HISTORY_DEF_ITEM
 (ID, REVISION, ENTITY_VERSION, DOMAIN_ID, PARENT_ID, LINE_NO, FIELD_ID, TRACKING_LEVEL, PATH_RENDERER_CLASS, DETAIL_RENDERER_CLASS)
VALUES ('39fc79d166564bb1a5061b4be8dab7d2', 0, 1, '/', 'a5d7a993c6374de3a01627cc1ffe83d4', '29', 'currency', 2, 'PathRenderer', 'DetailRenderer');
INSERT INTO CNT_HISTORY_DEF_ITEM
 (ID, REVISION, ENTITY_VERSION, DOMAIN_ID, PARENT_ID, LINE_NO, FIELD_ID, TRACKING_LEVEL, PATH_RENDERER_CLASS, DETAIL_RENDERER_CLASS)
VALUES ('59f0772ae3ec479aab849f6f34c59313', 0, 1, '/', 'a5d7a993c6374de3a01627cc1ffe83d4', '30', 'totalItems', 2, 'PathRenderer', 'DetailRenderer');
INSERT INTO CNT_HISTORY_DEF_ITEM
 (ID, REVISION, ENTITY_VERSION, DOMAIN_ID, PARENT_ID, LINE_NO, FIELD_ID, TRACKING_LEVEL, PATH_RENDERER_CLASS, DETAIL_RENDERER_CLASS)
VALUES ('60e89447ede54583b1010a33a0654ef1', 0, 1, '/', 'a5d7a993c6374de3a01627cc1ffe83d4', '31', 'totalQty', 2, 'PathRenderer', 'DetailRenderer');
INSERT INTO CNT_HISTORY_DEF_ITEM
 (ID, REVISION, ENTITY_VERSION, DOMAIN_ID, PARENT_ID, LINE_NO, FIELD_ID, TRACKING_LEVEL, PATH_RENDERER_CLASS, DETAIL_RENDERER_CLASS)
VALUES ('81acd5241b864718bd8d58d129bbb007', 0, 1, '/', 'a5d7a993c6374de3a01627cc1ffe83d4', '32', 'totalAmt', 2, 'PathRenderer', 'DetailRenderer');
INSERT INTO CNT_HISTORY_DEF_ITEM
 (ID, REVISION, ENTITY_VERSION, DOMAIN_ID, PARENT_ID, LINE_NO, FIELD_ID, TRACKING_LEVEL, PATH_RENDERER_CLASS, DETAIL_RENDERER_CLASS)
VALUES ('b8ea366271fb4d0ab0e9b12b56773319', 0, 1, '/', 'a5d7a993c6374de3a01627cc1ffe83d4', '33', 'incoterm', 1, 'PathRenderer', 'DetailRenderer');
INSERT INTO CNT_HISTORY_DEF_ITEM
 (ID, REVISION, ENTITY_VERSION, DOMAIN_ID, PARENT_ID, LINE_NO, FIELD_ID, TRACKING_LEVEL, PATH_RENDERER_CLASS, DETAIL_RENDERER_CLASS)
VALUES ('b652bae67ee24890b88d95169cda6833', 0, 1, '/', 'a5d7a993c6374de3a01627cc1ffe83d4', '34', 'paymentTerm', 1, 'PathRenderer', 'DetailRenderer');
INSERT INTO CNT_HISTORY_DEF_ITEM
 (ID, REVISION, ENTITY_VERSION, DOMAIN_ID, PARENT_ID, LINE_NO, FIELD_ID, TRACKING_LEVEL, PATH_RENDERER_CLASS, DETAIL_RENDERER_CLASS)
VALUES ('497c551e3afb4a309cceaa420f42c0b4', 0, 1, '/', 'a5d7a993c6374de3a01627cc1ffe83d4', '35', 'paymentInstructions', 1, 'PathRenderer', 'DetailRenderer');
INSERT INTO CNT_HISTORY_DEF_ITEM
 (ID, REVISION, ENTITY_VERSION, DOMAIN_ID, PARENT_ID, LINE_NO, FIELD_ID, TRACKING_LEVEL, PATH_RENDERER_CLASS, DETAIL_RENDERER_CLASS)
VALUES ('3e5c151ab55841f6b37973dbbce1bb71', 0, 1, '/', 'a5d7a993c6374de3a01627cc1ffe83d4', '36', 'otherTerms', 1, 'PathRenderer', 'DetailRenderer');
INSERT INTO CNT_HISTORY_DEF_ITEM
 (ID, REVISION, ENTITY_VERSION, DOMAIN_ID, PARENT_ID, LINE_NO, FIELD_ID, TRACKING_LEVEL, PATH_RENDERER_CLASS, DETAIL_RENDERER_CLASS)
VALUES ('8ab037cb0a714871a45ac93437b47c1d', 0, 1, '/', 'a5d7a993c6374de3a01627cc1ffe83d4', '37', 'merchandiseHierarchy', 2, 'PathRenderer', 'DetailRenderer');
INSERT INTO CNT_HISTORY_DEF_ITEM
 (ID, REVISION, ENTITY_VERSION, DOMAIN_ID, PARENT_ID, LINE_NO, FIELD_ID, TRACKING_LEVEL, PATH_RENDERER_CLASS, DETAIL_RENDERER_CLASS)
VALUES ('adcf3d620b834e169d47e26f99e7b891', 0, 1, '/', 'a5d7a993c6374de3a01627cc1ffe83d4', '38', 'vendorInvoiceShipItems', 1, 'PathRenderer', 'DetailRenderer');
INSERT INTO CNT_HISTORY_DEF_ITEM
 (ID, REVISION, ENTITY_VERSION, DOMAIN_ID, PARENT_ID, LINE_NO, FIELD_ID, TRACKING_LEVEL, PATH_RENDERER_CLASS, DETAIL_RENDERER_CLASS)
VALUES ('7d56997bb3104858bbb9b1e64185cab3', 0, 1, '/', 'a5d7a993c6374de3a01627cc1ffe83d4', '39', 'vendorInvoiceContacts', 1, 'PathRenderer', 'DetailRenderer');
INSERT INTO CNT_HISTORY_DEF_ITEM
 (ID, REVISION, ENTITY_VERSION, DOMAIN_ID, PARENT_ID, LINE_NO, FIELD_ID, TRACKING_LEVEL, PATH_RENDERER_CLASS, DETAIL_RENDERER_CLASS)
VALUES ('b708a9d0090b4cfea55d3d4c4219f490', 0, 1, '/', 'a5d7a993c6374de3a01627cc1ffe83d4', '40', 'vendorInvoiceAddresses', 1, 'PathRenderer', 'DetailRenderer');
INSERT INTO CNT_HISTORY_DEF_ITEM
 (ID, REVISION, ENTITY_VERSION, DOMAIN_ID, PARENT_ID, LINE_NO, FIELD_ID, TRACKING_LEVEL, PATH_RENDERER_CLASS, DETAIL_RENDERER_CLASS)
VALUES ('9dec99315d9e40e4a235a54e7df6887a', 0, 1, '/', 'a5d7a993c6374de3a01627cc1ffe83d4', '41', 'vendorInvoiceCharges', 1, 'PathRenderer', 'DetailRenderer');
INSERT INTO CNT_HISTORY_DEF_ITEM
 (ID, REVISION, ENTITY_VERSION, DOMAIN_ID, PARENT_ID, LINE_NO, FIELD_ID, TRACKING_LEVEL, PATH_RENDERER_CLASS, DETAIL_RENDERER_CLASS)
VALUES ('014f703a9a854fc38987ab5686408be7', 0, 1, '/', 'a5d7a993c6374de3a01627cc1ffe83d4', '42', 'vendorInvoiceChargeOnDocs', 1, 'PathRenderer', 'DetailRenderer');
INSERT INTO CNT_HISTORY_DEF_ITEM
 (ID, REVISION, ENTITY_VERSION, DOMAIN_ID, PARENT_ID, LINE_NO, FIELD_ID, TRACKING_LEVEL, PATH_RENDERER_CLASS, DETAIL_RENDERER_CLASS)
VALUES ('4fea0183e30e41f48db3742a5c0ec528', 0, 1, '/', 'a5d7a993c6374de3a01627cc1ffe83d4', '43', 'vendorInvoiceAttachments', 1, 'PathRenderer', 'DetailRenderer');
INSERT INTO CNT_HISTORY_DEF_ITEM
 (ID, REVISION, ENTITY_VERSION, DOMAIN_ID, PARENT_ID, LINE_NO, FIELD_ID, TRACKING_LEVEL, PATH_RENDERER_CLASS, DETAIL_RENDERER_CLASS)
VALUES ('0f8434ea5ced43eda4c28c99cd9892f2', 0, 1, '/', 'a5d7a993c6374de3a01627cc1ffe83d4', '44', 'refNo', 0, 'PathRenderer', 'DetailRenderer');
INSERT INTO CNT_HISTORY_DEF_ITEM
 (ID, REVISION, ENTITY_VERSION, DOMAIN_ID, PARENT_ID, LINE_NO, FIELD_ID, TRACKING_LEVEL, PATH_RENDERER_CLASS, DETAIL_RENDERER_CLASS)
VALUES ('15a9dca561524657acf71c0bfb199ce3', 0, 1, '/', 'a5d7a993c6374de3a01627cc1ffe83d4', '45', 'custText1', 1, 'PathRenderer', 'DetailRenderer');
INSERT INTO CNT_HISTORY_DEF_ITEM
 (ID, REVISION, ENTITY_VERSION, DOMAIN_ID, PARENT_ID, LINE_NO, FIELD_ID, TRACKING_LEVEL, PATH_RENDERER_CLASS, DETAIL_RENDERER_CLASS)
VALUES ('c6bd87fe8cbf4b8d857d800429c5b4b9', 0, 1, '/', 'a5d7a993c6374de3a01627cc1ffe83d4', '46', 'custText2', 1, 'PathRenderer', 'DetailRenderer');
INSERT INTO CNT_HISTORY_DEF_ITEM
 (ID, REVISION, ENTITY_VERSION, DOMAIN_ID, PARENT_ID, LINE_NO, FIELD_ID, TRACKING_LEVEL, PATH_RENDERER_CLASS, DETAIL_RENDERER_CLASS)
VALUES ('0a27de8f2ed24fb4a3a4a57185931116', 0, 1, '/', 'a5d7a993c6374de3a01627cc1ffe83d4', '47', 'custText3', 1, 'PathRenderer', 'DetailRenderer');
INSERT INTO CNT_HISTORY_DEF_ITEM
 (ID, REVISION, ENTITY_VERSION, DOMAIN_ID, PARENT_ID, LINE_NO, FIELD_ID, TRACKING_LEVEL, PATH_RENDERER_CLASS, DETAIL_RENDERER_CLASS)
VALUES ('ff98bbb053904bbf9998e26f39d51568', 0, 1, '/', 'a5d7a993c6374de3a01627cc1ffe83d4', '48', 'custText4', 1, 'PathRenderer', 'DetailRenderer');
INSERT INTO CNT_HISTORY_DEF_ITEM
 (ID, REVISION, ENTITY_VERSION, DOMAIN_ID, PARENT_ID, LINE_NO, FIELD_ID, TRACKING_LEVEL, PATH_RENDERER_CLASS, DETAIL_RENDERER_CLASS)
VALUES ('d6d917bfd050457fb046e88a6a6b9309', 0, 1, '/', 'a5d7a993c6374de3a01627cc1ffe83d4', '49', 'custText5', 1, 'PathRenderer', 'DetailRenderer');
INSERT INTO CNT_HISTORY_DEF_ITEM
 (ID, REVISION, ENTITY_VERSION, DOMAIN_ID, PARENT_ID, LINE_NO, FIELD_ID, TRACKING_LEVEL, PATH_RENDERER_CLASS, DETAIL_RENDERER_CLASS)
VALUES ('ab8a89daf81d4e07807fc99b870e1789', 0, 1, '/', 'a5d7a993c6374de3a01627cc1ffe83d4', '50', 'custText6', 1, 'PathRenderer', 'DetailRenderer');
INSERT INTO CNT_HISTORY_DEF_ITEM
 (ID, REVISION, ENTITY_VERSION, DOMAIN_ID, PARENT_ID, LINE_NO, FIELD_ID, TRACKING_LEVEL, PATH_RENDERER_CLASS, DETAIL_RENDERER_CLASS)
VALUES ('924da25b356d412992ebc7ce97cefab4', 0, 1, '/', 'a5d7a993c6374de3a01627cc1ffe83d4', '51', 'custText7', 1, 'PathRenderer', 'DetailRenderer');
INSERT INTO CNT_HISTORY_DEF_ITEM
 (ID, REVISION, ENTITY_VERSION, DOMAIN_ID, PARENT_ID, LINE_NO, FIELD_ID, TRACKING_LEVEL, PATH_RENDERER_CLASS, DETAIL_RENDERER_CLASS)
VALUES ('3001406c8823430991be23f0a4971f5d', 0, 1, '/', 'a5d7a993c6374de3a01627cc1ffe83d4', '52', 'custDate1', 1, 'PathRenderer', 'DetailRenderer');
INSERT INTO CNT_HISTORY_DEF_ITEM
 (ID, REVISION, ENTITY_VERSION, DOMAIN_ID, PARENT_ID, LINE_NO, FIELD_ID, TRACKING_LEVEL, PATH_RENDERER_CLASS, DETAIL_RENDERER_CLASS)
VALUES ('7b4dcfb35c4943a5b1a366034bc6ae4f', 0, 1, '/', 'a5d7a993c6374de3a01627cc1ffe83d4', '53', 'custDate2', 1, 'PathRenderer', 'DetailRenderer');
INSERT INTO CNT_HISTORY_DEF_ITEM
 (ID, REVISION, ENTITY_VERSION, DOMAIN_ID, PARENT_ID, LINE_NO, FIELD_ID, TRACKING_LEVEL, PATH_RENDERER_CLASS, DETAIL_RENDERER_CLASS)
VALUES ('570b280e943e4327b0d1eea014c5ca30', 0, 1, '/', 'a5d7a993c6374de3a01627cc1ffe83d4', '54', 'custDate3', 1, 'PathRenderer', 'DetailRenderer');
INSERT INTO CNT_HISTORY_DEF_ITEM
 (ID, REVISION, ENTITY_VERSION, DOMAIN_ID, PARENT_ID, LINE_NO, FIELD_ID, TRACKING_LEVEL, PATH_RENDERER_CLASS, DETAIL_RENDERER_CLASS)
VALUES ('dd63a004c1624fd7b3c632a949b11ace', 0, 1, '/', 'a5d7a993c6374de3a01627cc1ffe83d4', '55', 'custDate4', 1, 'PathRenderer', 'DetailRenderer');
INSERT INTO CNT_HISTORY_DEF_ITEM
 (ID, REVISION, ENTITY_VERSION, DOMAIN_ID, PARENT_ID, LINE_NO, FIELD_ID, TRACKING_LEVEL, PATH_RENDERER_CLASS, DETAIL_RENDERER_CLASS)
VALUES ('6533896bceb84442ac3bd0ce31d23311', 0, 1, '/', 'a5d7a993c6374de3a01627cc1ffe83d4', '56', 'custDate5', 1, 'PathRenderer', 'DetailRenderer');
INSERT INTO CNT_HISTORY_DEF_ITEM
 (ID, REVISION, ENTITY_VERSION, DOMAIN_ID, PARENT_ID, LINE_NO, FIELD_ID, TRACKING_LEVEL, PATH_RENDERER_CLASS, DETAIL_RENDERER_CLASS)
VALUES ('e6ca71193eaf4de7aa12e0c90c1d1a3b', 0, 1, '/', 'a5d7a993c6374de3a01627cc1ffe83d4', '57', 'custDate6', 1, 'PathRenderer', 'DetailRenderer');
INSERT INTO CNT_HISTORY_DEF_ITEM
 (ID, REVISION, ENTITY_VERSION, DOMAIN_ID, PARENT_ID, LINE_NO, FIELD_ID, TRACKING_LEVEL, PATH_RENDERER_CLASS, DETAIL_RENDERER_CLASS)
VALUES ('e94c31246f2742bc969e0e82a531be49', 0, 1, '/', 'a5d7a993c6374de3a01627cc1ffe83d4', '58', 'custDate7', 1, 'PathRenderer', 'DetailRenderer');
INSERT INTO CNT_HISTORY_DEF_ITEM
 (ID, REVISION, ENTITY_VERSION, DOMAIN_ID, PARENT_ID, LINE_NO, FIELD_ID, TRACKING_LEVEL, PATH_RENDERER_CLASS, DETAIL_RENDERER_CLASS)
VALUES ('b67745ecb76f4f979fc1c572b746e9cd', 0, 1, '/', 'a5d7a993c6374de3a01627cc1ffe83d4', '59', 'custNumber1', 1, 'PathRenderer', 'DetailRenderer');
INSERT INTO CNT_HISTORY_DEF_ITEM
 (ID, REVISION, ENTITY_VERSION, DOMAIN_ID, PARENT_ID, LINE_NO, FIELD_ID, TRACKING_LEVEL, PATH_RENDERER_CLASS, DETAIL_RENDERER_CLASS)
VALUES ('a3d8b79878f745c1b3f75089ef5ddef6', 0, 1, '/', 'a5d7a993c6374de3a01627cc1ffe83d4', '60', 'custNumber2', 1, 'PathRenderer', 'DetailRenderer');
INSERT INTO CNT_HISTORY_DEF_ITEM
 (ID, REVISION, ENTITY_VERSION, DOMAIN_ID, PARENT_ID, LINE_NO, FIELD_ID, TRACKING_LEVEL, PATH_RENDERER_CLASS, DETAIL_RENDERER_CLASS)
VALUES ('4e1670ed3cb54cd6a5dfb12101a6b849', 0, 1, '/', 'a5d7a993c6374de3a01627cc1ffe83d4', '61', 'custNumber3', 1, 'PathRenderer', 'DetailRenderer');
INSERT INTO CNT_HISTORY_DEF_ITEM
 (ID, REVISION, ENTITY_VERSION, DOMAIN_ID, PARENT_ID, LINE_NO, FIELD_ID, TRACKING_LEVEL, PATH_RENDERER_CLASS, DETAIL_RENDERER_CLASS)
VALUES ('6a441a48dfa440c2975769596f8681d8', 0, 1, '/', 'a5d7a993c6374de3a01627cc1ffe83d4', '62', 'custNumber4', 1, 'PathRenderer', 'DetailRenderer');
INSERT INTO CNT_HISTORY_DEF_ITEM
 (ID, REVISION, ENTITY_VERSION, DOMAIN_ID, PARENT_ID, LINE_NO, FIELD_ID, TRACKING_LEVEL, PATH_RENDERER_CLASS, DETAIL_RENDERER_CLASS)
VALUES ('a1276190fecd495f89d60a3c7821230f', 0, 1, '/', 'a5d7a993c6374de3a01627cc1ffe83d4', '63', 'custNumber5', 1, 'PathRenderer', 'DetailRenderer');
INSERT INTO CNT_HISTORY_DEF_ITEM
 (ID, REVISION, ENTITY_VERSION, DOMAIN_ID, PARENT_ID, LINE_NO, FIELD_ID, TRACKING_LEVEL, PATH_RENDERER_CLASS, DETAIL_RENDERER_CLASS)
VALUES ('de351e40f75744e28cef8b80279834c0', 0, 1, '/', 'a5d7a993c6374de3a01627cc1ffe83d4', '64', 'custNumber6', 1, 'PathRenderer', 'DetailRenderer');
INSERT INTO CNT_HISTORY_DEF_ITEM
 (ID, REVISION, ENTITY_VERSION, DOMAIN_ID, PARENT_ID, LINE_NO, FIELD_ID, TRACKING_LEVEL, PATH_RENDERER_CLASS, DETAIL_RENDERER_CLASS)
VALUES ('690530bec15a4af9b64fde3ca4d74994', 0, 1, '/', 'a5d7a993c6374de3a01627cc1ffe83d4', '65', 'custNumber7', 1, 'PathRenderer', 'DetailRenderer');
INSERT INTO CNT_HISTORY_DEF_ITEM
 (ID, REVISION, ENTITY_VERSION, DOMAIN_ID, PARENT_ID, LINE_NO, FIELD_ID, TRACKING_LEVEL, PATH_RENDERER_CLASS, DETAIL_RENDERER_CLASS)
VALUES ('1dcdfa9bc02b45ac89a15b4dbf3b113b', 0, 1, '/', 'a5d7a993c6374de3a01627cc1ffe83d4', '66', 'custDecimal1', 1, 'PathRenderer', 'DetailRenderer');
INSERT INTO CNT_HISTORY_DEF_ITEM
 (ID, REVISION, ENTITY_VERSION, DOMAIN_ID, PARENT_ID, LINE_NO, FIELD_ID, TRACKING_LEVEL, PATH_RENDERER_CLASS, DETAIL_RENDERER_CLASS)
VALUES ('6c9f55785bbc47859dca22c7b9eecb67', 0, 1, '/', 'a5d7a993c6374de3a01627cc1ffe83d4', '67', 'custDecimal2', 1, 'PathRenderer', 'DetailRenderer');
INSERT INTO CNT_HISTORY_DEF_ITEM
 (ID, REVISION, ENTITY_VERSION, DOMAIN_ID, PARENT_ID, LINE_NO, FIELD_ID, TRACKING_LEVEL, PATH_RENDERER_CLASS, DETAIL_RENDERER_CLASS)
VALUES ('5ffb7891604a4ba3bd2be69d22b3b202', 0, 1, '/', 'a5d7a993c6374de3a01627cc1ffe83d4', '68', 'custDecimal3', 1, 'PathRenderer', 'DetailRenderer');
INSERT INTO CNT_HISTORY_DEF_ITEM
 (ID, REVISION, ENTITY_VERSION, DOMAIN_ID, PARENT_ID, LINE_NO, FIELD_ID, TRACKING_LEVEL, PATH_RENDERER_CLASS, DETAIL_RENDERER_CLASS)
VALUES ('0040d2c957c14567ae806411646ef27d', 0, 1, '/', 'a5d7a993c6374de3a01627cc1ffe83d4', '69', 'custDecimal4', 1, 'PathRenderer', 'DetailRenderer');
INSERT INTO CNT_HISTORY_DEF_ITEM
 (ID, REVISION, ENTITY_VERSION, DOMAIN_ID, PARENT_ID, LINE_NO, FIELD_ID, TRACKING_LEVEL, PATH_RENDERER_CLASS, DETAIL_RENDERER_CLASS)
VALUES ('9d644aebd39242078a4c68122f16f08c', 0, 1, '/', 'a5d7a993c6374de3a01627cc1ffe83d4', '70', 'custDecimal5', 1, 'PathRenderer', 'DetailRenderer');
INSERT INTO CNT_HISTORY_DEF_ITEM
 (ID, REVISION, ENTITY_VERSION, DOMAIN_ID, PARENT_ID, LINE_NO, FIELD_ID, TRACKING_LEVEL, PATH_RENDERER_CLASS, DETAIL_RENDERER_CLASS)
VALUES ('c4ea2a4e1b70437796991af2b7009fc8', 0, 1, '/', 'a5d7a993c6374de3a01627cc1ffe83d4', '71', 'custDecimal6', 1, 'PathRenderer', 'DetailRenderer');
INSERT INTO CNT_HISTORY_DEF_ITEM
 (ID, REVISION, ENTITY_VERSION, DOMAIN_ID, PARENT_ID, LINE_NO, FIELD_ID, TRACKING_LEVEL, PATH_RENDERER_CLASS, DETAIL_RENDERER_CLASS)
VALUES ('675141b2b8294305afb25b0975a7537c', 0, 1, '/', 'a5d7a993c6374de3a01627cc1ffe83d4', '72', 'custDecimal7', 1, 'PathRenderer', 'DetailRenderer');
INSERT INTO CNT_HISTORY_DEF_ITEM
 (ID, REVISION, ENTITY_VERSION, DOMAIN_ID, PARENT_ID, LINE_NO, FIELD_ID, TRACKING_LEVEL, PATH_RENDERER_CLASS, DETAIL_RENDERER_CLASS)
VALUES ('08ed1ccb37964e7c9f68850e3793e1bc', 0, 1, '/', 'a5d7a993c6374de3a01627cc1ffe83d4', '73', 'custCodelist1', 1, 'PathRenderer', 'DetailRenderer');
INSERT INTO CNT_HISTORY_DEF_ITEM
 (ID, REVISION, ENTITY_VERSION, DOMAIN_ID, PARENT_ID, LINE_NO, FIELD_ID, TRACKING_LEVEL, PATH_RENDERER_CLASS, DETAIL_RENDERER_CLASS)
VALUES ('741d34922003454cb65a4a1483fee799', 0, 1, '/', 'a5d7a993c6374de3a01627cc1ffe83d4', '74', 'custCodelist2', 1, 'PathRenderer', 'DetailRenderer');
INSERT INTO CNT_HISTORY_DEF_ITEM
 (ID, REVISION, ENTITY_VERSION, DOMAIN_ID, PARENT_ID, LINE_NO, FIELD_ID, TRACKING_LEVEL, PATH_RENDERER_CLASS, DETAIL_RENDERER_CLASS)
VALUES ('8963511de96c4ccdadd69fd768033f4b', 0, 1, '/', 'a5d7a993c6374de3a01627cc1ffe83d4', '75', 'custCodelist3', 1, 'PathRenderer', 'DetailRenderer');
INSERT INTO CNT_HISTORY_DEF_ITEM
 (ID, REVISION, ENTITY_VERSION, DOMAIN_ID, PARENT_ID, LINE_NO, FIELD_ID, TRACKING_LEVEL, PATH_RENDERER_CLASS, DETAIL_RENDERER_CLASS)
VALUES ('fc4b6a7d151b484b8014eca845f29c33', 0, 1, '/', 'a5d7a993c6374de3a01627cc1ffe83d4', '76', 'custCodelist4', 1, 'PathRenderer', 'DetailRenderer');
INSERT INTO CNT_HISTORY_DEF_ITEM
 (ID, REVISION, ENTITY_VERSION, DOMAIN_ID, PARENT_ID, LINE_NO, FIELD_ID, TRACKING_LEVEL, PATH_RENDERER_CLASS, DETAIL_RENDERER_CLASS)
VALUES ('bd57bb1fa696486a85f1ce14de9fba56', 0, 1, '/', 'a5d7a993c6374de3a01627cc1ffe83d4', '77', 'custCodelist5', 1, 'PathRenderer', 'DetailRenderer');
INSERT INTO CNT_HISTORY_DEF_ITEM
 (ID, REVISION, ENTITY_VERSION, DOMAIN_ID, PARENT_ID, LINE_NO, FIELD_ID, TRACKING_LEVEL, PATH_RENDERER_CLASS, DETAIL_RENDERER_CLASS)
VALUES ('be1d37652e484bd39214e467f448a24c', 0, 1, '/', 'a5d7a993c6374de3a01627cc1ffe83d4', '78', 'custCodelist6', 1, 'PathRenderer', 'DetailRenderer');
INSERT INTO CNT_HISTORY_DEF_ITEM
 (ID, REVISION, ENTITY_VERSION, DOMAIN_ID, PARENT_ID, LINE_NO, FIELD_ID, TRACKING_LEVEL, PATH_RENDERER_CLASS, DETAIL_RENDERER_CLASS)
VALUES ('870417d2060a4c2daed93891c9845698', 0, 1, '/', 'a5d7a993c6374de3a01627cc1ffe83d4', '79', 'custCodelist7', 1, 'PathRenderer', 'DetailRenderer');
INSERT INTO CNT_HISTORY_DEF_ITEM
 (ID, REVISION, ENTITY_VERSION, DOMAIN_ID, PARENT_ID, LINE_NO, FIELD_ID, TRACKING_LEVEL, PATH_RENDERER_CLASS, DETAIL_RENDERER_CLASS)
VALUES ('137b9d70110c4791ac293ba6ff9dea3d', 0, 1, '/', 'a5d7a993c6374de3a01627cc1ffe83d4', '80', 'custMemoText1', 1, 'PathRenderer', 'DetailRenderer');
INSERT INTO CNT_HISTORY_DEF_ITEM
 (ID, REVISION, ENTITY_VERSION, DOMAIN_ID, PARENT_ID, LINE_NO, FIELD_ID, TRACKING_LEVEL, PATH_RENDERER_CLASS, DETAIL_RENDERER_CLASS)
VALUES ('c881544be45a47aca40a8ada0f29aac0', 0, 1, '/', 'a5d7a993c6374de3a01627cc1ffe83d4', '81', 'custMemoText2', 1, 'PathRenderer', 'DetailRenderer');
INSERT INTO CNT_HISTORY_DEF_ITEM
 (ID, REVISION, ENTITY_VERSION, DOMAIN_ID, PARENT_ID, LINE_NO, FIELD_ID, TRACKING_LEVEL, PATH_RENDERER_CLASS, DETAIL_RENDERER_CLASS)
VALUES ('c851dfdc518b4b86ad47d54be2428348', 0, 1, '/', 'a5d7a993c6374de3a01627cc1ffe83d4', '82', 'custMemoText3', 1, 'PathRenderer', 'DetailRenderer');
INSERT INTO CNT_HISTORY_DEF_ITEM
 (ID, REVISION, ENTITY_VERSION, DOMAIN_ID, PARENT_ID, LINE_NO, FIELD_ID, TRACKING_LEVEL, PATH_RENDERER_CLASS, DETAIL_RENDERER_CLASS)
VALUES ('2343a81cda7f439c96b75a1ec400359c', 0, 1, '/', 'a5d7a993c6374de3a01627cc1ffe83d4', '83', 'custMemoText4', 1, 'PathRenderer', 'DetailRenderer');
INSERT INTO CNT_HISTORY_DEF_ITEM
 (ID, REVISION, ENTITY_VERSION, DOMAIN_ID, PARENT_ID, LINE_NO, FIELD_ID, TRACKING_LEVEL, PATH_RENDERER_CLASS, DETAIL_RENDERER_CLASS)
VALUES ('88dc3c84efa340d39ae1188e7732120d', 0, 1, '/', 'a5d7a993c6374de3a01627cc1ffe83d4', '84', 'custMemoText5', 1, 'PathRenderer', 'DetailRenderer');
INSERT INTO CNT_HISTORY_DEF_ITEM
 (ID, REVISION, ENTITY_VERSION, DOMAIN_ID, PARENT_ID, LINE_NO, FIELD_ID, TRACKING_LEVEL, PATH_RENDERER_CLASS, DETAIL_RENDERER_CLASS)
VALUES ('cb76654dc2b5477292d61af9367926fb', 0, 1, '/', 'a5d7a993c6374de3a01627cc1ffe83d4', '85', 'custMemoText6', 1, 'PathRenderer', 'DetailRenderer');
INSERT INTO CNT_HISTORY_DEF_ITEM
 (ID, REVISION, ENTITY_VERSION, DOMAIN_ID, PARENT_ID, LINE_NO, FIELD_ID, TRACKING_LEVEL, PATH_RENDERER_CLASS, DETAIL_RENDERER_CLASS)
VALUES ('44ca8aaacacf431e9f9a18c3c862ec42', 0, 1, '/', 'a5d7a993c6374de3a01627cc1ffe83d4', '86', 'custMemoText7', 1, 'PathRenderer', 'DetailRenderer');
INSERT INTO CNT_HISTORY_DEF_ITEM
 (ID, REVISION, ENTITY_VERSION, DOMAIN_ID, PARENT_ID, LINE_NO, FIELD_ID, TRACKING_LEVEL, PATH_RENDERER_CLASS, DETAIL_RENDERER_CLASS)
VALUES ('11c8152a023349e29582216d084bc26a', 0, 1, '/', 'a5d7a993c6374de3a01627cc1ffe83d4', '87', 'custHcl1', 1, 'PathRenderer', 'DetailRenderer');
INSERT INTO CNT_HISTORY_DEF_ITEM
 (ID, REVISION, ENTITY_VERSION, DOMAIN_ID, PARENT_ID, LINE_NO, FIELD_ID, TRACKING_LEVEL, PATH_RENDERER_CLASS, DETAIL_RENDERER_CLASS)
VALUES ('1d79ffe3ab514c8a9b553dce13288faf', 0, 1, '/', 'a5d7a993c6374de3a01627cc1ffe83d4', '88', 'custHcl2', 1, 'PathRenderer', 'DetailRenderer');
INSERT INTO CNT_HISTORY_DEF_ITEM
 (ID, REVISION, ENTITY_VERSION, DOMAIN_ID, PARENT_ID, LINE_NO, FIELD_ID, TRACKING_LEVEL, PATH_RENDERER_CLASS, DETAIL_RENDERER_CLASS)
VALUES ('b4c3212220614fee987f9203b032d518', 0, 1, '/', 'a5d7a993c6374de3a01627cc1ffe83d4', '89', 'custHcl3', 1, 'PathRenderer', 'DetailRenderer');
INSERT INTO CNT_HISTORY_DEF_ITEM
 (ID, REVISION, ENTITY_VERSION, DOMAIN_ID, PARENT_ID, LINE_NO, FIELD_ID, TRACKING_LEVEL, PATH_RENDERER_CLASS, DETAIL_RENDERER_CLASS)
VALUES ('f227df45e3f7469bb249b6c3fcdf24e3', 0, 1, '/', 'a5d7a993c6374de3a01627cc1ffe83d4', '90', 'custHcl4', 1, 'PathRenderer', 'DetailRenderer');
INSERT INTO CNT_HISTORY_DEF_ITEM
 (ID, REVISION, ENTITY_VERSION, DOMAIN_ID, PARENT_ID, LINE_NO, FIELD_ID, TRACKING_LEVEL, PATH_RENDERER_CLASS, DETAIL_RENDERER_CLASS)
VALUES ('56381a3508fb4bf7bb216e7288d5a54c', 0, 1, '/', 'a5d7a993c6374de3a01627cc1ffe83d4', '91', 'custHcl5', 1, 'PathRenderer', 'DetailRenderer');
INSERT INTO CNT_HISTORY_DEF_ITEM
 (ID, REVISION, ENTITY_VERSION, DOMAIN_ID, PARENT_ID, LINE_NO, FIELD_ID, TRACKING_LEVEL, PATH_RENDERER_CLASS, DETAIL_RENDERER_CLASS)
VALUES ('b18e755367e74586bb0e902b3f92512d', 0, 1, '/', 'a5d7a993c6374de3a01627cc1ffe83d4', '92', 'seasonName', 0, 'PathRenderer', 'DetailRenderer');
INSERT INTO CNT_HISTORY_DEF_ITEM
 (ID, REVISION, ENTITY_VERSION, DOMAIN_ID, PARENT_ID, LINE_NO, FIELD_ID, TRACKING_LEVEL, PATH_RENDERER_CLASS, DETAIL_RENDERER_CLASS)
VALUES ('9fe627e5a1f5430f8e8ff98b330fb272', 0, 1, '/', 'a5d7a993c6374de3a01627cc1ffe83d4', '93', 'vendorRef', 0, 'PathRenderer', 'DetailRenderer');
INSERT INTO CNT_HISTORY_DEF_ITEM
 (ID, REVISION, ENTITY_VERSION, DOMAIN_ID, PARENT_ID, LINE_NO, FIELD_ID, TRACKING_LEVEL, PATH_RENDERER_CLASS, DETAIL_RENDERER_CLASS)
VALUES ('497dd59061f647678d7b215ac9fae307', 0, 1, '/', 'a5d7a993c6374de3a01627cc1ffe83d4', '94', 'vendorVer', 0, 'PathRenderer', 'DetailRenderer');
INSERT INTO CNT_HISTORY_DEF_ITEM
 (ID, REVISION, ENTITY_VERSION, DOMAIN_ID, PARENT_ID, LINE_NO, FIELD_ID, TRACKING_LEVEL, PATH_RENDERER_CLASS, DETAIL_RENDERER_CLASS)
VALUES ('fb9dcb5c5a69430c80baedf73f8286af', 0, 1, '/', 'a5d7a993c6374de3a01627cc1ffe83d4', '95', 'paymentMethodName', 0, 'PathRenderer', 'DetailRenderer');
INSERT INTO CNT_HISTORY_DEF_ITEM
 (ID, REVISION, ENTITY_VERSION, DOMAIN_ID, PARENT_ID, LINE_NO, FIELD_ID, TRACKING_LEVEL, PATH_RENDERER_CLASS, DETAIL_RENDERER_CLASS)
VALUES ('94184ebceb194c79977e459b1b218f29', 0, 1, '/', 'a5d7a993c6374de3a01627cc1ffe83d4', '96', 'currencyName', 0, 'PathRenderer', 'DetailRenderer');
INSERT INTO CNT_HISTORY_DEF_ITEM
 (ID, REVISION, ENTITY_VERSION, DOMAIN_ID, PARENT_ID, LINE_NO, FIELD_ID, TRACKING_LEVEL, PATH_RENDERER_CLASS, DETAIL_RENDERER_CLASS)
VALUES ('3e1cafd5e8af4270a40981042599c94a', 0, 1, '/', 'a5d7a993c6374de3a01627cc1ffe83d4', '97', 'incotermName', 0, 'PathRenderer', 'DetailRenderer');
INSERT INTO CNT_HISTORY_DEF_ITEM
 (ID, REVISION, ENTITY_VERSION, DOMAIN_ID, PARENT_ID, LINE_NO, FIELD_ID, TRACKING_LEVEL, PATH_RENDERER_CLASS, DETAIL_RENDERER_CLASS)
VALUES ('e3b8cde0e34943ccb5eea241efc65d9d', 0, 1, '/', 'a5d7a993c6374de3a01627cc1ffe83d4', '98', 'paymentTermName', 0, 'PathRenderer', 'DetailRenderer');
INSERT INTO CNT_HISTORY_DEF_ITEM
 (ID, REVISION, ENTITY_VERSION, DOMAIN_ID, PARENT_ID, LINE_NO, FIELD_ID, TRACKING_LEVEL, PATH_RENDERER_CLASS, DETAIL_RENDERER_CLASS)
VALUES ('868d276ba51f49b18335577c170c3af5', 0, 1, '/', 'a5d7a993c6374de3a01627cc1ffe83d4', '99', 'merchandiseHierarchyRef', 0, 'PathRenderer', 'DetailRenderer');
INSERT INTO CNT_HISTORY_DEF_ITEM
 (ID, REVISION, ENTITY_VERSION, DOMAIN_ID, PARENT_ID, LINE_NO, FIELD_ID, TRACKING_LEVEL, PATH_RENDERER_CLASS, DETAIL_RENDERER_CLASS)
VALUES ('fff1a6b07d0a4ab3a05ff2f07bf1bc31', 0, 1, '/', 'a5d7a993c6374de3a01627cc1ffe83d4', '100', 'merchandiseHierarchyVer', 0, 'PathRenderer', 'DetailRenderer');
INSERT INTO CNT_HISTORY_DEF_ITEM
 (ID, REVISION, ENTITY_VERSION, DOMAIN_ID, PARENT_ID, LINE_NO, FIELD_ID, TRACKING_LEVEL, PATH_RENDERER_CLASS, DETAIL_RENDERER_CLASS)
VALUES ('e770fab8cee340b7a39413a5ed11378c', 0, 1, '/', 'a5d7a993c6374de3a01627cc1ffe83d4', '101', 'merchandiseHierarchyRef2', 0, 'PathRenderer', 'DetailRenderer');
INSERT INTO CNT_HISTORY_DEF_ITEM
 (ID, REVISION, ENTITY_VERSION, DOMAIN_ID, PARENT_ID, LINE_NO, FIELD_ID, TRACKING_LEVEL, PATH_RENDERER_CLASS, DETAIL_RENDERER_CLASS)
VALUES ('c91c613a7cb24c8abdda42adef6374eb', 0, 1, '/', 'a5d7a993c6374de3a01627cc1ffe83d4', '102', 'merchandiseHierarchFullLineage', 0, 'PathRenderer', 'DetailRenderer');
INSERT INTO CNT_HISTORY_DEF_ITEM
 (ID, REVISION, ENTITY_VERSION, DOMAIN_ID, PARENT_ID, LINE_NO, FIELD_ID, TRACKING_LEVEL, PATH_RENDERER_CLASS, DETAIL_RENDERER_CLASS)
VALUES ('b6204b802ed84389b65c0faf03cb73ac', 0, 1, '/', 'a5d7a993c6374de3a01627cc1ffe83d4', '103', 'custCodelist1Name', 0, 'PathRenderer', 'DetailRenderer');
INSERT INTO CNT_HISTORY_DEF_ITEM
 (ID, REVISION, ENTITY_VERSION, DOMAIN_ID, PARENT_ID, LINE_NO, FIELD_ID, TRACKING_LEVEL, PATH_RENDERER_CLASS, DETAIL_RENDERER_CLASS)
VALUES ('0fda961b5fa942e69a8aadbca956708d', 0, 1, '/', 'a5d7a993c6374de3a01627cc1ffe83d4', '104', 'custCodelist2Name', 0, 'PathRenderer', 'DetailRenderer');
INSERT INTO CNT_HISTORY_DEF_ITEM
 (ID, REVISION, ENTITY_VERSION, DOMAIN_ID, PARENT_ID, LINE_NO, FIELD_ID, TRACKING_LEVEL, PATH_RENDERER_CLASS, DETAIL_RENDERER_CLASS)
VALUES ('8d218b7c89184febb5e749304994daa5', 0, 1, '/', 'a5d7a993c6374de3a01627cc1ffe83d4', '105', 'custCodelist3Name', 0, 'PathRenderer', 'DetailRenderer');
INSERT INTO CNT_HISTORY_DEF_ITEM
 (ID, REVISION, ENTITY_VERSION, DOMAIN_ID, PARENT_ID, LINE_NO, FIELD_ID, TRACKING_LEVEL, PATH_RENDERER_CLASS, DETAIL_RENDERER_CLASS)
VALUES ('c9807ebed1954674acf9bd9280ff8ebc', 0, 1, '/', 'a5d7a993c6374de3a01627cc1ffe83d4', '106', 'custCodelist4Name', 0, 'PathRenderer', 'DetailRenderer');
INSERT INTO CNT_HISTORY_DEF_ITEM
 (ID, REVISION, ENTITY_VERSION, DOMAIN_ID, PARENT_ID, LINE_NO, FIELD_ID, TRACKING_LEVEL, PATH_RENDERER_CLASS, DETAIL_RENDERER_CLASS)
VALUES ('c78e33eb65b6487c9d916bd11b6fd74c', 0, 1, '/', 'a5d7a993c6374de3a01627cc1ffe83d4', '107', 'custCodelist5Name', 0, 'PathRenderer', 'DetailRenderer');
INSERT INTO CNT_HISTORY_DEF_ITEM
 (ID, REVISION, ENTITY_VERSION, DOMAIN_ID, PARENT_ID, LINE_NO, FIELD_ID, TRACKING_LEVEL, PATH_RENDERER_CLASS, DETAIL_RENDERER_CLASS)
VALUES ('ea95fa9843d14632873263e372a83f26', 0, 1, '/', 'a5d7a993c6374de3a01627cc1ffe83d4', '108', 'custCodelist6Name', 0, 'PathRenderer', 'DetailRenderer');
INSERT INTO CNT_HISTORY_DEF_ITEM
 (ID, REVISION, ENTITY_VERSION, DOMAIN_ID, PARENT_ID, LINE_NO, FIELD_ID, TRACKING_LEVEL, PATH_RENDERER_CLASS, DETAIL_RENDERER_CLASS)
VALUES ('061e6231a93e4948982c76e411f96de5', 0, 1, '/', 'a5d7a993c6374de3a01627cc1ffe83d4', '109', 'custCodelist7Name', 0, 'PathRenderer', 'DetailRenderer');
INSERT INTO CNT_HISTORY_DEF_ITEM
 (ID, REVISION, ENTITY_VERSION, DOMAIN_ID, PARENT_ID, LINE_NO, FIELD_ID, TRACKING_LEVEL, PATH_RENDERER_CLASS, DETAIL_RENDERER_CLASS)
VALUES ('25419c25148045d5ba1a0e63329e5cf2', 0, 1, '/', 'a5d7a993c6374de3a01627cc1ffe83d4', '110', 'custHcl1Ref', 0, 'PathRenderer', 'DetailRenderer');
INSERT INTO CNT_HISTORY_DEF_ITEM
 (ID, REVISION, ENTITY_VERSION, DOMAIN_ID, PARENT_ID, LINE_NO, FIELD_ID, TRACKING_LEVEL, PATH_RENDERER_CLASS, DETAIL_RENDERER_CLASS)
VALUES ('90886e56602b46ed852091beeec67199', 0, 1, '/', 'a5d7a993c6374de3a01627cc1ffe83d4', '111', 'custHcl1Ver', 0, 'PathRenderer', 'DetailRenderer');
INSERT INTO CNT_HISTORY_DEF_ITEM
 (ID, REVISION, ENTITY_VERSION, DOMAIN_ID, PARENT_ID, LINE_NO, FIELD_ID, TRACKING_LEVEL, PATH_RENDERER_CLASS, DETAIL_RENDERER_CLASS)
VALUES ('bb27118acd1942e3b19ba5f28e7a850f', 0, 1, '/', 'a5d7a993c6374de3a01627cc1ffe83d4', '112', 'custHcl1Ref2', 0, 'PathRenderer', 'DetailRenderer');
INSERT INTO CNT_HISTORY_DEF_ITEM
 (ID, REVISION, ENTITY_VERSION, DOMAIN_ID, PARENT_ID, LINE_NO, FIELD_ID, TRACKING_LEVEL, PATH_RENDERER_CLASS, DETAIL_RENDERER_CLASS)
VALUES ('84f687e2c9c94cd3b13e943d6695d47b', 0, 1, '/', 'a5d7a993c6374de3a01627cc1ffe83d4', '113', 'custHcl1FullLineage', 0, 'PathRenderer', 'DetailRenderer');
INSERT INTO CNT_HISTORY_DEF_ITEM
 (ID, REVISION, ENTITY_VERSION, DOMAIN_ID, PARENT_ID, LINE_NO, FIELD_ID, TRACKING_LEVEL, PATH_RENDERER_CLASS, DETAIL_RENDERER_CLASS)
VALUES ('dc6891d4313444ed819d63788044c778', 0, 1, '/', 'a5d7a993c6374de3a01627cc1ffe83d4', '114', 'custHcl2Ref', 0, 'PathRenderer', 'DetailRenderer');
INSERT INTO CNT_HISTORY_DEF_ITEM
 (ID, REVISION, ENTITY_VERSION, DOMAIN_ID, PARENT_ID, LINE_NO, FIELD_ID, TRACKING_LEVEL, PATH_RENDERER_CLASS, DETAIL_RENDERER_CLASS)
VALUES ('2aa02de54ec34170bcb327ca49b211e0', 0, 1, '/', 'a5d7a993c6374de3a01627cc1ffe83d4', '115', 'custHcl2Ver', 0, 'PathRenderer', 'DetailRenderer');
INSERT INTO CNT_HISTORY_DEF_ITEM
 (ID, REVISION, ENTITY_VERSION, DOMAIN_ID, PARENT_ID, LINE_NO, FIELD_ID, TRACKING_LEVEL, PATH_RENDERER_CLASS, DETAIL_RENDERER_CLASS)
VALUES ('b1dc09e166ca4f6383a38940ea5c6380', 0, 1, '/', 'a5d7a993c6374de3a01627cc1ffe83d4', '116', 'custHcl2Ref2', 0, 'PathRenderer', 'DetailRenderer');
INSERT INTO CNT_HISTORY_DEF_ITEM
 (ID, REVISION, ENTITY_VERSION, DOMAIN_ID, PARENT_ID, LINE_NO, FIELD_ID, TRACKING_LEVEL, PATH_RENDERER_CLASS, DETAIL_RENDERER_CLASS)
VALUES ('cb6687a58a9e4e32a9322cdb6e4d45bc', 0, 1, '/', 'a5d7a993c6374de3a01627cc1ffe83d4', '117', 'custHcl2FullLineage', 0, 'PathRenderer', 'DetailRenderer');
INSERT INTO CNT_HISTORY_DEF_ITEM
 (ID, REVISION, ENTITY_VERSION, DOMAIN_ID, PARENT_ID, LINE_NO, FIELD_ID, TRACKING_LEVEL, PATH_RENDERER_CLASS, DETAIL_RENDERER_CLASS)
VALUES ('d2dbaffc427149f4a9f47d2b8ba40900', 0, 1, '/', 'a5d7a993c6374de3a01627cc1ffe83d4', '118', 'custHcl3Ref', 0, 'PathRenderer', 'DetailRenderer');
INSERT INTO CNT_HISTORY_DEF_ITEM
 (ID, REVISION, ENTITY_VERSION, DOMAIN_ID, PARENT_ID, LINE_NO, FIELD_ID, TRACKING_LEVEL, PATH_RENDERER_CLASS, DETAIL_RENDERER_CLASS)
VALUES ('a26164e606404e0ebe133f2a3022fe4a', 0, 1, '/', 'a5d7a993c6374de3a01627cc1ffe83d4', '119', 'custHcl3Ver', 0, 'PathRenderer', 'DetailRenderer');
INSERT INTO CNT_HISTORY_DEF_ITEM
 (ID, REVISION, ENTITY_VERSION, DOMAIN_ID, PARENT_ID, LINE_NO, FIELD_ID, TRACKING_LEVEL, PATH_RENDERER_CLASS, DETAIL_RENDERER_CLASS)
VALUES ('02fa58ef926745739dada104249d253e', 0, 1, '/', 'a5d7a993c6374de3a01627cc1ffe83d4', '120', 'custHcl3Ref2', 0, 'PathRenderer', 'DetailRenderer');
INSERT INTO CNT_HISTORY_DEF_ITEM
 (ID, REVISION, ENTITY_VERSION, DOMAIN_ID, PARENT_ID, LINE_NO, FIELD_ID, TRACKING_LEVEL, PATH_RENDERER_CLASS, DETAIL_RENDERER_CLASS)
VALUES ('f42b151de20241d8acfb1f27e485e3b7', 0, 1, '/', 'a5d7a993c6374de3a01627cc1ffe83d4', '121', 'custHcl3FullLineage', 0, 'PathRenderer', 'DetailRenderer');
INSERT INTO CNT_HISTORY_DEF_ITEM
 (ID, REVISION, ENTITY_VERSION, DOMAIN_ID, PARENT_ID, LINE_NO, FIELD_ID, TRACKING_LEVEL, PATH_RENDERER_CLASS, DETAIL_RENDERER_CLASS)
VALUES ('8ba4dd1bdaa143ce87ff3872779c2967', 0, 1, '/', 'a5d7a993c6374de3a01627cc1ffe83d4', '122', 'custHcl4Ref', 0, 'PathRenderer', 'DetailRenderer');
INSERT INTO CNT_HISTORY_DEF_ITEM
 (ID, REVISION, ENTITY_VERSION, DOMAIN_ID, PARENT_ID, LINE_NO, FIELD_ID, TRACKING_LEVEL, PATH_RENDERER_CLASS, DETAIL_RENDERER_CLASS)
VALUES ('910763370fe24862ae833dc3dcfe4982', 0, 1, '/', 'a5d7a993c6374de3a01627cc1ffe83d4', '123', 'custHcl4Ver', 0, 'PathRenderer', 'DetailRenderer');
INSERT INTO CNT_HISTORY_DEF_ITEM
 (ID, REVISION, ENTITY_VERSION, DOMAIN_ID, PARENT_ID, LINE_NO, FIELD_ID, TRACKING_LEVEL, PATH_RENDERER_CLASS, DETAIL_RENDERER_CLASS)
VALUES ('8474cc598a304387ae8375307b6bc965', 0, 1, '/', 'a5d7a993c6374de3a01627cc1ffe83d4', '124', 'custHcl4Ref2', 0, 'PathRenderer', 'DetailRenderer');
INSERT INTO CNT_HISTORY_DEF_ITEM
 (ID, REVISION, ENTITY_VERSION, DOMAIN_ID, PARENT_ID, LINE_NO, FIELD_ID, TRACKING_LEVEL, PATH_RENDERER_CLASS, DETAIL_RENDERER_CLASS)
VALUES ('9cddfa912c1b474984fa91f373823e9a', 0, 1, '/', 'a5d7a993c6374de3a01627cc1ffe83d4', '125', 'custHcl4FullLineage', 0, 'PathRenderer', 'DetailRenderer');
INSERT INTO CNT_HISTORY_DEF_ITEM
 (ID, REVISION, ENTITY_VERSION, DOMAIN_ID, PARENT_ID, LINE_NO, FIELD_ID, TRACKING_LEVEL, PATH_RENDERER_CLASS, DETAIL_RENDERER_CLASS)
VALUES ('42fa5e7ae42d4c90b01c00e84c0ee428', 0, 1, '/', 'a5d7a993c6374de3a01627cc1ffe83d4', '126', 'custHcl5Ref', 0, 'PathRenderer', 'DetailRenderer');
INSERT INTO CNT_HISTORY_DEF_ITEM
 (ID, REVISION, ENTITY_VERSION, DOMAIN_ID, PARENT_ID, LINE_NO, FIELD_ID, TRACKING_LEVEL, PATH_RENDERER_CLASS, DETAIL_RENDERER_CLASS)
VALUES ('fec21393987147ee9c6acc0c548f6b71', 0, 1, '/', 'a5d7a993c6374de3a01627cc1ffe83d4', '127', 'custHcl5Ver', 0, 'PathRenderer', 'DetailRenderer');
INSERT INTO CNT_HISTORY_DEF_ITEM
 (ID, REVISION, ENTITY_VERSION, DOMAIN_ID, PARENT_ID, LINE_NO, FIELD_ID, TRACKING_LEVEL, PATH_RENDERER_CLASS, DETAIL_RENDERER_CLASS)
VALUES ('66dcdc2612b94e44806465208c8cdc52', 0, 1, '/', 'a5d7a993c6374de3a01627cc1ffe83d4', '128', 'custHcl5Ref2', 0, 'PathRenderer', 'DetailRenderer');
INSERT INTO CNT_HISTORY_DEF_ITEM
 (ID, REVISION, ENTITY_VERSION, DOMAIN_ID, PARENT_ID, LINE_NO, FIELD_ID, TRACKING_LEVEL, PATH_RENDERER_CLASS, DETAIL_RENDERER_CLASS)
VALUES ('109d82da230a4b8a8e834604b2f1e02b', 0, 1, '/', 'a5d7a993c6374de3a01627cc1ffe83d4', '129', 'custHcl5FullLineage', 0, 'PathRenderer', 'DetailRenderer');
INSERT INTO CNT_HISTORY_DEF
 (ID, REVISION, APPLY_ENTITY, ENTITY_VERSION, DOMAIN_ID , GENERATED, CREATE_USER, CREATE_USER_NAME, CREATED_ON)
VALUES ('534ff51ac2d74e12841471bd74c13af9', 0, 'VendorInvoiceChargeOnDoc', 1, '/', 1, 'system', 'system', systimestamp);
INSERT INTO CNT_HISTORY_DEF_ITEM
 (ID, REVISION, ENTITY_VERSION, DOMAIN_ID, PARENT_ID, LINE_NO, FIELD_ID, TRACKING_LEVEL, PATH_RENDERER_CLASS, DETAIL_RENDERER_CLASS)
VALUES ('bd2c58854edf470fac54d299b4cb87e8', 0, 1, '/', '534ff51ac2d74e12841471bd74c13af9', '0', 'id', 1, 'PathRenderer', 'DetailRenderer');
INSERT INTO CNT_HISTORY_DEF_ITEM
 (ID, REVISION, ENTITY_VERSION, DOMAIN_ID, PARENT_ID, LINE_NO, FIELD_ID, TRACKING_LEVEL, PATH_RENDERER_CLASS, DETAIL_RENDERER_CLASS)
VALUES ('c67da965e43d42c8b24a6d2d2ae1c9d3', 0, 1, '/', '534ff51ac2d74e12841471bd74c13af9', '1', 'revision', 1, 'PathRenderer', 'DetailRenderer');
INSERT INTO CNT_HISTORY_DEF_ITEM
 (ID, REVISION, ENTITY_VERSION, DOMAIN_ID, PARENT_ID, LINE_NO, FIELD_ID, TRACKING_LEVEL, PATH_RENDERER_CLASS, DETAIL_RENDERER_CLASS)
VALUES ('217575ea4416470ebf116392093ba0e3', 0, 1, '/', '534ff51ac2d74e12841471bd74c13af9', '2', 'entityVersion', 1, 'PathRenderer', 'DetailRenderer');
INSERT INTO CNT_HISTORY_DEF_ITEM
 (ID, REVISION, ENTITY_VERSION, DOMAIN_ID, PARENT_ID, LINE_NO, FIELD_ID, TRACKING_LEVEL, PATH_RENDERER_CLASS, DETAIL_RENDERER_CLASS)
VALUES ('7910a71674bb4b6797fbbce6d344fcf5', 0, 1, '/', '534ff51ac2d74e12841471bd74c13af9', '3', 'domainId', 1, 'PathRenderer', 'DetailRenderer');
INSERT INTO CNT_HISTORY_DEF_ITEM
 (ID, REVISION, ENTITY_VERSION, DOMAIN_ID, PARENT_ID, LINE_NO, FIELD_ID, TRACKING_LEVEL, PATH_RENDERER_CLASS, DETAIL_RENDERER_CLASS)
VALUES ('dfd23b32a7f44133bd46e0955cdcb86d', 0, 1, '/', '534ff51ac2d74e12841471bd74c13af9', '4', 'hubDomainId', 1, 'PathRenderer', 'DetailRenderer');
INSERT INTO CNT_HISTORY_DEF_ITEM
 (ID, REVISION, ENTITY_VERSION, DOMAIN_ID, PARENT_ID, LINE_NO, FIELD_ID, TRACKING_LEVEL, PATH_RENDERER_CLASS, DETAIL_RENDERER_CLASS)
VALUES ('08468262c3df458caed9777aed511a72', 0, 1, '/', '534ff51ac2d74e12841471bd74c13af9', '5', 'isForReference', 1, 'PathRenderer', 'DetailRenderer');
INSERT INTO CNT_HISTORY_DEF_ITEM
 (ID, REVISION, ENTITY_VERSION, DOMAIN_ID, PARENT_ID, LINE_NO, FIELD_ID, TRACKING_LEVEL, PATH_RENDERER_CLASS, DETAIL_RENDERER_CLASS)
VALUES ('9d0da8ed1a7249679ef0d47bd18524b1', 0, 1, '/', '534ff51ac2d74e12841471bd74c13af9', '6', 'internalSeqNo', 1, 'PathRenderer', 'DetailRenderer');
INSERT INTO CNT_HISTORY_DEF_ITEM
 (ID, REVISION, ENTITY_VERSION, DOMAIN_ID, PARENT_ID, LINE_NO, FIELD_ID, TRACKING_LEVEL, PATH_RENDERER_CLASS, DETAIL_RENDERER_CLASS)
VALUES ('c0ee0352dd9d4b85b957a2cd2b9e1fa8', 0, 1, '/', '534ff51ac2d74e12841471bd74c13af9', '7', 'vendorInvoiceId', 1, 'PathRenderer', 'DetailRenderer');
INSERT INTO CNT_HISTORY_DEF_ITEM
 (ID, REVISION, ENTITY_VERSION, DOMAIN_ID, PARENT_ID, LINE_NO, FIELD_ID, TRACKING_LEVEL, PATH_RENDERER_CLASS, DETAIL_RENDERER_CLASS)
VALUES ('7965edeadfa34f16b1ddd22ac8803a6c', 0, 1, '/', '534ff51ac2d74e12841471bd74c13af9', '8', 'referencedDoc', 1, 'PathRenderer', 'DetailRenderer');
INSERT INTO CNT_HISTORY_DEF_ITEM
 (ID, REVISION, ENTITY_VERSION, DOMAIN_ID, PARENT_ID, LINE_NO, FIELD_ID, TRACKING_LEVEL, PATH_RENDERER_CLASS, DETAIL_RENDERER_CLASS)
VALUES ('c5045efac04c479b8fee6b53ed6648a6', 0, 1, '/', '534ff51ac2d74e12841471bd74c13af9', '9', 'notes', 1, 'PathRenderer', 'DetailRenderer');
INSERT INTO CNT_HISTORY_DEF_ITEM
 (ID, REVISION, ENTITY_VERSION, DOMAIN_ID, PARENT_ID, LINE_NO, FIELD_ID, TRACKING_LEVEL, PATH_RENDERER_CLASS, DETAIL_RENDERER_CLASS)
VALUES ('6b66808535014ffc923c2c3d8d72fc2f', 0, 1, '/', '534ff51ac2d74e12841471bd74c13af9', '10', 'reasonCode', 1, 'PathRenderer', 'DetailRenderer');
INSERT INTO CNT_HISTORY_DEF_ITEM
 (ID, REVISION, ENTITY_VERSION, DOMAIN_ID, PARENT_ID, LINE_NO, FIELD_ID, TRACKING_LEVEL, PATH_RENDERER_CLASS, DETAIL_RENDERER_CLASS)
VALUES ('d8eb4a8d366643329364190a37603ad0', 0, 1, '/', '534ff51ac2d74e12841471bd74c13af9', '11', 'chargeType', 1, 'PathRenderer', 'DetailRenderer');
INSERT INTO CNT_HISTORY_DEF_ITEM
 (ID, REVISION, ENTITY_VERSION, DOMAIN_ID, PARENT_ID, LINE_NO, FIELD_ID, TRACKING_LEVEL, PATH_RENDERER_CLASS, DETAIL_RENDERER_CLASS)
VALUES ('f91f8dadc3fc4cb584842036a5197688', 0, 1, '/', '534ff51ac2d74e12841471bd74c13af9', '12', 'chargeDesc', 1, 'PathRenderer', 'DetailRenderer');
INSERT INTO CNT_HISTORY_DEF_ITEM
 (ID, REVISION, ENTITY_VERSION, DOMAIN_ID, PARENT_ID, LINE_NO, FIELD_ID, TRACKING_LEVEL, PATH_RENDERER_CLASS, DETAIL_RENDERER_CLASS)
VALUES ('75f23b7707764cd695e006b82e5aff85', 0, 1, '/', '534ff51ac2d74e12841471bd74c13af9', '13', 'calculateType', 1, 'PathRenderer', 'DetailRenderer');
INSERT INTO CNT_HISTORY_DEF_ITEM
 (ID, REVISION, ENTITY_VERSION, DOMAIN_ID, PARENT_ID, LINE_NO, FIELD_ID, TRACKING_LEVEL, PATH_RENDERER_CLASS, DETAIL_RENDERER_CLASS)
VALUES ('43a5000cbe5f4d2b9b8ddd5dcb514817', 0, 1, '/', '534ff51ac2d74e12841471bd74c13af9', '14', 'chargeValue', 1, 'PathRenderer', 'DetailRenderer');
INSERT INTO CNT_HISTORY_DEF_ITEM
 (ID, REVISION, ENTITY_VERSION, DOMAIN_ID, PARENT_ID, LINE_NO, FIELD_ID, TRACKING_LEVEL, PATH_RENDERER_CLASS, DETAIL_RENDERER_CLASS)
VALUES ('57076a408dc342388a4fc99c8c5f8181', 0, 1, '/', '534ff51ac2d74e12841471bd74c13af9', '15', 'chargeAmt', 1, 'PathRenderer', 'DetailRenderer');
INSERT INTO CNT_HISTORY_DEF_ITEM
 (ID, REVISION, ENTITY_VERSION, DOMAIN_ID, PARENT_ID, LINE_NO, FIELD_ID, TRACKING_LEVEL, PATH_RENDERER_CLASS, DETAIL_RENDERER_CLASS)
VALUES ('735d1f3d0f2a444abb09c7c349217ed2', 0, 1, '/', '534ff51ac2d74e12841471bd74c13af9', '16', 'refNo', 0, 'PathRenderer', 'DetailRenderer');
INSERT INTO CNT_HISTORY_DEF_ITEM
 (ID, REVISION, ENTITY_VERSION, DOMAIN_ID, PARENT_ID, LINE_NO, FIELD_ID, TRACKING_LEVEL, PATH_RENDERER_CLASS, DETAIL_RENDERER_CLASS)
VALUES ('ef6b30596a2347edbd9f40d99a818f52', 0, 1, '/', '534ff51ac2d74e12841471bd74c13af9', '17', 'custText1', 1, 'PathRenderer', 'DetailRenderer');
INSERT INTO CNT_HISTORY_DEF_ITEM
 (ID, REVISION, ENTITY_VERSION, DOMAIN_ID, PARENT_ID, LINE_NO, FIELD_ID, TRACKING_LEVEL, PATH_RENDERER_CLASS, DETAIL_RENDERER_CLASS)
VALUES ('fa6532e7d5514635a4ca5f79c208727b', 0, 1, '/', '534ff51ac2d74e12841471bd74c13af9', '18', 'custText2', 1, 'PathRenderer', 'DetailRenderer');
INSERT INTO CNT_HISTORY_DEF_ITEM
 (ID, REVISION, ENTITY_VERSION, DOMAIN_ID, PARENT_ID, LINE_NO, FIELD_ID, TRACKING_LEVEL, PATH_RENDERER_CLASS, DETAIL_RENDERER_CLASS)
VALUES ('f8e9c31f9ac3409c83e9c4f1299f01b5', 0, 1, '/', '534ff51ac2d74e12841471bd74c13af9', '19', 'custText3', 1, 'PathRenderer', 'DetailRenderer');
INSERT INTO CNT_HISTORY_DEF_ITEM
 (ID, REVISION, ENTITY_VERSION, DOMAIN_ID, PARENT_ID, LINE_NO, FIELD_ID, TRACKING_LEVEL, PATH_RENDERER_CLASS, DETAIL_RENDERER_CLASS)
VALUES ('49bb94470473474cbe623e7e5111a78e', 0, 1, '/', '534ff51ac2d74e12841471bd74c13af9', '20', 'custText4', 1, 'PathRenderer', 'DetailRenderer');
INSERT INTO CNT_HISTORY_DEF_ITEM
 (ID, REVISION, ENTITY_VERSION, DOMAIN_ID, PARENT_ID, LINE_NO, FIELD_ID, TRACKING_LEVEL, PATH_RENDERER_CLASS, DETAIL_RENDERER_CLASS)
VALUES ('241fa7e18a3d442b92d72e7aa221711f', 0, 1, '/', '534ff51ac2d74e12841471bd74c13af9', '21', 'custText5', 1, 'PathRenderer', 'DetailRenderer');
INSERT INTO CNT_HISTORY_DEF_ITEM
 (ID, REVISION, ENTITY_VERSION, DOMAIN_ID, PARENT_ID, LINE_NO, FIELD_ID, TRACKING_LEVEL, PATH_RENDERER_CLASS, DETAIL_RENDERER_CLASS)
VALUES ('72f57861976740c6bc2a5a55ec0b8ef3', 0, 1, '/', '534ff51ac2d74e12841471bd74c13af9', '22', 'custText6', 1, 'PathRenderer', 'DetailRenderer');
INSERT INTO CNT_HISTORY_DEF_ITEM
 (ID, REVISION, ENTITY_VERSION, DOMAIN_ID, PARENT_ID, LINE_NO, FIELD_ID, TRACKING_LEVEL, PATH_RENDERER_CLASS, DETAIL_RENDERER_CLASS)
VALUES ('0fcd2a68a3ef44ee9fa5a953c2c94286', 0, 1, '/', '534ff51ac2d74e12841471bd74c13af9', '23', 'custText7', 1, 'PathRenderer', 'DetailRenderer');
INSERT INTO CNT_HISTORY_DEF_ITEM
 (ID, REVISION, ENTITY_VERSION, DOMAIN_ID, PARENT_ID, LINE_NO, FIELD_ID, TRACKING_LEVEL, PATH_RENDERER_CLASS, DETAIL_RENDERER_CLASS)
VALUES ('7bcd5d9517b549c8880d7cee4640d38e', 0, 1, '/', '534ff51ac2d74e12841471bd74c13af9', '24', 'custDate1', 1, 'PathRenderer', 'DetailRenderer');
INSERT INTO CNT_HISTORY_DEF_ITEM
 (ID, REVISION, ENTITY_VERSION, DOMAIN_ID, PARENT_ID, LINE_NO, FIELD_ID, TRACKING_LEVEL, PATH_RENDERER_CLASS, DETAIL_RENDERER_CLASS)
VALUES ('3bc6a6c112d94cbfae7e1351256f6efa', 0, 1, '/', '534ff51ac2d74e12841471bd74c13af9', '25', 'custDate2', 1, 'PathRenderer', 'DetailRenderer');
INSERT INTO CNT_HISTORY_DEF_ITEM
 (ID, REVISION, ENTITY_VERSION, DOMAIN_ID, PARENT_ID, LINE_NO, FIELD_ID, TRACKING_LEVEL, PATH_RENDERER_CLASS, DETAIL_RENDERER_CLASS)
VALUES ('ae95370a355c4ff78946c94b07af8801', 0, 1, '/', '534ff51ac2d74e12841471bd74c13af9', '26', 'custDate3', 1, 'PathRenderer', 'DetailRenderer');
INSERT INTO CNT_HISTORY_DEF_ITEM
 (ID, REVISION, ENTITY_VERSION, DOMAIN_ID, PARENT_ID, LINE_NO, FIELD_ID, TRACKING_LEVEL, PATH_RENDERER_CLASS, DETAIL_RENDERER_CLASS)
VALUES ('b81629d91f7947b49671a5b528c15721', 0, 1, '/', '534ff51ac2d74e12841471bd74c13af9', '27', 'custDate4', 1, 'PathRenderer', 'DetailRenderer');
INSERT INTO CNT_HISTORY_DEF_ITEM
 (ID, REVISION, ENTITY_VERSION, DOMAIN_ID, PARENT_ID, LINE_NO, FIELD_ID, TRACKING_LEVEL, PATH_RENDERER_CLASS, DETAIL_RENDERER_CLASS)
VALUES ('8493c1fd919d4a1f9ed7c5c7cf67fb82', 0, 1, '/', '534ff51ac2d74e12841471bd74c13af9', '28', 'custDate5', 1, 'PathRenderer', 'DetailRenderer');
INSERT INTO CNT_HISTORY_DEF_ITEM
 (ID, REVISION, ENTITY_VERSION, DOMAIN_ID, PARENT_ID, LINE_NO, FIELD_ID, TRACKING_LEVEL, PATH_RENDERER_CLASS, DETAIL_RENDERER_CLASS)
VALUES ('787321981ede4c6db5dd3413cd10ca26', 0, 1, '/', '534ff51ac2d74e12841471bd74c13af9', '29', 'custDate6', 1, 'PathRenderer', 'DetailRenderer');
INSERT INTO CNT_HISTORY_DEF_ITEM
 (ID, REVISION, ENTITY_VERSION, DOMAIN_ID, PARENT_ID, LINE_NO, FIELD_ID, TRACKING_LEVEL, PATH_RENDERER_CLASS, DETAIL_RENDERER_CLASS)
VALUES ('0decbd113a5b4def9c75ecaaa8ab335e', 0, 1, '/', '534ff51ac2d74e12841471bd74c13af9', '30', 'custDate7', 1, 'PathRenderer', 'DetailRenderer');
INSERT INTO CNT_HISTORY_DEF_ITEM
 (ID, REVISION, ENTITY_VERSION, DOMAIN_ID, PARENT_ID, LINE_NO, FIELD_ID, TRACKING_LEVEL, PATH_RENDERER_CLASS, DETAIL_RENDERER_CLASS)
VALUES ('0ae20ba389f54f9591ce9545e69a0bf0', 0, 1, '/', '534ff51ac2d74e12841471bd74c13af9', '31', 'custNumber1', 1, 'PathRenderer', 'DetailRenderer');
INSERT INTO CNT_HISTORY_DEF_ITEM
 (ID, REVISION, ENTITY_VERSION, DOMAIN_ID, PARENT_ID, LINE_NO, FIELD_ID, TRACKING_LEVEL, PATH_RENDERER_CLASS, DETAIL_RENDERER_CLASS)
VALUES ('7d4f1196409f4665a27dd7e4cc136a54', 0, 1, '/', '534ff51ac2d74e12841471bd74c13af9', '32', 'custNumber2', 1, 'PathRenderer', 'DetailRenderer');
INSERT INTO CNT_HISTORY_DEF_ITEM
 (ID, REVISION, ENTITY_VERSION, DOMAIN_ID, PARENT_ID, LINE_NO, FIELD_ID, TRACKING_LEVEL, PATH_RENDERER_CLASS, DETAIL_RENDERER_CLASS)
VALUES ('b387752e3c6c4d909e805bf2ae1f7845', 0, 1, '/', '534ff51ac2d74e12841471bd74c13af9', '33', 'custNumber3', 1, 'PathRenderer', 'DetailRenderer');
INSERT INTO CNT_HISTORY_DEF_ITEM
 (ID, REVISION, ENTITY_VERSION, DOMAIN_ID, PARENT_ID, LINE_NO, FIELD_ID, TRACKING_LEVEL, PATH_RENDERER_CLASS, DETAIL_RENDERER_CLASS)
VALUES ('cf484d8d638a46f9bf18141ae4fdac67', 0, 1, '/', '534ff51ac2d74e12841471bd74c13af9', '34', 'custNumber4', 1, 'PathRenderer', 'DetailRenderer');
INSERT INTO CNT_HISTORY_DEF_ITEM
 (ID, REVISION, ENTITY_VERSION, DOMAIN_ID, PARENT_ID, LINE_NO, FIELD_ID, TRACKING_LEVEL, PATH_RENDERER_CLASS, DETAIL_RENDERER_CLASS)
VALUES ('aa2696f245f54e83a5a87f1b65b788d7', 0, 1, '/', '534ff51ac2d74e12841471bd74c13af9', '35', 'custNumber5', 1, 'PathRenderer', 'DetailRenderer');
INSERT INTO CNT_HISTORY_DEF_ITEM
 (ID, REVISION, ENTITY_VERSION, DOMAIN_ID, PARENT_ID, LINE_NO, FIELD_ID, TRACKING_LEVEL, PATH_RENDERER_CLASS, DETAIL_RENDERER_CLASS)
VALUES ('5cfcd3a2960a4fcb91257160b9f85a7b', 0, 1, '/', '534ff51ac2d74e12841471bd74c13af9', '36', 'custNumber6', 1, 'PathRenderer', 'DetailRenderer');
INSERT INTO CNT_HISTORY_DEF_ITEM
 (ID, REVISION, ENTITY_VERSION, DOMAIN_ID, PARENT_ID, LINE_NO, FIELD_ID, TRACKING_LEVEL, PATH_RENDERER_CLASS, DETAIL_RENDERER_CLASS)
VALUES ('abc7e9b7b4fc40dca0dfe4e0109bad99', 0, 1, '/', '534ff51ac2d74e12841471bd74c13af9', '37', 'custNumber7', 1, 'PathRenderer', 'DetailRenderer');
INSERT INTO CNT_HISTORY_DEF_ITEM
 (ID, REVISION, ENTITY_VERSION, DOMAIN_ID, PARENT_ID, LINE_NO, FIELD_ID, TRACKING_LEVEL, PATH_RENDERER_CLASS, DETAIL_RENDERER_CLASS)
VALUES ('ba37fe78764a4b518f5e7c73743c2f90', 0, 1, '/', '534ff51ac2d74e12841471bd74c13af9', '38', 'custDecimal1', 1, 'PathRenderer', 'DetailRenderer');
INSERT INTO CNT_HISTORY_DEF_ITEM
 (ID, REVISION, ENTITY_VERSION, DOMAIN_ID, PARENT_ID, LINE_NO, FIELD_ID, TRACKING_LEVEL, PATH_RENDERER_CLASS, DETAIL_RENDERER_CLASS)
VALUES ('f9eed956f28d4cacb834d70be97133ed', 0, 1, '/', '534ff51ac2d74e12841471bd74c13af9', '39', 'custDecimal2', 1, 'PathRenderer', 'DetailRenderer');
INSERT INTO CNT_HISTORY_DEF_ITEM
 (ID, REVISION, ENTITY_VERSION, DOMAIN_ID, PARENT_ID, LINE_NO, FIELD_ID, TRACKING_LEVEL, PATH_RENDERER_CLASS, DETAIL_RENDERER_CLASS)
VALUES ('0555bcae2fbe49af89864f27f689370b', 0, 1, '/', '534ff51ac2d74e12841471bd74c13af9', '40', 'custDecimal3', 1, 'PathRenderer', 'DetailRenderer');
INSERT INTO CNT_HISTORY_DEF_ITEM
 (ID, REVISION, ENTITY_VERSION, DOMAIN_ID, PARENT_ID, LINE_NO, FIELD_ID, TRACKING_LEVEL, PATH_RENDERER_CLASS, DETAIL_RENDERER_CLASS)
VALUES ('154780b17b674708bc747de234fe8152', 0, 1, '/', '534ff51ac2d74e12841471bd74c13af9', '41', 'custDecimal4', 1, 'PathRenderer', 'DetailRenderer');
INSERT INTO CNT_HISTORY_DEF_ITEM
 (ID, REVISION, ENTITY_VERSION, DOMAIN_ID, PARENT_ID, LINE_NO, FIELD_ID, TRACKING_LEVEL, PATH_RENDERER_CLASS, DETAIL_RENDERER_CLASS)
VALUES ('69068835ef654dba9d51cd1e558569fb', 0, 1, '/', '534ff51ac2d74e12841471bd74c13af9', '42', 'custDecimal5', 1, 'PathRenderer', 'DetailRenderer');
INSERT INTO CNT_HISTORY_DEF_ITEM
 (ID, REVISION, ENTITY_VERSION, DOMAIN_ID, PARENT_ID, LINE_NO, FIELD_ID, TRACKING_LEVEL, PATH_RENDERER_CLASS, DETAIL_RENDERER_CLASS)
VALUES ('d7b946f600984c9a84bf4dfd46db6f1a', 0, 1, '/', '534ff51ac2d74e12841471bd74c13af9', '43', 'custDecimal6', 1, 'PathRenderer', 'DetailRenderer');
INSERT INTO CNT_HISTORY_DEF_ITEM
 (ID, REVISION, ENTITY_VERSION, DOMAIN_ID, PARENT_ID, LINE_NO, FIELD_ID, TRACKING_LEVEL, PATH_RENDERER_CLASS, DETAIL_RENDERER_CLASS)
VALUES ('1f03f6e55a9a433ea468f39697f0d466', 0, 1, '/', '534ff51ac2d74e12841471bd74c13af9', '44', 'custDecimal7', 1, 'PathRenderer', 'DetailRenderer');
INSERT INTO CNT_HISTORY_DEF_ITEM
 (ID, REVISION, ENTITY_VERSION, DOMAIN_ID, PARENT_ID, LINE_NO, FIELD_ID, TRACKING_LEVEL, PATH_RENDERER_CLASS, DETAIL_RENDERER_CLASS)
VALUES ('0038b8099a524208a599786e168eb38c', 0, 1, '/', '534ff51ac2d74e12841471bd74c13af9', '45', 'custCodelist1', 1, 'PathRenderer', 'DetailRenderer');
INSERT INTO CNT_HISTORY_DEF_ITEM
 (ID, REVISION, ENTITY_VERSION, DOMAIN_ID, PARENT_ID, LINE_NO, FIELD_ID, TRACKING_LEVEL, PATH_RENDERER_CLASS, DETAIL_RENDERER_CLASS)
VALUES ('7beff3a7afe24f8fae02d865af4fdd29', 0, 1, '/', '534ff51ac2d74e12841471bd74c13af9', '46', 'custCodelist2', 1, 'PathRenderer', 'DetailRenderer');
INSERT INTO CNT_HISTORY_DEF_ITEM
 (ID, REVISION, ENTITY_VERSION, DOMAIN_ID, PARENT_ID, LINE_NO, FIELD_ID, TRACKING_LEVEL, PATH_RENDERER_CLASS, DETAIL_RENDERER_CLASS)
VALUES ('3e27fb028913415c9c62facbb592e1d8', 0, 1, '/', '534ff51ac2d74e12841471bd74c13af9', '47', 'custCodelist3', 1, 'PathRenderer', 'DetailRenderer');
INSERT INTO CNT_HISTORY_DEF_ITEM
 (ID, REVISION, ENTITY_VERSION, DOMAIN_ID, PARENT_ID, LINE_NO, FIELD_ID, TRACKING_LEVEL, PATH_RENDERER_CLASS, DETAIL_RENDERER_CLASS)
VALUES ('9c0a264d937f4d8a84f44b6f706380ff', 0, 1, '/', '534ff51ac2d74e12841471bd74c13af9', '48', 'custCodelist4', 1, 'PathRenderer', 'DetailRenderer');
INSERT INTO CNT_HISTORY_DEF_ITEM
 (ID, REVISION, ENTITY_VERSION, DOMAIN_ID, PARENT_ID, LINE_NO, FIELD_ID, TRACKING_LEVEL, PATH_RENDERER_CLASS, DETAIL_RENDERER_CLASS)
VALUES ('76ad71993d2c4ed0a79a37e78e1b696a', 0, 1, '/', '534ff51ac2d74e12841471bd74c13af9', '49', 'custCodelist5', 1, 'PathRenderer', 'DetailRenderer');
INSERT INTO CNT_HISTORY_DEF_ITEM
 (ID, REVISION, ENTITY_VERSION, DOMAIN_ID, PARENT_ID, LINE_NO, FIELD_ID, TRACKING_LEVEL, PATH_RENDERER_CLASS, DETAIL_RENDERER_CLASS)
VALUES ('04adbd86b4724b69b90a34bc36c194c4', 0, 1, '/', '534ff51ac2d74e12841471bd74c13af9', '50', 'custCodelist6', 1, 'PathRenderer', 'DetailRenderer');
INSERT INTO CNT_HISTORY_DEF_ITEM
 (ID, REVISION, ENTITY_VERSION, DOMAIN_ID, PARENT_ID, LINE_NO, FIELD_ID, TRACKING_LEVEL, PATH_RENDERER_CLASS, DETAIL_RENDERER_CLASS)
VALUES ('c18a9b0a42334ce187cb3bec2f9b8117', 0, 1, '/', '534ff51ac2d74e12841471bd74c13af9', '51', 'custCodelist7', 1, 'PathRenderer', 'DetailRenderer');
INSERT INTO CNT_HISTORY_DEF_ITEM
 (ID, REVISION, ENTITY_VERSION, DOMAIN_ID, PARENT_ID, LINE_NO, FIELD_ID, TRACKING_LEVEL, PATH_RENDERER_CLASS, DETAIL_RENDERER_CLASS)
VALUES ('4e4a150af1294a99b2b99c20999581e7', 0, 1, '/', '534ff51ac2d74e12841471bd74c13af9', '52', 'custMemoText1', 1, 'PathRenderer', 'DetailRenderer');
INSERT INTO CNT_HISTORY_DEF_ITEM
 (ID, REVISION, ENTITY_VERSION, DOMAIN_ID, PARENT_ID, LINE_NO, FIELD_ID, TRACKING_LEVEL, PATH_RENDERER_CLASS, DETAIL_RENDERER_CLASS)
VALUES ('46171aeec5d64e1983db9af7ed6b5ff8', 0, 1, '/', '534ff51ac2d74e12841471bd74c13af9', '53', 'custMemoText2', 1, 'PathRenderer', 'DetailRenderer');
INSERT INTO CNT_HISTORY_DEF_ITEM
 (ID, REVISION, ENTITY_VERSION, DOMAIN_ID, PARENT_ID, LINE_NO, FIELD_ID, TRACKING_LEVEL, PATH_RENDERER_CLASS, DETAIL_RENDERER_CLASS)
VALUES ('62fce9b289214dfca788822ee9e77f3d', 0, 1, '/', '534ff51ac2d74e12841471bd74c13af9', '54', 'custMemoText3', 1, 'PathRenderer', 'DetailRenderer');
INSERT INTO CNT_HISTORY_DEF_ITEM
 (ID, REVISION, ENTITY_VERSION, DOMAIN_ID, PARENT_ID, LINE_NO, FIELD_ID, TRACKING_LEVEL, PATH_RENDERER_CLASS, DETAIL_RENDERER_CLASS)
VALUES ('c02bfa0aad68498e94c21e4bec4c80d5', 0, 1, '/', '534ff51ac2d74e12841471bd74c13af9', '55', 'custMemoText4', 1, 'PathRenderer', 'DetailRenderer');
INSERT INTO CNT_HISTORY_DEF_ITEM
 (ID, REVISION, ENTITY_VERSION, DOMAIN_ID, PARENT_ID, LINE_NO, FIELD_ID, TRACKING_LEVEL, PATH_RENDERER_CLASS, DETAIL_RENDERER_CLASS)
VALUES ('04416130e84146c9a598a85b55042e1a', 0, 1, '/', '534ff51ac2d74e12841471bd74c13af9', '56', 'custMemoText5', 1, 'PathRenderer', 'DetailRenderer');
INSERT INTO CNT_HISTORY_DEF_ITEM
 (ID, REVISION, ENTITY_VERSION, DOMAIN_ID, PARENT_ID, LINE_NO, FIELD_ID, TRACKING_LEVEL, PATH_RENDERER_CLASS, DETAIL_RENDERER_CLASS)
VALUES ('050a9196cafd4d5dbb97e161ae0822d0', 0, 1, '/', '534ff51ac2d74e12841471bd74c13af9', '57', 'custMemoText6', 1, 'PathRenderer', 'DetailRenderer');
INSERT INTO CNT_HISTORY_DEF_ITEM
 (ID, REVISION, ENTITY_VERSION, DOMAIN_ID, PARENT_ID, LINE_NO, FIELD_ID, TRACKING_LEVEL, PATH_RENDERER_CLASS, DETAIL_RENDERER_CLASS)
VALUES ('e0b093ed4cbf43edb1ad3f20daf5ce4b', 0, 1, '/', '534ff51ac2d74e12841471bd74c13af9', '58', 'custMemoText7', 1, 'PathRenderer', 'DetailRenderer');
INSERT INTO CNT_HISTORY_DEF_ITEM
 (ID, REVISION, ENTITY_VERSION, DOMAIN_ID, PARENT_ID, LINE_NO, FIELD_ID, TRACKING_LEVEL, PATH_RENDERER_CLASS, DETAIL_RENDERER_CLASS)
VALUES ('c19183d5e5934f10b82eadd570b40fac', 0, 1, '/', '534ff51ac2d74e12841471bd74c13af9', '59', 'custHcl1', 1, 'PathRenderer', 'DetailRenderer');
INSERT INTO CNT_HISTORY_DEF_ITEM
 (ID, REVISION, ENTITY_VERSION, DOMAIN_ID, PARENT_ID, LINE_NO, FIELD_ID, TRACKING_LEVEL, PATH_RENDERER_CLASS, DETAIL_RENDERER_CLASS)
VALUES ('82d83e42ba4a4dc9ac017f081c0eabd0', 0, 1, '/', '534ff51ac2d74e12841471bd74c13af9', '60', 'custHcl2', 1, 'PathRenderer', 'DetailRenderer');
INSERT INTO CNT_HISTORY_DEF_ITEM
 (ID, REVISION, ENTITY_VERSION, DOMAIN_ID, PARENT_ID, LINE_NO, FIELD_ID, TRACKING_LEVEL, PATH_RENDERER_CLASS, DETAIL_RENDERER_CLASS)
VALUES ('bef43fd2c7fa4a0faf1b916deab74532', 0, 1, '/', '534ff51ac2d74e12841471bd74c13af9', '61', 'custHcl3', 1, 'PathRenderer', 'DetailRenderer');
INSERT INTO CNT_HISTORY_DEF_ITEM
 (ID, REVISION, ENTITY_VERSION, DOMAIN_ID, PARENT_ID, LINE_NO, FIELD_ID, TRACKING_LEVEL, PATH_RENDERER_CLASS, DETAIL_RENDERER_CLASS)
VALUES ('7c7823f74f96496896bf517101e7993d', 0, 1, '/', '534ff51ac2d74e12841471bd74c13af9', '62', 'custHcl4', 1, 'PathRenderer', 'DetailRenderer');
INSERT INTO CNT_HISTORY_DEF_ITEM
 (ID, REVISION, ENTITY_VERSION, DOMAIN_ID, PARENT_ID, LINE_NO, FIELD_ID, TRACKING_LEVEL, PATH_RENDERER_CLASS, DETAIL_RENDERER_CLASS)
VALUES ('c9fb9736570e48f5823a1977a72aaa05', 0, 1, '/', '534ff51ac2d74e12841471bd74c13af9', '63', 'custHcl5', 1, 'PathRenderer', 'DetailRenderer');
INSERT INTO CNT_HISTORY_DEF_ITEM
 (ID, REVISION, ENTITY_VERSION, DOMAIN_ID, PARENT_ID, LINE_NO, FIELD_ID, TRACKING_LEVEL, PATH_RENDERER_CLASS, DETAIL_RENDERER_CLASS)
VALUES ('9a530ab463e149678858ae72a26549b4', 0, 1, '/', '534ff51ac2d74e12841471bd74c13af9', '64', 'reasonCodeName', 0, 'PathRenderer', 'DetailRenderer');
INSERT INTO CNT_HISTORY_DEF_ITEM
 (ID, REVISION, ENTITY_VERSION, DOMAIN_ID, PARENT_ID, LINE_NO, FIELD_ID, TRACKING_LEVEL, PATH_RENDERER_CLASS, DETAIL_RENDERER_CLASS)
VALUES ('0aebcea6ea8748d6b4b1e6749e87ea6e', 0, 1, '/', '534ff51ac2d74e12841471bd74c13af9', '65', 'chargeTypeName', 0, 'PathRenderer', 'DetailRenderer');
INSERT INTO CNT_HISTORY_DEF_ITEM
 (ID, REVISION, ENTITY_VERSION, DOMAIN_ID, PARENT_ID, LINE_NO, FIELD_ID, TRACKING_LEVEL, PATH_RENDERER_CLASS, DETAIL_RENDERER_CLASS)
VALUES ('870641587db64940b7cebc8010166f1e', 0, 1, '/', '534ff51ac2d74e12841471bd74c13af9', '66', 'calculateTypeName', 0, 'PathRenderer', 'DetailRenderer');
INSERT INTO CNT_HISTORY_DEF_ITEM
 (ID, REVISION, ENTITY_VERSION, DOMAIN_ID, PARENT_ID, LINE_NO, FIELD_ID, TRACKING_LEVEL, PATH_RENDERER_CLASS, DETAIL_RENDERER_CLASS)
VALUES ('738235d7d1e942eb884e42754963cb77', 0, 1, '/', '534ff51ac2d74e12841471bd74c13af9', '67', 'custCodelist1Name', 0, 'PathRenderer', 'DetailRenderer');
INSERT INTO CNT_HISTORY_DEF_ITEM
 (ID, REVISION, ENTITY_VERSION, DOMAIN_ID, PARENT_ID, LINE_NO, FIELD_ID, TRACKING_LEVEL, PATH_RENDERER_CLASS, DETAIL_RENDERER_CLASS)
VALUES ('fb62b7891893494bb87fc10f4d29b3e6', 0, 1, '/', '534ff51ac2d74e12841471bd74c13af9', '68', 'custCodelist2Name', 0, 'PathRenderer', 'DetailRenderer');
INSERT INTO CNT_HISTORY_DEF_ITEM
 (ID, REVISION, ENTITY_VERSION, DOMAIN_ID, PARENT_ID, LINE_NO, FIELD_ID, TRACKING_LEVEL, PATH_RENDERER_CLASS, DETAIL_RENDERER_CLASS)
VALUES ('ef203054248e4ef3a91a260d5631dd44', 0, 1, '/', '534ff51ac2d74e12841471bd74c13af9', '69', 'custCodelist3Name', 0, 'PathRenderer', 'DetailRenderer');
INSERT INTO CNT_HISTORY_DEF_ITEM
 (ID, REVISION, ENTITY_VERSION, DOMAIN_ID, PARENT_ID, LINE_NO, FIELD_ID, TRACKING_LEVEL, PATH_RENDERER_CLASS, DETAIL_RENDERER_CLASS)
VALUES ('1e890d4cdd4d4a92ba484d76ebae1115', 0, 1, '/', '534ff51ac2d74e12841471bd74c13af9', '70', 'custCodelist4Name', 0, 'PathRenderer', 'DetailRenderer');
INSERT INTO CNT_HISTORY_DEF_ITEM
 (ID, REVISION, ENTITY_VERSION, DOMAIN_ID, PARENT_ID, LINE_NO, FIELD_ID, TRACKING_LEVEL, PATH_RENDERER_CLASS, DETAIL_RENDERER_CLASS)
VALUES ('ea33b0f4703a45548f7a5d4d7ef8f4cb', 0, 1, '/', '534ff51ac2d74e12841471bd74c13af9', '71', 'custCodelist5Name', 0, 'PathRenderer', 'DetailRenderer');
INSERT INTO CNT_HISTORY_DEF_ITEM
 (ID, REVISION, ENTITY_VERSION, DOMAIN_ID, PARENT_ID, LINE_NO, FIELD_ID, TRACKING_LEVEL, PATH_RENDERER_CLASS, DETAIL_RENDERER_CLASS)
VALUES ('5a912e9e0e7843b28592e160ba1e1471', 0, 1, '/', '534ff51ac2d74e12841471bd74c13af9', '72', 'custCodelist6Name', 0, 'PathRenderer', 'DetailRenderer');
INSERT INTO CNT_HISTORY_DEF_ITEM
 (ID, REVISION, ENTITY_VERSION, DOMAIN_ID, PARENT_ID, LINE_NO, FIELD_ID, TRACKING_LEVEL, PATH_RENDERER_CLASS, DETAIL_RENDERER_CLASS)
VALUES ('af24851d52a241709552253bbdcf379b', 0, 1, '/', '534ff51ac2d74e12841471bd74c13af9', '73', 'custCodelist7Name', 0, 'PathRenderer', 'DetailRenderer');
INSERT INTO CNT_HISTORY_DEF_ITEM
 (ID, REVISION, ENTITY_VERSION, DOMAIN_ID, PARENT_ID, LINE_NO, FIELD_ID, TRACKING_LEVEL, PATH_RENDERER_CLASS, DETAIL_RENDERER_CLASS)
VALUES ('ac756b9f79174f8197c6aa026c119729', 0, 1, '/', '534ff51ac2d74e12841471bd74c13af9', '74', 'custHcl1Ref', 0, 'PathRenderer', 'DetailRenderer');
INSERT INTO CNT_HISTORY_DEF_ITEM
 (ID, REVISION, ENTITY_VERSION, DOMAIN_ID, PARENT_ID, LINE_NO, FIELD_ID, TRACKING_LEVEL, PATH_RENDERER_CLASS, DETAIL_RENDERER_CLASS)
VALUES ('fc824f2eb4164286a5c859f2ade47d6b', 0, 1, '/', '534ff51ac2d74e12841471bd74c13af9', '75', 'custHcl1Ver', 0, 'PathRenderer', 'DetailRenderer');
INSERT INTO CNT_HISTORY_DEF_ITEM
 (ID, REVISION, ENTITY_VERSION, DOMAIN_ID, PARENT_ID, LINE_NO, FIELD_ID, TRACKING_LEVEL, PATH_RENDERER_CLASS, DETAIL_RENDERER_CLASS)
VALUES ('145175106d5a42b8bba73a0741a4017a', 0, 1, '/', '534ff51ac2d74e12841471bd74c13af9', '76', 'custHcl1Ref2', 0, 'PathRenderer', 'DetailRenderer');
INSERT INTO CNT_HISTORY_DEF_ITEM
 (ID, REVISION, ENTITY_VERSION, DOMAIN_ID, PARENT_ID, LINE_NO, FIELD_ID, TRACKING_LEVEL, PATH_RENDERER_CLASS, DETAIL_RENDERER_CLASS)
VALUES ('73204dd79ef843909478d9f3003a271b', 0, 1, '/', '534ff51ac2d74e12841471bd74c13af9', '77', 'custHcl1FullLineage', 0, 'PathRenderer', 'DetailRenderer');
INSERT INTO CNT_HISTORY_DEF_ITEM
 (ID, REVISION, ENTITY_VERSION, DOMAIN_ID, PARENT_ID, LINE_NO, FIELD_ID, TRACKING_LEVEL, PATH_RENDERER_CLASS, DETAIL_RENDERER_CLASS)
VALUES ('4997f6ce426842f7bb2c3abc356d9b1f', 0, 1, '/', '534ff51ac2d74e12841471bd74c13af9', '78', 'custHcl2Ref', 0, 'PathRenderer', 'DetailRenderer');
INSERT INTO CNT_HISTORY_DEF_ITEM
 (ID, REVISION, ENTITY_VERSION, DOMAIN_ID, PARENT_ID, LINE_NO, FIELD_ID, TRACKING_LEVEL, PATH_RENDERER_CLASS, DETAIL_RENDERER_CLASS)
VALUES ('ed68ea72deea4ba2a7cb4eeed565f56b', 0, 1, '/', '534ff51ac2d74e12841471bd74c13af9', '79', 'custHcl2Ver', 0, 'PathRenderer', 'DetailRenderer');
INSERT INTO CNT_HISTORY_DEF_ITEM
 (ID, REVISION, ENTITY_VERSION, DOMAIN_ID, PARENT_ID, LINE_NO, FIELD_ID, TRACKING_LEVEL, PATH_RENDERER_CLASS, DETAIL_RENDERER_CLASS)
VALUES ('2ae202a080584848a6de2632daa782fa', 0, 1, '/', '534ff51ac2d74e12841471bd74c13af9', '80', 'custHcl2Ref2', 0, 'PathRenderer', 'DetailRenderer');
INSERT INTO CNT_HISTORY_DEF_ITEM
 (ID, REVISION, ENTITY_VERSION, DOMAIN_ID, PARENT_ID, LINE_NO, FIELD_ID, TRACKING_LEVEL, PATH_RENDERER_CLASS, DETAIL_RENDERER_CLASS)
VALUES ('8751e4086e64462c8e5ccc7ca6cff557', 0, 1, '/', '534ff51ac2d74e12841471bd74c13af9', '81', 'custHcl2FullLineage', 0, 'PathRenderer', 'DetailRenderer');
INSERT INTO CNT_HISTORY_DEF_ITEM
 (ID, REVISION, ENTITY_VERSION, DOMAIN_ID, PARENT_ID, LINE_NO, FIELD_ID, TRACKING_LEVEL, PATH_RENDERER_CLASS, DETAIL_RENDERER_CLASS)
VALUES ('f8b7964ecdb749818ddcb5108de1a6c9', 0, 1, '/', '534ff51ac2d74e12841471bd74c13af9', '82', 'custHcl3Ref', 0, 'PathRenderer', 'DetailRenderer');
INSERT INTO CNT_HISTORY_DEF_ITEM
 (ID, REVISION, ENTITY_VERSION, DOMAIN_ID, PARENT_ID, LINE_NO, FIELD_ID, TRACKING_LEVEL, PATH_RENDERER_CLASS, DETAIL_RENDERER_CLASS)
VALUES ('d6da1752c1f740a394550ce5cf7c05df', 0, 1, '/', '534ff51ac2d74e12841471bd74c13af9', '83', 'custHcl3Ver', 0, 'PathRenderer', 'DetailRenderer');
INSERT INTO CNT_HISTORY_DEF_ITEM
 (ID, REVISION, ENTITY_VERSION, DOMAIN_ID, PARENT_ID, LINE_NO, FIELD_ID, TRACKING_LEVEL, PATH_RENDERER_CLASS, DETAIL_RENDERER_CLASS)
VALUES ('1576812c8c004d4fba59d645e9d1810c', 0, 1, '/', '534ff51ac2d74e12841471bd74c13af9', '84', 'custHcl3Ref2', 0, 'PathRenderer', 'DetailRenderer');
INSERT INTO CNT_HISTORY_DEF_ITEM
 (ID, REVISION, ENTITY_VERSION, DOMAIN_ID, PARENT_ID, LINE_NO, FIELD_ID, TRACKING_LEVEL, PATH_RENDERER_CLASS, DETAIL_RENDERER_CLASS)
VALUES ('fd7c24c6794c49d18322081623573dbc', 0, 1, '/', '534ff51ac2d74e12841471bd74c13af9', '85', 'custHcl3FullLineage', 0, 'PathRenderer', 'DetailRenderer');
INSERT INTO CNT_HISTORY_DEF_ITEM
 (ID, REVISION, ENTITY_VERSION, DOMAIN_ID, PARENT_ID, LINE_NO, FIELD_ID, TRACKING_LEVEL, PATH_RENDERER_CLASS, DETAIL_RENDERER_CLASS)
VALUES ('ed404bd3a39145c1bd0c4d8793d61b84', 0, 1, '/', '534ff51ac2d74e12841471bd74c13af9', '86', 'custHcl4Ref', 0, 'PathRenderer', 'DetailRenderer');
INSERT INTO CNT_HISTORY_DEF_ITEM
 (ID, REVISION, ENTITY_VERSION, DOMAIN_ID, PARENT_ID, LINE_NO, FIELD_ID, TRACKING_LEVEL, PATH_RENDERER_CLASS, DETAIL_RENDERER_CLASS)
VALUES ('05ed60d9c5394eada0e8c98f6dc9e86f', 0, 1, '/', '534ff51ac2d74e12841471bd74c13af9', '87', 'custHcl4Ver', 0, 'PathRenderer', 'DetailRenderer');
INSERT INTO CNT_HISTORY_DEF_ITEM
 (ID, REVISION, ENTITY_VERSION, DOMAIN_ID, PARENT_ID, LINE_NO, FIELD_ID, TRACKING_LEVEL, PATH_RENDERER_CLASS, DETAIL_RENDERER_CLASS)
VALUES ('b0ca717850ef47a5acf5922cc00bbb1f', 0, 1, '/', '534ff51ac2d74e12841471bd74c13af9', '88', 'custHcl4Ref2', 0, 'PathRenderer', 'DetailRenderer');
INSERT INTO CNT_HISTORY_DEF_ITEM
 (ID, REVISION, ENTITY_VERSION, DOMAIN_ID, PARENT_ID, LINE_NO, FIELD_ID, TRACKING_LEVEL, PATH_RENDERER_CLASS, DETAIL_RENDERER_CLASS)
VALUES ('3eb3b2696a5840b398283d03a70c9615', 0, 1, '/', '534ff51ac2d74e12841471bd74c13af9', '89', 'custHcl4FullLineage', 0, 'PathRenderer', 'DetailRenderer');
INSERT INTO CNT_HISTORY_DEF_ITEM
 (ID, REVISION, ENTITY_VERSION, DOMAIN_ID, PARENT_ID, LINE_NO, FIELD_ID, TRACKING_LEVEL, PATH_RENDERER_CLASS, DETAIL_RENDERER_CLASS)
VALUES ('1ad421c63959489bafd1193e457c2ff3', 0, 1, '/', '534ff51ac2d74e12841471bd74c13af9', '90', 'custHcl5Ref', 0, 'PathRenderer', 'DetailRenderer');
INSERT INTO CNT_HISTORY_DEF_ITEM
 (ID, REVISION, ENTITY_VERSION, DOMAIN_ID, PARENT_ID, LINE_NO, FIELD_ID, TRACKING_LEVEL, PATH_RENDERER_CLASS, DETAIL_RENDERER_CLASS)
VALUES ('1716977151854e11b9ab53f7345b8046', 0, 1, '/', '534ff51ac2d74e12841471bd74c13af9', '91', 'custHcl5Ver', 0, 'PathRenderer', 'DetailRenderer');
INSERT INTO CNT_HISTORY_DEF_ITEM
 (ID, REVISION, ENTITY_VERSION, DOMAIN_ID, PARENT_ID, LINE_NO, FIELD_ID, TRACKING_LEVEL, PATH_RENDERER_CLASS, DETAIL_RENDERER_CLASS)
VALUES ('04c3d2f2b06449b1be9f7e97f2253be5', 0, 1, '/', '534ff51ac2d74e12841471bd74c13af9', '92', 'custHcl5Ref2', 0, 'PathRenderer', 'DetailRenderer');
INSERT INTO CNT_HISTORY_DEF_ITEM
 (ID, REVISION, ENTITY_VERSION, DOMAIN_ID, PARENT_ID, LINE_NO, FIELD_ID, TRACKING_LEVEL, PATH_RENDERER_CLASS, DETAIL_RENDERER_CLASS)
VALUES ('b1de3481803348be87339f9f65333fb9', 0, 1, '/', '534ff51ac2d74e12841471bd74c13af9', '93', 'custHcl5FullLineage', 0, 'PathRenderer', 'DetailRenderer');
INSERT INTO CNT_HISTORY_DEF
 (ID, REVISION, APPLY_ENTITY, ENTITY_VERSION, DOMAIN_ID , GENERATED, CREATE_USER, CREATE_USER_NAME, CREATED_ON)
VALUES ('d0fcfd9f0ec6423bb45b4bc2e877fe04', 0, 'VIShipmentItemCs', 1, '/', 1, 'system', 'system', systimestamp);
INSERT INTO CNT_HISTORY_DEF_ITEM
 (ID, REVISION, ENTITY_VERSION, DOMAIN_ID, PARENT_ID, LINE_NO, FIELD_ID, TRACKING_LEVEL, PATH_RENDERER_CLASS, DETAIL_RENDERER_CLASS)
VALUES ('06f6d8c6de1145f6b943b5c28acec6cf', 0, 1, '/', 'd0fcfd9f0ec6423bb45b4bc2e877fe04', '0', 'id', 1, 'PathRenderer', 'DetailRenderer');
INSERT INTO CNT_HISTORY_DEF_ITEM
 (ID, REVISION, ENTITY_VERSION, DOMAIN_ID, PARENT_ID, LINE_NO, FIELD_ID, TRACKING_LEVEL, PATH_RENDERER_CLASS, DETAIL_RENDERER_CLASS)
VALUES ('3a8b948ff5e54dc3a4425f92f77f1dae', 0, 1, '/', 'd0fcfd9f0ec6423bb45b4bc2e877fe04', '1', 'revision', 1, 'PathRenderer', 'DetailRenderer');
INSERT INTO CNT_HISTORY_DEF_ITEM
 (ID, REVISION, ENTITY_VERSION, DOMAIN_ID, PARENT_ID, LINE_NO, FIELD_ID, TRACKING_LEVEL, PATH_RENDERER_CLASS, DETAIL_RENDERER_CLASS)
VALUES ('ba4dcfc9a2754ea1af7e01dcf15490e7', 0, 1, '/', 'd0fcfd9f0ec6423bb45b4bc2e877fe04', '2', 'entityVersion', 1, 'PathRenderer', 'DetailRenderer');
INSERT INTO CNT_HISTORY_DEF_ITEM
 (ID, REVISION, ENTITY_VERSION, DOMAIN_ID, PARENT_ID, LINE_NO, FIELD_ID, TRACKING_LEVEL, PATH_RENDERER_CLASS, DETAIL_RENDERER_CLASS)
VALUES ('5475a0ba28344da8b38f60addd48a19e', 0, 1, '/', 'd0fcfd9f0ec6423bb45b4bc2e877fe04', '3', 'domainId', 1, 'PathRenderer', 'DetailRenderer');
INSERT INTO CNT_HISTORY_DEF_ITEM
 (ID, REVISION, ENTITY_VERSION, DOMAIN_ID, PARENT_ID, LINE_NO, FIELD_ID, TRACKING_LEVEL, PATH_RENDERER_CLASS, DETAIL_RENDERER_CLASS)
VALUES ('840e77a16d0f462bac593e40a6594089', 0, 1, '/', 'd0fcfd9f0ec6423bb45b4bc2e877fe04', '4', 'hubDomainId', 1, 'PathRenderer', 'DetailRenderer');
INSERT INTO CNT_HISTORY_DEF_ITEM
 (ID, REVISION, ENTITY_VERSION, DOMAIN_ID, PARENT_ID, LINE_NO, FIELD_ID, TRACKING_LEVEL, PATH_RENDERER_CLASS, DETAIL_RENDERER_CLASS)
VALUES ('99334c8009b44a63b0f01f2dc942905d', 0, 1, '/', 'd0fcfd9f0ec6423bb45b4bc2e877fe04', '5', 'isForReference', 1, 'PathRenderer', 'DetailRenderer');
INSERT INTO CNT_HISTORY_DEF_ITEM
 (ID, REVISION, ENTITY_VERSION, DOMAIN_ID, PARENT_ID, LINE_NO, FIELD_ID, TRACKING_LEVEL, PATH_RENDERER_CLASS, DETAIL_RENDERER_CLASS)
VALUES ('b43d5818e60d46498104a4a455861ff2', 0, 1, '/', 'd0fcfd9f0ec6423bb45b4bc2e877fe04', '6', 'internalSeqNo', 1, 'PathRenderer', 'DetailRenderer');
INSERT INTO CNT_HISTORY_DEF_ITEM
 (ID, REVISION, ENTITY_VERSION, DOMAIN_ID, PARENT_ID, LINE_NO, FIELD_ID, TRACKING_LEVEL, PATH_RENDERER_CLASS, DETAIL_RENDERER_CLASS)
VALUES ('f6f67253f0324e7fb353edd686296f5a', 0, 1, '/', 'd0fcfd9f0ec6423bb45b4bc2e877fe04', '7', 'viShipmentItemId', 1, 'PathRenderer', 'DetailRenderer');
INSERT INTO CNT_HISTORY_DEF_ITEM
 (ID, REVISION, ENTITY_VERSION, DOMAIN_ID, PARENT_ID, LINE_NO, FIELD_ID, TRACKING_LEVEL, PATH_RENDERER_CLASS, DETAIL_RENDERER_CLASS)
VALUES ('d4ccdba63157481cab5d3a674b986870', 0, 1, '/', 'd0fcfd9f0ec6423bb45b4bc2e877fe04', '8', 'viShipmentItemColorId', 1, 'PathRenderer', 'DetailRenderer');
INSERT INTO CNT_HISTORY_DEF_ITEM
 (ID, REVISION, ENTITY_VERSION, DOMAIN_ID, PARENT_ID, LINE_NO, FIELD_ID, TRACKING_LEVEL, PATH_RENDERER_CLASS, DETAIL_RENDERER_CLASS)
VALUES ('2b13866741f54b89bfeab5440ef3919a', 0, 1, '/', 'd0fcfd9f0ec6423bb45b4bc2e877fe04', '9', 'viShipmentItemSizeId', 1, 'PathRenderer', 'DetailRenderer');
INSERT INTO CNT_HISTORY_DEF_ITEM
 (ID, REVISION, ENTITY_VERSION, DOMAIN_ID, PARENT_ID, LINE_NO, FIELD_ID, TRACKING_LEVEL, PATH_RENDERER_CLASS, DETAIL_RENDERER_CLASS)
VALUES ('f4b07fb91f7143ada6da7d43a9b7a077', 0, 1, '/', 'd0fcfd9f0ec6423bb45b4bc2e877fe04', '10', 'itemId', 1, 'PathRenderer', 'DetailRenderer');
INSERT INTO CNT_HISTORY_DEF_ITEM
 (ID, REVISION, ENTITY_VERSION, DOMAIN_ID, PARENT_ID, LINE_NO, FIELD_ID, TRACKING_LEVEL, PATH_RENDERER_CLASS, DETAIL_RENDERER_CLASS)
VALUES ('f9bb951348574f8fa1a2cd39288effd6', 0, 1, '/', 'd0fcfd9f0ec6423bb45b4bc2e877fe04', '11', 'specId', 1, 'PathRenderer', 'DetailRenderer');
INSERT INTO CNT_HISTORY_DEF_ITEM
 (ID, REVISION, ENTITY_VERSION, DOMAIN_ID, PARENT_ID, LINE_NO, FIELD_ID, TRACKING_LEVEL, PATH_RENDERER_CLASS, DETAIL_RENDERER_CLASS)
VALUES ('ab78024bdc1047d3adf9d1ce3240593f', 0, 1, '/', 'd0fcfd9f0ec6423bb45b4bc2e877fe04', '12', 'specColorId', 1, 'PathRenderer', 'DetailRenderer');
INSERT INTO CNT_HISTORY_DEF_ITEM
 (ID, REVISION, ENTITY_VERSION, DOMAIN_ID, PARENT_ID, LINE_NO, FIELD_ID, TRACKING_LEVEL, PATH_RENDERER_CLASS, DETAIL_RENDERER_CLASS)
VALUES ('9ce3262d48a64f43b8dba5b5b54b2cb9', 0, 1, '/', 'd0fcfd9f0ec6423bb45b4bc2e877fe04', '13', 'specSizeId', 1, 'PathRenderer', 'DetailRenderer');
INSERT INTO CNT_HISTORY_DEF_ITEM
 (ID, REVISION, ENTITY_VERSION, DOMAIN_ID, PARENT_ID, LINE_NO, FIELD_ID, TRACKING_LEVEL, PATH_RENDERER_CLASS, DETAIL_RENDERER_CLASS)
VALUES ('8db5ba10268e495d80c334f894e809d4', 0, 1, '/', 'd0fcfd9f0ec6423bb45b4bc2e877fe04', '14', 'vpoShipDtlCs', 1, 'PathRenderer', 'DetailRenderer');
INSERT INTO CNT_HISTORY_DEF_ITEM
 (ID, REVISION, ENTITY_VERSION, DOMAIN_ID, PARENT_ID, LINE_NO, FIELD_ID, TRACKING_LEVEL, PATH_RENDERER_CLASS, DETAIL_RENDERER_CLASS)
VALUES ('f7cede7f8c24472bb2344d884d5ad77e', 0, 1, '/', 'd0fcfd9f0ec6423bb45b4bc2e877fe04', '15', 'price', 1, 'PathRenderer', 'DetailRenderer');
INSERT INTO CNT_HISTORY_DEF_ITEM
 (ID, REVISION, ENTITY_VERSION, DOMAIN_ID, PARENT_ID, LINE_NO, FIELD_ID, TRACKING_LEVEL, PATH_RENDERER_CLASS, DETAIL_RENDERER_CLASS)
VALUES ('fc6eaa9284ba48a2b0e0acda87fe093c', 0, 1, '/', 'd0fcfd9f0ec6423bb45b4bc2e877fe04', '16', 'qty', 1, 'PathRenderer', 'DetailRenderer');
INSERT INTO CNT_HISTORY_DEF_ITEM
 (ID, REVISION, ENTITY_VERSION, DOMAIN_ID, PARENT_ID, LINE_NO, FIELD_ID, TRACKING_LEVEL, PATH_RENDERER_CLASS, DETAIL_RENDERER_CLASS)
VALUES ('726feccf6fe1461895aea863db9893a1', 0, 1, '/', 'd0fcfd9f0ec6423bb45b4bc2e877fe04', '17', 'ratios', 1, 'PathRenderer', 'DetailRenderer');
INSERT INTO CNT_HISTORY_DEF_ITEM
 (ID, REVISION, ENTITY_VERSION, DOMAIN_ID, PARENT_ID, LINE_NO, FIELD_ID, TRACKING_LEVEL, PATH_RENDERER_CLASS, DETAIL_RENDERER_CLASS)
VALUES ('292e81e1f68a4fdf86986a32e5f399fd', 0, 1, '/', 'd0fcfd9f0ec6423bb45b4bc2e877fe04', '18', 'refNo', 0, 'PathRenderer', 'DetailRenderer');
INSERT INTO CNT_HISTORY_DEF_ITEM
 (ID, REVISION, ENTITY_VERSION, DOMAIN_ID, PARENT_ID, LINE_NO, FIELD_ID, TRACKING_LEVEL, PATH_RENDERER_CLASS, DETAIL_RENDERER_CLASS)
VALUES ('5eaa74e1a1ed4040a5b1a40efea4fc4b', 0, 1, '/', 'd0fcfd9f0ec6423bb45b4bc2e877fe04', '19', 'custText1', 1, 'PathRenderer', 'DetailRenderer');
INSERT INTO CNT_HISTORY_DEF_ITEM
 (ID, REVISION, ENTITY_VERSION, DOMAIN_ID, PARENT_ID, LINE_NO, FIELD_ID, TRACKING_LEVEL, PATH_RENDERER_CLASS, DETAIL_RENDERER_CLASS)
VALUES ('ea92bcbdb14d4a0f86d03d930366f988', 0, 1, '/', 'd0fcfd9f0ec6423bb45b4bc2e877fe04', '20', 'custText2', 1, 'PathRenderer', 'DetailRenderer');
INSERT INTO CNT_HISTORY_DEF_ITEM
 (ID, REVISION, ENTITY_VERSION, DOMAIN_ID, PARENT_ID, LINE_NO, FIELD_ID, TRACKING_LEVEL, PATH_RENDERER_CLASS, DETAIL_RENDERER_CLASS)
VALUES ('a011d400325c4f9290196e80920a6816', 0, 1, '/', 'd0fcfd9f0ec6423bb45b4bc2e877fe04', '21', 'custText3', 1, 'PathRenderer', 'DetailRenderer');
INSERT INTO CNT_HISTORY_DEF_ITEM
 (ID, REVISION, ENTITY_VERSION, DOMAIN_ID, PARENT_ID, LINE_NO, FIELD_ID, TRACKING_LEVEL, PATH_RENDERER_CLASS, DETAIL_RENDERER_CLASS)
VALUES ('526c2c465c1c45b7bf354918f486e66a', 0, 1, '/', 'd0fcfd9f0ec6423bb45b4bc2e877fe04', '22', 'custText4', 1, 'PathRenderer', 'DetailRenderer');
INSERT INTO CNT_HISTORY_DEF_ITEM
 (ID, REVISION, ENTITY_VERSION, DOMAIN_ID, PARENT_ID, LINE_NO, FIELD_ID, TRACKING_LEVEL, PATH_RENDERER_CLASS, DETAIL_RENDERER_CLASS)
VALUES ('8ef930af3c75460980fb55ad19d0b5c1', 0, 1, '/', 'd0fcfd9f0ec6423bb45b4bc2e877fe04', '23', 'custText5', 1, 'PathRenderer', 'DetailRenderer');
INSERT INTO CNT_HISTORY_DEF_ITEM
 (ID, REVISION, ENTITY_VERSION, DOMAIN_ID, PARENT_ID, LINE_NO, FIELD_ID, TRACKING_LEVEL, PATH_RENDERER_CLASS, DETAIL_RENDERER_CLASS)
VALUES ('1dbb4593c1b94203a1c4051c4ccb32c8', 0, 1, '/', 'd0fcfd9f0ec6423bb45b4bc2e877fe04', '24', 'custText6', 1, 'PathRenderer', 'DetailRenderer');
INSERT INTO CNT_HISTORY_DEF_ITEM
 (ID, REVISION, ENTITY_VERSION, DOMAIN_ID, PARENT_ID, LINE_NO, FIELD_ID, TRACKING_LEVEL, PATH_RENDERER_CLASS, DETAIL_RENDERER_CLASS)
VALUES ('5f466782ac33418c94896887e0452f2a', 0, 1, '/', 'd0fcfd9f0ec6423bb45b4bc2e877fe04', '25', 'custText7', 1, 'PathRenderer', 'DetailRenderer');
INSERT INTO CNT_HISTORY_DEF_ITEM
 (ID, REVISION, ENTITY_VERSION, DOMAIN_ID, PARENT_ID, LINE_NO, FIELD_ID, TRACKING_LEVEL, PATH_RENDERER_CLASS, DETAIL_RENDERER_CLASS)
VALUES ('5e2446927d9c43e69ebaf66e3b50fe6e', 0, 1, '/', 'd0fcfd9f0ec6423bb45b4bc2e877fe04', '26', 'custDate1', 1, 'PathRenderer', 'DetailRenderer');
INSERT INTO CNT_HISTORY_DEF_ITEM
 (ID, REVISION, ENTITY_VERSION, DOMAIN_ID, PARENT_ID, LINE_NO, FIELD_ID, TRACKING_LEVEL, PATH_RENDERER_CLASS, DETAIL_RENDERER_CLASS)
VALUES ('f0eae6de23fd408485290e088c2f905b', 0, 1, '/', 'd0fcfd9f0ec6423bb45b4bc2e877fe04', '27', 'custDate2', 1, 'PathRenderer', 'DetailRenderer');
INSERT INTO CNT_HISTORY_DEF_ITEM
 (ID, REVISION, ENTITY_VERSION, DOMAIN_ID, PARENT_ID, LINE_NO, FIELD_ID, TRACKING_LEVEL, PATH_RENDERER_CLASS, DETAIL_RENDERER_CLASS)
VALUES ('97d40c20e725498fb23a960abd514b3b', 0, 1, '/', 'd0fcfd9f0ec6423bb45b4bc2e877fe04', '28', 'custDate3', 1, 'PathRenderer', 'DetailRenderer');
INSERT INTO CNT_HISTORY_DEF_ITEM
 (ID, REVISION, ENTITY_VERSION, DOMAIN_ID, PARENT_ID, LINE_NO, FIELD_ID, TRACKING_LEVEL, PATH_RENDERER_CLASS, DETAIL_RENDERER_CLASS)
VALUES ('7a4806ae8fed49e48067f111f9c7d5bc', 0, 1, '/', 'd0fcfd9f0ec6423bb45b4bc2e877fe04', '29', 'custDate4', 1, 'PathRenderer', 'DetailRenderer');
INSERT INTO CNT_HISTORY_DEF_ITEM
 (ID, REVISION, ENTITY_VERSION, DOMAIN_ID, PARENT_ID, LINE_NO, FIELD_ID, TRACKING_LEVEL, PATH_RENDERER_CLASS, DETAIL_RENDERER_CLASS)
VALUES ('d0a0a641da7844d28c017b44eaf2afa6', 0, 1, '/', 'd0fcfd9f0ec6423bb45b4bc2e877fe04', '30', 'custDate5', 1, 'PathRenderer', 'DetailRenderer');
INSERT INTO CNT_HISTORY_DEF_ITEM
 (ID, REVISION, ENTITY_VERSION, DOMAIN_ID, PARENT_ID, LINE_NO, FIELD_ID, TRACKING_LEVEL, PATH_RENDERER_CLASS, DETAIL_RENDERER_CLASS)
VALUES ('e619cedf731b415fb94f8c11b7d4a0ce', 0, 1, '/', 'd0fcfd9f0ec6423bb45b4bc2e877fe04', '31', 'custDate6', 1, 'PathRenderer', 'DetailRenderer');
INSERT INTO CNT_HISTORY_DEF_ITEM
 (ID, REVISION, ENTITY_VERSION, DOMAIN_ID, PARENT_ID, LINE_NO, FIELD_ID, TRACKING_LEVEL, PATH_RENDERER_CLASS, DETAIL_RENDERER_CLASS)
VALUES ('b1a8b26c51524b79ad99eddfd511dd6b', 0, 1, '/', 'd0fcfd9f0ec6423bb45b4bc2e877fe04', '32', 'custDate7', 1, 'PathRenderer', 'DetailRenderer');
INSERT INTO CNT_HISTORY_DEF_ITEM
 (ID, REVISION, ENTITY_VERSION, DOMAIN_ID, PARENT_ID, LINE_NO, FIELD_ID, TRACKING_LEVEL, PATH_RENDERER_CLASS, DETAIL_RENDERER_CLASS)
VALUES ('efa370bf1ef6452f80dcfc170beb8f9c', 0, 1, '/', 'd0fcfd9f0ec6423bb45b4bc2e877fe04', '33', 'custNumber1', 1, 'PathRenderer', 'DetailRenderer');
INSERT INTO CNT_HISTORY_DEF_ITEM
 (ID, REVISION, ENTITY_VERSION, DOMAIN_ID, PARENT_ID, LINE_NO, FIELD_ID, TRACKING_LEVEL, PATH_RENDERER_CLASS, DETAIL_RENDERER_CLASS)
VALUES ('171d2f1dd3b44e55985c9b5170b4eac6', 0, 1, '/', 'd0fcfd9f0ec6423bb45b4bc2e877fe04', '34', 'custNumber2', 1, 'PathRenderer', 'DetailRenderer');
INSERT INTO CNT_HISTORY_DEF_ITEM
 (ID, REVISION, ENTITY_VERSION, DOMAIN_ID, PARENT_ID, LINE_NO, FIELD_ID, TRACKING_LEVEL, PATH_RENDERER_CLASS, DETAIL_RENDERER_CLASS)
VALUES ('411b26f06fc54a17b99145d318c9cd0b', 0, 1, '/', 'd0fcfd9f0ec6423bb45b4bc2e877fe04', '35', 'custNumber3', 1, 'PathRenderer', 'DetailRenderer');
INSERT INTO CNT_HISTORY_DEF_ITEM
 (ID, REVISION, ENTITY_VERSION, DOMAIN_ID, PARENT_ID, LINE_NO, FIELD_ID, TRACKING_LEVEL, PATH_RENDERER_CLASS, DETAIL_RENDERER_CLASS)
VALUES ('e79636ef9c5b4da998b60b45d5a93278', 0, 1, '/', 'd0fcfd9f0ec6423bb45b4bc2e877fe04', '36', 'custNumber4', 1, 'PathRenderer', 'DetailRenderer');
INSERT INTO CNT_HISTORY_DEF_ITEM
 (ID, REVISION, ENTITY_VERSION, DOMAIN_ID, PARENT_ID, LINE_NO, FIELD_ID, TRACKING_LEVEL, PATH_RENDERER_CLASS, DETAIL_RENDERER_CLASS)
VALUES ('1a0f1ae93c5f4170828ca6158118d083', 0, 1, '/', 'd0fcfd9f0ec6423bb45b4bc2e877fe04', '37', 'custNumber5', 1, 'PathRenderer', 'DetailRenderer');
INSERT INTO CNT_HISTORY_DEF_ITEM
 (ID, REVISION, ENTITY_VERSION, DOMAIN_ID, PARENT_ID, LINE_NO, FIELD_ID, TRACKING_LEVEL, PATH_RENDERER_CLASS, DETAIL_RENDERER_CLASS)
VALUES ('b1057b1f937544488095df894f8a57b4', 0, 1, '/', 'd0fcfd9f0ec6423bb45b4bc2e877fe04', '38', 'custNumber6', 1, 'PathRenderer', 'DetailRenderer');
INSERT INTO CNT_HISTORY_DEF_ITEM
 (ID, REVISION, ENTITY_VERSION, DOMAIN_ID, PARENT_ID, LINE_NO, FIELD_ID, TRACKING_LEVEL, PATH_RENDERER_CLASS, DETAIL_RENDERER_CLASS)
VALUES ('b200e345da914a19a5115180f72a0c8d', 0, 1, '/', 'd0fcfd9f0ec6423bb45b4bc2e877fe04', '39', 'custNumber7', 1, 'PathRenderer', 'DetailRenderer');
INSERT INTO CNT_HISTORY_DEF_ITEM
 (ID, REVISION, ENTITY_VERSION, DOMAIN_ID, PARENT_ID, LINE_NO, FIELD_ID, TRACKING_LEVEL, PATH_RENDERER_CLASS, DETAIL_RENDERER_CLASS)
VALUES ('d0176b235d234aa9a2775155655bd1d8', 0, 1, '/', 'd0fcfd9f0ec6423bb45b4bc2e877fe04', '40', 'custDecimal1', 1, 'PathRenderer', 'DetailRenderer');
INSERT INTO CNT_HISTORY_DEF_ITEM
 (ID, REVISION, ENTITY_VERSION, DOMAIN_ID, PARENT_ID, LINE_NO, FIELD_ID, TRACKING_LEVEL, PATH_RENDERER_CLASS, DETAIL_RENDERER_CLASS)
VALUES ('df498a2018864fefa0b3334bb15e67a0', 0, 1, '/', 'd0fcfd9f0ec6423bb45b4bc2e877fe04', '41', 'custDecimal2', 1, 'PathRenderer', 'DetailRenderer');
INSERT INTO CNT_HISTORY_DEF_ITEM
 (ID, REVISION, ENTITY_VERSION, DOMAIN_ID, PARENT_ID, LINE_NO, FIELD_ID, TRACKING_LEVEL, PATH_RENDERER_CLASS, DETAIL_RENDERER_CLASS)
VALUES ('dcdaf138cf5345bf89fe2a0d460a737b', 0, 1, '/', 'd0fcfd9f0ec6423bb45b4bc2e877fe04', '42', 'custDecimal3', 1, 'PathRenderer', 'DetailRenderer');
INSERT INTO CNT_HISTORY_DEF_ITEM
 (ID, REVISION, ENTITY_VERSION, DOMAIN_ID, PARENT_ID, LINE_NO, FIELD_ID, TRACKING_LEVEL, PATH_RENDERER_CLASS, DETAIL_RENDERER_CLASS)
VALUES ('f35e3970301d4862b988db47918d1e42', 0, 1, '/', 'd0fcfd9f0ec6423bb45b4bc2e877fe04', '43', 'custDecimal4', 1, 'PathRenderer', 'DetailRenderer');
INSERT INTO CNT_HISTORY_DEF_ITEM
 (ID, REVISION, ENTITY_VERSION, DOMAIN_ID, PARENT_ID, LINE_NO, FIELD_ID, TRACKING_LEVEL, PATH_RENDERER_CLASS, DETAIL_RENDERER_CLASS)
VALUES ('59607d6c86ad41c4bab79789a2064d60', 0, 1, '/', 'd0fcfd9f0ec6423bb45b4bc2e877fe04', '44', 'custDecimal5', 1, 'PathRenderer', 'DetailRenderer');
INSERT INTO CNT_HISTORY_DEF_ITEM
 (ID, REVISION, ENTITY_VERSION, DOMAIN_ID, PARENT_ID, LINE_NO, FIELD_ID, TRACKING_LEVEL, PATH_RENDERER_CLASS, DETAIL_RENDERER_CLASS)
VALUES ('cc2b1df0108d4135acdb6d20ce431d11', 0, 1, '/', 'd0fcfd9f0ec6423bb45b4bc2e877fe04', '45', 'custDecimal6', 1, 'PathRenderer', 'DetailRenderer');
INSERT INTO CNT_HISTORY_DEF_ITEM
 (ID, REVISION, ENTITY_VERSION, DOMAIN_ID, PARENT_ID, LINE_NO, FIELD_ID, TRACKING_LEVEL, PATH_RENDERER_CLASS, DETAIL_RENDERER_CLASS)
VALUES ('38e3ea1470be4e288122898a354ee54f', 0, 1, '/', 'd0fcfd9f0ec6423bb45b4bc2e877fe04', '46', 'custDecimal7', 1, 'PathRenderer', 'DetailRenderer');
INSERT INTO CNT_HISTORY_DEF_ITEM
 (ID, REVISION, ENTITY_VERSION, DOMAIN_ID, PARENT_ID, LINE_NO, FIELD_ID, TRACKING_LEVEL, PATH_RENDERER_CLASS, DETAIL_RENDERER_CLASS)
VALUES ('6811f90d9fa341debba5023e5abd79ec', 0, 1, '/', 'd0fcfd9f0ec6423bb45b4bc2e877fe04', '47', 'custCodelist1', 1, 'PathRenderer', 'DetailRenderer');
INSERT INTO CNT_HISTORY_DEF_ITEM
 (ID, REVISION, ENTITY_VERSION, DOMAIN_ID, PARENT_ID, LINE_NO, FIELD_ID, TRACKING_LEVEL, PATH_RENDERER_CLASS, DETAIL_RENDERER_CLASS)
VALUES ('e243bf75ce164a26b15805469c40f289', 0, 1, '/', 'd0fcfd9f0ec6423bb45b4bc2e877fe04', '48', 'custCodelist2', 1, 'PathRenderer', 'DetailRenderer');
INSERT INTO CNT_HISTORY_DEF_ITEM
 (ID, REVISION, ENTITY_VERSION, DOMAIN_ID, PARENT_ID, LINE_NO, FIELD_ID, TRACKING_LEVEL, PATH_RENDERER_CLASS, DETAIL_RENDERER_CLASS)
VALUES ('9194138f93d5410c8943b966400452bf', 0, 1, '/', 'd0fcfd9f0ec6423bb45b4bc2e877fe04', '49', 'custCodelist3', 1, 'PathRenderer', 'DetailRenderer');
INSERT INTO CNT_HISTORY_DEF_ITEM
 (ID, REVISION, ENTITY_VERSION, DOMAIN_ID, PARENT_ID, LINE_NO, FIELD_ID, TRACKING_LEVEL, PATH_RENDERER_CLASS, DETAIL_RENDERER_CLASS)
VALUES ('ba4fee4b6833411d98f82225ce927e53', 0, 1, '/', 'd0fcfd9f0ec6423bb45b4bc2e877fe04', '50', 'custCodelist4', 1, 'PathRenderer', 'DetailRenderer');
INSERT INTO CNT_HISTORY_DEF_ITEM
 (ID, REVISION, ENTITY_VERSION, DOMAIN_ID, PARENT_ID, LINE_NO, FIELD_ID, TRACKING_LEVEL, PATH_RENDERER_CLASS, DETAIL_RENDERER_CLASS)
VALUES ('df6647431930406e9f5d955428d45559', 0, 1, '/', 'd0fcfd9f0ec6423bb45b4bc2e877fe04', '51', 'custCodelist5', 1, 'PathRenderer', 'DetailRenderer');
INSERT INTO CNT_HISTORY_DEF_ITEM
 (ID, REVISION, ENTITY_VERSION, DOMAIN_ID, PARENT_ID, LINE_NO, FIELD_ID, TRACKING_LEVEL, PATH_RENDERER_CLASS, DETAIL_RENDERER_CLASS)
VALUES ('abc10fdbe93d49de893b314bbe29716c', 0, 1, '/', 'd0fcfd9f0ec6423bb45b4bc2e877fe04', '52', 'custCodelist6', 1, 'PathRenderer', 'DetailRenderer');
INSERT INTO CNT_HISTORY_DEF_ITEM
 (ID, REVISION, ENTITY_VERSION, DOMAIN_ID, PARENT_ID, LINE_NO, FIELD_ID, TRACKING_LEVEL, PATH_RENDERER_CLASS, DETAIL_RENDERER_CLASS)
VALUES ('d3e1a0bf298c4a17955fbbf6d880a6ff', 0, 1, '/', 'd0fcfd9f0ec6423bb45b4bc2e877fe04', '53', 'custCodelist7', 1, 'PathRenderer', 'DetailRenderer');
INSERT INTO CNT_HISTORY_DEF_ITEM
 (ID, REVISION, ENTITY_VERSION, DOMAIN_ID, PARENT_ID, LINE_NO, FIELD_ID, TRACKING_LEVEL, PATH_RENDERER_CLASS, DETAIL_RENDERER_CLASS)
VALUES ('74d1d0b052894c34ad4540df1c26b314', 0, 1, '/', 'd0fcfd9f0ec6423bb45b4bc2e877fe04', '54', 'custMemoText1', 1, 'PathRenderer', 'DetailRenderer');
INSERT INTO CNT_HISTORY_DEF_ITEM
 (ID, REVISION, ENTITY_VERSION, DOMAIN_ID, PARENT_ID, LINE_NO, FIELD_ID, TRACKING_LEVEL, PATH_RENDERER_CLASS, DETAIL_RENDERER_CLASS)
VALUES ('c89d3c9eb74648368305078ddeabc612', 0, 1, '/', 'd0fcfd9f0ec6423bb45b4bc2e877fe04', '55', 'custMemoText2', 1, 'PathRenderer', 'DetailRenderer');
INSERT INTO CNT_HISTORY_DEF_ITEM
 (ID, REVISION, ENTITY_VERSION, DOMAIN_ID, PARENT_ID, LINE_NO, FIELD_ID, TRACKING_LEVEL, PATH_RENDERER_CLASS, DETAIL_RENDERER_CLASS)
VALUES ('c3c70d3a24534b1d8151d5c4b33f76ca', 0, 1, '/', 'd0fcfd9f0ec6423bb45b4bc2e877fe04', '56', 'custMemoText3', 1, 'PathRenderer', 'DetailRenderer');
INSERT INTO CNT_HISTORY_DEF_ITEM
 (ID, REVISION, ENTITY_VERSION, DOMAIN_ID, PARENT_ID, LINE_NO, FIELD_ID, TRACKING_LEVEL, PATH_RENDERER_CLASS, DETAIL_RENDERER_CLASS)
VALUES ('0ab21955435e432dbd47f8a5fc0f637e', 0, 1, '/', 'd0fcfd9f0ec6423bb45b4bc2e877fe04', '57', 'custMemoText4', 1, 'PathRenderer', 'DetailRenderer');
INSERT INTO CNT_HISTORY_DEF_ITEM
 (ID, REVISION, ENTITY_VERSION, DOMAIN_ID, PARENT_ID, LINE_NO, FIELD_ID, TRACKING_LEVEL, PATH_RENDERER_CLASS, DETAIL_RENDERER_CLASS)
VALUES ('a04816551f2c40edb7d9806769b08561', 0, 1, '/', 'd0fcfd9f0ec6423bb45b4bc2e877fe04', '58', 'custMemoText5', 1, 'PathRenderer', 'DetailRenderer');
INSERT INTO CNT_HISTORY_DEF_ITEM
 (ID, REVISION, ENTITY_VERSION, DOMAIN_ID, PARENT_ID, LINE_NO, FIELD_ID, TRACKING_LEVEL, PATH_RENDERER_CLASS, DETAIL_RENDERER_CLASS)
VALUES ('3feeca3dd867420f89c85d8ed720ec1b', 0, 1, '/', 'd0fcfd9f0ec6423bb45b4bc2e877fe04', '59', 'custMemoText6', 1, 'PathRenderer', 'DetailRenderer');
INSERT INTO CNT_HISTORY_DEF_ITEM
 (ID, REVISION, ENTITY_VERSION, DOMAIN_ID, PARENT_ID, LINE_NO, FIELD_ID, TRACKING_LEVEL, PATH_RENDERER_CLASS, DETAIL_RENDERER_CLASS)
VALUES ('e6917b9f31584f50bf33bc56969cb1e6', 0, 1, '/', 'd0fcfd9f0ec6423bb45b4bc2e877fe04', '60', 'custMemoText7', 1, 'PathRenderer', 'DetailRenderer');
INSERT INTO CNT_HISTORY_DEF_ITEM
 (ID, REVISION, ENTITY_VERSION, DOMAIN_ID, PARENT_ID, LINE_NO, FIELD_ID, TRACKING_LEVEL, PATH_RENDERER_CLASS, DETAIL_RENDERER_CLASS)
VALUES ('f1c78e61430b459cbb1942f10818c7a0', 0, 1, '/', 'd0fcfd9f0ec6423bb45b4bc2e877fe04', '61', 'custHcl1', 1, 'PathRenderer', 'DetailRenderer');
INSERT INTO CNT_HISTORY_DEF_ITEM
 (ID, REVISION, ENTITY_VERSION, DOMAIN_ID, PARENT_ID, LINE_NO, FIELD_ID, TRACKING_LEVEL, PATH_RENDERER_CLASS, DETAIL_RENDERER_CLASS)
VALUES ('958cf3897b044265a0ca862c0d2c38ea', 0, 1, '/', 'd0fcfd9f0ec6423bb45b4bc2e877fe04', '62', 'custHcl2', 1, 'PathRenderer', 'DetailRenderer');
INSERT INTO CNT_HISTORY_DEF_ITEM
 (ID, REVISION, ENTITY_VERSION, DOMAIN_ID, PARENT_ID, LINE_NO, FIELD_ID, TRACKING_LEVEL, PATH_RENDERER_CLASS, DETAIL_RENDERER_CLASS)
VALUES ('6779b155a9f643f486e85daf6d1a065d', 0, 1, '/', 'd0fcfd9f0ec6423bb45b4bc2e877fe04', '63', 'custHcl3', 1, 'PathRenderer', 'DetailRenderer');
INSERT INTO CNT_HISTORY_DEF_ITEM
 (ID, REVISION, ENTITY_VERSION, DOMAIN_ID, PARENT_ID, LINE_NO, FIELD_ID, TRACKING_LEVEL, PATH_RENDERER_CLASS, DETAIL_RENDERER_CLASS)
VALUES ('65de20e9a7764b7e80912a7818189632', 0, 1, '/', 'd0fcfd9f0ec6423bb45b4bc2e877fe04', '64', 'custHcl4', 1, 'PathRenderer', 'DetailRenderer');
INSERT INTO CNT_HISTORY_DEF_ITEM
 (ID, REVISION, ENTITY_VERSION, DOMAIN_ID, PARENT_ID, LINE_NO, FIELD_ID, TRACKING_LEVEL, PATH_RENDERER_CLASS, DETAIL_RENDERER_CLASS)
VALUES ('a7faa3c5451a4bc2a51edd1bb419513b', 0, 1, '/', 'd0fcfd9f0ec6423bb45b4bc2e877fe04', '65', 'custHcl5', 1, 'PathRenderer', 'DetailRenderer');
INSERT INTO CNT_HISTORY_DEF_ITEM
 (ID, REVISION, ENTITY_VERSION, DOMAIN_ID, PARENT_ID, LINE_NO, FIELD_ID, TRACKING_LEVEL, PATH_RENDERER_CLASS, DETAIL_RENDERER_CLASS)
VALUES ('67fb2439c2824017a3caa30ee81bef52', 0, 1, '/', 'd0fcfd9f0ec6423bb45b4bc2e877fe04', '66', 'vpoShipDtlCsRef', 0, 'PathRenderer', 'DetailRenderer');
INSERT INTO CNT_HISTORY_DEF_ITEM
 (ID, REVISION, ENTITY_VERSION, DOMAIN_ID, PARENT_ID, LINE_NO, FIELD_ID, TRACKING_LEVEL, PATH_RENDERER_CLASS, DETAIL_RENDERER_CLASS)
VALUES ('63725f63298d4d2486ba540b409975bb', 0, 1, '/', 'd0fcfd9f0ec6423bb45b4bc2e877fe04', '67', 'vpoShipDtlCsVer', 0, 'PathRenderer', 'DetailRenderer');
INSERT INTO CNT_HISTORY_DEF_ITEM
 (ID, REVISION, ENTITY_VERSION, DOMAIN_ID, PARENT_ID, LINE_NO, FIELD_ID, TRACKING_LEVEL, PATH_RENDERER_CLASS, DETAIL_RENDERER_CLASS)
VALUES ('cc2a40a4e07440d8b382477940161b46', 0, 1, '/', 'd0fcfd9f0ec6423bb45b4bc2e877fe04', '68', 'vpoShipDtlCsRef2', 0, 'PathRenderer', 'DetailRenderer');
INSERT INTO CNT_HISTORY_DEF_ITEM
 (ID, REVISION, ENTITY_VERSION, DOMAIN_ID, PARENT_ID, LINE_NO, FIELD_ID, TRACKING_LEVEL, PATH_RENDERER_CLASS, DETAIL_RENDERER_CLASS)
VALUES ('6e538c51262b4583a34413c05863b8b8', 0, 1, '/', 'd0fcfd9f0ec6423bb45b4bc2e877fe04', '69', 'custCodelist1Name', 0, 'PathRenderer', 'DetailRenderer');
INSERT INTO CNT_HISTORY_DEF_ITEM
 (ID, REVISION, ENTITY_VERSION, DOMAIN_ID, PARENT_ID, LINE_NO, FIELD_ID, TRACKING_LEVEL, PATH_RENDERER_CLASS, DETAIL_RENDERER_CLASS)
VALUES ('fdc507a455d147c3ba1805922d16588d', 0, 1, '/', 'd0fcfd9f0ec6423bb45b4bc2e877fe04', '70', 'custCodelist2Name', 0, 'PathRenderer', 'DetailRenderer');
INSERT INTO CNT_HISTORY_DEF_ITEM
 (ID, REVISION, ENTITY_VERSION, DOMAIN_ID, PARENT_ID, LINE_NO, FIELD_ID, TRACKING_LEVEL, PATH_RENDERER_CLASS, DETAIL_RENDERER_CLASS)
VALUES ('71aa31d07e95404db71aa2405d57ac09', 0, 1, '/', 'd0fcfd9f0ec6423bb45b4bc2e877fe04', '71', 'custCodelist3Name', 0, 'PathRenderer', 'DetailRenderer');
INSERT INTO CNT_HISTORY_DEF_ITEM
 (ID, REVISION, ENTITY_VERSION, DOMAIN_ID, PARENT_ID, LINE_NO, FIELD_ID, TRACKING_LEVEL, PATH_RENDERER_CLASS, DETAIL_RENDERER_CLASS)
VALUES ('36189e9b84184e0b9701cfb5c6ab4589', 0, 1, '/', 'd0fcfd9f0ec6423bb45b4bc2e877fe04', '72', 'custCodelist4Name', 0, 'PathRenderer', 'DetailRenderer');
INSERT INTO CNT_HISTORY_DEF_ITEM
 (ID, REVISION, ENTITY_VERSION, DOMAIN_ID, PARENT_ID, LINE_NO, FIELD_ID, TRACKING_LEVEL, PATH_RENDERER_CLASS, DETAIL_RENDERER_CLASS)
VALUES ('45e3a1f8c3464462b3635a67ba44a944', 0, 1, '/', 'd0fcfd9f0ec6423bb45b4bc2e877fe04', '73', 'custCodelist5Name', 0, 'PathRenderer', 'DetailRenderer');
INSERT INTO CNT_HISTORY_DEF_ITEM
 (ID, REVISION, ENTITY_VERSION, DOMAIN_ID, PARENT_ID, LINE_NO, FIELD_ID, TRACKING_LEVEL, PATH_RENDERER_CLASS, DETAIL_RENDERER_CLASS)
VALUES ('643e36b444914ef6a515a61398d94311', 0, 1, '/', 'd0fcfd9f0ec6423bb45b4bc2e877fe04', '74', 'custCodelist6Name', 0, 'PathRenderer', 'DetailRenderer');
INSERT INTO CNT_HISTORY_DEF_ITEM
 (ID, REVISION, ENTITY_VERSION, DOMAIN_ID, PARENT_ID, LINE_NO, FIELD_ID, TRACKING_LEVEL, PATH_RENDERER_CLASS, DETAIL_RENDERER_CLASS)
VALUES ('d298f38a0a63441dbce3e00f181090ec', 0, 1, '/', 'd0fcfd9f0ec6423bb45b4bc2e877fe04', '75', 'custCodelist7Name', 0, 'PathRenderer', 'DetailRenderer');
INSERT INTO CNT_HISTORY_DEF_ITEM
 (ID, REVISION, ENTITY_VERSION, DOMAIN_ID, PARENT_ID, LINE_NO, FIELD_ID, TRACKING_LEVEL, PATH_RENDERER_CLASS, DETAIL_RENDERER_CLASS)
VALUES ('817b698ae8224abcbf3ad08fe525683d', 0, 1, '/', 'd0fcfd9f0ec6423bb45b4bc2e877fe04', '76', 'custHcl1Ref', 0, 'PathRenderer', 'DetailRenderer');
INSERT INTO CNT_HISTORY_DEF_ITEM
 (ID, REVISION, ENTITY_VERSION, DOMAIN_ID, PARENT_ID, LINE_NO, FIELD_ID, TRACKING_LEVEL, PATH_RENDERER_CLASS, DETAIL_RENDERER_CLASS)
VALUES ('66c4073ed68b4cda8100c08dc75d962d', 0, 1, '/', 'd0fcfd9f0ec6423bb45b4bc2e877fe04', '77', 'custHcl1Ver', 0, 'PathRenderer', 'DetailRenderer');
INSERT INTO CNT_HISTORY_DEF_ITEM
 (ID, REVISION, ENTITY_VERSION, DOMAIN_ID, PARENT_ID, LINE_NO, FIELD_ID, TRACKING_LEVEL, PATH_RENDERER_CLASS, DETAIL_RENDERER_CLASS)
VALUES ('26d1a608a133443cad14888ce76acda3', 0, 1, '/', 'd0fcfd9f0ec6423bb45b4bc2e877fe04', '78', 'custHcl1Ref2', 0, 'PathRenderer', 'DetailRenderer');
INSERT INTO CNT_HISTORY_DEF_ITEM
 (ID, REVISION, ENTITY_VERSION, DOMAIN_ID, PARENT_ID, LINE_NO, FIELD_ID, TRACKING_LEVEL, PATH_RENDERER_CLASS, DETAIL_RENDERER_CLASS)
VALUES ('d9f9e6fc43d24fc0981cc09a20729f6b', 0, 1, '/', 'd0fcfd9f0ec6423bb45b4bc2e877fe04', '79', 'custHcl1FullLineage', 0, 'PathRenderer', 'DetailRenderer');
INSERT INTO CNT_HISTORY_DEF_ITEM
 (ID, REVISION, ENTITY_VERSION, DOMAIN_ID, PARENT_ID, LINE_NO, FIELD_ID, TRACKING_LEVEL, PATH_RENDERER_CLASS, DETAIL_RENDERER_CLASS)
VALUES ('f7e503fad71e4daf85d99d183624617c', 0, 1, '/', 'd0fcfd9f0ec6423bb45b4bc2e877fe04', '80', 'custHcl2Ref', 0, 'PathRenderer', 'DetailRenderer');
INSERT INTO CNT_HISTORY_DEF_ITEM
 (ID, REVISION, ENTITY_VERSION, DOMAIN_ID, PARENT_ID, LINE_NO, FIELD_ID, TRACKING_LEVEL, PATH_RENDERER_CLASS, DETAIL_RENDERER_CLASS)
VALUES ('a1d7982d9dcc497c894bdee9a4c708c5', 0, 1, '/', 'd0fcfd9f0ec6423bb45b4bc2e877fe04', '81', 'custHcl2Ver', 0, 'PathRenderer', 'DetailRenderer');
INSERT INTO CNT_HISTORY_DEF_ITEM
 (ID, REVISION, ENTITY_VERSION, DOMAIN_ID, PARENT_ID, LINE_NO, FIELD_ID, TRACKING_LEVEL, PATH_RENDERER_CLASS, DETAIL_RENDERER_CLASS)
VALUES ('911cb8efb1d7444c902c3f6d807f16c5', 0, 1, '/', 'd0fcfd9f0ec6423bb45b4bc2e877fe04', '82', 'custHcl2Ref2', 0, 'PathRenderer', 'DetailRenderer');
INSERT INTO CNT_HISTORY_DEF_ITEM
 (ID, REVISION, ENTITY_VERSION, DOMAIN_ID, PARENT_ID, LINE_NO, FIELD_ID, TRACKING_LEVEL, PATH_RENDERER_CLASS, DETAIL_RENDERER_CLASS)
VALUES ('dd05e998ffe7413ba49616b0b2831cde', 0, 1, '/', 'd0fcfd9f0ec6423bb45b4bc2e877fe04', '83', 'custHcl2FullLineage', 0, 'PathRenderer', 'DetailRenderer');
INSERT INTO CNT_HISTORY_DEF_ITEM
 (ID, REVISION, ENTITY_VERSION, DOMAIN_ID, PARENT_ID, LINE_NO, FIELD_ID, TRACKING_LEVEL, PATH_RENDERER_CLASS, DETAIL_RENDERER_CLASS)
VALUES ('d8edf3bff2db4cbca9e96a14eceebeef', 0, 1, '/', 'd0fcfd9f0ec6423bb45b4bc2e877fe04', '84', 'custHcl3Ref', 0, 'PathRenderer', 'DetailRenderer');
INSERT INTO CNT_HISTORY_DEF_ITEM
 (ID, REVISION, ENTITY_VERSION, DOMAIN_ID, PARENT_ID, LINE_NO, FIELD_ID, TRACKING_LEVEL, PATH_RENDERER_CLASS, DETAIL_RENDERER_CLASS)
VALUES ('5c2e7e37f6224bcca792b5d5249c936a', 0, 1, '/', 'd0fcfd9f0ec6423bb45b4bc2e877fe04', '85', 'custHcl3Ver', 0, 'PathRenderer', 'DetailRenderer');
INSERT INTO CNT_HISTORY_DEF_ITEM
 (ID, REVISION, ENTITY_VERSION, DOMAIN_ID, PARENT_ID, LINE_NO, FIELD_ID, TRACKING_LEVEL, PATH_RENDERER_CLASS, DETAIL_RENDERER_CLASS)
VALUES ('fcf30603b8d341cda6e17ff07bab9b28', 0, 1, '/', 'd0fcfd9f0ec6423bb45b4bc2e877fe04', '86', 'custHcl3Ref2', 0, 'PathRenderer', 'DetailRenderer');
INSERT INTO CNT_HISTORY_DEF_ITEM
 (ID, REVISION, ENTITY_VERSION, DOMAIN_ID, PARENT_ID, LINE_NO, FIELD_ID, TRACKING_LEVEL, PATH_RENDERER_CLASS, DETAIL_RENDERER_CLASS)
VALUES ('b1b757df48264b50b81e6b7dcc3ae33a', 0, 1, '/', 'd0fcfd9f0ec6423bb45b4bc2e877fe04', '87', 'custHcl3FullLineage', 0, 'PathRenderer', 'DetailRenderer');
INSERT INTO CNT_HISTORY_DEF_ITEM
 (ID, REVISION, ENTITY_VERSION, DOMAIN_ID, PARENT_ID, LINE_NO, FIELD_ID, TRACKING_LEVEL, PATH_RENDERER_CLASS, DETAIL_RENDERER_CLASS)
VALUES ('fced95b4a0e94322b603fb1dbcbde086', 0, 1, '/', 'd0fcfd9f0ec6423bb45b4bc2e877fe04', '88', 'custHcl4Ref', 0, 'PathRenderer', 'DetailRenderer');
INSERT INTO CNT_HISTORY_DEF_ITEM
 (ID, REVISION, ENTITY_VERSION, DOMAIN_ID, PARENT_ID, LINE_NO, FIELD_ID, TRACKING_LEVEL, PATH_RENDERER_CLASS, DETAIL_RENDERER_CLASS)
VALUES ('34154e23fa6d4c67bcf2a817ee7dade8', 0, 1, '/', 'd0fcfd9f0ec6423bb45b4bc2e877fe04', '89', 'custHcl4Ver', 0, 'PathRenderer', 'DetailRenderer');
INSERT INTO CNT_HISTORY_DEF_ITEM
 (ID, REVISION, ENTITY_VERSION, DOMAIN_ID, PARENT_ID, LINE_NO, FIELD_ID, TRACKING_LEVEL, PATH_RENDERER_CLASS, DETAIL_RENDERER_CLASS)
VALUES ('d2126a14234f48e18818115bdd6aec51', 0, 1, '/', 'd0fcfd9f0ec6423bb45b4bc2e877fe04', '90', 'custHcl4Ref2', 0, 'PathRenderer', 'DetailRenderer');
INSERT INTO CNT_HISTORY_DEF_ITEM
 (ID, REVISION, ENTITY_VERSION, DOMAIN_ID, PARENT_ID, LINE_NO, FIELD_ID, TRACKING_LEVEL, PATH_RENDERER_CLASS, DETAIL_RENDERER_CLASS)
VALUES ('802529eb97b948c9aa3da8383e2e7d1a', 0, 1, '/', 'd0fcfd9f0ec6423bb45b4bc2e877fe04', '91', 'custHcl4FullLineage', 0, 'PathRenderer', 'DetailRenderer');
INSERT INTO CNT_HISTORY_DEF_ITEM
 (ID, REVISION, ENTITY_VERSION, DOMAIN_ID, PARENT_ID, LINE_NO, FIELD_ID, TRACKING_LEVEL, PATH_RENDERER_CLASS, DETAIL_RENDERER_CLASS)
VALUES ('408b9707ab844129a32a0f2138f3e32d', 0, 1, '/', 'd0fcfd9f0ec6423bb45b4bc2e877fe04', '92', 'custHcl5Ref', 0, 'PathRenderer', 'DetailRenderer');
INSERT INTO CNT_HISTORY_DEF_ITEM
 (ID, REVISION, ENTITY_VERSION, DOMAIN_ID, PARENT_ID, LINE_NO, FIELD_ID, TRACKING_LEVEL, PATH_RENDERER_CLASS, DETAIL_RENDERER_CLASS)
VALUES ('ed1aa4d6ce254ba2b2fdf247cb312230', 0, 1, '/', 'd0fcfd9f0ec6423bb45b4bc2e877fe04', '93', 'custHcl5Ver', 0, 'PathRenderer', 'DetailRenderer');
INSERT INTO CNT_HISTORY_DEF_ITEM
 (ID, REVISION, ENTITY_VERSION, DOMAIN_ID, PARENT_ID, LINE_NO, FIELD_ID, TRACKING_LEVEL, PATH_RENDERER_CLASS, DETAIL_RENDERER_CLASS)
VALUES ('fe101399e047442dbccca123e2f0dfe1', 0, 1, '/', 'd0fcfd9f0ec6423bb45b4bc2e877fe04', '94', 'custHcl5Ref2', 0, 'PathRenderer', 'DetailRenderer');
INSERT INTO CNT_HISTORY_DEF_ITEM
 (ID, REVISION, ENTITY_VERSION, DOMAIN_ID, PARENT_ID, LINE_NO, FIELD_ID, TRACKING_LEVEL, PATH_RENDERER_CLASS, DETAIL_RENDERER_CLASS)
VALUES ('b38b675b89ed42998789f90ac370f648', 0, 1, '/', 'd0fcfd9f0ec6423bb45b4bc2e877fe04', '95', 'custHcl5FullLineage', 0, 'PathRenderer', 'DetailRenderer');
INSERT INTO CNT_HISTORY_DEF
 (ID, REVISION, APPLY_ENTITY, ENTITY_VERSION, DOMAIN_ID , GENERATED, CREATE_USER, CREATE_USER_NAME, CREATED_ON)
VALUES ('84eef28ccda24c84822b378757605cf4', 0, 'VendorInvoiceCharge', 1, '/', 1, 'system', 'system', systimestamp);
INSERT INTO CNT_HISTORY_DEF_ITEM
 (ID, REVISION, ENTITY_VERSION, DOMAIN_ID, PARENT_ID, LINE_NO, FIELD_ID, TRACKING_LEVEL, PATH_RENDERER_CLASS, DETAIL_RENDERER_CLASS)
VALUES ('f2dc3866a39d4370b8f6b91dd6a05ce1', 0, 1, '/', '84eef28ccda24c84822b378757605cf4', '0', 'id', 1, 'PathRenderer', 'DetailRenderer');
INSERT INTO CNT_HISTORY_DEF_ITEM
 (ID, REVISION, ENTITY_VERSION, DOMAIN_ID, PARENT_ID, LINE_NO, FIELD_ID, TRACKING_LEVEL, PATH_RENDERER_CLASS, DETAIL_RENDERER_CLASS)
VALUES ('b503db616f794b6487474a59ab131f2b', 0, 1, '/', '84eef28ccda24c84822b378757605cf4', '1', 'revision', 1, 'PathRenderer', 'DetailRenderer');
INSERT INTO CNT_HISTORY_DEF_ITEM
 (ID, REVISION, ENTITY_VERSION, DOMAIN_ID, PARENT_ID, LINE_NO, FIELD_ID, TRACKING_LEVEL, PATH_RENDERER_CLASS, DETAIL_RENDERER_CLASS)
VALUES ('42aa3423277e40abbc4a441b26ea273d', 0, 1, '/', '84eef28ccda24c84822b378757605cf4', '2', 'entityVersion', 1, 'PathRenderer', 'DetailRenderer');
INSERT INTO CNT_HISTORY_DEF_ITEM
 (ID, REVISION, ENTITY_VERSION, DOMAIN_ID, PARENT_ID, LINE_NO, FIELD_ID, TRACKING_LEVEL, PATH_RENDERER_CLASS, DETAIL_RENDERER_CLASS)
VALUES ('a61c6dcb2f5843299fd96de97c8a7a2c', 0, 1, '/', '84eef28ccda24c84822b378757605cf4', '3', 'domainId', 1, 'PathRenderer', 'DetailRenderer');
INSERT INTO CNT_HISTORY_DEF_ITEM
 (ID, REVISION, ENTITY_VERSION, DOMAIN_ID, PARENT_ID, LINE_NO, FIELD_ID, TRACKING_LEVEL, PATH_RENDERER_CLASS, DETAIL_RENDERER_CLASS)
VALUES ('569773f3775942dbbe29b1972b56b8de', 0, 1, '/', '84eef28ccda24c84822b378757605cf4', '4', 'hubDomainId', 1, 'PathRenderer', 'DetailRenderer');
INSERT INTO CNT_HISTORY_DEF_ITEM
 (ID, REVISION, ENTITY_VERSION, DOMAIN_ID, PARENT_ID, LINE_NO, FIELD_ID, TRACKING_LEVEL, PATH_RENDERER_CLASS, DETAIL_RENDERER_CLASS)
VALUES ('b1f07f6a01ab4deaaef40639ec97646c', 0, 1, '/', '84eef28ccda24c84822b378757605cf4', '5', 'isForReference', 1, 'PathRenderer', 'DetailRenderer');
INSERT INTO CNT_HISTORY_DEF_ITEM
 (ID, REVISION, ENTITY_VERSION, DOMAIN_ID, PARENT_ID, LINE_NO, FIELD_ID, TRACKING_LEVEL, PATH_RENDERER_CLASS, DETAIL_RENDERER_CLASS)
VALUES ('05ef60b1248a4cf69f6366c3d89fbfb5', 0, 1, '/', '84eef28ccda24c84822b378757605cf4', '6', 'internalSeqNo', 1, 'PathRenderer', 'DetailRenderer');
INSERT INTO CNT_HISTORY_DEF_ITEM
 (ID, REVISION, ENTITY_VERSION, DOMAIN_ID, PARENT_ID, LINE_NO, FIELD_ID, TRACKING_LEVEL, PATH_RENDERER_CLASS, DETAIL_RENDERER_CLASS)
VALUES ('1b2b703626eb4cffb3c38a4dfc8dde7f', 0, 1, '/', '84eef28ccda24c84822b378757605cf4', '7', 'vendorInvoiceId', 1, 'PathRenderer', 'DetailRenderer');
INSERT INTO CNT_HISTORY_DEF_ITEM
 (ID, REVISION, ENTITY_VERSION, DOMAIN_ID, PARENT_ID, LINE_NO, FIELD_ID, TRACKING_LEVEL, PATH_RENDERER_CLASS, DETAIL_RENDERER_CLASS)
VALUES ('401d6bbe3253487d8f186a4ad4d3cf8b', 0, 1, '/', '84eef28ccda24c84822b378757605cf4', '8', 'viShipmentItem', 1, 'PathRenderer', 'DetailRenderer');
INSERT INTO CNT_HISTORY_DEF_ITEM
 (ID, REVISION, ENTITY_VERSION, DOMAIN_ID, PARENT_ID, LINE_NO, FIELD_ID, TRACKING_LEVEL, PATH_RENDERER_CLASS, DETAIL_RENDERER_CLASS)
VALUES ('ba9a53edbd9f4cd58b1f4df80201899f', 0, 1, '/', '84eef28ccda24c84822b378757605cf4', '9', 'notes', 1, 'PathRenderer', 'DetailRenderer');
INSERT INTO CNT_HISTORY_DEF_ITEM
 (ID, REVISION, ENTITY_VERSION, DOMAIN_ID, PARENT_ID, LINE_NO, FIELD_ID, TRACKING_LEVEL, PATH_RENDERER_CLASS, DETAIL_RENDERER_CLASS)
VALUES ('3fa1cd39c9e64affb7ac7856ff508c8f', 0, 1, '/', '84eef28ccda24c84822b378757605cf4', '10', 'reasonCode', 1, 'PathRenderer', 'DetailRenderer');
INSERT INTO CNT_HISTORY_DEF_ITEM
 (ID, REVISION, ENTITY_VERSION, DOMAIN_ID, PARENT_ID, LINE_NO, FIELD_ID, TRACKING_LEVEL, PATH_RENDERER_CLASS, DETAIL_RENDERER_CLASS)
VALUES ('7803f591e4654ff8a9031b9f86fe98fd', 0, 1, '/', '84eef28ccda24c84822b378757605cf4', '11', 'chargeType', 1, 'PathRenderer', 'DetailRenderer');
INSERT INTO CNT_HISTORY_DEF_ITEM
 (ID, REVISION, ENTITY_VERSION, DOMAIN_ID, PARENT_ID, LINE_NO, FIELD_ID, TRACKING_LEVEL, PATH_RENDERER_CLASS, DETAIL_RENDERER_CLASS)
VALUES ('0602343fa2054b58a0e512784a4a4bf7', 0, 1, '/', '84eef28ccda24c84822b378757605cf4', '12', 'chargeDesc', 1, 'PathRenderer', 'DetailRenderer');
INSERT INTO CNT_HISTORY_DEF_ITEM
 (ID, REVISION, ENTITY_VERSION, DOMAIN_ID, PARENT_ID, LINE_NO, FIELD_ID, TRACKING_LEVEL, PATH_RENDERER_CLASS, DETAIL_RENDERER_CLASS)
VALUES ('810350d709b6420ab8f4fced63f0caa7', 0, 1, '/', '84eef28ccda24c84822b378757605cf4', '13', 'calculateType', 1, 'PathRenderer', 'DetailRenderer');
INSERT INTO CNT_HISTORY_DEF_ITEM
 (ID, REVISION, ENTITY_VERSION, DOMAIN_ID, PARENT_ID, LINE_NO, FIELD_ID, TRACKING_LEVEL, PATH_RENDERER_CLASS, DETAIL_RENDERER_CLASS)
VALUES ('72cca1c23173488c8a3a08ab197b2585', 0, 1, '/', '84eef28ccda24c84822b378757605cf4', '14', 'chargeValue', 1, 'PathRenderer', 'DetailRenderer');
INSERT INTO CNT_HISTORY_DEF_ITEM
 (ID, REVISION, ENTITY_VERSION, DOMAIN_ID, PARENT_ID, LINE_NO, FIELD_ID, TRACKING_LEVEL, PATH_RENDERER_CLASS, DETAIL_RENDERER_CLASS)
VALUES ('b7aaa0f35f2748b3b685447f7c6f0db4', 0, 1, '/', '84eef28ccda24c84822b378757605cf4', '15', 'chargeAmt', 1, 'PathRenderer', 'DetailRenderer');
INSERT INTO CNT_HISTORY_DEF_ITEM
 (ID, REVISION, ENTITY_VERSION, DOMAIN_ID, PARENT_ID, LINE_NO, FIELD_ID, TRACKING_LEVEL, PATH_RENDERER_CLASS, DETAIL_RENDERER_CLASS)
VALUES ('a7594c867abc4a18b37c57380aa93581', 0, 1, '/', '84eef28ccda24c84822b378757605cf4', '16', 'refNo', 0, 'PathRenderer', 'DetailRenderer');
INSERT INTO CNT_HISTORY_DEF_ITEM
 (ID, REVISION, ENTITY_VERSION, DOMAIN_ID, PARENT_ID, LINE_NO, FIELD_ID, TRACKING_LEVEL, PATH_RENDERER_CLASS, DETAIL_RENDERER_CLASS)
VALUES ('c4d352fbec294661922a40414953855a', 0, 1, '/', '84eef28ccda24c84822b378757605cf4', '17', 'custText1', 1, 'PathRenderer', 'DetailRenderer');
INSERT INTO CNT_HISTORY_DEF_ITEM
 (ID, REVISION, ENTITY_VERSION, DOMAIN_ID, PARENT_ID, LINE_NO, FIELD_ID, TRACKING_LEVEL, PATH_RENDERER_CLASS, DETAIL_RENDERER_CLASS)
VALUES ('664873641eb5459d817630bb63f7a316', 0, 1, '/', '84eef28ccda24c84822b378757605cf4', '18', 'custText2', 1, 'PathRenderer', 'DetailRenderer');
INSERT INTO CNT_HISTORY_DEF_ITEM
 (ID, REVISION, ENTITY_VERSION, DOMAIN_ID, PARENT_ID, LINE_NO, FIELD_ID, TRACKING_LEVEL, PATH_RENDERER_CLASS, DETAIL_RENDERER_CLASS)
VALUES ('c9a65eb6ebcb48c4a1ba26b7959f4e47', 0, 1, '/', '84eef28ccda24c84822b378757605cf4', '19', 'custText3', 1, 'PathRenderer', 'DetailRenderer');
INSERT INTO CNT_HISTORY_DEF_ITEM
 (ID, REVISION, ENTITY_VERSION, DOMAIN_ID, PARENT_ID, LINE_NO, FIELD_ID, TRACKING_LEVEL, PATH_RENDERER_CLASS, DETAIL_RENDERER_CLASS)
VALUES ('d43de28306fc4d22968bb45b250531cf', 0, 1, '/', '84eef28ccda24c84822b378757605cf4', '20', 'custText4', 1, 'PathRenderer', 'DetailRenderer');
INSERT INTO CNT_HISTORY_DEF_ITEM
 (ID, REVISION, ENTITY_VERSION, DOMAIN_ID, PARENT_ID, LINE_NO, FIELD_ID, TRACKING_LEVEL, PATH_RENDERER_CLASS, DETAIL_RENDERER_CLASS)
VALUES ('11b17b65929f409a965cfeb905e913d2', 0, 1, '/', '84eef28ccda24c84822b378757605cf4', '21', 'custText5', 1, 'PathRenderer', 'DetailRenderer');
INSERT INTO CNT_HISTORY_DEF_ITEM
 (ID, REVISION, ENTITY_VERSION, DOMAIN_ID, PARENT_ID, LINE_NO, FIELD_ID, TRACKING_LEVEL, PATH_RENDERER_CLASS, DETAIL_RENDERER_CLASS)
VALUES ('108e0ed859a14d908a447c1e25f2211a', 0, 1, '/', '84eef28ccda24c84822b378757605cf4', '22', 'custText6', 1, 'PathRenderer', 'DetailRenderer');
INSERT INTO CNT_HISTORY_DEF_ITEM
 (ID, REVISION, ENTITY_VERSION, DOMAIN_ID, PARENT_ID, LINE_NO, FIELD_ID, TRACKING_LEVEL, PATH_RENDERER_CLASS, DETAIL_RENDERER_CLASS)
VALUES ('7beb336761f24cc0b9996395457bc232', 0, 1, '/', '84eef28ccda24c84822b378757605cf4', '23', 'custText7', 1, 'PathRenderer', 'DetailRenderer');
INSERT INTO CNT_HISTORY_DEF_ITEM
 (ID, REVISION, ENTITY_VERSION, DOMAIN_ID, PARENT_ID, LINE_NO, FIELD_ID, TRACKING_LEVEL, PATH_RENDERER_CLASS, DETAIL_RENDERER_CLASS)
VALUES ('ec4a562a5643413f992e3471e54f3255', 0, 1, '/', '84eef28ccda24c84822b378757605cf4', '24', 'custDate1', 1, 'PathRenderer', 'DetailRenderer');
INSERT INTO CNT_HISTORY_DEF_ITEM
 (ID, REVISION, ENTITY_VERSION, DOMAIN_ID, PARENT_ID, LINE_NO, FIELD_ID, TRACKING_LEVEL, PATH_RENDERER_CLASS, DETAIL_RENDERER_CLASS)
VALUES ('1c6b1965a32a4c1da9f531bc376ba000', 0, 1, '/', '84eef28ccda24c84822b378757605cf4', '25', 'custDate2', 1, 'PathRenderer', 'DetailRenderer');
INSERT INTO CNT_HISTORY_DEF_ITEM
 (ID, REVISION, ENTITY_VERSION, DOMAIN_ID, PARENT_ID, LINE_NO, FIELD_ID, TRACKING_LEVEL, PATH_RENDERER_CLASS, DETAIL_RENDERER_CLASS)
VALUES ('abe9049d81354fe393759c77bc20d25c', 0, 1, '/', '84eef28ccda24c84822b378757605cf4', '26', 'custDate3', 1, 'PathRenderer', 'DetailRenderer');
INSERT INTO CNT_HISTORY_DEF_ITEM
 (ID, REVISION, ENTITY_VERSION, DOMAIN_ID, PARENT_ID, LINE_NO, FIELD_ID, TRACKING_LEVEL, PATH_RENDERER_CLASS, DETAIL_RENDERER_CLASS)
VALUES ('d71e242b647d4ac1bcf68d9dd4ce5d0c', 0, 1, '/', '84eef28ccda24c84822b378757605cf4', '27', 'custDate4', 1, 'PathRenderer', 'DetailRenderer');
INSERT INTO CNT_HISTORY_DEF_ITEM
 (ID, REVISION, ENTITY_VERSION, DOMAIN_ID, PARENT_ID, LINE_NO, FIELD_ID, TRACKING_LEVEL, PATH_RENDERER_CLASS, DETAIL_RENDERER_CLASS)
VALUES ('70f34241e7274c9b838f732b0afb3382', 0, 1, '/', '84eef28ccda24c84822b378757605cf4', '28', 'custDate5', 1, 'PathRenderer', 'DetailRenderer');
INSERT INTO CNT_HISTORY_DEF_ITEM
 (ID, REVISION, ENTITY_VERSION, DOMAIN_ID, PARENT_ID, LINE_NO, FIELD_ID, TRACKING_LEVEL, PATH_RENDERER_CLASS, DETAIL_RENDERER_CLASS)
VALUES ('51f952d5fdde421c86e8e7511c9b39df', 0, 1, '/', '84eef28ccda24c84822b378757605cf4', '29', 'custDate6', 1, 'PathRenderer', 'DetailRenderer');
INSERT INTO CNT_HISTORY_DEF_ITEM
 (ID, REVISION, ENTITY_VERSION, DOMAIN_ID, PARENT_ID, LINE_NO, FIELD_ID, TRACKING_LEVEL, PATH_RENDERER_CLASS, DETAIL_RENDERER_CLASS)
VALUES ('47b14655f2234ec8bed917af5a8c8f5b', 0, 1, '/', '84eef28ccda24c84822b378757605cf4', '30', 'custDate7', 1, 'PathRenderer', 'DetailRenderer');
INSERT INTO CNT_HISTORY_DEF_ITEM
 (ID, REVISION, ENTITY_VERSION, DOMAIN_ID, PARENT_ID, LINE_NO, FIELD_ID, TRACKING_LEVEL, PATH_RENDERER_CLASS, DETAIL_RENDERER_CLASS)
VALUES ('8b10b03550f545a3b57f1e463028672b', 0, 1, '/', '84eef28ccda24c84822b378757605cf4', '31', 'custNumber1', 1, 'PathRenderer', 'DetailRenderer');
INSERT INTO CNT_HISTORY_DEF_ITEM
 (ID, REVISION, ENTITY_VERSION, DOMAIN_ID, PARENT_ID, LINE_NO, FIELD_ID, TRACKING_LEVEL, PATH_RENDERER_CLASS, DETAIL_RENDERER_CLASS)
VALUES ('4ebf24c4088a415cb98bb373c9b1191b', 0, 1, '/', '84eef28ccda24c84822b378757605cf4', '32', 'custNumber2', 1, 'PathRenderer', 'DetailRenderer');
INSERT INTO CNT_HISTORY_DEF_ITEM
 (ID, REVISION, ENTITY_VERSION, DOMAIN_ID, PARENT_ID, LINE_NO, FIELD_ID, TRACKING_LEVEL, PATH_RENDERER_CLASS, DETAIL_RENDERER_CLASS)
VALUES ('6675e7feb4614a60b94902dfdef517f4', 0, 1, '/', '84eef28ccda24c84822b378757605cf4', '33', 'custNumber3', 1, 'PathRenderer', 'DetailRenderer');
INSERT INTO CNT_HISTORY_DEF_ITEM
 (ID, REVISION, ENTITY_VERSION, DOMAIN_ID, PARENT_ID, LINE_NO, FIELD_ID, TRACKING_LEVEL, PATH_RENDERER_CLASS, DETAIL_RENDERER_CLASS)
VALUES ('8c1eb6d613174e129a7a1b29b1a2b9b9', 0, 1, '/', '84eef28ccda24c84822b378757605cf4', '34', 'custNumber4', 1, 'PathRenderer', 'DetailRenderer');
INSERT INTO CNT_HISTORY_DEF_ITEM
 (ID, REVISION, ENTITY_VERSION, DOMAIN_ID, PARENT_ID, LINE_NO, FIELD_ID, TRACKING_LEVEL, PATH_RENDERER_CLASS, DETAIL_RENDERER_CLASS)
VALUES ('17d96e2960944f12bdfd41f21d09a77e', 0, 1, '/', '84eef28ccda24c84822b378757605cf4', '35', 'custNumber5', 1, 'PathRenderer', 'DetailRenderer');
INSERT INTO CNT_HISTORY_DEF_ITEM
 (ID, REVISION, ENTITY_VERSION, DOMAIN_ID, PARENT_ID, LINE_NO, FIELD_ID, TRACKING_LEVEL, PATH_RENDERER_CLASS, DETAIL_RENDERER_CLASS)
VALUES ('e1c816041cb6439bb5d587e20d5fe791', 0, 1, '/', '84eef28ccda24c84822b378757605cf4', '36', 'custNumber6', 1, 'PathRenderer', 'DetailRenderer');
INSERT INTO CNT_HISTORY_DEF_ITEM
 (ID, REVISION, ENTITY_VERSION, DOMAIN_ID, PARENT_ID, LINE_NO, FIELD_ID, TRACKING_LEVEL, PATH_RENDERER_CLASS, DETAIL_RENDERER_CLASS)
VALUES ('d14b9be735f84c17966d75e8e93dfd4a', 0, 1, '/', '84eef28ccda24c84822b378757605cf4', '37', 'custNumber7', 1, 'PathRenderer', 'DetailRenderer');
INSERT INTO CNT_HISTORY_DEF_ITEM
 (ID, REVISION, ENTITY_VERSION, DOMAIN_ID, PARENT_ID, LINE_NO, FIELD_ID, TRACKING_LEVEL, PATH_RENDERER_CLASS, DETAIL_RENDERER_CLASS)
VALUES ('54760e1cd22f4e9780adec7f9c366470', 0, 1, '/', '84eef28ccda24c84822b378757605cf4', '38', 'custDecimal1', 1, 'PathRenderer', 'DetailRenderer');
INSERT INTO CNT_HISTORY_DEF_ITEM
 (ID, REVISION, ENTITY_VERSION, DOMAIN_ID, PARENT_ID, LINE_NO, FIELD_ID, TRACKING_LEVEL, PATH_RENDERER_CLASS, DETAIL_RENDERER_CLASS)
VALUES ('970ac0cd04224dd29fd34dce71d943be', 0, 1, '/', '84eef28ccda24c84822b378757605cf4', '39', 'custDecimal2', 1, 'PathRenderer', 'DetailRenderer');
INSERT INTO CNT_HISTORY_DEF_ITEM
 (ID, REVISION, ENTITY_VERSION, DOMAIN_ID, PARENT_ID, LINE_NO, FIELD_ID, TRACKING_LEVEL, PATH_RENDERER_CLASS, DETAIL_RENDERER_CLASS)
VALUES ('a3034617b1124c4498666dcaf802eb5f', 0, 1, '/', '84eef28ccda24c84822b378757605cf4', '40', 'custDecimal3', 1, 'PathRenderer', 'DetailRenderer');
INSERT INTO CNT_HISTORY_DEF_ITEM
 (ID, REVISION, ENTITY_VERSION, DOMAIN_ID, PARENT_ID, LINE_NO, FIELD_ID, TRACKING_LEVEL, PATH_RENDERER_CLASS, DETAIL_RENDERER_CLASS)
VALUES ('5fd96efd68fa42d4bc9506dcb2de838e', 0, 1, '/', '84eef28ccda24c84822b378757605cf4', '41', 'custDecimal4', 1, 'PathRenderer', 'DetailRenderer');
INSERT INTO CNT_HISTORY_DEF_ITEM
 (ID, REVISION, ENTITY_VERSION, DOMAIN_ID, PARENT_ID, LINE_NO, FIELD_ID, TRACKING_LEVEL, PATH_RENDERER_CLASS, DETAIL_RENDERER_CLASS)
VALUES ('25485604655e4e9fbecf9bd0ecbe309f', 0, 1, '/', '84eef28ccda24c84822b378757605cf4', '42', 'custDecimal5', 1, 'PathRenderer', 'DetailRenderer');
INSERT INTO CNT_HISTORY_DEF_ITEM
 (ID, REVISION, ENTITY_VERSION, DOMAIN_ID, PARENT_ID, LINE_NO, FIELD_ID, TRACKING_LEVEL, PATH_RENDERER_CLASS, DETAIL_RENDERER_CLASS)
VALUES ('2a42dd14da464299b5d1a05be66906cf', 0, 1, '/', '84eef28ccda24c84822b378757605cf4', '43', 'custDecimal6', 1, 'PathRenderer', 'DetailRenderer');
INSERT INTO CNT_HISTORY_DEF_ITEM
 (ID, REVISION, ENTITY_VERSION, DOMAIN_ID, PARENT_ID, LINE_NO, FIELD_ID, TRACKING_LEVEL, PATH_RENDERER_CLASS, DETAIL_RENDERER_CLASS)
VALUES ('e1c54490ac5a430696829fbb847096d0', 0, 1, '/', '84eef28ccda24c84822b378757605cf4', '44', 'custDecimal7', 1, 'PathRenderer', 'DetailRenderer');
INSERT INTO CNT_HISTORY_DEF_ITEM
 (ID, REVISION, ENTITY_VERSION, DOMAIN_ID, PARENT_ID, LINE_NO, FIELD_ID, TRACKING_LEVEL, PATH_RENDERER_CLASS, DETAIL_RENDERER_CLASS)
VALUES ('e65081532d7444a2b9475d5724ac06ce', 0, 1, '/', '84eef28ccda24c84822b378757605cf4', '45', 'custCodelist1', 1, 'PathRenderer', 'DetailRenderer');
INSERT INTO CNT_HISTORY_DEF_ITEM
 (ID, REVISION, ENTITY_VERSION, DOMAIN_ID, PARENT_ID, LINE_NO, FIELD_ID, TRACKING_LEVEL, PATH_RENDERER_CLASS, DETAIL_RENDERER_CLASS)
VALUES ('5627479309644650a3facaa7c884301d', 0, 1, '/', '84eef28ccda24c84822b378757605cf4', '46', 'custCodelist2', 1, 'PathRenderer', 'DetailRenderer');
INSERT INTO CNT_HISTORY_DEF_ITEM
 (ID, REVISION, ENTITY_VERSION, DOMAIN_ID, PARENT_ID, LINE_NO, FIELD_ID, TRACKING_LEVEL, PATH_RENDERER_CLASS, DETAIL_RENDERER_CLASS)
VALUES ('f68f6419a2da49d49719ddd9e1e18a6c', 0, 1, '/', '84eef28ccda24c84822b378757605cf4', '47', 'custCodelist3', 1, 'PathRenderer', 'DetailRenderer');
INSERT INTO CNT_HISTORY_DEF_ITEM
 (ID, REVISION, ENTITY_VERSION, DOMAIN_ID, PARENT_ID, LINE_NO, FIELD_ID, TRACKING_LEVEL, PATH_RENDERER_CLASS, DETAIL_RENDERER_CLASS)
VALUES ('b482c2ed26124a5585bbab96bb6f958a', 0, 1, '/', '84eef28ccda24c84822b378757605cf4', '48', 'custCodelist4', 1, 'PathRenderer', 'DetailRenderer');
INSERT INTO CNT_HISTORY_DEF_ITEM
 (ID, REVISION, ENTITY_VERSION, DOMAIN_ID, PARENT_ID, LINE_NO, FIELD_ID, TRACKING_LEVEL, PATH_RENDERER_CLASS, DETAIL_RENDERER_CLASS)
VALUES ('7c352efd08964e9091bec6928afa8564', 0, 1, '/', '84eef28ccda24c84822b378757605cf4', '49', 'custCodelist5', 1, 'PathRenderer', 'DetailRenderer');
INSERT INTO CNT_HISTORY_DEF_ITEM
 (ID, REVISION, ENTITY_VERSION, DOMAIN_ID, PARENT_ID, LINE_NO, FIELD_ID, TRACKING_LEVEL, PATH_RENDERER_CLASS, DETAIL_RENDERER_CLASS)
VALUES ('2f6b00ce9c7d4e84b910d9f3695a51d8', 0, 1, '/', '84eef28ccda24c84822b378757605cf4', '50', 'custCodelist6', 1, 'PathRenderer', 'DetailRenderer');
INSERT INTO CNT_HISTORY_DEF_ITEM
 (ID, REVISION, ENTITY_VERSION, DOMAIN_ID, PARENT_ID, LINE_NO, FIELD_ID, TRACKING_LEVEL, PATH_RENDERER_CLASS, DETAIL_RENDERER_CLASS)
VALUES ('4641c4f130c0472b954208b78bee909b', 0, 1, '/', '84eef28ccda24c84822b378757605cf4', '51', 'custCodelist7', 1, 'PathRenderer', 'DetailRenderer');
INSERT INTO CNT_HISTORY_DEF_ITEM
 (ID, REVISION, ENTITY_VERSION, DOMAIN_ID, PARENT_ID, LINE_NO, FIELD_ID, TRACKING_LEVEL, PATH_RENDERER_CLASS, DETAIL_RENDERER_CLASS)
VALUES ('07d9fdd246ab4033b35c982b23a2cea5', 0, 1, '/', '84eef28ccda24c84822b378757605cf4', '52', 'custMemoText1', 1, 'PathRenderer', 'DetailRenderer');
INSERT INTO CNT_HISTORY_DEF_ITEM
 (ID, REVISION, ENTITY_VERSION, DOMAIN_ID, PARENT_ID, LINE_NO, FIELD_ID, TRACKING_LEVEL, PATH_RENDERER_CLASS, DETAIL_RENDERER_CLASS)
VALUES ('ac201a1ab49b4cad9d8cb4a6bf3e29c3', 0, 1, '/', '84eef28ccda24c84822b378757605cf4', '53', 'custMemoText2', 1, 'PathRenderer', 'DetailRenderer');
INSERT INTO CNT_HISTORY_DEF_ITEM
 (ID, REVISION, ENTITY_VERSION, DOMAIN_ID, PARENT_ID, LINE_NO, FIELD_ID, TRACKING_LEVEL, PATH_RENDERER_CLASS, DETAIL_RENDERER_CLASS)
VALUES ('7228a152cfd84165bb5af5c1af5134a6', 0, 1, '/', '84eef28ccda24c84822b378757605cf4', '54', 'custMemoText3', 1, 'PathRenderer', 'DetailRenderer');
INSERT INTO CNT_HISTORY_DEF_ITEM
 (ID, REVISION, ENTITY_VERSION, DOMAIN_ID, PARENT_ID, LINE_NO, FIELD_ID, TRACKING_LEVEL, PATH_RENDERER_CLASS, DETAIL_RENDERER_CLASS)
VALUES ('74255256852b4d199ae0f9d3a8090a9e', 0, 1, '/', '84eef28ccda24c84822b378757605cf4', '55', 'custMemoText4', 1, 'PathRenderer', 'DetailRenderer');
INSERT INTO CNT_HISTORY_DEF_ITEM
 (ID, REVISION, ENTITY_VERSION, DOMAIN_ID, PARENT_ID, LINE_NO, FIELD_ID, TRACKING_LEVEL, PATH_RENDERER_CLASS, DETAIL_RENDERER_CLASS)
VALUES ('bea84dd294db4d6698bbd6c844f9aaed', 0, 1, '/', '84eef28ccda24c84822b378757605cf4', '56', 'custMemoText5', 1, 'PathRenderer', 'DetailRenderer');
INSERT INTO CNT_HISTORY_DEF_ITEM
 (ID, REVISION, ENTITY_VERSION, DOMAIN_ID, PARENT_ID, LINE_NO, FIELD_ID, TRACKING_LEVEL, PATH_RENDERER_CLASS, DETAIL_RENDERER_CLASS)
VALUES ('bb649bd45ad24dbeb63c9914e8f6132d', 0, 1, '/', '84eef28ccda24c84822b378757605cf4', '57', 'custMemoText6', 1, 'PathRenderer', 'DetailRenderer');
INSERT INTO CNT_HISTORY_DEF_ITEM
 (ID, REVISION, ENTITY_VERSION, DOMAIN_ID, PARENT_ID, LINE_NO, FIELD_ID, TRACKING_LEVEL, PATH_RENDERER_CLASS, DETAIL_RENDERER_CLASS)
VALUES ('7d665b874a554031a2af0a73f48b8e08', 0, 1, '/', '84eef28ccda24c84822b378757605cf4', '58', 'custMemoText7', 1, 'PathRenderer', 'DetailRenderer');
INSERT INTO CNT_HISTORY_DEF_ITEM
 (ID, REVISION, ENTITY_VERSION, DOMAIN_ID, PARENT_ID, LINE_NO, FIELD_ID, TRACKING_LEVEL, PATH_RENDERER_CLASS, DETAIL_RENDERER_CLASS)
VALUES ('114b7a393bf94027a5d0836de850cbcb', 0, 1, '/', '84eef28ccda24c84822b378757605cf4', '59', 'custHcl1', 1, 'PathRenderer', 'DetailRenderer');
INSERT INTO CNT_HISTORY_DEF_ITEM
 (ID, REVISION, ENTITY_VERSION, DOMAIN_ID, PARENT_ID, LINE_NO, FIELD_ID, TRACKING_LEVEL, PATH_RENDERER_CLASS, DETAIL_RENDERER_CLASS)
VALUES ('ef8d9d4d731d4fa1b387917d5d53421c', 0, 1, '/', '84eef28ccda24c84822b378757605cf4', '60', 'custHcl2', 1, 'PathRenderer', 'DetailRenderer');
INSERT INTO CNT_HISTORY_DEF_ITEM
 (ID, REVISION, ENTITY_VERSION, DOMAIN_ID, PARENT_ID, LINE_NO, FIELD_ID, TRACKING_LEVEL, PATH_RENDERER_CLASS, DETAIL_RENDERER_CLASS)
VALUES ('b06e7ff819eb4ca2bddd91bc24cf2b15', 0, 1, '/', '84eef28ccda24c84822b378757605cf4', '61', 'custHcl3', 1, 'PathRenderer', 'DetailRenderer');
INSERT INTO CNT_HISTORY_DEF_ITEM
 (ID, REVISION, ENTITY_VERSION, DOMAIN_ID, PARENT_ID, LINE_NO, FIELD_ID, TRACKING_LEVEL, PATH_RENDERER_CLASS, DETAIL_RENDERER_CLASS)
VALUES ('fd6fd10765754b9cb486562ed6769b96', 0, 1, '/', '84eef28ccda24c84822b378757605cf4', '62', 'custHcl4', 1, 'PathRenderer', 'DetailRenderer');
INSERT INTO CNT_HISTORY_DEF_ITEM
 (ID, REVISION, ENTITY_VERSION, DOMAIN_ID, PARENT_ID, LINE_NO, FIELD_ID, TRACKING_LEVEL, PATH_RENDERER_CLASS, DETAIL_RENDERER_CLASS)
VALUES ('8f93f535df6c477f8fb6745fc0d0b4a8', 0, 1, '/', '84eef28ccda24c84822b378757605cf4', '63', 'custHcl5', 1, 'PathRenderer', 'DetailRenderer');
INSERT INTO CNT_HISTORY_DEF_ITEM
 (ID, REVISION, ENTITY_VERSION, DOMAIN_ID, PARENT_ID, LINE_NO, FIELD_ID, TRACKING_LEVEL, PATH_RENDERER_CLASS, DETAIL_RENDERER_CLASS)
VALUES ('d38ef16e2e314f459d5de59c718ef598', 0, 1, '/', '84eef28ccda24c84822b378757605cf4', '64', 'viShipmentItemRef', 0, 'PathRenderer', 'DetailRenderer');
INSERT INTO CNT_HISTORY_DEF_ITEM
 (ID, REVISION, ENTITY_VERSION, DOMAIN_ID, PARENT_ID, LINE_NO, FIELD_ID, TRACKING_LEVEL, PATH_RENDERER_CLASS, DETAIL_RENDERER_CLASS)
VALUES ('0d304a00f6a1478b95b190fa2d780c46', 0, 1, '/', '84eef28ccda24c84822b378757605cf4', '65', 'reasonCodeName', 0, 'PathRenderer', 'DetailRenderer');
INSERT INTO CNT_HISTORY_DEF_ITEM
 (ID, REVISION, ENTITY_VERSION, DOMAIN_ID, PARENT_ID, LINE_NO, FIELD_ID, TRACKING_LEVEL, PATH_RENDERER_CLASS, DETAIL_RENDERER_CLASS)
VALUES ('842c348caa8e411d9b0999bb3f320307', 0, 1, '/', '84eef28ccda24c84822b378757605cf4', '66', 'chargeTypeName', 0, 'PathRenderer', 'DetailRenderer');
INSERT INTO CNT_HISTORY_DEF_ITEM
 (ID, REVISION, ENTITY_VERSION, DOMAIN_ID, PARENT_ID, LINE_NO, FIELD_ID, TRACKING_LEVEL, PATH_RENDERER_CLASS, DETAIL_RENDERER_CLASS)
VALUES ('00cdbd98229746e8b06edeefee0d9a33', 0, 1, '/', '84eef28ccda24c84822b378757605cf4', '67', 'calculateTypeName', 0, 'PathRenderer', 'DetailRenderer');
INSERT INTO CNT_HISTORY_DEF_ITEM
 (ID, REVISION, ENTITY_VERSION, DOMAIN_ID, PARENT_ID, LINE_NO, FIELD_ID, TRACKING_LEVEL, PATH_RENDERER_CLASS, DETAIL_RENDERER_CLASS)
VALUES ('2304cd7c8ed746d396fa3bbcf00867a1', 0, 1, '/', '84eef28ccda24c84822b378757605cf4', '68', 'custCodelist1Name', 0, 'PathRenderer', 'DetailRenderer');
INSERT INTO CNT_HISTORY_DEF_ITEM
 (ID, REVISION, ENTITY_VERSION, DOMAIN_ID, PARENT_ID, LINE_NO, FIELD_ID, TRACKING_LEVEL, PATH_RENDERER_CLASS, DETAIL_RENDERER_CLASS)
VALUES ('013b1968f1a34a0ea1591e9a3b0995ab', 0, 1, '/', '84eef28ccda24c84822b378757605cf4', '69', 'custCodelist2Name', 0, 'PathRenderer', 'DetailRenderer');
INSERT INTO CNT_HISTORY_DEF_ITEM
 (ID, REVISION, ENTITY_VERSION, DOMAIN_ID, PARENT_ID, LINE_NO, FIELD_ID, TRACKING_LEVEL, PATH_RENDERER_CLASS, DETAIL_RENDERER_CLASS)
VALUES ('430b3b4ff12b44bf86c72505c966ec4c', 0, 1, '/', '84eef28ccda24c84822b378757605cf4', '70', 'custCodelist3Name', 0, 'PathRenderer', 'DetailRenderer');
INSERT INTO CNT_HISTORY_DEF_ITEM
 (ID, REVISION, ENTITY_VERSION, DOMAIN_ID, PARENT_ID, LINE_NO, FIELD_ID, TRACKING_LEVEL, PATH_RENDERER_CLASS, DETAIL_RENDERER_CLASS)
VALUES ('8baf56add585469f988852418f25ce96', 0, 1, '/', '84eef28ccda24c84822b378757605cf4', '71', 'custCodelist4Name', 0, 'PathRenderer', 'DetailRenderer');
INSERT INTO CNT_HISTORY_DEF_ITEM
 (ID, REVISION, ENTITY_VERSION, DOMAIN_ID, PARENT_ID, LINE_NO, FIELD_ID, TRACKING_LEVEL, PATH_RENDERER_CLASS, DETAIL_RENDERER_CLASS)
VALUES ('e14be1d23c5a485598fc235738a85ee3', 0, 1, '/', '84eef28ccda24c84822b378757605cf4', '72', 'custCodelist5Name', 0, 'PathRenderer', 'DetailRenderer');
INSERT INTO CNT_HISTORY_DEF_ITEM
 (ID, REVISION, ENTITY_VERSION, DOMAIN_ID, PARENT_ID, LINE_NO, FIELD_ID, TRACKING_LEVEL, PATH_RENDERER_CLASS, DETAIL_RENDERER_CLASS)
VALUES ('6763e35b138f4d08ada933bf1e108edd', 0, 1, '/', '84eef28ccda24c84822b378757605cf4', '73', 'custCodelist6Name', 0, 'PathRenderer', 'DetailRenderer');
INSERT INTO CNT_HISTORY_DEF_ITEM
 (ID, REVISION, ENTITY_VERSION, DOMAIN_ID, PARENT_ID, LINE_NO, FIELD_ID, TRACKING_LEVEL, PATH_RENDERER_CLASS, DETAIL_RENDERER_CLASS)
VALUES ('ba9d897876ca49389e7120bf543f501c', 0, 1, '/', '84eef28ccda24c84822b378757605cf4', '74', 'custCodelist7Name', 0, 'PathRenderer', 'DetailRenderer');
INSERT INTO CNT_HISTORY_DEF_ITEM
 (ID, REVISION, ENTITY_VERSION, DOMAIN_ID, PARENT_ID, LINE_NO, FIELD_ID, TRACKING_LEVEL, PATH_RENDERER_CLASS, DETAIL_RENDERER_CLASS)
VALUES ('5abd9f701f534093a70b0a5bbd958daf', 0, 1, '/', '84eef28ccda24c84822b378757605cf4', '75', 'custHcl1Ref', 0, 'PathRenderer', 'DetailRenderer');
INSERT INTO CNT_HISTORY_DEF_ITEM
 (ID, REVISION, ENTITY_VERSION, DOMAIN_ID, PARENT_ID, LINE_NO, FIELD_ID, TRACKING_LEVEL, PATH_RENDERER_CLASS, DETAIL_RENDERER_CLASS)
VALUES ('741ecea39d70452dba51c4354de2247f', 0, 1, '/', '84eef28ccda24c84822b378757605cf4', '76', 'custHcl1Ver', 0, 'PathRenderer', 'DetailRenderer');
INSERT INTO CNT_HISTORY_DEF_ITEM
 (ID, REVISION, ENTITY_VERSION, DOMAIN_ID, PARENT_ID, LINE_NO, FIELD_ID, TRACKING_LEVEL, PATH_RENDERER_CLASS, DETAIL_RENDERER_CLASS)
VALUES ('aec16952bfdd47c0a2251dbdcb5e4a9f', 0, 1, '/', '84eef28ccda24c84822b378757605cf4', '77', 'custHcl1Ref2', 0, 'PathRenderer', 'DetailRenderer');
INSERT INTO CNT_HISTORY_DEF_ITEM
 (ID, REVISION, ENTITY_VERSION, DOMAIN_ID, PARENT_ID, LINE_NO, FIELD_ID, TRACKING_LEVEL, PATH_RENDERER_CLASS, DETAIL_RENDERER_CLASS)
VALUES ('8a424c3a6a8a4ced9b8354cd596991ff', 0, 1, '/', '84eef28ccda24c84822b378757605cf4', '78', 'custHcl1FullLineage', 0, 'PathRenderer', 'DetailRenderer');
INSERT INTO CNT_HISTORY_DEF_ITEM
 (ID, REVISION, ENTITY_VERSION, DOMAIN_ID, PARENT_ID, LINE_NO, FIELD_ID, TRACKING_LEVEL, PATH_RENDERER_CLASS, DETAIL_RENDERER_CLASS)
VALUES ('ba0eeddeee464d1789516d875d6a67e5', 0, 1, '/', '84eef28ccda24c84822b378757605cf4', '79', 'custHcl2Ref', 0, 'PathRenderer', 'DetailRenderer');
INSERT INTO CNT_HISTORY_DEF_ITEM
 (ID, REVISION, ENTITY_VERSION, DOMAIN_ID, PARENT_ID, LINE_NO, FIELD_ID, TRACKING_LEVEL, PATH_RENDERER_CLASS, DETAIL_RENDERER_CLASS)
VALUES ('f9ae1c29dbef4adab7ad624a9e497a8e', 0, 1, '/', '84eef28ccda24c84822b378757605cf4', '80', 'custHcl2Ver', 0, 'PathRenderer', 'DetailRenderer');
INSERT INTO CNT_HISTORY_DEF_ITEM
 (ID, REVISION, ENTITY_VERSION, DOMAIN_ID, PARENT_ID, LINE_NO, FIELD_ID, TRACKING_LEVEL, PATH_RENDERER_CLASS, DETAIL_RENDERER_CLASS)
VALUES ('3d974381c84d425c965a09c993007b61', 0, 1, '/', '84eef28ccda24c84822b378757605cf4', '81', 'custHcl2Ref2', 0, 'PathRenderer', 'DetailRenderer');
INSERT INTO CNT_HISTORY_DEF_ITEM
 (ID, REVISION, ENTITY_VERSION, DOMAIN_ID, PARENT_ID, LINE_NO, FIELD_ID, TRACKING_LEVEL, PATH_RENDERER_CLASS, DETAIL_RENDERER_CLASS)
VALUES ('09a7bdc5468241fe8bf41181f7941407', 0, 1, '/', '84eef28ccda24c84822b378757605cf4', '82', 'custHcl2FullLineage', 0, 'PathRenderer', 'DetailRenderer');
INSERT INTO CNT_HISTORY_DEF_ITEM
 (ID, REVISION, ENTITY_VERSION, DOMAIN_ID, PARENT_ID, LINE_NO, FIELD_ID, TRACKING_LEVEL, PATH_RENDERER_CLASS, DETAIL_RENDERER_CLASS)
VALUES ('71608c3c3cfd43c78f9a2c6396ed61e0', 0, 1, '/', '84eef28ccda24c84822b378757605cf4', '83', 'custHcl3Ref', 0, 'PathRenderer', 'DetailRenderer');
INSERT INTO CNT_HISTORY_DEF_ITEM
 (ID, REVISION, ENTITY_VERSION, DOMAIN_ID, PARENT_ID, LINE_NO, FIELD_ID, TRACKING_LEVEL, PATH_RENDERER_CLASS, DETAIL_RENDERER_CLASS)
VALUES ('91e572799581438992f3c68f54c264b5', 0, 1, '/', '84eef28ccda24c84822b378757605cf4', '84', 'custHcl3Ver', 0, 'PathRenderer', 'DetailRenderer');
INSERT INTO CNT_HISTORY_DEF_ITEM
 (ID, REVISION, ENTITY_VERSION, DOMAIN_ID, PARENT_ID, LINE_NO, FIELD_ID, TRACKING_LEVEL, PATH_RENDERER_CLASS, DETAIL_RENDERER_CLASS)
VALUES ('bf5bdf1cf05e42cfabe3da29d721f02e', 0, 1, '/', '84eef28ccda24c84822b378757605cf4', '85', 'custHcl3Ref2', 0, 'PathRenderer', 'DetailRenderer');
INSERT INTO CNT_HISTORY_DEF_ITEM
 (ID, REVISION, ENTITY_VERSION, DOMAIN_ID, PARENT_ID, LINE_NO, FIELD_ID, TRACKING_LEVEL, PATH_RENDERER_CLASS, DETAIL_RENDERER_CLASS)
VALUES ('9dab97e86b1040e68cfdb7c163c6c311', 0, 1, '/', '84eef28ccda24c84822b378757605cf4', '86', 'custHcl3FullLineage', 0, 'PathRenderer', 'DetailRenderer');
INSERT INTO CNT_HISTORY_DEF_ITEM
 (ID, REVISION, ENTITY_VERSION, DOMAIN_ID, PARENT_ID, LINE_NO, FIELD_ID, TRACKING_LEVEL, PATH_RENDERER_CLASS, DETAIL_RENDERER_CLASS)
VALUES ('31266c7aa06e4f12af8ac9eb48d7c51a', 0, 1, '/', '84eef28ccda24c84822b378757605cf4', '87', 'custHcl4Ref', 0, 'PathRenderer', 'DetailRenderer');
INSERT INTO CNT_HISTORY_DEF_ITEM
 (ID, REVISION, ENTITY_VERSION, DOMAIN_ID, PARENT_ID, LINE_NO, FIELD_ID, TRACKING_LEVEL, PATH_RENDERER_CLASS, DETAIL_RENDERER_CLASS)
VALUES ('27e2a201e889482983cbd91a325fba02', 0, 1, '/', '84eef28ccda24c84822b378757605cf4', '88', 'custHcl4Ver', 0, 'PathRenderer', 'DetailRenderer');
INSERT INTO CNT_HISTORY_DEF_ITEM
 (ID, REVISION, ENTITY_VERSION, DOMAIN_ID, PARENT_ID, LINE_NO, FIELD_ID, TRACKING_LEVEL, PATH_RENDERER_CLASS, DETAIL_RENDERER_CLASS)
VALUES ('8e5bcdabb75c418ba9484c3faa38080b', 0, 1, '/', '84eef28ccda24c84822b378757605cf4', '89', 'custHcl4Ref2', 0, 'PathRenderer', 'DetailRenderer');
INSERT INTO CNT_HISTORY_DEF_ITEM
 (ID, REVISION, ENTITY_VERSION, DOMAIN_ID, PARENT_ID, LINE_NO, FIELD_ID, TRACKING_LEVEL, PATH_RENDERER_CLASS, DETAIL_RENDERER_CLASS)
VALUES ('a5d6542101f847e185ac96739ca8d945', 0, 1, '/', '84eef28ccda24c84822b378757605cf4', '90', 'custHcl4FullLineage', 0, 'PathRenderer', 'DetailRenderer');
INSERT INTO CNT_HISTORY_DEF_ITEM
 (ID, REVISION, ENTITY_VERSION, DOMAIN_ID, PARENT_ID, LINE_NO, FIELD_ID, TRACKING_LEVEL, PATH_RENDERER_CLASS, DETAIL_RENDERER_CLASS)
VALUES ('837987f3c04e4e5ba26e774e1705c5b4', 0, 1, '/', '84eef28ccda24c84822b378757605cf4', '91', 'custHcl5Ref', 0, 'PathRenderer', 'DetailRenderer');
INSERT INTO CNT_HISTORY_DEF_ITEM
 (ID, REVISION, ENTITY_VERSION, DOMAIN_ID, PARENT_ID, LINE_NO, FIELD_ID, TRACKING_LEVEL, PATH_RENDERER_CLASS, DETAIL_RENDERER_CLASS)
VALUES ('f5c1b1d9cd0c47dfa0ffdc981aae5f09', 0, 1, '/', '84eef28ccda24c84822b378757605cf4', '92', 'custHcl5Ver', 0, 'PathRenderer', 'DetailRenderer');
INSERT INTO CNT_HISTORY_DEF_ITEM
 (ID, REVISION, ENTITY_VERSION, DOMAIN_ID, PARENT_ID, LINE_NO, FIELD_ID, TRACKING_LEVEL, PATH_RENDERER_CLASS, DETAIL_RENDERER_CLASS)
VALUES ('b4e84e14c22f42e69e2938e786f8b119', 0, 1, '/', '84eef28ccda24c84822b378757605cf4', '93', 'custHcl5Ref2', 0, 'PathRenderer', 'DetailRenderer');
INSERT INTO CNT_HISTORY_DEF_ITEM
 (ID, REVISION, ENTITY_VERSION, DOMAIN_ID, PARENT_ID, LINE_NO, FIELD_ID, TRACKING_LEVEL, PATH_RENDERER_CLASS, DETAIL_RENDERER_CLASS)
VALUES ('9c6f6cc23e6244a399be21f90c503a79', 0, 1, '/', '84eef28ccda24c84822b378757605cf4', '94', 'custHcl5FullLineage', 0, 'PathRenderer', 'DetailRenderer');
INSERT INTO CNT_HISTORY_DEF
 (ID, REVISION, APPLY_ENTITY, ENTITY_VERSION, DOMAIN_ID , GENERATED, CREATE_USER, CREATE_USER_NAME, CREATED_ON)
VALUES ('324f830d0a464b51981aae8a607f0a8e', 0, 'VendorInvoiceContact', 1, '/', 1, 'system', 'system', systimestamp);
INSERT INTO CNT_HISTORY_DEF_ITEM
 (ID, REVISION, ENTITY_VERSION, DOMAIN_ID, PARENT_ID, LINE_NO, FIELD_ID, TRACKING_LEVEL, PATH_RENDERER_CLASS, DETAIL_RENDERER_CLASS)
VALUES ('8c19b0cd5280413ba8164c6ff2169ce5', 0, 1, '/', '324f830d0a464b51981aae8a607f0a8e', '0', 'id', 1, 'PathRenderer', 'DetailRenderer');
INSERT INTO CNT_HISTORY_DEF_ITEM
 (ID, REVISION, ENTITY_VERSION, DOMAIN_ID, PARENT_ID, LINE_NO, FIELD_ID, TRACKING_LEVEL, PATH_RENDERER_CLASS, DETAIL_RENDERER_CLASS)
VALUES ('b50ff8ff8010463baa30cdf8ae23ea15', 0, 1, '/', '324f830d0a464b51981aae8a607f0a8e', '1', 'revision', 1, 'PathRenderer', 'DetailRenderer');
INSERT INTO CNT_HISTORY_DEF_ITEM
 (ID, REVISION, ENTITY_VERSION, DOMAIN_ID, PARENT_ID, LINE_NO, FIELD_ID, TRACKING_LEVEL, PATH_RENDERER_CLASS, DETAIL_RENDERER_CLASS)
VALUES ('a39db79cf08f4865bf391b0ea924f938', 0, 1, '/', '324f830d0a464b51981aae8a607f0a8e', '2', 'entityVersion', 1, 'PathRenderer', 'DetailRenderer');
INSERT INTO CNT_HISTORY_DEF_ITEM
 (ID, REVISION, ENTITY_VERSION, DOMAIN_ID, PARENT_ID, LINE_NO, FIELD_ID, TRACKING_LEVEL, PATH_RENDERER_CLASS, DETAIL_RENDERER_CLASS)
VALUES ('f4537fe905e948ea942f7b8850e435b0', 0, 1, '/', '324f830d0a464b51981aae8a607f0a8e', '3', 'domainId', 1, 'PathRenderer', 'DetailRenderer');
INSERT INTO CNT_HISTORY_DEF_ITEM
 (ID, REVISION, ENTITY_VERSION, DOMAIN_ID, PARENT_ID, LINE_NO, FIELD_ID, TRACKING_LEVEL, PATH_RENDERER_CLASS, DETAIL_RENDERER_CLASS)
VALUES ('cd43b0726d4043f296238a5698bc3208', 0, 1, '/', '324f830d0a464b51981aae8a607f0a8e', '4', 'hubDomainId', 1, 'PathRenderer', 'DetailRenderer');
INSERT INTO CNT_HISTORY_DEF_ITEM
 (ID, REVISION, ENTITY_VERSION, DOMAIN_ID, PARENT_ID, LINE_NO, FIELD_ID, TRACKING_LEVEL, PATH_RENDERER_CLASS, DETAIL_RENDERER_CLASS)
VALUES ('b47cedd3ea574f6681922700e6f65f51', 0, 1, '/', '324f830d0a464b51981aae8a607f0a8e', '5', 'isForReference', 1, 'PathRenderer', 'DetailRenderer');
INSERT INTO CNT_HISTORY_DEF_ITEM
 (ID, REVISION, ENTITY_VERSION, DOMAIN_ID, PARENT_ID, LINE_NO, FIELD_ID, TRACKING_LEVEL, PATH_RENDERER_CLASS, DETAIL_RENDERER_CLASS)
VALUES ('78ddce9ad6ca469c90fbc2fd5544e524', 0, 1, '/', '324f830d0a464b51981aae8a607f0a8e', '6', 'internalSeqNo', 1, 'PathRenderer', 'DetailRenderer');
INSERT INTO CNT_HISTORY_DEF_ITEM
 (ID, REVISION, ENTITY_VERSION, DOMAIN_ID, PARENT_ID, LINE_NO, FIELD_ID, TRACKING_LEVEL, PATH_RENDERER_CLASS, DETAIL_RENDERER_CLASS)
VALUES ('49f5fe8f68e34d75b4e9eb3f72c6b608', 0, 1, '/', '324f830d0a464b51981aae8a607f0a8e', '7', 'vendorInvoiceId', 1, 'PathRenderer', 'DetailRenderer');
INSERT INTO CNT_HISTORY_DEF_ITEM
 (ID, REVISION, ENTITY_VERSION, DOMAIN_ID, PARENT_ID, LINE_NO, FIELD_ID, TRACKING_LEVEL, PATH_RENDERER_CLASS, DETAIL_RENDERER_CLASS)
VALUES ('ded567164abf46ed973b1b5e66a1e42d', 0, 1, '/', '324f830d0a464b51981aae8a607f0a8e', '8', 'title', 1, 'PathRenderer', 'DetailRenderer');
INSERT INTO CNT_HISTORY_DEF_ITEM
 (ID, REVISION, ENTITY_VERSION, DOMAIN_ID, PARENT_ID, LINE_NO, FIELD_ID, TRACKING_LEVEL, PATH_RENDERER_CLASS, DETAIL_RENDERER_CLASS)
VALUES ('57aebbd09c584ee58e14761b5da1a1a5', 0, 1, '/', '324f830d0a464b51981aae8a607f0a8e', '9', 'firstName', 1, 'PathRenderer', 'DetailRenderer');
INSERT INTO CNT_HISTORY_DEF_ITEM
 (ID, REVISION, ENTITY_VERSION, DOMAIN_ID, PARENT_ID, LINE_NO, FIELD_ID, TRACKING_LEVEL, PATH_RENDERER_CLASS, DETAIL_RENDERER_CLASS)
VALUES ('e57305cfc57b4390a5b6cd318b235ea0', 0, 1, '/', '324f830d0a464b51981aae8a607f0a8e', '10', 'lastName', 1, 'PathRenderer', 'DetailRenderer');
INSERT INTO CNT_HISTORY_DEF_ITEM
 (ID, REVISION, ENTITY_VERSION, DOMAIN_ID, PARENT_ID, LINE_NO, FIELD_ID, TRACKING_LEVEL, PATH_RENDERER_CLASS, DETAIL_RENDERER_CLASS)
VALUES ('871e56dcdb924bf49db6fa9e30fa676d', 0, 1, '/', '324f830d0a464b51981aae8a607f0a8e', '11', 'position', 1, 'PathRenderer', 'DetailRenderer');
INSERT INTO CNT_HISTORY_DEF_ITEM
 (ID, REVISION, ENTITY_VERSION, DOMAIN_ID, PARENT_ID, LINE_NO, FIELD_ID, TRACKING_LEVEL, PATH_RENDERER_CLASS, DETAIL_RENDERER_CLASS)
VALUES ('af7a36447a54483e83c5a93e86cba5f4', 0, 1, '/', '324f830d0a464b51981aae8a607f0a8e', '12', 'department', 1, 'PathRenderer', 'DetailRenderer');
INSERT INTO CNT_HISTORY_DEF_ITEM
 (ID, REVISION, ENTITY_VERSION, DOMAIN_ID, PARENT_ID, LINE_NO, FIELD_ID, TRACKING_LEVEL, PATH_RENDERER_CLASS, DETAIL_RENDERER_CLASS)
VALUES ('dcacdc274b5843eeb981110725bc8a5b', 0, 1, '/', '324f830d0a464b51981aae8a607f0a8e', '13', 'telNo', 1, 'PathRenderer', 'DetailRenderer');
INSERT INTO CNT_HISTORY_DEF_ITEM
 (ID, REVISION, ENTITY_VERSION, DOMAIN_ID, PARENT_ID, LINE_NO, FIELD_ID, TRACKING_LEVEL, PATH_RENDERER_CLASS, DETAIL_RENDERER_CLASS)
VALUES ('f1bc2c07113e48d7b12286fa07950851', 0, 1, '/', '324f830d0a464b51981aae8a607f0a8e', '14', 'mobileNo', 1, 'PathRenderer', 'DetailRenderer');
INSERT INTO CNT_HISTORY_DEF_ITEM
 (ID, REVISION, ENTITY_VERSION, DOMAIN_ID, PARENT_ID, LINE_NO, FIELD_ID, TRACKING_LEVEL, PATH_RENDERER_CLASS, DETAIL_RENDERER_CLASS)
VALUES ('9f77c66cb39e4253baa8449e52974b12', 0, 1, '/', '324f830d0a464b51981aae8a607f0a8e', '15', 'faxNo', 1, 'PathRenderer', 'DetailRenderer');
INSERT INTO CNT_HISTORY_DEF_ITEM
 (ID, REVISION, ENTITY_VERSION, DOMAIN_ID, PARENT_ID, LINE_NO, FIELD_ID, TRACKING_LEVEL, PATH_RENDERER_CLASS, DETAIL_RENDERER_CLASS)
VALUES ('72a8450205444915aece4e32032eab99', 0, 1, '/', '324f830d0a464b51981aae8a607f0a8e', '16', 'email', 1, 'PathRenderer', 'DetailRenderer');
INSERT INTO CNT_HISTORY_DEF_ITEM
 (ID, REVISION, ENTITY_VERSION, DOMAIN_ID, PARENT_ID, LINE_NO, FIELD_ID, TRACKING_LEVEL, PATH_RENDERER_CLASS, DETAIL_RENDERER_CLASS)
VALUES ('47bb9ff3ea924f5497f8998997eba71e', 0, 1, '/', '324f830d0a464b51981aae8a607f0a8e', '17', 'contactTypes', 1, 'PathRenderer', 'SelectionDetailRenderer');
INSERT INTO CNT_HISTORY_DEF_ITEM
 (ID, REVISION, ENTITY_VERSION, DOMAIN_ID, PARENT_ID, LINE_NO, FIELD_ID, TRACKING_LEVEL, PATH_RENDERER_CLASS, DETAIL_RENDERER_CLASS)
VALUES ('7e4c707a27a441faafe2b50d9f99e120', 0, 1, '/', '324f830d0a464b51981aae8a607f0a8e', '18', 'refNo', 0, 'PathRenderer', 'DetailRenderer');
INSERT INTO CNT_HISTORY_DEF_ITEM
 (ID, REVISION, ENTITY_VERSION, DOMAIN_ID, PARENT_ID, LINE_NO, FIELD_ID, TRACKING_LEVEL, PATH_RENDERER_CLASS, DETAIL_RENDERER_CLASS)
VALUES ('38e91c71c3bb4563ab10e167a7e949cf', 0, 1, '/', '324f830d0a464b51981aae8a607f0a8e', '19', 'custText1', 1, 'PathRenderer', 'DetailRenderer');
INSERT INTO CNT_HISTORY_DEF_ITEM
 (ID, REVISION, ENTITY_VERSION, DOMAIN_ID, PARENT_ID, LINE_NO, FIELD_ID, TRACKING_LEVEL, PATH_RENDERER_CLASS, DETAIL_RENDERER_CLASS)
VALUES ('7648b42277d24860acd3418b61960bb3', 0, 1, '/', '324f830d0a464b51981aae8a607f0a8e', '20', 'custText2', 1, 'PathRenderer', 'DetailRenderer');
INSERT INTO CNT_HISTORY_DEF_ITEM
 (ID, REVISION, ENTITY_VERSION, DOMAIN_ID, PARENT_ID, LINE_NO, FIELD_ID, TRACKING_LEVEL, PATH_RENDERER_CLASS, DETAIL_RENDERER_CLASS)
VALUES ('b3c343a7e4c44491b66d9e59664524dc', 0, 1, '/', '324f830d0a464b51981aae8a607f0a8e', '21', 'custText3', 1, 'PathRenderer', 'DetailRenderer');
INSERT INTO CNT_HISTORY_DEF_ITEM
 (ID, REVISION, ENTITY_VERSION, DOMAIN_ID, PARENT_ID, LINE_NO, FIELD_ID, TRACKING_LEVEL, PATH_RENDERER_CLASS, DETAIL_RENDERER_CLASS)
VALUES ('504c8a631f484914962e78cc1a6801b9', 0, 1, '/', '324f830d0a464b51981aae8a607f0a8e', '22', 'custText4', 1, 'PathRenderer', 'DetailRenderer');
INSERT INTO CNT_HISTORY_DEF_ITEM
 (ID, REVISION, ENTITY_VERSION, DOMAIN_ID, PARENT_ID, LINE_NO, FIELD_ID, TRACKING_LEVEL, PATH_RENDERER_CLASS, DETAIL_RENDERER_CLASS)
VALUES ('8b46327fa3704d608ff61f8b2d055996', 0, 1, '/', '324f830d0a464b51981aae8a607f0a8e', '23', 'custText5', 1, 'PathRenderer', 'DetailRenderer');
INSERT INTO CNT_HISTORY_DEF_ITEM
 (ID, REVISION, ENTITY_VERSION, DOMAIN_ID, PARENT_ID, LINE_NO, FIELD_ID, TRACKING_LEVEL, PATH_RENDERER_CLASS, DETAIL_RENDERER_CLASS)
VALUES ('20a9b1fe417a4cae8af60dac4918a65a', 0, 1, '/', '324f830d0a464b51981aae8a607f0a8e', '24', 'custText6', 1, 'PathRenderer', 'DetailRenderer');
INSERT INTO CNT_HISTORY_DEF_ITEM
 (ID, REVISION, ENTITY_VERSION, DOMAIN_ID, PARENT_ID, LINE_NO, FIELD_ID, TRACKING_LEVEL, PATH_RENDERER_CLASS, DETAIL_RENDERER_CLASS)
VALUES ('1d376dfa62a8436db2a0831ef72d658e', 0, 1, '/', '324f830d0a464b51981aae8a607f0a8e', '25', 'custText7', 1, 'PathRenderer', 'DetailRenderer');
INSERT INTO CNT_HISTORY_DEF_ITEM
 (ID, REVISION, ENTITY_VERSION, DOMAIN_ID, PARENT_ID, LINE_NO, FIELD_ID, TRACKING_LEVEL, PATH_RENDERER_CLASS, DETAIL_RENDERER_CLASS)
VALUES ('b9bdfb8bbfe74dbb8b469162f250f17a', 0, 1, '/', '324f830d0a464b51981aae8a607f0a8e', '26', 'custDate1', 1, 'PathRenderer', 'DetailRenderer');
INSERT INTO CNT_HISTORY_DEF_ITEM
 (ID, REVISION, ENTITY_VERSION, DOMAIN_ID, PARENT_ID, LINE_NO, FIELD_ID, TRACKING_LEVEL, PATH_RENDERER_CLASS, DETAIL_RENDERER_CLASS)
VALUES ('1ad5b2e6a654460b9fc73fefd95686bb', 0, 1, '/', '324f830d0a464b51981aae8a607f0a8e', '27', 'custDate2', 1, 'PathRenderer', 'DetailRenderer');
INSERT INTO CNT_HISTORY_DEF_ITEM
 (ID, REVISION, ENTITY_VERSION, DOMAIN_ID, PARENT_ID, LINE_NO, FIELD_ID, TRACKING_LEVEL, PATH_RENDERER_CLASS, DETAIL_RENDERER_CLASS)
VALUES ('44afc3e1b22a40f9a0e0ea6081ac22f3', 0, 1, '/', '324f830d0a464b51981aae8a607f0a8e', '28', 'custDate3', 1, 'PathRenderer', 'DetailRenderer');
INSERT INTO CNT_HISTORY_DEF_ITEM
 (ID, REVISION, ENTITY_VERSION, DOMAIN_ID, PARENT_ID, LINE_NO, FIELD_ID, TRACKING_LEVEL, PATH_RENDERER_CLASS, DETAIL_RENDERER_CLASS)
VALUES ('0ce0b20e1aee4115b378244f530bb197', 0, 1, '/', '324f830d0a464b51981aae8a607f0a8e', '29', 'custDate4', 1, 'PathRenderer', 'DetailRenderer');
INSERT INTO CNT_HISTORY_DEF_ITEM
 (ID, REVISION, ENTITY_VERSION, DOMAIN_ID, PARENT_ID, LINE_NO, FIELD_ID, TRACKING_LEVEL, PATH_RENDERER_CLASS, DETAIL_RENDERER_CLASS)
VALUES ('2854d1c8ae28429b894045072f0f6924', 0, 1, '/', '324f830d0a464b51981aae8a607f0a8e', '30', 'custDate5', 1, 'PathRenderer', 'DetailRenderer');
INSERT INTO CNT_HISTORY_DEF_ITEM
 (ID, REVISION, ENTITY_VERSION, DOMAIN_ID, PARENT_ID, LINE_NO, FIELD_ID, TRACKING_LEVEL, PATH_RENDERER_CLASS, DETAIL_RENDERER_CLASS)
VALUES ('20ccf3565bfa42c1b2e4c48d020b23c1', 0, 1, '/', '324f830d0a464b51981aae8a607f0a8e', '31', 'custDate6', 1, 'PathRenderer', 'DetailRenderer');
INSERT INTO CNT_HISTORY_DEF_ITEM
 (ID, REVISION, ENTITY_VERSION, DOMAIN_ID, PARENT_ID, LINE_NO, FIELD_ID, TRACKING_LEVEL, PATH_RENDERER_CLASS, DETAIL_RENDERER_CLASS)
VALUES ('9bde3cd2f59045eaaa5efb0e6cd4aaae', 0, 1, '/', '324f830d0a464b51981aae8a607f0a8e', '32', 'custDate7', 1, 'PathRenderer', 'DetailRenderer');
INSERT INTO CNT_HISTORY_DEF_ITEM
 (ID, REVISION, ENTITY_VERSION, DOMAIN_ID, PARENT_ID, LINE_NO, FIELD_ID, TRACKING_LEVEL, PATH_RENDERER_CLASS, DETAIL_RENDERER_CLASS)
VALUES ('a29b65fdc36d4ff88675b25def17bcb8', 0, 1, '/', '324f830d0a464b51981aae8a607f0a8e', '33', 'custNumber1', 1, 'PathRenderer', 'DetailRenderer');
INSERT INTO CNT_HISTORY_DEF_ITEM
 (ID, REVISION, ENTITY_VERSION, DOMAIN_ID, PARENT_ID, LINE_NO, FIELD_ID, TRACKING_LEVEL, PATH_RENDERER_CLASS, DETAIL_RENDERER_CLASS)
VALUES ('a726bec430544e0185cfd7abcce8463f', 0, 1, '/', '324f830d0a464b51981aae8a607f0a8e', '34', 'custNumber2', 1, 'PathRenderer', 'DetailRenderer');
INSERT INTO CNT_HISTORY_DEF_ITEM
 (ID, REVISION, ENTITY_VERSION, DOMAIN_ID, PARENT_ID, LINE_NO, FIELD_ID, TRACKING_LEVEL, PATH_RENDERER_CLASS, DETAIL_RENDERER_CLASS)
VALUES ('f2eb7de568bb4625bc41a44cefd7df07', 0, 1, '/', '324f830d0a464b51981aae8a607f0a8e', '35', 'custNumber3', 1, 'PathRenderer', 'DetailRenderer');
INSERT INTO CNT_HISTORY_DEF_ITEM
 (ID, REVISION, ENTITY_VERSION, DOMAIN_ID, PARENT_ID, LINE_NO, FIELD_ID, TRACKING_LEVEL, PATH_RENDERER_CLASS, DETAIL_RENDERER_CLASS)
VALUES ('22eb5686994b41239245b6b2e56d6a70', 0, 1, '/', '324f830d0a464b51981aae8a607f0a8e', '36', 'custNumber4', 1, 'PathRenderer', 'DetailRenderer');
INSERT INTO CNT_HISTORY_DEF_ITEM
 (ID, REVISION, ENTITY_VERSION, DOMAIN_ID, PARENT_ID, LINE_NO, FIELD_ID, TRACKING_LEVEL, PATH_RENDERER_CLASS, DETAIL_RENDERER_CLASS)
VALUES ('c0ad92f7ac1944239d238e9bf6d15a54', 0, 1, '/', '324f830d0a464b51981aae8a607f0a8e', '37', 'custNumber5', 1, 'PathRenderer', 'DetailRenderer');
INSERT INTO CNT_HISTORY_DEF_ITEM
 (ID, REVISION, ENTITY_VERSION, DOMAIN_ID, PARENT_ID, LINE_NO, FIELD_ID, TRACKING_LEVEL, PATH_RENDERER_CLASS, DETAIL_RENDERER_CLASS)
VALUES ('5249aee4aa3c45f99da54bdf58cd0cf0', 0, 1, '/', '324f830d0a464b51981aae8a607f0a8e', '38', 'custNumber6', 1, 'PathRenderer', 'DetailRenderer');
INSERT INTO CNT_HISTORY_DEF_ITEM
 (ID, REVISION, ENTITY_VERSION, DOMAIN_ID, PARENT_ID, LINE_NO, FIELD_ID, TRACKING_LEVEL, PATH_RENDERER_CLASS, DETAIL_RENDERER_CLASS)
VALUES ('3808ef39bf0547cebce9144381cefe46', 0, 1, '/', '324f830d0a464b51981aae8a607f0a8e', '39', 'custNumber7', 1, 'PathRenderer', 'DetailRenderer');
INSERT INTO CNT_HISTORY_DEF_ITEM
 (ID, REVISION, ENTITY_VERSION, DOMAIN_ID, PARENT_ID, LINE_NO, FIELD_ID, TRACKING_LEVEL, PATH_RENDERER_CLASS, DETAIL_RENDERER_CLASS)
VALUES ('5e8735858c5e48029d6b4d38d5933f31', 0, 1, '/', '324f830d0a464b51981aae8a607f0a8e', '40', 'custDecimal1', 1, 'PathRenderer', 'DetailRenderer');
INSERT INTO CNT_HISTORY_DEF_ITEM
 (ID, REVISION, ENTITY_VERSION, DOMAIN_ID, PARENT_ID, LINE_NO, FIELD_ID, TRACKING_LEVEL, PATH_RENDERER_CLASS, DETAIL_RENDERER_CLASS)
VALUES ('a9188603d1224d3d973f05d8df6e9621', 0, 1, '/', '324f830d0a464b51981aae8a607f0a8e', '41', 'custDecimal2', 1, 'PathRenderer', 'DetailRenderer');
INSERT INTO CNT_HISTORY_DEF_ITEM
 (ID, REVISION, ENTITY_VERSION, DOMAIN_ID, PARENT_ID, LINE_NO, FIELD_ID, TRACKING_LEVEL, PATH_RENDERER_CLASS, DETAIL_RENDERER_CLASS)
VALUES ('34c060f696ae46a2a9f63dba3ebedc0a', 0, 1, '/', '324f830d0a464b51981aae8a607f0a8e', '42', 'custDecimal3', 1, 'PathRenderer', 'DetailRenderer');
INSERT INTO CNT_HISTORY_DEF_ITEM
 (ID, REVISION, ENTITY_VERSION, DOMAIN_ID, PARENT_ID, LINE_NO, FIELD_ID, TRACKING_LEVEL, PATH_RENDERER_CLASS, DETAIL_RENDERER_CLASS)
VALUES ('87c23b6031fa4e22ba54956b7ba896ce', 0, 1, '/', '324f830d0a464b51981aae8a607f0a8e', '43', 'custDecimal4', 1, 'PathRenderer', 'DetailRenderer');
INSERT INTO CNT_HISTORY_DEF_ITEM
 (ID, REVISION, ENTITY_VERSION, DOMAIN_ID, PARENT_ID, LINE_NO, FIELD_ID, TRACKING_LEVEL, PATH_RENDERER_CLASS, DETAIL_RENDERER_CLASS)
VALUES ('fa1d845a88a748fcb06a78248760e05d', 0, 1, '/', '324f830d0a464b51981aae8a607f0a8e', '44', 'custDecimal5', 1, 'PathRenderer', 'DetailRenderer');
INSERT INTO CNT_HISTORY_DEF_ITEM
 (ID, REVISION, ENTITY_VERSION, DOMAIN_ID, PARENT_ID, LINE_NO, FIELD_ID, TRACKING_LEVEL, PATH_RENDERER_CLASS, DETAIL_RENDERER_CLASS)
VALUES ('a99acbb9fb824205a8a2d91559c78ba3', 0, 1, '/', '324f830d0a464b51981aae8a607f0a8e', '45', 'custDecimal6', 1, 'PathRenderer', 'DetailRenderer');
INSERT INTO CNT_HISTORY_DEF_ITEM
 (ID, REVISION, ENTITY_VERSION, DOMAIN_ID, PARENT_ID, LINE_NO, FIELD_ID, TRACKING_LEVEL, PATH_RENDERER_CLASS, DETAIL_RENDERER_CLASS)
VALUES ('9844342001df460aba0002d22ac398de', 0, 1, '/', '324f830d0a464b51981aae8a607f0a8e', '46', 'custDecimal7', 1, 'PathRenderer', 'DetailRenderer');
INSERT INTO CNT_HISTORY_DEF_ITEM
 (ID, REVISION, ENTITY_VERSION, DOMAIN_ID, PARENT_ID, LINE_NO, FIELD_ID, TRACKING_LEVEL, PATH_RENDERER_CLASS, DETAIL_RENDERER_CLASS)
VALUES ('47ae93c5d5e34f3f9431d6010941c30a', 0, 1, '/', '324f830d0a464b51981aae8a607f0a8e', '47', 'custCodelist1', 1, 'PathRenderer', 'DetailRenderer');
INSERT INTO CNT_HISTORY_DEF_ITEM
 (ID, REVISION, ENTITY_VERSION, DOMAIN_ID, PARENT_ID, LINE_NO, FIELD_ID, TRACKING_LEVEL, PATH_RENDERER_CLASS, DETAIL_RENDERER_CLASS)
VALUES ('e277c8a51ab14e8a9c9358a86eac8dea', 0, 1, '/', '324f830d0a464b51981aae8a607f0a8e', '48', 'custCodelist2', 1, 'PathRenderer', 'DetailRenderer');
INSERT INTO CNT_HISTORY_DEF_ITEM
 (ID, REVISION, ENTITY_VERSION, DOMAIN_ID, PARENT_ID, LINE_NO, FIELD_ID, TRACKING_LEVEL, PATH_RENDERER_CLASS, DETAIL_RENDERER_CLASS)
VALUES ('04c2139716aa4e32a078cbe2348a415d', 0, 1, '/', '324f830d0a464b51981aae8a607f0a8e', '49', 'custCodelist3', 1, 'PathRenderer', 'DetailRenderer');
INSERT INTO CNT_HISTORY_DEF_ITEM
 (ID, REVISION, ENTITY_VERSION, DOMAIN_ID, PARENT_ID, LINE_NO, FIELD_ID, TRACKING_LEVEL, PATH_RENDERER_CLASS, DETAIL_RENDERER_CLASS)
VALUES ('f3ca38acbdfa452aa45a1769d0b6d4ba', 0, 1, '/', '324f830d0a464b51981aae8a607f0a8e', '50', 'custCodelist4', 1, 'PathRenderer', 'DetailRenderer');
INSERT INTO CNT_HISTORY_DEF_ITEM
 (ID, REVISION, ENTITY_VERSION, DOMAIN_ID, PARENT_ID, LINE_NO, FIELD_ID, TRACKING_LEVEL, PATH_RENDERER_CLASS, DETAIL_RENDERER_CLASS)
VALUES ('5814cd6c281f48e7a9ece2feade91321', 0, 1, '/', '324f830d0a464b51981aae8a607f0a8e', '51', 'custCodelist5', 1, 'PathRenderer', 'DetailRenderer');
INSERT INTO CNT_HISTORY_DEF_ITEM
 (ID, REVISION, ENTITY_VERSION, DOMAIN_ID, PARENT_ID, LINE_NO, FIELD_ID, TRACKING_LEVEL, PATH_RENDERER_CLASS, DETAIL_RENDERER_CLASS)
VALUES ('7b2682f0c9d54ffc907b356f109d5800', 0, 1, '/', '324f830d0a464b51981aae8a607f0a8e', '52', 'custCodelist6', 1, 'PathRenderer', 'DetailRenderer');
INSERT INTO CNT_HISTORY_DEF_ITEM
 (ID, REVISION, ENTITY_VERSION, DOMAIN_ID, PARENT_ID, LINE_NO, FIELD_ID, TRACKING_LEVEL, PATH_RENDERER_CLASS, DETAIL_RENDERER_CLASS)
VALUES ('d056f787ee7e4054a0adb2000baff77f', 0, 1, '/', '324f830d0a464b51981aae8a607f0a8e', '53', 'custCodelist7', 1, 'PathRenderer', 'DetailRenderer');
INSERT INTO CNT_HISTORY_DEF_ITEM
 (ID, REVISION, ENTITY_VERSION, DOMAIN_ID, PARENT_ID, LINE_NO, FIELD_ID, TRACKING_LEVEL, PATH_RENDERER_CLASS, DETAIL_RENDERER_CLASS)
VALUES ('a1cffcb0a3694225a8a57dcf15111bb2', 0, 1, '/', '324f830d0a464b51981aae8a607f0a8e', '54', 'custMemoText1', 1, 'PathRenderer', 'DetailRenderer');
INSERT INTO CNT_HISTORY_DEF_ITEM
 (ID, REVISION, ENTITY_VERSION, DOMAIN_ID, PARENT_ID, LINE_NO, FIELD_ID, TRACKING_LEVEL, PATH_RENDERER_CLASS, DETAIL_RENDERER_CLASS)
VALUES ('5677f695978a49b9b039a018d8a403d7', 0, 1, '/', '324f830d0a464b51981aae8a607f0a8e', '55', 'custMemoText2', 1, 'PathRenderer', 'DetailRenderer');
INSERT INTO CNT_HISTORY_DEF_ITEM
 (ID, REVISION, ENTITY_VERSION, DOMAIN_ID, PARENT_ID, LINE_NO, FIELD_ID, TRACKING_LEVEL, PATH_RENDERER_CLASS, DETAIL_RENDERER_CLASS)
VALUES ('ecdfbd72d48641739d27f8f38a891086', 0, 1, '/', '324f830d0a464b51981aae8a607f0a8e', '56', 'custMemoText3', 1, 'PathRenderer', 'DetailRenderer');
INSERT INTO CNT_HISTORY_DEF_ITEM
 (ID, REVISION, ENTITY_VERSION, DOMAIN_ID, PARENT_ID, LINE_NO, FIELD_ID, TRACKING_LEVEL, PATH_RENDERER_CLASS, DETAIL_RENDERER_CLASS)
VALUES ('bdb8ba321a034a0183b0855f7feb9764', 0, 1, '/', '324f830d0a464b51981aae8a607f0a8e', '57', 'custMemoText4', 1, 'PathRenderer', 'DetailRenderer');
INSERT INTO CNT_HISTORY_DEF_ITEM
 (ID, REVISION, ENTITY_VERSION, DOMAIN_ID, PARENT_ID, LINE_NO, FIELD_ID, TRACKING_LEVEL, PATH_RENDERER_CLASS, DETAIL_RENDERER_CLASS)
VALUES ('db75a67ee9f748599188cfd427ef5e3a', 0, 1, '/', '324f830d0a464b51981aae8a607f0a8e', '58', 'custMemoText5', 1, 'PathRenderer', 'DetailRenderer');
INSERT INTO CNT_HISTORY_DEF_ITEM
 (ID, REVISION, ENTITY_VERSION, DOMAIN_ID, PARENT_ID, LINE_NO, FIELD_ID, TRACKING_LEVEL, PATH_RENDERER_CLASS, DETAIL_RENDERER_CLASS)
VALUES ('a180756ea3b24a5bb1cfd11351d04542', 0, 1, '/', '324f830d0a464b51981aae8a607f0a8e', '59', 'custMemoText6', 1, 'PathRenderer', 'DetailRenderer');
INSERT INTO CNT_HISTORY_DEF_ITEM
 (ID, REVISION, ENTITY_VERSION, DOMAIN_ID, PARENT_ID, LINE_NO, FIELD_ID, TRACKING_LEVEL, PATH_RENDERER_CLASS, DETAIL_RENDERER_CLASS)
VALUES ('7760b6a928f148b89834d92349f90a99', 0, 1, '/', '324f830d0a464b51981aae8a607f0a8e', '60', 'custMemoText7', 1, 'PathRenderer', 'DetailRenderer');
INSERT INTO CNT_HISTORY_DEF_ITEM
 (ID, REVISION, ENTITY_VERSION, DOMAIN_ID, PARENT_ID, LINE_NO, FIELD_ID, TRACKING_LEVEL, PATH_RENDERER_CLASS, DETAIL_RENDERER_CLASS)
VALUES ('a17c8385f6ff422da1d58bfc4b2015ad', 0, 1, '/', '324f830d0a464b51981aae8a607f0a8e', '61', 'custHcl1', 1, 'PathRenderer', 'DetailRenderer');
INSERT INTO CNT_HISTORY_DEF_ITEM
 (ID, REVISION, ENTITY_VERSION, DOMAIN_ID, PARENT_ID, LINE_NO, FIELD_ID, TRACKING_LEVEL, PATH_RENDERER_CLASS, DETAIL_RENDERER_CLASS)
VALUES ('c117d9066f1b40bf94b5219dc4bae91f', 0, 1, '/', '324f830d0a464b51981aae8a607f0a8e', '62', 'custHcl2', 1, 'PathRenderer', 'DetailRenderer');
INSERT INTO CNT_HISTORY_DEF_ITEM
 (ID, REVISION, ENTITY_VERSION, DOMAIN_ID, PARENT_ID, LINE_NO, FIELD_ID, TRACKING_LEVEL, PATH_RENDERER_CLASS, DETAIL_RENDERER_CLASS)
VALUES ('a2b478b9b8f54ded918d33366af8b8c3', 0, 1, '/', '324f830d0a464b51981aae8a607f0a8e', '63', 'custHcl3', 1, 'PathRenderer', 'DetailRenderer');
INSERT INTO CNT_HISTORY_DEF_ITEM
 (ID, REVISION, ENTITY_VERSION, DOMAIN_ID, PARENT_ID, LINE_NO, FIELD_ID, TRACKING_LEVEL, PATH_RENDERER_CLASS, DETAIL_RENDERER_CLASS)
VALUES ('4b7f8ba712d74123aa790c9d24055051', 0, 1, '/', '324f830d0a464b51981aae8a607f0a8e', '64', 'custHcl4', 1, 'PathRenderer', 'DetailRenderer');
INSERT INTO CNT_HISTORY_DEF_ITEM
 (ID, REVISION, ENTITY_VERSION, DOMAIN_ID, PARENT_ID, LINE_NO, FIELD_ID, TRACKING_LEVEL, PATH_RENDERER_CLASS, DETAIL_RENDERER_CLASS)
VALUES ('a84cb971764b4995b76fca8014d8b12d', 0, 1, '/', '324f830d0a464b51981aae8a607f0a8e', '65', 'custHcl5', 1, 'PathRenderer', 'DetailRenderer');
INSERT INTO CNT_HISTORY_DEF_ITEM
 (ID, REVISION, ENTITY_VERSION, DOMAIN_ID, PARENT_ID, LINE_NO, FIELD_ID, TRACKING_LEVEL, PATH_RENDERER_CLASS, DETAIL_RENDERER_CLASS)
VALUES ('ec2dfc9cb26249e3a1fa21649c302603', 0, 1, '/', '324f830d0a464b51981aae8a607f0a8e', '66', 'titleName', 0, 'PathRenderer', 'DetailRenderer');
INSERT INTO CNT_HISTORY_DEF_ITEM
 (ID, REVISION, ENTITY_VERSION, DOMAIN_ID, PARENT_ID, LINE_NO, FIELD_ID, TRACKING_LEVEL, PATH_RENDERER_CLASS, DETAIL_RENDERER_CLASS)
VALUES ('f9b5a247ccbe4c9aa1e00c13ac323d93', 0, 1, '/', '324f830d0a464b51981aae8a607f0a8e', '67', 'contactTypesValue', 0, 'PathRenderer', 'DetailRenderer');
INSERT INTO CNT_HISTORY_DEF_ITEM
 (ID, REVISION, ENTITY_VERSION, DOMAIN_ID, PARENT_ID, LINE_NO, FIELD_ID, TRACKING_LEVEL, PATH_RENDERER_CLASS, DETAIL_RENDERER_CLASS)
VALUES ('9ffebbf7200147b9a3f6b778f0839558', 0, 1, '/', '324f830d0a464b51981aae8a607f0a8e', '68', 'custCodelist1Name', 0, 'PathRenderer', 'DetailRenderer');
INSERT INTO CNT_HISTORY_DEF_ITEM
 (ID, REVISION, ENTITY_VERSION, DOMAIN_ID, PARENT_ID, LINE_NO, FIELD_ID, TRACKING_LEVEL, PATH_RENDERER_CLASS, DETAIL_RENDERER_CLASS)
VALUES ('9457d6ab5de249e582078beb4ed7b579', 0, 1, '/', '324f830d0a464b51981aae8a607f0a8e', '69', 'custCodelist2Name', 0, 'PathRenderer', 'DetailRenderer');
INSERT INTO CNT_HISTORY_DEF_ITEM
 (ID, REVISION, ENTITY_VERSION, DOMAIN_ID, PARENT_ID, LINE_NO, FIELD_ID, TRACKING_LEVEL, PATH_RENDERER_CLASS, DETAIL_RENDERER_CLASS)
VALUES ('da9e2f571e204628ad29feb7b8c1277e', 0, 1, '/', '324f830d0a464b51981aae8a607f0a8e', '70', 'custCodelist3Name', 0, 'PathRenderer', 'DetailRenderer');
INSERT INTO CNT_HISTORY_DEF_ITEM
 (ID, REVISION, ENTITY_VERSION, DOMAIN_ID, PARENT_ID, LINE_NO, FIELD_ID, TRACKING_LEVEL, PATH_RENDERER_CLASS, DETAIL_RENDERER_CLASS)
VALUES ('59108d2da4bb4289816b7501301bceae', 0, 1, '/', '324f830d0a464b51981aae8a607f0a8e', '71', 'custCodelist4Name', 0, 'PathRenderer', 'DetailRenderer');
INSERT INTO CNT_HISTORY_DEF_ITEM
 (ID, REVISION, ENTITY_VERSION, DOMAIN_ID, PARENT_ID, LINE_NO, FIELD_ID, TRACKING_LEVEL, PATH_RENDERER_CLASS, DETAIL_RENDERER_CLASS)
VALUES ('28d6fa331d2141ce978b68edc5926964', 0, 1, '/', '324f830d0a464b51981aae8a607f0a8e', '72', 'custCodelist5Name', 0, 'PathRenderer', 'DetailRenderer');
INSERT INTO CNT_HISTORY_DEF_ITEM
 (ID, REVISION, ENTITY_VERSION, DOMAIN_ID, PARENT_ID, LINE_NO, FIELD_ID, TRACKING_LEVEL, PATH_RENDERER_CLASS, DETAIL_RENDERER_CLASS)
VALUES ('b7ca4e40be5042858b91a580d586cfc9', 0, 1, '/', '324f830d0a464b51981aae8a607f0a8e', '73', 'custCodelist6Name', 0, 'PathRenderer', 'DetailRenderer');
INSERT INTO CNT_HISTORY_DEF_ITEM
 (ID, REVISION, ENTITY_VERSION, DOMAIN_ID, PARENT_ID, LINE_NO, FIELD_ID, TRACKING_LEVEL, PATH_RENDERER_CLASS, DETAIL_RENDERER_CLASS)
VALUES ('7d9443a0f2e74cfd8ce89bc506d65df9', 0, 1, '/', '324f830d0a464b51981aae8a607f0a8e', '74', 'custCodelist7Name', 0, 'PathRenderer', 'DetailRenderer');
INSERT INTO CNT_HISTORY_DEF_ITEM
 (ID, REVISION, ENTITY_VERSION, DOMAIN_ID, PARENT_ID, LINE_NO, FIELD_ID, TRACKING_LEVEL, PATH_RENDERER_CLASS, DETAIL_RENDERER_CLASS)
VALUES ('f712f1ac5f774ad5a303cc8076a9aecf', 0, 1, '/', '324f830d0a464b51981aae8a607f0a8e', '75', 'custHcl1Ref', 0, 'PathRenderer', 'DetailRenderer');
INSERT INTO CNT_HISTORY_DEF_ITEM
 (ID, REVISION, ENTITY_VERSION, DOMAIN_ID, PARENT_ID, LINE_NO, FIELD_ID, TRACKING_LEVEL, PATH_RENDERER_CLASS, DETAIL_RENDERER_CLASS)
VALUES ('cb97819d971e4ab19654043a52f5a632', 0, 1, '/', '324f830d0a464b51981aae8a607f0a8e', '76', 'custHcl1Ver', 0, 'PathRenderer', 'DetailRenderer');
INSERT INTO CNT_HISTORY_DEF_ITEM
 (ID, REVISION, ENTITY_VERSION, DOMAIN_ID, PARENT_ID, LINE_NO, FIELD_ID, TRACKING_LEVEL, PATH_RENDERER_CLASS, DETAIL_RENDERER_CLASS)
VALUES ('0b9cb1ade3314d99a52783dce85aa6b1', 0, 1, '/', '324f830d0a464b51981aae8a607f0a8e', '77', 'custHcl1Ref2', 0, 'PathRenderer', 'DetailRenderer');
INSERT INTO CNT_HISTORY_DEF_ITEM
 (ID, REVISION, ENTITY_VERSION, DOMAIN_ID, PARENT_ID, LINE_NO, FIELD_ID, TRACKING_LEVEL, PATH_RENDERER_CLASS, DETAIL_RENDERER_CLASS)
VALUES ('1605f4906d234e69ab6fc449072c2655', 0, 1, '/', '324f830d0a464b51981aae8a607f0a8e', '78', 'custHcl1FullLineage', 0, 'PathRenderer', 'DetailRenderer');
INSERT INTO CNT_HISTORY_DEF_ITEM
 (ID, REVISION, ENTITY_VERSION, DOMAIN_ID, PARENT_ID, LINE_NO, FIELD_ID, TRACKING_LEVEL, PATH_RENDERER_CLASS, DETAIL_RENDERER_CLASS)
VALUES ('d37b94dcd13740d99cfa9679c8b01b57', 0, 1, '/', '324f830d0a464b51981aae8a607f0a8e', '79', 'custHcl2Ref', 0, 'PathRenderer', 'DetailRenderer');
INSERT INTO CNT_HISTORY_DEF_ITEM
 (ID, REVISION, ENTITY_VERSION, DOMAIN_ID, PARENT_ID, LINE_NO, FIELD_ID, TRACKING_LEVEL, PATH_RENDERER_CLASS, DETAIL_RENDERER_CLASS)
VALUES ('6b7da14c34fa4070a5e52001bad95c3d', 0, 1, '/', '324f830d0a464b51981aae8a607f0a8e', '80', 'custHcl2Ver', 0, 'PathRenderer', 'DetailRenderer');
INSERT INTO CNT_HISTORY_DEF_ITEM
 (ID, REVISION, ENTITY_VERSION, DOMAIN_ID, PARENT_ID, LINE_NO, FIELD_ID, TRACKING_LEVEL, PATH_RENDERER_CLASS, DETAIL_RENDERER_CLASS)
VALUES ('af5ea0627c9d45d89cbfcd42d31b926c', 0, 1, '/', '324f830d0a464b51981aae8a607f0a8e', '81', 'custHcl2Ref2', 0, 'PathRenderer', 'DetailRenderer');
INSERT INTO CNT_HISTORY_DEF_ITEM
 (ID, REVISION, ENTITY_VERSION, DOMAIN_ID, PARENT_ID, LINE_NO, FIELD_ID, TRACKING_LEVEL, PATH_RENDERER_CLASS, DETAIL_RENDERER_CLASS)
VALUES ('bb01546eaaf14260a516d78122bc8c0a', 0, 1, '/', '324f830d0a464b51981aae8a607f0a8e', '82', 'custHcl2FullLineage', 0, 'PathRenderer', 'DetailRenderer');
INSERT INTO CNT_HISTORY_DEF_ITEM
 (ID, REVISION, ENTITY_VERSION, DOMAIN_ID, PARENT_ID, LINE_NO, FIELD_ID, TRACKING_LEVEL, PATH_RENDERER_CLASS, DETAIL_RENDERER_CLASS)
VALUES ('57f41e3123e247fa940c77f08b780ac9', 0, 1, '/', '324f830d0a464b51981aae8a607f0a8e', '83', 'custHcl3Ref', 0, 'PathRenderer', 'DetailRenderer');
INSERT INTO CNT_HISTORY_DEF_ITEM
 (ID, REVISION, ENTITY_VERSION, DOMAIN_ID, PARENT_ID, LINE_NO, FIELD_ID, TRACKING_LEVEL, PATH_RENDERER_CLASS, DETAIL_RENDERER_CLASS)
VALUES ('bda1d402c1c449a68e2a4b0c21b6b2ea', 0, 1, '/', '324f830d0a464b51981aae8a607f0a8e', '84', 'custHcl3Ver', 0, 'PathRenderer', 'DetailRenderer');
INSERT INTO CNT_HISTORY_DEF_ITEM
 (ID, REVISION, ENTITY_VERSION, DOMAIN_ID, PARENT_ID, LINE_NO, FIELD_ID, TRACKING_LEVEL, PATH_RENDERER_CLASS, DETAIL_RENDERER_CLASS)
VALUES ('ba721223cc35468f8e65e8ba771b1b08', 0, 1, '/', '324f830d0a464b51981aae8a607f0a8e', '85', 'custHcl3Ref2', 0, 'PathRenderer', 'DetailRenderer');
INSERT INTO CNT_HISTORY_DEF_ITEM
 (ID, REVISION, ENTITY_VERSION, DOMAIN_ID, PARENT_ID, LINE_NO, FIELD_ID, TRACKING_LEVEL, PATH_RENDERER_CLASS, DETAIL_RENDERER_CLASS)
VALUES ('cfe7e86cc42740668041f7308dca5afc', 0, 1, '/', '324f830d0a464b51981aae8a607f0a8e', '86', 'custHcl3FullLineage', 0, 'PathRenderer', 'DetailRenderer');
INSERT INTO CNT_HISTORY_DEF_ITEM
 (ID, REVISION, ENTITY_VERSION, DOMAIN_ID, PARENT_ID, LINE_NO, FIELD_ID, TRACKING_LEVEL, PATH_RENDERER_CLASS, DETAIL_RENDERER_CLASS)
VALUES ('5d57b021987d4d96a608bf34d4be5c8a', 0, 1, '/', '324f830d0a464b51981aae8a607f0a8e', '87', 'custHcl4Ref', 0, 'PathRenderer', 'DetailRenderer');
INSERT INTO CNT_HISTORY_DEF_ITEM
 (ID, REVISION, ENTITY_VERSION, DOMAIN_ID, PARENT_ID, LINE_NO, FIELD_ID, TRACKING_LEVEL, PATH_RENDERER_CLASS, DETAIL_RENDERER_CLASS)
VALUES ('391eb9266b2f4f4c983f7538ad587a64', 0, 1, '/', '324f830d0a464b51981aae8a607f0a8e', '88', 'custHcl4Ver', 0, 'PathRenderer', 'DetailRenderer');
INSERT INTO CNT_HISTORY_DEF_ITEM
 (ID, REVISION, ENTITY_VERSION, DOMAIN_ID, PARENT_ID, LINE_NO, FIELD_ID, TRACKING_LEVEL, PATH_RENDERER_CLASS, DETAIL_RENDERER_CLASS)
VALUES ('4626b2be857f467ea06d0a7aa4462c09', 0, 1, '/', '324f830d0a464b51981aae8a607f0a8e', '89', 'custHcl4Ref2', 0, 'PathRenderer', 'DetailRenderer');
INSERT INTO CNT_HISTORY_DEF_ITEM
 (ID, REVISION, ENTITY_VERSION, DOMAIN_ID, PARENT_ID, LINE_NO, FIELD_ID, TRACKING_LEVEL, PATH_RENDERER_CLASS, DETAIL_RENDERER_CLASS)
VALUES ('5a1dac902ef54f0a9fb692509921d84d', 0, 1, '/', '324f830d0a464b51981aae8a607f0a8e', '90', 'custHcl4FullLineage', 0, 'PathRenderer', 'DetailRenderer');
INSERT INTO CNT_HISTORY_DEF_ITEM
 (ID, REVISION, ENTITY_VERSION, DOMAIN_ID, PARENT_ID, LINE_NO, FIELD_ID, TRACKING_LEVEL, PATH_RENDERER_CLASS, DETAIL_RENDERER_CLASS)
VALUES ('aa6845b394ed49ca85d5b69d15bb3d03', 0, 1, '/', '324f830d0a464b51981aae8a607f0a8e', '91', 'custHcl5Ref', 0, 'PathRenderer', 'DetailRenderer');
INSERT INTO CNT_HISTORY_DEF_ITEM
 (ID, REVISION, ENTITY_VERSION, DOMAIN_ID, PARENT_ID, LINE_NO, FIELD_ID, TRACKING_LEVEL, PATH_RENDERER_CLASS, DETAIL_RENDERER_CLASS)
VALUES ('7db426835bc3482f91ff4080694fe148', 0, 1, '/', '324f830d0a464b51981aae8a607f0a8e', '92', 'custHcl5Ver', 0, 'PathRenderer', 'DetailRenderer');
INSERT INTO CNT_HISTORY_DEF_ITEM
 (ID, REVISION, ENTITY_VERSION, DOMAIN_ID, PARENT_ID, LINE_NO, FIELD_ID, TRACKING_LEVEL, PATH_RENDERER_CLASS, DETAIL_RENDERER_CLASS)
VALUES ('a54f95a96feb4d519fc90f7018f2e4b3', 0, 1, '/', '324f830d0a464b51981aae8a607f0a8e', '93', 'custHcl5Ref2', 0, 'PathRenderer', 'DetailRenderer');
INSERT INTO CNT_HISTORY_DEF_ITEM
 (ID, REVISION, ENTITY_VERSION, DOMAIN_ID, PARENT_ID, LINE_NO, FIELD_ID, TRACKING_LEVEL, PATH_RENDERER_CLASS, DETAIL_RENDERER_CLASS)
VALUES ('8e4eda0e860b4ccb85f822337b4964c6', 0, 1, '/', '324f830d0a464b51981aae8a607f0a8e', '94', 'custHcl5FullLineage', 0, 'PathRenderer', 'DetailRenderer');
INSERT INTO CNT_HISTORY_DEF
 (ID, REVISION, APPLY_ENTITY, ENTITY_VERSION, DOMAIN_ID , GENERATED, CREATE_USER, CREATE_USER_NAME, CREATED_ON)
VALUES ('d51eda86665a44a6ae7b3c5dbc37c0c3', 0, 'VendorInvoiceAddress', 1, '/', 1, 'system', 'system', systimestamp);
INSERT INTO CNT_HISTORY_DEF_ITEM
 (ID, REVISION, ENTITY_VERSION, DOMAIN_ID, PARENT_ID, LINE_NO, FIELD_ID, TRACKING_LEVEL, PATH_RENDERER_CLASS, DETAIL_RENDERER_CLASS)
VALUES ('405ea4ad666b463e8335b2e40f546bd9', 0, 1, '/', 'd51eda86665a44a6ae7b3c5dbc37c0c3', '0', 'id', 1, 'PathRenderer', 'DetailRenderer');
INSERT INTO CNT_HISTORY_DEF_ITEM
 (ID, REVISION, ENTITY_VERSION, DOMAIN_ID, PARENT_ID, LINE_NO, FIELD_ID, TRACKING_LEVEL, PATH_RENDERER_CLASS, DETAIL_RENDERER_CLASS)
VALUES ('7a6533b09a6a4ff99a1abdbd425b12dd', 0, 1, '/', 'd51eda86665a44a6ae7b3c5dbc37c0c3', '1', 'revision', 1, 'PathRenderer', 'DetailRenderer');
INSERT INTO CNT_HISTORY_DEF_ITEM
 (ID, REVISION, ENTITY_VERSION, DOMAIN_ID, PARENT_ID, LINE_NO, FIELD_ID, TRACKING_LEVEL, PATH_RENDERER_CLASS, DETAIL_RENDERER_CLASS)
VALUES ('f181f4ea819f431dbedd82703b335937', 0, 1, '/', 'd51eda86665a44a6ae7b3c5dbc37c0c3', '2', 'entityVersion', 1, 'PathRenderer', 'DetailRenderer');
INSERT INTO CNT_HISTORY_DEF_ITEM
 (ID, REVISION, ENTITY_VERSION, DOMAIN_ID, PARENT_ID, LINE_NO, FIELD_ID, TRACKING_LEVEL, PATH_RENDERER_CLASS, DETAIL_RENDERER_CLASS)
VALUES ('eee17700662b42fa999d30f28b03248a', 0, 1, '/', 'd51eda86665a44a6ae7b3c5dbc37c0c3', '3', 'domainId', 1, 'PathRenderer', 'DetailRenderer');
INSERT INTO CNT_HISTORY_DEF_ITEM
 (ID, REVISION, ENTITY_VERSION, DOMAIN_ID, PARENT_ID, LINE_NO, FIELD_ID, TRACKING_LEVEL, PATH_RENDERER_CLASS, DETAIL_RENDERER_CLASS)
VALUES ('a1159f4f913047d7a61e719ea57499a1', 0, 1, '/', 'd51eda86665a44a6ae7b3c5dbc37c0c3', '4', 'hubDomainId', 1, 'PathRenderer', 'DetailRenderer');
INSERT INTO CNT_HISTORY_DEF_ITEM
 (ID, REVISION, ENTITY_VERSION, DOMAIN_ID, PARENT_ID, LINE_NO, FIELD_ID, TRACKING_LEVEL, PATH_RENDERER_CLASS, DETAIL_RENDERER_CLASS)
VALUES ('f1c9d71b09a94dd8ba6c41bc249bf933', 0, 1, '/', 'd51eda86665a44a6ae7b3c5dbc37c0c3', '5', 'isForReference', 1, 'PathRenderer', 'DetailRenderer');
INSERT INTO CNT_HISTORY_DEF_ITEM
 (ID, REVISION, ENTITY_VERSION, DOMAIN_ID, PARENT_ID, LINE_NO, FIELD_ID, TRACKING_LEVEL, PATH_RENDERER_CLASS, DETAIL_RENDERER_CLASS)
VALUES ('98c727aabf3949b588495ab17b0ccfab', 0, 1, '/', 'd51eda86665a44a6ae7b3c5dbc37c0c3', '6', 'internalSeqNo', 1, 'PathRenderer', 'DetailRenderer');
INSERT INTO CNT_HISTORY_DEF_ITEM
 (ID, REVISION, ENTITY_VERSION, DOMAIN_ID, PARENT_ID, LINE_NO, FIELD_ID, TRACKING_LEVEL, PATH_RENDERER_CLASS, DETAIL_RENDERER_CLASS)
VALUES ('8d8624e1e500495b836ebeef7a6bfcb1', 0, 1, '/', 'd51eda86665a44a6ae7b3c5dbc37c0c3', '7', 'vendorInvoiceId', 1, 'PathRenderer', 'DetailRenderer');
INSERT INTO CNT_HISTORY_DEF_ITEM
 (ID, REVISION, ENTITY_VERSION, DOMAIN_ID, PARENT_ID, LINE_NO, FIELD_ID, TRACKING_LEVEL, PATH_RENDERER_CLASS, DETAIL_RENDERER_CLASS)
VALUES ('a451c33a5d2845e38ccb610f04844865', 0, 1, '/', 'd51eda86665a44a6ae7b3c5dbc37c0c3', '8', 'companyName', 1, 'PathRenderer', 'DetailRenderer');
INSERT INTO CNT_HISTORY_DEF_ITEM
 (ID, REVISION, ENTITY_VERSION, DOMAIN_ID, PARENT_ID, LINE_NO, FIELD_ID, TRACKING_LEVEL, PATH_RENDERER_CLASS, DETAIL_RENDERER_CLASS)
VALUES ('6b72d37e670f4130a2964e3369ea34c9', 0, 1, '/', 'd51eda86665a44a6ae7b3c5dbc37c0c3', '9', 'address1', 1, 'PathRenderer', 'DetailRenderer');
INSERT INTO CNT_HISTORY_DEF_ITEM
 (ID, REVISION, ENTITY_VERSION, DOMAIN_ID, PARENT_ID, LINE_NO, FIELD_ID, TRACKING_LEVEL, PATH_RENDERER_CLASS, DETAIL_RENDERER_CLASS)
VALUES ('1688261666434d5682dc135e829b0883', 0, 1, '/', 'd51eda86665a44a6ae7b3c5dbc37c0c3', '10', 'address2', 1, 'PathRenderer', 'DetailRenderer');
INSERT INTO CNT_HISTORY_DEF_ITEM
 (ID, REVISION, ENTITY_VERSION, DOMAIN_ID, PARENT_ID, LINE_NO, FIELD_ID, TRACKING_LEVEL, PATH_RENDERER_CLASS, DETAIL_RENDERER_CLASS)
VALUES ('18071cf4ea7f4262b6a84ac8469082f6', 0, 1, '/', 'd51eda86665a44a6ae7b3c5dbc37c0c3', '11', 'address3', 1, 'PathRenderer', 'DetailRenderer');
INSERT INTO CNT_HISTORY_DEF_ITEM
 (ID, REVISION, ENTITY_VERSION, DOMAIN_ID, PARENT_ID, LINE_NO, FIELD_ID, TRACKING_LEVEL, PATH_RENDERER_CLASS, DETAIL_RENDERER_CLASS)
VALUES ('a67d597c8650493598cc4d77e30b3cd6', 0, 1, '/', 'd51eda86665a44a6ae7b3c5dbc37c0c3', '12', 'address4', 1, 'PathRenderer', 'DetailRenderer');
INSERT INTO CNT_HISTORY_DEF_ITEM
 (ID, REVISION, ENTITY_VERSION, DOMAIN_ID, PARENT_ID, LINE_NO, FIELD_ID, TRACKING_LEVEL, PATH_RENDERER_CLASS, DETAIL_RENDERER_CLASS)
VALUES ('106a2ae8253945bd85f50e806058496d', 0, 1, '/', 'd51eda86665a44a6ae7b3c5dbc37c0c3', '13', 'city', 1, 'PathRenderer', 'DetailRenderer');
INSERT INTO CNT_HISTORY_DEF_ITEM
 (ID, REVISION, ENTITY_VERSION, DOMAIN_ID, PARENT_ID, LINE_NO, FIELD_ID, TRACKING_LEVEL, PATH_RENDERER_CLASS, DETAIL_RENDERER_CLASS)
VALUES ('b18668fd4a6d41d79838e8ef85e4667c', 0, 1, '/', 'd51eda86665a44a6ae7b3c5dbc37c0c3', '14', 'district', 1, 'PathRenderer', 'DetailRenderer');
INSERT INTO CNT_HISTORY_DEF_ITEM
 (ID, REVISION, ENTITY_VERSION, DOMAIN_ID, PARENT_ID, LINE_NO, FIELD_ID, TRACKING_LEVEL, PATH_RENDERER_CLASS, DETAIL_RENDERER_CLASS)
VALUES ('2fe5763b667c418db7ad54ee38a4898a', 0, 1, '/', 'd51eda86665a44a6ae7b3c5dbc37c0c3', '15', 'postalCode', 1, 'PathRenderer', 'DetailRenderer');
INSERT INTO CNT_HISTORY_DEF_ITEM
 (ID, REVISION, ENTITY_VERSION, DOMAIN_ID, PARENT_ID, LINE_NO, FIELD_ID, TRACKING_LEVEL, PATH_RENDERER_CLASS, DETAIL_RENDERER_CLASS)
VALUES ('72c5e4a012894d628d0c4bacd511e3b6', 0, 1, '/', 'd51eda86665a44a6ae7b3c5dbc37c0c3', '16', 'country', 1, 'PathRenderer', 'DetailRenderer');
INSERT INTO CNT_HISTORY_DEF_ITEM
 (ID, REVISION, ENTITY_VERSION, DOMAIN_ID, PARENT_ID, LINE_NO, FIELD_ID, TRACKING_LEVEL, PATH_RENDERER_CLASS, DETAIL_RENDERER_CLASS)
VALUES ('e71af6e2387b4cc5af46afc4177a84a5', 0, 1, '/', 'd51eda86665a44a6ae7b3c5dbc37c0c3', '17', 'port', 1, 'PathRenderer', 'DetailRenderer');
INSERT INTO CNT_HISTORY_DEF_ITEM
 (ID, REVISION, ENTITY_VERSION, DOMAIN_ID, PARENT_ID, LINE_NO, FIELD_ID, TRACKING_LEVEL, PATH_RENDERER_CLASS, DETAIL_RENDERER_CLASS)
VALUES ('c4c7aac5c38f4815a315461c27c1ff5b', 0, 1, '/', 'd51eda86665a44a6ae7b3c5dbc37c0c3', '18', 'language', 1, 'PathRenderer', 'DetailRenderer');
INSERT INTO CNT_HISTORY_DEF_ITEM
 (ID, REVISION, ENTITY_VERSION, DOMAIN_ID, PARENT_ID, LINE_NO, FIELD_ID, TRACKING_LEVEL, PATH_RENDERER_CLASS, DETAIL_RENDERER_CLASS)
VALUES ('c091d3d53d884387b328ca9dccce5dc8', 0, 1, '/', 'd51eda86665a44a6ae7b3c5dbc37c0c3', '19', 'addressTypes', 1, 'PathRenderer', 'SelectionDetailRenderer');
INSERT INTO CNT_HISTORY_DEF_ITEM
 (ID, REVISION, ENTITY_VERSION, DOMAIN_ID, PARENT_ID, LINE_NO, FIELD_ID, TRACKING_LEVEL, PATH_RENDERER_CLASS, DETAIL_RENDERER_CLASS)
VALUES ('e9751dca91e54676bda1ff6908a0de83', 0, 1, '/', 'd51eda86665a44a6ae7b3c5dbc37c0c3', '20', 'custText1', 1, 'PathRenderer', 'DetailRenderer');
INSERT INTO CNT_HISTORY_DEF_ITEM
 (ID, REVISION, ENTITY_VERSION, DOMAIN_ID, PARENT_ID, LINE_NO, FIELD_ID, TRACKING_LEVEL, PATH_RENDERER_CLASS, DETAIL_RENDERER_CLASS)
VALUES ('0f34bed847b44df8b82b0073b1d336ce', 0, 1, '/', 'd51eda86665a44a6ae7b3c5dbc37c0c3', '21', 'custText2', 1, 'PathRenderer', 'DetailRenderer');
INSERT INTO CNT_HISTORY_DEF_ITEM
 (ID, REVISION, ENTITY_VERSION, DOMAIN_ID, PARENT_ID, LINE_NO, FIELD_ID, TRACKING_LEVEL, PATH_RENDERER_CLASS, DETAIL_RENDERER_CLASS)
VALUES ('6cd53548c6f0443f83b5c9cbd6f796b5', 0, 1, '/', 'd51eda86665a44a6ae7b3c5dbc37c0c3', '22', 'custText3', 1, 'PathRenderer', 'DetailRenderer');
INSERT INTO CNT_HISTORY_DEF_ITEM
 (ID, REVISION, ENTITY_VERSION, DOMAIN_ID, PARENT_ID, LINE_NO, FIELD_ID, TRACKING_LEVEL, PATH_RENDERER_CLASS, DETAIL_RENDERER_CLASS)
VALUES ('9b588e214fed4a06982fdefdd5032602', 0, 1, '/', 'd51eda86665a44a6ae7b3c5dbc37c0c3', '23', 'custText4', 1, 'PathRenderer', 'DetailRenderer');
INSERT INTO CNT_HISTORY_DEF_ITEM
 (ID, REVISION, ENTITY_VERSION, DOMAIN_ID, PARENT_ID, LINE_NO, FIELD_ID, TRACKING_LEVEL, PATH_RENDERER_CLASS, DETAIL_RENDERER_CLASS)
VALUES ('d46df4eca4d349f59e62485e9032787a', 0, 1, '/', 'd51eda86665a44a6ae7b3c5dbc37c0c3', '24', 'custText5', 1, 'PathRenderer', 'DetailRenderer');
INSERT INTO CNT_HISTORY_DEF_ITEM
 (ID, REVISION, ENTITY_VERSION, DOMAIN_ID, PARENT_ID, LINE_NO, FIELD_ID, TRACKING_LEVEL, PATH_RENDERER_CLASS, DETAIL_RENDERER_CLASS)
VALUES ('8b541ac6cb154e83b76d01597baef9b4', 0, 1, '/', 'd51eda86665a44a6ae7b3c5dbc37c0c3', '25', 'custText6', 1, 'PathRenderer', 'DetailRenderer');
INSERT INTO CNT_HISTORY_DEF_ITEM
 (ID, REVISION, ENTITY_VERSION, DOMAIN_ID, PARENT_ID, LINE_NO, FIELD_ID, TRACKING_LEVEL, PATH_RENDERER_CLASS, DETAIL_RENDERER_CLASS)
VALUES ('c7e0af619c294696a0272a6713f41908', 0, 1, '/', 'd51eda86665a44a6ae7b3c5dbc37c0c3', '26', 'custText7', 1, 'PathRenderer', 'DetailRenderer');
INSERT INTO CNT_HISTORY_DEF_ITEM
 (ID, REVISION, ENTITY_VERSION, DOMAIN_ID, PARENT_ID, LINE_NO, FIELD_ID, TRACKING_LEVEL, PATH_RENDERER_CLASS, DETAIL_RENDERER_CLASS)
VALUES ('9fd2b46a5e26463eb5b7d5c4daf0ab59', 0, 1, '/', 'd51eda86665a44a6ae7b3c5dbc37c0c3', '27', 'custDate1', 1, 'PathRenderer', 'DetailRenderer');
INSERT INTO CNT_HISTORY_DEF_ITEM
 (ID, REVISION, ENTITY_VERSION, DOMAIN_ID, PARENT_ID, LINE_NO, FIELD_ID, TRACKING_LEVEL, PATH_RENDERER_CLASS, DETAIL_RENDERER_CLASS)
VALUES ('87ba2fc9a0a44380a5f7f3b09f4faf7f', 0, 1, '/', 'd51eda86665a44a6ae7b3c5dbc37c0c3', '28', 'custDate2', 1, 'PathRenderer', 'DetailRenderer');
INSERT INTO CNT_HISTORY_DEF_ITEM
 (ID, REVISION, ENTITY_VERSION, DOMAIN_ID, PARENT_ID, LINE_NO, FIELD_ID, TRACKING_LEVEL, PATH_RENDERER_CLASS, DETAIL_RENDERER_CLASS)
VALUES ('e018761b5fe940d2a73670ce609d06c6', 0, 1, '/', 'd51eda86665a44a6ae7b3c5dbc37c0c3', '29', 'custDate3', 1, 'PathRenderer', 'DetailRenderer');
INSERT INTO CNT_HISTORY_DEF_ITEM
 (ID, REVISION, ENTITY_VERSION, DOMAIN_ID, PARENT_ID, LINE_NO, FIELD_ID, TRACKING_LEVEL, PATH_RENDERER_CLASS, DETAIL_RENDERER_CLASS)
VALUES ('c148bab7090c464eb0dbe423714f2263', 0, 1, '/', 'd51eda86665a44a6ae7b3c5dbc37c0c3', '30', 'custDate4', 1, 'PathRenderer', 'DetailRenderer');
INSERT INTO CNT_HISTORY_DEF_ITEM
 (ID, REVISION, ENTITY_VERSION, DOMAIN_ID, PARENT_ID, LINE_NO, FIELD_ID, TRACKING_LEVEL, PATH_RENDERER_CLASS, DETAIL_RENDERER_CLASS)
VALUES ('26d9ae93cd064dfd9b86c434e87b5a54', 0, 1, '/', 'd51eda86665a44a6ae7b3c5dbc37c0c3', '31', 'custDate5', 1, 'PathRenderer', 'DetailRenderer');
INSERT INTO CNT_HISTORY_DEF_ITEM
 (ID, REVISION, ENTITY_VERSION, DOMAIN_ID, PARENT_ID, LINE_NO, FIELD_ID, TRACKING_LEVEL, PATH_RENDERER_CLASS, DETAIL_RENDERER_CLASS)
VALUES ('bee664d55cb241c7a4ab1c0e1292c794', 0, 1, '/', 'd51eda86665a44a6ae7b3c5dbc37c0c3', '32', 'custDate6', 1, 'PathRenderer', 'DetailRenderer');
INSERT INTO CNT_HISTORY_DEF_ITEM
 (ID, REVISION, ENTITY_VERSION, DOMAIN_ID, PARENT_ID, LINE_NO, FIELD_ID, TRACKING_LEVEL, PATH_RENDERER_CLASS, DETAIL_RENDERER_CLASS)
VALUES ('aac07c7b367343f2bc743b2d881b57e1', 0, 1, '/', 'd51eda86665a44a6ae7b3c5dbc37c0c3', '33', 'custDate7', 1, 'PathRenderer', 'DetailRenderer');
INSERT INTO CNT_HISTORY_DEF_ITEM
 (ID, REVISION, ENTITY_VERSION, DOMAIN_ID, PARENT_ID, LINE_NO, FIELD_ID, TRACKING_LEVEL, PATH_RENDERER_CLASS, DETAIL_RENDERER_CLASS)
VALUES ('7ea53c5f58c74777af43c60fdd6a8722', 0, 1, '/', 'd51eda86665a44a6ae7b3c5dbc37c0c3', '34', 'custNumber1', 1, 'PathRenderer', 'DetailRenderer');
INSERT INTO CNT_HISTORY_DEF_ITEM
 (ID, REVISION, ENTITY_VERSION, DOMAIN_ID, PARENT_ID, LINE_NO, FIELD_ID, TRACKING_LEVEL, PATH_RENDERER_CLASS, DETAIL_RENDERER_CLASS)
VALUES ('02a556ff7c9447199b8283baadadb843', 0, 1, '/', 'd51eda86665a44a6ae7b3c5dbc37c0c3', '35', 'custNumber2', 1, 'PathRenderer', 'DetailRenderer');
INSERT INTO CNT_HISTORY_DEF_ITEM
 (ID, REVISION, ENTITY_VERSION, DOMAIN_ID, PARENT_ID, LINE_NO, FIELD_ID, TRACKING_LEVEL, PATH_RENDERER_CLASS, DETAIL_RENDERER_CLASS)
VALUES ('7dc70d225d0a49b08fd1182c4cef2f1b', 0, 1, '/', 'd51eda86665a44a6ae7b3c5dbc37c0c3', '36', 'custNumber3', 1, 'PathRenderer', 'DetailRenderer');
INSERT INTO CNT_HISTORY_DEF_ITEM
 (ID, REVISION, ENTITY_VERSION, DOMAIN_ID, PARENT_ID, LINE_NO, FIELD_ID, TRACKING_LEVEL, PATH_RENDERER_CLASS, DETAIL_RENDERER_CLASS)
VALUES ('849547423550447fa26becf1afbbf7ff', 0, 1, '/', 'd51eda86665a44a6ae7b3c5dbc37c0c3', '37', 'custNumber4', 1, 'PathRenderer', 'DetailRenderer');
INSERT INTO CNT_HISTORY_DEF_ITEM
 (ID, REVISION, ENTITY_VERSION, DOMAIN_ID, PARENT_ID, LINE_NO, FIELD_ID, TRACKING_LEVEL, PATH_RENDERER_CLASS, DETAIL_RENDERER_CLASS)
VALUES ('0acaa7f168bf4db8b82770017ae64bf8', 0, 1, '/', 'd51eda86665a44a6ae7b3c5dbc37c0c3', '38', 'custNumber5', 1, 'PathRenderer', 'DetailRenderer');
INSERT INTO CNT_HISTORY_DEF_ITEM
 (ID, REVISION, ENTITY_VERSION, DOMAIN_ID, PARENT_ID, LINE_NO, FIELD_ID, TRACKING_LEVEL, PATH_RENDERER_CLASS, DETAIL_RENDERER_CLASS)
VALUES ('77064943245745d69aa0678384435447', 0, 1, '/', 'd51eda86665a44a6ae7b3c5dbc37c0c3', '39', 'custNumber6', 1, 'PathRenderer', 'DetailRenderer');
INSERT INTO CNT_HISTORY_DEF_ITEM
 (ID, REVISION, ENTITY_VERSION, DOMAIN_ID, PARENT_ID, LINE_NO, FIELD_ID, TRACKING_LEVEL, PATH_RENDERER_CLASS, DETAIL_RENDERER_CLASS)
VALUES ('5ac90fd1014248ab9d2b32023aaeaf17', 0, 1, '/', 'd51eda86665a44a6ae7b3c5dbc37c0c3', '40', 'custNumber7', 1, 'PathRenderer', 'DetailRenderer');
INSERT INTO CNT_HISTORY_DEF_ITEM
 (ID, REVISION, ENTITY_VERSION, DOMAIN_ID, PARENT_ID, LINE_NO, FIELD_ID, TRACKING_LEVEL, PATH_RENDERER_CLASS, DETAIL_RENDERER_CLASS)
VALUES ('5279babbbb6e4c6ba5fcf1241b2f7765', 0, 1, '/', 'd51eda86665a44a6ae7b3c5dbc37c0c3', '41', 'custDecimal1', 1, 'PathRenderer', 'DetailRenderer');
INSERT INTO CNT_HISTORY_DEF_ITEM
 (ID, REVISION, ENTITY_VERSION, DOMAIN_ID, PARENT_ID, LINE_NO, FIELD_ID, TRACKING_LEVEL, PATH_RENDERER_CLASS, DETAIL_RENDERER_CLASS)
VALUES ('30970ac55091444d9d13d621a5dd541a', 0, 1, '/', 'd51eda86665a44a6ae7b3c5dbc37c0c3', '42', 'custDecimal2', 1, 'PathRenderer', 'DetailRenderer');
INSERT INTO CNT_HISTORY_DEF_ITEM
 (ID, REVISION, ENTITY_VERSION, DOMAIN_ID, PARENT_ID, LINE_NO, FIELD_ID, TRACKING_LEVEL, PATH_RENDERER_CLASS, DETAIL_RENDERER_CLASS)
VALUES ('50aad05ab537470596416fb5780eede9', 0, 1, '/', 'd51eda86665a44a6ae7b3c5dbc37c0c3', '43', 'custDecimal3', 1, 'PathRenderer', 'DetailRenderer');
INSERT INTO CNT_HISTORY_DEF_ITEM
 (ID, REVISION, ENTITY_VERSION, DOMAIN_ID, PARENT_ID, LINE_NO, FIELD_ID, TRACKING_LEVEL, PATH_RENDERER_CLASS, DETAIL_RENDERER_CLASS)
VALUES ('5664a415797041ff90f5d976166786d3', 0, 1, '/', 'd51eda86665a44a6ae7b3c5dbc37c0c3', '44', 'custDecimal4', 1, 'PathRenderer', 'DetailRenderer');
INSERT INTO CNT_HISTORY_DEF_ITEM
 (ID, REVISION, ENTITY_VERSION, DOMAIN_ID, PARENT_ID, LINE_NO, FIELD_ID, TRACKING_LEVEL, PATH_RENDERER_CLASS, DETAIL_RENDERER_CLASS)
VALUES ('4c0a5e04047949b6b8fef15d26468612', 0, 1, '/', 'd51eda86665a44a6ae7b3c5dbc37c0c3', '45', 'custDecimal5', 1, 'PathRenderer', 'DetailRenderer');
INSERT INTO CNT_HISTORY_DEF_ITEM
 (ID, REVISION, ENTITY_VERSION, DOMAIN_ID, PARENT_ID, LINE_NO, FIELD_ID, TRACKING_LEVEL, PATH_RENDERER_CLASS, DETAIL_RENDERER_CLASS)
VALUES ('23da97dde34a4522b6289307d5bf0c96', 0, 1, '/', 'd51eda86665a44a6ae7b3c5dbc37c0c3', '46', 'custDecimal6', 1, 'PathRenderer', 'DetailRenderer');
INSERT INTO CNT_HISTORY_DEF_ITEM
 (ID, REVISION, ENTITY_VERSION, DOMAIN_ID, PARENT_ID, LINE_NO, FIELD_ID, TRACKING_LEVEL, PATH_RENDERER_CLASS, DETAIL_RENDERER_CLASS)
VALUES ('0dbd86622a7442fb87ccd18142252bea', 0, 1, '/', 'd51eda86665a44a6ae7b3c5dbc37c0c3', '47', 'custDecimal7', 1, 'PathRenderer', 'DetailRenderer');
INSERT INTO CNT_HISTORY_DEF_ITEM
 (ID, REVISION, ENTITY_VERSION, DOMAIN_ID, PARENT_ID, LINE_NO, FIELD_ID, TRACKING_LEVEL, PATH_RENDERER_CLASS, DETAIL_RENDERER_CLASS)
VALUES ('2fc6b0e5fdb14b22863b4c814f4add8f', 0, 1, '/', 'd51eda86665a44a6ae7b3c5dbc37c0c3', '48', 'custCodelist1', 1, 'PathRenderer', 'DetailRenderer');
INSERT INTO CNT_HISTORY_DEF_ITEM
 (ID, REVISION, ENTITY_VERSION, DOMAIN_ID, PARENT_ID, LINE_NO, FIELD_ID, TRACKING_LEVEL, PATH_RENDERER_CLASS, DETAIL_RENDERER_CLASS)
VALUES ('ba72e8f3c3614880a82a847e6fba8d24', 0, 1, '/', 'd51eda86665a44a6ae7b3c5dbc37c0c3', '49', 'custCodelist2', 1, 'PathRenderer', 'DetailRenderer');
INSERT INTO CNT_HISTORY_DEF_ITEM
 (ID, REVISION, ENTITY_VERSION, DOMAIN_ID, PARENT_ID, LINE_NO, FIELD_ID, TRACKING_LEVEL, PATH_RENDERER_CLASS, DETAIL_RENDERER_CLASS)
VALUES ('2df5660cb2e84afcb2352ff9780e32bf', 0, 1, '/', 'd51eda86665a44a6ae7b3c5dbc37c0c3', '50', 'custCodelist3', 1, 'PathRenderer', 'DetailRenderer');
INSERT INTO CNT_HISTORY_DEF_ITEM
 (ID, REVISION, ENTITY_VERSION, DOMAIN_ID, PARENT_ID, LINE_NO, FIELD_ID, TRACKING_LEVEL, PATH_RENDERER_CLASS, DETAIL_RENDERER_CLASS)
VALUES ('047160263acc443c8f7146ef9a5b6989', 0, 1, '/', 'd51eda86665a44a6ae7b3c5dbc37c0c3', '51', 'custCodelist4', 1, 'PathRenderer', 'DetailRenderer');
INSERT INTO CNT_HISTORY_DEF_ITEM
 (ID, REVISION, ENTITY_VERSION, DOMAIN_ID, PARENT_ID, LINE_NO, FIELD_ID, TRACKING_LEVEL, PATH_RENDERER_CLASS, DETAIL_RENDERER_CLASS)
VALUES ('af16352e8ba44302ade910954cd9d400', 0, 1, '/', 'd51eda86665a44a6ae7b3c5dbc37c0c3', '52', 'custCodelist5', 1, 'PathRenderer', 'DetailRenderer');
INSERT INTO CNT_HISTORY_DEF_ITEM
 (ID, REVISION, ENTITY_VERSION, DOMAIN_ID, PARENT_ID, LINE_NO, FIELD_ID, TRACKING_LEVEL, PATH_RENDERER_CLASS, DETAIL_RENDERER_CLASS)
VALUES ('ab6822c02a1140879ce576fa44c339eb', 0, 1, '/', 'd51eda86665a44a6ae7b3c5dbc37c0c3', '53', 'custCodelist6', 1, 'PathRenderer', 'DetailRenderer');
INSERT INTO CNT_HISTORY_DEF_ITEM
 (ID, REVISION, ENTITY_VERSION, DOMAIN_ID, PARENT_ID, LINE_NO, FIELD_ID, TRACKING_LEVEL, PATH_RENDERER_CLASS, DETAIL_RENDERER_CLASS)
VALUES ('8ad1248e085b4e629401c079ed2b349a', 0, 1, '/', 'd51eda86665a44a6ae7b3c5dbc37c0c3', '54', 'custCodelist7', 1, 'PathRenderer', 'DetailRenderer');
INSERT INTO CNT_HISTORY_DEF_ITEM
 (ID, REVISION, ENTITY_VERSION, DOMAIN_ID, PARENT_ID, LINE_NO, FIELD_ID, TRACKING_LEVEL, PATH_RENDERER_CLASS, DETAIL_RENDERER_CLASS)
VALUES ('d7d44c062b4342b0b6d1d397926636f6', 0, 1, '/', 'd51eda86665a44a6ae7b3c5dbc37c0c3', '55', 'custMemoText1', 1, 'PathRenderer', 'DetailRenderer');
INSERT INTO CNT_HISTORY_DEF_ITEM
 (ID, REVISION, ENTITY_VERSION, DOMAIN_ID, PARENT_ID, LINE_NO, FIELD_ID, TRACKING_LEVEL, PATH_RENDERER_CLASS, DETAIL_RENDERER_CLASS)
VALUES ('92dac2a5a21c42fea09084b1b5c491c2', 0, 1, '/', 'd51eda86665a44a6ae7b3c5dbc37c0c3', '56', 'custMemoText2', 1, 'PathRenderer', 'DetailRenderer');
INSERT INTO CNT_HISTORY_DEF_ITEM
 (ID, REVISION, ENTITY_VERSION, DOMAIN_ID, PARENT_ID, LINE_NO, FIELD_ID, TRACKING_LEVEL, PATH_RENDERER_CLASS, DETAIL_RENDERER_CLASS)
VALUES ('90ef660537784879abbbbeb4b9b19d8a', 0, 1, '/', 'd51eda86665a44a6ae7b3c5dbc37c0c3', '57', 'custMemoText3', 1, 'PathRenderer', 'DetailRenderer');
INSERT INTO CNT_HISTORY_DEF_ITEM
 (ID, REVISION, ENTITY_VERSION, DOMAIN_ID, PARENT_ID, LINE_NO, FIELD_ID, TRACKING_LEVEL, PATH_RENDERER_CLASS, DETAIL_RENDERER_CLASS)
VALUES ('232d4d71af524613a5f5958a112dd79e', 0, 1, '/', 'd51eda86665a44a6ae7b3c5dbc37c0c3', '58', 'custMemoText4', 1, 'PathRenderer', 'DetailRenderer');
INSERT INTO CNT_HISTORY_DEF_ITEM
 (ID, REVISION, ENTITY_VERSION, DOMAIN_ID, PARENT_ID, LINE_NO, FIELD_ID, TRACKING_LEVEL, PATH_RENDERER_CLASS, DETAIL_RENDERER_CLASS)
VALUES ('2087dbc799ab403e93f353431ce18d1f', 0, 1, '/', 'd51eda86665a44a6ae7b3c5dbc37c0c3', '59', 'custMemoText5', 1, 'PathRenderer', 'DetailRenderer');
INSERT INTO CNT_HISTORY_DEF_ITEM
 (ID, REVISION, ENTITY_VERSION, DOMAIN_ID, PARENT_ID, LINE_NO, FIELD_ID, TRACKING_LEVEL, PATH_RENDERER_CLASS, DETAIL_RENDERER_CLASS)
VALUES ('4c800952befc450baa55b0e3c9f7a07e', 0, 1, '/', 'd51eda86665a44a6ae7b3c5dbc37c0c3', '60', 'custMemoText6', 1, 'PathRenderer', 'DetailRenderer');
INSERT INTO CNT_HISTORY_DEF_ITEM
 (ID, REVISION, ENTITY_VERSION, DOMAIN_ID, PARENT_ID, LINE_NO, FIELD_ID, TRACKING_LEVEL, PATH_RENDERER_CLASS, DETAIL_RENDERER_CLASS)
VALUES ('a9faf1e349a242e6a09e647d2e822e68', 0, 1, '/', 'd51eda86665a44a6ae7b3c5dbc37c0c3', '61', 'custMemoText7', 1, 'PathRenderer', 'DetailRenderer');
INSERT INTO CNT_HISTORY_DEF_ITEM
 (ID, REVISION, ENTITY_VERSION, DOMAIN_ID, PARENT_ID, LINE_NO, FIELD_ID, TRACKING_LEVEL, PATH_RENDERER_CLASS, DETAIL_RENDERER_CLASS)
VALUES ('bf81e0d9fce34ce283f600900a8dc306', 0, 1, '/', 'd51eda86665a44a6ae7b3c5dbc37c0c3', '62', 'custHcl1', 1, 'PathRenderer', 'DetailRenderer');
INSERT INTO CNT_HISTORY_DEF_ITEM
 (ID, REVISION, ENTITY_VERSION, DOMAIN_ID, PARENT_ID, LINE_NO, FIELD_ID, TRACKING_LEVEL, PATH_RENDERER_CLASS, DETAIL_RENDERER_CLASS)
VALUES ('bdac4a2d7b064acda2296ef08e50987f', 0, 1, '/', 'd51eda86665a44a6ae7b3c5dbc37c0c3', '63', 'custHcl2', 1, 'PathRenderer', 'DetailRenderer');
INSERT INTO CNT_HISTORY_DEF_ITEM
 (ID, REVISION, ENTITY_VERSION, DOMAIN_ID, PARENT_ID, LINE_NO, FIELD_ID, TRACKING_LEVEL, PATH_RENDERER_CLASS, DETAIL_RENDERER_CLASS)
VALUES ('e290f552820642058f1499c65cd258e9', 0, 1, '/', 'd51eda86665a44a6ae7b3c5dbc37c0c3', '64', 'custHcl3', 1, 'PathRenderer', 'DetailRenderer');
INSERT INTO CNT_HISTORY_DEF_ITEM
 (ID, REVISION, ENTITY_VERSION, DOMAIN_ID, PARENT_ID, LINE_NO, FIELD_ID, TRACKING_LEVEL, PATH_RENDERER_CLASS, DETAIL_RENDERER_CLASS)
VALUES ('f58414081bd74064886e76345378e771', 0, 1, '/', 'd51eda86665a44a6ae7b3c5dbc37c0c3', '65', 'custHcl4', 1, 'PathRenderer', 'DetailRenderer');
INSERT INTO CNT_HISTORY_DEF_ITEM
 (ID, REVISION, ENTITY_VERSION, DOMAIN_ID, PARENT_ID, LINE_NO, FIELD_ID, TRACKING_LEVEL, PATH_RENDERER_CLASS, DETAIL_RENDERER_CLASS)
VALUES ('019b945e6fcd400e84c0789a8311abbd', 0, 1, '/', 'd51eda86665a44a6ae7b3c5dbc37c0c3', '66', 'custHcl5', 1, 'PathRenderer', 'DetailRenderer');
INSERT INTO CNT_HISTORY_DEF_ITEM
 (ID, REVISION, ENTITY_VERSION, DOMAIN_ID, PARENT_ID, LINE_NO, FIELD_ID, TRACKING_LEVEL, PATH_RENDERER_CLASS, DETAIL_RENDERER_CLASS)
VALUES ('a587ec630bc645fcb78dc26172f73110', 0, 1, '/', 'd51eda86665a44a6ae7b3c5dbc37c0c3', '67', 'countryName', 0, 'PathRenderer', 'DetailRenderer');
INSERT INTO CNT_HISTORY_DEF_ITEM
 (ID, REVISION, ENTITY_VERSION, DOMAIN_ID, PARENT_ID, LINE_NO, FIELD_ID, TRACKING_LEVEL, PATH_RENDERER_CLASS, DETAIL_RENDERER_CLASS)
VALUES ('35ec07c0b82c4fe3b1f31f6749c26ab0', 0, 1, '/', 'd51eda86665a44a6ae7b3c5dbc37c0c3', '68', 'portName', 0, 'PathRenderer', 'DetailRenderer');
INSERT INTO CNT_HISTORY_DEF_ITEM
 (ID, REVISION, ENTITY_VERSION, DOMAIN_ID, PARENT_ID, LINE_NO, FIELD_ID, TRACKING_LEVEL, PATH_RENDERER_CLASS, DETAIL_RENDERER_CLASS)
VALUES ('67a328153f9b4e6894126c74a8875fc1', 0, 1, '/', 'd51eda86665a44a6ae7b3c5dbc37c0c3', '69', 'languageName', 0, 'PathRenderer', 'DetailRenderer');
INSERT INTO CNT_HISTORY_DEF_ITEM
 (ID, REVISION, ENTITY_VERSION, DOMAIN_ID, PARENT_ID, LINE_NO, FIELD_ID, TRACKING_LEVEL, PATH_RENDERER_CLASS, DETAIL_RENDERER_CLASS)
VALUES ('2e7c9a8cb21c4bde85e173ace877e818', 0, 1, '/', 'd51eda86665a44a6ae7b3c5dbc37c0c3', '70', 'addressTypesValue', 0, 'PathRenderer', 'DetailRenderer');
INSERT INTO CNT_HISTORY_DEF_ITEM
 (ID, REVISION, ENTITY_VERSION, DOMAIN_ID, PARENT_ID, LINE_NO, FIELD_ID, TRACKING_LEVEL, PATH_RENDERER_CLASS, DETAIL_RENDERER_CLASS)
VALUES ('a4e2718d286f46ab8f2e7f570eb1d997', 0, 1, '/', 'd51eda86665a44a6ae7b3c5dbc37c0c3', '71', 'custCodelist1Name', 0, 'PathRenderer', 'DetailRenderer');
INSERT INTO CNT_HISTORY_DEF_ITEM
 (ID, REVISION, ENTITY_VERSION, DOMAIN_ID, PARENT_ID, LINE_NO, FIELD_ID, TRACKING_LEVEL, PATH_RENDERER_CLASS, DETAIL_RENDERER_CLASS)
VALUES ('918bbb5f55ca4d7baf654c20d906b71d', 0, 1, '/', 'd51eda86665a44a6ae7b3c5dbc37c0c3', '72', 'custCodelist2Name', 0, 'PathRenderer', 'DetailRenderer');
INSERT INTO CNT_HISTORY_DEF_ITEM
 (ID, REVISION, ENTITY_VERSION, DOMAIN_ID, PARENT_ID, LINE_NO, FIELD_ID, TRACKING_LEVEL, PATH_RENDERER_CLASS, DETAIL_RENDERER_CLASS)
VALUES ('1a1a3a7b69294f978f5bf9a3c908119e', 0, 1, '/', 'd51eda86665a44a6ae7b3c5dbc37c0c3', '73', 'custCodelist3Name', 0, 'PathRenderer', 'DetailRenderer');
INSERT INTO CNT_HISTORY_DEF_ITEM
 (ID, REVISION, ENTITY_VERSION, DOMAIN_ID, PARENT_ID, LINE_NO, FIELD_ID, TRACKING_LEVEL, PATH_RENDERER_CLASS, DETAIL_RENDERER_CLASS)
VALUES ('7e8ed94c1a4e44388f6b6aeed9057244', 0, 1, '/', 'd51eda86665a44a6ae7b3c5dbc37c0c3', '74', 'custCodelist4Name', 0, 'PathRenderer', 'DetailRenderer');
INSERT INTO CNT_HISTORY_DEF_ITEM
 (ID, REVISION, ENTITY_VERSION, DOMAIN_ID, PARENT_ID, LINE_NO, FIELD_ID, TRACKING_LEVEL, PATH_RENDERER_CLASS, DETAIL_RENDERER_CLASS)
VALUES ('0368d51df4ff440bbb9f5b29b6f2684d', 0, 1, '/', 'd51eda86665a44a6ae7b3c5dbc37c0c3', '75', 'custCodelist5Name', 0, 'PathRenderer', 'DetailRenderer');
INSERT INTO CNT_HISTORY_DEF_ITEM
 (ID, REVISION, ENTITY_VERSION, DOMAIN_ID, PARENT_ID, LINE_NO, FIELD_ID, TRACKING_LEVEL, PATH_RENDERER_CLASS, DETAIL_RENDERER_CLASS)
VALUES ('d845f382f9ae40faa3be2eb755bcd2d1', 0, 1, '/', 'd51eda86665a44a6ae7b3c5dbc37c0c3', '76', 'custCodelist6Name', 0, 'PathRenderer', 'DetailRenderer');
INSERT INTO CNT_HISTORY_DEF_ITEM
 (ID, REVISION, ENTITY_VERSION, DOMAIN_ID, PARENT_ID, LINE_NO, FIELD_ID, TRACKING_LEVEL, PATH_RENDERER_CLASS, DETAIL_RENDERER_CLASS)
VALUES ('09d68a4e3cbe4dd6944900f53d6d8618', 0, 1, '/', 'd51eda86665a44a6ae7b3c5dbc37c0c3', '77', 'custCodelist7Name', 0, 'PathRenderer', 'DetailRenderer');
INSERT INTO CNT_HISTORY_DEF_ITEM
 (ID, REVISION, ENTITY_VERSION, DOMAIN_ID, PARENT_ID, LINE_NO, FIELD_ID, TRACKING_LEVEL, PATH_RENDERER_CLASS, DETAIL_RENDERER_CLASS)
VALUES ('67d73dbb502d4df8845a102d8a956a78', 0, 1, '/', 'd51eda86665a44a6ae7b3c5dbc37c0c3', '78', 'custHcl1Ref', 0, 'PathRenderer', 'DetailRenderer');
INSERT INTO CNT_HISTORY_DEF_ITEM
 (ID, REVISION, ENTITY_VERSION, DOMAIN_ID, PARENT_ID, LINE_NO, FIELD_ID, TRACKING_LEVEL, PATH_RENDERER_CLASS, DETAIL_RENDERER_CLASS)
VALUES ('667ef60214eb40ed9c6c93836ce2fe37', 0, 1, '/', 'd51eda86665a44a6ae7b3c5dbc37c0c3', '79', 'custHcl1Ver', 0, 'PathRenderer', 'DetailRenderer');
INSERT INTO CNT_HISTORY_DEF_ITEM
 (ID, REVISION, ENTITY_VERSION, DOMAIN_ID, PARENT_ID, LINE_NO, FIELD_ID, TRACKING_LEVEL, PATH_RENDERER_CLASS, DETAIL_RENDERER_CLASS)
VALUES ('38e6b54244c4426ba873602a4cb371fc', 0, 1, '/', 'd51eda86665a44a6ae7b3c5dbc37c0c3', '80', 'custHcl1Ref2', 0, 'PathRenderer', 'DetailRenderer');
INSERT INTO CNT_HISTORY_DEF_ITEM
 (ID, REVISION, ENTITY_VERSION, DOMAIN_ID, PARENT_ID, LINE_NO, FIELD_ID, TRACKING_LEVEL, PATH_RENDERER_CLASS, DETAIL_RENDERER_CLASS)
VALUES ('2f336379607249209fcd46e33cbc917f', 0, 1, '/', 'd51eda86665a44a6ae7b3c5dbc37c0c3', '81', 'custHcl1FullLineage', 0, 'PathRenderer', 'DetailRenderer');
INSERT INTO CNT_HISTORY_DEF_ITEM
 (ID, REVISION, ENTITY_VERSION, DOMAIN_ID, PARENT_ID, LINE_NO, FIELD_ID, TRACKING_LEVEL, PATH_RENDERER_CLASS, DETAIL_RENDERER_CLASS)
VALUES ('c2d5c32f243b4a47a6171f1f20234ad8', 0, 1, '/', 'd51eda86665a44a6ae7b3c5dbc37c0c3', '82', 'custHcl2Ref', 0, 'PathRenderer', 'DetailRenderer');
INSERT INTO CNT_HISTORY_DEF_ITEM
 (ID, REVISION, ENTITY_VERSION, DOMAIN_ID, PARENT_ID, LINE_NO, FIELD_ID, TRACKING_LEVEL, PATH_RENDERER_CLASS, DETAIL_RENDERER_CLASS)
VALUES ('66798578c24342d2849c4d3fe2c51734', 0, 1, '/', 'd51eda86665a44a6ae7b3c5dbc37c0c3', '83', 'custHcl2Ver', 0, 'PathRenderer', 'DetailRenderer');
INSERT INTO CNT_HISTORY_DEF_ITEM
 (ID, REVISION, ENTITY_VERSION, DOMAIN_ID, PARENT_ID, LINE_NO, FIELD_ID, TRACKING_LEVEL, PATH_RENDERER_CLASS, DETAIL_RENDERER_CLASS)
VALUES ('53d81300bff94193a9f4cc5b949c5c97', 0, 1, '/', 'd51eda86665a44a6ae7b3c5dbc37c0c3', '84', 'custHcl2Ref2', 0, 'PathRenderer', 'DetailRenderer');
INSERT INTO CNT_HISTORY_DEF_ITEM
 (ID, REVISION, ENTITY_VERSION, DOMAIN_ID, PARENT_ID, LINE_NO, FIELD_ID, TRACKING_LEVEL, PATH_RENDERER_CLASS, DETAIL_RENDERER_CLASS)
VALUES ('5841b43884cf4630a2cfca59f6379f07', 0, 1, '/', 'd51eda86665a44a6ae7b3c5dbc37c0c3', '85', 'custHcl2FullLineage', 0, 'PathRenderer', 'DetailRenderer');
INSERT INTO CNT_HISTORY_DEF_ITEM
 (ID, REVISION, ENTITY_VERSION, DOMAIN_ID, PARENT_ID, LINE_NO, FIELD_ID, TRACKING_LEVEL, PATH_RENDERER_CLASS, DETAIL_RENDERER_CLASS)
VALUES ('ae418ef187e74529b5baef7261d01cda', 0, 1, '/', 'd51eda86665a44a6ae7b3c5dbc37c0c3', '86', 'custHcl3Ref', 0, 'PathRenderer', 'DetailRenderer');
INSERT INTO CNT_HISTORY_DEF_ITEM
 (ID, REVISION, ENTITY_VERSION, DOMAIN_ID, PARENT_ID, LINE_NO, FIELD_ID, TRACKING_LEVEL, PATH_RENDERER_CLASS, DETAIL_RENDERER_CLASS)
VALUES ('342dc19b90a44fde9b82a91611233068', 0, 1, '/', 'd51eda86665a44a6ae7b3c5dbc37c0c3', '87', 'custHcl3Ver', 0, 'PathRenderer', 'DetailRenderer');
INSERT INTO CNT_HISTORY_DEF_ITEM
 (ID, REVISION, ENTITY_VERSION, DOMAIN_ID, PARENT_ID, LINE_NO, FIELD_ID, TRACKING_LEVEL, PATH_RENDERER_CLASS, DETAIL_RENDERER_CLASS)
VALUES ('0158f303242144928e3796a3d6db84b8', 0, 1, '/', 'd51eda86665a44a6ae7b3c5dbc37c0c3', '88', 'custHcl3Ref2', 0, 'PathRenderer', 'DetailRenderer');
INSERT INTO CNT_HISTORY_DEF_ITEM
 (ID, REVISION, ENTITY_VERSION, DOMAIN_ID, PARENT_ID, LINE_NO, FIELD_ID, TRACKING_LEVEL, PATH_RENDERER_CLASS, DETAIL_RENDERER_CLASS)
VALUES ('4413ab3878fd424a8c8c9bcb0dbb2310', 0, 1, '/', 'd51eda86665a44a6ae7b3c5dbc37c0c3', '89', 'custHcl3FullLineage', 0, 'PathRenderer', 'DetailRenderer');
INSERT INTO CNT_HISTORY_DEF_ITEM
 (ID, REVISION, ENTITY_VERSION, DOMAIN_ID, PARENT_ID, LINE_NO, FIELD_ID, TRACKING_LEVEL, PATH_RENDERER_CLASS, DETAIL_RENDERER_CLASS)
VALUES ('be998ebf457d40faa7fc21cbcb5c1845', 0, 1, '/', 'd51eda86665a44a6ae7b3c5dbc37c0c3', '90', 'custHcl4Ref', 0, 'PathRenderer', 'DetailRenderer');
INSERT INTO CNT_HISTORY_DEF_ITEM
 (ID, REVISION, ENTITY_VERSION, DOMAIN_ID, PARENT_ID, LINE_NO, FIELD_ID, TRACKING_LEVEL, PATH_RENDERER_CLASS, DETAIL_RENDERER_CLASS)
VALUES ('878fe8bbadf14bbb87cb6faf48c94a85', 0, 1, '/', 'd51eda86665a44a6ae7b3c5dbc37c0c3', '91', 'custHcl4Ver', 0, 'PathRenderer', 'DetailRenderer');
INSERT INTO CNT_HISTORY_DEF_ITEM
 (ID, REVISION, ENTITY_VERSION, DOMAIN_ID, PARENT_ID, LINE_NO, FIELD_ID, TRACKING_LEVEL, PATH_RENDERER_CLASS, DETAIL_RENDERER_CLASS)
VALUES ('66e215560a694b1e90e16ad04f1e07f1', 0, 1, '/', 'd51eda86665a44a6ae7b3c5dbc37c0c3', '92', 'custHcl4Ref2', 0, 'PathRenderer', 'DetailRenderer');
INSERT INTO CNT_HISTORY_DEF_ITEM
 (ID, REVISION, ENTITY_VERSION, DOMAIN_ID, PARENT_ID, LINE_NO, FIELD_ID, TRACKING_LEVEL, PATH_RENDERER_CLASS, DETAIL_RENDERER_CLASS)
VALUES ('2796c0424206482296accf940c27c4c5', 0, 1, '/', 'd51eda86665a44a6ae7b3c5dbc37c0c3', '93', 'custHcl4FullLineage', 0, 'PathRenderer', 'DetailRenderer');
INSERT INTO CNT_HISTORY_DEF_ITEM
 (ID, REVISION, ENTITY_VERSION, DOMAIN_ID, PARENT_ID, LINE_NO, FIELD_ID, TRACKING_LEVEL, PATH_RENDERER_CLASS, DETAIL_RENDERER_CLASS)
VALUES ('61d07480679944ce88accbeadb27c028', 0, 1, '/', 'd51eda86665a44a6ae7b3c5dbc37c0c3', '94', 'custHcl5Ref', 0, 'PathRenderer', 'DetailRenderer');
INSERT INTO CNT_HISTORY_DEF_ITEM
 (ID, REVISION, ENTITY_VERSION, DOMAIN_ID, PARENT_ID, LINE_NO, FIELD_ID, TRACKING_LEVEL, PATH_RENDERER_CLASS, DETAIL_RENDERER_CLASS)
VALUES ('fe3f644eeded47fa9874699f40e74a0c', 0, 1, '/', 'd51eda86665a44a6ae7b3c5dbc37c0c3', '95', 'custHcl5Ver', 0, 'PathRenderer', 'DetailRenderer');
INSERT INTO CNT_HISTORY_DEF_ITEM
 (ID, REVISION, ENTITY_VERSION, DOMAIN_ID, PARENT_ID, LINE_NO, FIELD_ID, TRACKING_LEVEL, PATH_RENDERER_CLASS, DETAIL_RENDERER_CLASS)
VALUES ('6c61c68bca8d4ac085183aa7742aa66c', 0, 1, '/', 'd51eda86665a44a6ae7b3c5dbc37c0c3', '96', 'custHcl5Ref2', 0, 'PathRenderer', 'DetailRenderer');
INSERT INTO CNT_HISTORY_DEF_ITEM
 (ID, REVISION, ENTITY_VERSION, DOMAIN_ID, PARENT_ID, LINE_NO, FIELD_ID, TRACKING_LEVEL, PATH_RENDERER_CLASS, DETAIL_RENDERER_CLASS)
VALUES ('a0f0937510cf4114a8b437264858baa9', 0, 1, '/', 'd51eda86665a44a6ae7b3c5dbc37c0c3', '97', 'custHcl5FullLineage', 0, 'PathRenderer', 'DetailRenderer');
